512 472
127 127 125 127 127 127 127 127 127 127 127 127 127 127 127 127 127 127 127 127 127 127 127 127 127 127 127 127 127 127 127 127 127 127 127 127 127 127 13 127 127 127 127 127 127 127 127 127 125 123 119 118 124 123 125 0 0 0 127 0 127 127 0 0 60 125 127 114 127 110 112 127 0 127 127 127 127 127 127 127 127 127 127 127 -128 -128 -54 -53 -6 -4 -128 -128 -128 120 127 119 0 110 125 127 127 127 127 127 127 0 127 127 127 127 127 127 127 127 127 127 127 127 127 127 127 127 127 127 127 119 127 127 112 0 127 124 127 127 127 127 125 119 127 127 127 127 127 127 127 127 127 127 127 127 127 127 127 127 127 127 127 127 127 127 127 127 127 127 127 127 127 127 127 0 125 127 127 127 127 127 127 127 127 127 127 127 127 127 127 127 127 127 127 127 127 127 0 124 127 127 127 127 127 127 127 127 127 127 127 127 127 127 127 127 127 127 127 127 127 127 127 127 127 127 127 127 127 127 127 127 127 127 127 127 127 127 127 127 127 127 127 127 127 127 0 0 0 89 127 127 110 127 127 127 127 127 127 127 127 127 127 127 127 127 127 127 0 127 127 127 127 127 124 107 120 127 127 127 127 127 127 127 127 127 127 127 127 127 127 127 127 127 127 127 127 127 127 0 127 127 127 127 127 127 127 127 127 127 127 127 127 127 127 127 127 127 127 127 127 127 127 127 127 127 127 127 127 127 0 127 127 127 127 127 127 127 127 127 127 127 127 127 127 127 127 127 127 127 127 127 127 127 127 127 127 127 127 127 127 127 127 127 127 127 127 127 127 127 127 127 127 127 127 127 127 127 127 127 127 127 127 127 127 127 127 127 127 127 127 127 127 127 127 127 127 127 127 127 127 127 127 127 127 127 127 127 127 127 127 127 127 127 127 127 127 127 127 127 127 84 0 127 127 125 0 127 127 127 127 127 127 127 127 127 127 127 127 127 127 127 127 127 127 127 127 127 124 125 127 127 127 127 127 127 127 127 127 127 127 127 127 127 127 127 127 127 127 127 127 127 127 123 127 122 127 118 122 125 125 125 127 127 127 127 127 127 117 118 127 113 -128 -128 -128 -1 113 118 119 127 127 122 111 -128 114 119 -1 108 127 127 127 124 123 127 127 113 105 114
87 79 84 99 96 96 95 94 95 95 95 95 97 97 93 95 100 91 100 97 105 102 107 106 110 119 120 117 110 105 102 100 108 104 104 97 97 52 97 99 94 94 91 90 87 87 83 76 73 68 59 60 71 76 70 77 76 82 55 0 0 0 0 0 61 74 76 78 76 0 73 61 64 73 72 73 73 73 73 70 70 71 70 61 60 14 -91 -128 -35 -128 19 76 37 82 60 104 120 71 0 27 81 84 82 73 77 77 78 78 78 78 81 81 82 82 82 81 81 83 83 84 84 81 77 76 70 67 77 65 50 76 83 85 85 84 87 87 82 76 84 88 94 89 94 85 90 94 100 93 94 91 94 85 85 87 82 78 87 91 90 96 88 101 100 99 97 99 100 99 93 85 91 90 96 99 91 95 100 110 104 97 99 101 108 102 104 100 97 95 89 93 88 78 14 77 122 107 108 118 120 113 95 99 94 91 94 97 94 95 99 100 100 101 96 95 89 94 97 91 90 97 95 107 107 113 102 91 107 116 116 122 116 127 127 124 124 123 118 122 119 53 99 124 101 0 24 0 119 125 116 120 107 113 107 104 123 118 120 125 119 118 127 114 118 119 108 114 111 127 112 116 127 106 123 116 120 114 114 124 120 118 123 101 114 116 122 105 95 113 95 112 117 101 91 114 119 119 123 78 107 100 79 87 108 124 81 83 114 119 125 100 108 102 88 106 97 91 99 100 107 101 94 110 94 99 101 111 124 122 127 124 118 94 118 87 84 117 93 104 100 113 105 105 108 104 111 100 82 91 102 102 96 90 118 107 106 0 100 105 99 124 112 114 117 82 105 120 127 104 96 110 89 127 123 117 120 127 118 114 99 94 120 104 120 123 116 101 127 0 100 120 118 125 112 99 112 111 123 118 124 127 113 114 120 118 122 125 118 124 125 107 116 118 0 22 96 105 105 127 122 116 104 104 107 119 124 114 120 116 94 95 100 108 123 113 94 108 114 99 96 101 79 74 76 77 74 90 117 122 122 116 114 123 104 0 95 127 114 104 120 119 82 95 114 104 68 66 68 50 72 59 71 107 59 71 70 100 77 85 90 90 81 82 65 66 100 83 56 8 -128 0 114 127 124 73 94 91 -56 -1 100 93 -92 81 54 76 81 72 72 77 73 49 -25 -1
127 83 72 87 94 90 90 90 93 91 91 89 89 90 85 90 96 93 90 88 93 93 105 106 107 117 118 123 106 105 106 108 105 107 108 104 95 0 108 99 91 93 90 87 83 83 85 78 73 70 61 62 65 67 71 72 62 58 116 70 47 0 37 0 65 66 68 66 68 58 0 82 66 65 59 65 65 65 65 65 62 65 61 60 50 59 84 90 -128 -102 -122 83 70 78 81 68 58 61 66 78 65 0 0 77 88 79 81 72 72 73 73 71 71 72 72 73 73 74 74 76 76 77 70 56 42 50 45 44 0 71 67 74 82 81 78 76 87 0 78 78 83 89 87 90 93 90 88 91 91 88 95 84 87 90 84 76 72 81 81 91 87 89 90 94 91 95 97 95 93 27 101 84 88 93 91 89 96 95 94 89 96 102 105 100 97 100 91 94 83 83 81 79 47 48 84 120 119 127 112 106 14 110 96 94 88 89 85 90 94 94 95 99 91 93 97 97 99 85 90 90 97 97 106 112 107 94 102 116 119 114 120 50 123 123 127 124 120 122 125 117 87 84 127 113 102 88 116 127 110 114 114 113 107 102 113 122 120 125 118 119 117 119 0 127 127 112 85 76 58 54 113 96 122 124 122 123 123 116 123 119 117 106 112 116 123 113 117 117 96 107 116 101 105 0 93 116 108 73 104 83 88 117 102 114 101 110 120 112 107 111 91 81 101 88 88 97 88 101 87 78 101 102 108 116 0 100 124 117 111 110 106 112 120 110 118 94 77 107 101 95 94 89 90 97 90 89 110 99 94 77 107 83 95 96 95 116 90 97 93 108 116 100 94 95 100 112 113 102 105 114 96 116 127 123 112 114 111 108 119 100 112 105 112 99 100 102 117 127 120 104 127 112 112 110 112 127 123 112 120 127 110 120 111 127 124 117 114 108 122 113 0 83 123 113 101 120 117 120 123 127 96 124 118 120 125 127 117 108 108 116 117 127 120 107 111 123 94 97 107 83 74 71 68 70 77 100 120 124 122 113 118 110 97 81 1 116 112 105 107 108 95 87 106 89 72 64 74 60 61 76 77 117 81 58 66 91 76 66 62 55 56 67 49 66 62 78 88 85 77 -119 -111 -78 88 89 79 79 65 -77 -1 -1 -1 4 59 42 66 73 71 67 82 68 54 -18
89 85 82 100 99 96 95 95 94 91 87 91 89 88 97 99 99 99 104 104 102 104 105 108 112 107 116 112 119 116 117 112 110 114 110 102 97 113 112 107 100 94 93 93 94 91 87 81 79 76 73 70 72 68 72 68 65 61 65 0 0 0 0 87 72 68 71 68 65 73 0 62 78 72 60 68 65 64 54 0 66 54 0 0 35 68 62 38 -128 -128 39 77 72 71 68 65 72 72 70 70 73 73 67 68 0 0 77 73 100 81 83 78 77 77 77 78 78 77 77 73 73 74 59 21 0 0 71 58 77 78 77 76 81 79 78 83 77 77 78 87 89 85 91 91 84 90 94 99 90 94 97 91 85 91 82 78 83 95 94 90 95 93 94 91 90 102 85 96 60 89 93 91 96 96 104 95 97 105 97 97 106 114 107 106 106 93 88 85 89 91 72 68 66 76 107 119 113 113 125 124 105 112 106 100 91 94 99 99 100 102 104 99 100 104 99 100 87 93 93 87 87 112 112 111 113 102 99 112 113 120 113 122 124 120 122 119 117 118 110 93 94 7 110 127 127 127 127 127 123 104 99 105 110 108 112 125 123 120 123 116 127 110 122 123 93 113 19 127 123 99 127 127 117 111 118 119 114 127 125 110 105 118 114 120 127 113 101 112 104 90 99 102 110 84 119 113 99 113 99 127 105 105 113 122 117 110 81 93 107 101 110 85 100 99 104 111 95 72 88 108 111 94 95 112 120 111 108 118 124 123 125 127 125 100 125 124 120 127 112 108 114 122 105 111 79 112 79 89 99 88 89 97 113 107 112 90 99 113 119 116 118 93 91 124 101 113 105 127 95 122 119 117 105 127 101 118 107 95 97 91 122 102 104 112 102 114 108 124 122 123 122 112 119 117 123 119 107 117 127 124 127 96 111 104 124 116 0 13 127 108 114 119 118 125 111 119 111 110 116 122 0 116 127 124 125 108 111 122 107 108 102 105 96 99 117 101 94 93 72 74 71 74 77 83 91 89 118 127 113 84 123 105 91 90 118 127 119 127 106 104 93 108 100 66 60 61 91 85 99 79 102 99 73 74 81 87 74 94 95 56 73 74 79 37 60 58 71 71 56 -30 -128 -128 62 127 102 71 48 -27 -128 -1 -20 9 64 61 73 70 71 78 61 64 53 65
127 84 85 90 102 97 96 96 93 91 90 96 101 100 99 101 100 100 100 100 111 101 110 118 108 110 114 114 118 117 113 119 122 120 112 111 111 118 111 107 113 106 101 97 93 89 88 87 85 81 83 77 74 71 67 74 73 68 70 0 12 66 71 73 66 65 67 73 60 83 65 0 78 0 0 0 0 0 0 0 0 0 0 0 6 55 71 77 65 81 73 81 79 67 65 65 68 68 70 70 73 73 73 82 61 93 81 79 79 0 38 88 78 77 77 78 78 74 74 76 73 74 61 0 60 66 82 71 88 71 81 81 82 81 82 84 88 84 89 84 87 78 83 94 88 89 104 97 104 97 97 94 100 94 102 78 79 81 89 99 90 99 94 94 89 94 104 97 89 78 107 104 104 97 112 99 102 105 102 95 105 110 105 105 107 105 94 97 88 93 84 47 82 81 113 100 113 125 123 113 0 107 104 104 100 100 100 90 99 96 97 97 95 100 94 89 99 88 102 105 96 89 97 105 116 113 96 105 108 117 113 0 127 114 120 120 116 125 119 127 124 127 43 127 119 119 120 123 120 113 122 105 124 114 122 113 108 119 122 127 117 114 0 113 127 127 89 -1 74 73 56 120 123 104 113 101 112 124 114 111 107 112 114 123 120 118 99 97 118 96 112 110 99 0 119 94 110 99 105 119 117 97 93 106 88 89 110 85 112 105 118 107 105 83 118 107 96 99 90 107 111 108 125 122 127 111 119 119 122 123 122 120 106 114 110 97 100 106 106 111 101 77 88 89 83 91 94 89 88 100 110 102 112 105 113 91 0 106 108 104 107 100 96 119 96 110 127 124 118 114 106 116 114 123 111 113 112 120 124 127 124 124 114 102 112 111 119 125 0 119 118 119 127 125 114 118 120 113 114 117 127 127 7 0 111 111 108 114 123 102 113 116 108 102 102 100 105 116 105 104 119 112 124 117 124 125 118 120 127 116 118 117 105 120 106 116 97 72 84 79 76 66 83 93 94 99 123 114 113 99 118 117 89 112 108 95 127 117 102 102 102 97 87 91 44 56 114 113 117 96 106 105 88 99 125 91 79 112 66 65 95 82 88 83 64 61 73 73 71 110 117 110 -111 -1 94 114 93 70 77 -11 -128 -1 60 62 59 70 77 70 61 62 45 71
96 91 95 101 97 97 95 94 94 94 95 89 101 101 97 100 104 104 104 104 106 110 112 112 100 112 112 122 105 116 116 113 112 116 114 116 101 117 116 112 102 112 100 94 91 93 93 88 88 87 76 72 67 68 82 65 59 78 -128 48 67 67 83 87 65 67 83 67 67 68 48 71 60 0 0 0 0 22 72 41 47 84 0 0 68 68 68 68 68 68 67 108 68 68 74 68 68 68 68 68 70 72 83 65 58 71 76 76 72 72 68 26 0 88 77 77 88 83 74 79 70 65 48 73 77 85 79 87 84 79 82 91 87 95 91 93 0 84 84 83 94 82 74 78 89 94 96 104 91 111 106 102 95 100 77 76 82 77 81 99 99 93 104 94 102 84 85 97 0 99 82 93 105 107 101 104 108 104 102 105 111 113 118 102 83 88 95 108 78 64 37 113 94 94 97 114 110 120 117 127 108 113 104 99 100 96 104 101 95 99 100 101 96 95 102 90 91 97 104 93 93 91 91 100 77 110 116 116 122 125 127 118 127 124 112 111 127 117 122 119 104 114 0 125 127 124 108 127 114 127 127 127 119 127 127 116 123 122 127 127 127 104 127 112 113 111 106 118 97 118 116 125 119 127 97 122 124 118 127 102 114 111 108 127 111 102 88 89 114 112 106 105 93 113 105 105 127 94 97 101 113 100 106 85 110 81 105 99 122 113 114 110 95 107 110 112 106 91 89 110 114 125 127 113 0 127 127 125 122 127 111 91 99 111 105 116 90 107 85 74 107 79 112 84 88 118 119 119 108 96 94 114 94 107 91 118 127 111 112 113 105 99 99 127 104 127 122 107 111 117 120 122 127 124 117 118 127 123 122 122 122 112 122 97 127 122 113 127 127 120 116 117 127 107 90 113 118 110 120 0 106 113 110 116 117 120 114 105 117 108 112 111 99 112 102 104 105 106 106 108 102 113 116 119 117 125 124 117 90 111 99 94 107 113 108 81 82 90 83 90 83 83 99 81 110 120 127 118 112 114 117 122 78 84 24 127 113 127 124 125 112 70 91 56 64 99 116 113 94 95 84 81 117 110 90 101 119 83 59 117 101 122 94 68 78 47 124 127 113 104 83 91 -128 33 107 110 77 111 67 -128 89 -87 -12 35 52 70 73 67 66 55 42 74
127 97 102 101 99 99 99 99 97 95 88 89 95 96 102 104 106 108 108 111 110 117 106 106 105 112 110 113 110 119 124 112 117 112 114 119 25 119 116 122 114 111 102 94 93 95 84 85 83 82 78 76 73 70 68 68 83 74 74 0 76 0 0 0 35 61 72 95 0 0 0 0 0 0 0 76 64 73 64 73 0 0 0 0 65 64 68 68 68 68 68 67 68 68 77 100 68 68 70 70 71 72 73 72 0 72 78 74 74 74 74 74 64 81 81 36 0 72 74 66 68 65 52 59 78 83 88 88 79 82 88 77 81 83 93 91 100 97 90 96 89 85 79 83 83 94 88 101 106 89 88 107 94 116 96 78 94 85 85 88 82 95 96 100 87 91 95 89 94 99 100 96 91 90 91 93 102 100 106 100 111 116 119 119 104 96 83 95 74 0 25 81 112 99 94 93 127 114 124 117 16 89 99 97 91 97 85 100 100 95 95 97 96 95 95 96 89 96 105 93 106 91 95 114 100 94 108 105 107 118 124 0 118 122 123 124 120 105 127 116 107 119 100 107 106 105 127 114 120 116 112 127 122 123 112 117 113 100 125 107 114 127 0 110 124 122 118 127 124 106 0 127 114 118 127 127 105 124 119 111 108 112 117 118 102 100 104 111 102 112 114 111 116 68 105 88 102 114 111 117 117 88 111 95 101 90 97 112 125 95 97 94 106 113 111 104 95 91 107 116 95 114 112 99 127 119 117 119 104 90 122 119 89 117 111 90 111 81 108 113 90 87 111 107 113 114 117 111 89 108 84 95 114 119 106 97 4 127 91 101 104 127 123 114 127 120 124 112 104 114 119 125 127 107 110 127 124 108 123 125 123 124 124 124 113 99 120 123 124 114 118 127 127 119 111 97 0 99 122 127 102 127 119 124 123 117 112 116 107 106 100 110 104 101 110 108 105 108 113 114 116 43 104 114 113 118 122 117 102 101 124 118 102 87 85 77 90 91 88 102 84 74 104 95 106 127 127 127 93 107 119 112 81 104 110 0 125 114 127 125 127 113 83 89 61 73 124 97 91 89 77 76 110 111 108 112 117 70 65 88 118 84 94 107 67 59 55 68 77 89 0 73 64 -128 108 110 104 89 66 25 -70 -1 -128 44 52 54 67 74 62 65 47 66
96 100 94 97 100 100 104 89 94 94 97 101 97 100 101 104 102 108 108 111 110 110 107 110 104 108 107 116 106 113 117 113 112 117 111 0 127 118 114 107 110 110 101 100 94 90 85 85 85 84 82 77 76 72 67 22 -128 -128 0 0 0 47 72 0 0 66 0 0 0 59 0 49 93 70 65 66 67 70 65 22 0 47 73 66 62 68 68 68 68 68 73 71 68 68 77 71 68 68 71 71 72 74 60 0 76 73 73 73 77 77 83 72 83 81 83 77 91 83 76 20 0 44 0 79 76 85 88 74 81 74 82 84 78 90 85 89 79 94 84 91 97 94 68 94 82 93 91 88 105 104 101 110 110 110 108 113 111 96 101 97 102 96 94 96 99 100 100 94 101 99 94 88 99 99 101 99 105 107 102 117 120 122 117 118 96 76 82 0 48 74 91 110 114 106 84 97 95 116 113 104 60 66 73 78 93 104 95 102 100 104 90 101 91 84 88 101 99 101 89 105 96 88 117 99 87 88 96 91 97 118 125 122 127 122 123 110 112 127 119 124 119 112 56 111 127 120 127 110 127 106 124 116 119 118 119 114 122 123 127 127 125 118 117 101 124 119 118 119 114 24 93 125 95 112 111 118 116 127 127 110 116 120 123 116 113 127 108 117 104 113 95 99 95 78 82 116 108 93 99 102 106 77 87 77 107 127 127 124 127 120 127 94 79 97 91 91 97 127 117 85 123 118 105 104 15 114 97 114 82 107 88 117 106 118 107 99 101 85 87 99 127 120 116 111 104 97 90 82 113 70 99 106 101 114 122 107 96 108 110 125 116 116 127 118 122 122 100 97 117 127 106 114 112 125 122 99 114 118 122 118 119 105 112 124 96 105 118 127 0 100 61 0 101 114 123 124 127 101 127 116 108 122 112 111 113 108 108 107 101 99 104 100 100 108 108 108 111 108 106 107 105 0 118 119 117 119 113 104 91 123 106 108 94 101 90 93 95 112 101 91 89 95 88 106 118 127 108 127 100 123 120 105 87 89 122 0 107 124 119 94 97 73 83 73 60 95 72 64 70 64 99 110 108 125 117 70 67 93 55 58 100 119 127 67 56 76 41 87 64 59 0 50 -106 -117 66 97 88 65 74 29 -84 -1 18 -128 61 55 60 71 59 55 59 72
127 89 85 90 101 94 95 97 99 93 96 102 102 99 96 96 106 108 110 106 108 107 106 105 105 111 105 110 110 114 113 114 113 111 119 73 106 112 111 111 111 108 104 96 96 93 84 83 81 82 84 83 78 74 70 52 -128 -63 -1 -128 55 41 58 60 0 0 0 62 76 65 0 65 74 72 71 68 68 68 68 68 0 72 64 79 68 68 70 70 70 70 68 68 68 68 68 68 70 70 68 68 74 74 74 68 81 76 76 74 74 78 78 79 79 82 82 84 82 78 76 78 78 87 62 0 0 73 78 84 94 83 97 78 82 83 77 79 0 108 91 95 88 95 82 79 88 93 91 96 100 104 110 113 114 110 105 112 107 112 101 105 100 100 99 94 101 96 102 97 0 96 105 102 101 97 102 96 104 110 105 113 116 111 117 54 53 22 67 66 70 84 96 107 118 102 97 107 102 85 91 90 95 97 93 94 90 89 99 104 100 95 90 94 97 99 97 101 104 95 97 99 95 108 100 107 102 101 87 94 111 111 95 0 110 123 117 113 118 116 116 123 119 102 83 93 116 94 -128 -128 125 94 120 118 123 124 114 124 117 123 119 123 114 125 20 118 112 127 106 25 50 79 114 118 114 119 127 106 125 111 111 119 119 120 124 111 117 88 113 90 96 104 85 100 106 106 105 105 108 83 105 102 101 89 74 100 125 125 127 127 122 117 112 83 81 106 81 102 113 100 87 93 113 113 88 116 96 106 93 107 110 118 110 94 101 106 113 100 102 96 85 94 120 114 97 106 84 93 93 90 112 94 111 108 95 106 94 117 96 127 100 120 95 122 124 119 118 110 116 118 113 123 108 114 120 125 111 107 123 119 119 125 127 120 110 120 125 127 119 78 0 118 104 127 118 120 125 123 124 117 119 125 125 114 111 117 107 108 100 107 101 104 105 104 106 104 106 106 110 106 110 111 112 111 120 116 117 122 119 113 116 112 106 112 114 118 114 105 99 118 104 87 89 89 105 106 127 125 120 117 99 108 102 85 91 79 102 84 81 96 125 94 101 101 85 83 70 67 89 71 66 54 83 93 110 113 93 68 83 96 72 59 83 127 105 83 71 114 89 53 49 65 54 97 44 -4 65 77 88 97 101 74 -69 -1 100 -128 25 49 59 56 85 59 55 67
88 97 100 100 100 99 101 101 94 88 95 97 104 105 110 107 116 112 107 110 112 110 108 107 105 101 110 113 107 114 119 114 110 107 112 127 102 110 111 112 113 111 104 100 94 87 90 88 84 85 88 84 81 74 90 0 -128 -1 -17 53 53 111 58 52 0 0 66 93 78 0 0 64 60 71 73 68 68 68 68 73 0 59 65 68 68 67 67 67 67 67 68 68 68 68 68 68 70 70 71 71 74 74 62 73 76 76 77 77 83 83 84 84 84 84 84 83 82 79 79 74 77 76 44 15 95 72 79 0 50 90 81 84 81 78 79 87 84 94 95 99 97 94 76 87 88 89 91 99 104 112 116 116 104 124 119 118 124 118 112 107 107 111 94 102 97 104 110 112 113 102 105 101 108 104 105 114 122 122 118 117 127 107 100 127 111 127 112 116 104 110 94 107 112 112 105 106 87 84 94 0 101 107 102 110 102 93 96 96 94 94 101 97 105 95 106 101 104 104 113 104 93 90 113 102 100 102 94 110 99 97 107 112 118 105 108 127 124 117 122 116 106 0 -128 -128 110 -103 -128 -1 -128 91 118 125 127 122 127 117 101 123 117 122 127 122 125 127 122 94 0 101 82 127 127 117 106 107 113 127 117 120 102 117 118 119 122 96 106 93 83 105 111 108 94 105 124 0 87 116 79 106 94 97 77 99 127 124 124 123 125 118 120 78 83 104 100 104 110 95 79 93 127 107 113 94 71 77 90 108 112 93 97 108 127 108 113 106 97 99 87 83 99 114 110 91 106 82 108 94 91 97 89 89 111 110 93 105 120 93 0 127 127 101 127 127 124 122 111 125 113 119 104 122 125 123 95 113 125 127 117 117 125 120 97 104 127 38 0 111 118 110 111 127 114 118 124 110 127 114 107 119 127 127 123 117 114 114 104 101 100 101 104 106 105 105 105 102 102 107 107 111 112 112 114 127 116 119 122 124 124 118 116 116 119 125 117 125 127 114 122 125 101 100 100 105 110 104 104 123 120 95 108 105 93 120 105 111 110 83 127 123 116 110 124 95 84 71 71 64 83 58 61 87 105 120 77 55 66 91 93 89 81 100 88 84 70 84 112 102 66 62 59 84 88 50 -128 0 -75 74 73 70 58 -58 -1 104 -1 -1 -128 45 58 73 74 68 67 100
127 83 85 96 102 99 100 101 100 90 94 99 107 108 106 112 105 111 111 106 112 107 104 100 104 102 97 104 107 113 107 111 110 111 124 113 110 104 111 116 112 106 101 97 94 94 95 89 87 90 90 88 84 79 74 66 65 47 -8 -12 62 66 53 67 68 71 74 70 67 15 72 15 59 71 60 68 68 68 68 68 67 0 0 67 65 65 68 68 68 68 68 68 73 73 73 73 73 73 74 74 76 76 76 0 82 82 82 83 83 84 85 83 81 90 89 82 87 76 78 66 50 -128 -31 -117 82 96 82 101 96 97 96 90 0 0 88 83 60 73 97 88 95 89 91 85 78 84 90 83 91 110 108 113 112 120 127 110 127 127 127 123 112 116 111 101 114 110 102 97 0 105 104 106 113 124 114 105 117 111 110 122 112 127 116 0 82 112 108 114 113 105 106 112 105 112 100 102 112 96 99 100 93 108 110 99 102 95 102 101 97 108 106 99 117 111 110 110 108 108 107 95 90 105 96 104 108 102 101 94 100 101 97 0 110 101 117 124 127 123 110 101 114 91 -128 -128 -128 -9 -64 -124 -6 -128 32 127 118 113 127 120 116 117 127 119 119 123 26 125 122 95 113 99 94 124 117 93 127 122 125 94 124 117 117 120 112 116 124 119 112 111 104 90 102 107 112 118 120 95 97 89 120 105 97 83 94 116 122 123 124 127 127 113 107 104 112 114 97 99 94 94 90 122 107 102 106 82 99 79 93 0 101 111 114 106 122 108 102 114 88 89 88 114 110 112 108 87 102 101 110 119 106 106 119 114 114 101 88 110 123 105 125 91 119 117 113 108 107 112 118 105 127 105 123 118 117 114 89 107 127 102 127 127 106 0 0 127 127 113 119 108 123 106 116 0 118 119 116 124 124 108 127 127 123 118 117 123 117 119 112 107 101 101 99 106 107 106 107 107 111 106 110 108 114 119 123 119 13 120 125 127 127 125 125 127 124 124 122 119 102 99 107 110 119 113 113 113 123 122 119 106 100 117 113 93 114 101 85 120 107 101 100 127 102 116 120 101 93 83 97 65 60 53 64 84 111 127 76 79 88 119 116 91 82 89 85 76 93 118 105 97 77 62 54 56 61 67 49 -128 0 -83 -56 70 52 39 -1 -1 -1 -1 101 73 24 2 62 105 90 66
85 93 94 94 102 101 100 90 93 95 97 104 107 111 112 108 102 105 110 106 105 105 102 105 102 102 107 106 108 108 108 108 108 104 59 107 106 113 112 106 105 106 100 99 95 93 93 94 93 91 88 83 82 74 76 58 38 -128 -106 54 79 70 72 72 71 74 65 68 68 66 71 37 64 68 65 68 68 68 68 60 66 0 0 67 67 68 68 68 68 68 68 68 73 73 73 73 73 73 74 74 77 77 87 83 83 83 81 81 83 81 82 83 74 87 94 87 83 100 0 -128 -128 -11 -47 -121 74 91 100 91 94 72 94 89 87 99 85 0 0 67 74 84 90 87 84 88 77 84 78 88 100 106 105 119 122 127 127 124 116 102 111 119 125 110 107 118 117 101 107 117 102 97 95 113 127 117 100 97 108 95 104 119 116 119 112 26 114 110 107 119 119 118 111 111 112 114 107 104 107 102 106 0 107 102 106 108 100 99 102 97 102 104 116 113 111 112 110 96 94 100 95 97 101 106 114 106 108 111 93 95 91 105 119 108 102 117 119 117 122 124 106 118 94 -128 -128 -12 -128 -128 -128 -1 -128 -128 112 127 117 118 111 119 112 122 120 127 123 120 118 100 111 113 127 0 90 116 120 110 120 113 114 125 127 123 105 114 123 125 119 112 127 99 104 112 102 78 101 94 101 0 90 127 93 102 95 118 122 124 124 127 127 105 100 87 112 100 113 101 102 105 87 104 125 89 96 113 105 82 88 85 117 91 122 107 101 111 127 106 125 99 85 110 124 113 113 116 107 96 113 112 87 99 116 111 110 117 97 116 119 93 107 127 96 127 107 102 95 117 119 110 100 114 117 90 111 124 112 116 90 127 37 0 81 104 105 112 112 117 100 106 111 127 123 127 120 105 127 125 123 127 111 127 118 127 127 127 127 118 117 124 107 101 104 102 102 100 106 110 110 111 112 111 116 117 123 127 123 127 33 111 114 114 99 112 118 102 104 105 120 93 108 127 117 123 117 120 118 114 123 122 102 100 114 102 123 90 97 107 117 117 116 95 0 124 114 123 105 99 93 89 62 62 56 64 77 116 97 76 91 101 104 85 93 85 111 76 89 116 120 116 111 101 76 44 64 60 64 0 83 -128 -128 113 48 -11 0 -20 -1 -1 -1 -1 -1 -1 -7 0 72 74 66 67
127 81 87 94 102 99 95 100 99 89 97 105 113 110 107 104 101 105 110 105 105 105 100 99 100 104 100 96 108 105 105 101 104 108 0 107 106 106 110 113 107 101 106 97 101 97 95 95 95 94 93 91 87 81 71 66 58 43 -105 53 62 76 67 71 68 72 71 72 66 78 74 49 0 65 72 68 68 68 68 68 66 90 0 0 68 68 68 68 68 68 68 68 73 73 73 73 73 73 74 74 78 78 78 71 73 78 78 82 82 82 85 84 87 95 95 94 62 89 -128 -1 -93 -27 -28 64 -128 95 99 87 83 84 110 102 88 96 87 82 96 77 83 73 0 0 85 83 81 79 78 82 91 89 110 118 114 119 89 116 119 119 127 122 117 114 110 113 119 110 120 108 100 107 110 114 120 111 111 105 105 110 99 112 113 107 124 119 91 120 101 108 120 113 122 117 111 120 113 112 116 112 100 97 105 112 107 102 96 94 111 100 110 108 113 111 114 108 112 102 100 104 106 100 112 110 97 107 108 111 106 113 101 105 110 33 105 94 110 120 114 127 -81 15 26 -63 -128 -128 -72 105 -1 -128 108 106 0 118 119 119 124 120 124 110 125 123 120 116 41 116 120 111 127 79 107 117 114 110 106 107 114 119 120 108 122 113 114 118 123 125 91 117 110 88 107 81 112 107 123 95 101 127 127 119 127 127 125 127 125 127 127 99 106 105 93 89 79 107 85 87 110 118 107 79 82 99 87 77 74 84 105 0 97 95 105 111 110 125 124 87 104 84 114 123 113 102 91 102 96 96 88 127 120 110 116 100 93 116 110 91 116 127 96 0 127 108 116 123 106 108 116 123 123 108 101 123 99 0 32 125 124 124 114 127 127 95 127 120 104 122 108 122 106 111 116 123 127 127 124 123 125 124 127 124 118 127 105 118 123 122 111 123 105 104 102 104 106 108 111 114 113 114 117 118 127 117 111 101 127 90 96 110 100 124 111 106 122 96 112 118 119 127 110 94 99 116 118 118 127 117 104 118 99 99 116 106 105 111 116 88 93 99 93 36 89 85 119 95 105 88 110 61 61 59 66 101 119 71 89 99 127 81 106 85 113 97 91 108 122 99 120 127 90 67 53 61 59 74 0 -128 -128 97 14 -128 26 -1 -1 -1 -1 -1 -1 -1 101 -1 0 78 71 50
83 84 91 101 102 97 101 100 89 91 93 101 106 104 94 93 96 96 95 99 101 104 101 97 104 106 101 104 107 107 105 111 116 42 105 101 110 112 110 102 104 105 101 100 101 99 97 95 94 94 94 89 88 81 71 60 71 78 50 65 78 73 68 68 68 68 68 70 0 73 66 54 59 76 65 68 68 68 68 68 67 64 67 0 65 68 67 68 68 68 70 70 73 73 73 73 73 73 76 76 78 74 0 67 81 83 83 84 88 88 89 90 106 66 38 54 -128 -128 -14 74 62 81 102 81 73 87 81 83 83 95 110 110 91 85 89 76 87 87 87 87 85 82 91 72 73 0 0 70 94 85 99 114 125 127 127 118 125 112 120 127 105 111 104 104 125 112 113 0 114 123 124 113 113 119 113 107 104 99 108 123 114 73 67 72 108 100 97 127 127 118 127 118 122 114 118 111 108 107 107 77 101 108 104 108 87 111 112 117 112 111 114 117 108 100 89 110 119 111 104 102 116 105 97 110 110 96 97 97 105 91 99 113 116 116 118 123 111 127 102 -128 -128 -128 -1 0 116 127 125 127 105 -128 81 123 119 124 119 119 114 125 108 122 124 127 120 124 97 118 127 59 104 117 112 97 114 111 114 123 112 118 114 107 119 118 125 125 94 104 102 88 104 118 88 78 104 0 127 119 122 113 95 94 102 127 127 114 77 108 113 93 105 102 105 89 111 127 104 82 74 104 84 72 77 87 105 99 91 90 94 97 122 114 93 124 104 104 105 124 110 112 94 85 95 107 105 101 120 111 122 87 107 107 96 106 107 122 117 95 122 124 106 127 120 118 120 114 66 0 53 111 127 127 111 127 104 123 114 117 120 108 104 97 127 114 106 124 120 111 114 99 127 0 95 101 119 96 118 127 119 124 120 116 127 112 114 112 113 112 124 110 104 111 113 113 117 118 118 118 108 125 120 116 90 119 119 106 105 120 111 102 91 122 104 114 112 112 102 123 108 104 125 117 120 127 104 113 102 102 120 102 127 106 125 116 106 87 95 97 111 91 116 124 96 99 100 114 60 64 58 66 76 73 61 76 91 122 111 105 110 114 118 91 120 100 120 127 106 82 66 56 66 68 68 127 -128 -128 -1 -125 -128 94 -102 -1 -1 -1 -1 -1 -1 -1 -1 87 43 96 61 74
127 88 82 89 97 102 100 96 93 91 100 102 108 100 93 100 99 96 95 97 99 97 97 102 99 94 99 105 107 107 105 104 96 108 97 106 110 112 108 112 106 104 101 104 100 99 100 97 94 94 88 88 88 83 76 67 54 56 54 60 68 71 64 65 65 67 67 79 14 78 62 77 0 60 85 68 68 68 68 68 68 64 68 70 0 65 68 65 68 68 70 70 73 73 73 73 74 74 74 74 76 70 4 74 79 84 85 87 88 88 85 83 83 -49 -128 -128 -128 112 77 97 74 102 82 78 84 84 81 88 85 89 104 111 112 110 102 0 85 87 93 88 84 91 83 89 88 83 76 90 105 100 0 0 67 104 127 127 125 125 117 117 107 119 106 127 122 106 116 118 127 120 124 108 117 119 113 102 107 107 97 113 122 120 -128 -40 110 127 110 110 119 123 124 119 123 124 123 119 114 114 102 102 99 105 93 93 96 114 116 107 112 112 107 118 114 108 107 113 94 113 116 106 107 114 104 105 110 111 107 104 97 107 108 100 113 111 119 124 119 119 117 127 85 -128 -13 -128 108 110 127 120 119 124 -128 106 127 116 119 120 111 127 120 124 118 117 60 114 110 113 104 66 93 117 122 104 117 113 99 123 112 120 111 114 119 120 118 106 116 110 76 104 99 120 93 -128 -128 -83 125 117 104 79 105 94 90 91 119 97 91 111 110 96 105 89 100 112 122 119 91 85 96 100 87 107 90 101 114 91 107 77 100 110 114 116 101 114 112 112 105 105 111 99 107 113 97 93 107 124 119 102 114 101 91 105 99 100 107 127 110 108 116 114 104 106 56 0 31 118 120 127 104 113 127 124 113 124 124 124 124 107 113 102 89 106 106 127 100 108 125 101 107 120 114 116 93 90 104 93 110 107 112 120 102 111 104 116 125 114 110 123 119 118 108 117 120 116 111 127 123 119 110 122 127 106 101 106 99 0 119 102 118 111 107 107 113 120 122 118 116 127 124 111 118 120 124 118 112 96 116 125 111 111 124 127 116 99 112 112 106 79 113 117 84 99 119 106 110 102 62 68 61 62 58 55 53 79 82 117 95 89 119 113 117 83 124 99 112 123 91 81 73 59 59 55 67 70 -87 0 -128 0 83 84 78 -128 -1 -1 -1 -1 -1 -1 -1 -1 101 0 79 68
87 99 94 95 101 97 90 93 95 102 101 90 101 97 93 100 96 96 96 96 95 97 99 96 95 96 96 101 100 102 100 107 113 102 106 108 110 108 108 108 104 106 100 105 102 102 102 97 94 89 89 85 85 78 76 70 66 62 59 59 62 62 59 59 65 67 68 61 70 68 68 61 32 41 62 64 64 67 71 68 68 68 68 54 0 79 79 68 68 68 70 70 73 73 74 76 74 76 77 77 85 79 79 85 87 88 90 89 87 82 102 81 -35 -44 68 85 87 89 88 95 94 95 87 87 88 91 93 100 104 102 112 118 116 125 127 101 89 95 91 89 87 84 88 82 84 87 78 79 77 74 84 102 110 111 0 0 81 110 117 127 117 117 107 116 114 119 119 95 120 111 106 118 114 116 96 107 89 110 120 88 99 -128 -128 -128 110 125 117 112 120 107 123 122 125 119 125 119 111 106 114 102 102 101 102 106 107 112 113 119 116 113 127 116 116 118 127 113 111 102 112 116 113 107 97 111 102 114 114 100 108 106 102 106 107 122 116 112 122 108 127 120 99 83 -128 108 112 117 127 124 127 113 -128 111 117 113 127 125 125 125 127 122 116 124 127 125 117 108 127 107 125 123 124 105 113 116 119 114 116 122 124 127 114 112 108 122 125 112 102 77 119 107 -9 -1 -9 -128 105 105 95 94 90 110 97 87 74 111 104 113 124 117 107 112 91 114 110 84 71 96 108 91 111 110 117 73 114 95 90 16 119 110 101 93 102 119 119 125 124 127 106 107 116 112 127 127 116 104 91 119 119 116 113 120 101 119 110 106 110 56 0 0 94 127 124 107 123 122 113 101 123 127 124 118 122 124 122 110 116 100 107 110 119 111 123 122 120 120 91 119 117 105 127 117 99 118 102 96 107 120 117 120 119 106 117 118 120 107 96 123 111 110 127 127 122 125 127 127 99 108 114 127 124 119 106 110 127 97 100 112 120 116 108 116 120 122 119 116 127 124 108 127 125 112 116 104 117 110 127 120 127 112 112 119 104 116 100 114 100 107 100 26 120 117 118 116 117 79 67 60 59 60 58 61 66 88 127 102 96 124 96 100 83 110 88 108 120 84 77 81 70 38 64 54 107 -128 -116 47 0 100 76 50 -101 -36 -1 -1 -1 -1 -1 -1 -1 -1 -1 50 107 68
127 90 91 93 100 101 96 91 95 90 93 93 94 91 95 100 99 100 100 99 100 99 100 102 101 99 99 99 95 96 99 102 90 76 102 106 106 105 104 107 107 106 105 110 104 102 106 99 95 90 89 88 85 82 74 72 67 65 64 64 66 68 88 60 65 67 68 64 71 68 68 82 73 0 68 72 72 72 68 67 68 68 68 68 77 0 21 81 68 68 70 70 73 73 73 74 78 79 82 82 79 95 94 88 85 82 81 83 83 93 0 -128 -128 65 62 95 90 83 89 90 99 96 97 93 95 89 100 95 85 93 93 104 96 100 110 112 106 88 85 85 89 76 83 94 90 84 91 88 79 88 95 88 93 111 117 125 104 122 120 118 101 0 0 61 120 119 116 0 100 105 106 108 105 111 104 119 119 124 117 106 -28 -31 -1 -107 -128 120 105 127 112 127 123 119 116 111 120 118 112 113 120 0 106 104 104 105 97 94 101 111 113 114 119 122 120 116 119 116 112 107 110 123 119 114 105 101 112 118 112 108 111 122 111 114 123 120 120 114 110 118 127 118 117 122 -128 -128 -128 127 117 120 123 116 124 -128 127 127 112 118 125 119 116 114 107 127 74 110 118 95 87 97 125 112 122 112 113 106 108 119 114 119 119 125 127 120 114 127 120 102 111 102 64 -128 -1 100 -1 -128 107 120 91 97 90 89 67 107 106 114 90 105 120 76 116 95 88 107 108 66 90 105 102 110 113 110 110 81 104 96 99 97 101 125 102 114 118 102 105 112 102 118 122 105 119 127 114 94 106 96 116 96 112 112 119 35 0 36 125 120 94 120 97 116 95 116 114 123 125 123 117 120 124 120 120 112 116 124 110 116 91 105 107 93 111 120 117 104 114 112 114 114 94 104 112 117 45 105 113 110 118 113 95 113 116 127 100 123 114 108 120 127 127 127 122 105 118 114 105 117 110 110 102 116 112 122 119 117 112 124 127 118 116 118 120 119 110 120 116 117 123 125 114 123 111 114 124 108 110 113 127 119 114 127 127 117 124 104 117 110 116 97 106 112 0 100 100 104 105 83 79 66 59 61 59 56 58 76 90 81 79 102 102 85 93 112 96 125 108 112 119 94 88 61 62 49 -128 -128 50 93 70 71 83 78 70 84 -1 -1 -1 -1 -1 -1 -1 -1 -1 -128 116 77
90 95 94 96 101 100 88 99 96 97 100 99 95 95 95 95 100 97 107 105 102 101 105 101 97 100 100 100 100 100 100 110 0 104 106 105 100 107 110 107 108 114 110 101 105 105 105 99 96 88 89 88 85 79 84 78 73 67 64 66 67 67 61 62 65 67 71 0 70 68 68 67 59 0 52 67 85 73 65 68 68 68 68 55 77 0 53 76 70 64 68 68 73 73 73 73 82 84 82 77 66 0 73 74 82 83 84 82 93 -100 -128 62 83 90 105 102 97 95 90 101 89 90 100 99 95 102 96 91 91 88 95 96 99 89 0 107 113 106 102 96 91 84 85 84 96 97 110 112 99 113 91 101 108 108 113 100 120 127 125 114 110 113 125 119 124 114 0 0 88 106 123 122 127 83 -101 -12 -128 -121 -69 -128 -94 101 127 94 127 113 114 120 125 114 127 127 111 127 113 125 118 110 108 112 111 90 117 114 102 102 101 110 112 117 122 123 117 123 120 111 127 123 102 127 102 116 102 106 110 112 102 114 118 105 20 118 124 122 122 120 123 127 108 127 125 111 -128 -9 -128 -128 122 116 113 118 -97 106 95 127 114 108 127 120 113 127 122 119 102 100 119 89 90 127 127 99 110 116 123 117 112 122 102 123 111 125 127 123 122 113 119 106 88 119 -108 -1 93 -1 -1 85 65 106 101 96 77 112 106 96 70 90 111 93 106 108 112 90 85 97 96 100 105 118 100 113 114 106 87 82 119 81 112 0 107 106 111 89 112 124 122 104 124 122 104 117 119 120 100 119 119 68 0 0 90 94 89 113 116 81 123 102 125 116 123 79 112 114 108 114 108 125 127 119 113 119 122 112 122 125 104 123 104 116 120 96 127 101 117 104 117 122 108 102 99 118 120 125 41 90 124 116 106 113 116 124 123 111 122 127 127 116 112 111 106 95 125 127 124 123 125 111 120 106 110 104 116 113 124 127 114 50 102 113 100 108 112 114 117 114 122 117 113 123 116 107 107 118 101 124 105 106 119 120 110 120 116 114 104 114 101 111 120 110 91 122 95 122 110 89 88 85 65 65 70 53 59 61 56 95 70 82 96 82 107 97 104 124 114 119 106 127 79 62 62 31 62 29 -39 70 93 71 58 70 60 47 0 -17 -1 -1 -1 -1 -1 -1 -1 -1 -1 10 123 85
127 97 90 83 88 94 104 104 102 99 99 100 97 96 96 95 96 94 100 97 101 104 101 97 100 100 100 100 100 100 100 100 89 89 104 102 106 110 111 112 112 112 113 111 104 104 112 102 97 96 96 89 81 79 78 81 74 73 71 71 68 68 68 61 65 66 71 42 83 68 68 64 62 56 0 30 62 61 71 64 68 68 68 68 61 78 0 84 77 71 68 68 73 73 73 73 74 72 71 73 73 0 83 79 81 84 87 85 84 60 -128 83 89 104 104 97 94 95 90 93 91 99 87 94 94 96 91 97 101 100 87 91 101 104 118 94 119 108 100 91 94 94 88 87 89 90 96 104 88 82 78 95 100 113 123 105 113 114 112 119 101 119 100 112 105 122 111 0 107 111 124 74 0 0 -128 -128 -128 -79 -53 -67 113 127 101 87 127 118 120 108 127 119 122 123 123 116 122 124 122 114 112 0 100 111 104 112 94 106 105 107 120 118 117 118 116 125 119 114 125 102 118 116 119 113 106 111 114 108 112 111 102 111 108 116 124 120 119 120 112 117 119 114 127 78 106 -9 -128 -64 106 119 127 118 113 -128 127 93 127 118 111 127 112 127 117 123 84 107 113 110 58 120 97 110 97 122 119 97 88 124 117 116 123 119 122 127 127 106 112 110 101 107 100 -3 -1 87 -1 -125 61 104 89 90 104 99 78 108 94 91 111 94 116 102 93 88 112 110 113 81 88 110 104 111 114 106 110 104 99 113 116 91 74 88 85 124 112 124 100 118 107 116 105 122 43 0 0 112 114 118 116 105 99 93 107 110 110 93 111 119 124 118 113 112 77 108 116 113 113 122 127 125 125 116 116 117 111 107 117 110 112 107 105 107 112 110 118 116 112 114 112 106 127 127 110 114 113 123 105 108 105 116 117 119 116 127 112 122 127 127 108 105 108 113 113 107 127 127 113 110 107 107 100 110 112 113 116 114 101 116 0 111 99 110 106 119 120 118 118 112 117 118 114 113 110 127 111 112 113 127 112 114 122 119 102 118 118 102 112 101 107 107 78 99 77 76 114 107 102 113 76 77 62 60 64 56 62 73 65 74 91 87 76 95 108 117 127 100 124 117 101 76 91 59 77 67 -128 72 74 64 0 81 85 79 78 -128 -1 -1 -1 -1 -1 -1 -1 -1 -1 -31 88 93
85 85 85 94 97 97 104 99 100 96 100 99 97 97 97 95 96 90 100 96 95 99 102 101 97 100 100 100 100 100 100 0 94 102 100 105 110 112 114 112 113 107 110 101 101 106 110 104 96 88 89 88 85 79 84 83 82 77 74 68 71 71 61 62 65 70 73 64 62 68 68 73 82 78 55 1 54 73 65 68 68 68 68 67 64 73 0 67 70 71 68 68 73 73 73 73 74 77 76 74 68 77 78 79 87 89 88 88 68 64 25 61 102 89 90 88 90 93 88 88 89 89 89 84 85 88 85 94 99 89 97 106 102 105 112 110 114 107 96 97 85 91 89 83 93 91 100 94 88 101 82 94 99 119 97 123 113 127 114 84 105 117 101 127 124 110 125 127 110 125 119 122 -82 -23 125 127 104 99 96 12 0 0 68 114 112 125 127 119 123 127 118 127 118 108 102 123 113 105 113 112 112 100 105 111 111 106 116 111 124 118 127 114 125 127 127 122 114 124 120 127 127 123 105 113 116 108 107 111 111 127 0 124 127 123 116 117 114 112 111 127 123 -128 -128 111 64 -1 116 113 125 119 -1 96 127 127 114 119 122 114 116 111 116 119 110 93 108 0 117 112 119 102 90 119 99 96 96 122 97 105 127 112 127 127 124 120 119 114 124 90 -1 -1 104 -1 -103 112 93 111 87 108 97 90 108 102 77 111 94 104 94 76 108 77 91 100 90 112 111 106 119 104 105 97 91 79 117 94 104 127 116 84 95 36 0 0 49 99 116 120 99 120 112 116 120 116 117 113 112 104 104 93 116 101 96 101 94 117 97 122 119 116 101 118 127 125 116 127 116 101 104 124 90 97 97 111 93 107 96 120 122 101 117 114 127 118 116 123 125 117 125 107 113 123 89 110 117 120 117 118 101 105 113 108 104 117 96 102 94 85 95 85 117 114 118 122 114 117 118 99 108 99 106 111 118 119 100 108 0 97 102 106 110 114 104 114 125 111 127 116 118 118 127 123 125 119 113 124 118 122 108 116 112 104 111 114 100 102 110 118 100 112 97 99 106 108 119 116 74 67 67 64 56 58 102 70 60 70 76 87 73 102 111 104 127 123 91 105 79 89 71 0 -128 -128 118 99 72 76 0 95 76 101 65 -128 -1 -1 -1 -1 -1 -1 -1 -1 118 0 116 116
127 84 90 91 90 101 105 99 99 101 100 99 97 97 99 97 99 99 97 99 99 100 104 105 102 101 101 101 101 101 88 119 111 116 101 104 107 107 110 107 106 105 110 106 102 100 102 101 100 96 87 85 83 83 85 84 81 81 72 68 59 60 71 68 68 81 71 52 59 71 70 65 68 70 70 87 0 59 81 59 68 68 68 68 71 68 62 0 65 65 67 73 73 73 73 74 73 78 79 78 77 79 78 84 88 90 88 88 89 89 70 42 0 0 58 83 84 82 84 84 87 85 87 83 85 85 85 90 94 95 95 95 89 102 0 105 107 110 111 105 101 96 87 82 83 91 83 88 96 95 94 87 106 112 127 100 125 116 96 114 110 104 108 113 117 118 104 116 107 116 106 116 71 -128 127 111 116 127 120 123 124 127 102 127 112 113 60 0 0 54 104 120 122 125 124 124 127 120 116 82 112 116 117 111 119 120 127 119 120 124 110 127 127 127 110 120 116 117 127 118 124 117 105 105 124 125 118 113 108 116 118 118 107 123 122 117 112 120 116 119 127 111 95 127 116 -128 110 107 123 112 118 -27 106 110 122 112 106 116 108 118 117 106 102 122 113 21 102 122 110 116 118 118 117 118 96 114 110 99 123 114 118 127 119 127 117 111 106 97 101 -75 -1 -1 -1 7 0 125 102 95 100 84 83 87 111 95 110 110 88 97 122 101 85 99 119 111 113 111 94 104 89 88 79 94 74 14 0 0 0 106 117 111 105 119 96 113 120 108 111 105 120 116 116 114 118 114 117 113 93 93 96 100 122 122 112 119 114 119 113 102 0 114 123 125 125 111 125 118 112 110 108 117 105 81 95 108 116 122 108 112 105 122 110 111 108 123 118 119 124 120 125 124 113 0 104 110 113 106 110 114 102 102 93 104 99 94 91 89 99 105 102 106 112 120 105 95 96 96 102 105 106 110 101 106 105 108 101 95 101 104 97 100 97 120 117 117 107 113 114 116 118 106 127 104 120 108 120 93 93 90 100 100 87 101 111 104 73 79 82 91 107 0 127 127 120 112 116 88 66 70 76 77 112 74 60 64 66 90 68 91 89 81 123 118 102 104 76 102 67 -128 -40 38 65 93 105 117 127 33 101 95 83 -86 -1 -1 -1 -1 -1 -1 -1 -1 -1 -1 0 107
81 83 82 82 94 96 100 102 104 101 101 99 99 100 99 97 100 100 99 101 101 102 106 108 105 106 106 105 105 113 107 118 124 107 104 101 101 104 105 107 113 112 110 106 102 101 101 105 96 90 90 89 88 89 89 84 83 79 73 66 61 70 68 68 68 78 0 66 64 70 68 65 71 70 70 72 0 54 70 68 68 68 68 72 68 73 56 0 72 60 66 76 74 74 76 77 73 78 82 88 0 91 93 90 87 83 83 81 81 74 66 61 54 0 44 76 95 81 82 83 84 85 84 85 82 90 91 88 85 87 93 90 94 88 104 104 112 111 112 105 93 89 94 99 87 91 100 100 106 99 87 104 112 104 127 127 110 108 94 87 99 108 116 124 117 113 0 111 104 111 112 100 -128 100 127 125 104 117 116 120 108 118 120 95 114 110 122 123 127 127 117 127 108 4 0 0 8 124 100 97 127 113 120 114 120 123 119 112 127 127 127 113 113 127 111 127 116 123 102 120 127 119 124 119 118 120 107 127 118 123 0 122 118 118 113 117 122 118 125 127 124 127 117 119 106 -128 101 104 120 127 119 -128 127 122 114 125 108 112 119 118 122 124 106 117 71 87 122 117 111 99 94 111 107 96 120 125 117 97 124 118 127 124 123 117 119 93 95 127 -51 -1 -1 -1 -128 108 110 99 84 97 96 90 84 93 94 114 93 81 82 90 114 99 113 106 90 97 67 0 0 0 0 85 111 87 88 110 120 95 111 118 120 111 108 113 118 125 116 119 107 119 124 117 120 119 127 111 110 100 90 112 100 120 114 102 120 127 117 108 95 118 111 116 119 108 117 123 96 108 108 112 97 90 112 84 93 95 117 127 120 113 127 113 114 112 120 120 108 102 107 112 117 120 112 102 110 106 99 112 99 112 106 101 104 97 99 90 90 97 102 102 105 99 97 97 94 94 97 105 100 107 107 100 102 100 100 94 102 105 97 95 96 112 102 113 105 112 111 119 113 112 124 116 122 125 118 127 90 95 108 101 101 107 101 102 112 84 107 106 108 105 91 93 105 101 119 104 107 70 70 84 77 66 65 65 60 68 89 64 83 90 105 120 127 108 102 91 111 77 -28 0 52 100 101 107 114 124 113 120 105 116 56 -1 -1 -1 -1 -1 -1 -1 -1 -1 87 113 0 110
127 85 83 85 89 91 95 97 99 107 102 105 104 102 101 99 101 100 100 102 105 107 108 110 108 107 108 108 107 106 105 101 105 111 112 111 105 107 110 108 112 112 107 102 101 99 94 95 94 96 93 95 96 94 97 93 83 83 78 74 68 70 74 70 68 58 0 70 70 71 71 71 72 70 70 73 62 49 59 70 68 68 70 70 72 67 67 0 45 78 83 76 73 73 72 72 78 99 82 68 67 83 87 81 81 77 77 79 78 74 74 76 77 78 65 62 64 77 79 79 79 81 79 82 79 81 76 78 78 78 74 82 87 93 74 102 95 101 101 108 111 101 95 105 100 102 102 102 102 94 68 93 90 94 127 119 108 117 101 105 102 116 111 127 124 120 105 120 125 122 118 106 21 -56 127 124 123 113 127 127 127 116 127 117 114 119 113 114 111 124 112 112 119 123 122 108 117 97 122 111 99 117 127 118 125 7 0 0 0 20 106 125 127 108 118 114 120 127 122 127 124 127 119 118 122 112 108 123 119 125 127 125 125 123 117 127 113 116 111 127 127 123 127 125 122 -128 114 127 119 114 118 123 85 122 95 124 116 127 122 110 107 102 105 84 0 110 127 117 116 97 99 124 93 99 108 97 117 120 122 108 127 114 124 127 123 108 105 79 39 -1 -1 -1 -1 82 0 97 101 111 90 99 116 99 105 4 0 0 0 1 72 94 122 114 95 96 101 107 106 88 101 97 114 94 85 107 90 90 0 101 117 124 107 96 118 119 117 114 117 120 118 119 122 114 97 112 94 110 96 120 113 101 111 111 117 120 113 93 96 120 127 124 101 110 116 120 106 111 105 113 107 104 120 119 95 107 105 117 117 117 119 116 114 119 114 112 122 114 122 114 112 118 120 104 123 113 111 116 107 105 105 99 104 106 99 93 83 90 104 105 102 99 99 101 99 101 102 106 108 108 110 101 108 102 101 104 99 0 101 96 100 104 105 104 97 106 106 105 124 118 118 123 125 122 123 118 96 106 113 117 118 117 114 112 99 93 113 97 106 99 110 71 87 127 105 101 90 102 68 72 73 66 67 62 62 62 78 65 73 77 96 127 116 116 124 89 113 64 -128 0 67 101 127 118 118 119 100 117 82 108 119 -116 -1 -1 -1 -1 -1 -1 -1 -1 -1 83 -1 0
85 89 82 88 100 97 100 102 105 108 107 106 107 101 102 100 101 101 101 102 107 111 111 108 107 110 107 104 101 117 0 104 101 106 112 108 110 113 114 117 114 111 104 104 101 102 102 99 93 94 99 101 97 100 99 95 89 84 81 74 72 76 71 70 68 76 71 70 70 68 68 68 70 70 70 77 67 0 68 68 68 68 68 73 70 73 71 0 64 67 70 72 73 73 72 72 39 61 58 82 68 83 73 73 74 74 71 71 73 73 72 74 81 74 70 55 48 76 78 77 77 79 78 76 71 76 82 85 88 84 81 84 89 0 93 88 85 105 112 119 106 112 112 100 96 102 95 97 101 97 79 106 89 108 123 91 102 108 122 102 127 122 118 125 124 117 94 106 114 105 104 113 -1 -128 64 119 124 127 119 127 122 108 110 102 123 97 120 116 118 104 119 91 116 101 119 81 120 116 0 120 99 124 122 127 127 122 124 112 127 124 127 125 119 116 84 26 0 0 0 0 42 87 127 127 124 108 111 119 123 116 0 127 117 117 111 118 120 113 125 123 114 117 118 88 -128 123 127 127 116 127 117 -128 122 127 127 106 119 122 119 119 119 107 83 99 124 127 116 120 125 100 102 99 105 113 107 102 101 106 127 123 118 127 119 116 114 108 89 44 -64 -1 -41 -72 -128 0 0 0 36 89 87 100 94 112 72 97 84 84 91 107 90 102 83 87 107 113 102 95 97 114 110 110 95 116 106 102 116 123 102 114 111 110 100 107 117 118 107 107 110 119 118 107 118 110 112 110 117 96 113 81 87 97 105 118 114 106 97 107 120 106 0 122 117 122 118 101 104 105 127 110 97 119 99 117 116 108 101 117 113 124 123 124 102 114 113 110 127 108 110 120 119 112 119 0 120 117 113 114 108 107 106 107 105 101 93 93 88 94 99 100 105 99 93 105 110 111 100 107 125 112 122 111 101 97 106 107 100 52 101 97 99 88 93 101 111 113 107 110 111 122 116 118 127 117 120 105 96 78 117 97 117 116 113 96 112 100 83 111 89 111 97 87 88 91 104 91 111 72 76 78 73 64 64 65 60 77 79 59 72 91 93 111 113 99 108 65 78 -128 33 95 114 122 99 106 124 120 107 117 106 95 67 -110 -1 -1 -1 -1 -1 -1 -1 -1 -1 -1 106 -128
127 90 89 87 89 97 102 102 108 111 108 111 108 105 104 99 101 102 102 104 108 110 107 106 106 110 107 104 104 102 19 111 102 106 101 105 104 105 110 113 117 113 111 110 108 105 97 93 101 95 100 100 95 107 104 100 94 90 82 84 77 76 81 72 70 77 62 70 70 66 66 68 66 70 70 71 82 21 43 84 68 68 67 67 73 72 81 94 0 83 72 71 73 73 68 68 -108 -128 15 62 0 82 72 68 68 72 72 72 73 76 76 82 79 61 83 67 0 68 70 74 74 78 72 74 78 79 83 78 82 85 90 81 95 84 89 83 84 85 105 114 118 117 120 114 102 99 93 96 104 93 91 77 99 113 114 87 95 110 90 106 119 104 90 122 113 102 85 123 119 108 120 102 117 124 -128 102 124 127 123 127 99 123 122 117 105 119 119 124 118 112 111 111 90 102 116 119 125 113 101 94 127 124 118 94 122 113 118 104 118 127 101 127 107 123 123 123 101 124 127 114 108 112 127 123 106 123 125 120 120 88 35 0 0 0 0 0 0 0 0 30 66 84 89 127 -60 -1 107 123 119 113 116 -128 110 120 124 118 112 127 127 104 105 123 99 0 95 127 127 117 125 94 108 64 70 19 0 0 0 0 0 0 0 0 21 95 114 113 67 0 -1 -1 90 -1 -1 105 14 67 100 84 94 105 74 110 127 124 93 88 93 94 114 104 111 110 110 97 107 116 111 112 96 88 101 101 96 117 95 118 43 88 122 108 105 127 120 118 90 118 118 104 120 120 110 93 117 108 111 83 111 102 90 94 93 117 120 116 104 107 112 113 127 114 112 120 104 116 116 106 122 111 127 116 112 110 97 117 117 119 127 120 119 122 124 107 122 123 116 108 113 120 127 117 113 108 60 119 118 114 111 111 111 106 105 99 101 99 91 93 97 100 104 105 102 99 108 104 106 112 113 114 112 96 104 101 100 95 105 84 112 102 100 95 100 95 104 113 110 101 106 110 105 118 114 102 106 108 106 104 97 116 120 104 104 104 116 106 94 91 93 116 107 94 0 117 123 123 113 83 67 79 79 70 61 66 64 72 65 58 65 78 74 105 127 122 107 99 88 -128 9 110 127 127 88 95 120 125 127 111 0 104 78 -30 -128 -1 -1 -1 -1 -1 -1 -1 -1 -1 66 110
102 101 94 93 100 99 104 110 110 107 105 104 102 101 100 99 100 104 101 101 100 114 112 117 110 106 106 108 107 120 108 104 104 104 104 104 104 110 108 108 105 104 102 100 101 99 100 101 104 97 101 101 106 99 105 95 94 93 84 83 82 79 76 74 73 0 74 70 70 68 68 74 72 73 73 74 68 29 65 73 73 73 73 73 73 76 74 37 0 67 67 78 64 74 73 -128 -8 -3 26 0 77 73 71 71 74 74 78 78 77 78 83 85 90 89 85 62 0 68 67 62 62 64 82 83 93 79 82 85 94 91 88 88 91 55 88 102 96 105 105 111 112 123 108 108 104 102 95 90 90 95 96 95 102 107 124 89 113 101 118 102 119 89 118 113 111 107 123 123 120 124 119 124 106 66 -128 108 100 93 108 94 110 102 120 102 122 127 119 119 110 106 108 110 107 119 124 110 85 104 0 114 120 120 106 101 114 120 99 127 122 111 127 111 106 112 113 120 117 116 120 123 119 112 106 127 114 118 123 123 119 123 2 122 120 117 123 119 117 127 127 124 124 127 122 122 116 117 122 119 110 108 -128 124 127 99 127 112 125 108 110 111 127 116 -20 127 112 116 127 110 113 120 122 122 120 107 122 116 125 113 111 123 124 120 110 120 118 112 95 -61 -1 -1 -1 -1 -49 110 107 99 107 100 85 88 114 127 124 113 110 100 66 97 102 105 110 93 111 110 106 93 102 102 89 91 110 95 91 87 94 102 70 111 119 127 114 122 102 106 119 127 123 108 117 105 112 112 91 118 122 114 100 119 110 124 123 124 91 87 102 117 102 127 108 113 123 106 114 97 97 107 114 118 111 124 127 114 123 122 117 112 117 123 120 116 106 110 117 113 118 117 114 111 106 116 113 124 106 99 108 110 108 108 106 105 104 104 104 100 96 95 89 94 97 96 99 94 101 107 100 111 110 101 112 108 102 100 107 104 89 105 82 93 95 96 97 101 100 97 101 108 107 117 116 102 125 124 118 94 93 111 101 118 88 114 123 110 116 117 101 101 104 108 101 97 0 94 119 111 90 82 81 91 84 76 62 72 85 58 43 70 79 70 56 87 122 124 119 102 -128 85 127 127 105 105 100 100 127 123 94 95 0 120 110 43 -1 -1 -1 -1 -1 -1 -1 -1 -1 -1 -1 -1
119 87 94 97 94 97 101 105 107 105 105 106 102 102 100 99 100 110 102 99 107 105 105 89 101 113 111 117 107 101 99 97 106 106 106 106 105 105 102 106 108 104 102 104 102 101 104 100 105 104 102 102 110 108 97 97 90 95 91 85 84 85 83 78 77 0 72 70 70 68 68 77 70 73 73 71 73 62 59 70 73 73 76 77 76 73 73 74 0 0 71 66 73 68 81 44 -3 -1 -128 101 71 68 68 73 74 78 78 77 77 76 79 85 91 96 82 79 74 71 0 0 0 60 47 73 77 78 77 82 87 93 96 91 91 0 84 97 94 94 112 101 102 105 123 112 105 104 99 100 77 84 110 93 102 118 106 90 118 101 97 111 97 111 111 117 108 120 0 120 119 124 113 106 96 96 -128 -128 -128 -128 82 83 106 127 116 113 124 123 124 120 91 114 118 94 111 102 107 118 118 108 105 79 110 112 107 114 116 122 107 120 127 106 91 106 118 113 120 122 106 106 119 91 118 113 114 108 118 116 114 119 108 122 127 119 117 124 119 119 123 116 120 122 127 123 119 108 123 122 127 113 116 104 -128 114 110 127 127 106 123 110 104 107 111 110 123 36 118 105 104 127 122 110 111 97 116 112 125 125 111 114 125 107 118 99 117 123 99 127 104 -128 -1 -1 -1 -1 -128 116 94 102 83 85 83 85 116 127 119 127 105 89 79 97 108 111 112 95 100 112 88 106 110 97 94 113 100 107 110 111 101 118 101 118 117 108 105 96 117 122 95 119 114 107 118 112 116 96 118 119 118 93 106 123 122 116 112 93 88 96 94 119 119 120 102 0 90 94 122 119 106 113 108 127 100 101 105 119 127 119 118 124 124 102 119 106 114 99 105 105 101 122 127 112 111 120 112 112 78 100 107 111 104 102 108 105 104 107 105 107 99 99 99 95 87 101 90 89 106 101 100 105 97 101 106 112 99 93 100 102 105 96 0 89 94 96 97 99 96 99 105 100 106 104 100 108 118 110 119 116 84 116 105 107 99 106 119 96 114 99 112 112 84 127 100 111 104 79 91 122 101 85 78 78 100 68 73 67 61 67 48 60 81 64 59 84 105 127 120 97 -100 113 91 108 99 105 113 112 111 127 96 123 88 82 96 67 37 -13 85 -1 -1 -1 -1 -1 -1 -1 -1 -1
78 0 105 104 100 94 104 107 112 108 107 106 107 106 102 100 100 95 102 100 114 104 105 89 116 106 127 108 97 67 106 108 111 108 106 110 107 106 107 108 108 107 108 108 105 106 105 101 105 102 105 108 102 96 96 94 97 94 85 88 87 87 78 77 67 85 78 71 70 68 68 83 76 73 73 73 70 7 59 73 72 73 74 76 76 76 76 82 0 82 74 70 73 73 64 36 -1 -128 79 65 71 72 74 77 72 72 76 77 74 81 88 87 84 88 95 89 87 87 77 72 68 87 0 48 76 76 74 84 87 91 89 93 90 79 82 90 91 90 95 95 90 101 117 108 95 99 96 85 94 97 96 101 110 108 114 112 104 105 95 108 102 91 93 112 110 110 95 113 105 120 122 107 113 118 -116 -84 68 76 93 110 104 108 114 114 107 119 107 112 119 106 99 123 110 110 104 102 120 105 99 111 95 104 104 104 111 100 110 119 114 90 81 101 116 125 125 124 96 120 95 127 118 101 101 117 124 119 120 119 120 119 70 123 123 120 124 116 122 125 125 127 127 116 120 125 116 123 113 119 120 72 120 81 110 124 107 112 112 111 119 123 110 122 85 64 127 118 122 127 91 110 120 111 107 120 113 122 113 122 114 123 127 101 101 101 110 117 -68 -1 -1 -1 -1 -30 100 107 52 112 101 93 85 112 127 127 110 99 90 99 101 108 95 97 95 93 100 106 112 106 100 101 96 107 108 106 100 99 101 114 0 111 104 114 122 125 113 118 95 104 111 112 104 114 107 114 113 106 85 113 119 120 97 102 111 83 118 111 99 105 105 112 116 100 106 99 113 108 122 127 123 104 117 113 117 120 120 120 114 120 122 111 112 106 0 0 0 0 0 71 117 127 106 108 118 119 0 100 104 107 108 113 106 104 107 104 105 100 99 94 95 96 102 81 89 96 104 100 106 102 93 110 94 97 97 101 91 96 99 85 89 90 93 95 95 97 99 100 100 97 97 101 106 114 127 119 118 89 97 108 113 102 107 119 110 111 90 113 95 91 127 95 124 110 99 95 101 102 100 88 77 84 105 71 76 66 73 60 50 59 68 58 58 107 111 95 71 0 60 114 111 119 101 125 116 117 127 114 120 114 104 94 119 124 71 -1 -1 90 -1 -1 -1 -1 -1 -1 -128 88
127 112 77 96 0 104 108 108 112 110 107 105 105 105 106 100 100 94 104 107 22 -8 114 93 -128 48 93 100 108 0 114 102 112 111 110 110 108 107 106 108 110 112 111 111 105 107 110 106 106 108 106 108 113 96 100 99 99 101 101 96 91 90 90 88 99 73 72 72 70 68 71 71 74 73 73 70 73 64 0 79 72 74 74 73 76 76 76 76 82 0 81 66 70 78 68 71 56 24 66 0 71 73 73 76 78 76 76 76 77 77 78 81 89 96 95 90 84 84 83 85 91 99 104 82 54 61 77 74 82 79 90 89 82 74 84 79 87 96 90 96 87 101 112 114 112 97 91 89 96 90 105 112 101 104 113 118 116 116 113 110 111 100 114 104 99 118 114 106 107 114 127 118 124 95 127 -40 100 127 124 110 118 106 111 105 127 110 112 101 123 125 124 117 119 91 107 97 114 104 22 112 112 89 106 99 110 107 108 117 96 91 104 116 99 90 120 116 117 119 102 120 111 105 112 113 104 118 123 125 118 124 127 125 120 120 119 119 118 124 127 125 125 120 123 107 117 124 127 114 117 107 -1 -128 120 116 108 119 106 117 111 112 107 104 127 127 81 118 118 99 112 120 122 119 114 124 108 119 111 117 116 116 117 122 112 124 120 96 -23 -1 -1 -1 -1 -1 90 108 97 106 106 91 78 120 127 123 119 99 106 110 89 105 87 112 111 83 114 97 104 97 102 101 104 107 120 117 99 100 97 122 117 110 95 113 119 116 110 110 122 117 119 118 113 119 105 107 113 114 113 94 122 117 108 122 84 97 117 108 110 114 118 102 99 76 127 110 105 118 116 114 127 110 105 106 110 127 108 120 127 113 111 127 116 0 0 42 0 59 95 26 0 0 0 99 114 105 111 32 70 83 105 107 100 102 102 101 99 100 101 100 104 99 99 88 95 89 100 101 104 101 100 102 102 102 99 93 96 101 104 100 84 90 91 93 95 97 99 100 99 104 104 99 123 123 127 120 127 123 127 119 102 111 104 100 113 112 127 112 101 95 108 104 119 120 119 96 119 107 81 111 90 91 105 79 81 71 66 59 59 48 58 66 67 82 106 79 59 0 53 100 107 105 117 114 127 127 125 119 122 120 127 74 127 110 127 47 -1 96 -1 -1 -1 -1 -128 -1 -6 -1
81 83 94 95 100 0 111 114 113 101 101 105 104 104 101 101 102 99 104 -92 -2 -128 -128 -128 -128 -128 101 110 0 106 112 114 110 105 105 106 106 108 108 108 110 113 116 117 114 114 111 110 106 111 113 119 110 100 101 100 101 108 100 100 96 94 88 93 14 84 82 74 72 60 67 72 73 74 73 78 85 38 60 78 76 71 70 71 72 74 77 74 71 0 78 77 74 74 71 71 71 105 83 72 73 78 83 84 76 76 74 76 76 82 88 91 101 93 88 90 90 90 90 90 93 84 99 76 0 72 77 78 85 94 96 88 0 84 85 79 84 94 95 79 102 110 116 101 102 96 99 90 90 88 91 93 111 107 110 123 127 124 123 117 106 125 89 120 113 0 108 114 114 124 127 127 108 108 77 -128 110 107 117 112 112 124 123 127 104 100 117 105 114 88 110 87 108 118 118 88 104 99 74 95 110 99 110 116 99 95 110 112 105 97 120 93 108 108 117 111 110 119 94 122 84 112 89 93 120 120 127 127 127 120 127 120 127 125 124 125 123 119 117 112 114 104 127 118 119 119 125 127 123 117 85 66 123 106 104 125 120 102 117 111 105 124 94 73 127 125 81 125 124 119 101 110 112 112 123 124 99 112 127 122 110 127 124 107 99 12 -1 -1 -1 -1 -4 -128 113 110 0 105 83 101 125 119 123 119 101 91 97 99 95 96 111 82 82 106 113 82 108 94 105 111 120 117 104 118 106 122 118 113 71 102 106 122 120 104 114 104 77 110 122 114 125 94 106 120 116 111 87 101 124 117 100 96 95 127 113 94 90 116 110 113 114 55 112 118 112 97 113 124 124 119 123 113 123 122 116 106 56 85 0 0 0 3 108 76 79 97 105 84 1 65 0 4 0 16 0 0 0 0 66 102 95 97 102 104 102 101 100 97 101 96 99 95 105 87 96 108 105 97 102 96 99 99 100 89 97 85 102 105 37 77 85 91 96 97 106 93 99 101 106 112 127 111 119 127 123 87 124 87 116 102 111 127 104 111 99 87 99 119 111 91 108 102 90 116 100 68 102 110 74 105 99 116 81 71 61 79 50 58 54 77 64 81 70 50 -79 68 119 127 108 127 79 100 127 127 124 108 127 120 107 74 76 97 64 -68 -1 76 -1 -28 -128 -1 -1 -1 -1 -1
127 90 97 100 102 117 90 102 0 96 124 106 111 114 110 107 105 100 127 -63 -1 -25 -128 -1 -128 -128 -128 101 127 111 105 101 102 106 106 106 107 107 108 108 107 104 112 112 114 116 114 112 111 111 122 122 120 112 107 104 100 108 102 102 99 95 93 101 0 85 81 76 73 66 65 71 73 76 73 60 85 68 3 83 76 74 68 65 61 76 76 77 72 0 32 74 74 74 72 72 70 71 106 71 76 82 85 89 81 74 74 78 79 81 85 90 95 91 91 90 90 94 93 91 89 78 91 87 52 74 81 84 85 88 89 93 94 97 93 89 85 83 94 93 102 110 105 107 104 110 101 101 101 108 106 93 105 118 101 122 124 118 101 110 108 100 117 117 111 95 110 114 123 114 112 101 116 118 123 -1 55 127 116 95 108 106 101 111 112 117 124 119 114 112 127 105 119 119 116 119 113 101 0 95 85 93 112 102 104 93 100 106 113 99 100 102 111 114 123 118 97 120 108 110 119 106 110 94 119 123 120 117 125 122 102 127 119 127 122 118 118 117 112 117 120 116 110 107 120 122 123 123 101 116 116 -128 111 125 111 116 118 119 107 111 112 124 120 70 89 127 114 120 118 117 100 111 110 118 123 110 107 120 123 119 112 117 112 107 116 59 -1 -1 -1 -1 -1 -3 124 104 119 94 76 100 120 123 117 114 91 108 94 105 90 100 108 77 97 108 108 110 104 101 112 110 111 94 99 104 123 105 124 114 99 117 127 120 120 85 106 111 106 123 100 114 119 104 112 117 112 108 88 107 107 96 105 114 116 118 102 105 95 119 123 111 124 120 112 108 122 114 108 114 124 119 122 118 114 118 102 97 0 0 0 0 108 95 102 101 117 81 79 76 99 96 82 0 0 0 0 0 68 29 0 0 0 90 97 97 101 101 102 101 100 99 93 97 91 97 94 95 102 99 94 101 96 97 96 95 91 96 97 90 85 0 94 90 94 96 111 97 99 101 102 118 122 113 120 117 104 104 124 102 102 107 124 104 119 127 119 119 100 106 123 84 111 112 90 93 0 96 107 119 97 106 125 119 74 82 78 76 59 76 45 74 88 67 82 65 -128 -128 105 101 97 113 117 102 124 94 124 108 127 110 110 106 0 111 88 104 16 -60 -128 -1 -1 -1 -1 -1 -1 -1
88 94 99 105 107 116 117 107 101 93 4 106 118 114 108 107 107 127 -128 -3 -6 -23 113 124 73 105 110 96 124 107 107 106 108 107 107 108 108 108 108 108 107 111 112 117 116 119 117 116 117 117 127 122 114 123 111 101 107 102 99 94 94 94 93 96 87 88 84 81 78 78 77 72 73 74 73 74 74 0 60 74 73 77 76 73 74 74 77 82 78 0 82 72 74 74 74 74 74 93 0 79 77 81 81 77 81 81 82 83 82 87 85 89 94 94 94 93 93 90 87 94 94 90 79 0 30 76 79 83 85 96 99 114 113 97 90 89 89 77 89 90 95 108 113 105 89 112 97 99 108 118 124 95 102 107 118 116 127 127 119 78 94 108 110 112 100 16 101 127 117 99 116 107 107 100 -128 -128 -46 7 124 101 111 105 117 116 95 99 105 97 110 116 95 122 120 117 116 110 117 76 113 85 102 105 90 104 106 95 112 100 113 113 93 90 84 112 84 102 114 105 114 99 111 114 105 99 120 107 127 114 123 127 124 123 120 116 124 122 124 123 120 119 118 124 125 113 124 122 114 122 107 27 -53 -128 127 118 117 124 118 104 127 108 119 124 24 0 125 120 107 122 114 102 105 113 116 118 101 114 113 104 111 110 118 124 122 104 124 -1 -1 -1 -1 -1 -6 -128 127 105 0 127 105 127 124 124 95 112 110 112 97 112 91 90 108 97 96 104 88 93 90 116 120 111 117 101 100 116 100 122 120 94 113 120 120 101 110 112 104 111 123 112 119 116 100 94 119 122 105 101 107 110 112 112 114 93 100 100 95 107 125 104 119 116 104 0 127 93 112 102 110 120 127 127 119 105 97 0 0 0 116 122 127 108 107 108 77 108 120 78 85 85 105 100 56 95 77 100 78 81 77 93 85 0 0 10 105 88 101 108 105 104 101 100 88 99 89 97 91 100 99 96 99 95 102 97 94 95 91 90 102 96 114 89 105 89 94 96 93 99 104 113 118 113 127 114 120 120 127 114 120 110 95 120 127 127 105 106 110 89 108 127 111 89 89 94 99 113 58 112 110 97 116 99 106 85 83 105 91 83 78 50 73 97 66 58 0 -59 -32 81 114 127 97 113 117 127 111 119 111 123 119 116 99 107 0 85 127 0 64 105 -1 -1 -1 -1 -1 -1 -1 -1
127 99 104 107 114 113 112 111 113 110 110 113 0 104 105 104 91 88 74 -128 -1 -101 -74 89 106 102 108 105 106 112 106 106 105 110 110 111 112 113 110 110 110 110 113 112 117 118 118 120 123 119 127 127 116 122 110 105 108 108 104 100 100 99 96 102 94 90 85 85 81 79 77 72 72 74 74 72 74 65 0 45 72 84 76 77 72 76 76 77 71 72 0 79 76 76 74 74 72 82 37 74 74 77 79 83 84 84 84 88 88 83 84 85 95 97 100 94 93 87 91 90 87 89 79 0 73 76 81 85 91 88 91 95 0 93 90 94 93 91 83 94 101 104 111 111 100 114 94 94 105 117 95 104 117 102 110 124 118 127 125 101 124 97 88 91 107 99 102 122 96 114 123 127 113 110 -35 79 102 85 104 114 104 113 116 96 112 106 117 108 122 99 100 119 113 112 127 127 112 91 66 127 96 88 104 110 108 89 112 113 105 110 96 112 120 99 94 105 116 104 97 116 101 108 104 122 101 113 111 122 127 127 21 127 122 123 123 123 124 124 123 123 123 120 119 119 124 119 125 119 116 117 -2 -102 119 127 118 124 127 102 127 87 119 124 97 82 9 87 90 113 93 119 118 117 108 119 106 125 123 97 119 95 111 84 101 107 87 -128 -1 -1 -1 -1 -1 -26 91 123 100 112 99 127 127 100 113 97 110 89 104 106 87 113 114 102 110 93 101 97 104 101 107 104 105 105 96 110 114 116 111 84 96 0 102 94 120 105 120 89 125 119 113 96 88 110 114 110 111 110 94 96 91 88 117 84 113 119 112 97 123 101 100 117 124 114 113 100 120 110 120 101 127 118 118 113 0 0 106 111 116 112 85 118 107 119 106 114 99 89 111 106 111 106 100 97 94 104 82 113 105 76 112 0 0 0 0 0 101 102 100 99 97 97 101 90 94 100 102 102 97 89 99 97 99 99 93 90 89 89 91 88 90 90 96 91 94 93 99 107 104 101 116 127 127 117 117 127 112 113 112 113 100 127 113 96 119 122 122 118 125 113 117 113 90 110 108 105 114 107 122 120 125 118 97 85 79 106 94 117 85 70 66 89 52 -128 -128 -34 50 79 82 111 104 84 100 123 96 122 122 91 124 120 97 95 127 47 0 105 -102 -1 -1 -1 -1 -1 -1 -1 -1 -1
94 106 106 112 119 114 114 119 116 114 125 95 111 117 0 114 91 89 114 -102 -128 -128 44 112 107 94 107 0 114 107 107 108 110 110 108 104 105 108 111 113 113 113 118 118 116 119 125 127 127 127 127 124 118 120 111 112 106 108 100 100 99 96 96 0 100 88 88 85 82 81 78 77 73 74 74 74 66 72 0 77 73 76 77 72 73 74 77 74 82 24 0 76 76 76 74 74 82 85 67 68 79 83 88 87 89 89 85 83 79 85 88 97 96 90 88 91 93 93 89 90 85 84 50 59 67 76 81 88 90 95 99 81 93 91 95 97 90 82 88 105 97 102 102 94 104 95 99 87 122 127 104 106 111 120 122 124 107 111 122 119 100 93 118 112 94 94 106 108 119 118 117 114 100 108 -128 127 127 123 116 101 107 104 100 96 107 112 108 102 119 117 119 122 114 111 118 113 108 104 95 118 114 89 93 97 116 71 100 94 87 102 106 106 100 99 89 105 90 100 118 110 108 100 116 123 90 104 107 122 127 127 124 127 125 118 117 124 124 120 124 117 124 123 122 120 116 127 114 113 120 -27 -13 -128 127 93 118 104 125 105 113 107 91 127 25 113 77 112 127 122 95 110 104 110 102 114 124 117 122 125 108 36 114 60 66 113 -128 -1 -1 -1 -1 -1 -1 -69 101 96 0 93 127 127 122 118 104 113 77 102 89 99 113 91 110 99 108 99 110 113 97 102 97 105 97 113 123 125 112 104 106 111 127 123 119 111 99 89 105 100 123 122 91 111 96 124 106 97 110 91 97 96 113 96 106 114 110 116 122 117 100 125 107 102 112 127 127 116 111 127 120 118 127 123 0 0 32 95 111 124 118 97 108 122 116 112 110 117 97 110 117 107 104 84 120 87 102 105 106 0 89 101 90 73 99 33 0 106 101 100 102 104 104 104 102 101 101 102 99 101 89 97 90 95 97 93 90 88 84 85 88 91 95 0 100 89 91 97 102 110 104 112 118 114 116 120 106 97 95 111 110 112 122 95 114 110 127 116 106 113 102 112 99 101 88 118 116 117 116 123 118 117 96 111 88 89 94 117 127 96 104 90 77 55 -128 -2 54 77 65 82 102 93 68 93 122 94 110 120 100 106 112 122 106 0 105 119 118 56 -128 -1 -1 -1 -1 -1 -1 -6 -1 -1
127 102 111 116 119 114 117 122 117 119 120 122 118 117 117 120 124 0 108 122 96 114 101 104 104 101 89 0 95 114 108 111 107 107 110 111 112 112 113 117 117 118 118 116 120 122 127 127 124 117 111 119 114 116 114 116 112 108 105 111 106 107 113 45 100 95 94 91 87 85 79 81 76 73 70 76 76 76 74 74 70 73 72 81 77 76 77 77 76 77 0 81 77 77 74 74 76 73 62 79 90 93 93 95 97 93 88 88 88 91 96 97 88 88 89 89 90 87 82 83 84 91 78 93 85 76 82 85 90 95 90 89 96 114 99 97 95 96 100 96 90 94 106 99 96 100 95 102 113 124 127 122 123 116 127 112 123 118 106 117 97 114 97 118 82 0 97 108 120 120 113 108 102 88 93 58 90 93 116 91 107 96 102 112 100 102 102 119 112 123 117 123 104 123 124 93 102 96 77 99 114 100 104 116 106 84 81 87 97 101 90 106 112 96 108 96 104 108 101 112 102 112 111 112 119 99 117 117 118 124 0 123 119 118 120 124 124 120 122 122 122 123 122 118 119 124 127 120 127 -17 84 120 -128 124 102 124 106 105 124 110 111 122 114 105 117 123 70 101 120 123 108 112 118 119 104 125 124 127 82 93 90 108 84 72 -22 -2 -1 -1 -1 -1 -1 105 77 104 95 81 123 127 117 104 117 104 100 97 82 102 108 104 113 102 99 91 102 108 110 113 112 97 114 119 118 119 104 95 112 120 114 30 119 112 110 111 106 102 118 104 90 102 102 120 104 114 106 106 91 104 102 114 114 81 111 108 127 119 101 106 116 107 105 108 0 127 127 120 105 112 0 0 0 123 118 0 90 122 119 97 91 124 108 113 111 119 116 116 111 117 117 112 108 105 101 106 118 100 87 83 94 88 95 93 0 0 70 122 93 101 104 104 101 102 102 95 96 95 95 90 91 94 96 99 89 88 84 83 87 93 90 81 41 93 93 96 104 111 104 116 117 125 127 127 111 114 118 127 117 127 104 116 117 110 127 106 125 123 105 114 96 90 93 83 117 125 116 14 107 116 108 107 106 108 106 125 122 118 106 104 83 27 -128 55 68 59 73 58 88 100 97 125 120 95 108 127 112 108 108 0 113 88 120 108 93 88 96 35 -1 -1 -1 -1 -1 -4 -6 -9
97 106 112 119 120 119 120 123 123 122 120 119 123 120 123 116 108 105 24 2 95 105 105 105 105 104 90 97 111 106 107 108 111 112 113 116 116 112 113 113 114 117 118 116 117 119 123 119 123 123 119 116 118 122 122 114 114 114 107 110 110 114 0 96 102 101 91 88 91 83 78 78 78 73 71 76 76 74 74 47 66 74 72 79 76 78 78 76 77 81 0 78 77 77 76 76 74 0 83 91 95 94 99 91 89 88 88 91 99 95 89 89 91 91 82 83 84 83 83 88 84 58 41 71 73 78 83 89 94 87 87 0 100 106 104 97 100 101 102 99 99 105 106 104 100 108 112 107 112 107 123 125 127 111 116 127 123 111 127 111 114 120 96 104 114 107 123 117 111 127 117 105 100 95 91 47 79 122 110 116 112 113 114 101 106 118 122 102 117 111 107 114 120 127 118 107 100 0 93 119 105 105 85 89 116 87 99 114 94 96 74 83 107 108 100 105 118 94 111 90 108 87 93 108 102 111 124 122 122 125 124 124 122 122 123 120 119 120 123 122 118 117 113 122 125 124 110 108 119 -128 108 114 0 88 110 118 112 120 102 123 107 114 14 88 106 97 74 112 113 104 124 110 108 107 123 127 111 93 66 104 127 91 83 -128 -1 -1 -1 -1 89 -1 -1 -128 66 104 73 113 123 107 114 107 95 95 91 89 91 99 87 116 87 91 107 108 110 101 113 111 113 107 106 116 94 101 108 116 119 122 113 111 104 108 88 116 105 120 118 111 108 96 123 106 113 88 120 84 97 96 112 117 93 105 110 122 89 93 106 127 112 101 127 119 0 112 96 125 94 0 104 107 111 85 87 9 106 112 107 113 95 125 93 95 123 114 116 101 117 104 113 89 119 116 96 111 127 88 101 104 99 102 102 99 0 0 0 83 99 100 101 102 104 102 104 101 102 97 97 94 99 97 94 95 99 85 84 83 88 84 87 87 81 91 96 97 104 97 108 119 123 108 95 97 99 116 118 112 111 120 127 112 111 112 113 119 127 118 100 110 89 101 81 108 122 127 85 0 118 112 82 106 99 85 107 104 99 96 97 100 65 -128 -94 62 30 -72 74 97 79 113 124 105 96 111 127 91 0 99 127 112 102 111 120 112 79 97 93 0 -1 -1 -1 -1 -1 -3 -6 -2
127 106 113 119 123 119 124 125 123 125 123 123 124 119 120 114 116 112 111 116 106 0 112 106 106 116 105 100 106 106 110 111 111 114 118 119 119 114 117 116 118 119 113 117 117 118 123 125 127 122 122 123 127 125 122 110 104 114 108 112 106 110 101 111 104 95 95 96 91 90 87 85 77 76 73 76 76 76 74 74 43 79 72 81 73 81 79 79 78 79 82 0 77 77 77 77 72 74 89 91 99 100 95 91 91 90 93 97 100 84 96 95 95 85 87 84 88 78 77 77 81 94 61 66 88 76 82 85 90 91 95 90 91 106 99 104 101 101 110 106 95 110 101 90 100 106 111 114 127 108 127 127 124 123 100 125 127 90 116 127 127 118 116 104 113 82 100 120 124 114 114 101 101 104 113 68 64 84 101 113 111 118 122 102 104 106 112 119 106 114 118 122 127 96 107 118 118 105 95 114 125 112 100 110 112 96 99 102 101 95 101 73 107 95 110 110 104 89 88 79 83 112 104 117 96 118 114 120 123 127 0 119 124 123 125 125 124 125 122 122 119 122 127 127 122 123 125 112 94 102 -128 127 119 91 114 119 102 122 106 127 99 127 110 87 114 84 110 39 101 101 127 104 120 127 120 123 90 0 105 93 127 113 74 0 -1 -1 -1 -1 -1 -1 -1 -107 114 120 88 106 118 119 127 116 108 100 71 93 78 93 89 108 96 101 97 108 100 95 107 106 105 107 117 118 96 119 127 117 118 117 101 104 100 96 101 104 101 127 116 114 91 101 127 104 93 108 116 107 106 111 113 89 81 101 113 127 116 118 117 112 91 123 110 127 125 85 114 110 82 0 116 107 93 117 127 100 30 94 114 96 105 105 127 100 100 114 95 117 111 114 108 112 117 119 99 117 96 106 0 87 91 93 83 93 64 90 0 0 99 105 96 94 104 101 96 104 100 96 104 94 90 94 94 90 94 90 91 85 83 87 90 96 76 94 93 95 99 90 104 118 110 120 117 122 114 127 102 110 112 123 105 108 114 118 111 117 101 125 119 91 84 112 112 99 117 124 105 94 127 94 91 107 104 97 114 127 105 111 120 102 74 48 -14 0 -128 -128 32 127 95 88 120 101 106 102 104 0 106 119 101 122 106 108 95 106 35 62 101 114 -128 -1 -1 -1 -1 -1 -9 -9
106 116 107 116 122 124 122 123 125 125 127 127 119 118 117 117 118 117 116 111 110 101 107 20 73 116 99 101 108 108 113 114 114 119 119 117 116 114 116 117 119 118 119 117 117 117 118 124 127 127 119 120 118 120 112 112 117 113 112 111 106 107 101 105 101 100 102 100 94 93 93 87 81 78 74 76 76 73 73 49 72 74 72 77 77 79 79 76 77 81 0 24 74 78 76 79 99 93 96 94 91 89 89 90 90 97 90 89 94 97 95 91 85 85 85 87 77 79 82 88 89 90 56 87 81 81 87 88 91 88 97 101 88 95 94 104 105 101 94 94 105 100 104 100 95 110 110 113 114 127 127 127 127 102 120 105 100 122 100 122 120 117 117 106 9 118 102 102 110 99 101 95 102 117 117 93 0 97 111 120 122 113 120 108 104 122 124 127 122 97 124 114 120 111 119 123 127 0 123 116 113 88 84 88 94 76 106 82 116 95 77 81 87 83 96 102 96 95 89 89 94 100 118 123 107 114 91 111 123 114 119 122 125 124 125 120 122 118 119 123 124 125 119 114 122 124 117 120 118 124 -128 61 127 110 117 119 122 106 111 93 105 125 0 110 122 110 127 116 88 100 127 91 114 108 93 93 0 95 104 118 88 116 0 -1 -1 -1 -1 -64 -128 -17 90 127 108 90 95 120 122 125 112 101 100 87 72 78 88 94 97 107 105 111 113 105 110 102 110 112 113 106 91 88 114 117 116 112 99 93 104 0 114 106 99 104 117 107 118 105 122 105 122 89 102 117 96 105 108 104 104 97 97 114 110 111 123 114 119 102 108 116 116 93 77 120 117 32 0 117 107 94 112 91 90 88 84 104 122 94 127 124 123 114 120 93 120 91 105 105 97 122 112 104 114 112 116 113 100 88 95 105 95 88 68 83 66 0 12 87 97 102 104 101 102 102 99 100 93 99 90 89 89 90 94 83 87 85 87 89 91 94 0 99 93 99 99 104 106 114 110 127 123 127 107 123 108 114 125 106 94 114 113 104 122 116 117 116 110 105 100 112 101 125 118 117 127 106 110 91 107 114 104 123 102 120 124 113 117 81 66 61 -126 -114 12 -128 71 106 85 114 114 26 99 127 116 117 127 125 124 111 127 110 123 120 0 119 112 68 -1 -1 -1 -1 -1 -7 -11 -3
127 111 112 118 122 122 117 118 123 125 125 125 122 120 120 122 120 118 113 113 110 110 113 72 114 114 0 108 108 107 108 111 108 111 116 116 114 114 116 117 119 120 119 120 122 122 124 124 118 125 120 122 117 117 113 114 117 117 116 117 111 116 53 104 95 99 95 105 102 91 95 87 84 83 79 76 76 76 74 77 43 74 72 81 74 77 79 79 77 78 72 0 70 78 81 81 84 0 87 89 90 90 90 96 99 90 93 95 96 97 93 90 88 81 78 78 79 82 87 90 85 84 0 41 68 76 83 87 93 90 99 0 77 89 96 94 105 102 102 100 88 95 94 99 108 105 107 116 108 127 114 117 127 127 105 117 123 114 99 116 118 104 112 116 96 105 101 123 123 120 111 99 101 107 112 127 110 64 82 125 112 113 125 104 97 108 116 119 127 120 124 100 96 110 122 111 107 110 106 108 123 108 90 116 102 102 112 112 107 97 97 78 88 122 87 87 94 95 100 94 111 108 100 111 112 110 87 119 111 127 0 122 122 123 122 120 120 122 120 119 122 123 119 117 123 122 119 127 93 107 127 -128 102 127 114 119 120 116 106 110 106 104 120 114 108 116 96 111 118 88 0 39 0 107 102 91 65 110 114 113 122 101 -128 -4 -1 -1 -1 -114 78 -88 122 101 87 90 101 31 122 123 94 102 100 90 101 102 111 99 100 106 96 113 107 111 96 102 107 99 102 95 100 102 123 116 119 118 106 96 108 99 119 113 105 113 114 108 83 118 96 95 116 123 120 127 119 118 112 113 89 107 127 117 119 106 117 111 122 127 105 120 111 102 118 42 125 44 0 101 127 106 107 113 79 74 54 100 118 111 116 116 91 119 118 91 112 94 107 107 107 108 96 112 110 107 107 83 102 91 76 93 73 78 77 74 66 0 0 64 105 97 99 102 100 99 101 102 101 100 97 97 87 79 88 88 79 83 87 89 90 88 95 89 97 96 100 101 102 116 110 112 127 114 106 105 117 120 93 122 94 105 104 108 113 119 127 122 106 105 84 107 101 127 123 117 107 100 73 85 124 122 111 125 108 124 108 101 112 111 53 84 13 -1 58 66 45 78 74 48 0 85 127 110 116 111 123 120 125 108 104 119 118 102 114 0 100 60 -128 -1 105 -1 -1 -1 -7 -7
116 116 124 124 122 123 119 122 125 120 120 120 127 124 127 123 119 118 114 114 112 111 106 105 119 0 102 118 0 113 105 105 118 114 114 114 114 116 116 116 119 120 127 127 127 127 125 127 124 123 122 118 117 118 113 116 118 122 120 113 118 0 104 102 99 100 91 91 91 93 89 84 84 85 83 82 77 76 74 89 0 64 87 77 77 78 78 76 77 81 81 0 85 87 81 78 60 78 84 85 90 94 100 95 90 90 95 97 93 85 85 90 84 78 79 84 87 94 93 87 89 85 68 59 89 89 94 95 108 85 85 87 89 91 90 91 91 96 100 90 93 93 89 104 105 107 108 117 116 112 116 105 118 120 125 116 113 120 105 108 108 108 90 113 0 117 105 116 95 99 100 106 111 97 105 104 0 76 101 108 100 111 100 116 106 112 113 107 106 116 113 111 111 116 106 89 100 83 97 104 107 120 116 114 106 94 81 116 100 110 95 74 102 94 77 84 107 111 120 99 84 104 114 113 106 88 111 102 111 120 117 124 127 127 127 125 122 122 122 122 119 122 119 124 124 118 124 97 -128 -128 -2 -128 105 119 127 117 106 125 116 119 118 114 0 99 104 125 110 105 112 127 123 125 124 100 123 120 100 105 117 78 -16 -50 -1 -1 -1 -1 -21 85 -40 -128 90 105 77 97 127 124 122 117 112 74 89 77 83 100 99 110 104 105 110 102 96 100 95 99 93 105 107 108 119 114 101 105 113 104 112 96 100 0 106 101 119 101 110 112 119 88 112 127 118 87 124 120 99 104 118 89 101 127 127 120 114 110 120 111 122 113 127 114 105 112 127 127 48 0 113 105 97 89 116 101 120 55 97 101 107 118 120 107 127 117 101 100 85 127 79 99 120 90 117 113 120 119 118 108 0 99 104 94 88 84 87 91 87 0 0 0 96 101 102 99 101 104 102 96 91 100 102 93 85 94 91 73 88 89 91 90 93 93 94 93 107 100 102 100 105 113 123 127 100 91 99 113 117 93 127 111 107 97 108 112 124 124 127 99 100 101 94 102 125 123 113 101 95 110 0 127 127 116 113 97 105 122 110 101 89 96 45 33 -7 33 50 66 49 0 87 82 87 127 118 127 107 95 105 127 110 101 114 125 104 99 82 97 91 54 -55 -1 -1 -1 -1 -7 -9 -4
127 120 117 125 125 125 125 125 124 120 125 127 123 120 123 123 116 116 117 114 113 106 106 110 112 0 101 104 107 97 6 96 118 119 116 116 114 114 117 117 116 117 123 125 120 124 127 127 127 127 120 118 122 120 117 117 116 120 119 119 116 105 107 107 104 104 97 93 91 93 90 88 81 88 81 82 79 76 76 72 66 0 76 82 76 76 78 78 77 78 84 13 0 73 74 77 81 82 82 84 91 95 96 90 94 94 99 99 95 93 90 89 82 77 84 88 91 88 82 85 95 99 14 65 72 74 78 73 74 83 84 78 89 94 90 91 89 101 96 94 93 90 93 108 107 110 111 116 123 122 117 120 127 120 116 104 93 114 105 101 104 116 105 117 0 112 120 119 101 106 116 111 105 91 83 97 0 82 102 117 97 100 95 105 116 111 108 114 118 105 96 106 85 108 84 90 96 94 96 116 114 112 106 100 116 102 88 108 102 87 85 89 96 89 90 111 89 72 94 113 108 95 107 117 118 93 116 99 118 117 4 118 111 125 122 125 125 120 123 120 125 125 124 125 122 113 110 120 116 117 0 -128 -107 111 94 90 93 127 110 120 111 123 114 110 111 122 119 119 108 118 112 123 112 113 106 100 116 114 88 106 0 -1 -1 -1 -1 -1 -12 -1 47 -106 119 84 101 95 127 0 118 105 107 94 82 113 95 105 88 101 108 108 107 91 107 97 106 110 97 110 112 102 106 116 111 95 110 108 102 114 114 100 110 100 111 113 111 100 111 104 119 125 120 104 119 104 101 101 119 79 108 122 116 112 125 120 117 117 113 114 124 113 90 110 116 0 39 0 127 102 87 112 106 90 84 58 93 113 84 114 110 111 88 122 104 70 104 122 113 116 107 97 111 108 118 118 104 87 113 108 102 100 102 104 90 73 83 89 79 0 91 96 104 100 93 96 100 100 100 95 93 93 85 91 83 77 82 85 91 94 93 88 89 0 91 90 96 99 105 116 102 127 119 113 127 110 112 122 119 124 95 104 106 107 122 117 122 127 96 113 94 102 127 127 111 97 96 84 104 95 99 108 108 91 107 127 117 100 110 56 59 74 -128 31 60 0 14 59 89 82 114 117 116 106 122 111 102 123 117 118 105 116 111 79 96 88 81 71 -128 95 -1 96 -2 -4 -4 -9
116 118 118 127 125 122 116 113 125 117 125 123 125 118 116 123 122 117 114 116 117 110 111 107 70 113 108 112 112 110 110 112 116 0 118 116 124 119 127 116 123 120 127 125 127 118 122 119 122 118 122 122 117 122 124 119 114 120 124 120 125 102 112 112 111 102 94 96 93 94 90 85 87 85 88 87 82 74 73 74 68 4 71 73 77 79 79 79 79 79 87 0 83 79 72 76 68 85 84 84 89 93 93 90 96 96 91 89 83 89 78 83 89 83 81 79 79 88 84 74 81 82 74 64 0 81 88 89 54 0 0 81 88 82 84 89 89 90 96 96 88 107 111 101 120 116 118 123 113 105 102 105 108 101 94 114 124 100 91 110 117 117 123 119 110 124 96 113 117 123 127 125 110 30 108 89 113 114 107 100 104 105 108 108 108 117 111 107 120 118 122 127 108 102 118 101 113 112 99 108 113 111 74 79 93 95 83 83 65 87 91 97 105 101 81 76 113 73 117 102 108 101 84 95 101 84 112 105 88 107 118 118 91 96 110 125 127 127 125 125 122 120 124 122 112 119 119 127 120 111 127 -128 -128 -128 -128 127 101 111 112 110 112 99 0 117 127 110 116 105 111 127 96 118 120 119 125 118 112 104 85 -128 -4 -1 -1 -1 -1 -16 -128 -3 -22 127 111 113 117 120 111 102 119 113 101 105 110 89 112 114 104 112 111 114 113 85 97 118 96 100 108 114 116 101 111 93 112 88 114 110 105 112 107 93 120 110 116 117 101 102 123 123 112 108 88 116 117 114 114 93 127 105 110 116 124 111 113 122 96 114 106 127 117 122 107 127 96 0 18 107 102 89 85 81 96 0 70 88 127 91 102 101 102 95 117 118 78 81 119 78 108 108 81 117 117 71 97 123 125 124 101 104 110 94 95 101 73 85 82 83 0 0 105 95 91 94 102 100 102 99 96 95 94 87 85 71 78 79 85 89 97 93 96 95 96 0 94 93 96 101 113 117 122 96 127 127 100 100 116 127 97 123 85 107 111 118 124 101 110 116 123 127 108 127 127 104 97 113 96 110 117 102 120 97 122 127 122 114 97 100 96 64 53 64 -128 81 58 50 73 70 100 111 120 110 119 127 125 120 119 124 99 119 106 101 90 112 120 93 89 43 -128 -1 99 -1 -1 -11 -7 -6
127 122 123 127 127 124 127 123 119 124 117 122 123 120 119 119 118 116 117 117 112 107 110 101 108 112 110 108 110 110 112 112 112 108 127 99 0 106 117 123 120 123 127 127 122 124 122 120 116 125 127 122 127 120 127 123 123 120 119 119 113 44 110 120 116 114 113 105 101 93 93 89 89 85 84 84 84 76 76 72 79 68 12 81 77 78 78 78 79 79 91 84 0 87 78 78 0 78 84 84 89 93 91 91 100 100 93 88 87 79 84 84 89 81 83 82 84 83 85 78 82 78 78 74 73 68 68 70 71 61 77 83 79 83 84 88 99 104 99 91 95 93 114 106 114 123 112 113 94 127 127 127 127 127 123 127 122 123 108 116 118 112 108 116 90 113 108 108 122 116 125 125 127 112 78 111 117 114 123 112 108 107 113 114 110 114 111 114 122 127 127 107 100 100 107 93 119 0 102 89 100 99 110 89 114 84 104 89 110 85 95 106 81 83 77 99 104 97 94 90 97 106 90 107 104 93 95 112 108 94 76 112 105 97 111 105 118 123 124 124 124 113 123 123 123 120 117 125 119 119 119 91 -128 78 -128 105 127 119 117 119 116 125 120 110 123 116 111 105 106 124 118 120 95 127 97 119 88 127 110 0 -1 -1 -1 -1 -1 -1 -1 -1 -1 101 107 119 108 112 123 0 108 97 111 104 105 89 101 114 101 104 101 113 104 85 97 114 99 105 117 117 112 108 110 113 108 100 106 107 110 111 111 102 0 117 110 90 96 104 125 117 110 114 106 111 102 127 110 105 123 95 110 123 110 124 127 124 120 116 117 118 117 113 118 127 96 96 0 93 0 22 91 122 113 4 27 95 102 107 116 96 0 0 108 112 99 114 116 105 72 108 105 119 99 83 114 111 89 94 127 0 116 94 106 96 83 71 81 77 64 26 0 93 101 97 93 99 101 99 100 100 91 90 91 78 77 78 84 87 90 85 91 93 90 97 31 89 97 101 106 113 119 106 123 110 101 117 113 110 110 116 97 101 117 123 123 124 125 117 105 113 120 127 125 105 104 112 94 112 107 87 127 101 108 124 106 97 94 88 82 47 0 77 -128 58 60 55 62 79 93 111 104 118 105 114 122 106 102 94 112 94 106 102 88 105 127 125 0 87 -53 -1 101 -1 -1 -1 -8 -14
118 122 127 123 125 127 127 127 125 127 127 125 119 124 117 120 122 117 114 116 114 113 113 113 125 112 112 111 111 113 113 110 118 127 122 127 113 0 19 127 122 124 124 114 119 118 120 127 127 127 123 123 124 123 118 118 120 124 120 114 0 110 127 116 123 120 112 108 101 95 95 87 84 87 88 88 83 77 76 67 85 62 0 79 78 77 77 79 79 79 90 74 0 81 85 85 77 95 84 84 93 93 94 97 95 88 87 87 84 90 83 88 82 83 85 83 81 77 78 85 85 85 84 89 85 83 83 82 81 99 90 79 78 87 87 88 97 93 99 99 99 100 100 119 114 125 127 120 122 123 117 117 105 127 119 125 127 123 127 114 112 116 116 65 122 125 120 118 117 124 116 124 113 99 112 114 118 114 120 114 112 122 114 112 122 122 120 120 123 111 91 127 101 107 100 114 82 100 97 89 96 94 102 96 106 95 106 88 81 93 81 85 97 87 79 79 111 97 85 88 101 104 95 93 104 99 83 88 91 90 90 110 101 108 112 105 119 122 123 124 118 127 124 122 120 123 125 127 127 127 127 -84 127 117 -128 127 123 112 112 112 116 120 0 119 123 116 112 100 117 110 120 116 113 124 110 107 105 112 19 -17 -1 -1 -1 -1 -1 -1 -1 -1 -128 105 90 117 120 116 106 99 95 106 97 87 89 108 114 114 93 95 108 94 108 110 107 102 102 116 107 104 105 110 95 110 105 113 108 97 112 112 110 105 102 97 111 113 110 123 108 116 114 113 110 108 114 114 105 118 104 120 117 117 120 123 124 116 111 111 122 107 106 120 122 101 95 0 0 0 0 0 0 114 96 64 30 30 71 105 110 13 100 0 113 110 79 96 102 106 91 113 123 93 118 116 106 99 85 114 113 87 102 125 94 87 87 84 89 83 67 54 0 53 88 83 99 100 96 95 100 95 79 87 74 77 79 82 87 93 90 91 94 94 90 90 105 96 100 100 108 119 113 105 120 112 120 125 108 117 108 95 105 111 114 112 118 119 117 99 118 125 125 120 112 83 101 85 99 107 120 0 94 127 123 105 112 99 54 0 3 -14 -2 -128 -128 54 58 64 73 90 108 127 127 116 116 125 118 91 99 101 117 117 100 127 114 127 119 114 0 72 -128 -9 99 -1 -3 -7 -9 -6
127 127 125 122 125 124 120 119 127 120 120 120 123 122 124 124 118 117 117 117 117 116 114 106 68 122 119 117 119 119 117 114 116 119 117 116 117 119 127 124 127 0 127 122 125 120 124 123 116 122 118 119 122 124 120 127 127 127 124 127 110 116 119 118 114 113 120 117 106 106 100 89 89 87 88 87 89 73 77 72 89 73 0 81 83 83 82 81 79 81 79 79 0 72 70 79 78 83 85 90 93 91 96 93 91 84 84 84 85 88 83 83 83 84 88 95 108 108 94 91 94 96 90 94 88 85 93 87 85 81 0 87 84 83 87 88 93 96 104 101 108 111 110 87 117 105 123 127 122 107 105 119 125 123 119 127 125 91 93 116 107 108 127 127 127 124 118 124 105 120 106 113 89 2 120 118 113 123 120 93 120 113 112 125 123 120 124 105 104 116 107 89 116 104 117 106 116 0 107 107 82 107 96 111 83 116 88 83 96 99 99 89 102 96 100 78 76 84 100 104 96 105 107 81 84 74 79 105 111 100 107 95 91 120 105 91 106 93 127 124 127 127 127 124 127 127 125 127 127 127 114 127 -128 122 123 119 122 99 122 119 105 111 108 117 100 118 100 112 104 119 127 119 122 116 105 97 127 -74 -1 -1 -1 -1 -1 -1 -1 -1 -74 -94 -25 120 127 106 105 100 90 30 110 101 91 87 84 97 106 96 102 107 87 111 118 116 110 101 104 116 116 105 104 105 96 110 116 94 105 96 106 101 99 111 0 112 119 112 111 119 112 116 119 99 99 118 118 104 106 107 116 114 124 123 102 119 116 125 106 105 127 108 108 111 125 102 116 125 88 114 122 116 0 91 122 111 77 118 91 54 74 64 87 81 81 8 15 89 88 107 90 97 96 114 110 114 84 107 99 112 113 110 105 85 87 99 100 97 85 67 89 61 52 0 50 104 96 100 101 96 96 88 85 77 67 76 79 84 85 83 85 91 88 91 85 87 95 91 99 97 106 125 117 113 120 124 120 108 127 122 113 95 110 119 116 123 122 123 108 123 111 120 122 125 110 97 112 95 84 95 97 102 19 120 127 93 91 0 72 52 49 -74 -14 32 66 -128 60 60 76 83 114 108 102 114 125 116 111 87 117 112 102 112 123 93 123 123 104 110 100 19 53 -128 -1 -1 -1 -1 -12 -13
120 113 119 122 123 122 118 123 119 122 119 119 122 120 124 123 119 114 117 118 118 117 116 0 127 117 113 114 118 118 117 117 117 118 117 116 118 110 127 104 124 123 111 0 127 127 119 124 122 122 123 123 117 120 127 127 127 127 120 112 123 123 116 122 120 119 119 108 102 99 99 97 100 99 94 93 79 81 77 70 94 64 0 83 83 82 83 83 84 85 84 84 0 82 90 0 79 83 88 93 93 95 91 88 88 88 90 89 93 90 89 95 94 101 94 102 111 116 116 97 101 101 99 91 99 100 91 89 87 93 83 95 91 91 93 90 94 104 105 113 104 108 93 114 116 124 116 105 107 111 124 127 108 108 118 127 124 119 112 125 120 119 127 0 94 106 123 108 117 104 107 104 0 108 127 104 82 107 105 118 117 106 105 112 108 118 125 102 113 95 112 93 112 116 93 110 97 94 107 105 93 94 106 102 105 111 105 94 97 93 82 113 96 102 106 94 99 91 99 106 81 104 87 104 93 101 89 96 95 61 101 93 84 90 110 106 112 118 120 125 124 123 127 124 124 122 125 125 120 124 127 15 124 127 127 127 123 127 110 104 118 110 0 116 100 110 117 101 114 123 118 91 111 101 124 96 -128 -4 -1 -1 -1 -1 -1 -1 -1 -128 99 127 124 127 119 99 104 107 118 113 89 94 106 102 104 113 101 88 97 110 116 100 102 97 101 113 117 113 114 111 118 111 111 117 97 112 111 100 105 101 102 116 96 102 108 100 110 122 99 94 119 113 125 117 118 119 106 125 119 122 111 120 116 112 113 104 112 125 123 114 117 125 102 113 127 110 127 114 118 6 0 94 102 87 113 107 104 73 3 81 108 89 105 64 31 96 96 99 116 106 120 105 114 105 96 117 117 127 105 20 108 93 111 99 107 93 73 93 81 71 76 0 19 81 94 93 104 96 96 93 87 76 77 77 82 85 88 88 90 88 88 83 88 106 0 93 96 104 110 108 112 108 100 114 117 112 117 116 99 116 118 127 127 123 118 100 107 108 118 117 113 96 116 87 88 95 85 127 106 123 127 84 0 54 50 47 79 52 53 -16 -27 93 65 -128 36 62 73 112 99 112 113 127 108 91 90 116 104 117 105 110 122 127 124 113 107 94 100 93 45 -1 -1 -1 -1 -16 -11 -31
127 118 123 124 118 123 120 120 124 124 116 122 119 123 119 119 124 122 118 114 118 127 123 124 127 117 117 117 119 122 124 116 117 117 117 119 119 117 124 116 118 118 122 122 127 94 0 122 123 118 116 117 122 119 119 124 127 120 125 127 60 123 127 122 127 124 119 117 108 105 108 100 112 97 97 102 94 79 78 79 82 83 54 59 79 85 84 84 85 84 87 88 97 0 90 81 77 81 99 101 90 95 87 89 89 88 93 93 97 95 93 95 101 87 93 99 111 104 113 112 110 120 111 106 117 124 111 107 101 83 96 81 90 90 105 96 95 100 91 105 106 104 106 112 104 105 120 127 120 120 117 105 120 111 110 104 106 114 94 111 124 106 110 111 108 118 111 122 111 116 114 116 94 76 82 78 106 124 97 104 114 127 120 96 111 104 110 118 78 107 91 105 116 120 102 118 90 101 117 104 112 106 104 112 116 102 102 94 116 96 79 110 106 105 101 91 83 84 84 87 95 90 93 94 83 82 99 105 110 93 83 87 85 117 102 111 108 110 101 127 123 127 127 127 125 123 122 123 127 125 127 127 -128 112 113 124 116 118 111 127 119 112 112 122 105 118 112 108 111 127 105 120 104 95 105 -22 -2 96 -1 -1 -1 -1 -1 -1 -1 -128 89 127 108 110 108 100 102 102 85 91 95 102 104 108 102 106 89 99 99 113 113 101 106 106 107 117 116 106 111 111 108 97 106 119 106 116 112 119 101 105 110 111 112 113 110 101 105 108 117 106 96 108 124 106 120 124 113 112 122 114 118 119 108 111 124 110 111 127 127 127 114 120 108 111 122 89 0 122 108 124 0 0 90 114 100 105 100 97 93 87 127 107 101 88 0 94 108 101 118 96 118 116 111 122 116 81 100 114 125 110 48 105 107 113 108 84 90 94 91 83 74 55 0 31 91 97 93 95 97 93 90 77 76 76 81 87 87 85 88 83 88 79 87 104 95 89 79 99 105 116 125 97 97 117 106 111 111 97 118 127 105 99 106 117 112 100 123 99 116 112 104 123 106 93 117 100 100 106 122 112 0 94 91 61 50 48 61 49 43 -69 -128 59 78 -3 -128 79 53 107 79 107 102 114 104 112 89 125 117 106 104 113 104 125 123 120 116 112 96 78 95 0 -1 -1 -1 -16 -4 -28
123 118 127 127 122 123 123 127 118 120 122 122 118 120 123 117 119 119 122 120 118 117 127 127 124 123 116 117 117 122 122 118 118 119 118 118 118 113 117 123 124 124 122 122 113 127 118 127 0 94 124 127 119 123 125 123 127 127 127 0 123 127 110 110 124 118 120 120 112 110 104 104 100 101 101 99 93 89 85 84 84 81 81 78 81 84 84 87 88 94 96 101 0 81 116 85 88 100 81 0 84 95 90 90 91 94 90 99 91 99 106 97 93 100 96 97 112 108 119 107 123 127 113 113 125 112 119 119 120 0 120 102 100 97 118 105 110 105 91 100 116 101 107 100 122 111 105 96 113 118 118 118 125 106 117 110 106 120 120 107 113 99 118 91 90 127 111 114 95 100 127 125 102 111 56 66 82 99 105 102 94 94 100 107 85 81 95 76 102 106 106 100 105 101 94 95 38 108 116 112 112 106 111 102 97 116 108 100 94 95 113 105 105 94 105 111 113 104 94 112 100 105 91 79 83 84 81 87 93 25 76 93 97 83 112 101 111 105 117 123 123 123 120 123 124 122 127 125 123 124 127 -128 127 120 127 127 108 127 120 118 113 105 0 123 116 111 106 124 127 119 118 110 108 118 -128 -1 -1 -1 -1 -1 -1 -1 -1 -1 -128 127 114 122 105 110 110 116 100 104 114 32 108 88 89 84 102 82 105 108 108 89 96 106 116 113 108 112 106 97 113 116 89 106 102 114 116 107 106 105 107 87 82 87 4 104 99 116 112 123 120 120 100 125 105 96 120 124 105 104 123 102 106 110 111 124 114 119 101 94 124 111 117 123 106 127 100 100 124 124 127 106 0 0 97 99 116 102 83 90 117 91 105 108 105 97 0 83 94 104 105 91 127 97 114 111 108 90 90 107 99 83 117 71 88 105 85 88 107 79 81 85 88 95 0 0 101 104 101 95 94 93 88 74 76 78 84 89 88 88 89 84 83 85 87 90 101 106 93 99 110 113 117 125 112 123 127 96 111 116 122 127 117 127 111 104 123 122 117 107 125 113 117 119 99 104 96 104 10 56 102 127 0 58 53 52 49 58 62 71 59 -128 73 50 -53 -17 54 60 72 85 83 102 117 127 107 101 106 123 124 114 108 112 113 112 114 114 93 108 85 114 79 -6 -1 -1 -1 -14 -26 -12
127 125 127 127 127 127 125 127 127 116 127 124 122 123 119 113 119 118 120 120 119 117 110 119 127 122 122 122 123 120 117 120 119 119 122 119 117 119 122 123 120 120 122 122 122 122 127 127 124 127 127 13 90 119 119 122 125 122 118 123 99 125 119 114 111 122 122 124 119 118 116 110 105 104 105 110 94 93 96 88 78 89 70 19 81 84 84 84 87 85 90 91 101 0 95 2 89 56 0 0 0 0 97 91 91 105 101 99 100 101 104 99 114 105 106 100 104 110 119 127 116 99 120 107 114 120 116 124 111 85 91 95 106 122 104 104 101 113 113 116 97 97 111 112 105 122 118 113 117 123 108 118 107 112 127 110 116 120 94 101 90 85 78 0 93 114 113 127 118 94 77 107 107 72 125 71 72 0 64 79 82 116 108 117 113 88 112 104 111 111 106 95 90 94 76 100 94 95 113 114 87 105 96 90 127 111 101 95 116 94 116 104 94 91 100 89 112 79 93 105 70 88 89 95 90 95 66 104 96 89 101 79 114 106 88 73 87 113 113 101 108 118 120 127 125 123 125 123 120 124 91 122 118 127 108 127 127 127 127 119 104 105 127 110 117 102 107 118 120 107 123 104 96 127 -128 -128 74 -1 -1 127 -1 -1 -1 -1 -128 102 111 116 127 127 123 114 118 120 81 108 111 81 102 113 108 99 104 117 96 99 96 106 113 114 110 116 110 108 114 114 104 110 112 116 113 110 105 106 104 94 93 112 100 105 105 127 122 113 102 112 120 112 124 114 101 118 119 112 116 127 118 114 127 123 100 102 102 120 91 94 104 124 100 120 106 120 55 122 107 110 119 0 0 108 100 105 68 83 105 113 118 108 105 101 96 0 94 114 125 96 105 120 90 100 81 101 76 124 127 110 59 27 74 0 49 93 117 88 77 88 95 94 70 0 0 99 104 94 100 95 88 77 76 76 81 89 89 90 90 82 82 91 87 94 89 70 95 100 113 117 107 127 119 124 124 95 111 101 120 127 102 119 101 123 127 101 116 127 124 113 127 112 118 111 20 70 104 119 106 104 81 0 70 58 52 52 56 53 61 -36 65 70 -128 -119 58 53 79 56 83 110 124 114 94 107 123 110 120 122 122 105 99 114 111 110 112 90 117 107 0 0 -1 -1 -1 -13 -23 -11
113 113 114 117 122 122 117 118 125 114 122 117 116 116 119 118 119 122 117 118 122 111 0 120 124 122 120 119 123 122 122 118 120 125 120 119 120 122 119 124 118 123 123 123 118 117 125 127 124 123 127 113 127 0 83 114 117 113 120 120 120 118 127 124 124 119 127 125 124 119 117 107 108 100 105 99 96 97 97 93 90 88 84 53 68 83 81 84 84 84 89 90 78 0 0 91 99 0 35 108 0 0 0 105 104 101 107 112 105 107 102 114 127 114 101 112 124 122 124 119 127 111 118 127 120 125 127 125 117 119 118 124 127 114 111 127 118 102 107 108 119 106 110 105 127 116 104 125 123 110 127 119 108 113 102 95 106 91 102 108 90 83 102 114 112 117 108 108 108 102 119 97 100 96 102 110 116 113 0 110 118 99 105 117 79 90 105 116 90 108 94 104 84 105 101 101 0 106 100 117 116 93 89 104 93 111 101 119 119 100 91 91 110 99 107 101 87 107 97 97 96 82 97 101 96 93 91 94 93 0 82 88 100 110 107 99 111 102 102 117 124 118 113 114 122 125 120 122 125 120 125 117 93 35 120 124 120 116 116 124 110 122 0 127 122 113 119 122 108 107 118 113 106 91 -128 -1 -1 -1 -1 -1 -1 -1 -1 -125 108 127 127 120 105 102 95 99 113 104 104 0 108 102 94 114 99 114 112 112 106 107 105 117 111 101 116 106 117 104 96 108 96 110 122 94 105 111 100 96 110 96 102 111 0 118 117 112 113 118 117 114 111 120 120 107 116 127 119 111 105 113 118 111 114 106 120 127 114 119 113 114 127 122 127 114 119 127 79 117 108 108 0 0 100 120 70 112 117 119 91 79 113 105 84 90 102 47 85 106 77 91 124 106 89 104 68 104 110 122 106 105 0 108 116 107 0 99 102 95 90 95 89 73 0 0 84 99 95 85 89 95 66 74 79 79 87 88 88 82 79 89 90 89 90 90 91 0 101 100 97 107 116 89 111 94 112 90 113 107 127 120 102 104 118 127 108 123 124 119 127 104 106 55 18 88 112 123 123 104 118 82 64 82 64 58 62 61 62 64 65 68 68 -128 27 65 54 59 68 77 113 124 120 106 123 106 117 116 127 119 122 114 123 102 119 105 101 114 99 73 32 -56 -1 -1 -1 -28 -26 -25
127 125 123 119 123 120 118 112 112 118 120 118 120 120 119 118 117 118 114 119 119 127 0 114 120 117 120 120 120 125 123 123 124 120 124 123 124 123 120 122 122 125 125 125 123 124 127 119 127 127 117 127 127 127 116 124 112 0 97 118 119 127 127 124 117 122 124 124 110 120 120 112 110 108 104 104 105 96 96 96 95 94 89 83 96 0 70 89 88 88 85 88 88 0 0 94 81 16 0 99 97 108 0 32 99 96 108 100 116 116 120 117 122 120 119 110 120 102 112 127 119 100 96 127 124 123 110 110 119 0 100 111 117 113 118 112 125 124 111 127 123 124 113 104 123 119 127 116 125 111 125 108 104 94 100 100 106 97 105 102 102 114 112 95 113 97 114 112 87 87 127 112 107 101 122 107 76 83 117 15 96 82 104 70 97 99 112 114 87 94 97 91 89 110 114 102 108 111 93 100 108 116 110 111 110 105 89 96 93 94 90 105 111 106 100 94 96 110 87 110 117 105 96 82 108 89 81 85 95 84 77 81 89 64 105 112 66 95 116 93 110 116 102 125 123 127 125 124 122 113 105 116 107 127 36 116 112 125 117 119 116 111 111 127 112 123 111 107 113 101 125 105 93 105 -128 -1 -1 -1 -1 -1 -1 -1 -51 66 120 116 107 117 116 102 83 104 102 94 100 108 104 101 100 110 105 96 96 108 117 110 106 112 116 110 113 110 108 104 102 101 110 114 112 97 114 95 104 107 114 112 97 111 107 0 124 113 127 112 104 97 104 127 122 118 123 124 114 118 116 106 120 114 107 117 119 127 104 114 116 104 117 123 105 100 124 120 99 122 94 110 124 0 127 120 112 99 104 97 76 91 105 91 106 91 81 0 76 112 99 73 116 90 106 107 96 120 88 84 108 94 0 114 100 117 96 7 108 100 101 102 81 88 88 72 0 95 88 84 96 91 78 74 74 78 81 81 81 82 84 89 93 94 90 93 94 95 88 102 100 99 104 93 101 93 113 107 102 101 125 99 123 113 117 118 95 123 127 120 47 0 127 118 123 102 77 108 118 114 74 84 78 62 49 61 53 60 62 62 65 65 65 37 -128 56 55 58 67 87 106 90 105 113 118 127 122 108 104 124 99 104 114 123 119 94 116 123 105 96 118 42 -2 99 -1 -21 -40 -25
120 116 117 117 120 114 119 117 120 119 120 120 122 119 119 118 117 113 120 116 120 100 99 118 119 119 119 123 124 124 122 124 120 125 124 122 118 119 123 123 124 125 124 117 127 125 127 127 124 119 123 122 122 127 127 125 122 127 0 0 116 125 120 124 111 110 112 118 117 117 119 112 111 108 105 107 107 104 99 96 93 88 83 93 76 19 64 74 99 76 87 91 89 0 0 0 0 0 99 96 101 0 37 96 94 96 91 111 112 113 111 114 114 124 111 118 127 120 112 127 122 127 118 122 114 127 119 120 116 123 117 118 111 114 118 104 127 127 122 119 118 116 122 112 124 108 110 120 108 123 82 112 114 89 119 108 100 107 96 93 110 105 78 99 118 106 110 112 116 112 110 113 97 99 105 104 110 76 101 13 111 112 94 111 88 101 117 117 107 87 90 89 84 102 102 119 0 105 107 117 116 102 111 113 96 93 107 93 122 84 116 100 106 108 110 107 107 116 112 65 81 78 93 96 107 93 79 91 113 0 90 99 94 97 85 77 87 97 108 105 102 122 124 97 127 124 117 118 118 116 119 124 124 113 100 104 124 127 122 118 110 127 0 111 125 111 113 116 107 101 127 127 94 -58 -1 -1 -1 -1 -1 -1 -2 -128 119 127 110 123 113 113 90 107 107 112 102 111 119 0 81 97 117 114 102 83 96 110 102 102 113 113 110 114 111 102 105 108 111 112 118 106 117 114 94 99 102 113 105 114 110 97 93 94 117 117 111 114 117 118 127 127 120 125 122 124 124 124 114 123 112 127 127 119 96 100 124 112 100 113 120 106 117 123 119 96 0 101 127 0 0 49 97 106 76 113 110 91 99 114 90 110 111 85 96 0 106 100 88 104 99 91 78 118 95 84 107 107 90 0 77 113 112 114 119 49 0 113 102 96 97 94 79 60 0 60 87 94 95 93 67 74 78 79 85 83 85 87 87 94 95 95 91 89 91 94 91 101 97 105 107 88 89 95 110 123 97 120 102 110 110 89 116 106 106 52 1 110 113 100 113 110 127 122 118 116 120 117 93 68 58 52 70 66 47 61 64 64 64 62 61 -128 38 58 56 58 74 108 113 118 127 116 114 114 83 118 116 95 113 100 118 127 94 117 117 108 77 119 62 19 -1 -1 -11 -27 -23 -20
127 120 120 116 111 112 114 117 120 124 122 122 122 123 120 118 116 114 116 118 114 117 111 117 112 119 120 122 118 114 125 124 125 125 125 120 123 120 119 124 123 122 123 127 117 119 124 125 127 127 127 127 124 123 124 122 127 120 127 120 101 127 0 110 122 112 127 124 122 114 117 123 116 122 118 111 105 107 96 101 100 97 88 87 84 78 54 31 0 74 79 91 93 68 0 0 54 85 102 99 95 0 0 0 116 100 104 99 97 117 117 127 124 120 123 116 124 118 117 123 123 127 104 105 123 102 118 105 111 117 113 93 100 93 119 112 112 119 105 120 123 112 127 117 117 101 122 107 88 112 117 108 106 97 108 100 122 107 99 111 83 89 81 95 100 82 74 93 90 67 104 110 106 110 106 105 87 102 100 0 91 95 94 90 102 107 111 96 107 94 107 107 112 97 94 111 127 124 114 127 119 117 110 116 112 118 111 118 106 104 102 101 94 107 110 108 107 111 106 91 97 113 107 79 87 102 87 93 104 101 104 108 89 88 101 87 101 96 89 89 99 116 108 113 120 118 127 127 119 116 127 123 124 120 122 95 127 117 114 127 125 125 110 127 113 114 120 118 114 119 114 91 -1 -87 -2 -1 -1 -1 -1 -128 73 108 120 127 127 107 112 95 101 95 122 108 84 110 116 105 113 94 122 100 99 100 108 107 102 113 116 110 118 110 110 99 104 112 116 114 110 105 111 105 94 110 119 119 107 105 118 97 97 0 113 112 122 114 114 122 122 125 127 116 122 125 125 108 120 120 127 110 124 127 108 116 124 118 112 127 117 111 108 127 116 120 107 127 111 0 0 120 120 104 105 114 102 107 96 99 111 101 111 117 90 114 0 94 102 90 90 97 85 99 68 100 97 7 64 96 107 0 111 89 116 111 113 0 24 96 101 100 78 99 73 0 0 96 88 96 82 74 74 78 83 87 88 88 88 90 91 91 94 91 88 90 0 101 96 85 96 111 88 112 113 120 104 122 100 114 119 95 99 62 0 111 113 116 108 99 107 123 114 119 117 117 124 112 101 76 70 74 87 70 54 62 61 64 61 64 55 -34 -1 56 55 54 66 100 123 116 127 114 97 127 112 108 119 95 120 112 118 112 119 127 107 116 105 113 72 -51 100 -1 -3 -23 -32 -16
111 104 113 110 107 116 117 120 127 127 127 127 120 118 113 116 110 112 116 125 108 101 122 117 120 122 120 120 122 127 125 120 127 124 127 127 127 127 127 125 125 127 127 127 127 123 124 124 124 127 122 124 127 123 122 120 124 116 118 114 117 127 123 118 122 0 91 124 124 127 123 125 127 125 119 117 113 113 107 102 104 96 94 87 87 82 83 88 79 62 78 81 111 0 0 127 108 111 110 107 106 74 41 0 95 104 104 105 110 104 124 127 108 120 101 116 125 124 108 127 106 124 94 106 122 105 108 108 0 112 106 112 90 122 122 91 89 113 102 91 116 108 120 122 120 123 93 127 105 101 94 110 73 108 104 102 113 112 82 101 91 105 0 96 74 95 85 105 102 93 105 110 101 91 79 113 91 49 0 113 88 95 97 112 117 122 116 84 84 95 88 93 111 88 124 114 106 114 119 117 100 116 107 105 105 108 94 107 91 95 113 111 112 87 72 78 114 101 108 104 96 102 106 104 117 107 90 116 88 0 72 82 101 104 111 70 96 91 77 112 118 123 108 118 127 101 111 120 120 119 118 124 116 120 112 0 107 127 123 116 127 125 0 107 124 118 120 117 127 96 -35 -82 -1 -1 -1 -1 -41 -128 110 114 119 119 114 127 107 108 111 87 100 95 102 118 117 113 97 7 123 89 95 95 87 111 101 117 117 105 116 107 113 112 97 108 114 101 108 117 89 108 84 97 118 101 90 94 113 113 101 113 77 125 106 101 111 119 111 123 127 127 119 127 123 123 110 116 127 120 116 127 100 124 119 117 108 112 114 123 110 114 117 104 119 114 108 101 0 84 81 110 82 112 118 97 105 76 100 112 64 90 65 85 93 106 0 94 77 68 102 78 106 0 0 101 13 119 97 117 123 117 111 104 105 113 99 102 0 105 107 102 90 88 105 70 0 53 91 85 71 76 78 78 84 81 85 88 94 91 94 96 96 93 94 99 0 90 78 90 100 96 102 112 127 106 102 102 96 36 0 102 100 105 114 119 117 124 127 120 106 123 122 102 111 127 110 93 94 68 66 64 0 66 37 60 64 68 50 66 71 4 -7 64 55 60 95 127 118 127 127 91 106 114 96 120 90 101 118 105 99 117 107 127 120 123 94 113 -75 82 -1 -1 -20 -31 -26 -20
127 122 107 113 106 117 119 111 111 117 124 122 119 116 117 113 112 110 112 108 112 37 125 114 114 117 119 120 127 122 117 127 120 125 127 127 127 127 127 125 122 123 123 127 124 123 122 118 122 122 114 116 118 123 124 127 122 127 118 119 123 118 118 124 119 127 116 127 0 47 116 112 123 127 122 119 118 114 111 114 104 104 96 90 90 88 87 84 88 77 71 48 81 105 76 111 106 105 107 107 101 108 96 58 0 101 111 110 101 110 116 118 125 118 114 117 107 106 119 88 123 111 114 100 90 102 87 117 114 114 102 93 113 118 105 113 118 102 106 97 110 101 117 120 101 111 110 124 90 106 83 77 112 100 94 79 76 102 90 99 89 96 107 114 93 111 119 96 105 99 102 102 76 106 85 81 76 12 85 79 88 99 122 123 120 108 110 110 100 111 106 112 102 88 104 95 0 100 104 117 107 99 96 100 101 111 117 112 114 107 99 107 97 99 99 104 82 96 101 81 83 99 77 74 89 97 85 94 107 97 90 88 96 97 84 94 106 78 104 102 83 87 117 91 108 123 122 122 122 119 124 122 117 116 114 112 116 112 124 119 127 127 124 117 118 110 107 104 116 68 -87 -1 -1 -1 -1 -1 -128 90 85 94 95 111 105 127 85 107 110 96 95 94 113 125 117 95 112 96 107 104 95 95 107 117 114 116 102 116 118 113 116 110 101 111 108 96 105 110 101 110 110 97 125 114 116 111 114 95 94 113 113 116 119 107 104 123 105 113 108 119 118 113 122 113 117 127 124 112 101 114 122 124 106 110 105 107 105 122 95 125 111 100 113 97 118 0 0 87 102 113 91 85 96 108 99 100 108 97 105 111 107 65 94 101 94 37 0 20 96 1 76 0 82 89 101 117 95 107 116 127 119 113 120 106 112 104 56 16 107 99 102 90 101 91 70 0 20 83 76 74 77 77 82 81 83 87 91 94 97 94 96 87 89 96 97 88 88 102 104 108 111 102 96 108 127 0 19 125 84 100 113 105 117 120 122 116 117 114 91 123 120 111 95 127 113 91 94 85 59 64 58 9 54 60 65 64 62 71 56 44 -128 61 56 53 78 113 111 120 127 96 97 119 108 107 104 118 101 101 111 107 111 102 104 97 107 78 -128 -1 -20 -6 -14 -27 -28 -18
112 100 111 107 107 107 112 114 113 116 114 117 117 114 112 110 112 110 110 101 0 117 114 114 117 120 123 124 114 123 125 125 120 123 125 122 127 127 127 125 125 122 125 124 112 114 116 124 118 116 116 118 122 125 124 120 127 0 124 122 124 120 119 124 122 119 117 127 124 127 88 0 118 127 127 119 117 114 114 117 106 97 95 93 93 91 85 85 91 94 65 0 83 78 77 108 99 104 102 104 106 104 90 0 108 0 117 107 106 118 106 127 78 112 66 0 0 95 114 116 112 113 106 90 110 122 101 116 112 108 107 95 114 106 117 123 108 106 93 111 97 119 117 102 110 108 82 95 110 90 105 105 105 99 95 107 84 87 104 82 100 107 95 97 94 110 97 105 104 90 85 73 84 100 100 53 78 96 114 118 102 112 113 102 94 107 90 108 106 107 88 97 97 110 90 88 87 111 88 94 102 116 107 104 114 99 112 107 88 97 96 89 105 90 85 88 95 88 84 99 99 88 108 70 93 84 89 85 102 0 82 89 101 94 102 87 96 113 88 94 95 96 114 108 107 116 113 127 118 117 118 122 125 119 113 117 0 123 119 127 125 124 0 120 108 119 114 127 0 -1 -1 -1 -1 -1 -1 -12 127 127 110 90 100 97 116 112 112 108 88 95 97 119 114 118 113 91 113 96 106 107 113 120 123 112 116 110 120 114 114 116 107 102 102 107 112 113 105 110 119 110 95 125 113 100 97 102 102 114 111 112 95 9 100 113 123 106 106 127 118 111 125 125 122 124 123 122 100 107 116 113 119 111 120 112 110 123 114 102 110 111 111 123 114 123 104 0 105 106 82 81 97 110 120 111 99 93 122 108 99 84 114 106 87 89 90 101 71 24 71 9 20 71 95 89 101 122 110 117 106 0 105 99 112 114 101 37 20 118 110 123 101 107 93 94 77 0 19 87 71 76 78 78 84 81 85 90 91 89 93 95 88 96 97 91 90 88 95 101 106 100 96 107 0 112 116 127 111 106 113 127 110 108 118 119 120 110 127 112 97 116 107 91 122 116 101 77 65 65 66 53 66 68 55 61 61 62 60 56 0 -128 29 59 58 66 104 120 123 120 101 118 119 116 114 116 118 99 113 102 125 116 111 110 102 74 118 42 -1 -1 -128 -1 -22 -32 -18 -28
127 111 113 110 107 114 116 112 114 112 112 112 112 112 111 110 108 108 111 106 55 112 116 114 117 116 117 119 119 122 122 127 124 124 127 120 123 125 122 118 118 127 114 118 127 127 122 114 123 118 117 119 122 123 124 119 120 101 112 120 119 125 123 124 122 127 122 125 116 123 127 127 114 119 87 0 124 124 124 122 101 100 96 94 97 95 94 91 87 93 96 78 61 0 0 102 99 101 104 106 112 117 117 102 0 0 0 0 122 3 107 111 0 0 0 0 44 0 0 116 100 117 116 94 99 83 107 110 0 79 118 114 97 105 87 112 112 119 74 104 100 89 107 93 111 91 108 119 99 85 82 113 77 91 71 106 90 88 79 78 110 88 0 104 96 90 70 77 82 77 105 89 96 85 106 105 0 81 85 78 85 107 76 83 100 83 94 119 100 111 95 88 105 110 96 83 0 107 99 100 85 99 94 116 116 118 112 111 89 101 94 95 88 99 105 88 81 91 90 105 106 76 108 105 79 79 105 71 70 87 102 93 94 101 82 106 100 111 85 82 101 93 93 110 105 114 100 104 87 119 127 124 122 122 116 122 120 90 114 125 127 127 119 118 113 112 125 127 -128 -1 -1 -1 -128 -1 -121 0 124 102 84 101 108 108 123 119 104 100 96 100 124 119 120 101 110 94 89 118 90 117 101 114 122 114 113 108 105 101 112 107 114 100 102 107 94 105 114 114 114 94 95 122 123 95 100 105 125 108 106 117 94 108 97 117 117 125 123 105 120 112 118 111 118 127 123 114 101 112 125 118 127 124 112 111 119 113 116 101 120 108 111 106 108 127 113 0 0 104 112 85 105 117 95 112 104 77 104 104 88 108 104 97 106 101 78 102 108 105 97 125 110 82 107 102 102 93 114 120 111 107 112 105 113 99 87 31 108 97 101 105 114 106 102 99 66 83 0 61 68 70 74 77 82 78 83 84 91 89 93 94 90 89 89 91 111 0 96 100 88 0 100 104 106 113 119 110 119 123 111 113 117 114 122 114 122 104 102 122 111 105 91 95 107 113 101 73 83 79 56 62 73 108 66 53 58 61 59 60 -30 31 65 55 65 74 107 112 117 122 127 110 123 108 105 123 119 89 120 107 117 104 101 120 113 56 82 50 -1 -1 -2 -128 -23 -28 -17 -26
111 104 105 107 102 104 104 107 106 106 108 107 111 111 108 108 110 110 110 117 104 114 116 116 120 119 118 116 118 122 124 124 127 123 123 123 118 119 127 117 118 120 127 117 112 123 125 120 113 113 114 117 118 117 122 116 127 122 122 122 119 122 118 122 118 122 120 112 101 123 124 122 112 113 99 116 127 0 108 122 125 106 101 100 100 99 99 95 95 94 116 104 73 79 0 72 95 99 101 105 113 111 102 122 104 106 97 0 0 0 0 0 112 96 106 127 110 0 0 76 102 113 107 117 97 83 91 106 113 90 96 95 110 111 108 118 117 95 100 97 101 110 114 96 118 102 105 127 96 84 94 112 100 101 79 81 77 93 104 95 105 77 105 94 97 79 107 114 108 96 105 106 90 112 91 78 0 110 108 84 106 99 99 105 113 123 120 110 119 106 112 96 117 95 89 20 87 101 106 105 106 96 107 110 105 94 114 112 97 118 116 94 96 102 84 93 118 107 82 106 76 96 99 78 79 91 88 87 95 56 102 104 105 99 78 85 84 99 106 101 111 122 94 112 117 113 96 113 127 123 107 122 123 118 123 127 127 59 125 112 120 120 0 120 125 112 116 -128 -1 -1 -9 -1 -122 0 82 120 99 81 117 114 91 127 113 120 106 95 107 114 120 99 91 97 91 102 118 117 117 111 96 116 118 118 112 110 112 113 114 113 106 110 100 111 100 117 112 90 108 96 118 123 100 102 108 117 112 104 107 101 113 0 108 108 113 106 111 111 123 127 125 127 116 112 90 107 123 122 105 117 105 106 104 119 114 114 111 119 108 120 125 118 111 114 100 0 127 104 112 116 77 71 110 108 76 106 96 107 84 101 90 82 78 102 88 110 96 105 102 87 122 116 111 119 104 125 102 118 95 123 114 91 105 96 95 0 116 106 113 122 107 99 96 93 87 25 0 83 73 74 77 78 84 79 85 87 90 96 89 85 89 94 95 91 89 19 0 111 113 83 94 104 96 117 122 120 111 110 114 127 120 124 127 119 119 108 94 104 87 87 122 99 97 95 72 97 88 55 70 87 84 9 71 55 55 56 53 0 -128 66 50 58 74 90 120 118 116 116 113 127 114 113 107 111 91 117 99 105 89 94 113 106 116 81 31 -56 -1 -1 -20 -12 -20 -27 -21 -20
127 111 106 110 106 100 101 106 106 106 106 104 100 105 106 107 107 108 108 114 116 113 114 117 119 116 120 116 119 120 122 123 123 123 127 125 123 119 127 125 123 120 120 116 113 114 124 122 113 116 124 119 116 113 125 113 120 124 122 122 122 119 120 117 124 116 125 127 119 119 123 120 111 113 116 105 123 127 124 122 18 0 99 114 106 96 97 96 93 100 105 102 91 81 90 90 0 0 71 87 117 88 110 108 111 104 95 116 124 118 0 117 108 127 111 116 99 94 95 0 62 110 95 105 114 100 97 84 110 97 119 102 110 110 95 100 106 91 122 111 84 102 101 88 111 102 89 106 85 96 95 95 101 84 83 78 70 82 71 93 108 87 14 120 94 73 89 88 96 105 91 99 78 91 108 117 83 0 83 107 83 93 72 97 113 118 117 114 95 91 112 104 101 100 88 102 9 83 95 102 94 101 95 99 101 106 108 117 112 111 105 111 116 108 97 99 112 111 95 93 94 2 0 70 90 67 114 74 83 90 91 85 95 88 88 101 105 84 94 83 100 114 85 110 96 101 94 107 99 123 111 127 124 117 122 123 112 112 97 73 127 127 123 120 117 113 127 -103 -1 -1 -1 -128 122 24 127 119 107 95 89 97 93 127 117 110 113 96 111 125 99 101 110 106 116 120 118 118 0 112 108 119 118 117 100 94 108 94 118 106 114 119 105 105 102 110 114 100 99 100 122 127 118 101 107 127 119 107 113 119 113 107 104 111 120 124 110 120 127 123 118 125 122 113 95 125 116 123 119 119 114 116 102 112 118 110 123 114 106 105 112 112 110 101 104 0 125 106 90 85 108 101 97 102 81 108 113 85 110 74 99 77 94 107 101 113 95 88 104 76 94 91 101 127 99 100 105 101 107 106 0 100 105 102 108 93 35 91 93 108 93 116 101 87 82 70 9 0 68 83 79 81 81 81 83 84 84 90 89 96 94 101 87 0 29 82 95 114 111 107 93 94 99 108 127 110 108 113 113 117 122 111 116 117 112 125 99 111 93 106 78 74 105 84 73 118 58 45 62 85 72 83 0 27 49 62 -27 -50 -128 59 54 53 58 82 72 122 123 112 112 117 110 94 94 113 106 122 100 108 108 88 104 113 127 127 68 -2 -1 -1 -6 -18 -18 -31 -11 -20
106 110 105 101 101 102 106 106 106 104 108 107 104 105 107 107 107 108 108 96 104 116 116 117 117 120 119 119 119 122 124 124 124 125 123 127 127 127 122 124 127 119 118 108 120 124 123 122 123 123 113 122 116 119 120 111 116 114 123 110 116 105 112 122 122 114 122 117 120 108 120 120 124 120 127 127 127 127 125 122 125 116 117 97 0 104 96 90 99 96 116 97 84 91 90 88 99 73 61 55 0 85 113 119 96 106 116 110 107 96 127 105 124 119 123 122 120 127 114 0 0 78 116 101 87 110 107 0 111 110 110 102 93 73 116 94 100 94 104 94 97 95 81 70 93 102 91 88 110 82 78 101 97 81 70 102 89 99 87 107 72 91 81 97 108 85 111 84 82 87 95 96 88 83 116 96 111 106 10 91 107 117 119 89 96 67 101 104 120 91 94 114 123 122 117 0 111 96 105 94 100 81 81 113 116 112 88 105 93 110 107 96 102 76 110 108 93 96 96 99 85 0 0 0 78 101 83 93 88 105 82 99 79 100 99 83 85 90 91 90 102 89 106 95 91 82 94 117 114 111 94 127 111 124 120 118 118 122 116 0 118 111 0 110 120 66 -128 -1 -1 -1 -47 125 113 9 101 25 111 99 108 0 124 125 114 85 101 91 117 120 104 112 123 125 127 114 113 119 110 100 111 96 96 112 104 124 122 119 117 97 96 104 116 97 107 114 90 100 117 122 124 106 122 127 112 110 100 116 99 97 116 123 125 122 127 122 127 127 113 113 127 108 111 110 122 101 120 105 117 111 100 107 107 104 122 119 110 110 122 114 113 107 124 113 0 62 78 111 112 82 107 113 105 111 106 101 89 76 85 81 74 84 101 85 84 114 110 93 76 94 78 96 111 120 113 100 94 97 117 120 0 94 106 96 85 21 100 106 116 113 117 100 93 83 87 61 0 0 0 77 85 81 81 82 83 83 79 90 49 0 102 91 89 78 72 66 93 102 106 88 84 94 110 124 97 111 114 113 113 127 107 113 112 83 114 114 125 122 89 89 71 85 72 73 112 61 45 62 70 67 56 53 58 54 -128 -128 -22 49 53 59 65 53 59 73 95 108 101 127 104 127 116 108 93 99 105 95 117 125 94 89 101 124 90 91 -125 -1 -1 -7 -1 -28 -31 -17 -28 -26
127 111 106 106 97 105 106 106 106 104 104 99 100 105 106 107 107 108 108 0 104 118 117 117 119 120 125 120 122 127 124 125 125 125 122 124 123 125 127 127 127 123 124 120 123 116 124 122 114 112 117 118 112 118 118 104 0 125 122 122 117 114 105 117 111 119 119 119 120 120 118 119 127 124 122 124 125 125 125 118 125 106 112 102 108 105 102 0 25 108 108 101 0 96 101 101 113 94 83 79 82 64 0 61 127 110 127 122 118 119 90 118 113 113 118 120 113 118 127 118 0 106 113 101 94 89 79 111 97 111 104 105 93 100 108 104 114 108 101 116 93 84 79 81 73 89 70 111 104 94 88 91 82 79 102 82 65 71 83 110 79 79 62 73 94 108 79 95 87 71 91 94 118 114 119 104 113 97 87 81 64 68 61 70 127 99 101 112 81 90 95 120 64 107 97 74 79 107 104 113 108 102 93 100 95 95 93 106 78 106 106 93 89 91 90 89 111 97 85 95 87 0 73 71 0 7 61 96 96 87 89 105 100 105 71 67 96 108 72 77 71 81 93 106 94 87 110 113 117 105 127 112 119 127 125 118 125 127 127 97 0 105 112 97 89 7 -110 -1 -1 -1 -1 65 127 122 110 99 111 110 117 107 116 118 89 127 107 111 127 127 123 124 127 124 117 120 107 122 0 107 106 99 127 118 116 124 101 120 112 97 120 101 111 113 93 114 116 107 108 120 120 97 99 112 119 120 104 95 120 106 122 116 19 120 104 95 118 127 106 123 100 122 95 127 123 106 105 117 114 112 105 123 127 108 122 91 113 104 118 99 101 117 123 117 0 0 48 112 94 94 78 101 110 96 95 110 90 105 106 113 113 111 100 102 112 116 113 89 70 127 120 118 122 116 99 123 114 95 107 112 83 99 85 102 93 0 118 117 113 111 113 88 108 113 89 79 68 77 0 0 79 81 81 81 83 90 0 0 72 96 89 88 90 79 77 65 0 93 102 89 90 95 108 95 96 113 108 120 116 117 116 116 116 114 125 99 105 108 105 90 79 74 101 66 55 67 55 52 54 60 55 58 66 88 -128 10 52 71 53 53 65 47 53 61 88 117 113 106 124 106 127 105 108 108 94 104 107 118 93 91 117 99 94 119 27 -1 -1 -1 -1 -26 -78 -41 -31 -23
104 110 108 102 97 99 97 104 102 102 102 104 105 105 105 105 107 108 0 107 117 117 117 118 120 119 119 124 124 123 124 124 124 125 123 124 124 124 127 124 124 123 122 125 117 120 119 106 113 117 116 120 116 119 108 114 108 106 116 106 112 113 123 119 118 119 113 118 119 119 120 122 122 120 119 125 124 123 101 113 117 116 108 107 102 104 104 101 93 102 0 83 111 122 110 105 84 91 96 106 104 97 78 6 72 112 127 127 124 110 111 111 127 112 99 116 113 104 99 85 0 70 119 100 73 110 113 105 100 88 101 107 84 97 73 88 114 90 89 106 117 96 91 70 110 105 122 97 99 83 108 84 89 87 93 93 90 81 106 82 82 0 76 87 105 94 102 90 95 81 85 116 118 120 101 89 99 114 113 123 87 58 71 0 0 67 62 82 82 54 9 82 108 84 70 0 95 127 97 97 89 93 110 81 101 112 100 112 110 108 114 114 96 108 102 106 91 84 100 101 0 65 105 83 0 0 0 18 91 89 108 95 90 71 72 71 90 77 94 84 108 87 104 90 101 90 97 110 106 96 104 117 108 105 112 119 119 118 111 117 38 81 0 64 -128 -1 -1 -1 -1 -1 -128 127 124 122 113 127 122 124 118 54 117 96 97 122 127 125 127 118 127 119 120 112 107 106 119 127 113 113 113 124 119 114 120 122 108 87 110 110 106 107 95 99 110 114 113 113 113 123 111 111 118 127 113 122 108 105 117 127 118 96 122 108 111 116 113 118 117 127 101 127 125 122 123 107 116 116 108 104 122 123 113 119 101 117 110 111 95 117 114 122 127 110 0 96 117 87 81 89 100 81 77 104 90 79 101 85 91 93 106 101 102 85 91 73 85 94 113 120 105 111 111 88 96 106 114 91 94 79 111 107 99 91 0 90 108 107 111 114 78 111 106 91 91 81 70 45 0 74 65 65 39 0 83 85 83 77 82 83 82 85 82 76 72 82 94 91 100 93 87 101 105 116 112 104 119 125 110 127 108 96 102 87 97 119 116 102 81 67 72 91 64 58 55 54 59 56 53 54 54 60 22 -128 56 72 70 50 52 50 55 53 71 72 108 120 120 117 111 113 102 117 108 112 106 111 97 118 111 116 110 99 97 89 -100 -1 -1 -1 -20 -32 -128 -9 -28 -27
127 108 106 99 104 107 106 106 107 104 104 101 104 104 104 105 106 102 0 112 111 120 120 119 119 122 122 122 124 124 122 124 124 124 123 123 122 122 124 118 119 110 114 113 116 118 110 118 110 117 111 111 112 117 112 105 116 117 120 117 119 116 116 111 114 111 106 116 117 120 117 110 122 117 120 122 127 120 124 122 117 114 108 113 112 104 107 107 101 107 116 119 105 111 1 0 96 94 96 94 110 99 93 105 91 43 88 94 94 112 114 120 113 114 102 111 107 101 120 96 97 0 78 116 105 79 107 0 106 104 101 102 88 100 104 94 110 105 73 91 105 106 110 96 76 89 110 71 96 105 88 87 112 101 78 101 81 94 113 99 105 85 55 82 88 81 104 85 88 105 124 120 118 113 106 116 99 89 123 119 90 114 124 127 122 127 127 127 104 118 127 117 127 119 94 90 67 102 89 105 102 94 94 102 81 108 101 99 104 90 90 106 96 101 106 94 82 110 0 0 0 102 93 104 110 72 89 16 0 0 84 99 97 99 91 96 100 89 95 99 97 96 90 91 72 99 101 95 76 95 82 88 113 117 116 102 104 118 119 127 125 -128 -128 -67 -1 -1 -1 -1 -1 -1 -61 118 127 68 112 112 99 104 95 101 0 119 123 127 107 105 101 102 106 110 102 100 113 124 112 123 0 127 105 117 100 120 117 105 108 111 93 101 93 114 118 113 99 111 99 106 107 125 110 101 122 124 106 118 117 113 120 122 111 110 0 112 116 114 116 116 127 114 127 127 122 111 114 105 114 113 100 101 93 112 91 112 112 122 119 100 110 120 112 120 116 119 0 90 0 87 107 105 100 114 71 99 88 100 93 84 111 104 77 112 96 67 100 99 95 104 111 101 91 110 104 112 122 108 118 91 81 105 108 0 102 87 54 107 113 112 113 116 122 110 100 101 95 88 90 41 0 0 43 82 89 70 77 84 79 71 81 76 74 77 74 78 72 73 81 90 99 84 88 94 91 119 110 108 113 112 117 120 106 105 124 102 120 106 106 112 65 61 52 74 67 55 45 49 56 56 56 60 58 55 64 0 55 53 50 44 58 65 58 59 71 87 106 127 119 114 123 120 104 122 124 123 99 113 127 111 105 127 102 100 99 84 0 -1 -1 -1 -1 -23 -21 -114 -27 -21
104 107 99 100 106 106 104 101 105 107 104 102 101 106 104 106 107 113 114 116 122 120 119 122 124 123 123 125 123 127 127 127 127 127 125 123 112 125 125 125 116 101 114 124 119 120 123 118 117 116 113 113 101 101 127 113 113 117 118 123 99 116 116 111 99 114 118 118 120 122 116 122 114 122 124 125 122 123 127 120 120 118 118 116 111 107 105 111 114 122 106 0 114 108 105 104 117 0 0 122 112 96 111 111 105 97 37 0 127 119 116 127 123 120 123 100 117 107 105 96 47 0 101 110 95 84 89 111 106 100 106 112 88 116 107 83 101 119 117 90 97 101 96 93 81 84 104 105 113 89 71 81 85 89 93 78 76 93 79 102 95 72 84 74 97 108 99 118 124 123 116 114 104 114 112 76 105 119 106 119 127 123 124 105 96 122 118 127 124 123 122 124 117 113 110 119 97 0 31 83 111 94 93 77 122 102 102 99 100 112 95 107 112 95 96 93 93 0 6 79 87 78 70 108 84 72 93 44 0 0 0 0 0 64 110 105 70 91 68 81 84 71 87 105 120 124 116 94 99 116 105 124 114 106 125 110 127 9 -128 -128 -128 -8 -128 -1 -1 -1 54 -1 -1 -25 125 118 113 112 110 96 90 104 111 0 127 127 127 110 105 125 112 110 112 110 100 112 122 88 120 119 116 123 127 101 114 116 96 107 107 93 122 113 113 118 117 118 108 99 100 101 120 122 96 116 124 94 118 113 124 108 120 102 107 112 117 117 122 124 127 124 119 120 127 120 96 120 106 91 111 124 108 122 113 104 113 108 116 117 112 108 118 118 108 111 127 0 62 77 107 79 89 113 81 89 116 94 112 101 90 107 77 88 89 106 95 78 107 116 114 117 89 107 94 119 124 119 96 113 105 112 93 97 97 84 97 78 7 105 112 112 110 119 125 79 91 102 117 0 0 36 0 0 83 79 74 81 82 91 74 74 82 73 81 78 74 76 70 74 0 85 79 83 83 93 106 111 123 127 127 127 117 106 88 93 118 94 68 72 73 70 62 66 60 58 53 50 54 55 61 64 44 55 53 61 53 -128 33 55 54 55 56 52 54 62 74 84 94 127 114 127 99 120 125 83 108 125 127 124 113 91 119 123 116 108 127 77 -1 -1 -1 -1 -21 -28 -49 -18 -36 -39
127 96 95 104 105 107 107 106 106 99 99 99 101 102 104 105 106 111 102 114 122 123 125 124 124 124 123 127 124 124 127 127 127 127 125 125 123 120 124 124 122 117 117 119 120 119 120 122 124 107 116 117 101 104 101 0 112 99 108 117 106 108 117 100 105 101 110 116 118 120 119 120 120 123 124 123 124 125 127 127 122 118 119 118 118 112 112 107 114 113 116 127 108 113 114 107 99 94 94 119 99 0 52 105 114 107 79 94 97 112 110 112 119 116 113 116 102 114 113 105 99 0 90 107 107 99 89 119 102 100 100 120 90 113 95 101 105 107 118 110 108 84 90 99 89 96 95 89 106 118 88 94 77 94 71 81 100 96 107 83 89 19 71 85 96 107 117 118 110 118 118 107 122 114 99 94 107 108 118 117 114 117 117 119 111 113 97 106 110 100 117 107 91 120 105 12 99 124 84 0 106 118 100 91 84 81 82 104 65 108 105 96 90 101 79 78 101 0 82 104 95 108 100 90 100 72 84 89 93 0 53 15 0 -128 0 60 60 95 74 89 107 94 94 117 112 112 120 116 108 125 100 120 91 85 0 -128 -23 105 -1 -1 -1 -1 -11 -1 -1 -1 -1 -1 -128 -21 127 127 125 119 114 116 101 120 120 0 127 116 110 117 101 127 118 122 117 127 122 113 106 104 114 117 68 120 123 120 117 118 94 104 111 111 118 108 104 114 110 112 94 104 95 105 124 124 117 118 117 104 123 108 127 106 118 100 108 113 102 117 116 116 127 112 127 127 124 127 117 114 101 94 112 111 112 104 118 119 105 114 102 119 111 83 117 104 123 113 124 0 84 106 84 104 78 97 107 91 95 91 100 122 65 118 85 99 106 107 110 87 122 91 102 100 118 127 108 105 112 96 116 101 119 111 100 91 104 95 96 89 0 111 104 100 95 119 119 100 33 0 95 101 77 61 44 0 74 82 78 81 81 76 79 82 47 82 83 73 68 71 67 72 73 4 67 83 90 90 106 120 118 120 127 118 106 106 107 105 107 94 79 79 73 67 66 64 62 58 56 52 49 54 56 54 54 70 55 58 37 -128 0 58 58 55 54 56 55 66 70 77 94 120 114 94 123 118 120 116 116 110 122 120 111 101 79 88 123 100 106 85 -74 -1 -1 -1 -4 -28 -32 -26 -27 -34
93 99 106 93 99 104 100 102 100 101 101 107 104 105 107 113 113 114 112 119 125 122 111 122 122 123 125 124 122 124 124 123 120 125 122 112 114 123 118 125 123 125 120 117 119 113 120 124 124 100 116 114 100 101 72 108 101 118 112 116 114 108 117 108 100 112 108 118 114 112 116 117 99 122 123 119 124 125 124 120 124 124 123 116 119 123 119 116 114 117 125 105 111 106 110 106 102 102 111 113 104 106 118 123 112 0 78 94 0 123 112 107 127 119 122 127 114 71 77 112 82 0 101 97 97 101 0 100 91 114 114 102 105 77 113 93 94 102 106 119 116 113 113 113 74 102 112 93 82 107 88 76 94 62 108 106 90 88 116 87 64 127 113 114 116 124 114 107 113 113 122 113 111 123 89 105 112 99 113 120 93 105 105 113 89 105 101 118 119 120 122 123 114 113 111 112 102 125 118 94 77 77 45 74 106 79 79 114 102 82 110 87 62 0 59 7 0 0 73 94 58 60 64 93 108 84 94 99 87 87 78 58 -128 99 0 0 0 110 116 112 119 114 113 127 118 120 114 94 119 105 106 117 85 87 19 -88 -1 82 -1 -1 -1 -1 2 -1 -69 -128 127 114 113 120 122 117 87 94 118 99 119 104 31 127 111 96 111 107 119 100 101 112 122 120 110 97 110 123 117 89 112 93 117 108 105 100 93 105 125 119 91 116 116 111 105 97 104 113 125 127 122 117 99 112 123 116 116 117 116 116 106 105 112 127 43 116 120 111 125 118 127 106 123 120 124 101 117 110 117 82 102 112 91 94 108 118 102 125 114 114 127 120 113 127 114 0 108 83 0 77 105 100 90 106 101 74 70 113 111 102 85 72 71 72 74 90 104 99 83 94 113 74 116 81 117 116 122 107 104 93 112 89 81 0 87 0 43 94 116 37 0 117 114 110 104 95 117 102 91 74 73 0 0 85 72 88 78 0 0 0 0 0 70 73 0 0 65 70 72 50 60 77 77 95 107 96 106 127 119 100 107 95 90 91 84 116 116 105 99 74 60 60 56 56 53 50 54 52 55 43 65 16 0 -128 -128 67 68 79 60 60 56 60 64 68 74 95 118 99 105 118 127 127 116 93 94 118 118 96 108 114 82 117 111 127 127 -35 -1 -1 -1 -17 -21 -30 -20 -35 -26 -35
127 100 102 97 97 101 104 101 102 101 102 104 104 105 106 114 102 0 105 116 123 119 123 125 120 120 122 123 123 122 123 99 113 125 122 122 114 111 122 120 123 123 119 120 123 118 110 117 118 118 106 105 106 108 107 104 114 114 106 110 117 114 113 105 95 100 108 113 119 113 116 111 104 110 120 116 122 123 125 116 123 125 123 124 122 124 124 119 117 116 116 25 118 113 104 102 104 105 116 114 105 104 100 117 124 119 105 83 108 0 29 90 118 105 127 108 114 83 87 101 83 0 0 88 102 87 0 110 107 105 93 100 85 81 90 96 96 116 96 76 94 88 91 93 90 90 101 84 110 105 89 93 107 105 97 105 97 70 99 65 82 0 106 114 116 112 108 110 110 112 100 108 112 116 104 111 99 87 102 108 93 111 101 102 83 108 89 104 114 120 122 120 122 122 124 0 95 96 102 110 0 0 42 101 0 3 0 0 47 81 82 25 10 31 94 56 0 0 35 19 85 43 67 85 82 94 91 99 93 0 77 45 -84 -128 67 107 0 0 36 38 101 110 105 100 104 106 100 97 104 119 117 96 107 96 85 91 9 -105 105 -1 -1 -2 -84 -128 -1 108 102 104 122 124 93 116 93 112 102 127 110 99 8 105 99 124 119 106 116 114 117 96 110 118 110 104 110 119 112 93 99 112 112 110 99 105 105 117 122 117 99 110 117 97 99 96 116 113 122 120 108 111 97 104 122 105 122 107 112 104 117 117 116 112 119 127 124 96 116 116 114 124 123 102 106 107 105 106 107 111 118 116 97 110 104 122 111 97 111 122 107 108 127 110 124 0 89 85 114 108 94 123 110 114 81 96 91 117 97 94 77 81 95 96 84 95 105 83 91 71 91 91 116 114 105 114 104 110 105 113 102 97 100 64 88 70 0 0 105 91 111 108 110 125 110 113 122 108 100 93 76 62 65 0 0 0 0 0 0 53 0 0 0 0 0 0 0 0 44 73 64 61 74 87 101 88 107 124 112 94 96 90 119 100 111 79 117 97 117 72 67 58 58 56 56 52 49 52 54 67 22 0 0 0 0 0 0 64 55 59 65 58 68 73 79 87 107 124 102 102 113 106 118 127 127 127 123 127 113 116 102 102 84 78 65 58 0 -1 -6 -1 -13 -35 -27 -25 -128 -44
93 102 101 99 102 101 100 102 104 100 99 105 104 105 107 113 31 108 110 117 123 122 124 120 122 122 124 124 122 120 110 122 122 120 120 116 117 112 116 122 120 123 123 120 116 117 118 118 112 111 111 111 111 123 99 120 106 117 106 105 99 111 106 102 107 101 119 110 110 114 113 113 111 114 117 119 123 116 116 120 124 124 122 127 127 122 125 122 118 116 18 113 114 110 105 111 113 106 110 107 105 111 114 122 122 113 89 105 68 24 78 120 0 62 91 96 107 89 97 87 99 0 0 0 83 110 108 97 107 83 104 84 87 102 85 97 95 106 91 105 105 96 89 83 96 104 105 95 104 102 108 108 107 94 96 95 84 85 95 77 111 117 108 110 111 107 104 112 112 111 105 94 107 104 107 83 89 89 77 90 89 93 81 85 105 107 97 100 100 110 125 117 116 117 100 111 120 101 106 107 101 101 125 105 106 118 110 93 117 100 96 104 105 101 0 0 91 93 52 100 113 100 104 68 0 101 94 96 78 82 91 -128 -1 -91 13 105 95 0 0 0 0 0 82 78 99 111 97 99 99 105 108 96 117 113 89 99 120 99 -96 -128 -128 -103 62 127 106 89 110 101 78 101 113 112 114 107 118 127 0 79 127 117 114 116 111 118 94 119 116 104 97 113 105 118 108 95 102 95 44 124 114 106 111 120 113 106 112 118 117 111 105 102 102 100 118 113 117 105 119 99 97 114 118 111 117 105 111 110 118 116 122 127 0 105 112 111 123 127 116 108 108 112 108 125 122 91 114 104 120 102 104 117 116 99 100 105 117 120 113 118 118 122 0 0 123 93 105 81 116 99 107 84 107 101 112 82 108 114 101 108 90 111 87 108 111 105 91 97 106 118 85 99 117 112 100 101 101 104 97 89 18 0 84 0 90 110 116 118 122 111 120 107 102 117 107 105 85 82 64 83 42 20 0 0 10 59 67 39 60 32 0 0 7 76 0 0 0 0 72 72 82 83 73 94 106 106 107 102 85 104 97 101 88 79 82 74 113 81 55 55 56 56 53 50 48 54 72 0 0 47 20 0 0 111 1 61 52 61 67 64 68 79 91 110 118 104 116 116 100 113 104 117 106 123 114 123 117 102 123 99 101 72 124 -116 112 -1 -1 -13 -25 -28 -21 -21 -128 -35
127 105 107 97 96 99 100 100 101 106 106 106 104 105 106 116 112 112 116 116 119 124 122 120 122 123 124 127 127 125 119 110 110 108 120 122 114 116 120 118 122 122 120 119 113 117 117 118 119 117 112 116 107 111 0 116 118 111 102 113 111 112 111 112 107 100 112 114 118 113 112 107 113 117 116 118 116 110 125 123 120 125 124 127 116 127 114 120 122 119 120 116 117 120 119 112 113 107 107 116 123 116 117 127 117 125 117 116 114 119 118 0 116 116 112 88 114 0 0 89 107 113 106 83 0 6 79 91 101 101 94 97 94 83 78 91 88 94 113 88 89 96 97 96 88 93 110 93 84 96 95 76 71 94 77 74 79 90 79 101 90 82 77 106 88 95 82 97 102 94 102 95 101 106 112 94 60 19 76 123 88 85 85 104 116 112 112 118 87 91 104 102 112 110 107 71 112 101 93 120 117 106 97 99 114 104 110 97 91 101 99 110 99 114 78 0 106 87 78 108 100 95 79 111 67 -1 113 97 102 0 78 -128 -4 -1 -27 113 87 91 84 72 100 52 0 0 20 99 67 89 102 97 97 101 90 87 112 101 85 95 104 127 127 122 107 118 110 122 107 100 107 105 114 101 108 116 127 108 0 112 122 112 116 111 100 99 101 107 107 108 99 112 118 102 116 90 108 124 125 111 114 113 119 104 119 102 117 118 118 97 101 95 101 114 120 122 107 90 96 108 111 113 108 100 120 107 113 122 114 122 117 108 112 110 119 118 124 127 111 119 117 123 122 118 111 107 110 117 122 112 114 112 96 94 112 116 117 123 114 113 117 114 0 72 108 113 88 0 111 96 93 104 79 100 116 112 118 90 77 117 82 84 77 97 102 106 101 110 127 93 106 101 90 120 113 101 0 10 102 87 87 82 0 91 19 99 110 88 111 108 102 114 113 107 97 108 90 89 77 67 66 62 71 62 56 54 37 62 56 61 68 76 65 66 67 59 24 0 24 74 62 76 68 72 93 111 117 96 99 117 95 100 79 74 78 81 85 66 64 91 73 56 58 52 49 62 0 0 25 18 8 12 0 54 48 60 60 56 61 66 79 105 119 116 108 120 99 124 118 118 108 114 110 116 102 122 119 111 104 99 81 60 70 -128 94 112 -1 -2 -17 -22 -22 -21 -44 -55
96 104 100 97 97 99 97 100 102 101 104 102 105 104 107 105 113 114 114 117 118 120 120 119 125 127 122 124 127 124 120 122 118 119 120 118 123 122 114 122 119 119 119 117 120 113 114 117 106 110 116 101 116 84 117 104 111 118 116 116 112 104 107 114 112 108 118 119 117 105 113 112 117 117 114 117 119 124 113 119 119 124 123 127 127 120 127 123 122 119 127 117 123 119 113 116 113 113 110 116 116 118 124 124 122 113 120 120 117 117 102 81 127 114 127 104 100 79 89 81 24 0 83 105 0 0 93 114 94 107 112 116 107 93 89 84 105 96 116 111 107 99 72 91 105 88 99 96 107 88 96 91 106 79 112 111 97 82 90 84 0 99 106 105 114 100 105 89 76 105 100 91 82 93 67 78 0 0 72 89 77 89 83 111 95 105 79 116 102 93 99 96 110 106 100 99 99 104 106 108 117 90 113 84 101 112 99 90 110 95 100 107 108 101 0 111 99 79 106 82 93 97 87 96 78 79 96 102 85 68 0 -1 -1 -1 -27 101 100 83 89 88 77 88 70 0 90 93 88 97 102 88 94 84 95 114 94 100 82 110 106 112 94 110 19 113 100 90 108 90 112 96 95 100 102 127 101 0 127 112 119 112 104 108 99 106 96 101 113 113 110 107 94 108 93 120 116 110 0 110 108 108 94 114 113 104 113 100 102 108 102 113 118 122 111 114 102 116 114 104 113 111 89 124 113 110 108 113 117 113 111 108 85 122 122 122 127 112 110 116 122 127 110 122 112 105 110 120 119 113 99 102 118 112 123 124 122 122 117 117 127 0 0 85 101 95 117 124 123 117 95 90 116 106 107 97 77 108 110 89 94 84 106 100 113 116 89 117 104 127 88 104 0 76 119 107 91 99 88 90 87 82 93 16 87 88 76 106 87 99 100 93 118 101 116 101 101 73 65 62 58 73 52 54 48 60 67 54 64 62 66 82 83 78 77 67 81 0 0 0 0 0 0 10 102 104 94 104 105 114 105 73 68 71 73 68 72 60 60 48 55 52 52 48 60 0 0 19 16 13 4 0 0 52 58 45 61 59 65 73 79 111 114 91 85 107 107 91 105 102 94 113 102 120 108 97 96 101 124 114 90 90 -86 83 -1 -1 -7 -23 -18 -27 -23 -35 -49 -18
127 102 96 96 101 95 96 102 102 107 104 106 105 104 104 93 94 112 114 117 119 122 111 123 125 127 112 119 127 124 120 127 118 114 124 113 111 114 108 120 119 114 118 117 118 114 124 113 114 111 123 119 122 113 125 116 114 108 105 100 113 120 114 117 105 111 116 119 117 100 117 107 113 119 116 122 119 117 104 119 116 112 127 127 118 127 125 127 124 105 0 127 117 125 122 122 116 124 117 114 116 116 125 123 127 124 124 125 105 120 118 105 102 106 89 114 117 127 112 117 118 122 122 111 100 0 0 91 101 93 107 83 85 106 95 90 78 97 110 83 79 107 100 106 88 65 91 91 93 78 105 71 88 81 81 95 90 88 67 62 105 100 107 61 87 100 102 107 96 89 94 83 35 0 0 93 0 0 0 16 0 0 78 76 77 111 78 81 108 88 101 105 104 105 110 95 118 117 116 118 74 107 107 104 113 104 97 112 101 74 91 83 112 111 0 1 105 90 88 97 76 102 91 67 67 -89 116 95 79 0 118 -128 -3 -1 -128 117 105 79 87 107 94 110 111 0 82 81 111 108 88 108 97 99 97 72 114 110 97 112 111 97 122 84 111 90 90 84 114 108 84 104 111 89 116 127 71 112 120 122 106 106 102 114 120 127 122 114 120 88 108 100 100 127 123 125 114 111 71 95 110 113 94 117 97 112 97 83 108 99 105 114 108 122 106 116 113 111 108 95 110 107 114 124 104 118 112 123 117 114 120 125 120 100 120 112 108 120 125 117 122 119 122 108 90 114 114 123 120 90 107 87 118 117 124 119 122 101 107 123 119 71 0 96 108 87 120 85 67 99 118 119 112 118 105 93 102 84 108 83 77 105 87 113 113 112 90 111 0 0 93 100 112 122 113 111 90 79 77 85 100 83 87 112 0 83 82 81 89 88 112 105 94 124 99 125 84 96 82 72 84 81 72 68 65 70 83 58 81 81 61 96 91 85 85 77 76 68 0 0 0 0 0 0 127 106 104 104 127 84 101 74 67 68 72 76 64 64 61 58 55 52 54 48 52 0 2 18 10 13 13 19 0 53 61 0 61 60 65 78 77 119 111 97 77 118 120 114 123 127 112 90 96 113 114 84 106 127 116 106 82 79 53 -8 -1 -1 -9 -32 -21 -28 -35 -22 -37 -20
97 101 100 96 95 100 101 106 110 112 111 104 111 110 111 0 117 114 116 118 122 123 119 127 120 124 127 124 123 123 119 120 113 120 111 108 113 114 117 114 117 111 117 119 116 119 119 123 118 117 118 120 112 127 113 117 108 111 100 114 119 108 118 118 118 122 120 118 117 113 113 118 113 119 118 117 118 118 114 110 111 119 114 125 127 127 127 108 125 118 122 122 125 123 125 125 122 117 114 114 112 114 123 127 123 123 116 117 112 122 120 106 97 0 68 110 81 -1 55 127 100 125 112 99 21 0 100 116 100 71 0 20 84 104 113 102 119 118 95 93 107 97 85 105 81 88 76 70 83 105 77 84 102 89 77 83 78 97 93 72 70 65 71 65 83 104 99 94 93 111 30 0 37 83 0 0 101 110 0 0 0 78 94 90 90 81 101 84 87 94 94 83 85 95 0 110 118 104 89 113 90 108 105 100 102 117 102 88 108 106 112 83 97 0 91 100 107 83 73 90 83 88 85 76 99 85 105 99 107 104 73 -1 -1 -128 91 96 94 93 94 82 101 85 77 0 89 94 101 95 100 90 107 100 88 82 100 82 87 110 89 125 110 105 22 91 125 105 107 84 118 118 97 122 108 102 125 100 117 111 127 124 120 107 120 119 120 118 102 93 113 113 112 101 116 113 110 97 0 117 100 96 107 113 110 101 97 114 117 117 122 118 120 114 108 104 111 116 105 99 113 104 90 100 104 112 116 116 113 117 119 127 118 117 123 112 119 112 116 120 122 113 122 111 114 120 118 113 105 123 110 106 124 122 119 110 101 116 124 127 106 0 0 0 113 125 100 2 116 96 119 91 110 76 119 108 107 96 79 97 112 77 0 0 102 90 127 118 82 96 93 87 114 108 94 120 105 89 87 78 87 85 18 0 37 68 88 88 101 90 97 101 119 119 99 91 111 84 84 85 74 64 73 78 85 88 85 89 82 85 83 81 91 91 76 79 84 85 35 43 70 58 0 102 108 97 108 111 110 112 88 77 71 68 73 62 62 72 66 56 49 61 0 0 0 20 12 14 13 13 13 21 0 0 78 0 41 55 68 72 76 65 74 88 104 118 114 125 119 106 90 113 112 119 83 104 120 96 127 104 88 83 -128 101 -1 -1 -25 -17 -23 -40 -32 -37 -47 -22
127 95 101 97 97 99 99 100 105 105 101 107 110 110 108 0 111 114 117 117 119 125 123 120 123 127 123 127 120 125 118 114 120 122 123 107 117 107 100 114 108 113 123 122 122 124 120 117 124 122 122 125 114 0 127 120 120 112 112 105 118 122 119 120 113 122 122 119 117 116 119 120 113 116 117 122 119 117 117 114 117 110 108 127 127 125 127 122 95 127 127 117 118 120 122 122 122 116 125 119 114 113 110 125 124 120 112 123 127 107 127 101 127 82 -128 12 97 -128 -128 106 114 114 118 127 127 0 0 105 77 112 68 84 82 87 19 0 93 90 74 91 74 96 102 74 89 76 104 89 76 100 105 99 95 74 110 95 94 89 90 82 55 81 79 66 100 108 101 48 59 0 0 0 107 84 100 117 90 110 104 85 -17 0 44 81 100 99 89 84 96 99 90 89 84 78 94 102 102 114 111 114 106 104 82 100 83 112 100 89 70 110 89 93 76 79 0 0 100 73 106 85 87 104 73 84 104 -114 104 100 127 52 106 -37 -1 -72 74 74 102 100 91 99 89 100 81 0 0 77 96 102 96 82 95 97 105 84 94 84 97 95 88 110 118 106 116 99 104 105 107 90 101 107 102 127 118 0 105 112 127 125 127 122 122 120 127 116 108 112 113 93 101 106 125 113 100 112 97 100 113 124 114 95 118 106 99 123 105 116 114 113 118 108 95 113 107 111 108 114 101 105 101 88 105 114 94 118 94 108 114 106 120 124 112 0 122 118 120 111 122 112 122 117 113 114 110 108 119 110 111 111 118 117 127 127 108 93 106 123 125 124 125 116 106 0 127 99 118 101 114 118 108 113 107 100 104 107 104 79 70 0 35 64 97 107 94 61 77 104 85 97 112 100 116 106 111 101 108 84 91 70 83 78 93 36 38 53 79 78 93 93 117 95 119 110 89 124 110 91 101 79 88 83 88 73 76 94 104 100 84 93 97 88 95 105 85 67 96 108 50 0 102 71 56 0 106 94 105 111 93 110 111 76 64 65 71 62 62 82 95 62 52 4 0 0 0 15 12 9 18 13 13 2 13 4 0 67 56 56 66 99 81 79 104 100 93 99 119 107 127 119 119 84 89 97 85 120 114 118 107 125 116 87 71 -1 -1 -1 -18 -34 -17 -45 -49 -39 -30 -49
90 96 95 95 93 96 96 102 100 106 108 106 101 99 113 111 113 116 117 117 120 120 123 125 123 127 127 120 122 120 100 118 127 113 117 118 116 123 105 110 114 114 112 119 122 119 117 116 116 123 117 117 45 118 122 122 114 117 118 118 119 119 112 116 123 120 122 117 113 116 118 116 119 110 118 108 123 114 112 119 107 111 106 119 123 127 124 120 117 9 120 110 127 127 114 117 125 124 120 120 118 118 122 120 119 116 106 120 127 101 112 90 97 37 -128 -45 -128 114 101 124 100 106 113 87 89 0 0 85 85 78 78 88 70 107 72 97 104 113 0 0 79 83 107 85 89 100 108 99 113 96 90 96 99 89 96 85 68 84 74 79 85 91 93 102 88 88 0 0 0 0 83 99 106 85 89 -23 91 -128 -128 -1 -128 0 0 0 0 0 25 114 112 111 117 114 101 93 0 94 96 107 105 105 104 79 91 82 96 78 96 90 110 100 84 105 106 78 0 0 106 96 61 84 97 96 100 111 -102 106 111 108 72 94 -128 59 -1 77 100 85 90 108 95 111 90 106 105 0 62 107 89 89 84 99 84 82 87 96 89 87 117 91 104 85 93 104 29 105 88 94 97 111 117 112 105 0 127 122 127 107 112 114 122 127 120 119 118 102 102 87 84 124 117 117 116 113 108 104 97 110 0 110 111 108 107 93 100 118 108 101 108 94 96 97 96 108 91 85 99 100 93 105 96 112 114 122 113 100 111 119 106 118 117 101 124 114 113 127 122 123 110 122 118 101 119 119 122 122 114 100 106 120 125 125 108 127 111 112 122 123 119 118 124 117 117 0 119 106 127 0 105 114 107 114 114 61 0 0 79 97 97 94 82 105 60 38 112 97 117 102 90 100 105 104 119 96 83 88 90 78 73 62 76 79 81 82 18 66 68 67 82 76 87 108 96 93 84 91 102 107 84 87 83 93 96 82 81 104 105 101 97 102 104 101 107 95 87 107 107 107 100 97 33 33 0 0 0 97 101 89 122 102 91 85 67 68 65 61 84 96 79 64 16 0 20 19 9 10 12 9 8 7 6 14 12 13 0 60 61 68 81 68 76 96 116 102 90 127 117 127 119 112 118 104 114 111 123 116 100 117 120 99 120 96 -121 -1 -1 -1 -28 -36 -34 -40 -23 -25 -17 -47
127 96 94 93 93 91 93 99 106 105 105 107 107 120 122 96 122 119 117 118 120 122 119 122 120 123 123 122 124 120 118 124 119 118 124 118 117 110 112 117 117 117 117 116 119 122 120 119 124 123 118 116 111 122 113 125 120 118 114 112 119 122 122 124 122 119 123 112 116 118 118 116 122 120 119 114 118 117 114 118 104 117 114 122 116 124 127 125 111 0 119 119 127 127 122 118 122 117 123 124 124 124 124 124 124 111 118 108 110 105 101 108 110 127 111 -128 -128 73 127 117 123 125 120 127 114 87 0 60 100 105 116 102 77 95 102 94 43 67 67 108 84 64 84 66 42 0 0 87 72 83 70 56 89 78 85 71 89 93 95 101 0 56 73 0 20 0 0 66 94 88 82 99 91 91 96 33 -22 -1 -1 -1 -1 -50 127 102 122 118 62 0 0 0 7 123 105 96 85 89 90 104 112 94 105 104 104 106 112 93 78 97 100 97 94 91 104 95 44 0 90 85 87 77 93 101 84 90 0 106 88 83 85 82 84 -1 -128 107 93 84 97 96 102 100 101 95 94 88 0 87 96 88 96 107 85 96 85 89 116 85 111 111 97 106 107 101 95 113 84 88 91 95 93 122 106 127 127 104 108 97 111 125 124 118 106 108 100 114 106 107 106 119 118 117 120 97 110 110 111 107 110 112 111 108 102 106 90 102 93 110 107 102 108 99 96 111 108 110 106 113 94 113 97 100 100 108 116 100 105 116 124 116 116 114 122 89 127 127 122 122 119 123 117 114 122 122 125 122 113 106 111 125 125 106 116 108 110 125 124 127 117 110 127 118 102 0 101 99 114 95 0 0 96 87 100 108 112 105 125 97 106 114 111 97 90 0 88 70 110 88 84 114 117 94 120 97 89 96 91 95 85 85 89 72 76 53 84 0 72 81 90 73 74 87 102 76 96 104 97 100 94 91 96 96 105 72 85 97 112 107 106 104 101 100 101 102 105 81 106 106 78 95 52 50 61 91 0 0 61 118 122 118 95 79 62 60 62 60 64 62 64 58 0 0 18 16 12 10 10 10 10 14 12 7 7 18 0 65 77 78 79 104 76 89 108 113 118 107 105 114 125 105 106 97 94 107 111 123 99 100 120 101 110 95 67 -1 -1 -1 -31 -36 -37 -31 -31 -41 -35 -35
88 95 91 91 89 93 95 102 106 105 108 110 113 111 108 114 118 119 117 120 120 122 120 116 124 122 120 123 123 120 124 125 123 113 118 119 122 117 116 122 119 122 122 124 116 117 124 124 123 119 127 125 119 113 112 119 122 116 120 118 120 123 120 122 122 112 110 119 113 123 122 119 123 120 118 114 117 113 114 114 113 112 112 110 112 125 124 123 127 123 119 118 122 123 122 123 123 124 119 125 123 127 127 124 127 118 120 116 97 100 112 114 127 106 104 77 -128 62 127 102 114 112 102 113 0 44 0 0 0 58 105 114 88 84 74 0 0 6 111 114 81 100 102 102 89 89 85 84 82 0 0 71 81 68 84 83 95 89 90 48 37 0 0 0 0 65 85 78 66 88 99 99 104 107 112 -122 77 -1 -1 -1 -1 -40 118 127 119 114 113 110 110 0 111 116 110 107 83 96 105 111 91 84 87 96 107 84 94 107 104 95 99 107 77 94 111 99 0 0 113 93 77 73 81 95 62 0 101 105 91 70 26 96 -77 -81 53 89 96 102 82 77 102 108 90 89 106 0 0 76 104 95 107 97 88 95 107 91 104 95 110 105 104 106 100 87 65 100 104 104 108 99 114 112 106 0 127 119 120 120 105 123 123 107 108 94 105 110 125 125 120 105 117 113 113 112 120 117 94 106 93 93 96 84 89 99 85 94 106 104 107 89 95 104 100 99 104 111 110 104 107 102 117 105 107 108 114 111 110 127 122 117 124 117 127 110 125 124 124 118 125 122 118 120 124 120 122 114 101 114 123 125 120 110 99 127 118 120 127 119 123 127 62 0 0 0 0 122 79 114 101 111 89 97 79 113 82 83 97 107 110 82 81 71 32 101 100 76 87 96 117 107 96 114 112 102 101 107 108 83 91 84 82 90 76 0 50 65 83 88 70 73 84 85 83 93 112 89 101 96 99 100 106 107 95 67 104 113 117 117 114 116 108 106 112 118 108 100 107 93 105 0 67 67 88 56 77 0 94 107 119 101 66 62 62 60 59 77 55 55 49 0 0 29 19 15 10 10 10 10 13 13 10 13 16 0 58 65 79 74 79 91 81 91 105 123 99 104 117 111 91 107 117 113 110 88 122 127 117 108 102 106 97 84 -128 -1 -1 -22 -34 -41 -41 -39 -40 -35 -40 -44
127 94 91 89 89 90 93 93 100 100 104 104 105 108 0 112 116 122 123 122 122 123 125 114 119 127 127 127 124 127 124 120 120 122 124 123 114 120 125 107 118 122 120 120 116 118 123 123 124 117 108 116 0 102 124 113 124 117 116 120 125 125 119 122 124 118 104 120 118 119 122 123 120 119 124 125 120 116 111 114 122 116 105 111 116 120 125 127 120 127 123 122 122 119 108 119 119 120 114 122 127 124 117 111 127 127 117 117 111 100 114 91 94 116 105 127 118 -86 50 127 119 112 125 117 106 111 77 44 0 0 0 20 90 87 12 0 0 0 84 84 66 108 72 85 88 61 96 84 85 100 94 105 104 91 72 0 0 81 83 82 0 0 72 68 84 107 102 125 104 100 79 87 113 116 117 127 -128 88 -1 -1 -1 83 -128 50 127 111 118 118 118 9 0 127 116 114 93 71 84 105 94 99 73 89 78 79 95 77 90 79 83 105 116 114 112 113 93 0 0 91 83 106 72 60 50 43 87 104 83 101 104 90 -65 -1 -14 74 96 99 90 99 97 120 105 79 95 78 0 44 85 95 105 89 108 83 102 104 87 116 113 100 108 89 82 104 113 99 101 101 106 113 96 122 111 117 99 107 118 105 117 110 104 96 116 112 107 101 125 123 118 113 118 111 116 96 85 95 94 83 100 87 82 84 113 104 108 110 112 106 89 117 99 84 97 102 108 107 111 104 112 112 104 108 111 101 99 124 114 111 102 100 113 118 125 118 118 113 123 123 124 122 125 123 120 124 124 111 102 114 123 120 118 105 119 119 108 127 127 112 0 0 0 0 0 87 124 124 110 83 0 81 87 113 117 116 84 87 110 114 70 73 35 24 99 87 84 108 93 85 88 116 110 123 90 105 85 105 110 96 87 95 83 88 87 84 47 0 85 85 83 87 77 72 87 106 104 96 97 94 106 94 104 111 108 78 97 111 108 108 120 107 112 108 113 113 93 110 99 104 105 99 26 61 89 62 82 25 0 102 117 111 73 65 58 59 58 49 60 56 55 0 2 15 22 13 12 10 10 10 10 7 9 12 33 0 0 76 76 0 76 95 87 81 105 125 88 84 119 125 116 112 125 111 114 95 93 107 111 108 118 116 93 72 66 -1 -1 -6 -36 -34 -47 -36 -42 -49 -50 -37
85 90 84 82 84 87 85 90 97 105 106 107 118 0 106 117 118 120 116 124 125 124 118 114 120 127 127 127 127 123 124 122 118 125 120 117 112 123 124 119 108 127 114 117 125 127 124 127 125 119 104 0 117 117 123 122 122 119 127 124 116 114 125 123 113 105 122 117 118 119 123 120 122 117 117 120 124 120 116 114 106 122 106 108 117 114 127 123 0 127 127 123 119 107 119 124 122 124 127 120 118 122 117 116 124 122 105 107 94 95 85 99 111 100 95 95 111 -32 -31 127 106 108 95 95 117 124 116 100 102 77 0 0 0 0 45 0 16 67 76 84 107 90 82 62 77 76 90 89 97 94 99 99 96 99 67 61 0 0 0 0 68 0 0 31 91 104 102 96 102 95 100 116 117 118 127 13 -26 -1 -1 -1 -1 -91 -128 123 122 119 119 123 117 0 112 114 111 108 107 114 100 101 84 73 102 110 104 97 107 87 104 85 112 100 106 108 105 99 110 93 0 54 87 102 91 76 49 99 88 108 83 94 0 -65 -1 -128 95 83 104 88 93 88 90 101 104 91 108 49 0 82 120 112 107 93 90 107 94 89 111 100 84 84 105 84 96 111 96 79 105 111 104 107 125 94 117 105 127 127 127 127 106 117 116 124 127 127 127 127 110 122 112 106 108 93 100 93 84 110 118 118 112 112 116 113 107 108 110 93 113 104 106 118 118 108 105 111 107 111 88 102 91 105 105 122 124 117 102 123 118 0 0 0 0 0 0 0 124 127 119 127 116 118 123 112 125 117 125 107 122 119 108 112 35 0 0 114 114 127 93 56 0 97 111 114 100 120 118 97 111 90 113 107 96 110 114 116 104 101 101 101 39 100 116 114 111 90 106 100 101 89 91 125 117 88 100 106 90 100 107 99 113 78 89 76 0 52 25 91 89 93 87 73 79 81 85 90 95 83 88 85 99 111 107 114 111 106 95 106 106 114 104 99 112 114 116 123 114 123 90 101 119 106 72 60 117 54 70 0 111 89 93 89 58 55 58 58 55 55 54 66 56 0 10 10 12 12 10 10 15 10 10 18 15 19 0 15 97 107 105 0 113 106 89 93 117 117 106 117 122 101 127 127 101 97 108 112 112 127 120 119 119 127 102 99 -59 -1 -2 -30 -37 -42 -47 -51 -42 -41 -39 -31
127 88 87 84 82 87 87 89 90 95 101 108 111 124 120 117 118 122 122 124 118 123 120 117 120 127 127 127 125 127 124 124 123 124 122 99 119 119 120 119 122 122 117 124 123 124 127 117 127 124 111 110 127 116 118 119 124 123 127 124 119 120 122 118 120 123 118 120 114 118 122 122 118 119 123 119 114 119 116 112 122 120 102 116 117 110 122 124 0 116 123 124 124 118 112 118 123 104 116 116 122 110 122 114 120 118 106 104 111 104 102 110 100 71 89 107 95 104 -93 -69 124 120 117 99 0 112 116 114 120 87 84 0 0 0 78 96 0 0 96 91 97 76 95 96 79 74 68 84 62 95 104 102 105 100 95 85 89 0 68 65 89 102 85 93 85 70 100 0 0 0 97 112 110 113 116 127 -98 -9 -1 -1 -22 -1 107 87 120 119 118 118 116 20 0 101 102 114 0 111 97 102 113 108 102 91 88 77 91 83 88 91 88 105 97 71 73 108 110 77 62 0 96 97 101 64 79 104 89 99 78 90 96 79 -128 0 93 87 91 93 88 101 91 107 112 102 99 91 0 0 27 78 83 99 99 112 88 97 82 94 112 96 102 95 105 101 110 90 113 114 101 99 116 127 123 2 127 119 117 108 127 125 119 122 119 113 114 120 106 112 112 113 88 88 99 89 110 116 117 106 112 0 111 90 112 116 104 110 84 88 95 114 108 107 108 111 85 114 116 94 108 107 116 117 125 122 112 120 112 0 18 96 68 124 79 0 0 90 113 127 127 120 125 32 0 73 119 0 0 30 119 114 118 116 102 117 108 127 113 0 0 110 106 118 107 114 119 117 106 94 106 104 107 105 107 99 93 87 106 74 29 97 111 95 93 99 82 106 108 110 93 83 119 100 104 102 91 84 106 102 107 96 87 77 70 26 0 72 91 82 94 95 83 84 88 85 81 82 85 74 91 100 93 110 112 107 104 104 111 114 111 114 112 120 113 110 110 101 81 82 113 111 90 72 61 101 84 0 50 108 79 71 66 58 52 52 48 49 52 0 0 0 13 10 10 12 12 10 10 9 10 22 25 36 0 73 87 106 102 99 101 105 85 112 99 114 113 120 112 127 127 117 111 114 127 127 104 114 125 101 104 101 107 87 -128 -1 -6 -27 -45 -44 -46 -47 -37 -44 -35 -32
93 95 90 95 95 95 91 93 99 102 105 106 122 117 105 119 120 117 122 120 122 120 118 122 123 122 127 127 127 127 127 124 125 123 110 108 124 120 117 124 118 125 124 124 120 125 127 125 125 125 114 118 114 120 120 123 125 127 119 120 122 119 123 119 127 110 125 120 116 120 119 117 120 119 123 119 112 118 122 120 118 120 117 114 107 116 120 120 124 122 119 123 120 113 116 127 110 111 116 119 123 120 105 105 106 105 107 110 96 116 102 110 127 123 101 -1 -7 -128 -1 -128 0 118 127 95 117 95 100 117 106 101 101 72 25 76 88 53 0 58 79 79 82 102 76 100 101 100 78 94 94 91 108 97 100 99 105 101 0 35 87 30 105 94 107 99 83 73 94 96 113 107 85 83 74 0 0 38 -128 -61 -9 -107 113 127 127 118 117 117 117 118 120 0 0 122 105 108 99 110 99 84 87 93 95 94 88 93 95 96 85 91 74 77 102 112 112 94 99 77 0 96 96 84 95 79 100 84 105 97 89 81 0 77 114 71 106 99 74 90 112 116 107 119 108 116 89 97 81 0 45 85 101 96 107 113 91 93 110 106 81 88 97 118 116 117 127 96 0 0 0 0 0 84 108 117 127 106 97 120 118 123 122 105 111 117 110 114 102 100 106 110 97 107 122 120 112 89 112 113 112 107 104 105 102 95 95 88 110 100 108 111 102 102 97 96 118 104 90 96 95 99 117 119 110 124 118 99 0 119 120 114 124 118 106 0 0 127 127 127 33 0 0 0 0 0 0 85 108 125 127 120 113 101 127 127 106 125 0 0 123 111 120 104 118 118 116 119 96 82 0 116 107 85 108 90 96 100 102 88 112 107 73 79 85 97 107 114 102 104 123 111 89 97 108 100 77 97 104 85 104 89 89 79 0 65 68 74 77 85 91 84 90 90 87 79 77 77 77 82 105 97 112 113 95 83 107 108 106 117 117 113 116 117 104 106 113 85 90 106 110 97 0 79 108 110 82 0 0 94 68 60 64 62 56 56 71 0 0 0 0 0 10 10 12 12 10 10 10 13 24 7 12 0 78 85 87 99 112 96 89 83 105 95 113 120 127 102 117 111 99 116 96 124 123 125 127 127 120 113 100 105 102 58 -1 -1 -23 -44 -35 -39 -46 -49 -53 -36 -44 -39
127 100 100 99 97 100 101 100 100 104 102 97 104 76 122 117 114 118 118 118 117 118 118 120 122 127 127 125 125 127 127 123 125 125 124 122 123 122 122 119 120 125 127 123 125 125 127 123 120 118 112 0 123 122 124 123 124 125 125 123 122 123 124 122 122 119 123 124 119 112 119 122 122 116 117 123 124 120 118 118 116 116 119 107 101 107 111 120 122 116 119 112 118 117 116 118 118 117 113 112 123 122 120 114 113 118 119 116 118 110 116 125 113 52 -128 -22 -96 -67 -7 78 127 120 120 125 76 119 97 110 113 81 87 87 84 88 84 89 90 0 9 83 104 106 78 78 88 97 88 88 77 102 100 84 74 36 0 0 0 0 62 59 79 102 97 99 83 79 94 83 91 105 107 97 88 113 117 127 117 85 6 70 0 0 22 118 120 110 113 118 95 123 111 0 96 110 0 99 110 104 112 102 85 89 85 93 91 90 100 70 99 95 90 102 95 102 87 74 3 0 79 78 91 91 106 88 82 88 85 91 102 72 99 110 96 90 95 112 114 99 104 116 90 113 97 96 96 101 0 0 4 104 95 83 105 106 104 97 93 105 104 102 123 4 0 0 0 96 52 0 0 0 0 114 127 8 6 111 116 118 114 101 114 112 112 106 117 101 105 95 102 116 120 116 110 100 111 108 105 0 104 119 90 95 87 117 111 93 96 113 100 97 97 96 111 110 97 105 94 101 107 127 116 110 22 0 0 127 116 118 114 127 7 0 0 0 0 116 39 0 0 117 119 106 108 0 37 116 119 127 127 113 112 117 87 124 0 44 113 125 102 95 112 100 119 111 111 102 117 76 100 94 104 107 112 91 0 78 113 127 102 82 89 105 99 111 85 101 116 90 104 97 97 106 99 85 83 95 93 78 77 72 60 72 74 90 79 90 94 93 97 96 79 76 95 76 84 76 97 89 94 99 106 97 99 113 95 119 117 123 90 112 116 96 99 95 85 95 120 99 105 104 116 91 82 68 81 0 0 53 53 33 0 0 0 0 0 16 2 -128 15 12 12 12 12 12 12 10 16 7 13 26 0 79 76 113 96 110 0 70 101 110 85 127 125 113 94 118 118 106 107 106 119 119 102 111 112 112 105 116 106 55 -103 -2 -14 -47 -36 -45 -36 -55 -51 -35 -42 -32
96 100 100 97 97 99 100 100 102 104 106 112 114 91 108 116 117 118 119 117 123 123 122 123 124 127 116 116 122 122 125 127 127 123 122 124 120 125 124 127 122 125 124 127 125 123 123 124 117 120 0 114 123 127 123 127 127 127 123 123 123 123 124 127 124 127 112 118 120 118 116 118 122 119 120 124 123 122 124 117 118 117 119 118 99 108 118 0 116 127 119 102 122 118 118 118 111 119 122 113 125 120 123 125 125 120 125 123 117 112 107 88 -128 -1 -1 111 127 89 111 118 107 100 102 0 110 99 99 114 117 104 113 94 88 99 118 112 85 0 77 65 78 93 100 94 88 58 0 0 0 0 0 0 44 0 0 49 71 59 81 87 97 95 102 105 99 102 99 96 61 88 79 93 84 110 114 113 118 110 123 107 127 106 114 116 107 113 94 105 95 0 0 0 0 0 111 104 110 105 93 36 81 105 95 88 97 73 90 78 105 93 108 94 90 87 95 0 0 74 97 96 88 77 82 100 91 95 89 85 0 94 100 77 79 97 99 99 108 93 106 101 95 104 105 84 114 90 62 68 0 0 0 84 101 104 108 112 99 99 0 0 0 30 94 125 116 117 107 96 108 83 0 0 0 49 0 0 127 116 111 89 97 106 116 93 102 97 110 116 122 110 97 113 97 108 111 112 96 53 83 90 99 102 108 116 95 111 102 89 96 90 104 104 101 99 114 105 118 110 114 33 0 0 0 102 120 120 118 111 114 112 102 120 119 97 0 0 0 123 120 123 120 120 120 0 0 0 33 118 114 108 113 102 41 0 107 127 119 107 107 114 116 119 96 112 120 110 79 101 107 120 110 112 64 89 127 118 94 79 95 89 102 100 113 96 118 108 87 108 96 93 97 90 101 96 97 90 84 91 74 84 0 79 0 68 85 84 83 83 85 85 72 81 72 79 88 83 82 88 104 102 108 110 105 112 104 114 119 95 90 88 104 107 107 101 91 113 105 122 107 72 83 73 70 72 39 0 32 0 0 0 0 0 32 15 20 15 -128 18 12 12 12 12 9 9 8 10 13 12 10 6 0 71 110 85 97 110 0 93 118 100 87 101 108 95 112 97 100 105 111 114 122 120 127 127 117 117 119 104 84 53 -1 -1 -46 -41 -46 -44 -49 -40 -39 -37 -37 -34
127 99 101 97 96 97 97 97 100 99 101 96 0 107 111 112 108 114 113 114 120 107 124 119 122 122 117 122 118 114 123 127 127 116 117 122 122 120 117 124 127 120 124 125 124 127 122 124 122 127 19 125 122 124 118 120 123 127 117 120 120 124 120 127 124 127 108 118 123 127 118 124 119 125 125 125 127 118 124 124 118 112 107 116 118 118 96 106 120 122 123 120 116 123 117 108 112 120 112 119 122 114 116 123 124 118 127 119 119 112 127 127 -128 127 127 101 114 105 96 104 105 84 74 99 83 102 84 77 101 99 107 106 104 108 83 88 95 66 0 0 71 95 78 111 94 6 0 72 94 32 0 0 0 0 74 88 95 55 70 0 93 107 97 100 96 107 94 91 91 96 85 82 114 112 112 102 105 108 113 116 120 118 118 118 116 113 113 111 114 112 113 113 101 101 0 0 0 0 0 0 0 0 19 76 81 79 79 99 124 66 93 106 94 105 79 22 0 93 97 64 105 96 111 90 73 108 67 104 100 96 112 72 104 99 85 102 93 84 88 88 91 117 89 104 102 93 106 101 112 83 99 0 0 81 65 0 101 26 0 91 112 87 113 114 116 97 91 118 84 101 19 112 112 119 122 111 0 106 123 120 117 96 117 91 96 94 122 85 117 85 104 97 108 105 113 87 93 0 106 81 110 107 122 99 100 96 107 95 110 88 59 0 0 0 0 74 107 106 112 127 66 0 112 113 113 118 118 118 125 127 113 119 0 122 125 123 124 127 123 125 112 124 127 0 104 110 0 0 0 0 0 0 0 0 125 127 93 105 111 93 97 104 79 125 105 110 99 0 122 100 95 0 105 119 94 88 82 76 111 99 83 70 84 83 106 117 74 76 110 113 110 116 104 82 84 101 84 94 95 79 0 66 81 70 79 76 61 84 74 60 66 68 77 76 87 83 89 88 91 87 90 110 101 105 101 117 118 102 79 87 93 82 64 118 112 84 112 99 127 4 35 71 58 83 61 76 0 0 0 21 30 13 0 8 20 0 -128 41 0 13 12 10 10 13 10 13 35 39 32 16 0 79 99 104 82 117 72 76 73 127 114 97 89 87 119 125 122 119 125 125 102 118 111 120 102 99 118 93 74 71 -47 -1 -18 -46 -32 -50 -51 -44 -36 -37 -37 -30
96 100 99 96 96 97 97 99 100 101 107 0 107 107 110 111 113 113 118 118 117 117 117 119 122 123 120 118 120 127 123 124 127 125 124 120 123 123 125 122 119 127 124 117 118 122 119 119 119 123 110 120 127 124 122 124 120 117 119 120 122 120 125 124 123 112 123 114 107 113 124 123 124 124 123 127 122 124 124 122 120 122 113 116 111 104 113 107 119 118 122 120 123 106 118 117 114 119 117 120 120 118 120 124 117 117 119 119 127 122 114 110 -41 127 127 119 101 99 100 93 95 91 95 31 85 78 83 70 74 72 68 91 95 101 91 89 0 66 3 0 72 88 100 83 78 0 65 67 76 83 66 65 89 64 97 87 91 77 88 82 95 116 90 119 96 101 76 91 97 68 94 102 81 107 105 101 104 96 114 116 113 116 117 113 112 112 112 112 110 110 110 110 110 64 82 36 0 0 0 61 0 0 0 18 8 67 39 0 0 0 0 0 13 60 0 0 81 90 74 99 79 87 87 93 88 97 93 90 0 106 89 94 99 104 111 97 90 88 85 102 118 77 95 107 107 97 99 90 95 106 55 0 0 0 0 0 0 0 87 104 107 110 108 105 102 96 90 120 30 20 127 127 123 119 120 102 0 107 97 111 114 122 108 89 97 118 112 112 110 99 122 106 107 83 91 96 96 0 101 55 0 0 0 0 0 74 101 84 110 94 93 96 88 93 90 113 119 117 111 0 0 96 105 118 106 114 114 116 119 112 117 117 117 120 124 122 124 125 125 114 123 118 0 91 105 116 99 95 104 112 0 0 0 116 93 21 14 112 127 127 127 127 106 106 102 72 0 85 99 74 93 99 117 106 111 101 100 67 77 108 106 90 106 110 127 88 101 112 119 96 101 99 90 88 71 78 82 77 79 78 43 68 82 71 76 72 71 59 65 73 77 76 81 87 90 79 88 96 93 91 99 105 106 105 101 111 112 105 90 78 82 94 101 107 74 96 117 94 83 0 54 87 66 64 44 35 25 31 20 16 16 16 21 20 0 -128 10 10 13 12 10 10 12 26 16 37 21 55 35 0 36 68 87 68 88 60 83 82 113 101 78 101 104 111 114 113 127 112 113 116 117 111 127 81 101 88 105 67 78 -125 -1 -16 -44 -41 -46 -49 -49 -41 -39 -37 -34 -17
127 99 101 97 96 94 97 97 100 101 104 95 91 107 106 110 106 117 116 114 111 113 117 116 119 120 118 127 117 118 125 127 124 125 124 118 122 123 120 117 119 117 113 118 113 119 122 116 111 117 107 113 117 113 116 120 119 119 114 118 123 122 123 124 122 125 125 123 116 122 127 113 122 120 118 118 118 124 124 124 117 119 122 112 101 112 120 29 116 117 123 120 111 122 120 114 116 116 118 96 119 120 114 122 127 123 118 119 119 111 120 112 -122 93 116 113 117 110 99 110 91 101 110 0 90 88 84 89 101 84 74 88 87 68 100 39 0 0 0 0 0 0 0 0 0 0 70 96 105 95 99 90 84 74 112 60 94 88 95 111 76 93 99 111 89 107 104 79 74 64 67 74 77 83 104 89 85 74 88 82 111 108 106 105 108 111 111 113 114 112 111 111 99 116 107 106 99 105 107 78 116 90 99 0 0 0 0 0 47 94 107 0 0 0 20 74 77 85 105 91 99 105 90 90 47 19 0 0 0 0 0 0 8 15 39 61 96 112 84 107 102 101 102 100 110 93 107 88 117 108 99 100 114 88 90 93 111 76 102 107 105 104 104 84 110 107 113 114 47 101 110 123 124 117 105 120 104 0 0 0 0 0 0 0 0 0 0 26 74 105 117 102 106 102 99 116 113 81 110 101 96 88 107 107 110 88 110 78 110 108 94 107 95 96 96 104 106 117 104 0 89 117 99 122 107 116 114 107 116 117 117 119 0 119 122 124 117 118 120 118 127 123 38 0 101 118 113 102 113 88 43 59 123 73 119 0 81 117 96 112 106 110 119 76 88 101 102 100 116 112 94 110 108 110 101 97 107 114 112 91 93 85 111 122 70 102 81 89 70 94 99 108 100 90 89 84 74 67 87 65 0 67 62 0 64 64 66 71 77 81 84 87 78 83 79 73 77 79 79 87 94 102 100 108 107 114 112 107 111 74 76 77 91 83 78 84 100 118 113 127 53 30 56 44 37 33 19 18 13 27 41 15 0 15 0 -110 3 12 9 10 9 10 10 9 22 65 94 99 84 16 0 50 85 70 73 82 83 83 90 83 79 104 125 124 118 124 111 102 122 102 124 113 96 102 99 113 90 105 101 -128 -2 -3 -41 -46 -41 -55 -53 -42 -40 -37 -39 -23
94 99 97 95 94 96 96 97 97 100 100 113 105 106 105 106 112 112 108 113 113 116 118 117 123 125 123 125 124 123 123 120 120 125 120 127 119 124 117 119 116 114 114 113 113 112 120 114 104 3 120 117 112 119 123 118 117 118 117 123 124 124 127 125 120 124 119 124 127 119 117 117 119 123 124 123 120 122 125 122 124 124 124 125 119 88 0 105 117 118 112 113 122 116 116 118 120 108 118 114 118 122 125 124 122 120 117 118 114 114 101 -115 -96 101 102 127 118 125 127 118 102 113 118 117 127 114 106 85 68 81 77 88 100 62 60 0 77 70 43 52 0 48 33 0 68 66 62 76 90 84 94 91 89 72 73 72 101 99 0 82 76 96 97 108 96 106 78 94 87 81 90 100 91 104 107 96 99 81 83 97 107 100 106 102 97 107 106 108 113 111 112 111 107 0 107 112 114 113 104 113 97 101 83 81 65 78 74 0 0 94 9 0 70 97 97 104 99 96 102 90 111 84 89 85 79 90 97 94 19 101 81 89 90 85 97 70 93 106 100 108 97 82 85 99 76 100 105 76 94 99 96 71 95 105 88 62 77 67 101 108 112 89 117 118 85 105 95 96 127 114 125 123 114 102 119 104 112 108 78 0 0 0 0 0 127 116 111 77 88 94 114 81 90 85 104 84 82 0 106 85 88 106 94 99 95 106 82 107 87 106 107 91 101 111 111 96 122 123 0 38 101 96 113 110 114 111 117 114 120 114 120 105 127 119 120 114 123 113 124 124 127 127 0 112 105 108 96 114 110 112 -97 20 93 8 0 91 127 55 7 13 44 0 82 113 106 118 114 0 97 111 114 116 108 110 108 114 100 95 90 95 105 95 106 114 100 122 104 127 122 127 127 90 81 76 94 85 62 52 62 35 58 56 50 71 67 74 81 78 84 88 91 81 72 68 66 73 72 81 85 91 100 100 106 110 105 101 101 112 105 77 71 73 73 74 101 107 108 108 72 94 102 59 47 36 26 20 18 18 19 19 3 15 -75 -128 -128 14 13 13 12 12 10 10 10 12 43 65 66 85 84 1 0 64 62 73 73 62 81 0 76 82 93 122 108 108 106 118 123 116 114 99 114 102 108 89 113 122 112 106 -32 -1 -2 -32 -44 -41 -47 -53 -42 -42 -40 -41 -39 -39
127 91 94 90 88 95 96 96 99 99 101 97 95 105 106 106 110 107 112 116 116 116 117 117 119 125 120 123 123 124 127 124 127 124 118 116 113 118 114 119 119 116 110 110 108 112 106 108 114 21 108 113 114 118 114 116 116 116 118 122 116 122 122 122 122 119 120 127 122 122 120 116 125 117 119 117 123 119 125 124 124 122 114 110 117 116 105 116 113 108 124 114 123 117 122 117 119 114 114 116 118 120 118 117 124 123 118 118 117 124 113 88 -1 100 127 108 125 125 117 105 119 114 116 38 105 85 71 77 105 99 84 110 93 90 89 0 35 60 50 88 71 78 50 0 58 84 108 72 93 79 73 91 77 104 89 87 88 79 91 88 84 94 95 94 93 96 93 79 89 67 84 93 83 99 95 91 101 93 84 76 83 88 89 97 87 106 105 107 100 108 108 110 112 108 106 113 87 104 105 111 93 97 89 96 104 123 112 101 0 0 0 0 88 84 84 102 84 96 96 85 106 95 93 96 114 94 90 106 108 105 90 76 108 111 100 91 102 99 94 105 90 82 71 95 96 105 99 116 96 106 100 88 85 87 104 78 118 105 116 99 96 91 95 73 105 85 0 127 112 122 97 114 117 99 120 99 101 108 111 127 95 114 123 0 127 110 118 101 100 97 99 120 113 117 111 90 93 112 96 79 93 111 108 94 96 97 88 105 95 107 113 95 106 110 85 100 119 114 36 0 114 110 116 117 114 114 114 123 122 125 124 119 118 114 119 119 127 127 127 127 110 124 0 108 105 95 96 108 107 101 -128 -128 119 127 84 114 119 127 111 125 106 120 127 111 108 116 122 111 96 106 113 106 110 111 83 108 96 108 89 101 87 85 84 99 102 99 102 91 102 82 82 102 107 89 78 76 68 9 0 43 0 55 50 65 66 78 74 82 83 91 78 88 84 70 67 76 73 81 79 84 96 102 97 110 116 89 101 102 89 81 95 74 78 83 76 89 88 120 74 119 0 65 61 54 36 25 25 19 19 19 42 0 -128 -72 2 15 16 12 16 12 12 10 10 9 20 42 82 67 58 37 0 48 79 58 66 61 67 68 78 78 94 120 102 93 127 120 118 117 104 105 116 90 96 94 102 119 105 95 47 -1 -1 -18 -45 -42 -42 -54 -44 -42 -42 -50 -42 -40
88 97 94 96 96 96 96 96 97 96 0 111 107 105 108 102 106 111 112 116 117 116 117 119 122 120 123 124 122 124 124 122 122 127 119 116 113 110 101 111 124 111 112 118 101 15 -128 -82 -128 -115 119 127 110 114 100 108 122 119 127 127 127 125 122 124 122 125 127 123 123 124 127 125 118 118 122 123 120 127 124 118 120 117 117 124 123 120 119 123 123 123 123 120 120 118 122 118 122 114 107 110 112 117 122 117 127 118 111 89 0 97 127 43 -128 -128 -128 71 127 107 108 116 94 85 0 89 87 76 89 95 105 95 94 90 102 106 106 0 85 79 83 71 47 25 0 44 72 96 65 96 88 93 74 72 71 74 94 106 78 87 0 83 90 101 102 100 106 102 94 94 102 79 100 78 93 91 105 97 104 111 95 99 101 88 100 105 78 72 107 97 104 104 105 100 110 3 104 105 111 101 106 99 105 97 105 104 96 82 105 105 94 66 108 90 73 87 97 89 95 96 93 82 100 82 83 71 94 88 102 101 81 96 96 95 100 96 97 87 93 89 85 101 97 95 111 82 82 81 108 97 99 102 88 85 91 111 106 85 108 113 82 106 107 101 87 111 87 118 127 90 89 94 127 123 120 120 118 110 116 104 96 111 114 117 127 0 101 76 102 106 87 93 85 104 107 99 101 102 87 0 100 96 113 88 97 87 108 78 83 95 100 96 100 108 68 110 0 0 38 0 74 118 127 105 106 106 114 119 127 116 123 122 119 127 0 120 123 122 127 125 125 117 122 0 95 117 108 106 95 90 94 -121 -1 -128 90 -128 88 120 117 113 117 119 118 114 116 114 100 100 114 118 104 111 91 97 91 87 94 87 117 111 91 93 84 107 88 81 120 116 112 106 123 94 101 81 100 68 83 84 0 59 12 74 0 70 58 0 77 76 84 83 78 66 91 66 70 77 79 81 77 81 85 89 97 95 100 108 96 81 110 104 102 70 84 84 101 56 77 111 76 99 120 84 47 38 73 44 4 35 25 0 0 -128 -128 16 16 4 15 15 14 14 12 12 12 12 18 13 33 43 55 67 55 49 0 77 55 54 56 66 74 83 66 106 111 116 116 127 106 119 119 100 124 104 100 93 95 123 118 113 93 96 -87 64 -27 -46 -46 -45 -53 -44 -44 -42 -42 -49 -50 -31
127 94 95 95 96 97 97 95 95 102 0 106 99 102 106 105 108 114 117 116 117 118 113 114 120 123 125 123 122 120 125 125 123 122 124 122 116 107 127 125 114 100 104 112 111 -42 -1 -1 -1 -72 66 74 96 99 106 124 97 114 127 127 125 117 119 123 124 124 118 117 114 123 125 127 125 123 122 118 122 118 127 127 122 120 119 119 125 124 0 124 123 123 123 123 116 124 116 114 127 118 118 112 106 120 125 125 127 122 116 106 0 -128 -14 -128 -46 89 97 -6 120 110 113 125 107 96 106 107 112 83 90 87 77 64 79 110 87 77 82 0 79 58 82 68 66 55 0 8 71 79 95 90 94 81 107 107 101 104 101 89 72 71 0 79 72 90 110 105 100 105 108 112 106 74 95 89 81 99 107 105 114 106 -128 -128 -128 -12 110 107 91 76 96 110 111 101 108 112 111 94 101 94 118 88 82 107 101 84 106 108 100 105 104 99 72 79 117 74 83 87 95 90 100 94 77 93 105 100 100 99 104 88 87 104 85 81 90 78 110 100 104 87 93 113 91 97 93 90 95 88 114 116 111 107 101 101 118 119 127 111 90 104 97 90 101 99 104 97 39 62 106 110 108 87 112 118 117 117 114 122 118 120 127 111 114 110 110 117 120 0 0 108 110 114 85 99 89 111 118 116 97 111 108 91 94 108 90 100 100 82 102 85 100 110 105 107 114 118 107 0 0 30 0 0 100 102 101 106 110 111 114 120 125 113 118 119 120 114 116 120 119 118 124 124 124 124 124 0 0 111 99 116 127 76 127 0 -1 -1 -128 -22 -128 95 117 112 112 114 111 116 116 101 101 95 120 113 0 114 107 111 108 117 97 71 107 99 104 110 64 99 104 111 87 112 78 112 104 117 101 89 77 99 89 87 0 55 55 0 58 29 56 65 81 64 87 71 81 71 76 62 73 73 77 76 71 64 70 83 71 74 88 104 118 72 88 95 101 112 79 70 76 106 78 54 68 88 96 112 62 48 47 52 16 20 9 -128 0 0 15 8 26 38 15 15 15 14 14 12 12 12 12 15 26 54 45 79 77 81 0 99 61 61 55 71 78 91 83 104 119 127 112 124 91 118 95 119 120 117 96 89 107 124 106 116 93 87 0 -2 -1 -40 -51 -46 -51 -46 -42 -41 -42 -44 -50 -28
90 96 94 96 99 99 97 97 96 99 94 108 104 96 96 106 111 112 113 117 119 118 117 118 118 122 120 119 122 119 119 117 118 123 119 112 111 89 106 107 113 120 90 -50 -128 -14 -1 -1 -128 -4 0 113 116 110 90 99 105 127 124 122 118 119 118 127 127 127 127 125 125 114 113 114 119 116 123 127 127 127 125 123 122 123 123 127 123 113 119 122 118 122 119 122 111 119 123 106 123 94 111 119 112 123 124 124 127 119 117 110 -101 -1 84 -1 -128 116 127 94 93 122 127 122 127 123 32 93 111 99 93 95 87 107 100 95 104 0 0 82 55 94 73 82 61 77 0 0 72 88 88 79 76 81 82 89 94 94 84 93 85 78 83 108 107 106 95 81 97 113 107 84 101 105 101 104 111 97 106 113 123 82 -56 111 -1 -128 87 84 79 97 108 91 101 111 91 84 87 104 84 95 99 106 108 97 110 104 88 90 106 97 106 106 102 81 87 95 93 96 73 87 76 87 93 95 105 96 91 94 91 110 102 99 99 102 104 102 94 89 93 101 107 79 99 83 106 105 83 97 104 99 90 111 97 112 107 110 85 93 110 94 99 96 112 79 -89 89 116 116 102 118 111 122 112 127 127 113 117 111 113 114 105 114 114 111 113 123 89 0 0 65 90 104 105 94 107 102 107 90 107 105 94 81 107 111 95 106 95 85 95 106 99 101 108 25 0 0 0 65 120 111 119 116 102 118 113 123 120 117 120 112 111 124 120 122 117 116 0 119 119 123 124 123 123 111 52 0 93 110 119 95 106 119 73 -1 -1 -128 -45 -1 101 119 119 111 113 112 111 106 104 120 119 117 106 105 104 99 108 93 97 89 85 99 110 101 78 74 118 107 106 106 91 112 114 77 104 102 93 77 93 67 74 0 62 50 48 7 0 68 64 65 83 79 71 73 56 73 66 79 82 76 81 70 62 67 66 66 76 79 90 99 77 84 100 114 94 93 113 102 85 100 81 73 71 108 106 110 50 41 47 47 25 22 -128 12 12 25 22 16 19 31 15 15 14 14 12 12 12 12 13 14 58 78 90 52 30 0 0 72 55 56 62 76 94 73 0 95 119 118 88 116 127 122 124 123 99 117 116 101 123 104 90 111 105 0 100 -1 -6 -53 -40 -47 -47 -44 -45 -40 -47 -51 -46 -22
127 88 88 91 95 90 95 96 97 95 90 101 100 101 104 104 101 101 112 113 117 112 114 116 119 124 124 124 122 124 123 122 119 120 122 117 119 110 119 127 54 -64 -72 -1 -1 -1 -1 -1 -128 -7 -1 -6 -128 -1 -1 -89 -128 -101 127 122 113 118 122 127 127 127 123 123 123 117 119 116 122 123 117 125 127 127 124 127 120 120 118 123 118 114 119 127 127 127 124 127 118 114 110 114 117 113 110 116 122 120 119 124 125 123 117 124 110 -1 -32 -1 -1 -1 -128 110 127 113 114 123 117 118 16 102 120 113 90 1 0 0 0 0 0 0 24 45 59 45 39 56 60 106 81 29 0 96 72 90 65 78 73 106 84 102 67 99 105 85 97 101 104 96 100 82 101 73 97 84 100 100 104 100 118 96 99 100 107 114 113 106 -47 -8 -128 -75 -128 71 96 84 81 73 73 61 71 3 96 83 82 107 101 99 102 106 94 99 106 104 104 97 101 104 107 101 107 104 91 82 77 95 93 104 100 76 93 105 100 76 101 88 47 102 116 96 99 96 87 110 82 82 81 104 96 102 99 93 89 102 112 112 117 113 107 113 104 90 104 94 90 112 85 83 127 114 106 32 104 100 107 105 122 123 112 117 114 117 112 105 119 96 99 108 118 102 113 114 66 16 0 122 97 90 94 101 107 94 111 108 101 87 91 85 94 89 84 95 97 90 93 0 0 0 21 95 99 114 117 112 105 102 112 116 118 118 101 119 97 107 117 120 120 123 113 116 124 122 113 120 122 122 123 120 114 0 106 105 105 108 95 123 -128 -1 95 -81 127 127 127 120 120 113 114 116 111 105 118 117 114 113 97 125 89 108 102 88 112 108 101 100 101 104 93 97 101 102 78 93 94 104 88 116 97 99 94 78 76 83 88 0 59 49 47 54 52 49 61 55 0 68 68 74 56 55 70 65 62 70 72 78 65 54 58 67 71 72 79 83 76 87 106 91 85 96 99 111 94 113 89 85 58 84 93 119 66 0 33 32 33 15 0 1 30 7 15 14 8 12 15 15 15 15 15 13 13 12 12 13 41 59 74 96 35 41 0 0 62 64 73 73 90 94 67 0 85 84 105 124 122 125 107 106 112 106 106 90 117 122 107 127 93 0 -1 -1 -12 -49 -47 -54 -46 -44 -45 -42 -49 -49 -49 -49
89 91 91 90 95 94 94 91 100 100 101 102 95 101 104 110 111 113 116 116 114 118 117 110 117 120 120 116 119 123 118 118 117 125 114 120 111 -14 -128 66 -3 94 -1 -1 -1 -1 -1 -1 -1 -21 -1 -128 -101 76 -1 -1 -1 -126 114 114 118 112 123 125 127 118 116 118 125 127 114 122 117 112 127 120 118 117 123 119 119 117 118 117 124 0 127 127 119 122 122 118 117 113 111 110 112 112 110 108 112 118 123 125 127 119 127 127 95 102 79 -128 -4 -4 -1 -25 127 118 120 112 97 99 101 110 104 114 10 0 89 58 0 61 60 47 67 78 38 73 37 94 88 99 49 0 70 102 99 82 96 94 106 99 110 85 88 101 94 6 90 100 94 91 105 89 78 79 102 105 107 95 102 99 97 99 101 105 108 108 106 113 -79 -7 -8 -26 -82 102 118 112 89 91 112 105 102 88 76 108 85 97 96 85 88 79 78 93 89 97 102 99 93 99 93 77 90 85 95 100 85 95 110 100 93 84 104 97 85 87 89 93 94 105 111 106 95 85 91 91 78 0 41 81 90 112 105 114 106 119 108 101 85 94 113 118 107 90 87 0 0 0 127 127 113 104 96 102 110 105 100 102 127 123 116 112 119 122 110 100 122 99 108 107 97 96 91 113 83 72 0 79 84 97 36 68 0 89 112 68 94 116 95 82 89 94 99 101 118 0 0 50 101 127 97 100 117 117 112 99 104 119 102 116 118 113 118 112 112 124 119 116 116 112 119 116 122 111 117 120 123 122 111 120 0 105 106 101 107 110 77 -128 104 -4 -14 107 112 119 123 122 117 117 114 104 117 118 117 113 102 120 113 119 20 110 83 111 100 84 96 89 88 82 87 97 60 106 111 101 127 113 122 112 120 106 78 76 67 73 0 61 43 49 50 55 60 61 55 62 59 76 59 53 59 66 72 73 77 81 83 61 49 60 66 74 73 62 68 70 81 100 96 100 105 118 106 116 88 104 76 65 60 112 108 107 52 65 26 25 18 -128 48 0 42 36 19 30 24 15 16 16 15 15 13 13 12 12 10 27 88 61 82 43 3 6 0 27 77 83 68 81 64 70 83 83 117 89 102 91 111 112 113 90 112 119 105 90 102 96 119 91 48 104 -1 -21 -36 -51 -53 -47 -41 -46 -47 -45 -49 -42 -27 -1
127 50 33 88 94 83 83 88 89 0 90 95 99 100 99 102 105 105 111 110 108 111 114 117 114 117 117 119 119 122 123 122 119 117 94 125 127 -128 -1 -122 -128 -1 -1 -1 -1 -1 -1 -128 -128 -32 -128 -128 -128 -1 -1 -1 -17 -4 -124 120 120 117 105 127 127 125 124 120 124 123 117 120 118 116 120 108 120 122 120 120 116 118 114 118 108 84 127 116 112 117 120 113 112 114 113 105 108 110 101 101 111 119 104 122 125 124 125 123 119 113 119 114 27 -27 88 -1 -128 100 118 111 124 120 18 108 104 100 0 0 95 110 117 93 71 81 74 101 94 89 71 105 74 79 83 1 0 0 78 91 70 90 88 87 85 96 95 95 94 104 90 87 102 85 97 94 91 87 110 97 111 105 95 95 89 106 94 100 100 106 99 105 112 -126 -128 -128 -1 102 123 104 102 89 91 91 87 0 87 78 76 97 104 102 102 91 85 96 88 90 87 96 91 107 99 84 93 89 95 99 99 90 94 105 76 93 90 91 94 87 89 83 0 77 79 79 101 106 88 84 31 112 85 0 0 0 9 79 65 70 71 0 0 94 96 96 84 89 9 111 127 114 114 119 113 99 82 19 111 102 102 101 112 113 119 108 110 96 118 120 116 107 110 118 110 111 99 96 107 93 127 0 0 0 0 0 0 0 0 0 0 116 0 78 0 54 81 93 72 0 77 122 95 112 113 105 114 101 112 99 111 107 117 102 117 107 107 105 113 120 117 118 112 112 114 114 124 55 117 122 119 120 122 120 0 89 102 104 105 111 122 -128 106 -3 -117 113 127 110 110 118 114 116 113 107 114 117 114 99 105 110 113 119 111 104 108 97 88 88 65 85 88 91 81 107 82 89 100 89 99 120 102 102 95 85 90 81 91 71 25 64 49 52 52 52 53 53 50 54 61 55 43 56 65 72 68 71 73 76 76 65 54 59 59 61 72 61 68 68 77 73 67 81 94 93 123 122 89 97 93 83 50 65 53 100 71 38 25 48 24 0 3 26 29 27 25 30 22 24 29 19 20 15 10 15 14 15 15 20 54 48 41 54 45 36 0 0 68 82 70 59 61 68 78 105 88 117 108 127 111 106 118 123 95 105 112 110 127 122 104 102 61 -9 -1 -1 -41 -54 -55 -47 -42 -49 -65 -58 -47 -65 -128 -36
101 91 89 82 0 110 107 87 0 95 94 94 100 101 100 101 102 105 106 111 106 113 111 113 114 117 119 120 123 125 124 123 119 127 114 96 96 -122 -2 -1 -1 -4 -1 -1 -1 -1 -59 29 106 83 83 -1 -94 -55 -128 -128 -107 -46 -121 -78 0 50 106 113 122 124 127 114 111 120 124 123 124 124 123 119 117 116 114 114 116 116 116 112 111 117 127 122 122 120 125 122 113 108 107 112 112 108 96 112 116 113 105 106 122 123 124 124 117 122 119 105 93 -3 -4 73 -1 -128 122 124 116 39 119 120 117 0 3 104 112 111 106 85 96 97 59 49 44 58 48 90 106 73 56 22 0 0 65 99 97 91 82 82 79 90 77 105 91 0 81 84 85 82 101 81 90 111 112 114 87 79 94 87 102 100 104 108 107 106 104 87 100 77 81 111 91 108 104 96 88 99 94 87 99 95 82 91 93 96 95 99 102 94 89 89 105 102 99 94 95 82 81 83 83 105 100 95 101 85 79 97 111 88 85 81 105 95 85 85 84 102 97 108 59 0 77 116 107 102 96 90 113 104 71 107 112 101 100 106 99 117 67 102 120 127 112 101 94 114 87 111 87 107 105 104 110 99 102 127 101 117 113 108 120 106 106 90 110 95 105 104 113 108 78 95 113 89 79 78 106 113 104 97 104 84 53 91 0 0 0 0 0 0 0 0 6 87 94 114 96 101 102 96 108 100 100 112 117 104 114 116 111 107 112 117 118 111 108 110 113 111 112 123 118 119 111 116 113 118 114 122 0 101 104 107 112 113 106 -20 -1 -128 107 122 119 125 117 119 118 111 107 118 116 111 105 107 102 102 114 107 0 104 102 108 96 101 88 107 82 91 87 90 82 95 87 104 93 93 94 89 99 74 94 84 64 0 61 55 53 50 52 52 52 52 52 52 0 53 58 64 67 73 68 61 68 76 65 50 55 53 64 66 64 56 64 72 72 64 67 78 64 91 102 119 99 97 74 90 89 64 101 95 72 0 30 2 -128 -84 16 36 43 39 39 41 45 39 21 30 25 19 19 18 19 19 18 38 52 30 27 16 13 0 0 81 64 65 71 68 70 70 81 66 123 95 107 100 118 127 117 122 114 99 122 122 96 99 127 79 -91 -1 -4 -18 -53 -56 -55 -54 -55 -46 -61 -128 -49 -31 -37 -23
127 87 84 83 83 83 0 25 87 88 94 93 95 95 94 102 102 111 112 111 110 106 114 117 122 114 122 120 120 118 123 123 123 118 104 76 73 -112 -47 -1 -1 -6 -1 -1 -4 -4 76 0 119 105 116 112 107 107 113 91 127 127 0 -3 -1 -128 -128 82 110 123 119 127 122 113 116 112 117 120 114 113 127 116 108 102 112 112 113 113 111 124 116 127 120 127 127 117 119 97 114 107 111 99 70 95 93 112 118 117 118 117 124 124 124 123 127 127 127 118 0 -1 -6 105 -128 127 124 -1 -1 0 -2 0 13 99 106 97 112 93 110 89 72 88 100 91 42 108 88 78 108 32 90 25 0 0 87 99 89 89 97 62 90 93 78 97 94 62 74 70 99 66 61 84 79 97 89 76 93 99 90 104 94 83 91 96 106 101 118 108 122 119 107 91 91 120 104 102 107 102 101 25 104 101 114 108 90 99 83 85 102 76 105 101 116 107 108 95 97 100 97 83 102 106 106 108 105 99 78 101 96 105 72 102 104 101 0 89 56 88 68 -8 112 93 84 102 90 108 107 84 119 117 95 114 88 111 117 95 122 116 114 91 111 111 104 122 101 106 108 94 93 0 107 120 113 118 99 120 125 119 102 122 117 113 100 104 90 99 97 97 110 105 74 81 95 97 114 106 113 95 81 94 106 106 104 100 0 83 101 87 87 97 99 110 107 111 107 116 118 106 118 87 108 112 104 117 100 111 116 110 101 97 106 97 116 120 111 114 112 124 122 0 101 127 117 117 113 95 0 120 97 106 120 116 127 104 0 -4 127 123 101 107 123 116 113 112 96 116 91 118 118 112 114 112 110 113 114 99 85 111 100 97 95 117 87 91 94 108 74 108 71 112 119 83 116 127 89 83 85 70 70 38 60 53 50 50 50 50 50 50 52 52 53 0 58 59 68 70 58 67 67 81 70 53 45 56 61 49 66 55 60 66 61 56 60 65 65 74 118 76 74 89 111 65 70 94 56 58 67 33 0 15 18 31 33 62 74 87 62 62 54 56 26 39 62 38 30 25 26 22 33 25 59 50 20 12 7 20 0 66 78 58 66 61 70 61 83 90 0 95 95 125 107 123 101 104 124 127 124 110 102 123 127 64 -50 -1 -4 -18 -41 -49 -46 -64 -58 -128 -128 -49 -47 -50 -55 -31
82 84 84 84 81 82 74 65 0 96 114 90 96 100 99 101 104 105 110 112 108 114 116 117 112 114 113 118 124 123 123 123 118 105 0 -111 -1 -1 -1 -1 -1 -128 -128 -12 -128 -128 113 110 110 94 97 102 106 107 127 106 110 100 36 37 -128 -128 9 110 0 44 32 110 112 108 102 114 119 119 112 117 127 113 107 112 112 113 113 111 0 114 118 116 119 123 105 120 117 108 116 107 106 110 93 90 112 110 106 113 117 123 119 119 124 125 127 127 118 127 125 -25 -78 101 127 81 0 18 104 97 0 0 0 89 117 117 117 114 104 101 84 102 76 91 97 79 76 59 48 74 84 67 12 0 62 102 77 84 82 78 94 100 104 79 108 82 81 72 70 78 66 88 87 100 113 95 78 78 101 105 105 104 101 101 100 110 112 106 99 100 99 89 94 104 104 108 108 108 105 111 111 111 104 106 106 104 106 101 90 93 104 97 100 95 111 96 107 88 84 91 100 83 88 91 97 94 85 105 106 84 107 102 77 91 90 90 76 58 24 108 108 105 70 78 107 100 94 106 106 111 96 110 107 95 114 105 120 105 113 79 95 93 118 99 106 114 123 120 95 104 122 105 127 96 111 118 118 106 102 111 112 105 104 108 107 85 120 119 119 107 84 94 102 105 105 99 94 94 111 95 101 102 81 108 110 83 100 96 105 116 102 116 117 95 100 112 105 112 89 104 113 114 104 93 117 106 93 105 111 107 110 119 120 111 122 124 120 122 107 104 124 112 117 118 113 0 101 106 101 105 95 110 111 0 -128 105 118 110 108 117 117 116 116 105 116 97 116 116 113 116 102 106 102 110 108 111 113 105 105 97 88 113 82 102 95 104 104 113 94 79 81 101 118 99 87 99 82 59 0 59 52 52 50 50 50 50 50 50 52 52 58 48 55 62 66 54 65 70 76 76 60 52 52 60 54 66 54 58 61 66 67 61 67 67 71 93 82 97 95 85 104 105 106 96 48 88 42 39 0 47 61 60 48 82 94 104 52 62 61 44 43 58 84 48 29 31 27 22 31 48 65 24 15 12 9 19 0 65 55 66 72 78 71 73 78 82 0 117 122 111 127 111 127 127 127 118 119 110 123 127 95 -128 -1 -1 -7 -36 -55 -50 -77 -128 -39 -45 -49 -49 -51 -40 -31 -23
127 83 81 78 78 76 77 84 107 94 85 4 66 95 99 97 102 104 113 111 110 106 114 116 116 116 114 123 123 124 123 123 120 119 127 -128 -1 -1 -1 96 -1 0 125 64 73 108 116 106 101 118 116 112 107 99 94 100 112 122 116 110 110 -128 35 -54 -1 -1 -1 -1 -111 56 112 107 112 116 96 24 55 104 107 118 112 112 113 113 114 117 123 122 123 124 120 123 93 111 106 88 88 72 105 106 111 99 107 112 113 116 114 119 119 124 122 122 122 127 106 118 -128 -126 -91 79 114 18 104 125 113 0 102 78 84 88 112 114 107 117 104 105 97 123 99 79 77 65 64 65 70 25 55 0 88 85 102 85 83 89 89 73 77 0 55 88 91 97 100 78 71 79 105 99 102 106 88 97 99 99 85 91 108 105 104 112 104 113 127 116 124 120 114 100 107 106 106 107 102 93 104 106 105 91 93 95 88 94 100 107 99 74 100 93 82 85 83 94 70 83 85 77 78 79 99 79 91 79 85 84 82 83 81 82 0 97 0 45 94 97 83 95 101 116 104 114 108 89 88 99 105 117 99 104 124 91 106 108 105 95 107 94 111 102 100 96 120 118 110 4 125 100 125 108 119 106 104 91 123 118 105 82 89 116 102 119 104 93 87 72 84 91 107 102 113 99 97 91 95 106 85 101 83 112 0 85 110 97 96 113 110 110 119 111 117 101 117 104 101 114 108 110 113 116 119 107 104 114 119 114 108 108 116 107 119 114 117 119 106 118 127 118 112 118 108 0 105 108 107 106 123 120 105 113 101 120 108 123 125 120 127 118 116 112 110 104 118 113 113 112 114 112 104 100 100 0 96 110 100 88 76 100 88 84 111 108 91 112 81 124 70 110 94 94 94 84 90 61 0 48 48 45 50 50 50 50 50 50 52 52 44 44 54 55 60 58 66 65 70 76 64 56 54 49 54 65 55 58 58 55 56 60 52 66 71 78 110 91 114 101 110 89 76 101 50 50 50 25 25 37 49 44 65 72 68 97 89 104 64 95 60 94 119 81 56 25 31 37 44 35 36 14 0 18 14 16 0 70 60 66 60 70 71 76 79 89 123 58 122 107 117 100 113 119 119 127 116 99 119 95 66 0 -1 -1 -1 -27 -117 -84 -60 -55 -65 -51 -39 -49 -46 -45 -49 -25
89 88 83 82 84 84 82 0 87 88 90 82 94 0 90 96 105 110 77 97 108 108 106 114 107 116 117 125 127 124 123 120 119 102 -51 -1 -1 -1 -1 -1 -11 112 107 107 104 110 62 111 108 108 108 108 108 108 108 108 108 108 114 114 105 94 -1 0 -7 -1 -1 -1 -1 -128 -61 50 -128 -81 -120 -12 -128 -92 110 108 108 110 110 112 94 114 106 116 112 125 122 120 112 93 108 94 105 78 82 110 106 106 107 107 101 96 116 117 118 124 125 125 120 118 120 124 125 118 114 117 119 106 124 117 0 107 119 120 113 2 85 87 106 104 114 114 101 110 78 73 87 68 77 52 76 64 62 0 29 116 87 73 95 94 93 95 85 82 93 96 101 73 70 102 96 81 104 110 106 108 102 83 81 77 89 120 110 102 112 112 111 113 112 111 112 112 107 89 95 108 107 104 0 90 85 97 95 95 104 111 84 89 89 100 101 93 102 89 90 127 82 90 91 77 76 91 94 82 83 99 95 102 99 100 101 78 91 22 0 52 108 101 97 111 112 106 105 81 110 85 101 102 96 113 108 106 97 105 110 99 96 110 99 105 107 107 90 99 101 105 114 93 104 112 114 114 118 112 120 120 117 97 99 91 95 112 117 81 112 102 112 102 97 101 111 114 100 97 94 97 95 104 90 100 104 113 94 74 108 111 101 94 112 105 107 105 102 96 101 114 114 101 111 116 110 105 96 110 110 112 113 118 111 112 117 113 116 120 113 120 116 110 127 50 116 119 127 116 24 15 102 88 112 123 119 119 102 116 118 118 110 110 117 117 118 118 118 108 112 117 111 112 116 113 111 108 111 108 111 105 105 85 114 93 105 72 111 101 108 79 89 118 117 97 117 101 91 93 85 79 13 65 65 44 49 48 47 47 45 45 47 47 47 47 45 0 53 53 55 64 68 72 76 66 45 50 50 56 58 55 56 60 58 53 64 55 59 64 70 60 93 104 120 93 120 99 122 95 70 58 32 30 64 65 43 78 74 70 85 68 108 111 110 52 85 101 78 31 47 37 70 85 59 15 13 16 25 6 14 0 0 76 66 74 76 99 77 93 104 89 127 97 110 119 127 117 120 127 123 114 122 100 93 108 45 76 -1 -36 -107 -59 -60 -59 -59 -58 -56 -58 -54 -49 -53 -63 -46 -28
127 95 87 91 90 91 91 0 78 89 91 90 81 93 97 107 0 88 91 99 106 101 105 108 105 120 119 123 124 125 124 120 117 122 0 -9 -1 -1 -1 -1 -126 -28 107 107 112 106 0 104 108 108 108 108 108 108 108 108 108 108 108 102 117 113 110 118 110 78 -54 -8 -1 93 -7 73 -86 -1 -1 -128 -9 -1 -128 71 108 108 110 110 0 105 113 110 112 113 113 120 119 127 110 94 118 113 90 104 116 111 112 110 113 117 107 114 114 122 102 123 123 118 120 114 117 127 124 117 111 41 106 127 119 0 119 118 123 102 97 56 39 102 116 120 104 118 101 87 76 90 89 68 54 65 83 38 0 0 76 76 96 71 82 101 94 15 97 73 97 82 65 104 87 101 108 107 101 107 104 106 101 77 84 112 112 120 113 100 112 111 112 105 112 111 111 106 106 111 99 95 94 111 105 95 100 93 100 97 106 101 97 78 97 93 97 104 108 114 93 89 68 38 62 65 64 72 93 94 89 95 99 107 94 62 93 0 0 91 105 99 110 106 96 100 101 85 79 93 81 100 104 106 104 97 100 97 107 87 105 101 99 90 93 99 99 101 107 97 113 90 123 0 116 107 117 114 118 114 122 111 85 104 100 91 112 96 93 112 97 106 97 91 108 106 91 100 90 95 95 110 104 94 95 99 99 106 27 104 113 93 94 95 102 93 100 99 106 108 112 105 108 116 113 108 97 104 110 113 113 113 119 108 117 117 120 112 117 123 118 118 113 116 112 119 116 118 123 0 97 112 112 119 119 116 112 118 116 107 114 113 117 117 117 120 120 116 113 110 113 114 112 110 114 113 110 107 107 94 89 93 65 88 79 97 84 95 88 94 112 95 84 89 77 88 102 114 100 74 0 76 68 54 49 47 47 47 45 45 47 47 47 47 54 54 35 50 50 56 62 62 67 72 66 49 53 55 54 58 49 56 55 54 53 56 59 65 68 83 82 93 110 127 112 73 94 106 81 99 33 31 53 0 45 33 43 61 73 70 71 73 118 87 67 104 90 83 68 50 65 81 106 24 25 18 16 14 9 0 0 85 83 85 78 85 70 81 111 94 116 124 123 101 118 102 123 118 125 101 110 105 87 73 55 -1 -128 -7 -22 -40 -58 -72 -61 -59 -55 -45 -53 -41 -50 -55 -54 -50
99 102 97 97 84 104 90 101 99 97 97 95 94 94 94 95 95 84 0 42 90 100 95 120 108 116 122 127 127 124 122 120 123 111 90 -8 -1 -1 -1 -1 -128 112 107 107 110 114 114 113 108 108 108 108 107 107 108 108 110 110 110 110 108 105 107 112 119 94 0 -2 -1 -20 -32 -1 107 -1 54 -1 -42 -111 93 107 108 102 106 60 110 107 107 99 117 114 116 118 123 120 119 118 127 119 122 105 97 100 93 99 82 64 30 122 105 118 118 119 119 116 111 111 114 122 127 127 26 119 127 127 0 108 113 114 116 123 114 104 112 13 125 120 112 77 62 58 70 60 97 85 73 89 72 39 60 0 18 0 0 0 72 96 54 79 74 94 105 79 95 89 100 104 107 95 102 110 106 78 0 -128 -128 -101 94 91 94 110 111 110 108 107 112 111 107 105 108 107 105 102 0 84 101 104 95 104 100 95 91 88 84 81 83 77 72 104 91 87 122 0 102 76 93 96 90 56 27 0 58 68 77 65 19 67 108 0 106 101 95 97 93 106 108 96 83 99 102 91 106 93 96 108 94 104 95 97 94 100 89 89 99 94 97 100 97 101 91 99 99 106 107 114 102 113 111 97 93 110 117 116 118 123 113 104 90 93 81 111 102 81 90 96 108 112 108 111 82 106 105 100 85 84 93 101 107 113 100 95 100 91 100 95 102 99 108 117 113 108 101 107 111 110 110 113 112 114 110 113 123 117 108 113 113 119 117 120 123 120 122 120 120 0 127 120 124 122 112 0 101 119 119 114 107 101 108 116 96 108 111 117 124 119 124 107 118 113 106 99 106 100 93 117 112 111 107 108 100 0 95 76 96 97 96 94 73 96 110 96 106 99 119 117 114 102 91 82 32 41 90 85 60 50 49 44 45 45 45 45 45 45 45 45 47 48 60 58 53 54 64 56 72 59 55 49 58 54 61 58 50 54 52 52 54 55 60 65 77 79 90 79 95 111 104 100 64 104 90 36 37 41 52 7 37 42 48 55 58 48 102 124 71 71 82 102 73 37 45 83 70 39 20 25 18 29 24 7 16 0 6 83 82 104 104 79 78 89 90 107 125 13 118 95 119 125 127 105 97 88 111 125 0 0 -4 -7 -7 -32 -46 -50 -60 -55 -59 -58 -49 -47 -45 -49 -55 -60 -49 -74
127 106 108 105 105 110 79 93 95 106 104 101 100 96 96 96 96 93 91 89 93 0 113 110 110 116 113 118 127 127 119 124 125 122 119 -64 -1 -1 -1 -16 104 110 107 107 101 108 104 116 108 108 110 110 110 108 108 108 108 110 110 116 107 104 104 97 107 112 107 117 97 -119 -45 -9 -89 -1 -1 -9 -1 107 93 96 100 117 116 116 116 110 108 108 108 113 111 114 114 117 117 114 116 122 127 118 112 89 104 71 77 83 0 0 60 100 117 108 112 116 112 101 85 107 120 122 119 122 120 120 88 0 117 112 111 112 120 122 114 118 0 127 116 114 108 90 74 96 91 72 105 48 37 39 65 41 0 0 0 0 0 89 101 88 74 76 66 90 95 48 104 88 83 91 101 108 108 127 118 -128 -128 -56 -1 -64 114 110 111 113 110 113 105 105 105 108 106 108 97 104 105 82 100 94 97 106 100 101 90 101 102 85 89 97 93 91 101 89 66 68 102 105 77 93 107 108 97 91 96 0 82 70 104 101 117 100 42 85 112 101 81 106 100 99 83 107 99 105 99 96 111 102 101 107 94 97 94 96 85 88 85 99 87 120 90 94 105 84 122 119 111 0 113 104 101 97 112 116 116 104 104 102 117 101 90 119 94 111 87 110 101 122 99 88 104 79 114 95 96 105 95 106 87 89 83 91 91 106 111 107 100 112 119 112 116 113 113 99 94 108 110 97 104 116 104 100 116 107 119 117 113 119 114 112 119 119 120 119 114 113 120 114 127 116 122 124 122 0 84 125 117 111 104 95 123 119 106 116 117 117 123 124 76 13 0 0 0 0 105 110 106 116 111 111 107 106 101 102 116 74 91 100 94 76 102 67 97 112 97 94 105 107 90 117 87 93 0 65 56 53 72 59 49 47 45 45 45 45 45 45 45 45 54 52 0 53 47 53 54 54 66 68 54 50 52 56 50 54 52 48 49 53 56 54 61 64 70 87 105 94 64 127 113 125 95 85 50 88 41 35 26 48 52 41 42 50 64 72 71 89 78 56 56 60 74 53 41 65 105 48 31 29 21 22 20 13 12 0 0 81 76 101 99 88 87 76 87 127 108 94 0 120 114 116 123 123 122 120 71 0 113 65 -128 82 -7 -41 -51 -49 -53 -54 -40 -65 -51 -63 -42 -44 -49 -49 -74 -78
101 111 106 106 116 107 113 111 107 106 106 105 99 99 99 99 99 97 91 105 99 106 97 0 99 107 112 123 127 120 120 118 122 111 119 -128 -1 -1 -124 124 127 83 107 107 101 55 112 111 108 108 111 111 110 110 108 108 110 110 110 113 118 122 116 114 111 113 120 124 125 -17 -14 -128 -12 -128 -1 -63 -20 102 111 111 120 122 114 67 116 110 110 60 108 117 110 113 117 114 106 113 120 123 120 116 104 100 90 85 90 0 42 0 0 111 104 108 111 113 94 91 85 111 119 110 22 114 119 112 0 117 113 106 99 94 100 110 112 108 22 122 111 116 117 113 90 94 91 104 53 64 37 97 71 83 67 39 48 0 48 79 0 83 84 71 87 72 87 90 85 78 89 97 106 107 110 99 88 -128 105 -128 -111 87 110 90 106 105 111 105 99 102 102 90 106 107 106 102 43 105 106 111 104 101 97 78 79 94 83 85 96 85 93 81 85 79 78 95 99 99 83 84 82 78 76 74 76 87 74 102 111 97 77 0 104 99 106 87 73 88 87 101 99 89 114 105 97 88 97 99 105 83 104 102 97 108 96 99 95 108 110 111 100 99 102 122 114 111 112 110 112 102 96 107 114 110 107 110 113 112 101 106 118 90 93 100 104 105 110 104 94 107 104 100 111 94 96 96 101 97 101 102 91 87 65 107 105 93 108 100 108 118 112 112 101 106 108 110 101 106 122 107 104 102 101 107 116 123 116 119 123 118 118 120 117 116 119 118 113 61 119 117 119 3 0 43 119 124 105 104 93 124 107 110 116 119 119 117 119 0 0 0 106 50 88 0 65 114 111 108 112 107 93 99 102 79 102 102 100 87 84 100 64 95 96 96 76 106 95 99 114 102 88 95 97 77 70 65 52 49 49 47 45 45 45 45 45 45 45 45 60 49 27 49 50 53 54 58 65 66 59 48 54 49 58 55 43 48 50 52 52 59 61 67 81 79 100 70 114 112 102 104 72 58 49 33 32 27 29 0 42 41 42 45 59 33 79 102 70 48 58 67 60 60 47 100 47 33 31 20 18 27 27 6 10 0 65 65 79 85 102 112 87 94 108 108 120 88 116 127 111 124 120 104 0 122 112 112 116 0 -7 -4 -42 -49 -46 -50 -55 -53 -65 -61 -54 -51 -44 -46 -53 -50 -58 -69
127 113 107 108 106 112 105 106 107 107 107 107 107 106 105 102 101 99 100 102 101 104 100 82 102 111 78 0 108 105 123 125 124 123 102 114 -87 -2 -128 107 96 116 108 108 122 0 110 110 110 110 110 110 110 110 110 110 110 110 110 110 110 110 110 108 108 110 110 108 108 107 107 72 106 113 107 -1 97 105 122 113 123 120 118 0 120 113 113 112 -63 -7 -126 122 105 113 97 114 114 123 122 114 111 114 111 116 90 0 65 56 94 0 1 67 79 113 116 117 112 99 95 107 0 85 108 114 107 0 99 113 104 105 104 108 62 60 58 73 12 12 124 119 124 89 89 111 125 90 70 60 58 50 47 37 58 62 21 0 0 0 82 94 88 96 94 89 85 91 68 83 85 118 102 15 -128 -3 -128 -110 -128 78 0 -128 -7 -128 123 111 107 106 105 100 94 100 106 108 78 100 101 93 107 85 100 95 84 101 97 95 87 93 85 81 84 72 85 100 99 95 83 93 102 87 101 101 93 100 95 95 102 100 97 107 74 93 102 95 89 85 96 76 81 81 101 89 91 97 102 102 90 94 94 108 104 104 101 100 105 113 106 116 112 111 108 113 105 118 96 0 112 112 108 118 91 102 110 111 102 119 114 94 107 112 97 97 96 107 104 114 91 88 100 90 89 71 89 104 79 88 87 105 99 105 101 99 105 110 112 116 111 111 106 105 99 117 107 108 106 107 102 102 105 113 110 114 117 119 118 119 119 118 119 123 114 117 113 113 120 122 82 119 123 101 0 110 114 107 111 108 116 122 120 114 108 117 127 120 127 0 -2 97 123 123 117 120 0 0 71 117 111 106 101 107 106 91 0 97 96 83 55 62 74 93 101 110 119 97 97 111 89 94 110 87 33 85 84 64 60 53 43 44 44 44 45 44 44 44 44 44 47 47 47 48 54 49 50 54 56 60 54 44 45 48 54 53 42 53 54 52 56 68 71 64 85 89 73 70 71 77 116 76 79 73 54 33 44 36 44 44 0 33 35 42 47 50 50 66 62 49 66 76 78 62 72 59 50 37 36 22 18 20 20 16 0 0 56 62 70 74 116 79 85 101 120 127 127 111 104 111 108 0 89 124 87 116 113 78 66 -105 -1 -12 -34 -51 -49 -53 -55 -53 -64 -65 -53 -53 -47 -45 -35 -25 -35 -69
113 105 105 106 106 47 102 105 107 107 108 108 108 107 106 104 102 100 97 100 105 105 101 96 100 108 100 93 0 67 124 119 122 127 114 107 -128 -3 -83 113 107 106 108 108 106 110 110 110 110 110 110 110 110 110 110 110 110 110 110 110 110 110 110 110 110 110 110 108 108 108 108 106 113 101 102 123 127 127 111 125 125 120 117 116 117 116 114 88 -128 -1 -1 -1 87 100 122 101 119 119 122 122 122 112 122 114 0 1 95 105 81 0 0 79 102 104 105 116 119 113 113 74 95 93 112 101 0 82 91 88 97 96 78 76 99 110 87 96 127 99 117 116 113 119 111 117 120 105 96 74 33 73 88 90 78 41 0 0 0 62 87 97 83 76 84 71 74 77 78 87 107 116 -60 -1 -1 -128 102 105 127 -1 -1 -1 -128 90 108 108 111 104 97 95 94 106 97 102 93 104 93 107 105 97 101 90 97 100 89 79 88 71 77 95 105 39 93 84 91 79 95 77 93 100 73 90 77 99 89 114 71 102 96 0 97 95 97 106 107 105 101 88 84 102 90 93 107 108 96 111 101 99 110 111 99 108 104 100 112 95 91 93 106 97 110 91 123 107 102 104 117 116 113 97 91 114 101 95 112 106 102 90 112 89 90 88 83 102 108 99 88 96 84 95 107 82 97 101 106 105 104 106 99 90 0 89 102 111 112 113 102 95 113 113 114 99 102 96 96 94 90 102 100 101 113 118 117 113 113 113 113 114 114 111 113 116 120 120 122 108 127 111 127 0 85 90 110 110 88 113 110 106 0 0 68 116 114 110 0 -1 -93 101 127 117 104 107 108 0 0 0 94 108 94 99 105 71 96 79 95 85 74 99 94 91 91 118 112 84 108 102 113 111 106 27 49 96 70 60 49 48 49 44 43 45 45 43 44 44 44 44 47 47 0 52 47 49 52 55 56 62 55 48 48 53 45 43 52 50 45 58 65 77 56 60 72 48 104 101 53 73 94 79 50 50 39 44 27 54 50 58 38 49 41 49 47 49 37 44 47 60 59 54 38 54 54 36 39 37 43 29 21 21 20 2 0 52 41 68 83 108 77 89 101 95 107 110 123 118 0 64 118 89 102 127 120 108 110 96 -102 -1 -7 -35 -53 -36 -59 -59 -67 -61 -59 -64 -59 -55 -47 -35 -32 -26 -73 -68
127 100 100 100 100 0 113 105 105 105 106 108 108 108 108 106 104 102 101 100 99 99 99 101 101 102 104 107 116 123 127 0 71 118 122 122 77 -23 -128 99 123 95 108 108 118 116 110 110 110 110 110 110 110 111 111 110 110 110 110 111 111 111 111 110 110 112 111 110 110 110 110 108 101 100 106 111 108 122 124 123 120 120 111 119 113 118 117 116 102 -128 -12 -128 -128 116 120 119 116 122 117 125 127 107 118 122 0 30 93 82 76 65 55 0 0 0 0 0 96 111 120 111 117 67 102 87 0 0 91 95 99 101 102 108 99 91 82 101 112 100 -122 127 127 96 116 104 111 111 91 84 81 94 88 44 60 76 87 59 0 0 61 61 93 106 83 88 76 88 102 101 114 108 -1 91 -16 -112 119 127 97 117 0 -37 -128 108 116 110 110 110 105 101 88 105 101 104 0 111 105 101 104 106 95 94 97 93 90 104 78 91 85 97 84 70 83 101 101 106 87 88 99 84 89 97 100 108 87 104 100 97 101 101 84 85 84 87 97 104 93 81 93 102 110 101 91 91 111 107 102 105 99 104 114 96 88 112 106 102 107 111 100 107 96 96 110 114 110 0 110 110 112 106 116 119 114 94 113 112 104 97 111 96 105 100 84 91 84 100 76 95 85 99 89 90 104 91 102 107 87 93 102 91 105 85 106 113 117 94 99 112 100 114 117 99 101 111 107 99 110 101 110 112 110 110 107 106 114 114 113 113 120 117 118 122 119 117 120 117 0 120 118 123 0 110 127 110 106 0 0 0 0 0 0 0 59 106 0 -1 -84 112 127 119 123 117 116 118 111 84 0 94 94 95 85 78 0 66 87 88 85 99 74 93 87 87 125 120 105 67 95 114 104 99 67 39 71 62 59 50 53 41 45 44 44 44 43 43 44 44 45 45 45 0 44 48 49 55 53 62 52 55 50 44 41 45 48 52 53 55 59 58 45 50 53 67 89 79 72 39 62 91 89 53 45 30 37 44 61 68 66 68 58 33 55 53 53 56 59 62 66 50 54 66 47 30 37 43 37 47 26 31 31 29 0 64 52 68 73 100 105 95 99 99 87 111 15 0 127 0 105 106 101 105 119 116 123 113 37 -1 -1 -17 -42 -46 -42 -59 -59 -65 -61 -68 -55 -58 -58 -44 -25 -37 -63 -61
104 106 102 102 42 87 105 105 104 106 108 108 108 108 108 106 105 104 102 101 100 100 100 101 101 102 104 104 113 127 127 111 127 127 0 127 -128 -128 101 112 99 123 108 108 110 108 110 110 110 110 110 110 111 111 110 110 110 110 111 111 111 111 111 111 111 117 116 110 110 110 110 120 127 125 122 122 124 116 122 112 113 113 0 120 120 119 117 127 108 127 89 -3 122 73 113 108 113 113 120 127 110 119 118 0 104 112 108 101 104 73 62 60 52 65 54 0 0 0 100 0 42 0 0 0 68 79 71 94 97 100 102 105 118 127 -128 -35 -1 -1 0 100 81 118 114 112 94 105 90 91 78 42 85 83 52 45 67 73 50 0 0 71 76 76 95 87 72 102 94 96 94 113 -128 -6 -128 124 106 107 101 111 94 -128 116 108 108 110 110 110 107 102 91 96 87 88 87 99 104 91 78 99 97 94 78 73 81 84 89 97 87 90 79 0 113 88 95 102 93 85 85 83 104 90 67 76 73 93 83 84 95 0 79 82 79 102 104 91 84 90 97 100 94 71 91 110 106 85 102 106 117 110 87 104 97 106 113 102 112 102 105 106 97 113 114 102 105 97 111 99 107 114 111 107 106 104 108 104 105 108 97 113 105 91 108 97 82 93 104 83 91 104 88 116 104 107 107 93 99 111 93 99 0 113 108 111 100 108 111 114 113 111 100 105 106 110 105 97 113 110 113 106 107 107 114 122 119 119 118 116 119 119 120 117 120 119 119 118 122 108 111 112 0 0 106 0 0 117 120 120 127 125 127 61 0 0 -112 -25 117 127 113 125 118 116 118 118 114 7 0 0 111 90 84 110 77 95 99 81 101 73 94 74 108 91 116 94 123 95 102 99 112 84 76 0 0 56 49 49 45 49 47 47 44 44 43 43 44 44 45 45 44 48 48 48 52 50 56 47 54 56 38 44 45 45 43 49 53 53 60 44 52 43 52 65 50 87 47 48 53 85 52 37 31 41 49 54 62 56 0 81 79 87 61 61 66 72 70 87 97 70 55 49 47 41 48 32 13 16 14 15 12 25 0 70 64 61 74 113 77 74 96 0 88 125 116 127 123 93 112 119 105 124 99 113 120 120 -128 -1 -4 -36 -30 -46 -53 -58 -68 -63 -63 -64 -49 -77 -59 -34 -35 -74 -67 -65
127 107 104 101 96 108 97 106 106 106 106 105 105 108 108 106 106 106 105 102 102 101 101 102 102 102 102 102 101 116 116 120 127 122 104 111 35 -128 95 113 111 97 104 110 95 114 110 110 111 111 111 111 111 111 111 111 111 111 111 111 111 112 112 111 114 114 125 114 114 114 114 113 114 117 118 120 120 120 122 99 120 123 0 117 123 123 116 116 114 108 110 107 120 -128 -128 -88 76 119 122 106 114 119 120 0 105 112 110 105 107 83 79 77 71 81 99 108 99 0 6 1 0 0 0 0 35 72 81 93 85 78 99 96 94 91 102 -1 107 -74 -128 125 99 0 106 112 110 107 111 104 70 87 91 89 84 79 60 36 41 60 0 0 56 89 79 85 81 93 94 105 99 87 106 0 0 102 101 101 106 102 102 105 -98 113 90 127 110 110 108 106 106 96 94 93 0 106 105 101 95 106 84 87 91 83 94 83 105 100 106 78 102 110 13 73 70 88 95 94 93 99 71 74 74 90 100 97 82 89 91 59 77 76 96 101 104 99 78 102 105 110 94 104 93 114 89 106 90 108 89 100 100 96 105 97 107 96 93 77 99 97 93 112 113 78 93 0 113 96 108 116 105 113 85 87 114 81 81 94 106 110 106 87 101 79 89 111 83 97 82 83 94 102 106 83 96 82 90 112 99 90 90 112 112 105 108 106 96 107 107 106 93 105 107 101 111 108 95 111 107 105 116 117 119 120 122 123 119 122 120 119 120 118 114 114 117 111 35 106 107 125 117 61 0 0 0 123 125 125 125 125 122 127 114 0 127 127 125 124 123 120 119 120 112 119 122 113 117 0 0 87 105 99 105 127 97 89 104 93 99 93 113 99 102 85 124 122 93 94 119 88 78 61 65 0 26 50 50 3 0 0 43 41 44 44 43 44 45 45 45 39 49 45 45 45 50 49 47 49 54 39 43 43 44 50 53 52 45 44 54 52 41 49 47 74 31 66 88 36 32 38 30 37 67 85 78 35 64 0 118 104 108 95 96 102 71 70 101 74 108 65 29 49 73 0 -73 -128 -128 -128 -116 6 27 0 66 60 66 102 48 0 111 96 94 127 117 94 122 127 127 107 99 105 105 114 119 110 -81 -1 -3 -26 -36 -36 -42 -39 -56 -69 -69 -68 -70 -79 -67 -47 -49 -74 -68 -64
106 111 110 112 101 100 106 106 106 106 106 106 108 108 108 107 107 106 105 104 104 102 102 102 102 104 104 105 104 105 117 124 127 124 118 113 85 122 108 0 104 106 102 0 111 116 110 110 111 111 111 111 111 111 111 111 111 111 111 111 112 112 111 112 114 118 122 110 112 114 114 114 117 117 119 120 120 123 122 120 124 127 118 124 124 127 122 114 111 110 110 108 -128 -1 -3 -128 116 110 120 127 122 105 0 81 107 111 112 107 100 99 88 91 99 110 111 107 47 0 0 0 15 48 43 45 22 27 42 79 81 87 83 88 95 93 72 -16 -128 -1 104 119 127 104 0 99 114 81 101 100 68 72 85 76 45 43 78 43 33 20 0 0 91 95 100 105 93 88 88 76 83 79 100 96 101 100 82 106 95 94 104 84 -128 114 110 110 111 106 107 110 95 84 85 95 97 90 82 102 96 85 88 94 101 100 87 84 100 85 89 105 93 96 91 66 58 85 95 93 70 85 78 71 93 91 85 77 99 112 94 42 90 97 110 99 91 95 97 96 108 105 102 102 112 90 82 94 94 85 111 105 93 111 101 94 99 97 90 100 111 107 116 96 81 97 111 107 97 111 104 101 83 95 105 108 106 96 104 105 105 81 100 99 76 94 107 76 102 104 100 101 105 112 95 82 84 89 108 99 111 107 0 114 111 104 104 102 104 107 110 107 101 108 102 106 101 116 114 113 112 116 110 117 119 110 117 117 112 119 118 118 114 116 120 114 111 104 122 114 122 113 120 120 0 0 116 127 125 125 125 125 124 124 127 119 127 124 124 123 119 122 119 118 119 122 118 116 110 52 0 2 87 91 0 83 83 101 83 76 78 85 84 94 94 110 104 79 113 111 79 94 71 77 96 47 0 55 14 53 0 39 43 41 44 44 43 45 45 45 50 0 45 45 47 45 50 45 49 54 43 43 44 42 45 52 45 50 44 37 61 58 41 48 48 45 53 39 29 33 33 32 42 49 105 106 38 58 45 81 117 111 119 102 102 88 101 67 85 88 61 37 22 0 20 -128 -1 -1 -4 -1 0 39 0 0 78 55 0 74 62 90 100 101 100 100 124 94 123 107 108 99 114 83 100 94 49 -128 -1 -2 -11 -35 -39 -45 -34 -50 -54 -53 -83 -68 -74 -64 -69 -44 -78 -74 -64 -68
127 107 104 105 97 106 106 106 106 106 106 108 108 108 108 110 110 108 107 106 106 104 104 102 102 106 106 106 106 108 102 117 125 127 119 122 123 99 117 102 106 112 91 0 102 113 110 110 111 111 111 111 111 111 111 111 111 111 111 111 111 112 112 111 114 118 127 122 113 114 114 116 117 117 118 120 120 120 125 123 127 124 114 127 125 125 123 106 111 111 114 112 -58 -1 -1 -1 -65 88 122 104 106 125 0 106 87 106 107 113 110 108 110 110 122 113 111 110 104 26 53 0 53 72 77 58 65 64 65 62 50 43 52 60 81 93 101 119 -120 127 125 127 127 127 114 106 89 0 42 89 94 102 84 68 89 93 83 95 9 37 36 0 52 91 99 70 104 83 87 84 79 95 105 108 108 110 111 54 97 105 105 104 -128 -3 53 127 112 107 104 106 108 97 94 91 74 95 97 94 93 90 94 104 88 77 79 108 83 95 87 96 89 100 93 94 64 95 87 67 70 81 93 88 89 93 84 83 87 99 81 78 85 105 97 88 97 74 90 84 107 94 96 112 104 100 106 101 97 102 110 94 110 94 88 78 100 105 91 89 95 107 112 91 96 106 117 0 87 112 114 110 88 104 99 110 113 77 90 114 105 107 88 71 91 101 89 107 82 97 96 82 97 102 76 105 107 110 100 113 110 104 110 108 104 96 105 101 106 113 93 106 106 99 110 111 102 113 95 113 113 108 113 120 113 113 113 122 105 116 116 116 112 107 117 118 120 123 110 124 119 117 127 127 117 127 120 127 125 125 125 125 127 122 127 127 125 124 123 122 120 120 123 123 118 122 119 117 112 122 107 12 0 0 96 105 60 95 97 93 83 71 120 67 93 79 119 99 96 108 88 99 96 79 66 47 48 37 0 58 48 0 43 41 44 44 43 44 45 45 45 56 52 45 45 47 43 44 47 47 47 41 37 41 42 45 48 45 42 38 42 47 33 36 33 39 35 48 36 37 36 36 52 56 94 122 110 45 84 99 89 112 87 84 91 93 89 105 64 59 54 41 42 0 0 0 0 0 0 0 0 0 0 0 82 68 79 79 78 89 102 125 94 127 117 123 127 114 0 116 127 116 101 88 67 -55 -1 -6 -20 -18 -34 -28 -41 -40 -41 -46 -67 -59 -64 -74 -77 -77 -79 -69 -74 -61
119 113 124 0 108 107 110 106 106 107 108 108 108 108 108 110 110 110 110 107 105 105 105 104 104 106 106 106 106 107 110 122 127 104 110 113 110 104 102 104 108 112 95 127 112 0 127 114 116 111 110 106 112 112 112 112 112 112 112 112 111 111 111 112 114 120 120 119 114 116 117 117 117 117 119 120 123 124 124 119 125 8 127 124 124 120 119 118 120 120 119 105 -1 -1 -1 -1 -128 122 111 113 114 0 104 111 104 110 111 112 118 118 120 116 111 99 95 78 56 87 49 79 64 83 76 84 68 65 68 72 66 66 72 102 105 106 95 127 104 124 120 114 114 119 124 119 111 107 64 71 116 113 84 97 29 91 53 0 67 55 14 0 85 99 73 97 81 89 90 100 100 94 93 105 111 101 79 62 89 105 107 127 -84 -101 114 111 107 104 105 110 107 107 96 20 89 83 96 93 85 89 107 94 102 74 91 96 100 87 93 99 81 79 105 104 66 66 78 79 72 82 72 111 65 85 95 90 90 74 104 93 83 77 99 89 93 77 81 101 102 76 90 93 79 95 96 94 99 106 111 111 91 97 100 91 85 94 100 102 112 108 94 118 100 116 83 93 114 114 97 88 106 116 104 87 95 90 110 96 93 111 93 108 105 97 105 76 89 84 101 101 105 117 101 83 108 94 94 104 91 89 106 108 96 99 95 102 96 90 112 112 106 107 116 102 111 104 113 118 118 119 120 113 111 96 110 107 114 114 117 112 113 113 113 112 114 120 0 123 123 122 122 118 120 119 123 123 124 124 124 124 122 124 127 125 120 116 122 120 123 123 124 123 122 120 118 116 118 110 99 106 0 0 104 64 78 87 85 78 84 105 93 90 118 102 101 108 111 91 87 107 81 66 65 66 55 58 45 48 0 41 43 41 43 44 44 44 47 44 52 60 45 44 47 44 42 44 44 52 48 38 43 42 43 45 47 45 41 39 41 38 35 35 32 47 58 64 44 33 42 58 54 104 112 122 64 82 74 0 89 120 105 112 70 74 78 55 55 42 44 66 0 70 30 -75 -1 -1 -1 -8 -128 79 72 60 74 82 95 72 77 118 107 84 116 111 97 127 118 127 33 110 97 127 123 97 -1 -1 -1 -1 -23 -37 -27 -49 -40 -58 -54 -72 -79 -68 -73 -73 -68 -60 -60 -64 -61 -55
127 125 118 65 112 111 114 112 107 105 108 110 110 110 110 111 111 111 111 111 108 107 107 106 106 106 106 106 107 107 110 116 123 124 122 117 117 116 110 110 108 108 112 72 107 110 89 111 0 112 120 113 116 112 112 112 112 112 112 112 112 112 112 113 117 120 122 114 116 114 116 117 117 117 118 120 122 123 124 124 123 62 118 124 124 124 125 123 107 108 120 96 -49 99 -1 -1 -1 14 96 127 124 0 79 124 113 105 107 113 117 118 118 117 105 90 56 81 70 105 62 30 49 59 74 94 78 74 81 83 79 82 88 85 81 83 101 64 127 102 113 118 117 117 114 116 114 116 127 93 72 116 74 97 74 52 0 30 84 70 44 0 77 66 66 97 74 87 67 82 71 78 73 100 106 104 96 78 90 107 105 105 78 90 125 -1 110 105 100 108 106 110 108 107 100 79 104 100 90 99 107 102 84 81 93 84 104 93 95 77 77 105 65 84 79 73 88 73 81 96 66 91 73 88 71 72 94 108 84 106 74 100 85 105 90 100 89 105 91 91 94 87 100 99 96 93 97 93 110 106 95 91 97 93 96 95 102 99 104 101 99 112 102 114 87 0 111 97 88 102 111 100 95 108 111 106 104 99 100 106 105 102 110 88 105 107 96 90 99 100 100 104 96 88 104 91 110 104 110 104 110 74 97 99 106 101 95 106 95 106 108 111 112 101 108 113 114 112 106 118 113 112 114 112 102 118 113 108 108 117 102 111 113 116 114 117 107 119 119 119 123 123 123 120 125 125 124 124 124 124 122 124 124 119 119 124 127 123 122 123 123 122 120 120 116 116 114 114 112 108 104 0 79 0 88 87 100 79 87 110 90 99 78 93 79 110 90 84 94 87 77 73 77 73 60 26 0 0 0 42 44 41 44 43 42 42 47 45 44 50 0 48 45 47 49 38 41 44 52 45 43 41 43 44 42 52 42 37 38 42 33 43 47 53 58 61 45 38 43 52 59 106 113 96 81 99 82 93 84 105 127 108 97 81 64 47 59 47 53 73 0 81 50 -128 -37 -1 -128 -1 -6 -97 50 65 77 82 101 72 68 107 83 87 111 118 110 122 119 89 120 116 108 118 102 67 61 -1 -1 -9 -25 -35 -34 -41 -46 -61 -69 -72 -79 -74 -74 -69 -72 -68 -64 -63 -72 -54
119 119 125 127 108 112 117 116 113 113 112 113 114 114 114 114 114 114 114 114 114 113 111 111 111 107 107 108 108 108 112 120 125 125 125 123 122 118 116 110 106 107 0 113 111 111 111 111 108 108 93 0 105 116 114 112 125 105 114 114 117 117 117 117 117 116 116 123 127 118 117 118 118 120 122 123 123 124 124 116 120 124 124 127 127 127 96 114 119 112 120 101 -128 -1 -1 -1 -128 120 123 85 0 114 112 119 118 114 111 114 117 118 127 106 97 90 87 89 100 97 0 60 55 66 61 73 84 89 84 95 99 91 82 73 88 93 107 107 118 120 114 117 118 106 112 112 116 116 113 99 65 110 66 62 0 90 71 65 33 76 61 0 88 105 90 79 71 82 85 95 81 104 100 106 102 106 100 108 106 104 99 106 108 111 111 111 105 97 97 104 105 97 111 0 106 107 101 97 100 100 104 102 84 82 70 110 107 96 97 104 93 91 64 68 88 94 91 76 97 84 94 87 77 73 85 97 83 99 96 76 90 87 91 88 97 96 104 81 68 85 95 88 84 102 93 97 96 100 107 96 91 99 105 110 104 110 111 117 112 113 113 117 114 107 113 117 112 112 116 114 111 112 111 89 89 87 93 111 96 82 90 104 104 108 84 110 84 88 95 104 105 114 89 110 91 114 88 91 105 107 100 102 104 101 104 112 107 89 110 106 100 106 105 110 118 107 94 106 123 110 116 110 112 111 113 110 113 110 101 110 111 113 113 114 117 116 31 118 120 123 123 117 117 119 120 125 124 124 125 125 123 123 122 124 124 124 123 123 124 122 124 118 118 120 114 113 116 114 107 112 107 0 0 71 71 87 68 91 101 96 88 117 113 88 116 102 106 95 79 88 85 78 74 68 53 0 48 36 42 41 37 43 38 39 44 52 45 45 35 54 39 45 50 53 48 44 44 41 42 41 33 38 38 32 38 44 48 47 45 44 45 41 58 81 77 81 43 43 45 53 91 84 81 77 118 87 77 110 85 91 79 99 76 82 81 73 81 49 93 7 0 42 0 58 -128 35 -1 -1 -128 62 66 73 83 78 72 72 74 114 90 78 123 107 111 114 111 104 106 72 82 67 70 56 -6 -1 -6 -26 -40 -34 -50 -49 -65 -75 -77 -84 -81 -77 -74 -72 -68 -68 -74 -65 -54 -45
127 123 122 117 118 114 118 117 120 114 117 114 114 114 114 116 116 116 116 116 116 114 113 112 112 108 108 108 110 110 111 113 120 124 127 127 127 127 124 117 114 107 106 118 111 111 111 111 113 110 111 118 116 120 0 118 123 118 112 116 116 117 117 117 117 117 117 119 125 124 120 119 119 120 122 127 127 127 127 127 123 113 123 123 124 113 122 110 95 87 87 111 102 -128 -1 -1 -17 100 127 107 0 91 101 118 113 116 118 119 120 118 118 106 41 36 55 47 53 59 112 104 67 73 71 67 70 70 105 101 94 82 89 87 94 99 97 95 108 100 106 117 119 118 117 116 112 111 89 107 88 114 116 0 0 91 59 0 97 87 33 33 0 76 81 79 83 85 88 68 74 72 76 106 102 96 107 106 110 84 85 94 108 110 110 110 108 105 101 108 106 99 105 112 105 104 104 105 105 110 105 99 84 97 96 120 106 84 87 116 99 91 89 70 89 101 84 74 85 67 68 82 72 76 88 78 66 108 82 24 72 110 91 78 99 87 91 99 87 104 111 112 106 96 105 99 97 100 107 101 111 106 118 111 89 113 112 104 116 113 116 116 112 116 112 0 84 112 110 101 108 111 106 81 99 102 108 110 106 94 82 107 104 106 94 95 104 102 89 104 108 106 94 101 95 101 105 106 110 91 106 0 108 99 111 104 85 99 93 94 101 112 111 117 114 113 99 102 117 113 108 105 113 102 101 104 112 102 105 110 116 107 117 112 118 120 116 119 122 123 120 120 116 111 116 123 124 124 124 124 123 123 123 123 122 123 122 122 124 122 118 118 114 118 118 102 110 116 108 120 112 106 0 0 100 76 107 85 91 94 100 89 89 125 119 91 106 120 106 87 93 78 59 67 58 45 58 48 45 42 41 38 24 24 41 43 43 42 43 52 52 42 44 53 55 55 52 45 44 39 37 38 38 36 38 49 43 54 56 55 54 68 61 73 66 72 35 42 52 50 102 93 77 123 84 61 67 107 95 88 78 89 73 93 107 100 113 79 106 9 0 99 64 74 49 -7 100 -1 -1 41 62 73 74 88 82 83 74 96 96 100 110 90 95 84 120 105 123 32 124 120 122 84 -64 -1 -17 -23 -36 -39 -50 -59 -67 -79 -73 -75 -68 -73 -72 -73 -67 -68 -68 -75 -65 -51
120 116 89 117 120 116 116 113 106 117 117 116 114 114 114 117 117 117 117 117 117 116 113 113 113 110 110 111 111 111 114 117 124 127 127 124 127 127 127 119 113 107 110 117 111 111 111 111 108 108 114 123 116 117 116 119 0 12 117 117 117 117 117 117 117 118 118 124 119 119 119 120 120 122 124 127 127 127 127 127 0 122 122 120 110 120 123 108 113 100 85 99 120 -94 -1 -1 -44 127 111 0 95 108 104 101 107 112 117 117 116 96 112 77 60 55 60 64 76 78 64 84 89 90 87 93 88 91 90 79 61 84 101 108 114 117 111 97 114 117 120 116 113 116 114 111 108 104 110 105 100 102 99 96 87 88 85 74 55 73 81 24 0 83 73 81 84 91 77 83 82 88 96 105 101 96 114 101 94 87 91 93 102 108 108 110 102 100 110 106 96 102 94 7 101 96 102 101 105 99 100 93 106 110 104 107 95 83 81 99 105 72 70 76 110 100 88 89 73 82 102 82 89 84 88 73 85 78 101 76 88 89 89 89 87 87 95 82 89 107 106 95 83 99 100 102 104 104 106 110 100 97 91 99 106 111 105 104 108 106 107 110 108 101 107 91 117 113 116 106 101 88 95 110 114 113 102 100 97 99 101 110 101 100 95 106 99 96 106 91 108 111 101 105 102 94 93 100 95 100 102 105 112 110 106 107 99 91 102 107 113 110 101 114 113 104 99 106 112 114 114 111 105 105 108 110 108 100 111 114 104 113 117 118 116 123 127 118 119 118 118 112 113 111 127 127 124 124 123 123 123 123 124 122 122 122 123 123 124 118 119 114 111 118 117 124 113 114 112 106 112 100 0 0 91 105 85 101 95 100 100 102 124 84 111 100 127 108 100 82 73 73 64 61 60 0 48 44 49 48 14 0 0 49 41 39 41 41 48 43 0 36 53 55 60 53 50 47 39 43 37 38 38 37 47 49 50 54 59 65 74 84 89 89 76 52 45 58 53 62 50 111 117 104 100 113 85 95 0 93 93 106 100 72 117 112 0 0 0 0 85 102 83 68 -117 -1 -1 -1 -128 61 72 71 84 96 84 67 79 90 96 83 88 112 122 112 108 124 114 0 123 102 79 37 -1 -16 -31 -30 -36 -53 -67 -75 -81 -72 -68 -77 -74 -75 -69 -69 -68 -68 -69 -67 -55 -72
127 105 0 125 119 119 119 118 113 116 108 113 117 117 117 117 117 118 118 119 119 119 118 118 117 112 112 112 112 112 113 116 117 127 123 120 127 127 127 125 120 117 118 111 112 112 112 112 112 112 116 116 116 116 116 117 117 111 116 127 30 0 124 110 122 123 123 125 118 120 124 123 118 110 113 118 127 123 127 125 125 120 119 119 118 114 118 111 83 96 105 106 113 93 -8 -1 -68 107 125 0 105 101 90 87 95 107 90 71 90 112 116 110 107 107 102 95 101 114 0 95 99 102 100 108 85 78 101 93 91 96 100 111 83 94 114 107 106 114 110 118 117 117 95 96 105 112 112 113 110 105 106 89 106 104 78 0 87 81 64 60 41 0 93 81 79 93 84 79 81 104 68 82 101 99 93 112 110 105 71 84 88 102 100 100 106 96 101 106 106 102 104 102 107 107 104 102 94 96 104 101 107 100 102 95 90 89 90 89 64 77 73 84 96 74 68 87 72 82 85 88 104 93 95 79 81 67 101 0 73 93 101 84 104 76 87 95 105 95 99 90 89 100 105 102 104 106 106 104 96 105 104 113 112 112 101 95 105 107 97 108 111 106 95 0 114 112 108 94 106 91 102 113 105 116 110 110 110 108 107 96 95 96 100 97 88 104 105 99 101 89 90 93 100 100 108 97 96 102 95 0 107 106 99 101 110 105 108 105 111 110 114 116 112 112 104 112 112 112 113 101 111 101 105 114 107 113 119 105 106 116 116 118 116 108 127 0 116 116 119 110 113 117 114 122 125 123 122 124 125 118 123 123 124 123 122 122 120 120 117 116 111 108 117 0 0 127 108 113 111 112 0 0 96 101 78 110 71 117 108 81 118 114 123 89 110 108 93 94 84 89 70 68 59 52 50 0 0 2 47 44 37 0 44 41 43 43 43 42 42 50 49 52 55 60 50 50 43 38 38 38 37 41 44 42 48 62 71 89 111 120 99 70 61 53 52 61 60 56 91 102 91 82 88 68 76 104 100 107 127 88 96 0 102 94 104 0 0 113 116 107 88 91 50 -128 -128 -2 -122 49 73 74 78 118 120 78 74 100 110 91 122 112 94 120 112 100 118 107 120 101 118 52 -128 -2 -41 -44 -53 -59 -69 -82 -73 -67 -75 -75 -75 -73 -70 -68 -67 -72 -69 -69 -68 -55
114 0 114 120 117 124 123 116 118 118 119 116 117 117 117 118 118 119 119 120 120 119 118 118 117 113 113 113 113 113 117 117 125 123 114 114 119 127 127 127 123 0 118 113 112 112 112 112 113 113 117 117 117 117 118 118 116 124 113 123 110 107 110 0 122 120 124 114 111 123 122 120 118 113 107 95 102 122 124 118 124 106 97 111 93 102 110 105 106 100 90 89 106 108 127 122 -128 127 0 82 85 73 74 91 84 53 89 102 117 106 101 102 104 111 114 119 113 99 96 105 107 101 106 119 110 107 105 104 110 110 112 105 96 107 110 122 112 108 116 118 102 99 113 107 112 111 110 105 110 95 102 108 96 104 82 68 79 87 41 110 45 0 74 90 95 67 89 73 101 83 95 89 99 88 94 114 111 93 85 81 95 106 104 104 95 99 105 107 104 101 100 82 106 105 96 105 105 106 105 106 102 79 94 84 90 85 64 68 83 79 76 95 106 64 72 84 89 82 88 94 85 90 81 67 93 72 84 76 94 96 72 94 82 94 107 106 95 96 76 90 104 105 91 107 94 108 107 105 101 97 110 107 101 108 91 108 111 102 111 112 104 101 118 104 96 99 104 78 95 112 116 106 106 110 104 99 107 89 99 100 102 99 102 95 102 106 112 97 108 78 102 76 88 87 107 101 104 95 100 107 104 101 107 101 113 114 113 108 112 105 110 106 113 106 97 101 113 102 113 105 110 108 106 105 108 117 108 111 102 110 114 118 119 123 114 111 117 118 108 112 112 123 120 123 124 122 123 124 120 123 122 122 123 120 122 120 120 117 65 0 43 0 0 0 0 0 0 0 0 0 16 10 88 84 94 79 93 104 90 99 118 123 111 105 110 95 96 104 83 85 79 60 43 50 36 53 37 43 43 37 47 0 52 43 43 43 42 42 41 52 50 53 62 50 47 49 39 38 37 41 44 49 48 49 53 82 111 110 111 107 71 59 58 43 71 99 61 62 94 89 87 118 123 71 96 73 95 73 0 93 96 110 105 90 0 70 113 120 111 85 108 73 67 73 -128 -128 53 78 79 77 123 94 79 71 82 122 113 112 102 102 124 122 116 102 101 85 105 85 74 30 -1 -14 -68 -58 -69 -88 -77 -75 -68 -72 -75 -73 -72 -72 -69 -70 -72 -69 -69 -68 -58 -60
127 83 111 114 123 127 123 124 120 118 118 117 117 118 118 119 122 122 122 123 123 122 122 120 120 118 118 118 117 117 117 117 118 119 111 106 114 122 123 123 127 122 122 118 114 116 117 117 117 117 118 117 116 117 117 118 118 117 120 127 127 127 127 124 123 124 0 77 113 116 124 116 114 112 112 111 111 107 95 88 0 113 111 111 108 101 110 100 85 89 99 82 78 87 94 125 100 117 0 99 77 60 85 65 61 67 90 101 106 93 95 87 93 97 100 101 102 106 123 119 111 105 116 99 96 102 102 102 108 106 107 104 112 116 114 117 118 117 114 113 116 117 117 106 96 105 107 110 104 113 100 102 104 101 96 97 83 74 56 89 61 0 0 90 91 73 62 71 89 87 68 73 96 94 72 74 118 111 107 97 104 106 101 84 90 101 106 107 107 106 110 0 97 97 93 99 110 108 104 106 95 94 96 83 100 71 89 68 70 91 67 104 71 71 89 96 79 77 97 76 77 94 89 78 78 87 88 0 77 88 100 100 83 101 91 83 87 87 93 100 104 97 96 105 99 105 106 106 107 101 112 95 107 112 95 110 99 102 102 114 102 95 104 0 104 94 93 96 93 107 112 108 102 93 93 97 95 97 105 102 96 97 99 88 99 105 102 95 96 106 107 89 87 93 106 91 108 94 97 0 94 97 111 104 112 113 112 111 110 105 116 111 97 116 112 112 104 107 104 102 105 108 105 106 110 113 112 101 114 114 114 114 117 120 107 0 114 99 104 111 108 118 118 125 125 122 122 122 122 122 123 116 105 120 119 127 113 127 0 0 0 0 0 56 88 45 0 0 95 73 65 90 70 93 85 94 85 95 88 87 94 90 107 116 111 106 94 90 87 89 71 60 59 48 0 0 42 42 42 41 43 41 50 33 41 41 41 38 42 0 49 49 52 48 50 43 33 37 39 43 52 52 54 52 45 74 74 94 90 93 112 68 48 59 56 90 82 70 73 101 111 105 89 74 95 35 0 0 97 101 95 85 100 117 8 0 87 113 119 100 73 60 62 59 59 47 49 62 67 79 110 90 71 67 82 101 99 96 125 94 127 120 96 120 105 93 62 111 116 71 -78 -9 -50 -78 -58 -81 -74 -74 -70 -70 -72 -69 -68 -68 -70 -70 -70 -72 -69 -69 -70 -67
127 119 107 117 116 127 119 116 117 117 119 119 120 120 120 122 124 124 124 125 125 124 124 123 123 120 120 119 119 117 117 119 120 125 120 123 119 119 120 127 123 127 123 123 118 117 117 117 119 119 119 118 117 117 118 118 119 123 127 127 127 127 125 124 127 123 123 120 124 0 0 112 108 113 99 104 110 101 111 52 102 108 106 110 93 105 101 94 113 72 88 82 74 72 102 106 104 0 99 62 37 43 43 54 64 95 99 102 91 85 77 83 56 56 67 96 88 0 102 117 106 104 94 87 107 111 101 101 104 100 112 99 112 119 106 119 123 105 105 108 111 108 112 117 117 110 105 108 99 105 101 104 95 97 0 82 74 68 93 59 77 0 48 84 100 93 71 71 67 97 77 81 84 79 67 68 70 97 111 110 111 105 90 95 100 107 108 112 110 106 107 105 99 95 91 107 108 90 102 106 106 104 97 97 90 85 81 73 91 93 83 95 83 85 83 94 91 85 62 87 62 94 76 73 85 95 74 100 100 88 95 65 85 85 97 95 99 104 101 94 105 106 91 101 99 107 106 106 102 95 102 102 108 108 106 96 107 108 100 101 105 111 110 104 105 107 95 99 110 110 108 99 89 107 99 90 100 93 102 102 100 104 97 94 102 112 100 99 90 106 90 106 95 102 111 106 99 104 112 107 97 105 112 114 112 105 102 91 111 106 107 106 111 112 106 99 100 105 111 107 97 106 102 113 112 107 110 106 106 114 112 114 119 100 110 0 114 102 114 106 116 112 125 124 124 122 123 120 122 122 120 117 110 111 30 106 0 0 95 102 111 107 112 91 111 95 78 99 88 81 97 89 79 93 105 96 112 76 91 87 116 100 111 81 79 90 81 72 89 77 78 48 56 55 36 49 42 42 43 42 32 37 4 37 41 41 41 37 44 41 45 44 47 52 41 41 37 42 48 52 53 54 55 50 54 77 91 82 100 97 71 61 59 65 60 70 88 73 104 127 119 0 33 99 97 71 70 0 120 123 94 113 114 117 58 0 29 118 89 74 67 68 66 65 58 61 58 68 79 90 90 82 77 91 101 90 108 107 122 127 105 118 95 124 100 79 0 38 -128 -35 -11 -31 -67 -78 -74 -77 -70 -70 -70 -70 -70 -69 -68 -68 -70 -70 -70 -70 -70 -70 -70 -68
127 104 105 101 118 122 120 119 119 120 120 120 120 119 120 123 125 125 125 125 125 125 125 125 125 123 123 123 119 118 118 118 118 122 127 123 113 118 122 122 114 123 125 127 127 124 117 118 117 118 119 119 119 118 116 116 123 122 127 127 125 123 124 127 124 116 120 125 124 122 118 99 113 0 87 78 96 110 101 95 118 99 111 76 55 90 104 79 97 99 93 82 102 97 106 108 111 0 72 110 78 91 73 77 88 93 68 89 68 65 73 76 91 68 94 90 96 105 112 114 83 90 88 77 89 93 94 97 95 97 85 111 116 111 117 122 119 122 119 122 107 108 113 112 112 110 116 108 105 83 99 108 104 107 90 83 84 93 104 45 39 47 0 62 96 105 87 76 65 83 71 88 93 72 94 91 78 85 60 107 104 108 110 108 106 107 107 110 102 107 111 0 104 105 84 105 104 93 88 105 100 101 83 102 85 88 101 96 107 71 77 95 60 99 90 88 105 70 88 73 82 72 73 94 70 105 93 0 71 97 77 68 87 96 95 73 113 100 78 104 83 107 104 107 110 96 106 81 110 105 106 106 99 91 107 107 110 108 107 108 95 83 105 0 108 108 113 107 113 110 110 88 99 102 100 94 91 100 105 101 94 106 107 99 110 110 94 91 105 106 106 107 90 105 107 94 110 107 102 85 108 111 110 114 108 111 108 107 110 94 112 95 108 116 106 106 110 113 114 99 101 108 113 116 97 120 108 113 105 116 106 114 108 111 111 118 104 104 111 113 111 120 122 122 124 116 120 120 122 120 99 106 125 0 0 0 0 82 108 114 114 110 95 96 100 101 105 105 102 102 95 97 0 88 111 91 116 74 65 101 118 113 106 106 91 93 95 77 83 74 88 64 70 0 48 43 43 43 43 43 39 47 0 41 41 42 45 39 39 29 39 33 41 49 47 12 41 48 49 50 48 56 45 55 52 61 68 72 104 85 74 66 64 68 82 79 84 85 44 0 83 112 111 117 90 84 70 117 85 125 105 89 102 118 101 71 0 93 91 76 91 70 74 83 64 64 59 81 88 101 91 85 87 101 96 110 118 106 113 122 118 123 117 114 120 100 117 0 52 -77 94 -44 -54 -83 -81 -74 -72 -70 -70 -69 -68 -68 -68 -68 -70 -70 -70 -75 -70 -72 -70 -67
0 116 99 100 113 122 120 120 122 122 122 122 120 120 123 124 124 124 124 124 124 124 124 124 124 123 123 122 119 119 119 118 120 127 127 113 119 117 120 119 0 127 125 127 127 127 122 117 118 120 122 122 120 117 122 124 123 127 125 124 127 108 122 123 127 108 94 106 105 120 99 83 85 72 68 0 0 87 65 49 83 105 32 60 25 76 74 83 58 29 0 0 0 85 85 90 116 0 0 90 82 85 79 83 83 60 87 60 65 62 66 68 78 83 85 104 97 113 119 73 79 90 76 74 96 84 79 87 90 97 108 119 118 123 106 100 112 118 118 119 108 106 102 108 111 111 108 114 116 114 105 101 94 93 71 79 101 78 77 41 88 0 47 70 90 82 104 89 77 71 67 81 89 79 90 99 95 89 76 101 88 106 107 106 108 107 108 111 108 105 106 102 104 102 87 107 102 102 106 104 105 108 105 93 96 91 91 91 83 67 94 82 96 77 85 101 85 76 68 89 78 87 81 74 97 91 72 66 70 83 68 72 88 94 90 87 95 81 99 87 102 91 83 113 96 102 90 101 107 101 99 104 95 108 108 107 95 102 106 105 100 102 105 101 112 107 107 113 100 90 97 108 106 105 93 101 101 99 95 97 107 95 102 104 100 107 97 97 97 105 107 95 100 108 102 102 104 104 104 117 113 114 110 110 100 94 97 111 107 106 105 106 112 89 112 111 111 105 105 100 106 112 108 101 110 102 112 101 110 108 111 116 119 116 116 2 110 112 120 120 119 123 122 122 118 122 123 123 120 118 116 118 54 0 19 0 33 99 110 108 94 105 101 104 105 99 78 89 88 89 108 70 102 99 102 118 72 82 93 123 114 112 117 97 93 0 0 21 68 70 0 70 60 24 48 38 43 43 43 43 38 41 0 27 42 37 39 39 47 0 45 41 50 0 25 48 47 48 50 49 53 59 48 59 60 60 78 67 61 68 56 59 70 74 56 0 29 94 95 125 66 127 127 118 88 82 84 112 117 112 78 104 110 101 99 93 0 104 83 76 62 78 71 73 66 66 60 85 85 96 95 91 87 127 122 106 123 120 117 111 105 111 114 94 106 113 99 68 -120 -1 -20 -63 -77 -82 -77 -74 -69 -70 -69 -70 -68 -68 -68 -68 -70 -70 -72 -73 -70 -68 -72 -65
0 101 125 120 113 113 125 122 122 123 123 123 123 122 123 125 123 123 123 123 123 123 123 123 123 123 123 123 122 120 120 120 120 124 125 127 123 116 113 118 104 127 123 125 124 127 123 123 119 120 124 124 124 118 116 127 123 116 125 123 120 116 113 114 112 111 124 120 113 113 105 120 94 91 73 76 66 84 43 0 0 0 0 0 0 0 0 0 0 0 0 0 0 0 71 95 117 111 32 0 87 66 70 59 65 61 61 83 61 70 74 78 78 88 87 90 82 0 88 76 74 83 78 76 84 72 70 78 82 83 106 117 114 117 120 117 117 127 117 114 114 117 108 108 106 104 111 106 110 108 102 104 102 95 67 90 74 71 85 45 64 10 0 73 83 99 84 87 76 77 85 93 74 70 82 93 94 93 106 108 95 97 93 102 96 106 107 110 108 107 108 48 101 93 97 83 81 100 97 106 106 97 91 89 97 96 88 89 85 81 100 84 90 84 87 85 83 78 82 84 93 100 101 71 95 96 71 0 85 76 90 81 78 90 83 83 87 74 89 94 107 93 85 108 104 96 82 89 89 100 105 100 101 108 94 105 99 101 87 93 101 106 112 0 116 108 112 111 111 104 105 110 108 106 101 112 99 94 105 112 102 101 107 105 105 108 95 95 105 108 100 105 106 108 93 96 111 106 114 105 113 111 107 108 104 101 101 107 104 97 112 107 111 104 104 99 95 100 107 107 110 112 110 106 102 107 108 96 116 118 116 119 117 110 119 114 107 125 118 122 119 123 122 122 122 124 119 119 119 118 114 117 113 0 93 95 101 100 114 102 105 99 104 112 106 106 90 95 99 96 88 83 77 117 83 119 88 111 113 116 110 82 95 97 100 101 0 88 0 64 0 3 64 0 43 39 43 43 43 43 38 38 35 0 0 27 38 39 39 0 0 45 25 0 44 0 43 49 50 52 54 8 0 27 56 47 70 62 74 74 61 59 0 0 102 70 85 83 91 116 99 106 101 99 100 76 65 113 0 110 99 116 117 105 101 122 112 0 87 79 93 79 71 78 73 73 64 81 71 87 99 104 82 123 107 117 118 113 106 120 99 101 102 94 104 119 105 97 99 -1 -26 -55 -72 -70 -74 -72 -69 -68 -70 -69 -68 -68 -68 -68 -70 -70 -70 -69 -72 -70 -69 -67
105 96 107 114 96 99 117 122 123 127 127 127 124 124 124 124 124 127 127 127 127 127 127 127 127 127 127 127 127 122 122 122 124 127 123 122 119 111 113 113 114 123 104 123 124 125 124 127 127 125 125 123 119 118 122 123 118 124 117 120 113 111 118 117 118 114 111 107 89 83 77 73 104 73 99 67 78 0 0 37 61 35 26 0 36 26 35 54 44 76 64 66 0 30 85 0 39 118 0 15 81 72 62 76 66 62 72 73 70 68 74 94 76 74 81 93 87 83 68 73 76 77 73 60 77 107 67 79 85 106 106 117 114 118 118 120 120 118 118 113 116 117 111 108 106 107 108 105 107 99 101 107 104 79 96 91 97 68 73 91 9 0 99 78 91 87 83 64 71 82 82 79 85 83 81 96 84 100 104 104 78 68 90 93 88 94 108 114 110 108 96 94 88 82 84 77 59 72 101 104 97 97 83 82 90 91 82 87 89 107 82 84 70 83 97 85 84 89 90 87 95 90 93 93 84 87 77 83 79 95 88 71 74 90 76 93 79 72 90 90 81 81 85 81 90 91 108 93 100 108 97 94 96 102 101 102 100 83 106 106 100 104 106 88 97 110 96 108 108 110 111 110 108 102 99 99 99 106 108 95 97 100 105 99 100 104 110 108 107 101 107 107 110 100 107 111 112 112 112 18 108 112 110 110 111 112 110 111 101 106 97 105 94 100 106 97 106 99 114 111 116 112 108 104 106 107 117 117 116 113 112 112 112 120 119 119 114 120 120 120 120 120 120 122 123 114 116 118 99 0 0 0 0 84 97 105 110 104 101 100 96 104 104 99 105 85 97 97 91 83 104 67 0 111 93 84 111 104 120 124 81 94 100 102 117 9 91 70 68 21 52 15 0 44 48 44 43 43 43 43 43 43 43 43 27 0 4 0 0 59 0 33 47 49 42 4 10 43 53 15 0 53 53 37 49 0 71 30 0 72 59 76 68 93 79 87 93 106 122 71 97 113 81 93 82 60 93 106 84 111 119 118 101 105 62 112 127 0 105 90 76 66 67 67 65 67 91 66 68 88 97 84 93 91 127 110 105 119 119 106 113 91 127 116 99 97 64 -128 -1 -8 -36 -65 -73 -73 -69 -74 -72 -72 -72 -70 -70 -72 -70 -70 -70 -70 -70 -70 -69 -70 -63 -67
127 120 123 118 96 94 99 123 117 105 125 127 127 124 124 124 124 127 127 124 124 124 124 124 124 124 124 124 127 127 124 124 124 122 122 117 118 112 106 116 117 110 110 120 120 122 122 122 125 127 125 120 113 123 122 106 127 112 100 105 118 117 107 102 111 102 110 95 94 102 113 110 78 81 99 93 95 74 0 0 0 33 82 68 67 65 0 0 50 68 66 73 55 0 0 0 0 0 76 0 71 62 49 83 61 78 72 76 64 81 87 96 78 81 81 72 78 82 65 74 72 83 68 93 87 91 78 73 81 83 97 107 114 113 106 116 112 120 113 101 112 116 112 108 104 105 110 106 108 108 100 100 105 107 0 101 72 93 96 72 54 0 127 102 82 107 73 79 82 88 95 81 79 79 77 84 95 90 104 110 89 59 83 83 90 79 99 110 112 108 106 104 97 94 95 82 73 87 70 74 88 101 93 93 77 89 91 105 68 73 79 76 73 91 84 85 91 94 89 94 85 93 102 104 79 77 100 25 78 90 78 81 82 95 82 97 71 78 85 83 85 82 91 85 88 99 107 108 87 110 102 102 93 97 96 105 108 100 93 97 85 105 106 0 99 100 101 104 106 108 112 111 104 93 97 96 102 107 107 91 102 101 100 106 104 100 108 99 107 102 102 108 106 99 107 116 110 111 102 112 111 107 105 108 110 110 112 101 90 100 105 108 100 102 110 105 104 111 111 107 107 110 111 107 112 114 117 118 113 114 106 112 113 119 114 114 0 120 118 118 118 118 120 119 120 117 102 78 0 0 32 52 96 106 73 96 107 108 85 104 96 102 106 90 101 94 101 101 97 81 93 102 77 9 117 90 95 114 107 96 88 93 120 104 107 60 1 71 71 60 60 59 60 45 48 45 43 43 43 43 43 43 43 43 55 44 44 9 44 44 0 67 50 43 50 48 50 18 2 0 50 64 48 53 70 0 0 43 50 49 76 55 68 84 89 102 118 106 119 117 100 105 89 96 70 62 85 116 127 120 107 116 120 95 67 108 100 88 0 110 83 74 71 67 66 71 72 73 78 102 112 107 114 127 117 105 116 100 113 127 127 127 119 93 120 65 78 0 -124 -14 -31 -67 -79 -74 -70 -70 -72 -72 -70 -69 -61 -73 -70 -70 -70 -70 -70 -70 -70 -69 -70 -70
127 111 105 111 111 101 105 120 123 116 127 120 108 117 116 127 118 125 124 125 125 124 124 124 124 120 123 124 120 125 123 122 123 127 117 113 112 106 107 0 119 106 114 102 116 122 122 120 124 127 125 125 125 125 122 125 127 125 112 102 94 97 101 112 119 117 95 96 94 97 94 105 79 79 85 74 85 59 0 0 0 0 45 72 66 79 99 72 91 0 0 84 68 61 61 61 0 0 0 96 77 70 70 53 65 72 65 64 67 72 67 82 90 87 90 82 0 72 72 71 71 74 77 76 78 79 78 74 85 97 102 112 113 102 118 112 120 120 118 117 114 113 111 110 105 102 102 108 108 105 99 100 111 108 104 95 88 97 66 66 0 89 97 78 83 87 102 65 67 85 78 82 94 83 61 91 71 84 102 101 74 83 68 83 93 82 83 107 110 108 0 102 95 99 96 90 95 85 77 91 87 97 107 101 97 89 79 81 101 101 74 90 91 84 94 83 81 99 91 84 94 79 102 97 88 77 91 89 88 68 89 83 99 84 79 83 95 79 94 99 77 88 85 110 93 106 89 97 101 101 100 106 97 104 94 95 105 101 83 82 101 97 107 113 106 108 100 94 96 97 95 99 93 101 102 105 106 106 97 101 110 100 110 107 100 104 106 105 102 105 107 110 112 108 102 106 108 111 102 0 113 108 105 97 111 105 101 105 101 108 97 99 102 107 105 113 114 110 112 106 114 112 114 116 118 117 114 118 112 111 113 113 102 107 118 108 106 117 118 117 116 117 123 116 110 112 91 0 100 106 94 88 106 99 99 105 108 106 99 94 99 102 100 74 85 96 95 97 82 87 107 96 97 99 95 112 117 110 79 82 102 107 111 90 90 0 0 0 73 56 55 52 50 49 45 45 44 44 44 42 42 42 42 42 33 50 42 44 37 42 29 61 42 47 48 49 52 59 47 50 64 0 0 53 54 54 10 64 64 64 66 72 71 97 112 89 107 119 107 100 96 84 94 83 83 81 110 122 66 100 106 113 105 112 100 123 127 105 0 78 71 68 53 55 55 73 76 81 88 91 114 114 127 111 125 117 114 113 114 96 112 108 120 101 97 60 -128 82 -107 -42 -53 -82 -83 -65 -74 -70 -70 -70 -68 -72 -61 -74 -70 -70 -70 -70 -74 -72 -73 -70 -72 -67
127 116 125 106 104 114 116 113 0 0 0 0 0 0 64 106 122 125 123 124 124 124 124 123 123 116 117 118 123 127 114 124 118 97 107 104 111 97 101 50 108 117 107 114 118 120 106 117 117 124 124 124 124 123 123 116 127 124 124 123 114 99 107 116 112 106 116 113 110 99 102 99 105 111 66 70 90 76 44 78 61 0 0 41 35 39 54 48 52 85 94 125 111 110 0 0 101 55 64 52 77 85 87 81 62 59 62 72 78 82 82 84 90 95 93 64 87 76 76 76 76 77 79 79 82 84 85 85 90 93 99 105 111 117 107 102 114 116 118 116 110 112 112 110 108 111 107 110 107 104 104 99 93 105 111 101 87 68 93 71 101 0 89 89 89 108 84 88 77 84 88 83 89 85 83 84 88 79 88 96 102 79 81 99 107 108 102 82 87 78 77 76 90 99 96 96 88 89 93 67 81 95 101 95 91 106 101 100 104 100 96 76 83 83 91 97 90 93 83 85 95 88 81 99 83 106 94 101 79 91 89 102 77 82 100 78 81 77 79 106 71 106 106 99 96 90 99 100 102 106 94 101 105 101 106 94 106 97 94 91 108 99 107 0 107 107 106 91 97 107 108 107 102 100 100 101 106 104 107 102 100 101 100 108 107 110 105 105 108 106 110 107 110 108 111 108 111 110 111 113 101 96 113 110 111 96 105 104 102 114 108 104 102 106 111 110 105 108 107 114 107 105 114 114 114 116 114 113 107 117 110 108 106 110 102 102 0 113 118 113 113 117 120 114 116 106 65 0 114 124 90 94 102 101 89 96 104 102 94 101 100 95 101 93 94 102 87 96 105 94 110 96 90 6 96 89 106 93 85 105 105 116 101 93 96 77 82 77 0 60 54 52 48 45 45 45 44 44 44 43 43 43 42 42 24 96 45 38 39 39 43 41 52 61 52 50 54 0 0 52 61 60 53 54 56 60 0 58 54 64 70 68 66 82 87 123 97 99 118 105 107 100 76 90 91 79 108 120 88 74 97 107 122 77 87 76 87 50 19 0 74 53 53 55 60 68 78 83 106 112 117 124 124 122 119 105 120 125 119 104 117 127 102 99 87 54 -1 -1 -26 -47 -77 -73 -58 -61 -61 -72 -70 -70 -69 -70 -50 -81 -70 -70 -70 -70 -70 -68 -74 -70 -74 -67
118 96 118 118 114 107 0 0 0 56 102 0 0 0 0 117 112 123 122 123 123 124 124 127 127 127 125 127 127 118 124 119 107 124 105 104 85 90 104 113 105 104 99 106 107 116 120 116 118 124 123 123 120 120 118 127 122 118 119 122 118 107 101 114 106 113 110 106 79 73 88 73 88 96 85 67 108 102 78 85 0 0 38 24 71 47 82 85 74 99 107 107 120 99 95 100 87 0 0 50 65 89 91 73 79 72 87 89 87 82 94 91 102 93 94 66 83 78 78 79 79 81 82 84 85 83 85 89 99 99 105 112 113 108 106 97 110 118 116 114 108 111 111 110 111 106 114 102 104 100 100 93 97 0 101 106 91 97 90 105 0 12 102 88 101 100 100 83 97 104 82 81 99 100 88 84 87 74 79 83 96 83 73 79 99 110 89 79 76 89 0 97 100 107 106 93 90 79 77 83 96 96 93 94 96 93 95 96 97 96 90 81 91 99 88 83 93 81 87 89 81 82 93 83 100 94 89 84 100 101 93 72 81 84 83 99 85 89 76 97 97 90 97 79 91 105 90 99 94 93 96 93 101 99 100 90 99 93 99 104 99 102 106 100 108 100 95 97 108 107 106 112 105 104 104 105 99 107 104 102 106 107 108 108 106 107 102 107 107 102 105 106 111 102 88 111 110 108 96 0 104 110 108 106 94 104 106 106 104 112 106 106 96 112 112 108 101 104 111 118 105 116 116 113 111 114 112 111 110 114 106 105 108 102 116 116 122 114 116 119 111 119 113 116 106 76 0 114 114 101 104 96 102 90 96 102 104 85 93 101 76 83 93 95 89 93 102 99 95 107 101 99 83 85 94 106 102 111 96 119 79 113 113 107 96 81 77 71 0 50 49 47 45 44 45 45 44 44 44 42 44 44 42 42 36 76 44 38 42 43 0 52 65 0 0 53 58 53 59 43 64 59 56 52 59 67 0 59 39 44 83 70 74 102 105 87 0 72 68 90 91 89 93 81 84 96 119 108 119 0 100 123 90 90 99 60 71 74 0 82 73 65 54 56 60 68 79 108 119 107 120 118 108 122 108 110 99 123 125 96 100 111 67 93 76 -6 -1 -18 -59 -67 -63 -73 -61 -64 -70 -72 -70 -70 -70 -64 -60 -77 -70 -70 -70 -70 -70 -69 -73 -70 -65 -67
127 104 111 101 97 127 0 0 21 113 117 112 123 113 47 0 16 106 119 120 117 122 122 123 123 127 127 106 119 113 0 117 123 127 127 110 116 111 96 120 114 110 108 110 105 107 107 107 113 122 127 125 122 123 120 97 -1 58 91 83 127 127 120 108 110 108 108 100 84 89 95 94 81 76 62 88 93 85 0 67 0 0 43 38 20 35 35 77 60 84 94 94 91 112 114 102 91 81 42 -128 -128 0 0 85 53 83 81 83 85 81 79 82 89 76 73 89 0 78 79 81 83 84 85 84 84 84 87 87 90 96 102 106 112 116 118 114 112 101 108 110 113 111 111 110 108 110 108 107 107 105 97 97 95 97 91 97 105 93 87 91 0 0 101 101 110 112 113 93 94 102 90 88 76 93 78 81 84 79 83 101 89 81 82 91 82 94 87 79 88 96 93 110 108 110 107 102 113 100 91 101 94 91 99 101 104 94 95 96 96 96 94 97 90 93 94 82 93 88 91 89 82 82 97 96 73 78 107 96 97 87 87 66 78 71 97 78 87 85 84 83 100 96 77 72 95 95 85 91 100 90 89 96 94 83 97 89 89 97 102 107 108 104 97 0 106 97 96 100 110 96 95 96 101 105 110 99 104 105 102 104 106 102 105 110 102 106 110 107 107 106 105 102 97 99 104 105 111 101 96 101 99 105 108 107 91 106 99 105 110 106 97 96 112 111 113 106 108 108 114 114 117 113 114 111 112 113 108 111 108 112 104 111 100 107 112 113 112 111 114 114 113 114 112 114 100 108 0 105 106 106 87 93 101 100 94 106 104 87 93 94 89 82 100 95 93 96 96 97 101 97 104 106 90 68 74 116 112 90 110 97 100 110 89 94 100 83 85 71 65 43 14 43 48 45 45 45 45 45 44 44 43 43 50 33 59 35 47 39 44 42 0 0 60 71 38 44 53 48 52 52 54 56 56 53 55 59 64 0 0 60 33 0 77 89 113 100 39 49 73 112 107 93 90 88 76 81 112 114 127 120 95 127 0 116 85 111 68 67 83 0 87 74 60 66 61 73 66 87 96 73 127 107 113 123 112 97 101 114 113 117 105 96 122 60 50 -22 -1 -22 -41 -116 -56 -72 -69 -69 -70 -73 -72 -68 -70 -67 -59 -87 -70 -70 -70 -70 -70 -63 -77 -70 -75 -64
104 112 105 90 0 0 0 112 116 105 107 118 113 102 101 31 0 0 106 114 120 122 122 123 123 111 0 0 0 0 0 0 0 49 122 118 105 94 0 119 122 124 124 118 118 116 113 116 117 123 122 120 122 112 82 -121 -1 -1 0 116 127 123 113 113 87 79 72 100 104 114 112 106 97 100 81 91 95 0 101 37 0 39 42 35 54 93 87 99 49 53 72 82 94 95 95 87 78 73 -110 -13 -1 -128 48 76 64 0 0 35 60 81 74 81 76 78 77 78 82 81 82 82 83 85 87 87 87 87 88 90 97 105 105 110 114 120 118 120 118 127 104 85 83 88 106 105 107 108 107 107 105 102 99 90 74 32 91 94 84 76 79 0 107 95 89 95 104 110 96 102 110 108 99 82 90 91 101 101 95 78 83 100 84 81 90 89 95 95 97 97 101 108 101 117 112 112 106 105 106 102 91 90 95 99 101 102 101 101 102 102 101 102 94 84 91 93 87 91 99 95 95 78 79 79 87 110 105 83 8 88 85 85 82 91 81 84 89 64 77 77 89 85 83 59 90 85 78 101 84 91 100 81 91 89 96 89 84 95 93 105 94 99 93 99 83 91 99 105 105 106 107 95 102 105 97 101 100 106 105 105 105 106 106 100 108 107 105 99 108 107 105 105 97 102 108 107 102 95 95 99 96 22 104 106 102 106 102 106 107 105 104 105 107 113 106 108 108 112 112 113 118 116 101 102 105 110 110 110 105 104 106 102 107 105 108 113 114 116 0 107 108 110 114 112 114 104 105 0 101 84 107 94 96 99 96 99 102 104 89 99 95 101 97 94 100 90 104 105 106 104 101 106 93 72 91 0 110 104 108 127 124 116 111 106 116 102 82 78 66 59 58 61 12 48 47 45 45 45 45 45 44 44 43 43 37 49 6 0 0 47 45 55 71 18 61 45 53 54 43 54 49 49 47 50 55 54 58 59 58 70 60 82 0 94 104 124 1 4 55 36 85 101 93 89 83 78 90 100 94 104 70 0 113 42 0 119 71 90 84 107 0 0 95 87 78 74 60 72 81 108 78 85 114 112 113 97 100 78 123 111 127 71 105 127 65 0 -1 -1 -22 -22 -65 -128 -70 -82 -69 -63 -72 -72 -68 -77 -70 -54 -81 -73 -70 -70 -70 -70 -70 -72 -63 -78 -69 -65
127 114 104 61 62 0 6 101 100 106 97 116 110 118 100 89 83 0 0 53 110 117 119 123 125 127 0 7 116 125 119 116 118 0 0 104 111 108 55 125 118 124 123 124 125 123 124 125 125 127 125 124 119 112 127 99 108 -128 -1 -59 54 106 88 85 78 96 87 88 105 117 111 97 96 96 90 88 96 95 85 93 0 93 50 50 73 59 58 88 93 84 74 58 74 89 84 87 97 68 59 41 -93 -1 31 60 65 71 73 70 70 72 0 53 73 67 95 73 72 81 72 84 82 85 87 89 88 88 88 90 95 100 106 106 112 118 119 119 118 117 119 120 118 118 106 105 104 106 107 106 105 104 106 91 97 91 91 85 72 76 0 0 120 99 100 94 114 100 88 114 113 107 84 87 101 111 102 88 93 77 81 91 90 94 81 95 90 96 102 101 106 111 96 112 114 114 110 106 107 105 104 89 79 100 95 102 99 99 101 101 102 101 94 93 91 93 89 93 97 94 77 94 87 83 89 89 89 94 93 79 72 94 82 83 89 96 95 72 66 97 82 70 74 82 89 90 95 97 101 95 101 79 91 95 106 97 104 96 88 94 99 102 94 102 97 0 95 102 97 106 102 90 102 106 102 102 108 105 106 108 106 106 104 107 111 104 111 106 111 104 108 106 99 102 101 105 97 96 101 97 101 112 97 110 102 105 107 111 112 105 100 101 102 107 107 112 110 107 114 111 116 114 105 111 113 110 112 111 105 110 111 110 111 111 108 108 113 113 100 119 117 112 113 113 107 99 104 0 60 102 111 88 89 101 85 99 97 89 88 97 102 96 105 105 108 105 107 108 107 104 105 104 89 100 108 107 106 85 104 122 107 102 118 102 95 100 88 76 65 61 49 61 0 58 42 56 44 38 41 58 36 50 44 0 0 38 44 44 44 47 48 55 59 61 66 59 55 55 45 52 55 50 53 53 49 54 56 61 67 66 76 68 87 0 88 99 120 0 89 94 0 70 102 90 82 85 89 105 118 107 81 36 0 26 88 0 94 111 96 87 114 0 104 99 93 87 62 72 82 82 66 31 102 122 87 104 87 73 110 107 110 88 104 127 97 0 -1 -1 -23 -37 -44 -36 -87 -64 -72 -72 -72 -72 -70 -70 -69 -65 -37 -78 -72 -72 -70 -70 -70 -70 -70 -75 -73 -67
0 0 0 0 0 0 0 76 93 87 102 107 114 114 105 96 77 26 0 0 101 110 117 123 125 0 49 118 122 123 122 127 124 50 0 120 114 74 111 108 112 124 123 124 123 124 124 117 123 124 124 127 122 122 127 123 127 107 -128 -47 -39 -8 0 89 90 110 106 114 112 106 95 93 100 99 99 90 91 89 94 3 12 77 74 87 58 41 70 70 73 43 84 105 97 106 84 83 76 71 76 49 0 16 47 71 74 76 73 79 78 74 55 76 66 0 0 0 67 88 77 81 87 88 89 89 89 90 91 95 100 107 107 112 116 119 119 119 117 119 114 112 108 108 107 106 106 107 104 102 102 101 100 96 90 91 89 96 76 36 0 89 100 87 106 102 87 97 111 110 91 101 99 97 105 102 83 90 83 76 72 91 76 77 96 94 102 108 110 107 112 111 112 114 113 113 113 112 106 102 94 89 79 71 82 89 97 90 99 100 102 104 101 88 97 97 91 91 91 84 68 89 81 90 114 93 95 77 0 83 82 85 96 84 99 79 95 84 97 72 84 94 90 91 79 101 91 94 95 93 94 91 96 91 90 90 91 96 95 101 101 89 110 95 96 99 101 101 99 101 93 100 94 104 105 106 104 104 110 102 101 105 106 110 106 104 94 105 102 110 101 101 104 99 96 94 96 93 102 107 108 104 116 106 108 111 111 106 105 106 104 108 112 110 95 108 107 106 104 114 120 114 116 108 111 107 106 102 105 105 105 110 106 108 112 113 113 117 0 113 111 111 107 105 97 117 123 0 101 84 93 89 89 85 99 96 85 102 106 96 101 102 110 107 108 108 106 102 105 102 106 77 90 110 95 89 89 114 91 99 95 117 108 94 82 96 85 68 61 54 64 0 58 39 54 37 44 41 37 0 0 43 48 45 42 44 48 48 47 49 54 62 77 0 68 60 52 44 52 52 53 49 52 52 49 55 52 64 74 78 82 82 102 0 119 102 101 84 64 61 1 95 97 93 96 105 112 114 89 96 0 127 0 82 114 0 124 81 87 113 116 0 112 127 105 66 45 70 44 56 47 56 70 107 104 105 100 66 116 123 95 61 119 89 -128 -1 -12 -8 -40 -23 -50 -39 -64 -81 -70 -69 -72 -72 -70 -70 -72 -61 -72 -68 -70 -70 -68 -73 -70 -70 -68 -68 -70 -67
127 0 0 83 90 70 0 0 13 101 85 94 74 100 108 116 110 112 77 79 0 83 99 105 87 0 0 118 122 122 124 125 124 124 83 0 114 113 101 110 107 111 108 117 119 119 119 122 123 119 124 118 113 127 127 123 123 123 123 127 96 0 107 124 124 123 100 107 106 108 101 102 100 111 117 120 123 0 111 78 0 89 89 97 90 83 36 30 22 25 53 56 50 49 62 119 100 85 82 81 82 67 58 61 71 83 88 87 90 85 84 84 83 83 83 77 90 83 66 0 37 88 91 96 91 99 100 104 104 108 116 105 110 113 119 119 118 116 117 114 112 110 110 107 107 106 104 102 97 100 102 99 101 0 97 95 95 91 0 111 101 112 116 111 116 111 111 112 99 99 108 110 108 101 88 94 99 99 90 89 77 88 101 104 82 74 106 102 110 105 0 101 104 102 106 114 107 110 99 72 101 81 79 77 77 79 88 95 94 102 105 101 104 90 94 88 89 91 90 89 91 84 105 101 95 83 90 82 93 88 95 83 78 105 94 73 96 102 68 102 87 83 94 91 102 100 89 83 96 97 91 91 100 97 95 110 90 106 100 99 96 96 95 39 88 105 102 97 99 107 110 102 108 104 110 95 105 113 95 111 107 108 112 100 108 102 97 101 108 105 106 102 94 101 102 97 100 104 104 106 71 94 114 111 114 100 114 107 105 102 111 107 110 110 108 112 117 118 116 118 114 114 112 102 104 110 105 102 110 97 108 108 116 112 110 108 112 110 110 101 104 95 122 110 0 0 83 112 106 105 90 100 108 77 84 113 95 104 100 108 110 108 106 108 106 107 97 105 104 90 101 105 93 87 0 108 81 71 94 116 124 117 100 87 79 79 79 59 56 0 60 58 0 0 44 50 45 45 45 45 45 45 47 47 48 49 50 53 56 58 62 66 0 56 55 53 56 52 52 53 68 82 43 50 56 64 74 85 99 95 68 108 2 30 97 0 77 67 79 8 117 91 90 108 123 117 0 104 74 83 127 100 96 117 0 0 32 107 111 31 0 10 127 94 62 -1 -21 73 -26 -128 48 65 73 95 127 102 62 127 95 97 111 31 -128 -7 -1 -11 -40 -44 -47 -68 -88 -81 -75 -70 -70 -70 -70 -70 -70 -70 -67 -75 -70 -70 -70 -70 -70 -70 -70 -69 -70 -65
68 68 77 0 0 0 0 15 70 81 99 111 73 93 99 106 117 105 95 50 0 0 49 91 0 20 118 122 122 122 124 125 123 120 93 0 16 100 96 117 106 106 117 108 117 106 120 118 122 123 119 120 124 127 123 123 123 123 127 127 104 123 124 124 124 125 113 113 119 117 122 127 122 123 127 127 123 113 127 0 99 106 107 106 97 88 64 61 71 53 61 81 96 79 70 119 113 97 93 91 106 87 72 71 81 85 84 85 90 94 88 85 85 85 85 101 90 94 77 85 84 95 0 0 70 90 107 107 105 108 106 110 111 119 119 118 117 117 116 114 112 107 102 110 106 102 102 100 96 100 95 93 104 90 96 96 85 0 105 102 108 114 105 97 104 113 113 108 110 94 89 91 94 96 94 102 102 90 93 81 101 83 93 72 87 100 104 116 106 99 107 114 106 106 122 113 111 113 107 87 77 82 79 82 87 74 91 99 99 100 96 100 97 99 99 94 94 91 88 94 91 93 105 91 83 88 0 90 93 89 90 83 88 99 96 85 72 82 77 89 89 83 76 76 83 96 91 102 94 97 101 102 99 94 105 99 105 97 100 91 96 96 97 104 102 94 97 107 107 107 104 97 105 96 104 104 110 105 108 105 107 107 102 100 95 101 107 107 105 106 110 99 102 94 100 101 104 106 107 111 102 112 110 108 101 111 113 104 108 111 108 104 110 116 111 117 119 116 116 110 108 113 108 104 105 105 107 110 114 110 111 107 108 112 105 102 120 106 102 110 91 107 96 0 0 82 107 100 89 84 94 104 93 82 85 106 108 112 105 107 111 101 105 107 106 107 104 102 101 104 102 94 68 88 108 94 96 91 120 93 113 95 97 99 70 66 61 16 0 0 65 44 54 48 50 45 45 45 45 45 44 39 47 47 49 49 50 58 54 58 64 49 61 52 48 56 52 48 61 61 83 44 49 53 62 68 95 76 89 87 87 74 77 0 0 65 90 88 107 60 76 119 94 113 117 0 88 110 118 112 104 104 110 120 123 97 19 44 29 0 0 1 89 77 -54 0 -128 55 -82 -128 73 100 127 104 77 53 127 83 124 42 0 -1 -1 -1 -6 -45 -49 -61 -67 -75 -128 -74 -73 -70 -70 -70 -70 -70 -70 -70 -72 -75 -70 -70 -70 -70 -70 -70 -70 -70 -70 -68
120 0 0 0 55 67 64 74 77 66 73 70 73 96 95 104 97 101 106 116 83 20 0 0 0 117 74 110 113 110 114 116 116 118 123 127 0 0 116 93 91 82 93 116 112 105 117 117 118 118 122 122 125 124 125 124 124 124 124 127 127 127 127 124 124 125 123 127 124 127 127 127 127 127 127 127 122 122 117 90 0 116 113 110 101 112 93 99 53 77 67 39 44 95 111 94 110 117 118 116 117 88 123 110 97 89 95 91 89 87 93 89 88 88 88 0 101 84 90 85 87 91 81 87 99 89 100 19 0 88 112 117 110 111 119 119 118 116 117 114 112 110 97 106 102 105 101 100 101 99 93 99 94 97 93 93 94 84 0 100 102 102 102 108 111 112 112 111 110 108 110 110 113 106 96 100 84 85 106 96 76 89 96 77 85 91 95 85 96 102 0 105 105 105 96 79 104 101 107 107 111 95 99 99 99 93 79 74 97 85 95 101 99 99 100 95 90 97 91 95 90 91 102 95 87 95 95 99 94 85 96 94 99 96 84 93 94 64 82 99 95 94 89 73 82 95 95 105 93 101 102 90 101 105 100 96 101 95 93 94 94 104 104 64 112 105 107 110 105 106 99 97 99 108 104 111 100 101 107 105 107 97 100 100 108 104 106 107 106 108 106 110 97 101 104 102 105 108 111 114 0 111 104 107 114 117 113 101 111 101 105 100 110 110 113 114 113 113 106 99 105 112 114 116 112 112 110 112 101 110 108 99 108 111 107 108 112 19 111 110 99 107 106 0 36 62 95 111 113 84 91 101 106 78 90 114 112 106 108 107 108 110 101 104 107 106 102 93 105 104 94 96 89 71 81 73 104 95 116 101 91 104 97 60 0 15 61 65 48 49 61 55 56 44 50 50 45 45 45 45 47 44 47 47 48 49 50 55 60 61 49 61 19 52 50 56 53 53 53 64 61 64 64 54 54 70 78 93 105 105 105 110 120 107 85 62 91 79 88 99 94 0 87 114 101 0 87 93 65 96 114 0 118 102 113 107 106 110 49 97 62 0 91 70 60 -65 -128 -39 -1 -1 104 93 110 79 89 67 70 127 74 -128 -1 -1 -14 -14 -16 -42 -55 -64 -87 -81 -61 -128 -73 -73 -70 -70 -70 -70 -70 -70 -70 -68 -70 -70 -70 -70 -70 -70 -70 -69 -70 -65
0 60 58 64 88 97 83 72 79 82 82 68 84 89 89 82 94 81 87 99 95 93 45 0 0 87 79 100 108 113 102 107 112 112 116 118 14 0 39 104 108 93 74 107 111 97 116 119 117 120 120 122 123 124 123 122 123 120 117 119 120 125 123 120 119 124 123 125 123 124 127 127 127 127 127 123 18 127 125 0 124 114 114 108 108 117 99 85 60 45 87 88 45 20 87 72 110 114 108 106 116 90 90 104 104 112 112 105 94 95 95 93 95 90 89 90 97 90 90 90 89 90 91 91 91 96 97 100 101 105 112 110 38 0 19 117 120 123 124 101 113 113 100 112 89 100 96 96 90 95 93 96 0 83 79 83 91 84 0 74 110 102 95 110 108 108 111 113 113 112 112 113 100 89 104 105 93 101 94 87 90 89 91 101 74 79 66 96 89 0 99 90 96 90 79 89 61 83 94 102 99 106 104 104 105 105 90 78 64 64 94 91 100 97 84 87 107 97 94 95 96 93 95 89 96 100 0 97 102 94 95 91 100 99 101 88 79 85 89 85 73 89 81 102 85 90 93 97 94 99 102 101 100 97 96 97 94 88 96 89 108 96 100 99 110 108 105 105 105 95 97 101 102 97 105 105 106 106 102 107 91 99 101 106 104 108 110 108 105 108 111 101 102 108 107 107 112 113 113 107 118 111 112 113 114 110 104 105 100 100 113 110 110 104 114 112 108 102 104 110 119 113 114 113 105 105 111 105 110 108 96 111 110 113 104 97 105 100 114 68 100 116 0 71 87 96 111 108 101 111 104 112 110 108 97 100 105 106 106 107 107 108 100 104 96 102 99 102 100 96 93 91 70 110 0 87 85 0 0 45 114 93 81 82 82 62 60 58 61 0 62 50 50 50 49 49 49 47 45 47 44 44 47 47 49 50 53 56 68 64 56 50 0 58 54 59 48 55 59 66 70 78 59 52 62 59 72 87 110 102 113 100 88 102 116 123 100 85 108 104 79 0 112 120 91 0 106 76 116 104 110 100 97 101 116 105 81 73 91 82 0 0 71 82 -128 -1 -110 -1 99 -128 43 54 22 65 70 74 91 -65 -89 -1 -1 -8 -40 -41 -49 -72 -82 -84 -65 -70 -72 -79 -64 -70 -70 -70 -72 -69 -69 -69 -69 -69 -68 -68 -69 -69 -69 -72 -70 -70 -74 -69
110 95 68 74 94 73 66 89 89 108 102 84 83 60 72 70 83 76 62 85 82 101 84 0 0 76 66 74 94 99 91 116 105 108 106 99 127 117 0 0 0 85 41 0 35 88 117 107 95 114 114 118 119 118 114 117 110 116 116 111 116 113 122 118 118 118 117 119 102 120 122 125 127 127 127 123 32 123 125 120 0 116 111 106 122 93 84 89 97 61 71 45 56 77 58 55 90 110 105 99 78 91 72 54 93 123 117 118 111 99 100 99 95 89 97 101 90 95 95 94 93 91 93 94 94 97 99 100 99 100 100 102 110 108 118 124 124 60 0 14 111 100 116 96 125 111 89 96 84 87 89 87 83 90 90 88 84 81 0 0 94 108 112 110 112 111 112 113 113 112 112 113 113 111 102 95 97 94 99 96 97 106 90 79 64 84 85 94 79 88 84 73 66 74 78 78 64 79 85 95 101 93 94 104 108 111 107 91 79 77 73 87 97 105 90 96 95 87 93 89 96 95 100 95 100 95 100 94 96 84 99 99 87 94 100 90 88 88 95 99 77 81 95 90 88 95 91 91 101 105 102 99 106 107 90 102 104 100 102 101 106 99 99 89 108 105 105 104 101 97 101 108 107 94 105 104 104 104 104 108 91 94 100 105 102 96 104 110 102 102 111 106 106 108 108 111 110 111 113 114 0 114 114 111 112 112 104 100 105 102 112 114 106 110 117 111 108 104 99 107 117 114 112 113 108 110 110 108 113 104 106 113 106 107 106 99 119 0 107 77 0 0 0 82 82 94 108 102 85 114 87 101 100 107 110 107 100 100 99 95 107 105 105 104 100 97 101 79 96 83 85 99 55 0 0 82 87 112 107 108 96 106 105 82 70 70 61 56 54 54 0 53 50 50 49 49 49 52 37 49 45 45 47 47 52 50 54 53 59 66 58 55 56 65 60 59 55 58 52 58 67 95 47 45 53 58 62 81 90 105 81 96 76 106 117 107 100 107 97 91 84 102 0 110 87 10 90 85 93 96 99 127 88 83 88 113 117 112 127 102 32 0 81 104 -69 -1 -106 79 -1 93 -89 -119 0 -45 -20 -14 0 -128 -1 -1 -1 -16 -35 -36 -46 -77 -81 -75 -75 -70 -78 -50 -58 -60 -70 -70 -70 -70 -69 -69 -69 -69 -70 -70 -70 -70 -70 -70 -72 -69 -70 -67
97 88 104 95 90 106 105 102 91 84 76 65 71 67 77 84 58 70 79 64 58 82 85 81 14 73 55 95 71 58 105 77 89 93 113 107 110 112 119 35 0 0 0 0 0 0 49 105 107 120 110 110 113 96 101 108 106 91 114 97 111 96 104 117 118 89 91 100 90 96 117 124 125 127 127 100 124 124 124 0 36 117 118 119 114 101 112 97 87 107 62 58 72 58 82 87 66 84 96 88 89 59 41 53 82 107 116 117 108 111 118 116 104 123 0 105 107 101 100 99 97 95 97 97 97 99 99 99 101 101 104 105 105 107 112 114 119 118 117 116 112 106 0 0 90 97 97 95 90 83 73 76 0 97 79 89 77 65 0 0 0 113 99 97 105 112 120 116 112 108 106 106 106 106 106 105 101 101 99 99 97 87 96 73 72 89 74 74 70 0 76 74 82 83 89 79 88 87 87 91 83 85 78 87 97 112 110 106 95 81 85 94 97 95 97 99 100 97 93 104 106 97 105 105 102 97 0 101 93 95 100 88 99 101 101 81 96 89 101 83 83 84 84 100 88 94 93 97 97 97 102 102 95 100 104 99 101 106 108 104 106 108 102 113 97 96 102 97 97 113 107 93 106 104 97 105 100 95 101 99 100 105 100 101 104 107 106 104 96 113 106 108 104 104 110 113 114 117 111 113 114 112 112 112 111 108 108 107 108 113 102 108 117 114 105 108 107 100 105 118 117 113 101 110 112 105 111 108 107 113 108 114 94 13 0 0 0 0 0 0 0 88 78 84 96 104 90 84 93 85 100 79 102 100 107 110 95 90 93 110 102 104 95 94 99 93 102 59 0 0 87 73 102 119 0 101 100 73 107 87 90 112 91 77 65 62 55 56 55 56 0 49 50 58 50 50 43 0 0 42 44 44 45 49 54 56 60 60 65 70 52 55 42 45 59 59 55 59 54 67 91 59 50 55 48 60 81 65 127 87 84 88 101 102 95 94 112 91 104 97 122 116 73 0 67 95 91 76 66 111 120 16 85 99 105 118 122 99 76 66 0 0 52 -46 -1 16 -69 -1 -1 -1 -59 -100 -1 -1 -89 -23 -83 -4 -2 -16 -31 -45 -64 -81 -82 -64 -68 -79 -73 -70 -75 -125 -81 -78 -70 -69 -69 -69 -69 -69 -68 -68 -72 -72 -70 -70 -70 -70 -67 -70 -70 -68
7 93 93 90 91 87 93 82 65 61 70 87 77 96 88 64 100 90 64 79 84 79 72 67 76 54 49 70 73 87 73 70 62 89 88 77 0 79 107 116 114 125 117 107 94 77 15 0 0 0 0 0 0 81 94 90 89 73 68 110 96 95 101 91 87 111 113 107 107 114 112 120 122 122 124 119 112 123 125 125 0 110 118 120 118 119 117 112 112 105 102 96 101 45 29 22 71 54 22 54 43 53 10 18 30 43 108 107 116 122 118 119 118 119 122 112 112 107 105 105 102 101 97 99 99 100 100 100 101 102 102 104 105 105 107 112 117 118 118 116 114 113 93 104 113 120 91 102 85 2 0 19 85 82 91 78 94 79 56 42 52 0 0 0 104 105 102 106 106 106 105 106 106 107 107 108 107 107 102 101 105 105 93 102 78 84 93 87 95 79 76 84 91 93 93 90 93 90 90 84 77 70 81 87 97 97 102 107 108 112 110 107 106 107 107 110 111 107 101 101 100 95 104 107 104 106 105 101 94 99 102 99 101 101 97 97 83 96 90 83 90 94 96 96 85 88 93 95 95 102 102 102 102 104 107 105 108 107 107 108 105 105 106 106 99 104 106 104 102 102 102 95 99 99 105 97 105 95 101 106 101 96 104 96 104 107 101 104 104 112 111 104 106 105 106 101 107 114 113 116 3 108 117 113 107 111 106 102 108 107 106 106 101 114 102 100 101 104 113 120 116 110 106 110 116 110 106 104 110 105 107 105 107 27 0 88 79 68 70 94 84 82 71 97 99 104 105 116 112 111 108 95 94 94 104 95 89 87 95 106 104 10 0 37 87 102 105 95 91 84 77 78 94 102 90 89 116 85 113 93 104 97 106 89 56 61 60 55 56 54 55 0 29 49 50 50 44 0 10 0 45 45 49 50 50 54 58 61 61 64 61 56 58 0 65 58 60 55 56 61 64 56 59 58 67 54 89 106 105 100 108 79 90 116 100 118 113 101 106 110 116 113 60 87 106 104 110 117 77 67 79 127 0 122 100 119 61 84 113 81 0 32 53 0 -13 49 -1 -1 -1 -1 -1 -1 -1 -1 -1 -1 -1 -26 -41 -56 -69 -78 -82 -77 -72 -67 -79 -79 -78 -70 -68 -68 -128 -61 -70 -69 -69 -69 -69 -69 -72 -72 -70 -70 -69 -69 -69 -70 -70 -72 -68 -65
0 53 84 61 66 74 73 68 79 73 71 95 99 74 112 78 78 77 83 59 62 72 84 94 82 71 67 71 56 66 60 64 84 72 72 0 78 96 97 113 99 116 111 116 100 72 78 49 0 0 0 0 0 68 79 66 66 82 79 78 78 77 91 83 110 94 95 108 107 114 117 118 120 119 122 108 120 124 124 117 0 112 114 117 116 116 118 113 117 101 99 95 82 67 76 78 72 44 55 52 56 60 36 45 61 85 84 96 112 114 112 114 108 101 120 119 116 108 107 106 105 102 99 100 100 101 101 101 104 101 104 105 105 105 110 114 119 118 117 116 112 106 101 107 112 116 105 102 100 87 94 74 64 78 0 0 10 70 78 50 19 0 0 0 1 27 99 99 102 102 102 106 106 108 108 105 106 106 104 104 102 102 102 104 89 89 96 88 89 84 94 104 104 106 104 97 100 93 81 81 84 85 85 77 64 96 100 106 106 99 99 104 102 105 104 105 106 108 102 101 117 105 107 107 105 112 32 107 102 100 96 93 104 101 88 82 89 104 90 95 85 95 101 96 95 101 99 100 102 102 102 102 104 105 100 106 107 102 97 96 105 100 93 113 107 110 99 106 108 105 99 97 101 102 99 104 107 108 106 105 101 99 104 110 102 102 110 108 114 106 99 101 107 102 106 114 112 112 111 113 110 118 107 107 101 107 100 112 107 111 105 107 118 101 107 111 110 119 118 114 108 113 110 113 101 102 107 111 110 110 105 94 97 0 79 97 87 31 95 97 79 85 96 84 97 81 104 108 108 108 104 94 102 99 105 3 0 0 105 97 104 104 94 94 100 97 70 104 102 87 94 104 111 90 97 94 113 83 111 112 96 85 74 67 60 59 56 56 55 43 47 27 0 55 50 50 24 49 58 0 48 48 52 52 54 56 62 62 62 67 58 56 62 68 64 55 61 59 68 67 64 60 68 70 61 68 90 104 89 106 64 87 108 104 122 114 104 118 111 112 118 73 112 108 96 113 106 78 74 117 111 81 84 120 113 112 88 79 99 67 0 0 56 -128 96 -1 -1 -1 -1 -1 -4 96 -1 -1 -1 -31 -54 -73 -74 -75 -70 -68 -69 -60 -59 -61 -61 -75 -69 -75 -70 -70 -58 -75 -70 -69 -69 -69 -69 -69 -70 -70 -69 -69 -68 -68 -70 -70 -70 -69 -70 -68
0 0 62 94 93 89 61 89 45 96 93 79 110 96 91 74 110 97 84 82 74 70 60 73 73 71 99 91 89 96 82 79 62 72 56 64 90 107 73 79 102 73 81 102 110 120 107 102 81 90 94 90 64 0 0 0 91 79 78 78 85 96 96 96 101 95 91 90 97 114 113 116 116 113 122 0 117 117 117 118 0 104 102 107 110 111 112 116 111 111 111 108 94 89 73 82 78 45 52 56 38 26 53 32 27 58 59 74 73 97 113 105 107 83 0 111 113 118 117 116 110 104 102 105 105 102 102 102 102 102 105 105 104 104 106 112 116 118 117 116 114 114 112 117 117 117 113 112 99 99 84 104 0 74 96 74 93 87 73 70 16 0 0 26 0 0 0 0 0 89 100 76 97 104 97 96 106 102 101 101 108 105 101 89 89 87 95 93 96 68 97 107 84 83 90 95 102 102 99 88 88 70 74 76 84 83 106 102 91 91 87 101 82 99 99 96 90 99 106 104 105 120 101 110 108 107 110 108 106 101 107 100 95 96 97 99 99 106 104 105 101 104 93 89 93 95 97 99 99 100 96 97 102 100 99 104 108 100 97 100 106 100 101 102 102 102 101 96 102 106 100 99 99 108 107 107 93 96 96 101 107 100 108 95 107 108 101 111 106 101 102 106 111 106 105 107 112 111 113 113 106 108 110 107 112 111 107 106 104 108 104 110 117 119 118 117 118 116 116 114 112 106 107 97 112 116 110 112 110 110 105 99 99 0 83 89 82 77 83 87 84 71 79 79 90 89 100 107 104 79 0 0 85 89 102 85 93 93 95 104 97 90 100 83 99 90 94 99 100 95 78 97 96 100 88 0 127 110 127 105 94 84 61 81 64 61 60 55 56 54 54 54 54 56 59 0 36 43 44 52 0 49 52 53 49 52 56 66 60 60 67 55 56 49 70 64 58 71 72 67 59 60 73 84 90 72 83 74 67 106 70 83 83 113 105 114 107 118 113 111 114 105 114 118 90 117 113 78 110 96 81 87 67 90 66 59 39 44 59 0 0 15 60 -78 -1 -1 113 -1 -1 -1 -1 -1 -1 -2 -47 -54 -75 -74 -58 -59 -67 -61 -59 -63 -56 -60 -68 -67 -81 -74 -63 -70 -77 -58 -70 -70 -69 -69 -70 -70 -69 -69 -69 -69 -65 -69 -69 -69 -65 -69 -69 -70
0 74 78 66 82 81 83 0 0 85 110 116 95 87 48 94 95 84 84 91 85 97 76 71 97 77 95 105 97 83 87 83 79 77 84 79 52 79 65 72 81 88 100 74 78 60 65 76 62 66 54 54 52 67 41 0 0 0 72 93 90 84 87 111 110 106 106 107 120 110 111 105 101 100 102 93 117 107 110 99 0 96 102 100 101 102 104 106 110 108 104 66 70 101 102 77 61 74 99 54 43 35 47 48 41 43 3 49 29 67 83 93 105 0 101 108 107 110 107 117 116 110 110 107 107 106 106 105 105 105 105 106 106 105 110 112 116 119 118 117 117 117 112 120 119 119 118 110 110 114 105 0 111 108 124 108 106 108 82 106 99 89 102 91 85 73 66 43 0 0 0 0 0 0 4 49 106 100 97 99 94 104 101 89 81 105 107 111 101 102 89 79 87 77 81 76 81 81 76 107 101 102 93 96 73 59 66 81 95 93 101 84 77 84 102 94 82 78 106 108 116 97 108 108 107 112 106 108 107 107 102 99 100 99 95 99 91 89 85 102 91 100 101 96 93 91 96 104 105 106 102 99 102 105 104 97 102 108 106 102 95 97 111 105 106 108 105 111 104 104 104 105 105 101 100 99 102 100 102 108 110 108 107 106 108 105 113 111 105 106 111 105 108 113 107 108 112 113 113 113 96 101 112 117 112 110 113 113 116 111 114 116 118 116 116 113 112 105 111 110 106 105 106 114 112 108 111 110 107 112 101 25 0 76 87 90 76 0 77 82 54 0 0 1 87 112 100 102 107 101 93 95 76 94 95 85 110 104 97 100 96 96 99 108 100 95 90 82 88 71 104 90 88 102 110 119 82 117 108 100 94 81 67 66 65 60 56 56 55 54 54 59 0 14 22 54 47 38 45 49 21 49 50 52 55 58 56 60 56 62 64 61 59 0 60 62 71 78 61 56 56 73 84 74 77 97 79 83 89 79 71 94 104 97 93 88 99 104 118 114 123 108 105 108 117 84 120 124 104 81 35 0 0 0 0 15 42 0 0 18 85 79 -69 -1 -16 -1 -1 -1 -1 -1 -1 -13 -28 -54 -78 -72 -69 -59 -82 -73 -64 -55 -42 -81 -53 -82 -74 -79 -65 -55 -65 -82 -72 -59 -70 -69 -69 -69 -70 -70 -69 -69 -69 -69 -65 -58 -59 -58 -59 -64 -61 -65
0 0 78 64 102 16 52 0 0 107 99 100 108 120 87 62 0 107 101 62 95 105 100 59 73 72 78 96 90 87 89 81 65 71 90 0 66 66 72 70 67 67 93 95 62 61 82 87 68 71 66 60 52 82 84 59 49 14 0 0 56 78 76 100 113 116 108 105 91 101 110 79 93 94 77 81 97 113 105 102 0 76 114 72 84 88 99 94 94 106 110 102 82 79 96 84 91 96 85 77 52 68 38 41 15 33 53 59 61 74 42 27 100 105 79 88 101 104 114 117 119 117 119 120 114 114 114 114 111 111 107 107 108 107 112 112 113 116 117 116 112 114 112 117 119 119 119 119 116 117 112 112 112 120 120 96 99 96 96 88 91 97 81 66 90 76 87 88 73 70 32 48 72 50 0 0 0 0 42 89 104 90 82 76 82 79 117 112 108 0 96 104 95 93 104 88 84 83 76 88 88 73 71 87 85 71 68 79 68 67 68 96 102 94 97 87 96 105 105 104 99 90 78 94 90 107 96 106 104 110 101 100 99 102 100 105 99 96 85 85 83 81 89 99 100 104 100 97 102 107 101 100 99 102 104 107 110 104 104 99 104 110 104 104 104 101 105 110 93 96 94 102 100 101 100 95 97 105 107 116 106 110 107 106 110 105 110 110 105 110 111 111 106 110 108 113 110 112 112 108 118 108 116 117 114 114 117 118 113 114 118 118 116 111 123 108 104 91 102 100 105 100 108 108 111 111 106 111 105 107 101 0 0 88 29 0 0 10 68 90 88 82 90 96 102 94 94 107 104 108 95 97 96 104 101 94 91 105 97 101 94 91 96 83 95 83 100 76 90 81 68 96 116 85 94 104 85 102 107 110 85 89 94 71 66 64 62 60 60 55 54 50 54 4 45 50 45 45 45 44 48 0 47 43 53 50 59 56 58 49 54 52 56 53 64 65 64 77 58 59 64 68 76 94 72 101 104 116 90 85 84 81 108 106 119 100 95 96 105 123 118 108 120 119 108 105 107 90 83 83 79 55 0 0 0 0 38 0 44 59 45 62 0 -1 -6 97 -1 -1 -1 -1 -7 -37 -64 -61 -82 -72 -69 -60 -70 -69 -59 -68 -44 -73 -86 -67 -78 -68 -69 -64 -64 -81 -77 -128 -64 -68 -70 -73 -70 -69 -70 -70 -69 -63 -58 -58 -58 -60 -58 -63 -58 -67
73 0 0 48 90 0 0 0 0 73 85 76 70 66 0 113 85 96 90 85 1 71 89 93 107 76 71 71 106 84 64 78 76 82 9 89 72 68 76 77 88 60 84 99 -128 -128 -115 -128 -97 -128 -128 -128 -128 -128 62 85 71 64 24 0 0 0 0 67 82 102 88 78 96 95 111 90 61 67 0 67 65 62 66 0 0 88 66 70 78 79 83 95 79 91 116 108 74 60 78 73 100 90 85 95 68 65 55 31 36 49 31 14 18 35 64 77 50 27 95 88 85 100 87 112 95 110 106 119 118 119 119 114 114 113 113 113 112 113 113 113 114 117 118 118 114 110 116 118 119 119 118 118 117 117 116 0 119 119 116 102 106 94 90 107 112 119 108 114 120 119 116 118 104 78 77 76 95 93 62 49 0 0 0 66 88 60 0 0 0 16 117 105 108 101 101 117 97 104 93 106 94 95 99 94 97 88 72 97 82 89 73 82 82 73 95 93 78 88 88 94 99 102 102 110 97 94 89 83 84 91 91 91 93 104 104 105 113 101 104 95 102 95 95 89 90 87 110 104 102 107 104 108 108 104 101 101 104 104 99 105 102 110 105 110 106 101 113 105 102 111 99 95 97 94 108 105 107 101 101 108 105 107 108 106 99 114 113 112 110 114 107 110 110 106 111 107 110 111 116 106 102 111 112 106 0 111 116 119 119 118 117 114 119 120 117 116 104 108 3 0 0 0 0 119 122 112 112 107 111 114 10 0 0 0 0 0 76 76 67 89 84 36 76 71 83 91 93 99 85 105 112 95 104 91 100 102 94 95 85 88 89 102 93 96 93 97 77 95 94 78 91 93 87 94 58 105 119 117 104 0 120 94 102 96 82 91 74 65 62 64 62 61 56 55 52 52 55 48 47 49 45 45 45 44 47 0 44 41 53 52 45 44 48 49 43 54 55 59 60 67 64 71 65 66 62 99 81 90 105 94 114 77 79 95 79 100 100 127 90 74 105 96 119 112 116 112 99 89 100 108 97 66 65 39 111 0 108 91 0 0 0 0 -120 -128 -128 -18 -128 -1 -1 -1 -25 -39 -40 -42 -59 -70 -82 -79 -72 -63 -68 -65 -67 -59 -68 -73 -45 -87 -67 -74 -63 -63 -56 -68 -77 -74 -78 -128 -68 -74 -70 -69 -72 -72 -65 -60 -61 -58 -59 -59 -59 -59 -59 -61 -59 -60
127 65 66 0 0 0 77 99 117 0 113 110 96 118 112 106 102 85 96 105 110 107 89 104 45 93 83 77 106 71 73 84 85 74 55 79 72 84 91 93 82 73 107 93 -100 -1 78 70 87 -1 -1 -1 -1 -1 -1 -1 -1 -1 -106 -128 -128 70 79 0 0 47 93 101 91 101 87 62 73 88 87 90 111 95 93 67 0 2 36 37 65 27 24 45 83 77 94 102 113 113 110 102 73 66 66 81 72 82 87 60 36 39 31 20 73 37 27 78 27 0 66 82 87 102 106 97 111 106 106 100 111 116 122 118 119 123 117 117 114 113 113 116 117 117 119 119 120 120 119 119 118 118 118 118 118 116 116 116 114 122 116 117 114 113 107 112 114 111 113 74 107 102 104 101 106 110 111 122 122 123 112 112 84 78 61 0 0 65 93 89 87 79 91 104 95 0 93 100 100 31 0 0 0 19 116 102 101 107 110 89 68 105 90 93 90 76 88 73 83 90 101 102 85 71 66 68 96 74 71 108 104 104 32 106 100 101 95 113 101 112 108 104 102 100 106 100 96 99 99 89 99 106 97 97 101 97 107 101 100 105 100 100 101 102 97 108 105 107 108 101 105 101 102 110 104 99 104 107 102 108 111 108 105 101 95 104 112 112 102 111 107 112 105 107 97 105 108 107 110 108 112 110 116 117 114 116 106 114 119 113 117 113 106 104 123 118 113 108 113 94 0 0 0 0 0 0 36 105 108 112 104 107 111 112 119 0 0 84 88 93 81 73 84 84 32 76 85 94 94 94 94 105 97 90 104 104 107 102 101 97 93 96 100 95 87 96 102 99 82 105 107 102 56 83 101 113 68 119 99 84 107 99 96 97 93 99 93 95 85 65 66 65 65 62 60 55 55 52 52 52 50 50 47 47 43 43 44 49 0 43 44 47 44 41 47 48 49 53 55 58 0 83 56 70 77 59 71 71 94 99 114 112 112 95 114 101 67 83 99 81 107 113 93 122 112 107 102 105 100 114 127 76 83 65 78 76 88 6 0 123 78 0 0 0 0 0 -128 -1 105 -1 -1 -28 -50 -61 -46 -68 -81 -68 -70 -78 -67 -68 -69 -68 -64 -67 -68 -63 -67 -77 -79 -58 -75 -55 -59 -75 -74 -74 -72 -82 -128 -60 -67 -67 -68 -61 -69 -59 -59 -59 -59 -59 -59 -59 -59 -59 -60 -54
77 82 62 0 0 104 108 114 0 96 93 90 117 112 73 79 97 104 96 83 77 122 102 76 0 71 77 60 53 101 97 110 107 111 94 89 97 93 99 105 110 111 95 100 58 -1 -1 -2 -1 -1 -1 -1 -1 -1 -1 -1 -1 -1 -11 -128 32 105 82 16 0 0 78 91 90 114 97 99 107 102 100 66 64 0 0 0 0 43 59 60 43 50 48 50 59 101 99 108 105 110 108 111 111 88 70 49 64 79 85 96 90 82 29 18 41 61 20 42 30 54 60 70 88 96 101 108 85 105 102 93 78 104 119 116 119 118 118 118 116 116 117 118 118 119 119 119 119 119 119 119 118 118 117 117 116 114 118 119 114 110 112 111 110 95 101 105 108 110 106 99 89 94 95 97 100 111 116 122 123 123 123 114 97 89 74 0 20 96 102 101 113 99 85 73 83 72 78 96 97 95 91 102 96 106 113 108 117 107 73 0 0 0 0 13 53 84 96 83 81 70 73 77 82 83 62 79 68 90 94 110 107 112 108 116 116 108 102 101 101 100 107 101 102 104 108 107 100 105 101 102 97 108 110 104 101 105 105 102 102 102 107 99 99 104 107 94 93 91 91 91 107 111 99 95 102 110 102 101 112 111 110 99 97 106 110 106 110 104 106 106 122 116 107 108 114 110 110 110 97 117 117 111 112 113 108 112 0 125 119 77 13 0 0 0 8 82 117 106 108 0 81 90 91 96 90 0 0 0 0 67 99 111 105 76 0 32 78 83 74 81 91 85 79 88 85 89 93 95 94 101 96 105 105 102 104 104 85 100 96 101 99 101 93 81 96 97 78 101 74 87 73 68 91 81 102 99 85 108 112 106 107 87 96 102 100 95 90 83 65 68 66 65 64 62 58 56 53 52 52 52 50 50 47 47 44 44 43 47 0 55 48 39 43 44 48 49 49 55 54 64 91 76 70 82 81 74 78 68 99 116 82 114 106 107 89 94 87 78 114 106 101 112 93 123 73 111 104 108 96 118 93 118 81 90 65 94 104 0 76 0 58 89 0 0 0 39 -1 -1 -1 -34 -44 -54 -74 -78 -73 -69 -51 -70 -56 -53 -55 -64 -65 -63 -61 -58 -56 -64 -70 -63 -58 -82 -64 -59 -82 -68 -72 -65 -82 -55 -47 -73 -70 -70 -59 -64 -60 -58 -59 -59 -59 -59 -63 -63 -58 -60 -56 -55
127 93 108 114 107 125 112 113 16 0 0 56 112 85 84 96 89 76 83 71 71 72 91 65 91 0 73 117 82 79 104 95 97 100 0 56 73 73 65 94 97 93 85 102 91 83 -1 -128 -16 -1 -1 -1 -1 -1 -1 -1 -1 -1 -1 -128 -114 85 107 102 91 0 0 0 72 91 88 107 102 82 18 101 68 0 0 22 0 44 56 49 33 56 55 58 65 66 61 82 102 106 101 102 105 110 110 107 99 60 87 55 88 60 72 85 39 35 31 33 38 14 65 25 47 70 84 68 70 102 90 83 94 111 89 110 111 122 119 119 119 118 118 120 119 119 119 119 118 118 119 119 118 118 116 116 116 113 114 0 112 113 113 111 110 112 106 99 91 100 107 104 96 97 90 85 90 99 107 113 116 119 119 113 116 114 102 95 0 37 99 113 114 110 114 102 104 90 76 79 97 100 97 96 100 106 116 96 119 113 107 111 105 100 71 79 73 68 87 81 87 74 32 1 0 0 0 0 0 26 71 85 73 85 0 88 95 120 104 113 111 99 111 105 110 111 110 107 106 106 100 101 108 111 107 105 108 104 111 96 105 111 99 93 102 106 108 105 100 104 96 96 105 97 94 99 101 102 106 110 111 106 99 108 105 106 104 95 105 112 107 108 110 106 113 106 110 107 81 19 0 0 0 0 0 37 88 125 112 120 107 119 110 112 106 116 102 111 117 119 117 0 91 96 99 110 83 105 88 15 0 0 0 0 0 0 0 72 100 105 94 82 89 82 90 95 0 85 90 102 97 99 105 102 72 83 104 104 84 104 100 100 97 99 97 83 101 82 94 94 90 91 83 82 83 59 94 107 108 105 102 99 100 110 4 112 114 93 83 84 70 73 68 67 65 62 61 58 55 52 52 52 50 50 47 47 45 45 39 39 48 0 45 38 41 47 44 50 52 54 53 67 90 64 76 78 81 77 81 72 74 99 112 95 89 83 76 97 71 88 101 105 81 96 99 99 104 81 105 120 116 120 100 104 104 78 99 114 108 101 0 93 91 95 66 67 0 0 0 -1 -1 -34 -50 -67 -81 -81 -67 -46 -74 -68 -59 -51 -35 -69 -78 -60 -56 -68 -60 -64 -69 -58 -58 -63 -61 -61 -74 -55 -78 -67 -70 -61 -54 -70 -69 -69 -68 -58 -60 -56 -59 -59 -59 -59 -59 -58 -58 -59 -60 -54
-59 -112 67 50 118 100 77 112 108 31 0 111 91 100 82 84 88 83 110 113 58 72 85 84 56 55 67 100 104 90 59 72 88 0 94 111 65 85 83 72 84 77 83 67 97 82 79 74 -128 -8 -1 -1 -1 -1 -1 -1 -128 -115 48 78 94 96 102 95 94 100 87 0 95 90 90 70 101 0 81 53 66 0 32 71 70 65 72 83 90 78 88 68 91 105 95 66 60 91 91 87 94 100 104 105 107 112 117 95 50 37 59 32 25 68 66 26 0 29 62 65 65 41 19 82 83 44 76 90 96 79 89 106 107 112 116 119 120 119 107 110 106 108 104 102 112 111 114 114 116 116 120 118 118 116 108 107 114 113 111 110 108 105 104 101 100 101 101 99 97 81 70 93 95 95 100 106 112 114 114 116 118 118 119 102 49 0 0 0 106 113 104 96 19 89 78 71 88 93 93 101 107 105 108 111 111 116 111 111 106 100 106 90 90 93 68 88 94 90 77 89 96 95 93 99 97 96 99 97 89 84 87 72 70 95 95 107 108 111 107 108 102 105 104 83 72 56 43 33 25 9 0 0 0 0 0 0 0 0 0 0 0 0 0 0 0 0 0 0 0 0 6 18 25 39 54 74 94 101 96 97 107 104 111 112 110 111 118 116 110 119 113 119 111 102 110 108 111 112 104 110 111 112 117 112 0 101 113 110 101 112 101 111 113 113 112 90 0 91 99 96 91 90 93 99 97 89 81 91 94 96 84 83 93 94 87 85 93 89 91 88 81 89 84 97 105 94 105 101 97 88 101 105 102 102 104 99 95 100 96 97 89 84 89 93 94 90 89 82 82 102 99 83 108 114 73 96 113 79 120 101 89 106 90 85 83 76 70 72 71 67 66 62 61 60 59 54 54 54 53 53 49 49 48 48 42 58 0 58 30 56 43 49 53 55 58 58 61 72 0 83 73 77 95 90 95 74 87 107 97 87 114 100 83 88 85 95 110 105 85 112 97 111 106 108 108 100 84 73 85 87 106 125 82 122 124 0 47 120 79 101 107 52 62 -128 -11 -30 -50 -74 -78 -67 -75 -69 -58 -49 -78 -53 -59 -49 -70 -83 -61 -63 -60 -67 -61 -65 -68 -59 -65 -68 -65 -72 -59 -78 -61 -72 -72 -67 -122 -69 -70 -70 -56 -59 -58 -58 -58 -58 -58 -58 -58 -58 -59 -61 -56 -54
111 66 82 82 66 1 87 65 -53 108 0 0 108 95 101 95 94 83 108 113 89 84 71 100 60 81 67 100 96 102 88 94 61 50 85 106 77 76 72 102 104 71 54 68 82 82 78 101 76 -128 -128 -128 -128 -128 -128 -128 -128 -114 117 111 101 108 102 110 106 106 93 0 0 65 85 94 102 84 110 0 0 0 0 78 77 78 81 78 74 48 62 85 101 93 88 89 97 107 102 100 89 93 106 59 67 107 114 112 94 66 55 25 27 38 56 62 39 32 65 0 43 55 45 79 27 45 53 94 88 83 101 91 91 113 112 116 117 118 118 108 104 101 89 106 107 110 113 117 114 114 119 118 117 116 111 83 110 113 111 108 107 105 102 101 101 100 99 99 97 95 94 96 93 94 94 99 101 110 112 112 114 114 122 116 116 106 102 0 2 120 110 107 104 99 95 70 77 87 89 90 101 112 112 110 111 114 112 110 111 105 107 108 108 100 83 83 78 78 71 85 88 99 89 96 94 93 93 95 94 91 0 82 84 56 71 83 99 90 99 111 108 104 100 104 114 107 117 99 116 102 97 97 101 101 107 97 107 94 97 96 107 106 104 111 104 97 100 97 100 97 107 108 106 97 113 102 108 96 107 107 96 107 113 106 112 101 110 104 113 112 104 104 104 113 111 110 110 113 111 113 108 111 117 110 104 112 116 112 104 114 112 116 118 106 113 95 0 49 85 96 84 89 88 97 94 91 91 87 81 82 83 71 84 97 94 89 99 90 96 89 94 87 39 94 96 101 105 105 94 95 102 106 105 101 97 97 101 105 87 85 96 88 91 99 88 96 83 91 104 104 74 59 90 110 101 99 105 100 102 99 7 112 116 93 78 77 77 73 73 72 68 67 64 62 61 60 54 54 53 53 52 52 50 50 49 45 0 53 42 0 0 59 49 52 56 59 66 67 62 74 85 78 71 85 90 91 94 102 105 110 84 88 84 73 83 83 104 95 119 113 93 91 104 116 106 118 95 96 70 96 87 127 97 70 0 0 0 116 53 112 94 62 -30 -128 -31 -34 -65 -70 -68 -70 -75 -65 -69 -55 -88 -59 -45 -68 -75 -82 -73 -55 -64 -63 -60 -61 -59 -55 -61 -64 -72 -67 -74 -68 -64 -65 -72 -73 -59 -128 -70 -70 -63 -56 -55 -55 -56 -59 -58 -58 -58 -58 -58 -59 -60 -56
119 114 114 111 81 124 127 104 117 0 0 0 4 97 96 99 112 95 91 85 78 76 96 81 81 15 56 56 68 47 59 77 60 70 78 82 90 61 65 85 77 99 85 68 55 82 94 95 94 93 95 -61 -128 -128 -128 0 125 110 108 93 102 97 93 89 81 93 91 33 0 71 82 78 66 77 0 55 79 79 85 82 83 81 84 79 74 95 82 107 83 70 87 82 68 65 91 94 89 54 56 95 82 62 56 89 93 54 39 47 22 49 48 50 29 25 29 35 13 15 64 38 61 59 53 65 73 94 100 70 102 95 112 111 117 110 100 112 101 91 78 82 108 95 107 114 117 117 117 117 116 114 55 119 112 111 110 108 105 102 101 100 100 99 95 96 96 90 90 81 93 91 90 99 99 104 108 110 112 116 117 120 118 106 120 0 0 100 105 101 0 96 97 81 67 72 89 95 107 101 101 101 105 94 94 93 106 106 104 110 105 99 88 82 73 89 104 96 87 95 85 84 97 99 101 104 88 95 90 102 89 79 79 81 96 96 114 105 97 94 78 96 106 102 107 99 112 89 112 106 97 106 105 101 102 101 104 106 110 107 108 100 100 104 108 62 105 105 105 102 104 108 111 106 105 104 99 105 107 106 105 100 107 111 107 106 107 111 112 110 113 111 112 113 117 113 100 106 117 108 96 114 47 105 110 114 117 113 114 106 102 106 104 95 0 84 99 96 93 90 99 91 95 93 94 82 85 84 85 85 93 97 95 97 94 91 89 96 89 84 89 95 79 99 96 90 91 100 102 88 72 95 95 94 84 85 72 93 94 95 102 96 93 97 78 94 102 99 97 108 84 104 116 101 94 95 106 97 90 112 96 81 83 78 72 74 72 70 68 64 64 62 61 55 55 55 53 53 52 52 53 50 50 47 0 0 0 53 0 37 54 55 56 66 79 73 71 76 81 73 84 93 100 111 96 91 90 77 82 85 84 93 108 110 120 112 114 101 105 123 110 111 113 112 110 79 66 68 123 85 0 0 0 0 119 120 0 82 88 -128 -1 -26 -59 -61 -51 -73 -63 -72 -60 -72 -67 -65 -77 -49 -81 -82 -63 -50 -58 -70 -68 -55 -64 -60 -56 -74 -69 -78 -73 -75 -67 -53 -69 -73 -67 -67 -68 -50 -75 -67 -55 -58 -54 -60 -58 -56 -58 -55 -58 -58 -59 -61 -56 -51
127 122 117 116 124 122 127 125 110 119 119 101 0 0 114 122 114 102 100 106 93 112 70 79 107 100 95 0 0 0 52 65 78 37 72 95 73 60 77 70 60 87 64 64 83 91 66 78 68 84 95 87 91 100 111 102 90 90 102 89 84 68 74 77 81 83 77 68 0 0 33 89 77 0 0 66 76 88 83 81 87 93 84 87 79 81 56 91 74 100 89 74 72 89 83 88 99 64 85 70 50 41 61 76 83 90 90 71 74 55 72 60 0 21 35 37 42 39 61 56 53 19 43 67 59 72 83 76 97 64 107 107 93 97 101 93 83 76 53 61 52 72 93 99 108 112 112 112 112 111 104 100 112 108 107 106 105 102 101 99 97 97 96 94 93 94 79 88 82 90 94 96 95 100 95 105 110 110 113 114 111 108 124 113 101 0 0 94 105 99 99 91 93 85 90 96 96 95 99 94 99 105 99 95 97 102 110 108 104 101 105 105 96 93 82 84 76 76 88 101 97 96 96 100 91 97 0 99 94 97 93 88 93 95 81 85 87 83 81 73 79 88 94 105 90 100 99 89 90 97 102 105 110 105 99 104 110 108 107 111 108 110 111 105 106 110 110 110 108 112 111 112 105 101 101 101 108 114 107 108 112 111 110 107 110 116 116 114 113 112 108 110 106 101 101 104 104 101 112 116 94 110 120 118 108 114 111 113 114 116 100 114 0 97 100 90 84 89 100 96 95 89 93 91 93 84 76 90 95 91 79 95 97 99 90 101 96 101 91 87 95 94 91 77 82 101 100 102 100 102 89 84 87 84 99 95 94 94 96 81 74 79 66 79 119 100 97 96 90 99 79 111 122 112 111 111 88 94 110 90 78 84 77 73 73 72 71 68 66 64 62 60 55 55 54 54 55 55 55 54 52 48 45 45 33 0 44 49 37 7 52 60 85 61 0 0 73 85 77 101 106 100 74 89 93 90 89 76 97 112 106 123 118 113 111 90 119 85 105 122 114 120 116 112 72 74 116 94 0 0 107 118 125 117 123 85 53 -44 -4 -47 -73 -67 -69 -74 -70 -64 -67 -63 -68 -58 -73 -67 -72 -55 -74 -68 -74 -68 -55 -58 -67 -59 -65 -63 -65 -82 -69 -73 -68 -61 -65 -75 -70 -70 -65 -61 -67 -75 -55 -58 -51 -51 -68 -70 -53 -67 -58 -58 -58 -60 -60 -55
113 108 113 127 118 112 112 114 120 127 127 127 0 0 127 123 110 111 113 101 99 81 93 106 120 95 95 85 77 -50 61 83 0 65 82 73 60 91 90 87 74 72 93 84 71 66 73 70 74 56 77 85 93 102 102 89 65 85 101 87 95 70 67 78 89 64 77 54 0 0 0 0 74 64 0 55 65 65 78 67 76 66 77 72 67 55 74 52 77 70 91 56 71 62 71 54 52 65 59 76 74 58 60 66 77 78 83 61 71 61 35 35 29 18 2 22 70 39 48 27 38 21 32 76 52 43 47 99 62 94 101 91 106 96 85 49 45 45 37 29 42 99 88 94 101 105 108 108 108 106 0 106 107 105 105 102 102 100 99 97 97 96 95 91 89 85 78 84 90 88 93 94 94 96 99 100 102 111 112 108 108 112 116 127 108 31 0 100 19 101 97 99 95 90 94 99 100 100 99 102 102 105 102 87 96 95 106 108 99 89 97 100 95 104 97 94 88 97 101 91 91 94 96 100 105 94 102 96 104 97 91 94 89 73 82 87 84 87 87 99 97 102 99 89 105 102 101 101 102 105 107 110 111 110 111 110 110 107 111 106 111 111 108 62 107 107 107 107 108 110 104 100 104 107 107 113 106 107 110 111 108 113 114 112 116 111 112 107 107 106 104 102 111 95 99 100 102 100 108 108 123 119 111 113 119 111 110 112 107 107 105 0 67 104 88 90 104 101 96 94 85 91 91 90 96 90 85 94 77 88 85 91 97 96 104 89 100 97 0 96 88 78 72 93 88 105 91 84 97 101 99 88 83 97 91 93 90 91 72 70 87 84 93 96 105 97 84 84 95 84 99 117 91 106 107 101 0 94 89 84 85 81 74 74 72 72 71 70 66 62 61 55 55 55 55 55 59 59 58 55 50 47 41 36 0 36 37 43 58 24 0 66 85 32 0 53 82 71 100 104 87 90 97 93 88 78 79 96 110 107 117 85 125 104 85 125 117 104 116 111 120 108 108 114 91 101 71 87 0 89 112 119 127 100 94 59 -128 -1 -49 -79 -68 -78 -68 -65 -63 -69 -64 -70 -78 -67 -70 -64 -58 -74 -82 -46 -58 -59 -72 -69 -60 -61 -73 -63 -72 -70 -70 -78 -69 -53 -73 -72 -69 -73 -55 -63 -72 -55 -56 -50 -53 -82 -69 -59 -56 -55 -58 -58 -61 -59 -54 -49
127 124 127 118 116 118 119 118 118 124 119 127 127 0 0 0 42 111 91 74 100 90 89 72 107 88 74 66 64 73 72 93 84 65 0 66 77 66 82 85 82 76 83 77 47 54 66 58 79 55 81 55 58 72 84 79 72 84 82 93 74 83 81 68 62 54 71 76 78 76 76 15 0 76 0 39 76 54 47 52 59 65 68 58 68 60 55 30 59 74 65 61 47 8 45 32 15 37 32 33 35 35 41 29 31 56 67 67 71 76 66 43 0 26 50 44 35 38 52 35 36 13 39 45 43 52 65 56 73 99 96 90 90 87 89 62 72 49 18 18 26 26 43 61 95 100 104 100 106 106 97 101 104 105 102 100 100 99 97 101 100 96 95 84 84 85 83 73 90 88 93 88 90 90 90 101 99 104 106 110 110 105 110 111 99 97 91 0 0 0 0 0 93 97 97 94 97 105 99 100 106 106 106 102 87 84 96 105 105 106 100 89 101 102 100 104 101 102 104 104 91 95 99 96 100 100 0 100 101 105 108 104 101 96 89 91 93 94 100 100 91 88 110 108 110 110 110 111 106 110 104 104 111 110 108 106 113 110 108 111 113 111 110 106 99 105 106 104 105 106 106 113 114 111 108 108 107 105 107 110 113 116 116 116 111 105 110 100 110 107 106 99 97 101 99 105 107 107 108 102 105 73 111 125 117 113 108 106 106 112 112 0 36 88 82 89 87 88 96 85 82 85 94 95 94 93 79 91 96 96 88 90 97 89 95 99 97 99 93 90 71 77 84 90 96 100 93 94 93 91 91 83 95 95 94 77 94 97 60 101 102 91 102 90 97 78 73 93 94 105 108 118 105 90 110 106 101 101 90 88 87 83 81 77 77 74 73 72 66 65 61 60 54 54 54 55 56 55 55 54 61 47 39 44 38 0 36 42 36 42 54 0 81 0 71 85 91 78 82 90 95 89 91 87 84 73 88 89 108 113 77 123 107 123 107 119 113 104 116 106 114 117 106 119 99 104 100 59 8 0 112 99 117 87 62 0 -84 -1 -39 -69 -64 -77 -65 -59 -64 -72 -63 -69 -72 -59 -70 -65 -70 -64 -84 -67 -58 -61 -59 -60 -64 -60 -63 -61 -64 -65 -63 -72 -70 -68 -65 -69 -73 -68 -69 -68 -128 -50 -60 -67 -51 -74 -68 -61 -53 -60 -58 -59 -60 -60 -54 -53
0 122 118 119 120 122 120 120 120 77 13 108 114 124 0 0 0 101 82 104 93 90 96 60 68 77 72 89 101 113 110 94 87 99 73 0 68 0 0 88 90 77 76 68 94 101 82 88 87 84 64 60 78 71 44 35 38 60 58 71 54 84 78 89 91 71 87 85 85 89 76 35 0 0 0 36 39 49 59 66 48 59 73 33 45 67 59 10 93 24 12 8 21 44 66 85 55 52 61 44 43 43 45 44 50 49 61 54 37 29 65 0 29 30 55 27 50 8 39 41 16 27 42 21 49 79 52 84 70 59 89 85 99 89 78 81 55 47 38 78 49 61 25 99 96 89 83 100 99 99 93 99 96 95 96 96 97 96 100 96 96 93 85 76 83 89 70 81 68 62 85 89 85 91 95 99 94 93 96 106 113 113 107 106 119 101 93 94 38 54 0 0 94 97 96 94 99 88 104 96 102 100 97 100 99 93 90 94 104 108 110 108 104 106 110 105 104 105 99 81 85 87 78 96 91 100 99 104 106 106 107 110 111 105 105 100 101 105 108 97 93 94 85 84 96 94 93 95 100 106 105 108 117 118 113 111 112 113 112 110 104 93 105 39 111 110 108 111 108 108 108 105 107 107 110 112 112 111 111 112 113 111 107 112 111 114 111 108 96 95 101 106 106 107 117 112 107 113 113 116 113 118 119 122 118 117 101 113 111 100 99 0 0 78 100 87 87 94 97 87 91 89 84 78 87 91 85 88 94 91 95 96 93 93 100 94 93 101 0 96 95 83 87 96 91 94 100 106 99 100 89 96 81 78 81 94 93 72 73 81 96 85 84 83 81 100 102 73 108 114 108 81 113 114 105 94 94 96 101 90 87 84 81 79 77 76 74 68 67 65 64 60 60 60 60 61 59 58 56 54 45 45 49 22 0 44 41 30 44 52 37 0 0 73 0 21 82 83 90 94 93 93 84 77 83 87 100 102 111 85 111 100 120 111 111 113 112 104 105 105 112 81 87 107 83 87 88 0 0 91 111 119 105 105 84 -128 -1 -41 -59 -70 -72 -75 -73 -58 -74 -58 -72 -64 -73 -67 -68 -60 -67 -65 -60 -75 -60 -63 -59 -72 -68 -68 -58 -63 -61 -68 -64 -74 -65 -67 -70 -69 -70 -68 -55 -55 -124 -58 -72 -55 -72 -64 -60 -58 -56 -60 -60 -60 -63 -56 -50 -42
0 0 6 118 127 123 127 127 118 127 0 64 39 0 0 0 0 68 108 93 99 91 97 81 83 77 84 106 102 101 88 97 35 102 107 105 105 83 105 95 16 0 56 68 74 52 81 93 83 85 96 73 74 70 81 52 48 36 65 89 74 70 83 71 73 68 76 61 66 65 68 101 0 0 0 41 56 53 53 16 67 66 52 54 65 43 30 64 38 61 61 58 45 64 53 59 65 64 39 64 56 55 55 48 61 66 62 71 74 70 50 52 35 44 35 21 32 32 39 42 42 48 36 15 47 42 72 88 39 55 81 91 94 96 101 94 84 64 59 56 61 27 38 38 59 50 94 94 95 95 0 95 100 95 99 95 95 95 95 100 85 76 89 84 88 89 91 84 82 81 77 84 85 83 91 93 90 94 93 94 101 99 93 105 106 106 105 113 2 101 90 0 91 110 97 96 99 90 91 87 99 100 102 105 107 102 100 105 97 105 108 111 105 102 100 102 101 102 102 95 88 83 82 93 90 90 33 96 101 102 101 105 104 93 110 106 105 105 99 94 93 93 90 91 87 88 79 95 95 105 107 110 111 112 113 113 112 113 110 110 108 106 101 112 110 101 100 101 107 102 101 101 100 107 104 100 108 106 102 107 107 102 110 110 108 108 111 101 97 99 101 104 107 111 110 106 102 116 118 116 119 0 123 123 120 117 106 113 106 110 113 108 0 30 110 91 96 99 95 95 96 79 82 93 93 91 90 95 99 95 102 101 99 97 97 102 97 82 79 96 93 87 91 97 100 90 91 106 102 85 78 94 82 88 94 96 97 95 67 95 93 87 84 96 108 107 102 81 112 105 114 82 102 107 107 108 101 0 100 89 88 84 82 82 78 77 77 74 68 66 66 66 66 65 64 64 65 64 60 59 53 44 53 0 19 35 32 35 44 49 65 22 0 81 83 15 0 93 87 97 91 90 87 82 83 95 100 97 117 82 107 87 114 117 99 104 110 106 107 83 102 101 97 100 82 110 33 0 55 127 113 101 93 68 100 0 -53 -40 -50 -70 -79 -77 -68 -67 -70 -70 -68 -67 -69 -65 -67 -58 -65 -64 -65 -60 -61 -60 -60 -68 -65 -59 -61 -59 -59 -65 -73 -70 -72 -73 -75 -70 -72 -64 -55 -56 -61 -60 -68 -61 -58 -64 -55 -53 -58 -59 -56 -53 -67 -55 -55 -54
117 0 0 0 123 127 117 0 0 0 0 0 0 0 118 120 113 116 116 106 112 87 105 74 81 83 89 91 89 81 83 22 90 93 84 87 71 84 60 73 95 105 72 68 0 -73 32 65 78 72 74 72 85 56 49 0 62 82 94 65 62 73 72 48 67 62 81 74 64 76 70 93 64 0 0 67 24 19 50 38 13 39 47 36 38 38 44 21 82 82 66 66 43 54 56 52 55 64 61 65 65 65 72 67 53 56 20 39 48 66 74 0 62 56 54 53 49 36 29 45 42 35 48 49 48 56 55 74 55 44 77 55 70 56 105 104 79 67 72 72 60 25 45 29 44 42 67 83 94 94 83 71 99 91 88 90 95 91 99 85 78 85 90 78 61 81 71 83 79 83 87 72 76 79 79 85 88 90 95 97 106 116 118 97 82 90 105 113 120 102 0 122 100 101 106 94 94 95 96 104 99 101 99 106 106 114 113 99 101 104 104 107 110 101 94 90 105 97 101 94 95 94 94 88 88 78 91 93 100 102 96 100 97 104 107 110 107 100 102 104 99 99 99 90 94 85 100 84 97 108 106 108 111 113 113 113 111 112 110 111 106 111 106 9 106 106 106 107 107 111 108 107 112 101 107 108 105 105 105 108 105 107 102 105 101 102 101 99 101 100 104 108 107 114 112 111 118 119 118 119 107 123 123 120 122 114 118 108 118 107 114 100 0 20 107 100 99 95 90 100 89 87 91 91 91 94 94 101 102 99 95 95 97 90 89 97 93 97 87 82 88 91 89 105 95 81 100 102 95 83 100 85 88 94 90 85 95 54 72 104 55 78 89 94 110 108 73 104 108 114 90 99 119 102 104 93 100 96 104 90 87 83 83 82 81 78 77 71 70 68 68 68 68 66 66 66 65 64 62 58 49 39 16 35 26 27 35 45 43 59 35 73 53 81 62 16 97 90 93 87 90 90 90 87 87 95 110 127 123 118 118 127 114 102 116 116 108 114 90 100 94 95 96 91 0 0 0 38 118 124 110 101 106 58 -9 -9 -13 -56 -68 -67 -77 -68 -69 -61 -65 -65 -69 -70 -65 -58 -67 -60 -61 -63 -55 -59 -63 -65 -67 -59 -65 -58 -67 -63 -70 -67 -67 -74 -63 -64 -65 -67 -60 -53 -56 -58 -47 -67 -58 -56 -65 -55 -55 -55 -60 -56 -46 -69 -69 -60 -46 -42
1 112 16 0 0 0 0 0 122 0 0 96 96 112 112 114 112 113 99 108 114 101 64 95 102 72 62 87 79 55 73 0 79 85 94 94 74 74 90 85 82 78 59 64 85 77 88 85 19 0 14 21 30 29 42 83 81 74 70 84 56 54 60 60 62 83 83 74 62 62 3 0 12 15 0 56 6 29 62 37 31 25 0 70 50 3 38 36 42 50 56 16 15 4 59 68 7 7 6 38 32 53 71 62 68 72 62 45 30 26 49 2 67 73 65 60 73 65 60 55 16 12 43 35 61 35 44 14 26 70 83 32 54 52 59 77 104 94 106 93 96 73 83 62 35 65 16 73 77 83 30 60 66 91 33 85 89 84 94 100 88 68 64 53 85 88 88 72 67 61 43 47 68 71 71 68 66 44 68 90 89 108 116 127 93 84 82 77 0 117 91 0 0 99 105 93 97 100 100 108 99 107 107 105 105 96 104 108 101 106 105 104 104 107 110 108 102 108 104 94 97 97 94 93 95 95 76 85 91 88 94 101 101 112 107 108 111 107 106 108 105 101 106 93 96 94 93 85 87 101 110 111 116 113 112 108 104 110 106 106 105 112 106 110 108 110 110 107 105 104 105 108 106 96 111 106 101 101 105 107 101 111 107 113 114 108 107 97 101 101 105 106 112 112 113 118 122 124 123 114 124 0 120 118 116 117 112 114 105 100 108 101 108 45 0 60 100 101 96 100 87 78 102 100 104 100 105 101 104 95 96 100 88 101 101 99 96 97 104 0 96 87 76 102 89 94 99 77 99 102 79 79 96 73 79 91 89 88 68 42 87 90 106 117 108 104 117 117 112 123 84 104 117 118 111 108 104 101 90 91 89 88 88 87 84 83 81 79 74 74 72 72 76 73 74 72 78 64 59 52 53 48 0 27 24 21 29 37 38 49 60 37 61 93 90 89 91 1 111 91 87 90 94 94 94 90 104 117 123 107 124 118 111 120 108 122 113 108 104 100 85 0 0 0 0 55 97 120 95 111 111 88 127 73 -82 -9 -12 -60 -77 -72 -63 -74 -54 -60 -72 -64 -58 -63 -61 -60 -70 -63 -61 -61 -61 -58 -63 -67 -63 -63 -65 -63 -81 -54 -58 -64 -79 -58 -60 -58 -54 -55 -58 -55 -58 -55 -58 -128 -55 -56 -74 -55 -50 -45 -44 -41 -49 -81 -44 -39 -54 -37
88 107 101 0 0 0 0 96 99 84 114 108 117 107 111 111 101 97 112 106 78 62 85 96 84 89 65 52 74 83 94 87 99 76 65 71 84 96 95 91 89 76 67 60 58 59 81 73 84 66 56 44 39 50 67 60 52 72 58 67 56 97 105 77 89 68 68 67 0 0 0 0 0 0 45 52 52 54 48 41 55 36 48 35 10 8 54 29 39 36 56 25 25 52 12 16 32 61 68 44 42 65 72 76 74 73 70 71 65 66 29 26 61 71 70 38 22 49 21 35 45 19 24 13 36 24 24 33 48 24 58 48 77 87 67 65 73 72 72 56 35 68 24 49 26 30 13 43 35 59 64 61 49 44 58 65 71 77 81 84 78 62 52 95 65 65 70 65 59 58 67 61 94 79 76 50 45 55 54 88 93 104 118 113 104 93 84 108 104 110 110 108 0 108 107 104 107 112 112 104 110 107 106 99 104 106 106 102 104 93 95 106 106 107 108 108 108 105 94 96 97 100 97 95 96 71 94 93 90 91 101 96 95 94 104 106 108 107 110 108 114 112 106 99 100 96 93 87 107 108 112 113 112 111 113 108 108 108 110 108 106 106 110 0 110 108 107 107 99 94 95 93 95 105 107 108 107 111 110 114 113 113 113 107 104 93 96 100 102 105 111 114 113 112 116 123 118 122 106 124 118 119 114 117 118 111 116 105 97 104 102 112 95 111 0 2 89 83 101 97 82 100 105 101 102 101 105 100 100 101 94 84 96 88 101 100 94 100 84 96 67 66 102 94 95 101 95 95 97 96 96 78 95 95 94 90 91 94 79 53 87 84 113 112 94 110 111 97 106 91 106 116 99 110 112 108 105 0 104 91 89 88 89 87 85 83 82 79 79 77 77 78 77 76 74 73 68 62 60 58 24 0 39 27 21 24 31 35 33 45 53 78 73 58 72 110 7 0 117 104 101 94 91 100 107 95 108 111 79 114 108 120 110 93 120 123 88 106 105 102 0 7 101 96 108 111 113 102 122 114 93 101 83 49 -16 -1 -128 -77 -70 -67 -72 -61 -65 -75 -69 -65 -74 -58 -65 -58 -68 -60 -60 -65 -59 -58 -77 -59 -58 -59 -56 -63 -59 -65 -67 -64 -60 -59 -59 -61 -53 -65 -55 -49 -55 -61 -55 -128 -49 -35 -40 -37 -36 -30 -42 -60 -50 -54 -41 -54 -45 -31
120 0 72 84 97 88 105 102 102 108 102 96 101 105 100 106 107 102 84 100 110 95 87 79 70 61 71 94 85 62 60 64 56 61 83 99 100 95 91 90 90 89 96 89 90 85 78 78 71 85 73 72 74 73 71 87 84 81 68 72 79 77 52 31 0 0 0 0 0 0 0 0 52 16 56 44 73 26 74 47 67 42 29 42 49 32 41 41 33 54 42 26 45 58 58 45 8 26 62 19 37 67 56 67 76 65 79 74 71 54 22 0 41 61 67 71 56 41 32 39 32 39 30 38 16 33 41 55 29 30 24 43 47 50 47 59 84 62 85 68 64 65 55 72 29 67 31 49 20 53 26 53 37 39 61 30 47 53 52 62 43 68 77 68 62 85 66 71 61 73 79 90 83 89 85 68 61 55 60 55 66 91 96 99 116 119 114 108 47 111 100 100 12 0 112 111 113 110 93 101 104 107 106 110 108 110 108 105 102 107 95 90 91 96 99 105 102 105 105 101 96 97 97 95 97 96 99 95 94 101 97 99 100 101 100 100 95 105 111 114 112 102 105 112 110 111 111 111 108 108 108 110 107 108 110 111 111 108 111 107 106 105 101 105 113 108 106 100 101 106 107 111 110 111 106 112 108 106 108 111 111 108 99 100 110 102 101 107 106 108 116 117 112 116 119 119 111 116 116 119 119 16 114 113 113 107 107 107 104 110 106 106 105 100 102 0 0 83 78 87 93 99 100 101 105 107 101 97 100 97 87 94 99 89 104 99 96 99 90 0 87 105 101 97 97 93 95 90 96 91 104 102 93 83 97 79 96 91 53 100 106 87 74 90 82 101 107 101 102 117 119 110 122 116 117 113 108 99 104 100 89 89 89 91 89 88 85 84 83 83 83 83 81 78 77 74 0 13 0 36 0 38 37 41 21 27 25 30 29 27 37 50 54 64 96 93 87 118 41 83 87 105 101 104 88 87 110 125 107 88 90 107 68 83 110 111 116 105 102 99 65 0 89 82 110 113 100 108 101 90 91 94 111 49 -128 -18 -31 -55 -50 -55 -72 -70 -73 -74 -61 -69 -61 -61 -69 -58 -65 -60 -64 -60 -63 -63 -67 -56 -60 -64 -60 -68 -59 -65 -65 -60 -60 -61 -58 -55 -58 -54 -56 -58 -58 -53 -45 -27 -40 -46 -36 -25 -32 -25 -27 -21 -26 -37 -34 -59 -84 -92
79 96 0 0 0 84 85 99 72 94 91 107 96 77 111 101 101 82 58 96 99 94 94 85 88 77 78 73 90 99 73 78 74 87 72 88 89 70 59 60 66 56 72 65 52 61 70 78 78 83 76 70 58 66 55 71 45 56 73 26 0 0 0 0 35 9 20 49 15 35 71 88 58 38 29 42 32 54 37 65 43 12 43 60 32 39 32 65 61 48 47 59 62 84 73 73 59 73 15 25 35 52 15 44 59 60 58 66 65 60 0 53 67 42 55 64 78 72 49 44 25 52 62 49 62 53 27 22 35 42 71 48 54 62 67 81 89 72 88 81 84 73 67 65 49 71 74 35 81 0 60 37 76 49 42 49 70 66 99 89 91 116 100 105 93 87 90 70 84 78 85 83 94 87 83 81 73 71 64 35 58 81 85 100 111 119 117 112 117 114 107 119 0 127 123 117 118 112 112 112 106 107 101 93 106 107 102 107 108 102 99 100 96 96 101 101 105 104 96 97 101 97 97 97 97 21 101 96 101 96 95 94 99 105 102 97 110 114 111 113 113 113 102 111 108 110 107 107 107 111 107 106 108 107 108 108 108 107 107 107 107 107 108 0 105 105 106 99 107 107 107 104 106 107 107 101 101 107 101 100 99 102 106 104 100 106 107 117 116 113 110 107 117 118 120 120 112 112 117 118 114 110 113 110 107 106 110 108 110 110 110 107 96 127 106 0 0 90 101 104 101 105 104 102 99 97 99 96 97 96 90 90 99 100 89 102 96 100 94 85 97 97 97 96 94 95 96 96 91 88 81 78 88 93 79 93 96 68 88 100 81 89 70 66 99 108 114 113 120 122 123 119 119 117 119 112 106 27 99 94 93 93 93 93 90 90 90 89 87 84 83 62 74 76 65 81 0 70 59 48 41 22 33 33 36 35 22 22 21 36 71 62 73 71 88 67 77 94 0 15 110 123 107 96 116 117 97 118 76 102 105 77 105 110 119 108 99 101 102 112 82 0 0 97 93 105 90 107 102 114 81 95 82 61 -1 -1 -34 -61 -61 -78 -77 -69 -70 -65 -75 -70 -60 -61 -59 -59 -61 -58 -59 -60 -54 -59 -55 -60 -60 -63 -59 -60 -60 -59 -63 -61 -67 -61 -55 -55 -56 -51 -54 -53 -45 -32 -27 -31 -56 -46 -23 -47 -28 -34 -17 -53 -53 -128 -39 -72 -28 -54
127 62 53 0 87 82 15 0 78 70 97 96 104 105 95 94 90 102 89 83 85 93 64 67 67 72 82 71 82 87 0 82 84 77 96 78 66 56 53 61 58 61 61 72 71 64 44 53 62 61 65 71 74 68 67 77 60 64 0 0 0 18 43 14 19 32 39 73 54 72 58 0 26 41 25 56 32 33 4 52 15 45 24 58 32 70 41 37 61 44 33 62 67 64 77 66 35 35 49 42 38 26 7 61 44 38 25 33 60 64 45 37 47 21 39 33 56 64 59 60 27 37 50 33 44 47 38 26 21 52 27 68 71 65 71 84 87 84 107 94 83 90 97 76 73 76 66 61 60 70 47 96 41 88 50 58 61 64 78 65 67 90 90 89 89 87 64 45 47 36 31 68 45 49 78 89 84 77 62 41 38 72 81 96 105 111 116 116 122 114 112 112 116 0 124 124 123 119 116 112 113 112 101 97 105 105 111 114 112 112 107 108 102 90 96 100 100 104 102 100 96 100 99 100 100 96 107 102 102 100 102 100 106 112 104 105 111 111 112 113 112 112 113 102 108 107 105 105 104 106 108 106 107 107 110 106 106 106 107 106 104 105 107 101 99 100 101 97 102 107 107 108 108 107 107 107 106 111 106 106 99 97 102 107 99 105 104 122 112 111 116 114 117 119 120 118 118 117 117 117 118 122 111 105 107 114 117 119 107 108 108 112 117 123 107 0 0 105 105 105 99 104 104 101 96 97 95 97 101 97 97 102 106 93 100 96 99 81 79 89 101 94 101 95 95 95 93 94 76 73 81 76 93 87 97 95 91 72 52 91 65 60 85 99 97 106 96 108 111 102 117 117 117 117 113 113 108 93 56 95 95 93 95 95 94 93 93 93 95 91 93 83 64 32 0 0 0 35 43 38 38 27 20 54 37 38 26 16 18 27 50 61 95 56 71 88 107 0 101 77 6 38 122 71 105 114 106 112 82 95 125 101 94 91 93 91 100 87 100 104 78 67 0 0 82 84 113 96 95 105 77 90 99 74 33 0 -1 -96 -60 -81 -72 -67 -68 -61 -64 -60 -65 -58 -59 -59 -64 -59 -67 -60 -56 -56 -61 -68 -65 -68 -63 -67 -59 -61 -65 -56 -72 -56 -55 -59 -56 -51 -41 -44 -37 -25 -44 -37 -69 -56 -22 -17 -30 -17 -36 -128 -72 -36 -12 -60 -47 -58
67 48 91 83 91 72 95 82 4 36 79 73 84 74 88 101 100 104 108 102 78 84 90 94 72 54 61 74 41 104 79 79 52 52 48 78 67 65 68 68 68 68 64 71 3 0 0 68 66 71 83 85 53 73 79 60 39 0 13 36 32 24 32 29 45 42 53 68 54 38 2 32 25 30 35 19 42 22 88 27 25 37 50 70 58 41 44 50 72 47 55 72 79 76 66 59 56 79 66 49 37 52 54 55 30 39 32 72 41 21 0 16 50 36 43 19 25 55 37 74 54 65 38 43 25 37 58 50 58 67 71 58 70 72 94 100 82 64 55 45 32 41 42 82 91 90 84 77 79 66 79 68 70 68 74 83 78 78 70 70 76 79 83 97 79 68 72 54 50 45 50 55 45 37 55 61 89 87 77 49 53 42 52 58 72 108 107 0 117 117 111 107 72 0 102 111 112 112 116 117 113 113 114 113 113 110 99 100 111 107 112 105 94 89 95 95 102 100 99 95 104 100 99 100 105 0 116 114 113 107 108 111 111 112 111 113 113 112 110 112 112 112 102 97 101 101 105 110 102 105 102 101 101 107 108 105 104 105 107 100 96 96 93 0 96 96 95 106 106 106 104 104 107 105 106 101 101 96 99 99 102 104 107 99 108 118 100 116 113 114 116 120 117 113 119 118 120 119 118 116 96 95 105 112 108 114 111 111 116 112 119 111 110 101 0 39 99 104 99 96 105 102 101 96 93 105 101 102 93 83 83 85 96 91 90 94 84 81 85 0 94 99 83 96 91 89 79 85 79 91 74 77 101 100 95 96 83 99 84 90 104 106 102 102 94 95 104 107 102 108 122 110 124 112 114 114 106 127 108 102 101 99 99 100 99 99 101 110 107 101 83 81 54 67 48 38 42 38 37 36 29 16 22 32 45 21 16 26 30 50 71 61 62 90 82 117 99 24 110 96 21 91 91 116 102 108 117 95 106 124 112 119 8 74 113 114 118 89 105 68 56 90 97 0 62 118 95 114 113 73 95 119 105 102 43 -128 -46 -128 -67 -55 -70 -68 -70 -61 -70 -59 -61 -58 -61 -59 -54 -72 -75 -58 -59 -61 -63 -63 -68 -59 -60 -64 -60 -59 -60 -59 -55 -58 -53 -54 -59 -39 -37 -27 -22 -14 -54 -36 -128 -34 -25 -18 -128 -54 -23 -35 -27 -47 -60 -50 -51 -75
10 72 72 66 50 55 97 85 93 70 95 0 72 67 91 83 94 79 96 82 70 82 53 70 70 93 90 84 0 0 67 49 33 13 0 81 73 55 70 74 81 83 89 72 0 0 14 0 0 0 85 56 90 82 78 39 0 0 43 25 54 42 42 48 56 66 60 67 71 53 41 47 39 53 53 58 56 59 49 60 68 61 83 72 70 50 70 60 83 61 58 61 91 76 53 44 71 71 83 37 25 59 16 67 20 15 22 60 64 64 30 25 47 13 16 22 30 37 25 50 73 85 54 64 26 55 15 53 52 56 45 77 102 64 88 90 73 55 36 9 12 8 18 14 52 91 76 89 101 12 97 84 85 76 82 97 90 90 87 78 82 81 73 95 82 73 73 64 65 61 67 71 64 56 41 20 58 83 84 78 81 52 59 82 72 74 94 105 101 111 114 111 113 0 88 120 123 110 104 113 114 112 111 114 113 112 110 111 95 102 106 112 105 102 93 99 95 99 106 105 107 105 108 110 114 114 122 117 116 113 110 110 113 114 114 112 111 111 112 111 111 111 106 96 96 91 79 90 95 99 104 93 99 106 110 105 105 101 104 100 95 94 96 101 97 100 106 107 107 106 107 105 107 106 101 99 97 97 108 108 101 106 106 105 112 110 110 120 119 116 111 114 119 116 122 123 120 119 118 117 105 105 111 108 104 117 113 116 113 112 111 110 108 77 0 105 105 101 101 100 104 95 91 95 95 102 89 102 85 72 84 97 100 93 94 93 84 93 99 107 97 105 93 97 97 95 96 93 90 93 93 88 90 88 95 89 90 91 60 94 78 112 106 95 91 99 117 101 97 100 97 117 119 110 101 107 107 116 0 94 102 101 101 101 101 102 106 108 117 106 110 105 72 0 67 37 39 38 32 33 47 16 2 20 35 43 21 15 16 33 43 60 62 79 84 105 99 79 111 117 93 84 104 108 118 102 89 113 90 116 116 88 0 0 0 88 95 100 106 104 65 71 89 79 0 112 111 85 108 95 101 102 114 100 74 39 -17 -72 -63 -56 -78 -70 -73 -54 -73 -65 -61 -58 -56 -58 -63 -69 -74 -64 -49 -39 -61 -63 -64 -63 -61 -64 -60 -61 -60 -58 -56 -54 -56 -55 -45 -36 -27 -25 -12 -16 -45 -22 -39 -32 -53 -128 -35 -23 -28 -35 -25 -39 -44 -51 -53 -78
0 81 77 68 70 76 73 59 72 73 64 73 100 99 0 89 81 96 90 88 87 74 74 95 77 83 0 0 0 0 0 0 0 22 0 70 72 74 77 77 83 66 0 0 0 48 37 20 22 0 0 0 0 0 0 0 15 25 32 33 32 37 58 55 56 71 93 88 85 91 65 70 56 41 49 58 65 54 62 72 71 60 52 56 74 71 74 71 56 68 64 82 82 49 72 102 67 60 62 48 65 43 56 45 48 52 65 55 55 54 65 50 35 37 49 41 44 48 64 42 76 60 31 50 59 68 35 33 27 33 38 35 59 107 104 90 60 20 7 35 15 22 22 20 6 48 73 82 91 119 102 94 99 102 105 107 101 91 84 97 83 93 99 102 90 91 87 83 74 79 74 68 64 59 50 44 43 52 68 71 54 81 77 66 91 91 94 0 104 105 116 116 102 0 122 127 114 114 112 108 105 106 110 108 116 116 116 116 110 116 112 104 113 105 112 104 106 105 107 112 108 112 119 123 114 0 113 112 107 101 94 97 89 96 105 108 108 104 106 110 110 110 108 102 110 100 96 87 82 84 85 84 87 88 102 102 107 107 107 104 101 101 100 0 106 106 106 105 105 101 95 91 95 94 95 96 101 104 99 99 107 102 107 104 113 110 118 117 110 116 110 108 116 120 119 118 118 117 106 113 108 0 112 106 118 112 114 113 112 112 99 0 0 0 101 96 104 99 104 96 101 97 100 94 90 90 101 91 88 95 100 96 89 90 88 100 99 96 73 0 99 99 93 94 91 89 91 91 88 91 85 88 87 93 93 85 89 76 102 91 105 60 101 107 91 102 83 84 87 104 122 124 124 106 112 101 113 117 101 107 106 104 104 102 107 106 108 114 91 0 0 52 2 54 38 37 35 31 27 30 30 13 12 19 18 18 8 12 37 48 67 83 106 99 101 68 73 90 119 113 77 111 105 117 108 116 106 106 111 88 33 0 32 0 0 56 66 100 55 97 0 0 0 0 114 116 94 108 97 95 73 108 99 93 106 -117 -46 -40 -42 -81 -70 -68 -61 -68 -59 -64 -59 -55 -59 -73 -54 -60 -54 -58 -54 -83 -51 -55 -65 -60 -68 -58 -61 -55 -58 -59 -55 -53 -50 -39 -27 -21 -31 -18 -42 -35 -30 -128 -49 -45 -32 -27 -21 -21 -23 -26 -30 -27 -46 -61 -74 -72
0 44 77 70 73 66 76 77 78 60 73 81 77 73 77 61 70 0 76 76 36 33 0 76 65 0 0 0 0 0 13 3 18 36 0 53 74 61 73 78 76 77 0 0 15 18 64 59 36 12 25 1 6 19 0 0 35 61 49 25 44 44 49 65 77 84 89 76 79 91 0 62 62 66 67 76 72 78 59 66 82 83 73 73 78 84 89 85 84 81 76 102 83 78 88 82 48 96 49 54 60 53 74 87 59 55 47 38 39 41 0 24 66 55 82 59 56 67 77 77 83 59 55 42 21 66 49 24 36 50 64 45 70 56 89 112 104 74 49 21 29 20 27 22 19 29 39 9 81 0 110 91 108 94 87 95 105 90 96 96 106 102 105 100 97 97 96 88 87 90 77 77 76 77 72 65 65 60 41 72 41 64 77 84 35 59 50 89 96 91 102 113 120 104 0 124 122 119 110 110 105 110 114 112 113 112 117 116 119 117 119 124 125 120 113 116 113 113 119 122 119 122 122 122 119 118 113 107 95 89 90 96 84 81 77 84 96 82 100 95 99 84 79 99 87 97 93 101 91 93 89 90 89 85 83 79 89 106 105 107 107 105 108 104 107 97 97 100 102 99 93 91 94 104 99 99 104 101 97 101 102 106 106 102 111 112 116 113 116 119 113 112 117 118 118 116 116 116 117 114 112 116 112 113 114 112 113 107 106 106 0 0 2 88 96 104 101 100 99 96 100 97 99 96 96 104 101 96 95 99 101 101 96 93 97 91 99 97 99 99 100 95 94 94 93 88 91 91 91 91 93 93 88 94 91 88 83 101 96 104 89 72 83 90 96 90 67 85 102 107 96 95 111 117 104 116 112 120 101 116 110 107 105 107 106 88 102 94 83 0 99 29 60 66 49 39 31 24 24 20 20 2 8 7 8 10 8 14 37 50 71 89 82 76 68 76 95 101 0 114 3 112 97 95 87 84 113 105 108 108 88 0 112 113 0 0 0 0 0 0 0 0 0 0 101 105 99 97 83 91 74 85 99 114 113 82 -128 -72 -128 -72 -68 -58 -60 -59 -59 -50 -73 -54 -54 -68 -56 -67 -64 -72 -81 -59 -75 -61 -67 -58 -59 -61 -68 -56 -60 -63 -54 -55 -50 -28 -14 -27 -45 -22 -45 -128 -37 -54 -53 -25 -21 -32 -27 -34 -40 -27 -28 -13 -23 -58 -64 -55
0 0 62 64 81 70 55 48 70 59 72 65 76 87 61 50 55 78 39 0 0 0 0 0 0 2 31 26 25 31 36 18 33 7 0 61 67 77 81 84 84 24 0 14 9 47 15 54 54 9 32 33 36 36 6 13 35 37 27 44 50 48 87 94 91 85 93 87 87 3 77 94 85 82 70 82 82 53 62 73 93 96 89 90 91 94 93 93 95 93 93 66 88 37 59 88 79 78 56 60 47 49 58 60 85 65 42 49 52 16 25 36 16 66 61 66 88 88 85 66 71 70 64 47 43 74 53 47 31 35 52 73 70 78 71 114 116 106 72 42 45 41 36 30 27 31 29 41 55 55 99 110 113 93 89 94 66 78 85 90 106 95 83 94 97 106 100 96 90 87 87 88 88 78 76 74 68 65 50 56 83 36 79 73 76 95 87 59 79 70 96 110 116 0 77 119 114 104 105 100 102 111 111 112 113 116 114 114 106 113 120 119 117 117 117 117 110 111 83 97 108 118 123 119 116 0 113 110 107 106 106 97 90 83 89 104 105 89 100 83 89 83 88 94 82 87 82 100 107 108 102 97 93 90 94 91 100 104 107 107 108 104 101 0 94 104 97 105 105 97 94 96 99 107 107 105 102 102 102 105 106 105 107 111 114 114 116 117 116 119 116 117 117 116 116 114 117 116 114 113 113 0 113 113 113 110 107 107 0 0 0 88 77 90 105 97 99 99 100 100 100 97 93 88 99 96 100 100 97 100 96 97 100 97 96 97 96 96 96 99 94 96 94 94 93 94 91 91 91 91 90 93 94 83 91 95 83 99 97 100 89 79 76 68 62 100 93 94 88 95 88 119 90 116 122 100 110 114 0 101 112 107 110 107 87 84 104 107 0 87 89 74 83 47 52 27 29 15 16 14 9 13 16 13 16 12 14 36 61 68 44 52 47 60 81 120 111 107 120 112 0 110 112 107 104 110 116 122 85 102 0 102 127 105 14 0 0 58 21 47 122 89 95 96 99 111 96 105 97 97 96 105 111 74 94 85 -61 -16 -61 -73 -58 -59 -67 -65 -49 -55 -69 -54 -55 -74 -58 -70 -59 -69 -59 -67 -65 -64 -56 -68 -65 -59 -61 -56 -59 -58 -51 -42 -28 -53 -26 -12 -128 -6 -39 -53 -74 -40 -31 -22 -34 -17 -23 -21 -23 -13 -12 -20 -49 -68 -64 -55
127 0 71 70 89 95 73 93 84 83 83 77 64 65 59 77 78 82 39 0 0 21 0 0 15 20 4 19 55 8 25 48 55 30 0 0 0 0 0 0 77 0 2 24 59 53 15 52 45 56 62 72 38 64 68 67 77 72 76 66 85 93 71 77 70 85 70 91 90 91 96 94 87 85 87 85 84 88 89 72 85 97 82 85 101 84 85 99 71 67 53 70 70 84 94 85 91 91 90 81 84 78 74 79 79 77 77 68 64 65 53 41 53 45 42 38 97 81 97 96 96 106 72 65 70 95 43 21 53 66 65 67 60 52 58 97 91 110 111 110 105 72 22 47 33 32 39 32 44 94 110 118 117 113 71 77 70 61 61 70 79 79 72 84 56 65 84 95 102 97 87 87 104 93 93 85 89 89 73 70 61 43 54 20 59 79 83 59 94 101 102 106 116 114 0 0 112 102 105 89 78 91 94 101 110 107 100 104 106 111 111 117 106 95 104 106 107 106 120 122 122 117 117 117 112 107 105 110 110 111 102 99 104 101 104 106 108 102 101 96 93 91 91 95 97 91 88 83 90 101 102 107 101 104 97 89 85 87 96 99 102 100 100 101 102 107 97 96 104 101 105 100 105 99 96 100 102 106 110 106 108 116 116 117 112 106 116 119 120 118 117 116 116 117 116 114 116 114 111 107 110 114 111 112 108 97 106 89 0 14 100 100 83 82 102 101 99 99 99 96 101 99 96 95 95 96 97 96 99 99 99 96 96 100 99 97 96 96 96 96 0 97 93 93 93 90 93 93 90 90 90 90 90 81 91 85 88 93 94 58 76 81 72 77 84 83 95 87 94 91 108 123 118 124 110 113 122 114 110 107 122 120 119 122 113 90 91 76 45 93 94 89 97 87 61 43 30 21 10 7 9 15 19 16 16 18 19 19 32 47 30 29 42 52 82 70 97 104 74 105 87 0 15 116 111 118 113 102 88 83 53 0 114 111 112 127 101 105 120 90 114 119 107 122 97 111 100 93 106 83 108 96 96 97 127 87 56 -32 -46 -22 -64 -65 -59 -65 -63 -55 -82 -64 -58 -60 -63 -65 -56 -67 -60 -77 -69 -54 -64 -59 -59 -56 -64 -60 -64 -54 -39 -46 -42 -128 -40 -25 -28 -22 -22 -61 -54 -54 -35 -21 -128 -16 -18 -16 -11 -14 -14 -44 -49 -64 -70 -56
0 0 0 0 82 77 87 95 85 84 85 93 87 84 79 76 70 64 0 0 2 27 25 58 0 0 48 55 15 47 66 59 20 22 0 0 0 0 0 0 0 32 45 49 43 41 48 26 42 56 49 52 70 79 43 64 78 53 77 74 55 85 56 56 54 68 91 91 93 96 99 97 93 91 90 93 89 73 88 85 66 61 62 59 77 70 77 82 95 101 104 97 93 94 89 85 78 85 88 74 83 90 83 90 93 95 90 93 85 0 95 53 64 30 59 45 72 96 90 99 100 99 96 104 99 93 95 76 74 91 84 81 77 68 58 48 56 77 99 97 108 105 59 62 38 21 26 36 0 104 113 114 107 90 110 93 70 61 73 85 77 90 62 59 47 52 60 76 81 96 116 113 112 104 105 104 100 83 97 71 38 37 32 45 59 66 67 78 95 94 104 107 106 111 0 0 127 110 106 101 99 102 106 105 104 107 105 104 108 100 114 111 110 110 100 100 112 107 119 120 120 123 116 114 111 0 108 106 104 107 106 104 105 102 104 107 110 108 110 110 108 107 107 108 105 101 99 96 89 81 96 105 105 102 95 81 73 77 79 84 100 105 110 0 108 110 108 111 101 97 99 104 104 110 106 104 104 101 101 108 105 104 112 118 116 116 117 118 118 116 112 99 106 111 111 106 112 108 113 108 108 0 110 105 102 106 104 0 13 102 90 84 83 96 102 100 97 97 96 100 93 97 93 85 90 87 101 96 99 89 99 96 100 95 88 97 97 95 95 102 96 96 93 93 91 91 91 91 90 90 90 90 94 83 89 93 76 91 78 62 83 50 71 70 73 66 87 96 93 90 97 85 93 93 110 94 119 100 99 127 122 114 113 99 110 0 0 48 71 84 96 87 65 72 42 35 13 8 8 7 13 19 19 18 19 13 19 32 16 16 44 45 85 82 88 91 76 93 0 119 119 105 70 99 100 116 114 113 105 88 0 127 104 127 119 102 110 108 127 119 102 102 99 111 114 108 97 79 90 108 96 99 71 79 52 0 -51 -46 -78 -63 -78 -59 -67 -65 -60 -64 -74 -64 -55 -78 -58 -60 -63 -61 -61 -54 -51 -69 -54 -59 -60 -60 -60 -54 -55 -37 -128 -64 -21 -9 -37 -14 -21 -17 -50 -53 -59 -42 -22 -13 -87 -16 -1 -17 -12 -4 -16 -31 -63 -69 -60 -55
127 50 50 0 0 0 0 0 0 72 90 85 96 91 87 85 79 53 0 0 31 25 58 30 64 59 56 43 0 0 50 59 37 27 50 13 25 10 26 0 0 38 49 16 24 15 29 26 27 72 49 27 56 49 44 61 19 50 68 60 47 66 35 41 88 53 85 83 90 0 100 96 95 96 90 96 90 95 91 108 99 97 90 83 93 102 105 104 105 104 100 97 101 96 95 91 101 100 96 100 100 99 94 91 94 100 99 99 101 76 85 94 81 58 50 62 72 61 73 93 97 99 104 60 78 112 84 74 62 38 52 100 93 82 78 71 77 59 77 94 87 99 123 84 60 42 42 36 43 59 111 119 118 108 112 120 118 81 88 93 99 104 101 67 58 25 48 56 64 84 106 117 112 113 108 110 105 100 96 65 95 88 19 26 49 45 33 0 68 100 97 83 100 102 102 53 0 111 108 93 83 95 90 90 95 100 101 104 105 106 108 107 111 111 113 107 110 112 114 111 116 118 114 101 105 87 84 104 101 97 102 104 87 104 99 108 108 105 107 107 110 108 111 110 108 108 108 106 101 91 90 104 91 112 106 91 84 87 85 87 105 102 107 110 107 107 110 106 93 97 104 101 107 108 97 94 101 95 110 102 112 113 112 107 112 117 117 117 118 116 112 113 112 114 110 107 113 114 112 112 114 100 112 104 111 104 107 0 1 95 81 79 84 100 101 102 96 96 96 96 99 97 94 96 93 94 99 99 99 91 102 102 94 102 85 100 94 94 94 94 0 82 93 93 90 93 90 90 90 90 90 90 82 81 93 93 73 89 85 36 0 0 0 56 88 87 97 96 108 83 101 89 101 81 117 0 19 90 95 0 100 120 114 118 105 37 91 70 61 79 85 71 61 58 56 47 10 15 12 13 19 15 21 19 14 15 19 30 14 25 38 45 73 106 104 102 96 88 108 113 105 112 61 65 93 119 117 91 108 88 0 0 104 123 113 119 113 112 116 119 110 87 91 81 102 119 113 79 110 91 110 97 84 82 41 0 -3 -40 -65 -128 -73 -59 -58 -69 -63 -68 -58 -70 -61 -61 -60 -63 -64 -59 -61 -68 -55 -81 -64 -60 -56 -55 -56 -59 -128 -50 -28 -34 -23 -11 -31 -30 -22 -26 -47 -60 -55 -49 -35 -16 -32 -28 -7 -2 -32 -35 -6 -45 -75 -59 -63 -59
84 77 74 52 0 45 64 0 0 0 29 84 82 68 82 81 64 71 0 42 42 56 71 48 43 25 13 24 13 35 0 0 64 25 54 32 41 47 36 27 29 48 37 38 47 36 44 59 49 62 54 61 47 35 21 62 54 33 35 42 39 72 44 39 48 64 71 81 100 50 87 95 100 95 94 96 96 95 99 89 96 97 99 100 100 101 101 101 100 99 99 99 100 100 99 100 99 101 101 101 100 99 100 100 100 101 101 102 94 104 107 107 108 90 70 67 31 37 67 91 96 102 74 -128 -122 44 76 100 91 95 87 64 99 104 81 73 65 68 76 95 95 99 100 119 127 124 74 58 67 96 107 114 114 119 119 116 114 119 118 119 118 97 108 116 89 33 29 45 50 88 94 97 118 111 111 106 107 104 99 91 72 58 65 50 41 45 43 54 68 59 59 91 89 90 100 100 0 30 105 96 96 99 107 108 105 99 101 102 95 91 102 104 102 107 106 106 105 108 111 111 114 105 112 110 105 70 105 101 85 85 82 87 88 95 93 91 96 91 89 95 90 91 99 108 104 110 102 101 105 100 106 107 105 96 100 99 96 96 97 95 101 105 111 0 107 106 105 106 106 100 108 105 106 96 99 102 102 106 108 114 108 110 108 112 114 118 118 120 118 108 117 112 111 111 105 113 107 108 110 108 108 87 91 100 119 100 0 97 90 87 89 100 91 101 95 99 99 96 96 90 101 95 95 96 90 95 104 99 94 96 85 97 96 82 95 96 85 97 81 91 95 89 96 84 93 89 89 90 91 91 88 83 89 88 95 81 78 55 55 65 70 90 64 31 94 66 74 79 90 102 122 105 123 95 24 104 0 0 125 68 114 101 107 2 106 83 65 47 105 81 54 37 50 94 35 18 15 19 20 22 21 21 20 20 16 14 13 19 35 44 53 72 82 120 56 118 104 107 106 110 101 114 100 0 100 112 107 107 76 0 90 123 112 114 112 114 111 90 119 111 111 88 90 88 119 110 100 101 91 118 100 105 49 -114 -17 -1 -49 -68 -70 -59 -67 -72 -61 -67 -63 -56 -77 -54 -64 -49 -69 -60 -58 -56 -68 -53 -74 -75 -59 -54 -128 -119 -61 -61 -56 -41 -47 -40 -14 -40 -14 -13 -39 -54 -55 -61 -42 -32 -16 -20 -12 -9 -6 -30 -27 -46 -51 -58 -64 -65 -60 -45
127 94 72 74 21 58 79 78 84 66 0 0 0 0 0 0 0 87 0 0 0 42 39 49 59 50 47 20 16 62 47 21 1 0 0 49 44 48 54 60 65 44 67 53 55 59 49 59 60 70 62 65 37 44 54 55 59 53 49 49 62 62 64 61 55 70 64 76 70 66 84 99 99 97 96 97 97 97 97 97 96 99 97 99 100 100 100 100 100 97 97 97 101 101 101 102 99 100 100 100 100 100 100 99 99 101 102 102 104 0 112 107 107 105 100 97 59 64 60 77 96 90 106 -128 -1 -2 -128 -128 84 113 91 74 88 76 78 93 91 88 67 60 90 96 107 100 116 110 127 122 18 118 118 116 114 114 110 117 110 112 113 114 116 120 113 118 100 76 31 37 49 62 76 99 110 104 106 99 110 107 101 101 112 93 91 65 61 71 56 0 65 67 71 76 71 81 97 85 81 0 96 91 108 102 102 89 106 97 107 110 100 102 104 106 104 97 100 102 105 104 106 108 113 114 112 111 110 111 104 84 90 88 88 94 89 95 91 91 93 95 99 90 79 87 85 94 96 85 89 91 95 102 112 107 99 93 82 89 102 105 99 95 96 97 106 99 102 96 93 100 95 94 102 101 104 110 106 108 106 104 108 106 105 104 105 106 114 119 118 118 119 111 116 112 106 107 100 111 107 104 111 102 97 110 100 101 106 110 0 3 71 85 91 95 93 102 101 99 91 97 95 94 95 97 95 94 89 102 102 101 97 96 89 97 99 90 89 101 97 100 94 95 91 88 85 85 89 89 93 85 93 93 84 76 83 85 85 79 6 12 54 44 50 68 90 89 0 97 106 105 97 119 99 117 118 112 56 114 108 106 0 56 94 78 104 4 97 101 77 59 84 91 61 45 37 87 68 20 8 22 25 25 25 24 21 21 14 14 15 15 26 61 78 94 114 118 102 113 110 79 106 0 116 107 107 89 4 78 114 105 95 0 0 95 87 99 106 118 106 79 111 99 108 81 87 91 110 108 108 110 96 91 105 108 77 -128 -2 -36 -36 -64 -68 -68 -67 -60 -67 -59 -67 -58 -67 -56 -61 -63 -60 -68 -60 -64 -70 -59 -60 -67 -128 -54 -47 -64 -55 -54 -60 -58 -35 -51 -25 -13 -28 -21 -39 -51 -53 -68 -46 -34 -14 -12 -12 -86 -13 -32 -46 -58 -61 -61 -73 -64 -64 -58
91 78 93 90 64 93 59 90 89 78 76 33 0 0 59 0 0 0 45 44 54 35 15 36 76 56 42 13 9 24 45 38 62 55 36 52 0 55 72 36 60 62 62 47 66 67 60 70 60 38 50 42 54 52 62 54 52 47 52 59 53 61 50 55 39 93 94 65 0 95 99 99 96 95 95 94 94 95 95 99 99 99 99 100 100 100 100 100 100 100 100 100 100 100 100 100 101 101 101 101 102 102 101 101 102 102 99 106 91 106 105 105 104 104 104 97 90 65 78 77 93 99 -128 -6 -1 -42 -1 -128 111 102 102 87 88 53 99 100 97 70 68 72 72 79 91 108 102 114 119 127 123 117 118 116 114 112 112 110 106 110 110 113 104 96 111 113 114 53 33 48 56 81 100 104 107 97 105 113 108 111 106 106 101 99 81 73 72 93 60 65 71 67 73 73 90 100 95 101 73 0 105 108 102 102 99 91 107 82 110 91 91 97 99 113 108 91 97 102 99 106 101 111 111 112 111 105 102 97 88 91 90 89 91 91 91 93 90 95 95 95 94 85 84 83 88 97 94 94 93 94 94 93 88 84 95 91 90 93 90 97 101 102 99 90 99 0 102 97 95 99 105 100 99 101 105 106 104 104 101 104 105 102 101 104 107 113 117 116 117 119 107 114 111 107 105 104 112 105 99 101 104 102 102 94 116 119 116 0 32 97 94 101 97 96 104 102 99 93 96 97 91 102 94 96 95 96 95 100 102 100 97 93 96 104 97 96 95 89 99 88 95 93 42 90 91 87 93 93 91 93 96 78 79 88 93 89 76 0 87 89 94 59 61 65 76 70 97 70 53 72 94 91 107 100 111 70 14 71 110 101 0 0 93 116 6 85 100 77 60 49 78 67 43 25 61 87 24 16 20 24 26 29 29 29 29 26 24 20 15 25 44 43 84 96 84 91 90 90 113 117 104 108 105 70 71 108 67 36 104 60 0 0 118 116 96 122 122 85 110 99 88 108 99 94 84 107 101 106 96 93 90 104 112 108 48 -2 -44 -23 -37 -58 -69 -128 -63 -64 -55 -61 -54 -59 -60 -59 -60 -50 -75 -60 -69 -65 -54 -128 -73 -50 -56 -51 -51 -70 -65 -70 -58 -37 -56 -37 -14 -21 -18 -32 -51 -63 -59 -50 -36 -17 -13 -12 -1 -128 -39 -36 -63 -60 -53 -64 -65 -58 -60 -56
127 72 104 54 53 90 77 61 68 88 70 61 85 73 79 0 0 19 8 49 9 0 76 61 55 70 73 0 68 78 62 36 42 58 56 58 47 73 74 33 0 67 83 87 85 82 83 94 88 83 49 60 61 77 65 82 87 83 88 91 81 89 76 81 68 66 67 72 19 97 96 99 97 97 97 96 96 96 97 97 99 99 99 99 100 100 100 100 100 100 100 100 100 100 100 100 101 101 104 104 102 102 102 104 104 102 102 100 107 112 105 105 105 104 104 106 104 101 105 99 105 118 82 55 66 54 30 -128 64 88 89 81 95 96 94 60 102 113 112 85 84 66 83 79 111 106 110 106 0 106 110 107 107 105 104 105 104 104 101 102 107 116 116 110 117 117 73 66 82 100 117 119 119 120 124 113 112 101 106 102 111 107 93 83 79 71 66 70 70 71 73 83 97 94 94 97 89 0 0 0 0 0 0 0 0 0 0 0 0 76 96 100 95 94 93 88 90 84 94 95 107 108 97 110 114 76 102 100 102 99 96 95 96 96 95 97 95 95 97 97 97 96 96 96 99 102 101 105 107 106 104 101 105 100 96 97 100 105 101 99 94 84 100 101 90 102 100 107 90 87 99 100 102 108 102 105 99 105 107 107 102 102 108 112 117 116 114 116 113 113 112 113 113 112 110 104 105 110 113 100 105 112 20 112 54 0 70 95 105 104 99 102 102 101 100 96 95 96 96 95 94 97 95 97 97 89 99 100 99 97 99 99 94 93 95 89 88 97 90 94 97 96 91 94 91 94 95 83 97 81 93 93 87 99 83 0 76 85 90 70 88 68 72 52 9 45 118 93 66 99 89 113 108 95 99 41 120 97 114 0 88 85 0 95 77 58 66 53 82 99 54 32 29 81 45 14 16 30 30 31 31 30 31 29 30 27 20 19 47 54 60 49 118 89 90 112 102 124 85 102 74 91 85 101 90 25 82 95 0 88 114 97 107 124 123 89 84 108 108 101 105 83 110 84 94 94 88 124 124 113 107 83 39 -1 -23 -30 -59 -44 -44 -45 -128 -59 -58 -72 -56 -59 -64 -63 -60 -77 -53 -61 -128 -68 -68 -42 -50 -55 -65 -56 -39 -82 -58 -53 -56 -56 -36 -64 -30 -14 -11 -35 -63 -61 -54 -53 -34 -20 -18 -4 -13 -37 -59 -64 -86 -51 -54 -70 -69 -59 -44 -58
67 66 87 82 84 72 89 76 85 84 82 70 78 64 0 0 39 48 36 33 36 53 45 56 8 15 55 52 71 70 70 76 83 72 58 56 47 47 49 60 50 78 0 91 85 79 82 74 64 68 93 56 66 64 53 67 82 90 59 90 93 97 90 87 82 74 96 89 99 97 97 97 97 97 97 97 97 99 99 99 99 100 100 100 100 100 100 100 100 100 100 100 100 100 101 101 101 101 102 102 104 104 102 102 104 104 96 110 0 111 104 104 104 105 106 105 105 102 99 89 100 94 81 102 106 97 81 61 111 84 59 68 88 76 78 76 85 114 114 107 96 84 85 97 90 105 108 118 102 105 104 97 95 102 102 102 104 97 97 99 101 108 119 108 107 111 91 88 97 111 105 89 102 107 117 119 119 114 112 113 107 102 91 89 78 77 19 73 70 81 90 89 89 76 93 0 58 79 78 88 90 91 78 78 45 94 50 0 0 0 0 0 16 95 85 81 79 89 94 106 112 101 105 113 104 96 112 108 110 101 99 95 95 99 99 97 97 100 100 97 97 97 95 104 101 102 106 107 107 107 107 105 107 107 107 108 106 102 100 94 89 81 96 0 93 89 89 93 94 99 100 101 104 105 102 101 101 102 106 106 107 107 114 117 116 119 111 113 113 116 110 117 106 97 105 108 116 111 102 113 123 106 21 0 0 106 100 97 99 91 101 101 102 101 101 96 96 83 89 89 95 99 90 97 97 90 101 99 96 99 97 95 95 99 73 94 99 93 96 102 0 67 84 100 88 89 88 100 67 93 93 93 95 91 87 0 81 97 72 76 64 55 91 70 20 3 59 65 90 111 120 104 82 93 0 113 97 104 100 38 85 0 67 102 61 56 42 56 76 68 25 33 71 70 14 24 30 32 30 30 32 32 32 30 27 25 18 32 88 74 71 82 71 127 106 101 119 91 122 0 101 104 104 87 58 12 97 13 0 113 118 105 127 96 118 94 102 99 90 105 95 96 74 91 99 114 95 91 97 111 95 0 -25 -9 -42 -51 -55 -53 -9 -72 -70 -54 -64 -53 -55 -58 -64 -55 -79 -128 -58 -59 -63 -56 -64 -59 -56 -59 -77 -54 -84 -73 -56 -63 -59 -51 -46 -35 -23 -11 -27 -46 -64 -49 -41 -36 -25 -14 -13 -9 -41 -58 -55 -69 -50 -78 -59 -58 -61 -40 -77 -72
127 85 85 56 99 72 78 62 95 67 95 73 62 64 47 0 74 18 12 7 72 58 61 41 33 43 47 39 77 65 49 42 29 52 53 74 78 104 95 71 60 58 59 35 42 0 30 81 99 94 64 76 88 47 42 58 36 45 54 93 112 56 64 95 96 95 97 102 78 97 97 97 97 97 97 97 97 97 99 99 99 99 100 100 100 100 100 100 100 100 100 100 101 101 101 101 101 101 102 102 104 104 104 102 102 104 104 105 99 100 108 104 104 104 106 105 105 105 102 100 83 95 102 95 105 99 107 110 110 90 101 93 64 82 93 85 101 106 107 112 114 112 97 79 97 100 106 97 95 88 104 99 97 99 99 99 97 100 100 102 96 100 104 106 106 105 114 119 125 127 114 116 114 124 108 117 120 112 104 117 117 107 104 101 99 88 87 81 79 89 93 90 89 90 91 32 82 81 87 88 85 94 100 95 62 79 93 81 108 89 85 4 0 0 0 0 0 53 96 104 105 97 91 105 79 0 27 94 89 111 110 83 97 97 101 101 100 100 100 100 99 99 104 105 107 108 107 108 110 110 107 110 108 108 108 102 108 105 90 102 95 94 99 89 93 102 102 101 100 97 99 94 102 110 108 104 104 102 107 108 107 108 112 114 114 113 116 113 113 108 110 105 106 107 113 114 110 100 111 108 118 0 0 0 93 89 84 101 97 94 101 100 100 94 96 87 91 95 97 96 85 74 101 90 95 83 100 96 90 97 97 91 93 91 76 95 97 90 93 87 82 85 84 74 83 89 72 88 64 99 96 84 87 91 83 36 81 96 65 76 78 76 106 68 78 8 6 67 47 81 97 113 78 104 76 71 101 100 106 93 0 0 82 93 64 83 49 56 50 60 37 24 60 43 7 21 30 33 32 32 33 32 33 32 33 31 25 16 31 35 97 72 68 107 122 97 108 105 122 77 101 84 102 36 64 0 82 0 0 107 114 105 125 101 117 102 81 90 112 106 97 72 79 93 95 87 105 102 104 102 79 9 -1 -26 -50 -61 -68 -67 -39 -61 -69 -60 -56 -61 -58 -78 -128 -128 -56 -51 -75 -60 -61 -59 -73 -55 -70 -59 -65 -55 -75 -56 -59 -69 -59 -55 -42 -27 -26 -28 -3 -40 -67 -51 -37 -34 -16 -8 -6 -13 -25 -69 -81 -46 -46 -75 -58 -59 -78 -50 -47 -61
83 84 90 66 88 67 76 79 64 91 76 55 112 53 60 0 50 13 58 33 27 38 43 64 70 54 50 50 42 37 49 56 54 83 94 99 87 88 85 94 93 95 104 85 97 87 48 72 0 0 79 58 81 99 96 99 99 95 25 56 84 99 95 95 95 95 99 0 90 97 97 97 97 97 97 97 97 99 99 99 99 100 100 100 100 100 100 100 100 100 100 100 102 102 101 101 101 101 102 102 104 104 102 102 104 104 95 97 102 101 104 104 104 105 106 105 105 105 105 88 82 90 89 62 81 71 84 100 104 100 96 96 101 52 88 90 100 95 95 102 112 107 91 93 84 87 123 0 111 101 99 99 96 99 95 95 97 97 97 99 95 97 104 96 99 108 111 113 118 76 106 119 114 117 123 119 119 120 116 113 112 107 110 110 100 102 0 97 97 93 90 94 91 87 2 65 78 82 85 91 99 94 96 94 0 95 88 88 93 101 95 100 85 88 72 72 7 0 0 0 0 0 0 0 1 14 0 0 0 0 0 84 100 105 105 104 104 100 100 102 102 102 106 105 101 102 102 105 107 107 107 100 108 108 107 108 106 102 89 93 95 104 99 0 88 101 106 108 105 106 105 101 100 112 111 107 107 108 111 108 110 113 114 114 113 111 106 112 104 113 107 114 110 110 108 104 107 104 116 0 0 82 88 77 101 100 97 99 101 95 99 99 105 95 76 97 99 83 83 84 93 99 89 95 95 100 93 93 88 96 82 96 95 95 95 89 84 71 91 100 60 101 89 96 79 90 91 89 94 81 71 87 85 85 67 0 97 65 71 87 84 100 89 77 77 96 0 76 56 99 104 64 122 111 0 111 112 124 113 101 0 70 88 74 70 55 68 45 35 27 18 41 79 24 14 35 36 33 35 35 35 35 35 32 30 24 4 43 26 66 111 104 125 127 108 127 95 96 119 83 119 70 82 66 10 0 0 0 105 127 127 93 108 111 89 114 93 94 118 79 116 110 76 99 108 100 96 127 56 35 -26 -1 -16 -50 -61 -60 -55 -55 -67 -58 -128 -74 -128 -96 -65 -59 -63 -54 -51 -21 -49 -78 -55 -65 -58 -63 -65 -56 -58 -69 -58 -58 -59 -61 -60 -53 -37 -21 -39 -18 -39 -56 -46 -28 -32 -9 -1 -20 -45 -49 -72 -79 -128 -69 -59 -59 -58 -60 -63 -59 -61 -61
127 93 65 99 84 59 73 76 79 82 81 68 70 55 93 13 0 31 66 49 19 7 39 61 59 32 0 54 73 60 81 65 79 67 59 71 79 85 91 94 93 93 97 96 82 65 62 62 85 83 73 94 0 74 67 101 84 45 55 81 99 97 97 96 96 97 97 106 90 97 97 97 97 97 97 97 97 97 99 99 99 99 99 99 99 101 100 100 100 100 101 101 101 101 101 101 101 101 102 102 102 102 102 102 102 102 102 95 0 104 104 104 104 104 106 105 105 105 105 106 99 100 91 77 59 65 60 100 89 93 91 94 96 95 83 72 90 96 91 96 108 110 116 114 106 104 108 106 102 105 97 99 95 94 93 91 94 100 99 99 96 96 96 97 97 90 105 100 96 91 120 119 118 117 116 117 118 117 114 112 113 116 113 108 108 104 101 101 94 91 88 88 90 91 67 88 81 88 84 87 83 90 93 93 95 0 91 87 97 96 95 96 97 93 96 99 82 82 82 76 39 0 32 81 83 0 82 77 104 68 0 0 0 0 0 0 0 0 112 104 102 102 102 102 105 106 100 101 105 107 104 102 106 104 104 106 107 106 100 106 100 101 95 104 97 96 93 93 104 110 106 105 104 110 102 107 107 110 112 112 110 113 112 120 119 106 97 112 99 112 112 111 107 110 90 84 101 25 0 0 95 91 0 81 89 82 87 90 99 95 97 99 96 95 89 95 91 89 93 90 96 84 90 96 95 97 91 99 90 90 89 91 90 71 94 89 95 100 47 12 38 47 95 81 76 94 93 89 82 79 83 73 0 62 66 0 54 74 89 70 70 105 70 97 89 91 48 0 77 95 97 93 104 101 117 18 123 116 106 52 66 100 97 65 66 56 78 67 58 45 26 14 39 14 24 31 36 36 35 35 35 35 35 33 26 19 25 70 79 90 100 108 95 105 99 84 93 55 107 95 0 61 105 113 120 0 0 123 124 127 107 110 122 88 95 117 110 85 84 91 108 100 100 91 94 79 112 118 112 42 -128 -1 -12 -44 -73 -56 -75 -23 -47 -68 -128 -82 -44 -72 -68 -56 -51 -55 -41 -27 -64 -75 -68 -67 -56 -70 -75 -58 -56 -56 -60 -67 -55 -69 -61 -59 -53 -35 -49 -45 -31 -63 -50 -37 -27 -9 -1 -14 -34 -63 -77 -78 -64 -107 -60 -56 -53 -53 -58 -49 -84 -54
87 91 81 97 70 79 84 56 72 62 60 62 91 74 0 0 71 60 52 60 37 13 20 72 65 33 74 58 79 84 64 85 91 88 83 84 99 91 93 94 93 93 96 93 89 96 88 58 55 59 87 59 72 83 0 14 68 91 94 94 97 97 96 96 96 97 97 111 95 97 97 97 97 97 97 100 100 99 99 99 99 99 99 99 100 100 100 100 100 100 101 101 101 101 101 101 101 101 102 102 102 102 102 102 102 102 97 99 104 104 104 104 104 105 106 105 105 105 105 107 96 76 77 79 91 62 64 76 91 93 97 96 93 97 88 100 81 82 66 66 101 110 117 117 110 114 104 53 100 97 94 95 95 90 90 91 95 90 97 97 96 99 104 101 105 110 112 108 111 112 107 113 114 111 107 102 104 110 107 111 112 110 104 99 100 101 19 97 96 94 91 89 94 85 0 95 95 81 71 81 87 89 91 93 87 14 84 94 89 94 91 93 90 91 93 102 105 89 101 107 97 104 101 68 105 88 101 111 100 95 84 97 90 0 0 0 0 0 0 106 107 113 105 105 101 96 102 104 108 110 106 110 110 111 108 107 107 105 105 106 108 107 106 0 106 104 100 105 108 102 106 112 112 111 111 111 113 113 114 111 113 114 114 96 114 62 0 0 0 0 0 0 0 0 0 0 0 0 0 89 81 79 96 97 87 93 95 99 97 97 95 95 95 93 94 93 95 94 95 84 90 96 90 88 96 82 95 87 89 85 89 95 84 93 94 83 77 3 84 20 95 82 90 87 100 88 68 81 83 77 83 49 1 1 60 78 101 66 97 77 114 95 64 117 95 0 0 56 84 65 52 95 100 108 74 43 127 101 93 124 31 90 77 62 61 70 70 71 47 41 19 22 7 21 35 37 36 36 37 37 35 35 36 30 24 39 31 74 82 105 123 124 76 93 96 85 74 111 66 97 84 62 95 35 0 0 124 125 125 106 119 108 124 107 114 125 84 96 113 94 93 84 116 111 106 96 55 118 81 0 -1 -12 -40 -40 -72 -54 -102 -128 -45 -65 -47 -79 -67 -60 -45 -40 -44 -34 -31 -73 -78 -77 -58 -59 -67 -60 -60 -58 -67 -59 -61 -55 -67 -65 -63 -56 -54 -41 -41 -27 -42 -46 -36 -22 -17 -27 -41 -65 -67 -78 -74 -58 -63 -46 -56 -45 -72 -65 -61 -77 -53 -58
127 58 65 67 54 88 78 50 79 66 58 88 85 67 10 0 45 8 9 10 1 7 55 36 79 0 12 88 84 77 84 88 82 87 90 93 94 94 93 93 93 93 96 96 96 96 96 96 97 97 95 95 95 94 94 97 97 81 32 0 105 100 101 99 96 99 102 0 104 97 97 99 99 99 99 99 99 99 99 99 100 100 100 100 100 100 100 100 101 101 100 100 101 101 101 101 101 101 102 102 102 102 102 102 102 104 104 100 93 104 104 105 105 105 105 106 106 105 105 105 105 104 102 83 72 84 60 64 71 90 49 94 88 70 84 83 88 90 91 95 96 91 94 84 100 104 96 55 85 95 97 78 94 72 74 84 100 81 99 95 89 102 97 96 101 102 107 106 107 110 110 108 110 110 107 112 110 108 104 105 105 104 105 102 99 95 82 91 95 94 93 88 84 88 0 74 81 85 81 88 77 87 83 87 88 82 61 83 96 94 88 79 82 95 99 102 101 104 83 102 104 108 113 108 93 0 85 91 99 96 104 107 105 105 107 105 104 101 56 0 105 112 105 108 106 104 104 107 110 101 99 105 110 110 105 105 102 95 105 106 105 107 108 111 107 107 108 110 107 85 94 107 112 116 116 112 108 122 116 106 83 0 0 0 0 0 14 78 94 96 97 99 96 74 76 78 87 90 94 100 91 95 19 94 87 94 94 91 97 99 90 96 96 94 89 94 90 89 91 88 93 91 84 94 96 94 93 83 90 89 95 77 88 73 96 78 71 0 90 89 10 0 89 82 74 87 90 8 43 0 0 59 68 65 99 100 79 105 82 79 68 97 77 78 105 112 9 76 100 83 79 77 113 106 118 107 83 87 83 105 82 76 49 71 71 58 44 35 39 66 15 19 0 10 37 37 36 36 37 37 38 37 38 35 42 45 72 44 90 100 99 106 77 56 110 78 45 110 107 119 87 83 59 0 0 105 123 127 118 127 108 100 120 112 104 110 102 100 88 113 83 111 110 127 104 127 85 82 39 -70 -3 -20 -42 -128 -61 -54 -58 -61 -56 -75 -50 -89 -46 -53 -47 -35 -22 -42 -68 -74 -65 -70 -68 -61 -61 -60 -64 -61 -56 -59 -55 -60 -65 -63 -59 -60 -56 -45 -32 -40 -34 -54 -39 -27 -23 -53 -51 -65 -70 -68 -74 -61 -63 -50 -45 -77 -63 -63 -67 -60 -58 -69
56 76 72 59 77 87 68 87 66 60 78 93 97 67 0 53 68 62 79 59 52 52 21 39 54 35 27 84 61 62 91 91 89 95 95 96 96 93 93 93 93 93 94 94 94 94 94 94 95 95 95 95 95 95 95 95 89 107 83 83 119 0 67 105 94 94 56 95 100 97 97 99 99 99 99 99 99 99 99 100 100 100 100 100 100 100 100 101 101 101 100 100 101 101 101 101 101 101 102 102 102 102 102 102 104 104 93 0 104 104 105 105 105 105 105 106 106 105 105 105 105 102 106 94 93 78 66 73 100 59 84 53 56 39 72 77 73 79 79 83 82 91 97 102 100 97 96 89 96 89 85 83 77 88 74 85 91 100 96 90 100 96 96 95 97 100 102 102 102 104 104 101 104 106 105 106 104 105 102 105 104 99 100 99 99 99 97 96 93 87 87 84 87 78 64 90 87 82 81 70 83 78 77 74 91 31 84 87 83 76 71 94 84 94 101 77 104 96 89 105 106 99 108 99 94 89 101 105 106 106 107 105 105 111 106 107 102 87 30 0 107 113 108 106 107 110 110 111 108 106 101 106 107 100 96 100 100 96 87 90 96 104 108 0 110 111 113 107 99 100 102 116 113 116 116 107 78 0 0 0 0 0 73 95 89 100 89 95 105 93 101 99 93 100 95 100 93 90 95 91 95 96 93 100 95 96 102 99 96 94 95 96 88 95 89 90 91 89 90 74 81 71 87 91 85 72 89 93 93 85 85 78 83 79 73 77 0 84 77 73 0 0 74 81 67 64 0 77 81 0 70 90 88 78 70 77 105 73 73 106 91 76 81 118 89 59 3 8 68 94 77 106 110 120 113 19 104 91 108 91 0 78 106 58 47 52 62 12 45 27 19 30 31 31 37 37 37 37 37 37 38 36 33 22 60 76 59 66 120 125 96 94 62 74 76 47 91 70 64 110 0 21 0 0 89 117 100 127 119 113 112 119 87 105 119 100 78 94 94 97 83 79 100 104 90 82 76 -124 -1 -91 -128 -34 -44 -50 -39 -68 -50 -51 -63 -59 -83 -82 -41 -31 -26 -25 -56 -56 -61 -83 -64 -69 -59 -59 -65 -60 -65 -60 -56 -54 -69 -59 -67 -61 -61 -53 -46 -37 -18 -37 -49 -45 -23 -28 -53 -41 -46 -70 -67 -74 -63 -60 -45 -126 -72 -72 -64 -59 -61 -59 -51 -54
127 93 65 67 70 71 94 96 48 56 84 70 62 79 13 0 44 36 31 56 14 73 48 10 64 74 31 78 74 73 88 89 82 88 93 94 94 94 93 93 93 93 93 93 93 93 93 93 94 94 95 95 95 97 97 94 94 93 99 97 96 94 94 90 79 0 104 96 96 97 97 99 99 99 99 99 99 99 99 99 100 100 100 100 100 100 100 100 101 101 100 100 101 101 101 101 101 101 102 102 102 102 102 102 102 104 104 0 97 104 104 105 105 105 105 106 106 105 105 105 105 102 99 106 106 100 84 72 88 42 71 68 79 64 52 70 67 71 84 90 91 89 96 95 99 100 110 0 104 87 82 90 85 88 72 94 95 83 96 90 83 73 93 90 97 101 101 101 99 99 99 100 101 102 104 102 101 100 96 102 104 100 101 96 97 97 0 82 94 88 85 85 79 82 0 72 71 43 81 71 76 70 58 67 68 64 0 62 83 67 87 89 72 94 93 96 91 95 94 101 97 93 95 91 91 0 110 104 101 104 104 102 105 105 102 114 101 100 102 0 0 127 113 112 107 112 113 113 112 116 94 110 108 108 105 108 106 95 95 100 99 106 104 110 106 108 110 108 104 95 101 102 108 114 118 68 0 0 37 95 100 93 95 96 105 95 85 99 96 87 89 90 97 90 90 93 100 95 94 77 96 96 96 85 97 91 97 91 96 95 96 100 85 94 93 94 93 76 85 81 93 87 91 90 84 84 85 88 90 81 89 83 81 91 82 83 0 85 77 88 43 0 88 81 73 0 37 87 84 95 78 93 74 67 45 76 90 110 83 70 49 107 96 117 102 99 99 39 74 81 73 107 89 125 81 96 20 79 127 90 53 73 122 73 58 55 29 29 20 36 26 0 31 33 37 37 38 38 37 37 38 37 36 21 55 82 59 97 110 84 83 85 77 54 64 87 89 93 93 61 67 0 0 127 107 117 95 113 111 99 122 96 76 123 114 127 89 117 82 91 110 81 123 110 58 9 -128 -128 79 -1 -34 -35 -47 -55 -55 -77 -61 -65 -79 -63 -72 -50 -128 -26 -16 -45 -54 -37 -53 -79 -75 -60 -59 -63 -68 -59 -58 -58 -58 -60 -73 -58 -67 -56 -58 -64 -50 -64 -32 -44 -65 -40 -34 -22 -44 -32 -46 -67 -55 -84 -74 -63 -50 -78 -128 -59 -72 -56 -60 -59 -61 -53
56 61 68 52 45 70 87 65 68 93 100 74 68 81 0 22 0 0 0 38 53 65 52 54 0 53 22 29 39 50 85 99 97 90 90 90 90 93 93 93 93 93 94 94 94 94 94 94 95 95 96 96 96 96 95 95 99 88 99 97 96 96 99 99 99 111 102 108 0 12 97 99 99 106 94 99 99 99 99 99 99 99 99 100 100 100 100 101 101 101 101 101 101 101 101 101 101 101 102 102 102 102 102 102 102 102 99 105 105 105 105 105 105 105 105 105 105 106 106 105 105 106 106 106 104 102 95 87 73 56 54 96 48 65 88 73 76 82 76 66 56 64 79 89 100 94 95 102 90 99 99 94 93 85 93 83 89 101 99 90 91 88 101 96 89 97 99 96 90 96 99 99 100 100 101 102 97 100 96 95 99 97 95 96 94 91 85 77 84 70 78 64 67 2 49 84 77 83 74 66 78 78 71 71 70 81 0 91 89 90 90 89 90 88 76 83 101 96 97 95 99 87 83 88 96 102 101 104 104 104 104 104 104 105 105 105 102 110 89 82 0 0 0 0 110 93 101 114 112 110 112 112 113 108 104 99 99 105 105 97 99 96 95 0 100 111 111 111 113 106 110 108 106 0 0 25 107 102 114 100 102 97 96 93 83 90 94 94 94 93 94 95 94 94 93 93 93 93 91 95 94 93 56 89 95 81 81 94 93 93 96 93 94 94 95 93 97 95 85 94 90 76 93 72 84 71 87 84 85 90 79 81 93 83 83 0 61 89 85 77 0 0 77 61 71 61 87 93 77 76 96 73 111 96 79 113 88 78 108 76 97 116 106 108 65 91 59 49 56 0 0 10 0 0 0 83 101 96 77 66 95 117 74 38 85 68 58 30 31 22 26 35 29 60 42 -128 31 56 32 74 30 31 32 16 32 105 106 90 114 77 94 94 71 50 52 88 100 56 70 37 0 0 124 93 114 124 111 127 111 127 118 110 102 125 119 82 93 120 124 127 47 44 0 0 8 97 -1 -8 -22 -40 -49 -53 -65 -45 -60 -46 -39 -81 -42 -55 -63 -49 -36 -28 -58 -44 -40 -67 -73 -79 -58 -61 -63 -59 -64 -58 -72 -59 -63 -56 -56 -59 -55 -59 -61 -58 -74 -49 -55 -54 -42 -18 -32 -25 -27 -30 -64 -53 -79 -72 -65 -56 -67 -60 -51 -54 -60 -60 -59 -59 -55 -54
127 93 73 99 65 85 59 73 52 61 70 83 85 84 72 0 0 43 0 0 0 38 52 45 3 47 94 72 38 83 76 66 91 82 90 90 90 90 93 93 93 93 94 94 94 94 94 94 95 95 96 96 96 96 96 95 95 88 94 89 97 96 96 99 99 99 0 94 105 94 108 89 0 83 101 99 99 99 99 99 99 99 97 97 100 100 100 100 101 101 101 101 101 101 101 101 101 101 102 102 102 102 102 102 102 102 102 106 100 105 105 105 105 105 105 105 105 106 106 105 105 106 106 106 106 107 105 99 87 81 73 82 62 71 74 73 74 84 90 94 85 66 66 54 70 85 81 84 83 83 83 76 89 85 96 83 89 82 88 91 96 91 93 77 89 99 91 88 88 91 91 93 94 93 89 89 93 99 95 96 94 88 93 90 84 77 0 0 0 0 6 0 0 13 53 60 74 71 59 76 71 78 81 82 84 89 72 32 84 89 87 90 91 88 94 91 85 82 82 90 90 88 90 93 97 14 100 104 104 104 104 104 104 104 104 104 102 99 97 94 91 84 71 0 0 0 0 8 93 107 97 104 106 105 100 106 106 107 102 97 99 107 108 96 96 105 96 95 101 101 111 61 0 0 31 90 90 100 96 111 99 97 95 94 90 93 95 90 88 93 93 94 93 93 90 90 93 93 88 91 91 90 88 95 95 82 81 97 91 91 93 89 94 91 78 87 78 82 78 87 66 66 77 74 74 85 89 89 81 70 84 79 89 78 76 0 78 91 87 88 83 36 13 7 0 88 88 87 90 95 90 70 68 66 87 88 94 83 65 85 97 99 102 111 78 83 113 99 0 53 78 95 102 77 106 10 96 94 87 79 94 0 105 72 72 53 47 47 21 30 1 0 0 38 20 -44 -35 61 42 87 30 42 38 37 35 38 81 72 106 50 84 90 96 49 36 33 47 55 42 45 0 0 110 105 120 118 116 119 113 127 101 89 79 114 118 94 95 104 105 43 0 48 56 66 -93 -1 -1 -1 -28 -41 -34 -49 -50 -32 -44 -39 -30 -73 -49 -64 -56 -46 -37 -18 -34 -26 -45 -68 -77 -79 -70 -60 -63 -61 -65 -56 -61 -55 -68 -55 -64 -55 -58 -56 -64 -65 -68 -61 -55 -61 -59 -26 -47 -34 -34 -32 -51 -40 -56 -55 -56 -63 -58 -56 -63 -73 -58 -60 -59 -61 -56 -53
70 66 77 65 88 72 68 84 82 68 58 82 68 87 62 50 41 74 79 0 0 70 25 68 25 18 21 33 26 83 56 84 78 83 88 91 91 93 93 93 93 93 94 94 95 95 95 95 95 95 95 95 95 95 95 95 94 99 91 96 97 97 100 100 100 101 88 97 97 97 97 100 100 84 30 0 90 107 100 101 89 102 90 99 99 100 100 100 100 100 101 101 102 102 101 101 102 102 102 102 104 104 102 102 102 102 0 110 105 105 104 104 104 104 104 102 105 105 107 105 105 106 106 106 106 106 106 106 106 108 83 66 61 71 81 88 88 93 93 93 99 87 81 79 91 74 0 84 95 81 87 90 89 81 88 90 91 85 91 101 93 95 95 93 93 79 93 83 91 84 83 93 93 91 91 99 94 95 93 94 93 93 89 91 8 10 67 72 62 62 68 74 64 67 78 84 81 78 76 76 68 68 79 85 82 81 60 81 88 89 82 89 79 85 84 83 84 73 85 78 84 91 88 101 100 105 102 102 102 102 102 102 102 104 104 99 96 90 94 100 100 97 95 99 73 32 0 0 0 26 93 106 100 105 108 110 99 104 97 101 105 93 101 0 101 102 99 87 82 82 0 0 45 104 105 102 101 100 99 99 96 97 93 90 91 93 89 94 91 91 93 94 91 89 87 83 90 87 87 90 85 87 0 82 88 79 91 89 88 90 89 90 88 87 87 88 85 84 93 85 77 78 74 77 89 72 95 82 87 72 74 85 71 95 66 0 88 91 87 85 49 48 78 61 88 97 94 89 88 89 85 52 94 55 93 85 78 107 67 81 110 104 111 119 106 125 94 113 110 97 91 105 106 99 7 111 112 91 95 88 116 94 70 78 94 52 41 59 13 14 -84 8 -16 -63 -107 -1 -128 -58 -17 52 35 27 31 50 42 77 85 77 35 61 95 81 29 53 9 29 59 87 65 0 105 71 104 122 117 93 107 111 108 104 93 97 127 108 83 59 0 95 106 107 58 83 49 0 -1 -1 -1 -4 -26 -22 -45 -44 -39 -39 -53 -35 -56 -69 -50 -59 -56 -40 -128 -16 -47 -55 -59 -77 -79 -63 -64 -59 -63 -63 -63 -54 -56 -70 -67 -58 -58 -58 -56 -64 -64 -61 -59 -56 -56 -44 -61 -41 -26 -28 -26 -27 -34 -49 -73 -68 -56 -50 -59 -59 -96 -47 -60 -60 -59 -60 -56 -55
127 79 93 89 89 77 76 81 72 88 59 71 96 62 83 82 52 87 94 77 87 0 0 0 50 64 24 49 47 21 87 89 76 68 90 93 91 91 93 93 93 93 94 94 95 95 95 95 95 95 95 95 95 95 95 95 95 93 88 94 99 97 97 99 99 100 79 97 97 97 97 97 97 79 94 112 106 107 97 43 0 93 91 108 99 99 100 100 100 100 101 101 100 100 101 101 102 102 102 102 104 104 104 102 102 102 102 111 102 105 105 104 104 104 104 104 104 104 105 105 105 106 106 106 106 102 102 102 105 105 101 93 94 87 79 79 85 96 84 95 97 94 93 82 73 65 55 64 61 71 89 85 94 89 107 91 88 90 90 88 93 88 90 88 84 97 95 93 97 97 97 85 104 85 91 91 91 95 94 93 90 89 54 2 68 66 56 79 84 83 82 82 82 81 74 68 64 71 68 71 77 79 79 83 87 79 62 15 84 72 81 83 81 84 82 82 90 81 83 77 94 104 89 105 96 88 102 100 100 100 102 102 102 102 104 104 105 102 101 93 96 97 107 82 81 102 83 87 93 59 0 0 114 104 107 101 104 108 111 111 35 102 106 107 106 102 110 104 0 0 24 104 96 96 101 105 104 99 97 96 96 94 91 89 89 90 91 90 85 90 91 90 89 90 83 85 81 89 81 89 85 81 84 79 88 93 88 91 88 91 88 91 83 85 76 91 90 88 96 93 87 76 90 93 85 107 97 104 70 91 71 78 74 82 0 25 90 94 84 94 91 87 26 81 90 81 94 83 85 85 61 48 66 108 84 107 77 97 95 110 114 101 89 124 102 96 112 118 90 76 74 106 101 0 83 79 68 118 93 102 106 117 79 62 100 35 62 9 20 0 -69 -1 97 104 -1 114 -1 -1 -54 -89 39 19 22 52 55 68 82 81 59 33 66 107 58 38 41 31 21 54 0 0 106 125 113 93 93 110 101 82 95 102 84 82 0 79 88 106 122 117 111 81 87 55 42 -1 113 -1 94 -4 -30 -36 -26 -39 -64 -47 -54 -60 -41 -68 -42 -65 -34 -36 -26 -115 -17 -59 -53 -78 -78 -56 -58 -63 -64 -59 -68 -68 -78 -63 -55 -60 -55 -60 -60 -63 -55 -59 -72 -61 -59 -59 -59 -36 -21 -32 -31 -20 -39 -58 -64 -35 -30 -59 -65 -63 -60 -128 -68 -60 -59 -56 -58 -54
67 73 77 95 68 65 59 85 68 82 83 76 87 93 81 67 78 95 71 77 83 0 0 0 62 65 90 26 38 48 39 83 78 87 91 91 93 93 93 93 94 95 95 95 95 95 95 95 95 95 95 95 96 96 94 94 95 95 96 96 96 96 95 95 95 0 85 97 97 97 97 97 97 97 97 97 97 99 99 99 99 105 31 0 107 94 96 102 106 101 99 106 95 105 101 101 101 101 102 102 104 104 104 104 96 101 97 112 105 102 106 105 105 104 102 106 104 107 101 105 105 107 110 106 105 106 106 106 108 107 107 110 78 90 81 90 91 90 94 101 99 94 81 88 73 73 0 67 82 113 96 93 96 85 81 99 101 101 100 101 88 101 96 101 101 97 102 100 96 85 78 76 79 81 91 96 88 95 95 91 85 0 82 88 85 67 100 87 79 81 82 82 77 76 76 73 60 67 76 76 77 77 79 77 78 87 77 0 72 74 76 76 74 78 83 85 76 89 76 96 101 97 99 101 100 102 102 102 102 101 101 101 101 101 101 102 102 102 104 101 102 100 84 99 84 87 93 91 97 94 19 0 0 101 99 85 0 0 0 0 73 119 110 0 108 108 49 0 0 102 101 106 99 91 99 100 97 97 96 90 91 85 91 91 95 99 90 90 97 83 94 89 77 76 71 76 74 88 84 74 77 79 0 72 79 81 90 83 84 81 91 79 82 91 99 91 85 82 84 78 70 85 88 93 96 96 81 71 83 74 90 88 91 0 93 94 99 79 77 91 78 91 95 85 99 84 64 67 85 99 77 64 68 84 97 94 88 102 104 114 99 94 83 119 88 124 96 120 111 72 87 118 60 0 117 111 78 100 76 102 89 0 73 90 45 45 36 6 0 -128 76 -1 -1 -1 -1 -1 -1 -1 71 -128 30 10 20 65 78 95 66 66 48 39 48 82 10 52 36 27 43 0 0 79 90 107 96 104 95 99 101 83 0 45 62 96 102 101 113 101 116 104 97 78 66 76 -128 -1 107 -1 -1 -11 -28 -35 -44 -63 -37 -35 -61 -46 -50 -40 -53 -36 -18 -13 -14 -28 -51 -37 -78 -72 -60 -59 -67 -58 -64 -64 -61 -56 -55 -56 -67 -65 -55 -61 -58 -55 -59 -63 -59 -63 -59 -56 -50 -25 -44 -41 -23 -25 -35 -67 -34 -22 -27 -75 -74 -69 -72 -78 -60 -47 -59 -59 -60 -51
127 45 84 61 62 71 61 85 84 70 79 53 55 66 71 59 67 78 65 83 66 72 0 26 30 25 73 18 20 13 79 42 45 87 93 93 72 91 93 93 93 95 95 95 95 95 95 95 95 95 95 95 95 96 96 96 96 95 95 96 96 96 96 95 95 85 96 96 96 97 97 97 97 97 97 97 97 97 97 97 99 99 104 88 96 96 15 0 99 106 94 111 108 101 100 100 101 101 102 102 102 104 102 104 104 105 0 105 110 105 106 104 106 105 102 101 102 99 105 105 105 105 104 102 107 106 106 106 107 108 107 107 111 97 91 99 95 99 105 97 99 99 95 96 89 93 81 82 89 77 73 93 79 79 84 97 102 104 104 95 102 106 101 101 100 100 101 96 99 94 104 99 100 102 101 99 90 96 95 91 93 0 89 81 82 83 85 81 82 76 85 84 76 81 77 71 72 68 60 73 78 78 88 79 73 82 84 87 0 72 84 73 81 82 77 72 76 70 99 100 100 96 97 97 104 101 101 101 101 101 101 101 101 101 101 101 102 102 106 105 102 101 95 94 94 97 91 94 94 95 87 90 1 0 0 0 0 0 47 73 0 104 114 91 100 0 0 0 105 102 100 104 96 94 99 99 97 96 96 94 91 91 90 89 89 89 90 85 78 71 89 68 56 78 72 76 79 84 79 71 81 82 87 79 71 76 91 94 82 90 88 90 82 88 87 87 93 87 89 85 83 89 90 93 94 100 79 93 93 66 91 88 90 79 89 93 89 74 90 90 88 93 0 101 89 94 54 68 106 91 61 81 96 87 81 104 107 82 104 116 113 91 110 90 83 72 105 100 123 74 127 113 85 0 123 110 118 105 124 107 88 117 77 72 68 26 29 30 0 -128 -1 104 -1 -1 -1 -1 -1 -1 104 -1 -128 30 38 44 91 111 81 47 44 32 26 39 26 43 44 53 29 0 0 74 88 82 0 104 111 0 21 108 52 70 68 68 113 83 97 123 110 113 102 101 79 58 66 -111 -1 96 -1 -1 -23 -37 -44 -46 -46 -37 -63 -51 -51 -41 -23 -53 -46 -18 -40 -8 -54 -50 -73 -81 -65 -61 -64 -58 -81 -63 -58 -56 -50 -54 -55 -56 -56 -70 -58 -63 -54 -55 -61 -60 -59 -59 -56 -23 -37 -27 -16 -21 -22 -47 -26 -4 -46 -65 -72 -77 -50 -61 -69 -50 -59 -58 -60 -55
64 66 83 83 65 90 83 77 94 72 84 66 97 83 67 91 87 61 90 66 35 0 0 59 59 44 25 22 56 21 36 20 38 72 77 91 94 93 93 93 94 95 95 95 95 95 95 95 95 95 95 95 96 96 96 96 95 95 96 96 96 96 95 95 95 99 101 95 95 97 97 97 97 97 97 97 97 96 96 99 99 96 99 94 97 101 100 88 100 93 68 0 84 99 99 99 101 101 102 102 101 101 104 104 91 101 106 107 106 100 93 105 105 104 102 100 101 102 108 105 105 106 104 106 105 106 106 106 108 107 107 106 107 104 90 93 102 93 81 83 99 94 88 82 85 89 64 90 100 73 91 102 107 112 111 95 101 108 108 105 104 104 101 96 91 68 62 95 91 99 90 97 96 94 93 87 87 85 78 8 78 87 93 84 87 0 87 81 83 84 82 78 73 52 66 74 77 79 66 84 77 62 50 78 78 64 27 66 82 91 90 93 78 78 83 91 90 99 102 96 97 96 94 95 56 100 100 100 100 101 101 101 101 101 101 102 102 104 100 90 101 96 89 99 87 91 97 97 95 97 102 93 88 88 90 95 96 97 93 0 0 0 0 0 0 32 87 83 96 104 100 97 96 94 95 97 95 95 94 91 93 90 87 71 79 91 77 85 81 85 77 66 97 78 72 82 82 81 79 83 90 78 0 79 89 96 88 87 93 90 88 81 74 72 91 90 93 89 83 74 81 91 79 66 79 76 72 82 88 88 91 89 87 0 95 93 85 94 83 93 89 93 83 84 64 74 76 105 89 59 93 101 54 67 82 52 100 113 118 72 84 107 105 89 107 110 104 94 125 83 104 123 0 62 85 91 124 94 127 102 107 91 64 77 43 25 24 2 -1 101 -1 -1 -1 -1 -1 -1 -1 96 -1 -124 36 44 59 114 120 71 97 41 38 20 8 20 30 39 25 20 3 -94 37 32 0 101 112 60 71 53 60 72 74 67 100 97 96 104 106 108 97 118 124 70 47 37 67 -1 89 -1 -1 -8 -37 -42 -41 -54 -49 -42 -60 -45 -56 -34 -44 -46 -50 -25 -17 -128 -56 -74 -86 -61 -61 -64 -58 -67 -58 -45 -39 -55 -51 -44 -53 -47 -63 -73 -59 -55 -68 -68 -59 -60 -56 -61 -45 -37 -25 -14 -17 -12 -12 -17 -8 -42 -68 -68 -81 -59 -70 -54 -79 -61 -59 -59 -56 -54
127 89 74 83 56 74 52 59 48 65 65 70 82 72 71 95 72 70 76 61 58 0 19 54 99 62 47 45 38 20 20 45 38 96 90 93 95 90 91 94 94 94 94 94 95 95 95 95 95 95 95 95 95 94 97 95 95 96 96 96 96 95 95 91 94 29 97 96 96 95 95 97 97 97 97 97 97 97 97 97 97 97 99 99 99 99 99 99 99 99 99 99 94 102 78 0 47 105 114 95 108 91 112 99 106 94 105 96 105 104 101 88 101 94 96 106 99 104 101 105 97 101 104 100 102 105 106 107 107 107 107 107 107 107 108 102 105 79 76 84 91 90 87 81 82 87 0 42 82 105 111 111 111 108 112 113 108 104 107 110 108 102 84 70 73 85 100 95 93 94 93 87 88 94 95 95 96 95 90 0 99 94 93 91 79 94 85 88 82 76 71 73 68 59 45 55 62 56 55 76 53 64 72 45 44 53 18 54 55 81 95 95 83 81 87 95 93 95 95 94 94 104 105 100 100 100 100 100 100 100 100 100 101 101 99 101 102 105 104 99 102 99 91 100 99 99 94 94 91 100 101 100 87 89 93 91 99 100 88 96 12 0 0 0 0 116 105 99 107 100 94 100 99 97 95 94 93 91 90 89 88 91 93 81 65 83 73 73 70 77 89 76 89 73 74 71 85 90 84 84 82 87 89 82 84 89 87 91 89 89 90 83 79 79 84 87 87 87 88 53 73 74 77 58 81 81 82 84 85 94 71 91 79 96 0 78 97 88 90 79 87 89 53 66 95 41 82 85 79 64 91 118 62 72 91 1 62 110 100 88 89 127 116 117 105 85 78 104 117 90 97 102 85 81 31 45 120 113 105 81 113 64 0 43 52 22 14 0 -1 -1 91 -1 -1 -1 -1 -1 -1 -1 -1 -58 15 58 62 88 73 125 108 81 29 43 16 42 26 4 33 19 0 -128 -35 61 95 64 101 91 64 68 66 55 59 50 65 102 120 112 108 116 127 107 124 106 62 62 52 -128 -1 -1 -1 -12 -1 -11 -45 -44 -46 -45 -44 -47 -34 -31 -31 -30 -51 -31 -16 -67 -32 -65 -79 -69 -58 -59 -59 -65 -65 -51 -39 -68 -37 -44 -51 -46 -54 -77 -61 -58 -55 -42 -63 -56 -59 -63 -46 -39 -25 -22 -14 -13 -9 -21 -18 -40 -56 -73 -73 -65 -59 -55 -58 -61 -60 -59 -60 -56
64 87 87 87 94 66 74 62 68 76 67 67 79 87 85 68 72 73 59 59 0 35 0 79 44 48 59 66 6 50 14 78 48 62 83 94 90 91 93 94 94 94 94 94 95 95 95 95 95 95 95 95 96 91 85 94 96 96 96 96 95 95 100 99 1 97 100 96 96 95 95 97 97 97 97 97 97 97 97 97 97 99 99 99 99 99 99 99 99 99 99 99 112 79 107 99 94 91 0 15 111 97 113 100 102 0 107 94 82 100 87 97 106 105 101 104 104 107 108 101 105 105 110 105 106 105 107 107 107 107 107 107 107 110 111 107 112 107 101 88 79 89 84 99 95 90 15 -128 94 119 110 106 105 106 108 110 112 110 112 108 100 95 90 101 94 94 102 95 90 85 88 91 91 96 96 96 87 73 10 88 90 91 85 84 79 0 79 83 81 74 68 70 56 65 61 79 83 76 72 72 66 73 76 71 72 52 0 88 87 74 89 66 78 96 104 99 97 93 88 89 96 96 95 97 0 100 100 100 100 100 100 99 99 99 100 102 104 102 102 105 104 99 102 96 94 96 97 99 102 102 101 85 99 96 97 101 101 87 106 105 94 105 85 13 96 113 111 101 97 93 97 99 97 95 94 90 89 87 85 89 90 65 67 72 85 74 77 60 66 87 81 85 91 81 84 85 95 76 91 87 82 72 78 79 84 88 87 88 85 84 68 77 78 82 84 88 91 81 65 62 60 79 81 90 88 60 68 82 91 93 95 62 101 0 78 94 89 67 77 95 93 88 39 66 91 102 67 43 79 77 94 78 48 15 52 29 56 105 117 119 123 90 127 110 95 79 104 74 114 125 78 96 81 108 0 0 111 91 74 120 73 85 52 21 36 1 2 -98 -1 97 -1 -1 -1 -1 -1 -1 -1 -1 -1 0 39 52 52 68 112 107 56 56 71 25 12 41 0 0 27 26 -128 -97 33 66 67 64 0 76 73 73 61 55 44 66 78 100 84 78 110 127 97 113 106 82 64 68 -128 -128 -1 -1 -1 -1 -12 -34 -49 -46 -39 -40 -36 -34 -51 -35 -37 -36 -18 -17 -46 -26 -63 -69 -78 -61 -61 -58 -67 -73 -47 -28 -56 -36 -27 -59 -50 -54 -70 -75 -58 -58 -49 -56 -58 -56 -58 -51 -44 -32 -25 -25 -13 -13 -28 -14 -41 -47 -68 -64 -79 -63 -60 -59 -128 -53 -60 -59 -56 -64
127 88 49 71 85 56 49 67 83 99 59 82 77 73 60 85 81 79 82 76 73 0 0 29 29 52 72 18 70 52 65 43 59 68 22 93 84 89 91 94 94 94 91 94 94 94 95 95 95 95 95 95 95 94 94 91 81 95 95 95 95 95 95 90 91 96 96 96 96 95 95 96 96 97 97 99 99 99 97 97 97 97 97 97 97 97 99 99 96 100 97 99 97 101 99 97 96 99 95 101 90 101 93 74 0 39 90 105 105 114 84 106 104 111 111 84 100 95 100 105 106 110 106 94 102 99 107 106 107 108 107 107 107 107 107 107 107 107 108 108 107 107 107 107 101 105 0 -105 -128 112 108 108 108 110 110 110 110 111 95 88 106 99 97 97 93 70 61 62 58 59 83 77 90 99 100 93 84 4 93 97 97 91 89 85 72 67 78 60 81 73 78 66 66 70 64 71 72 62 83 81 78 74 74 70 72 77 77 0 88 91 90 97 104 93 95 95 95 97 97 94 94 89 94 96 94 99 100 99 99 99 100 101 99 99 100 102 104 104 101 101 102 102 102 101 94 97 107 106 105 101 108 106 99 101 101 85 95 104 108 107 106 111 114 111 108 108 112 106 105 100 101 97 97 95 94 89 87 79 76 61 81 72 52 82 104 61 72 78 95 99 78 91 105 97 95 97 91 89 88 85 72 85 77 73 85 88 85 89 88 82 79 87 81 81 88 78 79 91 58 47 67 55 91 77 77 70 48 72 83 89 83 65 93 8 48 68 62 96 90 60 62 64 76 107 74 85 79 62 79 76 73 70 127 33 0 97 96 0 102 95 118 85 87 77 127 96 104 76 94 113 72 101 112 122 119 89 19 0 27 0 64 117 0 27 8 20 4 -128 -1 -1 -1 -1 -1 -1 -1 -1 -1 102 -78 9 7 87 25 71 81 112 93 0 0 25 43 37 0 30 26 0 0 -1 -23 -63 47 -128 14 54 74 114 47 59 61 76 74 94 106 93 100 123 122 100 123 102 108 90 20 -1 95 107 -1 -1 -1 -1 -31 -40 -49 -39 -49 -35 -35 -55 -35 -20 -23 -21 -44 -28 -78 -36 -58 -56 -56 -59 -64 -56 -54 -45 -67 -31 -60 -47 -46 -41 -47 -59 -58 -75 -72 -58 -73 -64 -65 -54 -54 -34 -26 -22 -14 -14 -14 -21 -32 -58 -60 -73 -73 -75 -60 -59 -58 -128 -54 -59 -64 -55
52 68 93 68 64 83 72 85 85 84 94 76 64 81 88 74 82 77 82 91 0 0 16 18 39 32 38 43 33 7 26 50 19 52 56 70 70 91 90 93 94 94 93 94 94 94 95 95 95 95 94 94 94 94 91 97 94 94 95 95 95 95 93 89 102 96 96 96 96 95 95 96 96 96 96 97 97 97 97 97 97 97 97 97 97 97 97 99 96 99 97 96 93 99 97 99 97 97 100 97 97 105 94 95 81 93 94 0 0 102 91 82 81 102 93 87 105 96 95 96 96 96 95 100 106 102 107 106 108 107 107 107 107 107 107 107 107 108 108 108 108 108 110 110 105 50 77 -56 95 105 108 108 110 110 110 110 108 107 116 108 101 97 97 97 71 81 78 83 77 74 101 88 78 85 79 78 0 94 101 101 96 76 76 90 82 58 70 62 62 79 61 67 68 71 68 66 87 68 61 47 66 71 71 77 78 76 85 0 83 78 91 85 91 84 94 94 94 96 96 93 99 97 94 93 0 100 99 99 99 99 101 99 99 100 101 102 102 100 100 100 99 105 106 105 107 108 104 105 106 106 102 105 104 101 96 91 107 96 107 112 116 113 113 50 110 100 102 91 100 106 99 97 96 93 91 90 85 71 78 93 81 68 82 87 44 72 79 91 67 61 82 88 78 89 71 89 72 88 81 79 73 77 85 87 79 74 83 82 68 79 73 71 61 82 72 77 87 82 71 77 70 78 71 64 60 77 77 85 84 84 85 97 70 73 52 66 95 55 53 66 88 82 0 101 90 99 56 60 99 97 99 54 13 0 72 93 107 60 0 0 0 0 24 117 102 102 96 96 88 89 120 112 87 71 74 76 77 84 93 31 65 37 16 15 12 0 0 -1 -1 -1 -1 -1 -1 -1 -1 -1 104 -1 22 13 65 50 38 0 0 74 43 13 6 12 15 -103 -128 -128 -96 65 66 65 -1 -51 13 -17 0 -119 -119 33 -128 74 96 67 58 76 78 73 108 111 127 104 124 99 82 79 -55 -128 -112 -50 -1 111 -1 -1 -28 -42 -50 -42 -34 -53 -51 -39 -26 -21 -21 -39 -30 -40 -128 -35 -63 -60 -67 -61 -54 -46 -36 -64 -37 -50 -53 -44 -42 -40 -46 -46 -51 -59 -53 -61 -56 -61 -53 -42 -45 -45 -20 -13 -13 -16 -14 -32 -55 -64 -74 -73 -67 -61 -56 -55 -65 -46 -59 -61 -56 -42
127 35 83 91 84 88 74 0 64 85 81 67 71 60 77 72 56 53 70 68 32 0 44 26 44 42 27 9 4 41 45 38 13 33 8 42 55 94 83 96 94 94 91 94 94 94 95 95 95 95 93 93 93 94 94 96 96 93 93 95 95 95 95 90 0 96 96 96 96 95 95 96 96 95 95 96 96 96 97 97 97 97 97 97 97 97 96 96 99 94 97 95 96 97 95 94 94 97 100 94 91 95 104 102 110 0 100 87 100 97 99 64 0 58 106 107 105 91 107 102 102 111 90 90 104 97 101 100 107 108 107 107 107 107 107 107 107 107 108 108 111 111 111 111 104 107 124 93 -128 114 108 108 108 110 110 110 110 110 107 108 100 99 97 97 88 96 96 84 87 96 87 83 83 77 67 85 29 94 93 104 88 64 64 55 60 38 83 76 70 76 64 64 71 74 73 73 87 74 79 59 73 65 67 87 76 78 78 81 0 59 89 91 97 94 90 93 93 93 96 74 78 76 97 97 88 84 102 99 99 99 100 101 99 99 100 102 101 101 99 99 101 99 97 101 101 100 100 99 100 104 100 104 101 106 105 111 108 107 106 114 112 108 110 106 104 83 100 87 89 95 102 100 97 93 91 90 85 88 61 72 65 77 62 79 96 84 93 95 99 95 96 104 95 99 88 94 55 106 62 64 72 100 87 0 87 65 76 85 79 82 72 72 62 77 77 88 83 94 65 79 52 97 60 53 60 93 87 85 76 84 100 106 89 97 94 9 72 94 65 73 82 85 110 112 48 70 55 76 101 61 104 88 1 60 70 79 97 117 99 54 71 0 32 95 73 114 120 64 119 105 113 113 105 65 82 116 62 120 111 0 97 94 55 49 9 15 13 -1 -1 -1 -1 -1 -1 -1 -1 -1 91 -17 0 0 0 83 32 41 70 58 15 21 31 0 -128 0 -1 -1 -1 -1 99 -1 -4 -1 -128 -46 -128 -128 -35 0 -37 47 64 71 66 56 74 74 91 105 105 118 111 119 123 108 88 64 52 -1 -18 122 -1 -1 -2 -32 -53 -34 -44 -60 -44 -31 -39 -23 -35 -28 -28 -13 -51 -41 -68 -50 -70 -64 -58 -41 -35 -54 -37 -42 -45 -45 -42 -34 -41 -41 -32 -86 -59 -54 -55 -60 -59 -50 -42 -39 -25 -25 -16 -13 -21 -20 -49 -56 -65 -69 -67 -56 -56 -55 -54 -53 -50 -44 -56 -37
66 76 0 0 0 0 0 0 0 0 58 62 90 89 60 78 87 82 77 67 0 0 35 37 14 32 52 36 41 56 21 36 50 62 73 77 82 81 82 95 93 93 94 94 94 94 94 94 94 94 94 94 94 94 94 94 93 93 97 84 95 97 96 82 97 95 95 95 95 96 96 96 96 96 96 96 96 96 96 97 97 97 97 97 97 97 97 101 99 101 96 91 95 100 99 99 100 101 91 100 101 101 95 99 99 106 93 97 96 106 97 93 99 111 93 94 100 0 22 102 93 99 116 111 96 105 108 107 107 107 107 107 110 107 107 107 107 108 108 108 110 110 108 110 108 0 104 -128 95 108 108 108 110 110 108 108 108 107 100 102 99 95 77 83 96 83 83 91 93 93 93 81 79 73 49 73 67 77 77 72 72 68 76 81 59 67 68 71 76 76 76 74 76 76 72 64 70 58 74 66 77 61 55 61 62 87 76 82 81 0 96 72 93 68 96 87 89 85 71 85 94 99 83 94 0 100 85 99 99 99 99 99 99 100 100 101 101 100 99 100 97 97 97 97 97 97 96 96 95 93 94 99 100 95 84 105 95 87 108 106 105 102 101 47 84 91 97 99 99 101 100 95 88 94 87 85 78 72 76 55 58 100 102 99 99 99 99 101 101 101 101 101 101 99 99 85 90 100 100 90 91 76 76 68 89 93 84 77 49 71 67 70 64 96 83 66 49 49 56 72 93 65 85 76 90 90 89 87 82 112 97 62 79 95 67 0 112 100 89 72 96 96 43 106 85 84 76 97 106 66 29 30 106 71 71 116 67 50 38 67 39 64 101 125 105 82 72 77 50 95 77 101 48 48 79 56 67 113 97 20 0 53 0 0 -116 -1 -1 -1 -1 -1 -1 -1 -1 -93 -128 -1 -1 14 8 64 73 78 32 47 44 14 26 2 -128 -1 -8 -1 112 97 -1 -1 -1 -1 -1 -1 -49 -1 -8 101 101 -1 -128 47 54 77 56 53 61 74 97 112 123 123 116 122 95 118 105 33 113 119 88 -128 -1 95 -1 -18 -63 -32 -47 -39 -37 -49 -40 -14 -45 -41 -22 -55 -31 -22 -40 -67 -46 -44 -54 -39 -56 -27 -40 -14 -49 -30 -22 -20 -37 -44 -70 -55 -59 -56 -49 -50 -32 -49 -49 -40 -31 -25 -17 -12 -34 -40 -56 -51 -63 -75 -61 -60 -59 -61 -42 -51 -27 -28 -9 -61
127 25 0 0 49 54 65 82 77 3 0 29 77 67 82 79 67 70 83 64 14 0 65 15 36 10 32 64 31 73 74 49 38 60 25 61 85 72 68 91 93 93 94 94 94 94 94 94 94 94 94 94 94 94 94 94 94 94 94 96 88 88 96 90 94 95 95 95 95 96 96 96 96 96 96 96 96 96 96 96 97 97 97 97 97 97 97 97 96 96 91 95 96 99 99 96 99 99 96 99 97 96 97 101 100 95 97 97 95 100 100 102 99 99 104 108 96 81 101 93 111 62 0 47 104 110 104 97 107 108 107 107 108 110 107 107 107 107 108 108 110 110 108 108 105 0 118 0 -46 116 108 108 108 110 110 108 108 96 87 91 96 89 72 91 82 78 72 78 84 90 99 101 89 84 47 71 82 87 72 66 79 77 74 68 66 0 71 73 81 77 76 78 83 81 78 76 76 82 71 70 81 73 67 64 74 73 87 88 97 88 0 67 95 91 88 83 89 91 79 82 85 74 81 78 74 77 97 100 96 100 99 99 97 100 100 100 101 101 99 95 96 95 96 96 96 96 95 95 95 94 90 96 100 83 93 99 82 97 104 104 101 100 97 90 95 94 91 97 97 99 99 91 85 93 89 85 76 59 72 53 67 99 104 105 97 97 97 97 101 101 101 101 99 101 100 101 99 84 87 76 74 61 64 0 99 84 66 70 59 73 70 71 85 66 83 49 60 73 91 97 89 71 87 61 74 90 83 78 78 110 91 79 91 94 84 30 1 70 76 95 112 119 102 104 68 104 100 89 104 0 68 68 96 100 112 93 96 61 31 90 56 47 110 120 65 81 85 83 81 62 65 71 91 70 99 61 95 106 107 50 66 0 20 0 -89 79 84 -1 110 0 0 79 95 105 -1 -1 -128 0 31 64 19 48 32 32 47 0 10 0 -128 -50 -1 111 96 -1 -1 -1 -1 -1 -1 -1 41 -1 89 101 -1 107 81 -128 60 65 95 54 68 76 99 119 106 111 90 116 117 123 112 106 90 100 119 47 77 -1 -22 -18 -31 -28 -54 -44 -40 -36 -41 -21 -39 -20 -25 -17 -47 -128 -32 -55 -63 -50 -49 -54 -37 -32 -34 -31 -34 -34 -22 -25 -45 -60 -58 -59 -70 -58 -49 -49 -47 -51 -56 -37 -35 -32 -27 -22 -35 -35 -55 -56 -61 -67 -64 -59 -59 -55 -47 -25 -128 -21 -20 -65
0 0 88 77 78 87 79 73 0 0 0 77 73 68 78 93 61 72 60 0 0 59 18 42 30 22 18 35 48 44 27 32 48 36 62 52 54 71 88 90 91 93 93 93 94 94 94 94 94 94 94 94 94 94 94 94 94 94 94 94 94 91 89 0 96 95 90 96 96 96 96 96 96 96 96 96 96 96 96 96 96 97 97 97 97 96 96 96 99 89 97 94 97 97 95 96 97 97 99 95 96 97 99 99 0 91 100 100 100 99 99 88 104 99 96 94 107 106 100 106 93 102 108 105 96 25 0 0 105 107 110 114 111 112 102 97 111 108 108 108 108 108 108 108 116 120 97 -93 78 101 110 110 110 110 111 108 112 102 105 95 67 70 78 66 70 82 84 79 87 88 104 72 94 16 77 87 72 73 70 85 82 74 74 76 78 78 81 81 79 77 79 79 79 79 73 79 77 77 72 79 73 74 72 77 89 87 89 89 96 65 32 43 85 87 85 82 78 93 94 88 89 70 88 88 0 76 96 102 104 97 97 95 101 99 99 101 101 99 97 96 96 96 96 96 95 96 94 93 91 91 99 96 94 96 93 95 95 101 100 100 97 96 94 76 82 93 93 89 97 99 88 89 95 91 88 77 64 56 42 83 96 99 99 97 104 105 91 87 102 120 119 110 104 90 99 108 95 94 85 87 61 68 90 94 83 72 93 77 97 77 52 95 59 76 47 65 87 95 99 93 72 66 70 97 74 78 66 87 106 91 101 87 90 101 60 3 0 110 127 112 111 106 113 113 122 111 90 50 56 37 84 125 127 78 74 87 12 52 41 54 49 112 93 110 97 88 65 78 48 58 68 65 85 68 55 70 97 114 93 19 36 0 -128 -1 -126 -128 -31 -1 -1 -1 -1 106 -1 -1 108 -20 12 24 13 21 30 50 22 31 26 8 0 -25 -1 -1 -1 -1 -1 -1 -1 -1 -1 -1 -1 -1 -1 -1 -1 -128 -1 74 -32 100 24 61 58 54 56 87 105 118 113 105 120 123 101 107 119 84 117 125 107 112 120 122 -74 -128 -17 -1 -37 -36 -37 -36 -40 -36 -28 -45 -22 -51 -22 -70 -44 -65 -47 -49 -46 -50 -37 -40 -22 -26 -16 -30 -11 -53 -53 -56 -75 -61 -55 -47 -44 -58 -44 -46 -37 -25 -26 -39 -26 -40 -42 -53 -56 -59 -67 -61 -61 -58 -58 -35 -20 -14 -28 -37 -59 -35
47 73 76 94 87 99 77 100 43 0 0 0 0 0 0 0 0 84 72 65 0 1 7 62 41 13 50 21 39 66 67 37 101 49 53 85 42 56 85 87 89 90 93 93 94 94 94 94 94 94 94 94 94 94 94 94 94 94 94 94 94 95 95 0 78 73 97 94 94 94 94 96 96 96 96 96 96 96 96 96 96 96 95 95 97 97 96 96 96 97 99 95 95 95 100 95 97 97 97 99 94 99 96 99 99 111 101 97 97 100 102 91 100 104 99 100 97 102 95 104 99 105 107 110 89 100 107 101 114 108 101 96 0 0 35 99 112 97 113 107 108 108 108 108 108 95 116 108 -6 122 110 110 110 110 110 111 95 78 77 97 107 99 101 102 107 110 112 116 58 10 0 7 0 64 77 68 73 71 73 96 81 85 83 83 87 0 87 84 85 83 87 85 85 82 78 81 81 83 78 79 72 78 84 82 76 64 77 72 76 90 84 0 73 88 89 88 95 42 0 0 0 0 87 70 53 0 95 96 99 100 97 97 97 100 99 99 101 99 95 97 95 93 93 93 95 94 91 90 90 89 94 93 89 95 95 77 87 90 96 93 89 88 91 84 89 93 89 76 79 97 91 90 90 93 89 64 54 65 99 108 97 104 102 102 95 101 6 42 58 41 95 88 94 104 107 99 99 96 101 100 108 89 99 0 81 72 76 71 78 47 61 93 60 84 83 93 106 100 97 95 96 93 87 76 58 74 94 58 61 74 91 85 85 76 95 42 26 0 100 71 104 88 78 0 97 88 102 107 117 71 15 114 91 81 91 59 0 21 35 38 88 95 0 22 56 27 9 12 41 64 58 37 20 14 8 42 12 39 0 0 0 0 -1 0 -1 -1 -1 -1 -1 -1 -1 -1 -1 93 -1 0 24 6 33 36 15 38 6 26 6 0 67 -67 -1 -1 -1 -1 -1 -1 -1 -1 -1 -1 -1 -1 -1 -1 -1 -1 -128 96 -1 30 47 61 61 58 55 60 81 108 104 110 97 116 87 127 124 84 112 96 118 122 113 119 84 0 -128 -55 -45 -51 -44 -36 -44 -37 -26 -25 -23 -40 -23 -7 -58 -60 -55 -63 -41 -47 -45 -34 -20 -27 -14 -37 -39 -46 -49 -65 -60 -53 -49 -49 -42 -42 -41 -26 -16 -9 -12 -22 -26 -26 -28 -44 -53 -49 -60 -50 -49 -46 -58 -21 -13 -21 -13 -36 -77 -34
62 87 70 66 62 78 76 78 59 0 25 42 55 21 64 0 0 0 54 70 0 37 56 20 61 38 24 64 49 47 45 72 20 39 82 43 78 91 81 83 90 95 93 93 94 94 93 93 93 93 93 93 93 93 94 94 93 93 94 94 93 91 45 104 97 85 79 97 96 94 94 95 95 95 95 95 95 94 96 96 96 96 96 96 96 96 96 96 96 96 97 99 95 95 96 97 94 95 99 95 99 99 100 99 94 97 99 99 100 96 101 102 95 101 99 100 96 102 99 101 105 94 101 104 106 106 102 108 105 105 102 107 107 107 107 102 83 0 0 81 114 106 110 110 39 87 107 91 105 93 113 108 108 107 111 111 111 111 107 110 110 108 110 108 107 107 105 95 33 100 105 91 94 87 88 83 82 81 83 84 95 93 90 93 104 96 96 94 94 91 89 85 83 81 84 79 77 84 82 82 76 71 67 70 70 84 82 83 84 95 41 71 105 90 82 0 0 84 67 71 88 77 74 90 31 0 87 96 100 97 97 97 97 99 99 100 99 91 95 91 93 89 87 93 88 88 91 89 85 88 84 85 95 84 78 91 89 90 90 79 88 90 78 90 74 74 73 87 93 87 87 84 95 87 71 70 79 101 100 99 102 95 95 91 56 73 89 93 89 88 79 26 88 99 105 96 101 99 85 85 71 61 81 0 95 96 74 96 85 78 50 78 99 99 102 102 102 97 96 94 97 85 89 65 106 93 88 71 81 99 101 85 73 43 0 16 99 33 102 104 66 53 90 79 93 127 119 112 85 116 0 90 29 95 48 6 15 24 25 39 39 4 72 0 14 21 19 26 58 37 83 19 0 0 0 20 15 19 6 0 -45 -1 107 106 -1 -1 -1 -1 -1 -1 -1 -1 90 97 -1 -128 7 32 29 24 29 4 9 14 0 -1 -1 81 -1 -1 -1 -1 -1 -1 -1 -1 -1 -1 -1 -1 -1 -1 -1 -1 -1 -1 -128 53 55 58 64 64 71 65 82 113 100 101 114 105 88 112 123 127 113 110 125 110 102 113 119 0 -51 -25 -45 -42 -35 -35 -40 -32 -22 -17 -16 -21 -26 -31 -53 -56 -53 -44 -64 -46 -45 -36 -31 -21 -18 -39 -55 -51 -68 -68 -56 -49 -47 -44 -41 -35 -18 -7 -7 -6 -17 -20 -27 -36 -46 -47 -41 -42 -51 -50 -49 -50 -35 -32 -14 -18 -34 -51 -37 -35
0 0 0 8 59 42 37 67 95 71 62 62 47 67 65 67 44 7 0 82 10 0 31 79 30 26 52 43 9 41 18 58 35 50 47 47 94 87 84 90 93 90 91 91 93 93 93 93 93 93 93 93 93 93 93 93 93 93 93 94 94 95 99 93 88 91 93 87 85 94 94 95 95 95 95 95 95 95 95 96 96 96 96 96 96 96 96 96 96 96 96 96 97 97 95 96 94 97 96 94 97 97 97 101 0 102 96 99 99 99 94 99 97 96 97 101 97 100 105 101 96 100 101 99 102 106 101 101 104 102 100 102 107 107 107 107 112 100 105 110 108 105 43 0 0 127 107 113 118 105 110 113 110 106 108 111 111 111 111 108 108 110 108 106 105 100 100 102 0 101 106 100 100 100 96 97 90 85 96 99 100 99 99 101 94 96 96 96 100 100 99 96 90 89 89 83 81 83 72 78 77 83 76 76 70 70 77 68 78 76 70 39 83 83 60 14 88 73 71 77 84 82 84 78 90 100 32 95 96 99 97 97 97 97 99 99 100 97 94 93 93 94 87 95 90 87 89 85 79 76 74 77 78 74 81 76 89 78 88 70 67 66 71 74 72 81 90 96 91 89 84 72 85 89 62 74 66 101 99 97 101 102 96 74 4 64 90 106 101 97 101 78 0 68 102 95 95 68 70 29 41 56 90 37 82 96 81 62 76 71 48 96 100 99 99 100 100 100 100 100 96 81 44 61 127 89 77 68 77 47 89 96 19 6 53 70 97 70 0 0 101 100 99 0 114 127 127 110 107 102 30 73 22 18 1 8 15 19 21 21 15 0 52 29 9 0 25 26 0 0 27 77 33 6 25 27 14 30 13 -67 -1 102 -1 73 -1 -1 -1 -1 -1 -1 -1 -1 -1 -1 -125 0 39 35 15 26 26 13 21 7 0 -1 100 85 111 -1 -1 -1 -1 -1 -1 -1 -1 -1 -1 -1 -1 -1 -1 -1 -1 99 -128 68 67 66 68 65 70 74 83 90 111 108 77 108 100 122 106 116 117 120 108 124 124 110 113 0 1 -36 -47 -20 -17 -22 -37 -36 -30 -27 -44 -27 -42 -21 -128 -59 -51 -30 -41 -49 -45 -49 -30 -21 -44 -47 -47 -65 -73 -70 -46 -47 -46 -42 -31 -50 -25 -7 -2 -1 -7 -25 -28 -40 -35 -39 -35 -46 -39 -50 -56 -49 -45 -22 -12 -20 -8 -128 -42 -32
71 0 0 0 0 0 30 55 61 62 65 88 95 102 0 0 0 0 0 0 0 0 13 21 70 33 35 59 18 53 67 68 31 74 71 61 85 81 84 87 91 91 90 90 91 91 93 93 93 93 93 93 93 93 91 91 93 93 94 94 97 93 65 100 95 94 94 90 93 94 94 95 95 95 95 95 95 94 96 96 96 96 96 96 96 96 96 96 96 96 95 94 96 96 96 97 95 97 100 90 96 96 97 105 99 97 99 99 96 100 99 100 97 99 100 101 107 101 101 105 104 100 104 99 104 100 106 101 104 106 108 107 107 107 107 102 116 101 116 99 117 110 105 113 0 107 102 32 0 7 99 111 106 105 111 111 111 111 107 106 101 99 102 101 100 102 104 97 108 106 111 110 105 101 101 94 94 94 93 97 96 97 99 91 30 95 95 99 99 97 97 97 97 97 93 84 89 89 88 87 90 73 78 76 73 76 78 79 89 73 4 78 71 19 78 84 59 64 81 78 79 74 90 91 84 52 95 95 96 97 97 97 97 99 99 100 99 95 85 93 91 85 88 90 90 87 79 77 71 77 83 82 83 89 90 91 90 93 82 76 77 84 73 70 84 89 95 95 95 87 87 91 90 78 67 81 100 100 96 99 102 91 0 100 89 107 95 99 97 89 93 106 52 0 47 66 97 100 83 102 95 94 87 0 64 59 55 100 95 105 106 104 96 96 99 99 99 101 93 88 77 62 77 100 84 85 54 0 42 0 58 0 76 87 104 110 73 45 0 55 73 76 102 93 104 93 107 101 101 24 54 41 21 0 10 18 20 8 0 0 36 3 0 0 0 0 39 7 30 19 37 20 0 8 36 13 54 30 0 -23 -1 96 -1 -121 -1 -1 -1 -1 -1 -1 -1 -1 -1 -107 -128 -30 26 27 25 3 8 6 0 -1 -1 -1 -1 -1 -1 -1 -1 -1 -1 -1 -1 -1 -1 -1 -1 -1 -1 -1 -1 -1 -128 -1 45 47 58 68 59 59 79 91 116 99 77 79 104 111 95 116 116 114 105 111 112 93 111 114 0 0 76 36 -25 -21 -22 -39 -34 -26 -21 -17 -41 -40 -22 -32 -50 -42 -40 -47 -34 -32 -39 -40 -31 -36 -51 -60 -69 -64 -60 -50 -49 -45 -37 -27 -39 -22 -9 -4 -3 -4 -4 -18 -37 -21 -27 -22 -21 -55 -56 -50 -47 -47 -32 -13 -8 -22 -44 -94 -40 -27
127 91 71 77 71 64 7 0 0 0 95 87 90 78 42 0 39 30 0 0 53 15 49 35 68 3 30 38 24 10 31 53 39 59 56 78 66 91 76 85 90 88 89 90 90 90 91 91 91 91 93 93 93 93 93 93 93 93 93 93 93 95 0 94 94 94 94 94 94 91 93 95 95 95 95 95 95 95 95 95 96 96 96 96 96 96 95 95 96 94 95 94 96 97 93 95 91 91 94 94 97 97 97 99 99 99 95 99 99 99 99 99 100 100 100 97 100 100 101 99 97 100 105 99 104 105 95 108 104 110 106 106 108 108 108 108 110 110 108 108 110 110 110 110 113 116 110 110 110 110 112 100 108 114 104 84 0 0 76 96 101 99 104 99 97 95 102 90 0 106 105 104 101 101 101 99 99 99 99 99 97 97 97 97 100 101 96 96 97 99 94 91 87 84 88 94 90 90 90 89 89 87 85 85 85 85 84 84 84 79 70 72 77 73 72 71 71 71 78 79 89 88 91 87 101 79 60 96 99 100 97 97 97 97 99 99 99 96 96 94 87 91 88 90 91 84 76 78 82 77 74 87 91 95 93 84 77 82 88 88 90 91 90 91 91 99 99 95 95 91 95 97 96 70 56 81 100 99 99 99 91 95 83 84 99 99 99 97 96 99 97 97 108 95 93 0 83 0 0 0 93 0 89 58 90 76 0 77 89 111 106 105 108 105 96 96 105 102 97 89 76 62 74 76 93 83 76 81 90 89 58 94 49 106 102 81 13 18 76 68 102 104 88 79 56 96 91 65 0 65 108 96 42 14 0 0 0 0 45 25 39 19 24 32 38 36 15 21 25 18 4 19 15 8 12 0 27 3 0 -1 -1 -1 -1 -1 -1 -1 -1 -1 -1 -1 -1 -1 -1 -1 -128 -116 -67 -100 -128 -69 32 0 0 -1 -78 -128 -128 112 -1 -1 -1 -1 -1 -1 -1 -1 -1 -1 -1 -1 -1 -1 -1 -1 93 114 -119 50 31 44 19 61 71 58 72 100 91 77 84 104 87 101 123 90 108 102 96 77 0 0 0 31 119 114 13 -8 -20 -53 -21 -23 -26 -25 -37 -28 -47 -68 -30 -46 -28 -50 -32 -28 -59 -55 -46 -46 -61 -70 -53 -56 -54 -45 -44 -46 -42 -27 -41 -21 -17 -9 -1 -3 -4 -8 -23 -14 -20 -32 -37 -46 -46 -40 -40 -39 -21 -11 -6 -27 -58 -46 -41 -25
52 95 106 33 52 47 49 89 19 0 73 0 0 0 0 0 0 52 44 0 58 36 35 35 81 48 3 29 60 16 41 60 4 35 66 89 67 50 43 81 89 89 93 91 91 91 91 91 91 91 93 93 93 93 93 93 93 93 93 93 95 81 94 94 94 94 94 94 94 95 95 95 95 95 95 95 95 95 95 94 94 96 96 94 94 95 95 97 95 93 97 95 93 94 95 96 95 95 96 99 97 97 90 0 99 96 96 96 99 99 99 97 97 97 97 95 101 100 97 100 99 101 104 99 106 105 100 107 101 108 108 108 108 108 108 110 110 108 108 108 110 110 110 110 120 108 110 110 110 110 105 100 108 106 111 104 95 96 104 106 110 0 0 0 55 85 107 0 89 105 111 105 101 99 99 99 99 96 96 95 95 97 97 100 0 97 100 99 95 99 95 96 100 97 94 90 91 91 90 89 87 89 89 88 91 93 93 93 95 97 84 83 77 83 78 74 73 77 71 76 79 83 85 93 37 73 90 99 102 101 101 101 101 99 99 99 97 96 95 93 90 93 91 91 77 83 87 84 83 89 81 88 81 83 96 93 91 88 89 90 89 89 100 94 94 94 90 96 83 87 90 67 67 67 78 99 96 99 99 102 77 37 93 95 97 97 96 96 94 93 95 97 96 112 97 89 116 79 82 90 85 108 104 0 118 105 59 0 96 101 102 108 85 95 102 104 99 84 88 81 66 59 3 0 24 62 36 88 104 96 105 59 94 105 76 0 58 68 82 119 102 102 73 0 93 64 70 0 0 0 22 72 64 3 12 13 22 0 48 31 44 0 42 0 49 37 30 31 19 18 0 13 18 22 25 25 39 -35 78 -1 -1 -1 -1 41 -1 -1 -1 -1 -1 -1 -1 -1 -1 -1 -70 -1 -39 -125 31 12 21 -128 74 -31 -1 -39 -1 -1 -1 -128 -1 -1 -1 -1 -1 -1 -1 -1 -1 -1 -1 -1 -1 -1 107 -1 -128 -128 -128 -128 38 53 66 82 90 95 79 68 104 77 101 95 104 56 0 0 0 0 0 0 74 125 112 101 33 -128 -1 -26 -26 -27 -31 -30 -37 -40 -59 -40 -82 -41 -47 -37 -23 -25 -59 -37 -31 -50 -51 -41 -49 -53 -46 -49 -44 -36 -27 -36 -23 -11 -13 -2 -2 -6 -4 -6 -2 -4 -6 -44 -25 -37 -40 -40 -34 -17 -4 -4 -30 -54 -31 -44 -32 -9
127 74 74 108 89 83 61 88 83 29 0 0 0 0 95 0 85 0 7 0 73 59 78 53 68 71 62 12 52 19 45 83 29 49 77 81 59 56 60 76 78 67 85 88 91 90 90 90 91 91 91 91 91 91 91 93 93 93 93 93 93 97 91 94 94 94 94 93 93 94 94 94 94 94 94 95 95 95 95 95 95 95 95 95 95 95 95 95 94 94 91 94 91 97 97 94 96 94 96 96 97 97 97 91 100 95 99 94 100 97 99 99 96 100 100 99 99 101 95 99 101 100 97 106 100 99 105 101 108 111 110 110 108 108 110 110 110 110 110 110 110 110 110 110 0 105 108 111 108 107 106 107 104 104 102 102 101 99 99 97 97 99 99 99 96 99 105 0 33 0 0 38 104 93 102 105 97 93 99 96 91 99 93 96 88 104 100 87 93 97 95 94 93 97 94 94 89 91 89 87 88 87 89 84 91 91 93 93 95 96 97 96 82 77 78 81 76 77 77 78 81 81 91 93 0 93 97 97 97 97 96 94 96 97 97 97 97 97 96 88 91 91 96 88 84 84 90 87 96 89 78 90 95 97 93 91 91 85 97 85 88 83 90 81 78 93 91 93 76 66 71 62 64 60 84 99 99 99 99 99 113 0 99 114 96 97 97 95 95 91 95 97 81 93 97 100 104 95 91 100 99 99 102 94 101 106 99 95 91 41 0 52 0 88 90 110 91 91 76 72 78 49 79 61 83 0 53 90 67 94 85 83 72 70 85 0 6 96 114 106 67 0 0 0 45 88 45 0 39 114 102 127 38 25 15 8 10 24 22 0 36 0 37 52 0 43 39 42 27 16 13 22 20 16 29 43 22 18 -82 -1 -1 -1 -1 -1 -25 -1 -1 -1 -1 -1 -1 -1 -1 -1 -1 99 113 -128 20 22 2 -128 -1 0 106 -1 -1 102 -1 -1 -44 -1 -1 -1 -1 -1 -1 -1 -1 -1 -1 -1 -1 -1 -1 -128 -54 -128 31 35 18 61 68 90 84 113 94 67 62 95 71 100 77 0 0 0 0 72 79 113 113 97 107 120 70 65 13 -1 -9 -25 -23 -21 -34 -45 -44 -49 -41 -128 -56 -41 -32 -20 -44 -35 -32 -108 -63 -46 -64 -50 -47 -46 -39 -18 -27 -17 -20 -14 -18 -14 -2 -6 -4 -7 -8 -8 -4 -27 -40 -32 -31 -39 -35 -22 -3 -14 -49 -47 -27 -40 -128 -1
50 48 101 100 108 102 105 107 78 84 83 106 104 91 94 106 104 0 0 0 0 49 41 49 54 27 44 36 76 47 31 48 47 54 55 71 71 77 59 88 83 50 79 83 94 93 90 90 91 91 91 91 91 91 93 93 93 93 93 93 88 0 93 93 93 94 94 93 93 94 94 94 94 94 94 94 94 95 95 95 95 95 95 95 95 95 95 94 94 94 95 91 90 97 94 95 97 95 96 96 97 97 90 91 95 99 95 90 95 95 97 96 99 99 99 99 99 100 96 99 102 102 95 96 105 108 110 111 107 110 110 110 110 110 110 110 110 110 110 110 110 110 108 108 113 112 111 108 104 101 104 101 100 99 101 100 99 99 95 95 95 96 91 94 95 101 0 94 96 95 97 96 91 101 101 99 93 70 0 0 0 62 104 85 0 73 97 85 94 87 91 84 85 89 91 94 89 87 84 85 83 88 88 90 90 88 91 93 90 93 95 96 95 93 90 90 89 90 89 89 99 94 90 59 96 101 97 96 96 93 93 94 95 96 96 96 96 94 94 95 94 95 93 88 89 82 89 84 90 104 96 96 90 78 88 88 71 83 78 79 79 90 91 87 88 78 83 87 76 72 76 93 79 95 101 99 99 99 99 82 45 95 99 95 97 94 93 88 89 96 90 84 94 84 90 91 89 88 91 95 96 84 90 55 93 100 104 95 107 111 123 114 99 42 82 107 101 91 89 87 95 55 85 82 68 66 91 91 95 83 47 0 0 0 62 0 116 91 71 36 84 106 112 0 61 54 87 0 68 96 88 68 14 12 15 16 19 31 0 14 47 0 24 43 1 49 22 41 37 27 30 26 25 29 31 30 42 0 -1 -1 -1 -1 -1 95 -1 -1 -1 -1 -1 -1 -1 -1 -1 -1 -1 102 -1 0 29 4 -111 78 102 82 -1 -1 54 -1 90 -1 -1 -1 -1 -1 -1 -1 -1 -1 -1 -1 -1 -1 -1 -1 -1 -55 -89 116 81 52 65 59 70 66 78 73 78 54 66 72 55 0 0 77 94 106 105 94 112 110 113 96 107 108 100 108 70 -128 -8 -20 -18 -18 -22 -26 -31 -47 -41 -51 -39 -44 -23 -26 -49 -22 -128 -56 -53 -53 -54 -47 -49 -49 -18 -63 -6 -20 -9 -42 -35 -8 -6 -3 -4 -6 -8 -16 -40 -44 -26 -26 -26 -21 -6 -8 -26 -47 -44 -31 -31 -30 -128 -1
74 85 105 105 106 93 99 82 85 87 99 81 104 85 93 116 84 120 66 87 0 0 61 49 59 49 49 27 41 61 13 66 53 73 70 45 90 58 27 87 84 78 65 70 79 90 90 90 91 91 91 91 91 91 91 93 93 93 93 93 93 99 84 91 91 94 94 93 93 94 94 94 94 94 94 93 93 93 95 95 95 95 95 95 95 95 95 95 94 94 96 90 94 95 94 94 93 94 96 96 97 97 97 0 91 97 91 97 97 101 100 96 99 97 97 99 99 100 100 94 100 102 100 97 107 107 105 111 108 111 110 110 111 111 110 110 110 110 110 110 110 110 107 107 49 96 112 110 101 100 101 101 99 96 95 99 97 97 97 93 93 94 94 91 88 89 95 79 85 99 91 100 95 93 97 104 97 93 94 93 93 95 84 79 64 85 14 0 0 0 32 91 84 81 89 84 83 81 84 82 85 84 82 87 85 91 96 93 93 89 90 93 96 96 96 94 95 95 95 96 99 91 90 43 0 94 99 95 95 95 94 91 94 95 95 95 95 95 90 90 93 93 94 93 94 94 99 101 93 99 94 84 93 71 94 87 50 72 91 78 90 91 91 93 87 93 95 91 88 97 66 97 76 73 104 99 99 99 99 99 3 94 104 67 97 96 97 95 87 96 90 93 107 102 96 85 97 101 102 99 97 89 95 87 91 94 104 94 84 94 90 90 93 81 84 48 104 85 94 102 83 31 6 0 0 0 25 91 66 81 96 89 84 105 99 95 66 9 0 21 78 110 105 89 54 72 101 0 6 68 122 68 9 10 12 20 24 26 25 38 0 0 25 24 48 0 0 0 53 38 36 30 29 27 35 33 35 47 -63 -1 -1 -1 -1 -1 -128 -1 -1 -1 -1 -1 -1 -1 -1 -1 -1 -1 104 -128 -69 -117 -128 89 77 127 78 -1 -1 -1 -1 -1 -1 105 -1 -1 -1 -1 -1 -1 -1 -1 -1 -1 -1 -1 -93 -23 47 81 59 42 56 70 77 91 71 83 71 59 44 77 89 0 0 95 102 108 94 91 114 111 108 111 102 122 127 94 116 85 -3 -1 -1 -12 -13 -14 -37 -36 -41 -39 -37 -34 -36 -21 -54 -35 -69 -45 -51 -55 -50 -47 -49 -49 -34 -34 -34 -31 -41 -50 -40 -21 -11 -2 -2 -4 -3 -7 -27 -27 -25 -26 -28 -22 -9 -31 -42 -46 -35 -28 -23 -22 -31 -2
91 93 102 85 96 87 89 102 91 105 83 97 101 111 83 95 104 89 84 95 88 0 47 21 16 54 64 30 42 68 27 38 32 44 91 83 22 78 47 76 83 87 77 73 72 95 94 89 89 87 90 90 91 91 90 93 93 93 93 93 87 93 93 93 93 93 93 94 94 94 94 94 94 94 94 94 94 94 94 95 95 95 95 95 95 89 90 91 93 94 91 91 91 93 93 94 94 95 93 96 95 95 87 94 95 94 91 94 97 94 99 96 96 97 99 99 99 99 97 100 96 99 105 104 108 108 108 108 108 110 110 110 108 108 108 108 110 111 111 111 108 106 101 91 111 97 100 101 100 101 96 95 94 91 93 90 88 88 94 94 94 94 88 89 94 90 0 82 91 81 76 87 79 67 61 64 87 91 88 87 84 78 79 77 78 84 88 85 81 85 89 74 81 87 52 0 0 0 0 21 81 76 78 77 77 87 84 93 102 87 91 89 107 91 85 91 100 100 84 99 93 84 0 100 89 95 93 90 91 91 90 84 93 90 90 94 88 91 91 88 97 90 93 88 91 93 93 93 93 90 81 76 89 89 90 77 70 83 90 91 83 89 91 84 65 70 54 73 62 67 91 89 73 91 97 99 93 90 39 77 99 104 93 95 96 96 93 84 95 83 77 74 97 95 89 99 88 74 94 94 88 100 89 89 94 90 105 83 89 96 100 60 2 0 0 0 0 87 68 82 6 89 76 97 88 94 85 73 94 99 100 105 102 85 62 54 74 81 66 89 107 105 89 58 94 105 76 10 71 85 62 13 24 19 10 36 0 0 0 38 37 38 37 37 32 39 47 20 36 35 43 37 42 38 38 31 22 -27 102 -1 -1 -1 -1 -1 -1 -1 -1 -1 -1 -1 -1 -1 85 112 -1 -54 0 0 -30 -128 -1 -1 -1 -1 -1 -1 -1 -1 -1 -1 -1 -1 -1 -1 -1 -1 -1 -1 -1 -1 -1 -1 -1 -75 -91 -128 84 67 64 64 65 64 50 68 82 53 60 60 83 84 25 0 62 89 91 84 122 85 89 94 111 114 97 95 110 108 112 74 31 -128 -12 -13 -11 -12 -17 -54 -30 -128 -25 -41 -36 -45 -55 -53 -55 -53 -53 -49 -49 -47 -47 -46 -44 -54 -56 -49 -30 -30 -25 -11 -3 -3 -3 -3 -4 -4 -9 -23 -23 -25 -21 -11 -28 -40 -35 -31 -27 -25 -23 -20 -3 -8
127 97 97 96 85 101 87 99 107 104 99 99 93 85 97 89 97 81 39 99 100 0 0 31 61 68 30 38 39 44 30 33 20 53 74 58 45 52 77 66 54 73 77 81 74 74 88 93 93 90 90 90 90 91 91 91 93 93 93 93 93 55 93 93 93 93 93 94 94 94 94 94 94 94 94 94 94 94 94 94 95 95 95 95 93 93 94 90 93 94 95 95 91 95 93 91 94 93 90 95 95 95 95 96 89 94 95 96 96 94 95 91 94 95 96 94 94 96 96 95 96 104 102 106 108 108 108 108 108 108 110 110 108 105 105 105 107 108 106 106 105 101 90 94 89 88 87 79 84 88 93 91 90 90 90 90 88 89 89 90 90 89 85 82 91 83 85 0 64 79 79 79 87 82 87 87 84 81 91 89 89 87 88 83 0 72 83 79 83 89 77 70 77 87 77 79 70 47 37 58 71 71 82 84 81 70 77 93 104 99 43 0 0 0 0 0 19 58 88 91 59 33 87 95 0 89 91 91 94 88 88 89 97 74 93 97 91 93 93 88 94 97 99 79 85 83 89 89 88 83 91 89 88 88 82 72 66 93 83 82 73 89 89 87 82 81 89 83 74 72 93 85 100 97 97 94 101 97 78 99 94 85 87 84 90 93 93 96 90 91 82 93 96 89 93 44 12 0 0 0 0 0 67 81 1 93 89 91 82 89 90 93 82 70 67 0 91 97 95 90 18 74 79 90 94 81 78 87 68 82 97 106 73 79 83 88 74 68 97 0 88 85 82 65 0 93 114 123 9 0 29 0 0 19 0 19 0 35 16 36 39 35 41 37 37 33 33 64 0 55 43 78 59 48 60 -25 0 -1 93 -1 -1 -1 -1 -1 -1 -1 -1 -1 -1 -1 -1 -1 105 -1 0 13 49 0 -128 -1 -1 -1 -1 -1 -1 -1 -1 -1 -1 -1 -1 -1 -1 -1 -1 -1 -1 -1 -1 -1 -1 -1 -1 -1 -1 -128 39 54 59 83 85 76 87 65 93 79 50 61 64 96 39 0 65 72 76 71 110 101 67 100 118 101 107 114 100 93 102 106 122 110 0 -1 -6 -11 -11 -23 -18 -31 -128 -28 -60 -55 -60 -51 -51 -49 -47 -49 -49 -47 -47 -47 -49 -47 -40 -40 -39 -35 -31 -23 -13 -6 -3 -3 -3 -3 -6 -7 -13 -13 -12 -21 -27 -28 -32 -31 -26 -26 -25 -17 -14 -7
97 94 81 94 104 84 90 82 99 105 94 85 87 107 110 87 82 0 108 100 87 0 0 0 68 47 70 72 43 55 59 55 64 30 44 31 70 65 54 79 77 74 64 73 74 81 89 93 94 88 90 90 89 91 91 91 91 91 94 93 0 93 93 93 93 93 93 93 93 93 93 93 93 93 93 93 93 93 93 94 94 94 94 94 94 94 94 94 96 90 93 93 96 94 95 94 95 95 95 95 94 91 0 100 96 96 93 93 97 93 91 95 100 94 91 93 99 91 96 100 105 104 106 106 106 108 108 108 108 108 110 108 105 105 101 105 102 102 101 100 97 95 87 0 89 89 88 88 89 89 84 77 89 91 89 89 88 88 87 87 85 79 89 97 88 70 67 76 83 89 82 88 84 85 83 85 87 89 72 82 89 83 84 87 85 83 81 84 71 52 31 52 79 48 44 48 30 39 76 81 81 89 93 85 83 84 90 76 41 45 74 83 90 93 95 93 95 89 89 30 79 87 88 78 79 50 13 0 0 0 0 0 0 0 0 0 0 16 25 84 79 77 73 74 88 99 89 87 79 93 88 90 97 77 72 88 74 62 66 85 97 88 89 83 99 97 91 94 67 94 100 79 64 38 15 0 0 0 0 0 0 0 0 0 0 31 68 94 88 72 97 106 89 88 87 88 89 71 87 74 83 91 83 93 77 93 83 72 77 84 89 78 73 85 33 90 111 76 61 0 62 87 90 77 89 95 99 81 95 97 107 67 73 105 78 91 87 91 81 0 70 97 60 100 100 107 116 56 79 30 0 26 25 20 1 0 35 25 0 37 35 37 37 37 32 45 39 47 0 16 32 59 31 -128 -54 -122 -37 -1 -1 -1 -1 -1 -1 -1 -128 -1 -1 -1 -1 -1 -1 116 96 -69 0 24 0 52 -1 -1 -1 -1 -1 -1 -1 -1 -1 -1 -1 -1 -1 -1 -1 -1 -1 -1 -1 -1 -1 -1 -1 -1 -1 94 -14 35 70 58 88 64 94 82 90 85 54 68 66 67 77 18 0 50 83 97 77 107 96 62 91 105 84 106 105 127 94 93 127 110 127 93 -1 -88 -1 -1 -12 -23 -17 -36 -61 -68 -50 -61 -50 -49 -49 -49 -49 -47 -47 -47 -47 -47 -49 -47 -37 -36 -36 -37 -27 -26 -22 -16 -6 -1 -1 -3 -7 -6 -2 -3 -3 -12 -25 -30 -31 -28 -26 -27 -23 -6 -16 -128
127 88 105 95 100 106 95 93 97 111 87 90 102 105 89 119 101 77 90 100 97 99 33 25 0 71 49 20 78 15 26 27 31 50 54 49 55 52 66 71 79 66 76 68 62 85 87 82 94 93 90 90 90 90 91 91 91 91 91 94 97 99 99 93 93 93 93 93 93 93 93 93 93 93 93 93 93 93 93 93 94 94 94 94 94 94 94 94 91 93 93 93 96 93 94 95 94 94 94 94 95 95 93 93 94 94 94 94 94 94 94 97 94 88 93 95 95 96 101 102 104 102 104 106 106 107 107 107 106 106 106 108 105 102 99 100 101 99 97 96 96 93 89 87 90 88 89 85 87 84 83 79 78 84 88 85 85 87 87 82 82 81 85 56 52 74 83 15 71 82 79 84 81 84 83 81 84 87 85 90 83 88 85 84 0 77 72 64 43 25 38 58 76 84 72 52 74 83 72 79 81 56 68 81 78 78 84 81 53 49 81 85 84 82 83 81 88 88 95 54 2 0 19 70 0 77 72 83 85 74 81 91 85 85 88 93 94 102 78 101 88 76 99 99 67 59 95 93 87 83 94 91 77 58 64 81 77 84 88 89 77 73 78 88 59 83 82 55 67 79 94 99 93 99 95 83 101 70 74 90 91 67 77 88 89 96 88 95 99 97 94 95 94 91 88 87 85 79 67 88 85 90 79 95 0 89 94 85 89 94 91 96 94 95 88 65 84 65 96 48 73 82 85 68 84 83 73 89 93 99 106 66 93 100 100 67 59 73 47 58 6 59 60 95 0 76 122 65 81 21 7 9 13 20 21 24 31 30 29 0 37 36 37 37 37 36 52 -36 -101 -18 -128 67 -59 -21 -21 -20 -1 -1 -1 -1 -1 -1 -1 -1 -1 -1 -1 -1 -1 -1 -1 -1 81 100 -128 0 -8 -1 96 -1 -1 -1 -1 -1 -1 -1 -1 -1 -1 -1 -1 -1 -1 -1 -1 -1 -1 -1 -1 -1 -1 -1 -1 -1 -1 -128 0 59 45 53 73 56 79 35 55 60 60 62 35 52 0 49 73 71 72 94 96 67 81 97 93 108 120 117 99 107 124 116 107 122 107 32 -128 -6 -18 -8 -4 -36 -42 -55 -60 -64 -47 -49 -49 -49 -49 -47 -47 -47 -47 -47 -47 -47 -37 -35 -36 -36 -39 -25 -26 -14 -2 -1 -1 -1 -1 -7 -3 -1 -3 -3 -22 -22 -34 -32 -25 -26 -22 -6 -4 -20
81 84 91 90 96 101 97 101 87 95 94 102 95 90 82 104 87 99 110 89 107 108 101 113 0 41 65 45 54 60 44 47 60 15 36 30 49 53 39 53 44 65 58 62 70 90 84 70 71 87 90 91 90 84 91 91 93 93 89 84 91 91 93 93 93 93 93 93 93 94 94 93 93 91 91 93 93 90 90 93 93 93 93 93 93 93 93 91 91 91 93 93 93 94 94 94 94 94 94 94 89 108 85 97 95 95 95 95 95 95 96 96 97 97 97 99 99 99 99 102 102 101 104 105 105 111 110 100 104 95 97 100 99 95 88 96 88 77 90 88 81 91 85 67 60 68 43 53 66 62 48 79 78 76 77 82 88 79 74 78 82 85 82 79 74 78 82 13 82 81 74 82 70 87 97 68 67 72 79 74 82 81 64 66 58 56 43 53 45 54 36 82 67 67 48 39 60 72 76 65 79 16 36 61 71 84 72 74 85 73 78 79 84 83 88 88 88 88 76 70 87 79 25 45 85 73 82 82 85 96 91 96 83 85 95 79 96 79 88 74 82 90 74 72 82 91 90 89 88 82 81 53 62 83 70 93 93 95 90 87 81 77 76 77 83 71 73 102 90 97 100 99 99 99 99 102 99 74 61 95 97 84 85 89 94 96 93 88 93 83 93 91 95 90 87 87 83 83 82 97 83 77 76 84 82 66 87 81 97 85 91 95 91 89 74 -128 0 0 0 88 65 48 52 82 88 82 94 94 96 96 100 112 89 101 73 68 77 87 79 76 71 60 85 94 108 99 26 32 18 15 21 25 25 27 30 32 35 35 19 42 33 31 41 45 21 65 -128 -1 -1 -1 0 -117 -1 -1 -7 -1 -1 -1 -1 -1 -1 -1 -1 -1 -1 -1 -1 -1 -1 -1 -1 -1 -1 -1 -23 -1 -1 -1 -1 -1 -1 -1 -1 -1 -1 -1 -1 -1 -1 -1 -1 -1 -1 -1 -1 -1 -1 -1 -1 -1 -1 -1 -1 -55 0 -128 -83 -83 -128 85 70 -128 -60 -70 0 53 44 -128 0 -39 -128 59 87 72 58 93 83 105 104 88 124 90 89 127 89 125 111 127 123 102 91 119 64 -1 -1 -14 -21 -32 -54 -54 -65 -53 -47 -49 -49 -49 -46 -47 -47 -47 -47 -46 -36 -37 -37 -37 -35 -37 -23 -27 -23 -11 -1 -1 -1 -1 -1 -1 -1 -1 -4 -7 -6 -16 -17 -22 -25 -9 -3 -2 -3 -9
29 84 99 91 82 100 83 106 118 106 84 85 118 87 99 89 74 20 90 105 84 88 96 99 84 0 19 50 6 30 87 19 48 64 59 56 59 18 0 47 66 62 33 42 68 65 31 56 89 74 89 91 90 88 85 91 91 91 91 89 0 91 91 91 91 93 93 93 93 93 93 91 91 94 91 94 91 94 95 94 93 93 93 93 93 93 93 93 94 94 93 93 93 93 94 94 94 94 94 94 94 87 0 96 94 95 95 95 95 95 95 96 96 97 97 99 99 99 99 100 100 100 101 102 102 106 108 107 101 105 106 97 82 82 39 65 85 85 70 93 85 85 65 0 81 66 76 58 66 60 70 73 79 79 81 64 72 78 76 79 81 83 81 84 85 84 87 0 66 81 71 49 56 37 41 58 82 79 84 81 74 72 78 82 14 56 8 19 19 50 61 62 59 43 67 35 56 49 54 8 64 37 41 12 74 56 91 74 82 82 54 83 94 88 89 89 89 91 93 90 89 71 65 101 0 13 85 83 85 89 96 96 96 79 84 67 82 90 94 88 83 95 91 94 73 83 87 90 89 71 54 50 71 89 72 87 96 91 91 84 82 79 77 87 21 70 78 101 61 90 99 99 99 101 101 90 93 105 0 108 53 77 84 87 88 90 94 88 94 89 94 89 93 94 89 89 88 94 76 89 72 70 95 87 0 78 89 85 76 79 76 83 48 0 90 9 79 76 82 70 81 89 71 87 64 94 60 101 100 97 97 101 94 93 68 66 78 72 105 78 0 70 88 88 95 59 60 21 9 15 22 25 27 29 30 32 33 36 38 39 14 31 44 30 45 54 -60 -1 -1 -1 -1 -21 -1 -1 -1 -1 -1 -1 -1 -1 -1 -1 -1 -1 -1 -128 -1 -1 -1 -1 -1 -1 -1 -1 -1 -1 -1 -1 -1 -1 -1 -1 -1 -1 -1 -1 -1 -1 -1 -1 -1 -1 -1 -1 -1 -1 -1 -1 -1 -1 -1 -1 -1 -1 -55 -1 -1 -1 -128 72 56 54 -128 -1 -128 -128 -128 -128 -128 -50 -81 29 43 102 58 76 58 112 116 78 114 89 76 105 104 100 118 104 127 95 111 127 127 36 -1 -11 -17 -21 -40 -128 -45 -47 -50 -49 -49 -47 -47 -47 -47 -47 -47 -47 -36 -40 -37 -37 -27 -37 -35 -27 -25 -21 -9 -3 -1 -1 -3 -116 -128 -1 -1 -1 -4 -8 -20 -12 -11 -13 -1 -3 -3 -4
43 89 83 97 108 89 81 97 95 89 84 110 99 106 112 83 0 99 127 114 100 107 106 113 0 0 44 8 24 22 67 65 91 83 26 91 6 25 48 8 53 58 36 59 37 79 64 78 82 87 89 89 91 90 91 91 90 90 90 87 91 91 90 90 90 93 93 93 93 91 91 90 90 90 90 93 93 94 90 93 93 93 93 93 93 93 93 93 93 93 93 93 93 91 94 94 94 94 94 94 90 90 97 90 95 95 95 95 95 95 96 96 97 97 97 99 99 99 99 99 99 100 101 100 100 99 91 94 96 87 71 58 58 42 33 61 71 68 64 68 72 73 44 24 66 78 73 58 47 59 58 67 67 37 55 55 65 62 67 74 71 76 76 78 78 68 72 53 55 54 36 2 0 0 9 0 0 0 8 39 41 55 67 71 71 67 72 58 30 10 15 26 50 43 53 67 66 59 26 31 55 25 35 27 15 70 56 59 94 90 74 84 81 90 91 91 91 88 89 90 89 91 89 66 90 22 77 90 87 91 93 94 90 88 91 65 89 79 78 85 93 78 85 83 93 87 90 85 78 61 79 85 90 79 87 91 85 93 87 85 84 84 81 70 77 82 89 82 81 101 99 99 99 97 97 104 93 73 41 87 84 79 90 87 90 93 87 90 88 90 85 84 88 87 87 87 85 84 73 91 83 89 84 78 88 85 87 83 97 90 89 0 65 58 74 33 72 60 100 93 79 90 78 74 85 59 99 100 102 101 100 81 54 62 59 83 104 93 62 0 110 77 108 62 13 85 88 29 12 13 26 30 30 32 32 33 37 41 14 7 35 39 37 42 29 42 -101 -1 -1 -1 -1 -1 -1 -1 -1 -1 -1 -1 -1 -1 -1 -1 -1 -1 -1 -1 -1 -1 -1 -1 -1 -1 -1 -1 -1 -1 -1 -1 -1 -1 -1 -1 -1 -1 -1 -1 -1 -1 -1 -1 -1 -1 -1 -1 -1 -1 -1 -1 -1 -1 -1 -1 -1 -1 -117 88 -128 -9 -128 -115 -128 -72 -2 90 -1 -31 0 -128 -111 -128 -59 0 66 68 49 73 79 85 77 82 87 67 107 111 96 107 127 118 125 118 114 85 107 50 -3 -11 -16 -46 -22 -56 -56 -51 -46 -49 -49 -46 -49 -47 -47 -47 -47 -40 -37 -37 -37 -40 -44 -37 -23 -25 -25 -13 -2 -1 -1 -1 -1 16 -78 -1 -1 -1 -4 -12 -14 -8 -8 -2 -2 -2 -1 -1
127 93 77 91 88 83 90 105 102 91 99 120 99 82 106 106 107 89 94 106 107 83 99 107 90 0 22 54 55 27 42 48 53 56 55 47 41 55 49 50 31 37 36 66 70 20 45 67 66 82 77 52 97 85 93 94 89 90 89 101 87 91 91 91 91 91 91 91 91 91 91 90 90 93 90 93 89 93 93 88 93 95 97 96 91 93 93 93 93 93 93 93 93 93 93 93 93 93 93 93 99 77 84 94 94 95 95 94 94 95 95 96 96 95 97 96 99 99 99 99 99 100 100 95 96 94 97 94 90 68 62 45 56 50 55 36 39 24 32 41 36 37 45 0 49 27 32 32 25 49 50 41 56 45 55 36 13 19 20 13 50 22 19 6 3 8 4 0 16 19 15 19 33 12 27 27 14 12 22 52 30 4 18 29 25 71 43 35 60 67 43 58 25 44 39 36 33 22 49 35 45 54 62 50 36 39 70 62 74 47 39 56 82 87 90 91 90 88 88 90 90 90 91 82 32 36 8 81 83 84 85 85 89 95 93 90 93 94 78 88 84 84 81 77 87 94 96 87 81 78 95 95 95 94 83 87 79 96 88 85 87 88 84 85 14 99 81 83 94 102 102 99 97 97 97 89 91 108 0 105 94 72 68 83 85 82 79 82 84 91 84 78 93 89 78 81 87 81 83 96 89 83 77 79 0 25 36 88 94 81 93 19 82 -128 0 65 110 91 87 66 90 68 59 66 96 95 101 96 105 89 67 45 59 104 101 93 95 81 67 70 56 76 67 101 89 85 44 56 16 15 26 30 30 32 32 35 35 39 0 52 37 36 29 64 35 22 -69 -1 -1 -1 -1 -1 -1 -1 -1 -1 -1 -1 -1 -1 -1 -1 -1 -1 -1 -28 -1 -1 -1 -1 -1 -1 -1 -1 -1 -1 -1 -1 -1 -1 -1 -1 -1 -1 -1 -1 -1 -1 -1 -1 -1 -1 -1 -1 -1 -1 -1 -1 -1 -1 -1 -1 -1 -1 -84 -1 -1 -128 -59 0 -89 -128 -49 -1 -1 -1 -1 74 52 -128 -21 0 48 73 58 77 54 88 60 65 82 87 93 101 117 94 105 119 106 100 100 105 127 79 20 -6 -31 -4 -27 -55 -65 -47 -56 -49 -49 -47 -47 -47 -47 -47 -50 -40 -37 -37 -37 -37 -37 -37 -35 -27 -26 -20 -4 -3 -1 -1 -1 -2 -1 -1 -1 -1 -1 -6 -9 -3 -6 -2 -4 -2 -1 -1
8 91 112 88 79 101 87 89 110 90 94 102 87 84 108 78 91 87 106 87 104 96 111 72 0 72 12 47 20 10 26 64 19 66 78 84 60 74 36 68 70 60 64 48 44 37 3 62 72 64 82 87 79 87 87 94 91 90 96 4 91 91 91 91 91 91 91 91 91 91 91 90 90 91 91 88 84 77 71 84 77 81 93 89 90 90 90 93 93 93 93 93 93 93 93 93 93 93 93 93 94 0 94 94 93 93 94 94 95 95 96 96 95 96 97 97 99 96 96 96 96 95 95 96 94 100 89 81 73 79 39 53 59 58 67 62 53 16 20 29 21 20 16 21 9 21 26 29 24 16 18 19 20 21 20 20 30 38 14 2 4 8 44 12 16 32 24 25 66 19 26 4 18 27 13 21 38 52 50 24 42 20 0 0 37 74 54 22 29 10 50 44 39 49 43 43 36 45 22 50 26 52 44 21 43 61 48 9 62 67 32 72 79 91 90 87 93 88 88 88 88 94 94 89 76 66 29 0 104 81 79 93 93 94 91 90 94 97 94 87 91 89 94 94 91 72 89 79 90 91 91 91 90 88 85 90 95 93 93 91 91 89 90 90 100 77 76 90 100 102 102 97 96 91 94 102 94 77 66 84 60 91 79 71 71 74 85 84 83 70 78 81 91 65 84 78 78 76 93 94 87 76 81 83 67 21 19 0 3 58 10 99 119 -128 93 95 101 87 62 82 91 71 48 90 100 100 99 99 43 59 64 84 108 99 73 68 7 76 54 50 95 124 68 127 0 74 42 30 21 29 31 32 32 33 35 35 41 38 16 21 29 54 26 35 64 -128 -1 -1 -1 -1 -1 -1 -1 -1 -1 -1 -1 -1 -1 -1 -1 -1 -1 -1 -1 -50 -1 -1 -1 -1 -1 -1 -1 -1 -1 -1 -1 -1 -1 -1 -1 -1 -1 -1 -1 -1 -1 -1 -1 -1 -1 -1 -1 -1 -1 -1 -1 -1 -1 -1 -1 -1 -1 -1 -128 -1 -1 -1 -1 -128 -128 93 -1 -1 94 -1 -1 -1 -1 0 0 56 53 102 61 89 82 93 60 60 70 102 113 117 110 110 110 99 127 102 118 123 56 105 0 -1 -2 -9 -39 -128 -46 -50 -44 -46 -46 -47 -47 -47 -47 -47 -40 -37 -37 -37 -37 -37 -37 -37 -23 -22 -22 -11 -1 -3 -1 -59 -128 -9 -1 -1 -1 -1 -1 -7 -4 -4 -3 -3 -1 -1 -7 -122
127 27 65 85 93 116 97 85 99 97 90 127 84 108 81 96 6 110 93 85 96 100 97 95 0 0 55 0 24 71 31 39 31 39 58 12 65 77 76 48 77 68 52 64 44 30 43 65 68 22 84 87 73 65 82 83 106 95 95 21 91 90 94 91 91 91 91 90 90 90 90 90 90 90 88 90 90 90 90 90 90 90 87 90 90 90 91 91 91 91 91 91 93 93 91 91 91 91 91 91 89 48 90 94 94 93 93 94 94 94 94 93 93 100 91 91 87 84 97 100 90 97 96 95 94 94 60 72 90 55 58 45 64 37 58 53 9 64 35 25 29 20 16 45 22 21 53 39 10 20 42 29 35 26 6 0 0 0 0 6 13 20 42 37 60 70 45 42 36 21 20 14 42 25 30 13 31 39 49 38 22 22 45 16 0 0 0 37 56 45 52 53 30 65 35 55 45 29 32 8 45 44 64 56 67 16 10 15 65 26 50 76 60 73 99 96 77 85 85 87 87 97 88 87 78 76 81 89 0 0 0 61 85 61 70 74 88 68 88 89 90 90 84 84 82 84 68 60 73 100 81 88 88 90 58 33 0 104 100 90 90 94 90 94 0 77 82 96 100 97 99 97 97 100 88 96 94 71 19 41 90 71 85 79 82 88 87 82 90 94 79 87 82 91 84 84 84 91 87 88 90 101 100 96 99 81 79 0 84 10 0 89 96 94 0 105 61 90 55 89 82 89 95 77 94 100 105 76 50 66 96 107 96 82 62 12 14 22 9 76 99 64 78 116 83 39 49 33 15 24 32 33 35 35 35 35 35 36 36 35 56 49 48 45 36 48 -1 -1 -1 -1 -1 -1 -1 -1 -1 -1 -1 -1 -1 -1 -1 -1 -1 -1 -1 -1 116 -1 -1 -1 -1 -1 -1 -18 -1 -1 -1 -1 -1 -1 -1 -1 -1 -1 -1 -1 -1 -1 -1 -1 -1 -1 -1 -1 -1 -1 -1 -1 -1 -1 -1 -1 -1 -1 -1 -50 -1 -21 -1 -1 -1 -1 -1 -1 -1 -1 97 99 -1 0 42 7 -128 38 76 68 73 67 68 62 77 96 100 93 83 117 99 120 127 93 123 96 124 127 106 0 -3 -6 -8 -23 -128 -61 -51 -47 -45 -47 -49 -46 -47 -47 -41 -36 -35 -35 -36 -37 -39 -36 -31 -22 -25 -18 -7 -2 -1 -3 -128 -4 -1 -1 -1 -1 -1 -7 -11 -7 -2 -1 -1 -83 14 89
0 62 0 76 71 88 94 108 96 88 100 102 0 81 96 0 77 95 100 104 96 95 99 0 0 112 79 62 66 19 35 38 41 70 50 32 43 67 70 59 70 67 36 60 61 66 71 29 60 53 79 70 73 87 93 45 65 94 91 93 90 93 90 90 90 91 91 90 90 90 90 90 90 89 88 90 90 89 89 90 90 89 89 90 90 91 91 91 91 91 91 91 91 91 91 91 91 91 91 91 97 89 93 93 93 93 93 93 93 93 94 94 94 99 97 93 91 76 91 95 81 78 81 73 67 81 44 24 39 31 49 72 41 56 54 38 44 59 47 50 47 39 0 65 71 70 54 31 4 14 0 0 0 3 21 42 61 44 26 21 39 48 43 33 24 49 60 60 55 47 44 41 29 27 22 25 50 61 59 52 47 42 20 0 6 19 13 37 27 59 36 33 18 10 9 41 39 45 39 13 14 0 26 27 21 26 70 52 37 70 21 48 68 39 66 73 94 89 85 89 89 96 87 74 91 87 88 85 77 83 0 94 89 84 79 76 72 85 90 90 91 90 79 89 88 93 95 91 94 87 91 0 14 91 88 91 0 97 90 90 88 93 94 96 96 91 100 93 97 95 97 96 96 87 79 94 2 4 0 94 97 85 77 85 90 85 88 96 66 94 90 89 85 74 87 79 93 94 90 94 97 76 97 67 0 95 82 88 82 77 91 88 84 0 95 89 76 85 66 95 61 84 76 104 78 67 43 76 110 100 61 96 60 94 14 16 99 99 83 122 73 93 60 79 91 22 4 21 21 32 35 36 35 35 35 35 36 36 44 19 0 0 43 26 42 -128 -1 -1 -1 -1 -1 -1 -1 -1 -1 -1 -1 -1 -1 -1 -1 -1 -1 -1 -1 -128 -1 -1 -1 -1 -1 -1 -1 -1 -1 -1 -1 -1 -1 -1 -1 -1 -1 -1 -1 -1 -1 -1 -1 -1 -1 -1 -1 -1 -1 -1 -1 -1 -1 -1 -1 -1 -1 -1 -1 -1 -1 -128 -1 -1 -1 -1 -1 -1 -1 -1 -1 -1 -1 -1 -12 -1 -97 0 74 84 82 76 67 53 106 82 84 102 113 97 127 88 91 102 107 123 89 127 67 -128 -1 -1 -3 -37 -49 -53 -45 -41 -36 -37 -34 -42 -37 -36 -37 -35 -35 -36 -36 -34 -37 -23 -26 -23 -21 -8 -2 -1 -1 -1 -1 -1 -1 -1 -1 -1 -1 -1 -1 -1 100 -1 78 110 116 83
30 67 90 97 18 95 124 111 79 88 104 91 0 -88 94 127 77 88 97 91 91 83 87 0 106 64 82 97 36 26 79 18 48 74 70 73 62 24 41 85 32 56 53 19 26 65 67 47 54 56 18 54 60 76 83 74 66 96 82 104 88 90 94 89 89 91 91 90 90 90 90 90 90 90 90 90 90 90 88 88 90 90 90 90 90 90 91 91 91 91 91 91 90 90 91 91 91 91 91 91 97 1 89 91 91 93 93 91 91 93 93 96 96 91 90 93 87 89 65 88 66 24 36 79 68 76 59 67 47 47 44 35 55 54 41 52 64 32 49 49 52 43 35 52 58 54 35 2 29 29 21 10 22 32 39 66 21 29 60 27 41 42 60 50 31 64 45 61 61 59 54 53 44 45 37 37 60 58 59 61 54 49 37 0 18 37 39 4 6 54 52 38 26 50 26 9 33 43 35 0 7 38 31 0 22 25 49 33 74 12 64 18 62 12 33 74 71 88 73 87 83 96 94 84 89 89 93 88 88 78 81 77 90 88 93 89 79 85 96 96 91 91 62 58 82 93 99 101 88 93 0 74 62 99 102 94 82 78 91 90 90 91 88 97 0 90 96 89 100 96 94 95 95 85 27 4 10 76 16 58 97 79 79 73 87 90 83 88 89 87 81 91 82 78 81 79 87 84 81 89 95 76 88 50 0 87 67 84 87 90 95 82 85 53 77 102 94 81 82 95 65 96 104 73 88 48 38 78 117 97 82 35 89 49 49 15 55 64 84 89 79 90 62 87 77 3 6 14 22 32 35 36 35 35 35 35 35 36 36 29 35 43 0 0 0 53 -79 -1 -1 -1 -1 -1 -1 -1 -1 -1 -1 -1 -1 -1 -1 -1 -1 -1 -1 -1 -128 -1 -1 -1 -1 -1 -111 -1 -1 -1 -1 -1 -1 -1 -1 -1 -1 -1 -1 -1 -1 -1 -1 -1 -1 -1 -1 -1 -1 -1 -1 -1 -1 -1 -1 -1 -1 -1 -1 -1 -1 -1 -1 -1 -1 -1 -1 -1 -1 -1 -1 -1 -1 -1 -128 -128 -128 -128 15 58 54 85 76 64 99 71 62 118 74 97 107 100 87 88 127 101 102 127 106 59 -8 -1 -1 -18 -36 -65 -58 -47 -36 -37 -37 -36 -37 -39 -36 -35 -35 -35 -37 -37 -37 -25 -23 -21 -25 -7 -2 -1 -1 -1 -1 -1 -1 -1 -1 -1 -1 -1 67 101 106 0 9 112 104 84
85 102 70 62 35 0 89 106 90 88 120 0 95 0 74 88 104 94 93 87 90 89 95 0 0 90 60 73 76 62 37 64 59 68 30 55 67 39 41 45 36 14 66 38 53 38 22 27 58 30 47 56 43 32 48 76 64 72 0 97 85 91 91 91 91 91 89 90 90 90 90 90 90 89 89 89 87 89 89 89 89 89 89 90 90 90 90 91 91 91 90 90 90 90 91 91 93 93 93 91 64 82 93 89 88 88 89 89 91 91 89 90 97 77 64 50 53 68 29 54 62 44 84 76 41 44 56 38 50 44 52 58 52 59 43 44 38 60 72 58 52 44 21 6 0 0 18 19 19 15 20 30 49 62 53 58 49 33 27 39 42 60 60 55 58 48 62 61 61 62 59 68 33 72 74 66 60 60 58 59 58 50 41 30 33 33 26 45 0 18 36 56 49 50 14 59 21 33 6 1 64 50 6 8 15 49 44 73 66 38 3 35 12 12 21 12 38 73 85 83 76 65 66 21 95 88 91 70 73 91 0 79 93 88 89 88 89 94 68 65 83 25 0 24 2 88 88 88 8 38 77 78 87 88 85 91 54 76 89 88 81 83 91 97 95 95 95 95 95 90 96 97 70 76 0 83 47 71 0 82 91 90 81 89 82 94 93 91 74 89 91 90 88 79 84 83 91 90 91 90 88 93 37 38 0 78 74 94 95 99 89 96 0 82 93 95 88 88 89 96 88 76 59 81 73 61 93 107 70 76 85 67 97 52 71 0 104 74 91 78 70 72 62 45 20 15 9 22 27 32 33 35 33 36 35 35 36 36 35 37 39 42 53 37 67 25 -98 -1 -1 -1 -1 -1 -1 -1 -1 -1 -1 -1 -1 -1 -1 -1 -1 -1 -1 -1 -1 -1 -1 -1 -1 -1 -1 -1 -1 -1 -1 -1 -1 -1 -1 -1 -1 -1 -1 -1 -1 -1 -1 -1 -1 -1 -1 -1 -1 -1 -1 -1 -1 -1 -1 -1 -1 -1 -1 -1 -1 -1 -1 -1 -1 -1 -1 -1 -1 -1 -1 -128 -1 100 -9 -63 -128 -49 37 47 64 71 62 65 79 84 89 110 120 106 118 81 82 90 93 107 102 116 83 0 -1 -1 -4 -16 -128 -44 -46 -36 -37 -37 -37 -36 -36 -36 -35 -39 -34 -27 -25 -22 -21 -12 -13 -12 -9 -4 -1 -1 -1 -1 -1 -1 -1 -1 112 -1 -1 -1 -1 0 0 79 105 104 102 102
127 79 74 35 116 99 67 0 118 89 78 99 125 111 76 1 90 82 81 96 85 95 89 94 0 22 91 95 90 99 0 71 30 49 85 66 88 54 29 68 68 55 35 73 12 42 53 50 13 52 38 55 65 71 73 72 85 56 60 79 83 85 88 91 91 94 91 90 90 90 90 90 90 89 89 89 88 87 89 89 89 89 89 89 90 90 90 90 89 89 90 90 90 90 91 91 90 90 89 91 89 88 88 87 87 85 85 83 83 88 88 88 70 54 35 65 62 36 24 53 24 61 31 58 43 50 59 12 37 35 48 59 54 58 56 66 64 79 55 22 31 43 0 27 15 21 18 22 32 24 35 45 61 64 61 64 65 61 58 54 56 56 64 61 61 60 53 61 61 62 49 60 49 64 36 38 62 66 59 58 56 58 52 0 48 53 47 35 64 10 0 49 49 42 38 32 36 33 22 0 47 54 45 52 44 0 36 26 44 10 0 3 47 0 31 0 31 68 27 59 79 76 55 44 78 85 87 94 73 89 73 0 32 79 84 90 89 84 43 0 20 56 68 70 67 88 27 0 10 67 96 79 93 88 83 81 81 84 67 88 87 88 88 90 0 93 93 94 96 93 96 91 95 1 19 37 83 101 87 0 48 91 90 91 85 90 93 87 74 87 88 82 82 85 85 88 85 90 91 93 85 97 47 87 99 87 91 84 89 83 89 79 62 64 96 90 96 85 88 78 83 61 53 77 99 74 77 112 96 49 84 91 89 39 52 0 79 108 95 88 83 56 42 32 15 0 4 20 25 21 30 33 33 35 36 35 35 33 33 39 36 36 25 38 30 35 54 -9 -3 -1 -1 -1 -1 -1 -1 -1 -1 -1 -1 -1 -1 -1 -1 -1 -1 -1 -1 -1 -1 -1 -1 -1 -97 -1 -1 -1 -1 -1 -1 -1 -1 -1 -1 -1 -1 -1 -1 -1 -1 -1 -1 -1 -1 -1 -1 -1 -1 -1 -1 -1 -1 -1 -1 -1 -1 -1 -1 -1 -128 -1 -1 -1 -1 -1 -1 -1 -1 53 108 -12 -1 -100 -1 -8 -119 -128 66 77 83 67 89 88 72 102 99 96 116 78 76 90 95 85 99 84 125 73 -128 -2 -12 -18 -21 -93 -56 -39 -37 -37 -37 -36 -36 -37 -35 -34 -27 -25 -25 -13 -12 -12 -11 -7 -7 -2 -1 -1 -1 -1 -1 -1 -1 -1 -102 -1 -128 -128 45 104 104 95 78 105 120 113
60 78 61 49 112 94 122 94 0 0 0 87 102 95 0 9 82 104 93 76 97 105 96 94 0 74 72 87 100 100 37 33 64 31 76 37 25 64 53 26 29 30 24 59 64 53 61 45 0 39 74 59 70 70 72 84 39 39 58 70 85 90 90 93 94 91 91 89 89 89 89 89 89 89 89 88 88 88 88 88 88 88 89 88 88 88 88 90 90 90 89 89 87 89 88 89 85 88 90 89 0 88 87 87 90 90 87 87 84 87 88 70 56 67 50 50 27 44 35 35 76 65 25 65 56 36 59 65 48 52 61 35 38 48 60 37 31 62 43 37 25 26 2 16 35 38 39 41 44 32 50 48 64 67 56 61 58 59 59 60 56 60 59 61 62 52 55 61 61 55 58 54 55 41 53 60 55 59 58 62 59 58 38 49 47 50 47 52 30 44 0 32 42 53 45 39 20 22 38 32 58 58 48 53 50 38 0 41 14 0 18 29 35 25 26 33 0 36 52 65 53 44 50 0 71 88 87 89 91 60 72 29 0 1 81 89 90 76 0 68 70 76 71 68 83 84 85 72 81 76 78 88 90 90 88 95 104 0 89 91 88 85 88 90 90 91 93 96 91 90 90 100 19 65 84 72 101 93 71 79 95 94 93 87 91 97 85 79 89 89 87 87 74 90 85 91 89 91 94 93 96 0 87 83 0 88 77 73 89 101 88 77 0 90 95 87 76 77 83 84 70 53 71 84 60 67 104 113 61 89 64 100 79 48 14 67 78 122 110 56 66 47 29 15 14 16 12 18 21 25 30 32 32 35 35 35 35 35 35 35 35 36 29 36 39 32 24 52 -128 -1 -1 -1 -1 -1 78 -1 -128 -1 -1 -1 -1 -1 -1 -1 -1 -1 -128 -1 -1 -1 -1 -69 -128 -1 -1 -1 -1 -1 -1 -1 -1 -1 -1 -1 -1 -1 81 -1 -1 -1 -1 -1 -1 -1 -1 -1 -1 -1 -1 -1 -1 -1 -1 -1 -1 -1 -1 -1 -1 -1 -1 -1 -1 -1 -1 -1 -4 -6 116 -4 -128 -128 -128 -128 -111 47 65 87 61 65 72 76 97 110 87 74 74 66 67 76 81 88 91 97 94 54 -1 -1 -2 -25 -39 -56 -34 -39 -37 -32 -37 -35 -36 -36 -35 -25 -22 -17 -11 -11 -7 -3 -3 -2 -3 -4 -1 -1 -1 -1 107 -11 -86 -91 -1 0 90 61 73 120 99 122 123 119 110 111
127 81 87 27 73 110 90 93 87 127 104 87 116 113 118 88 99 0 96 104 88 102 90 87 49 0 0 0 0 78 0 64 65 50 45 62 45 30 36 58 62 47 37 41 7 61 76 73 39 71 43 42 53 41 67 61 68 85 0 70 77 82 89 84 87 82 85 87 89 89 89 90 88 89 89 88 88 88 88 88 88 88 89 90 89 89 90 90 90 90 89 89 84 88 84 85 83 83 88 87 64 76 76 83 83 85 85 85 84 84 76 66 61 76 81 66 53 44 64 54 53 38 47 58 58 56 73 48 43 55 27 19 25 20 20 20 8 12 13 14 13 24 0 30 7 42 54 55 60 49 45 48 55 64 55 62 61 56 60 61 58 60 61 62 64 64 59 60 62 61 60 55 60 44 18 14 32 43 41 62 59 56 50 3 45 45 55 39 38 35 44 12 19 48 38 43 38 44 42 0 48 18 22 18 3 48 7 10 0 4 38 30 49 44 26 27 12 7 22 43 61 49 84 77 67 82 84 85 87 94 76 44 56 0 68 78 89 93 82 25 79 85 81 77 81 81 81 81 79 81 88 89 90 90 90 87 89 4 85 88 88 91 88 90 0 89 90 93 93 90 91 90 39 30 61 94 95 89 91 82 10 94 95 94 97 85 77 89 95 87 81 91 89 89 87 94 90 85 87 87 94 0 88 85 91 94 91 70 93 82 84 91 0 111 83 89 64 68 90 82 43 41 85 65 45 49 79 114 82 89 84 104 71 94 36 72 97 89 70 60 49 39 32 25 16 0 12 16 19 22 29 30 31 32 33 35 35 35 35 35 35 33 36 35 37 37 32 41 0 95 -128 -56 -87 -86 -59 -124 45 -102 -1 -1 -1 -1 -1 -1 -1 -1 -1 90 -1 102 102 -1 -1 -128 -128 -1 -1 105 87 -1 -1 -1 90 106 -1 -1 97 -1 -1 -1 -1 -1 -1 -1 -1 -1 -1 -1 -1 -1 -1 -1 -1 -1 -1 -1 -1 -1 106 -1 -1 -1 -1 -1 -1 -1 -1 -9 84 -2 -128 -128 0 48 -128 27 53 62 73 66 64 99 81 113 84 68 66 70 67 81 87 96 108 100 122 87 -128 -1 -1 -16 -42 -78 -40 -39 -37 -36 -39 -36 -39 -40 -22 -21 -21 -6 -2 -1 -1 -2 -3 -3 -3 -3 -1 -1 -1 -1 -1 -112 70 77 70 70 119 127 107 125 119 99 106 97 102 91
0 70 76 67 79 35 101 112 107 107 105 111 85 97 82 116 108 66 101 100 100 101 102 85 91 94 84 0 60 54 43 45 52 67 50 53 67 68 72 47 37 50 61 74 54 29 33 54 32 47 30 29 74 59 66 56 52 15 37 67 47 68 84 67 76 77 82 88 89 89 89 89 87 88 88 88 87 88 88 90 90 90 90 91 93 94 93 93 91 90 89 89 88 89 84 84 83 87 107 74 79 90 83 85 83 83 81 72 79 50 67 41 30 30 45 29 21 9 14 21 27 25 30 54 47 37 26 26 19 19 37 47 48 61 35 37 37 41 39 32 27 31 45 44 6 48 54 53 71 50 44 32 58 66 56 56 58 64 62 55 55 65 62 62 62 67 59 61 66 62 59 62 54 39 31 29 20 25 49 55 48 59 45 61 47 49 31 52 41 33 33 22 10 1 54 43 47 39 12 48 50 27 37 73 62 44 54 27 32 52 56 35 22 74 42 31 33 4 3 20 71 83 74 0 82 91 77 79 87 85 72 59 67 14 7 82 84 84 82 0 74 96 91 91 90 90 87 72 94 93 90 94 89 89 90 93 26 89 87 87 93 89 89 85 91 87 90 91 89 91 82 20 29 68 101 105 87 0 85 36 93 97 90 84 89 94 93 90 89 74 74 84 87 90 78 87 83 90 82 0 76 90 89 89 0 77 83 89 77 99 77 50 117 97 88 77 90 113 93 68 59 83 73 88 62 79 110 104 105 118 107 82 104 0 105 127 104 87 45 55 35 27 26 18 25 0 14 18 20 21 27 30 31 33 35 35 33 33 33 33 33 35 33 35 41 33 43 19 50 31 19 45 66 72 -1 59 26 58 -16 -1 -1 -1 -1 -1 -1 -1 65 107 -1 -1 -6 -51 32 13 29 -93 -1 -1 -1 -1 97 -1 -1 -13 -128 -1 -1 55 -1 -1 -1 -1 -1 -1 -1 -1 -1 -1 -1 -1 -1 -1 -1 -1 -1 -1 -1 -1 -128 -1 -1 -1 -1 -1 -1 -1 -1 96 -27 -110 -47 37 83 74 0 71 82 77 54 65 100 91 119 127 90 67 65 74 88 84 82 113 124 122 127 58 -1 -1 -6 -35 -51 -128 -47 -39 -39 -39 -23 -23 -23 -23 -16 -12 -3 -1 -1 -3 -3 -7 -1 -7 -1 -1 -1 -1 -1 -105 53 89 56 65 67 94 127 112 127 102 114 105 89 87 97 0
127 62 24 0 105 39 0 16 94 110 101 112 76 105 73 95 91 78 81 96 106 89 95 96 114 89 97 106 0 13 89 96 65 30 58 31 61 53 72 67 72 26 38 54 71 71 13 6 22 79 53 42 26 13 41 12 62 9 25 52 76 37 60 35 62 74 82 85 87 89 89 90 89 90 90 90 89 88 90 90 90 90 91 91 95 94 90 89 88 87 85 85 84 85 85 82 79 81 88 84 0 73 74 81 81 77 77 82 72 44 53 60 35 47 55 66 53 42 36 39 47 43 67 60 49 39 26 27 26 29 50 59 59 64 21 35 36 37 44 45 49 24 35 54 44 13 60 56 82 49 36 16 43 61 67 64 44 60 55 64 65 59 62 61 64 62 58 59 54 56 60 62 64 61 54 45 35 43 31 55 49 47 62 53 53 49 44 37 58 52 48 30 21 8 24 15 61 37 55 0 4 39 79 30 25 58 45 35 42 53 36 61 59 19 62 50 31 12 2 49 68 70 53 33 64 82 93 87 88 88 90 89 90 72 16 12 77 74 91 0 88 101 95 91 93 93 91 89 82 88 91 85 89 89 89 91 0 89 93 91 87 90 95 77 0 88 85 90 90 90 87 22 25 54 101 101 90 0 89 2 87 88 94 87 99 93 93 90 90 77 78 91 82 88 85 89 91 78 70 0 91 85 89 95 91 85 97 82 68 67 104 89 -128 108 104 90 90 90 85 87 61 87 93 84 50 77 104 113 114 112 104 101 50 50 112 82 100 60 53 44 33 32 30 19 14 12 13 16 19 20 26 27 30 31 32 33 33 33 33 33 33 35 35 35 33 38 27 0 44 32 36 38 48 38 32 79 66 55 39 -1 -1 -1 -1 -1 -1 -1 105 50 -1 -1 -128 0 15 33 35 14 0 -58 -128 -1 -1 -1 -1 -25 -37 -81 -87 -128 -128 -128 -1 -1 -1 -1 -1 -1 -1 -1 -1 -1 -1 -1 -1 -1 -1 -1 -1 -1 -1 -1 -1 -1 -1 -1 -1 -1 -1 -1 -1 -128 -27 0 55 58 58 70 96 70 50 65 79 100 77 101 97 88 53 73 68 72 61 76 102 116 120 116 52 -1 -1 -6 -40 -44 -14 -26 -34 -36 -21 -23 -23 -23 -17 -8 -1 -1 -1 -1 -1 -1 -1 -1 -1 -1 -1 -1 -1 -128 60 79 104 88 93 99 127 120 117 114 101 82 96 0 48 93
60 60 95 72 0 10 100 27 87 105 105 90 104 0 99 91 73 76 81 88 101 94 104 102 93 102 105 110 0 0 99 42 25 84 59 84 53 73 67 65 19 32 36 37 56 62 62 65 33 42 68 67 77 60 24 83 4 45 74 15 31 24 41 67 76 77 82 83 84 83 83 85 88 89 89 88 87 87 87 84 84 84 87 94 90 88 85 82 81 79 81 81 79 81 82 77 77 77 81 50 72 73 76 77 71 66 56 44 52 49 60 15 59 35 49 52 48 49 43 39 39 21 10 36 61 67 68 61 58 71 50 30 53 50 36 35 33 59 44 52 29 0 61 60 41 10 64 54 41 127 58 44 30 30 50 60 56 59 56 53 58 60 65 62 60 62 49 62 60 59 58 52 61 61 60 61 56 62 56 60 56 53 0 44 58 55 52 60 47 72 55 47 44 30 32 18 53 38 0 55 54 54 29 35 71 7 16 56 43 54 48 37 59 54 19 58 41 42 16 18 64 31 9 0 41 48 91 84 88 87 82 74 74 87 70 0 0 0 0 65 85 97 89 93 90 90 87 87 89 91 90 90 89 89 88 0 83 99 89 88 72 82 94 88 77 93 87 91 89 91 82 9 66 93 96 87 65 82 1 95 95 95 88 93 93 91 90 89 82 82 87 93 81 89 84 82 85 84 9 76 89 89 95 95 58 90 104 93 85 87 94 54 110 99 88 85 93 56 99 55 53 95 83 60 72 89 106 114 114 101 55 113 111 0 113 119 48 45 33 43 32 31 21 13 9 0 14 18 18 20 26 27 30 31 32 32 33 33 33 33 36 35 38 33 32 49 16 44 44 42 58 59 43 37 22 42 30 -128 -128 -1 -1 -1 -1 -1 -1 -1 96 93 -40 -128 32 0 19 52 47 65 6 4 21 -86 -128 -69 13 0 2 31 18 8 -128 -1 104 102 -1 -1 -1 -1 -1 -1 -1 -1 -1 -1 -1 -1 -1 -1 -1 -1 -1 -1 -1 -1 -1 -1 -1 -1 -1 114 -117 -128 -101 -128 59 72 39 101 62 48 61 66 84 82 79 112 87 64 74 73 73 83 76 107 122 94 77 65 -63 -75 -128 -11 -40 -22 -32 -26 -22 -23 -25 -23 -23 -13 -4 -1 -1 -1 -1 -1 -1 -1 -1 -1 -1 -1 -1 -1 -1 -128 88 95 106 127 117 125 122 104 68 112 25 15 88 102 94 61
127 77 47 47 70 104 89 108 0 70 66 90 105 99 101 100 102 112 81 45 3 97 112 82 107 91 87 97 85 16 0 0 99 59 22 97 50 68 47 87 39 45 62 74 59 42 54 59 61 58 61 41 81 78 32 33 21 0 65 54 30 25 56 82 83 73 82 82 84 83 82 84 87 87 85 85 84 82 84 84 81 82 84 84 88 87 83 79 78 77 79 82 78 83 79 81 74 70 55 56 62 67 59 68 62 62 81 38 50 30 52 19 66 25 44 35 38 59 49 38 45 35 55 66 62 53 55 44 50 35 33 55 36 32 52 58 64 29 60 39 4 32 58 56 70 2 48 54 56 56 60 59 55 62 44 64 67 62 56 61 59 60 61 56 56 61 60 48 60 64 59 59 59 61 61 61 61 61 55 31 44 35 39 33 45 53 64 65 62 49 62 52 35 53 44 27 6 9 48 22 15 24 24 20 36 82 71 37 20 32 24 20 52 68 48 52 21 29 54 14 9 39 39 55 47 90 47 73 77 81 84 83 81 81 79 72 74 65 35 52 68 66 81 85 87 89 89 89 89 89 84 91 96 87 54 24 84 90 91 91 89 87 88 89 0 84 89 89 91 96 85 3 47 94 97 110 78 76 58 93 93 91 89 82 70 84 89 89 88 85 85 88 87 88 90 82 95 84 0 90 94 91 94 96 94 91 84 87 110 97 100 0 53 102 105 99 81 83 48 77 78 88 58 61 50 94 88 114 112 70 74 95 96 84 9 87 95 74 74 50 36 26 24 18 22 13 22 21 20 19 25 26 29 30 31 32 32 31 31 36 32 37 38 35 47 39 0 36 36 32 38 38 33 41 45 48 -128 0 53 -42 -1 -1 -1 -1 -1 -1 -1 0 -1 -128 8 68 59 60 39 15 9 18 20 33 38 33 42 10 9 48 14 50 6 -128 -1 -1 -1 -1 -1 -1 -1 -1 -1 -1 -1 -1 -1 -1 -1 -1 -1 -1 -1 -128 -1 -1 -1 -1 -1 -1 -1 -1 -1 -1 -65 -79 -75 44 54 93 76 61 55 67 67 83 79 81 100 78 100 56 56 73 85 82 114 97 94 68 50 43 33 -1 -44 -47 -78 -23 -25 -26 -25 -25 -22 -14 -6 -1 -1 -1 -1 -1 -1 -1 -1 -1 -1 -1 -1 -1 -1 -107 101 96 107 122 110 127 94 66 0 113 106 93 73 88 100 39
71 35 50 49 87 82 101 83 96 0 0 66 95 77 95 99 93 91 90 99 41 94 99 83 97 84 111 120 93 35 0 0 60 114 35 78 41 52 42 49 61 72 70 21 22 21 41 43 82 27 62 94 70 81 56 15 0 53 38 29 54 78 58 39 67 79 79 84 84 82 85 84 87 83 79 84 83 82 82 81 81 83 83 83 84 83 78 76 76 77 77 76 62 59 64 54 62 68 70 0 38 48 52 45 67 43 30 72 55 33 25 48 50 39 43 76 19 47 39 56 72 70 56 54 68 55 45 55 43 54 47 33 24 43 21 15 22 19 71 60 41 4 32 21 0 32 56 29 58 60 61 60 60 48 41 39 48 58 60 58 61 65 65 61 61 60 59 58 49 52 55 56 58 56 60 61 61 64 47 22 27 26 0 21 32 38 24 53 24 52 54 67 48 47 53 31 47 9 3 48 66 21 -111 -45 0 12 64 43 30 43 39 39 27 27 45 38 44 38 43 31 0 25 22 0 0 60 61 87 81 79 82 71 73 78 81 82 82 74 43 71 54 84 90 89 91 93 89 89 89 89 87 88 53 0 83 84 90 94 90 89 89 90 91 93 88 83 89 90 91 95 16 52 76 97 94 93 7 0 88 91 90 93 90 74 99 91 89 89 89 88 88 88 88 87 87 77 71 9 82 81 94 90 101 83 85 78 82 91 104 67 0 85 95 101 100 95 89 54 91 89 93 87 90 74 97 94 114 102 99 64 87 55 89 60 87 0 91 66 71 56 25 21 19 14 10 0 18 18 19 16 25 27 29 31 30 30 31 31 31 38 38 16 0 0 0 0 36 36 36 37 33 38 44 38 33 -128 0 47 0 -1 -1 -1 -1 -1 -1 -1 -1 -1 -128 12 44 49 50 68 47 42 53 36 16 30 33 52 18 7 6 9 0 0 -128 -1 -1 -1 -1 -1 -1 -1 -1 -1 -1 -1 -1 -1 -1 -1 -1 -1 -1 -1 -1 -1 -1 -1 -1 -1 -1 -1 -1 -1 -1 -1 -112 -117 -91 61 65 95 60 54 56 59 87 81 81 90 94 88 59 68 67 90 102 105 78 73 81 56 101 72 -128 -11 -26 -22 -128 -23 -26 -20 -11 -11 -2 -1 -1 -1 -1 -1 -1 -1 -1 -1 -1 -1 -1 -1 -1 -1 30 94 127 112 104 118 83 0 107 107 101 116 74 73 59 27 0 -7
122 31 84 9 48 9 0 0 88 108 4 95 94 0 55 108 93 93 94 112 81 13 68 94 91 117 113 82 91 78 78 37 0 0 105 33 70 41 36 65 76 53 52 31 31 33 101 79 24 30 18 32 49 43 35 38 45 65 76 50 35 64 65 54 79 88 81 79 79 84 85 82 87 81 78 88 81 78 84 82 81 85 82 83 84 81 83 78 84 84 71 71 45 53 32 6 66 59 44 10 13 53 72 19 55 47 58 48 29 49 71 53 47 54 50 68 16 43 67 68 58 18 72 71 43 62 72 73 77 60 45 21 32 27 -126 -128 -89 -128 0 56 59 3 49 14 38 0 0 42 29 61 58 58 54 52 41 31 37 52 58 58 65 64 65 60 67 64 62 61 61 56 58 62 55 59 54 59 60 61 64 41 39 50 39 39 64 44 32 56 20 38 33 68 65 71 65 54 50 60 55 27 25 52 -128 -2 118 -128 24 52 0 21 37 45 50 47 50 71 16 24 22 20 33 3 15 33 0 0 54 54 76 78 74 72 65 85 73 77 72 79 78 76 44 73 87 91 91 93 90 85 89 84 85 99 0 61 93 90 90 93 94 89 89 95 94 85 0 89 89 89 90 93 91 7 48 85 93 77 74 0 97 94 90 90 90 87 89 90 90 88 89 88 85 88 88 88 88 90 88 43 94 90 89 89 91 106 94 0 90 95 81 72 -128 95 116 97 95 93 79 55 97 102 85 96 60 45 94 78 78 90 107 73 88 96 66 96 87 83 22 122 91 60 68 29 20 16 12 8 22 16 19 18 25 26 31 31 31 30 30 31 31 32 0 9 39 39 38 33 32 33 36 37 37 36 44 14 -126 -128 32 61 39 -1 -1 -1 -1 -1 -1 -1 -1 -1 0 31 43 30 62 64 58 74 90 42 59 55 35 44 41 13 24 48 21 2 -128 -1 101 -1 -1 -1 -1 -1 -1 -1 -1 -1 -1 -1 -1 -1 -1 -1 -1 -1 -1 -1 -1 -1 -1 -1 -7 -1 -1 -1 -1 100 -1 -128 -55 -74 82 66 48 58 64 64 71 97 68 72 112 112 90 89 59 99 95 73 68 60 77 65 65 76 73 -1 -17 -6 -12 -27 -8 -11 -12 -1 -1 -6 -1 -1 -1 -1 -1 -1 -1 -1 -1 -1 -1 -1 -1 -1 0 74 122 127 8 65 100 114 110 124 84 110 102 45 42 47 -128 95
100 87 0 0 0 56 76 0 0 85 3 24 102 84 82 88 0 102 112 88 88 96 85 95 90 82 113 94 90 0 93 64 91 0 0 0 0 79 38 59 64 96 88 76 77 106 79 81 82 111 83 54 50 53 48 61 31 89 67 55 37 36 72 58 74 62 85 70 83 77 66 67 73 77 71 52 64 35 67 58 47 66 64 72 74 74 60 78 64 54 62 29 42 39 50 60 68 70 65 50 59 49 43 44 30 59 56 43 48 42 66 43 49 18 16 32 21 50 66 47 48 45 33 27 42 24 32 38 36 48 37 54 43 31 48 -128 60 -79 4 45 35 60 48 61 36 14 4 21 36 19 52 48 49 44 33 44 56 60 59 62 61 61 60 58 55 58 62 62 61 56 49 59 56 58 59 59 61 65 61 65 47 54 38 39 43 70 55 52 55 49 30 33 45 62 59 22 56 41 47 45 67 22 0 -128 -103 6 50 58 47 19 43 59 64 60 64 62 52 43 64 47 35 27 18 0 0 26 0 36 15 45 77 70 74 64 41 29 43 48 56 78 76 82 88 77 77 84 74 90 90 83 93 0 77 95 91 91 89 90 89 89 91 89 84 83 87 89 91 93 94 91 6 64 93 99 83 0 0 99 88 88 88 89 88 73 89 90 89 87 81 85 85 87 88 88 91 87 0 78 97 88 90 95 89 89 91 97 89 83 74 15 101 110 97 83 99 77 41 85 82 90 83 74 89 84 74 58 78 110 62 85 72 77 85 102 87 99 8 64 82 100 37 20 15 12 9 9 13 19 21 19 25 27 30 30 30 30 30 30 35 0 29 39 31 31 30 29 33 35 36 36 36 42 13 -128 25 31 22 55 -119 -1 -1 -1 -1 -1 -1 -1 -128 0 36 45 41 43 49 44 64 50 35 25 48 53 20 21 16 14 0 0 15 0 -84 -1 -1 -1 -1 -1 -1 -1 -1 -1 -1 -1 -1 -1 -1 -1 -1 -1 -1 -1 -1 -128 -1 -1 -1 -1 -1 -1 -1 -1 -1 -1 -1 39 -1 0 85 43 45 64 68 95 90 77 95 119 107 82 96 58 62 71 53 62 66 94 97 68 48 99 -128 -1 -1 -1 -4 -9 -1 -1 -4 -1 -1 -1 -1 -1 -1 -1 -1 -1 -1 -1 -1 -1 -1 -1 114 0 36 0 118 88 110 96 127 120 116 94 106 73 78 37 -122 -128 -1 -128
127 97 0 3 96 100 99 77 0 0 93 91 0 94 9 87 93 101 94 0 45 -39 66 105 97 113 107 87 112 79 66 78 77 61 64 0 0 13 9 0 30 66 95 94 66 102 79 79 87 96 79 83 50 20 81 62 0 42 35 13 39 54 60 43 31 59 42 48 49 42 67 37 64 68 62 27 71 35 53 19 45 61 66 50 45 56 70 25 76 62 39 64 31 41 64 36 88 77 58 0 79 68 73 58 52 66 49 62 72 72 55 68 47 44 45 42 41 67 33 24 27 44 33 29 37 25 36 39 48 44 35 41 43 39 53 12 15 -128 -125 54 37 0 44 55 70 66 39 20 0 43 56 47 47 42 56 58 55 62 62 65 66 64 60 61 60 61 59 55 60 60 64 64 61 65 55 59 60 61 58 55 59 44 27 36 32 22 47 50 53 39 26 31 43 27 50 33 50 56 32 35 21 36 76 72 52 32 37 39 14 14 35 42 33 30 20 42 36 33 35 35 36 32 49 31 0 43 8 10 0 15 52 64 73 70 72 52 72 61 67 70 84 73 76 66 76 90 85 90 85 85 88 93 26 83 97 91 91 93 94 89 89 85 81 93 0 91 87 89 90 83 81 0 67 90 96 35 0 38 100 93 90 90 84 72 87 90 90 88 87 85 83 89 88 88 88 87 7 70 96 91 89 89 89 94 91 0 79 94 101 -128 71 120 67 70 104 89 66 83 72 67 87 101 66 60 99 70 111 110 94 83 83 90 72 78 73 105 94 39 88 127 54 15 15 10 8 8 0 18 21 20 25 26 29 29 29 30 30 29 29 10 52 43 21 35 35 37 35 33 36 35 35 30 29 0 44 55 58 71 -23 -1 -1 -1 -1 102 -1 -1 -1 -97 43 37 48 47 35 41 47 49 65 29 25 6 0 20 0 9 0 -128 -128 25 0 -39 -1 -1 -1 -1 -1 -1 -1 -1 -1 -1 -1 -1 -1 -1 -1 -1 -1 -1 -1 -1 -128 -1 -1 -1 -1 -1 -1 -1 -1 -1 -1 82 82 -78 52 53 44 66 81 77 93 96 105 113 127 91 113 74 82 54 52 65 56 78 87 116 83 66 77 -3 -1 -2 -1 -128 -1 -1 -1 -1 -1 -1 -1 -1 -1 -1 -1 -1 -1 -1 -1 -1 -1 -1 -122 22 79 89 91 106 82 101 117 127 111 104 114 61 62 49 0 -88 -108 -65
26 0 119 106 99 100 117 100 97 0 0 107 99 102 39 96 94 93 94 117 100 0 0 81 102 95 111 76 84 33 76 29 0 29 12 90 91 18 44 61 87 85 74 76 88 100 85 66 88 65 68 94 47 87 83 66 53 41 65 9 41 76 58 49 52 59 53 68 52 74 68 58 54 84 64 33 49 64 35 36 50 33 62 33 72 55 38 61 58 76 62 45 42 81 33 68 36 39 26 38 18 31 39 38 53 32 35 37 70 68 60 74 61 50 49 44 47 39 50 29 35 41 30 35 33 39 39 41 59 52 54 45 25 37 33 37 38 45 42 38 36 31 21 82 60 39 38 33 0 14 49 39 42 39 48 54 59 37 41 56 55 58 55 62 58 60 61 59 60 59 61 59 62 67 58 55 56 60 59 58 64 41 31 43 29 14 43 25 39 50 16 41 39 48 50 49 37 41 42 50 62 67 61 48 49 53 52 45 35 24 49 55 42 37 38 55 19 29 16 21 19 68 39 55 55 62 43 36 26 35 62 67 66 67 67 72 60 77 79 74 81 72 73 78 81 84 88 88 88 87 87 44 87 96 88 88 88 88 89 89 90 87 88 94 88 88 94 91 90 84 0 71 89 87 24 99 79 22 0 68 93 65 89 82 91 90 89 88 88 87 85 87 94 90 93 94 18 54 95 83 77 91 89 100 87 79 93 95 65 95 95 99 81 83 100 73 71 44 58 99 79 78 105 65 87 104 105 89 85 96 101 88 76 73 89 90 88 33 114 81 29 24 12 6 14 20 22 19 21 20 26 29 27 27 24 31 32 0 0 31 26 31 31 33 35 35 29 35 43 32 44 10 -128 3 47 38 35 27 -3 -7 -1 -1 -1 -1 -1 -11 0 29 44 36 35 37 36 32 25 33 50 49 25 16 16 32 0 -128 -47 -1 -61 -116 -1 -1 -1 -1 -1 -1 -1 -1 -1 -1 -1 -1 -1 -1 -1 -1 -1 -1 -1 -1 -1 -1 -1 -1 -1 -1 -1 -1 -1 -1 -18 -1 -1 112 106 -128 41 47 59 82 70 77 120 97 104 112 112 116 111 85 61 82 120 99 99 74 119 82 64 44 -9 -1 82 -1 -1 -12 -18 -1 -1 -1 -1 -1 -1 -1 -1 -1 -7 -1 -1 -1 -1 -128 -44 -1 78 83 111 120 95 94 84 96 114 123 111 79 74 53 0 37 -128 89 -1 -1
127 0 0 84 105 102 116 118 85 85 88 0 0 0 0 104 106 107 93 105 99 110 56 104 116 0 0 105 102 0 37 81 96 107 104 102 99 106 50 77 72 90 89 88 82 83 77 76 90 65 85 82 85 41 37 31 47 50 64 52 66 58 53 50 81 72 72 53 78 59 66 37 54 56 48 50 55 73 83 71 45 35 61 35 43 38 58 55 71 52 50 62 54 61 48 35 37 26 43 56 60 68 24 68 65 74 59 53 39 44 38 53 32 48 64 64 61 52 58 45 43 36 53 48 53 45 49 43 66 27 36 35 35 36 49 43 38 52 49 44 47 26 42 26 27 71 36 54 45 48 0 56 50 56 45 53 50 55 54 49 42 41 64 58 61 60 64 61 61 110 62 54 55 62 58 56 60 59 64 59 64 61 0 31 52 52 60 24 18 19 16 22 37 42 32 15 30 39 27 45 67 24 29 36 42 50 45 48 25 26 35 41 47 26 44 60 43 18 39 36 37 45 15 31 42 55 42 38 35 3 24 44 47 58 64 53 55 56 70 58 79 77 72 78 83 84 89 88 88 88 82 0 24 89 84 88 88 88 88 89 89 90 90 89 0 88 91 82 82 93 29 76 84 89 10 101 83 108 84 87 70 52 74 0 89 91 90 88 88 88 89 90 84 90 91 81 70 4 96 85 88 90 100 96 89 0 85 95 82 0 0 91 93 94 101 82 95 88 58 85 72 87 76 96 102 61 108 89 71 74 78 102 96 83 85 113 116 102 55 56 76 29 19 9 12 20 0 22 24 21 26 27 27 27 27 25 35 0 0 37 30 29 32 32 33 33 33 37 24 27 27 -128 0 29 30 35 42 33 36 -11 16 -72 -1 -1 -128 0 14 19 0 49 42 33 29 26 12 30 32 64 62 12 0 -78 -128 -4 94 105 114 -6 -1 -1 -1 -1 -1 -1 -1 -1 -1 -1 -1 -1 -1 -1 -1 -1 -1 -1 -1 -1 -1 -1 -1 -1 -1 -1 -1 -1 -1 -1 -1 -1 -1 -1 -1 -1 -1 -128 30 66 54 59 101 93 117 124 83 108 127 102 72 72 78 72 81 77 107 99 82 36 14 -1 -1 -1 -1 -1 -1 -1 -1 -1 -1 -1 -1 -1 -1 -1 -1 -1 -128 -58 -1 -1 -4 -1 74 120 125 118 110 111 104 117 119 106 84 64 15 -108 3 10 -20 -128 0 -23
112 2 0 102 105 117 110 93 105 101 82 90 53 0 70 93 87 99 94 97 97 78 104 95 94 97 82 0 0 0 99 104 89 123 102 105 108 61 43 89 95 77 74 105 95 72 81 74 96 85 79 73 68 20 62 6 60 55 76 60 60 67 56 26 36 64 53 49 22 54 62 26 35 58 56 27 24 20 16 36 61 66 45 74 48 60 54 49 59 64 65 58 47 29 48 65 62 60 0 48 32 48 67 50 27 32 37 44 73 41 49 37 42 65 52 76 72 62 26 54 50 56 53 54 52 48 44 107 49 44 49 32 48 61 49 35 39 53 30 36 0 39 41 38 31 31 45 49 37 58 53 38 59 60 43 20 43 54 45 44 59 50 59 55 53 58 59 61 62 61 61 56 55 60 53 66 60 55 61 58 65 52 42 41 53 49 45 12 39 41 41 44 41 31 27 35 29 27 38 24 24 32 49 31 58 36 55 39 44 45 31 70 27 13 43 36 47 39 45 45 42 50 32 22 19 32 55 43 37 21 6 22 44 43 50 60 70 26 25 70 53 77 85 85 79 84 87 87 87 87 43 78 84 90 88 88 88 87 90 87 72 83 88 91 91 89 89 82 94 83 0 79 76 94 73 99 91 96 94 84 88 88 78 0 76 83 89 87 83 89 88 87 89 89 82 14 0 79 95 101 83 101 90 96 91 101 91 93 116 45 0 81 99 96 97 95 89 66 41 70 91 79 108 96 74 64 112 107 74 87 100 90 91 79 84 102 79 73 78 65 81 29 16 10 16 21 21 29 25 22 29 29 26 26 21 30 0 38 26 27 25 30 32 32 32 32 47 21 0 -128 -128 25 37 36 30 36 36 33 37 44 37 9 10 -13 -13 33 33 48 37 29 25 16 15 19 18 22 33 56 22 10 -128 -115 -1 96 -1 -1 -1 -1 -1 -1 -1 -1 -1 -1 -1 -1 -1 -1 -1 -1 -1 -1 -1 -1 -1 -1 -1 -1 -1 -1 -128 -1 -1 -1 -1 -1 -1 -1 -1 -1 -1 116 -1 81 -126 -28 6 78 64 77 97 101 117 85 91 93 107 83 65 68 76 106 70 66 123 79 70 64 -128 -1 -1 -1 -1 -22 -1 -1 -1 -1 -1 -1 -1 -1 -1 -128 -1 -1 -1 -1 -1 -1 -1 61 127 117 116 112 118 96 108 122 111 76 90 66 -120 81 0 -1 0 53 64 90
127 47 0 82 108 110 112 105 110 116 88 0 111 105 0 0 90 102 83 108 0 76 0 50 65 95 111 0 0 0 87 0 83 105 79 95 94 94 54 83 93 102 100 90 90 94 101 96 84 55 93 94 81 95 71 20 84 36 81 49 29 76 64 67 62 66 37 36 64 67 55 54 66 44 41 32 32 36 29 27 66 38 64 21 33 54 48 43 48 54 58 44 39 27 73 71 55 73 49 64 49 62 39 37 43 45 52 52 47 55 41 85 64 37 45 59 43 50 55 52 58 61 56 48 45 27 49 50 49 52 52 38 38 37 29 29 29 36 27 35 44 54 42 52 45 26 13 58 66 35 0 38 43 33 49 55 21 39 53 50 50 45 55 59 58 53 58 59 60 61 61 60 65 60 54 62 64 66 62 56 65 60 0 44 49 54 45 37 66 32 50 49 59 39 39 42 47 49 47 20 22 37 44 39 53 38 39 56 38 59 43 55 45 20 54 65 48 33 43 37 62 48 50 0 29 19 22 45 55 33 47 25 3 13 33 61 53 62 37 74 60 45 52 94 71 84 87 87 85 84 83 0 81 85 91 87 87 84 88 88 83 81 87 91 0 90 84 87 93 91 66 31 66 0 84 91 99 94 93 91 85 88 88 66 0 36 85 81 87 87 89 87 88 91 89 0 78 83 94 74 93 99 96 94 87 43 100 89 87 85 97 0 94 82 91 68 91 84 66 68 74 84 90 72 66 59 116 111 106 111 95 99 96 93 94 97 101 108 106 19 62 47 33 16 14 21 24 20 26 22 27 27 26 26 26 6 0 2 24 29 24 26 31 32 32 32 32 37 -128 0 9 27 41 44 35 37 37 33 36 49 70 33 43 65 62 43 33 26 22 29 26 21 13 16 14 20 32 26 0 3 -128 -1 -30 105 -1 -1 -1 -1 -1 -1 -1 -1 -1 -1 -1 -1 -1 -1 -1 -1 -1 -1 -1 -1 -1 -1 -1 -1 -1 -1 -1 105 -1 -1 -1 -1 -1 -1 -1 -1 -1 -1 89 112 104 -1 -73 42 70 68 106 111 119 127 117 95 107 97 61 68 64 87 72 61 83 120 73 82 0 -1 -1 -1 -1 -1 -128 -1 -1 -1 -1 -12 -56 -128 -1 -1 -1 -1 -1 -1 -1 -1 -1 -1 107 118 112 102 125 104 113 99 112 96 25 -128 -128 44 16 -1 -13 37 76 94
0 48 94 110 107 107 116 114 114 72 67 101 95 97 99 0 0 0 0 0 0 0 0 0 0 0 0 91 95 87 78 107 94 102 0 68 89 95 1 94 102 110 88 93 81 105 83 85 97 78 79 77 87 85 30 84 22 0 71 58 77 60 66 71 59 60 52 43 32 31 52 53 56 54 48 41 56 68 72 67 60 52 50 64 59 65 62 68 64 60 55 43 38 56 56 52 50 59 50 70 53 53 49 44 58 64 56 55 54 41 32 56 76 49 50 52 60 56 59 64 53 58 50 59 31 58 67 67 59 42 53 45 36 61 48 48 50 45 49 35 0 35 43 50 39 48 45 16 47 44 0 53 42 31 21 47 27 47 39 45 55 52 64 65 62 65 55 58 61 62 62 62 62 61 61 62 58 50 52 50 52 44 39 41 29 39 43 24 33 41 39 43 24 41 58 52 32 39 42 50 60 24 21 9 43 71 30 38 37 35 24 30 14 64 64 25 50 29 21 20 35 38 27 44 50 50 47 31 72 37 58 41 27 3 20 29 54 82 77 44 79 82 61 61 88 88 89 89 88 85 76 31 85 74 77 88 88 83 85 85 90 90 78 90 96 81 85 107 87 79 0 71 73 118 85 95 91 72 72 82 85 88 74 77 93 74 1 0 55 84 96 100 97 89 96 68 88 89 84 97 85 89 87 89 84 97 90 94 100 96 95 -128 105 100 83 101 74 66 76 66 74 68 59 70 96 112 112 110 106 100 104 79 95 107 85 71 97 94 4 70 67 44 21 14 16 25 0 35 22 20 22 25 30 33 0 27 22 27 29 29 27 29 27 48 22 36 -45 -128 20 29 29 33 33 38 35 38 39 37 30 36 38 36 36 36 37 32 25 27 0 14 12 20 13 20 38 0 19 0 -117 -1 -1 -1 -1 -1 -1 -1 -1 -1 -1 -1 -1 -1 -1 -1 -1 -1 -1 -1 -1 -1 -1 -1 -1 -1 -1 -1 -1 -1 -1 -1 -1 -1 -1 -1 -1 -1 -1 -1 -1 -1 -1 106 -9 59 49 -128 65 61 81 116 88 112 114 105 76 105 107 88 95 60 50 74 48 58 60 65 87 0 -1 -1 61 -1 -1 -1 -128 -1 -82 -122 -1 -1 -1 -1 -1 -1 -1 96 106 112 -1 -128 81 93 127 105 119 119 113 88 90 100 67 -122 -121 -26 102 -1 -110 60 87 105 81 68
127 0 0 66 120 100 118 116 113 116 108 94 91 84 97 93 83 0 0 78 85 94 82 56 65 84 101 106 102 96 82 111 107 78 99 110 83 0 0 37 70 66 101 84 67 97 77 87 77 91 89 84 85 85 66 21 24 0 0 87 91 66 20 32 55 43 73 44 68 55 33 50 60 48 62 53 62 56 59 59 49 67 58 55 78 72 56 55 58 59 56 61 71 67 49 39 59 64 0 58 59 45 59 61 58 50 59 55 59 53 54 70 56 52 50 64 59 53 62 76 66 62 26 58 61 53 37 42 38 32 49 41 52 48 55 45 49 45 37 41 21 26 35 43 49 35 47 44 71 44 47 0 50 59 56 26 24 37 47 47 43 54 49 49 59 59 60 64 61 62 62 62 62 64 64 61 61 59 59 59 50 50 48 42 27 37 43 47 33 20 13 41 27 48 32 36 27 9 48 41 16 56 65 43 25 13 58 36 47 32 39 43 35 49 50 38 41 15 30 26 44 39 22 0 36 31 54 43 42 39 37 41 20 25 6 39 33 29 47 37 61 79 53 47 67 81 87 87 88 87 83 83 13 0 95 78 89 85 79 85 85 88 79 76 0 73 88 43 78 70 0 91 14 81 105 94 96 81 78 81 82 83 78 78 68 4 47 90 70 35 83 87 77 79 84 0 90 93 84 101 89 87 91 88 82 84 91 99 101 71 81 99 49 102 70 106 91 71 48 64 55 82 76 89 117 112 112 112 108 102 101 84 102 91 68 83 90 105 0 87 93 70 42 14 12 21 29 24 25 19 20 24 25 22 0 20 24 22 29 29 29 27 30 29 21 9 0 -122 1 39 36 35 35 33 29 27 29 32 31 33 36 36 37 36 36 33 18 21 13 9 13 21 13 10 22 0 -128 0 -1 -1 -1 -1 -1 -1 -1 -1 -1 -1 -1 -1 -1 -1 -1 -1 -1 -1 -1 -1 -1 -1 -1 -1 -1 -1 -1 -1 -1 -1 -1 -1 -1 -128 -1 -1 -1 -1 -1 -1 -1 -1 -1 -1 97 90 -1 14 62 74 65 87 90 71 90 124 93 93 71 65 70 74 50 66 76 78 68 90 35 0 -17 -1 -1 -1 -1 -7 -128 -45 -1 -3 -1 -1 -1 -1 -1 -1 -1 -1 -1 -1 -1 -56 77 97 118 102 100 107 70 62 87 110 -128 -39 -128 21 -1 81 82 0 82 97 89 90
119 88 0 0 108 114 107 117 108 104 105 95 99 96 96 77 87 89 100 100 89 97 100 99 93 105 89 88 110 104 99 87 95 101 112 107 124 101 0 87 0 87 83 81 90 85 95 67 77 66 82 76 70 62 0 95 0 7 0 77 64 33 77 50 70 54 30 56 61 64 56 47 26 78 29 82 58 70 48 56 68 67 66 77 44 45 39 53 71 77 78 37 45 67 64 62 50 55 64 58 76 68 70 70 66 64 62 64 48 52 62 44 54 70 60 35 64 70 73 76 50 48 49 67 55 65 65 47 35 48 68 52 53 56 53 54 44 43 44 38 29 33 48 49 55 48 53 48 33 37 49 8 15 56 42 38 38 31 33 45 54 55 59 59 56 58 50 59 61 62 62 62 62 62 62 62 62 56 53 49 43 0 42 35 42 44 59 49 39 29 58 44 37 18 9 30 15 14 76 65 50 14 62 62 36 62 56 35 13 72 74 35 41 32 54 24 29 25 16 50 70 41 15 49 53 35 19 41 30 16 13 27 25 25 24 0 30 50 3 38 22 30 72 93 82 72 84 84 88 85 85 78 81 37 47 82 87 89 89 89 89 81 84 65 76 32 1 45 0 50 71 60 72 82 87 96 90 84 82 90 88 89 81 48 0 87 93 78 24 0 0 0 6 35 59 89 89 83 99 94 91 94 105 97 76 48 91 97 106 89 64 0 110 88 68 91 101 79 55 89 71 62 89 112 112 112 112 111 105 96 85 84 85 95 90 91 96 0 59 116 95 50 22 12 16 25 0 26 22 20 20 22 22 14 7 22 20 25 29 29 27 29 41 12 22 -128 12 31 44 37 30 30 30 18 15 16 19 26 30 31 33 31 32 29 36 32 36 22 0 20 22 21 16 10 14 -128 -128 71 -1 -1 -1 -1 -1 -1 -1 -1 -1 -1 -1 -1 -1 -1 -1 -1 -1 -1 -1 -1 -1 -1 -1 -1 -1 -1 -1 -1 -1 -1 -1 -1 -1 -1 -1 -1 -1 -1 -1 -1 -1 -1 -1 101 -1 -1 42 -122 55 67 100 110 73 78 96 124 95 106 93 74 77 64 72 67 -128 64 61 -70 -128 -2 -1 -1 -7 -128 -1 -1 -1 -1 -1 -1 -1 -1 -1 -1 -1 -1 -1 -1 -1 -1 -128 96 88 112 113 112 114 45 -116 -1 93 -128 -103 -128 -128 -1 -1 -1 -1 66 111 125 112 119
127 0 0 0 74 105 102 117 117 119 0 87 89 91 93 94 87 111 104 81 111 99 104 101 84 91 104 110 101 94 114 87 93 84 87 117 106 99 114 61 81 87 104 87 0 6 60 78 82 107 88 83 94 114 65 83 6 29 62 45 0 60 96 48 90 64 82 64 67 73 52 52 88 39 72 0 20 53 62 49 70 48 38 55 47 45 43 45 54 53 64 56 64 70 60 50 44 43 50 66 74 71 76 61 71 67 52 49 53 60 65 59 58 61 56 62 73 64 74 56 60 78 54 65 49 55 66 64 61 60 58 41 38 59 44 47 61 47 53 72 0 44 49 49 49 50 45 0 0 0 22 15 33 67 29 54 44 31 33 42 48 52 58 59 59 59 59 56 59 59 61 61 61 61 61 58 56 56 60 60 58 55 42 45 43 36 31 30 39 35 42 35 33 44 31 35 39 52 42 10 10 18 36 39 14 43 35 22 37 31 15 15 30 62 41 26 33 33 49 42 10 29 20 0 24 18 45 37 32 41 43 44 43 48 49 19 12 3 0 24 26 71 38 65 41 43 77 81 82 84 84 83 81 79 81 0 77 87 78 68 73 85 81 84 0 72 76 77 91 54 42 54 82 83 89 94 94 93 87 90 89 87 72 0 100 87 94 90 93 89 82 88 87 87 93 76 101 82 99 83 85 82 93 102 90 91 96 91 105 87 110 -128 110 95 97 106 96 97 88 59 60 67 107 112 110 112 112 97 62 93 65 91 81 95 73 90 97 47 70 112 78 54 31 18 12 24 22 26 24 20 22 18 24 32 0 21 25 24 21 27 30 29 29 31 27 -128 27 22 27 41 15 25 24 29 13 24 16 10 19 21 22 29 24 18 30 32 35 35 32 8 30 29 31 19 16 0 0 -12 95 -1 -1 -1 -1 -1 -1 -1 -1 -1 -1 -1 -1 -1 -1 -1 -1 -1 -1 -1 -1 -1 -1 -1 -1 -1 -1 -1 -1 -1 -1 -1 -1 -1 -1 -1 -1 -1 -1 -1 -1 -1 -1 -4 -121 -1 -1 0 30 84 106 93 64 89 74 102 84 88 91 76 56 56 71 82 20 -128 -112 -112 -128 -128 -128 102 -8 -1 -1 -1 -1 -98 -1 -1 -1 -1 -1 -1 -1 -1 -1 -1 85 96 -128 117 112 112 95 123 119 -41 -79 52 -128 -128 10 -93 -114 95 -4 -28 -128 60 127 127 95 99
0 0 0 95 105 88 102 116 108 81 113 99 96 90 96 85 95 88 100 84 97 96 102 83 93 25 94 101 107 106 102 106 83 85 108 97 99 95 29 72 106 72 81 77 96 81 49 0 96 78 90 73 88 90 4 14 19 64 65 59 36 0 73 0 84 58 52 59 96 61 30 26 45 83 21 25 6 6 0 20 39 71 59 43 49 56 58 47 42 59 67 55 44 62 55 59 50 0 62 44 43 37 50 49 38 58 49 62 71 50 56 64 65 65 68 53 76 72 45 58 49 44 62 55 39 54 52 68 68 65 60 54 56 44 67 66 71 55 42 19 68 67 53 56 49 25 16 44 33 24 21 33 20 44 54 45 53 48 41 45 48 55 59 59 59 59 59 59 60 60 61 61 61 61 61 62 64 62 62 64 60 0 66 52 58 54 38 54 58 61 56 37 32 38 44 56 43 35 47 37 37 47 37 14 38 16 21 27 43 18 60 37 44 30 22 20 39 24 42 32 26 26 14 14 37 56 20 45 29 38 50 33 25 42 37 56 35 0 41 0 14 22 15 37 35 83 66 82 85 85 82 78 81 89 84 9 60 89 81 58 0 41 0 0 66 68 68 65 60 0 74 78 111 81 82 93 90 83 84 95 88 95 72 60 94 99 90 95 94 90 97 94 96 91 67 96 74 70 76 82 97 101 95 85 91 0 90 100 123 88 0 76 106 106 101 97 58 67 54 81 89 111 111 108 107 108 101 77 76 81 78 94 76 70 100 61 42 66 105 85 83 70 22 10 16 22 26 19 20 18 21 16 29 0 30 30 22 22 26 27 29 29 12 37 -128 8 24 25 41 50 31 10 27 48 58 48 20 13 25 31 19 19 19 21 14 35 36 36 43 33 32 27 15 21 0 -1 -96 -1 -1 -1 -1 -1 -1 -1 -1 -1 -1 -1 -1 -1 -1 -1 -1 -1 -1 -1 -1 -1 -1 -1 -1 -1 -1 -1 -1 -1 -1 -1 -1 -1 -1 -67 -1 -1 -1 -1 -1 -1 -1 -1 -1 102 -1 -1 -55 65 73 81 78 76 55 52 82 101 124 105 89 58 45 77 73 -102 -26 -34 -128 -1 93 -1 -1 -18 -1 -1 -1 -1 -1 -86 -1 -1 -1 -1 -1 -1 -1 -1 -1 -1 -72 -128 89 123 110 127 72 106 87 -65 42 -128 -20 -4 -1 -34 -128 -1 -120 82 112 96 112 107 104 101
0 123 113 111 119 89 111 112 113 114 122 113 94 93 85 82 106 107 85 84 90 105 107 93 87 47 59 127 122 88 84 93 85 85 104 108 119 112 113 30 101 77 72 73 82 78 81 81 84 82 0 0 99 88 0 72 21 37 68 66 52 83 33 2 37 0 0 74 95 31 65 58 43 0 14 43 36 81 90 16 26 73 24 48 56 65 55 61 65 43 33 44 62 77 70 65 62 56 58 62 58 67 68 39 74 39 76 50 39 24 0 0 0 0 0 0 0 25 0 18 35 20 27 0 0 0 1 56 38 62 58 55 58 48 44 64 81 33 73 58 38 26 71 62 65 32 64 67 71 60 43 22 19 38 42 49 60 32 37 49 52 54 55 59 61 62 61 55 59 60 61 60 61 62 62 61 62 64 64 64 58 61 54 48 61 49 52 52 56 58 59 55 36 27 15 27 53 61 65 59 59 49 56 72 61 53 45 19 9 16 44 54 52 21 6 25 14 15 38 29 47 42 20 0 38 29 24 50 15 41 47 60 32 22 55 33 55 24 64 25 1 0 25 73 31 62 81 70 84 82 83 87 83 87 85 90 74 2 56 0 22 74 77 78 0 8 61 93 88 90 97 107 93 88 78 85 87 79 87 99 90 83 90 0 89 104 96 90 76 74 90 74 78 83 68 88 87 81 89 81 93 95 82 87 78 91 105 90 107 107 93 -128 93 101 106 102 101 87 60 67 90 110 110 113 110 104 101 50 47 70 84 104 89 93 93 47 82 37 89 90 77 48 31 20 14 19 12 0 21 21 26 18 22 0 44 18 18 20 22 19 27 30 15 0 -128 0 27 10 21 29 45 30 35 62 59 99 58 20 44 55 35 32 32 20 14 24 30 32 29 0 38 30 19 38 27 -128 -1 -1 -1 -1 -1 -1 -1 -1 -1 -1 -1 -1 -1 -1 -1 -1 -1 -1 -1 -1 -1 -1 -1 -1 -1 -1 -1 -1 -1 -1 -1 -1 -1 -1 -1 97 45 -1 -1 -1 -1 -1 -1 -1 -1 -1 102 -1 -86 22 81 66 95 66 81 96 106 67 65 100 93 79 32 53 106 -128 0 -26 -6 -1 101 -1 -1 -7 -1 107 117 -1 -1 -3 -1 -1 -1 -1 -1 -1 -1 -1 -117 -115 -128 64 91 95 93 107 89 87 99 37 102 85 0 -63 -1 88 105 29 93 122 89 101 100 122 73 105
0 113 105 114 87 104 101 95 107 113 125 96 105 102 78 88 87 82 87 110 93 102 105 95 96 108 61 65 105 105 99 104 117 111 97 110 110 81 58 93 79 101 97 89 85 83 83 83 87 77 93 65 72 0 49 56 62 25 44 41 55 74 54 32 39 25 9 50 49 53 79 3 32 22 33 59 37 53 72 0 31 36 59 54 60 56 58 35 33 39 53 58 52 47 36 42 60 41 36 62 62 71 52 36 33 50 32 0 26 29 50 59 37 52 44 33 35 39 29 32 24 14 35 37 35 38 27 0 68 58 39 54 48 54 37 67 78 35 37 1 66 41 39 54 61 0 20 82 55 55 60 47 39 20 16 27 29 37 45 56 45 41 38 54 58 58 58 59 58 59 60 60 62 62 62 61 64 64 64 59 61 0 64 59 60 62 47 50 19 33 15 14 38 35 27 39 49 62 59 55 53 52 48 27 41 58 52 54 54 55 74 53 52 16 33 35 26 39 18 39 18 13 15 6 36 30 15 38 20 10 30 31 45 58 53 59 37 33 24 15 12 3 0 27 68 84 83 70 44 68 79 84 89 65 58 55 79 18 8 4 7 0 12 14 70 68 90 95 93 94 94 96 93 94 95 87 90 90 95 88 87 91 0 83 62 62 44 60 85 83 66 88 82 85 67 82 60 76 84 94 88 88 85 91 91 0 87 87 93 111 -128 117 101 99 100 88 83 61 77 96 106 113 112 111 107 105 84 61 85 85 94 83 89 94 97 55 32 106 89 107 43 31 24 10 15 19 19 21 20 20 22 27 0 27 18 18 19 20 22 26 18 15 0 -128 6 36 37 35 65 68 65 41 94 72 108 74 16 43 76 42 39 24 13 22 24 21 35 22 18 35 30 19 16 33 41 85 -1 -1 -1 -1 -1 -1 -1 -1 -1 -1 -1 -1 -1 -1 -1 -1 -1 -1 -1 -1 -1 -1 -1 -1 -1 -1 -1 -1 -1 -1 -1 -1 -1 -1 -1 97 -1 -1 -1 -1 -1 -1 -1 -1 -1 -1 -1 -1 19 90 49 49 70 84 111 76 120 84 93 71 59 0 0 91 -60 -94 -120 -63 -128 -1 -1 -1 -1 -1 -1 -37 -1 -1 -1 -1 -1 -1 -1 -1 -1 -1 -1 -6 -84 87 87 71 111 71 81 113 101 93 70 -128 -1 45 -72 -105 -128 127 66 96 111 105 101 122 124 104 124 127
122 0 116 116 113 91 82 94 113 0 116 116 118 102 95 82 97 106 108 114 88 100 114 105 97 105 79 94 83 67 102 127 108 91 89 96 99 97 104 74 16 85 74 100 93 89 88 88 87 89 96 96 97 73 72 20 56 32 0 52 52 62 38 36 49 72 79 30 1 0 0 2 41 38 35 59 36 26 47 58 7 38 43 45 49 54 48 49 50 64 64 54 58 53 54 61 49 0 64 61 54 64 65 61 62 59 55 22 43 54 53 39 43 61 48 55 54 52 39 52 47 37 44 49 48 56 52 52 52 0 1 52 56 62 50 47 67 38 72 49 62 39 53 72 54 59 0 49 64 81 74 36 49 38 33 26 20 19 32 20 50 56 37 49 60 54 59 61 59 59 56 60 61 62 62 61 62 64 64 64 64 61 47 85 49 58 59 60 56 39 35 44 39 36 38 39 60 39 120 61 58 61 66 58 33 36 29 35 7 18 33 66 10 41 18 56 47 33 36 37 25 13 0 0 38 30 37 18 66 21 31 53 27 37 20 19 44 67 62 45 37 36 10 3 30 43 24 50 76 76 61 83 44 54 47 53 81 78 68 77 60 0 12 67 0 74 76 89 71 88 90 70 96 99 97 39 72 90 77 89 95 82 79 0 96 107 68 64 70 77 68 84 89 84 77 83 71 78 93 79 77 83 89 72 78 89 99 97 74 105 -128 96 107 90 95 89 88 64 77 95 101 113 113 110 102 97 93 59 83 85 99 87 91 68 68 64 73 0 93 105 83 48 30 18 8 13 18 0 19 19 8 0 0 14 18 18 18 18 20 30 30 2 -128 15 32 81 96 87 68 118 112 56 100 71 117 107 37 47 64 42 26 32 22 8 12 20 26 25 30 25 0 -128 -128 42 58 -93 -1 -1 -1 -1 -1 -1 -1 -1 -1 -1 -1 -1 -1 -1 -1 -1 -1 -1 -1 -1 -1 -1 -1 -1 -1 -1 -1 -1 -1 -1 -1 -1 -1 -1 -1 -1 -28 -1 -1 -1 -1 -1 -1 -1 -1 -11 -13 -1 -128 52 44 48 58 82 102 105 76 96 0 48 -128 -128 -78 -88 -39 -18 0 -116 -98 -1 -1 -1 -1 -6 -128 -45 -1 -1 -1 -1 -128 -1 -1 -1 -1 -1 -1 -1 -128 81 83 76 71 64 56 38 -94 64 81 49 -128 -108 -18 -1 -11 61 102 112 91 91 111 116 90 65 82 61
0 0 105 118 106 90 90 116 87 112 123 116 106 102 105 101 96 94 81 101 108 97 102 104 107 90 104 127 0 85 83 95 104 107 87 96 96 84 100 127 52 43 78 97 97 93 89 89 90 83 79 95 0 54 26 59 67 64 65 61 0 0 66 53 39 66 32 59 72 45 35 49 72 59 64 61 53 54 49 38 0 8 39 33 42 50 41 65 65 64 60 56 50 21 58 44 18 2 1 18 56 60 72 62 59 45 27 50 59 50 54 37 44 38 32 49 61 53 54 48 59 55 56 52 58 65 68 54 42 39 0 39 52 67 48 45 52 68 64 0 58 50 36 38 65 59 10 0 50 49 68 37 56 27 43 30 26 25 12 12 22 13 55 44 44 58 70 55 60 53 59 61 61 62 62 62 62 62 62 59 64 58 54 52 61 64 61 64 61 60 53 43 47 44 49 48 48 47 45 62 64 55 60 60 53 48 48 25 21 15 73 62 41 20 29 53 41 52 41 22 0 -4 -1 -54 -84 0 52 39 52 44 32 25 16 49 65 39 29 27 50 38 39 22 38 0 47 21 65 64 64 64 74 66 64 77 70 73 71 77 30 65 72 0 0 85 95 78 74 60 76 78 89 93 91 79 90 67 95 3 6 22 45 58 56 0 84 67 91 87 74 93 72 73 85 70 74 68 70 95 84 85 90 87 95 99 81 0 87 88 56 0 120 84 88 95 102 77 65 76 84 87 74 108 108 88 85 56 65 95 95 94 95 91 89 71 68 83 10 90 90 88 70 39 38 13 10 9 24 19 19 19 0 29 20 13 18 18 18 19 16 30 8 -128 27 53 78 84 102 89 89 77 113 93 76 105 105 83 72 64 59 37 47 38 16 14 16 16 18 10 18 0 -28 73 -128 -84 -117 93 -1 -1 -1 -1 -1 -1 -1 -1 -1 -1 -1 -1 -1 -1 -1 -1 -1 -1 -1 -1 -1 -1 -1 -1 -1 -1 -1 -1 -1 -1 -1 -1 -1 -1 -1 -1 -83 -1 -1 -1 -1 -1 -1 -1 -1 73 -39 -14 -128 42 58 58 66 66 0 0 73 61 0 -128 -2 -41 -128 -31 -75 64 47 -45 -1 -1 -1 -1 -1 -1 -101 -128 -1 -1 -1 -1 -1 -1 -1 -1 -1 -1 -1 122 0 79 96 65 39 -64 -128 19 -128 0 -87 -128 -128 -128 -1 96 -128 93 100 123 101 93 127 55 0 -58 -1 -122
0 0 96 114 114 94 97 99 117 105 117 122 113 85 100 91 102 93 99 105 102 96 108 104 112 100 100 107 108 107 108 65 81 100 85 96 85 107 94 101 101 108 48 88 67 78 96 85 88 91 89 88 72 0 33 35 83 82 79 76 66 58 90 55 0 2 60 43 27 25 22 50 44 48 83 76 58 52 52 49 30 24 6 0 26 49 49 54 58 44 64 32 61 12 8 0 22 61 47 14 24 10 36 0 0 6 42 55 66 50 56 47 50 50 49 58 32 32 43 54 48 44 53 58 60 59 61 72 70 62 56 35 6 0 54 54 50 59 61 0 62 72 54 41 42 41 60 50 0 58 22 41 29 50 27 42 41 41 36 32 20 26 47 58 38 52 14 19 64 36 60 61 61 62 62 62 62 62 62 62 66 0 62 58 58 77 64 58 62 65 64 60 64 49 44 30 37 62 66 47 47 53 62 62 65 68 59 36 22 42 52 1 24 59 4 37 39 29 33 44 43 -128 -4 -40 -6 -7 0 48 45 37 22 21 9 61 31 27 45 47 48 27 66 65 43 22 6 13 41 41 39 9 39 56 59 70 82 85 77 73 78 68 94 89 53 16 0 61 71 68 70 56 83 97 89 54 72 81 82 91 50 73 0 0 0 0 78 58 78 70 76 84 85 88 67 73 78 66 76 83 94 84 94 83 88 91 82 87 93 91 104 -128 120 100 71 101 101 59 94 68 76 84 90 89 94 78 93 67 76 58 81 90 84 87 79 99 45 0 0 73 84 101 70 43 64 12 7 8 20 16 16 16 26 27 7 16 25 18 18 18 20 30 0 -128 49 35 77 72 111 91 108 77 84 94 99 105 116 99 81 44 77 65 59 81 30 15 14 12 18 15 3 20 20 -128 -54 0 -1 102 -1 -1 -1 -1 -1 -1 -1 -1 -1 -1 -1 -1 -1 -1 -1 -1 -1 -1 -1 -1 -1 -1 -1 -1 -1 -1 -1 -1 -1 -1 -1 -1 -1 -1 -1 -1 -1 99 -1 -1 -1 -1 -1 -1 -1 -1 -128 -128 -128 -128 58 0 0 72 88 83 122 79 -108 -63 -115 -12 -128 -79 -1 72 -1 -1 62 -1 -1 -1 -1 -1 -88 0 105 -1 -1 -1 -1 -1 -1 -1 -1 -1 -1 -1 -97 45 45 66 58 -128 -1 -7 -1 87 -1 -128 -91 -31 -1 -1 -4 102 107 120 89 78 87 37 0 -1 -1 -1
77 118 117 125 102 82 90 99 106 113 118 110 106 95 106 102 90 93 95 113 101 97 102 90 100 105 97 96 74 114 102 71 78 96 110 112 83 107 83 104 104 117 33 76 87 93 87 100 101 95 61 72 6 37 67 72 49 68 67 53 64 49 38 52 54 33 64 30 0 47 50 72 52 55 43 52 66 48 60 56 65 62 36 65 37 6 0 4 0 35 0 9 50 56 60 67 0 37 41 58 60 0 45 73 50 60 64 64 65 48 42 64 59 59 61 48 60 60 61 45 52 58 54 49 53 44 43 47 42 47 52 65 61 30 0 55 42 52 30 1 58 50 62 65 49 53 53 49 53 36 37 27 53 52 42 64 39 54 64 55 38 49 20 43 37 20 50 54 52 35 53 58 62 62 62 62 62 62 62 65 58 50 65 62 62 62 62 62 62 62 62 62 62 62 48 42 55 58 52 47 45 50 35 31 33 59 58 55 59 52 48 55 49 47 35 21 38 35 50 0 -100 -128 -1 -1 -1 -1 -121 32 33 35 33 48 44 38 45 55 39 47 56 31 25 13 16 0 32 13 49 56 39 33 38 52 61 52 39 52 87 89 0 84 107 78 71 49 0 35 50 62 81 85 74 93 89 88 66 59 85 0 54 59 85 83 82 59 60 99 81 82 77 91 73 89 89 76 87 66 81 78 87 90 93 81 87 89 94 82 94 93 7 87 113 77 91 87 81 79 81 96 95 84 117 102 78 52 71 70 100 100 101 89 90 95 99 62 0 73 99 107 107 87 71 62 22 15 13 13 9 0 18 24 2 12 10 21 21 18 19 22 32 24 -128 3 36 26 110 111 50 52 52 58 74 89 117 97 88 94 65 110 82 82 42 37 29 25 8 20 30 27 13 6 13 -128 -41 -1 -1 -1 -1 -1 -1 -1 -1 -1 -1 -1 -1 -1 -1 -1 -1 -1 -1 -1 -1 -1 -1 -1 -1 -1 -1 -1 -1 -1 -1 -1 -1 -1 -1 -1 -1 -1 -1 -1 -6 -1 -1 -1 -1 -1 -1 -1 -1 9 -102 -128 -128 -11 35 85 85 101 85 95 6 -128 -1 -128 -105 -25 -1 -1 -1 -16 -1 -1 -1 -1 -1 -1 -1 -1 -128 -74 -1 -1 -1 -1 -18 -1 -1 -1 -1 102 102 119 -56 -128 -23 -128 -20 95 -1 90 105 -1 67 -6 -1 104 -1 -128 78 127 110 104 110 84 47 -128 -1 -1 -20 -28
127 118 122 123 113 118 112 110 0 99 100 112 105 101 100 107 105 113 113 91 94 105 100 100 97 82 91 90 82 101 120 78 44 123 106 100 84 100 87 112 107 91 99 45 0 21 18 0 0 24 27 19 19 67 47 25 38 35 49 65 61 78 58 55 50 66 55 55 56 27 39 67 0 39 35 43 43 64 59 54 61 61 74 64 66 31 56 44 55 33 30 22 38 44 42 31 38 58 55 59 60 37 33 72 66 54 55 48 49 53 60 45 41 72 68 72 65 64 62 62 66 65 68 72 62 45 54 52 35 32 45 55 66 64 68 12 22 60 39 0 0 49 30 53 65 55 52 58 0 66 64 27 72 48 64 58 47 49 14 60 58 56 49 39 31 42 64 44 61 61 45 53 59 61 61 61 60 61 62 62 64 0 58 62 62 62 62 62 62 62 62 62 62 62 62 59 55 53 56 61 45 53 47 31 42 21 29 12 55 59 55 56 36 26 35 22 44 47 29 25 -27 -1 -1 -1 -1 -1 -1 0 22 45 38 32 61 39 33 56 78 56 70 48 53 29 64 0 20 44 67 36 30 77 41 62 59 58 45 53 77 62 31 70 67 24 58 76 0 65 3 73 74 79 83 81 89 93 87 59 67 0 42 74 67 83 81 0 52 41 76 96 65 88 83 84 89 78 81 84 91 91 93 89 94 79 81 79 83 76 89 104 95 -128 105 87 101 70 88 95 66 85 78 88 101 88 91 82 60 84 85 72 106 107 90 88 94 101 62 0 96 127 90 117 62 48 36 18 14 14 4 13 19 13 0 21 12 16 20 16 18 21 19 -89 0 39 59 56 68 113 54 38 48 58 64 73 107 93 71 84 108 102 58 65 68 56 36 25 19 21 29 36 26 9 0 -128 -3 -1 -1 -1 -1 -1 -1 -1 -1 -1 -1 -1 -1 -1 -1 -1 -1 -1 -1 -1 -1 -1 -1 -1 -1 -1 -1 -1 -1 -1 -1 -1 -1 -1 -1 -1 -1 -1 -1 -1 -1 0 -1 -1 104 -1 -1 -44 -128 -1 -28 36 -128 -67 24 -79 59 71 101 89 -16 -128 -128 -59 -128 -128 -1 -1 -1 -1 -1 -1 -1 -1 -1 -1 -1 -1 -128 -128 -1 -1 -1 -1 -1 -128 -1 -1 -1 -1 -1 -7 -34 -128 -68 105 -1 101 -1 -1 -1 -1 -1 -1 -1 -1 -1 84 56 88 116 87 106 127 61 -61 -1 -1 -31 -27
120 122 124 110 127 105 105 101 91 104 110 116 87 97 79 102 99 104 104 111 97 99 104 110 89 90 110 104 97 79 87 72 111 106 102 120 107 112 111 89 107 104 110 0 83 90 67 68 0 0 0 30 0 59 61 71 54 107 62 61 38 68 73 72 68 64 56 64 59 74 56 58 38 59 0 0 21 60 67 68 38 70 62 74 62 56 44 38 48 44 65 65 64 67 76 64 61 59 58 54 59 62 52 45 61 54 60 59 70 61 55 67 31 29 29 49 65 71 70 66 60 64 60 55 52 59 59 62 67 53 50 48 30 33 0 14 0 0 0 60 0 0 10 58 49 62 54 52 21 65 64 72 67 65 61 70 58 14 30 71 58 45 61 58 38 77 41 37 52 38 59 55 56 60 60 60 60 62 62 55 50 56 60 62 62 62 62 62 62 62 62 62 62 62 61 62 59 52 49 53 66 45 47 67 59 39 33 47 60 60 72 58 44 49 50 39 13 60 36 0 -128 -3 -1 -1 -1 -1 -7 -128 -128 30 36 56 47 58 32 8 26 65 53 65 60 32 72 38 59 52 24 33 44 39 68 56 65 66 68 68 85 79 0 0 20 33 89 74 81 87 0 78 79 91 71 94 91 90 66 81 84 0 44 66 54 64 62 78 76 2 1 64 90 81 78 78 81 66 82 91 97 85 95 81 91 88 82 82 94 91 73 78 110 -128 93 108 70 72 95 94 100 77 89 90 87 116 81 54 94 73 114 84 93 101 83 73 124 54 62 0 111 100 106 104 68 39 30 18 15 15 0 0 7 9 0 19 15 20 13 19 21 16 -128 0 36 25 29 45 39 42 32 43 54 76 85 73 117 94 108 66 61 73 60 66 67 42 32 12 22 33 43 36 79 24 -34 58 -1 104 -1 -1 -1 -1 -1 -1 -1 -1 -1 -1 -1 -1 -1 -1 -1 -1 -1 -1 -1 -1 -1 -1 -1 -1 -1 -1 -1 -1 -1 -1 -1 -1 -1 -1 -1 -1 -1 105 106 78 99 30 0 -1 -1 -1 -1 2 -128 -14 -54 -128 -128 81 55 72 95 0 -128 19 0 0 32 0 -1 -1 -1 -1 -1 -1 -1 -1 -1 -1 -1 -1 -7 -1 -1 -1 -1 -1 -1 -1 108 -1 99 -1 -1 2 -12 -49 -1 96 94 -1 -1 0 -1 -1 94 -1 -1 105 -23 113 105 99 100 127 117 79 -128 -2 -1 -30 -37 -20
0 4 127 123 116 125 117 104 85 107 114 111 93 93 105 100 106 100 97 95 101 101 106 100 96 85 111 97 97 96 102 99 84 71 110 94 100 96 97 101 99 54 36 20 79 85 85 101 102 82 41 74 53 62 82 79 29 61 62 70 71 52 62 52 68 66 68 61 29 37 66 59 61 77 72 48 68 48 56 58 0 0 83 47 60 64 59 67 61 56 54 52 59 44 33 26 0 43 71 61 58 50 55 47 53 54 71 65 54 43 70 65 72 67 73 61 59 55 52 43 67 70 72 66 64 61 62 61 66 61 65 61 45 64 0 49 56 58 53 55 41 43 41 56 37 19 67 71 31 64 50 61 64 54 33 37 55 49 14 71 45 33 30 74 43 39 45 70 59 24 50 54 55 60 62 55 62 60 62 62 60 24 61 64 62 62 64 64 64 64 62 62 64 64 62 62 61 62 60 62 61 52 50 44 41 55 62 60 37 22 27 43 33 26 52 60 53 36 32 59 53 -111 -72 -1 -1 93 -1 -1 -1 -128 47 27 58 54 43 49 50 44 73 56 54 32 4 15 54 8 60 53 31 52 58 43 48 45 48 60 76 68 76 85 74 0 71 66 0 77 85 0 70 79 67 76 77 95 84 73 88 41 18 84 66 84 82 94 96 67 76 68 14 77 81 76 88 73 73 79 101 70 79 83 83 93 90 91 96 102 0 76 88 42 0 106 107 89 102 82 97 84 83 83 108 114 102 59 84 77 95 79 95 89 100 100 97 90 93 96 60 3 78 70 68 48 42 20 18 15 13 12 0 9 21 0 22 19 9 16 19 14 -128 43 32 1 41 58 36 38 36 78 77 52 73 66 91 105 107 93 87 62 47 61 55 48 45 38 38 43 41 6 6 6 -128 -1 -7 90 -1 -1 -1 -1 -1 -1 -1 -1 -1 -1 -1 -1 -1 -1 -1 -1 -1 -1 -1 -1 -1 -1 -1 -1 -1 -1 -1 -1 -1 -1 -1 -1 -1 -1 -1 -1 -1 -97 -128 -1 104 -1 -1 -1 -1 -1 -1 -11 -128 -128 41 -128 -128 -122 81 68 59 0 -128 0 -53 0 118 89 39 -1 -1 -1 -1 -1 -1 -1 -1 -1 -1 -1 -98 -128 -1 -1 -1 -1 -1 107 -1 -1 105 -17 -128 52 87 95 64 -51 -1 -1 -1 45 43 -128 -1 -1 -1 -102 -18 -128 99 99 112 112 100 97 79 -1 -1 -31 -35 -21
0 25 127 127 118 110 127 100 106 119 105 91 100 102 102 88 83 97 104 95 91 111 108 106 107 94 95 96 88 110 125 95 0 91 107 118 99 107 97 94 55 52 83 96 95 77 96 39 78 39 29 65 93 71 74 45 42 83 62 76 66 50 61 61 84 77 43 53 59 71 68 66 79 78 55 83 32 59 37 44 72 62 43 0 0 44 70 61 58 55 50 56 52 67 61 58 44 37 56 49 61 55 59 56 47 45 36 33 29 53 55 52 71 62 67 67 67 66 45 44 43 30 29 42 73 66 66 67 66 70 53 54 38 70 0 47 45 54 0 91 58 52 67 19 55 2 0 14 65 71 60 59 33 38 26 26 26 65 76 61 29 35 68 71 68 32 47 44 62 45 55 47 55 58 61 62 65 64 64 65 49 59 64 62 62 65 65 64 64 64 64 64 65 65 62 62 61 60 60 60 62 60 62 60 58 54 27 39 66 43 12 18 26 42 59 56 53 47 45 6 54 24 -128 -18 -64 -128 -8 -1 -1 37 64 26 52 26 21 64 47 44 55 39 45 20 36 49 0 90 48 77 47 67 60 65 59 65 59 68 66 79 94 88 66 0 78 74 47 70 19 66 77 76 85 95 84 85 83 82 7 20 71 74 77 67 79 97 81 79 81 41 22 0 88 91 95 89 76 70 87 82 99 95 93 95 102 104 93 93 91 87 97 32 74 72 83 91 112 99 72 73 66 85 123 89 58 72 79 74 81 88 100 76 89 106 106 85 116 64 58 0 29 9 32 14 8 20 16 15 7 2 16 8 25 0 30 6 20 16 0 -128 29 19 27 29 43 30 29 32 53 53 45 53 50 81 71 90 95 91 79 54 54 59 50 48 44 47 76 50 16 24 21 -128 72 -1 -1 -1 -1 106 -1 -1 -1 -1 -1 -1 -1 -1 -1 -1 -1 -1 -1 -1 -1 -1 -1 -1 -1 -1 -1 -1 -1 -1 -1 -1 -1 -1 -1 104 -1 -128 -78 -1 -1 -1 -1 -128 -1 -1 -1 -1 -1 -1 -1 -128 -128 61 0 -128 -128 88 9 -128 0 -1 -128 -122 -1 -128 112 96 -1 -1 -1 -1 -1 -1 -1 -1 -1 -1 -1 -1 -81 -1 -1 -1 -1 -1 -1 0 -1 99 93 -67 37 62 66 68 47 -128 -128 -128 61 118 0 -42 -1 -1 -128 -1 85 -128 -101 58 88 100 101 50 -74 -1 -17 -36 -36 -22
91 0 105 107 113 127 127 0 117 100 108 97 107 85 101 108 108 84 105 95 93 104 112 111 99 82 102 106 97 106 112 114 84 0 96 110 87 108 96 101 94 54 0 15 97 97 95 44 36 36 14 65 2 42 31 45 73 65 60 55 79 54 76 73 60 54 61 42 53 74 43 71 82 84 39 44 41 64 62 61 55 65 68 72 55 58 66 0 0 60 53 60 56 47 55 58 67 60 50 42 59 55 56 54 55 47 42 48 55 53 55 70 32 31 32 36 44 65 72 66 64 60 56 53 61 77 39 30 32 41 38 64 66 49 60 47 16 33 25 41 32 76 72 48 116 42 26 27 26 45 27 26 36 56 58 73 50 14 41 58 55 66 71 43 65 70 64 25 32 42 37 60 61 53 43 65 58 59 45 58 67 56 58 81 66 65 65 66 70 68 65 68 65 62 64 62 60 60 62 61 60 60 59 60 56 55 44 27 43 56 43 45 42 56 42 37 54 54 39 20 39 48 45 45 32 72 0 -6 -1 0 53 48 49 61 56 49 73 66 58 45 42 44 21 59 21 4 70 71 41 53 60 62 56 62 64 74 47 79 55 61 77 84 22 93 14 64 3 67 56 82 74 89 76 85 97 56 56 60 87 66 90 60 77 96 70 84 95 82 93 74 0 0 0 85 97 79 79 68 74 91 89 100 106 99 88 105 0 83 89 94 -112 89 85 100 106 79 91 64 93 87 111 105 49 74 74 74 101 102 81 77 91 96 111 100 96 108 62 0 105 95 42 0 19 0 1 25 0 8 0 1 0 1 0 20 12 13 12 -128 19 15 43 24 26 29 24 30 30 36 37 48 50 56 73 79 81 73 88 72 47 59 44 44 70 56 56 32 16 8 -128 -128 -1 106 -1 -1 -1 -1 -1 -1 -1 -1 -1 -1 -1 -1 -1 -1 -1 -1 -1 -1 -1 -1 -1 -1 -1 -1 -1 -1 -1 -1 -1 93 107 83 0 -105 -1 -1 -1 -1 -1 -1 -1 -1 -1 -1 -1 -1 -1 97 -1 -1 0 -128 0 -128 -128 -128 59 -125 -65 -1 -25 -2 -1 -1 -1 -1 -1 -1 -1 -1 -1 -1 -1 -1 -1 -1 -1 -1 -1 -1 -1 -1 -1 -22 -86 94 53 -1 127 -1 0 93 61 52 94 101 74 77 79 70 41 -119 97 -8 -101 -1 -1 -1 -72 53 97 90 125 56 -106 -1 -18 -25 -41 -27
0 14 122 32 105 127 21 90 100 97 107 127 111 112 101 94 85 108 99 106 102 97 94 105 110 102 97 101 113 87 106 90 99 0 105 108 104 99 107 90 37 24 21 43 33 6 56 43 65 44 78 0 64 65 37 37 64 31 71 77 67 74 33 71 67 38 60 91 49 56 64 56 32 62 59 72 77 61 74 67 56 60 33 43 50 36 49 56 58 59 42 66 0 0 64 0 60 54 58 53 53 61 67 59 62 64 56 71 66 70 72 53 52 68 48 50 68 65 66 68 64 50 44 42 45 48 58 45 33 37 41 71 70 59 52 49 7 64 44 71 70 64 56 56 68 45 53 70 45 64 68 68 70 38 22 33 55 58 65 29 39 50 53 50 43 19 42 31 58 53 42 53 66 38 47 56 29 27 56 59 0 45 50 54 58 59 47 66 66 67 64 64 62 59 64 62 62 62 62 60 60 60 60 59 56 58 52 44 54 41 38 37 33 41 47 24 50 55 56 45 29 15 0 35 37 45 14 0 31 53 18 20 55 59 36 71 68 65 82 65 64 47 39 58 38 7 66 70 58 56 64 77 66 70 66 66 60 65 78 68 43 53 89 88 89 67 9 32 90 85 84 76 65 77 99 94 0 76 71 55 83 74 76 85 93 99 90 87 87 104 65 68 29 0 50 66 91 84 84 83 81 96 93 91 82 79 91 83 90 33 119 100 101 102 94 100 106 79 71 93 118 107 85 78 64 105 79 97 87 85 100 101 110 90 82 99 85 68 76 82 48 54 30 19 19 21 29 0 14 13 16 0 27 21 0 0 -128 0 60 16 22 7 16 21 39 39 43 47 64 62 73 72 66 62 62 50 89 48 38 42 33 52 83 61 27 25 20 -128 -1 -1 -128 -1 -1 -1 -1 -1 -1 -1 -1 -1 -1 -1 -1 -1 -1 -1 -1 -1 -1 -1 -1 -1 -1 -1 -1 -1 -1 -1 -93 -128 -1 -1 -1 -1 -1 -1 -1 -1 -1 -1 -1 -1 -1 -1 -1 -8 -1 -128 -1 -1 -1 72 -1 -26 -119 89 -40 6 -128 -128 0 -128 -11 79 -42 -1 -1 -1 -1 -1 -1 -1 -1 -1 -1 -1 -1 -1 -1 -1 -1 -1 -1 -1 -1 -107 -49 -1 -1 -1 -110 -108 76 71 79 102 112 84 105 72 114 -79 -18 82 -3 -98 -1 -1 56 52 -128 104 83 84 27 -6 -1 -2 -16 -39 -34 -25
0 0 0 0 55 99 60 123 120 117 127 108 100 116 114 108 94 97 104 110 91 72 102 113 91 110 89 89 110 106 102 99 101 102 0 81 99 95 106 96 106 27 15 72 68 19 82 55 76 79 79 19 26 53 48 35 36 26 44 88 48 22 32 71 66 73 87 53 59 61 59 82 47 72 62 56 77 52 66 88 43 61 33 52 45 50 50 65 54 62 60 59 72 65 61 61 0 0 53 64 61 52 32 30 60 81 58 74 77 73 64 53 49 32 27 42 61 67 73 72 77 77 65 60 59 50 38 38 38 55 48 55 56 50 74 62 21 66 0 72 66 101 61 61 37 35 70 72 41 58 56 29 19 55 64 56 15 25 55 71 41 45 65 56 67 55 44 16 53 41 6 39 71 36 64 59 33 4 38 67 52 30 62 26 52 55 56 47 22 67 77 54 52 56 61 62 60 62 64 62 61 60 59 58 52 58 60 59 54 60 48 56 54 27 22 32 29 48 52 54 54 38 30 19 24 73 0 61 56 0 52 38 16 58 33 64 67 73 71 62 77 68 76 60 32 41 25 78 53 79 58 73 82 59 72 66 77 66 68 31 0 67 94 83 35 84 37 0 72 79 85 76 59 39 70 74 68 18 77 71 84 73 87 62 77 96 93 83 91 102 96 83 76 73 87 0 93 100 95 87 90 85 91 81 95 102 0 77 88 73 -128 105 83 106 91 93 95 73 65 89 112 111 105 101 104 82 94 94 95 105 90 108 97 104 95 89 97 0 84 89 54 58 49 18 13 15 10 15 13 14 0 0 0 0 0 -67 -128 43 0 14 14 8 12 13 26 53 62 72 52 48 67 87 76 74 45 54 53 47 33 41 21 33 68 68 6 16 0 0 -1 97 93 -1 -1 -1 -1 -1 -1 -1 -1 -1 -1 -1 -1 -1 -1 -1 -1 -1 -1 -1 -1 -1 -1 -1 -17 -128 -50 -1 -1 -1 -1 -1 -1 -1 -1 -1 -1 -1 -1 -1 -1 -1 -1 -1 -128 -1 -1 -1 -1 105 -1 -1 -1 99 -128 37 -17 -128 -128 -128 0 -1 -1 -1 38 -1 -1 -1 -1 -1 -1 -1 -1 -1 -1 -1 -1 -1 -1 -1 -1 -1 -1 -1 -1 -20 -81 -1 81 -1 -40 0 77 56 95 97 113 100 104 118 122 108 0 0 88 -81 -14 -1 -1 -18 -117 -124 72 35 108 33 -1 -3 -20 -36 -34 -20
100 67 0 0 113 81 122 127 114 105 119 79 116 97 99 102 110 83 44 42 73 99 89 105 91 105 95 99 94 93 105 104 114 67 0 94 120 104 104 88 0 37 20 16 41 74 68 56 49 53 38 93 15 54 72 59 67 39 33 65 73 87 39 45 60 41 29 68 73 68 38 32 55 49 76 52 41 65 73 32 44 77 59 62 54 49 62 77 73 39 64 62 66 52 72 43 76 65 65 33 0 0 66 67 54 19 50 30 35 31 27 35 37 41 47 56 52 59 36 66 48 59 52 56 55 56 52 61 56 44 27 45 64 76 79 0 21 37 31 39 42 35 62 44 47 43 62 48 48 42 45 54 39 27 66 48 64 60 6 21 59 76 60 67 59 58 55 61 31 44 49 41 15 33 60 22 65 38 27 48 0 64 39 79 59 62 43 61 49 70 36 36 39 54 65 48 66 65 64 61 61 59 60 62 58 59 45 55 49 56 64 29 68 59 53 32 43 38 52 47 56 54 0 49 27 27 33 27 19 39 45 47 61 59 35 31 64 59 53 71 62 78 88 78 79 19 76 47 56 81 67 73 73 72 67 72 78 47 0 78 84 79 84 77 82 88 50 0 64 62 68 77 71 55 85 94 18 53 76 85 66 97 72 67 87 81 88 83 83 85 78 87 85 65 91 49 99 73 90 90 95 90 81 97 82 101 99 100 71 43 91 76 79 99 93 81 55 72 81 113 118 111 104 105 94 112 96 96 74 81 94 99 85 84 96 58 82 62 88 74 62 61 27 19 15 14 12 16 0 8 25 35 30 20 -128 0 13 18 15 15 14 14 12 16 24 32 33 39 45 56 64 72 89 77 55 73 42 37 35 38 33 36 49 44 15 20 3 -1 -1 100 -1 -1 -1 -1 -1 -1 -1 -1 -1 -1 -1 -1 -1 -1 -1 -1 -1 -1 -1 -1 -128 -128 -1 -1 105 107 -1 -1 -1 -1 -1 -1 -1 -1 -1 -1 -1 -1 -1 -1 -1 -1 -1 -1 -1 -1 -1 -1 -1 -1 -1 78 -1 66 -128 -1 -1 0 -1 64 -106 -1 45 -1 -1 -1 -1 -1 -1 -1 -1 -1 -1 -1 -1 -1 -1 -1 -1 -1 -1 -1 -1 -1 -1 -1 81 -13 0 -128 91 113 93 58 64 79 70 93 93 127 111 113 48 52 42 -128 -128 -6 -1 -1 -1 -128 0 93 85 -96 -1 -32 -28 -27 -27 -13
120 88 0 0 113 122 119 127 113 122 96 107 99 95 83 116 102 35 27 56 65 100 104 94 97 93 95 107 84 96 90 84 96 93 118 76 120 84 106 93 37 24 76 67 62 18 37 33 68 44 50 0 68 49 61 53 45 59 37 22 61 44 45 62 33 37 66 64 70 66 61 45 62 53 82 43 55 52 61 68 48 62 37 49 50 62 72 76 35 41 67 68 65 62 43 0 58 53 62 61 55 59 49 41 45 47 0 0 58 58 61 56 49 50 48 61 60 58 49 50 48 47 44 54 59 65 74 54 49 44 49 39 49 49 58 24 15 59 4 52 66 67 59 66 73 53 52 61 54 54 61 60 44 53 49 41 43 42 65 61 53 90 76 24 45 38 70 65 61 61 44 36 32 33 24 15 43 16 6 0 39 35 74 50 66 43 60 52 27 29 44 42 48 42 62 54 58 50 64 62 61 60 61 60 54 55 41 32 29 31 10 38 42 59 55 44 66 49 55 48 42 49 56 49 64 62 64 44 58 58 45 35 35 3 19 39 35 45 42 58 64 37 68 78 74 78 27 0 60 58 55 55 87 73 58 71 87 8 41 85 78 88 53 91 26 76 61 49 0 60 52 58 67 61 79 82 78 0 1 78 70 84 89 102 89 82 94 89 85 84 84 95 81 78 72 0 82 97 74 88 83 102 87 96 83 85 43 78 64 84 -128 88 77 99 74 62 73 79 78 112 117 107 112 102 82 89 97 79 102 87 85 105 97 84 99 59 68 0 95 96 91 67 45 22 20 14 10 15 16 10 6 0 19 0 -128 0 0 22 -56 19 19 18 16 13 14 15 24 44 54 66 61 47 59 74 82 58 43 49 29 49 39 39 45 44 18 1 0 -12 -1 -1 -1 0 -1 -1 -1 -1 -1 -1 -1 -1 -1 -1 -1 -1 -1 -128 -128 -1 -1 -1 -1 -1 -1 -1 -1 -1 -1 -1 -1 -1 -1 -1 -1 -1 -1 -1 -1 -1 -1 -1 -1 -1 -1 -1 -1 -1 -1 -9 -1 -1 -1 -1 -1 70 -59 127 95 -1 -128 -128 -1 -1 -1 105 -1 -92 -1 -1 -1 -1 -1 -1 -1 -1 -1 -1 -1 -1 -1 -1 -1 -1 -1 -1 -1 -1 107 -40 -6 0 127 106 58 95 81 110 116 117 116 118 107 112 105 78 66 85 -128 -75 -1 -1 -1 -3 116 -128 22 -96 -128 -4 -28 -30 -31 -16
100 91 0 101 112 0 124 127 118 116 114 89 73 41 31 45 66 65 89 60 82 76 58 107 99 101 106 106 106 96 99 112 93 82 66 65 117 90 95 50 13 26 83 71 33 42 85 44 81 85 0 21 31 39 87 65 60 64 21 37 44 47 32 73 39 36 31 58 38 54 64 49 66 48 39 73 52 74 41 67 56 37 52 43 43 64 82 47 47 43 61 65 52 67 0 66 59 52 76 67 61 59 59 54 53 52 36 47 47 29 0 0 42 47 66 70 55 70 58 70 71 68 61 52 66 74 59 59 54 58 49 108 35 0 2 26 48 29 59 50 48 47 54 73 56 56 41 127 127 72 66 55 59 38 47 30 53 38 36 30 24 27 114 31 39 42 36 72 91 76 52 72 45 47 56 65 13 44 38 27 56 72 32 50 50 54 55 58 50 59 36 62 52 25 27 47 70 58 16 39 65 61 62 56 54 49 22 48 48 50 27 54 38 62 42 66 45 60 60 18 58 55 0 53 60 52 48 60 42 67 42 39 4 43 24 32 0 43 26 39 22 24 53 62 52 64 81 0 56 67 70 43 22 107 65 60 0 79 85 62 85 70 96 74 85 83 70 82 56 68 83 67 83 72 81 82 60 70 25 0 78 76 78 87 84 93 90 88 93 102 72 88 84 95 88 0 87 76 79 81 87 85 94 99 73 77 95 82 97 67 0 108 112 84 68 82 71 74 114 118 111 100 110 81 73 81 79 81 82 93 112 74 89 97 81 89 22 90 97 73 82 47 38 35 13 10 8 8 0 1 7 12 -128 0 10 15 13 14 16 16 15 14 10 10 12 25 41 49 71 70 49 43 52 32 50 73 33 32 33 33 35 35 50 13 24 0 -1 -1 -1 -1 -1 -1 -1 -1 -1 -1 -1 -1 -1 -1 0 0 96 82 -1 -1 -1 -1 -1 -1 -1 -1 -1 -1 -1 -1 -1 -1 -1 -1 -1 -1 -1 -1 -1 -1 -1 -1 -1 -1 -1 -1 -1 -1 -128 -1 -1 -1 -1 -1 -1 -1 -21 -1 -1 -1 -1 -1 -1 -1 -1 -1 -1 -1 -1 -1 -1 -1 -1 -1 -1 -1 -1 -1 -1 -1 -1 -1 -1 -1 -1 -1 -1 -1 -36 44 56 -122 56 106 102 48 59 70 77 125 113 106 118 113 100 120 82 68 99 68 -9 -31 95 -1 -1 -6 -110 -4 -1 -1 -1 -25 -32 -26 -21 -13
127 93 0 0 36 42 104 122 125 110 107 104 101 73 76 64 77 111 72 65 72 96 70 32 97 91 88 113 111 102 91 94 95 104 104 93 82 93 88 111 36 0 25 43 72 56 53 53 29 70 31 52 79 47 22 31 65 53 31 127 61 72 60 42 19 127 45 76 27 76 81 60 53 36 56 60 50 70 39 81 68 67 56 54 41 49 52 37 36 58 39 44 43 45 64 29 55 65 64 70 39 72 67 65 55 54 58 68 58 54 64 61 62 79 39 0 0 30 35 55 58 42 66 33 71 54 39 54 61 66 53 53 120 8 36 36 47 43 50 41 47 59 22 74 68 53 70 55 50 55 67 41 60 37 111 50 30 35 56 49 55 33 38 117 48 41 30 32 31 26 29 52 37 55 60 65 58 61 56 53 21 21 19 15 54 37 61 59 45 70 58 59 49 29 26 47 71 65 10 44 29 64 59 65 58 50 68 45 54 15 39 20 50 43 59 43 26 6 30 65 44 10 43 43 62 55 61 56 38 0 3 0 0 0 33 37 0 1 0 9 71 22 50 59 39 58 39 59 87 81 61 0 0 0 56 59 6 94 91 67 58 48 42 54 47 56 79 78 14 71 55 59 90 67 62 96 74 61 72 59 30 72 83 74 77 85 83 94 100 99 84 93 89 88 67 1 95 71 85 94 87 84 72 100 89 82 94 88 106 88 84 90 61 88 107 88 72 82 111 116 119 90 108 94 79 79 96 108 81 77 79 83 91 78 97 93 53 18 74 95 96 87 30 33 13 10 14 8 20 16 2 0 -128 15 18 8 13 13 15 16 16 16 14 14 12 16 33 53 56 62 60 72 47 47 41 27 43 31 26 18 20 39 24 8 16 29 -115 81 -1 -1 -1 -41 -1 -1 -1 -1 -114 -128 -1 106 -1 -1 -1 -1 -1 -1 -1 -1 -1 -1 -1 -1 -1 -1 -1 -1 -1 -1 -1 -1 -1 -1 -1 -1 -1 -1 -1 -1 -1 -1 -1 -1 -1 -1 108 -1 -1 -1 -1 -1 -1 -1 -1 -1 -1 -1 99 -1 -1 -1 -1 -1 -1 -1 -1 -1 -1 -1 -1 -1 -1 -1 -1 -1 -1 -1 -1 -1 -1 -1 -1 -1 -1 94 -18 -87 -128 -111 -128 24 64 59 64 97 68 93 102 91 124 127 99 101 85 96 104 71 59 -128 -1 -2 -4 -11 -27 -9 -1 -3 -1 -23 -35 -34 -37 -16
89 95 91 35 0 0 127 108 119 127 127 119 93 81 70 107 112 74 71 90 87 74 53 58 100 102 102 100 83 104 89 111 106 111 110 73 66 94 113 123 0 31 89 29 44 56 71 29 37 33 60 64 56 76 56 59 26 61 26 87 58 64 56 65 58 111 43 73 85 47 76 61 72 60 61 45 77 43 59 65 54 65 77 47 71 67 50 41 54 72 70 56 64 73 67 52 76 76 65 67 79 71 56 41 68 70 44 43 42 61 59 58 39 47 54 59 53 67 59 70 0 0 3 52 68 30 59 59 53 70 50 50 43 9 67 62 61 0 43 58 42 49 55 48 61 73 65 50 52 47 67 60 53 45 48 62 59 60 71 62 42 60 37 53 47 49 35 44 54 44 53 52 49 59 68 55 44 61 60 39 37 42 44 41 29 27 22 18 42 61 61 32 21 52 38 60 62 67 44 48 18 35 60 45 31 62 39 39 54 64 44 45 50 50 44 13 55 45 39 35 22 27 0 56 55 56 55 31 0 53 64 68 78 19 18 55 72 37 9 48 42 35 47 32 6 62 7 9 55 0 73 85 93 81 45 43 74 73 74 66 67 55 73 62 77 85 85 19 65 65 59 67 70 66 90 84 77 83 62 68 7 90 79 83 89 73 90 99 70 70 94 81 79 78 0 79 90 78 90 93 85 105 90 101 93 79 26 104 73 82 1 83 101 99 72 87 68 110 107 81 84 100 96 95 81 90 94 104 100 104 100 104 89 91 94 89 3 95 108 95 104 33 19 14 14 10 8 14 26 8 13 -128 21 3 9 10 13 14 15 15 16 15 15 14 12 36 49 55 49 70 94 73 53 48 42 27 25 20 16 22 26 35 14 29 0 0 -1 -1 -1 -87 -128 -83 105 -1 -1 -1 -1 -1 -1 -1 -1 -1 -1 -1 -1 -1 -1 -1 -1 -1 -1 -1 -1 -1 -1 -1 -1 -1 -1 -1 -1 -1 -1 -1 -1 -1 -1 -1 -1 -1 -1 -1 -1 -1 -1 -1 -1 -1 -1 -1 -1 -1 -1 -1 -1 -1 -30 -1 -1 -1 -1 -1 -1 -1 -1 -1 -1 -1 -1 -1 -1 -1 -1 -1 -1 -1 -1 -1 -1 -1 -1 -8 -1 93 -81 -128 -26 107 113 0 53 -88 -2 0 64 84 79 108 100 127 114 119 122 110 107 81 0 -1 -25 -28 -35 -40 -35 -18 -2 -1 -9 -36 -26 -42 -18 -50
127 97 95 78 95 74 0 49 118 117 125 107 81 93 96 107 93 111 58 74 61 55 77 93 26 95 104 102 100 105 102 101 110 111 107 104 89 0 81 107 87 0 55 59 32 39 41 18 58 127 0 26 27 12 35 36 56 43 21 62 79 58 43 41 65 22 77 50 41 48 65 58 67 54 43 44 55 59 62 62 68 74 52 55 41 33 49 48 54 73 68 61 76 62 0 35 70 74 71 60 77 50 60 64 25 25 20 58 62 64 38 58 49 56 66 66 71 70 54 44 33 43 67 70 47 0 0 0 62 26 59 54 49 58 25 54 39 62 64 50 24 60 48 50 50 41 37 39 54 58 61 70 45 65 36 48 60 56 59 52 65 47 47 47 39 48 50 47 44 39 39 35 39 55 29 32 60 58 53 49 0 39 31 65 53 56 56 52 49 55 41 58 53 62 45 27 50 41 59 60 39 67 59 64 45 56 52 45 49 33 35 53 38 64 43 53 50 41 32 30 20 49 27 37 61 56 38 13 15 43 64 65 58 58 61 77 58 18 60 64 62 38 29 20 64 24 47 47 65 19 42 27 73 64 87 78 84 90 85 62 52 61 81 66 49 72 56 0 78 76 62 70 68 81 83 78 73 82 66 76 60 44 93 87 78 84 87 93 94 101 82 97 84 100 0 70 71 96 95 97 99 82 97 93 72 88 67 77 90 62 106 -91 122 95 61 56 67 105 106 100 119 100 113 104 82 76 94 118 124 99 90 112 112 101 91 89 77 16 65 100 78 32 16 16 15 13 12 10 13 0 0 -128 2 8 6 9 12 13 15 15 15 14 14 16 14 14 20 38 45 39 67 56 78 55 66 39 29 19 18 30 24 43 0 0 15 -128 -128 -22 -1 -1 -1 -1 -1 -1 -1 -1 -1 -1 -1 -1 -1 -1 -1 -1 -1 -1 -1 -1 -1 -1 -1 -1 -1 -1 -1 -1 -1 -1 -1 -1 -1 -1 -1 -1 -1 -1 -1 -1 -1 -1 -1 -1 -1 -1 -1 -128 -110 -1 -1 -1 -1 -1 -1 -1 -1 -1 -1 -1 -1 -1 -1 -1 -1 -1 -1 -1 -1 -1 -1 -1 -1 -1 -1 -1 -1 -1 -1 -1 -1 -1 -1 -2 -128 91 -4 -86 -98 -61 47 42 48 0 -1 -1 25 58 67 66 104 120 106 119 110 112 95 79 -128 -1 -22 -35 -36 -44 -49 -44 -17 -28 -23 -42 -39 -30 -44 -26
89 95 89 100 0 114 0 1 119 118 114 64 61 107 105 77 54 83 56 87 64 83 56 55 72 105 106 79 39 38 106 99 111 94 104 120 122 38 79 102 77 0 41 71 72 71 77 44 55 41 45 55 54 26 47 65 68 55 65 53 54 37 66 79 49 61 84 32 61 74 39 116 73 76 53 49 42 32 50 52 55 32 37 52 58 65 70 83 78 36 50 50 38 29 42 76 24 43 47 82 68 62 70 42 72 78 79 68 43 49 62 61 50 45 59 70 66 48 66 59 64 47 52 58 61 44 31 25 26 47 0 0 31 0 33 74 58 64 45 58 49 48 62 55 64 62 43 58 50 39 32 61 73 60 55 71 77 27 43 53 43 44 76 67 54 47 44 49 42 39 44 42 47 65 61 39 47 27 30 62 79 55 36 27 59 65 53 65 39 65 31 43 61 66 20 9 21 30 22 44 21 66 71 56 64 49 15 19 43 53 39 27 27 22 39 59 64 49 21 13 26 30 13 49 52 36 0 50 49 49 59 52 42 62 72 72 30 82 58 0 39 2 0 68 49 44 61 10 58 39 0 71 88 44 79 64 84 76 78 88 52 93 45 61 84 79 70 8 78 67 59 71 84 84 68 71 52 61 88 94 32 83 87 93 93 88 85 91 87 111 71 96 105 62 61 89 78 91 95 96 88 101 89 81 94 96 0 89 66 84 56 -128 73 72 53 85 110 100 110 123 120 119 99 93 90 64 88 85 122 83 116 104 100 100 100 62 37 20 47 67 14 9 15 18 16 13 8 14 25 0 -110 2 0 30 9 10 13 14 15 15 8 19 18 16 22 32 31 30 30 74 99 56 52 65 39 33 18 14 10 0 0 0 21 26 42 82 105 -1 -1 -1 -1 -128 -1 -1 -1 -1 -1 -1 -1 -1 -1 -1 -1 -1 -1 -1 -1 -1 -1 -1 -1 -1 -1 -1 -1 -1 -1 -1 -1 -1 -1 -1 -1 -1 -1 -1 -1 -1 -1 -1 -1 -1 -1 -1 -1 -1 -45 -1 -1 -1 -1 -1 -1 -1 -1 -1 -1 -1 -1 -1 -1 -1 -1 -1 -1 -1 -1 -1 -1 -1 -1 -1 -1 -1 -1 -1 -1 -1 -1 -1 -1 -115 -1 -1 -128 73 -1 -128 0 94 104 -12 -1 -1 0 82 56 91 123 108 101 127 99 101 99 54 -1 -13 -34 -37 -49 -53 -45 -41 -30 -27 -36 -45 -27 -41 -26 -26
127 90 93 96 0 85 117 0 0 43 64 100 119 127 94 105 84 66 53 60 84 67 78 72 54 55 76 49 66 90 101 96 104 102 88 100 112 107 93 79 96 71 0 0 52 56 89 16 64 39 71 50 41 45 37 59 58 71 49 76 65 14 52 81 55 72 49 44 50 56 47 87 61 58 70 55 39 64 27 42 42 65 49 61 68 64 50 42 61 66 42 37 27 38 66 49 33 50 64 53 22 105 71 53 32 62 53 48 71 49 58 52 54 54 67 62 74 36 68 50 55 53 36 42 39 43 45 50 56 50 45 60 67 59 0 0 56 0 0 0 33 45 47 44 52 70 58 67 65 55 54 53 56 44 38 74 82 36 43 41 45 58 38 37 39 41 47 49 48 45 49 44 43 41 32 85 54 70 48 53 0 32 45 49 39 42 36 41 29 36 33 21 30 44 45 49 53 38 26 18 27 39 45 38 48 19 20 38 42 47 66 47 65 58 45 61 44 64 24 58 18 53 12 33 26 6 49 58 54 55 53 60 58 35 31 12 60 61 24 43 78 43 71 62 52 0 60 60 0 0 81 66 93 83 43 74 59 77 78 82 68 94 74 64 62 72 78 77 7 76 77 42 72 64 82 42 64 56 73 72 13 81 73 91 73 81 82 87 95 88 87 97 78 97 0 76 70 71 61 79 95 93 95 84 110 84 85 67 62 99 58 74 0 106 99 99 100 97 113 107 119 105 100 105 71 110 78 95 110 77 99 106 99 101 30 35 47 27 24 24 18 25 19 19 19 19 16 15 18 -128 18 12 13 13 13 10 12 14 14 18 12 16 24 16 12 9 9 12 29 48 53 73 30 0 0 0 21 15 20 9 3 8 0 12 29 -20 -1 -1 91 -1 -1 -1 0 -1 -1 -1 -1 -1 -1 -1 -1 -1 -1 -1 -1 -1 -1 -1 -1 -1 -1 -1 -1 -1 -1 -1 -1 -1 -1 -1 -1 -1 -1 -1 -1 -1 -1 -1 -1 99 -1 -1 -1 -1 -1 -1 -1 -1 -1 -1 -1 -1 -1 -1 -1 -1 -1 -1 -1 -1 -1 -1 -1 -1 -1 -1 -1 -1 -1 -1 -1 -1 -1 -1 -1 -1 -1 -1 -1 -1 -1 -1 -75 -1 99 101 -1 0 -124 88 0 70 -61 -128 -1 -1 27 77 95 112 124 125 112 100 66 41 -105 -21 -31 -37 -51 -53 -42 -36 -34 -46 -40 -32 -18 -36 -28 -64
95 102 4 12 0 0 0 0 93 96 101 108 114 112 88 113 91 72 94 77 70 76 67 89 65 89 79 89 97 72 112 101 94 108 107 116 97 95 105 114 105 0 62 0 21 82 82 65 41 56 60 79 53 62 32 67 66 71 42 52 27 65 48 45 78 83 83 72 61 82 79 82 78 32 76 53 45 47 49 60 43 54 53 73 79 82 82 88 48 45 44 45 33 0 55 55 56 59 33 68 68 95 44 45 41 49 60 58 61 58 59 38 58 56 44 70 54 68 44 33 41 35 53 41 67 64 67 55 48 53 53 38 52 88 27 0 66 56 55 54 44 77 15 0 0 43 52 67 59 55 56 65 45 60 44 42 54 55 48 21 43 27 43 52 52 54 49 49 45 43 41 32 52 45 38 53 35 42 29 50 53 36 62 49 35 43 56 42 61 53 44 35 32 32 33 65 49 60 49 43 25 20 24 10 48 39 67 29 60 15 67 21 25 33 60 31 32 44 21 20 36 19 27 16 0 39 54 42 42 49 47 50 49 35 47 42 37 2 32 55 33 74 85 82 36 33 73 74 58 54 76 61 65 54 93 70 77 82 83 78 56 72 83 89 84 79 74 66 6 2 0 87 81 84 62 78 0 20 3 8 76 66 93 94 89 76 95 85 97 97 89 88 93 77 32 70 66 84 107 84 88 104 96 108 82 85 0 66 52 88 65 0 93 100 111 117 118 114 107 96 116 106 84 89 91 99 124 107 105 97 125 114 99 4 72 39 30 20 20 18 20 19 19 19 19 19 19 0 -128 0 14 9 10 10 12 14 16 16 19 16 16 22 24 21 32 22 0 0 0 19 53 41 58 21 27 14 10 8 16 16 6 0 30 41 -35 -128 -58 -128 -1 101 -1 97 102 -1 -1 -1 -1 -1 -1 -1 -1 -1 -1 -1 -1 -1 -1 -1 -1 -1 -1 -1 -1 -1 -1 -1 -1 -1 -1 -1 -1 -1 -1 -1 -1 -1 -1 -1 -1 -1 -1 -1 -1 -1 -1 -92 -1 -1 -1 -1 -1 -1 -1 -1 -1 -1 -1 -1 -1 -1 -107 -72 -122 -1 -1 -1 -1 -1 -1 -1 -1 -1 -1 -1 -1 -1 -1 -1 -1 -1 -1 -1 -128 -1 61 -1 76 0 -128 -128 0 -1 99 72 -1 -55 49 71 106 127 125 102 104 78 90 0 -8 -16 -42 -51 -46 -47 -41 -37 -34 -34 -40 -44 -39 -40 -59 -73
0 0 0 0 0 0 0 6 101 100 101 110 123 122 96 82 73 102 82 93 59 78 70 71 87 79 89 66 81 77 49 108 105 93 101 105 99 105 97 106 100 55 90 0 15 29 37 45 32 0 21 39 66 70 58 42 21 24 24 73 66 64 53 50 76 60 24 67 20 64 72 52 79 48 54 56 66 70 54 81 60 66 76 60 30 79 43 39 78 74 48 55 60 68 56 44 45 55 49 29 41 43 26 56 68 70 30 31 49 45 37 55 56 65 62 56 49 72 42 60 54 64 61 59 53 38 44 50 61 53 54 59 54 66 31 4 64 0 53 36 42 53 38 39 54 53 71 54 38 0 0 8 70 72 62 64 55 58 48 62 50 48 61 64 54 53 49 44 43 47 44 41 41 25 62 26 33 25 45 39 44 35 54 42 45 37 52 27 59 37 60 43 56 58 54 65 60 59 42 43 38 64 64 53 20 15 67 56 60 21 52 70 61 30 55 59 36 56 16 53 14 24 12 8 0 64 53 55 56 36 41 35 55 67 49 53 67 47 59 79 65 42 47 66 65 0 31 58 70 82 84 77 84 55 66 68 55 43 59 60 81 81 67 60 74 84 81 85 50 61 0 58 79 87 74 44 39 67 84 58 82 81 87 82 102 105 95 85 83 85 91 90 99 76 84 32 94 97 81 91 111 90 99 99 88 102 94 55 64 91 124 49 89 116 119 118 108 94 112 116 105 99 58 100 49 65 107 90 112 107 100 106 0 66 64 21 26 20 19 19 20 20 20 20 19 19 19 3 -128 0 6 19 7 20 0 18 22 21 21 16 20 0 0 0 25 0 35 12 14 30 38 19 30 32 13 20 18 8 10 41 16 19 35 30 31 -67 24 13 -128 -1 96 -1 91 -1 -1 -1 -1 -1 -1 -1 -1 -1 -1 -1 -1 -1 -1 -1 -1 -1 -1 -1 -1 -1 -1 -1 -1 -1 -1 -1 -1 -1 -1 -1 -1 -1 -1 -1 -1 -1 -1 -1 -1 -1 -1 -1 -20 -1 -1 -1 -1 -1 -1 -1 -1 -1 -1 -1 -1 -26 -41 96 64 -128 -1 -1 -1 -1 -1 -1 -1 -1 -1 -1 -1 -1 -1 -1 -1 -1 -1 107 -128 -128 84 -1 -1 -12 -128 -36 14 0 -1 64 -128 -128 -128 21 93 101 89 88 125 95 94 44 -1 -7 -36 -45 -41 -56 -49 -40 -50 -49 -54 -39 -45 -58 -51 -67
0 71 100 4 101 93 99 94 93 93 104 124 114 118 105 89 44 91 73 61 81 78 105 56 76 97 81 91 84 71 50 90 81 95 64 100 94 97 102 93 112 77 0 13 43 84 33 16 66 54 53 49 58 21 44 54 60 56 71 38 44 58 62 71 56 62 19 60 66 81 36 27 70 60 49 65 65 55 56 64 74 70 42 32 52 52 32 31 52 19 66 47 42 58 54 64 47 53 59 67 55 44 50 38 37 62 77 66 71 71 65 72 48 55 45 41 68 38 73 43 33 44 62 56 48 49 58 43 27 35 50 59 54 38 0 44 55 56 54 45 35 56 44 68 58 49 54 61 56 52 45 47 43 59 62 50 9 0 0 0 39 32 39 38 39 53 67 52 66 59 54 52 48 44 38 56 54 52 44 0 53 55 45 49 55 53 30 60 50 71 31 32 56 49 43 15 37 47 59 58 45 49 47 76 36 58 36 37 20 50 25 36 19 42 50 48 60 26 44 44 44 31 32 0 25 55 55 49 56 55 45 27 27 25 49 49 48 24 49 73 56 65 6 0 6 0 49 65 49 71 72 66 68 65 77 67 47 53 56 60 68 78 84 68 56 77 67 68 68 73 43 33 9 66 66 67 0 64 82 71 78 88 79 90 90 87 91 85 82 105 84 107 90 77 61 76 84 82 64 100 100 76 111 97 93 81 0 83 84 83 0 117 124 124 107 77 93 118 113 107 68 106 73 70 61 47 65 26 0 102 0 10 58 37 38 22 29 22 22 21 21 21 20 20 19 19 30 -121 -63 0 15 13 0 0 0 0 20 19 16 16 24 10 0 27 12 6 12 18 16 30 32 12 12 15 27 25 13 14 0 0 1 25 31 26 35 41 26 36 -26 -107 -54 -4 -128 -1 -1 -1 -1 -1 -1 -1 -1 -1 -1 -1 -1 -1 -1 -1 -1 -1 -1 -1 -1 -1 -1 -1 -1 -1 -1 -1 -1 -1 -1 -1 -1 -1 -1 -1 -1 -1 -1 -1 -1 -1 -1 -1 -1 -1 -1 -1 -1 -1 -1 -1 -1 -1 -1 -107 77 105 118 76 0 -1 -1 -1 -1 -1 -1 -1 -1 -1 -1 -1 -1 -1 -1 -1 -1 -1 -1 -128 -128 79 -1 -1 -1 -1 -1 -128 -83 61 0 -1 -124 -1 -44 124 102 112 102 112 102 127 107 0 -1 -35 -35 -32 -45 -61 -39 -44 -36 -40 -50 -60 -65 -69 -65 -82
127 95 91 0 84 95 95 96 94 97 97 104 112 122 125 110 81 67 82 68 64 88 62 61 56 76 87 73 84 110 73 36 53 111 16 112 94 105 106 97 83 24 16 0 24 32 88 26 70 68 49 22 43 21 72 71 27 52 43 87 56 78 52 35 77 26 30 21 61 76 74 36 43 62 67 47 50 48 68 55 67 27 35 31 38 64 55 38 37 38 45 54 47 0 50 60 59 71 70 49 32 30 38 52 49 78 79 55 76 71 39 60 54 70 67 35 71 37 64 29 36 53 70 48 56 58 61 52 99 73 52 61 56 62 49 13 62 61 60 54 49 116 44 56 71 72 71 55 31 55 44 53 48 59 56 47 71 61 71 55 42 45 47 12 0 0 0 15 50 48 52 55 52 41 38 60 60 50 22 58 42 49 36 44 56 56 52 50 36 38 31 67 52 60 47 10 54 32 43 45 20 60 16 26 83 64 37 42 26 16 19 20 43 43 26 59 24 9 72 54 68 45 0 59 53 8 55 22 52 31 39 47 52 47 31 54 20 54 21 59 66 48 0 15 48 24 47 58 71 61 97 70 72 25 74 84 81 77 59 76 79 77 78 77 73 78 85 56 73 66 50 49 0 0 42 39 74 3 64 110 90 68 84 72 88 99 89 87 93 89 100 105 78 68 82 0 74 85 71 97 74 74 96 93 91 97 88 84 87 101 -20 83 125 118 87 88 87 104 127 125 74 106 82 127 35 55 10 73 71 78 96 10 25 49 29 24 27 41 22 4 6 31 26 31 20 0 0 -128 0 0 0 0 21 10 0 15 13 10 7 20 18 31 20 16 21 27 0 0 16 14 15 0 10 32 0 0 0 0 24 0 16 12 26 27 39 0 33 95 48 50 33 25 42 -128 -1 -1 -1 107 -1 -1 -1 -1 -1 -1 -1 -1 -1 -1 -1 -1 -1 -1 -1 -1 -1 -1 -1 -1 -1 -1 -1 -1 -1 -1 -1 -1 -1 -1 -1 -1 -1 -1 -1 -1 -1 -1 -34 108 -1 -1 -1 -1 -1 -1 -1 -1 -1 0 97 127 66 43 -128 -4 -1 -1 -1 -1 -1 -1 -1 -1 -1 -1 -1 -1 -1 -1 -1 95 -1 -128 -12 -11 -1 -1 -1 -1 -1 -20 -64 -1 -1 -50 -128 -128 -16 79 116 105 104 90 117 99 99 36 -1 -4 -39 -25 -35 -49 -51 -32 -34 -49 -39 -53 -64 -50 -53 -77
90 95 81 88 95 95 95 95 93 97 104 116 118 120 124 111 100 81 82 97 58 67 65 59 83 88 66 64 84 79 68 81 66 18 0 100 0 116 90 102 116 19 90 0 62 54 50 76 0 43 79 66 55 16 37 29 45 67 55 20 21 22 26 24 31 66 65 84 78 62 31 52 37 62 42 67 73 45 78 52 60 32 21 33 58 45 21 56 68 52 68 52 50 70 87 68 44 47 74 76 64 48 50 47 59 50 42 79 49 32 27 56 70 52 64 56 71 60 73 67 58 64 56 48 56 58 56 49 44 64 44 48 64 43 18 37 0 58 59 62 58 52 56 58 76 56 61 35 41 52 54 55 62 53 50 44 61 42 33 39 43 43 58 42 43 33 45 25 38 50 0 0 0 0 22 24 43 43 19 0 50 60 31 53 53 48 44 60 29 27 22 26 31 20 41 58 58 37 42 36 36 39 59 56 32 30 60 47 29 52 4 22 41 47 42 39 52 27 25 58 7 27 20 0 52 16 16 13 19 14 21 33 54 35 65 38 14 25 18 56 33 3 21 47 30 21 41 82 79 79 48 68 56 73 58 93 79 47 60 72 59 74 82 76 67 68 50 48 71 70 61 45 3 53 4 36 55 61 78 60 72 90 102 83 62 60 94 29 93 58 87 45 96 83 0 81 96 65 94 101 94 83 106 108 102 99 102 91 93 -128 41 127 116 112 89 106 102 111 100 84 120 113 68 111 15 72 127 87 27 29 59 55 41 25 43 24 29 12 0 0 0 0 0 22 0 0 -128 0 7 0 31 0 7 16 13 13 10 13 10 10 18 0 19 19 15 18 37 0 53 24 13 16 37 0 38 30 0 7 12 20 10 22 25 47 37 36 35 49 89 67 29 43 1 -8 -1 -8 104 -1 -1 -1 -1 -1 -1 -1 -1 -1 -1 -1 -1 -1 -1 -1 -1 -1 -1 -1 -1 -1 -1 -1 -1 -1 -1 -1 -1 -1 -1 -1 -1 -1 -1 -1 -1 -1 -1 -1 -128 -1 -1 -1 -1 -1 -1 -1 -1 -1 -7 18 64 45 0 -1 -8 -1 -1 -1 -1 -1 -1 -1 -1 -1 -1 -1 -1 -6 -1 -1 -1 -12 -128 -60 -1 -1 -1 -1 -1 -1 -1 -61 -1 -128 30 -128 0 -1 62 127 90 90 105 87 108 95 85 -128 -1 -37 -23 -39 -50 -60 -35 -53 -39 -37 -23 -64 -59 -79 -72 -87
127 95 91 111 78 95 95 96 94 95 107 122 119 119 122 124 117 102 84 78 67 61 60 64 83 87 76 55 89 95 62 68 94 60 0 0 0 0 111 101 106 33 127 22 0 59 52 65 43 59 65 43 77 54 62 72 49 65 31 68 48 56 59 39 70 39 42 49 44 33 27 53 29 35 61 43 49 54 65 61 77 67 47 52 65 44 53 52 37 31 43 53 41 62 31 54 47 37 43 35 56 43 54 62 61 33 42 58 41 45 47 48 55 56 71 53 59 41 53 68 52 67 71 58 47 67 62 60 65 58 38 56 70 58 55 13 60 68 62 61 61 72 58 53 58 55 38 45 56 60 52 52 42 43 38 45 58 58 62 53 59 67 45 54 43 37 36 45 45 49 48 52 35 25 39 54 44 60 42 66 62 16 0 0 0 0 32 53 55 45 38 27 33 0 26 29 45 56 67 67 52 27 32 39 18 26 44 35 41 47 29 42 47 47 54 35 55 42 10 27 15 22 0 53 0 59 41 39 36 47 48 39 41 45 45 55 29 59 29 59 42 10 18 54 73 39 73 37 16 58 90 82 52 77 54 88 81 81 71 62 74 55 64 74 67 53 68 85 81 76 74 74 72 71 54 43 4 66 74 85 89 76 99 91 94 78 74 6 88 10 0 68 58 95 64 78 65 65 78 93 76 71 94 88 96 111 94 76 90 93 -128 112 65 83 102 97 85 102 102 100 100 111 -128 -7 -128 0 78 19 0 0 0 0 18 27 -94 -128 0 -68 -128 -128 0 0 18 9 10 12 16 2 7 31 20 24 35 0 22 7 10 15 21 13 16 15 0 22 18 9 12 22 0 8 0 32 0 0 31 2 37 0 0 0 12 27 29 33 66 67 44 36 62 78 35 37 29 0 37 9 -7 -1 -1 -1 -1 -1 -1 -1 -1 -1 -1 -1 -1 -1 -1 -1 -1 -1 -1 -1 -1 -1 -1 -1 -1 -1 -1 -1 -1 -1 -1 -1 -1 -1 -1 -1 -1 -1 -1 -1 106 -35 -1 -1 -1 -1 -1 -1 -1 -1 -4 -11 -128 -1 -1 -1 -2 -1 -1 -1 -1 -1 -1 -1 -1 -1 -1 -1 -1 -1 -4 -1 -1 -4 -1 -72 -12 -1 -1 -1 -1 -1 -1 -1 95 -1 78 55 -1 -26 -68 95 72 78 108 112 122 77 67 24 -1 -20 -34 -32 -44 -56 -42 -37 -44 -50 -51 -53 -59 -55 -61 -86
90 91 0 91 95 95 94 93 94 99 101 118 118 122 120 116 108 116 110 79 90 66 81 89 100 81 73 104 77 93 81 73 70 0 0 37 0 90 88 95 73 58 32 0 0 33 66 72 43 33 82 53 65 64 68 58 73 72 48 66 72 74 55 54 38 30 26 47 43 48 30 41 43 72 43 45 47 38 61 71 48 56 55 36 43 65 61 58 52 64 71 56 0 45 38 43 44 47 36 42 33 41 56 62 60 56 71 55 30 74 47 66 36 43 66 72 58 56 68 54 60 67 32 59 58 56 70 71 60 66 66 73 43 50 20 30 64 55 60 64 58 49 60 59 50 48 41 47 38 44 54 54 53 52 41 38 43 35 44 53 73 65 58 27 47 53 39 45 43 48 45 56 61 42 27 32 35 68 62 0 52 65 60 59 62 31 49 36 49 33 21 0 0 0 0 0 47 54 37 20 49 0 -128 -79 9 41 45 56 72 60 54 64 37 58 29 49 4 54 59 20 67 50 42 24 62 49 65 52 49 50 54 44 59 31 42 50 21 16 47 61 13 15 19 21 6 31 47 24 32 42 62 79 70 68 50 72 71 60 71 65 48 53 59 78 49 52 66 62 60 76 72 89 85 66 68 60 45 70 76 83 84 72 59 82 104 62 100 0 71 97 81 100 78 100 90 64 76 96 71 85 105 95 91 106 102 93 94 78 108 -128 99 127 94 94 93 90 45 0 0 0 0 0 125 114 90 -128 -128 -128 -61 45 44 61 14 -124 0 37 36 26 18 1 48 58 20 19 19 16 12 7 10 0 15 18 33 0 14 12 21 10 0 0 0 3 0 22 18 21 8 26 3 25 0 0 33 27 21 15 15 2 26 18 26 30 37 43 36 50 85 42 93 37 37 41 43 41 42 15 -1 102 -1 -1 -1 -1 -1 -1 -1 -1 -1 -1 -1 -1 -1 -1 -1 -1 -1 -1 -1 -1 -1 -1 -1 -1 -1 -1 -1 -1 -1 -1 -1 -1 -1 -1 -1 -1 -1 -1 -1 -1 -1 -1 -1 -1 -1 -1 -1 -1 -1 -1 -1 -1 -1 -1 -1 -1 -1 -1 -1 -1 -1 -1 -1 -1 -1 -1 -1 -1 -11 -1 -1 -128 0 -1 -1 -7 -6 -1 -1 -1 -1 -1 -1 -26 0 -60 44 -128 120 111 94 125 95 105 108 47 67 -128 -1 -20 -30 -28 -46 -55 -44 -36 -61 -68 -72 -70 -72 -81 -73 -94
127 89 0 90 90 93 93 91 93 97 106 120 122 110 127 123 112 114 105 110 99 61 90 99 48 91 95 104 96 100 71 89 81 68 0 55 61 0 70 104 0 0 0 0 0 7 22 30 0 74 65 43 83 52 20 31 61 71 27 56 22 22 50 70 72 42 44 50 38 47 37 60 65 52 53 61 59 58 64 36 33 24 31 25 44 45 24 73 74 38 42 65 70 64 61 64 77 68 42 44 38 37 37 53 43 41 61 35 58 81 39 56 53 60 52 39 54 65 71 55 64 71 47 54 43 54 44 33 39 67 50 68 37 74 53 29 0 37 65 58 36 70 38 48 56 55 54 50 26 37 47 65 56 54 53 58 64 55 37 31 37 27 61 26 59 54 47 47 45 42 45 33 44 42 58 13 0 8 29 52 58 20 67 65 39 38 59 60 53 49 39 18 59 32 30 36 33 6 8 35 45 0 -128 -128 0 0 0 3 61 32 37 50 35 62 52 35 16 73 38 33 53 35 0 71 -128 55 41 10 45 52 50 25 30 16 44 33 19 48 20 43 18 42 1 22 55 27 70 60 14 20 32 62 62 37 85 79 62 73 58 70 81 67 68 79 58 61 72 87 58 68 55 39 93 66 66 83 71 45 67 44 31 56 87 97 85 67 71 71 8 90 99 91 93 100 91 70 76 81 83 97 95 99 72 87 82 37 0 0 0 -128 6 49 87 91 89 90 102 72 87 70 7 -32 94 82 54 84 84 78 -37 -128 -128 0 -128 -128 27 58 54 22 24 10 25 31 22 20 21 19 4 4 7 18 10 13 14 22 0 0 0 0 4 14 0 15 3 2 0 0 33 18 25 0 22 24 19 26 21 29 18 14 30 18 20 36 38 41 60 43 43 44 54 48 36 36 41 0 38 33 -73 -1 -1 -1 -1 -1 -1 -1 -1 -1 -1 -1 -1 -1 -1 -1 -1 -1 -1 -1 -1 -1 -1 -1 -1 -1 -1 -1 -1 -1 -1 -1 -1 -1 -1 -1 -1 -1 -1 -1 -1 -88 -1 -1 -1 -1 -1 -1 -1 -1 -1 -1 -1 -1 -1 -1 -1 -1 -1 -1 -1 -1 -1 -1 -1 -1 -1 -1 -1 -1 -18 -6 -1 -1 -1 -3 -6 -11 -8 -2 -4 -1 -1 -1 -1 -1 -128 -128 -67 31 79 127 113 111 89 72 102 60 54 41 -1 -1 -26 -28 -30 -46 -55 -37 -56 -42 -59 -69 -74 -77 -75 -78
83 93 91 91 90 93 90 91 94 99 108 119 112 112 127 112 125 127 116 99 74 90 73 89 62 76 71 96 84 85 67 68 48 0 50 59 20 0 0 0 25 6 43 53 13 36 20 0 39 22 61 30 31 36 54 61 76 66 62 62 45 54 41 45 52 74 39 58 35 43 43 44 38 49 41 36 49 72 73 67 29 54 43 39 30 42 62 52 41 74 41 88 73 61 45 62 45 58 47 84 53 59 53 60 39 38 56 38 42 43 48 59 65 74 50 50 59 64 55 66 59 54 52 65 68 71 68 59 67 67 62 68 60 33 1 49 71 70 79 68 52 61 45 12 0 8 52 29 33 71 50 50 64 54 45 54 76 61 52 39 49 54 67 41 54 55 64 49 44 41 54 54 33 0 -96 56 39 2 0 33 59 64 35 66 25 67 37 50 50 37 60 48 32 30 49 52 38 42 0 20 -128 -1 -86 -128 43 0 18 47 25 41 48 43 55 62 39 49 41 58 50 39 0 0 0 0 0 0 0 0 0 0 0 15 19 30 24 15 16 19 37 27 2 0 32 42 16 18 61 42 45 27 25 29 33 64 60 62 67 74 78 74 67 56 89 77 19 60 56 66 54 70 81 90 77 67 73 71 60 13 67 58 45 0 0 0 0 0 0 0 0 0 9 47 77 96 71 66 71 81 81 100 73 95 102 106 99 97 82 99 83 -128 116 91 61 95 118 78 61 -128 -128 -128 71 97 90 85 106 93 74 66 53 45 42 41 52 87 61 79 64 50 43 32 30 26 24 19 18 16 15 15 6 14 14 9 10 15 10 10 10 13 15 0 0 26 15 18 19 0 1 21 24 20 21 24 24 26 29 25 27 24 6 24 32 33 36 36 36 36 37 30 91 48 33 38 31 44 35 24 -86 -1 94 -1 -1 -1 -1 -1 -1 -1 -1 -1 -1 -1 -1 -1 -1 -1 -1 -1 -1 -1 -1 -1 -1 -1 -1 -1 -1 -1 -1 -1 -1 -1 -1 -1 -1 -1 -1 -1 -1 -68 -1 -1 -1 -1 -1 -1 -1 -1 -1 -1 -1 -1 -1 -1 -1 -1 -1 -1 -1 -1 -1 -1 -1 -1 -1 -1 -1 -12 -11 -2 -6 -4 -8 -4 -9 -8 -4 -3 -3 -18 -1 -1 -1 -1 0 0 -12 72 105 78 89 118 122 91 72 90 74 50 -1 -1 -28 -39 -44 -55 -47 -37 -55 -69 -60 -78 -72 -70 -84 -89
127 74 93 90 90 91 93 93 94 96 101 108 117 118 120 127 120 120 101 116 116 105 107 85 90 68 74 56 73 71 82 61 79 66 0 64 20 83 0 8 85 31 76 76 78 0 0 -97 -105 -128 36 0 72 64 89 43 53 68 42 82 67 62 22 42 37 29 32 61 62 54 48 43 55 41 45 36 47 31 82 37 65 44 32 47 53 61 54 55 67 70 56 60 0 72 53 48 68 43 65 38 67 67 78 77 62 59 67 54 54 37 68 59 62 64 62 50 78 68 65 56 61 50 52 73 61 44 64 71 74 65 67 62 37 0 42 49 0 78 77 74 58 72 42 42 49 44 70 0 0 44 45 49 30 41 30 53 45 33 39 56 47 47 44 38 60 37 65 61 60 68 47 0 0 3 71 38 50 62 32 0 37 14 64 67 29 59 27 59 60 53 54 59 50 54 56 47 52 43 7 15 3 -128 -128 -128 -128 25 24 3 26 37 41 48 47 42 38 67 44 68 35 58 36 55 0 42 0 30 53 64 52 35 55 43 14 36 44 33 45 37 48 4 4 0 29 49 19 9 54 50 36 33 39 15 22 21 64 45 43 48 55 48 43 52 82 65 59 67 71 78 58 67 53 56 83 105 91 94 74 0 64 76 85 74 52 6 0 0 0 42 74 95 77 100 93 77 78 71 85 87 85 73 88 106 91 96 102 96 84 0 87 -128 102 100 68 122 62 36 -128 -128 107 127 127 107 119 112 93 78 72 56 42 45 39 52 68 96 104 101 104 67 53 50 42 33 25 20 19 16 15 15 18 10 0 15 8 14 16 10 10 12 13 16 18 0 9 7 22 18 25 0 14 10 15 26 22 26 21 25 26 29 29 30 31 30 35 36 36 36 36 38 27 32 39 44 33 50 39 32 42 -128 -1 104 -1 -1 -1 -1 -1 -1 -1 -1 -1 -1 -1 -1 -1 -1 -1 -1 -1 -1 -1 -1 -1 -1 -1 -1 -1 -1 -1 -1 -1 -1 -1 -1 -1 -1 -1 -1 -1 -1 -1 -1 -1 -1 -1 -1 -1 -1 -1 -1 -1 -1 -1 -1 -1 -1 -1 -1 -1 -1 -1 -1 -1 -1 -1 -1 -1 -1 -11 -12 -7 -11 -6 -1 -1 -14 -11 -7 -11 -27 -3 -27 -8 -1 -1 -1 -73 82 88 70 100 91 99 95 74 91 120 96 -128 -1 -8 -44 -36 -50 -68 -49 -63 -70 -67 -75 -67 -78 -84 -87
96 0 89 89 90 93 93 94 96 97 104 122 113 116 127 127 117 100 108 112 97 94 107 95 60 95 71 93 82 77 89 85 66 10 0 27 21 76 79 26 49 72 24 64 41 24 76 60 60 56 41 21 0 29 72 79 36 33 87 33 32 72 48 32 58 33 49 16 29 53 55 50 27 66 49 45 44 39 29 62 26 43 68 53 21 50 66 66 61 84 38 56 27 35 77 65 33 45 36 58 56 47 29 32 49 64 41 42 54 55 50 66 61 50 36 62 71 77 48 54 44 50 67 31 36 64 39 50 74 71 36 90 0 45 61 53 55 66 41 55 77 31 53 58 71 58 33 71 55 0 0 8 48 64 78 50 45 25 37 44 53 38 41 36 66 56 35 44 36 18 0 58 60 32 19 24 50 31 26 0 24 42 44 29 47 18 29 59 49 66 44 53 53 61 33 45 30 55 68 33 32 0 4 25 39 50 29 20 47 33 38 53 39 64 47 26 52 78 55 45 58 32 6 9 0 24 61 24 56 45 56 24 56 37 24 37 25 31 1 0 42 53 50 2 8 27 59 50 55 50 52 43 73 70 36 42 59 19 37 66 82 65 105 77 0 49 52 87 52 100 90 89 83 84 64 79 72 0 59 67 87 72 78 60 99 94 93 84 97 67 100 97 105 90 96 112 85 93 104 105 108 99 101 101 96 97 96 89 89 -3 87 70 73 95 -115 -128 70 127 127 111 85 113 105 95 96 100 87 48 48 47 55 74 122 124 67 62 62 55 47 43 38 42 24 19 18 16 15 15 21 10 13 16 10 15 10 10 10 13 6 16 31 19 0 0 13 15 29 0 19 22 20 6 27 15 12 25 27 95 15 24 27 33 36 36 36 36 37 22 41 30 61 29 37 0 36 35 -1 -126 -1 87 -1 -1 -1 -1 -1 -1 -1 -1 -1 -1 -1 -1 -1 -1 -1 -1 -1 -1 -1 -1 -1 -1 -1 -1 -1 -1 -1 -1 -1 -1 -1 -1 -1 -1 -1 -1 -1 -60 -1 -1 -1 -1 -1 -1 -1 -1 -1 -1 -1 -1 -1 -1 -1 -1 -1 -1 -1 -1 -1 -1 -1 -1 -1 -1 -1 -1 -1 -6 -2 -1 -6 -17 -9 -20 -27 -3 -17 -21 -27 -23 -2 -1 108 100 -121 117 62 79 108 93 102 82 77 108 124 61 -8 -1 -37 -34 -41 -28 -64 -61 -55 -45 -67 -78 -75 -79 -83 -84
127 0 90 89 89 91 93 93 93 94 99 104 118 113 122 119 111 95 106 82 116 101 102 108 68 65 72 71 85 72 87 70 96 94 14 0 64 82 60 24 47 58 56 50 82 58 36 0 59 67 61 49 62 54 4 67 18 73 61 52 71 41 43 35 50 29 32 56 41 29 38 52 43 41 53 61 30 33 48 59 22 54 29 31 56 54 35 55 56 78 58 59 48 73 82 61 55 36 41 68 64 65 62 56 55 62 83 79 74 54 50 60 67 48 53 74 33 42 64 43 47 60 56 44 66 58 66 68 61 71 33 70 33 12 45 41 65 60 55 35 60 49 62 55 42 61 74 58 60 62 56 31 7 41 0 0 0 22 37 43 61 19 50 49 54 49 56 41 37 0 39 50 37 58 35 33 30 55 56 0 15 0 27 56 55 61 54 64 49 52 53 58 49 61 52 56 44 45 30 62 49 44 59 55 27 26 52 32 0 47 30 33 27 54 41 58 64 41 49 16 39 24 0 54 14 0 0 25 9 18 20 39 53 38 21 39 32 25 0 10 37 36 24 43 26 49 47 49 47 24 43 53 30 20 35 55 8 44 76 55 68 84 61 79 31 52 60 64 71 81 56 93 91 72 66 83 68 3 64 93 78 110 94 70 96 99 85 84 56 70 70 81 91 83 85 84 97 85 95 102 101 95 93 90 88 91 93 0 87 -119 -128 -128 -128 -128 -18 84 119 89 105 89 101 108 107 93 78 66 58 73 59 82 106 114 116 71 85 104 85 54 48 37 35 32 24 19 16 16 14 14 14 14 0 18 7 13 15 10 12 13 13 13 14 15 24 19 13 15 15 19 27 0 0 0 0 0 29 29 26 31 26 30 31 32 33 33 33 35 35 35 37 38 39 -17 48 55 50 27 33 31 -128 -1 -1 -1 -1 -1 -1 -1 -1 -1 -1 -1 -1 -1 -1 -1 -1 -1 -1 -1 -1 -1 -1 -1 -1 -1 -1 -1 -1 -1 -1 -1 -1 -1 -1 -1 -1 -1 -1 -1 -126 -1 -1 -1 -1 -1 -1 -1 -1 -1 -1 -1 -1 -1 -1 -1 -1 -1 -1 -1 -1 -1 -1 -1 -1 -1 -1 -1 -1 -1 -1 -1 -1 -4 -17 -21 -26 -22 -23 -25 -18 -14 -14 -3 -1 -128 -1 -128 85 70 82 14 -128 105 74 102 93 67 -128 -1 -20 -27 -36 -36 -28 -64 -47 -60 -65 -83 -73 -88 -88 -100
96 93 89 89 90 93 93 93 93 94 100 113 110 118 117 108 114 127 99 118 85 100 91 70 84 76 74 71 54 96 79 72 59 56 1 0 52 33 30 64 7 60 39 47 54 77 22 31 67 77 50 56 37 18 20 0 72 42 61 55 56 49 24 61 41 30 30 68 65 43 31 39 58 61 67 47 47 55 61 38 42 29 45 31 50 54 62 26 30 31 47 0 54 32 62 49 48 64 68 65 47 44 55 74 66 67 37 61 39 53 79 66 60 49 29 60 74 48 42 70 67 54 36 59 58 66 65 97 71 50 72 64 43 0 43 0 49 44 64 72 26 61 79 50 54 65 32 54 39 50 50 48 29 9 79 72 62 37 0 47 24 24 0 0 0 12 32 35 0 55 67 60 52 43 48 43 49 21 35 20 62 76 0 59 49 61 52 61 59 50 49 62 39 35 64 52 48 50 53 54 43 44 45 50 60 38 41 0 59 56 39 38 42 53 33 53 59 43 15 27 65 27 38 6 33 48 0 0 0 4 50 47 43 30 29 31 4 16 37 50 20 25 29 26 67 0 37 55 37 44 36 22 54 48 54 44 54 54 53 41 49 60 111 77 16 95 97 99 64 64 49 85 89 78 96 96 0 65 55 85 96 68 95 93 81 68 74 66 79 79 77 95 96 93 83 82 101 105 106 104 99 84 91 88 89 88 90 85 108 87 -96 89 127 104 81 120 127 106 111 108 111 90 96 70 88 107 83 78 78 108 101 91 79 58 72 77 79 62 38 32 25 24 21 18 16 16 14 14 14 14 25 8 9 14 9 12 14 14 18 14 10 15 12 9 19 18 4 26 2 20 10 32 26 0 30 26 27 27 29 29 30 32 32 32 35 33 33 39 39 43 37 52 48 53 38 33 26 50 -67 -1 -1 -1 -1 -1 -1 -1 -1 -1 -1 -1 -1 -1 -1 -1 -1 -1 -1 -1 -1 -1 -1 -1 -1 -1 -1 -1 -1 -1 -1 -1 -1 -1 -1 -1 -1 -1 -1 -1 -1 -1 -1 -1 -1 -1 -1 -1 -1 -1 -1 -1 -1 -1 -1 -1 -1 -1 -1 -1 -1 -1 -1 -1 -1 -1 -1 -1 -1 -1 -1 -1 -7 -9 -22 -34 -27 -13 -25 -16 -14 -14 -12 -26 -128 72 -8 -49 78 82 71 -1 -60 88 70 65 60 53 -1 -6 -37 -20 -36 -36 -53 -61 -55 -75 -72 -74 -86 -91 -88 -75
127 94 94 90 90 93 94 94 94 91 95 97 117 111 108 127 113 102 79 114 108 116 64 95 79 74 73 61 61 73 77 105 84 89 49 0 29 36 39 72 19 30 25 38 48 82 25 42 76 33 61 52 72 52 49 62 0 21 56 65 76 67 58 42 38 58 54 33 64 65 65 49 50 67 56 58 33 79 74 77 55 54 65 67 67 67 66 33 54 49 35 62 50 24 38 38 39 85 72 70 72 56 77 78 76 35 29 82 22 41 60 38 37 48 62 74 73 65 44 41 50 45 68 41 45 54 76 82 47 39 78 33 77 65 41 43 47 60 73 59 61 76 83 60 42 52 67 70 56 49 60 58 77 60 60 56 36 61 49 0 24 37 0 72 59 42 25 0 0 44 44 49 44 48 64 62 59 53 53 15 66 21 13 0 24 38 62 62 52 29 41 60 61 50 38 35 43 26 37 61 30 54 44 49 52 38 64 43 0 49 73 50 31 55 44 65 33 53 49 59 31 56 9 25 58 70 13 50 13 32 48 54 31 31 22 50 37 0 0 10 14 16 41 12 54 42 53 31 71 42 43 60 41 27 55 71 60 59 53 48 84 50 89 71 89 100 90 82 87 96 94 68 96 94 68 56 0 68 89 95 89 77 99 113 97 66 79 102 96 105 99 101 95 97 90 100 104 104 102 99 93 90 93 94 94 94 94 84 113 112 8 96 118 116 113 127 116 65 65 61 82 93 82 89 119 111 76 78 65 81 106 116 114 117 96 65 60 59 42 31 27 21 19 16 15 15 13 10 10 10 15 16 10 9 9 18 2 0 47 29 16 16 20 16 0 22 6 21 21 16 21 15 24 20 0 36 22 31 25 35 22 9 21 65 35 35 33 37 33 41 44 32 24 35 0 27 39 25 44 -18 -1 106 -1 -1 -1 -1 -1 -1 -1 -1 -1 -1 -1 -1 -1 -1 -1 -1 -1 -1 -1 -1 -1 -1 -1 -1 -1 -1 -1 -1 -1 -1 -1 -1 -1 -1 -1 -1 -26 -1 -1 -1 -1 -1 -1 -1 -1 -1 -1 -1 -1 -1 -1 -1 -1 -1 -1 -1 -1 -1 -1 -1 -1 -1 -1 -1 -1 -1 -1 -1 -12 -14 -17 -34 -23 -25 -18 -14 -14 -17 -16 -1 -59 120 83 -1 0 70 68 -128 -119 90 60 54 0 -128 -128 -3 -27 -31 -22 -50 -20 -54 -54 -59 -81 -78 -88 -84 -89 -73
67 95 90 90 91 94 94 94 91 94 96 97 114 110 101 119 124 114 107 96 74 73 72 85 78 71 66 67 55 88 68 74 62 64 0 39 7 43 60 39 39 50 37 35 67 74 0 56 71 71 25 56 25 26 44 42 44 0 76 64 56 68 60 61 42 67 56 50 39 31 41 50 50 67 53 37 49 33 38 29 35 27 38 32 47 53 50 59 50 79 71 26 72 52 39 45 56 56 68 36 71 64 47 45 36 59 54 18 53 55 74 55 67 72 74 39 65 66 68 45 61 53 44 53 52 54 59 52 42 68 43 54 37 41 4 16 44 50 64 59 67 62 36 42 59 44 60 70 79 60 53 42 36 48 39 32 33 42 45 39 44 35 52 30 39 39 44 39 45 76 52 48 60 49 53 50 55 32 19 53 41 60 58 15 39 41 42 50 35 31 55 32 53 54 56 55 61 38 43 47 44 54 56 56 45 49 54 49 0 14 7 10 0 38 55 58 47 25 25 39 36 35 20 7 24 29 31 37 49 3 0 1 70 50 22 55 42 25 9 12 27 49 43 49 25 42 55 41 33 47 65 39 53 61 64 61 62 45 58 44 58 58 83 89 1 81 82 78 84 66 71 78 74 76 66 52 0 18 56 66 49 94 94 99 87 107 96 70 64 74 105 95 100 117 119 111 107 104 95 97 96 106 118 116 105 102 85 81 59 93 7 6 74 65 113 85 95 73 79 96 108 114 105 96 99 107 74 101 102 88 64 68 91 112 79 58 44 37 42 29 21 18 16 14 14 16 12 10 10 10 0 14 13 10 13 0 12 20 7 37 20 16 33 0 0 19 20 32 21 24 22 26 21 24 0 0 0 37 24 21 38 0 12 36 38 35 35 41 36 55 44 33 37 29 53 36 58 41 16 -8 -1 -1 -1 -1 -1 -1 -1 -1 -1 -1 -1 -1 -1 -1 -1 -1 -1 -1 -1 -1 -1 -1 -1 -1 -1 -1 -1 -1 -1 -1 -1 -1 -1 -1 -1 -1 -1 -1 -128 -1 -1 -1 -1 -1 -1 -1 -1 -1 -1 -1 -1 -1 -1 -1 -1 -1 -1 -1 -1 -1 -1 -1 -1 -1 -1 -1 -1 -1 -1 -1 -18 -7 -31 -22 -14 -14 -14 -14 -14 -22 -3 -128 -21 -1 -1 -1 -45 117 0 -1 -128 71 42 -102 -1 19 -1 -8 -42 -37 -30 -36 -28 -67 -56 -81 -83 -88 -83 -73 -68 -73
20 78 102 91 91 93 93 93 93 91 95 95 105 112 102 99 106 117 110 101 73 76 85 107 88 68 79 94 93 76 71 70 60 71 0 67 62 55 64 54 37 32 37 44 64 66 0 42 61 49 55 70 65 74 37 48 31 49 32 87 42 67 24 36 53 55 54 70 62 58 55 42 27 58 61 31 39 30 59 59 35 31 47 48 56 44 59 68 72 61 26 0 35 59 59 44 48 61 53 39 82 19 59 59 78 74 37 60 68 73 68 41 60 76 45 29 48 73 62 70 78 72 61 60 44 77 62 61 37 38 44 47 54 49 49 0 64 59 42 41 67 38 79 41 60 64 55 79 66 37 21 22 38 41 31 50 48 64 48 45 60 49 56 52 41 38 33 37 44 59 56 52 68 64 62 70 48 36 54 48 53 56 68 48 9 54 55 37 71 49 61 54 30 29 55 60 53 30 43 48 60 68 68 48 39 31 71 47 43 38 0 0 52 10 29 27 66 58 54 58 30 50 68 50 37 56 59 54 21 16 56 44 8 39 45 45 53 67 31 37 2 31 37 22 35 39 53 43 21 59 41 47 70 50 70 45 47 71 61 42 60 36 67 71 64 79 48 37 68 82 64 64 87 102 100 96 97 95 12 88 91 78 93 85 111 99 107 101 95 100 104 111 120 108 113 116 104 89 93 102 94 124 118 112 119 116 67 61 66 70 55 1 54 99 107 94 96 93 99 102 97 122 107 93 101 82 72 83 87 89 59 62 53 48 101 94 39 36 35 35 26 21 15 13 14 14 12 9 10 10 10 21 13 12 12 27 29 15 15 0 29 21 16 0 37 26 19 22 16 22 25 22 27 24 31 36 29 43 0 59 31 -68 -128 49 35 32 33 35 35 38 33 25 74 94 0 41 24 39 70 44 -42 -17 95 95 -1 -1 -1 -1 -1 -1 -1 -1 -1 -1 -1 -1 -1 -1 -1 -1 -1 -1 -1 -1 -1 -1 -1 -1 -1 -1 -1 -1 -1 -1 -1 -1 -1 -1 -1 -1 -1 -1 -1 -1 -1 -1 -1 -1 -1 -1 -1 -1 -1 -1 -1 -1 -1 -1 -1 -1 -1 -1 -1 -1 -1 -1 -1 -1 -1 -7 -11 -20 -32 -26 -16 -14 -14 -11 -11 -23 -8 -46 -25 -1 -128 77 107 -128 101 0 -2 0 45 84 0 -26 -1 -1 -31 -47 -35 -34 -35 -61 -70 -79 -61 -63 -69 -82 -91 -82
82 90 91 91 93 93 94 94 91 94 96 96 99 110 97 114 111 108 96 104 110 96 112 77 105 79 87 93 83 76 87 74 70 72 0 60 56 25 25 21 36 35 42 39 50 70 62 27 64 65 64 47 60 35 52 59 29 0 24 24 60 41 44 39 58 38 42 78 55 37 65 52 49 49 41 43 45 45 71 43 39 53 56 58 36 45 59 58 62 52 39 49 61 33 67 62 64 54 60 52 36 29 66 45 73 49 60 36 87 42 25 56 64 49 33 39 36 53 43 76 48 54 49 56 70 44 59 48 65 39 53 36 56 60 65 2 22 56 53 54 38 61 50 56 67 58 58 41 33 49 37 56 55 56 55 49 54 39 54 48 61 62 56 49 48 52 55 52 54 36 54 43 47 59 64 38 54 49 0 58 27 60 55 58 12 22 42 32 38 61 52 30 47 37 36 64 54 59 43 55 62 25 62 43 35 50 45 49 48 44 37 49 29 0 30 56 36 38 30 58 21 18 58 38 70 42 53 61 45 0 25 0 50 43 56 58 32 32 65 9 0 53 24 48 43 39 22 38 58 50 41 49 59 53 68 62 73 65 50 29 62 44 52 62 0 52 48 55 73 67 97 70 93 100 71 74 95 87 16 62 62 117 85 83 104 99 106 117 105 111 119 118 104 104 104 95 99 100 102 107 114 95 108 111 97 87 66 0 73 65 74 0 79 95 95 84 99 70 116 93 107 97 73 106 95 74 116 117 100 87 85 71 56 60 48 35 37 36 31 18 19 20 14 13 14 14 10 9 10 10 0 15 14 13 9 0 8 15 21 0 0 0 0 29 25 22 24 22 26 24 25 24 29 26 29 24 27 0 21 22 7 -9 -120 2 18 33 33 39 29 25 36 99 82 79 0 56 27 48 44 36 -98 -1 95 -1 -1 -1 -1 -1 -1 -1 -1 -1 -1 -1 -1 -1 -1 -1 -1 -1 -1 -1 -1 -1 -1 -1 -1 -1 -1 -1 -1 -1 -1 -1 -1 -1 -1 -1 -1 -1 -1 -1 -1 -1 -1 -1 -1 -1 -1 -1 -1 -1 -1 -1 -1 -1 -1 -1 -1 -1 -1 -1 -1 -1 -1 -1 -1 -1 -1 -4 -13 -12 -25 -14 -13 -14 -14 -12 -22 -12 -12 -35 -12 -6 105 -53 -128 60 91 -116 -1 0 87 95 -9 120 -1 -22 -37 -42 -50 -51 -64 -60 -63 -69 -68 -54 -69 -81 -77 -78
127 94 94 91 91 93 93 95 95 91 95 95 99 96 90 96 122 117 79 111 105 110 101 89 95 94 77 60 67 67 101 104 85 56 0 0 76 39 71 47 38 39 41 45 32 61 31 58 45 31 59 65 67 48 44 59 55 36 58 71 62 33 33 38 33 48 49 25 49 56 66 18 53 47 27 39 59 72 52 49 53 53 61 56 42 54 20 30 37 37 66 47 62 44 50 49 58 50 31 54 71 52 61 59 71 56 18 52 54 54 65 42 50 44 39 48 52 53 39 67 52 45 73 70 71 36 41 32 38 58 55 68 67 48 70 0 48 38 102 60 26 55 68 82 68 73 60 54 67 48 49 58 56 59 36 53 50 56 43 38 44 52 54 64 60 56 64 62 49 73 62 48 42 54 61 65 64 72 56 45 52 37 72 48 43 0 6 61 47 49 31 41 26 42 54 45 49 47 60 52 47 30 50 39 49 38 58 42 33 26 47 48 47 38 41 61 59 43 31 32 33 27 27 48 53 27 20 31 44 30 44 0 0 -102 44 36 50 44 49 0 0 27 53 44 48 42 12 15 49 66 33 43 50 56 27 54 54 68 41 74 56 77 49 82 78 55 97 66 66 70 78 65 59 76 62 96 87 37 0 0 70 72 94 104 100 104 112 120 120 106 105 108 102 106 106 100 100 104 105 114 113 112 105 104 100 79 88 87 79 88 96 81 112 18 82 62 83 81 113 82 60 77 70 89 108 112 91 120 88 89 101 102 71 54 41 37 33 22 25 25 24 19 15 13 14 14 12 9 10 10 21 7 15 14 14 24 0 16 18 19 39 21 32 15 19 21 24 22 24 22 25 22 27 27 26 36 29 8 0 44 29 -128 -128 -1 -128 26 33 35 36 38 41 59 37 41 60 71 47 53 60 42 54 -12 -1 99 -1 -1 -1 -1 -1 -1 -1 -1 -1 -1 -1 -1 -1 -1 -1 -1 -1 -1 -1 -1 -1 -1 -1 -1 -1 -1 -1 -1 -1 -1 -1 -1 -1 -1 -1 -128 -1 -1 -1 -1 -1 -1 -1 -1 -1 -1 -1 -1 -1 -1 -1 -1 -1 -1 -1 -1 -1 -1 -1 -1 -1 -1 -1 -1 -1 -1 -18 -18 -34 -14 -16 -14 -14 -17 -28 -17 -8 -16 -3 -1 -8 -7 0 64 58 66 4 -16 68 62 -1 -1 -1 -4 -40 -49 -45 -47 -53 -51 -49 -75 -54 -74 -81 -92 -69 -70
90 95 91 91 94 94 95 95 96 96 96 96 99 99 101 112 122 116 114 107 97 107 100 74 81 66 72 62 76 61 87 85 60 0 0 27 24 60 64 66 35 36 37 37 37 0 77 58 20 78 81 47 27 56 31 70 14 3 91 41 27 35 27 39 65 72 66 58 32 73 38 35 60 67 62 64 18 72 33 38 55 48 50 52 55 64 59 61 55 38 0 29 71 78 68 66 72 56 61 41 33 56 65 73 55 4 56 59 74 77 37 54 47 59 54 39 61 42 61 22 35 62 67 67 36 58 59 45 47 47 44 81 62 82 116 61 0 6 65 47 59 66 83 22 70 59 61 54 47 58 62 71 62 62 55 56 65 53 48 50 60 52 30 33 53 44 21 50 55 70 59 47 56 53 64 43 55 60 0 29 60 62 42 45 10 56 36 44 38 54 38 49 67 65 56 58 37 41 49 41 67 76 35 35 43 49 27 48 60 55 44 48 41 0 37 60 52 53 36 53 53 0 41 48 31 25 41 50 0 20 66 45 32 6 0 0 42 52 0 10 42 38 26 21 18 3 41 0 4 26 41 29 45 47 37 61 71 66 49 67 74 84 83 32 0 67 61 64 84 83 58 88 81 67 94 84 72 9 24 56 55 97 84 96 31 107 102 112 113 127 119 117 104 102 102 105 108 111 116 113 107 110 120 97 100 55 55 0 100 113 107 82 0 93 68 111 77 119 108 87 102 96 93 111 116 99 118 111 95 106 88 72 59 42 39 47 55 30 21 19 19 19 12 10 10 10 10 10 10 10 14 14 7 18 10 31 0 18 16 16 19 19 24 24 24 25 26 26 26 26 26 27 27 27 30 6 49 37 -120 41 -128 -27 -56 -1 0 41 33 18 13 94 58 18 25 74 0 -11 100 42 37 33 27 65 -128 102 -1 -1 -1 -1 -1 -1 -1 -1 -1 -1 -1 -1 -1 -1 -1 -1 -1 -1 -1 -1 -1 -1 -1 -1 -1 -1 -1 -1 -1 -1 -1 -1 -1 -1 -1 -1 -1 -1 -1 -1 -1 -1 -1 -1 -1 -1 -1 -1 -1 -1 -1 -1 -1 -1 -1 -1 -1 -1 -1 -1 -1 -1 -1 -1 -1 -3 -22 -25 -17 -20 -17 -16 -16 -17 -16 -17 -14 -1 -1 -13 -64 -1 -56 -68 -1 -128 -65 -128 -128 -12 -1 -1 -1 -39 -39 -42 -51 -40 -55 -50 -70 -67 -77 -67 -81 -83 -59 -89
127 95 91 91 91 94 94 95 95 96 96 99 99 100 101 108 116 108 116 101 84 60 94 91 81 117 108 105 72 73 88 83 58 82 0 1 0 12 47 22 58 54 30 21 50 50 47 49 36 42 53 76 53 64 64 77 44 0 12 76 67 59 37 30 20 52 49 60 60 41 27 73 62 68 52 67 61 20 19 22 30 26 38 37 24 59 58 43 58 55 62 33 36 36 48 45 55 55 50 70 52 31 78 71 32 27 61 60 73 43 31 54 58 73 59 54 59 58 62 62 56 66 76 66 31 42 31 41 55 59 62 47 56 73 52 53 49 10 56 60 52 65 89 38 64 54 49 70 64 60 76 50 49 44 42 66 54 48 59 62 52 49 65 59 33 39 38 45 65 44 32 36 60 48 66 20 41 66 41 30 39 70 31 18 22 76 45 2 66 60 35 54 30 39 54 44 44 41 52 16 53 0 0 15 54 33 19 45 53 47 50 36 35 39 44 52 36 30 50 41 27 53 52 50 43 26 55 50 41 4 56 43 53 24 62 19 0 0 0 35 54 38 33 44 6 24 27 18 7 2 39 27 56 31 22 60 37 42 72 48 60 18 27 52 65 52 54 90 84 88 81 66 66 88 74 71 77 88 0 89 90 62 61 37 44 68 61 84 77 96 116 120 114 114 113 112 107 111 112 119 123 122 90 99 104 62 73 100 96 96 105 111 73 15 117 105 99 107 110 93 91 113 97 117 106 112 99 112 108 64 79 56 53 52 31 43 55 42 27 20 16 16 13 10 10 10 10 10 10 10 10 0 10 10 22 18 0 15 15 18 18 19 19 24 24 24 26 26 26 29 29 27 27 27 29 14 21 0 29 -128 0 -1 -4 -1 -128 39 36 24 -128 35 45 16 38 37 94 44 79 65 60 42 53 35 24 -3 -1 -1 -1 -1 -1 -1 -1 -1 -1 -1 -1 -1 -1 -1 -1 -1 -1 -1 -1 -1 -1 -1 -1 -1 -1 -1 -1 -1 -1 -1 -1 -1 -1 -1 -1 105 -1 -1 -1 -1 -1 -1 -1 -1 -1 -1 -1 -1 -1 -1 -1 -1 -1 -1 -1 -1 -1 -1 -1 -1 -1 -1 -1 -1 -1 -1 -21 -25 -14 -20 -13 -16 -16 -13 -18 -14 -16 -1 -1 -17 -14 -120 -1 -1 -23 -21 -14 -128 -65 -1 -1 -1 -1 -6 -40 -45 -47 -54 -47 -70 -55 -75 -73 -68 -67 -89 -82 -69
90 95 91 91 94 94 95 95 96 96 99 99 100 101 102 114 123 100 111 107 97 119 91 95 111 100 64 59 66 70 101 101 90 0 0 0 0 0 56 67 45 10 38 21 19 36 83 30 59 66 61 36 64 59 26 30 36 41 53 44 25 38 53 61 53 38 42 74 72 39 49 72 18 50 30 79 88 30 78 35 42 33 32 60 38 76 48 66 35 52 37 60 43 54 49 58 73 56 50 30 38 49 77 21 56 70 50 72 62 41 54 61 43 38 44 60 74 61 71 70 71 78 78 24 62 66 42 56 54 56 60 56 68 68 0 44 32 0 15 45 61 71 41 60 33 42 64 24 50 87 54 30 73 50 67 55 61 48 38 38 66 47 44 30 24 29 58 55 47 37 56 53 54 50 64 77 71 44 72 42 43 49 60 59 53 61 60 0 0 41 9 65 64 31 71 26 38 38 53 0 0 2 19 8 7 0 25 55 47 56 16 43 26 0 43 38 35 44 31 48 24 0 26 30 62 53 35 31 12 4 18 54 66 26 61 31 0 0 21 16 38 60 12 0 18 66 59 47 0 18 52 56 13 9 37 71 32 73 62 82 95 72 47 41 0 70 41 78 43 70 52 101 105 101 96 71 43 0 82 88 90 59 71 61 101 85 100 113 91 85 91 91 104 94 102 100 107 111 60 93 105 91 104 108 60 110 91 0 100 82 105 77 43 97 99 78 105 79 110 72 62 99 50 90 123 55 107 65 78 66 45 47 35 25 33 31 27 26 21 19 18 16 13 14 10 10 12 9 9 12 19 13 12 16 0 32 22 19 20 20 20 20 22 24 24 25 26 26 26 27 27 29 29 29 29 38 0 39 -128 -128 -1 -81 -128 -68 16 27 0 -128 -88 9 60 101 102 94 55 22 53 27 44 26 36 43 -18 94 -1 -1 -1 -1 -1 -1 -1 -1 -1 -1 -1 -1 -1 -1 -1 -1 -1 -1 -1 -1 -1 -1 -1 -1 -1 -1 -1 -1 -1 -1 -1 -1 -1 -1 -1 -128 -1 -1 -1 -1 -1 -1 -1 -1 -1 -1 -1 -1 -1 -1 -1 -1 -1 -1 -1 -1 -1 -1 -1 -1 -1 -1 -1 -1 -1 -1 -12 -23 -25 -13 -14 -16 -16 -20 -30 -16 -18 -1 -11 -8 -1 -28 -6 -3 -3 -3 -1 -27 -1 -1 -1 -1 -1 -27 -49 -54 -47 -40 -59 -64 -60 -75 -79 -56 -79 -87 -61 -56
127 95 91 91 91 94 94 95 95 96 96 97 97 100 102 107 114 123 96 78 114 106 90 74 90 76 96 71 94 79 73 62 66 72 91 38 82 0 0 88 45 66 2 52 15 0 78 50 43 43 64 61 91 73 66 50 12 49 79 65 64 76 66 84 60 45 66 33 32 35 30 30 42 77 88 70 67 7 64 74 66 59 52 52 50 27 18 65 60 64 0 58 67 38 74 73 65 72 77 37 65 59 79 29 70 42 60 26 55 41 66 60 65 68 72 72 55 41 47 33 32 33 30 41 66 36 27 62 66 74 64 62 55 43 39 50 53 62 65 0 31 49 31 13 22 76 45 10 43 78 43 84 25 45 58 81 26 60 54 39 53 31 43 48 44 45 42 35 55 55 53 54 38 35 64 71 88 82 0 37 58 55 30 50 31 62 50 78 33 0 0 29 72 47 55 49 50 42 52 18 24 61 36 39 13 53 50 1 0 47 50 35 62 48 0 7 53 9 36 48 60 39 36 31 33 74 58 0 0 39 39 38 30 41 56 31 41 48 26 0 0 0 12 31 27 24 15 14 45 47 88 52 30 36 24 35 45 50 68 91 88 47 41 68 66 77 81 77 79 44 89 52 56 82 85 93 93 2 68 105 62 76 61 96 71 61 59 90 76 38 65 64 105 89 87 108 100 94 83 94 64 83 54 65 76 71 78 108 100 89 73 100 82 66 0 102 84 62 100 95 88 107 125 112 82 116 81 76 127 84 81 84 49 65 52 41 33 27 25 20 19 16 13 13 12 9 12 12 10 12 12 0 18 16 0 29 9 18 22 20 20 20 20 22 25 24 26 26 26 27 27 29 29 30 30 49 0 -61 -128 -128 -55 -65 -94 0 0 0 -128 -128 0 -128 18 64 70 33 49 0 41 37 32 30 39 31 19 -20 -1 -1 -1 -1 -1 -1 -1 -1 -1 -1 -1 -1 -1 -1 -1 -1 -1 -1 -1 -1 -1 -1 -1 -1 -1 -1 -1 -1 -1 -1 -1 -1 -1 -1 -1 -1 114 -1 -1 -1 -1 -1 -1 -1 -1 -1 -1 -1 -1 -1 -1 -1 -1 -1 -1 -1 -1 -1 -1 -1 -1 -1 -1 -1 -1 -1 -13 -17 -13 -13 -18 -16 -16 -13 -32 -7 -16 -1 -14 -18 -2 -17 -9 -1 -3 -2 -6 -1 -1 -1 -1 -128 -1 -1 -46 -46 -59 -45 -45 -58 -67 -81 -81 -83 -91 -86 -65 -84
90 95 91 91 94 94 95 95 96 96 96 96 100 101 102 102 119 122 112 104 105 67 68 102 82 74 79 105 81 83 83 77 58 61 35 93 73 0 48 76 50 48 70 25 13 58 31 87 47 62 35 76 59 72 78 0 70 85 43 77 55 59 47 37 54 73 67 79 58 49 32 24 67 76 36 27 31 41 24 8 38 55 55 66 54 47 20 48 52 65 83 61 30 58 55 50 39 22 26 26 54 120 67 26 50 68 52 59 70 60 59 61 53 68 27 38 50 25 53 68 59 62 47 67 49 48 52 64 67 59 54 55 108 53 13 62 56 74 49 50 0 2 41 25 85 70 0 32 21 87 47 60 70 72 59 21 55 66 65 30 61 47 52 53 67 56 56 67 45 53 58 47 49 39 29 60 58 70 32 62 62 58 39 88 54 55 27 94 45 39 0 31 66 62 60 38 44 38 26 27 67 32 25 37 76 35 22 50 0 53 35 38 48 25 0 50 0 43 49 44 50 0 37 44 37 32 0 14 0 0 0 7 47 2 39 54 35 36 19 0 0 19 36 50 32 22 19 30 6 55 22 56 74 85 70 47 61 36 38 61 74 82 50 79 0 52 56 90 30 54 71 61 54 93 64 78 30 26 93 85 90 43 72 58 71 39 50 61 56 81 105 106 90 67 68 81 61 68 43 73 89 93 82 102 96 90 91 19 127 68 73 104 82 89 0 61 82 88 83 85 82 64 81 89 96 70 95 42 95 64 108 112 55 60 49 36 33 26 21 19 18 16 13 12 10 10 14 12 12 14 12 36 19 9 0 6 7 22 20 20 20 20 22 24 24 25 26 26 26 27 27 29 29 31 31 32 -128 7 0 -128 -128 -128 1 56 30 0 0 1 -128 -1 32 54 53 79 67 88 33 33 61 45 30 42 -128 -1 -1 -1 -1 -1 -1 -1 -1 -1 -1 -1 -1 -1 -1 -1 -1 -1 -1 -1 -1 -1 -1 -1 -1 -1 -1 -1 -1 -1 -1 -1 -1 -1 -1 -1 -1 -1 -1 -1 -1 -1 -1 -1 -1 -1 -1 -1 -1 -1 -1 -1 -1 -1 -1 -1 -1 -1 -1 -1 -1 -1 -1 -1 -1 -1 -1 -7 -17 -9 -11 -26 -18 -16 -16 -31 -21 -1 -13 -7 -22 -22 -8 -128 -6 -2 -2 -6 -1 -2 -1 -1 61 0 -1 -23 -34 -53 -45 -58 -41 -65 -83 -75 -91 -79 -78 -61 -60 -59
127 95 89 91 91 93 93 95 95 94 94 95 95 97 100 99 101 105 116 105 90 84 79 88 78 111 100 76 87 67 61 96 81 54 76 39 88 58 0 84 93 35 38 56 49 42 78 77 67 59 54 73 60 68 53 68 47 67 71 67 50 44 41 49 66 44 35 79 60 71 37 30 58 20 42 73 21 61 50 82 54 58 47 65 32 53 60 26 39 25 0 18 22 54 67 71 49 55 43 74 68 68 70 56 61 49 85 68 64 65 65 76 60 64 65 56 62 76 44 71 83 42 53 68 43 77 67 68 68 54 36 60 62 88 38 64 73 67 56 49 33 67 50 58 44 62 72 0 77 42 77 54 72 45 38 56 62 41 64 47 67 45 61 48 68 73 50 56 62 50 61 70 65 47 55 56 60 82 0 36 62 18 67 60 48 44 29 49 60 31 7 43 0 53 65 48 61 35 53 9 39 47 26 52 47 54 42 39 41 30 33 58 35 39 32 22 0 48 0 19 0 6 26 32 0 0 65 77 15 0 0 -93 13 65 14 14 24 25 41 43 25 -128 36 33 32 43 38 38 32 3 32 24 13 27 44 39 48 79 68 7 33 95 70 81 71 52 59 72 52 50 101 84 82 78 87 117 94 0 61 91 83 60 94 102 91 52 64 44 72 73 77 82 91 72 54 56 82 96 79 78 95 87 85 66 77 107 68 94 73 91 111 117 81 93 79 31 0 95 72 123 89 85 65 93 65 95 96 99 61 61 82 76 72 76 64 55 43 36 32 29 21 20 19 15 13 10 9 10 10 13 7 18 12 8 21 31 10 18 26 22 25 25 24 25 25 25 25 27 27 26 29 29 29 30 30 31 -128 0 -128 -128 -128 -128 1 19 24 16 27 -128 -61 -1 -128 43 41 62 61 62 38 93 44 45 45 37 0 -128 -34 -1 -1 -1 100 -1 -1 -1 -1 -1 -1 -1 -1 -1 -1 -1 -1 -1 -1 -1 -1 -1 -1 -1 -1 -1 -1 -1 -1 -1 -1 -1 -1 -1 -1 -1 -128 -1 -1 -1 -1 -1 -1 -1 -1 -1 -1 -1 -1 -1 -1 -1 -1 -1 -1 -1 -1 -1 -1 -1 -1 -1 -1 -1 -1 -1 -18 -16 -13 -28 -13 -14 -14 -23 -17 -17 -32 -30 -14 -21 -4 -2 -3 -2 -1 -1 -9 -7 -1 -1 -1 -60 -1 -3 -36 -61 -45 -51 -58 -45 -84 -82 -72 -88 -82 -68 -68 -61
90 95 91 91 93 93 95 95 94 94 95 95 97 99 100 100 101 105 105 101 91 83 122 82 85 104 88 84 100 110 74 62 72 95 89 93 94 0 0 26 30 41 66 61 27 14 30 61 37 47 29 47 48 81 16 78 18 55 76 53 87 49 55 77 38 22 52 53 35 85 53 41 39 58 65 73 60 50 54 37 39 12 33 19 70 65 43 106 49 0 21 33 68 62 38 59 54 70 32 65 35 54 56 43 41 25 39 70 44 50 83 59 22 32 58 70 66 55 56 76 39 26 45 29 59 42 43 55 39 60 65 55 49 50 64 67 38 61 41 70 62 48 71 73 30 59 42 16 24 54 49 88 107 35 43 39 71 54 59 44 53 21 68 53 61 38 58 52 73 45 78 72 41 35 36 55 48 76 81 22 50 62 47 62 50 67 65 53 54 66 41 18 7 25 60 60 59 67 55 4 52 33 67 41 32 67 27 65 58 0 56 66 48 52 49 60 39 71 26 66 73 0 38 0 59 52 22 52 58 16 41 0 0 -128 0 0 0 68 10 41 22 -128 35 42 42 42 37 37 7 12 1 19 0 44 39 67 56 78 67 122 13 45 37 85 0 95 93 65 84 45 59 97 97 101 108 70 88 9 81 100 60 91 111 96 76 72 95 39 32 33 26 39 85 65 73 95 78 58 60 95 118 83 62 76 58 106 66 74 71 66 89 111 82 108 84 81 0 107 108 97 111 64 119 111 105 106 67 72 50 67 87 65 53 74 77 42 27 53 35 30 20 15 18 14 14 8 9 12 12 13 15 0 20 12 6 26 18 21 22 24 22 25 25 25 27 27 27 27 27 27 29 31 31 30 30 36 52 -128 0 -128 0 18 31 13 0 22 15 0 -128 0 41 32 42 99 33 0 111 55 38 38 38 36 41 27 27 10 -68 -108 -1 -1 -1 -1 -1 -1 -1 -1 -1 -1 -1 -1 -1 -1 -1 -1 -1 -1 -1 -1 -1 -1 -1 -1 -1 -1 -1 -1 -1 -1 -1 -1 -1 -1 -1 -1 -1 -1 -1 -1 -1 -1 -1 -1 -1 -1 -1 -1 -1 -1 -1 -1 -1 -1 -1 -1 -1 -1 -1 -1 -1 -20 -13 -12 -11 -23 -16 -16 -22 -26 -12 -17 -39 -14 -40 -22 -1 -101 -1 -1 -1 -39 -1 -1 -1 -1 -1 -128 -13 -36 -58 -59 -49 -77 -68 -69 -73 -75 -78 -60 -74 -77 -74 -60
127 90 91 84 78 99 85 94 94 93 93 94 94 95 97 100 101 99 100 123 101 118 72 106 106 97 106 114 89 87 72 72 85 89 83 104 81 88 16 0 96 70 68 53 0 13 22 32 78 27 38 30 76 88 54 25 79 26 82 62 44 70 71 84 76 56 67 25 32 39 72 113 88 56 49 33 81 105 37 54 87 71 66 48 27 47 24 59 62 52 52 67 74 59 52 45 66 36 33 30 74 74 35 24 30 31 37 30 65 43 45 31 60 58 72 76 77 31 84 71 42 65 67 53 58 39 48 50 50 55 53 38 42 53 0 50 25 29 65 58 32 50 49 56 55 43 47 49 35 10 77 77 76 41 24 62 61 41 56 45 50 54 52 61 47 52 50 50 43 21 13 42 39 42 38 15 54 67 0 56 26 79 71 72 44 64 37 43 48 67 43 25 37 0 67 4 30 44 32 33 18 42 53 27 26 60 45 59 44 36 0 47 45 55 47 48 38 33 60 39 39 0 0 0 53 38 26 44 44 36 38 65 9 0 4 0 6 0 20 37 50 29 2 20 45 37 44 43 41 60 64 54 37 7 19 0 6 1 47 24 58 62 82 60 42 85 74 56 61 96 85 90 106 67 39 64 12 37 1 54 76 62 91 89 58 91 88 104 48 82 58 93 102 48 68 47 82 72 61 66 60 105 88 89 96 76 72 120 44 72 85 84 117 90 84 101 90 47 99 101 88 96 96 93 102 117 83 111 64 59 50 60 70 67 49 44 39 52 25 41 31 25 22 16 13 15 9 10 10 13 16 2 24 0 0 20 13 19 24 22 22 25 25 26 26 26 26 27 29 29 29 21 26 26 18 18 24 7 27 0 19 0 0 0 0 37 35 35 -106 -32 25 71 43 36 36 73 35 37 37 37 37 37 38 38 44 41 37 8 -70 -1 -1 -1 -1 -1 -1 -1 -1 -1 -1 -1 -1 -1 -1 -1 -1 -1 -1 -1 -1 -1 -1 -1 -1 -1 -1 -1 -1 -1 -1 -1 -1 -1 -1 -1 -1 -1 -1 -1 -1 -1 -1 -1 -1 -1 -1 -1 -1 -1 -1 -1 -1 -1 -1 -1 -1 -1 -1 -1 -1 -1 -11 -11 -6 -27 -16 -16 -13 -28 -26 -14 -20 -60 -36 -12 -11 -16 -39 -1 -18 -31 -1 -1 -3 -1 -1 -16 -2 -35 -46 -58 -72 -61 -70 -79 -82 -83 -84 -78 -91 -74 -61 -49
91 0 81 107 90 97 94 94 93 93 94 94 95 96 97 100 101 101 100 112 111 101 114 110 107 100 111 90 85 101 83 106 64 84 89 87 96 71 59 0 0 0 70 0 36 67 44 26 61 29 37 44 55 65 79 53 49 0 0 67 71 84 45 35 32 50 43 48 35 10 -88 -44 20 50 61 76 88 29 66 39 18 71 73 60 53 41 43 41 61 10 48 31 39 61 53 53 39 44 26 20 56 32 54 61 61 66 67 66 62 66 38 72 54 62 71 44 35 49 81 44 44 39 52 39 48 54 48 44 44 48 52 62 66 60 58 61 71 55 66 33 58 74 37 70 48 47 59 59 76 24 32 58 66 68 72 49 30 60 55 60 49 52 55 39 58 53 65 37 38 25 0 0 3 0 0 37 1 37 48 65 33 76 43 55 45 43 53 38 61 48 50 72 22 0 6 12 13 44 27 27 13 4 27 41 24 32 60 54 66 41 0 42 33 65 55 59 32 55 48 35 26 0 44 65 58 53 25 53 45 35 48 44 56 71 37 35 8 -128 60 38 44 25 0 2 36 37 36 44 26 62 24 44 30 30 60 13 8 0 61 41 71 61 56 54 0 43 87 96 70 99 76 71 26 42 0 29 54 0 73 89 47 79 99 58 102 94 72 67 65 99 94 66 43 64 82 88 93 100 117 77 81 79 105 104 91 72 89 68 88 104 110 118 116 108 97 113 41 97 116 88 64 82 102 112 94 70 119 59 61 49 50 53 49 49 47 49 48 44 71 83 44 18 18 14 10 8 9 12 12 13 0 0 0 38 19 16 20 20 24 24 25 25 26 26 26 26 27 25 22 29 29 31 19 14 27 15 10 26 21 16 33 16 15 26 32 30 35 12 0 21 24 36 39 33 64 36 50 35 37 37 37 37 37 37 25 41 33 41 -105 -1 -1 -1 -1 -1 -1 -1 -1 -1 -1 -1 -1 -1 -1 -1 -1 -1 -1 -1 -1 -1 -1 -1 -1 -1 -1 -1 -1 -1 -1 -1 -128 -1 -1 -1 -1 -1 -1 -1 -1 -1 -1 -1 -1 -1 -1 -1 -1 -1 -1 -1 -1 -1 -1 -1 -1 -1 -1 -1 -1 -22 -1 -2 -30 -17 -17 -16 -13 -27 -21 -13 -21 -32 -21 -13 -17 -1 -128 -21 -12 -3 -12 -1 -1 -1 -67 -128 -28 -53 -58 -46 -55 -46 -65 -64 -75 -81 -87 -94 -89 -68 -128 -68
127 90 85 88 88 0 101 89 95 95 91 88 93 96 96 97 100 102 102 104 105 124 118 101 101 67 117 93 105 114 101 78 59 95 48 106 68 61 93 65 50 53 0 15 48 39 73 52 55 29 21 49 45 65 66 44 66 60 70 60 79 49 52 73 38 54 37 77 60 0 -116 -61 -128 39 89 73 64 16 44 68 32 78 71 27 72 58 29 59 66 0 58 64 67 61 64 76 88 71 41 54 61 48 30 42 37 43 53 81 36 59 66 94 32 67 58 44 24 111 85 61 62 48 49 65 47 62 53 37 58 73 61 31 61 65 27 62 70 77 61 59 44 54 49 33 56 52 44 47 37 79 42 0 0 0 33 38 35 67 44 65 60 48 56 54 53 67 41 50 47 36 64 67 60 61 10 82 65 0 19 61 29 47 44 36 42 37 60 62 53 66 30 59 26 36 27 9 64 67 54 42 20 27 38 35 25 56 32 36 59 50 27 29 50 71 65 42 48 22 49 54 53 0 33 56 49 21 31 67 38 18 47 54 52 27 21 48 0 20 0 26 33 37 -100 0 27 22 41 42 47 49 54 47 12 37 15 48 81 56 0 38 84 30 99 41 42 54 97 35 79 90 41 91 0 106 99 99 81 62 74 94 39 73 104 78 119 47 61 73 111 91 83 83 87 107 65 83 83 68 83 72 102 117 90 83 70 100 108 66 0 110 113 83 96 105 108 77 20 42 95 88 95 73 79 70 60 65 76 56 53 44 47 43 44 42 45 55 85 60 60 56 48 24 18 24 13 19 10 10 12 13 29 0 15 19 15 24 19 21 18 25 24 20 20 26 26 25 27 27 29 27 26 22 30 31 27 31 21 7 21 31 27 29 26 0 8 18 8 0 0 45 31 37 49 27 29 14 0 36 32 33 30 41 45 33 44 42 41 53 38 -1 -1 -1 -1 101 -1 -1 -1 -1 -1 -1 -1 -1 -1 -1 -1 -1 -1 -1 -1 -1 -1 -1 -1 -1 -1 -1 -1 -1 -1 -1 -1 -12 -1 -1 -1 -1 -1 -1 -1 -1 -1 -1 -1 -1 -1 -1 -1 -1 -1 -1 -1 -1 -1 -1 -1 -1 -1 -1 -1 -23 -18 -23 -37 -18 -13 -16 -18 -16 -25 -18 -34 -22 -16 -13 -13 -26 -14 -128 -34 -128 -16 -128 102 -128 -1 -14 -8 -47 -54 -40 -41 -61 -68 -73 -89 -87 -77 -128 -82 -77 -59 -77
88 89 88 88 93 84 90 0 93 95 94 83 96 96 96 97 99 100 100 99 100 119 117 125 99 95 99 81 122 64 91 77 99 84 72 88 101 77 67 82 64 7 0 30 47 33 33 60 65 48 68 58 61 38 52 88 64 44 78 64 41 83 71 59 52 61 73 54 32 6 -128 -128 -1 39 78 113 37 68 74 37 72 50 74 45 60 73 47 38 30 62 61 68 59 53 43 45 52 50 62 59 52 58 37 54 56 37 49 35 38 35 60 72 45 32 38 33 71 60 60 48 62 35 44 55 65 32 33 52 59 59 52 43 61 0 43 36 60 68 60 59 53 53 22 43 62 64 53 53 58 44 64 59 48 74 61 66 76 64 49 56 61 50 50 54 54 31 44 43 55 38 32 56 50 45 43 55 39 0 0 76 59 42 56 20 65 58 33 44 33 43 47 61 60 47 36 6 7 50 35 0 35 43 31 39 27 38 44 53 54 24 0 58 50 55 44 47 52 30 45 52 49 31 54 44 41 38 42 22 31 31 27 61 30 24 22 4 30 0 0 38 0 -128 10 30 31 39 41 37 39 52 7 39 18 71 48 18 62 27 43 45 66 96 82 74 0 58 83 93 99 95 44 22 102 96 89 93 85 94 90 93 76 52 110 78 93 55 72 90 95 84 99 83 111 94 64 81 87 60 110 110 85 106 111 85 59 0 1 61 67 111 70 108 0 60 97 1 42 18 83 79 66 85 73 58 53 67 62 73 49 49 37 44 42 37 45 47 65 53 43 32 27 20 31 24 21 8 10 10 12 14 26 26 0 0 19 16 21 19 21 24 21 21 26 26 25 26 26 27 29 26 27 25 19 29 37 24 12 13 21 27 10 15 22 0 18 0 2 0 26 12 19 38 0 0 3 61 30 38 37 36 45 49 47 45 32 33 38 35 32 -42 -128 -4 -1 -1 -1 -1 -1 -1 -1 -1 -1 -1 -1 -1 -1 -1 -1 -1 -1 -1 -1 -1 -1 -1 -1 -1 -1 -1 -1 -1 -1 -1 -1 -1 -1 -1 -1 -1 -1 -1 -1 -1 -1 -1 -1 -1 -1 -1 -1 -1 -1 -1 -1 -1 -1 -1 -1 -1 -27 -12 -27 -23 -12 -14 -17 -21 -16 -21 -18 -16 -26 -16 -11 -21 -17 -14 -8 -1 -25 -22 -58 111 71 -31 -1 -1 -28 -44 -50 -58 -65 -79 -81 -112 -128 -92 -81 -88 -98 -73 -63 -91
127 90 85 88 88 85 83 104 97 102 0 68 85 96 96 95 97 99 99 97 101 113 118 127 120 113 91 78 96 111 105 99 84 85 61 83 72 84 73 67 59 73 53 0 18 33 37 52 71 43 53 33 58 59 52 37 70 65 41 77 33 74 59 56 66 55 76 45 43 67 72 68 0 -128 -60 54 73 55 88 37 59 66 38 39 66 42 35 49 82 14 59 60 55 53 68 68 45 45 52 38 67 59 44 60 41 29 33 55 43 37 52 60 26 33 106 47 74 35 52 41 45 41 43 71 66 53 36 56 53 37 38 38 62 33 27 50 47 44 35 39 59 53 52 53 59 37 47 58 67 58 50 32 45 12 0 0 9 19 41 56 56 43 70 61 58 56 50 50 58 32 42 55 68 37 44 47 61 53 20 4 61 36 22 60 53 30 21 44 30 39 49 73 53 38 58 50 0 50 36 12 27 49 39 27 41 30 35 59 55 54 44 2 30 22 58 56 35 29 55 39 55 0 56 29 29 22 43 27 53 26 56 41 52 49 52 12 0 30 9 41 0 9 31 49 41 42 37 33 37 43 27 59 24 49 27 21 19 76 47 2 81 45 67 87 78 105 87 60 77 48 99 16 95 66 120 94 65 72 65 67 60 48 97 95 83 99 117 104 96 99 72 106 107 105 102 68 94 56 83 84 106 120 54 38 3 50 44 99 0 55 0 0 2 39 0 13 89 71 0 76 74 64 79 73 49 53 56 55 52 52 36 41 38 36 39 44 59 55 41 47 41 29 38 35 18 4 10 10 12 13 8 25 0 20 0 12 15 19 22 16 21 24 24 26 26 25 27 27 16 29 19 26 26 20 25 21 14 12 24 29 9 18 9 12 0 42 19 21 18 25 33 33 16 -32 -73 -128 0 41 44 38 44 35 33 44 29 33 38 41 47 50 60 29 -128 -1 -1 99 -1 -1 -1 -1 -1 -1 -1 -1 -1 -1 -1 -1 -1 -1 -1 -1 -1 -1 -1 -1 -1 -1 -1 -1 -1 -128 -1 -1 -1 -1 -1 -1 -1 -1 -1 -1 -1 -1 -1 -1 -1 -1 -1 -1 -1 -1 -1 -1 -1 -1 -1 -1 -11 -6 -8 -14 -28 -17 -18 -16 -16 -16 -22 -21 -23 -17 -8 -39 -11 -9 -13 -3 -1 -22 -25 -64 -128 -7 -4 -1 -14 -42 -45 -36 -69 -122 -128 -79 -75 -103 -96 -100 -73 -74 -79 -86
88 89 88 88 91 91 91 91 93 93 90 94 96 0 25 112 95 91 95 87 108 107 111 120 122 120 112 71 64 107 83 106 97 71 87 105 83 41 33 90 77 0 19 0 0 45 65 35 29 48 64 72 49 52 30 66 72 48 74 65 33 85 74 55 44 60 50 38 58 49 56 58 43 76 27 24 16 72 32 32 16 30 39 29 67 78 36 74 0 99 74 58 52 81 52 65 43 61 38 55 43 30 41 42 50 31 47 45 54 36 42 56 41 39 61 60 30 30 41 35 41 59 56 43 30 33 70 32 33 58 59 47 54 0 76 67 68 61 61 60 62 31 54 68 62 56 45 58 50 64 71 50 71 47 47 48 35 43 25 4 60 72 65 18 48 59 45 50 60 56 54 41 44 49 35 41 15 0 45 0 25 44 42 67 35 41 55 32 27 37 33 26 72 38 45 37 0 18 65 4 52 60 36 65 45 35 20 32 48 61 3 18 33 56 65 45 59 54 72 36 39 31 41 18 29 31 27 39 54 42 27 14 2 9 0 3 4 30 0 0 54 79 41 26 41 24 44 38 54 53 21 56 20 33 59 66 30 78 0 45 90 68 35 36 0 66 104 100 67 100 90 37 0 56 84 110 94 110 62 97 70 64 72 106 119 94 107 117 114 113 77 96 90 95 70 90 91 97 50 95 93 110 95 48 0 0 87 81 97 102 105 116 82 96 66 106 91 104 0 43 87 64 83 71 42 50 47 44 43 42 39 38 38 36 38 44 50 58 65 65 79 67 74 30 21 8 14 10 10 14 14 16 13 0 27 24 20 19 20 21 18 29 25 27 29 29 25 30 32 14 21 29 22 16 19 15 9 19 29 4 14 16 32 29 0 29 6 -63 -128 -128 -128 -128 -128 21 0 -128 31 37 29 33 -89 19 24 -128 36 41 27 32 35 38 29 31 -1 -1 97 -1 -1 -1 -1 -1 -1 -1 -1 -1 -1 -1 -1 -1 -1 -1 -1 -1 -1 -1 -1 -1 -1 -1 -1 -1 -1 -30 108 -1 -1 -1 -1 -1 -1 -1 -1 -1 -1 -1 -1 -1 -1 -1 -1 -1 -1 -1 -1 -1 -1 -1 -1 -1 -17 -4 -13 -34 -22 -17 -16 -30 -21 -17 -16 -16 -16 -12 -12 -11 -17 -14 -14 -115 -8 -16 -9 -1 -8 -21 -18 -23 -40 -128 -89 -78 -69 -72 -82 -87 -88 -94 -98 -97 -73 -73 -75 -72
127 89 87 88 88 91 91 91 91 93 93 91 91 87 96 97 35 0 85 104 101 102 101 112 107 107 127 104 91 102 95 99 101 73 73 97 62 66 0 0 52 16 79 54 0 0 60 47 65 47 53 49 55 70 45 49 35 37 58 37 52 39 55 55 53 81 58 68 42 50 62 76 60 42 49 55 81 54 52 62 116 35 53 65 60 38 62 55 70 15 52 64 78 41 61 41 43 64 52 35 25 30 37 52 43 61 59 49 47 56 47 26 29 39 50 53 31 30 48 44 49 30 55 67 66 54 36 32 49 44 41 60 58 37 48 47 36 31 47 43 35 58 43 53 61 58 64 59 59 50 52 48 59 78 67 77 72 68 61 45 9 0 10 19 50 44 53 62 58 56 55 47 56 58 56 67 55 54 67 21 72 0 0 35 61 52 54 33 10 72 73 30 37 50 18 64 59 0 18 0 38 49 42 60 61 10 33 43 41 59 54 30 16 0 31 48 49 56 66 33 32 0 48 31 44 38 16 33 52 20 32 8 18 37 10 0 38 3 0 55 38 30 31 41 31 32 35 42 32 26 32 56 10 36 59 52 44 30 71 15 74 10 41 88 99 76 39 99 96 53 62 68 71 97 62 73 82 58 99 95 114 124 122 114 111 114 105 105 107 90 93 96 110 120 88 79 82 77 84 59 106 122 54 59 60 108 39 97 0 90 96 96 64 122 85 79 116 77 104 0 95 54 77 54 53 38 36 39 37 36 38 36 35 37 36 41 45 54 49 60 56 47 44 22 30 20 19 12 9 12 14 15 0 25 0 14 38 21 16 21 0 42 13 27 29 29 29 26 29 27 20 20 24 19 16 14 10 19 25 36 32 36 29 37 0 -107 -128 -128 -84 -42 0 32 21 37 0 -107 -128 50 49 32 4 -35 -36 -128 31 0 24 20 -128 -128 38 44 20 29 -1 -1 95 -1 -1 -1 -1 -1 -1 -1 -1 -1 -1 -1 -1 -1 -1 -1 -1 -1 -1 -1 -1 -1 -1 -1 -1 -1 -1 -1 -1 -1 -1 -1 -1 -1 -1 -1 -1 -1 -1 -1 -1 -1 -1 -1 -1 -1 -1 -1 -1 -1 -1 -1 -25 -8 -16 -12 -26 -20 -12 -13 -13 -14 -12 -18 -22 -18 -11 -16 -12 -18 -14 -14 -92 -21 -12 -7 -12 -8 -9 -128 -60 -69 -63 -78 -83 -64 -72 -70 -89 -87 -96 -88 -78 -70 -78 -73
88 89 87 87 93 93 93 93 93 93 94 94 95 95 95 95 95 96 96 0 85 101 97 114 116 101 96 113 117 67 67 76 59 77 70 54 0 106 88 22 65 88 0 19 0 67 74 30 44 36 45 55 90 22 37 68 56 82 56 35 64 70 43 42 67 56 70 79 38 54 67 62 81 53 116 49 27 76 35 62 45 49 76 35 73 16 81 62 0 77 67 20 65 58 78 67 84 48 38 55 35 60 49 38 55 29 52 62 36 41 30 117 44 29 39 50 38 48 42 61 71 21 68 26 29 48 27 52 55 38 55 53 38 39 43 72 35 45 48 43 42 36 39 66 29 65 68 66 41 62 49 52 79 71 77 65 50 66 31 74 79 66 0 38 16 49 43 68 58 73 55 60 47 12 22 43 47 0 42 50 87 53 0 41 19 53 0 59 53 47 35 18 73 36 13 35 60 6 18 56 56 54 47 84 44 64 9 26 41 56 13 36 42 24 6 44 22 31 39 0 36 36 21 56 32 21 66 27 39 37 41 8 21 24 30 33 45 18 18 52 21 21 24 43 50 35 12 24 61 37 43 25 38 0 49 42 24 21 39 0 67 68 35 97 0 65 64 106 107 60 64 104 2 84 114 84 62 127 84 104 108 78 127 116 124 113 117 99 79 124 102 127 112 125 84 108 85 77 108 108 73 110 93 70 71 88 55 22 96 94 97 64 110 87 61 100 64 83 97 7 122 81 48 42 47 39 37 41 38 39 39 37 38 37 35 43 44 47 55 97 78 71 33 33 26 22 22 19 13 8 12 19 10 15 16 0 0 42 0 0 33 20 27 26 27 30 22 24 20 26 29 15 13 14 9 12 22 19 27 27 20 13 35 0 36 -128 1 18 14 16 10 26 35 29 27 0 -128 -101 -108 -128 27 36 12 -128 -1 0 -55 -128 39 -128 -79 -88 -89 -128 -1 -1 -1 -1 -1 -1 -1 -1 -1 -1 -1 -1 -1 -1 -1 -1 -1 -1 -1 -1 -1 -1 -1 -1 -1 -1 -1 -78 -3 -1 -1 -1 -1 -1 -1 -1 -1 -1 -1 -1 -1 -1 -1 -1 -1 -1 -1 -1 -1 -1 -1 -1 -1 -9 -12 -9 -2 -7 -26 -17 -17 -17 -18 -14 -4 -35 -13 -20 -36 -16 -13 -12 -12 -20 -7 -22 -12 -35 -128 -18 -37 -46 -54 -60 -65 -79 -64 -56 -72 -72 -87 -91 -86 -88 -75 -65 -82 -70
127 89 87 87 87 93 93 93 93 93 93 94 94 95 95 95 95 96 96 100 96 100 99 0 79 120 45 87 99 0 120 127 117 122 114 0 70 90 99 59 56 61 0 45 43 0 0 47 76 62 42 60 58 4 49 44 7 29 37 79 76 41 65 53 66 45 74 71 50 62 83 43 78 50 85 83 64 64 55 16 77 84 56 47 59 48 39 79 0 43 36 39 79 53 44 47 26 73 47 67 54 45 33 49 68 58 30 43 50 58 56 50 39 60 60 55 58 49 71 65 33 42 35 44 58 37 60 35 43 12 44 58 31 0 64 71 66 56 52 44 32 47 45 54 67 59 68 38 70 50 32 59 55 59 78 32 42 37 72 35 29 18 70 14 0 76 53 0 25 64 45 44 0 22 6 59 38 21 59 31 64 72 54 13 0 31 24 41 15 39 48 59 54 49 62 72 76 48 0 36 79 59 59 6 66 53 49 21 22 12 21 27 73 47 56 0 20 32 37 0 24 0 12 45 49 62 6 19 55 38 22 0 49 44 39 18 13 31 30 2 44 54 54 18 39 36 56 47 38 35 27 26 12 54 56 36 14 35 72 2 59 87 41 96 87 91 89 94 66 88 108 35 0 59 60 114 101 76 110 106 113 108 113 120 112 116 119 120 123 127 106 73 71 94 113 96 112 95 105 76 88 108 95 83 104 118 117 113 105 0 81 77 85 76 58 54 67 53 85 84 81 0 38 50 49 38 37 36 35 33 32 32 36 31 37 41 42 52 68 81 42 45 68 30 25 21 20 19 16 13 9 14 12 22 15 14 32 0 0 26 0 27 10 31 26 24 26 26 16 21 20 16 16 18 7 16 14 6 20 21 0 21 36 0 18 -128 31 25 6 15 22 29 32 35 35 30 45 36 18 31 32 29 33 37 0 0 0 -1 -69 30 20 -128 -1 -1 -1 -1 -1 -1 -1 -1 -1 -1 -1 -1 -1 -1 -1 -1 -1 -1 -1 -1 -1 -1 -1 -1 -1 -1 -1 -1 -1 -1 -102 113 -1 -1 -1 -1 -1 -1 -1 -1 -1 -1 -1 -1 -1 -1 -1 -1 -1 -1 -1 -1 -1 -1 -1 -1 -12 -9 -2 -6 -23 -26 -18 -16 -18 -32 -32 -20 -18 -20 -12 -26 -11 -44 -13 -4 -110 -128 -22 -3 -1 -6 -31 -44 -54 -46 -74 -84 -54 -70 -83 -89 -98 -82 -82 -98 -91 -74 -72 -75
88 89 87 87 93 93 93 93 93 93 94 94 95 95 95 95 95 96 96 93 96 99 93 102 73 -79 0 127 -1 112 127 117 84 77 70 89 87 85 71 93 106 66 88 61 95 32 0 0 53 38 43 45 64 125 38 112 97 43 62 70 71 90 60 54 73 70 82 76 76 55 65 91 30 74 43 56 22 70 18 74 4 52 41 62 72 49 37 27 24 61 60 33 21 31 72 54 39 19 58 71 68 66 49 25 67 49 62 64 72 49 64 83 77 62 58 27 36 31 62 2 -128 0 44 0 32 27 68 50 45 59 33 65 1 64 62 33 30 66 45 42 38 50 62 62 52 52 61 39 64 19 37 39 56 56 61 38 38 81 25 56 21 15 64 29 64 31 67 4 0 0 15 42 32 22 8 25 35 45 29 19 59 90 56 48 0 32 27 67 47 44 45 24 22 52 26 52 60 13 0 36 50 68 77 52 60 71 54 32 60 59 35 49 47 58 22 27 6 12 20 25 47 25 4 30 27 47 65 4 21 37 47 0 8 45 24 56 31 49 21 52 25 44 38 58 33 41 15 22 55 48 27 31 20 12 20 62 7 48 0 7 72 101 78 47 0 79 53 70 0 0 0 45 62 38 39 102 88 114 84 90 113 127 96 74 110 108 106 127 61 118 97 68 66 127 68 113 111 84 111 79 83 71 107 110 101 110 100 78 66 0 85 114 74 68 116 90 62 71 48 88 68 0 33 55 47 37 35 31 29 27 27 31 30 42 41 45 45 74 58 60 58 60 44 39 20 21 19 19 13 8 9 16 0 25 16 20 15 30 1 33 0 14 16 29 29 22 20 19 26 8 9 12 18 16 18 12 14 14 15 3 21 43 0 13 -128 27 44 19 24 29 22 36 35 38 36 33 58 47 25 48 31 35 42 22 26 22 14 0 48 -128 0 43 -16 -86 -1 -1 -1 -1 -1 -1 -1 -1 -1 -1 -1 -1 -1 -1 -1 -1 -1 -1 -1 -1 -1 -1 -1 -1 -1 -1 -1 -1 -1 -1 -1 -1 -1 -1 -1 -1 -1 -1 -1 -1 -1 -1 -1 -1 -1 -1 -1 -1 -1 -1 -1 -1 -1 -9 -12 -4 -11 -17 -22 -18 -23 -21 -22 -22 -16 -13 -23 -17 -16 -16 -20 -128 -39 -78 -128 -14 -1 -9 -13 -13 -39 -61 -42 -72 -84 -67 -72 -93 -93 -89 -78 -96 -97 -96 -75 -70 -70 -75
127 89 87 88 88 91 91 93 93 93 93 94 94 95 95 93 95 95 95 96 96 104 93 93 102 104 104 127 111 0 111 66 96 102 78 127 94 110 84 81 88 79 102 65 70 68 54 0 0 58 71 65 45 16 60 100 76 48 41 36 27 36 49 50 79 44 42 83 54 70 44 42 33 56 90 38 61 71 33 124 96 108 52 61 41 66 59 21 102 47 47 30 29 54 56 39 55 65 70 65 66 74 68 19 48 71 58 39 47 30 29 62 52 21 108 108 91 35 56 20 -128 -9 -128 -1 -1 -1 -115 20 58 48 52 44 33 19 37 33 38 55 39 58 31 106 44 43 39 41 25 43 66 78 53 48 48 38 44 41 52 42 39 39 62 49 71 58 25 30 30 22 38 24 56 61 54 50 74 58 0 0 53 60 45 44 38 26 6 0 0 0 27 39 48 50 58 26 50 56 43 58 30 0 3 41 64 65 54 31 20 25 67 56 66 14 55 56 72 32 42 42 0 16 49 21 22 30 30 49 43 33 14 55 55 16 12 49 16 42 44 44 16 49 42 42 33 37 45 36 36 59 45 58 25 59 37 32 67 20 22 30 36 7 41 84 85 88 59 61 81 47 4 18 67 64 9 61 0 93 113 85 82 97 54 53 95 97 101 87 96 93 105 85 102 94 90 127 111 96 87 90 67 71 78 114 127 123 95 117 95 113 120 95 0 90 120 88 74 74 71 87 53 58 44 61 0 14 0 45 41 37 33 31 29 30 31 45 43 59 48 53 65 53 41 0 39 30 24 30 19 16 14 10 6 15 20 14 18 13 13 18 12 15 25 0 19 26 24 21 26 24 18 19 13 14 12 14 12 9 14 19 18 6 18 21 0 12 -128 39 26 21 24 26 24 7 35 37 39 39 39 0 33 35 37 36 37 31 36 45 42 35 48 -28 87 68 -44 -128 -1 -1 -1 -1 -1 -1 -1 -1 -1 -1 -1 -1 -1 -1 -1 -1 -1 -1 -1 -1 -1 -1 -1 -1 -1 -1 -1 -1 -11 -1 -1 -1 -1 -1 -1 -1 -1 -1 -1 -1 -1 -1 -1 -1 -1 -1 -1 -1 -1 -1 -1 -1 -1 -1 -12 -16 -11 -14 -31 -32 -23 -22 -22 -26 -6 -21 -25 -9 -42 -128 -8 -26 -1 -8 -98 -16 -4 -1 -1 -20 -27 -47 -58 -69 -83 -60 -69 -84 -73 -78 -92 -97 -96 -89 -82 -75 -74 -73
88 89 88 88 91 91 93 93 93 93 94 94 93 93 93 94 95 95 95 94 94 95 91 90 0 105 113 108 84 72 97 107 0 0 73 91 114 117 104 91 47 0 65 88 82 100 72 56 0 87 48 60 48 87 87 59 62 64 68 76 79 52 49 59 32 55 82 53 90 58 79 84 74 84 39 76 62 36 61 66 54 56 71 29 48 29 27 0 74 93 70 45 36 42 50 42 37 72 38 47 24 71 19 82 38 30 25 65 71 48 70 73 32 30 29 49 78 59 22 27 -128 -26 -128 -1 -1 -83 -128 38 29 52 47 33 0 50 49 52 53 47 42 26 39 32 56 62 26 36 35 47 32 54 62 65 65 48 49 45 61 68 44 38 29 48 18 72 78 37 36 77 61 64 41 45 66 66 32 43 4 61 71 45 45 33 44 33 67 31 31 27 0 53 37 19 53 50 54 26 56 29 43 62 0 2 35 25 39 84 41 60 76 13 26 38 42 55 54 47 35 56 45 76 43 52 9 43 33 8 0 10 35 42 2 13 37 20 61 16 37 22 26 58 15 21 32 56 68 13 71 29 13 41 50 31 9 55 13 54 29 18 81 4 3 70 72 89 0 62 107 48 0 0 0 39 91 85 90 52 84 61 32 0 9 0 3 62 106 25 55 93 64 85 50 78 61 127 102 118 112 70 71 79 123 107 95 124 127 0 0 0 0 33 50 114 67 101 106 93 99 55 44 50 58 32 38 41 25 0 0 30 38 22 26 36 53 1 0 48 20 0 43 9 45 35 38 29 22 24 20 13 16 9 14 13 0 15 14 16 13 12 15 30 20 26 24 15 26 15 21 18 21 15 15 12 12 10 19 12 15 15 31 29 26 13 43 -128 0 50 6 35 27 27 25 26 36 30 36 79 48 44 41 33 39 36 38 33 32 45 33 4 24 47 -128 -1 -128 -128 -1 99 -1 -1 -1 -1 -1 -1 -1 -1 -1 -1 -1 -1 -1 -1 -1 -1 -1 -1 -1 -1 -1 -1 -1 -1 -1 -1 -37 -1 -1 -1 -1 -1 -1 -1 -1 -1 -1 -1 -1 -1 -1 -1 -1 -1 -1 -1 -1 -1 -1 -1 -1 -6 -11 -7 -2 -30 -28 -16 -16 -23 -20 -20 -128 -31 -27 -12 -18 -13 -17 -25 -18 -49 -31 -14 -9 -7 -11 -22 -40 -55 -67 -79 -63 -82 -73 -83 -82 -89 -96 -91 -87 -87 -72 -77 -74 -75
127 89 87 88 88 88 88 87 89 93 93 93 93 93 93 94 94 94 94 94 94 114 76 70 59 95 100 106 94 89 119 117 94 104 91 77 0 81 78 77 71 64 85 90 76 73 95 56 68 0 0 35 43 64 0 47 0 73 67 16 84 78 59 54 39 60 48 72 68 49 36 49 54 71 54 68 61 54 55 39 47 66 31 24 39 83 60 41 50 33 43 72 42 44 68 56 61 41 32 35 88 78 -128 0 78 65 53 60 68 71 72 33 55 64 39 58 76 66 42 47 45 38 41 -128 -1 -1 -70 52 47 54 48 54 58 55 52 58 65 70 58 62 66 58 62 55 43 55 -1 49 31 58 67 68 47 55 60 49 52 37 35 59 30 45 36 30 56 29 70 71 32 37 72 31 56 36 70 60 35 0 15 19 56 52 41 42 53 47 60 61 55 0 32 62 58 32 55 24 45 58 0 0 15 0 -128 0 74 47 42 38 52 43 52 47 22 54 47 52 42 36 48 38 50 56 52 14 36 2 9 13 22 8 29 37 36 61 48 21 53 42 36 37 31 25 54 35 33 41 44 1 22 52 21 60 32 24 50 20 29 62 30 32 85 0 1 0 76 10 43 0 55 116 83 60 110 77 55 12 10 0 12 35 99 100 44 0 76 74 91 84 43 76 96 67 91 65 83 113 105 117 104 123 100 102 85 94 89 0 76 91 102 55 65 85 82 107 95 96 116 97 68 105 67 87 47 27 44 33 32 13 0 0 0 4 0 0 59 66 97 67 6 0 70 66 0 42 35 36 27 12 19 12 18 14 12 25 14 13 19 16 15 15 14 0 16 13 18 18 20 22 18 22 14 15 13 15 21 37 31 20 35 9 31 10 32 -117 0 0 3 43 33 25 16 14 25 42 52 25 45 26 0 -128 -128 12 37 45 45 62 35 37 35 37 38 31 0 -3 -77 100 -1 -1 -1 -1 -1 -1 -1 -1 -1 -1 -1 -1 -1 -1 -1 -1 -1 -1 -1 -1 -1 -1 -1 -1 -1 -1 -1 -60 -1 -1 -1 -1 -1 -1 -1 -1 -1 -1 -1 -1 -1 -1 -1 -1 -1 -1 -1 -1 -1 -1 -1 -2 -13 -18 -6 -9 -30 -17 -17 -54 -128 -27 -16 -12 -17 -14 -14 -13 -7 -17 -21 -9 -22 -65 -9 -7 -4 -23 -34 -44 -67 -78 -70 -55 -60 -70 -87 -72 -97 -89 -88 -87 -74 -69 -98 -79
88 89 88 88 88 88 87 88 93 93 93 93 93 93 93 94 94 94 94 94 94 93 0 76 73 96 102 99 100 87 89 105 102 74 101 113 106 82 52 0 90 97 70 72 74 89 67 62 29 0 0 58 25 0 0 0 0 0 62 67 42 42 55 64 61 55 74 38 67 39 56 77 91 38 71 59 68 62 20 37 59 87 70 60 79 37 71 45 48 45 0 -97 37 37 61 47 45 44 71 72 58 84 -1 0 79 67 61 31 90 78 77 70 37 59 50 70 76 78 41 16 58 102 18 -128 -2 0 43 52 53 52 59 64 49 37 22 24 43 60 73 25 54 66 37 39 59 45 6 50 38 70 53 68 62 47 44 52 35 24 43 58 78 36 25 33 32 47 32 48 66 48 52 67 41 74 72 60 0 0 0 39 48 27 64 65 62 49 48 53 36 0 29 35 60 30 44 41 26 0 47 44 31 62 58 -116 8 56 62 43 58 25 60 27 45 61 37 38 32 54 49 43 0 20 48 33 54 0 0 21 48 52 21 49 44 45 53 16 71 35 43 62 38 41 42 19 50 61 30 16 48 73 25 24 27 32 58 7 78 59 77 33 48 52 38 39 0 6 61 89 119 105 104 127 122 102 89 8 97 74 73 82 42 112 18 89 72 16 56 56 95 73 105 94 67 112 120 95 83 108 99 120 118 122 102 100 54 97 96 108 0 89 108 79 101 85 110 72 78 99 81 84 78 49 35 27 35 32 39 43 41 31 31 37 36 44 55 74 107 49 60 84 61 68 29 33 32 21 20 20 20 10 15 19 0 22 9 12 14 15 13 10 27 26 12 12 20 12 19 18 20 19 10 19 26 22 22 8 12 33 21 12 29 36 27 -128 60 0 0 0 32 19 19 30 33 35 35 49 43 0 -128 -128 -51 19 33 32 54 39 38 0 36 38 38 30 2 -102 -1 99 -1 -1 -1 -1 -1 -1 -1 -1 -1 -1 -1 -1 -1 -1 -1 -1 -1 -1 -1 -1 -1 -1 -1 -1 -1 -1 -1 -1 -1 -1 -1 -1 -1 -1 -1 -1 -1 -1 -1 -1 -1 -1 -1 -1 -1 -1 -1 -1 -1 -1 -1 -14 -14 -8 -20 -17 -128 -44 -16 -22 -22 -11 -12 -35 -18 -26 -17 -6 -18 -20 -88 -13 -23 -128 -11 -4 -18 -32 -53 -55 -83 -64 -56 -75 -81 -75 -87 -94 -92 -87 -91 -91 -75 -82 -84 -79
127 90 87 87 89 88 88 88 88 91 91 93 93 91 91 93 93 93 93 93 93 96 72 83 95 96 96 96 113 100 127 90 85 68 122 118 99 95 114 95 84 20 82 0 76 93 70 73 0 0 0 0 32 6 0 97 79 79 0 0 0 27 49 12 21 35 56 49 78 74 91 50 54 49 60 59 15 68 60 76 66 54 24 58 31 44 53 0 0 94 -128 -1 -108 -128 -117 29 43 76 88 59 27 -50 -17 -124 25 35 24 18 56 29 32 72 76 54 27 55 82 48 27 62 26 107 42 52 29 43 62 72 54 53 49 54 0 47 37 60 55 66 68 26 74 32 43 62 48 19 0 65 61 59 79 26 67 35 45 53 66 45 24 39 25 55 61 66 48 20 27 50 38 53 24 71 49 71 56 25 67 29 48 38 0 73 85 33 32 45 39 31 66 21 0 74 50 26 68 9 52 14 0 43 58 68 47 73 25 0 10 37 15 20 30 47 14 38 31 77 27 36 44 43 29 19 35 47 29 0 0 24 6 55 14 22 70 68 58 44 66 26 44 13 39 53 35 37 58 66 14 42 37 33 54 41 6 56 12 35 77 84 67 44 65 94 33 49 38 97 78 101 79 97 70 93 67 95 88 100 59 67 102 42 71 84 91 102 0 6 32 59 73 93 84 81 100 87 91 116 104 127 100 118 106 84 114 116 27 60 89 94 119 110 111 120 90 125 113 94 119 117 122 77 82 49 27 27 25 35 32 30 36 25 22 35 38 35 55 44 53 54 45 45 47 78 2 31 35 27 42 33 24 16 14 13 12 15 18 18 24 20 14 21 18 0 15 9 13 13 15 19 18 16 16 9 16 18 -128 49 0 -128 3 4 36 0 43 -128 13 4 15 43 42 16 4 32 38 31 36 42 32 -59 -1 -1 -1 -128 15 33 26 30 43 0 60 37 37 35 43 38 0 -1 101 -1 -1 -1 -1 -1 -1 -1 -1 -1 -1 -1 -1 -1 -1 -1 -1 -1 -1 -1 -1 -1 -1 -1 -1 -1 -1 -1 -1 -1 -1 -1 -1 -1 -1 -1 -1 -1 -1 -1 -1 -1 -1 -1 -1 -1 -1 -1 -1 -1 -1 -14 -73 -128 -1 -18 -36 -34 -25 -21 -13 -12 -18 -12 -20 -13 -17 -14 -34 -35 -2 -23 -30 -25 -4 -1 -27 -30 -44 -55 -81 -64 -69 -84 -74 -93 -83 -81 -82 -100 -94 -96 -70 -70 -75 -81
88 90 88 88 88 88 88 88 91 91 93 93 91 91 91 93 93 93 93 93 93 89 0 89 94 95 95 95 112 107 104 101 82 81 89 116 87 112 88 106 54 85 81 88 118 45 0 0 55 78 0 72 0 0 71 94 84 74 84 0 0 43 54 62 0 30 31 30 55 49 43 87 85 60 38 26 59 58 76 84 60 59 53 53 66 25 25 29 84 9 -82 -12 -1 -1 -128 12 25 29 37 16 -128 -128 0 42 39 32 42 41 41 70 64 49 36 48 37 29 14 38 30 52 49 49 68 53 71 67 68 30 65 45 52 43 42 39 70 68 67 60 24 70 45 61 30 50 72 37 0 39 44 44 32 66 50 19 62 44 71 18 55 33 62 39 30 61 62 53 45 39 9 35 24 58 50 45 65 65 0 39 66 59 0 62 73 43 37 27 60 50 56 31 22 27 36 38 70 54 0 48 13 33 25 39 60 82 0 0 58 44 26 35 48 14 59 18 48 30 39 19 25 10 0 42 32 29 52 36 24 47 59 60 24 48 54 54 48 42 27 21 50 37 59 21 52 48 50 60 24 26 27 16 49 49 32 33 44 60 47 35 38 90 91 65 71 101 0 94 56 77 78 106 100 112 124 88 91 59 81 89 77 81 81 108 67 54 127 38 112 53 0 54 95 78 102 94 73 56 62 108 102 89 94 112 77 108 0 120 122 116 0 113 85 120 101 105 101 99 114 99 66 70 99 74 60 39 29 33 26 24 22 21 26 27 31 47 38 49 59 44 33 53 73 101 0 38 44 52 42 26 24 39 24 16 26 24 22 44 31 36 65 0 0 24 12 10 14 12 18 15 18 14 13 6 14 -128 -60 0 -28 -115 -128 0 9 32 -116 4 36 25 26 0 29 14 29 31 16 32 38 42 14 -115 -1 -1 -26 -128 24 26 29 19 0 0 38 36 33 37 41 32 0 -1 -1 -1 -1 -1 -1 -1 -1 -1 -1 -1 -1 -1 -1 -1 -1 -1 -1 -1 -1 -1 -1 -1 -1 -1 -1 -1 -1 -128 -1 -1 -1 -1 -1 -1 -1 -1 -1 -1 -1 -1 -1 -1 -1 -1 -1 -2 -1 -1 -23 -128 -2 -12 -7 -7 -17 -40 -39 -12 -14 -12 -23 -17 -22 -31 -21 -14 -13 -23 -23 -31 -9 -27 -21 -18 -4 -26 -41 -45 -53 -70 -68 -69 -73 -74 -87 -79 -88 -82 -73 -94 -93 -77 -74 -72 -63 -77
127 90 87 87 89 88 88 88 88 91 91 93 93 91 91 93 93 93 93 93 93 90 70 83 95 94 94 94 91 99 122 119 113 124 119 117 116 79 104 101 113 100 87 95 107 42 0 21 88 0 0 0 0 27 59 52 70 65 101 78 0 71 76 72 37 48 0 0 56 65 42 45 24 37 67 53 78 67 74 82 79 52 68 36 70 72 20 58 61 37 74 -128 -128 -128 -1 -128 62 61 47 30 0 -128 49 54 16 32 42 62 45 56 35 39 42 52 24 59 84 38 31 71 48 76 88 61 44 59 47 58 42 84 42 59 8 50 31 52 38 62 81 18 38 22 24 64 73 12 62 6 1 61 26 43 41 73 61 24 45 13 62 53 65 58 60 62 54 59 54 59 65 50 60 29 61 70 44 81 22 64 48 58 2 64 73 56 16 38 49 29 45 44 19 10 0 33 53 49 30 7 74 65 50 56 58 66 14 15 21 54 4 56 43 53 58 48 60 55 50 35 35 30 48 32 32 36 26 36 38 53 39 27 43 42 43 26 21 14 53 41 26 49 55 59 53 47 43 27 0 44 60 62 30 30 43 53 70 31 71 53 81 105 100 73 111 81 83 89 104 76 91 78 120 113 82 102 117 96 72 90 83 61 97 84 64 68 89 82 73 127 87 30 91 108 49 0 0 0 79 111 102 106 114 79 87 101 111 7 71 81 97 89 99 111 119 83 100 78 93 89 105 106 87 101 93 95 74 29 25 20 18 15 29 32 36 41 43 42 42 42 38 35 52 55 83 0 67 62 44 31 29 30 27 24 27 0 21 47 41 48 0 37 85 58 24 18 14 10 14 13 14 7 14 22 31 14 -128 66 -1 -128 55 -101 6 25 27 -128 52 50 33 10 50 6 31 49 2 25 26 33 19 -128 -1 -1 -1 -20 0 -128 33 45 0 62 27 38 30 32 39 39 38 -128 -1 -1 -1 -1 -1 -1 -17 -13 -1 -1 -1 -1 -1 -1 -1 -1 -1 -1 -1 -1 -1 -1 -1 -1 -1 -1 -1 -1 -1 -1 -1 -1 -1 -1 -1 -1 -1 -1 -1 -1 -1 -1 -1 -1 -1 -1 -128 -63 -1 -1 -1 -1 -20 -11 -14 -36 -25 -30 -13 -18 -25 -18 -27 -27 -14 -20 -17 -20 -39 -30 -82 -44 -22 -23 -128 -31 -47 -50 -58 -77 -84 -63 -60 -58 -64 -86 -87 -88 -63 -98 -91 -75 -73 -68 -54 -83
94 96 89 90 88 88 88 88 87 87 88 88 89 87 89 88 88 93 93 93 93 72 0 91 88 93 93 91 94 102 100 102 125 104 100 88 102 85 93 118 104 101 122 0 0 29 94 49 49 70 64 64 83 0 0 65 42 76 99 0 0 29 27 26 49 70 58 7 39 48 49 45 37 19 39 89 64 73 78 67 55 73 73 62 65 84 0 68 35 61 22 73 84 -128 102 77 38 43 50 -128 -128 31 47 36 39 96 97 113 54 52 56 73 38 77 68 37 127 68 60 82 42 42 78 56 45 64 61 54 56 65 59 31 52 64 38 43 58 62 31 61 37 41 71 22 29 47 21 0 21 48 48 53 29 53 59 33 73 55 68 35 65 39 70 41 56 20 38 42 27 65 35 42 61 47 81 58 2 66 68 9 66 26 43 42 36 14 29 43 52 32 64 47 0 0 16 0 0 39 20 25 27 64 41 24 50 0 0 13 35 24 38 56 58 37 18 21 58 56 58 53 0 56 61 44 39 29 39 35 41 47 70 25 49 29 8 41 22 15 29 38 42 59 32 43 39 39 65 25 54 53 67 50 55 61 59 53 65 64 65 37 50 71 76 90 0 77 101 76 114 99 108 77 117 118 113 74 113 127 120 96 95 102 110 111 87 54 97 108 79 100 0 0 76 60 0 42 0 74 91 61 79 94 90 73 85 10 91 116 87 102 99 85 124 70 114 107 87 96 71 106 114 108 101 112 83 53 39 35 21 27 36 48 48 49 49 44 42 32 36 25 33 38 60 47 43 47 0 47 0 2 47 41 32 54 42 60 72 0 62 84 38 53 38 37 30 21 21 12 16 22 31 33 37 39 32 -128 0 0 0 24 35 31 -56 14 36 39 13 35 24 0 42 38 0 13 33 0 0 -128 -1 -1 -1 -110 -68 21 21 0 0 36 41 32 24 48 21 0 0 -1 106 -1 -1 -1 -100 -1 -4 -53 -1 -1 -1 -1 -1 -1 -1 -1 -1 -1 -1 -1 -1 -1 -1 -1 -1 -1 -1 -1 -1 -1 -1 -1 -1 -1 -1 -1 -1 -1 -1 106 -1 -128 -89 -1 -1 -1 -1 -1 -1 -1 -1 -21 -20 -13 -27 -36 -17 -18 -16 -17 -22 -27 -31 -34 -16 -6 -21 -21 -13 -11 -27 -28 -28 -26 -128 -44 -64 -64 -79 -69 -72 -55 -65 -74 -73 -79 -84 -78 -91 -94 -69 -60 -60 -64 -72 -53
127 95 95 91 90 88 88 88 88 87 87 88 88 88 88 88 88 93 93 93 93 81 29 87 95 93 93 93 91 96 94 100 108 118 84 91 108 113 113 97 0 97 110 0 116 111 73 83 85 78 49 68 78 70 82 77 100 0 0 56 0 0 27 73 39 64 56 49 0 47 62 27 55 58 29 39 74 62 58 39 43 25 56 77 61 53 58 48 77 48 44 55 15 81 -73 50 61 15 24 -128 -128 39 62 66 49 90 67 42 58 45 38 26 32 59 64 70 41 36 77 56 26 56 76 56 56 91 24 71 67 72 45 70 45 66 52 48 43 26 27 35 36 39 58 54 42 47 66 72 0 43 27 56 60 56 83 70 78 71 70 47 14 68 60 39 76 59 43 14 36 55 20 59 4 82 83 59 52 45 44 64 0 35 59 60 37 38 16 0 0 38 26 56 0 0 33 56 16 49 20 55 32 70 30 25 44 55 39 26 79 33 64 70 55 19 47 38 10 39 50 43 36 54 41 24 49 36 48 35 30 3 37 45 50 30 26 61 21 61 49 27 25 21 30 38 43 27 38 64 22 78 32 36 12 21 54 49 84 73 31 54 67 83 93 73 87 81 56 65 91 101 108 106 88 106 100 91 89 100 114 112 106 93 113 66 105 58 83 59 127 79 101 74 94 85 12 8 83 30 0 39 96 84 101 87 71 112 0 47 116 84 117 100 114 125 110 93 93 100 83 127 116 111 64 72 65 36 50 27 4 27 38 56 70 58 45 44 33 30 26 27 30 31 49 53 0 54 36 65 20 8 105 39 59 25 96 19 41 8 93 78 42 79 48 67 53 19 41 31 14 13 22 26 29 37 32 0 31 15 31 49 19 0 -128 -128 26 44 41 32 0 35 33 42 37 48 37 0 48 24 0 -1 -1 -1 -128 26 2 1 50 0 54 59 39 0 -128 -1 -1 -1 -1 -1 -1 -1 -22 -30 -1 91 -1 -1 -1 -1 -1 -1 -1 -1 -1 -1 -1 -1 -1 -1 -1 -1 -1 -1 -1 -1 -128 -1 -1 -1 -1 -1 104 -1 -1 105 -128 -68 104 -1 -1 -1 -1 -1 -1 -1 -1 -1 -1 -11 -27 -27 -27 -35 -31 -17 -26 -27 -23 -26 -27 -39 -28 -21 -8 -3 -16 -14 -31 -32 -27 -35 -35 -42 -67 -72 -74 -55 -58 -63 -59 -78 -65 -86 -92 -77 -70 -93 -67 -59 -72 -68 -54 -50
95 96 94 93 87 87 88 88 87 87 87 87 88 85 88 87 87 93 93 93 93 61 70 93 88 91 91 90 93 89 95 97 106 117 111 104 106 107 85 89 127 105 54 0 87 127 113 95 97 96 58 62 95 50 71 82 81 82 85 77 0 0 14 33 61 37 64 27 0 9 58 66 70 44 58 61 104 43 79 24 44 68 87 49 60 27 68 56 59 29 54 62 66 79 70 59 59 52 76 -68 52 47 74 66 48 65 70 64 42 61 52 47 39 48 38 35 60 42 108 77 65 55 56 24 59 59 38 42 50 24 48 0 27 77 20 68 38 48 53 53 56 43 19 22 52 62 60 0 13 0 67 39 8 47 0 0 0 0 0 0 45 32 47 37 41 94 78 70 77 27 44 66 3 13 21 27 19 65 73 13 0 3 36 58 62 12 0 0 0 36 49 38 44 1 79 43 79 61 53 61 37 72 39 15 65 32 0 76 20 45 56 35 50 33 60 45 25 25 68 37 0 64 52 55 60 27 13 35 59 37 68 58 53 49 56 50 43 49 62 73 71 67 65 22 42 62 26 2 45 53 9 13 10 29 56 61 54 85 101 72 43 79 55 96 0 96 68 99 94 79 97 111 113 106 118 118 111 106 100 127 60 110 76 89 79 127 111 113 110 65 74 91 108 22 84 84 96 52 65 0 29 90 61 37 62 0 114 101 82 93 84 120 67 85 95 101 94 89 106 68 85 107 71 125 88 33 37 26 16 25 29 44 47 49 45 47 32 30 26 9 24 15 26 41 39 25 58 39 45 0 27 71 81 112 0 0 47 83 78 85 79 97 47 54 19 31 33 36 32 13 22 24 30 21 30 33 32 41 27 0 -2 0 36 33 33 27 27 25 39 31 14 33 27 13 8 83 2 32 0 -128 -128 -128 0 0 0 43 33 0 0 0 1 -14 -1 -1 -1 100 -1 -1 95 87 -2 -1 99 -1 -1 -1 -1 -1 -1 -1 -1 -1 -1 -1 -1 -1 -1 -1 -1 -1 -1 -1 -1 -1 105 97 -1 -1 -1 -1 -122 -120 -1 -1 -1 -1 -1 -1 -1 -1 -1 -1 -1 -1 -1 -1 -3 -32 -28 -28 -39 -22 -17 -22 -31 -26 -23 -37 -26 -14 -11 -21 -1 -13 -12 -37 -36 -30 -30 -21 -8 -41 -70 -63 -49 -44 -70 -75 -82 -51 -67 -87 -81 -58 -87 -60 -77 -63 -70 -74 -88 -55
127 99 100 93 91 88 88 88 88 87 87 87 87 87 87 87 87 91 91 91 91 72 77 95 95 90 90 90 90 91 89 93 94 96 108 93 104 88 99 102 96 93 0 0 127 112 107 94 117 66 66 49 60 64 81 101 50 74 77 76 66 77 0 0 61 0 0 49 44 30 0 39 27 37 47 20 29 53 53 76 45 61 56 48 49 72 0 43 66 79 52 62 54 52 38 29 45 14 65 101 35 64 68 31 68 61 70 72 72 62 60 79 77 70 72 25 58 83 47 49 35 68 20 127 49 45 25 66 59 73 58 60 55 50 65 64 43 116 55 56 77 47 43 38 45 54 44 30 37 33 53 52 14 50 52 47 56 37 25 21 27 65 27 0 0 12 24 20 48 50 48 64 19 10 24 83 0 61 67 55 73 67 26 0 0 0 2 0 31 4 0 13 0 25 0 70 74 44 76 71 19 68 36 58 30 36 59 15 33 53 39 26 49 25 56 53 48 18 18 44 56 59 36 16 60 25 73 36 50 31 54 41 19 42 65 67 65 71 21 59 2 9 41 58 21 32 33 65 59 14 27 43 27 33 72 52 64 53 73 91 93 108 96 79 55 127 124 89 89 120 122 114 127 123 97 87 127 104 116 114 77 102 62 110 110 83 105 60 123 108 102 50 94 100 0 88 107 106 71 49 77 31 54 60 66 106 52 105 102 8 111 71 55 93 61 73 66 56 111 108 104 105 97 125 124 88 45 25 21 19 14 33 61 79 49 48 61 37 36 24 21 16 29 24 29 26 47 55 30 18 49 0 0 0 1 50 10 0 104 90 110 106 70 104 89 59 77 73 26 29 29 44 60 0 25 25 31 37 0 -64 -77 0 35 29 32 38 14 29 30 14 27 9 21 25 16 0 29 26 45 26 20 33 54 0 44 35 31 32 31 25 -128 -1 -1 -1 91 -1 -1 -41 88 -1 -23 -1 -1 -1 -1 -1 -1 -1 -1 -1 -1 -1 -1 -1 -1 -1 -1 -1 -1 -1 -1 -1 -1 -1 104 -1 -128 -65 -1 -1 -1 -1 -1 -1 -1 -1 -1 -1 -1 -1 -1 -1 -1 -1 -1 -1 -1 -25 -31 -32 -31 -28 -32 -32 -34 -30 -28 -34 -23 -14 -2 -44 -35 -2 -2 -34 -22 -20 -12 -14 -4 -128 -45 -41 -49 -37 -65 -72 -68 -59 -65 -65 -67 -64 -75 -56 -69 -98 -86 -75 -64 -61
97 104 97 90 89 89 88 88 87 87 87 87 88 85 88 87 87 90 90 90 90 0 90 100 84 89 89 88 90 83 89 91 91 102 113 87 99 114 72 0 101 0 111 101 65 100 94 61 93 70 82 87 102 85 58 64 73 100 66 71 56 106 82 0 52 79 48 49 0 0 -79 53 21 61 47 29 74 39 95 44 97 32 68 37 27 37 56 79 73 45 70 72 37 55 53 72 48 67 56 22 42 62 36 39 41 39 43 32 21 52 53 52 77 58 39 64 26 76 39 37 21 32 73 60 53 61 20 31 52 38 36 33 36 44 37 71 38 45 54 22 31 68 19 56 43 56 73 49 78 43 0 0 31 56 73 76 44 38 62 70 48 70 18 77 29 32 -49 22 0 0 65 55 50 47 66 65 35 41 19 47 13 48 30 12 48 33 13 47 58 54 14 0 36 60 -128 58 44 30 33 59 48 71 24 65 70 29 0 43 53 60 30 22 64 64 77 25 21 54 0 47 0 67 58 9 50 39 18 4 15 68 18 37 20 30 35 25 26 67 22 70 4 4 21 56 41 76 32 15 15 53 33 48 10 29 15 35 72 82 114 60 61 101 48 104 0 106 95 107 93 117 70 119 96 101 70 118 120 99 110 89 122 93 106 96 122 119 78 117 101 93 120 111 102 81 84 2 85 58 111 101 59 56 74 71 106 0 100 90 54 82 112 88 107 68 106 93 84 123 112 67 101 99 101 127 83 38 37 32 12 9 14 37 44 67 66 73 53 45 39 45 24 22 25 21 30 29 65 33 74 41 42 49 58 0 21 100 68 0 93 116 116 123 89 110 67 50 101 49 48 39 70 21 19 18 15 30 30 27 -128 -128 0 0 27 27 31 24 14 20 13 30 22 20 20 21 0 32 19 24 2 48 52 38 37 66 24 36 35 31 61 -1 -1 106 -1 -1 -1 -1 74 101 -1 -128 -128 -1 -1 -1 -1 -1 -1 -1 -1 -1 -1 -1 -1 -1 -1 -1 -1 -1 -1 -1 -1 -1 -128 0 -128 -1 -1 -1 -1 -1 -1 -1 -1 -1 -1 -1 -1 -1 -1 -1 -1 -1 -1 -1 -1 -1 -11 -25 -28 -32 -23 -30 -34 -30 -27 -26 -23 -25 -26 -18 -35 -9 -20 -9 -36 -31 -21 -13 -13 -17 -8 -21 -41 -28 -40 -39 -75 -81 -53 -63 -61 -56 -89 -74 -68 -97 -84 -72 -65 -63 -56 -58
127 104 107 94 95 94 91 91 91 91 91 90 91 89 85 87 87 87 87 87 87 52 81 91 89 87 87 87 85 85 87 87 87 88 96 107 110 99 97 97 81 10 0 95 112 110 87 89 102 70 89 108 106 82 60 66 74 84 67 90 74 72 85 33 0 6 33 39 36 52 73 20 0 0 38 61 41 30 31 36 81 25 56 65 95 71 66 77 59 55 67 53 67 64 59 76 66 77 50 76 85 58 44 43 71 67 73 59 56 56 56 50 59 58 64 52 38 60 73 84 31 65 36 73 55 68 50 62 47 47 30 0 29 48 83 53 52 61 0 18 70 55 56 59 43 64 49 55 49 43 36 50 61 65 65 20 31 73 62 76 60 10 83 71 83 59 66 36 45 31 37 54 13 55 67 53 0 49 67 43 64 58 15 76 61 47 24 0 64 55 48 32 8 62 0 33 52 41 49 22 49 45 36 25 33 1 14 0 0 32 50 7 73 30 47 42 58 19 47 55 42 58 29 56 58 25 13 55 60 33 10 22 20 62 0 20 62 16 71 66 59 54 56 47 21 54 33 45 18 27 66 73 72 42 47 61 39 77 81 122 119 87 88 116 102 112 96 123 110 119 101 124 95 89 95 97 120 99 112 111 108 107 117 118 119 106 83 120 116 106 84 70 91 127 108 73 3 81 79 47 82 64 35 0 0 0 0 70 54 0 83 76 81 68 106 67 81 82 68 114 106 76 65 64 81 108 60 33 43 24 18 14 35 37 52 99 111 53 59 59 27 12 20 30 18 9 54 52 8 21 18 35 32 39 20 78 60 111 0 65 53 84 113 74 110 110 117 90 90 118 116 45 16 24 20 2 31 39 -128 29 27 43 29 6 37 30 16 4 26 22 54 16 20 60 32 26 13 45 27 0 41 38 36 37 37 20 27 32 -120 -1 93 97 -1 -1 -1 -1 -1 112 70 61 95 -1 -1 -1 -1 -1 -1 -1 -1 -1 -1 -1 -1 -1 -1 -1 -1 -1 -1 -128 -53 -1 -1 -1 -1 110 -1 -1 -1 -1 -1 -1 -1 -1 97 -1 -1 -1 -1 -1 -1 -1 -1 -1 -1 -1 -4 -22 -32 -35 -28 -31 -30 -25 -25 -25 -25 -30 -28 -30 -20 -13 -14 -11 -11 -26 -35 -14 -14 -4 -13 -6 -37 -54 -40 -30 -65 -69 -83 -59 -81 -78 -65 -87 -74 -67 -65 -65 -67 -65 -67 -59
96 100 97 99 96 94 91 91 91 91 90 93 90 87 85 87 87 87 87 87 87 9 76 90 85 84 84 85 85 84 84 84 85 90 93 91 99 89 97 99 0 0 117 102 108 74 110 99 99 106 90 71 67 95 58 62 110 96 70 79 71 68 59 91 0 48 45 38 71 21 67 27 0 4 55 60 37 0 0 61 33 42 79 66 74 0 84 84 78 89 70 79 64 67 27 73 38 73 21 14 33 52 62 36 50 47 44 45 68 50 76 56 54 54 64 82 45 77 52 31 55 62 49 32 52 66 61 61 48 49 64 53 41 -86 0 54 49 74 58 55 52 50 82 50 53 56 48 62 60 61 68 59 67 59 18 78 58 37 29 61 64 35 38 49 45 65 70 56 35 49 60 37 12 66 60 66 1 68 37 60 32 33 36 55 15 71 48 55 52 44 68 65 38 55 54 0 37 14 66 73 66 24 52 53 68 47 73 0 33 54 29 20 55 38 47 64 50 52 0 21 0 65 22 21 9 41 42 35 13 74 14 39 30 55 53 47 24 16 30 45 22 41 52 43 37 15 42 44 27 59 55 64 53 30 89 38 58 107 84 99 88 95 122 101 13 111 120 110 116 123 107 124 111 102 101 125 87 104 117 127 108 108 108 106 123 127 127 107 106 70 102 117 107 79 102 0 52 101 58 96 88 49 59 99 118 67 10 45 42 81 54 94 45 84 32 58 45 91 78 68 76 104 72 94 106 119 61 53 48 32 12 18 24 48 44 68 77 30 27 55 32 4 16 12 8 24 76 37 0 16 24 36 35 0 19 61 65 93 22 59 22 0 67 87 85 118 116 127 105 82 43 19 22 10 27 44 84 13 -128 38 43 60 4 8 18 22 22 26 19 41 38 55 74 0 9 32 30 37 29 4 35 38 41 37 49 43 59 0 113 -1 -1 -1 -1 -1 -1 -1 45 -1 -51 -108 -128 -28 -1 -1 -1 -1 -1 -1 -1 -1 -1 -1 -1 -110 -128 -1 -1 -1 -1 -1 -1 -1 -1 -1 -1 -1 -1 -1 -1 -1 -1 -1 -1 -1 -1 -1 -1 -1 -1 -1 -1 -1 -1 -1 -1 -1 -18 -39 -37 -27 -28 -30 -26 -25 -25 -25 -25 -25 -27 -20 -14 -16 -12 -21 -23 -27 -30 -44 -23 -1 -1 -40 -49 -26 -35 -74 -67 -83 -56 -56 -75 -73 -84 -78 -63 -64 -64 -67 -65 -59 -49 -50
127 102 100 99 97 97 94 93 93 93 94 95 96 94 84 85 85 85 85 85 85 65 76 90 88 85 85 85 84 84 85 85 87 87 88 88 91 91 107 50 0 0 113 112 81 83 112 120 101 73 71 84 93 101 84 84 104 100 94 91 64 66 54 99 93 0 0 58 60 60 50 81 39 18 12 37 59 48 41 59 61 0 0 74 39 66 27 85 36 88 68 49 81 24 49 66 55 82 30 85 72 33 73 48 39 45 50 81 84 66 53 77 73 77 60 68 60 83 29 36 67 45 66 78 67 76 64 61 66 62 48 0 60 59 -1 -128 64 -128 -128 -128 -128 43 42 65 74 74 26 71 59 48 59 21 65 60 59 71 50 29 39 56 61 29 42 70 6 22 35 42 65 21 44 26 0 58 58 76 44 10 25 35 45 42 60 36 22 55 70 38 12 50 56 65 68 54 61 0 38 68 64 37 59 61 41 53 1 27 79 4 0 0 27 82 12 42 20 29 21 27 56 66 50 29 9 66 45 60 67 25 53 38 50 16 60 14 42 33 32 32 25 30 52 9 52 52 77 29 25 26 48 38 45 60 22 45 37 94 41 37 72 73 97 81 112 94 110 108 108 117 94 119 113 94 114 96 114 120 99 90 123 82 100 123 97 82 112 113 124 118 78 72 102 102 90 87 96 0 53 61 59 62 66 78 99 82 93 100 82 18 0 0 59 76 88 85 62 55 100 79 79 105 76 107 97 101 90 114 94 56 45 41 18 8 12 15 44 70 83 56 41 38 22 12 7 16 12 19 37 61 16 13 19 21 20 31 0 55 100 71 76 72 123 78 44 0 108 97 112 99 79 76 22 20 24 41 27 27 24 43 -128 9 41 47 24 4 31 37 48 93 65 26 33 70 66 0 0 43 36 68 30 0 30 37 38 42 30 32 29 0 -1 104 -1 -1 -1 -1 -1 -1 -1 93 61 29 43 -1 -1 -1 -1 -1 -1 -1 -1 -12 -128 -117 106 -1 -1 -1 -1 -1 -1 -1 -1 -1 -1 -1 -1 -128 -1 -1 -1 -1 95 -1 -1 -1 -1 -1 -1 -1 -1 -1 -1 -1 -1 -1 -1 -1 -18 -30 -37 -23 -28 -27 -26 -25 -25 -28 -22 -27 -18 -18 -16 -13 -14 -12 -16 -18 -16 -14 -13 -6 -1 -13 -128 -34 -59 -63 -56 -46 -60 -78 -74 -94 -70 -67 -68 -67 -65 -69 -56 -51 -47 -42
104 107 101 100 97 94 94 94 93 97 104 97 78 83 84 85 85 85 85 85 85 26 81 89 84 85 85 84 84 84 84 85 85 85 85 87 87 95 0 0 71 127 122 97 102 77 91 120 116 95 90 107 90 87 66 94 66 56 48 90 91 89 77 52 62 36 0 0 47 59 35 67 36 52 0 32 72 64 44 59 38 89 59 45 0 0 45 38 62 85 72 22 64 55 54 47 73 21 124 76 50 65 83 68 85 90 79 76 45 74 76 67 65 54 64 76 81 38 62 33 68 39 62 66 78 54 30 53 53 71 79 73 12 -128 -1 -58 -39 -11 -30 -1 0 43 67 62 84 30 65 71 66 56 58 72 68 49 29 33 22 53 55 73 58 58 55 52 55 58 18 64 54 67 67 41 0 8 58 45 8 37 76 37 37 45 16 27 35 56 39 43 52 65 20 39 41 67 30 0 66 50 38 50 37 29 30 42 42 67 22 36 16 0 53 30 14 67 7 25 31 49 15 18 64 26 60 48 20 26 10 65 37 52 21 37 18 29 66 22 30 39 42 16 41 56 25 12 29 56 20 38 47 31 30 25 53 20 68 42 48 81 70 113 117 119 114 102 37 120 117 118 119 117 97 102 102 90 106 110 107 110 104 107 95 97 102 110 123 95 90 95 108 117 117 94 117 44 0 84 76 58 49 97 70 56 65 84 118 94 100 76 37 0 44 50 67 62 81 84 127 96 97 95 110 108 96 84 85 83 104 73 38 21 14 10 12 31 55 89 101 54 29 22 8 7 14 10 14 18 55 13 21 16 15 8 20 26 38 81 77 29 85 93 60 77 81 60 91 77 82 85 78 10 7 27 31 20 26 18 -46 0 6 13 27 32 29 52 29 43 94 66 58 9 30 32 0 52 53 30 73 36 30 19 36 36 32 -128 0 -26 0 -1 -1 0 13 0 -25 -1 -1 -1 -4 -125 0 22 -1 -1 85 88 107 -11 -128 -22 -1 -1 -1 -1 -1 -1 -1 -1 -1 -1 -1 -1 -1 -1 -1 -1 -1 112 -1 -1 -1 -1 -1 -1 -1 -1 -1 -1 -1 -1 -1 -1 -1 -1 -1 -1 -1 -14 -23 -40 -26 -31 -28 -27 -25 -25 -25 -25 -22 -18 -21 -14 -13 -26 -46 -28 -17 -12 -11 -12 -12 -1 -1 -32 -1 -44 -56 -51 -58 -58 -75 -84 -92 -88 -61 -70 -67 -69 -64 -54 -46 -40 -40 -63
127 107 100 101 99 97 95 96 96 96 93 85 73 87 85 85 85 85 85 85 85 79 66 107 73 85 85 85 84 84 83 83 84 84 84 84 85 85 95 0 70 87 84 119 106 94 82 101 123 111 117 118 73 59 72 78 110 84 99 85 70 99 60 88 85 65 60 0 0 0 67 71 29 45 39 0 29 45 56 52 35 42 81 22 76 0 44 45 58 74 0 0 73 83 48 74 31 38 12 54 53 25 74 56 72 70 29 47 50 41 54 45 81 59 61 61 32 33 44 55 49 65 58 56 37 72 25 66 52 44 65 39 47 -72 -1 -11 -1 -1 -1 19 53 54 48 71 73 32 60 43 83 58 78 79 85 42 21 24 55 76 61 73 54 48 83 61 41 42 70 78 61 42 84 47 0 0 0 6 16 16 35 0 45 55 45 3 39 39 33 58 44 45 25 50 83 32 73 0 42 61 1 59 67 50 48 26 56 58 56 35 55 16 0 14 39 0 68 38 52 76 48 70 14 33 19 48 52 36 37 58 62 42 35 10 43 73 68 10 52 39 39 64 26 22 41 27 44 53 52 70 53 26 88 72 58 44 67 18 32 67 67 102 110 119 112 107 117 125 119 118 127 93 102 96 111 118 89 113 108 114 111 83 124 102 94 97 99 83 117 93 79 112 104 105 88 52 85 64 116 99 84 87 118 78 88 102 89 110 112 124 43 22 36 35 68 25 105 106 95 119 99 119 85 60 127 37 111 87 68 61 95 47 50 13 13 10 24 48 87 64 50 29 19 13 15 12 20 13 15 16 9 19 22 6 20 20 0 52 71 27 64 71 49 56 0 113 67 78 78 127 61 13 13 14 10 60 0 -128 -88 9 27 15 14 26 85 2 35 41 77 120 95 54 60 32 71 60 70 120 112 36 8 18 58 0 -74 -79 0 0 113 -1 -1 24 26 38 44 0 -1 93 -68 -56 -61 0 0 -128 -72 102 -1 -1 -1 -1 -1 -1 -1 -1 -1 -1 -1 -1 -1 -1 -1 -1 -1 -1 -1 -1 -1 -1 -1 -1 -1 -1 99 -1 -1 -1 -1 -1 -1 -1 -1 -1 -1 -1 -1 -1 -1 -11 -22 -34 -32 -22 -27 -30 -27 -23 -26 -25 -32 -17 -42 -11 -17 -13 -18 -21 -34 -20 -14 -14 -16 -1 -1 -26 -13 -7 -37 -30 -37 -58 -73 -82 -93 -91 -60 -69 -69 -58 -54 -49 -27 -64 -72 -68
104 108 104 101 96 100 97 96 96 97 83 81 85 87 83 85 85 85 85 85 85 -26 82 88 82 85 85 84 84 83 83 84 84 84 84 85 85 95 0 61 88 96 87 117 118 110 110 72 110 102 117 101 67 105 90 83 67 95 55 66 53 61 79 71 84 84 84 71 0 4 67 56 65 64 37 0 33 62 44 30 67 62 48 35 39 53 60 62 81 100 36 55 36 21 0 0 59 53 48 55 71 49 64 26 77 76 66 59 55 50 26 71 70 27 43 77 65 59 77 48 33 44 60 62 65 54 32 43 78 73 0 70 29 -128 -1 -1 -9 -128 -36 64 67 66 72 44 18 64 59 60 41 36 62 39 37 27 55 71 71 78 71 50 65 66 32 38 73 68 83 27 26 31 77 43 65 49 42 0 47 41 59 6 48 60 35 78 78 45 53 70 15 52 24 16 24 32 1 0 61 38 72 36 53 32 26 42 53 49 38 13 0 0 30 44 58 58 64 39 45 56 30 37 39 26 29 41 52 41 55 36 48 44 47 47 64 7 48 56 58 24 38 60 60 29 13 37 35 20 9 50 59 38 56 37 72 54 48 45 76 77 106 111 118 112 107 118 59 116 106 116 112 119 108 100 101 96 101 108 97 112 91 78 111 122 116 106 94 123 93 94 87 104 107 105 122 27 96 85 91 76 90 102 85 74 77 77 106 102 107 64 123 102 0 60 127 105 99 90 87 87 104 81 97 107 96 43 112 82 47 62 68 35 20 10 10 26 44 64 41 55 27 15 13 19 18 22 20 12 12 9 18 19 7 7 24 18 62 62 66 77 59 26 37 26 70 85 111 64 127 72 20 13 21 44 60 3 -128 7 19 60 43 38 48 41 30 45 58 53 123 68 61 30 74 79 102 0 64 43 49 21 18 0 29 0 -91 26 0 18 -1 -128 33 33 22 52 49 30 -77 -1 0 -128 39 -17 -128 -128 -1 -1 -1 -1 -1 -1 -1 -1 -1 -1 -1 -1 -1 -1 -1 -1 -1 -1 -1 -1 -1 -1 -1 -128 -1 -1 -1 -1 -1 -1 -1 -1 -1 -1 -1 -1 -1 -1 -1 -1 -1 -1 -4 -17 -40 -32 -23 -30 -30 -28 -27 -30 -44 -37 -27 -22 -31 -12 -12 -20 -30 -18 -13 -17 -14 -6 -1 -128 -1 -11 -128 -21 -47 -60 -60 -75 -86 -93 -87 -65 -81 -55 -56 -59 -75 -77 -81 -83 -87 -86
127 107 105 104 100 100 99 99 99 104 82 84 82 87 85 85 85 85 85 85 85 83 65 102 76 85 85 85 84 84 83 83 84 84 84 84 85 85 0 0 60 87 76 94 114 91 87 96 74 104 108 96 104 117 100 74 107 94 90 97 90 82 90 71 81 74 84 89 53 0 0 39 56 54 64 36 4 9 58 48 32 72 73 85 50 84 49 62 85 62 70 38 76 67 72 76 52 68 29 0 25 37 45 55 44 68 48 31 49 64 38 77 62 35 39 76 93 33 66 58 53 53 64 76 65 55 62 71 43 42 14 44 56 30 -128 -128 19 83 52 71 61 32 31 61 56 68 32 43 68 93 41 66 19 22 60 49 66 42 43 20 47 29 50 83 56 48 45 81 77 77 81 52 67 54 66 52 31 70 56 64 0 41 29 37 59 58 37 8 52 54 26 41 19 54 65 0 18 43 74 33 13 45 54 24 52 49 30 30 -128 10 4 73 38 67 15 39 36 49 50 58 0 76 71 39 31 54 49 24 44 61 33 53 52 26 66 18 38 16 33 31 66 44 21 53 58 35 39 50 1 33 55 33 62 27 30 35 68 60 116 112 118 119 120 111 113 111 118 117 106 100 114 102 99 102 95 102 81 101 105 116 114 114 117 111 101 96 110 100 108 113 107 123 47 25 87 71 85 97 79 93 93 105 90 81 90 79 73 125 94 70 50 0 74 81 100 94 97 99 72 83 97 87 112 81 56 89 54 42 61 60 22 8 16 14 16 35 50 37 26 10 10 12 12 20 21 20 12 12 12 26 20 26 26 31 58 85 41 35 39 97 38 7 79 62 119 119 101 54 0 29 22 0 9 21 -68 43 24 27 60 50 65 102 89 64 106 15 100 112 91 89 0 19 0 0 72 48 45 19 30 26 32 0 8 4 77 0 -128 -108 54 21 33 16 0 0 9 0 -97 -128 -128 -128 49 -64 -1 -1 -1 -1 -1 -1 -1 -1 -1 -1 -1 -1 -1 -1 -1 -1 -1 -1 -1 -1 -1 -1 -1 -1 -1 -1 -1 -1 -1 -1 -1 -1 -1 -1 -1 -1 -1 -1 -1 -1 -1 -1 -1 -17 -25 -36 -26 -18 -28 -30 -27 -27 -25 -37 -26 -26 -37 -12 -12 -26 -20 -17 -14 -18 -13 -2 -128 -7 -1 -8 -46 -128 -35 -50 -59 -73 -82 -92 -97 -68 -82 -61 -64 -91 -89 -91 -83 -86 -91 -88
106 112 107 105 105 100 101 97 104 85 85 81 85 85 85 85 85 85 85 85 85 -47 79 82 85 84 84 83 83 82 82 83 83 83 83 87 91 0 97 0 0 89 82 64 81 93 91 113 90 78 100 113 93 82 83 87 82 70 94 83 77 90 55 67 79 58 76 74 93 0 43 62 56 48 65 53 53 42 0 0 76 29 30 71 0 35 77 38 83 76 38 45 89 88 66 67 45 43 33 43 71 37 60 53 0 0 62 76 54 74 30 27 76 58 42 25 43 52 71 66 61 70 76 85 59 70 65 65 71 73 62 60 58 27 64 53 67 60 55 59 19 37 43 26 66 52 25 25 26 35 38 35 22 58 56 39 70 61 55 73 52 29 77 58 54 66 33 50 44 77 25 18 24 43 74 0 31 33 68 27 0 0 0 71 0 42 79 47 76 59 56 68 18 64 20 0 0 62 31 24 50 59 48 45 36 47 64 49 -128 88 55 42 43 55 22 26 32 48 37 52 43 19 33 54 21 60 31 48 32 37 64 22 61 52 79 33 33 44 48 43 62 49 32 15 58 2 58 65 31 30 48 67 33 54 59 60 85 114 112 114 116 106 107 116 65 110 119 106 114 105 114 100 90 97 96 95 94 83 90 104 113 119 97 73 64 104 78 96 87 110 118 101 64 66 111 64 116 95 102 111 70 76 60 45 122 52 110 77 0 3 -112 19 -128 -1 35 108 101 112 64 81 111 116 94 108 53 43 19 37 36 19 16 13 15 13 10 41 31 29 9 9 16 24 16 24 24 20 32 26 16 1 13 20 15 27 0 4 19 29 59 26 47 0 36 100 89 48 93 3 8 31 58 -75 -128 -128 0 27 50 52 48 88 60 49 39 105 42 84 84 99 96 0 122 84 64 82 44 78 21 35 59 0 12 24 27 52 45 21 0 0 20 54 43 56 10 29 37 44 22 0 12 -83 30 -1 96 -1 102 -1 -1 -1 -1 -1 -1 -1 -1 -1 -1 -1 -1 -1 -1 -1 -1 -1 -1 -1 -1 -1 -1 -1 -1 -1 -1 -1 -1 -1 -1 -1 -1 -1 -1 -1 -1 -1 -1 -1 -17 -22 -39 -27 -22 -27 -31 -28 -27 -34 -35 -31 -35 -16 -26 -25 -11 -8 -39 -16 -14 -4 -92 33 -26 -7 -6 -1 -1 -97 -45 -51 -75 -84 -91 -98 -88 -81 -98 -83 -100 -72 -60 -75 -94 -89 -88 -86
127 108 108 110 106 101 104 99 101 88 88 83 81 83 83 85 85 85 85 85 85 91 0 94 74 84 84 84 83 83 82 82 83 83 83 83 94 79 64 81 0 0 0 0 87 78 90 90 127 101 77 111 127 96 106 66 76 81 90 54 61 62 60 65 94 74 77 78 77 94 0 70 50 76 61 47 58 49 79 15 29 36 74 58 45 53 70 25 47 84 64 45 78 60 41 38 37 64 73 81 71 32 73 85 65 49 72 73 33 0 0 32 78 19 66 32 43 68 45 56 38 76 54 41 42 68 64 71 66 42 0 73 39 72 106 85 49 36 12 8 30 68 53 70 49 67 52 70 76 76 50 43 60 37 53 56 45 48 53 29 41 30 14 36 62 59 27 64 54 65 27 58 79 90 67 72 55 32 52 14 39 53 21 33 77 60 0 27 35 37 30 49 58 42 61 33 42 16 31 43 52 20 64 42 15 10 16 47 0 0 0 58 55 18 19 52 56 65 15 56 0 33 48 18 74 43 43 61 74 32 18 54 50 59 39 21 45 10 67 65 67 24 19 0 60 22 43 59 22 29 27 38 74 50 108 78 91 107 106 117 119 113 120 116 110 106 112 107 114 104 101 105 97 100 99 94 81 90 94 89 107 102 89 89 76 96 74 102 97 99 96 88 0 58 56 68 114 107 70 119 84 100 94 35 62 -128 -128 0 -1 -17 0 -101 -7 83 100 -55 -128 35 112 117 88 111 56 127 65 42 20 18 24 26 29 20 14 14 13 16 18 12 14 14 15 25 22 24 22 21 31 26 0 -128 0 18 0 0 38 14 4 22 29 48 71 108 64 0 47 49 76 7 21 22 14 -92 -128 0 53 27 26 74 68 105 90 49 95 37 73 50 79 108 81 94 26 71 59 59 68 19 48 41 53 39 0 39 0 0 6 43 24 54 66 62 52 42 52 36 45 38 49 -128 -16 -128 -128 79 110 -1 -1 -1 -1 -1 -1 -1 -1 -1 -1 -1 -1 -1 -1 -1 -1 -1 -1 -1 -1 -1 -1 -1 -128 -1 -1 -1 -1 -1 -1 -1 -1 -1 -1 -1 -1 -1 -1 -1 -1 -1 -6 -20 -36 -30 -28 -31 -32 -27 -26 -20 -16 -12 -14 -26 -44 -35 -26 -4 -41 -14 -14 -1 -128 0 -128 -12 -26 -16 -4 -8 -27 -56 -59 -83 -91 -100 -72 -72 -83 -74 -72 -65 -51 -89 -79 -68 -68 -69
111 118 112 108 127 105 108 91 76 88 84 84 84 84 84 83 85 84 84 84 84 93 8 76 95 83 83 79 79 82 82 82 82 81 81 85 89 83 83 83 0 0 0 0 91 68 83 84 96 106 94 100 112 93 90 114 73 65 84 87 82 94 73 65 79 85 94 78 79 67 0 0 0 0 0 54 50 65 66 0 27 49 64 42 56 26 43 78 73 45 60 35 78 93 55 37 58 71 68 73 52 76 45 66 24 53 58 49 68 83 49 31 32 0 0 0 38 45 38 76 27 62 38 16 59 76 56 70 37 64 24 48 94 52 43 38 33 12 65 70 68 43 60 14 73 61 33 19 33 44 47 74 36 84 49 68 61 79 52 76 61 38 53 29 33 64 73 42 0 68 59 72 59 43 88 62 77 67 33 13 24 49 55 52 37 62 64 0 74 39 33 36 58 68 50 38 0 64 24 18 58 50 66 29 7 33 74 12 62 -128 99 60 21 15 32 18 24 32 60 74 59 67 25 26 27 67 41 59 30 31 43 50 18 12 33 74 19 79 84 26 22 65 65 72 42 25 53 71 24 62 30 66 58 60 106 90 111 113 116 114 123 111 110 107 77 91 99 116 95 108 112 100 101 93 93 99 100 99 108 79 82 87 73 76 91 100 101 82 72 72 99 0 66 106 58 101 127 108 88 -23 -30 -128 -128 0 65 66 125 77 106 0 26 48 114 119 62 74 118 -128 -98 0 14 104 90 87 43 14 13 20 26 13 13 13 12 16 18 14 14 19 22 26 26 26 21 19 24 24 20 32 -128 30 -128 -128 -128 -128 0 0 43 19 18 106 77 49 113 70 96 43 24 24 18 26 19 -128 85 6 30 67 48 90 123 88 68 79 110 110 105 127 94 58 99 0 81 43 32 127 43 91 0 0 0 33 67 37 27 26 41 0 8 20 31 41 110 91 0 29 47 93 0 -1 -3 -1 -1 -1 -1 -1 -1 -1 -1 -1 -1 -1 -1 -1 -1 -1 -1 -1 -1 -1 -1 -1 -1 -1 -1 -1 -1 -1 -9 -1 -1 -1 -1 -1 -1 -1 -1 -1 -1 -1 -1 -1 -1 -1 -1 -1 -16 -30 -36 -28 -31 -30 -26 -31 -27 -44 -34 -53 -32 -27 -25 -35 -40 -13 -32 -17 -8 -128 -128 -1 -28 -31 -39 -28 -30 -51 -34 -40 -73 -96 -103 -91 -73 -86 -79 -53 -77 -83 -83 -73 -60 -51 -72 -92
127 122 114 113 114 102 101 89 83 81 83 84 84 84 84 83 84 84 84 84 84 82 67 16 71 83 83 83 83 83 82 82 82 82 81 81 76 0 82 82 96 107 42 0 0 99 76 77 87 94 127 113 127 106 113 107 96 100 83 72 60 88 96 100 89 89 97 81 97 49 45 0 19 67 0 0 0 67 64 31 18 62 77 73 0 74 61 82 48 43 60 56 67 68 49 39 27 83 27 72 77 82 36 25 74 54 32 36 41 38 53 53 52 50 60 70 65 49 85 68 0 0 0 43 67 66 67 62 45 54 0 65 81 31 50 26 52 66 85 77 32 56 15 18 30 10 77 60 44 43 76 62 49 37 87 64 43 45 64 65 43 65 32 84 66 67 36 37 70 45 22 87 67 22 70 0 67 25 21 55 38 38 76 50 70 29 66 20 1 58 48 32 39 45 18 41 59 38 24 64 60 18 64 55 72 22 59 32 52 9 0 2 15 70 44 49 65 50 27 50 0 24 3 30 53 45 59 66 36 47 8 41 66 27 4 31 64 68 21 72 53 52 72 56 16 7 56 29 9 78 25 50 101 83 113 96 110 113 119 113 120 119 110 108 104 106 111 102 74 107 96 90 90 95 91 88 71 87 93 117 87 100 93 59 125 68 88 110 81 90 97 39 94 52 116 47 0 77 85 95 112 94 127 114 113 110 110 54 2 12 0 79 91 83 79 100 91 113 38 87 0 -128 50 22 25 44 32 18 18 10 10 13 10 18 16 19 20 22 26 27 26 26 21 25 29 24 35 7 -128 0 16 30 1 -128 0 32 32 9 55 19 22 74 64 9 82 13 0 2 0 30 37 67 -128 37 8 14 45 67 41 67 82 79 106 113 100 117 89 41 64 76 0 0 18 78 81 21 116 32 52 36 96 61 21 30 14 55 74 74 38 94 90 66 45 13 50 39 -128 -58 0 -1 99 -1 -1 -1 -1 -1 -1 -1 -1 -1 -1 -1 -1 -1 -1 -1 -1 -1 -1 -1 -1 -1 -1 -1 -1 -1 -1 -1 -1 -1 -1 -1 -1 -1 -1 -1 -1 -1 -1 -1 -1 -1 -1 -1 -13 -17 -36 -27 -34 -28 -27 -26 -12 -28 -31 -31 -23 -32 -34 -32 -40 -25 -6 -35 -14 -7 -39 -124 -97 -21 -39 -54 -49 -49 -128 -61 -63 -84 -96 -101 -79 -79 -69 -92 -64 -94 -92 -102 -96 -100 -97 -102
112 122 107 96 89 89 90 83 79 85 84 84 84 84 84 83 85 84 84 84 84 78 71 0 73 83 83 85 85 82 82 82 82 81 81 76 39 81 81 81 85 73 76 64 0 0 77 77 81 105 123 125 102 104 95 94 93 106 90 64 119 90 88 74 72 62 83 91 84 84 97 83 89 61 85 0 0 56 47 14 24 29 41 68 60 16 59 67 52 56 78 38 56 47 12 22 65 32 25 30 73 87 76 65 76 60 77 31 64 52 67 50 68 52 74 29 26 20 19 15 16 13 77 55 29 0 0 29 49 55 73 99 48 39 9 73 83 72 35 38 33 61 18 73 67 64 45 39 58 68 78 50 38 43 56 29 42 39 55 58 30 37 27 45 22 12 0 60 19 50 15 16 65 37 56 68 58 43 47 42 49 29 20 70 43 22 49 6 47 29 52 42 47 20 54 20 0 22 59 37 62 70 36 44 33 15 68 15 60 -53 0 45 42 55 64 53 42 33 56 45 14 30 59 33 29 6 21 37 18 72 48 31 32 3 49 52 37 65 43 64 30 67 43 38 77 20 0 24 38 37 73 84 93 99 111 108 113 116 116 114 125 88 119 104 96 113 104 108 107 93 101 84 99 85 89 87 96 93 102 78 87 101 82 96 89 100 91 1 0 6 0 61 113 108 56 -128 71 127 99 56 106 90 85 70 107 118 22 45 112 0 53 95 79 93 106 79 118 125 116 73 8 0 2 38 47 43 8 20 16 13 15 10 15 16 18 19 19 25 25 26 26 26 22 30 24 38 21 -128 22 24 35 39 -40 -128 0 -128 13 35 7 7 44 38 97 0 9 0 -128 -128 0 29 44 -128 24 44 16 95 96 90 41 88 88 123 112 93 8 0 0 94 74 2 78 96 66 70 30 99 0 0 35 94 7 53 29 20 64 71 85 73 42 99 62 64 76 25 0 -128 -128 0 -128 100 -1 -1 -1 -1 -1 -1 -1 -1 -1 -1 -1 -1 -1 -1 -1 -1 -1 -1 -1 -1 -1 -1 -1 -1 -1 -1 -55 -1 -1 -1 -1 -1 -1 -1 -1 -1 -1 -1 -1 -1 -1 -1 -1 -9 -6 -32 -23 -34 -34 -26 -27 -13 -14 -23 -16 -21 -31 -23 -30 -25 -21 -39 -36 -13 -6 -1 32 -1 -41 -36 -53 -46 -46 -61 -60 -58 -82 -87 -91 -72 -67 -65 -75 -97 -97 -93 -98 -98 -94 -92 -82 -79
127 114 118 117 91 94 91 89 84 87 85 82 84 84 84 82 83 84 84 83 83 85 79 89 58 48 68 85 78 84 82 82 82 82 81 81 72 85 81 81 81 81 77 81 79 0 0 81 78 81 102 120 113 87 100 90 93 94 73 117 89 84 71 68 85 71 60 61 91 76 88 93 106 74 53 71 0 56 29 79 67 50 4 26 0 14 15 21 52 53 32 55 70 48 62 58 61 73 55 27 36 39 62 45 61 58 41 30 48 64 27 52 62 58 82 29 54 83 49 53 65 55 53 72 26 67 58 45 76 37 42 0 0 9 31 59 70 43 29 29 9 78 72 18 25 49 21 20 76 53 62 37 73 60 78 33 72 42 59 70 39 66 13 16 60 25 27 66 36 29 73 27 56 37 58 0 36 62 26 66 59 55 29 61 56 24 45 50 0 43 41 58 73 48 64 83 50 20 0 14 43 77 44 78 52 30 45 39 56 56 0 4 31 70 35 50 70 32 55 45 0 55 42 72 66 50 41 32 32 41 37 76 49 54 6 16 22 73 64 20 36 66 68 52 48 26 42 41 22 87 55 54 78 110 110 114 117 119 117 112 114 81 117 114 105 105 99 100 96 89 97 95 101 91 94 73 85 88 101 122 88 87 74 74 61 93 107 0 117 78 0 102 127 90 123 56 68 97 84 107 100 79 65 110 96 106 7 52 110 82 36 85 91 93 65 54 82 105 100 68 77 61 -128 42 45 35 10 18 15 15 13 13 12 20 18 18 18 19 24 24 26 26 20 31 24 26 8 -128 14 29 10 38 32 22 9 -128 -97 3 0 25 19 39 95 71 0 38 0 -128 -128 -128 3 -128 0 22 61 87 66 119 64 43 0 0 89 112 90 71 39 87 72 74 64 106 37 30 106 59 68 20 88 111 56 38 16 29 38 99 73 15 32 27 58 73 82 31 -128 -78 38 50 0 -1 -1 -1 -1 -1 -1 -1 -1 -1 -1 -1 -1 -1 -1 -1 -1 -1 -1 -1 -1 -1 -1 -1 -1 -1 -1 -1 -1 -51 -1 -1 -1 -1 -1 -1 -1 -1 -1 -1 -1 -1 -1 -1 -1 -1 -11 -11 -36 -28 -34 -23 -25 -26 -51 -36 -37 -30 -42 -22 -30 -28 -30 -26 -26 -13 -11 -1 53 -4 -32 -41 -41 -50 -53 -59 -44 -58 -63 -79 -88 -93 -97 -87 -92 -100 -82 -72 -79 -74 -83 -81 -67 -92
123 123 113 96 96 93 87 83 83 82 82 83 84 84 84 82 84 83 83 83 83 83 83 91 77 9 68 73 77 82 82 82 82 81 81 73 59 81 81 81 81 81 77 78 66 0 0 43 81 87 96 95 102 112 110 107 112 118 106 97 81 52 88 53 79 83 79 94 70 90 84 47 55 76 89 0 0 82 78 60 74 82 53 0 31 13 83 2 0 49 18 56 52 76 53 41 85 43 50 36 60 26 52 30 58 53 37 47 39 73 88 71 73 32 16 33 43 14 59 84 79 39 43 61 72 87 33 55 61 0 20 67 26 43 65 15 0 0 13 26 16 31 70 18 18 13 44 64 78 39 56 60 39 78 58 74 60 7 15 52 42 76 43 27 67 41 33 53 39 44 29 19 3 29 4 24 81 31 18 45 62 59 29 35 61 53 39 29 0 81 39 68 49 68 49 76 81 27 60 48 24 22 37 33 50 41 47 56 55 43 -116 61 41 44 32 79 39 52 62 22 22 25 55 27 50 36 45 39 48 38 50 54 31 67 38 18 66 26 16 58 56 25 19 0 36 50 13 10 50 59 102 81 114 110 114 118 119 119 113 118 116 112 116 106 111 91 95 108 90 93 87 107 89 88 84 102 100 102 105 104 82 81 81 100 89 102 73 127 81 81 127 100 120 102 76 -91 93 87 123 122 113 107 74 100 72 0 54 110 106 0 97 59 96 94 62 102 54 95 117 88 108 13 -128 32 36 0 12 14 15 12 19 18 19 19 19 16 19 24 24 24 24 24 27 31 26 0 -128 12 19 10 22 20 29 44 42 0 -128 24 26 10 9 73 19 18 0 -64 -128 -128 -128 -128 -128 10 22 42 0 0 58 70 100 79 65 76 74 88 27 35 26 54 68 58 108 45 -128 47 95 54 31 47 108 70 0 24 36 24 97 118 15 12 9 35 79 101 31 44 -125 49 0 -100 -128 -1 72 -1 -1 -1 -1 -1 -1 -1 -1 -1 -1 -1 -1 -1 -1 -1 -1 -1 -1 -1 -1 -1 -1 -1 -1 -1 -1 -1 -1 -1 -1 -1 -1 -1 -1 -1 -1 -1 -1 -1 -1 -1 -1 -6 -11 -21 -27 -26 -25 -27 -22 -34 -21 -44 -31 -22 -20 -21 -28 -31 -18 -11 -30 -13 -1 -23 -32 -39 -44 -47 -40 -61 -50 -73 -128 -49 -77 -87 -91 -98 -68 -94 -93 -79 -98 -91 -74 -92 -79 -77 -78 -84
127 111 101 120 100 97 91 93 84 87 84 83 83 83 83 83 83 83 83 83 83 83 83 82 82 72 58 44 74 95 74 71 72 81 78 78 0 70 78 78 78 78 77 77 76 76 67 0 26 72 90 112 110 127 83 111 117 111 113 95 100 106 94 78 89 59 77 87 91 88 71 64 61 91 91 110 0 61 82 89 65 52 55 19 65 53 49 35 35 43 0 0 59 81 65 36 76 88 72 73 62 43 89 79 65 52 25 31 74 53 33 42 31 43 60 70 67 16 82 30 38 39 25 67 25 54 33 60 52 45 18 64 35 48 68 74 8 84 25 36 26 27 14 25 0 0 0 15 32 22 48 78 81 84 27 18 42 55 58 67 38 53 21 68 81 15 66 30 14 74 61 37 55 20 64 0 55 24 29 39 73 39 53 61 39 55 48 33 32 0 13 52 73 38 61 66 53 53 0 35 67 60 54 21 53 29 19 43 61 31 16 53 19 56 62 61 55 43 27 66 0 24 19 37 32 45 21 27 33 32 56 70 35 58 37 60 29 54 33 50 56 59 32 25 38 77 32 31 88 45 44 68 106 112 114 112 118 117 119 123 111 96 110 111 108 95 97 87 88 87 89 95 106 96 90 85 79 108 104 106 113 91 79 114 97 95 76 0 81 116 104 107 105 114 90 71 104 104 0 6 0 123 0 43 44 88 84 123 111 111 0 66 84 73 108 73 70 78 113 73 93 49 26 -128 0 -128 -78 0 8 30 0 12 30 10 24 24 20 22 20 20 21 21 18 30 2 -128 -128 21 77 20 79 33 18 22 19 0 13 0 -122 41 14 37 16 7 -128 -128 -128 -128 -128 -128 0 67 0 24 43 18 64 54 93 56 58 72 70 47 45 43 43 88 91 -128 -119 7 -128 62 94 95 33 71 107 101 89 20 47 99 104 82 35 68 33 90 78 94 114 112 31 0 -128 -128 -91 -128 43 -1 -1 -1 -1 -1 -1 -1 -1 -1 -1 -1 -1 -1 -1 -1 -1 -1 -1 -1 -1 -1 -1 -1 -1 -1 -1 -13 -1 -1 -1 -1 -1 -1 -1 -1 -1 -1 -1 -1 -1 -1 -1 -1 -7 -13 -37 -26 -22 -40 -20 -50 -17 -39 -17 -21 -18 -11 -22 -17 -11 -4 -14 -18 -65 -128 -4 -35 -40 -45 -47 -50 -47 -77 -44 -128 -86 -83 -82 -98 -96 -91 -100 -77 -78 -73 -73 -70 -74 -83 -69 -91
107 106 111 97 91 99 89 87 87 85 83 83 83 83 83 83 83 83 83 83 83 83 83 82 82 88 64 52 72 81 76 74 76 78 78 83 67 78 78 78 78 78 77 77 76 76 71 0 77 87 85 125 101 120 122 110 101 100 91 95 67 83 99 66 99 58 83 81 104 112 67 77 89 106 87 99 0 0 38 62 29 71 64 93 49 85 82 76 50 15 95 83 35 0 0 0 0 0 26 24 73 59 45 21 45 16 21 24 0 19 71 30 36 64 49 35 24 82 71 53 79 50 60 54 72 31 37 61 52 7 85 66 42 65 89 24 16 45 78 67 42 31 65 39 20 12 22 66 72 64 0 0 0 42 67 26 30 31 55 62 35 45 21 59 37 59 88 55 29 39 55 47 35 87 33 3 24 44 8 45 74 37 55 35 43 37 81 62 18 30 16 20 73 78 24 29 37 66 0 21 44 39 58 43 27 53 35 47 54 56 -128 45 67 38 56 24 33 43 27 65 10 52 44 18 14 24 47 12 31 45 36 25 18 27 30 45 61 33 58 83 38 68 26 64 48 73 32 27 44 111 93 117 111 114 114 117 118 120 123 111 78 101 110 105 105 99 95 82 88 84 91 94 90 83 82 93 89 96 105 91 74 70 100 81 87 70 7 97 110 113 114 107 99 111 45 20 0 9 22 99 96 58 56 83 70 79 93 94 105 50 73 95 61 100 125 123 111 107 96 91 66 56 13 -128 0 29 13 0 -128 -128 -108 22 22 21 21 20 20 22 22 22 22 22 21 16 0 0 -128 21 21 16 22 26 27 13 37 42 30 -83 -125 0 0 0 35 0 -41 -1 0 -124 -128 0 49 38 39 39 3 0 0 54 70 49 104 74 59 71 41 53 81 29 0 90 -68 -42 -128 -128 97 1 24 78 107 58 14 24 107 83 85 88 79 77 94 107 113 101 79 44 0 -67 0 -68 -128 -42 108 -1 -1 -1 -1 -1 -1 -1 -1 -1 -1 -1 -1 -1 -1 -1 -1 -1 -1 -1 -1 -1 -1 -1 -1 -1 -1 -125 -1 -1 -1 -1 -1 -1 -1 -1 -1 -1 -1 -1 -1 -1 -1 -1 -11 -34 -30 -30 -35 -25 -28 -22 -22 -8 -13 -16 -13 -18 -20 -13 -12 -4 -11 -14 -125 -128 -32 -37 -42 -53 -45 -46 -67 -53 -31 -64 -89 -93 -97 -100 -86 -102 -83 -87 -74 -87 -69 -64 -98 -73 -82 -74
127 106 101 94 94 96 91 93 87 87 84 83 83 83 83 83 83 83 83 83 83 83 83 82 82 94 83 66 0 74 81 77 76 76 78 78 64 82 78 78 78 78 77 77 76 76 67 87 0 27 76 81 82 101 123 88 77 90 108 91 84 97 100 96 64 65 60 66 50 64 73 83 122 76 87 73 84 0 0 25 59 43 58 0 33 24 20 64 13 93 56 55 43 67 91 87 96 72 48 0 0 49 16 25 67 72 90 52 70 0 -128 0 15 39 67 74 42 85 25 49 70 9 61 82 31 72 24 84 71 20 31 31 30 45 73 76 22 16 10 32 36 61 20 22 25 30 70 68 64 59 74 9 73 74 35 22 44 0 0 0 33 52 54 30 54 38 38 33 33 30 16 21 31 41 15 82 73 48 70 15 78 24 50 39 41 43 21 72 32 48 58 0 45 56 30 21 68 50 16 20 38 25 44 6 48 24 47 43 24 24 14 24 52 31 70 33 65 65 35 45 0 12 82 65 44 20 55 31 8 8 62 59 14 37 56 42 31 26 56 49 8 45 48 49 107 55 41 41 93 58 79 108 120 114 112 119 116 116 118 77 99 100 104 105 111 90 108 91 94 93 81 90 90 84 85 73 82 95 112 108 68 65 108 66 112 87 0 72 93 127 119 127 127 90 0 30 102 99 87 52 107 64 56 102 62 93 125 72 107 67 0 112 50 77 71 84 74 104 66 108 117 105 83 14 -128 4 16 15 3 0 0 2 24 19 20 20 19 21 22 22 25 25 27 26 19 18 -128 3 93 29 14 4 0 0 0 0 26 0 30 0 43 36 20 31 0 -128 -102 0 -128 0 71 39 0 59 38 71 29 24 29 95 74 107 107 84 43 65 108 67 70 70 0 -8 -128 -128 0 70 41 73 68 64 104 0 30 65 16 38 96 107 79 113 93 100 85 49 0 -1 0 -1 -128 0 -1 -1 -1 -1 -1 -1 -1 -1 -1 -1 -1 -1 -1 -1 -1 -1 -1 -1 -1 -1 -1 -1 -1 -1 -1 -1 -1 -1 -1 -1 -1 -1 -1 -1 -1 -1 -1 -1 -1 -1 -1 -1 -1 -1 -13 -34 -31 -31 -32 -32 -28 -30 -44 -37 -14 -14 -6 -31 -65 -14 -13 -14 -8 -35 -7 -124 -44 -46 -12 -40 -45 -40 -56 -58 -54 -68 -81 -93 -98 -96 -78 -88 -73 -82 -94 -101 -64 -88 -70 -72 -91 -81
104 105 100 99 94 95 94 84 87 85 84 84 83 83 83 82 82 82 82 82 82 82 82 82 82 81 78 99 4 54 68 77 77 81 76 0 81 77 77 77 77 77 77 77 76 76 73 13 0 0 70 65 84 102 124 119 87 87 65 85 116 91 90 81 61 83 70 78 90 56 82 88 105 108 58 74 95 0 0 0 15 53 64 47 64 35 77 56 117 36 93 49 67 54 13 7 61 72 74 44 45 60 1 0 52 32 62 10 37 36 56 50 10 0 0 0 12 20 31 41 3 73 33 59 43 9 52 77 68 43 70 20 43 82 79 85 81 18 25 30 56 39 42 66 54 58 55 58 67 44 77 78 61 49 71 60 16 24 44 26 41 30 4 43 44 58 0 0 0 0 64 29 18 22 0 39 27 41 18 25 24 30 52 31 43 59 62 21 52 54 77 47 0 0 32 68 27 74 44 37 0 0 41 44 60 66 27 61 31 2 -122 71 39 19 26 29 29 64 24 62 56 54 27 24 38 33 14 66 33 45 42 35 32 29 67 43 33 13 60 62 20 50 12 22 62 99 19 53 49 79 118 118 116 114 118 114 117 122 76 104 110 114 100 106 100 102 83 87 87 83 83 7 26 0 53 83 84 99 90 65 59 104 84 102 72 0 61 108 90 112 101 106 7 54 71 41 0 82 85 96 67 78 110 93 102 114 100 77 99 100 93 71 110 66 119 89 82 73 74 85 77 93 79 78 47 37 22 12 6 -46 7 15 30 20 26 14 27 31 25 29 29 26 0 0 0 -111 -32 31 52 22 9 32 56 64 59 0 2 18 15 -128 -128 -128 -128 37 -128 -61 -128 0 43 45 0 25 61 0 111 31 30 67 0 0 19 0 0 0 110 6 0 71 0 -128 0 60 119 53 55 85 0 16 47 73 37 49 60 42 74 47 104 117 88 31 26 19 111 56 13 -128 -128 64 -1 -1 101 -1 -1 -1 -1 -1 -1 -1 -1 -1 -1 -1 -1 -1 -1 -1 -1 -1 -1 -1 -1 -1 -1 -1 -1 -1 -1 -1 -2 -1 -1 -1 -1 -1 -1 -1 -1 -1 -1 -1 -1 -1 -1 -13 -40 -35 -31 -37 -32 -45 -37 -32 -28 -22 -25 -12 -26 -14 -11 -14 -11 -9 -36 -37 -13 -13 -17 -14 -30 -51 -60 -65 -72 -73 -75 -128 -94 -106 -93 -70 -83 -70 -73 -93 -73 -67 -78 -83 -83 -83 -88 -93
127 102 100 96 96 96 91 91 87 87 84 84 84 83 83 82 82 82 82 82 82 82 82 82 82 72 77 84 85 60 9 72 77 77 74 49 82 82 77 77 77 77 77 77 76 76 68 71 90 0 0 83 81 82 96 122 108 82 95 73 111 100 90 99 62 88 94 79 99 89 72 83 85 68 83 111 50 60 45 0 0 61 18 52 72 41 41 79 127 108 32 37 44 47 32 59 24 101 36 39 25 65 54 38 74 0 0 0 24 49 56 38 58 24 20 73 22 49 8 0 0 0 0 0 10 42 58 83 32 0 50 36 59 74 50 47 38 22 25 59 64 59 54 58 32 59 55 59 37 38 47 26 58 64 32 37 66 37 65 81 71 49 49 44 60 24 32 50 68 68 62 72 56 60 42 0 0 0 0 36 19 71 55 22 25 35 33 52 44 54 72 50 21 26 0 62 27 43 29 55 31 0 35 45 45 44 30 24 22 82 36 37 58 25 38 73 76 53 55 54 48 55 45 53 38 45 22 3 55 35 26 56 27 31 43 53 32 25 33 91 36 71 59 16 67 59 45 48 97 106 102 117 114 112 118 113 116 116 97 105 108 102 105 106 110 83 88 94 83 83 88 58 35 87 94 0 62 77 0 0 74 83 60 127 104 29 97 99 82 117 97 114 0 37 104 101 66 3 94 101 82 81 102 96 90 90 122 114 99 108 0 77 78 81 113 76 90 84 68 120 112 70 99 91 27 14 12 15 16 18 0 0 -94 18 0 0 0 0 7 24 33 32 38 -128 -128 21 24 39 22 15 22 38 84 79 74 19 27 33 45 4 33 38 8 -128 0 0 -41 -128 45 18 20 0 42 0 110 61 31 100 20 90 73 78 83 100 1 0 3 91 67 0 106 127 81 36 68 9 13 47 113 35 18 14 71 72 49 77 90 127 64 72 70 93 93 94 91 0 -128 -128 -1 107 -1 -1 -4 -1 -1 -1 -1 -1 -1 -1 -1 -1 -1 -1 -1 -1 -1 -1 -1 -1 -1 -1 -1 -1 -1 -1 -1 -1 -128 -1 -1 -1 -1 -1 -1 -1 -1 -1 -1 -1 -1 -1 -1 -16 -39 -40 -36 -32 -36 -46 -31 -36 -39 -34 -21 -44 -32 -14 -14 -12 -20 -13 -39 -39 -31 -1 -3 -2 -23 -42 -55 -73 -73 -73 -59 -77 -121 -88 -100 -74 -84 -87 -87 -91 -73 -69 -70 -96 -74 -89 -77 -86
108 114 106 101 96 89 91 100 93 87 84 81 82 82 82 82 82 77 78 78 78 78 78 78 78 78 78 78 78 73 0 72 81 87 77 77 77 77 77 77 77 77 76 76 74 74 74 74 77 6 0 49 89 76 102 122 119 105 116 116 114 116 101 79 68 84 70 85 82 97 106 65 67 66 94 91 64 95 105 0 0 21 0 0 64 9 94 36 54 52 44 59 24 53 52 25 67 37 33 29 29 64 64 83 67 53 65 56 12 21 20 64 54 73 25 25 53 22 19 47 70 60 26 12 25 0 0 3 31 16 62 38 27 43 65 7 38 27 65 68 71 61 58 45 47 76 68 78 59 37 58 68 49 43 62 62 71 20 68 7 81 19 12 47 8 56 12 35 19 27 42 54 29 49 0 56 2 20 35 21 29 47 21 0 0 0 0 0 61 65 30 33 44 31 42 7 77 55 42 20 30 0 33 35 38 64 27 67 55 55 -128 32 1 45 52 61 42 41 41 39 20 42 22 29 27 26 24 31 19 22 60 19 45 42 68 31 70 70 64 58 44 74 20 27 89 76 105 110 56 107 120 117 112 107 100 117 120 104 108 108 108 101 91 100 104 105 97 90 84 83 0 12 78 82 79 1 0 10 90 0 74 66 117 78 29 60 102 123 107 91 104 0 82 116 93 120 0 70 68 77 88 54 104 94 84 97 78 107 100 67 50 105 108 53 73 33 9 15 0 0 0 0 85 83 0 0 0 0 0 15 43 4 14 30 13 15 29 48 37 84 43 38 -128 19 14 -49 10 9 0 25 35 90 37 49 67 0 39 35 70 50 24 9 0 29 97 -128 0 33 55 35 30 0 0 42 25 30 43 7 85 89 49 71 67 64 0 67 66 97 117 117 76 77 61 78 8 14 19 37 21 7 49 0 83 43 54 87 117 88 108 93 60 29 29 22 16 -120 -128 -1 72 91 104 -1 -1 -1 -1 -1 -1 -1 -1 -1 -1 -1 -1 -1 -1 -1 -1 -1 -1 -1 -1 -1 -1 -1 -1 -1 -1 -1 -1 -1 -1 -1 -1 -1 -1 -1 -1 -1 -1 -1 -1 -1 -28 -50 -41 -37 -27 -31 -39 -42 -46 -36 -25 -30 -35 -17 -14 -14 -26 -14 -32 -36 -28 -30 -14 -14 -16 -22 -45 -54 -73 -54 -63 -68 -88 -77 -94 -96 -100 -86 -81 -91 -81 -74 -67 -82 -94 -88 -86 -64 -87 -94
127 118 99 90 88 87 89 89 88 88 87 84 78 82 82 82 82 78 77 78 78 78 78 78 78 78 78 78 78 78 68 45 74 76 67 60 77 77 77 77 77 77 76 76 74 74 74 74 70 77 82 0 0 72 87 101 110 122 119 111 88 95 81 85 96 76 94 84 83 99 96 72 76 74 58 87 60 77 91 60 12 0 0 13 0 15 82 33 66 61 56 53 77 24 50 56 48 74 37 31 77 76 66 44 27 30 44 25 60 55 71 53 59 48 54 24 65 35 49 76 22 7 67 79 62 53 76 41 82 48 19 0 70 55 61 25 37 7 61 73 25 22 54 44 64 35 30 62 70 56 39 52 71 58 64 67 61 48 58 55 48 65 60 74 42 65 41 12 22 45 58 38 20 60 27 -107 20 -108 56 31 56 21 8 33 13 39 52 70 56 45 10 62 62 53 50 37 12 1 0 0 0 0 0 0 22 36 60 27 29 25 36 -128 42 68 62 62 55 14 58 76 65 33 29 41 21 41 24 16 71 27 31 14 60 29 50 6 33 47 49 21 81 54 35 26 59 64 61 102 78 124 116 111 105 91 97 112 117 117 111 99 101 100 93 102 107 59 111 94 82 77 0 89 74 78 79 96 72 93 91 82 0 83 78 76 0 83 91 108 112 65 95 0 108 90 100 36 101 10 83 102 67 82 104 67 84 91 71 72 107 14 0 0 0 0 0 13 91 97 102 73 73 81 47 0 0 0 0 0 26 29 20 4 -114 0 0 -115 0 14 12 7 101 -128 -107 44 27 12 14 39 74 68 6 77 76 30 35 78 43 0 0 81 87 24 55 47 61 8 -128 14 29 16 16 7 12 20 31 25 6 32 54 35 65 37 32 72 0 100 89 93 97 70 100 107 90 37 21 13 16 10 13 15 56 89 71 54 95 105 108 89 78 84 18 19 62 0 70 70 9 -84 -1 74 -1 -1 -1 -1 -1 -1 -1 -1 -1 -1 -1 -1 -1 -1 -1 -1 -1 -1 -1 -1 -1 -1 -1 -1 -1 -1 -1 -1 -1 -1 -1 -1 -1 -1 -1 -1 -1 -1 -1 -1 -1 -1 -34 -45 -40 -34 -22 -35 -26 -49 -45 -39 -30 -27 -20 -21 -16 -20 -25 -28 -34 -36 -20 -128 -9 -46 -40 -42 -42 -49 -65 -49 -45 -75 -65 -56 -60 -78 -94 -68 -63 -84 -81 -72 -61 -89 -82 -101 -75 -68 -68 -79
107 102 96 94 91 94 90 94 97 91 93 77 82 82 82 82 82 78 78 78 78 78 78 78 78 78 78 77 77 82 54 64 67 72 0 77 77 76 76 76 76 76 74 74 73 73 73 73 73 73 81 0 0 0 0 111 100 123 125 104 100 89 118 107 91 107 106 102 93 91 102 93 125 68 81 72 77 64 83 77 66 82 10 0 26 88 44 94 38 76 50 65 27 71 65 43 73 18 53 67 30 70 44 30 50 68 82 71 60 33 24 44 24 14 61 47 37 48 14 66 59 61 50 76 44 36 42 26 0 55 79 79 0 -124 0 0 0 0 0 50 19 47 15 20 74 33 72 44 20 59 37 72 76 33 32 53 44 74 37 55 38 67 59 38 71 33 84 74 12 61 65 39 55 -128 0 0 56 61 33 27 68 55 42 16 25 25 49 35 56 35 52 81 87 61 72 20 2 65 16 24 78 0 0 68 21 39 54 21 58 67 0 0 0 0 0 0 0 0 31 8 0 35 42 68 33 20 12 37 9 35 53 45 35 35 37 48 30 0 49 56 44 65 56 99 104 83 95 94 111 125 104 102 100 107 105 111 117 99 101 100 110 99 107 99 105 97 81 97 94 79 0 62 67 79 74 65 73 74 64 116 0 3 0 15 72 95 97 114 94 108 0 89 62 74 22 0 0 0 0 0 0 18 56 111 99 114 101 106 102 65 67 95 56 96 0 97 48 107 79 82 91 106 71 42 7 15 24 4 0 31 22 0 0 -128 -128 -128 -128 -128 21 32 -128 14 0 0 0 27 31 74 99 65 22 68 44 50 20 0 0 95 85 88 77 35 25 38 8 -128 -81 9 18 0 25 15 24 18 29 9 1 14 68 27 36 30 48 0 43 76 107 49 127 111 74 8 20 15 14 9 33 21 21 53 4 18 42 94 85 117 79 90 29 35 74 106 64 0 -82 -92 -105 -1 48 -1 91 -1 -1 -1 -1 -1 -1 -1 -1 -1 -1 -1 -1 -1 -1 -1 -1 -1 -1 -1 -1 -1 -1 -1 -1 -1 -1 -1 -128 -1 -1 -1 -1 -1 -1 -1 -1 -1 -1 -1 -2 -37 -47 -37 -36 -30 -41 -45 -37 -42 -67 -35 -37 -13 -31 -14 -18 -13 -34 -31 -26 -32 -128 -41 -37 -41 -64 -63 -60 -61 -65 -67 -72 -87 -55 -78 -128 -102 -78 -98 -94 -74 -72 -65 -86 -88 -82 -67 -70 -70 -53 -75
127 88 95 94 94 94 95 93 102 101 84 81 82 82 82 82 82 78 78 78 78 78 78 78 78 78 78 78 77 77 58 0 66 65 67 76 77 77 76 76 76 76 74 74 73 73 73 73 73 73 79 72 50 21 10 0 99 110 90 100 108 108 113 118 96 95 105 99 99 96 116 74 94 95 96 94 105 102 67 95 67 60 30 0 50 31 30 53 48 71 70 71 56 49 39 66 55 25 41 45 36 21 32 18 77 78 56 64 71 52 68 70 73 76 62 62 26 36 48 67 66 41 37 43 43 41 37 22 49 52 38 84 45 49 35 91 49 91 25 21 0 0 22 42 32 30 71 35 60 26 19 74 44 61 31 25 60 65 31 55 55 55 31 32 25 38 64 54 62 37 30 47 24 0 8 72 49 70 -128 4 42 83 31 78 32 58 37 18 68 36 19 78 67 70 64 36 6 44 56 52 67 44 30 0 0 71 48 33 8 61 50 -128 62 47 43 59 55 55 52 37 45 35 41 54 41 14 29 66 26 0 0 0 0 0 0 0 0 0 0 0 0 0 0 0 0 15 41 29 74 88 77 78 108 108 100 102 102 100 97 91 87 85 67 76 64 0 36 25 0 0 0 0 0 0 0 0 0 0 0 0 0 4 2 54 83 119 93 110 72 116 26 83 74 87 99 94 47 6 72 87 60 108 83 85 65 112 111 95 96 107 72 102 94 97 49 0 70 105 72 68 76 67 81 33 32 19 13 27 22 0 20 19 -86 -65 -111 0 0 -128 14 39 -128 21 24 49 0 59 41 22 43 66 44 48 30 43 43 0 16 18 71 39 45 22 19 14 29 -128 -128 -128 18 0 18 19 44 27 8 13 43 32 22 49 39 45 19 24 96 77 70 35 97 67 60 31 14 12 15 33 88 84 39 56 25 16 0 48 76 100 78 55 67 106 83 113 47 0 -128 -37 0 -1 90 -1 -1 -1 -1 -1 -1 -1 -1 -1 -1 -1 -1 -1 -1 -1 -1 -1 -1 -1 -1 -1 -1 -1 -1 -1 -1 -1 -1 -1 -1 -94 -1 -1 -1 -1 -1 -1 -1 -1 -1 -1 -1 -42 -40 -39 -35 -32 -25 -34 -46 -46 -46 -25 -18 -20 -16 -40 -12 -12 -22 -21 -13 -42 -22 -49 -35 -21 -55 -58 -42 -61 -70 -81 -79 -75 -81 -94 -105 -98 -73 -75 -77 -68 -77 -65 -86 -65 -77 -86 -88 -77 -88 -87
91 96 90 93 94 96 100 105 95 89 85 82 82 82 82 82 82 78 78 78 78 78 78 78 78 78 78 77 77 79 60 60 76 81 83 77 77 76 76 76 76 76 74 74 73 73 73 73 73 73 64 62 74 66 78 0 81 110 102 87 97 91 97 97 84 96 91 100 94 87 97 102 122 107 85 119 96 105 76 64 70 0 0 0 60 30 60 74 39 54 35 73 53 72 54 50 44 70 44 24 21 37 58 70 58 27 31 30 41 71 77 55 76 68 22 62 68 45 22 65 67 55 70 48 25 67 66 20 25 90 72 -128 -115 29 -128 0 83 67 10 81 25 60 47 50 4 21 0 0 0 2 81 67 67 70 84 45 47 42 66 8 64 85 26 66 49 38 53 36 90 38 87 36 54 -110 84 67 12 104 93 64 20 9 62 27 83 4 47 64 77 49 38 44 35 81 29 26 0 21 66 32 24 88 16 22 52 67 30 42 31 74 -128 35 71 42 27 83 44 27 12 0 45 64 32 36 52 50 68 18 56 48 52 20 39 66 43 58 14 18 21 29 74 61 58 71 66 104 100 83 127 76 127 114 111 94 97 111 119 107 95 95 97 93 89 100 116 104 87 97 101 96 71 0 61 72 83 65 83 65 113 93 78 111 64 77 84 84 122 0 0 14 107 87 113 100 52 18 4 0 48 97 94 78 99 89 110 64 56 72 13 0 0 9 3 96 0 3 88 111 107 82 116 74 99 53 0 7 13 21 21 19 0 21 0 29 35 13 0 67 12 -128 30 32 32 10 47 64 10 9 62 74 71 79 58 22 0 96 72 39 38 43 20 38 22 19 0 -1 -128 0 0 -128 -128 0 16 19 18 61 66 19 58 26 22 22 54 55 0 44 65 74 52 25 27 24 30 42 64 84 77 125 89 32 54 90 58 91 113 65 55 54 120 70 122 47 22 13 50 32 0 -1 -1 -28 -1 -1 -1 -1 -1 -1 -1 -1 -1 -1 -1 -1 -1 -1 -1 -1 -1 -1 -1 -1 -1 -1 -1 -1 -1 -1 -1 -1 -1 -1 -1 -1 -1 -1 -1 -1 -1 -1 -1 -1 -45 -44 -35 -34 -41 -39 -40 -39 -69 -41 -28 -17 -16 -9 -9 -42 -11 -16 -12 -35 -45 -51 -28 -17 -23 -36 -59 -50 -77 -72 -82 -88 -83 -59 -91 -102 -70 -81 -74 -68 -67 -75 -74 -60 -67 -88 -79 -81 -81 -69 -54 -58
127 94 96 101 94 102 104 108 101 94 90 89 90 85 82 81 77 74 76 76 77 76 74 77 77 77 77 77 77 77 74 71 9 56 0 64 74 74 74 74 74 74 74 74 73 72 70 70 70 70 73 73 73 73 73 85 0 0 100 117 102 107 127 120 100 89 123 110 102 102 96 113 122 114 106 127 122 127 82 67 89 118 50 22 0 0 0 0 0 76 27 22 29 68 62 36 65 62 49 62 72 66 70 60 12 18 36 27 38 53 41 62 68 37 88 68 71 58 66 54 27 65 32 19 18 24 37 74 30 52 78 44 26 58 0 -124 53 64 52 82 22 56 72 35 15 64 62 43 44 31 0 0 65 60 62 27 70 38 84 25 38 54 55 52 47 65 38 58 54 0 0 18 0 50 0 13 62 72 0 30 32 35 1 41 64 22 41 53 54 39 44 49 72 73 44 72 0 0 72 66 0 29 45 36 0 8 54 26 45 26 47 22 84 39 60 16 29 42 39 49 55 41 25 41 38 65 21 58 10 58 53 15 45 36 20 50 59 76 20 42 93 72 22 45 61 64 95 67 89 87 114 110 118 112 105 106 117 85 106 108 113 117 107 97 100 14 97 107 96 99 9 31 118 84 90 81 114 85 77 61 70 108 61 20 0 125 77 3 102 112 112 113 107 107 79 62 0 0 42 89 90 91 93 95 78 74 114 104 0 55 106 106 127 0 0 127 100 81 87 106 110 83 41 20 13 8 15 14 22 18 27 0 4 21 18 27 18 -128 -128 -128 6 71 24 58 9 67 43 41 99 45 33 67 0 48 31 99 0 8 24 14 13 36 0 6 0 -128 -128 -25 -8 -128 -128 -128 1 31 21 14 12 19 21 24 21 61 48 83 73 67 0 90 38 41 55 27 39 93 107 106 81 100 118 123 82 91 0 70 91 101 100 123 123 107 97 101 79 64 20 29 0 -42 -1 -1 -1 -1 -1 -1 -1 -1 -1 -1 -1 -1 -1 -1 -1 -1 -1 -1 -1 -1 -1 -1 -1 -1 -1 -1 -1 -1 -1 -1 -1 -1 -1 -1 -1 -1 -1 -1 -1 -1 -1 -11 -30 -46 -37 -36 -41 -40 -39 -40 -26 -50 -23 -27 -44 -8 -37 -22 -17 -17 -9 -31 -37 -22 -7 -34 -14 -27 -51 -64 -60 -72 -81 -81 -78 -67 -92 -89 -107 -128 -70 -68 -84 -94 -84 -79 -67 -65 -63 -63 -65 -54 -68 -63
89 93 91 97 102 101 99 96 93 93 90 96 81 77 72 78 83 78 77 76 76 78 77 77 77 77 77 77 77 79 74 65 66 76 72 74 74 74 74 74 74 74 74 74 73 72 70 70 70 70 73 73 73 73 61 71 0 0 0 0 71 78 84 87 93 110 90 117 113 107 97 102 93 114 116 122 112 107 88 94 99 44 107 66 64 77 0 0 0 22 59 33 72 94 74 101 37 62 25 64 25 39 55 68 42 49 38 58 33 49 73 60 60 85 76 26 54 74 44 70 44 21 60 20 62 32 15 33 47 79 33 10 79 24 -128 -128 -128 35 52 16 42 65 67 59 64 33 32 36 18 72 33 1 49 61 33 74 32 6 77 52 36 68 18 25 36 0 66 59 0 36 29 74 73 45 14 9 77 0 65 70 22 27 16 0 24 61 42 70 43 38 36 71 59 67 24 55 83 19 47 66 27 62 52 43 0 31 16 70 62 48 -128 37 49 21 39 67 45 20 73 0 37 24 37 42 48 39 48 53 39 38 59 53 41 8 36 44 47 20 49 44 59 24 70 94 72 124 53 76 81 119 105 91 110 105 101 100 105 106 110 117 117 111 112 95 93 101 88 99 110 43 113 122 79 84 78 95 88 77 90 111 99 49 0 79 0 0 20 94 90 112 110 99 108 87 48 72 67 97 24 0 70 118 101 88 89 99 13 0 81 91 0 127 71 117 119 99 110 107 78 58 114 47 68 27 33 30 21 13 14 18 31 30 21 25 20 19 13 9 -69 10 39 30 39 0 35 27 41 52 87 15 71 108 60 60 10 36 30 39 110 73 79 26 12 21 37 -112 -42 90 -1 -11 0 0 7 25 20 14 12 25 21 13 25 88 93 118 72 60 0 39 81 37 54 52 101 113 84 105 91 64 68 106 107 104 81 94 123 123 82 76 77 114 100 97 53 38 -87 32 -46 -128 -1 -1 -1 -1 -1 -1 -1 -1 -1 -1 -1 -1 -1 -1 -1 -1 -1 -1 -1 -1 -1 -1 -1 -1 -1 -1 -1 -1 -1 -1 -1 -128 -1 -1 -1 -1 -1 -1 -1 -1 -1 -13 -42 -44 -37 -41 -47 -42 -40 -31 -31 -30 -35 -54 -1 -18 -36 -14 -13 -21 -1 -41 -25 -7 -128 -36 -14 -46 -61 -65 -73 -81 -64 -88 -68 -88 -82 -100 -91 -128 -83 -78 -88 -67 -60 -61 -59 -51 -44 -49 -53 -86 -68 -64
127 90 95 101 108 106 108 100 81 73 74 76 76 82 82 82 82 77 77 76 76 77 77 77 76 77 77 77 77 77 76 74 78 74 56 72 76 73 74 74 74 73 74 74 73 73 70 70 70 70 73 73 73 73 73 71 71 72 72 7 0 72 72 66 77 79 95 105 114 118 99 127 119 99 110 117 120 123 124 101 116 0 91 79 112 81 88 70 0 0 42 53 68 50 68 49 36 62 62 50 62 65 59 52 49 68 18 58 38 37 29 32 62 41 30 25 77 70 55 48 61 61 67 90 59 53 70 52 0 53 66 102 0 -128 -128 -128 -128 -128 30 27 37 60 8 18 62 52 14 74 39 49 20 0 29 0 0 33 30 27 31 13 0 0 16 0 0 0 3 0 43 38 33 27 1 29 0 44 26 -128 104 32 55 71 43 82 52 21 60 41 83 56 58 15 65 60 49 55 45 20 0 14 21 29 64 55 38 18 55 21 41 0 29 0 45 33 53 68 37 31 21 24 49 53 54 48 54 55 55 16 27 49 43 19 20 43 50 71 62 71 25 39 74 48 55 82 47 94 106 67 94 83 96 87 104 105 87 101 97 101 108 116 118 100 108 89 95 0 85 87 25 50 104 107 95 84 90 72 71 81 44 99 61 36 0 97 76 113 88 87 112 104 97 88 93 70 73 81 66 97 112 55 33 91 108 77 82 33 55 89 106 111 81 90 114 110 93 91 97 89 89 114 76 56 97 36 24 19 18 9 14 16 19 22 20 16 24 15 25 68 27 19 16 4 42 7 30 48 31 26 6 24 59 82 72 30 37 61 71 84 107 104 96 74 24 18 44 38 15 0 -128 -86 0 26 33 25 21 19 19 16 22 16 36 58 102 65 74 104 44 21 25 31 78 87 97 107 89 105 77 105 64 62 56 62 60 85 97 95 96 84 99 64 81 127 90 -88 -128 50 -102 -102 -40 -1 -1 -1 -1 -1 -1 -1 -1 -1 -1 -1 -1 -1 -1 -1 -1 -1 -1 -1 -1 -1 -1 -1 -1 -1 -1 -1 -1 -1 -1 -1 -1 -1 -1 -1 -1 -1 -1 -1 -1 -1 -28 -47 -44 -41 -45 -44 -39 -45 -39 -44 -45 -39 -35 -22 -35 -13 -13 -8 -128 -42 -14 -18 -9 -35 -40 -54 -61 -67 -74 -83 -61 -72 -86 -89 -87 -98 -94 -101 -69 -75 -68 -64 -65 -55 -54 -55 -69 -64 -81 -78 -53 -54
88 106 107 107 94 87 106 84 81 79 78 78 83 83 83 82 82 76 76 77 77 77 77 74 76 77 77 77 77 79 77 78 72 0 84 82 74 74 74 74 74 72 74 74 73 73 70 70 70 70 73 73 73 73 68 68 68 68 76 0 72 71 73 72 73 72 73 79 97 88 95 116 114 123 100 110 95 101 95 114 106 87 83 65 112 53 73 52 59 0 0 0 0 76 31 55 54 96 62 85 68 65 58 55 26 44 64 29 62 37 61 56 31 43 64 50 38 52 29 31 48 26 50 27 71 74 61 30 58 72 60 52 -128 -128 76 3 24 0 27 36 38 41 26 93 53 45 56 21 68 73 64 0 38 39 30 0 0 67 16 0 49 31 14 0 53 42 66 43 39 52 94 61 42 19 0 0 82 84 79 0 107 82 81 100 32 2 25 26 41 22 36 43 64 44 37 71 18 39 26 0 1 64 74 31 3 13 58 54 49 18 0 43 25 32 56 25 29 70 50 0 43 20 32 61 33 24 61 62 62 35 64 9 61 21 79 37 72 32 70 95 58 32 96 53 55 101 59 100 52 105 78 100 101 97 105 95 96 105 120 120 94 116 82 89 87 84 90 0 105 100 91 101 102 116 78 90 105 85 64 0 0 50 93 113 119 49 127 61 104 77 52 62 118 60 73 81 119 99 96 114 24 95 79 102 114 48 105 65 106 76 0 119 65 127 117 96 70 111 55 44 96 59 30 33 60 21 16 18 18 22 20 22 27 35 25 26 29 25 29 16 13 13 29 70 60 90 1 81 101 76 70 45 72 77 100 78 95 82 113 49 56 30 13 26 35 31 53 29 -128 -128 -128 30 27 30 27 14 20 4 27 22 48 111 67 94 54 36 41 50 37 49 84 100 70 94 81 114 60 85 95 71 42 25 0 88 116 85 96 89 96 14 127 87 0 47 -100 -128 -1 104 -1 -1 -1 -1 -1 -1 -1 -1 -1 -1 -1 -1 -1 -1 -1 -1 -1 -1 -1 -1 -1 -1 -1 -1 -1 -1 -1 -1 -1 -1 -1 -1 -1 -1 -1 -1 -1 -1 -1 -1 -1 -1 -44 -45 -41 -40 -47 -49 -41 -37 -36 -44 -14 -41 -20 -20 -16 -11 -1 -49 -17 -22 -13 -18 -34 -42 -53 -67 -68 -68 -79 -59 -53 -77 -97 -97 -100 -101 -93 -68 -77 -60 -60 -53 -53 -58 -64 -69 -61 -65 -63 -59 -60 -54
127 70 107 99 84 73 89 87 84 78 76 76 76 84 84 82 82 77 77 78 78 77 77 74 73 77 77 77 77 77 79 77 85 20 0 71 79 67 74 74 74 73 74 74 73 73 70 70 70 70 73 73 73 73 73 67 67 65 65 67 0 0 70 71 73 73 70 56 83 114 102 100 102 85 85 125 104 127 101 93 118 42 84 114 87 95 83 74 85 0 0 0 0 79 47 67 4 89 62 85 84 35 44 42 61 84 97 16 35 45 44 52 45 49 58 19 65 88 58 22 44 76 49 66 73 37 55 43 73 59 25 55 64 16 64 58 64 48 52 68 74 79 41 25 38 55 61 43 54 68 41 29 37 91 3 79 38 1 0 37 56 68 42 70 60 72 60 39 114 110 77 110 83 9 -128 89 91 67 60 36 87 74 97 102 64 71 60 20 9 50 67 37 36 79 56 52 30 62 70 36 0 33 72 24 67 41 60 19 15 6 64 0 62 22 42 15 22 38 44 35 59 49 37 36 19 36 65 13 12 58 52 32 59 74 52 19 15 76 10 58 43 33 72 76 91 64 39 81 77 39 64 108 111 93 97 93 95 108 112 105 97 82 95 95 93 0 77 93 30 99 88 94 105 70 85 56 76 72 48 0 49 56 67 97 100 119 113 56 66 47 65 61 72 112 102 61 97 108 104 116 119 26 127 118 114 0 127 78 125 96 108 106 105 83 111 87 104 87 72 112 43 21 13 37 44 15 15 15 10 18 24 20 31 71 20 25 26 20 21 24 20 21 13 38 0 0 0 70 41 72 25 64 30 81 127 84 110 76 85 65 49 43 10 22 10 10 36 39 25 -128 -45 14 22 32 30 26 35 43 14 13 64 100 74 43 78 35 31 35 0 58 74 107 87 112 114 71 73 71 56 76 48 18 78 101 95 58 122 127 42 7 58 118 0 -128 -128 -128 94 102 102 -1 -1 -1 -1 -1 -1 -1 -1 -1 -1 -1 -1 -1 -1 -1 -1 -1 -1 -1 -1 -1 -1 -1 -1 -1 -1 -1 -1 -1 -1 -1 -128 -1 -1 -1 -1 -1 -1 -1 -1 -1 -30 -44 -34 -39 -44 -49 -37 -37 -35 -36 -25 -39 -16 -17 -37 -14 -6 -1 -32 -9 -1 -112 -128 -8 -50 -64 -72 -73 -84 -73 -55 -75 -88 -94 -100 -103 -89 -65 -128 -65 -75 -63 -56 -56 -53 -50 -45 -46 -82 -56 -53 -58
87 91 81 88 90 97 102 95 77 82 90 88 89 94 85 82 78 77 77 76 76 76 76 76 76 76 76 76 76 76 76 81 65 65 50 73 78 74 74 74 73 71 73 73 73 73 70 70 68 68 68 68 68 68 68 68 68 68 72 68 85 0 0 0 78 0 0 87 73 89 91 74 76 79 82 82 89 122 108 120 0 120 105 112 101 79 78 127 84 0 0 0 0 43 0 0 0 0 44 95 42 38 42 68 61 83 16 52 55 43 38 27 30 36 47 70 74 72 30 67 38 55 76 39 44 48 33 0 49 60 96 22 62 64 47 64 65 82 68 66 54 35 39 31 64 78 52 27 45 31 18 70 65 21 54 26 74 74 62 43 85 12 25 37 8 4 89 99 89 96 94 116 97 -41 108 47 31 29 44 84 90 89 102 96 39 26 36 4 71 74 45 88 39 26 65 44 67 55 49 84 0 27 15 84 74 43 48 20 30 44 10 67 50 58 65 35 66 56 18 0 50 52 38 21 53 52 38 37 16 29 64 47 24 54 64 72 20 15 3 89 95 50 41 101 48 43 48 36 58 61 104 82 105 100 100 106 105 113 85 101 95 88 79 94 85 76 94 110 0 97 91 99 78 91 110 87 116 91 0 96 72 102 114 100 106 67 94 89 119 108 89 94 119 102 113 119 84 61 105 77 56 0 90 68 0 68 107 112 85 99 64 106 111 102 76 82 91 72 119 94 41 38 15 12 21 10 14 16 16 22 14 2 14 18 12 22 10 14 30 16 19 25 65 87 67 82 1 101 60 76 65 104 79 71 72 123 0 127 62 22 8 21 38 39 10 26 35 36 38 13 3 26 27 24 27 21 43 67 76 31 82 74 59 41 35 54 50 70 0 118 97 65 97 120 90 76 123 60 74 96 37 68 87 93 49 93 62 96 71 65 99 43 -44 -128 -128 -28 -1 -1 -1 -1 -1 -1 -1 -1 -1 -1 -1 -1 -1 -1 -1 -1 -1 -1 -1 -1 -1 -1 -1 -1 -1 -1 -1 -1 -1 -1 -1 -1 -1 -1 -1 -1 -1 -1 -1 -1 -1 -1 -9 -37 -25 -20 -46 -49 -55 -37 -37 -36 -36 -37 -28 -20 -36 -20 -13 -11 -6 -8 -7 -1 -119 24 -11 -35 -61 -74 -74 -82 -59 -72 -60 -94 -70 -100 -93 -94 -81 -72 -111 -81 -78 -78 -72 -77 -84 -53 -50 -47 -40 -56 -27 -41
127 88 90 93 97 95 111 89 88 95 100 94 99 102 83 87 82 78 78 76 76 74 74 76 76 74 74 74 76 76 76 76 68 87 0 60 76 70 74 74 73 72 73 73 73 73 70 70 68 68 68 68 68 68 68 68 68 68 68 70 64 73 68 0 0 0 0 0 0 82 82 99 0 74 74 79 85 94 94 106 94 84 116 118 107 76 85 91 111 65 0 0 55 0 0 0 78 0 0 83 78 64 31 36 32 74 25 70 52 49 47 58 59 53 56 73 19 48 49 44 44 59 62 42 60 64 45 62 64 62 68 42 105 49 53 72 77 70 84 79 72 38 48 47 67 41 20 55 65 64 13 60 74 61 37 47 56 50 16 35 19 24 12 50 24 47 97 84 89 93 96 99 0 119 102 122 107 96 55 95 93 88 100 39 35 18 12 14 56 55 41 41 15 64 42 33 2 55 26 67 58 24 29 2 19 26 52 22 53 41 31 -122 43 24 61 26 45 49 25 54 26 58 53 55 16 58 32 32 61 20 58 72 50 29 32 39 22 62 33 58 100 84 52 38 81 88 53 38 64 67 94 65 102 94 117 106 100 78 88 102 97 96 87 81 85 0 94 99 88 0 84 49 89 81 100 74 91 72 73 29 101 94 122 123 78 111 125 88 89 100 96 123 127 113 99 52 112 106 90 82 106 82 0 97 0 77 117 97 113 101 89 117 77 117 82 82 61 110 108 78 116 67 29 22 16 14 18 15 15 8 39 -122 43 31 29 31 33 0 30 14 22 20 49 71 38 70 78 4 20 73 76 108 72 70 101 112 72 104 111 21 14 7 14 42 0 27 25 35 38 32 26 24 26 19 13 27 45 62 44 22 36 30 71 27 19 27 39 36 64 20 116 89 102 54 107 120 119 83 73 107 30 102 64 0 61 48 39 74 0 12 27 42 0 -1 18 -1 74 -1 -1 -1 -1 -1 -1 -1 -1 -1 -1 -1 -1 -1 -1 -1 -1 -1 -1 -1 -1 -1 -1 -1 -1 -1 -1 -1 -1 -1 -1 -1 -1 -1 -1 -1 -1 -1 -1 -1 -1 -1 -1 -28 -30 -16 -46 -49 -50 -41 -39 -28 -26 -31 -34 -18 -31 -27 -11 -13 -1 -11 -1 -81 -128 37 -73 -36 -44 -65 -73 -70 -59 -75 -60 -79 -96 -101 -96 -88 -75 -72 -70 -69 -74 -77 -77 -72 -89 -73 -75 -55 -55 -64 -49 -87
89 96 96 101 104 106 90 94 99 106 104 102 102 101 95 82 83 84 84 81 81 78 76 76 74 72 73 73 74 76 76 88 0 71 26 66 74 74 74 74 73 73 73 73 73 73 70 70 68 68 68 68 68 68 68 68 67 67 62 62 65 65 68 26 0 71 78 0 0 0 0 0 0 107 84 94 97 93 113 102 62 87 96 88 106 99 108 120 119 95 58 85 90 12 7 89 55 50 0 0 20 12 66 35 31 39 49 81 81 66 65 30 76 55 54 42 54 78 24 20 14 26 33 61 29 62 42 0 53 50 64 78 38 66 44 58 72 56 68 30 53 73 60 65 16 59 70 56 53 45 16 62 16 37 49 45 48 60 67 43 45 27 10 88 104 85 108 97 95 113 91 -128 127 0 108 100 96 97 102 97 97 106 93 73 38 9 54 0 0 1 32 25 66 35 31 6 79 60 61 47 8 83 0 33 29 73 33 68 47 3 0 26 65 41 47 14 41 65 42 0 16 55 26 29 13 30 12 37 25 33 71 27 20 30 55 15 84 22 15 37 100 53 106 62 97 56 82 84 87 71 127 101 117 100 104 99 105 97 87 90 88 94 93 87 84 88 91 79 81 47 0 0 88 68 64 81 4 59 85 97 124 104 112 116 88 110 112 0 37 105 62 77 88 78 125 119 127 93 96 94 119 104 16 54 83 112 91 71 114 101 104 108 107 87 81 107 95 100 87 94 88 58 43 15 12 13 19 22 0 0 0 -128 30 15 0 19 -128 26 19 18 16 27 61 49 100 65 64 52 13 89 119 62 118 91 127 84 41 67 30 15 13 16 48 18 24 26 27 26 44 20 36 27 20 14 20 16 6 21 19 13 27 43 24 18 30 31 56 68 100 29 2 0 60 127 64 90 100 94 87 70 108 120 87 76 125 89 110 52 -128 -128 -128 -114 66 -128 87 104 -1 -1 -1 -1 -1 -1 -1 -1 -1 -1 -1 -1 -1 -1 -1 -1 -1 -1 -1 -1 -1 -1 -1 -1 -1 -1 -1 -1 -1 -1 -1 -1 -1 -1 -128 -1 -1 -1 -1 -1 -1 -1 -18 -36 -31 -30 -54 -47 -47 -37 -39 -31 -42 -18 -17 -41 -20 -16 -9 -7 -1 -1 -21 0 -47 -14 -45 -41 -59 -64 -74 -58 -86 -84 -79 -93 -77 -97 -77 -72 -74 -72 -103 -69 -74 -75 -73 -72 -87 -81 -84 -63 -77 -59 -32 -67
127 99 104 107 111 95 102 106 116 110 114 107 107 112 100 97 96 87 87 84 82 76 78 74 74 73 74 76 73 76 76 76 81 89 74 0 70 68 74 74 73 73 73 73 73 73 70 70 68 68 68 68 68 68 68 68 68 67 67 68 68 66 66 76 58 56 66 62 81 0 0 72 83 0 25 99 100 127 123 112 0 108 90 90 113 99 100 96 113 114 68 78 105 100 101 85 101 61 105 73 0 54 0 13 31 39 74 81 59 85 74 64 56 0 0 0 66 58 27 62 65 66 19 12 50 0 0 0 0 0 58 58 32 22 14 12 27 44 52 20 19 14 55 30 41 76 27 35 29 16 15 42 8 26 26 53 19 45 64 70 27 35 32 79 76 91 82 104 88 83 101 127 -37 -81 123 123 95 85 85 95 97 111 91 107 66 64 95 100 70 71 71 44 48 79 30 49 49 52 83 22 31 44 39 56 58 39 47 43 85 25 0 -115 47 29 12 21 54 68 24 53 66 33 21 47 18 0 50 12 64 24 47 55 21 31 68 29 27 70 43 76 68 66 71 81 58 74 96 67 64 93 47 81 117 101 79 74 97 100 85 90 84 94 89 90 85 0 84 87 88 78 91 90 0 70 91 36 76 81 77 90 112 83 119 106 120 123 84 0 78 45 36 44 102 41 36 2 91 93 108 108 101 95 72 120 0 91 116 124 124 96 95 12 127 107 107 81 113 96 99 58 74 41 25 21 13 25 21 24 12 4 -92 -128 -128 -128 -30 -128 -93 -120 24 20 15 25 33 22 33 50 54 31 59 0 97 108 62 59 113 76 74 24 81 20 20 13 13 18 0 21 30 41 32 35 27 27 24 19 20 7 10 3 9 8 18 25 14 15 48 58 85 85 0 102 118 83 0 85 89 97 101 89 99 62 105 79 67 83 114 104 117 70 83 39 79 21 117 -35 -128 -1 110 -1 -1 -1 -1 -1 -1 -1 -1 -1 -1 -1 -1 -1 -1 -1 -1 -1 -1 -1 -1 -1 -1 -1 -1 -1 -1 -1 -1 -1 -1 -1 -1 -1 -1 -1 -1 -1 -1 -1 -1 -1 -17 -40 -46 -44 -41 -44 -45 -45 -34 -59 -42 -13 -35 -45 -18 -17 -12 -6 -9 -14 -3 -128 -92 -4 -42 -37 -54 -64 -59 -70 -75 -86 -93 -94 -75 -110 -91 -72 -73 -74 -75 -128 -74 -74 -74 -74 -82 -82 -79 -75 -89 -81 -47 -78
96 108 108 119 95 100 104 118 118 112 96 110 94 90 91 88 90 90 90 85 79 77 76 74 77 76 76 72 74 73 73 64 58 78 60 35 65 73 73 73 73 73 73 73 73 73 68 68 68 68 68 68 68 68 66 66 66 65 64 62 61 61 61 61 61 62 62 67 67 66 66 72 78 0 0 0 90 104 118 122 96 107 85 83 87 100 111 114 78 100 79 105 66 85 48 74 55 82 72 65 0 0 0 0 33 70 0 0 0 0 0 0 0 0 0 0 60 76 30 83 73 124 0 0 0 39 85 96 67 0 0 43 82 89 70 31 72 65 33 31 19 54 83 67 70 48 52 58 7 61 67 60 61 70 10 62 29 90 81 97 106 87 95 94 90 85 107 114 105 101 114 84 111 0 102 97 112 96 107 106 95 85 113 117 94 105 105 22 44 25 66 16 65 44 74 14 22 27 36 58 54 0 16 66 42 62 13 1 2 0 30 2 45 6 79 71 47 29 10 66 37 35 37 7 14 26 31 73 29 27 67 19 47 65 12 21 20 70 45 0 78 72 70 35 44 107 81 90 78 62 52 96 93 82 104 108 96 83 104 84 94 100 89 74 85 79 102 106 82 99 100 0 61 36 6 7 90 106 114 100 105 78 104 125 105 113 77 0 56 111 0 84 0 82 85 29 108 71 118 113 97 101 104 81 74 82 101 84 90 111 78 127 56 89 76 111 108 67 89 94 30 44 33 12 26 21 12 9 18 0 35 -128 0 0 0 21 26 14 18 37 50 39 35 19 33 55 59 85 18 72 123 100 101 113 62 38 36 26 30 19 7 7 7 22 26 25 29 30 21 24 22 25 38 14 20 14 19 8 21 22 31 26 43 79 84 64 107 110 0 112 93 9 73 56 97 93 116 116 111 93 94 127 96 1 81 107 73 45 0 65 0 -1 -1 -1 -1 -1 -1 -1 -1 -1 -1 -1 -1 -1 -1 -1 -1 -1 -1 -1 -1 -1 -1 -1 -1 -1 -1 -1 -1 -1 -1 -1 -1 -1 -1 -1 -1 -1 -1 -1 -1 -1 -1 -1 -1 -1 -2 -18 -44 -42 -39 -44 -55 -50 -41 -42 -31 -36 -32 -32 -35 -70 -44 -27 -14 -14 -3 -17 -41 -91 -31 -42 -40 -50 -65 -69 -68 -75 -96 -64 -97 -105 -97 -94 -68 -78 -78 -69 -72 -128 -68 -72 -73 -74 -82 -77 -79 -74 -79 -84 -84 -88
127 102 113 119 123 96 111 113 114 118 102 105 102 87 91 91 88 81 81 79 81 76 77 76 76 76 76 76 73 74 73 73 0 81 64 67 52 78 73 73 73 73 73 73 73 73 68 68 68 68 68 68 68 68 68 66 66 66 64 64 61 61 61 61 61 61 64 66 66 66 66 74 71 73 78 6 0 84 94 113 93 127 91 96 96 87 93 93 125 106 71 89 105 70 99 58 61 91 85 60 52 33 0 0 0 0 0 8 0 0 0 76 62 64 71 100 0 52 38 70 18 31 0 0 47 66 81 0 72 72 0 24 52 30 45 29 32 20 22 60 53 61 59 60 54 35 76 73 56 47 24 49 32 24 19 42 8 101 88 79 101 90 85 85 96 110 113 97 117 84 94 114 127 35 127 107 102 89 88 113 107 91 110 97 93 108 107 104 29 38 45 20 44 31 15 59 30 65 33 45 26 54 0 47 14 55 36 -128 26 0 64 -119 53 0 52 37 0 56 44 53 56 33 54 65 62 66 53 10 48 36 61 21 42 15 45 53 9 33 58 41 14 78 55 65 78 84 61 54 97 85 54 59 62 94 127 106 112 102 96 91 96 93 100 96 99 0 72 79 71 78 78 89 0 0 37 68 85 94 94 87 107 93 81 104 108 41 66 81 8 104 68 36 60 77 79 90 81 93 104 107 78 95 107 113 0 94 73 97 123 93 127 0 96 111 112 94 74 84 74 61 41 47 35 13 18 31 20 9 21 15 33 6 0 26 16 9 25 27 12 32 31 31 65 55 33 41 70 113 42 73 108 56 110 85 60 58 49 0 32 15 6 21 21 22 22 25 22 20 24 25 26 27 21 22 9 19 22 19 25 53 60 56 37 36 113 91 110 96 0 68 100 116 0 70 84 94 102 95 68 73 113 89 110 91 71 81 74 74 18 4 -78 10 110 -1 -1 -1 -1 -1 -1 -1 -1 -1 -1 -1 -1 -1 -1 -1 -1 -1 -1 -1 -1 -1 -1 -1 -1 -1 -1 -1 -1 -1 -1 -1 -1 -1 -1 -1 -1 -1 -1 -128 -1 -1 -1 -1 -2 -23 -21 -45 -54 -50 -58 -45 -46 -36 -28 -39 -42 -20 -51 -60 -8 -35 -17 -25 -18 -4 -39 -1 -1 -36 -32 -51 -64 -72 -61 -81 -88 -69 -94 -96 -94 -82 -70 -72 -81 -74 -75 -53 -61 -73 -78 -65 -68 -69 -84 -82 -78 -79 -67 -69
99 111 114 119 94 111 114 113 119 105 108 104 88 90 93 89 87 83 83 83 82 76 77 78 76 76 76 76 73 73 73 0 61 78 61 47 0 73 73 73 73 73 73 73 73 73 68 68 68 68 68 68 68 68 66 66 66 65 64 62 61 61 61 61 61 62 62 65 65 66 66 67 67 72 71 62 0 76 81 0 114 113 106 106 96 101 120 116 95 77 94 108 76 110 47 93 88 81 91 76 61 62 96 84 78 60 67 95 60 0 61 90 66 47 87 10 0 26 60 33 33 0 65 64 68 64 82 56 61 0 0 0 0 0 50 72 44 24 22 64 66 33 72 24 49 65 65 65 74 83 70 76 2 32 70 9 108 108 99 110 95 114 113 78 102 97 113 123 97 122 122 125 84 -1 116 100 99 85 105 102 104 117 114 127 108 96 35 8 68 20 39 60 45 16 65 33 44 60 58 72 67 62 22 0 42 41 0 39 0 0 21 49 12 76 16 39 0 14 47 61 29 54 25 7 9 44 77 54 25 20 59 14 55 25 55 59 64 65 9 27 65 42 39 33 72 61 29 32 68 33 55 87 64 122 85 123 116 106 81 99 99 96 94 88 59 77 71 72 65 0 55 10 -128 0 88 0 1 88 110 116 106 100 112 0 0 25 79 0 73 112 110 65 101 95 61 0 112 64 67 72 107 101 90 91 55 116 84 90 50 111 104 68 101 83 110 72 59 68 71 99 99 64 29 32 37 52 32 39 35 39 27 0 14 41 27 26 25 18 54 41 50 30 35 47 53 88 81 59 64 0 107 113 48 90 29 29 27 32 9 14 25 33 14 21 13 25 24 29 3 14 15 8 37 22 16 14 14 25 49 72 65 76 88 70 105 65 9 73 94 60 68 91 0 122 82 97 45 91 111 127 61 125 72 9 93 99 106 77 2 14 -7 56 -28 -1 -1 -1 -1 -1 -1 -1 -1 -1 -1 -1 -1 -1 -1 -1 -1 -1 -1 -1 -1 -1 -1 -1 -1 -1 -1 -1 -1 -1 -1 -1 -1 -1 -1 -1 -1 -1 -1 -27 -1 -1 -1 -1 -22 -42 -31 -42 -45 -55 -39 -37 -36 -36 -65 -53 -14 -51 -63 -21 -44 -13 -18 -18 -3 -53 -128 -55 -3 -41 -42 -56 -65 -56 -78 -83 -79 -88 -102 -84 -92 -75 -69 -72 -98 -72 -68 -79 -88 -70 -69 -60 -68 -77 -79 -64 -67 -64 -55 -55
127 108 117 123 93 108 117 117 119 112 107 99 95 93 90 88 88 84 82 82 82 78 78 79 77 76 76 76 73 73 71 60 78 79 72 68 70 58 73 73 73 73 73 73 73 73 68 68 68 68 68 68 68 68 68 66 66 65 65 61 61 61 61 61 61 62 62 65 65 66 66 64 64 65 65 72 0 64 74 67 73 84 117 113 96 94 112 94 117 107 106 102 111 79 70 78 81 82 110 56 66 73 78 78 101 66 56 94 60 0 66 97 73 45 72 32 0 24 39 16 0 0 56 52 67 62 94 58 94 68 83 14 0 0 0 0 27 31 0 0 59 82 60 22 76 42 54 32 27 29 25 25 21 15 21 91 96 88 108 110 106 111 127 107 93 112 85 82 111 105 108 114 101 38 -128 108 112 99 94 127 85 104 111 105 99 104 45 54 68 62 54 81 29 53 62 25 25 3 24 59 29 30 38 64 0 78 56 0 37 25 42 -114 27 60 45 76 19 0 56 0 56 25 59 32 36 29 45 10 47 22 16 54 66 48 22 25 62 32 35 60 25 62 25 48 73 97 48 44 78 43 73 66 125 100 68 108 105 127 114 100 95 91 74 91 82 0 96 54 82 70 71 66 64 0 83 93 88 53 83 0 102 85 61 2 45 104 0 94 53 105 120 89 90 66 124 105 16 81 96 117 84 110 119 100 52 87 76 74 102 111 93 0 104 118 101 102 73 37 72 117 76 45 66 66 72 66 58 54 29 32 10 16 0 21 27 24 26 18 21 31 33 20 33 27 42 105 53 48 77 101 0 88 74 36 29 22 24 0 15 15 9 27 19 12 10 24 21 25 20 14 10 14 29 31 12 38 43 35 50 81 110 68 104 101 35 4 24 112 88 102 66 95 91 0 72 49 83 96 120 84 114 68 79 62 45 79 76 31 0 0 1 -1 87 -1 -1 -1 -1 -1 -1 -1 -1 -1 -1 -1 -1 -1 -1 -1 -1 -1 -1 -1 -1 -1 -1 -1 -1 -1 -1 -1 -1 -1 -1 -1 -1 -1 -1 -1 -1 -1 -1 -8 -1 -1 -4 -11 -16 -41 -34 -51 -53 -56 -32 -32 -40 -41 -42 -34 -25 -35 -46 -23 -1 -13 -13 -7 -13 -1 20 -1 -1 -39 -47 -58 -63 -59 -73 -81 -91 -74 -103 -88 -86 -79 -70 -74 -94 -78 -72 -74 -128 -84 -75 -65 -72 -70 -77 -64 -68 -63 -63 -63
102 113 117 111 107 114 117 120 122 116 94 96 93 91 90 90 90 83 82 82 82 78 78 78 77 76 76 74 74 77 73 62 70 72 73 65 0 73 73 73 73 73 73 73 73 73 68 68 68 68 68 68 68 68 66 66 65 65 61 61 61 61 61 61 61 62 62 65 65 64 64 64 64 65 65 0 0 71 66 33 68 73 78 94 97 94 104 99 108 123 91 113 78 100 65 83 87 87 61 122 122 79 101 65 76 67 61 81 0 54 71 72 84 66 54 0 15 55 0 0 27 84 84 65 70 70 3 65 76 101 84 82 71 62 10 0 0 0 0 0 37 66 42 30 26 47 48 56 74 56 70 74 31 52 90 94 85 85 89 93 101 102 93 110 107 94 102 94 91 105 127 106 120 -1 124 118 105 96 110 99 89 119 93 88 82 58 61 21 55 22 41 45 22 71 60 58 14 59 31 37 33 22 48 39 12 42 0 0 53 0 15 0 22 59 20 10 0 7 66 68 30 27 56 65 35 55 43 18 49 54 77 64 30 25 8 24 66 16 54 65 61 64 37 96 64 82 9 79 39 70 108 65 101 100 91 88 127 93 91 105 84 0 101 85 21 0 0 30 55 85 112 61 59 61 29 105 0 108 44 0 106 97 122 97 124 102 58 122 99 72 106 95 111 95 78 0 44 58 82 100 97 114 116 87 2 76 61 89 110 85 102 76 90 48 96 56 90 76 96 77 96 93 84 97 84 67 38 30 31 48 21 42 37 18 22 19 22 18 31 25 12 21 24 35 87 76 48 55 105 38 77 87 42 26 24 21 14 22 14 13 9 15 16 18 21 21 15 14 15 21 15 13 12 20 24 45 97 107 101 93 0 48 87 0 111 102 91 118 74 61 95 114 107 0 106 106 88 93 101 47 0 74 50 89 111 105 84 13 35 0 -65 -1 -1 -1 -1 -1 -1 -1 -1 -1 -1 -1 -1 -1 -1 -1 -1 -1 -1 -1 -1 -1 -1 -1 -1 -1 -1 -1 -1 -1 -1 -1 -1 -1 -1 -1 -1 -1 -1 -1 -1 -124 -1 -1 -34 -44 -49 -41 -44 -55 -49 -47 -49 -45 -22 -42 -41 -11 -102 -1 -1 -14 -1 -1 -1 -2 81 -30 -125 -17 -36 -45 -60 -56 -63 -77 -86 -93 -72 -98 -79 -92 -78 -77 -69 -77 -63 -78 -72 -74 -105 -81 -70 -65 -69 -70 -70 -69 -64 -60 -65 -56
127 112 118 114 102 111 117 119 125 114 105 101 99 94 94 96 95 85 85 84 84 82 81 79 76 77 76 72 73 77 79 48 73 73 70 77 52 0 99 94 77 61 73 73 73 73 68 68 68 68 67 67 67 68 68 66 66 65 65 61 61 61 61 61 61 61 61 61 61 61 61 61 61 61 61 48 45 0 0 0 64 64 71 72 66 90 113 127 105 119 97 122 70 73 83 96 118 105 66 105 94 99 114 76 67 52 122 61 0 65 83 62 83 58 68 0 48 7 0 30 67 61 60 62 79 76 59 67 66 83 68 65 78 55 76 65 30 38 84 53 0 0 0 73 38 52 67 71 16 70 62 37 94 93 100 88 105 123 90 93 95 117 97 94 100 108 108 123 105 110 110 127 118 0 114 97 127 113 114 111 114 119 117 104 32 19 13 54 111 22 37 52 66 16 58 64 0 0 0 73 21 74 54 48 18 0 21 53 -124 9 73 45 83 48 0 0 49 50 0 0 20 22 37 29 30 52 65 26 54 41 21 58 19 61 31 55 38 64 36 48 62 66 41 79 32 82 67 22 58 79 19 89 112 97 85 37 89 95 10 1 77 37 70 77 87 0 110 112 117 112 110 122 66 117 127 0 84 0 106 0 0 83 0 79 83 74 88 101 112 112 77 64 110 110 89 107 117 96 0 99 93 82 113 106 84 81 104 91 122 113 122 19 110 53 56 39 84 85 108 112 99 110 73 58 42 36 55 68 65 59 81 39 47 45 25 19 18 14 19 3 7 13 8 25 70 35 44 53 81 0 56 36 36 21 47 29 26 25 24 15 15 16 25 30 26 19 16 22 22 7 24 30 21 26 33 47 105 106 88 0 56 125 0 0 62 84 119 118 91 88 88 89 97 89 0 84 102 117 105 101 70 0 99 112 0 99 66 47 0 104 -103 -1 -1 -1 -1 -1 -1 -1 -1 -1 -1 -1 -1 -1 -1 -1 -1 -1 -1 -1 -1 -1 -1 -1 -1 -1 -1 -1 -1 -1 -1 -1 -1 -1 -1 -1 -1 -1 -1 -1 -1 -1 -54 -23 -35 -42 -37 -42 -58 -55 -53 -44 -60 -30 -46 -40 -31 -20 -16 -65 -20 -27 -21 -1 -31 -23 -1 -1 -128 -31 -42 -50 -61 -65 -67 -84 -88 -92 -75 -101 -98 -97 -83 -75 -73 -70 -78 -75 -75 -75 -75 -73 -74 -64 -72 -69 -68 -65 -63 -58 -51 -63
110 122 116 95 107 117 122 123 123 119 106 105 96 96 96 95 93 87 82 84 84 82 82 77 73 74 73 77 74 68 0 73 73 66 73 68 88 0 55 59 71 83 73 73 73 73 68 68 68 68 67 67 68 68 66 66 65 65 61 61 61 61 61 61 61 61 61 61 61 61 61 61 61 61 61 72 53 58 0 77 61 67 67 66 74 79 97 119 101 111 79 101 111 90 97 125 82 105 59 91 127 122 95 89 97 83 65 0 26 53 50 74 100 99 0 19 30 0 60 52 73 58 79 53 77 78 0 93 77 66 68 79 73 66 87 64 43 105 82 83 78 0 19 12 48 42 66 73 67 56 38 38 91 89 93 77 114 120 110 111 116 106 104 112 106 120 106 88 90 112 127 106 102 90 127 85 97 97 97 108 88 100 106 110 120 29 102 94 66 10 21 1 82 20 62 0 37 27 0 0 0 2 52 37 43 79 0 20 62 24 24 -128 42 1 8 10 72 22 15 66 66 44 19 60 37 22 21 53 61 41 39 50 15 35 62 49 88 99 33 85 68 12 68 83 20 53 60 30 77 9 52 90 53 117 -128 0 0 85 25 0 104 71 111 93 85 79 91 104 101 118 85 0 0 1 90 74 1 0 7 9 95 9 74 91 89 99 67 110 117 91 106 97 112 60 102 125 89 93 47 16 81 76 114 25 0 95 127 118 76 105 102 96 64 82 47 45 64 111 101 62 99 68 36 58 59 108 56 72 65 96 49 41 43 24 21 10 16 9 0 15 13 13 25 45 49 32 60 74 0 44 54 41 39 33 66 39 62 0 14 16 12 19 25 15 16 14 13 29 12 16 15 16 12 25 47 96 68 70 8 77 120 91 79 55 71 64 108 71 81 91 120 65 127 64 55 110 112 72 1 0 82 0 96 79 127 73 0 0 120 0 -1 104 -1 -1 -1 -1 -1 -1 -1 -1 -1 -1 -1 -1 -1 -1 -1 -1 -1 -1 -1 -1 -1 -1 -1 -1 -1 -1 -1 -1 -1 -1 -1 -1 -1 -1 -1 -1 -1 -1 -32 -1 -11 -42 -27 -20 -27 -60 -51 -54 -53 -51 -42 -47 -46 -26 -46 -44 -14 -26 -37 -34 -7 -1 -1 -8 -1 -42 -41 -45 -56 -63 -65 -64 -82 -87 -91 -72 -105 -100 -97 -70 -89 -74 -77 -70 -70 -78 -75 -74 -79 -84 -72 -65 -72 -67 -64 -65 -58 -59 -65 -47
127 114 120 116 107 114 120 119 124 113 110 102 101 99 99 99 93 84 85 84 84 82 83 83 76 77 78 78 76 77 67 76 73 73 70 77 78 88 45 0 0 67 73 73 73 73 68 68 68 68 67 67 67 68 68 66 66 65 65 61 61 61 61 61 61 61 61 61 61 61 61 61 61 61 61 56 65 59 43 0 0 73 65 61 67 73 76 84 96 110 124 108 73 101 127 112 104 113 87 95 96 116 100 101 100 93 74 0 0 61 68 82 65 87 50 0 0 0 0 79 66 55 90 68 77 88 0 56 56 73 66 55 68 55 76 73 58 62 52 81 70 0 0 4 72 27 18 65 76 91 43 102 87 96 89 89 106 107 113 122 105 114 111 96 107 104 104 113 106 119 123 127 119 -128 0 -128 97 117 64 88 96 44 87 111 102 101 100 96 105 96 105 48 122 76 44 0 0 82 0 0 0 0 30 79 0 0 25 29 2 18 37 4 47 22 53 67 58 15 24 0 4 9 60 73 8 47 22 12 76 0 10 32 54 32 54 30 62 77 24 93 70 9 59 53 79 52 27 24 72 48 31 105 59 83 0 93 102 82 7 96 113 117 117 94 82 0 114 112 107 124 122 0 108 100 97 78 118 6 78 66 8 0 82 82 67 76 47 120 107 94 119 85 101 93 106 111 79 117 1 0 0 72 100 0 100 93 127 100 107 96 93 67 58 78 21 66 114 119 111 88 83 44 104 105 117 97 84 58 112 99 85 67 55 25 15 39 29 25 25 30 19 16 21 65 25 21 54 61 0 79 71 95 59 47 26 74 31 36 25 8 12 14 22 36 64 37 33 9 15 10 21 15 14 15 29 59 65 90 32 93 81 125 76 91 85 81 120 73 93 102 108 114 101 43 0 20 0 72 0 104 72 118 0 106 0 13 45 -128 0 0 -1 107 -1 -1 -1 -1 -1 -1 -1 -1 -1 -1 -1 -1 -1 -1 -1 -1 -1 -1 -1 -1 -1 -1 -1 -1 -1 -1 -1 -1 -1 -1 -1 -1 -1 -1 -1 -1 -1 -1 -1 -7 -122 -41 -4 -1 -12 -63 -50 -50 -67 -50 -49 -51 -26 -23 -23 -45 -53 -22 -35 -34 -22 -1 -1 -13 -18 -41 -41 -50 -64 -70 -59 -64 -84 -83 -98 -75 -100 -91 -100 -70 -77 -74 -75 -70 -68 -93 -78 -73 -96 -128 -77 -65 -67 -67 -65 -63 -58 -54 -44 -53
70 117 120 124 105 116 118 120 119 116 114 108 105 102 100 99 95 85 84 87 87 85 83 78 76 78 77 76 74 66 74 73 73 71 71 71 72 81 74 64 48 73 72 70 67 67 68 68 68 68 68 68 67 67 66 66 64 64 61 61 61 61 61 61 61 60 60 61 61 61 61 61 61 60 60 59 59 65 0 55 0 67 0 0 0 77 78 77 81 93 101 89 105 99 88 114 96 94 106 95 108 108 77 74 99 107 38 0 76 110 96 65 100 101 0 0 1 56 53 97 84 85 68 73 90 100 66 65 82 58 62 85 58 70 55 66 81 90 87 55 64 0 87 29 10 42 36 21 50 52 122 87 89 90 82 119 112 94 93 122 112 120 119 111 123 124 100 113 127 118 122 120 124 117 127 0 21 66 85 83 105 84 59 71 96 32 72 117 108 105 100 88 95 54 0 33 82 78 62 67 0 0 0 0 3 8 39 55 0 49 74 29 9 6 12 13 22 44 60 22 15 25 59 35 44 32 24 71 56 47 44 64 31 24 21 70 100 21 79 70 24 25 59 45 54 64 90 49 59 33 54 85 84 106 0 111 108 74 20 101 96 127 91 106 72 67 94 82 100 99 107 82 118 106 117 85 89 96 96 91 89 78 108 76 67 76 120 94 60 89 111 67 110 76 125 119 118 87 0 0 110 101 96 0 0 44 97 96 84 78 61 55 59 64 77 101 112 96 110 96 59 85 125 79 104 117 58 97 72 96 50 39 36 39 20 38 30 13 14 21 15 15 24 38 53 2 0 60 49 55 66 58 22 36 50 42 29 0 12 18 18 21 31 96 81 81 21 14 20 14 14 39 32 48 68 78 67 45 68 62 120 88 123 118 106 62 52 62 65 50 97 61 67 73 72 100 55 73 87 84 67 104 30 89 0 65 -128 0 -128 -74 -1 -1 -1 -1 -1 -1 -1 -1 -1 -1 -1 -1 -1 -1 -1 -1 -1 -1 -1 -1 -1 -1 -1 -1 -1 -1 -1 -1 -1 -1 -1 -1 -1 -1 -1 -1 -1 -1 -1 -1 -39 -25 -103 -6 -2 -18 -61 -50 -45 -59 -50 -45 -45 -30 -27 -32 -51 -37 -40 -26 -50 -37 -13 -1 -16 -23 -30 -51 -55 -67 -69 -49 -64 -82 -91 -92 -79 -98 -98 -98 -74 -74 -77 -68 -73 -72 -82 -74 -75 -74 -87 -108 -73 -70 -67 -67 -65 -59 -54 -55 -54 -126
127 102 0 67 94 113 117 118 123 117 117 108 108 107 101 96 93 88 88 85 89 84 83 84 77 79 78 76 74 77 0 68 72 72 72 68 66 68 74 73 76 70 61 61 67 67 68 68 68 68 68 68 68 67 67 66 66 64 64 61 61 61 61 61 61 60 60 61 61 60 60 60 60 60 60 59 59 59 62 55 0 0 0 0 0 0 73 72 72 70 84 96 116 122 89 116 118 122 90 106 110 119 67 102 100 113 104 0 64 76 88 78 89 112 50 0 0 76 82 70 54 100 73 95 73 90 61 78 73 97 88 89 55 68 62 96 62 65 89 67 87 0 93 114 49 65 95 81 106 100 89 84 90 101 99 101 85 105 104 118 114 105 100 116 96 112 101 125 127 127 127 118 125 124 89 54 -47 14 90 67 84 91 99 110 118 61 32 55 127 108 88 90 124 97 0 43 100 55 78 83 0 0 -93 0 85 -128 78 60 12 100 32 52 12 -112 35 12 47 16 70 0 0 30 47 42 60 10 45 21 62 18 26 64 68 49 21 73 38 48 45 70 87 89 60 33 70 29 29 37 56 49 62 97 81 70 113 -106 107 58 14 111 127 70 100 89 106 0 122 108 101 94 119 0 66 102 119 76 85 88 99 60 60 113 78 70 54 102 73 100 95 116 81 74 107 56 120 105 112 72 118 52 0 27 38 0 97 84 84 88 58 84 96 77 93 56 88 84 110 81 68 96 85 81 97 83 55 110 74 107 110 122 54 35 45 22 45 26 24 13 22 16 20 16 19 41 82 67 15 56 84 38 37 48 45 43 13 24 27 16 21 21 26 16 13 31 70 50 22 31 30 29 27 52 32 35 78 72 83 107 91 62 73 116 113 67 78 94 39 82 62 64 77 124 60 55 97 100 107 88 94 110 68 96 54 93 108 0 78 0 0 -8 -1 -1 97 -11 -1 -1 -1 -1 -1 -1 -1 97 -1 -1 -1 -1 -1 -1 -1 -1 -1 -1 -1 -1 -1 -1 -1 -1 -1 -1 -1 -1 -1 -1 -1 -1 -1 -1 -1 -1 -11 -47 -22 -47 -39 -44 -53 -45 -53 -56 -50 -44 -40 -44 -51 -36 -44 -45 -41 -46 -54 -44 -22 -8 -14 -31 -55 -59 -60 -68 -60 -44 -60 -82 -89 -100 -87 -101 -93 -94 -69 -81 -75 -73 -75 -73 -87 -96 -75 -75 -75 -64 -74 -78 -74 -65 -69 -63 -68 -124 -128 -47
117 116 125 117 16 13 108 112 127 119 114 102 102 101 100 100 94 95 93 94 90 85 83 82 82 77 77 76 76 85 67 74 72 73 73 72 72 70 70 70 70 70 87 78 59 81 68 68 67 67 66 66 66 66 65 65 64 64 61 61 61 61 59 59 59 59 59 59 59 59 59 59 59 60 58 58 58 68 0 55 62 60 60 60 26 0 64 53 70 77 79 77 89 102 120 88 93 93 89 124 106 87 83 95 114 96 0 21 73 122 118 105 118 0 0 1 70 73 53 87 66 102 87 65 89 26 74 84 81 89 82 87 93 74 65 73 90 87 70 113 0 83 102 82 78 100 104 110 100 91 104 107 105 107 111 102 94 104 102 117 107 99 108 122 95 106 127 123 122 123 114 107 13 127 88 76 -128 64 84 76 82 87 89 94 113 110 108 52 118 116 99 110 95 0 0 47 52 61 88 91 82 0 29 0 48 66 14 32 0 30 30 45 50 20 29 27 39 25 58 3 2 32 53 4 10 47 14 39 45 18 24 45 60 26 101 4 110 44 54 94 67 85 53 74 45 81 64 101 61 26 64 53 0 37 0 100 71 73 35 0 84 116 127 83 106 106 108 119 76 107 104 93 25 24 107 110 101 116 114 81 105 78 82 78 77 44 119 88 93 77 76 104 72 113 106 94 59 74 111 91 62 42 64 99 118 36 95 84 91 112 73 0 35 76 114 97 79 72 85 78 95 47 42 53 90 95 99 113 113 107 42 45 36 31 48 24 31 15 10 27 8 26 44 62 106 13 70 67 61 42 54 36 44 37 16 21 21 35 31 27 10 24 35 35 32 25 45 54 62 25 70 105 60 47 31 42 108 0 89 99 79 81 96 99 60 36 41 60 33 94 114 85 43 77 108 95 108 95 106 91 104 81 74 79 127 62 117 -128 -1 -1 -1 -28 -1 -1 -1 -1 -1 -1 -1 -1 -1 -1 -1 -1 96 -1 -1 -1 -1 -1 -1 -1 -1 -1 -1 -1 -1 -1 -1 -1 -1 -1 -1 -1 -1 -1 -1 -1 -1 -16 -39 -47 -87 -40 -46 -54 -47 -42 -54 -49 -51 -50 -53 -42 -37 -21 -9 -8 -11 -14 -26 -28 -13 -30 -47 -53 -63 -67 -61 -50 -50 -55 -79 -96 -92 -87 -97 -94 -97 -74 -73 -72 -72 -75 -75 -81 -79 -81 -74 -75 -91 -108 -68 -79 -72 -68 -128 -97 -58 -46 -37 -40
127 118 116 127 108 124 116 107 108 0 127 105 96 104 99 97 100 101 99 100 94 88 85 82 85 79 81 79 79 77 78 81 74 71 73 73 72 72 67 67 70 70 73 38 73 73 68 68 67 67 66 66 66 66 66 65 65 64 64 61 61 61 61 59 59 59 59 59 59 59 59 59 59 60 59 58 58 58 0 58 56 61 52 60 54 0 39 0 0 64 67 65 70 70 82 84 88 93 127 107 122 127 113 127 112 95 84 0 6 111 112 117 114 105 0 2 100 82 83 56 74 60 89 97 81 82 91 100 70 78 60 77 76 78 70 67 101 88 71 79 95 0 0 91 0 108 110 87 95 78 91 104 112 111 99 127 123 118 108 119 114 127 118 108 125 123 119 116 114 122 124 124 84 26 61 64 32 0 73 76 74 77 78 81 96 85 104 96 74 120 93 101 85 79 0 45 76 114 97 78 73 0 4 37 58 45 0 56 59 0 65 8 20 0 70 50 61 47 52 0 12 10 77 55 25 55 37 37 71 37 44 41 54 20 50 37 56 65 79 105 36 68 59 84 67 79 58 76 16 32 31 0 50 58 62 97 60 83 99 105 0 120 110 112 122 0 96 120 87 120 62 60 96 45 0 0 0 67 99 120 87 77 68 97 99 88 58 113 71 96 99 110 67 108 102 90 93 105 119 84 94 104 90 113 114 0 82 104 104 104 83 66 55 53 64 74 94 62 67 105 90 101 79 64 82 118 123 117 49 54 49 56 65 42 42 13 13 6 18 14 18 22 26 32 44 24 65 33 29 56 42 60 74 66 60 33 38 49 0 18 19 9 47 39 38 42 89 70 62 39 53 106 71 14 43 43 44 64 12 113 76 52 78 70 60 95 81 55 71 91 71 85 83 88 112 106 78 100 67 106 99 37 53 55 112 14 49 -128 48 -1 -8 -1 -1 -1 -1 -1 -1 -1 -1 -1 -1 -1 -1 -1 -1 -1 -1 -1 -1 -1 -1 -1 -1 -1 -1 -1 -1 -1 -1 -1 -1 -1 -1 -1 -1 -1 -1 -1 -1 -4 -26 -37 -37 -128 -54 -44 -45 -49 -55 -54 -51 -42 -32 -25 -54 -30 -13 -18 -16 -14 -20 -41 -17 -30 -51 -60 -60 -70 -55 -44 -65 -70 -86 -83 -88 -79 -101 -101 -96 -72 -73 -74 -73 -83 -73 -84 -77 -75 -70 -74 -98 -75 -128 -128 -81 -70 -74 -72 -69 -63 -49 -45
117 116 120 125 122 120 120 122 127 117 113 0 79 110 110 101 101 101 95 91 95 87 85 85 88 89 83 87 82 6 83 74 72 73 73 73 73 70 68 67 68 68 43 45 65 58 68 68 68 68 66 66 65 65 64 64 64 64 61 61 61 61 59 59 59 59 59 58 59 59 59 58 58 58 58 58 58 66 58 56 56 56 56 49 66 0 0 0 0 13 12 70 60 76 78 90 77 79 72 78 111 82 91 104 79 90 117 0 78 99 107 122 81 88 0 105 84 61 85 54 65 72 70 55 88 0 83 97 89 50 68 100 61 62 67 84 67 118 104 62 82 14 0 0 0 76 84 76 93 99 99 111 99 101 119 119 85 93 100 113 100 114 112 114 108 107 127 113 118 89 61 27 0 73 -78 0 59 72 72 72 74 76 81 83 97 117 101 99 83 54 58 79 0 0 0 64 65 90 62 68 120 0 0 0 39 44 0 78 15 48 33 36 71 0 77 58 61 54 7 0 9 54 66 25 64 61 56 21 79 60 27 31 73 88 68 81 26 31 55 74 85 43 55 22 54 43 52 95 97 47 1 83 116 111 74 112 106 87 100 77 101 100 120 107 119 1 19 111 100 114 83 67 72 67 107 111 15 65 85 76 76 116 99 71 94 123 104 107 68 65 93 83 112 87 78 120 108 108 96 100 81 91 122 105 99 38 106 87 94 73 84 0 36 43 62 64 85 47 93 124 117 81 66 53 83 122 120 50 32 42 44 30 58 32 12 3 16 26 21 19 13 18 19 27 27 16 29 35 48 68 95 108 114 107 58 60 62 65 26 44 33 41 45 53 44 73 47 79 88 56 102 90 22 39 55 43 48 39 30 95 93 71 35 100 116 112 62 84 95 106 66 43 66 101 104 84 88 55 90 104 85 35 45 74 111 -91 -128 66 89 -1 -1 -1 -1 -1 -1 -1 -1 -1 -1 -1 -1 -1 -1 -1 -1 -1 -1 -1 -1 -1 -1 -1 -1 -1 -1 -1 -1 -1 -1 -1 -1 -1 -1 -1 -1 -1 -1 -1 -1 -1 -36 -37 -40 -42 -55 -59 -55 -60 -55 -50 -42 -31 -22 -32 -22 -18 -13 -9 -1 -3 -26 -34 -27 -51 -54 -51 -70 -49 -42 -55 -79 -72 -74 -93 -83 -102 -94 -97 -70 -73 -73 -70 -75 -79 -97 -77 -50 -59 -67 -126 -128 -70 -70 -61 -81 -87 -81 -69 -68 -54 -45 -45
127 118 120 124 127 119 122 122 122 125 114 113 104 100 59 0 108 97 100 110 99 89 85 88 87 85 87 89 83 7 70 74 74 73 74 74 73 73 70 67 68 68 76 0 59 68 68 68 68 68 66 66 66 65 65 64 64 64 64 61 61 61 61 59 59 59 59 58 58 58 58 58 58 58 58 58 58 58 0 60 56 56 56 56 55 54 15 73 58 0 0 0 76 76 67 68 85 65 71 74 78 87 83 83 94 94 114 94 0 100 81 106 87 94 76 0 108 106 97 84 89 101 76 90 72 88 82 84 93 65 85 88 104 89 85 94 79 84 96 97 78 99 104 82 10 0 102 99 99 105 112 105 104 108 119 119 106 94 112 101 108 96 119 107 99 91 84 72 85 79 59 39 81 -87 -77 70 62 62 73 73 76 77 83 88 90 112 93 78 96 83 95 37 0 0 54 65 87 82 106 95 79 15 0 43 59 24 22 67 49 33 35 38 16 0 41 59 31 56 49 0 12 16 21 39 81 13 25 18 38 21 49 48 54 74 71 68 94 76 64 88 44 66 56 59 29 54 82 78 47 60 64 -128 6 54 70 83 53 101 105 0 65 72 101 100 110 0 119 0 0 123 123 95 90 112 83 107 83 0 125 107 90 106 96 87 68 77 82 112 67 108 73 110 79 104 85 105 105 88 99 99 66 96 88 97 90 0 100 99 68 55 49 52 62 58 99 82 61 58 95 78 112 97 83 64 65 104 74 68 48 60 37 32 38 41 20 25 30 19 19 20 21 20 16 19 21 0 39 37 74 72 95 89 77 89 53 65 31 26 0 21 32 33 55 35 38 53 55 49 116 56 105 93 39 31 67 49 42 47 0 117 125 116 58 45 96 71 79 83 77 72 67 72 97 117 73 67 84 78 82 82 106 100 48 73 44 39 -30 122 -1 -1 -1 -1 -1 -1 -1 -1 -1 -1 -1 -1 -1 -1 -1 -1 -1 -1 -1 -1 -1 -1 -1 -1 -1 -1 -1 -1 -1 -1 -1 -1 -1 -1 -1 -1 -1 -1 -1 -1 -1 -1 -12 -51 -28 -59 -54 -53 -47 -58 -64 -53 -50 -34 -25 -26 -21 -11 -7 -2 -2 -1 -1 -34 -56 -53 -51 -54 -67 -53 -49 -55 -81 -74 -82 -89 -97 -100 -102 -92 -70 -70 -73 -73 -74 -74 -58 -59 -63 -128 -88 -69 -73 -64 -65 -65 -86 -78 -75 -81 -61 -70 -55 -47
117 116 120 125 118 122 123 122 123 118 104 102 110 106 101 110 104 99 0 49 90 87 85 90 88 90 90 88 97 84 74 74 72 76 76 73 73 70 68 67 68 68 79 60 0 78 68 68 68 68 66 66 65 65 64 64 64 64 61 61 61 61 59 59 59 59 59 58 56 56 56 58 58 58 58 58 58 0 48 56 56 56 56 53 56 42 49 39 48 60 61 0 0 66 62 61 4 0 66 67 71 76 79 83 97 95 100 0 25 85 76 76 70 65 0 0 0 91 113 83 112 62 94 64 89 114 95 114 106 110 60 122 89 118 74 54 76 117 90 124 105 76 88 59 0 0 94 127 104 120 106 106 127 110 122 113 97 93 104 110 113 110 107 100 55 68 67 77 65 68 55 -128 -78 62 82 79 83 67 77 79 81 90 110 97 104 106 124 111 83 53 0 0 55 82 82 97 91 74 101 88 99 0 0 -128 20 41 0 61 39 43 55 50 64 0 58 39 42 50 16 0 7 7 73 73 0 10 31 31 56 56 26 42 30 64 37 20 102 65 49 108 68 101 45 54 67 48 65 78 52 22 90 -128 104 30 35 97 99 113 105 27 56 95 70 88 7 82 72 0 94 105 97 82 81 90 108 82 99 0 88 72 114 95 93 100 74 85 100 114 84 107 93 118 118 87 99 84 74 87 78 47 90 112 102 118 116 0 89 93 66 72 87 0 58 81 67 52 110 101 68 95 65 116 72 62 61 108 61 61 29 50 37 43 42 25 41 27 14 33 30 8 18 14 36 20 33 49 55 53 89 108 96 64 96 70 29 42 30 12 24 35 55 35 22 38 42 61 59 102 65 101 85 60 41 56 87 47 62 0 125 67 127 120 116 105 102 114 106 65 107 71 49 113 112 77 91 67 99 87 93 78 16 60 -128 -128 -119 0 -128 111 -1 -1 -1 -1 -1 -1 -1 -1 -1 -1 -1 -1 -1 -1 -1 -1 -1 -1 -1 -1 -1 -1 -1 -1 -1 -1 -1 -1 -1 -1 -1 -1 -1 -1 -1 -1 -1 -1 -1 -1 -1 -36 -59 -41 -46 -128 -59 -54 -60 -72 -45 -46 -44 -36 -16 -11 -11 -2 -1 -6 -1 -3 -1 -51 -32 -36 -47 -65 -64 -49 -42 -75 -78 -67 -92 -86 -105 -102 -78 -86 -73 -73 -73 -65 -128 -128 -65 -81 -60 -67 -74 -61 -67 -73 -128 -79 -84 -81 -81 -75 -77 -67 -59 -47
127 119 118 127 127 125 124 124 120 108 116 111 112 111 106 104 104 105 104 93 84 26 0 91 81 88 93 95 70 91 82 79 74 73 73 73 72 72 72 68 66 65 67 72 85 0 76 65 70 70 67 66 65 65 65 61 61 61 61 60 64 64 64 59 59 62 62 56 56 56 53 55 55 56 58 53 56 60 52 48 56 56 56 56 56 56 56 56 56 56 60 61 7 0 0 0 0 0 81 59 62 70 55 67 70 62 64 6 0 76 79 73 68 73 70 71 10 0 0 0 110 104 89 106 81 0 99 87 81 70 91 105 78 122 84 99 73 100 81 83 84 82 72 67 0 78 112 95 96 104 108 122 125 122 127 105 116 91 97 114 116 118 102 114 76 65 71 76 54 88 -128 30 49 78 72 68 70 72 74 77 77 81 83 104 120 123 104 89 77 21 0 50 110 104 113 110 99 96 82 84 97 90 0 0 0 0 44 13 72 24 0 32 60 90 53 33 22 50 43 21 35 81 0 0 14 0 55 66 58 27 29 79 72 66 33 26 61 79 38 91 84 87 61 27 67 52 76 67 32 61 52 0 66 67 39 65 105 79 91 84 82 4 0 9 90 0 85 72 66 91 90 59 112 101 65 45 62 26 112 111 108 77 96 105 107 68 100 78 89 102 112 95 82 114 91 87 119 111 111 97 100 64 79 111 73 94 0 87 66 59 88 81 91 73 66 64 99 94 123 118 60 112 89 84 106 84 68 49 68 54 50 39 32 71 61 35 31 18 45 14 15 26 66 38 21 0 55 99 114 66 83 68 56 79 91 38 44 33 31 19 49 43 15 35 37 49 71 95 95 87 102 96 39 44 56 65 85 0 72 108 102 116 118 58 64 78 123 101 61 60 64 111 111 96 65 107 111 108 110 108 83 50 0 -128 -128 0 29 -128 65 -16 -1 -1 -1 -1 -1 -1 -1 -1 -1 -1 -1 -1 -1 -1 -1 -1 -1 -1 -1 -1 -1 -1 -1 -1 -1 -1 -1 -1 -1 -1 -1 -1 -1 -1 -1 -16 -13 -2 -8 -6 -82 -55 -42 -63 -68 -47 -42 -46 -55 -49 -50 -27 -12 -6 -2 -1 -1 -13 -8 -4 -25 -47 -61 -51 -46 -60 -65 -54 -59 -73 -82 -84 -91 -101 -106 -97 -64 -70 -69 -73 -128 -100 -65 -64 -64 -87 -69 -74 -69 -72 -70 -69 -58 -128 -79 -84 -75 -78 -81 -67 -64 -63
118 118 124 127 125 123 118 118 116 117 119 110 110 106 108 104 107 106 99 100 99 96 95 90 0 39 91 89 0 84 82 77 76 71 71 71 71 76 74 73 68 66 67 72 65 38 0 12 66 66 67 65 65 65 61 61 61 61 61 59 55 55 58 58 58 54 54 54 54 56 58 58 58 55 52 55 58 19 62 56 56 56 56 56 56 56 56 56 56 56 56 56 74 0 0 0 82 0 65 74 72 59 65 65 72 72 0 0 64 0 76 71 78 73 62 66 55 0 48 0 0 0 66 113 110 107 117 38 0 87 119 85 89 122 108 94 89 111 106 96 106 91 67 0 102 104 107 110 117 114 110 120 112 122 127 113 104 102 107 97 111 119 33 67 70 65 60 76 41 -128 99 64 60 74 68 72 73 76 81 76 77 79 81 90 101 120 107 119 96 0 61 89 105 100 95 100 93 122 101 99 0 65 0 0 0 0 0 55 39 0 53 25 79 0 58 24 44 48 30 60 60 -128 58 60 26 20 38 45 55 25 60 27 41 43 19 82 42 54 38 93 87 76 36 60 54 73 42 85 47 50 0 94 65 83 97 85 105 95 76 38 71 88 125 111 89 32 62 7 0 0 36 83 66 0 0 24 0 89 106 54 105 68 85 106 79 85 117 88 106 106 96 90 116 107 122 124 108 84 77 100 64 113 117 93 107 65 0 81 123 117 96 59 76 87 72 107 99 108 99 97 108 118 96 76 106 82 93 107 88 70 38 26 37 89 49 33 27 48 18 15 22 33 89 47 32 0 0 0 88 58 79 83 76 100 13 25 27 20 0 24 21 25 38 41 42 83 50 107 82 84 93 27 49 53 70 0 1 113 83 82 114 127 97 74 72 101 89 102 84 48 108 93 102 65 107 112 81 72 91 96 124 -128 42 41 -128 -128 0 25 -1 -1 -1 -1 -1 -1 -1 -18 -1 -1 -1 -1 -1 -1 -1 -1 -1 -1 -1 -1 -1 -1 -1 -1 -1 -1 -1 -1 -1 -1 -1 -1 -1 -1 -1 -1 -1 -1 -27 -34 -37 -46 -54 -50 -51 -50 -35 -41 -53 -37 -47 -42 -31 -17 -1 -1 -1 -3 -8 -4 -16 -47 -50 -59 -54 -50 -49 -69 -67 -77 -82 -74 -89 -94 -98 -96 -82 -84 -128 -128 -74 -77 -60 -67 -79 -60 -67 -59 -78 -63 -70 -70 -70 -72 -79 -77 -74 -84 -79 -78 -68 -64 -81 -59
127 122 123 122 124 124 123 118 122 118 114 106 113 108 110 106 106 107 104 101 102 100 96 101 99 105 91 62 0 96 83 77 74 77 70 72 67 76 78 78 73 68 64 66 73 65 61 0 53 74 66 66 66 64 64 61 61 61 61 74 70 66 62 60 54 62 60 62 52 44 61 50 55 58 52 48 65 1 54 52 56 56 56 56 55 55 55 55 52 52 54 54 55 58 58 60 56 0 0 0 0 0 71 18 6 0 43 0 74 0 0 67 55 67 64 64 65 67 70 81 81 0 0 59 74 0 0 0 0 0 59 122 100 83 120 90 112 127 108 90 101 83 62 88 0 113 111 97 110 91 118 114 106 125 127 114 110 111 124 127 118 67 42 67 64 60 60 58 65 -128 105 76 0 74 72 72 72 79 82 77 81 72 89 88 125 101 108 127 119 10 0 72 102 107 116 116 107 76 111 102 120 41 56 0 0 39 0 0 65 50 55 39 48 52 0 32 26 41 58 32 49 0 47 0 39 22 13 67 49 49 54 30 39 54 65 66 27 90 78 83 87 54 49 44 82 60 38 32 62 32 0 84 65 87 90 81 77 95 60 53 78 87 87 95 79 0 96 71 0 99 105 0 0 24 58 100 95 72 107 83 89 74 94 97 93 96 108 107 93 100 89 78 83 111 119 113 87 77 91 120 105 110 118 108 116 100 41 85 106 85 90 84 61 97 78 96 111 95 83 60 70 93 107 83 90 95 68 110 83 87 42 33 59 78 77 44 32 53 22 21 35 48 74 44 29 44 60 91 7 65 119 99 38 59 37 39 30 31 15 20 31 47 45 42 60 60 93 113 72 82 79 39 56 44 0 71 89 72 89 82 108 91 91 72 59 81 52 70 118 44 96 114 117 68 107 85 106 110 83 70 127 124 -128 20 -101 -128 0 93 112 -1 -1 -1 -1 -1 -1 -1 -1 -1 -1 -1 -1 -1 -1 -1 -1 -1 -1 -1 -1 -1 -1 -1 -1 -1 -1 -1 -1 -1 -1 -1 -1 -58 -1 -4 -1 -1 -28 -39 -50 -64 -50 -44 -54 -51 -128 -41 -35 -46 -28 -35 -37 -14 -1 -1 -1 -1 -11 -12 -21 -42 -47 -64 -49 -51 -51 -63 -67 -82 -72 -88 -83 -98 -91 -106 -128 -91 -70 -70 -73 -72 -74 -73 -74 -78 -75 -70 -69 -68 -68 -70 -68 -78 -63 -64 -75 -82 -67 -68 -79 -77 -88 -65
118 120 127 127 124 120 118 119 116 114 114 113 110 113 107 108 108 110 110 106 104 97 101 105 100 97 90 93 62 78 88 0 0 95 66 77 95 81 76 82 78 77 76 74 72 70 52 0 35 55 66 66 64 64 61 61 61 61 56 72 60 62 49 43 42 59 64 49 30 27 41 39 59 60 53 54 65 60 48 56 56 56 56 55 55 55 55 52 52 52 52 52 52 55 55 56 66 59 12 0 62 0 0 0 0 0 0 53 0 0 0 16 56 66 60 61 54 60 61 70 82 49 0 0 0 0 0 73 72 13 0 0 0 0 0 0 66 0 0 77 93 102 1 78 0 99 104 104 106 65 96 97 102 127 107 104 122 105 127 107 32 59 67 65 64 65 65 27 -39 71 78 77 70 72 72 76 81 72 84 88 100 95 127 72 19 0 0 0 0 0 0 73 82 106 118 127 101 101 108 119 87 110 67 65 94 89 0 0 49 24 78 20 54 52 0 73 36 35 0 20 0 48 24 67 27 20 8 44 72 60 13 43 48 68 68 66 44 70 59 89 59 32 41 88 48 82 35 93 6 0 84 49 79 47 89 61 108 72 84 59 89 73 95 97 53 32 91 0 91 90 78 93 65 94 108 73 97 81 62 87 64 111 107 97 108 79 99 99 107 90 100 77 89 79 99 117 114 111 64 102 125 120 113 74 62 0 102 64 79 68 87 94 78 85 91 118 91 122 77 89 99 122 60 70 64 67 76 72 67 74 45 42 66 37 43 31 91 9 25 35 45 47 83 37 39 70 88 104 49 91 67 39 42 36 88 36 27 12 0 3 62 38 37 42 79 89 118 83 55 81 70 42 100 0 114 82 102 93 82 124 66 99 87 108 111 91 47 91 37 105 74 74 93 116 82 113 101 117 97 110 50 0 -128 -97 -14 74 105 67 -1 -1 -44 -1 -1 -1 -1 -1 -1 -1 -1 -1 -1 -1 -1 -1 -1 -1 -1 -1 -1 -1 -1 -1 -1 -1 -1 -1 -1 -1 -8 -1 -56 -14 -1 -13 -31 -44 -23 -58 -49 -45 -60 -54 -51 -44 -59 -56 -47 -30 -56 -40 -13 -1 -1 -1 -1 -1 -4 -41 -50 -46 -58 -55 -34 -37 -42 -30 -65 -83 -72 -128 -128 -94 -103 -68 -81 -73 -73 -73 -73 -72 -75 -75 -74 -72 -75 -67 -73 -72 -67 -73 -79 -77 -78 -128 -79 -86 -87 -88 -79 -78 -63 -64
127 122 123 124 127 122 117 119 113 114 114 113 120 114 110 110 110 110 106 106 95 96 100 110 102 105 96 89 0 93 83 85 83 89 82 0 62 101 90 90 87 78 85 77 71 70 70 15 -21 -128 66 66 66 64 64 61 61 61 61 0 0 47 54 0 0 42 49 31 -128 -128 -128 0 48 65 58 54 53 0 49 54 56 56 56 56 55 55 55 55 52 52 49 49 48 49 52 53 61 60 65 61 56 59 55 61 53 0 0 65 36 10 0 0 0 61 47 3 60 53 55 68 53 55 54 72 65 70 66 72 64 58 68 49 0 0 0 0 0 0 0 0 0 0 0 0 0 52 41 44 94 45 25 101 84 107 118 97 127 112 123 122 83 55 67 67 64 68 68 32 -73 65 82 58 0 68 72 73 83 81 100 120 106 87 0 0 0 0 0 22 70 0 41 0 99 101 117 122 118 100 102 89 127 78 120 94 84 74 0 41 19 0 0 47 38 58 38 0 50 24 38 13 61 76 67 -128 33 36 21 6 77 82 32 52 62 62 84 58 50 58 70 61 56 56 67 41 53 43 4 55 7 89 32 31 53 25 87 56 120 38 95 73 33 84 85 100 67 0 79 35 70 95 101 99 77 107 79 102 61 77 94 101 106 81 106 111 93 90 100 106 64 90 65 107 79 100 85 123 96 113 62 99 125 123 102 71 0 31 114 105 73 83 91 65 2 61 87 104 100 101 87 79 88 101 107 83 74 73 65 68 67 72 53 45 65 70 30 32 81 44 37 27 48 52 36 33 35 76 124 0 58 52 25 37 33 71 65 41 48 29 31 18 21 94 52 49 54 91 118 84 99 77 71 41 70 90 108 112 81 97 99 100 88 70 49 110 94 87 49 39 64 97 50 107 83 74 113 110 102 113 127 100 127 88 0 -79 -128 -128 -13 55 122 -1 -1 -1 -1 94 -1 -1 -1 -1 -1 -1 -1 -1 -1 -1 -1 -1 -1 -1 -1 -1 -1 -1 -1 -1 -1 -1 -1 -1 -1 -1 -64 0 -37 -32 -30 -18 -72 -55 -50 -50 -58 -54 -47 -53 -42 -67 -60 -42 -59 -41 -18 -13 -1 -1 -1 -1 -6 -45 -47 -46 -54 -50 -35 -37 -40 -40 -120 -128 -82 -74 -96 -105 -102 -61 -87 -73 -74 -74 -74 -75 -73 -73 -78 -86 -82 -70 -69 -64 -67 -70 -83 -82 -78 -96 -82 -79 -88 -72 -70 -63 -61 -60
120 120 124 124 118 112 113 114 114 114 116 116 120 116 114 116 113 106 105 105 102 104 112 107 106 100 91 56 104 100 99 106 105 102 111 127 94 48 0 62 85 78 72 85 65 68 62 62 48 -128 -125 0 78 65 59 65 66 62 -106 29 0 -73 22 43 0 -14 -125 45 60 24 53 -89 -128 -128 -128 41 0 49 61 49 55 56 55 54 54 53 53 54 54 54 55 55 54 54 55 55 56 56 55 55 55 55 54 54 49 62 52 50 0 0 0 0 0 0 0 0 55 56 56 55 53 53 52 61 0 56 56 59 59 61 62 62 58 50 61 44 56 41 68 27 0 62 0 31 64 60 58 73 61 67 27 15 29 90 67 64 64 48 54 78 82 73 81 62 54 26 0 48 67 68 68 77 68 74 70 79 96 123 111 127 6 0 107 99 104 116 94 87 18 0 30 0 91 112 124 111 112 127 101 117 127 8 74 82 107 67 0 36 36 44 73 64 35 47 55 13 54 38 0 38 6 71 48 -119 76 36 38 1 44 47 59 74 78 71 53 15 58 116 36 96 38 53 49 68 54 45 59 6 58 68 61 59 62 89 59 48 64 96 45 0 54 87 66 47 50 4 48 8 94 64 85 61 49 78 95 83 87 95 91 100 67 117 79 89 107 102 91 81 93 99 104 90 96 87 111 122 97 83 100 114 95 104 68 0 112 119 97 104 82 79 62 107 73 76 119 90 125 66 94 88 99 76 89 78 70 68 74 73 82 73 48 47 29 38 31 59 60 14 13 22 21 36 26 24 56 120 78 0 24 45 53 56 55 49 50 29 24 29 10 15 43 36 58 45 62 105 70 83 81 68 60 56 72 3 97 94 87 94 85 90 85 88 102 81 78 96 84 88 100 39 74 107 91 67 87 77 118 117 88 58 65 84 47 -128 -106 -1 -97 -1 -1 -1 -1 -1 -1 -1 -1 -1 -1 -1 -1 -1 -1 -1 -1 -1 -1 -1 -1 -1 -1 -1 -1 -1 -1 -2 -12 -3 -1 -16 -28 -34 -37 -51 -46 -46 -44 -56 -58 -51 -51 -53 -51 -51 -53 -54 -128 -45 -49 -35 -31 -23 -22 -9 -1 -1 -1 -2 -31 -44 -45 -56 -46 -47 -70 -128 -55 -64 -74 -82 -89 -101 -103 -91 -89 -87 -72 -77 -75 -73 -73 -78 -79 -75 -82 -75 -83 -79 -77 -60 -83 -67 -78 -75 -98 -72 -69 -73 -67 -70 -77 -67 -65 -56
127 124 120 119 122 118 118 116 113 117 117 118 118 116 119 117 113 108 110 111 108 107 117 122 113 102 85 101 110 124 118 120 119 119 107 106 106 104 107 102 106 82 9 0 67 65 77 68 96 79 55 42 0 -128 -6 65 53 -117 -128 25 93 54 -128 64 70 53 47 53 68 61 54 39 54 53 52 -30 42 15 -18 42 47 47 53 58 54 54 55 55 56 56 55 55 54 54 53 53 54 54 53 53 53 53 53 54 54 55 65 0 0 0 70 0 0 0 0 0 0 49 49 49 55 59 56 50 52 54 54 54 56 56 55 53 53 53 55 53 37 52 64 61 61 66 60 71 65 60 68 71 62 60 59 64 60 59 55 62 54 62 59 67 58 33 26 -128 -128 0 41 52 79 76 68 68 54 72 97 96 122 107 114 20 0 7 99 107 125 119 107 81 111 41 0 0 0 105 101 112 104 127 118 127 127 76 0 71 79 72 0 44 0 99 0 52 55 38 56 41 0 38 16 33 0 79 67 58 58 32 42 76 1 72 58 48 70 55 18 29 91 65 42 102 96 44 29 89 65 42 0 64 89 66 16 82 53 58 73 0 1 31 0 31 0 24 27 21 32 0 81 67 49 78 65 79 77 97 49 72 62 87 100 72 104 106 85 106 124 107 101 89 108 62 101 84 123 105 76 70 93 116 105 111 74 96 0 96 91 113 66 72 81 81 73 96 0 89 119 93 88 118 66 79 85 73 73 70 62 74 81 83 108 76 56 88 74 31 27 37 7 14 19 33 26 44 35 32 50 74 35 61 58 100 97 62 91 67 60 47 36 35 14 0 21 45 71 70 76 65 113 83 68 59 89 60 81 90 76 93 127 70 95 112 107 66 105 84 84 78 60 64 108 118 110 77 15 68 39 50 127 113 112 116 67 10 0 -128 -1 -1 89 -1 -1 -1 -1 -1 -1 -1 -1 -1 -1 -1 -1 -1 -1 -1 -1 -1 -1 -1 -1 -1 -1 -1 -1 -1 -1 -22 -32 -40 -28 -42 -23 -14 -16 -45 -55 -55 -55 -51 -46 -50 -55 -54 -51 -55 -54 -50 -56 -44 -44 -32 -25 -14 -13 -11 -14 -1 -1 -3 -44 -37 -63 -128 -74 -44 -39 -31 -44 -46 -70 -82 -92 -98 -97 -87 -86 -77 -72 -81 -87 -78 -73 -73 -72 -75 -73 -74 -73 -72 -74 -70 -84 -69 -73 -73 -65 -69 -88 -61 -89 -92 -94 -78 -68 -73
119 117 118 123 120 118 117 116 117 117 119 118 117 118 116 120 113 110 112 111 112 116 123 113 116 113 111 90 113 108 106 104 102 101 100 99 99 100 100 100 84 88 83 83 76 0 0 78 94 73 105 64 -69 -18 19 31 -128 -23 52 56 62 55 42 45 52 62 70 66 62 50 54 60 56 55 55 65 0 -73 0 72 54 43 39 54 54 55 55 56 56 56 56 56 54 54 55 55 53 53 54 54 54 54 54 54 50 59 0 0 48 53 62 54 0 0 0 0 61 54 45 53 66 56 60 60 39 55 55 59 59 55 59 52 52 52 52 53 52 50 53 54 56 56 58 58 60 55 67 52 56 53 67 59 61 61 32 0 0 0 52 45 -31 -128 8 0 26 60 73 67 68 65 61 61 78 112 120 127 105 90 0 0 100 76 127 105 122 112 118 113 91 97 13 0 60 94 114 110 124 120 111 85 70 93 65 94 106 106 0 36 74 48 0 52 77 14 81 27 41 12 0 0 31 78 26 0 16 29 33 13 12 19 71 70 27 50 30 66 85 91 36 99 74 52 25 29 31 -128 59 72 47 60 45 52 59 77 0 60 73 0 36 39 70 38 36 56 88 0 60 54 95 78 66 97 55 87 73 68 85 96 76 74 102 73 107 108 82 95 114 108 78 100 97 106 117 93 84 90 110 114 110 122 111 0 88 47 38 0 0 105 65 87 84 89 79 99 110 84 101 88 82 79 96 90 82 67 70 102 83 108 93 99 72 59 38 29 25 19 18 22 25 38 78 65 26 42 52 44 50 79 27 77 88 123 111 74 77 47 25 20 33 44 49 96 78 88 74 81 99 112 58 65 110 79 93 22 84 94 81 120 127 119 87 120 101 108 89 50 61 90 91 84 61 123 112 96 107 49 99 14 76 82 67 100 -106 -7 100 106 2 -1 -1 -1 -1 -1 -1 -1 -1 -1 -1 -1 -1 -1 -1 -1 -1 -1 -1 -1 -1 -1 -1 -1 -3 -2 -23 -37 -40 -16 -25 -36 -18 -47 -51 -46 -47 -39 -47 -47 -56 -55 -59 -61 -58 -53 -50 -47 -35 -28 -21 -28 -8 -7 -12 -16 -1 -1 -1 -128 -69 -50 -47 -51 -58 -47 -37 -36 -59 -73 -84 -92 -98 -96 -81 -77 -86 -73 -89 -83 -79 -74 -74 -73 -74 -77 -81 -83 -82 -87 -70 -73 -64 -64 -67 -67 -69 -67 -128 -65 -68 -74 -73 -81 -58 -58
127 127 111 122 119 112 117 116 116 117 117 118 118 119 120 125 110 117 119 118 120 124 112 100 127 114 107 0 108 106 102 107 105 106 105 106 104 101 101 97 96 99 102 105 113 91 73 67 83 0 0 82 89 74 79 0 41 53 79 61 50 59 77 71 64 58 49 60 55 60 59 49 48 43 43 71 39 68 27 -77 22 -54 47 64 54 54 55 55 56 56 56 56 55 55 55 55 54 54 55 55 55 55 55 55 55 53 0 0 45 56 49 53 62 61 59 49 0 64 59 52 0 0 59 56 0 54 58 58 58 56 44 48 56 55 55 55 56 54 53 55 56 56 56 56 52 55 16 30 22 33 -128 -93 -128 -128 -128 12 35 42 32 -128 -128 37 53 66 67 70 61 66 67 68 79 84 94 116 119 91 76 0 0 62 99 118 105 122 119 112 105 74 77 83 88 72 99 90 79 96 111 106 127 127 91 81 60 0 122 82 0 0 0 70 44 82 52 76 38 36 36 26 26 0 59 14 59 0 27 81 90 53 0 16 62 62 19 88 47 39 68 58 58 44 85 37 21 61 88 38 72 68 39 78 45 54 49 73 15 77 96 78 82 68 85 74 79 74 82 0 65 56 85 70 100 101 50 73 68 53 85 87 85 79 105 81 100 111 90 85 78 99 88 99 62 85 120 113 81 85 84 70 87 82 104 0 70 12 0 100 104 6 102 104 104 79 0 105 125 70 111 93 97 79 79 95 84 81 74 111 73 66 55 52 66 54 85 22 27 25 21 14 31 27 43 58 26 37 87 54 47 66 32 71 66 88 87 96 56 94 21 20 33 0 43 68 97 64 99 83 113 124 112 65 101 71 81 77 82 82 101 88 110 127 94 114 95 79 79 64 111 118 99 81 56 53 118 89 101 32 50 61 0 0 0 77 0 0 -1 -1 -1 -1 -1 -1 -1 -1 -1 -1 -1 -1 -1 -1 -1 -1 -1 -1 -1 -1 -1 -1 -1 -3 -1 -1 -2 -20 -32 -36 -44 -32 -34 -37 -27 -49 -54 -35 -49 -54 -58 -53 -60 -59 -68 -53 -45 -44 -44 -44 -31 -128 -20 -1 -1 -1 -13 -16 -128 -91 -9 -1 -49 -50 -39 -55 -51 -36 -36 -37 -63 -65 -86 -96 -102 -96 -75 -73 -86 -73 -72 -77 -75 -77 -75 -75 -79 -74 -75 -74 -73 -79 -81 -92 -87 -74 -74 -67 -65 -79 -89 -56 -75 -101 -65 -88 -69 -81
123 119 120 119 118 116 113 117 117 122 118 123 123 123 127 114 124 127 127 122 127 119 108 96 94 93 90 100 105 105 105 107 108 105 106 106 101 102 102 102 102 102 105 106 107 99 93 89 73 74 82 84 90 14 0 76 76 67 59 59 60 62 58 62 53 60 60 61 61 61 60 61 59 58 52 52 49 56 53 0 44 0 -26 52 72 66 50 60 62 50 39 49 59 59 55 55 55 55 56 56 56 56 58 58 52 0 55 49 47 47 50 50 44 47 49 53 0 77 50 0 0 0 43 52 83 58 32 22 -58 33 82 56 48 62 55 61 72 55 56 59 65 56 61 35 -91 -128 31 26 0 48 54 53 53 73 70 81 78 82 71 74 61 64 58 68 68 68 73 88 110 125 127 0 114 97 88 0 0 24 99 96 100 99 99 120 123 118 93 96 106 122 89 90 125 71 93 102 110 119 113 107 79 102 91 78 76 62 0 47 90 4 0 24 38 58 65 85 53 54 0 49 18 19 31 54 72 31 68 55 32 25 20 41 88 55 45 85 79 59 53 99 36 68 30 49 42 -128 84 84 58 81 56 71 0 44 76 41 59 59 33 79 64 84 43 84 91 0 44 73 67 67 70 62 60 83 73 72 108 81 76 99 83 105 70 95 84 101 95 70 110 105 68 85 88 100 93 108 97 111 116 120 105 14 89 99 82 118 84 0 89 78 118 73 43 108 87 83 89 81 79 84 89 113 91 70 87 100 108 56 37 39 48 49 32 38 36 31 26 21 26 27 26 32 68 74 52 48 47 50 0 6 114 72 71 60 41 39 16 36 59 102 124 99 83 102 95 76 87 70 62 95 71 114 84 0 10 95 111 89 107 87 93 89 68 95 114 66 122 87 41 37 52 112 107 112 56 62 88 124 39 0 -128 -128 44 13 -1 -1 90 -1 -1 -1 -1 -1 -1 -1 -1 -1 -1 -1 -1 -1 -1 -1 -1 -1 -1 -1 -1 -1 -1 -11 -18 -34 -28 -14 -22 -25 -34 -26 -22 -55 -54 -49 -46 -60 -63 -60 -49 -42 -49 -47 -44 -54 -46 -41 -26 -128 -12 0 -34 -9 -1 -9 -3 -23 -45 -47 -50 -42 -51 -44 -36 -40 -53 -70 -78 -91 -94 -100 -89 -73 -78 -98 -67 -70 -75 -73 -69 -74 -73 -81 -75 -70 -79 -87 -75 -77 -70 -91 -73 -94 -63 -83 -74 -83 -91 -68 -74 -59 -59 -75 -60 -97
127 123 116 118 116 117 117 116 118 118 120 122 120 117 117 119 123 119 112 123 118 107 100 97 102 91 97 104 100 106 104 108 113 117 112 105 102 101 104 102 102 105 101 104 105 104 105 112 105 82 84 85 88 94 88 88 82 58 0 62 65 67 55 68 61 62 62 64 64 64 62 64 61 59 56 62 0 60 55 53 44 32 0 9 -128 19 49 72 59 64 49 65 59 59 58 58 56 56 58 58 58 58 58 58 58 7 0 62 50 50 50 52 52 48 50 59 59 0 0 30 0 -96 0 42 0 0 -128 -128 -128 -128 -128 43 82 74 65 45 42 41 41 41 45 47 82 -22 -128 31 50 62 56 45 55 58 50 71 79 89 112 104 108 93 65 65 67 67 68 73 76 84 90 104 120 124 97 0 0 0 43 116 90 122 97 108 102 100 90 101 97 105 102 93 93 108 100 102 95 120 117 123 119 96 113 88 97 8 96 84 3 0 0 84 18 70 66 31 54 30 61 66 0 0 20 70 26 1 38 42 88 33 42 18 19 81 74 100 90 73 65 64 70 110 94 91 83 48 95 29 96 27 60 49 62 47 10 0 44 79 70 76 67 52 59 94 71 71 79 0 84 91 78 83 64 55 87 90 67 87 104 85 99 90 85 97 85 90 74 72 102 99 62 82 87 96 110 101 91 110 99 113 104 94 123 127 122 123 113 101 87 0 83 97 87 89 20 106 99 79 81 110 79 83 99 102 91 77 100 101 118 66 66 43 64 35 42 38 27 32 29 25 25 20 33 47 66 65 42 54 64 73 113 89 0 45 79 58 68 59 30 29 60 90 111 91 65 67 88 91 82 91 87 71 67 94 85 0 88 88 112 124 106 91 102 108 84 97 105 105 123 113 79 84 105 89 107 82 72 52 117 85 93 19 0 -128 16 0 -1 -1 -1 0 -1 -1 -1 -1 -1 -1 -1 -1 -1 -1 -1 -1 -1 -1 -1 -1 -1 -1 -1 -2 -3 -14 -20 -25 -27 -22 -39 -49 -25 -63 -46 -54 -45 -49 -59 -61 -56 -47 -44 -44 -45 -42 -51 -18 -60 -58 -128 -50 -7 -3 -6 -1 -2 -1 -8 -25 -34 -39 -47 -50 -56 -39 -39 -49 -49 -61 -68 -83 -92 -103 -91 -74 -89 -78 -72 -72 -72 -69 -86 -72 -70 -82 -74 -73 -73 -70 -84 -70 -69 -73 -64 -68 -69 -72 -75 -73 -91 -128 -61 -63 -74 -86 -89 -92
123 123 122 120 116 118 119 116 118 120 119 122 124 123 124 125 122 112 110 102 102 105 106 106 102 85 0 104 106 105 116 119 122 113 96 102 91 107 105 102 105 105 106 107 110 107 113 114 106 85 91 91 90 104 102 100 107 89 94 89 54 0 54 60 54 66 66 67 67 65 64 64 61 59 55 0 50 56 53 60 65 49 54 84 0 36 54 60 66 58 44 66 59 59 59 59 58 58 59 59 59 59 58 58 56 0 0 0 53 53 53 53 49 53 53 60 58 0 0 0 37 0 0 -94 -128 -128 -128 43 91 90 -128 -128 -128 -128 -128 -128 47 55 50 47 50 43 -128 0 47 45 62 62 72 61 56 68 91 108 118 117 117 110 106 79 66 70 66 70 79 73 101 97 107 118 125 0 0 0 64 122 87 114 108 110 89 123 97 81 88 91 96 95 99 102 123 118 114 106 105 124 101 116 125 95 97 101 70 79 100 81 0 61 50 50 0 77 60 61 56 37 66 19 0 30 52 52 41 25 35 105 81 56 43 56 1 65 41 79 74 85 54 55 83 38 36 15 67 62 56 0 56 91 49 97 68 72 84 26 76 54 91 70 68 89 77 79 65 47 81 0 67 88 72 65 82 74 68 82 90 99 87 85 90 72 96 76 73 90 82 101 94 79 88 65 91 106 83 96 111 95 95 102 106 113 107 104 122 84 127 105 89 0 67 90 94 76 83 90 71 106 125 72 73 114 101 105 79 95 104 94 73 50 56 37 74 44 37 37 38 35 25 36 24 30 45 55 82 42 48 62 83 96 108 106 0 73 102 84 61 24 39 61 83 52 72 83 31 76 96 77 74 79 47 60 72 66 0 89 113 99 97 76 106 102 116 70 68 108 81 105 117 74 91 95 108 113 106 72 81 93 70 70 76 65 107 39 39 -44 101 -1 91 95 -1 -1 -1 -1 -1 -1 -1 -1 -1 -1 -1 -1 -1 -1 -1 -1 -1 -1 -2 -4 -27 -30 -37 -30 -34 -47 -50 -45 -53 -46 -60 -44 -49 -60 -51 -47 -42 -36 -37 -36 -46 -83 -128 -27 -4 -6 -1 -25 -1 -128 -128 -1 -1 -6 -30 -44 -45 -41 -59 -55 -47 -37 -45 -47 -49 -63 -83 -94 -101 -94 -72 -83 -101 -69 -86 -75 -75 -79 -77 -82 -94 -83 -78 -82 -84 -68 -78 -78 -74 -83 -67 -93 -72 -83 -86 -88 -67 -128 -65 -70 -88 -88 -79 -89
127 120 114 116 118 117 117 118 123 119 125 123 125 127 120 122 118 111 116 111 110 106 106 102 102 108 95 105 107 102 113 122 119 127 87 104 105 112 104 104 102 105 111 113 107 101 105 95 101 95 94 96 97 99 99 100 101 100 100 95 96 105 82 65 78 83 0 0 73 68 66 53 61 58 52 65 43 59 56 52 56 56 58 58 47 -42 -36 30 61 38 -128 -111 56 55 59 59 58 58 58 58 58 58 58 58 58 56 59 0 0 77 64 53 52 54 54 59 59 48 60 53 61 79 0 -128 58 61 62 58 50 68 53 44 41 77 60 59 35 22 -128 -86 -110 -17 102 42 41 65 55 53 54 54 59 79 105 84 96 94 118 116 125 123 81 71 67 73 87 99 125 120 120 123 112 102 0 91 93 107 104 89 88 107 77 100 120 84 85 85 85 89 96 104 120 105 110 67 127 123 108 124 127 104 123 77 74 0 102 68 0 0 0 68 14 76 49 60 79 43 14 76 59 53 78 54 29 18 65 74 41 71 48 50 85 0 38 83 85 93 32 111 81 64 83 62 45 52 91 64 0 16 42 78 45 60 95 56 8 90 55 45 70 64 59 42 71 59 55 0 45 71 58 78 93 87 71 93 90 81 61 99 95 96 94 96 95 90 102 78 70 104 70 81 107 84 56 106 91 112 105 111 78 112 85 85 127 94 111 76 0 99 93 105 74 118 107 97 84 81 84 85 112 102 112 102 111 102 119 70 60 44 42 31 31 85 37 27 27 32 41 33 30 27 39 67 76 48 48 68 94 74 67 114 13 56 123 53 47 44 66 88 56 48 90 58 67 52 94 73 71 71 62 74 64 76 65 0 120 88 118 117 104 127 64 77 67 99 77 99 117 100 123 96 90 93 100 97 85 112 67 67 94 116 74 45 39 0 97 -1 -25 93 -1 -1 -1 -1 -1 -1 -1 -1 -1 -1 -1 -1 -1 -3 -1 -1 -1 -1 -1 -1 -11 -4 -7 -25 -28 -51 -42 -53 -49 -39 -28 -53 -58 -65 -40 -53 -30 -128 -128 -30 -55 -36 -18 -20 -1 -1 -1 -13 -128 -1 -1 -128 -77 -34 -34 -37 -42 -46 -54 -60 -60 -36 -46 -53 -58 -70 -88 -96 -103 -92 -72 -74 -93 -69 -75 -81 -77 -74 -73 -88 -77 -74 -86 -78 -78 -74 -79 -81 -78 -75 -72 -72 -60 -74 -82 -69 -60 -68 -128 -65 -63 -60 -69 -98
122 120 118 120 117 117 118 122 117 124 125 119 125 117 113 123 120 107 102 108 107 107 107 106 114 120 108 114 112 111 119 127 122 102 108 107 104 119 120 117 102 96 101 96 95 97 90 91 94 83 100 104 102 106 100 101 97 97 104 106 110 111 82 58 72 67 96 64 71 0 0 62 53 68 60 54 56 59 54 53 53 53 53 61 70 15 -47 -128 -46 0 0 52 54 71 59 59 60 60 60 60 60 60 60 60 61 49 50 59 0 72 58 54 59 59 59 56 56 59 55 68 64 0 -1 -128 83 42 45 82 79 79 68 53 54 39 49 76 59 66 59 79 99 72 66 58 59 66 59 61 58 58 90 90 74 68 81 120 96 97 127 106 71 68 77 100 113 119 127 102 127 102 120 0 73 96 95 124 108 113 117 83 100 97 100 94 91 88 90 87 94 108 112 116 107 89 113 112 95 114 118 112 88 105 43 100 76 85 0 35 78 33 0 42 26 52 84 65 47 45 39 62 27 42 55 48 88 82 66 25 39 82 65 0 0 48 90 59 52 85 90 37 66 44 33 44 66 61 0 88 36 83 41 79 87 0 56 79 70 64 71 60 84 97 81 55 84 0 74 50 55 96 71 96 87 84 82 94 101 78 81 81 87 70 64 68 102 97 88 85 71 99 105 93 67 93 116 108 108 96 124 90 102 101 87 88 82 70 0 127 101 88 107 116 79 96 122 117 70 112 71 104 85 90 110 66 87 99 50 39 41 31 33 24 39 32 26 37 35 37 33 42 44 49 65 50 73 118 99 113 84 107 7 116 87 91 59 94 107 58 58 0 77 68 38 66 53 60 85 64 82 93 101 94 35 64 99 96 107 82 93 118 97 82 94 112 87 91 106 97 111 119 78 90 104 70 88 72 110 76 67 43 38 8 -121 27 -126 -128 -31 -128 -1 -1 -1 -1 -1 -1 -1 -1 -1 -1 -1 -1 -1 -1 -1 -1 -1 -1 -1 -1 -1 -20 -31 -40 -49 -46 -34 -39 -42 -53 -54 -53 -79 -128 -124 -46 -35 -50 -35 -39 -46 -30 -27 -12 -1 -1 -1 -1 -1 -1 -28 -37 -14 -45 -39 -47 -46 -59 -59 -60 -49 -49 -67 -65 -72 -86 -97 -100 -87 -73 -68 -96 -73 -72 -72 -73 -78 -88 -89 -75 -75 -83 -69 -74 -84 -82 -75 -75 -75 -68 -88 -84 -82 -70 -94 -69 -60 -82 -79 -68 -59 -84 -73 -83
127 127 119 120 119 119 116 124 118 120 124 123 123 120 127 120 118 105 111 108 107 114 112 105 107 110 48 111 113 114 112 124 100 107 111 108 102 108 93 100 100 94 99 102 100 102 96 101 99 91 89 89 91 81 87 83 110 96 100 102 111 116 110 114 101 95 74 67 67 67 66 65 65 48 0 0 70 67 55 64 54 60 52 60 55 53 50 56 49 50 41 -128 52 -128 0 65 55 32 -105 0 64 73 59 49 62 59 60 64 0 0 65 65 43 59 59 55 55 65 64 43 79 -128 0 58 56 67 70 89 79 72 77 76 84 76 65 62 64 62 56 108 118 102 82 93 88 71 78 116 77 59 53 48 54 61 70 102 106 117 118 107 67 65 67 97 113 111 122 97 127 116 94 42 0 90 111 90 93 95 118 78 100 93 88 87 119 94 84 81 89 101 114 113 117 97 94 120 96 111 127 96 124 124 -50 108 120 88 0 26 0 89 0 71 68 22 44 41 16 26 38 60 19 100 8 67 3 72 56 49 36 73 62 42 0 41 81 71 112 91 81 31 61 88 66 82 105 53 71 0 65 29 27 65 79 62 0 78 82 49 45 26 0 50 87 82 66 16 58 49 78 83 84 101 64 99 95 76 66 91 95 95 99 96 67 90 95 90 87 102 94 72 90 99 70 81 108 99 104 104 99 114 100 106 105 100 96 105 71 14 104 84 104 93 114 97 114 107 88 123 107 90 107 108 105 73 91 78 42 47 48 48 32 27 24 47 42 29 44 22 33 44 49 42 49 52 62 85 94 100 91 122 0 38 0 83 99 113 95 74 37 58 60 50 52 78 74 36 64 85 74 81 70 67 99 25 102 111 102 82 110 95 127 72 94 116 89 116 107 102 102 127 99 102 93 112 113 73 104 73 107 124 99 -128 26 -128 -1 -128 -128 -1 99 -1 -1 -1 -1 -1 -1 -1 -1 -1 -1 -1 -1 123 -128 0 -1 -1 -1 -1 -1 -1 -35 -46 -53 -53 -30 -40 -56 -112 -128 -56 -44 -42 -41 -40 -45 -40 -39 -45 -42 -14 -30 -13 -1 -1 -1 -1 -1 -3 -37 -36 -21 -34 -39 -41 -50 -53 -44 -34 -47 -50 -50 -58 -73 -84 -103 -96 -92 -77 -73 -102 -70 -72 -79 -84 -75 -72 -92 -83 -72 -89 -69 -74 -86 -84 -88 -77 -84 -73 -81 -77 -96 -64 -72 -92 -69 -74 -88 -88 -54 -74 -89 -79
123 120 113 119 120 117 124 123 122 123 123 123 124 113 117 108 114 111 107 116 107 106 106 105 116 0 123 117 112 114 117 91 108 102 112 112 105 107 97 93 100 107 111 113 114 101 99 96 105 113 111 106 112 106 78 83 93 108 113 116 113 108 118 123 101 95 76 72 72 71 70 70 70 87 83 67 61 68 12 0 31 70 61 52 61 55 56 82 96 99 58 26 54 62 -128 -116 0 61 45 -128 41 60 61 58 58 61 64 58 67 0 0 0 59 59 59 60 60 56 65 62 -128 0 49 62 76 84 99 91 74 93 114 97 91 104 72 108 71 61 106 102 120 127 124 123 122 120 120 99 76 56 60 61 61 65 70 100 122 93 96 71 68 71 110 117 124 124 116 113 100 110 72 0 87 111 102 107 111 119 91 108 99 85 87 101 116 90 85 83 91 96 101 118 91 93 114 112 125 114 105 118 106 64 72 83 83 84 0 27 89 27 39 89 64 66 33 55 39 32 74 36 77 52 0 42 45 55 62 48 66 83 84 0 0 0 0 0 42 105 41 71 81 45 77 64 83 78 0 52 32 52 67 85 56 4 70 55 0 43 16 47 0 22 85 50 43 0 66 104 64 85 42 64 68 90 91 90 99 90 79 93 89 81 78 99 90 62 71 56 105 105 81 87 100 118 106 93 88 72 78 79 49 111 105 72 88 90 4 67 87 120 72 112 0 120 82 112 107 67 112 104 104 0 33 62 58 49 42 33 42 38 78 50 67 37 39 54 70 41 72 61 44 61 45 55 94 113 127 122 119 19 52 0 72 123 99 89 82 83 60 31 74 52 90 54 60 64 95 91 67 60 61 6 122 88 114 101 97 117 67 87 82 122 106 116 107 95 83 89 120 105 107 58 118 113 77 101 119 76 44 32 -122 -128 -128 -128 -110 -116 -44 -1 -1 -1 -1 -1 -1 -1 -1 -1 100 -1 -1 -1 -1 -56 124 60 0 0 -36 -1 -17 -31 -63 -91 -128 -59 -54 -36 -37 -16 -26 -40 -36 -41 -40 -39 -39 -40 -40 -18 -6 -2 -6 -1 -3 -1 -1 -1 -128 -45 -36 -32 -42 -44 -45 -59 -41 -25 -31 -37 -49 -40 -36 -73 -81 -100 -101 -91 -75 -67 -105 -79 -75 -77 -86 -78 -79 -82 -82 -77 -84 -75 -78 -77 -84 -73 -77 -87 -74 -86 -96 -74 -92 -68 -83 -79 -69 -82 -128 -91 -94 -96 -94 -96
127 120 111 122 123 117 123 124 124 124 124 122 118 114 123 116 124 113 113 105 111 106 107 106 119 36 127 116 117 116 108 108 117 106 104 106 107 108 113 101 106 107 108 108 107 100 97 104 104 96 120 113 106 95 93 90 88 77 71 74 93 113 116 120 107 68 72 74 74 74 73 72 72 61 96 71 71 67 66 64 66 56 64 0 0 49 56 71 104 88 62 58 54 59 76 32 -107 52 78 32 0 39 59 68 48 61 62 59 64 73 0 0 0 58 58 64 64 58 74 53 -128 -128 0 19 45 104 122 117 105 100 105 112 116 125 118 116 118 96 107 127 127 97 122 117 122 119 127 112 108 73 56 62 64 71 78 71 68 95 74 83 76 76 94 93 101 85 127 107 95 77 94 0 0 74 106 122 107 95 104 112 127 102 91 104 102 90 94 87 88 95 101 112 112 83 100 106 99 104 127 118 112 102 0 82 74 72 0 14 18 60 0 43 36 79 10 60 70 47 66 45 55 85 62 102 55 90 87 79 71 73 79 102 0 16 72 67 0 99 37 71 89 54 83 44 77 62 26 -128 96 82 77 85 32 76 24 0 0 68 41 85 74 72 30 89 59 49 82 43 104 81 91 71 60 72 72 101 74 71 83 93 87 82 106 96 78 102 104 101 97 105 102 74 123 110 93 105 50 104 81 94 89 65 112 114 107 99 0 87 123 82 113 84 125 120 64 127 101 87 0 0 93 0 48 0 0 50 44 41 43 42 90 100 91 108 100 107 73 95 71 59 65 62 31 52 68 99 107 108 72 95 118 0 117 101 106 90 77 67 78 58 78 35 74 33 60 64 68 99 77 84 78 12 101 91 124 119 81 91 113 79 106 124 90 106 95 123 76 127 91 101 68 87 83 111 81 90 111 48 15 32 -128 -128 -14 -128 -120 -30 68 -1 -108 -1 -1 -1 -1 -1 -1 -1 -1 96 -1 -1 -16 -89 62 82 72 87 33 -128 -128 -105 -20 -27 -28 -31 -20 -31 -31 -44 -47 -47 -37 -41 -36 -35 -37 -32 -31 -4 -4 -3 -128 -14 -3 -6 -3 -1 -28 -27 -53 -51 -60 -60 -64 -49 -36 -32 -28 -23 -42 -53 -42 -77 -93 -101 -101 -74 -74 -78 -87 -73 -82 -73 -88 -74 -81 -77 -74 -82 -68 -77 -73 -74 -87 -82 -86 -79 -74 -77 -88 -74 -100 -88 -77 -82 -61 -78 -82 -73 -63 -97 -68 -91
119 117 123 123 110 119 119 116 107 106 108 114 118 114 119 119 122 117 111 108 105 106 108 125 101 123 106 108 113 113 116 113 113 108 108 110 110 114 111 110 106 106 110 104 106 107 113 110 110 114 111 111 105 104 97 93 93 93 91 85 77 79 71 67 68 78 73 76 71 73 74 84 72 85 0 71 71 67 67 66 66 65 62 66 65 70 47 0 0 66 62 52 52 47 64 71 58 45 55 81 -23 -100 59 64 60 62 59 70 60 65 54 0 70 67 66 62 62 64 66 -54 -128 0 45 78 90 113 127 127 106 111 116 120 116 112 113 117 124 120 123 124 117 124 114 110 120 116 118 124 118 84 60 62 70 74 87 83 81 78 84 73 74 117 108 120 94 123 113 113 104 100 85 0 0 107 91 89 117 88 97 123 104 96 102 96 102 90 90 88 93 113 110 119 78 97 123 114 119 127 104 105 101 50 127 84 100 0 12 0 71 3 85 42 55 19 41 78 47 66 73 35 44 94 0 42 78 85 54 62 82 65 54 14 56 49 96 66 21 62 52 82 65 71 50 81 52 53 -119 100 102 54 72 78 73 53 82 48 83 53 85 89 48 58 76 55 65 0 68 56 70 67 47 82 74 82 88 83 91 77 89 89 88 96 101 84 101 71 100 84 74 96 107 116 88 94 104 88 76 90 104 91 100 81 107 105 94 78 100 122 112 113 110 123 0 83 127 114 79 0 61 26 52 56 83 48 0 33 42 41 45 102 105 112 104 116 104 94 91 73 116 33 36 56 52 41 114 97 91 102 64 76 0 77 77 65 95 62 48 61 54 56 31 68 50 47 79 56 60 62 93 68 21 96 95 99 110 95 81 127 94 104 105 78 93 70 119 72 116 73 107 90 79 104 89 96 91 70 110 52 8 0 -40 -1 104 89 -13 -2 89 -1 -1 -1 -1 -1 -1 -1 -1 -1 -1 -1 -1 -75 77 88 84 9 37 125 -115 -6 -42 -23 -32 -35 -21 -23 -34 -37 -46 -42 -28 -27 -26 -32 -26 -32 -36 -35 -11 -3 -1 -1 -16 -14 -12 -11 -21 -37 -31 -49 -53 -59 -58 -60 -40 -32 -37 -40 -41 -51 -56 -47 -67 -86 -97 -103 -87 -73 -69 -96 -81 -75 -74 -77 -84 -88 -93 -86 -81 -72 -75 -77 -73 -87 -83 -79 -73 -74 -84 -79 -81 -98 -96 -70 -81 -79 -78 -91 -74 -74 -94 -74 -69 -82
127 123 114 116 116 113 118 123 107 106 110 116 108 111 113 112 120 112 111 105 113 111 105 120 101 111 118 118 119 116 118 114 112 116 112 114 113 112 110 106 106 112 113 113 112 110 120 119 113 113 113 116 113 113 110 91 100 90 99 93 89 87 83 70 74 81 84 83 79 84 85 74 74 73 72 70 70 70 70 70 73 73 81 77 84 95 76 65 73 66 67 79 47 0 0 50 43 58 81 66 77 3 20 66 54 61 59 56 0 41 70 77 0 0 70 61 54 74 47 53 -128 0 72 0 47 78 112 110 120 87 101 117 119 117 113 107 108 105 117 111 118 118 104 117 106 116 124 99 110 99 56 66 67 78 83 82 89 90 84 76 77 89 119 122 93 120 119 89 72 102 117 0 0 74 85 116 119 94 82 93 127 114 105 127 107 122 104 94 94 116 112 116 78 120 104 107 123 108 123 116 76 62 104 113 97 0 0 0 114 50 0 48 84 42 60 22 85 95 0 55 71 78 0 90 33 82 53 7 0 59 90 79 30 13 3 81 58 73 66 94 72 24 0 0 65 0 0 49 120 79 77 54 39 71 55 65 73 83 68 60 58 74 0 74 76 66 97 89 70 60 105 104 82 102 82 62 89 81 89 70 100 71 99 85 59 58 94 66 61 68 104 97 106 105 97 94 82 118 93 114 118 66 110 99 105 116 110 8 94 118 99 93 0 50 52 82 24 0 77 106 112 84 88 113 48 44 58 43 42 61 119 100 123 117 81 95 60 112 88 72 66 47 47 30 71 67 118 105 74 76 91 22 88 99 77 48 76 33 35 39 0 81 94 64 95 68 67 79 88 77 0 99 66 83 84 116 102 117 97 94 107 74 106 111 113 120 127 70 100 112 73 88 102 55 72 35 16 41 41 0 0 -14 -128 -128 0 -1 -1 -1 35 -1 -1 -1 -1 -1 -1 -1 -1 41 0 20 100 74 102 104 108 118 0 -1 -11 -8 -17 -36 -20 -11 -25 -35 -23 -21 -21 -22 -20 -31 -22 -32 -27 -8 -1 -1 -42 -128 -128 -6 -13 -31 -42 -41 -55 -126 -59 -40 -49 -37 -35 -27 -32 -37 -40 -50 -45 -65 -82 -88 -98 -97 -75 -73 -68 -94 -81 -73 -78 -77 -81 -78 -70 -94 -87 -82 -81 -77 -81 -84 -78 -92 -77 -91 -86 -83 -79 -75 -75 -77 -73 -89 -75 -74 -89 -101 -92 -94 -72 -93
123 120 123 108 113 110 104 105 104 107 108 110 111 117 110 116 120 114 114 122 117 120 119 104 0 117 114 114 118 124 124 114 116 117 119 112 108 107 116 117 112 117 123 114 118 123 114 118 122 104 94 94 85 89 95 102 97 87 89 90 85 79 79 85 94 99 99 89 88 94 82 73 74 78 78 78 77 78 77 77 102 101 81 102 90 71 71 74 77 79 76 74 68 62 56 52 49 0 0 65 61 -59 0 90 67 49 55 0 0 0 0 0 0 65 64 60 59 62 64 -128 2 1 94 68 58 73 93 104 110 105 85 114 104 111 111 110 100 106 106 107 90 107 113 108 117 102 101 127 127 107 73 72 79 87 84 90 85 76 94 99 105 105 108 88 117 116 100 94 113 108 0 0 79 114 99 96 76 77 91 90 94 93 119 111 117 118 96 105 108 112 118 87 101 112 89 95 123 91 113 119 93 107 108 65 0 0 16 14 56 39 61 32 37 70 78 30 66 38 71 25 97 101 0 0 73 64 0 59 72 58 68 83 52 13 78 53 77 53 89 29 0 65 12 -53 26 65 56 56 55 61 56 49 45 71 55 49 70 79 77 81 82 24 97 89 54 0 74 93 53 101 78 68 96 91 76 83 89 96 96 79 95 105 78 97 91 99 101 82 62 100 108 114 101 67 124 55 76 77 106 90 108 87 112 104 113 117 110 56 120 90 104 0 0 49 104 0 54 60 65 123 66 65 87 59 2 58 81 102 49 81 78 76 96 100 70 84 66 56 50 83 62 77 48 111 62 113 110 67 113 117 13 85 55 96 112 79 59 39 47 71 20 77 118 110 70 72 44 83 73 89 79 95 87 94 91 101 95 107 87 76 90 119 56 85 94 89 106 119 88 117 82 60 85 102 90 123 19 -128 -128 -128 -68 0 68 -91 -1 -1 -1 -1 70 -1 -1 -1 95 -128 -114 -1 85 -2 84 105 94 104 119 127 110 44 -6 83 -1 -20 -8 -13 -4 -28 -37 -22 -22 -8 -18 -23 -44 -26 -26 -23 -17 -1 -1 -1 -119 -58 -17 -28 -42 -44 -55 -61 -64 -102 -39 -40 -51 -47 -36 -21 -17 -25 -39 -44 -61 -83 -91 -98 -81 -73 -69 -68 -91 -74 -70 -73 -69 -63 -77 -93 -83 -81 -70 -77 -79 -74 -81 -72 -82 -74 -84 -88 -81 -78 -79 -81 -79 -69 -89 -77 -77 -93 -75 -128 -98 -87 -79 -81
127 112 110 113 108 114 91 101 105 105 105 108 105 102 108 119 123 120 108 113 116 124 105 90 124 113 113 116 122 122 107 108 117 117 118 124 122 112 118 118 117 118 119 124 119 119 123 117 120 99 97 102 105 125 106 107 97 95 99 99 96 85 89 82 84 90 96 95 91 87 81 85 87 81 0 78 79 82 87 87 95 97 89 85 102 97 78 74 78 81 78 81 72 67 60 66 53 72 81 64 97 53 -128 0 36 74 64 0 0 67 42 0 0 41 70 64 62 64 68 -128 -128 0 0 0 77 66 60 64 94 79 95 108 110 116 112 108 100 104 101 106 90 99 102 107 118 105 112 110 114 95 93 78 87 90 106 97 97 87 90 104 119 110 127 114 123 113 76 88 78 117 7 0 97 106 70 114 91 90 90 94 117 95 110 105 118 110 91 93 112 112 87 111 97 108 113 106 117 107 116 116 84 71 97 106 0 0 0 0 105 44 0 53 95 91 90 22 50 24 0 58 44 70 31 85 81 59 67 79 77 93 97 71 94 19 35 0 0 18 79 0 59 72 62 32 37 100 49 61 95 66 52 53 39 70 71 82 68 71 71 39 45 0 49 91 78 60 79 70 83 68 81 83 100 89 81 91 81 94 89 97 78 73 84 91 82 71 90 105 95 82 74 110 77 85 111 100 97 85 102 113 91 70 102 108 97 111 95 38 0 0 64 0 71 0 0 44 76 81 68 127 61 85 65 39 0 47 72 68 105 91 118 78 73 68 58 72 67 60 42 68 61 70 74 81 84 113 102 95 88 95 0 74 93 97 87 70 61 45 43 87 0 82 117 106 66 66 71 81 50 91 0 78 91 79 84 119 74 106 95 104 76 118 96 82 101 107 95 120 84 119 77 112 67 67 88 61 29 7 -105 -102 -128 -1 -1 -1 -1 -1 -1 -1 -17 0 -86 -1 -1 -1 -1 -1 -1 -1 55 97 114 118 127 123 102 79 -100 -12 -1 -22 -12 -1 -13 -32 -35 -12 -17 -4 -12 -14 -34 -21 -27 -21 -13 -67 70 0 -9 -1 -37 -34 -47 -51 -59 -69 -60 -65 -39 -36 -47 -61 -42 -34 -16 -41 -40 -50 -60 -82 -97 -101 -73 -91 -72 -69 -92 -68 -73 -84 -79 -74 -89 -83 -84 -77 -82 -74 -74 -74 -77 -78 -83 -78 -74 -88 -78 -86 -91 -69 -74 -77 -82 -78 -75 -91 -93 -82 -92 -100 -77 -92
93 90 97 102 104 104 102 102 101 104 102 102 108 108 108 112 125 124 114 100 95 110 112 113 118 116 117 116 118 118 124 122 123 120 120 118 113 120 113 123 119 119 120 119 113 124 113 119 122 111 101 105 101 101 110 111 104 97 108 101 90 90 82 82 83 96 108 112 114 94 94 100 88 67 101 88 96 106 107 108 112 104 96 101 100 112 93 89 95 87 90 82 81 77 74 73 76 90 62 67 64 73 -128 59 0 0 0 0 0 0 65 66 70 64 71 70 65 83 -36 -128 64 71 0 0 0 47 79 74 81 68 106 117 101 95 106 72 120 111 104 95 74 93 112 102 91 97 94 96 105 102 97 76 78 102 111 100 111 114 125 127 113 108 100 110 104 102 76 87 113 14 0 62 70 101 96 83 87 88 84 89 119 110 112 94 91 91 85 111 87 122 107 88 105 117 102 112 124 111 127 113 48 101 113 112 0 0 27 88 30 74 42 45 62 87 48 74 83 43 18 35 72 88 77 116 39 44 20 55 41 53 85 68 70 65 78 -128 0 -121 52 93 96 54 44 87 94 29 18 90 104 58 68 59 93 84 55 82 76 52 91 83 44 72 91 89 50 0 83 118 85 83 85 101 91 84 105 66 88 71 89 64 66 99 110 77 64 95 61 84 81 102 119 112 127 108 110 89 100 97 93 127 82 89 83 127 88 101 61 59 110 3 13 76 62 74 56 120 127 70 76 84 42 50 53 94 7 87 2 118 118 52 79 81 113 61 56 59 39 74 81 66 62 89 99 96 117 120 73 70 127 81 0 87 111 83 118 101 43 29 83 68 0 60 104 67 81 84 100 58 88 77 54 95 90 67 108 108 113 93 60 100 70 74 100 96 93 110 83 67 74 82 65 76 61 27 21 49 29 0 -1 -1 21 65 -128 0 -1 -1 95 95 0 -1 -1 -1 -1 -1 -1 -1 -1 0 93 94 127 107 123 107 105 89 -128 -28 -27 -1 -28 -32 -31 -14 -39 -25 -17 -72 -18 -23 -23 -11 -12 -2 -91 -128 0 -59 -45 -20 -60 -65 -60 -74 -67 -77 -54 -77 -55 -60 -53 -65 -59 -68 -63 -64 -82 -82 -93 -97 -103 -70 -77 -63 -79 -84 -74 -65 -86 -92 -82 -75 -96 -73 -77 -75 -74 -78 -75 -77 -72 -73 -73 -83 -73 -74 -81 -77 -92 -73 -77 -81 -91 -69 -92 -81 -70 -84 -64 -96 -70 -92
127 105 104 102 101 104 104 104 104 104 105 105 105 110 110 110 106 97 107 105 114 117 113 108 0 118 122 113 116 125 120 123 127 124 120 118 110 117 116 123 122 122 122 124 123 106 118 127 122 104 113 107 108 111 111 117 110 110 107 110 111 100 96 87 88 89 93 97 101 101 101 114 95 110 107 113 116 112 110 107 110 111 107 110 105 108 105 100 100 99 94 89 84 83 78 77 74 81 85 78 66 72 0 -4 0 0 0 45 66 60 65 66 73 0 0 0 65 73 43 -128 45 72 68 81 73 0 0 0 0 0 36 72 90 106 127 117 99 87 100 94 88 116 113 84 91 95 104 100 118 113 118 95 84 94 97 104 111 127 127 88 106 100 74 110 95 100 96 125 108 0 0 93 74 113 88 83 87 83 88 85 104 116 83 100 111 107 95 100 91 118 110 85 99 102 105 110 118 125 127 64 2 120 99 100 25 0 0 0 22 41 0 43 38 53 30 67 73 50 0 67 43 83 42 70 100 18 89 72 43 47 55 48 43 71 78 77 49 24 3 82 88 38 53 41 45 52 56 65 90 96 41 52 55 73 81 81 67 73 62 79 61 13 91 78 99 72 68 56 105 89 84 91 97 81 108 94 99 85 95 66 87 110 93 87 64 88 104 87 61 116 102 59 122 127 93 113 118 120 101 89 108 124 95 120 81 114 90 0 114 60 0 61 127 74 106 89 116 62 101 100 73 61 71 79 77 111 0 118 82 79 93 119 93 101 74 47 68 70 79 64 110 77 77 76 102 101 105 100 113 114 104 14 118 77 77 73 35 59 90 54 56 61 77 105 70 64 96 72 49 104 0 105 117 101 117 106 94 110 88 120 66 100 119 119 99 112 105 105 113 81 72 67 73 35 3 32 0 0 -128 -128 -1 97 106 -1 -1 -1 -1 -1 -1 -1 -1 -1 -1 -1 -1 -1 -1 0 84 105 124 101 110 100 127 124 117 -86 -60 -30 -2 -40 -11 -26 -36 -12 -13 -22 -13 -6 -4 -7 -1 -1 -11 -1 -27 -36 -13 -41 -44 -51 -61 -53 -70 -77 -65 -59 -128 -55 -67 -70 -56 -83 -65 -63 -79 -91 -103 -100 -91 -68 -84 -72 -82 -67 -72 -73 -87 -81 -74 -70 -75 -72 -86 -81 -70 -78 -82 -74 -69 -70 -81 -73 -86 -69 -77 -74 -87 -81 -72 -75 -75 -72 -79 -75 -84 -75 -128 -96 -93 -82
99 107 101 102 104 104 106 106 104 106 107 107 111 111 111 108 114 112 113 112 112 113 114 71 118 118 119 120 122 119 125 127 114 117 113 112 122 120 117 123 124 124 122 123 122 124 120 125 120 124 116 114 116 120 123 119 114 116 125 117 117 107 89 90 90 91 94 99 100 112 116 111 124 0 107 117 116 111 113 108 112 113 112 106 111 110 112 101 94 97 93 91 89 85 85 82 83 97 91 48 35 71 -128 0 14 65 88 64 67 60 67 61 56 74 65 82 55 74 -107 0 0 71 6 60 62 64 29 31 0 0 0 0 0 0 0 24 108 93 102 88 123 97 114 93 91 91 95 116 117 106 116 99 97 108 102 124 127 89 96 117 112 77 79 105 88 116 94 114 0 0 106 81 112 85 68 82 91 89 84 97 105 102 111 101 102 94 87 99 113 106 100 104 105 111 116 127 125 116 76 0 106 111 101 0 0 0 25 85 79 89 82 76 97 62 49 67 78 56 71 82 68 65 67 76 65 59 54 33 99 73 30 41 61 66 79 89 81 84 66 48 45 102 56 78 59 79 35 70 70 72 39 59 84 83 42 60 82 66 88 25 15 83 107 94 32 0 89 96 70 84 56 94 96 97 84 66 83 70 91 76 107 79 81 95 68 108 91 90 101 110 61 84 118 71 73 55 83 84 95 108 95 105 119 112 74 50 0 66 79 59 96 127 67 117 93 97 110 85 120 84 43 66 68 74 85 0 96 88 64 78 68 59 107 97 81 64 70 102 108 106 73 84 111 117 93 104 114 111 118 127 0 78 87 74 100 44 3 64 42 54 9 55 59 82 77 108 77 61 99 3 93 123 102 83 124 102 118 107 89 87 88 120 119 122 106 100 87 117 99 61 76 0 0 0 14 2 0 0 -128 -1 -1 -1 -1 -1 -1 -1 -1 -1 90 -1 -1 -1 -1 -1 -1 -1 -32 77 106 105 113 104 106 123 104 100 -128 -60 -75 -47 -46 -17 -18 -13 -28 -18 -18 -11 -6 -12 -28 -28 -22 -25 -1 -1 -6 -40 -58 -73 -73 -64 -64 -74 -74 -58 -61 -65 -78 -77 -84 -67 -72 -78 -73 -82 -84 -100 -98 -75 -69 -75 -81 -70 -77 -94 -91 -93 -74 -74 -74 -78 -78 -83 -73 -79 -75 -74 -79 -69 -75 -81 -69 -77 -73 -73 -96 -93 -86 -77 -82 -86 -78 -78 -82 -86 -78 -84 -106 -93 -91 -92
127 111 111 110 110 108 107 106 107 107 108 107 108 113 114 112 113 110 110 110 111 119 119 111 127 125 122 118 127 123 124 113 120 127 118 122 125 114 119 117 119 118 127 120 122 127 123 127 124 124 116 118 117 114 114 116 119 119 116 118 117 118 110 105 104 97 97 96 99 101 111 120 123 127 127 119 122 119 123 112 111 105 104 100 104 106 106 104 95 94 90 84 94 87 85 77 85 84 71 62 62 62 0 -128 36 55 78 64 56 64 65 66 66 65 65 65 65 72 0 -128 37 73 20 60 62 45 0 0 30 68 71 89 64 77 81 44 0 0 0 0 0 0 0 87 112 106 101 94 112 102 107 116 106 118 120 127 85 94 127 117 84 112 91 112 83 108 108 0 0 99 43 91 93 74 82 89 89 89 93 94 90 91 107 106 94 84 82 72 117 127 111 87 91 113 54 71 53 70 0 105 119 90 65 0 58 67 64 0 44 37 56 55 56 38 53 42 68 43 0 36 127 74 90 59 113 50 45 60 82 88 49 82 41 96 74 76 100 71 77 61 64 78 59 73 83 60 67 56 106 62 29 39 77 77 82 0 79 56 76 43 0 73 71 73 64 82 44 72 106 93 88 70 94 88 88 101 78 96 96 78 107 94 82 97 81 91 96 84 105 96 82 66 113 96 119 122 91 111 111 76 93 83 79 31 18 4 0 72 59 93 79 102 102 0 102 66 83 112 91 64 74 79 99 102 106 79 77 58 52 42 65 60 79 84 66 55 90 113 127 96 76 66 77 0 94 18 60 84 105 77 0 0 88 79 91 0 59 0 25 49 54 22 77 113 82 106 104 99 91 0 83 94 77 70 60 101 94 58 117 105 90 96 85 127 3 0 0 100 93 113 54 97 73 39 27 0 -105 -59 -1 -1 -1 -1 -1 -1 -1 -1 -1 -1 -1 -128 -1 -1 -1 100 -1 -1 77 90 122 102 116 108 97 119 106 125 79 -51 -82 -63 -68 -36 -53 -35 -49 -45 -56 -21 -26 -27 -7 -21 -37 -18 -39 -49 -49 -64 -81 -69 -77 -56 -54 -68 -70 -54 -40 -68 -81 -79 -86 -75 -82 -86 -87 -88 -93 -101 -96 -73 -72 -82 -89 -68 -86 -78 -82 -75 -72 -77 -82 -70 -82 -87 -78 -82 -79 -78 -75 -72 -75 -89 -70 -75 -86 -77 -92 -82 -82 -93 -84 -77 -77 -78 -91 -88 -69 -74 -91 -94 -82 -84
116 102 113 105 107 117 118 117 116 118 111 113 118 118 117 117 116 116 118 120 119 122 114 113 111 127 127 127 125 127 127 122 123 113 119 101 125 124 117 127 123 124 122 120 111 118 119 120 119 119 120 123 124 120 120 122 127 125 118 113 117 119 112 111 106 96 101 107 112 101 111 125 125 124 124 125 122 125 116 107 104 101 99 99 102 101 100 100 95 93 89 88 91 85 85 72 81 88 72 58 58 45 0 0 24 72 48 47 64 66 66 66 67 67 67 65 65 50 -128 -128 49 59 53 65 79 65 67 81 73 72 47 0 0 0 66 70 66 60 64 81 81 68 0 0 100 83 91 120 104 102 124 122 122 125 118 107 108 119 114 105 94 108 118 90 106 112 0 81 55 110 101 89 76 81 84 91 89 95 94 89 88 113 110 114 95 94 76 96 101 102 88 99 73 76 97 119 79 15 127 100 0 50 0 32 73 48 58 72 64 55 7 66 78 35 71 44 55 89 43 85 15 48 85 102 56 68 97 78 81 77 72 73 54 44 70 88 96 78 60 87 73 68 78 79 47 70 73 41 35 45 77 77 65 77 0 67 61 87 24 0 61 70 82 60 93 0 107 91 116 110 83 82 87 93 97 100 76 59 87 82 100 87 93 97 78 102 83 78 108 97 110 112 99 114 91 111 120 79 102 61 105 47 0 21 66 127 82 88 84 113 106 119 99 96 72 83 87 61 91 70 111 123 70 68 81 0 76 59 53 62 68 77 76 88 107 81 111 81 101 119 71 73 0 101 82 0 0 0 7 0 73 0 0 0 21 43 52 59 56 49 61 60 112 73 88 119 101 83 95 90 127 84 84 81 66 94 85 93 0 0 0 93 106 77 88 66 83 93 77 105 91 90 82 15 9 25 -110 -1 -1 -1 -1 -1 -1 -1 -1 -1 -1 -1 -1 -1 -1 -1 -1 -1 -1 0 102 106 116 122 110 81 111 85 91 104 -128 -75 -58 -72 -49 -55 -30 -75 -58 -65 -61 -45 -22 -20 -25 -27 -49 -64 -70 -77 -77 -77 -75 -70 -60 -60 -60 -65 -55 -55 -87 -68 -128 -89 -93 -94 -100 -97 -98 -101 -98 -87 -77 -78 -72 -101 -83 -91 -92 -75 -75 -75 -75 -94 -73 -86 -86 -81 -75 -78 -84 -73 -74 -78 -79 -77 -74 -92 -73 -73 -87 -75 -82 -88 -75 -86 -96 -89 -91 -78 -73 -75 -102 -87 -77 -81
127 102 106 104 99 125 120 123 118 112 108 123 113 127 120 125 127 120 114 122 119 127 127 0 117 127 124 127 123 119 114 119 108 113 127 125 127 127 122 123 120 123 112 125 122 119 112 113 117 101 104 105 124 127 127 118 120 123 119 112 120 118 120 104 96 105 101 111 114 120 124 127 116 0 117 125 122 122 119 122 123 112 101 94 95 104 105 102 97 97 89 84 95 89 82 76 82 83 70 60 55 49 59 0 -128 -49 49 70 53 66 66 67 67 67 67 65 65 71 76 -53 -128 67 0 66 67 68 68 68 68 68 68 68 70 70 68 68 73 0 0 0 26 68 59 0 0 14 91 90 85 88 91 95 127 119 87 66 64 107 114 79 111 95 112 88 97 85 0 93 95 125 0 78 79 77 81 97 99 90 90 91 84 124 125 106 82 107 76 90 82 94 79 105 113 55 20 88 118 83 111 102 0 0 0 13 70 41 84 4 100 102 64 61 67 42 66 72 48 70 25 18 61 94 45 67 50 91 78 72 93 43 50 84 52 59 73 94 79 36 62 82 78 71 61 43 48 55 70 26 95 68 71 52 47 67 44 60 54 73 50 0 65 100 93 93 82 48 77 93 39 62 102 74 74 110 71 112 79 85 74 72 97 104 91 127 81 102 112 67 113 102 79 85 83 88 112 106 100 113 99 113 74 0 101 97 0 89 127 95 54 84 97 89 58 0 108 59 82 49 104 113 78 119 65 125 60 55 76 61 53 50 72 91 58 111 76 91 101 90 81 90 0 0 38 96 79 113 47 94 49 71 96 102 91 76 61 43 44 70 0 65 44 0 85 118 87 107 72 105 91 65 97 66 26 0 0 36 73 111 74 76 104 64 85 127 76 72 59 89 38 43 55 24 22 55 8 10 0 -40 -1 97 -1 -1 -1 -1 -1 -1 -1 -1 -1 -1 -1 -1 -1 -1 -1 0 85 127 119 124 97 79 122 94 108 88 -128 -53 -46 -81 -65 -63 -55 -75 -82 -86 -87 -54 -47 -55 -59 -69 -70 -67 -73 -70 -79 -78 -72 -60 -59 -56 -55 -55 -79 -74 -87 -82 -91 -77 -98 -103 -103 -84 -102 -102 -86 -73 -74 -81 -69 -91 -100 -77 -74 -69 -84 -72 -79 -78 -82 -89 -84 -92 -70 -77 -88 -72 -74 -72 -77 -78 -72 -77 -79 -59 -63 -75 -74 -64 -93 -97 -68 -83 -86 -74 -83 -65 -91 -128 -97 -87
114 106 108 117 117 117 125 101 117 122 124 123 116 122 124 127 124 127 127 120 127 113 119 102 116 113 116 119 107 112 117 113 123 116 118 118 106 120 122 120 122 122 127 125 123 117 114 118 119 120 110 124 118 125 117 119 110 127 120 127 119 119 104 114 122 120 113 106 110 112 127 118 124 119 102 118 122 124 123 119 113 108 104 104 104 93 96 102 96 94 82 82 95 89 78 77 76 72 64 58 44 50 47 -128 0 0 62 72 66 66 67 67 67 67 67 66 66 54 0 -36 61 66 60 66 68 67 67 67 67 67 67 68 68 70 70 66 71 50 78 59 59 62 74 50 0 0 0 0 20 108 88 84 99 95 124 114 95 84 96 91 82 120 94 93 96 0 0 81 87 93 82 76 77 88 95 102 95 82 90 85 101 107 110 73 85 99 100 90 71 77 93 83 50 60 74 85 105 127 99 0 29 104 21 89 50 72 45 81 70 52 62 0 50 85 56 67 67 31 88 83 79 89 30 85 70 74 55 93 55 54 83 45 45 81 90 74 94 91 72 82 52 81 93 93 74 45 94 55 48 38 82 77 73 67 1 54 82 79 60 0 65 81 85 77 61 0 60 94 81 87 77 94 84 112 104 81 110 97 79 107 125 97 110 88 104 79 0 83 106 85 89 100 101 99 116 101 0 9 89 58 21 0 100 0 114 102 108 108 94 73 96 104 93 83 66 54 44 96 111 95 101 88 104 90 0 82 64 66 60 122 76 104 120 90 118 112 113 71 91 71 0 0 52 95 53 56 114 107 52 60 116 106 78 35 44 60 59 0 62 93 88 89 89 27 0 0 45 83 83 0 38 62 108 104 79 90 73 117 93 99 117 94 77 71 65 58 56 0 94 108 6 -128 18 0 -128 30 -128 -1 -1 -1 -1 -1 -1 -1 -1 -1 -1 -1 -1 -128 -1 -1 -1 102 -91 94 108 123 123 88 123 112 100 123 117 -128 -55 -68 -81 -60 -60 -68 -77 -75 -73 -70 -67 -56 -84 -79 -86 -87 -86 -84 -77 -58 -67 -54 -58 -54 -60 -83 -65 -79 -79 -65 -92 -92 -88 -96 -96 -75 -91 -98 -87 -72 -73 -65 -79 -68 -87 -94 -65 -79 -89 -72 -79 -87 -89 -69 -93 -94 -78 -77 -75 -79 -74 -73 -74 -81 -72 -72 -63 -73 -74 -77 -79 -89 -87 -96 -98 -83 -73 -73 -83 -69 -83 -87 -73 -94 -70 -82
127 117 110 114 118 114 127 102 94 125 127 125 119 104 123 127 125 123 127 127 127 113 127 122 97 119 123 124 119 127 122 124 123 119 99 97 127 127 125 125 122 122 123 127 124 122 117 113 106 101 120 127 113 116 123 110 107 118 120 114 122 124 123 125 118 116 108 107 116 114 124 119 120 119 122 123 119 119 123 127 118 112 105 99 110 94 93 89 99 100 90 83 96 91 79 73 67 82 67 56 60 43 74 9 -128 0 0 16 76 66 66 67 67 67 67 67 67 58 91 -91 -2 70 71 66 67 65 65 65 65 65 66 66 67 67 71 71 74 65 72 64 71 66 72 0 0 0 0 56 54 66 73 73 43 0 0 0 127 96 96 106 96 93 120 112 88 105 7 0 85 93 0 87 83 89 93 108 85 81 94 90 85 122 105 83 79 89 107 91 76 73 74 88 0 0 87 99 93 114 106 0 0 102 76 56 87 49 87 0 83 83 20 27 79 70 67 70 66 97 82 30 54 84 71 68 94 55 41 91 49 36 87 71 31 62 95 78 89 77 53 71 74 77 68 44 61 66 82 47 42 67 91 78 83 79 65 72 67 73 61 90 0 14 67 70 90 89 91 43 95 112 67 60 71 118 88 106 78 87 81 73 113 91 72 116 73 0 62 37 52 106 96 100 96 78 120 127 1 114 67 0 74 82 52 77 122 113 72 100 54 77 76 89 110 0 60 58 38 78 79 74 116 65 73 87 0 62 62 104 62 68 116 127 124 74 19 77 100 55 62 78 82 78 41 127 81 33 18 53 26 32 76 119 67 35 48 91 0 0 0 0 35 45 114 70 67 116 112 94 82 1 0 4 0 0 0 41 65 107 66 117 95 79 89 87 47 97 97 41 13 87 20 -128 -128 -128 4 -1 -128 -1 96 -1 -1 -1 -1 -1 -1 -1 -1 -1 -1 -1 -1 -1 -1 -1 -1 -6 84 124 127 118 96 122 102 94 88 127 -1 -54 -69 -51 -61 -56 -78 -72 -72 -78 -68 -64 -78 -73 -92 -92 -81 -82 -81 -63 -68 -55 -51 -60 -65 -86 -74 -74 -82 -94 -88 -98 -103 -128 -92 -97 -105 -105 -91 -70 -70 -75 -91 -67 -70 -94 -72 -75 -93 -73 -83 -82 -86 -74 -100 -86 -78 -69 -83 -74 -68 -77 -73 -79 -77 -77 -68 -63 -63 -61 -65 -69 -91 -98 -96 -86 -72 -73 -97 -101 -73 -77 -70 -94 -78 -84
120 118 118 117 127 122 127 127 127 127 118 107 96 122 116 124 124 127 127 124 127 127 0 124 123 122 124 113 118 104 127 116 125 123 112 123 120 113 108 122 127 127 123 120 113 118 127 120 123 119 119 124 127 127 127 124 118 111 127 111 122 127 116 116 125 123 127 124 119 123 122 122 0 113 101 122 122 116 108 120 97 107 102 87 94 104 111 87 88 84 82 83 84 79 89 78 70 67 60 56 54 48 64 58 -128 71 0 -128 0 54 56 62 67 67 67 67 67 66 -114 -128 62 0 66 66 64 67 67 67 67 68 68 70 70 70 70 70 68 67 67 67 67 67 65 0 0 0 68 55 65 60 55 53 56 90 94 112 88 108 113 2 0 0 30 91 83 99 78 0 102 90 79 78 87 108 94 78 96 95 97 82 97 91 94 87 105 122 105 94 90 89 87 82 58 81 83 116 64 0 0 0 42 83 45 53 58 73 60 85 82 108 52 81 38 74 72 27 79 73 77 85 93 45 81 89 59 83 78 68 49 78 56 67 70 64 82 90 82 36 50 47 77 93 62 93 88 62 72 45 65 87 68 82 68 77 38 82 70 60 87 84 26 2 64 61 76 0 81 91 82 91 94 88 67 127 104 116 94 68 83 101 91 117 117 99 0 124 127 0 33 89 81 99 72 119 83 0 107 107 95 0 110 74 89 83 82 72 83 29 52 62 106 87 60 44 50 54 47 47 59 127 67 127 123 29 85 76 87 96 72 122 100 60 77 101 39 58 50 0 0 53 93 1 119 90 77 66 44 43 49 0 0 0 0 62 101 0 116 112 76 76 68 74 70 82 123 71 101 58 0 97 116 94 39 66 37 15 66 30 58 88 116 106 60 71 12 16 22 16 8 27 -128 -110 -1 -72 -128 -3 -1 -1 -1 -1 -1 -1 -1 -1 -1 -1 -1 -1 -1 -61 -1 -1 96 -1 0 89 82 114 127 100 122 114 93 111 100 -106 -49 -86 -74 -67 -54 -56 -58 -65 -61 -51 -56 -64 -56 -72 -86 -73 -65 -63 -63 -58 -61 -58 -45 -50 -67 -75 -74 -91 -88 -101 -102 -91 -108 -100 -97 -87 -69 -73 -73 -70 -72 -91 -75 -68 -100 -94 -82 -94 -78 -70 -78 -92 -74 -83 -83 -75 -77 -87 -78 -84 -92 -79 -70 -74 -72 -77 -69 -64 -64 -87 -69 -97 -88 -77 -83 -83 -83 -92 -101 -69 -70 -83 -88 -128 -77 -78
127 123 111 120 125 120 108 104 96 106 105 105 96 117 113 107 113 123 124 111 113 123 54 119 122 123 116 127 120 114 127 127 123 123 112 119 123 123 116 116 114 127 125 123 118 118 114 122 116 120 127 127 127 127 127 127 127 123 124 114 114 118 114 96 114 116 117 119 122 120 108 127 114 119 122 99 94 112 111 106 96 89 101 91 84 94 94 90 88 82 79 77 79 74 77 70 62 66 59 55 61 55 61 72 50 83 67 -128 41 0 95 87 65 67 67 67 67 67 59 -1 44 73 67 65 66 67 67 67 67 67 68 68 70 70 70 70 70 67 67 67 67 67 74 0 72 64 61 73 59 62 65 64 50 83 100 122 114 116 89 107 108 112 119 101 106 104 87 0 94 71 0 0 0 0 45 84 95 112 118 107 105 110 72 93 116 94 84 108 81 94 67 48 44 79 66 101 60 0 0 39 95 82 82 72 82 104 44 95 101 55 67 71 29 55 70 61 30 96 62 60 60 88 47 79 84 44 66 93 56 79 68 60 56 53 78 90 38 43 66 64 90 39 87 79 66 78 49 58 99 65 91 68 81 84 82 19 87 59 68 78 66 41 8 68 72 83 48 72 77 78 50 100 79 91 79 105 88 94 99 104 114 110 112 124 97 0 112 111 73 26 41 0 84 123 88 27 87 116 116 110 38 111 105 106 72 99 87 53 61 87 113 73 107 27 47 56 33 48 67 117 97 90 67 0 49 0 0 0 59 88 84 95 87 67 4 62 58 111 0 0 0 0 0 84 124 64 14 27 29 47 112 99 82 64 96 7 113 94 67 55 85 97 60 73 0 36 4 70 96 0 90 99 95 90 105 55 0 48 9 90 118 77 99 73 36 14 19 42 22 -128 -82 -92 -81 -34 -8 -1 -1 -1 -1 -1 -1 -1 -1 -1 -1 -1 -1 -1 -1 -1 -44 -1 -1 -1 -128 90 83 101 118 111 111 124 94 85 111 74 -30 -79 -61 -51 -68 -64 -55 -72 -68 -58 -64 -74 -53 -47 -77 -60 -58 -51 -70 -73 -89 -86 -89 -88 -81 -83 -94 -92 -100 -102 -83 -98 -93 -83 -97 -69 -72 -83 -70 -70 -73 -91 -78 -72 -100 -81 -91 -88 -75 -69 -78 -82 -81 -86 -82 -79 -100 -72 -89 -91 -78 -89 -73 -73 -83 -79 -86 -75 -65 -93 -78 -82 -96 -72 -70 -94 -97 -91 -82 -94 -84 -73 -94 -73 -128 -77
120 117 124 127 127 127 120 111 118 120 122 101 120 120 116 119 112 111 112 116 117 123 117 122 119 123 122 117 124 125 116 125 117 116 108 117 124 120 118 102 125 127 127 123 113 113 120 118 118 116 127 124 127 124 127 127 127 125 125 114 106 108 95 117 124 101 125 111 118 117 125 119 119 122 124 114 107 104 105 100 96 96 93 88 87 85 93 84 81 76 77 74 78 73 74 68 65 59 55 56 56 61 56 55 -58 67 3 -105 0 0 68 67 67 67 67 67 67 70 -128 -128 66 0 67 65 62 66 68 67 67 67 70 70 70 70 70 70 67 68 68 68 52 66 0 72 62 55 60 64 61 64 60 52 89 99 118 88 127 118 90 117 127 111 97 116 87 67 0 122 82 0 77 74 87 76 79 97 123 116 88 0 0 0 0 41 72 94 105 90 90 91 74 15 78 78 81 0 0 39 67 76 87 71 54 81 79 79 7 111 60 56 112 48 0 67 94 78 56 44 73 78 79 87 84 102 39 70 83 47 44 53 61 52 74 94 94 81 83 35 50 60 39 50 48 79 79 71 62 85 87 39 76 70 54 87 0 94 47 71 67 41 68 68 0 20 94 0 88 65 67 73 84 82 66 122 120 72 106 89 106 90 114 58 78 0 0 108 93 116 90 0 20 0 108 8 0 91 116 112 110 97 99 95 118 82 116 101 50 62 74 117 76 118 85 47 43 43 42 60 114 73 111 65 0 78 0 97 70 24 25 0 0 0 0 1 76 53 99 38 84 99 0 59 60 97 95 76 58 42 32 71 110 102 83 99 89 83 101 85 83 107 83 0 4 19 93 60 0 78 88 81 22 64 89 117 52 52 78 55 0 70 60 124 72 52 33 72 33 68 20 -128 -92 -61 -1 -1 -1 96 -1 -1 -1 -1 -1 -1 -1 -1 -1 -1 -1 -1 -1 -1 -1 -1 -1 0 87 84 82 105 118 127 108 107 102 96 87 -128 -70 -83 -63 -77 -68 -67 -87 -55 -67 -70 -81 -56 -47 -91 -75 -94 -65 -87 -78 -70 -67 -68 -63 -75 -96 -93 -93 -96 -97 -97 -93 -88 -74 -128 -75 -67 -79 -70 -73 -77 -89 -84 -72 -88 -87 -92 -98 -82 -74 -82 -75 -88 -75 -82 -79 -83 -74 -82 -87 -77 -86 -74 -70 -89 -88 -75 -83 -75 -75 -82 -61 -82 -97 -75 -93 -82 -74 -73 -86 -96 -68 -83 -94 -70 -87 -82
127 119 122 114 112 114 110 117 118 119 117 124 120 120 106 117 113 124 127 127 125 122 67 117 123 125 117 120 119 112 127 122 127 104 123 114 122 120 119 101 110 119 122 117 117 113 114 117 118 118 120 125 125 123 110 125 123 120 118 118 117 114 111 105 114 106 106 122 108 120 125 122 0 116 117 119 124 125 122 110 106 110 99 94 83 83 81 81 81 77 74 77 76 72 71 68 65 59 56 55 61 58 67 44 -81 74 55 10 0 29 -51 -128 62 67 67 67 67 64 49 -128 44 71 74 64 65 66 67 68 67 67 68 70 70 70 70 70 68 65 67 67 72 56 0 70 55 55 58 66 55 59 64 53 67 97 124 127 104 107 88 120 124 114 112 72 99 106 0 77 83 71 78 73 71 78 84 87 101 94 106 113 127 107 116 105 87 120 101 73 81 20 0 0 0 0 18 44 0 42 85 39 106 83 52 88 96 48 66 71 117 101 74 85 36 36 39 26 76 85 48 77 35 65 33 45 81 65 96 85 48 73 85 53 61 45 84 79 73 49 93 88 88 48 71 58 88 50 50 70 36 67 50 88 94 44 42 29 66 81 60 56 85 58 56 0 106 97 83 74 88 90 95 74 88 76 96 81 107 65 79 73 66 32 0 0 74 68 107 107 113 81 93 85 1 0 104 84 88 110 111 78 111 118 72 95 35 78 32 59 100 96 105 91 112 62 36 64 52 71 14 0 0 0 0 0 0 82 66 9 71 122 99 108 100 85 0 45 36 93 66 101 82 85 90 105 60 22 85 14 18 39 81 119 82 110 0 88 83 104 107 59 64 0 89 100 74 73 61 70 0 0 50 56 72 31 74 58 53 71 72 0 21 120 82 88 25 93 99 0 44 16 7 0 -128 102 -1 -1 -1 -1 -1 -1 -1 -1 -1 -1 -1 -1 -1 -1 -1 -1 -128 -1 -1 -1 78 85 90 97 113 125 114 79 114 106 102 122 -31 -81 -70 -74 -60 -65 -91 -63 -70 -75 -88 -83 -54 -79 -87 -65 -65 -59 -91 -100 -88 -91 -98 -101 -100 -101 -96 -82 -79 -92 -83 -88 -72 -69 -64 -74 -78 -77 -75 -69 -81 -84 -88 -98 -87 -78 -82 -82 -79 -89 -73 -75 -69 -74 -79 -82 -79 -77 -92 -70 -84 -77 -75 -75 -78 -73 -74 -68 -69 -81 -82 -92 -101 -75 -94 -75 -72 -68 -100 -86 -77 -96 -92 -70 -89 -83
125 120 122 124 123 116 117 125 122 114 119 118 122 116 124 113 124 127 120 120 122 0 113 118 124 117 127 127 127 125 124 113 118 112 113 119 120 127 123 123 104 127 122 119 122 123 107 110 117 127 127 125 127 125 127 120 123 120 118 111 120 110 120 108 94 88 116 108 120 127 122 122 113 123 120 120 120 123 113 112 117 106 95 91 82 79 73 76 74 70 76 66 70 68 60 60 56 54 54 59 67 66 45 -128 66 64 49 8 0 81 49 -128 77 77 36 106 42 67 -128 -128 68 91 62 104 36 65 67 67 67 67 70 68 68 70 72 74 79 56 59 72 67 0 67 56 52 60 56 53 43 70 60 83 91 99 114 119 116 78 120 120 119 117 108 118 0 0 113 70 77 0 83 79 84 94 88 106 84 102 105 114 116 125 82 96 108 85 72 73 79 0 85 61 81 100 118 0 82 96 66 73 101 94 72 79 14 55 0 0 0 0 0 0 0 114 0 61 78 0 91 84 82 29 37 54 83 68 33 29 45 58 77 81 56 71 49 94 54 72 91 39 50 73 67 83 89 52 119 68 43 87 88 90 43 3 89 47 72 73 74 94 79 53 0 77 74 0 78 79 89 89 95 84 95 101 127 70 127 127 102 -31 0 113 118 68 66 72 78 74 119 100 112 116 84 99 74 78 81 96 96 42 0 0 0 0 0 0 0 67 88 100 93 124 62 0 72 71 74 79 48 79 72 59 104 68 110 38 66 0 104 82 93 83 100 0 102 42 73 116 99 66 112 114 78 67 100 76 52 24 39 123 114 78 87 88 0 70 114 8 0 112 42 0 62 81 60 76 95 95 64 56 67 77 24 55 52 79 42 56 78 72 13 100 76 10 94 100 48 0 31 0 -128 -13 -1 -1 -1 -1 -1 -1 -1 -1 -1 -1 -1 -1 96 -1 97 -1 -1 -1 110 102 -1 73 83 78 88 119 120 123 108 97 108 105 96 0 -54 -86 -91 -68 -72 -97 -98 -63 -82 -91 -81 -64 -88 -93 -79 -72 -92 -87 -98 -97 -92 -96 -75 -96 -93 -88 -79 -81 -97 -84 -78 -81 -81 -81 -73 -75 -72 -74 -79 -79 -97 -74 -73 -86 -69 -68 -100 -81 -81 -79 -77 -92 -93 -94 -79 -73 -65 -78 -82 -82 -72 -81 -75 -83 -73 -75 -77 -89 -69 -67 -82 -87 -88 -92 -88 -78 -83 -92 -92 -75 -75 -87 -73 -81 -128 -67
127 120 116 117 119 117 120 110 118 118 122 124 118 117 125 123 125 127 119 123 127 105 95 113 124 127 127 127 127 122 127 127 125 120 120 112 112 124 117 116 97 120 120 120 120 117 110 111 119 122 127 127 127 125 124 123 120 101 108 116 120 111 120 117 120 101 119 113 123 122 116 124 127 122 119 120 123 125 119 97 99 104 106 95 88 78 78 78 83 79 74 71 68 68 67 61 58 55 56 56 35 70 81 38 27 66 66 0 0 -128 62 15 -17 32 85 44 58 54 -94 -1 -128 -128 74 62 66 65 66 67 67 67 68 70 70 70 65 62 70 62 72 0 0 0 14 68 55 58 49 59 70 78 78 84 82 88 91 127 97 112 118 120 120 118 94 111 0 0 127 72 78 82 83 84 89 91 95 104 94 89 100 101 99 104 89 93 104 76 77 77 118 0 65 91 82 79 89 0 0 27 76 44 91 45 82 93 60 62 54 0 78 66 76 88 79 89 53 10 30 9 73 89 78 81 54 22 0 0 0 0 0 0 0 0 0 0 0 6 6 48 64 49 88 64 49 42 62 77 73 42 29 26 15 42 41 0 66 48 62 72 52 61 60 70 71 48 66 65 66 45 54 82 96 68 81 89 64 56 36 7 0 0 0 0 0 0 0 0 0 0 0 47 68 96 97 96 104 124 81 72 95 106 120 81 107 70 61 36 41 81 99 118 72 95 77 76 59 118 70 54 76 48 85 36 84 106 120 56 59 84 96 37 2 0 2 2 107 59 72 61 100 54 73 118 62 104 66 71 47 31 10 41 65 97 105 79 70 67 7 41 102 114 102 56 77 72 64 68 85 82 74 64 82 77 44 56 33 101 56 38 95 32 58 38 93 100 85 116 35 0 10 32 -128 64 -1 -1 -1 -1 -1 -1 -1 -1 -1 -1 -1 -1 -1 -1 -1 -1 -1 -1 99 99 -1 39 87 79 78 108 127 127 100 111 113 95 97 45 -35 -73 -51 -91 -73 -83 -96 -83 -68 -93 -73 -89 -91 -100 -84 -93 -94 -97 -102 -96 -96 -91 -78 -82 -89 -75 -83 -79 -78 -77 -72 -74 -72 -77 -128 -75 -82 -78 -72 -70 -97 -74 -70 -100 -70 -69 -101 -98 -77 -81 -84 -78 -73 -77 -68 -70 -79 -73 -100 -72 -77 -77 -77 -75 -79 -73 -77 -84 -72 -69 -69 -77 -79 -89 -92 -79 -84 -88 -79 -86 -78 -96 -68 -81 -82 -111
123 122 125 120 113 118 113 118 106 117 119 113 120 127 116 123 125 118 125 127 120 93 108 122 127 127 125 125 123 119 119 124 125 119 111 119 114 102 93 106 104 127 118 113 117 117 107 116 124 120 117 125 125 124 120 123 107 119 107 100 118 108 118 105 118 116 101 122 117 125 124 0 118 119 118 127 122 127 96 100 94 100 99 94 90 88 84 84 83 78 78 68 66 61 64 58 56 54 58 60 50 70 39 -128 58 76 0 0 58 -124 59 81 -128 -128 -128 68 84 -108 43 106 -128 -128 78 50 84 65 67 67 67 67 70 71 71 62 62 71 0 0 0 0 0 74 62 60 59 60 70 68 100 88 91 89 94 87 127 106 114 116 120 120 108 106 94 0 16 111 61 79 82 15 89 91 100 107 102 83 107 104 101 112 93 87 117 105 79 77 93 99 112 62 108 93 78 0 0 19 62 48 60 107 66 110 91 95 41 107 71 87 53 97 68 68 88 43 78 0 29 0 106 110 48 71 53 41 97 50 95 64 78 56 59 84 73 47 89 68 70 100 64 96 61 60 59 64 70 71 52 39 84 87 0 0 70 90 59 71 56 56 65 83 107 78 2 61 106 0 0 21 -122 0 65 42 105 101 74 82 0 91 96 89 105 102 112 112 122 95 41 83 102 120 106 105 93 107 96 73 71 101 82 65 68 101 108 101 48 48 62 79 66 84 65 100 39 0 116 113 76 60 45 65 60 48 76 101 94 84 87 0 0 42 87 99 42 104 124 117 58 99 61 64 119 81 116 102 110 97 108 52 33 81 66 127 62 52 113 107 95 96 99 105 71 78 24 65 50 84 49 61 65 59 83 55 48 76 95 108 76 21 93 110 31 119 117 65 108 96 19 0 -119 -83 -1 -1 -1 -1 -1 -1 -1 -1 -1 -1 -1 -1 -1 -1 -1 -1 -1 -1 -1 -1 0 -1 0 93 83 81 104 122 111 124 106 113 93 99 96 0 -56 -84 -87 -88 -88 -87 -94 -86 -97 -82 -97 -98 -100 -84 -74 -75 -97 -100 -89 -92 -94 -74 -89 -91 -74 -98 -73 -74 -69 -75 -75 -75 -74 -75 -82 -72 -74 -74 -78 -92 -81 -73 -93 -75 -70 -105 -102 -73 -70 -74 -73 -87 -84 -93 -74 -82 -75 -97 -84 -78 -79 -77 -75 -86 -75 -67 -84 -74 -75 -79 -92 -92 -82 -96 -87 -75 -75 -69 -89 -89 -88 -78 -82 -77 -102 -64
127 123 125 122 114 110 113 116 125 118 111 119 119 124 122 127 124 124 120 125 127 0 107 116 125 124 116 127 120 106 124 119 120 111 100 108 95 97 111 120 114 119 100 104 107 107 122 105 104 105 118 127 116 124 110 110 118 120 117 119 124 101 110 105 123 120 116 118 122 118 119 124 112 122 117 114 112 105 100 94 88 102 113 104 91 93 90 85 82 76 74 73 72 65 64 61 55 54 58 58 72 65 38 -7 42 70 0 30 65 41 52 67 62 0 53 -81 -81 -51 -128 37 60 58 -128 66 76 67 70 67 67 67 68 71 73 78 0 0 0 0 0 0 62 65 60 62 71 65 96 79 89 85 117 113 120 118 114 118 102 106 104 120 104 117 99 0 77 88 112 77 72 87 91 97 101 112 100 91 108 101 107 112 79 74 117 95 79 71 84 114 102 95 53 105 82 87 0 90 73 65 123 123 65 104 53 58 81 107 45 107 77 85 82 47 79 62 99 84 47 33 27 79 55 66 38 61 45 48 94 89 79 71 76 37 59 61 72 61 91 104 74 82 79 71 79 47 111 73 52 56 0 64 85 74 76 59 49 61 71 74 79 78 87 41 44 50 61 53 0 108 64 72 0 48 72 93 118 120 111 0 111 125 91 101 105 83 127 107 76 94 72 97 88 79 97 87 102 96 79 101 81 104 91 72 93 93 95 54 50 53 71 54 61 43 54 87 100 127 99 59 58 60 50 48 71 119 84 64 39 43 93 43 89 66 38 0 108 88 66 73 112 77 79 97 114 96 74 84 72 65 55 87 25 95 77 45 53 108 101 58 97 100 108 58 0 25 49 71 49 52 47 50 70 55 38 52 111 88 101 54 108 107 14 6 79 67 49 37 88 45 -128 -128 76 -1 -1 -1 -1 -1 -1 -1 -1 -1 -1 -1 -1 -1 95 110 -1 -1 116 -1 -1 0 -128 89 87 82 96 127 127 84 108 94 112 96 94 54 -51 -45 -75 -93 -74 -79 -82 -87 -97 -77 -101 -91 -88 -78 -83 -94 -92 -89 -74 -78 -79 -75 -87 -84 -74 -75 -77 -73 -68 -93 -98 -73 -77 -74 -75 -69 -77 -75 -78 -78 -97 -72 -93 -82 -69 -100 -92 -79 -70 -70 -87 -100 -84 -74 -87 -78 -96 -94 -73 -87 -73 -79 -75 -81 -73 -74 -74 -82 -73 -81 -87 -92 -78 -93 -78 -92 -77 -75 -93 -93 -75 -78 -81 -94 -70 -94
125 119 106 110 116 119 120 114 110 108 111 111 116 120 125 120 112 119 124 124 117 93 110 118 122 118 127 127 120 122 124 120 117 119 116 117 100 120 119 124 119 102 112 124 120 111 95 114 123 120 124 122 108 111 97 94 120 120 127 114 122 118 113 122 118 122 110 122 118 124 123 127 117 119 123 119 101 99 99 89 91 107 124 100 93 88 85 85 82 74 73 67 68 66 59 58 56 54 59 60 64 74 26 -128 60 76 0 78 52 -128 68 43 101 -74 71 70 -128 -67 -122 54 0 52 -75 55 79 68 68 67 67 66 71 68 0 0 41 0 0 62 42 77 62 53 62 62 58 71 71 93 96 119 105 118 112 122 90 82 85 120 118 102 106 84 0 67 82 113 101 71 73 84 89 99 117 101 108 99 104 90 83 68 74 89 96 84 73 73 96 84 127 0 108 70 73 0 100 64 61 116 77 59 94 68 88 99 54 81 119 66 59 84 56 96 93 90 79 104 81 0 0 52 64 0 82 89 56 78 71 85 60 71 52 84 81 72 65 88 82 90 43 82 74 96 76 120 62 78 49 0 65 93 73 85 77 73 56 64 84 66 70 87 59 3 64 58 0 0 99 105 127 116 56 0 0 93 90 85 0 106 100 76 77 124 90 114 119 91 87 59 110 118 112 102 76 81 81 73 93 71 77 107 62 89 84 73 58 42 47 60 91 43 49 43 66 0 119 83 95 52 53 60 68 58 67 66 85 45 44 35 71 105 74 81 7 65 97 100 108 91 127 82 101 61 31 39 42 39 19 38 107 83 54 54 58 73 111 73 83 84 35 37 54 43 70 58 30 65 67 62 39 45 43 41 82 68 96 59 31 111 88 43 89 25 117 61 21 0 0 0 -50 90 -1 -1 -1 -1 -1 -1 -1 -1 -1 -1 -1 -1 -1 -1 99 -1 -94 -120 -1 -1 111 -1 52 93 83 82 110 119 127 107 91 90 125 99 107 -128 -40 -41 -84 -64 -70 -82 -92 -96 -88 -91 -84 -89 -79 -68 -93 -84 -73 -79 -73 -75 -77 -101 -82 -78 -73 -92 -74 -75 -81 -101 -74 -74 -73 -82 -128 -77 -94 -74 -72 -93 -70 -77 -93 -70 -102 -98 -72 -70 -75 -78 -79 -64 -70 -74 -92 -75 -79 -70 -78 -77 -70 -69 -78 -72 -74 -73 -72 -83 -86 -89 -86 -79 -94 -94 -91 -69 -65 -89 -87 -75 -78 -94 -94 -81 -87 -128
127 88 107 108 113 114 123 116 110 105 122 124 120 124 117 113 113 108 111 106 122 116 101 127 120 123 122 125 127 113 111 125 111 123 104 104 93 105 106 97 118 97 105 97 93 90 100 100 90 120 123 125 97 107 116 122 125 113 117 123 124 123 106 111 116 108 127 106 124 124 127 0 125 127 119 114 124 123 91 99 87 81 101 110 91 93 88 81 81 76 72 73 70 62 58 56 54 53 55 56 59 71 52 61 -128 73 0 0 -65 -101 88 60 83 77 0 48 79 78 45 -128 48 77 37 -128 106 72 72 62 58 83 74 64 0 0 6 58 58 59 60 60 49 67 64 113 71 127 64 112 127 122 105 120 104 114 120 93 107 89 95 124 117 90 0 65 106 107 94 67 84 0 95 113 89 88 110 108 113 113 78 71 62 82 125 83 66 62 64 96 97 93 19 88 70 37 0 49 76 110 27 52 56 102 95 93 50 96 53 73 25 90 73 56 112 52 84 41 100 76 82 112 104 33 16 65 37 83 83 77 116 55 65 89 50 85 55 67 95 83 45 101 60 73 88 127 87 64 37 0 73 71 58 78 90 45 79 77 95 76 27 107 42 0 0 47 0 104 73 111 99 96 85 97 112 21 60 -115 12 111 110 104 79 93 84 119 113 104 117 124 0 105 118 116 65 114 91 97 71 48 56 56 93 62 52 73 62 56 88 22 27 49 50 39 54 56 84 71 65 33 65 77 113 74 85 53 44 54 58 58 33 65 35 119 91 0 93 93 99 124 77 13 94 70 42 13 0 15 0 20 43 13 32 60 50 94 100 81 50 127 127 71 41 55 0 114 25 49 66 37 48 52 50 38 72 72 13 88 7 119 85 104 9 0 64 79 73 30 0 59 -1 52 -1 97 -1 -1 -1 -1 -1 -1 -1 -1 -1 -1 -1 -1 -1 -1 -128 -128 -64 -1 -1 -65 -1 43 91 76 101 127 127 105 101 95 97 90 104 -128 -34 -36 -83 -92 -92 -88 -97 -91 -87 -72 -94 -77 -74 -77 -70 -96 -75 -78 -74 -96 -93 -78 -77 -74 -73 -74 -70 -72 -82 -82 -77 -74 -75 -94 -94 -77 -75 -83 -73 -93 -74 -67 -73 -89 -75 -98 -83 -69 -86 -83 -88 -87 -86 -86 -89 -77 -68 -72 -78 -72 -96 -70 -73 -86 -79 -70 -86 -88 -87 -82 -79 -92 -89 -83 -75 -69 -61 -103 -81 -83 -87 -93 -97 -93 -77 -74
100 108 105 108 112 117 123 122 105 105 107 105 112 124 111 112 108 99 100 116 64 100 105 116 127 123 122 114 124 127 123 100 105 105 105 106 104 104 101 96 97 101 101 99 105 106 101 99 106 113 102 94 97 100 118 127 116 118 123 111 116 127 122 114 119 107 119 118 118 110 123 122 127 125 123 118 105 95 95 87 82 85 87 91 90 85 79 79 81 76 72 66 64 64 60 53 54 54 58 59 66 77 77 53 -22 56 62 0 0 45 72 64 64 53 42 -45 88 79 55 -128 -128 113 -128 -128 -3 73 73 71 68 56 67 83 0 54 59 72 58 79 67 78 72 78 91 78 82 83 93 112 112 96 102 105 0 0 124 125 116 119 112 101 108 0 68 91 113 85 74 81 85 100 119 97 101 111 105 122 107 85 77 72 79 124 73 56 0 42 87 76 74 0 81 78 76 0 0 90 66 96 70 54 64 79 52 60 93 76 53 70 110 105 45 112 95 42 101 84 56 0 36 35 73 54 6 52 47 76 81 60 90 77 62 70 95 47 64 29 83 68 64 78 77 79 64 76 67 78 0 9 79 56 82 71 64 79 88 79 47 72 32 58 0 89 56 118 93 0 101 76 70 87 102 100 84 112 108 97 99 112 99 73 84 112 94 108 71 117 105 106 50 93 111 108 96 101 91 83 78 61 61 53 65 74 62 39 81 32 31 27 37 32 27 42 48 0 106 118 70 62 78 105 91 93 78 65 79 62 67 100 65 56 83 105 58 35 82 127 102 105 30 96 58 44 87 41 29 55 12 41 58 41 55 49 106 120 76 56 97 78 76 37 47 89 88 30 71 61 55 33 42 35 48 68 99 73 84 71 31 84 113 89 13 19 26 0 0 -128 -128 -128 -1 -1 -1 -1 -1 -1 -1 -1 -1 -1 -1 -1 -1 -1 -1 -1 97 -1 -40 -12 -1 -1 -1 -46 -100 77 96 78 112 127 127 119 104 91 110 105 116 -35 -64 -73 -89 -84 -93 -94 -91 -87 -87 -96 -82 -74 -78 -70 -86 -100 -73 -77 -77 -68 -73 -77 -74 -77 -72 -78 -74 -81 -72 -75 -70 -83 -81 -75 -77 -63 -94 -77 -75 -96 -64 -75 -98 -70 -88 -100 -74 -82 -82 -75 -87 -74 -78 -73 -86 -96 -82 -75 -81 -89 -89 -72 -77 -79 -73 -94 -79 -84 -84 -84 -91 -84 -84 -75 -79 -98 -94 -72 -94 -84 -91 -91 -75 -75 -72 -88
127 106 117 111 112 117 113 113 110 95 107 112 105 118 108 107 111 100 106 104 0 100 101 106 127 113 127 116 127 120 127 104 104 110 102 102 100 101 100 97 99 99 99 99 107 107 102 100 102 110 95 96 97 105 113 125 124 118 123 119 111 127 117 105 117 113 124 117 117 117 127 111 114 111 120 127 118 123 118 117 95 81 94 97 93 83 81 78 78 77 71 68 68 59 58 62 54 55 58 59 50 70 58 90 -116 58 37 108 0 -128 -8 64 64 59 67 -17 -7 65 78 53 -128 -128 72 45 -39 44 61 79 79 54 70 0 0 81 54 55 58 68 64 76 62 77 81 77 88 67 71 124 88 110 127 113 87 0 0 0 0 43 106 99 97 0 43 78 95 83 81 76 88 0 107 110 102 97 105 120 122 99 90 65 74 100 68 0 55 58 0 65 76 76 0 76 89 95 0 0 37 39 110 58 124 62 96 88 104 73 90 54 77 44 55 91 107 61 82 77 87 78 25 77 106 91 95 49 88 64 54 99 30 70 88 94 88 66 74 70 59 60 83 91 61 87 74 33 84 72 60 56 105 71 87 93 84 67 79 52 64 82 12 19 79 0 78 93 100 52 82 72 71 94 76 60 100 84 127 65 100 112 95 77 76 113 96 74 68 85 108 94 89 84 93 117 118 95 102 94 72 65 56 74 70 62 87 70 87 71 53 41 20 36 37 49 36 49 67 95 106 108 106 78 94 94 127 84 30 73 78 105 101 95 111 97 0 55 68 88 97 89 112 97 60 78 59 22 54 21 59 64 85 91 30 58 101 88 54 94 79 72 66 76 52 76 72 29 48 77 127 65 78 45 52 91 119 85 33 106 53 89 24 65 42 12 0 30 16 -128 -101 -1 -1 116 -1 -1 -1 -1 -1 -1 -1 -1 -1 -1 -1 -1 -1 -1 105 -1 93 100 111 -1 -1 -1 105 0 84 87 95 118 127 97 102 95 101 111 124 -128 -51 -60 -88 -84 -70 -88 -87 -79 -87 -86 -74 -77 -75 -73 -61 -86 -86 -77 -73 -67 -75 -77 -77 -74 -72 -83 -81 -72 -84 -69 -79 -86 -87 -69 -78 -128 -101 -74 -69 -73 -68 -92 -93 -78 -68 -102 -72 -75 -73 -73 -68 -67 -77 -82 -77 -87 -70 -72 -75 -69 -88 -74 -73 -79 -79 -91 -70 -82 -86 -92 -84 -67 -74 -72 -79 -91 -82 -73 -79 -89 -84 -72 -89 -92 -75 -93
100 111 113 106 119 117 117 118 102 104 108 102 112 114 111 105 100 99 107 102 102 99 100 102 100 113 123 116 125 125 100 108 108 102 100 100 100 99 97 96 96 99 99 99 93 97 100 99 100 108 96 93 102 113 113 124 116 116 119 110 112 110 116 112 110 119 118 123 112 112 0 111 96 105 111 116 127 96 97 104 78 74 91 99 90 90 82 71 74 72 67 68 62 56 54 52 54 55 58 59 74 73 65 -54 66 77 44 0 48 -128 0 68 65 73 87 -35 45 67 73 54 -35 -128 82 71 -128 -122 -53 79 67 66 79 0 81 59 54 74 67 83 14 29 76 76 85 112 118 105 99 114 127 127 108 127 0 0 0 8 0 0 0 76 9 0 83 82 97 88 91 83 89 106 88 104 94 101 111 118 96 90 94 72 84 74 56 81 74 65 0 81 81 15 0 85 95 112 0 0 88 102 72 110 82 105 71 82 101 62 48 73 48 93 95 94 71 84 105 81 76 13 112 58 53 50 0 67 32 74 105 76 76 71 47 91 27 70 54 99 55 88 77 88 59 79 84 84 55 73 55 0 84 83 61 91 85 73 90 13 79 60 78 93 65 8 8 0 10 0 49 74 60 71 71 110 96 122 76 84 112 74 100 71 96 108 107 110 112 122 96 100 127 3 107 100 101 83 79 87 85 83 95 82 79 91 71 94 99 68 52 32 43 38 50 25 42 45 70 84 104 66 60 127 104 42 58 89 118 55 66 118 82 111 76 30 58 50 55 90 58 122 91 95 39 42 55 58 18 36 56 54 50 32 53 78 91 88 101 102 72 61 65 53 14 53 0 43 73 119 71 112 77 50 79 122 108 39 56 62 37 0 10 55 27 0 -128 -117 -128 -58 -25 -1 94 -1 -1 -1 -1 -1 -1 -1 -1 -1 -1 -1 -1 -1 -1 -1 -16 -1 -1 -1 -1 -1 -1 -128 -128 94 89 77 110 117 125 119 101 101 116 127 0 -7 -63 -83 -88 -73 -91 -89 -81 -93 -74 -79 -81 -70 -75 -78 -75 -101 -81 -73 -84 -72 -79 -98 -77 -73 -89 -83 -79 -86 -73 -75 -88 -78 -75 -75 -75 -128 -73 -75 -94 -89 -89 -88 -94 -68 -97 -83 -74 -84 -88 -79 -61 -70 -94 -81 -93 -72 -75 -74 -81 -79 -81 -68 -74 -77 -86 -73 -74 -97 -74 -70 -58 -63 -69 -82 -97 -81 -73 -78 -73 -79 -73 -83 -82 -75 -65 -98
127 104 117 118 117 116 116 113 104 101 100 101 100 102 105 112 110 101 100 81 96 96 97 97 105 125 127 97 127 123 111 99 99 100 101 100 100 100 95 93 91 93 96 96 94 100 100 96 99 108 95 94 101 118 97 112 114 118 114 110 112 120 119 111 112 118 112 120 102 114 122 88 120 102 123 116 89 88 89 74 85 82 88 88 99 84 79 73 70 66 66 62 67 62 60 58 56 58 59 60 54 71 56 84 -128 60 59 0 36 73 -59 50 71 70 73 50 -125 70 60 89 0 -128 -128 55 83 -36 -22 -128 82 64 76 0 74 68 55 58 59 76 88 0 0 0 0 77 97 116 77 127 100 107 127 95 117 0 127 127 85 0 0 0 0 0 73 99 100 78 87 88 91 66 96 107 94 102 108 111 107 100 85 73 93 65 44 83 73 78 58 47 0 9 0 49 93 125 102 0 70 107 82 108 82 127 96 66 93 66 43 60 3 0 110 44 106 91 107 85 107 76 77 84 87 82 12 87 43 58 89 70 83 71 55 67 76 47 104 105 77 85 74 90 67 52 76 54 77 96 52 60 89 78 60 104 85 64 76 0 76 97 99 100 95 42 0 0 76 38 105 0 107 101 93 89 90 82 91 94 120 101 106 95 89 100 74 91 106 100 112 99 127 127 0 48 113 110 112 105 95 82 100 72 85 106 90 112 112 102 85 31 39 56 25 50 49 54 44 123 89 93 89 44 84 66 64 82 53 79 62 110 73 95 100 81 0 87 30 53 70 99 85 99 117 42 19 71 79 37 58 76 112 26 87 95 102 116 113 82 101 22 53 50 38 31 48 54 94 95 72 87 59 37 62 114 85 55 0 30 56 0 20 25 30 -128 -79 -128 -1 -22 -11 -7 -1 -1 -1 -1 -1 -1 -1 -1 -1 -1 -1 -1 -1 -1 -1 -1 -1 -1 -1 -4 -3 -1 -1 -1 -23 81 87 83 83 114 120 120 91 108 106 102 89 -18 -46 -68 -81 -69 -72 -75 -88 -83 -70 -82 -75 -78 -74 -74 -60 -60 -96 -81 -83 -75 -73 -96 -78 -73 -78 -79 -82 -72 -72 -84 -77 -77 -77 -82 -73 -77 -65 -74 -96 -88 -68 -83 -100 -70 -91 -96 -74 -79 -91 -81 -75 -60 -81 -61 -82 -67 -86 -70 -78 -75 -86 -72 -69 -74 -81 -73 -61 -82 -75 -68 -49 -37 -67 -79 -100 -75 -72 -81 -81 -72 -87 -77 -96 -86 -83 -74
99 106 118 125 124 120 120 111 106 104 100 100 99 97 96 99 93 95 96 0 97 100 101 99 104 102 104 125 123 102 101 102 101 100 100 97 96 97 96 95 96 97 94 94 100 96 95 97 89 95 105 95 107 100 91 107 122 120 118 105 99 101 108 101 90 100 93 89 125 91 96 102 100 117 116 93 88 87 82 81 79 76 78 70 79 89 81 89 76 64 65 65 56 56 56 55 59 62 61 62 64 79 54 76 -128 72 71 19 0 0 -97 84 65 72 76 48 -114 79 49 50 -106 39 76 -128 -103 -128 59 71 68 76 68 0 55 54 54 67 53 58 0 0 45 0 12 106 93 127 120 107 127 111 102 117 0 0 107 106 116 93 70 47 0 82 107 99 62 89 107 107 87 120 108 91 99 100 108 91 88 85 91 91 95 49 60 72 83 84 102 107 77 71 73 88 120 110 0 19 94 49 0 0 0 0 0 8 0 0 0 88 49 102 73 93 90 93 62 95 79 39 97 96 79 84 0 91 77 71 83 78 106 79 71 108 44 97 112 81 102 79 47 74 83 64 87 81 95 49 71 0 85 50 84 77 88 74 38 66 99 85 81 96 79 95 79 66 106 19 95 0 68 110 76 117 112 118 101 106 70 95 101 93 96 122 97 105 101 119 107 90 99 90 13 106 88 97 82 104 107 83 94 120 93 60 93 95 83 77 45 39 39 39 55 32 37 53 120 110 65 77 73 82 88 62 58 61 85 43 54 88 42 36 26 82 0 30 29 18 25 117 118 111 30 32 50 30 59 19 49 20 55 76 68 82 76 107 31 44 49 36 74 15 49 21 0 119 85 78 73 59 53 66 120 100 67 21 20 26 22 30 29 58 0 -8 -117 -112 -1 -1 -1 -1 -1 -1 -1 -1 -1 -1 -1 -1 -1 -1 -1 -1 -1 -1 -1 -1 -1 -1 -1 -1 -1 -1 -1 -1 -128 8 91 83 82 94 118 123 107 85 119 0 -27 -12 -41 -82 -86 -82 -91 -89 -87 -91 -91 -74 -74 -77 -74 -83 -64 -84 -101 -72 -72 -73 -94 -84 -69 -72 -72 -81 -67 -79 -92 -77 -81 -78 -91 -88 -82 -75 -77 -98 -74 -73 -91 -94 -81 -68 -89 -75 -87 -89 -72 -82 -97 -84 -93 -81 -98 -86 -75 -73 -83 -74 -81 -73 -96 -91 -73 -63 -72 -91 -91 -68 -89 -94 -92 -100 -74 -88 -84 -79 -88 -84 -83 -92 -82 -93 -73 -81
127 101 111 106 114 122 118 117 107 105 101 99 99 97 97 96 96 95 97 101 93 105 100 97 104 104 88 127 122 108 116 99 99 97 99 99 97 95 96 94 95 95 94 94 96 95 96 94 95 93 96 101 96 96 96 89 114 120 113 105 105 97 101 113 110 97 87 93 87 87 0 107 84 106 100 96 97 114 88 83 87 83 78 76 74 90 89 90 76 67 60 66 53 53 55 54 58 62 62 65 64 64 70 61 25 0 53 58 6 0 50 52 64 72 73 77 -128 -31 70 70 54 -128 49 89 -128 -128 -14 73 70 70 79 62 0 61 59 59 50 58 79 0 71 90 0 89 102 118 87 100 125 125 124 114 116 0 50 110 76 114 87 114 118 74 124 82 79 88 102 112 107 120 119 91 95 108 108 97 97 99 84 64 88 0 62 74 73 81 73 113 83 71 76 81 127 72 0 83 49 0 0 14 42 0 54 0 0 0 0 31 95 49 67 61 108 96 38 66 45 94 61 79 90 18 39 68 74 60 72 73 90 91 58 37 81 78 77 58 76 45 65 94 56 50 94 59 47 62 78 31 85 78 73 100 15 31 0 36 61 90 82 54 60 83 96 72 95 100 90 41 73 94 93 87 99 106 116 62 90 94 112 106 105 87 106 124 127 96 88 78 74 83 0 94 110 84 108 116 122 108 73 65 93 44 113 88 58 81 116 42 12 41 42 48 31 43 0 116 65 95 94 68 36 78 38 19 43 73 96 73 58 12 54 38 0 73 31 38 32 64 44 87 78 47 14 70 70 18 26 9 7 64 50 71 90 43 39 32 50 54 111 24 7 64 118 99 42 74 94 64 42 90 89 76 29 21 21 47 39 38 16 35 32 -61 -112 -128 -1 -1 -1 -1 -1 -1 -1 -1 -1 -1 -1 -1 -1 -1 -1 -1 -1 -1 -1 -1 -1 -1 -1 -1 -3 -1 -1 -1 -128 -13 41 78 78 76 91 119 105 104 104 70 -111 -28 -13 -34 -69 -87 -86 -94 -74 -93 -82 -70 -74 -91 -77 -94 -67 -54 -98 -97 -73 -70 -94 -82 -68 -81 -77 -87 -88 -100 -92 -72 -77 -77 -91 -83 -75 -64 -128 -75 -91 -87 -87 -97 -100 -70 -93 -91 -96 -84 -75 -86 -78 -79 -78 -86 -94 -100 -84 -74 -94 -78 -81 -86 -77 -77 -73 -83 -93 -91 -65 -84 -86 -91 -94 -88 -92 -79 -81 -98 -84 -88 -69 -81 -91 -91 -75 -74
99 102 110 101 111 105 100 114 100 99 97 97 96 97 99 91 91 96 101 120 112 101 104 100 102 108 124 112 97 106 102 101 100 97 97 97 96 95 94 93 94 93 94 94 95 95 95 93 94 91 91 93 95 100 95 107 108 96 97 104 93 104 90 95 82 94 95 89 93 21 94 91 95 108 114 110 106 87 88 91 90 83 78 81 82 81 84 74 66 55 64 60 58 58 58 58 61 65 66 67 62 58 85 30 -6 54 66 71 0 68 -53 79 76 73 72 52 -128 62 66 0 44 -128 68 60 -1 -128 43 66 71 68 76 0 0 59 59 60 67 0 0 67 66 53 0 106 87 120 127 105 114 105 110 102 94 0 107 107 116 83 93 108 78 124 88 81 90 101 110 105 0 100 93 95 101 87 85 91 95 82 101 68 66 59 77 81 79 82 112 83 77 79 90 114 7 0 82 0 0 127 106 100 108 66 64 108 0 0 65 112 77 71 77 102 104 72 41 84 104 79 89 68 61 0 85 82 64 93 72 88 58 97 74 83 106 106 65 55 41 70 83 60 95 81 79 64 82 68 60 26 91 73 87 43 76 58 76 66 83 85 59 77 68 77 53 66 79 27 104 0 0 78 0 0 91 96 81 0 73 107 94 111 102 99 100 120 87 114 95 117 78 45 96 116 91 95 65 74 120 96 0 54 56 94 101 62 62 108 22 35 44 38 49 50 47 60 101 88 112 53 77 56 41 77 83 49 54 99 78 72 42 78 0 0 43 39 31 61 44 37 76 79 84 82 58 35 25 19 24 14 50 50 88 96 70 78 48 20 26 91 43 29 58 106 43 42 94 83 65 59 118 70 47 30 24 27 20 13 3 0 -128 0 22 -1 -1 43 110 -1 -1 -1 -1 -1 -1 -1 -1 -1 -1 -1 -1 -1 -1 -1 -1 -1 -1 -1 -1 -1 -1 -1 -1 -1 -1 -1 -1 -1 71 77 74 88 116 106 116 116 96 -64 -63 -41 -128 -55 -93 -78 -88 -82 -89 -77 -77 -83 -88 -82 -81 -79 -68 -75 -92 -88 -75 -72 -86 -79 -84 -70 -78 -79 -79 -86 -81 -84 -75 -92 -78 -78 -58 -96 -81 -93 -81 -87 -92 -83 -70 -92 -77 -67 -97 -74 -84 -84 -78 -83 -74 -86 -88 -74 -81 -87 -93 -70 -75 -77 -72 -81 -86 -74 -67 -64 -97 -83 -82 -91 -87 -84 -78 -91 -78 -81 -67 -78 -82 -84 -97 -89 -77 -73
127 97 101 102 100 91 101 102 94 97 100 99 99 96 96 93 96 100 100 6 84 100 105 104 102 111 124 100 105 104 105 102 101 99 97 97 96 97 100 95 95 94 93 93 93 93 90 89 89 87 94 94 91 91 94 99 99 96 99 88 87 101 91 90 95 97 89 81 79 83 101 82 94 105 107 105 117 94 93 93 91 99 95 107 90 68 78 77 65 62 55 61 55 55 56 53 62 67 67 67 72 67 70 68 -11 44 62 14 0 81 35 -25 53 70 66 76 67 -128 66 72 70 87 -128 -9 78 -31 61 76 68 68 67 67 0 0 31 72 56 0 72 67 64 58 0 62 114 127 113 104 105 95 96 114 95 0 89 99 124 85 91 94 84 122 113 93 82 82 110 119 116 107 89 84 81 83 81 76 84 84 104 70 0 65 72 82 81 84 112 106 78 77 85 114 107 87 0 0 127 90 91 122 88 107 96 110 0 54 76 110 41 78 77 45 68 48 97 122 97 12 59 91 58 0 94 82 59 61 74 54 89 83 88 64 53 118 72 97 93 91 72 95 64 83 78 70 48 64 70 97 56 60 62 71 0 68 102 65 88 70 93 79 91 66 91 61 61 76 93 89 78 71 0 61 64 0 0 71 0 93 91 73 84 71 88 84 88 95 101 110 94 91 6 79 107 77 82 71 70 91 73 70 56 0 60 95 85 60 82 20 22 24 31 50 44 70 0 93 66 61 53 47 45 94 67 73 52 50 91 48 42 12 0 33 26 35 65 41 42 52 33 83 96 105 14 30 25 37 52 14 18 19 39 65 64 43 36 67 45 25 8 18 19 41 16 0 62 79 74 85 100 60 38 66 13 31 2 22 53 49 9 -128 -128 -1 100 100 -1 -1 -1 -1 -1 -1 -1 -1 -1 -1 -1 -1 -1 -1 -1 -1 -1 -1 -1 -1 -1 -1 -1 -1 -1 -1 -1 -1 -1 -1 -59 73 85 79 83 116 106 97 83 -36 -46 -54 -20 -55 -78 -88 -92 -84 -68 -84 -79 -83 -82 -78 -73 -87 -73 -50 -83 -88 -86 -65 -96 -74 -70 -70 -82 -88 -96 -82 -88 -83 -72 -86 -91 -86 -70 -77 -98 -91 -87 -70 -96 -88 -72 -70 -100 -82 -100 -75 -75 -79 -78 -86 -77 -79 -87 -72 -88 -72 -79 -70 -74 -87 -77 -86 -82 -74 -64 -88 -93 -78 -84 -91 -92 -86 -83 -92 -82 -83 -93 -98 -87 -93 -101 -88 -75 -72
94 96 96 100 94 95 100 94 95 97 104 99 99 95 96 97 99 100 0 91 97 102 107 104 108 127 116 119 108 107 101 99 99 99 99 96 99 97 97 97 96 94 94 94 91 91 87 87 85 85 89 88 89 85 88 99 101 96 93 87 94 84 95 102 102 104 95 89 88 47 101 111 116 101 123 112 114 104 97 91 91 108 118 72 62 65 72 66 64 55 60 58 56 54 60 62 66 68 68 68 77 82 26 56 65 64 78 0 0 71 -128 68 73 61 66 77 62 6 68 77 67 48 -128 21 -112 -128 59 70 67 73 64 0 0 0 62 54 0 64 64 38 61 70 0 112 114 122 114 104 104 107 116 88 0 73 84 112 88 82 83 88 90 96 94 85 84 107 116 127 0 83 88 83 82 84 85 85 85 96 77 0 82 81 89 70 72 97 85 71 72 108 123 108 108 76 116 96 95 119 113 96 100 90 21 91 0 72 72 99 76 72 70 83 49 119 112 110 42 79 100 74 50 89 93 65 59 94 72 71 95 84 111 64 41 85 70 67 70 42 99 95 79 52 54 99 94 105 71 33 113 49 104 48 87 27 48 66 58 79 87 95 97 74 100 90 99 71 88 93 84 106 79 99 97 68 90 97 0 102 73 87 58 62 90 76 82 112 93 84 81 68 96 89 67 93 70 52 0 72 111 101 81 0 29 32 85 47 33 30 0 25 38 50 96 107 96 60 55 72 37 39 35 39 94 43 30 61 58 59 35 9 37 18 41 61 56 65 18 4 89 89 29 4 31 33 20 82 56 13 4 14 47 49 4 18 55 100 31 6 15 35 44 25 43 61 89 93 99 116 93 18 66 95 48 19 16 25 33 0 -128 0 -9 -1 -1 -1 -1 -1 -1 -1 -1 -1 -1 -1 -1 -1 -1 -1 -1 -1 -1 -1 -1 -1 -1 -1 -9 -1 -1 -1 -1 -3 -1 -1 -128 -1 -6 66 72 85 95 112 104 127 -37 -14 -27 -70 -65 -92 -82 -82 -81 -73 -97 -88 -84 -82 -77 -81 -78 -82 -61 -70 -94 -97 -73 -84 -81 -77 -78 -79 -87 -82 -84 -86 -77 -75 -73 -94 -79 -78 -86 -96 -128 -83 -69 -89 -83 -87 -73 -100 -98 -92 -75 -75 -78 -81 -87 -77 -88 -82 -81 -83 -83 -77 -87 -72 -94 -65 -78 -70 -64 -82 -73 -91 -79 -81 -89 -94 -89 -88 -94 -77 -94 -86 -78 -68 -79 -97 -79 -72 -78 -89
127 97 102 94 96 94 95 91 94 94 97 97 97 93 95 91 97 81 81 94 99 107 101 108 113 110 110 91 99 101 100 101 99 99 99 96 97 101 100 97 94 95 93 89 90 89 91 89 88 87 97 60 83 87 117 84 95 88 102 87 82 95 93 102 110 118 113 89 81 15 111 124 113 118 112 117 114 117 114 95 95 96 95 100 82 89 72 72 62 60 59 60 55 55 62 66 47 81 85 52 56 70 73 0 62 68 70 71 0 -128 68 -105 99 71 71 68 73 61 -35 0 76 70 39 89 -128 -128 29 79 70 60 76 72 0 0 0 54 58 0 61 64 58 60 0 47 123 106 108 119 105 96 123 118 104 0 120 127 111 77 114 91 79 102 90 84 102 111 104 116 100 88 88 87 78 82 84 101 77 91 108 25 89 78 89 81 83 84 81 84 85 111 105 95 106 102 111 87 83 114 106 101 112 96 107 87 -128 0 56 84 100 87 30 52 93 101 87 97 93 0 66 56 0 83 93 66 85 59 100 88 53 79 67 78 79 58 96 89 97 94 58 97 60 76 56 72 93 102 60 71 0 87 52 6 0 79 93 61 66 72 82 73 91 84 91 93 102 90 88 79 76 105 101 95 84 62 108 58 97 0 123 127 95 42 56 88 56 66 95 89 95 91 100 87 104 32 45 0 54 105 127 123 82 65 76 0 7 72 25 14 0 12 0 4 106 101 0 81 104 62 74 52 41 10 65 79 43 43 36 27 53 0 45 33 32 107 39 55 55 16 31 64 12 24 3 12 20 24 8 9 8 38 30 32 22 58 44 52 45 32 8 45 43 59 74 0 74 44 53 120 64 3 88 42 21 25 99 42 56 30 0 -6 -1 -1 -1 -1 -1 -1 -1 -1 -1 -1 -1 -1 -1 -1 -1 -1 -1 -1 -1 -1 -1 -1 -1 -1 -1 -1 -1 -1 -1 -8 -22 -26 -22 -4 -1 -128 58 77 82 116 118 127 -128 -39 -12 -51 -79 -73 -63 -70 -67 -74 -89 -86 -84 -75 -84 -78 -78 -74 -81 -55 -74 -92 -94 -72 -82 -72 -87 -89 -79 -88 -92 -87 -75 -75 -86 -100 -93 -73 -74 -86 -70 -105 -70 -68 -92 -89 -65 -100 -89 -73 -77 -69 -84 -92 -86 -77 -78 -86 -74 -77 -82 -74 -82 -84 -83 -73 -69 -82 -78 -83 -67 -81 -87 -72 -91 -97 -81 -88 -87 -83 -79 -91 -82 -69 -65 -88 -89 -92 -72 -96
96 97 94 93 94 93 91 93 93 95 101 101 102 91 91 95 88 87 99 100 107 107 107 110 106 102 104 104 102 105 100 99 99 101 96 99 99 100 99 97 96 93 99 104 105 105 96 94 93 91 94 62 30 -114 -128 -128 106 91 70 88 94 83 97 97 100 114 124 96 96 94 108 127 114 122 118 118 116 113 118 110 95 102 114 107 74 62 66 59 56 64 58 56 55 62 65 66 83 60 64 82 70 52 -60 -17 70 72 66 37 0 91 48 -128 74 74 74 72 68 55 0 66 67 96 -74 -3 -51 -128 27 72 68 64 67 70 0 4 0 72 0 54 61 64 58 49 0 76 105 107 120 107 110 118 107 99 0 112 74 120 74 91 94 71 93 116 72 95 108 116 116 118 107 88 78 78 78 83 84 89 90 100 31 68 71 94 79 81 72 83 79 95 120 108 123 127 90 120 81 94 108 87 111 96 90 107 76 87 76 0 52 94 43 85 112 104 81 99 83 55 93 42 81 0 83 91 76 100 60 96 85 58 82 71 99 81 76 43 81 89 107 83 104 82 72 95 96 50 66 72 87 60 0 82 93 82 74 77 70 87 78 52 78 94 93 93 73 87 79 76 65 88 96 83 102 71 107 93 105 106 0 124 113 79 116 77 54 45 45 50 88 111 114 100 97 87 62 0 29 62 55 106 107 99 88 68 54 0 6 25 18 24 31 8 12 36 38 77 90 14 -124 0 32 31 45 19 61 49 29 33 15 13 0 18 25 22 73 106 61 33 88 68 55 2 21 29 15 31 18 31 22 31 10 3 26 0 43 102 0 18 107 81 7 16 71 48 49 58 68 60 42 25 19 43 111 83 15 19 24 10 8 0 -1 -1 -1 -1 -1 -1 -1 -1 -1 -1 -1 -1 -1 -1 -1 -1 -1 -1 -1 -1 -1 -1 -1 -1 -1 -1 -1 -1 -1 -1 -11 -37 -37 -37 -77 -13 -6 -1 0 60 84 119 116 66 -39 -27 -23 -49 -36 -23 -77 -77 -82 -72 -94 -81 -92 -78 -81 -75 -74 -96 -70 -37 -77 -98 -86 -73 -73 -77 -92 -74 -69 -81 -93 -88 -91 -94 -84 -81 -81 -78 -79 -70 -79 -81 -75 -81 -97 -74 -103 -74 -73 -77 -75 -79 -92 -75 -75 -73 -81 -75 -77 -73 -78 -84 -81 -82 -77 -77 -70 -83 -77 -88 -79 -68 -61 -68 -86 -75 -73 -87 -81 -86 -87 -92 -84 -75 -98 -89 -86 -73 -78 -93
127 95 90 93 97 93 91 90 93 95 95 97 94 91 93 94 91 100 71 97 105 89 110 111 112 106 105 105 105 105 100 100 101 101 100 100 100 97 99 97 95 94 106 96 96 101 100 99 104 95 48 61 108 -128 -128 -128 -128 33 -128 55 114 83 91 94 95 104 104 108 59 73 116 125 111 127 111 108 118 108 119 105 88 96 105 120 95 65 59 49 56 56 59 60 61 61 64 65 67 74 -23 60 21 -128 -45 61 127 66 67 84 14 0 81 45 -128 70 85 73 70 65 67 0 68 43 79 -11 -64 -70 -97 47 82 66 73 78 71 54 0 0 0 22 58 43 67 58 0 78 84 100 127 110 127 113 113 112 0 123 90 127 105 95 94 79 77 97 83 82 113 114 122 111 2 88 81 78 79 81 82 87 108 96 38 70 99 82 79 81 70 73 66 106 116 101 127 112 87 124 77 94 111 99 117 101 104 104 102 88 16 0 0 41 77 111 108 68 64 108 85 67 54 0 60 41 97 52 107 88 95 67 95 88 39 101 50 107 107 81 72 114 105 107 24 74 89 79 50 48 76 72 67 85 84 101 54 81 59 104 82 82 87 85 83 78 91 65 60 60 95 58 78 89 78 96 87 82 74 56 77 116 66 65 118 97 74 119 117 117 59 39 39 72 77 65 79 85 81 89 68 56 64 81 107 112 68 56 49 48 26 66 58 37 52 62 42 0 14 76 78 0 -128 0 -128 -92 0 0 0 3 0 -124 -105 -128 -128 -128 25 32 77 127 83 38 59 25 58 12 22 61 7 38 22 22 39 43 49 9 43 13 29 0 9 26 15 2 2 26 56 74 110 35 50 31 20 27 33 33 31 33 15 25 21 0 -128 3 0 -1 -1 -1 -1 -1 -1 -1 -1 -1 -1 -1 -1 -1 -1 -1 -1 -1 -1 -1 -1 -1 -1 -1 -1 -1 -1 -1 -1 -1 -17 -41 -55 -23 -12 -42 -31 -6 -4 -1 0 73 113 96 -28 -42 -14 -40 -67 -37 -63 -73 -70 -84 -73 -87 -88 -91 -81 -77 -91 -81 -78 -60 -55 -83 -100 -77 -72 -73 -88 -82 -77 -67 -93 -93 -83 -86 -78 -77 -69 -77 -93 -73 -81 -107 -67 -88 -106 -63 -87 -69 -78 -87 -70 -78 -83 -77 -88 -74 -82 -79 -70 -74 -94 -74 -83 -73 -69 -78 -89 -91 -87 -87 -96 -77 -69 -75 -89 -84 -77 -77 -83 -74 -94 -92 -92 -75 -78 -73 -101 -84 -69 -81
106 108 95 90 93 89 94 94 94 100 100 99 100 95 94 93 91 0 102 102 88 106 111 112 107 107 100 100 100 100 99 101 102 101 99 101 100 101 99 94 96 104 106 105 106 101 96 102 116 111 102 76 62 0 90 -128 -128 -128 -128 70 96 82 94 97 100 110 110 77 4 94 127 113 122 108 117 112 113 120 112 112 111 100 107 118 62 62 58 54 54 54 56 53 58 64 66 67 -13 65 -97 70 -25 67 83 64 72 70 89 0 0 89 79 -128 2 56 65 71 70 74 52 58 71 78 -103 -128 0 -128 -128 73 68 70 78 72 58 0 0 50 55 58 79 59 38 54 0 54 61 118 114 125 124 8 0 0 0 101 105 97 79 124 74 66 93 67 79 102 90 120 106 108 96 84 76 76 81 84 90 99 81 71 64 113 102 84 81 67 79 99 107 118 116 111 107 116 97 93 119 117 96 106 94 83 113 94 102 21 71 0 74 97 119 105 24 84 108 102 52 76 97 68 0 44 102 101 100 59 107 66 54 77 55 58 67 83 76 82 44 112 79 62 48 117 72 55 99 62 73 91 108 65 76 113 55 74 67 60 88 70 72 81 85 65 81 95 64 108 81 64 81 55 78 90 89 97 84 106 107 83 0 79 70 112 119 119 116 113 90 50 43 41 50 88 111 96 74 81 77 71 76 64 117 81 50 45 67 27 38 64 44 72 38 50 44 0 0 81 0 -128 0 9 0 -128 -128 -107 -128 -128 -110 -88 0 0 -128 0 62 106 76 42 60 31 52 27 102 67 15 27 30 42 36 38 42 50 19 2 22 37 54 18 41 10 3 18 25 18 35 50 9 0 90 67 6 14 13 24 0 24 38 0 16 -128 -1 -9 -1 -1 -1 -1 -1 -1 -1 -1 -1 -1 -1 -1 -1 -1 -1 -1 -1 -1 -1 -1 -1 -1 -1 -1 -1 -6 -1 -1 -1 -17 -45 -51 -34 -40 -13 -13 -7 -17 -17 -1 -1 82 127 0 -51 -35 -30 -46 -42 -1 -14 -54 -75 -69 -97 -77 -82 -82 -81 -82 -79 -89 -83 -60 -87 -105 -83 -78 -70 -74 -84 -82 -82 -98 -96 -83 -78 -75 -74 -72 -74 -69 -72 -68 -102 -128 -83 -83 -86 -91 -68 -79 -72 -70 -74 -75 -74 -73 -73 -70 -84 -75 -77 -93 -75 -75 -68 -70 -70 -74 -83 -77 -72 -91 -73 -84 -98 -92 -94 -98 -87 -92 -89 -102 -86 -74 -69 -65 -78 -86 -94 -70 -84 -96
127 110 90 96 96 93 91 91 89 95 95 93 94 94 100 94 91 68 97 90 99 105 112 116 105 106 105 105 104 104 102 102 101 101 100 100 102 100 95 99 101 104 108 100 105 100 108 97 105 93 -1 105 94 116 53 87 -94 -1 -128 -108 104 91 107 104 110 117 97 88 85 91 99 120 117 105 122 113 117 113 108 120 118 117 106 87 66 67 64 68 58 58 58 54 61 61 66 67 85 67 -64 56 30 74 -12 59 83 72 65 70 73 0 49 -20 33 -128 42 73 70 65 84 -79 59 62 82 58 -111 68 -2 -128 85 65 59 65 -128 -128 43 58 44 61 54 49 70 61 0 0 79 112 127 118 124 120 0 0 30 95 119 127 77 77 127 70 104 111 73 73 93 96 93 120 0 88 81 76 77 77 83 79 94 83 39 88 104 97 87 78 83 94 122 116 116 83 96 74 95 114 116 117 100 82 87 87 127 117 85 94 -86 127 0 99 101 107 36 88 101 84 66 60 101 0 22 59 53 83 93 56 82 102 61 70 65 77 87 55 88 104 72 59 68 99 84 58 90 60 97 79 87 96 77 54 61 78 60 76 53 62 44 83 68 88 72 65 74 88 95 65 64 72 59 97 70 71 88 107 71 95 0 104 12 83 83 117 105 112 99 82 112 101 70 88 59 73 68 105 52 72 55 56 50 36 70 88 93 29 30 42 30 31 37 47 30 56 53 47 39 58 9 -69 10 13 9 1 72 95 20 8 39 0 18 15 0 44 0 73 0 2 95 1 55 20 64 72 0 -128 0 24 48 37 22 18 0 0 -128 -36 26 37 54 29 16 43 45 24 24 22 35 73 73 67 0 16 -128 -125 -128 37 12 0 -128 33 -1 107 89 -1 -1 -1 -1 -1 -1 -1 -1 -1 -1 -1 -1 -1 -1 -1 -1 -1 -1 -1 -1 -1 -1 -1 -1 -1 -1 -1 -3 -30 -49 -54 -37 -40 -32 -128 -7 -23 -9 -13 -35 -1 78 125 -101 -50 -28 -30 -58 -68 -128 -60 -59 -81 -94 -87 -84 -93 -73 -77 -89 -79 -78 -73 -72 -92 -94 -87 -69 -70 -91 -83 -84 -94 -88 -78 -73 -75 -68 -96 -69 -94 -96 -88 -96 -72 -100 -94 -82 -87 -86 -72 -73 -72 -77 -91 -78 -92 -84 -81 -83 -70 -73 -88 -75 -70 -96 -79 -70 -72 -83 -96 -72 -60 -79 -91 -77 -72 -74 -94 -92 -83 -97 -91 -77 -87 -74 -83 -82 -72 -73 -73 -89 -91
113 102 106 91 87 87 87 88 93 94 93 93 93 100 90 93 91 91 104 95 96 102 111 107 104 105 106 112 102 105 102 104 102 100 100 102 100 97 99 100 104 101 102 100 96 99 96 93 94 93 104 93 89 87 114 54 -128 -1 64 72 90 101 104 114 116 117 122 87 16 87 106 114 100 125 116 114 106 113 116 118 118 127 127 118 94 49 58 54 56 54 59 56 64 66 67 68 74 62 0 -128 60 81 70 70 65 68 66 77 0 53 93 -7 -9 65 73 60 79 83 -128 60 73 83 85 -128 20 49 -92 -128 10 76 -128 -128 95 -121 61 42 73 64 87 60 71 77 0 76 78 95 90 116 78 0 31 108 110 104 101 114 79 105 73 74 127 88 76 89 87 91 91 108 91 93 76 74 76 77 81 89 74 14 70 96 78 83 84 85 104 97 95 101 99 106 84 95 117 116 120 102 114 127 122 120 107 110 99 90 0 0 0 114 95 81 62 72 87 78 81 107 42 21 105 82 66 101 55 104 93 84 85 82 53 77 82 82 85 83 65 87 85 78 104 47 84 81 81 67 81 38 60 71 67 83 101 71 88 64 47 93 91 73 76 87 52 68 93 88 77 95 107 62 108 70 49 71 89 0 77 9 74 93 95 105 73 89 117 123 82 89 91 87 76 53 58 87 83 71 83 67 36 38 61 81 71 32 33 35 30 38 43 52 47 54 38 56 1 12 0 19 30 49 18 44 49 39 4 48 62 48 39 27 31 -128 -128 -55 -54 0 0 0 -128 -128 -1 0 24 43 0 0 0 -128 0 0 -110 -74 22 35 25 45 41 36 30 38 30 21 0 9 10 0 37 -18 0 0 0 -22 97 -128 -61 -1 -1 -1 -1 -1 -1 -1 -1 -1 -1 -1 -1 -1 -1 -1 -1 -1 -1 95 -1 -1 -1 -1 -1 -1 -1 -1 -1 -1 -1 -1 -16 -18 -35 -50 -58 -41 -39 -20 -20 -36 -14 -23 -12 -23 -11 -1 72 82 -27 -32 -23 -46 -74 -45 -22 -70 -67 -91 -89 -83 -81 -86 -83 -89 -75 -63 -96 -69 -69 -100 -88 -75 -74 -86 -75 -72 -92 -81 -69 -83 -83 -88 -88 -77 -84 -88 -74 -88 -75 -81 -100 -72 -72 -74 -70 -86 -84 -93 -87 -89 -98 -72 -93 -84 -86 -84 -73 -97 -92 -84 -77 -83 -82 -100 -97 -97 -69 -74 -101 -92 -74 -83 -94 -97 -78 -88 -78 -87 -77 -92 -79 -77 -82 -89 -77 -88 -86 -73
127 97 97 110 95 87 87 85 87 91 100 91 90 96 88 95 90 0 87 88 95 94 110 112 110 106 106 112 106 108 100 100 104 101 102 102 99 99 100 101 105 104 105 102 100 100 96 91 94 95 112 95 89 87 78 73 76 71 87 67 91 101 105 108 102 106 101 68 26 101 101 125 124 125 112 114 105 102 111 113 120 120 118 122 101 62 59 60 54 54 54 60 64 67 68 70 66 73 60 -1 -128 53 68 68 73 74 64 72 43 0 79 -128 67 0 50 62 71 0 -128 88 66 44 55 -128 -47 0 43 81 0 -98 -128 -103 85 -108 -20 65 56 76 59 47 55 66 62 0 71 79 102 90 105 0 0 82 96 104 102 100 124 79 96 78 110 107 77 76 70 70 78 101 8 91 79 74 73 73 77 81 79 70 52 97 100 84 88 89 81 90 108 104 99 107 87 112 123 101 110 122 124 122 119 114 90 70 84 9 22 105 0 49 68 84 43 47 120 102 64 107 43 0 105 90 83 107 68 84 71 45 89 88 38 49 76 73 87 53 62 91 70 81 72 101 93 61 43 59 61 55 97 62 87 84 94 70 65 76 82 82 59 73 97 82 74 74 66 87 64 89 76 68 1 0 89 62 39 27 100 79 101 90 95 94 87 83 107 88 82 93 127 82 114 104 60 42 44 68 90 45 38 39 44 48 76 74 42 36 33 32 35 45 52 64 74 44 0 18 19 13 25 36 36 43 47 20 33 37 72 54 61 48 0 39 18 -37 -120 -128 -128 -128 -128 9 0 -128 49 41 -65 42 -49 36 19 36 14 -55 -128 39 20 20 31 47 81 25 15 20 24 0 20 31 0 0 -128 -128 0 0 108 -1 -11 -1 -1 -1 -1 -1 -1 -1 -1 -1 -1 -1 -1 -1 -1 -1 -1 -1 -1 -1 -1 -1 -1 -1 -1 -1 -1 -1 -1 -1 -1 -4 -21 -41 -50 -53 -60 -51 -41 -26 -22 -44 -40 -9 -21 -32 -22 -31 -77 100 -128 -42 -25 -26 -68 -44 -45 -42 -16 -79 -86 -82 -86 -81 -74 -82 -72 -77 -91 -93 -60 -87 -97 -75 -70 -77 -75 -75 -97 -87 -78 -93 -83 -93 -94 -77 -86 -74 -67 -91 -86 -84 -128 -86 -77 -73 -79 -82 -77 -75 -77 -72 -77 -73 -86 -73 -70 -96 -72 -92 -91 -70 -73 -89 -77 -77 -88 -78 -75 -93 -102 -98 -82 -86 -94 -97 -86 -84 -77 -88 -86 -88 -82 -78 -91 -93 -78 -79 -89 -75
110 97 96 91 89 87 85 85 91 91 95 93 91 88 96 94 81 90 93 91 93 102 113 112 117 116 110 112 108 102 104 102 102 104 102 100 100 100 101 102 107 107 104 102 100 94 91 91 88 95 89 87 85 82 84 81 73 76 90 88 93 114 123 101 88 77 68 71 76 117 106 114 127 120 127 111 104 107 110 123 122 120 111 112 70 52 60 55 59 56 54 65 66 67 70 71 70 70 59 0 -119 66 76 72 -96 42 62 73 0 0 66 -128 -8 -13 -128 61 83 -96 84 66 77 87 77 88 -128 37 70 105 14 -27 -1 -1 -41 -124 -17 78 65 64 54 70 107 67 49 0 74 97 122 117 0 112 89 97 111 84 113 101 96 95 74 79 127 83 77 72 78 70 82 99 90 81 77 72 72 74 78 87 66 0 88 119 107 117 101 123 114 114 117 120 112 94 112 101 116 114 113 124 122 117 99 95 106 124 0 106 124 0 0 0 95 62 68 48 102 82 106 62 95 2 76 67 58 74 95 100 53 83 102 47 59 76 71 72 102 53 71 67 94 41 79 62 106 99 116 66 95 100 38 71 37 81 99 71 85 64 94 45 78 73 62 89 71 64 83 67 111 83 19 0 0 0 43 0 88 87 84 83 97 93 105 102 100 82 78 114 113 124 124 118 108 108 55 37 48 89 39 53 39 33 44 77 70 59 55 45 32 37 55 71 18 64 14 8 12 6 0 41 44 45 44 45 31 27 62 52 58 95 58 71 20 78 112 49 61 85 55 49 55 26 32 32 18 19 -84 0 0 -96 -117 -128 -92 0 -115 15 12 0 0 27 19 0 49 -128 -73 -107 -128 -94 112 96 96 -25 -28 -92 -1 -1 -1 -1 -1 -1 -1 -1 -1 -1 -1 -1 -1 -1 -1 -1 -1 -1 -1 -1 -1 -1 -1 -1 -1 -1 -1 -4 -14 -1 -11 -22 -42 -39 -50 -50 -37 -54 -61 -64 -47 -36 -55 -128 -46 -32 -41 -23 -39 -1 -122 -97 -22 -27 -14 -58 -75 -41 -12 -7 -51 -79 -69 -77 -84 -81 -75 -79 -78 -75 -67 -84 -64 -87 -92 -82 -83 -78 -74 -79 -82 -73 -86 -88 -79 -82 -83 -79 -74 -73 -93 -94 -72 -89 -77 -86 -89 -96 -93 -86 -92 -83 -78 -93 -87 -69 -79 -72 -67 -78 -77 -86 -73 -84 -78 -72 -78 -93 -81 -91 -89 -82 -82 -78 -72 -77 -91 -78 -88 -82 -89 -78 -96 -81 -78 -81 -74 -82 -87 -77 -68 -77
0 14 78 111 101 89 84 84 87 93 89 94 89 89 93 87 85 95 93 88 91 96 102 113 116 107 108 120 118 107 107 106 104 104 104 101 101 101 102 102 106 108 102 100 104 96 101 85 87 83 79 82 84 79 77 79 79 71 74 81 97 104 89 106 95 94 91 84 15 74 88 85 119 127 127 108 114 105 104 102 125 118 101 95 60 54 60 60 56 60 53 64 66 68 68 70 71 71 59 -63 -79 67 74 68 67 -115 32 72 71 0 67 61 64 -128 -128 65 76 -128 0 66 70 78 13 61 39 -128 91 -128 -4 -119 -128 -1 0 62 -31 -86 41 67 62 66 61 60 82 0 70 93 87 120 110 0 111 89 116 111 90 123 125 116 81 76 117 122 88 72 93 61 81 87 83 83 73 68 68 70 73 81 76 61 67 127 119 122 101 93 82 111 106 113 118 83 101 90 107 105 110 111 113 112 89 107 87 95 44 0 117 104 91 0 0 0 0 0 39 64 45 70 93 10 0 71 101 88 81 85 58 53 94 90 45 53 74 67 81 110 47 99 97 54 94 42 82 53 81 97 104 111 118 95 71 60 90 50 96 77 90 48 45 65 64 88 65 95 100 107 37 0 0 0 39 101 0 0 74 112 72 127 87 111 107 89 99 95 112 88 120 116 114 112 101 99 84 65 26 44 39 41 48 38 33 49 78 81 97 61 42 42 71 89 64 27 12 14 19 10 13 29 65 53 26 66 35 44 77 53 44 71 56 74 0 54 47 19 65 71 119 79 20 22 30 48 12 62 49 0 -97 -45 45 123 -12 -128 -128 -128 31 43 14 18 19 25 60 -128 -31 -49 27 0 -12 -1 -1 113 -1 -1 117 -1 -1 -1 -1 -1 -1 -1 -1 -1 -1 -1 -1 -1 -1 -1 -1 -1 -1 -1 -1 -1 -1 -1 -1 -1 -16 -37 -49 -40 -45 -35 -39 -49 -67 -58 -53 -47 -64 -61 -64 -54 -44 -36 -35 -42 -20 -25 -11 -3 -35 -1 -1 -41 -22 -27 -70 -58 -37 -2 -1 -49 -70 -58 -79 -86 -83 -78 -73 -67 -92 -77 -68 -86 -98 -88 -77 -77 -70 -82 -79 -86 -82 -88 -77 -87 -81 -94 -102 -86 -91 -100 -75 -75 -89 -94 -68 -87 -98 -75 -94 -74 -84 -77 -74 -79 -77 -94 -65 -82 -92 -96 -87 -91 -69 -82 -83 -84 -86 -92 -77 -78 -75 -74 -83 -81 -84 -81 -83 -83 -92 -83 -94 -75 -74 -74 -73 -84 -78 -84 -79 -128
112 101 66 0 89 87 85 85 87 90 95 94 88 93 93 76 0 89 88 93 96 105 108 116 108 110 114 110 101 108 110 105 105 104 102 102 102 108 111 105 108 108 104 105 96 96 96 97 89 79 85 77 78 77 72 77 77 101 87 95 100 101 97 88 88 83 88 39 64 77 90 84 107 127 114 112 102 100 100 106 102 107 97 52 53 43 67 59 59 58 67 65 68 70 70 71 77 60 -26 -128 64 77 66 78 -128 -128 62 72 0 94 61 -128 -31 -50 44 81 38 84 76 60 74 35 49 82 -26 68 32 -27 -20 -69 84 -1 -128 -32 -1 0 52 74 61 61 59 66 49 0 78 110 122 105 0 39 105 112 118 93 110 84 84 102 82 84 127 105 91 96 99 73 76 0 79 74 72 66 66 68 72 84 64 33 104 114 114 116 96 87 105 99 107 102 100 94 91 125 119 117 123 127 122 122 111 94 107 77 102 105 124 122 111 101 0 0 0 0 72 64 55 85 85 49 30 110 94 54 59 56 91 101 78 78 68 89 78 85 99 79 82 88 95 62 72 85 79 72 73 106 67 97 110 55 72 77 79 96 67 85 68 81 72 71 82 95 72 119 84 27 0 0 105 95 95 104 0 54 111 93 96 91 99 100 95 105 105 106 99 117 119 113 110 106 122 87 82 50 37 25 26 31 50 50 55 78 65 61 89 48 37 38 83 89 48 14 0 15 18 20 0 49 58 88 91 48 53 77 56 45 55 44 54 0 76 61 32 13 16 89 70 13 14 76 62 16 3 4 39 -37 0 -128 0 0 -98 33 -3 -3 24 29 8 30 64 0 33 -128 72 -128 -128 -1 127 97 -1 97 58 110 -1 -1 -1 -1 -1 -1 -1 -1 -1 -1 -1 -1 -1 -1 -1 -1 -1 -1 -1 -1 -1 -1 -1 -1 -1 -34 -49 -50 -45 -59 -31 -42 -55 -63 -46 -61 -64 -70 -63 -59 -50 -78 -39 -65 -51 -58 -61 -13 -35 -34 -22 -9 -39 -13 -16 -50 -72 -55 -41 -3 -17 -65 -81 -72 -79 -86 -73 -82 -79 -89 -69 -63 -93 -65 -96 -79 -75 -78 -78 -70 -93 -87 -87 -82 -84 -77 -88 -98 -97 -82 -97 -88 -75 -89 -128 -81 -89 -94 -78 -81 -98 -86 -74 -74 -82 -94 -83 -72 -84 -94 -93 -89 -84 -74 -86 -83 -73 -89 -73 -94 -79 -81 -82 -93 -83 -78 -89 -84 -93 -89 -78 -81 -72 -78 -92 -73 -92 -89 -128 -89 -116 -101
127 91 93 104 85 88 90 0 10 87 93 99 85 78 88 85 0 87 90 94 95 102 108 113 106 111 116 116 111 112 111 107 106 112 113 116 117 108 102 106 106 110 110 108 100 101 105 85 91 93 84 84 81 76 74 77 74 79 79 81 87 89 87 106 93 83 79 78 70 72 73 74 85 106 101 113 108 100 82 101 97 123 79 62 50 54 54 59 47 55 53 58 93 83 68 81 99 -128 -1 -74 78 79 72 -128 -128 -128 76 -128 0 0 81 55 64 -128 -54 89 0 -128 -128 -63 0 77 -128 -128 -128 65 0 -1 -128 38 7 94 -1 -1 -1 -1 -122 61 72 58 55 70 73 0 83 107 100 122 127 0 96 113 77 84 110 105 116 91 77 79 119 122 100 77 91 74 73 78 81 77 72 67 67 68 70 74 65 0 96 120 112 124 119 116 120 102 91 102 108 97 116 101 113 112 114 102 97 85 91 84 95 127 124 117 64 122 116 88 107 82 111 0 0 88 77 64 104 21 47 42 78 105 94 64 100 58 90 84 90 77 88 58 113 65 67 97 85 88 97 56 66 83 93 62 70 45 65 102 60 125 77 96 61 64 96 54 96 67 85 83 96 66 101 73 0 88 78 113 117 117 96 0 0 0 118 116 0 37 94 122 104 97 73 127 127 118 85 93 117 112 82 85 52 47 37 22 32 45 48 39 29 37 48 55 42 21 27 32 18 29 16 41 19 20 43 50 82 85 62 49 29 59 55 41 79 96 62 0 54 47 14 18 45 48 76 90 13 21 37 10 33 36 83 10 6 -128 -30 73 -9 -8 -40 -1 -1 0 0 0 0 -65 111 -117 -128 -1 -1 -1 -128 -1 -1 -1 -1 -1 -1 -1 -1 -1 -1 -1 -1 -1 -1 -1 -1 -1 -1 -1 -1 -1 -1 -1 -1 -1 -1 -1 -1 -1 -1 -35 -56 -40 -25 -61 -36 -34 -56 -59 -69 -56 -65 -67 -63 -77 -65 -68 -77 -42 -128 -46 -68 -47 -30 -21 -26 -30 -30 -20 -39 -41 -65 -63 -54 -42 -3 -44 -70 -82 -58 -70 -86 -89 -77 -77 -81 -65 -87 -64 -89 -89 -84 -79 -83 -82 -82 -92 -91 -74 -88 -77 -96 -81 -94 -67 -86 -82 -70 -94 -79 -87 -94 -63 -102 -81 -81 -72 -81 -91 -87 -93 -75 -89 -87 -102 -83 -87 -86 -73 -77 -84 -75 -86 -81 -86 -89 -77 -87 -87 -75 -79 -88 -73 -73 -87 -84 -64 -88 -82 -128 -126 -83 -79 -70 -81 -75 -77
88 93 81 94 87 74 71 83 79 50 0 91 82 83 84 88 91 87 94 104 107 106 110 110 108 116 108 116 119 116 117 114 110 113 116 120 113 112 108 114 122 124 108 104 105 104 106 91 87 87 90 82 76 78 74 73 73 71 82 76 79 84 118 108 84 74 66 10 70 67 73 87 97 106 112 102 100 87 74 88 82 82 66 66 62 62 64 67 71 60 61 61 -28 -79 -46 -128 -17 -1 -110 -126 -128 76 -117 -128 -92 66 66 -18 -128 77 82 -128 -16 0 82 42 -112 -102 -128 62 49 -128 -128 -128 0 -41 43 -128 -69 -128 -1 108 -1 -1 96 -128 -27 72 60 55 66 79 101 0 90 105 93 118 90 0 101 107 112 102 106 107 114 107 72 91 127 113 89 106 90 73 71 0 68 72 72 67 67 68 70 87 0 61 106 106 113 120 105 107 108 102 123 118 88 79 114 111 113 123 113 118 125 123 113 87 117 93 0 39 113 89 106 110 114 65 0 0 32 87 62 62 76 72 96 0 90 68 102 48 79 93 89 100 89 94 85 100 67 62 94 50 85 38 83 47 79 91 77 62 106 84 54 73 65 114 96 91 84 65 119 108 53 49 87 55 84 74 97 0 42 97 127 82 120 108 124 88 95 0 0 0 0 0 91 73 0 15 127 111 88 82 88 95 110 127 102 100 106 35 27 13 39 20 35 31 38 36 15 36 25 32 52 24 18 32 44 27 35 62 6 59 36 25 42 58 36 68 107 107 42 0 48 71 27 22 15 41 66 43 119 6 13 55 22 8 8 74 2 14 38 0 3 37 49 0 -1 -1 -36 -128 -128 0 -126 -128 -1 -1 -1 -1 -1 -1 97 -1 -1 -1 -1 -1 -1 -1 -1 -1 -1 -1 -1 -1 -1 -1 -1 -1 -1 -1 -1 -1 -1 -3 -1 -1 -1 -2 -6 -8 -16 -51 -56 -42 -59 -56 -50 -65 -65 -53 -58 -65 -60 -73 -72 -74 -69 -65 -73 -67 -78 -68 -64 -41 -46 -30 -11 -9 -13 -41 -30 -47 -65 -45 -40 -27 -55 -68 -59 -81 -61 -73 -87 -88 -81 -75 -79 -63 -63 -56 -83 -79 -78 -79 -77 -77 -86 -87 -70 -87 -84 -79 -84 -77 -70 -93 -79 -72 -86 -75 -79 -74 -70 -75 -83 -77 -82 -73 -81 -70 -72 -77 -75 -75 -83 -73 -74 -82 -78 -70 -82 -84 -77 -74 -74 -91 -73 -77 -78 -75 -82 -89 -84 -74 -91 -89 -82 -128 -75 -70 -93 -92 -86 -74 -79 -92 -72 -68
127 91 96 87 84 90 85 88 84 85 84 89 76 0 0 81 72 97 84 105 117 100 110 107 106 108 110 110 114 113 113 111 113 117 117 118 114 112 114 110 116 114 113 104 105 105 100 102 91 89 82 82 82 77 74 72 70 72 72 68 78 76 82 114 100 91 77 45 67 64 66 71 81 82 127 107 100 85 65 61 68 78 82 81 99 85 66 74 -46 -128 -28 -70 50 -1 -1 -1 106 -1 -128 -128 -7 -128 26 -41 -128 -1 9 87 0 -88 70 -128 42 -47 0 87 33 -1 -128 54 66 -128 -128 -128 -128 0 96 -1 -120 -1 -1 -1 -1 -1 104 -1 -103 76 73 59 55 65 104 0 81 105 85 101 108 0 113 108 108 73 79 100 88 106 90 79 102 113 102 105 96 99 64 66 78 72 76 70 67 67 67 72 56 0 58 106 107 116 118 105 116 111 110 100 93 90 101 116 117 127 106 104 127 124 73 94 120 112 38 88 116 116 95 96 116 107 0 0 71 110 93 84 68 31 83 58 29 96 88 99 73 105 82 87 78 83 74 60 89 84 71 95 76 64 91 49 73 70 64 76 102 90 71 64 66 99 41 108 122 64 111 108 101 61 52 43 97 0 70 0 0 97 73 105 102 89 97 112 110 97 0 48 99 66 0 0 0 0 0 35 100 119 96 56 88 104 89 101 105 53 37 22 33 24 27 32 15 36 42 32 19 32 25 15 15 8 42 31 60 44 41 32 35 36 38 53 48 36 73 105 19 0 90 90 96 37 35 20 58 37 61 48 76 66 18 8 7 16 18 13 33 32 -128 -53 47 26 -115 -6 94 -91 -82 76 39 -128 -128 -117 97 -1 -1 104 13 -1 -1 -1 -1 -1 -1 -1 -1 -1 -1 -1 -1 -1 -1 -1 -1 -1 -1 -1 -1 -1 -1 -1 -1 -1 -1 -16 -16 -20 -23 -40 -55 -49 -50 -40 -63 -61 -60 -65 -55 -68 -56 -77 -61 -68 -69 -63 -67 -70 -128 -59 -69 -39 -37 -51 -30 -16 -8 -8 -47 -49 -64 -53 -67 -31 -26 -53 -73 -56 -61 -64 -72 -92 -83 -79 -79 -59 -61 -51 -70 -98 -84 -79 -78 -74 -86 -89 -79 -82 -88 -78 -89 -84 -77 -88 -89 -74 -73 -86 -92 -128 -72 -73 -83 -84 -88 -74 -72 -79 -74 -74 -74 -70 -73 -84 -78 -77 -83 -75 -73 -87 -83 -86 -74 -91 -70 -84 -63 -79 -78 -93 -74 -82 -128 -128 -91 -83 -83 -82 -93 -101 -97 -79 -70 -79 -91 -74
106 111 113 110 112 101 97 90 87 83 85 83 91 73 87 0 72 0 107 117 94 106 102 105 110 112 112 114 122 120 119 114 114 117 118 119 119 118 119 120 114 125 97 100 102 97 99 99 96 89 89 87 79 74 68 71 68 68 66 66 73 73 88 88 88 88 82 84 66 68 76 87 59 72 122 101 73 59 53 58 52 55 55 67 65 64 22 48 96 102 111 106 91 101 101 101 -1 -1 85 -63 -128 -128 -58 -128 -128 -128 -35 73 0 -88 -128 59 -14 56 -128 -94 84 -128 -128 78 -128 -86 -51 -128 -47 110 -1 -1 108 99 -1 -1 -1 -1 99 94 105 66 71 64 61 76 2 0 0 87 101 0 0 0 89 120 108 79 93 96 105 105 82 102 120 127 108 110 94 83 71 48 67 81 81 71 66 65 65 70 39 58 68 106 90 113 114 93 111 94 94 102 105 110 127 127 124 124 120 124 127 102 85 110 101 100 0 112 111 104 102 101 106 25 0 73 90 105 50 88 24 76 83 73 65 106 68 59 101 89 99 76 100 88 88 97 100 96 104 105 108 99 87 122 0 0 107 74 55 94 68 65 45 0 70 0 0 56 61 104 0 0 0 102 0 0 0 90 85 77 85 85 114 105 112 104 107 123 96 113 100 123 85 100 111 93 0 0 102 78 59 87 88 78 49 36 58 43 30 30 45 44 43 26 33 36 37 37 27 16 31 22 32 36 55 42 56 82 33 19 14 31 41 54 118 67 0 7 87 78 95 114 70 47 60 106 83 3 16 65 91 41 14 37 33 31 30 27 70 13 21 3 0 39 -128 -1 79 -1 0 -1 -128 -128 -1 20 -1 -1 -1 -1 -1 -1 -1 -1 -1 -1 -1 -1 -1 -1 -1 -1 -1 -1 -1 -1 -1 -1 -1 -1 -1 -1 -1 -2 -14 -13 -25 -6 -16 -25 -42 -51 -14 -50 -44 -49 -59 -58 -58 -64 -68 -68 -63 -73 -68 -68 -72 -59 -65 -65 -93 -68 -56 -69 -49 -44 -17 -13 -17 -53 -42 -77 -63 -63 -46 -20 -14 -72 -51 -16 -58 -68 -70 -86 -87 -79 -67 -87 -83 -59 -92 -79 -79 -83 -81 -83 -78 -79 -79 -86 -83 -88 -86 -79 -72 -83 -72 -74 -96 -79 -72 -86 -86 -92 -92 -101 -81 -73 -79 -73 -70 -86 -75 -83 -81 -91 -78 -83 -89 -70 -86 -82 -73 -73 -75 -75 -73 -69 -72 -89 -128 -78 -75 -89 -72 -86 -70 -79 -87 -94 -82 -73 -75 -69 -78 -79 -64 -81
127 118 127 127 112 107 120 104 97 87 83 83 74 77 79 111 78 100 101 99 62 0 96 106 116 89 101 105 112 107 127 116 123 127 122 118 114 120 127 127 125 110 105 102 107 101 99 94 100 90 78 83 82 74 71 77 70 74 73 66 60 68 94 78 76 114 96 12 73 68 64 78 82 70 70 94 79 81 59 56 59 59 61 66 85 41 -128 -1 -1 -1 -1 -1 -1 -1 -1 -1 -1 -1 -1 -1 70 -1 -1 -128 -1 -22 -128 -128 -128 -46 -98 -1 -1 -128 -40 -1 -1 -1 -1 -97 -1 -1 -1 -1 -1 -1 -1 -1 -1 -1 -1 -1 -1 -1 81 -1 -34 44 61 61 66 56 81 0 0 0 58 0 0 0 127 105 107 72 113 90 91 108 105 88 123 114 111 125 68 81 77 64 58 73 90 89 76 60 61 71 54 0 62 53 97 125 111 113 106 106 119 127 118 111 120 120 119 123 124 122 113 118 87 90 107 106 111 0 112 101 114 94 104 122 0 82 102 97 58 78 58 62 66 91 50 91 77 94 61 104 90 81 96 91 79 88 94 113 102 95 84 117 79 58 0 0 0 0 116 114 93 53 118 0 0 0 0 0 1 81 0 88 0 0 0 60 127 127 84 82 62 119 124 108 120 119 110 111 118 119 118 96 88 124 125 113 79 0 84 83 58 64 71 61 53 37 50 29 31 56 81 31 45 27 29 33 36 41 45 27 24 45 50 54 42 67 50 74 90 0 20 31 52 65 70 105 0 65 61 48 90 123 78 116 78 110 45 22 33 85 97 15 6 20 36 95 36 25 55 4 41 -25 -107 4 0 -1 -1 -128 -78 -42 -117 -128 101 37 96 -1 -1 -1 -1 -1 -1 -1 -1 -1 -1 -1 -1 -1 -1 -1 -1 -1 -1 -1 -1 -1 -1 -1 -1 -1 -1 -9 -9 -20 -9 -6 -9 -3 -39 -53 -27 -50 -53 -55 -68 -53 -77 -56 -75 -65 -54 -79 -68 -65 -64 -60 -59 -59 -72 -60 -78 -54 -69 -53 -22 -11 -17 -1 -55 -65 -82 -65 -58 -27 -18 -56 -47 -36 -1 -69 -70 -75 -86 -88 -77 -86 -84 -81 -59 -107 -78 -77 -75 -75 -87 -67 -88 -96 -83 -84 -73 -83 -77 -77 -98 -77 -87 -83 -78 -81 -72 -93 -78 -98 -69 -77 -82 -77 -81 -87 -100 -102 -97 -98 -100 -88 -96 -63 -72 -97 -74 -84 -74 -75 -81 -128 -93 -83 -92 -84 -79 -78 -78 -69 -77 -72 -97 -97 -73 -70 -78 -86 -81 -77 -68 -88
110 119 112 118 111 110 119 107 95 82 85 79 77 78 79 89 95 101 99 107 89 99 110 0 44 106 96 104 117 118 119 125 127 118 120 111 124 125 117 127 114 114 104 101 108 95 97 93 91 91 83 78 82 73 83 88 89 81 84 73 67 68 99 89 88 93 47 77 73 59 61 58 56 62 65 60 78 56 54 61 61 61 64 61 73 0 -1 -1 -1 -1 -1 -1 -1 -1 -1 -1 -1 -1 -1 -1 97 -1 -9 -1 -1 -119 -107 -1 -1 -1 -1 -1 -1 -1 -1 -1 -1 -13 -1 -1 -1 -1 -1 -1 -1 -1 -1 -1 -1 -1 -1 -1 -1 -1 107 -1 0 64 64 62 85 68 18 0 72 0 0 0 127 113 108 95 101 97 95 108 111 106 77 111 118 97 110 78 72 84 78 64 68 78 90 81 66 60 64 62 56 18 64 88 83 117 106 101 106 125 117 104 90 124 123 113 122 120 116 112 90 108 114 112 102 118 70 99 116 110 88 95 118 111 0 108 78 64 94 56 0 91 99 102 37 3 72 105 91 68 72 82 54 77 81 73 85 91 87 82 76 96 91 0 0 44 0 0 0 88 112 0 0 97 0 0 73 0 0 7 4 87 94 0 99 107 89 119 102 67 99 100 127 119 113 96 87 123 95 97 96 104 97 106 122 0 0 104 85 68 73 56 68 81 42 43 52 35 39 53 30 49 35 33 35 42 42 47 20 47 38 32 49 68 59 78 101 76 61 35 36 47 81 53 74 4 77 70 48 113 81 124 94 74 90 58 52 7 76 100 54 13 21 38 25 29 41 15 59 26 32 15 -128 0 0 90 -28 -128 0 0 -100 0 18 61 -1 -1 -1 -1 -128 -1 -1 -1 -1 -1 -1 -1 -1 -1 -1 -1 -1 -1 -1 -1 -1 -1 -1 -3 -2 -3 -16 -11 -17 -7 -8 -8 -23 -49 -46 -55 -53 -55 -61 -64 -68 -70 -70 -79 -64 -65 -79 -67 -68 -82 -56 -74 -55 -67 -128 -56 -47 -69 -70 -35 -49 -20 -18 -7 -58 -84 -84 -61 -31 -31 -53 -83 -45 -9 -50 -77 -70 -74 -72 -83 -78 -78 -93 -60 -101 -84 -78 -77 -72 -68 -67 -97 -82 -83 -78 -77 -91 -79 -75 -96 -75 -83 -83 -84 -78 -128 -77 -81 -84 -77 -83 -87 -81 -102 -96 -102 -94 -81 -68 -91 -96 -77 -69 -74 -94 -78 -72 -128 -128 -89 -72 -92 -86 -98 -92 -83 -72 -89 -79 -78 -83 -97 -84 -72 -69 -82 -98 -98 -84 -73 -94 -78
127 93 111 120 124 107 91 93 77 107 88 77 73 77 79 0 99 94 100 96 97 101 102 118 122 108 112 96 0 73 120 110 124 118 114 122 123 118 107 114 127 106 93 97 93 93 91 96 94 89 81 83 77 82 81 110 106 111 119 105 114 76 66 84 93 106 100 82 78 62 58 52 70 56 52 56 53 61 55 60 64 64 65 66 72 44 -1 89 -1 -1 -1 -1 -1 -1 -1 -1 -1 -1 -1 -1 -1 -1 -1 -1 118 107 -1 100 110 -1 -1 -1 -1 -1 -1 -1 -1 -56 -1 -1 -1 -1 -1 -1 -1 -1 -1 -1 -1 -1 -1 -1 -1 -1 89 73 -128 32 61 55 70 91 77 0 88 72 0 0 111 76 100 88 116 60 112 123 105 116 90 104 120 97 97 87 76 74 71 0 67 64 77 89 76 60 61 70 56 0 61 71 73 114 107 118 97 127 120 118 95 122 104 125 120 110 125 119 104 119 112 124 81 108 77 0 127 95 99 102 113 6 0 116 61 68 95 90 71 93 76 88 97 83 31 107 97 112 73 100 107 50 96 90 79 0 0 102 65 71 43 0 111 85 120 122 61 0 94 0 0 122 127 0 96 94 106 0 0 114 110 100 87 97 117 125 100 78 36 110 112 91 106 127 87 104 95 124 118 117 118 110 127 0 20 56 45 76 62 44 58 60 49 47 54 47 52 47 50 49 53 37 37 44 43 49 45 32 16 14 18 74 37 71 76 37 70 0 54 61 50 81 74 81 0 18 41 72 125 108 77 91 90 90 45 15 47 56 29 52 16 14 10 0 22 15 101 0 -128 0 -120 -1 0 0 52 97 102 -21 -1 -128 -1 -1 -1 -1 -1 -1 -1 -1 -1 -1 -1 -1 -1 -1 -1 -1 -1 -1 -1 -1 -1 -1 -1 -1 -7 -8 -11 -9 -13 -11 -12 -14 -7 -14 -31 -37 -37 -59 -51 -44 -60 -63 -65 -54 -63 -58 -78 -59 -65 -68 -61 -69 -64 -63 -72 -60 -64 -60 -70 -56 -42 -46 -32 -25 -34 -30 -21 -64 -86 -70 -61 -74 -44 -74 -40 -40 -1 -68 -67 -77 -60 -73 -79 -70 -82 -83 -72 -103 -75 -79 -72 -72 -87 -98 -74 -96 -73 -79 -78 -91 -75 -98 -74 -78 -86 -98 -82 -84 -79 -78 -74 -97 -83 -94 -74 -81 -72 -74 -74 -70 -74 -74 -78 -84 -72 -128 -128 -64 -82 -78 -92 -91 -75 -101 -91 -78 -75 -81 -72 -87 -69 -69 -83 -87 -82 -79 -97 -91 -82 -89 -82 -70 -70 -93
95 102 111 127 124 124 113 87 87 101 84 79 76 79 24 89 88 94 94 101 97 94 102 100 104 111 120 122 111 122 111 0 73 104 105 116 124 123 96 125 91 116 102 89 93 89 89 88 94 82 79 83 96 85 112 120 114 119 113 127 82 54 67 58 102 104 32 74 72 70 64 53 58 54 70 59 54 59 62 64 65 67 68 55 77 0 108 -1 -1 -1 -1 -1 -1 -1 -1 -1 -1 -1 -1 -1 -1 -1 -1 -1 -1 -1 -1 -1 -1 -1 -1 -1 -1 -1 -1 -1 -1 -1 -1 -1 -1 -1 -1 -1 -1 -1 -1 -1 -1 -1 -1 -1 -1 -1 89 -128 -128 70 61 58 68 94 0 39 96 85 88 111 102 107 110 84 73 95 111 117 125 97 85 108 127 99 111 82 72 74 73 82 60 71 88 82 67 56 67 70 53 43 59 67 85 120 104 119 122 104 110 118 127 88 112 114 101 120 116 110 122 118 107 102 89 82 30 123 114 88 79 120 0 0 99 50 62 104 74 77 0 90 56 68 96 85 77 58 95 84 106 116 91 95 77 81 0 0 0 0 0 0 0 116 90 124 112 113 42 0 0 61 120 105 111 90 89 114 95 0 91 104 91 100 100 127 106 127 82 88 112 88 123 123 101 124 84 95 100 97 127 124 108 119 0 47 54 74 44 53 36 52 31 48 45 39 58 37 49 55 52 32 49 44 35 41 38 54 21 12 8 32 13 41 54 101 45 33 31 56 55 20 108 37 67 0 0 30 50 44 107 108 91 73 95 2 36 52 73 107 35 4 37 13 25 18 31 15 0 -1 -128 -128 -79 -4 -1 -1 -42 -1 -1 93 83 89 -1 -1 -1 -1 -1 -1 -84 -1 -1 -1 -1 -1 -1 -1 -1 -1 -1 -1 -1 -1 -1 -1 -14 -7 -9 -12 -1 -16 -6 -3 -1 -12 -11 -32 -27 -50 -50 -40 -73 -68 -65 -68 -50 -61 -63 -64 -60 -69 -69 -70 -79 -63 -55 -59 -58 -59 -50 -56 -77 -68 -64 -45 -31 -65 -20 -26 -40 -81 -78 -75 -69 -42 -79 -63 -42 -25 -17 -55 -73 -65 -68 -84 -75 -69 -68 -67 -91 -100 -75 -69 -77 -98 -98 -77 -96 -78 -78 -87 -92 -75 -81 -75 -72 -75 -84 -75 -73 -79 -87 -75 -92 -91 -91 -69 -77 -77 -83 -81 -77 -79 -82 -128 -128 -93 -81 -83 -75 -84 -84 -97 -87 -65 -89 -83 -72 -96 -78 -82 -82 -78 -79 -77 -89 -78 -79 -88 -94 -69 -75 -96 -70 -73 -79 -78
127 91 107 101 110 105 105 85 91 95 85 85 78 71 61 77 83 91 95 97 88 96 113 127 127 123 124 125 123 118 119 124 113 127 105 0 111 122 116 122 100 97 89 102 106 82 84 81 84 78 79 79 91 79 100 124 124 127 123 125 113 106 106 78 82 90 59 111 87 77 72 65 61 55 53 54 59 62 62 64 65 67 68 70 81 55 -11 -1 -1 -1 -1 -1 -1 -1 -1 -1 -1 -1 -1 -1 -1 -1 -1 -1 -1 -1 -1 -1 -1 -1 -1 -1 -13 -4 -1 -1 -1 0 -1 -1 -1 -1 -1 -1 -1 -1 -1 -1 -1 -1 -1 -1 -1 -1 -1 -1 0 -128 73 62 66 82 83 0 85 59 78 88 95 100 84 68 105 100 94 119 127 106 95 101 119 117 99 89 79 77 77 0 74 61 68 79 68 61 61 76 61 0 49 71 100 105 96 100 102 119 111 112 110 127 124 117 108 114 85 113 110 112 107 99 91 120 79 100 114 87 83 111 47 0 97 73 79 95 87 77 110 71 73 66 62 52 84 19 101 116 61 94 108 90 89 90 0 0 52 0 71 0 0 89 111 120 101 122 127 97 0 59 85 88 78 110 94 70 90 99 101 61 72 91 122 91 79 65 71 77 21 101 110 82 95 97 105 116 108 111 122 113 106 106 117 0 0 67 43 47 47 43 36 55 64 39 41 54 56 47 54 61 45 50 18 21 44 21 3 15 20 38 26 36 41 37 32 54 16 0 82 16 54 0 16 0 27 43 33 56 42 83 45 29 50 22 48 20 27 38 24 19 0 0 19 7 31 31 52 -128 73 1 55 0 105 -1 -12 -1 -1 -1 -1 -1 -1 -1 -1 -1 -1 -1 -1 -1 -1 -1 -1 -1 -1 -1 -1 -1 -1 -1 -1 -1 -1 -8 -13 -2 -11 -12 -4 -20 -4 -4 -3 -7 -9 -32 -36 -42 -54 -63 -75 -53 -50 -60 -50 -65 -59 -69 -61 -73 -58 -58 -55 -56 -60 -63 -67 -65 -64 -128 -61 -60 -60 -59 -31 -23 -27 -49 -25 -69 -67 -83 -70 -53 -60 -55 -42 -27 -128 -47 -70 -72 -75 -56 -58 -68 -75 -75 -82 -96 -75 -69 -89 -97 -98 -81 -78 -74 -74 -86 -73 -81 -75 -88 -72 -96 -81 -82 -78 -65 -128 -72 -86 -97 -88 -72 -87 -86 -77 -78 -122 -128 -82 -81 -108 -78 -72 -86 -82 -73 -84 -87 -82 -78 -84 -69 -81 -96 -74 -87 -84 -75 -73 -74 -83 -74 -72 -75 -89 -72 -68 -94 -84 -73 -87 -77
68 81 84 79 97 124 108 110 87 84 74 77 77 95 70 83 90 91 91 101 105 90 117 117 124 124 122 123 127 123 117 120 124 125 120 125 123 114 106 0 82 97 100 93 78 111 89 89 87 84 87 89 120 122 127 123 117 122 124 124 123 88 110 116 76 45 56 76 107 83 70 65 59 71 84 65 54 60 67 66 68 68 70 54 87 36 97 -1 -1 -1 -1 -1 -1 -1 -1 -1 -1 -1 -1 -1 -1 -1 -1 -1 -1 -1 -1 -1 93 -1 -23 -30 -1 -1 -1 -1 -1 -1 -1 -1 -1 -1 -1 -1 -1 -1 -1 -1 -1 -1 -1 -1 -1 100 105 -87 -82 81 56 68 60 77 0 90 56 89 94 119 117 118 125 105 95 83 91 102 116 101 110 117 123 107 113 90 83 77 76 77 56 61 76 38 35 43 42 49 64 10 62 117 113 113 106 111 105 100 104 105 122 118 105 108 124 97 111 111 113 118 118 94 122 106 91 113 105 127 110 0 0 116 79 101 55 93 67 104 0 87 114 72 105 106 83 8 82 82 68 91 112 111 110 0 0 88 119 107 89 0 0 74 124 127 96 104 111 124 106 93 87 117 111 111 113 89 71 104 125 83 72 105 65 76 96 78 66 87 111 79 90 97 104 117 118 119 85 114 101 108 117 113 74 22 0 55 73 52 64 53 59 66 59 67 101 113 117 81 58 48 19 22 16 16 7 21 21 16 15 14 54 15 20 27 39 12 45 61 36 27 0 36 31 14 36 15 22 25 84 91 37 6 41 32 20 35 26 38 19 27 0 -128 43 41 0 -67 0 56 84 -128 -1 -1 -1 -1 -1 -1 -1 -1 -1 -1 -1 -1 -1 -1 -1 -1 -1 -1 -1 -1 -1 -1 -1 -1 -1 -1 -1 -1 -1 -3 -3 -8 -1 -20 -7 -11 -3 -6 -9 -12 -6 -25 -32 -27 -27 -40 -55 -42 -53 -46 -54 -58 -54 -60 -58 -67 -59 -65 -58 -69 -68 -61 -65 -63 -64 -68 -73 -59 -65 -65 -67 -55 -60 -35 -37 -23 -49 -53 -88 -72 -73 -81 -53 -49 -22 -128 -31 -50 -74 -69 -54 -60 -78 -84 -89 -81 -87 -94 -83 -93 -79 -81 -79 -74 -87 -82 -86 -83 -79 -79 -88 -75 -82 -88 -92 -84 -69 -91 -87 -67 -101 -107 -60 -98 -128 -64 -83 -83 -79 -72 -74 -78 -77 -74 -74 -88 -89 -89 -78 -75 -72 -70 -74 -88 -96 -73 -86 -87 -78 -82 -77 -86 -89 -77 -91 -89 -78 -92 -87 -84 -77 -77 -81 -70
0 81 29 43 50 106 122 97 95 89 85 78 81 87 0 83 87 91 90 93 95 90 96 127 125 123 127 127 127 123 122 120 123 123 120 123 116 122 110 101 105 89 68 0 71 120 77 93 88 90 94 95 102 108 107 127 120 112 107 122 124 83 112 89 81 61 25 56 67 81 97 66 50 49 52 48 54 53 60 66 67 68 70 71 65 -115 -128 -1 -1 -1 -1 -1 -1 -1 -1 -1 -1 -1 -1 -1 -1 -1 -1 -1 -1 -1 -1 -1 -1 -1 -23 -17 -1 -1 -1 -1 -1 -1 -1 -1 -1 -1 -1 -1 -1 -1 -1 -1 -1 -1 -1 -1 -1 -1 -1 -1 -128 -40 65 59 78 67 100 0 97 104 106 104 104 88 85 106 107 99 114 123 108 111 116 113 119 108 102 84 87 83 77 77 55 59 62 50 22 52 62 20 27 6 55 54 114 123 97 101 101 125 96 127 114 108 119 125 127 105 107 96 122 122 104 124 105 114 89 105 42 108 114 105 0 0 0 0 0 39 89 91 61 81 120 77 106 100 90 32 82 107 91 77 53 101 101 27 0 127 99 112 102 89 0 0 116 90 125 100 100 99 108 106 107 95 104 113 94 112 108 78 127 87 62 91 95 90 112 97 70 70 0 120 71 58 105 125 89 114 94 105 111 106 119 113 127 84 0 70 82 100 31 54 77 59 33 81 47 31 47 52 82 38 9 41 1 39 15 26 32 9 18 21 12 22 13 20 10 22 7 0 33 8 22 0 21 3 8 21 14 13 66 52 29 14 67 26 27 56 -128 0 36 4 2 -128 6 36 0 114 -26 68 94 -1 -1 -1 -1 -1 -1 -1 -1 -1 -1 -1 -1 -1 -1 -1 -1 -1 -1 -128 -1 -1 -1 -1 -1 -1 -1 -1 -1 -1 -4 -11 -8 -16 -16 -20 -7 -4 -7 -9 -6 -3 -9 -21 -31 -14 -30 -18 -46 -49 -34 -47 -60 -60 -65 -74 -53 -74 -61 -56 -64 -72 -75 -61 -65 -64 -63 -63 -61 -77 -67 -69 -54 -54 -70 -44 -36 -40 -47 -32 -55 -87 -70 -67 -59 -50 -31 -21 -40 -21 -59 -63 -67 -65 -68 -83 -73 -59 -83 -98 -97 -78 -83 -79 -81 -78 -79 -88 -77 -81 -77 -81 -77 -75 -77 -91 -96 -73 -72 -83 -81 -63 -128 -128 -75 -73 -74 -92 -69 -74 -79 -73 -73 -81 -84 -74 -88 -101 -91 -81 -79 -75 -68 -61 -92 -92 -98 -88 -86 -87 -96 -74 -77 -81 -84 -72 -81 -83 -74 -79 -77 -73 -79 -73 -84 -93
93 77 70 64 82 112 119 100 90 83 76 77 82 74 78 73 87 88 89 84 87 82 107 116 122 112 105 120 118 127 119 123 123 124 124 127 117 120 117 113 102 91 93 97 82 90 0 62 96 97 107 101 120 120 116 127 112 123 127 127 101 101 104 85 71 58 64 58 47 48 62 61 55 60 61 61 60 65 65 66 68 68 70 97 49 -67 -40 -4 -1 -1 -1 -1 -1 -1 -1 -1 -1 -1 -1 -1 -1 -1 -1 -1 -1 -1 -1 -1 -1 -21 -1 -1 -1 -1 -1 -1 -128 -1 -1 -1 -1 -1 -1 -1 -1 -1 -1 -1 -1 -1 -1 -1 -1 -1 110 -8 -84 67 60 0 0 95 0 76 71 95 95 88 100 116 106 106 84 83 100 95 93 123 118 123 119 93 120 96 90 87 66 82 62 59 53 0 68 65 77 43 33 54 61 82 124 93 89 108 106 119 107 95 118 107 113 113 102 93 113 108 114 101 119 120 116 99 96 66 127 107 112 107 93 70 45 42 0 0 0 0 0 88 78 65 70 54 77 35 68 105 102 97 97 81 82 0 67 112 113 99 96 99 105 0 0 112 119 104 123 127 108 89 110 102 114 118 85 111 124 94 95 114 94 77 110 105 101 74 83 78 85 79 62 90 117 106 112 101 90 104 122 119 97 104 97 94 0 87 91 54 45 36 45 41 54 37 54 54 60 56 59 87 25 12 14 12 33 29 8 18 18 13 24 4 14 13 43 14 49 43 29 22 15 10 13 25 22 20 18 41 64 29 78 104 27 27 44 1 0 -128 0 66 14 -30 0 -128 -1 -128 -1 124 -1 -1 -1 -1 -1 -1 -1 -1 -1 -1 -1 -1 -1 -1 -1 -1 -1 -1 -1 -1 -1 -1 -1 -1 -1 -1 -1 -1 -1 -7 -7 -9 -8 -12 -9 -7 -6 -7 -17 -2 -1 -14 -14 -23 -34 -35 -14 -46 -40 -37 -67 -68 -69 -61 -64 -59 -59 -63 -59 -61 -68 -58 -59 -63 -67 -64 -67 -70 -79 -128 -78 -55 -58 -86 -53 -44 -59 -68 -55 -54 -83 -82 -65 -61 -51 -53 -27 -27 -31 -21 -23 -79 -70 -53 -69 -74 -50 -93 -84 -75 -83 -82 -77 -79 -78 -79 -84 -75 -81 -92 -84 -75 -86 -77 -86 -93 -73 -74 -128 -128 -128 -61 -67 -94 -75 -82 -87 -82 -75 -87 -78 -92 -73 -100 -78 -77 -94 -88 -74 -74 -84 -73 -67 -92 -94 -83 -74 -77 -96 -96 -74 -91 -94 -88 -77 -83 -92 -78 -81 -83 -83 -86 -74 -81 -91 -83
127 100 106 95 0 56 87 94 74 84 82 74 73 70 93 96 79 89 88 85 94 89 127 122 127 106 112 123 99 127 120 119 125 123 123 123 119 125 127 125 118 111 94 93 89 91 119 102 99 108 113 0 0 127 127 127 108 127 108 112 99 82 108 74 87 77 77 67 66 56 59 54 62 61 58 64 65 66 67 68 68 68 78 62 56 -128 -37 -1 -1 -1 -1 -1 -1 -1 -1 -1 -1 -1 -1 -1 -1 -1 -1 -1 -1 -1 -2 -1 -28 -28 -1 -1 -1 -1 -1 -1 -1 -1 -1 -1 -1 -1 -1 -1 -1 -1 -1 -1 -1 -1 -1 -1 -1 -1 85 96 105 47 10 0 0 0 0 0 100 88 102 106 96 123 127 100 99 76 71 67 107 110 117 127 127 83 91 104 105 101 91 90 61 64 19 55 67 84 82 77 68 62 68 78 97 95 127 108 111 119 97 116 125 122 111 112 116 100 102 114 110 114 119 112 112 119 9 107 93 108 108 94 111 122 120 99 96 108 104 38 0 59 85 95 84 87 79 94 100 71 58 110 114 84 70 106 0 127 108 112 119 116 97 120 0 0 100 112 120 124 114 97 120 112 108 106 108 97 122 114 97 100 118 91 114 79 113 73 93 85 0 71 68 100 108 90 97 90 88 111 100 117 108 108 118 96 0 0 0 55 54 42 66 55 84 82 61 50 71 59 101 76 35 26 0 0 18 25 21 20 3 13 13 10 8 15 32 30 27 0 0 2 0 10 18 16 13 24 20 6 35 13 32 79 49 22 0 0 7 -47 -1 -26 0 -7 -1 -128 -128 -128 -2 -1 -1 -1 -1 -1 -1 -1 -1 -1 -1 -1 -1 -1 -1 -1 -1 -1 -1 -1 -1 -128 -1 -1 -1 -1 -1 -1 -1 -1 -1 -1 -13 -13 -1 -8 -7 -7 -2 -8 -6 -6 -3 -27 -16 -31 -22 -13 -17 -32 -14 -44 -59 -65 -65 -56 -58 -47 -59 -65 -56 -70 -59 -72 -59 -74 -64 -61 -68 -74 -61 -65 -67 -70 -65 -56 -60 -49 -65 -59 -53 -47 -60 -83 -74 -68 -69 -55 -37 -31 -34 -23 -128 -72 -81 -65 -54 -81 -63 -53 -91 -88 -82 -79 -78 -78 -77 -75 -79 -74 -82 -93 -88 -74 -74 -69 -128 -128 -83 -87 -74 -93 -83 -128 -70 -97 -72 -75 -98 -93 -96 -89 -75 -72 -73 -84 -73 -74 -82 -89 -75 -77 -98 -89 -83 -83 -79 -75 -74 -77 -78 -100 -91 -87 -91 -81 -92 -88 -87 -87 -88 -101 -100 -94 -93 -91 -92 -84
94 108 93 73 0 72 91 88 85 85 79 76 72 0 67 74 106 83 90 91 96 102 117 111 122 94 124 127 127 120 127 123 127 120 119 125 124 127 127 123 116 95 93 90 91 93 93 124 119 111 127 119 122 123 0 0 101 106 118 112 67 72 59 82 88 0 68 53 79 59 60 59 66 56 59 64 66 66 68 68 68 76 76 -128 -1 -1 96 -1 -1 -1 -1 -1 -1 -1 -2 -1 -1 -1 -1 -1 -1 -1 -1 -1 -1 -1 -1 -16 -28 -1 -1 -1 -1 -1 -1 -1 -55 -1 -1 -1 -1 -1 -1 -1 -1 -1 -1 -1 -1 -1 -1 -1 -1 -1 107 -1 -1 78 0 66 13 0 0 104 78 88 102 87 125 95 91 104 99 105 99 78 84 96 107 101 78 89 87 97 100 95 0 83 70 45 39 72 84 89 87 71 60 56 56 90 97 97 124 114 91 119 99 123 120 99 118 85 96 102 119 116 105 114 99 114 97 74 110 94 96 104 113 113 108 100 76 111 101 114 97 0 35 101 64 104 71 96 71 111 104 82 82 72 82 84 81 52 0 101 127 118 108 78 91 105 0 0 110 96 107 112 99 111 93 88 91 102 106 119 117 119 108 104 102 120 122 90 112 82 67 64 65 56 59 111 123 113 72 79 116 117 122 117 96 117 87 106 0 0 0 0 61 94 112 73 61 76 78 85 110 97 37 43 10 7 -128 -128 13 29 15 18 15 14 8 20 19 7 20 15 0 19 0 14 15 3 0 15 16 22 19 19 22 13 35 0 12 55 27 -106 -128 -108 62 99 -1 82 -128 0 -44 -128 95 99 -1 -1 -1 -1 -1 -1 -1 -1 -1 -1 -1 -1 -1 -1 -1 -1 -1 -1 -1 -1 -1 -1 -1 -1 -1 -1 -1 -1 -13 -16 -6 -7 -9 -7 -9 -4 -13 -1 -2 -4 -7 -23 -16 -14 -12 -23 -25 -23 -39 -55 -63 -63 -53 -53 -54 -65 -64 -68 -75 -63 -63 -61 -72 -58 -64 -70 -65 -55 -54 -108 -70 -68 -63 -56 -60 -47 -72 -51 -49 -42 -70 -84 -70 -69 -60 -46 -27 -17 -6 -128 -46 -69 -77 -58 -69 -78 -51 -67 -86 -98 -77 -77 -83 -73 -75 -83 -77 -81 -91 -103 -128 -128 -87 -87 -75 -77 -92 -72 -87 -81 -100 -89 -74 -83 -69 -96 -79 -78 -75 -72 -73 -87 -83 -89 -84 -91 -91 -81 -91 -98 -78 -72 -72 -73 -74 -83 -97 -98 -91 -72 -72 -79 -87 -75 -73 -73 -74 -83 -82 -78 -75 -70 -72 -67 -70 -94
127 110 105 93 91 24 64 56 59 81 89 66 68 60 84 88 74 90 91 89 89 100 95 127 120 124 120 123 119 122 127 123 125 123 125 122 116 118 127 124 122 99 93 93 104 122 127 120 111 106 125 105 107 127 110 108 124 112 50 0 61 76 59 85 90 65 60 60 73 62 59 53 47 52 50 73 66 56 66 87 56 79 76 -128 -35 -1 -1 -1 -1 -1 -1 -1 -1 -1 -1 -1 -1 -1 -1 -1 -1 -1 -1 -1 -1 -1 -1 -35 -40 -1 -1 -1 -1 -1 -1 -1 -1 -1 -1 -1 -1 -1 -1 -1 -1 -1 -1 -1 -1 -1 -1 -1 -1 -1 -1 -1 -1 -18 0 71 54 65 0 0 96 83 87 85 93 113 107 119 120 91 93 84 95 99 102 101 88 82 77 79 85 82 87 71 73 54 43 67 79 95 96 76 68 65 65 74 102 111 127 95 105 107 105 114 125 111 118 95 91 111 101 107 101 104 111 101 113 99 0 105 114 95 117 96 106 107 94 104 118 116 112 52 0 97 60 76 70 99 76 85 77 83 0 85 53 117 102 79 99 0 54 107 99 108 116 106 102 82 0 104 53 111 118 119 111 104 93 124 113 110 119 111 102 102 90 77 100 106 67 72 65 66 0 66 62 99 94 94 65 58 66 105 107 110 118 111 110 105 104 117 123 68 0 85 118 113 95 82 108 106 107 67 70 54 9 7 0 -64 -128 31 -128 0 29 9 3 42 22 -128 13 15 25 3 16 14 7 18 9 22 32 26 18 20 18 39 42 15 53 30 18 -128 -112 -47 -1 60 -1 -1 -1 -1 -1 -1 -1 -1 -1 -1 -1 -1 -1 -1 -1 -1 -1 -1 -1 -1 -1 -1 -1 -1 -1 -1 -1 -1 -1 -1 -1 -1 -1 -1 -1 -1 -16 -6 -4 -14 -3 -3 -7 -3 -8 -12 -6 -4 -8 -11 -14 -26 -20 -25 -26 -42 -47 -59 -53 -63 -64 -56 -68 -64 -65 -65 -70 -64 -56 -65 -69 -59 -63 -55 -72 -60 -64 -70 -105 -73 -74 -69 -65 -54 -65 -67 -51 -47 -51 -83 -82 -69 -69 -51 -55 -26 -4 -120 -36 -65 -74 -58 -70 -82 -59 -67 -89 -92 -70 -79 -74 -79 -75 -84 -128 -128 -93 -82 -82 -79 -79 -88 -89 -75 -87 -73 -78 -92 -78 -128 -73 -96 -69 -77 -101 -70 -73 -75 -72 -84 -87 -88 -79 -83 -75 -83 -81 -98 -72 -67 -82 -77 -81 -93 -96 -72 -89 -70 -72 -77 -96 -77 -81 -79 -78 -86 -72 -81 -75 -78 -89 -75 -79 -92
112 119 106 101 102 89 73 37 68 90 66 48 65 78 79 74 77 93 90 95 99 99 105 97 97 111 110 101 127 125 123 124 127 120 127 127 122 125 123 120 108 100 93 99 114 122 116 113 117 104 111 111 108 117 117 93 96 79 73 96 84 70 43 0 0 77 58 71 55 54 54 55 54 65 65 62 76 79 50 87 54 52 -63 -50 -1 -1 -1 -1 -1 -1 -1 -1 -1 -1 -1 -1 -1 -1 -1 -1 -1 -1 -1 -1 -1 -1 -30 -22 -1 -1 -1 -1 -1 -1 -1 -1 -1 -1 -1 -1 -1 -1 -1 -1 -1 -1 -1 -1 -1 -1 -1 -1 -1 -1 -1 -1 -1 -12 0 48 79 71 83 83 78 76 87 73 81 88 84 110 117 82 100 100 116 127 93 89 81 88 73 93 82 85 0 50 -89 21 91 76 88 89 88 76 68 62 70 72 100 100 94 127 104 112 125 127 123 119 101 101 116 106 113 102 108 104 94 127 122 110 38 97 91 94 106 118 88 110 117 112 104 113 106 0 0 8 117 97 76 91 61 93 95 42 0 0 105 61 97 77 71 0 114 117 116 120 104 90 120 120 0 0 0 18 116 111 81 111 112 104 100 96 110 83 101 102 90 93 89 111 73 62 70 56 77 50 50 82 89 73 52 74 68 85 96 102 90 117 112 123 96 97 105 81 0 0 0 77 112 107 88 29 29 123 58 36 0 -86 -128 -6 -128 -61 -128 16 27 39 37 7 -128 -128 8 0 1 0 24 18 20 10 22 9 29 35 36 21 25 0 0 -128 -128 -98 -1 -1 -1 -1 93 -1 -1 -1 -1 -1 -1 -1 -1 -1 -1 -1 -1 -1 -1 -1 -1 -1 -1 -1 -1 -1 -1 -1 -1 -1 -1 -1 -1 -128 -1 -1 -1 -1 -1 -1 -1 -11 -12 -2 -14 -8 -4 -3 -3 -9 -11 -6 -1 -13 -16 -13 -32 -25 -23 -39 -41 -47 -39 -56 -49 -60 -56 -49 -68 -64 -65 -60 -54 -63 -74 -70 -61 -68 -64 -72 -68 -61 -61 -60 -73 -74 -77 -72 -51 -78 -69 -53 -42 -45 -73 -87 -69 -68 -55 -63 -34 -27 -1 -63 -81 -63 -51 -70 -75 -64 -56 -82 -89 -74 -94 -128 -108 -83 -86 -81 -98 -74 -86 -79 -79 -84 -77 -86 -86 -86 -75 -83 -96 -82 -86 -128 -67 -84 -69 -103 -74 -70 -92 -93 -89 -88 -78 -77 -87 -77 -83 -78 -86 -67 -74 -101 -78 -75 -94 -79 -67 -72 -78 -78 -93 -101 -101 -91 -89 -72 -92 -94 -96 -100 -96 -97 -93 -83 -69 -75
127 101 110 106 102 97 83 82 74 83 67 -125 44 71 66 76 71 79 96 96 99 112 96 107 102 112 100 110 113 118 127 117 124 124 123 125 119 124 125 122 124 122 101 110 114 114 105 87 127 91 96 87 90 127 124 127 102 99 108 77 74 58 66 78 94 0 87 70 0 12 72 58 68 68 68 60 41 0 66 87 56 -128 -61 -1 -1 -1 -1 -1 -1 -1 -1 -1 -1 -1 -1 -1 -1 -1 -1 -1 -1 -1 -1 -1 -1 -1 -13 -50 -7 -1 -1 -1 -1 -1 -1 -1 -128 -1 -1 -1 -1 -1 -1 -6 -1 -1 -1 -1 -1 -1 -2 -1 -1 -1 -1 -1 -1 -1 -28 30 72 33 65 65 118 72 48 71 101 111 127 122 117 111 117 68 79 113 125 101 106 105 95 90 66 54 33 0 0 49 78 82 84 96 79 77 71 62 67 73 99 118 127 123 119 111 123 114 122 118 123 93 110 81 112 99 91 99 108 93 102 96 88 44 78 89 127 107 101 94 78 97 110 77 85 88 0 0 0 65 97 96 52 96 0 0 0 0 0 88 107 96 74 0 0 94 97 114 125 112 104 94 0 32 0 0 6 112 111 106 127 124 91 116 116 116 82 84 107 97 108 100 97 91 67 58 0 54 48 78 61 82 71 42 50 66 76 76 84 95 114 104 82 112 112 108 113 62 0 0 0 8 7 0 0 16 9 0 -128 -128 -128 0 122 -128 0 -119 -101 -128 33 18 41 -31 -128 -128 0 9 32 18 32 1 3 27 22 27 26 -27 -128 -128 -54 -115 -1 -1 102 104 -1 97 -1 -1 -1 -1 -1 -1 -1 -1 -1 -1 -1 -1 -1 -1 -1 -1 -1 -1 -1 -1 -1 -1 -1 -1 -1 -1 -1 -1 -1 -1 -1 -1 -1 -1 -1 -1 -1 -4 -14 -4 -8 -12 -8 -1 -4 -4 -1 -3 -7 -6 -1 -9 -34 -22 -23 -35 -42 -35 -41 -42 -42 -61 -58 -46 -55 -78 -59 -55 -69 -64 -64 -70 -67 -64 -64 -63 -73 -69 -63 -68 -128 -67 -73 -65 -64 -72 -77 -50 -72 -58 -50 -56 -79 -63 -58 -53 -44 -42 -17 -47 -54 -56 -36 -67 -87 -79 -58 -121 -128 -92 -97 -78 -75 -74 -82 -84 -77 -78 -73 -87 -93 -91 -75 -81 -98 -78 -73 -74 -83 -78 -70 -77 -111 -92 -86 -86 -92 -70 -84 -89 -94 -84 -74 -82 -84 -75 -81 -84 -86 -78 -84 -79 -72 -75 -96 -75 -73 -93 -83 -77 -96 -93 -96 -91 -72 -72 -67 -78 -72 -72 -70 -79 -81 -74 -77 -78
102 105 99 95 85 90 85 88 59 22 0 52 0 79 67 74 62 79 99 104 107 96 100 107 104 107 112 113 127 119 125 127 127 123 123 119 127 127 119 125 119 111 110 116 116 113 120 112 112 100 104 91 104 97 120 104 104 99 72 68 71 64 62 91 87 91 73 66 49 50 65 0 0 74 66 82 -63 -53 72 44 16 -1 -1 -1 -1 -1 -1 -1 -1 -1 -1 -1 -8 -1 -1 -1 -1 -1 -1 -1 -1 -1 -1 -1 -1 -20 -36 -7 -1 -1 -1 -1 -1 -1 -1 -1 -1 -1 -1 -1 -1 -1 -1 -1 -1 -1 -1 -1 -1 -1 -1 -1 -1 -1 -1 -1 -1 -1 -128 43 87 59 65 77 91 61 65 79 97 119 93 120 122 113 95 84 87 94 107 102 105 110 91 78 2 0 50 54 84 84 72 84 94 88 76 76 67 64 71 85 127 114 111 116 94 106 117 120 117 89 116 105 93 106 113 110 104 97 100 106 117 105 114 110 125 122 106 84 105 89 93 105 79 99 89 116 48 0 43 35 87 70 53 0 0 127 107 0 68 90 82 70 113 0 0 112 118 105 107 99 127 127 0 0 108 0 105 107 102 96 108 95 91 127 112 90 118 72 104 89 101 127 127 74 49 55 59 58 56 70 99 85 62 55 58 62 53 73 71 70 104 84 96 114 99 100 97 118 26 0 0 0 0 76 0 0 0 -110 -128 -50 -87 -1 -1 85 102 -1 -1 13 44 1 -105 -1 -128 -128 -128 0 33 27 21 0 22 29 2 0 0 -88 -1 -18 -1 -1 -1 -1 -1 -1 -1 -1 -1 -1 -1 -1 -1 -1 -1 -1 -1 -1 -1 -1 -1 -1 -1 -1 -1 -1 -1 -1 -1 -1 -1 -1 -1 -1 -1 -1 -1 -128 -1 -1 -1 -1 -1 -1 -13 -12 -8 -9 -20 -12 -2 -7 -4 -1 -6 -1 -1 -1 -27 -25 -12 -11 -31 -37 -28 -39 -42 -56 -60 -69 -59 -51 -70 -55 -45 -53 -74 -55 -64 -65 -60 -58 -68 -78 -58 -64 -68 -60 -79 -75 -82 -72 -70 -54 -65 -56 -45 -42 -36 -73 -78 -56 -54 -51 -36 -20 -6 -46 -54 -25 -67 -128 -114 -60 -50 -34 -88 -97 -88 -74 -74 -82 -93 -78 -84 -73 -83 -89 -79 -79 -75 -102 -83 -75 -77 -74 -89 -84 -73 -86 -94 -98 -70 -72 -70 -73 -94 -84 -73 -73 -87 -75 -97 -77 -87 -79 -91 -83 -70 -75 -77 -97 -98 -70 -81 -84 -81 -79 -73 -102 -84 -73 -72 -69 -73 -82 -77 -83 -94 -82 -70 -82 -68 -84
127 105 97 96 93 97 95 83 72 54 84 83 0 39 25 67 77 78 74 84 94 106 104 113 113 111 102 116 108 127 124 125 127 127 123 120 125 122 119 125 124 122 122 122 118 111 127 95 117 107 111 108 93 104 114 120 118 93 83 73 56 55 72 70 90 106 52 52 0 -54 -36 70 73 74 68 95 90 0 -128 -128 -1 105 -1 -1 -1 -1 -1 -1 -17 -21 -25 -13 -8 -16 -6 -7 -1 -1 -1 -1 -1 -8 -9 -1 -17 -12 -18 -54 -12 -3 -1 -1 -1 -1 -1 -1 -1 -1 -1 -1 -1 -1 -1 -1 -1 -1 -1 -1 -1 -1 -1 -1 -1 -1 -1 -1 100 -1 -1 -128 59 59 76 55 99 62 39 79 89 108 88 106 125 91 81 102 96 85 110 118 105 102 100 76 0 44 12 112 112 83 73 81 95 89 83 79 73 65 72 82 112 117 116 104 87 95 108 124 117 113 117 97 96 99 101 112 106 94 113 91 127 106 90 88 127 102 104 125 77 88 120 105 72 122 124 95 27 0 0 0 0 0 0 0 117 119 107 0 0 68 124 90 100 0 0 111 100 89 127 117 118 105 117 94 122 0 0 119 111 97 127 123 104 114 104 87 101 114 104 77 82 113 116 100 95 55 0 52 52 61 50 84 101 65 60 61 56 58 53 64 58 70 78 71 94 102 82 102 93 88 94 96 95 6 -126 -128 -128 -11 -1 101 74 127 -1 -1 -1 -1 -22 -128 -101 -1 -1 -1 -1 100 -1 0 18 15 38 -128 -128 22 -128 -73 -1 -1 -1 111 -1 87 -1 93 99 100 -1 -1 -1 102 -1 -1 -1 -1 -1 -1 -1 -1 -1 -1 -1 -1 -1 -1 -1 -1 -1 -1 -1 -1 -1 -1 -1 -1 -1 -1 -1 -1 -1 -1 -1 -1 -1 -9 -11 -12 -13 -11 -11 -12 -4 -7 -3 -12 -1 -1 -1 -1 -9 -4 -18 -17 -45 -47 -47 -45 -46 -68 -31 -65 -67 -46 -47 -70 -73 -68 -82 -58 -70 -70 -67 -59 -72 -69 -63 -69 -64 -58 -70 -72 -81 -79 -64 -74 -58 -64 -84 -32 -37 -40 -78 -78 -67 -53 -44 -51 -128 -111 -18 -54 -8 -32 -74 -56 -50 -61 -83 -87 -94 -91 -72 -91 -75 -82 -81 -74 -78 -93 -98 -75 -74 -94 -100 -72 -70 -78 -100 -78 -79 -75 -128 -98 -77 -68 -77 -75 -92 -82 -74 -84 -78 -75 -89 -77 -83 -89 -94 -63 -70 -79 -87 -88 -81 -96 -84 -79 -68 -92 -74 -89 -84 -70 -70 -79 -78 -93 -74 -88 -96 -69 -86 -77 -81 -89
113 105 101 97 99 93 87 83 77 78 81 81 61 84 52 0 93 105 71 87 84 112 105 108 113 108 108 111 125 122 118 111 127 123 125 127 125 127 127 127 124 127 124 120 113 97 119 104 95 122 112 105 85 116 106 117 122 113 120 71 49 50 56 56 0 53 0 35 68 61 -61 76 58 66 59 47 -36 -128 -22 -1 -1 -128 -128 -36 -32 -40 -27 -40 -59 -34 -41 -28 -50 -39 -35 -14 -12 -16 -26 -30 -31 -36 -28 -25 -18 -21 -49 -31 -1 -1 -1 -1 -1 -1 -1 -128 -1 -1 -1 -1 -1 -1 -1 -1 -1 -1 -1 -1 -1 -1 -1 -1 -1 -1 -1 -1 -1 106 -125 -128 82 72 101 87 116 41 72 70 71 94 116 104 108 95 111 97 100 122 116 120 90 83 73 56 -68 82 112 113 97 88 84 99 101 89 83 79 76 77 120 87 105 106 94 85 105 114 110 122 117 101 105 111 91 112 116 102 111 107 99 113 122 116 97 118 100 108 127 105 105 120 112 88 118 96 95 119 96 0 6 93 0 0 26 120 88 0 0 0 60 106 108 88 81 0 106 108 96 122 97 107 117 107 125 120 0 0 104 112 114 124 93 104 93 107 127 125 110 87 116 96 102 102 102 102 81 89 62 59 54 64 54 65 88 71 60 66 64 66 66 64 58 45 59 68 85 67 82 79 89 70 62 60 -128 -40 -108 -128 -1 -1 -1 -1 -1 -1 -1 -1 -1 -1 -1 -1 -1 -1 -1 -1 106 -128 2 0 32 25 9 -128 -128 -73 -128 102 -1 -1 -1 -1 -1 -1 -1 -1 -1 -1 -1 -1 -1 -1 -1 -1 -1 -1 -1 -1 -1 -1 -1 -1 -1 -1 -1 -1 -1 -1 -1 -1 -1 -1 -1 -1 -1 -1 -1 -1 -1 -1 -1 -1 -1 -7 -9 -11 -12 -7 -11 -7 -7 -11 -22 -14 -8 -1 -1 -1 -1 -2 -31 -21 -20 -41 -49 -58 -54 -63 -65 -25 -56 -72 -49 -67 -81 -65 -56 -64 -56 -69 -69 -58 -59 -55 -67 -74 -53 -69 -69 -74 -128 -74 -89 -81 -65 -56 -64 -74 -50 -40 -23 -58 -116 -128 -128 -50 -40 -42 -35 -16 -49 -39 -60 -70 -65 -61 -56 -61 -86 -91 -94 -70 -83 -79 -87 -86 -86 -83 -88 -94 -86 -70 -83 -92 -74 -72 -72 -92 -77 -96 -70 -70 -128 -93 -73 -70 -77 -84 -78 -81 -88 -78 -75 -89 -77 -73 -75 -74 -69 -79 -92 -79 -69 -91 -93 -77 -82 -77 -82 -88 -79 -93 -92 -70 -75 -75 -89 -89 -91 -93 -78 -74 -77 -91 -83 -81
127 117 104 99 100 91 91 88 82 82 83 83 82 71 77 56 0 100 99 85 79 111 107 108 113 127 113 127 124 122 118 120 123 127 124 124 127 127 125 125 123 127 120 113 114 116 111 110 89 110 123 102 65 89 125 112 127 114 117 90 60 55 56 41 72 62 -128 -128 -128 -22 -128 0 0 -7 -1 -1 -1 -1 -1 -1 -6 -1 -9 -46 -39 -44 -128 -128 -55 -39 -36 -44 -46 -30 -30 -34 -34 -21 -37 -42 -42 -37 -39 -36 -45 -36 -22 -40 -14 -6 -1 -1 -1 -1 -1 104 106 -1 -1 -1 -1 -1 -1 -1 -1 -1 -1 -1 -1 -1 -1 -1 -1 -1 -1 -1 -1 -1 -1 -107 -1 49 67 66 52 60 70 68 67 83 91 101 104 113 123 120 79 110 123 102 87 94 82 79 0 59 0 118 112 107 90 102 102 99 89 82 78 72 84 89 102 95 105 83 101 111 116 104 120 114 95 107 101 110 110 108 99 97 118 120 104 127 97 56 88 112 96 120 113 96 112 81 107 122 102 102 0 104 125 104 120 84 108 0 9 0 3 93 0 33 113 79 93 0 95 112 114 112 107 100 108 82 97 90 123 0 102 122 94 106 93 111 122 117 127 110 112 119 113 70 116 125 85 110 90 106 0 61 61 55 67 60 60 62 59 66 66 65 66 65 53 55 67 60 65 67 89 74 79 47 0 -122 -128 -128 -88 -1 -1 -1 -1 -1 -1 -1 -1 -1 -1 -1 -1 -1 104 -1 -1 -1 -1 -1 3 30 31 13 4 0 -128 -128 -58 -1 -1 -1 -1 -1 -1 -1 -1 -1 -1 -1 -1 -1 -1 -1 -1 -1 -1 -1 -1 -1 -1 -1 -1 -1 -1 -1 -1 -1 -1 -1 -1 -1 -1 -1 -1 -1 -1 -1 -1 -1 -1 -1 -102 -1 -1 -1 -14 -11 -9 -7 -8 -11 -8 -13 -23 -21 -4 -7 -14 -7 -1 -14 -32 -22 -18 -28 -46 -31 -61 -68 -64 -46 -61 -73 -50 -60 -77 -60 -51 -67 -69 -73 -74 -58 -74 -56 -81 -65 -51 -69 -69 -67 -68 -83 -82 -84 -65 -68 -63 -58 -86 -128 -128 -18 -84 -69 -56 -44 -32 -53 -36 -34 -34 -35 -59 -46 -77 -59 -59 -58 -75 -93 -86 -84 -73 -77 -83 -88 -89 -74 -91 -87 -86 -77 -78 -102 -72 -74 -72 -81 -97 -100 -79 -70 -87 -97 -78 -83 -75 -73 -74 -74 -82 -73 -72 -94 -78 -72 -82 -70 -83 -87 -94 -72 -70 -72 -97 -73 -74 -83 -94 -101 -88 -94 -89 -69 -74 -70 -83 -96 -89 -73 -77 -75 -79 -98 -86 -84
114 105 105 105 100 96 93 85 85 85 90 0 66 83 89 4 49 91 108 91 84 84 106 124 125 107 127 127 125 124 101 110 124 122 118 120 125 122 112 120 106 127 108 117 116 122 114 87 107 105 94 65 73 101 125 123 127 113 64 60 65 56 65 71 55 -98 -128 -128 -6 -1 93 -1 -1 -1 100 -1 -1 -1 -1 -1 -13 -37 -39 -40 -42 -45 -44 -39 -40 -41 -42 -60 -128 -114 -32 -22 -23 -44 -37 -41 -37 -37 -35 -42 -30 -44 -37 -22 -42 -44 -25 -13 -1 -1 -4 -65 -1 -1 -1 -1 -1 -1 -1 -1 -1 -1 -1 -1 -1 -1 -1 -1 -1 -1 -1 -1 -1 -1 100 -1 -128 53 -98 50 61 65 65 74 53 114 107 114 119 117 97 119 84 107 116 110 77 74 68 0 58 96 97 112 119 122 116 116 104 94 93 81 76 78 107 110 119 118 82 114 111 111 106 123 119 102 101 110 105 105 112 107 107 105 110 93 111 114 127 58 116 108 85 117 94 96 99 93 112 116 105 101 120 119 114 93 104 119 61 0 67 119 89 0 0 37 0 0 58 0 0 111 111 110 88 113 91 84 107 82 0 94 127 97 112 88 108 100 97 124 114 114 122 110 106 120 97 101 99 107 85 100 94 64 61 65 68 65 66 59 59 68 68 68 68 61 70 74 87 68 108 72 68 95 59 -128 -93 -16 56 -1 94 73 -1 -1 -1 -1 -1 -1 -1 -1 -1 -1 -1 -1 -1 -1 -1 -1 -111 0 35 0 14 0 -91 -97 -6 -40 119 -1 -1 -1 -1 -1 -1 -1 -1 -1 -1 -1 -1 -1 -1 -1 -1 -1 -1 -1 -1 -1 -1 -1 -1 -1 -1 -1 -1 -1 -1 -1 -1 -1 -1 -1 -1 -1 -1 -1 -1 -1 -1 -2 -1 -1 -1 -9 -9 -8 -8 -12 -17 -7 -20 -25 -26 -20 -4 -16 -34 -8 -31 -26 -13 -17 -18 -28 -54 -61 -54 -61 -54 -67 -68 -58 -59 -82 -59 -49 -69 -70 -72 -67 -61 -64 -63 -58 -77 -64 -84 -77 -73 -67 -81 -78 -128 -128 -72 -59 -82 -55 -50 -45 -44 -32 -77 -53 -42 -8 -44 -34 -25 -18 -30 -25 -49 -64 -69 -58 -64 -70 -82 -91 -82 -75 -79 -93 -87 -92 -84 -86 -86 -79 -87 -74 -81 -91 -77 -77 -91 -100 -83 -83 -70 -79 -106 -70 -75 -75 -69 -77 -79 -73 -73 -74 -72 -84 -86 -97 -83 -88 -81 -74 -68 -61 -86 -88 -92 -82 -74 -70 -93 -87 -84 -93 -73 -72 -74 -79 -94 -100 -84 -74 -75 -89 -75 -72 -70 -73
127 119 113 112 111 100 95 90 87 89 91 105 95 83 72 64 0 70 102 124 95 79 90 113 127 90 119 116 107 97 106 99 102 123 125 127 118 124 127 127 118 119 118 127 100 104 105 94 93 119 94 72 76 77 107 119 114 114 124 77 71 71 49 72 0 -54 -82 -1 -1 -1 -1 100 100 89 -1 -2 -6 -14 -31 -46 -37 -40 -39 -40 -44 -39 -45 -41 -44 -45 -42 -36 -60 -47 -22 -31 -47 -128 -128 -32 -31 -47 -36 -27 -16 -47 -37 -23 -41 -41 -37 -40 -40 -34 -25 -31 -3 -1 -1 -1 -1 -1 -1 -1 -1 -1 -1 -1 -1 -1 -1 -1 -1 -1 -1 -1 -1 -1 102 -1 102 -92 58 -44 70 55 61 56 58 65 95 122 122 122 118 96 94 101 96 90 79 87 67 -128 91 79 20 108 99 95 120 116 106 97 93 84 81 77 83 108 108 113 110 107 105 94 119 114 116 97 94 99 102 84 113 105 102 111 127 112 104 102 113 100 0 107 124 127 104 104 122 112 102 105 94 82 0 120 100 88 117 117 102 0 123 113 81 100 0 0 0 0 0 0 0 84 119 112 102 95 96 124 94 112 0 0 91 122 113 110 127 127 123 96 93 118 118 127 118 83 87 111 79 118 116 105 0 66 59 55 60 70 70 67 67 68 68 71 65 71 64 76 94 110 96 97 101 104 76 22 -128 -108 7 -1 -1 -1 -1 -1 -1 -1 -1 -1 -1 -1 -1 -1 -1 -1 -1 -1 -1 -1 -1 -128 24 18 30 30 -128 -102 -128 -87 -1 -1 -1 -1 -1 -1 -1 -1 -1 -1 -1 -1 -1 -1 -1 -1 -1 -1 -1 -1 -1 -1 -1 -1 -1 -1 -1 -1 -1 -1 -1 -1 -1 -1 -1 -1 -1 -1 -1 -1 -1 -1 -1 -1 -128 -2 -12 -16 -14 -12 -13 -12 -11 -17 -27 -28 -20 -26 -26 -11 -34 -18 -13 -22 -18 -4 -30 -45 -47 -49 -60 -72 -65 -72 -67 -64 -75 -74 -56 -56 -56 -74 -60 -73 -59 -59 -59 -59 -74 -72 -56 -73 -128 -128 -83 -128 -82 -81 -79 -59 -65 -54 -54 -55 -37 -35 -74 -67 -58 -30 -1 -55 -34 -30 -9 -1 -17 -61 -59 -60 -81 -60 -74 -84 -83 -68 -86 -84 -87 -86 -83 -88 -74 -75 -78 -74 -78 -98 -67 -79 -74 -73 -82 -89 -72 -73 -97 -128 -67 -91 -88 -74 -77 -72 -86 -74 -79 -100 -102 -89 -89 -73 -73 -65 -59 -82 -77 -84 -75 -84 -84 -77 -94 -94 -83 -101 -83 -74 -74 -73 -86 -94 -89 -72 -74 -93 -83 -89 -97 -92
119 114 119 116 102 99 91 88 90 94 99 83 99 77 65 64 31 90 112 111 81 83 88 99 108 123 119 106 117 91 100 97 124 111 114 117 124 127 127 107 120 106 117 114 107 112 120 74 122 102 85 68 78 108 123 118 124 111 54 65 102 52 35 59 0 -1 110 90 89 78 -1 -9 -32 -37 -34 -39 -40 -46 -41 -39 -41 -42 -49 -44 -39 -54 -34 -45 -46 -47 -30 -56 -32 -42 -32 -35 -37 -42 -35 -40 -44 -114 -128 -88 -30 -36 -25 -35 -37 -22 -46 -45 -45 -46 -44 -46 -11 -1 -1 -1 -1 -2 -1 -1 -1 -1 -1 -1 -1 -1 -1 -1 -1 -4 -1 -1 -1 -1 -1 -1 -1 -22 -107 56 47 65 0 58 71 87 95 119 107 124 108 95 108 73 100 77 73 72 58 12 108 89 99 94 97 102 107 114 107 95 94 81 76 81 110 101 110 108 112 113 91 116 112 104 110 89 102 105 87 102 99 107 116 114 96 106 117 119 81 27 122 127 100 127 97 112 104 95 83 106 116 114 85 89 94 122 127 70 0 127 127 99 91 127 112 104 117 67 0 0 118 113 91 111 123 127 108 125 107 106 0 0 91 91 96 102 102 124 119 122 94 101 118 118 96 102 116 112 110 116 116 104 88 67 42 59 64 67 67 67 72 68 68 71 71 56 71 65 78 84 82 74 106 105 47 -128 -128 12 -13 107 72 111 -1 -1 -1 -1 -1 -1 -1 -1 -1 -1 -1 -1 -1 -1 -1 -1 -28 18 16 31 35 -128 -65 71 -1 -128 -119 -1 -1 -1 -1 -1 -1 -1 -1 -1 -1 -1 -1 -1 -1 -1 -1 -1 -1 -1 -1 -1 -1 -1 -1 -1 -1 -1 -1 -1 -1 -1 -1 -1 -1 -1 -1 -1 -1 -1 -1 -1 -1 -1 -9 -11 -13 -9 -16 -9 -11 -14 -28 -25 -25 -21 -14 -21 -27 -37 -23 -14 -22 -27 -16 -39 -47 -50 -23 -61 -70 -56 -77 -70 -56 -81 -60 -58 -59 -61 -79 -59 -72 -64 -60 -73 -128 -128 -115 -45 -83 -72 -82 -73 -67 -101 -93 -75 -72 -67 -51 -50 -50 -40 -26 -61 -79 -49 -49 -22 -34 -42 -18 -28 -30 -106 -63 -55 -65 -73 -77 -61 -87 -94 -74 -78 -81 -93 -88 -83 -88 -83 -75 -84 -88 -81 -100 -78 -88 -74 -78 -84 -100 -74 -74 -94 -96 -75 -96 -81 -81 -87 -72 -74 -91 -91 -93 -98 -92 -70 -70 -67 -70 -56 -82 -70 -88 -69 -69 -93 -72 -77 -75 -96 -96 -91 -69 -82 -73 -78 -87 -79 -93 -75 -73 -78 -94 -82 -72 -89
127 127 122 120 112 101 101 95 93 91 95 0 84 70 83 83 13 60 106 127 87 72 78 90 77 122 118 101 95 104 91 91 101 82 91 106 120 127 124 118 118 118 117 112 99 102 95 112 100 93 83 53 101 113 127 106 117 117 72 70 41 59 -22 0 -4 -1 -1 -1 -1 -1 -1 -32 -47 -55 -46 -39 -44 -40 -51 -47 -39 -41 -37 -37 -37 -40 -46 -49 -55 -45 -53 -54 -54 -39 -34 -25 -26 -39 -35 -40 -41 -39 -28 -35 -41 -47 -34 -128 -128 -47 -28 -35 -45 -53 -44 -128 -22 -36 -26 -16 -1 -1 -1 -1 -1 -1 -1 -1 -1 -1 -1 -1 -1 -1 -1 -1 -1 -1 -1 -1 -1 -1 -75 -128 38 47 -128 66 73 76 97 118 117 105 117 102 119 95 72 117 77 70 60 -58 78 89 105 89 83 93 100 106 110 105 90 83 81 77 84 108 119 120 111 111 94 99 104 95 107 94 91 100 85 108 105 118 114 114 110 117 107 74 93 108 93 111 113 114 120 117 100 95 104 100 101 119 0 94 102 120 116 0 0 113 108 107 110 105 111 84 99 118 102 124 83 107 107 116 122 127 127 111 124 124 127 0 0 90 105 111 111 104 116 106 99 111 81 105 100 99 111 123 99 85 96 102 0 90 89 67 61 62 67 68 68 67 67 70 70 70 62 66 37 0 8 33 -128 -128 35 0 -36 -128 -128 -4 -128 -1 -1 -1 -1 -1 -1 -1 -1 -1 -1 -1 -1 -1 -1 -1 -1 -1 -1 14 8 20 0 14 -27 -30 -1 -1 -35 -1 99 -1 -1 -1 -1 -1 -1 -1 -1 -1 -1 -1 -1 -1 -1 -1 -1 -1 -1 -1 -1 -1 -1 -1 -1 -1 95 -1 -1 -1 -1 -1 -1 -1 -1 -1 -1 -1 -1 -1 -1 -1 -20 -1 -1 -8 -12 -8 -12 -22 -32 -27 -22 -22 -27 -25 -34 -17 -7 -18 -34 -31 -20 -30 -49 -41 -54 -63 -64 -61 -47 -75 -69 -73 -58 -46 -74 -61 -98 -65 -128 -128 -70 -45 -75 -91 -44 -47 -82 -68 -65 -81 -78 -128 -83 -77 -77 -63 -53 -53 -59 -36 -32 -63 -82 -54 -54 -47 -14 -13 -39 -21 -22 -37 -30 -69 -72 -73 -68 -53 -79 -74 -79 -87 -88 -91 -84 -94 -89 -83 -82 -93 -97 -78 -96 -89 -88 -68 -81 -102 -79 -83 -74 -92 -79 -86 -79 -97 -73 -98 -70 -61 -97 -100 -98 -97 -69 -72 -84 -73 -78 -89 -81 -93 -102 -89 -74 -91 -74 -77 -83 -89 -78 -73 -72 -74 -73 -98 -93 -94 -97 -102 -84 -72 -87 -72 -91 -86
118 120 116 111 102 104 99 97 95 95 1 94 94 94 105 70 58 55 54 96 81 74 76 83 94 127 111 96 91 85 91 94 102 94 96 118 127 117 112 120 116 114 107 104 97 81 96 72 77 100 106 65 100 122 67 123 125 79 59 50 -128 -128 104 -128 -1 -1 -1 -2 -3 -16 -36 -47 -44 -35 -42 -41 -44 -45 -44 -41 -39 -34 -50 -47 -50 -50 -40 -44 -40 -55 -45 -54 -36 -40 -30 -41 -42 -34 -37 -41 -34 -25 -23 -27 -27 -34 -26 -50 -37 -36 -49 -31 -46 -128 -128 -106 -25 -34 -44 -37 -40 -39 -25 -27 -23 -6 -1 -1 -1 -1 -1 -1 -1 -1 -1 -1 -1 -1 -1 -1 -1 -1 -121 1 64 -75 -105 58 76 77 77 104 101 123 104 119 99 84 90 74 71 66 49 -128 59 0 65 96 105 96 101 105 105 99 94 85 81 83 107 108 127 105 105 107 96 122 94 114 117 95 106 79 112 113 112 102 118 107 91 122 85 104 116 127 124 110 116 118 112 105 106 106 91 93 127 101 127 101 89 78 0 0 0 123 117 118 106 82 102 104 127 122 99 114 122 91 97 104 125 97 124 100 101 107 124 123 0 111 105 110 91 101 119 96 122 96 0 0 116 114 102 110 102 120 100 120 113 120 100 79 97 61 70 68 68 70 70 70 70 73 70 72 -42 -128 -128 -128 41 -128 -1 -47 -128 -128 -1 -1 -1 107 -1 -1 -1 -1 -1 -1 -1 -1 -1 -1 -1 -1 -1 -1 -1 -1 -1 -128 21 0 42 29 31 -128 97 -1 -1 -1 -1 -1 -1 -1 -1 -1 -1 -1 -1 -1 -1 -1 -1 -1 -1 -1 -1 -1 -1 -1 -1 -1 -1 -1 -1 -1 -1 -1 -1 -1 -1 -1 -1 -1 -1 -1 -1 -1 -1 -2 -1 -7 -68 -7 -17 -20 -12 -18 -26 -26 -25 -27 -25 -27 -28 -27 -20 -32 -30 -32 -28 -16 -30 -59 -27 -60 -61 -72 -64 -69 -84 -84 -128 -128 -128 -58 -54 -51 -79 -70 -58 -60 -56 -77 -68 -64 -67 -83 -67 -69 -78 -81 -83 -128 -68 -72 -61 -60 -59 -68 -54 -51 -73 -86 -68 -53 -32 -17 -1 -51 -46 -56 -49 -54 -69 -68 -77 -51 -50 -45 -74 -81 -92 -83 -78 -83 -78 -74 -88 -83 -83 -79 -78 -81 -87 -73 -72 -72 -82 -97 -88 -74 -79 -79 -84 -128 -92 -78 -70 -69 -69 -88 -98 -69 -69 -73 -77 -75 -78 -69 -101 -73 -96 -89 -72 -84 -89 -93 -87 -69 -86 -78 -69 -83 -94 -74 -82 -89 -81 -101 -93 -78 -72 -74 -75 -79 -79 -79
127 116 110 107 107 100 100 97 97 95 90 96 88 104 97 99 83 61 47 77 70 70 74 88 90 123 97 84 84 77 88 99 99 94 93 101 127 114 104 118 111 118 116 94 89 87 66 67 72 83 120 108 70 116 105 119 120 104 56 49 39 -31 -1 0 -1 -1 -1 -1 -11 -18 -36 -42 -46 -54 -49 -44 -35 -41 -53 -50 -40 -45 -51 -45 -50 -51 -51 -51 -45 -51 -44 -47 -39 -44 -40 -40 -51 -27 -40 -30 -51 -40 -39 -32 -22 -36 -23 -41 -34 -27 -34 -30 -35 -27 -27 -41 -34 -27 -47 -128 -128 -110 -36 -40 -21 -26 -34 -23 -8 -3 -1 -1 -1 -1 -1 -1 -1 -1 -1 -1 -1 -1 -1 -44 -108 -121 -18 107 84 53 72 94 122 107 102 122 87 97 73 100 78 72 59 59 -128 79 95 96 102 97 90 99 106 102 96 89 85 84 88 125 124 110 96 112 112 101 122 83 119 101 74 104 114 119 102 105 112 111 111 122 104 71 127 127 93 119 112 112 119 108 88 106 105 99 99 111 0 123 117 0 0 0 0 76 123 118 91 96 107 101 118 124 106 100 127 120 106 99 118 102 110 95 97 118 116 120 62 0 110 102 110 90 117 114 55 0 0 0 0 0 127 113 114 113 127 97 0 116 99 102 62 68 60 67 70 70 70 71 71 71 67 72 50 -128 -128 -4 0 8 4 0 -17 -128 -1 -1 -1 97 -1 -1 -1 -1 -1 -1 -1 -1 -1 -1 -1 -1 -1 -1 -1 -1 -1 -1 0 7 0 29 37 0 -110 -1 119 97 -1 -1 -1 -1 -1 -1 -1 -1 -1 -1 -1 -1 -1 -1 -1 -1 -1 -1 -1 -1 -1 -1 -1 -1 -1 -1 -1 -1 -1 -1 -1 -1 -1 -1 -1 -1 -1 -1 -1 -1 -11 -1 -12 -1 -31 -30 -18 -17 -26 -28 -27 -30 -21 -30 -30 -41 -18 -25 -21 -39 -22 -39 -39 -54 -63 -59 -75 -128 -128 -128 -68 -74 -69 -59 -65 -63 -53 -61 -61 -73 -55 -60 -56 -58 -89 -64 -56 -82 -63 -64 -75 -81 -84 -75 -73 -82 -65 -60 -54 -64 -54 -40 -61 -83 -74 -53 -46 -11 -128 -128 -55 -72 -39 -40 -49 -58 -56 -81 -45 -44 -65 -83 -91 -86 -77 -84 -78 -81 -96 -82 -83 -83 -88 -75 -97 -73 -75 -72 -89 -96 -83 -91 -81 -91 -96 -74 -91 -83 -72 -72 -73 -69 -96 -68 -74 -81 -73 -69 -75 -63 -93 -92 -72 -73 -70 -91 -96 -87 -72 -74 -74 -75 -70 -64 -98 -75 -69 -78 -74 -84 -74 -70 -68 -72 -78 -88 -77 -78
104 111 104 102 101 95 93 93 89 81 73 94 105 102 90 91 81 54 41 87 67 76 79 88 74 73 78 81 87 91 79 88 102 97 112 110 107 124 118 120 101 113 94 91 85 81 71 67 64 95 102 62 56 62 55 99 81 59 45 -87 -1 95 -1 -1 -1 -1 -1 -17 -17 -47 -53 -54 -58 -49 -47 -53 -55 -50 -44 -41 -44 -41 -45 -44 -49 -41 -41 -50 -47 -47 -42 -41 -46 -39 -46 -51 -42 -50 -45 -45 -37 -37 -36 -35 -31 -49 -39 -40 -39 -37 -26 -36 -32 -28 -112 -39 -26 -35 -41 -34 -44 -42 -46 -37 -128 -128 -128 -47 -37 -39 -28 -25 -6 -1 -1 -1 -1 -1 -1 -1 -1 -1 -1 59 -128 -84 -35 97 66 68 84 95 118 102 83 123 96 123 85 71 67 55 48 37 -128 0 78 93 96 85 95 99 104 100 95 93 85 85 119 111 104 97 107 107 93 116 91 119 119 81 123 99 111 99 110 116 96 118 119 116 97 114 102 110 108 116 122 101 90 84 106 93 111 96 127 125 114 89 0 26 0 0 127 106 124 114 116 93 108 108 102 122 110 117 110 112 89 117 97 105 118 99 113 127 122 102 94 0 0 0 0 127 119 0 0 114 100 106 0 0 93 108 104 107 102 123 72 100 85 77 71 85 60 70 68 70 70 71 71 74 70 76 74 -79 -126 -128 -128 0 99 -17 44 93 -1 -1 -1 -1 -1 -1 -1 -1 -1 -1 -1 -1 -1 -1 -1 -1 -1 -1 -1 -1 99 -98 0 30 33 20 24 0 -128 -1 88 -1 95 -1 -1 -1 -1 -1 -1 -1 -1 -1 -1 -1 -1 -1 -1 -1 -1 -1 -1 -1 -1 -1 -1 -1 -1 -1 -1 -1 -1 -1 -1 -1 -1 -1 -1 -1 -1 -1 -3 -1 -1 -1 -128 -9 -27 -23 -26 -34 -36 -35 -40 -36 -35 -39 -39 -28 -26 -34 -30 -47 -65 -128 -128 -106 -60 -60 -63 -59 -75 -67 -73 -70 -64 -65 -73 -51 -75 -78 -70 -55 -61 -69 -64 -70 -55 -55 -88 -74 -69 -77 -86 -81 -82 -67 -75 -64 -61 -53 -56 -60 -58 -49 -84 -69 -39 -23 -11 -3 -84 -128 -34 -32 -46 -39 -30 -35 -27 -59 -53 -44 -74 -60 -93 -73 -87 -82 -83 -88 -83 -75 -82 -97 -82 -87 -87 -77 -67 -93 -100 -79 -97 -81 -72 -84 -75 -78 -94 -69 -70 -87 -91 -93 -81 -86 -100 -88 -67 -70 -63 -75 -97 -74 -82 -94 -94 -94 -83 -89 -79 -73 -74 -91 -67 -97 -92 -72 -70 -100 -92 -70 -72 -70 -83 -73 -83 -96 -91 -79
127 102 104 99 102 96 93 90 93 89 0 97 95 123 97 97 93 95 60 18 66 78 70 87 76 83 81 78 108 74 74 78 76 82 127 119 114 120 120 104 110 120 95 107 73 67 62 68 56 56 87 90 59 67 71 60 47 56 9 -1 -1 -1 -1 -1 -4 -1 -1 -26 -42 -49 -56 -53 -50 -40 -39 -47 -44 -39 -53 -55 -36 -51 -59 -41 -58 -39 -50 -42 -50 -56 -41 -60 -44 -36 -39 -45 -44 -45 -46 -47 -41 -40 -51 -44 -41 -44 -50 -51 -45 -46 -47 -46 -25 -17 -34 -45 -28 -30 -23 -32 -37 -42 -36 -31 -27 -44 -39 -41 -40 -40 -36 -32 -65 -128 -128 -75 -1 107 -1 95 -1 96 -1 -1 -91 -128 -128 91 88 53 77 94 83 82 83 101 79 101 87 94 65 65 60 55 -128 50 89 84 94 83 88 84 108 122 111 97 96 87 89 124 112 102 91 111 91 118 107 95 116 104 108 91 112 101 116 117 108 106 105 122 127 97 79 127 96 105 111 96 104 124 106 119 127 88 93 124 83 99 0 119 93 113 127 117 93 118 116 117 111 107 106 95 119 107 125 94 110 111 107 88 116 106 114 97 118 95 117 127 107 106 100 0 0 0 0 120 127 108 120 83 0 0 97 127 104 83 0 123 94 89 127 62 84 52 67 71 70 71 71 71 76 96 -1 -128 -128 -1 -1 -1 -1 -1 -1 -1 -1 -1 -1 -1 -1 -1 -1 -1 -1 -1 -1 -1 -1 -1 -1 -1 -1 -1 -1 -1 -1 -1 -1 4 0 2 39 43 8 0 -1 110 -1 -1 -1 -1 -1 -1 -1 -1 -1 -1 -1 -1 -1 -1 -1 -1 -1 -1 -1 -1 -1 -1 -1 -1 -1 -1 -1 -1 -1 -1 -1 -1 -1 -1 -1 -1 -1 -1 -2 -1 -1 -2 -28 -117 -22 -34 -27 -18 -59 -49 -44 -32 -39 -119 -128 -128 -60 -27 -42 -44 -37 -49 -63 -65 -65 -54 -50 -59 -74 -78 -69 -70 -70 -73 -65 -70 -70 -55 -60 -56 -70 -64 -61 -60 -56 -60 -86 -78 -72 -81 -79 -81 -86 -79 -128 -64 -63 -53 -73 -53 -67 -56 -75 -84 -42 -11 -13 -16 -42 -32 -30 -31 -8 -1 -20 -8 -11 -45 -42 -34 -58 -41 -77 -73 -84 -88 -67 -74 -81 -77 -82 -97 -73 -77 -77 -75 -68 -91 -87 -72 -73 -72 -68 -81 -81 -87 -128 -78 -73 -77 -91 -87 -93 -78 -96 -92 -70 -70 -59 -69 -96 -84 -92 -84 -75 -94 -89 -88 -69 -70 -70 -97 -77 -94 -70 -93 -69 -91 -96 -69 -77 -77 -91 -93 -86 -72 -72 -68
104 106 97 97 91 96 94 93 87 101 90 96 101 105 102 81 90 93 55 29 66 68 96 85 68 71 73 82 70 76 90 81 84 125 127 116 116 108 116 97 94 89 111 97 87 73 72 56 60 53 94 67 71 73 107 60 44 0 -16 -1 -1 -1 -128 -12 -2 -22 -26 -41 -49 -54 -51 -51 -46 -45 -40 -44 -42 -51 -45 -36 -49 -47 -46 -50 -46 -49 -51 -61 -56 -47 -49 -51 -47 -36 -40 -47 -45 -50 -46 -41 -45 -46 -37 -39 -44 -55 -40 -45 -40 -39 -40 -37 -31 -41 -128 -41 -39 -28 -41 -36 -39 -27 -34 -28 -37 -39 -34 -37 -32 -39 -41 -31 -39 -36 -34 -21 -1 -1 -79 -128 -128 29 108 -1 -128 24 -128 -1 -128 81 72 59 64 100 70 89 113 116 100 97 73 66 54 56 -128 27 56 81 85 78 84 100 111 105 97 106 84 82 105 106 120 105 105 106 104 117 89 111 118 105 96 96 99 106 102 107 82 110 122 127 100 87 93 101 101 123 113 112 117 117 112 112 101 114 127 113 124 0 101 95 111 123 122 113 111 95 111 112 108 97 127 105 104 118 106 108 116 84 105 122 95 118 123 127 91 95 124 127 111 108 83 90 0 0 106 110 101 108 118 116 97 0 0 111 112 93 82 112 94 106 108 58 56 71 72 70 70 71 71 73 60 -1 -124 -1 -1 -1 -1 -1 -1 -1 -1 -1 -1 -1 -1 -1 -1 -1 -1 -1 -1 -1 -1 -1 -1 -1 -1 -1 -1 -1 -1 -1 117 -1 -45 -128 -128 33 53 39 12 -128 -1 -1 -1 -1 -1 -1 -1 -1 -1 -1 -1 -1 -1 -1 -1 -1 -1 -1 -1 -1 -1 -1 -1 -1 -1 -1 -1 -1 -1 -1 -1 -1 -1 -1 -1 -2 -8 -1 -1 -1 -1 -1 -1 -36 -60 -35 -42 -37 -87 -128 -128 -94 -26 -42 -32 -49 -28 -39 -34 -44 -36 -41 -53 -58 -70 -63 -40 -54 -87 -81 -84 -61 -60 -63 -72 -54 -58 -69 -56 -59 -56 -65 -61 -60 -61 -61 -55 -87 -73 -60 -78 -74 -81 -86 -73 -72 -58 -64 -51 -70 -50 -61 -65 -81 -81 -51 -3 -7 -88 -13 -11 -22 -14 -13 -1 -8 -8 -6 -60 -61 -46 -39 -51 -40 -82 -82 -86 -79 -64 -88 -86 -77 -101 -91 -75 -73 -74 -72 -75 -94 -81 -82 -65 -83 -73 -77 -84 -79 -94 -81 -78 -89 -84 -93 -86 -83 -96 -69 -70 -69 -72 -89 -89 -87 -94 -74 -98 -89 -79 -73 -68 -75 -91 -92 -84 -77 -79 -84 -94 -97 -73 -69 -87 -84 -82 -101 -78 -84 -100 -98
127 100 101 95 95 94 91 90 89 90 91 89 94 102 100 78 74 94 58 55 58 70 81 77 68 61 60 65 77 82 87 90 104 120 124 127 119 111 119 112 112 116 110 110 79 65 71 70 61 55 54 49 71 59 55 64 13 -78 -1 -1 -1 -2 -1 -17 -17 -23 -25 -44 -50 -60 -55 -51 -41 -46 -40 -45 -45 -46 -45 -46 -46 -37 -47 -39 -44 -44 -37 -47 -53 -54 -49 -53 -51 -45 -47 -44 -44 -41 -41 -40 -45 -41 -45 -39 -37 -39 -39 -44 -44 -40 -45 -40 -41 -49 -46 -42 -39 -39 -45 -35 -37 -40 -49 -25 -45 -35 -37 -31 -25 -37 -34 -32 -41 -32 -25 -18 -25 -2 -1 -1 -1 -1 -1 123 -1 -69 -128 -128 -106 -128 59 42 89 99 74 87 117 127 102 106 82 67 65 61 -128 33 105 65 77 71 76 90 107 108 97 93 101 81 88 111 97 123 111 110 93 116 118 90 114 113 78 112 104 96 95 97 91 112 127 122 79 110 0 108 88 118 90 107 111 117 108 105 119 85 76 55 118 0 91 108 113 113 111 106 112 101 110 124 85 110 106 127 108 116 107 99 101 91 104 89 117 122 113 111 118 113 127 120 111 99 120 108 119 113 93 127 99 113 104 108 94 60 0 105 101 91 0 117 106 74 100 68 61 53 52 68 70 71 71 71 72 22 -91 110 -1 -1 -1 -1 -1 -1 -1 -1 -1 -1 -1 -1 -1 -1 -1 -1 -1 -1 -1 -1 -1 -1 -1 -1 -1 -1 -1 -1 -1 -1 -1 -128 -128 19 24 29 14 -128 -8 -1 -1 -1 -1 -1 -1 -1 -1 -1 -1 -1 -1 -1 -1 -1 -1 -1 -1 -1 -1 -1 -1 -1 -1 -1 -1 -1 -1 -1 -1 -1 -1 -1 -1 -2 -21 -7 -8 -1 -1 -31 -128 -128 -128 -128 -35 -36 -56 -63 -40 -58 -39 -45 -40 -56 -37 -35 -40 -39 -47 -53 -56 -56 -69 -54 -49 -78 -87 -54 -73 -61 -65 -75 -60 -56 -75 -78 -69 -55 -56 -68 -53 -64 -61 -58 -59 -81 -78 -63 -78 -81 -79 -84 -75 -74 -74 -61 -59 -55 -58 -47 -78 -79 -58 -65 -47 -44 -20 -97 -17 -23 -13 -18 -9 -1 -68 -102 -47 -36 -26 -25 -51 -41 -72 -84 -88 -78 -65 -83 -81 -78 -79 -88 -73 -79 -84 -86 -78 -100 -96 -96 -69 -83 -92 -74 -69 -87 -92 -84 -72 -83 -70 -75 -94 -75 -79 -72 -73 -75 -87 -94 -86 -82 -97 -83 -86 -89 -75 -75 -78 -78 -88 -87 -83 -82 -72 -87 -88 -87 -72 -73 -92 -93 -72 -68 -100 -81 -73 -89
95 97 93 89 91 90 88 87 72 0 82 83 94 89 77 79 73 59 0 44 65 66 78 62 58 56 68 83 107 108 96 123 127 122 127 97 108 96 106 110 101 94 113 108 73 62 67 68 58 55 59 60 60 45 -128 -97 -1 -1 -7 -1 -4 -1 -17 -25 -32 -46 -51 -61 -60 -56 -60 -42 -58 -55 -45 -50 -58 -56 -56 -51 -36 -46 -36 -42 -41 -42 -50 -55 -54 -49 -53 -49 -50 -53 -51 -46 -47 -41 -40 -41 -39 -36 -35 -36 -42 -50 -37 -40 -39 -44 -39 -42 -49 -41 -39 -36 -34 -37 -35 -41 -40 -41 -41 -47 -30 -41 -44 -45 -51 -46 -36 -26 -40 -41 -21 -35 -12 -1 -1 -1 -1 -1 -1 -1 -12 -18 -92 106 108 -128 -60 -6 18 58 58 0 0 0 52 108 82 68 90 79 0 45 53 62 72 71 82 83 100 108 101 91 76 76 93 127 116 118 105 105 100 108 96 119 112 97 113 111 99 111 91 108 108 114 118 125 127 88 65 102 107 104 96 114 113 0 0 88 122 0 0 0 0 9 0 14 113 107 127 108 127 108 102 91 85 110 123 113 99 111 114 102 102 111 91 122 108 106 118 116 108 124 122 104 101 111 112 91 97 113 116 96 104 88 112 0 0 15 112 124 99 99 102 90 90 100 62 62 47 59 60 71 66 74 71 81 71 -128 -6 -1 -1 -1 -1 -1 -1 -1 -1 -1 -1 -1 -1 -1 -1 -1 -1 -1 -1 -1 -1 -1 -1 -1 -1 -1 -1 -1 -1 -1 -1 -1 -1 -128 0 -79 0 0 -1 -1 -1 -1 -1 -1 -1 -1 -1 -1 -1 -1 -1 -1 -1 -1 -1 -1 -1 -1 -1 -1 -1 -1 -1 -1 -1 -1 -1 -1 -1 -1 -9 -88 -128 -128 -112 -23 -20 -12 -9 -25 -22 -36 -36 -35 -47 -46 -51 -47 -53 -55 -56 -39 -39 -39 -53 -53 -47 -53 -61 -65 -60 -63 -64 -70 -63 -74 -86 -79 -50 -67 -59 -74 -77 -65 -73 -83 -74 -63 -61 -77 -68 -58 -75 -81 -63 -72 -79 -78 -70 -75 -79 -78 -83 -79 -68 -60 -128 -58 -63 -44 -50 -86 -72 -55 -82 -70 -56 -34 -1 -16 -1 -1 -16 -23 -12 -102 -69 -37 -27 -25 -22 -26 -47 -60 -83 -87 -63 -67 -73 -81 -73 -72 -98 -93 -83 -87 -78 -70 -93 -100 -96 -70 -82 -75 -78 -73 -87 -74 -128 -78 -69 -78 -70 -89 -91 -73 -75 -74 -97 -87 -70 -65 -98 -87 -92 -73 -81 -79 -77 -81 -72 -78 -79 -75 -74 -68 -83 -79 -74 -74 -72 -75 -87 -72 -79 -65 -103 -70 -67 -61
127 104 99 93 89 88 87 85 87 61 81 77 74 91 85 79 73 52 42 0 71 61 62 64 60 58 64 74 104 111 123 119 117 112 123 111 106 100 111 119 102 101 112 90 81 60 59 65 56 56 64 64 66 50 -128 -20 -1 -1 -1 -1 -31 -1 -128 -40 -46 -51 -53 -56 -60 -63 -64 -46 -58 -58 -44 -60 -55 -50 -49 -47 -41 -53 -37 -40 -47 -41 -51 -50 -56 -50 -51 -55 -54 -53 -55 -54 -45 -39 -39 -39 -39 -39 -39 -36 -39 -46 -36 -42 -46 -46 -42 -44 -47 -31 -128 -45 -39 -39 -40 -41 -40 -47 -46 -46 -42 -41 -50 -47 -50 -44 -37 -25 -46 -40 -30 -34 -14 -7 -1 -1 -1 -1 -1 -1 -1 -14 -30 -103 -1 -128 0 -69 -128 38 52 82 81 106 112 90 93 87 84 0 0 0 0 47 74 70 74 73 94 119 88 96 96 83 77 97 100 122 108 111 99 120 108 96 119 107 78 100 95 127 91 124 112 102 122 110 99 120 83 105 110 123 106 113 122 83 0 0 0 0 29 108 0 0 0 0 71 107 127 123 120 102 102 116 107 117 106 106 112 127 119 104 107 124 89 124 113 116 116 114 88 127 111 116 106 104 118 88 97 117 114 99 110 112 107 50 0 0 0 77 107 102 0 89 91 101 114 73 74 54 58 47 67 67 70 70 112 84 -128 96 -1 -1 -1 -1 -1 -1 -1 -1 -1 -1 -1 -1 -1 -1 -1 -1 -1 -1 -1 -1 -1 -1 -1 -1 -1 -1 -1 -1 -1 -1 102 -1 110 -1 -22 -1 -1 -1 -1 -1 -1 -1 -1 -1 -1 -1 -1 -1 -1 -1 -1 -1 -1 -1 -1 -1 -1 -1 -1 -1 -1 -47 -128 -128 -128 -75 -1 -1 -11 -1 -1 -4 -17 -1 -21 -26 -30 -31 -26 -37 -35 -42 -44 -49 -53 -56 -58 -58 -50 -41 -36 -45 -58 -47 -44 -41 -68 -61 -67 -72 -67 -67 -75 -77 -83 -78 -56 -77 -65 -78 -75 -68 -75 -77 -68 -58 -72 -79 -74 -68 -72 -79 -72 -78 -82 -74 -73 -75 -77 -78 -82 -79 -69 -67 -70 -58 -58 -60 -44 -63 -87 -56 -56 -83 -56 -37 -20 -1 -30 -108 -96 -47 -23 -32 -77 -9 -17 -18 -17 -13 -16 -59 -84 -86 -72 -65 -67 -75 -81 -67 -84 -98 -86 -92 -77 -70 -93 -101 -97 -70 -72 -79 -75 -70 -72 -74 -78 -84 -70 -75 -73 -70 -100 -75 -78 -70 -79 -88 -67 -60 -93 -96 -87 -91 -75 -88 -77 -86 -75 -86 -78 -81 -87 -73 -79 -87 -69 -73 -86 -72 -96 -103 -78 -79 -97 -72 -68 -60
97 96 88 85 89 83 81 81 88 90 74 79 87 83 91 68 76 64 7 0 29 53 102 52 42 64 95 127 105 116 114 107 110 120 108 119 119 96 105 104 95 93 78 49 53 71 68 59 56 64 56 45 -20 -18 -1 -1 -1 -1 -9 -12 -20 -47 -49 -49 -58 -56 -60 -63 -65 -56 -47 -61 -49 -51 -53 -46 -51 -49 -49 -47 -49 -44 -35 -42 -47 -55 -56 -65 -54 -51 -50 -49 -54 -49 -50 -47 -41 -44 -36 -40 -36 -40 -41 -36 -46 -35 -50 -46 -46 -41 -42 -41 -41 -72 -51 -40 -46 -39 -45 -45 -44 -40 -40 -35 -42 -42 -44 -51 -39 -49 -47 -44 -41 -37 -36 -39 -36 -37 -21 -1 -1 94 -1 -1 -1 -1 -1 -1 -1 0 -128 -1 47 67 54 48 94 127 114 96 89 105 88 85 85 0 10 81 81 73 71 38 0 0 0 7 88 77 106 106 95 125 104 104 79 116 93 118 113 99 118 84 127 127 100 117 93 123 127 127 89 89 29 113 120 102 107 95 102 107 0 120 120 108 113 33 0 0 127 0 101 90 127 113 113 99 87 104 127 127 100 95 118 112 108 104 113 117 118 114 113 106 107 120 127 102 119 120 100 114 107 99 101 108 95 106 111 110 102 116 116 93 0 104 96 96 95 104 74 67 85 71 93 68 76 84 64 62 67 70 39 -128 -1 -1 -1 -1 -1 -1 -1 -1 -1 -1 -1 -1 -1 -1 -1 -1 -1 -1 -1 -1 -1 -1 -1 -1 -1 -1 127 78 108 -1 -1 -1 -1 -1 -128 -1 -1 -1 -1 -1 -128 -128 68 -1 -1 105 -1 -1 -1 -1 -1 94 96 74 0 0 0 -121 -14 -1 -1 -1 -1 -1 -1 -1 -1 -1 -1 -1 -1 -16 -4 -13 -12 -17 -32 -25 -13 -36 -41 -37 -56 -47 -55 -101 -58 -50 -49 -40 -74 -45 -55 -54 -53 -37 -44 -61 -53 -47 -60 -60 -70 -77 -67 -82 -56 -74 -73 -67 -79 -65 -78 -72 -74 -70 -73 -77 -70 -74 -77 -68 -72 -74 -75 -75 -73 -73 -79 -75 -72 -79 -72 -69 -68 -63 -77 -41 -49 -42 -69 -83 -61 -56 -44 -67 -44 -21 -1 -22 -77 -25 -20 -36 -21 -18 -25 -20 -4 -1 -8 -35 -49 -67 -91 -74 -65 -65 -84 -64 -65 -84 -101 -81 -93 -93 -73 -86 -98 -92 -75 -75 -74 -75 -70 -73 -75 -81 -70 -83 -78 -69 -74 -94 -75 -75 -70 -69 -60 -64 -61 -92 -91 -78 -87 -77 -73 -93 -78 -79 -77 -79 -78 -97 -79 -78 -94 -86 -78 -88 -96 -97 -83 -74 -70 -88 -75 -72 -65 -100
127 93 89 83 79 84 85 82 79 62 74 76 76 73 83 74 73 84 68 50 56 0 32 60 78 113 114 127 104 119 119 100 102 101 127 113 102 90 84 87 77 62 58 62 55 60 48 36 47 -53 -128 -115 -1 -1 -1 -1 -1 -2 -32 -44 -44 -61 -50 -67 -63 -63 -67 -60 -56 -42 -47 -59 -49 -54 -53 -50 -49 -50 -42 -58 -54 -58 -54 -42 -56 -59 -58 -63 -53 -53 -56 -58 -55 -50 -53 -49 -47 -56 -41 -45 -39 -37 -40 -40 -49 -44 -45 -53 -44 -44 -39 -39 -41 -42 -60 -42 -44 -42 -44 -45 -46 -44 -44 -49 -47 -49 -47 -51 -42 -50 -40 -35 -55 -53 -46 -41 -41 -42 -45 -17 -17 -30 -1 -1 -1 -1 -1 -1 108 -1 36 3 -97 -128 100 50 68 85 114 122 94 90 104 100 85 0 31 54 83 77 76 76 93 110 94 76 105 94 78 111 82 114 113 110 87 0 0 0 0 6 74 89 127 78 112 127 120 101 112 0 0 127 97 95 90 116 0 0 0 1 0 0 84 100 116 127 123 122 124 102 0 0 110 108 119 125 106 119 112 113 95 95 111 117 94 101 107 127 112 110 112 120 116 95 108 111 102 127 91 99 95 85 107 107 114 97 96 106 91 107 111 117 45 0 0 0 0 105 82 85 81 58 58 62 68 89 65 71 72 78 -128 -31 -26 102 -1 -1 -1 -1 -1 -1 -1 -1 -1 -1 -1 -1 -1 -1 -1 -1 -1 -1 -1 -1 -1 -1 -1 -1 -1 -1 -1 -1 99 100 -1 -1 104 -1 -128 0 -74 -82 0 0 0 0 0 -60 -1 -1 -1 -1 -1 -1 -1 -1 -1 -1 -1 -1 -1 -1 -1 -1 -1 -1 -1 -1 -1 -1 -1 -1 -7 -3 -11 -14 -28 -12 -17 -28 -22 -34 -42 -36 -45 -37 -45 -41 -58 -45 -64 -68 -70 -54 -58 -53 -59 -60 -42 -58 -51 -46 -67 -61 -41 -60 -55 -78 -67 -63 -78 -69 -69 -72 -72 -70 -70 -64 -72 -70 -77 -69 -79 -64 -70 -69 -73 -72 -72 -74 -74 -73 -73 -78 -72 -68 -64 -69 -58 -117 -44 -34 -67 -84 -59 -50 -53 -40 -32 -25 -6 -4 -9 -8 -12 -25 -8 -12 -11 -12 -6 32 -8 -30 -32 -49 -89 -70 -72 -72 -86 -75 -60 -84 -92 -78 -78 -101 -73 -69 -93 -98 -86 -75 -73 -69 -74 -73 -73 -81 -78 -128 -96 -75 -84 -89 -75 -91 -75 -56 -58 -55 -73 -92 -94 -73 -100 -82 -87 -98 -78 -74 -73 -82 -70 -97 -78 -77 -77 -98 -87 -91 -89 -94 -74 -75 -74 -74 -87 -88 -74 -93
94 93 84 78 83 83 83 81 0 77 72 74 73 74 79 78 72 82 71 79 84 60 22 68 127 107 123 117 110 104 116 117 100 123 117 108 99 88 70 55 53 58 60 66 53 53 43 0 -31 -1 -1 -1 -1 -1 -1 -1 -28 -40 -54 -49 -63 -128 -70 -59 -72 -67 -58 -49 -51 -56 -63 -49 -50 -49 -54 -49 -54 -44 -55 -47 -54 -54 -49 -60 -56 -58 -60 -54 -55 -47 -54 -44 -53 -53 -45 -49 -55 -49 -50 -39 -39 -39 -40 -37 -41 -44 -53 -45 -39 -44 -39 -42 -39 -128 -46 -49 -41 -42 -44 -45 -44 -44 -49 -45 -46 -51 -40 -44 -41 -42 -44 -41 -44 -40 -49 -59 -42 -50 -25 -34 -35 -18 -1 -1 -1 -1 -1 -1 83 96 30 -45 -44 81 58 66 85 96 124 96 100 94 105 94 88 85 -124 70 66 79 77 82 96 94 87 82 82 59 94 97 127 112 124 110 91 112 118 114 105 118 88 95 114 97 -128 0 0 0 0 0 0 0 26 119 88 0 82 49 0 0 100 95 117 119 95 0 110 106 91 108 0 0 118 113 118 106 119 127 118 100 119 110 127 101 101 113 112 93 90 124 107 120 113 118 114 91 127 117 85 94 105 93 117 99 95 101 93 105 114 116 111 101 60 61 0 0 107 122 74 76 74 60 60 59 56 62 72 94 71 -128 -1 -1 104 -1 -1 -1 -1 -1 -1 -1 -1 -1 -1 -1 -1 -1 -1 -1 -1 -1 -1 -1 -1 -1 95 95 95 95 -8 20 0 -128 0 -128 -128 -128 -116 -128 26 7 0 8 -67 26 36 12 -73 -1 61 -1 -1 -1 -1 -1 -1 -1 -1 -1 -1 -1 -1 -1 -1 -1 -1 -1 -1 -1 -1 -1 -1 -12 -11 -17 -17 -22 -18 -13 -37 -21 -17 -28 -32 -34 -31 -27 -35 -128 -46 -47 -60 -59 -59 -56 -67 -46 -72 -40 -46 -46 -53 -67 -59 -47 -69 -74 -84 -78 -64 -82 -78 -67 -75 -79 -70 -74 -68 -78 -75 -72 -74 -69 -68 -69 -72 -73 -69 -69 -72 -75 -70 -74 -77 -75 -68 -70 -68 -55 -55 -47 -39 -73 -79 -61 -47 -41 -28 -17 -20 -1 -1 -1 -1 -3 -4 -11 -2 -1 -1 -4 -1 -47 -128 -17 -41 -74 -77 -65 -75 -68 -75 -67 -72 -91 -96 -83 -100 -89 -68 -86 -96 -86 -82 -78 -72 -73 -73 -73 -73 -75 -75 -74 -74 -79 -83 -78 -81 -86 -63 -59 -56 -86 -94 -96 -74 -94 -82 -74 -89 -74 -70 -74 -81 -75 -81 -82 -78 -82 -89 -91 -86 -75 -82 -74 -72 -84 -75 -79 -83 -74 -83 -96
127 87 84 81 77 79 77 74 62 64 59 73 68 67 72 74 79 89 94 101 81 77 68 0 72 117 104 116 104 96 94 117 96 110 93 100 72 77 70 59 50 66 55 74 62 56 -119 -1 -1 -1 -1 -1 -1 -1 -1 -34 -46 -47 -49 -58 -72 -68 -69 -61 -54 -55 -54 -47 -53 -56 -60 -45 -47 -51 -55 -49 -51 -46 -56 -58 -59 -56 -53 -59 -56 -56 -58 -55 -49 -47 -51 -46 -53 -47 -47 -47 -51 -46 -46 -50 -41 -40 -41 -46 -39 -40 -49 -53 -41 -46 -42 -44 -36 -31 -31 -39 -37 -41 -40 -41 -41 -40 -45 -36 -41 -40 -34 -50 -40 -40 -41 -45 -44 -44 -50 -47 -35 -47 -44 -41 -40 -16 -21 -1 -1 -1 -1 -1 104 -1 59 -128 -128 52 73 70 64 96 123 93 96 88 83 105 66 55 39 55 70 82 88 84 94 93 81 70 79 68 67 90 127 123 117 96 99 106 118 95 122 118 99 100 114 -1 68 113 118 102 83 106 85 112 117 102 97 0 31 100 101 124 105 70 25 0 0 0 0 0 0 7 38 0 122 108 125 123 113 87 107 87 127 114 89 68 119 114 0 111 70 100 124 94 117 102 127 113 102 111 107 108 120 87 102 112 119 96 111 111 99 110 120 105 120 82 122 0 0 112 99 65 72 50 56 59 53 85 55 41 -128 -63 -1 102 84 78 -1 -1 -1 -1 -1 -1 -1 -1 -42 -97 -128 -128 -128 -128 -128 -122 -67 -17 -1 -1 -1 -1 -1 -1 -1 -1 -8 -1 -128 0 0 0 0 19 15 27 15 9 16 24 19 21 9 -1 -1 -1 -1 -1 -1 -1 -1 -1 -1 -1 -1 -1 -1 -1 -1 -1 -1 -1 -1 -1 -1 -1 -20 -11 -11 -11 -17 -2 -27 -16 -31 -20 -11 -22 -34 -37 -32 -25 -36 -40 -35 -40 -54 -65 -64 -73 -78 -47 -69 -61 -45 -65 -47 -49 -53 -77 -78 -86 -82 -72 -51 -74 -74 -65 -70 -69 -70 -68 -73 -75 -68 -70 -69 -64 -68 -70 -69 -73 -63 -75 -72 -73 -72 -74 -78 -75 -69 -69 -63 -61 -67 -128 -49 -74 -82 -60 -45 -8 -22 -1 -47 -1 -128 0 0 -1 -1 -1 -4 -1 -1 -1 -1 -124 78 -128 -9 -47 -61 -73 -83 -68 -61 -74 -79 -79 -88 -97 -102 -84 -65 -69 -96 -77 -79 -98 -73 -72 -70 -68 -69 -69 -67 -74 -69 -72 -82 -81 -78 -81 -64 -72 -82 -86 -91 -75 -86 -93 -79 -69 -78 -81 -70 -81 -77 -72 -82 -89 -91 -97 -96 -92 -89 -73 -74 -73 -74 -83 -75 -67 -98 -72 -74 -84
79 79 77 74 73 74 73 71 71 56 64 65 70 58 72 72 77 78 93 83 78 62 117 100 1 79 106 110 97 90 102 83 88 72 76 81 58 83 89 44 55 60 65 79 16 -1 95 -1 -1 -1 -1 -1 -22 -39 -42 -53 -49 -58 -67 -73 -64 -47 -51 -50 -58 -50 -53 -50 -55 -47 -53 -53 -54 -51 -53 -55 -47 -55 -56 -58 -55 -51 -54 -53 -56 -59 -55 -59 -49 -51 -50 -49 -46 -50 -49 -51 -46 -47 -46 -36 -36 -39 -44 -42 -47 -51 -46 -37 -36 -40 -39 -39 -37 -42 -41 -41 -41 -41 -44 -42 -39 -44 -37 -44 -41 -46 -41 -41 -37 -46 -36 -37 -44 -46 -55 -35 -50 -47 -45 -45 -22 -13 -7 -1 -1 -1 -1 -1 -1 -128 9 65 -72 -128 -25 56 72 111 106 102 99 82 77 100 36 104 -128 62 76 83 91 100 104 84 73 72 70 55 83 123 114 112 113 102 93 101 118 119 118 100 100 125 0 87 112 0 0 127 104 110 125 123 112 0 105 0 88 127 127 116 113 96 97 114 125 0 114 111 111 104 0 0 123 117 116 101 100 119 117 117 90 97 76 0 0 90 84 61 93 127 104 93 122 110 99 116 118 101 106 107 97 83 71 91 54 60 50 56 89 88 90 106 117 112 0 0 117 95 62 55 70 62 68 61 72 60 -77 -49 -1 107 -1 -1 -1 -1 -1 -1 -1 -1 -1 -1 -1 -1 -1 -1 -1 -1 -1 -1 -1 -1 -1 -1 -1 -1 -1 -1 -1 -1 0 33 24 0 25 20 45 44 24 6 13 10 16 21 22 21 29 20 0 -1 -1 -1 -1 -1 -1 -1 -1 -1 -1 -1 -1 -1 -1 -1 -1 -1 -1 -1 -1 -1 -11 -8 -8 -3 -14 -8 -4 -12 -11 -27 -28 -20 -11 -26 -44 -21 -37 -36 -39 -49 -41 -58 -60 -59 -70 -60 -59 -61 -73 -58 -68 -51 -60 -72 -78 -68 -75 -73 -63 -55 -82 -82 -68 -74 -73 -75 -73 -70 -69 -65 -69 -70 -70 -70 -68 -75 -69 -70 -75 -74 -74 -75 -75 -78 -69 -69 -68 -61 -65 -65 -47 -37 -82 -64 -58 -37 -12 -1 -1 -27 35 70 108 94 52 -22 -128 -1 -1 -1 -1 -1 -106 127 78 -128 -35 -69 -88 -84 -70 -67 -70 -78 -100 -64 -84 -101 -96 -69 -73 -94 -79 -74 -86 -79 -72 -63 -64 -73 -74 -64 -68 -128 -67 -73 -84 -79 -74 -64 -56 -83 -68 -82 -75 -86 -86 -84 -73 -94 -98 -75 -77 -79 -72 -92 -91 -93 -82 -96 -74 -75 -70 -69 -84 -83 -89 -88 -72 -92 -94 -75 -70 -86
127 79 72 70 72 72 66 70 0 61 60 62 58 62 67 72 76 78 81 77 78 73 79 112 96 0 67 56 84 87 62 96 90 111 100 59 58 49 90 60 48 60 76 49 0 -14 -1 -1 -1 -1 -1 -1 -37 -46 -49 -58 -61 -65 -72 -65 -53 -128 -53 -50 -47 -47 -47 -54 -54 -49 -50 -53 -49 -50 -51 -55 -51 -55 -60 -63 -56 -53 -53 -55 -51 -50 -51 -55 -45 -45 -50 -46 -47 -47 -49 -49 -49 -46 -46 -39 -36 -41 -42 -39 -51 -47 -46 -37 -42 -41 -41 -37 -41 -128 -41 -42 -45 -44 -41 -44 -40 -39 -41 -44 -42 -41 -41 -39 -39 -49 -37 -45 -46 -60 -41 -40 -45 -40 -40 -40 -34 -27 -22 -8 -1 -1 -1 -1 -1 -128 50 -50 -1 72 -128 -83 65 84 110 119 93 91 71 70 66 77 36 68 71 78 84 102 110 94 78 71 67 65 68 96 118 106 120 94 108 96 99 120 118 76 105 79 -120 113 113 0 0 0 59 105 3 0 0 0 0 0 90 116 127 127 112 119 96 111 116 111 114 112 116 77 0 64 100 0 83 0 15 0 101 105 72 70 1 100 117 119 117 0 102 101 110 89 110 106 85 113 102 113 102 104 97 108 99 108 82 125 107 112 90 105 107 94 112 73 0 102 15 89 99 78 59 73 62 68 87 -8 -12 -1 -1 -1 -1 -1 -1 -1 -1 -1 -1 -1 -1 -1 -1 -1 -1 -1 -1 -1 -1 -1 -1 -1 -1 -1 -1 -1 -1 -1 -1 108 -69 -128 0 18 27 16 32 16 13 0 16 18 22 18 22 21 19 8 15 -128 -1 112 -1 -1 -1 -1 -1 -1 -1 -1 -1 -1 -1 -1 -1 -1 -1 -1 -1 -1 -6 -4 -7 -12 -14 -8 -11 -18 -28 -21 -30 -25 -14 -39 -31 -26 -41 -27 -30 -22 -47 -44 -51 -58 -65 -61 -58 -69 -77 -61 -63 -61 -68 -68 -68 -55 -75 -81 -75 -55 -82 -83 -70 -81 -72 -68 -68 -68 -70 -69 -73 -73 -70 -68 -65 -75 -73 -68 -79 -69 -69 -74 -74 -74 -72 -70 -70 -68 -81 -70 -50 -45 -73 -72 -54 -39 -16 -1 12 59 118 112 106 117 94 56 76 65 -111 -45 -128 -114 -103 81 112 35 -50 -70 -79 -69 -69 -69 -70 -59 -87 -65 -55 -98 -100 -68 -69 -100 -93 -77 -82 -98 -72 -64 -67 -67 -69 -63 -63 -82 -86 -56 -78 -79 -65 -60 -55 -68 -61 -86 -81 -75 -86 -91 -72 -73 -96 -79 -78 -72 -72 -93 -91 -86 -81 -78 -73 -72 -72 -70 -94 -89 -83 -79 -70 -91 -93 -77 -74 -91
84 73 70 73 66 64 65 72 56 59 58 58 62 64 60 73 76 76 66 67 68 72 74 65 59 4 66 70 60 81 77 93 94 44 49 81 87 99 47 58 42 70 -125 -11 -1 96 -1 -1 -1 -1 -40 -42 -53 -44 -60 -72 -72 -75 -50 -53 -54 -42 -47 -53 -54 -49 -49 -59 -47 -56 -50 -49 -54 -49 -55 -55 -50 -60 -59 -54 -51 -54 -58 -49 -50 -53 -59 -46 -46 -58 -47 -51 -46 -49 -47 -47 -50 -49 -37 -39 -41 -40 -40 -49 -54 -49 -47 -41 -39 -39 -37 -45 -41 -36 -39 -44 -42 -42 -46 -42 -45 -45 -49 -41 -44 -42 -41 -42 -50 -45 -42 -46 -61 -49 -56 -59 -45 -54 -34 -46 -47 -40 -32 -21 -1 -1 -1 -1 -1 -70 -53 -98 -11 -128 -93 50 85 113 112 117 107 71 78 88 0 76 -115 59 70 82 87 87 114 90 85 79 74 61 77 112 123 120 113 117 94 85 119 117 102 114 101 -128 106 127 0 0 122 0 0 0 0 0 87 96 43 117 117 125 123 105 127 106 112 114 108 0 99 112 94 0 102 127 120 118 116 116 113 96 118 101 102 119 99 74 100 50 106 91 108 127 123 107 97 124 127 117 123 125 123 114 111 84 113 94 105 108 110 91 110 127 102 104 117 0 0 125 101 120 77 66 62 62 62 78 66 -128 -1 -1 -1 -1 -1 -1 -1 -1 -1 -1 -1 -1 -1 -1 -1 -1 -1 -1 -1 -1 -1 -1 -1 -1 -1 -1 -1 -1 -1 -1 84 -8 -128 0 13 33 32 32 32 36 9 18 15 21 18 19 24 16 8 -119 -45 -1 106 -1 -1 -1 -1 -1 -1 -1 -1 -1 -1 -1 -1 -1 -1 -1 -1 -1 -4 -6 -1 -16 -17 -6 -12 -20 -21 -26 -18 -34 -23 -27 -49 -41 -44 -39 -44 -46 -25 -35 -56 -59 -60 -65 -64 -69 -78 -69 -69 -67 -64 -55 -55 -50 -74 -79 -79 -73 -53 -81 -69 -68 -72 -63 -70 -70 -72 -74 -65 -75 -68 -69 -69 -68 -70 -74 -70 -75 -65 -72 -77 -73 -70 -72 -72 -69 -61 -67 -51 -53 -40 -128 -78 -56 -53 -30 -11 -128 91 100 95 120 123 102 76 50 71 88 85 74 66 60 117 119 10 -46 -63 -78 -79 -64 -75 -68 -72 -89 -50 -45 -79 -93 -68 -75 -84 -93 -75 -74 -78 -69 -60 -67 -67 -68 -67 -65 -65 -69 -51 -56 -82 -70 -63 -64 -83 -68 -88 -89 -61 -83 -82 -77 -79 -98 -77 -93 -68 -70 -84 -82 -83 -78 -74 -72 -72 -79 -78 -87 -96 -73 -74 -74 -77 -93 -68 -79 -65 -94
127 73 67 67 68 60 59 67 50 55 55 56 56 58 73 73 72 72 71 74 78 68 55 62 52 0 45 64 54 84 68 55 56 61 78 56 26 38 81 41 -128 -35 -1 -1 -1 -1 90 -1 -1 -35 -56 -61 -51 -61 -65 -75 -59 -49 -55 -42 -65 -58 -53 -56 -44 -50 -63 -49 -46 -49 -49 -53 -50 -49 -51 -58 -55 -55 -53 -68 -54 -51 -50 -53 -51 -47 -47 -45 -46 -47 -47 -47 -49 -49 -47 -47 -50 -49 -40 -40 -44 -49 -47 -56 -53 -54 -51 -51 -44 -46 -47 -39 -39 -84 -42 -40 -42 -44 -40 -42 -42 -40 -45 -41 -46 -44 -41 -40 -40 -45 -45 -49 -47 -47 -49 -49 -53 -51 -59 -42 -56 -41 -37 -39 -6 -1 94 -1 -1 -1 -93 70 68 33 -1 -1 67 107 110 127 96 102 67 73 61 83 29 61 66 68 72 72 89 116 91 83 76 67 61 83 111 125 118 91 110 111 94 117 87 87 127 -110 127 0 0 87 93 127 89 112 87 99 124 117 90 111 122 120 106 118 116 127 99 101 118 112 102 102 107 0 36 116 120 119 110 124 117 88 111 110 124 87 119 113 116 76 110 104 119 93 94 94 114 112 101 102 120 122 110 119 81 105 107 91 119 124 0 29 0 2 13 91 100 0 32 118 10 114 90 68 68 72 55 82 44 -128 -1 106 -1 -1 -1 -1 -1 -1 -1 -1 -1 -1 -1 -1 -1 -1 -1 -1 -1 -1 -1 -1 -1 -1 -1 -1 -1 -1 -1 -1 -1 -128 15 14 25 35 30 43 48 36 26 0 31 20 16 33 38 30 0 -128 -1 95 -1 -1 -1 -1 -1 -1 -1 -1 -1 -1 -1 -1 -1 -1 -1 -1 -1 -8 -1 -1 -7 -17 -1 -11 -18 -31 -16 -26 -12 -4 -30 -36 -44 -25 -37 -39 -47 -54 -45 -63 -128 -67 -67 -68 -70 -63 -68 -54 -72 -64 -56 -65 -63 -60 -78 -72 -78 -74 -74 -87 -75 -69 -72 -65 -79 -67 -70 -72 -70 -70 -70 -69 -70 -68 -68 -74 -67 -86 -67 -81 -77 -72 -70 -75 -68 -68 -69 -67 -55 -55 -45 -64 -73 -58 -49 -40 -23 -3 48 64 112 114 104 112 125 76 79 67 59 66 74 93 100 112 58 -23 -51 -70 -77 -61 -74 -77 -78 -73 -59 -54 -51 -87 -86 -96 -75 -86 -72 -73 -73 -61 -64 -64 -67 -67 -65 -68 -63 -59 -110 -50 -83 -81 -72 -75 -67 -54 -81 -86 -64 -83 -73 -93 -93 -94 -87 -86 -73 -70 -77 -93 -100 -97 -82 -83 -87 -74 -94 -75 -87 -88 -83 -84 -88 -87 -97 -92 -83 -98
83 72 65 72 66 60 56 0 59 53 53 54 60 73 68 68 70 68 71 61 65 62 55 60 54 0 64 62 60 50 56 48 65 48 58 74 -128 -128 -72 -1 -1 -1 100 101 -1 -1 -1 -14 -53 -59 -59 -67 -67 -70 -69 -63 -51 -69 -45 -68 -128 -56 -56 -55 -50 -67 -50 -54 -53 -60 -51 -50 -53 -55 -55 -55 -54 -55 -53 -47 -46 -54 -49 -51 -49 -47 -47 -47 -47 -50 -46 -49 -49 -49 -53 -51 -49 -49 -50 -44 -49 -42 -41 -46 -56 -47 -51 -46 -56 -46 -41 -39 -58 -47 -45 -40 -42 -36 -49 -42 -44 -41 -41 -44 -39 -41 -40 -42 -51 -54 -55 -50 -55 -45 -44 -47 -54 -45 -50 -45 -42 -37 -47 -21 -6 -1 -1 -1 -1 -1 -107 64 58 -128 -128 96 71 104 127 116 112 74 62 67 0 66 -59 55 60 70 78 88 111 113 88 81 68 59 68 111 112 108 117 96 104 88 108 106 105 116 -14 104 0 0 81 127 100 96 114 93 116 124 113 82 105 116 122 110 88 106 127 119 108 111 120 0 117 114 113 0 87 79 105 2 0 0 0 0 102 117 108 114 99 30 99 93 111 97 125 127 120 117 113 119 89 94 101 108 110 97 89 106 94 99 112 0 0 0 0 0 0 13 0 90 108 79 76 87 97 76 64 47 66 71 -128 -1 -1 -1 -1 -1 -1 -1 -1 -1 -1 -1 -1 -1 -1 -1 -1 -1 -1 -1 -1 -1 -1 -1 -1 -1 -1 -1 -1 -1 100 -1 -107 0 30 38 41 47 50 52 71 37 35 48 30 19 37 25 10 12 0 -1 106 -1 -1 -1 -1 -1 -1 -1 -1 -1 -1 -1 -1 -1 -3 -1 -1 -9 -11 -7 -1 -26 -18 -9 -12 -21 -27 -30 -30 -25 -14 -40 -49 -35 -49 -47 -37 -46 -55 -67 -56 -73 -67 -61 -53 -41 -54 -54 -63 -68 -60 -67 -70 -54 -67 -70 -74 -72 -70 -82 -79 -81 -64 -70 -68 -68 -73 -69 -65 -73 -72 -68 -72 -67 -69 -68 -68 -74 -86 -69 -65 -68 -78 -67 -74 -72 -70 -67 -63 -65 -60 -49 -77 -81 -65 -50 -21 -11 -3 -83 77 123 114 105 106 127 120 81 50 44 53 66 49 62 105 83 4 -58 -69 -82 -73 -79 -78 -74 -78 -63 -53 -55 -79 -84 -89 -82 -78 -69 -67 -61 -63 -67 -67 -64 -58 -60 -63 -67 -59 -50 -108 -67 -72 -58 -61 -53 -77 -83 -83 -67 -79 -81 -97 -100 -92 -91 -74 -77 -75 -87 -103 -98 -91 -77 -72 -89 -73 -73 -83 -77 -88 -83 -75 -94 -91 -83 -77 -79 -68 -82
127 85 73 71 73 62 59 0 70 50 50 54 55 70 67 65 76 61 59 65 61 60 60 53 50 45 25 64 52 54 59 61 62 62 -128 -49 -1 73 107 102 -1 -1 -1 -1 -1 -1 -6 -39 -50 -65 -68 -70 -56 -67 -59 -58 -50 -65 -67 -79 -58 -59 -49 -65 -54 -61 -59 -46 -50 -50 -50 -54 -53 -49 -50 -55 -53 -53 -55 -60 -49 -47 -49 -49 -47 -47 -47 -50 -49 -50 -47 -47 -49 -49 -50 -51 -47 -49 -50 -44 -44 -44 -41 -39 -55 -45 -58 -47 -49 -47 -53 -45 -44 -36 -30 -40 -42 -39 -44 -41 -40 -42 -39 -41 -37 -45 -40 -47 -50 -54 -51 -47 -50 -46 -53 -53 -56 -49 -64 -50 -58 -42 -44 -39 -26 -1 -1 -1 -1 -1 -1 47 66 47 -23 -67 61 91 123 106 112 123 101 82 0 55 0 61 70 76 76 77 100 118 102 88 74 68 56 71 112 101 106 108 108 101 94 107 94 127 -114 127 52 0 106 119 96 93 113 89 125 107 93 99 102 124 123 108 127 97 118 119 96 112 119 96 110 113 116 104 0 0 0 0 0 99 0 0 0 116 97 123 117 118 36 127 124 90 93 116 104 102 124 119 90 97 107 111 104 111 90 88 119 127 107 102 0 0 91 111 96 0 0 119 108 113 12 90 82 85 68 56 55 64 37 104 94 -1 -1 -1 -1 -1 -1 -1 -1 -1 -1 -1 -1 -1 -1 -1 -1 -1 -1 -1 -1 -1 -1 -1 -1 -1 -1 -1 -1 -27 4 12 41 33 38 58 84 76 44 49 39 0 27 24 36 14 12 9 -115 -1 90 -1 -1 96 -1 -1 -2 -1 -1 -1 -1 -1 -1 -1 -2 -1 -1 -7 -12 -2 -7 -22 -7 -14 -3 -28 -31 -34 -27 -18 -26 -31 -39 -23 -40 -47 -64 -50 -53 -64 -68 -75 -106 -55 -78 -72 -78 -83 -83 -82 -79 -77 -81 -63 -72 -74 -70 -78 -75 -78 -72 -73 -68 -72 -72 -67 -77 -72 -69 -70 -72 -65 -68 -67 -70 -68 -70 -70 -82 -65 -69 -65 -73 -69 -81 -74 -68 -67 -59 -58 -56 -55 -69 -83 -128 -54 -28 -16 -11 73 62 39 55 123 102 106 113 96 102 71 64 82 64 58 65 97 68 -75 -56 -74 -82 -74 -75 -79 -81 -74 -59 -53 -78 -88 -94 -86 -73 -73 -72 -64 -68 -68 -64 -59 -56 -56 -55 -59 -53 -58 -59 -61 -79 -60 -58 -58 -79 -82 -64 -69 -91 -92 -97 -98 -81 -82 -77 -72 -67 -70 -93 -97 -81 -72 -77 -82 -84 -75 -89 -83 -87 -92 -78 -94 -92 -72 -75 -93 -98 -81
91 84 81 77 78 71 52 61 53 62 58 60 64 50 61 68 64 59 52 52 53 59 54 58 58 0 54 56 54 45 59 53 -128 -1 -1 -1 -1 -1 -1 -1 -1 -1 -1 -1 -11 -34 -46 -63 -68 -65 -65 -61 -58 -59 -68 -64 -69 -53 -58 -63 -60 -61 -60 -64 -64 -60 -53 -68 -56 -51 -56 -56 -54 -55 -53 -50 -53 -60 -58 -49 -49 -51 -49 -47 -47 -47 -47 -50 -50 -50 -49 -49 -50 -53 -50 -50 -50 -46 -41 -54 -54 -49 -45 -42 -50 -50 -50 -50 -54 -53 -47 -47 -128 -35 -50 -41 -46 -46 -42 -41 -39 -39 -39 -37 -41 -44 -39 -53 -49 -47 -49 -59 -46 -41 -59 -54 -47 -59 -47 -53 -45 -53 -36 -54 -30 -23 -1 -1 -4 -1 -3 -128 41 0 -63 66 55 102 106 118 118 101 89 77 68 -128 71 73 71 74 79 94 111 112 87 73 72 64 56 102 104 107 120 88 117 105 95 105 106 93 -26 102 0 108 95 111 120 120 89 118 116 77 124 108 94 123 106 127 108 101 127 106 100 116 111 74 111 118 119 89 97 79 87 97 125 105 78 0 76 106 106 113 114 78 93 95 112 110 122 118 110 97 93 91 102 110 108 105 114 106 120 113 91 88 84 99 0 95 122 116 127 122 106 118 119 99 113 118 68 79 64 71 45 83 -107 -1 -1 -1 -1 -1 -1 -1 -1 -1 -1 -1 -1 -1 -1 -1 -1 -1 -1 -1 -1 -1 -1 -1 -1 -1 -1 102 -1 -63 0 39 26 33 37 53 60 62 71 52 50 53 54 42 50 47 37 0 38 -128 104 -1 -1 -1 -1 -1 -1 -1 -1 -1 -4 -1 -1 -1 -1 -8 -1 -9 -8 -11 -6 -9 -12 -7 -23 -26 -37 -30 -28 -23 -23 -16 -27 -41 -41 -45 -45 -65 -54 -63 -72 -79 -81 -78 -91 -83 -83 -89 -84 -69 -73 -65 -64 -77 -67 -79 -58 -74 -75 -87 -73 -59 -67 -73 -72 -69 -72 -68 -65 -72 -72 -73 -67 -70 -69 -72 -69 -70 -72 -69 -68 -63 -75 -72 -72 -72 -73 -70 -68 -59 -54 -58 -51 -68 -73 -69 -53 -30 -12 -11 -1 45 79 53 104 119 102 88 83 104 90 68 72 54 60 65 76 127 0 -34 -55 -81 -68 -61 -75 -79 -74 -69 -55 -70 -77 -91 -97 -82 -75 -70 -67 -67 -61 -53 -54 -55 -69 -59 -58 -59 -53 -55 -78 -74 -59 -55 -63 -74 -74 -69 -77 -91 -83 -82 -75 -70 -77 -74 -82 -63 -70 -94 -100 -75 -74 -87 -78 -94 -74 -89 -87 -89 -91 -87 -91 -88 -86 -87 -97 -91 -89 -70
127 110 101 87 78 74 78 81 62 56 55 62 62 48 61 50 55 49 58 62 66 67 65 65 65 35 0 65 64 65 55 -91 -11 -1 -1 -1 -1 -1 -1 -1 -1 -1 -1 -9 -32 -42 -56 -73 -72 -68 -68 -63 -56 -74 -65 -58 -60 -58 -53 -68 -128 -69 -68 -63 -60 -61 -69 -68 -59 -54 -68 -63 -55 -60 -59 -55 -56 -58 -60 -59 -47 -49 -47 -47 -47 -47 -47 -47 -47 -47 -49 -49 -49 -49 -49 -49 -49 -46 -49 -54 -39 -49 -39 -60 -46 -53 -45 -45 -45 -49 -47 -53 -54 -47 -44 -45 -37 -46 -50 -49 -49 -46 -44 -41 -47 -46 -46 -40 -49 -50 -55 -53 -49 -50 -65 -50 -53 -54 -44 -50 -47 -55 -45 -53 -49 -46 -32 -25 -1 -55 0 -120 -1 -97 -100 53 61 73 88 110 119 110 104 114 0 49 -25 62 58 64 72 83 102 118 106 85 78 70 58 50 94 120 116 114 112 113 111 101 91 118 0 99 77 0 96 127 85 94 100 97 122 119 118 107 102 123 113 114 127 100 95 127 123 108 127 108 117 118 113 108 114 114 120 111 99 100 119 0 42 100 93 94 124 91 88 127 123 93 108 105 104 100 81 114 123 105 112 111 119 102 91 123 110 107 117 0 0 100 112 108 111 104 113 120 120 120 53 110 88 60 58 64 71 50 0 -1 -6 -1 -1 -1 -1 -1 -1 -1 -1 -1 -1 -1 -1 -1 -1 -1 -1 -1 -1 -1 -1 -1 -1 -1 -1 -1 95 -128 0 14 10 24 68 81 58 90 58 83 72 71 83 0 43 38 35 18 0 -89 -1 -1 -1 -1 -1 -1 -1 -1 -1 -1 -1 -1 -1 -1 -1 -4 -9 -11 -6 -4 -8 -14 -11 -12 -16 -32 -21 -30 -28 -26 -27 -34 -46 -42 -42 -58 -55 -65 -77 -77 -84 -82 -81 -79 -78 -77 -84 -87 -68 -63 -72 -73 -60 -77 -70 -84 -70 -83 -83 -83 -67 -56 -75 -81 -68 -68 -72 -69 -68 -78 -72 -68 -68 -73 -68 -70 -69 -69 -67 -67 -83 -69 -78 -73 -72 -75 -70 -65 -70 -58 -70 -51 -51 -60 -81 -63 -92 -40 -11 -14 -1 -31 64 60 89 120 104 100 124 93 78 91 43 60 74 70 102 119 90 -111 -37 -73 -60 -53 -58 -78 -70 -69 -78 -70 -68 -79 -94 -87 -73 -70 -65 -63 -63 -56 -59 -68 -72 -70 -53 -63 -50 -56 -49 -128 -82 -54 -56 -82 -75 -59 -87 -89 -63 -72 -81 -61 -96 -73 -79 -63 -69 -93 -101 -73 -79 -91 -88 -93 -75 -73 -77 -75 -79 -89 -93 -89 -91 -97 -84 -79 -72 -75
89 96 84 91 78 78 0 61 60 54 58 56 61 54 58 53 53 64 67 70 70 70 70 67 67 0 60 66 61 61 -128 -115 -1 -1 -1 -1 -1 -1 -1 -2 -9 -14 -25 -39 -49 -61 -69 -72 -55 -51 -63 -69 -64 -63 -61 -68 -65 -72 -70 -59 -65 -61 -60 -59 -67 -67 -60 -61 -58 -60 -65 -60 -51 -64 -60 -63 -60 -58 -59 -49 -49 -49 -47 -50 -49 -47 -49 -50 -49 -53 -50 -49 -49 -47 -46 -46 -44 -53 -53 -44 -55 -45 -55 -49 -60 -47 -46 -56 -58 -50 -51 -54 -50 -55 -54 -53 -53 -50 -50 -50 -50 -49 -49 -50 -50 -49 -51 -50 -50 -51 -54 -46 -50 -54 -47 -55 -49 -55 -53 -55 -51 -50 -53 -54 -40 -45 -36 -13 -1 -37 41 -1 -1 20 -128 -1 62 70 111 120 110 99 127 42 61 -128 54 53 53 61 67 77 107 107 99 72 72 61 52 66 96 101 107 96 124 95 99 104 108 -128 114 127 0 110 113 120 111 106 97 116 95 97 118 104 99 113 116 127 105 107 127 112 97 113 117 111 122 124 88 123 111 104 114 96 107 117 114 0 87 105 112 108 101 91 79 119 97 95 106 107 108 101 110 118 113 106 94 110 112 97 101 102 99 95 0 0 68 111 118 101 97 111 102 96 117 106 102 62 64 70 53 65 71 24 -128 -1 -1 -1 -1 -1 -1 -1 -1 -1 -1 -1 -1 -1 -1 -1 -1 -1 -1 -1 -1 -1 -1 -1 -1 -1 -1 -1 -3 -128 31 26 18 68 89 91 110 73 84 112 90 65 65 62 52 16 30 12 0 -3 101 -1 -1 -1 -1 -1 -1 -1 -1 -1 -1 -1 -1 -1 -13 -14 -4 -9 -6 -8 -11 -8 -9 -37 -36 -35 -34 -32 -37 -39 -49 -26 -39 -42 -47 -46 -64 -69 -82 -84 -81 -65 -87 -81 -128 -75 -75 -68 -64 -74 -68 -65 -83 -74 -82 -78 -72 -68 -72 -75 -72 -88 -88 -65 -70 -69 -69 -68 -73 -68 -70 -69 -73 -70 -68 -78 -69 -69 -67 -70 -70 -77 -64 -74 -72 -70 -64 -81 -56 -59 -56 -56 -54 -84 -61 -55 -116 -32 -17 -1 -1 30 73 89 120 97 116 116 107 87 94 58 58 56 73 68 108 120 104 -1 -54 -69 -61 -42 -79 -64 -69 -82 -69 -65 -50 -88 -88 -68 -86 -64 -60 -59 -50 -61 -73 -67 -72 -56 -58 -54 -54 -55 -75 -75 -69 -65 -68 -77 -51 -69 -91 -70 -68 -84 -69 -82 -75 -73 -61 -78 -88 -102 -84 -79 -77 -82 -77 -72 -78 -79 -84 -93 -78 -93 -79 -88 -87 -82 -72 -79 -69 -94
127 79 81 72 72 72 0 59 56 53 58 53 65 61 64 65 65 70 71 70 70 70 70 67 67 53 60 0 58 64 55 -84 -63 -1 -1 -2 -1 -4 -14 -25 -28 -35 -45 -55 -64 -74 -75 -63 -67 -75 -69 -73 -61 -73 -64 -68 -63 -65 -58 -69 -51 -56 -46 -63 -69 -67 -63 -70 -63 -56 -68 -56 -63 -63 -61 -61 -60 -59 -60 -50 -49 -49 -47 -49 -50 -47 -47 -50 -49 -50 -51 -49 -51 -50 -47 -47 -46 -47 -49 -54 -58 -49 -53 -49 -47 -47 -50 -49 -51 -51 -53 -47 -128 -50 -53 -50 -49 -50 -50 -50 -50 -50 -50 -50 -50 -49 -50 -51 -51 -54 -50 -49 -53 -49 -49 -51 -51 -51 -46 -51 -56 -55 -47 -54 -41 -45 -36 -22 -1 -1 16 0 -20 93 48 -125 -128 54 62 100 125 127 85 62 58 52 -128 60 61 62 68 77 90 116 95 85 77 68 55 53 64 90 95 119 124 117 88 127 82 0 90 83 0 68 116 119 113 110 105 108 122 114 94 99 112 114 127 120 119 101 113 108 127 106 117 73 117 100 99 112 124 108 116 97 97 100 127 14 0 108 85 101 100 116 4 95 84 102 127 116 89 95 110 89 113 120 89 107 106 101 112 93 117 110 114 0 0 0 106 104 107 97 85 93 111 106 64 88 83 67 49 54 67 48 -110 -1 -1 -1 -1 -1 -1 -1 -1 -1 -1 -1 -1 -1 -1 -1 -1 -1 -1 -1 -1 -1 -1 -1 -1 -1 -1 -1 -1 -94 0 25 38 39 108 77 112 88 119 117 85 77 55 59 91 47 35 9 0 -61 114 -1 -1 -1 -1 -1 -1 -1 -1 -1 -16 -17 -1 -4 -16 -2 -8 -7 -14 -11 -12 -13 -18 -37 -37 -41 -49 -37 -34 -37 -31 -25 -41 -39 -54 -60 -61 -74 -83 -77 -75 -67 -84 -78 -73 -67 -72 -72 -73 -78 -77 -69 -78 -73 -69 -65 -70 -69 -69 -72 -73 -72 -69 -70 -70 -69 -69 -72 -65 -68 -74 -70 -68 -72 -72 -81 -69 -69 -64 -73 -69 -79 -67 -73 -79 -74 -70 -72 -69 -58 -53 -64 -56 -68 -58 -53 -64 -47 -28 -22 -1 -128 79 111 84 111 117 116 120 112 110 77 59 49 64 62 90 116 97 87 -1 -12 -47 -53 -73 -63 -75 -73 -65 -64 -70 -94 -84 -73 -83 -65 -59 -54 -70 -82 -84 -64 -63 -55 -55 -51 -46 -53 -81 -83 -53 -64 -70 -63 -54 -73 -92 -77 -69 -74 -72 -87 -61 -61 -59 -83 -92 -100 -88 -81 -72 -68 -69 -73 -82 -74 -97 -78 -78 -84 -75 -81 -89 -70 -70 -75 -74 -79
76 78 68 67 66 73 59 50 50 66 54 58 67 68 62 67 71 70 68 70 70 70 70 67 67 43 53 0 35 45 61 4 -1 -1 -13 -13 -13 -26 -37 -36 -47 -49 -55 -64 -74 -67 -58 -63 -72 -69 -72 -61 -69 -60 -67 -59 -61 -64 -64 -128 -59 -59 -64 -69 -64 -65 -64 -58 -58 -72 -59 -51 -60 -60 -60 -60 -58 -61 -58 -49 -49 -49 -47 -50 -49 -47 -49 -50 -49 -53 -50 -49 -46 -45 -49 -49 -50 -50 -56 -51 -51 -54 -47 -50 -50 -51 -51 -50 -56 -53 -49 -50 -46 -53 -53 -46 -47 -50 -50 -50 -50 -51 -51 -50 -50 -49 -51 -54 -53 -50 -50 -55 -49 -50 -49 -55 -53 -51 -50 -67 -44 -46 -54 -45 -69 -41 -34 -20 -2 -1 -1 -26 -1 -1 91 -128 44 82 88 127 114 107 114 42 71 56 47 56 66 72 74 74 108 110 93 79 79 61 52 48 66 101 113 110 124 123 95 79 127 79 102 0 111 118 123 114 112 88 116 97 112 83 117 107 112 127 117 127 106 104 111 117 124 127 116 114 112 107 122 122 116 122 108 93 99 125 76 0 0 104 97 116 120 0 116 110 117 116 127 113 101 119 89 94 118 76 89 93 97 111 96 105 74 111 102 73 38 0 21 113 120 116 88 78 84 107 87 84 68 56 70 54 47 0 -1 -1 -1 -1 -1 -1 -1 -1 -1 -1 -1 -1 -1 -1 -1 -1 -1 -1 -1 -1 -1 -1 -1 -1 -1 -1 -1 -1 -1 -98 20 54 44 68 79 99 110 125 81 102 107 74 77 94 56 49 14 12 -128 -1 -1 -1 -1 -1 -1 -1 -1 -1 -1 -3 -7 -1 -6 -11 -3 -13 -7 -9 -13 -14 -21 -39 -44 -34 -46 -42 -36 -39 -23 -25 -32 -44 -32 -55 -64 -68 -78 -86 -78 -88 -72 -83 -69 -73 -128 -88 -81 -67 -70 -69 -70 -69 -78 -72 -72 -74 -69 -69 -69 -73 -77 -72 -73 -77 -68 -69 -69 -73 -68 -73 -68 -63 -70 -64 -72 -72 -64 -69 -74 -73 -70 -73 -74 -72 -70 -73 -69 -74 -60 -55 -56 -65 -54 -65 -63 -64 -128 -51 -26 -2 -20 37 122 105 102 127 111 112 102 113 90 73 62 49 59 66 111 89 101 42 -1 87 -49 -69 -69 -75 -74 -81 -54 -68 -97 -97 -72 -72 -69 -61 -61 -63 -82 -81 -64 -63 -55 -54 -49 -50 -55 -75 -58 -128 -50 -74 -63 -58 -65 -84 -89 -77 -82 -68 -88 -68 -77 -69 -89 -93 -89 -93 -70 -70 -72 -63 -64 -73 -74 -83 -75 -79 -74 -78 -72 -75 -70 -72 -70 -75 -69 -69
123 72 68 59 55 62 59 54 50 49 58 62 67 62 66 67 68 60 82 48 55 73 62 43 90 36 0 70 74 65 -13 -128 77 -7 -35 -42 -53 -49 -50 -61 -59 -59 -68 -79 -74 -56 -64 -61 -60 -61 -67 -63 -64 -65 -65 -61 -69 -65 -59 -63 -73 -65 -58 -63 -65 -67 -63 -59 -59 -65 -60 -61 -67 -59 -60 -60 -60 -60 -61 -50 -49 -50 -53 -55 -51 -51 -50 -50 -53 -54 -53 -49 -49 -47 -47 -51 -47 -50 -56 -51 -58 -47 -53 -51 -46 -53 -50 -51 -54 -50 -50 -50 -128 -50 -49 -50 -51 -51 -51 -50 -50 -50 -50 -50 -50 -50 -50 -50 -47 -49 -49 -51 -50 -49 -55 -51 -50 -50 -49 -50 -46 -50 -50 -50 -61 -47 -47 -26 -6 -1 -1 -1 104 -1 -1 -1 -128 50 78 88 119 117 116 71 60 -128 52 52 59 59 55 65 87 117 117 97 84 85 62 59 60 91 118 113 116 104 87 112 -128 0 108 0 0 101 127 122 110 91 95 108 99 113 112 106 99 114 100 102 127 99 88 105 117 123 106 14 124 108 102 117 111 99 101 96 105 119 119 124 0 0 94 108 124 104 96 125 82 118 107 100 106 127 113 100 94 100 107 100 114 106 88 104 89 99 91 89 120 101 0 0 8 105 108 93 68 55 19 61 47 53 68 61 42 -119 -1 -1 -1 -1 -1 -1 -1 -1 -1 -1 -1 -1 -1 -1 -1 -1 -1 -1 -1 -1 -1 -1 -1 -1 -1 -1 -1 -1 -1 -1 0 41 72 58 100 127 97 94 82 127 118 76 72 66 35 74 33 18 -128 -39 105 -1 -1 -1 -1 -6 -1 -1 -12 -1 -1 -3 -9 -25 -3 -16 -7 -14 -14 -28 -34 -36 -37 -18 -47 -45 -61 -30 -21 -41 -55 -47 -47 -61 -65 -72 -74 -79 -68 -69 -67 -72 -69 -68 -64 -78 -83 -65 -72 -65 -78 -67 -74 -67 -68 -73 -65 -74 -70 -77 -74 -68 -72 -73 -68 -68 -72 -72 -69 -68 -68 -67 -73 -65 -78 -79 -67 -70 -70 -70 -68 -68 -70 -72 -65 -84 -69 -72 -65 -55 -61 -70 -50 -68 -69 -59 -55 -53 -37 -26 -9 -100 87 99 44 102 119 120 118 108 108 100 71 81 65 50 64 112 114 102 62 -13 -47 -69 -82 -75 -69 -77 -81 -78 -92 -97 -84 -65 -94 -64 -54 -63 -84 -84 -63 -61 -51 -53 -51 -45 -50 -68 -70 -64 -65 -65 -61 -65 -64 -84 -91 -82 -65 -64 -77 -84 -67 -89 -98 -87 -97 -91 -69 -65 -65 -69 -64 -74 -77 -88 -75 -72 -74 -73 -74 -70 -69 -72 -79 -84 -92 -72
74 76 68 60 58 0 55 58 67 64 68 68 73 70 67 70 74 62 53 0 -126 -32 78 87 -25 1 54 49 50 -92 -128 -1 -20 -37 -45 -51 -55 -68 -68 -69 -73 -75 -73 -61 -60 -65 -61 -67 -70 -65 -63 -67 -65 -60 -59 -61 -61 -68 -64 -53 -58 -59 -70 -70 -67 -59 -61 -59 -59 -64 -60 -64 -63 -61 -59 -60 -60 -60 -60 -59 -54 -49 -49 -47 -47 -46 -46 -49 -50 -51 -50 -50 -53 -60 -60 -59 -58 -50 -49 -53 -47 -47 -50 -49 -53 -50 -51 -50 -47 -54 -46 -70 -49 -51 -53 -49 -51 -49 -49 -50 -50 -50 -50 -50 -50 -49 -49 -51 -50 -47 -51 -53 -53 -50 -50 -49 -54 -50 -54 -50 -50 -49 -54 -56 -58 -56 -34 -17 -1 -1 -1 -1 -1 -1 -1 -1 49 76 70 112 117 106 70 0 -128 52 66 61 62 56 64 65 85 108 108 89 91 93 54 64 64 95 102 113 102 76 96 -128 114 83 101 0 95 119 127 111 113 116 112 113 107 107 127 107 94 107 118 119 112 90 106 113 127 99 90 123 117 104 106 101 107 113 99 106 88 127 111 0 0 88 123 102 114 0 94 112 105 118 120 85 116 102 127 96 111 94 85 70 90 114 120 112 116 89 116 101 100 78 100 65 0 0 104 122 88 81 56 49 43 60 54 88 -128 -1 73 -1 -1 -1 -1 -1 -1 -1 -1 -1 -1 -1 -1 -1 -1 -1 -1 -1 -1 -1 -1 -1 -1 -1 -1 -1 -1 -1 -1 -128 24 41 106 66 61 59 74 122 84 88 90 100 101 0 16 35 27 -23 -128 -1 -1 -1 -2 -8 -1 -7 -1 -1 -4 -1 -25 -4 -17 -14 -8 -2 -14 -14 -30 -36 -27 -32 -54 -51 -51 -59 -44 -45 -58 -53 -61 -60 -50 -64 -68 -75 -83 -77 -63 -79 -67 -69 -69 -72 -70 -64 -74 -64 -72 -73 -68 -77 -64 -68 -70 -70 -69 -69 -72 -72 -72 -69 -73 -65 -72 -69 -68 -72 -68 -67 -69 -73 -69 -73 -82 -65 -72 -70 -75 -69 -75 -74 -70 -70 -75 -70 -69 -70 -68 -59 -53 -55 -55 -77 -68 -55 -47 -32 -27 -6 -88 54 84 66 58 125 123 114 105 97 124 85 84 73 62 59 67 111 127 89 50 99 -128 -2 -74 -82 -72 -87 -93 -93 -88 -77 -65 -89 -74 -60 -72 -84 -87 -63 -53 -56 -53 -44 -50 -49 -78 -73 -59 -63 -72 -65 -55 -63 -75 -78 -73 -73 -63 -68 -86 -65 -75 -101 -70 -93 -97 -75 -72 -67 -81 -67 -79 -68 -86 -83 -77 -87 -79 -74 -72 -87 -96 -93 -93 -94 -77 -92
125 74 76 61 58 33 67 58 62 67 68 70 70 66 73 64 72 49 53 -120 54 101 -17 0 24 24 6 0 -128 -2 -1 -9 -27 -40 -49 -53 -60 -61 -69 -60 -73 -72 -65 -59 -59 -63 -70 -68 -68 -64 -61 -67 -60 -61 -60 -65 -60 -74 -59 -128 -55 -63 -70 -69 -64 -60 -58 -58 -59 -68 -61 -63 -61 -60 -60 -60 -60 -60 -60 -60 -58 -54 -50 -46 -49 -49 -50 -50 -50 -53 -50 -47 -49 -50 -51 -51 -54 -51 -49 -50 -49 -49 -49 -47 -47 -50 -50 -50 -51 -50 -51 -53 -51 -54 -51 -47 -50 -51 -50 -50 -50 -50 -50 -51 -49 -51 -49 -51 -49 -47 -49 -50 -51 -49 -54 -53 -55 -54 -51 -50 -49 -50 -63 -58 -54 -45 -46 -22 -13 -18 -1 -1 -1 -1 -1 -1 -1 38 74 93 108 117 112 97 -56 0 56 59 65 58 58 61 73 101 104 93 82 84 73 61 60 61 120 108 101 100 94 127 105 102 118 104 0 113 127 111 99 82 85 125 111 99 119 104 91 100 106 117 127 85 101 111 119 89 96 0 113 106 106 117 127 124 90 90 106 119 123 0 0 97 114 127 127 87 93 119 108 102 105 97 94 94 95 112 127 100 110 95 96 113 105 118 108 113 119 95 110 96 114 108 107 0 0 127 101 97 59 64 53 59 53 54 87 -121 112 -1 -1 -1 -1 -1 -1 -1 -1 -1 -1 -1 -1 -1 -1 -1 -1 -1 -1 -1 -1 -1 -1 -1 -1 -1 -1 -1 -1 -1 -68 61 117 83 41 50 66 105 79 85 111 107 94 99 64 19 18 0 -21 -1 -1 -1 -1 -1 -1 -1 -1 -1 -1 -4 -1 -6 -11 -35 -6 -16 -11 -32 -39 -40 -40 -47 -47 -55 -54 -54 -59 -53 -56 -47 -59 -51 -49 -69 -72 -78 -74 -78 -74 -73 -70 -69 -68 -70 -72 -128 -86 -75 -72 -72 -65 -72 -68 -64 -77 -69 -69 -65 -72 -70 -69 -70 -73 -70 -70 -68 -68 -69 -73 -65 -73 -68 -75 -68 -72 -64 -72 -70 -73 -75 -74 -75 -72 -67 -73 -75 -70 -72 -73 -64 -53 -51 -47 -81 -70 -63 -55 -128 -28 -25 -6 0 81 82 104 110 112 108 112 89 112 107 84 81 72 53 62 64 112 113 101 119 29 -1 -34 -67 -69 -74 -93 -93 -97 -75 -73 -83 -73 -63 -61 -83 -91 -67 -60 -54 -55 -49 -46 -55 -79 -67 -60 -61 -128 -74 -65 -55 -58 -58 -73 -87 -70 -63 -83 -69 -61 -89 -78 -77 -100 -75 -70 -69 -69 -74 -84 -65 -73 -69 -73 -72 -73 -73 -78 -92 -96 -97 -84 -75 -92 -92
73 72 64 55 62 64 52 59 67 70 70 70 66 66 70 62 72 53 -9 -1 90 76 -1 -6 24 -1 -1 -1 -1 -1 -25 -39 -39 -47 -54 -60 -64 -67 -64 -69 -65 -65 -54 -65 -70 -74 -70 -68 -68 -65 -68 -59 -59 -59 -61 -61 -70 -54 -53 -56 -61 -67 -63 -65 -61 -65 -64 -61 -64 -60 -64 -63 -60 -60 -60 -60 -60 -60 -60 -59 -60 -49 -49 -49 -49 -49 -51 -49 -50 -49 -50 -51 -55 -49 -49 -49 -47 -51 -49 -51 -50 -50 -49 -49 -50 -50 -50 -50 -50 -51 -51 -128 -54 -47 -44 -49 -50 -50 -53 -50 -51 -50 -50 -50 -50 -50 -50 -51 -50 -49 -51 -47 -47 -51 -46 -51 -50 -49 -47 -49 -47 -45 -46 -53 -51 -45 -36 -18 -3 -1 -1 -1 -1 -1 -1 -1 -3 30 60 102 119 125 90 0 49 -128 60 53 61 60 54 62 84 108 105 90 85 87 60 59 56 66 95 119 107 106 94 -88 125 116 127 0 53 114 116 111 89 114 114 113 114 87 91 110 95 97 111 124 108 106 87 116 127 111 97 94 123 96 120 124 99 104 84 94 119 100 127 0 83 122 110 127 100 110 58 108 89 105 116 91 95 108 122 105 114 102 94 93 89 97 114 110 112 110 116 113 110 117 113 114 122 83 0 0 62 78 93 61 56 61 64 64 60 -128 -1 -1 -1 -1 -1 -1 -1 -1 -1 -1 -1 -1 -1 -1 -1 -1 -1 -1 -1 -1 -1 -1 -1 -1 -1 -1 -1 -1 -1 -1 29 85 84 50 41 59 100 107 123 85 38 20 25 0 49 0 -22 -1 -1 -1 -1 -1 -1 -1 -1 -1 -1 -1 -6 -26 -28 -17 -39 -27 -31 -37 -39 -46 -55 -45 -45 -49 -60 -59 -63 -67 -72 -56 -65 -70 -72 -74 -78 -81 -78 -65 -73 -78 -72 -79 -68 -68 -69 -67 -81 -73 -74 -70 -65 -69 -72 -69 -68 -79 -72 -70 -72 -78 -70 -73 -72 -74 -70 -65 -69 -69 -68 -68 -69 -72 -72 -65 -70 -68 -69 -70 -68 -74 -82 -72 -69 -69 -68 -73 -77 -67 -72 -74 -70 -59 -45 -44 -67 -68 -58 -55 -47 -22 -31 -21 -8 -128 52 95 65 127 124 102 95 110 118 81 89 65 67 55 56 65 113 112 111 96 38 -1 -41 -75 -87 -91 -84 -92 -83 -68 -72 -84 -60 -54 -86 -74 -72 -63 -51 -54 -64 -50 -65 -63 -61 -47 -81 -47 -128 -75 -55 -68 -78 -74 -86 -82 -61 -69 -73 -64 -89 -86 -69 -100 -92 -68 -81 -75 -73 -96 -72 -59 -68 -73 -74 -65 -64 -69 -73 -75 -73 -70 -74 -79 -81 -98
127 70 64 60 60 59 71 71 61 60 -12 -16 -44 72 82 -59 74 27 -1 -1 -1 -1 -8 -17 -11 -28 -2 -13 -16 -28 -45 -36 -46 -50 -63 -59 -67 -65 -56 -50 -72 -60 -63 -69 -69 -68 -65 -67 -63 -68 -67 -60 -65 -64 -69 -55 -60 -59 -58 -65 -65 -64 -63 -67 -65 -60 -58 -56 -64 -59 -60 -60 -60 -60 -60 -61 -59 -61 -60 -60 -60 -60 -63 -59 -46 -49 -49 -49 -49 -50 -50 -50 -51 -51 -49 -49 -50 -50 -50 -50 -49 -49 -49 -49 -49 -50 -53 -50 -50 -51 -54 -50 -59 -49 -49 -50 -50 -50 -47 -50 -50 -49 -49 -49 -49 -50 -47 -50 -50 -51 -53 -50 -47 -63 -49 -51 -53 -53 -54 -50 -49 -49 -56 -46 -46 -46 -45 -20 -14 -35 -11 -1 -1 -1 -1 -1 -1 -124 62 85 96 106 127 127 50 54 -128 -8 48 67 78 59 70 94 117 87 74 78 73 53 60 60 74 124 113 87 116 81 0 0 0 0 0 105 111 118 123 97 102 116 82 93 90 95 99 96 110 127 127 113 123 114 112 102 91 0 91 122 127 117 119 117 85 82 107 87 127 0 0 118 91 111 96 118 77 123 93 96 87 104 124 82 101 85 122 119 100 88 105 106 97 127 91 88 95 114 104 112 95 118 125 127 88 96 2 0 0 0 110 66 67 55 67 39 -128 105 -1 -1 -1 -1 -1 -1 -1 -1 -1 -1 -1 -1 -1 -1 -1 -1 -1 -1 -1 -1 -1 -1 -1 -1 -1 -1 -1 -1 -107 22 82 43 41 110 66 85 94 45 35 64 39 47 -42 1 84 -1 -1 -1 -1 -1 -1 -1 -1 -1 -1 -18 -44 -53 -45 -51 -51 -53 -60 -53 -54 -61 -63 -50 -60 -59 -61 -68 -70 -63 -64 -83 -77 -72 -45 -56 -56 -46 -82 -58 -79 -70 -64 -65 -78 -70 -67 -77 -79 -128 -73 -65 -64 -75 -73 -67 -68 -69 -67 -70 -68 -67 -87 -65 -78 -70 -70 -72 -73 -70 -72 -73 -68 -67 -67 -69 -69 -68 -70 -70 -68 -70 -68 -87 -64 -75 -73 -75 -68 -72 -75 -74 -68 -67 -55 -59 -63 -70 -55 -53 -39 -40 -3 -18 -34 -16 -128 96 114 112 114 112 79 106 114 93 82 87 62 55 53 56 55 82 102 118 85 37 -17 -60 -61 -91 -94 -91 -89 -69 -60 -60 -59 -49 -69 -88 -75 -72 -61 -46 -74 -56 -58 -54 -70 -59 -79 -56 -54 -86 -81 -86 -73 -68 -67 -54 -61 -74 -68 -73 -79 -89 -100 -94 -67 -65 -89 -73 -75 -94 -79 -63 -89 -96 -73 -68 -93 -87 -91 -97 -97 -98 -97 -84 -86 -75
76 67 55 78 0 62 60 39 0 0 31 -7 13 -1 0 37 37 -18 -1 -1 -1 -18 -35 -39 -30 -21 -21 -35 -37 -44 -49 -50 -47 -61 -61 -65 -68 -54 -44 -70 -55 -56 -70 -69 -64 -73 -61 -64 -70 -70 -61 -61 -64 -63 -60 -63 -72 -59 -128 -63 -65 -63 -61 -64 -59 -59 -59 -60 -60 -58 -59 -60 -60 -60 -60 -60 -60 -60 -60 -60 -60 -60 -61 -55 -51 -49 -49 -50 -49 -53 -51 -49 -47 -47 -49 -49 -47 -47 -49 -49 -49 -49 -49 -49 -49 -51 -50 -50 -51 -51 -47 -55 -49 -49 -49 -51 -49 -49 -49 -51 -50 -49 -49 -49 -49 -49 -49 -49 -51 -50 -50 -46 -58 -45 -56 -49 -55 -59 -56 -47 -47 -56 -46 -41 -44 -50 -36 -20 -13 -14 -4 -1 -1 -1 -1 -1 -1 -117 71 106 118 112 95 85 58 26 0 67 72 55 67 58 76 111 102 79 74 96 53 60 60 62 110 107 94 90 113 96 0 43 127 94 100 106 124 101 105 102 123 106 88 99 94 100 97 105 127 125 110 96 104 105 112 91 104 95 95 123 113 113 102 81 88 93 95 127 0 0 112 106 105 107 99 22 122 96 82 106 83 90 78 101 93 127 82 89 105 104 94 122 111 78 97 85 100 123 117 117 117 127 104 97 122 122 77 108 29 0 50 70 67 56 78 66 -128 -1 -1 -1 -1 -1 -1 -1 -1 -1 -1 -1 -1 -1 -1 -1 -1 -1 -1 -1 -1 -1 -1 -1 -1 -1 -1 97 -1 -1 8 6 15 55 55 70 48 56 77 66 7 21 24 0 -128 -1 -1 -1 -1 -1 -1 -1 -1 -1 -1 -1 -21 -41 -51 -54 -44 -55 -59 -58 -59 -67 -53 -56 -45 -51 -67 -68 -61 -65 -74 -79 -75 -59 -51 -47 -46 -49 -47 -56 -68 -77 -81 -56 -67 -74 -68 -74 -69 -69 -70 -68 -72 -74 -69 -70 -65 -67 -72 -69 -70 -74 -70 -69 -78 -74 -70 -73 -77 -74 -70 -68 -74 -73 -72 -70 -75 -68 -73 -70 -69 -68 -70 -68 -78 -74 -68 -68 -68 -70 -73 -74 -75 -73 -72 -59 -47 -56 -70 -67 -61 -50 -28 -128 -1 -41 -42 -1 54 113 102 105 116 96 93 112 114 108 88 73 59 50 54 55 60 76 99 110 78 0 -54 -73 -92 -101 -94 -86 -70 -68 -65 -70 -64 -73 -89 -78 -67 -68 -53 -53 -54 -58 -68 -55 -74 -77 -65 -54 -82 -87 -82 -72 -60 -73 -56 -65 -81 -58 -69 -88 -96 -100 -87 -63 -68 -92 -70 -67 -98 -96 -69 -82 -97 -74 -69 -96 -100 -97 -92 -96 -98 -94 -81 -92 -77 -89
127 59 52 48 58 61 53 56 -32 -1 104 -1 105 -1 -128 -32 -34 -1 -1 -1 -4 -21 -39 -37 -32 -41 -39 -42 -41 -45 -51 -59 -56 -64 -67 -61 -65 -53 -44 -49 -54 -56 -69 -73 -63 -67 -58 -67 -68 -68 -59 -58 -65 -56 -64 -59 -60 -54 -64 -61 -59 -64 -63 -59 -58 -58 -60 -59 -59 -61 -63 -60 -60 -60 -60 -61 -59 -61 -60 -60 -60 -60 -59 -60 -60 -53 -49 -49 -49 -50 -50 -50 -49 -49 -49 -49 -49 -49 -47 -47 -49 -49 -49 -49 -49 -50 -50 -50 -50 -51 -54 -128 -54 -49 -49 -50 -50 -47 -50 -50 -50 -49 -49 -49 -49 -50 -47 -50 -50 -51 -50 -47 -49 -46 -55 -54 -54 -56 -47 -47 -47 -54 -53 -49 -45 -42 -47 -40 -30 -36 -20 -6 -1 -1 -1 -1 102 -1 -1 78 119 108 113 50 54 66 48 -53 73 55 49 59 60 83 105 87 74 93 79 53 61 62 72 102 102 110 104 94 0 21 0 107 116 94 124 116 110 97 105 125 96 91 96 101 110 99 120 120 110 93 114 100 116 112 118 0 91 99 99 124 118 122 104 93 101 127 0 0 99 110 99 106 95 0 119 90 100 113 90 93 87 100 81 89 104 108 117 124 114 125 107 90 87 85 84 93 96 127 124 102 108 116 93 110 117 116 107 0 0 84 62 50 64 72 35 -93 -1 99 -1 -1 -1 -1 -1 -1 -1 -1 -1 -1 -1 -1 -1 -1 -1 -1 -1 -1 -1 -1 -1 -1 -1 -1 -1 -1 -1 -60 -64 27 60 45 45 96 89 97 22 0 -106 -128 -128 -1 97 -1 -1 -1 -1 -1 -1 -1 -1 -4 -46 -59 -51 -54 -49 -37 -50 -63 -61 -56 -60 -63 -63 -63 -68 -60 -61 -72 -67 -64 -56 -40 -59 -45 -49 -39 -53 -72 -81 -75 -77 -69 -70 -72 -75 -69 -68 -69 -74 -65 -65 -70 -64 -65 -68 -74 -67 -78 -68 -69 -68 -69 -79 -67 -69 -73 -74 -70 -70 -72 -70 -58 -65 -74 -69 -77 -73 -68 -70 -77 -72 -69 -65 -82 -72 -73 -84 -75 -69 -74 -77 -64 -65 -64 -51 -69 -70 -64 -56 -55 -42 -20 -27 -23 -40 -25 -128 73 122 124 124 91 104 106 101 112 123 81 68 56 53 56 58 70 81 117 102 36 -20 -64 -88 -91 -87 -83 -70 -74 -82 -65 -77 -73 -81 -70 -67 -72 -67 -50 -68 -55 -69 -55 -77 -64 -70 -55 -70 -128 -68 -73 -68 -65 -74 -77 -73 -56 -65 -77 -88 -89 -79 -74 -72 -100 -73 -83 -94 -91 -83 -77 -100 -74 -86 -93 -100 -75 -75 -93 -91 -79 -82 -83 -91 -74
66 60 56 56 74 56 0 -1 -1 -1 -1 -1 -1 -56 -128 -67 83 -7 -31 -44 -40 -40 -37 -44 -34 -35 -39 -34 -46 -55 -63 -50 -59 -63 -64 -64 -47 -58 -63 -69 -64 -78 -73 -64 -69 -61 -64 -60 -63 -56 -58 -64 -60 -64 -58 -70 -70 -63 -61 -58 -60 -64 -59 -59 -59 -59 -59 -63 -60 -61 -61 -59 -59 -60 -60 -60 -60 -61 -61 -60 -60 -60 -60 -59 -59 -60 -50 -47 -47 -47 -49 -47 -50 -49 -49 -49 -51 -47 -47 -47 -47 -47 -49 -49 -50 -50 -50 -50 -51 -50 -42 -54 -49 -50 -51 -49 -49 -50 -50 -50 -49 -50 -50 -50 -50 -50 -50 -50 -50 -49 -50 -49 -54 -58 -44 -65 -51 -51 -53 -45 -54 -50 -55 -58 -47 -58 -50 -44 -50 -40 -35 -14 -1 -1 -1 100 -1 -74 72 107 114 125 87 91 55 55 58 -128 38 83 64 59 66 85 101 76 76 84 55 56 66 68 65 91 84 117 89 94 0 0 0 127 127 110 114 108 117 112 100 95 88 91 104 127 117 123 101 110 91 96 93 112 114 110 22 90 81 91 99 111 127 106 106 84 111 0 113 118 106 106 94 29 58 113 110 101 97 82 110 87 85 85 97 107 122 105 107 91 65 0 53 78 74 70 79 83 95 114 117 117 117 120 113 101 123 112 60 0 72 62 68 60 65 72 60 0 -1 -1 -1 -1 -1 -1 -1 -1 -1 -1 -1 -1 -1 -1 -1 -1 -1 -1 -1 -1 -1 -1 -1 -1 -1 -1 -1 -1 106 -1 -1 -128 -128 25 0 0 12 6 0 -1 -1 -34 -1 -1 -1 -1 -1 -1 -1 -1 -1 -9 -41 -58 -53 -40 -36 -46 -46 -32 -56 -58 -65 -60 -54 -60 -55 -63 -59 -69 -73 -49 -40 -44 -40 -39 -58 -53 -46 -73 -81 -70 -56 -75 -84 -70 -70 -73 -67 -68 -67 -67 -68 -128 -72 -70 -73 -79 -68 -65 -82 -63 -72 -69 -73 -70 -68 -68 -74 -70 -74 -70 -74 -69 -68 -83 -78 -64 -68 -73 -70 -73 -72 -70 -70 -65 -68 -72 -79 -73 -64 -63 -63 -49 -64 -88 -67 -61 -81 -79 -55 -58 -72 -50 -42 -37 -18 -42 -34 -8 -68 99 100 124 117 85 106 73 85 110 89 79 64 55 54 55 66 78 117 116 112 -42 -88 -96 -81 -78 -94 -72 -75 -73 -64 -70 -79 -77 -72 -72 -69 -82 -63 -55 -53 -63 -77 -72 -79 -68 -60 -68 -70 -60 -79 -73 -75 -70 -58 -61 -58 -81 -86 -88 -100 -72 -91 -89 -79 -77 -83 -91 -89 -88 -75 -86 -75 -82 -87 -97 -77 -78 -84 -84 -77 -86 -87 -89 -65 -70
122 58 48 70 0 50 -128 -26 102 107 106 110 107 -1 -1 -2 -13 -36 -46 -50 -39 -44 -47 -45 -34 -31 -41 -37 -50 -51 -58 -60 -67 -65 -61 -56 -70 -59 -67 -73 -82 -81 -75 -63 -69 -60 -65 -56 -70 -58 -61 -59 -64 -59 -58 -72 -64 -60 -128 -61 -55 -61 -58 -59 -59 -59 -59 -59 -59 -61 -61 -59 -59 -60 -60 -60 -60 -60 -59 -59 -60 -60 -61 -63 -59 -59 -60 -49 -49 -49 -50 -47 -50 -51 -51 -51 -50 -46 -50 -50 -50 -50 -50 -49 -49 -50 -50 -50 -50 -53 -50 -128 -54 -50 -50 -49 -49 -50 -50 -50 -51 -50 -50 -50 -50 -50 -50 -50 -50 -50 -51 -50 -50 -54 -47 -59 -50 -53 -47 -45 -58 -56 -61 -63 -49 -61 -60 -63 -39 -58 -61 -49 -25 -1 -1 -1 -1 -1 -20 73 90 127 97 0 42 50 58 52 -61 72 78 56 58 79 90 90 74 73 79 44 60 65 68 78 93 101 96 96 73 82 0 0 124 102 124 107 106 95 120 120 81 91 114 100 127 120 123 96 106 85 90 112 95 111 118 2 100 79 87 105 123 97 102 111 110 81 0 105 113 105 118 0 72 95 99 91 95 111 93 78 79 81 91 111 101 120 91 71 0 0 0 0 0 44 91 79 84 104 105 102 122 123 124 113 113 124 123 0 0 95 87 49 55 67 70 67 7 -1 -1 105 -1 -1 -1 -1 -1 -1 -1 -1 -1 -1 -1 -1 -1 -1 -1 -1 -1 -1 -1 -1 -1 -1 -1 -1 -1 -1 -1 -1 -1 -79 -25 -14 -59 0 0 -128 76 -1 105 -1 -1 -1 -1 -1 -1 -1 -1 -20 -42 -63 -42 -35 -49 -44 -40 -47 -58 -68 -72 -59 -51 -55 -54 -61 -69 -79 -61 -45 -41 -42 -22 -46 -39 -41 -36 -64 -53 -55 -55 -77 -69 -81 -70 -70 -69 -68 -64 -69 -79 -61 -75 -67 -69 -74 -67 -72 -74 -67 -70 -73 -68 -70 -72 -69 -64 -64 -72 -67 -75 -72 -72 -88 -84 -68 -69 -67 -70 -68 -67 -68 -73 -64 -67 -77 -79 -68 -60 -64 -55 -35 -63 -88 -60 -64 -54 -78 -61 -58 -77 -55 -53 -46 -108 -47 -67 -7 -3 61 113 95 127 106 105 78 111 110 107 81 66 59 54 58 73 82 101 117 100 -128 -58 -92 -65 -65 -75 -78 -81 -73 -72 -63 -88 -67 -64 -65 -72 -82 -73 -58 -50 -70 -81 -78 -70 -74 -73 -56 -69 -64 -59 -67 -81 -65 -61 -50 -65 -77 -92 -56 -91 -87 -75 -97 -74 -91 -72 -79 -83 -77 -91 -74 -91 -84 -93 -77 -82 -73 -89 -86 -82 -86 -84 -91 -70 -75
70 41 54 66 24 0 -1 -1 107 100 97 76 -11 -34 -36 -40 -49 -54 -50 -50 -45 -53 -55 -56 -49 -47 -42 -58 -60 -64 -65 -54 -53 -60 -70 -75 -75 -75 -75 -72 -58 -64 -58 -58 -60 -61 -55 -68 -58 -58 -63 -65 -59 -64 -63 -58 -67 -67 -56 -58 -69 -60 -59 -59 -59 -60 -58 -61 -67 -65 -61 -60 -60 -60 -60 -59 -61 -60 -60 -60 -60 -58 -59 -60 -60 -61 -55 -54 -56 -56 -51 -53 -58 -60 -60 -49 -46 -51 -50 -47 -53 -51 -50 -50 -50 -50 -51 -51 -53 -51 -51 -46 -49 -49 -49 -51 -51 -51 -49 -53 -47 -47 -50 -50 -50 -47 -50 -50 -53 -54 -47 -54 -51 -51 -59 -45 -49 -49 -55 -56 -53 -47 -50 -47 -59 -49 -61 -49 -70 -68 -50 -30 -18 -1 83 -1 -1 -126 91 97 116 111 117 67 70 67 72 -128 58 54 65 49 54 73 85 85 79 81 64 56 65 65 65 67 104 119 112 74 81 111 0 55 110 101 127 101 89 120 99 102 88 125 122 113 118 97 99 95 85 89 99 105 112 91 0 111 74 83 100 122 88 120 120 108 118 113 0 101 100 77 0 120 102 104 113 107 106 87 95 90 79 84 77 99 113 127 116 55 0 105 83 70 0 0 0 0 12 97 118 111 124 127 87 116 108 127 112 0 0 105 72 102 45 65 77 74 43 -45 -1 -1 122 -1 87 -1 -1 -1 -1 -1 -1 -1 -1 -1 -1 -1 -1 -1 -1 -1 -1 -1 -1 -1 -1 -1 -1 -1 -1 -1 -1 -1 -1 -1 -93 -128 -4 -1 -1 -1 -1 -1 -1 -1 -1 -1 -1 -1 -32 -55 -49 -35 -60 -50 -40 -58 -67 -55 -55 -58 -40 -54 -64 -61 -50 -61 -56 -40 -46 -46 -63 -51 -67 -59 -68 -34 -49 -47 -54 -63 -60 -74 -59 -61 -67 -73 -74 -69 -82 -79 -65 -128 -67 -70 -67 -72 -72 -74 -78 -70 -79 -69 -70 -73 -72 -70 -68 -87 -73 -83 -70 -68 -75 -63 -64 -69 -77 -70 -79 -68 -68 -70 -67 -72 -72 -86 -65 -82 -77 -51 -25 -39 -91 -77 -67 -58 -74 -49 -51 -70 -58 -51 -50 -34 -61 -21 -28 -1 -128 83 119 89 123 105 87 101 112 100 77 73 65 55 62 67 85 116 118 112 -59 -75 -87 -60 -70 -87 -94 -81 -74 -75 -72 -68 -75 -67 -72 -82 -73 -86 -63 -68 -60 -81 -68 -55 -75 -58 -51 -78 -67 -128 -86 -56 -56 -55 -65 -79 -86 -89 -64 -84 -93 -67 -100 -89 -75 -87 -93 -74 -73 -82 -69 -92 -78 -75 -70 -87 -87 -88 -72 -86 -82 -79 -84 -82 -79 -68
127 53 58 67 60 -1 -1 -1 -1 -1 -1 -9 -27 -45 -41 -40 -49 -51 -58 -60 -51 -59 -58 -51 -53 -59 -58 -68 -58 -59 -58 -56 -58 -69 -72 -73 -74 -60 -63 -73 -63 -75 -64 -68 -69 -67 -61 -65 -60 -59 -58 -56 -53 -58 -58 -58 -63 -50 -59 -55 -65 -61 -58 -58 -58 -59 -59 -61 -60 -60 -60 -59 -59 -59 -59 -58 -59 -60 -59 -59 -59 -59 -59 -60 -59 -59 -56 -58 -65 -60 -60 -59 -59 -61 -60 -59 -53 -50 -49 -49 -49 -46 -46 -51 -50 -50 -50 -50 -50 -50 -50 -42 -50 -49 -49 -50 -50 -50 -51 -53 -50 -53 -51 -51 -51 -47 -49 -50 -50 -49 -51 -54 -53 -53 -59 -53 -53 -47 -50 -55 -64 -50 -69 -46 -55 -59 -60 -59 -68 -63 -54 -54 -30 -13 -1 -1 -1 -1 -74 79 79 94 101 12 53 54 54 -14 -128 0 74 64 61 76 100 73 72 73 65 58 59 62 64 56 74 120 91 94 90 106 105 0 125 90 127 95 124 119 100 105 81 113 114 82 127 112 101 94 82 96 96 93 114 78 81 94 76 83 114 127 91 102 113 94 124 89 0 0 107 116 123 120 96 113 125 114 0 0 113 99 87 82 77 81 79 71 76 0 0 33 83 77 66 102 70 20 0 0 88 91 88 112 125 125 108 106 117 127 78 0 0 0 84 62 68 61 67 72 9 0 -1 72 -1 -1 -1 -1 -1 -1 -1 -1 -1 -1 -1 -1 -1 -1 -1 -1 -1 -1 -1 -1 -1 -1 -1 95 95 95 95 96 96 93 93 -1 -1 -1 99 101 22 -1 -1 -1 -1 -1 -8 -13 -39 -50 -30 -26 -42 -41 -40 -39 -54 -40 -44 -68 -46 -47 -46 -44 -45 -60 -45 -44 -34 -34 -37 -46 -42 -36 -36 -35 -49 -41 -56 -61 -88 -81 -81 -75 -77 -77 -69 -73 -73 -69 -60 -68 -70 -72 -68 -67 -67 -72 -67 -65 -78 -67 -69 -72 -72 -68 -79 -74 -79 -65 -67 -72 -68 -67 -70 -72 -69 -72 -68 -69 -65 -73 -67 -73 -74 -84 -70 -81 -77 -72 -50 -74 -86 -82 -68 -67 -65 -53 -60 -60 -59 -50 -37 -39 -120 -34 -26 -20 -121 84 97 119 89 117 89 113 100 79 95 93 67 65 66 76 93 118 118 93 0 -61 -92 -75 -63 -92 -93 -88 -79 -74 -81 -69 -81 -70 -65 -79 -72 -79 -70 -70 -64 -67 -58 -56 -63 -55 -60 -60 -63 -72 -58 -70 -65 -69 -72 -72 -86 -86 -77 -88 -100 -75 -91 -98 -79 -93 -81 -75 -92 -77 -93 -94 -82 -70 -79 -92 -77 -100 -81 -84 -97 -82 -81 -74 -79 -83
67 48 64 0 -54 -1 -1 -1 -1 -9 -35 -35 -42 -50 -53 -54 -49 -51 -61 -51 -55 -61 -63 -58 -60 -54 -65 -65 -63 -64 -67 -61 -69 -73 -67 -78 -55 -67 -73 -56 -72 -59 -59 -68 -64 -60 -61 -59 -55 -60 -59 -61 -63 -61 -59 -59 -60 -128 -58 -64 -63 -59 -59 -59 -59 -63 -60 -61 -63 -59 -60 -60 -60 -60 -60 -59 -61 -60 -60 -60 -60 -60 -61 -60 -60 -60 -63 -60 -63 -63 -64 -60 -61 -59 -56 -60 -50 -50 -47 -50 -53 -51 -53 -53 -53 -53 -51 -51 -50 -49 -128 -59 -49 -49 -49 -49 -49 -50 -53 -47 -50 -53 -50 -50 -50 -47 -50 -50 -47 -50 -50 -49 -51 -55 -59 -51 -51 -47 -55 -63 -60 -69 -51 -51 -56 -49 -55 -49 -61 -59 -55 -36 -26 -11 -1 -1 -1 -1 0 87 93 106 84 55 62 55 0 -128 66 54 55 62 62 83 67 66 64 67 53 58 60 62 59 65 105 110 91 89 85 104 83 0 125 100 96 117 114 107 112 123 100 118 125 114 123 102 95 100 106 100 100 120 66 71 0 93 79 104 101 97 96 104 105 127 88 107 0 100 112 74 127 100 102 106 82 0 105 0 117 90 79 84 82 82 82 77 0 0 73 77 81 74 87 72 84 102 0 76 82 89 108 74 114 127 125 119 124 91 114 0 0 0 64 65 68 66 66 72 54 38 -31 59 -1 -1 -1 -1 -1 -1 -1 -1 -1 -1 -1 -1 -1 -1 -1 -1 -1 -1 -1 -1 -1 -1 -1 -1 -1 -1 -1 -1 -1 -1 -1 -1 -1 -1 -1 -1 -1 -1 -1 -1 -1 -1 -25 -36 -49 -46 -23 -41 -40 -41 -32 -39 -36 -44 -47 -45 -41 -36 -56 -44 -65 -45 -46 -30 -35 -35 -31 -37 -36 -35 -54 -45 -51 -47 -72 -81 -79 -75 -68 -65 -79 -63 -73 -68 -69 -61 -60 -64 -68 -67 -59 -59 -59 -65 -79 -77 -74 -67 -73 -73 -72 -72 -67 -70 -67 -78 -70 -70 -68 -82 -74 -67 -68 -65 -75 -70 -73 -70 -69 -72 -75 -64 -75 -65 -64 -51 -96 -83 -75 -77 -75 -79 -58 -69 -55 -49 -46 -41 -25 -16 -18 -27 -21 -31 55 95 116 105 95 112 91 97 88 87 107 100 70 64 71 82 105 104 101 81 -25 -73 -69 -63 -91 -96 -96 -77 -70 -79 -75 -72 -73 -64 -72 -68 -64 -68 -72 -61 -61 -63 -54 -54 -55 -59 -59 -65 -78 -73 -60 -73 -74 -84 -74 -88 -83 -83 -73 -96 -78 -83 -98 -89 -75 -82 -81 -77 -73 -91 -97 -78 -68 -77 -94 -89 -96 -93 -73 -87 -88 -87 -73 -89 -98 -98
112 58 54 0 0 -1 -1 -1 -8 -23 -31 -46 -68 -68 -63 -60 -63 -64 -65 -63 -60 -72 -61 -58 -59 -68 -73 -64 -59 -56 -63 -73 -73 -79 -69 -75 -60 -67 -65 -68 -69 -64 -68 -70 -64 -69 -64 -61 -61 -61 -61 -65 -61 -58 -58 -61 -63 -83 -61 -65 -70 -64 -64 -64 -64 -64 -64 -63 -63 -60 -60 -59 -60 -61 -61 -64 -64 -64 -63 -63 -61 -61 -63 -63 -61 -61 -65 -63 -64 -64 -64 -64 -61 -61 -60 -60 -54 -55 -47 -49 -49 -47 -49 -49 -49 -49 -49 -46 -46 -47 -49 -54 -40 -49 -49 -50 -50 -49 -49 -46 -46 -47 -47 -47 -46 -47 -51 -50 -49 -49 -49 -49 -47 -47 -51 -47 -56 -56 -49 -74 -65 -61 -51 -54 -51 -56 -45 -46 -54 -60 -58 -46 -39 -18 -11 -1 -1 104 -3 53 91 100 81 49 59 0 45 0 -12 76 29 60 55 61 71 66 61 65 72 62 74 76 77 67 66 124 113 65 74 111 59 0 102 117 117 117 124 117 99 89 82 99 84 123 119 118 104 99 89 96 112 82 72 87 94 81 77 112 117 125 74 108 77 88 87 122 0 0 117 108 104 111 68 0 0 0 108 105 0 0 97 79 91 72 74 73 0 0 89 87 83 84 83 83 83 91 90 0 37 76 77 90 90 99 112 113 112 117 104 127 39 0 0 100 87 79 88 84 76 82 0 -128 -1 -1 -1 -1 -1 -1 -1 -1 -1 -1 -1 -1 -1 -1 -1 -1 -1 -1 -1 -1 -1 -1 -1 -1 -1 -1 -1 -1 -1 -1 -1 -1 -1 -1 -2 -3 -128 -1 -1 -1 -1 -1 -32 -35 -28 -39 -31 -39 -54 -46 -41 -35 -36 -51 -35 -25 -30 -40 -55 -39 -39 -46 -46 -40 -36 -36 -41 -26 -50 -36 -34 -46 -65 -78 -86 -86 -70 -65 -73 -61 -75 -75 -64 -75 -72 -70 -72 -51 -86 -45 -50 -44 -72 -88 -75 -73 -73 -72 -72 -69 -77 -69 -79 -86 -79 -73 -74 -72 -74 -78 -74 -68 -83 -77 -81 -73 -70 -68 -72 -70 -73 -70 -81 -83 -74 -68 -69 -54 -55 -72 -82 -67 -69 -68 -46 -40 -39 -56 -30 -17 -17 -27 -22 -22 -128 93 111 114 88 89 84 105 100 105 104 113 88 73 72 81 108 117 118 89 -122 -60 -78 -68 -92 -89 -98 -73 -74 -64 -58 -75 -89 -69 -70 -69 -69 -73 -72 -59 -55 -55 -56 -58 -74 -58 -55 -65 -78 -77 -128 -81 -83 -82 -87 -91 -83 -82 -83 -77 -74 -88 -88 -91 -82 -74 -93 -77 -74 -74 -92 -75 -81 -91 -96 -89 -78 -74 -83 -72 -74 -93 -69 -86 -100 -98
118 127 0 0 127 127 127 127 127 127 127 127 127 127 127 127 127 127 127 127 127 125 127 125 127 127 127 127 124 127 127 127 127 127 127 122 127 127 125 127 127 127 127 127 125 127 127 127 127 127 127 127 127 127 125 127 113 114 127 127 127 127 127 127 127 127 127 127 127 127 127 127 127 127 127 127 127 127 127 127 127 127 127 127 127 127 125 127 127 127 127 127 127 127 127 127 127 125 127 124 127 127 127 127 127 127 127 127 127 127 0 127 127 127 127 127 127 127 127 127 127 127 127 124 127 127 125 127 127 127 127 125 125 127 127 127 127 127 127 127 127 127 127 127 127 127 127 127 127 127 127 127 127 127 127 127 124 -1 -96 117 127 127 0 122 0 -1 71 -1 0 -1 127 127 125 127 123 127 127 127 124 119 123 124 122 118 127 127 127 127 127 127 0 0 127 127 127 127 127 127 127 127 127 127 127 127 127 127 127 127 127 127 127 127 127 127 0 125 127 127 127 127 127 127 127 127 97 0 127 127 125 0 43 84 0 127 127 127 127 127 124 0 0 0 127 0 0 0 0 127 127 127 127 127 127 127 127 127 127 18 0 127 123 127 127 127 127 127 88 127 127 116 127 22 0 125 125 127 127 127 114 127 127 -1 117 127 127 127 127 127 127 127 127 127 127 127 127 127 127 127 127 127 127 127 127 127 127 127 127 127 119 118 119 118 127 125 127 123 117 116 127 125 127 127 127 127 127 127 124 127 127 127 127 127 127 127 127 127 127 127 125 127 127 127 127 127 127 127 127 127 127 127 127 127 127 127 127 127 127 127 127 127 127 127 127 127 127 127 124 127 127 127 127 127 127 127 127 127 127 127 127 127 127 127 127 127 127 127 127 127 127 127 127 127 127 127 127 127 127 127 127 127 127 127 127 127 127 127 127 127 127 127 127 127 127 127 127 127 127 127 127 127 127 127 0 120 117 -121 102 127 127 127 127 127 127 127 127 127 127 127 127 127 127 127 127 127 127 127 -128 -1 127 127 127 127 127 127 127 127 127 127 127 127 127 127 127 127 127 127 125 127 127 127 127 127 127 127 127 127 127 127 117 127 127 127 127 127 127 127 127 127 127 127 127 127 127 127 127 127 127 127 127 127 127 127 127 127 127 127 127 127 0 0 107 127
