512 499
41 56 74 66 66 52 50 42 29 36 50 27 26 31 26 20 24 29 53 73 104 112 110 100 85 85 85 89 87 99 59 60 95 81 88 102 107 112 111 110 104 100 49 33 62 61 60 61 106 99 100 112 105 105 105 99 105 106 90 97 94 90 87 85 85 78 71 87 84 77 38 44 2 18 68 94 91 78 76 24 60 93 97 113 107 108 112 113 107 99 97 118 113 113 116 111 114 104 116 117 100 78 84 95 110 108 88 88 99 79 81 94 108 104 104 95 108 105 95 97 110 114 104 101 91 97 112 107 113 113 111 116 111 100 99 87 96 97 97 110 116 114 118 112 107 107 101 107 97 108 116 111 99 113 114 114 108 117 112 104 95 93 104 90 111 102 102 93 79 85 87 90 94 93 107 102 105 89 84 90 100 108 112 113 104 110 114 114 105 112 110 106 96 106 117 118 112 41 99 110 113 105 93 87 93 116 113 108 105 110 102 110 119 117 119 120 112 110 107 112 111 94 84 71 65 56 85 78 93 113 104 110 96 97 74 36 38 27 0 93 100 105 116 111 104 96 66 61 70 81 91 96 78 74 84 90 85 59 42 65 93 114 89 62 77 71 81 82 70 77 85 96 104 100 101 87 82 90 74 71 81 84 84 97 88 96 94 96 87 74 64 35 42 54 78 77 79 84 30 0 37 78 82 82 85 72 48 44 71 81 74 83 65 68 83 78 70 56 33 30 33 41 56 62 76 85 83 84 90 96 84 77 62 54 62 73 62 60 66 45 35 22 9 0 3 0 0 19 4 13 29 43 39 14 18 58 82 94 71 50 65 68 42 65 37 35 61 62 68 82 93 99 95 104 94 82 76 44 66 84 79 78 70 77 99 112 114 118 96 48 25 21 31 36 65 79 84 44 61 72 70 53 58 65 45 33 54 64 62 74 70 56 67 83 94 68 60 82 79 64 43 26 25 18 22 19 16 26 32 31 30 54 49 16 19 25 36 29 45 31 19 30 35 24 20 15 20 15 18 33 16 16 24 47 76 67 50 58 32 14 9 10 18 19 19 26 20 15 12 10 10 10 10 13 14 16 10 9 15 12 14 16 14 15 12 9 10 12 7 8 9 9 9 9 9 9 9 8 7 9 24 36 37 37 33 30 25 22 14 15 12 12
56 73 79 74 53 29 31 41 56 66 54 18 38 59 42 20 29 42 32 45 84 108 105 101 83 82 82 82 88 96 93 76 99 94 96 112 117 99 105 102 83 77 59 45 39 50 66 96 111 91 101 111 107 107 110 111 90 85 90 101 104 116 112 112 107 101 99 113 111 87 70 61 27 8 82 105 106 54 35 54 85 78 93 99 105 111 104 107 113 105 94 116 102 114 113 114 112 104 112 114 110 106 90 91 89 91 107 101 101 84 74 71 110 91 96 90 94 99 91 97 90 105 100 88 88 104 104 102 104 96 110 116 108 117 111 100 108 105 106 95 105 117 117 107 101 100 106 91 102 114 107 101 112 118 106 102 106 116 117 102 102 104 91 91 101 102 105 105 94 87 83 85 90 93 95 101 107 90 76 83 104 101 102 106 112 106 107 117 111 102 97 93 104 113 116 107 110 58 91 111 97 97 94 102 105 110 112 110 102 111 116 118 114 116 114 117 117 112 114 111 110 102 94 81 81 58 73 81 100 117 110 106 117 116 104 94 55 8 12 74 100 113 102 113 96 76 56 78 88 93 105 102 81 67 68 78 72 54 47 64 79 102 105 79 67 68 77 66 72 83 89 83 90 91 95 100 97 96 87 76 78 73 81 85 95 87 68 76 72 54 41 42 76 77 82 82 83 50 1 39 76 89 79 64 74 42 32 58 77 71 77 72 58 50 73 74 54 36 26 33 35 44 62 82 84 81 76 78 84 83 83 78 77 42 44 64 67 47 35 38 32 21 21 16 0 0 32 10 24 42 45 49 22 22 48 54 73 91 64 41 38 37 38 52 53 48 67 70 68 77 90 97 100 117 111 96 72 48 26 61 68 76 82 77 82 88 105 104 101 90 61 29 20 37 59 50 67 48 36 38 41 47 35 58 43 25 50 44 70 81 77 61 70 73 82 84 88 66 52 32 20 15 13 19 22 25 27 25 32 29 45 66 67 15 22 39 32 25 32 27 22 38 31 18 14 18 19 16 15 21 21 21 47 62 89 53 38 49 36 21 8 9 9 22 31 30 21 21 14 13 13 13 9 18 14 7 13 15 15 16 21 14 10 14 13 10 12 15 10 12 10 13 9 9 9 9 9 9 10 21 35 37 37 36 33 30 25 22 19 18 10 8
81 70 84 73 52 35 43 54 47 47 19 27 70 90 73 18 45 65 60 59 52 66 68 76 79 83 79 81 83 89 105 104 107 107 112 101 82 88 81 107 106 99 81 45 29 54 87 113 100 68 88 107 97 87 99 102 83 82 84 95 107 112 104 108 104 112 113 107 100 84 89 74 66 0 68 110 102 50 89 78 76 68 81 85 97 102 112 101 108 100 85 97 105 117 120 116 113 110 100 96 106 106 107 112 93 111 118 114 118 108 83 70 105 101 100 97 95 96 89 85 81 83 84 83 82 85 91 87 85 96 114 112 110 114 116 110 116 108 96 85 88 106 113 97 91 85 101 87 108 113 108 111 108 105 104 101 101 114 112 94 87 83 83 89 105 106 112 94 79 82 87 96 95 105 111 112 108 88 84 88 95 99 85 89 95 101 94 101 97 93 95 112 114 108 102 105 111 87 66 95 85 93 100 106 112 110 74 45 104 113 118 113 106 106 110 105 117 116 111 105 107 97 88 106 77 60 78 84 101 112 100 114 110 99 104 79 81 54 0 62 93 94 99 99 101 89 58 84 76 76 96 91 78 61 60 70 72 54 60 66 81 97 101 81 70 62 65 60 60 72 74 91 101 101 97 91 87 87 79 73 66 64 77 78 89 76 64 55 47 42 45 65 89 83 82 90 72 35 3 39 79 90 81 49 47 32 52 74 84 83 70 68 65 41 64 78 43 26 29 37 47 58 79 77 74 76 72 78 81 89 78 65 60 44 29 31 50 55 36 16 10 21 24 26 12 0 43 21 36 64 65 55 24 26 47 45 36 47 39 30 44 66 87 85 73 53 54 65 70 82 87 78 93 104 104 87 60 78 73 16 73 81 83 66 59 82 90 94 84 83 85 26 25 26 43 20 44 49 27 43 59 47 32 38 24 22 36 43 78 85 81 78 81 79 85 108 97 88 67 66 39 15 31 44 31 25 20 30 35 27 37 42 44 15 25 21 18 9 18 15 20 42 58 33 20 25 13 16 16 31 36 22 25 37 71 60 31 32 22 19 12 16 19 25 32 33 30 22 16 14 13 14 20 22 13 9 6 12 12 12 21 19 10 9 13 12 12 18 13 10 14 15 9 10 9 9 9 9 9 30 37 37 37 36 32 22 12 9 9 9 12 10
64 61 68 54 44 36 36 43 21 22 32 29 60 81 53 48 54 66 65 79 78 78 83 82 81 81 83 82 83 85 95 106 118 116 113 102 87 97 102 100 95 72 43 0 1 54 91 112 96 82 94 111 113 108 85 84 81 81 81 82 99 105 104 106 108 99 96 108 88 73 96 87 42 0 68 95 39 90 79 70 66 67 76 79 74 87 97 84 107 94 82 91 112 114 111 117 114 111 107 95 90 96 112 88 79 111 118 118 102 87 78 89 100 95 107 108 104 105 106 83 78 74 82 83 82 81 83 83 83 95 111 110 110 110 117 112 111 104 91 78 84 104 104 90 79 84 87 89 106 100 99 107 108 112 106 107 104 111 104 83 85 90 95 107 106 111 111 105 81 87 88 100 96 99 110 101 111 106 89 97 91 110 105 101 101 104 106 101 83 85 110 106 105 108 106 106 102 30 93 90 89 90 102 112 105 89 87 96 106 117 113 111 114 107 105 113 119 118 116 110 111 114 112 112 87 61 78 87 94 117 113 116 110 93 87 85 102 55 0 18 68 89 87 91 84 62 78 66 78 56 65 56 56 58 60 62 68 55 82 87 93 108 95 81 64 50 47 56 59 67 81 96 114 112 114 110 97 91 85 74 68 59 73 78 72 48 47 43 49 47 53 68 77 82 97 102 64 83 43 1 0 67 68 50 24 61 81 82 82 73 72 60 49 37 48 53 35 24 38 39 47 70 81 77 67 70 65 79 77 62 54 47 45 41 42 30 21 19 16 12 15 12 14 27 0 8 52 38 41 45 37 45 31 18 20 27 37 45 36 48 73 89 106 102 94 65 61 50 70 68 72 66 79 87 95 85 61 68 73 31 59 95 96 65 44 50 61 71 73 68 58 18 27 20 18 20 44 66 29 54 53 29 22 16 21 35 65 77 85 104 94 90 84 88 95 111 95 82 70 45 26 31 58 29 16 18 21 36 36 25 26 26 49 19 29 25 14 12 15 14 21 37 41 29 14 29 24 14 21 32 25 20 26 35 58 52 31 29 18 12 10 20 31 32 33 35 32 25 16 16 13 10 9 18 8 9 16 13 18 22 29 19 16 13 12 13 13 21 20 12 21 15 12 12 9 9 9 9 24 36 37 37 37 37 32 21 13 9 9 9 12 12
54 56 64 55 35 24 29 25 25 60 44 22 45 70 76 81 81 87 91 83 110 112 111 99 89 101 105 107 100 90 106 114 110 85 100 111 99 100 89 91 65 47 32 0 0 48 95 94 105 95 96 97 101 90 88 93 94 77 72 77 88 87 105 106 104 89 84 90 90 68 67 74 47 0 44 33 39 85 70 59 55 61 66 70 68 72 71 83 91 76 67 84 104 114 113 113 114 105 106 108 89 112 104 77 73 93 106 114 93 84 83 73 78 84 88 90 85 84 83 83 77 77 82 83 81 82 77 78 83 95 113 107 101 114 116 110 112 96 85 76 78 90 105 88 82 78 81 91 87 90 111 112 118 116 104 107 89 93 81 83 104 112 111 111 107 110 112 108 90 96 101 95 96 111 105 106 106 111 104 105 100 104 111 106 102 105 110 106 106 91 88 102 104 110 99 90 59 65 85 84 93 89 106 100 116 111 96 117 122 119 116 105 110 111 116 114 116 120 111 114 116 111 111 110 84 70 73 84 108 119 117 122 114 107 105 105 97 52 18 50 12 73 102 113 111 72 53 74 59 44 44 49 58 65 72 71 64 62 89 95 84 89 78 65 55 45 50 55 53 73 85 105 117 116 110 114 108 96 78 82 71 58 56 79 62 48 65 71 65 60 59 78 82 88 100 85 99 114 101 93 26 9 36 16 24 67 68 74 78 70 61 53 54 38 30 26 25 22 48 67 45 45 71 62 59 60 76 78 65 64 70 68 71 74 58 39 38 22 18 21 30 26 15 0 0 38 44 32 30 31 31 38 33 33 45 52 61 64 52 52 60 83 94 90 87 82 72 64 82 67 54 50 65 77 84 82 54 81 88 88 21 26 90 52 37 37 59 83 82 49 42 29 27 33 27 27 64 78 33 45 55 18 13 25 36 70 70 81 100 113 111 100 95 104 111 110 94 85 60 43 39 59 62 39 47 21 37 37 37 31 16 26 36 21 33 25 22 15 10 16 26 44 32 31 20 27 22 31 22 24 20 27 22 24 37 30 25 24 24 16 18 26 37 36 37 36 33 26 16 18 14 10 10 9 6 15 18 13 15 22 25 20 18 15 13 9 10 21 25 15 24 13 14 9 9 9 9 9 27 37 37 37 36 36 33 22 13 9 9 9 16 16
45 54 58 56 35 35 33 37 49 71 56 43 43 67 66 87 88 95 90 84 107 104 101 111 106 106 111 108 110 104 110 108 91 77 94 104 99 78 62 52 42 33 1 3 6 14 68 81 84 110 101 105 105 106 116 104 99 83 78 71 79 87 105 114 101 96 93 87 79 65 50 42 35 0 7 33 62 67 62 38 44 47 59 72 54 62 78 74 64 68 81 82 89 97 110 104 110 106 97 89 84 110 78 89 88 84 91 111 110 111 102 104 85 72 77 74 79 81 77 84 81 90 96 87 87 90 77 79 82 83 107 96 110 114 114 113 94 79 76 93 96 100 100 96 82 76 85 102 108 116 116 112 101 117 96 68 88 81 83 97 114 104 94 106 99 110 114 112 105 94 105 108 101 107 106 102 105 113 101 102 104 105 108 112 107 102 99 104 111 106 81 83 93 95 90 96 8 93 100 110 116 107 106 111 118 117 112 118 114 114 108 104 106 112 117 107 112 118 113 110 108 102 102 107 83 72 70 84 105 108 112 118 112 105 104 94 70 42 67 74 16 78 114 107 110 83 45 52 41 70 61 67 81 83 99 95 78 79 89 81 82 74 61 52 39 43 54 65 72 81 93 113 110 95 104 116 100 90 89 99 78 58 73 62 50 77 83 73 67 81 73 73 83 99 97 99 114 117 108 102 60 10 0 0 0 36 37 60 58 45 56 45 50 33 18 26 33 35 50 67 61 47 48 47 56 70 85 84 84 90 93 90 84 82 72 53 62 56 43 36 43 20 16 0 9 29 14 0 30 49 64 54 61 55 36 42 66 88 74 66 55 64 73 73 73 62 58 81 72 67 52 0 38 65 71 53 56 71 82 81 81 20 90 81 64 41 33 49 79 83 72 36 24 18 33 62 77 64 33 25 16 14 21 42 65 76 88 91 102 106 102 78 100 102 96 97 84 85 74 81 84 84 70 68 62 21 36 38 37 36 24 24 20 29 35 33 19 14 16 19 29 27 18 26 22 29 26 39 22 15 20 32 19 29 35 37 18 12 18 20 18 30 38 37 38 37 31 25 22 15 19 16 13 14 14 8 15 18 18 15 10 29 22 16 12 12 12 16 27 25 24 20 10 9 9 9 9 12 26 37 37 37 37 33 25 19 10 9 9 9 16 18
41 48 43 42 26 38 56 56 54 70 76 62 6 10 62 85 82 84 76 79 88 97 95 100 93 85 97 100 106 110 112 104 96 100 102 90 73 60 55 30 16 13 0 15 35 15 45 61 93 118 105 100 105 105 113 101 95 81 68 74 79 77 78 77 84 87 87 102 96 71 45 38 52 14 0 0 0 0 33 31 42 39 52 44 64 82 83 55 61 87 94 79 79 84 83 83 95 105 89 83 79 93 106 93 85 87 97 97 113 110 100 102 87 65 71 82 97 96 100 94 76 85 85 77 81 83 81 78 81 83 91 90 116 108 95 89 73 73 96 111 99 90 88 78 66 61 62 110 116 119 114 112 106 104 100 78 74 81 90 108 107 116 104 106 112 108 116 111 102 107 100 107 105 111 112 99 106 114 110 107 110 101 112 108 110 102 93 96 101 104 93 84 82 83 84 85 31 102 105 116 118 111 101 106 116 112 110 108 108 111 106 106 108 107 110 108 116 113 111 105 101 93 78 84 74 71 74 97 107 99 107 116 108 99 83 67 60 56 87 113 52 22 62 58 95 66 35 35 48 61 78 88 110 112 117 113 104 95 88 78 71 55 42 39 49 59 70 82 99 90 108 114 94 97 102 113 101 110 94 101 81 64 53 55 78 95 84 82 81 78 79 73 79 83 93 106 110 117 110 102 93 62 41 20 10 0 0 29 24 48 54 42 43 29 10 22 32 36 50 66 70 49 55 66 77 83 96 104 107 102 100 100 97 95 83 67 58 53 54 54 48 25 0 9 0 27 33 44 64 73 89 77 79 67 64 45 53 84 83 72 79 90 77 77 68 58 49 47 53 43 54 20 39 61 41 64 62 72 74 73 0 72 90 88 77 47 31 16 36 72 44 22 29 25 62 90 87 59 30 15 16 43 54 33 49 71 93 89 85 106 81 65 81 74 65 84 77 84 83 100 104 87 67 82 82 29 33 38 37 32 21 12 20 35 38 30 20 22 20 21 26 25 14 22 20 27 49 64 39 20 24 25 20 31 48 62 32 15 15 19 19 14 32 36 24 31 30 24 15 19 33 29 22 14 16 13 19 29 31 33 33 24 24 21 16 15 18 18 25 30 33 18 13 9 9 9 9 15 37 37 37 38 36 31 19 12 8 9 9 9 13 19
3 0 0 0 21 47 59 64 66 70 70 66 0 0 42 61 59 82 77 68 77 87 85 105 95 76 84 100 111 106 116 112 110 99 96 77 62 55 55 41 15 0 31 45 56 55 44 53 84 95 107 105 94 112 111 100 88 73 72 68 71 70 71 72 65 65 77 87 100 104 77 53 77 58 44 37 49 49 0 33 42 0 41 45 56 64 74 52 85 91 94 71 77 82 71 72 84 97 96 70 87 114 101 97 93 95 108 99 99 107 111 108 78 65 79 88 93 112 116 107 78 79 78 81 77 73 72 72 79 91 82 88 112 108 88 73 72 99 113 102 88 76 73 62 66 90 87 97 106 119 108 111 107 93 82 71 78 83 91 111 102 97 112 113 111 99 101 112 101 104 111 113 113 118 112 107 112 113 107 105 110 107 114 116 113 111 104 93 88 90 94 84 77 83 91 96 35 112 117 118 114 102 105 111 119 116 111 106 114 108 104 110 114 105 108 114 106 94 93 84 85 83 100 112 89 82 77 102 100 107 111 108 93 77 64 90 99 78 76 113 104 38 0 0 74 66 42 39 65 77 79 85 100 102 100 105 102 87 79 68 60 48 41 53 67 74 83 102 113 116 113 104 84 105 110 107 114 107 93 91 82 62 56 73 88 87 91 96 85 81 81 81 82 84 89 93 99 104 102 91 74 58 50 42 14 9 0 0 8 42 38 29 35 14 15 35 42 47 66 79 61 50 60 77 81 87 97 113 105 96 94 91 87 94 91 81 68 47 32 25 21 2 0 0 0 25 52 71 72 83 66 100 91 88 81 58 66 48 70 71 71 83 84 87 77 73 60 49 43 39 39 33 39 44 53 56 59 58 25 18 59 79 79 82 81 60 37 22 21 31 42 22 36 29 67 71 64 31 14 21 32 68 79 48 73 90 100 89 76 95 62 52 44 43 60 84 71 74 85 96 110 89 49 72 94 42 30 38 37 32 22 22 16 35 37 26 18 16 24 18 35 25 12 20 30 26 56 79 73 37 25 20 18 21 39 60 53 38 37 24 21 27 29 37 31 30 25 18 21 31 30 32 32 24 14 19 20 24 27 32 36 35 31 25 24 22 22 19 25 30 36 22 12 9 9 9 9 18 36 37 37 37 37 31 18 10 9 9 9 9 13 16
31 49 38 55 55 47 56 59 62 71 66 39 0 13 0 33 67 68 59 70 74 73 83 96 70 76 94 101 97 100 102 94 93 91 71 58 50 43 47 33 0 37 32 66 84 76 70 61 64 94 99 104 84 112 97 89 82 79 81 72 82 77 78 91 84 72 59 73 88 89 72 71 83 64 44 52 71 65 0 0 0 0 7 56 41 64 49 64 95 90 88 62 74 77 58 73 95 116 107 85 88 99 94 106 100 102 106 100 87 82 97 83 81 71 104 112 108 106 104 95 77 76 76 71 72 68 68 67 79 79 78 85 100 99 91 66 74 95 96 84 81 76 60 66 76 87 102 113 116 118 112 99 102 89 81 71 81 87 108 119 114 101 102 112 110 101 101 105 108 105 113 114 100 112 120 113 111 114 107 106 112 111 111 110 110 111 105 102 96 90 94 85 82 84 95 110 44 113 113 107 102 94 110 117 117 116 111 107 116 118 110 113 113 117 110 101 96 102 108 108 111 110 111 106 105 83 78 95 111 117 116 102 89 91 101 111 104 76 78 111 118 106 55 0 68 65 44 60 90 104 110 102 111 100 82 83 81 74 65 52 54 42 45 60 67 78 96 111 112 107 101 94 93 106 112 118 114 114 104 84 82 71 64 77 78 83 89 84 90 85 83 82 81 78 74 64 93 93 78 71 73 55 55 45 39 0 0 2 12 21 19 14 21 14 29 55 72 68 73 78 45 21 73 71 83 97 112 106 88 64 78 76 84 85 84 89 66 47 19 20 25 27 21 14 0 21 70 93 95 78 48 106 107 101 88 68 77 77 71 73 70 83 96 96 72 77 67 54 49 39 33 32 32 43 44 58 54 1 61 76 85 82 68 78 62 47 31 24 20 21 20 31 30 29 48 33 25 21 24 32 59 81 82 74 72 95 84 87 64 89 66 43 33 31 49 71 53 79 93 95 101 96 56 48 58 50 24 38 37 37 35 35 26 37 38 29 32 16 32 19 33 31 15 27 30 24 55 68 81 39 26 21 19 24 32 38 60 53 43 22 14 18 37 37 36 30 21 32 39 37 27 29 37 27 18 10 16 19 19 24 25 35 38 35 31 27 24 22 21 31 37 20 10 9 9 9 13 31 37 37 37 37 37 36 31 27 18 13 10 15 16 9
56 58 64 65 72 54 67 71 65 65 61 42 3 0 2 0 45 50 53 70 77 70 58 58 59 78 91 81 97 108 110 96 88 74 62 56 50 38 38 45 45 50 54 81 99 97 77 62 56 85 89 91 88 89 83 91 96 90 84 72 83 91 88 104 100 74 68 58 55 55 61 81 99 89 65 71 85 66 50 37 29 25 0 4 6 14 33 76 85 106 102 77 50 53 74 95 106 110 96 81 65 62 68 77 90 87 85 87 83 74 70 74 70 62 82 99 104 99 102 104 94 71 67 71 73 65 62 67 67 71 66 73 76 78 71 70 84 89 88 89 79 64 60 68 81 87 104 111 104 101 99 87 82 94 76 72 87 108 108 110 96 91 97 104 101 99 97 102 107 101 107 107 89 96 112 113 116 112 110 108 107 108 105 105 110 114 118 116 111 101 97 85 84 87 113 114 106 47 102 96 84 95 111 119 113 111 107 101 111 106 110 116 116 107 104 112 116 116 108 105 91 106 110 106 106 83 85 111 114 111 116 118 114 113 116 110 102 79 88 111 110 74 53 0 47 39 53 84 105 117 117 114 110 106 91 77 76 79 61 43 42 38 48 61 72 68 65 108 117 111 113 102 108 105 113 119 113 114 102 82 79 77 64 68 79 81 78 77 79 79 82 82 78 83 73 67 82 79 71 73 67 56 43 36 25 19 0 0 4 29 26 14 14 21 42 62 68 77 81 67 55 48 77 82 88 97 100 95 74 47 67 77 66 67 58 41 27 19 36 70 73 67 47 14 0 25 64 67 85 91 100 73 111 99 87 79 74 87 71 88 82 60 82 78 76 68 66 62 55 54 61 64 35 33 67 32 0 60 7 55 66 64 62 71 61 52 50 30 15 30 36 38 36 24 21 26 25 26 44 70 84 88 94 87 94 83 72 70 53 65 67 39 36 27 32 37 48 73 87 81 64 54 55 31 29 55 47 22 37 37 37 32 38 37 37 36 31 15 31 21 19 18 19 27 37 29 31 44 64 38 24 18 19 31 42 47 66 49 42 29 21 36 38 38 38 30 18 24 38 25 20 27 26 20 13 12 14 24 21 10 22 33 35 37 37 30 26 25 25 33 38 19 9 9 10 19 35 37 37 37 37 37 38 37 37 35 31 27 19 25 22 21
65 65 67 71 72 61 58 70 78 73 66 58 41 0 0 19 0 42 53 48 47 50 53 52 62 71 74 93 110 97 85 84 83 79 71 61 47 49 52 56 54 60 73 100 97 96 74 70 61 68 72 84 72 74 82 100 107 112 91 73 78 83 100 107 87 83 74 59 73 64 44 64 90 82 83 84 58 44 42 31 29 22 44 43 19 0 0 84 97 97 82 49 44 61 100 116 112 113 113 104 78 59 59 70 83 73 83 106 102 72 60 60 59 53 58 77 84 94 100 104 89 71 76 83 74 64 62 72 67 65 62 76 74 64 67 93 85 77 81 79 72 64 59 77 84 88 105 105 87 82 84 77 78 76 41 78 97 114 97 88 85 82 89 99 97 105 108 105 99 102 101 87 97 102 104 110 117 111 112 116 113 112 122 117 110 116 110 119 117 118 106 84 94 99 96 101 113 77 35 93 94 106 110 116 112 106 107 104 105 112 113 114 118 114 116 116 111 95 88 88 94 106 104 99 90 82 93 118 107 111 114 118 107 107 100 91 107 78 82 81 71 39 43 0 53 71 87 96 101 110 116 118 111 105 93 78 61 62 48 36 36 43 56 66 84 101 111 117 112 107 111 107 96 105 106 117 104 105 99 83 78 74 62 71 82 70 74 90 85 84 85 74 78 73 59 77 77 81 79 82 79 66 41 32 16 25 0 0 0 22 43 20 20 35 44 53 52 62 77 58 62 73 77 79 83 76 78 78 65 60 49 48 50 41 47 55 53 29 59 76 82 94 93 54 10 0 15 45 71 95 50 67 93 93 82 70 72 79 58 81 84 67 91 83 77 65 77 76 78 79 78 67 31 3 61 35 60 61 56 58 43 47 56 42 30 41 48 27 19 27 30 20 36 15 31 27 19 39 77 71 56 60 60 88 99 88 55 56 52 36 41 22 26 18 21 33 55 64 59 54 43 35 27 15 29 66 41 20 37 37 26 24 36 37 38 26 20 21 26 22 18 12 29 19 36 31 21 21 22 21 27 22 29 31 41 66 74 53 38 31 15 32 38 38 36 33 31 24 21 15 13 12 12 7 12 14 21 24 22 20 18 15 29 35 37 31 27 29 31 37 37 16 8 9 10 25 37 37 37 37 37 38 37 37 37 36 33 32 32 31 12 12
62 64 66 76 68 74 61 72 84 85 81 64 59 52 20 0 0 60 52 48 48 56 77 78 72 65 70 77 84 85 94 95 99 85 72 72 64 49 59 65 61 73 87 105 89 87 73 74 65 71 76 78 77 84 87 94 106 110 97 82 72 84 105 110 96 83 70 66 89 65 43 53 89 88 97 90 59 42 65 64 48 32 56 72 70 58 0 58 90 87 53 49 72 88 101 111 107 106 106 108 94 71 52 68 76 61 79 101 89 76 60 52 47 50 54 60 72 88 88 87 71 85 85 84 70 76 79 83 82 77 73 82 74 58 67 73 67 64 60 60 60 58 58 64 77 91 91 87 58 60 72 67 61 41 24 84 104 114 111 91 99 91 96 111 106 99 106 100 94 94 101 106 110 108 114 116 111 119 113 108 107 111 111 118 113 105 105 118 120 108 94 88 102 116 108 88 90 93 38 101 111 113 117 118 118 113 108 104 112 113 113 112 111 111 118 116 100 87 79 82 104 100 105 93 89 84 100 118 117 113 114 113 93 97 82 108 111 88 70 56 49 60 78 30 0 10 59 89 96 102 106 112 104 90 82 77 67 55 48 37 32 49 61 72 90 112 116 105 108 93 99 89 95 100 104 111 96 88 88 84 78 64 65 78 78 62 76 81 79 81 77 66 77 64 58 72 71 85 82 74 76 62 53 38 44 41 25 12 0 7 21 32 32 49 52 47 60 54 54 54 68 74 76 68 68 55 54 52 43 32 33 44 55 48 56 72 52 41 66 72 76 105 101 79 64 10 1 72 97 99 91 93 89 91 79 60 54 66 42 70 76 37 77 70 58 72 72 65 74 78 66 53 16 0 49 25 39 55 42 19 0 61 52 35 19 18 29 18 14 24 22 15 37 35 26 21 29 61 77 36 29 32 52 67 82 68 37 43 36 21 13 18 18 19 31 43 62 62 49 35 27 27 15 16 26 70 54 29 39 37 26 16 36 29 30 18 24 24 15 29 29 10 20 21 33 36 22 30 31 30 33 27 24 24 20 53 64 50 36 30 20 26 37 36 35 19 20 19 15 15 10 10 13 10 18 19 18 18 19 21 22 18 24 35 36 36 27 31 33 37 37 21 10 9 13 36 37 37 37 37 37 33 31 30 26 24 21 18 16 16 13 16
64 64 36 47 73 65 60 68 82 88 81 64 74 81 60 55 0 38 61 61 71 72 90 104 105 84 83 78 81 89 105 112 116 111 84 79 81 81 76 74 83 91 83 95 88 83 88 73 84 83 77 94 82 101 91 100 105 102 88 83 73 85 102 108 96 78 67 84 89 70 39 49 72 60 60 62 43 41 65 76 60 39 52 74 79 55 0 58 89 66 43 71 97 116 114 114 102 99 95 85 82 77 45 62 68 58 70 90 84 67 64 47 45 52 55 58 61 76 79 67 78 95 84 74 68 93 95 97 87 72 67 74 62 55 56 58 61 61 65 71 71 62 58 65 83 90 76 71 12 19 20 13 1 31 72 87 105 105 102 96 106 107 102 114 100 91 96 95 102 113 112 112 114 112 113 106 111 111 93 107 112 117 117 114 114 104 113 119 113 100 95 102 106 118 117 101 84 83 78 21 114 112 117 110 110 110 113 106 107 105 105 108 108 118 112 113 96 87 81 99 105 100 97 96 84 82 99 114 105 112 108 108 105 97 93 101 112 108 88 77 66 78 95 91 71 10 39 79 102 112 111 99 90 83 79 79 67 49 39 35 32 53 65 78 89 114 106 105 99 84 77 81 84 91 102 104 87 81 83 85 79 56 78 66 53 47 50 62 64 74 54 64 72 50 58 62 79 83 79 78 64 68 71 55 45 48 36 20 0 18 19 35 45 53 35 44 50 42 33 55 61 70 65 70 74 49 41 31 30 32 44 50 49 25 53 61 35 45 60 72 66 87 67 83 66 32 0 37 82 83 88 66 88 79 70 55 37 42 35 43 60 52 48 30 53 83 64 70 78 77 66 32 14 3 39 12 55 31 24 19 39 62 29 19 21 24 27 33 32 30 19 21 37 37 21 30 41 45 43 19 14 26 29 48 70 44 26 29 18 9 20 27 37 35 43 50 55 62 76 37 15 27 15 24 39 58 35 19 32 38 25 19 37 36 25 25 16 14 20 27 31 13 16 19 33 35 16 35 35 37 36 19 15 15 19 21 44 37 49 39 21 29 37 36 25 24 31 24 15 16 13 18 20 15 22 19 13 12 13 16 16 14 19 27 33 37 33 31 36 37 37 24 12 9 22 37 37 37 37 37 33 27 26 20 14 12 12 14 15 15 16 20
82 82 70 36 67 73 71 74 70 79 77 66 72 72 67 64 7 60 102 99 89 96 95 114 116 113 107 100 99 107 114 96 89 100 112 106 107 104 94 93 112 102 94 94 99 97 89 97 111 105 74 95 106 96 85 91 97 89 82 77 79 97 102 112 94 79 87 99 93 84 56 39 47 64 52 45 64 73 78 81 74 49 59 78 79 73 26 22 49 38 58 87 102 113 113 107 99 90 82 76 65 67 48 47 55 58 65 68 77 78 77 58 39 70 55 58 54 59 76 74 68 74 74 61 72 87 91 89 66 65 76 66 68 71 74 82 81 81 83 87 83 70 49 45 53 33 50 47 37 62 49 54 61 66 76 88 76 116 90 76 97 116 119 104 94 85 89 82 87 96 105 97 102 111 112 113 111 116 79 65 114 118 118 116 111 107 112 116 106 99 106 116 117 120 111 96 81 85 110 84 53 71 111 105 101 104 106 110 106 117 110 112 118 114 112 110 102 96 91 102 104 110 102 108 87 78 99 114 105 114 110 110 107 112 100 107 114 114 113 104 77 76 81 79 74 43 0 65 96 95 83 82 83 81 72 65 55 53 49 35 42 50 68 85 113 107 99 96 84 82 76 77 65 94 100 88 81 84 93 88 66 50 54 50 66 62 44 43 64 61 41 58 58 44 67 81 90 82 78 72 66 62 52 37 37 35 31 24 0 4 20 36 43 35 30 36 35 25 35 54 65 61 55 56 52 37 37 36 31 18 41 52 58 55 53 43 42 48 60 59 58 64 56 89 74 66 1 2 61 93 74 65 74 95 66 38 31 38 19 19 58 45 38 43 73 70 53 60 66 68 43 29 8 15 12 36 37 27 45 54 53 25 19 19 27 22 24 21 36 38 25 36 38 38 29 22 15 19 19 25 21 15 26 42 50 31 16 18 6 16 19 30 32 37 47 45 22 45 53 22 18 15 33 24 21 25 18 30 37 37 27 32 35 24 19 24 10 19 19 37 32 29 20 21 37 37 27 36 37 37 38 33 14 19 33 24 18 20 29 30 21 35 37 26 29 20 19 25 25 20 26 19 21 27 18 16 21 26 22 18 26 31 35 19 16 30 37 37 37 37 37 24 15 14 35 37 38 37 37 37 33 29 26 16 10 10 12 18 19 18 25 26
110 101 90 68 33 81 82 76 79 71 79 68 76 83 79 77 55 71 108 105 102 114 112 102 91 87 96 112 118 112 105 90 55 76 100 96 90 87 107 116 111 108 111 107 110 108 108 102 96 85 77 90 89 87 83 81 82 78 66 84 95 113 117 117 91 94 112 114 105 77 65 62 76 93 96 91 96 102 101 97 82 55 72 82 74 71 43 2 41 54 74 88 101 108 114 116 114 114 96 73 78 83 64 39 48 53 50 45 53 58 72 66 48 55 55 54 52 53 56 52 49 60 68 61 67 73 82 81 58 81 91 83 91 93 79 73 82 81 79 77 83 67 58 24 22 42 18 48 56 49 55 55 65 65 74 97 89 114 82 91 111 117 108 107 93 70 73 77 81 95 104 100 95 106 116 117 116 114 116 112 108 111 116 117 112 112 122 111 107 108 118 117 113 110 108 104 84 87 110 119 110 36 110 106 94 108 111 114 111 112 113 118 102 104 107 114 113 105 110 116 102 96 90 107 79 81 106 116 114 114 117 106 113 106 105 100 113 105 110 108 107 99 82 67 56 9 0 25 62 56 58 78 76 66 79 64 56 47 39 35 44 59 72 87 110 101 76 83 82 81 79 78 64 65 74 70 76 79 84 71 67 55 61 66 87 85 66 47 45 42 42 41 35 35 43 71 95 82 81 74 67 62 42 39 36 27 24 18 10 0 20 36 26 18 19 37 33 39 49 56 59 52 52 54 43 43 44 39 27 31 31 41 55 49 50 49 56 52 50 38 59 52 54 65 41 37 7 0 71 52 62 48 41 54 64 66 35 61 54 19 47 44 59 76 83 76 50 73 81 77 60 30 18 43 0 44 32 24 35 26 25 13 18 18 16 13 25 19 24 36 37 31 29 37 36 31 32 18 19 36 33 19 27 31 27 18 9 9 9 21 15 20 27 24 22 15 16 21 24 15 20 32 37 26 22 36 32 31 37 37 37 37 38 36 22 24 36 35 35 35 37 30 26 26 33 36 32 36 37 36 37 36 37 21 18 37 29 33 18 13 35 32 20 21 20 24 15 18 29 16 25 16 15 27 15 22 27 24 26 15 13 19 21 19 35 38 38 37 38 37 37 33 19 24 37 37 37 37 37 35 29 29 25 15 9 10 14 14 12 18 25 27
100 100 87 78 30 74 91 81 82 82 84 85 78 89 88 66 70 61 88 83 110 100 104 104 95 76 85 81 94 102 95 79 67 83 67 77 96 112 117 116 119 116 117 113 111 108 105 94 88 90 100 95 81 70 78 79 81 81 77 90 107 116 118 117 102 105 116 107 100 81 89 97 100 100 108 112 111 110 117 110 87 65 71 81 81 70 52 0 45 83 100 106 107 105 116 117 117 111 99 94 84 94 71 45 56 60 56 44 47 48 50 49 44 47 55 52 49 47 39 43 47 49 48 49 61 73 81 66 58 82 94 94 37 50 60 61 61 61 53 60 68 59 62 55 58 42 9 76 65 56 61 70 71 71 93 95 95 106 87 110 110 110 113 96 91 82 76 82 82 99 99 101 102 119 118 113 116 114 114 118 117 114 102 111 112 117 114 111 108 116 117 122 114 116 118 114 100 83 111 118 111 43 58 94 110 100 112 112 110 104 104 123 93 102 116 116 105 104 95 102 87 84 82 96 74 78 112 108 112 117 116 106 116 114 110 110 97 100 102 110 113 114 88 72 73 65 10 0 0 6 36 60 62 49 66 60 55 43 32 38 52 67 87 87 110 110 93 82 82 81 83 83 81 78 78 74 70 71 66 61 66 73 82 78 89 91 61 62 68 65 54 38 33 37 49 74 87 79 76 76 64 60 54 36 24 37 19 14 16 0 2 14 15 24 38 52 53 36 36 47 54 47 41 50 45 41 39 44 27 35 39 39 38 27 45 61 67 50 32 18 39 37 45 29 20 0 0 26 64 26 21 15 21 60 79 71 26 68 83 78 53 36 60 73 83 59 41 60 79 71 45 27 18 31 22 43 35 26 22 16 15 25 31 39 26 18 21 16 16 21 26 19 16 22 33 37 37 29 36 36 21 21 44 54 36 18 10 14 20 26 19 15 22 15 21 24 29 29 19 19 30 37 37 37 37 37 37 37 37 37 37 35 21 15 20 18 32 33 35 32 36 15 15 14 25 38 32 13 36 36 37 37 30 15 25 38 37 37 37 37 37 21 15 18 30 41 19 27 19 32 31 24 32 25 19 19 20 16 22 24 19 15 19 31 29 25 32 31 27 35 37 38 36 35 37 37 37 37 37 35 31 31 24 14 9 13 14 8 16 21 26 30
102 97 91 83 45 81 104 90 87 106 94 95 81 83 91 97 87 49 55 58 79 97 93 104 99 95 104 101 99 104 112 102 90 106 101 87 87 85 93 100 106 118 118 112 107 101 112 116 112 105 93 88 59 49 79 82 81 82 89 91 107 118 113 122 116 116 107 111 102 108 108 116 105 90 100 96 97 97 105 101 83 62 56 77 84 88 87 22 20 72 97 107 104 105 114 111 112 114 114 105 94 83 78 56 58 66 59 49 48 55 54 54 64 54 55 48 50 59 38 50 68 66 55 39 38 59 52 45 71 88 97 95 65 67 58 58 58 54 44 55 58 56 59 56 56 62 58 72 52 22 65 58 68 72 104 101 104 110 104 105 107 112 114 112 102 88 74 76 83 83 87 105 114 111 107 108 114 108 118 118 117 118 50 106 108 104 108 114 117 117 118 118 116 113 112 101 90 82 101 114 118 106 20 91 99 99 111 113 116 91 70 106 82 105 111 114 114 118 117 112 96 87 82 101 71 91 111 108 111 114 112 111 114 119 112 95 99 106 112 107 108 104 79 56 47 42 25 0 14 0 16 30 33 38 58 52 44 32 32 60 77 78 99 94 105 106 89 82 81 88 96 94 89 90 94 91 90 76 62 79 97 100 104 99 96 94 84 87 79 65 41 36 52 42 62 58 59 72 79 77 71 73 62 41 38 32 12 14 19 6 0 15 25 31 48 49 37 22 31 41 52 44 41 44 19 36 37 29 22 37 26 19 25 37 53 45 41 54 41 27 21 22 16 20 10 1 21 33 14 27 10 6 20 65 59 38 30 38 55 33 52 70 38 74 70 53 39 44 74 81 49 12 21 13 62 43 32 32 36 27 41 70 71 61 29 16 19 15 26 31 16 20 12 25 24 29 37 36 31 20 27 39 64 78 49 36 16 16 12 24 24 33 25 25 21 24 15 21 25 13 13 33 37 37 37 35 36 37 37 37 37 37 35 21 12 26 37 26 21 25 26 20 19 20 15 22 37 37 36 22 37 37 21 13 35 31 37 37 38 38 29 18 14 16 24 21 19 37 37 30 24 31 29 19 19 18 15 18 29 26 15 19 14 22 12 12 19 15 25 30 31 15 33 37 37 37 37 37 37 33 32 29 25 12 10 10 7 14 20 25 31 31
113 113 101 91 95 64 100 108 106 108 107 100 93 94 104 99 71 8 81 81 67 58 83 97 106 113 110 106 100 89 106 99 100 112 113 90 87 71 88 100 106 105 107 113 116 105 102 114 112 97 94 83 71 76 85 89 90 91 90 96 107 118 119 112 102 112 111 112 112 104 93 107 97 88 85 85 87 82 79 81 71 26 15 31 16 78 26 0 15 68 91 88 84 89 111 111 113 116 117 114 101 97 81 60 48 49 45 54 68 73 62 62 76 61 58 47 47 52 49 48 72 78 73 65 30 4 16 53 72 85 87 97 84 65 59 55 58 49 56 59 61 52 35 32 50 58 33 50 68 54 72 78 84 100 112 112 95 96 96 110 114 114 118 104 94 76 71 84 85 62 77 94 100 106 110 117 114 108 107 113 114 113 66 36 104 116 116 114 114 113 106 110 116 114 105 101 91 78 94 110 114 107 72 49 105 106 112 113 118 88 16 33 58 97 113 117 118 119 117 108 117 110 101 84 68 95 114 108 99 110 110 106 108 112 104 101 100 100 93 85 84 78 60 60 66 66 39 79 47 22 0 0 0 39 67 68 60 39 31 67 97 107 106 74 88 90 76 82 91 110 116 112 101 110 99 99 78 64 84 78 101 102 105 99 82 78 90 87 78 56 36 50 76 39 39 39 45 81 79 82 88 83 72 53 31 19 13 18 19 9 0 22 25 18 32 30 19 25 42 59 50 38 39 49 35 42 41 20 21 24 15 13 31 39 53 50 7 31 25 12 0 19 26 15 1 19 10 0 0 27 48 55 61 58 41 35 25 13 29 48 74 76 72 64 50 38 54 67 74 70 26 15 38 42 10 35 41 36 35 38 42 58 53 47 29 20 14 16 31 20 15 16 14 22 43 29 29 37 27 21 31 36 56 71 72 39 16 25 16 30 21 36 35 43 43 29 20 32 37 37 37 37 37 37 33 35 37 37 37 37 37 37 37 24 30 37 37 21 30 18 20 14 19 25 27 37 37 37 30 35 37 37 37 36 37 37 37 37 37 37 22 31 33 14 13 32 37 24 15 16 25 20 20 25 20 18 14 20 26 24 20 29 18 18 14 15 25 22 14 20 30 12 12 14 32 38 37 37 37 33 29 25 20 15 18 14 12 13 24 27 33 35
107 118 113 101 96 94 112 110 108 112 112 116 117 113 95 89 25 52 110 110 96 65 65 87 94 89 91 85 72 76 89 83 111 111 107 99 90 100 110 113 110 102 111 110 105 105 96 96 99 83 82 83 66 70 91 108 113 108 105 104 102 116 114 105 107 110 100 111 101 84 12 14 8 39 83 91 79 89 76 87 47 35 62 83 44 0 38 79 22 0 35 71 100 112 114 114 111 108 112 110 108 100 90 76 39 58 70 74 72 65 60 62 70 53 44 37 43 72 73 55 78 76 68 65 59 30 59 66 73 79 91 94 71 58 55 55 54 54 56 59 56 25 -81 22 49 29 48 60 42 47 62 82 101 114 123 107 85 93 112 104 99 97 112 91 79 78 76 85 72 71 87 83 82 97 102 100 110 117 117 118 105 102 26 0 54 123 119 113 117 118 107 106 111 114 106 81 70 76 96 112 117 116 105 32 95 102 108 88 107 50 -54 72 94 112 117 113 113 112 111 114 114 116 104 68 76 111 107 114 110 112 104 91 108 112 101 95 84 84 90 93 78 77 74 82 94 87 44 72 68 42 36 2 0 32 66 89 89 50 30 73 99 102 96 89 84 81 81 89 102 116 107 116 113 113 104 85 68 82 97 87 84 89 96 96 77 76 73 84 68 38 29 67 91 89 79 52 31 67 48 73 89 81 56 37 25 30 30 12 24 0 7 1 9 0 1 20 21 37 70 58 36 20 31 35 33 42 35 22 16 15 14 14 29 37 37 45 38 27 21 12 22 32 37 37 20 0 0 8 24 1 32 66 87 61 19 16 20 10 35 47 49 59 59 66 35 24 64 79 58 26 12 18 47 42 56 7 50 38 41 39 38 36 31 20 16 15 15 14 14 18 18 14 19 35 62 36 21 37 26 29 18 20 24 38 38 16 27 25 31 20 24 26 29 37 39 27 16 32 37 35 37 37 38 19 22 38 37 37 36 37 37 38 36 36 37 36 35 37 30 21 21 18 32 37 37 37 38 37 36 37 37 37 37 37 37 37 37 37 37 37 38 37 37 32 26 36 37 31 19 25 20 19 20 14 13 15 15 19 26 15 14 26 16 18 9 13 18 20 13 20 10 15 24 18 24 32 37 37 37 35 31 31 30 21 13 14 16 14 16 26 35 35
116 107 95 106 104 110 111 99 95 104 96 99 99 91 60 45 12 87 116 111 105 62 74 68 71 70 68 73 74 78 85 106 111 95 110 97 97 108 114 119 114 108 106 112 112 106 111 105 96 85 82 76 99 100 97 117 116 117 108 112 105 107 113 116 111 107 97 100 94 21 47 79 88 29 0 21 0 30 62 77 29 64 62 78 73 62 68 85 68 30 10 49 89 111 105 111 106 110 108 112 111 113 114 101 55 53 89 88 74 58 50 53 64 62 38 38 55 74 70 62 76 77 71 62 55 59 68 73 73 78 84 82 67 35 45 54 54 55 43 50 33 35 0 42 53 35 60 33 66 36 70 84 96 107 113 95 89 113 108 99 105 76 96 93 95 90 72 79 60 64 73 87 97 110 108 91 106 114 112 110 111 117 108 81 48 118 117 112 118 110 102 94 101 104 87 78 93 111 116 106 113 114 102 30 108 111 84 54 36 27 -39 21 35 79 106 106 119 119 114 118 119 113 93 64 78 114 104 108 108 111 108 95 106 112 94 88 101 112 114 110 99 95 89 96 97 61 59 77 76 65 48 0 0 48 83 111 113 77 29 65 74 74 71 87 87 71 88 106 116 114 113 112 107 104 94 77 81 100 104 101 93 81 89 89 79 79 73 78 53 35 32 74 84 91 85 58 27 22 43 59 81 82 67 32 38 42 22 14 16 0 0 16 0 16 0 41 29 35 56 48 13 15 29 24 27 21 16 19 24 21 20 24 32 35 27 20 21 18 24 33 31 30 21 29 24 35 37 49 66 4 0 42 70 38 25 20 14 15 18 27 55 81 85 68 10 6 70 60 41 26 13 18 32 41 74 18 55 62 58 64 56 44 37 22 13 14 27 27 20 21 26 24 32 36 50 30 22 37 27 18 19 25 18 16 14 26 37 30 21 20 10 16 15 27 33 31 16 33 37 37 38 32 29 24 37 36 37 35 37 37 37 37 37 37 35 32 27 35 25 24 16 16 29 24 15 33 33 21 30 36 37 37 36 37 37 36 37 37 37 37 37 37 37 38 38 36 16 20 20 33 36 42 30 24 21 26 30 20 32 33 25 32 32 21 15 14 19 14 10 12 7 16 24 30 25 37 37 37 37 37 36 30 19 10 9 10 16 21 25 31 35 36
120 104 102 107 112 112 114 94 100 112 110 101 84 48 33 44 77 88 114 100 85 70 87 87 82 82 82 89 95 93 84 100 96 108 107 107 113 113 111 113 117 113 110 111 108 105 106 112 104 85 78 96 116 111 107 113 112 119 118 117 112 112 118 116 112 108 97 82 95 25 106 106 96 93 91 65 72 8 24 50 12 54 65 64 77 74 79 68 60 30 0 65 77 91 94 94 102 110 106 108 113 111 112 108 73 42 87 100 84 72 58 47 58 56 37 42 58 74 73 62 71 79 76 67 66 74 77 68 76 79 66 71 59 50 50 56 61 59 35 26 59 42 45 41 42 59 73 74 72 74 81 83 89 105 96 87 94 114 102 111 110 105 110 104 91 84 88 85 76 89 99 110 114 114 114 118 116 114 112 117 116 112 119 113 36 94 119 119 111 113 108 108 101 89 81 77 108 114 113 111 114 106 108 39 54 83 20 8 30 29 81 37 16 47 97 111 117 125 119 111 114 110 100 68 62 97 112 116 118 116 113 104 91 99 90 102 107 106 111 114 117 107 106 104 99 85 84 101 105 100 68 37 0 0 62 91 90 54 27 61 59 62 82 85 84 81 97 111 114 117 114 108 105 106 91 79 106 108 96 94 84 74 66 78 72 71 77 59 44 39 54 70 90 91 67 44 24 27 58 45 70 72 48 16 44 26 4 15 6 0 7 0 8 0 14 47 21 39 47 27 8 6 16 19 29 7 2 18 26 14 19 32 33 37 39 19 16 14 26 19 15 9 9 20 26 60 78 71 78 30 0 20 49 29 15 9 13 36 65 78 72 67 76 71 25 45 55 41 33 19 18 20 12 47 74 16 78 82 65 76 73 61 41 20 13 20 36 39 30 13 24 36 37 22 26 20 21 38 29 36 26 25 22 32 36 37 38 30 19 21 18 12 14 21 24 31 21 29 37 37 35 16 24 38 37 37 37 37 38 37 37 37 37 37 37 37 35 32 37 29 15 27 33 20 29 38 37 15 18 37 38 37 37 37 37 37 38 37 37 37 37 37 37 38 35 33 37 31 24 18 26 36 33 29 29 31 35 21 15 37 37 36 31 22 27 25 15 19 7 24 12 12 21 26 36 37 37 37 37 37 36 26 26 15 14 14 10 8 15 21 30 31
106 96 82 94 119 119 122 101 101 104 106 97 61 59 101 108 112 112 116 111 88 90 110 111 110 110 94 104 111 111 91 88 93 96 101 112 116 119 119 119 114 111 108 105 110 104 95 91 94 83 104 114 118 110 107 117 111 113 113 116 117 116 102 112 111 100 43 24 35 58 112 104 89 82 79 72 68 74 36 20 29 42 47 66 59 39 15 0 6 0 3 42 56 71 81 82 87 101 97 101 105 99 94 99 83 37 53 71 79 81 66 50 43 41 38 56 66 76 73 73 78 89 90 83 72 79 73 66 47 71 47 54 53 52 45 60 55 50 38 53 62 60 37 60 73 79 82 81 82 81 82 89 93 87 85 94 114 107 106 114 108 102 117 107 99 102 102 94 91 102 99 111 113 108 110 102 108 112 119 113 110 108 119 113 87 68 114 112 117 117 117 120 116 112 81 91 112 105 111 113 111 100 117 101 30 0 0 58 113 110 106 44 -39 21 48 107 105 116 111 111 105 101 78 71 64 105 118 119 116 111 116 104 85 94 104 110 116 108 111 114 107 105 108 110 104 96 107 114 114 111 102 88 52 0 14 41 37 27 22 43 50 74 90 84 81 85 93 101 112 119 117 110 102 99 87 96 110 104 96 91 84 85 77 73 66 62 53 47 52 54 53 71 96 88 78 38 19 42 33 48 49 42 42 58 61 44 33 18 15 0 0 21 19 0 21 19 19 55 44 13 13 12 14 10 24 13 0 1 15 19 18 19 32 36 36 22 22 0 15 30 35 26 15 13 16 47 65 82 62 35 8 0 29 22 10 19 26 26 39 44 37 56 49 44 13 22 21 21 21 19 25 35 42 48 65 20 81 65 47 26 50 39 26 18 16 20 35 42 25 18 29 30 32 36 36 24 16 31 38 36 36 32 31 22 37 36 35 35 33 18 19 10 19 21 19 18 18 21 36 33 27 32 37 35 37 37 37 37 37 37 37 38 36 32 37 37 32 30 37 36 27 26 27 24 37 37 36 18 20 35 38 37 37 37 37 37 37 37 37 37 37 37 37 36 22 31 32 26 20 18 19 21 19 21 21 26 22 15 29 26 36 37 37 30 27 30 22 22 29 18 16 14 19 15 24 24 30 35 37 37 37 36 20 9 14 18 15 18 25 30 31 33
113 95 87 110 119 116 110 105 105 99 90 83 84 100 117 95 99 104 111 95 85 106 116 114 110 104 107 111 104 110 102 102 113 107 107 110 101 112 112 112 118 113 110 112 114 116 97 107 106 100 113 114 117 111 112 117 116 102 97 107 106 108 99 95 95 59 54 105 112 117 106 101 93 90 102 82 79 74 64 48 42 37 35 35 31 0 15 15 24 39 36 36 56 76 81 81 83 95 87 97 104 110 99 84 73 54 41 43 54 71 70 65 42 49 67 73 79 84 84 81 90 104 102 89 83 74 76 70 55 48 47 53 54 45 47 64 39 16 77 65 62 53 72 82 84 79 81 77 78 81 79 82 82 82 89 100 96 106 111 106 101 99 108 97 112 105 87 82 87 102 93 105 105 97 96 91 107 112 112 111 104 106 112 114 95 108 117 116 112 114 117 120 110 93 74 88 101 104 114 116 83 67 90 62 26 56 20 37 117 112 106 108 89 71 19 33 65 71 94 114 94 60 43 49 85 117 112 107 106 111 110 95 84 95 105 108 116 111 113 102 102 97 110 114 116 101 101 105 106 113 110 77 48 29 0 0 12 48 35 66 73 79 67 78 73 81 87 106 116 108 112 106 93 90 95 110 107 100 95 91 89 68 83 24 52 65 50 55 73 71 68 61 82 91 76 42 21 26 18 16 18 26 36 68 60 49 38 24 32 37 48 33 44 38 0 0 14 66 35 18 19 16 18 0 12 12 0 0 13 10 4 8 9 16 24 8 16 21 32 41 55 38 29 13 19 32 52 73 71 39 26 0 22 14 3 50 71 36 19 0 25 26 21 14 13 18 21 41 59 37 48 58 72 52 52 43 4 44 74 52 18 30 30 31 32 36 39 48 33 8 26 38 30 30 38 36 37 32 32 20 25 33 49 26 27 32 20 19 33 33 33 35 31 21 19 14 29 37 38 32 18 19 36 37 37 38 37 37 37 37 37 37 37 37 37 37 14 19 37 37 38 30 21 19 35 37 32 12 32 36 37 37 38 37 37 37 37 37 37 37 37 37 37 37 37 20 13 14 26 24 21 16 21 26 27 36 37 37 37 27 31 37 36 37 27 13 16 16 33 26 24 15 16 15 16 15 14 18 35 38 37 37 27 10 10 15 12 18 29 32 27 22
108 105 87 107 118 118 119 118 116 110 104 100 87 113 114 95 78 95 93 87 104 114 108 93 93 100 102 95 79 96 110 108 110 111 117 108 67 25 105 106 113 110 85 112 118 107 101 117 112 101 116 106 111 107 107 114 104 102 112 112 114 114 111 108 35 26 99 111 114 118 117 113 107 106 110 85 79 79 74 59 43 49 44 38 31 0 41 52 39 43 55 55 71 78 79 79 81 81 91 108 111 118 118 101 95 84 64 35 18 41 45 60 45 60 76 72 85 85 87 78 83 97 96 82 82 78 78 77 54 53 44 49 52 58 36 36 72 61 59 70 67 76 78 79 82 79 77 65 71 79 79 77 85 97 91 97 102 111 112 110 102 101 110 108 112 100 85 84 110 114 111 105 102 101 100 90 96 113 102 104 100 105 107 119 102 104 114 118 111 108 108 101 99 78 93 84 61 47 67 68 52 6 12 1 62 112 82 53 36 58 110 117 113 106 99 26 14 7 55 113 102 45 47 66 104 116 113 111 113 114 108 89 87 99 104 91 87 101 94 91 94 106 111 118 111 110 105 101 101 112 101 76 76 68 32 0 3 74 53 45 62 60 52 65 76 91 84 99 116 112 111 104 84 85 106 114 104 94 97 90 88 74 81 31 65 68 62 66 74 81 62 55 74 90 66 31 48 71 36 20 14 15 32 45 55 77 47 29 31 24 36 55 55 70 38 10 0 41 26 12 10 16 13 18 16 4 0 9 30 12 0 0 0 1 14 13 27 20 20 19 36 26 20 0 1 7 38 60 45 22 30 8 7 6 20 33 54 42 20 21 15 6 0 19 14 35 24 48 78 54 55 68 70 41 35 54 61 55 56 35 0 24 43 47 41 53 50 42 29 19 27 59 41 15 36 38 37 24 24 29 22 25 33 31 15 21 19 29 20 20 16 35 26 33 30 32 37 38 36 35 35 33 31 37 37 37 37 37 37 37 37 37 37 37 37 37 30 36 36 30 22 18 24 19 38 35 19 18 37 37 37 36 36 37 37 37 37 37 37 36 35 37 37 37 37 29 31 30 20 18 19 26 25 16 36 38 37 38 37 36 35 35 20 36 37 32 15 19 31 27 25 31 33 22 10 14 19 20 20 35 37 38 35 15 8 8 8 10 19 25 12 12
89 93 72 99 102 101 110 107 96 100 108 87 102 113 104 87 83 91 100 113 116 95 100 81 76 96 65 64 49 83 111 110 111 97 97 99 31 82 18 84 102 111 114 116 117 111 106 117 114 113 117 117 107 102 95 117 107 108 114 107 112 113 114 42 59 111 118 119 116 105 102 111 105 97 90 94 99 73 47 52 56 70 59 56 43 0 0 0 0 0 12 35 50 70 78 60 64 84 96 116 117 120 122 108 89 73 67 27 0 0 0 15 37 30 47 50 54 59 61 50 64 76 73 70 74 78 73 60 52 53 50 45 54 55 43 62 72 73 44 68 62 72 76 74 76 77 72 77 79 72 77 81 85 111 108 114 119 108 111 113 96 101 112 114 99 93 93 97 112 114 104 91 90 108 113 108 114 119 107 100 110 104 110 116 117 99 90 96 108 93 81 82 78 73 111 87 79 71 36 42 30 41 36 72 107 110 107 112 110 43 90 108 107 106 97 82 101 76 13 87 93 32 60 101 112 118 114 105 97 95 88 87 84 96 100 99 83 90 83 89 96 102 110 91 93 94 95 105 93 101 93 91 101 72 24 0 64 101 94 71 53 48 71 99 101 94 83 100 110 108 105 95 84 95 108 117 106 90 94 95 87 84 82 81 87 79 82 87 85 81 65 72 81 68 38 42 66 73 45 37 22 15 22 52 49 54 29 14 15 18 30 45 37 22 16 26 0 30 18 12 19 16 24 30 27 9 14 15 19 26 6 21 9 21 14 19 29 16 10 7 19 19 14 2 19 32 54 37 19 14 13 25 7 31 19 21 14 20 25 22 14 8 16 21 31 12 13 25 37 25 39 37 45 24 27 35 36 49 35 30 30 0 36 42 43 60 61 48 50 16 32 47 18 20 19 33 30 35 29 39 24 13 24 31 27 25 27 39 20 16 25 25 12 30 41 38 33 37 33 21 21 33 25 19 27 15 35 37 37 37 37 37 38 38 37 30 32 38 36 25 19 14 19 26 37 25 35 37 37 37 37 37 37 38 38 37 37 37 37 29 37 36 37 37 38 38 38 21 20 22 29 30 37 29 25 31 37 37 38 37 37 35 20 36 38 31 18 10 27 24 13 20 37 31 16 8 16 20 37 38 36 31 22 21 16 12 8 9 13 10 9 10
94 79 71 76 77 74 82 88 111 110 104 110 116 113 101 83 83 100 117 104 90 81 83 66 62 81 68 45 48 81 101 113 118 110 16 45 90 112 85 30 59 104 105 112 108 112 111 117 114 116 119 118 100 87 93 116 105 99 93 83 96 61 52 100 113 119 114 106 97 88 93 105 114 114 90 76 73 49 61 82 64 72 73 74 50 49 55 32 33 48 31 10 6 2 4 2 27 48 44 72 85 74 93 79 66 38 14 4 22 33 35 8 10 0 0 0 10 32 18 7 37 35 48 50 68 76 70 53 41 39 45 53 60 36 72 83 81 59 66 68 61 59 62 60 64 65 66 76 83 78 81 85 106 107 112 116 117 107 117 112 105 100 108 107 106 91 102 113 106 94 95 93 99 104 106 117 120 114 108 105 106 104 108 110 111 113 95 91 93 88 89 95 78 90 117 96 95 116 108 108 112 107 96 117 111 112 113 112 117 111 60 52 106 110 101 110 108 95 53 19 29 32 73 94 116 120 112 104 105 99 99 90 77 81 91 96 91 85 88 95 110 107 89 60 77 74 94 110 93 90 99 102 102 81 32 0 71 78 96 108 106 76 79 108 105 93 87 99 91 93 90 84 88 104 107 106 106 101 94 88 82 84 81 89 96 91 104 107 88 83 74 68 88 83 56 49 71 54 52 22 19 21 33 45 19 19 26 29 33 31 25 29 39 36 18 24 0 15 12 14 19 18 27 36 33 27 30 30 22 18 13 2 0 12 20 31 42 33 14 16 33 25 16 0 8 21 39 25 16 22 29 33 0 30 14 20 9 16 35 35 35 31 37 37 36 36 30 26 24 21 26 21 21 21 38 55 56 44 24 26 16 38 15 2 44 45 29 24 32 13 29 56 42 26 22 29 21 31 36 32 24 20 27 20 35 37 32 31 19 15 31 25 10 16 35 33 32 30 22 20 20 21 21 29 18 22 37 37 37 37 37 38 38 38 38 39 38 37 33 26 31 35 37 38 38 37 37 37 37 37 37 37 37 38 38 37 37 35 32 32 31 37 37 30 37 37 37 26 20 24 14 25 25 29 18 33 38 37 37 37 37 37 33 25 37 37 36 35 36 22 20 33 30 27 16 13 7 13 31 37 29 14 13 12 14 13 15 15 16 21 30 31
72 9 15 9 19 64 89 106 104 89 102 113 99 93 81 81 68 96 105 89 79 67 67 52 50 55 62 55 53 78 99 118 116 112 64 71 106 112 112 102 64 44 95 100 104 108 113 118 112 112 110 100 87 89 105 110 95 81 16 15 16 22 96 117 113 110 100 93 85 73 72 84 94 107 106 81 64 61 81 76 74 87 91 87 53 70 73 44 60 67 72 89 84 85 74 55 32 10 15 0 0 0 27 22 0 0 24 58 81 59 47 9 0 0 27 38 14 0 4 0 26 33 30 35 45 56 56 43 35 43 52 60 58 71 90 83 79 73 78 76 62 73 74 73 77 78 74 79 88 79 87 96 112 113 108 111 108 116 114 119 105 93 112 101 113 96 108 110 97 106 107 108 107 105 107 117 111 112 112 105 108 114 114 113 116 113 111 102 88 89 112 94 93 113 111 94 89 112 118 113 113 105 108 116 117 110 116 114 119 108 104 59 110 113 107 114 118 114 111 72 56 33 73 113 112 113 112 101 101 111 111 93 90 96 71 66 87 89 72 90 82 76 44 59 68 60 97 101 95 84 96 97 101 90 39 0 53 45 77 95 118 104 85 96 97 83 87 83 76 90 82 87 95 107 101 101 96 97 90 82 84 90 90 91 93 100 102 95 96 88 60 64 82 77 58 48 73 50 31 26 30 26 16 15 25 37 20 18 24 21 36 37 27 32 16 0 6 8 15 21 16 20 31 48 37 20 24 31 21 30 33 31 10 21 36 50 44 32 13 7 18 36 20 6 8 24 32 32 24 9 22 16 0 15 9 21 32 37 37 35 29 29 19 29 26 36 24 26 24 26 30 37 27 16 18 33 42 22 21 33 36 43 31 0 42 50 39 29 21 15 26 38 56 58 45 60 32 24 33 33 21 22 31 33 26 31 14 13 20 24 30 18 -100 0 24 16 24 29 22 35 39 21 26 16 31 37 38 36 36 29 37 37 38 38 38 38 37 37 37 37 37 37 38 38 37 37 37 37 37 37 37 37 37 38 38 37 36 22 13 19 20 37 37 15 29 36 37 37 36 20 30 36 37 37 19 33 38 38 37 37 31 36 15 19 22 36 37 37 31 16 36 37 37 35 32 24 30 31 37 26 14 13 14 35 36 37 37 37 36 35 38 32
25 64 73 82 60 20 65 70 88 85 90 113 102 81 39 20 70 102 89 66 50 43 37 21 14 12 31 38 36 56 79 111 104 90 71 64 102 107 99 95 9 15 21 35 81 102 116 88 83 88 87 22 14 24 99 94 91 18 60 87 87 83 87 111 100 96 87 83 90 81 84 91 96 97 94 82 55 77 94 87 94 91 96 89 59 83 71 55 84 87 90 99 89 94 89 88 85 83 88 6 55 61 10 24 55 42 66 81 88 85 70 10 0 29 31 30 31 31 32 14 8 32 29 22 33 39 37 36 38 54 59 61 67 72 82 78 73 66 58 56 67 82 89 94 88 91 84 85 84 93 93 101 118 101 104 114 108 116 113 118 104 90 102 112 97 107 114 116 113 108 105 107 102 112 117 116 112 111 112 112 106 111 113 117 117 120 117 93 93 114 107 96 108 113 93 95 89 104 117 111 111 117 111 118 110 108 112 114 118 118 114 48 117 118 117 119 117 107 108 71 30 35 81 90 105 106 95 102 108 117 108 94 99 99 85 52 61 58 71 52 45 47 31 44 39 78 105 99 102 83 82 93 99 94 44 0 24 41 61 89 117 118 90 87 87 84 84 87 94 89 83 94 102 101 91 73 32 85 89 90 99 104 108 102 81 96 89 82 90 76 50 54 68 55 47 55 79 81 45 33 25 30 49 47 53 43 22 9 32 16 15 24 30 29 9 0 18 18 35 27 24 21 29 37 25 16 16 25 15 32 31 27 19 20 30 38 25 18 0 0 10 33 19 25 31 37 29 22 15 30 20 16 0 4 13 36 37 39 18 26 35 44 29 7 15 16 22 29 37 50 58 60 52 39 13 16 15 10 22 32 26 38 38 30 0 19 47 30 38 33 25 25 41 52 60 68 49 36 25 36 36 15 32 36 26 27 14 20 16 33 37 0 -128 -106 14 16 13 33 36 48 45 24 24 16 36 38 19 25 21 15 29 37 38 38 38 38 37 37 37 37 37 37 38 37 37 37 37 37 37 37 37 37 37 38 38 37 33 32 20 37 22 37 38 15 29 37 38 37 37 24 19 36 37 36 15 29 35 38 38 37 37 33 29 20 10 33 37 37 36 27 38 37 37 38 37 37 37 38 33 33 22 12 36 37 37 37 37 37 38 37 35 26
36 19 79 84 82 77 12 24 52 85 101 110 89 64 19 14 59 87 81 60 35 7 1 7 31 27 0 41 31 32 73 85 78 20 6 67 108 106 99 91 81 91 100 95 53 26 27 45 42 13 13 74 96 83 29 41 48 35 84 104 94 79 102 105 108 102 83 90 104 88 102 111 102 94 76 64 74 94 106 90 108 112 106 82 70 88 68 73 93 100 102 108 95 88 89 85 88 88 59 0 67 56 58 76 56 64 94 102 107 90 56 3 27 25 30 2 20 0 21 30 0 19 27 32 30 32 35 35 42 59 59 56 66 68 76 71 35 49 56 66 77 83 94 91 101 99 97 91 99 104 102 106 107 91 110 110 100 100 106 108 100 85 102 93 99 110 107 108 107 114 106 106 105 110 118 108 90 100 106 97 108 114 106 104 107 113 96 97 112 117 111 113 118 118 110 108 105 94 113 114 118 119 114 113 107 111 113 113 117 119 120 37 114 118 113 112 104 106 102 61 33 27 45 45 67 85 99 108 108 113 107 97 102 99 90 72 54 37 38 44 38 27 21 25 65 94 106 96 99 91 82 82 62 48 22 0 14 29 42 82 117 113 68 60 68 97 85 87 89 78 84 90 99 102 94 87 81 78 79 96 106 110 114 104 79 81 79 61 66 45 60 73 70 77 83 76 87 78 50 37 30 55 76 71 50 41 44 55 56 32 20 27 41 19 0 3 32 24 16 16 31 33 8 19 10 19 20 13 30 10 9 14 13 13 19 8 20 24 12 25 25 25 35 24 25 18 24 33 36 29 22 26 0 4 33 37 37 33 20 21 25 31 35 18 4 0 25 24 32 39 52 65 58 49 26 22 15 15 24 24 22 42 64 70 61 0 50 35 49 61 42 32 39 39 44 48 41 19 25 18 36 37 38 38 29 31 16 22 21 21 30 20 0 -128 19 32 16 41 53 37 27 20 27 41 36 16 10 14 26 24 29 36 38 38 38 38 37 37 37 37 37 37 37 37 37 36 37 37 37 37 37 37 37 38 37 30 26 36 37 38 32 37 37 30 36 27 36 37 36 26 26 38 37 30 20 24 33 38 38 37 37 33 27 26 27 35 37 37 36 37 37 37 37 37 37 37 37 38 37 37 37 36 37 37 37 37 37 37 37 30 18 18
79 27 85 84 85 82 82 13 61 91 107 81 60 15 59 64 21 26 33 12 12 21 31 38 65 54 31 4 29 59 85 37 20 64 85 105 118 118 116 94 76 78 102 112 108 111 113 119 108 83 65 99 105 87 84 60 39 71 87 102 108 95 112 108 107 113 102 100 114 104 102 96 84 78 81 88 91 114 111 106 106 112 110 93 95 82 67 70 78 90 95 90 81 70 79 82 79 76 44 36 74 62 78 73 56 83 101 113 96 71 22 15 53 42 39 22 20 36 32 0 19 0 18 35 42 36 35 38 49 64 37 50 74 54 45 37 50 47 53 70 79 79 83 96 97 96 93 102 104 108 110 102 99 88 99 95 90 110 100 88 87 91 87 104 112 111 114 114 108 112 106 106 105 114 108 100 99 106 97 101 108 112 110 102 100 102 97 105 113 113 114 120 113 112 112 116 117 113 111 113 118 116 110 110 114 119 114 114 119 117 56 76 119 120 117 113 116 102 88 72 39 56 65 39 44 85 85 77 108 114 112 112 108 110 107 93 89 72 32 19 33 50 30 27 67 96 99 91 88 79 70 87 83 47 3 0 12 33 53 81 107 107 81 97 105 105 97 83 76 82 85 100 104 97 95 84 89 76 73 102 117 114 106 96 93 91 78 55 0 55 79 84 79 95 89 85 53 60 44 53 68 71 79 76 59 68 71 73 68 42 26 29 22 8 1 8 45 52 49 32 35 19 12 20 31 35 36 15 35 29 18 0 7 4 10 8 29 36 29 25 4 19 27 32 36 31 25 0 1 1 0 0 0 10 31 33 21 30 26 1 26 42 37 42 32 26 29 21 36 44 62 58 43 39 33 27 31 22 19 30 21 38 65 79 78 0 62 50 54 82 82 60 54 52 38 44 41 38 36 20 33 37 29 38 27 22 19 20 22 18 16 14 0 -128 3 14 21 32 45 49 19 27 38 35 33 25 14 29 33 30 32 37 37 36 38 39 37 38 38 35 37 36 39 33 39 38 36 38 36 37 37 39 39 36 37 38 18 29 39 39 37 37 30 27 36 33 21 22 37 37 37 37 38 38 33 39 37 38 38 38 37 37 33 37 37 37 33 37 37 37 37 36 38 37 37 37 37 38 36 35 35 36 37 37 36 27 30 29 27 14 10 10
85 37 84 87 82 85 73 68 33 91 78 74 36 32 78 82 71 49 19 32 32 50 59 72 66 42 36 0 37 67 56 7 59 79 93 113 118 116 118 114 105 104 116 119 117 114 110 119 112 102 88 107 118 104 73 74 70 62 85 97 112 105 110 117 116 113 117 113 108 118 113 111 96 102 97 90 105 116 112 105 96 74 76 81 89 66 68 73 79 87 91 95 77 64 82 71 59 62 47 55 77 77 82 79 68 83 93 88 73 18 15 58 76 53 44 36 36 41 39 30 43 31 0 4 41 58 42 52 67 65 52 35 50 41 36 42 49 47 43 50 70 77 84 101 105 90 99 108 108 94 90 83 91 78 90 79 93 91 83 91 111 102 97 117 112 110 105 110 97 105 102 104 106 113 106 112 108 112 101 112 116 111 107 111 107 105 96 107 117 112 119 114 111 117 114 116 112 111 111 113 118 116 108 105 110 118 108 117 117 112 43 114 119 117 114 114 114 100 84 45 64 111 107 81 33 22 22 31 72 43 61 104 122 114 96 72 64 56 36 16 18 20 12 13 36 94 88 93 71 39 56 54 76 52 0 10 15 50 85 96 101 100 100 113 117 104 91 83 84 81 81 87 99 95 84 81 83 62 73 99 102 99 93 102 111 114 105 65 19 36 42 56 50 54 58 53 35 47 47 74 89 82 72 65 61 49 43 48 37 24 16 22 32 24 0 9 27 38 59 59 36 25 15 18 22 32 35 33 38 38 27 6 9 7 0 0 30 12 18 25 27 44 31 19 27 38 0 0 14 37 32 9 25 29 19 22 2 24 24 13 20 14 32 53 47 20 16 12 43 54 61 49 33 24 22 25 27 21 13 30 31 38 67 74 71 22 54 64 56 81 87 87 67 37 19 26 26 49 42 19 33 20 20 41 26 26 31 15 20 24 9 0 -128 -49 -124 0 35 20 25 39 26 29 27 31 19 15 14 22 22 22 32 35 37 39 39 38 37 36 35 37 36 37 29 29 29 30 33 12 -110 29 36 33 38 38 41 36 33 37 35 35 39 35 14 22 24 33 36 32 30 37 37 37 37 38 37 39 37 38 38 38 37 37 37 24 24 39 37 37 37 37 37 35 37 37 37 37 37 36 30 26 22 21 25 19 19 15 10 16 12 10 12 10
77 29 68 81 90 76 83 74 16 83 79 76 18 78 87 76 62 44 43 54 45 55 73 71 64 41 39 0 6 18 9 64 81 94 107 116 116 113 111 118 116 116 112 114 107 113 105 113 117 117 113 113 119 117 93 74 88 91 90 104 108 116 111 116 111 108 107 110 107 116 106 110 116 108 101 96 104 117 111 101 93 58 58 76 77 76 78 78 78 79 76 67 49 50 60 50 44 47 41 62 81 84 74 74 70 85 87 78 56 16 0 8 47 65 53 43 41 43 36 32 37 38 30 0 0 38 35 36 41 48 56 37 39 30 35 38 44 50 30 38 68 87 104 108 102 84 101 100 76 68 64 68 70 73 73 74 76 74 82 97 110 114 113 114 96 96 104 106 101 105 105 106 108 104 112 108 110 114 106 110 116 116 114 110 116 112 106 99 107 116 113 114 116 111 119 122 107 105 111 111 119 117 110 104 102 118 116 107 116 113 39 78 112 112 113 96 88 72 65 48 66 108 117 106 72 42 59 47 25 29 32 67 104 95 32 0 0 7 7 2 0 0 0 0 0 31 38 36 22 24 32 24 26 9 0 19 24 48 88 91 99 106 112 118 114 106 99 93 85 77 81 89 94 90 82 77 68 60 88 100 100 79 83 110 106 88 59 35 19 26 31 39 49 56 39 36 26 47 49 42 66 88 71 83 87 64 32 33 33 21 15 30 35 10 12 48 65 65 58 41 43 50 32 29 25 18 30 36 36 36 35 20 0 7 7 0 22 22 8 36 49 64 53 27 32 29 0 24 19 20 24 3 19 32 42 33 14 32 26 26 0 10 32 41 33 0 8 10 29 39 47 31 22 13 15 21 31 36 32 27 24 30 41 41 44 0 43 32 27 32 33 33 25 19 19 15 26 36 38 21 27 15 24 39 33 26 25 32 27 15 31 -128 -7 -67 -119 0 30 21 29 48 32 20 29 7 0 0 31 36 41 39 36 36 37 37 33 35 38 38 38 35 36 19 -120 -106 -106 -114 0 0 -128 -128 0 32 37 35 36 38 38 36 33 37 39 36 27 27 33 32 37 36 27 36 37 37 37 24 37 38 37 38 38 38 37 37 37 37 37 38 37 37 37 37 37 36 37 37 37 37 37 36 27 25 20 16 16 10 10 14 10 10 9 9 12 13
12 62 83 87 94 84 83 77 81 21 21 12 43 83 81 62 47 38 35 58 65 81 68 41 43 39 38 35 58 31 31 58 71 85 99 117 118 113 110 110 110 106 104 105 106 105 101 105 111 116 113 108 113 119 111 81 65 99 90 101 105 117 108 117 118 113 114 108 94 108 116 117 111 102 88 85 99 112 104 95 83 82 78 73 65 70 79 77 73 77 73 60 49 58 55 52 66 62 50 78 82 74 73 70 81 84 79 72 56 38 0 16 56 68 65 54 50 45 32 36 30 33 33 31 29 30 29 36 29 36 42 42 44 38 37 36 49 58 44 8 22 65 89 89 90 81 89 78 66 78 94 101 104 88 93 104 104 85 91 96 116 108 113 108 105 97 106 108 110 110 110 113 113 110 116 108 114 105 111 116 116 119 116 108 104 112 104 97 108 113 116 119 114 113 119 120 110 110 118 117 113 117 110 114 116 118 116 106 112 111 41 89 110 106 105 89 73 79 77 53 84 113 112 111 81 79 90 41 26 61 68 36 39 54 8 18 38 15 0 0 13 22 41 18 0 1 0 0 0 0 10 0 0 0 39 52 53 72 84 88 102 114 116 113 105 94 96 90 82 72 82 91 99 89 78 61 26 71 83 90 89 60 82 93 61 36 21 15 15 19 37 60 73 45 32 22 35 42 52 43 52 88 71 65 78 70 27 18 19 19 25 24 25 0 19 32 41 18 12 30 62 43 38 44 21 16 16 15 33 37 31 9 6 7 8 9 18 20 24 30 47 58 32 18 36 8 10 30 27 22 22 24 33 39 64 49 33 24 31 24 19 35 49 59 39 20 16 26 9 24 25 14 14 4 30 36 49 70 64 54 37 42 43 39 36 0 16 13 13 20 21 29 32 36 30 26 18 26 39 22 25 31 33 38 37 38 38 30 37 18 24 -117 -1 -61 0 37 29 36 25 10 18 31 12 -128 -87 -126 1 22 32 36 39 38 37 39 38 42 41 25 -100 -119 0 24 -110 -86 -93 -94 -112 -128 -125 -75 -119 0 26 0 0 26 0 0 0 16 32 31 25 36 37 35 37 38 35 36 37 37 38 35 32 38 37 38 38 38 38 38 37 37 37 37 37 37 37 37 37 37 37 37 37 36 35 36 37 32 22 16 13 12 10 9 9 9 9 10 12 15
58 78 83 68 74 93 93 79 89 73 73 50 65 82 78 66 43 48 53 65 82 74 59 45 38 36 48 49 64 66 62 78 82 89 105 108 117 118 116 112 110 106 100 93 104 101 97 105 104 108 102 110 107 117 117 101 95 110 110 111 114 105 97 107 104 110 114 111 91 105 113 114 104 94 90 79 84 84 84 82 81 78 76 81 77 60 62 61 59 71 77 58 56 77 72 58 77 74 64 73 77 81 76 68 74 64 35 0 0 15 2 42 67 67 81 73 58 55 42 35 37 29 32 31 19 26 0 2 26 29 0 18 35 44 50 53 53 56 71 53 -45 16 49 54 70 97 91 70 73 99 117 119 113 102 88 105 113 94 83 90 104 90 113 106 112 106 112 113 107 110 117 116 113 111 110 114 113 107 110 116 118 119 116 105 112 106 108 108 113 106 105 112 113 118 113 117 108 110 114 113 111 116 101 116 116 114 113 110 112 53 70 118 111 112 107 85 104 96 60 50 94 118 113 97 78 65 38 37 59 102 106 84 44 30 19 42 102 52 58 70 52 53 41 22 64 73 56 74 67 0 0 0 1 4 67 71 87 82 83 88 105 117 112 91 83 90 90 85 76 73 84 88 94 83 82 52 10 65 82 84 74 49 71 61 35 25 31 19 16 32 48 59 38 24 15 20 31 45 61 62 61 82 73 50 41 31 22 25 26 26 26 30 13 2 0 13 25 1 0 8 18 18 68 45 22 19 29 25 38 37 31 1 0 0 3 0 16 19 24 6 30 16 0 4 3 13 20 29 36 52 68 56 61 68 84 78 41 13 12 0 44 70 35 67 61 43 9 22 20 15 14 19 15 0 26 36 62 67 87 78 64 54 55 64 38 0 0 0 32 42 36 32 18 27 36 37 33 25 33 33 38 38 31 27 30 41 35 21 21 15 16 0 -11 -39 0 35 12 4 0 -128 0 18 -115 -61 -1 -44 -126 0 -117 0 25 37 38 37 29 21 0 -128 -128 -107 12 0 -108 -128 7 31 -89 -128 -111 -128 -94 -101 -126 -120 -97 -116 -128 -108 -22 -91 0 0 18 30 31 35 37 37 37 37 36 37 37 37 35 37 37 38 38 38 38 38 37 37 37 37 37 37 37 37 37 37 37 37 37 35 33 29 30 37 36 25 13 9 9 9 9 9 9 8 12 14
72 76 72 58 79 90 97 85 85 88 89 87 87 85 71 62 55 67 76 79 82 55 39 37 47 58 60 54 70 84 78 96 110 112 114 116 114 114 113 113 108 100 100 47 47 66 95 94 105 105 105 93 104 114 112 112 108 113 96 113 117 93 104 113 110 112 104 102 90 97 112 108 107 102 94 85 87 83 85 85 84 78 68 78 70 60 58 58 55 62 61 56 66 81 74 60 71 79 73 79 77 78 73 50 43 2 0 27 29 7 41 50 56 73 83 82 78 65 54 58 44 22 32 4 20 21 20 12 0 0 3 37 41 45 59 58 49 56 70 24 27 12 9 6 20 54 37 71 87 105 111 113 114 101 94 89 97 100 102 96 88 84 101 106 117 108 107 108 118 113 118 117 106 111 112 117 117 114 111 113 113 112 107 114 112 112 111 114 113 111 114 113 112 105 118 117 101 96 102 110 111 114 117 118 117 111 117 104 100 33 101 112 102 102 99 101 106 72 60 83 78 116 100 68 44 44 53 59 97 120 118 97 68 33 27 73 91 55 87 83 59 76 27 35 61 87 88 108 104 65 55 47 56 0 32 59 104 107 101 99 97 117 107 94 85 84 74 76 76 74 72 78 82 61 58 38 55 78 83 83 68 44 59 41 26 24 19 16 21 20 53 54 24 19 12 19 26 50 62 77 54 70 66 52 22 26 33 41 56 25 32 26 10 15 27 0 0 6 13 0 0 0 67 49 31 12 21 36 37 32 12 16 22 6 7 14 15 29 12 15 10 0 30 0 13 25 43 37 48 60 93 95 84 94 94 62 29 33 12 14 45 77 50 67 77 49 31 27 16 25 22 25 13 2 25 32 43 52 64 53 52 50 49 71 70 43 43 39 0 41 32 30 18 19 16 38 25 21 18 15 26 35 22 26 39 36 7 0 0 -116 -124 -117 -64 -91 0 6 0 -128 -110 -128 -97 -128 -88 -1 -1 -1 -73 -54 -1 -67 -106 33 37 36 0 -128 -128 -114 -106 -107 -114 -64 -63 -30 -97 0 -93 -77 -49 -101 -108 -12 -61 -6 -74 -128 -128 -2 -1 -1 -17 -97 -128 -119 -128 0 22 31 39 37 33 38 37 37 37 37 37 37 37 37 37 37 38 38 37 37 37 37 37 37 37 37 37 37 37 36 35 29 27 22 30 33 30 14 12 10 9 9 9 9 10 14
74 77 77 79 78 93 95 94 94 89 83 77 87 85 68 52 48 58 78 84 76 50 36 47 67 66 70 79 88 95 100 96 100 111 116 116 117 117 117 110 102 106 105 94 82 58 25 77 89 96 101 99 112 114 119 114 102 107 113 108 105 99 107 117 112 112 107 105 93 85 91 96 93 97 83 94 107 106 99 100 96 74 60 67 66 76 67 66 58 56 59 73 88 93 78 61 62 64 78 72 79 74 48 49 58 0 42 35 44 55 53 50 61 73 83 81 82 72 59 60 47 12 36 18 27 29 20 33 36 32 38 41 33 36 38 37 33 49 61 44 56 35 41 54 0 21 18 72 87 95 89 104 110 101 104 99 101 111 116 112 111 104 96 114 113 101 114 118 111 105 114 105 104 108 110 111 118 116 114 117 118 108 111 114 116 113 111 112 106 113 113 107 117 113 111 111 108 104 114 110 114 113 112 119 114 112 108 108 107 36 102 111 112 118 117 111 81 72 90 90 85 106 104 88 52 89 72 89 107 119 118 104 58 27 36 76 84 90 87 77 73 74 24 29 61 87 94 100 97 84 61 82 41 0 31 76 114 114 116 104 111 111 110 102 99 77 61 65 64 76 67 77 74 55 43 45 76 81 78 74 81 58 39 35 33 48 36 26 22 20 48 33 12 4 9 21 38 47 66 54 55 53 52 29 49 52 33 56 56 36 18 8 20 26 14 18 18 15 22 22 10 0 31 44 30 6 8 32 37 36 21 9 35 30 16 19 4 4 4 33 26 16 32 0 13 41 62 70 88 77 87 84 95 91 77 48 50 22 9 7 33 65 60 76 64 41 32 19 35 27 26 26 18 10 15 24 13 21 32 42 67 66 70 73 56 52 64 0 8 14 18 20 24 38 35 38 35 36 32 25 26 19 16 36 35 26 -115 -128 -107 -42 -128 -107 -128 -61 0 0 -89 -69 -1 -97 -128 -82 -1 -1 -1 -1 -1 -1 -1 -13 -117 31 35 35 19 -64 -47 -93 -112 -11 -1 -1 -1 -110 -42 -40 -75 -34 -128 -125 -1 -1 -34 -1 -35 0 -78 -1 -1 -1 -1 -1 -32 -1 -3 -41 -125 0 26 41 38 38 37 37 37 37 37 37 37 37 37 37 38 38 37 37 37 37 37 37 37 37 37 37 37 35 33 31 26 22 19 16 20 22 16 10 9 8 9 9 15 20
66 59 73 84 91 90 97 96 96 82 64 61 79 70 67 59 67 77 77 91 82 60 62 68 84 74 81 74 72 78 79 74 84 106 116 116 114 117 113 112 107 112 106 106 104 100 99 52 43 44 97 116 116 117 113 108 102 108 106 99 96 100 113 111 116 107 104 101 105 110 99 88 83 85 96 110 111 104 90 84 79 71 50 68 82 85 78 72 68 66 53 78 87 87 79 76 72 72 65 53 50 45 47 65 43 0 45 32 37 42 53 64 71 79 81 82 82 66 66 60 52 39 33 33 2 0 22 0 36 49 48 37 42 37 43 41 37 43 59 71 64 73 78 9 0 56 77 83 73 81 88 93 99 102 105 108 108 110 118 108 113 112 100 116 102 112 118 111 104 107 105 94 90 104 100 114 113 117 119 112 111 119 111 111 110 117 117 116 113 117 107 112 119 118 107 91 93 100 113 111 106 111 118 119 114 114 112 111 84 24 97 107 111 108 111 110 108 85 95 91 102 106 94 81 76 101 108 106 112 113 107 102 59 24 43 62 102 117 113 95 84 60 24 35 67 95 94 85 84 82 66 73 7 0 1 39 78 110 111 113 105 91 93 102 100 83 59 48 60 74 67 59 70 59 30 38 76 82 73 65 67 54 52 60 50 58 53 49 22 18 22 19 14 12 19 36 37 38 13 38 59 49 30 37 52 24 21 30 35 27 4 13 16 12 41 56 43 19 18 0 0 20 44 64 47 24 27 26 37 36 36 33 14 14 9 27 12 9 20 37 37 37 35 0 19 37 73 100 108 91 108 101 88 62 53 61 55 15 4 20 9 37 47 45 33 19 14 31 30 19 19 15 22 30 20 22 31 43 41 41 59 70 50 39 22 47 8 41 49 32 25 24 18 0 35 39 38 38 37 36 24 35 38 38 29 0 -128 -77 -16 -6 -124 -119 -50 -1 -122 -128 -18 -1 -1 -27 -64 -1 -1 -1 -1 -1 -1 -1 -1 -1 -20 -114 0 -91 -82 -26 -1 -128 -56 -1 -1 -1 -1 -1 -1 -1 -1 -21 -1 -1 -1 -6 -78 -1 -86 -87 -32 -1 -1 -1 -1 -1 -1 -1 -1 -1 -1 -122 -128 30 38 35 37 37 37 37 37 37 37 37 37 37 38 38 37 37 37 37 37 37 37 37 37 37 37 36 32 31 27 24 19 13 12 10 12 12 10 9 9 10 18 31
76 78 73 76 88 77 77 82 95 83 70 81 77 65 70 71 71 72 93 88 74 68 81 84 85 85 87 76 79 74 55 67 88 108 104 97 99 117 108 113 116 117 119 116 107 105 100 105 89 39 104 118 104 107 108 111 104 113 108 108 116 100 102 116 110 107 116 116 113 114 105 90 91 106 118 112 104 89 87 82 72 78 72 71 70 79 77 74 72 65 59 61 68 76 82 85 81 67 60 58 48 36 55 56 0 36 47 45 48 42 47 47 60 66 65 74 76 66 70 59 56 49 39 33 30 14 29 15 27 13 32 41 55 43 45 42 32 61 61 62 81 71 71 64 21 41 83 90 85 95 99 93 94 91 101 108 110 117 120 117 114 117 102 95 107 117 108 102 94 102 97 91 83 96 101 94 104 112 114 117 107 112 100 93 91 114 116 114 118 114 113 113 119 113 105 90 95 116 118 120 118 119 118 110 105 113 104 95 52 27 104 106 111 107 107 107 110 91 101 102 107 104 95 85 101 110 112 108 104 96 95 77 43 24 59 82 104 119 102 79 64 50 25 39 78 96 78 73 73 54 27 25 0 0 12 0 7 68 107 113 101 77 94 93 87 74 49 45 58 67 76 50 43 31 24 49 79 81 65 59 68 74 50 70 78 52 42 30 19 24 10 12 7 26 37 39 30 21 30 48 35 27 8 21 29 29 21 15 22 35 24 18 18 18 53 76 61 38 20 0 26 71 82 77 49 20 22 1 26 32 37 38 20 0 1 30 15 7 24 38 36 37 31 0 13 29 56 93 110 113 105 87 65 33 32 35 29 15 0 20 16 27 20 9 20 3 10 20 36 19 31 31 26 27 6 6 8 27 31 19 42 41 19 4 16 3 32 21 30 37 31 18 0 -128 30 38 38 38 39 38 37 37 37 22 20 0 -105 -7 -1 -26 -128 -93 -1 -1 -115 -26 -1 -1 -1 -1 -1 -1 -1 95 -1 -1 -1 -1 -1 -1 -1 -1 -13 -1 -1 -1 -1 -1 -1 -1 -1 -1 -1 -1 -1 -1 -1 -1 -1 -1 -1 -1 -17 -13 -1 -1 -1 -1 -1 -1 -1 -1 -1 -1 -1 -1 -1 -100 0 26 41 39 37 37 37 37 37 37 37 37 37 37 38 38 37 37 37 37 37 37 37 37 37 37 37 37 36 30 27 26 19 15 10 9 9 9 9 9 9 10 21 27
72 87 81 76 82 78 76 82 85 83 76 85 76 64 73 70 73 38 71 76 74 71 84 84 91 79 78 85 73 71 54 70 74 102 105 96 107 114 112 119 111 99 110 118 113 105 111 108 73 36 90 94 105 111 104 104 100 104 112 102 108 90 97 112 108 114 118 116 116 106 93 99 105 114 112 117 114 101 99 97 88 79 82 90 62 74 74 77 78 66 59 59 67 82 82 85 81 70 76 60 65 64 66 45 7 0 38 56 70 54 48 53 60 66 73 82 74 62 73 72 62 58 47 24 32 35 29 21 38 43 39 49 55 44 39 36 35 50 55 68 78 87 91 90 62 61 67 96 100 94 90 84 81 97 106 111 105 111 112 116 119 114 94 104 114 108 108 110 99 110 99 85 79 89 96 99 95 113 110 101 91 95 84 84 90 96 102 97 108 111 118 114 119 111 97 89 106 110 104 112 110 113 117 110 106 110 102 94 97 43 96 119 106 100 101 108 100 96 112 108 105 106 96 102 102 102 104 102 94 88 91 67 30 35 65 106 110 110 85 47 32 29 36 53 88 82 76 82 78 38 32 37 18 35 82 74 2 8 39 91 78 72 96 95 89 78 64 39 41 50 50 32 27 16 36 67 73 65 44 59 88 95 90 66 61 53 47 27 19 26 10 16 24 20 32 45 39 48 49 42 0 1 10 27 16 8 0 0 0 4 32 18 12 31 65 93 95 47 24 0 32 90 73 45 42 27 15 12 19 32 37 39 36 29 14 24 0 6 27 35 25 31 12 0 0 14 21 38 84 99 93 62 39 41 8 20 19 7 0 21 29 19 16 30 35 16 20 36 29 13 32 33 27 15 6 14 10 21 8 27 20 14 15 6 24 0 20 27 24 26 20 21 0 -128 0 36 39 38 38 38 37 30 18 19 20 0 -126 -7 -1 -1 -8 -1 -40 -1 -53 -1 -1 95 -7 -55 -1 -1 -1 -1 -1 -1 -1 -1 -1 -1 -1 -1 -1 -1 -1 -1 -1 -1 -1 -1 -1 -1 -1 -1 -1 -1 -1 -1 -1 -1 -1 -1 -1 -1 -1 -1 -1 -1 -1 -1 -1 -1 -1 -1 -1 -1 -1 -116 -128 -112 29 37 36 36 37 37 37 37 37 37 37 37 38 38 37 37 37 37 37 37 37 37 37 37 37 37 30 20 22 22 19 14 10 9 9 9 9 9 9 9 16 21
83 83 77 79 85 89 91 50 76 84 95 89 87 68 76 73 61 53 79 74 87 95 96 97 87 79 85 81 65 65 58 76 85 104 113 104 102 112 113 110 110 102 89 91 117 113 117 105 100 64 19 16 84 111 111 106 93 106 99 112 114 91 91 112 119 106 111 116 111 110 111 117 119 112 111 117 116 113 106 91 84 85 72 74 71 65 70 81 71 71 62 42 64 81 81 82 79 81 68 65 56 55 42 8 16 0 45 73 73 67 59 67 62 79 79 73 64 77 83 82 82 59 37 35 36 41 42 33 48 53 49 52 49 43 42 41 42 50 42 62 68 85 104 96 88 90 71 79 67 71 82 84 101 102 110 113 114 119 118 114 113 101 113 113 118 118 114 110 104 108 99 82 96 107 95 97 106 116 110 90 91 85 76 77 89 90 90 95 106 119 117 111 119 110 112 110 111 100 94 93 87 94 101 104 95 102 94 99 107 94 54 117 113 113 117 113 113 114 118 112 108 107 104 101 96 88 93 88 77 58 65 48 26 56 99 112 97 78 53 58 72 60 67 84 90 82 82 81 59 49 60 47 58 74 102 106 53 3 0 14 49 44 87 84 76 82 61 45 33 36 38 47 37 32 22 54 41 39 54 72 95 94 58 73 61 62 48 29 25 18 25 20 16 18 35 36 30 38 43 22 20 22 2 0 0 0 10 4 16 8 9 22 25 68 94 110 93 52 18 0 24 77 85 71 67 37 7 15 12 33 37 37 36 21 19 12 15 18 29 24 8 24 7 0 0 10 9 38 81 83 74 27 55 48 16 0 19 2 15 10 20 21 35 38 20 25 24 15 37 37 32 35 45 32 24 22 14 21 30 13 0 0 0 0 3 0 20 31 36 27 31 19 -124 -128 -128 2 38 33 41 36 39 37 37 37 18 0 -128 -55 -1 -1 -1 -1 -64 -4 -1 -1 -1 -1 -1 -30 -1 -1 -1 -1 -1 -1 -1 -1 -1 -1 -1 -1 -1 -1 -1 -1 -1 -1 -1 -1 -1 -1 -1 -1 -1 -1 -1 -1 -1 -1 -1 -1 -1 -1 -1 -1 -1 -1 -1 -1 -1 -1 -1 -1 -1 -1 -1 -1 -11 -28 -111 3 0 0 33 38 36 38 36 38 38 38 38 39 38 37 37 37 37 37 37 37 37 37 37 36 30 29 25 24 19 16 13 9 9 9 9 9 9 9 15 16
78 83 84 84 79 91 85 50 82 85 97 91 90 87 85 82 45 77 79 85 90 95 96 90 90 84 82 73 70 70 62 58 74 96 113 110 114 106 114 111 101 96 96 104 114 117 118 117 110 101 89 56 64 99 108 110 91 100 89 107 110 94 97 110 114 111 107 112 105 106 108 116 112 105 107 118 114 111 107 104 96 81 72 62 50 60 68 71 73 68 70 71 76 73 77 81 82 76 66 56 50 29 10 0 0 29 68 84 72 58 68 71 65 68 72 74 77 84 85 89 72 50 39 48 61 59 62 58 56 55 56 53 50 52 52 53 47 45 43 62 73 90 104 95 97 88 76 65 67 67 76 88 94 107 113 108 112 117 117 114 114 114 118 118 120 117 113 114 116 116 113 105 100 105 108 110 117 110 99 101 94 85 90 87 97 90 96 97 116 111 111 108 114 113 107 113 105 91 85 85 87 94 106 114 102 101 110 111 105 37 95 106 108 102 112 111 116 116 116 112 111 104 102 90 90 91 95 89 79 49 44 31 35 68 93 94 101 90 70 85 85 67 71 76 82 85 78 66 55 72 59 67 84 95 105 93 79 66 31 0 7 24 66 47 60 87 83 71 47 31 33 58 60 53 25 20 29 64 77 77 97 102 84 87 67 49 33 15 30 36 29 8 14 12 33 44 33 44 37 37 8 2 3 0 0 0 0 0 18 15 16 35 55 74 94 96 72 61 33 0 19 72 68 58 52 26 14 3 19 37 39 30 25 13 21 29 25 1 15 18 21 33 25 20 10 27 0 13 33 43 33 13 26 18 1 25 31 38 15 10 0 -119 21 33 20 45 33 26 4 22 30 35 50 27 30 26 13 21 35 22 0 0 22 42 9 0 10 25 29 0 0 16 -103 -94 -81 -110 31 33 39 39 39 39 38 29 12 -111 -6 -27 -1 -1 -1 -1 -1 -1 -1 -1 -1 -11 -91 -1 -1 -1 -1 -1 -1 -1 -1 -1 -1 -1 -1 -1 -1 -1 -1 -1 -1 -1 -1 -1 -1 -1 -1 -1 -1 -1 -1 -1 -1 -1 -1 -1 -1 -1 -1 -1 -1 -1 -1 -1 -1 -1 -1 -1 -1 -1 -1 -1 -1 -1 -1 -59 -128 0 39 38 38 39 39 39 35 37 41 37 37 37 37 37 37 37 37 37 37 37 37 35 35 32 30 25 20 16 12 9 9 9 9 9 9 9 12 13
84 78 79 83 78 85 74 45 96 104 99 93 96 93 83 82 53 72 81 97 97 85 99 95 84 81 50 68 70 81 76 76 83 93 108 119 113 102 111 107 104 99 107 118 112 102 99 104 114 110 111 81 29 54 95 60 30 38 43 49 81 106 107 107 114 107 105 111 112 100 95 108 117 91 79 105 111 105 94 83 83 87 53 62 33 59 62 55 76 78 77 83 78 77 78 81 78 62 64 62 36 0 18 27 33 41 59 76 62 79 76 62 68 68 74 82 79 87 97 87 62 41 48 65 79 72 64 73 61 62 70 61 58 62 66 61 58 52 44 56 79 89 83 82 90 90 72 88 88 74 79 88 100 104 114 114 118 118 114 119 119 113 110 116 116 116 116 116 117 110 111 107 102 105 112 117 114 99 91 88 87 83 91 97 107 105 113 114 100 95 101 100 110 117 112 104 101 105 97 97 108 113 110 110 107 113 110 112 36 97 113 106 108 110 107 108 111 99 105 114 105 93 100 97 94 84 73 73 81 70 33 29 49 61 76 77 93 95 94 84 72 62 74 81 87 78 72 73 78 68 81 88 99 102 87 83 76 45 15 12 0 10 44 35 78 95 85 76 37 25 47 67 70 61 37 22 31 71 96 91 100 100 83 79 66 29 24 18 8 24 24 0 15 22 44 37 41 14 18 29 2 18 21 3 0 0 0 12 15 21 15 32 37 47 58 73 65 54 52 0 15 58 43 29 22 0 8 25 35 36 35 12 18 37 36 22 12 9 15 14 20 31 24 24 15 20 -42 12 4 19 18 25 16 0 1 26 30 38 29 0 -120 -128 -105 4 9 22 19 14 0 25 24 27 15 7 13 16 14 0 0 0 -125 -128 -119 0 0 0 4 18 0 -108 -128 -128 -67 -1 -1 -91 -128 0 37 37 36 35 36 25 -125 -32 -1 -1 -1 -1 -1 -1 -1 -1 -1 -1 -1 -1 -1 -1 -1 -1 -1 -1 -1 -1 -1 -1 -1 -1 -1 -1 -1 -1 -1 -1 -1 -1 -1 -1 -1 -1 -1 -1 -1 -1 -1 -1 -1 -1 -1 -1 -1 -1 -1 -1 -1 -1 -1 -1 -1 -1 -1 -1 -1 -1 -1 -1 -1 -1 -1 -1 -1 -106 0 7 29 26 33 38 41 37 36 41 38 37 37 37 37 37 37 37 37 37 37 37 37 35 31 26 20 15 13 10 9 9 9 9 9 9 8 6
91 87 90 82 70 85 65 15 79 94 94 95 94 97 83 102 83 33 82 100 100 88 89 91 83 81 76 77 87 77 66 61 82 95 107 117 99 110 118 112 108 113 116 114 108 116 107 106 107 105 100 97 74 10 25 55 100 84 41 24 49 96 106 101 116 107 118 113 113 105 97 94 97 102 88 94 94 81 52 76 89 91 72 72 59 59 62 77 79 84 72 78 70 70 79 81 62 66 59 56 31 0 9 32 38 44 41 47 56 71 79 73 77 74 78 83 83 94 112 110 66 43 42 64 79 72 66 71 70 77 85 76 72 79 76 77 64 58 58 24 66 78 76 77 84 82 84 95 93 74 101 96 95 113 117 120 112 113 114 119 117 111 106 117 114 117 112 119 112 110 107 104 108 111 114 112 111 96 97 93 84 93 101 108 114 110 105 106 104 97 99 107 111 111 113 112 99 113 110 107 111 112 110 84 110 108 112 89 21 113 110 102 102 112 110 107 110 108 113 104 107 104 94 91 94 79 79 65 74 55 38 47 44 45 53 64 74 83 89 79 82 78 68 82 89 82 73 83 82 66 93 101 100 84 68 74 58 25 15 35 15 0 8 61 78 73 71 55 25 21 45 47 39 44 43 21 38 83 90 83 102 99 87 79 43 14 9 22 9 16 29 15 30 56 53 35 30 4 27 42 24 19 13 13 2 7 13 13 25 21 2 9 30 48 65 62 42 45 19 0 27 64 29 14 6 15 4 25 15 4 16 27 38 37 38 13 6 7 0 4 0 10 2 14 6 15 12 15 27 36 22 35 29 26 30 29 22 19 39 8 0 0 -128 -124 -110 -111 -117 -119 -121 0 16 22 12 21 26 26 0 -122 -126 -115 -18 -50 -53 -51 -103 -115 0 0 -88 -1 -1 -1 -1 -1 -1 -35 -128 13 0 0 1 0 12 0 -45 -1 -1 -1 -1 -1 -1 -1 -1 -1 -1 -1 -1 -1 95 -1 -1 -1 -1 -1 -1 -1 -1 -1 -1 -1 -1 -1 -1 -1 -1 -1 -1 -1 -1 -1 -1 -1 -1 -1 -1 -1 -1 -1 -1 -1 -1 -1 -1 -1 -1 -1 -1 -1 -1 -1 -1 -1 -1 -1 -1 -1 -1 -1 -1 -1 -1 -1 -1 -2 -128 -128 -111 -128 0 0 0 29 38 37 36 37 37 37 37 37 37 37 37 37 37 37 36 32 31 25 22 15 13 9 9 9 9 9 9 9 9 10
91 79 60 30 19 44 84 13 31 43 87 83 93 96 105 104 84 87 53 76 99 99 81 76 71 81 84 93 91 81 61 47 78 96 107 108 102 111 107 105 108 107 118 108 114 117 118 110 114 100 93 93 82 18 99 111 111 111 110 96 32 85 89 107 117 116 108 100 114 116 112 97 85 89 88 85 73 70 77 77 83 84 74 72 64 64 65 66 66 79 83 70 65 77 65 76 59 56 73 54 14 3 15 24 43 71 67 56 52 65 81 76 82 79 85 91 91 104 108 114 93 66 50 49 72 78 77 79 74 87 94 72 85 91 84 78 66 67 59 8 54 65 67 91 100 90 105 104 85 82 106 107 104 107 113 118 114 105 111 116 113 118 108 113 110 114 112 116 111 111 104 108 111 114 104 113 113 104 85 91 90 96 101 110 104 101 91 90 91 93 91 102 102 111 106 106 108 111 108 113 117 111 110 102 105 111 111 110 24 93 111 111 113 107 112 116 104 113 105 95 88 89 99 89 90 81 76 67 56 43 53 73 55 39 68 73 79 87 87 89 83 82 70 77 90 78 83 90 77 74 88 93 82 72 62 33 18 14 18 21 0 14 30 43 58 30 39 61 31 15 39 31 25 45 35 15 36 81 78 70 96 101 87 79 37 7 0 6 6 35 36 32 14 44 35 37 37 39 39 38 16 16 3 12 15 12 24 13 22 35 7 0 29 55 76 66 33 31 4 0 13 20 18 21 12 20 25 1 0 0 18 21 15 26 37 35 32 25 29 15 14 6 4 12 31 14 19 30 35 36 36 33 21 42 64 47 7 26 29 26 39 19 0 -126 -126 -39 -67 -82 -12 -96 16 32 20 20 21 12 -128 -128 -31 -23 -110 0 0 -126 -64 -59 -128 -108 -1 -1 -1 -1 -1 -1 -1 -1 -55 -121 -103 -87 -106 -119 -128 -98 -1 -1 -1 -1 -1 -1 -1 -1 -1 -1 -1 -1 -1 -1 -1 -1 -1 -1 -1 -1 -1 -1 -1 -1 -1 -1 -1 -1 -1 -1 -1 -1 -1 -1 -1 -1 -1 -1 -1 -1 -1 -1 -1 -1 -1 -1 -1 -1 -1 -1 -1 -1 -1 -1 -1 -1 -1 -1 -1 -1 -1 -1 -1 -1 -1 -1 -1 -1 -1 -1 -16 -1 -49 -115 0 0 -115 -122 3 36 37 37 37 37 37 37 37 37 37 37 37 37 37 35 32 30 22 16 14 9 9 9 10 8 9 8 18 33
82 55 58 72 73 22 83 94 89 27 84 91 90 94 104 95 97 95 67 48 107 90 81 68 68 84 83 84 84 79 72 50 67 88 93 107 113 117 116 101 106 108 113 111 110 101 104 96 102 87 83 90 100 102 116 108 102 110 110 95 38 96 99 105 112 108 91 96 110 100 96 84 94 90 83 83 84 81 76 71 77 71 66 65 66 68 81 87 72 66 85 84 74 73 79 77 79 82 70 13 9 32 33 55 81 84 74 61 52 53 76 83 88 89 99 107 114 117 106 84 72 60 48 48 62 76 88 78 84 89 85 83 89 95 84 74 81 85 71 53 55 71 76 85 97 106 114 114 107 100 89 96 107 116 107 112 106 112 114 114 117 116 116 116 112 119 116 118 113 106 112 105 106 112 105 114 110 110 106 102 93 99 107 102 96 93 89 97 94 84 105 107 110 107 106 108 112 111 105 107 110 108 106 104 111 111 104 114 111 43 65 113 112 107 105 117 104 112 108 90 83 77 76 83 78 68 55 48 42 43 54 78 61 48 52 60 70 74 88 94 77 84 78 82 83 83 91 81 79 81 81 71 56 44 38 38 45 58 49 6 4 27 21 16 16 0 0 16 31 20 27 22 30 47 37 22 27 41 49 72 84 82 78 47 26 19 25 6 10 38 36 35 6 14 21 35 31 22 25 22 14 7 16 6 10 22 14 14 7 37 15 6 22 53 70 52 32 24 31 0 0 0 26 36 29 44 36 6 16 16 21 22 14 37 37 37 30 31 27 29 4 10 8 6 8 0 31 39 37 37 30 16 8 35 33 31 22 21 39 39 30 18 0 -107 -108 -89 -128 -82 -47 -128 0 12 16 20 18 6 -128 -51 -101 -112 0 21 37 14 0 -32 -128 -67 -107 -44 -1 -1 -1 -1 -1 -1 -12 -128 -18 -1 -1 -1 -42 -1 -1 -1 -1 -1 -1 -1 -1 -1 -1 -1 -1 -1 -1 -1 -1 -1 -1 -1 -1 -1 -1 -1 -1 -1 -1 -1 -1 -1 -1 -1 -1 -1 -1 -1 -1 -1 -1 -1 -1 -1 -1 -1 -1 -1 -1 -1 -1 -1 -1 -1 -1 -1 -1 -1 -1 -1 -1 -1 -1 -1 -1 -1 -1 -1 -1 -1 -1 -1 -1 -1 -1 -1 -101 4 36 36 33 10 -114 0 32 39 38 37 39 37 37 37 37 37 37 37 37 36 33 27 19 14 10 9 9 10 12 9 10 21 36 38
85 83 78 73 83 21 22 90 88 44 81 90 87 83 102 101 93 82 88 70 105 95 90 87 81 83 84 83 94 79 62 52 72 74 78 95 114 118 111 101 99 102 99 99 97 90 89 81 85 79 85 105 111 113 118 107 113 107 105 82 39 108 118 111 114 95 90 106 110 90 84 102 96 83 84 88 97 89 82 82 82 73 79 78 72 74 82 70 66 61 64 62 66 77 65 68 71 60 43 0 25 15 52 66 88 77 74 78 59 65 74 84 95 107 114 116 118 117 117 106 72 52 56 67 95 87 91 88 93 106 105 104 99 85 79 81 95 91 79 60 53 64 74 82 104 114 119 119 113 112 107 93 90 100 106 106 105 114 104 117 116 107 104 105 108 116 113 112 118 116 120 113 104 105 95 111 108 113 104 106 88 99 104 93 84 90 95 104 110 102 104 114 112 108 116 118 117 116 111 112 113 111 112 112 105 102 102 105 112 91 54 111 112 107 99 113 97 106 112 87 84 81 73 70 61 64 66 71 59 52 58 78 77 64 55 45 58 82 88 95 96 91 82 81 85 93 78 76 76 78 62 50 48 56 71 79 78 81 47 27 0 0 0 0 0 24 15 0 10 32 19 20 25 25 31 21 31 26 55 62 68 62 53 50 18 19 25 0 7 35 36 18 0 8 20 24 30 9 12 3 1 0 10 2 4 12 15 7 3 22 4 15 3 37 61 60 27 20 16 31 30 0 21 31 25 33 20 18 31 6 16 7 21 37 37 37 37 37 19 1 0 16 18 12 13 26 35 33 16 12 16 7 10 19 19 36 48 38 31 20 13 30 -115 -106 -61 -126 -105 -1 -31 -110 -87 -125 -103 -126 -114 -101 -81 -36 -101 -128 0 27 20 0 8 -128 -18 -116 4 -128 -3 -1 -1 -1 -1 -1 -1 -40 -1 -1 -1 -1 -1 -1 -1 -1 -1 -1 -1 -1 -1 -1 -1 -1 -1 -1 -1 -1 -1 -1 -1 -1 -1 -1 -1 -1 -1 -1 -1 -1 -1 -1 -1 -1 -1 -1 -1 -1 -1 -1 -1 -1 -1 -1 -1 -1 -1 -1 -1 -1 -1 -1 -1 -1 -1 -1 -1 -1 -1 -1 -1 -1 -1 -1 -1 -1 -1 -1 -1 -1 -1 -1 -1 -1 -1 -1 -124 0 36 41 36 38 -103 -128 -68 29 37 39 39 37 37 37 37 37 37 37 37 35 31 26 16 14 12 9 9 10 13 16 25 38 37 29
79 81 72 83 82 70 25 84 88 71 58 89 85 97 95 73 21 15 91 96 96 99 89 83 70 79 96 87 95 82 62 55 76 87 87 104 117 113 102 101 102 101 99 90 95 89 85 84 90 81 85 112 117 116 112 106 108 105 99 56 50 104 118 113 118 105 106 107 104 93 88 111 106 108 111 111 112 89 88 93 95 61 93 97 91 84 79 74 81 60 52 50 68 68 59 67 62 48 31 0 18 39 74 68 78 84 84 79 78 73 76 89 106 113 106 106 108 110 107 81 55 55 79 84 99 110 93 100 99 116 117 116 113 104 90 84 94 95 78 64 56 65 67 78 89 107 116 113 113 110 102 85 84 94 89 82 111 110 111 116 117 110 105 112 113 111 111 113 119 116 113 117 112 100 106 104 97 112 99 96 87 102 99 91 89 96 104 101 108 110 105 105 114 116 119 114 112 114 112 117 117 114 113 102 106 101 99 94 108 116 41 111 114 87 101 117 97 94 102 93 87 82 76 73 77 82 82 73 70 66 56 81 77 76 59 55 59 78 85 93 94 96 89 96 88 78 70 65 64 65 59 68 77 82 81 68 64 47 24 20 20 13 2 0 13 41 37 0 8 30 0 0 15 16 20 32 26 26 24 53 41 31 41 33 18 25 22 15 27 33 32 9 13 22 7 27 15 12 13 9 0 0 2 2 0 6 9 1 26 32 3 2 16 21 27 25 12 21 0 -111 0 0 30 27 13 19 22 8 12 0 10 9 18 37 38 37 37 36 33 19 1 24 27 0 14 39 38 33 36 24 32 31 6 0 6 21 37 35 29 21 0 14 0 -117 -128 -128 -128 -30 -121 -128 -110 -14 -54 -96 -128 -128 -63 -72 -98 -119 0 13 0 -128 0 0 -128 -107 0 0 -114 -1 -1 -1 -1 -1 96 -1 -1 -1 -1 -1 -1 -1 -1 -1 -1 -1 -1 -1 -1 -1 -1 -1 -1 -1 -1 -1 -1 -1 -1 -1 -1 -1 -1 -1 -1 -1 -1 -1 -1 -1 -1 -1 -1 -1 -1 -1 -1 -1 -1 -1 -1 -1 -1 -1 -1 -1 -1 -1 -1 -1 -1 -1 -1 -1 -1 -1 -1 -1 -1 -1 -1 -1 -1 -1 -1 -1 -1 -1 -1 -1 -1 -1 -1 -1 -23 -63 0 30 31 24 -81 -97 -128 -128 7 37 36 37 37 37 37 37 37 37 37 36 31 21 16 10 9 9 9 10 15 26 35 38 30 10
88 78 82 90 85 85 19 83 91 90 47 55 45 81 87 16 12 79 97 104 90 100 84 73 76 81 95 96 97 87 68 55 60 82 102 108 114 108 113 111 107 108 95 88 81 91 88 85 77 74 89 99 114 107 113 105 101 89 71 30 79 105 118 102 105 114 117 108 101 100 89 111 113 104 108 102 99 96 89 102 105 93 106 104 93 88 83 82 79 64 66 66 53 47 70 79 58 41 7 14 25 71 77 77 79 94 102 89 81 78 79 91 107 104 85 91 73 72 67 76 59 59 81 106 96 107 101 97 106 116 117 114 116 111 97 89 81 74 72 58 65 77 81 84 87 91 100 102 106 99 93 104 95 89 85 95 89 91 95 100 99 97 104 110 116 105 112 116 110 102 108 112 111 108 102 111 108 107 100 88 101 105 99 93 106 97 101 91 105 110 114 112 114 114 110 99 111 118 116 116 113 117 110 117 113 110 104 102 99 114 24 107 97 94 106 111 74 77 89 97 99 79 82 68 82 87 85 82 83 66 65 88 88 77 62 72 68 78 85 87 78 84 83 99 99 78 74 64 65 64 65 68 88 101 96 85 87 84 52 31 36 55 65 35 16 29 22 7 0 0 16 15 0 0 10 16 16 33 24 30 24 6 22 21 6 7 24 32 38 41 37 0 7 2 1 0 0 9 21 24 0 0 16 30 0 0 9 13 29 21 0 1 10 18 16 14 13 0 9 24 9 31 27 30 2 0 21 0 13 1 2 14 18 37 38 37 37 37 35 32 36 22 -108 8 32 39 37 36 39 33 22 37 27 12 9 24 32 24 29 19 0 15 10 0 -128 -121 -128 -128 0 9 -121 -23 -65 -128 -128 -128 -128 -1 -128 -128 -94 -121 -128 -120 0 7 -120 -101 -128 -128 -124 -41 -1 -1 -1 -1 -1 -1 -1 -1 -1 -1 -1 -1 -1 -1 -1 -1 -1 -1 -1 -1 -1 -1 -1 -1 -1 -1 -1 -1 -1 -1 -1 -1 -1 -1 -1 -1 -1 -1 -1 -1 -1 -1 -1 -1 -1 -1 -1 -1 -1 -1 -1 -1 -1 -1 -1 -1 -1 -1 -1 -1 -1 -1 -1 -1 -1 -1 -1 -1 -1 -1 -1 -1 -1 -1 -1 -1 -1 -1 -1 -1 -1 -1 -1 -1 -1 -1 -53 -103 -122 -121 -20 -114 -128 -128 -128 0 36 37 37 37 37 37 37 37 37 31 24 19 12 9 10 9 9 9 12 33 38 35 15 12
71 67 81 91 100 47 42 90 91 99 93 42 8 -54 32 39 85 96 91 101 100 97 88 84 78 83 97 102 94 85 82 85 82 89 101 113 116 118 117 114 118 111 111 100 97 93 83 93 93 83 83 85 96 105 112 105 105 88 64 38 84 106 116 102 108 108 107 112 107 101 113 113 106 104 110 106 106 90 94 110 111 116 116 96 110 96 84 82 77 84 93 82 59 44 56 52 41 29 1 43 61 79 81 81 76 95 102 93 82 76 79 93 107 112 94 79 61 67 65 67 67 77 81 108 113 105 106 102 113 114 116 110 106 96 87 73 71 66 61 70 89 87 100 101 106 112 96 96 94 93 110 113 100 95 90 84 79 88 107 110 101 96 102 112 116 113 104 113 116 117 119 116 114 117 114 107 112 110 106 104 101 100 104 110 104 93 96 114 114 112 105 113 106 112 108 101 112 118 111 114 112 112 108 112 113 114 99 101 97 101 48 105 87 104 94 94 67 82 96 97 88 87 97 85 84 91 91 82 87 72 78 89 93 82 83 83 72 84 91 87 93 89 90 89 88 83 65 83 88 72 65 58 78 95 94 96 112 100 77 67 76 70 62 31 21 20 43 58 60 64 66 31 10 0 0 0 2 29 24 19 7 6 12 10 29 31 36 38 36 0 35 16 1 14 8 0 14 12 20 18 10 18 32 19 14 7 20 22 31 22 8 8 14 18 14 27 9 0 16 22 31 32 21 16 18 14 4 0 4 0 13 14 13 31 38 37 38 37 33 30 35 18 12 32 42 36 35 35 41 24 0 36 24 25 29 22 33 3 15 20 13 25 27 0 6 15 14 14 47 35 1 -128 -16 -128 -100 -128 -50 -54 -79 -128 -128 -39 -7 -27 -128 -128 -128 -17 -11 -68 -106 -1 -1 -1 -1 -1 -1 -1 -1 -1 -1 -1 -1 -1 -1 -1 -1 -1 -1 -1 -1 -1 -1 -1 -1 -1 -1 -1 -1 -1 -1 -1 -1 -1 -1 -1 -1 -1 -1 -1 -1 -1 -1 -1 -1 -1 -1 -1 -1 -1 -1 -1 -1 -1 -1 -1 -1 -1 -1 -1 -1 -1 -1 -1 -1 -1 -1 -1 -1 -1 -1 -1 -1 -1 -1 -1 -1 -1 -1 -1 -1 -1 -1 -1 -1 -1 -1 -1 -1 -25 -81 -1 -32 0 0 0 -103 -128 0 30 37 37 36 37 37 36 36 29 19 16 19 22 15 16 14 14 21 37 36 24 13 18
78 84 83 96 101 42 73 89 96 102 95 94 84 32 3 38 83 108 99 97 94 88 84 84 79 84 104 99 97 91 88 91 107 111 111 117 114 110 112 108 118 101 108 110 100 88 45 90 90 87 78 77 82 84 95 95 100 89 44 49 83 101 117 114 118 118 111 104 105 113 108 108 112 107 110 118 107 91 84 97 96 110 113 112 100 83 89 87 100 104 108 77 61 58 45 37 1 0 9 56 70 79 83 65 66 88 94 83 84 78 78 95 93 99 87 71 76 77 95 104 106 111 97 96 114 114 114 118 105 104 117 118 107 101 84 81 85 67 65 74 84 102 116 119 116 116 107 100 95 106 112 111 101 102 104 87 87 96 96 111 111 102 104 104 110 106 100 111 112 113 113 108 113 118 113 110 117 111 102 107 108 100 96 108 107 95 105 120 114 114 97 104 100 111 104 112 113 104 110 111 102 102 104 108 108 108 113 107 101 87 65 93 94 94 87 62 72 97 90 93 95 102 100 97 87 90 97 90 76 82 84 95 89 81 90 82 82 84 81 95 97 99 100 87 78 70 82 104 104 99 78 47 70 87 82 90 100 95 90 97 88 74 39 30 26 22 60 70 49 25 25 16 14 12 0 14 0 7 0 12 0 4 15 35 37 39 37 38 36 27 0 27 32 36 31 19 13 10 8 15 26 16 19 12 25 24 21 24 33 14 12 16 9 18 22 29 -105 0 4 24 22 22 30 22 19 12 0 2 10 29 36 33 3 15 29 27 37 37 24 14 20 20 1 37 35 16 2 32 35 25 29 29 13 8 12 15 9 0 26 24 1 13 22 26 25 15 13 30 31 20 0 -128 -63 -125 0 -121 -128 -54 -28 -128 -128 -27 -1 -1 -1 -128 -107 -1 -1 -1 -1 -1 -1 -1 -1 -1 -1 -1 -1 -1 -1 -1 -1 -1 -1 -1 -1 -1 -1 -1 -1 -1 -1 -1 -1 -1 -1 -1 -1 -1 -1 -1 -1 -1 -1 -1 -1 97 -1 -1 -1 -1 -1 -1 -1 -1 -1 -1 -1 -1 -1 -1 -1 -1 -1 -1 -1 -1 -1 -1 -1 -1 -1 -1 -1 -1 -1 -1 -1 -1 -1 -1 -1 -1 -1 -1 -1 -1 -1 -1 -1 -1 -1 -1 -1 -1 -1 -1 -1 -1 -77 -27 -105 20 30 -105 -78 -128 -128 -128 4 37 38 37 39 36 35 33 22 27 33 36 30 31 26 25 29 37 37 32 15 22
87 88 91 96 96 66 6 95 96 107 94 97 95 70 65 91 89 99 105 91 95 88 82 85 88 87 106 102 99 91 76 78 93 93 101 112 99 88 93 105 117 99 95 108 106 99 90 91 89 87 77 61 53 68 71 83 95 79 19 60 82 95 111 106 110 110 106 108 116 97 105 113 108 110 107 113 113 100 83 101 87 101 102 111 110 101 99 104 114 118 96 82 90 82 73 35 10 30 58 81 85 85 83 84 84 88 97 100 91 84 79 81 83 83 85 91 84 77 111 113 111 116 108 112 105 118 117 119 107 117 119 118 111 101 91 93 95 65 85 77 70 107 118 117 111 113 108 105 102 100 105 114 101 114 104 93 99 95 101 110 110 100 97 101 104 108 112 116 114 106 108 113 113 116 114 110 113 112 107 108 111 110 104 107 112 104 112 113 107 113 106 102 107 112 104 112 106 104 104 110 105 95 99 111 110 111 114 110 96 76 84 48 84 77 71 50 74 88 77 84 102 107 104 102 95 101 104 95 94 96 96 101 90 83 83 78 79 81 85 94 107 114 107 100 84 87 95 110 82 87 79 47 73 84 72 71 78 99 100 84 62 53 36 33 31 39 61 84 76 64 32 20 20 19 26 31 0 9 4 0 8 24 32 38 37 27 18 31 27 31 14 10 37 27 35 20 4 7 21 19 31 27 21 1 8 13 29 35 35 29 7 10 16 18 22 0 -128 0 36 38 38 38 38 36 35 26 35 29 36 37 27 21 15 15 19 16 25 36 33 32 33 0 18 33 0 0 0 0 0 0 0 0 0 26 33 14 0 21 35 27 6 31 33 20 12 10 15 12 4 0 -128 -115 -35 -128 -115 -122 -115 -34 -1 -49 -65 -1 -1 -1 -1 -36 -128 -1 -1 -1 -1 -1 -1 -1 -1 -1 -1 -1 -1 -1 -1 -1 -1 -1 -1 -1 -1 -1 -1 -1 -1 -1 -1 -1 -1 -1 -1 -1 -1 -1 -1 -1 -1 -1 -1 -1 -1 -1 -1 -1 -1 -1 -1 -1 -1 -1 -1 -1 -1 -1 -1 -1 -1 -1 -1 -1 -1 -1 -1 -1 -1 -1 -1 -1 -1 -1 -1 -1 -1 -1 -1 -1 -1 -1 -1 -1 -1 -1 -1 -1 -1 -1 -1 -1 -1 -1 -1 -1 -1 -1 -1 -8 -72 -105 -116 -96 -97 0 24 0 -128 0 30 37 38 37 38 36 30 30 37 37 38 37 35 25 30 38 37 35 16 32
78 79 87 97 97 97 76 106 97 110 97 96 99 42 84 96 83 96 100 87 87 67 78 83 90 94 110 101 95 74 68 48 76 94 110 108 89 74 76 87 94 106 101 104 112 101 94 87 94 79 73 74 43 35 77 76 70 68 4 60 81 82 81 85 97 112 116 114 116 94 105 107 95 107 99 99 100 90 76 94 78 83 94 91 88 88 101 102 100 107 95 97 93 99 90 38 0 39 55 64 67 67 74 84 87 87 84 93 89 81 81 81 82 84 93 101 99 82 81 111 116 110 113 117 116 113 119 119 108 117 117 119 110 102 101 95 83 64 79 78 72 95 111 112 97 114 113 94 106 108 102 110 112 104 102 94 112 110 114 111 105 102 102 100 104 113 116 113 108 102 114 112 107 118 117 117 118 114 105 112 101 106 107 112 117 117 117 112 108 113 108 108 108 106 107 112 105 91 104 95 95 105 114 118 112 110 108 106 74 66 91 82 27 88 70 60 54 68 55 89 111 100 105 99 99 104 105 95 100 99 100 94 83 93 79 82 79 81 91 101 101 104 94 90 82 96 106 106 83 78 58 26 52 55 50 52 73 96 85 77 47 37 36 33 38 43 26 54 71 78 62 37 25 8 38 0 0 19 19 10 24 26 35 37 38 7 0 35 10 0 7 0 35 12 36 21 2 9 21 14 33 12 22 4 21 14 24 13 7 15 30 30 37 37 0 -122 0 32 37 37 38 38 38 38 36 30 31 42 37 31 24 22 15 13 12 16 14 27 38 38 36 2 31 0 0 12 6 14 27 19 16 12 27 37 36 26 0 16 0 2 4 24 19 12 8 12 10 16 -110 -128 -65 -1 -1 -114 -128 -37 -1 -1 -1 -1 -1 -1 -1 -1 -1 -3 -58 -1 -1 -1 -1 -1 -1 -1 -1 -1 -1 -1 -1 -1 -1 -1 -1 -1 -1 -1 -1 -1 -1 -1 -1 -1 -1 -1 -1 -1 -1 -1 -1 -1 -1 -1 -1 -1 -1 -1 -1 -1 -1 -1 -1 -1 -1 -1 -1 -1 -1 -1 -1 -1 -1 -1 -1 -1 -1 -1 -1 -1 -1 -1 -1 -1 -1 -1 -1 -1 -1 -1 -8 -13 -1 -1 -1 -1 -1 -1 -1 -1 -1 -1 -1 -1 -1 -1 -1 -1 -1 -1 -1 -1 -1 -1 -1 -1 -1 -49 -108 0 33 12 -128 -102 -108 22 39 33 39 37 37 37 37 37 37 37 36 24 26 37 37 37 27 36
83 95 91 104 104 100 97 104 106 108 107 97 84 42 95 95 97 99 87 84 72 64 71 82 91 104 99 88 91 76 72 81 96 104 114 108 105 100 91 74 82 85 94 100 95 102 95 82 83 76 79 77 76 26 45 72 78 78 36 36 72 74 74 74 105 112 100 111 108 96 101 101 99 91 95 83 84 89 74 65 68 72 85 77 72 88 83 79 85 68 78 68 76 74 66 18 1 45 71 83 77 72 67 79 82 84 84 84 83 82 79 82 83 90 93 95 90 79 71 97 113 116 119 119 118 118 114 116 116 114 108 102 97 93 85 85 76 62 82 93 74 82 96 100 91 116 118 117 114 114 111 110 111 111 94 95 107 111 114 110 107 106 104 99 97 107 107 108 101 107 112 108 110 104 110 113 114 117 113 106 105 100 106 106 112 110 99 116 106 106 105 108 110 101 108 91 104 91 84 96 104 108 114 114 110 105 97 100 74 56 85 105 67 53 102 89 54 43 71 97 102 83 94 93 104 102 100 101 96 96 88 93 90 88 79 85 81 82 94 97 71 88 83 82 85 96 108 114 91 59 36 0 33 39 44 77 89 78 55 38 42 30 29 24 21 27 21 21 20 18 9 16 12 4 12 0 29 15 15 20 32 36 38 38 37 37 36 10 6 26 1 0 33 39 38 27 18 14 19 24 27 19 15 26 29 12 12 18 1 30 43 36 37 32 0 -94 24 37 37 37 37 38 38 38 39 36 33 36 36 36 31 35 29 3 18 24 35 37 26 26 24 13 14 0 25 30 35 22 15 27 24 0 29 35 16 16 27 31 22 25 16 2 4 7 10 19 -121 -120 -116 -1 -1 -28 -58 -108 -108 -87 -47 -37 -1 -17 -128 -100 -128 -1 -1 -1 -1 -1 -1 -1 -1 -1 -1 -1 -1 -1 -1 -1 -1 -1 -1 -1 -1 -1 -1 -1 -1 -1 -1 -1 -1 -1 -1 -1 -1 -1 -1 -1 -1 -1 -1 -1 -1 -1 -100 -116 -105 -25 -1 -1 -1 -1 -13 -1 -1 -1 -1 -1 -1 -1 -1 -1 -1 -1 -128 -121 -1 -1 -1 -1 -1 -1 -1 -1 -1 -1 -1 -1 -40 -51 -1 -1 -1 -1 -1 -1 -1 -1 -1 -1 -1 -1 -1 -1 -1 -1 -1 -1 -1 -1 -1 -1 -1 -1 -1 -1 -1 -49 -83 -98 -1 -1 -27 -115 20 38 32 37 37 37 37 37 37 37 37 35 32 37 37 37 37 37
74 85 82 105 95 90 88 93 89 91 104 106 42 77 100 105 89 84 77 84 83 66 66 84 95 108 99 82 81 78 76 77 97 112 113 116 120 117 107 90 82 81 85 82 91 104 104 84 84 83 77 56 71 76 39 31 50 74 55 20 62 50 48 21 84 88 73 95 107 111 105 97 87 82 85 74 77 70 67 73 67 62 62 71 68 87 65 87 73 14 0 0 1 0 13 0 41 67 96 108 96 90 68 77 95 95 87 84 83 81 82 83 93 102 106 99 88 74 81 96 104 101 108 116 114 107 102 102 105 100 101 101 84 81 74 65 67 64 90 95 81 99 89 85 95 110 117 118 117 118 108 114 113 107 94 95 106 111 113 108 106 107 104 99 95 96 101 94 91 107 116 116 118 100 95 90 101 117 118 114 113 104 94 112 110 111 104 106 107 106 107 117 106 110 110 105 104 102 94 76 102 104 112 116 110 111 99 71 55 52 82 107 27 81 99 68 44 39 71 90 85 88 91 96 100 100 99 100 96 84 77 79 88 93 93 88 76 84 85 94 78 83 83 74 91 95 110 120 96 53 15 16 31 42 52 58 47 39 33 26 25 32 20 12 13 8 6 13 26 13 6 3 9 2 -97 9 38 36 30 32 37 36 37 37 22 0 0 2 33 33 26 21 0 36 38 26 21 12 13 10 36 0 0 36 32 13 0 0 25 36 38 20 26 0 0 32 32 26 36 36 37 38 38 37 39 37 0 14 27 27 16 18 20 12 32 37 29 16 12 32 9 15 0 14 38 38 36 29 8 19 14 20 20 6 0 19 37 33 31 13 3 2 27 33 31 16 0 -128 -128 -63 -46 -112 -128 -128 -97 -94 -128 -112 -1 -1 -4 -128 -94 -1 -1 -1 -1 -1 -1 -1 -1 -1 -1 -1 -1 -1 -1 -1 -1 -1 -1 -1 -1 -1 -1 -1 -1 -1 -1 -1 -1 -1 -1 -1 -1 -1 -1 -1 -1 -1 -1 -89 -128 -128 -128 -128 -128 -128 -1 -1 -1 -1 -67 -98 -1 -1 -1 -1 -1 -73 -1 -1 -1 -1 -1 -6 -1 -1 -1 -1 -1 -1 -1 -1 -1 -1 -1 -1 -1 -1 -1 -1 -1 -1 -1 -1 -1 -1 -1 -1 -1 -1 -1 -1 -1 -1 -1 -1 -1 -1 -1 -1 -1 -1 -1 -1 -1 -1 -1 -1 -1 -1 -1 -11 -108 27 36 37 37 37 36 35 37 39 38 36 37 37 37 37 37 37
79 87 88 99 93 87 84 85 83 97 93 87 32 108 106 106 97 85 87 85 85 85 73 76 102 99 93 82 71 78 96 101 104 113 118 113 113 116 116 112 111 101 94 89 95 105 106 94 84 81 78 72 83 76 68 9 2 12 9 0 0 8 19 56 14 20 12 16 70 112 101 93 93 96 91 77 72 79 94 85 77 61 58 58 58 61 62 82 60 7 55 64 64 45 4 0 58 81 99 113 100 79 74 87 106 102 95 88 82 83 82 82 91 106 99 83 78 71 82 90 93 97 105 101 91 106 89 94 95 89 89 87 87 91 91 71 88 85 97 89 83 81 100 97 106 110 118 116 116 111 113 116 110 106 101 101 107 116 111 108 108 107 106 102 96 95 97 93 96 102 111 112 117 112 114 106 97 110 118 114 120 110 93 107 110 110 104 106 114 107 113 116 108 112 108 113 113 116 88 70 105 108 117 111 112 110 81 50 47 44 76 105 97 24 20 18 48 37 66 88 84 83 87 94 97 95 97 97 97 89 73 77 85 93 88 84 90 93 93 87 85 97 91 95 83 93 110 114 83 45 24 15 30 33 36 37 31 26 30 24 19 26 21 20 27 29 30 25 37 33 31 32 30 26 -96 29 38 35 37 38 36 37 38 37 19 7 29 27 38 35 0 0 0 3 38 37 29 27 18 35 29 0 0 18 0 7 26 27 25 30 38 20 9 9 0 36 35 0 29 37 37 37 37 32 7 4 1 15 15 26 16 15 24 30 37 38 30 33 31 9 0 0 0 33 37 21 31 16 15 30 27 26 0 10 6 14 26 16 8 3 16 21 21 18 0 -108 -122 -128 -128 -114 0 -106 -92 -128 -103 -128 -103 -14 -1 -1 -1 -1 -1 -1 -1 -1 -1 -1 -1 -1 -1 -1 -1 -1 -1 -1 -1 -1 -1 -1 -1 -1 -1 -1 -1 -1 -1 -1 -1 -1 -1 -1 -1 -1 97 -1 -1 -1 -1 -1 -14 -128 0 15 0 -128 -107 -128 -1 -1 -1 -13 -128 -115 -2 -1 -1 -1 -16 -128 -17 -1 -1 -1 -1 -1 -1 -1 -1 -1 -1 -1 -1 -1 -1 -1 -1 -1 -1 -1 -1 -1 -1 -1 -1 -1 -1 -1 -1 -1 -1 -1 -1 -1 -1 -1 -1 -1 -1 -1 -1 -1 -1 -1 -1 -1 -1 -1 -1 -1 -1 -1 -1 -1 -82 -128 -114 0 30 39 39 37 38 37 35 38 37 37 37 37 37 37
79 90 101 96 87 85 79 76 94 96 78 90 59 112 94 85 95 94 91 89 84 78 66 74 106 95 93 70 72 81 99 102 111 102 99 83 90 90 99 114 116 114 106 78 88 110 106 110 89 83 82 78 79 71 79 50 0 42 65 72 76 65 78 94 94 76 83 71 14 96 95 112 111 97 87 79 93 113 110 90 70 59 55 49 47 49 48 70 53 10 78 93 85 60 31 43 81 108 112 97 84 91 81 102 117 108 104 96 83 82 82 83 93 100 85 73 73 77 79 81 96 102 104 78 53 90 84 89 85 82 81 85 93 95 77 84 111 105 90 85 97 93 99 112 118 116 119 111 113 111 111 108 113 113 111 108 117 117 118 111 100 93 95 97 94 88 97 106 105 106 106 110 112 116 118 110 100 100 108 112 116 118 106 105 100 105 111 114 118 114 116 111 112 111 108 111 114 119 113 111 110 114 122 117 107 100 59 52 39 55 50 82 97 99 68 52 10 38 66 93 94 90 97 101 101 99 100 101 100 83 74 87 85 83 77 83 84 89 97 74 93 96 102 102 85 91 107 104 74 39 26 12 21 25 19 21 12 14 12 6 0 9 12 7 32 37 30 26 32 21 38 30 33 37 16 0 31 37 37 36 31 37 38 37 30 0 4 4 24 37 27 27 15 0 33 39 36 36 27 29 20 13 0 0 13 20 10 9 27 33 37 39 0 30 0 31 37 27 0 0 0 0 0 0 0 0 0 16 22 31 20 33 37 35 35 37 38 21 -47 15 20 0 35 37 36 31 33 13 27 36 21 18 8 9 9 12 6 0 0 9 13 16 12 14 -98 -128 -65 -114 -124 -128 -126 -122 -46 -1 -1 -2 -1 -1 -1 -1 -1 -1 -1 -1 -1 -1 -1 -1 -1 -1 -1 -1 -1 -1 -1 -1 -1 -1 -1 -1 -1 -1 -1 -1 -1 -1 -1 -1 -1 -1 -1 -1 -1 -1 -1 -1 -77 -65 -1 -1 -1 -73 0 14 0 0 10 -125 -1 -1 -3 -122 0 0 -124 -64 -1 99 -1 -1 -1 -1 -1 -1 -1 -1 -1 -1 -1 -1 -1 -1 -1 -1 -1 -1 -1 -1 -1 -1 -1 -1 -1 -1 -1 -1 -1 -1 -1 -1 -1 -1 -1 -1 -1 -1 -1 -1 -1 -1 -1 -1 -1 -1 -1 -1 -1 -1 -1 -1 -1 -1 -1 -1 -1 -75 -11 -67 -116 0 33 36 38 37 35 37 37 37 37 37 37 37
82 90 100 90 81 81 62 83 89 73 84 99 58 113 97 76 78 90 88 88 82 79 67 89 110 100 83 59 74 108 112 96 107 106 111 88 64 60 78 104 99 106 107 91 74 84 106 114 104 89 85 71 72 81 71 36 55 65 71 77 81 74 84 108 104 105 111 73 15 93 77 93 107 94 87 104 95 90 94 77 66 71 68 70 62 52 36 37 21 4 74 73 64 42 37 62 93 110 102 106 97 91 106 116 113 104 95 87 84 82 83 85 88 85 82 78 93 96 96 84 87 97 91 87 79 72 58 79 89 91 91 84 82 74 73 94 117 116 104 88 97 106 110 116 116 120 119 110 108 118 117 118 113 113 118 112 117 118 118 110 104 100 106 104 89 87 100 110 112 114 116 107 108 116 118 120 111 111 97 117 119 116 122 118 105 97 110 111 114 114 113 113 110 112 113 108 108 114 114 108 112 113 114 114 106 83 54 70 76 70 53 49 58 66 64 52 15 36 62 85 87 105 104 102 91 99 101 100 96 73 74 95 91 81 79 93 101 102 93 87 81 84 70 83 81 102 110 101 64 35 19 13 12 25 27 29 12 8 9 10 22 16 26 29 33 25 14 6 9 13 20 13 27 33 38 16 0 37 41 36 37 36 38 33 25 15 26 4 15 10 4 6 9 16 0 19 39 38 32 16 15 26 32 0 26 18 18 29 38 38 36 35 0 27 -100 0 38 36 31 19 21 10 24 13 0 0 12 35 21 16 13 29 9 25 37 32 24 18 18 1 6 36 37 37 39 38 38 31 37 33 15 10 7 3 19 22 19 1 4 8 16 18 0 0 -120 -128 -116 -1 -89 -22 -6 -1 -1 -1 -1 -1 -1 -1 -1 -1 -1 -1 -1 -1 -1 -1 -1 -1 -1 -1 -1 -1 -1 -1 -1 -1 -1 -1 -1 -1 -1 -1 -1 -1 -1 -1 -1 -1 -1 -1 -1 -1 -16 -97 -1 -8 -75 -103 -107 -1 -1 -1 -61 -124 -116 4 10 -106 -1 -1 -61 0 20 20 0 -84 -87 -1 -1 -7 -1 -1 -1 -1 -1 -1 -1 -1 -1 -1 -1 -1 -1 -1 -1 -1 -1 -1 -1 -1 -1 -1 -1 -1 -1 -1 -1 -1 -1 -1 -1 -1 -1 -1 -1 -1 -1 -1 -1 -1 -1 -1 -1 -1 -1 -1 -1 -1 -1 -1 -1 -1 -1 -1 -1 -1 -1 -1 -1 -63 -101 8 35 37 37 41 37 37 37 37 37 37
84 90 97 77 83 73 66 66 66 59 82 82 62 110 106 74 74 94 83 84 79 62 81 111 107 107 85 61 90 110 101 97 99 108 116 107 81 66 91 101 79 82 110 102 99 91 89 104 111 113 88 74 68 78 56 25 67 72 74 101 104 87 81 95 118 101 83 41 35 67 35 59 100 88 102 97 93 73 72 76 78 66 65 66 76 56 20 0 14 71 77 64 45 37 43 65 85 108 117 110 107 116 119 114 111 97 99 105 88 84 87 83 84 82 79 81 95 105 104 105 88 83 84 87 73 64 70 79 100 94 96 97 93 77 76 84 94 117 116 105 90 106 113 118 119 120 119 119 119 119 120 120 118 117 120 116 118 112 107 113 114 112 116 111 87 94 91 107 119 117 120 113 104 104 111 111 114 116 99 110 112 118 111 118 116 111 113 111 100 111 111 113 108 116 116 112 108 114 116 114 101 93 104 99 104 87 55 83 116 100 66 45 24 24 39 18 56 33 61 76 81 89 85 89 96 95 99 78 56 62 81 89 83 81 74 82 97 87 78 79 82 79 74 76 83 94 79 56 35 20 14 16 21 30 36 39 43 33 21 15 22 21 24 19 25 3 3 15 26 24 22 13 3 20 36 32 0 35 39 37 24 30 36 35 29 27 36 16 10 27 22 0 8 29 31 0 32 38 35 12 8 12 36 20 10 35 38 37 37 37 36 16 4 32 0 0 27 25 19 13 0 0 8 10 15 0 38 38 22 8 0 10 21 35 37 36 21 6 0 25 33 38 36 37 41 38 35 21 0 0 18 16 30 29 25 21 19 10 9 14 10 4 -128 -103 -54 -1 -44 -1 95 -1 -1 -1 -1 -1 -1 -1 -1 -1 -1 -1 -1 -1 -1 -1 -1 -1 -1 -1 -1 -1 -1 -1 -1 -1 -1 -1 -1 -1 -1 -1 -1 -1 -1 -1 -1 -1 -1 -1 -1 -1 -1 -1 -103 -128 -105 -128 -111 -120 -35 -1 -1 -1 -13 -1 -34 -128 0 -128 -1 -1 -20 -122 32 12 15 0 -75 -1 -1 -1 -1 -1 -1 -1 -1 -1 -1 -1 -1 -1 -1 -1 -1 -1 -1 -1 -1 -1 -1 -1 -1 -1 -1 -1 -1 -1 -1 -1 -1 -1 -1 -1 -1 -1 -1 -1 -1 -1 -1 -1 -1 -1 -1 -1 -1 -1 -1 -1 -1 -1 -1 -1 -1 -1 -1 -1 -1 -1 -1 -1 -9 -125 0 37 36 35 37 37 37 37 37 37
90 95 97 83 60 72 62 66 66 73 18 30 104 106 104 83 82 88 84 77 81 72 79 89 108 108 100 97 89 108 99 89 101 108 118 116 107 95 106 116 93 84 99 116 111 97 91 105 113 116 90 83 65 77 29 53 78 79 82 106 108 97 83 83 108 102 97 78 27 18 -3 53 96 104 105 84 84 77 54 61 60 52 39 37 43 31 0 42 73 61 59 44 37 38 59 81 100 116 116 107 116 105 105 117 117 97 112 97 85 97 95 88 84 82 79 83 91 97 108 112 84 81 83 90 88 74 94 102 106 100 104 101 90 88 91 87 81 87 104 112 101 93 110 117 116 119 120 119 119 119 119 117 119 119 118 119 113 106 113 106 116 113 116 97 83 100 96 99 114 106 111 117 114 97 100 106 113 112 106 105 104 118 116 118 118 113 113 112 114 108 108 107 111 112 114 111 108 111 105 104 101 107 87 91 90 78 74 107 111 96 78 44 33 16 32 4 59 24 42 48 61 65 81 85 79 76 70 45 67 89 85 93 79 76 74 74 91 81 82 73 81 77 78 64 77 87 54 37 30 13 12 9 12 20 32 39 53 47 26 9 7 9 3 10 15 0 1 19 13 0 9 0 4 15 16 29 0 33 39 36 27 15 14 16 31 37 29 13 19 35 26 2 3 27 32 26 1 38 32 18 32 30 36 25 2 38 38 38 37 37 0 0 0 25 0 24 38 20 13 7 3 13 29 41 18 0 37 27 4 0 0 10 37 36 25 15 0 0 29 35 38 35 37 37 35 30 15 1 26 26 15 31 24 21 0 21 14 8 4 0 0 2 -120 -97 -1 -1 -1 -1 -1 -1 -1 -1 -1 -1 -1 -1 -1 -1 -1 -1 -1 -1 -1 -1 -1 -1 -1 -1 -1 -1 -1 -1 -1 -1 -1 -1 -1 -1 -1 -1 -1 -1 -1 -1 -1 -1 -1 -1 -1 -1 -1 -54 -128 0 0 0 0 0 -106 -1 -1 -78 -128 -1 -89 -53 -102 -58 -1 -1 -1 -60 0 0 -105 -102 -1 -1 -1 -1 -1 -1 -1 -1 -1 -1 -1 -1 -1 -1 -1 -1 -1 -1 -1 -1 -1 -1 -1 -1 -1 -1 -1 -1 -1 -1 -1 -1 -1 -1 -1 -1 -1 -1 -1 -1 -1 -1 -1 -1 -1 -1 -1 -1 -1 -1 -1 -1 -1 -1 -1 -1 -1 -1 -1 -1 -1 -1 -1 -1 -1 -1 -101 0 39 35 38 37 37 38 37 37
78 87 90 62 64 67 49 61 61 93 35 58 110 102 101 89 83 89 85 78 73 87 84 82 101 102 116 95 88 102 87 88 87 100 114 111 112 108 105 113 117 102 91 110 111 99 99 87 100 104 67 62 76 31 65 82 82 83 87 89 106 90 83 91 107 112 112 90 68 30 38 67 96 104 104 94 76 65 55 47 45 37 4 0 0 4 55 73 70 60 76 59 37 52 78 105 113 111 111 118 107 99 106 112 108 110 110 97 104 105 105 93 93 85 79 81 83 83 96 105 93 89 93 104 107 111 107 116 117 112 113 108 111 102 90 95 102 88 93 107 111 99 94 108 116 118 113 120 120 119 118 114 118 122 116 112 112 107 107 104 107 118 111 85 87 110 108 101 108 113 97 94 104 96 84 88 101 113 107 107 106 106 117 116 108 106 93 90 97 91 97 112 117 117 110 107 99 111 110 105 117 104 83 77 72 71 81 99 83 66 54 42 36 22 2 14 22 14 20 30 31 54 79 81 49 42 49 76 79 79 81 72 76 77 78 72 42 54 76 72 83 71 78 62 68 65 67 43 21 18 25 22 26 43 59 47 48 42 14 19 25 37 16 22 24 15 15 21 15 9 10 0 2 26 36 27 0 36 31 36 32 24 14 0 9 12 25 16 22 31 4 3 27 32 37 35 0 33 38 38 35 36 15 29 4 38 37 37 37 37 19 27 0 4 0 33 41 25 7 12 26 36 37 37 0 22 24 2 0 0 1 36 31 20 -58 0 0 32 24 32 25 16 18 4 0 0 12 33 26 24 36 16 12 13 25 36 38 24 -128 -93 -128 -124 -84 -1 -1 -1 -1 -1 -1 -1 -1 -1 -1 -1 -1 -1 -1 -1 -1 -1 -1 -1 -1 -1 -1 -1 -1 -1 -1 -1 -1 -1 -1 -1 -1 -1 -1 -1 -1 -1 -1 -1 -1 -1 -1 -1 -1 -110 -119 -1 -1 -1 -114 24 14 0 0 0 -128 -47 -92 -128 -128 -27 -82 -3 -1 -1 -1 -1 -1 -1 -128 -128 -34 -3 -1 -1 -1 -1 -1 -1 -1 -1 -1 -1 -1 -1 -1 -1 -1 -1 -1 -1 -1 -1 -1 -1 -1 -1 -1 -1 -1 -1 -1 -1 -1 -1 -1 -1 -1 -1 -1 -1 -1 -1 -1 -1 -1 -1 -1 -1 -1 -1 -1 -1 -1 -1 -1 -1 -1 -1 -1 -1 -1 -1 -1 -1 -1 -1 -1 -1 -1 -69 0 21 35 37 37 36 33 36
79 89 76 70 70 59 71 55 71 96 95 22 90 106 104 78 83 87 83 83 88 97 84 87 94 111 106 95 105 99 84 82 96 106 106 102 102 99 104 105 105 107 113 101 111 97 95 85 96 110 97 60 59 66 78 95 95 91 89 84 87 79 90 113 111 101 114 110 67 30 19 44 71 90 97 94 76 61 56 52 35 25 3 35 54 81 81 85 73 74 83 66 41 62 94 113 100 104 112 113 96 90 96 101 111 116 114 104 117 114 114 104 106 100 94 85 82 84 84 94 77 65 56 105 119 113 114 117 116 120 116 112 114 102 100 107 105 90 97 97 104 93 90 97 107 106 105 112 119 119 117 119 116 120 111 106 102 101 104 97 96 113 100 78 87 106 117 113 113 119 94 89 107 93 91 82 84 93 105 114 110 113 117 117 116 106 106 101 87 79 87 110 116 116 100 87 111 114 106 110 114 105 104 104 82 101 97 101 87 85 73 45 38 41 0 33 30 25 19 20 26 53 67 54 27 49 73 83 77 42 74 81 67 74 77 66 6 36 49 52 60 67 58 49 49 70 56 27 19 25 42 64 68 54 45 32 62 48 44 39 56 74 48 21 22 12 14 21 18 16 20 12 35 38 37 24 0 36 38 36 27 21 50 29 9 0 20 13 10 22 13 9 33 37 27 26 0 31 14 29 37 16 16 10 13 37 38 32 37 37 38 13 0 6 0 32 31 2 7 29 37 37 38 31 0 27 0 0 -108 0 25 35 26 -34 0 0 31 20 24 0 0 0 0 16 26 20 21 33 16 12 35 21 22 21 35 38 37 21 -119 -1 -1 -1 -1 -1 -1 -1 -1 -1 -1 -1 -1 -1 -1 -1 -1 -1 -1 -1 -1 -1 -1 -1 -1 -1 -1 -1 -1 -1 -1 -1 -1 -1 -1 -1 -1 -1 -1 -1 -1 -1 -1 -1 -1 -1 -1 -1 -1 -128 -74 -1 -1 -27 -112 16 -110 -106 -128 -128 -89 -128 -88 -128 -128 -1 -1 -79 -1 -1 -1 -1 -1 -1 -1 -1 -1 -1 -1 -1 -1 -1 -1 -1 -1 -1 -1 -1 -1 -1 -1 -1 -1 -1 -1 -1 -1 -1 -1 -1 -1 -1 -1 -1 -1 -1 -1 -1 -1 -1 -1 -1 -1 -1 -1 -1 -1 -1 -1 -1 -1 -1 -1 -1 -1 -1 -1 -1 -1 -1 -1 -1 -1 -1 -1 -1 -1 -1 -1 -1 -1 -1 -1 -1 -1 -1 -34 -128 0 31 33 19 0 21
84 78 81 84 85 82 72 53 72 102 93 -41 21 104 101 83 76 90 95 97 105 88 87 88 99 108 105 101 99 85 77 88 106 110 97 93 94 108 102 93 87 101 107 108 107 107 95 95 91 96 81 67 77 82 97 112 106 100 89 87 83 83 97 113 102 102 107 106 88 48 16 13 65 70 91 73 71 56 42 21 0 0 35 58 78 90 90 74 82 74 71 49 43 65 99 108 97 110 101 99 84 79 84 95 117 111 107 114 119 118 112 107 110 102 96 85 88 91 87 85 74 49 66 84 107 104 112 118 116 120 120 120 116 101 108 112 99 88 90 96 105 94 95 105 97 99 101 106 116 118 120 119 117 106 97 101 101 106 104 91 95 111 89 82 95 101 116 111 114 120 114 93 100 102 106 90 88 102 101 111 116 102 113 113 116 113 112 107 99 87 91 113 116 108 50 70 108 111 106 112 113 118 105 97 102 111 113 105 84 97 68 43 53 21 36 65 72 53 54 35 27 45 56 33 50 74 85 87 72 12 53 61 60 66 61 61 71 58 30 0 10 27 25 55 36 42 41 19 18 21 26 44 64 47 38 52 44 38 76 56 53 52 47 30 38 26 7 9 8 18 25 32 37 38 36 16 0 37 38 26 30 24 37 20 0 0 20 9 0 6 12 19 30 38 20 3 0 35 -125 0 41 29 29 0 29 38 38 31 37 37 33 0 20 30 -100 0 3 10 30 36 37 37 38 13 -63 0 0 0 0 25 6 32 -32 0 20 15 36 21 0 0 12 13 22 27 19 7 14 37 25 18 22 27 35 39 41 38 32 0 -121 -1 -1 -1 -1 -1 -1 -1 -1 -1 -1 -1 -1 -1 -1 -1 -1 -1 -1 -1 -1 -1 -1 -1 -1 -1 -1 -1 -1 -1 -1 -1 -1 -1 -1 -1 -1 -1 -1 -1 -1 -1 -1 -1 -1 -1 -1 -1 -1 -12 -1 -1 -1 -20 -128 -120 -34 -4 -102 -128 -98 -128 -105 -110 -128 -1 -65 -128 -1 -1 -1 -1 -1 -1 96 -1 -61 -128 -1 -1 -1 -1 -1 -1 -1 -1 -1 -1 -1 -1 -1 -1 -1 -1 -1 -1 -1 -1 -1 -1 -1 -1 -1 -1 -1 -1 -1 -1 -1 -1 -1 -1 -1 -1 -1 -1 -1 -1 -1 -1 -1 -1 -1 -1 -1 -1 -1 -1 -1 -1 -1 -1 -1 -1 -1 -1 -1 -1 -1 -1 -1 -1 -1 -1 -1 -1 -1 -63 -125 -128 -114 -115 -128 -128
85 84 87 73 73 70 65 49 81 104 100 -55 -55 95 85 91 83 82 97 108 88 88 82 99 111 97 110 102 87 78 79 100 105 108 90 94 105 105 91 90 91 100 104 102 112 110 108 104 104 101 91 76 78 102 112 108 114 113 90 97 87 85 106 117 101 102 106 108 97 95 73 10 0 41 72 79 72 48 29 0 35 52 54 58 74 99 81 83 74 70 47 39 52 71 102 110 100 111 95 101 81 74 82 102 101 108 117 112 116 116 118 117 104 90 85 104 93 102 99 85 83 77 62 81 99 88 107 99 116 118 119 116 108 104 107 105 99 99 107 104 105 104 93 95 107 107 96 107 113 116 112 116 119 88 62 97 99 97 90 81 89 79 71 97 107 108 117 112 110 118 113 108 101 107 114 85 82 91 101 104 100 90 108 95 112 108 90 116 97 77 85 113 116 99 79 108 110 105 111 113 114 114 118 117 111 117 112 105 94 77 58 58 48 12 76 78 83 77 66 45 16 30 26 29 53 59 78 79 73 59 47 16 33 48 54 54 70 61 35 37 41 15 16 42 22 19 18 15 20 25 19 24 52 67 48 31 50 68 85 52 38 30 41 38 35 19 8 10 0 6 13 37 37 38 36 29 0 37 26 32 32 24 24 16 3 0 9 12 8 15 14 21 29 26 0 0 0 31 0 0 33 31 36 6 0 35 37 37 37 37 35 35 32 36 0 0 3 27 38 37 37 35 32 8 -84 33 35 33 41 38 37 33 -36 0 2 29 6 0 9 15 12 8 9 22 18 0 13 33 29 19 24 31 37 20 6 0 0 0 -114 -13 -26 -1 -1 -83 -37 -1 -1 -1 -1 -1 -1 -1 -1 -1 -1 -1 -1 -1 -1 -1 -1 -1 -1 -1 -1 -1 -1 -1 -1 -1 -1 -1 -1 -1 -1 -1 -1 -1 -1 -1 -1 -1 -1 -1 -1 -1 -1 -46 -1 -1 -1 -1 -4 -46 -1 -78 -63 -21 -4 -58 -88 -128 -126 -1 -3 -20 -1 -1 -1 -1 -1 -1 -1 -1 -1 -128 -1 -1 -1 -1 -1 -1 -1 -1 -1 -1 -1 -1 -1 -1 -1 -1 -1 -1 -1 -1 -1 -1 -1 -1 -1 -1 -1 -1 -1 -1 -1 -1 -1 -1 -1 -1 -1 -1 -1 -1 -1 -1 -1 -1 -1 -1 -1 -1 -1 -1 -1 -1 -1 -1 -1 -1 -1 -1 -1 -1 -1 -1 -1 -1 -1 -1 -1 95 -1 -1 -1 -1 -86 -49 -37 -1
106 85 68 60 67 55 52 55 88 112 111 62 39 95 82 95 84 77 95 107 89 76 99 118 110 97 97 88 83 77 83 93 94 96 88 97 91 95 84 84 91 96 95 99 111 113 102 108 105 113 82 84 99 112 102 112 114 112 104 89 83 104 113 100 94 105 96 88 89 81 66 55 45 7 25 50 55 48 7 45 68 70 58 72 91 96 73 65 78 71 44 58 79 83 108 114 116 106 91 90 87 85 93 105 99 107 108 105 108 117 117 106 97 90 99 101 90 107 102 106 96 88 93 88 93 87 83 107 108 118 111 107 108 106 108 107 102 108 118 116 114 105 106 106 104 108 101 118 120 117 112 106 111 104 95 96 101 106 108 83 68 55 68 90 85 96 107 110 119 112 112 110 102 113 107 87 62 64 83 79 74 77 89 91 108 101 110 112 96 64 83 110 95 84 110 114 105 93 104 108 108 112 102 112 106 107 110 97 72 71 81 56 56 37 66 85 74 66 56 30 4 8 15 39 43 48 58 61 68 64 60 37 21 43 50 70 58 60 71 64 43 18 21 25 18 14 20 19 36 25 9 16 26 18 7 14 52 84 85 43 18 2 15 12 14 10 0 10 10 16 27 38 25 31 27 29 0 22 26 24 21 20 3 4 8 16 18 19 12 27 31 33 32 36 33 33 24 24 6 0 22 31 35 16 0 26 27 36 36 38 39 42 38 38 26 0 0 32 38 37 37 25 6 3 0 36 38 37 36 33 31 30 -25 -81 10 0 8 20 10 18 16 22 10 14 7 0 0 0 24 14 15 27 37 15 16 26 35 29 0 -120 -128 -72 -47 -1 -4 -1 -1 -1 -1 -1 -1 -1 -1 -1 -1 -1 -1 -1 -1 -1 -1 -1 -1 -1 -1 -1 -1 -1 -1 -1 -1 -1 -1 -1 -1 -1 -1 -1 -1 -1 -1 -1 -1 -1 -1 -1 -27 -51 -1 -1 -1 -1 -1 -1 -1 -1 -1 -1 -70 -128 -1 -7 -28 -1 -26 -61 -1 -1 -1 -1 -1 -1 -1 -1 -1 -1 -1 -1 -1 -1 -1 -1 -1 -1 -1 -1 -1 -1 -1 -1 -1 -1 -1 -1 -1 -1 -1 -1 -1 -1 -1 -1 -1 -1 -1 -1 -1 -1 -1 -1 -1 -1 -1 -1 -1 -1 -1 -1 -1 -1 -1 -1 -1 -1 -1 -1 -1 -1 -1 -1 -1 -1 -1 -1 -1 -1 -1 -1 -1 -1 -1 -1 -1 -1 -1 -1 -1 -1 -1 -1 -1 -1
88 68 50 50 52 60 53 62 96 95 96 58 48 52 14 89 102 84 104 79 67 100 104 102 106 102 101 83 81 73 65 81 79 76 84 88 76 76 90 87 90 89 90 102 111 114 114 117 107 106 79 101 116 106 94 113 119 110 106 97 91 114 111 102 112 110 99 83 74 66 52 61 76 52 16 0 0 4 0 45 82 72 62 72 97 83 61 60 56 47 45 74 99 90 102 114 108 90 84 78 84 93 113 104 95 97 102 111 117 111 111 97 90 112 114 113 95 96 106 112 105 96 87 97 89 81 95 102 108 114 114 116 116 118 119 114 101 111 108 119 118 118 108 100 102 116 117 118 117 116 116 91 85 83 89 102 106 106 94 71 15 7 48 87 77 83 101 108 120 112 111 104 90 110 102 81 58 45 52 58 77 94 112 106 93 87 114 113 104 62 76 100 83 71 96 101 90 87 107 70 104 104 91 84 96 101 102 87 94 94 76 60 71 27 72 95 77 29 31 13 14 6 0 20 29 41 52 58 45 50 39 35 21 36 52 76 67 62 58 49 37 27 6 26 29 20 31 3 12 29 33 35 37 0 8 10 44 72 79 41 14 0 10 13 10 9 0 18 29 36 35 32 0 0 0 0 0 27 18 15 16 16 12 18 18 36 36 29 36 37 36 36 38 37 26 9 10 19 31 4 18 38 39 0 0 0 0 24 38 36 37 38 37 37 37 32 15 15 37 37 37 37 12 0 0 39 37 36 36 30 32 37 26 -65 0 0 0 32 32 30 8 16 0 13 0 4 0 0 27 15 4 18 33 0 35 30 24 21 4 -128 -102 -31 -16 -1 -1 -1 -1 -1 -1 -1 -1 -1 -1 -1 -1 -1 -1 -1 -1 -1 -1 -1 -1 -1 -1 -1 -1 -1 -1 -1 -1 -1 -1 -1 -1 -1 -1 -1 -1 -1 -1 -1 -1 -1 -1 -51 -1 -1 -1 -1 -1 -1 -1 -1 -1 -1 -1 -1 -50 -70 -1 -1 -1 -1 -1 -1 -1 -1 -1 -1 -1 -1 -1 -1 -1 -1 -1 -1 -1 -1 -1 -1 -1 -1 -1 -1 -1 -1 -1 -1 -1 -1 -1 -1 -1 -1 -1 -1 -1 -1 -1 -1 -1 -1 -1 -1 -1 -1 -1 -1 -1 -1 -1 -1 -1 -1 -1 -1 -1 -1 -1 -1 -1 -1 -1 -1 -1 -1 -1 -1 -1 -1 -1 -1 -1 -1 -1 -1 -1 -1 -1 -1 -1 -1 -1 -1 -1 -1 -1 -1 -1 -1
78 56 37 55 61 62 79 88 110 105 93 89 16 38 50 39 101 87 83 56 84 112 93 91 104 96 93 82 83 71 72 71 76 78 82 78 83 85 99 84 89 93 101 107 117 118 107 104 108 84 89 113 117 104 87 107 119 117 111 102 100 114 91 91 99 111 111 79 64 60 61 66 78 81 58 48 43 15 35 62 81 77 82 79 78 67 66 82 66 52 52 84 108 87 91 112 90 85 84 84 89 107 117 106 104 107 99 111 111 112 110 94 104 118 106 104 89 97 101 105 105 104 102 101 96 91 91 96 94 107 108 113 117 118 120 111 105 97 107 112 120 122 112 82 116 118 114 112 114 118 112 104 102 108 105 106 102 94 83 66 18 54 0 24 43 47 89 113 114 112 107 104 93 97 88 71 59 39 56 73 96 116 114 111 110 90 105 102 105 59 84 91 81 58 79 95 89 91 102 105 107 94 104 88 94 94 99 93 96 96 84 67 49 36 81 82 77 59 22 13 12 9 18 15 16 43 53 47 39 52 54 33 22 49 72 70 52 47 44 36 24 6 22 22 39 10 10 29 15 0 7 6 27 6 20 16 24 43 43 53 21 29 33 32 26 15 0 33 33 26 12 1 10 31 32 0 0 0 0 0 10 1 8 21 19 32 37 37 38 30 0 30 36 15 9 0 0 8 12 12 6 36 30 0 30 32 0 29 32 39 31 37 37 38 37 38 35 21 24 36 35 38 36 0 0 37 38 38 38 38 39 39 13 -22 0 35 0 24 39 38 27 14 32 26 27 31 16 1 8 15 13 10 18 19 12 16 15 14 0 -128 -1 -1 -1 -1 -1 -1 -1 -1 -1 -1 -1 -1 -1 -1 -1 -1 -1 -1 -1 -1 -1 -1 -1 -1 -1 -1 -1 -1 -1 -1 -1 -1 -1 -1 -1 -1 -1 -1 -1 -1 -1 -1 -1 -1 -1 -87 -1 -1 -1 -1 -1 -1 -1 -1 -1 -1 -1 -1 -1 -1 -1 -1 -1 -1 -1 -1 -1 -1 -1 -1 -1 -1 -1 -1 -1 -1 -1 -1 -1 -1 -1 -1 -1 -1 -1 -1 -1 -1 -1 -1 -1 -1 -1 -1 -1 -1 -1 -1 -1 -1 -1 -1 -1 -1 -1 -1 -1 -1 -1 -1 -1 -1 -1 -1 -1 -1 -1 -1 -1 -1 -1 -1 -1 -1 -1 -1 -1 -1 -1 -1 -1 -1 -1 -1 -1 -1 -1 -1 -1 -1 -1 -1 -1 -1 -1 -1 -1 -1 -1 -1 -1 -1
59 52 62 70 83 83 97 106 113 112 110 110 106 99 64 1 68 76 64 70 104 108 93 88 106 111 106 90 83 70 68 73 76 76 77 89 99 102 96 94 97 96 101 117 118 110 90 99 107 88 105 106 84 77 95 114 119 111 105 94 108 110 101 88 106 100 94 76 62 65 68 74 76 96 79 66 58 62 70 83 93 100 99 87 85 82 90 90 78 61 54 94 94 77 99 110 99 99 91 96 101 112 112 104 106 102 101 104 112 116 106 97 111 112 105 95 94 102 110 114 111 111 107 105 99 99 105 95 90 100 106 112 76 105 117 112 105 101 101 117 120 102 114 120 117 114 112 117 117 116 116 105 105 117 110 101 96 84 83 72 22 48 71 33 1 29 81 110 114 114 108 112 95 78 61 59 39 47 76 106 116 113 111 117 108 77 78 72 65 47 43 53 49 48 83 106 94 83 84 101 101 94 102 89 76 88 89 83 87 76 74 81 24 74 78 74 68 31 29 26 31 16 12 0 20 43 48 36 39 43 44 32 9 53 60 38 32 30 29 18 0 0 35 14 18 15 3 31 20 0 0 12 0 18 38 26 24 24 18 26 14 19 0 0 0 0 0 0 0 0 0 2 33 29 24 10 0 1 0 0 4 15 15 7 25 36 37 33 35 7 -119 10 18 9 7 12 4 0 19 30 3 35 38 29 38 31 0 0 0 0 36 37 36 37 39 37 38 31 19 27 33 39 37 0 -81 31 14 27 35 35 35 36 22 -7 21 39 3 0 31 38 32 27 37 30 14 18 32 0 9 8 20 8 20 21 0 19 4 12 0 -35 -1 -1 -1 -1 -1 -1 -1 -1 -1 -1 -1 -1 -1 -1 -1 -1 -1 -1 -1 -1 -1 -1 -1 -1 -1 -1 -1 -1 -1 -1 -1 -1 -1 -1 -1 -1 -1 -1 -1 -1 -1 -1 -1 -1 -1 -44 -1 -1 -1 -1 -1 -1 -1 -1 -1 -1 -1 -1 -1 -1 -1 -1 -1 -1 -1 -1 -1 -1 -1 -1 -1 -1 -1 -1 -1 -1 -1 -1 -1 -1 -1 -1 -1 -1 -1 -1 -1 -1 -1 -1 -1 -1 -1 -1 -1 -1 -1 -1 -1 -1 -1 -1 -1 -1 -1 -1 -1 -1 -1 -1 -1 -1 -1 -1 -1 -1 -1 -1 -1 -1 -1 -1 -1 -1 -1 -1 -1 -1 -1 -1 -1 -1 -1 -1 -1 -1 -1 -1 -1 -1 -1 -1 -1 -1 -1 -1 -1 -1 -1 -1 -1 -1
55 74 81 88 87 101 110 106 106 108 113 118 108 82 18 0 61 53 77 101 108 101 85 91 104 88 107 99 94 71 71 95 79 83 91 104 102 94 94 97 95 101 105 119 108 84 73 102 111 105 116 114 82 88 108 111 111 112 110 110 116 114 99 105 97 93 83 66 66 82 83 88 76 101 76 61 83 76 94 106 105 101 95 96 88 78 76 83 71 48 50 81 66 64 90 104 99 95 85 93 113 116 106 111 106 111 116 104 113 111 104 114 113 111 100 102 96 105 113 118 120 119 116 111 108 106 94 100 97 99 105 110 112 114 110 102 102 105 114 118 120 108 99 102 97 112 116 112 117 116 116 110 108 105 104 104 104 95 84 83 56 0 71 97 58 25 45 112 106 106 106 99 106 79 56 42 47 91 111 99 90 94 102 114 111 96 62 41 29 20 44 61 60 68 102 113 105 91 64 89 104 96 59 94 90 87 93 78 67 61 83 83 76 22 67 56 54 58 55 49 36 35 29 29 26 36 39 45 27 13 36 24 22 26 18 12 25 19 9 3 18 16 33 10 26 32 27 1 0 21 12 25 13 0 1 0 0 0 0 0 0 3 30 24 24 20 25 32 13 18 19 12 31 24 22 7 0 14 16 0 -88 25 37 35 38 37 37 36 33 29 0 8 14 9 19 4 29 15 0 22 0 9 29 37 39 38 37 32 37 4 25 35 12 36 38 38 38 36 25 27 32 39 21 0 -26 -92 -117 -93 3 30 36 38 30 -22 25 37 18 0 0 35 7 15 38 35 20 4 0 7 14 0 21 0 0 0 -128 -100 -128 -112 -128 -2 -1 -58 -98 -128 -60 -40 -1 -1 -1 -1 -1 -1 -1 -1 -1 -1 -1 -1 -1 -1 -1 -1 -1 -1 -1 -1 -1 -1 -1 -1 -1 -1 -1 -1 -1 -1 -1 -1 -1 -1 -1 -1 -1 -1 -1 -1 -1 -1 -1 -1 -1 -1 -1 -1 -4 -1 -1 -1 -1 -1 -1 -1 -1 -1 -1 -1 -1 -1 -1 -1 -1 -1 -1 -1 -1 -1 -1 -1 -1 -1 -1 -1 -1 -1 -1 -1 -1 -1 -1 -1 -1 -1 -1 -1 -1 -1 -1 -1 -1 -1 -1 -1 -1 -1 -1 -1 -1 -1 -1 -1 -1 -1 -1 -1 -1 -1 -1 -1 -1 -1 -1 -1 -1 -1 -1 -1 -1 -1 -1 -1 -1 -1 -1 -1 -1 -1 -1 -1 -1 -1 -1 -1 -1 -1 -1 -1 -1 -1 -1 -1 -1 -1
81 85 100 110 101 112 107 88 89 97 107 111 102 70 0 0 26 61 89 114 105 104 90 89 102 78 107 95 61 56 81 100 85 91 110 102 95 97 93 90 102 95 101 114 102 72 70 96 108 113 116 113 89 83 97 111 113 112 116 116 114 116 110 100 90 82 73 62 73 100 95 95 83 83 73 79 88 91 112 116 113 105 99 78 61 48 42 49 47 39 39 47 47 52 60 74 77 72 85 110 118 112 108 110 112 112 118 111 108 104 116 114 102 111 107 95 100 111 117 116 118 116 107 111 111 118 112 88 97 104 104 100 96 114 114 106 106 114 116 112 117 117 101 19 82 112 101 112 112 119 119 116 110 110 99 104 99 100 89 94 101 35 44 113 100 35 29 90 91 94 101 85 78 61 39 37 76 84 104 81 93 108 90 99 116 104 85 65 36 15 21 39 50 49 73 105 100 65 58 100 87 76 27 88 94 99 79 61 39 70 76 60 59 61 13 42 38 45 35 59 58 49 48 37 20 26 29 32 21 15 25 21 21 13 0 10 12 27 13 18 14 22 33 1 22 7 0 27 25 29 20 15 24 15 19 9 29 32 22 32 27 30 62 65 58 45 27 24 19 26 29 24 25 37 41 10 1 13 0 0 0 32 38 37 37 37 36 37 37 24 2 18 24 33 31 33 33 24 31 35 18 2 30 0 0 18 38 35 31 0 31 6 26 38 35 36 38 39 36 30 29 32 8 -77 -128 -116 -42 -46 -87 -128 -112 3 0 -84 -98 22 0 0 -96 0 0 0 29 18 19 27 2 9 8 3 3 -84 -128 -128 -46 -1 -1 -110 -128 -121 -128 0 0 -128 -128 -128 -1 -1 -1 -1 -1 -1 -1 -1 -1 -1 -1 -1 -1 -1 -1 -1 -1 -1 -1 -1 -1 -1 -1 -1 -1 -1 -1 -1 -1 -1 -1 -1 -1 -1 -1 -1 -1 -1 -1 -1 -1 -1 -1 -1 -1 -1 -1 -21 -111 -1 -1 -1 -1 -1 -1 -1 -1 -1 -1 -1 -1 -1 -1 -1 -1 -1 -1 -1 -1 -1 -1 -1 -1 -1 -1 -1 -1 -1 -1 -1 -1 -1 -1 -1 -1 -1 -1 -1 -1 -1 -1 -1 -1 -1 -1 -1 -1 -1 -1 -1 -1 -1 -1 -1 -1 -1 -1 -1 -1 -1 -1 -1 -1 -1 -1 -1 -1 -1 -1 -1 -1 -1 -1 -1 -1 -1 -1 -1 -1 -1 -1 -1 -1 -1 -1 -1 -1 -1 -1 -1 -1 -1 -1 -1 -1 -35
84 93 106 114 114 111 94 84 88 93 105 96 71 16 29 36 0 104 105 107 108 84 100 96 111 106 106 83 48 84 106 108 100 102 106 99 95 94 84 96 88 79 87 112 99 74 87 107 110 118 113 105 81 72 88 107 113 116 114 106 111 113 102 110 94 78 62 65 87 107 112 101 83 91 79 84 93 99 111 112 114 79 68 58 45 39 47 50 43 38 41 48 52 58 73 64 62 67 97 104 111 118 111 117 116 114 119 117 108 112 118 113 112 101 95 99 102 116 116 118 113 110 89 93 116 116 114 106 91 110 102 100 104 106 112 110 112 112 108 54 97 113 106 90 107 114 116 117 107 119 118 110 85 116 108 93 93 84 97 106 101 45 10 106 108 47 6 62 74 89 94 83 71 47 35 52 72 76 95 79 79 89 72 88 104 79 88 62 43 16 15 31 35 39 67 95 97 54 41 81 91 82 67 65 68 76 62 36 32 37 49 60 45 44 0 31 29 30 31 52 50 33 32 16 25 27 41 27 20 8 10 22 29 16 10 19 26 19 20 19 12 20 24 3 8 0 6 1 21 31 22 15 24 19 19 4 12 30 33 56 56 62 67 62 53 37 24 14 2 15 22 16 35 14 30 21 0 9 0 0 0 37 33 33 37 37 37 37 37 14 13 26 37 37 35 32 37 32 37 38 30 0 -107 -128 -126 18 36 33 13 0 30 0 30 36 26 38 35 29 29 25 -22 -55 -101 -128 -128 -46 -1 -1 -6 -54 -28 -93 -128 -8 -82 -82 -126 -128 -128 0 3 35 43 33 4 22 12 0 7 8 8 0 -54 -9 -1 -1 -1 -128 -67 -120 -128 -128 -121 -18 -55 -1 -1 -1 -1 -1 -1 -1 -1 -1 -1 -1 -1 -1 -1 -1 -1 -1 -1 -1 -1 -1 -1 -1 -1 -1 -1 -1 -1 -1 -1 -1 -1 -1 -1 -1 -1 -1 -1 -1 -1 -1 -1 -1 -1 -1 -1 -1 -1 -103 -4 -1 -1 -1 -1 -1 -1 -1 -1 -1 -1 -1 -1 -1 -1 -1 -1 -1 -1 -1 -1 -1 -1 -1 -1 -1 -1 -1 -1 -1 -1 -1 -1 -1 -1 -1 -1 -1 -1 -1 -1 -1 -1 -1 -1 -1 -1 -1 -1 -1 -1 -1 -1 -1 -1 -1 -1 -1 -1 -1 -1 -1 -1 -1 -1 -1 -1 -1 -1 -1 -1 -1 -1 -1 -1 -1 -1 -1 -1 -1 -1 -1 -1 -1 -1 -1 -1 -1 -1 -1 -1 -1 -1 -1 -1 -79 -120 0
84 104 102 114 116 95 81 85 96 106 93 68 13 25 78 29 20 100 113 97 85 83 95 91 113 106 84 50 55 107 114 114 113 117 105 95 91 83 93 90 54 74 82 105 99 87 99 106 120 119 114 96 84 82 83 107 113 104 107 99 104 110 106 106 100 72 64 78 96 112 106 99 91 93 85 93 105 112 114 113 101 84 54 37 36 49 77 82 52 44 61 82 68 77 77 67 82 84 74 83 111 117 114 116 117 116 117 113 108 113 113 111 107 99 99 104 102 112 112 118 117 111 106 113 116 119 122 114 116 114 106 102 96 101 88 107 106 91 96 102 93 107 95 100 102 107 110 117 107 110 108 110 108 102 108 93 97 83 105 113 110 94 8 90 116 101 43 53 55 77 88 97 82 61 42 53 4 94 100 88 58 71 56 81 85 77 91 54 27 14 15 21 21 37 70 77 70 55 30 32 52 77 82 33 24 59 29 19 30 27 36 50 45 35 26 6 39 31 12 32 47 21 38 31 29 31 24 37 35 31 33 36 21 14 18 37 41 16 29 15 22 0 0 0 0 31 8 4 20 33 43 18 32 20 20 14 21 31 32 43 70 66 44 41 36 32 29 22 4 19 18 35 33 24 9 22 0 0 7 24 8 39 27 32 35 36 38 38 36 31 36 41 37 33 27 37 39 38 37 38 36 0 -105 0 25 25 31 0 3 0 0 0 0 0 32 41 15 -117 0 22 -70 -108 -128 -128 -89 -73 -1 -1 -1 -18 -4 -23 -30 -1 -14 -128 -93 -128 0 20 25 31 33 27 7 0 0 3 16 0 3 0 -115 -1 -1 -20 -67 -106 -100 -49 -1 -42 -119 -112 -23 -1 -1 -1 -1 -1 -1 -1 -1 -1 -1 -1 -1 -1 -1 -1 -1 -1 -1 -1 -1 -1 -1 -1 -1 -1 -1 -1 -1 -1 -1 -1 -1 -1 -1 -1 -1 -1 -1 -1 -1 -1 -1 -1 -1 -1 -1 -1 -7 -63 -1 -21 -41 -1 -1 -1 -1 -1 -1 -1 -1 -1 -1 -1 -1 -1 -1 -1 -1 -1 -1 -1 -1 -1 -1 -1 -1 -1 -1 -1 -1 -1 -1 -1 -1 -1 -1 -1 -1 -1 -1 -1 -1 -1 -1 -1 -1 -1 -1 -1 -1 -1 -1 -1 -1 -1 -1 -1 -1 -1 -1 -1 -1 -1 -1 -1 -1 -1 -1 -1 -1 -1 -1 -1 -1 -1 -1 -1 -1 -1 -1 -1 -1 -1 -1 -1 -1 -1 -1 -1 -1 -1 -1 -1 -105 0 16 15
95 107 112 117 107 77 74 87 105 91 79 56 0 96 84 25 21 101 101 101 89 105 90 84 102 95 54 49 73 105 114 105 110 114 101 84 83 101 107 94 87 73 74 94 101 90 97 114 114 96 95 91 104 97 94 105 108 107 94 93 88 90 110 97 76 64 78 93 107 108 106 93 97 110 106 82 77 93 100 102 94 66 37 35 49 74 96 66 45 73 90 104 94 87 66 89 100 106 82 96 106 104 108 107 111 110 106 101 106 110 104 107 104 105 111 112 106 108 108 114 111 108 106 116 112 110 119 117 114 119 117 111 105 101 101 105 104 102 95 107 99 105 100 96 105 107 100 112 100 96 100 106 99 101 105 93 59 35 55 96 66 32 53 117 114 104 47 14 13 74 73 72 54 56 0 1 0 70 106 85 73 52 39 71 76 88 56 29 16 12 16 4 12 30 61 70 47 37 18 19 38 48 61 62 33 31 21 12 19 18 13 30 33 44 52 0 50 42 30 21 25 27 44 21 29 22 22 33 37 38 37 31 30 31 31 24 0 8 37 36 36 33 36 24 25 30 27 36 58 76 61 27 20 20 26 16 15 29 30 64 50 48 48 35 22 30 20 29 10 9 8 19 24 29 25 12 12 13 29 29 8 41 36 37 7 35 37 38 36 37 38 38 37 14 4 30 36 38 37 38 39 29 0 0 22 36 0 -105 1 4 0 31 25 -115 0 7 0 -128 -121 -114 -74 -41 -68 -78 -65 -51 -39 -44 -107 -111 0 0 -128 -16 -1 -68 -82 0 19 8 0 2 4 0 0 0 8 13 12 0 -83 -103 -35 -1 -1 -79 -107 -2 -1 -1 -1 -27 -128 -128 -20 -1 -1 -1 -1 -1 -1 -1 -1 -1 -1 -1 -1 -1 -1 -1 -1 -1 -1 -1 -1 -1 -1 -1 -1 -1 -1 -1 -1 -1 -1 -1 -1 -1 -1 -1 -1 -1 -1 -1 -1 -1 -1 -1 -1 -1 -1 -1 -88 -86 -21 -128 -128 -1 -1 -1 -1 -1 -1 -1 -1 -1 -1 -1 -1 -1 -1 -1 -1 -1 -1 -1 -1 -1 -1 -1 -1 -1 -1 -1 -1 -1 -1 -1 -1 -1 -1 -1 -1 -1 -1 -1 -1 -1 -1 -1 -1 -1 -1 -1 -1 -1 -1 -1 -1 -1 -1 -1 -1 -1 -1 -1 -1 -1 -1 -1 -1 -1 -1 -1 -1 -1 -1 -1 -1 -1 -1 -1 -1 -1 -1 -1 -1 -1 -1 -1 -1 -1 -1 -1 -1 -1 -1 -110 0 30 41 36
108 113 104 118 110 85 77 90 94 74 66 0 30 106 84 44 0 95 83 108 108 102 88 74 88 66 43 62 101 113 104 90 100 97 91 82 87 110 107 83 72 59 62 81 85 76 91 114 96 76 88 107 110 111 107 101 113 110 111 107 90 74 96 89 70 71 84 58 105 108 87 72 88 83 85 95 72 76 71 77 62 42 37 53 85 97 88 54 58 88 102 107 97 79 94 105 106 111 101 87 91 99 101 102 104 106 99 101 102 100 101 106 105 117 113 111 117 108 107 118 113 110 114 117 89 99 114 113 91 110 111 111 106 106 105 104 105 101 94 102 104 97 100 82 90 89 90 99 84 84 83 84 87 81 76 52 31 70 45 60 25 90 112 113 107 111 70 -37 26 10 0 0 29 18 0 26 0 68 105 101 89 82 32 43 64 45 37 33 24 22 22 14 13 15 43 55 48 30 16 24 49 35 42 54 55 42 19 20 13 8 13 9 2 36 48 20 2 15 32 22 16 22 25 26 25 35 35 30 24 14 26 13 21 37 31 0 8 18 16 26 33 36 33 26 29 50 54 66 83 68 58 18 27 35 24 19 18 21 20 31 38 36 25 24 12 20 21 15 14 14 20 29 37 32 30 22 38 38 37 27 6 38 37 38 0 18 20 32 38 38 35 30 36 36 35 31 37 38 36 36 38 31 33 29 0 21 25 30 16 0 -74 18 0 0 -93 -94 -74 -120 -1 -12 -128 -101 0 8 0 -106 -91 0 29 26 18 30 0 -128 -21 -1 -96 4 3 0 0 3 15 2 6 0 0 0 0 -110 -1 -1 -1 -1 -1 -1 -1 -1 -1 94 -1 -1 -1 -1 -1 -1 -1 -1 -1 -1 -1 -1 -1 -1 -1 -1 -1 -1 -1 -1 -1 -1 -1 -1 -1 -1 -1 -1 -1 -1 -1 -1 -1 -1 -1 -1 -1 -1 -1 -1 -1 -1 -1 -1 -1 -1 -1 -1 -1 -1 -1 -1 -7 -1 -13 -79 -9 -1 -1 -1 -1 -1 -1 -1 -1 -1 -1 -1 -1 -1 -1 -1 -1 -1 -1 -1 -1 -1 -1 -1 -1 -1 -1 -1 -1 -1 -1 -1 -1 -1 -1 -1 -1 -1 -1 -1 -1 -1 -1 -1 -1 -1 -1 -1 -1 -1 -1 -1 -1 -1 -1 -1 -1 -1 -1 -1 -1 -1 -1 -1 -1 -1 -1 -1 -1 -1 -1 -1 -1 -1 -1 -1 -1 -1 -1 -1 -1 -1 -1 -1 -1 -1 -1 -1 -1 -1 -79 0 49 64 52 37
117 104 105 112 90 97 99 90 74 48 24 22 84 111 61 14 29 65 84 111 93 99 99 78 61 42 48 87 117 108 107 94 83 88 82 79 95 113 91 77 54 45 61 65 77 84 102 113 72 39 82 106 102 117 94 95 96 104 112 101 89 71 71 72 66 91 111 93 99 88 73 71 74 73 66 62 53 49 52 43 41 33 37 64 104 96 84 59 65 89 76 99 87 90 108 110 113 95 107 102 91 101 99 102 100 104 99 100 83 99 102 101 113 117 102 94 112 117 116 114 119 111 111 118 114 114 112 110 100 110 111 118 116 111 104 102 104 94 96 101 104 83 35 31 31 79 78 85 82 77 53 42 65 38 30 45 85 105 88 35 79 113 119 117 108 84 54 6 16 67 55 33 0 8 26 77 33 24 78 97 107 94 48 21 35 25 25 32 32 27 18 21 31 18 24 35 33 31 2 21 36 32 36 27 30 36 18 24 26 14 0 14 10 29 24 20 14 10 0 0 20 30 20 35 29 22 13 18 12 10 19 14 32 33 32 25 31 24 20 35 19 22 19 26 65 83 77 84 85 83 47 15 16 14 15 15 21 42 19 24 33 43 4 0 9 20 22 26 32 27 29 36 37 14 24 35 41 42 37 1 14 37 38 36 0 0 6 25 41 38 32 0 33 37 18 36 39 37 37 33 36 37 37 38 25 0 0 38 31 33 0 -73 -34 -8 -8 -1 -1 -6 -115 -122 -84 20 21 19 15 19 16 32 36 30 14 26 33 0 -100 -1 -88 -115 0 0 0 -112 0 6 0 -128 -74 -91 -97 -26 -1 -1 -1 -1 -1 -1 -1 -1 -1 -1 -1 -1 -1 -1 -1 -1 -1 -1 -1 -1 -1 -1 -1 -1 -1 -1 -1 -1 -1 -1 -1 -1 -1 -1 -1 -1 -1 -1 -1 -1 -1 -1 -1 -1 -1 -1 -1 -1 -1 -1 -1 -1 -1 -1 -1 -1 -1 -1 -1 -1 -1 -1 -1 -1 -1 -1 -1 -1 -1 -1 -1 -1 -1 -1 -1 -1 -1 -1 -1 -1 -1 -1 -1 -1 -1 -1 -1 -1 -1 -1 -1 -1 -1 -1 -1 -1 -1 -1 -1 -1 -1 -1 -1 -1 -1 -1 -1 -1 -1 -1 -1 -1 -1 -1 -1 -1 -1 -1 -1 -1 -1 -1 -1 -1 -1 -1 -1 -1 -1 -1 -1 -1 -1 -1 -1 -1 -1 -1 -1 -1 -1 -1 -1 -1 -1 -1 -1 -1 -1 -1 -1 -1 -1 -1 -1 -53 0 22 47 58 52 33
113 99 99 111 104 99 83 61 10 0 20 76 105 110 79 0 47 64 70 100 94 105 106 74 54 42 79 102 110 94 99 91 78 70 79 93 110 95 77 66 44 44 53 70 87 102 113 105 89 52 94 97 102 105 106 94 77 89 108 97 84 71 50 60 73 105 99 93 87 81 82 71 60 58 48 48 55 64 48 41 43 33 39 65 101 112 93 70 62 64 88 107 104 107 104 111 117 101 113 112 99 101 102 100 104 97 105 104 99 101 100 107 114 102 99 89 95 113 113 113 123 116 101 113 116 118 114 113 113 108 107 118 111 106 102 97 99 104 102 101 101 66 55 74 79 29 22 82 32 24 35 59 49 76 89 106 113 116 110 99 90 111 106 120 105 76 26 58 95 105 73 47 55 61 73 91 62 0 77 89 97 88 37 18 16 13 19 30 31 29 9 13 35 24 10 22 30 30 14 18 22 27 31 24 15 21 22 21 36 21 7 4 20 31 3 20 32 30 24 0 13 33 35 19 13 3 15 22 14 7 10 19 31 20 22 22 25 15 30 16 26 24 35 52 79 78 79 83 79 73 61 43 24 22 27 45 65 64 32 13 12 7 15 8 9 10 10 27 30 36 37 37 31 -39 0 36 36 36 30 0 30 37 39 37 27 15 31 32 36 37 9 0 36 12 15 36 38 31 36 41 39 36 37 41 9 0 12 0 3 30 33 22 0 -1 -1 -1 -1 -1 -42 -112 24 25 20 20 30 18 18 19 18 16 16 15 22 19 -112 -1 -1 -16 -84 -98 -36 -73 -128 0 -128 -55 -1 -1 -1 -1 -1 -1 -1 -1 -1 -1 -1 -1 -1 -1 -1 -1 -1 -1 -1 -1 -1 -1 -1 -1 -1 -1 -1 -1 -1 -1 -1 -1 -1 -1 -1 -1 -1 -1 -1 -1 -1 -1 -1 -1 -1 -1 -1 -1 -1 -1 -1 -1 -1 -1 -1 -1 -1 -1 -1 -1 -1 -1 -1 -1 -1 -1 -1 -1 -1 -1 -1 -1 -1 -1 -1 -1 -1 -1 -1 -1 -1 -1 -1 -1 -1 -1 -1 -1 -1 -1 -1 -1 -1 -1 -1 -1 -1 -1 -1 -1 -1 -1 -1 -1 -1 -1 -1 -1 -1 -1 -1 -1 -1 -1 -1 -1 -1 -1 -1 -1 -1 -1 -1 -1 -1 -1 -1 -1 -1 -1 -1 -1 -1 -1 -1 -1 -1 -1 -1 -1 -1 -1 -1 -1 -1 -1 -1 -1 -1 -1 -1 -1 -1 -1 -1 -1 -1 -1 -1 -128 12 29 35 39 37 30
94 71 74 68 76 65 55 35 39 88 97 107 112 97 90 2 0 59 59 105 107 111 95 68 43 54 102 106 104 104 100 81 61 85 97 108 105 85 70 48 36 47 59 88 113 113 101 78 73 96 93 81 91 95 116 94 85 106 100 104 81 53 50 71 79 105 99 83 73 74 67 65 65 64 83 84 91 93 72 56 36 31 53 99 111 101 78 79 65 65 97 111 108 114 105 85 93 89 94 111 107 108 108 105 102 102 111 110 101 97 100 112 110 104 104 107 88 104 105 102 114 97 102 116 112 114 117 117 118 111 111 118 110 104 95 90 94 89 90 88 83 66 88 101 94 96 85 43 45 61 83 101 108 94 104 111 114 112 111 110 95 104 105 113 99 79 59 95 118 94 68 67 100 97 81 83 64 0 70 84 83 56 24 24 29 27 20 15 20 19 20 12 33 35 9 14 26 25 19 19 7 10 14 19 10 29 31 9 22 19 26 8 20 30 19 22 20 18 15 13 13 30 33 21 9 2 8 16 9 16 16 33 15 10 20 22 12 7 22 37 24 26 48 79 72 50 78 74 47 67 67 79 66 53 60 82 61 49 4 6 0 0 6 20 8 2 0 32 33 33 36 38 21 -36 20 38 37 33 14 0 37 37 37 37 38 37 37 38 37 35 0 1 25 0 35 38 35 35 27 3 18 32 38 29 0 0 37 30 22 0 0 0 -70 -1 -1 -1 -1 -22 24 27 32 22 12 10 37 38 44 38 32 36 36 20 10 0 -128 -79 -1 -1 -1 -1 -1 -1 -31 -30 -1 -1 -1 -1 -1 -1 -1 -1 -1 -1 -1 -1 -1 -1 -1 -1 -1 -1 -1 -1 -1 -1 -1 -1 -1 -1 -1 -1 -1 -1 -1 -1 -1 -1 -1 -1 -1 -1 -1 -1 -1 -1 -1 -1 -1 -1 -1 -1 -1 -1 -1 -1 -1 -1 -1 -1 -1 -1 -1 -1 -1 -1 -1 -1 -1 -1 -1 -1 -1 -1 -1 -1 -1 -1 -1 -1 -1 -1 -1 -1 -1 -1 -1 -1 -1 -1 -1 -1 -1 -1 -1 -1 -1 -1 -1 -1 -1 -1 -1 -1 -1 -1 -1 -1 -1 -1 -1 -1 -1 -1 -1 -1 -1 -1 -1 -1 -1 -1 -1 -1 -1 -1 -1 -1 -1 -1 -1 -1 -1 -1 -1 -1 -1 -1 -1 -1 -1 -1 -1 -1 -1 -1 -1 -1 -1 -1 -1 -1 -1 -1 -1 -1 -1 -1 -1 -1 -1 -1 -1 -1 -75 0 30 37 35 33 32 32
50 3 4 26 12 6 1 32 90 108 108 101 99 90 76 0 59 88 95 112 111 104 106 77 47 45 70 84 105 99 74 62 68 104 112 117 108 82 60 36 36 43 70 95 111 105 100 89 79 105 99 60 83 114 114 101 102 87 79 61 41 42 62 94 91 96 83 87 91 99 91 82 78 90 110 106 105 71 45 32 31 36 71 104 94 82 83 83 83 67 89 101 113 106 90 78 61 68 79 102 116 113 114 106 104 99 89 89 91 89 93 100 105 114 102 100 106 104 107 108 106 102 78 112 117 113 113 112 116 111 106 113 106 101 100 94 97 94 87 88 95 88 88 105 100 96 93 85 93 104 104 113 108 104 105 111 116 110 99 94 88 96 91 110 93 81 77 99 93 81 67 84 112 104 88 89 65 0 39 84 65 26 19 0 29 41 32 25 14 7 13 8 32 32 18 29 26 14 16 22 8 8 9 0 0 32 26 0 10 14 20 7 20 21 22 22 19 25 37 35 0 15 35 31 20 6 8 6 13 32 30 35 18 19 19 4 9 4 26 35 21 7 27 59 43 29 52 49 27 50 32 54 42 58 84 68 66 26 0 0 24 29 0 9 0 0 12 26 31 39 38 31 -18 14 38 42 30 0 9 0 36 37 37 38 38 37 38 37 16 31 36 18 0 0 36 38 29 25 31 31 0 10 36 36 0 0 38 38 36 13 1 19 29 20 -1 -1 -3 6 32 22 15 7 0 7 2 6 15 16 15 18 14 14 0 -101 -32 -16 -1 -1 -1 -1 -1 -1 -1 -1 -1 -1 -1 -1 -1 -1 -1 -1 -1 -1 -1 -1 -1 -1 -1 -1 -1 -1 -1 -1 -1 -1 -1 -1 -1 -1 -1 -1 -1 -1 -1 -1 -1 -1 -1 -1 -1 -1 -1 -1 -1 -1 -1 -1 -1 -1 -1 -1 -1 -1 -1 -1 -1 -1 -1 -1 -1 -1 -1 -1 -1 -1 -1 -1 -1 -1 -1 -1 -1 -1 -1 -1 -1 -1 -1 -1 -1 -1 -1 -1 -1 -1 -1 -1 -1 -1 -1 -1 -1 -1 -1 -1 -1 -1 -1 -1 -1 -1 -1 -1 -1 -1 -1 -1 -1 -1 -1 -1 -1 -1 -1 -1 -1 -1 -1 -1 -1 -1 -1 -1 -1 -1 -1 -1 -1 -1 -1 -1 -1 -1 -1 -1 -1 -1 -1 -1 -1 -1 -1 -1 -1 -1 -1 -1 -1 -1 -1 -1 -1 -1 -1 -1 -1 -1 -1 -1 -1 -1 -1 -35 0 27 45 47 42 33 30 32
37 72 89 87 71 66 64 83 107 110 93 99 102 79 38 0 66 76 82 108 111 93 84 81 73 38 37 87 81 91 62 50 79 102 105 102 105 77 49 31 32 43 71 97 108 95 104 106 89 87 93 19 88 118 108 106 90 64 48 43 58 56 58 102 108 91 87 95 111 106 94 87 89 108 105 111 104 67 32 27 36 47 88 95 85 83 93 96 95 91 102 104 118 99 62 81 89 87 94 85 116 94 100 105 99 96 89 96 95 93 96 90 88 105 111 111 113 112 119 112 111 72 93 85 114 112 112 114 110 112 112 107 105 101 102 99 99 84 102 105 111 101 93 100 110 110 100 90 112 112 107 68 94 116 117 114 114 106 96 82 83 96 95 99 84 79 93 108 85 85 87 100 104 108 89 88 72 2 36 81 68 4 0 13 1 31 39 36 27 27 4 10 20 31 22 33 20 24 19 25 14 3 0 9 24 36 13 15 10 30 36 30 31 13 14 18 36 29 15 19 0 0 35 16 14 0 2 24 27 29 16 30 18 13 13 16 15 10 2 25 13 20 43 48 35 47 53 35 22 29 16 7 33 35 42 55 42 16 0 0 21 33 15 10 25 24 24 32 31 38 33 16 -44 26 37 38 8 0 27 0 31 38 35 37 36 33 35 36 22 19 26 33 25 0 0 24 30 27 37 37 32 0 35 39 0 0 37 33 7 8 35 37 25 0 -1 -1 24 24 38 25 2 1 16 29 0 0 20 16 18 22 24 30 -82 -1 -1 -1 -1 -1 -1 -1 -1 -1 -1 -1 -74 -73 -47 -1 -1 -1 -1 -1 -1 -1 -1 -1 -1 -1 -1 -1 -1 -1 -1 -1 -1 -1 -1 -1 -1 -1 -1 -1 -1 -1 -1 -1 -1 -1 -1 -1 -1 -1 -1 -1 -1 -1 -1 -1 -1 -1 -1 -1 -1 -1 -1 -1 -1 -1 -1 -1 -1 -1 -1 -1 -1 -1 -1 -1 -1 -1 -1 -1 -1 -1 -1 -1 -1 -1 -1 -1 -1 -1 -1 -1 -1 -1 -1 -1 -1 -1 -1 -1 -1 -1 -1 -1 -1 -1 -1 -1 -1 -1 -1 -1 -1 -1 -1 -1 -1 -1 -1 -1 -1 -1 -1 -1 -1 -1 -1 -1 -1 -1 -1 -1 -1 -1 -1 -1 -1 -1 -1 -1 -1 -1 -1 -1 -1 -1 -1 -1 -1 -1 -1 -1 -1 -1 -1 -1 -1 -1 -1 -1 -1 -1 -1 -1 -1 -1 -1 -1 -1 -1 -1 -119 26 52 53 54 38 25 29 37
104 87 74 67 74 88 97 102 112 111 90 81 70 74 32 0 0 6 61 88 97 97 84 59 37 9 35 72 24 64 58 52 90 114 99 116 96 89 49 24 36 52 73 101 91 81 89 110 96 88 85 25 52 112 99 91 71 49 29 45 73 73 45 78 95 97 95 97 111 114 112 97 99 99 81 107 79 48 27 35 38 59 84 82 94 105 107 114 100 102 105 118 117 96 60 72 102 99 105 93 110 93 93 77 90 97 89 91 93 99 101 82 85 88 100 114 116 117 117 118 108 68 113 114 118 114 110 114 107 104 105 99 102 97 90 89 78 108 102 87 112 106 83 95 99 107 95 112 120 117 116 111 118 114 110 107 111 114 112 96 85 96 84 83 81 93 108 100 107 105 108 111 88 113 90 88 78 15 10 70 39 0 30 15 8 3 36 36 36 29 19 20 37 27 22 22 27 14 2 2 0 0 0 13 35 37 24 2 19 31 36 13 14 0 26 37 37 29 25 33 29 3 0 0 12 3 2 25 3 15 12 1 0 8 22 22 14 27 9 27 19 35 33 19 33 49 26 27 26 12 9 6 26 37 41 33 10 9 15 8 14 7 38 37 32 21 12 10 32 13 14 -61 7 36 30 24 12 13 31 0 0 18 27 14 22 20 0 29 29 10 0 21 26 0 0 2 36 37 38 38 37 25 1 35 0 14 26 3 1 33 37 39 15 -31 -11 -1 20 25 16 35 39 30 39 43 29 18 16 39 37 37 41 33 -101 -1 -1 -1 -1 -1 -1 -1 -1 -1 -1 -9 -128 -128 -128 -74 -1 -1 -1 -1 -1 -1 -1 -1 -1 -1 -1 -1 -1 -1 -1 -1 -1 -1 -1 -1 -1 -1 -1 -1 -1 -1 -1 -1 -1 -1 -1 -1 -1 -1 -1 -1 -1 -1 -9 -87 -86 -88 -126 -128 -1 -1 -1 -1 -1 -1 -1 -1 -1 -1 -1 -1 -1 -1 -1 -1 -1 -1 -1 -1 -1 -1 -1 -1 -1 -1 -1 -1 -1 -1 -1 -1 -1 -1 -1 -1 -1 -1 -1 -1 -1 -1 -1 -1 -1 -1 -1 -1 -1 -1 -1 -1 -1 -1 -1 -1 -1 -1 -1 -1 -1 -1 -1 -1 -1 -1 -1 -1 -1 -1 -1 -1 -1 -1 -1 -1 -1 -1 -1 -1 -1 -1 -1 -1 -1 -1 -1 -1 -1 -1 -1 -1 -1 -1 -1 -1 -1 -1 -1 -1 -1 -1 -1 -1 -1 -1 -1 -1 -1 -1 -86 0 43 56 55 56 41 31 30 35
90 81 73 83 108 105 105 104 118 107 95 97 105 113 85 53 82 0 18 45 76 79 36 0 0 1 0 10 0 6 47 61 99 82 84 108 79 70 53 22 49 83 87 78 77 66 84 82 74 65 72 19 37 74 79 76 55 26 32 65 83 85 60 72 94 110 114 112 111 112 105 111 85 88 89 67 50 35 25 32 35 42 68 83 101 114 108 107 111 116 87 91 91 77 84 88 89 108 111 97 107 88 102 90 100 84 93 93 88 106 107 104 94 83 91 95 105 106 112 104 111 33 72 106 100 105 117 111 61 90 107 100 97 94 79 84 85 104 100 74 83 99 105 110 101 96 100 112 114 117 110 110 108 106 105 112 107 104 107 105 91 83 81 83 83 88 93 84 95 88 93 110 94 95 88 81 65 1 0 10 9 0 48 14 0 12 18 36 37 37 16 20 38 22 9 1 14 9 1 0 0 25 27 22 36 37 35 24 13 8 32 31 26 27 37 38 37 37 38 32 18 6 3 0 0 0 13 9 8 8 9 8 14 13 10 14 24 14 9 20 15 0 4 10 21 33 16 18 16 1 20 0 12 20 29 27 15 3 2 9 14 18 29 22 0 0 0 0 0 0 8 -41 27 13 9 10 9 20 14 0 0 27 16 18 9 8 6 10 20 27 24 0 0 0 20 1 6 27 21 31 29 0 0 0 0 0 8 24 29 37 38 38 21 -1 -51 -1 0 21 26 49 68 54 42 21 26 21 25 31 29 35 36 22 -128 -12 -1 -1 -1 -1 -1 -1 -1 -1 -1 -64 -128 -97 -93 -60 -1 -1 -1 -1 -1 -1 -1 -1 -1 -1 -1 -1 -1 -1 -1 -1 -1 -1 -1 -1 -1 -1 -1 -1 -1 -1 -1 -1 -1 -1 -25 -32 -1 -1 -1 -1 -59 -86 0 13 0 0 -108 -128 -128 -128 -128 -1 -1 -1 -4 -1 -1 -1 -1 -1 -1 -1 -1 -1 -1 -1 -1 -1 -1 -1 -1 -1 -1 -1 -1 -1 -1 -1 -1 -1 -1 -1 -1 -1 -1 -1 -1 -1 -1 -1 -1 -1 -1 -1 -1 -1 -1 -1 -1 -1 -1 -1 -1 -1 -1 -1 -1 -1 -1 -1 -1 -1 -1 -1 -1 -1 -1 -1 -1 -1 -1 -1 -1 -1 -1 -1 -1 -1 -1 -1 -1 -1 -1 -1 -1 -1 -1 -1 -1 -1 -1 -1 -1 -1 -1 -1 -1 -1 -1 -1 -1 -1 -1 -1 -1 -1 -1 -97 0 25 45 48 50 59 50 37 29 20
83 87 87 99 110 88 79 91 91 110 108 108 99 85 102 97 82 20 0 0 30 9 0 0 64 0 0 0 10 0 25 59 54 60 85 108 67 33 29 22 42 82 90 74 60 55 70 72 59 55 43 15 14 37 39 42 21 15 31 52 84 85 74 77 94 111 101 101 102 85 83 79 60 62 64 52 54 35 22 25 33 39 65 82 104 112 112 102 108 110 85 78 89 95 101 100 95 113 113 114 107 106 105 97 106 110 93 111 113 108 112 114 106 93 99 96 94 93 94 100 94 93 96 76 83 100 114 116 106 106 106 97 101 93 106 106 87 88 101 117 110 96 108 89 101 94 97 104 114 111 101 111 104 99 96 101 101 110 112 107 97 84 79 83 83 79 78 67 64 70 85 102 112 88 78 59 60 38 0 0 0 8 72 32 13 0 9 0 15 21 0 21 24 18 9 1 21 0 13 9 31 41 37 19 37 37 32 21 29 3 33 25 36 38 37 37 33 14 29 35 22 4 15 7 0 18 21 18 12 8 10 13 1 0 0 7 24 10 0 6 9 35 22 8 21 8 7 21 18 16 24 15 29 18 15 22 2 0 0 0 6 3 33 16 0 24 29 -116 -79 8 24 25 8 7 3 14 21 29 15 0 10 29 31 7 7 8 0 3 9 16 30 10 0 14 19 0 0 0 0 0 0 19 36 37 32 37 36 36 37 36 38 35 30 -14 0 2 10 25 25 20 20 15 14 18 31 36 32 37 9 7 7 -106 -128 -1 -1 -1 -1 -1 -1 -1 -1 -1 -1 -1 -1 -1 -1 -1 -1 -1 -1 -1 -1 -1 -1 -1 -1 -1 -1 -1 -1 -1 -1 -1 -1 -1 -1 -1 -1 -1 -1 -1 -1 -1 -1 -56 -84 -1 -100 -8 -1 -1 -1 -73 0 27 50 38 0 0 0 -128 -60 -37 -1 -1 -1 -1 -12 -1 -1 -1 -1 -1 -1 -1 -1 -1 -1 -1 -1 -1 -1 -1 -1 -1 -1 -1 -1 -1 -1 -1 -1 -1 -1 -1 -1 -1 -1 -1 -1 -1 -1 -1 -1 -1 -1 -1 -1 -1 -1 -1 -1 -1 -1 -1 -1 -1 -1 -1 -1 -1 -1 -1 -1 -1 -1 -1 -1 -1 -1 -1 -1 -1 -1 -1 -1 -1 -1 -1 -1 -1 -1 -1 -1 -1 -1 -1 -1 -1 -1 -1 -1 -1 -1 -1 -1 -1 -1 -1 -1 -1 -1 -1 -1 -1 -1 -1 -1 -1 -114 6 27 19 32 29 39 64 55 32 25 12
95 111 107 99 106 82 101 88 78 96 82 94 88 93 114 111 87 52 24 13 0 0 8 14 82 30 3 38 36 0 18 25 50 96 107 81 36 13 10 21 35 52 66 94 61 41 54 71 71 54 35 10 0 22 24 16 12 20 36 49 82 88 85 84 85 100 112 113 114 96 61 49 39 37 38 38 33 33 24 19 31 37 67 97 102 106 112 107 111 112 90 82 105 99 108 116 104 105 106 110 112 99 100 96 104 113 108 101 108 90 96 110 113 93 113 113 113 104 89 94 108 114 114 108 82 105 110 113 107 82 85 68 89 93 106 105 97 88 100 110 112 112 110 106 100 100 102 104 107 110 112 114 113 99 82 91 99 110 119 116 101 82 84 81 84 79 79 68 53 67 79 89 100 82 82 66 39 18 24 22 4 43 83 43 15 14 18 4 0 0 0 0 0 12 27 32 32 7 25 36 36 39 38 33 37 37 36 35 35 18 22 27 36 36 36 27 0 0 16 10 13 27 26 1 0 10 14 18 16 15 12 7 0 0 6 8 18 8 19 20 20 38 18 30 13 0 15 29 3 31 26 33 15 4 10 14 4 12 1 8 0 8 29 1 -103 18 0 -91 0 30 -26 24 13 0 18 24 0 0 0 1 37 39 32 9 10 0 7 31 30 0 0 8 29 15 0 21 33 9 16 31 32 19 36 35 36 37 38 38 37 29 38 27 -26 22 29 33 31 30 36 24 16 4 26 32 36 37 8 8 -128 -128 0 -63 -106 -1 -1 -1 -1 -1 -1 -1 -1 -1 97 -1 -1 -1 -1 -1 -1 -1 -1 -1 -1 -1 -1 -1 -1 -1 -1 -1 -1 -1 -1 -1 -1 -1 -1 -1 -1 -1 -1 -1 -1 -1 -89 -114 -128 -64 -86 -25 -3 -28 -100 -126 26 65 70 18 9 24 2 -106 -1 -1 -1 -1 -1 -1 -1 -1 -1 -1 -1 -1 -1 -1 -1 -1 -1 -1 -1 -1 -1 -1 -1 -1 -1 -1 -1 -1 -1 -1 -1 -1 -1 -1 -1 -1 -1 -1 -1 -1 -1 -1 -1 -1 -1 -1 -1 -1 -1 -1 -1 -1 -1 -1 -1 -1 -1 -1 -1 -1 -1 -1 -1 -1 -1 -1 -1 -1 -1 -1 -1 -1 -1 -1 -1 -1 -1 -1 -1 -1 -1 -1 -1 -1 -1 -1 -1 -1 -1 -1 -1 -1 -1 -1 -1 -1 -1 -1 -1 -1 -1 -1 -1 -1 -1 -1 -81 -128 0 35 25 31 25 32 38 55 41 18 33 0
110 95 102 106 110 108 94 81 67 68 62 81 95 90 95 99 71 31 32 55 60 74 82 77 101 93 54 38 10 0 0 0 87 101 64 6 0 33 27 26 33 38 48 74 61 37 78 90 74 45 25 0 6 19 14 10 15 33 58 58 90 110 108 102 90 100 110 104 82 62 55 67 72 65 54 31 25 42 25 20 39 37 84 104 99 116 112 112 110 111 74 87 112 114 116 113 107 106 99 100 94 84 106 106 96 110 112 101 94 84 89 107 105 100 105 102 101 90 87 96 88 96 102 117 99 110 101 95 83 90 77 76 78 85 88 95 84 87 96 111 110 97 95 82 95 100 105 101 106 104 110 116 117 114 104 104 100 106 113 112 101 93 94 87 89 78 68 67 47 74 81 71 78 84 45 50 19 22 41 42 20 60 82 54 15 16 14 15 18 19 15 10 20 0 26 24 10 14 22 38 37 36 37 37 36 37 37 36 32 31 30 35 37 37 29 14 0 14 13 8 3 6 31 13 0 8 9 19 18 12 8 6 16 22 30 16 10 20 19 18 16 41 41 37 12 0 30 19 0 12 26 33 6 8 8 0 0 0 0 18 12 0 0 18 0 0 0 0 22 22 -2 32 36 30 0 0 0 0 0 26 39 39 38 35 36 13 4 37 12 0 0 0 31 27 0 9 32 24 4 22 38 35 27 37 41 36 37 37 37 27 33 0 4 35 39 30 27 30 22 20 8 15 19 35 38 36 0 -128 -22 -102 -128 -54 -1 -1 -1 -1 -1 -1 -1 -1 -1 -1 -1 -1 -1 -1 -1 -1 -1 -1 -1 -1 -1 -1 -1 -1 -1 -1 -1 -1 -1 -1 -1 -1 -1 -1 -1 -1 -1 -1 -1 -1 -1 -1 -128 13 3 0 -96 -128 -126 -120 0 22 26 70 56 24 19 20 -116 -75 -1 -1 -1 -1 -1 -1 -1 -1 -1 -1 -1 -1 -1 -1 -1 -1 -1 -1 -1 -1 -1 -1 -1 -1 -1 -1 -1 -1 -1 -1 -1 -1 -1 -1 -1 -1 -1 -1 -1 -1 -1 -1 -1 -1 -1 -1 -1 -1 -1 -1 -1 -1 -1 -1 -1 -1 -1 -1 -1 -1 -1 -1 -1 -1 -1 -1 -1 -1 -1 -1 -1 -1 -1 -1 -1 -1 -1 -1 -1 -1 -1 -1 -1 -1 -1 -1 -1 -1 -1 -1 -1 -1 -1 -1 -1 -1 -1 -1 -1 -1 -1 -1 -1 -1 -1 -115 -92 0 36 32 19 33 29 37 37 36 18 20 15 -125
105 106 112 111 91 93 83 68 53 59 61 84 100 94 84 70 38 44 70 96 102 93 111 108 104 77 74 49 32 56 1 29 77 42 0 0 0 60 56 43 45 38 35 37 32 39 76 90 74 43 25 0 14 14 19 20 21 27 38 52 97 113 102 111 106 111 116 97 73 83 89 102 102 96 45 21 20 33 20 31 39 59 84 85 111 105 102 112 108 111 101 112 110 108 108 105 102 97 78 64 82 85 91 96 93 83 91 112 116 112 105 105 106 102 101 95 83 84 85 87 88 88 102 100 89 88 83 83 87 87 89 85 84 83 85 85 87 95 99 107 106 105 70 96 97 100 101 100 96 100 108 116 110 112 81 90 107 102 107 113 106 96 84 83 78 76 71 48 47 73 77 55 56 50 32 14 20 24 41 52 35 71 87 55 27 14 15 14 6 12 16 10 8 14 0 0 10 8 0 10 32 36 37 36 37 36 36 38 0 0 1 25 33 31 14 14 31 26 0 0 9 3 25 15 0 0 10 10 15 12 9 8 8 35 33 8 20 19 7 20 8 21 30 19 12 25 24 4 9 19 36 32 0 4 0 0 0 0 0 0 0 0 13 26 0 -112 3 27 35 18 -1 -14 35 37 35 0 -87 0 0 33 26 38 38 37 38 10 0 25 16 4 12 22 38 19 16 8 4 13 26 16 18 38 37 37 38 35 33 38 31 1 0 14 33 38 33 27 9 6 29 24 13 26 29 19 30 33 -96 -1 -1 -1 -21 -1 -1 -1 -1 -1 -1 -1 -1 -1 -1 -1 -1 -1 -1 -1 -1 -1 -1 -1 -1 -1 -1 -1 -1 -1 -1 -1 -1 -1 -1 -1 -1 -1 -1 -1 -1 -1 -1 -1 -1 -1 -74 -121 0 37 19 39 27 21 49 58 36 36 65 70 39 48 26 25 0 -92 -120 -119 -4 -1 -4 -1 -1 -1 -1 -1 -1 -1 -1 -1 -1 -1 -1 -1 -1 -1 -1 -1 -1 -1 -1 -1 -1 -1 -1 -1 -1 -1 -1 -1 -1 -1 -1 -1 -1 -1 -1 -1 -1 -1 -1 -1 -1 -1 -1 -1 -1 -1 -1 -1 -1 -1 -1 -1 -1 -1 -1 -1 -1 -1 -1 -1 -1 -1 -1 -1 -1 -1 -1 -1 -1 -1 -1 -1 -1 -1 -1 -1 -1 -1 -1 -1 -1 -1 -1 -1 -1 -1 -1 -1 -1 -1 -1 -1 -1 -1 -1 -1 -1 -1 -97 3 35 19 20 14 24 32 35 33 30 15 26 35 0 -77
118 114 96 100 81 65 58 70 66 78 93 95 114 113 87 53 37 49 87 107 105 105 111 106 104 104 82 39 56 99 38 0 12 0 19 19 0 21 36 60 90 56 35 13 20 18 35 42 56 44 25 0 14 27 15 16 22 21 43 65 84 107 95 108 116 116 107 100 79 111 90 77 85 72 21 15 18 19 21 48 50 56 76 101 113 99 102 104 110 105 107 114 113 102 100 90 84 76 27 0 54 68 87 88 85 88 88 95 107 106 108 114 116 113 105 90 83 78 79 64 70 72 88 89 83 74 77 85 83 96 105 94 100 95 84 85 97 95 94 94 95 104 67 83 93 102 105 102 91 102 105 110 110 112 110 113 118 99 107 107 100 82 82 76 67 64 65 45 48 60 70 54 27 19 19 29 45 31 25 31 53 61 64 54 27 10 16 6 2 18 19 27 27 29 30 33 36 41 32 15 0 12 31 37 39 39 36 35 0 31 39 33 0 22 16 26 38 32 12 18 19 19 7 25 22 0 20 13 13 22 15 3 16 27 32 32 20 7 6 22 30 24 13 1 8 0 12 6 19 20 31 0 0 0 0 15 24 32 0 19 30 10 19 10 0 -128 26 0 37 18 -1 -1 16 36 38 0 0 0 30 38 0 35 32 14 14 16 15 15 12 0 18 38 42 30 27 14 25 0 21 12 0 18 19 33 36 41 38 21 0 20 35 38 42 39 22 25 0 18 24 16 10 18 18 9 12 15 -74 -1 -1 -1 -1 -1 -1 -1 -1 -1 -1 -1 -1 -1 -1 -1 -1 -1 -1 -1 -1 -1 -1 -1 -1 -1 -1 -1 -1 -1 -1 -1 -1 -1 -1 -1 -1 -1 -1 -1 -1 -1 -1 -1 -77 -128 0 14 18 52 50 59 58 37 52 91 76 71 84 67 68 85 60 19 16 0 -124 -35 -1 -1 -1 -1 -1 -1 -1 -1 -1 -1 -1 -1 -1 -1 -1 -1 -1 -1 -1 -1 -1 -1 -1 -1 -1 -1 -1 -1 -1 -1 -1 -1 -1 -1 -1 -1 -1 -1 -1 -1 -1 -1 -1 -1 -1 -1 -1 -1 -1 -1 -1 -1 -1 -1 -1 -1 -1 -1 -1 -1 -1 -1 -1 -1 -1 -1 -1 -1 -1 -1 -1 -1 -1 -1 -1 -1 -1 -1 -1 -1 -1 -1 -1 -1 -1 -1 -1 -1 -1 -1 -1 -1 -1 -1 -1 -1 -1 -1 -1 -1 -68 -128 0 26 15 19 26 31 32 32 31 27 18 21 33 37 0 -34
112 107 82 83 72 76 66 78 83 88 104 91 90 90 62 41 37 53 84 105 116 106 111 108 112 111 77 43 82 113 88 22 0 10 38 24 0 4 55 90 108 89 43 19 29 16 14 18 27 22 24 0 0 20 19 8 18 25 39 52 73 108 93 94 97 89 105 97 104 102 64 44 39 26 16 29 44 42 48 71 49 78 105 112 111 100 112 105 99 102 99 104 97 95 97 94 62 10 42 8 7 59 82 93 96 93 94 108 117 117 114 118 116 111 110 104 102 84 84 83 77 67 81 82 93 89 84 74 90 112 113 101 106 105 94 97 94 95 97 97 99 100 85 99 97 99 99 94 88 100 105 111 110 82 58 111 120 114 111 102 100 90 88 66 70 54 48 42 38 55 62 42 15 14 14 38 67 48 26 35 38 44 66 61 35 29 19 4 3 6 13 25 31 33 37 37 32 16 29 32 29 0 0 0 0 9 4 13 32 33 35 16 12 9 24 35 32 24 14 7 21 13 0 15 13 0 14 16 24 22 13 10 20 29 25 20 13 7 19 15 19 12 14 25 2 12 31 18 14 24 32 30 29 20 26 1 12 22 10 9 31 10 18 4 -128 -103 15 0 12 16 -1 -1 0 3 4 0 0 29 35 37 0 38 27 0 4 21 19 18 3 3 33 38 36 36 25 14 10 27 33 25 12 30 16 9 22 31 31 27 8 33 37 37 32 26 12 12 0 37 27 19 0 -120 -107 -116 0 0 -128 -1 -1 -1 -1 -1 -1 -1 -1 -1 -1 -1 -1 -1 -1 -1 -1 -1 -1 -1 -1 -1 -1 -1 -1 -1 -1 -1 -1 -11 -122 -8 -3 -1 -1 -1 -1 -1 -1 -1 -1 -3 -41 -1 -56 -114 14 33 70 91 105 94 102 72 74 104 107 108 97 87 105 108 73 29 45 32 3 -116 -1 -1 -1 -1 -1 -1 -1 -1 -1 -1 -1 -1 -1 -1 -1 -1 -1 -1 -1 -1 -1 -1 -1 -1 -1 -1 -1 -1 -1 -1 -1 -1 -1 -1 -1 -1 -1 -1 -1 -1 -1 -1 -1 -1 -1 -1 -1 -1 -1 -1 -1 -1 -1 -1 -1 -1 -1 -1 -1 -1 -1 -1 -1 -1 -1 -1 -1 -1 -1 -1 -1 -1 -1 -1 -1 -1 -1 -1 -1 -1 -1 -1 -1 -1 -1 -1 -1 -1 -1 -1 -1 -1 -1 -1 -1 -1 -11 -128 -121 -86 -96 10 22 12 24 30 33 38 35 27 15 16 24 16 30 35 0 -7
99 88 60 84 83 77 68 76 94 79 99 96 102 79 39 39 48 66 90 117 101 100 107 118 99 97 64 64 101 102 88 54 8 43 70 35 6 0 47 56 71 45 30 33 58 39 19 14 24 25 21 6 9 39 35 27 22 33 44 55 89 110 91 85 78 100 107 112 107 83 42 14 14 15 22 52 87 101 82 54 62 100 104 90 104 118 117 108 106 102 100 94 83 87 84 85 90 89 94 48 58 93 85 95 88 91 102 106 117 110 106 108 105 107 111 112 101 93 94 101 94 83 76 79 90 84 74 78 89 100 107 102 102 104 102 104 102 101 104 100 96 104 68 102 99 94 87 79 89 91 97 100 108 111 90 108 111 110 108 96 94 101 85 64 49 42 36 36 35 41 43 14 15 18 19 45 72 59 27 36 31 39 55 52 35 29 25 6 4 20 27 33 20 4 31 10 0 24 10 27 31 26 25 22 13 0 0 0 24 10 0 22 12 9 20 19 29 16 15 1 15 3 21 30 0 0 29 16 15 16 20 14 31 15 19 12 13 13 22 32 35 24 29 35 15 27 32 0 1 36 38 27 20 19 26 1 4 0 13 1 1 22 2 9 -128 -108 19 -97 -91 -111 -100 -101 -83 0 0 0 13 31 0 37 33 42 36 22 0 30 39 2 0 18 33 18 16 33 29 27 18 19 22 22 18 15 20 7 18 36 22 33 37 32 24 21 6 8 15 12 6 36 14 0 -114 -36 -2 -1 -79 -100 -128 -1 -1 -1 -1 -1 -1 -1 -1 -1 -1 -1 -1 -1 -1 -1 -1 -1 -1 -1 -1 -1 -1 -1 -1 -1 -1 -1 94 -39 -111 -21 -126 -1 -1 -1 -1 -1 -1 -1 -21 -128 -108 -128 0 9 22 52 84 114 114 114 113 105 95 107 108 107 110 114 111 108 71 71 45 24 0 -86 -1 -1 -1 -1 -1 -1 -1 -1 -1 -1 -1 -1 -1 -1 -1 -1 -1 -1 -1 -1 -1 -1 -1 -1 -1 -1 -1 -1 -1 -1 -1 -1 -1 -1 -1 -1 -1 -1 -1 -1 -1 -1 -1 -1 -1 -1 -1 -1 -1 -1 -1 -1 -1 -1 -1 -1 -1 -1 -1 -1 -1 -1 -1 -1 -1 -1 -1 -1 -1 -1 -1 -1 -1 -1 -1 -1 -1 -1 -1 -1 -1 -1 -1 -1 -1 -1 -1 -1 -1 -1 -1 -1 -1 -1 -1 -23 -111 0 0 0 19 16 18 25 41 44 45 45 35 19 12 18 21 20 36 36 0 -7
91 61 77 85 83 77 71 81 96 74 97 89 90 54 42 68 89 101 105 112 105 108 97 102 106 97 62 88 117 87 49 18 39 65 43 24 45 35 0 0 0 0 0 15 81 70 27 14 32 37 37 1 24 19 38 55 58 54 78 72 90 104 79 60 88 93 85 88 85 45 21 13 27 49 48 81 111 105 81 50 90 111 95 88 100 110 113 108 111 114 113 114 102 108 104 105 104 99 91 82 74 93 94 83 81 94 105 106 95 94 84 90 99 105 114 116 87 114 99 73 97 105 90 79 77 79 81 77 107 112 114 104 111 101 108 108 104 107 104 100 101 105 100 107 105 99 81 94 97 96 97 102 104 112 94 81 76 85 89 79 83 79 76 59 55 41 32 29 24 26 15 13 20 35 33 52 59 53 35 37 53 54 39 37 30 20 16 13 10 12 21 27 7 2 9 10 9 14 10 12 14 47 50 37 41 14 1 8 33 26 29 35 32 20 22 24 21 18 19 26 36 24 16 0 0 12 6 27 29 14 16 33 27 26 22 16 24 16 21 26 33 16 42 32 14 16 35 26 24 31 20 3 12 13 31 25 4 1 8 20 22 36 25 0 -121 -128 20 0 -121 -128 -44 -40 0 37 38 37 41 26 -128 29 39 38 35 30 0 35 39 20 14 14 0 15 22 15 0 13 15 15 29 38 26 27 32 25 12 6 18 37 36 36 27 12 1 14 13 31 30 29 16 -128 -1 -28 -4 -1 -1 -116 -116 -9 -1 -1 -1 -1 -1 -1 -1 -1 -1 -1 -1 -1 -1 -1 -1 -1 -1 -1 -1 -1 -1 -1 -1 -1 -1 -36 -74 -40 -92 -128 -102 -60 -1 -6 -86 -65 -70 -110 0 0 10 15 29 54 74 90 112 113 104 107 94 107 112 114 107 85 88 99 91 105 97 78 42 13 -124 -1 -1 -1 -1 -1 -1 -1 -1 -1 -1 -1 -1 -1 -1 -1 -1 -1 -1 -1 -1 -1 -1 -1 -1 -1 -1 -1 -1 -1 -1 -1 -1 -1 -1 -1 -1 -1 -1 -1 -1 -1 -1 -1 -1 -1 -1 -1 -1 -1 -1 -1 -1 -1 -1 -1 -1 -1 -1 -1 -1 -1 -1 -1 -1 -1 -1 -1 -1 -1 -1 -1 -1 -1 -1 -1 -1 -1 -1 -1 -1 -1 -1 -1 -1 -1 -1 -1 -1 -1 -1 -1 -1 -1 -1 -1 -25 -128 0 38 37 21 15 21 32 48 61 61 53 53 38 24 22 36 37 20 33 33 -117 -12
82 78 85 90 94 89 81 96 99 85 88 97 71 48 45 85 110 104 108 106 97 106 104 89 87 82 97 114 100 62 27 22 74 68 37 31 36 72 83 54 21 54 16 0 53 20 19 9 16 31 37 7 15 16 45 87 102 91 84 106 110 99 61 81 91 95 71 66 41 20 12 26 61 107 79 77 111 102 68 53 71 91 99 105 100 104 116 112 116 108 99 105 107 117 117 111 111 112 102 81 68 64 73 66 73 84 85 79 82 79 88 100 105 94 108 108 67 99 90 99 79 97 90 100 90 77 68 76 89 90 107 105 106 110 100 100 105 112 102 71 93 104 104 104 102 82 94 95 87 101 93 100 104 102 82 65 53 54 68 61 67 77 72 68 47 35 33 19 15 10 19 21 29 65 56 54 52 42 39 56 77 64 59 50 59 47 27 18 14 9 0 14 0 9 20 26 26 15 24 32 45 52 32 19 14 14 0 30 35 36 32 35 24 10 20 20 14 18 33 10 36 27 12 4 0 16 16 35 33 20 32 7 21 20 15 12 29 21 10 19 36 22 31 14 29 26 31 21 8 13 15 19 10 18 2 0 7 7 9 18 13 26 0 -128 -128 -77 -122 0 24 -93 -1 -1 0 39 36 37 37 12 -128 22 35 42 35 32 0 21 36 33 29 31 3 0 42 22 19 32 29 18 30 44 49 42 31 19 6 1 35 36 33 27 30 20 16 0 0 16 33 36 0 -128 -1 -1 -1 -1 -1 -53 -128 -128 -20 -1 -1 -1 -1 -1 -1 -1 -1 -1 -1 -1 -1 -1 -1 -1 -1 -1 -1 -1 -1 -1 -1 -1 -1 -91 -128 -96 -121 -128 10 0 -128 -128 0 0 0 9 10 30 29 27 50 85 107 110 110 114 99 89 87 88 85 102 101 85 76 74 88 113 111 105 81 30 -128 -1 -1 -1 -1 -1 -1 -1 -1 -1 -1 -1 -1 -1 -1 -1 -1 -1 -1 -1 -1 -1 -1 -1 -1 -1 -1 -1 -1 -1 -1 -1 -1 -1 -1 -1 -1 -1 -1 -1 -1 -1 -1 -1 -1 -1 -1 -1 -1 -1 -1 -1 -1 -1 -1 -1 -1 -1 -1 -1 -1 -1 -1 -1 -1 -1 -1 -1 -1 -1 -1 -1 -1 -1 -1 -1 -1 -1 -1 -1 -1 -1 -1 -1 -1 -1 -1 -1 -1 -1 -1 -1 -1 -1 -1 -1 -121 0 37 38 22 12 20 39 59 79 88 88 71 61 42 41 45 59 49 18 30 0 -106 -1
84 64 74 84 101 93 101 113 105 96 79 84 67 41 52 76 87 81 108 106 111 107 105 97 104 107 110 94 78 58 48 29 61 41 37 38 39 56 78 56 33 72 0 9 0 0 0 0 0 0 14 0 19 15 48 108 104 101 107 108 96 78 84 97 100 56 33 27 13 9 12 35 83 99 85 91 108 78 61 49 55 71 82 87 91 112 114 117 120 104 105 116 114 112 112 111 110 107 90 78 66 62 60 68 65 67 48 61 77 87 100 116 83 83 102 104 90 96 90 102 101 106 88 106 112 95 74 70 73 82 94 99 95 101 91 53 99 107 102 99 95 105 101 99 99 96 101 96 77 99 95 100 102 83 77 48 41 39 48 45 54 83 79 52 36 41 31 9 9 21 50 43 33 71 70 71 49 55 60 73 62 81 70 73 62 52 31 27 25 29 32 21 30 39 44 38 30 35 49 45 72 59 38 26 16 0 0 13 35 31 12 22 22 15 12 19 33 35 35 2 36 33 13 8 0 15 16 27 33 22 19 0 0 24 20 26 21 18 14 18 30 30 18 20 22 31 1 27 4 6 25 18 19 19 0 0 22 19 19 10 1 0 -128 -45 -34 -59 -114 0 -121 -114 -1 -2 0 26 22 38 36 7 -87 -119 22 39 36 7 0 32 54 49 39 42 14 0 27 24 21 29 25 25 42 54 53 38 25 24 24 10 37 38 25 9 10 1 19 0 6 10 31 35 0 -125 -1 -74 -126 -1 -1 -1 -68 -128 -16 -88 -36 -1 -1 -1 -1 -1 -1 -1 -1 -1 -1 -1 -1 -1 -1 -1 -1 -1 -1 -1 -1 -1 -1 -1 -1 -1 -9 -128 18 24 8 1 18 7 21 22 32 38 29 18 55 94 91 78 89 116 102 85 82 79 95 104 105 107 96 72 88 96 89 90 84 25 -128 -1 -1 -1 -1 -1 -1 -1 -1 -1 -1 -1 -1 -1 -1 -1 -1 -1 -1 -1 -1 -1 -1 -1 -1 -1 -1 -1 -1 -1 -1 -1 -1 -1 -1 -1 -1 -1 -1 -1 -1 -1 -1 -1 -1 -1 -1 -1 -1 -1 -1 -1 -1 -1 -1 -1 -1 -1 -1 -1 -1 -1 -1 -1 -1 -1 -1 -1 -1 -1 -1 -1 -1 -1 -1 -1 -1 -1 -1 -1 -1 -1 -1 -1 -1 -1 -1 -1 -1 -1 -1 -1 -1 -1 -1 -92 0 14 30 37 15 13 31 52 81 101 104 88 82 66 59 72 62 49 38 16 0 -128 -32 -1
76 61 76 83 102 90 87 101 105 90 73 53 47 59 89 94 100 106 107 101 101 101 108 112 101 105 74 60 37 38 38 22 33 45 52 59 59 56 45 37 37 60 56 0 0 0 0 45 66 20 0 10 15 24 81 113 97 94 99 90 84 97 99 73 56 26 16 13 18 20 31 48 95 97 97 112 104 77 55 47 49 60 58 74 97 110 106 112 108 93 90 108 118 106 97 110 112 100 84 78 73 77 79 73 67 62 67 50 60 81 101 111 79 101 99 84 73 76 68 76 59 47 44 48 39 37 33 59 66 70 72 81 81 84 93 90 96 100 95 93 94 97 99 89 94 95 93 95 93 96 93 97 82 70 48 44 36 32 36 37 53 67 79 44 25 22 12 19 29 29 62 61 35 64 71 60 54 55 59 52 73 66 50 45 35 39 44 48 60 42 50 62 72 67 53 43 48 74 60 49 65 56 41 16 29 0 8 10 20 29 20 21 16 24 36 35 37 36 35 32 25 24 12 6 0 0 31 38 35 20 20 14 -128 0 0 31 24 16 22 12 31 31 18 9 25 4 12 31 9 21 26 18 8 19 14 24 33 18 13 2 0 -120 -58 -1 -1 -41 -96 -97 -88 -36 -1 -7 0 35 33 33 38 0 -49 -100 0 14 0 -98 6 31 33 32 26 15 6 1 19 30 35 43 33 36 49 52 45 35 30 26 14 24 31 38 35 1 0 14 21 0 18 13 7 20 0 -64 -1 -128 -105 -1 -1 -1 -1 -1 -1 -30 -103 -40 -1 -1 -1 -1 -1 -1 -1 -1 -1 -1 -1 -1 -1 -1 -1 -1 -1 -1 -1 -1 -1 -1 -1 -17 -128 -96 19 20 10 1 18 19 27 31 20 10 14 18 50 74 74 50 71 116 100 95 101 96 94 73 67 89 105 88 101 95 72 41 22 0 -107 -1 -1 -1 -1 -1 -1 -1 -1 -1 -1 -1 -1 -1 -1 -1 -1 -1 -1 -1 -1 -1 -1 -1 -1 -1 -1 -1 -1 -1 -1 -1 -1 -1 -1 -1 -1 -1 -1 -1 -1 -1 -1 -1 -1 -1 -1 -1 -1 -1 -1 -1 -1 -1 -1 -1 -1 -1 -1 -1 -1 -1 -1 -1 -1 -1 -1 -1 -1 -1 -1 -1 -1 -1 -1 -1 -1 -1 -1 -1 -1 -1 -1 -1 -1 -1 -1 -1 -1 -1 -1 -1 -1 -1 -25 0 31 49 22 26 16 15 33 61 82 104 105 100 90 78 85 90 50 31 15 19 -106 -16 -1 -1
97 59 77 99 108 89 89 91 90 64 44 48 81 107 114 110 94 94 111 101 93 96 94 87 73 61 39 38 36 31 27 31 41 66 81 88 78 59 35 49 60 62 65 27 35 0 0 53 110 49 0 15 2 35 84 99 94 105 84 88 79 94 90 53 27 16 15 22 44 60 76 91 110 100 91 105 79 65 49 44 47 61 74 85 107 95 87 101 112 95 93 100 111 100 105 105 99 84 81 77 83 82 83 81 83 89 84 70 47 55 64 76 73 76 82 78 72 68 66 61 35 12 26 45 64 59 66 85 81 71 61 74 71 73 79 82 81 79 79 82 87 93 84 79 88 81 73 85 94 90 93 102 94 82 36 10 31 27 32 26 25 36 44 26 12 12 24 43 45 29 50 73 35 58 64 59 55 52 38 38 55 36 24 20 25 37 52 64 71 66 65 81 91 65 42 52 66 64 50 27 33 31 19 24 14 0 19 33 22 29 30 22 29 39 38 37 35 26 25 36 36 32 27 33 27 0 10 26 21 19 12 22 0 -128 -128 -84 8 24 20 18 27 14 16 30 16 19 2 30 24 29 36 20 15 18 18 22 9 0 -119 -128 -119 -86 -1 -56 -1 -58 -111 -102 -102 -1 -1 -13 0 12 0 -114 20 -106 -31 0 35 39 18 0 3 13 3 22 16 0 21 26 31 20 36 49 47 38 45 41 36 31 30 14 12 15 36 30 22 8 22 31 31 8 18 12 10 33 0 -128 -68 -128 -128 -26 96 -1 -1 -1 -75 -128 -126 -58 -1 -1 -1 -1 -1 -1 -1 -1 -1 -1 -7 -1 -1 -1 -1 -1 -1 -1 -1 -1 -1 -1 -1 -12 -18 -122 13 32 24 50 59 66 54 29 6 0 18 19 26 29 16 9 54 70 45 77 116 100 65 41 29 55 79 72 61 65 71 50 7 -107 -1 -1 -1 -1 -1 -1 -1 -1 -1 -1 -1 -1 -1 -1 -1 -1 -1 -1 -1 -1 -1 -1 -1 -1 -1 -1 -1 -1 -1 -1 -1 -1 -1 -1 -1 -1 -1 -1 -1 -1 -1 -1 -1 -1 -1 -1 -1 -1 -1 -1 -1 -1 -1 -1 -1 -1 -1 -1 -1 -1 -1 -1 -1 -1 -1 -1 -1 -1 -1 -1 -1 -1 -1 -1 -1 -1 -1 -1 -1 -1 -1 -1 -1 -1 -1 -1 -1 -1 -1 -1 -1 -1 -1 -1 -102 16 38 56 39 25 15 14 33 60 79 104 100 95 91 91 100 82 38 12 21 0 -42 -1 -1 -1
94 72 81 91 112 91 83 91 73 49 50 91 110 99 106 89 93 111 118 108 105 96 78 66 48 38 43 56 53 27 37 53 71 93 102 110 94 52 9 74 91 59 37 30 32 55 49 89 97 33 6 6 0 20 44 84 82 96 108 89 88 73 44 27 18 18 27 47 76 78 106 113 99 97 82 81 67 58 52 53 52 55 79 97 89 79 83 90 112 104 102 106 105 97 101 100 89 84 79 83 84 90 90 84 94 111 91 68 45 39 39 44 41 52 81 78 77 85 81 72 81 61 77 96 82 76 96 113 96 79 78 79 83 77 76 81 83 76 87 87 88 83 53 22 44 71 59 84 90 91 91 101 87 68 7 20 38 39 33 21 13 15 15 12 12 25 50 60 50 37 56 70 38 66 60 60 52 48 39 42 36 31 32 21 42 36 41 47 74 81 81 77 73 36 26 45 43 39 27 6 13 14 20 37 7 9 33 37 38 37 38 37 37 39 38 37 37 31 33 38 37 37 38 37 27 15 0 16 15 16 35 38 36 7 -128 -128 0 37 37 19 25 20 21 22 16 21 15 0 19 25 30 16 4 6 13 8 0 -108 -11 -18 -1 -1 -1 54 44 -77 29 16 -96 -1 -1 -17 0 13 0 -64 -106 -115 -6 -117 32 41 0 0 21 20 20 33 16 14 15 15 27 13 29 36 20 21 36 38 37 32 0 4 22 36 38 13 8 22 16 27 29 7 10 14 19 39 22 -112 -31 -128 -128 -1 -1 -1 -1 -4 -128 0 -128 -30 -1 -1 -1 -1 -1 -1 -1 -72 -55 -121 -128 -21 -1 -1 -1 -1 -1 -1 -1 -1 -1 -1 -1 -1 -1 -84 0 15 27 74 65 41 18 0 0 20 60 50 49 29 31 53 97 107 77 105 110 74 39 19 0 29 49 47 19 37 76 54 12 -128 -1 -1 -1 -1 -1 -1 -1 -1 -1 -1 -28 -1 -1 -1 -1 -1 -1 -1 -1 -1 -1 -1 -1 -1 -1 -1 -1 -1 -1 -1 -1 -1 -1 -1 -1 -1 -1 -1 -1 -1 -1 -1 -1 -1 -1 -1 -1 -1 -1 -1 -1 -1 -1 -1 -1 -1 -1 -1 -1 -1 -1 -1 -1 -1 -1 -1 -1 -1 -1 -1 -1 -1 -1 -1 -1 -1 -1 -1 -1 -1 -1 -1 -1 -1 -1 -1 -1 -1 -1 -1 -1 -1 -1 -64 0 26 25 53 47 31 29 29 36 67 90 91 78 74 88 111 94 55 19 12 0 -92 -1 -1 -1 -1
89 87 94 94 102 96 91 73 58 52 65 67 83 91 91 82 111 91 110 110 95 79 68 49 39 45 66 90 90 55 45 81 105 108 105 108 85 50 41 78 78 65 38 32 43 88 107 97 54 15 7 0 1 3 24 53 58 88 105 96 89 70 36 16 21 29 49 82 104 110 118 94 79 97 77 62 58 54 67 73 60 55 81 83 73 79 95 96 96 110 111 116 105 96 101 89 81 83 79 82 82 79 101 102 110 105 83 67 62 65 53 42 42 42 74 81 104 112 106 101 88 64 73 94 105 61 95 120 102 84 81 87 94 89 76 72 84 77 76 79 78 61 45 38 83 81 53 83 68 77 89 101 94 67 31 62 53 68 50 21 27 21 13 1 25 62 74 60 39 47 58 71 68 76 66 59 53 73 71 48 29 41 32 20 27 29 25 38 53 71 76 47 36 31 30 43 32 25 20 16 3 15 32 37 9 22 35 37 35 37 37 36 36 37 38 38 37 38 29 6 29 21 36 37 20 0 10 25 13 29 37 37 37 35 2 -97 -106 26 33 3 30 0 10 14 13 20 10 31 10 12 12 19 -110 -115 -97 -128 -128 -31 -1 -1 -1 -1 -1 -1 -11 -75 29 8 -75 -1 -1 -23 0 25 0 -111 -92 -32 -1 -69 13 37 1 0 20 29 32 20 19 21 0 29 32 14 0 15 41 37 41 38 38 36 27 9 25 38 37 16 0 19 12 26 32 3 0 32 33 0 -128 -115 -70 -89 -128 -128 -23 -1 -1 -1 -108 0 0 -18 -1 -1 -1 -1 -1 -1 -82 -116 0 2 0 -78 -1 -11 -1 -1 -1 -1 -1 -1 -1 -1 -1 -20 -73 -96 -128 0 10 25 7 13 8 0 36 74 89 49 26 16 16 54 100 110 111 100 99 72 36 13 0 9 21 21 0 25 35 15 3 -115 -35 -1 -1 -1 -1 -1 -1 -1 -1 -1 -7 -1 -1 -1 -1 -1 -1 -1 -1 -1 -1 -1 -1 -1 -1 -1 -1 -1 -1 -1 -1 -1 -1 -1 -1 -1 -1 -1 -1 -1 -1 -1 -1 -1 -1 -1 -1 -1 -1 -1 -1 -1 -1 -1 -1 -1 -1 -1 -1 -1 -1 -1 -1 -1 -1 -1 -1 -1 -1 -1 -1 -1 -1 -1 -1 -1 -1 -1 -1 -1 -1 -1 -1 -1 -1 -1 -1 -1 -1 -1 -1 -1 -1 -103 24 26 35 60 50 37 31 35 38 65 97 99 77 60 85 94 64 33 0 0 -79 -1 -1 -1 -1 -1
99 94 95 104 96 85 66 59 74 95 104 84 110 114 116 118 105 76 100 110 88 71 56 42 49 64 88 101 88 62 50 68 85 105 110 95 70 41 38 41 39 44 49 59 65 81 82 37 18 26 19 0 3 4 0 15 32 60 79 68 70 50 25 22 22 55 95 108 97 93 93 89 89 78 64 59 56 59 83 91 77 59 70 67 76 64 104 106 94 113 106 107 102 77 83 83 62 79 81 83 84 82 107 112 106 85 83 79 83 93 90 77 61 47 50 71 96 105 108 107 112 88 53 71 108 93 81 114 83 84 88 83 94 95 77 89 76 81 82 84 83 0 45 59 89 90 71 72 78 81 87 91 82 64 50 68 56 71 61 39 27 13 14 19 39 78 70 66 65 65 56 59 77 78 79 73 43 62 60 35 21 29 25 16 21 16 18 30 36 44 18 14 22 22 15 31 31 26 16 22 6 33 33 38 25 8 37 37 29 37 37 41 42 39 36 36 37 33 21 18 7 15 19 0 0 15 39 35 21 30 37 37 37 38 33 0 -87 0 33 1 14 12 22 27 15 20 21 18 6 22 0 -128 -68 -1 -1 -16 -14 -1 -1 -1 -1 -1 -1 -1 -1 -89 -102 -114 -61 -1 -1 -25 -125 -114 0 0 1 0 -72 -4 -117 -87 0 31 26 19 9 16 29 0 21 16 33 15 0 15 43 43 38 29 29 27 14 15 14 25 26 10 9 9 15 18 27 14 9 30 0 -128 -77 -53 -37 -81 -58 -128 -1 -37 -1 -1 -73 0 -116 -1 -1 -1 -73 -93 -75 -121 -111 16 25 26 13 0 -119 -128 -22 -1 -1 -1 -1 -1 -1 -1 -1 -108 0 0 -128 -128 -107 0 0 0 0 16 19 33 49 18 16 15 15 25 44 96 111 93 81 50 18 2 0 14 9 6 10 13 24 8 -128 -82 -58 -1 -1 -1 -1 -1 -1 -1 -1 -1 -1 -1 -1 -1 -1 -1 -1 -1 -1 -1 -1 -1 -1 -1 -1 -1 -1 -1 -1 -1 -1 -1 -1 -1 -1 -1 -1 -1 -1 -1 -1 -1 -1 -1 -1 -1 -1 -1 -1 -1 -1 -1 -1 -1 -1 -1 -1 -1 -1 -1 -1 -1 -1 -1 -1 -1 -1 -1 -1 -1 -1 -1 -1 -1 -1 -1 -1 -1 -1 -1 -1 -1 -1 -1 -1 -1 -1 -1 -1 -1 -1 -1 -27 0 35 26 29 66 76 58 35 33 41 61 88 84 53 54 81 71 41 0 -101 -14 -1 -1 -1 -1 -1 -1
102 108 102 100 78 67 61 74 111 108 106 107 114 100 111 99 97 81 84 91 79 62 50 56 72 84 102 89 72 50 43 55 68 82 74 52 35 26 18 13 16 21 38 67 53 33 30 18 30 27 7 15 26 21 7 0 6 20 41 43 15 0 30 31 19 71 116 97 91 104 88 77 74 61 58 55 56 67 90 90 81 66 60 60 68 91 99 43 94 95 96 107 99 89 88 79 82 82 74 93 95 94 107 104 106 106 77 97 104 111 112 108 99 79 55 39 53 88 84 87 107 94 67 66 100 107 89 97 95 102 96 83 84 90 82 67 77 68 78 79 78 47 56 70 81 87 59 79 82 79 82 83 73 56 50 50 59 60 71 50 30 10 24 48 64 78 64 67 52 53 48 55 71 48 82 58 27 39 32 13 13 14 12 18 24 24 21 0 24 22 6 2 21 30 22 27 22 15 22 27 33 38 38 37 36 8 24 38 33 38 38 9 3 27 32 26 0 18 29 20 12 4 18 -100 -112 29 22 15 22 38 37 37 37 37 32 35 -102 -101 29 0 25 33 31 29 13 18 29 21 15 38 0 -101 -56 -1 -1 -1 -1 -1 -1 -1 -1 -1 -1 -1 -1 -1 -1 -1 -1 -1 -1 -28 0 22 2 -112 -128 8 -97 -1 -1 -65 0 30 26 14 8 1 33 0 0 25 8 10 25 21 30 27 31 32 20 13 16 30 13 0 0 0 0 14 7 13 25 33 21 0 -128 -58 -1 -1 -12 -11 -1 -1 -44 -128 -45 -1 -1 -116 -107 -1 -1 -50 -122 3 0 0 30 21 45 53 31 7 12 -103 -17 -1 -1 -1 -26 -1 -1 -3 -121 3 9 22 21 0 0 -128 -128 -128 0 0 13 18 8 19 18 22 21 4 33 83 84 71 53 38 20 1 3 0 0 0 8 19 20 19 -115 -4 -1 101 -1 -1 -1 -1 -1 -1 -1 -1 -1 -1 -1 -1 -1 -1 -1 -1 -1 -1 -1 -1 -1 -1 -1 -1 -1 -1 -1 -1 -1 -1 -1 -1 -1 -1 -1 -1 -1 -1 -1 -1 -1 -1 -1 -1 -1 -1 -1 -1 -1 -1 -1 -1 -1 -1 -1 -1 -1 -1 -1 -1 -1 -1 -1 -1 -1 -1 -1 -1 -1 -1 -1 -1 -1 -1 -1 -1 -1 -1 -1 -1 -1 -1 -1 -1 -1 -1 -1 -1 -1 -1 -128 20 37 29 20 52 82 58 39 37 52 60 60 54 45 45 59 41 12 -115 -1 -1 -1 -1 -1 -1 -1 -1
96 105 99 78 68 66 82 87 93 106 107 102 89 76 79 76 70 94 99 85 72 58 65 79 99 106 89 81 56 47 38 32 47 43 39 27 19 12 19 15 14 6 26 29 25 15 25 31 22 13 26 33 26 20 26 19 0 0 21 12 0 0 25 19 18 55 106 90 93 81 33 70 79 58 56 58 67 74 82 85 82 72 61 73 77 85 91 71 94 93 82 97 89 88 83 81 88 83 84 106 104 70 88 99 100 100 84 87 106 94 84 85 105 102 87 52 33 45 64 67 72 55 43 70 102 95 87 110 99 93 100 78 83 94 85 82 73 78 77 70 65 68 53 61 61 74 41 79 90 88 78 78 78 36 55 42 55 53 41 32 19 8 56 77 81 73 52 45 33 44 31 47 48 41 52 30 19 24 26 10 12 22 24 25 30 21 24 1 7 0 0 8 25 37 24 21 26 15 15 33 36 37 35 18 30 12 0 33 35 41 35 0 -128 -128 -112 -128 -128 -128 -119 -120 -107 0 12 -107 -128 0 0 9 14 37 37 37 37 37 39 32 0 -128 -84 -102 30 25 18 14 24 20 13 0 12 36 0 -87 -77 -1 -1 -1 -1 -1 -1 -1 -1 -1 -1 -1 -1 -1 -1 -1 -1 -1 -1 -30 0 31 31 12 0 0 0 -1 -1 -44 0 18 4 9 10 14 20 0 25 10 31 1 20 19 21 24 19 12 8 13 14 15 16 15 14 15 13 10 24 19 24 19 0 -128 -26 -1 -26 -1 -26 -119 -83 -16 -45 -128 -16 -1 -1 -51 -128 -1 -1 -103 -128 0 20 26 26 27 43 77 55 33 10 -124 -7 -103 -128 -128 -128 -1 -1 -88 0 21 31 3 21 4 0 -128 -115 -23 -102 -45 -114 0 -128 -128 0 19 12 22 39 66 45 35 25 9 15 0 -114 -105 0 0 19 36 7 19 0 -128 -28 -1 -1 -1 -1 -1 -1 -1 -1 -1 -1 -1 -1 -1 -1 -1 -1 -1 -1 -1 -1 -1 -1 -1 -1 -1 -1 -1 -1 -1 -1 -1 -1 -1 -1 -1 -1 -1 -1 -1 -1 -1 -1 -1 -1 -1 -1 -1 -1 -1 -1 -1 -1 -1 -1 -1 -1 -1 -1 -1 -1 -1 -1 -1 -1 -1 -1 -1 -1 -1 -1 -1 -1 -1 -1 -1 -1 -1 -1 -1 -1 -1 -1 -1 -1 -1 -1 -1 -1 -1 -1 -86 0 31 39 27 14 38 74 61 49 54 67 70 42 45 42 31 39 24 0 -34 -1 -1 -1 -1 -1 -1 -1 -1
81 79 88 74 100 101 89 84 90 114 102 78 72 52 58 67 78 94 100 83 66 62 81 95 111 112 78 58 41 38 38 30 30 26 21 9 9 7 21 20 16 20 9 9 15 29 27 0 0 0 27 35 37 31 12 18 16 4 3 0 0 18 38 35 18 37 61 76 99 81 59 95 71 50 56 61 77 83 81 74 78 76 62 65 81 97 114 114 111 94 83 82 79 91 85 79 88 72 97 110 111 89 78 77 77 87 73 70 78 71 61 65 90 94 93 68 31 22 27 30 26 24 52 84 108 108 102 116 100 108 87 72 82 88 84 81 77 81 78 79 73 64 66 60 68 55 72 77 83 91 81 72 72 44 53 36 50 38 26 18 31 38 70 99 85 68 56 24 0 24 29 45 50 29 20 8 12 16 14 3 26 32 29 32 29 21 30 15 13 8 2 7 27 37 22 16 20 14 19 37 37 32 31 14 8 8 0 13 38 38 35 32 29 10 0 2 10 -117 -101 0 0 0 26 0 -77 -86 0 38 36 37 37 37 37 38 33 37 16 -128 -128 -128 3 19 29 26 0 20 9 8 26 32 16 -98 -128 -6 -1 -1 -1 -1 -1 -1 -1 -1 -1 -1 -1 -1 -1 -1 -1 -1 -1 -1 -81 -110 0 0 0 -128 0 -36 -1 -73 -121 0 33 27 4 10 0 14 13 21 22 20 0 -117 -106 18 27 14 12 16 18 22 19 18 6 4 14 13 13 21 21 13 0 -93 -1 -101 -128 -1 -128 -128 -128 -114 -1 -128 -128 -49 -1 -1 -1 -1 -1 -8 -51 -128 0 10 10 16 49 64 59 13 -128 -63 -42 -128 -82 -124 -21 -1 -1 -103 21 27 22 9 0 -128 -128 -86 -1 -1 -1 -1 -110 -125 -12 -101 0 13 0 7 15 31 20 12 10 0 -120 -74 -128 -92 -128 0 22 13 20 41 30 0 -70 -1 -1 -1 -1 -1 -1 -1 -1 -1 -1 -1 -1 -1 -1 -1 -1 -1 -1 -1 -1 -1 -1 -1 -1 -1 -1 -1 -1 -1 -1 -1 -1 -1 -1 -1 -1 -1 -1 -1 -1 -1 -1 -1 -1 -1 -1 -1 -1 -1 -1 -1 -1 -1 -1 -1 -1 -1 -1 -1 -1 -1 -1 -1 -1 -1 -1 -1 -1 -1 -1 -1 -1 -1 -1 -1 -1 -1 -1 -1 -1 -1 -1 -1 -1 -1 -1 -1 -1 -1 -67 -114 29 32 37 31 15 25 64 61 61 76 74 60 30 41 36 24 21 0 -108 -1 -1 -1 -1 -1 -1 -1 -1 -1
95 100 90 90 107 89 112 93 95 112 99 82 83 70 81 94 100 102 85 74 64 77 100 112 100 97 76 48 30 33 36 25 12 4 0 0 0 0 0 0 7 0 15 25 36 26 3 16 3 29 14 35 20 14 13 19 18 29 0 0 18 16 32 45 30 33 45 83 107 96 101 78 64 58 58 64 77 76 74 76 71 62 68 83 102 111 99 107 100 79 74 77 79 90 91 91 101 97 85 100 84 68 65 61 61 64 60 60 61 56 53 60 67 65 54 37 37 38 33 26 15 13 25 48 90 99 94 104 113 97 90 93 87 68 76 84 73 67 81 82 73 82 66 66 78 79 60 44 84 89 87 74 58 54 62 73 55 58 74 89 94 105 104 111 106 87 61 36 27 25 22 45 55 26 4 9 16 31 32 21 33 21 19 18 0 15 33 37 25 2 13 14 20 25 20 24 20 27 38 31 31 35 33 24 13 1 22 19 19 33 38 39 37 37 38 36 33 -114 -96 35 36 36 38 2 -54 -22 0 37 42 36 36 33 37 37 37 32 29 0 -100 -128 0 18 50 30 0 0 0 12 0 -103 -100 -126 -81 -3 -1 -1 -1 -1 -1 -1 -1 -1 -1 -1 -1 -1 -1 -1 -1 -1 -1 -1 -1 -1 -17 -44 -119 -87 -93 -46 -1 -23 -128 -128 31 29 0 16 0 22 2 20 0 -97 -125 -115 -122 -121 -119 -111 0 0 7 22 29 13 0 18 15 7 10 32 33 30 0 -68 -1 -32 -128 -56 -128 0 0 -100 -68 -6 -128 -128 -103 -1 -1 -1 -1 -1 -1 -1 -69 -91 -98 0 18 25 10 0 -17 -1 -1 -34 -59 -2 -1 -1 -40 -128 0 15 7 0 -97 -1 -13 -128 -13 -1 -1 -1 -6 -1 -1 -128 -125 24 16 15 13 16 0 -106 -110 -70 -13 -1 -1 -1 -128 -128 26 16 42 70 36 0 -36 -1 -1 -1 -1 -1 -1 -1 -1 -1 -1 -1 -1 -1 -1 -1 -1 -1 -1 -1 -1 -1 -1 -1 -1 -1 -1 -1 -1 -1 -1 -1 -1 -1 -1 -1 -1 -1 -1 -1 -1 -1 -1 -1 -1 -1 -1 -1 -1 -1 -1 -1 -1 -1 -1 -1 -1 -1 -1 -1 -1 -1 -1 -1 -1 -1 -1 -1 -1 -1 -1 -1 -1 -1 -1 -1 -1 -1 -1 -1 -1 -1 -1 -1 -1 -1 -69 -28 -70 -36 -121 22 38 36 26 33 20 16 50 70 64 62 48 21 22 35 33 16 13 -110 -17 -1 -1 -1 -1 -1 -1 -1 -1 -1
110 111 112 112 96 95 106 108 93 112 94 74 106 104 89 87 106 94 78 72 79 94 111 101 96 74 62 39 26 0 0 14 10 0 8 6 14 14 13 18 19 15 1 4 19 0 38 0 25 30 18 16 8 7 33 41 27 55 55 32 21 20 20 31 39 48 65 96 89 73 76 62 60 60 50 29 52 41 67 60 67 83 82 85 81 95 91 84 73 65 66 50 79 97 107 108 102 88 60 71 50 47 55 58 56 55 58 50 55 50 55 54 54 45 32 41 65 73 67 60 39 7 0 0 20 52 53 88 102 97 89 84 85 81 83 82 71 52 68 79 77 82 79 67 61 50 68 78 81 81 83 74 68 67 82 79 91 100 112 110 114 112 100 99 96 84 59 56 33 30 22 24 36 12 3 10 20 30 33 36 26 10 0 3 30 38 35 36 30 16 24 12 4 16 15 25 36 33 37 22 29 35 2 0 8 13 15 21 18 18 37 41 38 36 38 37 6 -102 -83 31 41 36 36 0 -41 -1 0 36 37 30 0 -125 4 30 21 21 32 31 8 -82 -88 0 0 0 -128 -86 -83 -121 -105 -1 -1 -20 -1 -1 -1 -1 -1 -1 -1 -1 -1 -1 -1 -1 -1 -1 -1 -1 -1 -54 -1 -1 -59 -128 -35 -1 -1 -1 -1 -1 -1 -1 -55 -83 0 29 14 19 13 37 30 -93 -128 -61 -1 -1 -1 -1 -1 -1 -73 -87 -115 0 32 31 15 15 14 21 18 18 35 20 0 -122 -49 -1 -14 -1 -88 0 7 0 -125 -128 -128 -98 -32 -1 -1 -1 -1 -1 -1 -1 -1 -1 -1 -40 0 18 0 -103 -1 -1 -1 -44 -1 -1 -1 -1 -1 -18 -121 0 0 -108 -20 -1 -1 -25 -1 -1 -1 -1 -1 -1 -1 -79 -101 0 8 12 25 0 -120 -1 -1 -1 -1 -13 -1 -20 -3 -128 14 16 49 77 37 -125 -1 -1 -1 -1 -1 -1 -1 -1 -1 -1 -1 -1 -1 -1 -1 -1 -1 -1 -1 -1 -1 -1 -1 -1 -1 -1 -1 -1 -1 -1 -1 -1 -1 -1 -1 -1 -1 -1 -1 -1 -1 -1 -1 -1 -1 -1 -1 -1 -1 -1 -1 -1 -1 -1 -1 -1 -1 -1 -1 -1 -1 -1 -1 -1 -1 -1 -1 -1 -1 -1 -1 -1 -1 -1 -1 -1 -1 -1 -1 -1 -1 -1 -1 -1 -1 -13 -103 -108 -119 -107 21 41 37 37 32 20 25 13 29 49 52 42 20 16 18 26 20 14 0 -110 -1 -1 -1 -1 -1 -1 -1 -1 -1 -1
117 101 85 87 84 106 102 108 95 112 96 96 107 91 72 70 100 89 83 91 107 99 91 83 70 54 39 35 18 27 0 0 0 8 10 35 42 36 35 43 41 22 29 21 0 14 37 0 35 30 10 12 9 32 55 48 31 43 26 13 19 16 24 48 66 70 79 110 97 78 65 55 56 58 53 53 47 61 67 61 88 73 66 66 54 53 73 65 64 62 79 90 93 112 116 118 107 88 45 60 55 31 44 55 53 55 58 48 55 49 50 38 42 31 29 33 77 106 108 83 78 79 94 50 0 0 0 29 43 74 81 72 82 84 82 82 58 45 56 56 55 65 64 55 55 56 45 55 62 81 91 91 94 76 89 95 108 114 113 108 114 102 91 90 81 82 62 48 41 36 25 22 15 0 0 13 15 20 24 21 12 13 4 9 13 19 27 33 36 25 27 18 29 35 31 30 14 15 22 13 19 29 12 12 10 12 7 16 25 19 14 27 35 38 39 33 0 -51 -88 30 38 41 39 6 -55 -1 -107 14 4 -110 -54 -50 -114 24 24 49 37 30 0 -37 -1 -98 -98 -49 -1 -1 -1 -1 -1 -1 -1 -1 -1 -1 -1 -1 -1 -1 -1 -1 -1 -1 -1 -1 -1 -1 -1 -1 -1 -128 -13 -1 -51 -128 -84 -1 -1 -1 -1 -1 -1 -1 -67 -63 -128 0 2 14 13 39 27 -128 -128 -1 -1 -1 -1 -1 -1 -1 -1 -1 -1 -128 0 22 14 16 12 13 27 14 24 25 6 -98 -72 -1 -54 -107 -128 -128 10 6 0 -122 -128 -112 -1 -1 -1 -1 -1 -1 -1 -1 -1 -1 -1 -1 -67 -125 -128 -14 -1 -1 -1 -27 -1 -1 -1 -1 -1 -1 -50 -128 -87 -44 -1 -1 -1 -1 -1 -1 -1 -1 -1 -1 -1 -1 -31 -117 21 16 2 -121 -21 -1 -1 -101 -128 -128 -112 -126 -128 -128 6 31 70 59 6 -106 -1 -1 -1 -1 -1 -1 -1 -1 -1 -1 -1 -1 -1 -1 -1 -1 -1 -1 -1 -1 -1 -1 -1 -1 -1 -1 -1 -1 -1 -1 -1 -1 -1 -1 -1 -1 -1 -1 -1 -1 -1 -1 -1 -1 -1 -1 -1 -1 -1 -1 -1 -1 -1 -1 -1 -1 -1 -1 -1 -1 -1 -1 -1 -1 -1 -1 -1 -1 -1 -1 -1 -1 -1 -1 -1 -1 -1 -1 -1 -1 -1 -1 -1 -1 -28 -128 20 32 27 33 35 33 35 37 36 20 15 14 14 30 41 30 12 26 31 15 14 0 -128 -1 -1 -1 -1 -1 -1 -1 -1 -1 -1 -1
110 101 85 61 70 89 90 89 106 106 99 116 96 64 73 101 101 88 97 110 101 91 82 74 66 55 38 44 37 20 13 0 0 10 27 52 82 73 67 79 35 18 30 37 0 24 25 0 32 29 7 29 38 55 70 36 16 16 12 13 25 43 37 65 94 87 104 104 102 77 64 60 58 64 74 76 70 59 78 67 81 65 60 60 58 38 47 56 59 67 84 101 110 116 108 96 83 76 64 62 54 37 54 41 53 54 50 54 56 58 54 47 36 33 36 43 55 96 100 100 101 102 108 95 70 64 15 0 0 0 38 45 65 79 73 56 45 33 41 43 42 38 42 52 48 49 31 49 58 85 111 114 94 82 88 108 108 100 108 105 107 104 84 106 73 70 65 44 35 44 21 14 16 4 10 21 25 20 10 13 6 13 4 12 0 4 16 20 36 35 31 33 30 21 19 18 16 14 9 12 4 13 0 13 13 4 0 19 30 20 13 16 14 31 38 32 0 -116 -68 -103 22 33 38 0 -41 -1 -100 -75 -92 -1 -84 -128 0 14 13 16 18 18 0 -67 -1 -1 -1 -1 -1 -1 -1 -1 -1 -1 -1 -1 -1 -1 -1 -1 -1 -1 -1 -1 -1 -1 -1 -1 -1 -1 -1 -1 -1 -1 -1 -1 -1 -1 -1 -1 -1 -1 -1 -23 -1 -1 -1 -1 -128 0 8 27 38 38 25 -128 -36 -1 -1 -1 -1 -1 -1 -1 -1 -1 -1 -1 -105 -128 -128 -128 -128 9 29 15 10 -128 0 -128 -89 -1 -89 -120 -128 -119 0 10 10 6 -101 -45 -11 -1 -1 -1 -1 -1 -1 -1 -1 -1 -1 -1 -1 -27 -11 -1 -1 -1 -1 -1 -1 -1 -1 -1 -1 -1 -1 -1 -1 -1 -1 -1 -1 -1 -1 -1 -1 -1 -1 -1 -1 -1 -34 -128 14 14 0 -81 -1 -1 -1 0 10 12 -125 -128 -128 -128 -110 20 44 31 0 -23 -1 -1 -1 -1 -1 -1 -1 -1 -1 -1 -1 -1 -1 -1 -1 -1 -1 -1 -1 -1 -1 -1 -1 -1 -1 -1 -1 -1 -1 -1 -1 -1 -1 -1 -1 -1 -1 -1 -1 -1 -1 -1 -1 -1 -1 -1 -1 -1 -1 -1 -1 -1 -1 -1 -1 -1 -1 -1 -1 -1 -1 -1 -1 -1 -1 -1 -1 -1 -1 -1 -1 -1 -1 -1 -1 -1 -1 -1 -1 -1 -1 -1 -1 -1 -117 2 36 30 36 37 36 36 37 37 36 31 16 20 25 19 25 16 14 36 38 21 0 -128 -112 -1 -1 -1 -1 -1 -1 -1 -1 -1 -1 -1
108 87 68 68 82 65 59 74 111 100 101 117 99 89 94 114 106 97 112 104 108 91 99 101 93 62 52 54 41 19 8 0 12 27 44 73 87 68 42 39 26 21 38 25 0 41 6 25 29 18 21 55 81 79 62 30 14 14 22 29 62 73 44 66 102 108 101 74 70 87 94 82 76 87 85 68 62 55 66 62 60 59 65 73 59 54 60 43 54 58 65 87 105 96 99 84 65 59 59 54 53 52 45 41 50 42 54 58 49 59 66 65 49 41 35 49 54 58 70 70 84 96 85 88 107 89 55 61 49 13 0 0 37 52 49 41 37 20 21 25 27 35 41 41 27 30 56 90 77 97 107 105 106 102 93 110 104 102 99 88 96 82 83 99 88 52 50 32 20 30 24 18 21 15 25 15 9 36 32 0 0 0 0 0 0 31 25 6 14 38 42 36 10 13 9 24 25 8 12 35 19 18 7 12 12 12 16 36 42 47 31 20 21 21 26 32 0 2 -91 -88 -84 0 9 0 -44 -1 -27 -21 -1 -96 -107 0 19 0 -114 -114 0 0 -112 -47 -1 -1 -1 -1 -1 -1 -1 -1 -1 -1 -1 -1 -1 -1 -1 -1 -1 -1 -1 -1 -1 -1 -1 -1 -1 -1 -1 -1 -1 -1 -37 -1 -1 -1 -1 -1 -1 -1 -1 -44 -86 -1 -1 -1 -79 0 9 22 25 29 35 -107 -6 -1 -1 -1 -1 -1 -1 -60 -1 -40 -1 -1 -1 -1 -1 -1 -1 -93 -115 -115 -107 -128 -128 -60 -2 -1 -1 -42 -51 -54 -128 0 0 1 0 -128 -128 -110 -6 -1 -1 -1 -1 -1 -1 -1 -1 -1 -1 -1 -1 -1 -1 -1 -1 -1 -1 -1 -1 -1 -1 -1 -1 -1 -1 -1 -1 -1 -1 -1 -1 -1 -1 -1 -1 -1 -1 -1 -60 0 22 0 0 -61 -1 -1 -1 -105 0 0 -92 -8 -32 -1 -81 0 0 -128 -72 -1 -1 -1 -1 -1 -1 -1 -1 -1 -1 -1 -1 -1 -1 -1 -1 -1 -1 -1 -1 -1 -1 -1 -1 -1 -1 -1 -1 -1 -1 -1 -1 -1 -1 -1 -1 -1 -1 -1 -1 -1 -1 -1 -1 -1 -1 -1 -1 -1 -1 -1 -1 -1 -1 -1 -1 -1 -1 -1 -1 -1 -1 -1 -1 -1 -1 -1 -1 -1 -1 -1 -1 -1 -1 -1 -1 -1 -1 -1 -1 -1 -1 -1 -22 -75 0 9 25 24 19 35 36 29 32 37 37 37 30 21 35 32 13 15 32 37 36 0 -128 -79 -1 -1 -1 -1 -1 -1 -1 -1 -1 -1 -1 -1
105 91 65 71 89 78 64 83 107 97 97 110 118 113 101 101 104 114 107 111 111 102 105 96 83 60 49 55 41 33 4 8 14 31 58 79 48 39 20 14 18 32 38 26 1 38 19 3 26 33 31 66 101 94 52 32 31 38 44 55 88 70 65 93 107 82 58 42 59 93 97 97 90 71 70 61 53 54 49 61 65 59 62 44 33 58 58 54 61 50 31 78 91 72 68 70 65 50 39 22 43 45 43 49 53 47 44 45 38 42 43 54 42 41 37 47 41 35 53 59 62 67 56 59 85 88 82 77 70 64 58 27 0 24 13 15 15 25 21 27 36 38 29 20 31 50 97 112 99 107 106 89 96 100 96 108 100 81 64 65 74 60 65 70 61 41 36 31 22 18 13 15 14 9 13 27 8 26 26 13 8 19 13 15 0 0 6 0 27 31 38 21 15 26 29 13 9 20 41 50 29 18 13 20 12 37 67 71 71 81 39 30 35 16 -18 21 30 7 16 0 -116 -67 -82 -124 -27 -1 -1 -1 -14 -100 4 12 2 -107 -1 -1 -30 -20 -1 -1 -1 -1 -1 -1 -1 -1 -1 -1 -1 -1 -1 -1 -1 -1 -1 -1 -1 -1 -1 -1 -1 -1 -1 -1 -1 -1 -1 -1 -1 -16 -96 -1 -1 -1 -1 -1 -1 -1 -1 -1 -65 -91 -1 -1 -1 -101 0 18 9 13 14 -121 -45 -1 -1 -1 -1 -1 -1 -128 -17 -1 -1 -1 -1 -1 -1 -1 -1 -1 -1 -1 -1 -1 -1 -1 -1 -1 -1 -1 -23 -26 -49 -128 -128 -112 -114 -115 -86 -23 -1 -1 -1 -1 -1 -1 -1 95 -1 -1 -1 -1 -1 -1 -1 -1 -1 -1 -1 -1 -1 -1 -1 -1 -1 -1 -1 -1 -1 -1 -1 -1 -1 -1 -1 -1 -1 -1 -1 -1 -114 18 19 0 -116 -40 -1 -1 -128 -128 -128 -89 -1 -1 -1 -1 -128 -128 0 -42 -1 -1 -1 -1 -1 -1 -1 -1 -1 -1 -1 -1 -1 -1 -1 -1 -1 -1 -1 -1 -1 -1 -1 -1 -1 -1 -1 -1 -1 -1 -1 -1 -1 -1 -1 -1 -1 -1 -1 -1 -1 -1 -1 -1 -1 -1 -1 -1 -1 -1 -1 -1 -1 -1 -1 -1 -1 -1 -1 -1 -1 -1 -1 -1 -1 -1 -1 -1 -1 -1 -1 -1 -1 -1 -1 -1 -1 -1 -1 -1 -1 -1 -1 -1 -122 0 25 15 20 14 13 30 31 13 16 35 37 35 33 29 36 38 19 29 32 33 -87 -128 -116 -1 -1 -1 -1 -1 -1 -1 -1 -1 -1 -1 -1 -1
113 89 58 85 91 94 100 113 106 95 85 99 99 110 93 95 111 122 110 89 107 114 105 88 66 52 12 52 55 31 9 12 20 29 68 73 38 24 10 30 33 37 39 35 0 22 16 0 43 49 36 61 78 58 41 36 39 67 83 84 97 82 91 100 73 53 41 37 65 61 67 104 76 52 77 76 52 50 70 81 78 78 59 65 53 47 41 35 54 49 53 65 81 58 27 56 48 49 50 43 47 47 47 53 48 52 33 48 41 38 36 30 32 32 35 36 32 41 45 62 72 64 50 68 56 43 68 0 56 73 79 31 0 6 6 15 29 29 13 22 26 16 15 24 43 67 88 111 99 88 83 81 90 81 79 90 113 110 83 48 36 38 44 43 36 32 32 21 13 12 19 15 2 9 21 19 8 12 13 12 16 10 7 16 25 27 0 0 0 -107 7 7 24 16 18 0 4 27 38 41 31 35 25 19 18 43 81 94 85 62 26 31 37 37 18 -72 -103 10 18 33 29 0 -63 -1 -1 -1 -1 -1 -3 -128 -126 -128 -128 -34 -41 -1 -1 -1 -1 -1 -1 -1 -1 -1 -1 -1 -1 -1 -1 -1 -1 -1 -1 -1 -1 -1 -1 -1 -1 -1 -1 -1 -1 -1 -1 -1 -1 -1 -1 -1 -1 -1 -1 -1 -1 -1 -1 -1 -1 -1 -1 -39 -88 -1 -1 -31 -107 12 19 24 19 0 -119 -1 -1 -1 -1 -1 -1 -27 -1 -1 -1 -1 -1 -1 -1 -1 -1 -1 -1 -1 -1 -1 -1 -1 -1 -1 -1 -1 -20 -1 -1 -9 -8 -92 -53 -103 -101 -100 -1 -1 -1 -1 -1 -1 -1 -1 -1 -1 -1 -1 -1 -1 -1 -1 -1 -1 -1 -1 -1 -1 -1 -1 -1 -1 -1 -1 -1 -1 -1 -1 -1 -1 -1 -1 -1 -1 -58 -125 0 15 20 0 -100 -1 -1 -1 -35 -126 -1 -1 -1 -1 -1 -1 -7 -73 0 -87 -6 -13 -1 -1 -1 -1 -1 -1 -1 -1 -1 -1 -1 -1 -1 -1 -1 -1 -1 -1 -1 -1 -1 -1 -1 -1 -1 -1 -1 -1 -1 -1 -1 -1 -1 -1 -1 -1 -1 -1 -1 -1 -1 -1 -1 -1 -1 -1 -1 -1 -1 -1 -1 -1 -1 -1 -1 -1 -1 -1 -1 -1 -1 -1 -1 -1 -1 -1 -1 -1 -1 -1 -1 -1 -1 -1 -1 -1 -1 -1 -1 -1 -1 -22 0 31 27 20 12 10 6 21 20 8 18 24 33 32 33 36 35 37 29 37 32 0 -122 -128 -7 -1 -1 -1 -1 -1 -1 -1 -1 -1 -1 -1 -1 -1
94 78 65 102 104 110 111 105 94 91 85 81 84 89 82 104 116 108 94 93 108 104 84 67 59 44 18 53 59 26 2 16 16 35 71 81 35 4 26 38 39 37 42 35 0 0 8 22 44 68 48 56 48 43 36 39 53 77 104 102 93 85 106 79 48 37 29 42 56 48 81 88 68 43 42 49 49 45 60 82 101 104 90 88 45 18 43 18 27 48 48 59 61 31 13 42 49 44 54 54 53 52 52 49 50 47 42 14 39 44 39 26 32 36 41 37 32 30 41 52 61 56 53 71 78 73 76 32 55 66 72 30 4 0 0 4 12 26 16 14 7 12 15 22 44 48 72 97 77 65 85 78 83 64 71 82 108 105 88 62 32 24 38 47 41 25 30 24 18 22 24 29 30 12 29 27 0 2 3 12 20 0 6 22 33 32 0 -81 -117 -128 -88 0 32 30 18 21 12 21 26 8 2 30 13 13 15 33 50 62 78 79 33 13 35 39 29 -103 -128 -128 0 35 35 2 -108 -9 -1 -1 -1 -1 -1 -1 -1 -7 -4 -22 -128 -61 -1 -1 -1 -1 -1 -1 -1 -1 -1 -1 -1 -1 -1 -1 -1 -1 -1 -1 -1 -1 -1 -1 -1 -1 -1 -1 -1 -1 -1 -1 -1 -1 -1 -1 -1 -1 -1 -1 -1 -1 -1 -1 -1 -1 -1 -1 -1 -1 -1 -1 -128 -121 -128 0 0 0 -128 -4 -1 -1 -1 -1 -1 -1 -1 -1 -1 -1 -1 -1 -1 -1 -1 -1 -1 -1 -1 -1 -1 -1 -1 -1 -1 -1 -1 -1 -1 -1 -1 -1 -1 -102 -124 -82 -1 -1 -1 -1 -1 -1 -1 -1 -1 -1 -1 -1 -1 -1 -1 -1 -1 -1 -1 -1 -1 -1 -1 -1 -1 -1 -1 -1 -1 -1 -1 -1 -1 -1 -1 -1 -1 -1 -128 -115 -128 13 10 -111 -1 -1 -1 -1 -1 -1 -1 -1 -1 -1 -1 -1 -1 -18 0 -128 -75 -128 -1 -1 -1 -1 -1 -1 -1 -1 -1 -1 -1 -1 -1 -1 -1 -1 -1 -1 -1 -1 -1 -1 -1 -1 -1 -1 -1 -1 -1 -1 -1 -1 -1 -1 -1 -1 -1 -1 -1 -1 -1 -1 -1 -1 -1 -1 -1 -1 -1 -1 -1 -1 -1 -1 -1 -1 -1 -1 -1 -1 -1 -1 -1 -1 -1 -1 -1 -1 -1 -1 -1 -1 -1 -1 -1 -1 -1 -1 -1 -1 -1 -70 24 33 33 10 9 8 8 16 29 15 30 33 29 32 36 37 36 36 37 35 26 -128 -79 -58 -1 -1 -1 -1 -1 -1 -1 -1 -1 -1 -1 -1 -1 -1
73 83 94 102 117 111 104 96 94 84 78 91 93 71 93 105 90 90 71 71 67 73 52 43 49 50 27 41 50 18 15 25 35 52 84 54 32 27 19 33 38 32 36 14 9 35 33 33 27 62 67 45 31 27 41 58 76 94 114 108 110 101 94 65 49 49 29 29 33 42 43 48 29 22 25 39 38 61 87 97 111 104 93 79 42 10 31 30 48 52 52 55 56 50 38 44 48 55 70 73 82 78 72 60 55 54 53 47 49 44 49 38 38 36 39 36 33 38 42 50 52 55 53 64 77 56 30 43 31 62 60 53 32 14 4 25 31 35 20 10 12 33 19 19 20 33 42 47 59 53 61 66 59 48 67 83 93 77 70 54 33 22 31 32 26 10 21 16 26 30 26 31 26 32 22 14 0 1 12 14 0 0 21 33 39 35 -102 -112 -91 -28 -108 -128 14 37 37 30 20 18 12 3 0 0 0 7 10 18 32 44 67 90 64 20 20 30 16 4 -112 -16 -67 0 32 19 0 -16 -1 -1 -1 -1 95 -1 -1 -1 -60 -103 -128 -119 -128 -101 -1 -1 -1 -1 -1 -1 -1 -1 -1 -1 -1 -1 -1 -1 -1 -1 -1 -1 -1 -1 -1 -1 -1 -1 -1 -1 -1 -1 -1 -1 -1 -1 -1 -1 -1 -1 -1 -1 -1 -1 -1 -1 -1 -1 -47 -2 -1 -1 -1 -42 -7 -53 -67 -106 -122 -119 -1 -1 -1 -1 -1 -1 -1 -1 -1 -1 -1 -1 -1 -1 -1 -1 -1 -1 -1 -1 -1 -1 -1 -1 -1 -1 -1 -1 -1 -1 -1 -1 -1 -2 -28 -1 -1 -1 -1 -1 -1 -1 -1 -73 -101 -1 -1 -1 -1 -1 -1 -1 -1 -1 -1 -1 -1 -1 -1 -1 -1 -1 -1 -1 -1 -1 -1 -1 -1 -1 -1 -1 -1 -1 -1 -60 -115 0 0 -81 -1 -1 -1 -1 -1 -1 -1 -1 -1 -1 -1 -1 -1 -1 -69 -103 -1 -1 -1 -1 -1 -1 -1 -1 -1 -1 -1 -1 -1 -1 -1 -1 -1 -1 -1 -1 -1 -1 -1 -1 -1 -1 -1 -1 -1 -1 -1 -1 -1 -1 -1 -1 -1 -1 -1 -1 -1 -1 -1 -1 -1 -1 -1 -1 -1 -1 -1 -1 -1 -1 -1 -1 -1 -1 -1 -1 -1 -1 -1 -1 -1 -1 -1 -1 -1 -1 -1 -1 -1 -1 -1 -1 -1 -1 -1 -1 -1 -1 -1 -93 29 32 18 18 12 8 9 30 35 24 16 33 27 24 27 37 37 38 37 35 -114 -110 -98 -1 -1 -1 -1 -1 -1 -1 -1 -1 -1 -1 -1 -1 -1 -1
94 112 110 108 119 106 99 99 91 84 90 93 78 65 47 12 24 10 0 7 35 38 30 33 37 47 16 31 26 19 13 35 53 71 66 53 52 52 19 33 31 0 9 1 29 18 29 33 14 38 44 18 18 29 61 88 107 113 117 100 99 99 84 83 65 32 27 19 13 25 27 12 24 33 41 59 76 93 105 112 102 78 70 54 56 31 43 45 54 50 49 52 53 50 48 49 48 43 74 89 108 116 110 87 59 67 82 73 70 71 71 62 48 42 25 37 33 45 49 53 52 52 52 64 66 33 33 54 50 55 53 43 20 22 27 0 2 32 21 14 27 32 13 12 15 13 22 41 49 31 41 53 44 53 76 68 74 58 37 31 30 20 21 9 16 14 18 19 27 49 41 0 0 38 21 14 1 7 10 18 4 0 32 37 35 37 0 -96 -97 -75 8 -69 -128 35 29 32 10 6 9 7 7 3 0 0 9 25 35 47 64 83 81 31 24 31 0 -128 -128 -35 -1 -23 -107 0 -59 -1 -1 -1 -1 -1 -1 -1 -1 -1 -17 -59 -128 -68 -115 -45 -1 -1 -1 -1 -1 -1 -1 -1 -1 -1 -1 -1 -1 -1 -1 -1 -1 -1 -1 -1 -1 -1 -1 -1 -1 -1 -1 -1 -1 -1 -1 -1 -1 -1 -1 -1 -1 -1 -1 -1 -1 -1 -1 -1 -119 -112 -49 -8 -1 -1 -1 -53 -79 -11 -32 -101 -1 -1 -1 -1 -1 -1 -1 -1 -1 -1 -1 -1 -1 -1 -1 -1 -1 -1 -1 -1 -1 -1 -1 -1 -1 -1 -1 -1 -1 -1 -1 -1 -1 -1 -1 -1 -1 -1 -1 -1 -1 -1 -25 0 0 -31 -1 -1 -1 -1 -1 -1 -1 -1 -1 -1 -1 -1 -1 -1 -1 -1 -1 -1 -1 -1 -1 -1 -1 -1 -1 -1 -1 -1 -44 -117 -114 13 -128 -1 -1 -1 -1 -1 -1 -3 -32 -1 -1 -1 -1 -1 -1 -1 -1 -1 -1 -1 -1 -1 -1 -1 -1 -1 -1 -1 -1 -1 -1 -1 -1 -1 -1 -1 -1 -1 -1 -1 -1 -1 -1 -1 -1 -1 -1 -1 -1 -1 -1 -1 -1 -1 -1 -1 -1 -1 -1 -1 -1 -1 -1 -1 -1 -1 -1 -1 -1 -1 -1 -1 -1 -1 -1 -1 -1 -1 -1 -1 -1 -1 -1 -1 -1 -1 -1 -1 -1 -1 -1 -1 -1 -1 -1 -1 -1 -1 -1 -1 -65 0 19 15 32 33 19 12 12 26 32 22 12 31 20 18 20 33 38 35 32 0 -128 -87 -1 -1 -1 -1 -1 -1 -1 -1 -1 -1 -1 -1 -1 -1 -1 -1
104 117 108 106 118 106 106 110 104 96 87 85 74 87 81 74 38 48 64 38 0 0 6 26 24 36 19 15 9 10 15 36 73 83 38 48 62 36 27 18 1 0 0 26 18 29 33 16 6 20 21 14 19 44 87 104 114 100 96 100 95 73 93 91 49 18 0 7 0 0 0 0 14 26 52 84 100 111 108 99 88 71 56 45 54 54 50 55 47 52 48 44 37 4 31 50 45 44 60 67 87 108 118 100 79 81 89 93 89 83 90 89 78 60 50 19 21 50 50 39 56 54 43 59 61 41 35 37 45 30 33 31 20 31 26 19 7 0 7 20 30 15 12 8 21 21 25 45 55 20 31 36 47 38 67 56 56 36 25 15 15 14 19 7 22 29 37 33 42 59 18 0 0 0 0 13 0 22 22 10 0 6 21 37 41 9 -119 -53 -128 -20 -27 -87 -116 25 16 12 6 4 6 6 10 12 9 0 0 15 26 41 61 78 82 48 15 0 -107 -11 -1 -1 -1 -1 -11 -100 -1 -1 -1 -1 -1 -1 -1 -1 -1 -1 -1 -86 -128 -100 -128 -74 -1 -1 -1 -1 -1 -1 -1 -1 -1 -1 -1 -1 -1 -1 -1 -1 -1 -1 -1 -1 -1 -1 -1 -1 -1 -1 -1 -1 -1 -1 -1 -1 -1 -1 -1 -1 -1 -1 -1 -1 -1 -1 -1 -1 -82 -110 -126 -89 -1 -1 -18 -128 -103 -89 -84 -82 -30 -128 -128 -1 -1 -1 -1 -1 -1 -1 -1 -1 -1 -1 -1 -1 -1 -1 -27 -1 -1 -1 -1 -1 -1 -1 -1 -1 -1 -1 -1 -1 -1 -1 -1 -1 -1 -1 -1 -1 -1 -1 -92 0 0 -28 -1 -1 -1 -1 -1 -1 -1 -1 -1 -1 -3 -1 -1 -1 -1 -1 -1 -1 -1 -1 -1 -1 -1 -1 -1 -1 -1 -1 -102 0 27 22 -119 -98 -1 -1 -1 -1 -1 -18 -103 -1 -1 -1 -1 -1 -1 -1 -1 -1 -1 -1 -1 -1 -1 -1 -1 -1 -1 -1 -1 -1 -1 -1 -1 -1 -1 -1 -1 -1 -1 -1 -1 -1 -1 -1 -1 -1 -1 -1 -1 -1 -1 -1 -1 -1 -1 -1 -1 -1 -1 -1 -1 -1 -1 -1 -1 -1 -1 -1 -1 -1 -1 -1 -1 -1 -1 -1 -1 -1 -1 -1 -1 -1 -1 -1 -1 -1 -1 -1 -1 -1 -1 -1 -1 -1 -1 -1 -1 -1 -1 -1 -105 25 22 22 33 32 31 29 20 14 12 12 13 32 14 10 12 16 22 29 12 -128 -102 -1 -1 -1 -1 -1 -1 -1 -1 -1 -1 -1 -1 -1 -1 -1 -1 -1
113 120 116 111 113 117 117 117 106 87 89 78 82 106 112 104 84 67 68 48 36 1 0 16 10 25 16 20 21 18 22 42 62 53 26 38 42 20 19 0 2 21 0 22 20 20 21 13 15 4 19 24 29 66 95 106 113 91 94 95 79 79 84 62 26 0 0 0 0 2 0 0 6 30 73 97 113 105 97 83 74 59 58 60 58 55 52 52 48 48 49 4 0 36 6 44 52 50 62 78 85 97 99 101 91 97 83 83 84 81 82 87 77 56 55 42 39 49 37 67 68 45 38 52 68 50 43 41 30 20 15 27 25 25 29 19 13 0 13 21 16 19 14 15 22 26 18 30 24 19 26 25 24 29 45 39 35 43 19 15 20 4 8 20 35 53 67 53 64 54 15 13 26 1 0 0 0 10 20 21 14 9 8 18 25 -96 -1 -1 -32 -73 -1 -1 -103 37 20 13 1 2 6 8 24 25 3 7 14 32 36 33 35 58 84 45 0 -124 -7 -1 -1 -1 -1 -1 -1 -1 -1 -1 -1 -1 -1 -1 -1 -1 -1 -1 -1 -27 -1 -1 -54 -53 -1 -1 -1 -1 -1 -1 -1 -1 -1 -1 -1 -1 -1 -1 -1 -1 -1 -1 -1 -1 -1 -1 -1 -1 -1 -1 -1 -1 -1 -1 -1 -1 -1 -1 -1 -1 -1 -1 -1 -1 -1 -1 -1 -1 -30 -128 -128 -35 -1 -1 -1 -84 -65 -116 -1 -84 -27 -128 -75 -1 -1 -1 -1 -1 -1 -1 -1 -1 -1 -1 -1 -1 -1 -26 -128 -25 -1 -1 -1 -1 -1 -1 -1 -1 -1 -1 -1 -1 -1 -1 -1 -1 -1 -1 -1 -1 -1 -1 -98 -128 -103 -1 -1 -1 -1 -1 -1 -1 -1 -1 -1 -100 -128 -1 -1 -1 -1 -1 -1 -1 -1 -1 -1 -1 -1 -1 -1 -1 -1 -1 -1 -124 35 0 -128 -1 -1 -1 -1 -1 -1 -1 -1 -1 -1 -1 -1 -1 -1 -1 -1 -1 -1 -1 -1 -1 -1 -1 -1 -1 -1 -1 -1 -1 -1 -1 -1 -1 -1 -1 -1 -1 -1 -1 -1 -1 -1 -1 -1 -1 -1 -1 -1 -1 -1 -1 -1 -1 -1 -1 -1 -1 -1 -1 -1 -1 -1 -1 -1 -1 -1 -1 -1 -1 -1 -1 -1 -1 -1 -1 -1 -1 -1 -1 -1 -1 -1 -1 -1 -1 -1 -1 -1 -1 -1 -1 -1 -1 -1 -1 -1 -1 -50 -31 0 26 14 22 16 25 36 41 26 14 9 10 13 21 20 10 13 21 29 21 -112 -128 -9 -1 -1 -1 -1 -1 -1 -1 -1 -1 -1 -1 -1 -1 -1 -1 -1 -1
120 114 111 116 120 113 99 114 111 100 85 93 99 111 117 111 93 72 52 32 22 8 0 20 9 2 0 21 19 32 29 44 35 18 14 30 27 15 14 6 35 14 0 30 30 20 15 19 29 25 30 25 37 61 66 97 104 89 70 59 67 97 72 30 0 7 35 26 42 49 39 32 22 39 91 110 101 102 91 79 52 42 45 56 52 52 53 45 50 48 36 54 33 27 4 38 15 54 65 95 91 79 55 87 82 78 77 74 66 54 55 55 43 60 61 70 64 56 71 73 64 44 38 47 67 58 50 49 32 15 21 19 14 15 21 22 13 0 14 33 24 24 13 33 31 24 14 22 16 21 14 16 19 26 29 26 24 37 26 10 8 2 14 21 30 55 72 66 78 61 41 20 13 13 22 16 0 18 27 21 9 0 14 12 -111 -68 -1 -1 -4 -3 -1 -1 -107 37 32 3 0 7 12 22 26 16 9 0 14 33 45 44 38 58 77 35 0 -16 -1 -1 -1 -1 -1 -1 -1 -1 -1 -1 -1 -1 -1 -1 -1 -1 -1 -1 -1 -1 -1 -1 -47 -69 -128 -67 -1 -1 -1 -1 -1 -1 -1 -1 -1 -1 -1 -1 -1 -1 -1 -1 -1 -1 -1 -1 -1 -1 -1 -1 -1 -1 -1 -1 -1 -1 -1 -1 -1 -1 -1 -1 -1 -1 -1 -1 -1 -1 -1 -1 -42 -121 -108 -1 -1 -16 -122 -128 -1 -1 -1 -18 -112 -40 -1 -1 -1 -1 -1 -1 -1 -1 -1 -1 -1 -1 -1 -1 -53 -1 -1 -1 -1 -1 -1 -1 -1 -1 -1 -1 -1 -1 -1 -1 -1 -1 -1 -1 -1 -1 -1 -1 -17 -31 -1 -1 -1 -1 -1 -1 -1 -27 -105 -1 -1 -122 -45 -1 -9 -1 -1 -1 -1 -1 -1 -1 -1 -1 -1 -1 -1 -1 -1 -1 -1 -56 -105 -74 -1 -1 -1 -1 -1 -1 -1 -1 -1 -1 -1 -1 -1 -1 -1 -1 -1 -1 -1 -1 -1 -1 -1 -1 -1 -1 -1 -1 -1 -1 -1 -1 -1 -1 -1 -1 -1 -1 -1 -1 -1 -1 -1 -1 -1 -1 -1 -1 -1 -1 -1 -1 -1 -1 -1 -1 -1 -1 -1 -1 -1 -1 -1 -1 -1 -1 -1 -1 -1 -1 -1 -1 -1 -1 -1 -1 -1 -1 -1 -1 -1 -1 -1 -1 -1 -1 -1 -1 -1 -1 -1 -1 -1 -1 -1 -1 -1 -1 -128 -128 15 30 19 10 14 25 27 29 22 12 8 7 12 15 14 12 18 22 25 29 -121 -116 -1 -1 -1 -1 -1 -1 -1 -1 -1 -1 -1 -1 -1 -1 -1 -1 -1 -1
114 111 104 117 119 113 113 116 113 112 106 110 112 111 120 123 113 94 62 33 20 15 0 26 18 0 3 21 30 36 37 56 20 10 16 27 13 26 0 26 26 0 13 13 35 33 21 20 33 38 37 25 20 35 58 83 77 65 47 45 81 61 41 13 0 22 30 48 73 81 30 35 43 60 105 104 99 82 76 76 24 48 22 55 56 50 45 37 48 26 58 38 27 39 0 20 36 68 79 96 91 78 79 79 77 71 64 50 52 39 35 30 26 29 36 65 68 60 79 76 58 30 27 49 66 64 56 38 26 32 19 22 24 31 22 16 24 15 6 31 39 36 24 25 25 25 16 15 14 24 15 20 24 18 24 18 18 12 18 0 2 24 31 38 32 26 38 62 71 54 25 14 25 19 9 10 3 9 0 -110 -128 -128 -128 -128 -98 -1 -1 -1 -1 -1 -1 -17 -98 36 7 15 12 18 31 21 13 13 15 2 9 25 42 61 54 53 71 16 -128 -1 -1 -1 -1 -1 -1 -1 -1 -1 -1 -1 -1 -1 -1 -1 -1 -1 -1 -1 -1 -1 -1 -53 -107 -128 -102 -40 -18 -1 -1 -1 -1 -1 -1 -1 -1 -1 -1 -1 -1 -1 -1 -1 -1 -1 -1 -1 -1 -1 -105 -31 -65 -125 -128 -1 -1 -1 -1 -1 -1 -1 -1 -1 -1 -1 -1 -1 -1 -1 -1 -1 -1 -26 -68 -2 -1 -1 -1 -68 -30 -1 -1 -1 -1 -1 -1 -1 -1 -1 -1 -1 -1 -1 -1 -1 -1 -1 -1 -1 -1 -1 -1 -1 -1 -1 -1 -1 -1 -1 -1 -1 -1 -1 -1 -1 -1 -1 -1 -1 -1 -1 -1 -1 -105 -22 -1 94 -1 -1 -1 -1 -16 -126 -128 -11 -18 -92 -1 -79 -82 -1 -1 -1 -1 -1 -1 -1 -1 -1 -1 -1 -1 -1 -1 -1 -1 -1 -1 -1 -1 -1 -1 -1 -1 -1 -1 -1 -1 -1 -1 -1 -1 -1 -1 -1 -1 -1 -1 -1 -1 -1 -1 -1 -1 -1 -1 -1 -1 -1 -1 -1 -1 -1 -1 -1 -1 -1 -1 -1 -1 -1 -1 -1 -1 -1 -1 -1 -1 -1 -1 -1 -1 -1 -1 -1 -1 -1 -1 -1 -1 -1 -1 -1 -1 -1 -1 -1 -1 -1 -1 -1 -1 -1 -1 -1 -1 -1 -1 -1 -1 -1 -1 -1 -1 -1 -1 -1 -1 -1 -1 -1 -1 -1 -1 -1 -1 -1 -97 25 38 33 25 18 20 16 19 22 24 13 9 9 15 19 13 15 19 20 36 21 0 -86 -1 -1 -1 -1 -1 -1 -1 -1 -1 -1 -1 -1 -1 -1 -1 -1 -1 -1
112 99 104 114 112 105 106 112 119 112 106 113 108 114 117 113 102 81 52 32 18 13 0 15 9 0 16 31 22 31 45 56 21 12 16 15 10 1 14 0 0 1 29 3 20 18 14 26 26 38 37 31 15 30 59 65 49 36 33 48 67 29 12 20 0 15 31 82 101 70 39 67 90 94 89 95 83 78 72 68 38 44 45 54 53 48 47 26 50 10 36 30 29 41 0 21 7 77 95 81 78 79 74 82 65 78 65 44 39 35 42 41 31 24 21 42 42 52 71 64 50 24 38 47 52 49 37 38 52 41 21 9 21 31 36 37 37 18 0 0 24 15 0 0 8 30 25 15 10 24 29 21 37 24 27 21 20 6 0 9 43 59 55 50 54 37 41 65 73 38 16 27 31 21 16 26 0 -108 -128 -128 0 0 0 -92 -102 -108 -1 -1 -1 -27 -89 -125 0 18 7 18 14 12 32 20 18 20 18 26 36 33 38 65 48 55 60 14 -128 -1 -1 -1 -1 -1 -1 -1 -1 -1 -1 -1 -1 -1 -1 -1 -1 -1 -1 -1 -1 -1 -1 -128 -102 9 -121 -13 -1 -1 -1 -1 -1 -1 -1 -1 -1 -1 -1 -1 -1 -1 -1 -1 -1 -1 -1 -1 -1 -1 -128 -128 0 0 -120 -1 -1 -1 -1 -1 -1 -1 -1 -1 -1 -1 -1 -1 -1 -1 -1 -1 -31 -83 -128 -128 -13 -1 -1 -128 -40 -1 -1 -1 -1 -1 -1 -1 -1 -1 -1 -1 -1 -1 -1 -1 -1 -1 -1 -1 -1 -1 -1 -1 -1 -1 -1 -1 -1 -1 -1 -1 -1 -1 -1 -1 -1 -1 -1 -1 -1 -1 -1 -21 -128 -86 -1 -1 -1 -1 -1 -1 -14 -101 -125 -115 -1 -1 -1 -1 -1 -1 -1 -1 -1 -1 -1 -1 -1 -1 -1 -1 -1 -1 -1 -1 -1 -1 -1 -1 -1 -1 -1 -1 -1 -1 -1 -1 -1 -1 -1 -1 -1 -1 -1 -1 -1 -1 -1 -1 -1 -1 -1 -1 -1 -1 -1 -1 -1 -1 -1 -1 -1 -1 -1 -1 -1 -1 -1 -1 -1 -1 -1 -1 -1 -1 -1 -1 -1 -1 -1 -1 -1 -1 -1 -1 -1 -1 -1 -1 -1 -1 -1 -1 -1 -1 -1 -1 -1 -1 -1 -1 -1 -1 -1 -1 -1 -1 -1 -1 -1 -1 -1 -1 -1 -1 -1 -1 -1 -1 -1 -1 -1 -1 -1 -1 -1 -51 0 37 38 30 27 31 31 19 20 25 12 9 9 13 29 32 12 12 31 35 37 14 0 -55 -1 -1 -1 -1 -1 -1 -1 -1 -1 -1 -1 -1 -1 -1 -1 -1 -1 -1
112 96 106 105 91 101 107 116 104 97 113 113 101 119 111 107 99 83 55 31 20 6 0 7 0 21 32 24 32 37 43 55 21 13 27 26 0 15 4 9 7 0 10 0 36 33 32 36 27 39 38 36 19 32 48 47 31 16 25 54 30 10 10 10 3 24 62 104 76 53 36 62 93 77 79 91 42 90 82 61 45 22 44 45 45 44 56 48 27 48 56 33 32 4 36 21 31 67 60 61 56 61 60 61 61 65 53 54 48 54 74 65 55 42 27 18 20 33 38 33 25 19 31 42 38 35 35 35 33 33 21 12 21 25 25 36 37 36 31 22 0 3 25 27 0 0 18 31 20 25 20 19 30 41 26 7 0 0 0 0 24 47 62 82 68 67 68 67 43 14 20 25 24 18 -103 -105 -128 -128 -86 20 29 31 32 35 31 -117 -41 -86 -128 -122 0 15 0 -128 8 12 7 10 35 15 10 24 18 30 52 39 41 68 56 67 64 14 -103 -1 -1 -1 -1 -1 -1 -1 -1 -1 -1 -1 -1 -1 -1 -1 -1 -1 -1 -1 -1 -1 -1 -119 7 15 -110 -51 -7 -128 -128 -7 -1 -1 -1 -1 -1 -1 -1 -1 -1 -1 -1 -1 -1 -1 -1 -1 -1 -1 -1 -115 0 0 -128 -13 -1 -1 -1 -1 -42 -103 -25 -1 -1 -1 -1 -1 -1 -20 -1 -1 -7 -128 -128 -47 -1 -1 -1 -64 -1 -1 -1 -1 -1 -1 -1 -1 -1 -1 -1 -1 -1 -1 -1 -1 -1 -1 -1 -1 -1 -1 -1 -1 -1 -1 -1 -1 -1 -1 -1 -1 -1 -1 -1 -1 -1 -1 -1 -1 -1 -1 -1 -107 -97 -61 -1 -1 -1 -1 -1 -1 -36 -128 -128 -31 -1 -8 -1 -81 -70 -1 -1 -1 -1 -1 -1 -1 -1 -1 -1 -1 -1 -1 -1 -1 -1 -1 -1 -1 -1 -1 -1 -1 -1 -1 -1 -1 -1 -1 -1 -1 -1 -1 -1 -1 -1 -1 -1 -1 -1 -1 -1 -1 -1 -1 -1 -1 -1 -1 -1 -1 -1 -1 -1 -1 -1 -1 -1 -1 -1 -1 -1 -1 -1 -1 -1 -1 -1 -1 -1 -1 -1 -1 -1 -1 -1 -1 -1 -1 -1 -1 -1 -1 -1 -1 -1 -1 -1 -1 -1 -1 -1 -1 -1 -1 -1 -1 -1 -1 -1 -1 -1 -1 -1 -1 -1 -1 -1 -1 -1 -1 -1 -1 -1 -1 -1 -101 31 37 37 21 19 16 15 10 13 13 10 12 19 27 37 36 13 15 36 37 36 10 -128 -1 -1 -1 -1 -1 -1 -1 -1 -1 -1 -1 -1 -1 -1 -1 -1 -1 -1 -1
104 94 97 89 97 110 114 111 93 88 118 119 101 111 89 66 104 97 56 33 21 13 22 0 0 21 30 30 36 37 31 32 6 22 21 4 4 36 0 16 0 30 36 0 13 36 41 37 36 21 33 31 18 21 43 29 2 0 14 19 13 0 0 10 27 61 101 111 101 89 60 39 50 59 83 79 76 62 56 54 55 39 43 45 49 42 44 37 9 33 36 14 25 7 10 0 3 36 47 54 48 60 60 62 77 81 78 79 73 73 79 79 58 49 35 18 13 18 25 24 29 22 12 26 31 33 35 33 29 26 15 19 30 14 30 37 31 29 32 38 35 22 32 29 33 13 0 0 6 22 19 15 39 38 37 15 -120 -122 -124 0 30 22 26 45 64 81 45 27 8 0 0 -114 -128 -124 -128 -120 -100 0 12 38 37 37 41 33 0 -110 -84 -105 0 -128 -89 0 -102 -128 0 15 4 12 31 26 30 21 22 16 29 36 41 60 72 68 37 0 -72 -1 -1 95 -1 -1 -1 -1 -1 -1 -1 -1 -1 -1 -1 -1 -1 -1 -1 -1 -1 -1 -1 -47 0 -114 -50 -11 -101 0 0 -115 -106 -12 -1 -1 -1 -1 -1 -1 -1 -1 -1 -1 -1 -1 -1 -1 -1 -1 -1 -35 0 9 -110 -45 -1 -1 -1 -1 -72 -91 -128 -1 -1 -1 -1 -1 -128 -128 -28 -53 -117 0 -112 -119 -13 -1 -1 -75 -97 -87 -13 -68 -1 -1 -1 -1 -1 -1 -1 -1 -1 -1 -1 -1 -1 -1 -1 -1 -112 -7 -1 -1 -1 -1 -1 -1 -1 -1 -1 -1 -1 -1 -1 -1 -1 -1 -1 -1 -1 -1 -47 0 0 -97 -1 -1 -1 -1 -1 -1 -1 -1 -1 -1 -54 -128 -108 0 0 -103 -63 -8 -1 -1 -67 -81 -1 -1 -1 -1 -1 -1 -1 -1 -1 -1 -1 -1 -1 -1 -1 -1 -1 -1 -1 -1 -1 -1 -1 -1 -1 -1 -1 -1 -1 -1 -1 -1 -1 -1 -1 -1 -1 -1 -1 -1 -1 -1 -1 -1 -1 -1 -1 -1 -1 -1 -1 -1 -1 -1 -1 -1 -1 -1 -1 -1 -1 -1 -1 -1 -1 -1 -1 -1 -1 -1 -1 -1 -1 -1 -1 -1 -1 -1 -1 -1 -1 -1 -1 -1 -1 -1 -1 -1 -1 -1 -1 -1 -1 -1 -1 -1 -1 -1 -1 -1 -1 -1 -1 -1 -1 -1 -1 -1 -9 0 37 35 36 32 18 16 16 10 10 9 19 14 20 32 37 20 21 36 37 36 39 19 -128 -1 -1 -1 -1 -1 -1 -1 -1 -1 -1 -1 -1 -1 -1 -1 -1 -1 -1 -1
95 62 78 89 110 117 101 89 96 96 108 117 102 104 78 82 89 91 52 27 9 19 36 0 0 16 21 20 37 25 15 14 33 36 31 10 26 36 0 0 0 33 36 0 2 1 27 32 26 0 31 38 20 30 38 24 15 13 26 29 12 13 13 24 58 104 105 89 101 79 50 41 47 64 70 91 79 42 47 43 55 45 45 44 43 44 36 36 26 24 32 15 37 30 0 2 21 47 45 50 48 71 83 94 101 102 88 74 56 50 55 67 43 33 31 27 22 14 18 22 22 29 15 19 33 53 50 44 29 16 16 16 12 15 30 35 18 29 27 22 33 12 15 29 35 33 32 31 12 0 0 0 6 4 4 7 4 -88 -128 -115 -121 0 0 25 59 61 16 0 -115 -55 -20 -128 -94 -128 4 30 30 33 37 35 36 36 29 29 -128 -108 -54 -116 0 -112 -45 -97 -56 -40 -120 8 15 13 7 19 29 35 27 22 30 44 59 55 31 44 41 0 -107 -1 -12 -20 -1 -1 -1 -1 -1 -1 -1 -1 -1 -1 -1 -1 -1 -1 -1 -1 -45 -1 -1 -1 -128 -125 -128 -128 -114 16 12 -128 -96 -1 -1 -1 -1 -1 -1 -1 -1 -1 -1 -1 -1 -1 -1 -1 -1 -1 -1 -22 -128 0 -114 -1 -1 -1 -1 -1 -73 0 0 -28 -1 -1 -1 -1 -31 -128 -125 -115 3 14 3 -72 -119 -1 -1 -25 -124 -82 -128 -128 -7 -1 -1 -1 -1 -1 -1 -1 -1 -1 -1 -1 -1 -1 -1 -1 -86 -92 -3 -1 -1 -1 -1 -1 -1 -1 -1 -1 -1 -1 -1 -1 -1 -1 -1 -1 -1 -1 -110 0 -128 -37 -1 -1 -1 -1 96 -1 -1 -1 -1 -1 -1 -128 -128 9 16 0 -92 -120 -36 -1 -60 -107 -1 -1 -1 -1 -1 -1 -1 -1 -1 -1 -1 -1 -1 -1 -1 -1 -1 -1 -1 -1 -1 -1 -1 -1 -1 -1 -1 -1 -1 -1 -1 -1 -1 -1 -1 -1 -1 -1 -1 -1 -1 -1 -1 -1 -1 -1 -1 -1 -1 -1 -1 -1 -1 -1 -1 -1 -1 -1 -1 -1 -1 -1 -1 -1 -1 -1 -1 -1 -1 -1 -1 -1 -1 -1 -1 -1 -1 -1 -1 -1 -1 -1 -1 -1 -1 -1 -1 -1 -1 -1 -1 -1 -1 -1 -1 -1 -1 -1 -1 -1 -1 -1 -1 -1 -1 -1 -1 -1 -77 16 36 35 35 36 37 18 10 9 9 14 18 21 26 33 30 15 31 35 38 37 41 31 -128 -1 -1 -1 -1 -1 -1 -1 -1 -1 -1 -1 -1 -1 -1 -1 -1 -1 -1 -1
85 21 71 106 116 106 100 91 96 99 101 102 99 110 100 90 82 64 33 18 15 26 18 0 25 16 41 49 37 13 26 33 36 36 21 18 38 9 12 0 19 38 32 0 32 20 0 0 0 25 36 38 24 30 37 30 37 43 21 29 3 15 27 55 90 111 95 105 102 84 78 59 36 54 77 74 88 55 39 47 49 37 50 29 37 36 39 43 37 32 38 30 33 35 27 36 31 41 52 72 82 90 96 105 101 94 83 68 71 59 47 47 59 49 44 27 13 18 25 16 21 35 20 21 47 33 53 44 31 22 19 13 0 2 24 32 30 13 16 16 24 24 29 35 35 36 43 38 32 18 19 21 1 0 0 0 -42 -46 -106 -1 -3 -61 -128 1 13 0 -128 -60 -70 -39 -122 0 -114 -106 33 35 18 18 35 31 36 30 14 0 -53 -1 -1 -34 -55 -16 -1 -1 -1 -1 -128 -88 0 -128 -128 0 0 13 27 16 22 31 42 18 16 42 44 12 -119 -98 -128 -125 -14 -1 -1 -1 -1 -1 -1 -1 -1 -1 -1 -1 -1 -1 -1 -1 -1 -100 -1 -1 -1 -128 0 0 2 6 0 -117 -1 -1 -1 -1 -1 -1 -1 -1 -1 -1 -1 -1 -1 -1 -1 -1 -1 -1 -1 -1 -105 -128 -18 -1 -1 97 -13 -128 -128 7 8 -111 -1 -1 -1 -1 -12 -128 0 27 24 26 -97 -128 -124 -1 -1 -1 -128 0 -101 -86 -1 -1 -1 -1 -1 -1 -1 -1 -1 -1 -1 -1 -1 -1 -1 -1 -1 -124 -94 -1 -1 -1 -1 -1 -1 -1 -1 -1 -1 -1 -1 -1 -1 -1 -1 -1 -1 -96 0 -114 -65 -1 -1 -1 -1 -1 -1 -7 -16 -1 -1 -1 -1 -117 -128 21 15 15 0 2 -107 -1 -1 -1 -1 -1 -1 -1 -1 -1 -1 -1 -1 -1 -1 -1 -1 -1 -1 -1 -1 -1 -1 -1 -1 -1 -1 -1 -1 -1 -1 -1 -1 -1 -1 -1 -1 -1 -1 -1 -1 -1 -1 -1 -1 -1 -1 -1 -1 -1 -1 -1 -1 -1 -1 -1 -1 -1 -1 -1 -1 -1 -1 -1 -1 -1 -1 -1 -1 -1 -1 -1 -1 -1 -1 -1 -1 -1 -1 -1 -1 -1 -1 -1 -1 -1 -1 -1 -1 -1 -1 -1 -1 -1 -1 -1 -1 -1 -1 -1 -1 -1 -1 -1 -1 -1 -1 -1 -1 -1 -59 -84 0 32 32 21 36 36 35 22 10 10 19 31 32 32 35 42 33 16 26 31 36 31 30 29 -111 -1 -1 -1 -1 -1 -1 -1 -1 -1 -1 -1 -1 -1 -1 -1 -1 -1 -1 -1
29 61 110 119 118 111 108 97 97 100 89 89 77 84 107 91 71 44 29 9 16 33 14 0 33 15 24 35 26 16 30 18 36 29 20 32 27 6 20 0 22 37 10 18 39 36 36 25 0 14 41 35 31 21 26 18 45 22 9 0 15 35 48 93 110 108 101 108 105 88 95 65 38 43 44 52 90 93 77 48 44 41 48 38 43 27 24 41 20 18 36 20 30 31 22 50 45 61 85 106 110 112 111 105 95 84 95 110 84 82 65 15 36 72 42 18 29 24 20 15 39 26 22 30 38 56 59 58 42 33 38 21 7 2 18 15 30 9 20 33 38 37 38 36 38 38 37 36 22 29 27 26 22 29 25 26 30 3 -128 -42 -1 -1 -44 -84 -77 -73 -1 -1 -1 -92 -117 27 0 -128 21 36 22 16 12 12 38 13 -119 -50 -1 -1 -26 -1 -1 -102 -114 -86 -59 -49 -1 -53 -68 -46 -22 -96 -110 0 -94 0 0 0 20 14 15 21 14 -124 -128 -128 -128 -128 -120 -1 -1 -1 -1 -1 -1 -1 -1 -1 -1 -1 -1 -1 -1 -1 -1 -94 -61 -1 -8 -107 -115 0 26 18 -108 -2 -1 -1 -1 -1 -1 -59 -82 -1 -1 -1 -1 -1 -1 -1 -1 -1 -25 -121 -58 -1 -22 -35 -1 -1 -1 -11 -77 0 2 25 29 0 -47 -1 -1 -1 -1 -32 0 15 4 0 -128 -72 -1 -1 -1 -1 -35 -84 -55 -1 -1 -1 -1 -1 -1 -1 -1 -1 -1 -1 -58 -114 -55 -54 -86 -1 -88 3 0 -79 -46 -91 -30 -1 -1 -1 -1 -1 -1 -1 -1 -1 -1 -1 -1 -1 -1 -128 -122 -12 -1 -1 -1 -1 -1 -1 -1 -65 -128 -34 -1 -1 -1 -124 0 19 15 13 19 29 0 -49 -1 -1 -1 -1 -1 -1 -1 -1 96 -1 -1 -1 -1 -1 -1 -1 -1 -1 -1 -1 -1 -1 -1 -1 -1 -1 -1 -1 -1 -1 -1 -1 -1 -1 -1 -1 -1 -1 -1 -1 -1 -1 -1 -1 -1 -1 -1 -1 -1 -1 -1 -1 -1 -1 -1 -1 -1 -1 -1 -1 -1 -1 -1 -1 -1 -1 -1 -1 -1 -1 -1 -1 -1 -1 -1 -1 -1 -1 -1 -1 -1 -1 -1 -1 -1 -1 -1 -1 -1 -1 -1 -1 -1 -1 -1 -1 -1 -1 -1 -1 -1 -1 -1 -1 -1 -1 -1 -7 -128 0 29 32 29 15 24 31 29 16 12 16 33 55 56 45 45 53 39 19 13 24 21 19 21 18 0 -20 -1 -1 -1 -1 -1 -1 -1 -1 -1 -1 -1 -1 -1 -1 -1 -1 -1 -1
68 101 118 108 97 100 94 88 106 101 78 65 58 64 85 68 49 31 20 14 32 6 26 0 27 25 19 12 26 38 37 0 22 19 18 29 4 27 0 24 0 16 13 38 38 32 38 39 7 4 37 33 39 35 29 15 8 0 0 16 26 52 74 107 105 108 104 91 95 91 68 50 37 58 56 64 91 84 53 70 89 81 74 58 52 24 43 35 14 32 8 8 30 32 26 58 54 39 95 105 105 112 118 112 105 106 108 100 97 108 93 62 20 35 29 45 53 38 24 32 39 29 41 59 73 87 81 67 44 58 60 38 21 16 14 18 24 12 19 15 32 38 35 33 33 38 38 37 21 32 19 19 24 32 53 43 36 -124 -75 -55 -1 -1 -1 -1 -1 -1 -1 -1 -1 -1 -100 -107 -93 -128 19 36 20 20 10 19 21 0 -94 -6 -1 -51 -128 -21 -1 -115 20 0 0 -84 -1 -1 -1 -1 -1 -1 -1 -128 -13 -17 -44 -115 8 27 18 16 0 -128 -92 -1 -25 -93 -46 -1 -1 -1 -1 -1 -1 -1 -1 -1 -1 -1 -1 -1 -1 -1 -1 -1 -1 -1 -13 -1 -28 -111 0 4 -117 -116 -107 -73 -1 -1 -1 -88 -77 -6 -1 -1 -1 -1 -1 -1 -1 -1 -74 -128 -112 -1 -1 -1 -1 -1 -1 -115 -106 21 10 20 31 13 -111 -1 -1 -1 -1 -11 -119 16 -128 -55 -1 -1 -1 -1 -1 -1 -1 -12 -1 -1 -1 -1 -1 -35 -1 -1 -1 -1 -1 -3 0 0 -128 -128 0 -128 -128 13 16 -122 -128 0 0 -97 -1 -1 -1 -1 -1 -1 -1 -1 -1 -1 -1 -1 -1 -1 -1 -1 -1 -1 -1 -1 -1 -1 -1 -73 0 -117 -32 -1 -122 0 7 12 0 0 26 14 0 -67 -1 -1 -1 -1 -1 -1 -1 -1 -1 -1 -1 -1 -1 -1 -1 -1 -1 -1 -1 -1 -1 -1 -1 -1 -1 -1 -1 -1 -1 -1 -1 -1 -1 -1 -1 -1 -1 -1 -1 -1 -1 -1 -1 -1 -1 -1 -1 -1 -1 -1 -1 -1 -1 -1 -1 -1 -1 -1 -1 -1 -1 -1 -1 -1 -1 -1 -1 -1 -1 -1 -1 -1 -1 -1 -1 -1 -1 -1 -1 -1 -1 -1 -1 -1 -1 -1 -1 -1 -1 -1 -1 -1 -1 -1 -1 -1 -1 -1 -1 -1 -1 -1 -1 -1 -1 -1 -1 -124 0 37 37 33 33 29 30 32 29 14 12 27 45 73 77 56 54 61 38 16 9 18 20 13 16 20 0 -55 -1 -1 -1 -1 -1 -1 -1 -1 -1 -1 -1 -1 -1 -1 -1 -1 -1 -1
84 113 112 101 99 93 91 84 89 102 82 53 37 42 49 47 30 19 14 30 32 0 36 16 0 31 36 30 0 32 37 27 -70 22 33 14 14 30 4 33 -70 0 21 39 35 35 27 41 9 0 37 36 37 35 25 0 0 9 30 20 31 38 77 104 89 94 113 102 83 66 50 37 44 67 83 88 91 106 102 99 88 62 45 65 60 6 33 35 32 41 52 43 38 42 60 85 82 65 87 96 108 118 117 117 110 100 110 114 113 105 89 72 41 41 82 97 70 36 27 19 27 54 67 55 58 64 64 52 64 77 68 48 33 27 12 8 15 26 21 24 33 35 16 24 20 36 27 33 9 18 20 29 32 45 78 48 14 -128 -1 -1 -1 -1 -1 -1 -1 -1 -1 -58 -75 -1 -42 -49 -75 -111 0 35 27 20 8 22 30 0 -101 -101 -16 -44 -128 -36 -1 -84 0 10 0 -59 -1 -1 -1 -1 -17 -96 -128 -1 -1 -70 -75 -60 0 6 0 0 -92 -2 -3 -1 -1 -1 -1 -1 -1 -1 -1 -1 -1 -1 -1 -1 -1 -1 -1 -1 -1 -1 -1 -1 -1 -1 -1 -1 -1 -1 -105 0 0 0 -98 -59 -1 -1 -1 -81 -77 -128 -1 -1 -1 -1 -1 -1 -1 -1 -1 -51 -70 -1 -1 -1 -1 -1 -1 -120 15 12 12 12 10 22 -108 -1 -1 -1 -1 -116 -105 0 -73 -1 -1 -1 -1 -1 -1 -1 -1 -55 -35 -1 -1 -1 -30 -128 -34 -1 -1 -1 -1 -1 -116 4 0 0 3 0 -128 24 42 0 -124 4 25 -126 -20 -44 -128 -1 -1 -1 -1 -1 -1 -1 -1 -1 -1 -1 -1 -1 -1 -1 -1 -1 -1 -1 -1 -74 29 14 -128 -14 -121 3 20 0 0 0 20 0 -108 -1 -1 -1 -1 -1 -1 -1 -1 -42 -1 -1 -1 -1 -1 -1 -1 -1 -1 -1 -1 -1 -1 -1 -1 -1 -1 -1 -1 -1 -1 -1 -1 -1 -1 -1 -1 -1 -1 -1 -1 -1 -1 -1 -1 -1 -1 -1 -1 -1 -1 -1 -1 -1 -1 -1 -1 -1 -1 -1 -1 -1 -1 -1 -1 -1 -1 -1 -1 -1 -1 -1 -1 -1 -1 -1 -1 -1 -1 -1 -1 -1 -1 -1 -1 -1 -1 -1 -1 -1 -1 -1 -1 -1 -1 -1 -1 -1 -1 -1 -1 -1 -1 -1 -1 -1 -1 -1 -1 -128 29 38 37 37 37 35 36 33 32 13 14 35 62 78 82 72 65 59 33 16 7 15 18 7 13 14 0 -69 -1 -1 -1 -1 -1 -1 -1 -1 -1 -1 -1 -1 -1 -1 -1 -1 -1 -1
89 112 112 108 110 95 93 93 97 93 70 43 26 24 30 29 19 13 25 36 31 0 37 32 30 0 31 39 14 16 21 13 -50 18 25 7 31 6 16 30 -42 0 32 35 0 31 22 20 8 0 41 30 15 0 0 19 31 39 35 16 14 41 78 107 89 82 106 81 72 54 43 45 56 85 90 107 114 114 91 60 60 84 77 84 70 39 39 45 42 56 67 43 47 53 73 95 83 70 77 90 112 116 101 105 95 81 107 112 113 94 87 74 48 59 105 90 64 26 14 30 32 29 59 42 27 50 55 53 67 68 56 41 35 20 13 12 27 36 33 36 24 16 18 16 13 26 25 20 9 12 31 45 59 82 95 60 0 -94 -1 -1 -20 -124 -1 -83 -1 -1 -26 -128 -128 -1 -1 -1 -1 -68 -100 15 24 18 16 27 16 -114 -125 -1 -1 -1 -11 -1 -1 -106 0 2 -114 -1 -1 -1 -1 -106 -114 0 0 -72 -39 -128 -128 -108 -121 -128 -115 -103 -37 -36 -1 -1 -1 -1 -1 -1 -1 -1 -13 -1 -1 -1 -1 -1 -1 -1 -1 -1 -1 -1 -1 -1 -1 -1 -1 -1 -1 -1 -1 -68 -128 -119 -128 -68 -1 -1 -1 -1 -1 -1 -1 -1 -1 -1 -1 -1 -1 -1 -1 -1 -1 -1 -1 -1 -1 -1 -32 -110 29 31 12 29 13 0 -128 -1 -1 -1 -1 -47 -103 -74 -1 -16 -1 -1 -1 -1 -1 -1 -1 -7 -34 -1 -1 -1 -1 -11 -1 -1 -1 -1 -1 -1 -110 15 10 10 0 6 22 20 48 26 21 25 0 -128 -69 -115 0 -72 -1 -1 -1 -1 -1 -1 -1 -1 -1 -1 -1 -1 -1 -1 -14 -1 -1 -1 -1 -74 0 37 0 -106 -79 0 9 16 15 2 14 0 -107 -1 -1 -1 -1 -1 -1 -1 -65 -128 -53 -1 -1 -1 -1 -1 -1 -1 -1 -1 -1 -1 -1 -1 -1 -1 -1 -1 -1 -1 -1 -1 -1 -1 -1 -1 -1 -1 -1 -1 -1 -1 -1 -1 -1 -1 -1 -1 -1 -1 -1 -1 -1 -1 -1 -1 -1 -1 -1 -1 -1 -1 -1 -1 -1 -1 -1 -1 -1 -1 -1 -1 -1 -1 -1 -1 -1 -1 -1 -1 -1 -1 -1 -1 -1 -1 -1 -1 -1 -1 -1 -1 -1 -1 -1 -1 -1 -1 -1 -1 -1 -1 -1 -1 -1 -1 -1 -1 -1 -112 35 35 35 32 35 36 37 29 24 18 14 42 70 73 88 76 76 59 30 14 13 15 15 12 21 18 0 -72 -1 -1 -1 -1 -1 -1 -1 -1 -1 -1 -1 -1 -1 -1 -1 -1 -1 -1
83 101 104 102 97 89 93 91 104 84 56 38 14 0 7 16 9 20 0 8 29 0 35 4 18 12 -101 -98 -96 -108 -128 -102 -63 10 -46 0 0 -55 13 22 -30 25 37 41 0 -110 27 22 2 1 24 -105 -128 -101 25 8 36 25 24 19 32 65 94 100 79 66 73 58 52 45 60 84 74 84 111 107 104 104 89 85 94 89 84 89 78 68 50 53 60 42 39 44 60 60 77 99 78 77 91 108 110 93 87 77 66 97 90 82 82 101 96 88 85 82 93 97 64 25 27 32 36 33 27 20 27 32 52 62 62 42 33 33 22 18 22 26 26 22 18 19 22 29 21 22 27 24 33 30 24 31 48 66 78 79 59 38 0 -83 -1 -35 -128 -128 -21 -17 -8 -4 -128 -111 -88 -1 -1 -37 -1 -1 -68 -103 0 0 4 0 -111 -128 -1 -1 -1 -1 -12 -1 -1 -12 -89 -128 -44 -1 -1 -11 -103 1 27 37 10 -124 -121 0 -128 -16 -31 -1 -1 -1 -1 -1 -1 -1 -1 -1 -1 -1 -1 -1 -12 -1 -1 -1 -1 -1 -1 -1 -1 -1 -1 -1 -1 -1 -1 -1 -1 -1 -1 -1 -1 -1 -1 -1 -1 -1 -1 -1 -1 -97 -115 -13 -1 -1 -1 -1 -1 -1 -1 -1 -1 -1 -1 -1 -1 -1 -1 -1 -128 0 27 44 0 -115 -128 -107 -1 -1 -1 -1 -1 -1 -1 -1 -8 -128 -112 -60 -1 -1 -1 -1 -1 -1 -1 -1 -1 -6 -1 -31 -1 -1 -1 -1 -1 -1 -84 0 38 31 21 27 47 25 54 72 33 22 0 0 -128 15 14 0 -91 -86 -55 -1 -1 -1 -1 -1 -1 -1 -1 -1 -22 -100 -86 -121 -47 -47 -1 -128 10 33 15 -128 -116 0 13 14 47 37 25 0 -46 -1 -1 -1 -1 -1 -1 -1 -51 0 -126 -4 -1 -1 -1 -1 -1 -1 -1 -1 -1 -1 -1 -1 -1 -1 -1 -1 -1 -1 -1 -1 -1 -1 -1 -1 -1 -1 -1 -1 -1 -1 -1 -1 -1 -1 -1 -1 -1 -1 -1 -1 -1 -1 -1 -1 -1 -1 -1 -1 -1 -1 -1 -1 -1 -1 -1 -1 -1 -1 -1 -1 -1 -1 -1 -1 -1 -1 -1 -1 -1 -1 -1 -1 -1 -1 -1 -1 -1 -1 -1 -1 -1 -1 -1 -1 -1 -1 -1 -1 -1 -1 -1 -1 -1 -1 -1 -1 -64 0 29 36 36 30 19 32 33 37 24 13 21 47 64 50 67 81 74 47 25 13 10 24 16 19 33 15 -126 -18 -1 -1 -1 -1 -1 -1 -1 -1 -1 -1 -1 -1 -1 -1 -1 -1 -1 -1
81 83 84 88 90 78 66 76 89 73 55 29 14 0 0 0 7 24 29 22 0 -112 -115 -128 0 0 -67 -25 -18 -20 -25 -50 -128 -128 -106 -107 0 -35 -56 7 19 33 32 26 0 -128 22 19 -106 0 -111 -49 -122 -111 0 0 25 26 25 22 47 88 108 107 84 61 58 56 54 55 78 95 99 94 113 102 104 112 107 81 72 60 78 85 70 55 53 41 36 31 43 60 82 65 95 84 76 81 96 108 112 106 66 42 72 93 78 53 88 90 65 83 113 106 97 84 38 47 42 47 74 38 32 26 18 25 24 36 36 30 13 29 30 39 47 44 41 13 15 32 43 45 44 39 32 42 33 25 30 31 70 68 43 35 56 18 0 -58 -1 -2 -91 -128 -115 -128 -4 -1 -47 -128 -67 -128 -128 -128 -128 -128 -12 -70 -128 -103 -102 -34 -114 -46 -1 -1 -1 -1 -1 -1 -1 -1 -1 -1 -1 -59 -102 -128 4 39 29 41 13 0 0 0 -116 -1 -1 -1 -1 -1 -1 -1 -1 -1 -1 -1 -1 -1 -1 -1 -1 -1 -1 -1 -1 -1 -1 -31 -30 -1 -1 -1 -1 -1 -1 -1 -1 -1 -1 -1 -1 -1 -1 -1 -1 -1 -1 -128 -102 -128 -114 -21 -1 -1 -1 -1 -1 -1 -1 -1 -1 -1 -1 -1 -1 -1 -1 -1 -45 -125 0 9 -101 -49 -1 -1 -1 -1 -1 -1 -1 -1 -1 -1 -30 -128 -128 -83 -1 -1 -1 -1 -1 -1 -61 -74 -111 -75 -105 -117 -93 -1 -1 -1 -1 -1 -128 0 22 41 49 74 82 61 62 56 22 14 0 12 30 35 9 3 0 -128 -128 -128 -110 -79 -49 -1 -1 -1 -1 -77 -49 -128 -128 -93 -91 -97 -23 -125 14 52 25 0 -128 -106 0 0 26 30 21 0 -74 -1 -1 -1 -1 -1 -1 -1 -1 -128 0 -50 -1 -1 -1 -1 -1 -1 -1 -1 -1 -1 -1 -1 -1 -1 -1 -1 -1 -1 -1 -1 -1 -1 -1 -1 -1 -1 -1 -1 -1 -1 -1 -1 -1 -1 -1 -1 -1 -1 -1 -1 -1 -1 -1 -1 -1 -1 -1 -1 -1 -1 -1 -1 -1 -1 -1 -1 -1 -1 -1 -1 -1 -1 -1 -1 -1 -1 -1 -1 -1 -1 -1 -1 -1 -1 -1 -1 -1 -1 -1 -1 -1 -1 -1 -1 -1 -1 -1 -1 -1 -1 -1 -1 -1 -1 -1 -1 -122 21 16 33 35 18 20 22 32 36 30 19 21 45 41 37 59 73 84 43 12 15 20 26 12 14 25 9 -128 -1 -1 -1 -1 -1 -1 -1 -1 -1 -1 -1 -1 -1 -1 -1 -1 -1 -1 -1
79 82 82 84 78 60 52 49 55 48 31 14 12 21 20 15 19 0 4 -128 -128 -128 -36 -125 16 0 -55 -1 -1 -1 -1 -1 -1 -23 -1 -35 -128 -108 0 0 0 -105 -119 -122 -63 -88 -111 -114 -21 -47 -74 -107 21 20 0 35 29 22 41 38 62 100 107 93 68 56 56 67 64 70 91 111 99 110 108 91 100 99 101 93 66 58 74 68 74 64 52 31 33 33 50 81 85 74 85 88 79 68 96 84 82 100 73 21 70 50 53 52 61 55 56 91 117 99 88 64 85 93 61 48 89 59 25 38 31 16 16 24 39 31 15 25 22 47 47 74 67 26 27 55 55 37 27 26 19 18 25 24 16 19 45 45 25 16 25 19 0 -8 -1 -1 -69 0 26 0 -96 -1 -1 -128 -50 -119 12 12 7 0 -115 -1 -1 -1 -1 -1 -11 -1 -1 -1 -1 -1 -1 -1 -1 -1 -1 -6 -121 0 -114 -121 0 55 44 15 0 -128 -107 -88 -6 -1 -1 -1 -1 -1 -1 -1 -1 -1 -1 -1 -1 -1 -1 -1 -64 -1 -39 -1 -1 -1 -1 -41 -51 -1 -1 -1 -1 -1 -1 -1 -1 -35 -1 -1 -1 -1 -1 -89 -23 -1 -103 -79 -106 -122 -1 -1 -1 -1 -1 -21 -128 -12 -1 -1 -1 -1 -1 -1 -1 -1 -1 -1 -1 -3 -94 -111 -128 -1 -1 -1 -1 -1 -1 -1 -1 -1 -1 -1 -1 -44 -25 -1 -1 -1 -1 -1 -1 -79 -114 -94 -117 -73 -128 0 -125 -1 -1 -1 -1 -3 -128 -128 0 20 15 64 68 70 72 83 59 32 18 24 24 26 7 4 18 0 -128 -122 -128 -128 -128 -124 -107 -102 -128 -128 -117 -128 -128 -97 -110 -82 -125 0 12 26 48 7 -116 -101 13 0 19 26 18 4 -106 -1 -1 -1 -50 -67 -1 -1 -1 -67 -98 -87 -1 -1 -1 -1 -2 -17 -1 -1 -1 -1 -1 -1 -1 -1 -1 -1 -1 -1 -1 -1 -1 -1 -1 -1 -1 -1 -1 -1 -1 -1 -1 -1 -1 -1 -1 -1 -1 -1 -1 -1 -1 -1 -1 -1 -1 -1 -1 -1 -1 -1 -1 -1 -1 -1 -1 -1 -1 -1 -1 -1 -1 -1 -1 -1 -1 -1 -1 -1 -1 -1 -1 -1 -1 -1 -1 -1 -1 -1 -1 -1 -1 -1 -1 -1 -1 -1 -1 -1 -1 -1 -1 -1 -1 -1 -1 -28 0 30 32 25 30 14 13 18 31 32 30 19 13 26 30 29 33 44 47 21 16 35 32 33 25 14 12 4 -128 -27 -1 -1 -1 -1 -1 -1 -1 -1 -1 -1 -1 -1 -1 -1 -1 -1 -1 -1
95 97 96 97 84 67 53 37 31 24 19 14 16 32 31 25 32 0 -77 -112 -128 -124 -112 -65 -120 -68 -1 -1 -1 -1 -1 -1 -1 -1 -1 -1 -1 -59 12 -101 -21 -119 -96 -12 -1 -27 -1 -1 -91 -128 -128 -91 29 0 10 41 31 22 50 68 83 104 85 76 52 54 60 82 67 79 93 93 81 97 107 88 110 99 81 67 62 59 49 45 43 38 32 36 35 31 10 70 49 79 90 102 85 95 93 68 71 88 78 43 24 31 36 58 33 43 71 88 110 84 66 89 108 96 38 47 78 42 16 33 33 27 29 20 22 15 26 13 19 12 20 41 54 32 21 41 37 32 22 15 20 24 25 27 24 22 32 31 21 8 25 10 -110 -1 -1 -1 -56 0 25 4 -89 -1 -1 -69 -97 -101 24 16 18 0 -81 -1 -1 -1 -1 -1 -1 -1 -1 -1 -1 -1 -1 -1 -1 -1 -82 -126 0 12 -106 -100 0 48 3 -121 -93 -1 -1 -1 -1 -1 -1 -1 -1 -1 -1 -1 -1 -1 -1 -1 -1 -1 -1 -1 -78 -128 -128 -107 -1 -1 -1 -1 -1 -1 -1 -1 97 -77 -114 -1 -1 -128 -68 -1 -1 -1 -1 -1 -1 -1 -64 -128 -125 -30 -1 -1 -1 -1 -1 -44 -108 -75 -1 -1 -1 -1 -1 -1 -1 -1 -1 -1 -1 -1 -1 -42 -1 -1 -1 -1 -1 -1 -1 -1 -1 -1 -1 -1 -1 -1 -1 -1 -1 -1 -1 -1 -1 -128 -108 -112 -94 -105 1 27 -91 -1 -1 -1 -1 -40 -128 -87 0 24 10 16 36 70 81 81 65 38 64 49 18 12 0 0 0 0 0 -84 0 0 0 0 -128 -128 0 15 -112 -128 -107 0 0 -112 -107 0 0 18 26 9 -97 0 19 0 8 10 4 0 -78 -1 -1 -1 -89 -119 -46 -3 -1 -51 0 -128 -45 -1 -1 -1 -128 -128 -14 -1 -1 -1 -1 -1 -1 -1 -1 -1 -1 -1 -1 -1 -1 -1 -1 -1 -1 -1 -1 -1 -1 -1 -1 -1 -1 -1 -1 -1 -1 -1 -1 -1 -1 -1 -1 -1 -1 -1 -1 -1 -1 -1 -1 -1 -1 -1 -1 -1 -1 -1 -1 -1 -1 -1 -1 -1 -1 -1 -1 -1 -1 -1 -1 -1 -1 -1 -1 -1 -1 -1 -1 -1 -1 -1 -1 -1 -1 -1 -1 -1 -1 -1 -1 -1 -1 -1 -1 -78 16 26 30 24 24 24 22 25 31 31 24 20 12 20 24 19 13 18 21 15 26 36 37 37 35 36 26 26 -119 -128 -26 -1 -1 -1 -1 -1 -1 -1 -1 -1 -1 -1 -1 -1 -1 -1 -1 -1
108 113 113 113 108 100 88 68 41 20 13 12 0 2 4 1 -88 -128 -128 -128 -96 -102 -121 -1 -4 -1 -1 -1 -1 -1 -1 -1 -1 -1 -1 -1 -1 -39 -94 -110 -53 -114 -128 -1 -89 -101 -82 -13 0 9 0 -128 0 18 21 30 30 32 70 102 107 90 73 54 43 55 66 78 79 97 83 70 65 74 79 79 85 76 78 66 64 65 38 30 16 33 35 35 37 35 30 73 89 93 106 112 99 111 99 78 54 58 68 44 21 19 21 19 24 61 56 76 76 41 64 91 99 67 22 38 56 30 19 3 31 9 19 14 20 16 24 36 29 35 21 24 35 26 20 27 19 21 15 0 19 26 26 26 27 26 1 0 -105 -117 -103 -107 -40 -1 -1 -1 -94 18 25 22 -107 -1 -13 -128 -128 19 22 13 20 0 -128 -65 -1 -1 -1 -1 -1 -1 -1 -1 -1 -1 -1 -1 -1 -1 -128 6 20 16 -106 -1 -94 -114 -97 -17 -1 -1 -1 -1 -1 -1 -1 -1 -1 -1 -1 -1 -1 -1 -1 -1 -1 -1 -1 -1 -63 -111 4 0 -82 -40 -1 -1 -1 -1 -1 -1 -1 -102 -125 -120 -9 -92 -128 -1 -1 -1 -1 -1 -1 -1 -1 -3 -1 -1 -1 -1 -1 -1 -1 -2 -119 0 -32 -1 -1 -1 -1 -1 -1 -1 -1 -1 -1 -1 -1 -1 -1 -59 -1 -1 -1 -1 -1 -1 -1 -1 -1 -1 -1 -1 -1 -1 -1 -1 -1 -1 -1 -75 10 -128 -96 26 27 0 -58 -1 -1 -37 -98 -112 26 10 0 26 30 18 19 22 7 35 76 60 93 77 35 3 21 44 9 6 26 0 33 26 0 21 0 33 39 37 33 0 22 32 0 -86 -94 -92 0 10 21 0 0 0 7 26 3 1 20 -128 -25 -1 -1 -1 -28 -128 -128 -128 -110 -115 4 0 -128 -6 -1 -103 0 0 -115 -1 -1 -1 -1 -1 -1 -1 -1 -1 -1 -1 -1 -1 -1 -1 -1 -1 -1 -1 -1 -1 -1 -1 -1 -1 -1 -1 -1 -1 -1 -1 -1 -1 -1 -1 -1 -1 -1 -1 -1 -1 -1 -1 -1 -1 -1 -1 -1 -1 -1 -1 -1 -1 -1 -1 -1 -1 -1 -1 -1 -1 -1 -1 -1 -1 -1 -1 -1 -1 -1 -1 -1 -1 -1 -1 -1 -1 -1 -1 -1 -1 -1 -1 -1 -1 -1 -1 -1 0 36 36 33 31 33 35 35 35 37 35 29 16 19 20 24 31 27 20 31 33 36 39 38 37 36 36 35 42 13 -128 -63 -13 -1 -1 -1 -1 -1 -1 -1 -1 -1 -1 -1 -1 -1 -1 -1 -1
107 108 100 106 107 113 111 105 85 48 15 13 20 26 31 0 -120 -1 -93 -128 -84 -3 -1 -1 -1 -1 -1 -1 -14 -1 -1 -1 -1 -1 -1 -1 -1 -1 -65 -53 -1 -13 -59 -1 -59 -98 -128 -92 -79 0 26 20 31 18 19 15 15 45 84 85 89 76 49 48 54 56 59 66 88 93 77 64 31 47 52 54 55 47 35 35 37 27 33 31 4 30 33 35 36 29 39 53 65 76 99 104 102 72 95 95 74 47 30 30 27 20 25 21 31 41 36 43 35 32 53 68 91 76 36 21 22 16 13 0 14 0 18 12 33 22 8 6 -128 0 0 0 16 15 13 29 0 19 29 14 22 29 22 10 22 0 -121 -58 -4 -13 -1 -1 -1 -1 -1 -87 0 26 19 15 -115 -4 -28 -128 8 25 30 16 18 12 0 -122 -11 -75 -27 -1 -1 -1 -1 -1 -1 -1 -1 -1 -1 -1 -42 0 2 0 -105 -1 -1 -2 -1 -1 -1 -1 -1 -1 -1 -1 -1 -1 -1 -1 -1 -1 -1 -1 -1 -1 -1 -1 -1 -1 -1 -128 -126 0 -128 -128 -26 -1 -1 -1 -1 -1 -1 -63 -128 -117 -18 -1 -1 -1 -1 -1 -1 -1 -1 -1 -1 -1 -1 -1 -1 -1 -1 -1 -1 -1 -124 0 -101 -1 -47 -1 -1 -1 -1 -1 -1 -1 -1 -1 -1 -1 -1 -1 -1 -1 -1 -1 -1 -1 -1 -1 -1 -1 -1 -1 -1 -1 -1 -1 -1 -1 -1 -74 24 22 0 -125 -128 -23 -1 -1 -86 -128 0 0 35 14 20 33 35 26 31 27 13 39 62 85 85 96 76 41 45 45 15 8 36 0 35 0 20 26 2 7 38 32 38 22 33 0 -105 -115 -100 -96 -101 0 0 4 27 3 14 25 20 7 22 -128 -1 -1 -1 -1 -2 -128 0 0 9 18 6 14 0 -128 -122 -100 3 2 -119 -32 -1 -1 -1 -1 -1 -1 -1 -1 -1 -1 -1 -1 -1 -1 -1 -1 -1 -1 -1 -1 -1 -1 -1 -1 -1 -1 -1 -1 -1 -1 -1 -1 -1 -1 -1 -1 -1 -1 -1 -1 -1 -1 -1 -1 -1 -1 -1 -1 -1 -1 -1 -1 -1 -1 -1 -1 -1 -1 -1 -1 -1 -1 -1 -1 -1 -1 -1 -1 -1 -1 -1 -1 -1 -1 -1 -1 -1 -1 -1 -1 -1 -1 -1 -1 -1 -1 -87 4 39 35 32 39 37 36 33 37 37 37 25 18 16 14 30 38 26 20 38 38 35 25 19 14 16 32 37 41 32 14 -116 -128 -20 -1 -1 -1 -1 -1 -1 -1 -1 -1 -1 -1 -1 -1 -1 -1
122 101 102 110 114 114 112 114 85 49 15 12 19 15 25 -116 -72 -1 -2 -1 -1 -1 -1 -1 -1 -1 -1 -1 -16 -1 -1 -1 -1 -1 -1 -1 -1 -1 -1 -1 -1 -1 -1 -1 -13 -128 -119 -89 -128 -101 0 27 32 22 37 33 26 38 71 72 71 58 39 45 49 49 50 64 83 99 81 79 66 54 37 19 29 30 25 0 29 0 14 35 32 35 35 33 47 41 35 42 56 71 90 83 78 50 60 62 60 43 37 44 49 32 15 30 16 13 33 29 22 18 35 48 42 54 37 25 27 22 29 0 0 -128 0 7 18 19 -108 -96 -55 -128 -128 -103 -128 0 0 -89 -125 -128 0 14 25 21 6 0 -128 -128 -91 -1 -1 -1 -1 -36 -32 -1 -1 -22 0 16 24 20 -108 -28 -96 0 24 19 25 25 21 16 0 -128 -122 -128 -51 -1 -1 -1 -1 -1 -1 -1 -1 -1 -1 -1 -128 -124 -108 -120 -13 -1 -1 -1 -1 -1 -1 -1 -1 -1 -1 -1 -1 -1 -1 -1 -1 -1 -1 -1 -1 -1 -1 -1 -1 -1 -1 -1 -18 -58 -63 -8 -1 -1 -1 -1 -1 -1 -1 -1 -41 -128 -1 -1 -1 -1 -1 -1 -1 -1 -1 -1 -1 -1 -1 -1 -1 -1 -1 -1 -1 -1 -128 0 -81 -59 -128 -100 -1 -1 -1 -1 -1 -1 -1 -1 -1 -1 -1 -1 -1 -1 -1 -1 -1 -1 -1 -1 -1 -1 -1 -1 -1 -1 -1 -1 -1 -1 -1 -81 20 0 -128 -115 -1 -1 -1 -69 -78 -119 32 38 37 30 24 38 32 30 55 58 39 74 67 88 107 100 81 38 42 15 0 14 41 1 35 0 19 20 24 27 29 36 38 33 0 21 0 0 -103 21 0 35 33 32 0 0 0 0 18 14 10 0 -86 -1 -1 -1 -69 -128 2 8 0 15 24 0 12 3 0 22 16 14 0 -128 -53 -1 -1 -1 -1 -1 -1 -1 -1 -1 -1 -1 -1 -1 -1 -1 -1 -1 -1 -1 -1 -1 -1 -1 -1 -1 -1 -1 -1 -1 -1 -1 -1 -1 -1 -1 -1 -1 -1 -1 -1 -1 -1 -1 -1 -1 -1 -1 -1 -1 -1 -1 -1 -1 -1 -1 -1 -1 -1 -1 -1 -1 -1 -1 -1 -1 -1 -1 -1 -1 -1 -1 -1 -1 -1 -1 97 -1 -1 -1 -1 -1 -1 -1 -8 -84 -106 31 38 38 38 38 37 35 37 36 37 37 36 30 22 24 38 48 22 33 38 37 36 30 27 30 32 37 36 38 29 14 13 0 -91 -1 -1 -1 -1 -1 -1 -1 -1 -1 -1 -1 -1 -1 -1 -1
118 104 52 107 112 111 111 82 53 32 18 16 16 14 37 -105 -16 -1 -1 -1 -1 -1 -1 -1 -1 -1 -1 -1 -1 -1 -1 -1 -1 -1 -1 -1 -1 -1 -1 -1 -1 -1 -1 -1 -1 -128 -34 -1 -1 -67 0 15 19 26 58 60 47 41 64 64 59 55 48 50 43 31 64 79 91 108 104 76 44 45 33 31 24 0 26 10 21 22 19 35 33 32 36 36 39 39 42 41 70 91 97 78 82 76 39 41 43 27 41 50 41 20 13 29 18 15 21 12 12 25 42 37 20 16 15 30 26 0 0 0 0 -128 -128 0 7 0 -36 -1 -1 -1 -1 -1 -1 -39 -100 -50 -1 -1 -110 0 0 -120 -106 -49 -27 -75 -3 -1 -1 -1 -50 -128 -128 -1 -1 -128 0 16 20 7 -121 -1 -92 10 21 9 35 15 25 20 -128 -106 0 0 -128 -1 -1 -1 -1 -1 -1 -1 -1 97 -18 -92 -51 -14 -1 -1 -1 -1 -1 -1 -1 -1 -1 -1 -1 -1 -1 -1 -1 -1 -1 -1 -1 -1 -1 -1 -1 -1 -1 -1 -1 -1 -1 -1 -1 -1 -1 -1 -1 -1 -1 -1 -1 -1 -1 -1 -1 -1 -1 -1 -1 -1 -1 -1 -1 -1 -1 -1 -1 -1 -1 -1 -1 -1 -1 -1 -1 -1 -61 -128 -2 -1 -34 -1 -1 -1 -1 -1 -1 -1 -1 -1 -1 -1 -1 -1 -1 -1 -1 -1 -1 -1 -1 -1 -1 -1 -1 -1 -1 -1 -1 -1 -1 -1 -1 -74 21 -112 -68 -1 -82 -31 -128 -128 4 0 31 36 37 38 26 37 30 29 53 78 84 87 87 104 96 50 45 30 27 0 0 30 31 0 19 0 8 29 20 27 0 0 35 6 25 35 0 27 0 32 0 37 25 27 0 0 0 0 0 0 19 27 -128 -2 -1 -54 -93 0 1 3 0 4 35 14 13 7 19 9 18 26 22 -120 -7 93 -1 -1 -1 -1 -1 -1 -1 -1 -1 -1 -1 -1 -1 -1 -1 -1 -1 -1 -1 -1 -1 -1 -1 -1 -1 -1 -1 -1 -1 -1 -1 -1 -1 -1 -1 -1 -1 -1 -1 -1 -1 -1 -1 -1 -1 -1 -1 -1 -1 -1 -1 -1 -1 -1 -1 -1 -1 -1 -1 -1 -1 -1 -1 -1 -1 -1 -1 -1 -1 -1 -1 -1 -1 -1 -1 -25 -128 -1 -1 -1 -1 -1 -124 -128 0 35 37 38 41 38 37 37 37 37 37 38 29 19 12 19 19 25 20 39 37 37 37 38 37 38 37 37 37 36 18 10 35 0 -116 -1 -1 -1 -1 -1 -1 -1 -1 -1 -1 -1 -1 -1 -1 -1
95 102 110 89 105 105 81 60 36 19 12 18 16 22 31 -128 -1 -1 -1 -1 -1 -1 -1 -1 -1 -1 -1 -1 -1 -1 -1 -1 -1 -1 -1 -1 -1 -56 -97 -1 -1 -1 -1 -1 -1 -1 -1 -1 -18 -122 10 30 21 42 83 106 82 68 66 84 58 49 48 42 53 67 100 110 108 114 93 71 43 36 35 30 14 0 15 31 25 21 31 35 33 36 35 29 39 52 73 76 88 95 81 52 61 65 43 38 56 32 31 25 21 14 15 30 26 10 18 19 22 22 27 22 18 33 33 32 0 -121 -117 -101 -105 -58 -89 -92 -92 -60 -78 -8 -1 -1 -1 -1 -1 -1 -1 -1 -1 -1 -1 -12 -25 -1 -1 -1 -1 -1 -1 -1 -1 -36 -106 4 0 -9 -1 -128 -128 10 16 0 -46 -1 -14 -106 0 22 20 12 26 30 0 18 24 25 0 -81 -1 -1 -1 -1 -1 -1 -1 -1 -1 -1 -1 -1 -1 -1 -1 -1 -1 -1 -1 -1 -1 -1 -1 -1 -1 -1 -1 -1 -1 -1 -1 -1 -1 -1 -1 -1 -1 -1 -1 -1 -1 -1 -1 -1 -1 -1 -1 -1 -1 -1 -1 -1 -1 -1 -1 -1 -1 -1 -1 -1 -1 -1 -1 -1 -1 -1 -1 -1 -1 -1 -1 -1 -1 -1 -1 -1 -1 -1 -1 -1 -1 -1 -1 -4 -110 -58 -1 -1 -1 -1 -1 -1 -1 -1 -1 -1 -1 -1 -1 -1 -1 -1 -1 -1 -1 -1 -1 -1 -1 -1 -1 -1 -1 -60 -128 0 -126 -116 -128 -128 -100 -114 -96 0 0 1 22 37 41 37 36 27 32 76 89 100 96 105 87 37 22 22 3 0 24 32 0 20 0 14 14 16 6 14 0 15 12 20 38 37 0 39 0 16 0 29 29 10 0 0 20 13 16 12 0 24 0 -119 -106 -128 0 31 25 3 19 0 25 0 4 0 0 20 38 49 12 -122 -74 -18 -1 -1 -1 -1 -1 -1 -1 -1 -1 -1 -1 -1 -1 -1 -1 -1 -1 -1 -1 -1 -1 -1 -1 -1 -1 -1 -1 -1 -1 -1 -1 -1 -1 -1 -1 -1 -1 -1 -1 -1 -1 -1 -1 -1 -1 -1 -1 -1 -1 -1 -1 -1 -1 -1 -1 -1 -1 -1 -1 -1 -1 -1 -1 -1 -1 -1 -1 -1 -1 -1 -1 -1 -1 -1 -1 -68 -105 -96 -82 -6 -1 -103 0 1 38 36 37 38 38 38 37 37 37 37 37 38 37 33 21 15 18 20 35 37 37 37 37 37 33 27 37 37 36 36 36 27 26 1 -128 -1 -1 -1 -1 -1 -1 -1 -1 -1 -1 -1 -1 -1 -1 -1
84 101 101 66 72 64 36 30 19 14 7 9 12 13 0 -54 -1 -1 -1 -1 -1 -1 -1 -1 -1 -1 -1 -1 -1 -1 -1 -17 -1 -1 -1 -1 -97 0 0 -28 -1 -1 -1 -1 -1 -1 -1 -1 -112 3 33 65 38 52 88 116 108 84 72 73 37 30 49 58 76 62 87 100 99 82 67 59 39 43 37 41 31 18 21 30 2 4 31 32 36 37 30 13 50 72 87 77 60 64 48 39 37 56 43 31 42 24 16 19 21 30 33 8 14 4 27 22 32 24 15 25 36 33 27 26 -125 -89 -1 -1 -1 -1 -1 -1 -1 -4 -128 -102 -1 -1 -1 -1 -1 -1 -1 -1 -1 -1 96 95 -1 -1 -1 -1 -1 -1 -1 -1 -1 -87 16 22 0 -64 -1 -23 -101 -101 0 -122 -56 -1 -1 -1 -112 22 16 2 31 25 35 27 30 52 2 -128 -75 -1 -1 -1 -1 -1 -1 -1 -1 -1 -1 -1 -1 -1 -1 -1 -1 -1 -1 -1 -1 -1 -1 -1 -1 -1 -1 -1 -1 -1 -1 -1 -1 -1 -1 -1 -1 -1 -1 -1 -1 -1 -1 -1 -1 -1 -1 -1 -1 -1 -1 -1 -1 -1 -1 -1 -1 -111 -1 -1 -1 -1 -1 -1 -1 -1 -1 -1 -1 -1 -1 -1 -1 -1 -1 -1 -1 -1 -1 -1 -1 -1 -1 -1 -128 0 -98 -1 -1 -1 -1 -1 -1 -1 -1 -1 -1 -1 -1 -1 -1 -1 -1 -1 -1 -1 -1 -1 -1 -1 -1 -1 -30 -119 -128 0 12 30 15 -128 29 22 0 1 35 33 1 33 38 36 10 27 58 55 74 96 85 66 73 33 10 4 6 14 15 10 26 22 0 27 26 36 31 29 12 4 7 32 33 35 0 38 21 22 4 36 14 0 0 16 29 24 22 7 0 0 1 19 29 25 29 26 0 12 13 0 0 6 0 1 0 20 54 59 6 -128 -34 -88 -1 -1 -1 -1 -1 -1 -1 -1 -1 -1 -1 -1 -1 -1 -1 -1 -1 -1 -1 -1 -1 -1 -1 -1 -1 -1 -1 -1 -1 -1 -1 -1 -1 -1 -1 -1 -1 -1 -1 -1 -1 -1 -1 -1 -1 -1 -1 -1 -1 -1 -1 -1 -1 -1 -1 -1 -1 -1 -1 -1 -1 -1 -1 -1 -1 -1 -1 -1 -1 -1 -1 -1 -1 -1 -58 -106 32 14 0 -125 0 0 16 37 36 37 37 37 37 37 37 37 37 37 37 32 20 22 31 25 21 18 37 37 36 35 36 36 35 16 35 37 36 36 35 19 26 24 0 -27 -1 -1 -1 -1 -1 -1 -1 -1 -1 -1 -1 -1 -1 -1
94 113 116 84 49 43 29 18 18 21 19 20 6 -128 -54 -1 -1 -1 -1 -1 -1 -1 -1 -1 -1 -1 -1 -1 -1 -1 -8 -58 -1 -1 -1 -1 -126 6 0 -84 -1 -53 -102 -1 -1 -1 -1 -16 -108 18 47 61 53 56 97 108 106 90 65 58 29 15 48 78 76 65 68 66 81 59 43 72 58 65 60 59 35 33 31 29 10 0 32 30 30 35 53 59 55 64 81 61 43 37 44 35 24 56 25 20 15 27 22 27 26 24 0 -128 -128 -128 -107 0 26 13 12 19 32 19 -115 -126 -125 -1 -1 -1 -1 -1 95 -1 -1 -1 -44 -128 -56 -1 -1 -1 -1 -1 -1 -98 -32 -1 -1 -1 -1 -1 -1 -1 -1 -1 -1 -1 -1 -108 38 29 1 -128 -4 -13 -1 -70 -84 -59 -59 -106 -128 -79 -70 0 26 15 22 26 2 24 53 44 8 0 -128 -1 -1 -1 -1 -1 -1 -1 -1 -1 -1 -1 -1 -1 -1 -1 -1 -1 -1 -1 -1 -1 -1 -1 -1 -1 -1 -1 -1 -1 -1 -1 -1 -1 -1 -1 -1 -1 -1 -1 -1 -1 -1 -1 -1 -1 -78 -119 -120 -1 -1 -1 -1 -1 -1 -1 -1 -1 -1 -1 -1 -1 -1 -1 -1 -1 -1 -1 -1 -1 -1 -1 -1 -1 -1 -1 -1 -1 -1 -1 -1 -1 -1 -1 -106 0 7 -115 -1 -1 -1 -1 -1 -1 -1 -1 -1 -1 -1 -1 -1 -1 -1 -1 -1 -1 -1 -1 -93 -1 -1 -40 -125 -91 30 29 15 37 37 29 37 37 0 38 37 38 4 21 33 37 30 26 65 56 32 61 42 29 25 10 0 0 13 8 21 0 27 21 0 20 14 38 35 37 9 0 20 9 33 4 19 36 37 21 0 14 7 0 0 37 49 21 20 20 24 0 2 0 22 33 36 22 1 21 19 6 0 25 8 25 0 7 36 2 -116 -56 -1 -1 -1 -1 -1 -1 -1 -1 -1 -1 -1 -1 -1 -1 -1 -1 -1 -1 -1 -1 -1 -1 -1 -1 -1 -1 -1 -1 -1 -1 -1 -1 -1 -1 -1 -1 -1 -1 -1 -1 -1 -1 -1 -1 -1 -1 -1 -1 -1 -1 -1 -1 -1 -1 -1 -1 -1 -1 -1 -1 -1 -1 -1 -1 -1 -1 -1 -1 -1 -1 -1 -1 -1 -1 -1 -117 0 29 36 31 39 19 12 27 16 24 27 38 37 37 37 37 37 37 37 37 36 25 20 22 29 26 13 20 35 36 27 29 32 33 35 16 25 35 25 20 33 24 39 13 0 -39 -1 -1 -1 -1 -1 -1 -1 -1 -1 -1 -1 -1 -1 -1
110 111 101 62 37 24 26 16 20 27 33 29 0 -73 -1 -1 -1 -30 -54 -1 -1 -1 -1 94 -1 -1 -1 -1 -1 -1 -58 -6 -1 -1 -1 -55 -128 13 0 -17 -1 -60 -128 -1 -1 -1 -1 -1 -124 16 44 32 33 70 89 101 97 84 61 49 10 25 55 81 73 81 82 85 82 53 52 58 52 55 66 36 0 16 24 42 48 55 42 37 36 42 65 90 72 55 50 38 38 37 24 19 20 22 13 22 22 18 31 1 -128 -110 -128 -46 -11 -7 -112 -126 19 14 10 25 14 -128 -112 -7 -1 -1 -1 -1 -1 -1 -1 -1 -1 -1 -1 -128 -73 -1 -1 -1 -1 -36 -1 -91 -128 -25 -1 -1 -1 -1 -1 -1 -1 -1 -1 -1 -1 0 31 20 0 -128 -128 -114 -1 -44 -77 -96 -108 0 0 0 -63 -128 14 33 33 25 13 50 66 49 13 0 -121 -1 -1 -1 -1 -1 -1 -1 -1 -1 -1 -1 -1 -1 -1 -1 -1 -1 -1 -1 -1 -1 -1 -1 -1 -1 -1 -1 -1 -1 -1 -1 -1 -1 -1 -1 -1 -1 -1 -1 -1 -1 -1 -1 -1 -1 -75 -128 -128 -1 -1 -1 -1 -1 -1 -1 -1 -1 -1 -1 -1 -9 -1 -1 -1 -1 -1 -1 -1 -1 -1 -1 -1 -1 -1 -1 -1 -1 -1 -1 -1 -1 -1 -1 -1 -105 38 0 -64 -1 -1 -1 -1 -1 -1 -1 -1 -1 -1 -1 -1 -1 -1 -1 -1 -1 -54 -1 -4 -1 -27 -110 26 26 0 31 20 18 41 27 36 35 24 22 25 25 26 0 0 35 38 27 27 58 14 6 0 0 0 0 20 3 8 0 0 12 30 14 0 12 19 37 36 30 0 32 19 12 32 0 33 37 37 37 0 3 21 0 0 36 42 30 43 15 16 20 14 8 12 20 37 2 1 0 20 0 0 0 4 21 0 16 0 -126 -88 -1 -1 -1 -1 -1 -1 -1 -1 -1 -1 -1 -1 -1 -1 -1 -1 -1 -1 -1 -1 -1 -1 -1 -1 -1 -1 -1 -1 -1 -1 -1 -1 -1 -1 -1 -1 -1 -1 -1 -1 -1 -1 -1 -1 -1 -1 -1 -1 -1 -1 -1 -1 -1 -1 -1 -1 -1 -1 -1 -1 -1 -1 -1 -1 -1 -1 -1 -1 -1 -1 -1 -1 -1 -1 -1 -12 0 16 24 33 13 26 15 18 13 19 20 18 37 37 37 37 37 37 37 37 37 36 33 20 13 15 13 24 33 33 32 26 18 24 24 22 16 25 19 16 19 19 38 43 18 19 -101 -1 -1 -1 -1 -1 -1 -1 -1 -1 -1 -1 -1 -1 -1
104 89 82 64 39 18 18 14 13 0 20 0 -96 -1 -1 -1 -28 -110 -120 -30 -1 -1 -1 -1 -1 -1 -1 -1 -1 -1 -1 -1 -1 -1 -32 -107 3 0 -103 -1 -1 -1 -1 -1 -1 -1 -1 -1 -60 0 9 20 24 65 74 76 76 60 56 45 8 49 65 78 76 79 89 81 55 47 41 41 35 45 33 1 4 8 42 65 73 82 73 83 68 50 38 61 66 55 38 30 38 38 22 19 32 38 52 36 41 30 19 0 -111 -41 -1 -1 -1 -1 -23 0 21 21 10 26 3 -125 -121 -1 -1 -1 -1 -1 -1 -1 -1 -1 -1 -1 -1 -3 -9 -1 -1 -1 -1 -79 -74 -88 -117 -110 -1 -1 -1 -1 -1 -1 -1 -1 -1 -1 -1 -97 0 8 -105 -128 0 -128 -126 -102 0 0 24 18 8 10 -107 -73 0 13 20 24 15 49 47 0 -107 -53 -1 -1 -1 -1 -1 -1 -1 -1 -1 -1 -1 -1 -1 -1 -1 -1 -1 -1 -1 -1 -1 -1 -1 -1 -1 -1 -1 -1 -1 -1 -1 -1 -1 -1 -1 -1 -1 -1 -1 -1 -1 -1 -1 -1 -1 -1 -1 -9 -14 -1 -1 -1 -1 -1 -1 -1 -1 -1 -1 -122 -112 -124 -1 -1 -1 -1 -1 -1 -1 -1 -1 -1 -1 -1 -1 -1 -1 -1 -1 -1 -1 -1 -1 -1 -1 -45 -122 -128 -1 -1 -1 -1 -1 -1 -1 -1 -1 -1 -1 -1 -1 -1 -1 -1 -55 -105 -89 -89 -128 -96 0 0 41 31 24 0 0 20 21 36 35 13 30 35 8 12 32 20 0 0 30 30 9 45 56 0 9 7 10 21 35 15 4 0 22 36 37 14 7 31 36 38 36 12 22 36 38 35 25 18 30 37 35 32 0 21 0 1 0 4 3 25 26 0 0 16 22 24 12 0 12 0 4 1 1 0 1 30 30 1 0 0 -128 -56 -1 -1 -1 -1 -1 -1 -1 -1 -1 -1 -1 -1 -1 -1 -1 -1 -1 -1 -1 -1 -1 -1 -1 -1 -1 -1 -1 -1 -1 -1 -1 -1 -1 -1 -1 -1 -1 -1 -1 -1 -1 -1 -1 -1 -1 -1 -1 -1 -1 -1 -1 -1 -1 -1 -1 -1 -1 -1 -1 -1 -1 -1 -1 -1 -1 -1 -1 -1 -1 -1 -1 -1 -1 -1 -1 -1 -92 2 29 25 19 16 19 20 15 25 29 21 14 37 37 37 37 37 37 37 37 37 37 36 32 22 18 10 31 29 24 19 21 12 14 14 21 19 36 49 29 32 20 35 37 20 30 0 -89 -8 -1 -1 -1 -1 -1 96 -1 -1 -1 -1 -1 -1
72 59 48 36 33 24 26 16 0 18 -128 -87 -1 -1 -1 -21 -121 15 0 -128 -1 -1 -1 -1 -1 -1 -1 -1 -1 -1 -1 -1 -1 -128 -128 -128 0 -125 -102 -1 -1 -1 -1 -1 -1 -1 -1 -1 -1 -100 0 24 27 55 70 56 62 39 48 39 29 36 70 83 78 67 78 71 43 39 31 37 27 31 0 10 22 31 58 85 106 110 111 105 88 53 37 33 31 21 21 27 20 19 16 22 39 73 83 60 58 50 19 0 -13 -1 -1 -1 -1 -1 -1 -128 0 16 12 0 -117 -72 -110 -1 -1 -1 -1 -1 -1 -14 -17 -1 -1 -1 -1 -1 -1 -1 -1 -1 -1 -1 -1 -14 -110 -1 -1 -12 -1 -1 -1 -1 -1 -1 -1 -1 -1 -8 -107 -117 -128 0 15 0 0 10 16 19 10 14 14 12 0 -89 -116 13 24 29 16 13 22 -122 -1 -1 -1 -1 -1 -1 -1 -1 -1 -1 -1 -1 -1 -1 -70 -11 -1 -1 -1 -1 -1 -1 -1 -1 -1 -1 -1 -1 -1 -1 -1 -1 -1 -1 -1 -1 -1 -1 -1 -1 -1 -1 -1 -1 -1 -1 -1 -1 -1 -1 -1 -1 -1 -1 -1 -1 -1 -1 -1 -1 -1 -124 -105 -55 -1 -1 -1 -1 -1 -1 -1 -1 -1 -1 -1 -1 -1 -1 -82 -13 -1 -1 -1 -1 -1 -1 -1 -1 -1 -1 -1 -1 -1 -1 -1 -1 -1 -1 -1 -1 -1 -1 -1 -1 -11 -128 -89 -106 -120 -126 -128 -97 13 0 31 19 14 26 16 0 22 6 22 26 30 10 0 38 71 37 9 0 0 0 0 16 9 2 20 35 37 33 16 0 0 2 38 35 38 6 1 32 37 38 37 33 12 38 39 37 7 36 36 38 27 9 33 0 0 35 15 0 0 3 0 0 0 0 21 26 13 0 0 0 24 15 1 0 0 27 33 0 0 12 -128 -2 -1 -1 -1 -1 -1 -1 -1 -1 -1 -1 -1 -1 -1 -1 -1 -1 -1 -1 -1 -1 -1 -1 -1 -1 -1 -1 -1 -1 -1 -1 -1 -1 -1 -1 -1 -1 -1 -1 -1 -1 -1 -1 -1 -1 -1 -1 -1 -1 -1 -1 -1 -1 -1 -1 -1 -1 -1 -1 -1 -1 -1 -1 -1 -1 -1 -1 -1 -1 -1 -1 -1 -1 -1 -1 -1 -16 0 24 26 26 13 20 32 22 20 37 22 15 21 36 37 37 37 37 37 37 37 37 38 37 32 31 16 14 14 15 14 15 14 16 32 36 53 31 36 61 48 44 32 22 25 21 14 14 15 -97 -89 -20 -1 -1 -1 -1 -1 -1 -1 -1 -1 -1
66 59 43 36 19 12 26 24 19 -100 -31 -1 -1 -59 -75 -128 0 12 7 -125 -1 -1 -1 -1 -1 -1 -1 -1 -1 -1 -1 -1 -1 -39 -45 -32 -128 -74 -116 -1 -1 97 -1 -1 -18 -64 -1 -1 -1 -1 -105 19 39 36 60 45 44 36 39 37 29 48 64 82 73 72 45 73 49 71 66 64 43 0 1 24 39 65 85 101 111 105 99 77 53 47 55 48 32 29 18 16 19 16 26 30 39 65 61 39 37 27 10 -126 -1 -73 -1 -1 97 -1 -1 -34 -101 -92 -122 -125 -51 -1 -64 -1 -1 -1 -1 -121 -35 -128 -105 -74 -4 -1 -1 -70 -1 -1 -1 -1 -39 -42 -1 -1 -1 -1 -121 -125 -115 -67 -40 -1 -1 -1 -1 -1 -1 -1 -1 -1 -108 19 20 35 12 8 21 24 14 38 31 21 0 -105 -69 -128 0 22 31 24 4 -128 -128 -103 -117 -1 -1 -1 -1 -1 -1 -1 -1 -1 -1 -1 -18 -1 -1 -1 -1 -1 -1 -1 -1 -1 -1 -1 -1 -1 -1 -1 -1 -1 -1 -1 -1 -1 -1 -1 -1 -1 -1 -1 -1 -1 -1 -1 -1 -1 -1 -1 -1 -1 -1 -1 -1 -1 -1 -1 -1 -1 -1 -27 -89 -1 -1 -1 -1 -1 -1 -1 -1 -1 -1 -1 -1 -1 -1 -1 -32 -1 -1 -1 -1 -1 -1 -1 -1 -1 -1 -1 -1 -1 -1 -1 -1 -1 -1 -1 -1 -1 -1 -1 -1 -1 -30 -86 -111 -115 -100 -116 -128 0 0 21 37 27 6 14 27 8 30 0 9 32 19 1 12 76 84 78 44 0 14 15 0 8 3 1 0 30 38 27 0 9 0 0 32 32 38 25 18 9 37 37 37 37 35 36 37 35 1 38 37 38 6 19 36 0 4 16 32 0 0 0 0 12 0 0 0 15 0 1 9 9 1 31 7 18 0 31 15 0 0 3 -128 -103 -1 -1 -1 -1 -1 -1 -1 -1 -1 -1 -1 -1 -1 -1 -1 -1 -1 -1 -1 -1 -1 -1 -1 -1 -1 -1 -1 -1 -1 -1 -1 -1 -1 -1 -1 -1 -1 -1 -1 -1 -1 -1 -1 -1 -1 -1 -1 -1 -1 -1 -1 -1 -1 -1 -1 -1 -1 -1 -1 -1 -1 -1 -1 -1 -1 -1 -1 -1 -1 -1 -1 -1 -1 -1 -46 -117 4 25 25 30 14 20 26 31 27 33 21 21 36 37 38 37 37 37 37 37 37 37 36 33 25 20 13 14 14 16 16 29 29 35 64 71 56 33 27 47 64 48 36 32 30 32 26 16 13 25 0 -128 -124 -1 -1 -1 -1 -1 -1 -1 -1 -1
82 78 71 43 32 16 37 26 6 -96 -1 -1 -128 0 0 0 13 25 14 0 -128 -22 -1 -51 -1 -1 -1 -1 -1 -1 -1 -1 -1 -1 -1 -1 -1 -1 -1 -1 -1 -1 -1 -1 -55 -128 -1 -1 -1 -1 -128 8 16 20 26 36 47 48 38 36 38 47 67 87 78 74 55 78 79 95 82 70 36 0 6 42 59 99 108 113 97 94 81 56 53 54 35 35 59 44 29 15 21 32 50 22 22 32 32 18 19 20 0 -82 -22 -128 -1 -12 -1 -1 -1 -2 -61 -128 -97 -20 -1 -1 -1 -1 -1 -1 -1 -63 -126 -128 -111 -128 -28 -1 -1 -1 -1 -1 -1 -1 -37 -1 -1 -8 -1 -26 -103 14 6 0 -128 -32 -1 -1 -1 -1 -1 -1 -1 -40 0 19 13 19 10 8 14 53 52 61 47 15 0 -41 -1 -36 -128 -128 9 13 15 21 0 -128 -45 -1 -1 -18 -26 -1 -1 -1 -1 -1 -1 -1 -1 -1 -1 -1 -1 -1 -1 -1 -1 -1 -1 -1 -1 -1 -1 -1 -1 -1 -1 -1 -1 -1 -1 -1 -1 -1 -1 -1 -1 -1 -1 -1 -1 -1 -1 -1 -1 -1 -1 -1 -1 -1 -1 -1 -1 -1 -1 -1 -1 -1 -1 -1 -1 -1 -1 -1 -1 -1 -1 -1 -1 -1 -1 -1 -1 -1 -1 -1 -1 -1 -1 -1 -1 -1 -1 -1 -1 -1 -1 -1 -1 -1 -1 -1 -1 -1 -1 -1 -1 -1 -1 -103 -78 -128 16 0 -111 32 0 1 37 20 0 27 26 0 32 0 19 12 22 24 33 84 96 93 54 0 4 12 0 27 32 0 0 0 36 36 19 0 13 6 15 39 36 20 32 0 36 36 39 37 36 38 37 36 22 36 37 37 0 29 37 14 0 2 18 15 8 0 0 0 0 10 0 18 10 6 1 12 1 2 8 29 0 0 0 0 1 0 0 -110 -1 -1 -1 -68 -23 -37 -1 -1 -1 -1 -1 -1 -1 -1 -1 -1 -1 -1 -1 -1 -1 -1 -1 -1 -1 -1 -1 -1 -1 -1 -1 -1 -1 -1 -1 -1 -1 -1 -1 -1 -1 -1 -1 -1 -1 -1 -1 -1 -1 -1 -1 -1 -1 -1 -1 -1 -1 -1 -1 -1 -1 -1 -1 -1 -1 -1 -1 -1 -1 -1 -1 -1 -1 -45 -128 -72 13 19 18 20 19 8 15 29 26 16 19 36 37 22 37 37 37 37 37 37 37 37 31 22 18 12 16 30 41 36 25 39 59 37 76 66 47 54 44 38 70 73 62 59 39 61 50 41 18 24 4 -128 -128 -46 99 -1 -1 -1 -1 -1 -1 -1
99 106 82 48 26 27 22 1 -116 -35 -91 -117 2 31 37 35 33 50 26 18 -110 -20 -1 -128 -14 -1 -1 -1 -1 -1 -1 -1 -1 -1 -1 -1 -1 -63 -108 -26 -74 -78 -79 -74 -13 -128 -35 -1 -1 -1 -1 -128 19 30 45 59 48 50 31 39 52 43 55 66 78 81 55 54 100 81 61 50 32 0 37 58 83 111 108 85 93 87 79 82 77 60 44 19 48 48 24 4 30 31 26 20 9 12 21 22 18 22 -115 -1 -1 -1 -1 -128 -7 -1 -1 -1 -1 -58 -32 -1 -1 -1 -1 -59 -122 -47 -1 -22 -128 0 0 -117 -23 -20 -86 -22 -1 -1 -1 -1 -1 -1 -124 0 0 0 21 32 14 16 10 -103 -6 -1 -1 -1 -1 -1 -1 -108 9 24 1 8 49 24 12 27 36 22 22 4 -122 -1 -1 -128 -84 -128 -100 20 10 1 -128 -63 -1 -4 -87 -119 -112 -1 -1 -1 -1 -1 -1 -1 -1 -1 -1 -1 -1 -1 -1 -1 -1 -1 -1 -1 -1 -1 -1 -1 -1 -1 -1 -1 -1 -1 -1 -1 -1 -1 -1 -1 -1 -1 -1 -1 -1 -1 -1 -1 -1 -1 -1 -1 -1 -1 -1 -1 -1 -1 -1 -1 -1 -1 -1 -1 -1 -1 -1 -1 -1 -1 -1 -1 -1 -1 -1 -1 -1 -68 -22 -1 -1 -1 -1 -1 -1 -1 -1 -1 -1 -1 -1 -1 -1 -1 -1 -1 -1 -1 -1 -1 -1 -1 -41 -81 -121 8 29 0 31 0 8 9 13 18 26 37 15 4 0 0 0 0 9 21 39 76 72 42 16 0 0 0 0 4 0 3 13 4 33 37 13 0 19 0 0 30 36 29 35 4 37 36 37 38 38 37 37 36 36 36 37 36 0 26 39 32 0 12 0 0 6 0 4 0 0 0 0 2 15 22 18 0 0 0 0 0 0 0 0 0 0 8 16 -111 -54 -1 -124 -128 -50 -1 -1 -1 -1 -1 -1 -1 -1 -1 -1 -1 -1 -1 -1 -1 -1 -1 -1 -1 -1 -1 -1 -1 -1 -1 -1 -1 -1 -1 -1 -1 -1 -1 -1 -1 -1 -1 -1 -1 -1 -1 -1 -1 -1 -1 -1 -1 -1 -1 -1 -1 -1 -1 -1 -1 -1 -1 -1 -1 -1 -1 -1 -1 -1 -1 -1 -1 -1 -11 -40 -124 19 12 12 20 30 16 20 25 12 27 29 20 21 13 38 37 37 37 37 38 38 37 27 16 14 16 33 41 50 44 45 44 59 44 39 73 76 74 48 45 73 99 107 95 59 81 87 56 31 38 18 4 -128 -112 -1 -1 -1 -1 -1 -1 -1 -1
97 93 70 39 15 0 4 -103 -94 -111 0 15 44 70 87 96 74 71 41 14 -108 -27 -1 -1 -1 -1 -1 -1 -1 -1 -1 -1 -1 -1 -1 -1 -18 -126 0 0 1 16 15 0 -128 0 -108 -58 -1 -1 -1 -55 -101 24 68 67 64 45 36 54 71 62 60 68 82 91 85 99 100 76 82 79 54 0 24 59 89 112 84 95 101 95 113 107 107 99 87 25 13 15 6 24 31 36 4 -120 -93 -108 0 0 14 0 -93 -1 -1 -59 -64 -1 -1 -1 -1 -1 -1 -1 -1 -1 -1 -1 -1 -11 -128 -36 -1 -9 -119 -128 -111 -128 -125 -128 -128 -86 -1 -1 -1 -1 -1 -53 -124 19 13 22 44 70 37 30 13 0 -45 -1 -40 -13 -1 -1 -4 -108 22 2 12 50 67 38 9 3 15 14 0 -124 -28 -11 -1 -28 -128 -112 -128 0 13 0 -63 -1 -45 -124 0 20 0 -65 -1 -1 -1 -1 -1 -1 -1 -1 -1 -1 -1 -1 -1 -1 -1 -1 -1 -1 -1 -1 -1 -1 -1 -1 -1 -1 -1 -1 -1 -1 -1 -1 -1 -1 -1 -1 -1 -1 -1 -1 -1 -1 -1 -1 -1 -1 -1 -1 -1 -1 -1 -1 -1 -1 -1 -1 -1 -1 -1 -1 -1 -1 -1 -1 -1 -1 -1 -1 -1 -1 -87 -96 -122 -1 -1 -12 -7 -55 -1 -1 -1 -1 -1 -1 -1 -1 -1 -1 -1 -1 -1 -12 -42 -116 -93 -69 -124 -102 0 27 0 24 36 0 18 35 6 15 39 30 2 0 31 0 6 13 0 0 9 31 26 2 0 0 3 0 -79 -74 0 29 22 16 36 33 16 0 37 33 0 24 36 33 36 0 37 32 16 37 37 37 36 37 38 39 41 18 0 27 39 33 0 32 32 7 0 0 4 9 13 0 0 0 35 24 6 22 14 7 22 30 2 33 0 0 29 14 0 0 -115 -128 -128 -86 -98 -1 -1 -1 -1 -86 -30 -1 -1 -1 -1 -1 -1 -1 -1 -1 -1 -1 -1 -1 -1 -1 -1 -1 -1 -1 -1 -1 -1 -1 -1 -1 -1 -1 -1 -1 -1 -1 -1 -1 -1 -1 -1 -1 -1 -1 -1 -1 -1 -1 -1 -1 -1 -1 -1 -1 -1 -1 -1 -1 -1 -1 -1 -1 -1 -1 -1 -1 -1 -1 -1 -125 9 10 8 13 25 18 10 13 14 15 26 29 22 19 37 37 37 37 37 37 33 33 25 14 24 29 16 29 58 81 61 65 84 76 38 83 87 82 62 64 73 93 113 104 76 89 89 59 43 55 20 13 -122 -79 -44 -1 -1 -1 -1 -1 -1 -22
104 60 32 18 26 -128 -128 -111 -30 0 21 33 44 70 90 106 73 33 22 0 -128 -1 -1 -49 -119 -128 -87 -1 -1 -1 -1 -1 -1 -1 -1 -1 -40 0 31 19 13 16 25 24 25 30 3 -115 -1 -1 -1 -1 -112 24 61 83 82 56 41 64 87 93 67 81 101 114 111 112 110 104 113 105 76 19 2 54 97 105 87 114 114 114 107 104 107 116 87 41 18 20 30 16 18 19 0 -79 -116 -18 -84 -120 -125 -102 -116 -59 -125 -122 -121 -1 -1 -1 -1 -1 -1 -1 -1 -1 -1 -1 -1 -61 -128 -20 -1 -1 -75 -107 -126 -128 -98 -73 -115 -1 -1 -1 -70 -4 -1 -25 -103 0 10 18 33 56 60 48 12 0 -93 -1 -1 -1 -1 -1 -75 0 16 33 37 70 62 15 3 10 -108 -128 -81 -61 -128 -128 -53 -1 -128 0 -128 -128 0 0 -128 -1 -98 8 22 42 6 -121 -1 -1 -1 -1 -1 -1 -1 -1 -1 -1 -1 -1 -1 -1 -1 -1 -1 -1 -1 -1 -1 -1 -1 -1 -1 -1 -1 -1 -1 -1 -1 -1 -1 -1 -1 -1 -1 -1 -1 -1 -1 -1 -1 -1 -1 -1 -1 -1 -1 -1 -1 -1 -1 -1 -1 -1 -1 -1 -1 -1 -1 -1 -1 -1 -1 -1 -1 -1 -1 -1 -58 -128 -84 -1 -11 -128 -128 -49 -1 -1 -1 -1 -1 -1 -1 -1 -1 -1 -1 -1 -16 -120 -128 -107 -111 -117 15 32 1 30 36 37 35 32 33 7 37 0 19 12 24 20 24 0 0 10 0 0 0 13 0 0 0 1 16 0 0 0 2 22 43 14 0 0 3 7 0 30 20 22 36 20 36 0 32 30 35 36 37 37 37 37 37 35 38 37 9 19 37 36 35 38 38 36 14 0 15 4 0 0 0 1 16 0 18 20 37 39 38 25 0 42 4 1 1 10 0 31 0 0 0 3 -128 -69 -1 -75 -1 -126 -28 -1 -1 -1 -1 -1 -1 -1 -1 -1 -1 -59 -1 -1 -1 -1 -1 -1 -1 -1 -1 -1 -1 -1 -1 -1 -1 -1 -1 -1 -1 -1 -1 -1 -1 -1 -1 -1 -1 -1 -1 -1 -1 -1 -1 -1 -1 -1 -1 -1 -1 -1 -1 -1 -1 -1 -1 -1 -1 -1 -1 -1 -1 -1 -11 -115 12 16 18 9 14 18 12 14 16 26 41 44 24 32 37 37 37 37 37 36 30 21 24 12 14 18 18 26 41 68 88 99 95 61 50 77 108 84 74 82 73 83 106 110 88 89 67 49 52 36 20 14 -112 -50 -72 -1 -1 -1 -1 -1 -1 -53
68 19 12 14 0 -124 -42 -1 -49 0 32 61 64 83 91 71 36 9 0 -128 -1 -1 -1 -124 -128 -128 -111 -1 -1 -1 -1 -41 -1 -1 -1 -1 -1 -128 0 24 22 44 56 37 25 20 25 0 -59 -1 -1 -25 0 18 44 77 64 59 49 49 70 91 95 88 112 101 111 117 111 101 101 94 64 8 10 61 106 100 106 99 94 106 93 91 91 94 88 60 27 15 19 26 32 24 13 0 -108 -1 -1 -1 -1 -84 -88 -100 3 0 -115 -1 -1 -1 -1 -1 -1 -1 -1 -1 -1 -1 -1 -74 -108 -34 -1 -1 -128 -82 -128 0 25 16 -111 -1 -1 -1 -53 -1 -1 -1 -31 -128 3 31 26 21 31 53 15 2 -128 -13 -1 -1 -1 -1 -96 12 36 72 66 50 18 14 0 -128 -41 -1 -1 -106 0 0 -114 -21 -128 0 0 -122 -101 -114 -27 -25 -103 26 45 31 0 -47 -1 -1 -1 -1 -1 -1 -1 -1 -1 -1 -1 -1 -1 -1 -1 -1 -1 -1 -1 -1 -1 -1 -1 -1 -1 -1 -1 -1 -1 -1 -1 -1 -1 -1 -1 -1 -1 -1 -1 -1 -1 -1 -1 -1 -1 -1 -1 -1 -1 -1 -1 -1 -1 -1 -1 -1 -1 -1 -1 -1 -1 -1 -1 -1 -1 -1 -1 -1 -1 -1 -1 -51 -128 -56 -106 0 -119 -1 -1 -2 -100 -73 -1 -1 -1 -1 -1 -1 -1 -1 -65 0 -112 -128 0 21 43 38 6 30 19 35 31 18 38 32 31 22 0 0 0 39 53 7 0 22 7 0 0 3 10 13 16 0 0 0 8 -74 0 0 0 0 0 0 19 31 2 19 0 13 35 32 33 0 30 10 32 33 32 15 2 18 13 35 31 18 29 6 37 37 38 37 35 42 39 18 12 0 0 0 8 0 1 33 16 0 13 35 36 16 0 38 27 21 15 0 18 26 6 6 0 7 8 0 -114 -128 -121 -91 -120 -23 -1 -1 -1 -1 -1 -1 -1 -1 -1 -1 -1 -1 -1 -1 -1 -1 -1 -1 -1 -1 -1 -1 -1 -1 -1 -1 -1 -1 -1 -1 -1 -1 -1 -1 -1 -1 -1 -1 -1 -1 -1 -1 -1 -1 -1 -1 -1 -1 -1 -1 -1 -1 -1 -1 -1 -1 -1 -1 -1 -1 -1 -1 -58 -88 9 19 31 16 12 14 14 30 32 36 37 38 21 33 37 37 37 37 36 36 26 14 10 9 12 20 38 44 42 54 72 104 82 59 61 66 94 95 83 94 94 79 101 97 96 97 85 78 64 48 29 4 -114 -128 -8 -1 -1 -1 -1 -1 -1 -1
27 16 0 -106 -45 -11 -1 -1 -98 4 19 43 49 81 74 61 16 0 -65 -16 -1 -1 -1 -1 -12 -23 -1 -1 -1 -1 -1 -1 -1 -1 -1 -1 -1 -1 -103 0 22 32 71 49 16 20 43 12 -107 -1 -1 -46 0 22 24 33 43 61 49 33 39 70 67 72 95 101 93 104 101 95 101 83 38 0 30 64 87 107 97 81 83 89 79 77 81 93 96 64 36 16 25 26 30 56 29 18 0 -54 -1 -56 -1 -1 -6 -73 -112 -107 -1 -1 -1 -1 -1 -1 -1 -1 -1 -53 -45 -128 -89 -31 -74 -74 -1 -3 -97 -119 0 19 25 0 -53 -1 -1 -1 -1 -23 -111 -120 -117 0 22 27 12 24 48 48 19 33 0 -115 -1 -1 -1 -1 0 44 85 89 53 13 9 18 -116 -2 -1 -1 -17 -100 25 18 0 -107 -40 -126 29 -93 -93 -1 -97 -103 14 9 15 0 -81 -1 -1 -1 -1 -1 -1 -1 -1 -1 -1 -1 -1 -1 -1 -1 -1 -1 -1 -1 -1 -1 -1 -1 -1 -1 -1 -1 -1 -1 -1 -1 -1 -1 -1 -1 -1 -1 -1 -1 -1 -1 -1 -1 -1 -1 -1 -1 -1 -1 -1 -1 -1 -1 -1 -1 -1 -1 -1 -1 -1 -1 -1 -1 -1 -1 -1 -1 -1 -1 -1 -1 -65 -116 -102 -128 -93 -110 -128 -1 -1 -63 -128 -128 -74 -1 -1 -1 -1 -1 -1 -1 -22 -106 0 0 0 14 35 33 29 8 29 18 32 22 32 21 7 27 15 0 0 9 22 21 3 38 7 19 9 8 0 0 13 16 0 0 0 -72 2 0 0 0 19 16 0 15 22 24 0 6 26 30 30 10 27 22 15 10 0 0 0 0 0 0 0 0 24 7 37 37 35 21 25 38 33 3 30 0 8 2 18 2 35 36 29 32 33 35 37 32 24 35 33 36 37 8 3 4 8 9 0 6 10 0 14 9 8 18 0 -112 -75 -1 -1 -1 -1 -1 -1 -1 -1 -1 -1 -20 -8 -1 -1 -1 -1 -1 -1 -1 -1 -1 -1 -1 -1 -1 -1 -1 -1 -1 -1 -1 -1 -1 -1 -1 -1 -1 -1 -1 -1 -1 -1 -1 -1 -1 -1 -1 -1 -1 -1 -1 -1 -1 -1 -1 -1 -1 -1 -1 -1 -1 -18 -81 -128 0 25 20 12 13 33 42 39 27 25 19 12 32 37 37 37 37 36 24 15 10 10 10 16 31 43 58 48 53 81 99 83 85 72 84 79 100 85 82 99 84 76 65 66 74 56 70 33 32 16 8 0 -89 -1 -1 -1 -1 -1 -1 -1 -1
7 0 -128 -3 -1 -1 -1 -61 0 15 25 53 33 39 19 0 -117 -41 -1 -1 -1 -1 -1 -1 -1 -18 -68 -1 -1 -1 -1 -1 -1 -1 -1 -1 -1 -1 -68 0 27 14 55 56 36 38 44 21 -120 -1 -1 -60 0 18 27 25 37 82 54 31 26 32 27 36 54 90 95 106 100 93 71 79 0 14 24 43 76 108 94 70 73 79 65 55 67 91 81 50 9 27 20 25 45 70 48 14 -110 -83 -17 -128 -9 -1 -1 -1 -110 -1 -1 -1 -1 -1 -1 -1 -1 -1 -1 -1 -128 -103 -119 -7 -1 -1 -22 -61 -93 0 26 26 26 0 -1 -1 -1 -1 -13 -122 0 1 0 0 22 35 27 19 54 24 15 36 24 -128 -21 -1 -1 -1 -110 36 43 27 16 1 -86 -128 -77 -1 -1 -1 -128 2 12 9 25 -115 -55 -96 29 0 -92 -1 -103 3 14 0 -121 -86 -1 -1 -1 -1 -1 -1 -1 -1 -1 -1 -1 -1 -1 -1 -1 -1 -1 -1 -1 -1 -1 -1 -1 -1 -1 -1 -1 -1 -1 -1 -1 -1 -1 -1 -1 -1 -1 -1 -1 -1 -1 -1 -1 -1 -1 -1 -1 -1 -1 -1 -1 -1 -1 -1 -1 -1 -1 -1 -1 -1 -2 -103 -128 -128 -72 -1 -1 -1 -1 -1 -1 -32 -126 0 -102 -1 -1 -1 -1 -1 -1 -1 -1 -34 -1 -1 -1 -1 -1 -1 -1 -1 -1 -37 0 12 35 37 19 26 35 36 22 0 32 9 15 7 18 37 29 0 33 26 36 27 21 36 15 1 0 2 10 6 10 14 0 0 -86 -75 0 0 0 0 0 7 0 0 0 21 25 0 0 24 26 0 15 20 10 13 0 0 4 0 0 0 0 0 19 7 33 31 35 31 12 26 33 7 35 35 37 37 36 19 36 36 38 20 0 30 37 38 19 19 18 25 36 36 33 2 7 0 21 41 47 12 7 14 4 13 0 12 -97 -36 -1 -1 -1 -1 -1 -1 -1 -1 -1 -11 -8 -1 -1 -1 -1 -1 -1 -1 -1 -1 -1 -1 -1 -1 -1 -1 -1 -1 -1 -1 -1 -1 -1 -1 -1 -1 -1 -1 -1 -1 -1 -1 -1 -1 -1 -1 -1 -1 -1 -1 -1 -1 96 -1 -1 -1 -1 -1 -1 -1 -1 -1 -1 -124 4 24 12 26 38 19 15 10 20 19 27 35 37 37 38 27 21 15 16 15 16 18 19 42 50 49 84 76 60 60 68 93 78 89 90 90 56 42 60 42 33 45 31 30 32 39 19 0 0 -128 -111 -40 -1 -1 -1 -1 -1 -1 -1 -1
-111 -23 -1 -1 -1 -1 -39 -114 10 33 36 43 24 29 0 -128 -13 -1 -1 -1 -1 -1 -1 94 -1 -101 -122 -54 -128 -124 -128 -128 -100 -91 -3 -1 -1 -34 -121 32 33 19 33 56 65 62 38 12 -97 -1 -1 -68 0 0 24 26 41 59 36 25 18 18 16 16 32 53 61 101 104 85 48 35 0 9 43 71 97 116 90 71 71 82 78 66 73 96 70 43 1 18 22 22 31 36 21 0 -128 -128 -126 -128 -111 -128 -100 -1 -1 -1 -1 -1 -1 -1 -1 -1 -1 -1 -1 -1 -56 -119 -128 -91 -119 -128 -1 -12 -111 10 14 16 14 -102 -1 -1 -1 -1 -7 -128 0 -116 -89 -74 0 13 18 24 30 15 26 35 19 0 -128 -46 -8 -1 -70 -112 0 0 0 -128 -120 -1 -1 -1 -1 -11 -100 7 32 26 15 2 -117 -114 0 0 -74 -1 -108 0 -116 -74 -1 -1 -1 -1 -1 -1 -1 -1 -1 -1 -1 -1 -1 -1 -1 -1 -1 -1 -1 -1 -1 -1 -1 -1 -1 -1 -1 -1 -1 -1 -1 -1 -1 -1 -1 -1 -1 -1 -1 -1 -1 -1 -1 -1 -1 -1 -1 -1 -1 -1 -1 -1 -1 -1 -1 -1 -1 -1 -1 -1 -1 -1 -56 -128 -128 -115 -117 -128 -128 -41 -1 -1 -1 -41 -120 -125 -25 -1 -1 -1 -1 -1 -1 -1 -1 -1 -1 -1 -1 -86 -1 -1 -1 -1 -103 -128 0 18 36 32 14 3 33 30 25 27 36 4 32 10 26 37 13 0 15 39 36 33 35 24 16 13 0 16 13 0 27 0 -101 1 0 -101 0 0 0 0 0 0 0 0 7 9 19 0 0 15 19 6 0 14 16 9 0 4 1 0 10 0 0 0 22 6 0 0 10 32 3 19 35 18 37 37 36 36 37 30 20 37 36 7 0 9 21 36 31 26 6 3 30 14 26 16 0 0 20 35 29 10 1 22 0 0 0 36 22 0 -101 -58 -1 -1 -1 -1 -1 -1 -126 -60 -1 95 -1 -1 -1 -1 -1 -1 -1 -1 -1 -1 -1 -1 -1 -1 -1 -1 -1 -1 -1 -1 -1 -1 -1 -1 -1 -1 -1 -1 -1 -1 -1 -1 -1 -1 -1 -1 -1 -1 -1 -1 -1 -1 -1 -1 -1 -1 -1 -1 -1 -1 -1 -128 10 10 18 32 33 19 33 22 31 35 14 25 38 37 37 26 19 8 9 19 22 24 27 43 55 68 66 82 88 77 78 85 100 104 85 79 68 45 31 27 19 30 15 13 15 3 0 -107 -37 -1 -1 -1 -1 -1 -1 -1 -1 -1 -1 -1
-1 -1 97 -1 -1 -122 -128 0 26 58 68 58 20 10 -119 -1 -1 -1 -1 -1 -1 -1 -1 -1 -1 -105 -122 -115 0 7 14 0 0 0 -115 -23 -45 -121 14 13 -125 0 13 29 41 44 16 7 -116 -1 -1 -47 -126 -89 -126 19 25 31 20 14 32 32 30 19 15 24 33 61 70 60 45 22 0 26 49 95 112 105 91 82 79 95 105 85 94 73 68 35 12 14 29 18 30 38 19 19 0 12 1 -128 -84 -128 -101 -1 -1 -1 -1 -1 -1 -1 -1 -93 -32 -1 -1 -1 -68 -112 -128 -128 -94 -128 -22 -32 0 12 10 21 4 -75 -1 -1 -1 -1 -1 -12 -54 -1 -1 -13 -112 24 22 15 16 10 12 24 19 14 0 -124 -46 -1 -1 -28 -121 -107 -81 -23 -1 -1 -1 -1 -1 -88 0 22 55 36 4 0 -100 -61 -128 -73 -116 -128 -74 -124 -97 -1 -1 -1 -1 -1 -1 -1 -1 -1 -1 -1 -1 -1 -1 -1 -1 -1 -1 -1 -1 -1 -1 -1 -1 -1 -1 -1 -1 -1 -1 -1 -1 -1 -1 -1 -1 -1 -1 -1 -1 -1 -1 -1 -1 -1 -1 -1 -1 -1 -1 -1 -1 -1 -1 -1 -1 -1 -1 -1 -1 -1 -1 -1 -1 -1 -1 -92 -112 7 -110 -91 -40 -1 -1 -4 -128 -34 -1 -1 -1 -1 -1 -1 -1 -1 -1 -1 -1 -1 -67 -128 -1 95 -1 -63 -128 4 10 19 33 16 12 15 12 27 37 37 37 37 35 22 26 33 19 31 0 36 38 37 38 27 13 8 0 0 0 0 31 0 0 13 0 -67 -84 -92 10 26 21 12 4 0 0 0 19 0 0 8 7 15 0 9 0 0 0 9 6 0 13 0 1 0 25 0 0 22 13 0 0 27 35 33 38 38 35 31 36 32 35 31 12 24 0 0 0 3 27 0 6 0 14 0 0 18 2 16 4 18 7 2 16 20 18 9 22 39 39 35 0 -116 -114 -1 -1 -1 -1 -1 -128 -119 -122 -28 -1 -1 -1 -1 -1 -1 -1 -1 -1 -1 -1 -1 -1 -1 -1 -1 -1 -1 -1 -1 -1 -1 -1 -1 -1 -1 -1 -1 -1 -1 -1 -1 -1 -1 -1 -1 -1 -1 -1 -1 -1 -1 -1 -1 -1 -1 -1 -1 -1 -1 -13 -128 0 18 24 14 7 7 0 -128 -107 22 15 25 37 37 35 29 14 8 9 22 33 37 38 53 72 89 76 70 94 100 100 83 110 106 70 41 44 66 41 24 21 8 0 0 -125 -93 -20 -1 -1 -1 -1 -1 -1 -1 -1 -1 -1 -1 -1 -1
-1 -1 -1 -1 -23 -117 0 21 50 77 76 44 8 -117 -27 -1 -1 -1 -1 -1 -1 -1 -2 -13 -1 -4 -79 -116 19 52 36 22 26 59 13 -98 -101 0 18 0 -36 -110 0 9 16 14 20 -98 -67 -1 -1 -1 -1 -1 -102 15 8 15 22 21 36 37 36 35 21 18 21 29 43 60 30 13 0 24 35 66 100 102 85 72 83 93 78 88 62 43 33 27 9 16 20 26 32 30 21 26 8 0 -115 -96 -1 -1 -1 -1 -1 -1 -1 -1 -1 -1 -1 -61 -4 -1 -1 -86 -124 -31 -102 -128 6 -128 -102 -126 18 24 16 26 0 -21 -1 -1 -128 -41 -1 -1 -1 -1 -1 -86 -128 0 12 31 15 13 9 22 32 19 15 -108 -1 -1 -1 -1 -1 -1 -1 -1 -1 -1 -1 -1 -1 -1 -103 19 18 14 0 -83 -1 -1 -1 -41 -98 0 -128 -88 -103 -117 -47 -1 -1 -1 -1 -1 -1 -1 -1 -1 -1 -1 -1 -1 -1 -1 -1 -1 -1 -1 -1 -1 -1 -1 -1 -1 -1 -1 -1 -1 -1 -1 -1 -1 -1 -1 -1 -1 -1 -1 -1 -1 -1 -1 -1 -1 -1 -1 -1 -1 -1 -1 -1 -1 -1 -1 -1 -1 -1 -1 -1 -1 -1 -1 -1 -28 -128 0 18 0 0 -114 -124 -12 -1 -1 -1 -1 -1 -1 -1 -1 -1 -1 -1 -1 -1 -1 -6 -1 -1 -13 -93 0 10 3 0 3 35 16 30 26 0 29 35 41 24 31 21 16 12 31 4 18 0 30 37 37 37 37 37 30 16 9 8 0 2 0 0 0 8 33 16 0 0 6 19 0 0 0 0 0 13 12 0 3 3 4 0 7 0 0 0 0 0 0 0 0 0 0 3 12 0 29 0 9 10 22 16 30 12 35 33 21 27 12 26 21 0 0 0 0 0 0 1 0 0 1 0 0 0 0 12 8 0 4 2 0 30 18 26 30 33 33 37 38 37 22 0 -102 -114 -117 -75 -102 -102 1 6 -115 -1 -1 -1 -1 -1 -1 -1 -1 -1 -1 -1 -1 -1 -1 -1 -1 -1 -1 -1 -1 -1 -1 -1 -1 -1 -1 -1 -1 -1 -1 -1 -1 -1 -1 -1 -1 -1 -1 -72 -93 -67 -1 -1 -1 -1 -1 -1 -1 -1 -1 -27 -112 0 0 0 0 16 -116 -128 -34 -111 21 10 10 33 36 29 19 14 9 19 38 50 48 45 67 76 88 93 83 87 102 110 101 100 102 67 36 35 55 25 6 0 -87 -34 -1 -1 -1 -1 -1 -1 -1 -1 -1 -1 -1 -1 -1 -1 -1 -1 -1
-1 -1 -1 -1 -1 -1 -128 19 38 49 27 8 0 -50 -1 -1 -1 -1 -1 -1 -1 -1 -1 -1 -1 -1 -1 -60 0 55 56 25 31 76 43 0 -32 -107 -128 -111 -4 -1 -78 -120 31 29 13 -128 -1 -1 -1 -1 -1 -100 -119 0 -128 0 20 3 7 35 37 24 26 25 22 26 18 24 9 6 0 25 25 39 62 82 104 102 93 93 52 67 39 21 15 22 4 14 21 16 6 9 15 22 0 -125 -89 -1 -1 -1 -1 -1 -1 -1 -1 -1 -1 -1 -1 -1 -1 -75 -26 -128 -124 0 0 -117 0 27 0 0 13 16 22 0 -103 -1 -1 -45 -128 -125 -1 -1 -1 -1 -1 -128 -128 7 20 16 16 38 44 60 52 7 22 -120 -79 -1 -1 -1 -1 -1 -1 -1 -1 -1 -1 -1 -1 -25 -106 0 -116 -128 -128 -116 -108 -1 -1 -53 0 -128 -121 0 0 -115 -6 -1 -1 -1 -1 -1 -1 -1 -1 -1 -1 -1 -1 -1 -1 -1 -1 -1 -1 -1 -1 -1 -1 -1 -1 -1 -1 -1 -1 -1 -1 -1 -1 -1 -1 -1 -1 -1 -1 -1 -1 -1 -1 -1 -1 -1 -1 -1 -1 -1 -1 -1 -1 -1 -1 -1 -1 -1 -1 -1 -1 -1 -1 -1 -1 -60 -128 -91 14 45 47 18 0 -124 -7 -1 -1 -1 -1 -1 -1 -1 -1 -61 -107 -1 -1 -1 -1 -1 -3 -124 0 9 15 33 36 35 36 10 37 38 24 25 33 37 16 19 22 18 15 0 33 24 9 21 37 37 35 37 37 36 38 37 0 0 0 8 14 20 27 0 0 0 0 0 19 9 18 0 0 0 0 0 4 0 6 2 0 0 0 0 0 0 2 12 7 0 14 0 0 14 21 25 0 0 6 24 16 0 0 25 27 20 6 0 0 9 0 0 4 7 2 16 15 0 6 3 10 27 10 2 4 0 0 0 19 12 0 10 0 0 6 29 32 41 30 7 22 15 14 22 9 15 0 12 15 0 -70 -1 -1 -1 -1 -1 -1 -1 -1 -1 -1 -1 -1 -1 -1 -1 -1 -1 -1 -1 -1 -1 -1 -1 -1 -1 -1 -1 -1 -1 -1 -1 -1 -1 -1 -1 -1 -78 0 13 -110 -9 -1 -1 -1 -1 -1 -1 -1 -78 -128 -128 -111 -91 -96 -106 -115 -128 -86 -36 -116 13 9 16 37 35 24 13 9 13 36 65 66 54 59 68 66 64 74 89 101 110 97 95 78 72 50 21 20 16 0 -108 -1 -1 -1 -1 -1 -1 -1 -1 -1 -1 -1 -1 -1 -1 -1 -1 -1 -1 -1 -1
-1 -1 -1 -1 -1 -1 -128 14 18 14 0 -128 -79 -1 -1 -1 -1 -1 -1 -1 -1 -32 -86 -1 -1 -1 -1 -1 -112 26 72 22 22 68 70 0 -111 -1 -1 -1 -1 -1 -1 -50 0 16 16 0 -106 -1 -1 -1 -60 -110 -82 -94 -103 -128 -128 -98 14 36 30 21 43 18 25 30 19 19 0 7 32 25 36 30 32 48 76 100 81 47 27 25 15 4 26 0 0 0 0 -126 -128 -128 -128 0 -120 -119 -40 -23 -1 -1 -1 -1 -1 -1 -1 -1 -1 -1 -1 -75 -128 -98 -119 -128 13 33 30 16 18 36 36 26 20 9 4 -116 -3 94 -9 -128 -128 -94 -1 -1 -1 -1 -1 -1 -117 24 20 33 53 68 72 70 30 0 12 -122 -6 -1 -1 -1 -1 -1 -1 -1 -35 -110 -1 -1 -1 -1 -128 -75 -74 -120 -100 4 0 -97 -1 -106 0 -32 -64 -100 -128 -26 -1 -1 -1 -1 -1 -1 -1 -1 -1 -1 -1 -1 -1 -1 -1 -1 -1 -1 -1 -1 -1 -1 -1 -1 -1 -1 -1 -1 -1 -1 -1 -1 -1 -1 -1 -1 -1 -1 -1 -1 -1 -1 -1 -1 -1 -1 -1 -1 -1 -1 -1 -1 -1 -1 -1 -1 -1 -1 -1 -1 -1 -1 -1 -1 -1 -53 -96 -116 -117 18 41 33 1 -126 -1 -1 -1 -1 -1 -1 -1 -26 -53 -128 -128 -2 -1 -1 -1 -50 -103 0 13 6 1 24 29 24 26 3 33 39 36 36 36 32 15 22 0 18 22 1 35 36 0 33 31 26 3 33 33 35 35 37 16 2 31 36 30 14 1 0 -103 0 0 7 0 0 2 4 9 0 0 0 4 0 0 10 4 0 1 0 0 0 0 1 0 0 0 0 31 37 36 25 0 -97 0 19 0 0 0 0 0 0 1 0 2 8 12 4 1 0 14 30 25 0 20 20 13 29 8 15 12 33 36 20 16 30 24 9 6 6 0 0 22 37 19 10 15 32 35 37 41 37 30 20 10 0 -100 -1 -1 -1 -1 -1 -1 -1 -1 -28 -1 -1 -1 -1 -1 -1 -1 -1 -1 -1 -1 -1 -1 -1 -1 -1 -1 -1 -1 -1 -1 -1 -1 -1 -6 -37 -102 0 7 0 -121 -21 -1 -1 -1 -6 -2 -1 -115 -125 -9 -4 -1 -1 -128 -1 -128 -58 -47 -128 -122 15 18 18 36 32 22 14 16 26 33 49 70 81 85 85 105 93 76 83 94 110 79 68 47 41 29 0 0 -121 -50 -1 -1 -1 -1 -1 -1 -1 -1 -1 -1 -1 -1 -1 -1 -1 -1 -1 -1 -1 -1 -1
-1 -1 -1 -1 -1 -63 -91 0 0 -120 -82 -14 -1 -1 -1 -1 -1 -1 -1 -1 -1 -18 -128 -1 -1 -1 -1 -1 -114 15 45 12 19 67 59 15 0 -96 -1 -1 -1 -1 -1 -1 -117 3 15 0 -61 -1 -1 -1 -1 -1 -1 -1 -1 -1 -13 -128 9 19 20 41 50 32 9 20 18 4 27 36 35 31 29 31 18 20 41 77 73 35 9 24 27 0 -110 -87 -39 -28 -14 -18 -1 -1 -1 -40 -39 -7 -1 -1 -1 -1 -1 -1 -1 -1 -1 -1 -1 -1 -1 -1 -98 0 -88 0 21 31 21 36 38 22 27 20 21 0 -126 -32 -1 -1 -1 -1 -1 -1 -1 -1 -1 -1 -1 -34 -117 0 0 14 47 68 66 58 24 7 16 -96 -1 -44 -98 -1 -1 -30 -106 -128 -121 -121 -53 -1 -1 -1 -1 -1 -1 -105 0 0 0 -14 -6 -119 -107 -22 -1 -55 -17 -1 -1 -1 -1 -1 -1 -1 -1 -45 -14 -1 -1 -1 -1 -1 -1 -1 -1 -1 -1 -1 -1 -1 -1 -1 -1 -1 -1 -1 -1 -1 -1 -1 -1 -1 -1 -1 -1 -1 -1 -1 -1 -1 -1 -1 -1 -1 -1 -1 -1 -1 -1 -1 -1 -1 -1 -1 -1 -1 -1 -1 -1 -1 -1 -1 -1 -1 -1 -1 -41 -124 0 0 9 0 -93 -112 -111 -100 -75 -3 -54 -112 0 -111 -105 -46 -7 -97 -75 -93 0 15 33 26 35 47 41 18 25 25 19 37 36 32 27 33 31 38 29 20 32 29 36 29 0 31 0 0 30 30 0 0 36 37 30 27 27 37 36 27 0 0 0 0 0 0 0 0 0 0 0 8 0 0 0 0 0 0 3 0 9 3 0 0 0 0 0 0 0 0 0 0 15 4 0 -98 0 0 0 0 0 0 0 0 0 0 0 0 0 22 18 25 42 48 32 27 36 32 21 27 0 27 48 67 64 38 18 20 31 33 14 0 9 6 0 25 0 0 35 36 15 19 20 14 14 12 2 0 -120 -114 -117 -22 -1 -1 -26 -69 -12 -37 -1 -1 -1 -1 -1 -1 -1 -1 -1 -1 -1 -1 -1 -1 -1 -1 -1 -1 -1 -1 -1 -20 -101 0 0 -128 -121 27 15 0 -96 -61 -1 -1 -79 -128 -89 -1 -7 -1 -1 -1 -1 -1 -1 -1 -1 -34 -114 0 1 31 36 36 37 27 21 25 37 56 50 47 54 70 88 107 108 110 101 101 83 83 44 33 4 0 0 -58 -20 -1 -1 -1 -1 -1 -1 -1 -1 -1 -1 -1 -1 -1 -1 -1 -1 -1 -1 -1 -1 -1 -1 -1
-1 -1 -1 -1 -1 -75 -4 -128 -26 -1 -1 -1 -1 -1 -1 -1 -1 -1 -1 -1 -1 -1 -1 -1 -1 -1 -1 -4 -117 13 43 54 13 66 52 18 25 -128 -1 -1 -1 -46 -1 -1 -47 0 16 0 -55 -1 -1 -1 -1 -1 -1 -1 -1 -1 -105 -108 9 22 56 82 48 14 0 0 10 16 0 0 32 37 30 26 19 24 33 67 67 29 13 21 0 -128 -1 -1 -1 -1 -1 -1 -1 -1 -1 -1 -1 -1 -1 -1 -1 -1 -1 -1 -12 -14 -1 -1 -1 -1 -1 -1 -36 0 35 33 24 13 31 35 35 22 22 32 43 0 -100 -1 -1 -1 -1 -1 -1 -1 -1 -1 -1 -1 -1 -1 -105 18 16 15 18 24 37 39 31 4 21 -88 -35 -111 0 -119 -77 -128 0 0 0 -128 -37 -1 -1 -1 -1 -1 -1 -30 -128 -105 -37 -1 -108 -128 -120 -22 -1 -1 -1 -1 -1 -1 -1 -1 -1 -44 -128 -128 -110 -1 -1 -1 -1 -1 -1 -1 -1 -1 -1 -1 -1 -1 -1 -1 -1 -1 -1 -1 -1 -1 -1 -1 -1 -1 -1 -1 -1 -1 -1 -1 -1 -1 -1 -1 -1 -1 -1 -1 -1 -1 -1 -1 -1 -1 -1 -1 -1 -1 -1 -1 -1 -1 -1 -1 -1 -1 -1 -1 -1 -1 -30 -117 0 10 4 12 21 18 0 0 -103 21 -102 -128 -120 -128 -128 -97 0 3 14 0 35 49 52 22 12 32 38 35 31 32 32 9 29 36 37 41 33 18 24 37 36 35 0 29 0 19 31 0 0 0 26 8 14 0 0 19 30 33 33 33 20 0 0 0 0 0 0 0 1 7 0 0 0 0 0 0 0 0 0 6 0 4 2 0 0 -64 0 0 0 0 0 0 0 0 0 0 0 8 0 0 0 0 0 0 1 9 16 53 52 42 53 74 60 58 71 43 35 44 26 26 62 73 62 44 16 0 22 24 0 21 35 20 6 6 0 0 31 21 10 3 7 0 0 6 2 0 21 0 -128 -40 -1 -1 -9 -1 -1 -1 -1 -1 -1 -1 -1 -1 -1 -1 -1 -1 -1 -1 -1 -1 -1 -1 -1 -1 -1 -1 -1 -93 0 14 1 -128 0 29 0 -128 -128 -128 -128 -128 -128 -110 -67 -21 -1 -1 -1 -1 -1 -1 -1 -1 -25 -116 0 27 36 19 24 33 37 22 26 37 64 66 74 62 54 67 67 85 99 107 90 87 55 36 0 0 -98 -37 -1 -1 99 -1 -1 -1 -1 -1 -1 -1 -1 -1 -1 -1 -1 -1 -1 -1 -1 -1 -1 -1 -1 -1 -1 -1
-87 -1 -1 -1 -1 -1 -1 -1 -1 -1 -1 -1 -1 -1 -1 -1 -1 -1 -1 -1 -1 -1 -1 -1 -1 -1 -1 -101 -96 15 59 89 42 82 49 19 32 -107 -34 -72 -112 -128 -1 -1 -23 0 16 -117 -1 -1 -1 -1 -1 -1 -1 -54 -128 -112 -128 10 27 42 89 100 49 7 -125 -96 -101 22 -128 -128 12 37 38 24 25 33 24 45 33 16 10 6 -121 -20 -1 -1 -1 -1 -1 -1 -1 -1 -1 -1 -1 -1 -1 -1 -1 -1 -1 -1 -106 -84 -1 -1 -1 -1 -1 -17 -125 2 22 30 25 22 21 19 16 24 44 67 77 9 -111 -1 -1 -1 -1 -1 -1 -1 -23 -128 -111 -122 -51 -74 0 27 18 0 0 1 29 37 43 25 21 -116 -112 0 0 0 0 14 27 33 13 -122 -34 -1 -1 -1 -1 -1 -1 -22 -128 -63 -1 -1 -65 -128 -42 -1 -1 -1 -1 -1 -1 -1 -1 -1 -1 -3 -89 -82 -8 -1 -1 -1 -1 -1 -1 -1 -1 -1 -1 -1 -1 -1 -1 -1 -1 -1 -1 -1 -1 -1 -1 -1 -1 -1 -1 -1 -1 -1 -1 -1 -1 -1 -1 -1 -1 -1 -1 -1 -1 -1 -1 -1 -1 -1 -1 -1 -1 -1 -1 -1 -1 -1 -1 -1 -1 -1 -1 -1 -1 -1 -1 -1 -103 14 18 21 41 10 26 24 7 25 0 -111 -128 -101 -121 -119 9 10 22 0 0 16 21 4 6 27 35 31 13 29 33 31 36 37 32 33 10 0 0 32 29 29 0 9 15 24 18 0 0 0 15 0 6 0 0 0 0 3 22 32 29 19 16 20 12 0 0 0 0 0 3 0 0 0 0 0 0 10 0 0 0 0 9 4 0 0 0 0 0 0 0 6 0 0 0 0 8 37 4 10 19 3 7 14 21 24 26 54 76 64 68 94 78 73 93 54 61 71 32 41 54 70 58 41 21 12 14 25 18 15 9 12 19 8 12 25 22 18 18 29 26 24 21 6 0 13 0 -103 -105 -1 -1 -1 -1 -1 -1 -1 -1 -1 -1 -1 -1 -1 -1 -1 -1 -27 -50 -72 -67 -54 -65 -96 -74 -42 -1 -1 -1 -87 -128 0 10 -128 -125 0 -128 -74 -106 0 0 7 -117 -1 -1 -1 -1 -1 -1 -1 -1 -1 -1 -1 -77 0 9 30 36 31 31 33 31 19 25 26 45 42 55 70 77 79 94 88 100 101 59 48 30 0 -112 -4 -1 -1 -1 -1 -1 -1 -1 -1 -1 -1 -1 -1 -1 -1 -1 -1 -1 -1 -1 -1 -1 -1 -1 -1 -1 -1 -1 -1
-82 -56 -1 -1 -1 -1 -1 -1 -1 -1 -1 -1 -1 -1 -1 -1 -1 -1 -1 -1 -1 -1 -1 -1 -1 -1 -1 -7 -110 4 48 99 65 97 47 22 27 0 -128 -112 0 0 -32 -1 -53 0 13 -100 -1 -1 -1 -1 -1 -1 -7 -97 26 0 8 14 44 66 87 74 35 0 -64 -40 -103 -100 -128 19 22 35 38 36 25 37 14 18 10 14 8 -128 -110 -128 -28 -1 -1 -1 -1 -1 -1 -1 -1 -1 -1 -1 -1 -1 -1 -1 -1 -1 -13 -1 -1 -1 -1 -1 -1 -1 -125 10 16 12 16 21 22 41 36 37 53 62 42 0 -101 -1 -1 -1 -1 -1 -3 -128 -128 -98 0 0 -119 -128 0 26 26 10 13 19 33 39 48 22 18 -100 -120 -128 12 12 20 26 8 20 6 -128 -18 -1 -31 -1 -1 -41 -21 -128 -122 -1 -1 -1 -1 -1 -1 -1 -1 -1 -1 -1 -1 -1 -1 -1 -1 -1 -1 -1 -1 -1 -1 -1 -1 -1 -1 -1 -1 -1 -1 -1 -1 -1 -1 -1 -1 -1 -1 -1 -1 -1 -1 -1 -1 -1 -1 -1 -1 -1 -1 -1 -1 -1 -1 -1 -1 -1 -1 -1 -1 -1 -1 -1 -1 -1 -1 -1 -1 -1 -1 -1 -1 -1 -1 -1 -1 -1 -1 -1 -1 -1 -1 -1 -124 0 26 18 22 31 56 45 16 0 16 0 -128 0 -128 0 15 10 4 7 0 0 0 0 0 9 7 14 19 19 16 32 37 31 33 37 27 0 4 22 4 15 0 19 12 3 0 14 0 0 0 8 0 0 0 0 0 0 0 20 18 26 20 19 16 7 0 0 0 0 0 0 0 0 6 0 0 0 12 0 3 10 0 0 0 12 14 3 8 8 7 25 24 20 20 22 2 16 30 30 29 6 9 18 1 0 21 43 64 90 89 111 83 93 96 66 82 78 50 67 72 102 91 62 55 37 14 1 1 0 24 27 24 22 22 37 29 24 25 25 16 15 15 30 37 33 32 20 -128 -107 -1 -1 -1 -1 -1 -1 -1 -1 -1 -1 -1 -1 -1 -53 -128 0 0 0 0 0 0 0 0 0 -125 -100 -93 -128 -128 -126 4 -101 -128 -110 -50 -6 -121 0 25 24 -125 -1 -1 -1 -1 -1 -1 -1 -1 -1 -1 -1 -112 14 31 36 39 38 37 38 31 19 21 21 22 27 32 45 74 82 97 108 97 94 45 14 0 -67 -1 -1 -1 -1 -1 -1 -1 -1 -1 -1 -1 -1 -1 -1 -1 -1 -1 -1 -1 -1 -1 -1 -1 -1 -1 -1 -1 -1 -1 -1
32 -92 -8 -1 -1 -1 -1 -1 -1 -1 -1 -1 -1 -1 -1 -1 -1 -1 -1 -1 -1 -1 -1 -1 -1 -1 -1 -1 -6 -108 19 70 93 110 74 25 20 33 33 25 16 10 -100 -1 -86 16 0 -65 -1 -1 -1 -1 -1 -1 -1 -89 6 31 13 36 70 76 72 38 24 0 -108 -13 -69 -46 -128 16 27 26 26 32 30 25 -121 -89 -108 0 9 -124 -58 -128 -50 -1 -1 -1 -1 -1 -1 -1 -1 -1 -1 -1 -1 -1 -1 -1 -1 -1 -1 -1 -1 -1 -1 -1 -1 -1 -34 0 10 18 21 21 32 56 42 25 15 13 10 0 -121 -1 -1 -37 -46 -1 -67 0 0 0 22 9 20 10 24 10 27 33 27 32 44 61 43 10 4 -97 -128 -106 0 27 43 24 4 9 6 -128 -124 -97 -117 -102 -54 -117 -31 -128 -34 -1 -1 -1 -1 -1 -1 -1 -1 -1 -1 -1 -1 -1 -1 -1 -1 -1 -1 -1 -1 -1 -1 -1 -1 -1 -1 -1 -1 -1 -1 -1 -1 -1 -1 -1 -1 -1 -1 -1 -1 -1 -1 -1 -1 -1 -1 -1 -1 -1 -1 -1 -1 -1 -1 -1 -1 -1 -1 -1 -1 -1 -1 -1 -1 -1 -1 -1 -1 -1 -1 -1 -1 -1 -1 -1 -1 -1 -1 -1 -1 -1 -1 -13 -128 -68 -122 7 6 20 39 31 10 0 0 12 20 24 -128 0 25 12 7 20 32 10 0 14 38 27 2 25 19 3 25 35 15 0 15 35 37 27 21 26 19 21 0 14 2 3 0 0 0 0 0 0 19 22 22 20 25 0 0 0 0 2 0 0 0 0 4 0 0 0 1 7 12 1 0 0 22 16 0 0 29 24 20 29 29 33 33 35 29 32 32 33 31 27 36 30 14 25 38 43 30 19 25 36 44 53 60 48 62 81 93 102 105 107 87 81 104 108 95 79 77 96 101 95 91 49 26 0 0 24 62 47 19 14 20 33 19 20 13 8 3 10 33 35 18 32 12 25 24 -96 -67 -1 -1 -1 -1 -1 -1 -1 -1 -1 -1 -26 -106 0 30 60 59 42 25 20 14 10 18 19 15 0 1 21 6 0 0 -128 -128 -112 -1 -20 -87 -111 0 -101 -14 -1 -1 -1 -1 -1 -1 -1 -1 -1 -1 -1 -110 -101 0 0 29 42 37 37 21 16 16 25 29 38 42 47 60 78 66 78 66 66 18 0 -50 -1 -1 -1 -1 -1 -1 -1 -1 -1 -1 -1 -1 -1 -1 -1 -1 -1 -1 -1 -1 -1 -1 -1 -1 -1 -1 -1 -1 -1 -1 -1
19 -97 -21 -1 -1 -1 -1 -1 -1 -1 -1 -1 -1 -1 -1 -1 -1 -1 -1 -1 -1 -1 -1 -1 -1 -1 -1 -1 -1 -32 0 24 43 87 72 26 2 29 35 19 27 14 0 -106 -116 19 0 -51 -1 -1 -1 -1 -1 -1 -1 -1 -105 0 19 59 71 42 35 16 0 -128 -124 -1 -1 -1 -119 -125 0 13 24 64 30 4 -97 -1 -4 -119 -103 -121 -1 -1 -1 -1 97 -1 -1 -1 -1 -1 -1 -1 -1 -1 -1 -1 -1 -1 -1 -1 -1 -1 -1 -1 -1 -1 -1 -1 -1 -93 0 6 26 13 22 16 0 -97 -125 -117 -110 -120 -128 -31 -1 -1 -1 -23 -111 30 41 18 22 18 25 25 18 3 0 0 0 0 0 21 0 -121 -97 -128 -106 0 15 18 20 41 15 4 12 0 -128 -92 -128 -128 -128 -98 -1 -25 -1 -1 -1 -1 -1 -1 -1 -1 -1 -1 -1 -1 -1 -1 -1 -1 -1 -1 -1 -1 -1 -1 -1 -1 -1 -1 -1 -1 -1 -1 -1 -1 -1 -1 -1 -1 -1 -1 -1 -1 -1 -1 -1 -1 -1 -1 -1 -1 -1 -1 -1 -1 -1 -1 -1 -1 -1 -1 -1 -1 -1 -1 -1 -1 -1 -1 -1 -1 -1 -1 -1 -1 -1 -1 -1 -1 -1 -1 -1 -1 -1 -1 -1 -1 -1 -1 -116 -128 -116 0 12 3 0 31 15 0 19 21 0 -112 0 0 20 32 36 16 10 37 77 62 73 73 20 0 7 4 2 0 4 36 35 33 27 25 19 19 0 8 0 0 0 3 0 0 0 16 43 47 72 67 24 8 8 7 7 0 0 0 0 0 0 0 0 0 10 0 13 14 22 29 32 24 0 0 0 20 32 32 39 41 32 53 45 52 60 52 47 49 56 48 39 56 64 59 37 39 42 48 70 82 71 54 74 88 104 116 116 114 105 104 108 91 74 54 59 70 74 100 88 60 38 22 22 38 49 36 22 22 33 27 26 9 9 15 25 19 33 19 24 8 3 35 37 35 0 -122 -13 -1 -1 -1 -1 -1 -1 -1 -9 -128 12 26 53 79 70 67 66 27 32 22 22 29 24 12 29 19 3 14 0 -81 -128 -53 -86 -128 -128 -58 -102 -128 -1 -1 -1 -1 -1 -1 -1 -1 -1 -1 -1 -1 -1 -1 -1 -39 -128 14 36 33 29 26 19 20 29 41 45 42 36 35 36 45 29 8 -122 -56 -1 -1 -1 -1 -1 -1 -1 -1 -1 -1 -1 -1 -1 -1 -1 -1 -1 -1 -1 -1 -1 -1 -1 -1 -1 -1 -1 -1 -1 -1 -1 -1
0 -114 -17 -1 -1 -1 -1 -1 -1 -1 -1 -1 -1 -1 -1 -1 -1 -1 -1 -1 -1 -1 -1 -1 -1 -1 -1 97 -1 -1 -59 0 14 36 52 31 13 30 29 25 39 16 24 -112 0 14 0 -58 -1 -1 -1 -1 -1 -1 -1 -1 -37 0 29 50 39 38 18 0 -75 -49 -1 -1 -1 -1 -12 -41 -120 0 14 31 7 0 -128 -1 -1 -1 -117 -27 -1 -1 -1 -1 -1 -1 -1 -1 -1 -1 -1 -1 -1 -1 -1 -1 -1 -1 -1 -1 -1 -1 -1 -1 -1 -1 -1 -1 -1 -1 -108 -128 -116 -102 0 0 -126 -81 -28 -1 -1 -17 -1 -1 -1 -1 -34 -128 0 19 37 45 25 30 9 12 0 -119 -101 -67 -59 -54 -110 -128 -105 -26 -1 -59 -121 -128 -128 0 9 15 8 1 7 13 8 0 -128 -91 -28 -32 -1 -1 -1 -1 -1 -1 -1 -1 -1 -1 -1 -1 -1 -1 -1 -1 -1 -1 -1 -1 -1 -1 -1 -1 -1 -1 -1 -1 -1 -1 -1 -1 -1 -1 -1 -1 -1 -1 -1 -1 -1 -1 -1 -1 -1 -1 -1 -1 -1 -1 -1 -1 -1 -1 -1 -1 -1 -1 -1 -1 -1 -1 -1 -1 -1 -1 -1 -1 -1 -1 -1 -1 -1 -1 -1 -1 -1 -1 -1 -1 -1 -1 -1 -1 -1 -1 -1 -1 -1 -1 -63 -102 25 29 15 15 13 12 0 10 7 33 37 29 37 37 35 12 0 21 33 30 39 20 0 0 0 6 20 12 0 10 25 30 26 21 15 16 0 9 0 0 0 16 18 0 24 48 68 82 101 64 18 20 22 32 30 2 0 7 0 0 3 0 13 4 7 0 0 15 0 0 12 12 0 12 7 31 27 29 27 30 45 61 72 66 74 71 73 78 90 72 61 81 90 78 61 67 61 66 77 89 66 72 91 106 116 112 114 106 105 106 79 65 54 45 35 27 42 71 85 88 58 32 26 45 41 24 18 32 10 2 24 7 2 12 14 13 13 0 0 0 0 30 39 32 30 7 -115 -96 -96 -25 -1 -50 -70 -102 -116 0 31 24 44 72 64 91 76 48 61 53 49 44 16 21 21 21 22 30 -98 -111 0 0 -128 -128 -128 0 0 -56 -1 -1 -1 -1 -1 -1 -1 -1 -1 -1 -1 -1 -1 -1 -1 -1 -42 -128 15 31 24 22 15 10 18 26 26 26 41 22 21 21 0 0 -36 -1 -1 -1 -1 -1 -1 -1 -1 -1 -1 -1 -1 -1 -1 -1 -1 -1 -1 -1 -1 -1 -1 -1 -1 -1 -1 -1 -1 -1 -1 -1 -1 -1
33 0 -28 -1 -1 -1 -1 -1 -1 -1 -1 -1 -1 -1 -1 -1 -1 -1 -1 -1 -1 -1 -1 -1 -1 -1 -1 -1 -1 -1 -1 -92 0 9 13 18 24 29 32 24 37 30 26 29 30 24 0 -70 -1 -1 -1 -1 -1 -1 -1 -1 -63 0 33 25 16 10 0 -93 -1 -1 -1 -1 -1 -1 -1 -1 -42 -124 -101 0 -122 -81 -27 -1 -17 -63 -1 -1 -1 -60 -106 -105 -68 -1 -1 -1 -36 -17 -1 -1 -1 -1 -1 -1 -1 -1 -1 -1 -1 -1 -1 -1 -1 -1 -1 -1 -1 -1 -1 -1 -46 -46 -91 -60 -14 -1 -1 -1 -1 -1 -1 -11 -1 -107 -128 -128 -119 25 47 83 55 15 12 0 -110 -23 -1 -1 -1 -1 -1 -1 -1 -1 -1 -1 -30 -8 -34 -110 19 7 0 -128 0 6 30 -128 -115 -69 -1 -1 -1 -1 -1 -1 -1 -1 -1 -1 -1 -1 -1 -1 -1 -1 -1 -1 -1 -1 -1 -1 -1 -1 -1 -1 -1 -1 -1 -1 -1 -1 -1 -1 -1 -1 -1 -1 -1 -1 -1 -1 -1 -1 -1 -1 -1 -1 -1 -1 -1 -1 -1 -1 -1 -1 -1 -1 -1 -1 -1 -1 -1 -1 -1 -1 -1 -1 -1 -1 -1 -1 -1 -1 -1 -1 -1 -1 -1 -1 -1 -1 -1 -1 -1 -1 -1 -1 -1 -1 -3 -92 -96 -128 -128 19 19 15 10 22 12 26 35 32 31 37 7 30 33 0 0 0 8 0 13 4 0 0 3 26 56 49 33 14 19 25 22 20 13 12 0 6 0 0 0 42 70 66 72 87 65 73 70 49 35 41 41 48 35 27 20 4 0 0 3 0 3 7 12 3 4 4 0 18 25 1 3 26 30 35 30 31 35 47 47 78 100 77 89 93 97 93 106 76 78 100 105 90 101 87 77 89 95 97 81 93 107 117 105 90 99 112 104 88 66 74 59 47 49 0 7 59 58 56 36 13 14 14 21 26 30 22 2 1 0 2 0 10 7 6 18 9 24 27 9 24 26 3 7 27 29 0 0 -106 -121 0 0 12 13 29 25 48 73 70 62 108 91 88 64 62 73 50 9 6 21 30 31 26 0 -128 0 35 14 -110 0 12 0 -4 -1 -1 -1 -1 -1 -1 -1 -1 -1 -1 -1 -1 -1 -1 -1 -1 -1 -47 0 27 15 12 12 10 19 21 15 16 30 27 4 0 -107 -26 -1 -1 -1 -1 -1 -1 -1 -1 -1 -1 -1 -1 -1 -1 -1 -1 -1 -1 -1 -1 -1 -1 -1 -1 -1 -1 -1 -1 -1 -1 -1 -1 -1 -1
0 -100 -1 -1 -1 -1 -1 -1 -1 -1 -1 -91 -17 -67 -68 -128 -7 -1 -1 -1 -1 -1 -1 -1 -1 -1 -1 -1 -1 -1 -1 -1 -32 -122 0 19 27 24 30 6 15 31 10 30 26 0 -102 -7 -1 -1 -1 -108 -4 -74 -92 -102 -121 6 3 0 0 -128 -53 -1 -1 -1 -1 -1 -1 -1 -1 -1 -1 -1 -50 -36 -1 -1 -39 -96 -114 -128 -1 -8 -92 0 31 27 0 -107 -101 -63 -53 -79 -1 -1 -1 -1 -1 -1 -1 -1 -1 -1 -1 -1 -1 -1 -7 -1 -1 -1 -1 -8 -1 -1 -1 -1 -3 -1 -1 -1 -1 -1 -1 -1 -65 -125 -86 -128 -27 -1 -124 0 22 38 4 0 -103 -110 -40 -1 -1 -1 -1 -1 -1 -1 -1 -1 -1 -1 -1 -1 -1 -128 0 0 -120 -34 -128 0 9 0 -126 -32 -1 -1 -1 -1 -1 -1 -1 -1 -1 -1 -1 -1 -1 -1 -1 -1 -1 -1 -1 -1 -1 -1 -1 -1 -18 -87 -54 -1 -1 -1 -1 -1 -1 -1 -1 -1 -1 -1 -1 -1 -1 -1 -1 -1 -1 -1 -1 -1 -1 -1 -1 -1 -1 -1 -1 -1 -1 -1 -1 -1 -1 -1 -1 -1 -1 -1 -1 -1 -1 -1 -1 -1 -1 -1 -1 -1 -1 -1 -1 -1 -1 -1 -1 -1 -1 -1 -1 -1 -1 -1 -39 -128 -107 -128 -96 0 35 24 22 42 19 36 38 38 35 37 21 32 26 0 0 8 19 8 27 42 21 4 21 71 107 101 73 58 36 19 19 16 13 10 0 0 0 8 4 16 18 26 25 70 43 32 59 45 55 73 52 24 13 45 32 15 16 8 39 19 0 20 18 18 19 25 8 27 31 29 35 38 36 44 48 44 47 58 79 94 105 90 84 85 95 107 113 96 105 111 104 106 113 102 105 111 100 95 108 112 102 102 90 83 101 104 102 101 89 81 68 76 73 47 25 30 27 21 16 14 14 15 14 14 14 12 4 13 4 0 9 30 37 49 61 38 58 45 21 24 21 33 0 22 24 31 0 15 26 37 22 16 0 13 27 53 85 55 52 76 70 73 49 60 71 44 29 6 20 24 16 12 0 -119 -128 -106 -100 0 8 30 -101 -1 -1 -1 -1 -1 -1 -1 -1 -1 -1 -1 -1 -1 -1 -1 -1 -1 -1 -1 -120 30 24 10 0 0 0 -120 -86 -108 -102 -98 -128 -59 -1 -1 -1 -1 -1 -1 -1 -1 -1 -1 -1 -1 -1 -1 -1 -1 -1 -1 -1 -1 -1 -1 -1 -1 -1 -1 -1 -1 -1 -1 -1 -1 -1 -1 -1 -1
-93 -1 -1 -1 -1 -1 -1 -1 -1 -1 -75 -108 -128 0 -128 -115 -1 -1 -1 -1 -1 -1 -1 -1 -1 -1 -1 -1 -1 -1 -1 -1 -1 -1 -97 1 9 -128 -126 6 9 22 25 0 -128 -103 -1 -1 -1 -1 -1 -128 -89 0 0 -114 -128 -128 -119 -72 -2 -1 -1 -1 -1 -1 -1 -1 -1 -1 -1 -1 -1 -1 -1 -1 -1 -86 0 0 3 -128 -128 -101 0 38 65 83 42 0 0 0 0 -117 -79 -105 -128 -37 -1 -1 -1 -1 -1 -1 -1 -1 -114 -128 -97 -1 -1 -20 -59 -128 -128 -114 -107 -117 -122 -35 -20 -16 -1 -73 -78 -1 -103 0 -105 -1 -1 -14 -128 -108 0 -128 -125 -31 -1 -1 -1 -1 -1 -1 -1 -1 -1 -97 -128 -126 -93 -59 -44 -3 -28 -128 -128 -128 -126 -1 -42 -128 -103 -121 -128 -14 -1 -1 -1 -1 -1 -1 -1 -1 -1 -1 -1 -1 -1 -1 -1 -1 -1 -1 -1 -1 -1 -1 -1 -1 -96 -91 -106 -1 -1 -1 -1 -1 -1 -1 -1 -1 -1 -1 -1 -1 -1 -1 -1 -1 -1 -1 -1 -1 -1 -1 -1 -1 -1 -1 -1 -1 -1 -1 -1 -1 -1 -1 -1 -1 -1 -1 -1 -1 -1 -1 -1 -1 -1 -1 -1 -1 -1 -1 -1 -1 -1 -1 -1 -1 -1 -1 -1 -1 -1 -1 -1 -1 -128 -56 -119 -128 26 31 8 20 0 0 30 13 1 16 26 35 24 10 2 25 19 0 35 43 0 0 22 60 72 105 102 72 31 15 16 15 12 12 8 0 0 0 0 0 9 14 27 61 26 41 79 65 49 68 72 72 47 62 60 43 22 18 15 0 0 13 0 10 29 29 33 35 41 55 48 54 41 35 43 53 62 76 74 82 83 76 79 87 102 108 100 107 110 113 99 110 113 94 99 107 102 91 110 111 99 72 87 94 105 106 101 90 85 81 68 50 64 58 42 42 32 25 21 24 25 24 26 31 32 25 20 45 45 15 47 70 91 99 65 72 60 32 26 25 58 76 64 70 58 39 14 42 54 52 15 10 18 27 30 62 87 53 41 47 70 47 43 62 70 65 30 29 56 39 20 14 13 4 0 -128 -82 -128 -128 0 -102 -32 -1 -1 -1 -1 -1 -1 -1 -1 -1 -1 -1 -1 -1 -1 -1 -1 -1 -16 -93 9 0 -120 -128 -87 -1 -1 -1 -1 -1 -1 -9 -1 -1 -1 -1 -1 -1 -1 -1 -1 -1 -1 -1 -1 -1 -1 -1 -1 -1 -1 -1 -1 -1 -1 -1 -1 -1 -1 -1 -1 -1 -1 -1 -1 -1 -1 -1 -1
-72 -1 -1 -1 -1 -1 -1 -1 -1 -1 -89 -120 0 0 0 -128 -1 -1 -1 -1 -1 -1 -1 -1 -1 -1 -1 -1 -1 -1 -1 -1 -1 -1 -68 16 8 -83 -128 0 14 14 14 0 -91 -26 -1 -1 -1 -1 -64 -128 0 12 13 -128 -44 -81 -3 -1 -1 -1 -1 -1 -1 -1 -1 -1 -1 -1 -1 -1 -1 -1 -1 -1 -20 0 21 18 27 25 -107 -124 0 18 35 72 45 19 32 36 22 20 0 9 0 -94 -31 -1 -1 -36 -22 -1 -1 -26 -121 -126 -73 -1 -93 -128 0 -117 -128 -128 -128 0 8 0 -108 -128 -126 -120 -121 -1 -108 -120 0 -55 -128 -128 -128 -27 -97 -18 -1 -1 -1 -1 -1 -1 -1 -1 -1 -1 -34 0 16 13 0 0 -105 -121 -128 -39 -63 -128 -116 -46 -1 -44 -55 -1 -1 -1 -1 -1 -1 -1 -1 -1 -1 -1 -1 -1 -1 -1 -1 -1 -1 -1 -1 -1 -1 -1 -1 -1 -1 -1 -74 1 -121 -1 96 -1 -1 -1 -1 -1 -1 -1 -1 -1 -1 -1 -1 -1 -1 -1 -1 -1 -1 -1 -1 -1 -1 -1 -1 -1 -1 -1 -1 -1 -1 -1 -1 -1 -1 -1 -1 -1 -1 -1 -1 -1 -1 -1 -1 -1 -1 -1 -1 -1 -1 -1 -1 -1 -1 -1 -1 -1 -1 -1 -1 -1 -1 -1 -46 -14 -36 -120 12 16 13 18 9 0 0 0 0 8 32 36 37 35 12 0 4 0 0 13 0 0 0 6 4 74 116 100 65 37 14 12 12 9 9 10 9 6 0 0 0 1 10 18 6 35 49 43 30 47 53 89 77 93 59 44 43 38 7 0 0 2 8 22 20 12 41 24 67 71 76 68 43 41 39 38 47 49 67 78 78 77 85 91 105 104 91 94 106 110 93 106 117 102 90 101 81 91 110 113 104 93 110 107 91 90 100 84 81 78 73 60 70 54 49 36 30 35 38 35 39 36 48 60 65 60 36 45 62 72 81 105 104 74 84 53 27 30 18 24 42 74 84 87 84 35 33 35 25 39 10 21 18 22 26 53 83 88 61 37 78 38 54 55 82 56 29 27 53 43 31 22 16 13 19 20 0 -119 -100 -128 -107 -1 -1 -1 -1 -1 -1 -1 -1 -1 -1 -1 -1 -1 -1 -1 -1 -1 -1 -73 -128 -128 -107 -56 -1 -1 -1 -1 -1 -1 -1 -1 -1 -1 -1 -1 -1 -1 -1 -1 -1 -1 -1 -1 -1 -1 -1 -1 -1 -1 -1 -1 -1 -1 -1 -1 -1 -1 -1 -1 -1 -1 -1 -1 -1 -1 -1 -1 -1 -1
-117 -1 -1 -1 -1 -1 -1 -1 -1 -1 -16 -81 -128 -126 -103 -46 -1 -1 -1 -1 -1 -1 -1 -1 -1 -1 -1 -1 -1 -1 -1 -1 -1 -1 -67 8 0 -78 -2 -128 12 24 13 0 -26 -1 -1 -1 -1 -81 0 1 26 25 22 0 0 0 -128 -1 -1 -1 -1 -1 -1 -1 -1 -1 -1 -1 -1 -1 -1 -1 -1 -1 -87 13 18 30 26 9 -112 -128 0 15 39 31 12 18 54 74 44 52 45 9 -128 -37 -77 -1 -70 0 -119 -36 -1 -54 -102 -51 -116 -128 -128 10 41 12 -105 -128 -74 -119 10 4 -105 -128 -128 -122 -28 -1 -111 -122 -96 -128 -67 -1 -1 -1 -1 -1 -1 -1 -1 -1 -1 -1 -1 -1 -1 -12 -128 1 41 36 43 1 0 7 7 -122 -84 -100 -126 -1 -1 -1 -1 -1 -1 -1 -1 -1 -1 -1 -1 -1 -1 -1 -1 -1 -1 -1 -1 -1 -1 -1 -1 -1 -1 -1 -1 -1 -1 -1 -73 -92 -128 -28 -1 -1 -1 -1 -16 -1 -1 -1 -1 -1 -1 -1 -1 -1 -1 -1 -1 -1 -1 -1 -1 -1 -1 -1 -1 -1 -1 -1 -1 -1 -1 -1 -1 -1 -1 -1 -1 -1 -1 -1 -1 -1 -1 -1 -1 -1 -1 -1 -1 -1 -1 -1 -1 -1 -1 -1 -1 -1 -1 -1 -1 -1 -1 -1 -1 -1 -1 -115 0 6 42 62 36 0 0 0 0 0 26 37 38 38 16 4 21 4 6 0 0 0 0 0 16 53 70 94 97 54 20 13 9 9 9 10 8 9 10 8 0 0 0 20 32 29 29 30 25 30 39 60 90 94 76 59 42 31 18 37 0 15 29 22 29 21 53 52 81 88 73 59 41 50 48 45 44 47 54 58 74 82 99 105 107 97 85 102 117 104 90 113 114 110 97 94 81 93 99 110 105 89 108 104 90 85 81 81 78 66 71 56 59 54 43 43 45 54 58 66 55 55 83 97 105 82 47 47 84 39 38 87 99 73 47 39 56 39 19 18 26 54 47 73 22 35 36 19 26 43 31 26 25 26 30 45 96 96 49 27 37 32 52 48 77 44 14 21 32 20 31 24 22 12 14 25 36 16 -100 -128 -128 -13 -1 -1 -1 -1 -1 -1 -1 -1 -1 -1 -1 -1 -1 -1 -1 -1 -1 -2 -45 -1 -1 -1 -1 -1 -1 -1 -1 -1 -1 -1 -1 -1 -1 -1 -1 -1 -1 -1 -1 -1 -1 -1 -1 -1 -1 -1 -1 -1 -1 -1 -1 -1 -1 -1 -1 -1 -1 -1 -1 -1 -1 -1 -1 -1 -1 -1 -1 -1
-128 -96 -13 -1 -1 -1 -1 -1 -1 -1 -1 -1 -21 -1 -1 -1 -1 -1 -1 -1 -1 -1 -1 -1 -1 -1 -1 -1 -1 -1 -1 -1 -1 -1 -67 -94 -96 -16 -11 -128 -128 0 16 0 -82 -1 -1 -1 -23 -108 29 42 29 13 25 22 13 12 -96 -100 -1 -1 -1 -1 -1 -1 -1 -1 -1 -1 -1 -1 -1 -1 -1 -1 -89 20 24 29 7 0 -68 -81 -68 -93 0 -101 0 8 79 81 76 44 20 0 -121 -116 -59 -26 0 21 30 -116 -25 -1 -59 0 0 0 18 27 42 22 1 0 -115 -79 -124 -105 -83 -32 -1 -1 -1 -1 -1 -28 -67 -39 -1 -1 -1 -1 -1 -1 -1 -1 -1 -1 -1 -1 -1 -1 -1 -93 0 15 56 59 54 52 45 24 14 -116 -96 -97 -21 -1 -1 -1 -51 -7 -1 -1 -1 -1 -1 -1 -1 -1 -1 -1 -1 -1 -1 -1 -1 -1 -1 -1 -1 -1 -1 -1 -1 -1 -1 -1 -1 -73 -46 -1 -1 -1 -1 -1 -117 -128 -128 -110 -46 -1 -1 -1 -1 -1 -1 -1 -1 -1 -1 -1 -1 -1 -1 -1 -1 -1 -1 -1 -1 -1 -1 -1 -1 -1 -1 -1 -1 -1 -1 -1 -1 -1 -1 -1 -1 -1 -1 -1 -1 -1 -1 -1 -1 -1 -1 -1 -1 -1 -1 -1 -1 -1 -1 -1 -1 -1 -1 -124 7 37 65 66 26 0 15 32 30 33 31 30 35 31 25 2 13 0 7 25 26 15 0 0 8 25 20 41 54 43 32 15 7 0 8 13 12 10 9 9 13 13 0 13 29 35 25 24 10 39 66 59 73 78 62 48 41 36 38 42 35 31 44 43 13 35 44 59 64 79 77 64 53 66 74 76 60 61 42 55 67 85 107 97 85 89 87 104 101 97 93 110 100 97 99 82 91 88 91 95 93 97 93 95 88 42 29 18 27 15 21 16 13 33 25 16 74 39 44 79 71 77 102 93 84 64 79 58 83 37 105 45 42 90 83 66 88 44 45 39 13 27 54 76 3 42 26 18 25 39 45 53 58 45 38 53 61 58 48 20 30 35 41 58 39 19 12 21 12 12 16 15 14 10 16 19 37 15 4 0 -107 -93 -111 -110 -7 -1 -1 -1 -1 -1 -1 -1 -1 -1 -1 -1 -1 -1 -1 -1 -1 -1 -1 -1 -1 -1 -1 -1 -1 -1 -1 -1 -1 -1 -1 -1 -49 -58 -1 -1 -1 -1 -1 -1 -1 -1 -1 -1 -1 -1 -1 -1 -1 -1 -1 -1 -1 -1 -1 -1 -1 -1 -1 -1 -1 -1 -1 -1 -1 -1
6 -128 -128 -1 -1 -1 -1 -1 -1 -1 -1 -1 -1 -1 -1 -1 -1 -1 -1 -1 -14 -12 -1 -1 -1 -1 -1 -128 -125 -67 -1 -1 -1 -1 -1 -74 -111 -1 -50 0 -105 0 32 7 -115 -126 -13 -1 -86 2 47 72 32 30 27 21 0 -126 -128 -107 -1 -1 -1 -1 -1 -1 -1 -1 -1 -1 -1 -1 -1 -1 -1 -1 -111 0 -126 0 0 -124 -1 -124 -1 -1 -1 -1 -14 0 1 7 0 0 24 26 8 0 -55 -114 36 50 31 1 -111 -82 0 32 33 21 22 30 68 39 39 15 0 -67 -22 -128 -1 -1 -1 -1 -1 -1 -1 -1 -1 -1 -1 -1 -1 -1 -1 -1 -1 -1 -1 -1 -1 -1 -1 -1 -1 -79 -105 8 32 36 48 76 48 18 9 -107 -28 -1 -7 -55 -70 -111 -106 -1 -1 -1 -1 -1 -1 -1 -1 -1 -1 -1 -1 -1 -1 -1 -1 -1 -1 -1 -1 -1 -1 -1 -1 -1 -1 -1 97 -1 -1 -1 -1 -1 -1 -1 -6 -117 0 -94 -119 -1 -1 -1 -1 -1 -25 -1 -1 -1 -1 -1 -1 -1 -1 -1 -1 -1 -1 -1 -1 -1 -1 -1 -1 -1 -1 -1 -1 -1 -1 -1 -1 -1 -1 -1 -1 -1 -1 -1 -1 -1 -1 -1 -1 -1 -1 -1 -1 -1 -1 -1 -1 -1 -1 -1 -1 -1 -1 -93 3 18 56 78 29 0 7 33 20 8 15 7 29 32 42 27 24 4 31 33 20 35 13 0 0 7 12 19 10 26 30 22 9 3 0 7 8 9 8 0 0 24 9 0 25 58 39 0 0 30 54 60 68 65 65 47 42 48 64 74 36 41 50 44 45 62 78 85 77 77 74 58 76 88 96 97 81 70 42 45 53 78 77 73 70 94 83 74 82 81 84 91 89 73 85 59 0 0 30 68 90 29 66 37 13 65 74 74 72 64 50 55 70 85 85 76 32 95 104 47 93 106 24 24 32 61 36 48 48 49 106 83 101 22 93 105 99 44 67 94 73 55 49 87 73 4 26 20 12 29 66 67 48 56 48 31 22 19 13 25 13 27 56 35 19 21 22 26 15 8 15 21 21 15 7 14 35 6 29 37 30 33 7 -111 -1 -1 -1 -1 -1 -1 -1 -1 -1 -1 -1 -1 -1 -1 -1 -1 -1 -1 -1 -1 -1 -1 -1 -1 -1 -1 -1 -1 -1 -1 -1 -1 -122 -128 -53 -1 -1 -1 -1 -1 -1 -1 -1 -1 -1 -1 -1 -1 -1 -1 -1 -1 -1 -1 -1 -1 -1 -1 -1 -1 -1 -1 -1 -1 -1 -1
36 -110 -121 -1 -1 -1 -1 -1 -1 -1 -1 -1 -1 -1 -1 -1 -1 -1 -1 -1 -1 -1 -1 -1 -1 -1 -9 -122 0 -107 -128 -51 -17 -1 -1 -21 -2 -1 -75 0 21 33 36 31 0 -128 -1 -1 -122 13 42 54 33 19 14 20 -120 -22 -39 -128 -13 -1 -1 -1 -1 -1 -1 -1 -1 -1 -1 -1 -1 -1 -1 -59 -128 -86 -51 -128 -128 -54 -1 -1 -1 -1 -1 -1 -1 -119 -128 -101 -103 -119 3 24 3 -120 -1 0 35 32 13 0 -108 -119 15 56 43 27 32 32 72 85 25 0 -94 -1 -1 -4 -1 -1 -1 -1 -1 -1 -1 -1 -1 -1 -1 -1 -1 -1 -1 -1 -1 -1 -1 -1 -1 -1 -1 -1 -1 -1 -91 -128 0 22 56 55 25 9 22 0 -125 -108 -128 0 0 -115 -73 -1 -1 -1 -1 -1 -1 -1 -1 -1 -1 -1 -1 -1 -1 -1 -1 -1 -1 -1 -1 -1 -1 -1 -1 -1 -1 -1 -1 -1 -1 -1 -1 -1 -1 -1 -1 -36 -128 -105 -53 -1 -1 -1 -1 -27 -128 -32 -1 -1 -1 -1 -1 -1 -1 -1 -1 -1 -1 -1 -1 -1 -1 -1 -1 -1 -1 -1 -1 -1 -1 -1 -1 -1 -1 -1 -1 -1 -1 -1 -1 -1 -1 -1 -1 -1 -1 -1 -1 -1 -1 -1 -1 -1 -1 -1 -1 -1 -1 -98 21 47 83 71 13 0 25 36 13 13 0 0 0 21 35 37 35 19 25 24 8 31 0 2 0 4 2 18 3 13 20 26 14 10 0 0 2 16 0 0 0 20 0 2 0 0 0 0 0 35 52 56 53 60 83 76 65 66 81 72 25 52 62 72 78 97 111 112 108 93 71 76 94 110 111 107 95 67 54 48 60 73 60 60 62 71 65 76 78 77 74 79 81 71 47 14 90 97 74 30 26 48 36 84 104 106 108 102 94 77 71 48 79 111 106 111 108 90 105 42 55 27 65 106 89 61 82 39 14 71 85 59 88 96 24 12 66 72 99 111 108 72 38 44 68 15 42 25 13 24 45 38 31 60 56 33 18 16 24 26 3 27 43 18 22 22 31 21 13 31 27 26 35 0 0 0 22 16 8 37 37 33 -94 -9 -1 -1 -1 -1 -1 -1 -1 -1 -1 -1 -1 -1 -1 -1 -1 -1 -1 -1 -1 -1 -1 -1 -1 -1 -1 -1 -1 -1 -1 -1 -1 -22 -128 0 -128 -1 -1 -1 -1 -1 -1 -1 -1 -1 -1 -1 -1 -1 -1 -1 -1 -1 -1 -1 -1 -1 -1 -1 -1 -1 -1 -1 -1 -1 -1 -1
24 -89 -128 -2 -1 -1 -1 -1 -1 -1 -1 -1 -1 -1 -1 -1 -1 -1 -1 -1 -1 -1 -1 -1 -1 -1 -1 -119 24 19 1 -117 -128 -25 -1 -1 -1 -1 -64 -128 21 32 29 25 16 0 -54 -25 0 21 53 37 18 29 0 0 -100 -1 -1 -1 -1 -1 -39 -128 -1 -1 -1 -1 -1 -1 -1 -1 -1 -1 -1 -1 -1 -1 -1 -13 -1 -1 -1 -1 -1 -1 -1 -1 -1 -1 -30 -1 -1 -61 0 0 -128 -59 -1 -105 30 44 2 -117 -3 -128 15 38 67 42 48 24 35 20 0 -108 -1 -1 -1 -1 -1 -1 -1 -1 -1 -1 -1 -1 -1 -1 -1 -1 -1 -1 -1 -1 -1 -1 -1 -1 -1 -1 -1 -1 -1 -1 -1 -23 -120 14 30 21 10 9 21 0 0 0 0 16 0 -128 -12 -42 -13 -1 -1 -1 -1 -1 -1 -1 -1 -1 -1 -1 -1 -1 -1 -1 -1 -1 -1 -1 -1 -1 -1 -1 -1 -1 -1 -1 -1 -1 -1 -1 -1 -1 -1 -1 -128 -39 -1 -1 -1 -1 -1 -9 -128 -116 -1 -1 -1 -1 -1 -1 -1 -1 -1 -1 -1 -1 -1 -1 -1 -1 -1 -1 -1 -1 -1 -1 -1 -1 -1 -1 -1 -1 -1 -1 -1 -1 -1 -1 -1 -1 -1 -1 -1 -1 -1 -1 -1 -1 -1 -1 -1 -1 -1 -1 -1 -106 20 73 85 54 18 3 37 35 22 37 14 0 0 0 0 14 32 33 12 31 9 1 0 0 10 19 14 19 7 8 9 24 19 7 20 18 29 25 0 0 2 3 7 24 33 26 0 22 0 0 0 18 37 20 44 67 79 82 71 43 48 65 76 90 107 111 116 100 111 107 74 101 111 107 89 83 76 56 27 79 67 70 73 68 77 74 78 83 85 93 90 68 25 19 35 91 110 114 110 104 102 91 97 111 117 107 102 111 108 101 65 47 84 112 104 118 100 87 107 79 66 94 85 94 105 88 90 71 62 55 67 60 96 112 84 104 31 106 49 31 87 71 31 25 16 52 54 27 15 16 33 18 25 26 39 20 13 27 26 16 22 29 27 24 25 20 16 15 12 32 16 0 13 9 29 26 0 0 6 26 37 18 -87 -1 -1 -1 -1 -1 -1 -1 -1 -1 -1 -1 -1 -1 -1 -1 -1 -1 -1 -1 -1 -1 -1 -1 -1 -1 -1 -1 -1 -1 -1 -1 -1 -128 -122 10 -117 -1 -1 -1 -1 -1 -1 -1 -1 -1 -1 -1 -1 -1 -1 -1 -1 -1 -1 -1 -1 -1 -1 -1 -1 -1 -1 -1 -1 -1 -1 -1
-70 -128 -115 -26 -1 -1 -1 -1 -1 -1 -1 -1 -1 -1 -1 -1 -1 -1 -1 -1 -1 -1 -1 -1 -1 -1 -1 -128 26 43 31 36 0 -82 -1 -1 -1 -41 -49 0 27 22 20 31 26 4 -107 -68 0 48 67 24 18 0 -79 -111 -46 -1 -1 -1 -1 -14 -126 -128 -1 -1 -1 -1 -1 -1 -1 -1 -1 -1 -1 -1 -1 -1 -1 -1 -3 -16 -27 -1 -1 -1 -1 -1 -1 -1 -1 -1 -46 -128 -81 -111 -34 -1 -1 -121 0 -111 -87 -9 -20 -128 0 43 50 22 27 0 0 -105 -54 -1 -1 -1 -1 -1 -1 -1 -1 -1 -1 -1 -1 -1 -1 -1 -1 -1 -1 -1 -1 -1 -1 -1 97 -1 -1 -1 -1 -1 -1 -1 -65 -72 -116 0 24 21 20 12 0 22 10 4 0 0 -116 -110 -1 -1 -1 -1 -1 -1 -1 -1 -1 -1 -1 -1 -1 -1 -1 -1 -1 -1 -1 -1 -1 -1 -1 -1 -1 -1 -1 -1 -1 -1 -1 -1 -1 -1 -1 -1 -1 -1 -30 -1 -1 -1 -1 -1 -1 -1 -75 -44 -1 -1 -1 -1 -1 -1 -1 -1 -1 -1 -1 -1 -1 -1 -1 -1 -1 -1 -1 -1 -1 -1 -1 -1 -1 -1 -1 -1 -1 -1 -1 -1 -1 -1 -1 -1 -1 -1 -1 -1 -1 -1 -1 -1 -1 -1 -1 -1 -1 -1 -1 -107 55 66 81 77 21 24 24 16 30 32 15 0 4 12 0 0 0 0 0 0 7 0 0 1 19 31 25 32 15 26 58 37 26 31 31 43 37 8 10 0 -30 -8 16 0 29 42 27 25 29 31 27 1 2 14 42 58 72 78 64 45 60 79 72 83 87 91 95 94 94 96 74 108 113 108 108 111 88 48 16 84 81 82 76 67 81 85 91 102 110 112 111 42 79 78 94 111 118 112 114 97 104 89 105 107 97 87 88 105 99 96 83 44 82 112 94 108 99 72 102 105 97 112 107 94 99 89 88 84 89 62 47 74 93 107 76 105 70 48 70 82 41 70 55 27 42 62 45 29 4 19 33 26 21 16 12 1 12 37 37 9 12 10 12 19 35 30 25 38 36 16 2 7 10 35 37 37 33 0 30 35 32 -98 -1 -1 -1 -1 -1 -1 -1 -1 -1 -1 -1 -1 -1 -1 -1 -1 -1 -1 -1 -1 -1 -1 -1 -1 -1 -1 -1 -1 -1 -1 -1 -1 -28 0 7 -101 -106 -1 -1 -1 -1 -1 -1 -1 -1 -1 -1 -1 -1 -1 -1 -1 -1 -1 -1 -1 -1 -1 -1 -1 -1 -1 -1 -1 -1 -1 -1 -1
30 -75 -96 -67 -1 -1 -1 -1 -1 -1 -1 -1 -1 -1 -1 -1 -1 -1 -1 -1 -1 -1 -1 -1 -1 -1 -1 -128 0 71 72 71 22 -126 -1 -1 -83 -128 -128 7 22 24 43 66 43 31 0 -128 4 39 47 12 0 -114 -11 -1 -1 -1 -1 -1 -107 -35 -128 -97 -1 -1 -1 -1 -1 -1 -1 -1 -1 -1 -1 -1 -1 -98 -106 -11 -128 -63 -1 96 -1 -1 -1 -1 -1 -1 -1 -1 -22 -70 -1 -128 -1 -7 -49 -128 -3 -1 -1 -7 -108 -87 3 27 10 0 0 -126 -32 -1 -1 -1 -1 -1 -1 -1 -1 -1 -1 -1 -1 -1 -1 -1 -1 -1 -1 -1 -1 -1 -1 -1 -1 -1 -1 -4 -119 -128 -17 -1 -1 -1 -128 -73 -7 -100 27 10 14 9 10 16 2 -119 -119 -94 -50 -106 -4 -1 -1 -1 -1 -1 -1 -1 -1 -1 -1 -1 -1 -1 -1 -1 -1 -1 -1 -1 -1 -1 -1 -1 -1 -1 -1 -1 -1 -1 -1 -1 -1 -1 -1 -1 -1 -1 95 -1 -1 -1 -1 -1 -1 -1 -1 -1 -1 -1 -1 -1 -1 -1 -1 -1 -1 -1 -1 -1 -1 -1 -1 -47 -13 -1 -1 -1 -1 -1 -1 -1 -1 -1 -1 -1 -1 -1 -1 -1 -1 -1 -1 -1 -1 -1 -1 -1 -1 -1 -1 -1 -1 -1 -1 -1 -1 -28 -112 0 37 19 38 60 32 13 18 20 29 31 12 0 0 10 7 0 0 0 0 0 3 6 0 10 20 24 20 62 70 76 76 39 41 49 31 32 26 27 2 0 -116 -101 0 0 30 32 33 42 42 32 45 36 31 0 14 60 55 77 54 67 74 73 73 77 81 76 85 94 100 100 101 100 108 116 112 104 110 81 20 79 110 107 88 74 85 102 116 113 106 107 67 52 105 84 99 113 111 102 89 104 84 94 107 95 110 105 93 110 96 94 74 50 68 110 91 84 107 71 76 71 102 100 102 104 105 99 79 105 94 58 41 84 113 99 68 79 83 102 93 95 94 22 24 54 29 39 26 14 12 29 21 13 21 31 16 24 36 35 35 25 19 6 27 31 37 37 36 36 41 35 30 9 31 37 37 36 37 0 36 37 0 -34 -1 -1 -1 -1 -1 -1 -1 -1 -1 -1 -1 -1 -1 -1 -1 -1 -1 -1 -1 -1 -1 -1 -1 -1 -1 -1 -1 -1 -1 -1 -1 -1 -31 -128 -128 -125 -1 -1 -1 -1 -1 -1 -1 -1 -1 -1 -1 -1 -1 -1 -1 -1 -1 -1 -1 -1 -1 -1 -1 -1 -1 -1 -1 -1 -1 -1 -1 -1
36 15 0 -46 -1 -1 -1 -1 -1 -1 -1 -1 -1 -1 -1 -1 -1 -1 -1 -1 -1 -1 -1 -1 -1 -1 -1 -11 -114 24 19 9 0 -94 -1 -83 -107 -78 -128 9 18 35 65 85 61 37 0 -128 0 22 16 15 2 0 -128 -72 -1 -39 -6 -41 -89 -1 -34 -1 -1 -1 -1 -1 -1 -1 -1 -1 -1 -1 -1 -1 -27 -128 -31 -60 -128 -74 -1 -1 -1 -1 -1 -1 -1 -1 -1 -1 -1 -1 -1 -98 -69 -128 -128 -128 -1 -1 -1 -1 -18 -117 -128 -128 -119 -103 -60 -1 -1 -1 -1 -1 -1 -1 -1 -1 -1 -1 -1 -1 -1 -1 -1 -1 -1 -1 -1 -1 -1 -1 -1 -1 -1 -1 -1 -82 -94 0 -125 -108 -1 -54 -111 -120 -115 -125 25 12 31 1 18 0 -112 -73 -1 -1 -1 -1 -1 -1 -1 -1 -1 -1 -1 -1 -1 -1 -1 -1 -1 -1 -1 -1 -1 -1 -1 -1 -1 -1 -1 -1 -1 -1 -1 -1 -1 -1 -1 -1 -1 -1 -1 -1 -1 -1 -1 -1 -1 -1 -1 -1 -1 -1 -1 -1 -1 -1 -1 -1 -1 -1 -1 -1 -1 -1 -1 -1 -1 -1 -1 -121 -63 -31 -1 -1 -1 -1 -1 -1 -1 -1 -1 -1 -1 -1 -1 -1 -1 -1 -1 -1 -1 -1 -1 -1 -1 -1 -1 -1 -1 -1 -1 -1 -1 -28 -128 0 3 7 24 43 20 13 33 21 36 35 0 3 0 7 0 12 0 7 0 0 0 9 0 12 0 0 25 55 88 55 48 33 49 65 37 0 27 24 0 22 0 0 6 4 32 38 36 39 31 53 41 20 48 55 27 44 84 77 62 77 79 85 91 95 99 104 101 97 107 108 113 112 114 102 91 84 100 108 37 79 102 111 113 91 32 96 102 85 74 55 18 87 102 85 82 91 113 105 88 94 77 105 85 110 105 85 95 108 96 104 99 65 56 102 108 88 82 68 49 65 88 101 85 104 108 108 88 64 41 18 15 67 104 105 82 55 71 100 71 73 74 74 54 31 18 15 7 4 27 33 30 2 18 36 26 30 35 37 37 36 37 36 38 37 38 37 36 32 29 9 0 0 0 21 14 21 32 0 35 14 -89 -1 -1 -1 -1 -1 -1 -1 -1 -1 -1 -1 -1 -1 -1 -1 -1 -1 -1 -1 -1 -1 -1 -1 -1 -1 -1 -1 -1 -1 -1 -1 -1 -1 -1 -40 -1 -1 -1 -1 -1 -1 -1 -1 -1 -1 -1 -1 -1 -1 -1 -1 -1 -1 -1 -1 -1 -1 -1 -1 -1 -1 -1 -1 -1 -1 -1 -1 -1 -1
37 36 0 -20 -1 -1 -1 -1 -1 -1 -1 -1 -1 -1 -1 -1 -1 -1 -1 -1 -1 -1 -1 -1 -1 -1 97 -1 -101 -128 -119 -128 -107 -21 -1 -75 -128 -103 -128 22 19 32 60 47 30 13 -98 -117 -128 -108 0 20 12 4 -128 -128 -128 -128 -128 -128 -3 -1 -1 -1 -1 -1 -1 -1 -1 -1 -1 -1 -1 -1 -1 -1 -1 -36 -1 -1 -44 -6 -1 -1 -1 -1 -1 -1 -1 -1 -1 -1 -1 -1 -1 -9 -13 -128 -54 -1 -1 -1 -1 -1 -1 -1 -1 -1 -13 -1 -1 -1 -1 -1 -1 -1 -1 -1 -1 -1 -1 -1 -1 -1 -1 -1 -1 -1 -1 -1 -1 -1 -1 -1 -1 -1 -1 -1 -1 -8 -103 -128 -125 -100 -1 -42 0 0 -128 0 32 27 26 3 16 1 -122 -94 -1 -1 -1 -1 -1 -1 -1 -1 -1 -1 -1 -1 -1 -1 -1 -1 -1 -1 -1 -1 -1 -1 -1 -1 -1 -1 -1 -1 -1 -1 -1 -1 -1 -1 -1 -1 -1 -1 -1 -1 -1 -1 -1 -1 -1 -1 -1 -1 -1 -1 -1 -1 -1 -1 -1 -1 -1 -1 -1 -1 -1 -1 -1 -1 -1 -1 -1 -1 -1 -1 -1 -1 -1 -1 -1 -1 -1 -1 -1 -1 -1 -1 -1 -1 -1 -1 -1 -1 -1 -1 -1 -1 -1 -1 -1 -1 -1 -1 -1 -1 -1 -1 -128 13 20 4 21 43 18 0 4 8 15 19 0 0 0 3 7 10 0 9 15 3 0 7 0 0 0 3 27 43 74 32 19 47 62 42 30 0 0 20 26 21 32 25 35 25 36 49 48 55 54 76 89 79 70 87 72 19 67 77 76 82 85 91 111 114 107 110 108 108 112 107 116 99 107 96 71 79 87 97 76 74 101 107 90 97 41 55 102 96 89 58 27 97 110 87 85 111 107 100 104 89 84 85 93 113 97 79 99 106 91 99 88 62 47 87 106 101 58 54 42 83 83 107 89 82 91 83 67 47 29 42 1 77 111 104 97 49 47 97 65 45 49 42 36 16 12 8 10 20 33 38 35 18 15 37 12 0 19 37 39 38 37 37 38 39 38 10 0 0 0 0 10 38 18 0 9 0 14 -42 0 -126 -2 -1 -1 -1 -1 -1 -1 -1 -1 -1 -1 -1 -1 -1 -1 -1 -1 -1 -1 -1 -1 -1 -1 -1 -1 -1 -1 -1 -1 -1 -1 -1 -1 -1 -1 -1 -1 -1 -1 -1 -1 -1 -1 -1 -1 -1 -1 -1 -1 -1 -1 -1 -1 -1 -1 -1 -1 -1 -1 -1 -1 -1 -1 -1 -1 -1 -1 -1 -1 -1
37 36 -110 -1 -1 -1 -1 -1 -1 -1 -1 -1 -1 -1 -1 -1 -1 -1 -1 -1 -1 -1 -1 -1 -1 -1 -1 -1 -1 -1 -25 -1 -1 -1 -1 -1 -9 -93 0 22 22 39 19 6 0 -103 -128 -53 -7 -59 -128 22 27 16 8 4 16 0 -128 -25 -1 -1 -1 -1 -1 -1 -1 -1 -1 -1 -1 -1 -1 -1 -1 -1 -1 -1 -1 -1 -1 -1 -1 -1 -1 -1 -1 -1 -1 -1 -1 -1 -1 -1 -1 -1 -39 -1 -1 -1 -1 -1 -1 -1 -1 -1 -1 -1 -1 -1 -1 -1 -1 -1 -1 -1 -1 -1 -1 -1 -1 -1 -1 -1 -1 -1 -1 -1 -1 -92 -40 -1 -1 -1 -1 -1 -1 -1 -1 -1 -1 -1 -34 -128 -78 -103 1 8 16 21 14 0 14 13 0 -117 -45 -27 -1 -1 -1 -1 -1 -1 -1 -1 -1 -1 -1 -1 -1 -1 -1 -1 -1 -1 -1 -1 -1 -1 -1 -1 -1 -1 -1 -1 -1 -1 -1 -1 -1 -1 -1 -1 -1 -1 -1 -1 -1 -1 -1 -1 -1 -1 -1 -1 -1 -1 -1 -1 -1 -1 -1 -1 -1 -1 -1 -1 -1 -1 -1 -1 -1 -1 -1 -1 -1 -1 -1 -1 -1 -1 -1 -1 -1 -1 -1 -1 -1 -1 -1 -1 -1 -1 -1 -1 -1 -1 -1 -1 -1 -1 -1 -1 -1 -1 -1 -1 -1 -1 -110 0 12 36 30 31 16 0 19 33 37 32 13 2 1 26 30 0 0 9 10 2 0 0 0 0 0 8 35 43 38 14 18 38 39 32 22 25 18 0 4 26 21 22 52 42 60 70 78 79 87 94 82 77 97 104 82 42 21 31 82 87 106 106 97 83 88 97 90 102 112 95 102 85 76 83 84 85 95 91 84 100 113 99 85 96 97 85 105 106 110 88 32 100 104 77 52 95 101 90 99 83 67 88 99 108 104 85 104 94 99 93 106 85 50 52 81 93 47 43 61 78 96 106 100 89 78 71 70 84 81 37 35 88 104 76 85 61 32 45 39 24 25 22 16 13 30 26 16 31 37 37 38 32 10 0 6 27 8 0 1 8 27 36 36 35 33 0 31 32 22 9 6 36 12 15 35 37 18 -25 -93 -102 -59 -1 -1 -1 -1 -1 -1 -1 -1 -1 -1 -1 -1 -1 -1 -1 -1 -1 -1 -1 -1 -1 -1 -1 -1 -1 -1 -1 -1 -1 -1 -1 -1 -1 -1 -1 -1 -1 -1 -1 -1 -1 -1 -1 -1 -1 -1 -1 -1 -1 -1 -1 -1 -1 -1 -1 -1 -1 -1 -1 -1 -1 -1 -1 -1 -1 -1 -1 -1 -1
4 22 -128 -74 -11 -1 -1 -8 -46 -1 -1 -1 -1 -1 -1 -1 -1 -1 -1 -1 -1 -1 -1 -1 -1 -1 -1 -1 -1 -1 -1 -1 -1 -1 -1 -1 -4 -119 0 0 6 9 -112 -128 -36 -1 -7 -1 -1 -1 -108 21 29 18 20 14 16 0 -63 -1 -1 -1 -1 -1 -1 -1 -1 -1 -1 -1 -1 -1 -1 -1 -1 -1 -1 -1 -1 -1 -1 -1 -1 -1 -1 -1 -1 -1 -1 -1 -1 -1 -1 -1 -1 -1 -1 -1 -1 -1 -1 -1 -1 -1 -1 -1 -1 -1 -1 -1 -1 -1 -1 -1 -1 -1 -1 -1 -1 -1 -1 -1 -1 -1 -1 -1 -1 -1 -1 -2 -128 -121 -1 -1 -1 -1 -1 -1 -1 -1 -1 -1 -1 -1 -73 0 9 4 31 37 9 8 8 0 -128 -8 -1 -1 -1 -1 -1 -1 -1 -1 -1 -1 -1 -1 -1 -1 -1 -1 -1 -1 -1 -1 -1 -1 -1 -1 -1 -1 -1 -1 -1 -1 -1 -1 -1 -1 -1 -1 -1 -1 -1 -1 -1 -1 -1 -1 -1 -1 -1 -1 -1 -1 -1 -1 -1 -1 -1 -1 -1 -1 -1 -1 -1 -1 -1 -1 -1 -1 -1 -1 -1 -1 -1 -1 -1 -1 -1 -1 -1 -1 -1 -1 -1 -1 -1 -41 -1 -1 -1 -1 -1 -1 -1 -1 -1 -1 -1 -1 -1 -1 -1 -1 -1 -1 -1 -1 -111 27 31 36 19 0 0 0 0 0 6 31 37 26 14 12 6 0 0 4 0 0 0 0 0 0 0 1 10 43 56 20 18 25 29 22 31 32 20 14 27 38 38 53 66 76 89 83 85 97 104 96 93 95 99 76 77 78 83 37 48 100 112 82 88 94 96 110 79 78 81 76 66 61 70 93 96 104 110 108 91 84 108 111 95 66 77 100 83 87 107 113 36 105 107 73 3 95 104 89 100 74 72 108 93 101 95 82 99 78 108 100 93 100 61 31 64 49 31 76 94 90 105 104 82 71 94 112 102 105 68 22 56 90 68 45 49 52 27 15 13 16 21 27 19 12 32 38 33 32 9 0 12 0 15 31 36 38 36 33 30 15 0 0 16 38 37 0 33 39 36 18 0 18 0 6 20 36 35 32 0 -128 -32 -1 -1 -1 -1 -1 -1 -1 -1 -1 -1 -1 -1 -1 -1 -1 -1 -1 -1 -1 -1 -1 -1 -1 -1 -1 -1 -1 -1 -1 -1 -1 -1 -1 -1 -1 -1 -1 -1 -1 -1 -1 -1 -1 -1 -1 -1 -1 -1 -1 -1 -1 -1 -1 -1 -1 -1 -1 -1 -1 -1 -1 -1 -1 -1 -1 -1 -1 -1 -1
-77 2 -128 -54 -56 -1 -1 -1 -1 -1 -1 -1 -1 -1 -1 -1 -1 -1 -1 -1 -1 -1 -1 -1 -1 -1 -1 -1 -1 -1 97 -1 -1 -56 -128 -1 -122 -120 -128 -128 -126 -128 -55 -1 -1 -1 -1 -1 -100 -103 0 31 50 36 49 31 15 0 -1 -1 -1 -1 -1 -1 -1 -1 -1 -1 -1 -1 -1 -1 -1 -1 -1 -1 -1 -1 -1 -1 -1 -1 -1 -1 -1 -1 -1 -1 -1 -1 -1 -1 -1 -1 -1 -1 -1 -1 96 -1 -1 -1 -1 -1 -1 -1 -1 -1 -1 -1 -1 -1 -1 -1 -1 -1 -1 -1 -1 -1 -1 -1 -1 -1 -1 -1 -1 -1 -1 -39 -101 -108 -28 -1 -1 -1 -1 -1 -1 -1 -1 -1 -1 -1 -1 -110 13 0 35 37 25 7 0 -128 -18 -1 -1 -1 -1 -1 -1 -1 -1 -1 -1 -1 -1 -1 -1 -1 -1 -1 -1 -1 -1 -1 -1 -1 -1 -1 -1 -1 -1 -1 -1 -1 -1 -1 -1 -1 -1 -1 -1 -1 -1 -1 -1 -1 -1 -1 -1 -1 -1 -1 -1 -1 -1 -1 -1 -1 -1 -1 -1 -1 -1 -1 -1 -1 -1 -1 -1 -1 -1 -1 -1 -1 -1 -1 -1 -1 -1 -1 -1 -1 -1 -1 -1 -1 -18 -128 -128 -47 -1 -1 -1 -1 -1 -1 -1 -1 -1 -1 -1 -1 -1 -1 -1 -1 -1 -26 0 25 0 0 0 14 35 33 39 31 9 0 31 38 35 29 1 0 0 0 0 0 6 14 0 0 0 0 26 31 33 24 13 21 19 19 29 32 32 37 53 61 74 72 72 73 85 95 102 110 111 111 102 100 113 106 102 88 85 73 14 100 90 79 97 104 100 107 95 81 93 95 66 56 78 100 110 100 81 88 91 99 105 82 60 66 58 77 62 88 106 90 22 79 101 66 19 93 102 104 102 83 60 108 96 88 76 95 88 73 107 101 97 91 48 24 30 21 52 70 76 102 106 89 65 42 65 79 73 67 54 13 36 58 32 31 29 43 32 7 10 14 35 36 35 26 33 39 35 13 10 15 0 0 38 36 39 41 39 39 38 36 36 21 0 4 33 0 39 38 36 0 0 0 19 22 35 36 41 37 35 9 -100 -1 -1 -1 -1 -1 -1 -1 -1 -1 -1 -1 -1 -1 -1 -1 -1 -1 -1 -1 -1 -1 -1 -1 -1 -1 -1 -1 -1 -1 -1 -1 -1 -1 -1 -1 -1 -1 -1 -1 -1 -1 -1 -1 -1 -1 -1 -1 -1 -1 -1 -1 -1 -1 -1 -1 -1 -1 -1 -1 -1 -1 -1 -1 -1 -1 -1 -1 -1 -1
-101 -100 -128 -128 -17 -1 -1 -1 -1 -1 -1 -1 -1 -1 -1 -1 -1 -1 -1 -1 -1 -1 -1 -1 -1 -1 -1 -1 -1 -1 -1 -1 -1 -98 -65 -59 -128 -40 -1 -1 -1 -1 -1 -1 -1 -1 -75 -122 0 0 16 41 76 76 64 30 16 -119 -1 -1 -1 -1 -1 -25 -1 -1 -1 -1 -1 -1 -1 -1 -1 -1 -1 -1 -1 -1 -1 -1 -1 -1 -1 -1 -1 -1 -1 -1 -1 -1 -1 -1 -1 -1 -1 -1 -1 -1 -1 -1 -1 -1 -1 -1 -1 -1 -1 -1 -1 -1 -1 -1 -1 -1 -1 -1 -1 -1 -1 -1 -1 -1 -1 -1 -1 -1 -1 -1 -1 -37 0 0 -105 -1 -1 -4 -1 -70 -84 -1 -1 -1 -1 -1 -108 -106 15 8 27 26 33 0 -128 -1 -1 -1 -1 -1 -1 -1 -1 -1 -1 -1 -1 -1 -1 -1 -1 -1 -1 -1 -1 -1 -1 -1 -1 -1 -1 -1 -1 -1 -1 -1 -1 -1 -1 -1 -1 -1 -1 -1 -1 -1 -1 -1 -1 -1 -1 -1 -1 -1 -1 -1 -1 -1 -1 -1 -1 -1 -1 -1 -1 -1 -1 -1 -1 -1 -1 -1 -1 -1 -1 -1 -1 -1 -1 -1 -1 -1 -1 -1 -1 -1 -1 -1 -1 -1 -1 -93 -106 -128 -16 -1 -1 -1 -1 -1 -1 -1 -1 -1 -1 -1 -1 -1 -1 -1 -1 -94 0 0 18 30 19 35 38 9 26 37 35 30 27 36 38 38 20 0 2 0 16 31 20 0 0 0 0 2 41 6 8 14 16 22 19 14 32 39 53 77 99 88 88 78 81 85 77 91 110 110 104 94 104 108 111 110 111 108 107 95 47 91 104 90 97 96 107 108 111 105 104 87 82 64 82 93 85 70 64 84 95 104 114 95 73 77 85 87 66 78 95 19 50 84 99 87 48 65 102 106 102 97 55 93 90 106 84 91 68 83 96 89 108 93 67 31 9 33 47 60 84 90 91 96 82 45 30 43 47 55 37 9 16 15 7 24 20 22 18 4 26 30 37 38 38 38 38 38 42 39 38 39 9 0 31 36 41 39 38 36 37 38 36 20 37 10 16 0 32 36 31 0 0 0 2 25 36 37 38 31 0 0 -81 -1 -1 -1 -1 -1 -1 -1 -1 -1 -1 -1 -1 -1 -1 -1 -1 -1 -1 -1 -1 -1 -1 -1 -1 -1 -1 -1 -1 -1 -1 -1 -1 -1 -1 -1 -1 -1 -1 -1 -1 -1 -1 -1 -1 -1 -1 -1 -1 -1 -1 -1 -1 -1 -1 -1 -1 -1 -1 -1 -1 -1 -1 -1 -1 -1 -1 -1 -1 -1
-1 -1 -1 -1 -1 -1 -1 -1 -1 -1 -1 -1 -1 -1 -53 -59 -1 -1 -1 -1 -1 -1 -1 -1 -1 -1 -1 -1 -1 -1 -1 -1 -1 -1 -1 -13 -1 -1 -1 -1 -1 -1 -1 -49 -110 -122 0 20 20 22 21 43 79 83 43 14 0 -91 -1 -1 -1 -54 -126 -117 -72 -1 -1 -1 -1 -1 -1 -1 -1 -1 -1 -1 -1 -1 -1 -1 -1 -1 -1 -1 -1 -1 -1 -1 -1 -1 -1 -1 -1 -1 -1 -1 -1 -1 -1 -1 -1 -1 -17 -1 -1 -1 -1 -1 -1 -1 -1 -1 -1 -1 -1 -1 -1 -1 -1 -1 -1 -1 -1 -1 -1 -1 -1 -1 -74 -128 4 8 0 -83 -1 -1 -39 -128 -112 -1 -35 -1 -69 -70 -65 -111 0 24 15 12 0 -121 -26 -1 -1 -1 -1 -1 -1 -1 -1 -1 -1 -1 -1 -1 -1 -1 -1 -1 -65 -64 -1 -1 -1 -14 -74 -11 -1 -1 -1 -1 -1 -1 -1 -1 -1 -1 -1 -1 -1 -1 -1 -1 -1 -1 -1 -1 -1 -1 -1 -1 -1 -1 -1 -1 -1 -1 -1 -1 -1 -1 -1 -1 -1 -1 -1 -1 -1 -1 -1 -1 -1 -1 -1 -1 -1 -1 -1 -1 -1 -1 -1 -1 -1 -1 -1 -1 -1 -18 -119 -75 -1 -1 -1 -1 -1 -1 -1 -1 -1 -1 -1 -1 -1 -1 -1 -1 -98 -128 0 0 4 2 21 37 38 22 25 4 30 39 37 38 37 37 36 16 13 20 12 12 0 0 0 0 0 15 13 6 14 13 8 22 30 29 58 88 105 112 107 93 99 95 99 102 87 96 107 96 90 82 99 112 100 79 89 107 95 99 94 83 106 99 94 106 99 83 97 106 95 79 50 52 58 90 60 59 87 99 106 93 104 108 101 90 106 88 83 62 31 29 72 91 101 95 72 45 70 107 87 82 48 53 94 102 94 74 50 87 89 64 89 100 61 26 12 37 66 67 60 72 65 65 64 32 16 20 15 20 22 10 15 9 13 10 9 6 24 36 38 37 37 37 39 38 38 38 37 38 39 37 16 15 4 39 38 37 38 39 39 37 37 37 37 30 0 20 38 36 8 0 18 31 21 14 21 36 35 0 -98 -22 -1 -1 -1 -1 -1 -1 -1 -1 -1 -1 -1 -1 -1 -1 -1 -1 -1 -1 -1 -1 -1 -1 -1 -1 -1 -1 -1 -1 -1 -1 -1 -1 -1 -1 -1 -1 -1 -1 -1 -1 -1 -1 -1 -1 -1 -1 -1 -1 -1 -1 -1 -1 -1 -1 -1 -1 -1 -1 -1 -1 -1 -1 -1 -1 -1 -1 -1 -1 -1 -1
-1 -1 -1 -1 -1 -1 -1 -1 -1 -1 -1 -1 -1 -1 -128 -128 -1 -1 -1 -1 -1 -1 -1 -1 -1 -1 -1 -1 -1 -1 -1 -1 -1 -1 -1 -1 -1 -1 -1 -1 -1 -1 -75 -128 -108 39 62 21 21 29 25 53 93 53 25 0 -82 -1 -3 -3 -63 -93 2 0 -96 -1 -1 -1 -1 -1 -1 -1 -1 -1 -1 -1 -1 -1 -1 -1 -1 -1 -1 -1 -1 -1 -1 -1 -1 -1 -1 -1 -1 -1 -1 -1 -1 -1 -1 -1 -1 -1 -128 -128 -128 -1 -1 -1 -1 -1 -1 -1 -1 -1 -1 -1 -1 -1 -1 -1 -1 -74 -128 -122 -128 -128 -78 -36 -89 16 10 3 15 0 -121 -89 -77 -44 -1 -61 -128 -40 -74 -102 -9 -110 16 38 36 0 -105 -34 -1 -1 -1 -1 -1 -1 -1 -1 -1 -1 -1 -1 -1 -1 -1 -1 -1 -1 -92 -91 -1 -1 -1 -128 -128 -1 -1 -1 -1 -1 -1 -1 -1 -1 -1 -1 -1 -1 -1 -1 -1 -1 -1 -1 -1 -1 -1 -1 -1 -1 -1 -1 -1 -1 -1 -1 -1 -1 -1 -1 -1 -1 -1 -1 -1 -1 -1 -1 -1 -1 -1 -1 -1 -1 -1 -1 -1 -1 -1 -1 -1 -1 -1 -1 -1 -1 -1 -1 -1 -1 -1 -1 -1 -1 -1 -1 -1 -1 -1 -1 -1 -1 -1 -1 -1 -3 -121 4 36 29 37 38 35 39 41 24 0 21 30 26 16 27 36 38 37 37 32 24 14 4 8 3 8 13 9 7 4 0 6 8 8 30 39 59 90 112 108 96 100 107 116 116 111 105 101 94 105 110 104 81 78 96 82 59 79 70 72 87 102 85 78 89 105 108 97 108 81 71 64 53 68 79 74 60 31 56 73 91 90 14 13 84 106 106 83 59 22 3 37 67 71 82 97 81 89 32 71 91 53 38 37 50 73 107 95 66 45 83 105 50 93 93 62 37 12 25 37 38 49 58 53 39 29 13 9 9 9 2 2 13 21 27 29 31 31 36 36 37 37 37 37 37 37 37 38 41 37 39 36 18 10 0 20 39 42 41 39 37 37 38 38 37 36 9 18 37 37 35 0 31 37 35 0 0 -53 30 0 -28 -1 -1 -1 -1 -1 -1 -1 -1 -1 -1 -1 -1 -1 -1 -1 -1 -1 -1 -1 -1 -1 -1 -1 -1 -1 -1 -1 -1 -1 -1 -1 -1 -1 -1 -1 -1 -1 -1 -1 -1 -1 -1 -1 -1 -1 -1 -1 -1 -1 -1 -1 -1 -1 -1 -1 -1 -1 -1 -1 -1 -1 -1 -1 -1 -1 -1 -1 -1 -1 -1 -1 -1
-1 -1 -1 -1 -1 -1 -1 -1 -1 -1 -1 -1 -1 -1 -1 -1 -1 -1 -1 -1 -1 -1 -1 -1 -1 -1 -1 -1 -1 -1 -1 -1 -1 -1 -1 -1 -1 -1 -1 -1 -50 -111 -126 0 24 84 66 30 29 41 32 72 83 45 30 7 -128 -44 -128 -107 0 0 -115 -107 -94 -37 -51 -1 -1 -1 -1 -1 -1 -1 -1 -1 -1 -1 -1 -1 -1 -1 -1 -1 -1 -1 -1 -1 -1 -1 -1 -1 -1 -1 -1 -1 -1 -1 -1 -1 -1 -14 -128 -128 -59 -1 -1 -1 -1 -1 -1 -1 -1 -1 -1 -1 -1 -1 -1 -1 -1 -42 -128 0 0 0 -110 -128 0 13 3 13 3 18 1 -128 -128 -128 -1 -75 -128 -50 -84 -17 -128 0 13 18 0 -124 -13 -1 -1 -1 -1 -1 -1 -1 -1 -1 -1 -1 -1 -1 -1 -1 -1 -1 -1 -1 -1 -6 -1 -1 -1 -128 -72 -1 -1 -1 -1 -1 -1 -1 -1 -1 -1 -1 -1 -1 -1 -1 -1 -1 -1 -1 -1 -1 -1 -1 -1 -1 -1 -1 -1 -1 -1 -1 -1 -1 -1 -1 -1 -1 -1 -1 -1 -1 -1 -1 -1 -1 -1 -1 -1 -1 -1 -1 -1 -1 -1 -1 -1 -1 -1 -1 -1 -1 -1 -1 -1 -1 -1 -1 -1 -1 -1 -1 -1 -1 -1 -1 -1 -1 -1 -1 -1 -9 -111 0 0 0 37 37 38 37 35 0 2 27 4 0 0 0 20 33 33 37 12 7 14 13 0 3 7 7 6 6 8 7 0 19 13 47 56 60 67 85 73 93 116 110 99 94 89 96 97 110 107 90 93 81 25 13 15 14 49 58 84 89 91 91 108 110 97 97 112 93 73 48 67 66 89 89 71 10 9 4 52 74 25 106 85 16 27 13 19 37 55 56 68 91 101 89 104 71 52 30 53 65 38 48 87 81 89 112 110 81 47 87 83 49 79 91 73 29 13 20 31 37 45 44 21 37 30 21 13 19 16 18 21 24 30 32 36 37 37 37 37 37 37 37 37 37 37 35 32 37 41 37 26 0 8 4 12 19 37 39 37 36 37 37 39 38 37 20 8 30 37 33 0 18 42 38 32 0 0 -58 -114 -1 -1 99 -1 -1 -1 -1 -1 -1 -1 -1 -1 -1 -1 -1 -1 -1 -1 -1 -1 -1 -1 -1 -1 -1 -1 -1 -1 -1 -1 -1 -1 -1 -1 -1 -1 -1 -1 -1 -1 -1 -1 -1 -1 -1 -1 -1 -1 -1 -1 -1 -1 -1 -1 -1 -1 -1 -1 -1 -1 -1 -1 -1 -1 -1 -1 -1 -1 -1 -1 -1 -1 -1
-1 -1 -1 -1 -1 -1 -1 -1 -1 -1 -1 -1 -1 -1 -1 -1 -1 -1 -1 -1 -1 -1 -1 -1 -1 -1 -1 -1 -1 -1 -1 -1 -1 -1 -1 -1 -1 -1 -1 -63 0 0 14 25 60 88 52 49 41 21 19 52 42 25 14 15 -128 -115 9 31 18 0 -1 -126 -128 -128 -18 -1 -1 -1 -1 -1 -1 -1 -1 -1 -1 -1 -1 -1 -1 -1 -1 -1 -1 -1 -1 -1 -1 -1 -1 -1 -1 -1 -1 -1 -1 -1 -1 -1 -1 -1 -27 -1 -1 -1 -1 -1 -1 -1 -1 -1 -1 -1 -1 -1 -1 -1 -1 -1 -1 -7 -128 -128 -110 -121 -128 -128 0 8 30 18 10 21 18 -100 -128 -107 -9 -22 -105 -1 -1 -63 -119 0 0 0 -128 -58 -1 -1 -1 -1 -1 -1 -1 -1 -1 -1 -1 -1 -1 -1 -1 -1 -1 -1 -1 -1 -1 -1 -1 -1 -44 -128 -63 -1 -1 -1 -1 -1 -1 -1 -1 -1 -1 -1 -1 -1 -1 -1 -1 -1 -1 -1 -1 -1 -1 -1 -1 -1 -1 -1 -1 -1 -1 -1 -1 -1 -1 -1 -1 -1 -1 -1 -1 -1 -1 -1 -1 -1 -1 -1 -58 -1 -1 -1 -1 -1 -1 -1 -1 -1 -1 -1 -1 -1 -1 -1 -1 -1 -1 -1 -1 -1 -1 -1 -1 -1 -1 -1 -1 -1 -1 -1 -1 -1 -6 -106 0 27 39 36 37 37 36 8 9 6 0 22 1 22 13 8 0 30 0 0 8 10 25 24 7 0 7 8 7 7 20 37 65 64 89 91 83 79 95 108 116 89 90 101 101 108 97 96 110 107 82 20 26 56 65 14 50 74 88 104 99 101 83 85 83 107 90 78 65 60 81 88 81 66 25 29 42 39 4 6 82 106 102 78 76 83 79 70 76 87 81 104 101 105 104 96 78 54 24 29 52 87 112 105 104 88 79 55 41 81 65 43 60 56 39 26 12 20 30 27 18 0 21 37 25 16 10 32 33 35 33 36 35 37 38 37 37 37 37 37 37 37 37 37 36 4 0 12 32 10 0 -37 -46 -35 -27 -9 24 32 18 7 8 20 33 33 35 30 0 0 13 14 0 27 33 36 36 25 24 -55 -97 -1 -1 -1 -1 -1 -1 -1 -1 -1 -1 -1 -1 -1 -1 -1 -1 -1 -1 -1 -1 -1 -1 -1 -1 -1 -1 -1 -1 -1 -1 -1 -1 -1 -1 -1 -1 -1 -1 -1 -1 -1 -1 -1 -1 -1 -1 -1 -1 -1 -1 -1 -1 -1 -1 -1 -1 -1 -1 -1 -1 -1 -1 -1 -1 -1 -1 -1 -1 -1 -1 -1 -1 -1
-1 -1 -1 -1 -1 -1 -1 -1 -1 -1 -1 -1 -1 -1 -1 -1 -1 -1 -1 -1 -1 -1 -1 -1 -1 -1 -1 -1 -1 -1 -1 -1 -1 -1 -1 -1 -1 -1 -1 -121 9 49 56 88 90 45 31 39 32 0 0 18 26 12 1 0 0 2 15 21 26 -126 -1 -11 -111 -58 -1 -1 -1 -1 -1 -1 -1 -1 -1 -1 -1 -1 -1 -1 -1 -1 -1 -1 -1 -1 -1 -1 -1 -1 -1 -1 -1 -1 -1 -1 -1 -1 -1 -1 -1 -1 -1 -1 -1 -1 -1 -1 -1 -1 -1 -1 -1 -1 -1 -1 -1 -1 -1 -1 -1 -1 -1 -7 -1 -1 -1 -54 -108 13 25 36 9 13 3 -111 -128 -88 -81 -1 -1 -1 -1 -1 -28 -39 -119 -100 -16 -1 -1 -1 -1 -1 -1 -1 -1 -1 -1 -1 -1 -1 -1 -1 -1 -1 -1 -1 -1 -1 -1 -1 -1 -87 -125 -128 -128 -22 -1 -1 -1 -1 -1 -1 -1 -1 -1 -1 -1 -1 -1 -1 -1 -1 -1 -1 -1 -1 -1 -1 -1 -1 -1 -1 -1 -1 -1 -1 -1 -1 -1 -1 -1 -1 -1 -1 -1 -1 -1 -1 -1 -1 -1 -1 -106 -64 -1 -1 -1 -1 -1 -1 -1 -1 -1 -1 -1 -1 -1 -1 -1 -1 -1 -1 -1 -1 -1 -1 -1 -1 -1 -1 -1 -1 -1 -1 -1 -1 -1 -89 31 36 32 36 36 38 39 35 26 0 13 13 14 16 0 0 0 20 3 0 7 0 0 13 14 9 4 20 29 13 38 61 102 104 91 111 112 107 113 87 47 32 85 102 78 47 26 22 93 87 21 35 68 90 78 9 58 82 91 89 94 100 96 106 105 100 102 84 54 70 81 104 93 73 19 55 54 65 84 93 91 96 108 100 100 88 77 97 97 108 93 105 97 84 101 107 110 73 25 39 74 74 105 110 97 78 64 38 30 45 29 30 30 24 18 12 14 22 12 12 20 14 15 18 15 16 32 38 38 37 37 37 37 37 37 35 37 38 37 37 37 37 38 39 37 13 4 19 -51 -54 -31 20 27 38 32 1 -31 -39 -51 27 -27 -22 35 20 4 -54 21 19 13 4 0 3 0 31 39 21 0 -46 -128 -37 -1 -1 -1 -1 -1 -1 -1 -1 -1 -1 -1 -1 -1 -1 -1 -1 -1 -1 -1 -1 -1 -1 -1 -1 -1 -1 -1 -1 -1 -1 -1 -1 -1 -1 -1 -1 -1 -1 -1 -1 -1 -1 -1 -1 -1 -1 -1 -1 -1 -1 -1 -1 -1 -1 -1 -1 -1 -1 -1 -1 -1 -1 -1 -1 -1 -1 -1 -1 -1 -1 -1 -1
-1 -1 -1 -1 -1 -1 -1 -1 -1 -1 -1 -1 -1 -1 -1 -1 -1 -1 -1 -1 -1 -1 -1 -1 -1 -1 -1 -1 -1 -1 -1 -1 -1 -1 -1 -1 -1 -1 -1 -93 18 42 77 105 48 29 21 22 9 -128 -73 0 13 16 -117 -117 0 12 32 43 22 -103 -1 -1 -1 -1 -1 -1 -1 -1 -1 -1 -1 -1 -1 -1 -1 -1 -1 -1 -1 -1 -1 -1 -1 -1 -1 -1 -1 -1 -1 -1 -1 -1 -1 -1 -1 -1 -1 -1 -1 -1 -1 -1 -1 -1 -1 -1 -1 -1 -1 -1 -1 -1 -1 -1 -1 -1 -1 -1 -1 -1 -1 -1 -1 -1 -1 -6 -128 18 18 30 22 0 -106 -112 -116 0 -128 -1 -1 -1 -1 -1 -1 -1 -2 -1 -1 -1 -1 -1 -1 -1 -1 -1 -1 -1 -1 -1 -1 -1 -1 -1 -1 -1 -1 -1 -1 -1 -1 -1 -1 -1 -1 -41 -64 -1 -1 -1 -1 -1 -1 -1 -1 -1 -1 -1 -1 -1 -1 -1 -1 -1 -1 -1 -1 -1 -1 -1 -1 -1 -1 -1 -1 -1 -1 -1 -1 -1 -1 -1 -1 -1 -1 -1 -1 -1 -1 -1 -1 -1 -1 -1 -1 -16 -1 -1 -1 -1 -1 -1 -1 -1 -1 -1 -1 -1 -1 -1 -1 -1 -1 -1 -1 -1 -1 -1 -1 -1 -1 -1 -1 -1 -1 -1 -1 -1 -1 -103 35 37 19 36 37 36 37 38 36 2 7 25 10 0 0 0 0 10 0 0 4 0 0 4 22 22 30 32 42 38 39 72 112 110 114 105 95 107 76 13 74 48 15 27 53 88 96 84 18 8 56 78 89 104 77 70 3 72 85 91 97 107 99 112 93 107 107 104 70 79 97 104 77 64 13 67 88 79 95 89 77 107 97 104 85 82 104 104 90 100 101 99 102 82 68 90 104 68 21 35 50 87 76 97 83 56 38 19 14 18 13 13 12 12 10 16 24 29 21 13 14 15 18 18 12 36 37 36 35 35 36 36 36 36 37 38 36 35 37 38 37 36 37 38 24 0 13 10 0 10 1 33 36 37 38 35 0 3 9 0 0 0 -67 -42 -42 -21 -1 -27 10 12 20 26 0 29 41 37 12 0 -86 -108 -1 -1 -1 -1 -1 -1 -1 -1 -1 -1 -1 -1 -1 -1 -1 -1 -1 -1 -1 -1 -1 -1 -1 -1 -1 -1 -1 -1 -1 -1 -1 -1 -1 -1 -1 -1 -1 -1 -1 -1 -1 -1 -1 -1 -1 -1 -1 -1 -1 -1 -1 -1 -1 -1 -1 -1 -1 -1 -1 -1 -1 -1 -1 -1 -1 -1 -1 -1 -1 -1 -1 -1
-1 -1 -1 -1 -1 -1 -1 -1 -1 -1 -1 -1 -1 -1 -1 -1 -1 -1 -1 -1 -1 -1 -1 -1 -1 -1 -1 -1 -1 -1 -1 -1 -1 -1 -1 -1 -1 -1 -1 -100 0 20 61 55 24 22 12 18 0 -67 -1 -128 0 -103 -79 -92 -128 0 19 19 0 -110 -1 -1 -1 -1 -1 -1 -1 -1 -1 -1 -1 -1 -1 -1 -1 -1 -1 -1 -1 -1 -1 -1 -1 -1 -1 -1 -1 -1 -1 -1 -1 -1 -1 -17 -21 -1 -1 -1 -1 -1 -1 -1 -1 -1 -1 -1 -1 -1 -1 -1 -1 -1 -1 -1 -1 -1 -1 -1 -1 -1 -1 -1 -1 -1 -1 -1 -122 0 4 30 0 2 0 15 20 9 -107 -89 -1 -1 -1 -1 -1 -1 -1 -1 -1 -1 -1 -1 -1 -1 -1 -1 -1 -1 -1 -1 -1 -1 -1 -1 -1 -1 -1 -1 -1 -1 -1 -1 -1 -1 95 -1 -1 -1 -1 -1 -1 -1 -1 -1 -1 -1 -1 -1 -1 -1 -1 -1 -1 -1 -1 -1 -1 -1 -1 -1 -1 -1 -1 -1 -1 -1 -1 -1 -1 -1 -1 -1 -1 -1 -1 -1 -1 -1 -1 -1 -1 -1 -1 -1 -1 -1 -1 -1 -1 -1 -1 -1 -1 -1 -1 -1 -1 -1 -1 -1 -1 -1 -1 -1 -1 -1 -1 -1 -1 -1 -1 -1 -1 -1 -1 -1 -1 -1 -1 -96 31 38 32 36 32 9 35 39 37 32 31 31 2 0 0 0 0 10 0 0 12 14 12 2 31 36 36 42 49 31 56 89 113 97 93 37 20 38 14 76 88 97 73 88 100 104 111 83 50 67 93 83 97 106 95 99 16 77 84 94 95 105 102 102 77 88 104 108 99 96 106 84 4 18 64 76 99 94 81 66 104 106 110 85 78 88 99 107 83 84 107 96 110 96 59 90 102 54 18 49 71 64 74 66 50 31 0 7 10 0 9 9 8 12 13 13 29 36 29 18 19 25 31 33 37 37 37 36 36 37 37 37 35 35 39 38 37 35 36 33 18 3 2 0 0 20 32 35 38 39 36 37 41 35 15 7 0 0 0 18 30 26 0 0 0 -101 -70 -1 -1 -1 -18 9 0 31 35 7 0 0 0 -27 -1 -1 -1 -1 -1 -1 -1 -1 -1 -1 -1 -1 -1 -1 -1 -1 -1 -1 -1 -1 -1 -1 -1 -1 -1 -1 -1 -1 -1 -1 -1 -1 -1 -1 -1 -1 -1 -1 -1 -1 -1 -1 -1 -1 -1 -1 -1 -1 -1 -1 -1 -1 -1 -1 -1 -1 -1 -1 -1 -1 -1 -1 -1 -1 -1 -1 -1 -1 -1 -1 -1 -1
-1 -1 -1 -1 -1 -1 -1 -1 -1 -1 -1 -1 -1 -1 -1 -1 -1 -1 -1 -1 -1 -1 -1 -1 -1 -1 -1 -1 -1 -1 -1 -1 -1 -1 -1 -1 -1 -1 -1 -53 -108 0 35 13 0 0 -121 -128 -128 -16 -1 -128 -128 -32 -1 -35 -46 -128 12 13 -106 -1 -1 -1 -1 -1 -1 -1 -1 -1 -1 -1 -1 -1 -1 -1 -1 -1 -1 -1 -1 -1 -1 -1 -1 -1 -1 -1 -1 -1 -1 -1 -1 -1 -1 -1 -1 -1 -1 -1 -1 -1 -1 -1 -1 -1 -1 -1 -1 -1 -1 -1 -1 -1 -1 -1 -1 -1 -1 -1 -1 -1 -1 -1 -1 -1 -1 -1 -72 0 12 25 21 26 9 3 9 1 4 -97 -56 -1 -1 -1 -1 -1 -1 -1 -1 -1 -1 -1 -1 -1 -1 -1 -1 -1 -1 -1 -1 -1 -1 -1 -1 -1 -1 -1 -1 -1 -1 -1 -1 -1 -1 -1 -1 -1 -1 -1 -1 -1 -1 -1 -1 -1 -1 -1 -1 -1 -1 -1 -1 -1 -1 -1 -1 -1 -1 -1 -1 -1 -1 -1 -1 -1 -1 -1 -1 -1 -1 -1 -1 -1 -1 -1 -1 -1 -1 -1 -1 -1 -1 -1 -1 -1 -1 -1 -1 -1 -1 -1 -1 -1 -1 -1 -1 -1 -1 -1 -1 -1 -1 -1 -1 -1 -1 -1 -1 -1 -1 -1 -1 -1 -1 -1 -1 -1 -12 -128 21 36 38 39 35 32 36 39 37 35 1 18 0 0 15 35 32 27 20 29 26 26 29 29 47 67 73 76 81 79 73 87 112 50 39 73 67 55 74 89 96 106 94 96 97 110 88 76 70 84 108 93 87 104 94 100 31 24 72 97 99 105 112 111 79 77 88 106 104 107 88 21 48 88 99 106 101 108 88 67 74 107 99 85 96 97 89 94 71 79 112 101 111 107 55 68 72 30 13 24 32 35 32 26 25 18 7 8 10 7 12 12 14 20 25 29 33 37 36 31 29 35 37 38 39 37 37 37 35 32 20 0 -45 0 0 14 33 36 25 0 3 14 19 20 30 37 38 38 36 35 36 36 32 9 12 15 30 2 31 35 25 0 0 0 16 31 18 15 -65 -46 -22 -1 -14 25 0 0 26 39 0 -35 -1 -1 -1 -1 -1 -1 -1 -1 -1 -1 -1 -1 -1 -1 -1 -1 -1 -1 -1 -1 -1 -1 -1 -1 -1 -1 -1 -1 -1 -1 -1 -1 -1 -1 -1 -1 -1 -1 -1 -1 -1 -1 -1 -1 -1 -1 -1 -1 -1 -1 -1 -1 -1 -1 -1 -1 -1 -1 -1 -1 -1 -1 -1 -1 -1 -1 -1 -1 -1 -1 -1 -1
-1 -1 -1 -1 -1 -1 -1 -1 -1 -1 -1 -1 -1 -1 -1 -1 -1 -1 -1 -1 -1 -1 -1 -1 -1 -1 -1 -1 -1 -1 -1 -1 -1 -1 -1 -1 -1 -1 -1 -1 -74 0 0 -122 -101 -128 -93 -8 -1 -1 -1 -1 -59 -1 -1 -1 -1 -94 0 0 -93 -1 -1 -1 -1 -1 -1 -1 -1 -1 -1 -1 -1 -1 -1 -1 -1 -1 -1 -1 -1 -1 -1 -1 -1 -1 -1 -1 -1 -1 -1 -1 -1 -1 -1 -1 -1 -1 -1 -1 -1 -1 -1 -1 -1 -1 -1 -1 -1 -1 -1 -1 -1 -1 -1 -1 -1 -1 -1 -1 -1 -1 -1 -1 -1 -1 -68 -128 -120 3 16 7 9 19 18 33 31 8 20 7 -128 -1 -1 -1 -1 -1 -1 -1 -1 -1 -1 -1 -1 -1 -1 -1 -1 -1 -1 -1 -1 -1 -1 -1 -1 -1 -1 -1 -1 -1 -1 -1 -1 -1 -1 -1 -1 -1 -1 -1 -1 -1 -1 -1 -1 -1 -1 -1 -1 -1 -1 -1 -1 -1 -1 -1 -1 -1 -1 -1 -1 -1 -1 -1 -1 -1 -1 -1 -1 -1 -1 -1 -1 -1 -1 -1 -1 -1 -1 -1 -1 -1 -1 -1 -1 -1 -1 -1 -1 -1 -1 -1 -1 -1 -1 -1 -1 -1 -1 -1 -1 -1 -1 -1 -1 -1 -1 -1 -1 -1 -1 -1 -1 -1 -1 -1 -1 -1 -1 -128 24 31 33 37 37 37 37 37 37 29 0 6 0 14 49 49 47 42 36 27 15 31 36 47 78 100 107 111 112 111 106 90 90 58 61 100 85 96 79 85 93 100 101 102 95 105 96 100 78 77 100 114 106 108 90 105 91 83 29 59 97 104 104 108 105 82 79 83 22 8 45 13 74 95 107 105 97 110 104 76 60 105 93 85 104 104 85 68 49 77 91 68 76 70 47 35 26 13 12 13 20 3 9 9 12 10 13 14 13 16 18 19 24 30 35 36 37 37 38 37 21 37 37 38 37 32 12 0 0 -91 -67 -46 -88 21 27 7 0 0 0 31 39 38 38 36 38 36 37 39 33 0 0 0 0 7 36 38 39 30 38 36 0 25 36 37 38 36 16 30 0 15 19 -41 -1 -1 -1 -39 0 14 -102 -1 -1 -1 -1 -1 -1 -1 -1 -1 -1 -1 -1 -1 -1 -1 -1 -1 -1 -1 -1 -1 -1 -1 -1 -1 -1 -1 -1 -1 -1 -1 -1 -1 -1 -1 -1 -1 -1 -1 -1 -1 -1 -1 -1 -1 -1 -1 -1 -1 -1 -1 -1 -1 -1 -1 -1 -1 -1 -1 -1 -1 -1 -1 -1 -1 -1 -1 -1 -1 -1 -1 -1 -1
-1 -1 -1 -1 -1 -1 -1 -1 -1 -1 -1 -1 -1 -1 -1 -1 -1 -1 -1 -1 -1 -1 -1 -1 -1 -1 -1 -1 -1 -1 -1 -1 -1 -1 -1 -1 -1 -1 -1 -1 -23 -107 -111 -7 -1 -17 -1 -1 -1 -1 -1 -1 -1 95 -1 -1 -1 -45 -101 -122 -1 -1 -1 -1 -1 -1 -1 -1 -1 -1 -1 -1 -1 -1 -1 -1 -1 -1 -1 -1 -1 -1 -1 -1 -1 -1 -1 -1 -1 -1 -1 -1 -1 -1 -1 -1 -1 -1 -1 -1 -1 -1 -1 -1 -1 -1 -1 -1 -1 -1 -1 -1 -1 -1 -1 -1 -1 -1 -1 -1 -1 -1 -1 -1 -1 -1 -93 -115 10 18 10 0 12 12 13 30 29 10 24 31 -115 -54 -1 -1 -1 -1 -1 -1 -1 -1 -1 -1 -1 -1 -1 -1 -1 -1 -1 -1 -1 -1 -1 -1 -1 -1 -1 -1 -1 -1 -1 -1 -1 -1 -1 -1 -1 -1 -1 -1 -1 -1 -1 -1 -1 -1 -1 -1 -1 -1 -1 -1 -1 -1 -1 -1 -1 -1 -1 -1 -1 -1 -1 -1 -1 -1 -1 -1 -1 -1 -1 -1 -1 -1 -1 -1 -1 -1 -1 -1 -1 -1 -1 -1 -1 -1 -1 -1 -1 -1 -1 -1 -1 -1 -1 -1 -1 -1 -1 -1 -1 -1 -1 -1 -1 -1 -1 -1 -1 -1 -1 -1 -1 -1 -1 -1 -1 -1 -128 -111 30 26 12 32 37 37 39 36 38 22 0 0 25 22 37 42 47 49 14 27 30 36 48 71 100 107 89 104 102 102 104 100 107 25 82 104 99 107 90 89 102 88 94 101 87 95 104 87 82 76 82 101 106 105 104 90 102 99 101 8 35 84 107 93 105 87 70 13 56 77 48 47 72 85 101 113 90 107 112 87 55 79 65 65 104 87 66 43 67 79 50 47 37 39 25 22 16 12 15 13 10 3 7 14 25 27 12 18 19 22 29 30 31 32 37 37 39 38 36 37 37 37 38 27 10 0 8 30 4 -39 0 9 32 37 38 37 32 31 35 37 36 36 37 38 37 38 38 38 26 0 35 36 36 38 39 38 38 36 37 6 19 36 7 21 31 0 0 0 0 30 35 0 6 -20 -4 -13 -1 -11 -88 -1 -1 -1 -1 -1 -1 -1 -1 -1 -1 -1 -1 -1 -1 -1 -1 -1 -1 -1 -1 -1 -1 -1 -1 -1 -1 -1 -1 -1 -1 -1 -1 -1 -1 -1 -1 -1 -1 -1 -1 -1 -1 -1 -1 -1 -1 -1 -1 -1 -1 -1 -1 -1 -1 -1 -1 -1 -1 -1 -1 -1 -1 -1 -1 -1 -1 -1 -1 -1 -1 -1 -1 -1
-1 -1 -1 -1 -1 -1 -1 -1 -1 -1 -1 -1 -1 -1 -1 -1 -1 -1 -1 -1 -1 -1 -1 -1 -1 -1 -1 -1 -1 -1 -1 -1 -1 -1 -1 -1 -1 -1 -1 -1 -1 -1 -1 -1 -1 -1 -1 -1 -1 -1 -1 -1 -1 -1 -1 -1 -1 -112 -128 -69 -1 -1 -1 -1 -1 -1 -1 -1 -1 -1 -1 -1 -1 -1 -1 -1 -1 -1 -1 -1 -1 -1 -1 -1 -1 -1 -1 94 97 -1 -1 -1 -1 -1 -1 -1 -1 -1 -1 -1 -1 -1 -1 -1 -1 -1 -1 -1 -1 -1 -1 -1 -1 -1 -1 -1 -1 -1 -1 -1 -1 -1 -1 -1 -55 -86 -58 -125 30 20 13 2 3 4 0 14 8 8 25 33 -96 -128 -1 -1 -1 -1 -1 -1 -1 -1 -1 -1 -1 -1 -1 -1 -1 -1 -1 -1 -1 -1 -1 -1 -1 -1 -1 -1 -1 -1 -1 -1 -1 -1 -1 -1 -1 -1 -1 -1 -1 -1 -1 -1 -1 -1 -1 -1 -1 -1 -1 -1 -1 -1 -1 -1 -1 -1 -1 -1 -1 -1 -1 -1 -1 -1 -1 -1 -1 -1 -1 -1 -1 -1 -1 -1 -1 -1 -1 -1 -1 -1 -1 -1 -1 -1 -1 -1 -1 -1 -1 -1 -1 -1 -1 -1 -1 -1 -1 -1 -1 -1 -1 -1 -1 -1 -1 -1 -1 -1 -1 -1 -1 -1 -1 -1 -1 -1 -116 -119 35 35 20 24 35 36 36 27 13 0 0 13 35 35 24 32 36 41 3 30 35 44 65 91 108 30 30 10 47 85 96 104 110 38 100 99 107 101 105 107 101 96 79 62 82 111 95 78 91 101 79 87 110 100 105 71 111 100 97 91 89 37 79 87 81 87 76 16 81 104 95 94 87 101 87 105 85 85 106 96 53 42 39 70 73 70 41 37 54 45 38 21 32 25 16 2 8 10 19 20 12 9 22 38 37 36 35 32 30 27 21 36 38 38 14 16 36 36 38 33 20 6 0 0 0 20 20 0 6 29 29 21 22 36 37 36 36 36 37 38 36 25 37 39 37 37 38 38 2 20 37 38 36 37 38 38 38 41 32 0 33 31 1 0 0 21 25 0 0 1 12 0 22 16 -87 -65 -56 -32 -39 -1 -1 -1 -1 -1 -1 -1 -1 -1 -1 -1 -1 -1 -1 -1 -1 -1 -1 -1 -1 -1 -1 -1 -1 -1 -1 -1 -1 -1 -1 -1 -1 -1 -1 -1 -1 -1 -1 -1 -1 -1 -1 -1 -1 -1 -1 -1 -1 -1 -1 -1 -1 -1 -1 -1 -1 -1 -1 -1 -1 -1 -1 -1 -1 -1 -1 -1 -1 -1 -1 -1 -1 -1
-1 -1 -1 -1 -1 -1 -1 -1 -1 -1 -1 -1 -1 -1 -1 -1 -1 -1 -1 -1 -1 -1 -1 -1 -1 -1 -1 -1 -1 -56 -1 -1 -1 -1 -1 -1 -1 -1 -1 -1 -1 -1 -1 -1 -1 -1 -1 -1 -1 -1 -1 -1 -1 94 -22 -108 -49 -128 -110 -128 -49 -1 -1 -1 -1 -1 -1 -1 -1 -1 -1 -1 -1 -1 -1 -1 -1 -1 -1 -1 -1 -1 -1 -1 -1 -1 -22 -98 -47 -1 -1 -1 -1 -1 -1 -1 -1 -1 -1 -1 -1 -1 -1 -1 -1 -1 -1 -1 -1 -1 -1 -1 -1 -1 -1 -1 -1 -1 -1 -70 -34 -1 -1 -1 -1 -20 -70 -128 0 4 13 35 16 8 10 0 8 14 29 30 2 -88 -128 -18 -1 -1 -1 -1 -1 -1 -1 -1 -1 -1 -1 -1 -1 -1 -1 -1 -1 -1 -1 -1 -1 -1 -1 -1 -1 -1 -1 -1 -1 -1 -1 -1 -1 -1 -1 -1 -1 -1 -1 -1 -1 -1 -1 -1 -1 -1 -1 -1 -1 -1 -1 -1 -1 -1 -1 -1 -1 -1 -1 -1 -1 -1 -1 -1 -1 -1 -1 -1 -1 -1 -1 -1 -1 -1 -1 -1 -1 -1 -1 -1 -1 -1 -1 -1 -1 -1 -1 -1 -1 -1 -1 -1 -1 -1 -1 -1 -1 -1 -1 -1 -1 -1 -1 -1 -1 -1 -1 -1 -1 -1 -1 -1 -1 -1 -97 0 38 31 36 30 19 10 24 16 8 0 0 12 13 22 1 25 0 35 31 30 50 73 96 59 48 58 106 87 27 77 68 49 53 37 96 102 95 90 94 97 101 95 65 88 111 99 90 104 94 104 94 83 99 101 79 66 97 85 74 96 104 68 33 39 37 32 31 55 91 105 94 85 71 108 93 95 77 64 102 97 70 39 22 30 21 29 25 24 20 20 16 18 24 22 9 7 8 15 25 27 18 8 29 37 36 37 38 38 36 30 12 8 4 0 -96 0 0 0 0 0 0 15 19 39 38 26 1 29 36 15 0 6 14 35 37 29 36 38 38 37 36 32 37 38 38 38 38 38 36 35 36 25 31 25 38 37 38 39 14 7 35 26 33 31 33 27 24 0 9 0 0 0 0 0 0 18 16 -101 -1 -1 -1 -1 -1 -1 -1 -1 -1 -1 -1 -1 -1 -1 -1 -1 -1 -1 -1 -1 -1 -1 -1 -1 -1 -1 -1 -1 -1 -1 -1 -1 -1 -1 -1 -1 -1 -1 -1 -1 -1 -1 -1 -1 -1 -1 -1 -1 -1 -1 -1 -1 -1 -1 -1 -1 -1 -1 -1 -1 -1 -1 -1 -1 -1 -1 -1 -1 -1 -1 -1 -1 -1 -1
-1 -1 -1 -1 -1 -1 -1 -1 -1 -1 -1 -1 -1 -1 -1 -1 -1 -1 -1 -1 -1 -1 -1 -1 -1 -1 -1 -1 -51 -92 -1 -1 -1 -1 -1 -1 -1 -1 -1 -1 -1 -1 -1 -1 -1 -1 -1 -1 -1 -1 -1 -1 -1 -1 -102 -92 -128 -128 -116 -117 -1 -1 -1 -1 -1 -1 -1 -1 -1 -1 -1 -1 -1 -1 -1 -1 -1 -1 -1 -1 -1 -1 -1 -1 -1 -1 -112 -115 -63 -1 -1 -1 -1 -1 -1 -1 -1 -1 -1 -1 -1 -1 -1 -1 -1 -1 -1 -1 -1 -1 -1 -1 -1 -1 -1 -1 -1 -1 -1 -2 -1 -1 -26 -70 -1 -1 -128 -110 4 21 0 9 29 27 21 25 21 9 29 18 13 24 -128 -128 -12 -1 -1 -1 -1 -1 -1 -1 -1 -1 -1 -1 -1 -1 -1 -1 97 -1 -1 -1 -1 -1 -1 -1 -1 -1 -1 -1 -1 -1 -1 -1 -1 -1 -1 -1 -1 -1 -1 -1 -1 -1 -1 -1 -1 -1 -1 -1 -1 -1 -1 -1 -1 -1 -1 -1 -1 -1 -1 -1 -1 -1 -1 -1 -1 -1 -1 -1 -1 -1 -1 -1 -1 -1 -1 -1 -1 -1 -1 -1 -1 -1 -1 -1 -1 -1 -1 -1 -1 -1 -1 -1 -1 -1 -1 -1 -1 -1 -1 -1 -1 -1 -1 -1 -1 -1 -1 -1 -1 -1 -1 -1 95 -1 -50 7 41 35 37 24 0 0 0 0 0 0 0 29 26 29 30 35 26 47 44 53 72 104 88 58 108 105 102 111 95 37 64 97 101 99 105 99 100 82 84 107 84 72 65 99 110 97 106 104 91 94 105 100 99 113 107 81 58 44 78 112 104 108 100 100 105 90 95 87 106 101 110 88 54 95 83 74 48 43 55 49 41 25 15 13 9 10 8 8 10 19 30 27 31 24 20 22 22 27 33 27 21 15 30 7 0 0 15 12 8 9 0 8 13 10 27 10 0 0 0 19 33 30 32 30 30 0 21 37 36 36 43 38 38 36 35 32 37 32 30 37 37 37 37 32 37 38 37 38 37 38 36 30 32 36 37 36 36 26 8 32 37 27 24 27 33 43 43 22 9 0 0 0 18 26 0 36 27 -128 -30 95 -1 -1 -1 -1 -1 -1 -1 -1 -1 -1 -1 -1 -1 -1 -1 -1 -1 -1 -1 -1 -1 -1 -1 -1 -1 -1 -1 -1 -1 -1 -1 -1 -1 -1 -1 -1 -1 -1 -1 -1 -1 -1 -1 -1 -1 -1 -1 -1 -1 -1 -1 -1 -1 -1 -1 -1 -1 -1 -1 -1 -1 -1 -1 -1 -1 -1 -1 -1 -1 -1 -1 -1
-1 -1 -1 -1 -1 -1 -1 -1 -1 -1 -1 -1 -1 -1 -1 -1 -1 -1 -1 -1 -1 -1 -1 -1 -1 -1 -1 -1 -1 -53 -1 -1 -1 -1 -1 -1 -1 -1 -1 -14 -1 -1 -1 -1 -1 -1 -1 -1 -1 -1 -1 -1 -1 -25 -125 0 -47 -1 -1 -1 -1 -1 -1 -1 -1 -1 -1 -1 -1 -1 -1 -1 -1 -1 -1 -1 -1 -1 -1 -1 -1 -1 -1 -1 -1 -1 -60 -1 -1 -1 -1 -1 -1 -1 -1 -1 -1 -1 -1 -1 -1 -1 -1 -1 -1 -1 -1 -1 -1 -1 -1 -1 -1 -1 -1 -1 -1 -1 -1 -1 -1 -81 -128 -91 -128 -86 -128 0 27 14 20 12 30 24 10 32 16 13 18 0 32 7 0 -100 -117 -128 -1 -1 -1 -1 -1 -1 -1 -1 -1 -1 -1 -1 -1 -73 -1 -25 -16 -1 -1 -1 -1 -1 -1 -1 -1 -1 -1 -1 -1 -1 -1 -1 -1 -1 -1 -1 -1 -1 -1 -1 -1 -1 -1 -1 -1 -1 -1 -1 -1 -1 -1 -1 -1 -1 -1 -1 -1 -1 -1 -1 -1 -1 -1 -1 -1 -1 -1 -1 -1 -1 -1 -1 -1 -1 -1 -1 -1 -1 -1 -1 -1 -1 -1 -1 -1 -1 -1 -1 -1 -1 -1 -1 -1 -1 -1 -1 -1 -1 -1 -1 -1 -1 -1 -1 -1 -1 -1 -1 -1 -1 -1 -1 -82 26 41 35 30 0 0 0 0 0 0 0 24 33 25 37 49 65 27 67 62 78 90 106 27 106 117 114 104 106 97 90 78 83 87 99 111 104 104 100 81 79 84 61 77 85 85 104 99 107 93 65 102 89 110 108 106 113 96 56 74 88 77 89 99 89 72 97 89 82 94 108 95 54 36 38 50 43 32 32 30 27 29 19 10 9 8 10 10 10 22 33 15 0 0 0 0 4 32 37 36 30 9 6 0 2 0 0 0 -97 0 12 33 36 36 37 37 36 37 36 0 0 0 0 0 0 0 7 35 39 36 36 37 37 38 37 36 0 35 37 35 29 37 37 35 33 38 37 37 31 36 41 36 26 22 37 37 37 32 7 25 33 37 27 49 53 35 24 20 22 35 31 14 0 18 31 0 27 0 -124 -128 -1 -1 -1 -1 -1 -1 -1 -1 -1 -1 -1 -1 -1 -1 -1 -1 -1 -1 -1 -1 -1 -1 -1 -1 -1 -1 -1 -1 -1 -1 -1 -1 -1 -1 -1 -1 -1 -1 -1 -1 -1 -1 -1 -1 -1 -1 -1 -1 -1 -1 -1 -1 -1 -1 -1 -1 -1 -1 -1 -1 -1 -1 -1 -1 -1 -1 -1 -1 -1 -1 -1 -1 -1
-1 -1 -1 -1 -1 -1 -1 -1 -1 -1 -1 -1 -1 -1 -1 -1 -1 -1 -1 -1 -1 -1 -1 -1 -1 -1 -1 -1 -1 -125 -58 -1 -1 -1 -1 -1 -1 -1 -1 -1 -35 -21 -128 -18 -1 -1 -1 -1 -1 -1 -1 -1 -1 -18 0 0 -28 -1 -1 -1 -1 -1 -1 -1 -1 -1 -1 -1 -1 -1 -1 -1 -1 -1 -1 -1 -1 -1 -1 -1 -1 -1 -1 -1 -1 -1 -1 -1 -1 -1 -1 -1 -1 -1 -1 -1 -1 -1 -1 -1 -1 -1 -1 -1 -1 -1 -1 -1 -1 -1 -1 -1 -1 -1 -1 -1 -73 -51 -45 -101 -116 -93 10 19 16 0 9 29 0 0 7 18 19 26 20 26 0 0 0 29 41 24 16 0 -83 -128 -21 -1 -1 -1 -1 -1 -1 -1 -1 -1 -1 -1 -25 -128 -126 -105 -94 -1 -1 -1 -1 -1 -1 -1 -1 -1 -1 -1 -1 -1 -1 -1 -1 -1 -1 -1 -1 -1 -1 -1 -1 -1 -1 -1 -1 -1 -1 -1 -1 -1 -1 -1 -1 -1 -1 -1 -1 -1 -1 -1 -1 -1 -1 -1 -1 -1 -1 -1 -1 -1 -1 -1 -1 -1 -1 -1 -1 -1 -1 -1 -1 -1 -1 -1 -1 -1 -1 -1 -1 -1 -1 -1 -1 -1 -1 -1 -1 -1 -1 -1 -1 -1 -1 -1 -1 -1 -1 -1 -1 -1 -1 -1 -110 30 31 19 0 0 3 25 39 36 12 8 15 20 37 48 76 97 71 87 107 101 110 30 67 107 101 104 97 93 99 95 104 88 77 73 96 101 88 99 104 83 54 47 73 61 106 66 79 102 59 81 97 74 94 105 82 113 114 72 42 54 49 66 60 55 39 50 45 36 60 70 53 41 26 31 31 26 16 15 13 14 16 24 20 15 14 19 20 22 26 3 4 22 30 35 30 13 0 24 30 0 0 3 32 20 30 27 9 20 31 37 37 39 38 32 37 36 38 38 39 36 33 36 36 36 33 36 36 36 32 35 37 37 37 37 37 36 36 35 24 19 26 29 21 21 26 18 18 25 37 39 33 24 20 33 38 37 24 4 33 25 20 39 42 31 14 19 33 20 37 35 33 10 3 0 0 0 0 16 -88 -14 -1 -1 -1 -1 -1 -1 -1 -1 -1 -1 -1 -1 -1 -1 -1 -1 -1 -1 -1 -1 -1 -1 -1 -1 -1 -1 -1 -1 -1 -1 -1 -1 -1 -1 -1 -1 -1 -1 -1 -1 -1 -1 -1 -1 -1 -1 -1 -1 -1 -1 -1 -1 -1 -1 -1 -1 -1 -1 -1 -1 -1 -1 -1 -1 -1 -1 -1 -1 -1 -1 -1 -1
-1 -1 -1 -1 -1 -1 -1 -1 -1 -1 -1 -1 -1 -1 -1 -1 -1 -1 -1 -1 -1 -1 -1 -1 -1 -1 -1 -1 -6 -107 -93 -1 -1 -1 -1 -1 -1 -1 -1 -1 -34 -21 -44 -72 -20 -1 -1 -1 -1 -1 -1 -1 -37 -128 2 -125 -1 -1 -1 -1 -1 -1 -1 -1 -1 -1 -1 -1 -1 -1 -1 -1 -1 -1 -1 -1 -1 -1 -1 -1 -1 -1 -1 -1 -1 -1 -1 -1 -1 -1 -1 -1 -1 -1 -1 -1 -1 -1 -1 -1 -1 -1 -1 -1 -1 -1 -1 -1 -1 -1 -1 -1 -1 -1 -101 -111 2 0 -102 0 12 13 10 16 8 13 24 25 21 2 6 12 6 15 30 22 9 12 1 29 2 0 0 1 15 -82 -68 -94 -1 -1 -1 -1 -1 -1 -1 -1 -1 -1 -1 -17 -67 -9 -1 -1 -1 -1 -1 -1 -1 -1 -1 -1 -1 -1 -1 -1 -1 -1 -1 -1 -1 -1 -1 -1 -1 -1 -1 -1 -1 -1 -1 -1 -1 -1 -1 -1 -1 -1 -1 -1 -1 -1 -1 -1 -1 -1 -1 -1 -1 -1 -1 -1 -1 -1 -1 -1 -1 -1 -1 -1 -1 -1 -1 -1 -1 -1 -1 -1 -1 -1 -1 -1 -1 -1 -1 -1 -1 -1 -1 -1 -1 -1 -1 -1 -1 -1 -1 -1 -1 -1 -1 -1 -1 -1 -1 -1 -1 -50 0 24 19 0 7 37 72 91 71 45 42 27 35 50 58 82 93 112 106 105 108 77 33 89 107 113 110 105 108 112 108 112 112 110 107 83 67 105 97 89 110 108 79 42 48 88 95 58 93 85 47 83 61 56 53 70 45 70 76 68 37 20 30 30 29 18 15 18 24 30 27 26 26 18 10 9 12 10 12 10 18 26 26 27 16 0 0 0 0 0 0 1 25 31 30 33 32 30 12 0 0 0 6 50 66 25 21 24 22 31 37 37 36 31 22 20 30 31 27 29 36 35 27 31 32 33 30 21 13 2 24 26 21 33 31 26 35 32 32 19 22 32 38 42 32 25 21 22 19 19 24 22 16 20 16 29 37 36 15 18 33 14 18 18 20 15 32 33 31 33 35 0 0 0 0 -125 -128 -128 -126 -115 -110 -1 -1 -1 -1 -1 -1 -1 -1 -1 -1 -1 -1 -1 -1 -1 -1 -1 -1 -1 -1 -1 -1 -1 -1 -1 -1 -1 -1 -1 -1 -1 -1 -1 -1 -1 -1 -1 -1 -1 -1 -1 -1 -1 -1 -1 -1 -1 -1 -1 -1 -1 -1 -1 -1 -1 -1 -1 -1 -1 -1 -1 -1 -1 -1 -1 -1 -1 -1 -1 -1 -1 -1 -1
-1 -1 -1 -1 -1 -1 -1 -1 -1 -1 -1 -1 -1 -1 -1 -1 -1 -1 -1 -1 -1 -1 -1 -1 -1 -1 -1 -1 -1 -4 -1 -1 -1 -1 -1 -1 -1 -1 -1 -1 -1 -1 -1 -1 -1 -1 -1 -1 -1 -1 -1 -1 -59 -128 0 -98 -1 -1 -1 -1 -1 -1 -1 -1 -1 -1 -1 -1 -1 -1 -1 -1 -1 -1 -1 -1 -1 -1 -1 -1 -1 -1 -1 -1 -1 -1 -1 -1 -1 -1 -79 -59 -1 -1 -1 -1 -1 -1 -1 -1 -1 -1 -1 -1 -1 -1 -1 -1 -1 -1 -1 -1 95 -14 -128 -92 32 29 30 25 18 10 16 22 10 0 25 25 10 12 19 14 2 8 10 4 27 29 26 0 13 32 38 27 0 -128 -120 -122 -1 -1 -1 -1 -1 -1 -1 -1 -1 -1 -1 -1 -1 -1 96 -1 -1 -1 -1 -1 -1 -1 -1 -1 -1 -1 -1 -1 -1 -1 -1 -1 -1 -1 -1 -1 -1 -1 -1 -1 -1 -1 -1 -1 -1 -1 -1 -1 -1 -1 -1 -1 -1 -1 -1 -1 -1 -1 -1 -1 -1 -1 -1 -1 -1 -1 -1 -1 -1 -1 -1 -1 -1 -1 -1 -1 -1 -1 -1 -1 -1 -1 -1 -1 -1 -1 -1 -1 -1 -1 -1 -1 -1 -1 -1 -1 -1 -1 -1 -1 -1 -1 -1 -1 -1 -1 -1 -39 -84 0 13 35 30 38 58 76 97 85 76 79 71 33 44 90 84 84 111 108 97 100 33 47 99 113 112 104 90 85 89 95 87 89 89 94 107 90 53 85 108 104 105 85 54 33 72 85 81 45 44 37 32 30 24 4 0 0 0 0 14 20 22 12 14 14 13 13 12 18 14 12 10 9 13 20 14 16 20 18 10 6 0 0 0 0 0 13 19 9 12 20 24 33 67 68 52 27 52 64 38 22 13 4 39 74 59 36 36 37 19 19 37 36 30 16 19 38 54 55 49 35 22 25 32 42 38 32 36 42 31 2 0 15 20 20 21 15 14 15 21 29 53 58 59 70 35 13 16 16 18 20 20 14 26 32 21 18 12 31 4 25 15 19 15 18 21 16 36 36 31 0 0 0 6 1 30 30 12 -124 -128 -94 -54 -1 -1 -1 -1 -1 -1 -1 -1 -1 -1 -1 -1 -1 -1 -1 -1 -1 -1 -1 -1 -1 -1 -1 -1 -1 -1 -1 -1 -1 -1 -1 -1 -1 -1 -1 -1 -1 -1 -1 -1 -1 -1 -1 -1 -1 -1 -1 -1 -1 -1 -1 -1 -1 -1 -1 -1 -1 -1 -1 -1 -1 -1 -1 -1 -1 -1 -1 -1 -1 -1 -1 -1 -1
-1 -1 -1 -1 -1 -1 -1 -1 -1 -1 -1 -1 -1 -1 -1 -1 -1 -1 -1 -1 -1 -1 -1 -1 -1 -1 -1 -1 -1 -40 -1 -1 -1 -1 -1 -1 -1 -1 -1 -1 -1 -1 -1 -1 -1 -128 -21 -98 -53 -1 -1 -1 -16 -20 -81 -53 -1 -1 -1 -1 -1 -1 -1 -1 -1 -1 -1 -1 -1 -1 -1 -1 -1 -1 -1 -1 -1 -1 -1 -1 -1 -1 -1 -1 -1 -1 -1 -1 -1 -1 -1 -1 -1 -1 -1 -1 -1 -1 -1 -1 -1 -1 -1 -1 -1 -1 -1 -1 -1 -1 -1 -1 -22 -111 -128 0 2 22 1 16 0 4 3 4 16 12 22 16 13 31 35 13 8 8 14 15 32 33 0 22 31 37 32 0 0 0 0 -100 -1 -1 -1 -1 -1 -1 -1 -1 -1 -1 -1 -1 -1 -1 -1 -1 -1 -1 -1 -1 -1 -1 -1 -1 -1 -1 -1 -1 -1 -1 -1 -1 -1 -1 -1 -1 -1 -1 -1 -1 -1 -1 -1 -1 -1 -1 -1 -1 -1 -1 -1 -1 -1 -1 -1 -1 -1 -1 -1 -1 -1 -1 -1 -1 -1 -1 -1 -1 -1 -1 -1 -1 -1 -1 -1 -1 -1 -1 -1 -1 -1 -1 -1 -1 -1 -1 -1 -1 -1 -1 -1 -1 -1 -1 -1 -1 -1 -1 -1 -1 -1 -1 -1 -1 -27 -41 -100 -112 0 24 60 53 71 83 72 72 79 96 82 60 43 42 36 87 112 108 112 97 47 12 48 96 111 112 101 83 76 67 66 77 79 97 90 102 99 96 59 71 77 93 81 53 50 29 42 38 33 24 18 21 18 6 1 0 2 6 0 0 0 0 7 12 10 10 12 12 12 20 20 19 21 14 3 0 0 0 0 0 0 0 0 0 0 1 15 44 61 38 27 31 44 77 108 112 71 64 83 67 33 13 1 14 36 50 53 61 59 35 26 16 36 33 19 25 44 43 52 81 89 73 58 56 79 87 82 76 87 95 79 43 25 26 53 50 54 41 32 44 60 72 72 43 38 53 45 14 15 31 31 36 20 0 26 19 16 9 1 0 4 15 18 10 18 15 29 19 31 30 0 0 -103 -102 0 0 20 18 13 -107 -128 -108 -82 -75 -1 -1 -1 -1 -1 -1 -1 -1 -1 -1 -1 -1 -1 -1 -1 -1 -1 -1 -1 -1 -1 -1 -1 -1 -1 -1 -1 -1 -1 -1 -1 -1 -1 -1 -1 -1 -1 -1 -1 -1 -1 -1 -1 -1 -1 -1 -1 -1 -1 -1 -1 -1 -1 -1 -1 -1 -1 -1 -1 -1 -1 -1 -1 -1 -1 -1 -1 -1 -1 -1 -1 -1
-1 -1 -1 -1 -1 -1 -1 -1 -1 -1 -1 -1 -1 -1 -1 -1 -1 -1 -1 -1 -1 -1 -1 -1 -1 -1 -7 -128 -105 -40 -1 -1 -1 -1 -1 -1 -1 -1 -1 -1 -1 -1 -1 -1 -1 -1 -120 -128 -1 -1 -1 -1 -105 -44 -1 -1 -1 -1 -1 -1 -1 -1 -1 -1 -1 -1 -1 -1 -1 -1 -1 -1 -1 -1 -1 -1 -1 -1 -1 -1 -1 -1 -1 -1 -1 -1 -1 -1 -1 -1 -1 -1 -1 -1 -1 -1 -1 -1 -1 -1 -1 -1 -1 -1 -1 -1 -1 -1 -1 -1 -1 -21 -128 0 8 16 9 22 15 3 20 38 33 31 19 13 13 24 44 44 33 35 25 8 27 35 36 0 0 35 39 37 0 0 0 0 15 -103 -51 -1 -1 -1 -1 -1 -1 -1 -1 -1 -1 -1 -1 -1 -1 -1 -1 -1 -1 -1 -1 -1 -1 -1 -1 -1 -1 -1 -1 -1 -1 -1 -1 -1 -1 -1 -1 -1 -1 -1 -1 -1 -1 -1 -1 -1 -1 -1 -1 -1 -1 -1 -1 -1 -1 -1 -1 -1 -1 -1 -1 -1 -1 -1 -1 -1 -1 -1 -1 -1 -1 -1 -1 -1 -1 -1 -1 -1 -1 -1 -1 -1 -1 -1 -1 -1 -1 -1 -1 -1 -1 -1 -1 -1 -1 -1 -1 -1 -1 -1 -1 -1 -1 -1 -128 0 0 12 9 58 85 94 102 81 47 50 55 59 53 25 22 70 9 72 104 104 110 89 16 71 76 100 107 91 87 72 79 79 72 82 95 97 91 104 107 104 61 38 24 36 30 15 9 9 10 12 12 12 1 9 10 8 0 6 12 12 14 12 2 0 0 0 0 0 0 0 0 4 14 2 0 0 0 7 6 0 0 9 7 16 21 26 39 27 25 41 90 84 76 81 89 108 113 107 91 96 59 32 8 0 0 27 42 44 62 78 52 38 25 16 31 27 16 38 59 48 39 64 73 81 84 96 87 65 58 64 89 105 107 82 66 49 65 99 95 64 59 82 94 83 62 41 30 50 59 32 7 27 18 30 36 20 0 20 0 0 7 22 20 19 24 33 27 32 33 25 0 0 0 0 0 0 0 -83 -128 -128 -128 -101 -128 -89 -89 -1 -1 -1 -1 -1 -1 -1 -1 -1 -1 -1 -1 -1 -1 -1 -1 -1 -1 -1 -1 -1 -1 -1 -1 -1 -1 -1 -1 -1 -1 -1 -1 -1 -1 -1 -1 -1 -1 -1 -1 -1 -1 -1 -1 -1 -1 -1 -1 -1 -1 -1 -1 -1 -1 -1 -1 -1 -1 -1 -1 -1 -1 -1 -1 -1 -1 -1 -1 -1 -1 -1 -1 -1
-1 -1 -1 -1 -1 -1 -1 -1 -1 -1 -1 -1 -1 -1 -1 -1 -1 -1 -1 -1 -1 -1 -1 -1 -1 -1 -128 -128 -122 -1 -1 -1 -1 -50 -128 -59 -1 -1 -1 -1 -1 -1 -1 -1 -1 -55 -117 -23 -1 -1 -1 -1 -4 -1 -1 -1 -1 -1 -1 -1 -1 -1 -1 -1 -1 -1 -1 -84 -44 -1 -1 -1 -1 -1 -1 -1 -1 -1 -1 -1 -1 -1 -1 -1 -1 -1 -1 -1 -1 -1 -1 -1 -1 -1 -1 -1 -1 -1 -1 -1 -1 -1 -1 -1 -1 -1 -1 -1 -1 -1 -59 -128 0 14 1 16 6 3 14 6 21 52 72 54 25 22 39 33 33 25 24 26 26 12 15 33 7 4 33 37 31 37 19 0 16 0 0 0 -128 -1 -1 -1 -1 -1 -1 -1 -1 -1 -1 -1 -1 -1 -1 -1 -1 -1 -1 -1 -1 -1 -1 -1 -1 -1 -1 -1 -1 -1 -1 -1 -1 -1 -1 -1 -1 -1 -1 -1 -1 -1 -1 -1 -1 -1 -1 -1 -1 -1 -1 -1 -1 -1 -1 -1 -1 -1 -1 -1 -1 -1 -1 -1 -1 -1 -1 -1 -1 -1 -1 -1 -1 -1 -1 -1 -1 -1 -1 -1 -1 -1 -1 -1 -1 -1 -1 -1 -1 -1 -1 -1 -1 -1 -1 -1 -1 -1 -1 -1 -1 -1 -61 -103 0 0 0 26 2 29 53 102 88 77 64 79 68 65 42 55 78 58 10 95 107 93 83 16 56 79 89 100 90 76 71 76 96 94 90 91 60 24 25 30 55 55 48 15 0 0 0 0 0 0 0 0 0 0 0 0 0 0 1 6 10 9 7 8 13 19 13 3 0 0 15 2 0 0 0 0 0 22 53 25 13 22 53 87 59 27 20 24 55 82 77 76 89 114 110 114 108 101 99 101 104 78 49 14 0 14 31 38 49 66 84 104 79 73 61 45 31 25 20 33 44 53 37 56 68 60 59 71 72 62 54 67 78 78 95 110 101 88 95 108 89 104 94 110 87 66 53 32 22 22 21 15 18 26 16 12 16 26 2 0 8 27 29 38 36 31 36 37 37 38 38 26 16 19 29 1 35 31 9 16 7 -121 -125 -128 -126 -72 -1 -1 -1 -1 -1 -26 -1 -1 -1 -1 -1 -1 -1 -1 -1 -1 -1 -1 -1 -1 -1 -1 -1 -1 -1 -1 -1 -1 -1 -1 -1 -1 -1 -1 -1 -1 -1 -1 -1 -1 -1 -1 -1 -1 -1 -1 -1 -1 -1 -1 -1 -1 -1 -1 -1 -1 -1 -1 -1 -1 -1 -1 -1 -1 -1 -1 -1 -1 -1 -1 -1 -1 -1 -1
-1 -1 -1 -1 -1 -1 -1 -1 -1 -1 -1 -1 -1 -1 -1 -1 -1 -1 -1 -1 -1 -1 -1 -1 -1 -1 -1 -128 -115 -1 -1 -1 -31 -89 -78 -46 -1 -1 -1 -1 -1 -1 -1 -1 -1 -1 -1 -1 -1 -1 -1 -1 -1 -1 -1 -1 -1 -1 -1 -9 -1 -1 -1 -1 -1 -25 -126 -22 -1 -1 -1 -1 -1 -1 -1 -1 -1 -1 -1 -1 -1 -1 -1 -1 -1 -1 -1 -1 -1 -1 -1 -1 -1 -1 -1 -1 -1 -1 -1 -1 -1 -1 -1 -1 -1 -1 -1 -1 -1 -79 -121 0 21 0 0 26 14 16 32 27 35 66 88 70 39 45 49 37 21 24 15 2 6 4 1 0 16 29 36 36 41 37 36 0 1 0 33 12 -110 -23 -1 -1 -1 -1 -1 -1 -1 -1 -1 -1 -1 -1 -1 -1 -1 -1 -1 -1 -1 -1 -1 -1 -1 -1 -1 -1 -1 -1 -1 -1 -1 -1 -1 -1 -1 -1 -1 -1 -1 -1 -1 -1 -1 -1 -1 -1 -1 -1 -1 -1 -1 -1 -1 -1 -1 -1 -1 -1 -1 -1 -1 -1 -1 -1 -1 -1 -1 -1 -1 -1 -1 -1 -1 -1 -1 -1 -1 -1 -1 -1 -1 -1 -1 -1 -1 -1 -1 -1 -1 -1 -1 -1 -1 -1 -1 -1 -1 -1 -53 -125 0 8 18 22 36 16 60 65 26 45 82 94 89 82 107 101 101 72 58 53 67 70 96 106 82 22 72 85 94 95 87 74 95 89 104 101 59 24 0 2 1 0 0 0 0 0 0 0 0 3 20 10 0 0 0 0 18 10 2 21 20 1 31 31 14 1 39 73 59 38 22 26 61 95 88 45 56 87 94 91 76 33 14 35 74 101 64 33 21 24 66 107 111 112 114 105 91 88 90 96 89 87 84 64 48 20 43 61 67 78 87 102 112 110 111 108 104 89 59 30 22 24 27 33 25 31 36 36 38 38 39 38 45 50 58 76 90 112 112 114 116 93 89 114 114 107 96 97 87 61 32 21 27 27 33 53 48 26 16 3 0 4 13 26 19 22 0 24 33 33 33 33 32 18 14 20 0 21 37 37 2 36 35 12 3 -102 -106 -41 -1 -1 -1 -1 -1 -1 -1 -1 -1 -1 -1 -1 -1 -1 -1 -1 -1 -1 -1 -1 -1 -1 -1 -1 -1 -1 -1 -1 -1 -1 -1 -1 -1 -1 -1 -1 -1 -1 -1 -1 -1 -1 -1 -1 -1 -1 -1 -1 -1 -1 -1 -1 -1 -1 -1 -1 -1 -1 -1 -1 -1 -1 -1 -1 -1 -1 -1 -1 -1 -1 -1 -1 -1 -1
-1 -1 -1 -1 -1 -1 -1 -1 -1 -1 -1 -1 -1 -1 -1 -1 -18 -1 -1 -1 -1 -1 -1 -1 -1 -1 -1 -106 -11 -1 -16 -128 0 -128 -25 -1 -1 -1 -1 -1 -1 -1 -1 -1 -1 -1 -1 -1 -1 -1 -1 -1 -1 -1 -1 -1 -1 -1 -1 -35 -1 -1 -1 -1 -1 -128 -128 -1 -1 -1 -1 -1 -1 -1 -1 -1 -1 -1 -1 -1 -1 -1 -1 -1 -1 -1 -1 -1 -1 -1 -1 -1 -1 -1 -1 -1 -1 -1 -1 -1 -1 -1 -1 -1 -1 -1 -1 -3 -117 -122 4 21 9 20 18 14 13 20 39 59 56 68 88 70 62 60 33 32 25 10 22 7 0 0 0 26 33 10 14 37 31 33 42 27 0 29 24 1 12 -98 -1 -1 -1 -1 -1 -1 -1 -1 -1 -42 -1 -1 -1 -1 -1 -1 -1 -1 -1 -1 -1 -1 -1 -1 -1 -1 -1 -1 -1 -1 -1 -1 -1 -1 -1 -1 -1 -1 -1 -1 -1 -1 -1 -1 -1 -1 -1 -1 -1 -1 -1 -1 -1 -1 -1 -1 -1 -1 -1 -1 -1 -1 -1 -1 -1 -1 -1 -1 -1 -1 -1 -1 -1 -1 -1 -1 -1 -1 -1 -1 -1 -1 -1 -1 -1 -1 -1 -1 -1 -1 -1 -1 -1 -1 -1 -1 -16 -65 -89 0 27 37 10 7 33 43 38 45 77 31 19 31 25 35 27 47 79 76 78 60 91 99 104 96 87 25 88 95 95 99 101 81 96 105 93 78 8 0 18 12 18 14 6 0 4 22 38 35 41 65 62 35 39 35 14 58 81 70 72 82 59 50 87 78 43 18 52 107 106 87 61 72 64 110 102 66 67 108 85 66 43 22 14 32 67 101 102 54 21 32 73 106 111 100 100 100 107 87 100 99 78 68 54 42 22 16 70 101 110 112 113 114 95 93 95 96 85 68 42 55 62 50 54 58 41 41 50 55 65 54 56 53 59 77 82 71 95 108 108 105 94 84 88 106 110 99 102 101 79 45 20 20 26 27 62 95 82 52 35 21 0 18 18 15 16 12 18 35 37 35 35 30 20 22 13 30 7 32 37 39 16 15 39 36 29 0 -128 -1 -1 -1 -1 -1 -1 -1 -1 -1 -1 -1 -1 -1 -1 -1 -1 -1 -1 -1 -1 -1 -1 -1 -1 -1 -1 -1 -1 -1 -1 -1 -1 -1 -1 -1 -1 -1 -1 -1 -1 -1 -1 -1 -1 -1 -1 -1 -1 -1 -1 -1 -1 -1 -1 -1 -1 -1 -1 -1 -1 -1 -1 -1 -1 -1 -1 -1 -1 -1 -1 -1 -1 -1 -1 -1
-1 -1 -1 -1 -1 -1 -1 -1 -1 -1 -1 -1 -1 -1 -1 -1 -117 -7 -1 -1 -1 -1 -1 -1 -1 -1 -1 -1 -1 -1 -55 0 35 0 -128 -1 -1 -1 -1 -1 -1 -1 -1 -1 -1 -1 -1 -1 -1 -1 -1 -1 -1 -1 -1 -1 -1 -1 -1 -1 -1 -1 -1 -1 -1 -44 -1 -1 -1 -1 -1 -1 -1 -1 -1 -1 -1 -1 -1 -1 -1 -1 -1 -1 -1 -1 -1 -1 -1 -1 -1 -1 -1 -1 -1 -1 -1 -1 -1 -1 -1 -1 -1 -1 -1 -1 -1 -128 0 2 12 6 2 21 18 21 24 30 48 78 81 91 97 79 85 65 52 31 15 10 8 0 0 18 15 14 10 0 7 29 18 26 38 1 24 37 33 20 32 0 -74 -1 -1 -1 -1 -1 -1 -1 -117 -128 -128 -44 -1 -1 -1 -1 -1 -1 -1 -1 -1 -1 -1 -1 -1 -1 -1 -1 -1 -1 -1 -1 -1 -1 -1 -1 -1 -1 -1 -1 -1 -1 -1 -1 -1 -1 -1 -1 -1 -1 -1 -1 -1 -1 -1 -1 -1 -1 -1 -1 -1 -1 -1 -1 -1 -1 -1 -1 -1 -1 -1 -1 -1 -1 -1 -1 -1 -1 -1 -1 -1 -1 -1 -1 -1 -1 -1 -1 -1 -1 -1 -1 -1 -1 -1 -1 -105 -128 -128 0 25 30 24 4 15 32 32 56 81 83 96 90 72 94 93 39 60 97 84 79 102 105 101 106 64 37 94 100 94 85 90 100 90 87 68 20 0 30 56 44 47 55 39 44 68 74 99 90 68 106 99 59 91 79 37 89 112 110 110 113 93 79 108 105 81 36 44 91 110 108 102 74 68 114 101 79 82 88 61 56 54 47 22 24 42 70 84 54 33 31 53 88 110 101 94 94 110 94 95 107 85 70 70 62 20 31 83 111 102 101 93 100 78 53 76 105 108 71 67 90 107 83 91 97 72 43 83 99 91 76 82 68 72 72 99 88 78 91 107 104 93 81 82 101 116 97 70 62 44 29 16 30 50 33 83 95 88 61 65 76 54 36 13 16 27 22 15 31 29 26 24 24 31 22 10 33 36 38 41 39 18 0 36 19 20 18 0 -128 -83 -1 -1 -1 -1 -1 -1 -1 -1 -1 -1 -1 -1 -1 -1 -1 -1 -1 -1 -1 -1 -1 -1 -1 -1 -1 -1 -1 -1 -1 -1 -1 -1 -1 -1 -1 -1 -1 -1 -1 -1 -1 -1 -1 -1 -1 -1 -1 -1 -1 -1 -1 -1 -1 -1 -1 -1 -1 -1 -1 -1 -1 -1 -1 -1 -1 -1 -1 -1 -1 -1 -1 -1 -1
-1 -1 -1 -1 -1 -1 -1 -1 -1 -1 -1 -1 -1 -1 -1 -1 -4 -1 -1 -1 -1 -1 -1 -1 -1 -1 -1 -1 -1 -1 -1 -126 3 9 0 -117 -12 -1 -1 -1 -1 -1 -1 -1 -1 -1 -1 -1 -1 -1 -1 -1 -1 -1 -1 -1 -1 -1 -1 -1 -1 -1 -1 -1 -1 -1 -1 -1 -1 -1 -1 -1 -1 -1 -1 -75 -94 -32 -58 -1 -1 -1 -1 -1 -1 -1 -1 -1 -1 -1 -1 -1 -1 -1 -1 -1 -1 -1 -1 -1 -1 -1 -3 -1 -1 -60 -120 0 3 0 12 10 0 16 19 20 20 37 62 78 83 95 104 96 73 77 59 36 27 8 0 2 30 36 29 15 16 13 0 0 6 0 22 0 32 25 32 25 0 -93 -119 -42 -1 -1 -1 -1 -1 -1 -2 -42 -1 -1 -1 -1 -1 -1 -1 -1 -1 -1 -1 -1 -1 -1 -1 -1 -1 -1 -1 -1 -1 -1 -1 -1 -1 -1 -1 -1 -1 -1 -1 -1 -1 -1 -1 -1 -1 -1 -1 -1 -1 -1 -1 -1 -1 -1 -1 -1 -1 -1 -1 -1 -1 -1 -1 -1 -1 -1 -1 -1 -1 -1 -1 -1 -1 -1 -1 -1 -1 -1 -1 -1 -1 -1 -1 -1 -1 -1 -1 -1 -1 -1 -1 -1 -1 -8 -128 -128 10 29 16 14 26 20 15 30 35 39 58 53 60 82 82 72 65 78 41 56 87 104 66 38 49 35 54 96 96 105 107 97 64 62 50 53 36 29 0 22 82 91 100 101 93 94 111 107 104 102 94 112 107 101 108 78 47 87 108 87 88 94 102 108 110 111 101 55 49 85 113 107 100 78 93 111 112 102 107 111 107 102 95 78 48 30 47 61 84 88 61 30 27 48 88 71 55 78 112 97 89 100 101 99 91 56 25 22 54 96 97 76 59 56 42 31 53 85 95 78 108 110 108 108 110 117 73 42 81 112 107 107 102 97 102 89 108 96 91 108 107 113 104 85 78 99 110 61 30 14 25 29 18 50 73 39 52 60 71 83 79 50 31 19 32 55 41 15 16 29 47 52 35 18 18 13 21 32 26 20 29 33 3 13 37 31 30 24 0 -128 -36 -1 -1 -1 -1 -1 -1 -1 -1 -1 -1 -1 -1 -1 -1 -1 -1 -1 -1 -1 -1 -1 -1 -1 -1 -1 -1 -1 -1 -1 -1 -1 -1 -1 -1 -1 -1 -1 -1 -1 -1 -1 -1 -1 -1 -1 -1 -1 -1 -1 -1 -1 -1 -1 -1 -1 -1 -1 -1 -1 -1 -1 -1 -1 -1 -1 -1 -1 -1 -1 -1 -1 -1 -1
-1 -1 -1 97 -1 -18 -1 -1 -1 -1 -1 -1 -1 -1 -1 -1 -1 -1 -1 -1 -1 -1 -1 -1 -1 -1 -1 -1 -1 -1 -1 -30 -89 -110 -128 -128 -44 -1 -1 -1 -1 -1 -1 -1 -1 -1 -1 -1 -1 -1 -1 -1 -1 -1 -1 -1 -1 -1 -1 -1 -1 -1 -1 -1 -1 -1 -1 -1 -1 -1 -1 -1 -1 -3 -3 -65 -128 -79 -1 -1 -1 -1 -1 -1 -1 -1 -1 -1 -1 -1 -1 -1 -1 -1 -1 -1 -1 -1 -1 -1 -1 -1 -27 -21 -64 -128 3 4 18 14 13 30 35 42 32 21 26 35 31 65 85 81 81 85 84 60 53 25 21 15 0 10 36 65 48 27 42 47 12 0 2 22 26 0 20 4 0 9 19 0 -122 -8 -1 -1 -1 -1 -1 -1 -1 -39 -1 -1 -1 -1 -1 -1 -1 -1 -1 -1 -1 -1 -1 -1 -1 -1 -1 -1 -1 -1 -1 -1 -1 -1 -1 -1 -1 -1 -1 -1 -1 -1 -1 -1 -1 -1 -1 -1 -1 -1 -1 -1 -1 -1 -1 -1 -1 -1 -1 -1 -1 -1 -1 -1 -1 -1 -1 -1 -1 -1 -1 -1 -1 -1 -1 -1 -1 -1 -1 -1 -1 -1 -1 -1 -1 -1 -1 -1 -1 -1 -1 84 -2 -94 -84 -115 -98 22 32 36 31 35 32 15 25 31 37 30 50 41 66 73 83 64 54 61 85 12 33 18 84 96 93 101 84 89 65 70 62 47 45 55 55 55 70 54 0 14 70 110 110 104 114 112 117 95 90 91 110 108 94 102 113 95 56 81 108 105 89 88 91 97 88 90 90 66 76 102 114 104 104 106 113 104 96 100 91 88 102 104 105 90 41 65 82 79 83 79 79 45 32 29 47 43 53 84 97 96 105 85 66 88 84 18 22 61 78 81 106 100 82 47 37 58 83 101 102 112 99 77 78 85 87 93 56 55 67 95 102 102 110 114 101 113 111 114 113 106 97 87 94 83 67 100 74 39 19 32 71 83 36 56 81 62 58 54 55 67 61 59 42 33 39 33 15 16 18 36 58 48 31 16 10 9 8 16 13 29 36 37 12 37 38 35 24 0 -119 -46 -1 -1 -1 -1 -1 -42 -2 -1 -1 -1 -1 -1 -1 -1 -1 -1 -1 -1 -1 -1 -1 -1 -1 -1 -1 -1 -1 -1 -1 -1 -1 -1 -1 -1 -1 -1 -1 -1 -1 -1 -1 -1 -1 -1 -1 -1 -1 -1 -1 -1 -1 -1 -1 -1 -1 -1 -1 -1 -1 -1 -1 -1 -1 -1 -1 -1 -1 -1 -1 -1 -1 -1 -1 -1
-1 -1 -1 -1 -106 -128 -46 -1 -1 -1 -1 -1 -1 -1 -1 -1 -1 -1 -1 -1 -1 -1 -1 -1 -1 -1 -1 -1 -1 -1 -1 -1 -1 -1 -1 -44 -128 -1 -1 -1 -1 -1 -1 -1 -1 -1 -1 -1 -1 -1 -1 -1 -1 -1 -1 -1 -1 -1 -1 -1 -1 -1 -1 -1 -1 -1 -1 -1 -1 -1 -1 -1 -1 -34 -115 -128 -128 -1 -1 -1 -1 -1 -1 -1 -1 -1 -1 -1 -1 -1 -1 -1 -1 -1 -1 -1 -1 -1 -1 -1 -1 -111 -124 -116 -103 3 15 20 27 10 16 30 52 43 27 33 60 74 81 82 84 81 74 72 81 66 42 31 29 20 0 16 41 64 53 35 37 47 16 12 13 14 7 8 0 0 14 20 0 21 0 -60 -1 -1 -1 -1 -1 -1 -1 -7 -1 -1 -1 -1 -1 -1 -1 -1 -1 -1 -1 -1 -1 -1 -1 -1 -1 -1 -1 -1 -1 -1 -1 -1 -1 -1 -1 -1 -1 -1 -1 -1 -1 -1 -1 -1 -1 -1 -1 -1 -1 -1 -1 -1 -1 -1 -1 -16 -1 -75 -16 -1 -1 -1 -1 -1 -1 -1 -1 -1 -1 -1 -1 -1 -1 -1 -1 -1 -1 -1 -1 -1 -1 -1 -1 -1 -1 -1 -1 -1 -1 8 -68 -122 -81 -97 0 0 35 37 37 38 20 14 25 26 35 27 33 32 48 47 52 41 47 81 111 73 39 96 87 81 81 78 70 60 61 61 68 76 87 88 95 102 96 55 7 2 47 99 104 99 102 99 99 82 77 87 104 100 82 97 105 99 68 70 111 99 87 77 81 79 78 101 111 73 89 113 106 89 101 107 91 84 66 70 74 85 93 94 90 79 53 58 93 94 97 99 79 67 35 49 61 66 68 68 78 94 116 99 65 47 39 18 16 45 88 104 105 70 48 39 50 68 76 89 104 87 66 60 83 83 101 82 50 84 100 87 113 87 93 100 90 101 87 82 101 111 99 77 66 50 39 44 30 24 16 62 111 87 37 62 76 58 38 44 58 77 66 71 71 65 62 39 20 20 22 32 24 16 9 4 26 27 36 36 36 37 37 36 37 33 30 35 7 0 -128 -73 -1 -1 96 -1 -75 0 -111 -50 -1 -1 -1 -1 -1 -1 -1 -1 -1 -1 -1 -1 -1 -1 -1 -1 -1 -1 -1 -1 -1 -1 -1 -1 -1 -1 -1 -1 -1 -1 -1 -1 -1 -1 -1 -1 -1 -1 -1 -1 -1 -1 -1 -1 -1 -1 -1 -1 -1 -1 -1 -1 -1 -1 -1 -1 -1 -1 -1 -1 -1 -1 -1 -1 -1 -1
-1 -1 -1 -1 -128 -94 -128 -1 -1 -1 -1 -1 -1 -1 -1 -1 -1 -72 -14 -1 -1 -1 -1 -1 -1 -1 -1 -1 -1 -1 -1 -1 -1 -1 -1 -55 -125 -26 -1 -1 -1 -1 -1 -1 -1 -1 -1 -1 -1 -1 -1 -1 -1 -1 -1 -1 -1 -1 -1 -1 -1 -1 -1 -1 -1 -1 -1 -1 -1 -1 -1 -1 -1 -89 -89 -96 -12 -1 -1 -1 -1 -1 -1 -1 -1 -1 -1 -1 -1 -1 -1 -1 -1 -1 -1 -1 -1 -1 -1 -2 -128 0 0 26 0 12 9 29 25 21 36 31 41 38 36 53 67 87 101 95 94 84 84 79 65 67 64 53 41 25 0 21 26 39 59 49 47 59 36 30 18 7 0 25 0 0 14 22 29 26 19 -111 -2 -1 -1 -1 -1 -1 -1 -1 -1 -1 -1 -1 -1 -1 -1 -1 -1 -1 -1 -1 -1 -1 -1 -1 -1 -1 -1 -1 -1 -1 -1 -1 -1 -1 -1 -1 -1 -1 -1 -1 -1 -1 -1 -1 -1 -1 -1 -1 -1 -1 -1 -1 -1 -1 -41 -128 -128 -117 -70 -1 -1 -1 -1 -1 -1 -1 -1 -1 -1 -1 -1 -1 -1 -1 -1 -1 -1 -1 -1 -1 -1 -1 -1 -1 -1 -1 -1 -1 49 -55 -94 -128 -128 35 33 27 38 39 37 33 13 8 12 18 35 26 21 27 29 33 39 52 66 90 110 101 10 85 85 72 65 70 76 82 87 99 100 112 111 116 118 108 77 55 33 0 32 70 106 94 100 99 94 81 81 84 90 90 83 95 95 101 65 67 106 95 74 66 65 58 78 94 110 91 105 104 87 65 91 95 70 59 49 58 60 58 73 107 110 93 61 39 68 85 89 90 88 79 45 30 47 79 102 100 101 108 106 84 52 31 31 26 21 54 64 88 112 93 59 37 36 39 55 79 93 59 54 73 97 90 74 67 71 108 107 108 111 96 66 61 77 84 87 83 78 94 106 87 62 39 38 44 48 24 41 68 94 65 45 48 49 52 47 52 54 67 44 38 35 41 35 35 21 30 18 16 8 18 9 4 10 9 21 36 37 37 37 37 42 18 0 39 36 32 0 -124 -1 -1 -1 -1 -103 0 32 -103 -27 -1 -1 -1 -1 -1 -1 -1 -1 -1 -1 -1 -1 -1 -1 -1 -1 -1 -1 -1 -1 -1 -1 -1 -1 -1 -1 -1 -1 -1 -1 -1 -1 -1 -1 -1 -1 -1 -1 -1 -1 -1 -1 -1 -1 -1 -1 -1 -1 -1 -1 -1 -1 -1 -1 -1 -1 -1 -1 -1 -1 -1 -1 -1 -1 -1
-1 -1 -1 -1 -8 -128 -128 -18 -1 -1 -1 -1 -1 -1 -1 -1 -1 -110 -121 -1 -1 -1 -1 -1 -1 -1 -1 -1 -1 -1 -1 -1 -1 -1 -1 -1 -28 -1 -1 -1 -1 -1 -1 -1 -1 -1 -1 -1 -1 -1 -1 -1 -4 -1 -1 96 -1 -1 -1 -1 -1 -1 -1 -1 -1 -1 -1 -1 -1 -1 -1 -1 -103 0 0 -75 -1 -1 -1 -1 -1 -1 -1 -1 -1 -1 -1 -1 -1 -1 -1 -1 -1 -1 -1 -1 -1 -1 -128 -126 4 19 13 15 9 19 20 26 18 21 55 42 24 32 48 56 74 88 96 91 84 78 66 65 55 56 44 45 45 20 0 33 33 30 48 72 74 77 73 47 13 24 1 0 0 0 0 4 26 33 21 3 -117 -1 -1 -1 -1 -1 -1 -1 -1 -1 -1 -1 -1 -1 -1 -1 -1 -1 -1 -1 -1 -1 -1 -1 -1 -1 -1 -1 -1 -1 -1 -1 -1 -1 -1 -1 -1 -1 -1 -1 -1 -1 -1 -1 -1 -1 -1 -1 -1 -1 -1 -1 -1 -1 -111 0 1 0 -60 -1 -1 -1 -1 -1 -1 -1 -1 -1 -1 -1 -1 -1 -1 -1 -1 -1 -1 -1 -1 -1 -1 -1 -1 -1 -1 -1 -1 -1 24 -1 -73 -86 0 21 38 37 38 37 37 31 9 0 9 20 22 16 20 32 39 50 53 62 77 79 78 37 83 85 82 83 83 90 106 108 113 111 107 105 102 100 102 97 76 59 56 3 20 60 97 87 88 82 88 99 105 83 79 74 70 78 87 89 58 97 107 89 62 59 53 64 66 70 88 94 100 100 67 50 77 67 48 50 61 66 83 81 78 85 84 56 47 49 59 68 76 88 82 68 39 43 27 45 95 114 111 97 87 65 50 52 49 25 60 95 106 99 101 100 81 81 52 39 42 59 62 64 87 88 90 84 97 96 101 108 104 96 111 89 65 74 66 94 101 106 97 83 94 95 79 72 68 43 38 36 70 91 87 59 42 41 47 58 71 73 61 61 54 35 25 20 18 20 19 24 24 20 14 12 24 20 22 10 15 33 29 36 37 38 38 36 33 32 2 0 0 -101 -75 -89 -56 -1 -20 -128 21 31 -97 -1 -1 -1 -1 -1 -1 -1 -1 -1 -1 -1 -1 -1 -1 -1 -1 -1 -1 -1 -1 -1 -1 -1 -1 -1 -1 -1 -1 -1 -1 -1 -1 -1 -1 -1 -1 -1 -1 -1 -1 -1 -1 -1 -1 -1 -1 -1 -1 -1 -1 -1 -1 -1 -1 -1 -1 -1 -1 -1 -1 -1 -1 -1 -1 -1
-1 -1 -103 -20 -1 -96 -101 -1 -1 -1 -1 -1 -1 -1 -1 -1 -1 -128 -105 -1 -1 -1 -1 -1 -1 -1 -1 -1 -1 -1 -1 -1 -1 -1 -1 -30 -65 -1 -1 -1 -1 -1 -1 -1 -1 -1 -1 -1 -1 -1 -1 -1 -128 -36 94 -1 -1 -32 -22 -128 -124 -82 -1 -1 -1 -1 -1 -1 -54 -128 -46 -78 0 14 0 -54 -1 -1 -1 -1 -1 -1 -1 -1 -1 -1 -1 -1 -1 -1 -1 -1 -1 -1 -1 -1 -1 -1 -11 -128 25 7 13 19 30 37 26 21 25 20 42 33 27 30 37 66 84 91 87 91 106 89 72 60 42 2 2 0 1 0 0 45 65 59 53 60 65 84 102 83 70 39 21 0 0 0 13 0 10 31 13 25 -128 -12 -1 -1 -1 -1 -1 -1 -1 -1 -1 -1 -1 -1 -1 -1 -1 -1 -1 -1 -1 -1 -1 -1 -1 -1 -1 -1 -1 -1 -1 -1 -1 -1 -1 -1 -1 -1 -1 -1 -1 -1 -1 -1 -1 -1 -1 -1 -117 -128 -96 -49 -68 -26 -30 -128 -100 -128 -36 -1 -1 -1 -8 -9 -1 -1 -1 -1 -1 -1 -1 -1 -1 -1 -1 -1 -1 -1 -1 -1 -1 -1 -1 -1 -1 -1 -1 -1 -22 -128 -50 -128 0 30 35 37 36 36 35 22 29 22 27 27 19 16 31 30 35 35 45 59 68 81 67 45 102 104 107 106 114 116 114 106 104 100 91 97 108 100 97 87 82 65 52 36 1 70 89 65 58 68 82 102 112 82 71 73 67 77 94 77 67 105 84 84 89 67 52 35 42 67 97 110 105 113 90 54 39 42 62 64 79 82 102 107 85 76 55 56 70 68 77 84 82 90 96 87 72 53 32 49 83 112 102 99 108 105 85 39 37 44 99 105 89 107 112 113 110 93 52 43 39 65 49 64 83 101 87 105 110 113 104 112 100 85 77 70 70 89 100 107 111 101 104 101 101 106 100 79 38 26 29 41 77 84 79 54 49 54 48 55 70 53 44 29 33 18 12 15 18 21 31 31 15 22 29 15 10 12 30 33 36 35 37 37 37 37 25 25 37 36 35 35 31 20 -97 -128 -100 -126 -128 -128 0 0 0 -51 -1 -1 -1 -1 -1 -1 -1 -1 -1 -1 -1 -1 -1 -1 -1 -1 -1 -1 -1 -1 -1 -1 -1 -1 -1 -1 -1 -1 -1 -1 -1 -1 -1 -1 -1 -1 -1 -1 -1 -1 -1 -1 -1 -1 -1 -1 -1 -1 -1 -1 -1 -1 -1 -1 -1 -1 -1 -1 -1 -1 -1 -1 -1 -1
-1 -1 -1 -1 -1 -1 -1 -1 -1 -1 -1 -1 -1 -1 -1 -1 -1 -25 -21 -1 -1 -128 -18 -1 -1 -1 -1 -1 -1 -1 -1 -1 -1 -1 -1 -25 -128 -1 -1 -1 -1 -1 -1 -1 -1 -1 -1 -1 -1 -77 -47 -128 -128 -92 -1 -61 -121 -115 -124 0 -128 -14 -1 -1 -1 -1 -1 -1 -102 0 0 0 27 22 18 -128 -1 -1 -1 -1 -1 -1 -1 -1 -1 -1 -1 -1 -1 -1 -1 -1 -1 -1 -1 -1 -1 -1 -1 -74 1 14 19 10 15 21 26 13 33 47 37 18 22 31 35 45 62 78 82 96 113 114 96 77 43 0 26 13 0 4 0 59 65 58 50 56 62 84 105 97 79 43 3 7 13 0 0 13 10 14 15 25 0 -74 -1 -1 -1 -1 -1 -1 -1 -1 -1 -1 -1 -1 -1 -1 -1 -1 -1 -1 -1 -1 -1 -1 -1 -1 -1 -1 -1 -1 -1 -1 -1 -1 -1 -1 -1 -1 -1 -1 -1 -78 -1 -1 -1 -1 -1 -9 -128 0 -111 -122 -101 -128 -22 -1 -114 -28 -1 -1 -1 -6 -128 -124 -98 -128 -72 -1 -1 -14 -1 -1 -1 -1 -1 -1 -1 -1 -1 -1 -1 -1 -1 -1 -1 -1 -1 -1 -89 -128 -128 0 19 27 30 32 31 13 9 29 30 20 12 22 22 19 18 25 39 54 77 87 99 108 67 100 111 118 113 112 106 107 100 106 90 107 82 78 90 84 84 88 100 82 77 1 8 45 47 53 66 73 84 102 110 93 96 94 83 108 102 84 77 84 87 100 116 94 47 42 42 76 104 94 101 95 84 54 31 55 85 94 106 106 96 83 62 56 72 77 81 65 76 93 100 107 112 106 64 36 52 90 111 102 84 74 87 99 85 37 83 76 94 110 72 81 84 97 89 73 42 35 44 62 82 89 96 101 107 111 91 100 85 85 66 76 72 65 76 60 79 97 95 99 82 77 94 111 95 52 24 25 53 42 55 71 59 44 48 65 76 82 58 33 20 15 13 13 15 18 22 20 21 19 20 25 13 18 22 21 31 36 38 38 37 38 33 16 13 15 21 24 35 37 35 15 4 -120 -79 -103 -124 0 19 24 0 -86 -1 -1 -1 -1 -1 -1 -1 -1 -1 -1 -1 -1 -1 -1 -1 -1 -1 -1 -1 -1 -1 -1 -1 -1 -1 -1 -1 -1 -1 -1 -1 -1 -1 -1 -1 -1 -1 -1 -1 -1 -1 -1 -1 -1 -1 -1 -1 -1 -1 -1 -1 -1 -1 -1 -1 -1 -1 -1 -1 -1 -1 -1 -1 -1
-1 -1 -1 -1 -1 -1 -1 -1 -1 -1 -1 -1 -1 -1 -1 -1 -1 -1 -1 -1 -1 -82 -1 -1 -1 -1 -1 -1 -1 -1 -1 -1 -1 -1 -1 -2 -55 -1 -1 -1 -1 -1 -1 -1 -1 -1 -1 -1 -1 -117 0 0 -107 -59 -1 -97 0 15 12 -121 -74 -3 -1 -1 -1 -1 -1 -1 -108 13 26 25 12 21 10 -122 -28 -1 -1 -1 -1 -1 -1 -1 -1 -1 -1 -1 -1 -1 -1 -1 -1 -1 -1 -1 -1 -1 -1 -119 25 35 24 12 6 3 13 0 26 38 27 22 21 30 32 39 53 64 72 84 112 117 105 78 9 45 73 56 53 36 0 39 41 42 55 77 79 85 96 87 68 26 18 0 0 0 8 44 38 21 14 26 6 -108 -1 -1 -1 -1 -1 -1 -1 -1 -1 -1 -1 -1 -1 -1 -1 -1 -1 -1 -1 -1 -1 -1 -1 -1 -1 -1 -1 -1 -1 -1 -1 -1 -1 -1 -1 -1 -1 -21 -39 -128 -32 -101 -16 -1 -53 -120 10 16 0 -124 -86 -105 -125 -1 -1 -1 -1 -60 -89 -128 0 15 1 0 -117 -122 -122 -120 -122 -87 -18 -70 -1 -1 -1 -1 -1 -1 -1 -1 -1 -1 -1 -1 -1 -41 -128 -128 -106 18 36 24 39 38 33 2 0 10 20 10 15 29 32 35 41 52 76 94 112 114 107 99 39 33 87 93 97 94 102 102 105 100 77 99 83 68 76 79 85 85 99 105 65 0 56 59 71 81 83 94 95 113 102 107 112 104 90 90 101 95 97 95 99 113 95 100 68 38 39 74 96 68 93 97 62 45 33 53 91 113 107 102 108 106 71 82 85 88 87 72 88 110 113 114 112 114 68 54 89 93 106 89 79 58 77 105 95 44 102 104 111 99 71 62 62 67 59 49 56 60 54 65 83 100 113 113 91 105 104 81 66 74 82 94 97 79 95 94 81 77 90 113 95 70 71 94 110 85 35 32 62 52 54 52 59 64 59 58 72 65 35 32 32 38 35 32 31 31 26 38 43 47 59 49 35 18 35 32 31 26 27 20 20 26 31 22 16 27 20 14 29 37 36 29 0 0 37 33 29 36 41 39 31 -111 -3 -1 -1 -1 -1 -1 -1 -1 -1 -1 -1 -1 -1 -1 -1 -1 -1 -1 -1 -1 -1 -1 -1 -1 -1 -1 -1 -1 -1 -1 -1 -1 -1 -1 -1 -1 -1 -1 -1 -1 -1 -1 -1 -1 -1 -1 -1 -1 -1 -1 -1 -1 -1 -1 -1 -1 -1 -1 -1 -1 -1 -1 -1 -1
-1 -1 -1 -1 -1 -1 -1 -1 -1 -1 -1 -1 -1 -1 -1 -1 -1 -1 -1 -1 -1 -1 -1 -1 -1 -1 -1 -1 -1 -1 -1 -1 -1 -1 -1 -21 -103 -1 -1 -1 -1 -1 -1 -1 -1 -1 -1 -1 -128 0 8 -126 -42 -1 -1 -87 0 21 0 -102 -1 -1 95 -1 -1 -1 -50 -128 0 24 25 18 31 0 -108 -128 -12 -1 -1 -1 -1 -1 -1 -1 -13 -36 -1 -1 -1 -1 -1 -1 -1 -1 -1 -1 -1 -3 -13 -120 15 39 38 36 31 0 0 0 0 29 19 12 24 36 31 42 50 67 72 85 105 105 90 62 27 77 95 82 66 0 45 64 62 64 66 67 68 76 70 70 50 32 25 14 8 0 8 39 59 48 18 9 0 -115 -1 -1 -1 -1 -1 -1 -1 -1 -1 -1 -1 -1 -1 -1 -1 -1 -1 -1 -1 -1 -1 -1 -1 -1 -1 -1 -1 -1 -1 -1 -1 -1 -1 -1 -59 -103 -59 -128 -116 0 -116 -128 -102 0 0 31 35 0 -114 -107 -128 -94 0 -105 -79 -93 -106 0 0 20 24 32 18 12 22 33 31 31 29 -116 -121 -94 -117 -37 -1 -1 -1 -1 -1 -1 -1 -1 -1 -2 -83 0 27 8 29 36 37 37 29 0 8 0 3 12 12 19 37 49 58 71 88 100 112 108 100 91 79 73 72 37 82 100 90 90 87 107 101 87 60 85 79 61 84 94 99 89 97 77 53 6 76 79 93 111 110 114 114 111 106 106 106 95 91 100 111 112 114 105 111 105 90 66 49 44 33 68 71 62 73 83 67 42 29 68 96 78 81 78 68 87 71 91 110 107 95 97 111 116 90 81 90 99 76 83 97 111 84 64 45 58 82 66 89 44 85 104 87 61 64 87 74 64 91 89 82 99 62 52 61 60 72 74 67 72 68 61 77 93 104 112 101 99 96 111 79 58 79 90 101 70 60 89 102 88 59 35 64 55 41 47 66 71 71 94 96 85 76 58 45 66 68 56 50 39 54 78 90 96 99 90 66 32 53 81 55 33 14 20 20 25 36 36 19 27 32 14 20 38 36 26 12 2 31 39 39 37 37 36 37 0 -75 -1 -1 -1 -1 -1 -1 -1 -1 -1 -1 -1 -1 -1 -1 -1 -1 -1 -1 -1 -1 -1 -1 -1 -1 -1 -1 -1 -1 -1 -1 -1 -1 -1 -1 -1 -1 -1 -1 -1 -1 -1 -1 -1 -1 -1 -1 -1 -1 -1 -1 -1 -1 -1 -1 -1 -1 -1 -1 -1 -1 -1 -1 -1
-1 -1 -1 -1 -1 -1 -1 -1 -1 -1 -1 -1 -1 -1 -1 -1 -1 -1 -1 -1 -35 -26 -1 -1 -1 -1 -1 -1 -1 -1 -1 -1 -1 -1 -1 -1 -1 -1 -1 -1 -1 -1 -1 -1 -1 -1 -1 -21 -83 -94 -121 -107 -1 -1 -1 -1 -107 14 -128 -1 -1 -1 -1 -1 -1 -44 -128 0 26 31 14 26 16 -128 -1 -1 -1 -1 -61 -39 -1 -1 -3 -96 -128 -68 -1 -1 -1 -1 -1 -1 -1 -1 97 -1 -4 -79 -128 -121 37 37 38 39 37 20 8 7 9 16 12 18 27 36 36 47 58 59 25 76 97 89 76 64 70 90 101 110 87 24 36 70 89 100 94 84 73 70 54 43 41 30 19 16 13 12 10 16 37 41 14 9 0 -122 -98 -2 -1 -1 -1 -1 -1 -1 -1 -1 -1 -1 -1 -1 -1 -1 -1 -1 -1 -1 -1 -1 -1 -1 -1 -1 -1 -1 -1 -1 -1 -1 -1 -97 0 -105 -1 -94 -128 -102 0 -125 31 32 37 44 44 25 36 35 0 7 35 30 10 13 18 24 25 16 27 32 21 36 37 39 39 35 12 0 30 35 24 -128 -115 -72 -30 -1 -1 -1 -1 -39 -30 -122 -122 18 38 36 32 37 30 12 13 0 3 30 38 43 44 55 79 93 107 112 112 107 100 88 77 73 65 85 102 73 47 62 53 64 91 88 88 71 48 61 71 54 96 108 77 76 88 62 7 22 90 108 117 112 110 116 110 110 105 107 105 110 116 105 93 91 99 91 104 94 100 85 55 53 41 41 36 43 36 37 39 26 54 77 77 54 41 48 79 93 84 106 105 79 111 111 108 97 70 58 71 101 104 70 100 112 84 65 44 38 53 62 90 45 95 84 50 39 71 97 91 84 106 87 84 105 88 93 89 77 88 96 96 105 105 89 59 83 104 102 102 107 108 97 105 91 106 88 107 93 66 60 73 68 43 27 29 35 45 59 72 82 91 116 111 107 114 87 76 96 101 91 83 53 62 91 113 117 117 113 89 64 89 96 70 49 30 43 38 32 26 27 26 42 30 19 12 33 31 20 0 31 39 37 38 37 38 41 37 33 -122 -22 -1 -1 -1 -1 -1 -1 -1 -1 -1 -1 -1 -1 -1 -1 -1 -1 -1 -1 -1 -1 -1 -1 -1 -1 -1 -1 -1 -1 -1 -1 -1 -1 -1 -1 -1 -1 -1 -1 -1 -1 -1 -1 -1 -1 -1 -1 -1 -1 -1 -1 -1 -1 -1 -1 -1 -1 -1 -1 -1 -1 -1 -1
-1 -1 -1 -1 -1 -1 -1 -1 -1 -1 -1 -1 -1 -1 -1 -1 -1 -1 -1 -1 -128 -124 -1 -1 -1 -1 -1 -1 -1 -1 -1 -1 -1 -1 -1 -1 -1 -1 -1 -1 -1 -1 -1 -1 -1 -1 -1 -87 -125 -128 -63 -1 -1 -1 -1 -89 -101 -115 -83 -1 -53 -13 -1 -47 -84 -128 14 21 48 45 30 21 27 -128 -128 -46 -1 -4 -119 -111 -125 -51 -54 -128 -98 -56 97 -1 -1 -1 -1 -1 -1 -1 -1 -36 -82 -40 -100 -94 33 37 38 37 37 37 30 12 18 24 20 31 43 55 67 82 95 77 60 96 108 89 79 70 88 101 118 106 107 89 100 79 89 112 111 100 87 84 71 54 44 26 16 31 16 15 15 12 30 32 16 29 35 6 -101 -64 -1 -1 -1 -1 -1 -1 -1 -1 -1 -1 -1 -1 -1 -1 -1 -1 -1 -1 -1 -1 -1 -1 -1 -1 -1 -1 -1 -1 -1 -1 -1 -83 16 0 -83 -128 -103 -103 14 0 32 39 41 35 36 38 38 27 32 25 24 24 29 14 26 32 26 36 32 27 20 25 29 32 35 0 18 37 37 39 36 29 13 0 -117 -128 -77 -114 -128 -81 -128 0 35 33 33 14 12 15 16 25 20 29 37 64 70 82 88 107 113 116 110 95 87 78 76 66 66 90 101 105 100 33 72 53 60 44 66 58 56 35 45 49 48 55 97 52 0 0 0 0 0 79 116 111 105 101 104 113 105 108 90 107 102 110 91 87 72 71 68 82 88 60 71 42 43 26 32 32 32 37 33 41 58 31 60 50 42 32 39 68 102 101 110 112 82 85 105 90 88 53 43 45 66 96 90 77 93 99 99 71 49 49 83 85 81 43 100 97 93 90 88 77 88 94 81 84 91 76 66 74 87 85 84 93 112 104 85 71 65 77 102 99 105 85 94 83 96 93 101 94 89 77 59 35 36 35 32 29 41 37 60 76 89 99 108 107 108 105 112 104 112 116 111 96 85 58 78 95 112 113 99 100 111 110 114 108 85 59 65 37 21 21 9 20 30 39 29 2 16 25 30 18 7 36 38 35 37 37 37 36 38 36 0 -128 -1 -1 -1 -1 -1 -1 -1 -1 -1 -1 -1 -1 -1 -1 -1 -1 -1 -1 -1 -1 -1 -1 -1 -1 -1 -1 -1 -1 -1 -1 -1 -1 -1 -1 -1 -1 -1 -1 -1 -1 -1 -1 -1 -1 -1 -1 -1 -1 -1 -1 -1 -1 -1 -1 -1 -1 -1 -1 -1 -1 -1 -1
-105 -26 -1 -1 -1 -1 -1 -1 -1 -1 -1 -1 -1 -1 -1 -1 -1 -1 -1 -1 -21 -128 -68 -1 -1 -1 -1 -1 -1 -1 -1 -1 -1 -1 -1 -1 -1 -1 -1 -1 -1 -50 -50 -128 -40 -1 -1 -82 -75 -1 -1 -1 -1 -1 -1 -82 -110 -45 -1 -1 -42 -1 -1 -46 -115 9 15 31 26 25 33 15 31 6 0 -103 -17 -112 0 20 0 -82 -11 -116 -101 -91 -1 -1 -1 -1 -1 -1 -1 -1 -1 -1 -1 -1 -1 -103 36 35 38 22 25 16 10 16 4 30 37 54 71 93 102 111 106 101 99 110 113 111 101 93 82 102 114 108 96 107 108 95 89 112 112 113 108 104 94 87 67 43 31 43 53 37 24 31 36 31 13 25 36 16 0 -103 -1 -1 -1 -1 -1 -1 -1 -1 -1 -1 -1 -1 -1 -1 -1 -1 -1 -1 -1 -1 -1 -1 -1 -1 -1 -1 -1 -1 -1 -1 -1 -47 -107 0 -122 -96 0 21 10 14 4 37 36 38 30 24 21 21 25 25 25 14 32 32 24 21 16 21 25 25 32 22 0 0 0 24 35 37 37 37 37 38 38 37 31 29 0 12 10 35 30 35 25 21 9 15 35 45 50 67 65 77 81 96 96 108 112 102 99 112 93 96 97 82 97 95 99 93 88 90 70 38 0 33 76 72 56 45 44 52 66 74 61 53 67 0 44 59 27 13 74 110 95 79 77 101 94 106 94 102 82 99 106 93 77 74 56 38 45 47 47 43 42 47 29 27 24 20 30 38 37 53 91 56 52 52 65 31 59 91 100 114 95 108 87 62 66 53 60 60 52 45 56 61 78 76 87 102 82 82 60 65 83 96 81 48 54 61 60 61 54 67 72 65 67 77 76 77 100 96 72 89 110 102 111 89 61 67 84 83 96 83 100 104 101 83 76 74 56 52 48 42 36 39 38 36 47 43 41 55 91 110 108 113 112 93 91 83 95 105 96 102 106 104 90 83 90 116 106 102 96 93 107 108 95 93 104 106 96 71 36 21 29 27 27 26 29 20 16 14 14 14 8 36 38 38 39 38 37 36 37 36 10 -117 -42 -1 -1 -1 -1 -1 -1 -1 -1 -1 -1 -1 -1 -1 -1 -1 -1 -1 -1 -1 -1 -1 -1 -1 -1 -1 -1 -1 -1 -1 -1 -1 -1 -1 -1 -1 -1 -1 -1 -1 -1 -1 -1 -1 -1 -1 -1 -1 -1 -1 -1 -1 -1 -1 -1 -1 -1 -1 -1 -1 -1 -1
9 -116 -20 94 -1 -1 -1 -1 -1 -1 -1 -1 -1 -1 -1 -1 -1 -1 -1 -1 -75 -128 -1 -1 -1 -1 -1 -1 -1 -1 -1 -1 -1 -1 -1 -1 -1 -1 -1 -1 -1 -27 -128 -126 -124 -86 -1 -27 -1 -1 -1 -1 -1 -1 -1 -1 -101 -1 -1 -1 -1 -1 -1 -1 -14 -108 18 19 16 24 9 15 26 20 8 -128 -93 7 19 27 0 -37 -1 -1 -1 -1 -1 -1 -1 -1 -1 -1 -1 -1 -1 -1 -1 -1 -3 0 39 32 22 2 0 2 9 10 21 44 59 87 102 116 112 101 100 111 118 117 97 84 101 107 94 108 110 108 95 94 105 108 100 106 105 105 113 116 112 102 91 71 27 58 73 62 41 43 41 3 0 31 35 19 25 0 -106 -1 -1 -1 -1 -1 -1 -1 -1 -1 -1 -1 -1 -1 -1 -1 -1 -1 -1 -1 -1 -1 -1 -1 -1 -1 -1 -1 -1 -1 -1 -94 -128 0 -114 0 0 32 4 30 2 29 31 16 9 19 19 31 39 33 15 27 24 26 21 26 26 18 18 21 20 16 0 35 35 38 37 29 37 27 36 36 36 24 25 16 20 25 24 32 31 32 26 41 56 66 82 95 99 110 111 114 116 110 102 100 83 70 85 83 27 35 91 100 77 70 74 62 48 55 47 48 55 22 83 104 105 79 64 72 74 93 54 47 30 0 60 95 66 47 96 88 70 49 54 53 70 73 62 70 73 91 93 83 87 70 78 52 48 38 52 67 47 45 32 0 7 0 0 14 33 58 88 104 94 108 54 36 68 83 105 89 84 67 70 37 66 81 79 95 82 85 83 91 74 66 100 107 70 52 53 82 88 87 76 56 81 73 83 81 85 105 110 84 110 111 106 113 106 95 71 96 108 85 93 83 60 85 99 87 73 73 73 84 89 81 53 39 43 56 61 67 66 58 67 55 96 83 74 94 110 107 105 90 89 85 85 78 82 87 73 83 90 107 104 106 107 106 83 90 93 83 106 99 87 79 96 93 99 100 49 22 21 33 35 27 14 18 16 22 36 35 36 38 37 37 38 38 37 37 38 39 37 32 -105 -122 -88 -27 -1 -1 -1 -1 -1 -1 -1 -1 -1 -1 -1 -1 -1 -1 -1 -1 -1 -1 -1 -1 -1 -1 -1 -1 -1 -1 -1 -1 -1 -1 -1 -1 -1 -1 -1 -1 -1 -1 -1 -1 -1 -1 -1 -1 -1 -1 -1 -1 -1 -1 -1 -1 -1 -1 -1 -1 -1 -1
30 0 -105 -1 -1 -1 -1 -1 -61 -51 -1 -1 -1 -1 -1 -1 -1 -1 -20 -121 0 -124 -21 -1 -1 -1 -1 -1 -1 -1 -1 -1 -1 -1 -7 -1 -1 -1 -1 -1 -1 -1 -14 -69 -119 -97 -107 -122 -1 -1 -1 -1 -1 -1 -34 -79 -1 -1 -1 -1 -1 -1 -1 -1 -1 -49 0 18 20 0 -116 -125 -128 -97 -128 -79 -55 0 8 -128 -128 -73 -1 -1 -1 -1 -1 -1 -1 -1 -1 -1 -1 -1 -1 -1 -1 -1 -65 0 22 22 0 2 16 19 18 26 39 64 87 108 114 104 96 87 85 99 106 100 88 82 77 113 105 108 99 77 77 88 97 104 112 113 108 113 112 105 114 110 101 77 10 55 73 45 29 21 18 9 16 37 36 38 39 30 0 -128 -1 -1 -1 42 67 -1 -1 -1 -1 -1 -1 -1 -1 -1 -1 -1 -1 -1 -1 -1 -1 -1 -1 -1 -1 -1 -27 -96 -122 -128 -128 20 33 31 2 27 1 35 31 0 16 7 12 21 25 29 27 29 26 42 39 29 33 22 15 16 15 29 38 24 0 32 39 33 27 16 21 21 20 20 20 22 25 21 24 29 41 41 49 67 56 85 90 91 114 117 110 104 101 90 91 88 77 65 77 94 94 48 0 16 53 65 64 65 61 54 74 66 55 61 67 44 112 117 113 112 107 100 79 104 77 72 76 50 0 66 102 56 44 37 56 71 70 101 89 82 95 105 93 91 93 95 108 84 55 43 35 36 70 53 33 38 30 29 15 26 14 44 38 66 50 54 54 68 45 52 70 68 77 59 50 33 32 59 70 102 101 101 85 89 79 72 84 87 108 88 70 59 83 105 110 105 91 73 81 93 106 107 110 107 96 106 113 93 95 90 84 87 85 113 104 65 50 47 52 76 100 79 105 105 72 64 56 52 47 53 58 91 101 107 89 99 105 70 108 106 72 96 101 93 85 78 66 67 70 72 74 71 60 65 73 74 73 90 112 99 83 93 94 82 102 101 83 93 100 108 90 88 65 22 32 20 19 19 15 31 21 31 37 37 39 37 35 35 38 38 37 37 35 42 33 36 32 19 0 -97 -84 -1 -4 -1 -1 -1 -1 -1 -1 -1 -1 -1 -1 -1 -1 -1 -1 -1 -1 -1 -1 -1 -1 -1 -1 -1 -1 -1 -1 -1 -1 -1 -1 -1 -1 -1 -1 -1 -1 -1 -1 -1 -1 -1 -1 -1 -1 -1 -1 -1 -1 -1 -1 -1 -1 -1 -1 -1
31 18 0 -105 -32 -7 -35 -108 -102 -120 -1 -1 -1 -1 -1 -1 -1 -1 -60 0 10 0 -68 -1 -1 -1 -1 -1 -35 -7 -1 -1 -1 -120 -117 -107 -56 -103 -1 -1 -1 -1 -1 -49 -81 -22 -45 -64 -1 -1 -1 -1 -1 -1 -13 -31 -1 -1 -1 96 -1 -1 -1 -1 -1 -98 -91 19 0 -120 -44 -1 -1 -101 -22 -1 -1 -101 -128 -78 -1 -108 -1 -1 -1 -1 -1 -1 -1 -1 -1 -1 -1 -1 -1 -1 -1 -1 -74 0 15 20 0 0 4 21 35 48 65 74 105 112 104 90 73 70 83 87 91 81 56 58 94 93 100 113 111 97 79 72 78 90 95 100 113 108 101 88 88 106 94 74 52 37 64 39 3 3 20 29 36 41 35 24 12 0 0 -128 -18 -1 -45 36 -60 -1 -1 -1 -1 -1 -1 -1 -1 -1 -1 -1 -1 -1 -1 -1 -1 -1 -1 -1 -14 -47 -128 0 0 0 26 36 29 37 24 0 0 31 39 14 0 21 18 14 13 10 15 20 30 42 44 39 38 19 13 10 13 20 27 26 1 26 16 22 16 24 29 32 36 45 41 67 73 58 67 60 72 62 87 100 95 114 111 108 101 99 85 81 77 70 74 81 88 76 89 85 68 24 89 101 88 39 52 78 96 91 104 101 85 72 89 44 113 116 107 104 100 93 106 112 114 107 111 88 60 6 105 85 43 65 102 74 66 101 100 102 108 90 101 110 97 104 94 58 65 74 50 42 73 73 37 30 49 58 45 54 49 42 44 32 25 35 58 84 102 38 39 41 39 36 35 33 66 102 104 88 112 106 108 99 79 101 107 101 112 106 72 60 66 91 81 84 85 84 105 97 106 89 97 74 82 96 117 91 58 89 102 78 107 100 88 55 41 70 79 88 90 95 112 104 70 73 74 71 79 96 88 105 104 87 107 105 104 96 95 104 95 77 91 100 106 100 61 38 48 58 66 61 78 52 58 66 72 79 87 85 89 107 97 82 88 106 106 95 76 78 60 60 31 15 36 35 36 30 7 22 36 36 26 33 36 29 15 35 39 37 37 37 33 37 42 36 36 32 38 26 -89 -128 -54 -1 -1 -1 -1 -1 -1 -1 -1 -1 -1 -1 -1 -1 -1 -1 -1 -1 -1 -1 -1 -1 -1 -1 -1 -1 -1 -1 -1 -1 -1 -1 -1 -1 -1 -1 -1 -1 -1 -1 -1 -1 -1 -1 -1 -1 -1 -1 -1 -1 -1 -1 -1 -1 -1 -1
30 24 24 15 0 0 -111 0 21 -114 -1 -1 -1 -1 -1 -1 -1 -1 -64 -111 -119 -102 -45 -1 -1 -1 -1 -1 -2 -1 -1 -1 -82 0 25 8 0 -121 -1 -1 -1 -30 -128 -128 -1 -1 -1 -1 -1 -1 -1 -1 -1 -1 -1 -1 -1 -1 -1 -1 -1 -1 -1 -1 -1 -1 -77 -91 -112 -1 -1 -1 -1 -21 -61 -14 -1 -1 -1 -1 -1 -1 -1 -1 -1 -1 -1 -1 -1 -1 -1 -1 -1 -1 -1 -1 -1 -1 -98 19 18 24 27 14 16 41 62 60 79 99 114 106 82 68 61 62 68 70 76 70 67 60 65 61 91 99 114 113 101 81 60 71 73 94 111 112 99 73 87 102 105 94 84 77 67 54 24 1 18 30 37 37 24 8 16 36 19 -128 -108 -128 -67 -98 -50 -1 -1 -1 -1 -1 -1 -1 -1 -1 -1 -1 -56 -107 -88 -60 -51 -77 -86 0 0 0 14 20 20 25 18 19 27 31 19 20 6 41 37 37 14 12 32 21 21 6 4 16 26 26 37 52 42 22 13 10 8 13 13 14 0 25 39 55 56 70 83 91 79 88 82 107 107 91 105 89 102 87 112 112 108 99 87 90 84 79 70 79 83 95 87 58 35 42 42 31 38 50 111 101 104 58 54 83 113 116 106 105 100 101 104 66 89 95 87 108 113 107 97 93 93 90 97 84 19 35 104 95 97 101 102 97 72 81 68 97 94 61 81 83 79 107 101 90 74 48 49 70 72 53 26 50 56 44 39 42 53 30 44 42 52 71 106 110 113 85 84 53 29 35 71 77 94 79 68 74 94 66 81 97 90 107 81 91 95 101 65 39 54 56 59 88 105 108 94 99 99 85 77 65 61 77 83 55 38 67 93 91 105 94 64 58 71 82 102 99 106 110 99 83 71 87 88 97 111 101 105 108 81 82 97 74 78 96 102 105 100 101 104 108 101 79 61 49 58 67 84 53 82 64 70 87 90 88 96 95 79 78 107 85 56 60 78 67 33 43 29 20 8 18 36 36 26 26 6 15 13 13 20 25 21 21 35 38 38 37 37 37 39 36 36 36 39 37 0 -110 -128 -128 -20 -1 -1 -1 -1 -1 -1 -1 -1 -1 -1 -1 -1 -1 -1 -1 -1 -1 -1 -1 -1 -1 -1 -1 -1 -1 -1 -1 -1 -1 -1 -1 -1 -1 -1 -1 -1 -1 -1 -1 -1 -1 -1 -1 -1 -1 -1 -1 -1 -1 -1 -1 -1 -1 -1 -1
49 43 29 26 30 36 30 22 24 -112 -1 -1 -1 -1 -1 -1 -1 -1 -1 -1 -1 -121 -91 -1 -1 -1 -1 -1 -1 -1 -34 -112 0 20 38 30 19 0 -125 -128 -128 -128 -98 -17 -1 -1 -1 -1 -1 -1 -1 -1 -1 -1 -1 -1 -1 -1 -1 -1 -1 -1 -1 -1 -1 -1 -1 -78 -42 -1 -1 -1 -1 -1 -1 -39 -1 -1 -1 -1 -1 -1 -1 -1 -1 -1 -1 -1 -1 -1 -1 -1 -1 -1 -1 -1 -1 -1 -105 31 2 0 10 6 21 48 68 83 87 111 116 100 87 67 65 62 67 76 88 95 74 79 79 73 66 84 96 106 104 77 62 48 67 89 110 90 97 84 96 95 108 108 106 94 65 42 10 4 16 21 37 37 36 37 37 36 9 0 -94 -128 -120 8 0 -96 -42 -26 -1 -1 -1 -1 -1 -1 -28 -67 -102 -86 0 -88 -128 18 32 32 24 20 16 18 19 22 25 18 13 13 10 15 33 37 37 38 33 0 32 21 9 13 3 10 14 7 31 45 33 21 25 27 33 30 38 45 21 59 93 112 102 100 112 110 112 105 104 100 108 113 102 110 113 116 95 87 78 83 72 56 73 93 79 100 94 47 8 58 76 21 59 101 112 112 104 100 89 67 88 110 108 102 87 106 105 102 96 36 87 97 107 105 93 78 78 97 106 89 82 38 20 104 97 93 112 83 89 90 93 64 66 104 87 42 36 36 55 78 112 93 44 53 61 38 30 20 36 72 53 30 50 65 30 41 43 37 52 118 124 110 71 38 27 26 58 73 79 67 59 50 36 68 52 42 84 96 99 94 74 53 45 82 77 41 35 41 72 111 111 85 93 113 108 96 88 83 45 43 41 33 56 50 70 91 105 96 99 72 94 111 110 102 81 74 81 72 101 107 101 104 100 71 107 94 71 62 60 50 66 108 113 104 89 89 79 67 64 53 50 41 68 85 105 83 88 95 89 81 94 71 53 52 36 50 70 50 26 20 25 21 16 10 26 35 2 18 27 25 41 32 10 15 0 0 0 26 30 19 10 9 10 12 9 0 2 10 3 30 35 31 -91 -128 -94 -128 -34 -1 -1 -1 -1 -1 -1 -1 -1 -1 -1 -1 -1 -1 -1 -1 -1 -1 -1 -1 -1 -1 -1 -1 -1 -1 -1 -1 -1 -1 -1 -1 -1 -1 -1 -1 -1 -1 -1 -1 -1 -1 -1 -1 -1 -1 -1 -1 -1 -1 -1 -1 -1 -1 -1 -1
84 76 60 54 26 31 33 24 39 0 -124 -14 -1 -1 -1 -1 -1 -1 -1 -1 -1 -55 -3 -1 -1 -1 -1 -1 -1 -1 -7 -111 21 36 60 47 14 13 10 9 0 -55 -1 -1 -1 -1 -1 -1 -1 -1 -1 -1 -6 -82 -21 -1 -30 -107 -128 -23 -1 -1 -1 -1 -1 -1 -1 -1 -1 -1 -1 -1 -1 -1 -1 -1 -1 -1 -1 -1 -1 -1 -1 -1 -1 -1 -1 -1 -1 -1 -1 -1 -1 -1 -1 -1 -1 -75 3 33 10 8 0 20 31 55 81 87 105 114 114 94 71 68 66 62 76 91 101 101 90 90 91 89 77 71 82 83 104 85 62 39 66 83 105 87 76 76 83 73 107 102 108 102 82 45 19 19 12 14 37 37 37 37 39 25 4 9 -121 -128 0 24 20 -122 -128 -51 -1 -1 -1 -1 -1 -32 -128 -114 0 0 35 3 -128 0 35 25 20 12 20 25 26 31 25 10 3 0 20 35 37 37 37 38 37 3 10 25 18 8 0 0 21 21 26 36 36 33 47 60 68 45 62 71 33 39 93 116 104 111 84 81 99 87 110 76 85 99 89 96 85 72 68 77 82 96 97 83 82 42 14 15 16 15 61 106 91 73 108 105 95 93 95 105 74 81 111 104 89 78 71 100 84 48 16 74 87 90 95 79 79 88 85 94 78 74 62 0 78 105 68 74 102 77 47 56 91 105 76 107 95 81 70 49 62 91 113 56 42 26 27 24 45 60 76 61 36 43 87 58 55 82 41 33 85 124 123 96 67 42 25 39 41 35 61 44 45 43 44 43 36 32 64 83 93 104 104 66 36 61 71 53 30 56 88 110 93 79 104 99 110 100 71 55 53 33 59 76 84 84 90 83 95 116 106 71 94 108 85 84 81 85 81 88 108 106 112 102 59 49 99 56 45 39 33 54 87 88 76 74 66 52 53 59 71 67 62 58 74 95 93 94 97 102 88 52 42 31 24 25 14 22 29 25 15 14 13 14 32 30 38 32 25 33 41 48 45 21 0 0 27 26 16 0 0 7 7 9 7 8 0 3 8 2 -75 10 14 -82 -128 -120 -125 -114 -128 -1 -1 -1 -1 -1 -1 -1 -1 -1 -1 -1 -1 -1 -1 -1 -1 -1 -1 -1 -1 -1 -1 -1 -1 -1 -1 -1 -1 -1 -1 -1 -1 -1 -1 -1 -1 -1 -1 -1 -1 -1 -1 -1 -1 -1 -1 -1 -1 -1 -1 -1 -1 -1 -1 -1
112 102 90 60 30 19 16 21 45 30 0 -125 -54 -1 -1 -1 -1 -1 -1 -1 -1 -58 -16 -1 -17 -1 -1 -1 -1 -1 -1 -97 24 44 31 31 0 0 0 0 -103 -1 -1 -1 -1 -1 -1 -1 -1 -1 -1 -18 -114 -110 -122 -126 -128 -128 -128 -59 -1 -1 -1 -1 -1 -1 -1 -1 -3 -1 -1 -1 -1 -1 -1 -1 -1 -1 -1 -1 -1 -1 -1 -1 -1 -1 -1 -1 -1 -1 -1 -1 -1 -1 -1 -1 -1 -107 24 7 14 9 3 27 48 61 83 108 110 116 102 88 70 62 81 68 74 91 102 110 95 97 107 94 89 88 71 74 96 82 76 48 49 67 102 84 71 60 68 96 96 90 101 94 83 41 18 25 0 8 37 37 37 37 41 6 22 0 10 1 29 0 0 -128 -82 -35 -1 -1 -1 -23 -126 -97 -93 -121 0 0 6 0 -128 13 38 30 18 10 6 15 18 15 14 15 10 15 37 36 38 37 36 37 36 10 1 25 13 4 0 10 31 36 35 44 45 54 85 100 81 66 83 101 78 47 89 114 83 83 66 53 71 67 93 49 50 62 59 67 45 38 66 96 97 78 93 59 32 13 91 58 56 76 96 97 76 78 85 100 89 70 87 90 72 79 110 91 76 61 71 89 56 24 78 70 66 65 60 65 85 78 89 79 95 90 65 14 54 95 95 77 88 52 62 88 105 88 77 107 94 72 54 36 43 62 99 83 37 45 55 52 74 68 58 37 43 60 77 112 116 102 37 50 64 95 120 120 120 68 56 61 65 32 37 61 96 102 82 74 33 73 99 110 100 110 110 81 47 37 39 42 39 70 93 88 73 54 91 76 76 79 62 47 37 29 47 73 99 108 87 79 104 116 94 54 76 102 78 76 102 110 111 101 108 76 89 87 53 44 62 37 59 55 43 43 71 61 54 48 36 47 59 68 81 73 77 94 78 99 78 60 71 72 55 43 36 30 20 22 15 16 15 15 20 33 37 37 37 38 32 30 60 82 73 76 42 16 0 0 36 38 35 33 36 37 37 37 33 36 36 35 38 35 29 13 18 -96 -128 -121 -87 0 -110 -65 -13 -1 -1 -1 -1 -1 -1 -1 -1 -1 -1 -1 -1 -1 -1 -1 -1 -1 -1 -1 -1 -1 -1 -1 -1 -1 -1 -1 -1 -1 -1 -1 -1 -1 -1 -1 -1 -1 -1 -1 -1 -1 -1 -1 -1 -1 -1 -1 -1 -1 -1 -1 -1 -1
107 102 82 60 41 32 22 29 50 39 19 0 -83 -56 -37 -1 -1 -1 -1 -44 -1 -1 -1 -1 -96 -67 -16 -50 -27 -22 -78 0 22 15 0 0 -128 -64 -122 -27 -41 -18 -1 -1 -1 -1 -1 -1 -1 -1 -1 -1 -128 -102 -105 -116 -79 -1 -1 -79 -59 -1 -1 -1 -1 -1 -1 -1 -1 -1 -1 -1 -1 -1 -1 -1 -1 -1 -1 -1 -1 -1 -1 -1 -42 -39 -44 -1 -1 -1 -1 -1 -1 -1 -1 -1 -7 -116 16 0 15 18 4 22 54 70 93 113 117 108 102 81 65 58 76 87 83 82 95 110 105 111 114 112 95 93 84 61 77 91 62 47 53 76 93 83 55 39 64 82 95 101 95 77 54 18 44 35 7 9 36 36 37 37 37 19 35 35 37 41 36 6 -110 -116 0 -128 -110 -89 -111 -97 0 0 0 -128 -108 0 0 16 0 37 37 26 30 22 27 27 29 13 7 15 36 31 25 24 25 24 26 29 24 0 30 27 15 20 25 33 60 74 59 91 83 62 107 101 88 99 106 105 108 74 93 106 74 50 41 39 39 37 50 45 59 30 36 29 37 58 84 89 50 13 31 22 15 105 112 110 107 110 100 104 110 94 94 116 91 81 95 107 106 68 88 101 97 82 59 60 26 31 39 62 67 76 93 96 97 102 104 106 106 91 95 77 4 95 93 60 48 42 38 71 50 71 81 102 74 49 44 76 64 27 85 95 59 91 91 87 70 42 41 41 42 88 118 120 113 68 43 70 111 120 127 127 119 120 120 116 90 54 82 93 89 67 85 52 24 55 65 85 94 104 88 85 65 49 42 44 41 60 62 65 43 43 53 48 43 48 43 38 39 32 33 64 95 93 91 108 112 101 66 58 83 87 84 91 95 82 76 90 107 72 55 45 42 67 47 62 43 30 49 47 38 39 53 65 55 47 52 66 90 90 93 107 89 88 55 47 64 55 36 36 66 87 73 78 60 58 49 25 32 30 22 31 33 30 36 68 83 59 44 16 0 24 16 0 27 39 37 37 37 37 36 38 39 41 41 41 29 31 37 35 10 2 0 0 -110 -128 -128 -128 -79 -1 -25 -23 -1 -1 -1 -1 -1 -1 -1 -1 -1 -1 -1 -1 -1 -1 -1 -1 -1 -1 -1 -1 -1 -1 -1 -1 -1 -1 -1 -1 -1 -1 -1 -1 -1 -1 -1 -1 -1 -1 -1 -1 -1 -1 -1 -1 -1 -1 -1 -1 -1 -1
96 113 105 85 73 59 47 48 47 16 14 3 -77 -14 -4 -49 -1 -1 -1 -1 -1 -103 -6 -1 -114 0 0 0 0 0 1 19 24 3 -120 -40 -31 -1 -1 -1 -107 -115 -60 -1 -1 -1 -1 -1 -1 -1 -1 -1 -1 -1 -44 -1 -1 -1 -1 -1 -32 -16 -1 -1 -1 -1 -1 -1 -1 -1 -1 -1 -1 -1 -1 -1 -1 -1 -1 -1 -1 -1 -34 -42 -120 -128 -120 -1 -1 -1 -1 -1 -1 -1 -1 -1 -103 0 27 10 12 10 7 22 48 65 76 106 107 118 112 96 83 76 62 83 106 101 111 106 105 114 107 106 106 91 76 65 73 87 71 58 48 70 72 81 54 53 78 76 78 82 91 79 76 70 61 35 12 0 36 37 35 37 33 38 38 37 37 37 35 32 18 -121 0 -128 -105 -103 -60 -1 16 0 1 18 0 31 2 8 0 37 37 36 42 38 18 20 16 31 27 25 9 2 0 10 9 10 13 15 0 8 20 38 54 77 68 74 87 102 79 107 100 74 102 95 102 111 82 73 96 102 91 110 76 50 49 65 73 49 53 24 30 41 55 53 79 87 102 85 31 73 104 82 64 113 99 97 99 96 107 110 93 94 94 106 81 84 95 94 93 78 71 101 102 88 72 64 43 30 15 45 85 85 78 97 105 108 76 72 76 58 79 81 4 83 104 90 66 37 35 39 41 85 77 106 59 39 59 99 89 38 43 74 105 95 77 77 72 61 48 41 74 72 100 122 95 89 87 127 122 119 125 123 108 120 118 117 114 124 116 105 50 27 32 41 44 82 87 104 104 107 89 68 60 44 47 59 58 42 44 39 49 55 37 36 33 37 37 38 45 50 67 71 94 88 105 102 93 96 76 82 73 71 48 56 47 39 37 73 97 101 87 67 52 32 27 38 30 49 41 41 49 36 43 64 83 76 55 66 81 104 99 96 79 68 42 33 43 27 21 32 76 102 87 101 72 35 19 19 24 31 35 19 19 38 72 88 47 20 0 0 0 0 2 7 24 33 35 32 26 21 16 33 37 37 37 38 21 0 0 0 9 0 0 2 36 29 -86 -101 -54 -65 -128 -49 -1 -1 -1 -1 -1 -1 -1 -1 -1 -1 -1 -1 -1 -1 -1 -1 -1 -1 -1 -1 -1 -1 -1 -1 -1 -1 -1 -1 -1 -1 -1 -1 -1 -1 -1 -1 -1 -1 -1 -1 -1 -1 -1 -1 -1 -1 -1 -1 -1 -1
107 104 116 107 102 91 82 74 44 19 32 24 -128 -27 -20 -128 -51 -1 -1 -1 -1 -31 -89 -120 0 16 22 2 0 0 0 4 0 -126 -68 -1 -1 -1 -1 -1 -58 -128 -128 -50 -1 -1 -1 -1 -1 -1 -1 -1 -1 -1 -1 -4 -1 -1 -1 -1 -1 -55 -13 -1 -1 -1 -1 -1 -1 -1 -1 -1 -1 -1 -1 -1 -1 -1 -1 -1 -1 -1 -124 0 0 -75 -1 -1 -1 -1 -1 -1 -1 -1 -1 -1 -94 0 13 7 8 8 15 29 48 74 91 93 93 111 117 108 90 93 79 85 100 108 113 105 106 116 110 101 97 90 77 62 70 72 59 43 35 56 73 65 44 55 56 52 67 74 94 78 89 96 84 55 25 7 36 37 37 37 37 37 37 37 38 38 38 38 29 31 0 -102 0 0 10 -40 -34 1 37 37 10 20 19 24 0 26 37 35 37 38 32 7 21 22 20 15 0 0 0 9 2 13 15 22 26 25 32 52 94 108 96 106 99 99 99 107 89 78 102 112 87 104 73 45 66 87 99 112 99 66 38 73 113 66 27 50 74 62 97 76 89 100 85 15 41 107 100 88 102 116 91 68 79 82 91 93 91 106 99 112 107 83 91 89 93 81 81 82 95 105 73 97 82 91 66 15 60 50 67 93 111 88 73 47 47 60 82 52 30 106 106 68 42 56 61 24 39 83 89 94 81 62 41 47 54 20 43 82 72 89 90 71 67 41 52 72 116 120 127 118 123 123 124 116 99 123 123 96 101 118 99 108 119 114 95 39 25 54 49 82 77 88 114 104 95 112 83 48 49 49 42 30 36 37 43 36 35 31 44 38 59 67 74 77 79 82 94 99 82 93 108 114 99 60 56 47 49 38 50 59 66 65 44 59 70 70 54 45 55 29 42 54 45 60 62 45 39 43 42 55 68 94 76 81 88 104 105 84 79 73 70 47 49 39 31 30 56 58 42 36 20 25 35 53 44 62 78 65 59 56 79 82 36 8 0 16 25 18 14 27 24 26 22 20 16 24 30 36 36 38 36 30 0 27 29 32 36 27 33 0 22 18 -94 -1 -1 -21 -84 -1 -1 -1 -1 -1 -1 -1 -1 -1 -1 -1 -1 -1 -1 -1 -1 -1 -1 -1 -1 -1 -1 -1 -1 -1 -1 -1 -1 -1 -1 -1 -1 -1 -1 -1 -1 -1 -1 -1 -1 -1 -1 -1 -1 -1 -1 -1 -1 -1 -1 -1
110 97 91 90 93 108 108 82 41 15 18 24 7 -117 -112 -83 -110 -6 -79 -1 -1 -67 -96 8 12 0 -119 -121 -128 -69 -60 -122 -128 -31 -1 -1 -1 -1 -1 -1 -1 -1 -120 -14 -1 -1 -1 -1 -1 -1 -1 -1 -1 -1 -1 -32 -1 -1 -1 -1 -1 -1 -1 -1 -1 -1 -1 -1 -1 -1 -1 -1 -1 -1 -1 -1 -1 -1 -1 -1 -1 -1 -121 0 -115 -53 -1 -1 -3 -1 -1 -1 -1 -1 -1 -1 -128 4 19 16 14 22 19 31 59 72 90 105 72 101 112 111 101 108 94 99 107 112 104 105 110 106 113 110 101 87 72 65 59 71 35 44 31 58 61 62 41 44 50 67 78 94 95 95 105 110 85 43 25 9 33 37 37 37 37 38 38 37 36 33 37 41 35 38 36 24 0 0 29 10 -68 0 27 38 37 37 35 30 33 33 38 35 35 38 30 0 1 6 14 8 0 2 16 30 35 42 52 74 49 31 49 49 94 95 102 106 107 90 114 88 97 88 108 104 71 73 53 43 70 96 112 117 93 74 45 55 74 61 25 50 73 81 105 95 89 58 26 60 99 117 102 104 99 89 90 58 72 61 71 95 94 94 106 113 91 85 94 97 87 79 85 91 88 97 97 110 112 88 18 9 33 41 68 96 108 91 64 36 44 84 87 35 22 102 79 50 66 67 25 38 82 85 76 97 110 78 32 32 29 36 59 70 48 71 66 54 47 41 32 68 107 123 114 104 120 114 107 91 66 94 123 116 94 95 87 91 120 94 65 30 33 61 85 93 94 106 85 67 88 114 107 66 31 29 32 56 37 49 39 37 39 36 70 72 83 96 99 100 102 104 105 99 96 114 112 91 66 44 35 53 38 60 62 66 76 44 31 35 36 39 43 49 82 45 50 44 36 56 48 38 33 43 72 64 67 99 99 105 96 97 97 100 91 74 59 44 35 45 35 55 37 29 22 30 35 43 64 96 97 104 102 78 41 31 58 41 7 0 10 24 27 12 29 31 24 26 16 15 22 37 37 37 36 31 0 0 19 22 35 24 41 37 36 24 6 13 -128 -128 -45 -41 -25 -1 -1 -1 -1 -1 -1 -1 -1 -1 -1 -1 -1 -1 -1 -1 -1 -1 -1 -1 -1 -1 -1 -1 -1 -1 -1 -1 -1 -1 -1 -1 -1 -1 -1 -1 -1 -1 -1 -1 -1 -1 -1 -1 -1 -1 -1 -1 -1 -1 -1 -1
96 107 99 94 53 60 82 55 29 18 16 14 19 29 15 -128 -26 -1 -59 -60 -9 -7 -116 29 10 -116 -1 -1 -107 -40 -1 -79 -77 -1 -1 -1 -1 -1 -1 -1 -1 -1 -1 -1 -1 -1 -1 -1 -1 -1 -1 -1 -1 -1 -1 -1 -1 -1 -1 -1 -1 -1 -1 -1 -45 -53 -1 -1 -1 -1 -1 -1 -1 -1 -1 -1 -1 -1 -102 -93 -98 -96 0 6 -128 -6 -1 -11 -22 -1 -1 -1 -1 -1 -2 -81 0 4 7 14 20 26 36 44 64 79 65 99 89 94 102 108 110 110 107 102 105 107 88 110 113 118 108 100 93 88 72 50 49 50 39 39 35 43 36 39 37 35 43 64 77 99 108 111 112 90 67 33 7 18 33 37 37 37 37 38 38 39 32 32 33 32 32 31 27 2 0 0 4 32 0 0 0 1 14 22 39 29 33 38 38 24 22 25 24 12 15 16 25 16 13 31 47 71 77 89 105 72 36 65 90 67 84 113 79 76 90 64 93 70 78 100 111 96 72 48 29 60 95 102 79 91 94 73 44 38 29 37 32 62 84 97 85 91 64 73 107 113 104 87 85 104 100 83 66 77 99 93 100 87 104 106 112 105 107 112 108 105 93 105 112 100 107 104 108 106 73 22 31 62 53 52 74 94 114 87 52 49 74 100 85 18 39 106 64 35 79 48 39 70 81 93 82 100 67 50 54 58 58 41 33 38 38 47 42 39 37 50 78 108 122 108 90 55 81 112 59 41 47 110 127 107 91 50 53 56 108 94 41 36 48 58 73 61 79 91 66 65 99 102 107 77 67 68 82 83 74 65 45 41 29 54 77 95 93 97 101 101 112 107 107 106 110 91 106 91 43 45 52 97 108 76 25 32 33 31 41 45 49 55 71 107 112 79 31 33 41 58 72 65 47 54 59 71 81 107 111 101 101 89 111 106 111 110 53 0 50 76 58 79 94 68 38 73 90 99 108 108 102 77 56 33 13 0 0 13 0 10 31 21 35 24 20 20 20 19 19 13 21 30 35 36 29 0 12 15 21 16 32 14 33 42 32 0 26 1 -116 -36 -60 -25 -1 -1 -1 -1 -1 -1 -1 -1 -1 -1 -1 -1 -1 -1 -1 -1 -1 -1 -1 -1 -1 -1 -1 -1 -1 -1 -1 -1 -1 -1 -1 -1 -1 -1 -1 -1 -1 -1 -1 -1 -1 -1 -1 -1 -1 -1 -1 -1 -1 -1 -1 -1
107 95 82 62 33 19 22 20 14 16 20 32 18 19 13 -106 -128 -59 -23 -128 -128 -107 14 8 0 -110 -1 -1 -25 -112 -1 -1 -1 -1 -1 -1 -1 -1 -1 -1 -1 -1 -1 -1 -1 -1 -1 -1 -1 -1 -1 -1 -1 -1 -1 -1 -1 -1 -1 -1 -1 -1 -1 -1 -1 -1 -1 -1 -1 -1 -1 -1 -1 -1 -1 -1 -1 -9 -128 0 0 0 0 0 -128 -27 -1 -89 -114 -121 -94 -93 -73 -93 -120 0 36 22 9 7 29 35 43 64 78 84 76 79 83 88 84 102 102 95 97 94 91 89 84 104 117 119 107 91 85 67 54 38 36 39 42 29 33 44 42 42 44 37 66 64 76 107 104 99 96 93 62 20 8 0 32 37 37 38 37 36 35 9 0 0 0 0 0 0 0 0 38 27 0 0 0 3 38 36 4 2 25 33 37 33 27 26 33 14 33 30 36 47 65 49 44 58 88 95 110 113 94 88 44 74 100 91 105 106 73 54 61 42 49 47 87 112 114 88 61 37 60 89 93 89 71 83 66 42 35 30 52 39 65 68 77 91 105 94 110 99 89 82 73 55 77 90 85 67 76 94 93 104 108 112 106 116 101 102 91 95 91 96 104 88 88 88 112 93 108 101 36 66 87 85 70 58 54 76 108 87 58 66 85 90 76 0 101 93 68 54 71 79 58 24 64 95 104 95 76 74 89 72 48 56 45 52 43 36 32 27 50 82 123 127 89 61 56 21 59 104 37 31 65 122 96 112 81 50 25 48 81 125 93 71 50 39 38 37 45 49 42 43 58 76 85 111 112 99 87 76 78 73 49 39 36 38 50 59 64 65 73 91 110 101 113 84 100 87 73 97 44 48 48 72 82 45 45 48 32 50 62 50 49 89 82 106 64 71 53 33 48 65 58 67 81 83 77 91 76 101 72 88 101 83 99 96 99 93 19 0 41 99 106 100 114 76 70 112 105 105 93 71 54 55 36 21 0 0 0 0 0 20 30 48 62 53 52 32 38 42 48 39 25 22 29 37 30 31 21 21 26 9 25 30 33 35 6 19 6 -115 -55 -7 -1 -1 -1 -1 -1 -1 -1 -1 -1 -1 -1 -1 -1 -1 -1 -1 -1 -1 -1 -1 -1 -1 -1 -1 -1 -1 -1 -1 -1 -1 -1 -1 -1 -1 -1 -1 -1 -1 -1 -1 -1 -1 -1 -1 -1 -1 -1 -1 -1 -1 -1 -1 -1 -1
100 106 81 53 22 29 31 22 -128 -128 -121 18 14 16 19 0 0 -110 -108 8 24 22 21 0 -100 -17 -1 -1 -13 -91 -1 -1 -1 -1 -1 -1 -1 -1 -1 -1 -1 -1 -1 -1 -1 -1 -1 -1 -1 -1 -1 -1 -1 -1 -1 -1 -1 -1 -1 -1 -1 -1 -1 -1 -1 -1 -1 -1 -1 -1 -1 -1 -1 -1 -1 -1 -1 -128 -119 -120 0 -112 -68 -75 -16 -1 -1 -82 4 8 8 -125 -117 0 18 8 33 38 15 13 29 48 65 79 82 74 81 82 78 74 74 94 78 71 78 79 74 74 93 111 111 96 105 95 82 59 35 31 52 39 25 49 59 39 33 31 32 37 42 68 78 88 104 90 93 79 56 25 12 0 27 37 38 38 36 37 22 0 21 35 36 36 35 35 33 38 36 39 38 0 35 36 39 38 35 21 0 18 27 27 30 31 44 31 49 59 68 94 105 68 66 81 105 110 94 99 73 96 53 66 107 110 108 96 76 55 35 45 44 37 82 93 99 93 72 44 42 45 54 42 56 65 44 42 35 62 78 76 93 84 87 99 90 99 107 67 48 42 41 41 39 78 58 31 71 83 78 84 105 111 93 110 85 88 67 71 68 102 108 93 62 97 114 81 81 102 31 35 61 83 93 77 90 104 108 90 78 54 67 90 66 8 83 108 58 32 19 42 48 42 70 83 95 102 106 101 85 54 55 78 72 43 21 38 50 42 48 72 122 107 79 27 24 38 49 68 26 50 56 72 47 88 68 33 39 37 72 108 54 79 85 76 64 71 64 44 53 30 53 56 95 89 87 89 61 59 50 50 39 64 64 48 37 42 55 61 87 111 93 62 90 60 76 99 67 95 85 64 39 36 91 79 95 54 36 37 58 58 32 58 12 30 29 29 82 59 36 48 43 36 45 36 53 93 97 85 45 70 85 89 87 95 104 88 19 18 78 110 114 113 101 96 71 110 88 85 87 59 35 21 0 0 0 25 33 6 43 24 24 52 77 93 94 73 82 87 72 52 38 19 37 30 18 30 16 24 19 25 22 36 41 32 0 14 -117 -128 -1 -1 -1 -1 -1 -1 -1 -1 -1 -1 -1 -1 -1 -1 -1 -1 -1 -1 -1 -1 -1 -1 -1 -1 -1 -1 -1 -1 -1 -1 -1 -1 -1 -1 -1 -1 -1 -1 -1 -1 -1 -1 -1 -1 -1 -1 -1 -1 -1 -1 -1 -1 -1 -1 -1 -1
99 99 99 73 27 18 29 0 -128 -28 -128 -119 -126 0 3 2 18 22 30 22 12 18 10 0 -20 -1 -1 -1 -1 -1 -1 -1 -1 -1 -1 -1 -1 -1 -1 -1 -1 -1 -1 -1 -1 -1 -1 -1 -1 -1 -1 -1 -1 -1 -1 -1 -1 -1 -1 -1 -1 -1 -1 -1 -1 -1 -1 -1 -1 -1 -1 -1 -1 -1 -61 -7 -1 -28 -1 -96 -128 -102 -1 -1 -1 -1 -9 -115 13 12 22 0 0 30 37 13 30 25 25 15 18 48 73 74 76 62 81 88 91 87 71 73 47 76 76 81 94 97 90 112 102 85 76 77 70 47 41 37 64 33 39 67 62 43 32 33 56 44 42 72 104 96 95 102 97 74 42 13 15 0 13 36 38 26 38 26 2 27 36 38 38 37 38 38 38 38 37 38 36 4 36 39 37 39 31 29 33 0 19 30 31 42 65 65 91 102 94 108 94 67 85 111 108 108 107 64 74 95 64 82 107 101 99 89 59 39 58 64 26 47 88 87 78 82 45 65 32 44 49 58 36 39 49 37 37 55 60 84 85 108 104 108 81 102 107 78 67 43 50 42 33 62 45 27 70 54 59 78 106 97 97 100 82 74 49 39 48 73 106 104 68 84 110 94 64 89 52 14 68 68 88 96 102 89 99 87 67 50 88 95 88 6 95 89 47 41 67 35 25 35 53 79 87 111 99 85 49 59 79 97 71 35 42 64 36 45 74 117 112 72 58 54 38 65 36 54 26 66 26 32 37 89 74 33 52 44 81 93 48 44 49 64 45 42 64 82 42 25 42 66 97 62 58 58 47 39 43 47 36 73 74 50 30 52 76 102 118 97 64 39 64 50 54 82 77 59 65 78 52 44 91 116 123 90 54 25 47 68 39 54 26 60 49 39 61 83 48 33 70 60 55 39 44 61 82 62 52 65 83 85 73 72 111 93 12 76 116 112 112 89 83 88 82 110 94 89 81 67 44 0 9 37 62 41 74 71 59 19 19 32 66 101 111 107 79 60 42 20 21 24 36 38 22 18 19 25 33 12 13 33 39 16 9 -108 -3 -1 -1 -1 -1 -1 -1 -1 -1 -1 -1 -1 -1 -1 -1 -1 -1 -1 -1 -1 -1 -1 -1 -1 -1 -1 -1 -1 -1 -1 -1 -1 -1 -1 -1 -1 -1 -1 -1 -1 -1 -1 -1 -1 -1 -1 -1 -1 -1 -1 -1 -1 -1 -1 -1 -1 -1 -1
90 81 52 52 26 13 -122 -83 -1 -42 -128 -20 -1 -77 -92 -72 -100 0 20 12 22 56 29 0 -108 -1 -1 -1 -1 -1 -1 -1 -1 -1 -1 -1 -1 -1 -1 -1 -1 -1 -1 -1 -1 -1 -1 -1 -1 -1 -1 -1 -1 -1 -1 -1 -1 -1 -1 -1 -1 -1 -1 -1 -1 -1 -1 -1 -1 -1 -1 -1 -1 -1 -106 -115 -36 -1 -1 -49 -108 -89 -1 -1 -1 -1 -69 -101 14 13 21 15 8 38 33 24 13 19 16 18 41 65 73 56 48 59 81 94 97 104 74 0 32 96 90 87 110 84 95 113 101 85 62 45 47 38 36 41 71 36 55 65 90 50 33 65 76 59 54 87 97 87 79 74 87 74 37 16 16 10 9 35 37 36 27 0 22 37 31 19 22 32 32 36 35 36 26 35 35 31 30 27 22 24 22 0 1 0 15 33 49 49 79 108 108 102 106 107 96 90 97 111 104 93 79 54 67 87 37 87 89 54 58 41 47 82 106 50 38 66 73 79 48 52 56 105 100 100 114 118 96 68 66 73 43 45 44 49 65 85 90 108 71 73 106 110 87 61 38 44 48 33 37 36 39 44 36 67 89 70 77 72 62 74 45 56 74 104 104 96 58 66 91 70 55 36 7 25 43 43 68 99 77 61 64 55 43 47 43 56 81 44 54 101 54 82 90 74 61 77 85 95 88 104 88 49 44 83 101 108 78 44 60 62 65 49 43 88 102 54 27 31 29 70 52 37 47 78 68 55 35 42 49 32 44 49 38 32 30 41 38 49 24 48 58 47 27 48 76 70 70 38 44 62 45 73 104 101 90 85 25 30 50 81 108 83 85 67 47 43 43 53 43 50 45 68 38 56 68 99 117 118 107 65 43 30 47 73 48 35 48 66 37 33 45 48 65 67 38 32 25 39 41 45 50 53 70 88 104 91 82 47 87 87 15 66 113 94 81 70 81 83 108 94 90 72 60 52 29 0 0 74 62 50 79 82 54 19 36 55 65 68 68 78 44 24 22 22 33 20 26 16 22 18 19 21 12 20 27 22 3 0 0 -128 -1 -1 -1 -16 -1 -1 -1 -1 -1 -1 -1 -1 -1 -1 -1 -1 -1 -1 -1 -1 -1 -1 -1 -1 -1 -1 -1 -1 -1 -1 -1 -1 -1 -1 -1 -1 -1 -1 -1 -1 -1 -1 -1 -1 -1 -1 -1 -1 -1 -1 -1 -1 -1 -1 -1 -1 -1 -1
45 39 20 18 24 0 -107 -1 -1 -1 -1 -1 -1 -1 -1 -1 -31 -128 0 19 27 71 26 0 -21 -1 -1 -1 -1 -1 -1 -1 -1 -1 -1 -1 -1 -1 -1 -1 -1 -1 -1 -1 -1 -1 -1 -1 -1 -1 -1 -1 -1 -1 -1 -1 -1 -1 -1 -1 -1 -1 -1 -1 -1 -1 -1 -1 -1 -1 -1 -1 -1 -1 -26 -128 -21 -1 -1 -74 0 0 -121 -1 -1 -1 -128 7 13 24 15 25 20 39 19 27 4 7 14 18 37 56 59 44 45 55 79 95 85 84 67 -72 49 110 90 91 104 96 108 118 111 85 54 44 56 60 22 60 85 49 66 90 77 37 35 84 82 45 72 89 112 106 78 55 56 56 29 18 7 25 16 37 36 21 0 35 37 24 0 0 7 13 14 0 3 9 15 7 19 24 29 24 29 14 9 0 0 16 41 61 84 85 89 102 90 67 95 101 97 110 111 97 73 77 43 56 73 79 48 107 93 49 48 49 68 114 113 60 42 37 41 43 66 50 84 117 124 112 110 104 105 52 33 52 44 60 27 48 82 94 96 114 84 89 117 89 71 70 52 35 43 38 43 66 58 61 33 44 82 67 44 47 39 44 36 59 71 96 81 81 55 44 77 38 0 10 42 47 52 50 85 95 48 36 55 37 59 88 70 85 90 81 19 104 85 100 100 95 72 89 112 111 102 102 89 58 65 84 101 100 104 85 67 97 70 47 68 29 66 45 38 58 74 83 67 61 82 79 52 41 49 77 101 91 43 47 60 55 52 39 43 32 27 42 68 31 44 45 38 39 47 56 99 111 102 118 124 113 100 42 30 64 95 99 96 70 44 65 53 67 47 89 119 85 47 99 95 50 74 68 66 105 118 119 73 47 41 81 78 47 64 74 64 56 45 36 89 62 26 49 70 71 48 48 61 74 96 96 108 99 76 74 62 54 55 93 102 100 96 88 108 102 107 93 108 108 102 78 12 0 31 73 85 77 91 65 39 18 30 21 36 48 73 87 68 62 60 60 49 14 14 22 9 24 15 26 30 26 0 0 0 -128 -105 -1 -1 -1 -1 -1 -1 -1 -1 -1 -1 -1 -1 -1 -1 -1 -1 -1 -1 -1 -1 -1 -1 -1 -1 -1 -1 -1 -1 -1 -1 -1 -1 -1 -1 -1 -1 -1 -1 -1 -1 -1 -1 -1 -1 -1 -1 -1 -1 -1 -1 -1 -1 -1 -1 -1 -1 -1 -1 -1
14 24 18 27 13 0 -68 -1 -1 -1 -1 -1 -1 -1 -1 -1 -53 -102 -72 0 31 62 37 0 -18 -1 -1 -1 -1 -1 -1 -1 -1 -1 -1 -1 -1 -1 -1 -1 -1 -1 -1 -1 -1 -1 -1 -1 -1 -1 -1 -1 -1 -1 -1 -1 -1 -1 -1 -1 -1 -1 -1 -1 -1 -1 -1 -1 -1 -1 -1 -1 -1 -1 -1 -1 -1 -1 -1 -122 16 6 -122 -1 -1 -3 -106 15 15 15 21 13 21 38 15 27 9 7 9 9 25 31 42 45 37 37 62 84 76 83 68 4 45 99 89 97 101 110 113 99 85 83 87 65 84 64 56 94 90 60 70 100 96 54 71 99 77 58 85 95 102 95 78 48 39 35 19 10 15 26 37 36 12 0 33 35 36 10 9 1 12 9 0 4 7 12 21 31 29 53 64 27 21 9 0 7 32 48 83 95 108 110 106 108 108 76 77 83 85 93 106 105 82 47 43 83 85 97 106 96 88 48 70 106 111 108 127 122 110 93 91 53 88 124 111 102 102 84 43 74 77 36 26 29 31 36 33 77 87 79 36 89 65 82 113 66 52 48 64 54 42 85 65 19 18 45 31 53 59 61 47 49 41 33 14 33 70 84 67 24 2 0 9 0 6 55 49 82 85 90 71 54 42 71 90 78 76 90 78 74 67 64 15 77 91 84 105 106 79 89 82 76 71 101 100 88 87 99 93 70 107 105 106 95 54 33 35 27 29 33 45 71 74 93 94 91 82 73 48 89 106 58 38 49 26 58 59 43 39 49 43 32 49 37 61 73 53 61 49 55 33 64 111 127 127 122 91 77 29 27 54 83 81 53 59 81 47 49 43 99 110 108 64 41 90 119 72 20 33 29 41 111 83 56 56 22 29 38 72 82 99 89 73 74 48 33 52 42 32 59 65 93 74 71 74 70 87 106 85 81 106 108 88 67 89 110 116 114 110 78 81 94 101 113 94 85 74 47 4 0 61 106 110 97 66 47 37 39 30 45 68 62 37 38 32 35 43 25 18 10 12 37 37 33 2 0 30 0 -128 -96 -100 -124 -78 -1 -1 -1 -1 -1 -1 -1 -1 -1 -1 -1 -1 -1 -1 -1 -1 -1 -1 -1 -1 -1 -1 -1 -1 -1 -1 -1 -1 -1 -1 -1 -1 -1 -1 -1 -1 -1 -1 -1 -1 -1 -1 -1 -1 -1 -1 -1 -1 -1 -1 -1 -1 -1 -1 -1 -1 -1 -1 -1
-120 0 0 -126 0 0 -103 -1 -1 -1 -1 -1 -1 -1 -1 -1 -28 -1 -88 0 31 62 26 0 -125 -4 -1 -1 -1 -1 -1 -1 -1 -1 -1 -1 -1 -1 -1 -1 -1 -1 -1 -1 -1 -1 -1 -1 -1 -1 -1 -1 -1 -1 -1 -1 -1 -1 -1 -1 -1 -1 -1 -1 -1 -1 -1 -1 -1 -1 -1 -1 -1 -1 -1 -1 -1 -1 -40 -121 1 0 -101 -128 -42 -93 -128 0 29 8 14 6 6 35 25 29 26 6 18 21 18 12 27 31 32 10 36 70 60 65 71 15 68 94 104 104 105 112 105 89 81 108 93 53 91 89 93 90 105 88 70 105 90 85 99 104 78 79 84 97 88 70 52 39 35 27 14 9 16 25 36 24 0 29 33 19 27 10 20 24 26 24 35 31 36 47 43 42 61 64 68 20 25 0 12 37 68 78 113 110 113 107 89 106 106 90 61 52 60 70 79 76 45 37 60 93 107 117 95 78 84 45 42 104 127 125 122 116 124 123 127 122 118 116 112 61 58 50 25 32 52 22 52 49 65 47 47 71 96 55 -40 79 60 88 97 95 96 89 72 54 42 16 25 32 49 27 55 37 39 36 43 16 20 35 29 4 30 44 27 25 58 52 66 31 7 50 78 65 76 84 48 62 72 88 100 96 94 79 82 93 94 74 27 18 66 91 108 93 65 59 44 58 84 107 96 105 91 112 100 60 82 104 107 73 41 39 60 60 44 59 52 72 93 94 97 96 83 53 52 65 43 36 32 35 37 66 52 39 38 27 49 62 83 73 73 123 102 111 72 85 76 84 123 122 112 100 53 31 27 54 78 82 55 42 38 58 55 59 89 123 116 50 27 29 73 99 48 19 60 50 59 43 38 22 38 32 66 66 91 91 59 47 38 54 44 47 61 30 49 67 72 79 104 88 90 95 94 91 79 90 108 94 104 72 88 113 101 94 90 74 84 101 105 111 88 74 54 27 0 1 62 78 108 101 94 78 73 81 50 45 72 35 20 22 20 24 16 18 30 3 32 36 38 19 9 6 4 21 -121 -100 -128 -128 -14 -1 -1 -1 -1 -1 -1 -1 -1 -1 -1 -1 -1 -1 -1 -1 -1 -1 -1 -1 -1 -1 -1 -1 -1 -1 -1 -1 -1 -1 -1 -1 -1 -1 -1 -1 -1 -1 -1 -1 -1 -1 -1 -1 -1 -1 -1 -1 -1 -1 -1 -1 -1 -1 -1 -1 -1 -1 -1 -1
-6 -65 -9 -1 -20 -124 -128 -119 -30 -1 -1 -1 -1 -1 -1 -1 -1 -108 0 21 0 19 43 49 0 -3 -1 -1 -1 -1 -1 -1 -1 -1 -1 -1 -1 -1 -1 -1 -1 -1 -1 -1 -1 -1 -1 -1 -1 -1 -1 -1 -1 -1 -1 -1 -1 -1 -1 -1 -1 -1 -1 -1 -1 -1 -1 -1 -1 -1 -1 -1 -1 -1 -1 -1 -1 -1 -3 -116 -128 -64 -78 -84 -9 -1 -28 -119 18 25 22 2 9 37 30 31 35 32 6 7 30 26 25 41 33 32 31 52 39 39 35 65 100 108 101 111 96 114 100 76 78 111 83 89 87 105 106 90 101 95 93 100 104 117 107 91 93 88 105 104 88 67 60 52 37 22 10 8 13 25 24 0 16 25 24 16 27 25 41 50 49 62 55 72 67 48 62 30 47 38 21 19 8 0 10 64 96 105 107 81 81 94 70 78 87 64 60 38 44 42 56 42 44 32 66 101 104 78 64 44 64 53 49 107 101 91 72 88 124 114 111 100 79 50 52 33 38 25 50 60 48 42 78 48 70 70 64 83 52 -34 58 82 61 61 73 99 83 73 71 60 29 0 37 29 42 44 8 22 67 74 13 13 32 30 37 33 19 15 9 50 77 83 90 61 7 70 68 58 76 64 70 96 99 110 111 106 99 104 107 111 104 105 84 62 10 85 93 71 89 54 39 70 99 97 101 107 110 93 78 50 60 76 108 99 82 76 55 43 48 73 83 99 100 81 62 89 89 49 25 32 35 37 68 76 83 73 76 68 38 58 78 117 127 125 125 127 120 124 122 120 113 120 116 112 84 38 20 37 47 59 58 50 45 79 73 38 41 54 117 108 88 64 37 52 31 76 59 26 70 79 50 36 43 49 49 36 56 91 94 53 52 68 39 35 41 25 37 32 49 61 81 99 100 105 113 108 93 96 105 113 101 83 99 95 106 112 91 71 81 90 110 104 110 84 95 94 72 62 0 24 66 95 106 97 101 100 88 72 43 32 37 18 19 20 20 0 0 19 9 2 37 22 12 18 -107 -91 -128 -105 -103 -1 -27 -12 -14 -1 -1 -1 -1 -1 -1 -31 -1 -1 -1 -1 -1 -1 -1 -1 -1 -1 -1 -1 -1 -1 -1 -1 -1 -1 -1 -1 -1 -1 -1 -1 -1 -1 -1 -1 -1 -1 -1 -1 -1 -1 -1 -1 -1 -1 -1 -1 -1 -1 -1 -1 -1 -1 -1 -1 -1 -1 -1 -1
-1 -1 -1 -1 -1 -128 -6 -9 -1 -1 -1 -1 -1 -30 -116 -1 -61 0 33 0 -128 -128 0 22 0 -18 -1 -1 -1 -1 -1 -1 -1 -1 -1 -1 -1 -1 -1 -1 -1 -1 -1 -1 -1 -1 -1 -1 -1 -1 -1 -1 -1 -1 -1 -1 -1 -1 -1 -1 -1 -1 -1 -1 -1 -1 -1 -1 -1 -1 -1 -1 -1 -1 -1 -1 -1 -1 96 -1 -16 -1 -1 -1 -1 73 -2 -128 -128 0 31 21 6 30 38 35 7 26 0 0 19 27 30 53 45 31 30 27 25 22 48 90 107 104 99 107 105 114 89 58 88 99 101 97 94 95 100 93 87 97 111 110 110 104 106 81 76 72 82 91 99 95 77 39 24 12 10 8 12 0 0 0 1 31 29 13 22 37 66 82 88 90 73 102 73 60 56 35 -39 -41 10 0 27 54 0 0 26 53 84 114 91 58 43 47 52 41 43 54 72 54 32 55 64 31 100 111 112 71 38 32 38 37 70 111 76 52 37 76 108 100 95 91 54 31 32 35 73 61 72 93 88 74 100 65 50 60 54 67 -50 65 84 70 54 52 73 89 70 55 43 35 21 15 38 36 48 30 31 30 4 13 36 30 59 37 66 39 27 36 31 55 73 104 104 90 33 29 65 74 85 97 99 94 101 94 102 88 107 90 87 104 95 91 102 89 8 59 105 100 107 79 44 53 76 52 78 88 90 65 50 41 45 72 97 113 81 60 37 53 77 106 97 99 90 54 38 62 93 68 65 79 85 87 79 64 54 45 43 68 41 68 89 114 127 125 112 100 99 106 93 78 76 90 97 120 89 81 52 73 61 30 44 67 91 102 74 87 79 119 113 114 41 27 29 36 50 33 39 30 72 94 97 70 66 89 76 44 56 87 91 59 42 47 25 60 53 64 61 38 53 55 70 73 76 73 95 89 112 117 110 84 58 68 81 102 116 110 100 84 95 111 111 108 89 87 97 76 67 74 0 9 39 64 76 56 71 47 38 32 25 32 36 22 13 27 13 0 8 0 0 10 29 13 7 0 -126 -61 -55 -61 -128 -83 -1 -111 -128 -8 -1 -1 -1 -1 -1 -14 -1 -1 -1 -1 -1 -1 -1 -1 -1 -1 -1 -1 -1 -1 -1 -1 -1 -1 -1 -1 -1 -1 -1 -1 -1 -1 -1 -1 -1 -1 -1 -1 -1 -1 -1 -1 -1 -1 -1 -1 -1 -1 -1 -1 -1 -1 -1 -1 -1 -1 -1 -1
-1 -1 -1 -1 -1 -1 -1 -1 -1 -1 -1 -1 -1 -98 -119 -1 -75 0 -122 -128 -47 -26 -73 -115 -128 -107 -1 -1 -1 -1 -1 -1 -1 -1 -1 -1 -1 -1 -1 -1 -1 -1 -1 -1 -1 -1 -1 -1 -1 -1 -1 -1 -1 -1 -1 -1 -1 -1 -1 -1 -1 -1 -1 -1 -1 -1 -1 -1 -1 -1 -1 -1 -1 -1 -1 -1 -1 -1 -1 -1 -1 -1 -1 -1 -1 -1 35 -128 -96 0 31 39 19 31 37 36 35 32 16 13 0 26 37 44 35 31 25 1 0 42 89 110 97 104 105 111 104 107 78 83 94 82 77 83 72 73 79 84 94 107 110 85 105 83 97 87 52 71 89 88 78 66 58 30 8 7 4 6 0 16 9 9 22 52 43 21 22 50 74 68 78 84 93 106 90 89 74 22 -73 0 21 35 71 94 70 21 18 39 79 111 97 66 35 37 36 39 52 58 90 89 77 106 67 42 101 101 112 85 44 50 79 78 96 83 44 27 25 56 54 60 85 43 35 27 50 50 68 88 100 106 102 110 114 104 48 37 41 29 38 47 96 71 48 41 48 72 72 43 45 14 0 25 52 53 49 49 31 37 56 87 45 38 56 61 79 56 58 43 35 50 82 105 102 66 64 38 15 61 71 74 72 90 68 89 73 70 104 71 83 88 59 67 87 82 54 7 44 89 111 77 43 44 39 36 53 73 64 38 43 31 45 82 105 114 96 78 77 58 97 88 93 54 56 43 35 66 90 90 91 89 76 62 55 45 49 55 37 47 60 36 52 83 119 101 97 72 50 77 54 42 64 84 122 127 125 116 89 124 79 66 81 85 72 41 72 67 65 113 84 106 58 36 59 68 82 62 38 27 48 66 101 105 104 105 88 83 87 91 100 72 30 27 50 79 79 58 48 37 35 42 54 39 52 62 81 97 100 91 76 65 73 90 106 111 113 100 89 79 101 101 90 91 88 90 87 55 19 13 0 0 0 26 27 22 30 24 25 30 31 44 43 31 15 21 18 8 2 12 3 20 10 0 15 -114 -53 -128 -128 -122 0 -128 -1 -128 -105 -16 -42 -1 -1 -1 -1 -91 -1 -1 -1 -1 -1 -1 -1 -1 -1 -1 -1 -1 -1 -1 -1 -1 -1 -1 -1 -1 -1 -1 -1 -1 -1 -1 -1 -1 -1 -1 -1 -1 -1 -1 -1 -1 -1 -1 -1 -1 -1 -1 -1 -1 -1 -1 -1 -1 -1 -1 -1 -1
-1 -1 -1 -1 -1 -1 -1 -1 -1 -1 -1 -1 -1 -1 -1 -1 -58 -128 -72 -1 -1 -1 -81 -98 -1 -6 -1 -1 -1 -1 -1 -1 -1 -1 -1 -1 -1 -1 -1 -1 -1 -1 -1 -1 -1 -1 -1 -1 -1 -1 -1 -1 -1 -1 -1 -1 -1 -1 -1 -1 -1 -1 -1 -1 -1 -1 -1 -1 -1 -1 -1 -1 -1 -1 -1 -1 -1 -1 -1 99 -1 -1 -1 -1 -1 -1 -56 -108 -119 0 35 43 20 18 36 37 37 35 19 16 12 4 16 33 27 8 2 0 7 70 91 101 117 114 113 114 102 108 104 96 104 93 74 66 81 94 106 97 107 100 94 82 88 73 71 55 60 78 100 94 62 41 26 8 0 0 0 0 0 1 7 33 24 60 62 27 20 48 59 55 73 82 88 106 81 66 59 31 0 52 78 59 102 110 102 81 64 49 87 111 95 70 61 84 77 54 39 27 37 95 127 105 44 59 68 102 95 95 70 48 100 73 47 54 33 38 45 36 26 52 70 33 37 36 70 77 93 89 81 85 74 84 93 97 94 76 96 88 84 88 108 79 48 41 47 38 59 43 42 1 27 61 78 87 68 45 59 67 90 95 31 31 55 73 76 78 87 59 52 52 67 94 112 95 97 76 32 9 16 31 47 65 44 65 47 76 89 71 60 54 65 99 110 101 90 81 8 74 99 60 55 31 35 42 41 41 41 36 30 36 60 89 62 72 105 113 91 90 102 72 60 41 38 42 41 77 89 72 77 61 65 44 50 38 79 95 50 48 35 53 41 52 73 60 66 42 27 32 39 60 90 127 127 127 127 127 127 127 120 122 116 83 44 25 47 41 49 102 37 48 77 44 32 52 79 93 66 41 81 108 110 90 88 100 107 100 110 100 108 94 71 65 96 91 72 52 32 41 66 45 43 42 45 37 52 84 73 58 56 79 101 111 100 87 93 93 72 87 84 89 94 93 102 76 38 0 0 0 0 0 24 14 13 12 20 26 52 47 49 52 48 21 22 26 10 2 0 9 16 26 16 18 10 -121 -121 -77 -128 10 -114 -128 -11 -77 -26 -1 -11 -1 -1 -1 -82 -125 -21 -1 -1 -1 -1 -1 -1 -1 -1 -1 -1 -1 -1 -1 -1 -1 -1 -1 -77 -1 -1 -1 -1 -1 -1 -1 -1 -1 -1 -1 -1 -1 -1 -1 -1 -1 -1 -1 -1 -1 -1 -1 -1 -1 -1 -1 -1 -1 -1 -1 -1 -1
-1 -1 -1 -1 -1 -1 -1 -1 -1 -1 -1 -1 -1 -1 -1 -1 -1 -27 -1 -1 -1 -17 -128 -128 -97 -49 -1 -1 -1 -1 -1 -1 -1 -1 -1 -1 -1 -1 -1 -1 -1 -1 -1 -1 -1 -1 -1 -1 -1 -1 -1 -6 -114 -77 -117 -54 -1 -1 -1 -1 -1 -1 -1 -1 -1 -1 -1 -1 -1 -1 -1 -1 -1 -1 -1 -1 -1 -1 -1 -1 -1 -1 -1 -1 -1 -92 -111 -111 9 14 37 37 30 27 22 35 38 38 33 25 20 18 9 25 6 2 6 15 27 60 93 113 111 105 112 110 99 107 108 91 94 89 71 91 110 110 106 107 117 112 97 65 66 60 70 81 81 88 95 74 54 33 16 0 13 20 16 42 37 45 52 58 47 55 73 54 39 39 48 54 66 77 90 99 90 101 100 55 0 72 89 83 107 93 88 110 106 70 47 66 93 94 87 106 101 93 78 72 52 50 117 113 76 42 50 87 82 85 64 44 89 96 58 26 33 36 55 37 44 35 32 41 27 70 79 88 68 65 45 42 60 84 59 70 87 58 79 93 60 87 111 95 79 61 52 48 41 39 16 27 41 41 61 84 47 52 76 117 102 99 52 39 33 43 60 99 105 81 88 79 79 107 111 107 87 54 33 48 42 43 8 37 43 36 39 56 42 49 41 55 81 79 74 104 105 107 76 26 87 93 101 88 83 50 43 38 38 37 32 56 70 49 66 97 95 91 99 114 91 65 41 42 60 31 60 73 56 50 45 41 33 67 95 77 105 114 99 77 50 37 49 37 15 21 35 22 59 77 68 127 105 119 125 127 114 117 117 122 118 118 124 125 91 55 36 29 43 37 43 43 32 30 50 90 81 93 94 58 85 93 83 52 60 87 105 107 79 97 100 85 102 95 97 70 54 56 55 64 88 78 60 38 33 43 52 49 48 55 71 71 77 87 94 102 105 102 81 79 94 83 108 72 85 54 22 0 0 0 16 20 16 20 25 29 41 42 72 61 64 52 31 18 19 15 12 13 6 0 8 4 10 32 13 -98 18 0 -128 -100 -59 -1 -1 -35 -25 -31 -93 -63 -1 -45 -128 -56 -1 -1 -1 -39 -37 -1 -1 -1 -1 -1 -1 -1 -1 -1 -1 -1 -42 -89 -128 -9 -1 -1 -1 -1 -1 -1 -1 -1 -1 -1 -1 -1 -1 -1 -1 -1 -1 -1 -1 -1 -1 -1 -1 -1 -1 -1 -1 -1 -1 -1 -1 -1
-1 -1 -1 -1 -1 -1 -1 -1 -1 -1 -1 -1 -1 -1 -1 -1 -1 -1 -1 -1 -1 -1 -1 -125 -120 -115 -1 -1 -1 -1 -1 -1 -1 -1 -1 -1 -1 -1 -1 -1 -1 -1 -1 -1 -1 -1 -1 -1 -1 -1 -1 -1 -44 -44 -122 -83 -1 -1 -1 -1 -1 -1 -1 -1 -1 -1 -1 -1 -1 -1 -1 -1 -1 -1 -1 -1 -1 -1 -1 -1 -1 96 -1 -1 -1 -119 -89 0 36 38 37 37 38 26 37 37 36 36 36 35 18 12 0 12 0 7 2 24 35 49 84 108 99 85 93 93 102 105 93 101 90 90 66 94 99 93 99 91 96 94 76 67 72 85 102 100 74 88 78 55 47 38 37 58 78 55 1 77 91 102 108 105 85 99 108 93 84 84 73 84 90 108 112 107 111 107 113 95 15 44 107 110 107 70 70 79 101 95 60 66 70 73 104 93 55 64 90 68 45 54 107 118 105 41 61 42 78 58 45 60 49 72 48 42 22 10 47 71 73 64 66 48 58 83 70 70 62 37 44 37 52 41 47 68 78 39 45 72 55 72 79 85 76 52 35 38 9 0 19 36 44 42 67 88 68 32 39 45 38 62 36 31 41 68 89 81 112 114 111 104 101 100 110 97 85 59 55 84 87 71 33 10 0 3 0 0 0 0 0 38 52 50 82 95 93 84 76 25 99 107 111 95 61 43 60 45 56 43 37 58 48 35 56 67 58 59 76 107 77 47 42 26 55 30 38 39 45 37 79 85 56 87 127 127 127 127 122 110 45 26 37 41 10 41 44 41 107 127 114 125 125 127 127 111 104 106 114 110 104 102 93 101 72 25 30 59 64 71 68 72 55 76 82 95 45 61 99 107 102 79 43 39 55 54 70 74 52 83 96 104 87 104 73 61 53 56 77 88 97 81 62 35 31 45 33 61 73 74 59 72 85 96 95 89 111 96 78 82 84 70 76 54 47 33 4 10 0 0 22 19 38 49 53 58 54 65 41 41 29 26 16 15 22 10 0 6 14 30 27 8 9 14 0 8 18 -106 -97 -59 -106 -84 -86 -128 -128 -115 -124 -128 -128 -128 -128 -128 -1 -55 -128 -128 -51 -1 -1 -1 -1 -1 -1 -1 -1 -86 -94 -1 -128 -102 -128 -1 -1 -1 -1 -1 -1 -1 -1 -1 -1 -1 -1 -1 -1 -1 -1 -1 -1 -1 -1 -1 -1 -1 -1 -1 -1 -1 -1 -1 -1 -1 -1 -1
-1 -1 -1 -1 -1 -1 -1 -1 -1 -1 -1 -1 -1 -1 -1 -1 -1 -1 -1 -1 -1 -1 -1 -8 -73 -16 -1 -1 -1 -1 -1 -1 -1 -1 -1 -1 -1 -1 -1 -1 -1 -1 -1 -1 -1 -1 -1 -1 -1 -1 -1 -1 -1 -1 -86 -56 -1 -1 -1 -1 -1 -1 -1 -1 -1 -1 -1 -1 -1 -1 -1 -1 -1 -1 -1 -1 -1 -1 -1 -1 -1 -1 -1 -1 -12 -111 -108 13 21 22 12 32 38 13 25 38 33 3 9 39 39 32 15 13 7 9 0 30 50 42 73 107 102 70 65 87 106 106 95 91 89 91 65 73 91 108 101 72 73 70 65 71 81 101 116 91 97 97 60 64 36 33 41 77 107 106 47 50 105 112 108 102 116 114 107 117 114 102 100 111 111 119 101 99 100 85 97 106 56 39 106 97 101 56 48 48 95 104 88 97 107 97 85 91 41 41 53 77 50 54 87 118 94 32 47 31 73 48 52 32 25 26 48 27 18 0 37 39 53 56 70 78 72 76 48 52 47 50 76 37 54 37 42 60 58 47 37 58 45 49 82 67 77 52 32 10 21 21 30 38 31 35 62 93 88 71 35 33 37 66 35 56 60 76 56 64 73 94 102 112 111 110 106 111 99 56 71 102 79 66 56 27 48 47 44 45 52 53 9 29 53 49 48 50 61 73 81 19 100 84 77 81 73 43 33 12 2 43 41 31 33 48 35 48 33 49 59 94 93 83 64 36 74 52 56 49 68 73 102 120 111 108 125 127 127 114 110 78 54 65 37 41 29 71 95 64 82 123 122 125 118 116 125 114 107 118 125 113 105 72 42 49 60 30 48 41 41 52 60 76 82 70 56 45 52 31 52 94 71 49 64 36 36 45 39 50 30 49 72 94 100 99 83 106 102 72 44 100 95 83 52 45 56 37 47 74 99 96 85 95 90 74 77 95 108 79 89 97 87 44 41 43 31 21 26 35 22 0 0 19 36 52 45 79 77 48 25 27 26 15 14 16 30 25 9 30 7 18 22 0 8 13 0 30 0 -128 -77 -128 -106 -128 -128 -100 0 21 8 0 0 0 -110 -128 -56 -13 -44 -11 -20 -1 -1 -1 -1 -1 -1 -1 -13 -112 -128 -128 -112 -105 -110 -1 -1 -1 -1 -1 -1 -1 -1 -1 -1 -1 -1 -1 -1 -1 -1 -1 -1 -1 -1 -1 -1 -1 -1 -1 -1 -1 -1 -1 -1 -1 -1 -1
-1 -1 -1 -1 -1 -1 -1 -1 -1 -1 -1 -1 -1 -1 -1 -1 -1 -1 -1 -1 -1 -1 -1 -1 -1 -1 -1 -1 -1 -1 -1 -1 -1 -1 -1 -1 -1 -1 -1 -1 -1 -1 -1 -1 -1 -1 -1 -1 -1 -1 -1 -1 -1 -1 -1 -1 -1 -1 -1 -1 -1 -1 -1 -1 -1 -1 -1 -1 -1 -1 -1 -1 -1 -1 -1 -1 -1 -1 -1 -1 -1 -1 -1 -1 -1 -128 -100 35 16 22 1 22 8 7 24 36 25 0 13 36 37 22 0 18 19 3 0 36 70 64 72 105 104 71 66 89 107 97 110 93 100 93 64 79 104 110 96 79 60 55 74 89 79 97 112 79 81 90 67 43 52 79 66 49 70 81 70 53 91 97 91 82 83 94 89 96 90 99 117 113 100 104 83 77 74 68 82 94 64 43 104 85 95 55 44 50 87 76 100 112 87 102 90 107 83 43 54 42 49 31 55 108 114 64 84 38 41 41 59 41 33 43 33 9 0 30 45 56 44 37 37 48 45 66 53 39 41 35 33 30 66 38 41 38 37 64 53 38 52 36 56 45 64 56 47 33 55 39 53 67 58 53 55 100 100 85 71 53 43 52 38 39 41 50 45 42 45 71 76 95 99 89 99 107 91 76 106 105 104 79 64 35 59 70 52 50 74 47 25 0 33 38 19 15 14 49 21 4 94 95 93 54 41 9 14 45 36 20 54 50 82 88 67 31 27 60 79 99 81 64 41 62 116 105 111 96 97 102 122 124 127 127 127 42 58 107 120 123 102 38 45 52 68 120 122 91 106 118 127 106 101 116 114 101 106 106 120 114 120 99 43 30 39 33 44 76 61 55 45 37 54 45 59 71 78 31 64 76 43 44 90 74 84 79 67 36 32 59 84 94 91 97 95 106 82 97 91 91 78 70 76 89 81 79 60 79 96 105 95 85 83 89 73 101 97 83 77 72 60 42 35 33 35 41 56 55 0 0 0 33 36 32 45 64 60 53 18 16 24 18 25 20 18 20 7 27 10 1 29 7 7 25 22 37 30 3 0 9 16 20 14 15 15 8 0 -124 -103 -72 -34 -1 -1 -1 -106 -128 -128 -35 -1 -1 -1 -1 -1 -1 -1 -1 -69 -128 -128 -128 -60 -1 -1 -1 -1 -1 -1 -1 -1 -1 -1 -1 -1 -1 -1 -1 -1 -1 -1 -1 -1 -1 -1 -1 -1 -1 -1 -1 -1 -1 -1 -1 -1 -1
-1 -1 -1 -1 -1 -1 -1 -1 -1 -1 -1 -1 -1 -1 -1 -1 -1 -1 -1 -1 -1 -1 -1 -1 -1 -1 -1 -1 -1 -1 -1 -1 -1 -1 -1 -1 -1 -1 -1 -1 -1 -1 -1 -1 -1 -1 -1 -1 -1 -1 -1 -1 -1 -1 -1 -1 -1 -1 -1 -1 -1 -1 -1 -1 -1 -1 -1 -1 -1 -1 -1 -1 -1 -1 -1 -1 -1 -1 -1 -1 -1 -1 -1 -22 -114 -117 6 35 30 27 20 2 10 7 35 26 0 1 13 18 27 32 32 38 25 15 33 35 67 79 66 94 83 62 47 79 73 89 108 105 99 94 72 65 100 96 72 76 68 77 90 104 101 96 96 93 95 87 68 49 71 102 72 48 47 64 89 81 72 71 87 91 88 100 89 76 66 68 99 90 67 68 62 81 79 71 56 54 54 64 106 88 70 55 42 41 39 74 95 99 58 67 97 105 106 76 47 52 47 48 96 119 127 127 124 114 81 91 110 87 54 37 56 33 31 36 47 42 39 70 50 52 45 36 41 13 8 13 33 33 24 24 22 20 18 15 14 21 6 13 21 38 35 37 45 27 79 31 47 66 84 89 81 100 97 58 45 43 48 39 65 60 52 53 43 44 35 41 47 67 64 78 91 97 95 93 107 118 96 88 64 38 42 71 81 68 73 54 65 29 8 13 19 60 77 89 100 20 35 48 38 45 20 21 31 30 54 60 25 22 58 44 26 31 53 81 91 93 68 47 72 71 122 127 127 116 119 127 111 61 54 54 50 96 32 104 107 95 60 53 90 87 106 127 114 119 112 101 94 81 44 110 124 106 111 84 90 105 97 74 52 27 43 39 50 104 113 117 85 25 45 53 85 127 97 49 43 55 52 91 82 45 36 29 37 35 70 91 105 104 90 90 102 114 113 96 61 65 58 68 79 100 97 97 93 77 95 111 112 108 95 89 84 73 85 102 87 54 39 43 37 32 31 25 30 32 0 0 14 42 49 43 42 61 42 29 18 15 20 19 19 10 18 13 16 25 16 3 6 18 19 33 37 37 36 29 22 20 20 19 13 16 0 -128 -96 -53 -112 -102 -100 -128 -83 -119 0 13 -89 -101 -1 -1 -1 -1 -39 -1 -37 -1 -41 -18 -1 -6 -1 -1 -1 -1 -1 -1 -1 -1 -1 -1 -1 -1 -1 -1 -1 -1 -1 -1 -1 -1 -1 -1 -1 -1 -1 -1 -1 -1 -1 -1 -1 -1 -1 -1
-1 -1 -1 -1 -1 -1 -1 -1 -1 -1 -1 -1 -1 -1 -1 -1 -1 -1 -1 -1 -1 -1 -1 -1 -1 -1 -1 -1 -1 -1 -1 -1 -1 -1 -1 -1 -1 -1 -1 -1 -1 -1 -1 -1 -1 -1 -1 -1 -1 -1 -1 -1 -1 -1 -1 -1 -1 -1 -1 -1 -1 -1 -1 -1 -1 -1 -1 -1 -1 -1 -1 -1 -1 -1 -1 -1 -1 -1 -1 -1 -1 -1 -1 -1 -108 0 0 2 32 32 38 36 33 36 37 37 25 15 37 37 37 41 39 41 25 7 42 43 53 54 60 72 43 30 39 52 62 102 104 89 95 104 81 61 102 100 76 100 94 76 91 100 88 96 104 95 79 77 79 49 81 101 108 91 65 55 83 110 111 90 81 100 110 113 113 102 82 71 64 59 76 94 101 94 64 60 68 94 104 91 111 90 45 43 62 35 49 78 44 53 42 38 58 96 107 106 78 43 100 93 105 127 79 25 29 56 95 106 56 35 26 32 37 53 44 48 12 32 26 10 47 72 95 65 42 19 27 50 41 44 36 22 31 29 55 43 26 38 36 26 22 13 4 12 7 30 64 32 50 64 72 88 97 114 82 61 85 76 67 59 32 54 78 74 68 56 33 32 45 65 96 110 107 96 101 112 105 94 88 85 59 42 35 55 79 89 71 77 55 45 27 26 30 43 60 74 97 35 62 104 82 59 32 35 45 44 45 41 53 13 15 35 47 67 78 72 45 52 79 37 85 124 114 127 119 116 127 94 24 104 105 97 85 111 94 74 102 88 82 93 120 124 96 113 89 67 81 33 36 30 49 106 124 117 110 112 83 59 43 30 26 30 62 48 32 54 83 122 104 72 83 100 108 124 117 99 73 44 29 32 24 39 35 39 49 70 72 62 70 84 87 73 76 101 107 89 76 78 101 93 93 111 100 107 102 76 68 89 97 104 112 111 102 87 56 61 68 61 71 62 65 65 56 20 15 25 16 0 9 25 49 64 62 39 21 13 14 22 18 15 19 24 22 22 19 15 19 9 18 0 9 30 31 22 31 19 15 18 20 18 33 0 -117 -128 0 0 21 10 12 0 0 9 0 -121 -128 -89 -1 -17 -11 -1 -1 -1 -1 -1 -1 -1 -1 -1 -1 -1 -1 -1 -1 -1 -1 -1 -1 -1 -1 -1 -1 -1 -1 -1 -1 -1 -1 -1 -1 -1 -1 -1 -1 -1 -1 -1 -1 -1 -1 -1 -1 -1
-1 -1 97 -1 -1 -1 -1 -1 -1 -1 -1 -1 -1 -1 -1 -1 -1 -1 -1 -1 -1 -1 -1 -1 -2 -1 -1 -1 -1 -1 -1 -1 -1 -1 -1 -1 -1 -1 -1 -1 -1 -1 -1 -1 -1 -1 -1 -1 -1 -1 -1 -1 -1 -1 -1 -1 -1 -1 -1 -1 -1 -1 -1 -1 -1 -1 -1 -1 -1 -1 -1 -1 -1 -1 -1 -1 -1 -1 -1 -1 -1 -1 -1 -1 -98 30 36 37 38 37 37 36 36 38 38 33 33 38 38 37 36 36 35 32 14 6 22 49 44 32 29 42 4 26 31 26 67 91 91 72 83 93 73 56 102 107 93 104 111 85 105 100 78 97 87 91 82 65 62 62 93 106 93 104 94 81 65 105 106 107 101 108 113 102 105 110 96 85 72 87 91 93 95 82 67 101 110 113 104 112 113 89 49 62 60 22 54 44 37 39 54 82 43 56 111 93 45 39 56 108 125 43 52 102 123 108 43 85 88 48 37 45 55 81 73 35 21 26 37 29 37 21 18 42 41 68 37 39 58 71 68 52 60 49 37 22 39 29 62 54 44 49 26 35 55 27 47 53 31 41 55 62 74 106 96 97 74 66 38 44 44 61 73 32 32 54 38 43 70 88 102 76 82 96 100 97 104 95 76 55 39 31 31 53 62 77 91 65 41 35 37 56 45 54 87 89 82 16 70 106 91 59 47 37 50 36 36 45 25 36 4 21 49 49 55 48 49 36 65 44 58 73 108 114 108 117 112 72 91 88 87 65 95 123 114 32 119 118 120 127 89 21 49 53 73 32 37 31 36 36 59 102 125 122 117 124 124 111 67 47 45 55 79 89 82 101 114 123 87 62 31 37 73 71 76 87 50 37 41 48 53 79 83 66 56 72 61 64 83 106 106 90 74 100 105 85 94 111 95 77 72 95 94 87 112 87 96 106 102 87 85 84 91 82 50 60 79 97 78 87 96 77 22 22 29 16 0 0 22 33 33 52 32 25 22 25 26 24 30 16 20 29 20 15 16 10 0 7 18 8 8 27 22 15 22 21 14 22 33 31 25 19 14 10 20 12 20 43 35 13 0 0 -128 -70 -1 -1 -1 -92 -8 -1 -1 -1 -1 -1 -1 -1 -1 -1 -1 -1 -1 -1 -1 -1 -1 -1 -1 -1 -1 -1 -1 -1 -1 -1 -1 -1 -1 -1 -1 -1 -1 -1 -1 -1 -1 -1 -1 -1 -1 -1 -1 -1
-1 -1 -1 -1 -1 -1 -1 -1 -1 -1 -1 -1 -1 -1 -1 -1 -1 -1 -1 -1 -1 -1 -1 -1 -7 -1 -1 -1 -1 -1 -1 -1 -1 -1 -1 -1 -1 -1 -1 -1 -1 -1 -1 -1 -1 -1 -1 -1 -1 -1 -1 -1 -1 -1 -1 -1 -1 -1 -1 -1 -1 -1 -1 -1 -1 -1 -1 -1 -1 -1 -1 -1 -1 -1 -1 -1 -1 -1 -1 -1 -1 -1 -1 -1 -92 32 38 36 39 39 37 36 38 38 38 37 33 15 1 4 29 35 36 36 7 0 0 15 25 4 0 6 27 24 3 25 67 66 76 74 60 68 55 44 79 89 89 94 107 102 99 91 70 77 83 85 78 70 73 101 110 97 77 85 104 106 78 81 114 101 107 117 106 85 82 81 55 48 44 44 50 76 81 95 84 88 90 87 76 91 93 83 55 44 67 39 42 50 61 61 45 50 31 42 93 101 67 61 37 60 83 52 105 83 94 99 100 74 76 107 97 106 95 39 26 56 53 36 49 55 41 32 37 70 114 114 102 65 42 42 64 79 81 79 68 48 62 54 81 62 43 35 49 49 36 42 56 36 64 42 44 62 84 101 108 76 53 36 42 74 94 93 44 39 60 50 55 43 64 78 77 58 85 97 88 110 93 77 61 42 52 41 65 79 82 90 97 78 60 55 38 54 72 78 79 37 18 48 88 104 85 72 60 59 39 35 42 37 47 64 47 6 35 53 43 39 68 42 38 54 41 45 82 89 93 119 107 90 68 93 42 64 90 88 104 104 45 56 54 41 66 79 114 29 107 61 32 47 48 79 101 124 112 79 62 111 107 120 124 101 95 104 106 124 114 119 113 119 119 108 54 33 36 32 38 60 29 42 56 81 64 87 100 81 61 83 81 97 82 76 79 96 76 104 99 79 85 102 104 82 79 94 89 60 107 93 90 116 91 91 97 99 90 70 53 64 87 110 108 102 71 39 19 20 19 16 0 0 21 49 58 50 33 45 49 49 33 30 37 33 27 26 20 15 12 10 4 12 0 19 15 16 18 21 14 21 24 29 21 26 32 54 38 21 25 54 44 49 1 -115 -112 -61 -21 -1 -1 -1 -1 -1 -1 -1 -1 -1 -1 -1 -1 -1 -1 -1 -1 -1 -1 -1 -1 -1 -1 -1 -1 -1 -1 -1 -1 -1 -1 -1 -1 -1 -1 -1 -1 -1 -1 -1 -1 -1 -1 -1 -1 -1 -1 -1 -1 -1
-1 -1 -39 -125 -96 -1 -1 -1 -1 -1 -1 -1 -1 -1 -1 -1 -1 -1 -1 -1 -1 -1 -1 -1 -1 -1 -1 -1 -1 -1 -42 -1 -1 -1 -1 -1 -1 -1 -1 -1 -1 -1 -1 -1 -1 -1 -1 -1 -1 -1 -1 -1 -1 -1 -1 -1 -1 -1 -1 -1 -1 -1 -1 -1 -1 -1 -1 -1 -1 -1 -1 -1 -1 -1 -1 -1 -1 -1 -1 -1 -1 -1 -6 -103 -121 12 38 33 30 35 36 41 38 36 32 6 0 12 32 29 1 0 0 15 33 33 16 0 0 10 10 0 0 0 8 20 41 45 53 49 33 42 37 37 54 65 76 74 91 83 79 65 65 71 84 79 88 65 74 105 101 73 65 56 55 88 93 74 105 105 74 95 100 82 53 44 43 26 58 65 70 78 100 102 105 107 100 99 72 43 50 42 53 39 36 76 82 101 90 22 55 71 70 79 96 77 62 41 48 100 47 74 52 53 49 59 61 105 70 38 44 45 30 94 42 25 24 30 39 72 44 58 53 41 104 97 118 113 74 30 42 53 84 96 54 50 76 59 77 61 44 49 82 53 52 56 82 45 36 65 36 41 70 102 111 99 70 77 54 58 113 94 49 35 68 90 70 38 41 45 50 59 84 102 84 104 93 90 62 71 71 42 62 78 76 78 93 89 73 72 66 74 94 90 35 39 90 111 105 111 102 83 55 35 42 53 65 59 74 59 43 45 42 93 62 54 90 56 58 41 44 43 39 47 76 81 72 85 61 70 33 48 38 50 83 125 105 91 114 84 47 79 125 26 106 106 37 58 45 41 82 123 106 60 31 74 60 68 99 88 100 119 122 100 48 54 42 91 119 117 81 32 62 68 50 39 43 74 77 100 81 89 106 87 82 99 100 72 91 84 78 79 78 81 81 87 77 101 102 96 95 111 84 6 84 100 77 110 95 85 84 93 100 89 61 52 78 79 82 82 85 64 42 42 27 0 0 0 0 48 82 53 66 78 77 70 38 48 52 42 36 36 29 1 0 0 22 18 19 14 15 22 20 13 19 26 22 42 26 32 47 62 52 37 39 26 0 -128 -105 -31 -1 -1 -1 -1 -1 -1 -1 -1 -1 -1 -1 -1 -1 -1 -1 -1 -1 -1 -1 -1 -1 -1 -1 -1 -1 -1 -1 -1 -1 -1 -1 -1 -1 -1 -1 -1 -1 -1 -1 -1 -1 -1 -1 -1 -1 -1 -1 -1 -1 -1 -1 -1
-1 -1 -105 -86 -49 -1 -1 -1 -1 -1 -1 -1 -1 -1 -1 -1 -1 -1 -1 -1 -1 -1 -1 -1 -1 -1 -1 -1 -1 -83 -119 -1 -1 -1 -1 -1 -1 -1 -1 -1 -1 -1 -1 -1 -1 -1 -1 -1 -1 -1 -1 -1 -1 -1 -1 -1 -1 -1 -1 -1 -1 -1 -1 -1 -1 -1 -1 -1 -1 -1 -1 -1 -1 -1 -1 -1 -1 -1 -1 -1 -1 -1 -8 -128 -128 -107 0 0 0 0 33 39 33 9 0 0 29 37 37 37 32 10 22 0 25 38 35 10 8 15 9 0 1 0 0 6 19 31 26 10 26 36 33 32 25 13 43 60 58 47 58 56 62 79 77 70 72 73 85 85 105 99 70 59 52 84 101 85 95 105 104 84 62 58 42 33 38 31 71 91 87 96 105 83 90 73 91 105 93 53 38 30 85 70 49 32 94 114 50 32 48 44 71 76 93 76 39 45 97 97 64 72 27 31 39 35 47 74 114 100 108 113 97 58 25 38 45 64 56 77 56 68 66 43 62 55 52 47 71 55 38 60 76 107 76 84 89 66 81 39 52 33 64 91 76 55 84 73 48 42 32 67 89 91 93 113 102 76 52 44 65 31 26 39 58 99 87 71 53 39 72 89 88 97 95 90 114 79 54 79 62 35 47 70 72 79 101 76 62 78 87 88 90 71 21 102 102 87 79 78 76 67 50 60 67 87 85 90 65 43 56 55 53 100 90 82 127 105 88 53 30 38 33 36 55 70 110 61 95 39 22 32 47 97 125 122 99 56 61 61 38 108 91 47 60 30 24 53 76 49 54 60 88 35 41 31 27 50 38 21 52 52 83 93 35 27 30 90 64 33 84 55 32 68 87 56 37 72 99 104 99 85 96 50 47 47 60 22 22 82 101 110 95 36 21 25 44 112 89 91 94 73 56 0 96 73 62 106 99 71 71 66 94 91 91 47 42 44 56 71 77 66 56 44 6 0 18 0 7 61 78 68 79 99 71 48 49 59 79 66 52 30 27 16 19 0 1 21 19 14 14 14 18 21 29 31 44 59 58 45 36 30 37 20 7 -128 -121 -13 -1 -1 -1 -1 -1 -1 -1 -1 -1 -1 -1 -1 -1 -1 -1 -1 -1 -1 -1 -1 -1 -1 -1 -1 -1 -1 -1 -1 -1 -1 -1 -1 -1 -1 -1 -1 -1 -1 -1 -1 -1 -1 -1 -1 -1 -1 -1 -1 -1 -1 -1 -1 -1 -1
-1 -1 -31 -128 -1 -1 -1 -1 -1 -1 -1 -1 -1 -1 -1 -1 -1 -1 -1 -1 -1 -1 -1 -1 -1 -1 -1 -1 -20 -112 -97 -1 -1 -1 -1 -1 -1 -1 -1 -1 -1 -1 -1 -1 -1 -1 -1 -1 -1 -1 -1 -1 -1 -1 -1 -1 -1 -1 -1 -1 -1 -1 -1 -1 -1 -1 -1 -1 -1 -1 -1 -1 -1 -1 -1 -1 -1 -1 -1 -1 -1 -1 -11 -128 -120 -106 0 0 0 0 0 0 0 0 0 6 32 39 37 37 36 39 39 31 0 0 20 9 21 2 1 9 9 0 0 0 0 0 7 22 29 33 33 32 29 21 12 24 36 50 49 67 85 87 74 71 71 78 96 85 95 100 99 89 78 73 82 83 89 114 100 84 41 38 53 33 72 60 70 91 106 101 93 64 87 47 62 91 100 90 54 71 96 78 76 42 71 110 31 37 65 42 43 37 74 90 81 44 58 77 71 74 35 49 37 38 42 74 104 67 60 77 108 83 42 39 61 74 85 83 67 70 79 61 29 33 30 31 39 77 39 29 58 89 104 101 105 93 88 44 30 30 61 100 79 58 97 82 58 36 37 56 60 68 89 104 96 65 64 42 38 31 53 62 77 96 105 94 64 32 60 81 104 88 87 96 105 62 66 94 58 42 54 48 56 84 111 79 53 74 105 106 100 35 65 116 82 64 52 64 59 53 78 82 96 108 102 72 42 62 84 104 93 31 87 116 124 120 112 60 37 72 83 79 85 89 120 45 95 55 30 48 48 112 122 105 106 72 32 30 35 73 99 18 64 27 42 48 72 65 38 29 43 27 58 54 58 48 29 52 27 32 65 67 35 49 50 79 21 38 33 19 55 88 97 71 35 58 85 105 83 35 43 20 33 27 47 96 87 30 12 58 106 102 106 96 26 81 87 71 24 12 37 0 68 47 7 82 64 35 60 65 104 108 101 77 60 35 44 72 29 33 35 19 0 31 42 38 39 43 62 91 102 111 105 88 84 99 108 91 67 53 30 31 54 0 2 32 18 9 13 27 38 26 38 45 76 88 58 36 19 21 0 -112 -128 -45 -1 -1 -1 -1 -1 -1 -1 -1 -1 -1 -1 -1 -1 -1 -1 -1 -1 -1 -1 -1 -1 -1 -1 -1 -1 -1 -1 -1 -1 -1 -1 -1 -1 -1 -1 -1 -1 -1 -1 -1 -1 -1 -1 -1 -1 -1 -1 -1 -1 -1 -1 -1 -1 -1 -1 -1
-1 -1 -1 -1 -1 -1 -1 -1 -1 -1 -1 -1 -1 -1 -1 -1 -1 -1 -1 -1 -1 -1 -1 -1 -1 -1 -1 -1 -1 -114 -65 -1 -1 -1 -1 -1 -1 -1 -1 -1 -1 -1 -1 -1 -1 -1 -1 -1 -1 -1 -1 -1 -1 -1 -1 -1 -1 -1 -1 -1 -1 -1 -1 -1 -1 -1 -1 -1 -1 -1 -1 -1 -1 -1 -1 -1 -1 -1 -1 -1 -1 -1 -1 -36 -128 0 0 24 38 38 21 1 1 4 10 0 0 0 27 37 39 33 36 35 32 24 8 4 20 7 0 9 0 0 0 0 7 9 16 26 31 33 32 32 33 33 21 18 44 48 64 78 85 91 87 79 78 85 102 99 85 97 111 81 65 89 100 94 91 105 74 61 38 62 60 31 77 106 108 105 111 106 59 54 47 45 36 71 100 112 110 96 71 41 48 61 123 112 67 94 125 104 53 29 76 47 49 62 36 59 47 29 30 61 52 64 38 61 102 43 30 38 52 90 70 42 39 54 77 105 91 79 87 79 53 68 73 54 49 48 33 41 55 76 91 90 100 110 78 64 87 79 94 105 106 73 107 95 64 55 52 65 94 105 84 100 110 95 83 61 33 38 59 72 82 107 118 94 66 48 76 94 107 95 77 100 116 74 90 112 77 73 97 59 84 83 104 88 81 94 97 83 56 20 89 101 96 83 71 95 91 78 105 112 104 89 82 81 48 71 78 99 125 79 68 44 49 24 67 49 60 73 84 66 87 93 53 79 81 39 31 60 37 90 94 95 123 88 32 53 38 48 100 55 22 73 50 36 66 77 59 54 37 52 35 78 81 52 33 73 59 62 31 36 35 68 55 37 30 73 64 60 60 96 106 87 54 67 77 82 76 47 64 91 90 104 95 97 101 101 89 18 85 90 82 29 2 -73 49 89 16 68 64 31 15 0 0 31 0 8 9 55 78 67 58 58 61 42 38 26 8 2 25 0 30 56 43 43 55 66 65 68 82 102 107 99 82 61 91 84 53 36 37 48 43 14 6 20 18 20 39 47 59 50 49 50 59 56 30 0 0 -125 -116 -60 -60 -1 -1 -1 -1 -1 -1 -1 -1 -1 -1 -1 -1 -1 -1 -1 -1 -1 -1 -1 -1 -1 -1 -1 -1 -1 -1 -1 -1 -1 -1 -1 -1 -1 -1 -1 -1 -1 -1 -1 -1 -1 -1 -1 -1 -1 -1 -1 -1 -1 -1 -1 -1 -1 -1 -1 -1 -1
-128 -68 -67 -1 -1 -1 -1 -1 -1 -1 -1 -1 -1 -1 -1 -1 -1 -1 -1 -1 -1 -1 -1 -1 -1 -1 -1 -1 -1 -1 -1 -1 -1 -1 -1 -1 -1 -1 -1 -1 -1 -1 -1 -1 -1 -1 -1 -1 -1 -1 -1 -1 -1 -1 -1 -1 -1 -1 -1 -1 -1 -1 -1 -1 -1 -1 -1 -1 -1 -1 -1 -1 -1 -1 -1 -1 -1 -1 -1 -1 -1 -1 -1 -1 -97 32 37 38 38 36 38 37 32 29 38 35 35 21 0 10 33 38 36 37 22 26 35 33 20 0 16 14 7 7 7 0 10 10 15 16 20 26 26 27 31 32 27 14 35 42 47 49 56 64 74 87 100 95 108 101 97 96 99 95 73 70 67 87 79 106 106 84 49 39 47 45 96 81 66 64 77 101 73 60 66 58 58 38 64 99 100 108 78 43 105 114 127 119 119 123 99 58 21 53 70 58 106 50 49 50 61 31 49 66 65 62 42 56 91 59 29 39 44 50 27 29 38 58 65 71 41 44 45 62 84 99 77 62 33 38 52 38 36 47 53 78 100 87 56 71 104 94 84 88 96 91 105 107 88 89 68 90 106 100 102 108 116 95 78 53 39 32 38 56 67 101 114 100 79 70 82 89 84 89 72 95 108 73 99 96 101 101 94 88 95 82 112 87 91 87 76 18 9 89 100 88 110 89 85 88 99 96 114 94 91 72 60 62 50 38 48 85 112 54 52 47 37 35 26 74 72 65 9 58 52 68 105 99 101 35 42 62 48 36 36 61 110 67 41 59 59 48 53 25 68 33 38 41 64 90 74 73 48 76 41 55 90 55 41 62 91 65 36 71 81 91 79 49 36 61 89 102 107 107 105 95 76 60 66 76 36 38 105 82 61 88 77 56 81 90 89 72 4 15 32 60 93 54 19 38 29 62 58 87 79 0 0 0 42 84 27 0 0 0 0 9 0 1 33 0 0 2 0 16 18 19 39 54 48 56 77 89 81 76 83 67 42 41 65 53 65 39 56 33 26 12 9 20 33 33 32 31 52 39 19 13 29 33 0 -128 -46 -1 -1 -1 -1 -1 -1 -1 -1 -1 -1 -1 -1 -1 -1 -1 -1 -1 -1 -1 -1 -1 -1 -1 -1 -1 -1 -1 -1 -1 -1 -1 -1 -1 -1 -1 -1 -1 -1 -1 -1 -1 -1 -1 -1 -1 -1 -1 -1 -1 -1 -1 -1 -1 -1 -1 -1 -1 -1 -1 -1 -1
3 0 0 -42 -1 -1 -1 -1 -1 -1 -1 -1 -1 -1 -1 -1 -1 -1 -1 -1 -1 -1 -1 -1 -1 -1 -1 -1 -1 -1 -1 -1 -1 -1 -1 -1 -1 -1 -1 -1 -1 -1 -1 -1 -1 -1 -1 -1 -1 -1 -1 -1 -1 -1 -1 -1 -1 -1 -1 -1 -1 -1 -1 -1 -1 -1 -1 -1 -1 -1 -1 -1 -1 -1 -1 -1 -1 -1 -1 -1 -1 -1 -1 -13 -120 31 33 42 38 30 36 36 37 37 35 37 39 37 24 0 0 30 35 36 35 29 31 29 27 22 20 18 13 10 10 8 10 8 12 1 0 20 21 25 32 35 32 15 22 26 38 30 44 44 83 107 110 112 113 101 102 102 111 89 78 61 72 97 85 87 106 74 62 38 54 36 79 45 45 50 37 49 61 47 88 101 84 44 53 91 68 102 81 42 89 125 127 13 19 27 71 47 37 43 39 48 118 111 79 60 102 47 61 42 44 27 47 30 42 50 31 60 45 30 41 55 56 66 66 36 74 88 85 59 45 93 79 97 71 81 79 68 77 56 64 105 99 100 66 62 91 81 10 20 105 72 94 108 104 94 64 72 89 84 105 79 76 83 60 38 41 71 65 59 94 104 104 105 81 73 73 106 95 101 78 96 106 93 90 88 87 89 94 93 76 77 89 83 77 61 15 30 71 87 70 78 93 85 89 111 111 111 101 73 65 43 45 44 38 36 38 70 38 32 27 37 38 41 26 2 8 22 44 41 66 124 111 72 41 29 52 67 29 45 38 43 105 100 56 36 71 42 29 49 100 49 68 45 38 56 84 74 37 48 32 54 81 78 37 44 96 77 45 48 76 90 65 45 52 35 60 54 78 72 90 78 66 70 82 82 26 84 100 97 78 54 52 61 70 71 90 71 55 71 24 93 106 85 59 45 70 88 47 62 60 15 54 45 9 68 0 0 21 36 26 21 50 6 0 2 55 66 48 67 53 33 35 53 78 84 79 54 50 72 58 36 24 37 41 37 38 37 44 30 29 21 13 13 21 30 25 19 33 22 26 15 3 0 -128 -1 -1 -1 -1 -1 -1 -1 -1 -1 -1 -1 -1 -1 -1 -1 -1 -1 -1 -1 -1 -1 -1 -1 -1 -1 -1 -1 -1 -1 -1 -1 -1 -1 -1 -1 -1 -1 -1 -1 -1 -1 -1 -1 -1 -1 -1 -1 -1 -1 -1 -1 -1 -1 -1 -1 -1 -1 -1 -1 -1 -1 -1 -1
41 26 22 -115 -11 -1 -1 -1 -1 -1 -1 -1 -1 -1 -1 -1 -1 -1 -1 -1 -1 -1 -1 -1 -1 -1 -1 -1 -1 -1 -1 -1 -1 -1 -1 -1 -1 -1 -1 -1 -1 -1 -1 -1 -1 -1 -1 -1 -1 -1 -1 -1 -1 -1 -1 -1 -1 -1 -1 -1 -1 -1 -1 -1 -1 -1 -1 -1 -1 -1 -1 -1 -1 -1 -1 -1 -1 -1 -1 -1 -1 -1 -1 -1 -126 -87 0 25 39 32 36 37 36 30 36 35 37 32 37 33 6 0 18 10 0 10 18 21 26 22 15 12 14 9 6 8 9 6 7 0 0 18 29 38 49 53 38 50 52 52 49 52 64 61 83 110 117 106 100 84 89 105 102 97 89 70 83 89 83 89 102 97 67 53 41 31 54 60 35 56 47 53 60 49 82 116 88 36 50 54 49 94 53 61 122 124 90 67 83 117 45 71 36 64 96 104 71 24 39 102 118 120 108 58 38 52 59 59 56 33 22 66 52 32 58 81 66 42 49 79 76 66 74 99 70 31 48 36 49 26 45 33 44 41 68 84 66 70 81 74 83 24 62 22 73 50 64 108 82 68 58 56 78 84 105 84 71 59 45 32 54 95 91 64 104 100 90 108 88 95 87 93 105 97 73 89 89 90 90 73 35 20 19 66 54 20 15 1 1 24 83 93 71 76 96 85 84 107 108 106 78 104 91 70 43 42 42 41 60 68 70 58 24 41 52 68 49 33 22 37 84 41 29 27 53 99 59 49 31 29 59 74 72 53 55 78 78 48 25 31 72 41 54 83 120 43 106 110 90 36 39 58 53 43 48 38 76 99 73 54 87 99 76 73 96 102 73 33 32 36 31 36 43 61 88 41 43 35 26 25 66 96 93 95 100 77 76 81 97 90 89 67 76 76 85 110 87 94 106 105 100 53 62 84 82 3 0 0 15 2 56 60 61 41 43 78 55 29 0 30 52 88 79 82 61 24 25 31 44 39 39 45 74 53 32 24 20 37 32 27 22 32 38 41 25 25 25 19 27 36 15 0 0 0 0 -120 -128 -128 -1 -1 -1 -1 -1 -1 -1 -1 -1 -1 -1 -1 -1 -1 -1 -1 -1 -1 -1 -1 -1 -1 -1 -1 -1 -1 -1 -1 -1 -1 -1 -1 -1 -1 -1 -1 -1 -1 -1 -1 -1 -1 -1 -1 -1 -1 -1 -1 -1 -1 -1 -1 -1 -1 -1 -1 -1 -1 -1 -1 -1 -1 -1 -1
0 0 32 0 -60 -1 -44 -22 -1 -1 -1 -1 -1 -1 -1 -1 -1 -1 -1 -1 -1 -1 -1 -1 -1 -1 -1 -1 -68 -2 -1 -1 -1 -1 -1 -1 -1 -1 -1 -1 -1 -1 -1 -1 -1 -1 -1 -1 -1 -1 -1 -1 -1 -1 -1 -1 -1 -1 -1 -1 -1 -1 -1 -1 -1 -1 -1 -1 -1 -1 -1 -1 -1 -1 -1 -1 -1 -1 -1 -1 -1 -1 -1 -1 -41 -128 0 25 38 39 39 38 37 32 37 37 36 29 27 27 22 30 3 0 0 0 0 0 0 0 0 0 0 0 0 0 0 0 0 0 18 32 62 70 82 70 45 61 78 85 84 74 91 74 81 101 107 95 106 110 108 111 107 102 100 85 90 104 110 95 105 107 95 73 38 50 43 48 53 74 85 78 111 67 77 50 52 24 44 64 50 66 64 44 55 88 53 87 39 72 97 44 94 62 53 49 71 113 82 45 101 91 81 72 33 45 71 61 59 56 37 73 77 38 55 67 48 73 77 83 53 33 48 77 106 101 95 96 82 100 87 89 91 76 41 56 44 15 45 67 48 60 94 89 39 18 91 85 49 41 38 73 100 96 90 105 97 58 54 53 83 106 107 99 104 88 88 108 105 110 111 89 81 84 70 85 56 13 24 21 33 61 54 13 24 56 45 71 95 108 110 101 111 114 106 97 107 111 87 72 73 87 88 62 36 60 49 48 74 113 77 35 36 41 71 78 50 58 44 64 99 62 25 53 38 47 25 31 43 61 65 99 74 47 27 82 67 26 48 70 78 42 52 39 82 100 45 60 81 32 50 39 67 42 33 52 70 100 90 78 91 110 104 85 94 111 84 62 76 59 64 70 45 49 66 48 84 85 95 89 88 91 89 91 106 108 104 90 84 85 87 81 74 102 113 111 95 114 104 97 85 67 67 97 110 78 78 26 0 38 89 107 79 49 42 81 50 37 48 68 70 82 111 100 56 72 49 31 36 44 52 53 54 37 30 12 21 21 20 25 22 29 32 29 19 19 13 24 16 0 -112 -108 -72 -86 -92 -128 -32 -60 -6 -1 -1 -1 -1 -1 -1 -1 -1 -1 -1 -1 -1 -1 -1 -1 -1 -1 -1 -1 -1 -1 -1 -1 -1 -1 -1 -1 -1 -1 -1 -1 -1 -1 -1 -1 -1 -1 -1 -1 -1 -1 -1 -1 -1 -1 -1 -1 -1 -1 -1 -1 -1 -1 -1 -1 -1 -1 -1 -1 -1 -1 -1 -1
-1 -112 0 14 -111 -128 -128 -39 -1 -1 -1 -1 -1 -1 -1 -1 -1 -1 -1 -1 -1 -1 -1 -1 -1 -1 -1 -1 -114 -94 -1 -1 -1 -1 -1 -1 -1 -1 -1 -1 -1 -1 -1 -1 -1 -1 -1 -1 -1 -1 -1 -1 -1 -1 -1 -1 -1 -1 -1 -1 -1 -1 -1 -1 -1 -1 -1 -1 -1 -1 -1 -1 -1 -1 -1 -1 -1 -1 -1 -1 -1 -1 -1 96 -1 -73 27 41 43 36 37 33 36 37 37 30 21 13 22 35 19 14 36 37 36 35 32 32 26 19 19 4 0 1 1 0 3 3 0 21 33 55 84 101 102 70 53 74 79 102 110 110 107 88 77 88 107 96 107 116 110 101 120 96 84 91 111 116 117 114 113 97 110 96 55 31 42 35 52 94 125 127 120 120 105 70 47 32 55 76 37 33 72 48 39 90 38 102 53 26 88 108 56 78 87 110 74 74 70 32 42 27 35 30 52 45 36 50 36 58 37 59 84 49 59 52 60 64 39 39 33 41 67 104 108 82 53 78 89 73 94 91 84 87 91 61 71 108 77 7 36 110 85 88 97 50 66 96 66 64 61 56 87 94 81 101 112 88 91 82 102 110 95 111 105 93 74 106 88 89 106 79 12 15 21 31 21 68 106 67 70 97 97 85 106 88 90 93 110 106 97 112 97 97 97 108 112 99 72 49 44 48 72 59 32 67 68 97 93 108 68 29 47 62 66 85 81 59 42 49 53 71 33 64 70 35 64 53 70 94 106 101 52 45 60 100 79 68 53 30 78 61 38 42 38 31 87 20 64 39 36 43 73 78 76 73 88 102 85 102 84 94 112 110 90 102 91 90 93 83 93 100 87 90 59 71 95 94 102 88 97 102 107 89 101 114 104 95 110 105 112 102 81 102 99 89 107 112 110 105 104 65 70 110 106 100 100 59 45 84 112 85 59 45 64 78 73 83 87 84 106 101 111 101 97 74 45 33 30 38 44 36 45 42 20 15 12 16 25 33 37 37 38 14 25 24 18 9 16 -128 -79 -8 -1 -1 -13 -93 -39 -1 -1 -1 -1 -1 -1 -1 -1 -1 -1 -1 -1 -1 -1 -1 -1 -1 -1 -1 -1 -1 -1 -1 -1 -1 -1 -1 -1 -1 -1 -1 -1 -1 -1 -1 -1 -1 -1 -1 -1 -1 -1 -1 -1 -1 -1 -1 -1 -1 -1 -1 -1 -1 -1 -1 -1 -1 -1 -1 -1 -1 -1 -1 -1 -1
-1 -1 -128 0 0 -128 -45 -1 -1 -1 -1 -1 -1 -1 -1 -1 -1 -1 -1 -1 -1 -1 -1 -1 -1 -1 -1 -1 -1 -13 -1 -1 -1 -1 -1 -1 -1 -1 -1 -1 -1 -1 -1 -1 -1 -1 -1 -1 -1 -1 -1 -1 -1 -1 -1 -1 -1 -1 -1 -1 -1 -1 -1 -1 -1 -1 -1 -1 -1 -1 -1 -1 -1 -1 -1 -1 -1 -1 -1 -1 -1 -1 -1 -1 -1 -50 0 36 41 38 37 26 33 29 35 4 0 0 36 30 2 7 29 21 20 31 30 32 24 19 16 0 0 0 0 0 30 30 21 25 31 54 89 106 85 73 64 84 102 113 114 106 107 106 90 101 102 91 108 107 90 91 116 97 89 85 84 101 105 117 112 83 89 93 84 58 54 30 94 123 127 125 123 123 104 56 45 44 71 50 29 60 41 41 56 62 58 79 58 32 38 91 100 66 38 95 85 20 29 38 39 45 44 58 30 25 36 56 32 52 47 33 49 52 48 48 90 66 45 54 36 82 97 110 93 49 41 39 44 42 61 52 38 79 105 100 96 81 66 55 95 97 62 68 99 61 49 107 84 96 88 88 94 111 81 100 105 105 105 100 104 97 90 96 108 83 72 78 27 20 70 73 1 9 72 48 54 99 91 73 100 106 106 116 108 111 113 114 105 79 71 87 87 74 90 104 108 104 83 68 54 41 65 50 39 72 117 123 110 108 76 39 37 56 71 93 88 62 42 55 25 54 25 58 90 66 66 81 88 113 84 67 44 31 50 106 124 113 36 35 81 93 89 65 43 53 52 2 20 33 55 71 36 70 68 44 42 52 39 43 45 42 42 97 78 104 107 54 91 88 8 19 26 90 42 41 101 106 116 116 111 108 91 99 112 97 97 106 108 104 111 102 89 90 101 112 100 104 88 95 104 83 74 100 111 95 106 97 62 94 108 99 76 65 85 91 88 71 71 106 104 101 95 76 64 72 53 39 30 37 39 39 52 58 26 16 14 29 45 67 30 22 31 9 0 3 -115 -128 0 -128 -1 -1 -1 -1 -1 -1 -1 -1 -1 -1 -1 -1 -1 -1 -1 -1 -1 -1 -1 -1 -1 -1 -1 -1 -1 -1 -1 -1 -1 -1 -1 -1 -1 -1 -1 -1 -1 -1 -1 -1 -1 -1 -1 -1 -1 -1 -1 -1 -1 -1 -1 -1 -1 -1 -1 -1 -1 -1 -1 -1 -1 -1 -1 -1 -1 -1 -1 -1 -1 -1 -1 -1
-1 -1 -1 -77 -128 -1 -1 -1 -1 -1 -1 -1 -1 -1 -1 -1 -1 -1 -1 -1 -1 -1 -1 -1 -1 -1 -1 -1 -1 -1 -1 -1 -1 -1 -1 -1 -1 -1 -1 -1 -1 -1 -1 -1 -1 -1 -1 -1 -1 -1 -1 -1 -1 -1 -1 -1 -1 -1 -1 -1 -1 -1 -1 -1 -1 -1 -1 -1 -1 -1 -1 -1 -1 -1 -1 -1 -1 -1 -1 -1 -1 -1 -1 -1 -1 -31 -105 0 0 37 20 25 32 37 18 0 10 32 49 29 29 19 21 12 3 13 20 24 21 14 0 0 0 0 16 18 41 37 29 37 25 58 82 105 100 74 70 97 110 104 87 76 105 107 102 104 111 94 89 93 66 88 100 90 76 77 72 72 78 95 104 81 67 77 73 56 66 74 79 125 116 106 122 112 111 99 79 66 67 18 37 37 68 52 62 49 64 42 29 35 52 45 61 45 27 87 93 71 38 53 61 60 73 82 72 55 68 84 73 32 39 67 64 10 27 78 73 73 33 36 44 81 67 73 95 58 33 37 50 37 37 39 33 58 67 71 70 89 37 95 79 47 44 45 72 83 24 62 59 108 99 99 102 95 76 83 112 104 97 95 97 101 101 91 93 83 59 6 6 48 0 8 20 54 93 96 76 73 64 81 106 116 99 96 89 105 100 99 94 62 42 47 64 42 48 78 111 106 79 65 41 39 58 37 42 60 105 90 65 52 76 93 39 44 54 74 100 91 50 36 44 36 33 68 106 95 78 99 101 101 93 74 58 37 77 114 94 91 81 36 44 58 95 79 47 37 32 0 38 73 76 87 61 26 65 102 102 88 93 89 85 87 81 47 58 31 53 43 60 102 41 97 55 50 20 91 108 113 110 91 84 91 99 110 89 81 96 100 108 101 96 94 94 112 106 112 104 84 89 106 96 77 77 93 95 106 100 95 79 79 108 105 68 94 104 76 68 81 66 68 71 78 65 56 54 70 55 45 36 38 49 64 60 47 37 20 20 19 33 29 12 21 13 3 -115 -128 -128 -89 -98 -1 -1 -1 -1 -1 -1 -1 -1 -1 -1 -1 -1 -1 -1 -1 -1 -1 -1 -1 -1 -1 -1 -1 -1 -1 -1 -1 -1 -1 -1 -1 -1 -1 -1 -1 -1 -1 -1 -1 -1 -1 -1 -1 -1 -1 -1 -1 -1 -1 -1 -1 -1 -1 -1 -1 -1 -1 -1 -1 -1 -1 -1 -1 -1 -1 -1 -1 -1 -1 -1 -1 -1 -1
-1 -1 -1 -55 -35 -1 -1 97 -1 -1 -1 -1 -1 -1 -1 -1 -1 -1 -1 -1 -1 -1 -1 -1 -1 -1 -1 -1 -1 -1 -1 -1 -1 -1 -1 -1 -1 -1 -1 -1 -1 -1 -1 -1 -1 -1 -1 -1 -1 -1 -1 -1 -1 -1 -1 -1 -1 -1 -1 -1 -1 -1 -1 -1 -1 -1 -1 -1 -1 -1 -1 -1 -1 -1 -1 -1 -1 -1 -1 -1 -1 -1 -1 -1 -1 -94 0 36 30 39 37 33 36 35 20 27 53 74 58 12 16 15 12 0 0 0 0 12 4 0 0 27 44 44 49 72 54 35 0 42 30 72 106 102 99 77 74 100 106 94 72 59 79 85 96 116 116 110 83 62 53 82 81 72 67 48 44 59 41 58 70 66 41 41 52 50 77 117 112 125 111 107 116 107 107 118 116 97 65 58 58 32 56 113 59 32 36 31 36 48 61 26 38 31 35 59 113 72 44 41 50 49 47 58 70 89 85 76 54 50 48 47 50 27 53 83 61 45 38 55 37 53 44 44 50 45 61 60 64 45 44 37 39 35 39 50 73 93 42 99 64 38 35 59 104 101 60 30 -36 54 101 37 60 97 77 108 102 94 95 81 76 79 24 43 73 61 9 30 0 43 73 56 83 90 68 61 82 90 93 111 112 101 83 73 68 82 74 60 58 41 56 41 32 37 45 74 106 88 62 42 38 35 43 49 70 91 85 64 38 30 39 68 91 54 33 60 99 79 50 30 65 71 60 89 90 95 99 110 108 73 52 49 53 73 114 85 30 44 64 41 30 52 85 110 96 84 67 1 48 73 89 78 95 82 61 95 83 84 84 81 87 74 66 76 94 71 76 47 29 29 25 101 95 71 87 100 110 88 76 68 90 104 105 110 100 85 79 76 89 78 84 89 106 106 104 113 90 89 105 84 72 73 91 107 110 107 107 101 99 93 111 99 105 104 78 101 106 96 78 66 48 44 42 43 39 37 41 53 61 60 47 52 24 14 25 20 24 22 20 27 31 15 -120 -101 -105 -53 -94 -124 -124 -1 -1 -1 -1 -1 -1 -1 -1 -1 -1 -1 -1 -1 -1 -1 -1 -1 -1 -1 -1 -1 -1 -1 -1 -1 -1 -1 -1 -1 -1 -1 -1 -1 -1 -1 -1 -1 -1 -1 -1 -1 -1 -1 -1 -1 -1 -1 -1 -1 -1 -1 -1 -1 -1 -1 -1 -1 -1 -1 -1 -1 -1 -1 -1 -1 -1 -1 -1 -1 -1 -1 -1 -1
-1 -1 -1 -1 -1 -1 -1 -1 -1 -1 -1 -1 -1 -1 -1 -1 -1 -1 -1 -1 -1 -1 -1 -1 -1 -1 -1 -1 -1 -1 -1 -1 -1 -1 -1 -1 -1 -1 -1 -1 -1 -1 -1 -1 -1 -1 -1 -1 -1 -1 -1 -1 -1 -1 -1 -1 -1 -1 -1 -1 -1 -1 -1 -1 -1 -1 -1 -1 -1 -1 -1 -1 -1 -1 -1 -1 -1 -1 -1 -1 -1 -1 -1 -1 -16 -128 0 32 16 20 30 0 0 0 35 60 82 78 49 36 32 16 3 0 0 9 0 3 0 0 31 58 81 79 77 73 52 19 16 41 45 65 88 106 111 96 83 91 117 105 68 44 47 47 81 93 95 110 85 53 42 53 61 43 45 47 37 54 45 58 45 44 52 95 106 118 123 127 125 110 108 107 95 107 89 91 120 116 119 114 94 61 76 54 82 67 31 54 49 50 37 32 54 50 41 87 94 111 88 44 38 45 56 49 33 74 74 53 32 42 56 62 26 56 64 66 53 53 32 53 42 64 77 84 66 67 90 77 53 42 36 44 61 50 62 49 82 83 88 107 76 54 37 66 100 96 102 78 7 22 87 48 -25 50 67 83 94 85 68 21 7 0 0 0 0 8 60 89 87 83 84 94 90 102 72 84 111 114 116 116 102 82 61 43 55 70 58 36 47 41 89 87 67 54 39 49 91 88 58 37 47 45 30 36 56 99 54 27 36 36 53 36 68 38 35 78 108 101 66 50 76 100 85 87 93 105 94 100 68 73 37 47 81 96 44 55 38 61 38 39 53 88 102 96 82 84 48 3 43 66 53 84 90 55 37 89 56 70 61 68 84 64 47 82 71 81 106 91 9 83 82 99 77 82 82 101 110 108 90 82 95 94 89 105 107 106 89 60 83 84 100 105 110 112 106 95 108 101 101 84 71 93 102 113 102 113 116 105 97 107 94 87 96 88 110 100 85 72 58 55 62 66 70 54 55 56 68 74 71 41 35 16 22 33 31 21 35 49 42 53 22 16 -128 -110 -68 -28 -128 -124 -91 -9 -1 -1 -1 -1 -1 -1 -1 -1 -1 -1 -1 -1 -1 -1 -1 -1 -1 -1 -1 -1 -1 -1 -1 -1 -1 -1 -1 -1 -1 -1 -1 -1 -1 -1 -1 -1 -1 -1 -1 -1 -1 -1 -1 -1 -1 -1 -1 -1 -1 -1 -1 -1 -1 -1 -1 -1 -1 -1 -1 -1 -1 -1 -1 -1 -1 -1 -1 -1 -1 -1 -1 -1
-1 -1 -1 -1 -1 -1 -1 -1 -1 -1 -1 -1 -1 -1 -1 -1 -1 -1 -1 -1 -1 -1 -1 -1 -1 -1 -1 -1 -1 -1 -1 -1 -1 -1 -1 -1 -1 -1 -1 -1 -1 -1 -1 -1 -1 -1 -1 -1 -1 -1 -1 -1 -1 -1 -1 -1 -1 -1 -1 -1 -1 -1 -1 -1 -1 -1 -1 -1 -1 -1 -1 -1 -1 -1 -1 -1 -1 -1 -1 -1 -1 -1 -1 -1 -61 -128 0 21 10 26 0 0 13 25 7 52 74 74 36 35 26 8 15 0 31 54 10 0 7 18 41 70 85 84 88 70 48 52 66 58 58 70 84 108 107 113 97 91 110 114 83 44 35 36 45 61 71 90 85 58 36 41 43 39 37 48 32 31 33 29 37 76 119 127 118 123 127 108 105 93 107 114 73 43 44 90 91 106 123 125 116 79 12 59 82 56 37 53 54 37 25 52 64 45 66 58 50 88 97 66 72 100 111 54 43 54 66 35 43 68 78 87 39 58 67 43 54 56 60 91 112 127 113 116 112 53 22 21 44 29 37 44 87 88 90 84 96 100 116 104 88 53 33 47 61 59 88 42 74 48 32 26 -26 -53 43 66 76 43 6 48 65 16 31 78 85 87 79 108 97 85 81 90 100 99 73 83 113 108 104 100 84 65 45 39 38 54 55 33 70 68 88 60 53 30 36 41 53 88 65 38 54 64 37 61 83 112 62 27 54 38 73 48 56 37 43 79 94 104 89 74 99 91 81 87 107 82 60 76 48 41 58 77 93 81 16 38 31 72 76 89 79 110 102 68 56 44 42 3 37 41 47 85 58 42 36 85 58 44 37 66 85 50 44 77 56 73 104 102 90 85 93 106 88 65 87 110 111 106 107 76 79 84 107 116 113 107 97 87 100 112 106 100 107 101 85 82 100 100 85 89 85 107 116 107 95 101 100 99 105 105 90 102 101 107 108 99 89 79 66 84 88 84 91 77 68 78 77 58 60 67 64 58 64 49 16 22 35 61 53 37 21 13 -98 -83 -1 -1 -53 -1 -1 -1 -1 -1 -1 -1 -1 -1 -1 -1 -1 -1 -1 -1 -1 -1 -1 -1 -1 -1 -1 -1 -1 -1 -1 -1 -1 -1 -1 -1 -1 -1 -1 -1 -1 -1 -1 -1 -1 -1 -1 -1 -1 -1 -1 -1 -1 -1 -1 -1 -1 -1 -1 -1 -1 -1 -1 -1 -1 -1 -1 -1 -1 -1 -1 -1 -1 -1 -1 -1 -1 -1 -1 -1
-1 -1 -1 -1 -1 -1 -1 -1 -1 -1 -1 -1 -1 -1 -1 -1 -1 -1 -1 -1 -1 -1 -1 -1 -1 -1 -1 -1 -1 -1 -1 -1 -1 -1 -1 -1 -1 -1 -1 -1 -1 -1 -1 -1 -1 -1 -1 -1 -1 -1 -1 -1 -1 -1 -1 -1 -1 -1 -1 -1 -1 -1 -1 -1 -1 -1 -1 -1 -1 -1 -1 -1 -1 -1 -1 -1 -1 -1 -1 -1 -1 -1 -1 -8 -112 7 30 1 0 16 6 26 43 7 0 36 54 36 21 20 20 10 13 7 30 70 54 21 6 9 31 62 60 70 84 82 67 74 79 66 72 84 93 113 87 94 114 111 110 117 93 74 66 39 38 35 52 64 77 45 39 49 38 44 36 37 33 56 61 58 32 56 106 119 101 118 124 104 105 96 65 94 120 68 29 62 41 64 111 120 107 39 71 47 47 31 42 65 73 58 55 62 42 44 77 42 27 26 35 27 33 39 74 89 39 42 37 47 36 48 82 68 59 30 72 64 36 70 122 112 74 93 72 77 83 64 35 58 48 33 78 74 88 110 113 111 111 117 107 83 61 39 42 79 85 82 94 99 108 32 -35 -34 35 62 15 21 49 12 68 91 106 105 88 87 107 108 87 106 107 96 100 104 116 101 74 90 116 97 88 78 64 50 41 38 31 49 39 54 53 78 53 30 27 31 53 77 85 72 72 44 37 81 72 85 44 66 67 32 73 78 85 54 30 38 39 55 89 89 89 87 76 81 97 110 104 67 44 39 43 73 76 26 53 26 26 81 78 78 89 113 105 93 99 70 47 64 60 9 52 29 68 91 67 42 39 64 66 42 45 58 49 36 42 58 49 82 111 104 96 87 77 76 90 58 82 111 106 83 94 73 77 105 110 97 108 108 99 78 77 85 83 90 93 83 105 90 96 89 101 104 87 88 93 107 102 102 117 106 83 110 108 110 107 107 90 93 100 70 79 90 113 111 99 84 77 82 68 55 70 83 76 79 64 32 24 9 12 35 39 21 20 16 -103 -92 -1 -1 -1 -1 -1 -1 -1 -1 -1 -1 -1 -1 -1 -1 -1 -1 -1 -1 -1 -1 -1 -1 -1 -1 -1 -1 -1 -1 -1 -1 -1 -1 -1 -1 -1 -1 -1 -1 -1 -1 -1 -1 -1 -1 -1 -1 -1 -1 -1 -1 -1 -1 -1 -1 -1 -1 -1 -1 -1 -1 -1 -1 -1 -1 -1 -1 -1 -1 -1 -1 -1 -1 -1 -1 -1 -1 -1 -1
-1 -1 -1 -1 -1 -1 -1 -1 -1 -1 -1 -1 -1 -1 -1 -1 -1 -1 -1 -1 -1 -1 -1 -1 -1 -1 -1 -1 -1 -1 -1 -1 -1 -1 -1 -1 -1 -1 -1 -1 -1 -1 -1 -1 -1 -1 -1 -1 -1 -1 -1 -1 -1 -1 -1 -1 -1 -1 -1 -1 -1 -1 -1 -1 -1 -1 -1 -1 -1 -1 -1 -1 -1 -1 -1 -1 -1 -1 -1 -1 -1 -6 -93 0 21 4 21 20 0 0 25 52 42 37 25 42 33 29 29 24 22 0 6 2 27 67 50 0 16 16 27 38 47 62 65 79 82 83 95 91 81 93 113 112 104 84 94 90 107 108 79 58 43 43 52 42 45 43 44 37 37 60 64 65 60 49 32 52 71 64 41 54 83 68 82 90 120 106 72 41 32 59 97 42 32 47 67 105 119 123 88 70 54 29 31 35 48 37 58 65 66 81 58 36 48 78 42 47 55 50 58 33 67 55 76 66 47 48 49 33 50 42 68 29 77 47 62 95 101 87 71 58 43 49 53 58 36 50 82 74 79 104 110 96 88 82 79 90 72 61 56 67 65 70 97 110 112 104 94 99 83 66 39 27 37 21 31 89 114 111 116 112 102 93 111 107 93 99 114 111 107 112 108 116 89 102 101 90 85 81 61 35 37 37 36 41 35 31 36 32 42 29 44 62 71 55 71 74 42 47 72 81 99 76 38 24 58 32 39 73 101 78 85 55 33 59 85 99 90 68 96 108 101 91 68 45 48 66 33 37 26 43 54 50 64 94 99 96 113 101 82 50 90 62 42 32 31 8 20 43 47 67 85 54 38 42 42 47 71 71 55 48 58 49 71 94 106 85 78 101 89 66 64 70 85 97 93 72 65 83 106 102 90 73 85 84 106 95 81 81 90 87 94 94 101 104 102 104 106 97 110 96 104 93 107 107 96 81 85 101 99 84 72 87 85 90 78 73 99 100 78 62 36 41 62 94 84 31 29 33 24 35 55 36 19 10 7 27 14 2 19 6 -128 -56 -1 -1 96 -1 -1 -1 -1 -1 -1 -1 -1 -1 -1 -1 -1 -1 -1 -1 -1 -1 -1 -1 -1 -1 -1 -1 -1 -1 -1 -1 -1 -1 -1 -1 -1 -1 -1 -1 -1 -1 -1 -1 -1 -1 -1 -1 -1 -1 -1 -1 -1 -1 -1 -1 -1 -1 -1 -1 -1 -1 -1 -1 -1 -1 -1 -1 -1 -1 -1 -1 -1 -1 -1 -1 -1 -1 -1 -1
-1 -1 -1 -1 -1 -1 -1 -1 -1 -1 -1 -1 -1 -1 -1 -1 -1 -1 -1 -1 -1 -1 -1 -1 -1 -1 -1 -1 -1 -1 -1 -1 -1 -1 -1 -1 -1 -1 -1 -1 -1 -1 -1 -1 -1 -1 -1 -1 -1 -1 -1 -1 -1 -1 -1 -1 -1 -1 -1 -1 -1 -1 -1 -1 -1 -1 -1 -1 -1 -1 -1 -1 -1 -1 -1 -1 -1 -1 -1 -1 -1 -30 0 35 33 26 27 0 2 18 29 49 70 65 45 48 37 45 43 38 29 9 6 0 24 50 56 38 20 15 20 20 31 50 27 88 96 83 112 100 106 108 108 84 88 65 44 71 76 81 71 38 44 43 31 36 38 76 68 44 36 41 54 70 79 66 45 55 79 67 48 35 65 53 36 99 124 97 76 36 38 66 48 32 49 37 71 77 62 55 108 62 101 45 38 37 61 41 41 44 42 58 76 61 41 48 35 39 61 74 54 43 33 36 38 52 31 44 50 56 48 39 76 37 76 44 29 30 53 30 26 35 30 33 33 42 45 39 58 91 107 90 83 64 48 49 42 55 67 85 90 102 97 89 90 89 99 94 94 94 79 67 49 76 81 96 112 113 101 99 100 118 111 96 113 112 116 107 113 102 89 91 89 102 90 95 106 106 114 91 44 42 53 68 45 65 53 58 55 48 39 25 45 65 48 38 61 76 44 64 35 53 89 49 26 50 35 35 70 73 100 113 82 52 60 74 106 94 64 84 110 100 71 44 47 38 31 24 38 62 49 85 104 93 95 105 107 104 107 65 42 41 88 73 44 66 44 30 30 31 39 48 83 50 48 42 37 49 76 87 84 73 67 89 83 102 102 62 55 70 85 90 73 42 82 64 59 54 64 74 106 78 73 77 67 84 90 91 87 84 102 110 108 105 106 113 99 110 88 111 102 111 101 104 100 105 99 97 107 87 90 66 54 70 96 97 88 105 79 43 30 37 29 43 93 100 54 19 31 25 31 26 22 9 12 2 0 18 0 -128 0 -106 -128 -20 -1 -1 -1 -1 -1 -1 -1 -1 -1 -1 -1 -1 -1 -1 -1 -1 -1 -1 -1 -1 -1 -1 -1 -1 -1 -1 -1 -1 -1 -1 -1 -1 -1 -1 -1 -1 -1 -1 -1 -1 -1 -1 -1 -1 -1 -1 -1 -1 -1 -1 -1 -1 -1 -1 -1 -1 -1 -1 -1 -1 -1 -1 -1 -1 -1 -1 -1 -1 -1 -1 -1 -1 -1 -1 -1 -1 -1 -1
-1 -1 -1 -1 -1 -1 -1 -1 -1 -1 -1 -1 -1 -1 -1 -1 -1 -1 -1 -1 -1 -1 -1 -1 -1 -1 -1 -1 -1 -1 -1 -1 -1 -1 -1 -1 -1 -1 -1 -1 -1 -1 -1 -1 -79 -128 -128 -87 -1 -1 -1 -1 -1 -1 -1 -1 -1 -1 -1 -1 -1 -1 -1 -1 -1 -1 -1 -1 -1 -1 -1 -1 -1 -1 -1 -1 -1 -1 -1 -1 -1 -68 2 26 27 25 0 16 31 43 42 74 81 71 74 56 41 62 49 32 6 0 6 8 22 39 64 59 47 30 26 29 32 50 49 84 89 106 105 114 117 116 107 97 83 66 37 48 48 60 66 39 47 56 33 41 33 61 100 72 49 36 38 61 68 62 72 74 84 72 64 37 43 48 36 88 120 104 56 25 52 33 22 43 48 32 35 50 41 81 127 60 117 79 67 93 105 65 47 59 41 45 62 32 50 37 31 59 38 32 43 38 39 65 45 35 33 70 36 36 38 37 58 33 83 77 66 43 65 2 16 26 36 36 47 64 36 35 54 88 106 71 54 39 32 35 35 48 91 107 102 114 99 100 77 95 107 105 97 78 64 62 87 107 87 100 107 87 73 78 89 112 110 104 114 113 114 118 106 88 78 79 83 95 89 85 90 90 111 102 60 55 76 89 58 83 64 79 68 48 42 29 41 41 41 36 66 53 50 35 33 59 59 38 37 60 59 38 73 97 102 101 67 61 79 91 89 83 68 105 101 73 49 45 35 37 50 48 84 89 87 91 100 101 108 108 76 67 106 62 41 36 64 85 82 56 37 53 16 64 37 70 58 48 32 37 33 33 38 78 100 94 85 108 108 102 108 78 48 48 72 61 88 50 52 52 66 84 88 95 89 96 71 66 79 90 76 81 84 84 108 102 112 112 110 113 104 114 93 114 102 114 106 102 113 106 104 108 97 94 87 70 84 77 81 102 96 94 55 44 73 89 66 30 60 48 16 19 35 29 22 33 24 0 0 0 0 -128 -128 -128 -106 -125 -86 -1 -1 -1 -1 -1 -1 -1 -1 -1 -1 -1 -1 -1 -1 -1 -1 -1 -1 -1 -1 -1 -1 -1 -1 -1 -1 -1 -1 -1 -1 -1 -1 -1 -1 -1 -1 -1 -1 -1 -1 -1 -1 -1 -1 -1 -1 -1 -1 -1 -1 -1 -1 -1 -1 -1 -1 -1 -1 -1 -1 -1 -1 -1 -1 -1 -1 -1 -1 -1 -1 -1 -1 -1 -1 -1 -1 -1 -1 -1
-1 -1 -1 -1 -1 -1 -1 -1 -1 -1 -1 -1 -1 -1 -1 -1 -1 -1 -1 -1 -1 -1 -1 -1 -1 -1 -1 -1 -1 -1 -1 -1 -1 -1 -1 -1 -1 -1 -1 -1 -1 -1 -1 -1 -125 -81 -46 -12 -1 -1 -1 -1 -1 -1 -1 -1 -1 -1 -1 -1 -1 -1 -1 -1 -1 -1 -1 -1 -1 -1 -1 -1 -1 -1 -1 -1 -1 -1 -1 -1 -1 -83 8 19 27 29 13 24 29 44 67 82 65 64 74 50 48 61 49 35 8 8 6 9 9 33 44 73 58 35 36 38 41 64 90 104 107 96 82 94 102 88 89 76 64 56 39 49 45 35 33 42 62 61 37 56 39 56 100 83 62 36 30 50 59 45 26 73 74 81 74 42 58 49 37 79 118 95 61 31 60 43 52 45 62 38 31 31 45 111 125 37 125 127 123 127 122 113 59 36 45 41 42 38 31 64 29 39 4 18 56 47 49 35 58 42 38 73 61 36 60 60 25 39 85 78 70 49 71 31 50 68 73 81 35 62 70 42 54 83 106 78 47 42 53 54 45 54 61 91 106 112 93 110 95 104 108 94 91 74 82 101 112 114 99 97 110 76 77 90 104 108 105 114 101 97 95 104 90 76 71 78 99 96 97 107 95 94 91 105 66 72 95 102 79 88 93 76 72 42 55 53 47 49 54 32 49 49 31 29 54 59 32 37 29 52 83 44 66 99 101 101 77 77 95 89 79 64 83 110 88 41 31 29 45 60 79 88 85 97 93 105 112 102 89 110 79 52 97 72 43 35 48 82 59 42 45 94 37 19 25 55 42 54 31 72 59 47 56 49 76 99 113 94 67 73 108 100 93 73 43 39 58 70 39 49 79 72 72 88 61 85 77 52 71 94 76 77 81 77 93 89 104 90 96 97 83 113 90 97 100 91 100 87 97 107 110 116 117 114 101 93 110 85 105 90 102 89 56 72 105 101 61 20 22 13 20 37 65 53 26 27 35 16 14 0 -88 -111 -45 -97 -128 -128 -128 -37 -1 -1 -1 -1 -1 -1 -1 -1 -1 -1 -1 -1 -1 -1 -1 -1 -1 -1 -1 -1 -1 -1 -1 -1 -1 -1 -1 -1 -1 -1 -1 -1 -1 -1 -1 -1 -1 -1 -1 -1 -1 -1 -1 -1 -1 -1 -1 -1 -1 -1 -1 -1 -1 -1 -1 -1 -1 -1 -1 -1 -1 -1 -1 -1 -1 -1 -1 -1 -1 -1 -1 -1 -1 -1 -1 -1 -1 -1
-1 -1 -1 -1 -1 -1 -1 -1 -1 -1 -1 -1 -1 -1 -1 -1 -1 -1 -1 -1 -1 -1 -1 -1 -1 -1 -1 -1 -1 -1 -1 -1 -1 -1 -1 -1 -1 -1 -1 -1 -1 -1 -1 -1 -1 -1 -1 -1 -1 -1 -1 -1 -1 -1 -1 -1 -1 -1 -1 -1 -1 -1 -1 -1 -1 -1 -1 -1 -1 -1 -1 -1 -1 -1 -1 -1 -1 -1 -1 -1 -34 0 13 22 15 15 26 21 20 37 58 58 39 43 65 74 71 52 38 43 35 33 22 21 27 38 54 73 76 71 50 55 53 81 112 114 93 67 42 70 71 68 55 48 38 48 37 44 47 47 36 39 33 29 36 65 52 44 58 41 54 42 32 50 61 44 -64 36 67 79 56 36 62 42 41 62 106 60 26 39 64 64 49 104 85 52 53 64 88 82 43 87 118 113 108 102 101 81 50 38 47 36 59 62 36 26 14 30 45 42 29 15 18 36 37 37 41 45 58 42 37 39 70 74 67 43 41 52 84 87 96 61 35 38 30 68 54 33 36 53 94 85 77 76 67 59 62 88 65 90 106 105 102 102 104 89 89 77 82 77 97 113 108 107 88 99 107 85 87 96 111 106 111 111 96 79 79 84 90 68 82 93 104 107 117 101 100 99 93 97 77 99 111 108 110 90 74 49 44 48 37 32 29 31 42 55 35 44 39 42 68 77 50 44 56 64 96 61 72 100 95 104 87 100 107 95 62 84 107 93 58 41 62 81 94 99 104 85 99 104 108 102 82 76 56 81 85 47 89 78 38 37 52 56 70 41 48 35 29 16 36 49 52 30 33 62 79 73 81 73 58 82 106 79 70 76 97 88 66 64 54 64 52 42 36 47 72 66 73 74 59 77 60 65 87 83 72 64 77 81 85 88 96 100 91 99 96 101 87 83 85 88 90 88 107 106 99 105 99 102 73 85 106 87 96 82 82 76 52 70 93 50 31 29 35 33 19 22 42 37 21 16 10 16 22 0 -100 -114 -1 -1 -1 -2 -1 -1 -1 -1 -1 -1 -1 -1 -1 -1 -1 -1 -1 -1 -1 -1 -1 -1 -1 -1 -1 -1 -1 -1 -1 -1 -1 -1 -1 -1 -1 -1 -1 -1 -1 -1 -1 -1 -1 -1 -1 -1 -1 -1 -1 -1 -1 -1 -1 -1 -1 -1 -1 -1 -1 -1 -1 -1 -1 -1 -1 -1 -1 -1 -1 -1 -1 -1 -1 -1 -1 -1 -1 -1 -1 -1 -1 -1 -1 -1
-1 -1 -1 -1 -1 -1 -1 -1 -1 -1 -1 -1 -1 -1 -1 -1 -1 -1 -1 -1 -1 -1 -1 -1 -1 -1 -1 -1 -1 -1 -1 -1 -1 -1 -1 -1 -1 -1 -1 -1 -1 -1 -1 -1 -1 -1 -1 -1 -1 -1 -1 -1 -1 -1 -1 -1 -1 -1 -1 -1 -1 -1 -1 -1 -1 -1 -1 -1 -1 -1 -1 -1 -1 -1 -1 -1 -1 -1 -1 -1 -105 14 10 24 9 21 19 21 22 32 31 32 36 38 48 73 91 71 65 67 62 60 52 35 47 54 70 93 112 108 79 45 58 85 110 102 58 39 37 42 42 43 60 55 29 30 32 42 41 30 41 62 56 35 74 77 61 32 29 33 33 33 35 60 76 0 -44 -59 54 81 47 47 50 25 48 48 100 56 31 56 49 42 68 110 122 119 110 108 74 26 59 88 114 95 79 85 87 113 84 88 104 37 38 59 55 56 62 74 65 48 47 10 55 58 61 62 56 56 61 58 82 68 67 56 39 41 43 32 29 55 62 55 38 31 47 83 78 66 87 91 96 84 76 53 45 71 87 106 94 110 97 94 101 102 87 85 87 100 106 85 81 105 114 107 93 104 116 102 89 97 106 106 116 108 88 65 56 64 73 61 56 59 67 95 117 83 89 106 96 102 105 114 96 81 81 58 45 42 50 31 32 47 64 68 41 26 31 38 49 47 66 29 59 37 42 95 108 72 61 74 99 81 84 87 113 85 43 94 104 66 76 90 102 101 93 78 52 45 108 87 95 68 49 39 36 41 50 35 71 67 50 64 56 32 47 61 47 37 47 6 42 53 43 29 53 41 44 68 77 82 95 82 95 96 73 78 88 96 96 82 72 53 37 42 56 38 41 43 41 42 53 53 48 50 74 48 60 91 95 91 89 89 81 77 77 78 84 107 95 113 90 95 102 96 89 91 96 105 101 81 76 97 110 107 90 84 74 72 76 85 77 60 62 64 58 24 16 16 41 25 21 22 30 13 0 0 0 -128 -1 -1 -1 -1 -1 -1 -1 -1 -1 -1 -1 -1 -1 -1 -1 -1 -1 -1 -1 -1 -1 -1 -1 -1 -1 -1 -1 -1 -1 -1 -1 -1 -1 -1 -1 -1 -1 -1 -1 -1 -1 -1 -1 -1 -1 -1 -1 -1 -1 -1 -1 -1 -1 -1 -1 -1 -1 -1 -1 -1 -1 -1 -1 -1 -1 -1 -1 -1 -1 -1 -1 -1 -1 -1 -1 -1 -1 -1 -1 -1 -1 -1 -1 -1
-1 -1 -1 -1 -1 -1 -1 -1 -1 -1 -1 -1 -1 -1 -1 -1 -1 -1 -1 -1 -1 -1 -1 -1 -1 -1 -1 -1 -1 -1 -1 -1 -1 -1 -1 -1 -1 -1 -1 -1 -1 -1 -1 -1 -1 -1 -1 -1 -1 -1 -1 -1 -1 -1 -1 -1 -1 -1 -1 -1 -1 -1 -1 -1 -1 -1 -1 -1 -1 -1 -1 -1 -1 -1 -1 -1 -1 -1 -1 -74 0 6 0 13 3 31 30 13 27 22 22 41 54 59 52 68 89 84 88 89 83 81 81 58 38 42 67 105 106 102 90 58 76 97 108 102 76 49 48 37 49 67 61 30 39 55 50 67 47 35 31 56 67 39 82 79 62 54 59 59 58 61 58 77 65 42 -86 32 71 85 48 62 68 35 56 35 55 29 24 66 43 37 39 70 116 113 123 105 38 90 36 62 90 48 54 31 33 76 45 55 87 49 42 29 54 73 64 61 39 50 56 35 53 41 43 41 44 70 85 87 58 44 37 31 31 38 30 50 41 36 36 29 35 54 67 71 96 100 101 102 93 59 45 67 81 90 111 102 106 97 107 87 93 94 97 88 114 112 101 81 90 113 112 113 89 95 119 106 88 73 76 84 117 93 81 61 47 55 50 50 52 61 83 94 87 61 82 100 88 101 101 112 88 48 64 60 39 36 45 36 62 77 87 66 44 48 56 35 43 52 26 33 32 35 53 89 104 102 74 78 91 94 66 83 105 56 22 97 110 89 101 88 90 90 74 85 105 93 105 84 49 58 48 42 55 56 39 44 39 45 49 97 72 31 49 42 47 71 42 16 41 49 67 44 43 55 39 31 33 47 41 67 91 71 55 45 72 94 72 44 41 45 73 66 50 32 55 64 54 44 35 59 78 56 50 53 56 67 87 78 70 56 47 50 60 85 97 95 84 93 77 77 72 68 66 83 104 104 82 58 83 96 99 97 105 108 95 77 54 59 77 77 48 50 54 31 19 14 30 25 30 26 13 22 20 10 -119 -107 -1 -1 -1 -1 -1 -1 -1 -1 -1 -1 -1 -1 -1 -1 -1 -1 -1 -1 -1 -1 -1 -1 -1 -1 -1 -1 -1 -1 -1 -1 -1 -1 -1 -1 -1 -1 -1 -1 -1 -1 -1 -1 -1 -1 -1 -1 -1 -1 -1 -1 -1 -1 -1 -1 -1 -1 -1 -1 -1 -1 -1 -1 -1 -1 -1 -1 -1 -1 -1 -1 -1 -1 -1 -1 -1 -1 -1 -1 -1 -1 -1 -1 -1 -1
-1 -1 -1 -1 -1 -1 -1 -1 -1 -1 -1 -1 -1 -1 -1 -1 -1 -1 -1 -1 -1 -1 -1 -1 -1 -1 -1 -1 -1 -1 -1 -1 -1 -1 -1 -1 -1 -1 -1 -1 -1 -1 -1 -1 -1 -1 -1 -1 -1 -1 -1 -1 -1 -1 -1 -1 -1 -1 -1 -1 -1 -1 -1 -1 -1 -1 -1 -1 -1 -1 -1 -1 -1 -1 -1 -1 -1 -1 -1 -126 8 0 0 12 13 32 30 16 16 30 53 79 68 99 90 81 94 106 114 107 106 104 90 82 54 52 99 111 91 85 101 83 79 106 110 112 99 67 66 65 39 43 53 30 48 68 54 72 47 31 44 74 59 81 93 81 77 74 78 78 74 74 60 62 76 73 0 37 87 84 54 37 55 35 60 41 35 26 73 74 56 41 53 83 88 112 118 45 73 43 30 47 38 45 26 33 33 49 26 45 52 45 27 48 67 53 32 32 41 70 68 77 65 36 33 33 36 50 65 84 56 41 52 52 43 47 41 54 43 39 39 52 61 54 64 72 73 72 68 93 72 67 72 100 111 108 107 97 108 97 97 90 107 108 89 89 113 95 82 87 110 114 99 111 97 102 114 96 82 58 58 87 102 104 89 66 38 36 37 49 67 61 62 61 66 72 88 104 93 97 114 79 73 73 90 76 49 35 33 43 61 87 95 73 84 81 32 38 38 37 36 53 60 26 39 82 101 108 89 94 91 87 60 71 74 7 71 99 85 84 91 70 79 85 102 108 95 88 101 100 77 89 84 79 87 81 44 81 72 73 88 73 77 79 79 70 54 29 30 0 55 44 32 43 52 72 43 37 52 37 54 93 95 81 60 65 81 85 93 83 79 81 58 41 32 38 56 88 95 81 55 74 87 65 82 91 64 84 104 105 96 89 55 56 88 106 85 62 53 53 53 61 71 72 95 111 113 116 104 82 84 101 95 76 100 95 88 53 31 36 48 50 35 31 24 14 15 32 35 43 52 21 15 30 12 -128 -98 -1 -1 -1 -1 -1 -1 -1 -1 -1 -1 -1 -1 -1 -1 -1 -1 -1 -1 -1 -1 -1 -1 -1 -1 -1 -1 -1 -1 -1 -1 -1 -1 -1 -1 -1 -1 -1 -1 -1 -1 -1 -1 -1 -1 -1 -1 -1 -1 -1 -1 -1 -1 -1 -1 -1 -1 -1 -1 -1 -1 -1 -1 -1 -1 -1 -1 -1 -1 -1 -1 -1 -1 -1 -1 -1 -1 -1 -1 -1 -1 -1 -1 -1 -1 -1
-1 -1 -1 -1 -1 -1 -1 -1 -1 -1 -1 -1 -1 -1 -1 -1 -1 -1 -1 -1 -1 -1 -1 -1 -1 -1 -1 -1 -1 -1 -1 -1 -1 -1 -1 -1 -1 -1 -1 -1 -1 -1 -1 -1 -1 -1 -1 -1 -1 -1 -1 -1 -1 -1 -1 -1 -1 -1 -1 -1 -1 -1 -1 -1 -1 -1 -1 -1 -1 -1 -1 -1 -1 -1 -1 -1 -1 -1 -35 0 20 16 24 32 38 50 55 12 25 65 87 94 106 111 110 111 114 112 82 73 99 85 72 70 56 65 101 100 97 101 95 107 102 112 94 89 84 66 77 82 58 36 31 48 70 81 70 73 59 41 66 71 87 100 101 87 85 84 84 87 78 76 74 74 83 87 79 64 76 91 71 47 45 20 65 47 38 45 84 61 44 55 48 35 38 65 99 76 62 60 35 43 36 49 36 41 53 44 42 32 33 48 39 43 42 39 52 44 36 48 35 54 52 58 59 61 64 74 90 72 60 55 66 73 66 81 96 105 91 87 84 79 49 41 41 49 53 58 73 94 88 82 72 85 111 110 106 93 101 91 97 112 101 97 84 89 110 101 93 96 113 111 105 117 114 114 108 91 76 48 58 70 67 96 72 47 38 55 52 64 81 79 70 67 87 90 71 96 96 102 95 83 90 110 91 68 41 41 33 48 60 72 94 89 105 60 47 70 32 43 42 68 55 35 76 94 83 95 105 74 43 37 67 12 29 54 100 108 84 72 76 100 108 107 107 81 84 102 106 112 116 111 90 91 82 48 42 71 56 38 50 37 45 73 43 27 26 50 35 7 42 31 37 36 27 56 82 81 78 83 87 97 58 41 41 66 55 59 73 71 64 42 44 36 45 85 62 55 104 101 60 84 101 97 90 66 52 44 61 74 71 47 36 31 67 95 82 43 67 91 101 105 104 108 108 94 81 78 84 85 85 102 85 52 58 68 54 43 18 25 25 33 21 21 24 19 18 33 42 38 43 25 0 0 -128 -77 -1 -1 -1 -1 -1 -1 -1 -1 -1 -1 -1 -1 -1 -1 -1 -1 -1 -1 -1 -1 -1 -1 -1 -1 -1 -1 -1 -1 -1 -1 -1 -1 -1 -1 -1 -1 -1 -1 -1 -1 -1 -1 -1 -1 -1 -1 -1 -1 -1 -1 -1 -1 -1 -1 -1 -1 -1 -1 -1 -1 -1 -1 -1 -1 -1 -1 -1 -1 -1 -1 -1 -1 -1 -1 -1 -1 -1 -1 -1 -1 -1 -1 -1 -1 -1 -1
-1 -1 -1 -1 -1 -1 -1 -1 -1 -1 -1 -1 -1 -1 -1 -1 -1 -1 -1 -1 -1 -1 -1 -1 -1 -1 -1 -1 -1 -1 -1 -1 -1 -1 -1 -1 -1 -1 -1 -1 -1 -1 -1 -1 -1 -1 -1 -1 -1 -1 -1 -1 -1 -1 -1 -1 -1 -1 -1 -1 -1 -1 -1 -1 -1 -1 -1 -1 -1 -1 -1 -1 -1 -1 -1 -1 -1 -1 -108 14 20 43 64 78 82 90 44 29 55 82 110 114 111 94 94 105 106 82 49 96 107 87 84 65 52 65 71 93 102 106 108 110 99 96 88 74 77 81 85 78 72 45 42 44 70 85 81 64 53 71 43 49 74 95 111 94 85 90 77 88 91 87 78 55 68 84 81 91 91 100 48 24 25 56 74 37 54 25 68 65 45 38 49 49 71 72 93 83 44 72 35 67 47 32 36 53 35 55 64 58 38 37 33 30 35 42 39 16 42 42 35 33 50 67 73 76 66 47 73 71 56 59 68 95 95 113 107 89 78 82 76 61 38 49 60 67 59 60 78 91 65 60 54 70 94 105 110 101 100 114 112 99 105 87 87 96 116 118 104 97 108 93 91 95 100 99 96 68 61 41 39 49 64 60 58 60 70 58 85 60 72 95 85 67 71 91 116 113 101 95 104 104 111 111 90 55 41 50 35 52 55 56 87 114 101 71 53 79 45 53 71 97 64 58 58 90 96 67 64 64 0 3 48 19 33 85 83 84 56 43 77 91 107 87 62 49 68 99 107 85 68 64 84 97 74 54 29 47 24 50 24 55 56 30 26 50 84 61 9 30 58 41 65 49 73 72 53 44 37 79 53 81 88 72 44 43 41 44 53 30 36 60 76 68 84 100 87 90 85 105 85 67 77 89 99 76 76 87 84 53 36 36 21 53 89 85 82 48 76 79 88 85 95 100 78 74 90 91 78 61 67 95 76 41 26 27 22 18 16 19 27 33 24 37 36 43 21 26 47 39 24 0 -128 -128 -23 -1 -1 -1 -1 -1 -1 -1 -1 -1 -1 -1 -1 -1 -1 -1 -1 -1 -1 -1 -1 -1 -1 -1 -1 -1 -1 -1 -1 -1 -1 -1 -1 -1 -1 -1 -1 -1 -1 -1 -1 -1 -1 -1 -1 -1 -1 -1 -1 -1 -1 -1 -1 -1 -1 -1 -1 -1 -1 -1 -1 -1 -1 -1 -1 -1 -1 -1 -1 -1 -1 -1 -1 -1 -1 -1 -1 -1 -1 -1 -1 -1 -1 -1 -1 -1 -1 -1
-1 -1 -1 -1 -1 -1 -1 -1 -1 -1 -1 -1 -1 -1 -1 -1 -1 -1 -1 -1 -1 -1 -1 -1 -1 -1 -1 -1 -1 -1 -1 -1 -1 -1 -1 -1 -1 -1 -1 -1 -1 -1 -1 -1 -1 -1 -1 -1 -1 -1 -1 -1 -1 -1 -1 -1 -1 -1 -1 -1 -1 -1 -1 -1 -1 -1 -1 -1 -1 -1 -1 -1 -1 -1 -1 -1 -1 -74 0 24 47 82 102 99 101 94 41 47 83 93 108 112 104 89 78 78 83 67 71 89 114 105 97 82 76 95 89 111 112 114 110 113 102 76 62 71 85 81 93 84 68 45 42 30 56 78 99 91 72 81 66 70 87 106 112 106 100 93 81 97 81 71 56 70 87 87 83 66 55 97 50 48 76 84 44 41 24 29 64 90 85 74 52 70 95 53 29 67 110 83 49 39 76 54 39 33 31 36 43 38 24 44 33 32 42 45 29 0 42 48 56 39 35 36 49 58 72 72 87 88 65 61 85 99 96 105 79 87 111 96 55 73 68 59 61 71 76 87 81 87 77 71 72 102 114 112 108 104 113 105 107 105 87 94 107 117 117 112 110 105 114 105 85 73 83 70 84 68 48 48 65 59 52 70 87 79 81 56 82 76 83 97 93 93 88 87 90 93 101 89 100 113 114 93 71 52 59 74 45 77 58 88 100 106 102 102 83 82 44 50 84 105 94 42 30 61 85 89 50 33 10 47 6 4 43 18 4 4 16 102 105 79 104 87 91 71 81 97 107 89 107 111 101 91 71 38 41 35 36 72 60 58 29 27 65 83 68 39 12 54 27 33 48 66 47 41 37 68 33 38 38 38 47 71 50 42 49 32 32 58 82 94 106 105 101 95 95 101 84 104 104 56 67 77 99 93 74 100 70 32 49 50 29 64 56 35 35 36 42 44 49 62 87 116 96 99 71 62 76 36 39 56 41 31 15 18 13 24 26 22 16 35 36 56 67 44 47 48 41 3 0 -128 -73 -1 -1 -1 -1 -1 -1 -1 -1 -1 -1 -1 -1 -1 -1 -1 -1 -1 -1 -1 -1 -1 -1 -1 -1 -1 -1 -1 -1 -1 -1 -1 -1 -1 -1 -1 -1 -1 -1 -1 -1 -1 -1 -1 -1 -1 -1 -1 -1 -1 -1 -1 -1 -1 -1 -1 -1 -1 -1 -1 -1 -1 -1 -1 -1 -1 -1 -1 -1 -1 -1 -1 -1 -1 -1 -1 -1 -1 -1 -1 -1 -1 -1 -1 -1 -1 -1 -1 -1 -1
-1 -1 -1 -1 -1 -1 -1 -1 -1 -1 -1 -1 -1 -1 -1 -1 -1 -1 -1 -1 -1 -1 -1 -1 -1 -1 -1 -1 -1 -1 -1 -1 -1 -1 -1 -1 -1 -1 -1 -1 -1 -1 -1 -1 -1 -1 -1 -1 -1 -1 -1 -1 -1 -1 -1 -1 -1 -1 -1 -1 -1 -1 -1 -1 -1 -1 -1 -1 -1 -1 -1 -1 -1 -1 -1 -1 -77 0 41 71 102 99 85 95 72 78 67 70 84 96 108 116 101 102 83 64 88 99 104 100 108 106 62 100 99 106 104 112 94 93 85 84 74 62 42 45 64 82 95 96 73 70 64 61 60 79 91 107 97 91 66 68 84 99 101 113 108 97 91 90 77 64 73 66 78 85 81 88 100 104 93 88 77 52 36 26 42 71 90 78 62 42 42 52 24 56 89 50 55 73 39 41 48 77 83 65 59 54 33 42 38 24 20 12 10 2 20 21 54 48 67 47 42 62 37 53 68 84 68 64 73 85 94 99 88 104 85 101 112 84 95 108 97 108 101 70 73 81 79 79 73 68 56 81 83 97 93 95 116 99 100 91 97 114 110 101 77 74 100 105 101 90 73 60 56 47 43 49 58 65 87 72 58 58 76 83 94 82 79 95 79 83 99 100 102 111 99 106 110 91 108 94 88 76 94 66 74 82 53 81 59 65 79 88 95 94 112 88 56 76 89 101 89 83 68 84 84 71 42 2 53 102 43 0 26 0 68 95 94 106 84 85 87 102 108 96 100 111 114 108 88 76 61 47 44 48 32 54 67 88 93 43 54 79 94 72 41 7 19 42 33 41 35 27 25 31 31 35 13 15 24 24 33 54 39 66 67 42 54 73 87 107 87 91 100 95 91 81 89 107 81 76 83 82 78 96 58 47 38 42 78 56 19 21 27 33 47 47 67 73 79 89 97 96 73 65 41 24 33 24 16 19 24 16 12 10 21 29 27 20 20 26 54 82 77 53 27 0 -122 -128 -78 -20 -1 -1 -1 -1 -1 -1 -1 -1 -1 -1 -1 -1 -1 -1 -1 -1 -1 -1 -1 -1 -1 -1 -1 -1 -1 -1 -1 -1 -1 -1 -1 -1 -1 -1 -1 -1 -1 -1 -1 -1 -1 -1 -1 -1 -1 -1 -1 -1 -1 -1 -1 -1 -1 -1 -1 -1 -1 -1 -1 -1 -1 -1 -1 -1 -1 -1 -1 -1 -1 -1 -1 -1 -1 -1 -1 -1 -1 -1 -1 -1 -1 -1 -1 -1 -1 -1 -1 -1 -1 -1
-1 -1 -1 -1 -1 -1 -1 -1 -1 -1 -1 -1 -1 -1 -1 -1 -1 -1 -1 -1 -1 -1 -1 -1 -1 -1 -1 -1 -1 -1 -1 -1 -1 -1 -1 -1 -1 -1 -1 -1 -1 -1 -1 -1 -1 -1 -1 -1 -1 -1 -1 -1 -1 -1 -1 -1 -1 -1 -1 -1 -1 -1 -1 -1 -1 -1 -1 -1 -1 -1 -1 -1 -1 -1 -126 -116 0 41 93 108 84 99 55 55 45 61 77 85 82 104 112 107 102 114 96 78 104 85 105 108 87 87 108 108 111 107 112 95 78 62 54 47 39 35 31 38 61 82 97 108 84 76 85 68 59 85 96 111 106 96 91 87 82 94 100 104 100 112 93 68 72 56 77 68 62 76 102 112 102 83 64 50 42 42 30 55 62 99 85 78 50 52 89 54 62 37 31 31 41 43 33 33 35 42 38 87 72 31 41 71 42 43 42 55 35 44 41 73 65 84 61 37 64 72 83 88 77 64 54 76 55 58 81 93 78 89 88 107 100 104 105 116 118 108 94 70 62 55 59 48 39 62 58 68 102 114 114 111 114 111 108 100 107 106 73 64 53 66 72 88 74 85 49 42 35 32 50 72 81 62 85 68 53 42 49 67 85 105 81 89 71 68 39 106 97 105 107 106 104 90 102 99 102 112 90 61 91 81 59 87 54 77 91 101 102 88 111 71 55 53 72 83 112 101 83 96 78 45 1 35 88 66 27 43 62 66 107 100 111 83 94 102 102 102 107 116 114 101 96 78 93 47 59 64 36 37 61 74 77 73 100 65 100 82 56 45 65 24 15 9 0 3 3 19 22 29 43 38 41 30 33 42 3 29 32 35 43 42 41 68 64 59 29 45 54 70 93 78 88 104 85 94 81 56 71 54 41 41 65 91 102 71 27 33 56 77 54 68 53 54 60 79 59 70 53 38 27 24 19 20 26 25 15 13 0 1 0 0 27 25 20 21 42 55 33 14 0 -128 -70 -14 -1 -1 -1 -1 -1 -1 -1 -1 -1 -1 -1 -1 -1 -1 -1 -1 -1 -1 -1 -1 -1 -1 -1 -1 -1 -1 -1 -1 -1 -1 -1 -1 -1 -1 -1 -1 -1 -1 -1 -1 -1 -1 -1 -1 -1 -1 -1 -1 -1 -1 -1 -1 -1 -1 -1 -1 -1 -1 -1 -1 -1 -1 -1 -1 -1 -1 -1 -1 -1 -1 -1 -1 -1 -1 -1 -1 -1 -1 -1 -1 -1 -1 -1 -1 -1 -1 -1 -1 -1 -1 -1 -1
-1 -1 -1 -1 -1 -1 -1 -1 -1 -1 -1 -1 -1 -1 -1 -1 -1 -1 -1 -1 -1 -1 -1 -1 -1 -1 -1 -1 -1 -1 -1 -1 -1 -1 -1 -1 -1 -1 -1 -1 -1 -1 -1 -1 -1 -1 -1 -1 -1 -1 -1 -1 -1 -1 -1 -1 -1 -1 -1 -1 -1 -1 -1 -1 -1 -1 -1 -1 -1 -1 -1 -1 -1 -108 0 22 30 41 62 64 37 43 27 27 36 56 81 95 85 90 94 93 99 104 110 104 100 58 77 101 105 90 112 112 117 117 114 97 72 52 52 50 47 37 36 65 84 94 110 107 84 70 90 87 73 73 87 101 105 99 93 90 67 79 101 102 102 112 104 84 88 87 70 91 59 73 73 102 111 90 64 64 73 48 50 79 99 93 72 49 38 55 41 36 55 41 41 37 67 42 27 47 37 48 44 96 68 65 79 73 44 37 36 35 45 48 47 55 58 60 84 79 84 85 70 66 52 60 68 96 90 97 96 91 67 72 91 95 93 105 116 110 104 79 62 52 36 30 37 43 62 66 87 101 91 95 95 113 100 116 117 110 114 93 73 49 45 44 62 83 53 61 44 38 37 52 52 60 82 84 90 87 59 58 43 78 95 108 89 70 -58 -37 35 37 45 26 106 108 112 100 90 97 107 99 79 74 96 81 79 82 47 50 59 65 96 84 106 90 73 82 100 85 97 102 85 87 60 0 38 67 77 60 61 96 116 111 108 82 71 97 104 101 110 113 111 99 107 76 39 45 64 37 55 32 33 37 31 36 54 84 101 112 105 96 85 47 50 21 29 24 33 38 45 41 30 49 37 24 60 60 54 37 21 1 3 2 0 0 1 27 32 31 64 95 107 81 85 68 74 100 81 65 44 44 42 45 65 67 105 96 82 72 32 22 44 54 33 27 25 30 38 42 44 52 66 39 35 38 30 24 31 30 22 21 0 0 15 16 30 32 32 47 49 18 0 -128 -128 -27 -1 -1 -1 -1 -1 -1 -1 -1 -1 -1 -1 -1 -1 -1 -1 -1 -1 -1 -1 -1 -1 -1 -1 -1 -1 -1 -1 -1 -1 -1 -1 -1 -1 -1 -1 -1 -1 -1 -1 -1 -1 -1 -1 -1 -1 -1 -1 -1 -1 -1 -1 -1 -1 -1 -1 -1 -1 -1 -1 -1 -1 -1 -1 -1 -1 -1 -1 -1 -1 -1 -1 -1 -1 -1 -1 -1 -1 -1 -1 -1 -1 -1 -1 -1 -1 -1 -1 -1 -1 -1 -1 -1 -1 -1
-1 -1 -1 -1 -1 -1 -1 -1 -1 -1 -1 -1 -1 -1 -1 -1 -1 -1 -1 -1 -1 -1 -1 -1 -1 -1 -1 -1 -1 -1 -1 -1 -1 -1 -1 -1 -1 -1 -1 -1 -1 -1 -1 -1 -1 -1 -1 -1 -1 -1 -1 -1 -1 -1 -1 -1 -1 -1 -1 -1 -1 -1 -1 -1 -1 -1 -1 -1 -1 -1 -1 -3 -83 0 13 15 25 30 37 29 18 22 30 42 44 82 95 87 76 82 90 91 88 96 102 116 107 74 84 108 100 97 106 81 106 116 119 96 67 58 61 61 67 62 77 83 91 95 105 112 107 102 93 95 77 84 89 99 107 88 96 91 78 96 106 105 107 112 113 104 88 78 93 105 95 93 79 74 104 85 82 90 83 61 73 94 95 64 43 45 38 41 31 18 33 41 27 61 85 33 36 50 37 76 82 87 54 79 89 81 43 45 49 42 29 36 32 30 49 59 50 48 55 62 50 55 53 95 91 96 89 107 97 82 65 74 83 95 113 112 104 101 90 71 41 26 39 52 70 59 71 90 114 110 70 81 102 114 96 95 106 108 118 110 91 72 42 32 41 56 50 42 37 49 47 67 31 50 71 95 100 59 54 77 78 90 104 62 22 31 72 67 10 67 85 43 102 102 95 95 96 102 104 110 93 77 97 101 104 55 66 89 88 83 100 90 94 108 88 104 110 96 70 89 81 64 14 9 70 74 78 96 72 66 102 85 81 89 84 102 101 100 107 112 97 60 49 45 64 49 48 60 60 41 21 25 61 62 102 97 110 88 61 70 56 49 42 36 62 49 64 70 55 66 73 52 44 68 77 43 38 55 55 27 30 39 38 52 35 13 70 77 65 65 91 104 102 89 68 72 59 54 76 72 84 99 97 100 91 55 35 31 22 25 24 20 25 25 31 30 38 49 42 47 55 37 38 32 39 45 62 58 44 22 0 7 33 47 53 52 35 21 0 -128 -128 -45 -1 -1 -1 -1 -1 -1 -1 -1 -1 -1 -1 -1 -1 -1 -1 -1 -1 -1 -1 -1 -1 -1 -1 -1 -1 -1 -1 -1 -1 -1 -1 -1 -1 -1 -1 -1 -1 -1 -1 -1 -1 -1 -1 -1 -1 -1 -1 -1 -1 -1 -1 -1 -1 -1 -1 -1 -1 -1 -1 -1 -1 -1 -1 -1 -1 -1 -1 -1 -1 -1 -1 -1 -1 -1 -1 -1 -1 -1 -1 -1 -1 -1 -1 -1 -1 -1 -1 -1 -1 -1 -1 -1 -1 -1 -1 -1
-1 -1 -1 -1 -1 -1 -1 -1 -1 -1 -1 -1 -1 -1 -1 -1 -1 -1 -1 -1 -1 -1 -1 -1 -1 -1 -1 -1 -1 -1 -1 -1 -1 -1 -1 -1 -1 -1 -1 -1 -1 -1 -1 -1 -1 -1 -1 -1 -1 -1 -1 -1 -1 -1 -1 -1 -1 -1 -1 -1 -1 -1 -1 -1 -1 -1 -1 -1 -1 -1 -78 -106 0 18 47 38 41 50 47 33 24 58 71 78 74 89 78 74 90 107 112 112 100 113 105 104 87 94 104 111 106 101 107 104 107 116 113 91 58 54 68 77 56 55 61 72 71 85 90 102 114 113 96 90 84 60 81 100 111 106 101 77 89 108 97 106 101 100 118 101 73 79 94 76 88 58 54 53 49 52 44 49 81 74 87 102 81 95 82 84 74 66 65 19 41 41 36 56 101 74 72 41 38 50 79 110 79 93 78 66 44 64 59 47 36 43 38 45 66 55 77 85 94 71 64 95 87 104 104 88 78 95 96 71 79 88 105 107 111 89 79 62 56 45 47 49 72 90 91 96 106 110 108 102 82 71 85 102 77 68 78 82 90 93 74 59 39 55 62 43 41 37 49 60 74 67 60 66 88 106 91 72 85 94 90 82 89 71 -53 81 107 102 85 110 108 73 25 62 106 114 105 114 110 108 108 106 112 112 106 79 87 112 104 97 84 72 82 105 100 105 108 90 72 49 50 0 0 67 93 114 110 106 95 70 77 101 93 105 105 107 107 106 106 77 66 84 94 88 65 45 59 73 70 30 39 72 84 101 107 112 99 58 48 59 41 56 44 35 39 45 62 72 77 60 47 50 88 79 41 37 41 31 35 33 64 60 79 67 22 3 30 81 97 91 85 89 82 85 67 73 99 105 106 105 100 77 68 73 43 43 71 59 38 29 22 31 52 74 65 39 59 66 38 39 37 32 24 19 14 24 42 32 21 13 2 12 26 24 20 19 0 -105 -128 -40 -1 -1 -1 -1 -1 -1 -1 -1 -1 -1 -1 -1 -1 -1 -1 -1 -1 -1 -1 -1 -1 -1 -1 -1 -1 -1 -1 -1 -1 -1 -1 -1 -1 -1 -1 -1 -1 -1 -1 -1 -1 -1 -1 -1 -1 -1 -1 -1 -1 -1 -1 -1 -1 -1 -1 -1 -1 -1 -1 -1 -1 -1 -1 -1 -1 -1 -1 -1 -1 -1 -1 -1 -1 -1 -1 -1 -1 -1 -1 -1 -1 -1 -1 -1 -1 -1 -1 -1 -1 -1 -1 -1 -1 -1 -1 -1 -1 -1
-1 -1 -1 -1 -1 -1 -1 -1 -1 -1 -1 -1 -1 -1 -1 -1 -1 -1 -1 -1 -1 -1 -1 -1 -1 -1 -1 -1 -1 -1 -1 -1 -1 -1 -1 -1 -1 -1 -1 -1 -1 -1 -1 -1 -1 -1 -1 -1 -1 -1 -1 -1 -1 -1 -1 -1 -1 -1 -1 -1 -1 -1 -1 -1 -1 -1 -1 -1 -1 -106 0 30 52 52 58 65 65 83 79 54 29 53 67 76 74 71 72 100 111 113 94 97 108 112 85 76 91 107 112 94 107 111 107 95 108 107 112 100 74 43 41 56 76 49 42 38 61 81 89 101 94 107 113 102 91 83 76 94 110 108 108 84 102 108 110 110 107 106 104 70 65 56 55 43 61 84 90 90 79 79 89 83 50 77 59 101 104 90 78 78 88 79 58 10 13 29 30 67 104 108 62 41 44 62 73 90 67 79 52 37 52 66 68 61 49 52 55 66 97 74 90 99 107 97 90 100 110 113 102 79 74 73 74 74 112 112 104 91 79 62 49 49 54 62 65 87 91 96 102 112 117 111 88 64 59 56 73 90 56 42 44 48 55 48 42 45 27 47 82 66 77 62 82 91 85 91 93 99 102 113 105 110 113 113 78 93 61 25 30 111 117 112 113 108 99 107 106 100 112 111 104 97 106 104 114 114 107 90 87 66 76 95 102 105 90 58 91 90 85 90 93 65 55 31 0 0 53 70 93 107 102 93 99 87 76 89 94 99 116 96 85 83 106 108 99 93 88 83 43 60 50 35 39 30 52 95 104 110 85 81 66 37 33 32 27 39 39 53 54 47 41 50 89 73 52 60 95 56 56 77 54 49 60 49 70 85 59 37 0 48 64 90 102 87 105 99 101 94 94 105 99 93 88 97 91 88 60 56 81 87 106 89 64 61 26 26 47 87 94 66 47 36 25 21 32 31 13 13 19 25 16 20 27 22 0 26 35 36 22 -114 -128 -47 -2 -1 -1 -1 -1 -1 -1 -1 -1 -1 -1 -1 -1 -1 -1 -1 -1 -1 -1 -1 -1 -1 -1 -1 -1 -1 -1 -1 -1 -1 -1 -1 -1 -1 -1 -1 -1 -1 -1 -1 -1 -1 -1 -1 -1 -1 -1 -1 -1 -1 -1 -1 -1 -1 -1 -1 -1 -1 -1 -1 -1 -1 -1 -1 -1 -1 -1 -1 -1 -1 -1 -1 -1 -1 -1 -1 -1 -1 -1 -1 -1 -1 -1 -1 -1 -1 -1 -1 -1 -1 -1 -1 -1 -1 -1 -1 -1 -1 -1 -1
-1 -1 -1 -1 -1 -1 -1 -1 -1 -1 -1 -1 -1 -1 -1 -1 -1 -1 -1 -1 -1 -1 -1 -1 -1 -1 -1 -1 -1 -1 -1 -1 -1 -1 -1 -1 -1 -1 -1 -1 -1 -1 -1 -1 -1 -1 -1 -1 -1 -1 -1 -1 -1 -1 -1 -1 -1 -1 -1 -1 -1 -1 -1 -1 -1 -1 -1 -1 -77 0 16 48 74 83 88 88 97 111 108 76 53 55 84 88 90 77 74 111 108 97 77 82 94 93 100 91 105 114 105 78 90 110 106 96 100 107 117 107 78 59 52 50 73 53 32 36 52 70 83 95 90 107 122 118 113 96 77 101 107 105 105 100 99 99 100 102 111 112 107 88 83 88 35 82 83 61 53 82 60 55 65 71 79 52 74 89 88 78 85 62 74 66 60 4 52 70 67 82 105 91 59 44 67 48 38 53 94 97 60 73 84 83 73 54 50 70 56 78 111 93 90 102 102 108 108 85 102 107 96 99 112 111 100 74 107 91 76 60 53 53 67 81 89 90 84 89 87 107 111 95 85 74 83 71 78 73 61 73 50 56 64 60 74 59 41 32 37 65 87 77 78 50 66 85 65 68 82 89 106 114 102 95 101 110 44 29 47 52 100 111 102 102 106 107 102 106 108 93 84 93 91 78 100 104 99 100 85 91 83 83 99 100 93 84 99 49 59 66 82 87 55 41 33 7 13 59 61 64 104 114 94 95 94 100 82 99 107 114 102 72 55 62 95 113 111 85 60 56 41 60 20 32 58 42 70 84 111 74 59 52 61 79 65 78 50 83 66 36 43 41 38 70 76 95 54 52 91 90 93 74 38 50 53 31 45 87 50 39 10 76 93 91 95 99 110 110 96 97 97 94 101 89 96 102 94 93 89 76 74 90 71 64 35 30 27 19 47 59 76 83 70 32 20 15 27 32 26 15 15 25 15 3 8 0 -117 -91 9 13 -108 -106 -12 -1 -1 -1 -1 -1 -1 -1 -1 -1 -1 -1 -1 -1 -1 -1 -1 -1 -1 -1 -1 -1 -1 -1 -1 -1 -1 -1 -1 -1 -1 -1 -1 -1 -1 -1 -1 -1 -1 -1 -1 -1 -1 -1 -1 -1 -1 -1 -1 -1 -1 -1 -1 -1 -1 -1 -1 -1 -1 -1 -1 -1 -1 -1 -1 -1 -1 -1 -1 -1 -1 -1 -1 -1 -1 -1 -1 -1 -1 -1 -1 -1 -1 -1 -1 -1 -1 -1 -1 -1 -1 -1 -1 -1 -1 -1 -1 -1 -1 -1 -1 -1
-1 -1 -1 -1 -1 -1 -1 -1 -1 -1 -1 -1 -1 -1 -1 -1 -1 -1 -1 -1 -1 -1 -1 -1 -1 -1 -1 -1 -1 -1 -1 -1 -1 -1 -1 -1 -1 -1 -1 -1 -1 -1 -1 -1 -1 -1 -1 -1 -1 -1 -1 -1 -1 -1 -1 -1 -1 -1 -1 -1 -1 -1 -1 -1 -1 -1 -1 -94 0 31 61 56 97 111 114 116 117 95 91 104 74 87 112 112 113 100 73 95 101 94 68 59 81 104 100 93 112 104 82 99 108 111 111 101 94 113 116 94 78 91 72 60 87 67 42 39 32 60 74 82 88 113 119 120 118 97 83 100 108 96 93 87 76 70 87 83 93 99 113 110 99 93 39 53 101 66 44 50 45 44 33 76 88 84 93 72 77 67 68 54 50 44 37 12 36 74 89 91 101 101 82 44 67 65 32 52 84 97 104 95 62 56 65 61 84 81 82 97 107 102 108 112 96 104 108 111 114 111 108 108 96 87 83 62 104 90 77 66 76 79 90 96 93 83 78 97 112 102 83 70 70 83 96 77 106 84 54 42 49 81 94 81 93 62 61 37 70 89 93 108 78 58 60 58 72 87 74 84 85 83 95 113 113 113 106 105 102 106 96 104 99 111 111 107 106 105 85 82 56 56 56 50 74 106 97 88 85 101 93 99 112 88 76 56 74 35 39 70 79 47 26 0 0 14 49 65 58 93 106 101 108 110 101 88 84 100 107 90 88 52 78 94 77 76 77 60 48 45 38 44 27 65 94 61 87 105 93 97 94 85 99 101 72 96 77 101 100 84 72 39 31 53 91 72 53 59 89 90 68 44 30 70 71 53 74 90 83 79 22 26 56 85 111 113 96 68 68 82 87 83 108 73 76 84 59 60 74 41 47 49 49 45 24 16 25 30 21 26 37 56 72 37 22 18 25 36 53 36 21 19 8 0 2 0 -128 -128 -128 -128 -117 -11 -1 -1 -1 -1 -1 -1 -1 -1 -1 -1 -1 -1 -1 -1 -1 -1 -1 -1 -1 -1 -1 -1 -1 -1 -1 -1 -1 -1 -1 -1 -1 -1 -1 -1 -1 -1 -1 -1 -1 -1 -1 -1 -1 -1 -1 -1 -1 -1 -1 -1 -1 -1 -1 -1 -1 -1 -1 -1 -1 -1 -1 -1 -1 -1 -1 -1 -1 -1 -1 -1 -1 -1 -1 -1 -1 -1 -1 -1 -1 -1 -1 -1 -1 -1 -1 -1 -1 -1 -1 -1 -1 -1 -1 -1 -1 -1 -1 -1 -1 -1 -1 -1
-1 -1 -1 -1 -1 -1 -1 -1 -1 -1 -1 -1 -1 -1 -1 -1 -1 -1 -1 -1 -1 -1 -1 -1 -1 -1 -1 -1 -1 -1 -1 -1 -1 -1 -1 -1 -1 -1 -1 -1 -1 -1 -1 -1 -1 -1 -1 -1 -1 -1 -1 -1 -1 -1 -1 -1 -1 -1 -1 -1 -1 -1 -1 -1 -1 -64 0 0 35 62 90 90 112 99 91 84 77 84 106 84 84 105 108 110 96 111 89 66 102 107 95 85 93 105 95 89 111 100 76 101 94 82 88 104 93 104 113 96 100 95 59 66 87 58 37 44 33 45 61 77 78 88 118 120 119 104 78 94 104 77 54 73 82 73 79 94 82 83 108 118 95 73 72 52 93 66 41 35 43 29 37 42 48 49 71 39 41 21 2 7 4 13 6 20 27 37 50 87 100 85 53 37 42 36 41 65 90 88 108 72 71 77 79 87 101 104 110 99 104 101 105 94 89 100 112 94 96 88 76 85 71 100 93 50 79 94 87 89 94 96 89 68 66 73 96 100 77 68 77 71 96 105 110 91 110 91 62 62 67 94 97 96 100 108 89 50 59 87 100 96 71 81 81 90 89 97 73 59 70 84 81 113 112 105 106 93 83 89 88 105 105 112 116 104 99 91 70 55 39 32 37 48 82 96 89 106 99 101 94 113 111 94 60 36 36 8 0 0 4 0 0 7 33 60 84 83 83 100 112 93 81 94 94 89 105 110 104 67 58 60 83 107 104 97 78 39 52 32 48 32 58 67 107 70 84 100 105 96 96 79 96 96 97 111 113 100 82 59 36 41 52 85 78 61 87 88 99 74 39 38 44 79 87 72 72 95 87 70 3 35 85 111 100 87 64 88 97 99 74 62 85 56 38 48 33 38 54 53 35 43 32 42 27 27 30 20 29 47 53 68 88 50 20 18 16 27 32 30 18 4 -128 -128 -114 -101 -74 -30 -1 -1 -1 -1 -1 -1 -1 -1 -1 -1 -1 -1 -1 -1 -1 -1 -1 -1 -1 -1 -1 -1 -1 -1 -1 -1 -1 -1 -1 -1 -1 -1 -1 -1 -1 -1 -1 -1 -1 -1 -1 -1 -1 -1 -1 -1 -1 -1 -1 -1 -1 -1 -1 -1 -1 -1 -1 -1 -1 -1 -1 -1 -1 -1 -1 -1 -1 -1 -1 -1 -1 -1 -1 -1 -1 -1 -1 -1 -1 -1 -1 -1 -1 -1 -1 -1 -1 -1 -1 -1 -1 -1 -1 -1 -1 -1 -1 -1 -1 -1 -1 -1 -1 -1 -1 -1
-1 -1 -1 -1 -1 -1 -1 -1 -1 -1 -1 -1 -1 -1 -1 -1 -1 -1 -1 -1 -1 -1 -1 -1 -1 -1 -1 -1 -1 -1 -1 -1 -1 -1 -1 -1 -1 -1 -1 -1 -1 -1 -1 -1 -1 -1 -1 -1 -1 -1 -1 -1 -1 -1 -1 -1 -1 -1 -1 -1 -1 -1 -37 -128 -128 0 22 32 39 84 117 113 110 70 65 70 61 67 94 102 112 110 106 113 96 100 88 61 72 104 108 106 101 91 84 108 101 91 81 106 114 106 89 83 85 105 101 108 116 108 84 67 90 82 54 32 47 42 44 59 66 96 114 102 119 102 76 59 96 89 67 96 105 106 90 107 106 107 110 114 97 60 59 68 82 65 58 43 38 48 52 37 47 38 35 16 0 15 44 66 44 30 44 39 50 81 64 87 95 97 64 74 48 37 29 54 87 82 106 105 108 107 107 112 101 113 110 106 96 88 93 88 81 97 94 65 53 81 101 76 67 90 96 78 38 59 48 49 64 60 55 68 99 110 113 79 60 76 96 76 65 85 100 101 105 100 84 74 58 85 99 82 106 106 70 62 60 96 104 100 102 105 85 102 99 107 83 90 82 96 101 104 99 91 90 101 77 61 53 85 85 89 96 85 84 73 62 39 31 2 43 77 91 79 67 99 100 102 74 74 82 64 37 6 0 0 0 3 3 30 49 56 76 79 96 113 111 113 102 83 94 104 96 93 110 88 81 71 93 84 104 113 99 53 43 30 33 29 71 66 97 110 96 70 68 84 58 84 91 93 97 108 110 102 88 67 42 31 52 66 83 88 110 101 110 100 96 72 78 53 52 72 93 96 97 83 61 39 48 18 21 71 56 74 68 87 84 84 60 44 52 43 47 56 64 39 60 78 32 29 22 36 39 32 32 21 30 53 56 50 45 33 21 25 18 35 15 27 1 -98 -128 -13 -88 -83 -1 -1 -1 -1 -1 -1 -1 -1 -1 -1 -1 -1 -1 -1 -1 -1 -1 -1 -1 -1 -1 -1 -1 -1 -1 -1 -1 -1 -1 -1 -1 -1 -1 -1 -1 -1 -1 -1 -1 -1 -1 -1 -1 -1 -1 -1 -1 -1 -1 -1 -1 -1 -1 -1 -1 -1 -1 -1 -1 -1 -1 -1 -1 -1 -1 -1 -1 -1 -1 -1 -1 -1 -1 -1 -1 -1 -1 -1 -1 -1 -1 -1 -1 -1 -1 -1 -1 -1 -1 -1 -1 -1 -1 -1 -1 -1 -1 -1 -1 -1 -1 -1 -1 -1 -1 -1 -1 -1
-1 -1 -1 -1 -1 -1 -1 -1 -1 -1 -1 -1 -1 -1 -1 -1 -1 -1 -1 -1 -1 -1 -1 -1 -1 -1 -1 -1 -1 -1 -1 -1 -1 -1 -1 -1 -1 -1 -1 -1 -1 -1 -1 -1 -1 -1 -1 -1 -1 -1 -1 -1 -1 -1 -1 -1 -1 -1 -1 -7 -83 -126 0 0 13 26 52 53 59 82 111 93 74 67 97 101 95 93 101 105 93 90 94 108 106 112 85 56 52 83 97 101 76 77 97 108 88 73 64 79 101 106 110 87 83 96 106 116 108 93 73 66 85 94 79 64 70 53 45 66 82 87 94 102 119 102 79 77 99 114 100 113 107 91 84 81 97 84 90 112 108 78 56 106 90 82 73 89 79 70 82 60 72 62 66 12 44 38 53 77 72 70 73 60 67 107 77 87 78 110 94 108 88 77 70 90 93 77 85 93 101 107 110 111 95 100 113 106 111 108 110 111 94 89 90 68 66 95 93 95 88 84 70 52 21 32 50 60 52 58 68 97 104 97 96 78 85 93 99 85 62 79 89 94 102 108 81 88 82 87 96 72 105 90 76 81 67 79 97 78 106 89 90 93 106 95 93 105 102 94 99 96 90 88 70 60 61 41 77 65 68 64 64 72 68 58 45 39 24 20 60 90 85 73 49 76 76 87 64 43 52 29 0 0 1 12 15 36 42 35 36 44 72 77 95 113 106 96 85 96 113 95 104 102 110 84 102 89 105 97 111 95 65 43 49 33 66 53 85 97 111 107 76 45 38 35 61 88 78 84 108 104 88 85 60 59 42 52 42 37 68 82 79 97 108 93 102 72 93 71 71 91 93 78 59 39 41 61 82 67 4 31 70 102 66 89 70 53 49 64 68 83 78 99 60 25 21 26 15 16 20 24 29 35 25 24 24 49 39 24 16 21 14 27 22 30 13 30 -101 -120 -53 -1 -1 -1 -1 -1 -1 -1 -1 -1 -1 -1 -1 -1 -1 -1 -1 -1 -81 -1 -1 -1 -1 -1 -1 -1 -1 -1 -1 -1 -1 -1 -1 -1 -1 -1 -1 -1 -1 -1 -1 -1 -1 -1 -1 -1 -1 -1 -1 -1 -1 -1 -1 -1 -1 -1 -1 -1 -1 -1 -1 -1 -1 -1 -1 -1 -1 -1 -1 -1 -1 -1 -1 -1 -1 -1 -1 -1 -1 -1 -1 -1 -1 -1 -1 -1 -1 -1 -1 -1 -1 -1 -1 -1 -1 -1 -1 -1 -1 -1 -1 -1 -1 -1 -1 -1 -1 -1 -1 -1 -1 -1
-1 -1 -1 -1 -1 -1 -1 -1 -1 -1 -1 -1 -1 -1 -1 -1 -1 -1 -1 -1 -1 -1 -1 -1 -1 -1 -1 -1 -1 -1 -1 -1 -1 -1 -1 -1 -1 -1 -1 -1 -1 -1 -1 -1 -1 -1 -1 -1 -1 -1 -1 -1 -1 -1 -1 -1 -1 -42 -106 0 0 24 32 39 26 24 47 67 83 100 111 108 89 94 102 110 108 94 99 101 90 84 102 95 84 99 77 44 45 71 95 77 77 102 117 101 82 65 72 68 83 110 100 95 84 108 117 116 96 83 64 72 76 101 88 71 78 64 79 82 76 70 78 90 114 118 112 104 114 118 114 99 81 66 66 65 78 76 94 114 106 84 64 117 100 107 99 113 95 100 107 97 93 96 82 37 76 68 89 104 95 95 105 95 89 96 99 91 77 94 93 106 107 107 87 104 88 74 74 87 102 110 114 100 78 84 94 82 97 91 78 78 83 64 102 105 68 88 64 72 74 60 36 29 3 45 79 101 89 101 108 111 101 74 84 65 81 93 106 85 78 101 104 90 102 102 73 85 105 85 87 65 101 89 77 106 87 97 76 60 100 105 91 90 85 102 91 99 108 96 95 74 67 62 60 49 42 31 61 41 39 38 50 79 79 61 39 35 25 39 77 91 70 50 31 36 37 42 26 3 0 0 0 2 26 42 52 52 71 47 48 38 60 79 112 111 91 85 89 108 110 104 111 112 102 102 113 108 99 104 83 65 48 71 43 45 74 87 111 97 113 79 50 31 70 58 66 95 76 104 102 74 59 55 45 39 38 29 36 39 71 89 84 73 111 107 94 102 83 43 59 87 93 44 42 52 72 85 33 1 37 73 95 111 91 91 82 65 83 88 90 104 100 111 71 50 50 32 32 24 19 26 32 21 22 30 21 31 32 22 14 30 27 24 16 20 9 0 -128 -1 -1 -1 -1 -1 -1 -1 -1 -1 -1 -1 -1 -1 -1 -1 -1 -1 -119 -116 -2 -1 -1 -1 -1 -1 -1 -1 -1 -1 -1 -1 -1 -1 -1 -1 -1 -1 -1 -1 -1 -1 -1 -1 -1 -1 -1 -1 -1 -1 -1 -1 -1 -1 -1 -1 -1 -1 -1 -1 -1 -1 -1 -1 -1 -1 -1 -1 -1 -1 -1 -1 -1 -1 -1 -1 -1 -1 -1 -1 -1 -1 -1 -1 -1 -1 -1 -1 -1 -1 -1 -1 -1 -1 -1 -1 -1 -1 -1 -1 -1 -1 -1 -1 -1 -1 -1 -1 -1 -1 -1 -1 -1 -1
-1 -1 -1 -1 -1 -1 -1 -1 -1 -1 -1 -1 -1 -1 -1 -1 -1 -1 -1 -1 -1 -1 -1 -1 -1 -1 -1 -1 -1 -1 -1 -1 -1 -1 -1 -1 -1 -1 -1 -1 -1 -1 -1 -1 -1 -1 -1 -1 -1 -1 -1 -1 -1 -1 -42 -84 0 0 13 37 39 55 58 74 65 32 32 70 110 88 95 105 97 102 91 89 96 106 93 78 71 91 105 88 72 89 67 37 48 65 66 74 89 106 101 74 73 99 106 96 91 105 99 85 77 93 111 111 90 77 70 59 70 95 108 102 96 85 94 87 77 81 93 105 112 117 107 102 93 87 107 97 96 82 95 87 72 79 89 97 110 95 32 111 112 116 117 116 114 112 114 112 108 102 68 54 94 91 105 108 104 101 102 95 93 91 85 84 84 93 76 84 110 108 94 107 96 74 88 97 107 110 87 83 60 53 62 59 68 71 77 97 70 45 81 97 91 82 38 32 31 31 49 68 91 97 95 108 105 97 87 93 83 76 62 60 73 83 106 94 64 79 82 77 90 96 94 91 105 95 82 49 93 100 99 81 81 74 50 61 84 97 85 74 65 79 81 88 106 107 85 74 54 41 37 41 38 24 27 19 31 42 54 73 61 50 50 52 24 24 53 58 37 22 1 0 0 0 6 14 13 18 36 49 56 66 79 72 65 67 66 41 53 78 100 104 93 105 113 105 102 108 107 101 100 105 87 83 99 94 102 85 76 94 53 62 87 100 100 105 100 84 60 56 107 78 83 85 81 107 93 61 36 42 42 55 39 61 42 64 78 56 72 97 108 106 110 89 65 60 84 102 74 67 79 91 79 25 42 78 65 85 96 105 114 101 90 91 108 106 104 87 96 97 102 96 91 95 83 41 42 30 20 26 33 36 22 20 33 39 21 25 25 19 21 25 0 -128 -23 -1 -1 -1 -1 -1 -17 -41 -1 -32 -3 -128 -119 -1 -1 -1 -1 -1 -128 -105 -128 -128 -100 -1 -1 -1 -1 -1 -1 -1 -1 -1 -1 -1 -1 -1 -1 -1 -1 -1 -1 -1 -1 -1 -1 -1 -1 -1 -1 -1 -1 -1 -1 -1 -1 -1 -1 -1 -1 -1 -1 -1 -1 -1 -1 -1 -1 -1 -1 -1 -1 -1 -1 -1 -1 -1 -1 -1 -1 -1 -1 -1 -1 -1 -1 -1 -1 -1 -1 -1 -1 -1 -1 -1 -1 -1 -1 -1 -1 -1 -1 -1 -1 -1 -1 -1 -1 -1 -1 -1 -1 -1 -1 -1
-1 -1 -1 -1 -1 -1 -1 -1 -1 -1 -1 -1 -1 -1 -1 -1 -1 -1 -1 -1 -1 -1 -1 -1 -1 -1 -1 -1 -1 -1 -1 -1 -1 -1 -1 -1 -1 -1 -1 -1 -1 -1 -1 -1 -1 -1 -1 -1 -1 -1 -1 -1 -26 -128 0 18 26 42 54 56 81 81 107 113 95 90 82 85 108 97 90 84 88 85 73 82 91 114 95 71 66 90 111 97 70 64 52 41 68 83 87 94 102 113 113 76 94 105 112 100 87 93 96 82 81 96 94 104 104 113 85 70 78 91 95 105 111 96 87 76 68 99 108 107 110 112 87 85 77 88 106 114 100 82 96 106 102 107 106 96 107 71 48 113 118 104 97 94 106 88 89 89 87 87 29 89 94 104 112 106 107 112 108 108 113 96 110 106 112 101 95 65 87 97 70 68 77 73 107 113 102 85 71 44 52 72 71 89 97 90 89 89 73 39 39 43 64 48 22 58 61 49 83 108 105 104 111 99 81 90 95 105 110 100 78 71 97 71 99 104 84 93 108 82 72 76 108 88 77 100 71 45 62 105 106 79 52 38 39 41 49 52 54 53 58 77 94 91 106 110 99 76 70 48 53 53 48 30 15 18 26 21 30 49 42 31 36 41 27 20 18 24 14 1 0 0 25 43 59 62 41 22 21 30 42 55 79 95 99 97 56 47 66 104 104 107 110 101 85 94 101 114 113 94 67 60 77 89 83 88 88 97 85 97 84 87 85 94 89 108 112 81 73 85 113 77 88 71 91 108 99 61 56 41 52 85 76 88 52 36 72 49 70 74 56 78 79 53 47 61 96 113 91 100 91 29 6 36 83 106 91 100 87 111 88 91 113 104 95 74 67 89 81 89 83 87 78 85 104 93 79 67 35 30 22 20 16 20 25 37 20 21 18 21 0 -128 -128 -37 -1 -1 -1 -1 -1 -1 -73 -128 -1 -1 -105 -74 -1 -1 -1 -1 -1 -23 -128 -128 0 -128 -7 -1 -1 -1 -1 -1 -1 -1 -1 -1 -1 -1 -1 -1 -1 -1 -1 -1 -1 -1 -1 -1 -1 -1 -1 -1 -1 -1 -1 -1 -1 -1 -1 -1 -1 -1 -1 -1 -1 -1 -1 -1 -1 -1 -1 -1 -1 -1 -1 -1 -1 -1 -1 -1 -1 -1 -1 -1 -1 -1 -1 -1 -1 -1 -1 -1 -1 -1 -1 -1 -1 -1 -1 -1 -1 -1 -1 -1 -1 -1 -1 -1 -1 -1 -1 -1 -1 -1 -1 -1 -1 -1
-1 -1 -1 -1 -1 -1 -1 -1 -1 -1 -1 -1 -1 -1 -1 -1 -1 -1 -1 -1 -1 -1 -1 -1 -1 -1 -1 -1 -1 -1 -1 -1 -1 -1 -1 -1 -1 -1 -1 -1 -1 -1 -1 -1 -1 -1 -1 48 43 -6 -106 -79 -115 2 37 37 55 84 84 78 101 102 116 104 112 111 113 112 104 112 96 106 88 73 64 89 112 107 90 68 66 97 111 106 81 43 44 55 76 102 111 114 107 111 91 90 105 108 110 81 68 79 90 78 77 111 108 111 113 104 96 81 88 107 107 111 112 99 99 88 94 88 89 87 89 116 104 82 88 95 104 107 107 102 93 100 111 114 62 44 39 64 100 112 106 81 68 71 97 84 64 61 65 71 16 72 72 95 88 71 110 85 91 96 91 72 95 79 85 77 97 77 79 108 84 84 64 95 114 101 76 62 52 53 71 87 96 90 70 56 49 43 26 24 21 19 25 8 41 89 108 101 95 95 106 95 78 73 90 107 88 107 104 83 76 78 108 105 101 88 96 101 100 110 89 55 96 102 68 100 94 47 58 84 59 39 37 50 60 55 53 88 96 105 101 99 113 99 96 72 79 70 61 59 55 49 47 26 20 19 19 14 9 36 38 29 18 14 12 21 15 26 19 0 0 0 14 30 36 42 31 31 33 37 38 64 87 110 95 64 41 67 82 105 111 107 107 90 97 101 112 101 97 107 76 89 74 99 100 96 81 74 60 82 104 78 93 82 105 101 88 62 99 96 101 81 68 84 108 94 73 38 70 53 77 94 73 65 48 39 43 39 24 45 49 56 83 64 87 83 73 90 113 94 15 54 68 82 72 87 106 90 84 88 101 97 78 77 87 76 84 110 101 93 72 56 43 43 82 88 53 32 21 31 26 25 31 15 16 30 18 21 26 3 -128 -92 -88 -1 -1 -1 -1 -1 -1 -1 -45 -128 -1 -1 -1 -1 -1 -1 -1 -1 -1 -1 -21 -54 -128 -36 -1 -1 -1 -1 -1 -1 -1 -1 -1 -1 -1 -1 -1 -1 -1 -1 -1 -1 -1 -1 -1 -1 -1 -1 -1 -1 -1 -1 -1 -1 -1 -1 -1 -1 -1 -1 -1 -1 -1 -1 -1 -1 -1 -1 -1 -1 -1 -1 -1 -1 -1 -1 -1 -1 -1 -1 -1 -1 -1 -1 -1 -1 -1 -1 -1 -1 -1 -1 -1 -1 -1 -1 -1 -1 -1 -1 -1 -1 -1 -1 -1 -1 -1 -1 -1 -1 -1 -1 -1 -1 -1 -1
-1 -1 -1 -1 -1 -1 -1 -1 -1 -1 -1 -1 -1 -1 -1 -1 -1 -1 -1 -1 -1 -1 -1 -1 -1 -1 -1 -1 -1 -1 -1 -1 -1 -1 -1 -1 -1 -1 -1 -1 -1 -1 -1 -1 -1 -1 -1 -1 -61 -128 0 0 19 35 60 78 67 100 113 111 114 112 106 97 111 102 88 93 87 101 111 111 107 73 71 95 114 106 104 85 67 100 97 94 66 37 58 76 81 108 100 99 100 89 87 91 107 114 114 91 99 91 97 89 74 106 89 94 96 104 107 96 100 120 106 106 108 116 102 100 94 61 70 67 77 91 113 99 102 104 110 113 116 91 93 100 77 61 56 82 111 105 96 90 101 88 62 76 76 77 42 41 43 39 10 43 66 93 67 73 101 84 88 71 68 67 81 59 54 81 108 76 60 90 102 70 83 100 81 74 79 85 72 66 94 87 85 73 70 78 54 54 59 77 68 45 15 0 71 112 110 90 107 78 71 77 85 79 107 104 95 102 100 94 101 87 106 106 106 88 73 91 96 82 87 62 61 94 78 53 42 3 26 30 30 44 67 68 100 81 53 60 79 97 102 97 102 112 85 48 49 45 36 33 29 29 43 36 19 22 16 16 18 24 21 13 13 0 4 8 3 3 20 7 0 0 0 19 26 39 48 39 31 35 49 81 107 101 77 50 44 61 96 108 90 97 112 100 113 108 107 74 79 99 90 110 110 112 108 96 90 85 55 68 94 66 76 96 107 82 60 68 78 94 89 78 74 105 94 104 68 59 84 84 95 82 64 37 38 45 26 30 47 65 19 16 66 97 101 45 0 68 78 68 26 36 83 96 96 106 108 101 95 78 99 99 84 101 112 82 61 78 99 95 89 91 78 39 37 29 19 22 27 27 14 21 36 15 16 14 14 26 20 0 -128 -107 -108 -128 -102 -2 -1 -1 -1 -1 -1 -16 -1 -1 -1 -1 -1 -1 -1 -1 -1 96 -1 -1 -1 -1 -1 -1 -1 -1 -1 -1 -1 -1 -1 -1 -1 -1 -1 -1 -1 -1 -1 -1 -1 -1 -1 -1 -1 -1 -1 -1 -1 -1 -1 -1 -1 -1 -1 -1 -1 -1 -1 -1 -1 -1 -1 -1 -1 -1 -1 -1 -1 -1 -1 -1 -1 -1 -1 -1 -1 -1 -1 -1 -1 -1 -1 -1 -1 -1 -1 -1 -1 -1 -1 -1 -1 -1 -1 -1 -1 -1 -1 -1 -1 -1 -1 -1 -1 -1 -1 -1 -1 -1 -1 -1 -1 -1
-1 -1 -1 -1 -1 -1 -1 -1 -1 -1 -1 -1 -1 -1 -1 -1 -1 -1 -1 -1 -1 -1 -1 -1 -1 -1 -1 -1 -1 -1 -1 -1 -1 -1 -1 -1 -1 -1 -1 -1 -1 -1 -1 -1 -1 -83 -65 -97 0 20 30 39 60 83 89 111 100 100 110 93 96 117 116 107 102 104 91 76 76 97 117 108 102 77 62 94 111 95 104 93 62 73 84 64 39 44 73 88 97 102 110 104 104 91 100 97 110 112 106 91 91 102 97 83 71 78 101 106 108 101 100 107 111 111 101 82 89 102 111 113 101 76 89 94 108 113 111 111 111 112 108 113 101 93 106 111 74 58 94 102 106 96 82 74 79 71 60 48 47 45 43 43 49 52 10 39 49 79 56 53 93 77 72 66 44 61 66 56 74 71 94 105 68 78 102 61 85 94 93 94 97 108 106 94 105 85 83 89 106 106 97 105 101 107 102 81 41 0 72 101 106 90 88 81 66 89 108 101 101 101 78 101 96 113 96 77 84 77 89 105 79 65 64 87 104 87 41 82 74 32 0 20 37 30 55 78 104 89 110 101 68 54 88 93 93 88 93 90 79 48 29 30 25 19 15 16 37 41 19 22 37 26 30 32 27 7 1 9 0 9 0 2 15 0 0 7 12 15 25 35 54 65 39 43 61 68 84 91 68 54 67 71 72 90 81 102 110 110 107 87 104 93 88 88 94 93 89 89 72 94 97 66 45 84 65 90 100 114 91 74 96 101 90 85 79 68 65 100 91 68 55 55 59 82 97 67 60 50 39 59 31 49 85 61 73 47 -53 84 65 39 71 96 82 61 70 29 88 93 91 85 99 106 100 91 79 99 97 85 110 91 88 71 65 74 97 104 99 78 67 64 60 60 44 33 22 33 36 26 25 13 9 22 26 12 8 0 -87 -89 -128 -23 -1 -1 -1 -1 -1 -1 -1 -1 -1 -1 -1 -1 -1 -1 -1 -1 -1 -1 -1 -1 -1 -1 -1 -1 -1 -1 -1 -1 -1 -1 -1 -1 -1 -1 -1 -1 -1 -1 -1 -1 -1 -1 -1 -1 -1 -1 -1 -1 -1 -1 -1 -1 -1 -1 -1 -1 -1 -1 -1 -1 -1 -1 -1 -1 -1 -1 -1 -1 -1 -1 -1 -1 -1 -1 -1 -1 -1 -1 -1 -1 -1 -1 -1 -1 -1 -1 -1 -1 -1 -1 -1 -1 -1 -1 -1 -1 -1 -1 -1 -1 -1 -1 -1 -1 -1 -1 -1 -1 -1 -1 -1 -1
-1 -1 -1 -1 -1 -1 -1 -1 -1 -1 -1 -1 -1 -1 -1 -1 -1 -1 -1 -1 -1 -1 -1 -1 -1 -1 -1 -1 -1 -1 -1 -1 -1 -1 -1 -1 -1 -1 -1 -1 -1 -1 -1 -1 -44 -128 -128 0 27 47 65 78 101 113 110 95 101 100 78 70 89 100 100 111 90 112 104 87 102 87 87 90 81 74 60 96 113 107 104 106 84 54 59 35 33 44 74 101 112 113 95 99 87 87 77 87 112 104 111 114 93 67 56 72 108 91 104 108 112 110 113 111 112 84 70 70 77 88 100 105 112 111 118 120 116 113 113 113 112 107 108 111 110 108 111 108 100 32 83 84 82 83 82 60 58 59 56 39 38 33 36 31 36 37 21 10 32 41 37 53 83 66 56 49 35 53 53 67 94 99 76 94 61 50 78 50 48 61 60 71 87 112 99 88 101 110 108 110 96 87 101 87 97 105 102 96 33 1 44 79 106 102 64 66 90 96 101 108 95 100 76 91 97 108 84 88 87 85 82 102 102 95 74 50 90 83 41 52 59 13 0 6 71 43 65 89 84 100 114 106 85 66 68 73 81 87 79 79 77 41 41 55 37 26 15 15 26 29 15 29 35 33 36 36 29 0 20 10 0 29 24 15 12 0 14 22 21 20 31 59 73 60 49 71 88 84 76 74 67 66 87 91 74 67 81 101 102 89 94 87 91 91 96 79 64 56 61 48 68 90 66 47 67 88 59 99 96 93 84 102 81 94 101 94 61 49 83 100 112 95 64 64 71 97 90 73 47 49 54 29 30 61 89 78 24 -44 -36 67 42 81 90 83 76 85 84 27 74 72 74 68 93 111 89 100 84 71 96 77 83 102 97 93 94 99 88 100 94 87 77 77 43 39 35 20 14 24 37 30 20 8 25 25 15 21 32 30 0 -128 -49 -1 -1 -1 -1 -1 -1 -1 -1 -1 -1 -1 -1 -1 -1 -1 -1 -1 -1 -1 -1 -1 -1 -1 -1 -1 -1 -1 -1 -1 -1 -1 -1 -1 -1 -1 -1 -1 -1 -1 -1 -1 -1 -1 -1 -1 -1 -1 -1 -1 -1 -1 -1 -1 -1 -1 -1 -1 -1 -1 -1 -1 -1 -1 -1 -1 -1 -1 -1 -1 -1 -1 -1 -1 -1 -1 -1 -1 -1 -1 -1 -1 -1 -1 -1 -1 -1 -1 -1 -1 -1 -1 -1 -1 -1 -1 -1 -1 -1 -1 -1 -1 -1 -1 -1 -1 -1 -1 -1 -1 -1 -1 -1 -1
-1 -1 -1 -1 -1 -1 -1 -1 -1 -1 -1 -1 -1 -1 -1 -1 -1 -1 -1 -1 -1 -1 -1 -1 -1 -1 -1 -1 -1 -1 -1 -1 -1 -1 -1 -1 -1 -1 -1 -1 -1 -1 -1 -2 -128 0 20 37 64 88 96 104 107 91 100 111 102 88 56 66 83 83 88 93 79 101 96 95 113 99 82 110 112 87 64 107 110 107 110 87 77 45 16 0 52 58 88 112 108 96 85 105 101 78 74 111 119 100 95 100 96 67 67 96 112 112 113 114 88 87 104 110 96 84 62 62 76 101 118 117 118 107 117 112 104 99 95 84 90 101 114 116 111 114 101 117 114 61 47 110 94 77 54 56 61 70 73 50 44 62 59 65 56 50 35 38 18 44 45 45 47 44 43 32 50 70 73 90 82 87 79 70 45 36 44 41 49 74 79 94 99 107 74 60 87 105 89 74 58 56 70 79 102 77 68 59 9 35 88 96 110 91 64 93 106 108 108 88 96 102 65 73 99 95 101 104 112 101 82 87 89 94 68 36 61 79 43 33 33 0 -65 10 72 64 48 55 66 100 114 106 83 85 73 82 78 79 81 76 79 59 62 64 50 44 25 20 16 20 15 31 36 33 37 33 0 0 3 25 25 32 27 21 25 4 21 21 19 26 24 35 53 74 74 93 87 70 43 56 81 81 95 87 66 78 89 102 106 95 82 79 95 102 102 66 70 91 66 54 73 84 45 65 82 56 64 95 99 112 83 73 76 81 85 70 53 62 83 113 105 67 68 87 91 113 89 45 44 30 30 47 62 94 106 89 78 71 22 -63 26 89 100 101 94 81 72 29 6 7 25 67 73 85 87 82 90 72 71 68 96 105 85 84 79 65 56 62 71 62 58 38 37 15 20 16 16 27 37 36 36 31 31 37 35 38 35 0 -92 -49 -1 -1 -1 -1 -1 -1 -1 -1 -1 -1 -1 -1 -1 -1 -1 -1 -1 -1 -1 -1 -1 -1 -1 -1 -1 -1 -1 -1 -1 -1 -1 -1 -1 -1 -1 -1 -1 -1 -1 -1 -1 -1 -1 -1 -1 -1 -1 -1 -1 -1 -1 -1 -1 -1 -1 -1 -1 -1 -1 -1 -1 -1 -1 -1 -1 -1 -1 -1 -1 -1 -1 -1 -1 -1 -1 -1 -1 -1 -1 -1 -1 -1 -1 -1 -1 -1 -1 -1 -1 -1 -1 -1 -1 -1 -1 -1 -1 -1 -1 -1 -1 -1 -1 -1 -1 -1 -1 -1 -1 -1 -1 -1 -1 -1
-1 -1 -1 -1 -1 -1 -1 -1 -1 -1 -1 -1 -1 -1 -1 -1 -1 -1 -1 -1 -1 -1 -1 -1 -1 -1 -1 -1 -1 -1 -1 -1 -1 -1 -1 -1 -1 -1 -1 -1 -1 -1 -1 -25 -108 7 14 39 66 102 108 101 100 90 83 100 116 91 59 53 65 73 97 100 79 81 76 100 107 100 77 90 96 82 61 85 111 97 108 104 72 42 9 45 84 76 99 107 93 110 97 99 90 67 74 110 100 94 78 87 94 60 71 99 97 107 110 95 94 101 104 95 73 71 87 96 106 117 107 96 95 88 111 93 91 79 66 83 116 114 97 100 91 95 89 96 99 107 53 113 93 71 59 54 67 83 88 87 85 76 65 61 45 37 49 12 48 71 76 56 47 35 32 47 73 93 96 76 70 55 50 42 41 53 73 77 88 104 111 108 110 108 100 70 64 84 67 59 76 50 81 96 110 101 61 30 0 31 76 97 112 96 77 78 100 110 84 85 49 52 43 59 70 83 96 104 114 87 77 87 99 74 56 35 30 45 47 24 10 0 0 44 87 82 72 83 76 90 114 111 102 94 74 81 78 79 81 77 79 77 49 31 33 25 29 22 9 24 38 36 37 36 36 35 31 29 32 36 36 33 35 33 36 0 30 24 32 42 26 30 58 93 90 88 48 30 33 52 83 79 70 52 48 84 93 113 93 87 89 88 95 105 104 91 83 96 70 89 82 79 42 76 52 74 104 110 106 91 77 78 90 83 54 53 78 102 105 108 82 52 79 79 96 105 82 66 29 30 67 61 74 84 71 83 97 85 26 -46 56 72 105 82 83 60 53 44 50 65 22 19 88 101 84 90 79 62 60 91 107 89 81 100 105 88 70 48 49 45 54 25 22 14 21 20 22 13 19 36 36 31 32 38 39 35 0 -65 -1 -1 -1 -1 -1 -1 -1 -1 -1 -1 -1 -1 -1 -1 -1 -1 -1 -1 -1 -1 -1 -1 -1 -1 -1 -1 -1 -1 -1 -1 -1 -1 -1 -1 -1 -1 -1 -1 -1 -1 -1 -1 -1 -1 -1 -1 -1 -1 -1 -1 -1 -1 -1 -1 -1 -1 -1 -1 -1 -1 -1 -1 -1 -1 -1 -1 -1 -1 -1 -1 -1 -1 -1 -1 -1 -1 -1 -1 -1 -1 -1 -1 -1 -1 -1 -1 -1 -1 -1 -1 -1 -1 -1 -1 -1 -1 -1 -1 -1 -1 -1 -1 -1 -1 -1 -1 -1 -1 -1 -1 -1 -1 -1 -1 -1 -1
-1 -1 -1 -1 -1 -1 -1 -1 -1 -1 -1 -1 -1 -1 -1 -1 -1 -1 -1 -1 -1 -1 -1 -1 -1 -1 -1 -1 -1 -1 -1 -1 -1 -1 -1 -1 -1 -1 -1 -1 -1 -1 -84 0 24 24 2 8 26 48 83 116 107 93 68 100 105 93 78 71 59 88 100 107 83 76 95 108 111 106 73 93 91 74 45 64 102 107 94 93 72 31 43 73 97 99 107 99 79 91 102 84 71 55 77 94 104 93 97 99 82 62 61 77 88 110 110 84 95 95 97 101 93 88 94 96 101 96 99 81 72 95 101 83 73 64 79 97 113 102 81 73 60 67 66 67 72 102 71 54 87 84 64 73 94 84 64 65 81 42 37 39 43 45 27 19 33 35 56 49 49 33 48 64 87 102 105 81 70 61 56 50 47 97 112 105 110 100 95 91 93 77 58 58 61 52 56 68 89 78 67 95 114 102 90 60 21 0 53 94 118 97 74 72 67 60 78 89 64 33 65 96 110 111 107 112 104 94 97 93 81 47 56 67 56 37 30 24 2 7 58 82 90 100 96 91 94 104 102 90 94 81 78 73 79 74 64 48 38 59 41 13 25 14 22 29 26 12 37 37 37 37 37 37 38 36 38 36 35 36 36 26 4 2 25 37 38 32 39 56 76 66 48 48 26 22 42 67 83 58 37 41 66 94 113 111 105 110 110 106 78 96 105 90 84 96 79 112 88 64 45 49 66 99 101 93 85 110 93 106 108 99 65 61 96 90 77 95 96 104 72 55 100 111 101 81 68 55 96 78 58 62 67 88 79 66 -42 54 91 88 100 110 90 70 49 48 68 71 10 83 104 110 105 101 99 60 65 73 93 91 65 88 66 56 41 39 35 37 25 20 26 25 32 30 35 27 32 41 35 2 0 18 16 0 -87 -1 -1 -1 -1 -1 -1 -1 -1 -1 -1 -1 -1 -1 -1 -1 -1 -1 -1 -1 -1 -1 -1 -1 -1 -1 -1 -1 -1 -1 -1 -1 -1 -1 -1 -1 -1 -1 -1 -1 -1 -1 -1 -1 -1 -1 -1 -1 -1 -1 -1 -1 -1 -1 -1 -1 -1 -1 -1 -1 -1 -1 -1 -1 -1 -1 -1 -1 -1 -1 -1 -1 -1 -1 -1 -1 -1 -1 -1 -1 -1 -1 -1 -1 -1 -1 -1 -1 -1 -1 -1 -1 -1 -1 -1 -1 -1 -1 -1 -1 -1 -1 -1 -1 -1 -1 -1 -1 -1 -1 -1 -1 -1 -1 -1 -1 -1 -1
-1 -1 -1 -1 -1 -1 -1 -1 -1 -1 -1 -1 -1 -1 -1 -1 -1 -1 -1 -1 -1 -1 -1 -1 -1 -1 -1 -1 -1 -1 -1 -1 -1 -1 -1 -1 -1 -1 -1 -1 -1 -101 0 44 78 70 36 10 4 9 30 83 97 66 50 91 94 100 113 83 64 72 93 95 82 76 108 111 85 81 70 89 102 71 39 73 111 99 91 66 43 31 54 79 96 90 99 106 88 74 82 64 47 66 90 102 97 90 94 94 81 52 71 104 116 105 96 95 97 114 114 107 82 79 68 83 82 87 76 68 70 78 78 65 50 49 78 94 79 77 56 41 36 33 35 45 55 79 89 91 59 84 84 96 84 65 43 44 73 55 50 64 9 20 42 35 48 54 31 35 32 35 59 50 59 94 99 105 97 101 82 44 53 97 107 79 73 50 65 71 58 52 81 79 93 74 66 93 110 101 72 76 82 89 113 78 36 0 56 111 94 64 87 88 68 85 94 62 32 35 85 101 94 101 107 89 77 95 90 76 62 67 90 90 79 64 55 29 30 27 55 73 70 59 53 43 54 76 62 43 60 64 61 42 32 44 25 20 20 18 18 31 27 35 35 37 33 29 37 37 37 37 37 37 37 37 37 38 39 37 6 0 0 20 18 21 45 54 64 58 38 25 18 14 16 27 39 58 47 32 41 54 67 90 113 101 107 110 101 111 95 89 94 91 55 72 89 110 101 60 41 44 76 93 84 78 108 99 106 79 97 95 73 45 52 64 88 110 113 112 78 84 99 107 105 88 58 61 91 110 73 94 72 76 89 83 35 36 93 58 94 95 104 72 48 66 73 67 8 68 87 88 101 82 73 58 45 62 91 61 45 60 65 50 47 53 33 35 44 31 33 18 18 15 30 27 27 25 16 0 0 0 -93 -121 -32 -1 -1 -1 -1 -1 -1 -1 -1 -1 -1 -1 -1 -1 -1 -1 -1 -1 -1 -1 -1 -1 -1 -1 -1 -1 -1 -1 -1 -1 -1 -1 -1 -1 -1 -1 -1 -1 -1 -1 -1 -1 -1 -1 -1 -1 -1 -1 -1 -1 -1 -1 -1 -1 -1 -1 -1 -1 -1 -1 -1 -1 -1 -1 -1 -1 -1 -1 -1 -1 -1 -1 -1 -1 -1 -1 -1 -1 -1 -1 -1 -1 -1 -1 -1 -1 -1 -1 -1 -1 -1 -1 -1 -1 -1 -1 -1 -1 -1 -1 -1 -1 -1 -1 -1 -1 -1 -1 -1 -1 -1 -1 -1 -1 -1 -1 -1 -1
-1 -1 -1 -1 -1 -1 -1 -1 -1 -1 -1 -1 -1 -1 -1 -1 -1 -1 -1 -1 -1 -1 -1 -1 -1 -1 -1 -1 -1 -1 -1 -1 -1 -1 -1 -1 -1 -1 -1 -1 -1 -117 49 76 83 73 60 21 10 0 3 30 58 52 41 73 76 99 111 87 97 90 96 93 83 65 79 101 96 97 94 106 96 73 43 74 99 88 64 38 29 44 56 67 71 82 89 111 108 74 54 44 44 78 84 72 71 74 73 68 59 54 88 111 102 91 87 87 112 105 97 88 72 62 62 64 76 76 71 64 59 61 60 43 43 74 77 89 62 49 36 48 42 30 54 71 84 83 93 95 45 83 91 90 55 41 45 30 64 56 42 36 50 22 26 31 52 70 52 42 36 61 72 67 54 64 73 81 100 88 62 37 76 111 93 77 56 68 93 101 71 42 82 100 101 71 79 102 104 112 91 76 81 87 85 95 64 1 41 105 93 84 100 95 79 89 106 77 24 38 66 64 61 84 110 89 94 114 110 95 70 82 90 82 72 55 60 27 31 27 54 72 56 42 19 16 31 64 42 29 22 31 42 20 18 20 19 21 32 20 6 26 21 29 32 35 31 33 37 38 37 37 37 37 37 37 37 37 35 33 0 19 26 15 8 22 60 61 43 21 15 13 10 10 13 33 45 33 30 38 44 50 71 88 102 96 96 107 88 101 110 93 83 61 45 67 96 113 104 85 49 35 60 88 54 99 106 97 107 99 93 96 105 66 35 48 83 111 101 85 62 68 99 106 93 64 82 97 83 104 111 93 90 99 82 64 76 47 85 73 59 58 74 66 64 71 78 60 68 24 31 107 110 106 97 87 52 55 77 96 58 53 82 76 45 45 13 27 44 44 35 24 26 21 21 14 21 16 16 21 22 19 0 -128 -105 -1 -1 -1 -1 -1 -1 -1 -1 -1 -1 -1 -1 -1 -1 -1 -1 -1 -1 -1 -1 -1 -1 -1 -1 -1 -1 -1 -1 -1 -1 -1 -1 -1 -1 -1 -1 -1 -1 -1 -1 -1 -1 -1 -1 -1 -1 -1 -1 -1 -1 -1 -1 -1 -1 -1 -1 -1 -1 -1 -1 -1 -1 -1 -1 -1 -1 -1 -1 -1 -1 -1 -1 -1 -1 -1 -1 -1 -1 -1 -1 -1 -1 -1 -1 -1 -1 -1 -1 -1 -1 -1 -1 -1 -1 -1 -1 -1 -1 -1 -1 -1 -1 -1 -1 -1 -1 -1 -1 -1 -1 -1 -1 -1 -1 -1 -1 -1
-1 -1 -1 -1 -1 -1 -1 -1 -1 -1 -1 -1 -1 -1 -1 -1 -1 -1 -1 -1 -1 -1 -1 -1 -1 -1 -1 -1 -1 -1 -1 -1 -1 -1 -1 -1 -1 -1 -1 -1 -89 0 32 29 26 18 19 22 30 45 9 0 27 20 35 61 64 91 100 95 106 105 117 112 81 66 55 91 96 76 79 107 97 83 45 49 65 65 47 30 32 68 73 53 61 81 76 101 83 68 41 35 52 65 68 37 45 73 76 53 64 81 95 112 97 104 79 101 117 102 85 81 73 73 70 71 70 58 58 61 58 49 37 36 48 42 48 66 66 41 37 32 27 48 67 84 82 100 110 99 52 83 90 101 74 60 36 41 43 44 56 10 67 37 52 59 49 88 67 41 37 61 81 89 83 59 54 93 105 82 52 29 79 105 81 105 93 84 95 107 82 71 90 95 108 76 84 91 100 99 78 85 96 102 105 107 95 25 15 89 97 67 99 93 84 82 55 49 21 29 22 45 59 87 108 99 93 95 97 96 73 78 89 70 49 35 33 25 6 0 35 48 48 33 10 20 20 29 20 19 21 12 24 20 20 15 29 37 41 29 12 10 22 37 37 37 37 37 37 37 37 37 37 37 37 37 37 37 36 19 14 20 37 36 20 41 19 3 13 20 16 21 19 13 18 16 26 30 32 48 48 73 65 56 85 105 104 94 91 88 99 104 88 68 37 68 79 88 99 71 41 47 58 58 66 101 97 104 105 104 84 66 67 42 35 72 108 105 66 60 36 55 85 100 104 105 74 106 108 105 100 97 111 102 91 90 93 74 59 104 71 64 65 62 67 89 94 96 101 79 41 45 88 91 93 74 60 43 87 100 59 37 52 68 38 25 14 21 39 64 65 48 56 36 19 21 22 9 0 0 0 0 -115 -126 -128 -44 -1 -1 -1 -1 -1 -1 -1 -1 -1 -1 -1 -1 -1 -1 -1 -1 -1 -1 -1 -1 -1 -1 -1 -1 -1 -1 -1 -1 -1 -1 -1 -1 -1 -1 -1 -1 -1 -1 -1 -1 -1 -1 -1 -1 -1 -1 -1 -1 -1 -1 -1 -1 -1 -1 -1 -1 -1 -1 -1 -1 -1 -1 -1 -1 -1 -1 -1 -1 -1 -1 -1 -1 -1 -1 -1 -1 -1 -1 -1 -1 -1 -1 -1 -1 -1 -1 -1 -1 -1 -1 -1 -1 -1 -1 -1 -1 -1 -1 -1 -1 -1 -1 -1 -1 -1 -1 -1 -1 -1 -1 -1 -1 -1 -1 -1 -1
-1 -1 -1 -1 -1 -1 -1 -1 -1 -1 -1 -1 -1 -1 -1 -1 -1 -1 -1 -1 -1 -1 -1 -1 -1 -1 -1 -1 -1 -1 -1 -1 -1 -1 -1 -1 -1 -1 -1 -115 0 55 44 45 71 61 42 32 56 87 41 8 0 16 30 45 53 60 55 55 93 107 96 107 108 88 64 60 53 44 56 77 105 101 56 35 37 39 31 26 36 58 64 44 60 47 60 65 59 52 47 42 53 50 42 38 43 49 55 45 67 94 110 102 105 87 85 111 105 100 102 97 95 91 88 100 94 93 95 95 71 71 50 37 36 45 41 39 50 41 68 37 37 60 76 89 94 90 90 95 56 81 85 111 94 81 43 47 42 52 37 38 31 27 50 87 60 94 71 35 39 54 82 105 88 50 52 62 82 96 68 27 76 77 62 70 83 88 71 97 104 83 99 83 106 93 97 83 94 108 83 106 81 71 104 88 60 8 0 33 81 47 83 91 105 96 58 19 9 25 50 82 100 90 83 90 107 113 105 113 99 82 84 70 47 44 35 25 8 0 21 42 27 32 29 30 24 14 12 21 31 33 29 22 33 37 35 33 36 35 22 32 33 37 37 37 37 37 37 37 32 35 37 37 37 37 37 37 32 1 30 26 32 20 24 27 8 24 32 32 29 18 13 19 20 16 20 33 29 33 44 41 38 55 87 107 93 85 85 74 67 97 107 78 45 39 52 50 66 81 65 35 33 44 81 107 81 94 95 110 95 71 41 42 82 102 104 82 53 58 67 85 105 99 97 102 81 96 100 100 100 94 104 112 101 107 54 25 66 99 79 77 81 64 55 54 56 65 93 96 88 24 89 104 97 100 68 44 73 89 56 25 54 70 64 38 20 53 43 45 68 70 58 43 16 0 -115 -102 -128 -128 -128 -128 -128 -83 -9 -1 -1 -1 -1 -1 -1 -1 -1 -1 -1 -1 -1 -1 -1 -1 -1 -1 -1 -1 -1 -1 -1 -1 -1 -1 -1 -1 -1 -1 -1 -1 -1 -1 -1 -1 -1 -1 -1 -1 -1 -1 -1 -1 -1 -1 -1 -1 -1 -1 -1 -1 -1 -1 -1 -1 -1 -1 -1 -1 -1 -1 -1 -1 -1 -1 -1 -1 -1 -1 -1 -1 -1 -1 -1 -1 -1 -1 -1 -1 -1 -1 -1 -1 -1 -1 -1 -1 -1 -1 -1 -1 -1 -1 -1 -1 -1 -1 -1 -1 -1 -1 -1 -1 -1 -1 -1 -1 -1 -1 -1 -1 -1 -1 -1 -1 -1 -1
-1 -1 -1 -1 -1 -1 -1 -1 -1 -1 -1 -1 -1 -1 -1 -1 -1 -1 -1 -1 -1 -1 -1 -1 -1 -1 -1 -1 -1 -1 -1 -1 -1 -1 -1 -1 -1 -1 -105 0 43 58 59 58 97 106 94 78 96 96 68 30 10 0 15 21 27 22 26 27 70 105 108 100 111 101 66 47 54 50 35 35 73 102 70 38 24 30 24 19 35 60 62 43 39 33 39 41 35 35 33 31 32 30 37 68 68 47 43 53 83 94 96 107 110 77 83 87 82 77 77 81 79 85 83 88 91 100 110 116 104 93 55 43 68 83 56 33 43 59 99 56 52 38 45 67 61 58 78 93 52 90 85 102 118 68 48 43 77 97 54 45 43 67 77 100 83 101 85 56 88 71 61 100 94 93 61 68 65 82 94 18 25 19 0 0 38 48 33 87 106 105 99 72 71 87 73 62 78 93 100 99 90 39 53 70 16 0 0 3 50 35 45 48 72 73 39 0 0 0 49 93 88 65 82 84 87 106 105 113 112 104 91 61 48 48 50 32 21 0 0 21 13 25 20 18 14 24 13 29 30 32 25 29 31 15 0 0 32 30 32 0 19 35 31 0 19 36 37 37 37 37 37 37 37 38 37 26 0 24 37 37 24 36 32 19 27 36 38 32 21 12 16 21 19 26 27 18 25 31 19 20 49 79 95 83 90 108 107 93 53 77 111 89 81 55 25 22 49 78 84 50 25 55 110 100 70 96 87 112 110 83 33 61 108 94 94 67 33 54 94 104 82 95 90 105 88 100 84 107 112 110 111 107 108 88 78 84 99 88 94 102 111 101 79 65 68 79 99 105 87 21 97 91 76 67 55 43 43 65 36 19 25 25 21 18 25 29 13 36 35 31 16 16 -106 -128 -128 -22 -89 -128 -128 -128 -128 -103 -28 -1 -1 -1 -1 -1 -1 -1 -1 -1 -1 -1 -1 -1 -1 -1 -1 -1 -1 -1 -1 -1 -1 -1 -1 -1 -1 -1 -1 -1 -1 -1 -1 -1 -1 -1 -1 -1 -1 -1 -1 -1 -1 -1 -1 -1 -1 -1 -1 -1 -1 -1 -1 -1 -1 -1 -1 -1 -1 -1 -1 -1 -1 -1 -1 -1 -1 -1 -1 -1 -1 -1 -1 -1 -1 -1 -1 -1 -1 -1 -1 -1 -1 -1 -1 -1 -1 -1 -1 -1 -1 -1 -1 -1 -1 -1 -1 -1 -1 -1 -1 -1 -1 -1 -1 -1 -1 -1 -1 -1 -1 -1 -1 -1 -1 -1 -1 -1
-1 -1 -1 -1 -1 -1 -1 -1 -1 -1 -1 -1 -1 -1 -1 -1 -1 -1 -1 -1 -1 -1 -1 -1 -1 -1 -1 -1 -1 -1 -1 -1 -1 -1 -1 -1 -1 -77 -114 15 27 61 81 50 68 87 110 112 104 67 53 42 25 0 0 2 15 19 20 33 88 114 105 87 96 90 65 65 79 59 41 29 50 74 59 36 21 22 30 21 33 43 38 36 32 30 31 24 19 26 30 41 59 62 55 81 87 73 58 45 52 60 61 78 81 55 55 49 53 61 67 68 76 84 94 104 108 108 106 106 93 61 39 56 68 76 61 52 70 111 118 87 87 56 41 32 38 54 77 99 83 31 65 110 91 94 72 39 64 110 31 48 36 60 88 82 104 111 104 91 94 99 89 87 107 87 66 84 97 82 70 9 0 0 37 26 0 3 0 32 89 82 111 88 45 16 0 21 30 72 89 74 56 30 7 13 20 0 37 0 0 4 22 24 37 64 35 0 0 0 37 88 95 55 54 60 78 94 96 97 96 89 88 77 59 59 49 31 21 7 0 19 10 18 21 32 36 36 0 0 0 0 0 0 0 0 -89 0 0 2 0 0 4 0 0 0 0 26 37 37 37 37 37 37 37 39 35 10 0 36 36 33 15 24 20 36 42 38 36 33 30 27 25 13 13 25 19 13 18 26 15 31 68 84 79 88 82 104 100 95 50 95 110 99 102 84 33 21 41 60 71 30 26 62 96 77 72 78 89 99 93 49 27 67 105 89 60 52 43 90 81 77 67 90 83 99 97 81 90 99 89 102 111 114 88 94 85 89 91 101 105 108 112 102 95 77 61 87 100 114 112 58 48 101 78 59 55 43 43 71 45 24 15 16 18 27 35 22 19 20 18 20 29 3 -100 -69 -1 -1 -1 -1 -1 -1 -1 -1 -1 -1 -1 -1 -1 -1 -1 -1 -1 -1 -1 -1 -1 -1 -1 -1 -1 -1 -1 -1 -1 -1 -1 -1 -1 -1 -1 -1 -1 -1 -1 -1 -1 -1 -1 -1 -1 -1 -1 -1 -1 -1 -1 -1 -1 -1 -1 -1 -1 -1 -1 -1 -1 -1 -1 -1 -1 -1 -1 -1 -1 -1 -1 -1 -1 -1 -1 -1 -1 -1 -1 -1 -1 -1 -1 -1 -1 -1 -1 -1 -1 -1 -1 -1 -1 -1 -1 -1 -1 -1 -1 -1 -1 -1 -1 -1 -1 -1 -1 -1 -1 -1 -1 -1 -1 -1 -1 -1 -1 -1 -1 -1 -1 -1 -1 -1 -1 -1
-1 -1 -1 -1 -1 -1 -1 -1 -1 -1 -1 -1 -1 -1 -1 -1 -1 -1 -1 -1 -1 -1 -1 -1 -1 -1 -1 -1 -1 -1 -1 -1 -1 -1 -1 -1 -77 -114 13 30 25 70 88 56 73 97 113 106 81 59 47 38 29 18 4 22 25 15 30 39 81 94 104 93 107 89 71 85 96 82 61 39 29 52 32 10 19 18 29 13 31 21 25 29 27 26 22 22 25 30 38 49 68 90 77 97 108 96 81 65 49 47 39 41 43 45 53 64 73 77 89 93 94 111 114 108 94 111 87 66 85 49 39 33 41 79 100 96 110 125 127 124 114 90 39 36 64 81 99 106 97 87 47 89 52 55 44 56 79 67 36 10 35 53 64 54 82 96 114 97 87 89 107 93 99 101 81 88 87 55 29 0 50 59 101 67 0 0 27 0 2 48 84 94 47 0 21 0 0 24 44 3 0 0 0 0 0 2 47 19 0 0 15 30 27 43 45 0 0 0 35 45 62 44 38 67 91 82 58 65 68 53 50 61 62 33 30 21 12 26 0 13 18 13 36 37 37 35 0 0 14 21 31 30 35 37 0 -96 0 14 12 3 0 36 30 21 29 21 37 38 37 37 37 37 37 37 37 1 8 36 37 32 2 7 31 37 37 36 33 32 31 29 14 12 10 19 13 9 19 15 21 49 68 79 74 73 67 81 87 71 50 95 102 85 90 102 56 22 24 44 41 18 58 96 93 62 71 73 89 87 78 30 27 82 117 99 81 91 68 64 55 58 71 100 93 78 93 79 89 83 95 110 102 99 101 110 111 95 95 105 100 107 107 102 101 72 73 94 101 113 118 105 41 99 99 83 30 20 48 76 49 24 16 16 13 24 25 27 27 18 33 13 27 0 -37 -93 -35 -1 -1 -1 -1 -1 -1 -1 -1 -1 -1 -1 -1 -1 -1 -1 -1 -1 -1 -1 -1 -1 -1 -1 -1 -1 -1 -1 -1 -1 -1 -1 -1 -1 -1 -1 -1 -1 -1 -1 -1 -1 -1 -1 -1 -1 -1 -1 -1 -1 -1 -1 -1 -1 -1 -1 -1 -1 -1 -1 -1 -1 -1 -1 -1 -1 -1 -1 -1 -1 -1 -1 -1 -1 -1 -1 -1 -1 -1 -1 -1 -1 -1 -1 -1 -1 -1 -1 -1 -1 -1 -1 -1 -1 -1 -1 -1 -1 -1 -1 -1 -1 -1 -1 -1 -1 -1 -1 -1 -1 -1 -1 -1 -1 -1 -1 -1 -1 -1 -1 -1 -1 -1 -1 -1 -1
-1 -1 -1 -1 -1 -1 -1 -1 -1 -1 -1 -1 -1 -1 -1 -1 -1 -1 -1 -1 -1 -1 -1 -1 -1 -1 -1 -1 -1 -1 -1 -1 -1 -1 -1 -1 -102 0 50 65 56 93 76 52 67 88 113 110 84 62 48 42 35 16 0 24 30 27 18 27 41 85 113 107 105 101 101 108 113 101 88 58 21 29 31 6 0 18 15 21 26 13 19 21 21 29 35 50 58 58 44 52 70 87 102 114 108 78 64 56 62 72 56 60 65 81 87 91 108 95 108 110 111 110 93 79 79 85 93 73 52 39 37 32 49 66 110 127 123 125 118 110 119 112 65 39 37 50 49 60 66 96 43 91 88 81 65 38 33 33 33 29 0 32 41 48 60 76 89 94 101 91 88 84 70 65 67 96 89 25 0 25 76 108 83 61 38 22 68 71 0 7 41 73 59 0 0 38 33 0 0 0 32 47 29 0 0 29 72 73 65 18 0 16 0 0 8 0 8 0 12 31 62 32 42 76 89 73 50 39 49 27 32 58 42 29 15 13 18 24 15 0 37 33 27 35 38 35 32 1 0 0 1 0 0 2 0 0 0 9 1 6 27 32 29 37 33 35 37 37 36 37 37 37 35 36 37 13 10 38 37 31 32 37 36 37 33 8 0 0 10 30 25 19 15 15 15 22 24 32 52 60 47 62 83 71 58 62 67 45 70 107 96 94 62 94 60 21 18 32 24 53 84 96 89 62 72 74 70 73 41 29 72 100 102 93 110 84 72 68 97 67 88 106 97 72 79 82 91 107 110 106 89 91 93 94 105 88 107 104 102 82 82 84 78 55 59 62 90 100 108 83 25 58 47 32 16 12 27 76 52 43 37 24 32 35 21 26 30 29 37 26 0 -120 -61 -59 -1 -1 -1 -1 -1 -1 -1 -1 -1 -1 -1 -1 -1 -1 -1 -1 -1 -1 -1 -1 -1 -1 -1 -1 -1 -1 -1 -1 -1 -1 -1 -1 -1 -1 -1 -1 -1 -1 -1 -1 -1 -1 -1 -1 -1 -1 -1 -1 -1 -1 -1 -1 -1 -1 -1 -1 -1 -1 -1 -1 -1 -1 -1 -1 -1 -1 -1 -1 -1 -1 -1 -1 -1 -1 -1 -1 -1 -1 -1 -1 -1 -1 -1 -1 -1 -1 -1 -1 -1 -1 -1 -1 -1 -1 -1 -1 -1 -1 -1 -1 -1 -1 -1 -1 -1 -1 -1 -1 -1 -1 -1 -1 -1 -1 -1 -1 -1 -1 -1 -1 -1 -1 -1 -1 -1 -1
-1 -1 -1 -1 -1 -1 -1 -1 -1 -1 -1 -1 -1 -1 -1 -1 -1 -1 -1 -1 -1 -1 -1 -1 -1 -1 -1 -1 -1 -1 -1 -1 -1 -1 -1 -17 -128 0 37 90 93 78 60 61 65 83 116 101 100 88 78 61 41 19 26 0 0 13 26 29 27 58 94 96 97 102 105 113 93 73 68 49 16 24 29 3 3 10 18 14 30 19 29 33 36 53 55 70 79 65 50 61 79 108 114 102 79 66 66 81 84 91 73 95 84 106 111 113 108 107 105 84 99 84 68 52 54 44 49 52 38 35 38 41 48 87 87 122 119 104 83 66 108 124 114 77 41 31 35 61 55 73 55 78 102 73 48 45 58 65 67 68 24 6 30 35 39 30 29 47 74 113 111 112 104 24 0 52 94 32 8 52 89 93 99 97 88 101 96 70 26 0 20 83 102 65 25 0 20 7 0 53 93 97 74 59 66 67 105 110 83 37 0 0 7 14 0 0 19 16 0 2 33 24 32 61 61 36 25 22 37 13 27 37 21 18 16 0 3 18 29 0 20 36 30 37 37 37 16 0 0 16 0 0 22 25 -87 -94 0 4 35 38 36 32 0 16 19 29 18 24 36 37 37 38 33 27 36 1 27 41 37 37 37 38 37 18 37 35 30 31 12 8 18 19 15 20 36 19 39 64 54 48 35 55 58 59 67 52 36 60 104 106 101 102 45 66 59 24 20 24 38 76 84 82 101 52 59 58 49 50 24 45 105 101 90 96 112 100 84 110 104 68 77 90 85 74 77 106 111 104 82 94 66 72 68 81 82 87 102 87 73 62 59 55 47 44 35 48 71 94 106 85 37 33 81 94 37 39 76 31 71 90 72 49 55 64 48 0 0 0 0 0 12 -89 -128 -128 -117 -40 -1 -1 -1 -1 -1 -1 -1 -1 -1 -1 -1 -1 -1 -1 -1 -1 -1 -1 -1 -1 -1 -1 -1 -1 -1 -1 -1 -1 -1 -1 -1 -1 -1 -1 -1 -1 -1 -1 -1 -1 -1 -1 -1 -1 -1 -1 -1 -1 -1 -1 -1 -1 -1 -1 -1 -1 -1 -1 -1 -1 -1 -1 -1 -1 -1 -1 -1 -1 -1 -1 -1 -1 -1 -1 -1 -1 -1 -1 -1 -1 -1 -1 -1 -1 -1 -1 -1 -1 -1 -1 -1 -1 -1 -1 -1 -1 -1 -1 -1 -1 -1 -1 -1 -1 -1 -1 -1 -1 -1 -1 -1 -1 -1 -1 -1 -1 -1 -1 -1 -1 -1 -1 -1 -1
-1 -1 -1 -1 -1 -1 -1 -1 -1 -1 -1 -1 -1 -1 -1 -1 -1 -1 -1 -1 -1 -1 -1 -1 -1 -1 -1 -1 -1 -1 -1 -1 -1 -1 -1 -128 0 18 48 97 91 64 79 91 82 104 113 96 67 70 62 50 36 31 22 21 13 0 33 37 25 44 68 73 90 70 77 104 84 48 36 19 32 24 27 15 8 10 16 22 25 30 43 47 55 62 71 83 84 60 67 81 95 117 113 90 79 83 95 111 111 110 84 111 112 114 105 96 87 97 101 64 73 78 47 41 48 53 33 30 35 45 35 38 79 102 124 118 123 117 81 37 50 107 84 64 31 52 73 87 91 88 35 101 74 60 49 64 72 84 99 85 21 24 72 48 48 29 60 83 84 74 82 93 96 58 0 0 6 0 49 84 110 82 106 108 111 105 101 73 38 0 39 50 100 100 53 6 0 48 68 76 79 95 91 93 96 99 87 88 59 16 27 29 60 32 14 9 25 31 19 0 0 16 27 22 16 0 4 25 18 3 20 20 21 18 0 2 14 21 25 12 0 0 0 20 0 0 0 0 0 0 0 0 0 14 -75 16 7 1 29 36 39 20 15 20 12 24 29 10 30 37 38 37 37 1 35 8 22 39 37 37 38 36 36 0 31 39 38 33 29 20 14 19 29 32 18 37 55 53 42 30 30 30 43 49 81 85 38 52 102 100 89 105 53 38 56 18 26 22 47 61 70 68 76 35 44 55 30 19 24 53 100 100 93 94 105 101 90 111 105 72 65 100 99 73 91 108 88 79 70 68 66 52 52 52 81 82 104 97 88 60 73 68 67 65 36 62 66 81 108 100 90 76 100 78 35 27 58 42 24 9 20 38 32 0 0 29 20 24 4 0 0 0 -96 -128 -122 -124 -1 -1 -1 -1 -1 -1 -1 -1 -1 -1 -1 -1 -1 -1 -1 -1 -1 -1 -1 -1 -1 -1 -1 -1 -1 -1 -1 -1 -1 -1 -1 -1 -1 -1 -1 -1 -1 -1 -1 -1 -1 -1 -1 -1 -1 -1 -1 -1 -1 -1 -1 -1 -1 -1 -1 -1 -1 -1 -1 -1 -1 -1 -1 -1 -1 -1 -1 -1 -1 -1 -1 -1 -1 -1 -1 -1 -1 -1 -1 -1 -1 -1 -1 -1 -1 -1 -1 -1 -1 -1 -1 -1 -1 -1 -1 -1 -1 -1 -1 -1 -1 -1 -1 -1 -1 -1 -1 -1 -1 -1 -1 -1 -1 -1 -1 -1 -1 -1 -1 -1 -1 -1 -1 -1
-1 -1 -1 -1 -1 -1 -1 -1 -1 -1 -1 -1 -1 -1 -1 -1 -1 -1 -1 -1 -1 -1 -1 -1 -1 -1 -1 -1 -1 -1 -1 -1 -1 -1 -58 0 19 29 85 111 84 78 102 112 112 113 97 84 59 41 35 27 31 32 29 18 19 6 2 6 14 16 35 58 70 41 54 60 43 29 14 18 22 14 20 0 18 24 19 37 54 60 73 72 82 81 95 84 74 71 76 91 110 116 117 113 111 108 116 114 107 107 99 114 96 105 94 61 54 77 82 58 38 47 43 36 37 38 44 41 39 44 47 37 65 59 110 106 91 83 49 24 37 70 49 43 49 39 48 70 85 100 32 99 81 94 62 74 84 93 104 99 85 31 101 96 54 67 88 70 88 97 70 93 94 27 32 64 60 73 88 105 110 77 87 107 88 93 95 82 66 21 0 0 58 76 30 0 12 47 58 31 29 35 42 47 59 67 58 53 47 35 65 49 64 27 22 31 45 43 53 14 0 0 0 19 0 15 0 1 35 31 24 8 0 7 25 31 19 21 19 36 25 24 27 0 0 0 0 9 10 24 35 35 18 -73 -69 0 2 12 27 30 10 36 27 18 0 3 0 14 32 39 39 38 36 0 25 10 0 36 39 38 36 35 41 29 0 33 36 38 32 12 27 35 36 32 26 55 44 41 35 16 14 30 32 49 89 87 32 59 93 96 77 82 68 24 27 21 27 22 39 42 45 58 50 48 72 74 27 26 44 70 93 89 82 93 97 94 105 107 78 79 74 97 84 68 91 90 106 91 77 43 43 38 56 84 95 85 79 106 102 83 99 87 100 74 58 87 95 93 101 101 108 85 87 70 35 20 29 55 60 72 62 42 26 33 25 38 25 25 21 0 -106 -128 -89 -128 -4 -1 -1 -1 -1 -1 -1 -1 -1 -1 -1 -1 -1 -1 -1 -1 -1 -1 -1 -1 -1 -1 -1 -1 -1 -1 -1 -1 -1 -1 -1 -1 -1 -1 -1 -1 -1 -1 -1 -1 -1 -1 -1 -1 -1 -1 -1 -1 -1 -1 -1 -1 -1 -1 -1 -1 -1 -1 -1 -1 -1 -1 -1 -1 -1 -1 -1 -1 -1 -1 -1 -1 -1 -1 -1 -1 -1 -1 -1 -1 -1 -1 -1 -1 -1 -1 -1 -1 -1 -1 -1 -1 -1 -1 -1 -1 -1 -1 -1 -1 -1 -1 -1 -1 -1 -1 -1 -1 -1 -1 -1 -1 -1 -1 -1 -1 -1 -1 -1 -1 -1 -1 -1 -1 -1 -1
-1 -1 -1 -1 -1 -1 -1 -1 -1 -1 -1 -1 -1 -1 -1 -1 -1 -1 -1 -1 -1 -1 -1 -1 -1 -1 -1 -1 -1 -1 -1 -7 -74 -128 0 35 25 41 89 111 91 99 116 107 101 94 93 104 68 41 31 21 20 21 20 21 25 20 15 7 0 0 16 44 35 27 21 20 16 12 8 16 15 10 12 6 15 18 21 29 39 58 84 79 89 107 111 102 100 97 97 106 107 91 105 108 108 102 101 93 78 89 112 105 77 72 55 61 47 41 42 35 41 41 39 38 47 35 33 38 36 47 30 35 32 53 108 106 71 43 32 41 47 42 26 36 43 35 39 64 85 99 47 49 56 79 89 81 93 91 53 37 55 33 83 95 91 84 78 30 19 37 14 29 58 0 64 107 106 114 101 110 89 59 65 66 58 82 93 97 90 71 50 3 27 41 20 0 1 24 19 19 19 16 15 16 29 37 35 44 53 65 73 64 55 39 33 45 59 65 60 22 20 24 15 0 18 36 24 0 13 0 0 0 25 18 20 15 4 8 25 38 36 37 32 0 12 0 30 18 14 35 36 38 27 -51 -82 0 0 0 0 0 0 0 0 0 8 24 30 38 38 41 39 37 35 0 37 10 -101 27 37 37 38 32 12 3 0 27 38 38 18 35 35 35 32 26 41 37 44 49 26 22 20 26 27 50 72 55 27 58 73 91 61 62 81 31 21 36 38 16 26 25 38 49 31 64 60 48 27 43 84 83 77 72 89 85 81 107 94 94 84 68 96 106 104 106 71 96 108 85 62 39 26 55 60 76 84 65 73 78 93 78 84 96 108 84 66 91 105 95 106 117 101 96 93 62 44 32 22 29 29 43 53 53 48 29 18 20 16 12 0 -91 -128 -93 -121 -128 -103 -1 -1 -1 -1 -1 -1 -1 -1 -1 -1 -1 -1 -1 -1 -1 -1 -1 -1 -1 -1 -1 -1 -1 -1 -1 -1 -1 -1 -1 -1 -1 -1 -1 -1 -1 -1 -1 -1 -1 -1 -1 -1 -1 -1 -1 -1 -1 -1 -1 -1 -1 -1 -1 -1 -1 -1 -1 -1 -1 -1 -1 -1 -1 -1 -1 -1 -1 -1 -1 -1 -1 -1 -1 -1 -1 -1 -1 -1 -1 -1 -1 -1 -1 -1 -1 -1 -1 -1 -1 -1 -1 -1 -1 -1 -1 -1 -1 -1 -1 -1 -1 -1 -1 -1 -1 -1 -1 -1 -1 -1 -1 -1 -1 -1 -1 -1 -1 -1 -1 -1 -1 -1 -1 -1 -1
-1 -1 -1 -1 -1 -1 -1 -1 -1 -1 -1 -1 -1 -1 -1 -1 -1 -1 -1 -1 -1 -1 -1 -1 -1 -1 -1 -1 -1 -1 -86 -128 0 3 20 67 62 77 106 108 111 114 107 93 79 87 91 78 42 31 31 33 26 31 33 35 25 22 26 21 3 0 20 20 21 18 12 18 24 10 13 25 14 10 8 6 0 3 18 14 25 48 52 50 73 110 110 110 112 117 117 108 85 70 76 95 116 89 72 66 65 90 100 101 61 61 68 60 41 45 27 35 36 38 36 37 36 50 60 42 35 55 45 41 44 81 106 77 42 26 30 43 49 35 43 60 78 45 30 45 70 99 77 73 45 32 66 33 7 8 22 47 0 0 12 15 66 18 8 14 38 26 38 12 0 0 64 106 105 108 101 113 96 79 45 52 73 100 112 106 114 102 78 20 0 0 0 12 0 0 20 18 12 18 15 16 27 30 26 33 47 76 74 60 37 50 25 25 35 49 30 26 31 35 33 27 22 32 35 21 0 0 14 19 20 18 14 12 16 13 33 7 14 14 0 31 37 19 35 21 21 35 37 0 -128 -120 -69 -128 0 0 0 0 2 13 26 19 10 16 35 37 38 39 38 37 35 0 33 21 -81 1 30 31 26 0 -97 -98 -107 0 10 22 25 32 0 31 29 21 30 31 36 44 20 26 24 18 24 38 65 60 29 50 73 55 43 66 71 31 18 37 36 15 16 15 38 30 45 66 50 35 16 47 90 71 62 90 74 70 102 95 72 110 82 93 93 105 112 105 71 108 93 79 56 32 50 72 90 91 84 71 67 70 58 77 100 114 96 84 53 68 88 97 105 99 78 95 106 90 96 73 60 35 31 24 24 26 65 49 26 10 24 4 -120 -128 -128 -59 -128 -128 -128 -26 -1 -1 -1 -1 -1 -1 -1 -1 -1 -1 -1 -1 -1 -1 -1 -1 -1 -1 -1 -1 -1 -1 -1 -1 -1 -1 -1 -1 -1 -1 -1 -1 -1 -1 -1 -1 -1 -1 -1 -1 -1 -1 -1 -1 -1 -1 -1 -1 -1 -1 -1 -1 -1 -1 -1 -1 -1 -1 -1 -1 -1 -1 -1 -1 -1 -1 -1 -1 -1 -1 -1 -1 -1 -1 -1 -1 -1 -1 -1 -1 -1 -1 -1 -1 -1 -1 -1 -1 -1 -1 -1 -1 -1 -1 -1 -1 -1 -1 -1 -1 -1 -1 -1 -1 -1 -1 -1 -1 -1 -1 -1 -1 -1 -1 -1 -1 -1 -1 -1 -1 -1 -1 -1 -1
-1 -1 -1 -1 -1 -1 -1 -1 -1 -1 -1 -1 -1 -1 -1 -1 -1 -1 -1 -1 -1 -1 -1 -1 -1 -1 -1 -1 -1 -84 -128 3 30 37 38 54 100 111 105 84 101 102 78 73 94 93 68 48 36 36 42 49 36 37 39 41 32 21 13 32 10 22 39 35 31 37 36 35 35 18 1 14 10 15 9 9 8 26 29 2 3 24 33 44 76 90 102 100 104 82 84 72 56 72 99 112 107 95 78 73 71 77 91 84 54 54 76 42 43 39 42 35 30 39 39 47 45 37 43 49 47 54 37 43 29 52 88 88 50 39 58 71 47 29 60 79 87 61 53 55 85 96 93 104 96 94 31 61 97 102 107 42 39 54 74 67 7 33 4 30 105 101 93 58 38 7 54 105 89 82 72 87 74 49 49 71 88 91 83 79 84 94 95 73 13 16 0 0 0 12 21 12 10 15 13 22 31 25 22 30 36 58 72 52 19 22 15 19 24 22 21 37 26 35 24 19 19 9 24 27 9 -87 6 18 29 29 27 26 32 35 36 32 0 0 24 20 27 33 24 22 19 32 0 0 -128 -101 -111 -128 8 15 19 12 12 33 27 19 16 37 36 31 39 37 37 29 0 -100 0 -86 -120 -128 -128 -122 -111 -91 -88 -128 -58 -68 -88 -103 0 0 21 25 21 24 20 16 36 31 27 35 29 25 16 37 52 61 27 47 60 36 42 76 76 56 45 31 32 0 14 16 29 20 55 52 38 33 25 62 79 55 71 78 60 85 111 88 99 100 89 97 90 93 93 79 66 104 110 88 81 58 62 48 87 106 106 100 107 102 73 81 105 90 77 56 50 60 88 93 105 90 70 71 93 106 108 106 84 27 26 21 25 26 50 65 49 27 15 14 -112 -125 -69 -74 -103 -42 -28 -1 -1 -1 -1 -1 -1 -1 -1 -1 -1 -1 -1 -1 -1 -1 -1 -1 -1 -1 -1 -1 -1 -1 -1 -1 -1 -1 -1 -1 -1 -1 -1 -1 -1 -1 -1 -1 -1 -1 -1 -1 -1 -1 -1 -1 -1 -1 -1 -1 -1 -1 -1 -1 -1 -1 -1 -1 -1 -1 -1 -1 -1 -1 -1 -1 -1 -1 -1 -1 -1 -1 -1 -1 -1 -1 -1 -1 -1 -1 -1 -1 -1 -1 -1 -1 -1 -1 -1 -1 -1 -1 -1 -1 -1 -1 -1 -1 -1 -1 -1 -1 -1 -1 -1 -1 -1 -1 -1 -1 -1 -1 -1 -1 -1 -1 -1 -1 -1 -1 -1 -1 -1 -1 -1 -1
-1 -1 -1 -1 -1 -1 -1 -1 -1 -1 -1 -1 -1 -1 -1 -1 -1 -1 -1 -1 -1 -1 -1 -1 -1 -1 -1 -72 -100 0 31 52 61 88 93 90 111 102 106 101 83 94 91 93 91 71 58 48 41 48 72 65 56 65 47 32 19 16 29 26 0 35 39 37 37 37 37 36 25 25 16 19 24 21 21 1 9 22 33 29 13 20 26 42 61 59 71 58 60 49 49 61 81 97 113 102 76 76 81 95 83 61 60 44 53 68 85 50 45 48 38 49 38 50 60 67 59 35 35 49 36 56 52 43 45 83 96 95 56 31 61 73 44 30 59 85 107 90 83 67 83 104 106 82 59 84 91 104 89 74 36 76 101 101 91 105 97 97 67 97 104 104 91 84 73 39 50 96 104 90 59 48 50 42 66 52 55 58 60 77 76 76 65 65 36 27 18 3 8 15 16 14 15 13 15 15 18 21 27 25 29 38 30 21 21 24 30 32 35 37 33 33 16 20 32 37 16 19 18 29 10 0 10 30 36 26 22 22 22 33 36 32 25 16 27 27 30 21 25 27 26 21 8 8 0 -112 -103 0 16 24 35 25 32 21 7 35 38 37 35 31 26 0 0 -107 -89 -96 -73 -55 -21 -8 -6 -1 -1 -1 -1 -1 -1 -1 -1 -1 -94 -128 14 20 20 14 8 14 21 24 39 38 37 25 1 20 36 27 22 49 41 25 35 45 59 90 61 19 35 0 21 18 18 22 26 32 41 31 25 48 48 39 56 47 66 105 101 95 101 72 64 88 102 64 53 73 74 107 102 91 70 65 79 58 81 100 99 108 94 89 66 74 106 88 82 66 77 74 102 85 95 107 91 85 85 89 88 82 90 47 21 39 45 41 35 53 24 16 16 0 -111 -21 -1 -1 -1 -1 -1 -1 -1 -1 -1 -1 -1 -1 -1 -1 -1 -1 -1 -1 -1 -1 -1 -1 -1 -1 -1 -1 -1 -1 -1 -1 -1 -1 -1 -1 -1 -1 -1 -1 -1 -1 -1 -1 -1 -1 -1 -1 -1 -1 -1 -1 -1 -1 -1 -1 -1 -1 -1 -1 -1 -1 -1 -1 -1 -1 -1 -1 -1 -1 -1 -1 -1 -1 -1 -1 -1 -1 -1 -1 -1 -1 -1 -1 -1 -1 -1 -1 -1 -1 -1 -1 -1 -1 -1 -1 -1 -1 -1 -1 -1 -1 -1 -1 -1 -1 -1 -1 -1 -1 -1 -1 -1 -1 -1 -1 -1 -1 -1 -1 -1 -1 -1 -1 -1 -1 -1 -1 -1 -1 -1 -1
-1 -1 -1 -1 -1 -1 -1 -1 -1 -1 -1 -1 -1 -1 -1 -1 -1 -1 -1 -1 -1 -1 -1 -1 -1 -1 -111 -112 0 32 77 91 111 110 105 102 94 96 91 108 104 94 104 104 108 101 84 76 72 78 97 104 100 62 33 18 19 14 0 0 14 35 37 37 35 30 24 41 50 55 47 44 52 61 60 43 24 19 33 22 49 67 58 39 38 30 35 36 53 73 85 102 114 111 100 79 83 91 94 89 54 43 53 42 71 83 96 83 77 61 41 65 42 61 85 62 35 38 56 64 33 47 65 36 31 68 79 56 39 29 59 87 49 36 68 99 106 89 97 100 100 96 79 44 39 74 104 95 19 16 74 106 105 74 93 102 104 89 95 104 60 82 102 87 59 55 55 104 91 82 62 39 65 83 93 74 72 82 93 84 30 24 19 12 15 20 18 14 24 20 39 42 22 14 18 32 29 26 32 21 24 15 29 30 35 9 0 25 26 18 8 30 22 25 55 42 18 14 19 30 1 0 31 27 25 22 22 24 20 15 19 27 25 14 21 39 50 54 29 30 19 13 0 -128 -84 -8 -128 0 18 0 0 6 0 0 0 22 16 0 -110 -124 -106 -63 -11 -1 -1 -1 -1 -1 -1 -1 -1 -1 -1 -1 -1 -1 -1 -1 -1 -1 -93 -128 0 20 14 9 9 24 25 33 37 38 37 26 14 14 18 24 39 54 37 25 19 44 72 96 55 16 37 24 0 30 27 25 41 43 38 31 24 27 26 47 41 60 94 106 105 101 95 61 45 73 89 54 54 105 108 113 104 59 68 87 93 59 50 62 77 81 76 90 64 37 78 95 102 97 107 96 108 106 97 116 93 101 106 89 45 44 42 29 0 24 35 41 26 19 13 13 27 -93 -1 -1 -1 -1 -1 -1 -1 -1 -1 -1 -1 -1 -1 -1 -1 -1 -1 -1 -1 -1 -1 -1 -1 -1 -1 -1 -1 -1 -1 -1 -1 -1 -1 -1 -1 -1 -1 -1 -1 -1 -1 -1 -1 -1 -1 -1 -1 -1 -1 -1 -1 -1 -1 -1 -1 -1 -1 -1 -1 -1 -1 -1 -1 -1 -1 -1 -1 -1 -1 -1 -1 -1 -1 -1 -1 -1 -1 -1 -1 -1 -1 -1 -1 -1 -1 -1 -1 -1 -1 -1 -1 -1 -1 -1 -1 -1 -1 -1 -1 -1 -1 -1 -1 -1 -1 -1 -1 -1 -1 -1 -1 -1 -1 -1 -1 -1 -1 -1 -1 -1 -1 -1 -1 -1 -1 -1 -1 -1 -1 -1 -1 -1
-1 -1 -1 -1 -1 -1 -1 -1 -1 -1 -1 -1 -1 -1 -1 -1 -1 -1 -1 -1 -1 -1 -1 -1 -14 -117 0 31 44 73 76 111 118 106 85 79 77 93 73 108 111 97 94 108 113 111 114 113 91 104 114 108 93 52 30 18 6 2 16 31 33 37 37 37 36 31 55 95 105 107 99 97 101 111 102 74 56 32 31 31 41 65 36 20 24 27 42 59 90 111 113 97 95 88 97 85 94 110 110 97 77 70 78 73 74 97 90 81 76 70 44 66 71 52 48 55 53 59 42 35 26 38 59 65 39 37 52 47 22 48 71 90 62 43 77 108 76 47 68 84 112 78 54 39 35 65 101 85 9 60 81 113 96 66 99 82 79 77 108 95 66 84 94 99 104 96 61 111 102 72 44 36 54 79 85 97 97 101 90 47 0 14 48 37 50 55 41 50 50 27 39 45 33 15 18 30 24 18 22 24 36 35 27 13 35 13 15 20 13 18 10 22 25 30 66 39 22 27 29 27 3 0 39 20 24 32 24 24 16 24 20 18 27 15 39 43 29 24 14 14 16 31 0 -122 -101 -31 -128 -128 0 14 9 1 0 0 -112 -112 -96 -51 -4 -1 -1 -1 -1 -1 -1 -1 -1 -1 -1 -1 -1 -1 -1 -1 -1 -1 -1 -1 -1 -1 -28 -128 0 26 15 6 19 25 33 19 35 36 35 33 37 31 16 18 22 39 22 21 27 72 88 68 35 22 38 35 0 31 20 24 41 26 30 26 31 31 21 26 42 95 104 99 102 99 70 44 42 73 53 52 85 100 106 97 85 61 91 105 83 50 41 61 81 77 83 91 76 53 58 93 101 100 101 93 94 81 95 97 91 107 102 105 81 56 33 13 0 0 0 19 37 16 18 24 22 -116 -51 -1 -1 -1 -1 -1 -1 -1 -1 -1 -1 -1 -1 -1 -1 -1 -1 -1 -1 -1 -1 -1 -1 -1 -1 -1 -1 -1 -1 -1 -1 -1 -1 -1 -1 -1 -1 -1 -1 -1 -1 -1 -1 -1 -1 -1 -1 -1 -1 -1 -1 -1 -1 -1 -1 -1 -1 -1 -1 -1 -1 -1 -1 -1 -1 -1 -1 -1 -1 -1 -1 -1 -1 -1 -1 -1 -1 -1 -1 -1 -1 -1 -1 -1 -1 -1 -1 -1 -1 -1 -1 -1 -1 -1 -1 -1 -1 -1 -1 -1 -1 -1 -1 -1 -1 -1 -1 -1 -1 -1 -1 -1 -1 -1 -1 -1 -1 -1 -1 -1 -1 -1 -1 -1 -1 -1 -1 -1 -1 -1 -1 -1
-1 -1 -1 -1 -1 -1 -1 -1 -1 -1 -1 -1 -1 -1 -1 -1 -1 -1 -1 -1 -1 -1 -39 -92 -128 7 54 72 85 76 60 99 114 95 84 100 95 82 56 102 106 73 90 95 105 105 100 101 107 95 83 71 48 30 18 9 0 36 38 39 38 35 29 21 27 31 44 90 85 83 90 111 105 91 104 111 99 61 22 33 25 35 22 27 41 55 82 85 102 112 90 84 95 90 113 107 108 106 108 99 84 90 96 91 89 102 101 82 87 67 44 56 55 50 25 29 32 33 24 31 32 35 32 67 39 33 35 52 49 36 62 81 88 72 91 100 74 37 54 83 106 87 68 38 30 59 89 66 6 43 71 106 108 74 85 52 59 88 93 78 50 74 85 101 97 87 72 107 73 59 70 53 70 95 104 79 88 55 52 1 54 102 88 62 85 95 66 87 71 38 30 31 32 20 14 18 16 16 21 20 26 31 22 15 24 26 20 12 15 29 24 20 31 53 83 62 45 37 32 30 20 0 29 37 29 30 20 26 7 21 26 18 19 19 20 16 18 18 29 18 32 33 -98 -102 -12 -1 -125 -128 0 32 22 -114 -110 -51 -1 -1 -1 -1 -1 -1 -1 -1 -1 -1 -1 -1 -1 -1 -1 -1 -1 -1 -1 -1 -1 -1 -1 -1 -1 -1 -21 -128 -73 -121 0 0 0 -96 0 -103 0 0 0 10 30 12 0 7 13 21 13 16 45 71 65 43 24 19 38 37 8 0 21 25 16 13 26 22 27 22 33 66 79 93 90 108 107 97 53 30 45 41 54 85 105 113 95 90 73 78 114 93 60 53 76 67 99 83 83 76 4 18 45 66 74 104 90 81 77 73 83 87 93 107 106 102 107 102 81 41 29 18 0 3 35 26 22 12 15 -128 -128 -3 -1 -1 -1 -1 -1 -1 -1 -1 -1 -1 -1 -1 -1 -1 -1 -1 -1 -1 -1 -1 -1 -1 -1 -1 -1 -1 -1 -1 -1 -1 -1 -1 -1 -1 -1 -1 -1 -1 -1 -1 -1 -1 -1 -1 -1 -1 -1 -1 -1 -1 -1 -1 -1 -1 -1 -1 -1 -1 -1 -1 -1 -1 -1 -1 -1 -1 -1 -1 -1 -1 -1 -1 -1 -1 -1 -1 -1 -1 -1 -1 -1 -1 -1 -1 -1 -1 -1 -1 -1 -1 -1 -1 -1 -1 -1 -1 -1 -1 -1 -1 -1 -1 -1 -1 -1 -1 -1 -1 -1 -1 -1 -1 -1 -1 -1 -1 -1 -1 -1 -1 -1 -1 -1 -1 -1 -1 -1 -1 -1 -1
-1 -1 -1 -1 -1 -1 -1 -1 -1 -1 -1 -1 -1 -1 -1 -1 -1 -1 -1 -1 -1 -55 -120 0 47 82 96 106 67 50 47 83 113 91 90 84 82 49 49 99 104 67 79 84 90 79 71 79 65 59 37 36 24 15 15 22 0 31 30 27 30 20 16 33 19 32 24 36 38 42 42 70 79 95 93 96 87 49 19 37 20 22 33 55 83 95 111 112 106 101 94 102 110 105 108 100 99 113 108 96 77 96 107 102 108 111 94 88 70 59 41 27 45 58 54 42 30 38 49 53 56 55 60 65 50 54 49 42 33 42 36 55 83 96 100 72 56 39 38 76 88 61 50 49 25 54 73 25 18 67 88 107 91 60 45 41 52 81 66 50 52 62 62 82 100 90 70 101 90 84 91 85 95 101 94 66 49 44 31 41 76 111 108 106 102 99 85 82 64 41 25 16 16 14 13 10 10 16 22 21 10 25 25 35 41 26 15 22 24 24 27 27 42 68 93 81 48 24 22 27 35 0 0 25 13 19 16 33 9 27 14 19 29 24 10 18 27 22 33 16 6 24 24 -128 -73 -1 -128 -128 0 -111 0 -106 -6 -1 -1 -1 -1 -1 -1 -1 -1 -1 -1 -1 -1 -1 -1 -1 -1 -1 -1 -1 -1 -1 -1 -1 -1 -1 -1 -1 -1 -1 -1 -21 -65 -11 -1 -3 -11 -17 -20 -23 -31 -47 -69 -84 -100 0 0 2 24 18 31 32 44 35 15 31 36 37 35 0 22 20 27 19 16 13 20 47 84 88 101 88 106 101 81 94 38 32 32 45 85 111 113 85 108 90 78 104 106 82 59 77 99 95 91 65 18 20 2 60 60 65 72 94 85 71 96 96 105 111 101 106 107 108 95 85 66 49 30 22 0 7 22 24 14 15 -107 -122 -1 -1 -1 -1 -1 -1 -1 -1 -1 -1 -1 -1 -1 -1 -1 -1 -1 -1 -1 -1 -1 -1 -1 -1 -1 -1 -1 -1 -1 -1 -1 -1 -1 -1 -1 -1 -1 -1 -1 -1 -1 -1 -1 -1 -1 -1 -1 -1 -1 -1 -1 -1 -1 -1 -1 -1 -1 -1 -1 -1 -1 -1 -1 -1 -1 -1 -1 -1 -1 -1 -1 -1 -1 -1 -1 -1 -1 -1 -1 -1 -1 -1 -1 -1 -1 -1 -1 -1 -1 -1 -1 -1 -1 -1 -1 -1 -1 -1 -1 -1 -1 -1 -1 -1 -1 -1 -1 -1 -1 -1 -1 -1 -1 -1 -1 -1 -1 -1 -1 -1 -1 -1 -1 -1 -1 -1 -1 -1 -1 -1 -1 -1
-1 -1 -1 -1 -1 -1 -1 -1 -1 -1 -1 -1 -1 -1 -1 -1 -1 -1 -1 -44 -128 0 22 64 87 67 91 87 54 27 32 83 72 55 54 49 45 29 60 78 68 60 74 84 96 70 47 49 38 26 26 18 13 13 36 38 12 0 0 22 41 13 24 32 32 33 0 0 0 20 20 27 24 45 61 99 70 33 19 31 25 36 81 108 111 110 106 100 97 104 106 105 99 104 97 97 112 104 83 81 85 74 91 114 107 97 76 61 45 39 41 35 32 45 53 64 47 50 25 31 38 47 42 42 65 77 74 79 65 78 54 47 44 74 93 61 44 43 38 44 66 43 49 36 38 68 33 3 47 72 74 106 93 77 53 47 47 50 48 36 53 70 85 96 110 105 74 97 113 94 97 95 70 53 53 73 97 66 101 110 107 116 100 104 117 105 97 81 60 56 38 27 15 10 10 10 19 24 32 32 21 19 20 42 45 27 15 22 41 50 58 42 43 77 65 26 15 29 37 37 37 32 0 30 35 33 37 37 35 37 37 32 33 32 27 29 35 35 31 21 32 1 32 9 -116 -101 -122 0 -93 -32 -83 -79 -7 -1 -1 -1 -1 -1 -1 -1 -1 -1 -1 -1 -1 -1 -1 -1 -1 -1 -1 -1 -1 -1 -1 -1 -1 -1 -1 -1 -1 -1 -1 -1 -1 -1 -1 -1 -1 -1 -1 -1 -1 -1 -1 -1 -93 -107 0 0 0 12 6 16 16 14 12 31 38 37 33 0 31 38 30 0 0 0 26 52 65 78 84 101 113 83 49 45 37 21 26 52 101 118 105 90 116 102 94 111 84 81 78 99 90 78 84 56 0 21 64 96 107 68 53 82 89 79 105 96 89 84 79 105 113 114 101 79 42 31 18 29 21 0 21 32 20 0 -20 -1 -1 -1 -1 -1 -1 -1 -1 -1 -1 -1 -1 -1 -1 -1 -1 -1 -1 -1 -1 -1 -1 -1 -1 -1 -1 -1 -1 -1 -1 -1 -1 -1 -1 -1 -1 -1 -1 -1 -1 -1 -1 -1 -1 -1 -1 -1 -1 -1 -1 -1 -1 -1 -1 -1 -1 -1 -1 -1 -1 -1 -1 -1 -1 -1 -1 -1 -1 -1 -1 -1 -1 -1 -1 -1 -1 -1 -1 -1 -1 -1 -1 -1 -1 -1 -1 -1 -1 -1 -1 -1 -1 -1 -1 -1 -1 -1 -1 -1 -1 -1 -1 -1 -1 -1 -1 -1 -1 -1 -1 -1 -1 -1 -1 -1 -1 -1 -1 -1 -1 -1 -1 -1 -1 -1 -1 -1 -1 -1 -1 -1 -1 -1
-1 -1 -1 -1 -1 -1 -1 -1 -1 -1 -1 -1 -1 -1 -1 -1 -1 -74 -128 -128 0 65 79 87 55 52 71 71 47 16 27 71 50 27 29 20 21 20 35 44 47 79 106 106 73 55 44 30 16 10 21 15 30 25 29 26 26 21 0 0 0 0 0 20 15 4 19 30 12 0 0 0 0 24 89 100 74 37 20 20 31 50 88 110 81 87 93 110 107 101 105 110 91 89 82 99 111 104 100 100 107 84 95 110 94 78 66 66 53 39 41 38 58 36 35 43 81 62 49 59 43 35 60 42 32 53 52 83 81 87 85 81 61 78 97 58 44 42 44 41 43 48 85 37 42 39 9 43 65 87 96 78 77 81 79 53 33 38 49 49 67 55 73 90 96 83 76 113 93 72 84 79 62 82 82 108 101 84 90 108 101 101 91 73 95 102 110 99 87 68 36 24 16 13 14 19 20 19 21 16 13 20 21 43 32 27 37 61 68 43 45 61 77 78 37 18 33 32 36 37 37 38 24 2 37 33 36 38 39 41 37 31 21 38 31 37 38 37 38 18 9 0 38 22 -100 -115 -106 -128 -31 -1 -4 -31 -1 -1 -1 -1 -1 -1 -1 -1 -1 -1 -1 -1 -1 -1 -1 -1 -1 -1 -1 -1 -1 -1 -1 -1 -1 -1 -1 -1 -1 -1 -1 -1 -1 -1 -1 -1 -1 -1 -1 -1 -1 -1 -1 -1 -1 -53 -34 -42 -67 -100 -128 -126 -119 0 0 22 30 16 14 3 36 32 0 9 13 30 55 89 95 88 73 99 104 58 33 45 32 22 50 81 96 110 88 96 111 88 99 105 84 94 94 88 87 49 30 32 33 67 100 114 82 88 78 70 66 65 74 104 95 64 71 87 99 110 95 60 56 73 50 35 10 0 0 0 0 -64 -1 -1 -1 -1 -1 -1 -1 -1 -1 -1 -1 -1 -1 -1 -1 -1 -1 -1 -1 -1 -1 -1 -1 -1 -1 -1 -1 -1 -1 -1 -1 -1 -1 -1 -1 -1 -1 -1 -1 -1 -1 -1 -1 -1 -1 -1 -1 -1 -1 -1 -1 -1 -1 -1 -1 -1 -1 -1 -1 -1 -1 -1 -1 -1 -1 -1 -1 -1 -1 -1 -1 -1 -1 -1 -1 -1 -1 -1 -1 -1 -1 -1 -1 -1 -1 -1 -1 -1 -1 -1 -1 -1 -1 -1 -1 -1 -1 -1 -1 -1 -1 -1 -1 -1 -1 -1 -1 -1 -1 -1 -1 -1 -1 -1 -1 -1 -1 -1 -1 -1 -1 -1 -1 -1 -1 -1 -1 -1 -1 -1 -1 -1 -1 -1
-1 -1 -1 -1 -1 -1 -1 -1 -1 -1 -1 -1 -1 -1 -1 -25 -112 0 14 24 54 71 70 62 27 30 41 48 39 21 27 59 36 16 21 18 26 35 59 72 74 91 112 77 53 38 30 20 6 6 22 30 30 13 16 15 12 21 21 19 19 25 0 21 27 0 21 33 21 4 19 25 4 0 61 68 70 41 29 22 45 74 87 81 61 68 87 111 105 94 95 114 110 88 85 84 87 90 95 90 95 100 104 105 94 79 85 78 56 47 41 31 48 64 48 43 85 93 91 93 87 79 68 44 43 37 56 61 48 44 83 90 90 96 56 32 36 49 31 38 37 31 44 81 48 9 19 54 79 83 95 60 38 41 48 44 47 50 70 83 88 61 73 74 93 84 91 113 89 81 97 83 72 106 111 110 91 79 101 113 101 89 81 48 48 59 68 55 67 70 47 27 19 20 21 14 14 14 19 29 32 26 41 54 56 70 64 77 47 26 37 65 52 32 15 32 35 38 37 38 38 32 33 1 36 36 37 39 41 38 37 12 16 32 37 39 37 14 18 10 0 0 0 0 -96 -128 -128 -128 -128 21 -68 -36 -1 -1 -1 -1 -1 -1 -1 -1 -1 -1 -1 -1 -1 -1 -1 -1 -1 -1 -1 -1 -1 -1 -1 -1 -1 -1 -1 -1 -1 -1 -1 -1 -1 -1 -1 -1 -1 -1 -1 -1 -1 -1 -1 -1 -1 -1 -1 -1 -1 -1 -1 -1 -50 -128 -128 -112 0 0 -92 12 24 0 9 14 16 41 78 85 82 102 72 89 104 66 30 37 26 33 73 108 88 79 85 112 93 77 104 94 90 95 88 71 39 24 38 66 82 105 105 89 61 99 99 78 79 100 94 97 102 99 71 79 95 99 90 70 35 56 55 19 24 35 38 2 -128 -12 -1 -1 -1 -1 -1 -1 -1 -1 -1 -1 -1 -1 -1 -1 -1 -1 -1 -1 -1 -1 -1 -1 -1 -1 -1 -1 -1 -1 -1 -1 -1 -1 -1 -1 -1 -1 -1 -1 -1 -1 -1 -1 -1 -1 -1 -1 -1 -1 -1 -1 -1 -1 -1 -1 -1 -1 -1 -1 -1 -1 -1 -1 -1 -1 -1 -1 -1 -1 -1 -1 -1 -1 -1 -1 -1 -1 -1 -1 -1 -1 -1 -1 -1 -1 -1 -1 -1 -1 -1 -1 -1 -1 -1 -1 -1 -1 -1 -1 -1 -1 -1 -1 -1 -1 -1 -1 -1 -1 -1 -1 -1 -1 -1 -1 -1 -1 -1 -1 -1 -1 -1 -1 -1 -1 -1 -1 -1 -1 -1 -1 -1 -1 -1 -1
-1 -1 -1 -1 -1 -1 -1 -1 -1 -1 -1 -1 -1 -59 -70 -121 0 45 47 33 32 25 24 24 19 38 53 37 21 30 31 39 15 26 27 32 52 72 91 106 101 114 111 81 50 29 29 24 13 15 20 10 25 19 25 16 16 31 19 49 68 41 6 0 0 0 35 36 27 25 38 50 30 0 10 45 68 56 37 25 39 47 52 50 47 64 82 108 102 97 87 100 105 81 65 84 93 93 90 100 114 113 108 77 72 84 104 94 95 78 52 52 68 61 32 45 78 71 70 65 58 54 50 31 36 50 53 55 56 59 58 62 72 94 85 77 78 78 70 60 62 44 44 77 20 4 43 70 73 71 93 61 44 72 56 59 50 35 64 104 102 84 90 90 96 107 111 104 93 90 81 71 105 107 100 89 104 99 105 111 99 78 64 47 56 50 36 31 27 32 35 32 18 20 31 24 19 13 12 24 36 54 54 54 59 54 27 25 27 21 25 22 21 24 29 36 39 39 37 37 37 38 36 16 0 0 24 37 38 39 36 19 6 0 0 13 32 31 26 0 24 31 32 36 15 -105 -125 -96 -46 -1 -1 -1 -1 -1 -1 -1 -1 -1 -1 -1 -1 -1 -1 -1 -1 -1 -1 -1 -1 -1 -1 -1 -1 -1 -1 -1 -1 -1 -1 -1 -1 -1 -1 -1 -1 -1 -1 -1 -1 -1 -1 -1 -1 -1 -1 -1 -1 -1 -1 -1 -1 -1 -1 -1 -1 -1 -1 -1 -17 -61 -101 -106 -98 13 37 9 7 42 72 70 90 87 64 97 84 47 21 22 24 41 84 108 77 74 105 102 83 62 88 99 84 79 61 33 32 60 94 107 106 105 81 50 74 97 84 91 89 112 102 106 105 114 101 68 89 91 94 64 26 25 25 22 32 58 36 0 -128 -17 -1 -1 -1 -1 -1 -1 -1 -1 -1 -1 -1 -1 -1 -1 -1 -1 -1 -1 -1 -1 -1 -1 -1 -1 -1 -1 -1 -1 -1 -1 -1 -1 -1 -1 -1 -1 -1 -1 -1 -1 -1 -1 -1 -1 -1 -1 -1 -1 -1 -1 -1 -1 -1 -1 -1 -1 -1 -1 -1 -1 -1 -1 -1 -1 -1 -1 -1 -1 -1 -1 -1 -1 -1 -1 -1 -1 -1 -1 -1 -1 -1 -1 -1 -1 -1 -1 -1 -1 -1 -1 -1 -1 -1 -1 -1 -1 -1 -1 -1 -1 -1 -1 -1 -1 -1 -1 -1 -1 -1 -1 -1 -1 -1 -1 -1 -1 -1 -1 -1 -1 -1 -1 -1 -1 -1 -1 -1 -1 -1 -1 -1 -1 -1 -1
-1 -1 -1 -1 -1 -1 -1 -1 -1 -1 -1 -45 -40 -111 0 16 55 66 26 14 0 0 9 26 38 72 64 24 21 29 36 19 21 29 35 59 81 107 116 102 110 107 93 74 58 42 50 41 43 38 18 29 21 24 27 25 33 22 19 45 53 26 18 0 8 30 61 45 43 47 71 62 36 18 0 30 31 31 19 26 15 20 29 39 62 77 97 108 108 97 73 71 93 66 99 111 108 108 106 113 102 99 85 83 102 118 104 96 99 102 85 90 73 71 58 36 74 77 56 41 45 27 30 33 39 47 38 39 61 66 74 83 87 79 77 72 55 70 58 60 58 59 39 47 20 30 42 58 61 58 77 79 58 38 83 68 70 32 52 90 104 110 104 97 105 108 93 95 82 72 70 78 81 95 105 110 100 105 116 99 102 91 71 42 68 76 58 53 30 21 19 15 16 21 24 26 22 13 12 19 33 54 55 74 83 65 43 22 32 20 30 31 30 35 36 37 35 35 24 20 9 0 9 20 0 0 0 15 33 31 24 27 33 36 30 0 13 26 27 1 31 32 0 -122 -103 -35 -1 -1 -1 -1 -1 -1 -1 -1 -1 -1 -1 -1 -1 -1 -1 -1 -1 -1 -1 -1 -1 -1 -1 -1 -1 -1 -1 -1 -1 -1 -1 -1 -1 -1 -1 -1 -1 -1 -1 -1 -1 -1 -1 -1 -1 -1 -1 -1 -1 -1 -1 -1 -1 -1 -1 -1 -1 -1 -1 -1 -1 -1 -1 -1 -1 -1 -34 -108 0 8 16 45 48 94 87 60 79 108 96 50 22 25 39 73 108 108 90 52 83 88 58 45 88 97 55 24 20 38 68 110 101 96 91 102 76 52 90 96 106 101 104 110 102 79 83 89 85 77 87 87 101 89 52 52 22 32 76 61 0 -81 -1 -1 -1 -1 -1 -1 -1 -1 -1 -1 -1 -1 -1 -1 -1 -1 -1 -1 -1 -1 -1 -1 -1 -1 -1 -1 -1 -1 -1 -1 -1 -1 -1 -1 -1 -1 -1 -1 -1 -1 -1 -1 -1 -1 -1 -1 -1 -1 -1 -1 -1 -1 -1 -1 -1 -1 -1 -1 -1 -1 -1 -1 -1 -1 -1 -1 -1 -1 -1 -1 -1 -1 -1 -1 -1 -1 -1 -1 -1 -1 -1 -1 -1 -1 -1 -1 -1 -1 -1 -1 -1 -1 -1 -1 -1 -1 -1 -1 -1 -1 -1 -1 -1 -1 -1 -1 -1 -1 -1 -1 -1 -1 -1 -1 -1 -1 -1 -1 -1 -1 -1 -1 -1 -1 -1 -1 -1 -1 -1 -1 -1 -1 -1 -1 -1 -1
-1 -1 -1 -1 -1 -1 97 -1 -1 -32 -128 0 0 0 26 39 53 39 14 0 -128 -116 0 14 38 71 53 29 18 20 41 33 39 27 22 27 55 93 112 93 99 102 99 91 79 73 83 66 43 20 16 25 14 21 13 19 15 20 29 59 60 38 36 39 35 42 71 61 60 49 52 44 35 12 0 0 0 0 0 15 24 29 32 43 78 81 100 81 85 61 43 60 53 71 107 102 89 87 83 81 79 72 84 107 110 117 100 83 88 99 87 59 47 44 39 49 60 59 38 32 30 42 41 41 58 50 43 24 61 53 78 74 65 67 55 72 39 59 49 54 35 45 35 44 12 38 38 39 41 45 71 47 47 49 76 54 26 38 66 91 111 113 110 110 113 102 99 89 95 106 110 108 99 100 108 112 95 85 101 83 101 100 68 68 79 99 79 50 36 25 30 22 20 13 10 15 14 13 20 26 42 68 76 78 82 71 37 16 21 36 36 29 13 27 29 31 29 0 0 0 4 25 3 0 15 25 0 0 27 18 21 22 26 35 33 22 0 0 0 0 0 -128 -84 -1 -1 -1 -1 -1 -1 -1 -1 -1 -1 -1 -1 -1 -1 -1 -1 -1 -1 -1 -1 -1 -1 -1 -1 -1 -1 -1 -1 -1 -1 -1 -1 -1 -1 -1 -1 -1 -1 -1 -1 -1 -1 -1 -1 -1 -1 -1 -1 -1 -1 -1 -1 -1 -1 -1 -1 -1 -1 -1 -1 -1 -1 -1 -1 -1 -1 -1 -1 -1 -1 -1 -44 0 14 33 52 84 53 62 110 100 95 52 22 27 52 84 117 101 85 48 45 53 42 73 110 84 31 26 58 89 108 110 94 66 65 64 53 48 83 105 107 96 70 87 74 59 70 66 56 73 77 93 70 55 85 68 25 53 91 20 -125 -1 -1 -1 -1 -1 -1 -1 -1 -1 -1 -1 -1 -1 -1 -1 -1 -1 -1 -1 -1 -1 -1 -1 -1 -1 -1 -1 -1 -1 -1 -1 -1 -1 -1 -1 -1 -1 -1 -1 -1 -1 -1 -1 -1 -1 -1 -1 -1 -1 -1 -1 -1 -1 -1 -1 -1 -1 -1 -1 -1 -1 -1 -1 -1 -1 -1 -1 -1 -1 -1 -1 -1 -1 -1 -1 -1 -1 -1 -1 -1 -1 -1 -1 -1 -1 -1 -1 -1 -1 -1 -1 -1 -1 -1 -1 -1 -1 -1 -1 -1 -1 -1 -1 -1 -1 -1 -1 -1 -1 -1 -1 -1 -1 -1 -1 -1 -1 -1 -1 -1 -1 -1 -1 -1 -1 -1 -1 -1 -1 -1 -1 -1 -1 -1 -1 -1 -1
-1 -1 -1 -1 -1 -1 -1 -1 -121 -128 0 21 24 21 20 18 25 14 26 16 0 -69 -83 -128 0 47 62 35 14 10 36 35 25 24 36 29 50 93 106 78 82 84 88 94 70 77 91 58 27 14 13 13 22 39 33 25 12 14 21 50 74 44 38 54 66 71 84 70 38 33 32 31 14 15 16 18 0 0 0 0 13 27 31 42 52 61 96 81 65 45 65 78 73 95 106 81 74 78 89 83 84 93 100 107 113 99 84 83 83 87 84 61 36 36 56 53 44 52 68 56 39 48 44 32 58 24 32 49 56 38 62 68 56 59 56 58 53 43 38 36 44 38 54 45 37 96 83 81 64 35 44 59 73 72 35 31 62 60 79 100 110 100 104 113 102 94 94 94 102 110 100 91 94 112 93 84 93 65 76 77 96 107 81 89 112 111 79 67 45 29 36 32 19 8 7 12 20 31 53 53 53 73 61 41 36 22 16 18 31 36 36 6 6 0 0 0 0 22 31 27 20 21 26 27 20 22 0 6 27 12 9 6 9 13 22 12 12 0 -100 -116 -58 -1 -1 -1 -1 -1 -1 -1 -1 -1 -1 -1 -1 -1 -1 -1 -1 -1 -1 -1 -1 -1 -1 -1 -1 -1 -1 -1 -1 -1 -1 -1 -1 -1 -1 -1 -1 -1 -1 -1 -1 -1 -1 -1 -1 -1 -1 -1 -1 -1 -1 -1 -1 -1 -1 -1 -1 -1 -1 -1 -1 -1 -1 -1 -1 -1 -1 -1 -1 -1 -1 -1 -1 -1 -1 -101 0 21 50 48 59 84 110 93 85 37 20 27 59 87 113 105 85 45 33 43 60 101 116 88 43 32 83 110 101 88 73 82 74 73 49 49 74 102 84 83 55 72 53 70 77 72 67 101 83 95 94 59 42 32 19 66 68 0 -16 -1 -1 -1 -1 -1 -1 -1 -1 -1 -1 -1 -1 -1 -1 -1 -1 -1 -1 -1 -1 -1 -1 -1 -1 -1 -1 -1 -1 -1 -1 -1 -1 -1 -1 -1 -1 -1 -1 -1 -1 -1 -1 -1 -1 -1 -1 -1 -1 -1 -1 -1 -1 -1 -1 -1 -1 -1 -1 -1 -1 -1 -1 -1 -1 -1 -1 -1 -1 -1 -1 -1 -1 -1 -1 -1 -1 -1 -1 -1 -1 -1 -1 -1 -1 -1 -1 -1 -1 -1 -1 -1 -1 -1 -1 -1 -1 -1 -1 -1 -1 -1 -1 -1 -1 -1 -1 -1 -1 -1 -1 -1 -1 -1 -1 -1 -1 -1 -1 -1 -1 -1 -1 -1 -1 -1 -1 -1 -1 -1 -1 -1 -1 -1 -1 -1 -1 -1
-1 -1 -1 -1 -63 -73 -128 -116 0 0 25 0 0 0 27 16 0 0 0 0 0 -128 -3 -1 -93 0 14 0 -119 -128 0 21 47 25 20 49 61 67 49 48 58 61 50 37 55 76 89 70 47 22 22 16 41 67 49 26 12 15 24 50 76 54 47 68 99 82 62 56 52 39 39 30 36 39 19 24 41 49 27 25 0 0 6 26 42 68 88 73 50 49 91 106 102 101 114 96 91 88 104 101 97 101 104 110 102 111 95 74 53 43 10 21 3 26 21 31 62 84 73 60 37 42 43 48 47 41 32 41 38 36 45 47 42 41 43 39 45 62 53 50 42 32 24 45 61 42 49 55 41 38 32 39 42 27 36 60 97 90 100 107 114 117 99 101 88 93 101 106 112 112 94 87 107 113 99 68 90 77 72 94 105 97 95 90 111 91 72 60 43 33 39 55 32 12 14 19 25 45 81 97 79 56 29 16 14 16 26 30 33 37 36 33 27 32 30 33 21 30 24 24 26 27 19 33 29 20 0 0 13 12 6 26 33 30 10 1 -112 -88 -23 -1 -1 -1 -1 -1 -1 -1 -1 -1 -1 -1 -1 -1 -1 -1 -1 -1 -1 -1 -1 -1 -1 -1 -1 -1 -1 -1 -1 -1 -1 -1 -1 -1 -1 -1 -1 -1 -1 -1 -1 -1 -1 -1 -1 -1 -1 -1 -1 -1 -1 -1 -1 -1 -1 -1 -1 -1 -1 -1 -1 -1 -1 -1 -1 -1 -1 -1 -1 -1 -1 -1 -1 -1 -1 -1 -1 -25 -120 18 53 43 76 104 108 94 68 29 26 32 59 93 116 99 72 31 24 48 67 66 87 83 29 47 105 104 89 89 88 105 106 71 48 41 56 87 62 52 58 68 72 89 94 87 76 95 107 77 95 67 38 41 73 77 6 -101 -1 -1 -1 -1 -1 -1 -1 -1 -1 -1 -1 -1 -1 -1 -1 -1 -1 -1 -1 -1 -1 -1 -1 -1 -1 -1 -1 -1 -1 -1 -1 -1 -1 -1 -1 -1 -1 -1 -1 -1 -1 -1 -1 -1 -1 -1 -1 -1 -1 -1 -1 -1 -1 -1 -1 -1 -1 -1 -1 -1 -1 -1 -1 -1 -1 -1 -1 -1 -1 -1 -1 -1 -1 -1 -1 -1 -1 -1 -1 -1 -1 -1 -1 -1 -1 -1 -1 -1 -1 -1 -1 -1 -1 -1 -1 -1 -1 -1 -1 -1 -1 -1 -1 -1 -1 -1 -1 -1 -1 -1 -1 -1 -1 -1 -1 -1 -1 -1 -1 -1 -1 -1 -1 -1 -1 -1 -1 -1 -1 -1 -1 -1 -1 -1 -1 -1 -1 -1
-1 -1 -1 -1 -108 -121 0 0 15 21 8 -116 -1 -112 22 1 -125 -14 -50 -1 -37 -54 -1 -1 -1 -128 0 -46 -3 -32 -106 18 60 45 20 21 20 32 22 36 35 29 18 22 50 45 52 73 74 55 30 30 59 64 38 20 16 20 19 33 65 68 70 101 97 72 74 83 74 71 66 60 44 27 26 42 60 60 53 50 52 32 0 2 56 83 89 68 48 49 79 108 114 107 101 87 97 89 99 101 91 94 104 96 91 90 78 74 10 20 44 43 43 38 37 50 38 16 14 2 7 8 1 13 38 50 56 37 8 0 0 0 33 42 64 60 24 25 36 62 67 41 27 32 31 31 24 27 38 31 48 38 39 44 71 88 91 102 108 96 95 116 96 72 97 111 111 85 93 90 72 72 90 107 77 49 56 64 78 70 88 110 105 107 104 93 79 74 49 47 37 35 25 12 16 30 43 71 105 79 59 42 15 14 29 9 24 37 37 36 25 35 24 19 25 20 24 26 35 18 26 47 18 14 27 24 13 0 -77 0 7 27 27 0 0 -128 -32 -1 -1 -1 -1 -1 -1 -1 -1 -1 -1 -1 -1 -1 -1 -1 -1 -1 -1 -1 -1 -1 -1 -1 -1 -1 -1 -1 -1 -1 -1 -1 -1 -1 -1 -1 -1 -1 -1 -1 -1 -1 -1 -1 -1 -1 -1 -1 -1 -1 -1 -1 -1 -1 -1 -1 -1 -1 -1 -1 -1 -1 -1 -1 -1 -1 -1 -1 -1 -1 -1 -1 -1 -1 -1 -1 -1 -1 -1 -26 -128 32 37 45 82 111 101 68 36 25 24 35 61 83 105 93 84 50 26 60 50 22 27 53 22 71 112 99 81 88 90 110 93 87 54 48 41 49 53 55 90 89 90 72 84 93 64 90 102 82 97 79 56 94 77 15 -125 -3 -1 -1 -1 -1 -1 -1 -1 -1 -1 -1 -1 -1 -1 -1 -1 -1 -1 -1 -1 -1 -1 -1 -1 -1 -1 -1 -1 -1 -1 -1 -1 -1 -1 -1 -1 -1 -1 -1 -1 -1 -1 -1 -1 -1 -1 -1 -1 -1 -1 -1 -1 -1 -1 -1 -1 -1 -1 -1 -1 -1 -1 -1 -1 -1 -1 -1 -1 -1 -1 -1 -1 -1 -1 -1 -1 -1 -1 -1 -1 -1 -1 -1 -1 -1 -1 -1 -1 -1 -1 -1 -1 -1 -1 -1 -1 -1 -1 -1 -1 -1 -1 -1 -1 -1 -1 -1 -1 -1 -1 -1 -1 -1 -1 -1 -1 -1 -1 -1 -1 -1 -1 -1 -1 -1 -1 -1 -1 -1 -1 -1 -1 -1 -1 -1 -1 -1 -1 -1
-27 -102 -37 -1 -1 -105 15 19 7 0 0 -89 -1 -110 0 0 -111 -1 -1 -1 -1 -1 -1 -1 -1 -111 -119 -1 -96 -126 -126 30 43 19 0 30 24 29 18 25 22 24 26 27 25 31 42 74 90 64 32 52 74 59 38 21 31 35 20 32 56 85 82 108 106 89 100 96 94 77 65 41 30 31 50 62 81 70 67 74 58 20 0 47 79 90 83 73 32 62 96 116 104 102 111 88 88 108 91 95 99 105 112 91 62 67 24 20 33 59 65 65 72 60 39 39 22 27 21 30 27 41 41 43 26 14 14 13 12 29 47 24 6 15 4 13 36 24 31 43 72 58 39 50 55 36 47 59 64 53 72 60 37 41 41 59 73 107 91 74 89 114 99 82 102 85 94 76 78 83 60 52 76 85 79 77 88 81 102 89 85 99 90 111 106 105 101 76 73 67 48 47 52 32 32 53 84 104 105 62 30 16 13 19 30 26 27 18 35 22 36 24 24 21 29 43 43 35 44 32 33 29 25 30 21 22 35 35 6 0 -34 4 -105 -125 -128 -82 -1 -1 -1 -1 -1 -1 -1 -1 -1 -1 -1 -1 -1 -1 -1 -1 -1 -1 -1 -1 -1 -1 -1 -1 -1 -1 -1 -1 -1 -1 -1 -1 -1 -1 -1 -1 -1 -1 -1 -1 -1 -1 -1 -1 -1 -1 -1 -1 -1 -1 -1 -1 -1 -1 -1 -1 -1 -1 -1 -1 -1 -1 -1 -1 -1 -1 -1 -1 -1 -1 -1 -1 -1 -1 -1 -1 -1 -1 -1 -69 -93 25 20 48 79 93 81 73 42 30 30 45 79 100 102 76 59 50 27 24 35 30 24 29 31 97 112 104 74 101 105 111 93 61 44 71 44 41 53 81 105 99 79 67 70 71 47 60 93 96 107 93 93 99 56 0 -22 -1 -1 -1 -1 -1 -1 -1 -1 -1 -1 -1 -1 -1 -1 -1 -1 -1 -1 -1 -1 -1 -1 -1 -1 -1 -1 -1 -1 -1 -1 -1 -1 -1 -1 -1 -1 -1 -1 -1 -1 -1 -1 -1 -1 -1 -1 -1 -1 -1 -1 -1 -1 -1 -1 -1 -1 -1 -1 -1 -1 -1 -1 -1 -1 -1 -1 -1 -1 -1 -1 -1 -1 -1 -1 -1 -1 -1 -1 -1 -1 -1 -1 -1 -1 -1 -1 -1 -1 -1 -1 -1 -1 -1 -1 -1 -1 -1 -1 -1 -1 -1 -1 -1 -1 -1 -1 -1 -1 -1 -1 -1 -1 -1 -1 -1 -1 -1 -1 -1 -1 -1 -1 -1 -1 -1 -1 -1 -1 -1 -1 -1 -1 -1 -1 -1 -1 -1 -1 -1
-108 -128 -125 -1 -1 -114 24 22 16 -124 -32 -32 -1 -25 -122 -115 -47 -1 -1 -1 -1 -1 -1 -1 -1 -108 -128 -1 -125 0 0 0 0 -120 -128 18 15 15 7 26 27 30 38 59 42 58 50 83 97 68 48 59 50 33 33 39 52 38 20 32 55 89 108 104 113 106 90 78 60 45 38 42 42 47 61 76 94 95 97 67 39 0 9 50 60 70 31 22 44 66 90 113 105 100 113 99 89 100 99 81 108 111 95 72 50 35 14 44 70 70 62 68 81 61 53 42 42 61 60 49 41 65 35 29 39 38 27 31 30 44 66 54 35 32 30 24 32 52 43 50 52 25 33 54 79 50 68 85 79 76 82 67 55 66 41 72 93 105 79 87 100 110 106 81 84 71 82 66 65 61 58 81 67 76 77 85 82 78 65 90 72 104 87 84 95 102 107 102 110 101 91 89 72 39 48 76 108 111 106 88 41 30 15 20 24 26 33 25 29 22 25 25 41 31 32 50 50 15 22 19 33 31 26 25 16 22 31 39 32 0 -89 -117 -86 -3 -1 -1 -1 -1 -1 -1 -1 -1 -1 -1 -1 -1 -1 -1 -1 -1 -1 -1 -1 -1 -1 -1 -1 -1 -1 -1 -1 -1 -1 -1 -1 -1 -1 -1 -1 -1 -1 -1 -1 -1 -1 -1 -1 -1 -1 -1 -1 -1 -1 -1 -1 -1 -1 -1 -1 -1 -1 -1 -1 -1 -1 -1 -1 -1 -1 -1 -1 -1 -1 -1 -1 -1 -1 -1 -1 -1 -1 -1 -1 -1 -1 -37 -105 9 22 47 71 52 50 53 14 30 26 50 64 74 93 66 30 29 36 0 30 19 29 26 24 77 100 65 67 110 100 85 67 59 62 81 56 64 78 60 101 112 105 88 55 52 36 54 74 66 102 112 110 88 24 -102 -1 -1 -1 -1 -1 -1 -1 -1 -1 -1 -1 -1 -1 -1 -1 -1 -1 -1 -1 -1 -1 -1 -1 -1 -1 -1 -1 -1 -1 -1 -1 -1 -1 -1 -1 -1 -1 -1 -1 -1 -1 -1 -1 -1 -1 -1 -1 -1 -1 -1 -1 -1 -1 -1 -1 -1 -1 -1 -1 -1 -1 -1 -1 -1 -1 -1 -1 -1 -1 -1 -1 -1 -1 -1 -1 -1 -1 -1 -1 -1 -1 -1 -1 -1 -1 -1 -1 -1 -1 -1 -1 -1 -1 -1 -1 -1 -1 -1 -1 -1 -1 -1 -1 -1 -1 -1 -1 -1 -1 -1 -1 -1 -1 -1 -1 -1 -1 -1 -1 -1 -1 -1 -1 -1 -1 -1 -1 -1 -1 -1 -1 -1 -1 -1 -1 -1 -1 -1 -1 -1
0 -115 -128 -63 -9 -117 25 29 0 -128 -23 -1 -1 -1 -87 -124 -1 -1 -1 -1 -128 -128 -1 -105 -4 -9 -32 -1 -86 -92 -94 -108 -69 -128 0 0 0 0 26 41 39 52 71 66 64 78 72 79 110 88 70 84 77 62 65 65 54 35 35 42 62 81 108 95 84 71 60 54 53 49 54 66 53 68 82 101 110 82 72 70 48 19 0 27 32 32 35 60 88 105 112 108 105 87 88 93 68 82 74 82 101 100 93 61 36 15 15 54 64 76 76 83 78 74 74 58 45 66 82 65 68 68 29 42 36 39 33 44 58 68 88 59 49 55 43 37 59 76 59 43 30 47 60 52 89 88 89 96 94 88 85 79 76 77 61 60 73 88 66 82 95 84 87 60 55 49 53 48 56 71 76 73 74 68 76 52 43 49 33 48 44 76 88 89 95 93 97 102 95 100 84 73 64 82 104 100 99 111 89 73 54 33 13 16 10 29 25 26 21 21 18 20 43 49 42 29 30 18 26 15 27 32 22 22 20 26 13 22 0 -112 -78 -1 -1 -1 -1 -1 -1 -1 -1 -1 -1 -1 -1 -1 -1 -1 -1 -1 -1 -1 -1 -1 -1 -1 -1 -1 -1 -1 -1 -1 -1 -1 -1 -1 -1 -1 -1 -1 -1 -1 -1 -1 -1 -1 -1 -1 -1 -1 -1 -1 -1 -1 -1 -1 -1 -1 -1 -1 -1 -1 -1 -1 -1 -1 -1 -1 -1 -1 -1 -1 -1 -1 -1 -1 -1 -1 -1 -1 -1 -1 -1 -1 -1 -1 -1 -1 -106 0 18 32 37 22 31 16 3 24 19 36 60 71 77 56 22 25 19 0 22 31 54 64 54 77 54 58 84 111 95 61 60 59 97 84 90 89 61 64 81 78 94 88 59 47 39 67 85 58 64 83 94 101 41 -103 -1 -1 -1 -1 -1 -1 -1 -1 -1 -1 -1 -1 -1 -1 -1 -1 -1 -1 -1 -1 -1 -1 -1 -1 -1 -1 -1 -1 -1 -1 -1 -1 -1 -1 -1 -1 -1 -1 -1 -1 -1 -1 -1 -1 -1 -1 -1 -1 -1 -1 -1 -1 -1 -1 -1 -1 -1 -1 -1 -1 -1 -1 -1 -1 -1 -1 -1 -1 -1 -1 -1 -1 -1 -1 -1 -1 -1 -1 -1 -1 -1 -1 -1 -1 -1 -1 -1 -1 -1 -1 -1 -1 -1 -1 -1 -1 -1 -1 -1 -1 -1 -1 -1 -1 -1 -1 -1 -1 -1 -1 -1 -1 -1 -1 -1 -1 -1 -1 -1 -1 -1 -1 -1 -1 -1 -1 -1 -1 -1 -1 -1 -1 -1 -1 -1 -1 -1 -1 -1 -1
50 25 9 -120 -116 0 41 36 -111 -17 -1 -1 -1 -1 -61 -82 -1 -1 -1 -22 -105 -70 -1 -1 -1 -1 -1 -1 -1 -1 -1 -1 -116 -128 8 12 0 13 16 20 31 68 89 101 104 107 90 91 108 111 105 106 110 102 99 78 49 43 56 58 85 107 111 107 91 77 76 81 72 67 85 77 71 84 105 102 97 81 55 45 47 35 0 0 24 42 68 99 110 96 96 82 85 56 62 67 74 102 112 111 114 110 89 64 60 36 0 8 52 60 61 58 83 70 61 53 52 60 91 87 87 61 49 62 65 49 33 49 74 81 90 81 90 84 43 48 66 90 76 41 38 55 88 82 74 107 108 84 65 60 56 65 58 62 66 38 65 62 53 78 81 72 54 38 56 70 66 79 82 73 59 44 42 41 42 31 27 31 20 15 24 35 47 45 59 66 78 97 97 102 99 94 60 82 76 59 83 116 91 54 37 19 16 21 29 19 32 42 38 35 26 26 33 16 24 24 21 14 26 0 0 10 31 0 -121 0 0 -114 -50 -1 -1 -1 -1 -1 -1 -1 -1 -1 -1 -1 -1 -1 -1 -1 -1 -1 -1 -1 -1 -1 -1 -1 -1 -1 -1 -1 -1 -1 -1 -1 -1 -1 -1 -1 -1 -1 -1 -1 -1 -1 -1 -1 -1 -1 -1 -1 -1 -1 -1 -1 -1 -1 -1 -1 -1 -1 -1 -1 -1 -1 -1 -1 -1 -1 -1 -1 -1 -1 -1 -1 -1 -1 -1 -1 -1 -1 -1 -1 -1 -1 -1 -1 -1 -1 -1 -1 -1 -128 0 22 20 19 20 2 4 27 14 32 42 44 49 38 20 22 6 0 21 45 84 95 48 36 53 94 107 114 96 64 81 76 97 108 88 97 70 101 71 58 91 79 61 65 37 83 107 62 37 32 73 87 26 -128 -1 -1 -1 -1 -1 -1 -1 -1 -1 -1 -1 -1 -1 -1 -1 -1 -1 -1 -1 -1 -1 -1 -1 -1 -1 -1 -1 -1 -1 -1 -1 -1 -1 -1 -1 -1 -1 -1 -1 -1 -1 -1 -1 -1 -1 -1 -1 -1 -1 -1 -1 -1 -1 -1 -1 -1 -1 -1 -1 -1 -1 -1 -1 -1 -1 -1 -1 -1 -1 -1 -1 -1 -1 -1 -1 -1 -1 -1 -1 -1 -1 -1 -1 -1 -1 -1 -1 -1 -1 -1 -1 -1 -1 -1 -1 -1 -1 -1 -1 -1 -1 -1 -1 -1 -1 -1 -1 -1 -1 -1 -1 -1 -1 -1 -1 -1 -1 -1 -1 -1 -1 -1 -1 -1 -1 -1 -1 -1 -1 -1 -1 -1 -1 -1 -1 -1 -1 -1 -1 -1
71 50 37 0 0 0 0 -128 -128 -1 -1 -1 -1 -1 -1 -1 -1 -1 -1 -1 -1 -1 -1 97 -1 -1 -1 -1 -1 -28 -74 -121 -112 2 9 15 30 0 18 24 47 78 96 104 101 114 107 113 112 106 99 73 88 96 110 89 60 71 90 89 102 113 106 112 110 88 101 104 82 88 95 88 89 101 112 106 87 66 61 74 72 64 50 0 12 58 73 82 104 78 66 49 53 71 101 95 102 113 104 91 88 84 73 72 58 60 49 29 3 22 41 52 89 73 58 74 83 93 108 100 77 54 71 49 49 67 64 49 52 60 94 83 90 74 44 53 73 93 72 64 71 67 78 96 95 111 101 90 87 87 61 49 41 39 47 32 56 77 58 55 60 49 50 47 83 90 83 82 66 61 48 35 31 29 29 22 20 25 0 0 9 24 31 25 29 31 71 111 107 114 112 95 70 42 30 47 93 78 60 52 27 15 20 24 19 16 26 29 18 36 39 29 20 24 12 0 0 0 0 -128 0 16 0 -128 -128 -124 -128 -12 -1 -1 -1 -1 -1 94 -1 -1 -1 -1 -1 -1 -1 -1 -1 -1 -1 -1 -1 -1 -1 -1 -1 -1 -1 -1 -1 -1 -1 -1 -1 -1 -1 -1 -1 -1 -1 -1 -1 -1 -1 -1 -1 -1 -1 -1 -1 -1 -1 -1 -1 -1 -1 -1 -1 -1 -1 -1 -1 -1 -1 -1 -1 -1 -1 -1 -1 -1 -1 -1 -1 -1 -1 -1 -1 -1 -1 -1 -1 -1 -1 -1 -1 -1 -1 -1 -1 -1 -1 -54 -124 6 25 30 21 13 0 36 21 26 27 31 31 18 0 0 0 3 25 38 62 45 32 68 95 117 106 85 73 66 87 101 107 112 112 89 101 97 72 58 94 89 83 54 29 70 101 50 24 22 53 33 0 -91 -1 -1 -1 -1 -1 -1 -1 -1 -1 -1 -1 -1 -1 -1 -1 -1 -1 -1 -1 -1 -1 -1 -1 -1 -1 -1 -1 -1 -1 -1 -1 -1 -1 -1 -1 -1 -1 -1 -1 -1 -1 -1 -1 -1 -1 -1 -1 -1 -1 -1 -1 -1 -1 -1 -1 -1 -1 -1 -1 -1 -1 -1 -1 -1 -1 -1 -1 -1 -1 -1 -1 -1 -1 -1 -1 -1 -1 -1 -1 -1 -1 -1 -1 -1 -1 -1 -1 -1 -1 -1 -1 -1 -1 -1 -1 -1 -1 -1 -1 -1 -1 -1 -1 -1 -1 -1 -1 -1 -1 -1 -1 -1 -1 -1 -1 -1 -1 -1 -1 -1 -1 -1 -1 -1 -1 -1 -1 -1 -1 -1 -1 -1 -1 -1 -1 -1 -1 -1 -1 -1
71 50 33 0 0 -128 -50 -13 -1 -1 -1 -1 -1 -1 -1 -1 -1 -1 -1 -1 -1 -1 -1 -1 -1 -1 -13 -105 -128 -128 -128 -128 -128 -128 24 22 25 9 19 45 81 88 67 67 101 110 112 104 102 104 101 77 73 85 112 99 85 96 117 112 112 108 106 102 110 106 114 112 106 110 110 99 100 113 106 85 84 89 101 107 87 73 49 22 0 39 49 72 101 90 52 52 82 97 113 105 113 111 94 89 94 91 87 94 76 81 78 68 66 3 45 66 88 90 82 85 87 76 101 102 87 87 82 53 44 64 87 64 50 68 90 99 97 79 66 72 84 97 76 79 59 70 87 112 111 101 96 88 70 72 77 45 58 59 26 38 56 77 68 53 35 43 61 82 81 67 53 61 47 39 49 33 29 21 16 15 22 0 0 0 0 20 19 13 16 24 55 105 97 89 94 94 108 65 22 41 47 35 32 29 19 21 38 44 27 26 35 21 19 18 39 30 15 22 0 -128 -128 -128 -128 -70 0 8 -97 -128 -56 -60 -47 -1 96 -1 -1 -1 -1 -1 -1 -1 -1 -1 -1 -1 -1 -1 -1 -1 -1 -1 -1 -1 -1 -1 -1 -1 -1 -1 -1 -1 -1 -1 -1 -1 -1 -1 -1 -1 -1 -1 -1 -1 -1 -1 -1 -1 -1 -1 -1 -1 -1 -1 -1 -1 -1 -1 -1 -1 -1 -1 -1 -1 -1 -1 -1 -1 -1 -1 -1 -1 -1 -1 -1 -1 -1 -1 -1 -1 -1 -1 -1 -1 -1 -1 -1 -1 -1 -1 -1 -1 -1 -1 -87 -111 0 29 22 16 0 35 31 16 15 12 8 8 0 24 25 33 29 18 18 19 43 95 116 107 89 81 73 68 79 99 100 104 102 108 104 91 58 65 102 108 110 70 18 55 81 45 25 16 38 20 -111 -1 -1 -1 -1 -1 -1 -1 -1 -1 -1 -1 -1 -1 -1 -1 -1 -1 -1 -1 -1 -1 -1 -1 -1 -1 -1 -1 -1 -1 -1 -1 -1 -1 -1 -1 -1 -1 -1 -1 -1 -1 -1 -1 -1 -1 -1 -1 -1 -1 -1 -1 -1 -1 -1 -1 -1 -1 -1 -1 -1 -1 -1 -1 -1 -1 -1 -1 -1 -1 -1 -1 -1 -1 -1 -1 -1 -1 -1 -1 -1 -1 -1 -1 -1 -1 -1 -1 -1 -1 -1 -1 -1 -1 -1 -1 -1 -1 -1 -1 -1 -1 -1 -1 -1 -1 -1 -1 -1 -1 -1 -1 -1 -1 -1 -1 -1 -1 -1 -1 -1 -1 -1 -1 -1 -1 -1 -1 -1 -1 -1 -1 -1 -1 -1 -1 -1 -1 -1 -1 -1 -1
49 22 0 -128 -20 -17 -1 -1 -1 -1 -1 -1 -1 -1 -1 -1 -1 -1 -1 -1 -1 -1 -81 -120 -128 -28 -1 -28 -41 -59 -25 -13 -111 0 36 29 38 52 26 37 66 56 42 54 76 102 112 105 73 78 88 60 71 78 105 100 101 117 116 107 100 91 84 87 101 111 116 97 105 101 111 99 91 106 110 100 85 68 72 78 76 61 52 22 0 1 36 52 89 65 41 84 106 117 104 105 97 94 104 105 101 104 107 111 108 102 94 89 68 7 52 78 84 96 97 95 97 84 99 108 100 95 79 49 49 71 87 87 82 81 83 110 82 84 94 94 101 90 85 59 76 78 102 111 97 74 68 74 49 41 55 47 45 55 32 50 68 90 89 59 54 55 88 73 53 49 48 42 35 35 30 24 31 36 36 59 58 43 29 41 10 0 0 3 13 21 36 61 99 89 79 94 83 45 25 26 15 18 32 39 30 42 49 43 22 27 19 18 32 16 22 21 25 18 8 -108 -128 -28 -87 -100 -92 -128 -120 -128 -121 -8 -1 -1 -1 -1 -1 -1 -1 -1 -1 -1 -1 -1 -1 -1 -1 -1 -1 -1 -1 -1 -1 -1 -1 -1 -1 -1 -1 -1 -1 -1 -1 -1 -1 -1 -1 -1 -1 -1 -1 -1 -1 -1 -1 -1 -1 -1 -1 -1 -1 -1 -1 -1 -1 -1 -1 -1 -1 -1 -1 -1 -1 -1 -1 -1 -1 -1 -1 -1 -1 -1 -1 -1 -1 -1 -1 -1 -1 -1 -1 -1 -1 -1 -1 -1 -1 -1 -1 -1 -1 -1 -1 -1 -1 -17 -41 -84 -111 0 7 16 33 15 19 20 0 0 1 3 25 37 55 54 56 72 91 96 113 89 71 78 90 91 95 88 96 89 112 97 76 85 88 97 93 94 93 62 14 27 76 73 29 22 30 8 -120 -1 -1 -1 -1 -1 -1 -1 -1 -1 -1 -1 -1 -1 -1 -1 -1 -1 -1 -1 -1 -1 -1 -1 -1 -1 -1 -1 -1 -1 -1 -1 -1 -1 -1 -1 -1 -1 -1 -1 -1 -1 -1 -1 -1 -1 -1 -1 -1 -1 -1 -1 -1 -1 -1 -1 -1 -1 -1 -1 -1 -1 -1 -1 -1 -1 -1 -1 -1 -1 -1 -1 -1 -1 -1 -1 -1 -1 -1 -1 -1 -1 -1 -1 -1 -1 -1 -1 -1 -1 -1 -1 -1 -1 -1 -1 -1 -1 -1 -1 -1 -1 -1 -1 -1 -1 -1 -1 -1 -1 -1 -1 -1 -1 -1 -1 -1 -1 -1 -1 -1 -1 -1 -1 -1 -1 -1 -1 -1 -1 -1 -1 -1 -1 -1 -1 -1 -1 -1 -1 -1 -1
37 -117 -75 -1 -1 -1 -1 -1 -1 -1 -1 -1 -1 -1 -1 -1 -1 -1 -1 -1 -1 -1 -1 -1 -1 -1 -1 -1 -1 -1 -1 -102 0 41 72 61 68 60 21 20 42 39 49 72 99 112 97 101 70 61 65 67 48 14 58 70 97 110 105 105 114 113 96 83 97 100 100 101 101 100 101 87 70 107 105 113 100 77 58 50 50 59 33 0 3 0 35 50 72 55 31 66 95 111 104 105 94 96 82 94 114 114 111 97 93 81 72 61 43 16 64 82 85 90 96 89 106 89 90 112 85 65 59 42 42 47 58 78 102 101 97 113 108 108 104 107 88 87 66 59 88 111 114 108 93 79 42 37 41 41 41 36 47 25 49 36 64 94 78 55 93 89 77 53 42 41 37 49 55 53 53 50 68 59 41 72 94 52 44 79 53 41 27 0 0 18 21 37 62 64 62 55 44 22 18 32 21 22 37 55 44 50 25 15 13 29 15 22 25 2 0 10 0 0 2 -119 -128 -122 -115 -126 -18 -8 -128 -124 0 -128 -119 -34 -1 -1 -1 -1 -1 -1 -1 -1 -1 -1 -1 -1 -1 -1 -1 -1 -1 -1 -1 -1 -1 -1 -1 -1 -1 -1 -1 -1 -1 -1 -1 -1 -1 -1 -1 -1 -1 -1 -1 -1 -1 -1 -1 -1 -1 -1 -1 -1 -1 -1 -1 -1 -1 -1 -1 -1 -1 -1 -1 -1 -1 -1 -1 -1 -1 -1 -1 -1 -1 -1 -1 -1 -1 -1 -1 -1 -1 -1 -1 -1 -1 -1 -1 -1 -1 -1 -1 -1 -1 -1 -1 -1 -1 -1 -14 -107 0 6 14 14 35 32 3 15 33 14 25 43 66 79 87 90 85 108 102 94 66 90 88 90 79 71 83 108 96 78 90 106 104 105 100 91 90 60 18 48 84 64 21 24 26 0 -8 -1 -1 -1 -1 -1 -1 -1 -1 -1 -1 -1 -1 -1 -1 -1 -1 -1 -1 -1 -1 -1 -1 -1 -1 -1 -1 -1 -1 -1 -1 -1 -1 -1 -1 -1 -1 -1 -1 -1 -1 -1 -1 -1 -1 -1 -1 -1 -1 -1 -1 -1 -1 -1 -1 -1 -1 -1 -1 -1 -1 -1 -1 -1 -1 -1 -1 -1 -1 -1 -1 -1 -1 -1 -1 -1 -1 -1 -1 -1 -1 -1 -1 -1 -1 -1 -1 -1 -1 -1 -1 -1 -1 -1 -1 -1 -1 -1 -1 -1 -1 -1 -1 -1 -1 -1 -1 -1 -1 -1 -1 -1 -1 -1 -1 -1 -1 -1 -1 -1 -1 -1 -1 -1 -1 -1 -1 -1 -1 -1 -1 -1 -1 -1 -1 -1 -1 -1 -1 -1 -1 -1
0 -67 -1 -1 -1 -1 -1 -1 -1 -1 -1 -1 -1 -1 -1 -1 -1 -1 -1 -1 -1 -1 -1 -1 -1 -1 97 -1 -1 -97 -108 -112 19 48 82 91 77 43 0 36 32 41 60 84 101 107 97 91 68 49 60 62 91 102 116 113 113 116 104 93 108 106 114 99 83 101 112 105 91 105 104 83 62 81 97 107 112 97 77 64 53 49 61 49 18 0 49 78 83 56 30 65 89 110 87 100 94 85 85 114 99 95 84 76 78 67 72 78 52 43 78 78 79 72 73 77 99 116 113 100 89 97 84 73 58 33 44 62 82 105 116 106 99 94 100 78 68 65 68 95 105 95 99 113 114 78 50 47 38 39 37 29 33 32 78 59 67 106 104 88 89 74 60 56 52 50 53 73 90 54 79 61 90 79 50 65 81 44 38 67 73 48 31 16 2 0 27 24 36 32 36 29 26 16 14 24 1 16 25 30 24 22 31 15 16 27 6 0 0 -128 -105 -128 -105 -128 -128 -96 -82 -128 0 0 -128 -128 -117 20 18 -103 -128 -128 -1 -1 -1 -1 -1 -1 -1 -1 -1 -1 -1 -1 -1 -1 -1 -1 -1 -1 -1 -1 -1 -1 -1 -1 -1 -1 -1 -1 -1 -1 -1 -1 -1 -1 -1 -1 -1 -1 -1 -1 -1 -1 -1 -1 -1 -1 -1 -1 -1 -1 -1 -1 -1 -1 -1 -1 -1 -1 -1 -1 -1 -1 -1 -1 -1 -1 -1 -1 -1 -1 -1 -1 -1 -1 -1 -1 -1 -1 -1 -1 -1 -1 -1 -1 -1 -1 -1 -1 -1 -1 -1 -1 -1 -1 -1 -1 -111 -116 0 27 33 12 12 41 37 16 24 43 68 105 85 68 106 97 77 65 79 84 89 73 65 97 113 102 81 91 101 102 102 114 83 82 59 26 20 38 44 66 26 33 0 -68 -1 -1 -1 -1 -1 -1 -1 -1 -1 -1 -1 -1 -1 -1 -1 -1 -1 -1 -1 -1 -1 -1 -1 -1 -1 -1 -1 -1 -1 -1 -1 -1 -1 -1 -1 -1 -1 -1 -1 -1 -1 -1 -1 -1 -1 -1 -1 -1 -1 -1 -1 -1 -1 -1 -1 -1 -1 -1 -1 -1 -1 -1 -1 -1 -1 -1 -1 -1 -1 -1 -1 -1 -1 -1 -1 -1 -1 -1 -1 -1 -1 -1 -1 -1 -1 -1 -1 -1 -1 -1 -1 -1 -1 -1 -1 -1 -1 -1 -1 -1 -1 -1 -1 -1 -1 -1 -1 -1 -1 -1 -1 -1 -1 -1 -1 -1 -1 -1 -1 -1 -1 -1 -1 -1 -1 -1 -1 -1 -1 -1 -1 -1 -1 -1 -1 -1 -1 -1 -1 -1 -1 -1
-64 -1 -1 -1 -1 -1 -1 -1 -1 -1 -1 -1 -1 -1 -1 -1 -1 -1 -1 -1 -1 -1 -1 -1 -1 -1 -1 -1 -112 0 0 -108 24 22 61 84 56 35 33 54 37 29 43 71 99 102 87 67 61 44 55 56 105 106 108 104 116 108 85 78 97 99 101 106 78 82 95 102 81 79 104 89 60 54 72 84 97 105 97 89 79 72 65 42 0 3 29 81 81 61 27 58 82 106 78 68 72 79 96 111 96 82 93 105 94 97 96 104 78 0 52 64 61 45 52 59 74 83 99 101 96 83 67 65 45 38 52 67 83 106 104 87 93 77 100 97 96 85 65 79 93 78 76 74 105 104 85 60 47 58 52 66 84 77 99 100 101 112 114 113 96 83 88 85 90 93 94 95 81 84 99 90 108 91 84 99 100 79 68 82 77 37 25 18 13 0 15 18 33 29 20 21 19 16 16 13 4 0 14 16 8 18 33 20 24 14 19 0 -128 -63 -128 -47 -1 -78 -128 -100 -128 -128 12 21 7 0 0 16 0 0 -122 -1 -1 -1 -1 -1 -1 -1 -1 -1 -1 -1 -1 -1 -1 -1 -1 -1 -1 -1 -1 -1 -1 -1 -1 -1 -1 -1 -1 -1 -1 -1 -1 -1 -1 -1 -1 -1 -1 -1 -1 -1 -1 -1 -1 -1 -1 -1 -1 -1 -1 -1 -1 -1 -1 -1 -1 -1 -1 -1 -1 -1 -1 -1 -1 -1 -1 -1 -1 -1 -1 -1 -1 -1 -1 -1 -1 -1 -1 -1 -1 -1 -1 -1 -1 -1 -1 -1 -1 -1 -1 -1 -1 -1 -1 -1 -1 -1 -1 -8 -40 -83 -105 -121 0 37 31 18 35 52 71 78 56 66 101 97 78 68 95 91 66 54 72 108 97 76 97 94 95 97 100 104 87 91 47 26 24 21 29 54 21 25 -98 -1 -1 -1 -1 -1 -1 -1 -1 -1 -1 -1 -1 -1 -1 -1 -1 -1 -1 -1 -1 -1 -1 -1 -1 -1 -1 -1 -1 -1 -1 -1 -1 -1 -1 -1 -1 -1 -1 -1 -1 -1 -1 -1 -1 -1 -1 -1 -1 -1 -1 -1 -1 -1 -1 -1 -1 -1 -1 -1 -1 -1 -1 -1 -1 -1 -1 -1 -1 -1 -1 -1 -1 -1 -1 -1 -1 -1 -1 -1 -1 -1 -1 -1 -1 -1 -1 -1 -1 -1 -1 -1 -1 -1 -1 -1 -1 -1 -1 -1 -1 -1 -1 -1 -1 -1 -1 -1 -1 -1 -1 -1 -1 -1 -1 -1 -1 -1 -1 -1 -1 -1 -1 -1 -1 -1 -1 -1 -1 -1 -1 -1 -1 -1 -1 -1 -1 -1 -1 -1 -1 -1 -1 -1
-1 -1 -1 -1 -1 -1 -1 -1 -1 -1 -1 -1 -1 -1 -1 -1 -1 -1 -1 -1 -1 -1 -1 -1 -1 -1 -22 -128 -121 6 19 26 25 27 53 53 48 55 67 68 38 35 50 91 105 82 71 60 68 59 56 65 104 106 114 87 104 102 90 81 97 108 104 107 87 73 85 102 83 65 68 84 70 44 55 74 87 87 79 78 93 85 62 32 0 4 0 44 44 33 42 84 97 89 61 62 79 102 116 118 91 97 107 113 113 110 106 116 95 76 7 44 52 67 65 87 104 112 113 107 105 88 94 77 48 27 47 62 91 111 71 52 58 60 83 74 76 71 59 70 66 44 41 65 101 112 107 101 107 95 91 101 108 105 97 117 114 111 110 119 113 114 117 118 114 117 120 112 106 113 110 111 107 100 97 104 93 82 91 104 100 62 62 37 2 0 15 25 27 21 15 18 24 22 16 16 24 4 22 33 21 20 29 19 12 22 0 -106 -64 -22 -124 -128 -107 -128 -128 -122 -110 10 31 24 12 3 8 0 -102 -120 -128 -1 -1 -1 -1 -1 -1 -1 -1 -1 -1 -1 -1 -1 -1 -1 -1 -1 -1 -1 -1 -1 -1 -1 -1 -1 -1 -1 -1 -1 -1 -1 -1 -1 -1 -1 -1 -1 -1 -1 -1 -1 -1 -1 -1 -1 -1 -1 -1 -1 -1 -1 -1 -1 -1 -1 -1 -1 -1 -1 -1 -1 -1 -1 -1 -1 -1 -1 -1 -1 -1 -1 -1 -1 -1 -1 -1 -1 -1 -1 -1 -1 -1 -1 -1 -1 -1 -1 -1 -1 -1 -1 -1 -1 -1 -1 -1 -1 -1 -1 -1 -1 -42 -111 -128 2 24 29 50 50 38 41 54 85 107 112 78 77 89 82 47 55 105 105 81 87 101 82 93 87 105 110 83 90 77 44 29 20 20 39 32 0 -44 -1 -1 -1 -1 -1 -1 -1 -1 -1 -1 -1 -1 -1 -1 -1 -1 -1 -1 -1 -1 -1 -1 -1 -1 -1 -1 -1 -1 -1 -1 -1 -1 -1 -1 -1 -1 -1 -1 -1 -1 -1 -1 -1 -1 -1 -1 -1 -1 -1 -1 -1 -1 -1 -1 -1 -1 -1 -1 -1 -1 -1 -1 -1 -1 -1 -1 -1 -1 -1 -1 -1 -1 -1 -1 -1 -1 -1 -1 -1 -1 -1 -1 -1 -1 -1 -1 -1 -1 -1 -1 -1 -1 -1 -1 -1 -1 -1 -1 -1 -1 -1 -1 -1 -1 -1 -1 -1 -1 -1 -1 -1 -1 -1 -1 -1 -1 -1 -1 -1 -1 -1 -1 -1 -1 -1 -1 -1 -1 -1 -1 -1 -1 -1 -1 -1 -1 -1 -1 -1 -1 -1 -1 -1
-1 -1 -1 -1 -1 -1 -1 -1 -1 -1 -1 -1 -1 -1 -1 -1 -1 -1 -1 -1 -1 -1 -1 -1 -1 -1 -51 -72 -100 0 29 42 27 39 53 35 35 53 68 71 58 45 50 78 76 77 78 87 99 93 56 41 105 105 107 89 96 97 117 85 97 97 96 106 102 72 74 94 71 59 50 53 53 39 47 64 65 87 77 64 70 70 81 59 33 37 1 0 0 0 29 81 105 62 47 84 95 105 114 100 104 108 105 112 106 97 101 102 105 84 14 54 68 77 88 97 89 87 95 105 113 99 77 48 35 41 87 89 110 111 102 77 68 52 55 47 49 41 35 36 41 49 64 87 97 107 114 118 108 106 111 102 113 113 116 113 112 111 114 108 119 110 105 110 113 118 113 99 106 99 105 116 112 95 62 64 66 50 55 65 70 64 58 65 29 0 4 16 38 29 22 24 25 33 26 26 37 13 10 26 19 18 22 20 32 33 -128 -128 -128 -108 -101 -117 -128 0 0 0 0 6 3 0 -108 -128 -128 -128 -1 -1 -1 -1 -1 -1 -1 -1 -1 -1 -1 -1 -1 -1 -1 -1 -1 -1 -1 -1 -1 -1 -1 -1 -1 -1 -1 -1 -1 -1 -1 -1 -1 -1 -1 -1 -1 -1 -1 -1 -1 -1 -1 -1 -1 -1 -1 -1 -1 -1 -1 -1 -1 -1 -1 -1 -1 -1 -1 -1 -1 -1 -1 -1 -1 -1 -1 -1 -1 -1 -1 -1 -1 -1 -1 -1 -1 -1 -1 -1 -1 -1 -1 -1 -1 -1 -1 -1 -1 -1 -1 -1 -1 -1 -1 -1 -1 -1 -1 -1 -1 -1 -1 -1 -1 -1 -4 -92 0 20 30 29 54 76 85 112 104 89 82 76 90 49 39 55 108 78 97 100 93 77 79 87 112 99 87 90 94 71 35 31 30 32 18 -125 -1 -1 -1 -1 -1 -1 -1 -1 -1 -1 -1 -1 -1 -1 -1 -1 -1 -1 -1 -1 -1 -1 -1 -1 -1 -1 -1 -1 -1 -1 -1 -1 -1 -1 -1 -1 -1 -1 -1 -1 -1 -1 -1 -1 -1 -1 -1 -1 -1 -1 -1 -1 -1 -1 -1 -1 -1 -1 -1 -1 -1 -1 -1 -1 -1 -1 -1 -1 -1 -1 -1 -1 -1 -1 -1 -1 -1 -1 -1 -1 -1 -1 -1 -1 -1 -1 -1 -1 -1 -1 -1 -1 -1 -1 -1 -1 -1 -1 -1 -1 -1 -1 -1 -1 -1 -1 -1 -1 -1 -1 -1 -1 -1 -1 -1 -1 -1 -1 -1 -1 -1 -1 -1 -1 -1 -1 -1 -1 -1 -1 -1 -1 -1 -1 -1 -1 -1 -1 -1 -1 -1 -1 -1 -1
-1 -1 -1 -1 -1 -1 -1 -1 -1 -1 -1 -1 -1 -1 -1 -1 -1 -1 -1 -1 -1 -1 -1 -1 -1 -1 -1 -1 -1 -94 15 53 68 59 38 21 25 36 49 77 62 37 44 58 88 101 107 104 88 62 29 26 85 107 93 76 85 105 101 82 101 107 91 90 97 74 78 99 84 66 54 55 49 48 39 43 43 68 85 73 48 55 71 70 66 47 38 0 39 24 29 44 58 44 65 105 117 108 91 85 96 96 93 87 76 89 107 114 112 90 21 60 78 72 66 87 89 87 106 116 88 72 53 41 31 47 64 93 99 77 90 94 74 54 39 56 43 52 31 62 85 85 97 108 111 116 110 118 113 108 114 112 116 112 114 117 119 114 110 116 110 88 102 107 113 108 110 101 112 116 108 106 113 77 42 37 35 31 43 50 45 29 25 45 25 0 21 42 42 20 14 19 35 16 24 32 30 0 19 22 25 25 14 16 16 25 21 0 -128 -128 0 3 -106 0 19 20 10 0 -128 -128 -128 -50 -26 -64 -1 -1 -1 -1 -1 -1 -1 -1 -1 -1 -1 -1 -1 -1 -1 -1 -1 -1 -1 -1 -1 -1 -1 -1 -1 -1 -1 -1 -1 -1 -1 -1 -1 -1 -1 -1 -1 -1 -1 -1 -1 -1 -1 -1 -1 -1 -1 -1 -1 -1 -1 -1 -1 -1 -1 -1 -1 -1 -1 -1 -1 -1 -1 -1 -1 -1 -1 -1 -1 -1 -1 -1 -1 -1 -1 -1 -1 -1 -1 -1 -1 -1 -1 -1 -1 -1 -1 -1 -1 -1 -1 -1 -1 -1 -1 -1 -1 -1 -1 -1 -1 -1 -1 -1 -1 -1 -1 -1 -96 6 26 62 96 113 112 107 79 105 91 93 72 33 43 94 102 87 95 110 97 72 90 106 110 85 77 59 54 42 29 29 21 39 0 -69 -1 -1 -1 -1 -1 -1 -1 -1 -1 -1 -1 -1 -1 -1 -1 -1 -1 -1 -1 -1 -1 -1 -1 -1 -1 -1 -1 -1 -1 -1 -1 -1 -1 -1 -1 -1 -1 -1 -1 -1 -1 -1 -1 -1 -1 -1 -1 -1 -1 -1 -1 -1 -1 -1 -1 -1 -1 -1 -1 -1 -1 -1 -1 -1 -1 -1 -1 -1 -1 -1 -1 -1 -1 -1 -1 -1 -1 -1 -1 -1 -1 -1 -1 -1 -1 -1 -1 -1 -1 -1 -1 -1 -1 -1 -1 -1 -1 -1 -1 -1 -1 -1 -1 -1 -1 -1 -1 -1 -1 -1 -1 -1 -1 -1 -1 -1 -1 -1 -1 -1 -1 -1 -1 -1 -1 -1 -1 -1 -1 -1 -1 -1 -1 -1 -1 -1 -1 -1 -1 -1 -1 -1 -1 -1
-1 -1 -1 -1 -1 -1 -1 -1 -1 -1 -1 -1 -1 -1 -1 -1 -1 -1 -1 -1 -1 -1 -1 -1 -1 -1 -1 -60 -91 -111 9 41 73 59 44 18 25 47 65 73 66 68 81 88 87 100 100 54 55 44 12 31 72 104 87 70 68 96 116 99 96 101 95 82 71 70 91 108 101 79 83 76 67 56 39 27 35 48 66 54 33 26 32 21 15 8 0 20 67 84 72 37 24 47 87 105 117 94 89 100 85 73 72 77 89 106 110 97 94 93 35 44 73 84 90 90 71 101 91 96 104 82 65 72 48 49 74 101 108 64 55 56 66 47 47 78 77 90 68 87 106 113 111 117 116 113 107 113 117 108 113 107 110 117 113 108 104 105 108 111 111 93 95 104 110 116 112 113 110 108 107 106 113 96 67 62 39 26 36 59 70 43 16 27 1 0 22 43 39 18 27 20 21 18 0 -119 -102 20 22 22 21 22 26 18 30 15 10 0 -116 -98 0 0 -102 -119 0 0 0 -128 -46 -59 -49 -65 -1 -1 -1 -1 -1 -1 -1 -1 -1 -1 -1 -1 -1 -1 -1 -1 -1 -1 -1 -1 -1 -1 -1 -1 -1 -1 -1 -1 -1 -1 -1 -1 -1 -1 -1 -1 -1 -1 -1 -1 -1 -1 -1 -1 -1 -1 -1 -1 -1 -1 -1 -1 -1 -1 -1 -1 -1 -1 -1 -1 -1 -1 -1 -1 -1 -1 -1 -1 -1 -1 -1 -1 -1 -1 -1 -1 -1 -1 -1 -1 -1 -1 -1 -1 -1 -1 -1 -1 -1 -1 -1 -1 -1 -1 -1 -1 -1 -1 -1 -1 -1 -1 -1 -1 -1 -1 -1 -1 -1 -1 -63 0 31 68 88 113 107 84 94 112 90 74 47 39 70 97 79 88 107 95 85 67 88 101 108 83 88 65 31 30 21 12 10 10 -100 -1 -1 -1 -1 -1 -1 -1 -1 -1 -1 -1 -1 -1 -1 -1 -1 -1 -1 -1 -1 -1 -1 -1 -1 -1 -1 -1 -1 -1 -1 -1 -1 -1 -1 -1 -1 -1 -1 -1 -1 -1 -1 -1 -1 -1 -1 -1 -1 -1 -1 -1 -1 -1 -1 -1 -1 -1 -1 -1 -1 -1 -1 -1 -1 -1 -1 -1 -1 -1 -1 -1 -1 -1 -1 -1 -1 -1 -1 -1 -1 -1 -1 -1 -1 -1 -1 -1 -1 -1 -1 -1 -1 -1 -1 -1 -1 -1 -1 -1 -1 -1 -1 -1 -1 -1 -1 -1 -1 -1 -1 -1 -1 -1 -1 -1 -1 -1 -1 -1 -1 -1 -1 -1 -1 -1 -1 -1 -1 -1 -1 -1 -1 -1 -1 -1 -1 -1 -1 -1 -1 -1 -1 -1 -1 -1
-1 -1 -1 -1 -1 -1 -1 -1 -1 -1 -1 -1 -1 -1 -1 -1 -1 -1 -22 -101 -1 -1 -1 -1 -1 -1 -1 -32 -16 -128 7 41 58 48 38 14 18 39 68 101 93 73 68 60 39 76 101 61 25 47 14 39 85 102 77 62 78 108 108 90 89 104 105 96 79 71 97 112 93 108 104 87 74 70 50 31 33 33 29 37 20 0 0 0 0 19 33 64 84 81 66 39 27 50 97 110 96 100 89 78 66 67 85 95 113 110 95 81 70 70 70 7 38 38 42 60 71 74 60 94 113 116 104 96 89 83 78 100 107 78 43 42 32 27 39 73 101 111 106 104 111 111 112 110 97 106 110 107 102 113 116 114 118 105 104 114 111 104 100 104 111 91 87 96 110 108 99 105 104 114 106 99 107 108 102 94 60 22 39 41 30 15 12 0 0 0 0 4 15 25 20 13 19 27 0 -124 -103 19 29 25 25 25 32 31 16 -128 -128 -128 -101 -128 -128 -126 -67 -46 -100 -46 -128 -126 -1 -1 -1 95 -1 -1 -1 -1 -1 -1 -1 -1 -1 -1 -1 -1 -1 -1 -1 -1 -1 -1 -1 -1 -1 -1 -1 -1 -1 -1 -1 -1 -1 -1 -1 -1 -1 -1 -1 -1 -1 -1 -1 -1 -1 -1 -1 -1 -1 -1 -1 -1 -1 -1 -1 -1 -1 -1 -1 -1 -1 -1 -1 -1 -1 -1 -1 -1 -1 -1 -1 -1 -1 -1 -1 -1 -1 -1 -1 -1 -1 -1 -1 -1 -1 -1 -1 -1 -1 -1 -1 -1 -1 -1 -1 -1 -1 -1 -1 -1 -1 -1 -1 -1 -1 -1 -1 -1 -1 -1 -1 -1 -1 -1 -7 -128 13 48 79 100 111 97 94 90 50 32 31 45 77 72 72 108 105 90 76 68 95 113 104 79 108 87 59 30 26 32 0 0 -42 -1 -1 -1 -1 -1 -1 -1 -1 -1 -1 -1 -1 -1 -1 -1 -1 -1 -1 -1 -1 -1 -1 -1 -1 -1 -1 -1 -1 -1 -1 -1 -1 -1 -1 -1 -1 -1 -1 -1 -1 -1 -1 -1 -1 -1 -1 -1 -1 -1 -1 -1 -1 -1 -1 -1 -1 -1 -1 -1 -1 -1 -1 -1 -1 -1 -1 -1 -1 -1 -1 -1 -1 -1 -1 -1 -1 -1 -1 -1 -1 -1 -1 -1 -1 -1 -1 -1 -1 -1 -1 -1 -1 -1 -1 -1 -1 -1 -1 -1 -1 -1 -1 -1 -1 -1 -1 -1 -1 -1 -1 -1 -1 -1 -1 -1 -1 -1 -1 -1 -1 -1 -1 -1 -1 -1 -1 -1 -1 -1 -1 -1 -1 -1 -1 -1 -1 -1 -1 -1 -1 -1 -1 -1 -1 -1
-1 -1 -1 -1 -1 -1 -1 -1 -1 -1 -1 -1 -1 -1 -1 -1 -1 -1 -49 -128 -102 -1 -1 -1 -1 -1 -1 -1 -1 -112 0 45 27 19 32 20 30 58 81 101 77 47 32 38 37 55 85 58 30 21 25 66 96 83 65 64 79 97 101 106 101 114 101 97 76 68 100 105 79 87 94 79 61 61 66 41 36 27 16 27 0 0 15 25 33 42 70 79 82 59 52 36 25 43 70 95 105 89 71 58 71 87 106 116 114 91 82 81 97 95 105 59 33 29 13 48 62 82 95 111 113 114 114 110 114 108 105 112 112 100 84 55 42 58 76 87 108 110 116 117 117 113 102 111 101 106 105 105 114 113 108 104 108 95 95 93 102 113 106 110 107 79 91 97 106 104 100 102 99 104 101 104 112 110 88 62 39 21 24 22 20 18 16 0 0 0 24 0 27 16 22 9 30 25 3 0 -97 0 15 26 32 37 42 16 -117 -78 -1 -1 -1 -1 -39 -128 -1 -1 -1 -1 -97 -68 -1 -1 -1 -1 -1 -1 -1 -1 -1 -1 -1 -1 -1 -1 -1 -1 -1 -1 -1 -1 -1 -1 -1 -1 -1 -1 -1 -1 -1 -1 -1 -1 -1 -1 -1 -1 -1 -1 -1 -1 -1 -1 -1 -1 -1 -1 -1 -1 -1 -1 -1 -1 -1 -1 -1 -1 -1 -1 -1 -1 -1 -1 -1 -1 -1 -1 -1 -1 -1 -1 -1 -1 -1 -1 -1 -1 -1 -1 -1 -1 -1 -1 -1 -1 -1 -1 -1 -1 -1 -1 -1 -1 -1 -1 -1 -1 -1 -1 -1 -1 -1 -1 -1 -1 -1 -1 -1 -1 -1 -1 -1 -1 -1 -1 -1 -128 2 39 70 89 112 102 87 71 26 25 32 38 39 64 84 110 79 89 66 73 108 97 84 90 104 97 85 54 18 25 25 -126 -68 -1 -1 -1 -1 -1 -1 -1 -1 -1 -1 -1 -1 -1 -1 -1 -1 -1 -1 -1 -1 -1 -1 -1 -1 -1 -1 -1 -1 -1 -1 -1 -1 -1 -1 -1 -1 -1 -1 -1 -1 -1 -1 -1 -1 -1 -1 -1 -1 -1 -1 -1 -1 -1 -1 -1 -1 -1 -1 -1 -1 -1 -1 -1 -1 -1 -1 -1 -1 -1 -1 -1 -1 -1 -1 -1 -1 -1 -1 -1 -1 -1 -1 -1 -1 -1 -1 -1 -1 -1 -1 -1 -1 -1 -1 -1 -1 -1 -1 -1 -1 -1 -1 -1 -1 -1 -1 -1 -1 -1 -1 -1 -1 -1 -1 -1 -1 -1 -1 -1 -1 -1 -1 -1 -1 -1 -1 -1 -1 -1 -1 -1 -1 -1 -1 -1 -1 -1 -1 -1 -1 -1 -1 -1 -1 -1
-1 -1 -1 -1 -1 -1 -1 -1 -1 -1 -1 -1 -1 -1 -1 -1 -1 -1 -117 -83 -92 -1 -1 -1 -1 -1 -1 -88 -126 0 49 20 26 29 37 20 27 48 78 101 82 52 48 47 48 25 62 58 39 6 31 61 91 79 62 76 73 94 111 99 73 85 104 112 99 68 72 85 71 71 100 91 62 43 42 27 7 0 0 0 0 24 42 70 67 54 70 79 68 60 49 27 24 32 44 73 94 72 48 70 97 111 113 102 101 82 96 97 96 93 108 100 95 89 41 49 87 84 88 101 106 112 108 99 93 110 110 106 108 112 105 93 77 87 96 107 114 118 106 85 88 99 101 101 107 105 110 113 99 85 96 97 88 89 82 78 101 100 102 102 108 94 102 107 94 99 96 89 93 96 116 108 106 116 99 61 38 49 58 37 32 33 31 36 24 33 20 0 0 0 0 0 25 18 20 7 -106 -125 0 30 18 21 4 -128 -128 -89 -1 -1 -1 -1 -1 -126 -77 -1 -1 -1 -1 -1 -1 -1 -1 -1 -1 -1 -1 -1 -1 -1 -1 -1 -1 -1 -1 -1 -1 -1 -1 -1 -1 -1 -1 -1 -1 -1 -1 -1 -1 -1 -1 -1 -1 -1 -1 -1 -1 -1 -1 -1 -1 -1 -1 -1 -1 -1 -1 -1 -1 -1 -1 -1 -1 -1 -1 -1 -1 -1 -1 -1 -1 -1 -1 -1 -1 -1 -1 -1 -1 -1 -1 -1 -1 -1 -1 -1 -1 -1 -1 -1 -1 -1 -1 -1 -1 -1 -1 -1 -1 -1 -1 -1 -1 -1 -1 -1 -1 -1 -1 -1 -1 -1 -1 -1 -1 -1 -1 -1 -1 -1 -1 -1 -1 -1 -1 -98 0 37 53 81 87 79 73 48 20 19 49 48 66 95 111 94 77 83 62 67 111 95 91 84 88 108 96 78 37 16 26 -112 -120 -1 -1 -1 -1 -1 -1 -1 -1 -1 -1 -1 -1 -1 -1 -1 -1 -1 -1 -1 -1 -1 -1 -1 -1 -1 -1 -1 -1 -1 -1 -1 -1 -1 -1 -1 -1 -1 -1 -1 -1 -1 -1 -1 -1 -1 -1 -1 -1 -1 -1 -1 -1 -1 -1 -1 -1 -1 -1 -1 -1 -1 -1 -1 -1 -1 -1 -1 -1 -1 -1 -1 -1 -1 -1 -1 -1 -1 -1 -1 -1 -1 -1 -1 -1 -1 -1 -1 -1 -1 -1 -1 -1 -1 -1 -1 -1 -1 -1 -1 -1 -1 -1 -1 -1 -1 -1 -1 -1 -1 -1 -1 -1 -1 -1 -1 -1 -1 -1 -1 -1 -1 -1 -1 -1 -1 -1 -1 -1 -1 -1 -1 -1 -1 -1 -1 -1 -1 -1 -1 -1 -1 -1 -1 -1 -1
-1 -1 -1 -1 -1 -1 -1 -1 -1 -1 -1 -1 -1 -1 -1 -1 -1 -1 -65 -128 -14 -1 -1 -1 -1 -1 -106 0 25 49 42 20 0 0 18 25 24 53 97 95 64 43 49 49 47 42 37 49 22 24 52 95 104 82 64 62 88 111 114 89 90 107 94 84 74 79 74 64 62 70 83 91 64 41 25 0 0 13 21 29 32 26 50 64 79 82 78 73 59 45 53 35 32 37 61 74 83 70 41 61 81 83 90 106 99 88 96 91 82 87 95 108 110 77 7 64 89 89 74 84 105 110 95 74 77 84 89 110 113 110 112 105 90 101 107 87 100 101 113 87 97 108 99 106 106 106 101 85 83 79 99 102 105 91 67 79 79 101 110 97 104 96 99 105 100 88 90 111 106 104 106 97 110 112 111 93 59 74 99 74 90 66 52 74 42 60 41 32 22 24 30 6 0 -105 -93 -128 -128 0 19 14 20 18 -119 -45 -1 -1 -1 -1 -1 -1 -1 -1 -1 -1 -1 -1 -1 -1 -1 -1 -1 -1 -1 -1 -1 -1 -1 -1 -1 -1 -1 -1 -1 -1 -1 -1 -1 -1 -1 -1 -1 -1 -1 -1 -1 -1 -1 -1 -1 -1 -1 -1 -1 -1 -1 -1 -1 -1 -1 -1 -1 -1 -1 -1 -1 -1 -1 -1 -1 -1 -1 -1 -1 -1 -1 -1 -1 -1 -1 -1 -1 -1 -1 -1 -1 -1 -1 -1 -1 -1 -1 -1 -1 -1 -1 -1 -1 -1 -1 -1 -1 -1 -1 -1 -1 -1 -1 -1 -1 -1 -1 -1 -1 -1 -1 -1 -1 -1 -1 -1 -1 -1 -1 -1 -1 -1 -1 -1 -1 -1 -1 -1 -1 -128 4 31 56 62 48 53 60 42 25 27 78 71 85 105 95 90 82 55 52 74 106 85 66 81 104 76 50 58 35 33 43 14 -122 -1 -1 -1 -1 -1 -1 -1 -1 -1 -1 -1 -1 -1 -1 -1 -1 -1 -1 -1 -1 -1 -1 -1 -1 -1 -1 -1 -1 -1 -1 -1 -1 -1 -1 -1 -1 -1 -1 -1 -1 -1 -1 -1 -1 -1 -1 -1 -1 -1 -1 -1 -1 -1 -1 -1 -1 -1 -1 -1 -1 -1 -1 -1 -1 -1 -1 -1 -1 -1 -1 -1 -1 -1 -1 -1 -1 -1 -1 -1 -1 -1 -1 -1 -1 -1 -1 -1 -1 -1 -1 -1 -1 -1 -1 -1 -1 -1 -1 -1 -1 -1 -1 -1 -1 -1 -1 -1 -1 -1 -1 -1 -1 -1 -1 -1 -1 -1 -1 -1 -1 -1 -1 -1 -1 -1 -1 -1 -1 -1 -1 -1 -1 -1 -1 -1 -1 -1 -1 -1 -1 -1 -1 -1 -1 -1
-1 -1 -1 -1 -1 -1 -1 -1 -1 -1 -1 -1 -1 -1 -1 -1 -1 -1 -1 -128 -69 -1 -1 -1 -1 -1 -16 -128 18 27 26 8 -128 -128 0 24 37 70 82 79 89 55 61 56 52 50 47 45 15 31 52 101 95 77 55 49 74 96 117 97 106 95 83 89 94 106 88 72 61 77 102 101 64 41 21 0 7 29 31 62 67 56 82 94 78 76 74 72 55 43 37 33 37 39 42 45 59 60 43 56 61 70 88 100 105 111 108 81 74 88 106 116 105 68 68 37 99 113 90 97 107 107 100 74 77 71 84 112 107 83 78 81 79 108 101 85 78 91 113 96 84 77 102 102 111 93 89 111 111 81 71 81 93 70 58 72 97 94 97 95 41 30 27 26 33 55 95 101 91 111 116 111 89 99 84 105 100 106 112 102 106 89 84 81 71 83 70 73 62 47 37 18 20 -125 -1 -128 -128 0 0 0 -128 0 -112 -27 -1 -1 -1 -1 -1 -1 -1 -1 -1 -1 -1 -1 -1 -1 -1 -1 -1 -1 -1 -1 -1 -1 -1 -1 -1 -1 -1 -1 -1 -1 -1 -1 -1 -1 -1 -1 -1 -1 -1 -1 -1 -1 -1 -1 -1 -1 -1 -1 -1 -1 -1 -1 -1 -1 -1 -1 -1 -1 -1 -1 -1 -1 -1 -1 -1 -1 -1 -1 -1 -1 -1 -1 -1 -1 -1 -1 -1 -1 -1 -1 -1 -1 -1 -1 -1 -1 -1 -1 -1 -1 -1 -1 -1 -1 -1 -1 -1 -1 -1 -1 -1 -1 -1 -1 -1 -1 -1 -1 -1 -1 -1 -1 -1 -1 -1 -1 -1 -1 -1 -1 -1 -1 -1 -1 -1 -1 -1 -1 -28 -128 4 30 29 31 25 32 54 27 25 47 89 85 89 100 89 88 60 42 77 91 59 47 60 88 110 95 56 36 19 30 43 0 -102 -1 -1 -1 -1 -1 -1 -1 -1 -1 -1 -1 -1 -1 -1 -1 -1 -1 -1 -1 -1 -1 -1 -1 -1 -1 -1 -1 -1 -1 -1 -1 -1 -1 -1 -1 -1 -1 -1 -1 -1 -1 -1 -1 -1 -1 -1 -1 -1 -1 -1 -1 -1 -1 -1 -1 -1 -1 -1 -1 -1 -1 -1 -1 -1 -1 -1 -1 -1 -1 -1 -1 -1 -1 -1 -1 -1 -1 -1 -1 -1 -1 -1 -1 -1 -1 -1 -1 -1 -1 -1 -1 -1 -1 -1 -1 -1 -1 -1 -1 -1 -1 -1 -1 -1 -1 -1 -1 -1 -1 -1 -1 -1 -1 -1 -1 -1 -1 -1 -1 -1 -1 -1 -1 -1 -1 -1 -1 -1 -1 -1 -1 -1 -1 -1 -1 -1 -1 -1 -1 -1 -1 -1 -1 -1 -1
-1 -1 -1 -1 -1 -1 -1 -1 -1 -1 -1 -1 -1 -1 -1 -1 -1 -1 -1 -14 -128 -128 -128 -111 -103 -1 -1 -105 0 19 7 -125 -59 -121 0 36 22 22 35 59 89 97 73 55 53 62 44 48 18 10 61 95 77 64 52 36 78 104 108 88 112 105 90 106 111 95 83 90 54 68 100 108 74 47 32 9 0 26 36 71 88 77 94 89 73 60 52 44 39 37 37 33 35 39 30 41 73 94 72 50 64 97 111 107 82 99 97 73 97 114 111 95 85 106 99 39 101 102 111 110 117 112 108 97 95 101 102 108 94 71 87 95 106 114 95 74 84 107 116 110 85 79 104 102 107 95 108 111 90 82 90 73 55 55 89 77 89 112 101 102 95 83 62 66 55 27 88 101 112 116 110 97 81 65 67 84 93 97 95 68 73 89 72 68 50 48 33 39 59 58 45 19 0 -128 -26 -32 -93 -128 -94 -128 -30 -128 -88 -86 -1 -1 -1 -1 -1 -1 -1 -1 -1 -1 -1 -1 -1 -1 -1 -1 -1 -1 -1 -1 -1 -1 -1 -1 -1 -1 -1 -1 -1 -1 -1 -1 -1 -1 -1 -1 -1 -1 -1 -1 -1 -1 -1 -1 -1 -1 -1 -1 -1 -1 -1 -1 -1 -1 -1 -1 -1 -1 -1 -1 -1 -1 -1 -1 -1 -1 -1 -1 -1 -1 -1 -1 -1 -1 -1 -1 -1 -1 -1 -1 -1 -1 -1 -1 -1 -1 -1 -1 -1 -1 -1 -1 -1 -1 -1 -1 -1 -1 -1 -1 -1 -1 -1 -1 -1 -1 -1 -1 -1 -1 -1 -1 -1 -1 -1 -1 -1 -1 -1 -1 -1 -1 -1 -1 -1 -1 -1 -1 -45 -110 6 12 29 24 20 24 49 29 21 41 73 52 73 94 55 44 39 53 84 64 38 42 62 91 107 91 62 54 26 19 29 0 -55 -1 -1 -1 -1 -1 -1 -1 -1 -1 -1 -1 -1 -1 -1 -1 -1 -1 -1 -1 -1 -1 -1 -1 -1 -1 -1 -1 -1 -1 -1 -1 -1 -1 -1 -1 -1 -1 -1 -1 -1 -1 -1 -1 -1 -1 -1 -1 -1 -1 -1 -1 -1 -1 -1 -1 -1 -1 -1 -1 -1 -1 -1 -1 -1 -1 -1 -1 -1 -1 -1 -1 -1 -1 -1 -1 -1 -1 -1 -1 -1 -1 -1 -1 -1 -1 -1 -1 -1 -1 -1 -1 -1 -1 -1 -1 -1 -1 -1 -1 -1 -1 -1 -1 -1 -1 -1 -1 -1 -1 -1 -1 -1 -1 -1 -1 -1 -1 -1 -1 -1 -1 -1 -1 -1 -1 -1 -1 -1 -1 -1 -1 -1 -1 -1 -1 -1 -1 -1 -1 -1 -1 -1 -1 -1 -1
-1 -1 -1 -1 -1 -1 -1 -1 -1 -1 -1 -1 -1 -1 -1 -1 -1 -1 -1 -1 -67 -128 -124 -128 -32 -1 -1 -1 -128 0 -106 -112 -79 0 19 29 21 26 53 90 112 89 54 43 56 73 64 59 20 4 53 82 82 54 54 49 85 114 114 85 100 106 111 116 113 99 100 76 55 31 99 108 87 56 30 13 0 24 39 62 93 90 74 65 53 45 37 38 43 41 43 41 52 62 53 53 55 64 71 49 59 78 95 106 82 82 81 76 110 104 97 104 106 101 85 22 71 71 90 97 93 83 107 111 105 106 106 105 88 81 113 82 112 93 71 76 101 102 110 85 73 70 90 102 101 102 110 110 108 107 112 91 67 84 95 105 105 105 113 112 111 113 110 113 100 16 85 112 108 104 88 82 78 85 88 91 66 88 65 53 42 58 48 48 62 29 15 20 22 14 0 -121 -121 -32 -21 38 -49 -83 -14 -25 -6 -122 -115 -108 -1 -1 -1 -1 -1 -1 -1 -1 -1 -1 -1 -1 -1 -1 -1 -1 -1 -1 -1 -1 -1 -1 -1 -1 -1 -1 -1 -1 -1 -1 -1 -1 -1 -1 -1 -1 -1 -1 -1 -1 -1 -1 -1 -1 -1 -1 -1 -1 -1 -1 -1 -1 -1 -1 -1 -1 -1 -1 -1 -1 -1 -1 -1 -1 -1 -1 -1 -1 -1 -1 -1 -1 -1 -1 -1 -1 -1 -1 -1 -1 -1 -1 -1 -1 -1 -1 -1 -1 -1 -1 -1 -1 -1 -1 -1 -1 -1 -1 -1 -1 -1 -1 -1 -1 -1 -1 -1 -1 -1 -1 -1 -1 -1 -1 -1 -1 -1 -1 -1 -1 -1 -1 -1 -1 -1 -1 -1 -1 -1 -128 0 0 26 35 25 25 29 38 33 79 60 31 54 50 30 49 53 65 70 29 50 83 76 95 105 68 44 27 20 31 8 -128 -1 -1 -1 -1 -1 -1 -1 -1 -1 -1 -1 -1 -1 -1 -1 -1 -1 -1 -1 -1 -1 -1 -1 -1 -1 -1 -1 -1 -1 -1 -1 -1 -1 -1 -1 -1 -1 -1 -1 -1 -1 -1 -1 -1 -1 -1 -1 -1 -1 -1 -1 -1 -1 -1 -1 -1 -1 -1 -1 -1 -1 -1 -1 -1 -1 -1 -1 -1 -1 -1 -1 -1 -1 -1 -1 -1 -1 -1 -1 -1 -1 -1 -1 -1 -1 -1 -1 -1 -1 -1 -1 -1 -1 -1 -1 -1 -1 -1 -1 -1 -1 -1 -1 -1 -1 -1 -1 -1 -1 -1 -1 -1 -1 -1 -1 -1 -1 -1 -1 -1 -1 -1 -1 -1 -1 -1 -1 -1 -1 -1 -1 -1 -1 -1 -1 -1 -1 -1 -1 -1 -1 -1 -1 -1 -1 -1
-1 -1 -1 -1 -1 -1 -1 -1 -1 -1 -1 -1 -1 -1 -1 -1 -1 -1 -1 -1 -1 -1 -72 -51 -1 -1 -7 -115 -128 -117 -44 -17 -102 2 43 45 25 48 85 114 108 97 88 81 82 88 73 50 42 19 20 62 66 49 61 87 96 113 94 100 96 102 104 99 107 114 108 84 59 10 54 94 71 22 0 0 0 30 45 76 82 61 59 55 61 72 43 68 85 82 87 78 70 67 70 62 55 50 49 48 47 47 58 65 54 61 71 78 106 105 107 110 101 94 67 26 20 25 61 72 67 74 94 108 107 100 102 108 97 90 106 93 112 99 100 85 74 104 102 108 91 96 93 101 104 107 94 93 102 97 104 76 81 97 89 93 110 104 112 102 101 107 93 95 95 42 68 97 95 105 93 97 96 68 79 70 42 56 52 37 24 42 33 43 72 66 26 20 25 0 -128 -128 -34 -1 -1 -1 -1 -1 -1 -74 -92 -128 -119 -8 -1 -1 -1 -1 -1 -1 -1 -1 -1 -1 -1 -1 -1 -1 -1 -1 -1 -1 -1 -1 -1 -1 -1 -1 -1 -1 -1 -1 -1 -1 -1 -1 -1 -1 -1 -1 -1 -1 -1 -1 -1 -1 -1 -1 -1 -1 -1 -1 -1 -1 -1 -1 -1 -1 -1 -1 -1 -1 -1 -1 -1 -1 -1 -1 -1 -1 -1 -1 -1 -1 -1 -1 -1 -1 -1 -1 -1 -1 -1 -1 -1 -1 -1 -1 -1 -1 -1 -1 -1 -1 -1 -1 -1 -1 -1 -1 -1 -1 -1 -1 -1 -1 -1 -1 -1 -1 -1 -1 -1 -1 -1 -1 -1 -1 -1 -1 -1 -1 -1 -1 -1 -1 -1 -1 -1 -1 -1 -1 -1 -63 -39 -37 -94 0 35 20 33 37 67 70 21 25 20 24 60 93 74 42 32 53 65 84 100 111 104 85 50 30 29 24 0 -40 -1 -1 -1 -1 -1 -1 -1 -1 -1 -1 -1 -1 -1 -1 -1 -1 -1 -1 -1 -1 -1 -1 -1 -1 -1 -1 -1 -1 -1 -1 -1 -1 -1 -1 -1 -1 -1 -1 -1 -1 -1 -1 -1 -1 -1 -1 -1 -1 -1 -1 -1 -1 -1 -1 -1 -1 -1 -1 -1 -1 -1 -1 -1 -1 -1 -1 -1 -1 -1 -1 -1 -1 -1 -1 -1 -1 -1 -1 -1 -1 -1 -1 -1 -1 -1 -1 -1 -1 -1 -1 -1 -1 -1 -1 -1 -1 -1 -1 -1 -1 -1 -1 -1 -1 -1 -1 -1 -1 -1 -1 -1 -1 -1 -1 -1 -1 -1 -1 -1 -1 -1 -1 -1 -1 -1 -1 -1 -1 -1 -1 -1 -1 -1 -1 -1 -1 -1 -1 -1 -1 -1 -1 -1 -1 -1 -1
-1 -1 -1 -1 -1 -1 -1 -1 -1 -1 -1 -1 -1 -1 -1 -1 -1 -1 -1 -1 -1 -1 -1 -1 -1 -1 -22 -128 -108 -1 -1 -56 -128 0 21 58 54 60 85 100 101 102 110 102 89 70 44 50 50 47 12 32 48 44 60 68 81 105 89 96 116 94 101 97 104 100 105 97 82 43 0 52 32 3 10 20 22 33 45 56 78 71 68 65 65 59 55 61 91 102 107 87 78 74 96 89 105 81 82 77 74 68 50 18 45 73 68 84 107 89 101 104 102 96 73 48 45 49 3 7 36 84 81 112 111 111 100 101 93 96 93 96 95 96 108 108 82 88 89 90 99 93 110 110 101 110 117 114 108 93 67 71 93 102 113 113 104 117 100 105 105 102 105 107 113 100 30 60 99 100 108 94 73 47 36 29 22 39 66 25 27 49 20 31 58 54 35 20 30 -110 -31 -1 -1 -1 -1 -1 -28 -128 -18 -128 -128 -128 -128 -22 -1 -1 -1 -1 -1 -1 -1 -1 -1 -1 -1 -1 -1 -1 -1 -1 -1 -1 -1 -1 -1 -1 -1 -1 -1 -1 -1 -1 -1 -1 -1 -1 -1 -1 -1 -1 -1 -1 -1 -1 -1 -1 -1 -1 -1 -1 -1 -1 -1 -1 -1 -1 -1 -1 -1 -1 -1 -1 -1 -1 -1 -1 -1 -1 -1 -1 -1 -1 -1 -1 -1 -1 -1 -1 -1 -1 -1 -1 -1 -1 -1 -1 -1 -1 -1 -1 -1 -1 -1 -1 -1 -1 -1 -1 -1 -1 -1 -1 -1 -1 -1 -1 -1 -1 -1 -1 -1 -1 -1 -1 -1 -1 -1 -1 -1 -1 -1 -1 -1 -1 -1 -1 -1 -1 -1 -1 -1 -1 99 -1 -1 -1 -1 -86 0 18 25 39 53 53 24 25 39 67 102 101 72 27 29 81 110 108 110 108 95 93 77 65 39 27 -114 -28 -1 -1 -1 -1 -1 -1 -1 -1 -1 -1 -1 -1 -1 -1 -1 -1 -1 -1 -1 -1 -1 -1 -1 -1 -1 -1 -1 -1 -1 -1 -1 -1 -1 -1 -1 -1 -1 -1 -1 -1 -1 -1 -1 -1 -1 -1 -1 -1 -1 -1 -1 -1 -1 -1 -1 -1 -1 -1 -1 -1 -1 -1 -1 -1 -1 -1 -1 -1 -1 -1 -1 -1 -1 -1 -1 -1 -1 -1 -1 -1 -1 -1 -1 -1 -1 -1 -1 -1 -1 -1 -1 -1 -1 -1 -1 -1 -1 -1 -1 -1 -1 -1 -1 -1 -1 -1 -1 -1 -1 -1 -1 -1 -1 -1 -1 -1 -1 -1 -1 -1 -1 -1 -1 -1 -1 -1 -1 -1 -1 -1 -1 -1 -1 -1 -1 -1 -1 -1 -1 -1 -1 -1 -1 -1 -1 -1
-1 -1 -1 -1 -1 -1 -1 -1 -1 -1 -1 -1 -1 -1 -1 -1 -1 -1 -1 -1 -1 -1 -1 -1 -1 -1 -1 -25 -1 -1 -25 -120 -74 -69 0 18 35 66 71 78 97 67 85 104 73 61 48 58 64 83 53 0 0 9 35 55 91 105 96 93 105 90 111 99 73 79 88 97 81 24 0 0 0 0 24 39 58 58 70 77 91 89 89 97 96 82 77 56 43 91 108 88 96 84 107 102 112 113 104 106 112 102 94 68 53 76 72 96 105 87 110 110 112 111 88 56 70 89 65 44 14 36 82 112 87 93 112 106 105 110 108 100 93 107 108 89 81 93 84 101 96 110 97 100 71 93 112 96 87 87 55 61 72 81 81 83 107 107 101 100 101 94 96 91 104 94 59 42 113 105 102 110 90 54 55 35 21 21 38 14 44 32 16 43 54 24 45 29 20 0 -128 -128 -42 -1 -1 -1 -73 -128 -112 -108 -128 -78 -4 -67 -1 -1 -1 -1 -1 -1 -1 -1 -1 -1 -1 -1 -1 -1 -1 -1 -1 -1 -1 -1 -1 -1 -1 -1 -1 -1 -1 -1 -1 -1 -1 -1 -1 -1 -1 -1 -1 -1 -1 -1 -1 -1 -1 -1 -1 -1 -1 -1 -1 -1 -1 -1 -1 -1 -1 -1 -1 -1 -1 -1 -1 -1 -1 -1 -1 -1 -1 -1 -1 -1 -1 -1 -1 -1 -1 -1 -1 -1 -1 -1 -1 -1 -1 -1 -1 -1 -1 -1 -1 -1 -1 -1 -1 -1 -1 -1 -1 -1 -1 -1 -1 -1 -1 -1 -1 -1 -1 -1 -1 -1 -1 -1 -1 -1 -1 -1 -1 -1 -1 -1 -1 -1 -1 -1 -1 -1 -1 -1 -1 -1 -1 -1 -1 -1 -79 0 19 29 42 60 32 44 87 112 96 78 43 22 43 72 102 105 104 105 97 78 68 68 47 18 -128 -1 -1 -1 -1 -1 -1 -1 -1 -1 -1 -1 -1 -1 -1 -1 -1 -1 -1 -1 -1 -1 -1 -1 -1 -1 -1 -1 -1 -1 -1 -1 -1 -1 -1 -1 -1 -1 -1 -1 -1 -1 -1 -1 -1 -1 -1 -1 -1 -1 -1 -1 -1 -1 -1 -1 -1 -1 -1 -1 -1 -1 -1 -1 -1 -1 -1 -1 -1 -1 -1 -1 -1 -1 -1 -1 -1 -1 -1 -1 -1 -1 -1 -1 -1 -1 -1 -1 -1 -1 -1 -1 -1 -1 -1 -1 -1 -1 -1 -1 -1 -1 -1 -1 -1 -1 -1 -1 -1 -1 -1 -1 -1 -1 -1 -1 -1 -1 -1 -1 -1 -1 -1 -1 -1 -1 -1 -1 -1 -1 -1 -1 -1 -1 -1 -1 -1 -1 -1 -1 -1 -1 -1 -1 -1 -1 -1 -1
-1 -1 -1 -1 -1 -1 -1 -1 -1 -1 -1 -1 -1 -1 -1 -1 -1 -1 -1 -1 -1 -1 -1 -1 -1 -1 -1 -1 -8 -1 -1 -1 -78 -103 0 35 29 41 31 68 68 44 74 100 77 78 65 67 78 87 71 66 44 10 0 49 93 110 93 85 100 91 101 101 82 65 56 54 19 2 27 44 81 71 30 58 93 87 96 107 116 108 111 113 107 108 104 90 79 108 111 111 110 101 114 107 106 96 112 114 105 105 79 60 67 74 88 105 85 88 101 94 89 83 60 56 81 104 89 68 68 12 72 100 78 102 96 88 108 112 84 95 87 102 100 72 88 84 90 108 99 106 83 71 60 105 106 77 55 65 43 36 50 50 79 105 108 112 112 112 111 112 114 108 91 94 65 52 100 106 107 107 100 81 64 53 36 16 21 21 29 32 20 22 36 19 33 55 31 0 -101 -1 -1 -1 -1 -1 -7 -32 -110 -79 -128 -34 -1 -36 -1 -1 -1 -1 -1 -1 -1 -1 -1 -1 -1 -1 -1 -1 -1 -1 -1 -1 -1 -1 -1 -1 -1 -1 -1 -1 -1 -1 -1 -1 -1 -1 -1 -1 -1 -1 -1 -1 -1 -1 -1 -1 -1 -1 -1 -1 -1 -1 -1 -1 -1 -1 -1 -1 -1 -1 -1 -1 -1 -1 -1 -1 -1 -1 -1 -1 -1 -1 -1 -1 -1 -1 -1 -1 -1 -1 -1 -1 -1 -1 -1 -1 -1 -1 -1 -1 -1 -1 -1 -1 -1 -1 -1 -1 -1 -1 -1 -1 -1 -1 -1 -1 -1 -1 -1 -1 -1 -1 -1 -1 -1 -1 -1 -1 -1 -1 -1 -1 -1 -1 -1 -1 -1 -1 -1 -1 -1 -1 -1 -1 -1 -1 -1 96 -1 -125 9 35 47 56 33 35 59 99 76 37 24 26 68 90 106 108 106 88 81 56 48 61 38 0 -107 -1 -1 -1 -1 -1 -1 -1 -1 -1 -1 -1 -1 -1 -1 -1 -1 -1 -1 -1 -1 -1 -1 -1 -1 -1 -1 -1 -1 -1 -1 -1 -1 -1 -1 -1 -1 -1 -1 -1 -1 -1 -1 -1 -1 -1 -1 -1 -1 -1 -1 -1 -1 -1 -1 -1 -1 -1 -1 -1 -1 -1 -1 -1 -1 -1 -1 -1 -1 -1 -1 -1 -1 -1 -1 -1 -1 -1 -1 -1 -1 -1 -1 -1 -1 -1 -1 -1 -1 -1 -1 -1 -1 -1 -1 -1 -1 -1 -1 -1 -1 -1 -1 -1 -1 -1 -1 -1 -1 -1 -1 -1 -1 -1 -1 -1 -1 -1 -1 -1 -1 -1 -1 -1 -1 -1 -1 -1 -1 -1 -1 -1 -1 -1 -1 -1 -1 -1 -1 -1 -1 -1 -1 -1 -1 -1 -1 -1
-1 -1 -1 -1 -1 -1 -1 -1 -1 -1 -1 -1 -1 -1 -1 -1 -1 -1 -1 -1 -1 -1 -1 -1 -1 -1 -1 -102 -26 -34 -31 -40 -128 2 31 31 16 24 22 30 30 52 82 93 96 107 95 77 61 53 61 55 62 78 27 10 71 87 76 73 96 85 70 68 55 27 3 12 27 73 68 76 106 101 84 62 85 110 111 110 102 100 100 110 104 110 106 105 110 110 101 97 85 101 102 89 89 76 84 90 94 99 73 65 91 113 107 84 90 110 110 104 83 56 68 84 74 102 101 106 93 52 18 72 70 68 67 70 83 82 91 90 89 105 93 90 88 99 110 97 97 117 93 68 66 83 106 96 82 45 64 64 91 79 70 77 77 96 94 96 96 97 100 99 108 100 62 49 97 102 96 101 87 52 35 24 21 24 24 25 24 24 25 21 19 22 45 50 50 0 -98 -1 -1 -1 -1 95 -1 -1 -1 -1 -61 -128 -9 -1 -6 -1 -1 -1 -1 -1 -1 -1 -1 -1 -1 -1 -1 -1 -1 -1 -1 -1 -1 -1 -1 -1 -1 -1 -1 -1 -1 -1 -1 -1 -1 -1 -1 -1 -1 -1 -1 -1 -1 -1 -1 -1 -1 -1 -1 -1 -1 -1 -1 -1 -1 -1 -1 -1 -1 -1 -1 -1 -1 -1 -1 -1 -1 -1 -1 -1 -1 -1 -1 -1 -1 -1 -1 -1 -1 -1 -1 -1 -1 -1 -1 -1 -1 -1 -1 -1 -1 -1 -1 -1 -1 -1 -1 -1 -1 -1 -1 -1 -1 -1 -1 -1 -1 -1 -1 -1 -1 -1 -1 -1 -1 -1 -1 -1 -1 -1 -1 -1 -1 -1 -1 -1 -1 -1 -1 -1 -1 -1 -1 -1 -1 -1 -1 -1 -1 -40 0 25 41 47 26 33 43 76 39 25 41 59 77 97 96 110 105 70 53 39 37 54 30 0 -61 -1 -1 -1 -1 -1 -1 -1 -1 -1 -1 -1 -1 -1 -1 -1 -1 -1 -1 -1 -1 -1 -1 -1 -1 -1 -1 -1 -1 -1 -1 -1 -1 -1 -1 -1 -1 -1 -1 -1 -1 -1 -1 -1 -1 -1 -1 -1 -1 -1 -1 -1 -1 -1 -1 -1 -1 -1 -1 -1 -1 -1 -1 -1 -1 -1 -1 -1 -1 -1 -1 -1 -1 -1 -1 -1 -1 -1 -1 -1 -1 -1 -1 -1 -1 -1 -1 -1 -1 -1 -1 -1 -1 -1 -1 -1 -1 -1 -1 -1 -1 -1 -1 -1 -1 -1 -1 -1 -1 -1 -1 -1 -1 -1 -1 -1 -1 -1 -1 -1 -1 -1 -1 -1 -1 -1 -1 -1 -1 -1 -1 -1 -1 -1 -1 -1 -1 -1 -1 -1 -1 -1 -1 -1 -1 -1 -1 -1
-1 -1 -1 -1 -1 -1 -1 -1 -1 -1 -1 -1 -1 -1 -1 -1 -1 -1 -1 -1 -1 -1 -1 -1 -1 -1 -128 -98 -47 -128 -110 -122 -128 15 58 53 24 43 21 38 50 90 99 66 64 79 102 91 85 67 73 72 72 84 61 2 22 20 42 70 62 29 29 7 0 26 72 83 83 104 87 93 114 102 88 96 91 105 108 110 104 97 91 106 105 112 101 110 111 106 87 79 78 81 83 77 52 60 87 101 87 81 70 77 102 107 93 73 107 106 85 81 72 74 55 77 97 107 108 118 97 78 32 19 43 64 77 77 87 93 96 106 110 90 89 97 104 104 99 84 70 85 93 72 60 60 66 58 53 55 87 87 90 108 87 88 91 89 94 96 97 89 91 18 78 95 78 35 89 83 96 89 97 82 49 36 49 41 31 27 30 20 25 25 25 22 30 15 21 0 -92 -1 -1 -1 -1 -1 -1 -1 -1 -1 -53 -27 -1 -1 -1 -1 -1 -1 -1 -1 -1 -1 -1 -1 -1 -1 -1 -1 -1 -1 -1 -1 -1 -1 -1 -1 -1 -1 -1 -1 -1 -1 -1 -1 -1 -1 -1 -1 -1 -1 -1 -1 -1 -1 -1 -1 -1 -1 -1 -1 -1 -1 -1 -1 -1 -1 -1 -1 -1 -1 -1 -1 -1 -1 -1 -1 -1 -1 -1 -1 -1 -1 -1 -1 -1 -1 -1 -1 -1 -1 -1 -1 -1 -1 -1 -1 -1 -1 -1 -1 -1 -1 -1 -1 -1 -1 -1 -1 -1 -1 -1 -1 -1 -1 -1 -1 -1 -1 -1 -1 -1 -1 -1 -1 -1 -1 -1 -1 -1 -1 -1 -1 -1 -1 -1 -1 -1 -1 -1 -1 -1 -1 -1 -1 -1 -1 -1 -1 -1 -1 -128 3 27 31 30 26 35 31 24 37 85 102 81 84 107 73 66 44 36 30 35 60 32 -128 -7 -1 -1 -1 -1 -1 -1 -1 -1 -1 -1 -1 -1 -1 -1 -1 -1 -1 -1 -1 -1 -1 -1 -1 -1 -1 -1 -1 -1 -1 -1 -1 -1 -1 -1 -1 -1 -1 -1 -1 -1 -1 -1 -1 -1 -1 -1 -1 -1 -1 -1 -1 -1 -1 -1 -1 -1 -1 -1 -1 -1 -1 -1 -1 -1 -1 -1 -1 -1 -1 -1 -1 -1 -1 -1 -1 -1 -1 -1 -1 -1 -1 -1 -1 -1 -1 -1 -1 -1 -1 -1 -1 -1 -1 -1 -1 -1 -1 -1 -1 -1 -1 -1 -1 -1 -1 -1 -1 -1 -1 -1 -1 -1 -1 -1 -1 -1 -1 -1 -1 -1 -1 -1 -1 -1 -1 -1 -1 -1 -1 -1 -1 -1 -1 -1 -1 -1 -1 -1 -1 -1 -1 -1 -1 -1 -1 -1 -1
-1 -1 -1 -1 -1 -1 -1 -1 -1 -1 -1 -1 -1 -1 -1 -1 -1 -1 -1 -1 -1 -1 -1 -1 -1 -1 -96 -128 -125 0 30 8 0 19 58 74 53 66 38 64 100 102 79 47 19 31 44 74 102 91 85 79 96 108 85 58 25 33 21 6 12 47 33 29 53 77 78 85 101 106 99 108 99 95 105 111 110 114 90 99 107 101 81 83 84 108 107 111 113 104 106 102 81 93 106 77 59 85 108 108 97 73 70 72 87 85 74 83 113 96 79 97 104 81 62 95 87 87 83 94 104 95 65 15 79 96 106 99 94 84 95 91 99 91 93 112 107 97 65 74 96 84 83 85 94 104 82 65 85 96 104 108 97 108 107 107 108 102 104 90 83 72 54 0 30 0 79 35 79 95 91 106 108 91 68 61 58 58 47 20 26 37 36 25 26 13 12 26 16 -128 -128 -1 -1 -1 -1 -1 -1 -1 -1 -1 -1 97 -1 -1 -1 -1 -1 -1 -1 -1 -1 -1 -1 -1 -1 -1 -1 -1 -1 -1 -1 -1 -1 -1 -1 -1 -1 -1 -1 -1 -1 -1 -1 -1 -1 -1 -1 -1 -1 -1 -1 -1 -1 -1 -1 -1 -1 -1 -1 -1 -1 -1 -1 -1 -1 -1 -1 -1 -1 -1 -1 -1 -1 -1 -1 -1 -1 -1 -1 -1 -1 -1 -1 -1 -1 -1 -1 -1 -1 -1 -1 -1 -1 -1 -1 -1 -1 -1 -1 -1 -1 -1 -1 -1 -1 -1 -1 -1 -1 -1 -1 -1 -1 -1 -1 -1 -1 -1 -1 -1 -1 -1 -1 -1 -1 -1 -1 -1 -1 -1 -1 -1 -1 -1 -1 -1 -1 -1 -1 -1 -1 -1 -1 -1 -1 -1 -1 -1 -1 -1 -30 0 14 13 13 37 24 31 37 73 101 90 64 78 99 73 41 21 26 42 58 71 35 -128 -1 -1 -1 -1 -1 -1 -1 -1 -1 -1 -1 -1 -1 -1 -1 -1 -1 -1 -1 -1 -1 -1 -1 -1 -1 -1 -1 -1 -1 -1 -1 -1 -1 -1 -1 -1 -1 -1 -1 -1 -1 -1 -1 -1 -1 -1 -1 -1 -1 -1 -1 -1 -1 -1 -1 -1 -1 -1 -1 -1 -1 -1 -1 -1 -1 -1 -1 -1 -1 -1 -1 -1 -1 -1 -1 -1 -1 -1 -1 -1 -1 -1 -1 -1 -1 -1 -1 -1 -1 -1 -1 -1 -1 -1 -1 -1 -1 -1 -1 -1 -1 -1 -1 -1 -1 -1 -1 -1 -1 -1 -1 -1 -1 -1 -1 -1 -1 -1 -1 -1 -1 -1 -1 -1 -1 -1 -1 -1 -1 -1 -1 -1 -1 -1 -1 -1 -1 -1 -1 -1 -1 -1 -1 -1 -1 -1 -1 -1
-1 -1 -1 -1 -1 -1 -1 -1 -1 -1 -1 -1 -1 -1 -1 -1 -1 -1 -1 -1 -1 -1 -1 -1 -1 -49 -121 0 0 15 41 19 24 36 84 93 78 85 58 64 93 108 73 47 25 9 25 38 72 84 95 91 81 73 97 85 70 67 70 50 60 97 101 100 88 96 93 97 116 117 113 119 97 88 114 114 107 97 81 99 107 106 90 66 71 83 113 107 100 89 95 104 91 95 104 108 91 100 101 96 83 82 84 67 65 70 77 105 112 91 89 81 96 95 62 74 87 95 106 77 100 76 55 14 68 111 102 105 107 84 83 82 95 77 93 106 81 81 87 97 105 99 100 111 104 107 101 90 107 111 95 111 99 101 110 107 102 105 94 95 65 0 14 0 36 6 54 35 87 91 84 105 95 64 43 31 35 29 33 27 21 16 29 0 0 0 0 0 0 -114 -23 -20 -1 -1 -1 -1 -1 -1 -1 -1 -1 -1 -1 -1 -1 -1 -1 -1 -1 -1 -1 -1 -1 -1 -1 -1 -1 -1 -1 -1 -1 -1 -1 -1 -1 -1 -1 -1 -1 -1 -1 -1 -1 -1 -1 -1 -1 -1 -1 -1 -1 -1 -1 -1 -1 -1 -1 -1 -1 -1 -1 -1 -1 -1 -1 -1 -1 -1 -1 -1 -1 -1 -1 -1 -1 -1 -1 -1 -1 -1 -1 -1 -1 -1 -1 -1 -1 -1 -1 -1 -1 -1 -1 -1 -1 -1 -1 -1 -1 -1 -1 -1 -1 -1 -1 -1 -1 -1 -1 -1 -1 -1 -1 -1 -1 -1 -1 -1 -1 -1 -1 -1 -1 -1 -1 -1 -1 -1 -1 -1 -1 -1 -1 -1 -1 -1 -1 -1 -1 -1 -1 -1 -1 -1 -1 -1 -1 -1 -1 -1 -1 -72 -115 0 26 29 12 26 44 91 94 68 59 105 83 58 42 16 44 67 54 66 26 -128 -1 -1 -1 -1 -1 -1 -1 -1 -1 -1 -1 -1 -1 -1 -1 -1 -1 -1 -1 -1 -1 -1 -1 -1 -1 -1 -1 -1 -1 -1 -1 -1 -1 -1 -1 -1 -1 -1 -1 -1 -1 -1 -1 -1 -1 -1 -1 -1 -1 -1 -1 -1 -1 -1 -1 -1 -1 -1 -1 -1 -1 -1 -1 -1 -1 -1 -1 -1 -1 -1 -1 -1 -1 -1 -1 -1 -1 -1 -1 -1 -1 -1 -1 -1 -1 -1 -1 -1 -1 -1 -1 -1 -1 -1 -1 -1 -1 -1 -1 -1 -1 -1 -1 -1 -1 -1 -1 -1 -1 -1 -1 -1 -1 -1 -1 -1 -1 -1 -1 -1 -1 -1 -1 -1 -1 -1 -1 -1 -1 -1 -1 -1 -1 -1 -1 -1 -1 -1 -1 -1 -1 -1 -1 -1 -1 -1 -1 -1
-1 -1 -1 -1 -1 -1 -1 -1 -1 -1 -1 -1 -1 -1 -1 -1 -1 -1 -1 -1 -1 -1 -1 -1 -1 -96 0 32 25 42 59 45 30 37 74 62 36 76 77 78 100 65 66 73 61 33 25 22 29 41 60 39 25 36 85 108 105 102 104 90 91 114 114 110 112 112 112 111 96 94 90 87 81 79 91 88 74 72 82 91 100 113 105 90 72 71 105 97 84 70 81 107 89 76 91 108 110 88 93 106 108 105 102 76 66 90 105 107 95 91 83 94 84 99 101 74 93 100 106 78 88 84 60 12 62 74 93 111 91 90 67 43 54 45 60 100 93 104 96 97 93 94 99 101 108 112 99 68 81 96 107 105 104 100 111 97 104 114 106 99 68 2 76 87 91 48 54 77 85 89 95 100 100 81 45 27 21 21 21 21 21 21 31 31 -108 -128 -89 -128 -128 -55 -1 -1 -1 -1 -1 -1 -1 -1 -1 -1 -1 -1 -1 -1 -1 -1 -1 -1 -1 -1 -1 -1 -1 -1 -1 -1 -1 -1 -1 -1 -1 -1 -1 -1 -1 -1 -1 -1 -1 -1 -1 -1 -1 -1 -1 -1 -1 -1 -1 -1 -1 -1 -1 -1 -1 -1 -1 -1 -1 -1 -1 -1 -1 -1 -1 -1 -1 -1 -1 -1 -1 -1 -1 -1 -1 -1 -1 -1 -1 -1 -1 -1 -1 -1 -1 -1 -1 -1 -1 -1 -1 -1 -1 -1 -1 -1 -1 -1 -1 -1 -1 -1 -1 -1 -1 -1 -1 -1 -1 -1 -1 -1 -1 -1 -1 -1 -1 -1 -1 -1 -1 -1 -1 -1 -1 -1 -1 -1 -1 -1 -1 -1 -1 -1 -1 -1 -1 -1 -1 -1 -1 -1 -1 -1 -1 -1 -1 -1 -1 -1 -1 -1 -1 -32 -87 0 18 26 58 94 64 48 66 94 53 50 26 19 35 42 27 48 15 -128 -1 -1 -1 -1 -1 -1 -1 -1 -1 -1 -1 -1 -1 -1 -1 -1 -1 -1 -1 -1 -1 -1 -1 -1 -1 -1 -1 -1 -1 -1 -1 -1 -1 -1 -1 -1 -1 -1 -1 -1 -1 -1 -1 -1 -1 -1 -1 -1 -1 -1 -1 -1 -1 -1 -1 -1 -1 -1 -1 -1 -1 -1 -1 -1 -1 -1 -1 -1 -1 -1 -1 -1 -1 -1 -1 -1 -1 -1 -1 -1 -1 -1 -1 -1 -1 -1 -1 -1 -1 -1 -1 -1 -1 -1 -1 -1 -1 -1 -1 -1 -1 -1 -1 -1 -1 -1 -1 -1 -1 -1 -1 -1 -1 -1 -1 -1 -1 -1 -1 -1 -1 -1 -1 -1 -1 -1 -1 -1 -1 -1 -1 -1 -1 -1 -1 -1 -1 -1 -1 -1 -1 -1 -1 -1 -1 -1 -1 -1
-1 -1 -1 -1 -1 -1 -1 -1 -1 -1 -1 -1 -1 -1 -1 -1 -1 -1 -1 -1 -1 -1 -1 -1 -37 -111 18 29 39 48 58 56 50 71 58 27 16 21 61 89 89 43 21 31 31 18 14 0 18 16 25 12 21 21 42 79 95 106 111 111 104 99 88 96 93 84 97 94 95 101 97 95 99 94 78 56 60 91 96 82 88 110 106 113 100 62 90 88 74 55 95 100 74 61 88 114 108 93 97 107 100 96 90 58 62 64 76 96 83 88 77 104 101 88 105 94 87 100 113 83 78 50 41 6 41 58 71 81 99 113 105 68 52 0 15 21 89 91 89 84 85 97 110 110 113 113 95 78 96 116 111 105 97 88 107 90 88 90 100 72 0 1 87 116 107 90 85 99 95 89 108 112 111 91 58 52 58 43 19 15 21 29 15 31 -121 -49 -1 -42 -40 -1 -1 -1 -1 -1 -1 -1 -1 -1 -1 -22 -46 -1 -1 -1 -1 -1 -1 -1 -1 -1 -1 -1 -1 -1 -1 -1 -1 -1 -1 -1 -1 -1 -1 -1 -1 -1 -1 -1 -1 -1 -1 -1 -1 -1 -1 -1 -1 -1 -1 -1 -1 -1 -1 -1 -1 -1 -1 -1 -1 -1 -1 -1 -1 -1 -1 -1 -1 -1 -1 -1 -1 -1 -1 -1 -1 -1 -1 -1 -1 -1 -1 -1 -1 -1 -1 -1 -1 -1 -1 -1 -1 -1 -1 -1 -1 -1 -1 -1 -1 -1 -1 -1 -1 -1 -1 -1 -1 -1 -1 -1 -1 -1 -1 -1 -1 -1 -1 -1 -1 -1 -1 -1 -1 -1 -1 -1 -1 -1 -1 -1 -1 -1 -1 -1 -1 -1 -1 -1 -1 -1 -1 -1 -1 -1 -1 -1 -1 -1 -1 -1 -1 -1 -1 -1 -1 -92 0 32 67 73 36 37 67 59 41 54 25 25 54 29 15 19 0 -128 -9 -1 -1 -1 -1 -1 -1 -1 -1 -1 -1 -1 -1 -1 -1 -1 -1 -1 -1 -1 -1 -1 -1 -1 -1 -1 -1 -1 -1 -1 -1 -1 -1 -1 -1 -1 -1 -1 -1 -1 -1 -1 -1 -1 -1 -1 -1 -1 -1 -1 -1 -1 -1 -1 -1 -1 -1 -1 -1 -1 -1 -1 -1 -1 -1 -1 -1 -1 -1 -1 -1 -1 -1 -1 -1 -1 -1 -1 -1 -1 -1 -1 -1 -1 -1 -1 -1 -1 -1 -1 -1 -1 -1 -1 -1 -1 -1 -1 -1 -1 -1 -1 -1 -1 -1 -1 -1 -1 -1 -1 -1 -1 -1 -1 -1 -1 -1 -1 -1 -1 -1 -1 -1 -1 -1 -1 -1 -1 -1 -1 -1 -1 -1 -1 -1 -1 -1 -1 -1 -1 -1 -1 -1 -1 -1 -1 -1 -1
-1 -1 -1 -1 -1 -1 -1 -1 -1 -1 -1 -1 -1 -1 -1 -1 -1 -1 -1 -1 -1 -1 -1 -1 -31 -108 0 0 0 0 35 62 74 62 27 0 0 14 44 78 62 24 15 0 0 0 -115 -121 0 6 7 0 27 19 20 33 53 68 74 76 62 68 70 68 79 79 85 88 82 90 108 97 91 101 97 97 74 91 105 101 81 91 73 99 82 61 85 68 66 49 79 84 61 56 88 107 97 87 97 102 94 99 77 53 65 79 82 70 72 76 72 105 95 94 88 85 88 95 112 100 88 77 43 7 50 93 81 76 88 89 110 106 100 58 67 18 68 78 85 95 100 105 105 89 113 104 101 84 67 74 79 100 108 91 89 105 89 84 90 60 30 9 71 84 102 108 89 104 110 87 90 99 97 104 101 90 67 43 32 24 16 9 18 26 0 -128 -128 -1 -1 -1 -1 -1 -1 -1 -1 -1 -1 -1 -1 -1 -1 -1 -1 -1 -1 -1 -1 -1 -1 -1 -1 -1 -1 -1 -1 -1 -1 -1 -1 -1 -1 -1 -1 -1 -1 -1 -1 -1 -1 -1 -1 -1 -1 -1 -1 -1 -1 -1 -1 -1 -1 -1 -1 -1 -1 -1 -1 -1 -1 -1 -1 -1 -1 -1 -1 -1 -1 -1 -1 -1 -1 -1 -1 -1 -1 -1 -1 -1 -1 -1 -1 -1 -1 -1 -1 -1 -1 -1 -1 -1 -1 -1 -1 -1 -1 -1 -1 -1 -1 -1 -1 -1 -1 -1 -1 -1 -1 -1 -1 -1 -1 -1 -1 -1 -1 -1 -1 -1 -1 -1 -1 -1 -1 -1 -1 -1 -1 -1 -1 -1 -1 -1 -1 -1 -1 -1 -1 -1 -1 -1 -1 -1 -1 -1 -1 -1 -1 -1 -1 -1 -1 -1 -1 -1 -1 -16 -128 26 44 65 24 26 41 35 61 54 26 32 59 36 20 31 0 -55 -1 -1 -1 -1 -1 -1 -1 -1 -1 -1 -1 -1 -1 -1 -1 -1 -1 -1 -1 -1 -1 -1 -1 -1 -1 -1 -1 -1 -1 -1 -1 -1 -1 -1 -1 -1 -1 -1 -1 -1 -1 -1 -1 -1 -1 -1 -1 -1 -1 -1 -1 -1 -1 -1 -1 -1 -1 -1 -1 -1 -1 -1 -1 -1 -1 -1 -1 -1 -1 -1 -1 -1 -1 -1 -1 -1 -1 -1 -1 -1 -1 -1 -1 -1 -1 -1 -1 -1 -1 -1 -1 -1 -1 -1 -1 -1 -1 -1 -1 -1 -1 -1 -1 -1 -1 -1 -1 -1 -1 -1 -1 -1 -1 -1 -1 -1 -1 -1 -1 -1 -1 -1 -1 -1 -1 -1 -1 -1 -1 -1 -1 -1 -1 -1 -1 -1 -1 -1 -1 -1 -1 -1 -1 -1 -1 -1 -1 -1
-1 -1 -1 -1 -1 -1 -1 -1 -1 -1 -1 -1 -1 -1 -1 -1 -1 -1 -1 -1 -1 -1 -1 -1 -20 -96 -1 -20 -128 -125 0 32 68 29 15 -116 -121 0 22 68 41 15 -111 -108 -128 -128 -128 -92 -125 0 -128 -128 -112 0 3 18 31 41 44 38 35 33 54 45 66 68 73 67 60 72 97 88 71 82 99 111 102 94 89 112 95 96 67 67 59 60 81 64 48 42 70 84 60 56 77 105 85 78 76 95 93 102 82 54 85 108 105 85 72 94 96 110 97 105 111 107 111 108 113 117 88 70 32 10 56 96 91 97 108 73 97 100 99 110 104 70 22 82 105 112 113 111 114 104 106 114 100 70 84 84 99 87 94 99 85 91 96 101 107 53 30 74 100 84 94 116 95 99 112 105 96 107 110 96 100 73 38 22 20 25 21 29 35 29 20 0 -125 -77 -27 -3 -1 -1 -1 -1 -1 -1 -1 -1 -1 -1 -1 -1 -1 -1 -1 -1 -1 -1 -1 -1 -1 -1 -1 -1 -1 -1 -1 -1 -1 -1 -1 -1 -1 -1 -1 -1 -1 -1 -1 -1 -1 -1 -1 -1 -1 -1 -1 -1 -1 -1 -1 -1 -1 -1 -1 -1 -1 -1 -1 -1 -1 -1 -1 -1 -1 -1 -1 -1 -1 -1 -1 -1 -1 -1 -1 -1 -1 -1 -1 -1 -1 -1 -1 -1 -1 -1 -1 -1 -1 -1 -1 -1 -1 -1 -1 -1 -1 -1 -1 -1 -1 -1 -1 -1 -1 -1 -1 -1 -1 -1 -1 -1 -1 -1 -1 -1 -1 -1 -1 -1 -1 -1 -1 -1 -1 -1 -1 -1 -1 -1 -1 -1 -1 -1 -1 -1 -1 -1 -1 -1 -1 -1 -1 -1 -1 -1 -1 -1 -1 -1 -1 -1 -1 -1 -1 -1 -128 16 41 59 16 19 24 48 52 52 22 25 22 29 21 19 -128 -1 -1 -1 -1 -1 -1 -1 -1 -1 -1 -1 -1 -1 -1 -1 -1 -1 -1 -1 -1 -1 -1 -1 -1 -1 -1 -1 -1 -1 -1 -1 -1 -1 -1 -1 -1 -1 -1 -1 -1 -1 -1 -1 -1 -1 -1 -1 -1 -1 -1 -1 -1 -1 -1 -1 -1 -1 -1 -1 -1 -1 -1 -1 -1 -1 -1 -1 -1 -1 -1 -1 -1 -1 -1 -1 -1 -1 -1 -1 -1 -1 -1 -1 -1 -1 -1 -1 -1 -1 -1 -1 -1 -1 -1 -1 -1 -1 -1 -1 -1 -1 -1 -1 -1 -1 -1 -1 -1 -1 -1 -1 -1 -1 -1 -1 -1 -1 -1 -1 -1 -1 -1 -1 -1 -1 -1 -1 -1 -1 -1 -1 -1 -1 -1 -1 -1 -1 -1 -1 -1 -1 -1 -1 -1 -1 -1 -1 -1 -1
-1 -1 -1 -1 -1 -1 -1 -1 -1 -1 -1 -1 -1 -1 -1 -1 -1 -1 -1 -1 -1 -1 -1 -2 -13 -1 -1 -1 -1 -1 -128 13 29 39 0 -107 -1 -87 -126 0 0 0 -121 -83 -1 -16 -98 -2 -111 -98 -14 -1 -36 -94 0 21 18 29 31 22 16 27 45 30 49 44 27 29 45 62 72 74 56 65 67 82 96 78 72 95 81 62 59 45 42 58 81 70 44 39 64 85 68 48 70 89 83 70 45 62 72 66 60 62 96 110 83 94 87 102 111 107 104 111 99 93 106 94 104 93 76 16 3 52 96 107 96 88 88 101 89 85 97 93 45 24 2 47 88 107 105 90 97 99 78 96 93 89 107 96 99 95 88 90 81 77 79 94 94 48 7 16 87 107 96 113 106 97 114 108 108 113 101 90 81 52 19 15 21 25 19 18 25 25 33 14 9 0 -110 -128 -1 -1 -1 -1 -1 -1 -1 -1 -1 -1 -1 -1 -1 -1 -1 -1 -1 -1 -1 -1 -1 -1 -1 -1 -1 -1 -1 -1 -1 -1 -1 -1 -1 -1 -1 -1 -1 -1 -1 -1 -1 -1 -1 -1 -1 -1 -1 -1 -1 -1 -1 -1 -1 -1 -1 -1 -1 -1 -1 -1 -1 -1 -1 -1 -1 -1 -1 -1 -1 -1 -1 -1 -1 -1 -1 -1 -1 -1 -1 -1 -1 -1 -1 -1 -1 -1 -1 -1 -1 -1 -1 -1 -1 -1 -1 -1 -1 -1 -1 -1 -1 -1 -1 -1 -1 -1 -1 -1 -1 -1 -1 -1 -1 -1 -1 -1 -1 -1 -1 -1 -1 -1 -1 -1 -1 -1 -1 -1 -1 -1 -1 -1 -1 -1 -1 -1 -1 -1 -1 -1 -1 -1 -1 -1 -1 -1 -1 -1 -1 -1 -1 -1 -1 -1 -1 -1 -97 0 22 32 21 14 24 35 31 27 24 21 25 45 58 30 -128 -1 -1 -1 -1 -1 -1 -1 -1 -1 -1 -1 -1 -1 -1 -1 -1 -1 -1 -1 -1 -1 -1 -1 -1 -1 -1 -1 -1 -1 -1 -1 -1 -1 -1 -1 -1 -1 -1 -1 -1 -1 -1 -1 -1 -1 -1 -1 -1 -1 -1 -1 -1 -1 -1 -1 -1 -1 -1 -1 -1 -1 -1 -1 -1 -1 -1 -1 -1 -1 -1 -1 -1 -1 -1 -1 -1 -1 -1 -1 -1 -1 -1 -1 -1 -1 -1 -1 -1 -1 -1 -1 -1 -1 -1 -1 -1 -1 -1 -1 -1 -1 -1 -1 -1 -1 -1 -1 -1 -1 -1 -1 -1 -1 -1 -1 -1 -1 -1 -1 -1 -1 -1 -1 -1 -1 -1 -1 -1 -1 -1 -1 -1 -1 -1 -1 -1 -1 -1 -1 -1 -1 -1 -1 -1 -1 -1 -1 -1 -1
-1 -1 -1 -1 -1 -1 -1 -1 -1 -1 -1 -1 -1 -1 -1 -1 -1 -1 -1 -1 -1 -1 -1 -1 -1 -1 -1 -1 -1 -1 -49 -128 -128 0 0 -18 -1 -1 -1 -45 -54 -37 -1 -1 -1 -1 -34 -1 -1 -1 -64 -46 -49 -42 -112 8 13 16 21 16 20 42 55 47 36 33 0 6 41 37 29 45 52 56 52 67 84 72 56 76 62 47 55 43 41 68 89 77 55 37 42 58 38 37 42 44 48 41 52 48 45 50 65 77 112 105 91 106 112 104 112 101 104 108 106 71 74 72 49 20 3 45 60 45 59 62 96 102 89 79 64 14 84 99 26 37 19 10 101 108 87 64 73 82 74 62 70 89 113 106 111 108 101 93 100 93 78 70 67 26 12 8 79 101 112 117 108 111 113 93 96 101 91 91 78 61 47 27 32 38 18 33 58 21 19 25 31 0 -126 -87 -1 -1 -1 -1 -1 -1 -1 -1 -1 -1 -1 -1 -1 -1 -1 -1 -1 -1 -1 -1 -1 -1 -1 -1 -1 -1 -1 -1 -1 -1 -1 -1 -1 -1 -1 -1 -1 -1 -1 -1 -1 -1 -1 -1 -1 -1 -1 -1 -1 -1 -1 -1 -1 -1 -1 -1 -1 -1 -1 -1 -1 -1 -1 -1 -1 -1 -1 -1 -1 -1 -1 -1 -1 -1 -1 -1 -1 -1 -1 -1 -1 -1 -1 -1 -1 -1 -1 -1 -1 -1 -1 -1 -1 -1 -1 -1 -1 -1 -1 -1 -1 -1 -1 -1 -1 -1 -1 -1 -1 -1 -1 -1 -1 -1 -1 -1 -1 -1 -1 -1 -1 -1 -1 -1 -1 -1 -1 -1 -1 -1 -1 -1 -1 -1 -1 -1 -1 -1 -1 -1 -1 -1 -1 -1 -1 -1 -1 -1 -1 -1 -1 -1 -1 -1 -1 -1 -36 -105 16 24 19 21 24 18 15 21 29 24 47 62 48 0 -107 -1 -1 -1 -1 -1 -1 -1 -1 -1 -1 -1 -1 -1 -1 -1 -1 -1 -1 -1 -1 -1 -1 -1 -1 -1 -1 -1 -1 -1 -1 -1 -1 -1 -1 -1 -1 -1 -1 -1 -1 -1 -1 -1 -1 -1 -1 -1 -1 -1 -1 -1 -1 -1 -1 -1 -1 -1 -1 -1 -1 -1 -1 -1 -1 -1 -1 -1 -1 -1 -1 -1 -1 -1 -1 -1 -1 -1 -1 -1 -1 -1 -1 -1 -1 -1 -1 -1 -1 -1 -1 -1 -1 -1 -1 -1 -1 -1 -1 -1 -1 -1 -1 -1 -1 -1 -1 -1 -1 -1 -1 -1 -1 -1 -1 -1 -1 -1 -1 -1 -1 -1 -1 -1 -1 -1 -1 -1 -1 -1 -1 -1 -1 -1 -1 -1 -1 -1 -1 -1 -1 -1 -1 -1 -1 -1 -1 -1 -1 -1
-1 -1 -1 -1 -1 -1 -1 -1 -1 -1 -1 -1 -1 -1 -1 -1 -1 -1 -1 -1 -1 -1 -1 -1 -1 -1 -1 -1 -1 -1 -1 -1 -1 -75 -106 -1 -1 -1 -1 -1 -1 -1 -1 -1 -1 -1 -1 -1 -1 -77 -128 0 0 0 0 19 9 18 15 12 19 47 70 52 25 32 35 29 32 30 24 12 27 37 47 66 81 70 60 71 60 45 43 37 44 67 71 94 59 35 39 42 43 39 36 45 62 65 88 72 59 88 100 89 112 94 94 108 101 110 116 93 102 113 87 78 67 8 32 62 67 89 61 64 47 47 70 93 105 104 43 31 15 43 19 0 8 58 97 95 96 66 97 108 104 84 78 77 85 96 116 96 89 96 112 111 100 83 87 67 12 52 78 81 99 107 89 100 97 100 90 95 81 83 74 84 77 38 60 41 35 67 39 13 19 9 0 -128 -60 -1 -1 -1 -1 -1 -1 -1 -1 -1 -1 -1 -1 -1 -1 -1 -1 -1 -1 -1 -1 -1 -1 -1 -1 -1 -1 -1 -1 -1 -1 -1 -1 -1 -1 -1 -1 -1 -1 -1 -1 -1 -1 -1 -1 -1 -1 -1 -1 -1 -1 -1 -1 -1 -1 -1 -1 -1 -1 -1 -1 -1 -1 -1 -1 -1 -1 -1 -1 -1 -1 -1 -1 -1 -1 -1 -1 -1 -1 -1 -1 -1 -1 -1 -1 -1 -1 -1 -1 -1 -1 -1 -1 -1 -1 -1 -1 -1 -1 -1 -1 -1 -1 -1 -1 -1 -1 -1 -1 -1 -1 -1 -1 -1 -1 -1 -1 -1 -1 -1 -1 -1 -1 -1 -1 -1 -1 -1 -1 -1 -1 -1 -1 -1 -1 -1 -1 -1 -1 -1 -1 -1 -1 -1 -1 -1 -1 -1 -1 -1 -1 -1 -1 -1 -1 -1 -1 -1 -31 0 13 10 26 16 12 24 12 12 25 16 18 22 13 0 -34 -1 -1 -1 -1 -1 -1 -1 -1 -1 -1 -1 -1 -1 -1 -1 -1 -1 -1 -1 -1 -1 -1 -1 -1 -1 -1 -1 -1 -1 -1 -1 -1 -1 -1 -1 -1 -1 -1 -1 -1 -1 -1 -1 -1 -1 -1 -1 -1 -1 -1 -1 -1 -1 -1 -1 -1 -1 -1 -1 -1 -1 -1 -1 -1 -1 -1 -1 -1 -1 -1 -1 -1 -1 -1 -1 -1 -1 -1 -1 -1 -1 -1 -1 -1 -1 -1 -1 -1 -1 -1 -1 -1 -1 -1 -1 -1 -1 -1 -1 -1 -1 -1 -1 -1 -1 -1 -1 -1 -1 -1 -1 -1 -1 -1 -1 -1 -1 -1 -1 -1 -1 -1 -1 -1 -1 -1 -1 -1 -1 -1 -1 -1 -1 -1 -1 -1 -1 -1 -1 -1 -1 -1 -1 -1 -1 -1 -1 -1 -1
-1 -1 -1 -1 -1 -1 -1 -1 -1 -1 -1 -1 -1 -1 -1 -1 -1 -1 -1 -1 -1 -1 -1 -1 -1 -1 -1 -1 -1 -1 -1 -1 -1 -1 -1 -1 -1 -1 -1 -1 -1 -1 -1 -1 -1 -1 -1 -16 -128 -117 0 10 14 9 21 20 25 13 24 27 18 38 50 25 20 14 31 39 36 16 26 36 31 8 55 77 79 61 52 65 64 64 52 35 49 58 62 77 53 37 49 52 60 48 48 54 78 99 110 90 74 104 110 108 108 95 106 106 99 95 93 82 93 114 111 97 18 60 72 97 104 94 61 104 82 61 72 68 89 94 59 0 68 43 71 67 68 104 113 107 83 91 108 110 117 113 100 76 84 102 108 100 102 106 111 94 104 97 99 89 27 72 104 104 108 106 95 97 91 99 89 96 85 73 81 87 84 62 87 53 73 50 33 42 14 0 -93 -128 -128 -1 -1 -1 -1 -1 -1 -1 -1 -1 -1 -1 -1 -1 -1 -1 -1 -1 -1 -1 -1 -1 -1 -1 -1 -1 -1 -1 -1 -1 -1 -1 -1 -1 -1 -1 -1 -1 -1 -1 -1 -1 -1 -1 -1 -1 -1 -1 -1 -1 -1 -1 -1 -1 -1 -1 -1 -1 -1 -1 -1 -1 -1 -1 -1 -1 -1 -1 -1 -1 -1 -1 -1 -1 -1 -1 -1 -1 -1 -1 -1 -1 -1 -1 -1 -1 -1 -1 -1 -1 -1 -1 -1 -1 -1 -1 -1 -1 -1 -1 -1 -1 -1 -1 -1 -1 -1 -1 -1 -1 -1 -1 -1 -1 -1 -1 -1 -1 -1 -1 -1 -1 -1 -1 -1 -1 -1 -1 -1 -1 -1 -1 -1 -1 -1 -1 -1 -1 -1 -1 -1 -1 -1 -1 -1 -1 -1 -1 -1 -1 -1 -1 -1 -1 -1 -1 -1 -1 -103 0 0 -116 -108 -117 0 19 7 16 9 10 22 19 10 -103 -4 -1 -1 -1 -1 -1 -1 -1 -1 -1 -1 -1 -1 -1 -1 -1 -1 -1 -1 -1 -1 -1 -1 -1 -1 -1 -1 -1 -1 -1 -1 -1 -1 -1 -1 -1 -1 -1 -1 -1 -1 -1 -1 -1 -1 -1 -1 -1 -1 -1 -1 -1 -1 -1 -1 -1 -1 -1 -1 -1 -1 -1 -1 -1 -1 -1 -1 -1 -1 -1 -1 -1 -1 -1 -1 -1 -1 -1 -1 -1 -1 -1 -1 -1 -1 -1 -1 -1 -1 -1 -1 -1 -1 -1 -1 -1 -1 -1 -1 -1 -1 -1 -1 -1 -1 -1 -1 -1 -1 -1 -1 -1 -1 -1 -1 -1 -1 -1 -1 -1 -1 -1 -1 -1 -1 -1 -1 -1 -1 -1 -1 -1 -1 -1 -1 -1 -1 -1 -1 -1 -1 -1 -1 -1 -1 -1 -1 -1 -1 -1
-1 -1 -1 -1 -1 -1 -1 -1 -1 -1 -1 -1 -1 -1 -1 -1 -1 -1 -1 -1 -1 -1 -1 -1 -1 -1 -1 -1 -1 -1 -1 -1 -1 -1 -1 -1 -1 -1 -1 -1 -1 -1 -1 -1 -1 -1 -65 -121 0 9 27 19 25 22 33 24 36 25 30 27 48 48 66 49 33 26 31 26 36 26 20 37 31 30 41 55 62 56 42 47 70 61 52 42 42 47 43 64 60 38 44 67 91 87 73 74 104 110 95 99 81 104 106 84 88 90 99 102 112 100 77 56 81 99 35 32 79 106 106 97 112 84 85 105 108 96 105 91 94 76 61 21 44 96 83 89 107 101 93 71 91 99 107 96 91 87 105 96 79 99 106 105 110 107 114 96 88 84 79 79 49 37 93 99 99 95 99 82 83 82 84 97 81 73 83 84 102 106 100 84 61 59 65 58 26 0 -115 -64 -1 -1 -1 -1 -1 -1 -1 -1 -1 -1 -1 -1 -1 -1 -1 -1 -1 -1 -1 -1 -1 -1 -1 -1 -1 -1 -1 -1 -1 -1 -1 -1 -1 -1 -1 -1 -1 -1 -1 -1 -1 -1 -1 -1 -1 -1 -1 -1 -1 -1 -1 -1 -1 -1 -1 -1 -1 -1 -1 -1 -1 -1 -1 -1 -1 -1 -1 -1 -1 -1 -1 -1 -1 -1 -1 -1 -1 -1 -1 -1 -1 -1 -1 -1 -1 -1 -1 -1 -1 -1 -1 -1 -1 -1 -1 -1 -1 -1 -1 -1 -1 -1 -1 -1 -1 -1 -1 -1 -1 -1 -1 -1 -1 -1 -1 -1 -1 -1 -1 -1 -1 -1 -1 -1 -1 -1 -1 -1 -1 -1 -1 -1 -1 -1 -1 -1 -1 -1 -1 -1 -1 -1 -1 -1 -1 -1 -1 -1 -1 -1 -1 -1 -1 -1 -1 -1 -1 -1 -39 -128 -114 -1 -1 -4 -128 0 12 20 2 0 26 20 9 -128 -1 -1 -1 -1 -1 -1 -1 -1 -1 -1 -1 -1 -1 -1 -1 -1 -1 -1 -1 -1 -1 -1 -1 -1 -1 -1 -1 -1 -1 -1 -1 -1 -1 -1 -1 -1 -1 -1 -1 -1 -1 -1 -1 -1 -1 -1 -1 -1 -1 -1 -1 -1 -1 -1 -1 -1 -1 -1 -1 -1 -1 -1 -1 -1 -1 -1 -1 -1 -1 -1 -1 -1 -1 -1 -1 -1 -1 -1 -1 -1 -1 -1 -1 -1 -1 -1 -1 -1 -1 -1 -1 -1 -1 -1 -1 -1 -1 -1 -1 -1 -1 -1 -1 -1 -1 -1 -1 -1 -1 -1 -1 -1 -1 -1 -1 -1 -1 -1 -1 -1 -1 -1 -1 -1 -1 -1 -1 -1 -1 -1 -1 -1 -1 -1 -1 -1 -1 -1 -1 -1 -1 -1 -1 -1 -1 -1 -1 -1 -1 -1
-1 -1 -1 -1 -1 -1 -1 -1 -1 -1 -1 -1 -1 -1 -1 -1 -1 -1 -1 -1 -1 -1 -1 -1 -1 -1 -1 -1 -1 -1 -1 -1 -1 -1 -1 -1 -1 -1 -1 -1 -1 -1 -1 -1 -1 -91 0 4 16 16 21 3 0 31 36 37 27 22 27 49 54 48 49 47 32 32 25 25 36 31 31 30 0 2 21 4 20 25 45 36 47 50 66 55 45 42 35 39 48 32 52 97 105 113 105 84 100 104 87 105 108 111 101 70 91 108 114 106 111 108 73 0 14 16 84 105 105 107 110 104 97 95 89 105 105 90 107 110 106 100 53 0 15 100 102 90 106 90 76 90 93 108 112 113 96 73 79 74 78 94 94 93 113 101 106 97 106 108 95 106 60 22 71 79 77 79 88 77 78 79 82 78 88 73 72 90 100 100 73 64 42 50 65 38 10 24 -128 -44 -1 -1 -1 -1 -1 -1 -1 -1 -1 -1 -1 -1 -1 -1 -1 -1 -1 -1 -1 -1 -1 -1 -1 -1 -1 -1 -1 -1 -1 -1 -1 -1 -1 -1 -1 -1 -1 -1 -1 -1 -1 -1 -1 -1 -1 -1 -1 -1 -1 -1 -1 -1 -1 -1 -1 -1 -1 -1 -1 -1 -1 -1 -1 -1 -1 -1 -1 -1 -1 -1 -1 -1 -1 -1 -1 -1 -1 -1 -1 -1 -1 -1 -1 -1 -1 -1 -1 -1 -1 -1 -1 -1 -1 -1 -1 -1 -1 -1 -1 -1 -1 -1 -1 -1 -1 -1 -1 -1 -1 -1 -1 -1 -1 -1 -1 -1 -1 -1 -1 -1 -1 -1 -1 -1 -1 -1 -1 -1 -1 -1 -1 -1 -1 -1 -1 -1 -1 -1 -1 -1 -1 -1 -1 -1 -1 -1 -1 -1 -1 -1 -1 -1 -1 -1 -1 -1 -1 -1 -1 -1 -1 -1 -1 -1 -37 -128 0 0 3 0 10 22 14 -106 -1 -1 -1 -1 -1 -1 -1 -1 -1 -1 -1 -1 -1 -1 -1 -1 -1 -1 -1 -1 -1 -1 -1 -1 -1 -1 -1 -1 -1 -1 -1 -1 -1 -1 -1 -1 -1 -1 -1 -1 -1 -1 -1 -1 -1 -1 -1 -1 -1 -1 -1 -1 -1 -1 -1 -1 -1 -1 -1 -1 -1 -1 -1 -1 -1 -1 -1 -1 -1 -1 -1 -1 -1 -1 -1 -1 -1 -1 -1 -1 -1 -1 -1 -1 -1 -1 -1 -1 -1 -1 -1 -1 -1 -1 -1 -1 -1 -1 -1 -1 -1 -1 -1 -1 -1 -1 -1 -1 -1 -1 -1 -1 -1 -1 -1 -1 -1 -1 -1 -1 -1 -1 -1 -1 -1 -1 -1 -1 -1 -1 -1 -1 -1 -1 -1 -1 -1 -1 -1 -1 -1 -1 -1 -1 -1 -1 -1 -1 -1 -1
-1 -1 -1 -1 -1 -1 -1 -1 -1 -1 -1 -1 -1 -1 -1 -1 -1 -1 -1 -1 -1 -1 -1 -1 -1 -1 -1 -1 -1 -1 -1 -1 -1 -1 -1 -1 -1 -1 -1 -1 -1 -1 -1 -1 -1 -87 0 19 20 22 12 10 4 13 20 36 33 19 36 61 74 56 58 38 36 30 20 31 32 27 32 35 45 43 32 22 14 21 64 31 29 48 54 62 62 48 42 44 64 41 47 79 111 101 102 107 107 111 84 104 97 87 83 78 96 106 104 43 32 35 8 78 78 91 99 112 101 99 106 99 83 85 102 104 93 88 79 96 99 101 70 32 35 70 108 108 117 99 93 105 85 106 93 97 96 87 56 81 100 83 70 76 96 95 94 105 112 94 111 101 85 32 33 62 67 70 88 70 79 81 77 84 93 82 68 83 93 89 42 37 27 36 71 45 16 12 -128 -1 -1 -1 -1 -1 -1 -1 -1 -1 -1 -1 -1 -1 -1 -1 -1 -1 -1 -1 -1 -1 -1 -1 -1 -1 -1 -1 -1 -1 -1 -1 -1 -1 -1 -1 -1 -1 -1 -1 -1 -1 -1 -1 -1 -1 -1 -1 -1 -1 -1 -1 -1 -1 -1 -1 -1 -1 -1 -1 -1 -1 -1 -1 -1 -1 -1 -1 -1 -1 -1 -1 -1 -1 -1 -1 -1 -1 -1 -1 -1 -1 -1 -1 -1 -1 -1 -1 -1 -1 -1 -1 -1 -1 -1 -1 -1 -1 -1 -1 -1 -1 -1 -1 -1 -1 -1 -1 -1 -1 -1 -1 -1 -1 -1 -1 -1 -1 -1 -1 -1 -1 -1 -1 -1 -1 -1 -1 -1 -1 -1 -1 -1 -1 -1 -1 -1 -1 -1 -1 -1 -1 -1 -1 -1 -1 -1 -1 -1 -1 -1 -1 -1 -1 -1 -1 -1 -1 -1 -1 -1 -1 -1 -1 -1 60 -78 -116 -128 0 3 13 20 35 20 -106 -1 -1 -1 -1 -1 -1 -1 -1 -1 -1 -1 -1 -1 -1 -1 -1 -1 -1 -1 -1 -1 -1 -1 -1 -1 -1 -1 -1 -1 -1 -1 -1 -1 -1 -1 -1 -1 -1 -1 -1 -1 -1 -1 -1 -1 -1 -1 -1 -1 -1 -1 -1 -1 -1 -1 -1 -1 -1 -1 -1 -1 -1 -1 -1 -1 -1 -1 -1 -1 -1 -1 -1 -1 -1 -1 -1 -1 -1 -1 -1 -1 -1 -1 -1 -1 -1 -1 -1 -1 -1 -1 -1 -1 -1 -1 -1 -1 -1 -1 -1 -1 -1 -1 -1 -1 -1 -1 -1 -1 -1 -1 -1 -1 -1 -1 -1 -1 -1 -1 -1 -1 -1 -1 -1 -1 -1 -1 -1 -1 -1 -1 -1 -1 -1 -1 -1 -1 -1 -1 -1 -1 -1 -1 -1 -1 -1 -1 -1 -1 -1
-1 -1 -1 -1 -1 -1 -1 -1 -1 -1 -1 -1 -1 -1 -1 -1 -1 -1 -1 -1 -1 -1 -1 -1 -1 -1 -1 -1 -1 -1 -1 -1 -1 -1 -1 -1 -1 -1 -1 -1 -1 -1 -1 -1 -17 -128 0 14 19 16 24 26 21 18 19 22 0 21 25 49 67 43 35 31 33 20 13 19 29 35 39 32 41 31 21 24 14 26 45 45 36 45 41 59 70 71 44 41 37 30 37 81 88 78 108 102 107 106 73 65 83 87 101 100 96 48 37 55 89 81 90 95 99 95 90 110 112 91 94 102 104 83 106 104 81 108 102 106 101 87 87 47 14 55 110 82 95 78 89 91 89 97 94 110 107 83 61 94 114 101 89 95 76 89 90 79 84 90 82 77 64 41 31 72 89 77 78 66 78 73 71 81 79 71 68 87 90 87 48 24 21 20 27 18 24 18 -128 -54 -128 -128 -8 -1 -1 -1 -1 -1 -1 -1 -1 -1 -1 -1 -1 -1 -1 -1 -1 -1 -1 -1 -1 -1 -1 -1 -1 -1 -1 -1 -1 -1 -1 -1 -1 -1 -1 -1 -1 -1 -1 -1 -1 -1 -1 -1 -1 -1 -1 -1 -1 -1 -1 -1 -1 -1 -1 -1 -1 -1 -1 -1 -1 -1 -1 -1 -1 -1 -1 -1 -1 -1 -1 -1 -1 -1 -1 -1 -1 -1 -1 -1 -1 -1 -1 -1 -1 -1 -1 -1 -1 -1 -1 -1 -1 -1 -1 -1 -1 -1 -1 -1 -1 -1 -1 -1 -1 -1 -1 -1 -1 -1 -1 -1 -1 -1 -1 -1 -1 -1 -1 -1 -1 -1 -1 -1 -1 -1 -1 -1 -1 -1 -1 -1 -1 -1 -1 -1 -1 -1 -1 -1 -1 -1 -1 -1 -1 -1 -1 -1 -1 -1 -1 -1 -1 -1 -1 -1 -1 -1 -1 -1 -1 -1 -1 -1 -35 -116 13 29 27 33 14 -101 -1 -1 -1 -1 -1 -1 -1 -1 -1 -1 -1 -1 -1 -1 -1 -1 -1 -1 -1 -1 -1 -1 -1 -1 -1 -1 -1 -1 -1 -1 -1 -1 -1 -1 -1 -1 -1 -1 -1 -1 -1 -1 -1 -1 -1 -1 -1 -1 -1 -1 -1 -1 -1 -1 -1 -1 -1 -1 -1 -1 -1 -1 -1 -1 -1 -1 -1 -1 -1 -1 -1 -1 -1 -1 -1 -1 -1 -1 -1 -1 -1 -1 -1 -1 -1 -1 -1 -1 -1 -1 -1 -1 -1 -1 -1 -1 -1 -1 -1 -1 -1 -1 -1 -1 -1 -1 -1 -1 -1 -1 -1 -1 -1 -1 -1 -1 -1 -1 -1 -1 -1 -1 -1 -1 -1 -1 -1 -1 -1 -1 -1 -1 -1 -1 -1 -1 -1 -1 -1 -1 -1 -1 -1 -1 -1 -1 -1 -1 -1 -1
-1 -1 -1 -1 -1 -1 -1 -1 -1 -1 -1 -1 -1 -1 -1 -1 -1 -1 -1 -1 -1 -1 -1 -1 -1 -1 -1 -1 -1 -1 -1 -1 -1 -1 -1 -1 -1 -1 -1 -1 -1 -1 -1 -11 -128 -128 -125 2 15 8 19 20 31 32 16 0 0 29 26 44 38 22 20 36 32 27 33 38 45 74 55 39 33 22 29 27 0 0 21 25 32 32 36 36 60 66 70 62 52 32 35 44 41 53 72 83 94 107 96 74 64 82 87 18 29 89 97 91 87 87 82 90 78 76 106 105 95 83 74 95 73 93 111 97 79 93 94 113 110 101 91 12 8 42 78 93 106 91 101 82 96 111 108 99 82 67 82 99 97 101 110 106 70 96 113 95 91 84 78 71 78 50 9 45 83 70 73 62 72 85 82 71 67 66 78 91 90 87 53 22 13 24 33 36 30 27 0 -122 0 -124 -1 -1 -1 -1 -1 -1 -1 -1 -1 -1 -1 -1 -1 -1 -1 -1 -1 -1 -1 -1 -1 -1 -1 -1 -1 -1 -1 -1 -1 -1 -1 -1 -1 -1 -1 -1 -1 -1 -1 -1 -1 -1 -1 -1 -1 -1 -1 -1 -1 -1 -1 -1 -1 -1 -1 -1 -1 -1 -1 -1 -1 -1 -1 -1 -1 -1 -1 -1 -1 -1 -1 -1 -1 -1 -1 -1 -1 -1 -1 -1 -1 -1 -1 -1 -1 -1 -1 -1 -1 -1 -1 -1 -1 -1 -1 -1 -1 -1 -1 -1 -1 -1 -1 -1 -1 -1 -1 -1 -1 -1 -1 -1 -1 -1 -1 -1 -1 -1 -1 -1 -1 -1 -1 -1 -1 -1 -1 -1 -1 -1 -1 -1 -1 -1 -1 -1 -1 -1 -1 -1 -1 -1 -1 -1 -1 -1 -1 -1 -1 -1 -1 -1 -1 -1 -1 -1 -1 -1 -1 -1 -1 -1 -1 -1 -1 -87 0 16 26 41 3 -97 -1 -1 -1 -1 -1 -1 -1 -1 -1 -1 -1 -1 -1 -1 -1 -1 -1 -1 -1 -1 -1 -1 -1 -1 -1 -1 -1 -1 -1 -1 -1 -1 -1 -1 -1 -1 -1 -1 -1 -1 -1 -1 -1 -1 -1 -1 -1 -1 -1 -1 -1 -1 -1 -1 -1 -1 -1 -1 -1 -1 -1 -1 -1 -1 -1 -1 -1 -1 -1 -1 -1 -1 -1 -1 -1 -1 -1 -1 -1 -1 -1 -1 -1 -1 -1 -1 -1 -1 -1 -1 -1 -1 -1 -1 -1 -1 -1 -1 -1 -1 -1 -1 -1 -1 -1 -1 -1 -1 -1 -1 -1 -1 -1 -1 -1 -1 -1 -1 -1 -1 -1 -1 -1 -1 -1 -1 -1 -1 -1 -1 -1 -1 -1 -1 -1 -1 -1 -1 -1 -1 -1 -1 -1 -1 -1 -1 -1 -1 -1 -1
-1 -1 -1 -1 -1 -1 -1 -1 -1 -1 -1 -1 -1 -1 -1 -1 -1 -1 -1 -1 -1 -1 -1 -1 -1 -1 -1 -1 -1 -1 -1 -1 -1 -1 -1 -1 -1 -1 -1 -1 -1 -1 -1 -17 -128 -128 -67 -128 -125 0 6 9 20 18 15 0 -128 0 35 31 9 6 18 24 20 31 42 62 93 102 79 71 52 37 24 14 10 0 0 0 22 29 39 41 47 53 90 60 33 37 35 38 56 72 67 64 79 107 108 104 90 88 26 91 89 91 101 99 76 73 65 93 70 72 100 94 101 102 85 67 77 108 96 95 72 79 85 106 93 94 93 50 61 41 6 93 110 85 93 74 94 104 108 107 81 99 68 74 101 96 108 94 74 81 106 110 108 95 100 91 76 68 45 3 45 79 65 68 88 90 94 81 72 67 78 89 79 89 56 21 21 25 19 22 27 30 20 16 0 -46 -1 -1 -1 -1 -1 -1 -1 -1 -1 -1 -1 -1 -1 -1 -1 -1 -1 -1 -1 -1 -1 -1 -1 -1 -1 -1 -1 -1 -1 -1 -1 -1 -1 -1 -1 -1 -1 -1 -1 -1 -1 -1 -1 -1 -1 -1 -1 -1 -1 -1 -1 -1 -1 -1 -1 -1 -1 -1 -1 -1 -1 -1 -1 -1 -1 -1 -1 -1 -1 -1 -1 -1 -1 -1 -1 -1 -1 -1 -1 -1 -1 -1 -1 -1 -1 -1 -1 -1 -1 -1 -1 -1 -1 -1 -1 -1 -1 -1 -1 -1 -1 -1 -1 -1 -1 -1 -1 -1 -1 -1 -1 -1 -1 -1 -1 -1 -1 -1 -1 -1 -1 -1 -1 -1 -1 -1 -1 -1 -1 -1 -1 -1 -1 -1 -1 -1 -1 -1 -1 -1 -1 -1 -1 -1 -1 -1 -1 -1 -1 -1 -1 -1 -1 -1 -1 -1 -1 -1 -1 -1 -1 -1 -1 -1 -1 -1 -128 4 27 38 0 -78 -1 -1 -1 -1 -1 -1 -1 -1 -1 -1 -1 -1 -1 -1 -1 -1 -1 -1 -1 -1 -1 -1 -1 -1 -1 -1 -1 -1 -1 -1 -1 -1 -1 -1 -1 -1 -1 -1 -1 -1 -1 -1 -1 -1 -1 -1 -1 -1 -1 -1 -1 -1 -1 -1 -1 -1 -1 -1 -1 -1 -1 -1 -1 -1 -1 -1 -1 -1 -1 -1 -1 -1 -1 -1 -1 -1 -1 -1 -1 -1 -1 -1 -1 -1 -1 -1 -1 -1 -1 -1 -1 -1 -1 -1 -1 -1 -1 -1 -1 -1 -1 -1 -1 -1 -1 -1 -1 -1 -1 -1 -1 -1 -1 -1 -1 -1 -1 -1 -1 -1 -1 -1 -1 -1 -1 -1 -1 -1 -1 -1 -1 -1 -1 -1 -1 -1 -1 -1 -1 -1 -1 -1 -1 -1 -1 -1 -1 -1 -1 -1
-1 -1 -1 -1 -1 -1 -1 -1 -1 -1 -1 -1 -1 -1 -1 -1 -1 -1 -1 -1 -1 -1 -1 -1 -1 -1 -1 -1 -1 -1 -1 -1 -1 -1 -1 -1 -1 -1 -1 -1 -1 -1 -1 -7 -128 -128 -54 -1 -1 -84 0 0 0 0 0 -125 -124 0 18 10 14 21 12 20 21 50 66 83 112 97 107 97 72 41 49 30 18 25 13 8 13 16 24 33 33 49 59 26 21 21 22 37 71 100 100 97 105 112 93 100 94 101 32 87 83 73 95 91 68 59 65 100 88 52 66 82 94 108 77 56 82 102 102 87 58 66 65 91 76 83 108 101 101 66 9 72 95 106 102 74 78 105 94 100 100 105 99 85 105 101 93 111 95 96 105 101 108 107 100 85 82 76 67 26 54 71 62 67 83 95 84 78 73 64 83 85 77 85 41 16 16 24 18 13 20 18 22 32 0 -92 -1 -1 -1 -1 -1 -1 -1 -1 -1 -1 -1 -1 -1 -1 -1 -1 -1 -1 -1 -1 -1 -1 -1 -1 -1 -1 -1 -1 -1 -1 -1 -1 -1 -1 -1 -1 -1 -1 -1 -1 -1 -1 -1 -1 -1 -1 -1 -1 -1 -1 -1 -1 -1 -1 -1 -1 -1 -1 -1 -1 -1 -1 -1 -1 -1 -1 -1 -1 -1 -1 -1 -1 -1 -1 -1 -1 -1 -1 -1 -1 -1 -1 -1 -1 -1 -1 -1 -1 -1 -1 -1 -1 -1 -1 -1 -1 -1 -1 -1 -1 -1 -1 -1 -1 -1 -1 -1 -1 -1 -1 -1 -1 -1 -1 -1 -1 -1 -1 -1 -1 -1 -1 -1 -1 -1 -1 -1 -1 -1 -1 -1 -1 -1 -1 -1 -1 -1 -1 -1 -1 -1 -1 -1 -1 -1 -1 -1 -1 -1 -1 -1 -1 -1 -1 -1 -1 -1 -1 -1 -1 -1 -1 -1 -1 -1 -1 -128 -128 19 32 0 -98 -1 -1 -1 -1 -1 -1 -1 -1 -1 -1 -1 -1 -1 -1 -1 -1 -1 -1 -1 -1 -1 -1 -1 -1 -1 -1 -1 -1 -1 -1 -1 -1 -1 -1 -1 -1 -1 -1 -1 -1 -1 -1 -1 -1 -1 -1 -1 -1 -1 -1 -1 -1 -1 -1 -1 -1 -1 -1 -1 -1 -1 -1 -1 -1 -1 -1 -1 -1 -1 -1 -1 -1 -1 -1 -1 -1 -1 -1 -1 -1 -1 -1 -1 -1 -1 -1 -1 -1 -1 -1 -1 -1 -1 -1 -1 -1 -1 -1 -1 -1 -1 -1 -1 -1 -1 -1 -1 -1 -1 -1 -1 -1 -1 -1 -1 -1 -1 -1 -1 -1 -1 -1 -1 -1 -1 -1 -1 -1 -1 -1 -1 -1 -1 -1 -1 -1 -1 -1 -1 -1 -1 -1 -1 -1 -1 -1 -1 -1 -1 -1
-1 -1 -1 -1 -1 -1 -1 -1 -1 -1 -1 -1 -1 -1 -1 -1 -1 -1 -1 -1 -1 -1 -1 -1 -1 -1 -1 -1 -1 -1 -1 -1 -1 -1 -1 -1 -1 -1 -1 -1 -1 -1 -1 -100 -128 -28 -1 -1 -1 -61 -128 -128 -92 -81 -36 -1 -101 4 38 36 36 25 18 14 21 38 64 97 102 90 104 105 87 77 76 60 50 38 16 21 22 8 15 0 9 37 36 16 31 53 45 60 89 107 111 110 95 87 77 70 82 61 56 89 79 62 77 85 84 67 62 93 74 47 56 85 84 100 65 65 105 108 112 90 97 95 68 59 61 76 91 106 96 78 49 20 14 45 74 72 81 88 101 91 93 111 101 94 110 106 90 97 91 112 91 102 100 106 100 84 81 73 71 22 59 58 66 62 68 73 81 82 68 66 90 76 85 90 55 42 36 53 53 41 29 22 47 65 29 -122 -56 -1 -1 -1 -1 -1 -1 -1 -1 -1 -1 -1 -1 -1 -1 -1 -1 -1 -1 -1 -1 -1 -1 -1 -1 -1 -1 -1 -1 -1 -1 -1 -1 -1 -1 -1 -1 -1 -1 -1 -1 -1 -1 -1 -1 -1 -1 -1 -1 -1 -1 -1 -1 -1 -1 -1 -1 -1 -1 -1 -1 -1 -1 -1 -1 -1 -1 -1 -1 -1 -1 -1 -1 -1 -1 -1 -1 -1 -1 -1 -1 -1 -1 -1 -1 -1 -1 -1 -1 -1 -1 -1 -1 -1 -1 -1 -1 -1 -1 -1 -1 -1 -1 -1 -1 -1 -1 -1 -1 -1 -1 -1 -1 -1 -1 -1 -1 -1 -1 -1 -1 -1 -1 -1 -1 -1 -1 -1 -1 -1 -1 -1 -1 -1 -1 -1 -1 -1 -1 -1 -1 -1 -1 -1 -1 -1 -1 -1 -1 -1 -1 -1 -1 -1 -1 -1 -1 -1 -1 -1 -1 -1 -1 -1 -1 -1 -69 -128 16 31 0 -114 -1 -1 -1 -1 -1 -1 -1 -1 -1 -1 -1 -1 -1 -1 -1 -1 -1 -1 -1 -1 -1 -1 -1 -1 -1 -1 -1 -1 -1 -1 -1 -1 -1 -1 -1 -1 -1 -1 -1 -1 -1 -1 -1 -1 -1 -1 -1 -1 -1 -1 -1 -1 -1 -1 -1 -1 -1 -1 -1 -1 -1 -1 -1 -1 -1 -1 -1 -1 -1 -1 -1 -1 -1 -1 -1 -1 -1 -1 -1 -1 -1 -1 -1 -1 -1 -1 -1 -1 -1 -1 -1 -1 -1 -1 -1 -1 -1 -1 -1 -1 -1 -1 -1 -1 -1 -1 -1 -1 -1 -1 -1 -1 -1 -1 -1 -1 -1 -1 -1 -1 -1 -1 -1 -1 -1 -1 -1 -1 -1 -1 -1 -1 -1 -1 -1 -1 -1 -1 -1 -1 -1 -1 -1 -1 -1 -1 -1 -1 -1 -1
-1 -1 -1 -1 -1 -1 -1 -1 -1 -1 -1 -1 -1 -1 -1 -1 -1 -1 -1 -1 -1 -1 -1 -1 -1 -1 -1 -1 -1 -1 -1 -1 -1 -1 -1 -1 -1 -1 -1 -1 -1 -1 -9 -128 -92 -1 -1 -1 -1 -1 -1 -1 -1 -30 -63 -126 0 22 66 85 67 24 29 24 43 72 70 93 101 89 84 81 78 87 84 73 65 65 43 14 24 0 0 9 0 9 19 19 26 50 84 101 112 91 96 101 87 93 62 53 42 55 96 101 79 60 47 77 56 41 43 74 93 50 49 83 76 97 74 54 91 94 93 95 95 95 91 84 93 88 70 82 91 106 106 87 30 56 79 66 106 96 84 94 111 113 100 91 94 100 105 87 104 107 94 99 85 106 110 112 93 71 72 27 27 21 37 56 65 83 81 66 61 77 78 76 90 104 101 90 70 72 91 48 15 30 20 25 8 -128 -111 -1 -1 -1 -1 -1 -1 -1 -1 -1 -1 -1 -1 -1 -1 -1 -1 -1 -1 -1 -1 -1 -1 -1 -1 -1 -1 -1 -1 -1 -1 -1 -1 -1 -1 -1 -1 -1 -1 -1 -1 -1 -1 -1 -1 -1 -1 -1 -1 -1 -1 -1 -1 -1 -1 -1 -1 -1 -1 -1 -1 -1 -1 -1 -1 -1 -1 -1 -1 -1 -1 -1 -1 -1 -1 -1 -1 -1 -1 -1 -1 -1 -1 -1 -1 -1 -1 -1 -1 -1 -1 -1 -1 -1 -1 -1 -1 -1 -1 -1 -1 -1 -1 -1 -1 -1 -1 -1 -1 -1 -1 -1 -1 -1 -1 -1 -1 -1 -1 -1 -1 -1 -1 -1 -1 -1 -1 -1 -1 -1 -1 -1 -1 -1 -1 -1 -1 -1 -1 -1 -1 -1 -1 -1 -1 -1 -1 -1 -1 -1 -1 -1 -1 -1 -1 -1 -1 -1 -1 -1 -1 -1 -1 -1 -1 -1 -1 -84 0 22 -119 -34 -1 -1 -1 -1 -1 -1 -1 -1 -1 -1 -1 -1 -1 -1 -1 -1 -1 -1 -1 -1 -1 -1 -1 -1 -1 -1 -1 -1 -1 -1 -1 -1 -1 -1 -1 -1 -1 -1 -1 -1 -1 -1 -1 -1 -1 -1 -1 -1 -1 -1 -1 -1 -1 -1 -1 -1 -1 -1 -1 -1 -1 -1 -1 -1 -1 -1 -1 -1 -1 -1 -1 -1 -1 -1 -1 -1 -1 -1 -1 -1 -1 -1 -1 -1 -1 -1 -1 -1 -1 -1 -1 -1 -1 -1 -1 -1 -1 -1 -1 -1 -1 -1 -1 -1 -1 -1 -1 -1 -1 -1 -1 -1 -1 -1 -1 -1 -1 -1 -1 -1 -1 -1 -1 -1 -1 -1 -1 -1 -1 -1 -1 -1 -1 -1 -1 -1 -1 -1 -1 -1 -1 -1 -1 -1 -1 -1 -1 -1 -1 -1
-1 -1 -1 -1 -1 -1 -1 -1 -1 -1 -1 -1 -1 -1 -1 -1 -1 -1 -1 -1 -1 -1 -1 -1 -1 -1 -1 -1 -1 -1 -1 -1 -1 -1 -1 -1 -1 -1 -1 -1 -1 -1 -1 -11 -1 -1 -1 -1 -1 -1 -1 -1 -63 -128 0 13 33 20 47 77 45 18 27 33 60 87 95 87 85 102 79 77 78 67 72 62 49 42 38 36 35 31 24 22 0 0 4 6 9 20 54 72 78 58 59 59 65 71 41 41 24 84 70 93 77 68 52 38 42 39 59 81 67 33 47 85 74 106 105 71 53 72 106 107 100 76 102 90 90 101 93 74 87 91 93 81 43 43 82 64 100 105 108 110 113 93 87 85 102 105 89 88 104 101 106 113 93 99 102 97 100 100 89 74 37 32 2 22 73 88 76 62 62 82 77 71 74 89 89 81 102 99 66 47 20 25 29 0 -128 -61 -1 -1 -1 -1 -1 -1 -1 -1 -1 -1 -1 -1 -1 -1 -1 -1 -1 -1 -1 -1 -1 -1 -1 -1 -1 -1 -1 -1 -1 -1 -1 -1 -1 -1 -1 -1 -1 -1 -1 -1 -1 -1 -1 -1 -1 -1 -1 -1 -1 -1 -1 -1 -1 -1 -1 -1 -1 -1 -1 -1 -1 -1 -1 -1 -1 -1 -1 -1 -1 -1 -1 -1 -1 -1 -1 -1 -1 -1 -1 -1 -1 -1 -1 -1 -1 -1 -1 -1 -1 -1 -1 -1 -1 -1 -1 -1 -1 -1 -1 -1 -1 -1 -1 -1 -1 -1 -1 -1 -1 -1 -1 -1 -1 -1 -1 -1 -1 -1 -1 -1 -1 -1 -1 -1 -1 -1 -1 -1 -1 -1 -1 -1 -1 -1 -1 -1 -1 -1 -1 -1 -1 -1 -1 -1 -1 -1 -1 -1 -1 -1 -1 -1 -1 -1 -1 -1 -1 -1 -1 -1 -1 -1 -1 -1 -1 -1 -1 -1 -117 15 -124 -60 -1 -1 -1 -1 -1 -1 -1 -1 -1 -1 -1 -1 -1 -1 -1 -1 -1 -1 -1 -1 -1 -1 -1 -1 -1 -1 -1 -1 -1 -1 -1 -1 -1 -1 -1 -1 -1 -1 -1 -1 -1 -1 -1 -1 -1 -1 -1 -1 -1 -1 -1 -1 -1 -1 -1 -1 -1 -1 -1 -1 -1 -1 -1 -1 -1 -1 -1 -1 -1 -1 -1 -1 -1 -1 -1 -1 -1 -1 -1 -1 -1 -1 -1 -1 -1 -1 -1 -1 -1 -1 -1 -1 -1 -1 -1 -1 -1 -1 -1 -1 -1 -1 -1 -1 -1 -1 -1 -1 -1 -1 -1 -1 -1 -1 -1 -1 -1 -1 -1 -1 -1 -1 -1 -1 -1 -1 -1 -1 -1 -1 -1 -1 -1 -1 -1 -1 -1 -1 -1 -1 -1 -1 -1 -1 -1 -1 -1 -1 -1 -1
-1 -1 -1 -1 -1 -1 -1 -1 -1 -1 -1 -1 -1 -1 -1 -1 -1 -1 -1 -1 -1 -1 -1 -1 -1 -1 -1 -1 -1 -1 -1 -1 -1 -1 -1 -1 -1 -1 -1 -1 -1 -1 -1 -1 -1 -1 -1 -1 -1 -1 -1 -1 -60 -120 0 3 33 20 21 29 24 24 24 24 27 35 35 43 68 97 87 82 72 60 54 53 47 48 38 38 36 33 29 21 13 0 0 0 0 0 30 53 42 41 37 41 49 37 33 52 15 77 64 77 90 70 48 48 53 47 47 50 45 37 43 64 64 72 101 93 55 50 77 106 102 73 79 97 73 87 93 105 100 93 81 71 10 53 83 55 68 93 102 106 101 87 111 97 96 102 111 83 83 99 105 100 94 87 110 102 93 93 83 72 76 65 43 0 70 76 66 62 73 74 88 87 66 73 72 85 94 96 84 59 26 14 13 -124 -35 -1 -1 -1 -1 -1 -1 -1 -1 -1 -1 -1 -1 -1 -1 -1 -1 -1 -1 -1 -1 -1 -1 -1 -1 -1 -1 -1 -1 -1 -1 -1 -1 -1 -1 -1 -1 -1 -1 -1 -1 -1 -1 -1 -1 -1 -1 -1 -1 -1 -1 -1 -1 -1 -1 -1 -1 -1 -1 -1 -1 -1 -1 -1 -1 -1 -1 -1 -1 -1 -1 -1 -1 -1 -1 -1 -1 -1 -1 -1 -1 -1 -1 -1 -1 -1 -1 -1 -1 -1 -1 -1 -1 -1 -1 -1 -1 -1 -1 -1 -1 -1 -1 -1 -1 -1 -1 -1 -1 -1 -1 -1 -1 -1 -1 -1 -1 -1 -1 -1 -1 -1 -1 -1 -1 -1 -1 -1 -1 -1 -1 -1 -1 -1 -1 -1 -1 -1 -1 -1 -1 -1 -1 -1 -1 -1 -1 -1 -1 -1 -1 -1 -1 -1 -1 -1 -1 -1 -1 -1 -1 -1 -1 -1 -1 -1 -1 -1 -1 -1 -114 -110 -128 -17 -1 -1 -1 -1 -1 -1 -1 -1 -1 -1 -1 -1 -1 -1 -1 -1 -1 -1 -1 -1 -1 -1 -1 -1 -1 -1 -1 -1 -1 -1 -1 -1 -1 -1 -1 -1 -1 -1 -1 -1 -1 -1 -1 -1 -1 -1 -1 -1 -1 -1 -1 -1 -1 -1 -1 -1 -1 -1 -1 -1 -1 -1 -1 -1 -1 -1 -1 -1 -1 -1 -1 -1 -1 -1 -1 -1 -1 -1 -1 -1 -1 -1 -1 -1 -1 -1 -1 -1 -1 -1 -1 -1 -1 -1 -1 -1 -1 -1 -1 -1 -1 -1 -1 -1 -1 -1 -1 -1 -1 -1 -1 -1 -1 -1 -1 -1 -1 -1 -1 -1 -1 -1 -1 -1 -1 -1 -1 -1 -1 -1 -1 -1 -1 -1 -1 -1 -1 -1 -1 -1 -1 -1 -1 -1 -1 -1 -1 -1 -1 -1
-1 -1 -1 -1 -1 -1 -1 -1 -1 -1 -1 -1 -1 -1 -1 -1 -1 -1 -1 -1 -1 -1 -1 -1 -1 -1 -1 -1 -1 -1 -1 -1 -1 -1 -1 -1 -1 -1 -1 -1 -1 -1 -1 -1 -1 -54 -1 -1 -1 -1 -1 -1 -65 -42 -37 -128 19 18 16 22 18 33 26 18 18 0 0 6 43 49 53 55 67 78 67 81 83 72 65 56 37 31 24 15 24 12 6 0 0 0 30 42 32 37 43 33 31 26 55 20 50 61 70 58 83 70 81 83 90 66 54 41 33 32 52 53 36 62 91 61 39 47 61 100 97 68 50 60 68 77 88 108 99 95 73 59 49 7 29 59 74 96 111 102 106 104 108 110 95 88 91 93 72 96 100 85 99 78 94 105 94 85 83 79 68 42 7 43 68 77 66 60 70 79 91 70 67 65 73 81 78 81 85 65 27 20 21 -128 -106 -8 -1 -1 -1 -1 -1 -1 -1 -1 -1 -1 -1 -1 -1 -1 -1 -1 -1 -1 -1 -1 -1 -1 -1 -1 -1 -1 -1 -1 -1 -1 -1 -1 -1 -1 -1 -1 -1 -1 -1 -1 -1 -1 -1 -1 -1 -1 -1 -1 -1 -1 -1 -1 -1 -1 -1 -1 -1 -1 -1 -1 -1 -1 -1 -1 -1 -1 -1 -1 -1 -1 -1 -1 -1 -1 -1 -1 -1 -1 -1 -1 -1 -1 -1 -1 -1 -1 -1 -1 -1 -1 -1 -1 -1 -1 -1 -1 -1 -1 -1 -1 -1 -1 -1 -1 -1 -1 -1 -1 -1 -1 -1 -1 -1 -1 -1 -1 -1 -1 -1 -1 -1 -1 -1 -1 -1 -1 -1 -1 -1 -1 -1 -1 -1 -1 -1 -1 -1 -1 -1 -1 -1 -1 -1 -1 -1 -1 -1 -1 -1 -1 -1 -1 -1 -1 -1 -1 -1 -1 -1 -1 -1 -1 -1 -1 -1 -1 -1 -1 -27 -128 -59 -1 -1 -1 -1 -1 -1 -1 -1 -1 -1 -1 -1 -1 -1 -1 -1 -1 -1 -1 -1 -1 -1 -1 -1 -1 -1 -1 -1 -1 -1 -1 -1 -1 -1 -1 -1 -1 -1 -1 -1 -1 -1 -1 -1 -1 -1 -1 -1 -1 -1 -1 -1 -1 -1 -1 -1 -1 -1 -1 -1 -1 -1 -1 -1 -1 -1 -1 -1 -1 -1 -1 -1 -1 -1 -1 -1 -1 -1 -1 -1 -1 -1 -1 -1 -1 -1 -1 -1 -1 -1 -1 -1 -1 -1 -1 -1 -1 -1 -1 -1 -1 -1 -1 -1 -1 -1 -1 -1 -1 -1 -1 -1 -1 -1 -1 -1 -1 -1 -1 -1 -1 -1 -1 -1 -1 -1 -1 -1 -1 -1 -1 -1 -1 -1 -1 -1 -1 -1 -1 -1 -1 -1 -1 -1 -1 -1 -1 -1 -1 -1 -1
-1 -1 -1 -1 -1 -1 -1 -1 -1 -1 -1 -1 -1 -1 -1 -1 -1 -1 -1 -1 -1 -1 -1 -1 -1 -1 -1 -1 -1 -1 -1 -1 -1 -1 -1 -1 -1 -1 -1 -1 -1 -1 -1 -1 -14 -128 -60 -1 -1 -1 -1 -73 0 -126 -68 -72 -117 0 -128 9 19 30 30 36 31 26 21 24 53 70 76 78 101 88 84 108 106 83 87 65 58 54 59 25 37 10 0 0 0 26 31 45 31 27 22 32 24 27 50 25 66 41 43 53 83 104 97 88 76 81 81 45 20 20 35 16 0 22 43 29 65 99 108 102 78 43 54 93 105 110 106 112 97 107 89 93 90 0 0 44 59 89 108 93 110 99 101 111 106 85 100 85 84 71 89 91 100 84 81 104 108 94 76 73 70 6 39 60 77 62 61 62 72 84 95 73 58 64 76 78 68 82 90 79 65 52 29 0 -128 -51 -1 -1 -1 -1 -1 -1 -1 -1 -1 -1 -1 -1 -1 -1 -1 -1 -1 -1 -1 -1 -1 -1 -1 -1 -1 -1 -1 -1 -1 -1 -1 -1 -1 -1 -1 -1 -1 -1 -1 -1 -1 -1 -1 -1 -1 -1 -1 -1 -1 -1 -1 -1 -1 -1 -1 -1 -1 -1 -1 -1 -1 -1 -1 -1 -1 -1 -1 -1 -1 -1 -1 -1 -1 -1 -1 -1 -1 -1 -1 -1 -1 -1 -1 -1 -1 -1 -1 -1 -1 -1 -1 -1 -1 -1 -1 -1 -1 -1 -1 -1 -1 -1 -1 -1 -1 -1 -1 -1 -1 -1 -1 -1 -1 -1 -1 -1 -1 -1 -1 -1 -1 -1 -1 -1 -1 -1 -1 -1 -1 -1 -1 -1 -1 -1 -1 -1 -1 -1 -1 -1 -1 -1 -1 -1 -1 -1 -1 -1 -1 -1 -1 -1 -1 -1 -1 -1 -1 -1 -1 -1 -1 -1 -1 -1 -1 -1 -1 -1 -1 -1 -1 -1 -1 -1 -1 -1 -1 -1 -1 -1 -1 -1 -1 -1 -1 -1 -1 -1 -1 -1 -1 -1 -1 -1 -1 -1 -1 -1 -1 -1 -1 -1 -1 -1 -1 -1 -1 -1 -1 -1 -1 -1 -1 -1 -1 -1 -1 -1 -1 -1 -1 -1 -1 -1 -1 -1 -1 -1 -1 -1 -1 -1 -1 -1 -1 -1 -1 -1 -1 -1 -1 -1 -1 -1 -1 -1 -1 -1 -1 -1 -1 -1 -1 -1 -1 -1 -1 -1 -1 -1 -1 -1 -1 -1 -1 -1 -1 -1 -1 -1 -1 -1 -1 -1 -1 -1 -1 -1 -1 -1 -1 -1 -1 -1 -1 -1 -1 -1 -1 -1 -1 -1 -1 -1 -1 -1 -1 -1 -1 -1 -1 -1 -1 -1 -1 -1 -1 -1 -1 -1 -1 -1 -1 -1 -1 -1 -1 -1 -1 -1 -1 -1
-1 -1 -1 -1 -1 -1 -1 -1 -1 -1 -1 -1 -1 -1 -1 -1 -1 -1 -1 -1 -1 -1 -30 -96 -1 -1 -1 -1 -1 -1 -1 -1 -1 -1 -1 -1 -1 -1 -1 -1 -1 -1 -1 -1 -1 -17 -13 -1 -1 -1 -25 -125 30 15 -120 -11 -46 -112 -128 0 19 16 32 36 15 10 36 44 79 110 106 106 102 76 102 97 102 108 107 99 82 76 76 55 30 7 0 0 0 0 0 35 36 29 15 33 21 31 42 33 58 56 38 58 82 84 65 37 16 44 72 44 25 0 0 0 0 0 0 26 59 96 95 97 84 44 74 91 100 102 106 99 96 100 108 110 83 2 33 41 56 100 83 76 85 94 94 108 99 106 108 108 95 81 62 74 101 93 73 77 93 105 85 66 67 39 0 55 32 43 59 56 60 74 78 66 60 56 58 60 74 93 88 76 62 33 15 0 -93 -1 -1 -1 -1 -1 -1 -1 -1 -1 -1 -1 -1 -1 -1 -1 -1 -1 -1 -1 -1 -1 -1 -1 -1 -1 -1 -1 -1 -1 -1 -1 -1 -1 -1 -1 -1 -1 -1 -1 -1 -1 -1 -1 -1 -1 -1 -1 -1 -1 -1 -1 -1 -1 -1 -1 -1 -1 -1 -1 -1 -1 -1 -1 -1 -1 -1 -1 -1 -1 -1 -1 -1 -1 -1 -1 -1 -1 -1 -1 -1 -1 -1 -1 -1 -1 -1 -1 -1 -1 -1 -1 -1 -1 -1 -1 -1 -1 -1 -1 -1 -1 -1 -1 -1 -1 -1 -1 -1 -1 -1 -1 -1 -1 -1 -1 -1 -1 -1 -1 -1 -1 -1 -1 -1 -1 -1 -1 -1 -1 -1 -1 -1 -1 -1 -1 -1 -1 -1 -1 -1 -1 -1 -1 -1 -1 -1 -1 -1 -1 -1 -1 -1 -1 -1 -1 -1 -1 -1 -1 -1 -1 -1 -1 -1 -1 -1 -1 -1 -1 -1 -1 -1 -1 -1 -1 -1 -1 -1 -1 -1 -1 -1 -1 -1 -1 -1 -1 -1 -1 -1 -1 -1 -1 -1 -1 -1 -1 -1 -1 -1 -1 -1 -1 -1 -1 -1 -1 -1 -1 -1 -1 -1 -1 -1 -1 -1 -1 -1 -1 -1 -1 -1 -1 -1 -1 -1 -1 -1 -1 -1 -1 -1 -1 -1 -1 -1 -1 -1 -1 -1 -1 -1 -1 -1 -1 -1 -1 -1 -1 -1 -1 -1 -1 -1 -1 -1 -1 -1 -1 -1 -1 -1 -1 -1 -1 -1 -1 -1 -1 -1 -1 -1 -1 -1 -1 -1 -1 -1 -1 -1 -1 -1 -1 -1 -1 -1 -1 -1 -1 -1 -1 -1 -1 -1 -1 -1 -1 -1 -1 -1 -1 -1 -1 -1 -1 -1 -1 -1 -1 -1 -1 -1 -1 -1 -1 -1 -1 -1 -1 -1 -1 -1 -1
-1 -1 -1 -1 -1 -1 -1 -1 -1 -1 -1 -1 -1 -1 -1 -1 -1 -1 -1 -1 -1 -69 -128 -128 -32 -1 -1 -1 -1 -1 -1 -1 -1 -1 -1 -1 -1 -1 -1 -1 -1 -1 -1 -1 -1 -1 -1 -1 -1 -1 -101 0 32 16 0 -93 -53 -1 -126 -107 0 3 25 20 26 31 48 58 77 108 113 93 89 91 108 89 93 97 107 102 110 97 68 54 37 20 7 0 0 9 0 10 14 10 9 27 18 29 45 1 39 42 31 36 49 71 39 0 0 13 53 21 0 9 27 50 43 12 0 42 60 74 67 70 52 15 4 15 65 91 87 87 110 99 101 87 62 13 43 71 78 108 76 93 108 107 111 97 97 99 112 99 99 106 85 66 78 93 83 74 78 102 77 71 62 42 0 45 47 24 58 56 61 65 66 65 59 59 60 65 82 74 76 60 30 15 35 8 -128 -59 -1 -1 -1 -1 -1 -1 -1 -1 -1 -1 -1 -1 -1 -1 -1 -1 -1 -1 -1 -1 -1 -1 -1 -1 -1 -1 -1 -1 -1 -1 -1 -1 -1 -1 -1 -1 -1 -1 -1 -1 -1 -1 -1 -1 -1 -1 -1 -1 -1 -1 -1 -1 -1 -1 -1 -1 -1 -1 -1 -1 -1 -1 -1 -1 -1 -1 -1 -1 -1 -1 -1 -1 -1 -1 -1 -1 -1 -1 -1 -1 -1 -1 -1 -1 -1 -1 -1 -1 -1 -1 -1 -1 -1 -1 -1 -1 -1 -1 -1 -1 -1 -1 -1 -1 -1 -1 -1 -1 -1 -1 -1 -1 -1 -1 -1 -1 -1 -1 -1 -1 -1 -1 -1 -1 -1 -1 -1 -1 -1 -1 -1 -1 -1 -1 -1 -1 -1 -1 -1 -1 -1 -1 -1 -1 -1 -1 -1 -1 -1 -1 -1 -1 -1 -1 -1 -1 -1 -1 -1 -1 -1 -1 -1 -1 -1 -1 -1 -1 -1 -1 -1 -1 -1 -1 -1 -1 -1 -1 -1 -1 -1 -1 -1 -1 -1 -1 -1 -1 -1 -1 -1 -1 -1 -1 -1 -1 -1 -1 -1 -1 -1 -1 -1 -1 -1 -1 -1 -1 -1 -1 -1 -1 -1 -1 -1 -1 -1 -1 -1 -1 -1 -1 -1 -1 -1 -1 -1 -1 -1 -1 -1 -1 -1 -1 -1 -1 -1 -1 -1 -1 -1 -1 -1 -1 -1 -1 -1 -1 -1 -1 -1 -1 -1 -1 -1 -1 -1 -1 -1 -1 -1 -1 -1 -1 -1 -1 -1 -1 -1 -1 -1 -1 -1 -1 -1 -1 -1 -1 -1 -1 -1 -1 -1 -1 -1 -1 -1 -1 -1 -1 -1 -1 -1 -1 -1 -1 -1 -1 -1 -1 -1 -1 -1 -1 -1 -1 -1 -1 -1 -1 -1 -1 -1 -1 -1 -1 -1 -1 -1 -1 -1 -1
-1 -1 -1 -1 -1 -1 -1 -1 -1 -1 -1 -1 -1 -1 -1 -1 -1 -1 -1 -1 -1 -1 -1 -102 -110 -50 -13 -1 -1 -1 -1 -1 -1 -1 -1 -1 -1 -1 -1 -1 -1 -1 -1 -1 -1 -1 -1 -9 -1 -1 -1 -121 0 -107 -119 -64 -128 -114 -128 -114 0 24 29 25 24 47 62 72 93 108 71 84 107 108 102 67 54 95 96 110 95 78 58 52 35 24 19 10 19 32 0 0 1 0 0 1 31 42 58 8 41 31 31 50 68 82 10 15 0 15 45 0 39 58 70 77 27 0 0 0 0 9 27 37 0 1 0 0 32 52 65 97 111 90 102 99 82 41 35 79 106 99 71 101 108 104 110 94 106 87 108 90 84 89 82 78 65 83 89 65 79 89 93 72 50 14 10 54 64 71 65 67 61 60 60 60 61 60 72 67 71 73 30 18 24 26 2 0 -128 -51 -1 -1 -1 -1 -1 -1 -1 -1 -1 -1 -1 -1 -1 -1 -1 -1 -1 -1 -1 -1 -1 -1 -1 -1 -1 -1 -1 -1 -1 -1 -1 -1 -1 -1 -1 -1 -1 -1 -1 -1 -1 -1 -1 -1 -1 -1 -1 -1 -1 -1 -1 -1 -1 -1 -1 -1 -1 -1 -1 -1 -1 -1 -1 -1 -1 -1 -1 -1 -1 -1 -1 -1 -1 -1 -1 -1 -1 -1 -1 -1 -1 -1 -1 -1 -1 -1 -1 -1 -1 -1 -1 -1 -1 -1 -1 -1 -1 -1 -1 -1 -1 -1 -1 -1 -1 -1 -1 -1 -1 -1 -1 -1 -1 -1 -1 -1 -1 -1 -1 -1 -1 -1 -1 -1 -1 -1 -1 -1 -1 -1 -1 -1 -1 -1 -1 -1 -1 -1 -1 -1 -1 -1 -1 -1 -1 -1 -1 -1 -1 -1 -1 -1 -1 -1 -1 -1 -1 -1 -1 -1 -1 -1 -1 -1 -1 -1 -1 -1 -1 -1 -1 -1 -1 -1 -1 -1 -1 -1 -1 -1 -1 -1 -1 -1 -1 -1 -1 -1 -1 -1 -1 -1 -1 -1 -1 -1 -1 -1 -1 -1 -1 -1 -1 -1 -1 -1 -1 -1 -1 -1 -1 -1 -1 -1 -1 -1 -1 -1 -1 -1 -1 -1 -1 -1 -1 -1 -1 -1 -1 -1 -1 -1 -1 -1 -1 -1 -1 -1 -1 -1 -1 -1 -1 -1 -1 -1 -1 -1 -1 -1 -1 -1 -1 -1 -1 -1 -1 -1 -1 -1 -1 -1 -1 -1 -1 -1 -1 -1 -1 -1 -1 -1 -1 -1 -1 -1 -1 -1 -1 -1 -1 -1 -1 -1 -1 -1 -1 -1 -1 -1 -1 -1 -1 -1 -1 -1 -1 -1 -1 -1 -1 -1 -1 -1 -1 -1 -1 -1 -1 -1 -1 -1 -1 -1 -1 -1 -1 -1 -1 -1 -1 -1
-1 -1 -1 -1 -1 -1 -1 -1 -1 -1 -1 -1 -1 -1 -1 -1 -1 -1 -1 -1 -1 -1 95 -1 -41 -63 -128 -6 -1 -1 -1 -1 -1 -1 -1 -1 -1 -1 -1 -1 -1 -1 -1 -1 -1 -128 -128 -102 -1 -1 -1 -115 -128 -69 -8 -73 -126 0 0 -119 18 38 30 19 22 49 96 101 111 91 62 102 110 85 76 43 59 73 67 81 87 76 55 55 52 56 50 20 14 27 0 0 0 0 0 6 37 48 61 22 47 22 24 0 9 25 0 54 16 0 0 1 0 0 22 59 0 0 6 35 16 1 0 0 0 56 1 0 0 15 82 84 99 99 94 68 41 22 19 49 65 85 68 97 90 89 101 99 81 76 99 81 88 87 84 72 64 67 85 76 65 78 90 30 0 19 52 67 85 93 90 85 68 59 60 61 66 65 68 67 82 44 24 22 55 0 -128 -88 -1 -1 -1 -1 -1 -1 -1 -1 -1 -1 -1 -1 -1 -1 -1 -1 -1 -1 -1 -1 -1 -1 -1 -1 -1 -1 -1 -1 -1 -1 -1 -1 -1 -1 -1 -1 -1 -1 -1 -1 -1 -1 -1 -1 -1 -1 -1 -1 -1 -1 -1 -1 -1 -1 -1 -1 -1 -1 -1 -1 -1 -1 -1 -1 -1 -1 -1 -1 -1 -1 -1 -1 -1 -1 -1 -1 -1 -1 -1 -1 -1 -1 -1 -1 -1 -1 -1 -1 -1 -1 -1 -1 -1 -1 -1 -1 -1 -1 -1 -1 -1 -1 -1 -1 -1 -1 -1 -1 -1 -1 -1 -1 -1 -1 -1 -1 -1 -1 -1 -1 -1 -1 -1 -1 -1 -1 -1 -1 -1 -1 -1 -1 -1 -1 -1 -1 -1 -1 -1 -1 -1 -1 -1 -1 -1 -1 -1 -1 -1 -1 -1 -1 -1 -1 -1 -1 -1 -1 -1 -1 -1 -1 -1 -1 -1 -1 -1 -1 -1 -1 -1 -1 -1 -1 -1 -1 -1 -1 -1 -1 -1 -1 -1 -1 -1 -1 -1 -1 -1 -1 -1 -1 -1 -1 -1 -1 -1 -1 -1 -1 -1 -1 -1 -1 -1 -1 -1 -1 -1 -1 -1 -1 -1 -1 -1 -1 -1 -1 -1 -1 -1 -1 -1 -1 -1 -1 -1 -1 -1 -1 -1 -1 -1 -1 -1 -1 -1 -1 -1 -1 -1 -1 -1 -1 -1 -1 -1 -1 -1 -1 -1 -1 -1 -1 -1 -1 -1 -1 -1 -1 -1 -1 -1 -1 -1 -1 -1 -1 -1 -1 -1 -1 -1 -1 -1 -1 -1 -1 -1 -1 -1 -1 -1 -1 -1 -1 -1 -1 -1 -1 -1 -1 -1 -1 -1 -1 -1 -1 -1 -1 -1 -1 -1 -1 -1 -1 -1 -1 -1 -1 -1 -1 -1 -1 -1 -1 -1 -1 -1 -1 -1 -1 -1 -1
-1 -1 -1 -1 -1 -1 -1 -1 -1 -1 -1 -1 -1 -1 -1 -1 -1 -1 -1 -1 -1 -1 -1 -1 -108 -128 -114 -59 -1 -1 -1 -1 -1 -6 -128 -1 -25 -70 -1 -1 -1 -1 -1 -1 -117 -111 -93 -6 -1 -1 -13 -128 -128 -128 -128 -117 -128 0 21 0 13 41 30 21 47 71 105 113 118 82 67 111 96 55 44 43 36 49 44 64 85 82 77 89 85 90 76 26 21 29 0 0 0 41 0 0 0 24 39 36 44 20 0 0 0 0 15 76 60 22 0 26 43 7 0 61 47 18 30 25 32 26 8 0 0 71 37 12 42 19 26 70 95 95 72 70 0 0 70 55 52 65 65 67 67 90 78 101 100 81 72 67 91 95 93 70 54 67 74 77 65 84 96 3 33 48 53 59 71 89 83 93 72 62 60 64 64 68 77 82 84 54 60 47 37 0 -40 -1 -1 -1 -1 -1 -1 -1 -1 -1 -1 -1 -1 -1 -1 -1 -1 -1 -1 -1 -1 -1 -1 -1 -1 -1 -1 -1 -1 -1 -1 -1 -1 -1 -1 -1 -1 -1 -1 -1 -1 -1 -1 -1 -1 -1 -1 -1 -1 -1 -1 -1 -1 -1 -1 -1 -1 -1 -1 -1 -1 -1 -1 -1 -1 -1 -1 -1 -1 -1 -1 -1 -1 -1 -1 -1 -1 -1 -1 -1 -1 -1 -1 -1 -1 -1 -1 -1 -1 -1 -1 -1 -1 -1 -1 -1 -1 -1 -1 -1 -1 -1 -1 -1 -1 -1 -1 -1 -1 -1 -1 -1 -1 -1 -1 -1 -1 -1 -1 -1 -1 -1 -1 -1 -1 -1 -1 -1 -1 -1 -1 -1 -1 -1 -1 -1 -1 -1 -1 -1 -1 -1 -1 -1 -1 -1 -1 -1 -1 -1 -1 -1 -1 -1 -1 -1 -1 -1 -1 -1 -1 -1 -1 -1 -1 -1 -1 -1 -1 -1 -1 -1 -1 -1 -1 -1 -1 -1 -1 -1 -1 -1 -1 -1 -1 -1 -1 -1 -1 -1 -1 -1 -1 -1 -1 -1 -1 -1 -1 -1 -1 -1 -1 -1 -1 -1 -1 -1 -1 -1 -1 -1 -1 -1 -1 -1 -1 -1 -1 -1 -1 -1 -1 -1 -1 -1 -1 -1 -1 -1 -1 -1 -1 -1 -1 -1 -1 -1 -1 -1 -1 -1 -1 -1 -1 -1 -1 -1 -1 -1 -1 -1 -1 -1 -1 -1 -1 -1 -1 -1 -1 -1 -1 -1 -1 -1 -1 -1 -1 -1 -1 -1 -1 -1 -1 -1 -1 -1 -1 -1 -1 -1 -1 -1 -1 -1 -1 -1 -1 -1 -1 -1 -1 -1 -1 -1 -1 -1 -1 -1 -1 -1 -1 -1 -1 -1 -1 -1 -1 -1 -1 -1 -1 -1 -1 -1 -1 -1 -1 -1 -1 -1 -1 -1 -1 -1
-1 -1 -1 -1 -1 -1 -1 -1 -1 -1 -1 -1 -1 -1 -1 -1 -1 -1 -46 -23 -22 -67 -1 -56 -128 0 -117 -107 -86 -14 -1 -7 -42 -107 -128 -128 -128 -51 -1 -1 -87 -128 -20 -31 -27 -1 -1 -1 -26 -3 -50 0 2 15 14 9 4 22 0 33 31 27 19 24 59 106 110 96 105 82 54 100 91 48 32 36 32 67 68 44 89 93 102 106 108 97 55 25 21 32 31 6 45 74 55 42 13 0 45 32 60 27 0 0 0 0 24 52 90 71 18 3 22 0 0 54 66 65 42 38 38 44 55 0 0 39 82 79 82 71 0 0 29 65 35 45 0 33 89 99 67 67 67 87 85 79 97 108 108 96 71 65 74 88 73 61 50 62 78 71 60 71 84 50 0 32 47 52 56 71 70 66 76 74 67 72 61 74 89 93 99 89 83 72 19 -117 -18 -1 -1 -1 -1 -1 -1 -1 -1 -1 -1 -1 -1 -1 -1 -1 -1 -1 -1 -1 -1 -1 -1 -1 -1 -1 -1 -1 -1 -1 -1 -1 -1 -1 -1 -1 -1 -1 -1 -1 -1 -1 -1 -1 -1 -1 -1 -1 -1 -1 -1 -1 -1 -1 -1 -1 -1 -1 -1 -1 -1 -1 -1 -1 -1 -1 -1 -1 -1 -1 -1 -1 -1 -1 -1 -1 -1 -1 -1 -1 -1 -1 -1 -1 -1 -1 -1 -1 -1 -1 -1 -1 -1 -1 -1 -1 -1 -1 -1 -1 -1 -1 -1 -1 -1 -1 -1 -1 -1 -1 -1 -1 -1 -1 -1 -1 -1 -1 -1 -1 -1 -1 -1 -1 -1 -1 -1 -1 -1 -1 -1 -1 -1 -1 -1 -1 -1 -1 -1 -1 -1 -1 -1 -1 -1 -1 -1 -1 -1 -1 -1 -1 -1 -1 -1 -1 -1 -1 -1 -1 -1 -1 -1 -1 -1 -1 -1 -1 -1 -1 -1 -1 -1 -1 -1 -1 -1 -1 -1 -1 -1 -1 -1 -1 -1 -1 -1 -1 -1 -1 -1 -1 -1 -1 -1 -1 -1 -1 -1 -1 -1 -1 -1 -1 -1 -1 -1 -1 -1 -1 -1 -1 -1 -1 -1 -1 -1 -1 -1 -1 -1 -1 -1 -1 -1 -1 -1 -1 -1 -1 -1 -1 -1 -1 -1 -1 -1 -1 -1 -1 -1 -1 -1 -1 -1 -1 -1 -1 -1 -1 -1 -1 -1 -1 -1 -1 -1 -1 -1 -1 -1 -1 -1 -1 -1 -1 -1 -1 -1 -1 -1 -1 -1 -1 -1 -1 -1 -1 -1 -1 -1 -1 -1 -1 -1 -1 -1 -1 -1 -1 -1 -1 -1 -1 -1 -1 -1 -1 -1 -1 -1 -1 -1 -1 -1 -1 -1 -1 -1 -1 -1 -1 -1 -1 -1 -1 -1 -1 -1 -1 -1 -1 -1 -1 -1 -1
-1 -1 -1 -1 -1 -1 -1 -1 -1 -1 -1 -1 -1 -1 -1 -1 -1 -1 -6 -74 -114 -126 -128 -128 -128 -92 -28 -13 -36 -128 -128 -128 -126 -128 -55 -119 -107 -121 -112 -69 -128 -112 -8 -22 -1 -1 -1 -1 -82 -128 -120 22 35 43 29 24 12 10 1 36 26 19 30 52 72 106 97 72 70 50 58 71 48 37 31 61 66 96 102 93 93 96 106 82 84 61 59 37 38 33 62 62 39 38 3 8 0 0 18 29 74 62 20 0 20 44 41 50 93 88 43 4 0 0 22 39 53 58 64 67 65 59 68 0 9 6 76 104 107 87 49 12 0 0 4 0 15 60 85 112 100 88 76 90 99 100 105 90 97 106 94 72 62 95 93 81 54 59 74 82 62 56 76 58 26 0 62 60 52 54 62 68 66 81 82 81 83 67 78 79 97 102 96 35 0 -116 -1 -1 -1 -1 -1 -1 -1 -1 -1 -1 -1 -1 -1 -1 -1 -1 -1 -1 -1 -1 -1 -1 -1 -1 -1 -1 -1 -1 -1 -1 -1 -1 -1 -1 -1 -1 -1 -1 -1 -1 -1 -1 -1 -1 -1 -1 -1 -1 -1 -1 -1 -1 -1 -1 -1 -1 -1 -1 -1 -1 -1 -1 -1 -1 -1 -1 -1 -1 -1 -1 -1 -1 -1 -1 -1 -1 -1 -1 -1 -1 -1 -1 -1 -1 -1 -1 -1 -1 -1 -1 -1 -1 -1 -1 -1 -1 -1 -1 -1 -1 -1 -1 -1 -1 -1 -1 -1 -1 -1 -1 -1 -1 -1 -1 -1 -1 -1 -1 -1 -1 -1 -1 -1 -1 -1 -1 -1 -1 -1 -1 -1 -1 -1 -1 -1 -1 -1 -1 -1 -1 -1 -1 -1 -1 -1 -1 -1 -1 -1 -1 -1 -1 -1 -1 -1 -1 -1 -1 -1 -1 -1 -1 -1 -1 -1 -1 -1 -1 -1 -1 -1 -1 -1 -1 -1 -1 -1 -1 -1 -1 -1 -1 -1 -1 -1 -1 -1 -1 -1 -1 -1 -1 -1 -1 -1 -1 -1 -1 -1 -1 -1 -1 -1 -1 -1 -1 -1 -1 -1 -1 -1 -1 -1 -1 -1 -1 -1 -1 -1 -1 -1 -1 -1 -1 -1 -1 -1 -1 -1 -1 -1 -1 -1 -1 -1 -1 -1 -1 -1 -1 -1 -1 -1 -1 -1 -1 -1 -1 -1 -1 -1 -1 -1 -1 -1 -1 -1 -1 -1 -1 -1 -1 -1 -1 -1 -1 -1 -1 -1 -1 -1 -1 -1 -1 -1 -1 -1 -1 -1 -1 -1 -1 -1 -1 -1 -1 -1 -1 -1 -1 -1 -1 -1 -1 -1 -1 -1 -1 -1 -1 -1 -1 -1 -1 -1 -1 -1 -1 -1 -1 -1 -1 -1 -1 -1 -1 -1 -1 -1 -1 -1 -1 -1 -1 -1 -1
-1 -1 -1 -1 -1 -1 -1 -1 -1 -1 -1 -1 -1 -1 -1 -1 -1 -1 -1 -1 -1 -31 -128 -128 -1 -1 -1 -1 -88 -128 0 -128 -63 -45 -1 -12 -128 0 0 0 0 -128 -11 -1 -1 -1 -30 -94 -11 -93 0 38 62 52 36 31 13 0 20 24 24 21 49 93 110 113 91 79 52 39 47 41 48 73 77 91 100 101 106 95 99 90 106 104 87 65 53 60 48 38 53 52 36 0 30 19 0 0 33 50 99 68 0 0 54 97 97 79 87 56 35 58 45 50 32 32 44 65 64 79 89 89 95 35 0 35 61 101 100 88 66 0 0 39 7 14 3 55 97 105 102 107 108 99 82 84 85 84 74 90 85 68 61 91 81 76 37 41 54 74 66 52 56 27 0 29 58 56 62 71 73 70 74 99 110 96 74 68 77 85 93 66 68 33 0 -128 -59 -1 -1 -1 -1 -1 -1 -1 -1 -1 -1 -1 -1 -1 -1 -1 -1 -1 -1 -1 -1 -1 -1 -1 -1 -1 -1 -1 -1 -1 -1 -1 -1 -1 -1 -1 -1 -1 -1 -1 -1 -1 -1 -1 -1 -1 -1 -1 -1 -1 -1 -1 -1 -1 -1 -1 -1 -1 -1 -1 -1 -1 -1 -1 -1 -1 -1 -1 -1 -1 -1 -1 -1 -1 -1 -1 -1 -1 -1 -1 -1 -1 -1 -1 -1 -1 -1 -1 -1 -1 -1 -1 -1 -1 -1 -1 -1 -1 -1 -1 -1 -1 -1 -1 -1 -1 -1 -1 -1 -1 -1 -1 -1 -1 -1 -1 -1 -1 -1 -1 -1 -1 -1 -1 -1 -1 -1 -1 -1 -1 -1 -1 -1 -1 -1 -1 -1 -1 -1 -1 -1 -1 -1 -1 -1 -1 -1 -1 -1 -1 -1 -1 -1 -1 -1 -1 -1 -1 -1 -1 -1 -1 -1 -1 -1 -1 -1 -1 -1 -1 -1 -1 -1 -1 -1 -1 -1 -1 -1 -1 -1 -1 -1 -1 -1 -1 -1 -1 -1 -1 -1 -1 -1 -1 -1 -1 -1 -1 -1 -1 -1 -1 -1 -1 -1 -1 -1 -1 -1 -1 -1 -1 -1 -1 -1 -1 -1 -1 -1 -1 -1 -1 -1 -1 -1 -1 -1 -1 -1 -1 -1 -1 -1 -1 -1 -1 -1 -1 -1 -1 -1 -1 -1 -1 -1 -1 -1 -1 -1 -1 -1 -1 -1 -1 -1 -1 -1 -1 -1 -1 -1 -1 -1 -1 -1 -1 -1 -1 -1 -1 -1 -1 -1 -1 -1 -1 -1 -1 -1 -1 -1 -1 -1 -1 -1 -1 -1 -1 -1 -1 -1 -1 -1 -1 -1 -1 -1 -1 -1 -1 -1 -1 -1 -1 -1 -1 -1 -1 -1 -1 -1 -1 -1 -1 -1 -1 -1 -1 -1 -1 -1 -1 -1 -1 -1 -1
-1 -1 -1 -1 -23 -1 -1 -1 -1 -1 -1 -1 -1 -1 -1 -1 -1 -1 -1 -1 -1 -1 -119 -128 -1 -1 -1 -1 -39 -83 0 0 -128 -128 -26 -1 -13 -128 1 0 0 -124 -26 -1 -1 -1 -1 -128 -128 -128 -128 20 25 29 19 15 18 0 24 22 19 21 43 77 77 94 105 105 72 35 53 66 79 67 71 70 77 61 96 104 91 101 89 97 105 104 82 65 38 49 55 48 37 1 68 68 39 0 15 60 101 76 0 0 54 87 110 108 97 72 64 70 55 53 53 38 56 90 73 97 110 105 104 83 45 60 81 89 111 108 79 26 16 59 20 0 0 45 79 72 89 104 100 76 65 64 87 76 64 56 66 65 54 77 78 64 0 8 2 56 65 54 31 9 61 61 62 61 62 66 79 81 85 110 88 79 74 81 85 77 33 0 -124 -128 -82 -72 -69 -1 -1 -1 -1 -1 -1 -1 -1 -1 -1 -1 -1 -1 -1 -1 -1 -1 -1 -1 -1 -1 -1 -1 -1 -1 -1 -1 -1 -1 -1 -1 -1 -1 -1 -1 -1 -1 -1 -1 -1 -1 -1 -1 -1 -1 -1 -1 -1 -1 -1 -1 -1 -1 -1 -1 -1 -1 -1 -1 -1 -1 -1 -1 -1 -1 -1 -1 -1 -1 -1 -1 -1 -1 -1 -1 -1 -1 -1 -1 -1 -1 -1 -1 -1 -1 -1 -1 -1 -1 -1 -1 -1 -1 -1 -1 -1 -1 -1 -1 -1 -1 -1 -1 -1 -1 -1 -1 -1 -1 -1 -1 -1 -1 -1 -1 -1 -1 -1 -1 -1 -1 -1 -1 -1 -1 -1 -1 -1 -1 -1 -1 -1 -1 -1 -1 -1 -1 -1 -1 -1 -1 -1 -1 -1 -1 -1 -1 -1 -1 -1 -1 -1 -1 -1 -1 -1 -1 -1 -1 -1 -1 -1 -1 -1 -1 -1 -1 -1 -1 -1 -1 -1 -1 -1 -1 -1 -1 -1 -1 -1 -1 -1 -1 -1 -1 -1 -1 -1 -1 -1 -1 -1 -1 -1 -1 -1 -1 -1 -1 -1 -1 -1 -1 -1 -1 -1 -1 -1 -1 -1 -1 -1 -1 -1 -1 -1 -1 -1 -1 -1 -1 -1 -1 -1 -1 -1 -1 -1 -1 -1 -1 -1 -1 -1 -1 -1 -1 -1 -1 -1 -1 -1 -1 -1 -1 -1 -1 -1 -1 -1 -1 -1 -1 -1 -1 -1 -1 -1 -1 -1 -1 -1 -1 -1 -1 -1 -1 -1 -1 -1 -1 -1 -1 -1 -1 -1 -1 -1 -1 -1 -1 -1 -1 -1 -1 -1 -1 -1 -1 -1 -1 -1 -1 -1 -1 -1 -1 -1 -1 -1 -1 -1 -1 -1 -1 -1 -1 -1 -1 -1 -1 -1 -1 -1 -1 -1 -1 -1 -1 -1 -1 -1 -1 -1 -1
-1 -1 -1 -1 -108 -92 -53 -1 -1 -1 -1 -1 -1 -1 -1 -1 -1 -1 -1 -1 -1 -1 -97 -128 -37 -1 -1 -1 -1 -47 0 0 0 -128 -1 -1 -1 -128 -119 0 -97 -128 -1 -1 -1 -1 -1 -42 -116 -128 -128 8 20 31 18 15 4 10 26 25 22 48 39 50 90 111 114 84 50 38 47 48 65 38 49 41 47 53 85 99 83 78 76 97 114 107 93 52 48 65 56 55 55 2 60 48 41 24 0 42 102 96 58 0 16 62 99 105 102 111 101 105 100 68 77 49 49 79 82 104 106 87 70 49 47 62 83 111 107 82 50 54 50 67 73 31 0 58 82 56 85 94 82 90 62 65 101 99 89 68 42 43 55 66 61 58 8 55 44 9 42 0 0 74 77 71 78 73 61 68 85 106 107 113 95 89 78 84 67 30 0 -121 -34 -28 -1 -1 -1 -1 -1 -1 -1 -1 -1 -1 -1 -1 -1 -1 -1 -1 -1 -1 -1 -1 -1 -1 -1 -1 -1 -1 -1 -1 -1 -1 -1 -1 -1 -1 -1 -1 -1 -1 -1 -1 -1 -1 -1 -1 -1 -1 -1 -1 -1 -1 -1 -1 -1 -1 -1 -1 -1 -1 -1 -1 -1 -1 -1 -1 -1 -1 -1 -1 -1 -1 -1 -1 -1 -1 -1 -1 -1 -1 -1 -1 -1 -1 -1 -1 -1 -1 -1 -1 -1 -1 -1 -1 -1 -1 -1 -1 -1 -1 -1 -1 -1 -1 -1 -1 -1 -1 -1 -1 -1 -1 -1 -1 -1 -1 -1 -1 -1 -1 -1 -1 -1 -1 -1 -1 -1 -1 -1 -1 -1 -1 -1 -1 -1 -1 -1 -1 -1 -1 -1 -1 -1 -1 -1 -1 -1 -1 -1 -1 -1 -1 -1 -1 -1 -1 -1 -1 -1 -1 -1 -1 -1 -1 -1 -1 -1 -1 -1 -1 -1 -1 -1 -1 -1 -1 -1 -1 -1 -1 -1 -1 -1 -1 -1 -1 -1 -1 -1 -1 -1 -1 -1 -1 -1 -1 -1 -1 -1 -1 -1 -1 -1 -1 -1 -1 -1 -1 -1 -1 -1 -1 -1 -1 -1 -1 -1 -1 -1 -1 -1 -1 -1 -1 -1 -1 -1 -1 -1 -1 -1 -1 -1 -1 -1 -1 -1 -1 -1 -1 -1 -1 -1 -1 -1 -1 -1 -1 -1 -1 -1 -1 -1 -1 -1 -1 -1 -1 -1 -1 -1 -1 -1 -1 -1 -1 -1 -1 -1 -1 -1 -1 -1 -1 -1 -1 -1 -1 -1 -1 -1 -1 -1 -1 -1 -1 -1 -1 -1 -1 -1 -1 -1 -1 -1 -1 -1 -1 -1 -1 -1 -1 -1 -1 -1 -1 -1 -1 -1 -1 -1 -1 -1 -1 -1 -1 -1 -1 -1 -1 -1 -1 -1 -1 -1 -1 -1 -1 -1 -1
-1 -1 -1 -1 -60 -128 -120 -35 -1 -1 -1 -1 -1 -1 -1 -1 -1 -1 -1 -1 -1 -1 -16 -73 -128 -112 -12 -1 -1 -61 -128 -111 -31 -63 -73 -1 -1 -91 -75 -128 0 -121 -67 -1 -40 -102 -27 -36 -36 -42 -128 0 37 38 38 19 14 30 14 20 38 77 90 95 106 97 88 68 45 44 38 38 24 12 19 35 59 88 104 114 107 81 88 112 96 88 87 74 65 64 64 66 36 4 61 32 21 19 0 29 61 64 49 0 20 60 85 99 81 96 111 99 107 107 82 65 54 78 107 110 101 81 56 78 96 87 85 111 95 99 76 56 56 89 85 50 2 31 52 49 21 14 49 74 58 71 90 70 77 9 0 30 78 65 45 39 8 52 60 8 0 38 58 82 89 74 90 68 65 83 100 112 99 96 112 100 82 45 36 18 0 -23 -1 -1 -1 -1 -1 -1 -1 -1 -1 -1 -1 -1 -1 -1 -1 -1 -1 -1 -1 -1 -1 -1 -1 -1 -1 -1 -1 -1 -1 -1 -1 -1 -1 -1 -1 -1 -1 -1 -1 -1 -1 -1 -1 -1 -1 -1 -1 -1 -1 -1 -1 -1 -1 -1 -1 -1 -1 -1 -1 -1 -1 -1 -1 -1 -1 -1 -1 -1 -1 -1 -1 -1 -1 -1 -1 -1 -1 -1 -1 -1 -1 -1 -1 -1 -1 -1 -1 -1 -1 -1 -1 -1 -1 -1 -1 -1 -1 -1 -1 -1 -1 -1 -1 -1 -1 -1 -1 -1 -1 -1 -1 -1 -1 -1 -1 -1 -1 -1 -1 -1 -1 -1 -1 -1 -1 -1 -1 -1 -1 -1 -1 -1 -1 -1 -1 -1 -1 -1 -1 -1 -1 -1 -1 -1 -1 -1 -1 -1 -1 -1 -1 -1 -1 -1 -1 -1 -1 -1 -1 -1 -1 -1 -1 -1 -1 -1 -1 -1 -1 -1 -1 -1 -1 -1 -1 -1 -1 -1 -1 -1 -1 -1 -1 -1 -1 -1 -1 -1 -1 -1 -1 -1 -1 -1 -1 -1 -1 -1 -1 -1 -1 -1 -1 -1 -1 -1 -1 -1 -1 -1 -1 -1 -1 -1 -1 -1 -1 -1 -1 -1 -1 -1 -1 -1 -1 -1 -1 -1 -1 -1 -1 -1 -1 -1 -1 -1 -1 -1 -1 -1 -1 -1 -1 -1 -1 -1 -1 -1 -1 -1 -1 -1 -1 -1 -1 -1 -1 -1 -1 -1 -1 -1 -1 -1 -1 -1 -1 -1 -1 -1 -1 -1 -1 -1 -1 -1 -1 -1 -1 -1 -1 -1 -1 -1 -1 -1 -1 -1 -1 -1 -1 -1 -1 -1 -1 -1 -1 -1 -1 -1 -1 -1 -1 -1 -1 -1 -1 -1 -1 -1 -1 -1 -1 -1 -1 -1 -1 -1 -1 -1 -1 -1 -1 -1 -1 -1 -1 -1 -1 -1
-1 -1 -1 -1 -13 -128 -3 -1 -1 -1 -26 -31 -1 -1 -1 -1 -1 -1 -1 -1 -1 -1 -1 -1 -61 -115 -1 -1 -1 -1 -128 -124 -1 -1 -23 -1 -1 -12 -1 -47 -128 -117 -128 -83 -128 -122 -96 -55 -128 -128 -98 0 60 54 27 21 19 25 33 26 35 42 61 73 110 95 59 64 96 66 37 0 38 24 2 49 65 67 78 100 87 79 73 99 83 77 77 89 77 66 68 54 1 19 33 29 32 24 0 8 6 0 7 0 38 65 74 95 64 95 100 88 105 101 106 104 90 112 114 96 91 87 67 101 96 96 88 110 84 100 87 79 96 81 37 0 0 10 0 0 29 47 0 0 35 66 70 53 58 0 47 14 22 0 0 3 30 87 58 0 6 61 54 73 72 71 72 77 90 112 106 95 84 94 95 93 59 22 27 29 0 -69 -1 -1 -1 -1 -1 -1 -1 -1 -1 -1 -1 -1 -1 -1 -1 -1 -1 -1 -1 -1 -1 -1 -1 -1 -1 -1 -1 -1 -1 -1 -1 -1 -1 -1 -1 -1 -1 -1 -1 -1 -1 -1 -1 -1 -1 -1 -1 -1 -1 -1 -1 -1 -1 -1 -1 -1 -1 -1 -1 -1 -1 -1 -1 -1 -1 -1 -1 -1 -1 -1 -1 -1 -1 -1 -1 -1 -1 -1 -1 -1 -1 -1 -1 -1 -1 -1 -1 -1 -1 -1 -1 -1 -1 -1 -1 -1 -1 -1 -1 -1 -1 -1 -1 -1 -1 -1 -1 -1 -1 -1 -1 -1 -1 -1 -1 -1 -1 -1 -1 -1 -1 -1 -1 -1 -1 -1 -1 -1 -1 -1 -1 -1 -1 -1 -1 -1 -1 -1 -1 -1 -1 -1 -1 -1 -1 -1 -1 -1 -1 -1 -1 -1 -1 -1 -1 -1 -1 -1 -1 -1 -1 -1 -1 -1 -1 -1 -1 -1 -1 -1 -1 -1 -1 -1 -1 -1 -1 -1 -1 -1 -1 -1 -1 -1 -1 -1 -1 -1 -1 -1 -1 -1 -1 -1 -1 -1 -1 -1 -1 -1 -1 -1 -1 -1 -1 -1 -1 -1 -1 -1 -1 -1 -1 -1 -1 -1 -1 -1 -1 -1 -1 -1 -1 -1 -1 -1 -1 -1 -1 -1 -1 -1 -1 -1 -1 -1 -1 -1 -1 -1 -1 -1 -1 -1 -1 -1 -1 -1 -1 -1 -1 -1 -1 -1 -1 -1 -1 -1 -1 -1 -1 -1 -1 -1 -1 -1 -1 -1 -1 -1 -1 -1 -1 -1 -1 -1 -1 -1 -1 -1 -1 -1 -1 -1 -1 -1 -1 -1 -1 -1 -1 -1 -1 -1 -1 -1 -1 -1 -1 -1 -1 -1 -1 -1 -1 -1 -1 -1 -1 -1 -1 -1 -1 -1 -1 -1 -1 -1 -1 -1 -1 -1 -1 -1 -1 -1 -1 -1 -1 -1
-1 -1 -1 -1 -26 -128 -128 -64 -93 -82 -128 -86 -1 -1 -1 -1 -1 -1 -1 -1 -1 -1 -1 -1 -1 -1 -1 -1 -1 -1 -63 -1 -1 -1 -1 7 -1 -1 -1 -58 -6 -128 -103 -128 0 -128 -88 -21 -125 -128 -91 0 29 43 38 38 20 16 32 16 18 26 38 61 94 96 87 84 104 64 36 0 68 36 3 43 49 38 45 55 76 94 62 73 65 62 72 74 82 67 58 31 26 43 35 32 24 13 0 0 0 1 0 0 32 48 77 68 42 55 95 101 77 108 100 104 97 111 107 90 100 79 83 100 102 104 99 112 90 102 111 111 102 71 0 0 64 73 42 37 61 74 79 39 0 0 0 0 0 0 38 8 0 29 54 59 85 101 82 31 47 56 54 59 56 60 72 82 107 99 94 87 74 90 82 82 26 21 22 33 18 -128 -77 -1 -1 -1 -1 -1 -1 -1 -1 -1 -1 -1 -1 -1 -1 -1 -1 -1 -1 -1 -1 -1 -1 -1 -1 -1 -1 -1 -1 -1 -1 -1 -1 -1 -1 -1 -1 -1 -1 -1 -1 -1 -1 -1 -1 -1 -1 -1 -1 -1 -1 -1 -1 -1 -1 -1 -1 -1 -1 -1 -1 -1 -1 -1 -1 -1 -1 -1 -1 -1 -1 -1 -1 -1 -1 -1 -1 -1 -1 -1 -1 -1 -1 -1 -1 -1 -1 -1 -1 -1 -1 -1 -1 -1 -1 -1 -1 -1 -1 -1 -1 -1 -1 -1 -1 -1 -1 -1 -1 -1 -1 -1 -1 -1 -1 -1 -1 -1 -1 -1 -1 -1 -1 -1 -1 -1 -1 -1 -1 -1 -1 -1 -1 -1 -1 -1 -1 -1 -1 -1 -1 -1 -1 -1 -1 -1 -1 -1 -1 -1 -1 -1 -1 -1 -1 -1 -1 -1 -1 -1 -1 -1 -1 -1 -1 -1 -1 -1 -1 -1 -1 -1 -1 -1 -1 -1 -1 -1 -1 -1 -1 -1 -1 -1 -1 -1 -1 -1 -1 -1 -1 -1 -1 -1 -1 -1 -1 -1 -1 -1 -1 -1 -1 -1 -1 -1 -1 -1 -1 -1 -1 -1 -1 -1 -1 -1 -1 -1 -1 -1 -1 -1 -1 -1 -1 -1 -1 -1 -1 -1 -1 -1 -1 -1 -1 -1 -1 -1 -1 -1 -1 -1 -1 -1 -1 -1 -1 -1 -1 -1 -1 -1 -1 -1 -1 -1 -1 -1 -1 -1 -1 -1 -1 -1 -1 -1 -1 -1 -1 -1 -1 -1 -1 -1 -1 -1 -1 -1 -1 -1 -1 -1 -1 -1 -1 -1 -1 -1 -1 -1 -1 -1 -1 -1 -1 -1 -1 -1 -1 -1 -1 -1 -1 -1 -1 -1 -1 -1 -1 -1 -1 -1 -1 -1 -1 -1 -1 -1 -1 -1 -1 -1 -1 -1 -1 -1 -1 -1 -1 -1
-1 -1 -1 -1 -16 -128 -116 -128 -128 -111 -121 -89 -1 -1 -1 -1 -1 -1 -1 -1 -1 -1 -1 -1 -1 -1 -1 -1 -1 -1 -1 -1 -1 -1 -1 -1 -40 -22 -14 -128 -112 -81 -122 6 0 -128 -18 -88 -128 -128 -111 -128 6 27 35 43 33 26 26 21 18 26 27 42 79 100 104 93 111 93 41 7 83 78 12 3 14 37 65 91 85 88 60 56 66 55 62 67 83 74 76 14 59 48 38 44 27 19 27 35 26 32 0 0 29 50 76 37 45 47 65 88 66 110 85 87 83 104 108 97 99 84 106 102 106 96 106 102 105 93 108 95 101 56 16 71 85 87 67 55 62 83 96 82 70 61 48 36 42 26 52 3 38 0 13 64 82 110 104 82 71 59 52 56 66 61 61 77 100 87 84 77 71 83 72 48 30 12 18 33 32 0 -128 -42 -1 -1 -1 -1 -1 -1 -1 -1 -1 -1 -1 -1 -1 -1 -1 -1 -1 -1 -1 -1 -1 -1 -1 -1 -1 -1 -1 -1 -1 -1 -1 -1 -1 -1 -1 -1 -1 -1 -1 -1 -1 -1 -1 -1 -1 -1 -1 -1 -1 -1 -1 -1 -1 -1 -1 -1 -1 -1 -1 -1 -1 -1 -1 -1 -1 -1 -1 -1 -1 -1 -1 -1 -1 -1 -1 -1 -1 -1 -1 -1 -1 -1 -1 -1 -1 -1 -1 -1 -1 -1 -1 -1 -1 -1 -1 -1 -1 -1 -1 -1 -1 -1 -1 -1 -1 -1 -1 -1 -1 -1 -1 -1 -1 -1 -1 -1 -1 -1 -1 -1 -1 -1 -1 -1 -1 -1 -1 -1 -1 -1 -1 -1 -1 -1 -1 -1 -1 -1 -1 -1 -1 -1 -1 -1 -1 -1 -1 -1 -1 -1 -1 -1 -1 -1 -1 -1 -1 -1 -1 -1 -1 -1 -1 -1 -1 -1 -1 -1 -1 -1 -1 -1 -1 -1 -1 -1 -1 -1 -1 -1 -1 -1 -1 -1 -1 -1 -1 -1 -1 -1 -1 -1 -1 -1 -1 -1 -1 -1 -1 -1 -1 -1 -1 -1 -1 -1 -1 -1 -1 -1 -1 -1 -1 -1 -1 -1 -1 -1 -1 -1 -1 -1 -1 -1 -1 -1 -1 -1 -1 -1 -1 -1 -1 -1 -1 -1 -1 -1 -1 -1 -1 -1 -1 -1 -1 -1 -1 -1 -1 -1 -1 -1 -1 -1 -1 -1 -1 -1 -1 -1 -1 -1 -1 -1 -1 -1 -1 -1 -1 -1 -1 -1 -1 -1 -1 -1 -1 -1 -1 -1 -1 -1 -1 -1 -1 -1 -1 -1 -1 -1 -1 -1 -1 -1 -1 -1 -1 -1 -1 -1 -1 -1 -1 -1 -1 -1 -1 -1 -1 -1 -1 -1 -1 -1 -1 -1 -1 -1 -1 -1 -1 -1 -1 -1 -1 -1 -1 -1
-1 -1 -1 -1 -1 -86 -81 -73 -88 -122 -120 -9 -1 -1 -6 -1 -1 -1 -1 -1 -1 -1 -1 -1 -1 -1 -1 -1 -1 -81 -36 -1 -1 -1 -1 -1 -112 -128 -119 0 0 -121 0 25 0 -114 -107 -128 0 0 0 0 26 29 22 41 25 15 19 20 19 32 41 41 60 85 90 87 108 84 3 56 91 89 65 47 19 30 74 87 102 81 64 49 59 52 59 58 79 52 21 45 58 53 37 48 48 42 38 50 62 56 4 7 20 44 78 42 42 55 50 47 81 79 68 104 110 116 110 87 91 93 90 111 113 95 94 99 95 87 100 99 93 18 49 106 104 88 71 74 74 85 107 101 107 99 76 74 59 50 81 10 9 30 4 32 70 85 85 83 77 72 65 64 62 65 59 72 61 49 44 58 81 84 30 12 0 -94 -86 -108 0 -101 -128 -26 -1 -1 -1 -1 -1 -1 -1 -1 -1 -1 -1 -1 -1 -1 -1 -1 -1 -1 -1 -1 -1 -1 -1 -1 -1 -1 -1 -1 -1 -1 -1 -1 -1 -1 -1 -1 -1 -1 -1 -1 -1 -1 -1 -1 -1 -1 -1 -1 -1 -1 -1 -1 -1 -1 -1 -1 -1 -1 -1 -1 -1 -1 -1 -1 -1 -1 -1 -1 -1 -1 -1 -1 -1 -1 -1 -1 -1 -1 -1 -1 -1 -1 -1 -1 -1 -1 -1 -1 -1 -1 -1 -1 -1 -1 -1 -1 -1 -1 -1 -1 -1 -1 -1 -1 -1 -1 -1 -1 -1 -1 -1 -1 -1 -1 -1 -1 -1 -1 -1 -1 -1 -1 -1 -1 -1 -1 -1 -1 -1 -1 -1 -1 -1 -1 -1 -1 -1 -1 -1 -1 -1 -1 -1 -1 -1 -1 -1 -1 -1 -1 -1 -1 -1 -1 -1 -1 -1 -1 -1 -1 -1 -1 -1 -1 -1 -1 -1 -1 -1 -1 -1 -1 -1 -1 -1 -1 -1 -1 -1 -1 -1 -1 -1 -1 -1 -1 -1 -1 -1 -1 -1 -1 -1 -1 -1 -1 -1 -1 -1 -1 -1 -1 -1 -1 -1 -1 -1 -1 -1 -1 -1 -1 -1 -1 -1 -1 -1 -1 -1 -1 -1 -1 -1 -1 -1 -1 -1 -1 -1 -1 -1 -1 -1 -1 -1 -1 -1 -1 -1 -1 -1 -1 -1 -1 -1 -1 -1 -1 -1 -1 -1 -1 -1 -1 -1 -1 -1 -1 -1 -1 -1 -1 -1 -1 -1 -1 -1 -1 -1 -1 -1 -1 -1 -1 -1 -1 -1 -1 -1 -1 -1 -1 -1 -1 -1 -1 -1 -1 -1 -1 -1 -1 -1 -1 -1 -1 -1 -1 -1 -1 -1 -1 -1 -1 -1 -1 -1 -1 -1 -1 -1 -1 -1 -1 -1 -1 -1 -1 -1 -1 -1 -1 -1 -1 -1 -1 -1 -1
-1 -1 -1 -1 -1 -1 -1 -1 -1 -105 -106 -55 -41 -128 -60 -1 -1 -1 -45 -68 -18 -1 -1 -1 -1 -1 -1 -1 -1 -128 -31 -1 -1 -1 -1 -1 -103 0 35 43 25 20 54 68 33 10 0 0 19 21 16 36 52 48 32 27 30 18 25 38 45 43 64 73 85 81 60 71 105 102 79 20 90 113 89 82 82 37 22 68 89 91 73 56 44 43 42 47 55 18 64 71 65 56 49 41 43 74 66 58 60 45 20 0 15 32 52 27 43 84 78 49 53 74 81 87 111 97 76 85 99 94 99 111 106 99 96 83 79 78 74 45 27 0 50 90 104 100 90 90 101 89 104 99 93 82 64 64 53 56 88 71 53 18 0 32 53 70 65 72 78 70 78 67 70 67 38 25 31 36 71 84 81 65 25 0 -96 -1 -1 -56 -110 -128 -106 -1 -1 -1 -1 -1 -1 -1 -1 -1 -1 -1 -1 -1 -1 -1 -1 -1 -1 -1 -1 -1 -1 -1 -1 -1 -1 -1 -1 -1 -1 -1 -1 -1 -1 -1 -1 -1 -1 -1 -1 -1 -1 -1 -1 -1 -1 -1 -1 -1 -1 -1 -1 -1 -1 -1 -1 -1 -1 -1 -1 -1 -1 -1 -1 -1 -1 -1 -1 -1 -1 -1 -1 -1 -1 -1 -1 -1 -1 -1 -1 -1 -1 -1 -1 -1 -1 -1 -1 -1 -1 -1 -1 -1 -1 -1 -1 -1 -1 -1 -1 -1 -1 -1 -1 -1 -1 -1 -1 -1 -1 -1 -1 -1 -1 -1 -1 -1 -1 -1 -1 -1 -1 -1 -1 -1 -1 -1 -1 -1 -1 -1 -1 -1 -1 -1 -1 -1 -1 -1 -1 -1 -1 -1 -1 -1 -1 -1 -1 -1 -1 -1 -1 -1 -1 -1 -1 -1 -1 -1 -1 -1 -1 -1 -1 -1 -1 -1 -1 -1 -1 -1 -1 -1 -1 -1 -1 -1 -1 -1 -1 -1 -1 -1 -1 -1 -1 -1 -1 -1 -1 -1 -1 -1 -1 -1 -1 -1 -1 -1 -1 -1 -1 -1 -1 -1 -1 -1 -1 -1 -1 -1 -1 -1 -1 -1 -1 -1 -1 -1 -1 -1 -1 -1 -1 -1 -1 -1 -1 -1 -1 -1 -1 -1 -1 -1 -1 -1 -1 -1 -1 -1 -1 -1 -1 -1 -1 -1 -1 -1 -1 -1 -1 -1 -1 -1 -1 -1 -1 -1 -1 -1 -1 -1 -1 -1 -1 -1 -1 -1 -1 -1 -1 -1 -1 -1 -1 -1 -1 -1 -1 -1 -1 -1 -1 -1 -1 -1 -1 -1 -1 -1 -1 -1 -1 -1 -1 -1 -1 -1 -1 -1 -1 -1 -1 -1 -1 -1 -1 -1 -1 -1 -1 -1 -1 -1 -1 -1 -1 -1 -1 -1 -1 -1 -1 -1 -1 -1 -1 -1
-1 -1 -1 -1 -1 -1 -1 -1 -1 -78 -128 -128 -128 -91 -1 -1 -2 -98 -128 -107 -83 -1 -1 -1 -1 -1 -1 -1 -1 -1 -1 97 -1 -1 -1 -128 -128 0 62 68 60 55 85 79 56 45 53 59 42 33 35 62 43 44 54 44 39 21 31 60 84 67 67 70 78 70 47 70 82 112 110 74 30 96 107 102 106 90 9 32 87 110 105 79 59 45 44 41 3 27 71 58 60 58 64 56 33 50 82 49 47 29 20 8 0 44 27 26 54 94 91 58 49 64 82 111 105 88 66 65 88 107 105 97 93 100 96 107 97 94 93 65 10 70 95 102 95 91 107 104 88 110 111 87 76 66 91 90 62 60 96 97 82 72 44 65 60 56 53 37 50 38 52 39 33 50 42 20 52 78 87 87 53 22 0 -100 -1 -1 -1 -60 -100 0 -128 -2 -1 -1 -1 -1 -1 -1 -1 -1 -1 -1 -1 -1 -1 -1 -1 -1 -1 -1 -1 -1 -1 -1 -1 -1 -1 -1 -1 -1 -1 -1 -1 -1 -1 -1 -1 -1 -1 -1 -1 -1 -1 -1 -1 -1 -1 -1 -1 -1 -1 -1 -1 -1 -1 -1 -1 -1 -1 -1 -1 -1 -1 -1 -1 -1 -1 -1 -1 -1 -1 -1 -1 -1 -1 -1 -1 -1 -1 -1 -1 -1 -1 -1 -1 -1 -1 -1 -1 -1 -1 -1 -1 -1 -1 -1 -1 -1 -1 -1 -1 -1 -1 -1 -1 -1 -1 -1 -1 -1 -1 -1 -1 -1 -1 -1 -1 -1 -1 -1 -1 -1 -1 -1 -1 -1 -1 -1 -1 -1 -1 -1 -1 -1 -1 -1 -1 -1 -1 -1 -1 -1 -1 -1 -1 -1 -1 -1 -1 -1 -1 -1 -1 -1 -1 -1 -1 -1 -1 -1 -1 -1 -1 -1 -1 -1 -1 -1 -1 -1 -1 -1 -1 -1 -1 -1 -1 -1 -1 -1 -1 -1 -1 -1 -1 -1 -1 -1 -1 -1 -1 -1 -1 -1 -1 -1 -1 -1 -1 -1 -1 -1 -1 -1 -1 -1 -1 -1 -1 -1 -1 -1 -1 -1 -1 -1 -1 -1 -1 -1 -1 -1 -1 -1 -1 -1 -1 -1 -1 -1 -1 -1 -1 -1 -1 -1 -1 -1 -1 -1 -1 -1 -1 -1 -1 -1 -1 -1 -1 -1 -1 -1 -1 -1 -1 -1 -1 -1 -1 -1 -1 -1 -1 -1 -1 -1 -1 -1 -1 -1 -1 -1 -1 -1 -1 -1 -1 -1 -1 -1 -1 -1 -1 -1 -1 -1 -1 -1 -1 -1 -1 -1 -1 -1 -1 -1 -1 -1 -1 -1 -1 -1 -1 -1 -1 -1 -1 -1 -1 -1 -1 -1 -1 -1 -1 -1 -1 -1 -1 -1 -1 -1 -1 -1 -1 -1 -1 -1 -1 -1
-1 -1 -1 -1 -1 -1 -1 -1 -1 -1 -128 -128 -124 -77 -46 -16 -128 -128 -22 -1 -1 -1 -1 -1 -1 -1 -1 -1 -1 -1 -1 -1 -1 -1 -8 -128 -128 0 21 52 58 72 67 42 37 42 59 70 74 66 61 60 31 26 38 43 43 41 55 87 83 62 44 70 79 60 50 82 105 108 99 91 21 60 97 100 105 94 39 4 66 77 104 89 72 77 76 27 8 41 42 54 48 39 42 0 20 33 88 58 19 16 2 0 2 19 21 55 95 108 96 68 55 79 84 104 104 77 81 94 90 99 102 111 114 110 112 108 102 100 85 74 95 95 114 95 88 73 87 67 77 106 90 82 77 87 84 65 67 61 70 79 73 99 81 78 71 61 50 33 30 30 24 22 21 29 14 25 45 77 84 79 31 0 -86 -1 -1 -1 -1 -1 -128 0 -128 -55 95 -1 -1 -1 -1 -1 -1 -1 -1 -1 -1 -1 -1 -1 -1 -1 -1 -1 -1 -1 -1 -1 -1 -1 -1 -1 -1 -1 -1 -1 -1 -1 -1 -1 -1 -1 -1 -1 -1 -1 -1 -1 -1 -1 -1 -1 -1 -1 -1 -1 -1 -1 -1 -1 -1 -1 -1 -1 -1 -1 -1 -1 -1 -1 -1 -1 -1 -1 -1 -1 -1 -1 -1 -1 -1 -1 -1 -1 -1 -1 -1 -1 -1 -1 -1 -1 -1 -1 -1 -1 -1 -1 -1 -1 -1 -1 -1 -1 -1 -1 -1 -1 -1 -1 -1 -1 -1 -1 -1 -1 -1 -1 -1 -1 -1 -1 -1 -1 -1 -1 -1 -1 -1 -1 -1 -1 -1 -1 -1 -1 -1 -1 -1 -1 -1 -1 -1 -1 -1 -1 -1 -1 -1 -1 -1 -1 -1 -1 -1 -1 -1 -1 -1 -1 -1 -1 -1 -1 -1 -1 -1 -1 -1 -1 -1 -1 -1 -1 -1 -1 -1 -1 -1 -1 -1 -1 -1 -1 -1 -1 -1 -1 -1 -1 -1 -1 -1 -1 -1 -1 -1 -1 -1 -1 -1 -1 -1 -1 -1 -1 -1 -1 -1 -1 -1 -1 -1 -1 -1 -1 -1 -1 -1 -1 -1 -1 -1 -1 -1 -1 -1 -1 -1 -1 -1 -1 -1 -1 -1 -1 -1 -1 -1 -1 -1 -1 -1 -1 -1 -1 -1 -1 -1 -1 -1 -1 -1 -1 -1 -1 -1 -1 -1 -1 -1 -1 -1 -1 -1 -1 -1 -1 -1 -1 -1 -1 -1 -1 -1 -1 -1 -1 -1 -1 -1 -1 -1 -1 -1 -1 -1 -1 -1 -1 -1 -1 -1 -1 -1 -1 -1 -1 -1 -1 -1 -1 -1 -1 -1 -1 -1 -1 -1 -1 -1 -1 -1 -1 -1 -1 -1 -1 -1 -1 -1 -1 -1 -1 -1 -1 -1 -1 -1 -1 -1 -1 -1 -1
-1 -1 -1 -1 -1 -1 -1 -1 -1 -1 -1 -1 -91 -128 -110 -30 -30 -1 -1 -1 -1 -1 -1 -1 -1 -1 -1 -1 -1 -1 -1 -1 -1 -1 -1 -1 -17 -79 -119 13 21 43 25 16 26 26 39 54 41 43 29 36 16 21 19 43 37 38 44 55 70 47 35 66 71 47 42 58 91 107 96 89 83 19 61 94 99 93 89 90 45 16 85 104 82 96 43 38 41 56 44 35 33 39 16 0 0 22 78 68 19 29 0 7 41 48 56 68 70 76 100 102 91 95 90 110 112 84 89 90 90 105 111 111 111 89 99 95 93 95 96 110 108 102 106 95 72 64 61 76 101 95 97 91 95 95 91 82 89 77 65 72 82 89 105 105 94 95 78 52 29 21 24 19 15 19 21 30 60 68 72 42 0 -59 -1 -1 -1 -1 -1 -3 -128 -119 -89 -1 -1 -1 -1 -1 -1 -1 -1 -1 -1 -1 -1 -1 -1 -1 -1 -1 -1 -1 -1 -1 -1 -1 -1 -1 -1 -1 -1 -1 -1 -1 -1 -1 -1 -1 -1 -1 -1 -1 -1 -1 -1 -1 -1 -1 -1 -1 -1 -1 -1 -1 -1 -1 -1 -1 -1 -1 -1 -1 -1 -1 -1 -1 -1 -1 -1 -1 -1 -1 -1 -1 -1 -1 -1 -1 -1 -1 -1 -1 -1 -1 -1 -1 -1 -1 -1 -1 -1 -1 -1 -1 -1 -1 -1 -1 -1 -1 -1 -1 -1 -1 -1 -1 -1 -1 -1 -1 -1 -1 -1 -1 -1 -1 -1 -1 -1 -1 -1 -1 -1 -1 -1 -1 -1 -1 -1 -1 -1 -1 -1 -1 -1 -1 -1 -1 -1 -1 -1 -1 -1 -1 -1 -1 -1 -1 -1 -1 -1 -1 -1 -1 -1 -1 -1 -1 -1 -1 -1 -1 -1 -1 -1 -1 -1 -1 -1 -1 -1 -1 -1 -1 -1 -1 -1 -1 -1 -1 -1 -1 -1 -1 -1 -1 -1 -1 -1 -1 -1 -1 -1 -1 -1 -1 -1 -1 -1 -1 -1 -1 -1 -1 -1 -1 -1 -1 -1 -1 -1 -1 -1 -1 -1 -1 -1 -1 -1 -1 -1 -1 -1 -1 -1 -1 -1 -1 -1 -1 -1 -1 -1 -1 -1 -1 -1 -1 -1 -1 -1 -1 -1 -1 -1 -1 -1 -1 -1 -1 -1 -1 -1 -1 -1 -1 -1 -1 -1 -1 -1 -1 -1 -1 -1 -1 -1 -1 -1 -1 -1 -1 -1 -1 -1 -1 -1 -1 -1 -1 -1 -1 -1 -1 -1 -1 -1 -1 -1 -1 -1 -1 -1 -1 -1 -1 -1 -1 -1 -1 -1 -1 -1 -1 -1 -1 -1 -1 -1 -1 -1 -1 -1 -1 -1 -1 -1 -1 -1 -1 -1 -1 -1 -1 -1 -1 -1 -1 -1 -1 -1 -1
-1 -1 -1 -1 -1 -1 -1 -1 -1 -1 -1 -1 -1 -1 -1 -1 -1 -1 -1 -1 -1 -1 -1 -1 -1 -1 -1 -1 -1 -1 -1 -1 -1 -1 -1 -1 -1 -1 -128 20 0 0 0 0 0 0 18 26 9 14 10 13 6 29 19 35 42 29 15 35 66 50 27 65 81 53 29 43 70 102 110 112 82 18 97 117 94 105 102 85 84 90 32 104 100 36 82 61 54 68 45 31 30 31 29 20 0 0 42 68 19 26 35 0 0 24 77 55 33 50 99 107 107 110 105 111 89 91 90 77 76 102 101 93 88 78 97 114 113 113 106 85 72 81 83 83 83 66 48 55 61 84 83 77 73 73 93 88 78 77 73 76 70 78 83 79 60 70 88 87 44 19 25 21 20 25 31 52 83 85 49 29 -125 -1 -1 -1 -1 -1 -1 -1 -1 -1 -1 -1 -1 -1 -1 -1 -1 -1 -1 -1 -1 -1 -1 -1 -1 -1 -1 -1 -1 -1 -1 -1 -1 -1 -1 -1 -1 -1 -1 -1 -1 -1 -1 -1 -1 -1 -1 -1 -1 -1 -1 -1 -1 -1 -1 -1 -1 -1 -1 -1 -1 -1 -1 -1 -1 -1 -1 -1 -1 -1 -1 -1 -1 -1 -1 -1 -1 -1 -1 -1 -1 -1 -1 -1 -1 -1 -1 -1 -1 -1 -1 -1 -1 -1 -1 -1 -1 -1 -1 -1 -1 -1 -1 -1 -1 -1 -1 -1 -1 -1 -1 -1 -1 -1 -1 -1 -1 -1 -1 -1 -1 -1 -1 -1 -1 -1 -1 -1 -1 -1 -1 -1 -1 -1 -1 -1 -1 -1 -1 -1 -1 -1 -1 -1 -1 -1 -1 -1 -1 -1 -1 -1 -1 -1 -1 -1 -1 -1 -1 -1 -1 -1 -1 -1 -1 -1 -1 -1 -1 -1 -1 -1 -1 -1 -1 -1 -1 -1 -1 -1 -1 -1 -1 -1 -1 -1 -1 -1 -1 -1 -1 -1 -1 -1 -1 -1 -1 -1 -1 -1 -1 -1 -1 -1 -1 -1 -1 -1 -1 -1 -1 -1 -1 -1 -1 -1 -1 -1 -1 -1 -1 -1 -1 -1 -1 -1 -1 -1 -1 -1 -1 -1 -1 -1 -1 -1 -1 -1 -1 -1 -1 -1 -1 -1 -1 -1 -1 -1 -1 -1 -1 -1 -1 -1 -1 -1 -1 -1 -1 -1 -1 -1 -1 -1 -1 -1 -1 -1 -1 -1 -1 -1 -1 -1 -1 -1 -1 -1 -1 -1 -1 -1 -1 -1 -1 -1 -1 -1 -1 -1 -1 -1 -1 -1 -1 -1 -1 -1 -1 -1 -1 -1 -1 -1 -1 -1 -1 -1 -1 -1 -1 -1 -1 -1 -1 -1 -1 -1 -1 -1 -1 -1 -1 -1 -1 -1 -1 -1 -1 -1 -1 -1 -1 -1 -1 -1 -1 -1 -1 -1
-1 -1 -1 -1 -1 -1 -1 -1 -1 -1 -1 -1 -1 -1 -1 -1 -1 -1 -1 -1 -1 -1 -1 -1 -1 -1 -1 -1 -1 -1 -1 -1 -1 -1 -1 -1 -1 -28 -124 0 -128 -128 -128 -128 -121 -128 0 0 0 13 25 9 15 35 15 41 56 48 21 33 61 60 19 35 71 72 48 38 73 106 113 101 72 43 93 77 73 95 110 110 102 84 64 67 102 41 102 72 70 78 45 29 29 30 31 29 30 27 21 53 25 26 39 60 12 0 48 36 50 74 87 108 90 87 91 104 83 97 84 68 87 113 88 106 107 74 99 95 93 101 95 81 52 60 71 59 70 79 44 65 85 81 88 73 56 66 67 100 102 99 99 88 81 70 79 77 37 30 50 81 58 33 24 19 19 19 37 61 58 59 41 9 -120 -1 -1 -1 -1 -1 -1 -75 -1 -1 -1 -1 -1 -1 -1 -1 -1 -1 -1 -1 -1 -1 -1 -1 -1 -1 -1 -1 -1 -1 -1 -1 -1 -1 -1 -1 -1 -1 -1 -1 -1 -1 -1 -1 -1 -1 -1 -1 -1 -1 -1 -1 -1 -1 -1 -1 -1 -1 -1 -1 -1 -1 -1 -1 -1 -1 -1 -1 -1 -1 -1 -1 -1 -1 -1 -1 -1 -1 -1 -1 -1 -1 -1 -1 -1 -1 -1 -1 -1 -1 -1 -1 -1 -1 -1 -1 -1 -1 -1 -1 -1 -1 -1 -1 -1 -1 -1 -1 -1 -1 -1 -1 -1 -1 -1 -1 -1 -1 -1 -1 -1 -1 -1 -1 -1 -1 -1 -1 -1 -1 -1 -1 -1 -1 -1 -1 -1 -1 -1 -1 -1 -1 -1 -1 -1 -1 -1 -1 -1 -1 -1 -1 -1 -1 -1 -1 -1 -1 -1 -1 -1 -1 -1 -1 -1 -1 -1 -1 -1 -1 -1 -1 -1 -1 -1 -1 -1 -1 -1 -1 -1 -1 -1 -1 -1 -1 -1 -1 -1 -1 -1 -1 -1 -1 -1 -1 -1 -1 -1 -1 -1 -1 -1 -1 -1 -1 -1 -1 -1 -1 -1 -1 -1 -1 -1 -1 -1 -1 -1 -1 -1 -1 -1 -1 -1 -1 -1 -1 -1 -1 -1 -1 -1 -1 -1 -1 -1 -1 -1 -1 -1 -1 -1 -1 -1 -1 -1 -1 -1 -1 -1 -1 -1 -1 -1 -1 -1 -1 -1 -1 -1 -1 -1 -1 -1 -1 -1 -1 -1 -1 -1 -1 -1 -1 -1 -1 -1 -1 -1 -1 -1 -1 -1 -1 -1 -1 -1 -1 -1 -1 -1 -1 -1 -1 -1 -1 -1 -1 -1 -1 -1 -1 -1 -1 -1 -1 -1 -1 -1 -1 -1 -1 -1 -1 -1 -1 -1 -1 -1 -1 -1 -1 -1 -1 -1 -1 -1 -1 -1 -1 -1 -1 -1 -1 -1 -1 -1 -1 -1 -1
-1 -1 -1 -1 -1 -1 -1 -1 -1 -1 -1 -1 -1 -1 -1 -1 -1 -1 -1 -1 -1 -1 -1 -1 -1 -1 -1 -1 -1 -1 -1 -1 -1 -1 -1 -1 -1 -2 -75 -114 -128 -30 -1 -6 -105 -6 -35 -36 -115 -100 0 27 10 31 19 25 32 45 25 27 27 33 24 50 72 58 42 44 85 110 113 91 29 26 25 35 44 64 56 64 79 79 99 36 41 81 96 93 97 90 58 41 43 41 47 68 62 56 6 0 33 20 24 64 42 0 22 19 53 79 100 81 96 97 91 77 90 105 85 64 91 111 95 100 108 94 96 107 96 99 107 89 62 43 52 48 71 76 45 54 79 65 66 56 48 54 65 91 76 85 104 110 106 82 85 89 48 24 25 42 48 41 21 24 19 25 49 55 36 22 26 -117 -40 -1 -1 -1 -1 -1 -1 -1 -1 -1 -1 -1 -1 -1 -1 -1 -1 -1 -1 -1 -1 -1 -1 -1 -1 -1 -1 -1 -1 -1 -1 -1 -1 -1 -1 -1 -1 -1 -1 -1 -1 -1 -1 -1 -1 -1 -1 -1 -1 -1 -1 -1 -1 -1 -1 -1 -1 -1 -1 -1 -1 -1 -1 -1 -1 -1 -1 -1 -1 -1 -1 -1 -1 -1 -1 -1 -1 -1 -1 -1 -1 -1 -1 -1 -1 -1 -1 -1 -1 -1 -1 -1 -1 -1 -1 -1 -1 -1 -1 -1 -1 -1 -1 -1 -1 -1 -1 -1 -1 -1 -1 -1 -1 -1 -1 -1 -1 -1 -1 -1 -1 -1 -1 -1 -1 -1 -1 -1 -1 -1 -1 -1 -1 -1 -1 -1 -1 -1 -1 -1 -1 -1 -1 -1 -1 -1 -1 -1 -1 -1 -1 -1 -1 -1 -1 -1 -1 -1 -1 -1 -1 -1 -1 -1 -1 -1 -1 -1 -1 -1 -1 -1 -1 -1 -1 -1 -1 -1 -1 -1 -1 -1 -1 -1 -1 -1 -1 -1 -1 -1 -1 -1 -1 -1 -1 -1 -1 -1 -1 -1 -1 -1 -1 -1 -1 -1 -1 -1 -1 -1 -1 -1 -1 -1 -1 -1 -1 -1 -1 -1 -1 -1 -1 -1 -1 -1 -1 -1 -1 -1 -1 -1 -1 -1 -1 -1 -1 -1 -1 -1 -1 -1 -1 -1 -1 -1 -1 -1 -1 -1 -1 -1 -1 -1 -1 -1 -1 -1 -1 -1 -1 -1 -1 -1 -1 -1 -1 -1 -1 -1 -1 -1 -1 -1 -1 -1 -1 -1 -1 -1 -1 -1 -1 -1 -1 -1 -1 -1 -1 -1 -1 -1 -1 -1 -1 -1 -1 -1 -1 -1 -1 -1 -1 -1 -1 -1 -1 -1 -1 -1 -1 -1 -1 -1 -1 -1 -1 -1 -1 -1 -1 -1 -1 -1 -1 -1 -1 -1 -1 -1 -1 -1 -1 -1 -1 -1 -1 -1 -1 -1
-1 -1 -1 -1 -1 -1 -1 -1 -1 -1 -1 -1 -1 -1 -1 -1 -1 -1 -1 -1 -1 -1 -1 -1 -1 -1 -1 -1 -1 -1 -1 -1 -1 -1 -1 -1 -1 -1 -4 -1 -9 -1 -34 -8 -1 -1 -1 -1 -116 -128 10 20 25 3 0 0 19 15 18 18 7 21 24 35 67 0 39 73 91 112 101 78 36 37 10 49 61 83 85 84 79 67 83 90 85 106 99 112 106 106 88 70 54 53 47 77 89 77 35 31 20 22 35 77 78 18 0 0 26 79 77 56 89 112 90 96 96 87 87 60 88 107 101 94 106 90 90 101 90 72 101 99 77 41 45 47 61 81 52 52 67 47 41 43 44 65 59 78 72 72 85 95 94 85 95 70 36 25 19 19 29 38 24 24 19 31 32 50 37 15 0 -88 -1 -1 -1 -1 -1 -1 -1 -1 -1 -1 -1 -1 -1 -1 -1 -1 -1 -1 -1 -1 -1 -1 -1 -1 -1 -1 -1 -1 -1 -1 -1 -1 -1 -1 -1 -1 -1 -1 -1 -1 -1 -1 -1 -1 -1 -1 -1 -1 -1 -1 -1 -1 -1 -1 -1 -1 -1 -1 -1 -1 -1 -1 -1 -1 -1 -1 -1 -1 -1 -1 -1 -1 -1 -1 -1 -1 -1 -1 -1 -1 -1 -1 -1 -1 -1 -1 -1 -1 -1 -1 -1 -1 -1 -1 -1 -1 -1 -1 -1 -1 -1 -1 -1 -1 -1 -1 -1 -1 -1 -1 -1 -1 -1 -1 -1 -1 -1 -1 -1 -1 -1 -1 -1 -1 -1 -1 -1 -1 -1 -1 -1 -1 -1 -1 -1 -1 -1 -1 -1 -1 -1 -1 -1 -1 -1 -1 -1 -1 -1 -1 -1 -1 -1 -1 -1 -1 -1 -1 -1 -1 -1 -1 -1 -1 -1 -1 -1 -1 -1 -1 -1 -1 -1 -1 -1 -1 -1 -1 -1 -1 -1 -1 -1 -1 -1 -1 -1 -1 -1 -1 -1 -1 -1 -1 -1 -1 -1 -1 -1 -1 -1 -1 -1 -1 -1 -1 -1 -1 -1 -1 -1 -1 -1 -1 -1 -1 -1 -1 -1 -1 -1 -1 -1 -1 -1 -1 -1 -1 -1 -1 -1 -1 -1 -1 -1 -1 -1 -1 -1 -1 -1 -1 -1 -1 -1 -1 -1 -1 -1 -1 -1 -1 -1 -1 -1 -1 -1 -1 -1 -1 -1 -1 -1 -1 -1 -1 -1 -1 -1 -1 -1 -1 -1 -1 -1 -1 -1 -1 -1 -1 -1 -1 -1 -1 -1 -1 -1 -1 -1 -1 -1 -1 -1 -1 -1 -1 -1 -1 -1 -1 -1 -1 -1 -1 -1 -1 -1 -1 -1 -1 -1 -1 -1 -1 -1 -1 -1 -1 -1 -1 -1 -1 -1 -1 -1 -1 -1 -1 -1 -1 -1 -1 -1 -1 -1 -1 -1 -1 -1 -1
-1 -1 -1 -1 -1 -1 -1 -1 -1 -1 -1 -1 -1 -1 -1 -1 -1 -1 -1 -1 -1 -1 -1 -1 -1 -1 -1 -1 -1 -1 -1 -1 -1 -1 -1 -1 -1 -1 -89 -87 -77 -128 -128 -112 -1 -11 -105 -3 -59 -111 9 15 10 0 18 4 0 0 0 0 0 30 19 50 49 0 38 66 94 102 73 44 61 93 45 25 97 89 87 83 72 74 64 84 78 105 81 94 102 113 106 87 73 65 54 84 104 83 76 65 25 24 38 64 96 45 8 0 19 70 39 77 106 94 106 83 95 72 83 62 78 83 99 85 100 99 85 94 81 54 87 101 67 41 38 31 44 68 54 38 45 49 61 73 55 73 66 65 65 76 110 107 94 94 102 72 44 42 27 20 22 37 33 20 20 37 26 47 33 0 -128 -55 -1 -1 -1 -1 -1 -1 -1 -1 -1 -1 -1 -1 -1 -1 -1 -1 -1 -1 -1 -1 -1 -1 -1 -1 -1 -1 -1 -1 -1 -1 -1 -1 -1 -1 -1 -1 -1 -1 -1 -1 -1 -1 -1 -1 -1 -1 -1 -1 -1 -1 -1 -1 -1 -1 -1 -1 -1 -1 -1 -1 -1 -1 -1 -1 -1 -1 -1 -1 -1 -1 -1 -1 -1 -1 -1 -1 -1 -1 -1 -1 -1 -1 -1 -1 -1 -1 -1 -1 -1 -1 -1 -1 -1 -1 -1 -1 -1 -1 -1 -1 -1 -1 -1 -1 -1 -1 -1 -1 -1 -1 -1 -1 -1 -1 -1 -1 -1 -1 -1 -1 -1 -1 -1 -1 -1 -1 -1 -1 -1 -1 -1 -1 -1 -1 -1 -1 -1 -1 -1 -1 -1 -1 -1 -1 -1 -1 -1 -1 -1 -1 -1 -1 -1 -1 -1 -1 -1 -1 -1 -1 -1 -1 -1 -1 -1 -1 -1 -1 -1 -1 -1 -1 -1 -1 -1 -1 -1 -1 -1 -1 -1 -1 -1 -1 -1 -1 -1 -1 -1 -1 -1 -1 -1 -1 -1 -1 -1 -1 -1 -1 -1 -1 -1 -1 -1 -1 -1 -1 -1 -1 -1 -1 -1 -1 -1 -1 -1 -1 -1 -1 -1 -1 -1 -1 -1 -1 -1 -1 -1 -1 -1 -1 -1 -1 -1 -1 -1 -1 -1 -1 -1 -1 -1 -1 -1 -1 -1 -1 -1 -1 -1 -1 -1 -1 -1 -1 -1 -1 -1 -1 -1 -1 -1 -1 -1 -1 -1 -1 -1 -1 -1 -1 -1 -1 -1 -1 -1 -1 -1 -1 -1 -1 -1 -1 -1 -1 -1 -1 -1 -1 -1 -1 -1 -1 -1 -1 -1 -1 -1 -1 -1 -1 -1 -1 -1 -1 -1 -1 -1 -1 -1 -1 -1 -1 -1 -1 -1 -1 -1 -1 -1 -1 -1 -1 -1 -1 -1 -1 -1 -1 -1 -1 -1 -1 -1 -1 -1 -1 -1 -1
-1 -1 -1 -1 -1 -1 -1 -1 -1 -1 -1 -1 -1 -1 -1 -1 -1 -1 -1 -1 -1 -1 -1 -1 -1 -1 -1 -1 -1 -1 -1 -1 -1 -1 -4 -106 -1 -1 -1 -114 -86 -105 -119 -128 -119 -128 -115 -128 -128 -128 -128 0 0 12 42 37 1 24 16 19 2 0 26 39 20 14 68 74 97 101 79 56 76 105 105 42 83 108 110 111 105 102 81 53 59 76 66 81 108 96 105 100 89 67 79 95 100 83 73 48 44 54 39 64 95 36 6 10 39 35 45 88 81 82 101 100 95 70 67 72 58 66 83 78 91 96 74 91 68 47 67 100 84 58 41 27 36 41 33 37 42 54 76 96 71 89 85 89 70 95 108 105 110 95 73 73 49 52 41 26 26 30 26 22 21 27 26 44 24 0 -126 -1 -1 -1 -1 -1 -1 -1 -1 -1 -1 -1 -1 -1 -1 -1 -1 -1 -1 -1 -1 -1 -1 -1 -1 -1 -1 -1 -1 -1 -1 -1 -1 -1 -1 -1 -1 -1 -1 -1 -1 -1 -1 -1 -1 -1 -1 -1 -1 -1 -1 -1 -1 -1 -1 -1 -1 -1 -1 -1 -1 -1 -1 -1 -1 -1 -1 -1 -1 -1 -1 -1 -1 -1 -1 -1 -1 -1 -1 -1 -1 -1 -1 -1 -1 -1 -1 -1 -1 -1 -1 -1 -1 -1 -1 -1 -1 -1 -1 -1 -1 -1 -1 -1 -1 -1 -1 -1 -1 -1 -1 -1 -1 -1 -1 -1 -1 -1 -1 -1 -1 -1 -1 -1 -1 -1 -1 -1 -1 -1 -1 -1 -1 -1 -1 -1 -1 -1 -1 -1 -1 -1 -1 -1 -1 -1 -1 -1 -1 -1 -1 -1 -1 -1 -1 -1 -1 -1 -1 -1 -1 -1 -1 -1 -1 -1 -1 -1 -1 -1 -1 -1 -1 -1 -1 -1 -1 -1 -1 -1 -1 -1 -1 -1 -1 -1 -1 -1 -1 -1 -1 -1 -1 -1 -1 -1 -1 -1 -1 -1 -1 -1 -1 -1 -1 -1 -1 -1 -1 -1 -1 -1 -1 -1 -1 -1 -1 -1 -1 -1 -1 -1 -1 -1 -1 -1 -1 -1 -1 -1 -1 -1 -1 -1 -1 -1 -1 -1 -1 -1 -1 -1 -1 -1 -1 -1 -1 -1 -1 -1 -1 -1 -1 -1 -1 -1 -1 -1 -1 -1 -1 -1 -1 -1 -1 -1 -1 -1 -1 -1 -1 -1 -1 -1 -1 -1 -1 -1 -1 -1 -1 -1 -1 -1 -1 -1 -1 -1 -1 -1 -1 -1 -1 -1 -1 -1 -1 -1 -1 -1 -1 -1 -1 -1 -1 -1 -1 -1 -1 -1 -1 -1 -1 -1 -1 -1 -1 -1 -1 -1 -1 -1 -1 -1 -1 -1 -1 -1 -1 -1 -1 -1 -1 -1 -1 -1 -1 -1 -1 -1 -1 -1
-1 -1 -1 -1 -1 -1 -1 -1 -1 -1 -1 -1 -1 -1 -1 -40 -1 -1 -1 -1 -1 -1 -1 -1 -1 -1 -1 -1 -1 -1 -1 -1 -1 -1 -50 -1 -1 -1 -1 -1 -1 -1 -67 -128 0 7 27 7 16 10 3 0 0 24 50 32 18 30 22 27 19 29 27 21 22 55 102 96 95 114 108 83 70 96 101 90 21 83 94 76 79 106 101 90 72 55 48 76 100 72 87 105 104 85 104 97 91 90 64 52 77 91 77 90 105 56 4 0 1 16 37 44 52 82 105 102 106 83 61 58 53 53 81 72 84 83 70 83 61 37 45 64 89 65 33 32 56 41 43 43 66 74 87 106 95 105 108 100 94 101 96 87 107 87 49 44 29 29 27 26 24 20 24 19 21 21 22 29 15 -120 -107 -1 -1 -1 -1 -1 -1 -1 -1 -1 -1 -1 -1 -1 -1 -1 -1 -1 -1 -1 -1 -1 -1 -1 -1 -1 -1 -1 -1 -1 -1 -1 -1 -1 -1 -1 -1 -1 -1 -1 -1 -1 -1 -1 -1 -1 -1 -1 -1 -1 -1 -1 -1 -1 -1 -1 -1 -1 -1 -1 -1 -1 -1 -1 -1 -1 -1 -1 -1 -1 -1 -1 -1 -1 -1 -1 -1 -1 -1 -1 -1 -1 -1 -1 -1 -1 -1 -1 -1 -1 -1 -1 -1 -1 -1 -1 -1 -1 -1 -1 -1 -1 -1 -1 -1 -1 -1 -1 -1 -1 -1 -1 -1 -1 -1 -1 -1 -1 -1 -1 -1 -1 -1 -1 -1 -1 -1 -1 -1 -1 -1 -1 -1 -1 -1 -1 -1 -1 -1 -1 -1 -1 -1 -1 -1 -1 -1 -1 -1 -1 -1 -1 -1 -1 -1 -1 -1 -1 -1 -1 -1 -1 -1 -1 -1 -1 -1 -1 -1 -1 -1 -1 -1 -1 -1 -1 -1 -1 -1 -1 -1 -1 -1 -1 -1 -1 -1 -1 -1 -1 -1 -1 -1 -1 -1 -1 -1 -1 -1 -1 -1 -1 -1 -1 -1 -1 -1 -1 -1 -1 -1 -1 -1 -1 -1 -1 -1 -1 -1 -1 -1 -1 -1 -1 -1 -1 -1 -1 -1 -1 -1 -1 -1 -1 -1 -1 -1 -1 -1 -1 -1 -1 -1 -1 -1 -1 -1 -1 -1 -1 -1 -1 -1 -1 -1 -1 -1 -1 -1 -1 -1 -1 -1 -1 -1 -1 -1 -1 -1 -1 -1 -1 -1 -1 -1 -1 -1 -1 -1 -1 -1 -1 -1 -1 -1 -1 -1 -1 -1 -1 -1 -1 -1 -1 -1 -1 -1 -1 -1 -1 -1 -1 -1 -1 -1 -1 -1 -1 -1 -1 -1 -1 -1 -1 -1 -1 -1 -1 -1 -1 -1 -1 -1 -1 -1 -1 -1 -1 -1 -1 -1 -1 -1 -1 -1 -1 -1 -1 -1 -1 -1 -1
-1 -1 -1 -1 -1 -1 -1 -1 -1 -1 -1 -1 -1 -1 -1 -8 -13 -50 -44 -1 -1 -1 -1 -1 -1 -1 -1 -1 -1 -1 -1 -1 -69 -128 -105 -78 -1 -1 -1 -1 -1 -1 -60 -128 0 41 44 33 30 26 19 12 21 37 49 20 13 26 22 24 32 25 24 30 68 96 111 104 89 106 111 83 84 95 93 114 85 4 9 26 47 67 88 83 90 59 48 48 73 53 55 102 110 105 84 66 60 87 87 93 105 112 99 64 87 67 52 14 0 6 32 48 67 88 114 93 99 107 87 50 42 38 68 74 60 56 72 81 52 38 31 38 45 36 26 27 72 77 78 68 59 89 108 101 89 101 101 100 104 110 83 70 94 107 65 43 48 31 21 22 26 31 29 24 32 33 24 37 0 -84 -1 -1 -1 -1 -1 -1 -1 -1 -1 -1 -1 -1 -1 -1 -1 -1 -1 -1 -1 -1 -1 -1 -1 -1 -1 -1 -1 -1 -1 -1 -1 -1 -1 -1 -1 -1 -1 -1 -1 -1 -1 -1 -1 -1 -1 -1 -1 -1 -1 -1 -1 -1 -1 -1 -1 -1 -1 -1 -1 -1 -1 -1 -1 -1 -1 -1 -1 -1 -1 -1 -1 -1 -1 -1 -1 -1 -1 -1 -1 -1 -1 -1 -1 -1 -1 -1 -1 -1 -1 -1 -1 -1 -1 -1 -1 -1 -1 -1 -1 -1 -1 -1 -1 -1 -1 -1 -1 -1 -1 -1 -1 -1 -1 -1 -1 -1 -1 -1 -1 -1 -1 -1 -1 -1 -1 -1 -1 -1 -1 -1 -1 -1 -1 -1 -1 -1 -1 -1 -1 -1 -1 -1 -1 -1 -1 -1 -1 -1 -1 -1 -1 -1 -1 -1 -1 -1 -1 -1 -1 -1 -1 -1 -1 -1 -1 -1 -1 -1 -1 -1 -1 -1 -1 -1 -1 -1 -1 -1 -1 -1 -1 -1 -1 -1 -1 -1 -1 -1 -1 -1 -1 -1 -1 -1 -1 -1 -1 -1 -1 -1 -1 -1 -1 -1 -1 -1 -1 -1 -1 -1 -1 -1 -1 -1 -1 -1 -1 -1 -1 -1 -1 -1 -1 -1 -1 -1 -1 -1 -1 -1 -1 -1 -1 -1 -1 -1 -1 -1 -1 -1 -1 -1 -1 -1 -1 -1 -1 -1 -1 -1 -1 -1 -1 -1 -1 -1 -1 -1 -1 -1 -1 -1 -1 -1 -1 -1 -1 -1 -1 -1 -1 -1 -1 -1 -1 -1 -1 -1 -1 -1 -1 -1 -1 -1 -1 -1 -1 -1 -1 -1 -1 -1 -1 -1 -1 -1 -1 -1 -1 -1 -1 -1 -1 -1 -1 -1 -1 -1 -1 -1 -1 -1 -1 -1 -1 -1 -1 -1 -1 -1 -1 -1 -1 -1 -1 -1 -1 -1 -1 -1 -1 -1 -1 -1 -1 -1 -1 -1 -1 -1 -1 -1
-1 -1 -1 -1 -1 -1 -1 -1 -1 -1 -1 -1 -1 -9 -1 -128 -128 -128 -128 -1 -74 -87 -1 -1 -1 -1 -1 -1 -1 -1 -1 -22 -128 -128 -16 -1 -1 -1 -23 -1 -1 -1 -1 -45 -107 30 33 35 25 14 32 36 27 36 30 8 22 16 15 31 44 33 18 38 77 106 94 85 73 93 99 100 96 94 81 107 100 72 52 0 38 52 39 68 87 89 89 45 41 33 37 81 105 94 56 48 41 47 58 90 90 96 85 35 43 31 3 14 2 0 48 70 100 112 101 99 111 91 102 83 41 32 55 71 44 66 81 88 70 53 35 27 22 18 18 42 70 95 101 89 73 88 87 104 82 93 104 96 83 108 76 61 83 111 88 67 64 61 35 29 24 20 27 32 35 42 31 27 -116 -112 -1 -1 -1 -1 -1 -1 -1 -1 -1 -1 -1 -1 -1 -1 -1 -1 -1 -1 -1 -1 -1 -1 -1 -1 -1 -1 -1 -1 -1 -1 -1 -1 -1 -1 -1 -1 -1 -1 -1 -1 -1 -1 -1 -1 -1 -1 -1 -1 -1 -1 -1 -1 -1 -1 -1 -1 -1 -1 -1 -1 -1 -1 -1 -1 -1 -1 -1 -1 -1 -1 -1 -1 -1 -1 -1 -1 -1 -1 -1 -1 -1 -1 -1 -1 -1 -1 -1 -1 -1 -1 -1 -1 -1 -1 -1 -1 -1 -1 -1 -1 -1 -1 -1 -1 -1 -1 -1 -1 -1 -1 -1 -1 -1 -1 -1 -1 -1 -1 -1 -1 -1 -1 -1 -1 -1 -1 -1 -1 -1 -1 -1 -1 -1 -1 -1 -1 -1 -1 -1 -1 -1 -1 -1 -1 -1 -1 -1 -1 -1 -1 -1 -1 -1 -1 -1 -1 -1 -1 -1 -1 -1 -1 -1 -1 -1 -1 -1 -1 -1 -1 -1 -1 -1 -1 -1 -1 -1 -1 -1 -1 -1 -1 -1 -1 -1 -1 -1 -1 -1 -1 -1 -1 -1 -1 -1 -1 -1 -1 -1 -1 -1 -1 -1 -1 -1 -1 -1 -1 -1 -1 -1 -1 -1 -1 -1 -1 -1 -1 -1 -1 -1 -1 -1 -1 -1 -1 -1 -1 -1 -1 -1 -1 -1 -1 -1 -1 -1 -1 -1 -1 -1 -1 -1 -1 -1 -1 -1 -1 -1 -1 -1 -1 -1 -1 -1 -1 -1 -1 -1 -1 -1 -1 -1 -1 -1 -1 -1 -1 -1 -1 -1 -1 -1 -1 -1 -1 -1 -1 -1 -1 -1 -1 -1 -1 -1 -1 -1 -1 -1 -1 -1 -1 -1 -1 -1 -1 -1 -1 -1 -1 -1 -1 -1 -1 -1 -1 -1 -1 -1 -1 -1 -1 -1 -1 -1 -1 -1 -1 -1 -1 -1 -1 -1 -1 -1 -1 -1 -1 -1 -1 -1 -1 -1 -1 -1 -1 -1 -1 -1 -1 -1 -1
-1 -1 -1 -1 -1 -1 -1 -1 -1 -1 -1 -1 -1 -128 -128 -128 -128 -110 -53 -1 -23 -102 -49 -1 -1 -1 -1 -1 -1 -1 -1 -1 -107 -112 -1 -1 -1 -36 -96 -1 -1 -1 -1 -77 0 15 27 19 22 27 24 29 27 22 24 12 30 18 30 39 48 39 22 32 62 96 74 65 68 78 83 84 82 78 74 85 104 111 87 8 65 52 77 105 108 110 96 65 47 58 37 47 81 99 72 43 31 27 47 73 59 56 48 31 10 0 0 0 0 2 26 52 88 108 91 85 111 94 106 91 53 35 37 64 62 44 64 84 87 82 71 53 25 16 14 32 44 56 91 110 106 99 70 88 66 87 105 74 67 102 81 49 82 111 94 76 37 30 27 21 30 25 31 44 44 47 22 0 -128 -26 -1 -1 -1 -1 -1 -1 -1 -1 -1 -1 -1 -1 -1 -1 -1 -1 -1 -1 -1 -1 -1 -1 -1 -1 -1 -1 -1 -1 -1 -1 -1 -1 -1 -1 -1 -1 -1 -1 -1 -1 -1 -1 -1 -1 -1 -1 -1 -1 -1 -1 -1 -1 -1 -1 -1 -1 -1 -1 -1 -1 -1 -1 -1 -1 -1 -1 -1 -1 -1 -1 -1 -1 -1 -1 -1 -1 -1 -1 -1 -1 -1 -1 -1 -1 -1 -1 -1 -1 -1 -1 -1 -1 -1 -1 -1 -1 -1 -1 -1 -1 -1 -1 -1 -1 -1 -1 -1 -1 -1 -1 -1 -1 -1 -1 -1 -1 -1 -1 -1 -1 -1 -1 -1 -1 -1 -1 -1 -1 -1 -1 -1 -1 -1 -1 -1 -1 -1 -1 -1 -1 -1 -1 -1 -1 -1 -1 -1 -1 -1 -1 -1 -1 -1 -1 -1 -1 -1 -1 -1 -1 -1 -1 -1 -1 -1 -1 -1 -1 -1 -1 -1 -1 -1 -1 -1 -1 -1 -1 -1 -1 -1 -1 -1 -1 -1 -1 -1 -1 -1 -1 -1 -1 -1 -1 -1 -1 -1 -1 -1 -1 -1 -1 -1 -1 -1 -1 -1 -1 -1 -1 -1 -1 -1 -1 -1 -1 -1 -1 -1 -1 -1 -1 -1 -1 -1 -1 -1 -1 -1 -1 -1 -1 -1 -1 -1 -1 -1 -1 -1 -1 -1 -1 -1 -1 -1 -1 -1 -1 -1 -1 -1 -1 -1 -1 -1 -1 -1 -1 -1 -1 -1 -1 -1 -1 -1 -1 -1 -1 -1 -1 -1 -1 -1 -1 -1 -1 -1 -1 -1 -1 -1 -1 -1 -1 -1 -1 -1 -1 -1 -1 -1 -1 -1 -1 -1 -1 -1 -1 -1 -1 -1 -1 -1 -1 -1 -1 -1 -1 -1 -1 -1 -1 -1 -1 -1 -1 -1 -1 -1 -1 -1 -1 -1 -1 -1 -1 -1 -1 -1 -1 -1 -1 -1 -1 -1 -1 -1 -1 -1 -1 -1 -1
-1 -1 -1 -1 -1 -1 -1 -1 -1 -1 -1 -1 -1 -1 -11 -12 -1 -1 -1 -1 -1 -1 -1 -1 -1 -1 -1 -1 -1 -1 -1 -1 -1 -1 -1 -1 -1 -8 -1 -1 -1 -1 -1 -50 -125 0 27 31 31 26 26 35 25 26 19 24 22 29 39 44 42 26 19 25 48 62 58 81 81 79 78 77 68 65 71 64 74 106 91 56 59 89 74 65 72 83 108 99 95 84 49 35 37 49 50 49 25 22 22 48 33 24 20 30 1 0 44 49 18 38 53 60 84 111 100 78 100 111 84 100 77 52 33 36 53 39 58 96 110 110 104 74 52 24 21 30 38 61 96 95 102 93 56 74 55 72 100 73 48 84 53 55 96 93 85 65 29 20 20 24 22 24 19 30 27 22 7 -128 -59 -1 -1 -1 -1 -1 -1 -1 -1 -1 -1 -1 -1 -1 -1 -1 -1 -1 -1 -1 -1 -1 -1 -1 -1 -1 -1 -1 -1 -1 -1 -1 -1 -1 -1 -1 -1 -1 -1 -1 -1 -1 -1 -1 -1 -1 -1 -1 -1 -1 -1 -1 -1 -1 -1 -1 -1 -1 -1 -1 -1 -1 -1 -1 -1 -1 -1 -1 -1 -1 -1 -1 -1 -1 -1 -1 -1 -1 -1 -1 -1 -1 -1 -1 -1 -1 -1 -1 -1 -1 -1 -1 -1 -1 -1 -1 -1 -1 -1 -1 -1 -1 -1 -1 -1 -1 -1 -1 -1 -1 -1 -1 -1 -1 -1 -1 -1 -1 -1 -1 -1 -1 -1 -1 -1 -1 -1 -1 -1 -1 -1 -1 -1 -1 -1 -1 -1 -1 -1 -1 -1 -1 -1 -1 -1 -1 -1 -1 -1 -1 -1 -1 -1 -1 -1 -1 -1 -1 -1 -1 -1 -1 -1 -1 -1 -1 -1 -1 -1 -1 -1 -1 -1 -1 -1 -1 -1 -1 -1 -1 -1 -1 -1 -1 -1 -1 -1 -1 -1 -1 -1 -1 -1 -1 -1 -1 -1 -1 -1 -1 -1 -1 -1 -1 -1 -1 -1 -1 -1 -1 -1 -1 -1 -1 -1 -1 -1 -1 -1 -1 -1 -1 -1 -1 -1 -1 -1 -1 -1 -1 -1 -1 -1 -1 -1 -1 -1 -1 -1 -1 -1 -1 -1 -1 -1 -1 -1 -1 -1 -1 -1 -1 -1 -1 -1 -1 -1 -1 -1 -1 -1 -1 -1 -1 -1 -1 -1 -1 -1 -1 -1 -1 -1 -1 -1 -1 -1 -1 -1 -1 -1 -1 -1 -1 -1 -1 -1 -1 -1 -1 -1 -1 -1 -1 -1 -1 -1 -1 -1 -1 -1 -1 -1 -1 -1 -1 -1 -1 -1 -1 -1 -1 -1 -1 -1 -1 -1 -1 -1 -1 -1 -1 -1 -1 -1 -1 -1 -1 -1 -1 -1 -1 -1 -1 -1 -1 -1 -1 -1 -1 -1 -1 -1 -1
-1 -1 -1 -1 -1 -1 -1 -1 -1 -1 -1 -1 -1 -1 -1 -1 -1 -1 -1 -1 -1 -1 -1 -1 -1 -1 -1 -1 -1 -1 -1 -1 -1 -1 -1 -1 -1 -1 -1 -1 -1 -1 -128 -89 -125 0 45 45 35 22 26 20 24 29 18 24 32 43 41 31 26 25 37 41 71 82 83 111 102 108 102 87 73 66 68 60 58 73 81 73 19 74 104 87 72 82 90 110 91 100 68 64 45 42 42 26 22 44 32 21 19 20 26 31 6 0 35 61 59 58 52 67 87 113 100 67 87 105 100 102 100 74 41 21 39 55 81 104 100 100 99 83 48 20 37 58 62 73 105 84 96 77 45 58 43 74 99 71 35 47 47 83 97 82 83 81 42 26 22 35 29 30 30 18 0 -126 -128 -55 -1 -1 -1 -1 -1 -1 -1 -1 -1 -1 -1 -1 -1 -1 -1 -1 -1 -1 -1 -1 -1 -1 -1 -1 -1 -1 -1 -1 -1 -1 -1 -1 -1 -1 -1 -1 -1 -1 -1 -1 -1 -1 -1 -1 -1 -1 -1 -1 -1 -1 -1 -1 -1 -1 -1 -1 -1 -1 -1 -1 -1 -1 -1 -1 -1 -1 -1 -1 -1 -1 -1 -1 -1 -1 -1 -1 -1 -1 -1 -1 -1 -1 -1 -1 -1 -1 -1 -1 -1 -1 -1 -1 -1 -1 -1 -1 -1 -1 -1 -1 -1 -1 -1 -1 -1 -1 -1 -1 -1 -1 -1 -1 -1 -1 -1 -1 -1 -1 -1 -1 -1 -1 -1 -1 -1 -1 -1 -1 -1 -1 -1 -1 -1 -1 -1 -1 -1 -1 -1 -1 -1 -1 -1 -1 -1 -1 -1 -1 -1 -1 -1 -1 -1 -1 -1 -1 -1 -1 -1 -1 -1 -1 -1 -1 -1 -1 -1 -1 -1 -1 -1 -1 -1 -1 -1 -1 -1 -1 -1 -1 -1 -1 -1 -1 -1 -1 -1 -1 -1 -1 -1 -1 -1 -1 -1 -1 -1 -1 -1 -1 -1 -1 -1 -1 -1 -1 -1 -1 -1 -1 -1 -1 -1 -1 -1 -1 -1 -1 -1 -1 -1 -1 -1 -1 -1 -1 -1 -1 -1 -1 -1 -1 -1 -1 -1 -1 -1 -1 -1 -1 -1 -1 -1 -1 -1 -1 -1 -1 -1 -1 -1 -1 -1 -1 -1 -1 -1 -1 -1 -1 -1 -1 -1 -1 -1 -1 -1 -1 -1 -1 -1 -1 -1 -1 -1 -1 -1 -1 -1 -1 -1 -1 -1 -1 -1 -1 -1 -1 -1 -1 -1 -1 -1 -1 -1 -1 -1 -1 -1 -1 -1 -1 -1 -1 -1 -1 -1 -1 -1 -1 -1 -1 -1 -1 -1 -1 -1 -1 -1 -1 -1 -1 -1 -1 -1 -1 -1 -1 -1 -1 -1 -1 -1 -1 -1 -1 -1 -1 -1 -1 -1 -1 -1 -1
-1 -1 -1 -1 -1 -1 -1 -1 -1 -1 -1 -1 -1 -1 -1 -1 -1 -1 -1 -1 -1 -1 -1 -1 -1 -1 -1 -1 -1 -1 -1 -1 -1 -1 -1 -1 -1 -1 -1 -1 -1 -17 -128 -100 0 19 54 42 22 19 20 32 33 25 18 22 29 50 43 32 31 50 54 54 90 107 112 104 94 93 95 82 65 67 78 66 56 54 50 52 15 50 76 104 89 93 81 81 88 101 102 78 74 59 44 25 48 62 61 19 18 29 48 55 35 4 7 33 38 41 41 70 104 102 97 71 73 87 88 84 108 88 56 32 32 71 81 88 70 74 88 91 43 20 44 83 91 97 102 77 54 71 45 41 30 67 89 78 26 33 70 82 76 82 74 84 58 30 16 16 31 22 7 0 -128 -64 -11 -1 -1 -1 -1 -1 -1 -1 -1 -1 -1 -1 -1 -1 -1 -1 -1 -1 -1 -1 -1 -1 -1 -1 -1 -1 -1 -1 -1 -1 -1 -1 -1 -1 -1 -1 -1 -1 -1 -1 -1 -1 -1 -1 -1 -1 -1 -1 -1 -1 -1 -1 -1 -1 -1 -1 -1 -1 -1 -1 -1 -1 -1 -1 -1 -1 -1 -1 -1 -1 -1 -1 -1 -1 -1 -1 -1 -1 -1 -1 -1 -1 -1 -1 -1 -1 -1 -1 -1 -1 -1 -1 -1 -1 -1 -1 -1 -1 -1 -1 -1 -1 -1 -1 -1 -1 -1 -1 -1 -1 -1 -1 -1 -1 -1 -1 -1 -1 -1 -1 -1 -1 -1 -1 -1 -1 -1 -1 -1 -1 -1 -1 -1 -1 -1 -1 -1 -1 -1 -1 -1 -1 -1 -1 -1 -1 -1 -1 -1 -1 -1 -1 -1 -1 -1 -1 -1 -1 -1 -1 -1 -1 -1 -1 -1 -1 -1 -1 -1 -1 -1 -1 -1 -1 -1 -1 -1 -1 -1 -1 -1 -1 -1 -1 -1 -1 -1 -1 -1 -1 -1 -1 -1 -1 -1 -1 -1 -1 -1 -1 -1 -1 -1 -1 -1 -1 -1 -1 -1 -1 -1 -1 -1 -1 -1 -1 -1 -1 -1 -1 -1 -1 -1 -1 -1 -1 -1 -1 -1 -1 -1 -1 -1 -1 -1 -1 -1 -1 -1 -1 -1 -1 -1 -1 -1 -1 -1 -1 -1 -1 -1 -1 -1 -1 -1 -1 -1 -1 -1 -1 -1 -1 -1 -1 -1 -1 -1 -1 -1 -1 -1 -1 -1 -1 -1 -1 -1 -1 -1 -1 -1 -1 -1 -1 -1 -1 -1 -1 -1 -1 -1 -1 -1 -1 -1 -1 -1 -1 -1 -1 -1 -1 -1 -1 -1 -1 -1 -1 -1 -1 -1 -1 -1 -1 -1 -1 -1 -1 -1 -1 -1 -1 -1 -1 -1 -1 -1 -1 -1 -1 -1 -1 -1 -1 -1 -1 -1 -1 -1 -1 -1 -1 -1 -1 -1 -1
-1 -1 -1 -1 -1 -1 -1 -1 -1 -1 -1 -1 -1 -1 -1 -1 -1 -1 -1 -1 -1 -1 -1 -1 -1 -1 -1 -1 -1 -1 -1 -1 -1 -1 -1 -1 -1 -1 -1 -1 -1 -11 -91 -128 -128 0 22 20 15 24 27 16 21 29 24 32 36 47 44 42 42 68 76 70 110 111 90 81 74 74 95 72 87 104 110 101 91 72 59 77 27 53 49 67 89 105 84 87 89 94 83 67 55 52 47 38 66 94 68 38 49 67 97 97 72 22 0 18 22 30 49 78 101 91 78 82 53 61 58 82 112 107 78 44 27 31 56 61 42 53 67 71 45 22 29 61 85 72 99 70 38 59 61 35 22 54 52 66 22 48 88 59 48 76 76 97 81 48 21 20 31 18 0 -108 -1 -1 -1 -1 -1 -1 -1 -1 -1 -1 -1 -1 -1 -1 -1 -1 -1 -1 -1 -1 -1 -1 -1 -1 -1 -1 -1 -1 -1 -1 -1 -1 -1 -1 -1 -1 -1 -1 -1 -1 -1 -1 -1 -1 -1 -1 -1 -1 -1 -1 -1 -1 -1 -1 -1 -1 -1 -1 -1 -1 -1 -1 -1 -1 -1 -1 -1 -1 -1 -1 -1 -1 -1 -1 -1 -1 -1 -1 -1 -1 -1 -1 -1 -1 -1 -1 -1 -1 -1 -1 -1 -1 -1 -1 -1 -1 -1 -1 -1 -1 -1 -1 -1 -1 -1 -1 -1 -1 -1 -1 -1 -1 -1 -1 -1 -1 -1 -1 -1 -1 -1 -1 -1 -1 -1 -1 -1 -1 -1 -1 -1 -1 -1 -1 -1 -1 -1 -1 -1 -1 -1 -1 -1 -1 -1 -1 -1 -1 -1 -1 -1 -1 -1 -1 -1 -1 -1 -1 -1 -1 -1 -1 -1 -1 -1 -1 -1 -1 -1 -1 -1 -1 -1 -1 -1 -1 -1 -1 -1 -1 -1 -1 -1 -1 -1 -1 -1 -1 -1 -1 -1 -1 -1 -1 -1 -1 -1 -1 -1 -1 -1 -1 -1 -1 -1 -1 -1 -1 -1 -1 -1 -1 -1 -1 -1 -1 -1 -1 -1 -1 -1 -1 -1 -1 -1 -1 -1 -1 -1 -1 -1 -1 -1 -1 -1 -1 -1 -1 -1 -1 -1 -1 -1 -1 -1 -1 -1 -1 -1 -1 -1 -1 -1 -1 -1 -1 -1 -1 -1 -1 -1 -1 -1 -1 -1 -1 -1 -1 -1 -1 -1 -1 -1 -1 -1 -1 -1 -1 -1 -1 -1 -1 -1 -1 -1 -1 -1 -1 -1 -1 -1 -1 -1 -1 -1 -1 -1 -1 -1 -1 -1 -1 -1 -1 -1 -1 -1 -1 -1 -1 -1 -1 -1 -1 -1 -1 -1 -1 -1 -1 -1 -1 -1 -1 -1 -1 -1 -1 -1 -1 -1 -1 -1 -1 -1 -1 -1 -1 -1 -1 -1 -1 -1 -1 -1 -1 -1 -1
-1 -1 -1 -1 -1 -1 -1 -1 -1 -1 -1 -1 -1 -1 -1 -1 -1 -1 -1 -1 -1 -1 -1 -1 -1 -1 -1 -1 -1 -1 -1 -1 -1 -1 -1 -1 -1 -1 -1 -1 -1 -3 -84 -128 -115 -124 0 21 14 19 20 22 16 24 37 44 49 44 47 53 55 64 97 104 106 88 97 93 99 83 81 78 107 101 96 105 99 81 94 99 54 99 64 50 82 106 99 107 89 108 97 100 89 77 60 65 101 108 81 78 100 106 96 87 66 27 0 8 20 37 73 101 100 70 59 83 67 42 58 85 108 97 96 85 45 21 25 27 16 43 53 36 27 25 26 48 76 49 67 66 29 53 83 53 27 25 25 52 19 45 67 42 44 81 64 73 90 60 27 25 29 -105 -128 -44 -1 -1 -1 -1 -1 -1 -1 -1 -1 -1 -1 -1 -1 -1 -1 -1 -1 -1 -1 -1 -1 -1 -1 -1 -1 -1 -1 -1 -1 -1 -1 -1 -1 -1 -1 -1 -1 -1 -1 -1 -1 -1 -1 -1 -1 -1 -1 -1 -1 -1 -1 -1 -1 -1 -1 -1 -1 -1 -1 -1 -1 -1 -1 -1 -1 -1 -1 -1 -1 -1 -1 -1 -1 -1 -1 -1 -1 -1 -1 -1 -1 -1 -1 -1 -1 -1 -1 -1 -1 -1 -1 -1 -1 -1 -1 -1 -1 -1 -1 -1 -1 -1 -1 -1 -1 -1 -1 -1 -1 -1 -1 -1 -1 -1 -1 -1 -1 -1 -1 -1 -1 -1 -1 -1 -1 -1 -1 -1 -1 -1 -1 -1 -1 -1 -1 -1 -1 -1 -1 -1 -1 -1 -1 -1 -1 -1 -1 -1 -1 -1 -1 -1 -1 -1 -1 -1 -1 -1 -1 -1 -1 -1 -1 -1 -1 -1 -1 -1 -1 -1 -1 -1 -1 -1 -1 -1 -1 -1 -1 -1 -1 -1 -1 -1 -1 -1 -1 -1 -1 -1 -1 -1 -1 -1 -1 -1 -1 -1 -1 -1 -1 -1 -1 -1 -1 -1 -1 -1 -1 -1 -1 -1 -1 -1 -1 -1 -1 -1 -1 -1 -1 -1 -1 -1 -1 -1 -1 -1 -1 -1 -1 -1 -1 -1 -1 -1 -1 -1 -1 -1 -1 -1 -1 -1 -1 -1 -1 -1 -1 -1 -1 -1 -1 -1 -1 -1 -1 -1 -1 -1 -1 -1 -1 -1 -1 -1 -1 -1 -1 -1 -1 -1 -1 -1 -1 -1 -1 -1 -1 -1 -1 -1 -1 -1 -1 -1 -1 -1 -1 -1 -1 -1 -1 -1 -1 -1 -1 -1 -1 -1 -1 -1 -1 -1 -1 -1 -1 -1 -1 -1 -1 -1 -1 -1 -1 -1 -1 -1 -1 -1 -1 -1 -1 -1 -1 -1 -1 -1 -1 -1 -1 -1 -1 -1 -1 -1 -1 -1 -1 -1 -1 -1 -1 -1 -1 -1 -1 -1
-1 -1 -1 -1 -1 -1 -1 -1 -1 -1 -1 -1 -1 -1 -1 -1 -1 -1 -1 -1 -1 -1 -1 -1 -1 -1 -1 -1 -1 -1 -1 -1 -45 -63 -1 -1 -1 -1 -1 -1 -1 -8 -88 -128 -68 -128 0 36 27 10 21 32 25 18 33 37 47 56 53 54 82 90 106 94 101 104 95 87 88 76 77 90 102 93 58 91 105 89 112 101 36 93 89 53 56 94 99 83 79 107 104 110 99 99 78 93 112 99 101 95 83 84 81 52 30 36 7 3 20 37 62 83 108 89 58 47 43 54 72 87 87 79 74 88 68 54 33 15 27 45 26 16 21 29 32 48 61 33 36 41 20 43 76 77 50 21 25 36 19 35 38 26 68 89 48 81 74 67 39 20 0 -111 -128 -110 -1 -1 -1 -1 -1 -1 -1 -1 -1 -1 -1 -1 -1 -1 -1 -1 -1 -1 -1 -1 -1 -1 -1 -1 -1 -1 -1 -1 -1 -1 -1 -1 -1 -1 -1 -1 -1 -1 -1 -1 -1 -1 -1 -1 -1 -1 -1 -1 -1 -1 -1 -1 -1 -1 -1 -1 -1 -1 -1 -1 -1 -1 -1 -1 -1 -1 -1 -1 -1 -1 -1 -1 -1 -1 -1 -1 -1 -1 -1 -1 -1 -1 -1 -1 -1 -1 -1 -1 -1 -1 -1 -1 -1 -1 -1 -1 -1 -1 -1 -1 -1 -1 -1 -1 -1 -1 -1 -1 -1 -1 -1 -1 -1 -1 -1 -1 -1 -1 -1 -1 -1 -1 -1 -1 -1 -1 -1 -1 -1 -1 -1 -1 -1 -1 -1 -1 -1 -1 -1 -1 -1 -1 -1 -1 -1 -1 -1 -1 -1 -1 -1 -1 -1 -1 -1 -1 -1 -1 -1 -1 -1 -1 -1 -1 -1 -1 -1 -1 -1 -1 -1 -1 -1 -1 -1 -1 -1 -1 -1 -1 -1 -1 -1 -1 -1 -1 -1 -1 -1 -1 -1 -1 -1 -1 -1 -1 -1 -1 -1 -1 -1 -1 -1 -1 -1 -1 -1 -1 -1 -1 -1 -1 -1 -1 -1 -1 -1 -1 -1 -1 -1 -1 -1 -1 -1 -1 -1 -1 -1 -1 -1 -1 -1 -1 -1 -1 -1 -1 -1 -1 -1 -1 -1 -1 -1 -1 -1 -1 -1 -1 -1 -1 -1 -1 -1 -1 -1 -1 -1 -1 -1 -1 -1 -1 -1 -1 -1 -1 -1 -1 -1 -1 -1 -1 -1 -1 -1 -1 -1 -1 -1 -1 -1 -1 -1 -1 -1 -1 -1 -1 -1 -1 -1 -1 -1 -1 -1 -1 -1 -1 -1 -1 -1 -1 -1 -1 -1 -1 -1 -1 -1 -1 -1 -1 -1 -1 -1 -1 -1 -1 -1 -1 -1 -1 -1 -1 -1 -1 -1 -1 -1 -1 -1 -1 -1 -1 -1 -1 -1 -1 -1 -1 -1 -1 -1 -1 -1 -1
-1 -1 -1 -1 -1 -1 -1 -1 -1 -1 -1 -1 -1 -1 -1 -1 -1 -1 -1 -1 -1 -1 -1 -1 -1 -1 -1 -1 -1 -1 -1 -128 -128 -84 -6 -40 -1 -1 -1 -1 -1 -1 -1 -46 -39 -106 -102 21 36 19 20 33 30 26 36 45 48 73 79 66 96 114 107 104 93 95 91 87 107 87 106 112 112 101 56 49 90 108 112 81 15 87 68 45 48 94 105 72 77 105 93 111 108 104 104 110 93 105 83 71 55 54 66 58 27 19 18 0 15 31 47 89 94 94 89 73 55 36 42 61 77 76 72 72 74 70 55 29 20 27 19 27 22 25 38 48 43 30 32 29 19 30 42 47 44 20 22 32 18 25 20 26 67 56 44 73 60 52 41 36 3 -128 -107 -14 -1 -1 -1 -1 -1 -1 -1 -1 -1 -1 -1 -1 -1 -1 -1 -1 -1 -1 -1 -1 -1 -1 -1 -1 -1 -1 -1 -1 -1 -1 -1 -1 -1 -1 -1 -1 -1 -1 -1 -1 -1 -1 -1 -1 -1 -1 -1 -1 -1 -1 -1 -1 -1 -1 -1 -1 -1 -1 -1 -1 -1 -1 -1 -1 -1 -1 -1 -1 -1 -1 -1 -1 -1 -1 -1 -1 -1 -1 -1 -1 -1 -1 -1 -1 -1 -1 -1 -1 -1 -1 -1 -1 -1 -1 -1 -1 -1 -1 -1 -1 -1 -1 -1 -1 -1 -1 -1 -1 -1 -1 -1 -1 -1 -1 -1 -1 -1 -1 -1 -1 -1 -1 -1 -1 -1 -1 -1 -1 -1 -1 -1 -1 -1 -1 -1 -1 -1 -1 -1 -1 -1 -1 -1 -1 -1 -1 -1 -1 -1 -1 -1 -1 -1 -1 -1 -1 -1 -1 -1 -1 -1 -1 -1 -1 -1 -1 -1 -1 -1 -1 -1 -1 -1 -1 -1 -1 -1 -1 -1 -1 -1 -1 -1 -1 -1 -1 -1 -1 -1 -1 -1 -1 -1 -1 -1 -1 -1 -1 -1 -1 -1 -1 -1 -1 -1 -1 -1 -1 -1 -1 -1 -1 -1 -1 -1 -1 -1 -1 -1 -1 -1 -1 -1 -1 -1 -1 -1 -1 -1 -1 -1 -1 -1 -1 -1 -1 -1 -1 -1 -1 -1 -1 -1 -1 -1 -1 -1 -1 -1 -1 -1 -1 -1 -1 -1 -1 -1 -1 -1 -1 -1 -1 -1 -1 -1 -1 -1 -1 -1 -1 -1 -1 -1 -1 -1 -1 -1 -1 -1 -1 -1 -1 -1 -1 -1 -1 -1 -1 -1 -1 -1 -1 -1 -1 -1 -1 -1 -1 -1 -1 -1 -1 -1 -1 -1 -1 -1 -1 -1 -1 -1 -1 -1 -1 -1 -1 -1 -1 -1 -1 -1 -1 -1 -1 -1 -1 -1 -1 -1 -1 -1 -1 -1 -1 -1 -1 -1 -1 -1 -1 -1 -1 -1 -1 -1 -1 -1 -1
-1 -1 -1 -1 -1 -1 -1 -1 -1 -1 -1 -1 -1 -1 -1 -1 -1 -1 -1 -1 -1 -1 -1 -1 -1 -1 -1 -1 -1 -1 -1 -101 0 -94 -128 -110 -1 -1 -84 -81 -1 -1 -31 -1 -83 -101 -128 0 35 22 27 31 41 31 41 55 67 89 101 95 107 112 101 96 95 106 100 101 106 105 102 108 90 77 45 85 111 110 81 7 52 97 59 38 58 96 100 81 64 93 84 87 96 84 99 93 72 93 78 64 47 33 36 45 21 29 15 12 0 13 56 88 50 74 85 95 58 43 26 31 60 67 54 49 50 50 55 48 31 33 16 26 19 21 33 55 44 27 19 22 14 15 22 29 30 20 24 29 24 21 16 41 61 30 54 64 41 50 44 35 7 -128 -32 -1 -1 -1 -1 -1 -1 -1 -1 -1 -1 -1 -1 -1 -1 -1 -1 -1 -1 -1 -1 -1 -1 -1 -1 -1 -1 -1 -1 -1 -1 -1 -1 -1 -1 -1 -1 -1 -1 -1 -1 -1 -1 -1 -1 -1 -1 -1 -1 -1 -1 -1 -1 -1 -1 -1 -1 -1 -1 -1 -1 -1 -1 -1 -1 -1 -1 -1 -1 -1 -1 -1 -1 -1 -1 -1 -1 -1 -1 -1 -1 -1 -1 -1 -1 -1 -1 -1 -1 -1 -1 -1 -1 -1 -1 -1 -1 -1 -1 -1 -1 -1 -1 -1 -1 -1 -1 -1 -1 -1 -1 -1 -1 -1 -1 -1 -1 -1 -1 -1 -1 -1 -1 -1 -1 -1 -1 -1 -1 -1 -1 -1 -1 -1 -1 -1 -1 -1 -1 -1 -1 -1 -1 -1 -1 -1 -1 -1 -1 -1 -1 -1 -1 -1 -1 -1 -1 -1 -1 -1 -1 -1 -1 -1 -1 -1 -1 -1 -1 -1 -1 -1 -1 -1 -1 -1 -1 -1 -1 -1 -1 -1 -1 -1 -1 -1 -1 -1 -1 -1 -1 -1 -1 -1 -1 -1 -1 -1 -1 -1 -1 -1 -1 -1 -1 -1 -1 -1 -1 -1 -1 -1 -1 -1 -1 -1 -1 -1 -1 -1 -1 -1 -1 -1 -1 -1 -1 -1 -1 -1 -1 -1 -1 -1 -1 -1 -1 -1 -1 -1 -1 -1 -1 -1 -1 -1 -1 -1 -1 -1 -1 -1 -1 -1 -1 -1 -1 -1 -1 -1 -1 -1 -1 -1 -1 -1 -1 -1 -1 -1 -1 -1 -1 -1 -1 -1 -1 -1 -1 -1 -1 -1 -1 -1 -1 -1 -1 -1 -1 -1 -1 -1 -1 -1 -1 -1 -1 -1 -1 -1 -1 -1 -1 -1 -1 -1 -1 -1 -1 -1 -1 -1 -1 -1 -1 -1 -1 -1 -1 -1 -1 -1 -1 -1 -1 -1 -1 -1 -1 -1 -1 -1 -1 -1 -1 -1 -1 -1 -1 -1 -1 -1 -1 -1 -1 -1 -1 -1 -1 -1
-1 -1 -1 -1 -1 -1 -1 -1 -1 -1 -1 -1 -1 -1 -1 -1 -1 -1 -1 -1 -1 -1 -1 -1 -1 -1 -1 -1 -1 -1 -83 -114 0 -114 0 -128 -1 -1 -108 -108 -14 -116 -121 -121 -120 -128 0 15 38 33 36 37 49 44 54 78 96 106 111 110 105 95 97 104 112 108 102 105 102 90 116 108 76 50 56 76 66 70 15 70 106 96 67 36 47 58 82 70 56 68 70 65 83 70 105 99 96 94 96 74 36 42 36 39 30 59 24 24 0 6 60 47 24 32 56 95 93 66 48 26 38 44 41 37 26 29 30 36 24 35 13 37 20 30 33 49 37 16 19 19 12 20 16 20 20 21 22 21 19 29 29 52 42 29 54 36 21 45 44 0 -128 -121 -16 -1 -1 -1 -1 -1 -1 -1 -1 -1 -1 -1 -1 -1 -1 -1 -1 -1 -1 -1 -1 -1 -1 -1 -1 -1 -1 -1 -1 -1 -1 -1 -1 -1 -1 -1 -1 -1 -1 -1 -1 -1 -1 -1 -1 -1 -1 -1 -1 -1 -1 -1 -1 -1 -1 -1 -1 -1 -1 -1 -1 -1 -1 -1 -1 -1 -1 -1 -1 -1 -1 -1 -1 -1 -1 -1 -1 -1 -1 -1 -1 -1 -1 -1 -1 -1 -1 -1 -1 -1 -1 -1 -1 -1 -1 -1 -1 -1 -1 -1 -1 -1 -1 -1 -1 -1 -1 -1 -1 -1 -1 -1 -1 -1 -1 -1 -1 -1 -1 -1 -1 -1 -1 -1 -1 -1 -1 -1 -1 -1 -1 -1 -1 -1 -1 -1 -1 -1 -1 -1 -1 -1 -1 -1 -1 -1 -1 -1 -1 -1 -1 -1 -1 -1 -1 -1 -1 -1 -1 -1 -1 -1 -1 -1 -1 -1 -1 -1 -1 -1 -1 -1 -1 -1 -1 -1 -1 -1 -1 -1 -1 -1 -1 -1 -1 -1 -1 -1 -1 -1 -1 -1 -1 -1 -1 -1 -1 -1 -1 -1 -1 -1 -1 -1 -1 -1 -1 -1 -1 -1 -1 -1 -1 -1 -1 -1 -1 -1 -1 -1 -1 -1 -1 -1 -1 -1 -1 -1 -1 -1 -1 -1 -1 -1 -1 -1 -1 -1 -1 -1 -1 -1 -1 -1 -1 -1 -1 -1 -1 -1 -1 -1 -1 -1 -1 -1 -1 -1 -1 -1 -1 -1 -1 -1 -1 -1 -1 -1 -1 -1 -1 -1 -1 -1 -1 -1 -1 -1 -1 -1 -1 -1 -1 -1 -1 -1 -1 -1 -1 -1 -1 -1 -1 -1 -1 -1 -1 -1 -1 -1 -1 -1 -1 -1 -1 -1 -1 -1 -1 -1 -1 -1 -1 -1 -1 -1 -1 -1 -1 -1 -1 -1 -1 -1 -1 -1 -1 -1 -1 -1 -1 -1 -1 -1 -1 -1 -1 -1 -1 -1 -1 -1 -1 -1 -1 -1 -1 -1 -1 -1
-1 -1 -1 -1 -1 -1 -1 -1 -1 -1 -1 -1 -1 -1 -1 -1 -1 -1 -1 -1 -1 -1 -1 -1 -1 -1 -1 -1 -1 -34 -128 0 -105 -117 -128 -128 -128 -128 -110 -122 -121 0 16 21 2 -121 0 35 59 52 54 47 77 70 64 84 114 106 104 104 110 113 114 114 102 89 82 65 71 77 90 88 60 89 83 111 79 55 0 32 83 91 62 37 33 33 48 76 58 59 65 45 58 84 107 97 70 72 49 38 47 66 42 81 72 56 20 6 0 20 25 41 21 35 60 102 107 90 68 36 24 24 22 30 18 14 19 20 16 31 15 29 25 16 29 33 22 12 24 19 20 26 18 20 16 22 22 12 12 30 30 36 25 21 27 26 21 42 24 0 -89 -1 -1 -1 -1 -1 -1 -1 -1 -1 -1 -1 -1 -1 -1 -1 -1 -1 -1 -1 -1 -1 -1 -1 -1 -1 -1 -1 -1 -1 -1 -1 -1 -1 -1 -1 -1 -1 -1 -1 -1 -1 -1 -1 -1 -1 -1 -1 -1 -1 -1 -1 -1 -1 -1 -1 -1 -1 -1 -1 -1 -1 -1 -1 -1 -1 -1 -1 -1 -1 -1 -1 -1 -1 -1 -1 -1 -1 -1 -1 -1 -1 -1 -1 -1 -1 -1 -1 -1 -1 -1 -1 -1 -1 -1 -1 -1 -1 -1 -1 -1 -1 -1 -1 -1 -1 -1 -1 -1 -1 -1 -1 -1 -1 -1 -1 -1 -1 -1 -1 -1 -1 -1 -1 -1 -1 -1 -1 -1 -1 -1 -1 -1 -1 -1 -1 -1 -1 -1 -1 -1 -1 -1 -1 -1 -1 -1 -1 -1 -1 -1 -1 -1 -1 -1 -1 -1 -1 -1 -1 -1 -1 -1 -1 -1 -1 -1 -1 -1 -1 -1 -1 -1 -1 -1 -1 -1 -1 -1 -1 -1 -1 -1 -1 -1 -1 -1 -1 -1 -1 -1 -1 -1 -1 -1 -1 -1 -1 -1 -1 -1 -1 -1 -1 -1 -1 -1 -1 -1 -1 -1 -1 -1 -1 -1 -1 -1 -1 -1 -1 -1 -1 -1 -1 -1 -1 -1 -1 -1 -1 -1 -1 -1 -1 -1 -1 -1 -1 -1 -1 -1 -1 -1 -1 -1 -1 -1 -1 -1 -1 -1 -1 -1 -1 -1 -1 -1 -1 -1 -1 -1 -1 -1 -1 -1 -1 -1 -1 -1 -1 -1 -1 -1 -1 -1 -1 -1 -1 -1 -1 -1 -1 -1 -1 -1 -1 -1 -1 -1 -1 -1 -1 -1 -1 -1 -1 -1 -1 -1 -1 -1 -1 -1 -1 -1 -1 -1 -1 -1 -1 -1 -1 -1 -1 -1 -1 -1 -1 -1 -1 -1 -1 -1 -1 -1 -1 -1 -1 -1 -1 -1 -1 -1 -1 -1 -1 -1 -1 -1 -1 -1 -1 -1 -1 -1 -1 -1 -1 -1 -1 -1 -1
-1 -1 -1 -1 -1 -1 -1 -1 -1 -1 -1 -1 -1 -1 -1 -1 -1 -1 -1 -1 -1 -1 -1 -1 -1 -1 -1 -1 -1 -1 -93 -128 -40 -1 -7 -88 -128 -128 0 0 0 0 0 0 0 0 0 27 73 84 67 54 74 96 87 89 112 112 111 113 119 102 110 91 90 53 53 73 94 55 58 68 95 110 96 100 101 72 54 16 88 107 91 61 38 26 39 47 60 45 45 54 78 100 95 87 70 56 67 56 65 65 50 90 82 54 44 3 1 20 0 24 14 24 45 90 89 85 72 49 48 19 20 33 16 22 15 15 20 20 22 30 22 14 22 22 16 21 26 29 25 19 15 30 32 25 24 19 14 20 19 20 12 19 25 21 21 32 14 -128 -20 -1 -1 -1 -1 -1 -1 -1 -1 -1 -1 -1 -1 -1 -1 -1 -1 -1 -1 -1 -1 -1 -1 -1 -1 -1 -1 -1 -1 -1 -1 -1 -1 -1 -1 -1 -1 -1 -1 -1 -1 -1 -1 -1 -1 -1 -1 -1 -1 -1 -1 -1 -1 -1 -1 -1 -1 -1 -1 -1 -1 -1 -1 -1 -1 -1 -1 -1 -1 -1 -1 -1 -1 -1 -1 -1 -1 -1 -1 -1 -1 -1 -1 -1 -1 -1 -1 -1 -1 -1 -1 -1 -1 -1 -1 -1 -1 -1 -1 -1 -1 -1 -1 -1 -1 -1 -1 -1 -1 -1 -1 -1 -1 -1 -1 -1 -1 -1 -1 -1 -1 -1 -1 -1 -1 -1 -1 -1 -1 -1 -1 -1 -1 -1 -1 -1 -1 -1 -1 -1 -1 -1 -1 -1 -1 -1 -1 -1 -1 -1 -1 -1 -1 -1 -1 -1 -1 -1 -1 -1 -1 -1 -1 -1 -1 -1 -1 -1 -1 -1 -1 -1 -1 -1 -1 -1 -1 -1 -1 -1 -1 -1 -1 -1 -1 -1 -1 -1 -1 -1 -1 -1 -1 -1 -1 -1 -1 -1 -1 -1 -1 -1 -1 -1 -1 -1 -1 -1 -1 -1 -1 -1 -1 -1 -1 -1 -1 -1 -1 -1 -1 -1 -1 -1 -1 -1 -1 -1 -1 -1 -1 -1 -1 -1 -1 -1 -1 -1 -1 -1 -1 -1 -1 -1 -1 -1 -1 -1 -1 -1 -1 -1 -1 -1 -1 -1 -1 -1 -1 -1 -1 -1 -1 -1 -1 -1 -1 -1 -1 -1 -1 -1 -1 -1 -1 -1 -1 -1 -1 -1 -1 -1 -1 -1 -1 -1 -1 -1 -1 -1 -1 -1 -1 -1 -1 -1 -1 -1 -1 -1 -1 -1 -1 -1 -1 -1 -1 -1 -1 -1 -1 -1 -1 -1 -1 -1 -1 -1 -1 -1 -1 -1 -1 -1 -1 -1 -1 -1 -1 -1 -1 -1 -1 -1 -1 -1 -1 -1 -1 -1 -1 -1 -1 -1 -1 -1 -1 -1 -1 -1 -1 -1
-1 -1 -1 -1 -1 -1 -1 -1 -1 -1 -1 -1 -1 -1 -1 -1 -1 -1 -1 -1 -1 -1 -1 -1 -1 -1 -1 -1 -1 -1 -1 -128 -94 -1 -1 -42 -107 -11 -128 -119 -93 -128 -58 -119 -128 -97 -120 27 67 102 83 84 100 102 110 107 111 112 117 118 111 91 81 64 62 60 87 87 108 76 105 82 97 96 100 88 96 100 97 95 14 88 89 66 48 33 25 27 29 45 43 56 78 101 102 81 76 82 104 90 82 70 81 99 105 85 43 26 0 0 3 2 24 37 60 81 82 70 61 47 54 22 26 29 25 14 22 21 18 19 27 32 21 13 20 18 14 27 20 24 27 16 22 33 36 33 14 29 36 25 25 14 24 16 24 12 20 21 13 -128 -1 -1 -1 -1 -1 -1 -1 -1 -1 -1 -1 -1 -1 -1 -1 -1 -1 -1 -1 -1 -1 -1 -1 -1 -1 -1 -1 -1 -1 -1 -1 -1 -1 -1 -1 -1 -1 -1 -1 -1 -1 -1 -1 -1 -1 -1 -1 -1 -1 -1 -1 -1 -1 -1 -1 -1 -1 -1 -1 -1 -1 -1 -1 -1 -1 -1 -1 -1 -1 -1 -1 -1 -1 -1 -1 -1 -1 -1 -1 -1 -1 -1 -1 -1 -1 -1 -1 -1 -1 -1 -1 -1 -1 -1 -1 -1 -1 -1 -1 -1 -1 -1 -1 -1 -1 -1 -1 -1 -1 -1 -1 -1 -1 -1 -1 -1 -1 -1 -1 -1 -1 -1 -1 -1 -1 -1 -1 -1 -1 -1 -1 -1 -1 -1 -1 -1 -1 -1 -1 -1 -1 -1 -1 -1 -1 -1 -1 -1 -1 -1 -1 -1 -1 -1 -1 -1 -1 -1 -1 -1 -1 -1 -1 -1 -1 -1 -1 -1 -1 -1 -1 -1 -1 -1 -1 -1 -1 -1 -1 -1 -1 -1 -1 -1 -1 -1 -1 -1 -1 -1 -1 -1 -1 -1 -1 -1 -1 -1 -1 -1 -1 -1 -1 -1 -1 -1 -1 -1 -1 -1 -1 -1 -1 -1 -1 -1 -1 -1 -1 -1 -1 -1 -1 -1 -1 -1 -1 -1 -1 -1 -1 -1 -1 -1 -1 -1 -1 -1 -1 -1 -1 -1 -1 -1 -1 -1 -1 -1 -1 -1 -1 -1 -1 -1 -1 -1 -1 -1 -1 -1 -1 -1 -1 -1 -1 -1 -1 -1 -1 -1 -1 -1 -1 -1 -1 -1 -1 -1 -1 -1 -1 -1 -1 -1 -1 -1 -1 -1 -1 -1 -1 -1 -1 -1 -1 -1 -1 -1 -1 -1 -1 -1 -1 -1 -1 -1 -1 -1 -1 -1 -1 -1 -1 -1 -1 -1 -1 -1 -1 -1 -1 -1 -1 -1 -1 -1 -1 -1 -1 -1 -1 -1 -1 -1 -1 -1 -1 -1 -1 -1 -1 -1 -1 -1 -1 -1 -1 -1 -1 -1 -1 -1
-1 -1 -1 -1 -1 -1 -1 -1 -1 -1 -1 -1 -1 -1 -1 -1 -1 -1 -1 -1 -1 -1 -1 -1 -1 -1 -1 -1 -1 -46 -119 -126 -128 -1 -1 -12 -17 -1 -105 -128 -81 -1 -1 -128 -64 -1 -112 22 59 97 106 102 106 114 106 113 87 90 102 100 95 82 70 68 99 83 107 88 89 114 114 85 65 74 87 76 76 85 93 108 100 31 96 78 67 36 31 30 20 32 54 44 43 70 94 99 104 104 102 97 96 96 106 105 102 91 83 62 31 35 49 6 4 26 29 55 37 37 65 45 33 25 26 25 15 15 31 27 6 1 0 25 30 15 19 13 10 18 14 26 36 22 15 36 37 33 33 32 12 0 0 0 0 0 6 12 27 18 0 -128 -1 -1 -1 -1 -1 -1 -1 -1 -1 -1 -1 -1 -1 -1 -1 -1 -1 -1 -1 -1 -1 -1 -1 -1 -1 -1 -1 -1 -1 -1 -1 -1 -1 -1 -1 -1 -1 -1 -1 -1 -1 -1 -1 -1 -1 -1 -1 -1 -1 -1 -1 -1 -1 -1 -1 -1 -1 -1 -1 -1 -1 -1 -1 -1 -1 -1 -1 -1 -1 -1 -1 -1 -1 -1 -1 -1 -1 -1 -1 -1 -1 -1 -1 -1 -1 -1 -1 -1 -1 -1 -1 -1 -1 -1 -1 -1 -1 -1 -1 -1 -1 -1 -1 -1 -1 -1 -1 -1 -1 -1 -1 -1 -1 -1 -1 -1 -1 -1 -1 -1 -1 -1 -1 -1 -1 -1 -1 -1 -1 -1 -1 -1 -1 -1 -1 -1 -1 -1 -1 -1 -1 -1 -1 -1 -1 -1 -1 -1 -1 -1 -1 -1 -1 -1 -1 -1 -1 -1 -1 -1 -1 -1 -1 -1 -1 -1 -1 -1 -1 -1 -1 -1 -1 -1 -1 -1 -1 -1 -1 -1 -1 -1 -1 -1 -1 -1 -1 -1 -1 -1 -1 -1 -1 -1 -1 -1 -1 -1 -1 -1 -1 -1 -1 -1 -1 -1 -1 -1 -1 -1 -1 -1 -1 -1 -1 -1 -1 -1 -1 -1 -1 -1 -1 -1 -1 -1 -1 -1 -1 -1 -1 -1 -1 -1 -1 -1 -1 -1 -1 -1 -1 -1 -1 -1 -1 -1 -1 -1 -1 -1 -1 -1 -1 -1 -1 -1 -1 -1 -1 -1 -1 -1 -1 -1 -1 -1 -1 -1 -1 -1 -1 -1 -1 -1 -1 -1 -1 -1 -1 -1 -1 -1 -1 -1 -1 -1 -1 -1 -1 -1 -1 -1 -1 -1 -1 -1 -1 -1 -1 -1 -1 -1 -1 -1 -1 -1 -1 -1 -1 -1 -1 -1 -1 -1 -1 -1 -1 -1 -1 -1 -1 -1 -1 -1 -1 -1 -1 -1 -1 -1 -1 -1 -1 -1 -1 -1 -1 -1 -1 -1 -1 -1 -1 -1 -1 -1 -1 -1 -1 -1 -1 -1
-1 -1 -1 -1 -1 -1 -1 -1 -1 -1 -1 -1 -1 -1 -1 -1 -1 -1 -1 -1 -1 -1 -1 -1 -1 -1 -1 -1 -1 -67 -121 -128 -79 -1 -1 -1 -1 -1 -1 -60 -128 -3 -1 -16 -1 -3 -107 25 49 94 68 55 68 95 97 79 77 89 83 89 108 81 87 79 97 102 85 84 74 108 95 81 84 94 89 99 90 68 65 78 100 45 50 93 64 58 56 48 30 19 25 47 33 36 59 91 107 90 102 102 90 100 88 85 107 99 100 71 67 79 66 26 0 7 20 19 20 16 22 27 16 14 30 19 15 14 12 25 0 0 14 9 33 13 15 14 14 18 12 20 33 21 27 37 36 25 4 -97 -128 -128 -94 -122 -128 -128 -94 -110 27 12 0 -65 -1 -1 -1 -1 -1 -1 -1 -1 -1 -1 -1 -1 -1 -1 -1 -1 -1 -1 -1 -1 -1 -1 -1 -1 -1 -1 -1 -1 -1 -1 -1 -1 -1 -1 -1 -1 -1 -1 -1 -1 -1 -1 -1 -1 -1 -1 -1 -1 -1 -1 -1 -1 -1 -1 -1 -1 -1 -1 -1 -1 -1 -1 -1 -1 -1 -1 -1 -1 -1 -1 -1 -1 -1 -1 -1 -1 -1 -1 -1 -1 -1 -1 -1 -1 -1 -1 -1 -1 -1 -1 -1 -1 -1 -1 -1 -1 -1 -1 -1 -1 -1 -1 -1 -1 -1 -1 -1 -1 -1 -1 -1 -1 -1 -1 -1 -1 -1 -1 -1 -1 -1 -1 -1 -1 -1 -1 -1 -1 -1 -1 -1 -1 -1 -1 -1 -1 -1 -1 -1 -1 -1 -1 -1 -1 -1 -1 -1 -1 -1 -1 -1 -1 -1 -1 -1 -1 -1 -1 -1 -1 -1 -1 -1 -1 -1 -1 -1 -1 -1 -1 -1 -1 -1 -1 -1 -1 -1 -1 -1 -1 -1 -1 -1 -1 -1 -1 -1 -1 -1 -1 -1 -1 -1 -1 -1 -1 -1 -1 -1 -1 -1 -1 -1 -1 -1 -1 -1 -1 -1 -1 -1 -1 -1 -1 -1 -1 -1 -1 -1 -1 -1 -1 -1 -1 -1 -1 -1 -1 -1 -1 -1 -1 -1 -1 -1 -1 -1 -1 -1 -1 -1 -1 -1 -1 -1 -1 -1 -1 -1 -1 -1 -1 -1 -1 -1 -1 -1 -1 -1 -1 -1 -1 -1 -1 -1 -1 -1 -1 -1 -1 -1 -1 -1 -1 -1 -1 -1 -1 -1 -1 -1 -1 -1 -1 -1 -1 -1 -1 -1 -1 -1 -1 -1 -1 -1 -1 -1 -1 -1 -1 -1 -1 -1 -1 -1 -1 -1 -1 -1 -1 -1 -1 -1 -1 -1 -1 -1 -1 -1 -1 -1 -1 -1 -1 -1 -1 -1 -1 -1 -1 -1 -1 -1 -1 -1 -1 -1 -1 -1 -1 -1 -1 -1 -1 -1 -1 -1 -1 -1 -1 -1 -1
-1 -1 -1 -1 -1 -1 -1 -1 -1 -1 -1 -1 -1 -1 -1 -1 -1 -1 -1 -1 -1 -1 -1 -1 -1 -1 -1 -1 -1 -22 -100 -128 -9 -1 -1 -1 -1 -1 -1 -18 -128 -1 -1 -1 -1 -86 0 55 74 54 26 27 73 106 96 81 112 108 91 71 95 100 95 93 77 102 87 70 68 104 107 81 81 100 113 105 104 89 55 61 89 43 33 91 84 85 73 48 32 33 26 35 70 29 35 76 94 100 100 93 83 84 74 68 88 111 94 74 52 41 59 47 15 13 30 30 30 22 20 16 24 29 35 21 15 19 12 25 1 0 12 20 13 20 25 32 22 21 19 21 29 18 35 38 32 0 -124 -54 -1 -1 -35 -44 -1 -32 -1 -115 0 6 0 -93 -1 -1 -1 -1 -1 -1 -1 -1 -1 -1 -1 -1 -1 -1 -1 -1 -1 -1 -1 -1 -1 -1 -1 -1 -1 -1 -1 -1 -1 -1 -1 -1 -1 -1 -1 -1 -1 -1 -1 -1 -1 -1 -1 -1 -1 -1 -1 -1 -1 -1 -1 -1 -1 -1 -1 -1 -1 -1 -1 -1 -1 -1 -1 -1 -1 -1 -1 -1 -1 -1 -1 -1 -1 -1 -1 -1 -1 -1 -1 -1 -1 -1 -1 -1 -1 -1 -1 -1 -1 -1 -1 -1 -1 -1 -1 -1 -1 -1 -1 -1 -1 -1 -1 -1 -1 -1 -1 -1 -1 -1 -1 -1 -1 -1 -1 -1 -1 -1 -1 -1 -1 -1 -1 -1 -1 -1 -1 -1 -1 -1 -1 -1 -1 -1 -1 -1 -1 -1 -1 -1 -1 -1 -1 -1 -1 -1 -1 -1 -1 -1 -1 -1 -1 -1 -1 -1 -1 -1 -1 -1 -1 -1 -1 -1 -1 -1 -1 -1 -1 -1 -1 -1 -1 -1 -1 -1 -1 -1 -1 -1 -1 -1 -1 -1 -1 -1 -1 -1 -1 -1 -1 -1 -1 -1 -1 -1 -1 -1 -1 -1 -1 -1 -1 -1 -1 -1 -1 -1 -1 -1 -1 -1 -1 -1 -1 -1 -1 -1 -1 -1 -1 -1 -1 -1 -1 -1 -1 -1 -1 -1 -1 -1 -1 -1 -1 -1 -1 -1 -1 -1 -1 -1 -1 -1 -1 -1 -1 -1 -1 -1 -1 -1 -1 -1 -1 -1 -1 -1 -1 -1 -1 -1 -1 -1 -1 -1 -1 -1 -1 -1 -1 -1 -1 -1 -1 -1 -1 -1 -1 -1 -1 -1 -1 -1 -1 -1 -1 -1 -1 -1 -1 -1 -1 -1 -1 -1 -1 -1 -1 -1 -1 -1 -1 -1 -1 -1 -1 -1 -1 -1 -1 -1 -1 -1 -1 -1 -1 -1 -1 -1 -1 -1 -1 -1 -1 -1 -1 -1 -1 -1 -1 -1 -1 -1 -1 -1 -1 -1 -1 -1 -1 -1 -1 -1 -1 -1 -1 -1 -1 -1 -1 -1
-1 -1 -1 -1 -1 -1 -1 -1 -1 -1 -1 -1 -1 -1 -1 -1 -1 -1 -1 -1 -1 -1 -1 -1 -1 -1 -1 -84 -83 -128 -128 -128 -128 -1 -1 -1 -1 -1 -1 -1 -128 -11 -1 -1 -1 -117 4 54 49 15 24 47 99 99 91 99 85 94 100 70 67 82 77 67 59 95 85 55 70 111 93 77 99 94 88 91 90 68 60 43 70 25 36 83 110 107 95 56 35 50 22 25 44 37 25 53 62 84 108 100 96 108 102 70 81 110 70 37 49 29 26 27 36 3 0 21 25 38 25 33 53 39 25 26 21 10 12 21 10 6 14 15 14 35 38 21 16 15 14 20 16 13 36 37 35 -96 -47 -1 -1 -1 -1 -1 -1 -1 -1 -8 -111 -106 0 -126 -1 -1 -1 -1 -1 -1 -1 -1 -1 -1 -1 -1 -1 -1 -1 -1 -1 -1 -1 -1 -1 -1 -1 -1 -1 -1 -1 -1 -1 -1 -1 -1 -1 -1 -1 -1 -1 -1 -1 -1 -1 -1 -1 -1 -1 -1 -1 -1 -1 -1 -1 -1 -1 -1 -1 -1 -1 -1 -1 -1 -1 -1 -1 -1 -1 -1 -1 -1 -1 -1 -1 -1 -1 -1 -1 -1 -1 -1 -1 -1 -1 -1 -1 -1 -1 -1 -1 -1 -1 -1 -1 -1 -1 -1 -1 -1 -1 -1 -1 -1 -1 -1 -1 -1 -1 -1 -1 -1 -1 -1 -1 -1 -1 -1 -1 -1 -1 -1 -1 -1 -1 -1 -1 -1 -1 -1 -1 -1 -1 -1 -1 -1 -1 -1 -1 -1 -1 -1 -1 -1 -1 -1 -1 -1 -1 -1 -1 -1 -1 -1 -1 -1 -1 -1 -1 -1 -1 -1 -1 -1 -1 -1 -1 -1 -1 -1 -1 -1 -1 -1 -1 -1 -1 -1 -1 -1 -1 -1 -1 -1 -1 -1 -1 -1 -1 -1 -1 -1 -1 -1 -1 -1 -1 -1 -1 -1 -1 -1 -1 -1 -1 -1 -1 -1 -1 -1 -1 -1 -1 -1 -1 -1 -1 -1 -1 -1 -1 -1 -1 -1 -1 -1 -1 -1 -1 -1 -1 -1 -1 -1 -1 -1 -1 -1 -1 -1 -1 -1 -1 -1 -1 -1 -1 -1 -1 -1 -1 -1 -1 -1 -1 -1 -1 -1 -1 -1 -1 -1 -1 -1 -1 -1 -1 -1 -1 -1 -1 -1 -1 -1 -1 -1 -1 -1 -1 -1 -1 -1 -1 -1 -1 -1 -1 -1 -1 -1 -1 -1 -1 -1 -1 -1 -1 -1 -1 -1 -1 -1 -1 -1 -1 -1 -1 -1 -1 -1 -1 -1 -1 -1 -1 -1 -1 -1 -1 -1 -1 -1 -1 -1 -1 -1 -1 -1 -1 -1 -1 -1 -1 -1 -1 -1 -1 -1 -1 -1 -1 -1 -1 -1 -1 -1 -1 -1 -1 -1 -1 -1 -1 -1 -1 -1
-1 -1 -1 -1 -1 -1 -1 -1 -1 -1 -1 -1 -1 -1 -1 -1 -1 -1 -1 -1 -1 -1 -1 -1 -1 -1 -114 -119 -120 -111 -100 -1 -1 -1 -1 -1 -1 -1 -1 -1 -1 -30 -1 -1 -1 -39 0 27 20 24 27 60 104 85 72 104 83 91 82 68 58 54 52 53 43 60 65 44 76 105 77 94 94 106 102 102 102 79 54 37 54 0 43 66 94 100 83 66 60 81 58 37 27 27 22 37 47 79 87 81 100 101 81 65 62 68 70 42 21 24 26 25 27 21 0 4 27 21 0 2 30 32 22 33 29 8 6 18 0 14 14 19 35 64 52 37 21 16 25 26 18 22 38 35 0 -54 -1 -1 -1 -1 -1 -1 -1 -1 -1 -1 -1 -32 -82 -70 -1 -1 -1 -1 -1 -1 -1 -1 -1 -1 -1 -1 -1 -1 -1 -1 -1 -1 -1 -1 -1 -1 -1 -1 -1 -1 -1 -1 -1 -1 -1 -1 -1 -1 -1 -1 -1 -1 -1 -1 -1 -1 -1 -1 -1 -1 -1 -1 -1 -1 -1 -1 -1 -1 -1 -1 -1 -1 -1 -1 -1 -1 -1 -1 -1 -1 -1 -1 -1 -1 -1 -1 -1 -1 -1 -1 -1 -1 -1 -1 -1 -1 -1 -1 -1 -1 -1 -1 -1 -1 -1 -1 -1 -1 -1 -1 -1 -1 -1 -1 -1 -1 -1 -1 -1 -1 -1 -1 -1 -1 -1 -1 -1 -1 -1 -1 -1 -1 -1 -1 -1 -1 -1 -1 -1 -1 -1 -1 -1 -1 -1 -1 -1 -1 -1 -1 -1 -1 -1 -1 -1 -1 -1 -1 -1 -1 -1 -1 -1 -1 -1 -1 -1 -1 -1 -1 -1 -1 -1 -1 -1 -1 -1 -1 -1 -1 -1 -1 -1 -1 -1 -1 -1 -1 -1 -1 -1 -1 -1 -1 -1 -1 -1 -1 -1 -1 -1 -1 -1 -1 -1 -1 -1 -1 -1 -1 -1 -1 -1 -1 -1 -1 -1 -1 -1 -1 -1 -1 -1 -1 -1 -1 -1 -1 -1 -1 -1 -1 -1 -1 -1 -1 -1 -1 -1 -1 -1 -1 -1 -1 -1 -1 -1 -1 -1 -1 -1 -1 -1 -1 -1 -1 -1 -1 -1 -1 -1 -1 -1 -1 -1 -1 -1 -1 -1 -1 -1 -1 -1 -1 -1 -1 -1 -1 -1 -1 -1 -1 -1 -1 -1 -1 -1 -1 -1 -1 -1 -1 -1 -1 -1 -1 -1 -1 -1 -1 -1 -1 -1 -1 -1 -1 -1 -1 -1 -1 -1 -1 -1 -1 -1 -1 -1 -1 -1 -1 -1 -1 -1 -1 -1 -1 -1 -1 -1 -1 -1 -1 -1 -1 -1 -1 -1 -1 -1 -1 -1 -1 -1 -1 -1 -1 -1 -1 -1 -1 -1 -1 -1 -1 -1 -1 -1 -1 -1 -1 -1 -1 -1 -1 -1 -1
-1 -1 -1 -1 -1 -1 -1 -1 -1 -1 -1 -1 -1 -1 -1 -1 -1 -1 -1 -1 -1 -1 -1 -1 -1 -1 -51 -128 -46 -128 -3 -1 -1 -1 -1 -1 -1 -1 -1 -1 -1 -7 -1 -1 -1 -9 0 0 0 20 31 79 93 74 48 100 94 111 106 97 101 88 68 54 44 44 41 38 71 101 90 87 77 79 90 114 100 101 62 35 30 0 50 60 73 93 72 58 73 96 83 54 27 14 20 22 31 49 56 54 66 83 89 84 54 13 0 33 56 59 59 21 22 22 2 2 26 3 0 3 10 22 20 21 33 9 14 24 0 29 27 32 66 74 45 48 31 22 22 7 9 36 37 0 -78 -1 -1 -1 -1 -1 -1 -1 -1 -1 -1 -1 -1 -1 -1 -1 -1 -1 -1 -1 -1 -1 -1 -1 -1 -1 -1 -1 -1 -1 -1 -1 -1 -1 -1 -1 -1 -1 -1 -1 -1 -1 -1 -1 -1 -1 -1 -1 -1 -1 -1 -1 -1 -1 -1 -1 -1 -1 -1 -1 -1 -1 -1 -1 -1 -1 -1 -1 -1 -1 -1 -1 -1 -1 -1 -1 -1 -1 -1 -1 -1 -1 -1 -1 -1 -1 -1 -1 -1 -1 -1 -1 -1 -1 -1 -1 -1 -1 -1 -1 -1 -1 -1 -1 -1 -1 -1 -1 -1 -1 -1 -1 -1 -1 -1 -1 -1 -1 -1 -1 -1 -1 -1 -1 -1 -1 -1 -1 -1 -1 -1 -1 -1 -1 -1 -1 -1 -1 -1 -1 -1 -1 -1 -1 -1 -1 -1 -1 -1 -1 -1 -1 -1 -1 -1 -1 -1 -1 -1 -1 -1 -1 -1 -1 -1 -1 -1 -1 -1 -1 -1 -1 -1 -1 -1 -1 -1 -1 -1 -1 -1 -1 -1 -1 -1 -1 -1 -1 -1 -1 -1 -1 -1 -1 -1 -1 -1 -1 -1 -1 -1 -1 -1 -1 -1 -1 -1 -1 -1 -1 -1 -1 -1 -1 -1 -1 -1 -1 -1 -1 -1 -1 -1 -1 -1 -1 -1 -1 -1 -1 -1 -1 -1 -1 -1 -1 -1 -1 -1 -1 -1 -1 -1 -1 -1 -1 -1 -1 -1 -1 -1 -1 -1 -1 -1 -1 -1 -1 -1 -1 -1 -1 -1 -1 -1 -1 -1 -1 -1 -1 -1 -1 -1 -1 -1 -1 -1 -1 -1 -1 -1 -1 -1 -1 -1 -1 -1 -1 -1 -1 -1 -1 -1 -1 -1 -1 -1 -1 -1 -1 -1 -1 -1 -1 -1 -1 -1 -1 -1 -1 -1 -1 -1 -1 -1 -1 -1 -1 -1 -1 -1 -1 -1 -1 -1 -1 -1 -1 -1 -1 -1 -1 -1 -1 -1 -1 -1 -1 -1 -1 -1 -1 -1 -1 -1 -1 -1 -1 -1 -1 -1 -1 -1 -1 -1 -1 -1 -1 -1 -1 -1 -1 -1 -1 -1 -1 -1 -1
-1 -1 -1 -1 -1 -1 -1 -1 -1 -1 -1 -1 -1 -1 -1 -1 -1 -1 -1 -1 -1 -1 -1 -1 -1 -1 -1 -46 -1 -124 -60 -1 -1 -1 -1 -1 -1 -1 -1 -1 -1 -1 -1 -1 -1 -4 -128 -97 -125 22 60 87 65 43 48 93 101 94 101 107 111 110 104 91 79 81 53 36 44 73 88 78 64 73 102 102 93 82 54 35 32 4 14 41 58 89 84 58 53 64 67 43 22 27 20 18 25 43 32 39 45 61 59 78 67 45 0 0 47 61 70 22 22 29 1 7 20 0 1 12 4 26 31 22 36 32 20 24 0 18 32 27 58 72 48 35 36 21 18 13 0 26 0 -128 -84 -1 -1 -1 -1 -1 -1 -1 -1 -1 -1 -1 -1 -1 -1 -1 -1 -1 -1 -1 -1 -1 -1 -1 -1 -1 -1 -1 -1 -1 -1 -1 -1 -1 -1 -1 -1 -1 -1 -1 -1 -1 -1 -1 -1 -1 -1 -1 -1 -1 -1 -1 -1 -1 -1 -1 -1 -1 -1 -1 -1 -1 -1 -1 -1 -1 -1 -1 -1 -1 -1 -1 -1 -1 -1 -1 -1 -1 -1 -1 -1 -1 -1 -1 -1 -1 -1 -1 -1 -1 -1 -1 -1 -1 -1 -1 -1 -1 -1 -1 -1 -1 -1 -1 -1 -1 -1 -1 -1 -1 -1 -1 -1 -1 -1 -1 -1 -1 -1 -1 -1 -1 -1 -1 -1 -1 -1 -1 -1 -1 -1 -1 -1 -1 -1 -1 -1 -1 -1 -1 -1 -1 -1 -1 -1 -1 -1 -1 -1 -1 -1 -1 -1 -1 -1 -1 -1 -1 -1 -1 -1 -1 -1 -1 -1 -1 -1 -1 -1 -1 -1 -1 -1 -1 -1 -1 -1 -1 -1 -1 -1 -1 -1 -1 -1 -1 -1 -1 -1 -1 -1 -1 -1 -1 -1 -1 -1 -1 -1 -1 -1 -1 -1 -1 -1 -1 -1 -1 -1 -1 -1 -1 -1 -1 -1 -1 -1 -1 -1 -1 -1 -1 -1 -1 -1 -1 -1 -1 -1 -1 -1 -1 -1 -1 -1 -1 -1 -1 -1 -1 -1 -1 -1 -1 -1 -1 -1 -1 -1 -1 -1 -1 -1 -1 -1 -1 -1 -1 -1 -1 -1 -1 -1 -1 -1 -1 -1 -1 -1 -1 -1 -1 -1 -1 -1 -1 -1 -1 -1 -1 -1 -1 -1 -1 -1 -1 -1 -1 -1 -1 -1 -1 -1 -1 -1 -1 -1 -1 -1 -1 -1 -1 -1 -1 -1 -1 -1 -1 -1 -1 -1 -1 -1 -1 -1 -1 -1 -1 -1 -1 -1 -1 -1 -1 -1 -1 -1 -1 -1 -1 -1 -1 -1 -1 -1 -1 -1 -1 -1 -1 -1 -1 -1 -1 -1 -1 -1 -1 -1 -1 -1 -1 -1 -1 -1 -1 -1 -1 -1 -1 -1 -1 -1 -1 -1 -1 -2 -2
-1 -1 -1 -1 -1 -1 -1 -1 -1 -1 -1 -1 -1 -1 -1 -1 -1 -1 -1 -1 -1 -1 -1 -1 -1 -1 -1 -1 -1 -56 -1 -1 -1 -1 -1 -1 -1 -1 -1 -1 -1 -1 -1 -1 -1 -1 -64 -27 -53 -128 3 47 37 25 41 77 89 84 90 96 87 90 97 110 110 106 100 72 32 42 45 44 72 107 96 88 87 66 52 37 33 18 0 32 39 64 84 84 72 48 62 49 45 64 26 22 18 31 18 36 31 33 38 41 53 36 47 52 35 27 36 13 21 43 20 0 0 4 9 29 1 0 10 7 8 19 33 29 0 29 26 16 33 55 43 19 16 21 27 3 9 0 0 -108 -46 -1 -1 -1 -1 -1 -1 -1 -1 -1 -1 -1 -1 97 -1 -1 -1 -1 -1 -1 -1 -1 -1 -1 -1 -1 -1 -1 -1 -1 -1 -1 -1 -1 -1 -1 -1 -1 -1 -1 -1 -1 -1 -1 -1 -1 -1 -1 -1 -1 -1 -1 -1 -1 -1 -1 -1 -1 -1 -1 -1 -1 -1 -1 -1 -1 -1 -1 -1 -1 -1 -1 -1 -1 -1 -1 -1 -1 -1 -1 -1 -1 -1 -1 -1 -1 -1 -1 -1 -1 -1 -1 -1 -1 -1 -1 -1 -1 -1 -1 -1 -1 -1 -1 -1 -1 -1 -1 -1 -1 -1 -1 -1 -1 -1 -1 -1 -1 -1 -1 -1 -1 -1 -1 -1 -1 -1 -1 -1 -1 -1 -1 -1 -1 -1 -1 -1 -1 -1 -1 -1 -1 -1 -1 -1 -1 -1 -1 -1 -1 -1 -1 -1 -1 -1 -1 -1 -1 -1 -1 -1 -1 -1 -1 -1 -1 -1 -1 -1 -1 -1 -1 -1 -1 -1 -1 -1 -1 -1 -1 -1 -1 -1 -1 -1 -1 -1 -1 -1 -1 -1 -1 -1 -1 -1 -1 -1 -1 -1 -1 -1 -1 -1 -1 -1 -1 -1 -1 -1 -1 -1 -1 -1 -1 -1 -1 -1 -1 -1 -1 -1 -1 -1 -1 -1 -1 -1 -1 -1 -1 -1 -1 -1 -1 -1 -1 -1 -1 -1 -1 -1 -1 -1 -1 -1 -1 -1 -1 -1 -1 -1 -1 -1 -1 -1 -1 -1 -1 -1 -1 -1 -1 -1 -1 -1 -1 -1 -1 -1 -1 -1 -1 -1 -1 -1 -1 -1 -1 -1 -1 -1 -1 -1 -1 -1 -1 -1 -1 -1 -1 -1 -1 -1 -1 -1 -1 -1 -1 -1 -1 -1 -1 -1 -1 -1 -1 -1 -1 -1 -1 -1 -1 -1 -1 -1 -1 -1 -1 -1 -1 -1 -1 -1 -1 -1 -1 -1 -1 -1 -1 -1 -1 -1 -1 -1 -1 -1 -1 -1 -1 -1 -1 -1 -1 -1 -1 -1 -1 -1 -1 -1 -1 -1 -1 -1 -1 -1 -1 -1 -1 -1 -1 -1 -1 -1 -1 -1 -1
-1 -1 -1 -1 -1 -1 -1 -1 -1 -1 -1 -1 -1 -1 -1 -1 -1 -1 -1 -1 -1 -1 -1 -1 -1 -1 -1 -1 -17 -21 -1 -1 -1 -1 -1 -1 -1 -1 -1 -1 -1 -1 -1 -1 -1 -1 -1 -1 -1 -69 0 14 15 24 54 105 94 67 54 72 100 72 56 83 100 96 101 91 54 26 29 62 102 105 85 71 62 79 81 64 45 35 12 0 26 37 71 88 73 56 39 42 62 90 79 39 12 21 25 37 48 29 26 24 22 18 26 53 31 15 29 27 25 62 41 31 20 20 30 52 22 4 2 0 0 0 10 0 0 32 33 25 24 31 19 7 18 16 24 24 15 15 0 -70 -1 -1 -1 -1 -1 -1 -1 -1 -1 -1 -1 -1 -1 -1 -1 -1 -1 -1 -1 -1 -1 -1 -1 -1 -1 -1 -1 -1 -1 -1 -1 -1 -1 -1 -1 -1 -1 -1 -1 -1 -1 -1 -1 -1 -1 -1 -1 -1 -1 -1 -1 -1 -1 -1 -1 -1 -1 -1 -1 -1 -1 -1 -1 -1 -1 -1 -1 -1 -1 -1 -1 -1 -1 -1 -1 -1 -1 -1 -1 -1 -1 -1 -1 -1 -1 -1 -1 -1 -1 -1 -1 -1 -1 -1 -1 -1 -1 -1 -1 -1 -1 -1 -1 -1 -1 -1 -1 -1 -1 -1 -1 -1 -1 -1 -1 -1 -1 -1 -1 -1 -1 -1 -1 -1 -1 -1 -1 -1 -1 -1 -1 -1 -1 -1 -1 -1 -1 -1 -1 -1 -1 -1 -1 -1 -1 -1 -1 -1 -1 -1 -1 -1 -1 -1 -1 -1 -1 -1 -1 -1 -1 -1 -1 -1 -1 -1 -1 -1 -1 -1 -1 -1 -1 -1 -1 -1 -1 -1 -1 -1 -1 -1 -1 -1 -1 -1 -1 -1 -1 -1 -1 -1 -1 -1 -1 -1 -1 -1 -1 -1 -1 -1 -1 -1 -1 -1 -1 -1 -1 -1 -1 -1 -1 -1 -1 -1 -1 -1 -1 -1 -1 -1 -1 -1 -1 -1 -1 -1 -1 -1 -1 -1 -1 -1 -1 -1 -1 -1 -1 -1 -1 -1 -1 -1 -1 -1 -1 -1 -1 -1 -1 -1 -1 -1 -1 -1 -1 -1 -1 -1 -1 -1 -1 -1 -1 -1 -1 -1 -1 -1 -1 -1 -1 -1 -1 -1 -1 -1 -1 -1 -1 -1 -1 -1 -1 -1 -1 -1 -1 -1 -1 -1 -1 -1 -1 -1 -1 -1 -1 -1 -1 -1 -1 -1 -1 -1 -1 -1 -1 -1 -1 -1 -1 -1 -1 -1 -1 -1 -1 -1 -1 -1 -1 -1 -1 -1 -1 -1 -1 -1 -1 -1 -1 -1 -1 -1 -1 -1 -1 -1 -1 -1 -1 -1 -1 -1 -1 -1 -1 -1 -1 -1 -1 -1 -1 -1 -1 -1 -1 -1 -1 -1 -1 -1 -1 -1 -1 -1
-1 -1 -1 -1 -1 -1 -1 -1 -1 -1 -1 -1 -1 -1 -1 -1 -1 -1 -1 -1 -1 -1 -1 -1 -1 -1 -1 -1 -1 -1 -1 -1 -1 -1 -1 -1 -1 -1 -1 -1 -1 -1 -1 -1 -1 -1 -1 -1 -1 -128 8 15 21 30 49 89 105 91 54 41 71 67 39 59 82 72 85 104 81 36 25 67 87 79 71 44 42 67 96 65 42 30 26 0 33 47 78 84 66 47 32 38 55 70 66 29 13 24 19 32 47 29 14 12 10 12 18 42 24 20 31 44 39 58 66 52 27 31 47 60 33 31 19 22 6 32 3 0 19 0 0 26 31 26 16 30 18 16 24 16 12 39 -115 -81 -1 -1 -1 -1 -1 -1 -1 -1 -1 -1 -1 -1 -1 -1 -1 -1 -1 -1 -1 -1 -1 -1 -1 -1 -1 -1 -1 -1 -1 -1 -1 -1 -1 -1 -1 -1 -1 -1 -1 -1 -1 -1 -1 -1 -1 -1 -1 -1 -1 -1 -1 -1 -1 -1 -1 -1 -1 -1 -1 -1 -1 -1 -1 -1 -1 -1 -1 -1 -1 -1 -1 -1 -1 -1 -1 -1 -1 -1 -1 -1 -1 -1 -1 -1 -1 -1 -1 -1 -1 -1 -1 -1 -1 -1 -1 -1 -1 -1 -1 -1 -1 -1 -1 -1 -1 -1 -1 -1 -1 -1 -1 -1 -1 -1 -1 -1 -1 -1 -1 -1 -1 -1 -1 -1 -1 -1 -1 -1 -1 -1 -1 -1 -1 -1 -1 -1 -1 -1 -1 -1 -1 -1 -1 -1 -1 -1 -1 -1 -1 -1 -1 -1 -1 -1 -1 -1 -1 -1 -1 -1 -1 -1 -1 -1 -1 -1 -1 -1 -1 -1 -1 -1 -1 -1 -1 -1 -1 -1 -1 -1 -1 -1 -1 -1 -1 -1 -1 -1 -1 -1 -1 -1 -1 -1 -1 -1 -1 -1 -1 -1 -1 -1 -1 -1 -1 -1 -1 -1 -1 -1 -1 -1 -1 -1 -1 -1 -1 -1 -1 -1 -1 -1 -1 -1 -1 -1 -1 -1 -1 -1 -1 -1 -1 -1 -1 -1 -1 -1 -1 -1 -1 -1 -1 -1 -1 -1 -1 -1 -1 -1 -1 -1 -1 -1 -1 -1 -1 -1 -1 -1 -1 -1 -1 -1 -1 -1 -1 -1 -1 -1 -1 -1 -1 -1 -1 -1 -1 -1 -1 -1 -1 -1 -1 -1 -1 -1 -1 -1 -1 -1 -1 -1 -1 -1 -1 -1 -1 -1 -1 -1 -1 -1 -1 -1 -1 -1 -1 -1 -1 -1 -1 -1 -1 -1 -1 -1 -1 -1 -1 -1 -1 -1 -1 -1 -1 -1 -1 -1 -1 -1 -1 -1 -1 -1 -1 -1 -1 -1 -1 -1 -1 -1 -1 -1 -1 -1 -1 -1 -1 -1 -1 -1 -1 -1 -1 -1 -1 -1 -1 -1 -1 -1 -2 -1 -2 -3 -2 -2
-1 -1 -1 -1 -1 -1 -1 -1 -1 -1 -1 -1 -1 -1 -1 -1 -1 -1 -1 -1 -1 -1 -1 -1 -1 -1 -1 -1 -1 -1 -1 -1 -1 -1 -1 -1 -1 -1 -1 -1 -1 -1 -1 -1 -1 -1 -1 -1 -13 -128 0 24 21 38 52 60 71 89 64 33 36 54 31 36 72 53 50 71 71 32 22 56 67 53 58 44 31 39 61 55 37 27 0 1 37 56 89 94 62 44 35 32 37 36 26 19 26 35 22 25 43 25 19 10 13 7 19 27 19 22 21 21 29 48 61 38 41 49 43 59 58 49 26 19 20 37 33 0 25 32 0 24 25 18 25 20 15 18 8 18 29 27 -128 -39 -1 -1 -1 -1 -1 -1 -1 -1 -1 -1 -1 -1 -1 -1 -1 -1 -1 -1 -1 -1 -1 -1 -1 -1 -1 -1 -1 -1 -1 -1 -1 -1 -1 -1 -1 -1 -1 -1 -1 -1 -1 -1 -1 -1 -1 -1 -1 -1 -1 -1 -1 -1 -1 -1 -1 -1 -1 -1 -1 -1 -1 -1 -1 -1 -1 -1 -1 -1 -1 -1 -1 -1 -1 -1 -1 -1 -1 -1 -1 -1 -1 -1 -1 -1 -1 -1 -1 -1 -1 -1 -1 -1 -1 -1 -1 -1 -1 -1 -1 -1 -1 -1 -1 -1 -1 -1 -1 -1 -1 -1 -1 -1 -1 -1 -1 -1 -1 -1 -1 -1 -1 -1 -1 -1 -1 -1 -1 -1 -1 -1 -1 -1 -1 -1 -1 -1 -1 -1 -1 -1 -1 -1 -1 -1 -1 -1 -1 -1 -1 -1 -1 -1 -1 -1 -1 -1 -1 -1 -1 -1 -1 -1 -1 -1 -1 -1 -1 -1 -1 -1 -1 -1 -1 -1 -1 -1 -1 -1 -1 -1 -1 -1 -1 -1 -1 -1 -1 -1 -1 -1 -1 -1 -1 -1 -1 -1 -1 -1 -1 -1 -1 -1 -1 -1 -1 -1 -1 -1 -1 -1 -1 -1 -1 -1 -1 -1 -1 -1 -1 -1 -1 -1 -1 -1 -1 -1 -1 -1 -1 -1 -1 -1 -1 -1 -1 -1 -1 -1 -1 -1 -1 -1 -1 -1 -1 -1 -1 -1 -1 -1 -1 -1 -1 -1 -1 -1 -1 -1 -1 -1 -1 -1 -1 -1 -1 -1 -1 -1 -1 -1 -1 -1 -1 -1 -1 -1 -1 -1 -1 -1 -1 -1 -1 -1 -1 -1 -1 -1 -1 -1 -1 -1 -1 -1 -1 -1 -1 -1 -1 -1 -1 -1 -1 -1 -1 -1 -1 -1 -1 -1 -1 -1 -1 -1 -1 -1 -1 -1 -1 -1 -1 -1 -1 -1 -1 -1 -1 -1 -1 -1 -1 -1 -1 -1 -1 -1 -1 -1 -1 -1 -1 -1 -1 -1 -1 -1 -1 -1 -1 -1 -1 -1 -1 -1 -1 -1 -1 -1 -1 -1 -1 -1 -3 -3 -3 -4 -4 -4
-1 -1 -1 -1 -1 -1 -1 -1 -1 -1 -1 -1 -1 -1 -1 -1 -1 -1 -1 -1 -1 -1 -1 -1 -1 -1 -1 -1 -1 -1 -1 -1 -1 -1 -1 -1 -1 -1 -1 -1 -1 -50 -1 -41 -14 -1 -1 -1 -41 -120 0 22 33 22 27 38 30 42 60 41 21 32 24 20 47 52 31 33 36 22 16 38 45 36 48 42 26 22 31 37 56 47 7 6 41 62 79 91 68 41 37 29 29 18 26 24 22 32 19 21 27 19 18 21 27 22 30 15 15 15 33 20 20 30 47 37 24 26 20 27 24 20 15 20 25 0 33 21 15 32 2 14 15 26 35 20 33 24 16 27 31 0 -63 -1 -1 -1 -1 -1 -1 -1 -1 -1 -1 -1 -1 -1 -1 -1 -1 -1 -1 -1 -1 -1 -1 -1 -1 -1 -1 -1 -1 -1 -1 -1 -1 -1 -1 -1 -1 -1 -1 -1 -1 -1 -1 -1 -1 -1 -1 -1 -1 -1 -1 -1 -1 -1 -1 -1 -1 -1 -1 -1 -1 -1 -1 -1 -1 -1 -1 -1 -1 -1 -1 -1 -1 -1 -1 -1 -1 -1 -1 -1 -1 -1 -1 -1 -1 -1 -1 -1 -1 -1 -1 -1 -1 -1 -1 -1 -1 -1 -1 -1 -1 -1 -1 -1 -1 -1 -1 -1 -1 -1 -1 -1 -1 -1 -1 -1 -1 -1 -1 -1 -1 -1 -1 -1 -1 -1 -1 -1 -1 -1 -1 -1 -1 -1 -1 -1 -1 -1 -1 -1 -1 -1 -1 -1 -1 -1 -1 -1 -1 -1 -1 -1 -1 -1 -1 -1 -1 -1 -1 -1 -1 -1 -1 -1 -1 -1 -1 -1 -1 -1 -1 -1 -1 -1 -1 -1 -1 -1 -1 -1 -1 -1 -1 -1 -1 -1 -1 -1 -1 -1 -1 -1 -1 -1 -1 -1 -1 -1 -1 -1 -1 -1 -1 -1 -1 -1 -1 -1 -1 -1 -1 -1 -1 -1 -1 -1 -1 -1 -1 -1 -1 -1 -1 -1 -1 -1 -1 -1 -1 -1 -1 -1 -1 -1 -1 -1 -1 -1 -1 -1 -1 -1 -1 -1 -1 -1 -1 -1 -1 -1 -1 -1 -1 -1 -1 -1 -1 -1 -1 -1 -1 -1 -1 -1 -1 -1 -1 -1 -1 -1 -1 -1 -1 -1 -1 -1 -1 -1 -1 -1 -1 -1 -1 -1 -1 -1 -1 -1 -1 -1 -1 -1 -1 -1 -1 -1 -1 -1 -1 -1 -1 -1 -1 -1 -1 -1 -1 -1 -1 -1 -1 -1 -1 -1 -1 -1 -1 -1 -1 -1 -1 -1 -1 -1 -1 -1 -1 -1 -1 -1 -1 -1 -1 -1 -1 -1 -1 -1 -1 -1 -1 -1 -1 -1 -1 -1 -1 -1 -1 -1 -1 -1 -1 -1 -1 -1 -1 -1 -1 -1 -1 -1 -1 -1 -3 -3 -3 -4 -4 -4
-1 -1 -1 -1 -1 -1 -1 -1 -1 -1 -1 -1 -1 -1 -1 -1 -1 -1 -1 -1 -1 -1 -1 -1 -1 -1 -1 -1 -1 -1 -1 -1 -1 -1 -1 -1 -1 -1 -1 -1 -1 -1 -7 -46 -1 -6 -1 -128 -128 -39 -128 6 20 35 19 27 15 18 33 35 19 16 25 12 16 37 27 21 16 12 18 38 31 20 48 36 16 16 15 36 67 48 26 0 37 45 66 66 78 72 79 54 31 30 70 43 15 26 35 24 22 13 14 18 16 24 37 19 26 16 32 25 16 13 30 26 21 19 20 12 25 19 19 27 21 26 35 35 0 32 33 0 24 38 38 36 13 13 32 26 33 -98 -89 -1 -1 -1 -1 -1 -1 -1 -1 -1 -1 -1 -1 -1 -1 -1 -1 -1 -1 -1 -1 -1 -1 -1 -1 -1 -1 -1 -1 -1 -1 -1 -1 -1 -1 -1 -1 -1 -1 -1 -1 -1 -1 -1 -1 -1 -1 -1 -1 -1 -1 -1 -1 -1 -1 -1 -1 -1 -1 -1 -1 -1 -1 -1 -1 -1 -1 -1 -1 -1 -1 -1 -1 -1 -1 -1 -1 -1 -1 -1 -1 -1 -1 -1 -1 -1 -1 -1 -1 -1 -1 -1 -1 -1 -1 -1 -1 -1 -1 -1 -1 -1 -1 -1 -1 -1 -1 -1 -1 -1 -1 -1 -1 -1 -1 -1 -1 -1 -1 -1 -1 -1 -1 -1 -1 -1 -1 -1 -1 -1 -1 -1 -1 -1 -1 -1 -1 -1 -1 -1 -1 -1 -1 -1 -1 -1 -1 -1 -1 -1 -1 -1 -1 -1 -1 -1 -1 -1 -1 -1 -1 -1 -1 -1 -1 -1 -1 -1 -1 -1 -1 -1 -1 -1 -1 -1 -1 -1 -1 -1 -1 -1 -1 -1 -1 -1 -1 -1 -1 -1 -1 -1 -1 -1 -1 -1 -1 -1 -1 -1 -1 -1 -1 -1 -1 -1 -1 -1 -1 -1 -1 -1 -1 -1 -1 -1 -1 -1 -1 -1 -1 -1 -1 -1 -1 -1 -1 -1 -1 -1 -1 -1 -1 -1 -1 -1 -1 -1 -1 -1 -1 -1 -1 -1 -1 -1 -1 -1 -1 -1 -1 -1 -1 -1 -1 -1 -1 -1 -1 -1 -1 -1 -1 -1 -1 -1 -1 -1 -1 -1 -1 -1 -1 -1 -1 -1 -1 -1 -1 -1 -1 -1 -1 -1 -1 -1 -1 -1 -1 -1 -1 -1 -1 -1 -1 -1 -1 -1 -1 -1 -1 -1 -1 -1 -1 -1 -1 -1 -1 -1 -1 -1 -1 -1 -1 -1 -1 -1 -1 -1 -1 -1 -1 -1 -1 -1 -1 -1 -1 -1 -1 -1 -1 -1 -1 -1 -1 -1 -1 -1 -1 -1 -1 -1 -1 -1 -1 -1 -1 -1 -1 -1 -1 -1 -1 -1 -1 -1 -1 -1 -1 -1 -1 -2 -3 -3 -3 -4 -4 -4
-1 -1 -1 -1 -1 -1 -1 -1 -1 -1 -1 -1 -1 -1 -1 -1 -1 -1 -1 -1 -1 -1 -1 -1 -1 -1 -1 -1 -1 -1 -1 -1 -1 -1 -1 -1 -1 -1 -1 -1 -1 -1 -12 -1 -1 -81 -128 -94 -128 -128 -89 -121 0 16 35 21 19 26 16 15 13 20 14 8 13 12 25 14 16 21 21 25 21 19 10 2 1 16 14 39 58 64 37 0 26 53 70 39 45 79 71 45 39 39 43 26 25 18 19 0 21 18 15 18 21 13 32 32 25 25 31 22 14 21 14 19 21 9 16 24 18 32 30 31 36 33 14 0 0 9 32 32 0 30 35 30 22 30 33 27 33 -122 -1 -1 -1 -1 -1 -1 -1 -1 -1 -1 -1 -1 -1 -1 -1 -1 -1 -1 -1 -1 -1 -1 -1 -1 -1 -1 -1 -1 -1 -1 -1 -1 -1 -1 -1 -1 -1 -1 -1 -1 -1 -1 -1 -1 -1 -1 -1 -1 -1 -1 -1 -1 -1 -1 -1 -1 -1 -1 -1 -1 -1 -1 -1 -1 -1 -1 -1 -1 -1 -1 -1 -1 -1 -1 -1 -1 -1 -1 -1 -1 -1 -1 -1 -1 -1 -1 -1 -1 -1 -1 -1 -1 -1 -1 -1 -1 -1 -1 -1 -1 -1 -1 -1 -1 -1 -1 -1 -1 -1 -1 -1 -1 -1 -1 -1 -1 -1 -1 -1 -1 -1 -1 -1 -1 -1 -1 -1 -1 -1 -1 -1 -1 -1 -1 -1 -1 -1 -1 -1 -1 -1 -1 -1 -1 -1 -1 -1 -1 -1 -1 -1 -1 -1 -1 -1 -1 -1 -1 -1 -1 -1 -1 -1 -1 -1 -1 -1 -1 -1 -1 -1 -1 -1 -1 -1 -1 -1 -1 -1 -1 -1 -1 -1 -1 -1 -1 -1 -1 -1 -1 -1 -1 -1 -1 -1 -1 -1 -1 -1 -1 -1 -1 -1 -1 -1 -1 -1 -1 -1 -1 -1 -1 -1 -1 -1 -1 -1 -1 -1 -1 -1 -1 -1 -1 -1 -1 -1 -1 -1 -1 -1 -1 -1 -1 -1 -1 -1 -1 -1 -1 -1 -1 -1 -1 -1 -1 -1 -1 -1 -1 -1 -1 -1 -1 -1 -1 -1 -1 -1 -1 -1 -1 -1 -1 -1 -1 -1 -1 -1 -1 -1 -1 -1 -1 -1 -1 -1 -1 -1 -1 -1 -1 -1 -1 -1 -1 -1 -1 -1 -1 -1 -1 -1 -1 -1 -1 -1 -1 -1 -1 -1 -1 -1 -1 -1 -1 -1 -1 -1 -1 -1 -1 -1 -1 -1 -1 -1 -1 -1 -1 -1 -1 -1 -1 -1 -1 -1 -1 -1 -1 -1 -1 -1 -1 -1 -1 -1 -1 -1 -1 -1 -1 -1 -1 -1 -1 -1 -1 -1 -1 -1 -1 -1 -1 -1 -1 -1 -1 -1 -1 -1 -4 -4 -4 -4 -4 -4 -4 -4 -4
-1 -1 -1 -1 -1 -1 -1 -1 -1 -1 -1 -1 -1 -1 -1 -1 -1 -1 -1 -1 -1 -1 -1 -1 -1 -1 -1 -1 -1 -1 -1 -1 -1 -1 -1 -1 -1 -1 -1 -1 -1 -44 -1 -1 -1 -1 -128 6 -128 -96 -7 -128 -128 -128 0 0 0 30 8 21 19 24 14 10 27 15 13 16 27 16 15 15 12 0 0 0 18 27 13 20 25 30 30 0 0 35 49 41 43 74 64 56 52 38 20 16 14 16 6 0 14 10 20 27 29 25 25 36 30 31 29 15 29 14 25 24 27 0 0 0 0 22 14 10 30 4 0 3 0 0 0 10 9 0 4 26 27 37 35 33 31 -83 -126 -1 94 -1 -1 -1 -1 -1 -1 -1 -1 -1 -1 -1 -1 -1 -1 -1 -1 -1 -1 -1 -1 -1 -1 -1 -1 -1 -1 -1 -1 -1 -1 -1 -1 -1 -1 -1 -1 -1 -1 -1 -1 -1 -1 -1 -1 -1 -1 -1 -1 -1 -1 -1 -1 -1 -1 -1 -1 -1 -1 -1 -1 -1 -1 -1 -1 -1 -1 -1 -1 -1 -1 -1 -1 -1 -1 -1 -1 -1 -1 -1 -1 -1 -1 -1 -1 -1 -1 -1 -1 -1 -1 -1 -1 -1 -1 -1 -1 -1 -1 -1 -1 -1 -1 -1 -1 -1 -1 -1 -1 -1 -1 -1 -1 -1 -1 -1 -1 -1 -1 -1 -1 -1 -1 -1 -1 -1 -1 -1 -1 -1 -1 -1 -1 -1 -1 -1 -1 -1 -1 -1 -1 -1 -1 -1 -1 -1 -1 -1 -1 -1 -1 -1 -1 -1 -1 -1 -1 -1 -1 -1 -1 -1 -1 -1 -1 -1 -1 -1 -1 -1 -1 -1 -1 -1 -1 -1 -1 -1 -1 -1 -1 -1 -1 -1 -1 -1 -1 -1 -1 -1 -1 -1 -1 -1 -1 -1 -1 -1 -1 -1 -1 -1 -1 -1 -1 -1 -1 -1 -1 -1 -1 -1 -1 -1 -1 -1 -1 -1 -1 -1 -1 -1 -1 -1 -1 -1 -1 -1 -1 -1 -1 -1 -1 -1 -1 -1 -1 -1 -1 -1 -1 -1 -1 -1 -1 -1 -1 -1 -1 -1 -1 -1 -1 -1 -1 -1 -1 -1 -1 -1 -1 -1 -1 -1 -1 -1 -1 -1 -1 -1 -1 -1 -1 -1 -1 -1 -1 -1 -1 -1 -1 -1 -1 -1 -1 -1 -1 -1 -1 -1 -1 -1 -1 -1 -1 -1 -1 -1 -1 -1 -1 -1 -1 -1 -1 -1 -1 -1 -1 -1 -1 -1 -1 -1 -1 -1 -1 -1 -1 -1 -1 -1 -1 -1 -1 -1 -1 -1 -1 -1 -1 -1 -1 -1 -1 -1 -1 -1 -1 -1 -1 -1 -1 -1 -1 -1 -1 -1 -1 -1 -1 -1 -1 -1 -1 -1 -1 -1 -1 -4 -4 -4 -4 -4 -4 -4 -4 -4
-1 -1 -1 -1 -1 -1 -1 -1 -1 -1 -1 -1 -1 -1 -1 -1 -1 -1 -1 -1 -1 -1 -1 -1 -1 -1 -1 -1 -1 -1 -1 -1 -1 -1 -1 -1 -1 -1 -1 -1 -1 -1 -1 -73 -128 -128 0 7 -119 -128 -34 -2 -14 -89 -119 -128 -128 7 16 13 13 9 13 18 32 21 14 0 13 13 12 13 16 7 0 9 16 16 12 13 15 18 21 10 0 19 43 52 38 36 31 31 47 42 21 19 10 4 0 20 12 19 29 33 31 33 35 38 37 37 20 13 36 15 27 0 0 6 22 32 29 7 12 7 0 2 21 22 20 9 0 0 0 -65 -59 -47 24 33 36 32 35 -119 -25 -1 -1 -1 -1 -1 -1 -1 -1 -1 -1 -1 -1 -1 -1 -1 -1 -1 -1 -1 -1 -1 -1 -1 -1 -1 -1 -1 -1 -1 -1 -1 -1 -1 -1 -1 -1 -1 -1 -1 -1 -1 -1 -1 -1 -1 -1 -1 -1 -1 -1 -1 -1 -1 -1 -1 -1 -1 -1 -1 -1 -1 -1 -1 -1 -1 -1 -1 -1 -1 -1 -1 -1 -1 -1 -1 -1 -1 -1 -1 -1 -1 -1 -1 -1 -1 -1 -1 -1 -1 -1 -1 -1 -1 -1 -1 -1 -1 -1 -1 -1 -1 -1 -1 -1 -1 -1 -1 -1 -1 -1 -1 -1 -1 -1 -1 -1 -1 -1 -1 -1 -1 -1 -1 -1 -1 -1 -1 -1 -1 -1 -1 -1 -1 -1 -1 -1 -1 -1 -1 -1 -1 -1 -1 -1 -1 -1 -1 -1 -1 -1 -1 -1 -1 -1 -1 -1 -1 -1 -1 -1 -1 -1 -1 -1 -1 -1 -1 -1 -1 -1 -1 -1 -1 -1 -1 -1 -1 -1 -1 -1 -1 -1 -1 -1 -1 -1 -1 -1 -1 -1 -1 -1 -1 -1 -1 -1 -1 -1 -1 -1 -1 -1 -1 -1 -1 -1 -1 -1 -1 -1 -1 -1 -1 -1 -1 -1 -1 -1 -1 -1 -1 -1 -1 -1 -1 -1 -1 -1 -1 -1 -1 -1 -1 -1 -1 -1 -1 -1 -1 -1 -1 -1 -1 -1 -1 -1 -1 -1 -1 -1 -1 -1 -1 -1 -1 -1 -1 -1 -1 -1 -1 -1 -1 -1 -1 -1 -1 -1 -1 -1 -1 -1 -1 -1 -1 -1 -1 -1 -1 -1 -1 -1 -1 -1 -1 -1 -1 -1 -1 -1 -1 -1 -1 -1 -1 -1 -1 -1 -1 -1 -1 -1 -1 -1 -1 -1 -1 -1 -1 -1 -1 -1 -1 -1 -1 -1 -1 -1 -1 -1 -1 -1 -1 -1 -1 -1 -1 -1 -1 -1 -1 -1 -1 -1 -1 -1 -1 -1 -1 -1 -1 -1 -1 -1 -1 -1 -1 -1 -1 -1 -1 -1 -1 -1 -1 -1 -1 -1 -1 -1 -3 -3 -4 -4 -4 -4 -4 -4 -4
-1 -1 -1 -1 -1 -1 -1 -1 -1 -1 -1 -1 -1 -1 -1 -1 -1 -1 -1 -1 -1 -1 -1 -1 -1 -1 -1 -1 -1 -1 -1 -1 -1 -1 -1 -1 -1 -1 -1 -1 -1 -1 -1 -22 -44 -116 0 0 -128 -91 -128 -128 -31 -79 -61 -83 -117 -128 0 21 35 31 19 32 6 0 2 16 13 10 9 16 13 19 26 16 8 12 18 15 22 14 2 0 19 24 27 36 27 14 26 18 21 16 13 15 18 0 19 19 25 32 35 36 37 36 37 38 38 36 32 32 32 19 0 32 30 18 24 30 27 32 22 32 19 16 21 27 22 12 27 27 9 8 6 0 13 35 35 14 4 -128 -1 -1 -1 -1 -1 -1 -1 -1 -1 -1 -1 -1 -1 -1 -1 -1 -1 -1 -1 -1 -1 -1 -1 -1 -1 -1 -1 -1 -1 -1 -1 -1 -1 -1 -1 -1 -1 -1 -1 -1 -1 -1 -1 -1 -1 -1 -1 -1 -1 -1 -1 -1 -1 -1 -1 -1 -1 -1 -1 -1 -1 -1 -1 -1 -1 -1 -1 -1 -1 -1 -1 -1 -1 -1 -1 -1 -1 -1 -1 -1 -1 -1 -1 -1 -1 -1 -1 -1 -1 -1 -1 -1 -1 -1 -1 -1 -1 -1 -1 -1 -1 -1 -1 -1 -1 -1 -1 -1 -1 -1 -1 -1 -1 -1 -1 -1 -1 -1 -1 -1 -1 -1 -1 -1 -1 -1 -1 -1 -1 -1 -1 -1 -1 -1 -1 -1 -1 -1 -1 -1 -1 -1 -1 -1 -1 -1 -1 -1 -1 -1 -1 -1 -1 -1 -1 -1 -1 -1 -1 -1 -1 -1 -1 -1 -1 -1 -1 -1 -1 -1 -1 -1 -1 -1 -1 -1 -1 -1 -1 -1 -1 -1 -1 -1 -1 -1 -1 -1 -1 -1 -1 -1 -1 -1 -1 -1 -1 -1 -1 -1 -1 -1 -1 -1 -1 -1 -1 -1 -1 -1 -1 -1 -1 -1 -1 -1 -1 -1 -1 -1 -1 -1 -1 -1 -1 -1 -1 -1 -1 -1 -1 -1 -1 -1 -1 -1 -1 -1 -1 -1 -1 -1 -1 -1 -1 -1 -1 -1 -1 -1 -1 -1 -1 -1 -1 -1 -1 -1 -1 -1 -1 -1 -1 -1 -1 -1 -1 -1 -1 -1 -1 -1 -1 -1 -1 -1 -1 -1 -1 -1 -1 -1 -1 -1 -1 -1 -1 -1 -1 -1 -1 -1 -1 -1 -1 -1 -1 -1 -1 -1 -1 -1 -1 -1 -1 -1 -1 -1 -1 -1 -1 -1 -1 -1 -1 -1 -1 -1 -1 -1 -1 -1 -1 -1 -1 -1 -1 -1 -1 -1 -1 -1 -1 -1 -1 -1 -1 -1 -1 -1 -1 -1 -1 -1 -1 -1 -1 -1 -1 -1 -1 -1 -1 -1 -1 -1 -1 -2 -2 -3 -3 -4 -3 -4 -4 -4 -4 -4 -4 -4
-1 -1 -1 -1 -1 -1 -1 -1 -1 -1 -1 -1 -1 -1 -1 -1 -1 -1 -1 -1 -1 -1 -1 -1 -1 -1 -1 -1 -1 -1 -1 -1 -1 -1 -1 -1 -1 -1 -1 -1 -1 -1 -1 -1 -1 -103 -128 -96 -93 -93 0 0 -128 -128 -124 0 -126 -74 -125 -106 0 0 0 0 10 15 19 6 16 8 7 24 20 30 26 15 9 16 27 19 22 12 0 0 26 13 19 19 24 20 15 10 16 16 0 0 0 21 15 15 24 15 7 18 33 36 38 38 38 38 37 38 16 0 30 36 31 24 36 58 26 22 16 29 22 21 29 27 16 13 22 30 16 15 24 0 -49 27 37 20 0 -87 -1 -1 -1 -1 -1 -1 -1 -1 -1 -1 -1 -1 -1 -1 -1 -1 -1 -1 -1 -1 -1 -1 -1 -1 -1 -1 -1 -1 -1 -1 -1 -1 -1 -1 -1 -1 -1 -1 -1 -1 -1 -1 -1 -1 -1 -1 -1 -1 -1 -1 -1 -1 -1 -1 -1 -1 -1 -1 -1 -1 -1 -1 -1 -1 -1 -1 -1 -1 -1 -1 -1 -1 -1 -1 -1 -1 -1 -1 -1 -1 -1 -1 -1 -1 -1 -1 -1 -1 -1 -1 -1 -1 -1 -1 -1 -1 -1 -1 -1 -1 -1 -1 -1 -1 -1 -1 -1 -1 -1 -1 -1 -1 -1 -1 -1 -1 -1 -1 -1 -1 -1 -1 -1 -1 -1 -1 -1 -1 -1 -1 -1 -1 -1 -1 -1 -1 -1 -1 -1 -1 -1 -1 -1 -1 -1 -1 -1 -1 -1 -1 -1 -1 -1 -1 -1 -1 -1 -1 -1 -1 -1 -1 -1 -1 -1 -1 -1 -1 -1 -1 -1 -1 -1 -1 -1 -1 -1 -1 -1 -1 -1 -1 -1 -1 -1 -1 -1 -1 -1 -1 -1 -1 -1 -1 -1 -1 -1 -1 -1 -1 -1 -1 -1 -1 -1 -1 -1 -1 -1 -1 -1 -1 -1 -1 -1 -1 -1 -1 -1 -1 -1 -1 -1 -1 -1 -1 -1 -1 -1 -1 -1 -1 -1 -1 -1 -1 -1 -1 -1 -1 -1 -1 -1 -1 -1 -1 -1 -1 -1 -1 -1 -1 -1 -1 -1 -1 -1 -1 -1 -1 -1 -1 -1 -1 -1 -1 -1 -1 -1 -1 -1 -1 -1 -1 -1 -1 -1 -1 -1 -1 -1 -1 -1 -1 -1 -1 -1 -1 -1 -1 -1 -1 -1 -1 -1 -1 -1 -1 -1 -1 -1 -1 -1 -1 -1 -1 -1 -1 -1 -1 -1 -1 -1 -1 -1 -1 -1 -1 -1 -1 -1 -1 -1 -1 -1 -1 -1 -1 -1 -1 -1 -1 -1 -1 -1 -1 -1 -1 -1 -1 -1 -1 -1 -1 -1 -1 -1 -1 -1 -1 -1 -1 -2 -3 -3 -4 -4 -3 -4 -4 -4 -4 -3 -4 -4 -4 -4 -4 -4 -4
-1 -1 -1 -1 -1 -1 -1 -1 -1 -1 -1 -1 -1 -1 -1 -1 -1 -1 -1 -1 -1 -1 -1 -1 -1 -1 -1 -1 -1 -1 -1 -1 -1 -1 -1 -1 -1 -1 -1 -1 -1 -1 -1 -1 -1 -1 -1 -91 -128 -116 15 16 12 0 0 15 19 -107 -128 0 0 0 21 29 29 31 19 15 14 12 22 20 22 13 10 10 13 25 22 21 22 15 0 26 36 20 16 18 21 9 0 0 0 29 0 9 26 43 15 19 31 21 30 33 38 33 33 36 31 35 37 35 37 35 36 31 24 29 62 55 19 15 24 30 37 24 20 16 14 24 31 30 16 32 27 22 -63 3 32 33 -120 -21 -1 -1 -1 -1 -1 -1 -1 -1 -1 -1 -1 -1 -1 -1 -1 -1 -1 -1 -1 -1 -1 -1 -1 -1 -1 -1 -1 -1 -1 -1 -1 -1 -1 -1 -1 -1 -1 -1 -1 -1 -1 -1 -1 -1 -1 -1 -1 -1 -1 -1 -1 -1 -1 -1 -1 -1 -1 -1 -1 -1 -1 -1 -1 -1 -1 -1 -1 -1 -1 -1 -1 -1 -1 -1 -1 -1 -1 -1 -1 -1 -1 -1 -1 -1 -1 -1 -1 -1 -1 -1 -1 -1 -1 -1 -1 -1 -1 -1 -1 -1 -1 -1 -1 -1 -1 -1 -1 -1 -1 -1 -1 -1 -1 -1 -1 -1 -1 -1 -1 -1 -1 -1 -1 -1 -1 -1 -1 -1 -1 -1 -1 -1 -1 -1 -1 -1 -1 -1 -1 -1 -1 -1 -1 -1 -1 -1 -1 -1 -1 -1 -1 -1 -1 -1 -1 -1 -1 -1 -1 -1 -1 -1 -1 -1 -1 -1 -1 -1 -1 -1 -1 -1 -1 -1 -1 -1 -1 -1 -1 -1 -1 -1 -1 -1 -1 -1 -1 -1 -1 -1 -1 -1 -1 -1 -1 -1 -1 -1 -1 -1 -1 -1 -1 -1 -1 -1 -1 -1 -1 -1 -1 -1 -1 -1 -1 -1 -1 -1 -1 -1 -1 -1 -1 -1 -1 -1 -1 -1 -1 -1 -1 -1 -1 -1 -1 -1 -1 -1 -1 -1 -1 -1 -1 -1 -1 -1 -1 -1 -1 -1 -1 -1 -1 -1 -1 -1 -1 -1 -1 -1 -1 -1 -1 -1 -1 -1 -1 -1 -1 -1 -1 -1 -1 -1 -1 -1 -1 -1 -1 -1 -1 -1 -1 -1 -1 -1 -1 -1 -1 -1 -1 -1 -1 -1 -1 -1 -1 -1 -1 -1 -1 -1 -1 -1 -1 -1 -1 -1 -1 -1 -1 -1 -1 -1 -1 -1 -1 -1 -1 -1 -1 -1 -1 -1 -1 -1 -1 -1 -1 -1 -1 -1 -1 -1 -1 -1 -1 -1 -1 -1 -1 -1 -1 -1 -1 -1 -1 -1 -1 -1 -1 -1 -2 -2 -2 -3 -3 -3 -3 -4 -4 -4 -4 -4 -4 -4 -4 -4 -4 -4
-1 -1 -1 -1 -1 -1 -1 -1 -1 -1 -1 -1 -1 -1 -1 -1 -1 -1 -1 -1 -1 -1 -1 -1 -1 -1 -1 -1 -1 -1 -40 -46 -1 -1 -1 -1 -1 -1 -1 -1 -84 -45 -3 -12 -1 -1 -1 -1 -20 -125 0 0 0 0 6 0 20 15 9 15 10 12 32 10 18 27 7 3 20 36 26 16 20 18 15 24 31 30 39 35 35 31 2 13 42 39 21 21 29 24 12 0 0 0 0 26 55 35 19 27 29 30 30 35 37 29 16 30 26 15 30 25 26 22 26 32 22 24 59 32 26 27 21 38 62 44 32 41 26 29 30 24 18 21 36 30 6 3 0 29 -121 -22 -1 -1 -1 -1 -1 -1 -1 -1 -1 -1 -1 -1 -1 -1 -1 -1 -1 -1 -1 -1 -1 -1 -1 -1 -1 -1 -1 -1 -1 -1 -1 -1 -1 -1 -1 -1 -1 -1 -1 -1 -1 -1 -1 -1 -1 -1 -1 -1 -1 -1 -1 -1 -1 -1 -1 -1 -1 -1 -1 -1 -1 -1 -1 -1 -1 -1 -1 -1 -1 -1 -1 -1 -1 -1 -1 -1 -1 -1 -1 -1 -1 -1 -1 -1 -1 -1 -1 -1 -1 -1 -1 -1 -1 -1 -1 -1 -1 -1 -1 -1 -1 -1 -1 -1 -1 -1 -1 -1 -1 -1 -1 -1 -1 -1 -1 -1 -1 -1 -1 -1 -1 -1 -1 -1 -1 -1 -1 -1 -1 -1 -1 -1 -1 -1 -1 -1 -1 -1 -1 -1 -1 -1 -1 -1 -1 -1 -1 -1 -1 -1 -1 -1 -1 -1 -1 -1 -1 -1 -1 -1 -1 -1 -1 -1 -1 -1 -1 -1 -1 -1 -1 -1 -1 -1 -1 -1 -1 -1 -1 -1 -1 -1 -1 -1 -1 -1 -1 -1 -1 -1 -1 -1 -1 -1 -1 -1 -1 -1 -1 -1 -1 -1 -1 -1 -1 -1 -1 -1 -1 -1 -1 -1 -1 -1 -1 -1 -1 -1 -1 -1 -1 -1 -1 -1 -1 -1 -1 -1 -1 -1 -1 -1 -1 -1 -1 -1 -1 -1 -1 -1 -1 -1 -1 -1 -1 -1 -1 -1 -1 -1 -1 -1 -1 -1 -1 -1 -1 -1 -1 -1 -1 -1 -1 -1 -1 -1 -1 -1 -1 -1 -1 -1 -1 -1 -1 -1 -1 -1 -1 -1 -1 -1 -1 -1 -1 -1 -1 -1 -1 -1 -1 -1 -1 -1 -1 -1 -1 -1 -1 -1 -1 -1 -1 -1 -1 -1 -1 -1 -1 -1 -1 -1 -1 -1 -1 -1 -1 -1 -1 -1 -1 -1 -1 -1 -1 -1 -1 -1 -1 -1 -1 -1 -1 -1 -1 -1 -1 -1 -1 -1 -1 -1 -1 -1 -1 -1 -1 -1 -1 -1 -1 -1 -2 -2 -2 -3 -3 -3 -3 -4 -4 -4 -4 -4 -4 -4 -4 -4 -4 -4
-1 -1 -1 -1 -1 -1 -1 -1 -1 -1 -1 -1 -1 -1 -1 -1 -1 -1 -1 -1 -1 -1 -1 -1 -1 -1 -1 -1 -1 -1 -1 -128 -1 -1 -1 -1 -1 -1 -47 -128 -105 -107 -1 -14 -1 -1 -1 -40 -128 -84 -128 -77 -102 -128 -128 -121 0 0 -126 -128 -121 -128 -128 0 6 0 0 -121 0 22 26 30 16 19 24 38 61 48 66 55 50 49 12 6 27 37 29 31 24 12 22 0 0 16 15 22 22 13 22 15 13 18 22 26 36 30 20 26 12 9 16 22 19 32 59 62 35 42 73 48 58 64 37 49 74 65 48 36 20 16 25 18 16 19 32 31 8 -32 0 21 0 -128 -1 -1 -1 -1 -1 -1 -1 -1 -1 -1 -1 -1 -1 -1 -1 -1 -1 -1 -1 -1 -1 -1 -1 -1 -1 -1 -1 -1 -1 -1 -1 -1 -1 -1 -1 -1 -1 -1 -1 -1 -1 -1 -1 -1 -1 -1 -1 -1 -1 -1 -1 -1 -1 -1 -1 -1 -1 -1 -1 -1 -1 -1 -1 -1 -1 -1 -1 -1 -1 -1 -1 -1 -1 -1 -1 -1 -1 -1 -1 -1 -1 -1 -1 -1 -1 -1 -1 -1 -1 -1 -1 -1 -1 -1 -1 -1 -1 -1 -1 -1 -1 -1 -1 -1 -1 -1 -1 -1 -1 -1 -1 -1 -1 -1 -1 -1 -1 -1 -1 -1 -1 -1 -1 -1 -1 -1 -1 -1 -1 -1 -1 -1 -1 -1 -1 -1 -1 -1 -1 -1 -1 -1 -1 -1 -1 -1 -1 -1 -1 -1 -1 -1 -1 -1 -1 -1 -1 -1 -1 -1 -1 -1 -1 -1 -1 -1 -1 -1 -1 -1 -1 -1 -1 -1 -1 -1 -1 -1 -1 -1 -1 -1 -1 -1 -1 -1 -1 -1 -1 -1 -1 -1 -1 -1 -1 -1 -1 -1 -1 -1 -1 -1 -1 -1 -1 -1 -1 -1 -1 -1 -1 -1 -1 -1 -1 -1 -1 -1 -1 -1 -1 -1 -1 -1 -1 -1 -1 -1 -1 -1 -1 -1 -1 -1 -1 -1 -1 -1 -1 -1 -1 -1 -1 -1 -1 -1 -1 -1 -1 -1 -1 -1 -1 -1 -1 -1 -1 -1 -1 -1 -1 -1 -1 -1 -1 -1 -1 -1 -1 -1 -1 -1 -1 -1 -1 -1 -1 -1 -1 -1 -1 -1 -1 -1 -1 -1 -1 -1 -1 -1 -1 -1 -1 -1 -1 -1 -1 -1 -1 -1 -1 -1 -1 -1 -1 -1 -1 -1 -1 -1 -1 -1 -1 -1 -1 -1 -1 -1 -1 -1 -1 -1 -1 -1 -1 -1 -1 -1 -1 -1 -1 -1 -1 -1 -1 -1 -1 -1 -1 -1 -1 -1 -1 -1 -1 -1 -3 -2 -4 -4 -4 -4 -4 -4 -4 -4 -4 -4 -4 -4 -4 -4 -4 -4 -4 -4 -4 -4 -4 -4
-1 -1 -1 -1 -1 -1 -1 -1 -1 -1 -1 -1 -1 -1 -1 -1 -1 -1 -1 -1 -1 -1 -1 -1 -1 -1 -1 -1 -1 -1 -20 -128 -1 -1 -1 -1 -1 -128 -128 -128 -128 -83 -110 -34 -68 -1 -128 -68 0 0 -110 -20 -6 -13 -35 -61 0 0 -128 -69 -101 -41 -100 -128 -128 -128 -128 -128 0 19 33 30 20 22 36 47 73 59 42 14 0 0 0 20 14 20 20 32 18 22 19 0 30 21 25 33 27 22 21 21 18 21 21 21 37 37 29 19 26 32 31 29 47 59 82 68 70 79 85 88 93 83 76 72 87 58 38 36 25 21 22 14 32 33 22 14 10 -59 -47 1 -100 -128 -18 -1 -1 -1 -1 -1 -1 -1 -1 -1 -1 -1 -1 -1 -1 -1 -1 -1 -1 -1 -1 -1 -1 -1 -1 -1 -1 -1 -1 -1 -1 -1 -1 -1 -1 -1 -1 -1 -1 -1 -1 -1 -1 -1 -1 -1 -1 -1 -1 -1 -1 -1 -1 -1 -1 -1 -1 -1 -1 -1 -1 -1 -1 -1 -1 -1 -1 -1 -1 -1 -1 -1 -1 -1 -1 -1 -1 -1 -1 -1 -1 -1 -1 -1 -1 -1 -1 -1 -1 -1 -1 -1 -1 -1 -1 -1 -1 -1 -1 -1 -1 -1 -1 -1 -1 -1 -1 -1 -1 -1 -1 -1 -1 -1 -1 -1 -1 -1 -1 -1 -1 -1 -1 -1 -1 -1 -1 -1 -1 -1 -1 -1 -1 -1 -1 -1 -1 -1 -1 -1 -1 -1 -1 -1 -1 -1 -1 -1 -1 -1 -1 -1 -1 -1 -1 -1 -1 -1 -1 -1 -1 -1 -1 -1 -1 -1 -1 -1 -1 -1 -1 -1 -1 -1 -1 -1 -1 -1 -1 -1 -1 -1 -1 -1 -1 -1 -1 -1 -1 -1 -1 -1 -1 -1 -1 -1 -1 -1 -1 -1 -1 -1 -1 -1 -1 -1 -1 -1 -1 -1 -1 -1 -1 -1 -1 -1 -1 -1 -1 -1 -1 -1 -1 -1 -1 -1 -1 -1 -1 -1 -1 -1 -1 -1 -1 -1 -1 -1 -1 -1 -1 -1 -1 -1 -1 -1 -1 -1 -1 -1 -1 -1 -1 -1 -1 -1 -1 -1 -1 -1 -1 -1 -1 -1 -1 -1 -1 -1 -1 -1 -1 -1 -1 -1 -1 -1 -1 -1 -1 -1 -1 -1 -1 -1 -1 -1 -1 -1 -1 -1 -1 -1 -1 -1 -1 -1 -1 -1 -1 -1 -1 -1 -1 -1 -1 -1 -1 -1 -1 -1 -1 -1 -1 -1 -1 -1 -1 -1 -1 -1 -1 -1 -1 -1 -1 -1 -1 -1 -1 -1 -1 -1 -1 -1 -1 -1 -1 -1 -1 -1 -1 -1 -1 -1 -1 -1 -3 -2 -4 -4 -4 -4 -4 -4 -4 -4 -4 -4 -4 -4 -4 -4 -4 -4 -4 -4 -4 -4 -4 -4
-1 -1 -1 -1 -1 -1 -1 -1 -1 -1 -1 -1 -1 -1 -1 -1 -1 -1 -1 -1 -1 -1 -1 -1 -1 -1 -1 -1 -1 -1 -26 -128 -1 -1 -1 -1 -39 -119 -96 -1 -1 -59 -128 -128 -128 -128 0 0 10 6 0 -128 -102 -1 -1 -56 -124 0 -128 -100 -20 -1 -4 -128 -41 -128 0 0 12 19 26 24 24 30 42 68 72 2 22 43 36 21 16 32 33 30 27 20 14 35 33 22 6 33 29 29 37 38 60 43 32 36 21 26 25 22 22 33 70 82 54 56 83 79 74 59 68 68 97 99 74 64 65 73 84 54 52 56 49 55 29 19 18 15 13 27 33 0 -39 -93 -128 -88 -1 -1 -1 -1 -1 -1 -1 -1 -1 -1 -1 -1 -1 -1 -1 -1 -1 -1 -1 -1 -1 -1 -1 -1 -1 -1 -1 -1 -1 -1 -1 -1 -1 -1 -1 -1 -1 -1 -1 -1 -1 -1 -1 -1 -1 -1 -1 -1 -1 -1 -1 -1 -1 -1 -1 -1 -1 -1 -1 -1 -1 -1 -1 -1 -1 -1 -1 -1 -1 -1 -1 -1 -1 -1 -1 -1 -1 -1 -1 -1 -1 -1 -1 -1 -1 -1 -1 -1 -1 -1 -1 -1 -1 -1 -1 -1 -1 -1 -1 -1 -1 -1 -1 -1 -1 -1 -1 -1 -1 -1 -1 -1 -1 -1 -1 -1 -1 -1 -1 -1 -1 -1 -1 -1 -1 -1 -1 -1 -1 -1 -1 -1 -1 -1 -1 -1 -1 -1 -1 -1 -1 -1 -1 -1 -1 -1 -1 -1 -1 -1 -1 -1 -1 -1 -1 -1 -1 -1 -1 -1 -1 -1 -1 -1 -1 -1 -1 -1 -1 -1 -1 -1 -1 -1 -1 -1 -1 -1 -1 -1 -1 -1 -1 -1 -1 -1 -1 -1 -1 -1 -1 -1 -1 -1 -1 -1 -1 -1 -1 -1 -1 -1 -1 -1 -1 -1 -1 -1 -1 -1 -1 -1 -1 -1 -1 -1 -1 -1 -1 -1 -1 -1 -1 -1 -1 -1 -1 -1 -1 -1 -1 -1 -1 -1 -1 -1 -1 -1 -1 -1 -1 -1 -1 -1 -1 -1 -1 -1 -1 -1 -1 -1 -1 -1 -1 -1 -1 -1 -1 -1 -1 -1 -1 -1 -1 -1 -1 -1 -1 -1 -1 -1 -1 -1 -1 -1 -1 -1 -1 -1 -1 -1 -1 -1 -1 -1 -1 -1 -1 -1 -1 -1 -1 -1 -1 -1 -1 -1 -1 -1 -1 -1 -1 -1 -1 -1 -1 -1 -1 -1 -1 -1 -1 -1 -1 -1 -1 -1 -1 -1 -1 -1 -1 -1 -1 -1 -1 -1 -1 -1 -1 -1 -1 -1 -1 -1 -1 -1 -1 -1 -1 -1 -1 -1 -1 -2 -2 -3 -3 -4 -4 -4 -4 -4 -4 -4 -4 -4 -4 -4 -4 -4 -4 -4 -4 -4 -4 -4 -4 -4
-1 -1 -1 -1 -1 -1 -1 -1 -1 -1 -1 -1 -1 -1 -1 -1 -1 -1 -1 -1 -1 -1 -1 -1 -1 -1 -1 -1 -1 -1 -30 -128 -116 -1 -1 -1 -81 -1 -1 -1 -1 -3 -65 -115 1 29 49 39 56 48 29 0 -128 -128 -40 -1 -61 -125 -128 -128 -128 -105 -1 -6 -46 0 18 32 35 30 43 44 42 44 37 26 26 0 19 14 19 20 18 32 35 31 29 25 35 32 16 0 0 26 42 67 83 85 68 76 74 74 61 54 37 19 24 21 64 81 44 45 71 53 52 89 55 64 58 68 72 67 53 55 48 54 70 55 55 44 35 25 9 13 26 26 38 13 0 -112 -128 -107 -1 -1 -1 -1 -1 -1 -1 -1 -1 -1 -1 -1 -1 -1 -1 -1 -1 -1 -1 -1 -1 -1 -1 -1 -1 -1 -1 -1 -1 -1 -1 -1 -1 -1 -1 -1 -1 -1 -1 -1 -1 -1 -1 -1 -1 -1 -1 -1 -1 -1 -1 -1 -1 -1 -1 -1 -1 -1 -1 -1 -1 -1 -1 -1 -1 -1 -1 -1 -1 -1 -1 -1 -1 -1 -1 -1 -1 -1 -1 -1 -1 -1 -1 -1 -1 -1 -1 -1 -1 -1 -1 -1 -1 -1 -1 -1 -1 -1 -1 -1 -1 -1 -1 -1 -1 -1 -1 -1 -1 -1 -1 -1 -1 -1 -1 -1 -1 -1 -1 -1 -1 -1 -1 -1 -1 -1 -1 -1 -1 -1 -1 -1 -1 -1 -1 -1 -1 -1 -1 -1 -1 -1 -1 -1 -1 -1 -1 -1 -1 -1 -1 -1 -1 -1 -1 -1 -1 -1 -1 -1 -1 -1 -1 -1 -1 -1 -1 -1 -1 -1 -1 -1 -1 -1 -1 -1 -1 -1 -1 -1 -1 -1 -1 -1 -1 -1 -1 -1 -1 -1 -1 -1 -1 -1 -1 -1 -1 -1 -1 -1 -1 -1 -1 -1 -1 -1 -1 -1 -1 -1 -1 -1 -1 -1 -1 -1 -1 -1 -1 -1 -1 -1 -1 -1 -1 -1 -1 -1 -1 -1 -1 -1 -1 -1 -1 -1 -1 -1 -1 -1 -1 -1 -1 -1 -1 -1 -1 -1 -1 -1 -1 -1 -1 -1 -1 -1 -1 -1 -1 -1 -1 -1 -1 -1 -1 -1 -1 -1 -1 -1 -1 -1 -1 -1 -1 -1 -1 -1 -1 -1 -1 -1 -1 -1 -1 -1 -1 -1 -1 -1 -1 -1 -1 -1 -1 -1 -1 -1 -1 -1 -1 -1 -1 -1 -1 -1 -1 -1 -1 -1 -1 -1 -1 -1 -1 -1 -1 -1 -1 -1 -1 -1 -1 -1 -1 -1 -1 -1 -1 -1 -1 -1 -1 -1 -1 -1 -1 -1 -1 -1 -1 -1 -1 -1 -1 -2 -3 -3 -3 -4 -4 -4 -4 -4 -4 -4 -4 -4 -4 -4 -4 -4 -4 -4 -4 -4 -4 -4 -4 -4
-1 -1 -1 -1 -1 -1 -1 -1 -1 -1 -1 -1 -1 -1 -1 -1 -1 -1 -1 -1 -1 -1 -1 -1 -1 -1 -1 -1 -1 -1 -1 -1 -1 -1 -1 -124 -128 -1 -1 -1 -1 -1 -1 -75 0 85 91 65 56 12 0 -112 -21 -11 -1 -1 -1 -1 -1 -1 -93 -128 -81 -1 -6 -128 1 33 66 60 67 50 25 13 0 0 -120 0 26 31 32 25 31 22 -107 -128 0 10 2 0 2 7 20 44 41 55 68 90 68 55 66 72 68 59 55 43 22 16 36 48 41 54 70 44 56 78 43 41 36 39 43 41 38 44 33 39 49 52 36 33 26 19 25 26 26 27 31 8 20 7 0 -128 -16 -1 -1 -1 -1 -1 -1 -1 -1 -1 -1 -1 -1 -1 -1 -1 -1 -1 -1 -1 -1 -1 -1 -1 -1 -1 -1 -1 -1 -1 -1 -1 -1 -1 -1 -1 -1 -1 -1 -1 -1 -1 -1 -1 -1 -1 -1 -1 -1 -1 -1 -1 -1 -1 -1 -1 -1 -1 -1 -1 -1 -1 -1 -1 -1 -1 -1 -1 -1 -1 -1 -1 -1 -1 -1 -1 -1 -1 -1 -1 -1 -1 -1 -1 -1 -1 -1 -1 -1 -1 -1 -1 -1 -1 -1 -1 -1 -1 -1 -1 -1 -1 -1 -1 -1 -1 -1 -1 -1 -1 -1 -1 -1 -1 -1 -1 -1 -1 -1 -1 -1 -1 -1 -1 -1 -1 -1 -1 -1 -1 -1 -1 -1 -1 -1 -1 -1 -1 -1 -1 -1 -1 -1 -1 -1 -1 -1 -1 -1 -1 -1 -1 -1 -1 -1 -1 -1 -1 -1 -1 -1 -1 -1 -1 -1 -1 -1 -1 -1 -1 -1 -1 -1 -1 -1 -1 -1 -1 -1 -1 -1 -1 -1 -1 -1 -1 -1 -1 -1 -1 -1 -1 -1 -1 -1 -1 -1 -1 -1 -1 -1 -1 -1 -1 -1 -1 -1 -1 -1 -1 -1 -1 -1 -1 -1 -1 -1 -1 -1 -1 -1 -1 -1 -1 -1 -1 -1 -1 -1 -1 -1 -1 -1 -1 -1 -1 -1 -1 -1 -1 -1 -1 -1 -1 -1 -1 -1 -1 -1 -1 -1 -1 -1 -1 -1 -1 -1 -1 -1 -1 -1 -1 -1 -1 -1 -1 -1 -1 -1 -1 -1 -1 -1 -1 -1 -1 -1 -1 -1 -1 -1 -1 -1 -1 -1 -1 -1 -1 -1 -1 -1 -1 -1 -1 -1 -1 -1 -1 -1 -1 -1 -1 -1 -1 -1 -1 -1 -1 -1 -1 -1 -1 -1 -1 -1 -1 -1 -1 -1 -1 -1 -1 -1 -1 -1 -1 -1 -1 -1 -1 -1 -1 -1 -1 -1 -1 -3 -3 -3 -3 -3 -3 -3 -3 -3 -4 -3 -4 -4 -4 -4 -4 -4 -4 -4 -4 -4 -4 -4 -4 -4 -4 -4 -4 -4 -4 -4 -4 -4 -4
-1 -1 -1 -1 -1 -1 -1 -1 -1 -1 -1 -1 -1 -1 -1 -1 -1 -1 -1 -1 -1 -1 -1 -1 -1 -1 -1 -1 -1 -1 -1 -1 -1 -1 -1 -22 -1 -1 -1 -1 -1 -1 -1 -47 0 37 87 27 4 -121 -92 -1 -1 -1 -1 -1 -1 -1 -1 -1 -1 -1 -32 -1 -1 -73 -128 0 44 33 27 0 0 -128 -128 -77 -44 -107 -114 -116 -84 -120 -102 -78 -128 -112 -96 -128 0 2 24 33 39 45 42 61 81 84 70 53 49 66 79 78 49 61 37 20 24 33 38 42 45 39 58 55 37 36 38 41 43 54 58 55 38 25 32 30 32 47 54 53 29 15 24 18 14 8 20 22 7 -128 -1 -1 -1 -1 -1 -1 -1 -1 -1 -1 -1 -1 -1 -1 -1 -1 -1 -1 -1 -1 -1 -1 -1 -1 -1 -1 -1 -1 -1 -1 -1 -1 -1 -1 -1 -1 -1 -1 -1 -1 -1 -1 -1 -1 -1 -1 -1 -1 -1 -1 -1 -1 -1 -1 -1 -1 -1 -1 -1 -1 -1 -1 -1 -1 -1 -1 -1 -1 -1 -1 -1 -1 -1 -1 -1 -1 -1 -1 -1 -1 -1 -1 -1 -1 -1 -1 -1 -1 -1 -1 -1 -1 -1 -1 -1 -1 -1 -1 -1 -1 -1 -1 -1 -1 -1 -1 -1 -1 -1 -1 -1 -1 -1 -1 -1 -1 -1 -1 -1 -1 -1 -1 -1 -1 -1 -1 -1 -1 -1 -1 -1 -1 -1 -1 -1 -1 -1 -1 -1 -1 -1 -1 -1 -1 -1 -1 -1 -1 -1 -1 -1 -1 -1 -1 -1 -1 -1 -1 -1 -1 -1 -1 -1 -1 -1 -1 -1 -1 -1 -1 -1 -1 -1 -1 -1 -1 -1 -1 -1 -1 -1 -1 -1 -1 -1 -1 -1 -1 -1 -1 -1 -1 -1 -1 -1 -1 -1 -1 -1 -1 -1 -1 -1 -1 -1 -1 -1 -1 -1 -1 -1 -1 -1 -1 -1 -1 -1 -1 -1 -1 -1 -1 -1 -1 -1 -1 -1 -1 -1 -1 -1 -1 -1 -1 -1 -1 -1 -1 -1 -1 -1 -1 -1 -1 -1 -1 -1 -1 -1 -1 -1 -1 -1 -1 -1 -1 -1 -1 -1 -1 -1 -1 -1 -1 -1 -1 -1 -1 -1 -1 -1 -1 -1 -1 -1 -1 -1 -1 -1 -1 -1 -1 -1 -1 -1 -1 -1 -1 -1 -1 -1 -1 -1 -1 -1 -1 -1 -1 -1 -1 -1 -1 -1 -1 -1 -1 -1 -1 -1 -1 -1 -1 -1 -1 -1 -1 -1 -1 -1 -1 -1 -1 -1 -1 -1 -1 -1 -1 -1 -1 -1 -1 -1 -2 -1 -1 -3 -4 -3 -3 -3 -3 -4 -3 -3 -4 -4 -4 -4 -4 -4 -4 -4 -4 -4 -4 -4 -4 -4 -4 -4 -4 -4 -4 -4 -4 -4 -4 -4 -4
-1 -1 -1 -1 -1 -1 -1 -1 -1 -1 -1 -1 -1 -1 -1 -1 -1 -1 -1 -1 -1 -1 -1 -1 -1 -1 -1 -1 -1 -1 -1 -1 -1 -1 -1 -1 -1 -1 -1 -1 -1 -1 -1 -1 -107 4 59 14 0 -61 -1 -59 -92 -116 -64 -1 -1 -1 -1 -1 -1 -1 -1 -1 -1 -1 -8 -128 16 0 -128 -128 -73 -1 -1 -1 -1 -42 -128 -128 -128 -128 -126 -128 -128 -128 -128 -86 0 12 15 21 32 31 41 49 66 83 71 50 41 43 66 58 32 26 19 21 22 26 29 35 35 35 42 50 33 42 49 64 67 77 70 66 48 29 20 21 26 44 55 31 18 20 44 30 21 19 18 14 10 -105 -128 -7 -1 -1 -1 -1 -1 -1 -1 -1 -1 -1 -1 -1 -1 -1 -1 -1 -1 -1 -1 -1 -1 -1 -1 -1 -1 -1 -1 -1 -1 -1 -1 -1 -1 -1 -1 -1 -1 -1 -1 -1 -1 -1 -1 -1 -1 -1 -1 -1 -1 -1 -1 -1 -1 -1 -1 -1 -1 -1 -1 -1 -1 -1 -1 -1 -1 -1 -1 -1 -1 -1 -1 -1 -1 -1 -1 -1 -1 -1 -1 -1 -1 -1 -1 -1 -1 -1 -1 -1 -1 -1 -1 -1 -1 -1 -1 -1 -1 -1 -1 -1 -1 -1 -1 -1 -1 -1 -1 -1 -1 -1 -1 -1 -1 -1 -1 -1 -1 -1 -1 -1 -1 -1 -1 -1 -1 -1 -1 -1 -1 -1 -1 -1 -1 -1 -1 -1 -1 -1 -1 -1 -1 -1 -1 -1 -1 -1 -1 -1 -1 -1 -1 -1 -1 -1 -1 -1 -1 -1 -1 -1 -1 -1 -1 -1 -1 -1 -1 -1 -1 -1 -1 -1 -1 -1 -1 -1 -1 -1 -1 -1 -1 -1 -1 -1 -1 -1 -1 -1 -1 -1 -1 -1 -1 -1 -1 -1 -1 -1 -1 -1 -1 -1 -1 -1 -1 -1 -1 -1 -1 -1 -1 -1 -1 -1 -1 -1 -1 -1 -1 -1 -1 -1 -1 -1 -1 -1 -1 -1 -1 -1 -1 -1 -1 -1 -1 -1 -1 -1 -1 -1 -1 -1 -1 -1 -1 -1 -1 -1 -1 -1 -1 -1 -1 -1 -1 -1 -1 -1 -1 -1 -1 -1 -1 -1 -1 -1 -1 -1 -1 -1 -1 -1 -1 -1 -1 -1 -1 -1 -1 -1 -1 -1 -1 -1 -1 -1 -1 -1 -1 -1 -1 -1 -1 -1 -1 -1 -1 -1 -1 -1 -1 -1 -1 -1 -1 -1 -1 -1 -1 -1 -1 -1 -1 -1 -1 -1 -1 -1 -1 -1 -1 -1 -1 -1 -1 -1 -1 -1 -1 -1 -1 -1 -1 -1 -3 -3 -3 -3 -3 -3 -4 -3 -3 -4 -4 -4 -4 -4 -4 -4 -4 -4 -4 -4 -4 -4 -4 -4 -4 -4 -4 -4 -4 -4 -4 -4 -4 -4
-1 -1 -1 -1 -1 -1 -1 -1 -1 -1 -1 -1 -1 -1 -1 -1 -1 -1 -1 -1 -1 -1 -1 -1 -1 -1 -1 -1 -1 -1 -1 -1 -1 -1 -1 -1 -1 -1 -1 -1 -1 -1 -1 -1 -128 21 61 24 0 -114 -105 0 0 -126 -64 -30 -40 -1 -14 -14 -11 -1 -1 -1 -1 -1 -77 -128 -125 -98 -30 -1 -1 -1 -1 -1 -1 -128 -126 -72 -26 -69 -44 -128 -121 -96 -128 -49 -128 0 21 27 36 33 31 37 41 49 68 66 68 60 43 35 39 32 42 62 62 48 50 36 33 35 43 41 37 62 66 84 85 71 65 55 43 32 19 13 14 15 35 48 42 39 84 71 49 38 24 18 19 12 -114 -69 -1 -1 -1 -1 -1 -1 -1 -1 -1 -1 -1 -1 -1 -1 -1 -1 -1 -1 -1 -1 -1 -1 -1 -1 -1 -1 -1 -1 -1 -1 -1 -1 -1 -1 -1 -1 -1 -1 -1 -1 -1 -1 -1 -1 -1 -1 -1 -1 -1 -1 -1 -1 -1 -1 -1 -1 -1 -1 -1 -1 -1 -1 -1 -1 -1 -1 -1 -1 -1 -1 -1 -1 -1 -1 -1 -1 -1 -1 -1 -1 -1 -1 -1 -1 -1 -1 -1 -1 -1 -1 -1 -1 -1 -1 -1 -1 -1 -1 -1 -1 -1 -1 -1 -1 -1 -1 -1 -1 -1 -1 -1 -1 -1 -1 -1 -1 -1 -1 -1 -1 -1 -1 -1 -1 -1 -1 -1 -1 -1 -1 -1 -1 -1 -1 -1 -1 -1 -1 -1 -1 -1 -1 -1 -1 -1 -1 -1 -1 -1 -1 -1 -1 -1 -1 -1 -1 -1 -1 -1 -1 -1 -1 -1 -1 -1 -1 -1 -1 -1 -1 -1 -1 -1 -1 -1 -1 -1 -1 -1 -1 -1 -1 -1 -1 -1 -1 -1 -1 -1 -1 -1 -1 -1 -1 -1 -1 -1 -1 -1 -1 -1 -1 -1 -1 -1 -1 -1 -1 -1 -1 -1 -1 -1 -1 -1 -1 -1 -1 -1 -1 -1 -1 -1 -1 -1 -1 -1 -1 -1 -1 -1 -1 -1 -1 -1 -1 -1 -1 -1 -1 -1 -1 -1 -1 -1 -1 -1 -1 -1 -1 -1 -1 -1 -1 -1 -1 -1 -1 -1 -1 -1 -1 -1 -1 -1 -1 -1 -1 -1 -1 -1 -1 -1 -1 -1 -1 -1 -1 -1 -1 -1 -1 -1 -1 -1 -1 -1 -1 -1 -1 -1 -1 -1 -1 -1 -1 -1 -1 -1 -1 -1 -1 -1 -1 -1 -1 -1 -1 -1 -1 -1 -1 -1 -1 -1 -1 -1 -1 -1 -1 -1 -1 -1 -1 -1 -1 -1 -1 -1 -1 -1 -1 -1 -1 -3 -3 -3 -3 -3 -3 -3 -3 -3 -4 -4 -4 -4 -4 -4 -4 -4 -4 -4 -4 -4 -4 -4 -4 -4 -4 -4 -4 -4 -4 -4 -4 -4 -4
-1 -1 -1 -1 -1 -1 -1 -1 -1 -1 -1 -1 -1 -1 -1 -1 -1 -1 -1 -1 -1 -1 -1 -1 -1 -1 -1 -1 -1 -1 -1 -1 -1 -1 -1 -1 -1 -1 -1 -1 -1 -1 -1 -3 -120 1 64 54 30 21 32 30 -128 -58 -1 -25 -63 -39 -103 -107 -128 -25 -1 -1 -1 -1 -1 -45 -1 -1 -1 -1 -1 -1 -1 -1 -1 -1 -1 -1 -1 -1 -8 -56 -110 -125 -42 -1 -102 0 29 21 33 45 33 21 31 54 67 60 66 77 42 45 66 54 67 101 91 72 58 36 32 35 55 37 41 60 97 93 95 85 70 66 56 60 39 26 22 22 27 66 66 66 100 85 56 33 29 21 24 14 0 -119 -1 -1 -1 -1 -1 -1 -1 -1 -1 -1 -1 -1 -1 -1 -1 -1 -1 -1 -1 -1 -1 -1 -1 -1 -1 -1 -1 -1 -1 -1 -1 -1 -1 -1 -1 -1 -1 -1 -1 -1 -1 -1 -1 -1 -1 -1 -1 -1 -1 -1 -1 -1 -1 -1 -1 -1 -1 -1 -1 -1 -1 -1 -1 -1 -1 -1 -1 -1 -1 -1 -1 -1 -1 -1 -1 -1 -1 -1 -1 -1 -1 -1 -1 -1 -1 -1 -1 -1 -1 -1 -1 -1 -1 -1 -1 -1 -1 -1 -1 -1 -1 -1 -1 -1 -1 -1 -1 -1 -1 -1 -1 -1 -1 -1 -1 -1 -1 -1 -1 -1 -1 -1 -1 -1 -1 -1 -1 -1 -1 -1 -1 -1 -1 -1 -1 -1 -1 -1 -1 -1 -1 -1 -1 -1 -1 -1 -1 -1 -1 -1 -1 -1 -1 -1 -1 -1 -1 -1 -1 -1 -1 -1 -1 -1 -1 -1 -1 -1 -1 -1 -1 -1 -1 -1 -1 -1 -1 -1 -1 -1 -1 -1 -1 -1 -1 -1 -1 -1 -1 -1 -1 -1 -1 -1 -1 -1 -1 -1 -1 -1 -1 -1 -1 -1 -1 -1 -1 -1 -1 -1 -1 -1 -1 -1 -1 -1 -1 -1 -1 -1 -1 -1 -1 -1 -1 -1 -1 -1 -1 -1 -1 -1 -1 -1 -1 -1 -1 -1 -1 -1 -1 -1 -1 -1 -1 -1 -1 -1 -1 -1 -1 -1 -1 -1 -1 -1 -1 -1 -1 -1 -1 -1 -1 -1 -1 -1 -1 -1 -1 -1 -1 -1 -1 -1 -1 -1 -1 -1 -1 -1 -1 -1 -1 -1 -1 -1 -1 -1 -1 -1 -1 -1 -1 -1 -1 -1 -1 -1 -1 -1 -1 -1 -1 -2 -2 -2 -4 -3 -3 -2 -1 -1 -1 -1 -1 -1 -1 -1 -1 -1 -1 -1 -1 -1 -1 -1 -1 -1 -1 -1 -1 -1 -2 -1 -3 -3 -3 -3 -3 -3 -4 -4 -4 -4 -4 -4 -4 -4 -4 -4 -4 -4 -4 -4 -4 -4 -4 -4 -4 -4 -4 -4 -4 -4 -4 -4 -4 -4
-1 -1 -1 -1 -1 -1 -1 -1 -1 -1 -1 -1 -1 -1 -1 -1 -1 -1 -1 -1 -1 -1 -1 -1 -1 -1 -1 -1 -1 -1 -1 -1 -1 -1 -1 -1 -1 -1 -1 -1 -1 -1 -1 -58 -128 -125 0 2 0 -122 0 0 -128 -4 -1 -1 -1 -1 -1 -1 -1 -1 -1 -1 -1 -1 -1 -1 -1 -1 -1 -1 -1 -1 -1 -1 -1 -1 -1 -1 -1 -1 -1 -1 -1 -1 -1 -1 -128 1 14 19 24 43 31 18 33 61 68 42 49 74 62 58 59 91 89 88 68 45 39 41 35 37 42 32 30 47 93 70 67 88 90 93 66 58 72 64 37 29 18 49 62 68 89 87 62 35 22 15 24 16 -103 -102 -1 -1 -1 -1 -1 -1 -1 -1 -1 -1 -1 -1 -1 -1 -1 -1 -1 -1 -1 -1 -1 -1 -1 -1 -1 -1 -1 -1 -1 -1 -1 -1 -1 -1 -1 -1 -1 -1 -1 -1 -1 -1 -1 -1 -1 -1 -1 -1 -1 -1 -1 -1 -1 -1 -1 -1 -1 -1 -1 -1 -1 -1 -1 -1 -1 -1 -1 -1 -1 -1 -1 -1 -1 -1 -1 -1 -1 -1 -1 -1 -1 -1 -1 -1 -1 -1 -1 -1 -1 -1 -1 -1 -1 -1 -1 -1 -1 -1 -1 -1 -1 -1 -1 -1 -1 -1 -1 -1 -1 -1 -1 -1 -1 -1 -1 -1 -1 -1 -1 -1 -1 -1 -1 -1 -1 -1 -1 -1 -1 -1 -1 -1 -1 -1 -1 -1 -1 -1 -1 -1 -1 -1 -1 -1 -1 -1 -1 -1 -1 -1 -1 -1 -1 -1 -1 -1 -1 -1 -1 -1 -1 -1 -1 -1 -1 -1 -1 -1 -1 -1 -1 -1 -1 -1 -1 -1 -1 -1 -1 -1 -1 -1 -1 -1 -1 -1 -1 -1 -1 -1 -1 -1 -1 -1 -1 -1 -1 -1 -1 -1 -1 -1 -1 -1 -1 -1 -1 -1 -1 -1 -1 -1 -1 -1 -1 -1 -1 -1 -1 -1 -1 -1 -1 -1 -1 -1 -1 -1 -1 -1 -1 -1 -1 -1 -1 -1 -1 -1 -1 -1 -1 -1 -1 -1 -1 -1 -1 -1 -1 -1 -1 -1 -1 -1 -1 -1 -1 -1 -1 -1 -1 -1 -1 -1 -1 -1 -1 -1 -1 -1 -1 -1 -1 -1 -1 -1 -1 -1 -1 -1 -1 -1 -1 -1 -1 -1 -1 -1 -1 -1 -1 -1 -1 -1 -1 -1 -1 -1 -1 -1 -1 -1 -1 -2 -2 -2 -4 -3 -3 -2 -1 -1 -1 -1 -1 -1 -1 -1 -1 -1 -1 -1 -1 -1 -1 -1 -1 -1 -1 -1 -1 -1 -1 -1 -3 -3 -3 -3 -3 -3 -4 -4 -4 -4 -4 -4 -4 -4 -4 -4 -4 -4 -4 -4 -4 -4 -4 -4 -4 -4 -4 -4 -4 -4 -4 -4 -4 -4
-1 -1 -1 -1 -1 -1 -1 -1 -1 -1 -1 -1 -1 -1 -1 -1 -1 -1 -1 -1 -1 -1 -1 -1 -1 -1 -1 -1 -1 -1 -1 -1 -1 -1 -1 -1 -1 -1 -1 -1 -1 -1 -1 -1 -58 -42 -79 -128 -42 -14 -78 -97 -18 -1 -1 -1 -1 -1 -1 -1 -1 -1 -1 -1 -1 -1 -1 -1 -1 -1 -1 -1 -1 -1 -1 -1 -1 -1 -1 -1 -1 -1 -1 -1 -1 -1 -1 -21 -128 -128 0 24 31 31 27 21 22 27 41 32 66 81 70 77 76 100 90 62 60 47 42 64 54 37 43 58 33 43 83 68 60 74 74 91 76 43 49 72 64 33 29 29 49 56 71 60 48 31 24 18 24 20 0 -41 -1 -1 -1 -1 -1 -1 -1 -1 -1 -1 -1 -1 -1 -1 -1 -1 -1 -1 -1 -1 -1 -1 -1 -1 -1 -1 -1 -1 -1 -1 -1 -1 -1 -1 -1 -1 -1 -1 -1 -1 -1 -1 -1 -1 -1 -1 -1 -1 -1 -1 -1 -1 -1 -1 -1 -1 -1 -1 -1 -1 -1 -1 -1 -1 -1 -1 -1 -1 -1 -1 -1 -1 -1 -1 -1 -1 -1 -1 -1 -1 -1 -1 -1 -1 -1 -1 -1 -1 -1 -1 -1 -1 -1 -1 -1 -1 -1 -1 -1 -1 -1 -1 -1 -1 -1 -1 -1 -1 -1 -1 -1 -1 -1 -1 -1 -1 -1 -1 -1 -1 -1 -1 -1 -1 -1 -1 -1 -1 -1 -1 -1 -1 -1 -1 -1 -1 -1 -1 -1 -1 -1 -1 -1 -1 -1 -1 -1 -1 -1 -1 -1 -1 -1 -1 -1 -1 -1 -1 -1 -1 -1 -1 -1 -1 -1 -1 -1 -1 -1 -1 -1 -1 -1 -1 -1 -1 -1 -1 -1 -1 -1 -1 -1 -1 -1 -1 -1 -1 -1 -1 -1 -1 -1 -1 -1 -1 -1 -1 -1 -1 -1 -1 -1 -1 -1 -1 -1 -1 -1 -1 -1 -1 -1 -1 -1 -1 -1 -1 -1 -1 -1 -1 -1 -1 -1 -1 -1 -1 -1 -1 -1 -1 -1 -1 -1 -1 -1 -1 -1 -1 -1 -1 -1 -1 -1 -1 -1 -1 -1 -1 -1 -1 -1 -1 -1 -1 -1 -1 -1 -1 -1 -1 -1 -1 -1 -1 -1 -1 -1 -1 -1 -1 -1 -1 -1 -1 -1 -1 -1 -1 -1 -1 -1 -1 -1 -1 -1 -1 -1 -1 -1 -1 -1 -1 -1 -1 -1 -1 -1 -1 -1 -1 -1 -1 -2 -2 -2 -3 -3 -3 -1 -1 -2 -1 -2 -1 -1 -1 -1 -1 -1 -1 -1 -1 -1 -1 -1 -1 -1 -1 -1 -1 -1 -1 -3 -3 -3 -3 -3 -3 -4 -4 -4 -4 -4 -4 -4 -4 -4 -4 -4 -4 -4 -4 -4 -4 -4 -4 -4 -4 -4 -4 -4 -4 -4 -4 -4 -4
-1 -1 -1 -1 -1 -1 -1 -1 -1 -1 -1 -1 -1 -1 -1 -1 -1 -1 -1 -1 -1 -1 -1 -1 -1 -1 -1 -1 -1 -1 -1 -1 -1 -1 -1 -1 -1 -1 -1 -1 -1 -1 -1 -1 -1 -1 -1 -63 -1 -1 -1 -1 -1 -1 96 -1 -1 -1 -1 -1 -1 -1 -1 -1 -1 -1 -1 -1 -1 -1 -1 -1 -1 -1 -1 -1 -1 -1 -1 -1 -1 -1 -1 -1 -1 -1 -89 -106 -75 -86 0 22 21 35 25 21 38 59 53 33 47 49 55 78 74 72 61 55 64 50 37 45 47 50 55 39 27 32 45 50 43 36 32 60 83 72 43 29 37 39 26 27 43 48 36 38 29 20 20 22 24 27 0 -74 -1 -1 -1 -1 -1 -1 -1 -1 -1 -1 -1 -1 -1 -1 -1 -1 -1 -1 -1 -1 -1 -1 -1 -1 -1 -1 -1 -1 -1 -1 -1 -1 -1 -1 -1 -1 -1 -1 -1 -1 -1 -1 -1 -1 -1 -1 -1 -1 -1 -1 -1 -1 -1 -1 -1 -1 -1 -1 -1 -1 -1 -1 -1 -1 -1 -1 -1 -1 -1 -1 -1 -1 -1 -1 -1 -1 -1 -1 -1 -1 -1 -1 -1 -1 -1 -1 -1 -1 -1 -1 -1 -1 -1 -1 -1 -1 -1 -1 -1 -1 -1 -1 -1 -1 -1 -1 -1 -1 -1 -1 -1 -1 -1 -1 -1 -1 -1 -1 -1 -1 -1 -1 -1 -1 -1 -1 -1 -1 -1 -1 -1 -1 -1 -1 -1 -1 -1 -1 -1 -1 -1 -1 -1 -1 -1 -1 -1 -1 -1 -1 -1 -1 -1 -1 -1 -1 -1 -1 -1 -1 -1 -1 -1 -1 -1 -1 -1 -1 -1 -1 -1 -1 -1 -1 -1 -1 -1 -1 -1 -1 -1 -1 -1 -1 -1 -1 -1 -1 -1 -1 -1 -1 -1 -1 -1 -1 -1 -1 -1 -1 -1 -1 -1 -1 -1 -1 -1 -1 -1 -1 -1 -1 -1 -1 -1 -1 -1 -1 -1 -1 -1 -1 -1 -1 -1 -1 -1 -1 -1 -1 -1 -1 -1 -1 -1 -1 -1 -1 -1 -1 -1 -1 -1 -1 -1 -1 -1 -1 -1 -1 -1 -1 -1 -1 -1 -1 -1 -1 -1 -1 -1 -1 -1 -1 -1 -1 -1 -1 -1 -1 -1 -1 -1 -1 -1 -1 -1 -1 -1 -1 -1 -1 -1 -1 -1 -1 -1 -1 -2 -3 -3 -4 -4 -4 -3 -4 -3 -3 -3 -4 -4 -4 -3 -3 -3 -3 -2 -2 -2 -1 -1 -1 -1 -1 -1 -1 -1 -1 -1 -1 -1 -1 -1 -1 -1 -1 -1 -1 -1 -1 -1 -1 -1 -1 -1 -2 -1 -2 -3 -3 -4 -4 -4 -4 -4 -4 -4 -4 -4 -4 -4 -4 -4 -4 -4 -4 -4 -4 -4 -4 -4 -4 -4 -4 -4 -4 -4 -4
-1 -1 -1 -1 -1 -1 -1 -1 -1 -1 -1 -1 -1 -1 -1 -1 -1 -1 -1 -1 -1 -1 -1 -1 -1 -1 -1 -1 -1 -1 -1 -1 -1 -1 -1 -1 -1 -1 -1 -1 -1 -1 -1 -1 -63 -1 -1 -1 -1 -1 -1 -1 -1 -1 -1 -1 -1 -1 -1 -1 -1 -1 -1 -1 -1 -1 -1 -1 -1 -1 -1 -1 -1 -1 -1 -1 -1 -1 -1 -1 -1 -1 -1 -1 -1 -1 -1 -128 -128 0 21 33 21 19 24 53 88 99 73 43 49 41 53 54 61 67 56 45 47 41 38 43 59 44 37 33 35 36 22 22 24 18 18 24 33 67 58 59 27 19 29 26 42 42 36 31 18 18 41 33 20 20 0 -45 -1 -1 -1 -1 -1 -1 -1 -1 -1 -1 -1 -1 -1 -1 -1 -1 -1 -1 -1 -1 -1 -1 -1 -1 -1 -1 -1 -1 -1 -1 -1 -1 -1 -1 -1 -1 -1 -1 -1 -1 -1 -1 -1 -1 -1 -1 -1 -1 -1 -1 -1 -1 -1 -1 -1 -1 -1 -1 -1 -1 -1 -1 -1 -1 -1 -1 -1 -1 -1 -1 -1 -1 -1 -1 -1 -1 -1 -1 -1 -1 -1 -1 -1 -1 -1 -1 -1 -1 -1 -1 -1 -1 -1 -1 -1 -1 -1 -1 -1 -1 -1 -1 -1 -1 -1 -1 -1 -1 -1 -1 -1 -1 -1 -1 -1 -1 -1 -1 -1 -1 -1 -1 -1 -1 -1 -1 -1 -1 -1 -1 -1 -1 -1 -1 -1 -1 -1 -1 -1 -1 -1 -1 -1 -1 -1 -1 -1 -1 -1 -1 -1 -1 -1 -1 -1 -1 -1 -1 -1 -1 -1 -1 -1 -1 -1 -1 -1 -1 -1 -1 -1 -1 -1 -1 -1 -1 -1 -1 -1 -1 -1 -1 -1 -1 -1 -1 -1 -1 -1 -1 -1 -1 -1 -1 -1 -1 -1 -1 -1 -1 -1 -1 -1 -1 -1 -1 -1 -1 -1 -1 -1 -1 -1 -1 -1 -1 -1 -1 -1 -1 -1 -1 -1 -1 -1 -1 -1 -1 -1 -1 -1 -1 -1 -1 -1 -1 -1 -1 -1 -1 -1 -1 -1 -1 -1 -1 -1 -1 -1 -1 -1 -1 -1 -1 -1 -1 -1 -1 -1 -1 -1 -1 -1 -1 -1 -1 -1 -1 -1 -1 -1 -1 -1 -1 -1 -1 -1 -1 -1 -1 -1 -1 -1 -1 -1 -1 -1 -1 -3 -3 -2 -4 -4 -3 -4 -3 -4 -4 -4 -4 -4 -4 -4 -3 -3 -3 -2 -2 -2 -2 -1 -1 -1 -1 -1 -1 -1 -1 -1 -1 -1 -1 -1 -1 -1 -1 -1 -1 -1 -1 -1 -1 -1 -1 -1 -2 -1 -3 -3 -3 -4 -4 -4 -4 -4 -4 -4 -4 -4 -4 -4 -4 -4 -4 -4 -4 -4 -4 -4 -4 -4 -4 -4 -4 -4 -4 -4 -4
-1 -1 -1 -1 -1 -1 -1 -1 -1 -1 -1 -1 -1 -1 -1 -1 -1 -1 -1 -1 -1 -1 -1 -1 -1 -1 -1 -1 -1 -1 -1 -1 -1 -1 -1 -1 -1 -1 -1 -1 -89 -1 -1 -1 -7 -1 -1 -1 -1 -1 -1 -1 -1 -1 -1 -1 -1 -1 -1 -1 -1 -1 -1 -1 -1 -1 -1 -1 -1 -1 -1 -1 -1 -1 -1 -1 -1 -1 -1 -1 -1 -1 -1 -1 -6 -87 -117 -120 -128 -100 21 33 20 26 44 72 84 58 53 76 76 60 47 55 66 81 72 70 71 53 47 65 99 93 59 44 58 60 32 32 19 25 14 12 18 45 36 62 35 24 32 26 27 18 31 21 29 20 32 48 31 14 0 -114 -1 -1 -1 -1 -1 -1 -1 -1 -1 -1 -1 -1 -1 -1 -1 -1 -1 -1 -1 -1 -1 -1 -1 -1 -1 -1 -1 -1 -1 -1 -1 -1 -1 -1 -1 -1 -1 -1 -1 -1 -1 -1 -1 -1 -1 -1 -1 -1 -1 -1 -1 -1 -1 -1 -1 -1 -1 -1 -1 -1 -1 -1 -1 -1 -1 -1 -1 -1 -1 -1 -1 -1 -1 -1 -1 -1 -1 -1 -1 -1 -1 -1 -1 -1 -1 -1 -1 -1 -1 -1 -1 -1 -1 -1 -1 -1 -1 -1 -1 -1 -1 -1 -1 -1 -1 -1 -1 -1 -1 -1 -1 -1 -1 -1 -1 -1 -1 -1 -1 -1 -1 -1 -1 -1 -1 -1 -1 -1 -1 -1 -1 -1 -1 -1 -1 -1 -1 -1 -1 -1 -1 -1 -1 -1 -1 -1 -1 -1 -1 -1 -1 -1 -1 -1 -1 -1 -1 -1 -1 -1 -1 -1 -1 -1 -1 -1 -1 -1 -1 -1 -1 -1 -1 -1 -1 -1 -1 -1 -1 -1 -1 -1 -1 -1 -1 -1 -1 -1 -1 -1 -1 -1 -1 -1 -1 -1 -1 -1 -1 -1 -1 -1 -1 -1 -1 -1 -1 -1 -1 -1 -1 -1 -1 -1 -1 -1 -1 -1 -1 -1 -1 -1 -1 -1 -1 -1 -1 -1 -1 -1 -1 -1 -1 -1 -1 -1 -1 -1 -1 -1 -1 -1 -1 -1 -1 -1 -1 -1 -1 -1 -1 -1 -1 -1 -1 -1 -1 -1 -1 -1 -1 -1 -1 -1 -1 -1 -1 -1 -1 -1 -1 -1 -1 -1 -1 -1 -1 -1 -1 -1 -1 -1 -1 -1 -1 -1 -1 -1 -2 -2 -3 -4 -4 -3 -4 -4 -4 -4 -4 -4 -3 -3 -3 -3 -4 -3 -2 -2 -3 -1 -1 -1 -1 -1 -1 -1 -1 -1 -1 -1 -1 -1 -1 -1 -1 -1 -1 -1 -1 -1 -1 -1 -1 -1 -1 -1 -1 -2 -3 -4 -4 -4 -4 -4 -4 -4 -4 -4 -4 -4 -4 -4 -4 -4 -4 -4 -4 -4 -4 -4 -4 -4 -4 -4 -4 -4 -4 -4
-1 -1 -1 -1 -1 -1 -1 -1 -1 -1 -1 -1 -1 -1 -1 -1 -1 -1 -1 -1 -1 -1 -1 -1 -1 -1 -1 -1 -1 -1 -1 -1 -1 -1 -1 -1 -1 -1 -1 -1 -30 -1 -1 -1 -1 -1 -1 -1 -1 -1 -1 -1 -1 -1 -1 -1 -1 -1 -1 -1 -1 -1 -1 -1 -1 -1 -1 -1 -1 -1 -1 -1 -1 -1 -1 -1 -1 -1 -1 -1 -1 -1 -1 -1 -128 0 0 -128 -128 -128 0 26 20 26 33 68 62 39 58 83 95 78 68 71 82 85 93 94 79 67 49 79 102 85 48 55 85 78 59 67 72 43 16 18 21 22 21 43 18 14 0 33 31 20 26 15 21 16 33 39 26 12 0 -114 -1 -1 -1 -1 -1 -1 -1 -1 -1 -1 -1 -1 -1 -1 -1 -1 -1 -1 -1 -1 -1 -1 -1 -1 -1 -1 -1 -1 -1 -1 -1 -1 -1 -1 -1 -1 -1 -1 -1 -1 -1 -1 -1 -1 -1 -1 -1 -1 -1 -1 -1 -1 -1 -1 -1 -1 -1 -1 -1 -1 -1 -1 -1 -1 -1 -1 -1 -1 -1 -1 -1 -1 -1 -1 -1 -1 -1 -1 -1 -1 -1 -1 -1 -1 -1 -1 -1 -1 -1 -1 -1 -1 -1 -1 -1 -1 -1 -1 -1 -1 -1 -1 -1 -1 -1 -1 -1 -1 -1 -1 -1 -1 -1 -1 -1 -1 -1 -1 -1 -1 -1 -1 -1 -1 -1 -1 -1 -1 -1 -1 -1 -1 -1 -1 -1 -1 -1 -1 -1 -1 -1 -1 -1 -1 -1 -1 -1 -1 -1 -1 -1 -1 -1 -1 -1 -1 -1 -1 -1 -1 -1 -1 -1 -1 -1 -1 -1 -1 -1 -1 -1 -1 -1 -1 -1 -1 -1 -1 -1 -1 -1 -1 -1 -1 -1 -1 -1 -1 -1 -1 -1 -1 -1 -1 -1 -1 -1 -1 -1 -1 -1 -1 -1 -1 -1 -1 -1 -1 -1 -1 -1 -1 -1 -1 -1 -1 -1 -1 -1 -1 -1 -1 -1 -1 -1 -1 -1 -1 -1 -1 -1 -1 -1 -1 -1 -1 -1 -1 -1 -1 -1 -1 -1 -1 -1 -1 -1 -1 -1 -1 -1 -1 -1 -1 -1 -1 -1 -1 -1 -1 -1 -1 -1 -1 -1 -1 -1 -1 -2 -1 -1 -1 -1 -1 -1 -1 -1 -1 -1 -1 -1 -1 -1 -1 -1 -2 -2 -3 -3 -3 -4 -6 -6 -4 -4 -4 -4 -3 -2 -2 -1 -1 -1 -1 -1 -1 -1 -1 -1 -1 -1 -1 -1 -1 -1 -1 -1 -1 -1 -1 -1 -1 -1 -1 -1 -1 -1 -1 -1 -1 -1 -1 -1 -1 -1 -1 -1 -2 -3 -4 -4 -4 -4 -4 -4 -4 -4 -4 -4 -4 -4 -4 -4 -4 -4 -4 -4 -4 -4 -4 -4 -4 -4 -4 -4 -4 -4 -4
-1 -1 -1 -1 -1 -1 -1 -1 -1 -1 -1 -1 -1 -1 -1 -1 -1 -1 -1 -1 -1 -1 -1 -1 -1 -1 -1 -1 -1 -1 -1 -1 -1 -1 -1 -1 -1 -1 -1 -1 -1 -1 -1 -1 -1 -1 -1 -1 -1 -1 -1 -1 -1 -1 -1 -1 -1 -1 -1 -1 -1 -1 -1 -1 -1 -1 -1 -1 -1 -1 -1 -1 -1 -1 -1 -1 -1 -1 -1 -1 -1 -1 -1 -14 -124 20 9 -128 -128 -128 0 20 21 27 52 48 50 33 59 89 74 73 72 81 72 95 105 79 64 71 76 62 87 84 70 85 91 107 99 105 104 71 53 35 21 21 22 21 29 6 3 0 19 35 35 20 22 16 27 24 13 -114 -106 -44 -1 -1 -1 -1 -1 -1 -1 -1 -1 -1 -1 -1 -1 -1 -1 -1 -1 -1 -1 -1 -1 -1 -1 -1 -1 -1 -1 -1 -1 -1 -1 -1 -1 -1 -1 -1 -1 -1 -1 -1 -1 -1 -1 -1 -1 -1 -1 -1 -1 -1 -1 -1 -1 -1 -1 -1 -1 -1 -1 -1 -1 -1 -1 -1 -1 -1 -1 -1 -1 -1 -1 -1 -1 -1 -1 -1 -1 -1 -1 -1 -1 -1 -1 -1 -1 -1 -1 -1 -1 -1 -1 -1 -1 -1 -1 -1 -1 -1 -1 -1 -1 -1 -1 -1 -1 -1 -1 -1 -1 -1 -1 -1 -1 -1 -1 -1 -1 -1 -1 -1 -1 -1 -1 -1 -1 -1 -1 -1 -1 -1 -1 -1 -1 -1 -1 -1 -1 -1 -1 -1 -1 -1 -1 -1 -1 -1 -1 -1 -1 -1 -1 -1 -1 -1 -1 -1 -1 -1 -1 -1 -1 -1 -1 -1 -1 -1 -1 -1 -1 -1 -1 -1 -1 -1 -1 -1 -1 -1 -1 -1 -1 -1 -1 -1 -1 -1 -1 -1 -1 -1 -1 -1 -1 -1 -1 -1 -1 -1 -1 -1 -1 -1 -1 -1 -1 -1 -1 -1 -1 -1 -1 -1 -1 -1 -1 -1 -1 -1 -1 -1 -1 -1 -1 -1 -1 -1 -1 -1 -1 -1 -1 -1 -1 -1 -1 -1 -1 -1 -1 -1 -1 -1 -1 -1 -1 -1 -1 -1 -1 -1 -1 -1 -1 -1 -1 -1 -1 -1 -1 -1 -1 -1 -1 -1 -1 -1 -2 -2 -2 -1 -1 -1 -1 -1 -1 -1 -2 -1 -1 -1 -1 -1 -2 -3 -3 -4 -3 -4 -4 -4 -4 -4 -4 -3 -4 -4 -4 -3 -2 -2 -1 -1 -1 -1 -1 -1 -1 -1 -1 -1 -1 -1 -1 -1 -1 -1 -1 -1 -1 -1 -1 -1 -1 -1 -1 -1 -1 -1 -1 -1 -1 -1 -1 -1 -1 -1 -1 -3 -4 -4 -4 -4 -4 -4 -4 -4 -4 -4 -4 -4 -4 -4 -4 -4 -4 -4 -4 -4 -4 -4 -4 -4 -4 -4 -4 -4 -4 -4
-1 -1 -1 -1 -1 -1 -1 -1 -1 -1 -1 -1 -1 -1 -1 -1 -1 -1 -1 -1 -1 -1 -1 -1 -1 -1 -1 -1 -1 -1 -1 -1 -1 -1 -1 -1 -1 -1 -1 -1 -1 -1 -1 -1 -1 -1 -1 -1 -1 -1 -1 -1 -1 -1 -1 -1 -1 -1 -1 -1 -1 -1 -1 -1 -1 -1 -1 -1 -1 -1 -1 -1 -1 -1 -1 -1 -1 -1 -1 -1 -1 -1 -117 -128 0 25 14 0 0 6 35 36 26 14 26 35 32 44 82 76 62 70 68 67 68 99 104 91 78 107 107 76 102 102 100 112 105 108 95 97 97 106 95 74 39 38 27 32 29 37 21 0 25 35 60 47 25 27 26 0 0 -128 -1 -1 -1 -1 -1 -1 -1 -1 -1 -1 -1 -1 -1 -1 -1 -1 -1 -1 -1 -1 -1 -1 -1 -1 -1 -1 -1 -1 -1 -1 -1 -1 -1 -1 -1 -1 -1 -1 -1 -1 -1 -1 -1 -1 -1 -1 -1 -1 -1 -1 -1 -1 -1 -1 -1 -1 -1 -1 -1 -1 -1 -1 -1 -1 -1 -1 -1 -1 -1 -1 -1 -1 -1 -1 -1 -1 -1 -1 -1 -1 -1 -1 -1 -1 -1 -1 -1 -1 -1 -1 -1 -1 -1 -1 -1 -1 -1 -1 -1 -1 -1 -1 -1 -1 -1 -1 -1 -1 -1 -1 -1 -1 -1 -1 -1 -1 -1 -1 -1 -1 -1 -1 -1 -1 -1 -1 -1 -1 -1 -1 -1 -1 -1 -1 -1 -1 -1 -1 -1 -1 -1 -1 -1 -1 -1 -1 -1 -1 -1 -1 -1 -1 -1 -1 -1 -1 -1 -1 -1 -1 -1 -1 -1 -1 -1 -1 -1 -1 -1 -1 -1 -1 -1 -1 -1 -1 -1 -1 -1 -1 -1 -1 -1 -1 -1 -1 -1 -1 -1 -1 -1 -1 -1 -1 -1 -1 -1 -1 -1 -1 -1 -1 -1 -1 -1 -1 -1 -1 -1 -1 -1 -1 -1 -1 -1 -1 -1 -1 -1 -1 -1 -1 -1 -1 -1 -1 -1 -1 -1 -1 -1 -1 -1 -1 -1 -1 -1 -1 -1 -1 -1 -1 -1 -1 -1 -1 -1 -1 -1 -1 -1 -1 -1 -1 -1 -1 -1 -1 -1 -1 -1 -1 -1 -1 -1 -1 -1 -1 -2 -2 -3 -1 -1 -1 -1 -1 -1 -1 -2 -1 -1 -1 -1 -1 -2 -2 -3 -4 -4 -4 -4 -4 -4 -4 -4 -3 -4 -4 -4 -3 -2 -2 -1 -1 -1 -1 -1 -1 -1 -1 -1 -1 -1 -1 -1 -1 -1 -1 -1 -1 -1 -1 -1 -1 -1 -1 -1 -1 -1 -1 -1 -1 -1 -1 -1 -1 -1 -1 -1 -3 -4 -4 -4 -4 -4 -4 -4 -4 -4 -4 -4 -4 -4 -4 -4 -4 -4 -4 -4 -4 -4 -4 -4 -4 -4 -4 -4 -4 -4 -4
-1 -1 -1 -1 -1 -1 -1 -1 -1 -1 -1 -1 -1 -1 -1 -1 -1 -1 -1 -1 -1 -1 -1 -1 -1 -1 -1 -1 -1 -1 -1 -1 -1 -1 -1 -1 -1 -1 -1 -1 -1 -1 -1 -1 -1 -1 -1 -1 -1 -1 -1 -1 -1 -1 -1 -1 -1 -1 -1 -1 -1 -1 -1 -1 -1 -1 -1 -1 -1 -1 -1 -1 -1 -1 -1 -1 -1 -1 -1 -1 -1 -79 -114 10 19 12 8 22 15 19 25 22 32 16 27 45 26 47 73 44 55 78 65 66 53 74 91 112 106 117 100 101 107 110 107 93 91 87 82 99 107 104 101 76 60 53 37 27 38 45 21 20 0 8 15 4 0 1 0 0 -116 -77 -1 -1 -1 -1 -1 -1 -1 -1 -1 -1 -1 -1 -1 -1 -1 -1 -1 -1 -1 -1 -1 -1 -1 -1 -1 -1 -1 -1 -1 -1 -1 -1 -1 -1 -1 -1 -1 -1 -1 -1 -1 -1 -1 -1 -1 -1 -1 -1 -1 -1 -1 -1 -1 -1 -1 -1 -1 -1 -1 -1 -1 -1 -1 -1 -1 -1 -1 -1 -1 -1 -1 -1 -1 -1 -1 -1 -1 -1 -1 -1 -1 -1 -1 -1 -1 -1 -1 -1 -1 -1 -1 -1 -1 -1 -1 -1 -1 -1 -1 -1 -1 -1 -1 -1 -1 -1 -1 -1 -1 -1 -1 -1 -1 -1 -1 -1 -1 -1 -1 -1 -1 -1 -1 -1 -1 -1 -1 -1 -1 -1 -1 -1 -1 -1 -1 -1 -1 -1 -1 -1 -1 -1 -1 -1 -1 -1 -1 -1 -1 -1 -1 -1 -1 -1 -1 -1 -1 -1 -1 -1 -1 -1 -1 -1 -1 -1 -1 -1 -1 -1 -1 -1 -1 -1 -1 -1 -1 -1 -1 -1 -1 -1 -1 -1 -1 -1 -1 -1 -1 -1 -1 -1 -1 -1 -1 -1 -1 -1 -1 -1 -1 -1 -1 -1 -1 -1 -1 -1 -1 -1 -1 -1 -1 -1 -1 -1 -1 -1 -1 -1 -1 -1 -1 -1 -1 -1 -1 -1 -1 -1 -1 -1 -1 -1 -1 -1 -1 -1 -1 -1 -1 -1 -1 -1 -1 -1 -1 -1 -1 -1 -1 -1 -1 -1 -1 -1 -1 -1 -1 -1 -1 -1 -1 -1 -1 -2 -1 -1 -2 -2 -2 -1 -1 -1 -1 -1 -1 -1 -1 -1 -1 -1 -1 -2 -2 -2 -2 -3 -3 -4 -4 -3 -4 -4 -4 -4 -4 -4 -3 -2 -2 -2 -1 -1 -1 -1 -1 -1 -1 -1 -1 -1 -1 -1 -1 -1 -1 -1 -1 -1 -1 -1 -1 -1 -1 -1 -1 -1 -1 -1 -1 -1 -1 -1 -1 -1 -1 -1 -2 -3 -4 -4 -4 -4 -4 -4 -4 -4 -4 -4 -4 -4 -4 -4 -4 -4 -4 -4 -4 -4 -4 -4 -4 -4 -4 -4 -4 -4 -4 -4
-1 -1 -1 -1 -1 -1 -1 -1 -1 -1 -1 -1 -1 -1 -1 -1 -1 -1 -1 -1 -1 -1 -1 -1 -1 -1 -1 -1 -1 -1 -1 -1 -1 -1 -1 -1 -1 -1 -1 -1 -1 -1 -1 -1 -1 -1 -1 -1 -1 -1 -1 -1 -1 -1 -1 -1 -1 -1 -1 -1 -1 -1 -1 -1 -1 -1 -1 -1 -1 -1 -1 -1 -1 -1 -1 -1 -1 -1 -1 -14 -128 0 15 41 25 13 15 19 15 25 24 27 31 26 32 32 16 36 54 48 59 79 74 65 47 60 88 111 108 97 88 94 97 91 93 88 95 88 93 97 102 104 95 101 77 58 47 48 30 21 25 20 0 -128 -128 -73 -78 -117 -98 -59 -128 -75 -1 -1 -1 -1 -1 -1 -1 -1 -1 -1 -1 -1 -1 -1 -1 -1 -1 -1 -1 -1 -1 -1 -1 -1 -1 -1 -1 -1 -1 -1 -1 -1 -1 -1 -1 -1 -1 -1 -1 -1 -1 -1 -1 -1 -1 -1 -1 -1 -1 -1 -1 -1 -1 -1 -1 -1 -1 -1 -1 -1 -1 -1 -1 -1 -1 -1 -1 -1 -1 -1 -1 -1 -1 -1 -1 -1 -1 -1 -1 -1 -1 -1 -1 -1 -1 -1 -1 -1 -1 -1 -1 -1 -1 -1 -1 -1 -1 -1 -1 -1 -1 -1 -1 -1 -1 -1 -1 -1 -1 -1 -1 -1 -1 -1 -1 -1 -1 -1 -1 -1 -1 -1 -1 -1 -1 -1 -1 -1 -1 -1 -1 -1 -1 -1 -1 -1 -1 -1 -1 -1 -1 -1 -1 -1 -1 -1 -1 -1 -1 -1 -1 -1 -1 -1 -1 -1 -1 -1 -1 -1 -1 -1 -1 -1 -1 -1 -1 -1 -1 -1 -1 -1 -1 -1 -1 -1 -1 -1 -1 -1 -1 -1 -1 -1 -1 -1 -1 -1 -1 -1 -1 -1 -1 -1 -1 -1 -1 -1 -1 -1 -1 -1 -1 -1 -1 -1 -1 -1 -1 -1 -1 -1 -1 -1 -1 -1 -1 -1 -1 -1 -1 -1 -1 -1 -1 -1 -1 -1 -1 -1 -1 -1 -1 -1 -1 -1 -1 -1 -1 -1 -1 -1 -1 -1 -3 -2 -3 -4 -4 -4 -4 -4 -4 -4 -4 -4 -4 -3 -3 -2 -2 -2 -3 -3 -3 -4 -4 -4 -4 -4 -3 -4 -4 -4 -4 -4 -4 -4 -4 -4 -4 -4 -4 -2 -1 -1 -1 -2 -2 -2 -3 -3 -3 -1 -1 -1 -1 -1 -1 -1 -1 -1 -1 -1 -1 -1 -1 -1 -1 -1 -1 -1 -1 -1 -1 -1 -1 -1 -1 -1 -1 -3 -3 -3 -3 -2 -2 -2 -2 -2 -2 -2 -2 -1 -1 -1 -2 -2 -2 -3 -4 -4 -4 -4 -4 -4 -4 -4 -4 -3 -3 -4 -4 -4 -4 -4 -4 -4 -4 -4 -4 -4 -4 -4 -4 -4 -4 -4 -4 -4
-1 -1 -1 -1 -1 -1 -1 -1 -1 -1 -1 -1 -1 -1 -1 -1 -1 -1 -1 -1 -1 -1 -1 -1 -1 -1 -1 -1 -1 -1 -1 -1 -1 -1 -1 -1 -1 -1 -1 -1 -1 -1 -1 -1 -1 -1 -1 -1 -1 -1 -1 -1 -1 -1 -1 -1 -1 -1 -1 -1 -1 -1 -1 -1 -1 -1 -1 -1 -1 -1 -1 -1 -1 -1 -1 -1 -1 -12 -65 -128 0 35 43 36 24 9 18 15 20 16 20 25 16 29 26 20 13 20 42 35 50 68 61 39 67 99 81 77 102 101 87 90 71 67 79 95 101 107 108 99 93 100 101 95 108 108 79 82 59 26 27 12 -128 -119 -20 -1 -1 -1 -1 -1 -1 -1 -1 -1 -1 -1 -1 -1 -1 -1 -1 -1 -1 -1 -1 -1 -1 -1 -1 -1 -1 -1 -1 -1 -1 -1 -1 -1 -1 -1 -1 -1 -1 -1 -1 -1 -1 -1 -1 -1 -1 -1 -1 -1 -1 -1 -1 -1 -1 -1 -1 -1 -1 -1 -1 -1 -1 -1 -1 -1 -1 -1 -1 -1 -1 -1 -1 -1 -1 -1 -1 -1 -1 -1 -1 -1 -1 -1 -1 -1 -1 -1 -1 -1 -1 -1 -1 -1 -1 -1 -1 -1 -1 -1 -1 -1 -1 -1 -1 -1 -1 -1 -1 -1 -1 -1 -1 -1 -1 -1 -1 -1 -1 -1 -1 -1 -1 -1 -1 -1 -1 -1 -1 -1 -1 -1 -1 -1 -1 -1 -1 -1 -1 -1 -1 -1 -1 -1 -1 -1 -1 -1 -1 -1 -1 -1 -1 -1 -1 -1 -1 -1 -1 -1 -1 -1 -1 -1 -1 -1 -1 -1 -1 -1 -1 -1 -1 -1 -1 -1 -1 -1 -1 -1 -1 -1 -1 -1 -1 -1 -1 -1 -1 -1 -1 -1 -1 -1 -1 -1 -1 -1 -1 -1 -1 -1 -1 -1 -1 -1 -1 -1 -1 -1 -1 -1 -1 -1 -1 -1 -1 -1 -1 -1 -1 -1 -1 -1 -1 -1 -1 -1 -1 -1 -1 -1 -1 -1 -1 -1 -1 -1 -1 -1 -1 -1 -1 -1 -1 -1 -1 -1 -1 -1 -1 -1 -2 -2 -4 -4 -4 -4 -4 -4 -4 -4 -4 -4 -4 -3 -3 -2 -2 -2 -3 -3 -3 -4 -4 -4 -4 -4 -4 -4 -4 -4 -4 -4 -4 -4 -4 -4 -4 -4 -4 -2 -1 -1 -1 -2 -2 -2 -3 -3 -3 -1 -1 -1 -1 -1 -1 -1 -1 -1 -1 -1 -1 -1 -1 -1 -1 -1 -1 -1 -1 -1 -1 -1 -1 -1 -1 -1 -1 -2 -2 -2 -3 -3 -2 -2 -2 -2 -2 -2 -2 -1 -1 -1 -2 -2 -2 -3 -4 -4 -4 -4 -4 -4 -4 -4 -4 -4 -4 -4 -4 -4 -4 -4 -4 -4 -4 -4 -4 -4 -4 -4 -3 -3 -3 -3 -4 -4
-1 -1 -1 -1 -1 -1 -1 -1 -1 -1 -1 -1 -1 -1 -1 -1 -1 -1 -1 -1 -1 -1 -1 -1 -1 -1 -1 -1 -1 -1 -1 -1 -1 -1 -1 -1 -1 -1 -1 -1 -1 -1 -1 -1 -1 -1 -1 -1 -1 -1 -1 -1 -1 -1 -1 -1 -1 -1 -1 -1 -1 -1 -1 -1 -1 -1 -1 -1 -1 -1 -1 -1 -1 -1 -1 -1 -1 -20 -128 0 32 47 29 22 13 14 15 21 21 29 21 21 22 29 30 22 20 20 26 37 65 73 62 41 77 94 89 67 85 111 95 107 91 73 66 70 79 82 105 106 97 101 101 81 84 83 68 49 61 38 26 20 -128 -41 -1 -1 -1 -1 -1 -1 -1 -1 -1 -1 -1 -1 -1 -1 -1 -1 -1 -1 -1 -1 -1 -1 -1 -1 -1 -1 -1 -1 -1 -1 -1 -1 -1 -1 -1 -1 -1 -1 -1 -1 -1 -1 -1 -1 -1 -1 -1 -1 -1 -1 -1 -1 -1 -1 -1 -1 -1 -1 -1 -1 -1 -1 -1 -1 -1 -1 -1 -1 -1 -1 -1 -1 -1 -1 -1 -1 -1 -1 -1 -1 -1 -1 -1 -1 -1 -1 -1 -1 -1 -1 -1 -1 -1 -1 -1 -1 -1 -1 -1 -1 -1 -1 -1 -1 -1 -1 -1 -1 -1 -1 -1 -1 -1 -1 -1 -1 -1 -1 -1 -1 -1 -1 -1 -1 -1 -1 -1 -1 -1 -1 -1 -1 -1 -1 -1 -1 -1 -1 -1 -1 -1 -1 -1 -1 -1 -1 -1 -1 -1 -1 -1 -1 -1 -1 -1 -1 -1 -1 -1 -1 -1 -1 -1 -1 -1 -1 -1 -1 -1 -1 -1 -1 -1 -1 -1 -1 -1 -1 -1 -1 -1 -1 -1 -1 -1 -1 -1 -1 -1 -1 -1 -1 -1 -1 -1 -1 -1 -1 -1 -1 -1 -1 -1 -1 -1 -1 -1 -1 -1 -1 -1 -1 -1 -1 -1 -1 -1 -1 -1 -1 -1 -1 -1 -1 -1 -1 -1 -1 -1 -1 -1 -1 -1 -1 -1 -1 -1 -1 -1 -1 -1 -1 -1 -1 -1 -1 -1 -1 -1 -1 -1 -1 -2 -3 -3 -3 -3 -3 -3 -3 -3 -3 -3 -3 -3 -4 -4 -3 -3 -3 -3 -3 -3 -4 -4 -4 -4 -4 -4 -4 -4 -4 -4 -4 -4 -4 -4 -4 -4 -4 -4 -2 -1 -1 -2 -2 -2 -2 -3 -3 -3 -1 -1 -1 -1 -1 -1 -1 -1 -1 -1 -1 -1 -1 -1 -1 -1 -1 -1 -1 -1 -1 -1 -1 -1 -1 -1 -1 -1 -2 -2 -2 -4 -3 -2 -2 -2 -2 -2 -2 -2 -1 -1 -1 -2 -2 -2 -3 -4 -4 -4 -4 -4 -4 -4 -4 -4 -4 -4 -4 -4 -4 -3 -3 -4 -4 -4 -4 -4 -4 -4 -4 -4 -4 -4 -4 -4 -4
-1 -1 -1 -1 -1 -1 -1 -1 -1 -1 -1 -1 -1 -1 -1 -1 -1 -1 -1 -1 -1 -1 -1 -1 -1 -1 -1 -1 -1 -1 -1 -1 -1 -1 -1 -1 -1 -1 -1 -1 -1 -1 -1 -1 -1 -1 -1 -1 -1 -1 -1 -1 -1 -1 -1 -1 -1 -1 -1 -1 -1 -1 -1 -1 -1 -1 -1 -1 -1 -1 -1 -1 -1 -1 -1 -1 -1 -1 -103 -126 15 22 12 10 12 15 16 15 20 18 22 22 15 25 47 50 41 21 27 55 74 53 41 50 61 78 82 54 89 117 97 113 93 79 89 83 84 93 81 97 85 89 96 79 48 43 30 25 36 20 21 26 3 -128 -1 -1 -1 -1 -1 -1 -1 -1 -1 -1 -1 -1 -1 -1 -1 -1 -1 -1 -1 -1 -1 -1 -1 -1 -1 -1 -1 -1 -1 -1 -1 -1 -1 -1 -1 -1 -1 -1 -1 -1 -1 -1 -1 -1 -1 -1 -1 -1 -1 -1 -1 -1 -1 -1 -1 -1 -1 -1 -1 -1 -1 -1 -1 -1 -1 -1 -1 -1 -1 -1 -1 -1 -1 -1 -1 -1 -1 -1 -1 -1 -1 -1 -1 -1 -1 -1 -1 -1 -1 -1 -1 -1 -1 -1 -1 -1 -1 -1 -1 -1 -1 -1 -1 -1 -1 -1 -1 -1 -1 -1 -1 -1 -1 -1 -1 -1 -1 -1 -1 -1 -1 -1 -1 -1 -1 -1 -1 -1 -1 -1 -1 -1 -1 -1 -1 -1 -1 -1 -1 -1 -1 -1 -1 -1 -1 -1 -1 -1 -1 -1 -1 -1 -1 -1 -1 -1 -1 -1 -1 -1 -1 -1 -1 -1 -1 -1 -1 -1 -1 -1 -1 -1 -1 -1 -1 -1 -1 -1 -1 -1 -1 -1 -1 -1 -1 -1 -1 -1 -1 -1 -1 -1 -1 -1 -1 -1 -1 -1 -1 -1 -1 -1 -1 -1 -1 -1 -1 -1 -1 -1 -1 -1 -1 -1 -1 -1 -1 -1 -1 -1 -1 -1 -1 -1 -1 -1 -1 -1 -1 -1 -1 -1 -1 -1 -1 -1 -1 -1 -1 -1 -1 -1 -1 -1 -1 -1 -1 -1 -1 -1 -1 -2 -3 -2 -4 -4 -4 -4 -4 -4 -4 -4 -4 -4 -4 -4 -4 -3 -3 -3 -3 -3 -3 -4 -4 -4 -4 -4 -4 -4 -4 -4 -4 -4 -4 -4 -4 -4 -4 -3 -3 -1 -1 -1 -1 -1 -1 -1 -1 -2 -1 -1 -1 -1 -1 -1 -1 -1 -1 -1 -1 -1 -1 -1 -1 -1 -1 -1 -1 -1 -1 -1 -1 -1 -1 -1 -1 -1 -1 -2 -2 -2 -3 -4 -4 -3 -3 -3 -2 -2 -3 -1 -2 -2 -4 -4 -3 -3 -4 -4 -4 -4 -4 -4 -4 -4 -6 -7 -7 -7 -8 -8 -7 -7 -8 -7 -7 -7 -7 -6 -6 -6 -6 -6 -6 -7 -7 -7
-1 -1 -1 -1 -1 -1 -1 -1 -1 -1 -1 -1 -1 -1 -1 -1 -1 -1 -1 -1 -1 -1 -1 -1 -1 -1 -1 -1 -1 -1 -1 -1 -1 -1 -1 -1 -1 -1 -1 -1 -1 -1 -1 -1 -1 -1 -1 -1 -1 -1 -1 -1 -1 -1 -1 -1 -1 -1 -1 -1 -1 -1 -1 -1 -1 -1 -1 -1 -1 -1 -1 -1 -1 -1 -1 -1 -1 -1 -1 -68 -128 0 19 14 14 14 13 24 19 13 16 22 31 26 48 73 59 32 24 39 59 74 37 56 43 77 52 64 105 105 90 93 102 99 97 102 101 101 97 96 64 66 104 106 76 53 42 26 20 22 20 25 0 -128 -1 -1 -1 -1 -1 -1 -1 -1 -1 -1 -1 -1 -1 -1 -1 -1 -1 -1 -1 -1 -1 -1 -1 -1 -1 -1 -1 -1 -1 -1 -1 -1 -1 -1 -1 -1 -1 -1 -1 -1 -1 -1 -1 -1 -1 -1 -1 -1 -1 -1 -1 -1 -1 -1 -1 -1 -1 -1 -1 -1 -1 -1 -1 -1 -1 -1 -1 -1 -1 -1 -1 -1 -1 -1 -1 -1 -1 -1 -1 -1 -1 -1 -1 -1 -1 -1 -1 -1 -1 -1 -1 -1 -1 -1 -1 -1 -1 -1 -1 -1 -1 -1 -1 -1 -1 -1 -1 -1 -1 -1 -1 -1 -1 -1 -1 -1 -1 -1 -1 -1 -1 -1 -1 -1 -1 -1 -1 -1 -1 -1 -1 -1 -1 -1 -1 -1 -1 -1 -1 -1 -1 -1 -1 -1 -1 -1 -1 -1 -1 -1 -1 -1 -1 -1 -1 -1 -1 -1 -1 -1 -1 -1 -1 -1 -1 -1 -1 -1 -1 -1 -1 -1 -1 -1 -1 -1 -1 -1 -1 -1 -1 -1 -1 -1 -1 -1 -1 -1 -1 -1 -1 -1 -1 -1 -1 -1 -1 -1 -1 -1 -1 -1 -1 -1 -1 -1 -1 -1 -1 -1 -1 -1 -1 -1 -1 -1 -1 -1 -1 -1 -1 -1 -1 -1 -1 -1 -1 -1 -1 -1 -1 -1 -1 -1 -1 -1 -1 -1 -1 -1 -1 -1 -1 -1 -1 -2 -2 -1 -2 -3 -4 -4 -4 -4 -4 -4 -4 -3 -3 -3 -3 -3 -3 -3 -3 -3 -4 -4 -4 -4 -4 -4 -4 -4 -4 -4 -4 -4 -4 -4 -4 -4 -4 -4 -4 -4 -4 -4 -4 -3 -2 -1 -1 -1 -1 -1 -1 -1 -1 -1 -1 -1 -1 -1 -1 -1 -1 -1 -1 -1 -1 -1 -1 -1 -1 -1 -1 -1 -1 -1 -1 -2 -2 -3 -4 -4 -4 -4 -4 -4 -4 -4 -4 -4 -4 -4 -4 -4 -3 -3 -3 -4 -3 -3 -4 -4 -4 -4 -4 -4 -4 -4 -4 -4 -4 -4 -8 -11 -11 -12 -14 -14 -12 -12 -12 -11 -9 -11 -9 -8 -8 -9 -9 -9 -9 -12 -12 -12
-1 -1 -1 -1 -1 -1 -1 -1 -1 -1 -1 -1 -1 -1 -1 -1 -1 -1 -1 -1 -1 -1 -1 -1 -1 -1 -1 -1 -1 -1 -1 -1 -1 -1 -1 -1 -1 -1 -1 -1 -1 -1 -1 -1 -1 -1 -1 -1 -1 -1 -1 -1 -1 -1 -1 -1 -1 -1 -1 -1 -1 -1 -1 -1 -1 -1 -1 -1 -1 -1 -1 -1 -1 -1 -1 -1 -1 -1 -105 -128 -128 0 24 15 8 9 15 13 10 9 10 35 50 59 77 79 52 35 33 37 43 78 45 38 36 45 42 70 100 106 105 101 90 97 107 106 87 88 110 106 72 42 77 76 58 55 55 36 33 24 15 13 8 -128 -1 -1 -1 -1 -1 -1 -1 -1 -1 -1 -1 -1 -1 -1 -1 -1 -1 -1 -1 -1 -1 -1 -1 -1 -1 -1 -1 -1 -1 -1 -1 -1 -1 -1 -1 -1 -1 -1 -1 -1 -1 -1 -1 -1 -1 -1 -1 -1 -1 -1 -1 -1 -1 -1 -1 -1 -1 -1 -1 -1 -1 -1 -1 -1 -1 -1 -1 -1 -1 -1 -1 -1 -1 -1 -1 -1 -1 -1 -1 -1 -1 -1 -1 -1 -1 -1 -1 -1 -1 -1 -1 -1 -1 -1 -1 -1 -1 -1 -1 -1 -1 -1 -1 -1 -1 -1 -1 -1 -1 -1 -1 -1 -1 -1 -1 -1 -1 -1 -1 -1 -1 -1 -1 -1 -1 -1 -1 -1 -1 -1 -1 -1 -1 -1 -1 -1 -1 -1 -1 -1 -1 -1 -1 -1 -1 -1 -1 -1 -1 -1 -1 -1 -1 -1 -1 -1 -1 -1 -1 -1 -1 -1 -1 -1 -1 -1 -1 -1 -1 -1 -1 -1 -1 -1 -1 -1 -1 -1 -1 -1 -1 -1 -1 -1 -1 -1 -1 -1 -1 -1 -1 -1 -1 -1 -1 -1 -1 -1 -1 -1 -1 -1 -1 -1 -1 -1 -1 -1 -1 -1 -1 -1 -1 -1 -1 -1 -1 -1 -1 -1 -1 -1 -1 -1 -1 -1 -1 -1 -1 -1 -1 -1 -1 -1 -1 -1 -1 -1 -1 -1 -1 -1 -1 -1 -1 -1 -2 -1 -2 -4 -4 -4 -4 -4 -4 -4 -4 -4 -4 -4 -4 -4 -4 -4 -4 -4 -4 -4 -4 -4 -4 -4 -4 -4 -4 -4 -4 -4 -4 -4 -4 -4 -4 -4 -4 -4 -4 -4 -4 -3 -2 -1 -1 -1 -1 -1 -1 -1 -1 -1 -1 -1 -1 -1 -1 -1 -1 -1 -1 -1 -1 -1 -1 -1 -1 -1 -1 -1 -1 -1 -1 -1 -2 -4 -4 -4 -4 -4 -4 -4 -4 -4 -4 -4 -4 -4 -4 -4 -4 -4 -4 -4 -4 -4 -4 -4 -4 -4 -4 -4 -4 -4 -4 -4 -4 -4 -8 -11 -11 -12 -14 -14 -13 -12 -12 -12 -11 -9 -8 -8 -8 -9 -9 -9 -9 -12 -12 -12
-1 -1 -1 -1 -1 -1 -1 -1 -1 -1 -1 -1 -1 -1 -1 -1 -1 -1 -1 -1 -1 -1 -1 -1 -1 -1 -1 -1 -1 -1 -1 -1 -1 -1 -1 -1 -1 -1 -1 -1 -1 -1 -1 -1 -1 -1 -1 -1 -1 -1 -1 -1 -1 -1 -1 -1 -1 -1 -1 -1 -1 -1 -1 -1 -1 -1 -1 -1 -1 -1 -1 -1 -1 -1 -1 -1 -1 -1 -84 -115 13 14 22 12 10 12 12 12 10 14 19 37 65 64 81 78 50 41 48 54 36 54 52 27 25 33 61 93 89 108 107 110 82 78 107 95 82 64 90 102 90 49 29 33 39 44 49 39 26 16 16 18 0 -128 -1 -1 -1 -1 -1 -1 -1 -1 -1 -1 -1 -1 -1 -1 -1 -1 -1 -1 -1 -1 -1 -1 -1 -1 -1 -1 -1 -1 -1 -1 -1 -1 -1 -1 -1 -1 -1 -1 -1 -1 -1 -1 -1 -1 -1 -1 -1 -1 -1 -1 -1 -1 -1 -1 -1 -1 -1 -1 -1 -1 -1 -1 -1 -1 -1 -1 -1 -1 -1 -1 -1 -1 -1 -1 -1 -1 -1 -1 -1 -1 -1 -1 -1 -1 -1 -1 -1 -1 -1 -1 -1 -1 -1 -1 -1 -1 -1 -1 -1 -1 -1 -1 -1 -1 -1 -1 -1 -1 -1 -1 -1 -1 -1 -1 -1 -1 -1 -1 -1 -1 -1 -1 -1 -1 -1 -1 -1 -1 -1 -1 -1 -1 -1 -1 -1 -1 -1 -1 -1 -1 -1 -1 -1 -1 -1 -1 -1 -1 -1 -1 -1 -1 -1 -1 -1 -1 -1 -1 -1 -1 -1 -1 -1 -1 -1 -1 -1 -1 -1 -1 -1 -1 -1 -1 -1 -1 -1 -1 -1 -1 -1 -1 -1 -1 -1 -1 -1 -1 -1 -1 -1 -1 -1 -1 -1 -1 -1 -1 -1 -1 -1 -1 -1 -1 -1 -1 -1 -1 -1 -1 -1 -1 -1 -1 -1 -1 -1 -1 -1 -1 -1 -1 -1 -1 -1 -1 -1 -1 -1 -1 -1 -1 -1 -1 -1 -1 -1 -1 -1 -1 -1 -1 -1 -1 -1 -1 -1 -1 -2 -4 -4 -4 -4 -4 -4 -4 -4 -4 -4 -4 -4 -4 -4 -4 -4 -4 -4 -4 -4 -4 -4 -4 -4 -4 -4 -4 -4 -4 -4 -4 -4 -4 -4 -4 -4 -4 -4 -4 -4 -2 -2 -1 -1 -1 -1 -1 -1 -1 -1 -1 -1 -1 -1 -1 -1 -1 -1 -1 -1 -1 -1 -1 -1 -1 -1 -1 -1 -1 -1 -1 -1 -1 -2 -4 -4 -4 -4 -4 -4 -4 -4 -4 -4 -4 -4 -4 -4 -4 -4 -4 -4 -4 -4 -4 -4 -4 -4 -4 -4 -4 -4 -4 -4 -4 -4 -4 -8 -11 -11 -13 -16 -16 -14 -13 -13 -12 -9 -11 -8 -8 -8 -9 -9 -9 -9 -12 -13 -13
-1 -1 -1 -1 -1 -1 -1 -1 -1 -1 -1 -1 -1 -1 -1 -1 -1 -1 -1 -1 -1 -1 -1 -1 -1 -1 -1 -1 -1 -1 -1 -1 -1 -1 -1 -1 -1 -1 -1 -1 -1 -1 -1 -1 -1 -1 -1 -1 -1 -1 -1 -1 -1 -1 -1 -1 -1 -1 -1 -1 -1 -1 -1 -1 -1 -1 -1 -1 -1 -1 -1 -1 -1 -1 -1 -1 -1 -28 -91 -128 16 31 31 0 18 25 22 15 22 26 31 45 60 54 70 66 56 65 60 45 32 36 49 22 21 48 83 102 77 105 106 104 87 53 97 96 71 53 67 90 74 58 22 21 33 35 35 36 19 18 21 14 8 -115 -74 -1 -1 -1 -1 -1 -1 -1 -1 -1 -1 -1 -1 -1 -1 -1 -1 -1 -1 -1 -1 -1 -1 -1 -1 -1 -1 -1 -1 -1 -1 -1 -1 -1 -1 -1 -1 -1 -1 -1 -1 -1 -1 -1 -1 -1 -1 -1 -1 -1 -1 -1 -1 -1 -1 -1 -1 -1 -1 -1 -1 -1 -1 -1 -1 -1 -1 -1 -1 -1 -1 -1 -1 -1 -1 -1 -1 -1 -1 -1 -1 -1 -1 -1 -1 -1 -1 -1 -1 -1 -1 -1 -1 -1 -1 -1 -1 -1 -1 -1 -1 -1 -1 -1 -1 -1 -1 -1 -1 -1 -1 -1 -1 -1 -1 -1 -1 -1 -1 -1 -1 -1 -1 -1 -1 -1 -1 -1 -1 -1 -1 -1 -1 -1 -1 -1 -1 -1 -1 -1 -1 -1 -1 -1 -1 -1 -1 -1 -1 -1 -1 -1 -1 -1 -1 -1 -1 -1 -1 -1 -1 -1 -1 -1 -1 -1 -1 -1 -1 -1 -1 -1 -1 -1 -1 -1 -1 -1 -1 -1 -1 -1 -1 -1 -1 -1 -1 -1 -1 -1 -1 -1 -1 -1 -1 -1 -1 -1 -1 -1 -1 -1 -1 -1 -1 -1 -1 -1 -1 -1 -1 -1 -1 -1 -1 -1 -1 -1 -1 -1 -1 -1 -1 -1 -1 -1 -1 -1 -1 -1 -1 -1 -1 -2 -1 -1 -3 -3 -3 -3 -4 -3 -4 -4 -4 -4 -4 -4 -4 -4 -4 -4 -4 -4 -4 -4 -4 -4 -4 -4 -4 -4 -4 -4 -4 -4 -4 -4 -4 -4 -4 -4 -4 -4 -4 -4 -4 -4 -4 -4 -4 -4 -4 -4 -4 -4 -4 -4 -1 -1 -1 -1 -1 -1 -1 -1 -1 -1 -1 -1 -1 -1 -1 -1 -1 -1 -1 -1 -1 -1 -1 -1 -1 -1 -1 -1 -1 -4 -3 -3 -4 -4 -4 -4 -4 -4 -4 -4 -4 -4 -4 -4 -4 -4 -4 -4 -4 -4 -4 -4 -4 -4 -4 -4 -4 -4 -4 -4 -4 -4 -8 -7 -7 -13 -16 -16 -16 -14 -14 -14 -14 -14 -14 -14 -14 -14 -14 -14 -14 -14 -16 -16 -14 -14 -14 -14 -14 -14
-1 -1 -1 -1 -1 -1 -1 -1 -1 -1 -1 -1 -1 -1 -1 -1 -1 -1 -1 -1 -1 -1 -1 -1 -1 -1 -1 -1 -1 -1 -1 -1 -1 -1 -1 -1 -1 -1 -1 -1 -1 -1 -1 -1 -1 -1 -1 -1 -1 -1 -1 -1 -1 -1 -1 -1 -1 -1 -1 -1 -1 -1 -1 -1 -1 -1 -1 -1 -1 -1 -1 -1 -1 -1 -1 -1 -44 -128 -115 14 31 62 61 38 47 32 30 20 18 21 22 35 48 41 52 48 48 76 82 83 54 45 35 22 31 45 60 71 61 82 111 107 93 56 67 94 83 58 36 44 39 29 13 20 33 26 26 22 24 21 21 31 0 -128 -68 -1 -1 -1 -1 -1 -1 -1 -1 -1 -1 -1 -1 -1 -1 -1 -1 -1 -1 -1 -1 -1 -1 -1 -1 -1 -1 -1 -1 -1 -1 -1 -1 -1 -1 -1 -1 -1 -1 -1 -1 -1 -1 -1 -1 -1 -1 -1 -1 -1 -1 -1 -1 -1 -1 -1 -1 -1 -1 -1 -1 -1 -1 -1 -1 -1 -1 -1 -1 -1 -1 -1 -1 -1 -1 -1 -1 -1 -1 -1 -1 -1 -1 -1 -1 -1 -1 -1 -1 -1 -1 -1 -1 -1 -1 -1 -1 -1 -1 -1 -1 -1 -1 -1 -1 -1 -1 -1 -1 -1 -1 -1 -1 -1 -1 -1 -1 -1 -1 -1 -1 -1 -1 -1 -1 -1 -1 -1 -1 -1 -1 -1 -1 -1 -1 -1 -1 -1 -1 -1 -1 -1 -1 -1 -1 -1 -1 -1 -1 -1 -1 -1 -1 -1 -1 -1 -1 -1 -1 -1 -1 -1 -1 -1 -1 -1 -1 -1 -1 -1 -1 -1 -1 -1 -1 -1 -1 -1 -1 -1 -1 -1 -1 -1 -1 -1 -1 -1 -1 -1 -1 -1 -1 -1 -1 -1 -1 -1 -1 -1 -1 -1 -1 -1 -1 -1 -1 -1 -1 -1 -1 -1 -1 -1 -1 -1 -1 -1 -1 -1 -1 -1 -1 -1 -1 -1 -1 -1 -1 -1 -1 -1 -1 -2 -1 -2 -3 -3 -3 -3 -4 -4 -4 -4 -4 -4 -4 -4 -4 -4 -4 -4 -4 -4 -4 -4 -4 -4 -4 -4 -4 -4 -4 -4 -4 -4 -4 -4 -4 -4 -4 -4 -4 -4 -4 -4 -4 -4 -4 -4 -4 -4 -4 -4 -4 -4 -4 -4 -1 -1 -1 -1 -1 -1 -1 -1 -1 -1 -1 -1 -1 -1 -1 -1 -1 -1 -1 -1 -1 -1 -1 -1 -1 -1 -1 -1 -1 -3 -3 -4 -3 -4 -4 -4 -4 -4 -4 -4 -4 -4 -4 -4 -4 -4 -4 -4 -4 -4 -4 -4 -4 -4 -4 -4 -4 -4 -4 -4 -4 -4 -8 -7 -7 -13 -14 -14 -14 -14 -14 -14 -14 -14 -14 -14 -14 -14 -14 -14 -14 -14 -14 -14 -14 -14 -14 -14 -14 -14
-1 -1 -1 -1 -1 -1 -1 -1 -1 -1 -1 -1 -1 -1 -1 -1 -1 -1 -1 -1 -1 -1 -1 -1 -1 -1 -1 -1 -1 -1 -1 -1 -1 -1 -1 -1 -1 -1 -1 -1 -1 -1 -1 -1 -1 -1 -1 -1 -1 -1 -1 -1 -1 -1 -1 -1 -1 -1 -1 -1 -1 -1 -1 -1 -1 -1 -1 -1 -1 -1 -1 -1 -1 -1 -1 -49 -128 0 6 22 58 85 60 43 33 21 20 14 21 14 13 31 47 50 37 41 43 73 81 87 67 78 76 43 21 19 24 31 35 70 99 108 104 61 30 65 106 90 44 16 16 16 18 22 35 26 15 22 26 12 32 36 -98 -1 -1 -1 -1 -1 -1 -1 -1 -1 -1 -1 -1 -1 -1 -1 -1 -1 -1 -1 -1 -1 -1 -1 -1 -1 -1 -1 -1 -1 -1 -1 -1 -1 -1 -1 -1 -1 -1 -1 -1 -1 -1 -1 -1 -1 -1 -1 -1 -1 -1 -1 -1 -1 -1 -1 -1 -1 -1 -1 -1 -1 -1 -1 -1 -1 -1 -1 -1 -1 -1 -1 -1 -1 -1 -1 -1 -1 -1 -1 -1 -1 -1 -1 -1 -1 -1 -1 -1 -1 -1 -1 -1 -1 -1 -1 -1 -1 -1 -1 -1 -1 -1 -1 -1 -1 -1 -1 -1 -1 -1 -1 -1 -1 -1 -1 -1 -1 -1 -1 -1 -1 -1 -1 -1 -1 -1 -1 -1 -1 -1 -1 -1 -1 -1 -1 -1 -1 -1 -1 -1 -1 -1 -1 -1 -1 -1 -1 -1 -1 -1 -1 -1 -1 -1 -1 -1 -1 -1 -1 -1 -1 -1 -1 -1 -1 -1 -1 -1 -1 -1 -1 -1 -1 -1 -1 -1 -1 -1 -1 -1 -1 -1 -1 -1 -1 -1 -1 -1 -1 -1 -1 -1 -1 -1 -1 -1 -1 -1 -1 -1 -1 -1 -1 -1 -1 -1 -1 -1 -1 -1 -1 -1 -1 -1 -1 -1 -1 -1 -1 -1 -1 -1 -1 -1 -1 -1 -1 -1 -1 -1 -1 -1 -1 -1 -2 -1 -1 -4 -3 -4 -4 -4 -4 -4 -4 -4 -4 -4 -4 -4 -4 -4 -4 -4 -4 -4 -4 -4 -4 -4 -4 -4 -4 -4 -4 -4 -4 -4 -4 -4 -4 -4 -4 -4 -4 -4 -4 -4 -4 -4 -4 -4 -4 -4 -4 -4 -4 -3 -4 -1 -1 -1 -1 -1 -1 -1 -1 -1 -1 -1 -1 -1 -1 -1 -1 -1 -1 -1 -1 -1 -1 -1 -1 -1 -1 -1 -1 -1 -3 -3 -4 -3 -4 -4 -4 -4 -4 -4 -4 -4 -4 -4 -4 -4 -4 -4 -4 -4 -4 -4 -4 -4 -4 -4 -4 -4 -4 -4 -4 -6 -6 -7 -7 -7 -13 -14 -14 -14 -14 -14 -16 -16 -14 -14 -14 -14 -14 -16 -14 -14 -14 -14 -14 -14 -14 -14 -14 -14 -14
-1 -1 -1 -1 -1 -1 -1 -1 -1 -1 -1 -1 -1 -1 -1 -1 -1 -1 -1 -1 -1 -1 -1 -1 -1 -1 -1 -1 -1 -1 -1 -1 -1 -1 -1 -1 -1 -1 -1 -1 -1 -1 -1 97 -1 -1 -1 -1 -1 -1 -1 -1 -1 -1 -1 -1 -1 -1 -1 -1 -1 -1 -1 -1 -1 -1 -1 -1 -1 -1 -1 -1 -1 -1 -1 -89 -110 9 19 44 72 94 72 60 35 26 24 14 18 15 10 22 48 39 30 36 39 56 64 71 60 83 100 74 44 33 24 30 25 68 90 96 111 82 39 35 73 70 31 19 16 26 31 20 25 26 19 21 45 39 25 36 0 -1 -1 -1 -1 -1 -1 -1 -1 -1 -1 -1 -1 -1 -1 -1 -1 -1 -1 -1 -1 -1 -1 -1 -1 -1 -1 -1 -1 -1 -1 -1 -1 -1 -1 -1 -1 -1 -1 -1 -1 -1 -1 -1 -1 -1 -1 -1 -1 -1 -1 -1 -1 -1 -1 -1 -1 -1 -1 -1 -1 -1 -1 -1 -1 -1 -1 -1 -1 -1 -1 -1 -1 -1 -1 -1 -1 -1 -1 -1 -1 -1 -1 -1 -1 -1 -1 -1 -1 -1 -1 -1 -1 -1 -1 -1 -1 -1 -1 -1 -1 -1 -1 -1 -1 -1 -1 -1 -1 -1 -1 -1 -1 -1 -1 -1 -1 -1 -1 -1 -1 -1 -1 -1 -1 -1 -1 -1 -1 -1 -1 -1 -1 -1 -1 -1 -1 -1 -1 -1 -1 -1 -1 -1 -1 -1 -1 -1 -1 -1 -1 -1 -1 -1 -1 -1 -1 -1 -1 -1 -1 -1 -1 -1 -1 -1 -1 -1 -1 -1 -1 -1 -1 -1 -1 -1 -1 -1 -1 -1 -1 -1 -1 -1 -1 -1 -1 -1 -1 -1 -1 -1 -1 -1 -1 -1 -1 -1 -1 -1 -1 -1 -1 -1 -1 -1 -1 -1 -1 -1 -1 -1 -1 -1 -1 -1 -1 -1 -1 -1 -1 -1 -1 -1 -1 -1 -1 -1 -1 -1 -1 -1 -1 -1 -1 -1 -1 -1 -3 -2 -3 -3 -4 -4 -4 -4 -4 -4 -4 -4 -4 -4 -4 -4 -4 -4 -4 -4 -4 -4 -4 -4 -4 -4 -4 -4 -4 -4 -4 -4 -4 -4 -4 -4 -4 -4 -4 -4 -4 -4 -4 -4 -4 -4 -4 -4 -4 -4 -3 -3 -1 -1 -1 -1 -1 -1 -1 -1 -1 -1 -1 -1 -1 -1 -1 -1 -1 -1 -1 -1 -1 -1 -1 -1 -1 -1 -1 -1 -2 -3 -3 -3 -3 -4 -4 -4 -4 -4 -4 -4 -4 -4 -4 -4 -4 -4 -4 -4 -4 -4 -4 -4 -4 -4 -4 -4 -4 -4 -4 -6 -6 -6 -9 -9 -9 -14 -14 -14 -14 -14 -14 -16 -17 -16 -16 -17 -17 -17 -16 -16 -16 -16 -16 -17 -18 -18 -18 -18 -18 -18
-1 -1 -1 -1 -1 -1 -1 -1 -1 -1 -1 -1 -1 -1 -1 -1 -1 -1 -1 -1 -1 -1 -1 -1 -1 -1 -1 -1 -1 -1 -1 -1 -1 -1 -1 -1 -1 -1 -1 -1 -1 -1 -1 -1 -1 -1 -1 -1 -1 -1 95 -1 -1 -1 -1 -1 -1 -1 -1 -1 -1 -1 -1 -1 -1 -1 -1 -1 -1 -1 -1 -1 -1 -1 -1 -82 -103 29 36 42 78 56 44 32 26 20 19 14 22 10 13 15 37 18 33 44 39 43 61 60 49 70 93 78 62 42 33 22 32 61 72 70 96 94 72 25 49 35 13 22 20 25 24 15 15 16 20 20 35 36 18 33 0 -56 -1 -1 -1 -1 -1 -1 -1 -1 -1 -1 -1 -1 -1 -1 -1 -1 -1 -1 -1 -1 -1 -1 -1 -1 -1 -1 -1 -1 -1 -1 -1 -1 -1 -1 -1 -1 -1 -1 -1 -1 -1 -1 -1 -1 -1 -1 -1 -1 -1 -1 -1 -1 -1 -1 -1 -1 -1 -1 -1 -1 -1 -1 -1 -1 -1 -1 -1 -1 -1 -1 -1 -1 -1 -1 -1 -1 -1 -1 -1 -1 -1 -1 -1 -1 -1 -1 -1 -1 -1 -1 -1 -1 -1 -1 -1 -1 -1 -1 -1 -1 -1 -1 -1 -1 -1 -1 -1 -1 -1 -1 -1 -1 -1 -1 -1 -1 -1 -1 -1 -1 -1 -1 -1 -1 -1 -1 -1 -1 -1 -1 -1 -1 -1 -1 -1 -1 -1 -1 -1 -1 -1 -1 -1 -1 -1 -1 -1 -1 -1 -1 -1 -1 -1 -1 -1 -1 -1 -1 -1 -1 -1 -1 -1 -1 -1 -1 -1 -1 -1 -1 -1 -1 -1 -1 -1 -1 -1 -1 -1 -1 -1 -1 -1 -1 -1 -1 -1 -1 -1 -1 -1 -1 -1 -1 -1 -1 -1 -1 -1 -1 -1 -1 -1 -1 -1 -1 -1 -1 -1 -1 -1 -1 -1 -1 -1 -1 -1 -1 -1 -1 -1 -1 -1 -1 -1 -1 -1 -1 -1 -1 -1 -1 -1 -1 -1 -1 -1 -2 -1 -3 -4 -4 -4 -4 -4 -4 -4 -4 -4 -4 -4 -4 -4 -4 -4 -4 -4 -4 -4 -4 -4 -4 -4 -4 -4 -4 -4 -4 -4 -4 -4 -4 -4 -4 -4 -4 -4 -4 -4 -4 -4 -4 -4 -4 -4 -4 -4 -3 -2 -1 -1 -1 -1 -1 -1 -3 -3 -1 -1 -2 -1 -1 -1 -1 -1 -1 -1 -1 -1 -1 -1 -1 -1 -2 -4 -3 -3 -4 -4 -4 -4 -4 -4 -4 -4 -4 -4 -4 -4 -4 -4 -4 -4 -4 -4 -4 -4 -4 -4 -4 -4 -4 -4 -4 -4 -4 -4 -9 -11 -12 -16 -14 -14 -14 -14 -13 -14 -16 -16 -17 -18 -18 -20 -21 -22 -21 -18 -18 -18 -20 -20 -21 -25 -25 -25 -27 -28 -28
-1 -1 -1 -1 -1 -1 -1 -1 -1 -1 -1 -1 -1 -1 -1 -1 -1 -1 -1 -1 -1 -1 -1 -1 -1 -1 -1 -1 -1 -1 -1 -1 -1 -1 -1 -1 -1 -1 -1 -1 -1 -1 -1 -1 -1 -1 -94 -75 -44 -1 -1 -1 -1 -1 -1 -1 -1 -1 -1 -1 -1 -1 -1 -1 -1 -1 -1 -1 -1 -1 -1 -1 -1 -1 -11 -117 -128 -116 26 59 55 31 15 18 15 18 16 13 13 13 26 15 19 29 65 62 58 39 41 49 43 59 84 82 72 45 27 22 35 49 45 42 54 79 76 24 31 16 14 21 18 21 32 19 16 16 26 21 26 38 24 15 7 -124 -31 -1 -1 -1 -1 -1 -1 -1 -1 -1 -1 -1 -1 -1 -1 -1 -1 -1 -1 -1 -1 -1 -1 -1 -1 -1 -1 -1 -1 -1 -1 -1 -1 -1 -1 -1 -1 -1 -1 -1 -1 -1 -1 -1 -1 -1 -1 -1 -1 -1 -1 -1 -1 -1 -1 -1 -1 -1 -1 -1 -1 -1 -1 -1 -1 -1 -1 -1 -1 -1 -1 -1 -1 -1 -1 -1 -1 -1 -1 -1 -1 -1 -1 -1 -1 -1 -1 -1 -1 -1 -1 -1 -1 -1 -1 -1 -1 -1 -1 -1 -1 -1 -1 -1 -1 -1 -1 -1 -1 -1 -1 -1 -1 -1 -1 -1 -1 -1 -1 -1 -1 -1 -1 -1 -1 -1 -1 -1 -1 -1 -1 -1 -1 -1 -1 -1 -1 -1 -1 -1 -1 -1 -1 -1 -1 -1 -1 -1 -1 -1 -1 -1 -1 -1 -1 -1 -1 -1 -1 -1 -1 -1 -1 -1 -1 -1 -1 -1 -1 -1 -1 -1 -1 -1 -1 -1 -1 -1 -1 -1 -1 -1 -1 -1 -1 -1 -1 -1 -1 -1 -1 -1 -1 -1 -1 -1 -1 -1 -1 -1 -1 -1 -1 -1 -1 -1 -1 -1 -1 -1 -1 -1 -1 -1 -1 -1 -1 -1 -1 -1 -1 -1 -1 -1 -1 -1 -1 -1 -1 -1 -1 -1 -1 -1 -1 -1 -1 -2 -2 -3 -4 -4 -4 -4 -4 -4 -4 -4 -4 -4 -4 -4 -4 -4 -4 -4 -4 -4 -4 -4 -4 -4 -4 -4 -4 -4 -4 -4 -4 -4 -4 -4 -4 -4 -4 -4 -4 -4 -4 -4 -4 -4 -4 -4 -4 -4 -4 -4 -3 -1 -1 -1 -1 -1 -1 -2 -2 -1 -1 -2 -1 -1 -1 -1 -1 -1 -1 -1 -1 -1 -1 -1 -1 -1 -3 -4 -4 -4 -4 -4 -4 -4 -4 -4 -4 -4 -4 -4 -4 -4 -4 -4 -4 -4 -4 -4 -4 -4 -4 -4 -4 -4 -4 -4 -4 -4 -4 -9 -11 -11 -16 -14 -14 -14 -14 -14 -14 -16 -16 -17 -18 -18 -18 -22 -21 -21 -18 -18 -18 -20 -20 -21 -25 -25 -25 -27 -28 -28
-1 -1 -1 -1 -1 -1 -1 -1 -1 -1 -1 -1 -1 -1 -1 -1 -1 -1 -1 -1 -1 -1 -1 -1 -1 -1 -1 -1 -1 -1 -1 -1 -1 -1 -1 -1 -1 -1 -1 -1 -1 -1 -1 -1 -1 -56 -124 0 -128 -18 -1 -1 -1 -1 -1 -1 -1 -1 -1 -1 -1 -1 -1 -1 -1 -1 -1 -1 -1 -1 -1 -1 -1 -119 -56 -93 -115 -128 0 47 48 25 20 30 24 15 18 8 14 13 22 20 12 27 58 60 58 56 33 37 36 60 81 77 70 48 43 20 33 42 35 25 32 53 56 30 22 25 31 22 21 30 37 32 30 26 25 16 16 29 29 10 0 0 -128 -108 -1 -1 -1 -1 -1 -1 -1 -1 -1 -1 -1 -1 -1 -1 -1 -1 -1 -1 -1 -1 -1 -1 -1 -1 -1 -1 -1 -1 -1 -1 -1 -1 -1 -1 -1 -1 -1 -1 -1 -1 -1 -1 -1 -1 -1 -1 -1 -1 -1 -1 -1 -1 -1 -1 -1 -1 -1 -1 -1 -1 -1 -1 -1 -1 -1 -1 -1 -1 -1 -1 -1 -1 -1 -1 -1 -1 -1 -1 -1 -1 -1 -1 -1 -1 -1 -1 -1 -1 -1 -1 -1 -1 -1 -1 -1 -1 -1 -1 -1 -1 -1 -1 -1 -1 -1 -1 -1 -1 -1 -1 -1 -1 -1 -1 -1 -1 -1 -1 -1 -1 -1 -1 -1 -1 -1 -1 -1 -1 -1 -1 -1 -1 -1 -1 -1 -1 -1 -1 -1 -1 -1 -1 -1 -1 -1 -1 -1 -1 -1 -1 -1 -1 -1 -1 -1 -1 -1 -1 -1 -1 -1 -1 -1 -1 -1 -1 -1 -1 -1 -1 -1 -1 -1 -1 -1 -1 -1 -1 -1 -1 -1 -1 -1 -1 -1 -1 -1 -1 -1 -1 -1 -1 -1 -1 -1 -1 -1 -1 -1 -1 -1 -1 -1 -1 -1 -1 -1 -1 -1 -1 -1 -1 -1 -1 -1 -1 -1 -1 -1 -1 -1 -1 -1 -1 -1 -1 -1 -1 -1 -1 -1 -1 -1 -1 -1 -2 -2 -3 -4 -4 -4 -4 -4 -4 -4 -4 -4 -4 -4 -4 -4 -4 -4 -4 -4 -4 -4 -4 -4 -4 -4 -4 -4 -4 -4 -4 -4 -4 -4 -4 -4 -4 -4 -4 -4 -4 -4 -4 -4 -4 -4 -4 -4 -4 -4 -4 -3 -2 -1 -1 -1 -1 -1 -2 -2 -1 -1 -2 -1 -1 -1 -1 -1 -1 -1 -1 -1 -1 -1 -1 -1 -2 -3 -4 -4 -4 -4 -4 -4 -4 -4 -4 -4 -4 -4 -4 -4 -4 -4 -4 -4 -4 -4 -4 -4 -4 -4 -4 -4 -4 -4 -4 -4 -4 -4 -9 -11 -11 -16 -14 -14 -14 -14 -14 -14 -16 -16 -17 -18 -18 -18 -22 -22 -21 -18 -18 -18 -20 -20 -21 -25 -25 -25 -27 -28 -28
-1 -1 -1 -1 -1 -1 -1 -1 -1 -1 -1 -1 -1 -1 -1 -1 -1 -1 -1 -1 -1 -1 -1 -1 -1 -1 -1 -1 -1 -1 -1 -1 -1 -1 -1 -1 -1 -1 -1 -1 -1 -1 -1 -1 -1 -128 -128 -128 -115 -1 -1 -1 -1 -1 -1 -1 -1 -1 -1 -1 -1 -1 -1 -1 -1 -1 -1 -1 -1 -1 -1 -1 -79 -120 0 0 0 0 16 33 29 16 20 30 13 0 0 -124 -122 -115 7 20 18 19 29 47 48 53 56 39 26 47 73 72 76 59 61 22 38 26 18 26 20 29 25 20 29 39 33 26 32 30 25 21 32 47 42 18 20 20 22 8 13 25 3 -126 -128 -72 -1 -1 -1 -1 -1 -1 -1 -1 -1 -1 -1 -1 -1 -1 -1 -1 -1 -1 -1 -1 -1 -1 -1 -1 -1 -1 -1 -1 -1 -1 -1 -1 -1 -1 -1 -1 -1 -1 -1 -1 -1 -1 -1 -1 -1 -1 -1 -1 -1 -1 -1 -1 -1 -1 -1 -1 -1 -1 -1 -1 -1 -1 -1 -1 -1 -1 -1 -1 -1 -1 -1 -1 -1 -1 -1 -1 -1 -1 -1 -1 -1 -1 -1 -1 -1 -1 -1 -1 -1 -1 -1 -1 -1 -1 -1 -1 -1 -1 -1 -1 -1 -1 -1 -1 -1 -1 -1 -1 -1 -1 -1 -1 -1 -1 -1 -1 -1 -1 -1 -1 -1 -1 -1 -1 -1 -1 -1 -1 -1 -1 -1 -1 -1 -1 -1 -1 -1 -1 -1 -1 -1 -1 -1 -1 -1 -1 -1 -1 -1 -1 -1 -1 -1 -1 -1 -1 -1 -1 -1 -1 -1 -1 -1 -1 -1 -1 -1 -1 -1 -1 -1 -1 -1 -1 -1 -1 -1 -1 -1 -1 -1 -1 -1 -1 -1 -1 -1 -1 -1 -1 -1 -1 -1 -1 -1 -1 -1 -1 -1 -1 -1 -1 -1 -1 -1 -1 -1 -1 -1 -1 -1 -1 -1 -1 -1 -1 -1 -1 -1 -1 -1 -1 -1 -1 -1 -1 -1 -1 -1 -1 -1 -1 -1 -1 -2 -2 -4 -4 -4 -4 -4 -4 -4 -4 -4 -4 -4 -4 -4 -4 -4 -4 -4 -4 -4 -4 -4 -4 -4 -4 -4 -4 -4 -4 -4 -4 -4 -4 -4 -4 -4 -4 -4 -4 -4 -4 -4 -4 -4 -4 -4 -4 -4 -4 -4 -3 -3 -3 -3 -3 -3 -4 -4 -3 -3 -3 -3 -2 -2 -2 -1 -1 -1 -1 -1 -1 -1 -1 -1 -3 -4 -4 -4 -4 -4 -4 -4 -4 -4 -4 -4 -4 -4 -4 -4 -4 -4 -6 -6 -6 -6 -7 -7 -7 -9 -9 -9 -12 -12 -12 -12 -12 -12 -13 -14 -14 -16 -16 -16 -18 -20 -21 -22 -25 -25 -25 -25 -25 -25 -26 -26 -26 -25 -25 -25 -26 -26 -26 -27 -27 -27 -28 -28 -28
-1 -1 -1 -1 -1 -1 -1 -1 -1 -1 -1 -1 -1 -1 -1 -1 -1 -1 -1 -1 -1 -1 -1 -1 -1 -1 -1 -1 -1 -1 -1 -1 -1 -1 -1 -1 -1 -1 -1 -1 -1 -1 -1 -1 -1 -37 -36 -9 -11 -1 -1 -1 -1 -1 -1 -1 -1 -1 -1 -1 -1 -1 -1 -1 -1 -1 -1 -1 -1 -1 -1 -1 -59 -128 21 31 44 50 33 29 21 33 0 0 -128 -128 -116 -128 -128 -128 0 9 19 15 14 31 41 43 55 53 29 27 49 64 81 66 47 26 20 10 16 20 19 20 21 26 29 36 36 24 21 21 22 16 21 19 27 30 22 21 30 9 20 9 14 9 12 -124 -98 -58 -1 -1 -1 -1 -1 -1 -1 -1 -1 -1 -1 -1 -1 -1 -1 -1 -1 -1 -1 -1 -1 -1 -1 -1 -1 -1 -1 -1 -1 -1 -1 -1 -1 -1 -1 -1 -1 -1 -1 -1 -1 -1 -1 -1 -1 -1 -1 -1 -1 -1 -1 -1 -1 -1 -1 -1 -1 -1 -1 -1 -1 -1 -1 -1 -1 -1 -1 -1 -1 -1 -1 -1 -1 -1 -1 -1 -1 -1 -1 -1 -1 -1 -1 -1 -1 -1 -1 -1 -1 -1 -1 -1 -1 -1 -1 -1 -1 -1 -1 -1 -1 -1 -1 -1 -1 -1 -1 -1 -1 -1 -1 -1 -1 -1 -1 -1 -1 -1 -1 -1 -1 -1 -1 -1 -1 -1 -1 -1 -1 -1 -1 -1 -1 -1 -1 -1 -1 -1 -1 -1 -1 -1 -1 -1 -1 -1 -1 -1 -1 -1 -1 -1 -1 -1 -1 -1 -1 -1 -1 -1 -1 -1 -1 -1 -1 -1 -1 -1 -1 -1 -1 -1 -1 -1 -1 -1 -1 -1 -1 -1 -1 -1 -1 -1 -1 -1 -1 -1 -1 -1 -1 -1 -1 -1 -1 -1 -1 -1 -1 -1 -1 -1 -1 -1 -1 -1 -1 -1 -1 -1 -1 -1 -1 -1 -1 -1 -1 -1 -1 -1 -1 -1 -1 -1 -1 -1 -1 -1 -1 -1 -1 -1 -2 -2 -3 -4 -4 -4 -4 -4 -4 -4 -4 -4 -4 -4 -4 -4 -4 -4 -4 -4 -4 -4 -4 -4 -4 -4 -4 -4 -4 -4 -4 -4 -4 -4 -4 -4 -4 -4 -4 -4 -4 -4 -4 -4 -4 -4 -4 -4 -4 -4 -4 -4 -4 -4 -4 -4 -4 -4 -4 -4 -4 -4 -4 -4 -4 -4 -4 -4 -4 -4 -4 -4 -4 -4 -4 -4 -4 -4 -4 -4 -4 -4 -4 -4 -4 -4 -4 -4 -4 -4 -4 -4 -4 -6 -7 -7 -7 -8 -8 -8 -11 -11 -11 -14 -14 -14 -14 -14 -14 -14 -14 -14 -16 -16 -16 -21 -22 -22 -25 -27 -28 -28 -28 -28 -28 -28 -28 -28 -28 -28 -28 -28 -28 -28 -28 -28 -28 -28 -28 -28
-1 -1 -1 -1 -1 -1 -1 -1 -1 -1 -1 -1 -1 -1 -1 -1 -1 -1 -1 -1 -1 -1 -1 -1 -1 -1 -1 -1 -1 -1 -1 -1 -1 -1 -1 -1 -1 -1 -1 -1 -1 -1 -1 -1 -1 -1 -1 -1 -1 -1 -1 -1 -1 -1 -1 -1 -1 -1 -1 -1 -1 -1 -1 -1 -1 -1 -1 -1 -1 -1 -1 -1 -1 -39 -124 0 16 54 43 15 14 10 1 -128 -128 -120 -21 -1 -1 -36 -125 3 22 26 22 20 24 32 42 52 33 20 38 55 72 61 37 22 0 0 15 21 13 8 0 -116 -128 0 0 -115 -119 -102 -117 -117 -116 0 0 10 14 0 9 30 18 2 13 15 20 20 0 0 -128 -116 -55 -1 -1 -1 -1 -1 -1 -1 -1 -1 -1 -1 -1 -1 -1 -1 -1 -1 -1 -1 -1 -1 -1 -1 -1 -1 -1 -1 -1 -1 -1 -1 -1 -1 -1 -1 -1 -1 -1 -1 -1 -1 -1 -1 -1 -1 -1 -1 -1 -1 -1 -1 -1 -1 -1 -1 -1 -1 -1 -1 -1 -1 -1 -1 -1 -1 -1 -1 -1 -1 -1 -1 -1 -1 -1 -1 -1 -1 -1 -1 -1 -1 -1 -1 -1 -1 -1 -1 -1 -1 -1 -1 -1 -1 -1 -1 -1 -1 -1 -1 -1 -1 -1 -1 -1 -1 -1 -1 -1 -1 -1 -1 -1 -1 -1 -1 -1 -1 -1 -1 -1 -1 -1 -1 -1 -1 -1 -1 -1 -1 -1 -1 -1 -1 -1 -1 -1 -1 -1 -1 -1 -1 -1 -1 -1 -1 -1 -1 -1 -1 -1 -1 -1 -1 -1 -1 -1 -1 -1 -1 -1 -1 -1 -1 -1 -1 -1 -1 -1 -1 -1 -1 -1 -1 -1 -1 -1 -1 -1 -1 -1 -1 -1 -1 -1 -1 -1 -1 -1 -1 -1 -1 -1 -1 -1 -1 -1 -1 -1 -1 -1 -1 -1 -1 -1 -1 -1 -1 -1 -1 -1 -1 -1 -1 -1 -1 -1 -1 -1 -1 -1 -1 -1 -1 -1 -1 -1 -1 -1 -1 -2 -2 -3 -4 -4 -4 -4 -4 -4 -4 -4 -4 -4 -4 -4 -4 -4 -4 -4 -4 -4 -4 -4 -4 -4 -4 -4 -4 -4 -4 -4 -4 -4 -4 -4 -4 -4 -4 -4 -4 -4 -4 -4 -4 -4 -4 -4 -4 -4 -4 -4 -4 -4 -4 -4 -4 -4 -4 -4 -4 -4 -4 -4 -4 -4 -4 -4 -4 -4 -4 -4 -4 -4 -4 -4 -4 -4 -4 -4 -4 -4 -4 -4 -4 -4 -4 -4 -4 -4 -4 -4 -4 -4 -6 -7 -7 -7 -8 -8 -8 -11 -11 -11 -14 -14 -14 -14 -14 -14 -14 -14 -13 -16 -16 -16 -21 -22 -22 -25 -28 -28 -28 -28 -28 -28 -28 -28 -28 -28 -28 -28 -28 -28 -28 -28 -28 -28 -28 -28 -28
-1 -1 -1 -1 -1 -1 -1 -1 -1 -1 -1 -1 -1 -1 -1 -1 -1 -1 -1 -1 -1 -1 -1 -1 -1 -1 -1 -1 -1 -1 -1 -1 -1 -1 -1 -1 -1 -1 -1 -1 -1 -1 -1 -1 -1 -1 -1 -1 -1 -1 -1 -1 -1 -1 -1 -1 -1 -1 -1 -1 -1 -1 -1 -1 -1 -1 -1 -1 -1 -1 -1 -1 -1 -81 -128 -128 13 3 0 0 -128 -128 -114 -128 -30 -125 -42 -1 -1 -83 -128 0 19 25 32 29 20 20 29 36 31 24 24 31 48 49 36 22 15 13 0 0 -93 -120 -91 -126 -120 -128 -87 -121 -88 -1 -2 -101 -1 -13 -106 -119 -112 -106 -128 -112 20 24 24 13 33 31 15 18 18 -106 -88 -1 -1 -1 -1 -1 -1 -1 -1 -1 -1 -1 -1 -1 -1 -1 -1 -1 -1 -1 -1 -1 -1 -1 -1 -1 -1 -1 -1 -1 -1 -1 -1 -1 -1 -1 -1 -1 -1 -1 -1 -1 -1 -1 -1 -1 -1 -1 -1 -1 -1 -1 -1 -1 -1 -1 -1 -1 -1 -1 -1 -1 -1 -1 -1 -1 -1 -1 -1 -1 -1 -1 -1 -1 -1 -1 -1 -1 -1 -1 -1 -1 -1 -1 -1 -1 -1 -1 -1 -1 -1 -1 -1 -1 -1 -1 -1 -1 -1 -1 -1 -1 -1 -1 -1 -1 -1 -1 -1 -1 -1 -1 -1 -1 -1 -1 -1 -1 -1 -1 -1 -1 -1 -1 -1 -1 -1 -1 -1 -1 -1 -1 -1 -1 -1 -1 -1 -1 -1 -1 -1 -1 -1 -1 -1 -1 -1 -1 -1 -1 -1 -1 -1 -1 -1 -1 -1 -1 -1 -1 -1 -1 -1 -1 -1 -1 -1 -1 -1 -1 -1 -1 -1 -1 -1 -1 -1 -1 -1 -1 -1 -1 -1 -1 -1 -1 -1 -1 -1 -1 -1 -1 -1 -1 -1 -1 -1 -1 -1 -1 -1 -1 -1 -1 -1 -1 -1 -1 -1 -1 -1 -1 -1 -1 -1 -1 -1 -1 -1 -1 -1 -1 -2 -1 -1 -2 -2 -2 -2 -3 -3 -3 -3 -4 -4 -4 -4 -4 -4 -4 -4 -4 -4 -4 -4 -4 -4 -4 -4 -4 -4 -4 -4 -4 -4 -4 -4 -4 -4 -4 -4 -4 -4 -4 -4 -4 -4 -4 -4 -4 -4 -4 -4 -4 -4 -4 -4 -4 -4 -4 -4 -4 -4 -4 -4 -4 -4 -4 -4 -4 -4 -4 -4 -4 -4 -4 -4 -4 -4 -4 -4 -4 -4 -4 -4 -4 -4 -4 -4 -4 -4 -4 -4 -4 -4 -4 -4 -4 -4 -4 -6 -8 -9 -9 -11 -11 -11 -12 -12 -12 -12 -13 -13 -16 -14 -14 -16 -16 -16 -17 -18 -18 -21 -21 -20 -23 -25 -25 -27 -28 -28 -28 -28 -28 -28 -28 -28 -28 -28 -28 -28 -28 -28 -28 -28 -28 -28 -30 -30 -30
-1 -1 -1 -1 -1 -1 -1 -1 -1 -1 -1 -1 -1 -1 -1 -1 -1 -1 -1 -1 -1 -1 -1 -1 -1 -1 -1 -1 -1 -1 -1 -1 -1 -1 -1 -1 -1 -1 -1 -1 -1 -1 -1 -1 -1 -1 -1 -1 -1 -1 -1 -1 -1 -1 -1 -1 -1 -1 -1 -1 -1 -1 -1 -1 -1 -1 -1 -1 -1 -1 -1 -1 -1 -14 -107 9 0 -128 -103 -100 -2 -1 -75 -50 -1 -1 -1 -1 -1 -16 -69 -128 0 16 20 35 29 21 26 32 19 29 15 19 22 35 36 27 26 16 20 -115 -128 -128 -1 -1 -1 -128 0 -98 -28 -1 -1 -93 -1 -1 -86 -122 -74 -72 -124 -128 0 0 0 0 3 14 15 21 26 0 -128 -1 -1 -1 -1 -1 -1 -1 -1 -1 -1 -1 -1 -1 -1 -1 -1 -1 -1 -1 -1 -1 -1 -1 -1 -1 -1 -1 -1 -1 -1 -1 -1 -1 -1 -1 -1 -1 -1 -1 -1 -1 -1 -1 -1 -1 -1 -1 -1 -1 -1 -1 -1 -1 -1 -1 -1 -1 -1 -1 -1 -1 -1 -1 -1 -1 -1 -1 -1 -1 -1 -1 -1 -1 -1 -1 -1 -1 -1 -1 -1 -1 -1 -1 -1 -1 -1 -1 -1 -1 -1 -1 -1 -1 -1 -1 -1 -1 -1 -1 -1 -1 -1 -1 -1 -1 -1 -1 -1 -1 -1 -1 -1 -1 -1 -1 -1 -1 -1 -1 -1 -1 -1 -1 -1 -1 -1 -1 -1 -1 -1 -1 -1 -1 -1 -1 -1 -1 -1 -1 -1 -1 -1 -1 -1 -1 -1 -1 -1 -1 -1 -1 -1 -1 -1 -1 -1 -1 -1 -1 -1 -1 -1 -1 -1 -1 -1 -1 -1 -1 -1 -1 -1 -1 -1 -1 -1 -1 -1 -1 -1 -1 -1 -1 -1 -1 -1 -1 -1 -1 -1 -1 -1 -1 -1 -1 -1 -1 -1 -1 -1 -1 -1 -1 -1 -1 -1 -1 -1 -1 -1 -1 -1 -1 -1 -1 -1 -1 -1 -1 -1 -1 -2 -2 -2 -3 -3 -3 -3 -4 -4 -4 -3 -4 -4 -4 -4 -4 -4 -4 -4 -4 -4 -4 -4 -4 -4 -4 -4 -4 -4 -4 -4 -4 -4 -4 -4 -4 -4 -4 -4 -4 -4 -4 -4 -4 -4 -4 -4 -4 -4 -4 -4 -4 -4 -4 -4 -4 -4 -4 -4 -4 -4 -4 -4 -4 -4 -4 -4 -4 -4 -4 -4 -4 -4 -4 -4 -4 -4 -4 -4 -4 -4 -4 -4 -4 -4 -4 -4 -4 -4 -4 -4 -4 -4 -4 -4 -4 -4 -4 -8 -14 -14 -14 -14 -14 -16 -16 -16 -14 -14 -14 -14 -17 -16 -16 -18 -18 -18 -25 -27 -27 -28 -28 -28 -27 -28 -28 -28 -28 -28 -28 -28 -28 -28 -28 -28 -28 -28 -28 -28 -28 -28 -28 -28 -28 -28 -31 -31 -31
-1 -1 -1 -1 -1 -1 -1 -1 -1 -1 -1 -1 -1 -1 -1 -1 -1 -1 -1 -1 -1 -1 -1 -1 -1 -1 -1 -1 -1 -1 -1 -1 -1 -1 -1 -1 -1 -1 -1 -1 -1 -1 -1 -1 -1 -1 -1 -1 -1 -1 -1 -1 -1 -1 -1 -1 -1 -1 -6 -1 -1 -1 -1 -1 -1 -1 -1 -1 -1 -1 -1 -1 -37 -1 -128 21 -124 -47 -1 -1 -1 -1 -1 -1 -1 -1 -1 -1 -1 -1 -39 -128 -128 0 0 26 25 14 22 31 19 38 45 19 22 26 39 31 22 20 0 -128 -37 -39 -1 -1 -30 -128 -111 -36 -1 -1 -1 -1 -1 -1 -6 -1 -1 -42 -128 0 0 -122 -128 -128 0 20 27 24 31 36 0 -37 96 -1 -1 -1 -1 -1 -1 -1 -1 -1 -1 -1 -1 -1 -1 -1 -1 -1 -1 -1 -1 -1 -1 -1 -1 -1 -1 -1 -1 -1 -1 -1 -1 -1 -1 -1 -1 -1 -1 -1 -1 -1 -1 -1 -1 -1 -1 -1 -1 -1 -1 -1 -1 -1 -1 -1 -1 -1 -1 -1 -1 -1 -1 -1 -1 -1 -1 -1 -1 -1 -1 -1 -1 -1 -1 -1 -1 -1 -1 -1 -1 -1 -1 -1 -1 -1 -1 -1 -1 -1 -1 -1 -1 -1 -1 -1 -1 -1 -1 -1 -1 -1 -1 -1 -1 -1 -1 -1 -1 -1 -1 -1 -1 -1 -1 -1 -1 -1 -1 -1 -1 -1 -1 -1 -1 -1 -1 -1 -1 -1 -1 -1 -1 -1 -1 -1 -1 -1 -1 -1 -1 -1 -1 -1 -1 -1 -1 -1 -1 -1 -1 -1 -1 -1 -1 -1 -1 -1 -1 -1 -1 -1 -1 -1 -1 -1 -1 -1 -1 -1 -1 -1 -1 -1 -1 -1 -1 -1 -1 -1 -1 -1 -1 -1 -1 -1 -1 -1 -1 -1 -1 -1 -1 -1 -1 -1 -1 -1 -1 -1 -1 -1 -1 -1 -1 -1 -1 -1 -1 -1 -1 -1 -1 -1 -1 -1 -1 -1 -1 -1 -2 -2 -2 -3 -3 -3 -4 -4 -4 -4 -4 -4 -4 -4 -4 -4 -4 -4 -4 -4 -4 -4 -4 -4 -4 -4 -4 -4 -4 -4 -4 -4 -4 -4 -4 -4 -4 -4 -4 -4 -4 -4 -4 -4 -4 -4 -4 -4 -4 -4 -4 -4 -4 -4 -4 -4 -4 -4 -4 -4 -4 -4 -4 -4 -4 -4 -4 -4 -4 -4 -4 -4 -4 -4 -4 -4 -4 -4 -4 -4 -4 -4 -4 -4 -4 -4 -4 -4 -4 -4 -4 -4 -4 -4 -4 -3 -3 -3 -7 -16 -16 -16 -16 -16 -16 -16 -16 -14 -14 -14 -14 -17 -17 -16 -18 -18 -20 -26 -26 -26 -28 -28 -28 -28 -28 -28 -28 -28 -28 -28 -28 -28 -28 -28 -28 -28 -28 -28 -28 -28 -28 -28 -28 -28 -28 -31 -32 -32
-1 -1 -1 -1 -1 -1 -1 -1 -1 -1 -1 -1 -1 -1 -1 -1 -1 -1 -1 -1 -1 -1 -1 -1 -1 -1 -1 -1 -1 -1 -1 -1 -1 -1 -1 -1 -1 -1 -1 -1 -1 -1 -1 -1 -1 -1 -1 -1 -1 -1 -1 -1 -1 -1 -1 -1 -1 -1 -21 -53 -1 -1 -1 -1 -1 -1 -1 -1 -1 -1 -11 -128 -128 -67 -128 0 -128 -13 -1 -1 -1 -1 -1 -1 -1 -1 -1 -1 -1 -1 -1 -53 -7 -60 -128 4 16 8 29 22 26 26 43 44 39 30 32 31 19 18 0 -112 -1 -1 -1 -1 -59 -126 -125 -108 -1 -1 -1 -1 -1 -1 -1 -1 -1 -1 -96 -96 -116 -128 0 0 15 24 41 33 39 44 0 -114 -1 -1 -1 -1 -1 -1 -1 -1 -1 -1 -1 -1 -1 -1 -1 -1 -1 -1 -1 -1 -1 -1 -1 -1 -1 -1 -1 -1 -1 -1 -1 -1 -1 -1 -1 -1 -1 -1 -1 -1 -1 -1 -1 -1 -1 -1 -1 -1 -1 -1 -1 -1 -1 -1 -1 -1 -1 -1 -1 -1 -1 -1 -1 -1 -1 -1 -1 -1 -1 -1 -1 -1 -1 -1 -1 -1 -1 -1 -1 -1 -1 -1 -1 -1 -1 -1 -1 -1 -1 -1 -1 -1 -1 -1 -1 -1 -1 -1 -1 -1 -1 -1 -1 -1 -1 -1 -1 -1 -1 -1 -1 -1 -1 -1 -1 -1 -1 -1 -1 -1 -1 -1 -1 -1 -1 -1 -1 -1 -1 -1 -1 -1 -1 -1 -1 -1 -1 -1 -1 -1 -1 -1 -1 -1 -1 -1 -1 -1 -1 -1 -1 -1 -1 -1 -1 -1 -1 -1 -1 -1 -1 -1 -1 -1 -1 -1 -1 -1 -1 -1 -1 -1 -1 -1 -1 -1 -1 -1 -1 -1 -1 -1 -1 -1 -1 -1 -1 -1 -1 -1 -1 -1 -1 -1 -1 -1 -1 -1 -1 -1 -1 -1 -1 -1 -1 -1 -1 -1 -1 -1 -1 -1 -1 -1 -1 -1 -1 -1 -1 -1 -2 -2 -1 -3 -3 -3 -4 -4 -4 -4 -4 -4 -4 -4 -4 -4 -4 -4 -4 -4 -4 -4 -4 -4 -4 -4 -4 -4 -4 -4 -4 -4 -4 -4 -4 -4 -4 -4 -4 -4 -4 -4 -4 -4 -4 -4 -4 -4 -4 -4 -4 -4 -4 -4 -4 -4 -4 -4 -4 -4 -4 -4 -4 -4 -4 -4 -4 -4 -4 -4 -4 -4 -4 -4 -4 -4 -4 -4 -4 -4 -4 -4 -4 -3 -4 -4 -4 -4 -3 -3 -4 -4 -4 -4 -4 -3 -4 -4 -8 -16 -14 -14 -13 -13 -14 -14 -14 -14 -14 -13 -14 -16 -16 -16 -18 -18 -18 -25 -27 -27 -28 -28 -28 -28 -28 -27 -28 -28 -28 -27 -28 -28 -28 -27 -27 -27 -27 -27 -27 -27 -27 -27 -27 -27 -27 -31 -31 -31
-1 -1 -1 -1 -1 -1 -1 -1 -1 -1 -1 -1 -1 -1 -1 -1 -1 -1 -1 -1 -1 -1 -1 -1 -1 -1 -1 -1 -1 -1 -1 -1 -1 -1 -1 -1 -1 -1 -1 -1 -1 -1 -1 -1 -1 -1 -1 -1 -1 -1 -1 -1 -1 -1 -1 -1 -1 -1 -1 -64 -1 -1 -1 -1 -1 -1 -1 -1 -1 -1 -61 -117 -119 -128 -128 -128 -128 -21 -1 -1 -1 -1 -1 -1 -1 -1 -1 -1 -1 -1 -1 -1 -1 -1 -45 0 8 10 26 12 18 25 25 33 35 25 24 8 0 0 -128 -26 -1 97 -1 -1 -7 -128 -6 -1 -1 -1 -1 -1 -1 -1 -1 -1 -1 -1 -2 -128 -128 -111 8 9 18 29 47 62 62 65 26 0 -126 -42 -1 -1 -1 -1 -1 -1 -1 -1 -1 -1 -1 -1 -1 -1 -1 -1 -1 -1 -1 -1 -1 -1 -1 -1 -1 -1 -1 -1 -1 -1 -1 -1 -1 -1 -1 -1 -1 -1 -1 -1 -1 -1 -1 -1 -1 -1 -1 -1 -1 -1 -1 -1 -1 -1 -1 -1 -1 -1 -1 -1 -1 -1 -1 -1 -1 -1 -1 -1 -1 -1 -1 -1 -1 -1 -1 -1 -1 -1 -1 -1 -1 -1 -1 -1 -1 -1 -1 -1 -1 -1 -1 -1 -1 -1 -1 -1 -1 -1 -1 -1 -1 -1 -1 -1 -1 -1 -1 -1 -1 -1 -1 -1 -1 -1 -1 -1 -1 -1 -1 -1 -1 -1 -1 -1 -1 -1 -1 -1 -1 -1 -1 -1 -1 -1 -1 -1 -1 -1 -1 -1 -1 -1 -1 -1 -1 -1 -1 -1 -1 -1 -1 -1 -1 -1 -1 -1 -1 -1 -1 -1 -1 -1 -1 -1 -1 -1 -1 -1 -1 -1 -1 -1 -1 -1 -1 -1 -1 -1 -1 -1 -1 -1 -1 -1 -1 -1 -1 -1 -1 -1 -1 -1 -1 -1 -1 -1 -1 -1 -1 -1 -1 -1 -1 -1 -1 -1 -1 -1 -1 -1 -1 -1 -1 -1 -1 -2 -2 -2 -3 -3 -3 -3 -3 -4 -4 -4 -4 -4 -4 -4 -4 -4 -4 -4 -4 -4 -4 -4 -4 -4 -4 -4 -4 -4 -4 -4 -4 -4 -4 -4 -4 -4 -4 -4 -4 -4 -4 -4 -4 -4 -4 -4 -4 -4 -4 -4 -4 -4 -4 -4 -4 -4 -4 -4 -4 -4 -4 -4 -4 -4 -4 -4 -4 -4 -4 -4 -4 -4 -4 -4 -4 -4 -4 -4 -4 -4 -4 -4 -4 -4 -4 -6 -6 -6 -6 -6 -6 -6 -4 -4 -4 -4 -4 -7 -11 -12 -11 -14 -14 -14 -16 -16 -16 -16 -16 -16 -17 -18 -18 -23 -25 -23 -25 -25 -26 -27 -27 -27 -28 -28 -28 -28 -28 -28 -31 -34 -34 -35 -35 -34 -35 -34 -34 -34 -34 -34 -34 -34 -34 -34 -34 -34 -34 -36 -36 -36
-1 -1 -1 -1 -1 -1 -1 -1 -1 -1 -1 -1 -1 -1 -1 -1 -1 -1 -1 -1 -1 -1 -1 -1 -1 -1 -1 -1 -1 -1 -1 -1 -1 -1 -1 -1 -1 -1 -1 -1 -1 -1 -1 -1 -1 -91 -50 -1 -1 -1 -1 -1 -1 -1 -1 -1 -1 -1 -1 -1 -1 -1 -1 -1 -1 -1 -1 -1 -1 -1 -1 -1 -26 -94 -1 -1 -1 -1 -1 -1 -1 -1 -1 -1 -1 -1 -1 -1 -1 -1 -1 -1 -1 -1 -18 -128 8 7 -124 -120 3 29 12 26 21 30 22 -128 -128 -128 -31 -1 -1 -1 -1 -1 -2 -92 -1 -1 -1 -1 -1 -1 -1 -1 -1 -1 -1 -1 -23 -65 -72 0 16 18 20 27 48 73 88 71 29 7 -128 -128 -1 -1 -1 -1 -1 -1 -1 -1 -1 -1 -1 -1 -1 -1 -1 -1 -1 -1 -1 -1 -1 -1 -1 -1 -1 -1 -1 -1 -1 -1 -1 -1 -1 -1 -1 -1 -1 -1 -1 -1 -1 -1 -1 -1 -1 -1 -1 -1 -1 -1 -1 -1 -1 -1 -1 -1 -1 -1 -1 -1 -1 -1 -1 -1 -1 -1 -1 -1 -1 -1 -1 -1 -1 -1 -1 -1 -1 -1 -1 -1 -1 -1 -1 -1 -1 -1 -1 -1 -1 -1 -1 -1 -1 -1 -1 -1 -1 -1 -1 -1 -1 -1 -1 -1 -1 -1 -1 -1 -1 -1 -1 -1 -1 -1 -1 -1 -1 -1 -1 -1 -1 -1 -1 -1 -1 -1 -1 -1 -1 -1 -1 -1 -1 -1 -1 -1 -1 -1 -1 -1 -1 -1 -1 -1 -1 -1 -1 -1 -1 -1 -1 -1 -1 -1 -1 -1 -1 -1 -1 -1 -1 -1 -1 -1 -1 -1 -1 -1 -1 -1 -1 -1 -1 -1 -1 -1 -1 -1 -1 -1 -1 -1 -1 -1 -1 -1 -1 -1 -1 -1 -1 -1 -1 -1 -1 -1 -1 -1 -1 -1 -1 -1 -1 -1 -1 -1 -1 -1 -1 -1 -1 -1 -1 -1 -1 -2 -2 -2 -3 -3 -3 -4 -4 -4 -4 -4 -4 -4 -4 -4 -4 -4 -4 -4 -4 -4 -4 -4 -4 -4 -4 -4 -4 -4 -4 -4 -4 -4 -4 -4 -4 -4 -4 -4 -4 -4 -4 -4 -4 -4 -4 -4 -4 -4 -4 -4 -4 -4 -4 -4 -4 -4 -4 -4 -4 -4 -4 -4 -4 -4 -4 -4 -4 -4 -4 -4 -4 -4 -4 -4 -4 -4 -4 -4 -4 -4 -4 -4 -4 -4 -4 -6 -6 -6 -6 -6 -6 -6 -4 -4 -4 -4 -4 -9 -14 -14 -14 -14 -14 -14 -16 -16 -16 -16 -16 -17 -20 -20 -20 -27 -28 -28 -28 -28 -28 -28 -28 -28 -28 -28 -28 -28 -28 -28 -32 -35 -35 -36 -37 -39 -39 -36 -36 -36 -36 -36 -36 -36 -36 -36 -36 -36 -36 -40 -40 -40
-1 -1 -1 -1 -1 -1 -1 -1 -1 -1 -1 -1 -1 -1 -1 -1 -1 -1 -1 -1 -1 -1 -1 -1 -1 -1 -1 -1 -1 -1 -1 -1 -1 -1 -1 -1 -1 -1 -1 -1 -1 -1 -1 -1 -1 -102 -54 -1 -1 -1 -1 -1 -1 -1 -1 -1 -1 -39 -96 -1 -1 -1 -1 -1 -1 -1 -1 -1 -1 -1 -1 -1 -97 -1 -1 -1 -1 -1 -1 -1 -1 -1 -1 -1 -1 -1 -1 -1 -1 -1 -1 -1 -1 -1 -1 -111 -96 -111 -75 -45 -126 -128 0 18 12 2 0 -128 -53 -14 -1 -1 -1 -1 -1 -1 -1 -1 96 -1 -1 -1 -1 -1 -1 -1 -1 -1 -1 -1 -1 -4 -42 -128 -128 0 16 32 62 87 97 73 41 7 -128 -14 -1 -1 -1 -1 -1 -1 -1 -1 -1 -1 -1 -1 -1 -1 -1 -1 -1 -1 -1 -1 -1 -1 -1 -1 -1 -1 -1 -1 -1 -1 -1 -1 -1 -1 -1 -1 -1 -1 -1 -1 -1 -1 -1 -1 -1 -1 -1 -1 -1 -1 -1 -1 -1 -1 -1 -1 -1 -1 -1 -1 -1 -1 -1 -1 -1 -1 -1 -1 -1 -1 -1 -1 -1 -1 -1 -1 -1 -1 -1 -1 -1 -1 -1 -1 -1 -1 -1 -1 -1 -1 -1 -1 -1 -1 -1 -1 -1 -1 -1 -1 -1 -1 -1 -1 -1 -1 -1 -1 -1 -1 -1 -1 -1 -1 -1 -1 -1 -1 -1 -1 -1 -1 -1 -1 -1 -1 -1 -1 -1 -1 -1 -1 -1 -1 -1 -1 -1 -1 -1 -1 -1 -1 -1 -1 -1 -1 -1 -1 -1 -1 -1 -1 -1 -1 -1 -1 -1 -1 -1 -1 -1 -1 -1 -1 -1 -1 -1 -1 -1 -1 -1 -1 -1 -1 -1 -1 -1 -1 -1 -1 -1 -1 -1 -1 -1 -1 -1 -1 -1 -1 -1 -1 -1 -1 -1 -1 -1 -1 -1 -1 -1 -1 -1 -1 -1 -1 -1 -1 -1 -1 -1 -1 -1 -1 -1 -2 -2 -2 -3 -3 -3 -4 -4 -4 -4 -4 -4 -4 -4 -4 -4 -4 -4 -4 -4 -4 -4 -4 -4 -4 -4 -4 -4 -4 -4 -4 -4 -4 -4 -4 -4 -4 -4 -4 -4 -4 -4 -4 -4 -4 -4 -4 -4 -4 -4 -4 -4 -4 -4 -4 -4 -4 -4 -4 -4 -4 -4 -4 -4 -4 -4 -4 -4 -4 -4 -4 -4 -4 -4 -4 -4 -4 -4 -4 -4 -4 -4 -4 -4 -4 -4 -6 -6 -6 -6 -6 -6 -6 -4 -4 -4 -4 -4 -9 -14 -14 -14 -14 -14 -14 -16 -16 -16 -16 -16 -17 -21 -21 -21 -28 -28 -28 -28 -28 -28 -28 -28 -28 -28 -28 -28 -28 -28 -28 -32 -35 -35 -36 -39 -39 -37 -37 -37 -37 -37 -37 -37 -37 -37 -37 -37 -37 -37 -40 -40 -40
-1 -1 -1 -1 -1 -1 -1 -1 -1 -1 -1 -1 -1 -1 -1 -1 -1 -1 -1 -1 -1 -1 -1 -1 -1 -1 -1 -1 -1 -1 -1 -1 -1 -1 -1 -1 -1 -1 -1 -1 -1 -1 -1 -1 -1 -12 -13 -1 -1 -1 -1 -1 -1 -1 -1 -1 -12 -128 -108 -1 -1 -1 -1 -1 -1 -1 -1 -1 -1 -1 -1 -17 -36 -1 -1 -1 -1 -1 -1 -1 -1 -1 -1 -1 -1 -1 -1 -1 -1 -1 -1 -1 -1 -1 -1 -1 -128 -75 -3 -1 -70 -27 -107 0 0 -128 -106 -93 -1 -1 -1 -1 -1 -1 -1 -1 -1 -1 -1 -1 -1 -1 -1 -1 -1 -1 -1 -1 -1 -1 -1 -1 -1 -1 -128 -122 0 26 47 70 87 72 54 10 -119 -1 -1 -1 -1 -1 -1 -1 -1 -1 -1 -1 -1 -1 -1 -1 -1 -1 -1 -1 -1 -1 -1 -1 -1 -1 -1 -1 -1 -1 -1 -1 -1 -1 -1 -1 -1 -1 -1 -1 -1 -1 -1 -1 -1 -1 -1 -1 -1 -1 -1 -1 -1 -1 -1 -1 -1 -1 -1 -1 -1 -1 -1 -1 -1 -1 -1 -1 -1 -1 -1 -1 -1 -1 -1 -1 -1 -1 -1 -1 -1 -1 -1 -1 -1 -1 -1 -1 -1 -1 -1 -1 -1 -1 -1 -1 -1 -1 -1 -1 -1 -1 -1 -1 -1 -1 -1 -1 -1 -1 -1 -1 -1 -1 -1 -1 -1 -1 -1 -1 -1 -1 -1 -1 -1 -1 -1 -1 -1 -1 -1 -1 -1 -1 -1 -1 -1 -1 -1 -1 -1 -1 -1 -1 -1 -1 -1 -1 -1 -1 -1 -1 -1 -1 -1 -1 -1 -1 -1 -1 -1 -1 -1 -1 -1 -1 -1 -1 -1 -1 -1 -1 -1 -1 -1 -1 -1 -1 -1 -1 -1 -1 -1 -1 -1 -1 -1 -1 -1 -1 -1 -1 -1 -1 -1 -1 -1 -1 -1 -1 -1 -1 -1 -1 -1 -1 -1 -1 -1 -1 -1 -1 -1 -1 -1 -1 -1 -3 -3 -3 -3 -4 -4 -4 -4 -4 -4 -4 -4 -4 -4 -4 -4 -4 -4 -4 -4 -4 -4 -4 -4 -4 -4 -4 -4 -4 -4 -4 -4 -4 -4 -4 -4 -4 -4 -4 -4 -4 -4 -4 -4 -4 -4 -4 -4 -4 -4 -4 -4 -4 -4 -4 -4 -4 -4 -4 -4 -4 -4 -4 -4 -4 -4 -4 -4 -3 -3 -3 -3 -3 -4 -6 -4 -4 -4 -4 -6 -4 -6 -6 -6 -6 -6 -7 -7 -7 -7 -7 -6 -6 -4 -6 -6 -7 -6 -11 -14 -13 -13 -14 -14 -16 -18 -18 -18 -18 -18 -20 -22 -22 -22 -28 -28 -28 -28 -28 -28 -28 -28 -28 -27 -27 -27 -28 -28 -28 -34 -36 -36 -37 -39 -39 -37 -37 -37 -37 -37 -37 -37 -37 -37 -37 -37 -37 -37 -40 -40 -40
-1 -1 -1 -1 -1 -1 -1 -1 -1 -1 -1 -1 -1 -1 -1 -1 -1 -1 -1 -1 -1 -1 -1 -1 -1 -1 -1 -1 -1 -1 -1 -1 -1 -1 -1 -1 -1 -1 -1 -1 -1 -1 -1 -1 -1 -1 -27 -9 -1 -1 -1 -1 -1 -1 -1 -1 -1 -128 -110 -128 -28 -26 -1 -1 -1 -1 -1 -128 -92 -1 97 -11 -1 -1 -1 -1 -1 -1 -1 -1 -1 -1 -1 -1 -1 -1 -1 -1 -1 -1 -1 -1 -1 -1 -1 -1 -1 -1 -1 -1 -1 -1 -81 -128 -119 -98 -1 -1 -1 -1 -1 -1 -1 -1 -1 -1 -1 -1 -1 -1 -1 -1 -1 -1 -1 -1 -1 -1 -1 -1 -1 -1 -1 -1 -12 -14 -128 22 49 60 79 88 72 36 0 -65 94 -1 -1 -1 -1 -1 -1 -1 -1 -1 -1 -1 -1 -1 -1 -1 -1 -1 -1 -1 -1 -1 -1 -1 -1 -1 -1 -1 -1 -1 -1 -1 -1 -1 -1 -1 -1 -1 -1 -1 -1 -1 -1 -1 -1 -1 -1 -1 -1 -1 -1 -1 -1 -1 -1 -1 -1 -1 -1 -1 -1 -1 -1 -1 -1 -1 -1 -1 -1 -1 -1 -1 -1 -1 -1 -1 -1 -1 -1 -1 -1 -1 -1 -1 -1 -1 -1 -1 -1 -1 -1 -1 -1 -1 -1 -1 -1 -1 -1 -1 -1 -1 -1 -1 -1 -1 -1 -1 -1 -1 -1 -1 -1 -1 -1 -1 -1 -1 -1 -1 -1 -1 -1 -1 -1 -1 -1 -1 -1 -1 -1 -1 -1 -1 -1 -1 -1 -1 -1 -1 -1 -1 -1 -1 -1 -1 -1 -1 -1 -1 -1 -1 -1 -1 -1 -1 -1 -1 -1 -1 -1 -1 -1 -1 -1 -1 -1 -1 -1 -1 -1 -1 -1 -1 -1 -1 -1 -1 -1 -1 -1 -1 -1 -1 -1 -1 -1 -1 -1 -1 -1 -1 -1 -1 -1 -1 -1 -1 -1 -1 -1 -1 -1 -1 -1 -1 -1 -1 -1 -1 -1 -1 -1 -1 -1 -3 -3 -3 -4 -4 -4 -4 -4 -4 -4 -4 -4 -4 -4 -4 -4 -4 -4 -4 -4 -4 -4 -4 -4 -4 -4 -4 -4 -4 -4 -4 -4 -4 -4 -4 -4 -4 -4 -4 -4 -4 -4 -4 -4 -4 -4 -4 -4 -4 -4 -4 -4 -4 -4 -4 -4 -4 -4 -4 -4 -4 -4 -4 -4 -4 -4 -4 -4 -4 -4 -4 -4 -4 -4 -8 -7 -7 -6 -6 -6 -8 -7 -7 -8 -11 -11 -12 -12 -12 -11 -12 -11 -11 -9 -8 -11 -13 -13 -14 -16 -14 -13 -16 -16 -18 -27 -26 -26 -26 -26 -26 -28 -28 -28 -28 -28 -28 -28 -28 -28 -28 -28 -28 -28 -28 -28 -32 -35 -36 -37 -39 -40 -40 -40 -40 -40 -40 -40 -40 -40 -40 -40 -40 -40 -40 -40 -40 -40 -40 -40 -40
-1 -1 -1 -1 -1 -1 -1 -1 -1 -1 -1 -1 -1 -1 -1 -1 -1 -1 -1 -1 -1 -1 -1 -1 -1 -1 -1 -1 -1 -1 -1 -1 -1 -1 -1 -1 -1 -1 -1 -1 -1 -1 -1 -1 -1 -1 -54 -128 -37 -1 -1 -1 -1 -1 -1 -1 -1 -124 9 0 -128 -105 -1 -1 -1 -1 -1 -31 -68 -1 97 -1 -1 -1 -1 -1 -1 -1 -1 -1 -1 -1 -1 -1 -1 -1 -1 -1 -1 -1 -1 -1 -1 -1 -1 -1 -1 -1 -1 -1 -1 -1 -1 -1 -4 -1 -1 -1 -1 -1 -1 -1 -1 -1 -1 -1 -1 -1 -1 -1 -1 -1 -1 -1 -1 -1 -1 -1 -1 -1 -1 -1 -1 -1 -1 -96 0 32 49 48 68 88 89 55 0 -94 -1 -1 -1 -1 -1 -1 -1 -1 -1 -1 -1 -1 -1 -1 -1 -1 -1 -1 -1 -1 -1 -1 -1 -1 -1 -1 -1 -1 -1 -1 -1 -1 -1 -1 -1 -1 -1 -1 -1 -1 -1 -1 -1 -1 -1 -1 -1 -1 -1 -1 -1 -1 -1 -1 -1 -1 -1 -1 -1 -1 -1 -1 -1 -1 -1 -1 -1 -1 -1 -1 -1 -1 -1 -1 -1 -1 -1 -1 -1 -1 -1 -1 -1 -1 -1 -1 -1 -1 -1 -1 -1 -1 -1 -1 -1 -1 -1 -1 -1 -1 -1 -1 -1 -1 -1 -1 -1 -1 -1 -1 -1 -1 -1 -1 -1 -1 -1 -1 -1 -1 -1 -1 -1 -1 -1 -1 -1 -1 -1 -1 -1 -1 -1 -1 -1 -1 -1 -1 -1 -1 -1 -1 -1 -1 -1 -1 -1 -1 -1 -1 -1 -1 -1 -1 -1 -1 -1 -1 -1 -1 -1 -1 -1 -1 -1 -1 -1 -1 -1 -1 -1 -1 -1 -1 -1 -1 -1 -1 -1 -1 -1 -1 -1 -1 -1 -1 -1 -1 -1 -1 -1 -1 -1 -1 -1 -1 -1 -1 -1 -1 -1 -1 -1 -1 -1 -1 -1 -1 -1 -1 -1 -1 -1 -1 -1 -3 -3 -3 -3 -3 -4 -4 -4 -4 -4 -4 -4 -4 -4 -4 -4 -4 -4 -4 -4 -4 -4 -4 -4 -4 -4 -4 -4 -4 -4 -4 -4 -4 -4 -4 -4 -4 -4 -4 -4 -4 -4 -4 -4 -4 -4 -4 -4 -4 -4 -4 -4 -4 -4 -4 -4 -4 -4 -4 -4 -4 -4 -4 -4 -4 -4 -4 -4 -3 -3 -3 -3 -4 -4 -7 -7 -7 -6 -6 -6 -7 -7 -7 -9 -12 -9 -12 -12 -13 -12 -11 -12 -11 -9 -9 -11 -12 -12 -13 -14 -14 -14 -16 -16 -18 -26 -26 -26 -26 -26 -26 -28 -28 -28 -28 -28 -28 -28 -28 -28 -28 -28 -28 -27 -27 -27 -34 -35 -35 -37 -39 -39 -40 -40 -40 -40 -40 -40 -40 -40 -40 -40 -40 -40 -40 -40 -40 -40 -40 -40 -40
-1 -1 -1 -1 -1 -1 -1 -1 -1 -1 -1 -1 -1 -1 -1 -1 -1 -1 -1 -1 -1 -1 -1 -1 -1 -1 -1 -1 -1 -1 -1 -1 -1 -1 -1 -1 -1 -1 -1 -1 -1 -1 -1 -1 -1 -4 -128 -128 -7 -1 -1 -37 -75 -1 -1 -1 -27 -128 13 35 14 -116 -47 -1 -1 -1 -1 -1 -1 -1 -1 -1 -1 -1 -1 -1 -1 -1 -1 -1 -1 -1 -1 -1 -1 -1 -1 -1 -1 -1 -1 -1 -1 -1 -1 -1 -1 -1 -1 -1 -1 -1 -1 -1 -1 -1 -1 -1 -1 -1 -1 -1 -1 -1 -1 -1 -1 -1 -1 -1 -1 -1 -1 -1 -1 -1 -1 -1 -1 -1 -1 -1 -1 -1 -3 -128 8 15 18 14 47 64 67 59 2 -112 -1 -1 -1 -1 -1 -1 -1 -1 -1 -1 -1 -1 -1 -1 -1 -1 -1 -1 -1 -1 -1 -1 -1 -1 -1 -1 -1 -1 -1 -1 -1 -1 -1 -1 -1 -1 -1 -1 -1 -1 -1 -1 -1 -1 -1 -1 -1 -1 -1 -1 -1 -1 -1 -1 -1 -1 -1 -1 -1 -1 -1 -1 -1 -1 -1 -1 -1 -1 -1 -1 -1 -1 -1 -1 -1 -1 -1 -1 -1 -1 -1 -1 -1 -1 -1 -1 -1 -1 -1 -1 -1 -1 -1 -1 -1 -1 -1 -1 -1 -1 -1 -1 -1 -1 -1 -1 -1 -1 -1 -1 -1 -1 -1 -1 -1 -1 -1 -1 -1 -1 -1 -1 -1 -1 -1 -1 -1 -1 -1 -1 -1 -1 -1 -1 -1 -1 -1 -1 -1 -1 -1 -1 -1 -1 -1 -1 -1 -1 -1 -1 -1 -1 -1 -1 -1 -1 -1 -1 -1 -1 -1 -1 -1 -1 -1 -1 -1 -1 -1 -1 -1 -1 -1 -1 -1 -1 -1 -1 -1 -1 -1 -1 -1 -1 -1 -1 -1 -1 -1 -1 -1 -1 -1 -1 -1 -1 -1 -1 -1 -1 -1 -1 -1 -1 -1 -1 -1 -1 -1 -1 -1 -1 -1 -1 -1 -3 -3 -3 -3 -3 -4 -4 -4 -4 -4 -4 -4 -4 -4 -4 -4 -4 -4 -4 -4 -4 -4 -4 -4 -4 -4 -4 -4 -4 -4 -4 -4 -4 -4 -4 -4 -4 -4 -4 -4 -4 -4 -4 -4 -4 -4 -4 -4 -4 -4 -4 -4 -4 -4 -4 -4 -4 -4 -4 -4 -4 -4 -4 -4 -4 -4 -4 -4 -3 -3 -3 -4 -4 -3 -7 -7 -7 -6 -4 -6 -7 -8 -7 -9 -11 -9 -11 -12 -12 -11 -11 -11 -11 -9 -8 -11 -13 -13 -13 -14 -16 -14 -17 -16 -18 -27 -26 -27 -27 -27 -27 -28 -28 -28 -28 -28 -28 -28 -28 -28 -28 -28 -28 -27 -27 -26 -34 -35 -34 -37 -39 -40 -40 -40 -40 -40 -40 -40 -40 -40 -40 -40 -40 -40 -40 -40 -40 -40 -40 -40 -40
-1 -1 -1 -1 -1 -1 -1 -1 -1 -1 -1 -1 -1 -1 -1 -1 -1 -1 -1 -1 -1 -1 -1 -1 -1 -1 -1 -1 -1 -1 -1 -1 -1 -1 -1 -1 -1 -1 -1 -1 -1 -1 -1 -1 -1 -11 -75 -1 -1 -1 -1 -1 -1 -1 -1 -51 -106 0 45 77 47 -117 -42 -1 -1 -1 -1 -1 -1 -1 -1 -1 -1 -1 -1 -1 -1 -1 -1 -1 -1 -1 -1 -1 -1 -1 -1 -1 -1 -1 -1 -1 -1 -1 -1 -1 -1 -1 -1 -1 -1 -1 -1 -1 -1 -1 -1 -1 -1 -1 -1 -1 -1 -1 -1 -1 -1 -1 -1 -1 -1 -1 -1 -1 -1 -1 -1 -1 -1 -1 -1 -1 -1 -1 -25 -128 -128 -128 -128 -128 0 25 31 38 22 -128 -42 -1 -1 -1 -1 -1 -1 -1 -1 -1 -1 -1 -1 -1 -1 -1 -1 -1 -1 -1 -1 -1 -1 -1 -1 -1 -1 -1 -1 -1 -1 -1 -1 -1 -1 -1 -1 -1 -1 -1 -1 -1 -1 -1 -1 -1 -1 -1 -1 -1 -1 -1 -1 -1 -1 -1 -1 -1 -1 -1 -1 -1 -1 -1 -1 -1 -1 -1 -1 -1 -1 -1 -1 -1 -1 -1 -1 -1 -1 -1 -1 -1 -1 -1 -1 -1 -1 -1 -1 -1 -1 -1 -1 -1 -1 -1 -1 -1 -1 -1 -1 -1 -1 -1 -1 -1 -1 -1 -1 -1 -1 -1 -1 -1 -1 -1 -1 -1 -1 -1 -1 -1 -1 -1 -1 -1 -1 -1 -1 -1 -1 -1 -1 -1 -1 -1 -1 -1 -1 -1 -1 -1 -1 -1 -1 -1 -1 -1 -1 -1 -1 -1 -1 -1 -1 -1 -1 -1 -1 -1 -1 -1 -1 -1 -1 -1 -1 -1 -1 -1 -1 -1 -1 -1 -1 -1 -1 -1 -1 -1 -1 -1 -1 -1 -1 -1 -1 -1 -1 -1 -1 -1 -1 -1 -1 -1 -1 -1 -1 -1 -1 -1 -1 -1 -1 -1 -1 -1 -1 -1 -1 -1 -1 -2 -2 -4 -4 -3 -4 -4 -4 -4 -4 -4 -4 -4 -4 -4 -4 -4 -4 -4 -4 -4 -4 -4 -4 -4 -4 -4 -4 -4 -4 -4 -4 -4 -4 -4 -4 -4 -4 -4 -4 -4 -4 -4 -4 -4 -4 -4 -4 -4 -4 -4 -4 -4 -4 -4 -4 -4 -4 -4 -4 -4 -4 -4 -4 -4 -4 -6 -7 -7 -8 -9 -9 -9 -11 -9 -9 -12 -12 -12 -12 -11 -12 -13 -13 -12 -13 -13 -14 -16 -16 -14 -13 -13 -13 -13 -12 -13 -13 -14 -14 -16 -17 -17 -17 -23 -23 -23 -27 -28 -28 -28 -28 -28 -28 -28 -28 -28 -28 -28 -28 -28 -28 -28 -28 -28 -31 -31 -30 -37 -37 -39 -39 -39 -40 -40 -40 -40 -40 -40 -40 -40 -40 -40 -40 -40 -40 -40 -40 -40 -40 -40 -40 -40
-1 -1 -1 -1 -1 -1 -1 -1 -1 -1 -1 -1 -1 -1 -1 -1 -1 -1 -1 -1 -1 -1 -1 -1 -1 -1 -1 -1 -1 -1 -1 -1 -1 -1 -1 -1 -1 -1 -1 -1 -1 -1 -1 -1 -1 -1 -1 -1 -1 -1 -1 -1 -1 -1 -1 -106 -128 32 78 79 35 -102 -1 -1 -1 -1 -1 -1 -1 -1 -1 -1 -1 -1 -1 -1 -1 -1 -1 -1 -1 -1 -1 -1 -1 -1 -1 -1 -1 -1 -1 -1 -1 -1 -1 -1 -1 -1 -1 -1 -1 -1 -1 -1 -1 -1 -1 -1 -1 -1 -1 -1 -1 -1 -1 -1 -1 -1 -1 -1 -1 -1 -1 -1 -1 -1 -1 -1 -1 -1 -1 -1 -1 -1 -2 -105 -64 -42 -55 -102 -128 0 8 13 13 -122 -56 -1 -1 -1 -1 -1 -1 -1 -1 -1 -1 -1 -1 -1 -1 -1 -1 -1 -1 -1 -1 -1 -1 -1 -1 -1 -1 -1 -1 -1 -1 -1 -1 -1 -1 -1 -1 -1 -1 -1 -1 -1 -1 -1 -1 -1 -1 -1 -1 -1 -1 -1 -1 -1 -1 -1 -1 -1 -1 -1 -1 -1 -1 -1 -1 -1 -1 -1 -1 -1 -1 -1 -1 -1 -1 -1 -1 -1 -1 -1 -1 -1 -1 -1 -1 -1 -1 -1 -1 -1 -1 -1 -1 -1 -1 -1 -1 -1 -1 -1 -1 -1 -1 -1 -1 -1 -1 -1 -1 -1 -1 -1 -1 -1 -1 -1 -1 -1 -1 -1 -1 -1 -1 -1 -1 -1 -1 -1 -1 -1 -1 -1 -1 -1 -1 -1 -1 -1 -1 -1 -1 -1 -1 -1 -1 -1 -1 -1 -1 -1 -1 -1 -1 -1 -1 -1 -1 -1 -1 -1 -1 -1 -1 -1 -1 -1 -1 -1 -1 -1 -1 -1 -1 -1 -1 -1 -1 -1 -1 -1 -1 -1 -1 -1 -1 -1 -1 -1 -1 -1 -1 -1 -1 -1 -1 -1 -1 -1 -1 -1 -1 -1 -1 -1 -1 -1 -1 -1 -1 -1 -1 -1 -2 -2 -3 -4 -4 -4 -4 -4 -4 -4 -4 -4 -4 -4 -4 -4 -4 -4 -4 -4 -4 -4 -4 -4 -4 -4 -4 -4 -4 -4 -4 -4 -4 -4 -4 -4 -4 -4 -4 -4 -4 -4 -4 -4 -4 -4 -4 -4 -4 -4 -4 -4 -4 -4 -4 -4 -4 -4 -4 -4 -4 -4 -4 -4 -4 -4 -4 -6 -7 -7 -8 -12 -11 -11 -12 -13 -12 -14 -14 -13 -14 -14 -14 -14 -14 -14 -14 -14 -14 -14 -14 -14 -13 -13 -13 -13 -14 -14 -14 -14 -14 -16 -16 -16 -20 -27 -27 -27 -28 -28 -28 -28 -28 -28 -28 -28 -28 -28 -27 -28 -27 -27 -27 -28 -28 -28 -32 -31 -30 -39 -40 -40 -40 -40 -40 -40 -40 -40 -40 -40 -40 -40 -40 -40 -40 -40 -40 -40 -40 -40 -40 -40 -40 -40
-1 -1 -1 -1 -1 -1 -1 -1 -1 -1 -1 -1 -1 -1 -1 -1 -1 -1 -1 -1 -1 -1 -1 -1 -1 -1 -1 -1 -1 -1 -1 -1 -1 -1 -1 -1 -1 -1 -1 -1 -1 -1 -1 -1 -1 -1 -1 -1 -1 -1 -1 -1 -1 -1 -1 -1 -115 0 52 70 35 -119 -1 -1 -1 -1 -1 -1 -1 -1 -1 -1 -1 -1 -1 -1 -1 -1 -1 -1 -1 -1 -1 -1 -1 -1 -1 -1 -1 -1 -1 -1 -1 -1 -1 -1 -1 -1 -1 -1 -1 -1 -1 -1 -1 -1 -1 -1 -1 -1 -1 -1 -1 -1 -1 -1 -1 -1 -1 -1 -1 -1 -1 -1 -1 -1 -1 -1 -1 -1 -1 -1 -1 -1 -1 -1 -1 -1 -1 -1 -8 -128 -125 -128 -128 -128 -11 -1 96 -1 -1 -1 -1 -1 -1 -1 -1 -1 -1 -1 -1 -1 -1 -1 -1 -1 -1 -1 -1 -1 -1 -1 -1 -1 -1 -1 -1 -1 -1 -1 -1 -1 -1 -1 -1 -1 -1 -1 -1 -1 -1 -1 -1 -1 -1 -1 -1 -1 -1 -1 -1 -1 -1 -1 -1 -1 -1 -1 -1 -1 -1 -1 -1 -1 -1 -1 -1 -1 -1 -1 -1 -1 -1 -1 -1 -1 -1 -1 -1 -1 -1 -1 -1 -1 -1 -1 -1 -1 -1 -1 -1 -1 -1 -1 -1 -1 -1 -1 -1 -1 -1 -1 -1 -1 -1 -1 -1 -1 -1 -1 -1 -1 -1 -1 -1 -1 -1 -1 -1 -1 -1 -1 -1 -1 -1 -1 -1 -1 -1 -1 -1 -1 -1 -1 -1 -1 -1 -1 -1 -1 -1 -1 -1 -1 -1 -1 -1 -1 -1 -1 -1 -1 -1 -1 -1 -1 -1 -1 -1 -1 -1 -1 -1 -1 -1 -1 -1 -1 -1 -1 -1 -1 -1 -1 -1 -1 -1 -1 -1 -1 -1 -1 -1 -1 -1 -1 -1 -1 -1 -1 -1 -1 -1 -1 -1 -1 -1 -1 -1 -1 -1 -1 -1 -1 -1 -1 -1 -1 -2 -2 -2 -4 -4 -4 -4 -4 -4 -4 -4 -4 -4 -4 -4 -4 -4 -4 -4 -4 -4 -4 -4 -4 -4 -4 -4 -4 -4 -4 -4 -4 -4 -4 -4 -4 -4 -4 -4 -4 -4 -4 -4 -4 -4 -4 -4 -4 -4 -4 -4 -4 -4 -4 -4 -4 -4 -4 -4 -4 -4 -4 -4 -4 -4 -4 -4 -6 -7 -7 -8 -12 -11 -11 -12 -13 -12 -14 -13 -14 -14 -14 -14 -14 -14 -14 -14 -14 -14 -14 -14 -14 -13 -13 -13 -13 -14 -14 -14 -14 -14 -16 -16 -16 -20 -27 -27 -27 -28 -28 -28 -28 -28 -28 -28 -28 -28 -28 -28 -28 -28 -27 -28 -28 -28 -28 -32 -31 -31 -39 -40 -40 -40 -40 -40 -40 -40 -40 -40 -40 -40 -40 -40 -40 -40 -40 -40 -40 -40 -40 -40 -40 -40 -40
-1 -1 -1 -1 -1 -1 -1 -1 -1 -1 -1 -1 -1 -1 -1 -1 -1 -1 -1 -1 -1 -1 -1 -1 -1 -1 -1 -1 -1 -1 -1 -1 -1 -1 -1 -1 -1 -1 -1 -1 -1 -1 -1 -1 -1 -1 -1 -1 -1 -1 -1 -1 -1 -1 -1 -1 -1 -126 0 55 72 0 -117 -1 -1 -1 -1 -1 -1 -1 -1 -1 -1 -1 -1 -1 -1 -1 -1 -1 -1 -1 -1 -1 -1 -1 -1 -1 -1 -1 -1 -1 -1 -1 -1 -1 -1 -1 -1 -1 -1 -1 -1 -1 -1 -1 -1 -1 -1 -1 -1 -1 -1 -1 -1 -1 -1 -1 -1 -1 -1 -1 -1 -1 -1 -1 -1 -1 -1 -1 -1 -1 -1 -1 -1 -1 -1 -1 -1 -1 -1 -8 -54 -46 -72 -6 -1 -1 -1 -1 -1 -1 -1 -1 -1 -1 -1 -1 -1 -1 -1 -1 -1 -1 -1 -1 -1 -1 -1 -1 -1 -1 -1 -1 -1 -1 -1 -1 -1 -1 -1 -1 -1 -1 -1 -1 -1 -1 -1 -1 -1 -1 -1 -1 -1 -1 -1 -1 -1 -1 -1 -1 -1 -1 -1 -1 -1 -1 -1 -1 -1 -1 -1 -1 -1 -1 -1 -1 -1 -1 -1 -1 -1 -1 -1 -1 -1 -1 -1 -1 -1 -1 -1 -1 -1 -1 -1 -1 -1 -1 -1 -1 -1 -1 -1 -1 -1 -1 -1 -1 -1 -1 -1 -1 -1 -1 -1 -1 -1 -1 -1 -1 -1 -1 -1 -1 -1 -1 -1 -1 -1 -1 -1 -1 -1 -1 -1 -1 -1 -1 -1 -1 -1 -1 -1 -1 -1 -1 -1 -1 -1 -1 -1 -1 -1 -1 -1 -1 -1 -1 -1 -1 -1 -1 -1 -1 -1 -1 -1 -1 -1 -1 -1 -1 -1 -1 -1 -1 -1 -1 -1 -1 -1 -1 -1 -1 -1 -1 -1 -1 -1 -1 -1 -1 -1 -1 -1 -1 -1 -1 -1 -1 -1 -1 -1 -1 -1 -1 -1 -1 -1 -1 -1 -1 -1 -1 -1 -1 -2 -2 -2 -4 -4 -4 -4 -4 -4 -4 -4 -4 -4 -4 -4 -4 -4 -4 -4 -4 -4 -4 -4 -4 -4 -4 -4 -4 -4 -4 -4 -4 -4 -4 -4 -4 -4 -4 -4 -4 -4 -4 -4 -4 -4 -4 -4 -4 -4 -4 -4 -4 -4 -4 -4 -4 -4 -4 -4 -4 -4 -4 -4 -4 -4 -6 -6 -6 -7 -7 -8 -12 -11 -11 -12 -12 -12 -13 -13 -13 -13 -13 -13 -14 -14 -14 -14 -14 -14 -14 -14 -14 -13 -13 -13 -13 -14 -14 -14 -16 -16 -16 -16 -16 -20 -26 -27 -27 -28 -28 -28 -28 -28 -28 -28 -28 -28 -28 -28 -28 -28 -28 -28 -28 -28 -28 -32 -32 -32 -39 -40 -40 -40 -40 -40 -40 -40 -40 -40 -40 -40 -40 -40 -40 -40 -40 -40 -40 -40 -40 -40 -40 -40 -40
-1 -1 -1 -1 -1 -1 -1 -1 -1 -1 -1 -1 -1 -1 -1 -1 -1 -1 -1 -1 -1 -1 -1 -1 -1 -1 -1 -1 -1 -1 -1 -1 -1 -1 -1 -1 -1 -1 -1 -1 -1 -1 -1 -1 -1 -1 -1 -1 -1 -1 -1 -1 -1 -1 -1 -1 -1 -78 0 38 12 -128 -126 -1 -1 -1 -1 -1 -1 -1 -1 -1 -1 -1 -1 -1 -1 -1 -1 -1 -1 -1 -1 -1 -1 -1 -1 -1 -1 -1 -1 -1 -1 -1 -1 -1 -1 -1 -1 -1 -1 -1 -1 -1 -1 -1 -1 -1 -1 -1 -1 -1 -1 -1 -1 -1 -1 -1 -1 -1 -1 -1 -1 -1 -1 -1 -1 -1 -1 -1 -1 -1 -1 -1 -1 -1 -1 -1 -1 -1 -1 -1 -1 -1 96 -1 -1 -1 -1 -1 -1 -1 -1 -1 -1 -1 -1 -1 -1 -1 -1 -1 -1 -1 -1 -1 -1 -1 -1 -1 -1 -1 -1 -1 -1 -1 -1 -1 -1 -1 -1 -1 -1 -1 -1 -1 -1 -1 -1 -1 -1 -1 -1 -1 -1 -1 -1 -1 -1 -1 -1 -1 -1 -1 -1 -1 -1 -1 -1 -1 -1 -1 -1 -1 -1 -1 -1 -1 -1 -1 -1 -1 -1 -1 -1 -1 -1 -1 -1 -1 -1 -1 -1 -1 -1 -1 -1 -1 -1 -1 -1 -1 -1 -1 -1 -1 -1 -1 -1 -1 -1 -1 -1 -1 -1 -1 -1 -1 -1 -1 -1 -1 -1 -1 -1 -1 -1 -1 -1 -1 -1 -1 -1 -1 -1 -1 -1 -1 -1 -1 -1 -1 -1 -1 -1 -1 -1 -1 -1 -1 -1 -1 -1 -1 -1 -1 -1 -1 -1 -1 -1 -1 -1 -1 -1 -1 -1 -1 -1 -1 -1 -1 -1 -1 -1 -1 -1 -1 -1 -1 -1 -1 -1 -1 -1 -1 -1 -1 -1 -1 -1 -1 -1 -1 -1 -1 -1 -1 -1 -1 -1 -1 -1 -1 -1 -1 -1 -1 -1 -1 -1 -1 -2 -2 -3 -3 -4 -3 -4 -4 -4 -4 -4 -4 -4 -4 -4 -4 -4 -4 -4 -4 -4 -4 -4 -4 -4 -4 -4 -4 -4 -4 -4 -4 -4 -4 -4 -4 -4 -4 -4 -4 -4 -4 -4 -4 -4 -4 -4 -4 -4 -4 -4 -4 -4 -4 -4 -4 -4 -4 -4 -4 -4 -4 -4 -4 -4 -4 -4 -4 -4 -4 -7 -8 -7 -8 -8 -8 -9 -13 -12 -13 -14 -14 -14 -16 -16 -16 -16 -16 -14 -14 -14 -14 -14 -14 -14 -14 -16 -14 -11 -8 -9 -9 -16 -14 -18 -21 -21 -23 -27 -27 -27 -28 -28 -28 -28 -28 -28 -28 -28 -28 -28 -28 -28 -28 -28 -27 -30 -30 -30 -32 -32 -32 -40 -40 -40 -40 -40 -40 -40 -40 -40 -40 -40 -40 -40 -40 -40 -40 -40 -40 -40 -40 -40 -40 -40 -40 -40 -40 -40 -40
-1 -1 -1 -1 -1 -1 -1 -1 -1 -1 -1 -1 -1 -1 -1 -1 -1 -1 -1 -1 -1 -1 -1 -1 -1 -1 -1 -1 -1 -1 -1 -1 -1 -1 -1 -1 -1 -1 -1 -1 -1 -1 -1 -1 -1 -1 -1 -1 -1 -1 -1 -1 -1 -1 -9 -37 -45 -120 -107 -126 -114 -30 -12 -1 -1 -1 -1 -1 -1 -1 -1 -1 -1 -1 -1 -1 -1 -1 -1 -1 -1 -1 -1 -1 -1 -1 -1 -1 -1 -1 -1 -1 -1 -1 -1 -1 -1 -1 -1 -1 -1 -1 -1 -1 -1 -1 -1 -1 -1 -1 -1 -1 -1 -1 -1 -1 -1 -1 -1 -1 -1 -1 -1 -1 -1 -1 -1 -1 -1 -1 -1 -1 -1 -1 -1 -1 -1 -1 -1 -1 -1 -1 -1 -1 -1 -1 -1 -1 -1 -1 -1 -1 -1 -1 -1 -1 -1 -1 -1 -1 -1 -1 -1 -1 -1 -1 -1 -1 -1 -1 -1 -1 -1 -1 -1 -1 -1 -1 -1 -1 -1 -1 -1 -1 -1 -1 -1 -1 -1 -1 -1 -1 -1 -1 -1 -1 -1 -1 -1 -1 -1 -1 -1 -1 -1 -1 -1 -1 -1 -1 -1 -1 -1 -1 -1 -1 -1 -1 -1 -1 -1 -1 -1 -1 -1 -1 -1 -1 -1 -1 -1 -1 -1 -1 -1 -1 -1 -1 -1 -1 -1 -1 -1 -1 -1 -1 -1 -1 -1 -1 -1 -1 -1 -1 -1 -1 -1 -1 -1 -1 -1 -1 -1 -1 -1 -1 -1 -1 -1 -1 -1 -1 -1 -1 -1 -1 -1 -1 -1 -1 -1 -1 -1 -1 -1 -1 -1 -1 -1 -1 -1 -1 -1 -1 -1 -1 -1 -1 -1 -1 -1 -1 -1 -1 -1 -1 -1 -1 -1 -1 -1 -1 -1 -1 -1 -1 -1 -1 -1 -1 -1 -1 -1 -1 -1 -1 -1 -1 -1 -1 -1 -1 -1 -1 -1 -1 -1 -1 -1 -1 -1 -1 -1 -1 -1 -1 -1 -1 -1 -1 -1 -1 -2 -2 -3 -4 -3 -4 -4 -4 -4 -4 -4 -4 -4 -4 -4 -4 -4 -4 -4 -4 -4 -4 -4 -4 -4 -4 -4 -4 -4 -4 -4 -4 -4 -4 -4 -4 -4 -4 -4 -4 -4 -4 -4 -4 -4 -4 -4 -4 -4 -4 -4 -4 -4 -4 -4 -4 -4 -4 -4 -4 -4 -4 -4 -4 -4 -4 -4 -4 -4 -4 -6 -7 -7 -7 -8 -8 -9 -12 -12 -12 -13 -14 -16 -16 -14 -14 -14 -14 -14 -14 -14 -14 -14 -14 -14 -14 -14 -16 -11 -8 -9 -11 -14 -14 -17 -21 -21 -25 -27 -27 -28 -28 -28 -28 -28 -28 -28 -28 -28 -28 -28 -28 -28 -28 -28 -27 -30 -30 -30 -32 -31 -32 -39 -39 -40 -40 -40 -40 -40 -40 -40 -40 -40 -40 -40 -40 -40 -40 -40 -40 -40 -40 -40 -40 -40 -40 -40 -40 -40 -40
-1 -1 -1 -1 -1 -1 -1 -1 -1 -1 -1 -1 -1 -1 -1 -1 -1 -1 -1 -1 -1 -1 -1 -1 -1 -1 -1 -1 -1 -1 -1 -1 -1 -1 -1 -1 -1 -1 -1 -1 -1 -1 -1 -1 -1 -1 -1 -1 -1 -1 -1 -1 -1 -1 -1 -28 -107 -126 -91 -28 -1 -1 -1 -1 -1 -1 -1 -1 -1 -1 -1 -1 -1 -1 -1 -1 -1 -1 -1 -1 -1 -1 -1 -1 -1 -1 -1 -1 -1 -1 -1 -1 -1 -1 -1 -1 -1 -1 -1 -1 -1 -1 -1 -1 -1 -1 -1 -1 -1 -1 -1 -1 -1 -1 -1 -1 -1 -1 -1 -1 -1 -1 -1 -1 -1 -1 -1 -1 -1 -1 -1 -1 -1 -1 -1 -1 -1 -1 -1 -1 -1 -1 -1 -1 -1 -1 -1 -1 -1 -1 -1 -1 -1 -1 -1 -1 -1 -1 -1 -1 -1 -1 -1 -1 -1 -1 -1 -1 -1 -1 -1 -1 -1 -1 -1 -1 -1 -1 -1 -1 -1 -1 -1 -1 -1 -1 -1 -1 -1 -1 -1 -1 -1 -1 -1 -1 -1 -1 -1 -1 -1 -1 -1 -1 -1 -1 -1 -1 -1 -1 -1 -1 -1 -1 -1 -1 -1 -1 -1 -1 -1 -1 -1 -1 -1 -1 -1 -1 -1 -1 -1 -1 -1 -1 -1 -1 -1 -1 -1 -1 -1 -1 -1 -1 -1 -1 -1 -1 -1 -1 -1 -1 -1 -1 -1 -1 -1 -1 -1 -1 -1 -1 -1 -1 -1 -1 -1 -1 -1 -1 -1 -1 -1 -1 -1 -1 -1 -1 -1 -1 -1 -1 -1 -1 -1 -1 -1 -1 -1 -1 -1 -1 -1 -1 -1 -1 -1 -1 -1 -1 -1 -1 -1 -1 -1 -1 -1 -1 -1 -1 -1 -1 -1 -1 -1 -1 -1 -1 -1 -1 -1 -1 -1 -1 -1 -1 -1 -1 -1 -1 -1 -1 -1 -1 -1 -1 -1 -1 -1 -1 -1 -1 -1 -1 -1 -1 -1 -1 -1 -1 -1 -1 -2 -3 -3 -4 -4 -4 -4 -4 -4 -4 -4 -4 -4 -4 -4 -4 -4 -4 -4 -4 -4 -4 -4 -4 -4 -4 -4 -4 -4 -4 -4 -4 -4 -4 -4 -4 -4 -4 -3 -4 -4 -6 -4 -4 -4 -4 -4 -4 -4 -4 -4 -4 -4 -4 -4 -4 -4 -4 -4 -4 -4 -4 -4 -4 -4 -4 -4 -4 -4 -4 -7 -7 -7 -7 -8 -8 -8 -12 -12 -12 -14 -14 -14 -14 -14 -14 -14 -14 -14 -14 -14 -14 -14 -14 -14 -14 -14 -16 -9 -9 -8 -9 -16 -14 -17 -21 -21 -25 -28 -28 -28 -28 -28 -28 -28 -28 -28 -28 -28 -28 -28 -28 -28 -28 -28 -30 -31 -30 -30 -32 -32 -31 -40 -40 -40 -40 -40 -40 -40 -40 -40 -40 -40 -40 -40 -40 -40 -40 -40 -40 -40 -40 -40 -40 -40 -40 -40 -40 -40 -40
-1 -1 -1 -1 -1 -1 -1 -1 -1 -1 -1 -1 -1 -1 -1 -1 -1 -1 -1 -1 -1 -1 -1 -1 -1 -1 -1 -1 -1 -1 -1 -1 -1 -1 -1 -1 -1 -1 -1 -1 -1 -1 -1 -1 -1 -1 -1 -1 -1 -1 -1 -1 -1 -1 -1 -1 -20 -23 -1 -1 -1 -1 -1 -1 -1 -1 -1 -1 -1 -1 -1 -1 -1 -1 -1 -1 -1 -1 -1 -1 -1 -1 -1 -1 -1 -1 -1 -1 -1 -1 -1 -1 -1 -1 -1 -1 -1 -1 -1 -1 -1 -1 -1 -1 -1 -1 -1 -1 -1 -1 -1 -1 -1 -1 -1 -1 -1 -1 -1 -1 -1 -1 -1 -1 -1 -1 -1 -1 -1 -1 -1 -1 -1 -1 -1 -1 -1 -1 -1 -1 -1 -1 -1 -1 -1 -1 -1 -1 -1 -1 -1 -1 -1 -1 -1 -1 -1 -1 -1 -1 -1 -1 -1 -1 -1 -1 -1 -1 -1 -1 -1 -1 -1 -1 -1 -1 -1 -1 -1 -1 -1 -1 -1 -1 -1 -1 -1 -1 -1 -1 -1 -1 -1 -1 -1 -1 -1 -1 -1 -1 -1 -1 -1 -1 -1 -1 -1 -1 -1 -1 -1 -1 -1 -1 -1 -1 -1 -1 -1 -1 -1 -1 -1 -1 -1 -1 -1 -1 -1 -1 -1 -1 -1 -1 -1 -1 -1 -1 -1 -1 -1 -1 -1 -1 -1 -1 -1 -1 -1 -1 -1 -1 -1 -1 -1 -1 -1 -1 -1 -1 -1 -1 -1 -1 -1 -1 -1 -1 -1 -1 -1 -1 -1 -1 -1 -1 -1 -1 -1 -1 -1 -1 -1 -1 -1 -1 -1 -1 -1 -1 -1 -1 -1 -1 -1 -1 -1 -1 -1 -1 -1 -1 -1 -1 -1 -1 -1 -1 -1 -1 -1 -1 -1 -1 -1 -1 -1 -1 -1 -1 -1 -1 -1 -1 -1 -1 -1 -1 -1 -1 -1 -1 -1 -1 -1 -1 -1 -1 -1 -1 -1 -1 -1 -1 -1 -1 -1 -1 -1 -1 -1 -1 -3 -3 -3 -4 -4 -4 -4 -4 -4 -4 -4 -4 -4 -4 -4 -4 -4 -4 -4 -4 -4 -4 -4 -4 -4 -4 -4 -4 -4 -4 -4 -4 -4 -4 -4 -4 -3 -3 -2 -2 -1 -1 -1 -4 -4 -4 -4 -4 -4 -4 -4 -4 -4 -4 -4 -4 -4 -4 -4 -4 -4 -4 -4 -4 -4 -4 -3 -4 -4 -4 -6 -7 -7 -9 -11 -11 -12 -13 -12 -13 -14 -14 -14 -14 -14 -14 -14 -14 -14 -14 -14 -14 -14 -14 -14 -14 -14 -14 -12 -11 -12 -13 -14 -14 -18 -23 -23 -26 -28 -28 -28 -28 -28 -28 -30 -30 -28 -28 -28 -28 -28 -28 -28 -34 -32 -32 -35 -35 -34 -35 -35 -35 -40 -40 -40 -40 -40 -40 -40 -40 -40 -40 -40 -40 -40 -40 -40 -40 -40 -40 -40 -40 -40 -40 -40 -40 -40 -40 -40 -40
-1 -1 -1 -1 -1 -1 -1 -1 -1 -1 -1 -1 -1 -1 -1 -1 -1 -1 -1 -1 -1 -1 -1 -1 -1 -1 -1 -1 -1 -1 -1 -1 -1 -1 -1 -1 -1 -1 -1 -1 -1 -1 -1 -1 -1 -1 -1 -1 -1 -1 -1 -1 -1 -1 -1 -1 -1 -1 -1 -1 -1 -1 -1 -1 -1 -1 -1 -1 -1 -1 -1 -1 -1 -1 -1 -1 -1 -1 -1 -1 -1 -1 -1 -1 -1 -1 -1 -1 -1 -1 -1 -1 -1 -1 -1 -1 -1 -1 -1 -1 -1 -1 -1 -1 -1 -1 -1 -1 -1 -1 -1 -1 -1 -1 -1 -1 -1 -1 -1 -1 -1 -1 -1 -1 -1 -1 -1 -1 -1 -1 -1 -1 -1 -1 -1 -1 -1 -1 -1 -1 -1 -1 -1 -1 -1 -1 -1 -1 -1 -1 -1 -1 -1 -1 -1 -1 -1 -1 -1 -1 -1 -1 -1 -1 -1 -1 -1 -1 -1 -1 -1 -1 -1 -1 -1 -1 -1 -1 -1 -1 -1 -1 -1 -1 -1 -1 -1 -1 -1 -1 -1 -1 -1 -1 -1 -1 -1 -1 -1 -1 -1 -1 -1 -1 -1 -1 -1 -1 -1 -1 -1 -1 -1 -1 -1 -1 -1 -1 -1 -1 -1 -1 -1 -1 -1 -1 -1 -1 -1 -1 -1 -1 -1 -1 -1 -1 -1 -1 -1 -1 -1 -1 -1 -1 -1 -1 -1 -1 -1 -1 -1 -1 -1 -1 -1 -1 -1 -1 -1 -1 -1 -1 -1 -1 -1 -1 -1 -1 -1 -1 -1 -1 -1 -1 -1 -1 -1 -1 -1 -1 -1 -1 -1 -1 -1 -1 -1 -1 -1 -1 -1 -1 -1 -1 -1 -1 -1 -1 -1 -1 -1 -1 -1 -1 -1 -1 -1 -1 -1 -1 -1 -1 -1 -1 -1 -1 -1 -1 -1 -1 -1 -1 -1 -1 -1 -1 -1 -1 -1 -1 -1 -1 -1 -1 -1 -1 -1 -1 -1 -1 -1 -1 -1 -1 -1 -1 -1 -1 -1 -3 -4 -4 -4 -4 -4 -4 -4 -4 -4 -4 -4 -4 -4 -4 -4 -4 -4 -4 -4 -4 -4 -4 -4 -4 -4 -4 -4 -4 -4 -4 -4 -4 -4 -4 -4 -4 -4 -4 -3 -3 -2 -2 -1 -1 -1 -3 -3 -4 -4 -4 -4 -4 -4 -4 -4 -4 -4 -4 -4 -4 -4 -4 -4 -4 -4 -4 -4 -4 -4 -6 -6 -6 -7 -8 -8 -12 -13 -13 -14 -16 -14 -14 -14 -14 -14 -14 -14 -14 -14 -14 -14 -14 -14 -14 -14 -14 -14 -14 -14 -14 -14 -14 -13 -14 -16 -14 -20 -25 -26 -27 -28 -28 -28 -28 -28 -30 -32 -31 -31 -28 -28 -28 -28 -28 -28 -37 -39 -39 -40 -40 -39 -39 -39 -39 -40 -40 -40 -40 -40 -40 -40 -40 -40 -40 -40 -40 -40 -40 -40 -40 -40 -40 -40 -40 -40 -40 -40 -40 -40 -40 -40 -40
-1 -1 -1 -1 -1 -1 -1 -1 -1 -1 -1 -1 -1 -1 -1 -1 -1 -1 -1 -1 -1 -1 -1 -1 -1 -1 -1 -1 -1 -1 -1 -1 -1 -1 -1 -1 -1 -1 -1 -1 -1 -1 -1 -1 -1 -1 -1 -1 -1 -1 -1 -1 -1 -1 -1 -1 -1 -1 -1 -1 -1 -1 -1 -1 -1 -1 -1 -1 -1 -1 -1 -1 -1 -1 -1 -1 -1 -1 -1 -1 -1 -1 -1 -1 -1 -1 -1 -1 -1 -1 -1 -1 -1 -1 -1 -1 -1 -1 -1 -1 -1 -1 -1 -1 -1 -1 -1 -1 -1 -1 -1 -1 -1 -1 -1 -1 -1 -1 -1 -1 -1 -1 -1 -1 -1 -1 -1 -1 -1 -1 -1 -1 -1 -1 -1 -1 -1 -1 -1 -1 -1 -1 -1 -1 -1 -1 -1 -1 -1 -1 -1 -1 -1 -1 -1 -1 -1 -1 -1 -1 -1 -1 -1 -1 -1 -1 -1 -1 -1 -1 -1 -1 -1 -1 -1 -1 -1 -1 -1 -1 -1 -1 -1 -1 -1 -1 -1 -1 -1 -1 -1 -1 -1 -1 -1 -1 -1 -1 -1 -1 -1 -1 -1 -1 -1 -1 -1 -1 -1 -1 -1 -1 -1 -1 -1 -1 -1 -1 -1 -1 -1 -1 -1 -1 -1 -1 -1 -1 -1 -1 -1 -1 -1 -1 -1 -1 -1 -1 -1 -1 -1 -1 -1 -1 -1 -1 -1 -1 -1 -1 -1 -1 -1 -1 -1 -1 -1 -1 -1 -1 -1 -1 -1 -1 -1 -1 -1 -1 -1 -1 -1 -1 -1 -1 -1 -1 -1 -1 -1 -1 -1 -1 -1 -1 -1 -1 -1 -1 -1 -1 -1 -1 -1 -1 -1 -1 -1 -1 -1 -1 -1 -1 -1 -1 -1 -1 -1 -1 -1 -1 -1 -1 -1 -1 -1 -1 -1 -1 -1 -1 -1 -1 -1 -1 -1 -1 -1 -1 -1 -1 -1 -1 -1 -1 -1 -1 -1 -1 -1 -1 -1 -1 -1 -1 -1 -1 -1 -1 -1 -4 -4 -4 -4 -4 -4 -4 -4 -4 -4 -4 -4 -4 -4 -4 -4 -4 -4 -4 -4 -4 -4 -4 -4 -4 -4 -4 -4 -4 -4 -4 -4 -4 -4 -4 -4 -4 -4 -4 -3 -3 -2 -2 -1 -1 -1 -3 -3 -4 -4 -3 -4 -4 -4 -4 -4 -4 -4 -4 -4 -4 -4 -4 -4 -4 -4 -4 -4 -4 -4 -6 -6 -6 -7 -8 -8 -12 -13 -13 -14 -16 -14 -14 -14 -14 -14 -14 -14 -14 -14 -14 -14 -14 -14 -14 -14 -14 -14 -14 -14 -14 -13 -13 -13 -13 -14 -16 -20 -25 -26 -27 -28 -28 -28 -28 -28 -30 -32 -31 -31 -28 -28 -28 -27 -28 -28 -37 -39 -39 -39 -40 -40 -40 -40 -40 -40 -40 -40 -40 -40 -40 -40 -40 -40 -40 -40 -40 -40 -40 -40 -40 -40 -40 -40 -40 -40 -40 -40 -40 -40 -40 -40 -40
-1 -1 -1 -1 -1 -1 -1 -1 -1 -1 -1 -1 -1 -1 -1 -1 -1 -1 -1 -1 -1 -1 -1 -1 -1 -1 -1 -1 -1 -1 -1 -1 -1 -1 -1 -1 -1 -1 -1 -1 -1 -1 -1 -1 -1 -1 -1 -1 -1 -1 -1 -1 -1 -1 -1 -1 -1 -1 -1 -1 -1 -1 -1 -1 -1 -1 -1 -1 -1 -1 -1 -1 -1 -1 -1 -1 -1 -1 -1 -1 -1 -1 -1 -1 -1 -1 -1 -1 -1 -1 -1 -1 -1 -1 -1 -1 -1 -1 -1 -1 -1 -1 -1 -1 -1 -1 -1 -1 -1 -1 -1 -1 -1 -1 -1 -1 -1 -1 -1 -1 -1 -1 -1 -1 -1 -1 -1 -1 -1 -1 -1 -1 -1 -1 -1 -1 -1 -1 -1 -1 -1 -1 -1 -1 -1 -1 -1 -1 -1 -1 -1 -1 -1 -1 -1 -1 -1 -1 -1 -1 -1 -1 -1 -1 -1 -1 -1 -1 -1 -1 -1 -1 -1 -1 -1 -1 -1 -1 -1 -1 -1 -1 -1 -1 -1 -1 -1 -1 -1 -1 -1 -1 -1 -1 -1 -1 -1 -1 -1 -1 -1 -1 -1 -1 -1 -1 -1 -1 -1 -1 -1 -1 -1 -1 -1 -1 -1 -1 -1 -1 -1 -1 -1 -1 -1 -1 -1 -1 -1 -1 -1 -1 -1 -1 -1 -1 -1 -1 -1 -1 -1 -1 -1 -1 -1 -1 -1 -1 -1 -1 -1 -1 -1 -1 -1 -1 -1 -1 -1 -1 -1 -1 -1 -1 -1 -1 -1 -1 -1 -1 -1 -1 -1 -1 -1 -1 -1 -1 -1 -1 -1 -1 -1 -1 -1 -1 -1 -1 -1 -1 -1 -1 -1 -1 -1 -1 -1 -1 -1 -1 -1 -1 -1 -1 -1 -1 -1 -1 -1 -1 -1 -1 -1 -1 -1 -1 -1 -1 -1 -1 -1 -1 -1 -1 -1 -1 -1 -1 -1 -1 -1 -1 -1 -1 -1 -1 -1 -1 -1 -1 -1 -1 -1 -1 -1 -1 -1 -1 -1 -4 -4 -3 -3 -4 -4 -4 -4 -4 -4 -4 -4 -4 -4 -4 -4 -4 -4 -4 -4 -4 -4 -4 -4 -4 -4 -4 -4 -4 -4 -4 -4 -4 -4 -4 -4 -4 -4 -4 -3 -3 -2 -1 -1 -1 -1 -3 -3 -4 -3 -3 -4 -4 -4 -4 -4 -4 -4 -4 -4 -4 -4 -4 -4 -4 -4 -4 -4 -4 -4 -6 -6 -6 -7 -8 -8 -12 -13 -13 -14 -16 -14 -14 -14 -14 -14 -14 -14 -14 -14 -14 -14 -14 -14 -14 -14 -14 -14 -14 -14 -14 -13 -13 -13 -13 -14 -16 -20 -26 -25 -27 -28 -28 -28 -28 -28 -30 -32 -31 -31 -28 -28 -28 -27 -28 -28 -37 -39 -37 -40 -39 -40 -40 -40 -40 -40 -40 -40 -40 -40 -40 -40 -40 -40 -40 -40 -40 -40 -40 -40 -40 -40 -40 -40 -40 -40 -40 -40 -40 -40 -40 -40 -40
-1 -1 -1 -1 -1 -1 -1 -1 -1 -1 -1 -1 -1 -1 -1 -1 -1 -1 -1 -1 -1 -1 -1 -1 -1 -1 -1 -1 -1 -1 -1 -1 -1 -1 -1 -1 -1 -1 -1 -1 -1 -1 -1 -1 -1 -1 -1 -1 -1 -1 -1 -1 -1 -1 -1 -1 -1 -1 -1 -1 -1 -1 -1 -1 -1 -1 -1 -1 -1 -1 -1 -1 -1 -1 -1 -1 -1 -1 -1 -1 -1 -1 -1 -1 -1 -1 -1 -1 -1 -1 -1 -1 -1 -1 -1 -1 -1 -1 -1 -1 -1 -1 -1 -1 -1 -1 -1 -1 -1 -1 -1 -1 -1 -1 -1 -1 -1 -1 -1 -1 -1 -1 -1 -1 -1 -1 -1 -1 -1 -1 -1 -1 -1 -1 -1 -1 -1 -1 -1 -1 -1 -1 -1 -1 -1 -1 -1 -1 -1 -1 -1 -1 -1 -1 -1 -1 -1 -1 -1 -1 -1 -1 -1 -1 -1 -1 -1 -1 -1 -1 -1 -1 -1 -1 -1 -1 -1 -1 -1 -1 -1 -1 -1 -1 -1 -1 -1 -1 -1 -1 -1 -1 -1 -1 -1 -1 -1 -1 -1 -1 -1 -1 -1 -1 -1 -1 -1 -1 -1 -1 -1 -1 -1 -1 -1 -1 -1 -1 -1 -1 -1 -1 -1 -1 -1 -1 -1 -1 -1 -1 -1 -1 -1 -1 -1 -1 -1 -1 -1 -1 -1 -1 -1 -1 -1 -1 -1 -1 -1 -1 -1 -1 -1 -1 -1 -1 -1 -1 -1 -1 -1 -1 -1 -1 -1 -1 -1 -1 -1 -1 -1 -1 -1 -1 -1 -1 -1 -1 -1 -1 -1 -1 -1 -1 -1 -1 -1 -1 -1 -1 -1 -1 -1 -1 -1 -1 -1 -1 -1 -1 -1 -1 -1 -1 -1 -1 -1 -1 -1 -1 -1 -1 -1 -1 -1 -1 -1 -1 -1 -1 -1 -1 -1 -1 -1 -1 -1 -1 -1 -1 -1 -1 -1 -1 -1 -1 -1 -1 -1 -1 -1 -1 -1 -1 -1 -1 -1 -1 -1 -3 -3 -3 -3 -4 -4 -4 -4 -4 -4 -4 -4 -4 -4 -6 -7 -6 -7 -7 -7 -7 -4 -3 -4 -4 -4 -4 -4 -4 -4 -4 -4 -4 -4 -4 -4 -4 -4 -4 -3 -3 -2 -1 -1 -1 -1 -1 -1 -1 -3 -3 -4 -4 -4 -4 -4 -4 -4 -4 -4 -4 -4 -4 -4 -4 -4 -4 -7 -6 -6 -7 -7 -7 -9 -9 -9 -13 -13 -13 -14 -14 -14 -14 -14 -14 -14 -14 -14 -14 -14 -14 -14 -14 -14 -14 -14 -14 -14 -14 -14 -14 -14 -14 -14 -14 -16 -16 -22 -27 -27 -28 -28 -28 -30 -31 -30 -34 -37 -37 -37 -35 -35 -34 -35 -36 -36 -39 -40 -40 -40 -40 -40 -40 -40 -40 -40 -40 -40 -40 -40 -40 -40 -40 -40 -40 -40 -40 -40 -40 -40 -40 -40 -40 -40 -40 -40 -40 -40 -40 -40 -40 -40 -40
-1 -1 -1 -1 -1 -1 -1 -1 -1 -1 -1 -1 -1 -1 -1 -1 -1 -1 -1 -1 -1 -1 -1 -1 -1 -1 -1 -1 -1 -1 -1 -1 -1 -1 -1 -1 -1 -1 -1 -1 -1 -1 -1 -1 -1 -1 -1 -1 -1 -1 -1 -1 -1 -1 -1 -1 -1 -1 -1 -1 -1 -1 -1 -1 -1 -1 -1 -1 -1 -1 -1 -1 -1 -1 -1 -1 -1 -1 -1 -1 -1 -1 -1 -1 -1 -1 -1 -1 -1 -1 -1 -1 -1 -1 -1 -1 -1 -1 -1 -1 -1 -1 -1 -1 -1 -1 -1 -1 -1 -1 -1 -1 -1 -1 -1 -1 -1 -1 -1 -1 -1 -1 -1 -1 -1 -1 -1 -1 -1 -1 -1 -1 -1 -1 -1 -1 -1 -1 -1 -1 -1 -1 -1 -1 -1 -1 -1 -1 -1 -1 -1 -1 -1 -1 -1 -1 -1 -1 -1 -1 -1 -1 -1 -1 -1 -1 -1 -1 -1 -1 -1 -1 -1 -1 -1 -1 -1 -1 -1 -1 -1 -1 -1 -1 -1 -1 -1 -1 -1 -1 -1 -1 -1 -1 -1 -1 -1 -1 -1 -1 -1 -1 -1 -1 -1 -1 -1 -1 -1 -1 -1 -1 -1 -1 -1 -1 -1 -1 -1 -1 -1 -1 -1 -1 -1 -1 -1 -1 -1 -1 -1 -1 -1 -1 -1 -1 -1 -1 -1 -1 -1 -1 -1 -1 -1 -1 -1 -1 -1 -1 -1 -1 -1 -1 -1 -1 -1 -1 -1 -1 -1 -1 -1 -1 -1 -1 -1 -1 -1 -1 -1 -1 -1 -1 -1 -1 -1 -1 -1 -1 -1 -1 -1 -1 -1 -1 -1 -1 -1 -1 -1 -1 -1 -1 -1 -1 -1 -1 -1 -1 -1 -1 -1 -1 -1 -1 -1 -1 -1 -1 -1 -1 -1 -1 -1 -1 -1 -1 -1 -1 -1 -1 -1 -1 -1 -1 -1 -1 -1 -1 -1 -1 -1 -1 -1 -1 -1 -1 -1 -1 -1 -1 -1 -1 -1 -1 -1 -1 -1 -4 -4 -4 -4 -4 -4 -4 -4 -4 -4 -4 -4 -6 -6 -7 -7 -7 -7 -7 -7 -7 -4 -4 -4 -4 -4 -4 -4 -4 -4 -4 -4 -4 -4 -4 -4 -4 -4 -4 -3 -3 -2 -2 -1 -1 -1 -1 -1 -1 -3 -3 -4 -4 -4 -4 -4 -4 -4 -4 -4 -4 -4 -4 -4 -6 -6 -6 -8 -7 -7 -8 -8 -8 -11 -12 -11 -14 -14 -16 -14 -14 -14 -14 -14 -14 -14 -14 -14 -14 -14 -14 -14 -14 -14 -14 -14 -14 -14 -14 -14 -14 -14 -14 -14 -16 -16 -16 -22 -28 -28 -28 -28 -28 -30 -31 -31 -35 -41 -39 -39 -37 -36 -36 -39 -39 -39 -40 -40 -40 -40 -40 -40 -40 -40 -40 -40 -40 -40 -40 -40 -40 -40 -40 -40 -40 -40 -40 -40 -40 -40 -40 -40 -40 -40 -40 -40 -40 -40 -40 -40 -40 -40 -40
-1 -1 -1 -1 -1 -1 -1 -1 -1 -1 -1 -1 -1 -1 -1 -1 -1 -1 -1 -1 -1 -1 -1 -1 -1 -1 -1 -1 -1 -1 -1 -1 -1 -1 -1 -1 -1 -1 -1 -1 -1 -1 -1 -1 -1 -1 -1 -1 -1 -1 -1 -1 -1 -1 -1 -1 -1 -1 -1 -1 -1 -1 -1 -1 -1 -1 -1 -1 -1 -1 -1 -1 -1 -1 -1 -1 -1 -1 -1 -1 -1 -1 -1 -1 -1 -1 -1 -1 -1 -1 -1 -1 -1 -1 -1 -1 -1 -1 -1 -1 -1 -1 -1 -1 -1 -1 -1 -1 -1 -1 -1 -1 -1 -1 -1 -1 -1 -1 -1 -1 -1 -1 -1 -1 -1 -1 -1 -1 -1 -1 -1 -1 -1 -1 -1 -1 -1 -1 -1 -1 -1 -1 -1 -1 -1 -1 -1 -1 -1 -1 -1 -1 -1 -1 -1 -1 -1 -1 -1 -1 -1 -1 -1 -1 -1 -1 -1 -1 -1 -1 -1 -1 -1 -1 -1 -1 -1 -1 -1 -1 -1 -1 -1 -1 -1 -1 -1 -1 -1 -1 -1 -1 -1 -1 -1 -1 -1 -1 -1 -1 -1 -1 -1 -1 -1 -1 -1 -1 -1 -1 -1 -1 -1 -1 -1 -1 -1 -1 -1 -1 -1 -1 -1 -1 -1 -1 -1 -1 -1 -1 -1 -1 -1 -1 -1 -1 -1 -1 -1 -1 -1 -1 -1 -1 -1 -1 -1 -1 -1 -1 -1 -1 -1 -1 -1 -1 -1 -1 -1 -1 -1 -1 -1 -1 -1 -1 -1 -1 -1 -1 -1 -1 -1 -1 -1 -1 -1 -1 -1 -1 -1 -1 -1 -1 -1 -1 -1 -1 -1 -1 -1 -1 -1 -1 -1 -1 -1 -1 -1 -1 -1 -1 -1 -1 -1 -1 -1 -1 -1 -1 -1 -1 -1 -1 -1 -1 -1 -1 -1 -1 -1 -1 -1 -1 -1 -1 -1 -1 -1 -1 -1 -1 -1 -1 -1 -1 -1 -1 -1 -1 -1 -1 -1 -1 -1 -1 -1 -1 -1 -4 -4 -4 -4 -4 -4 -4 -4 -4 -4 -4 -4 -6 -6 -7 -7 -7 -7 -7 -6 -6 -4 -4 -4 -4 -4 -4 -4 -4 -4 -4 -4 -4 -4 -4 -4 -4 -4 -4 -3 -3 -2 -2 -1 -1 -1 -1 -1 -1 -4 -3 -4 -4 -4 -4 -4 -4 -4 -4 -4 -4 -4 -4 -4 -6 -6 -6 -7 -7 -7 -8 -8 -8 -9 -12 -11 -12 -14 -16 -14 -14 -14 -14 -14 -14 -14 -14 -14 -14 -14 -14 -14 -14 -14 -14 -14 -14 -14 -14 -14 -14 -14 -16 -16 -16 -16 -16 -22 -28 -28 -28 -28 -28 -30 -32 -31 -34 -41 -39 -40 -36 -36 -36 -39 -37 -39 -40 -40 -40 -40 -40 -40 -40 -40 -40 -40 -40 -40 -40 -40 -40 -40 -40 -40 -40 -40 -40 -40 -40 -40 -40 -40 -40 -40 -40 -40 -40 -40 -40 -40 -40 -40 -40
-1 -1 -1 -1 -1 -1 -1 -1 -1 -1 -1 -1 -1 -1 -1 -1 -1 -1 -1 -1 -1 -1 -1 -1 -1 -1 -1 -1 -1 -1 -1 -1 -1 -1 -1 -1 -1 -1 -1 -1 -1 -1 -1 -1 -1 -1 -1 -1 -1 -1 -1 -1 -1 -1 -1 -1 -1 -1 -1 -1 -1 -1 -1 -1 -1 -1 -1 -1 -1 -1 -1 -1 -1 -1 -1 -1 -1 -1 -1 -1 -1 -1 -1 -1 -1 -1 -1 -1 -1 -1 -1 -1 -1 -1 -1 -1 -1 -1 -1 -1 -1 -1 -1 -1 -1 -1 -1 -1 -1 -1 -1 -1 -1 -1 -1 -1 -1 -1 -1 -1 -1 -1 -1 -1 -1 -1 -1 -1 -1 -1 -1 -1 -1 -1 -1 -1 -1 -1 -1 -1 -1 -1 -1 -1 -1 -1 -1 -1 -1 -1 -1 -1 -1 -1 -1 -1 -1 -1 -1 -1 -1 -1 -1 -1 -1 -1 -1 -1 -1 -1 -1 -1 -1 -1 -1 -1 -1 -1 -1 -1 -1 -1 -1 -1 -1 -1 -1 -1 -1 -1 -1 -1 -1 -1 -1 -1 -1 -1 -1 -1 -1 -1 -1 -1 -1 -1 -1 -1 -1 -1 -1 -1 -1 -1 -1 -1 -1 -1 -1 -1 -1 -1 -1 -1 -1 -1 -1 -1 -1 -1 -1 -1 -1 -1 -1 -1 -1 -1 -1 -1 -1 -1 -1 -1 -1 -1 -1 -1 -1 -1 -1 -1 -1 -1 -1 -1 -1 -1 -1 -1 -1 -1 -1 -1 -1 -1 -1 -1 -1 -1 -1 -1 -1 -1 -1 -1 -1 -1 -1 -1 -1 -1 -1 -1 -1 -1 -1 -1 -1 -1 -1 -1 -1 -1 -1 -1 -1 -1 -1 -1 -1 -1 -1 -1 -1 -1 -1 -1 -1 -1 -1 -1 -1 -1 -1 -1 -1 -1 -1 -1 -1 -1 -1 -1 -1 -1 -1 -1 -1 -1 -1 -1 -1 -1 -1 -1 -1 -1 -1 -1 -1 -1 -1 -1 -1 -1 -1 -1 -1 -4 -4 -4 -4 -4 -4 -4 -4 -4 -4 -4 -4 -6 -6 -7 -7 -7 -7 -6 -7 -7 -4 -4 -4 -4 -4 -4 -4 -4 -4 -4 -4 -4 -4 -4 -4 -4 -4 -4 -4 -3 -2 -2 -1 -1 -1 -1 -1 -1 -4 -3 -4 -4 -4 -4 -4 -4 -4 -4 -4 -4 -4 -4 -4 -6 -6 -6 -7 -8 -8 -9 -9 -8 -11 -11 -11 -13 -14 -16 -14 -14 -14 -14 -14 -14 -14 -14 -14 -14 -14 -14 -14 -14 -14 -14 -13 -14 -14 -14 -14 -14 -14 -16 -14 -14 -16 -17 -22 -28 -28 -27 -28 -28 -30 -32 -31 -34 -40 -39 -37 -37 -36 -36 -37 -37 -37 -39 -40 -40 -40 -40 -40 -40 -40 -40 -40 -40 -40 -40 -40 -40 -40 -40 -40 -40 -40 -40 -40 -40 -40 -40 -40 -40 -40 -40 -40 -40 -40 -40 -40 -40 -40 -40
-1 -1 -1 -1 -1 -1 -1 -1 -1 -1 -1 -1 -1 -1 -1 -1 -1 -1 -1 -1 -1 -1 -1 -1 -1 -1 -1 -1 -1 -1 -1 -1 -1 -1 -1 -1 -1 -1 -1 -1 -1 -1 -1 -1 -1 -1 -1 -1 -1 -1 -1 -1 -1 -1 -1 -1 -1 -1 -1 -1 -1 -1 -1 -1 -1 -1 -1 -1 -1 -1 -1 -1 -1 -1 -1 -1 -1 -1 -1 -1 -1 -1 -1 -1 -1 -1 -1 -1 -1 -1 -1 -1 -1 -1 -1 -1 -1 -1 -1 -1 -1 -1 -1 -1 -1 -1 -1 -1 -1 -1 -1 -1 -1 -1 -1 -1 -1 -1 -1 -1 -1 -1 -1 -1 -1 -1 -1 -1 -1 -1 -1 -1 -1 -1 -1 -1 -1 -1 -1 -1 -1 -1 -1 -1 -1 -1 -1 -1 -1 -1 -1 -1 -1 -1 -1 -1 -1 -1 -1 -1 -1 -1 -1 -1 -1 -1 -1 -1 -1 -1 -1 -1 -1 -1 -1 -1 -1 -1 -1 -1 -1 -1 -1 -1 -1 -1 -1 -1 -1 -1 -1 -1 -1 -1 -1 -1 -1 -1 -1 -1 -1 -1 -1 -1 -1 -1 -1 -1 -1 -1 -1 -1 -1 -1 -1 -1 -1 -1 -1 -1 -1 -1 -1 -1 -1 -1 -1 -1 -1 -1 -1 -1 -1 -1 -1 -1 -1 -1 -1 -1 -1 -1 -1 -1 -1 -1 -1 -1 -1 -1 -1 -1 -1 -1 -1 -1 -1 -1 -1 -1 -1 -1 -1 -1 -1 -1 -1 -1 -1 -1 -1 -1 -1 -1 -1 -1 -1 -1 -1 -1 -1 -1 -1 -1 -1 -1 -1 -1 -1 -1 -1 -1 -1 -1 -1 -1 -1 -1 -1 -1 -1 -1 -1 -1 -1 -1 -1 -1 -1 -1 -1 -1 -1 -1 -1 -1 -1 -1 -1 -1 -1 -1 -1 -1 -1 -1 -1 -1 -1 -1 -1 -1 -1 -1 -1 -1 -1 -1 -1 -1 -1 -1 -1 -1 -1 -2 -3 -3 -4 -4 -4 -4 -4 -4 -4 -4 -4 -4 -4 -4 -4 -6 -6 -6 -7 -7 -7 -6 -6 -6 -4 -4 -4 -4 -4 -4 -4 -4 -4 -4 -4 -4 -4 -4 -4 -4 -4 -4 -4 -3 -3 -2 -1 -1 -1 -1 -1 -1 -4 -3 -4 -4 -4 -4 -4 -4 -4 -8 -7 -7 -9 -9 -9 -9 -9 -9 -11 -11 -11 -12 -12 -13 -13 -14 -14 -14 -14 -14 -14 -14 -14 -14 -14 -13 -14 -16 -16 -16 -16 -16 -16 -16 -16 -16 -17 -18 -17 -20 -21 -20 -23 -23 -23 -25 -27 -27 -27 -28 -28 -28 -30 -31 -34 -40 -39 -39 -40 -39 -40 -39 -39 -39 -39 -39 -39 -39 -40 -40 -40 -40 -40 -40 -40 -40 -40 -40 -40 -40 -40 -40 -40 -40 -40 -40 -40 -40 -40 -40 -40 -40 -40 -40 -40 -40 -40 -40 -40 -40 -40 -40 -40 -40
-1 -1 -1 -1 -1 -1 -1 -1 -1 -1 -1 -1 -1 -1 -1 -1 -1 -1 -1 -1 -1 -1 -1 -1 -1 -1 -1 -1 -1 -1 -1 -1 -1 -1 -1 -1 -1 -1 -1 -1 -1 -1 -1 -1 -1 -1 -1 -1 -1 -1 -1 -1 -1 -1 -1 -1 -1 -1 -1 -1 -1 -1 -1 -1 -1 -1 -1 -1 -1 -1 -1 -1 -1 -1 -1 -1 -1 -1 -1 -1 -1 -1 -1 -1 -1 -1 -1 -1 -1 -1 -1 -1 -1 -1 -1 -1 -1 -1 -1 -1 -1 -1 -1 -1 -1 -1 -1 -1 -1 -1 -1 -1 -1 -1 -1 -1 -1 -1 -1 -1 -1 -1 -1 -1 -1 -1 -1 -1 -1 -1 -1 -1 -1 -1 -1 -1 -1 -1 -1 -1 -1 -1 -1 -1 -1 -1 -1 -1 -1 -1 -1 -1 -1 -1 -1 -1 -1 -1 -1 -1 -1 -1 -1 -1 -1 -1 -1 -1 -1 -1 -1 -1 -1 -1 -1 -1 -1 -1 -1 -1 -1 -1 -1 -1 -1 -1 -1 -1 -1 -1 -1 -1 -1 -1 -1 -1 -1 -1 -1 -1 -1 -1 -1 -1 -1 -1 -1 -1 -1 -1 -1 -1 -1 -1 -1 -1 -1 -1 -1 -1 -1 -1 -1 -1 -1 -1 -1 -1 -1 -1 -1 -1 -1 -1 -1 -1 -1 -1 -1 -1 -1 -1 -1 -1 -1 -1 -1 -1 -1 -1 -1 -1 -1 -1 -1 -1 -1 -1 -1 -1 -1 -1 -1 -1 -1 -1 -1 -1 -1 -1 -1 -1 -1 -1 -1 -1 -1 -1 -1 -1 -1 -1 -1 -1 -1 -1 -1 -1 -1 -1 -1 -1 -1 -1 -1 -1 -1 -1 -1 -1 -1 -1 -1 -1 -1 -1 -1 -1 -1 -1 -1 -1 -1 -1 -1 -1 -1 -1 -1 -1 -1 -1 -1 -1 -1 -1 -1 -1 -1 -1 -1 -1 -1 -1 -1 -1 -1 -1 -1 -1 -1 -1 -1 -1 -1 -2 -4 -4 -4 -4 -4 -4 -4 -4 -4 -4 -4 -4 -4 -4 -4 -6 -6 -6 -7 -6 -7 -6 -6 -4 -4 -4 -4 -4 -4 -4 -4 -4 -4 -4 -4 -4 -4 -4 -4 -4 -4 -4 -3 -3 -3 -2 -1 -1 -1 -1 -1 -1 -4 -3 -4 -4 -4 -4 -4 -4 -4 -7 -7 -7 -8 -8 -9 -11 -11 -9 -12 -11 -11 -12 -12 -13 -13 -14 -14 -13 -14 -14 -14 -14 -14 -14 -14 -14 -14 -16 -16 -16 -16 -16 -16 -16 -16 -16 -17 -18 -18 -21 -21 -21 -25 -25 -25 -26 -28 -28 -28 -28 -28 -28 -31 -31 -32 -39 -40 -40 -40 -40 -40 -40 -40 -40 -40 -40 -40 -40 -40 -40 -40 -40 -40 -40 -40 -40 -40 -40 -40 -40 -40 -40 -40 -40 -40 -40 -40 -40 -40 -40 -40 -40 -40 -40 -40 -40 -40 -40 -40 -40 -40 -40 -40 -40
-1 -1 -1 -1 -1 -1 -1 -1 -1 -1 -1 -1 -1 -1 -1 -1 -1 -1 -1 -1 -1 -1 -1 -1 -1 -1 -1 -1 -1 -1 -1 -1 -1 -1 -1 -1 -1 -1 -1 -1 -1 -1 -1 -1 -1 -1 -1 -1 -1 -1 -1 -1 -1 -1 -1 -1 -1 -1 -1 -1 -1 -1 -1 -1 -1 -1 -1 -1 -1 -1 -1 -1 -1 -1 -1 -1 -1 -1 -1 -1 -1 -1 -1 -1 -1 -1 -1 -1 -1 -1 -1 -1 -1 -1 -1 -1 -1 -1 -1 -1 -1 -1 -1 -1 -1 -1 -1 -1 -1 -1 -1 -1 -1 -1 -1 -1 -1 -1 -1 -1 -1 -1 -1 -1 -1 -1 -1 -1 -1 -1 -1 -1 -1 -1 -1 -1 -1 -1 -1 -1 -1 -1 -1 -1 -1 -1 -1 -1 -1 -1 -1 -1 -1 -1 -1 -1 -1 -1 -1 -1 -1 -1 -1 -1 -1 -1 -1 -1 -1 -1 -1 -1 -1 -1 -1 -1 -1 -1 -1 -1 -1 -1 -1 -1 -1 -1 -1 -1 -1 -1 -1 -1 -1 -1 -1 -1 -1 -1 -1 -1 -1 -1 -1 -1 -1 -1 -1 -1 -1 -1 -1 -1 -1 -1 -1 -1 -1 -1 -1 -1 -1 -1 -1 -1 -1 -1 -1 -1 -1 -1 -1 -1 -1 -1 -1 -1 -1 -1 -1 -1 -1 -1 -1 -1 -1 -1 -1 -1 -1 -1 -1 -1 -1 -1 -1 -1 -1 -1 -1 -1 -1 -1 -1 -1 -1 -1 -1 -1 -1 -1 -1 -1 -1 -1 -1 -1 -1 -1 -1 -1 -1 -1 -1 -1 -1 -1 -1 -1 -1 -1 -1 -1 -1 -1 -1 -1 -1 -1 -1 -1 -1 -1 -1 -1 -1 -1 -1 -1 -1 -1 -1 -1 -1 -1 -1 -1 -1 -1 -1 -1 -1 -1 -1 -1 -1 -1 -1 -1 -1 -1 -1 -1 -1 -1 -1 -1 -1 -1 -1 -1 -1 -1 -1 -1 -1 -2 -4 -4 -4 -4 -4 -4 -4 -4 -4 -4 -4 -4 -4 -4 -4 -6 -6 -6 -7 -6 -6 -6 -6 -6 -4 -4 -4 -4 -4 -4 -4 -4 -4 -4 -4 -4 -4 -4 -4 -4 -4 -4 -4 -3 -3 -2 -1 -1 -1 -1 -1 -1 -4 -3 -4 -4 -4 -4 -4 -4 -4 -7 -7 -7 -8 -8 -8 -9 -9 -8 -11 -11 -11 -12 -12 -12 -13 -14 -14 -13 -14 -14 -14 -14 -14 -14 -14 -14 -14 -16 -16 -16 -16 -16 -16 -16 -16 -16 -17 -18 -20 -22 -22 -22 -25 -25 -25 -26 -28 -28 -28 -28 -28 -28 -31 -31 -34 -40 -40 -40 -40 -40 -40 -40 -40 -40 -40 -40 -40 -40 -40 -40 -40 -40 -40 -40 -40 -40 -40 -40 -40 -40 -40 -40 -40 -40 -40 -40 -40 -40 -40 -40 -40 -40 -40 -40 -40 -40 -40 -40 -40 -40 -40 -40 -40 -40
-1 -1 -1 -1 -1 -1 -1 -1 -1 -1 -1 -1 -1 -1 -1 -1 -1 -1 -1 -1 -1 -1 -1 -1 -1 -1 -1 -1 -1 -1 -1 -1 -1 -1 -1 -1 -1 -1 -1 -1 -1 -1 -1 -1 -1 -1 -1 -1 -1 -1 -1 -1 -1 -1 -1 -1 -1 -1 -1 -1 -1 -1 -1 -1 -1 -1 -1 -1 -1 -1 -1 -1 -1 -1 -1 -1 -1 -1 -1 -1 -1 -1 -1 -1 -1 -1 -1 -1 -1 -1 -1 -1 -1 -1 -1 -1 -1 -1 -1 -1 -1 -1 -1 -1 -1 -1 -1 -1 -1 -1 -1 -1 -1 -1 -1 -1 -1 -1 -1 -1 -1 -1 -1 -1 -1 -1 -1 -1 -1 -1 -1 -1 -1 -1 -1 -1 -1 -1 -1 -1 -1 -1 -1 -1 -1 -1 -1 -1 -1 -1 -1 -1 -1 -1 -1 -1 -1 -1 -1 -1 -1 -1 -1 -1 -1 -1 -1 -1 -1 -1 -1 -1 -1 -1 -1 -1 -1 -1 -1 -1 -1 -1 -1 -1 -1 -1 -1 -1 -1 -1 -1 -1 -1 -1 -1 -1 -1 -1 -1 -1 -1 -1 -1 -1 -1 -1 -1 -1 -1 -1 -1 -1 -1 -1 -1 -1 -1 -1 -1 -1 -1 -1 -1 -1 -1 -1 -1 -1 -1 -1 -1 -1 -1 -1 -1 -1 -1 -1 -1 -1 -1 -1 -1 -1 -1 -1 -1 -1 -1 -1 -1 -1 -1 -1 -1 -1 -1 -1 -1 -1 -1 -1 -1 -1 -1 -1 -1 -1 -1 -1 -1 -1 -1 -1 -1 -1 -1 -1 -1 -1 -1 -1 -1 -1 -1 -1 -1 -1 -1 -1 -1 -1 -1 -1 -1 -1 -1 -1 -1 -1 -1 -1 -1 -1 -1 -1 -1 -1 -1 -1 -1 -1 -1 -1 -1 -1 -1 -1 -1 -1 -1 -1 -1 -1 -1 -1 -1 -1 -1 -1 -1 -1 -1 -1 -1 -1 -1 -1 -1 -1 -1 -1 -1 -1 -1 -3 -4 -4 -4 -4 -4 -4 -4 -4 -4 -4 -4 -4 -4 -4 -4 -6 -6 -6 -7 -7 -6 -6 -6 -6 -4 -4 -4 -4 -4 -4 -4 -4 -4 -4 -4 -4 -4 -4 -4 -4 -4 -4 -4 -4 -3 -3 -2 -2 -2 -2 -2 -2 -3 -3 -4 -4 -4 -4 -4 -4 -4 -9 -9 -9 -12 -13 -12 -13 -13 -13 -13 -13 -13 -13 -13 -13 -14 -14 -14 -14 -14 -14 -14 -14 -14 -14 -14 -14 -14 -18 -18 -18 -20 -20 -20 -20 -20 -20 -21 -22 -22 -25 -25 -23 -26 -26 -26 -27 -28 -28 -28 -28 -28 -30 -34 -34 -35 -40 -40 -40 -40 -40 -40 -40 -40 -40 -40 -40 -40 -40 -40 -40 -40 -40 -40 -40 -40 -40 -40 -40 -40 -40 -40 -40 -40 -40 -40 -40 -40 -40 -40 -40 -40 -40 -40 -40 -40 -40 -40 -40 -40 -40 -40 -40 -40 -40
-1 -1 -1 -1 -1 -1 -1 -1 -1 -1 -1 -1 -1 -1 -1 -1 -1 -1 -1 -1 -1 -1 -1 -1 -1 -1 -1 -1 -1 -1 -1 -1 -1 -1 -1 -1 -1 -1 -1 -1 -1 -1 -1 -1 -1 -1 -1 -1 -1 -1 -1 -1 -1 -1 -1 -1 -1 -1 -1 -1 -1 -1 -1 -1 -1 -1 -1 -1 -1 -1 -1 -1 -1 -1 -1 -1 -1 -1 -1 -1 -1 -1 -1 -1 -1 -1 -1 -1 -1 -1 -1 -1 -1 -1 -1 -1 -1 -1 -1 -1 -1 -1 -1 -1 -1 -1 -1 -1 -1 -1 -1 -1 -1 -1 -1 -1 -1 -1 -1 -1 -1 -1 -1 -1 -1 -1 -1 -1 -1 -1 -1 -1 -1 -1 -1 -1 -1 -1 -1 -1 -1 -1 -1 -1 -1 -1 -1 -1 -1 -1 -1 -1 -1 -1 -1 -1 -1 -1 -1 -1 -1 -1 -1 -1 -1 -1 -1 -1 -1 -1 -1 -1 -1 -1 -1 -1 -1 -1 -1 -1 -1 -1 -1 -1 -1 -1 -1 -1 -1 -1 -1 -1 -1 -1 -1 -1 -1 -1 -1 -1 -1 -1 -1 -1 -1 -1 -1 -1 -1 -1 -1 -1 -1 -1 -1 -1 -1 -1 -1 -1 -1 -1 -1 -1 -1 -1 -1 -1 -1 -1 -1 -1 -1 -1 -1 -1 -1 -1 -1 -1 -1 -1 -1 -1 -1 -1 -1 -1 -1 -1 -1 -1 -1 -1 -1 -1 -1 -1 -1 -1 -1 -1 -1 -1 -1 -1 -1 -1 -1 -1 -1 -1 -1 -1 -1 -1 -1 -1 -1 -1 -1 -1 -1 -1 -1 -1 -1 -1 -1 -1 -1 -1 -1 -1 -1 -1 -1 -1 -1 -1 -1 -1 -1 -1 -1 -1 -1 -1 -1 -1 -1 -1 -1 -1 -1 -1 -1 -1 -1 -1 -1 -1 -1 -1 -1 -1 -1 -1 -1 -1 -1 -1 -1 -1 -1 -1 -1 -1 -1 -1 -1 -1 -3 -4 -4 -4 -4 -4 -4 -4 -4 -4 -4 -4 -4 -4 -4 -4 -4 -4 -4 -4 -4 -6 -7 -7 -6 -6 -6 -4 -4 -4 -4 -4 -4 -4 -4 -4 -4 -4 -4 -4 -4 -4 -4 -4 -4 -4 -4 -4 -4 -4 -4 -4 -4 -3 -3 -3 -3 -3 -4 -4 -4 -4 -3 -3 -4 -11 -11 -11 -13 -13 -13 -14 -14 -14 -14 -14 -14 -14 -14 -14 -14 -14 -14 -14 -14 -14 -14 -14 -14 -14 -14 -14 -14 -20 -20 -20 -21 -21 -21 -21 -21 -21 -23 -23 -25 -26 -26 -25 -27 -27 -27 -27 -28 -28 -28 -28 -28 -31 -35 -34 -36 -40 -40 -40 -40 -40 -40 -40 -40 -40 -40 -40 -40 -40 -40 -40 -40 -40 -40 -40 -40 -40 -40 -40 -40 -40 -40 -40 -40 -40 -40 -40 -40 -40 -40 -40 -40 -40 -40 -40 -40 -40 -40 -40 -40 -40 -40 -40 -40 -40
-1 -1 -1 -1 -1 -1 -1 -1 -1 -1 -1 -1 -1 -1 -1 -1 -1 -1 -1 -1 -1 -1 -1 -1 -1 -1 -1 -1 -1 -1 -1 -1 -1 -1 -1 -1 -1 -1 -1 -1 -1 -1 -1 -1 -1 -1 -1 -1 -1 -1 -1 -1 -1 -1 -1 -1 -1 -1 -1 -1 -1 -1 -1 -1 -1 -1 -1 -1 -1 -1 -1 -1 -1 -1 -1 -1 -1 -1 -1 -1 -1 -1 -1 -1 -1 -1 -1 -1 -1 -1 -1 -1 -1 -1 -1 -1 -1 -1 -1 -1 -1 -1 -1 -1 -1 -1 -1 -1 -1 -1 -1 -1 -1 -1 -1 -1 -1 -1 -1 -1 -1 -1 -1 -1 -1 -1 -1 -1 -1 -1 -1 -1 -1 -1 -1 -1 -1 -1 -1 -1 -1 -1 -1 -1 -1 -1 -1 -1 -1 -1 -1 -1 -1 -1 -1 -1 -1 -1 -1 -1 -1 -1 -1 -1 -1 -1 -1 -1 -1 -1 -1 -1 -1 -1 -1 -1 -1 -1 -1 -1 -1 -1 -1 -1 -1 -1 -1 -1 -1 -1 -1 -1 -1 -1 -1 -1 -1 -1 -1 -1 -1 -1 -1 -1 -1 -1 -1 -1 -1 -1 -1 -1 -1 -1 -1 -1 -1 -1 -1 -1 -1 -1 -1 -1 -1 -1 -1 -1 -1 -1 -1 -1 -1 -1 -1 -1 -1 -1 -1 -1 -1 -1 -1 -1 -1 -1 -1 -1 -1 -1 -1 -1 -1 -1 -1 -1 -1 -1 -1 -1 -1 -1 -1 -1 -1 -1 -1 -1 -1 -1 -1 -1 -1 -1 -1 -1 -1 -1 -1 -1 -1 -1 -1 -1 -1 -1 -1 -1 -1 -1 -1 -1 -1 -1 -1 -1 -1 -1 -1 -1 -1 -1 -1 -1 -1 -1 -1 -1 -1 -1 -1 -1 -1 -1 -1 -1 -1 -1 -1 -1 -1 -1 -1 -1 -1 -1 -1 -1 -1 -1 -1 -1 -1 -1 -1 -1 -1 -1 -1 -1 -1 -1 -4 -4 -4 -3 -4 -4 -4 -4 -4 -4 -4 -4 -4 -4 -4 -4 -4 -4 -4 -4 -4 -6 -7 -7 -6 -6 -7 -6 -4 -4 -4 -4 -4 -4 -4 -4 -4 -4 -4 -4 -4 -4 -4 -4 -4 -4 -4 -4 -4 -4 -4 -4 -4 -4 -4 -4 -3 -3 -4 -4 -4 -4 -3 -3 -4 -11 -11 -11 -13 -13 -13 -14 -14 -14 -14 -14 -14 -14 -14 -14 -14 -14 -14 -14 -14 -14 -14 -14 -14 -14 -14 -14 -14 -20 -20 -20 -21 -21 -21 -21 -21 -21 -23 -23 -25 -26 -26 -25 -27 -27 -27 -27 -28 -28 -28 -28 -28 -31 -34 -35 -36 -40 -40 -40 -40 -40 -40 -40 -40 -40 -40 -40 -40 -40 -40 -40 -40 -40 -40 -40 -40 -40 -40 -40 -40 -40 -40 -40 -40 -40 -40 -40 -40 -40 -40 -40 -40 -40 -40 -40 -40 -40 -40 -40 -40 -40 -40 -40 -40 -40
-1 -1 -1 -1 -1 -1 -1 -1 -1 -1 -1 -1 -1 -1 -1 -1 -1 -1 -1 -1 -1 -1 -1 -1 -1 -1 -1 -1 -1 -1 -1 -1 -1 -1 -1 -1 -1 -1 -1 -1 -1 -1 -1 -1 -1 -1 -1 -1 -1 -1 -1 -1 -1 -1 -1 -1 -1 -1 -1 -1 -1 -1 -1 -1 -1 -1 -1 -1 -1 -1 -1 -1 -1 -1 -1 -1 -1 -1 -1 -1 -1 -1 -1 -1 -1 -1 -1 -1 -1 -1 -1 -1 -1 -1 -1 -1 -1 -1 -1 -1 -1 -1 -1 -1 -1 -1 -1 -1 -1 -1 -1 -1 -1 -1 -1 -1 -1 -1 -1 -1 -1 -1 -1 -1 -1 -1 -1 -1 -1 -1 -1 -1 -1 -1 -1 -1 -1 -1 -1 -1 -1 -1 -1 -1 -1 -1 -1 -1 -1 -1 -1 -1 -1 -1 -1 -1 -1 -1 -1 -1 -1 -1 -1 -1 -1 -1 -1 -1 -1 -1 -1 -1 -1 -1 -1 -1 -1 -1 -1 -1 -1 -1 -1 -1 -1 -1 -1 -1 -1 -1 -1 -1 -1 -1 -1 -1 -1 -1 -1 -1 -1 -1 -1 -1 -1 -1 -1 -1 -1 -1 -1 -1 -1 -1 -1 -1 -1 -1 -1 -1 -1 -1 -1 -1 -1 -1 -1 -1 -1 -1 -1 -1 -1 -1 -1 -1 -1 -1 -1 -1 -1 -1 -1 -1 -1 -1 -1 -1 -1 -1 -1 -1 -1 -1 -1 -1 -1 -1 -1 -1 -1 -1 -1 -1 -1 -1 -1 -1 -1 -1 -1 -1 -1 -1 -1 -1 -1 -1 -1 -1 -1 -1 -1 -1 -1 -1 -1 -1 -1 -1 -1 -1 -1 -1 -1 -1 -1 -1 -1 -1 -1 -1 -1 -1 -1 -1 -1 -1 -1 -1 -1 -1 -1 -1 -1 -1 -1 -1 -1 -1 -1 -1 -1 -1 -1 -1 -1 -1 -1 -1 -1 -1 -1 -1 -1 -1 -1 -1 -1 -1 -2 -2 -4 -4 -4 -4 -4 -4 -4 -4 -4 -4 -4 -4 -4 -4 -4 -4 -4 -4 -4 -4 -4 -4 -7 -7 -7 -7 -7 -6 -4 -4 -4 -4 -4 -4 -4 -4 -4 -4 -4 -4 -4 -4 -4 -4 -4 -4 -4 -4 -4 -4 -4 -4 -4 -4 -4 -4 -4 -4 -4 -4 -4 -4 -4 -4 -4 -11 -11 -11 -13 -13 -14 -14 -14 -14 -14 -14 -14 -14 -14 -14 -14 -14 -14 -14 -14 -14 -14 -14 -14 -14 -14 -14 -14 -20 -20 -20 -21 -21 -21 -21 -23 -23 -25 -26 -26 -26 -26 -25 -27 -27 -27 -27 -28 -28 -28 -28 -28 -31 -34 -32 -35 -40 -40 -40 -40 -40 -40 -40 -40 -40 -40 -40 -40 -40 -40 -40 -40 -40 -40 -40 -40 -40 -40 -40 -40 -40 -40 -40 -40 -40 -40 -40 -40 -40 -40 -40 -40 -40 -40 -40 -40 -40 -40 -40 -40 -40 -40 -41 -41 -41
-1 -1 -1 -1 -1 -1 -1 -1 -1 -1 -1 -1 -1 -1 -1 -1 -1 -1 -1 -1 -1 -1 -1 -1 -1 -1 -1 -1 -1 -1 -1 -1 -1 -1 -1 -1 -1 -1 -1 -1 -1 -1 -1 -1 -1 -1 -1 -1 -1 -1 -1 -1 -1 -1 -1 -1 -1 -1 -1 -1 -1 -1 -1 -1 -1 -1 -1 -1 -1 -1 -1 -1 -1 -1 -1 -1 -1 -1 -1 -1 -1 -1 -1 -1 -1 -1 -1 -1 -1 -1 -1 -1 -1 -1 -1 -1 -1 -1 -1 -1 -1 -1 -1 -1 -1 -1 -1 -1 -1 -1 -1 -1 -1 -1 -1 -1 -1 -1 -1 -1 -1 -1 -1 -1 -1 -1 -1 -1 -1 -1 -1 -1 -1 -1 -1 -1 -1 -1 -1 -1 -1 -1 -1 -1 -1 -1 -1 -1 -1 -1 -1 -1 -1 -1 -1 -1 -1 -1 -1 -1 -1 -1 -1 -1 -1 -1 -1 -1 -1 -1 -1 -1 -1 -1 -1 -1 -1 -1 -1 -1 -1 -1 -1 -1 -1 -1 -1 -1 -1 -1 -1 -1 -1 -1 -1 -1 -1 -1 -1 -1 -1 -1 -1 -1 -1 -1 -1 -1 -1 -1 -1 -1 -1 -1 -1 -1 -1 -1 -1 -1 -1 -1 -1 -1 -1 -1 -1 -1 -1 -1 -1 -1 -1 -1 -1 -1 -1 -1 -1 -1 -1 -1 -1 -1 -1 -1 -1 -1 -1 -1 -1 -1 -1 -1 -1 -1 -1 -1 -1 -1 -1 -1 -1 -1 -1 -1 -1 -1 -1 -1 -1 -1 -1 -1 -1 -1 -1 -1 -1 -1 -1 -1 -1 -1 -1 -1 -1 -1 -1 -1 -1 -1 -1 -1 -1 -1 -1 -1 -1 -1 -1 -1 -1 -1 -1 -1 -1 -1 -1 -1 -1 -1 -1 -1 -1 -1 -1 -1 -1 -1 -1 -1 -1 -1 -1 -1 -1 -1 -1 -1 -1 -1 -1 -1 -1 -1 -3 -3 -3 -3 -4 -4 -4 -4 -4 -4 -4 -4 -4 -4 -4 -4 -4 -4 -4 -4 -4 -4 -4 -4 -4 -4 -4 -6 -7 -6 -6 -8 -8 -8 -4 -4 -4 -4 -4 -4 -7 -7 -6 -4 -4 -4 -4 -4 -4 -4 -4 -4 -4 -4 -4 -4 -4 -4 -4 -4 -4 -4 -4 -4 -4 -4 -4 -4 -4 -4 -4 -11 -11 -11 -14 -14 -14 -14 -14 -14 -14 -14 -14 -14 -14 -14 -14 -14 -14 -14 -14 -14 -14 -14 -14 -14 -16 -16 -16 -20 -20 -20 -21 -21 -21 -23 -25 -25 -26 -26 -26 -25 -25 -25 -26 -27 -27 -27 -28 -28 -28 -28 -28 -30 -30 -30 -32 -40 -40 -40 -40 -40 -40 -40 -40 -40 -40 -40 -40 -40 -40 -40 -40 -40 -40 -40 -40 -40 -40 -40 -40 -40 -40 -40 -40 -40 -40 -40 -40 -40 -40 -40 -40 -40 -40 -40 -40 -40 -40 -40 -40 -40 -40 -42 -42 -42
-1 -1 -1 -1 -1 -1 -1 -1 -1 -1 -1 -1 -1 -1 -1 -1 -1 -1 -1 -1 -1 -1 -1 -1 -1 -1 -1 -1 -1 -1 -1 -1 -1 -1 -1 -1 -1 -1 -1 -1 -1 -1 -1 -1 -1 -1 -1 -1 -1 -1 -1 -1 -1 -1 -1 -1 -1 -1 -1 -1 -1 -1 -1 -1 -1 -1 -1 -1 -1 -1 -1 -1 -1 -1 -1 -1 -1 -1 -1 -1 -1 -1 -1 -1 -1 -1 -1 -1 -1 -1 -1 -1 -1 -1 -1 -1 -1 -1 -1 -1 -1 -1 -1 -1 -1 -1 -1 -1 -1 -1 -1 -1 -1 -1 -1 -1 -1 -1 -1 -1 -1 -1 -1 -1 -1 -1 -1 -1 -1 -1 -1 -1 -1 -1 -1 -1 -1 -1 -1 -1 -1 -1 -1 -1 -1 -1 -1 -1 -1 -1 -1 -1 -1 -1 -1 -1 -1 -1 -1 -1 -1 -1 -1 -1 -1 -1 -1 -1 -1 -1 -1 -1 -1 -1 -1 -1 -1 -1 -1 -1 -1 -1 -1 -1 -1 -1 -1 -1 -1 -1 -1 -1 -1 -1 -1 -1 -1 -1 -1 -1 -1 -1 -1 -1 -1 -1 -1 -1 -1 -1 -1 -1 -1 -1 -1 -1 -1 -1 -1 -1 -1 -1 -1 -1 -1 -1 -1 -1 -1 -1 -1 -1 -1 -1 -1 -1 -1 -1 -1 -1 -1 -1 -1 -1 -1 -1 -1 -1 -1 -1 -1 -1 -1 -1 -1 -1 -1 -1 -1 -1 -1 -1 -1 -1 -1 -1 -1 -1 -1 -1 -1 -1 -1 -1 -1 -1 -1 -1 -1 -1 -1 -1 -1 -1 -1 -1 -1 -1 -1 -1 -1 -1 -1 -1 -1 -1 -1 -1 -1 -1 -1 -1 -1 -1 -1 -1 -1 -1 -1 -1 -1 -1 -1 -1 -1 -1 -1 -1 -1 -1 -1 -1 -1 -1 -1 -1 -1 -1 -1 -1 -1 -1 -1 -1 -1 -1 -2 -2 -2 -4 -4 -4 -4 -4 -4 -4 -4 -4 -4 -4 -4 -4 -4 -4 -4 -4 -4 -4 -4 -4 -4 -4 -4 -6 -6 -6 -6 -8 -8 -8 -4 -4 -4 -4 -4 -4 -7 -6 -6 -4 -4 -4 -4 -4 -4 -4 -4 -4 -4 -4 -4 -4 -4 -4 -4 -4 -4 -4 -4 -4 -4 -4 -4 -4 -4 -4 -4 -11 -11 -11 -14 -14 -14 -14 -14 -14 -14 -14 -14 -14 -14 -14 -14 -14 -14 -14 -14 -14 -14 -14 -14 -14 -16 -16 -16 -20 -20 -20 -22 -22 -22 -25 -25 -25 -25 -26 -26 -25 -25 -25 -26 -27 -27 -27 -28 -28 -28 -28 -28 -28 -30 -30 -32 -40 -40 -40 -40 -40 -40 -40 -40 -40 -40 -40 -40 -40 -40 -40 -40 -40 -40 -40 -40 -40 -40 -40 -40 -40 -40 -40 -40 -40 -40 -40 -40 -40 -40 -40 -40 -40 -40 -40 -40 -40 -40 -40 -40 -40 -40 -41 -41 -41
-1 -1 -1 -1 -1 -1 -1 -1 -1 -1 -1 -1 -1 -1 -1 -1 -1 -1 -1 -1 -1 -1 -1 -1 -1 -1 -1 -1 -1 -1 -1 -1 -1 -1 -1 -1 -1 -1 -1 -1 -1 -1 -1 -1 -1 -1 -1 -1 -1 -1 -1 -1 -1 -1 -1 -1 -1 -1 -1 -1 -1 -1 -1 -1 -1 -1 -1 -1 -1 -1 -1 -1 -1 -1 -1 -1 -1 -1 -1 -1 -1 -1 -1 -1 -1 -1 -1 -1 -1 -1 -1 -1 -1 -1 -1 -1 -1 -1 -1 -1 -1 -1 -1 -1 -1 -1 -1 -1 -1 -1 -1 -1 -1 -1 -1 -1 -1 -1 -1 -1 -1 -1 -1 -1 -1 -1 -1 -1 -1 -1 -1 -1 -1 -1 -1 -1 -1 -1 -1 -1 -1 -1 -1 -1 -1 -1 -1 -1 -1 -1 -1 -1 -1 -1 -1 -1 -1 -1 -1 -1 -1 -1 -1 -1 -1 -1 -1 -1 -1 -1 -1 -1 -1 -1 -1 -1 -1 -1 -1 -1 -1 -1 -1 -1 -1 -1 -1 -1 -1 -1 -1 -1 -1 -1 -1 -1 -1 -1 -1 -1 -1 -1 -1 -1 -1 -1 -1 -1 -1 -1 -1 -1 -1 -1 -1 -1 -1 -1 -1 -1 -1 -1 -1 -1 -1 -1 -1 -1 -1 -1 -1 -1 -1 -1 -1 -1 -1 -1 -1 -1 -1 -1 -1 -1 -1 -1 -1 -1 -1 -1 -1 -1 -1 -1 -1 -1 -1 -1 -1 -1 -1 -1 -1 -1 -1 -1 -1 -1 -1 -1 -1 -1 -1 -1 -1 -1 -1 -1 -1 -1 -1 -1 -1 -1 -1 -1 -1 -1 -1 -1 -1 -1 -1 -1 -1 -1 -1 -1 -1 -1 -1 -1 -1 -1 -1 -1 -1 -1 -1 -1 -1 -1 -1 -1 -1 -1 -1 -1 -1 -1 -1 -1 -1 -1 -1 -1 -1 -1 -1 -1 -1 -1 -1 -1 -1 -1 -2 -2 -2 -4 -4 -4 -4 -4 -4 -4 -4 -4 -4 -4 -4 -4 -4 -4 -4 -4 -4 -4 -4 -4 -4 -4 -4 -6 -6 -6 -6 -8 -8 -8 -4 -4 -4 -4 -4 -4 -6 -6 -6 -4 -4 -4 -4 -4 -4 -4 -4 -4 -4 -4 -4 -4 -4 -4 -4 -4 -4 -4 -4 -4 -4 -4 -4 -4 -4 -4 -4 -11 -11 -11 -14 -14 -14 -14 -14 -14 -14 -14 -14 -14 -14 -14 -14 -14 -14 -14 -14 -14 -14 -14 -14 -14 -16 -16 -16 -20 -20 -20 -22 -22 -22 -25 -25 -25 -25 -26 -26 -25 -25 -25 -26 -27 -27 -27 -28 -28 -28 -28 -28 -28 -30 -30 -32 -40 -40 -40 -40 -40 -40 -40 -40 -40 -40 -40 -40 -40 -40 -40 -40 -40 -40 -40 -40 -40 -40 -40 -40 -40 -40 -40 -40 -40 -40 -40 -40 -40 -40 -40 -40 -40 -40 -40 -40 -40 -40 -40 -40 -40 -40 -41 -41 -41
-1 -1 -1 -1 -1 -1 -1 -1 -1 -1 -1 -1 -1 -1 -1 -1 -1 -1 -1 -1 -1 -1 -1 -1 -1 -1 -1 -1 -1 -1 -1 -1 -1 -1 -1 -1 -1 -1 -1 -1 -1 -1 -1 -1 -1 -1 -1 -1 -1 -1 -1 -1 -1 -1 -1 -1 -1 -1 -1 -1 -1 -1 -1 -1 -1 -1 -1 -1 -1 -1 -1 -1 -1 -1 -1 -1 -1 -1 -1 -1 -1 -1 -1 -1 -1 -1 -1 -1 -1 -1 -1 -1 -1 -1 -1 -1 -1 -1 -1 -1 -1 -1 -1 -1 -1 -1 -1 -1 -1 -1 -1 -1 -1 -1 -1 -1 -1 -1 -1 -1 -1 -1 -1 -1 -1 -1 -1 -1 -1 -1 -1 -1 -1 -1 -1 -1 -1 -1 -1 -1 -1 -1 -1 -1 -1 -1 -1 -1 -1 -1 -1 -1 -1 -1 -1 -1 -1 -1 -1 -1 -1 -1 -1 -1 -1 -1 -1 -1 -1 -1 -1 -1 -1 -1 -1 -1 -1 -1 -1 -1 -1 -1 -1 -1 -1 -1 -1 -1 -1 -1 -1 -1 -1 -1 -1 -1 -1 -1 -1 -1 -1 -1 -1 -1 -1 -1 -1 -1 -1 -1 -1 -1 -1 -1 -1 -1 -1 -1 -1 -1 -1 -1 -1 -1 -1 -1 -1 -1 -1 -1 -1 -1 -1 -1 -1 -1 -1 -1 -1 -1 -1 -1 -1 -1 -1 -1 -1 -1 -1 -1 -1 -1 -1 -1 -1 -1 -1 -1 -1 -1 -1 -1 -1 -1 -1 -1 -1 -1 -1 -1 -1 -1 -1 -1 -1 -1 -1 -1 -1 -1 -1 -1 -1 -1 -1 -1 -1 -1 -1 -1 -1 -1 -1 -1 -1 -1 -1 -1 -1 -1 -1 -1 -1 -1 -1 -1 -1 -1 -1 -1 -1 -1 -1 -1 -1 -1 -1 -1 -1 -1 -1 -1 -1 -1 -1 -1 -1 -1 -1 -1 -1 -1 -1 -1 -1 -1 -2 -3 -3 -3 -4 -4 -4 -4 -4 -4 -4 -4 -4 -4 -4 -4 -4 -4 -4 -4 -4 -4 -4 -4 -4 -4 -4 -6 -6 -6 -6 -8 -8 -8 -7 -7 -7 -8 -8 -8 -9 -9 -8 -4 -4 -4 -4 -4 -4 -4 -4 -4 -4 -4 -4 -4 -4 -4 -4 -4 -4 -4 -4 -4 -4 -4 -4 -4 -4 -4 -4 -11 -11 -9 -16 -14 -14 -14 -14 -14 -14 -14 -14 -14 -14 -14 -14 -14 -14 -14 -14 -14 -14 -14 -14 -14 -16 -16 -16 -21 -21 -21 -22 -22 -22 -23 -25 -25 -25 -26 -26 -26 -26 -26 -27 -27 -27 -27 -28 -28 -28 -28 -28 -28 -28 -28 -32 -40 -40 -40 -40 -40 -40 -40 -40 -40 -40 -40 -40 -40 -40 -40 -40 -40 -40 -40 -40 -40 -40 -40 -40 -40 -40 -40 -40 -40 -40 -40 -40 -40 -40 -40 -40 -40 -40 -40 -40 -40 -40 -40 -40 -40 -40 -41 -41 -41
-1 -1 -1 -1 -1 -1 -1 -1 -1 -1 -1 -1 -1 -1 -1 -1 -1 -1 -1 -1 -1 -1 -1 -1 -1 -1 -1 -1 -1 -1 -1 -1 -1 -1 -1 -1 -1 -1 -1 -1 -1 -1 -1 -1 -1 -1 -1 -1 -1 -1 -1 -1 -1 -1 -1 -1 -1 -1 -1 -1 -1 -1 -1 -1 -1 -1 -1 -1 -1 -1 -1 -1 -1 -1 -1 -1 -1 -1 -1 -1 -1 -1 -1 -1 -1 -1 -1 -1 -1 -1 -1 -1 -1 -1 -1 -1 -1 -1 -1 -1 -1 -1 -1 -1 -1 -1 -1 -1 -1 -1 -1 -1 -1 -1 -1 -1 -1 -1 -1 -1 -1 -1 -1 -1 -1 -1 -1 -1 -1 -1 -1 -1 -1 -1 -1 -1 -1 -1 -1 -1 -1 -1 -1 -1 -1 -1 -1 -1 -1 -1 -1 -1 -1 -1 -1 -1 -1 -1 -1 -1 -1 -1 -1 -1 -1 -1 -1 -1 -1 -1 -1 -1 -1 -1 -1 -1 -1 -1 -1 -1 -1 -1 -1 -1 -1 -1 -1 -1 -1 -1 -1 -1 -1 -1 -1 -1 -1 -1 -1 -1 -1 -1 -1 -1 -1 -1 -1 -1 -1 -1 -1 -1 -1 -1 -1 -1 -1 -1 -1 -1 -1 -1 -1 -1 -1 -1 -1 -1 -1 -1 -1 -1 -1 -1 -1 -1 -1 -1 -1 -1 -1 -1 -1 -1 -1 -1 -1 -1 -1 -1 -1 -1 -1 -1 -1 -1 -1 -1 -1 -1 -1 -1 -1 -1 -1 -1 -1 -1 -1 -1 -1 -1 -1 -1 -1 -1 -1 -1 -1 -1 -1 -1 -1 -1 -1 -1 -1 -1 -1 -1 -1 -1 -1 -1 -1 -1 -1 -1 -1 -1 -1 -1 -1 -1 -1 -1 -1 -1 -1 -1 -1 -1 -1 -1 -1 -1 -1 -1 -1 -1 -1 -1 -1 -1 -1 -1 -1 -1 -1 -1 -1 -1 -1 -3 -4 -4 -4 -4 -4 -4 -4 -4 -4 -4 -4 -4 -4 -4 -4 -4 -4 -4 -4 -4 -4 -4 -4 -4 -4 -4 -4 -4 -4 -4 -4 -4 -6 -8 -8 -8 -12 -12 -13 -14 -14 -14 -13 -13 -13 -6 -6 -6 -4 -4 -4 -4 -4 -4 -4 -4 -4 -4 -4 -4 -4 -4 -4 -4 -4 -4 -4 -4 -4 -4 -4 -4 -4 -8 -8 -8 -16 -14 -14 -14 -14 -14 -14 -14 -14 -14 -14 -14 -14 -14 -14 -14 -14 -14 -14 -14 -14 -14 -16 -16 -16 -21 -21 -21 -22 -22 -23 -25 -25 -25 -25 -26 -26 -27 -27 -27 -28 -28 -28 -28 -28 -28 -28 -28 -28 -27 -27 -28 -32 -40 -40 -40 -40 -40 -40 -40 -40 -40 -40 -40 -40 -40 -40 -40 -40 -40 -40 -40 -40 -40 -40 -40 -40 -40 -40 -40 -40 -40 -40 -40 -40 -40 -40 -40 -40 -40 -40 -40 -40 -41 -41 -41 -41 -41 -41 -41 -41 -41
-1 -1 -1 -1 -1 -1 -1 -1 -1 -1 -1 -1 -1 -1 -1 -1 -1 -1 -1 -1 -1 -1 -1 -1 -1 -1 -1 -1 -1 -1 -1 -1 -1 -1 -1 -1 -1 -1 -1 -1 -1 -1 -1 -1 -1 -1 -1 -1 -1 -1 -1 -1 -1 -1 -1 -1 -1 -1 -1 -1 -1 -1 -1 -1 -1 -1 -1 -1 -1 -1 -1 -1 -1 -1 -1 -1 -1 -1 -1 -1 -1 -1 -1 -1 -1 -1 -1 -1 -1 -1 -1 -1 -1 -1 -1 -1 -1 -1 -1 -1 -1 -1 -1 -1 -1 -1 -1 -1 -1 -1 -1 -1 -1 -1 -1 -1 -1 -1 -1 -1 -1 -1 -1 -1 -1 -1 -1 -1 -1 -1 -1 -1 -1 -1 -1 -1 -1 -1 -1 -1 -1 -1 -1 -1 -1 -1 -1 -1 -1 -1 -1 -1 -1 -1 -1 -1 -1 -1 -1 -1 -1 -1 -1 -1 -1 -1 -1 -1 -1 -1 -1 -1 -1 -1 -1 -1 -1 -1 -1 -1 -1 -1 -1 -1 -1 -1 -1 -1 -1 -1 -1 -1 -1 -1 -1 -1 -1 -1 -1 -1 -1 -1 -1 -1 -1 -1 -1 -1 -1 -1 -1 -1 -1 -1 -1 -1 -1 -1 -1 -1 -1 -1 -1 -1 -1 -1 -1 -1 -1 -1 -1 -1 -1 -1 -1 -1 -1 -1 -1 -1 -1 -1 -1 -1 -1 -1 -1 -1 -1 -1 -1 -1 -1 -1 -1 -1 -1 -1 -1 -1 -1 -1 -1 -1 -1 -1 -1 -1 -1 -1 -1 -1 -1 -1 -1 -1 -1 -1 -1 -1 -1 -1 -1 -1 -1 -1 -1 -1 -1 -1 -1 -1 -1 -1 -1 -1 -1 -1 -1 -1 -1 -1 -1 -1 -1 -1 -1 -1 -1 -1 -1 -1 -1 -1 -1 -1 -1 -1 -1 -1 -1 -1 -1 -1 -1 -1 -1 -1 -1 -1 -1 -1 -1 -3 -4 -4 -4 -4 -4 -4 -4 -4 -4 -4 -4 -4 -4 -4 -4 -4 -4 -4 -4 -4 -4 -4 -4 -4 -4 -4 -4 -4 -4 -4 -4 -4 -6 -8 -8 -8 -12 -12 -13 -14 -14 -14 -13 -13 -13 -6 -6 -6 -4 -4 -4 -4 -4 -4 -4 -4 -4 -4 -4 -4 -4 -4 -4 -4 -4 -4 -4 -4 -4 -4 -4 -4 -4 -8 -8 -8 -16 -14 -14 -14 -14 -14 -14 -14 -14 -14 -14 -14 -14 -14 -14 -14 -14 -14 -14 -14 -14 -14 -16 -16 -16 -21 -21 -21 -22 -22 -23 -25 -25 -25 -25 -26 -26 -27 -27 -27 -28 -28 -28 -28 -28 -28 -28 -28 -28 -27 -27 -28 -32 -40 -40 -40 -40 -40 -40 -40 -40 -40 -40 -40 -40 -40 -40 -40 -40 -40 -40 -40 -40 -40 -40 -40 -40 -40 -40 -40 -40 -40 -40 -40 -40 -40 -40 -40 -40 -40 -40 -40 -40 -41 -41 -41 -41 -41 -41 -41 -41 -41
-1 -1 -1 -1 -1 -1 -1 -1 -1 -1 -1 -1 -1 -1 -1 -1 -1 -1 -1 -1 -1 -1 -1 -1 -1 -1 -1 -1 -1 -1 -1 -1 -1 -1 -1 -1 -1 -1 -1 -1 -1 -1 -1 -1 -1 -1 -1 -1 -1 -1 -1 -1 -1 -1 -1 -1 -1 -1 -1 -1 -1 -1 -1 -1 -1 -1 -1 -1 -1 -1 -1 -1 -1 -1 -1 -1 -1 -1 -1 -1 -1 -1 -1 -1 -1 -1 -1 -1 -1 -1 -1 -1 -1 -1 -1 -1 -1 -1 -1 -1 -1 -1 -1 -1 -1 -1 -1 -1 -1 -1 -1 -1 -1 -1 -1 -1 -1 -1 -1 -1 -1 -1 -1 -1 -1 -1 -1 -1 -1 -1 -1 -1 -1 -1 -1 -1 -1 -1 -1 -1 -1 -1 -1 -1 -1 -1 -1 -1 -1 -1 -1 -1 -1 -1 -1 -1 -1 -1 -1 -1 -1 -1 -1 -1 -1 -1 -1 -1 -1 -1 -1 -1 -1 -1 -1 -1 -1 -1 -1 -1 -1 -1 -1 -1 -1 -1 -1 -1 -1 -1 -1 -1 -1 -1 -1 -1 -1 -1 -1 -1 -1 -1 -1 -1 -1 -1 -1 -1 -1 -1 -1 -1 -1 -1 -1 -1 -1 -1 -1 -1 -1 -1 -1 -1 -1 -1 -1 -1 -1 -1 -1 -1 -1 -1 -1 -1 -1 -1 -1 -1 -1 -1 -1 -1 -1 -1 -1 -1 -1 -1 -1 -1 -1 -1 -1 -1 -1 -1 -1 -1 -1 -1 -1 -1 -1 -1 -1 -1 -1 -1 -1 -1 -1 -1 -1 -1 -1 -1 -1 -1 -1 -1 -1 -1 -1 -1 -1 -1 -1 -1 -1 -1 -1 -1 -1 -1 -1 -1 -1 -1 -1 -1 -1 -1 -1 -1 -1 -1 -1 -1 -1 -1 -1 -1 -1 -1 -1 -1 -1 -1 -1 -1 -1 -1 -1 -1 -1 -1 -1 -1 -1 -1 -1 -3 -4 -4 -4 -4 -4 -4 -4 -4 -4 -4 -4 -4 -4 -4 -4 -4 -4 -4 -4 -4 -4 -4 -4 -4 -4 -4 -4 -4 -4 -4 -4 -4 -6 -8 -8 -8 -12 -12 -13 -13 -14 -14 -13 -13 -13 -6 -6 -6 -4 -4 -4 -4 -4 -4 -4 -4 -4 -4 -4 -4 -4 -4 -4 -4 -4 -4 -4 -4 -4 -4 -4 -4 -4 -8 -8 -8 -16 -14 -14 -14 -14 -14 -14 -14 -14 -14 -14 -14 -14 -14 -14 -14 -14 -14 -14 -14 -14 -14 -16 -16 -16 -21 -21 -21 -22 -22 -23 -25 -25 -25 -25 -26 -26 -27 -27 -27 -28 -28 -28 -28 -28 -28 -28 -28 -28 -27 -27 -28 -32 -40 -40 -40 -40 -40 -40 -40 -40 -40 -40 -40 -40 -40 -40 -40 -40 -40 -40 -40 -40 -40 -40 -40 -40 -40 -40 -40 -40 -40 -40 -40 -40 -40 -40 -40 -40 -40 -40 -40 -40 -41 -41 -41 -41 -41 -41 -41 -41 -41
