512 555
30 30 33 32 25 25 7 0 0 0 0 0 0 0 0 0 7 19 19 25 35 33 33 26 15 15 10 10 14 14 18 9 9 3 0 0 0 0 0 0 0 4 4 19 26 35 35 37 29 29 18 7 7 2 4 10 10 18 19 19 20 27 30 30 29 27 27 29 37 58 58 78 77 77 60 50 50 33 27 24 24 18 12 12 15 24 24 24 19 21 21 27 30 30 25 20 16 16 16 26 26 27 25 24 24 26 25 25 22 25 25 21 21 22 22 27 31 31 27 27 33 33 30 27 27 20 21 41 41 60 58 58 45 33 33 13 6 7 7 1 3 3 9 9 18 18 38 55 55 72 77 77 78 58 37 37 31 18 18 12 12 19 19 25 27 27 24 20 20 27 27 19 19 16 9 9 0 0 0 0 0 0 0 0 0 30 30 31 19 19 13 7 7 0 0 0 0 0 0 0 0 4 7 7 27 49 49 55 50 50 37 38 55 55 60 60 60 50 39 37 37 29 14 14 8 12 12 21 31 32 32 36 38 38 37 19 10 10 0 0 0 0 0 0 0 0 0 0 0 0 0 0 0 0 0 0 0 0 0 0 0 0 0 0 0 0 0 0 0 3 2 2 4 10 10 13 7 0 0 0 0 0 3 6 6 2 0 2 2 8 18 18 21 20 10 10 8 9 9 10 12 4 4 0 0 0 0 0 0 4 6 6 6 6 7 7 13 19 24 24 27 26 26 24 21 21 25 24 20 20 18 16 16 19 24 26 26 20 16 16 15 18 18 16 14 13 13 14 2 2 0 0 1 1 10 19 19 25 30 14 14 14 9 9 7 15 15 32 44 49 49 35 13 13 0 0 0 0 13 19 19 16 3 3 0 0 0 0 0 6 6 21 31 32 32 25 30 30 16 0 0 0 0 0 0 7 0 0 0 2 24 24 25 35 35 29 24 16 16 26 50 50 68 78 78 84 87 76 76 54 33 33 24 18 18 18 12 3 3 0 1 1 21 53 62 62 58 55 55 48 39 37 37 27 14 14 13 22 22 36 45 45 45 39 24 24 7 2 6 6 7 3 3 4 4 8 8 13 12 12 9 16 16 25 52 56 56 55 48 48 41 39 45 45 56 76 76 74 67 67 65 54 41 41 38 35 35 33 29 29 29 31
37 39 35 35 22 1 1 0 0 0 0 0 0 0 6 14 14 24 36 43 43 39 33 33 27 16 16 14 16 19 19 10 6 6 2 0 0 0 0 0 0 6 18 18 31 42 42 42 31 18 18 9 9 7 7 18 25 25 27 29 29 29 26 20 20 20 21 21 26 44 60 60 58 43 43 36 22 16 16 14 10 10 7 16 16 27 27 21 21 19 20 20 21 21 16 16 15 14 14 16 21 21 24 25 24 24 19 18 18 20 19 20 20 19 22 22 30 30 27 27 29 25 25 20 10 10 8 22 42 42 38 27 27 21 7 9 9 12 7 7 9 19 19 20 22 39 39 53 66 66 66 67 47 47 30 19 19 9 7 7 12 15 19 19 16 10 10 20 31 32 32 24 18 18 12 1 0 0 0 0 0 0 0 0 7 35 37 37 21 20 20 13 0 0 0 0 0 0 0 0 0 8 9 25 25 39 44 44 38 29 33 33 56 64 64 66 52 52 37 33 26 26 13 1 1 2 9 15 15 22 29 29 32 35 25 25 18 6 6 0 0 0 0 0 0 0 0 0 0 0 0 0 0 0 0 0 0 0 0 0 0 0 0 0 0 0 0 0 0 0 0 0 0 1 7 7 7 2 3 3 0 0 0 0 0 0 0 0 4 4 13 24 24 24 16 10 10 4 0 0 0 0 3 3 2 0 0 2 6 13 13 19 21 21 21 20 20 19 19 22 22 24 22 22 21 20 19 19 18 16 16 15 18 18 22 26 22 22 18 16 16 19 20 15 15 15 18 18 9 3 3 1 2 9 9 13 14 14 12 0 0 0 0 0 0 4 18 32 32 42 33 33 16 3 3 2 9 19 19 19 14 14 0 0 0 0 0 0 0 12 27 27 35 37 29 29 29 18 18 2 0 3 3 13 20 20 10 2 2 10 32 31 31 35 24 24 8 9 22 22 43 59 59 68 81 89 89 78 55 55 33 22 22 19 20 19 19 15 18 18 19 27 53 53 60 61 61 71 73 73 64 60 44 44 29 30 30 44 60 71 71 65 54 54 38 21 21 14 18 18 18 12 12 12 10 14 18 18 16 15 15 19 27 43 43 47 45 45 42 43 43 47 60 74 74 87 89 89 85 85 72 72 53 44 44 41 38 38 35 37 36 36
41 41 45 35 19 19 0 0 0 0 0 0 0 10 18 18 16 24 24 36 33 31 31 29 25 25 15 10 12 12 12 14 14 16 18 18 10 0 0 0 0 6 6 22 36 45 45 41 29 29 15 10 10 12 13 24 24 31 32 32 31 26 14 14 6 7 7 9 15 30 30 38 35 35 24 19 19 10 12 13 13 14 18 18 25 32 31 31 26 20 20 16 15 15 18 18 18 18 16 8 8 14 21 27 27 22 13 13 12 14 14 14 21 24 24 31 42 42 41 30 25 25 22 15 15 4 3 15 15 29 29 29 20 18 18 15 21 24 24 13 10 10 18 22 20 20 33 41 41 48 43 43 44 31 18 18 13 3 3 3 7 9 9 6 3 3 3 8 8 22 27 26 26 21 20 20 14 3 0 0 0 0 0 9 22 45 45 44 27 27 24 15 15 0 0 0 0 0 3 3 4 3 4 4 20 33 33 36 31 31 21 25 43 43 48 52 52 44 33 31 31 29 19 19 2 1 1 1 4 9 9 16 26 26 33 30 30 30 21 2 2 0 0 4 4 0 0 0 0 0 0 0 0 0 0 0 0 0 0 0 0 0 0 0 0 0 0 0 0 0 0 0 0 0 0 0 1 1 1 7 0 0 0 0 0 0 0 0 0 0 8 8 22 25 14 14 8 0 0 0 0 0 0 7 6 6 2 0 0 4 19 31 31 41 41 41 32 22 19 19 18 16 16 14 14 14 14 16 18 18 16 13 13 14 19 22 22 21 14 14 10 13 13 14 10 12 12 15 12 12 6 0 0 0 0 0 0 0 0 0 0 0 0 0 0 0 0 0 10 20 20 20 12 12 7 12 19 19 20 13 13 4 0 0 0 0 0 0 6 19 19 35 43 42 42 35 37 37 30 16 16 12 13 18 18 27 15 15 13 24 49 49 44 38 38 20 0 4 4 22 44 44 55 61 61 72 82 72 72 55 31 31 26 29 32 32 39 36 36 41 38 38 32 47 56 56 65 84 84 93 87 78 78 58 39 39 37 52 52 66 76 68 68 64 47 47 30 20 21 21 21 19 19 16 15 16 16 18 19 19 20 24 24 29 31 33 33 33 35 35 44 55 74 74 93 99 99 102 100 100 100 87 67 67 59 54 54 49 49 48 48 43
41 45 35 35 19 0 0 0 0 0 0 0 10 10 18 16 16 24 36 33 33 31 29 29 25 15 15 10 12 12 12 14 16 16 18 10 0 0 0 0 0 6 22 22 36 45 41 41 29 15 15 10 12 13 13 24 31 31 32 31 26 26 14 6 6 7 9 9 15 30 38 38 35 24 24 19 10 12 12 13 14 14 18 25 25 32 31 26 26 20 16 16 15 18 18 18 18 16 16 8 14 14 21 27 22 22 13 12 12 14 14 21 21 24 31 31 42 41 30 30 25 22 22 15 4 4 3 15 29 29 29 20 20 18 15 21 21 24 13 13 10 18 18 22 20 33 33 41 48 48 43 44 31 31 18 13 13 3 3 3 7 9 6 6 3 3 3 8 22 27 27 26 21 21 20 14 3 3 0 0 0 0 9 9 22 45 44 44 27 24 24 15 0 0 0 0 0 0 3 4 4 3 4 20 20 33 36 36 31 21 25 25 43 48 48 52 44 44 33 31 29 29 19 2 2 1 1 4 4 9 16 16 26 33 30 30 30 21 21 2 0 0 0 4 0 0 0 0 0 0 0 0 0 0 0 0 0 0 0 0 0 0 0 0 0 0 0 0 0 0 0 0 0 0 0 0 1 1 7 7 0 0 0 0 0 0 0 0 0 0 8 22 25 25 14 8 8 0 0 0 0 0 7 7 6 2 2 0 4 19 19 31 41 41 41 32 32 22 19 18 18 16 14 14 14 14 16 16 18 16 16 13 14 14 19 22 21 21 14 10 10 13 14 10 10 12 15 15 12 6 6 0 0 0 0 0 0 0 0 0 0 0 0 0 0 0 0 10 10 20 20 20 12 7 7 12 19 20 20 13 4 4 0 0 0 0 0 6 6 19 35 35 43 42 35 35 37 30 30 16 12 13 13 18 27 27 15 13 13 24 49 44 44 38 20 20 0 4 22 22 44 55 55 61 72 82 82 72 55 55 31 26 26 29 32 39 39 36 41 41 38 32 47 47 56 65 65 84 93 93 87 78 58 58 39 37 37 52 66 76 76 68 64 64 47 30 30 20 21 21 21 19 16 16 15 16 18 18 19 20 20 24 29 31 31 33 33 33 35 44 44 55 74 93 93 99 102 102 100 100 87 87 67 59 59 54 49 49 49 48 43 43
44 44 45 32 13 13 0 0 0 0 4 15 15 19 20 20 21 27 27 32 30 29 29 30 32 32 26 22 22 22 22 24 24 22 19 19 4 0 0 0 0 8 8 27 37 38 38 33 22 22 12 7 7 12 24 36 36 38 33 33 30 20 8 8 0 0 0 0 4 14 14 18 13 13 8 13 13 15 24 29 29 30 38 38 42 38 33 33 26 21 21 19 20 20 22 26 21 21 16 10 10 15 25 29 29 20 12 12 12 16 16 22 38 48 48 52 61 61 58 42 32 32 22 15 15 6 7 20 20 33 38 38 37 33 33 35 36 30 30 20 13 13 16 22 25 25 30 29 29 30 22 22 30 22 16 16 21 9 9 7 10 9 9 1 0 0 0 0 0 13 24 31 31 35 32 32 26 4 4 4 3 12 12 33 45 59 59 49 33 33 22 15 15 0 0 0 0 2 9 9 8 0 1 1 15 27 27 33 29 29 18 16 25 25 26 27 27 27 27 31 31 30 22 22 8 7 7 4 4 7 7 10 16 16 24 25 25 25 25 12 12 18 21 30 30 22 1 1 1 0 0 0 0 0 0 0 0 0 0 0 0 0 0 0 0 0 0 0 0 0 0 0 0 0 0 0 0 0 0 8 7 7 0 0 0 0 0 2 2 9 16 16 24 24 14 14 3 0 0 0 0 0 0 0 0 0 0 0 0 0 14 30 30 43 48 48 36 22 16 16 10 8 8 7 7 7 14 18 19 19 16 10 10 7 9 13 13 9 2 2 0 1 1 2 1 3 3 9 14 14 8 1 0 0 0 0 0 0 0 0 0 0 0 0 0 0 0 0 0 3 3 9 8 8 7 13 19 19 14 3 3 0 0 0 0 1 3 3 10 29 29 44 49 47 47 38 42 42 36 22 22 20 24 31 31 37 22 22 22 36 58 58 47 33 33 13 0 4 4 25 47 47 55 59 59 66 71 55 55 45 32 32 39 52 59 59 61 56 56 56 56 56 41 50 68 68 74 93 93 101 89 78 78 53 32 32 31 39 39 49 58 59 59 55 43 43 31 30 35 35 36 31 31 22 20 19 19 20 22 22 22 24 24 25 30 30 30 29 33 33 44 60 82 82 101 110 110 112 107 107 106 91 76 76 72 71 71 66 70 65 65 49
44 44 29 29 9 0 0 0 1 1 14 21 20 20 21 29 29 35 35 39 39 36 43 43 48 44 44 43 43 42 42 27 18 18 6 0 0 0 0 0 0 13 29 29 35 31 21 21 16 8 8 6 12 35 35 42 41 41 33 29 18 18 4 0 0 0 0 0 0 2 3 3 0 3 3 13 31 42 42 49 52 52 59 55 55 43 36 21 21 20 21 21 26 32 32 32 24 16 16 19 20 20 25 26 16 16 9 14 14 24 39 64 64 73 76 76 81 76 55 55 43 30 30 20 12 12 13 27 43 43 58 64 64 59 53 42 42 35 30 30 22 20 20 26 33 33 33 24 18 18 12 21 21 21 21 30 30 19 15 15 18 12 0 0 0 0 0 0 9 24 24 39 45 45 42 26 0 0 18 18 18 27 54 54 62 68 55 55 38 21 21 12 0 0 0 0 3 3 12 12 12 2 3 16 16 26 32 32 31 18 14 14 18 13 13 10 15 15 21 27 26 26 19 16 16 15 15 14 14 13 9 9 12 16 19 19 15 19 19 14 30 30 37 41 30 30 4 1 1 0 0 0 0 0 0 0 0 0 0 0 0 0 0 0 0 0 0 0 0 0 0 0 0 0 0 0 0 0 3 3 12 0 0 0 2 8 8 14 22 22 32 25 25 25 13 3 3 0 0 0 0 0 0 0 0 0 0 0 0 1 1 19 31 31 43 31 31 19 10 6 6 2 2 2 4 18 21 21 22 16 16 4 0 0 0 2 0 0 0 0 0 0 0 0 0 0 6 6 15 12 12 2 0 0 0 0 0 0 0 0 0 0 0 0 0 0 0 0 0 0 7 7 8 7 7 9 13 8 8 0 0 0 0 0 0 0 3 10 10 31 48 48 49 45 36 36 37 31 31 21 27 39 39 53 53 53 36 27 27 33 49 36 36 22 2 2 0 6 26 26 50 62 62 62 67 68 68 39 39 39 33 53 53 73 81 78 78 68 64 64 68 52 60 60 83 87 87 97 100 100 83 71 44 44 22 19 19 25 32 36 36 47 39 39 32 29 29 38 52 54 54 48 30 30 25 21 21 21 22 24 24 22 22 33 33 32 30 30 33 45 45 64 83 102 102 117 114 114 107 101 89 89 73 76 76 79 82 82 85 77 58 58
44 44 44 29 9 9 0 0 0 1 14 21 21 20 21 21 29 35 35 35 39 36 36 43 48 48 44 43 43 43 42 27 27 18 6 6 0 0 0 0 0 13 13 29 35 31 31 21 16 16 8 6 6 12 35 42 42 41 33 33 29 18 4 4 0 0 0 0 0 2 2 3 0 0 3 13 13 31 42 49 49 52 59 59 55 43 36 36 21 20 20 21 26 26 32 32 24 24 16 19 19 20 25 26 26 16 9 9 14 24 24 39 64 73 73 76 81 81 76 55 43 43 30 20 20 12 13 27 27 43 58 58 64 59 59 53 42 35 35 30 22 22 20 26 33 33 33 24 24 18 12 12 21 21 21 21 30 19 19 15 18 12 12 0 0 0 0 0 0 9 24 39 39 45 42 42 26 0 18 18 18 27 27 54 62 68 68 55 38 38 21 12 12 0 0 0 0 3 12 12 12 2 3 3 16 26 26 32 31 31 18 14 18 18 13 10 10 15 21 27 27 26 19 19 16 15 15 15 14 13 13 9 12 12 16 19 15 15 19 14 14 30 37 41 41 30 4 4 1 0 0 0 0 0 0 0 0 0 0 0 0 0 0 0 0 0 0 0 0 0 0 0 0 0 0 0 0 0 0 3 12 12 0 0 0 2 8 14 14 22 32 32 25 25 13 13 3 0 0 0 0 0 0 0 0 0 0 0 0 0 1 19 19 31 43 43 31 19 10 10 6 2 2 2 4 4 18 21 22 22 16 4 4 0 0 2 2 0 0 0 0 0 0 0 0 0 0 6 15 15 12 2 0 0 0 0 0 0 0 0 0 0 0 0 0 0 0 0 0 0 0 7 8 8 7 9 13 13 8 0 0 0 0 0 0 0 3 3 10 31 31 48 49 45 45 36 37 37 31 21 21 27 39 53 53 53 36 36 27 33 49 49 36 22 22 2 0 6 6 26 50 50 62 62 62 67 68 39 39 39 33 33 53 73 81 81 78 68 68 64 68 68 52 60 83 83 87 97 97 100 83 71 71 44 22 22 19 25 25 32 36 47 47 39 32 32 29 38 52 52 54 48 48 30 25 21 21 21 22 22 24 22 22 22 33 32 32 30 33 33 45 64 83 83 102 117 117 114 107 107 101 89 73 73 76 79 79 82 85 77 77 58
44 41 27 27 12 2 2 4 19 19 26 20 15 15 29 47 47 47 39 38 38 36 45 45 52 50 50 53 50 41 41 29 7 7 0 0 0 0 0 0 0 21 42 42 37 29 20 20 12 2 2 0 8 39 39 44 44 44 35 18 6 6 0 0 0 0 0 0 0 0 0 0 1 13 13 18 30 43 43 59 73 73 81 76 76 65 52 31 31 27 30 30 36 37 29 29 19 18 18 21 30 30 24 13 15 15 26 36 36 44 55 68 68 81 90 90 91 76 53 53 35 25 25 19 15 15 18 27 38 38 55 67 67 71 64 35 35 27 31 31 25 27 27 26 31 29 29 19 15 15 14 18 35 35 37 32 32 26 26 26 29 21 12 12 2 0 0 0 16 37 37 52 56 56 44 26 14 14 29 39 39 55 66 66 65 55 45 45 42 16 16 8 0 0 0 2 9 9 13 10 10 0 3 13 13 24 24 24 13 7 8 8 9 3 3 1 12 12 25 26 25 25 30 36 36 37 31 18 18 10 9 9 12 12 14 14 12 16 16 27 35 35 41 36 20 20 4 0 0 0 0 0 0 0 0 0 0 10 10 14 14 8 8 1 0 0 0 0 0 0 0 0 0 0 0 0 0 0 10 10 18 0 0 0 0 12 12 30 33 33 37 22 15 15 13 13 13 1 0 0 0 0 0 0 0 0 0 0 0 0 0 8 21 21 26 25 25 19 13 8 8 1 0 0 0 7 15 15 22 22 22 12 0 0 0 0 0 0 0 0 0 0 0 2 2 7 8 8 13 6 6 0 0 0 0 0 0 0 0 4 0 0 0 0 0 0 0 0 0 0 0 0 4 0 0 0 0 0 0 0 0 0 0 0 0 0 0 4 4 24 41 41 49 45 42 42 47 29 29 35 42 54 54 70 65 65 42 24 24 22 22 18 18 6 0 0 0 0 20 20 53 67 67 64 50 39 39 29 18 18 24 53 53 78 79 71 71 71 81 81 78 73 82 82 91 97 97 106 105 105 83 67 37 37 20 20 20 20 20 30 30 32 30 30 27 32 32 44 61 67 67 67 31 31 29 27 29 29 36 38 38 35 31 32 32 33 33 33 39 52 52 65 81 95 95 102 105 105 101 89 76 76 71 71 71 72 83 83 81 72 54 54
44 44 41 27 12 12 2 4 4 19 26 20 20 15 29 29 47 47 47 39 38 36 36 45 52 52 50 53 50 50 41 29 29 7 0 0 0 0 0 0 0 21 21 42 37 29 29 20 12 12 2 0 0 8 39 44 44 44 35 35 18 6 0 0 0 0 0 0 0 0 0 0 1 1 13 18 18 30 43 59 59 73 81 81 76 65 52 52 31 27 27 30 36 36 37 29 19 19 18 21 21 30 24 13 13 15 26 26 36 44 44 55 68 81 81 90 91 91 76 53 35 35 25 19 19 15 18 27 27 38 55 55 67 71 71 64 35 27 27 31 25 25 27 26 31 31 29 19 19 15 14 14 18 35 37 37 32 26 26 26 29 21 21 12 2 2 0 0 0 16 37 52 52 56 44 44 26 14 29 29 39 55 55 66 65 55 55 45 42 42 16 8 8 0 0 2 2 9 13 13 10 0 3 3 13 24 24 24 13 13 7 8 9 9 3 1 1 12 25 26 26 25 30 30 36 37 37 31 18 10 10 9 12 12 12 14 12 12 16 27 27 35 41 36 36 20 4 4 0 0 0 0 0 0 0 0 0 0 10 14 14 14 8 1 1 0 0 0 0 0 0 0 0 0 0 0 0 0 0 10 18 18 0 0 0 0 12 30 30 33 37 37 22 15 13 13 13 1 1 0 0 0 0 0 0 0 0 0 0 0 0 8 8 21 26 26 25 19 13 13 8 1 1 0 0 0 7 15 22 22 22 12 12 0 0 0 0 0 0 0 0 0 0 0 2 7 7 8 13 13 6 0 0 0 0 0 0 0 0 4 4 0 0 0 0 0 0 0 0 0 0 0 4 4 0 0 0 0 0 0 0 0 0 0 0 0 0 0 4 24 24 41 49 45 45 42 47 47 29 35 35 42 54 70 70 65 42 42 24 22 22 22 18 6 6 0 0 0 0 20 53 53 67 64 64 50 39 29 29 18 24 24 53 78 79 79 71 71 71 81 78 78 73 82 91 91 97 106 106 105 83 67 67 37 20 20 20 20 20 20 30 32 32 30 27 27 32 44 61 61 67 67 67 31 29 27 27 29 36 36 38 35 35 31 32 33 33 33 39 39 52 65 81 81 95 102 102 105 101 101 89 76 71 71 71 72 72 83 81 72 72 54
42 43 32 32 19 13 13 14 26 26 32 25 19 19 32 48 48 49 43 37 37 32 37 37 44 47 47 49 45 31 31 7 0 0 0 0 0 0 0 13 13 30 38 38 36 29 22 22 16 8 8 4 12 42 42 47 48 48 36 19 4 4 0 0 0 0 1 1 0 0 0 0 7 19 19 25 33 43 43 59 72 72 78 81 81 73 66 41 41 33 26 26 27 27 21 21 16 14 14 13 18 18 15 15 31 31 50 64 64 68 64 73 73 81 88 88 85 68 43 43 25 25 25 25 27 27 32 35 42 42 54 68 68 61 52 27 27 16 19 19 19 26 26 29 29 27 27 18 18 18 15 20 33 33 32 36 36 30 29 29 27 21 15 15 10 4 4 8 25 42 42 49 48 48 41 30 20 20 38 49 49 60 70 70 67 55 43 43 37 18 18 10 1 1 1 7 13 13 16 13 13 2 6 15 15 25 25 25 13 7 6 6 12 8 8 7 18 18 26 27 29 29 36 49 49 48 38 21 21 13 9 9 9 6 9 9 8 15 15 26 30 30 31 26 13 13 3 0 0 0 0 0 0 0 0 0 0 18 18 21 22 15 15 4 0 0 0 0 0 0 0 0 0 0 0 0 0 0 16 16 22 6 6 1 6 16 16 31 35 35 33 24 19 19 18 14 14 4 0 0 0 0 0 0 0 0 0 0 0 0 0 3 13 13 26 25 25 20 15 12 12 4 0 0 0 1 9 9 20 22 22 16 6 6 0 0 0 0 0 0 0 0 0 2 2 6 4 4 3 0 0 0 0 0 0 0 0 0 0 4 0 0 0 0 0 0 0 0 0 0 0 0 0 0 0 0 0 0 0 0 0 0 0 0 0 0 0 1 1 19 38 38 49 53 56 56 61 41 41 42 45 58 58 68 65 65 38 18 18 15 19 18 18 9 0 0 0 0 12 12 42 55 55 53 41 31 31 13 1 1 3 31 31 58 59 53 53 58 72 72 82 88 96 96 97 99 99 102 99 99 78 65 37 37 22 24 24 24 24 31 31 33 31 31 29 32 32 39 53 59 59 58 33 33 32 29 30 30 36 37 37 33 30 30 30 32 32 32 38 49 49 61 74 89 89 93 97 97 95 85 74 74 71 71 71 68 68 68 64 60 48 48
42 42 44 36 27 27 24 26 26 32 31 25 25 24 33 33 47 48 48 44 37 32 32 35 43 43 47 47 39 39 24 6 6 0 0 0 0 0 12 12 14 22 22 26 27 27 27 26 25 25 15 13 13 15 39 47 47 48 37 37 18 1 0 0 0 0 0 2 2 0 0 4 15 15 25 32 32 30 38 49 49 60 70 70 73 71 66 66 45 33 33 20 20 20 22 22 20 20 19 24 24 24 19 22 22 44 68 68 78 78 78 76 79 84 84 88 88 88 67 37 19 19 29 36 36 47 50 48 48 49 55 55 62 58 58 44 26 10 10 16 27 27 31 35 25 25 24 21 21 22 21 21 26 31 25 25 30 24 24 22 20 14 14 10 13 13 13 19 19 33 47 45 45 39 37 37 36 33 47 47 50 58 58 61 59 48 48 36 30 30 19 14 14 8 7 12 12 15 14 14 10 0 4 4 14 24 24 24 13 13 6 6 10 10 12 13 13 20 25 26 26 31 41 41 54 53 53 43 29 16 16 13 13 13 10 6 6 6 14 22 22 24 21 15 15 7 4 4 0 0 0 0 0 0 0 0 0 0 22 27 29 29 21 8 8 0 0 0 0 0 0 0 0 0 0 0 0 0 0 20 29 29 13 9 9 13 18 29 29 29 27 27 21 18 19 19 18 10 10 2 0 0 0 0 0 0 0 0 0 0 0 0 0 2 21 21 22 20 16 16 14 9 9 1 0 0 0 1 15 15 22 20 20 9 0 0 0 0 0 0 0 0 0 0 0 0 0 0 0 0 0 0 0 0 0 0 0 1 4 1 1 0 0 0 0 1 1 0 0 0 0 0 0 0 0 0 0 0 0 0 0 0 0 0 0 0 0 0 0 20 20 42 58 67 67 74 76 76 52 44 44 45 55 65 65 64 38 38 21 16 19 19 18 10 10 1 0 0 0 2 27 27 43 42 42 33 25 6 6 0 0 0 18 43 43 43 41 50 50 66 84 84 99 106 101 101 94 94 94 88 70 59 59 38 27 27 31 32 32 30 36 36 36 32 27 27 26 33 39 39 45 43 43 36 33 32 32 35 36 36 37 35 35 33 30 31 31 32 36 36 43 54 67 67 83 91 91 97 97 97 88 83 84 84 81 74 74 64 55 50 50 42
42 44 36 36 27 24 24 26 32 32 31 25 24 24 33 47 47 48 44 37 37 32 35 35 43 47 47 47 39 24 24 6 0 0 0 0 0 0 12 14 14 22 26 26 27 27 26 26 25 15 15 13 15 39 39 47 48 48 37 18 1 1 0 0 0 0 2 2 2 0 4 4 15 25 25 32 30 38 38 49 60 60 70 73 73 71 66 45 45 33 20 20 20 22 22 22 20 19 19 24 24 24 19 22 44 44 68 78 78 78 76 79 79 84 88 88 88 67 37 37 19 29 29 36 47 47 50 48 49 49 55 62 62 58 44 26 26 10 16 16 27 31 31 35 25 24 24 21 22 22 21 26 31 31 25 30 30 24 22 22 20 14 10 10 13 13 13 19 33 47 47 45 39 39 37 36 33 33 47 50 50 58 61 61 59 48 36 36 30 19 19 14 8 7 7 12 15 15 14 10 10 0 4 14 14 24 24 24 13 6 6 6 10 12 12 13 20 20 25 26 31 31 41 54 54 53 43 29 29 16 13 13 13 10 6 6 6 14 14 22 24 24 21 15 7 7 4 0 0 0 0 0 0 0 0 0 0 22 22 27 29 21 21 8 0 0 0 0 0 0 0 0 0 0 0 0 0 0 20 20 29 13 13 9 13 18 18 29 29 29 27 21 18 18 19 18 18 10 2 2 0 0 0 0 0 0 0 0 0 0 0 0 2 2 21 22 22 20 16 14 14 9 1 1 0 0 1 1 15 22 22 20 9 9 0 0 0 0 0 0 0 0 0 0 0 0 0 0 0 0 0 0 0 0 0 0 1 1 4 1 0 0 0 0 0 1 0 0 0 0 0 0 0 0 0 0 0 0 0 0 0 0 0 0 0 0 0 0 0 20 42 42 58 67 74 74 76 52 52 44 45 55 55 65 64 64 38 21 21 16 19 18 18 10 1 1 0 0 2 2 27 43 43 42 33 25 25 6 0 0 0 18 18 43 43 41 41 50 66 66 84 99 106 106 101 94 94 94 88 88 70 59 38 38 27 31 31 32 30 36 36 36 32 32 27 26 26 33 39 45 45 43 36 36 33 32 35 35 36 37 37 35 33 30 30 31 32 32 36 43 43 54 67 83 83 91 97 97 97 88 83 83 84 81 81 74 64 64 55 50 42 42
41 41 43 39 33 33 32 35 35 35 32 29 29 31 39 39 48 49 49 45 41 39 39 42 45 45 48 48 39 39 26 13 13 0 0 0 0 10 19 19 18 22 22 19 21 26 26 31 35 35 26 22 22 25 32 41 41 44 33 33 14 0 0 0 0 2 2 4 6 7 7 13 22 22 30 35 35 26 32 41 41 49 55 55 60 59 56 56 39 27 27 18 21 21 30 37 39 39 38 38 38 35 31 36 36 58 81 81 88 85 85 83 85 90 90 96 93 93 70 43 29 29 37 48 48 64 68 65 65 60 58 58 56 47 47 33 24 13 13 20 38 38 38 35 26 26 22 24 24 27 30 30 31 26 15 15 16 12 12 9 12 9 9 8 10 10 10 22 22 35 44 37 37 31 36 36 44 45 42 42 39 37 37 41 37 31 31 24 18 18 21 19 19 13 12 10 10 13 7 7 2 0 0 0 8 19 19 21 10 10 7 7 13 13 13 14 14 18 22 25 25 31 41 41 48 47 47 39 30 19 19 19 19 19 20 12 8 8 13 18 18 14 10 6 6 4 6 6 0 0 0 0 0 0 0 0 0 0 19 25 27 27 20 8 8 0 0 0 0 0 0 0 0 0 0 0 0 0 0 18 30 30 18 14 14 10 14 20 20 19 16 16 14 13 18 18 16 14 14 10 6 0 0 0 0 0 0 0 0 0 0 0 0 0 10 10 14 13 12 12 13 9 9 0 0 0 0 0 7 7 19 19 19 8 0 0 0 0 0 0 0 0 0 0 0 0 0 0 0 0 0 0 0 0 0 0 0 7 8 3 3 0 0 0 3 7 7 6 0 0 0 0 0 0 0 0 0 0 0 0 0 0 0 0 0 0 0 0 3 25 25 52 71 79 79 78 68 68 49 39 39 41 48 59 59 66 49 49 33 29 24 24 19 10 10 0 0 0 0 0 19 19 33 36 36 32 25 1 1 0 0 0 3 26 25 25 27 39 39 62 85 85 97 104 99 99 91 88 88 82 67 58 58 42 35 35 41 44 44 44 47 44 44 35 26 26 22 27 32 32 32 32 32 33 33 32 32 36 37 37 39 37 37 36 32 31 31 29 31 31 38 47 61 61 77 97 97 106 107 107 99 97 100 100 96 85 85 67 54 47 47 38
41 43 39 39 33 32 32 35 35 35 32 29 31 31 39 48 48 49 45 41 41 39 42 42 45 48 48 48 39 26 26 13 0 0 0 0 10 10 19 18 18 22 19 19 21 26 31 31 35 26 26 22 25 32 32 41 44 44 33 14 0 0 0 0 0 2 4 4 6 7 13 13 22 30 30 35 26 32 32 41 49 49 55 60 60 59 56 39 39 27 18 18 21 30 37 37 39 38 38 38 35 35 31 36 58 58 81 88 88 85 83 85 85 90 96 96 93 70 43 43 29 37 37 48 64 64 68 65 60 60 58 56 56 47 33 24 24 13 20 20 38 38 38 35 26 22 22 24 27 27 30 31 26 26 15 16 16 12 9 9 12 9 8 8 10 10 10 22 35 44 44 37 31 31 36 44 45 45 42 39 39 37 41 41 37 31 24 24 18 21 21 19 13 12 12 10 13 13 7 2 2 0 0 8 8 19 21 21 10 7 7 7 13 13 13 14 18 18 22 25 31 31 41 48 48 47 39 30 30 19 19 19 19 20 12 12 8 13 13 18 14 14 10 6 4 4 6 0 0 0 0 0 0 0 0 0 0 19 19 25 27 20 20 8 0 0 0 0 0 0 0 0 0 0 0 0 0 0 18 18 30 18 18 14 10 14 14 20 19 19 16 14 13 13 18 16 16 14 10 10 6 0 0 0 0 0 0 0 0 0 0 0 0 0 10 14 14 13 12 13 13 9 0 0 0 0 0 0 7 19 19 19 8 8 0 0 0 0 0 0 0 0 0 0 0 0 0 0 0 0 0 0 0 0 0 0 7 7 8 3 0 0 0 3 3 7 6 0 0 0 0 0 0 0 0 0 0 0 0 0 0 0 0 0 0 0 0 3 3 25 52 52 71 79 78 78 68 49 49 39 41 48 48 59 66 66 49 33 33 29 24 19 19 10 0 0 0 0 0 0 19 33 33 36 32 25 25 1 0 0 0 3 3 26 25 27 27 39 62 62 85 97 104 104 99 91 91 88 82 82 67 58 42 42 35 41 41 44 44 47 47 44 35 35 26 22 22 27 32 32 32 32 33 33 33 32 36 36 37 39 39 37 36 32 32 31 29 29 31 38 38 47 61 77 77 97 106 106 107 99 97 97 100 96 96 85 67 67 54 47 38 38
39 39 42 39 37 37 38 38 38 42 38 37 37 43 48 48 52 52 52 48 43 43 43 44 47 47 48 48 44 44 37 25 25 12 7 7 4 12 18 18 20 25 25 22 25 31 31 39 44 44 38 29 29 30 31 37 37 39 32 32 13 0 0 0 0 0 0 3 9 13 13 19 24 24 27 27 27 20 27 36 36 42 47 47 48 45 42 42 27 21 21 20 29 29 45 58 64 64 64 56 56 50 48 52 52 65 83 83 90 89 89 83 89 95 95 100 93 93 71 48 38 38 41 53 53 65 73 74 74 70 59 59 47 38 38 26 30 27 27 36 55 55 48 33 24 24 20 26 26 29 31 31 31 20 6 6 6 0 0 2 8 12 12 14 15 15 12 15 15 25 33 29 29 25 35 35 47 50 29 29 21 14 14 13 14 13 13 10 10 10 19 18 18 14 10 7 7 2 0 0 0 0 0 0 1 15 15 16 10 10 6 8 18 18 16 13 13 13 19 21 21 25 33 33 37 37 37 33 27 22 22 24 27 27 29 22 19 19 14 10 10 8 2 0 0 4 4 4 0 0 0 0 0 0 0 0 0 0 12 18 20 20 14 4 4 0 0 0 0 0 0 0 0 0 0 0 0 0 0 19 31 31 19 14 14 9 8 15 15 14 10 10 7 4 8 8 12 10 10 13 9 2 2 0 0 0 0 0 0 0 0 0 0 0 0 0 3 4 3 3 6 3 3 0 0 0 0 0 0 0 9 10 10 3 0 0 0 0 0 0 0 0 0 0 0 0 0 0 0 0 0 0 0 0 0 6 6 13 13 8 8 3 2 2 7 8 8 2 0 0 0 0 0 0 0 0 0 0 0 0 0 0 0 0 0 0 0 0 7 29 29 56 77 84 84 70 47 47 38 33 33 33 44 62 62 71 64 64 55 44 33 33 24 13 13 3 0 0 0 0 12 12 24 32 32 30 25 2 2 0 0 0 0 18 15 15 20 39 39 61 82 82 89 94 94 94 91 88 88 84 72 67 67 58 52 52 53 55 55 58 60 49 49 37 25 25 22 29 32 32 31 25 25 32 33 35 35 37 38 38 38 38 38 36 36 33 33 29 29 29 35 41 56 56 76 105 105 113 113 113 108 108 113 113 108 97 97 73 56 45 45 36
41 43 41 41 39 39 39 41 48 48 45 47 50 50 50 49 49 49 45 36 36 37 38 38 37 36 36 38 41 39 39 35 21 21 14 4 2 2 9 13 13 22 26 26 29 36 43 43 48 39 39 32 29 33 33 35 36 36 27 10 0 0 0 0 0 0 1 1 9 14 20 20 20 19 19 18 12 20 20 30 35 35 37 37 37 33 30 19 19 16 20 20 32 52 66 66 77 81 81 72 66 66 58 53 58 58 68 81 81 82 84 90 90 95 93 93 84 62 47 47 38 35 35 43 55 55 64 74 72 72 59 42 42 37 31 39 39 44 52 52 62 58 58 36 21 18 18 21 22 22 26 27 13 13 1 0 0 0 0 0 12 16 19 19 16 12 12 8 10 16 16 15 15 15 29 42 42 42 19 10 10 3 1 1 1 2 1 1 2 12 12 10 8 2 2 0 0 0 0 0 0 0 0 0 0 14 15 15 7 3 3 3 16 14 14 9 9 9 13 14 16 16 22 21 21 21 25 25 25 29 33 33 39 44 32 32 26 16 16 8 6 6 2 3 7 7 9 0 0 0 0 0 0 0 0 0 0 4 4 10 10 7 7 1 0 0 0 0 0 0 0 0 0 0 0 0 0 2 22 22 35 22 22 16 9 9 9 19 15 15 14 3 0 0 0 2 2 3 4 4 3 0 0 0 0 0 0 0 0 0 0 0 0 0 0 0 0 0 0 0 0 0 0 0 0 0 0 0 0 0 0 0 0 0 0 0 0 0 0 0 0 0 0 0 0 0 0 0 0 0 0 0 0 1 1 10 19 19 19 15 12 12 8 8 8 6 0 0 0 0 0 0 0 0 0 0 0 0 0 0 0 0 0 0 0 0 0 13 13 37 61 61 77 81 58 58 27 25 25 25 32 48 48 68 77 77 77 73 73 62 48 38 38 32 22 22 9 3 3 3 9 18 18 22 25 21 21 9 0 0 0 0 0 14 16 27 27 49 65 65 76 73 78 78 88 90 90 93 91 91 85 83 76 76 66 62 62 61 61 62 62 49 37 37 29 29 29 32 35 30 30 25 32 32 35 36 38 38 38 37 37 36 33 38 38 36 31 31 30 33 33 36 53 73 73 108 114 114 116 113 112 112 118 114 114 106 82 82 65 54 45 45
41 41 43 41 39 39 39 41 41 48 45 47 47 50 50 50 49 49 49 45 36 37 37 38 37 37 36 38 41 41 39 35 35 21 14 14 4 2 9 9 13 22 22 26 29 36 36 43 48 48 39 32 32 29 33 35 35 36 27 27 10 0 0 0 0 0 0 1 9 14 14 20 20 20 19 18 18 12 20 30 30 35 37 37 37 33 30 30 19 16 16 20 32 32 52 66 77 77 81 72 72 66 58 53 53 58 68 68 81 82 82 84 90 95 95 93 84 84 62 47 38 38 35 43 43 55 64 74 74 72 59 59 42 37 37 31 39 44 44 52 62 62 58 36 21 21 18 21 21 22 26 26 27 13 1 1 0 0 0 0 12 16 16 19 16 16 12 8 8 10 16 15 15 15 29 29 42 42 19 19 10 3 3 1 1 2 2 1 2 2 12 10 10 8 2 0 0 0 0 0 0 0 0 0 0 14 14 15 7 7 3 3 16 16 14 9 9 9 13 14 14 16 22 22 21 21 21 25 25 29 29 33 39 39 44 32 26 26 16 8 8 6 2 3 3 7 9 9 0 0 0 0 0 0 0 0 0 0 4 10 10 10 7 1 1 0 0 0 0 0 0 0 0 0 0 0 0 2 2 22 35 35 22 16 16 9 9 19 19 15 14 14 3 0 0 0 2 3 3 4 3 0 0 0 0 0 0 0 0 0 0 0 0 0 0 0 0 0 0 0 0 0 0 0 0 0 0 0 0 0 0 0 0 0 0 0 0 0 0 0 0 0 0 0 0 0 0 0 0 0 0 0 0 0 1 10 10 19 19 15 15 12 8 8 8 6 6 0 0 0 0 0 0 0 0 0 0 0 0 0 0 0 0 0 0 0 0 0 13 37 37 61 77 81 81 58 27 27 25 25 25 32 48 68 68 77 77 77 73 62 48 48 38 32 32 22 9 3 3 3 9 9 18 22 22 25 21 9 9 0 0 0 0 14 16 16 27 49 49 65 76 76 73 78 88 88 90 93 93 91 85 83 83 76 66 66 62 61 61 61 62 49 49 37 29 29 29 32 35 35 30 25 25 32 35 36 36 38 38 38 37 36 36 33 38 36 36 31 30 30 33 36 53 53 73 108 108 114 116 116 113 112 118 118 114 106 106 82 65 54 54 45
44 44 42 42 42 43 43 43 48 48 48 50 50 50 44 42 42 42 37 31 31 31 27 27 20 21 21 25 29 32 32 30 18 18 9 0 0 0 6 10 10 21 27 27 29 35 44 44 50 44 44 35 32 35 35 32 30 30 22 8 0 0 0 0 0 0 0 0 4 15 16 16 14 12 12 12 6 13 13 24 29 29 30 29 29 22 19 12 12 13 15 15 24 38 56 56 72 81 81 76 65 65 54 49 48 48 64 79 79 87 89 94 94 93 84 84 76 61 45 45 37 29 29 38 47 47 59 74 81 81 68 50 50 43 41 48 48 56 54 54 55 53 53 31 21 14 14 15 14 14 19 24 13 13 4 1 1 0 6 6 14 16 14 14 13 7 7 2 0 1 1 3 7 7 20 29 27 27 19 12 12 6 2 2 0 0 0 0 0 1 1 1 0 0 0 0 0 0 0 0 0 0 0 0 0 13 10 10 0 0 0 0 0 2 2 3 3 3 8 8 10 10 14 12 12 15 20 26 26 33 42 42 50 56 35 35 30 20 20 13 14 14 16 15 15 15 19 10 10 2 0 0 0 0 0 0 0 0 0 1 0 0 0 0 0 0 0 0 0 0 0 0 0 0 0 0 0 6 26 26 38 26 26 19 13 16 16 25 22 22 19 7 0 0 0 0 0 0 0 0 0 0 0 0 0 0 0 0 0 0 0 0 0 0 0 0 0 0 0 0 0 0 0 0 0 0 0 0 0 0 0 0 0 0 0 0 0 0 0 0 0 0 0 0 0 0 0 0 0 0 0 0 6 9 9 15 21 21 21 19 14 14 10 10 10 7 0 0 0 0 0 0 0 0 0 0 0 0 0 0 0 0 0 0 6 6 15 30 30 52 72 72 82 76 54 54 18 18 18 18 30 47 47 68 78 78 83 88 88 85 73 68 68 65 55 55 44 33 24 24 19 18 18 20 20 19 19 10 0 0 0 0 0 9 19 37 37 62 71 71 71 55 55 55 68 77 77 88 94 94 100 99 93 93 78 64 64 55 52 49 49 37 31 31 30 33 33 36 33 29 29 24 30 30 33 37 39 39 38 37 37 35 32 38 38 37 35 35 36 36 36 36 50 71 71 104 107 107 110 106 107 107 112 111 111 106 89 89 77 68 61 61
44 44 44 42 42 42 43 43 43 48 48 50 50 50 44 44 42 42 42 37 31 31 31 27 20 20 21 25 29 29 32 30 30 18 9 9 0 0 6 6 10 21 21 27 29 35 35 44 50 50 44 35 35 32 35 32 32 30 22 22 8 0 0 0 0 0 0 0 4 15 15 16 14 14 12 12 12 6 13 24 24 29 30 30 29 22 19 19 12 13 13 15 24 24 38 56 72 72 81 76 76 65 54 49 49 48 64 64 79 87 87 89 94 93 93 84 76 76 61 45 37 37 29 38 38 47 59 74 74 81 68 68 50 43 43 41 48 56 56 54 55 55 53 31 21 21 14 15 15 14 19 19 24 13 4 4 1 0 0 6 14 16 16 14 13 13 7 2 2 0 1 3 3 7 20 20 29 27 19 19 12 6 6 2 0 0 0 0 0 0 1 1 1 0 0 0 0 0 0 0 0 0 0 0 0 13 13 10 0 0 0 0 0 0 2 3 3 3 8 8 8 10 14 14 12 15 15 20 26 33 33 42 50 50 56 35 30 30 20 13 13 14 16 15 15 15 19 19 10 2 2 0 0 0 0 0 0 0 0 1 0 0 0 0 0 0 0 0 0 0 0 0 0 0 0 0 0 6 6 26 38 38 26 19 19 13 16 25 25 22 19 19 7 0 0 0 0 0 0 0 0 0 0 0 0 0 0 0 0 0 0 0 0 0 0 0 0 0 0 0 0 0 0 0 0 0 0 0 0 0 0 0 0 0 0 0 0 0 0 0 0 0 0 0 0 0 0 0 0 0 0 0 6 6 9 15 15 21 21 19 19 14 10 10 10 7 7 0 0 0 0 0 0 0 0 0 0 0 0 0 0 0 0 0 0 6 15 15 30 52 52 72 82 76 76 54 18 18 18 18 18 30 47 68 68 78 83 83 88 85 73 73 68 65 65 55 44 33 33 24 19 19 18 20 20 20 19 10 10 0 0 0 0 9 19 19 37 62 62 71 71 71 55 55 68 68 77 88 88 94 100 99 99 93 78 78 64 55 55 52 49 37 37 31 30 30 33 36 33 33 29 24 24 30 33 37 37 39 38 38 37 35 35 32 38 37 37 35 36 36 36 36 50 50 71 104 104 107 110 110 106 107 112 112 111 106 106 89 77 68 68 61
47 47 45 45 44 45 45 45 49 49 50 54 49 49 37 36 36 36 31 32 32 27 19 19 9 10 10 14 19 22 22 29 18 18 8 0 0 0 2 7 7 15 29 29 31 36 49 49 55 52 52 44 42 32 32 26 21 21 18 7 0 0 0 0 0 0 0 0 2 12 13 13 9 8 8 8 3 13 13 24 29 29 29 26 26 20 13 7 7 6 7 7 12 24 44 44 61 74 74 81 68 68 55 47 47 47 64 84 84 93 96 99 99 89 78 78 72 61 47 47 39 33 33 41 52 52 65 83 94 94 84 67 67 55 58 61 61 67 56 56 50 53 53 31 24 14 14 14 9 9 13 20 15 15 8 8 8 7 12 12 15 13 8 8 7 3 3 1 0 0 0 0 0 0 10 19 14 14 20 16 16 10 8 8 4 0 0 0 0 0 0 0 0 0 0 0 0 0 0 0 0 0 0 1 1 12 6 6 0 0 0 0 0 0 0 0 0 0 2 3 7 7 13 14 14 18 24 30 30 38 43 43 52 58 32 32 31 24 24 18 24 24 31 29 27 27 21 14 14 3 0 0 0 3 1 1 1 0 0 0 0 0 0 0 0 0 0 0 0 0 0 0 0 0 0 0 0 7 26 26 39 27 27 21 16 22 22 31 29 29 21 10 0 0 0 0 0 0 0 0 0 0 0 0 0 0 0 0 0 0 0 0 0 0 0 0 0 3 0 0 0 0 0 0 0 1 0 0 0 0 0 0 0 0 0 0 0 0 0 0 0 0 0 0 0 0 0 0 0 0 0 4 14 14 14 16 21 21 21 18 14 14 13 12 12 7 0 0 0 0 0 0 7 4 4 0 0 0 0 0 4 4 7 13 24 24 35 48 48 68 85 85 88 73 55 55 16 14 14 13 26 45 45 62 76 76 87 99 99 101 97 96 96 88 77 77 76 59 43 43 29 20 20 19 20 19 19 12 1 1 0 0 0 12 22 48 48 77 78 78 68 42 35 35 48 59 59 77 91 91 105 106 100 100 83 61 61 45 38 32 32 24 24 24 30 33 33 35 31 25 25 22 26 26 30 36 39 39 39 37 37 35 32 38 38 38 37 37 39 38 38 37 50 68 68 93 95 95 96 96 97 97 99 100 100 100 94 94 83 77 72 72
58 58 55 52 52 52 49 48 48 42 44 44 44 43 37 37 32 32 32 35 35 35 35 27 15 15 9 16 24 24 29 29 29 22 14 14 7 3 7 7 14 21 21 27 37 42 42 61 71 71 65 54 54 43 32 25 25 18 12 12 4 0 0 0 0 0 0 0 0 3 3 2 2 2 4 7 7 3 10 19 19 22 26 26 29 26 20 20 8 4 4 0 0 0 2 29 60 60 68 83 83 74 59 43 43 44 67 67 93 99 99 106 100 87 87 74 65 65 53 48 56 56 50 60 60 74 89 100 100 102 91 91 78 76 76 65 66 71 71 61 49 49 41 27 27 27 15 7 7 4 8 8 12 12 8 8 6 10 10 14 12 10 10 10 7 7 3 1 1 0 0 0 0 7 10 10 7 3 15 15 19 24 24 24 30 6 6 0 0 0 0 0 0 0 0 0 0 0 0 0 0 0 0 0 0 0 0 0 0 0 0 0 0 0 0 0 0 0 0 4 4 13 20 20 18 27 27 32 37 42 42 37 41 41 50 20 18 18 24 33 33 44 52 41 41 24 14 14 6 0 0 0 0 0 0 6 8 8 0 0 0 0 0 0 0 0 0 0 0 0 0 0 0 0 0 0 0 0 0 3 19 19 27 18 18 10 14 20 20 22 16 16 8 0 0 0 0 0 0 0 0 0 0 0 0 0 0 0 0 0 0 0 0 4 16 16 20 13 6 6 0 0 0 0 0 0 4 2 0 0 0 0 0 0 0 0 0 0 0 0 0 0 0 0 0 0 0 0 0 0 0 0 6 6 9 12 12 14 14 13 13 12 6 6 4 3 3 0 0 0 0 0 14 14 7 0 0 0 1 13 13 20 21 21 27 41 54 54 68 83 83 93 91 77 77 56 32 32 29 27 27 39 54 72 72 85 90 90 97 105 111 111 107 101 101 97 89 85 85 73 52 52 36 36 36 32 20 7 7 0 0 0 0 0 20 20 48 74 74 78 56 56 25 13 26 26 38 52 52 67 84 94 94 102 94 94 72 53 53 45 44 39 39 42 43 43 42 32 25 25 24 25 25 36 37 33 33 31 35 35 35 31 31 31 39 41 41 43 44 44 43 45 52 52 61 82 82 88 83 83 81 83 87 87 89 88 88 82 76 70 70 62
58 55 52 52 52 49 49 48 42 42 44 44 43 43 37 32 32 32 35 35 35 35 27 27 15 9 9 16 24 29 29 29 22 22 14 7 3 3 7 14 14 21 27 27 37 42 61 61 71 65 65 54 43 32 32 25 18 18 12 4 0 0 0 0 0 0 0 0 0 3 2 2 2 4 4 7 3 10 10 19 22 22 26 29 29 26 20 8 8 4 0 0 0 2 29 29 60 68 68 83 74 74 59 43 44 44 67 93 93 99 106 100 100 87 74 74 65 53 48 48 56 50 50 60 74 74 89 100 102 102 91 78 78 76 65 66 66 71 61 61 49 41 41 27 27 15 15 7 4 4 8 12 12 12 8 6 6 10 14 14 12 10 10 10 7 3 3 1 0 0 0 0 7 7 10 7 3 3 15 19 19 24 24 24 30 6 0 0 0 0 0 0 0 0 0 0 0 0 0 0 0 0 0 0 0 0 0 0 0 0 0 0 0 0 0 0 0 0 0 4 13 13 20 18 18 27 32 37 37 42 37 37 41 50 20 20 18 24 24 33 44 44 52 41 24 24 14 6 6 0 0 0 0 0 6 6 8 0 0 0 0 0 0 0 0 0 0 0 0 0 0 0 0 0 0 0 0 0 3 3 19 27 27 18 10 14 14 20 22 22 16 8 0 0 0 0 0 0 0 0 0 0 0 0 0 0 0 0 0 0 0 0 4 4 16 20 20 13 6 0 0 0 0 0 0 4 2 2 0 0 0 0 0 0 0 0 0 0 0 0 0 0 0 0 0 0 0 0 0 0 0 0 6 9 9 12 14 14 14 13 12 12 6 4 4 3 0 0 0 0 0 0 14 7 7 0 0 1 1 13 20 20 21 27 41 41 54 68 68 83 93 93 91 77 56 56 32 29 29 27 39 54 54 72 85 85 90 97 97 105 111 107 107 101 97 97 89 85 73 73 52 36 36 36 32 20 20 7 0 0 0 0 0 0 20 48 48 74 78 78 56 25 13 13 26 38 38 52 67 67 84 94 102 102 94 72 72 53 45 44 44 39 42 42 43 42 42 32 25 24 24 25 36 36 37 33 31 31 35 35 35 31 31 39 39 41 43 43 44 43 43 45 52 61 61 82 88 88 83 81 83 83 87 89 89 88 82 82 76 70 62 62
55 55 49 45 43 43 41 39 39 39 37 39 39 41 42 42 37 35 35 32 38 37 37 32 20 20 14 15 22 22 26 31 31 25 18 18 10 4 6 6 14 21 21 35 43 48 48 60 66 66 58 45 45 35 26 19 19 14 7 7 1 0 0 0 0 0 0 0 0 0 0 0 0 0 3 4 4 7 10 18 18 26 31 31 32 26 20 20 4 2 2 0 0 0 3 25 56 56 64 70 70 61 50 43 43 47 67 67 84 87 87 91 87 76 76 64 55 55 47 52 65 65 72 81 81 88 95 102 102 106 99 99 90 84 84 73 74 77 77 65 48 48 36 25 24 24 13 3 3 0 0 0 0 0 0 0 4 10 10 14 13 12 12 14 9 9 3 6 6 0 0 0 0 12 15 15 14 10 22 22 25 29 29 25 26 0 0 0 0 0 0 1 1 1 0 0 0 0 0 0 0 0 0 0 0 0 0 0 0 0 0 0 0 0 0 0 0 0 0 3 3 13 20 20 15 20 20 25 30 32 32 30 31 31 29 13 10 10 16 30 30 43 52 42 42 22 9 9 1 0 0 0 0 6 6 10 12 12 3 0 0 0 0 0 0 0 0 0 0 0 0 0 0 0 0 0 0 0 0 0 10 10 22 19 19 12 9 9 9 13 8 8 10 0 0 0 0 0 0 0 0 0 0 0 0 0 0 0 0 0 0 7 7 18 21 21 22 12 6 6 0 0 0 0 0 0 2 1 0 0 0 0 0 0 0 0 0 0 0 0 0 0 0 0 0 0 0 0 0 0 0 0 1 1 4 6 6 8 8 13 13 14 8 8 6 2 2 0 0 0 0 0 12 12 8 2 4 4 9 19 19 27 33 33 42 55 66 66 73 85 85 96 97 95 95 78 56 56 54 44 44 53 61 77 77 87 90 90 93 99 107 107 108 108 108 110 104 102 102 93 71 71 50 45 45 39 30 8 8 0 0 0 0 3 20 20 43 65 65 76 59 59 30 13 19 19 29 37 37 52 67 79 79 90 93 93 78 62 62 56 58 58 58 58 53 53 39 26 21 21 24 29 29 31 27 21 21 21 26 26 33 33 33 36 36 37 37 39 41 41 39 41 45 45 54 66 66 76 73 73 74 79 81 81 78 72 72 67 64 58 58 50
55 49 45 45 43 41 41 39 39 39 37 39 41 41 42 37 37 35 32 38 38 37 32 32 20 14 14 15 22 26 26 31 25 25 18 10 4 4 6 14 14 21 35 35 43 48 60 60 66 58 58 45 35 26 26 19 14 14 7 1 0 0 0 0 0 0 0 0 0 0 0 0 0 3 3 4 7 10 10 18 26 26 31 32 32 26 20 4 4 2 0 0 0 3 25 25 56 64 64 70 61 61 50 43 47 47 67 84 84 87 91 87 87 76 64 64 55 47 52 52 65 72 72 81 88 88 95 102 106 106 99 90 90 84 73 74 74 77 65 65 48 36 36 25 24 13 13 3 0 0 0 0 0 0 0 4 4 10 14 14 13 12 14 14 9 3 3 6 0 0 0 0 12 12 15 14 10 10 22 25 25 29 25 25 26 0 0 0 0 0 0 1 1 0 0 0 0 0 0 0 0 0 0 0 0 0 0 0 0 0 0 0 0 0 0 0 0 0 0 3 13 13 20 15 15 20 25 30 30 32 30 30 31 29 13 13 10 16 16 30 43 43 52 42 22 22 9 1 1 0 0 0 0 6 10 10 12 3 3 0 0 0 0 0 0 0 0 0 0 0 0 0 0 0 0 0 0 0 0 0 10 22 22 19 12 9 9 9 13 13 8 10 0 0 0 0 0 0 0 0 0 0 0 0 0 0 0 0 0 0 0 7 18 18 21 22 22 12 6 0 0 0 0 0 0 2 1 1 0 0 0 0 0 0 0 0 0 0 0 0 0 0 0 0 0 0 0 0 0 0 0 0 1 4 4 6 8 8 8 13 14 14 8 6 6 2 0 0 0 0 0 0 12 8 8 2 4 9 9 19 27 27 33 42 55 55 66 73 73 85 96 96 97 95 78 78 56 54 54 44 53 61 61 77 87 87 90 93 93 99 107 108 108 108 110 110 104 102 93 93 71 50 50 45 39 30 30 8 0 0 0 0 0 3 20 43 43 65 76 76 59 30 13 13 19 29 29 37 52 52 67 79 90 90 93 78 78 62 56 58 58 58 58 58 53 39 39 26 21 24 24 29 31 31 27 21 21 21 26 33 33 33 36 36 36 37 39 39 41 39 39 41 45 54 54 66 76 76 73 74 79 79 81 78 78 72 67 67 64 58 50 50
60 60 49 42 36 36 33 35 35 37 33 33 33 39 45 45 44 38 38 33 39 39 39 36 31 31 24 21 25 25 27 35 35 32 25 25 18 12 10 10 19 29 29 39 49 52 52 56 58 58 47 35 35 24 18 13 13 9 4 4 0 0 0 0 0 0 0 0 0 0 0 0 0 0 4 4 4 16 18 22 22 31 38 38 38 32 22 22 8 4 4 4 9 9 8 19 41 41 47 49 49 44 41 38 38 44 59 59 67 65 65 70 67 59 59 52 44 44 39 54 76 76 85 88 88 90 90 93 93 101 105 105 106 93 93 81 79 84 84 71 50 50 33 24 19 19 13 0 0 0 0 0 0 0 0 0 0 12 12 18 18 21 21 25 22 22 15 18 18 8 0 6 6 19 24 24 22 19 31 31 32 32 32 26 18 0 0 0 0 0 4 7 7 7 2 0 0 0 0 0 0 0 0 0 0 0 0 0 0 0 0 0 0 0 0 0 0 0 0 3 3 12 15 15 9 9 9 13 15 19 19 21 20 20 9 6 2 2 8 21 21 38 47 38 38 19 4 4 1 0 0 0 9 18 18 24 25 25 10 0 0 0 0 0 0 0 0 0 0 0 0 0 0 0 0 0 0 0 0 0 0 0 15 18 18 10 3 0 0 3 1 1 6 1 2 2 2 0 0 4 9 10 10 1 0 0 0 0 0 0 0 12 12 22 24 24 20 8 3 3 1 2 2 2 0 0 0 0 0 0 0 0 0 0 0 0 0 0 0 0 0 0 0 0 0 0 0 0 0 0 0 0 0 0 0 1 1 6 8 13 13 16 15 15 13 7 7 0 0 0 0 0 15 15 13 9 13 13 15 26 26 32 44 44 55 71 81 81 84 90 90 100 105 111 111 101 87 87 81 64 64 62 66 77 77 79 83 83 84 89 99 99 107 112 112 117 119 119 119 112 88 88 67 56 56 50 42 12 12 0 0 0 0 16 29 29 49 67 67 76 68 68 39 16 14 14 20 26 26 33 50 61 61 77 88 88 84 73 73 70 76 84 84 81 65 65 42 22 19 19 24 30 30 22 16 7 7 8 20 20 32 35 35 37 32 33 33 35 38 38 37 37 39 39 44 54 54 61 60 60 68 78 77 77 70 60 60 53 49 45 45 41
60 49 38 38 32 31 31 31 35 35 32 36 44 44 50 50 50 41 35 35 35 36 37 37 35 31 31 26 29 32 32 38 36 36 33 26 18 18 15 25 25 36 42 42 50 50 52 52 48 36 36 26 18 12 12 8 7 7 3 0 0 0 0 0 0 0 0 0 0 0 0 0 0 9 9 8 20 20 20 24 32 32 42 43 43 35 25 12 12 12 13 13 18 9 9 9 25 29 29 32 32 32 32 36 41 41 49 53 53 50 49 50 50 49 45 45 36 33 53 53 77 89 89 89 87 87 82 84 93 93 108 114 114 100 84 81 81 85 77 77 54 33 33 22 16 9 9 0 0 0 0 0 0 0 0 2 2 15 22 22 25 27 33 33 32 25 25 22 13 9 9 14 24 24 32 31 24 24 30 31 31 33 25 25 12 0 0 0 0 4 4 8 8 8 8 8 6 6 0 0 0 0 0 0 0 0 0 0 0 0 2 2 0 0 0 0 0 0 0 8 13 13 13 8 8 7 12 10 10 10 18 18 16 10 8 8 2 2 2 9 24 24 36 32 18 18 7 7 7 7 8 14 14 22 32 32 36 15 15 0 0 0 0 0 0 0 0 0 0 0 0 0 0 0 0 0 0 0 0 0 0 9 9 14 7 0 0 0 0 0 0 2 3 3 7 8 8 7 10 10 16 16 4 4 0 0 0 0 0 0 0 9 15 15 18 12 12 1 0 3 3 8 9 9 4 0 0 0 0 0 0 0 0 0 1 4 0 0 0 0 0 0 0 0 0 0 0 0 0 0 0 0 0 0 0 4 12 12 16 19 24 24 26 24 24 15 4 1 1 8 12 12 25 21 21 21 25 26 26 32 37 37 45 55 72 72 85 88 88 94 104 104 110 117 116 116 104 94 94 72 65 64 64 72 73 73 78 78 78 84 95 105 105 112 118 118 124 124 116 116 99 79 79 71 65 54 54 18 0 0 0 14 14 32 45 61 61 73 83 83 74 48 22 22 15 21 21 24 21 21 41 48 66 66 79 83 83 76 77 87 87 97 93 93 72 42 42 21 21 27 27 29 15 15 8 0 2 2 16 29 29 32 33 32 32 35 38 38 39 41 41 38 38 41 41 45 54 54 56 66 79 79 77 70 70 58 42 42 39 39 37 37
60 60 49 38 32 32 31 31 31 35 32 36 36 44 50 50 50 41 41 35 35 36 36 37 35 35 31 26 29 29 32 38 38 36 33 33 26 18 15 15 25 36 36 42 50 50 50 52 48 48 36 26 26 18 12 8 8 7 3 3 0 0 0 0 0 0 0 0 0 0 0 0 0 0 9 8 8 20 20 24 24 32 42 42 43 35 25 25 12 12 12 13 18 18 9 9 25 25 29 32 32 32 32 36 36 41 49 49 53 50 50 49 50 49 49 45 36 36 33 53 77 77 89 89 89 87 82 84 84 93 108 108 114 100 100 84 81 85 85 77 54 54 33 22 16 16 9 0 0 0 0 0 0 0 0 0 2 15 15 22 25 27 27 33 32 32 25 22 22 13 9 14 14 24 32 32 31 24 30 30 31 33 33 25 12 0 0 0 0 0 4 8 8 8 8 8 8 6 0 0 0 0 0 0 0 0 0 0 0 0 0 2 0 0 0 0 0 0 0 8 8 13 13 13 8 7 7 12 10 10 10 18 16 16 10 8 2 2 2 9 9 24 36 32 32 18 7 7 7 7 7 8 14 22 22 32 36 36 15 0 0 0 0 0 0 0 0 0 0 0 0 0 0 0 0 0 0 0 0 0 0 0 9 14 14 7 0 0 0 0 0 0 2 3 7 7 8 7 7 10 16 16 16 4 0 0 0 0 0 0 0 9 9 15 18 18 12 1 0 0 3 8 8 9 4 4 0 0 0 0 0 0 0 0 1 4 4 0 0 0 0 0 0 0 0 0 0 0 0 0 0 0 0 0 0 4 4 12 16 19 19 24 26 26 24 15 15 4 1 8 8 12 25 25 21 21 25 25 26 32 32 37 45 45 55 72 85 85 88 94 94 104 110 117 117 116 104 104 94 72 72 65 64 72 72 73 78 78 78 84 95 95 105 112 112 118 124 124 124 116 99 99 79 71 71 65 54 18 18 0 0 0 14 32 45 45 61 73 73 83 74 74 48 22 15 15 21 24 24 21 41 48 48 66 79 79 83 76 76 77 87 97 97 93 72 72 42 21 21 21 27 29 29 15 8 0 0 2 16 16 29 32 32 33 32 35 35 38 39 39 41 38 38 38 41 45 45 54 56 56 66 79 77 77 70 58 58 42 39 39 39 37
55 45 36 36 30 26 26 25 32 32 32 39 48 48 54 49 49 43 36 32 32 35 38 38 36 29 29 22 26 33 33 43 41 41 36 30 20 20 14 24 24 35 44 44 53 52 48 48 44 32 32 25 15 9 9 7 6 6 6 4 1 1 0 0 0 0 0 0 0 0 0 0 0 8 8 7 10 10 10 16 29 29 41 42 42 33 26 16 16 13 12 12 14 4 2 2 18 24 24 26 35 35 41 45 48 48 47 43 43 44 43 44 44 48 43 43 33 30 44 44 64 76 76 76 72 72 66 68 79 79 97 111 111 102 84 77 77 83 78 78 56 33 33 20 10 1 1 0 0 0 0 0 0 0 0 6 6 15 22 22 25 27 32 32 32 27 27 22 13 9 9 16 26 26 37 36 27 27 25 27 27 33 25 25 13 0 0 0 0 0 0 3 7 12 12 14 12 12 4 0 0 0 0 0 0 0 0 0 0 0 12 12 7 4 4 0 0 0 7 14 19 19 18 18 18 20 29 22 22 18 21 21 21 25 24 24 16 7 7 7 13 13 24 29 21 21 13 16 16 13 7 7 7 13 26 26 33 19 19 3 0 0 0 0 0 0 0 0 0 0 0 0 0 0 0 0 0 0 0 0 0 9 9 9 4 2 2 1 6 6 6 8 9 9 9 7 7 6 14 14 22 20 10 10 0 0 0 0 0 0 0 3 9 9 4 0 0 0 0 9 9 20 18 18 15 2 0 0 0 0 0 0 9 9 15 15 0 0 0 0 0 0 0 0 0 0 0 0 0 0 0 0 0 0 0 4 16 16 24 29 32 32 31 25 25 18 10 9 9 14 18 18 27 32 32 39 45 45 45 45 37 37 38 42 53 53 67 73 73 84 99 99 108 114 118 118 110 99 99 77 68 65 65 71 78 78 83 85 85 89 99 105 105 108 107 107 112 111 106 106 96 90 90 88 78 67 67 31 13 13 10 32 32 50 65 78 78 87 88 88 76 52 29 29 26 31 31 27 21 21 36 42 53 53 66 71 71 68 72 88 88 99 90 90 66 37 37 24 25 27 27 26 13 13 6 0 0 0 14 26 26 31 32 37 37 38 44 44 48 49 49 47 44 43 43 39 48 48 54 71 87 87 84 72 72 56 38 38 36 38 38 38
55 55 47 38 32 32 26 21 21 22 30 39 39 50 52 52 48 42 42 39 38 41 41 42 38 38 25 14 19 19 31 45 45 42 37 37 30 19 9 9 16 26 26 43 52 49 49 45 43 43 33 29 29 22 12 7 7 4 6 6 8 6 1 1 0 0 0 0 0 0 0 0 0 0 1 0 0 0 1 8 8 22 36 36 39 35 31 31 25 19 19 10 7 7 0 0 14 14 20 37 37 50 62 70 70 66 55 55 44 43 43 50 54 55 55 47 33 33 29 38 45 45 48 49 49 50 50 54 54 66 84 84 96 95 95 78 66 71 71 67 47 47 22 10 1 1 0 0 0 0 0 0 0 0 0 0 2 10 10 16 20 24 24 30 31 31 30 30 30 16 13 15 15 22 31 31 29 19 22 22 27 36 36 31 24 4 4 0 0 0 0 0 0 0 7 13 13 13 6 6 0 0 1 1 3 1 1 0 1 1 9 18 0 0 0 0 0 0 12 20 20 21 20 20 27 31 31 43 38 30 30 26 27 27 48 48 35 35 19 10 10 10 20 30 30 29 22 22 25 18 18 6 0 0 0 13 21 21 16 3 0 0 0 0 0 0 0 0 0 0 0 0 0 0 0 0 0 0 0 0 6 6 14 8 8 6 9 12 12 19 19 19 20 14 6 6 1 3 3 18 27 30 30 16 8 8 0 0 0 0 0 6 6 10 0 0 0 0 6 6 24 37 37 36 31 31 14 4 0 0 0 10 10 18 19 18 18 0 0 0 0 0 0 0 0 0 0 0 0 0 0 0 0 0 0 0 0 8 18 29 29 29 24 24 15 10 10 8 8 9 9 12 27 27 44 61 71 71 62 53 53 36 26 26 19 22 33 33 47 64 64 87 101 111 111 118 114 114 106 84 84 79 73 77 77 84 91 91 95 96 101 101 105 100 100 99 94 89 89 88 87 87 90 94 94 89 76 42 42 25 26 26 50 71 85 85 97 99 99 84 71 71 54 43 45 45 47 43 43 36 41 44 44 48 49 49 55 56 56 65 83 96 96 88 68 68 44 33 35 35 32 27 27 15 8 0 0 0 10 10 20 27 27 30 33 36 36 42 49 49 50 47 42 42 39 33 33 43 53 53 74 91 89 89 76 58 58 41 36 37 37 38
55 47 38 38 32 26 26 21 22 22 30 39 50 50 52 48 48 42 39 38 38 41 42 42 38 25 25 14 19 31 31 45 42 42 37 30 19 19 9 16 16 26 43 43 52 49 45 45 43 33 33 29 22 12 12 7 4 4 6 8 6 6 1 0 0 0 0 0 0 0 0 0 0 1 1 0 0 1 1 8 22 22 36 39 39 35 31 25 25 19 10 10 7 0 0 0 14 20 20 37 50 50 62 70 66 66 55 44 44 43 50 54 54 55 47 47 33 29 38 38 45 48 48 49 50 50 50 54 66 66 84 96 96 95 78 66 66 71 67 67 47 22 22 10 1 0 0 0 0 0 0 0 0 0 0 2 2 10 16 16 20 24 30 30 31 30 30 30 16 13 13 15 22 22 31 29 19 19 22 27 27 36 31 31 24 4 0 0 0 0 0 0 0 7 7 13 13 13 6 0 0 0 1 3 3 1 0 0 1 9 18 18 0 0 0 0 0 0 12 20 21 21 20 27 27 31 43 38 38 30 26 26 27 48 48 48 35 19 19 10 10 10 20 30 29 29 22 25 25 18 6 0 0 0 13 13 21 16 16 3 0 0 0 0 0 0 0 0 0 0 0 0 0 0 0 0 0 0 0 0 6 14 14 8 6 9 9 12 19 19 19 20 14 14 6 1 1 3 18 18 27 30 16 16 8 0 0 0 0 0 0 6 10 10 0 0 0 0 6 24 24 37 36 36 31 14 4 4 0 0 0 10 18 18 19 18 0 0 0 0 0 0 0 0 0 0 0 0 0 0 0 0 0 0 0 0 8 8 18 29 29 29 24 15 15 10 8 8 8 9 12 12 27 44 44 61 71 62 62 53 36 36 26 19 22 22 33 47 47 64 87 87 101 111 118 118 114 106 106 84 79 73 73 77 84 84 91 95 95 96 101 105 105 100 99 99 94 89 88 88 87 90 90 94 89 76 76 42 25 25 26 50 50 71 85 97 97 99 84 84 71 54 43 43 45 47 47 43 36 36 41 44 48 48 49 55 55 56 65 83 83 96 88 88 68 44 44 33 35 32 32 27 15 15 8 0 0 0 10 20 20 27 30 33 33 36 42 42 49 50 50 47 42 39 39 33 43 43 53 74 91 91 89 76 76 58 41 41 36 37 38 38
58 58 49 42 33 33 24 16 16 18 25 41 41 50 54 54 52 47 47 45 50 49 49 48 38 38 18 3 9 9 25 38 38 33 29 29 21 12 2 2 4 15 15 38 47 43 43 41 41 41 37 36 36 30 12 3 3 0 2 2 9 10 4 4 0 0 0 0 0 0 0 0 0 0 0 0 0 0 0 2 2 18 29 29 32 31 29 29 29 21 21 13 4 4 0 0 13 13 16 44 44 58 74 85 85 89 76 76 64 61 61 74 74 70 70 55 38 38 32 36 32 32 31 32 32 37 42 49 49 58 70 70 78 73 73 61 52 50 50 47 27 27 4 0 0 0 0 0 0 0 0 0 0 0 3 3 9 12 12 15 19 24 24 25 30 30 32 35 35 19 10 9 9 14 22 22 22 10 22 22 29 39 39 38 37 22 22 9 0 0 0 0 0 0 2 8 8 9 6 6 3 6 15 15 21 18 18 13 9 9 9 8 0 0 0 0 0 0 13 22 22 20 21 21 22 26 26 36 33 31 31 24 32 32 72 66 50 50 31 16 16 15 26 33 33 30 26 26 26 15 15 0 0 0 0 2 9 9 6 0 0 0 0 0 0 0 0 0 0 0 0 0 0 0 0 0 0 0 0 1 12 12 19 14 14 14 19 22 22 29 27 27 22 10 0 0 0 4 4 18 30 31 31 25 15 15 4 0 0 0 2 7 7 12 1 1 1 12 22 22 43 56 56 52 47 47 30 21 12 12 12 15 15 14 10 9 9 2 4 4 9 9 9 3 0 0 0 0 0 0 0 0 0 0 0 0 0 0 1 10 10 13 10 10 7 4 4 4 6 1 1 3 26 26 52 76 81 81 66 48 48 26 12 12 3 2 12 12 22 43 43 70 91 104 104 113 114 114 113 96 96 94 87 88 88 90 99 99 101 104 107 107 108 101 101 97 89 79 79 72 71 71 78 90 90 93 83 53 53 39 45 45 65 83 97 97 104 96 96 79 64 64 59 65 72 72 73 70 70 66 62 64 64 55 45 45 45 48 48 61 83 95 95 94 83 83 70 61 54 54 42 32 32 22 15 7 7 2 9 9 14 16 16 19 19 21 21 27 35 35 36 32 25 25 20 24 24 31 39 39 64 83 82 82 71 58 58 38 31 29 29 29
58 49 42 42 33 24 24 16 18 18 25 41 50 50 54 52 52 47 45 50 50 49 48 48 38 18 18 3 9 25 25 38 33 33 29 21 12 12 2 4 4 15 38 38 47 43 41 41 41 37 37 36 30 12 12 3 0 0 2 9 10 10 4 0 0 0 0 0 0 0 0 0 0 0 0 0 0 0 0 2 18 18 29 32 32 31 29 29 29 21 13 13 4 0 0 0 13 16 16 44 58 58 74 85 89 89 76 64 64 61 74 74 74 70 55 55 38 32 36 36 32 31 31 32 37 37 42 49 58 58 70 78 78 73 61 52 52 50 47 47 27 4 4 0 0 0 0 0 0 0 0 0 0 0 3 9 9 12 15 15 19 24 25 25 30 32 32 35 19 10 10 9 14 14 22 22 10 10 22 29 29 39 38 38 37 22 9 9 0 0 0 0 0 2 2 8 9 9 6 3 3 6 15 21 21 18 13 13 9 9 8 8 0 0 0 0 0 0 13 22 20 20 21 22 22 26 36 33 33 31 24 24 32 72 66 66 50 31 31 16 15 15 26 33 30 30 26 26 26 15 0 0 0 0 2 2 9 6 6 0 0 0 0 0 0 0 0 0 0 0 0 0 0 0 0 0 0 0 1 1 12 19 19 14 14 19 19 22 29 29 27 22 10 10 0 0 0 4 18 18 30 31 25 25 15 4 4 0 0 2 2 7 12 12 1 1 1 12 22 43 43 56 52 52 47 30 21 21 12 12 12 15 14 14 10 9 2 2 4 9 9 9 3 0 0 0 0 0 0 0 0 0 0 0 0 0 0 0 1 10 13 13 10 7 7 4 4 6 6 1 3 3 26 52 52 76 81 66 66 48 26 26 12 3 2 2 12 22 22 43 70 70 91 104 113 113 114 113 113 96 94 87 87 88 90 90 99 101 101 104 107 108 108 101 97 97 89 79 72 72 71 78 78 90 93 83 83 53 39 39 45 65 65 83 97 104 104 96 79 79 64 59 65 65 72 73 73 70 66 66 62 64 55 55 45 45 45 48 61 83 83 95 94 94 83 70 70 61 54 42 42 32 22 22 15 7 2 2 9 14 14 16 19 19 19 21 27 27 35 36 36 32 25 20 20 24 31 31 39 64 83 83 82 71 71 58 38 38 31 29 29 29
54 54 49 41 31 31 20 8 8 15 24 38 38 52 58 58 55 50 50 50 50 49 49 45 32 32 8 0 0 0 16 24 24 18 13 13 9 0 0 0 0 4 4 29 39 36 36 38 38 38 39 41 41 35 13 2 2 0 0 0 8 13 6 6 0 0 0 0 0 0 0 0 0 0 0 0 0 0 0 0 0 12 21 21 22 21 21 21 22 19 19 13 9 9 0 3 18 18 20 39 39 52 70 90 90 101 99 99 89 90 90 94 90 81 81 61 42 42 39 38 30 30 24 25 25 29 36 39 39 44 48 48 50 55 55 45 37 35 35 30 10 10 0 0 0 0 0 0 0 0 0 0 0 2 16 16 25 24 24 21 24 22 22 22 25 25 30 30 30 14 2 3 3 8 21 21 24 10 22 22 27 42 42 42 45 32 32 13 0 0 0 0 0 0 4 9 9 10 9 9 8 12 25 25 33 30 30 19 12 12 0 0 0 0 0 0 0 0 14 24 24 25 21 21 10 10 10 18 19 22 22 19 35 35 91 76 58 58 35 20 20 19 30 35 35 29 21 21 19 7 7 0 0 0 0 0 0 0 0 0 0 0 0 0 0 0 0 0 0 0 0 0 0 0 0 0 0 0 0 0 12 12 20 19 19 20 29 30 30 35 33 33 21 4 0 0 0 7 7 19 29 29 29 27 19 19 13 7 7 4 4 6 6 8 6 6 7 24 36 36 56 70 70 64 60 60 38 31 24 24 19 13 13 4 0 0 0 4 9 9 15 15 15 13 4 0 0 0 0 0 0 0 0 0 0 0 0 0 0 0 0 0 0 0 4 7 7 8 2 0 0 2 29 29 59 82 81 81 59 38 38 16 2 2 0 0 2 2 13 31 31 59 83 100 100 111 114 114 116 104 104 102 96 93 93 96 105 105 108 110 113 113 117 111 111 105 96 84 84 70 62 62 68 85 85 95 91 79 79 66 72 72 88 97 107 107 107 96 96 72 60 60 65 81 94 94 95 94 94 94 82 83 83 67 49 49 44 48 48 62 84 97 97 104 105 105 97 87 70 70 50 38 38 25 22 14 14 9 10 10 8 6 6 8 2 3 3 10 19 19 20 13 6 6 1 13 13 18 22 22 44 65 66 66 61 52 52 30 20 16 16 15
53 44 35 35 25 15 15 8 14 14 26 39 44 44 48 53 53 53 47 44 44 44 38 38 26 2 2 0 0 0 0 2 0 0 0 0 0 0 0 0 0 0 10 10 15 16 16 16 24 39 39 44 39 20 20 0 0 0 0 8 8 8 0 0 0 0 0 0 0 0 0 0 0 0 0 0 0 0 0 0 1 1 7 10 10 14 15 25 25 19 14 14 10 13 14 14 13 8 8 10 26 26 56 87 114 114 123 110 110 101 99 94 94 87 76 76 64 49 33 33 30 30 30 26 26 26 30 31 29 29 24 22 22 31 30 30 30 27 12 12 0 0 0 0 0 0 0 0 0 0 0 0 0 0 14 21 21 26 25 25 22 22 19 19 16 21 21 21 10 0 0 0 0 0 7 16 20 20 20 24 24 31 39 39 45 35 13 13 0 10 10 20 22 20 20 14 0 0 0 0 0 16 25 42 42 37 25 25 14 0 0 0 0 0 0 0 0 0 27 41 38 38 31 15 15 7 6 3 3 12 20 20 43 87 72 72 48 29 29 19 20 20 22 19 21 21 18 9 9 0 0 0 0 0 0 0 0 0 0 0 0 0 0 0 0 0 0 0 0 0 0 0 0 0 0 0 0 0 0 0 2 19 19 26 31 36 36 36 32 32 25 13 3 3 0 0 0 7 19 19 25 38 37 37 31 27 27 22 10 1 1 0 0 0 10 20 20 31 43 56 56 64 64 64 61 48 36 36 21 14 14 8 1 1 0 0 0 0 9 18 18 19 15 10 10 3 0 0 0 0 0 0 0 0 0 0 0 0 0 0 0 0 2 16 16 24 22 14 14 4 10 10 31 50 50 71 38 0 0 0 2 2 13 4 7 7 13 25 25 38 61 61 74 100 107 107 112 110 110 107 111 111 111 106 107 107 108 112 112 116 118 117 117 113 110 110 108 95 76 76 65 71 71 83 93 101 101 97 100 100 102 106 106 106 108 108 108 93 71 71 61 74 99 99 108 111 111 113 110 110 104 94 79 79 72 71 71 74 76 77 77 88 95 95 102 108 108 102 88 72 72 52 31 31 21 15 14 14 10 6 6 1 0 0 0 0 0 0 8 10 10 12 7 3 3 2 3 3 6 24 37 37 38 39 39 38 15 15 6 3 0 0
53 53 44 35 25 25 15 8 8 14 26 39 39 44 48 48 53 53 53 47 44 44 44 38 26 26 2 0 0 0 0 2 2 0 0 0 0 0 0 0 0 0 0 10 15 16 16 16 24 24 39 44 44 39 20 0 0 0 0 0 8 8 0 0 0 0 0 0 0 0 0 0 0 0 0 0 0 0 0 0 0 1 7 7 10 14 15 15 25 19 19 14 10 10 13 14 13 13 8 10 10 26 56 87 87 114 123 123 110 101 101 99 94 87 87 76 64 64 49 33 30 30 30 26 26 26 30 31 31 29 24 24 22 31 31 30 30 27 27 12 0 0 0 0 0 0 0 0 0 0 0 0 0 0 14 14 21 26 26 25 22 22 22 19 16 16 21 21 21 10 0 0 0 0 7 7 16 20 20 20 24 31 31 39 45 35 35 13 0 0 10 20 20 22 20 14 14 0 0 0 0 16 25 25 42 37 37 25 14 14 0 0 0 0 0 0 0 0 27 41 41 38 31 31 15 7 7 6 3 12 12 20 43 43 87 72 48 48 29 19 19 20 22 19 19 21 18 18 9 0 0 0 0 0 0 0 0 0 0 0 0 0 0 0 0 0 0 0 0 0 0 0 0 0 0 0 0 0 0 0 2 2 19 26 26 31 36 36 36 32 25 25 13 3 0 0 0 7 7 19 25 38 38 37 31 31 27 22 22 10 1 0 0 0 10 10 20 31 43 43 56 64 64 64 61 61 48 36 21 21 14 8 8 1 0 0 0 0 9 9 18 19 19 15 10 3 3 0 0 0 0 0 0 0 0 0 0 0 0 0 0 0 2 2 16 24 24 22 14 4 4 10 31 31 50 71 38 38 0 0 0 2 13 13 4 7 13 13 25 38 38 61 74 100 100 107 112 112 110 107 107 111 111 106 106 107 108 108 112 116 118 118 117 113 113 110 108 95 95 76 65 65 71 83 83 93 101 97 97 100 102 102 106 106 108 108 108 93 93 71 61 61 74 99 108 108 111 113 113 110 104 94 94 79 72 72 71 74 74 76 77 88 88 95 102 102 108 102 88 88 72 52 52 31 21 15 15 14 10 10 6 1 1 0 0 0 0 0 8 8 10 12 7 7 3 2 2 3 6 6 24 37 38 38 39 38 38 15 6 3 3 0
52 41 30 30 22 15 15 10 20 20 31 44 50 50 50 54 54 50 42 32 32 33 30 30 18 0 0 0 0 0 0 0 0 0 0 0 0 0 0 0 0 0 2 2 1 0 1 1 15 30 30 29 19 7 7 0 0 0 0 3 2 2 0 0 0 0 0 0 0 0 0 0 0 0 0 0 0 0 0 0 3 3 9 13 13 16 19 25 25 21 18 18 14 9 4 4 1 0 0 0 20 20 56 88 113 113 123 114 114 112 99 100 100 94 89 89 81 64 43 43 30 33 33 30 30 30 29 22 18 18 13 14 14 13 18 25 25 30 18 18 3 0 0 0 0 0 0 0 0 0 0 0 0 0 4 8 8 15 19 19 18 14 10 10 9 13 13 12 2 0 0 0 0 0 8 16 16 16 18 20 20 24 32 32 37 27 12 12 6 16 16 22 21 15 15 7 0 0 0 0 0 14 19 32 32 32 27 27 22 7 0 0 0 0 0 0 18 18 47 61 56 56 47 33 33 22 16 10 10 18 29 29 49 88 65 65 48 33 33 20 12 12 10 9 16 16 10 3 3 0 0 0 0 0 0 0 0 0 0 0 0 0 0 0 0 0 0 0 0 0 0 0 0 0 0 0 0 0 0 0 0 13 13 21 29 32 32 27 22 22 13 3 0 0 0 0 0 12 26 26 35 49 60 60 53 44 44 33 18 3 3 0 0 0 19 25 25 30 39 49 49 55 53 53 52 37 29 29 16 7 7 1 0 0 0 0 0 0 6 16 16 18 16 10 10 3 0 0 1 0 0 0 0 0 0 0 0 0 0 0 0 0 0 13 13 19 21 19 19 13 12 12 27 44 44 44 1 3 3 9 12 12 20 9 15 15 38 31 31 24 44 44 82 100 106 106 108 101 101 91 82 70 70 60 47 47 42 37 37 33 32 33 33 35 35 35 38 53 65 65 71 77 77 90 102 105 105 120 112 112 113 113 113 102 97 101 101 95 87 87 78 88 105 105 110 111 111 113 108 108 101 95 89 89 85 88 88 89 88 85 85 93 100 100 105 108 108 101 89 76 76 59 27 27 21 19 16 16 10 4 4 0 0 0 0 4 10 10 15 20 20 21 18 10 10 0 0 0 0 10 19 19 16 20 20 18 8 8 0 0 0 0
52 52 41 30 22 22 15 10 10 20 31 44 44 50 50 50 54 50 50 42 32 33 33 30 18 18 0 0 0 0 0 0 0 0 0 0 0 0 0 0 0 0 0 2 1 0 0 1 15 15 30 29 29 19 7 0 0 0 0 0 3 2 0 0 0 0 0 0 0 0 0 0 0 0 0 0 0 0 0 0 0 3 9 9 13 16 19 19 25 21 21 18 14 14 9 4 1 1 0 0 0 20 56 88 88 113 123 123 114 112 112 99 100 94 94 89 81 81 64 43 30 30 33 30 30 30 29 22 22 18 13 13 14 13 13 18 25 30 30 18 3 3 0 0 0 0 0 0 0 0 0 0 0 0 4 4 8 15 15 19 18 14 14 10 9 9 13 12 12 2 0 0 0 0 8 8 16 16 18 18 20 24 24 32 37 27 27 12 6 6 16 22 22 21 15 7 7 0 0 0 0 14 19 19 32 32 32 27 22 22 7 0 0 0 0 0 0 18 47 61 61 56 47 47 33 22 22 16 10 18 18 29 49 49 88 65 48 48 33 20 20 12 10 9 9 16 10 10 3 0 0 0 0 0 0 0 0 0 0 0 0 0 0 0 0 0 0 0 0 0 0 0 0 0 0 0 0 0 0 0 0 0 13 21 21 29 32 27 27 22 13 13 3 0 0 0 0 12 12 26 35 49 49 60 53 53 44 33 33 18 3 0 0 0 19 19 25 30 39 39 49 55 55 53 52 52 37 29 16 16 7 1 1 0 0 0 0 0 6 6 16 18 18 16 10 3 3 0 1 1 0 0 0 0 0 0 0 0 0 0 0 0 0 0 13 19 19 21 19 13 13 12 27 27 44 44 1 1 3 9 9 12 20 20 9 15 38 38 31 24 24 44 82 100 100 106 108 108 101 91 91 82 70 60 60 47 42 42 37 33 32 32 33 35 35 35 38 53 53 65 71 71 77 90 90 102 105 120 120 112 113 113 113 102 97 97 101 95 95 87 78 78 88 105 110 110 111 113 113 108 101 95 95 89 85 85 88 89 89 88 85 93 93 100 105 105 108 101 89 89 76 59 59 27 21 19 19 16 10 10 4 0 0 0 0 4 4 10 15 15 20 21 18 18 10 0 0 0 0 0 10 19 16 16 20 18 18 8 0 0 0 0
55 43 33 33 25 20 20 18 25 25 32 45 50 50 50 48 48 41 32 25 25 31 25 25 13 0 0 0 0 0 0 0 0 0 0 8 8 8 0 0 0 4 1 1 0 0 0 0 10 24 24 16 1 0 0 0 0 0 0 0 1 1 0 0 0 0 0 0 0 0 0 0 0 0 0 0 0 0 0 4 10 10 14 19 19 22 26 30 30 26 24 24 16 3 0 0 0 0 0 3 31 31 68 88 102 102 108 99 99 96 101 105 105 104 102 102 100 85 60 60 38 38 38 37 35 35 27 15 6 6 3 3 3 2 12 26 26 39 31 31 22 16 16 1 0 0 0 0 0 0 0 0 0 0 0 0 0 4 12 12 10 6 1 1 4 12 12 9 2 1 1 8 14 14 19 22 21 21 15 16 16 16 22 22 25 15 7 7 9 19 19 18 8 0 0 0 0 0 0 0 0 8 13 21 21 35 42 42 47 38 13 13 0 0 0 13 37 37 61 71 65 65 54 42 42 36 31 29 29 32 39 39 48 68 53 53 42 32 32 14 0 0 0 0 2 2 0 0 0 0 0 0 0 0 0 0 0 0 0 0 0 0 0 2 4 4 1 0 6 6 9 7 7 4 0 0 0 0 0 0 0 3 3 15 22 24 24 18 9 9 0 0 0 0 0 0 0 12 27 27 37 54 83 83 71 58 58 43 27 15 15 6 1 1 29 30 30 29 29 35 35 36 33 33 30 21 18 18 10 3 3 0 0 0 0 0 0 0 0 6 6 9 7 2 2 0 0 0 0 0 0 0 0 0 0 0 0 0 0 0 0 0 1 8 8 13 14 13 13 10 15 15 21 25 25 1 27 56 56 24 8 8 20 37 35 35 0 0 0 -84 -84 -84 -117 -112 -110 -110 -105 -98 -98 -91 -82 -72 -72 -64 31 31 35 39 39 45 49 50 50 48 45 45 -44 -79 -102 -102 0 0 0 35 87 105 105 112 116 116 116 106 106 100 102 105 105 105 102 102 97 102 108 108 110 111 111 111 107 107 104 100 97 97 99 102 102 102 97 93 93 102 107 107 108 111 111 104 94 84 84 71 42 42 35 32 27 27 15 4 4 0 0 4 4 8 15 15 21 26 26 25 20 12 12 0 0 0 0 1 6 6 2 4 4 4 2 2 0 0 0 0
58 58 45 35 26 26 24 21 21 27 32 41 41 47 43 43 36 29 29 18 22 25 25 13 3 3 0 0 0 0 0 0 0 0 12 12 32 43 36 36 32 26 26 13 2 0 0 0 15 15 21 10 10 0 0 0 0 0 0 0 1 9 9 9 4 0 0 0 0 0 0 2 4 4 6 9 9 10 14 16 16 19 21 21 27 30 31 31 30 27 27 26 20 20 4 0 0 0 0 15 15 42 68 77 77 84 89 89 83 81 81 94 104 106 106 106 106 106 95 68 49 49 44 42 42 37 27 16 16 6 2 2 3 4 4 15 31 45 45 42 37 37 33 19 6 6 0 0 0 0 0 0 0 0 0 0 0 0 0 2 2 2 2 4 10 10 18 13 13 7 14 25 25 29 29 29 31 33 20 20 15 14 14 19 19 9 9 2 4 4 9 4 4 0 0 0 0 0 0 0 4 14 12 12 16 35 35 50 61 61 59 27 6 6 13 26 26 42 53 58 58 52 42 42 38 38 38 32 30 37 37 42 43 43 47 39 32 32 24 4 4 0 0 0 0 0 0 0 0 0 0 0 0 0 0 0 0 0 0 0 0 0 0 3 3 2 3 3 4 14 24 24 22 18 18 2 0 0 0 0 0 0 0 9 9 18 18 10 10 1 0 0 0 0 0 0 0 12 12 30 37 53 53 82 66 66 52 41 41 36 31 29 29 25 35 35 31 22 18 18 16 14 14 7 4 4 1 4 7 7 4 0 0 0 0 0 0 0 0 0 0 0 0 0 0 0 0 0 0 0 0 0 0 0 0 0 0 0 7 12 12 13 16 16 16 19 19 20 16 8 8 4 22 22 0 2 55 55 106 50 50 0 -106 -106 -124 -121 -60 -60 -14 104 104 107 108 118 118 116 114 114 114 114 114 112 116 120 120 108 110 110 111 112 112 112 111 110 110 107 111 106 106 105 108 108 77 14 14 4 53 101 101 113 108 108 104 111 110 110 106 116 116 111 110 110 112 112 108 108 110 112 112 108 110 107 107 105 104 104 104 101 101 100 99 110 110 113 112 112 110 104 95 95 90 77 77 60 54 47 47 37 22 22 10 3 3 0 12 16 16 26 33 33 36 33 20 20 8 0 0 0 0 0 0 0 0 0 0 0 0 0 0 0 0 0
58 45 35 35 26 24 24 21 27 27 32 41 47 47 43 36 36 29 18 22 22 25 13 13 3 0 0 0 0 0 0 0 0 0 12 32 43 43 36 32 32 26 13 13 2 0 0 0 15 21 21 10 0 0 0 0 0 0 0 1 9 9 9 4 4 0 0 0 0 0 2 2 4 6 6 9 10 14 14 16 19 19 21 27 27 30 31 30 30 27 26 26 20 4 0 0 0 0 0 15 42 42 68 77 84 84 89 83 83 81 94 104 104 106 106 106 106 95 68 68 49 44 44 42 37 37 27 16 6 6 2 3 3 4 15 31 31 45 42 42 37 33 33 19 6 0 0 0 0 0 0 0 0 0 0 0 0 0 2 2 2 2 4 4 10 18 18 13 7 14 14 25 29 29 29 31 33 33 20 15 15 14 19 19 19 9 2 2 4 9 9 4 0 0 0 0 0 0 0 4 4 14 12 16 16 35 50 50 61 59 27 27 6 13 13 26 42 42 53 58 52 52 42 38 38 38 32 30 30 37 42 42 43 47 39 39 32 24 24 4 0 0 0 0 0 0 0 0 0 0 0 0 0 0 0 0 0 0 0 0 0 0 0 3 2 2 3 4 14 14 24 22 22 18 2 2 0 0 0 0 0 0 0 9 18 18 18 10 1 1 0 0 0 0 0 0 0 12 30 30 37 53 82 82 66 52 52 41 36 31 31 29 25 25 35 31 31 22 18 16 16 14 7 7 4 1 4 4 7 4 4 0 0 0 0 0 0 0 0 0 0 0 0 0 0 0 0 0 0 0 0 0 0 0 0 0 0 0 7 12 13 13 16 16 16 19 20 16 16 8 4 4 22 0 0 2 55 106 106 50 0 0 -106 -124 -121 -121 -60 -14 -14 104 107 107 108 118 116 116 114 114 114 114 112 116 116 120 108 108 110 111 111 112 112 111 111 110 107 107 111 106 105 105 108 77 77 14 4 53 53 101 113 113 108 104 104 111 110 106 106 116 111 111 110 112 112 112 108 110 110 112 108 108 110 107 105 105 104 104 104 101 100 99 99 110 113 113 112 110 110 104 95 90 90 77 60 60 54 47 37 37 22 10 10 3 0 12 12 16 26 26 33 36 36 33 20 8 8 0 0 0 0 0 0 0 0 0 0 0 0 0 0 0 0 0
50 50 39 27 25 25 26 26 26 31 31 39 39 42 35 35 25 16 16 12 16 16 16 3 0 0 0 0 0 0 0 0 0 1 20 20 44 61 65 65 58 47 47 25 15 7 7 12 20 20 19 9 9 0 0 0 0 0 0 0 4 22 29 29 22 13 13 6 0 3 3 7 12 12 15 19 19 20 22 25 25 24 25 25 29 31 30 30 24 24 24 25 24 24 15 3 4 4 10 32 32 45 60 59 59 64 71 71 67 67 67 82 93 102 102 101 97 97 88 64 48 48 44 39 39 35 31 25 25 16 14 14 13 13 13 21 32 43 43 38 37 37 38 27 14 14 7 4 4 0 0 0 0 0 0 0 0 0 0 3 4 7 7 13 18 18 19 14 14 13 22 31 31 32 29 29 31 37 24 24 18 14 14 19 22 12 12 0 0 0 0 0 0 0 0 0 0 0 2 2 12 26 20 20 14 27 27 41 52 52 53 24 10 10 20 30 30 35 36 36 36 36 33 33 37 31 31 20 16 25 25 37 44 44 47 35 22 22 12 0 0 0 0 0 0 0 0 0 0 0 0 0 0 0 0 0 0 0 0 0 0 0 0 2 2 1 6 6 13 27 42 42 44 31 31 8 0 0 0 0 0 0 0 7 7 14 15 8 8 3 0 0 3 8 10 10 8 22 22 37 43 58 58 60 43 43 31 32 32 41 48 52 52 48 33 33 25 13 2 2 0 0 0 0 0 0 0 0 1 1 0 0 0 0 0 0 0 0 0 0 0 0 0 0 0 0 0 0 0 0 0 0 0 0 0 0 0 9 20 36 36 36 33 33 27 26 26 30 30 26 26 25 0 0 29 110 114 114 112 114 114 108 110 110 105 113 111 111 118 110 110 112 107 107 107 106 108 108 113 112 112 107 106 107 107 116 114 114 112 111 111 111 113 116 116 118 119 122 122 113 102 102 108 104 104 58 0 33 33 84 102 102 99 105 111 111 119 122 122 117 117 117 117 113 108 108 110 112 112 110 113 111 111 110 105 105 99 97 97 100 104 111 111 112 107 107 102 91 84 84 82 71 71 58 54 49 49 38 26 26 19 18 18 15 24 31 31 42 52 52 52 43 22 22 9 0 0 0 0 0 0 0 0 0 0 0 0 0 0 0 0 0
50 39 27 27 25 26 26 26 31 31 31 39 42 42 35 25 25 16 12 16 16 16 3 3 0 0 0 0 0 0 0 0 1 1 20 44 61 61 65 58 58 47 25 25 15 7 12 12 20 19 19 9 0 0 0 0 0 0 0 4 22 22 29 22 22 13 6 6 0 3 7 7 12 15 15 19 20 22 22 25 24 24 25 29 29 31 30 24 24 24 25 25 24 15 3 3 4 10 10 32 45 45 60 59 64 64 71 67 67 67 82 93 93 102 101 101 97 88 64 64 48 44 44 39 35 35 31 25 16 16 14 13 13 13 21 32 32 43 38 38 37 38 38 27 14 7 7 4 0 0 0 0 0 0 0 0 0 0 3 3 4 7 13 13 18 19 19 14 13 22 22 31 32 32 29 31 37 37 24 18 18 14 19 19 22 12 0 0 0 0 0 0 0 0 0 0 0 0 2 12 12 26 20 14 14 27 41 41 52 53 24 24 10 20 20 30 35 35 36 36 36 36 33 37 37 31 20 16 16 25 37 37 44 47 35 35 22 12 12 0 0 0 0 0 0 0 0 0 0 0 0 0 0 0 0 0 0 0 0 0 0 0 0 2 1 1 6 13 27 27 42 44 44 31 8 8 0 0 0 0 0 0 0 7 14 15 15 8 3 3 0 3 8 8 10 8 8 22 37 37 43 58 60 60 43 31 31 32 41 48 48 52 48 48 33 25 25 13 2 0 0 0 0 0 0 0 0 0 1 0 0 0 0 0 0 0 0 0 0 0 0 0 0 0 0 0 0 0 0 0 0 0 0 0 0 0 9 9 20 36 36 36 33 27 27 26 30 30 30 26 25 25 0 29 29 110 114 112 112 114 108 108 110 105 113 113 111 118 118 110 112 112 107 107 106 106 108 113 113 112 107 106 106 107 116 116 114 112 112 111 111 113 113 116 118 118 119 122 113 113 102 108 108 104 58 0 0 33 84 84 102 99 99 105 111 119 119 122 117 117 117 117 113 113 108 110 110 112 110 110 113 111 110 110 105 99 99 97 100 104 104 111 112 112 107 102 102 91 84 82 82 71 58 58 54 49 38 38 26 19 19 18 15 24 24 31 42 42 52 52 52 43 22 9 9 0 0 0 0 0 0 0 0 0 0 0 0 0 0 0 0 0
43 43 31 22 24 24 30 35 35 36 35 37 37 36 26 26 16 13 13 10 13 12 12 2 6 6 13 10 6 6 0 0 0 3 18 18 39 62 71 71 68 61 61 37 26 20 20 22 22 22 16 12 12 9 8 6 6 0 0 0 9 27 36 36 32 27 27 18 12 9 9 7 12 12 18 21 21 22 26 26 26 22 22 22 26 24 21 21 14 16 16 19 25 25 24 24 30 30 36 50 50 53 52 45 45 47 56 56 53 53 53 64 79 93 93 95 91 91 77 56 43 43 39 36 36 32 33 33 33 32 27 27 26 24 24 30 35 39 39 33 33 33 38 27 16 16 12 15 15 13 9 9 8 0 0 0 0 0 0 6 12 16 16 24 22 22 16 16 16 18 25 30 30 29 25 25 30 32 21 21 18 15 15 20 22 10 10 0 0 0 0 0 0 0 0 0 0 0 7 7 14 24 19 19 14 21 21 32 37 37 31 13 14 14 22 29 29 29 26 29 29 32 35 35 26 20 20 7 4 18 18 33 49 49 48 30 18 18 2 0 0 0 0 0 0 0 0 0 0 0 0 0 0 0 0 0 0 0 0 0 0 0 0 2 2 8 16 16 24 42 58 58 58 42 42 16 0 0 0 0 0 0 2 8 8 14 14 7 7 6 2 2 9 14 16 16 15 27 27 45 52 62 62 43 29 29 22 26 26 39 50 56 56 55 29 29 19 4 0 0 0 0 0 0 0 0 0 0 0 0 0 0 0 0 1 7 7 0 0 0 0 0 0 0 0 0 0 0 0 0 0 0 0 0 0 3 3 19 27 53 53 61 67 67 60 53 53 47 42 37 37 29 0 0 106 112 110 110 114 116 116 110 114 114 117 114 122 122 111 116 116 110 107 102 102 100 99 99 101 101 101 101 104 107 107 100 102 102 105 105 104 104 102 100 100 99 107 110 110 108 108 108 113 116 116 107 95 14 14 0 66 66 114 102 122 122 120 127 127 120 120 120 118 114 111 111 111 112 112 112 112 114 114 114 111 111 104 101 101 102 106 108 108 107 100 100 91 77 67 67 64 55 55 45 42 38 38 32 24 24 24 26 26 24 27 35 35 45 53 53 52 41 20 20 2 0 0 0 0 0 0 0 0 0 0 0 0 0 0 0 0 0
36 26 21 21 25 32 32 37 37 37 31 29 27 27 15 7 7 9 13 9 9 9 8 8 15 19 19 16 10 0 0 0 2 2 10 29 50 50 60 62 62 59 38 38 30 24 26 26 22 13 13 13 18 18 18 12 2 2 0 9 26 26 32 30 30 30 22 22 20 13 3 3 4 14 14 19 30 31 31 31 26 26 24 26 26 22 18 9 9 9 15 15 24 36 44 44 52 55 55 60 52 52 45 36 39 39 47 45 45 48 48 62 62 76 83 83 83 68 52 52 43 38 38 35 33 33 36 37 35 35 30 29 29 30 36 36 36 37 30 30 29 33 33 26 18 15 15 20 19 19 19 13 0 0 0 0 0 0 4 4 13 20 27 27 27 19 19 18 18 21 21 22 21 21 21 24 24 24 13 12 12 12 13 13 13 3 0 0 0 0 0 0 0 0 0 0 8 8 14 16 16 21 16 13 13 12 19 19 20 9 7 7 24 32 32 32 30 30 29 31 33 33 33 12 12 10 0 3 3 12 25 25 42 41 29 29 16 6 6 0 0 0 0 0 0 0 0 0 0 0 0 0 0 0 0 0 0 0 0 0 0 0 0 4 16 16 26 30 42 42 59 59 59 43 22 22 7 2 0 0 0 9 9 12 12 9 9 0 0 0 0 4 12 12 13 10 10 26 44 44 50 58 44 44 36 29 29 30 33 39 39 43 42 42 27 19 19 1 0 0 0 0 0 0 0 0 2 2 3 2 2 0 3 3 9 14 3 3 0 0 0 0 0 0 0 0 0 0 0 0 0 0 0 0 0 13 18 18 14 3 24 24 45 55 55 59 55 41 41 27 0 0 41 110 110 108 111 114 114 106 114 114 108 111 116 116 111 110 110 106 106 106 97 101 100 100 100 100 100 100 99 100 100 100 -1 -1 -1 -1 -1 -1 -1 -1 -1 -1 -1 -1 -1 -1 104 104 108 104 104 110 112 97 97 -31 22 22 21 73 73 111 112 117 117 111 118 118 117 116 113 113 112 112 112 112 114 114 113 114 114 114 113 111 111 110 108 108 108 106 106 106 97 87 87 71 58 53 53 44 41 41 37 35 29 29 25 27 27 30 27 26 26 31 36 36 42 39 39 29 12 0 0 0 0 0 0 0 0 0 0 0 0 0 0 0 0 0 0 0
36 36 26 21 25 25 32 37 37 37 31 29 29 27 15 15 7 9 9 13 9 9 9 8 15 15 19 16 10 10 0 0 0 2 10 10 29 50 60 60 62 59 59 38 30 24 24 26 22 22 13 13 13 18 18 12 12 2 0 0 9 26 32 32 30 30 30 22 20 13 13 3 4 4 14 19 19 30 31 31 31 26 24 24 26 22 18 18 9 9 9 15 24 24 36 44 52 52 55 60 60 52 45 36 36 39 47 47 45 48 48 48 62 76 76 83 83 83 68 52 43 43 38 35 35 33 36 37 37 35 30 30 29 30 30 36 36 37 37 30 29 29 33 26 18 18 15 20 20 19 19 19 13 0 0 0 0 0 0 4 13 20 20 27 27 27 19 18 18 18 21 22 22 21 21 21 24 24 13 13 12 12 12 13 13 3 3 0 0 0 0 0 0 0 0 0 0 8 14 14 16 21 16 16 13 12 12 19 20 20 9 7 24 24 32 32 32 30 29 31 31 33 33 33 12 10 10 0 3 12 12 25 42 42 41 29 16 16 6 0 0 0 0 0 0 0 0 0 0 0 0 0 0 0 0 0 0 0 0 0 0 0 0 4 4 16 26 26 30 42 59 59 59 43 43 22 7 2 2 0 0 0 9 12 12 12 9 0 0 0 0 0 4 12 13 13 10 26 26 44 50 58 58 44 36 36 29 30 30 33 39 43 43 42 27 27 19 1 0 0 0 0 0 0 0 0 0 2 3 3 2 0 0 3 9 14 14 3 0 0 0 0 0 0 0 0 0 0 0 0 0 0 0 0 0 13 13 18 14 3 3 24 45 45 55 59 59 55 41 27 27 0 41 41 110 108 111 111 114 106 106 114 108 108 111 116 111 111 110 106 106 106 97 101 101 100 100 100 100 100 100 99 100 100 100 -1 -1 -1 -1 -1 -1 -1 -1 -1 -1 -1 -1 -1 -1 104 108 108 104 110 110 112 97 -31 -31 22 21 21 73 111 112 112 117 111 111 118 117 117 116 113 112 112 112 112 112 114 113 114 114 114 113 113 111 110 110 108 108 106 106 106 97 97 87 71 58 58 53 44 44 41 37 35 35 29 25 25 27 30 30 27 26 31 31 36 42 42 39 29 12 12 0 0 0 0 0 0 0 0 0 0 0 0 0 0 0 0 0 0
30 24 21 21 24 29 29 31 35 35 27 22 16 16 3 0 0 3 12 19 19 20 24 24 31 27 27 20 10 0 0 0 0 0 6 21 37 37 45 49 49 45 35 35 26 22 21 21 16 10 10 12 19 24 24 16 8 8 4 12 22 22 29 25 25 24 22 22 22 15 1 1 0 8 8 18 36 39 39 37 31 31 29 30 30 25 20 4 4 8 15 15 30 49 65 65 74 76 76 67 56 56 45 35 37 37 41 37 37 42 33 44 44 58 67 67 71 62 48 48 42 39 39 38 36 36 38 36 32 32 29 27 27 32 35 35 35 35 25 25 25 31 31 20 18 15 15 19 19 19 18 14 0 0 0 0 0 0 2 2 10 16 26 26 30 22 22 15 13 14 14 15 15 15 19 20 13 13 6 8 8 7 4 4 1 0 0 0 0 0 0 0 1 8 8 12 19 19 21 20 20 29 19 9 9 0 0 0 0 0 6 6 36 41 41 37 31 31 30 33 32 32 26 7 7 3 0 0 0 6 16 16 32 32 29 29 21 16 16 4 0 0 0 0 0 0 0 0 0 0 0 0 0 0 0 0 0 0 0 0 0 0 0 6 22 22 30 30 37 37 50 52 52 39 25 25 16 14 4 4 7 16 16 13 9 2 2 0 0 0 0 0 6 6 6 3 3 20 42 42 48 54 55 55 47 39 39 35 31 27 27 29 29 29 32 21 21 3 0 0 0 0 0 0 0 4 12 12 16 15 15 14 15 15 19 21 9 9 1 0 0 3 2 0 0 0 0 0 0 0 0 0 0 9 9 15 6 6 0 21 22 22 25 24 24 31 36 25 25 12 -75 -75 84 113 113 112 113 108 108 107 102 102 104 102 105 105 110 102 102 95 93 93 -1 -1 -1 -1 94 93 93 95 96 96 96 97 94 94 94 95 95 94 93 93 93 94 95 95 -1 -1 89 89 91 101 101 105 102 108 108 -1 94 94 41 30 30 56 73 101 101 116 113 113 112 110 112 112 114 112 112 113 117 117 117 114 113 113 113 113 113 113 111 108 108 107 105 105 96 85 85 72 58 54 54 44 38 38 37 33 30 30 25 30 30 33 30 29 29 30 31 31 35 32 32 25 8 0 0 0 0 0 0 0 0 0 0 0 0 0 0 0 0 0 0 0
18 18 18 20 27 27 31 30 30 27 29 19 19 3 0 0 0 4 4 15 21 25 25 37 38 38 30 22 7 7 0 0 0 0 0 0 3 12 21 21 26 20 20 6 6 7 7 16 14 14 7 12 12 16 22 19 19 13 9 9 9 4 1 1 3 7 7 7 13 13 13 8 2 2 12 25 25 44 49 50 50 43 35 35 36 32 22 22 14 8 8 19 33 33 60 83 79 79 77 76 76 58 44 37 37 30 32 32 39 39 39 30 31 41 41 52 55 55 50 44 43 43 43 39 39 39 39 37 37 30 26 26 29 36 36 35 41 37 37 26 26 26 25 13 13 13 10 10 10 12 12 12 6 0 0 0 0 0 0 0 4 14 14 21 26 26 24 19 19 7 3 4 4 6 9 9 13 10 4 4 1 1 1 1 0 0 0 0 0 0 0 0 0 8 14 22 22 31 32 32 29 27 22 22 7 0 0 0 0 0 0 15 49 49 45 39 39 38 38 36 36 27 18 18 0 0 0 0 0 0 0 3 20 20 29 29 39 39 41 27 27 9 0 0 0 0 0 0 0 0 0 0 0 0 0 0 0 0 0 0 0 0 0 10 10 21 30 30 27 24 21 21 21 19 19 19 24 25 25 19 19 19 21 19 19 7 0 0 0 0 0 0 4 8 0 0 1 10 10 29 42 59 59 65 73 73 72 54 54 31 18 20 20 25 41 41 36 24 9 9 2 0 0 0 0 0 8 13 21 21 22 9 9 0 0 0 0 0 0 0 0 13 13 15 10 12 12 12 18 18 20 19 19 19 25 24 24 1 0 90 90 94 66 66 41 39 39 29 26 49 49 89 108 108 113 106 104 104 100 -1 -1 -1 -1 -1 -1 -1 -1 -1 -1 -1 -1 -1 -1 -1 -1 -1 -1 -1 -1 -1 -1 -1 -1 -1 -1 -1 -1 -1 -1 -1 -1 -1 -1 -1 -1 -1 -1 -1 -1 -1 -1 -1 -1 -1 -1 99 101 105 105 111 97 97 58 37 32 32 35 61 61 99 102 102 111 114 114 114 113 113 113 113 117 114 114 111 114 114 111 108 108 116 111 110 110 105 96 96 83 67 65 65 61 55 55 47 41 31 31 27 27 27 25 26 26 22 21 29 29 35 30 30 24 20 10 10 0 0 0 0 0 0 0 0 0 0 0 0 0 0 2 0 0 8
18 18 20 20 27 31 31 30 27 27 29 19 3 3 0 0 0 4 15 21 21 25 37 37 38 30 30 22 7 0 0 0 0 0 0 3 12 12 21 26 26 20 6 6 6 7 16 16 14 7 7 12 16 22 22 19 13 13 9 9 4 4 1 3 3 7 7 7 13 13 8 8 2 12 12 25 44 49 49 50 43 43 35 36 36 32 22 14 14 8 19 19 33 60 83 83 79 77 77 76 58 58 44 37 30 30 32 39 39 39 30 31 31 41 52 52 55 50 44 44 43 43 43 39 39 39 39 37 30 30 26 29 29 36 35 41 41 37 26 26 26 25 25 13 13 10 10 10 12 12 12 6 0 0 0 0 0 0 0 0 4 14 21 21 26 24 24 19 7 3 3 4 6 6 9 13 10 10 4 1 1 1 1 1 0 0 0 0 0 0 0 0 8 14 14 22 31 31 32 29 29 27 22 7 7 0 0 0 0 0 15 15 49 45 45 39 38 38 38 36 27 27 18 0 0 0 0 0 0 0 3 3 20 29 29 29 39 41 41 27 9 9 0 0 0 0 0 0 0 0 0 0 0 0 0 0 0 0 0 0 0 0 0 10 21 21 30 27 24 24 21 21 21 19 19 19 24 25 19 19 19 21 21 19 7 0 0 0 0 0 0 4 8 8 0 1 1 10 29 29 42 59 65 65 73 72 72 54 31 18 18 20 25 25 41 36 36 24 9 2 2 0 0 0 0 8 13 13 21 22 22 9 0 0 0 0 0 0 0 0 0 13 15 10 10 12 12 12 18 20 20 19 19 25 25 24 1 1 0 90 94 94 66 41 41 39 29 26 26 49 89 89 108 113 113 106 104 100 100 -1 -1 -1 -1 -1 -1 -1 -1 -1 -1 -1 -1 -1 -1 -1 -1 -1 -1 -1 -1 -1 -1 -1 -1 -1 -1 -1 -1 -1 -1 -1 -1 -1 -1 -1 -1 -1 -1 -1 -1 -1 -1 -1 -1 -1 99 101 101 105 111 111 97 58 58 37 32 35 35 61 99 99 102 111 114 114 114 113 113 113 113 113 117 114 111 111 114 111 111 108 116 111 111 110 105 105 96 83 83 67 65 61 61 55 47 47 41 31 27 27 27 25 25 26 22 21 21 29 35 35 30 24 24 20 10 0 0 0 0 0 0 0 0 0 0 0 0 0 0 0 2 0 8 8
20 20 27 30 31 31 31 32 32 35 35 24 24 9 6 6 8 13 13 19 21 26 26 35 33 33 29 25 12 12 0 0 0 0 0 0 0 3 12 12 14 8 8 0 0 0 0 12 15 15 9 10 10 10 22 19 19 13 9 9 4 0 0 0 0 2 2 4 9 12 12 7 6 6 14 24 24 48 53 53 53 47 39 39 38 36 27 27 13 13 13 26 41 41 62 79 73 73 70 65 65 49 38 33 33 31 32 32 36 35 35 24 29 37 37 45 48 48 45 43 42 42 47 43 43 41 41 37 37 31 31 31 36 39 39 42 44 38 38 29 29 29 21 9 7 7 6 3 3 3 2 2 0 0 0 0 0 0 0 0 7 13 13 15 18 18 13 8 8 2 0 2 2 0 1 1 2 0 0 0 0 0 0 0 0 0 0 0 0 0 0 0 0 4 10 18 18 26 26 26 22 21 16 16 2 0 0 0 0 0 2 21 43 43 42 38 38 37 39 38 38 30 20 20 6 0 0 0 0 0 0 0 12 12 18 33 44 44 44 31 31 13 0 0 0 0 0 0 0 0 0 0 0 0 0 0 0 0 0 0 0 0 0 13 13 21 26 26 22 19 13 13 8 8 8 18 33 37 37 32 24 24 24 20 20 10 0 0 0 0 0 0 18 24 13 13 13 16 16 30 38 53 53 73 83 83 83 66 66 39 22 24 24 27 48 48 48 42 29 29 14 7 7 1 0 0 0 6 21 21 27 8 8 0 0 21 21 26 21 21 4 0 0 0 1 15 15 30 42 42 41 35 33 33 44 36 36 19 15 105 105 113 111 111 100 93 93 82 81 94 94 106 117 117 111 101 97 97 -1 -1 -1 -1 -1 -1 -1 -1 -1 -1 -1 -1 -1 -1 -1 -1 -1 -1 -1 -1 -1 -1 -1 -1 -1 -1 -1 -1 -1 -1 -1 -1 -1 -1 -1 -1 -1 -1 -1 -1 -1 -1 -1 -1 -1 -1 -1 95 96 106 106 110 112 112 102 91 74 74 47 29 29 36 45 45 89 117 118 118 119 118 118 119 113 118 118 116 113 113 116 116 116 112 111 108 108 105 99 99 85 73 70 70 68 62 62 48 39 29 29 26 24 24 18 18 18 13 27 31 31 35 30 30 25 21 13 13 0 0 0 0 0 0 0 0 0 0 0 7 7 35 47 37 37 38
20 27 30 30 31 31 31 32 35 35 35 24 9 9 6 8 8 13 19 21 21 26 35 35 33 29 29 25 12 0 0 0 0 0 0 0 3 3 12 14 14 8 0 0 0 0 12 12 15 9 9 10 10 22 22 19 13 13 9 4 0 0 0 0 0 2 4 4 9 12 7 7 6 14 14 24 48 53 53 53 47 47 39 38 38 36 27 13 13 13 26 26 41 62 79 79 73 70 70 65 49 49 38 33 31 31 32 36 36 35 24 29 29 37 45 45 48 45 43 43 42 47 47 43 41 41 41 37 31 31 31 36 36 39 42 44 44 38 29 29 29 21 21 9 7 6 6 3 3 3 2 0 0 0 0 0 0 0 0 0 7 13 15 15 18 13 13 8 2 0 0 2 0 0 1 2 0 0 0 0 0 0 0 0 0 0 0 0 0 0 0 0 4 10 10 18 26 26 26 22 22 21 16 2 2 0 0 0 0 2 21 21 43 42 42 38 37 37 39 38 30 30 20 6 6 0 0 0 0 0 0 0 12 18 33 33 44 44 44 31 13 13 0 0 0 0 0 0 0 0 0 0 0 0 0 0 0 0 0 0 0 0 0 13 21 21 26 22 19 19 13 8 8 8 18 18 33 37 32 32 24 24 24 20 10 0 0 0 0 0 0 18 24 24 13 13 13 16 30 30 38 53 73 73 83 83 83 66 39 22 22 24 27 27 48 48 48 42 29 14 14 7 1 1 0 0 6 6 21 27 27 8 0 0 0 21 26 26 21 4 4 0 0 1 1 15 30 30 42 41 41 35 33 44 44 36 19 19 15 105 113 113 111 100 100 93 82 81 81 94 106 106 117 111 111 101 97 -1 -1 -1 -1 -1 -1 -1 -1 -1 -1 -1 -1 -1 -1 -1 -1 -1 -1 -1 -1 -1 -1 -1 -1 -1 -1 -1 -1 -1 -1 -1 -1 -1 -1 -1 -1 -1 -1 -1 -1 -1 -1 -1 -1 -1 -1 -1 95 96 96 106 110 110 112 102 102 91 74 47 47 29 36 36 45 89 117 117 118 119 119 118 119 119 113 118 116 116 113 116 116 116 112 111 111 108 105 105 99 85 85 73 70 68 68 62 48 48 39 29 26 26 24 18 18 18 13 27 27 31 35 35 30 25 25 21 13 0 0 0 0 0 0 0 0 0 0 0 0 7 35 35 47 37 38 38
22 22 33 37 33 33 31 35 35 42 41 30 30 16 13 13 16 21 21 24 26 30 30 31 30 30 30 30 19 19 0 0 0 0 0 0 0 0 3 3 4 0 0 0 0 0 0 13 19 19 12 7 7 1 10 13 13 13 8 8 3 0 0 0 0 1 1 7 14 15 15 15 15 15 19 24 24 45 49 49 49 45 41 41 39 36 32 32 19 24 24 38 49 49 64 70 61 61 54 48 48 41 31 27 27 25 26 26 26 25 25 27 33 39 39 41 41 41 41 38 37 37 44 42 42 42 42 38 38 35 37 37 42 44 44 52 50 43 43 38 32 32 19 7 6 6 3 0 0 0 0 0 0 0 0 0 0 0 0 0 2 4 4 6 3 3 0 0 0 0 0 0 0 0 0 0 0 0 0 0 0 0 0 0 0 0 0 0 0 0 0 0 0 2 2 8 8 14 18 18 14 16 13 13 3 0 0 2 4 4 12 27 35 35 32 30 30 33 39 39 39 35 27 27 14 4 4 0 0 0 0 0 8 8 15 37 47 47 47 32 32 18 1 0 0 0 0 0 0 0 0 0 0 0 0 0 0 0 0 0 0 0 2 15 15 19 20 20 12 7 0 0 0 0 0 18 43 50 50 42 27 27 29 21 21 10 4 3 3 8 16 16 37 39 29 29 24 20 20 26 32 48 48 77 90 90 96 81 81 53 33 29 29 33 59 59 62 62 50 50 30 13 13 0 0 0 0 0 12 12 30 25 25 10 10 25 25 -25 72 72 61 42 42 32 20 9 9 12 9 9 20 25 32 32 39 27 27 -58 -30 113 113 110 114 114 117 111 111 108 111 110 110 111 112 112 104 94 95 95 -1 -1 -1 -1 -1 -1 -1 -1 -1 -1 -1 -1 -1 -1 -1 -1 -1 -1 -1 -1 -1 -1 -1 -1 -1 -1 -1 -1 -1 -1 -1 -1 -1 -1 -1 -1 -1 -1 -1 -1 -1 -1 -1 -1 -1 -1 -1 -1 -1 101 101 100 106 106 113 107 102 102 94 71 71 35 35 35 27 66 113 113 124 123 123 119 120 119 119 119 119 119 119 117 117 111 108 105 105 104 99 99 89 81 78 78 78 76 76 58 49 35 35 33 26 26 13 10 10 7 22 25 25 30 29 29 26 21 13 13 0 0 0 0 0 0 0 0 7 7 24 47 47 72 72 74 74 76
21 32 35 35 27 27 27 37 42 42 41 29 16 16 14 21 21 25 26 30 30 31 26 26 22 26 26 30 19 0 0 0 0 0 0 0 7 7 6 7 7 1 0 0 0 2 16 16 20 8 8 2 0 2 2 9 10 10 8 0 0 0 0 0 0 10 18 18 24 24 22 22 24 24 24 22 31 33 33 36 35 35 33 31 31 27 27 29 29 36 48 48 56 60 58 58 45 36 36 37 36 36 30 25 19 19 16 18 18 20 32 36 36 37 33 33 33 32 30 30 22 31 31 33 37 37 41 41 38 38 42 47 47 47 52 49 49 47 47 47 32 15 15 9 7 4 4 4 2 2 0 0 0 0 0 0 0 0 0 0 0 0 0 0 0 0 0 0 0 0 0 0 0 0 0 0 0 0 0 0 0 0 0 0 0 0 0 0 0 4 4 3 1 0 0 0 3 3 9 9 9 19 16 15 15 19 24 24 24 24 31 31 36 32 32 31 35 35 39 42 37 37 31 21 21 13 3 0 0 0 2 2 12 22 36 36 42 42 42 32 21 21 10 2 0 0 0 0 0 0 0 0 0 0 0 0 0 0 0 0 0 9 9 19 18 18 13 0 0 0 0 0 0 7 31 31 55 61 50 50 36 37 37 29 19 14 14 19 30 30 41 52 49 49 33 27 27 20 25 25 32 49 81 81 90 96 96 87 66 50 50 44 45 45 72 74 74 71 58 33 33 9 0 0 0 0 0 0 0 18 18 32 31 31 21 -70 -59 -59 -50 -44 -44 -31 77 83 83 64 47 47 38 33 33 22 16 12 12 14 44 44 91 117 107 107 104 107 107 105 105 107 107 102 101 101 100 95 95 93 -1 -1 -1 -1 -1 -1 -1 -1 -1 -1 -1 -1 -1 -1 -1 -1 -1 -1 -1 -1 -1 -1 -1 -1 -1 -1 -1 -1 -1 -1 -1 -1 -1 -1 -1 -1 -1 -1 -1 -1 -1 -1 -1 -1 -1 -1 -1 -1 -1 -1 -1 91 93 93 96 104 104 99 104 117 117 106 97 97 88 44 25 25 37 68 68 113 123 123 124 117 117 117 124 118 118 111 112 105 105 99 99 99 99 90 90 83 85 89 89 87 71 71 61 47 42 42 31 13 13 7 6 9 9 12 16 16 19 20 20 14 3 0 0 0 0 0 0 1 24 24 41 58 58 77 93 93 100 95 84 84
21 21 32 35 27 27 27 37 37 42 41 29 29 16 14 14 21 25 25 26 30 31 31 26 22 22 26 30 19 19 0 0 0 0 0 0 0 7 6 6 7 1 1 0 0 2 2 16 20 20 8 2 2 0 2 9 9 10 8 8 0 0 0 0 0 10 10 18 24 24 24 22 24 24 24 22 22 31 33 36 36 35 33 33 31 27 27 27 29 36 36 48 56 56 60 58 45 45 36 37 37 36 30 25 25 19 16 16 18 20 20 32 36 37 37 33 33 33 32 30 22 22 31 33 33 37 41 41 41 38 42 42 47 47 47 52 49 47 47 47 32 32 15 9 7 7 4 4 4 2 0 0 0 0 0 0 0 0 0 0 0 0 0 0 0 0 0 0 0 0 0 0 0 0 0 0 0 0 0 0 0 0 0 0 0 0 0 0 0 0 4 3 3 1 0 0 0 3 9 9 9 19 16 16 15 19 19 24 24 24 24 31 36 36 32 31 31 35 39 42 42 37 31 31 21 13 13 3 0 0 0 2 12 12 22 36 42 42 42 32 32 21 10 2 2 0 0 0 0 0 0 0 0 0 0 0 0 0 0 0 0 0 9 19 19 18 13 13 0 0 0 0 0 7 7 31 55 61 61 50 36 36 37 29 29 19 14 19 19 30 41 41 52 49 33 33 27 20 20 25 32 49 49 81 90 90 96 87 87 66 50 44 44 45 72 72 74 71 58 58 33 9 9 0 0 0 0 0 0 0 18 32 32 31 21 -70 -70 -59 -50 -50 -44 -31 -31 77 83 64 64 47 38 38 33 22 16 16 12 14 14 44 91 117 117 107 104 104 107 105 105 105 107 102 102 101 100 100 95 93 -1 -1 -1 -1 -1 -1 -1 -1 -1 -1 -1 -1 -1 -1 -1 -1 -1 -1 -1 -1 -1 -1 -1 -1 -1 -1 -1 -1 -1 -1 -1 -1 -1 -1 -1 -1 -1 -1 -1 -1 -1 -1 -1 -1 -1 -1 -1 -1 -1 -1 -1 91 91 93 96 96 104 99 104 104 117 106 106 97 88 88 44 25 37 37 68 113 113 123 124 117 117 117 124 124 118 111 111 112 105 99 99 99 99 99 90 83 85 85 89 87 87 71 61 47 47 42 31 31 13 7 7 6 9 12 12 16 19 19 20 14 3 3 0 0 0 0 0 0 1 24 41 41 58 77 77 93 100 95 95 84
16 29 31 31 24 24 24 32 37 37 32 22 13 13 10 19 19 26 25 31 31 31 19 19 18 24 24 25 15 0 0 0 0 0 0 3 18 18 16 16 16 12 1 1 7 13 20 20 16 3 3 0 0 1 1 9 14 14 7 0 0 0 0 3 3 22 24 24 22 19 16 16 20 20 20 16 13 16 16 18 21 21 26 20 20 18 22 33 33 43 52 52 54 52 43 43 35 27 27 32 32 32 31 24 12 12 9 14 14 21 29 30 30 26 22 22 25 29 22 22 14 19 19 24 31 31 38 41 42 42 47 53 53 52 53 49 49 52 53 53 31 12 12 12 12 10 10 8 6 6 2 0 0 0 0 0 0 0 0 0 0 0 0 0 0 0 0 0 0 0 0 0 0 0 0 0 0 0 0 0 0 0 0 0 0 0 0 0 8 10 10 8 3 0 0 0 1 1 8 13 13 25 29 35 35 44 49 49 44 37 38 38 44 39 39 37 36 36 38 38 35 35 31 27 27 21 15 7 7 3 8 8 20 31 33 33 35 33 33 26 21 21 18 14 8 8 4 2 2 0 0 0 0 0 0 0 0 1 1 10 16 26 26 31 26 26 18 4 0 0 1 13 13 33 56 56 73 73 60 60 50 53 53 47 36 33 33 41 53 53 62 62 55 55 36 30 30 21 29 29 41 62 88 88 88 87 87 82 73 67 67 66 68 68 82 76 76 70 54 33 33 12 0 0 0 0 0 0 3 19 19 38 49 49 53 48 -30 -30 -70 0 0 0 48 99 99 117 110 110 105 85 85 68 59 54 54 62 87 87 111 111 110 110 108 106 106 102 96 97 97 100 95 95 95 -1 -1 -1 -1 -1 -1 -1 -1 -1 -1 -1 -1 -1 -1 -1 -1 -1 -1 -1 -1 -1 -1 -1 -1 -1 -1 -1 -1 -1 -1 -1 -1 -1 -1 -1 -1 -1 -1 -1 -1 -1 -1 -1 -1 -1 -1 -1 -1 -1 -1 -1 -1 -1 -1 -1 -1 -1 -1 96 96 99 99 105 105 99 117 117 112 104 -20 -20 26 29 29 54 104 104 110 120 113 113 119 117 117 108 111 104 104 97 99 99 99 91 91 84 89 97 97 96 88 88 79 66 61 61 48 29 29 20 18 14 14 12 14 14 15 13 13 7 0 0 0 0 0 0 12 32 56 56 70 79 79 88 83 83 74 64 38 38
16 16 29 31 24 24 24 32 32 37 32 22 22 13 10 10 19 26 26 25 31 31 31 19 18 18 24 25 15 15 0 0 0 0 0 0 3 18 16 16 16 12 12 1 7 13 13 20 16 16 3 0 0 0 1 9 9 14 7 7 0 0 0 0 3 22 22 24 22 19 19 16 20 20 20 16 16 13 16 18 18 21 26 26 20 18 22 22 33 43 43 52 54 54 52 43 35 35 27 32 32 32 31 24 24 12 9 9 14 21 21 29 30 26 26 22 25 25 29 22 14 14 19 24 24 31 38 41 41 42 47 47 53 52 52 53 49 52 52 53 31 31 12 12 12 12 10 8 8 6 2 2 0 0 0 0 0 0 0 0 0 0 0 0 0 0 0 0 0 0 0 0 0 0 0 0 0 0 0 0 0 0 0 0 0 0 0 0 8 8 10 8 8 3 0 0 0 1 8 8 13 25 29 29 35 44 44 49 44 44 37 38 44 44 39 37 37 36 38 38 38 35 31 31 27 21 21 15 7 3 3 8 20 20 31 33 35 35 33 26 26 21 18 14 14 8 4 4 2 0 0 0 0 0 0 0 0 0 1 10 16 16 26 31 31 26 18 18 4 0 1 1 13 33 33 56 73 73 73 60 50 50 53 47 47 36 33 41 41 53 62 62 62 55 36 36 30 21 21 29 41 62 62 88 88 88 87 82 82 73 67 66 66 68 82 82 76 70 54 54 33 12 12 0 0 0 0 0 3 3 19 38 38 49 53 48 48 -30 -70 -70 0 0 0 48 99 117 117 110 105 105 85 68 59 59 54 62 62 87 111 111 111 110 108 108 106 102 102 96 97 100 100 95 95 95 -1 -1 -1 -1 -1 -1 -1 -1 -1 -1 -1 -1 -1 -1 -1 -1 -1 -1 -1 -1 -1 -1 -1 -1 -1 -1 -1 -1 -1 -1 -1 -1 -1 -1 -1 -1 -1 -1 -1 -1 -1 -1 -1 -1 -1 -1 -1 -1 -1 -1 -1 -1 -1 -1 -1 -1 -1 -1 96 99 99 99 105 99 99 117 112 112 104 -20 26 26 29 54 54 104 110 120 120 113 119 119 117 108 108 111 104 97 97 99 99 99 91 84 89 89 97 96 96 88 79 66 66 61 48 48 29 20 20 18 14 12 12 14 15 15 13 7 0 0 0 0 0 0 12 12 32 56 70 70 79 88 88 83 74 64 64 38
12 24 27 27 24 21 21 26 27 27 19 14 9 9 10 20 20 26 27 33 33 33 18 18 19 27 27 24 14 0 0 0 0 0 0 13 24 24 21 21 21 14 15 15 21 21 22 22 12 0 0 0 0 7 7 13 13 13 6 0 0 0 6 14 14 22 18 18 8 1 1 1 4 7 7 6 1 2 2 4 12 12 16 13 13 10 20 41 41 50 52 52 50 39 31 31 29 25 25 31 32 32 32 24 7 7 4 14 14 16 19 18 18 14 13 13 19 27 25 25 16 16 16 22 29 29 33 41 47 47 54 60 60 62 60 56 56 59 56 56 35 18 18 20 19 16 16 14 10 10 7 1 0 0 0 0 0 0 0 0 0 0 0 0 0 0 0 0 0 0 0 0 0 0 0 0 0 0 0 0 0 0 1 1 0 2 8 8 13 9 9 9 6 2 2 0 7 7 16 24 24 35 38 48 48 60 64 64 56 50 47 47 41 37 37 32 30 30 31 31 33 33 35 35 35 30 20 9 9 7 12 12 21 26 25 25 20 19 19 18 15 15 14 16 13 13 16 18 18 21 22 21 21 20 22 22 27 33 33 42 45 52 52 54 50 50 42 29 8 8 15 33 33 59 78 78 87 84 73 73 67 71 71 66 58 58 58 62 73 73 82 73 62 62 48 43 43 32 39 39 52 72 87 87 76 66 66 66 72 77 77 82 83 83 77 70 70 59 47 33 33 18 3 3 0 0 0 0 3 16 16 22 24 24 29 32 15 15 13 21 21 43 72 102 102 119 118 118 111 105 105 110 113 107 107 107 111 111 107 106 105 105 99 94 94 95 -1 -1 -1 -1 -1 -1 -1 -1 -1 -1 -1 -1 -1 -1 -1 -1 -1 -1 -1 -1 -1 -1 -1 -1 -1 -1 -1 -1 -1 -1 -1 -1 -1 -1 -1 -1 -1 -1 -1 -1 -1 -1 -1 -1 -1 -1 -1 -1 -1 -1 -1 -1 -1 -1 -1 -1 -1 -1 -1 -1 -1 -1 -1 -1 -1 -1 -1 -1 95 99 99 101 101 101 101 111 111 111 97 61 61 26 41 41 87 118 118 118 114 117 117 113 108 101 101 101 102 102 100 90 90 83 87 96 96 97 95 95 90 82 79 79 66 48 48 43 38 35 35 25 18 18 14 8 8 3 1 0 0 3 20 20 33 50 71 71 78 71 71 56 33 33 22 31 31 31
8 8 19 22 22 22 20 19 19 13 8 8 8 13 18 18 24 30 30 31 32 32 32 16 22 22 32 25 15 15 0 0 0 2 8 8 18 22 18 18 15 10 10 21 25 25 25 26 20 20 12 19 19 21 25 24 24 13 4 4 4 8 10 10 15 9 9 1 0 0 0 0 0 0 0 0 0 0 0 0 0 8 15 15 7 6 18 18 39 48 48 44 41 41 32 27 35 35 35 48 48 39 41 31 31 9 8 8 19 13 13 9 6 1 1 0 9 9 19 21 19 19 18 22 22 29 36 42 42 52 56 56 60 67 67 65 59 55 55 49 36 36 27 29 26 26 21 15 15 10 7 7 1 0 0 0 0 0 0 0 0 0 0 0 0 0 0 0 0 4 6 8 8 4 0 0 0 0 1 1 6 13 13 16 15 10 10 8 7 7 3 7 7 9 8 6 6 8 19 19 29 33 36 36 45 56 56 59 56 56 55 56 42 42 37 32 32 30 29 30 30 36 44 44 47 39 39 25 9 6 6 12 14 14 10 7 0 0 0 4 4 3 4 7 7 8 18 18 29 39 39 50 49 48 48 52 56 56 67 74 76 76 81 83 83 81 73 73 61 30 31 31 47 72 72 89 94 89 89 83 85 85 93 91 91 83 81 87 87 91 99 99 94 82 66 66 64 50 50 48 53 66 66 70 56 56 45 49 49 64 73 78 78 77 59 59 53 45 43 43 36 26 26 16 13 13 7 4 3 3 12 18 18 15 6 0 0 0 43 43 90 110 110 110 110 111 111 114 107 107 107 108 108 108 104 104 104 108 110 104 104 96 85 85 -1 -1 -1 -1 -1 -1 -1 -1 -1 -1 -1 -1 -1 -1 -1 -1 -1 -1 -1 -1 -1 -1 -1 -1 -1 -1 -1 -1 -1 -1 -1 -1 -1 -1 -1 -1 -1 -1 -1 -1 -1 -1 -1 -1 -1 -1 -1 -1 -1 -1 -1 -1 -1 -1 -1 -1 -1 -1 -1 -1 -1 -1 -1 -1 -1 -1 -1 -1 -1 -1 -1 -1 -1 -1 -1 99 102 102 105 113 110 110 101 70 70 16 55 79 79 112 114 114 113 118 118 107 102 106 106 105 100 100 88 77 81 81 89 94 94 91 93 87 87 87 78 78 65 62 62 60 55 43 43 32 22 22 16 15 20 20 21 35 35 50 52 52 48 33 19 19 24 29 29 32 55 64 64 96
8 19 22 22 22 20 20 19 13 13 8 8 13 13 18 24 24 30 31 32 32 32 16 16 22 32 32 25 15 0 0 0 2 2 8 18 22 22 18 15 15 10 21 21 25 25 26 26 20 12 12 19 21 25 25 24 13 13 4 4 8 8 10 15 15 9 1 1 0 0 0 0 0 0 0 0 0 0 0 0 8 8 15 7 7 6 18 39 39 48 44 44 41 32 27 27 35 35 35 48 39 39 41 31 9 9 8 19 19 13 9 6 6 1 0 0 9 19 21 21 19 18 18 22 29 29 36 42 52 52 56 60 60 67 65 59 59 55 49 49 36 27 27 29 26 21 21 15 10 10 7 1 0 0 0 0 0 0 0 0 0 0 0 0 0 0 0 0 4 6 6 8 4 4 0 0 0 0 1 6 6 13 16 16 15 10 8 8 7 3 3 7 9 8 8 6 8 8 19 29 29 33 36 45 45 56 59 59 56 55 56 56 42 37 37 32 30 30 29 30 36 36 44 47 47 39 25 9 9 6 12 12 14 10 7 7 0 0 0 4 3 3 4 7 8 8 18 29 29 39 50 49 49 48 52 52 56 67 67 74 76 81 81 83 81 81 73 61 30 30 31 47 47 72 89 89 94 89 83 83 85 93 93 91 83 81 81 87 91 91 99 94 82 82 66 64 64 50 48 48 53 66 70 70 56 45 45 49 64 73 73 78 77 77 59 53 53 45 43 36 36 26 16 16 13 7 4 4 3 12 12 18 15 15 6 0 0 0 43 90 90 110 110 110 110 111 114 114 107 107 107 108 108 104 104 104 108 108 110 104 96 96 85 -1 -1 -1 -1 -1 -1 -1 -1 -1 -1 -1 -1 -1 -1 -1 -1 -1 -1 -1 -1 -1 -1 -1 -1 -1 -1 -1 -1 -1 -1 -1 -1 -1 -1 -1 -1 -1 -1 -1 -1 -1 -1 -1 -1 -1 -1 -1 -1 -1 -1 -1 -1 -1 -1 -1 -1 -1 -1 -1 -1 -1 -1 -1 -1 -1 -1 -1 -1 -1 -1 -1 -1 -1 -1 -1 99 99 102 105 113 113 110 101 101 70 16 16 55 79 112 112 114 113 113 118 107 102 102 106 105 105 100 88 88 77 81 89 89 94 91 91 93 87 87 87 78 65 65 62 60 55 55 43 32 32 22 16 16 15 20 21 21 35 50 50 52 48 33 33 19 24 24 29 32 32 55 64 96 96
8 8 14 19 21 21 21 15 15 6 1 8 8 18 24 24 26 33 33 35 26 26 26 10 21 21 32 22 14 14 0 3 3 13 16 16 22 20 13 13 9 4 4 13 20 21 21 27 31 31 35 48 48 53 45 38 38 20 7 7 8 10 8 8 7 0 0 0 0 0 0 0 0 0 0 0 0 0 0 0 0 3 14 14 6 3 18 18 31 38 38 33 33 33 30 32 48 48 53 67 67 56 58 45 45 20 18 18 27 16 16 0 0 0 0 0 0 0 2 9 12 12 15 21 21 31 39 47 47 52 55 55 55 59 59 60 52 43 43 37 33 33 30 29 25 25 19 10 10 6 2 2 0 0 0 0 0 0 0 0 0 0 0 0 0 0 2 15 15 16 13 8 8 6 0 0 0 1 9 9 18 25 25 26 22 14 14 4 0 0 0 3 3 10 10 7 7 8 18 18 29 30 30 30 37 44 44 48 50 50 55 61 54 54 48 41 41 35 31 31 31 41 49 49 58 48 48 26 9 6 6 12 7 7 0 0 0 0 0 0 0 0 0 0 0 1 29 29 43 64 64 79 81 79 79 81 87 87 87 94 95 95 99 100 100 99 96 96 85 53 47 47 58 81 81 94 97 96 96 93 104 104 112 111 111 105 101 106 106 111 114 114 111 96 82 82 82 61 61 53 49 58 58 48 37 37 30 38 38 54 64 64 64 61 44 44 42 38 37 37 35 27 27 22 20 20 19 14 6 6 2 9 9 14 0 0 0 68 102 102 114 108 108 110 110 106 106 106 104 104 105 104 105 105 110 107 107 102 102 94 94 -1 -1 -1 -1 -1 -1 -1 -1 -1 -1 -1 -1 -1 -1 -1 -1 -1 -1 -1 -1 -1 -1 -1 -1 -1 -1 -1 -1 -1 -1 -1 -1 -1 -1 -1 -1 -1 -1 -1 -1 -1 -1 -1 -1 -1 -1 -1 -1 -1 -1 -1 -1 -1 -1 -1 -1 -1 -1 -1 -1 -1 -1 -1 -1 -1 -1 -1 -1 -1 -1 -1 -1 -1 -1 -1 -1 -1 -1 89 95 95 97 104 111 111 117 101 101 72 21 22 22 93 117 117 104 116 116 110 108 108 108 106 99 99 83 68 71 71 81 87 87 93 97 97 97 97 93 93 85 84 84 81 78 66 66 55 52 52 45 48 56 56 61 72 72 45 16 16 20 31 -49 -49 56 77 77 106 112 108 108 113
8 14 19 19 21 21 21 15 6 6 1 8 18 18 24 26 26 33 35 26 26 26 10 10 21 32 32 22 14 0 0 3 13 13 16 22 20 20 13 9 9 4 13 13 20 21 27 27 31 35 35 48 53 45 45 38 20 20 7 8 10 10 8 7 7 0 0 0 0 0 0 0 0 0 0 0 0 0 0 0 3 3 14 6 6 3 18 31 31 38 33 33 33 30 32 32 48 53 53 67 56 56 58 45 20 20 18 27 27 16 0 0 0 0 0 0 0 2 9 9 12 15 15 21 31 31 39 47 52 52 55 55 55 59 60 52 52 43 37 37 33 30 30 29 25 19 19 10 6 6 2 0 0 0 0 0 0 0 0 0 0 0 0 0 0 2 2 15 16 13 13 8 6 6 0 0 1 1 9 18 18 25 26 26 22 14 4 4 0 0 0 3 10 10 10 7 8 8 18 29 29 30 30 37 37 44 48 48 50 55 61 61 54 48 48 41 35 35 31 31 41 41 49 58 58 48 26 9 9 6 12 12 7 0 0 0 0 0 0 0 0 0 0 0 1 1 29 43 43 64 79 81 81 79 81 81 87 87 87 94 95 99 99 100 99 99 96 85 53 53 47 58 58 81 94 94 97 96 93 93 104 112 112 111 105 101 101 106 111 111 114 111 96 96 82 82 82 61 53 53 49 58 48 48 37 30 30 38 54 64 64 64 61 61 44 42 42 38 37 35 35 27 22 22 20 19 14 14 6 2 2 9 14 14 0 0 68 68 102 114 114 108 110 110 110 106 106 106 104 105 105 104 105 110 110 107 102 102 102 94 -1 -1 -1 -1 -1 -1 -1 -1 -1 -1 -1 -1 -1 -1 -1 -1 -1 -1 -1 -1 -1 -1 -1 -1 -1 -1 -1 -1 -1 -1 -1 -1 -1 -1 -1 -1 -1 -1 -1 -1 -1 -1 -1 -1 -1 -1 -1 -1 -1 -1 -1 -1 -1 -1 -1 -1 -1 -1 -1 -1 -1 -1 -1 -1 -1 -1 -1 -1 -1 -1 -1 -1 -1 -1 -1 -1 -1 -1 89 89 95 97 104 104 111 117 117 101 72 72 21 22 93 93 117 104 104 116 110 108 108 108 106 106 99 83 83 68 71 81 81 87 93 93 97 97 97 97 93 85 85 84 81 78 78 66 55 55 52 45 45 48 56 61 61 72 45 45 16 20 31 31 -49 56 56 77 106 106 112 108 113 113
8 8 14 19 19 19 16 3 3 0 0 3 3 13 19 19 30 36 36 39 22 13 13 16 31 31 30 13 1 1 0 4 4 18 21 21 20 18 10 10 0 0 0 0 8 21 21 37 49 49 59 71 71 84 64 42 42 27 13 13 12 14 4 4 0 0 0 0 0 0 0 0 0 0 0 0 0 0 0 0 0 6 12 12 4 7 7 7 27 32 32 32 27 27 30 45 58 58 64 73 73 70 61 53 53 24 25 25 22 16 16 0 0 0 0 0 0 0 0 0 8 8 12 21 21 30 32 38 38 39 37 37 39 38 38 39 33 33 33 31 32 32 36 26 20 20 12 4 4 0 0 0 0 0 0 0 0 0 0 0 0 0 0 0 13 13 19 21 21 21 14 7 7 3 2 2 2 8 18 18 26 36 36 35 33 6 6 0 0 0 0 4 4 15 16 13 13 16 24 24 27 24 25 25 24 29 29 36 39 39 49 61 56 56 48 41 41 37 33 32 32 39 48 48 59 47 47 18 2 3 3 6 3 3 0 0 0 0 0 0 0 0 0 0 0 3 36 36 62 84 84 97 101 101 101 100 93 93 95 88 95 95 97 96 96 105 101 101 91 64 55 55 65 82 82 95 99 97 97 106 112 112 119 122 122 124 118 114 114 118 113 113 111 104 95 95 85 70 70 45 32 32 32 31 29 29 27 31 31 39 50 54 54 52 44 44 38 31 26 26 26 29 29 29 27 27 13 4 4 4 8 12 12 24 0 -103 -103 108 108 108 108 110 110 105 102 100 100 99 -1 -1 -1 -1 -1 -1 -1 -1 -1 -1 -1 -1 -1 -1 -1 -1 -1 -1 -1 -1 -1 -1 -1 -1 -1 -1 -1 -1 -1 -1 -1 -1 -1 -1 -1 -1 -1 -1 -1 -1 -1 -1 -1 -1 -1 -1 -1 -1 -1 -1 -1 -1 -1 -1 -1 -1 -1 -1 -1 -1 -1 -1 -1 -1 -1 -1 -1 -1 -1 -1 -1 -1 -1 -1 -1 -1 -1 -1 -1 -1 -1 -1 -1 -1 -1 -1 -1 -1 -1 -1 -1 -1 -1 -1 -1 97 104 104 107 105 105 101 -60 0 0 84 101 101 116 119 119 117 114 97 97 97 90 90 79 72 72 72 78 81 81 94 99 111 111 108 108 108 110 104 104 106 91 78 78 67 59 59 59 71 79 79 79 83 83 14 -122 -122 -69 76 102 102 111 119 119 112 112 108 108 106
12 15 19 19 20 16 16 3 0 0 0 0 6 6 19 33 33 35 33 20 20 12 18 18 29 13 13 0 0 0 0 9 25 25 25 14 7 7 4 0 0 0 0 0 1 15 37 37 61 77 77 85 91 68 68 52 39 39 24 12 7 7 0 0 0 0 0 0 0 9 16 16 15 10 10 7 2 7 7 6 14 14 15 9 9 18 21 36 36 37 36 36 36 41 50 50 54 53 53 55 55 55 50 45 20 20 19 14 14 9 0 0 0 0 0 0 0 0 0 0 0 15 15 25 30 30 31 31 30 30 26 29 29 36 42 39 39 37 32 32 31 29 29 12 13 2 2 0 0 0 0 0 0 0 0 0 0 0 0 0 0 0 7 7 13 16 16 21 20 10 10 0 0 0 0 0 6 6 20 26 26 36 30 30 27 0 0 0 0 0 0 3 12 15 15 16 19 19 25 31 31 25 24 21 21 20 26 26 31 43 60 60 59 58 58 53 47 47 37 30 32 32 37 31 31 25 8 3 3 7 8 8 3 0 0 0 0 0 0 0 4 4 7 9 18 18 59 81 81 96 105 107 107 106 105 105 95 78 78 67 70 70 70 73 90 90 96 96 71 71 64 70 70 81 93 93 96 97 107 107 113 118 118 122 127 124 124 120 119 119 108 106 100 100 91 77 77 55 35 35 26 29 35 35 39 47 47 43 37 43 43 54 62 62 55 39 39 25 18 18 18 16 14 14 16 0 6 6 0 2 2 29 10 10 29 -7 111 111 108 108 108 106 101 97 97 94 94 94 -1 -1 -1 -1 -1 -1 -1 -1 -1 -1 -1 -1 -1 -1 -1 -1 -1 -1 -1 -1 -1 -1 -1 -1 -1 -1 -1 -1 -1 -1 -1 -1 -1 -1 -1 -1 -1 -1 -1 -1 -1 -1 -1 -1 -1 -1 -1 -1 -1 -1 -1 -1 -1 -1 -1 -1 -1 -1 -1 -1 -1 -1 -1 -1 -1 -1 -1 -1 -1 -1 -1 -1 -1 -1 -1 -1 -1 -1 -1 -1 -1 -1 -1 -1 -1 -1 -1 -1 -1 -1 -1 -1 -1 -1 -1 -1 100 105 105 105 105 105 -1 66 0 0 88 105 105 112 114 113 113 111 111 111 114 105 105 95 93 89 89 93 107 107 110 116 114 114 113 112 112 106 104 83 83 73 68 68 73 83 83 93 96 90 90 65 19 19 0 -1 110 110 116 112 112 113 107 107 106 104 100 100
12 12 15 19 20 20 16 3 3 0 0 0 0 6 19 19 33 35 35 33 20 12 12 18 29 29 13 0 0 0 0 9 9 25 25 25 14 7 4 4 0 0 0 0 1 15 15 37 61 61 77 85 85 91 68 52 52 39 24 24 12 7 0 0 0 0 0 0 0 9 9 16 15 15 10 7 7 2 7 6 6 14 15 15 9 18 21 21 36 37 37 36 36 36 41 50 54 54 53 55 55 55 50 45 45 20 19 19 14 9 9 0 0 0 0 0 0 0 0 0 0 0 15 25 25 30 31 31 31 30 26 26 29 36 36 42 39 37 37 32 31 31 29 12 13 13 2 0 0 0 0 0 0 0 0 0 0 0 0 0 0 0 0 7 13 13 16 21 21 20 10 0 0 0 0 0 0 6 20 20 26 36 36 30 27 0 0 0 0 0 0 3 3 12 15 16 16 19 25 25 31 25 24 24 21 20 20 26 31 31 43 60 59 59 58 53 53 47 37 30 30 32 37 37 31 25 25 8 3 7 7 8 3 3 0 0 0 0 0 0 0 4 7 9 9 18 59 59 81 96 96 105 107 106 106 105 95 95 78 67 70 70 70 73 73 90 96 96 96 71 64 64 70 81 81 93 96 97 97 107 113 113 118 122 122 127 124 120 120 119 108 108 106 100 91 91 77 55 55 35 26 29 29 35 39 39 47 43 43 37 43 54 54 62 55 55 39 25 18 18 18 16 16 14 16 16 0 6 0 0 2 29 29 10 29 -7 -7 111 108 108 108 106 106 101 97 94 94 94 -1 -1 -1 -1 -1 -1 -1 -1 -1 -1 -1 -1 -1 -1 -1 -1 -1 -1 -1 -1 -1 -1 -1 -1 -1 -1 -1 -1 -1 -1 -1 -1 -1 -1 -1 -1 -1 -1 -1 -1 -1 -1 -1 -1 -1 -1 -1 -1 -1 -1 -1 -1 -1 -1 -1 -1 -1 -1 -1 -1 -1 -1 -1 -1 -1 -1 -1 -1 -1 -1 -1 -1 -1 -1 -1 -1 -1 -1 -1 -1 -1 -1 -1 -1 -1 -1 -1 -1 -1 -1 -1 -1 -1 -1 -1 -1 100 100 105 105 105 105 -1 66 66 0 88 88 105 112 112 114 113 111 111 111 114 114 105 95 93 93 89 93 93 107 110 116 116 114 113 113 112 106 106 104 83 73 73 68 73 73 83 93 96 96 90 65 65 19 0 0 -1 110 116 116 112 113 113 107 106 104 104 100
7 13 18 18 19 14 14 0 0 0 0 0 0 0 16 32 32 35 30 9 9 0 8 8 20 0 0 0 0 0 0 10 18 18 13 0 0 0 3 6 6 0 0 0 0 3 29 29 64 84 84 89 87 66 66 50 43 43 30 14 3 3 0 0 0 2 8 8 13 16 13 13 13 15 15 21 30 38 38 38 35 35 21 16 16 25 31 35 35 32 33 33 38 44 48 48 42 36 36 36 41 41 41 39 26 26 24 16 16 16 16 19 19 16 18 18 19 6 0 0 3 14 14 26 33 33 36 38 42 42 45 50 50 54 62 59 59 52 42 42 37 27 27 8 4 0 0 0 0 0 0 0 0 0 0 0 0 0 0 0 0 7 12 12 13 14 14 19 16 6 6 0 0 0 0 0 4 4 27 32 32 36 27 27 20 0 0 0 0 3 3 8 13 14 14 16 22 22 27 32 32 16 16 14 14 16 19 19 22 33 45 45 45 45 45 43 37 37 29 24 29 29 33 19 19 10 0 0 0 3 6 6 6 0 7 7 9 12 12 18 24 24 22 25 32 32 60 76 76 88 100 108 108 112 111 111 101 72 72 56 53 50 50 55 76 76 90 102 78 78 71 72 72 82 93 93 99 102 113 113 114 117 117 120 127 127 127 124 117 117 100 91 88 88 83 76 76 59 42 42 37 42 43 43 45 47 47 42 38 44 44 59 65 65 66 52 52 36 25 16 16 9 9 9 16 14 4 4 21 26 26 0 12 12 77 111 112 112 108 105 105 99 94 91 91 -1 -1 -1 -1 -1 -1 -1 -1 -1 -1 -1 -1 -1 -1 -1 -1 -1 -1 -1 -1 -1 -1 -1 -1 -1 -1 -1 -1 -1 -1 -1 -1 -1 -1 -1 -1 -1 -1 -1 -1 -1 -1 -1 -1 -1 -1 -1 -1 -1 -1 -1 -1 -1 -1 -1 -1 -1 -1 -1 -1 -1 -1 -1 -1 -1 -1 -1 -1 -1 -1 -1 -1 -1 -1 -1 -1 -1 -1 -1 -1 -1 -1 -1 -1 -1 -1 -1 -1 -1 -1 -1 -1 -1 -1 -1 -1 -1 -1 -1 94 99 99 105 107 107 116 113 52 52 0 39 39 87 102 101 101 110 112 112 113 117 117 113 110 106 106 105 118 118 119 114 112 112 107 101 101 96 85 78 78 77 78 78 81 89 89 101 99 87 87 32 25 25 45 111 106 106 111 107 107 104 99 99 97 95 94 94
10 10 21 27 25 25 16 0 0 0 0 0 0 0 8 8 21 26 26 26 4 0 0 0 7 7 0 0 0 0 0 0 0 0 0 0 0 0 0 0 4 2 2 0 0 0 0 19 53 53 78 79 79 74 59 45 45 38 29 29 9 0 0 0 8 14 14 20 20 8 8 1 9 9 22 35 35 58 66 67 67 53 32 32 24 30 33 33 33 29 29 30 37 37 44 41 33 33 27 30 30 38 38 39 39 38 33 33 26 27 27 30 30 31 31 33 29 29 15 7 10 10 19 29 29 32 37 45 45 58 66 66 73 76 76 77 70 59 59 45 33 33 26 10 2 2 0 0 0 0 0 0 0 0 0 0 0 0 0 0 6 8 8 8 6 6 6 10 10 12 3 0 0 0 0 0 0 6 25 25 29 31 31 20 13 0 0 0 0 0 13 10 10 9 9 12 12 14 19 19 21 8 8 8 8 14 14 19 20 20 25 35 35 35 35 30 30 21 15 16 16 25 33 33 27 15 15 0 3 10 10 14 18 18 14 26 31 31 33 35 35 32 27 29 29 33 53 53 67 77 77 90 101 105 105 101 90 90 68 50 42 42 36 39 39 56 78 78 94 87 78 78 81 87 87 95 104 108 108 117 114 114 118 119 119 127 127 123 123 113 96 96 88 84 82 82 85 81 81 71 64 65 65 61 50 50 43 41 41 42 52 61 61 65 76 76 64 44 24 24 8 0 0 2 7 7 15 0 0 0 0 41 41 88 116 118 118 112 106 106 100 94 94 -1 -1 -1 -1 -1 -1 -1 -1 -1 -1 -1 -1 -1 -1 -1 -1 -1 -1 -1 -1 -1 -1 -1 -1 -1 -1 -1 -1 -1 -1 -1 -1 -1 -1 -1 -1 -1 -1 -1 -1 -1 -1 -1 -1 -1 -1 -1 -1 -1 -1 -1 -1 -1 -1 -1 -1 -1 -1 -1 -1 -1 -1 -1 -1 -1 -1 -1 -1 -1 -1 -1 -1 -1 -1 -1 -1 -1 -1 -1 -1 -1 -1 -1 -1 -1 -1 -1 -1 -1 -1 -1 -1 -1 -1 -1 -1 -1 -1 -1 -1 -1 -1 -1 94 100 100 104 114 110 110 105 85 85 0 0 0 39 90 114 114 123 123 123 122 114 106 106 110 108 108 108 111 106 106 114 118 118 110 101 101 83 76 77 77 76 78 78 93 96 66 66 25 2 2 53 112 112 118 114 107 107 107 -1 -1 -1 -1 -1 -1 -1
10 21 27 27 25 16 16 0 0 0 0 0 0 0 8 21 21 26 26 4 4 0 0 0 7 0 0 0 0 0 0 0 0 0 0 0 0 0 0 4 4 2 0 0 0 0 19 19 53 78 78 79 74 59 59 45 38 38 29 9 0 0 0 8 8 14 20 20 20 8 1 1 9 22 22 35 58 66 66 67 53 53 32 24 24 30 33 33 33 29 30 30 37 44 41 41 33 27 27 30 38 38 38 39 38 38 33 26 26 27 30 30 30 31 33 33 29 15 7 7 10 19 19 29 32 32 37 45 58 58 66 73 73 76 77 70 70 59 45 45 33 26 26 10 2 0 0 0 0 0 0 0 0 0 0 0 0 0 0 0 6 8 8 8 6 6 6 10 12 3 3 0 0 0 0 0 6 6 25 29 29 31 20 20 13 0 0 0 0 13 13 10 9 9 9 12 14 14 19 21 21 8 8 8 8 14 19 19 20 25 35 35 35 35 35 30 21 21 15 16 25 25 33 27 27 15 0 3 3 10 14 14 18 14 26 26 31 33 33 35 32 32 27 29 33 33 53 67 67 77 90 101 101 105 101 101 90 68 68 50 42 36 36 39 56 56 78 94 87 87 78 81 81 87 95 95 104 108 117 117 114 118 118 119 127 127 127 123 113 113 96 88 84 84 82 85 85 81 71 71 64 65 61 61 50 43 43 41 42 52 52 61 65 65 76 64 64 44 24 8 8 0 2 2 7 15 0 0 0 0 0 41 88 88 116 118 112 112 106 100 100 94 -1 -1 -1 -1 -1 -1 -1 -1 -1 -1 -1 -1 -1 -1 -1 -1 -1 -1 -1 -1 -1 -1 -1 -1 -1 -1 -1 -1 -1 -1 -1 -1 -1 -1 -1 -1 -1 -1 -1 -1 -1 -1 -1 -1 -1 -1 -1 -1 -1 -1 -1 -1 -1 -1 -1 -1 -1 -1 -1 -1 -1 -1 -1 -1 -1 -1 -1 -1 -1 -1 -1 -1 -1 -1 -1 -1 -1 -1 -1 -1 -1 -1 -1 -1 -1 -1 -1 -1 -1 -1 -1 -1 -1 -1 -1 -1 -1 -1 -1 -1 -1 -1 -1 94 94 100 104 104 114 110 105 105 85 0 0 0 39 90 90 114 123 123 123 122 122 114 106 110 110 108 108 108 111 106 114 114 118 110 110 101 83 76 76 77 76 76 78 93 93 96 66 25 25 2 53 53 112 118 114 114 107 107 107 -1 -1 -1 -1 -1 -1 -1
14 14 27 35 32 32 19 0 0 0 0 0 0 0 0 0 8 8 8 8 0 0 0 0 0 0 0 0 0 0 2 0 0 0 0 0 0 0 0 0 0 0 0 1 0 0 0 15 45 45 66 66 66 61 54 44 44 33 25 25 7 0 0 0 2 16 16 25 22 8 8 10 32 32 48 48 48 68 76 74 74 55 36 36 31 35 39 39 32 30 30 32 36 36 37 30 24 24 24 33 33 38 37 36 36 41 35 35 27 29 29 36 37 36 36 35 30 30 18 13 13 13 20 27 27 33 38 53 53 68 76 76 81 77 77 72 64 59 59 44 32 32 30 24 8 8 0 0 0 0 0 0 0 0 0 0 0 0 0 3 6 1 1 0 0 0 0 0 0 0 0 0 0 0 0 0 0 2 21 21 24 27 27 18 14 1 1 6 9 9 19 14 14 7 8 9 9 10 15 15 22 16 13 13 9 13 13 20 24 24 26 33 31 31 33 33 33 27 26 32 32 41 47 47 31 19 19 8 18 30 30 32 32 32 26 32 39 39 44 43 43 39 33 35 35 44 52 52 65 76 76 90 100 101 101 95 82 82 62 47 37 37 29 33 33 53 73 73 94 104 96 96 97 97 97 102 108 111 111 117 117 117 119 122 122 127 127 123 123 117 102 102 94 90 91 91 95 93 93 84 78 79 79 76 70 70 65 59 59 49 49 52 52 52 50 50 49 41 29 29 21 20 20 13 6 6 0 15 -1 -1 95 117 117 114 114 113 113 107 102 102 95 -1 -1 -1 -1 -1 -1 -1 -1 -1 -1 -1 -1 -1 -1 -1 -1 -1 -1 -1 -1 -1 -1 -1 -1 -1 -1 -1 -1 -1 -1 -1 -1 -1 -1 -1 -1 -1 -1 -1 -1 -1 -1 -1 -1 -1 -1 -1 -1 -1 -1 -1 -1 -1 -1 -1 -1 -1 -1 -1 -1 -1 -1 -1 -1 -1 -1 -1 -1 -1 -1 -1 -1 -1 -1 -1 -1 -1 -1 -1 -1 -1 -1 -1 -1 -1 -1 -1 -1 -1 -1 -1 -1 -1 -1 -1 -1 -1 -1 -1 -1 -1 -1 -1 -1 -1 -1 -1 -1 96 106 105 105 112 105 105 108 -28 -28 18 0 36 36 62 102 102 99 90 90 90 82 89 89 87 99 99 99 107 106 106 99 96 96 84 66 65 65 68 58 58 12 0 -98 -98 -45 -1 -1 114 112 112 116 113 106 106 -1 -1 -1 -1 -1 -1 -1 -1
14 27 35 35 32 19 19 0 0 0 0 0 0 0 0 8 8 8 8 0 0 0 0 0 0 0 0 0 0 2 2 0 0 0 0 0 0 0 0 0 0 0 1 1 0 0 15 15 45 66 66 66 61 54 54 44 33 33 25 7 0 0 0 2 2 16 25 25 22 8 10 10 32 48 48 48 68 76 76 74 55 55 36 31 31 35 39 32 32 30 32 32 36 37 30 30 24 24 24 33 38 38 37 36 41 41 35 27 27 29 36 37 37 36 35 35 30 18 13 13 13 20 20 27 33 33 38 53 68 68 76 81 81 77 72 64 64 59 44 44 32 30 30 24 8 0 0 0 0 0 0 0 0 0 0 0 0 0 3 3 6 1 0 0 0 0 0 0 0 0 0 0 0 0 0 0 2 2 21 24 24 27 18 18 14 1 6 6 9 19 19 14 7 8 8 9 10 10 15 22 22 16 13 9 9 13 20 20 24 26 33 33 31 33 33 33 27 27 26 32 41 41 47 31 31 19 8 18 18 30 32 32 32 26 32 32 39 44 44 43 39 39 33 35 44 44 52 65 65 76 90 100 100 101 95 95 82 62 62 47 37 29 29 33 53 53 73 94 104 104 96 97 97 97 102 102 108 111 117 117 117 119 119 122 127 127 127 123 117 117 102 94 90 90 91 95 95 93 84 84 78 79 76 76 70 65 65 59 49 49 49 52 52 52 50 49 49 41 29 21 21 20 13 13 6 0 15 15 -1 95 95 117 114 114 114 113 107 107 102 95 95 -1 -1 -1 -1 -1 -1 -1 -1 -1 -1 -1 -1 -1 -1 -1 -1 -1 -1 -1 -1 -1 -1 -1 -1 -1 -1 -1 -1 -1 -1 -1 -1 -1 -1 -1 -1 -1 -1 -1 -1 -1 -1 -1 -1 -1 -1 -1 -1 -1 -1 -1 -1 -1 -1 -1 -1 -1 -1 -1 -1 -1 -1 -1 -1 -1 -1 -1 -1 -1 -1 -1 -1 -1 -1 -1 -1 -1 -1 -1 -1 -1 -1 -1 -1 -1 -1 -1 -1 -1 -1 -1 -1 -1 -1 -1 -1 -1 -1 -1 -1 -1 -1 -1 -1 -1 -1 -1 96 96 106 105 112 112 105 108 108 -28 18 0 0 36 62 62 102 99 99 90 90 82 82 89 87 87 99 99 107 107 106 99 99 96 84 66 66 65 68 68 58 12 12 0 -98 -45 -45 -1 114 114 112 116 113 113 106 -1 -1 -1 -1 -1 -1 -1 -1 -1
9 9 26 36 35 35 22 0 0 0 0 0 0 0 0 0 0 0 0 0 0 0 0 0 0 0 0 0 2 2 12 16 16 10 8 8 2 0 0 0 0 0 0 0 0 0 0 9 37 37 49 45 45 43 45 39 39 32 24 24 4 0 0 0 0 18 18 24 19 16 16 36 66 66 81 71 71 70 68 61 61 41 29 29 32 35 37 37 38 37 37 38 39 39 33 26 25 25 27 29 29 26 26 26 26 39 36 36 33 33 33 39 38 38 38 35 27 27 21 20 24 24 24 32 32 35 39 55 55 70 73 73 73 61 61 54 48 50 50 41 30 30 30 31 16 16 2 0 0 0 0 0 0 0 0 0 0 0 0 0 1 0 0 0 0 0 0 0 0 0 0 0 0 0 0 0 0 0 10 10 14 20 20 13 14 9 9 15 19 19 18 9 9 6 6 7 7 10 21 21 33 33 30 30 24 26 26 31 29 29 26 30 29 29 39 50 50 50 50 54 54 59 60 60 30 22 22 15 25 38 38 42 41 41 33 35 38 38 44 48 48 48 42 45 45 58 65 65 76 84 84 96 101 96 96 88 73 73 58 48 41 41 35 41 41 60 84 84 106 118 113 113 113 110 110 110 112 110 110 112 116 116 118 119 119 125 127 124 124 122 111 111 95 94 96 96 95 87 87 76 78 88 88 94 91 91 88 81 81 59 41 29 29 21 19 19 22 25 31 31 43 37 37 0 0 0 -101 -55 82 82 88 114 114 113 110 114 114 100 95 95 -1 -1 -1 -1 -1 -1 -1 -1 -1 -1 -1 -1 -1 -1 -1 -1 -1 -1 -1 -1 -1 -1 -1 -1 -1 -1 -1 -1 -1 -1 -1 -1 -1 -1 -1 -1 -1 -1 -1 -1 -1 -1 -1 -1 -1 -1 -1 -1 -1 -1 -1 -1 -1 -1 -1 -1 -1 -1 -1 -1 -1 -1 -1 -1 -1 -1 -1 -1 -1 -1 -1 -1 -1 -1 -1 -1 -1 -1 -1 -1 -1 -1 -1 -1 -1 -1 -1 -1 -1 -1 -1 -1 -1 -1 -1 -1 -1 -1 -1 -1 -1 -1 -1 -1 -1 -1 -1 -1 -1 -1 -1 -1 -1 107 110 110 106 105 105 107 -1 31 31 1 0 0 19 56 58 58 70 70 70 85 89 91 91 93 88 88 76 61 61 43 6 0 0 0 0 0 47 95 108 108 101 106 106 112 105 105 114 101 -1 -1 -1 -1 -1 -1 -1 -1 -1 -1
3 25 35 35 31 16 16 0 0 0 0 0 0 0 0 0 0 0 0 0 0 0 0 0 0 0 0 0 0 8 8 21 22 22 22 13 0 0 0 0 0 0 0 0 0 0 4 4 26 29 29 22 22 26 26 29 24 24 16 0 0 0 0 0 0 14 20 20 21 26 47 47 74 83 83 74 58 49 49 38 22 22 22 31 31 29 30 41 41 44 47 47 44 37 31 31 30 32 32 19 13 13 13 19 38 38 41 43 43 39 35 36 36 36 35 35 31 27 29 29 35 35 35 38 38 38 37 47 56 56 59 58 58 54 48 39 39 37 26 26 18 21 21 19 18 9 9 4 0 0 0 0 0 0 0 0 0 0 0 0 0 0 0 0 0 0 0 0 0 0 0 0 0 0 0 0 0 0 0 0 0 2 1 1 6 7 15 15 15 4 4 0 0 0 0 4 8 8 25 42 42 54 50 45 45 42 37 37 27 19 21 21 38 55 55 67 66 66 58 59 62 62 64 47 47 44 36 39 39 45 44 44 44 37 29 29 25 26 26 37 47 47 44 52 66 66 88 95 95 96 101 97 97 87 77 77 65 60 60 59 56 52 52 59 78 78 95 111 122 122 118 118 118 112 111 111 113 110 111 111 114 114 114 113 119 120 120 120 119 119 107 96 95 95 94 90 90 78 68 68 76 88 102 102 97 95 95 88 65 37 37 14 0 0 6 21 21 35 43 55 55 70 76 76 73 32 6 6 0 47 47 114 113 113 106 106 -1 -1 -1 -1 -1 -1 -1 -1 -1 -1 -1 -1 -1 -1 -1 -1 -1 -1 -1 -1 -1 -1 -1 -1 -1 -1 -1 -1 -1 -1 -1 -1 -1 -1 -1 -1 -1 -1 -1 -1 -1 -1 -1 -1 -1 -1 -1 -1 -1 -1 -1 -1 -1 -1 -1 -1 -1 -1 -1 -1 -1 -1 -1 -1 -1 -1 -1 -1 -1 -1 -1 -1 -1 -1 -1 -1 -1 -1 -1 -1 -1 -1 -1 -1 -1 -1 -1 -1 -1 -1 -1 -1 -1 -1 -1 -1 -1 -1 -1 -1 -1 -1 -1 -1 -1 -1 -1 -1 -1 -1 -1 -1 -1 -1 -1 -1 -1 -1 104 116 116 112 106 111 111 111 110 110 96 35 35 0 0 4 4 45 87 87 87 74 39 39 0 0 0 0 -98 29 29 72 105 105 106 106 106 111 114 113 113 111 99 99 104 96 -1 -1 -1 -1 -1 -1 -1 -1 -1 -1 -1 -1
3 3 25 35 31 31 16 0 0 0 0 0 0 0 0 0 0 0 0 0 0 0 0 0 0 0 0 0 0 0 8 21 21 22 22 22 13 0 0 0 0 0 0 0 0 0 0 4 26 26 29 22 22 22 26 29 29 24 16 16 0 0 0 0 0 14 14 20 21 26 26 47 74 74 83 74 74 58 49 38 38 22 22 22 31 29 30 30 41 44 44 47 44 44 37 31 30 30 32 19 19 13 13 19 19 38 41 41 43 39 39 35 36 36 36 35 31 31 27 29 35 35 35 38 38 38 37 47 47 56 59 59 58 54 54 48 39 37 37 26 18 18 21 19 18 18 9 4 4 0 0 0 0 0 0 0 0 0 0 0 0 0 0 0 0 0 0 0 0 0 0 0 0 0 0 0 0 0 0 0 0 2 2 1 6 7 7 15 15 15 4 0 0 0 0 4 4 8 25 25 42 54 50 50 45 42 42 37 27 27 19 21 38 38 55 67 67 66 58 59 59 62 64 64 47 44 44 36 39 45 45 44 44 44 37 29 25 25 26 37 37 47 44 52 52 66 88 88 95 96 96 101 97 87 87 77 65 65 60 59 56 56 52 59 59 78 95 95 111 122 118 118 118 112 112 111 113 110 110 111 114 114 114 113 113 119 120 120 120 119 107 107 96 95 94 94 90 78 78 68 76 88 88 102 97 97 95 88 88 65 37 14 14 0 6 6 21 35 43 43 55 70 70 76 73 73 32 6 0 0 47 114 114 113 106 106 106 -1 -1 -1 -1 -1 -1 -1 -1 -1 -1 -1 -1 -1 -1 -1 -1 -1 -1 -1 -1 -1 -1 -1 -1 -1 -1 -1 -1 -1 -1 -1 -1 -1 -1 -1 -1 -1 -1 -1 -1 -1 -1 -1 -1 -1 -1 -1 -1 -1 -1 -1 -1 -1 -1 -1 -1 -1 -1 -1 -1 -1 -1 -1 -1 -1 -1 -1 -1 -1 -1 -1 -1 -1 -1 -1 -1 -1 -1 -1 -1 -1 -1 -1 -1 -1 -1 -1 -1 -1 -1 -1 -1 -1 -1 -1 -1 -1 -1 -1 -1 -1 -1 -1 -1 -1 -1 -1 -1 -1 -1 -1 -1 -1 -1 -1 -1 -1 104 104 116 112 112 106 111 111 111 110 96 96 35 0 0 0 4 45 45 87 87 74 74 39 0 0 0 0 0 -98 29 72 72 105 106 106 106 111 114 114 113 111 111 99 104 104 96 -1 -1 -1 -1 -1 -1 -1 -1 -1 -1 -1
0 18 24 24 16 0 0 0 0 0 0 0 0 0 0 0 0 0 0 0 0 0 0 0 0 0 0 0 2 13 13 21 22 22 24 13 6 6 9 12 12 6 0 0 0 0 10 10 26 22 22 13 13 18 18 24 18 18 9 0 0 0 0 0 0 24 32 32 38 38 43 43 49 48 48 41 37 25 25 18 10 10 20 33 33 29 25 27 27 33 37 37 35 30 25 25 22 24 24 15 3 3 7 14 36 36 39 42 42 37 32 33 33 39 41 41 38 38 42 42 45 39 39 45 44 44 38 45 60 60 67 72 72 66 61 47 47 36 20 20 13 18 18 14 15 12 12 12 8 8 0 0 0 0 0 0 0 0 0 0 0 0 0 0 0 0 0 0 0 0 0 0 0 0 0 0 0 0 0 0 0 0 0 0 8 12 20 20 18 4 4 1 0 4 4 8 18 18 36 56 56 76 68 58 58 44 33 33 19 14 20 20 41 59 59 73 65 65 55 59 68 68 76 71 71 72 66 64 64 60 52 52 45 37 21 21 14 13 13 30 48 48 55 65 81 81 94 101 101 101 104 96 96 85 79 79 70 76 76 79 84 81 81 84 97 97 106 117 116 116 113 114 114 108 110 110 112 111 114 114 119 117 117 113 118 120 120 120 117 117 104 100 95 95 91 87 87 78 70 70 72 83 99 99 97 99 99 91 64 32 32 9 0 0 9 19 19 33 50 71 71 84 85 85 82 68 0 0 50 83 83 110 111 111 104 105 -1 -1 -1 -1 -1 -1 -1 -1 -1 -1 -1 -1 -1 -1 -1 -1 -1 -1 -1 -1 -1 -1 -1 -1 -1 -1 -1 -1 -1 -1 -1 -1 -1 -1 -1 -1 -1 -1 -1 -1 -1 -1 -1 -1 -1 -1 -1 -1 -1 -1 -1 -1 -1 -1 -1 -1 -1 -1 -1 -1 -1 -1 -1 -1 -1 -1 -1 -1 -1 -1 -1 -1 -1 -1 -1 -1 -1 -1 -1 -1 -1 -1 -1 -1 -1 -1 -1 -1 -1 -1 -1 -1 -1 -1 -1 -1 -1 -1 -1 -1 -1 -1 -1 -1 -1 -1 -1 -1 -1 -1 -1 -1 -1 -1 -1 88 97 97 97 97 97 110 108 113 113 113 119 119 112 111 111 101 -6 -49 -49 -96 -116 -116 -111 0 19 19 53 87 87 97 110 116 116 114 110 110 108 113 113 112 105 105 105 101 102 102 97 -1 -1 -1 -1 -1 -1 -1 -1 -1 -1 -1 -1 -1
0 0 18 24 16 16 0 0 0 0 0 0 0 0 0 0 0 0 0 0 0 0 0 0 0 0 0 0 2 2 13 21 21 22 24 24 13 6 9 9 12 6 6 0 0 0 0 10 26 26 22 13 13 13 18 24 24 18 9 9 0 0 0 0 0 24 24 32 38 38 38 43 49 49 48 41 41 37 25 18 18 10 20 20 33 29 25 25 27 33 33 37 35 35 30 25 22 22 24 15 15 3 7 14 14 36 39 39 42 37 37 32 33 39 39 41 38 38 38 42 45 45 39 45 45 44 38 45 45 60 67 67 72 66 66 61 47 36 36 20 13 13 18 14 15 15 12 12 12 8 0 0 0 0 0 0 0 0 0 0 0 0 0 0 0 0 0 0 0 0 0 0 0 0 0 0 0 0 0 0 0 0 0 0 8 12 12 20 18 18 4 1 1 0 4 8 8 18 36 36 56 76 68 68 58 44 44 33 19 19 14 20 41 41 59 73 73 65 55 59 59 68 76 76 71 72 72 66 64 60 60 52 45 45 37 21 14 14 13 30 30 48 55 65 65 81 94 94 101 101 101 104 96 85 85 79 70 70 76 79 84 84 81 84 84 97 106 106 117 116 113 113 114 108 108 110 112 111 111 114 119 119 117 113 113 118 120 120 120 117 104 104 100 95 91 91 87 78 78 70 72 83 83 99 97 97 99 91 91 64 32 9 9 0 9 9 19 33 50 50 71 84 84 85 82 82 68 0 50 50 83 110 110 111 104 105 105 -1 -1 -1 -1 -1 -1 -1 -1 -1 -1 -1 -1 -1 -1 -1 -1 -1 -1 -1 -1 -1 -1 -1 -1 -1 -1 -1 -1 -1 -1 -1 -1 -1 -1 -1 -1 -1 -1 -1 -1 -1 -1 -1 -1 -1 -1 -1 -1 -1 -1 -1 -1 -1 -1 -1 -1 -1 -1 -1 -1 -1 -1 -1 -1 -1 -1 -1 -1 -1 -1 -1 -1 -1 -1 -1 -1 -1 -1 -1 -1 -1 -1 -1 -1 -1 -1 -1 -1 -1 -1 -1 -1 -1 -1 -1 -1 -1 -1 -1 -1 -1 -1 -1 -1 -1 -1 -1 -1 -1 -1 -1 -1 -1 -1 88 88 97 97 97 97 110 110 108 113 113 113 119 112 112 111 101 -6 -6 -49 -96 -96 -116 -111 0 0 19 53 53 87 97 97 110 116 114 114 110 108 108 113 112 105 105 105 101 101 102 97 97 -1 -1 -1 -1 -1 -1 -1 -1 -1 -1 -1 -1
0 2 0 0 0 0 0 0 0 0 0 0 0 0 0 0 0 0 0 0 0 0 0 0 0 0 0 4 9 24 24 27 29 29 26 19 16 16 18 19 19 16 10 10 8 4 14 14 19 16 16 10 0 0 0 15 16 16 4 0 0 0 0 1 1 20 22 22 33 37 29 29 26 27 27 25 12 9 9 3 19 19 38 38 38 30 20 19 19 15 13 13 9 9 6 6 1 0 0 0 1 1 8 14 25 25 37 41 41 41 37 38 38 45 50 50 47 54 66 66 74 65 65 47 31 31 27 33 53 53 66 68 68 60 48 29 29 19 13 13 7 13 13 16 8 8 8 13 8 8 1 0 0 0 0 0 0 0 0 0 7 12 10 10 3 0 0 0 0 0 0 0 0 0 0 0 0 0 0 0 0 0 3 3 14 10 16 16 21 4 4 9 13 14 14 20 30 30 48 66 66 79 77 61 61 44 33 33 25 31 43 43 68 71 71 68 64 64 60 65 78 78 90 89 89 89 88 89 89 81 67 67 61 50 25 25 15 16 16 35 48 48 59 72 90 90 89 95 95 99 102 102 102 94 87 87 82 94 94 96 100 102 102 102 110 110 114 116 116 116 113 113 113 111 111 111 112 113 113 113 113 116 116 114 111 114 114 114 114 114 120 113 108 108 68 56 56 38 37 37 48 68 91 91 88 91 91 89 66 41 41 20 13 13 18 32 32 55 70 81 81 84 81 81 74 25 1 1 114 117 117 114 111 111 102 -1 -1 -1 -1 -1 -1 -1 -1 -1 -1 -1 -1 -1 -1 -1 -1 -1 -1 -1 -1 -1 -1 -1 -1 -1 -1 -1 -1 -1 -1 -1 -1 -1 -1 -1 -1 -1 -1 -1 -1 -1 -1 -1 -1 -1 -1 -1 -1 -1 -1 -1 -1 -1 -1 -1 -1 -1 -1 -1 -1 -1 -1 -1 -1 -1 -1 -1 -1 -1 -1 -1 -1 -1 -1 -1 -1 -1 -1 -1 -1 -1 -1 -1 -1 -1 -1 -1 -1 -1 -1 -1 -1 -1 -1 -1 -1 -1 -1 -1 -1 -1 -1 -1 -1 -1 -1 -1 -1 -1 -1 -1 -1 -1 -1 -1 -1 -1 -1 -1 -1 -1 -1 100 106 106 106 120 119 119 118 117 117 116 116 122 122 114 114 114 116 114 114 114 111 107 107 107 107 108 108 107 106 106 104 102 102 99 97 -1 -1 -1 -1 -1 -1 -1 -1 -1 -1 -1 -1 -1 -1 -1 -1 -1 -1 -1
0 0 0 0 0 0 0 0 0 0 0 0 0 0 0 0 0 0 0 0 0 0 0 0 0 0 0 1 8 8 24 33 33 33 32 32 24 16 15 15 10 9 9 12 14 13 13 20 19 19 9 0 0 0 0 0 0 1 0 0 0 0 13 13 18 24 24 25 26 26 26 22 22 22 20 16 16 4 8 10 10 29 45 45 42 30 18 18 6 1 1 1 4 4 6 1 0 0 0 0 0 0 4 12 12 20 31 31 37 39 39 38 42 45 45 45 45 45 61 79 87 87 77 55 55 35 26 27 27 39 49 49 52 52 52 41 22 15 15 13 9 9 13 12 14 14 12 13 13 6 0 0 0 0 0 0 0 0 0 0 13 18 18 16 9 9 0 0 0 0 0 0 0 0 0 0 0 0 0 0 0 0 0 4 14 7 7 8 13 13 9 14 14 18 19 20 20 29 43 43 61 74 73 73 62 50 50 42 38 38 42 56 73 73 71 68 68 67 71 81 81 91 99 99 95 96 96 95 95 87 87 76 71 71 61 45 39 39 37 47 47 53 56 67 67 78 88 88 95 100 100 105 105 97 97 90 88 88 104 105 107 107 107 105 105 108 112 112 113 114 116 116 113 111 111 111 111 112 112 113 110 110 107 117 117 116 113 119 119 114 111 111 60 0 0 0 0 -81 -81 -79 0 0 0 0 56 56 88 82 82 76 41 41 41 35 50 50 54 65 76 76 83 72 72 50 29 29 0 99 107 107 113 114 114 102 95 -1 -1 -1 -1 -1 -1 -1 -1 -1 -1 -1 -1 -1 -1 -1 -1 -1 -1 -1 -1 -1 -1 -1 -1 -1 -1 -1 -1 -1 -1 -1 -1 -1 -1 -1 -1 -1 -1 -1 -1 -1 -1 -1 -1 -1 -1 -1 -1 -1 -1 -1 -1 -1 -1 -1 -1 -1 -1 -1 -1 -1 -1 -1 -1 -1 -1 -1 -1 -1 -1 -1 -1 -1 -1 -1 -1 -1 -1 -1 -1 -1 -1 -1 -1 -1 -1 -1 -1 -1 -1 -1 -1 -1 -1 -1 -1 -1 -1 -1 -1 -1 -1 -1 -1 -1 -1 -1 -1 -1 -1 -1 -1 -1 -1 -1 -1 -1 -1 -1 -1 -1 89 94 94 107 113 119 119 116 116 116 112 112 113 113 116 120 120 116 116 116 116 113 111 111 107 105 105 106 104 104 104 102 99 99 96 -1 -1 -1 -1 -1 -1 -1 -1 -1 -1 -1 -1 -1 -1 -1 -1 -1 -1 -1 -1 -1
0 0 0 0 0 0 0 0 0 0 0 0 0 0 0 0 0 0 0 0 0 0 0 0 0 0 0 1 8 24 24 33 33 33 32 24 16 16 15 10 10 9 12 12 14 13 20 20 19 9 9 0 0 0 0 0 1 1 0 0 0 0 13 18 18 24 25 25 26 26 22 22 22 20 20 16 4 8 8 10 29 29 45 42 42 30 18 6 6 1 1 1 4 6 1 1 0 0 0 0 0 0 4 12 20 20 31 37 37 39 38 42 42 45 45 45 45 61 79 79 87 77 77 55 35 35 26 27 39 39 49 52 52 52 41 22 22 15 13 13 9 13 13 12 14 12 12 13 6 6 0 0 0 0 0 0 0 0 0 0 13 18 16 16 9 0 0 0 0 0 0 0 0 0 0 0 0 0 0 0 0 0 4 4 14 7 8 8 13 9 9 14 18 19 19 20 29 29 43 61 61 74 73 62 62 50 42 42 38 42 56 56 73 71 71 68 67 67 71 81 91 91 99 95 95 96 95 95 95 87 76 76 71 61 45 45 39 37 37 47 53 53 56 67 78 78 88 95 95 100 105 105 105 97 90 90 88 104 104 105 107 107 107 105 108 108 112 113 114 114 116 113 113 111 111 111 111 112 113 113 110 107 107 117 116 113 113 119 114 114 111 60 0 0 0 0 0 -81 -79 -79 0 0 0 0 56 88 88 82 76 41 41 41 35 35 50 54 54 65 76 83 83 72 50 50 29 0 99 99 107 113 113 114 102 102 95 -1 -1 -1 -1 -1 -1 -1 -1 -1 -1 -1 -1 -1 -1 -1 -1 -1 -1 -1 -1 -1 -1 -1 -1 -1 -1 -1 -1 -1 -1 -1 -1 -1 -1 -1 -1 -1 -1 -1 -1 -1 -1 -1 -1 -1 -1 -1 -1 -1 -1 -1 -1 -1 -1 -1 -1 -1 -1 -1 -1 -1 -1 -1 -1 -1 -1 -1 -1 -1 -1 -1 -1 -1 -1 -1 -1 -1 -1 -1 -1 -1 -1 -1 -1 -1 -1 -1 -1 -1 -1 -1 -1 -1 -1 -1 -1 -1 -1 -1 -1 -1 -1 -1 -1 -1 -1 -1 -1 -1 -1 -1 -1 -1 -1 -1 -1 -1 -1 -1 -1 89 89 94 107 113 113 119 116 116 116 112 112 112 113 116 116 120 116 116 116 116 113 113 111 107 107 105 106 104 104 104 102 102 99 96 96 -1 -1 -1 -1 -1 -1 -1 -1 -1 -1 -1 -1 -1 -1 -1 -1 -1 -1 -1 -1 -1
0 0 0 0 0 0 0 0 0 0 0 0 0 0 0 0 0 0 0 0 2 0 0 0 0 0 0 0 9 9 24 37 37 38 36 36 27 16 9 9 8 7 7 13 18 20 20 24 14 14 1 0 0 0 0 0 0 0 0 0 0 4 19 19 22 20 20 21 18 14 14 19 20 20 13 6 6 1 12 25 25 45 59 59 49 36 21 21 3 0 0 0 3 3 3 0 0 0 0 0 0 0 6 14 14 21 31 31 41 44 44 43 44 43 43 38 39 39 61 85 95 95 84 65 65 45 38 35 35 38 42 42 41 48 48 39 24 16 16 15 15 15 19 14 18 18 13 13 13 4 0 0 0 0 0 0 0 0 0 0 10 18 18 15 4 4 0 0 0 0 0 0 0 0 0 0 0 0 0 0 0 6 6 16 22 8 8 0 0 0 13 18 18 19 18 20 20 25 38 38 55 78 77 77 71 61 61 58 55 55 60 68 79 79 74 72 72 73 83 93 93 100 105 105 96 93 93 87 84 82 82 78 76 76 62 44 43 43 47 50 50 52 53 60 60 67 79 79 91 101 101 106 108 105 105 101 101 101 113 116 116 116 110 106 106 106 108 108 111 112 111 111 111 110 110 110 111 112 112 112 114 114 113 108 108 113 108 105 105 100 64 64 -72 -56 -49 -49 -54 -61 -61 -83 -78 -73 -73 -73 16 16 49 60 60 65 55 43 43 44 45 45 54 67 76 76 71 49 49 24 8 8 32 112 104 104 118 108 108 102 93 -1 -1 -1 -1 -1 -1 -1 -1 -1 -1 -1 -1 -1 -1 -1 -1 -1 -1 -1 -1 -1 -1 -1 -1 -1 -1 -1 -1 -1 -1 -1 -1 -1 -1 -1 -1 -1 -1 -1 -1 -1 -1 -1 -1 -1 -1 -1 -1 -1 -1 -1 -1 -1 -1 -1 -1 -1 -1 -1 -1 -1 -1 -1 -1 -1 -1 -1 -1 -1 -1 -1 -1 -1 -1 -1 -1 -1 -1 -1 -1 -1 -1 -1 -1 -1 -1 -1 -1 -1 -1 -1 -1 -1 -1 -1 -1 -1 -1 -1 -1 -1 -1 -1 -1 -1 -1 -1 -1 -1 -1 -1 -1 -1 -1 -1 -1 -1 -1 -1 -1 -1 95 105 105 108 111 112 112 116 113 113 96 70 72 72 100 117 117 116 117 114 114 112 107 107 104 102 102 101 96 95 95 -1 -1 -1 -1 -1 -1 -1 -1 -1 -1 -1 -1 -1 -1 -1 -1 -1 -1 -1 -1 -1 -1 -1 -1 -1
0 0 0 0 0 0 0 0 0 0 0 0 0 0 0 0 0 0 0 2 2 0 0 0 0 0 0 0 9 24 24 37 38 38 36 27 16 16 9 8 8 7 13 13 18 20 24 24 14 1 1 0 0 0 0 0 0 0 0 0 4 4 19 22 22 20 21 21 18 14 19 19 20 13 13 6 1 12 12 25 45 45 59 49 49 36 21 3 3 0 0 0 3 3 0 0 0 0 0 0 0 0 6 14 21 21 31 41 41 44 43 44 44 43 38 38 39 61 85 85 95 84 84 65 45 45 38 35 38 38 42 41 41 48 39 24 24 16 15 15 15 19 19 14 18 13 13 13 4 4 0 0 0 0 0 0 0 0 0 0 10 18 15 15 4 0 0 0 0 0 0 0 0 0 0 0 0 0 0 0 0 6 16 16 22 8 0 0 0 13 13 18 19 18 18 20 25 25 38 55 55 78 77 71 71 61 58 58 55 60 68 68 79 74 74 72 73 73 83 93 100 100 105 96 96 93 87 84 84 82 78 78 76 62 44 44 43 47 47 50 52 52 53 60 67 67 79 91 91 101 106 108 108 105 101 101 101 113 113 116 116 110 110 106 106 106 108 111 112 112 111 111 111 110 110 110 111 112 112 112 114 113 113 108 113 108 108 105 100 100 64 -72 -56 -56 -49 -54 -54 -61 -83 -83 -78 -73 -73 -73 16 49 49 60 65 55 55 43 44 44 45 54 54 67 76 71 71 49 24 24 8 32 112 112 104 118 118 108 102 102 93 -1 -1 -1 -1 -1 -1 -1 -1 -1 -1 -1 -1 -1 -1 -1 -1 -1 -1 -1 -1 -1 -1 -1 -1 -1 -1 -1 -1 -1 -1 -1 -1 -1 -1 -1 -1 -1 -1 -1 -1 -1 -1 -1 -1 -1 -1 -1 -1 -1 -1 -1 -1 -1 -1 -1 -1 -1 -1 -1 -1 -1 -1 -1 -1 -1 -1 -1 -1 -1 -1 -1 -1 -1 -1 -1 -1 -1 -1 -1 -1 -1 -1 -1 -1 -1 -1 -1 -1 -1 -1 -1 -1 -1 -1 -1 -1 -1 -1 -1 -1 -1 -1 -1 -1 -1 -1 -1 -1 -1 -1 -1 -1 -1 -1 -1 -1 -1 -1 -1 -1 95 95 105 108 111 111 112 116 116 113 96 96 70 72 100 100 117 116 116 117 114 112 112 107 104 104 102 101 96 96 95 -1 -1 -1 -1 -1 -1 -1 -1 -1 -1 -1 -1 -1 -1 -1 -1 -1 -1 -1 -1 -1 -1 -1 -1 -1 -1
0 0 0 0 0 0 0 0 0 0 0 0 0 0 0 0 1 0 0 0 0 0 0 0 0 0 0 3 10 10 25 35 35 35 36 36 27 15 9 9 10 15 15 19 20 22 22 21 8 8 0 0 0 0 0 0 0 0 0 0 3 15 26 26 26 10 10 10 6 7 7 16 13 13 2 0 0 9 25 39 39 58 65 65 56 44 31 31 10 4 4 2 6 6 2 0 0 0 0 0 0 0 9 19 19 25 35 35 45 53 53 52 45 36 36 26 29 29 50 74 93 93 84 76 76 66 60 52 52 43 41 41 43 53 53 48 31 21 21 16 19 19 27 24 25 25 20 18 18 7 2 2 0 0 0 0 0 0 0 0 0 4 4 1 0 0 0 0 0 0 0 0 0 1 2 2 0 0 0 0 0 20 20 31 37 14 14 1 0 0 9 10 10 10 12 13 13 16 31 31 47 82 82 82 79 74 74 72 72 72 78 85 89 89 88 88 88 88 91 97 97 99 100 100 93 85 85 70 67 71 71 78 83 83 70 49 54 54 58 54 54 48 43 43 43 45 68 68 83 95 95 104 108 110 110 108 112 112 117 120 120 120 112 107 107 104 104 104 106 105 106 106 107 108 108 110 110 111 111 112 113 113 116 110 110 102 72 45 45 39 15 15 45 -6 -60 -60 -58 -50 -50 21 20 29 29 -55 -47 -47 7 15 15 37 55 56 56 56 56 56 53 48 38 38 30 25 25 36 49 49 105 107 112 112 110 101 101 95 -1 -1 -1 -1 -1 -1 -1 -1 -1 -1 -1 -1 -1 -1 -1 -1 -1 -1 -1 -1 -1 -1 -1 -1 -1 -1 -1 -1 -1 -1 -1 -1 -1 -1 -1 -1 -1 -1 -1 -1 -1 -1 -1 -1 -1 -1 -1 -1 -1 -1 -1 -1 -1 -1 -1 -1 -1 -1 -1 -1 -1 -1 -1 -1 -1 -1 -1 -1 -1 -1 -1 -1 -1 -1 -1 -1 -1 -1 -1 -1 -1 -1 -1 -1 -1 -1 -1 -1 -1 -1 -1 -1 -1 -1 -1 -1 -1 -1 -1 -1 -1 -1 -1 -1 -1 -1 -1 -1 -1 -1 -1 -1 -1 -1 -1 -1 -1 -1 -1 -1 -1 -1 104 107 107 107 114 108 108 102 54 54 29 27 27 27 42 82 82 117 116 113 113 107 102 102 97 95 95 95 -1 -1 -1 -1 -1 -1 -1 -1 -1 -1 -1 -1 -1 -1 -1 -1 -1 -1 -1 -1 -1 -1 -1 -1 -1 -1 -1 -1
0 0 0 0 0 0 0 0 0 0 0 0 0 0 1 2 2 0 0 0 0 0 0 0 0 0 0 3 6 13 13 24 27 27 31 26 19 19 13 15 15 19 22 22 19 15 8 8 0 0 0 0 0 0 0 0 0 0 0 8 16 16 24 19 19 0 0 0 0 0 4 4 0 0 0 0 20 35 35 45 58 58 59 52 52 47 37 14 14 7 4 4 7 1 0 0 0 0 0 0 0 0 12 19 22 22 35 49 49 58 54 42 42 29 20 20 21 33 55 55 79 83 83 87 88 88 82 67 54 54 53 58 58 65 64 47 47 31 22 22 24 36 36 39 37 27 27 19 4 4 0 0 0 0 0 0 0 0 0 0 0 0 0 0 0 0 0 0 0 0 0 0 8 8 10 7 0 0 10 16 16 32 38 38 37 15 6 6 4 8 8 12 13 15 15 18 19 19 26 43 43 78 78 81 81 81 81 81 85 97 101 101 99 99 99 101 101 101 104 102 96 96 87 76 76 66 50 47 47 53 68 68 84 79 67 67 71 71 71 60 49 49 41 41 41 41 62 78 78 91 99 106 106 110 111 111 114 119 119 123 122 113 113 108 106 106 107 107 106 106 107 110 110 110 110 110 110 112 113 113 113 106 106 108 64 29 29 30 36 36 62 83 18 18 15 35 35 48 56 56 43 32 -89 -89 -41 50 50 33 19 19 19 36 36 36 18 13 13 13 24 42 42 65 93 93 114 111 111 111 107 104 104 96 -1 -1 -1 -1 -1 -1 -1 -1 -1 -1 -1 -1 -1 -1 -1 -1 -1 -1 -1 -1 -1 -1 -1 -1 -1 -1 -1 96 95 95 -1 -1 -1 -1 -1 -1 -1 -1 -1 -1 -1 -1 -1 -1 -1 -1 -1 -1 -1 -1 -1 -1 -1 -1 -1 -1 -1 -1 -1 -1 -1 -1 -1 -1 -1 -1 -1 -1 -1 -1 -1 -1 -1 -1 -1 -1 -1 -1 -1 -1 -1 -1 -1 -1 -1 -1 -1 -1 -1 -1 -1 -1 -1 -1 -1 -1 -1 -1 -1 -1 -1 -1 -1 -1 -1 -1 -1 -1 -1 -1 -1 -1 -1 -1 -1 -1 -1 -1 -1 -1 -1 -1 96 102 102 104 108 114 114 -17 42 42 9 13 13 36 32 9 9 48 114 114 113 108 104 104 96 93 93 -1 -1 -1 -1 -1 -1 -1 -1 -1 -1 -1 -1 -1 -1 -1 -1 -1 -1 -1 -1 -1 -1 -1 -1 -1 -1 -1 -1 -1 -1 -1
0 0 0 0 0 0 0 0 0 0 0 0 0 0 1 1 2 0 0 0 0 0 0 0 0 0 0 3 6 6 13 24 24 27 31 31 26 19 13 13 15 19 19 22 19 15 15 8 0 0 0 0 0 0 0 0 0 0 0 0 8 16 24 24 19 0 0 0 0 0 0 4 0 0 0 0 0 20 35 45 45 58 59 59 52 47 37 37 14 7 7 4 7 7 1 0 0 0 0 0 0 0 12 19 19 22 35 35 49 58 58 54 42 29 29 20 21 21 33 55 79 79 83 87 87 88 82 67 67 54 53 53 58 65 65 64 47 31 31 22 24 24 36 39 37 37 27 19 19 4 0 0 0 0 0 0 0 0 0 0 0 0 0 0 0 0 0 0 0 0 0 0 0 8 10 10 7 0 10 10 16 32 32 38 37 15 15 6 4 4 8 12 12 13 15 18 18 19 26 26 43 78 78 78 81 81 81 81 85 85 97 101 99 99 99 101 101 101 104 102 102 96 87 87 76 66 66 50 47 53 53 68 84 84 79 67 71 71 71 60 60 49 41 41 41 41 62 62 78 91 91 99 106 110 110 111 114 114 119 123 122 122 113 108 108 106 107 107 107 106 107 107 110 110 110 110 110 112 112 113 113 113 106 108 108 64 29 30 30 36 62 62 83 18 15 15 35 48 48 56 43 32 32 -89 -41 -41 50 33 33 19 19 36 36 36 18 18 13 13 24 24 42 65 65 93 114 114 111 111 107 107 104 96 96 -1 -1 -1 -1 -1 -1 -1 -1 -1 -1 -1 -1 -1 -1 -1 -1 -1 -1 -1 -1 -1 -1 -1 -1 -1 -1 96 96 95 -1 -1 -1 -1 -1 -1 -1 -1 -1 -1 -1 -1 -1 -1 -1 -1 -1 -1 -1 -1 -1 -1 -1 -1 -1 -1 -1 -1 -1 -1 -1 -1 -1 -1 -1 -1 -1 -1 -1 -1 -1 -1 -1 -1 -1 -1 -1 -1 -1 -1 -1 -1 -1 -1 -1 -1 -1 -1 -1 -1 -1 -1 -1 -1 -1 -1 -1 -1 -1 -1 -1 -1 -1 -1 -1 -1 -1 -1 -1 -1 -1 -1 -1 -1 -1 -1 -1 -1 -1 -1 -1 -1 96 96 102 104 104 108 114 -17 -17 42 9 9 13 36 32 32 9 48 48 114 113 108 108 104 96 96 93 -1 -1 -1 -1 -1 -1 -1 -1 -1 -1 -1 -1 -1 -1 -1 -1 -1 -1 -1 -1 -1 -1 -1 -1 -1 -1 -1 -1 -1 -1 -1
0 0 0 0 0 0 0 0 0 0 0 0 0 0 2 4 4 0 0 0 0 0 0 0 0 0 0 0 0 0 0 12 21 21 29 26 20 20 16 16 16 15 13 13 6 0 0 0 0 0 0 0 0 0 0 0 0 0 0 2 3 3 6 1 1 0 0 0 0 0 0 0 0 0 0 2 25 35 35 43 49 49 44 38 38 41 35 10 10 4 2 2 3 2 1 1 3 9 9 15 20 20 20 18 19 19 30 47 47 56 49 37 37 25 21 21 20 22 39 39 66 73 73 90 101 101 99 84 74 74 79 89 89 84 84 70 70 53 38 38 33 45 45 49 43 31 31 18 0 0 0 0 0 0 0 0 0 0 0 0 0 0 0 0 0 0 0 4 3 4 4 9 16 16 20 20 19 19 37 41 41 47 39 39 32 10 6 6 7 8 8 12 18 21 21 24 20 20 24 36 36 77 79 83 83 82 81 81 88 96 104 104 99 101 101 100 104 104 107 102 84 84 65 48 48 44 35 31 31 36 52 52 79 85 70 70 70 65 65 56 49 49 50 56 61 61 73 90 90 99 104 107 107 111 113 113 116 120 120 120 119 112 112 110 110 110 111 112 112 112 113 114 114 113 111 111 110 110 111 111 106 102 102 85 29 30 30 87 -1 -1 -1 20 6 6 45 50 50 44 43 43 38 41 32 32 0 101 101 93 53 30 30 22 20 20 26 35 35 53 77 96 96 108 112 112 116 110 97 97 100 101 101 -1 -1 -1 -1 -1 -1 -1 -1 -1 -1 -1 -1 -1 -1 -1 -1 -1 -1 -1 -1 -1 95 97 97 102 104 104 105 105 102 102 97 94 94 -1 -1 -1 -1 -1 -1 -1 -1 -1 -1 -1 -1 -1 -1 -1 -1 -1 -1 -1 -1 -1 -1 -1 -1 -1 -1 -1 -1 -1 -1 -1 -1 -1 -1 -1 -1 -1 -1 -1 -1 -1 -1 -1 -1 -1 -1 -1 -1 -1 -1 -1 -1 -1 -1 -1 -1 -1 -1 -1 -1 -1 -1 -1 -1 -1 -1 -1 -1 -1 -1 -1 -1 -1 -1 -1 -1 -1 -1 -1 -1 -1 -1 -1 -1 -1 -1 -1 96 96 101 101 101 114 107 72 72 16 3 3 32 45 45 47 56 14 14 -46 113 113 112 107 101 101 93 -1 -1 -1 -1 -1 -1 -1 -1 -1 -1 -1 -1 -1 -1 -1 -1 -1 -1 -1 -1 -1 -1 -1 -1 -1 -1 -1 -1 -1 -1 -1 -1 -1
0 0 0 0 0 0 0 0 0 2 9 7 7 0 2 2 13 10 10 0 0 0 0 0 0 0 0 0 0 0 0 8 8 19 25 25 20 16 18 18 19 16 16 1 0 0 0 0 0 0 0 0 0 0 0 0 0 0 0 0 3 3 3 3 1 0 0 0 0 0 0 0 0 0 4 12 12 24 31 37 37 38 31 31 27 31 24 24 8 1 1 0 1 1 9 18 24 24 31 35 35 31 25 15 15 13 21 21 33 42 42 36 33 30 30 25 21 21 18 30 49 49 59 87 87 107 106 101 101 95 100 100 111 100 100 100 89 74 74 55 39 39 39 41 32 32 21 10 10 0 0 0 0 0 0 0 0 0 0 0 0 0 0 0 0 0 14 18 18 20 21 24 24 27 29 29 33 36 59 59 65 66 66 50 41 18 18 16 16 16 13 16 16 21 25 25 25 21 25 25 36 88 88 88 89 84 84 76 79 79 89 91 94 94 95 96 96 99 101 94 94 71 48 48 32 30 30 25 25 26 26 41 67 67 77 67 65 65 59 53 53 53 60 72 72 79 91 91 104 110 110 108 112 116 116 116 119 119 117 117 112 112 108 110 110 111 114 114 113 114 116 116 116 114 114 110 107 107 107 108 95 95 93 65 65 24 37 -1 -1 89 32 32 0 42 37 37 22 22 22 19 21 27 27 47 0 0 90 102 102 110 97 78 78 73 100 100 105 110 110 110 108 108 108 107 106 106 97 101 101 101 -1 -1 -1 -1 -1 -1 -1 -1 -1 -1 -1 -1 -1 -1 95 96 96 96 96 96 97 101 104 104 106 110 110 110 110 112 112 108 105 105 100 -1 -1 -1 -1 -1 -1 -1 -1 -1 -1 -1 -1 -1 -1 -1 -1 -1 -1 -1 -1 -1 -1 -1 -1 -1 -1 -1 -1 -1 -1 -1 -1 -1 -1 -1 -1 -1 -1 -1 -1 -1 -1 -1 -1 -1 -1 -1 -1 -1 -1 -1 -1 -1 -1 -1 -1 -1 -1 -1 -1 -1 -1 -1 -1 -1 -1 -1 -1 -1 -1 -1 -1 -1 -1 -1 -1 -1 -1 -1 -1 -1 -1 -1 -1 -1 -1 -1 -1 101 102 102 108 112 112 77 22 22 22 29 43 43 37 35 47 47 8 39 39 113 110 105 105 97 -1 -1 -1 -1 -1 -1 -1 -1 -1 -1 -1 -1 -1 -1 -1 -1 -1 -1 -1 -1 -1 -1 -1 -1 -1 -1 -1 -1 -1 -1 -1 -1 -1 -1
0 0 0 0 0 0 0 0 2 2 9 7 0 0 2 13 13 10 0 0 0 0 0 0 0 0 0 0 0 0 0 8 19 19 25 20 16 16 18 19 19 16 1 1 0 0 0 0 0 0 0 0 0 0 0 0 0 0 0 3 3 3 3 1 1 0 0 0 0 0 0 0 0 4 4 12 24 31 31 37 38 38 31 27 27 31 24 8 8 1 0 0 1 9 18 18 24 31 31 35 31 31 25 15 13 13 21 33 33 42 36 33 33 30 25 25 21 18 30 30 49 59 59 87 107 107 106 101 95 95 100 111 111 100 100 89 89 74 55 55 39 39 39 41 32 21 21 10 0 0 0 0 0 0 0 0 0 0 0 0 0 0 0 0 0 14 14 18 20 21 21 24 27 27 29 33 36 36 59 65 65 66 50 50 41 18 16 16 16 13 13 16 21 25 25 25 21 21 25 36 36 88 88 89 89 84 76 76 79 89 91 91 94 95 95 96 99 99 101 94 71 71 48 32 32 30 25 25 25 26 41 41 67 77 67 67 65 59 59 53 53 53 60 72 79 79 91 104 104 110 108 112 112 116 116 116 119 117 117 117 112 108 108 110 111 111 114 113 114 114 116 116 116 114 110 110 107 107 108 108 95 93 93 65 24 37 37 -1 89 89 32 0 42 42 37 22 22 22 19 19 21 27 47 47 0 90 90 102 110 97 97 78 73 73 100 105 105 110 110 108 108 108 107 107 106 97 101 101 101 -1 -1 -1 -1 -1 -1 -1 -1 -1 -1 -1 -1 -1 -1 95 95 96 96 96 96 97 97 101 104 106 106 110 110 110 110 112 108 108 105 100 100 -1 -1 -1 -1 -1 -1 -1 -1 -1 -1 -1 -1 -1 -1 -1 -1 -1 -1 -1 -1 -1 -1 -1 -1 -1 -1 -1 -1 -1 -1 -1 -1 -1 -1 -1 -1 -1 -1 -1 -1 -1 -1 -1 -1 -1 -1 -1 -1 -1 -1 -1 -1 -1 -1 -1 -1 -1 -1 -1 -1 -1 -1 -1 -1 -1 -1 -1 -1 -1 -1 -1 -1 -1 -1 -1 -1 -1 -1 -1 -1 -1 -1 -1 -1 -1 -1 -1 101 101 102 108 108 112 77 22 22 22 29 29 43 37 37 35 47 8 8 39 113 113 110 105 97 97 -1 -1 -1 -1 -1 -1 -1 -1 -1 -1 -1 -1 -1 -1 -1 -1 -1 -1 -1 -1 -1 -1 -1 -1 -1 -1 -1 -1 -1 -1 -1 -1 -1 -1
0 0 0 0 0 0 3 14 14 19 18 3 3 0 0 0 13 14 14 0 0 0 0 0 0 0 0 0 0 0 0 9 9 20 22 22 12 9 19 19 21 20 20 0 0 0 0 0 0 0 0 0 0 0 0 0 0 0 3 3 7 3 8 8 7 3 3 2 3 0 0 0 6 6 20 19 19 19 26 33 33 36 27 27 22 26 16 16 7 0 0 0 0 0 12 24 33 33 36 38 38 33 21 10 10 7 12 12 19 25 25 25 32 31 31 29 22 22 16 21 38 38 50 83 83 107 110 106 106 105 105 105 113 107 107 107 96 84 84 61 36 36 25 20 16 16 9 7 7 0 0 0 0 0 0 0 0 0 0 0 0 0 0 0 6 6 25 27 27 33 38 38 38 39 39 39 41 43 62 62 73 81 81 64 54 37 37 35 36 36 31 32 32 32 37 39 39 36 42 42 55 95 94 94 95 85 85 73 73 73 82 84 90 90 95 100 100 99 96 85 85 64 44 44 24 18 18 8 13 19 19 30 49 49 54 62 59 59 58 58 58 66 79 94 94 101 97 97 107 112 112 111 112 116 116 114 117 117 113 112 107 107 105 107 107 111 113 113 113 112 113 113 114 112 112 107 105 105 105 107 102 102 79 64 64 25 7 29 29 25 0 0 39 41 26 26 16 12 12 12 14 12 12 27 0 0 90 97 97 113 120 110 110 114 112 112 114 112 106 106 104 102 102 99 95 95 97 89 -1 -1 -1 -1 -1 -1 -1 -1 -1 -1 -1 -1 96 97 97 99 102 104 104 104 105 105 106 107 108 108 111 111 111 110 110 114 114 113 108 108 105 -1 -1 -1 -1 -1 -1 -1 -1 -1 -1 -1 -1 -1 -1 -1 -1 -1 -1 -1 -1 -1 -1 -1 -1 -1 -1 -1 -1 -1 -1 -1 -1 -1 -1 -1 -1 -1 -1 -1 -1 -1 -1 -1 -1 -1 -1 -1 -1 -1 -1 -1 -1 -1 -1 -1 -1 -1 -1 -1 -1 -1 -1 -1 -1 -1 -1 -1 -1 -1 -1 -1 -1 -1 -1 -1 -1 -1 -1 -1 -1 -1 -1 -1 -1 -1 96 101 101 102 107 107 114 84 84 37 15 36 36 37 31 31 41 30 21 21 12 59 59 113 110 105 105 97 -1 -1 -1 -1 -1 -1 -1 -1 -1 -1 -1 -1 -1 -1 -1 -1 -1 -1 -1 -1 -1 -1 -1 -1 -1 -1 -1 -1 -1 -1 -1 -1 -1 -1
0 0 0 0 0 3 3 14 19 19 18 3 0 0 0 13 13 14 0 0 0 0 0 0 0 0 0 0 0 0 0 9 20 20 22 12 9 9 19 21 21 20 0 0 0 0 0 0 0 0 0 0 0 0 0 0 0 0 3 7 3 3 8 7 7 3 2 2 3 0 0 0 6 20 20 19 19 26 26 33 36 36 27 22 22 26 16 7 7 0 0 0 0 12 24 24 33 36 36 38 33 33 21 10 7 7 12 19 19 25 25 32 32 31 29 29 22 16 21 21 38 50 50 83 107 107 110 106 105 105 105 113 113 107 107 96 96 84 61 61 36 25 25 20 16 9 9 7 0 0 0 0 0 0 0 0 0 0 0 0 0 0 0 0 6 25 25 27 33 38 38 38 39 39 39 41 43 43 62 73 73 81 64 64 54 37 35 35 36 31 31 32 32 37 37 39 36 36 42 55 55 95 94 95 95 85 73 73 73 82 84 84 90 95 95 100 99 99 96 85 64 64 44 24 24 18 8 13 13 19 30 30 49 54 62 62 59 58 58 58 66 66 79 94 101 101 97 107 107 112 111 112 112 116 114 114 117 113 113 112 107 105 105 107 111 111 113 113 112 112 113 114 114 112 107 107 105 105 107 107 102 79 79 64 25 7 7 29 25 25 0 39 41 41 26 16 16 12 12 12 14 12 27 27 0 90 90 97 113 120 120 110 114 114 112 114 114 112 106 104 104 102 99 99 95 97 89 89 -1 -1 -1 -1 -1 -1 -1 -1 -1 -1 -1 96 96 97 99 102 102 104 104 104 105 106 106 107 108 111 111 111 110 110 110 114 113 113 108 105 105 -1 -1 -1 -1 -1 -1 -1 -1 -1 -1 -1 -1 -1 -1 -1 -1 -1 -1 -1 -1 -1 -1 -1 -1 -1 -1 -1 -1 -1 -1 -1 -1 -1 -1 -1 -1 -1 -1 -1 -1 -1 -1 -1 -1 -1 -1 -1 -1 -1 -1 -1 -1 -1 -1 -1 -1 -1 -1 -1 -1 -1 -1 -1 -1 -1 -1 -1 -1 -1 -1 -1 -1 -1 -1 -1 -1 -1 -1 -1 -1 -1 -1 -1 -1 -1 96 101 102 102 107 114 114 84 37 15 15 36 37 37 31 41 41 30 21 12 12 59 113 113 110 105 97 97 -1 -1 -1 -1 -1 -1 -1 -1 -1 -1 -1 -1 -1 -1 -1 -1 -1 -1 -1 -1 -1 -1 -1 -1 -1 -1 -1 -1 -1 -1 -1 -1 -1 -1
0 0 0 0 3 3 16 22 22 12 13 0 0 0 0 0 0 0 0 0 0 0 0 0 0 0 0 0 0 0 4 12 12 6 1 1 0 0 12 12 13 9 9 0 0 0 0 0 0 0 0 0 0 0 0 2 2 13 10 10 15 14 13 13 15 2 2 0 0 0 0 0 12 12 18 16 16 13 16 19 19 16 16 16 14 10 7 7 0 0 0 0 0 0 3 15 29 29 37 36 36 32 29 24 24 18 10 10 6 4 4 13 24 32 32 33 24 24 13 19 38 38 54 70 70 85 93 95 95 89 90 90 99 102 102 105 101 93 93 64 33 33 20 0 0 0 0 0 0 0 0 0 0 0 0 0 0 0 0 0 0 0 0 0 6 6 16 24 24 45 55 62 62 61 62 62 71 67 68 68 70 67 67 65 64 66 66 66 64 64 71 72 72 71 64 65 65 55 64 64 79 104 100 100 84 67 67 55 58 58 73 94 96 96 99 105 105 106 100 90 90 73 49 49 27 20 20 12 19 36 36 42 35 35 30 53 60 60 59 65 65 77 84 107 107 108 114 114 106 105 105 97 100 108 108 111 117 117 111 97 96 96 90 90 90 102 111 111 114 116 113 113 113 106 106 102 104 96 96 93 87 87 78 74 74 53 24 13 13 16 33 33 39 37 19 19 15 13 13 25 26 25 25 3 3 3 105 110 110 116 111 107 107 104 101 101 100 100 99 99 97 -1 -1 -1 -1 -1 -1 -1 -1 -1 -1 -1 -1 -1 -1 -1 -1 101 106 106 102 111 111 105 106 108 108 104 108 108 106 105 95 95 72 44 44 33 37 36 36 122 112 112 112 101 101 -1 -1 -1 -1 -1 -1 -1 -1 -1 -1 -1 -1 -1 -1 -1 -1 -1 -1 -1 -1 -1 -1 -1 -1 -1 -1 -1 -1 -1 -1 -1 -1 -1 -1 -1 -1 -1 -1 -1 -1 -1 -1 -1 -1 -1 -1 -1 -1 -1 -1 -1 -1 -1 -1 -1 -1 -1 -1 -1 -1 -1 -1 -1 -1 -1 -1 -1 -1 -1 -1 -1 -1 -1 -1 -1 -1 -1 -1 -1 94 93 93 96 107 104 104 106 112 112 105 20 20 20 35 39 39 38 31 31 35 41 0 0 -59 87 87 112 107 100 100 -1 -1 -1 -1 -1 -1 -1 -1 -1 -1 -1 -1 -1 -1 -1 -1 -1 -1 -1 -1 -1 -1 -1 -1 -1 -1 -1 -1 -1 -1 -1 -1 -1 -1 -1
0 0 0 0 12 24 24 26 16 16 9 0 0 0 0 0 0 0 0 0 0 0 0 0 0 1 1 1 2 8 8 9 0 0 0 0 0 0 14 6 6 0 0 0 0 0 0 0 0 0 0 0 0 1 1 25 31 31 24 20 16 16 9 7 7 0 0 0 0 0 0 0 4 15 15 13 10 8 8 7 9 9 14 15 15 6 0 0 0 0 0 0 0 0 14 14 29 37 37 39 36 36 32 26 18 18 9 3 3 1 7 21 21 33 36 36 24 14 21 21 42 49 49 65 78 78 84 83 78 78 81 91 91 91 95 90 90 81 52 52 24 14 14 0 0 0 0 0 0 0 0 0 0 0 0 0 0 0 0 0 0 0 0 0 10 20 20 25 43 59 59 72 76 76 77 88 88 88 83 79 79 74 74 74 82 89 91 91 90 91 91 89 88 77 77 76 61 61 68 85 85 102 93 73 73 58 49 49 55 72 94 94 102 106 106 110 111 111 106 100 81 81 60 38 38 37 32 33 33 43 45 45 39 37 48 48 61 67 67 78 93 93 105 110 106 106 95 100 100 97 89 91 91 105 107 107 105 99 99 88 85 78 78 79 95 95 106 116 117 117 116 117 117 111 107 107 110 104 104 104 95 89 89 90 83 68 68 58 49 49 50 37 22 22 20 27 27 45 47 47 33 0 0 0 61 114 114 110 116 107 107 99 99 99 96 96 96 95 -1 -1 -1 -1 -1 -1 -1 89 95 95 95 99 99 95 91 91 96 97 107 107 106 106 106 104 112 99 99 79 72 72 74 61 61 41 27 20 20 16 15 15 14 0 105 105 116 114 114 102 -1 -1 -1 -1 -1 -1 -1 -1 -1 -1 -1 -1 -1 -1 -1 -1 -1 -1 -1 -1 -1 -1 -1 -1 -1 -1 -1 -1 -1 -1 -1 -1 -1 -1 -1 -1 -1 -1 -1 -1 -1 -1 -1 -1 -1 -1 -1 -1 -1 -1 -1 -1 -1 -1 -1 -1 -1 -1 -1 -1 -1 -1 -1 -1 -1 -1 -1 -1 -1 -1 -1 -1 -1 -1 -1 -1 -1 -1 -1 95 95 99 99 99 108 101 113 113 107 64 64 0 19 49 49 27 26 26 22 31 31 33 0 -51 -51 107 112 112 107 99 -1 -1 -1 -1 -1 -1 -1 -1 -1 -1 -1 -1 -1 -1 -1 -1 -1 -1 -1 -1 -1 -1 -1 -1 -1 -1 -1 -1 -1 -1 -1 -1 -1 -1 -1 -1
0 0 0 0 12 12 24 26 26 16 9 0 0 0 0 0 0 0 0 0 0 0 0 0 0 0 1 1 2 2 8 9 9 0 0 0 0 0 14 14 6 0 0 0 0 0 0 0 0 0 0 0 0 0 1 25 25 31 24 24 20 16 9 9 7 0 0 0 0 0 0 0 4 4 15 13 13 10 8 7 7 9 14 14 15 6 0 0 0 0 0 0 0 0 0 14 29 29 37 39 39 36 32 26 26 18 9 9 3 1 1 7 21 33 33 36 24 24 14 21 42 42 49 65 65 78 84 83 83 78 81 81 91 91 91 95 90 81 81 52 24 24 14 0 0 0 0 0 0 0 0 0 0 0 0 0 0 0 0 0 0 0 0 0 10 10 20 25 25 43 59 72 72 76 77 77 88 88 83 83 79 74 74 74 82 89 89 91 90 90 91 89 89 88 77 76 76 61 68 68 85 102 93 93 73 58 58 49 55 55 72 94 102 102 106 110 110 111 106 100 100 81 60 60 38 37 37 32 33 43 43 45 39 39 37 48 61 61 67 78 78 93 105 110 110 106 95 95 100 97 97 89 91 105 105 107 105 105 99 88 85 85 78 79 79 95 106 106 116 117 116 116 117 111 111 107 110 104 104 104 95 95 89 90 90 83 68 58 58 49 50 50 37 22 20 20 27 45 45 47 33 0 0 0 61 61 114 110 110 116 107 99 99 99 96 96 96 95 -1 -1 -1 -1 -1 -1 -1 -1 89 95 95 95 99 95 95 91 96 97 97 107 106 106 106 104 104 112 99 79 79 72 74 74 61 41 27 27 20 16 16 15 14 0 0 105 116 116 114 102 102 -1 -1 -1 -1 -1 -1 -1 -1 -1 -1 -1 -1 -1 -1 -1 -1 -1 -1 -1 -1 -1 -1 -1 -1 -1 -1 -1 -1 -1 -1 -1 -1 -1 -1 -1 -1 -1 -1 -1 -1 -1 -1 -1 -1 -1 -1 -1 -1 -1 -1 -1 -1 -1 -1 -1 -1 -1 -1 -1 -1 -1 -1 -1 -1 -1 -1 -1 -1 -1 -1 -1 -1 -1 -1 -1 -1 -1 -1 -1 95 99 99 99 108 101 101 113 107 107 64 0 0 19 49 27 27 26 22 22 31 33 0 0 -51 107 107 112 107 99 99 -1 -1 -1 -1 -1 -1 -1 -1 -1 -1 -1 -1 -1 -1 -1 -1 -1 -1 -1 -1 -1 -1 -1 -1 -1 -1 -1 -1 -1 -1 -1 -1 -1 -1 -1
0 0 7 7 19 27 27 25 12 12 3 0 0 0 0 0 0 0 0 0 0 0 0 0 7 8 8 13 13 13 13 0 0 0 0 0 0 0 10 0 0 0 0 0 0 0 0 0 0 0 0 0 0 18 18 37 38 38 22 16 12 12 1 0 0 0 0 0 0 0 0 0 7 14 14 8 2 0 0 0 4 4 13 12 12 0 0 0 0 0 0 0 0 0 16 16 31 36 36 35 31 31 25 19 12 12 4 0 0 0 6 18 18 30 30 30 21 12 21 21 41 45 45 56 67 67 70 67 67 67 77 93 93 88 89 76 76 62 31 31 7 0 0 0 0 0 0 0 0 0 0 0 0 0 0 0 0 0 0 0 0 0 0 0 4 12 12 10 24 37 37 53 64 64 72 91 105 105 99 91 91 84 85 85 94 105 108 108 106 111 111 110 102 84 84 73 55 55 58 70 70 89 77 56 56 41 41 41 50 70 89 89 107 108 108 112 112 112 107 100 82 82 66 59 59 59 59 58 58 60 61 61 59 60 65 65 68 74 74 91 100 100 112 102 104 104 94 89 89 82 88 97 97 105 104 104 99 85 85 77 71 65 65 64 77 77 91 104 108 108 107 110 110 105 105 105 110 110 112 112 101 101 101 102 104 91 91 71 50 50 31 22 24 24 35 43 43 70 38 38 2 -61 53 53 104 111 111 112 107 101 101 93 -1 -1 -1 -1 -1 -1 -1 -1 -1 -1 -1 -1 -1 95 107 107 95 100 100 108 99 99 106 105 107 107 101 110 110 79 53 36 36 33 -55 -55 29 24 24 15 13 25 25 42 45 45 41 0 113 113 116 112 112 97 96 -1 -1 -1 -1 -1 -1 -1 -1 -1 -1 -1 -1 -1 -1 -1 -1 -1 -1 -1 -1 -1 -1 -1 -1 -1 -1 -1 -1 -1 -1 -1 -1 -1 -1 -1 -1 -1 -1 -1 -1 -1 -1 -1 -1 -1 -1 -1 -1 -1 -1 -1 -1 -1 -1 -1 -1 -1 -1 -1 -1 -1 -1 -1 -1 -1 -1 -1 -1 -1 -1 -1 -1 -1 -1 -1 -1 -1 97 102 102 108 107 107 112 100 -1 -1 -36 12 12 32 39 42 42 27 13 13 19 37 37 6 25 78 78 107 108 108 105 96 -1 -1 -1 -1 -1 -1 -1 -1 -1 -1 -1 -1 -1 -1 -1 -1 -1 -1 -1 -1 -1 -1 -1 -1 -1 -1 -1 -1 -1 -1 -1 -1 -1 -1 -1 -1
0 0 0 7 19 19 27 25 25 12 3 0 0 0 0 0 0 0 0 0 0 0 0 0 7 7 8 13 13 13 13 0 0 0 0 0 0 0 10 10 0 0 0 0 0 0 0 0 0 0 0 0 0 0 18 37 37 38 22 22 16 12 1 1 0 0 0 0 0 0 0 0 7 7 14 8 8 2 0 0 0 4 13 13 12 0 0 0 0 0 0 0 0 0 0 16 31 31 36 35 35 31 25 19 19 12 4 4 0 0 0 6 18 30 30 30 21 21 12 21 41 41 45 56 56 67 70 67 67 67 77 77 93 88 88 89 76 62 62 31 7 7 0 0 0 0 0 0 0 0 0 0 0 0 0 0 0 0 0 0 0 0 0 0 4 4 12 10 10 24 37 53 53 64 72 72 91 105 99 99 91 84 84 85 94 105 105 108 106 106 111 110 110 102 84 73 73 55 58 58 70 89 77 77 56 41 41 41 50 50 70 89 107 107 108 112 112 112 107 100 100 82 66 66 59 59 59 59 58 60 60 61 59 59 60 65 68 68 74 91 91 100 112 102 102 104 94 94 89 82 82 88 97 105 105 104 99 99 85 77 71 71 65 64 64 77 91 91 104 108 107 107 110 105 105 105 110 110 110 112 101 101 101 102 102 104 91 71 71 50 31 31 22 24 35 35 43 70 70 38 2 -61 -61 53 104 104 111 112 112 107 101 93 93 -1 -1 -1 -1 -1 -1 -1 -1 -1 -1 -1 -1 -1 95 107 95 95 100 108 108 99 106 105 105 107 101 101 110 79 79 53 36 33 33 -55 29 29 24 15 13 13 25 42 42 45 41 0 0 113 116 116 112 97 97 96 -1 -1 -1 -1 -1 -1 -1 -1 -1 -1 -1 -1 -1 -1 -1 -1 -1 -1 -1 -1 -1 -1 -1 -1 -1 -1 -1 -1 -1 -1 -1 -1 -1 -1 -1 -1 -1 -1 -1 -1 -1 -1 -1 -1 -1 -1 -1 -1 -1 -1 -1 -1 -1 -1 -1 -1 -1 -1 -1 -1 -1 -1 -1 -1 -1 -1 -1 -1 -1 -1 -1 -1 -1 -1 -1 -1 97 97 102 108 108 107 112 100 100 -1 -36 -36 12 32 32 39 42 27 27 13 19 19 37 6 25 25 78 107 107 108 105 96 96 -1 -1 -1 -1 -1 -1 -1 -1 -1 -1 -1 -1 -1 -1 -1 -1 -1 -1 -1 -1 -1 -1 -1 -1 -1 -1 -1 -1 -1 -1 -1 -1 -1 -1 -1
0 0 15 15 24 29 29 21 6 6 0 0 0 0 0 0 0 0 0 0 0 0 3 3 9 13 13 19 20 12 12 0 0 0 0 0 7 7 9 0 0 0 0 0 0 0 0 0 12 18 18 20 25 29 29 37 31 31 21 15 8 8 0 0 0 0 0 0 0 0 0 0 15 18 18 8 0 0 0 3 6 6 7 1 1 0 0 0 0 0 0 0 2 14 29 29 33 32 32 25 18 18 10 4 1 1 0 0 0 0 9 16 16 22 22 22 16 13 26 26 44 43 43 55 64 64 64 60 60 60 74 93 93 88 85 66 66 47 16 16 0 0 0 0 0 0 0 0 0 0 0 0 0 0 0 0 0 0 0 0 0 0 0 0 0 0 0 0 4 18 18 32 42 42 55 83 110 110 101 95 95 89 89 89 95 105 106 106 107 113 113 111 104 81 81 66 42 42 39 48 48 71 60 43 43 33 36 36 49 67 87 87 106 106 106 107 104 104 99 89 74 74 62 68 68 71 73 74 74 74 77 77 79 79 73 73 90 95 95 107 124 124 116 114 104 104 85 88 88 87 99 107 107 108 105 105 94 78 78 67 62 50 50 44 55 55 68 79 88 88 84 85 85 84 91 91 104 108 113 113 100 110 110 111 112 97 97 70 49 49 25 31 36 36 59 60 60 49 29 29 15 -1 112 112 111 105 105 111 95 96 96 -1 -1 -1 -1 -1 -1 -1 -1 89 89 91 94 94 96 112 100 100 111 111 111 105 102 102 110 113 107 107 79 41 41 22 24 30 30 37 45 45 35 37 37 35 29 32 32 43 44 44 37 -83 110 110 108 116 116 101 99 -1 -1 -1 -1 -1 -1 -1 -1 -1 -1 -1 -1 -1 -1 -1 -1 -1 -1 -1 -1 -1 -1 -1 -1 -1 -1 -1 -1 -1 -1 -1 -1 -1 -1 -1 -1 -1 -1 -1 -1 -1 -1 -1 -1 -1 -1 -1 -1 -1 -1 -1 -1 -1 -1 -1 -1 -1 -1 -1 -1 -1 -1 -1 -1 -1 -1 -1 -1 -1 -1 -1 -1 -1 -1 89 100 100 105 112 112 106 116 116 83 64 -53 -53 7 35 35 58 62 37 37 26 19 19 19 32 32 0 89 101 101 105 106 106 100 95 -1 -1 -1 -1 -1 -1 -1 -1 -1 -1 -1 -1 -1 -1 -1 -1 -1 -1 -1 -1 -1 -1 -1 -1 -1 -1 -1 -1 -1 -1 -1 -1 -1 -1 -1 -1
0 0 0 15 21 21 26 15 15 2 0 0 0 0 0 0 0 0 0 0 0 0 0 0 0 0 7 15 14 14 1 0 0 0 0 0 1 18 15 15 6 0 0 3 6 6 6 9 24 24 38 41 41 39 38 35 35 29 24 24 16 2 0 0 0 0 0 0 0 0 0 7 22 22 25 16 16 0 0 0 0 0 0 0 0 0 0 0 0 0 0 7 16 16 25 35 35 35 29 14 14 9 4 1 1 1 0 0 2 2 2 4 10 15 15 16 18 18 18 25 39 39 41 53 53 61 60 56 56 54 67 67 85 89 89 85 61 37 37 9 0 0 0 0 0 0 0 0 0 0 0 0 0 0 0 0 0 0 0 0 0 0 0 0 0 0 0 0 0 0 9 24 24 30 41 41 70 99 99 99 97 94 94 91 94 102 102 107 110 110 107 107 107 100 79 66 66 39 35 35 39 54 50 50 41 36 36 39 54 54 68 87 106 106 105 101 101 95 88 81 81 72 65 65 76 79 79 84 84 84 84 85 84 84 79 81 90 90 99 110 110 114 116 118 118 99 83 83 82 82 82 95 110 114 114 106 93 93 70 60 55 55 43 35 35 42 52 52 60 70 62 62 62 65 65 79 96 105 105 112 102 102 111 113 113 114 97 67 67 48 24 24 29 36 49 49 62 29 29 29 73 107 107 112 113 113 110 104 104 94 -1 -1 -1 -1 -1 -1 -1 -1 -1 -1 90 93 93 97 100 100 104 106 108 108 107 116 116 106 111 106 106 104 -26 -26 -108 12 12 39 62 60 60 50 45 45 43 36 24 24 21 32 32 50 60 -110 -110 107 112 112 118 106 106 95 -1 -1 -1 -1 -1 -1 -1 -1 -1 -1 -1 -1 -1 -1 -1 -1 -1 -1 -1 -1 -1 -1 -1 -1 -1 -1 -1 -1 -1 -1 -1 -1 -1 -1 -1 -1 -1 -1 -1 -1 -1 -1 -1 -1 -1 -1 -1 -1 -1 -1 -1 -1 -1 -1 -1 -1 -1 -1 -1 -1 -1 -1 -1 -1 -1 -1 -1 -1 -1 -1 -1 89 93 93 96 106 111 111 112 108 108 110 56 24 24 0 25 25 64 53 53 41 33 31 31 19 25 25 18 9 118 118 107 106 106 102 97 -1 -1 -1 -1 -1 -1 -1 -1 -1 -1 -1 -1 -1 -1 -1 -1 -1 -1 -1 -1 -1 -1 -1 -1 -1 -1 -1 -1 -1 -1 -1 -1 -1 -1 -1 -1 -1
0 0 15 15 21 26 26 15 2 2 0 0 0 0 0 0 0 0 0 0 0 0 0 0 0 7 7 15 14 1 1 0 0 0 0 1 18 18 15 6 6 0 3 3 6 6 9 9 24 38 38 41 39 38 38 35 29 29 24 16 2 2 0 0 0 0 0 0 0 0 7 7 22 25 25 16 0 0 0 0 0 0 0 0 0 0 0 0 0 0 7 7 16 25 35 35 35 29 29 14 9 9 4 1 1 1 0 2 2 2 4 10 10 15 16 16 18 18 25 25 39 41 41 53 61 61 60 56 54 54 67 85 85 89 85 61 61 37 9 9 0 0 0 0 0 0 0 0 0 0 0 0 0 0 0 0 0 0 0 0 0 0 0 0 0 0 0 0 0 9 9 24 30 30 41 70 99 99 99 97 97 94 91 91 94 102 107 107 110 107 107 107 100 79 79 66 39 39 35 39 39 54 50 41 41 36 39 39 54 68 87 87 106 105 105 101 95 95 88 81 72 72 65 76 76 79 84 84 84 84 85 85 84 79 81 81 90 99 99 110 114 114 116 118 99 99 83 82 82 82 95 110 110 114 106 106 93 70 70 60 55 43 43 35 42 42 52 60 70 70 62 62 62 65 79 79 96 105 112 112 102 111 111 113 114 97 97 67 48 48 24 29 36 36 49 62 62 29 29 29 73 107 112 112 113 110 110 104 94 -1 -1 -1 -1 -1 -1 -1 -1 -1 -1 90 90 93 97 97 100 104 106 106 108 107 107 116 106 106 111 106 104 104 -26 -108 -108 12 39 62 62 60 50 50 45 43 43 36 24 21 21 32 50 50 60 -110 107 107 112 118 118 106 95 -1 -1 -1 -1 -1 -1 -1 -1 -1 -1 -1 -1 -1 -1 -1 -1 -1 -1 -1 -1 -1 -1 -1 -1 -1 -1 -1 -1 -1 -1 -1 -1 -1 -1 -1 -1 -1 -1 -1 -1 -1 -1 -1 -1 -1 -1 -1 -1 -1 -1 -1 -1 -1 -1 -1 -1 -1 -1 -1 -1 -1 -1 -1 -1 -1 -1 -1 -1 -1 -1 -1 89 89 93 96 106 106 111 112 112 108 110 110 56 24 0 0 25 64 64 53 41 33 33 31 19 19 25 18 18 9 118 107 107 106 102 102 97 -1 -1 -1 -1 -1 -1 -1 -1 -1 -1 -1 -1 -1 -1 -1 -1 -1 -1 -1 -1 -1 -1 -1 -1 -1 -1 -1 -1 -1 -1 -1 -1 -1 -1 -1 -1 -1
0 0 4 14 21 21 22 12 12 0 0 0 0 0 0 0 0 0 0 0 0 0 0 0 0 0 0 0 0 0 0 0 0 0 0 0 14 22 16 16 18 22 22 26 21 12 12 19 49 49 76 77 77 66 48 39 39 33 29 29 15 0 0 0 0 0 0 0 0 10 10 26 31 31 30 20 20 0 0 0 0 0 2 2 8 7 2 2 2 10 10 18 24 24 27 30 29 29 24 14 14 12 8 10 10 12 9 9 7 8 8 13 21 31 31 36 37 37 29 26 30 30 38 45 45 47 43 41 41 44 61 61 83 88 88 83 54 30 30 6 0 0 0 0 0 0 0 0 0 0 0 0 0 0 0 0 0 0 0 0 0 0 0 0 0 0 0 0 0 0 0 13 13 21 36 36 62 94 95 95 94 90 90 85 83 90 90 105 112 112 108 108 108 102 83 72 72 48 41 41 42 49 47 47 42 42 42 50 59 59 76 90 108 108 107 96 96 88 79 73 73 74 78 78 90 93 93 96 96 93 93 88 83 83 73 73 88 88 104 111 111 116 110 104 104 32 30 30 42 56 56 64 87 116 116 107 88 88 71 59 53 53 42 36 36 42 47 47 54 49 39 39 35 39 39 52 71 83 83 93 91 91 93 93 93 91 77 55 55 33 13 13 21 0 0 0 0 -110 -110 29 104 111 111 108 108 108 105 96 96 -1 -1 -1 -1 -1 -1 -1 -1 -1 -1 -1 93 97 97 101 106 106 112 112 116 116 105 113 113 104 96 74 74 -101 0 0 66 58 58 62 49 44 44 48 36 36 29 16 4 4 2 18 18 42 61 -112 -112 108 117 117 108 107 107 95 -1 -1 -1 -1 -1 -1 -1 -1 -1 -1 -1 -1 -1 -1 -1 -1 -1 -1 -1 -1 -1 -1 -1 -1 -1 -1 -1 -1 -1 -1 -1 -1 -1 -1 -1 -1 -1 -1 -1 -1 -1 -1 -1 -1 -1 -1 -1 -1 -1 -1 -1 -1 -1 -1 -1 -1 -1 -1 -1 -1 -1 -1 -1 -1 -1 -1 -1 -1 -1 -1 -1 101 99 99 112 107 112 112 110 77 77 9 0 24 24 58 56 56 53 43 43 39 39 32 32 27 32 32 0 85 112 112 108 104 104 96 94 -1 -1 -1 -1 -1 -1 -1 -1 -1 -1 -1 -1 -1 -1 -1 -1 -1 -1 -1 -1 -1 -1 -1 -1 -1 -1 -1 -1 -1 -1 -1 -1 -1 -1 -1 -1 -1
0 4 14 14 21 22 22 12 0 0 0 0 0 0 0 0 0 0 0 0 0 0 0 0 0 0 0 0 0 0 0 0 0 0 0 14 22 22 16 18 18 22 26 26 21 12 19 19 49 76 76 77 66 48 48 39 33 33 29 15 0 0 0 0 0 0 0 0 0 10 26 26 31 30 30 20 0 0 0 0 0 0 2 8 8 7 2 2 2 10 18 18 24 27 30 30 29 24 24 14 12 12 8 10 12 12 9 7 7 8 13 21 21 31 36 36 37 29 26 26 30 38 38 45 47 47 43 41 44 44 61 83 83 88 83 54 54 30 6 6 0 0 0 0 0 0 0 0 0 0 0 0 0 0 0 0 0 0 0 0 0 0 0 0 0 0 0 0 0 0 0 13 21 21 36 62 94 94 95 94 94 90 85 85 83 90 105 105 112 108 108 108 102 83 83 72 48 48 41 42 42 49 47 42 42 42 50 50 59 76 90 90 108 107 107 96 88 88 79 73 74 74 78 90 90 93 96 96 96 93 88 88 83 73 73 73 88 104 104 111 116 116 110 104 32 32 30 42 42 56 64 87 87 116 107 107 88 71 71 59 53 42 42 36 42 42 47 54 49 49 39 35 35 39 52 52 71 83 93 93 91 93 93 93 91 77 77 55 33 33 13 21 0 0 0 0 0 -110 29 29 104 111 108 108 108 105 105 96 -1 -1 -1 -1 -1 -1 -1 -1 -1 -1 -1 93 93 97 101 101 106 112 112 112 116 105 105 113 104 104 96 74 -101 -101 0 66 66 58 62 49 49 44 48 48 36 29 29 16 4 2 2 18 42 42 61 -112 108 108 117 108 108 107 95 -1 -1 -1 -1 -1 -1 -1 -1 -1 -1 -1 -1 -1 -1 -1 -1 -1 -1 -1 -1 -1 -1 -1 -1 -1 -1 -1 -1 -1 -1 -1 -1 -1 -1 -1 -1 -1 -1 -1 -1 -1 -1 -1 -1 -1 -1 -1 -1 -1 -1 -1 -1 -1 -1 -1 -1 -1 -1 -1 -1 -1 -1 -1 -1 -1 -1 -1 -1 -1 -1 -1 101 101 99 112 107 107 112 110 110 77 9 9 0 24 58 58 56 53 53 43 39 39 39 32 27 27 32 0 0 85 112 108 108 104 96 96 94 -1 -1 -1 -1 -1 -1 -1 -1 -1 -1 -1 -1 -1 -1 -1 -1 -1 -1 -1 -1 -1 -1 -1 -1 -1 -1 -1 -1 -1 -1 -1 -1 -1 -1 -1 -1 -1
2 2 19 24 24 24 21 3 3 0 0 0 0 0 0 0 7 8 8 2 0 0 0 0 0 0 0 0 0 0 0 0 0 0 8 8 21 20 14 14 31 44 44 45 35 21 21 31 64 64 85 83 83 70 47 43 43 39 31 31 9 0 0 0 0 0 0 0 12 24 24 32 27 27 24 15 15 0 0 0 0 0 20 20 39 39 35 35 22 24 24 24 25 25 26 26 24 24 21 16 16 14 15 18 18 21 16 16 14 13 13 24 38 54 54 61 60 60 44 33 31 31 35 37 37 33 29 26 26 33 52 52 74 70 70 66 39 20 20 0 0 0 0 0 0 0 0 0 0 0 0 0 0 0 0 0 0 3 3 3 0 0 0 0 0 0 0 0 0 0 0 7 7 20 36 36 56 83 76 76 71 59 59 48 48 65 65 87 102 102 111 110 110 105 89 84 84 66 60 60 61 60 55 55 50 50 50 60 73 73 85 96 108 108 107 91 91 71 62 62 62 73 88 88 101 99 99 97 90 82 82 78 73 73 62 68 94 94 89 100 100 89 68 0 0 13 29 29 24 19 19 3 36 99 99 111 104 104 83 67 58 58 45 41 41 45 47 47 48 31 19 19 14 12 12 21 38 52 52 67 72 72 64 64 64 64 53 43 43 27 20 20 0 7 94 94 90 76 76 106 108 111 111 114 102 102 93 95 95 -1 -1 -1 -1 -1 -1 -1 -1 -1 -1 -1 95 101 101 106 108 108 -1 0 1 1 21 26 26 9 0 0 0 53 73 73 58 54 54 50 54 45 45 37 30 30 22 9 0 0 0 4 4 29 -36 -107 -107 79 113 113 108 111 111 99 -1 -1 -1 -1 -1 -1 -1 -1 -1 -1 -1 -1 -1 -1 -1 -1 -1 -1 -1 -1 -1 -1 -1 -1 -1 -1 -1 -1 -1 -1 -1 -1 -1 -1 -1 -1 -1 -1 -1 -1 -1 -1 -1 -1 -1 -1 -1 -1 -1 -1 -1 -1 -1 -1 -1 -1 -1 -1 -1 -1 -1 -1 -1 -1 -1 -1 -1 -1 -1 -1 -1 99 112 112 97 110 107 107 49 0 0 30 67 56 56 61 59 59 43 37 37 25 26 33 33 33 0 0 30 106 119 119 111 95 95 93 90 -1 -1 -1 -1 -1 -1 -1 -1 -1 -1 -1 -1 -1 -1 -1 -1 -1 -1 -1 -1 -1 -1 -1 -1 -1 -1 -1 -1 -1 -1 -1 -1 -1 -1 -1 -1 -1
8 22 24 24 20 9 9 0 0 0 0 0 0 0 1 18 18 13 8 0 0 0 0 0 0 0 0 0 0 0 0 0 0 0 3 15 18 18 16 36 36 50 52 52 52 53 59 59 72 77 77 68 60 35 35 35 32 32 16 0 0 0 0 0 0 0 8 8 15 20 22 22 14 12 12 10 0 0 0 0 0 0 24 43 43 42 36 24 24 21 21 21 25 26 24 24 21 21 21 20 16 16 16 20 22 22 21 18 18 16 14 32 32 54 64 64 61 45 32 32 30 29 29 33 32 32 27 22 24 24 37 53 53 44 43 22 22 9 0 0 0 0 0 0 0 0 0 0 0 0 0 7 13 13 14 8 8 8 4 4 0 0 0 0 0 0 0 0 0 0 0 7 19 19 29 37 52 52 48 38 38 21 9 9 14 37 71 71 91 110 110 111 106 95 95 97 87 87 84 87 87 79 68 59 59 59 73 73 87 100 107 107 108 104 104 82 60 60 48 49 65 65 88 94 94 90 84 71 71 59 59 59 59 52 76 76 81 81 81 44 1 1 0 84 102 102 116 100 100 105 -11 -67 -67 0 15 15 82 97 97 78 66 53 53 45 48 48 45 44 36 36 25 20 20 14 15 15 30 47 66 66 59 45 45 48 43 35 35 31 24 24 31 -122 90 90 111 111 111 119 113 113 112 116 104 104 101 94 94 90 -1 -1 -1 -1 -1 -1 -1 -1 -1 -1 -1 95 95 104 108 108 111 32 10 10 36 16 16 18 27 27 44 52 48 48 42 42 42 49 43 35 35 35 35 35 27 19 19 0 0 0 0 0 15 15 33 -82 58 58 117 119 119 105 90 -1 -1 -1 -1 -1 -1 -1 -1 -1 -1 -1 -1 -1 -1 -1 -1 -1 -1 -1 -1 -1 -1 -1 -1 -1 -1 -1 -1 -1 -1 -1 -1 -1 -1 -1 -1 -1 -1 -1 -1 -1 -1 -1 -1 -1 -1 -1 -1 -1 -1 -1 -1 -1 -1 -1 -1 -1 -1 -1 -1 -1 -1 -1 -1 -1 -1 -1 -1 -1 -1 94 110 110 112 114 112 112 0 7 7 38 64 64 62 56 58 58 43 38 38 24 21 15 15 31 21 21 0 99 99 111 102 106 106 96 90 90 89 -1 -1 -1 -1 -1 -1 -1 -1 -1 -1 -1 -1 -1 -1 -1 -1 -1 -1 -1 -1 -1 -1 -1 -1 -1 -1 -1 -1 -1 -1 -1 -1 -1 -1 -1 -1 -1
8 8 22 24 20 20 9 0 0 0 0 0 0 0 1 1 18 13 13 8 0 0 0 0 0 0 0 0 0 0 0 0 0 0 3 3 15 18 16 16 36 50 50 52 52 53 53 59 72 72 77 68 68 60 35 35 35 32 16 16 0 0 0 0 0 0 0 8 15 20 20 22 14 14 12 10 10 0 0 0 0 0 24 24 43 42 36 36 24 21 21 21 25 25 26 24 21 21 21 20 20 16 16 20 20 22 21 21 18 16 16 14 32 54 54 64 61 61 45 32 30 30 29 33 33 32 27 22 22 24 37 37 53 44 44 43 22 9 9 0 0 0 0 0 0 0 0 0 0 0 0 0 7 13 14 14 8 8 8 4 0 0 0 0 0 0 0 0 0 0 0 7 7 19 29 29 37 52 48 48 38 21 21 9 14 37 37 71 91 91 110 111 111 106 95 97 97 87 84 84 87 79 68 68 59 59 59 73 87 87 100 107 108 108 104 82 82 60 48 49 49 65 88 88 94 90 90 84 71 59 59 59 59 59 52 76 81 81 81 44 44 1 0 84 84 102 116 116 100 105 105 -11 -67 0 0 15 82 82 97 78 66 66 53 45 45 48 45 45 44 36 25 25 20 14 14 15 30 47 47 66 59 59 45 48 48 43 35 31 31 24 31 31 -122 90 111 111 111 119 119 113 112 116 116 104 101 101 94 90 90 -1 -1 -1 -1 -1 -1 -1 -1 -1 -1 -1 95 104 104 108 111 111 32 10 36 36 16 18 18 27 44 52 52 48 42 42 42 49 49 43 35 35 35 35 27 27 19 0 0 0 0 0 0 15 33 -82 -82 58 117 117 119 105 105 90 -1 -1 -1 -1 -1 -1 -1 -1 -1 -1 -1 -1 -1 -1 -1 -1 -1 -1 -1 -1 -1 -1 -1 -1 -1 -1 -1 -1 -1 -1 -1 -1 -1 -1 -1 -1 -1 -1 -1 -1 -1 -1 -1 -1 -1 -1 -1 -1 -1 -1 -1 -1 -1 -1 -1 -1 -1 -1 -1 -1 -1 -1 -1 -1 -1 -1 -1 -1 -1 94 94 110 112 112 114 112 0 0 7 38 38 64 62 56 56 58 43 43 38 24 24 21 15 31 31 21 0 0 99 111 102 102 106 96 96 90 89 -1 -1 -1 -1 -1 -1 -1 -1 -1 -1 -1 -1 -1 -1 -1 -1 -1 -1 -1 -1 -1 -1 -1 -1 -1 -1 -1 -1 -1 -1 -1 -1 -1 -1 -1 -1 -1
0 9 15 15 13 0 0 0 0 0 0 0 0 0 10 16 16 14 0 0 0 0 0 0 0 0 0 0 0 0 0 2 8 8 16 20 18 18 20 32 32 49 56 56 64 65 73 73 77 71 71 61 47 24 24 10 0 0 0 0 0 0 2 13 13 22 16 16 12 9 3 3 9 13 13 4 0 0 0 0 0 0 4 15 15 24 10 2 2 9 15 15 20 29 31 31 25 18 18 16 14 14 10 10 12 12 9 6 6 2 9 19 19 33 45 45 49 47 44 44 43 39 39 29 21 21 18 16 24 24 29 26 26 27 24 10 10 4 0 0 0 0 0 0 0 0 0 0 0 0 0 13 19 19 16 16 16 6 0 0 0 0 0 0 0 0 0 0 0 0 0 7 19 19 24 14 16 16 27 24 24 14 8 8 14 39 74 74 100 88 88 96 95 93 93 89 85 85 94 99 99 102 95 89 89 87 89 89 95 100 99 99 95 88 88 89 66 66 50 52 78 78 89 101 101 88 72 59 59 49 43 43 44 50 12 12 0 0 0 18 72 72 110 114 110 110 112 113 113 116 116 85 85 59 30 30 0 72 72 70 55 43 43 29 38 38 29 35 35 35 27 24 24 20 25 25 38 44 50 50 54 49 49 39 32 39 39 32 26 26 0 18 101 101 114 108 108 112 105 105 110 102 96 96 95 -1 -1 -1 -1 -1 -1 -1 -1 -1 -1 -1 -1 -1 88 93 93 99 105 105 107 -72 24 24 52 48 48 55 52 52 49 38 44 44 35 39 39 35 35 21 21 14 6 6 2 0 0 0 0 0 0 0 21 21 39 -111 88 88 111 116 116 106 101 -1 -1 -1 -1 -1 -1 -1 -1 -1 -1 -1 -1 -1 -1 -1 -1 -1 -1 -1 -1 -1 -1 -1 -1 -1 -1 -1 -1 -1 -1 -1 -1 -1 -1 -1 -1 -1 -1 -1 -1 -1 -1 -1 -1 -1 -1 -1 -1 -1 -1 -1 -1 -1 -1 -1 -1 -1 -1 -1 -1 -1 -1 -1 -1 -1 -1 -1 -1 93 93 99 110 110 116 108 61 61 0 26 26 60 54 54 49 37 20 20 10 12 12 0 7 18 18 0 0 0 77 108 108 107 102 102 102 90 -1 -1 -1 -1 -1 -1 -1 -1 -1 -1 -1 -1 -1 -1 -1 -1 -1 -1 -1 -1 -1 -1 -1 -1 -1 -1 -1 -1 -1 -1 -1 -1 -1 -1 -1 -1 -1 -1 -1 -1
0 0 0 0 0 0 0 0 0 0 0 0 0 12 20 20 16 12 12 0 0 0 0 0 0 0 0 0 7 7 10 18 18 18 19 19 19 20 24 24 33 44 44 49 50 52 52 64 72 72 71 60 60 42 9 0 0 0 0 0 0 0 21 21 30 32 32 24 14 4 4 7 22 22 22 14 14 3 0 0 0 0 0 0 0 8 0 0 0 6 6 14 20 20 25 27 25 25 25 14 14 10 7 4 4 4 3 3 0 0 0 0 6 18 18 30 39 39 48 54 56 56 47 31 31 18 13 15 15 27 36 36 35 27 27 25 16 13 13 0 0 0 0 0 0 0 0 0 0 0 4 4 14 19 18 18 7 0 0 0 0 0 0 0 0 0 0 0 0 0 0 6 6 12 13 13 3 2 10 10 10 9 9 12 24 53 53 85 107 107 101 93 93 101 91 89 89 94 91 91 108 110 111 111 105 100 100 96 94 94 89 88 81 81 74 68 68 66 77 70 70 87 102 102 99 91 91 72 50 41 41 35 3 3 0 18 90 90 105 100 100 114 108 104 104 111 106 106 106 105 105 110 108 113 113 100 41 41 0 58 53 53 36 32 32 29 24 24 33 32 29 29 27 29 29 37 48 52 52 55 50 50 48 35 35 36 37 26 26 26 0 0 74 112 112 112 113 114 114 102 101 95 95 -1 -1 -1 -1 -1 -1 -1 -1 -1 -1 -1 -1 -1 -1 -1 93 93 95 99 99 105 105 105 0 22 52 52 56 56 56 53 49 49 49 29 27 27 30 14 14 12 4 0 0 0 0 0 0 0 0 0 0 0 0 21 38 -111 -111 96 111 111 113 106 106 96 -1 -1 -1 -1 -1 -1 -1 -1 -1 -1 -1 -1 -1 -1 -1 -1 -1 -1 -1 -1 -1 -1 -1 -1 -1 -1 -1 -1 -1 -1 -1 -1 -1 -1 -1 -1 -1 -1 -1 -1 -1 -1 -1 -1 -1 -1 -1 -1 -1 -1 -1 -1 -1 -1 -1 -1 -1 -1 -1 -1 -1 -1 -1 -1 -1 -1 -1 -1 102 108 108 110 113 113 113 0 43 43 47 48 48 47 36 25 25 21 0 0 0 0 0 2 0 2 2 27 106 106 110 110 97 97 94 90 90 -1 -1 -1 -1 -1 -1 -1 -1 -1 -1 -1 -1 -1 -1 -1 -1 -1 -1 -1 -1 -1 -1 -1 -1 -1 -1 -1 -1 -1 -1 -1 -1 -1 -1 -1 -1 -1 -1 -1
0 0 0 0 0 0 0 0 0 0 0 0 12 12 20 16 16 12 0 0 0 0 0 0 0 0 0 0 7 10 10 18 18 18 19 19 20 20 24 33 33 44 49 49 50 52 64 64 72 71 71 60 42 9 9 0 0 0 0 0 0 0 21 30 30 32 24 24 14 4 7 7 22 22 22 14 3 0 0 0 0 0 0 0 0 8 0 0 0 6 14 14 20 25 27 27 25 25 25 14 10 10 7 4 4 4 3 0 0 0 0 6 6 18 30 30 39 48 54 54 56 47 47 31 18 18 13 15 27 27 36 35 35 27 25 16 16 13 0 0 0 0 0 0 0 0 0 0 0 0 4 14 19 19 18 7 7 0 0 0 0 0 0 0 0 0 0 0 0 0 0 6 12 12 13 3 2 2 10 10 10 9 12 12 24 53 85 85 107 101 101 93 101 91 91 89 94 94 91 108 108 110 111 105 105 100 96 96 94 89 88 88 81 74 74 68 66 66 77 70 87 87 102 99 99 91 72 50 50 41 35 35 3 0 18 18 90 105 105 100 114 114 108 104 111 111 106 106 106 105 110 108 108 113 100 100 41 0 0 58 53 36 36 32 29 29 24 33 32 32 29 27 27 29 37 37 48 52 55 55 50 48 48 35 36 37 37 26 26 26 0 74 112 112 112 113 113 114 102 102 101 95 -1 -1 -1 -1 -1 -1 -1 -1 -1 -1 -1 -1 -1 -1 -1 -1 93 95 95 99 105 105 105 0 22 22 52 56 56 56 53 53 49 49 29 29 27 30 30 14 12 4 4 0 0 0 0 0 0 0 0 0 0 0 21 21 38 -111 96 96 111 113 113 106 96 -1 -1 -1 -1 -1 -1 -1 -1 -1 -1 -1 -1 -1 -1 -1 -1 -1 -1 -1 -1 -1 -1 -1 -1 -1 -1 -1 -1 -1 -1 -1 -1 -1 -1 -1 -1 -1 -1 -1 -1 -1 -1 -1 -1 -1 -1 -1 -1 -1 -1 -1 -1 -1 -1 -1 -1 -1 -1 -1 -1 -1 -1 -1 -1 -1 -1 -1 -1 102 102 108 110 110 113 113 0 0 43 47 47 48 47 47 36 25 21 21 0 0 0 0 2 0 0 2 27 27 106 110 110 110 97 94 94 90 -1 -1 -1 -1 -1 -1 -1 -1 -1 -1 -1 -1 -1 -1 -1 -1 -1 -1 -1 -1 -1 -1 -1 -1 -1 -1 -1 -1 -1 -1 -1 -1 -1 -1 -1 -1 -1 -1 -1 -1
0 0 0 0 0 0 0 0 0 1 8 9 9 19 22 22 20 9 9 0 0 0 0 0 0 0 2 16 24 24 29 29 29 21 15 15 13 19 30 30 38 39 39 30 26 22 22 37 55 55 58 43 43 20 0 0 0 0 0 0 0 26 37 37 37 30 30 19 8 1 1 26 54 54 44 30 30 21 18 13 13 10 0 0 0 0 0 0 0 7 7 19 26 26 31 31 30 30 32 26 26 24 19 16 16 15 14 14 15 14 14 6 12 21 21 30 43 43 56 64 67 67 52 35 35 18 18 25 25 39 50 50 52 47 47 42 31 22 22 3 0 0 0 0 0 0 0 12 12 18 19 19 16 10 3 3 0 0 0 0 0 0 0 0 0 0 0 0 0 0 0 6 6 4 0 0 0 0 0 0 0 8 8 22 41 70 70 97 117 117 113 113 113 111 112 106 106 99 106 106 113 111 116 116 107 96 96 104 88 88 29 0 0 0 0 0 0 36 83 88 88 94 94 94 90 84 84 70 44 0 0 0 16 16 -1 113 114 114 112 106 106 107 110 107 107 106 95 95 100 104 104 110 105 107 107 116 97 97 0 33 35 35 24 22 22 21 22 22 31 35 29 29 29 32 32 42 55 59 59 65 55 55 44 37 37 38 33 38 38 32 0 0 111 110 106 106 108 105 105 96 95 89 89 -1 -1 -1 -1 -1 -1 -1 -1 -1 -1 88 -1 -1 -1 -1 88 88 94 105 105 111 110 110 0 39 45 45 37 36 36 39 39 36 36 8 9 9 8 8 8 6 0 0 0 0 0 0 0 0 0 0 0 0 0 15 30 0 0 105 110 110 108 105 105 90 -1 -1 -1 -1 -1 -1 -1 -1 -1 -1 -1 -1 -1 -1 -1 -1 -1 -1 -1 -1 -1 -1 -1 -1 -1 -1 -1 -1 -1 -1 -1 -1 -1 -1 -1 -1 -1 -1 -1 -1 -1 -1 -1 -1 -1 -1 -1 -1 -1 -1 -1 -1 -1 -1 -1 -1 -1 -1 -1 -1 -1 -1 -1 -1 -1 -1 100 100 102 106 106 107 112 112 72 0 45 45 45 42 42 38 26 24 24 6 0 0 0 0 0 0 0 47 47 93 116 116 100 104 96 96 91 -1 -1 -1 -1 -1 -1 -1 -1 -1 -1 -1 -1 -1 -1 -1 -1 -1 -1 -1 -1 -1 -1 -1 -1 -1 -1 -1 -1 -1 -1 -1 -1 -1 -1 -1 -1 -1 -1 -1 -1 -1
0 0 0 0 0 0 0 0 1 1 8 9 19 19 22 20 20 9 0 0 0 0 0 0 0 2 2 16 24 29 29 29 21 21 15 13 19 19 30 38 38 39 30 30 26 22 37 37 55 58 58 43 20 0 0 0 0 0 0 0 26 26 37 37 37 30 19 19 8 1 26 26 54 44 44 30 21 18 18 13 10 10 0 0 0 0 0 0 0 7 19 19 26 31 31 31 30 32 32 26 24 24 19 16 15 15 14 15 15 14 6 12 12 21 30 30 43 56 64 64 67 52 52 35 18 18 18 25 39 39 50 52 52 47 42 31 31 22 3 3 0 0 0 0 0 0 0 12 18 18 19 16 10 10 3 0 0 0 0 0 0 0 0 0 0 0 0 0 0 0 0 6 4 4 0 0 0 0 0 0 0 8 22 22 41 70 97 97 117 113 113 113 111 112 112 106 99 99 106 113 113 111 116 107 107 96 104 104 88 29 0 0 0 0 0 0 36 36 83 88 94 94 94 90 90 84 70 44 44 0 0 0 16 -1 113 113 114 112 112 106 107 107 110 107 106 106 95 100 100 104 110 105 105 107 116 116 97 0 0 33 35 24 24 22 21 21 22 31 35 35 29 29 29 32 42 42 55 59 65 65 55 44 44 37 38 33 33 38 32 32 0 111 110 110 106 108 108 105 96 96 95 89 -1 -1 -1 -1 -1 -1 -1 -1 -1 -1 88 88 -1 -1 -1 -1 88 94 94 105 111 111 110 0 39 39 45 37 37 36 39 39 39 36 8 8 9 8 8 8 6 0 0 0 0 0 0 0 0 0 0 0 0 0 15 15 30 0 105 105 110 108 108 105 90 -1 -1 -1 -1 -1 -1 -1 -1 -1 -1 -1 -1 -1 -1 -1 -1 -1 -1 -1 -1 -1 -1 -1 -1 -1 -1 -1 -1 -1 -1 -1 -1 -1 -1 -1 -1 -1 -1 -1 -1 -1 -1 -1 -1 -1 -1 -1 -1 -1 -1 -1 -1 -1 -1 -1 -1 -1 -1 -1 -1 -1 -1 -1 -1 -1 -1 -1 100 102 102 106 107 107 112 72 0 0 45 45 45 42 38 38 26 24 6 6 0 0 0 0 0 0 0 47 93 93 116 100 100 104 96 91 91 -1 -1 -1 -1 -1 -1 -1 -1 -1 -1 -1 -1 -1 -1 -1 -1 -1 -1 -1 -1 -1 -1 -1 -1 -1 -1 -1 -1 -1 -1 -1 -1 -1 -1 -1 -1 -1 -1 -1 -1 -1
0 0 0 0 0 0 0 0 0 19 22 16 16 16 24 24 27 10 10 0 0 0 0 0 12 12 20 30 26 26 27 21 21 13 3 3 4 18 35 35 39 35 35 24 16 10 10 27 50 50 54 37 37 9 0 0 0 0 0 0 26 43 39 39 30 19 19 6 0 3 3 43 72 72 55 41 41 29 27 24 24 14 0 0 0 0 0 0 13 21 21 31 36 36 37 32 26 26 29 33 33 35 33 32 32 32 35 35 36 35 35 20 27 35 35 39 49 49 59 64 61 61 45 33 33 22 25 37 37 49 58 58 61 67 67 59 42 29 29 6 1 1 0 1 2 2 12 21 21 29 25 25 18 7 0 0 0 0 0 0 0 0 0 0 0 0 0 0 0 0 6 8 8 1 0 0 0 0 0 0 0 16 16 39 62 83 83 97 106 106 112 117 117 122 119 113 113 112 112 112 118 122 108 108 101 89 89 36 0 0 9 -1 108 108 -1 -54 -54 24 81 91 91 79 77 77 84 83 83 56 16 16 16 64 102 102 111 111 102 102 110 108 108 101 100 94 94 94 -1 -1 -1 -1 -1 101 104 101 101 111 111 111 -28 -92 14 14 36 29 29 38 42 42 44 38 27 27 29 33 33 49 62 62 62 64 50 50 36 43 43 38 37 27 27 3 14 14 112 107 107 107 102 94 94 93 -1 -1 -1 -1 -1 -1 -1 -1 -1 -1 90 93 93 95 -1 -1 -1 -1 93 93 100 101 101 81 58 58 0 60 41 41 32 31 31 24 21 16 16 0 14 14 1 2 2 0 0 0 0 0 0 0 0 0 0 0 0 2 2 3 -81 30 30 111 108 108 105 100 100 91 -1 -1 -1 -1 -1 -1 -1 -1 -1 -1 -1 -1 -1 -1 -1 -1 -1 -1 -1 -1 -1 -1 -1 -1 -1 -1 -1 -1 -1 -1 -1 -1 -1 -1 -1 -1 -1 -1 -1 -1 -1 -1 -1 -1 -1 -1 -1 -1 -1 -1 -1 -1 -1 -1 -1 -1 -1 -1 -1 -1 -1 -1 -1 -1 -1 99 102 102 106 111 111 106 93 93 0 33 49 49 41 49 49 36 20 13 13 0 0 0 0 0 0 0 20 99 99 114 108 108 96 94 91 91 -1 -1 -1 -1 -1 -1 -1 -1 -1 -1 -1 -1 -1 -1 -1 -1 -1 -1 -1 -1 -1 -1 -1 -1 -1 -1 -1 -1 -1 -1 -1 -1 -1 -1 -1 -1 -1 -1 -1 -1 -1 -1
0 0 0 0 0 0 0 0 9 9 13 10 20 20 29 20 20 0 0 0 0 0 8 8 20 21 21 27 21 19 19 9 7 7 4 9 27 27 43 44 44 33 29 29 32 37 54 54 70 66 66 45 21 0 0 0 0 0 18 38 37 37 26 15 15 8 2 2 0 14 49 49 61 41 41 36 29 27 27 27 14 14 0 0 0 0 12 37 37 36 33 33 32 27 18 18 10 10 10 19 22 22 25 26 29 29 32 33 33 32 16 22 22 30 33 33 41 47 48 48 47 33 33 27 22 22 24 33 41 41 48 56 56 62 56 39 39 27 9 9 12 13 13 18 15 12 12 10 9 9 8 3 0 0 0 0 0 0 0 0 0 0 0 0 0 0 0 0 0 16 16 18 9 9 0 0 0 0 0 15 15 42 70 70 87 93 91 91 91 108 108 123 118 122 122 125 120 120 124 122 122 37 12 0 0 0 19 19 73 104 114 114 110 -6 -6 -54 42 42 81 74 59 59 62 66 66 62 26 26 26 88 114 114 101 105 107 107 112 101 101 97 99 99 -1 -1 -1 -1 -1 -1 -1 -1 91 100 100 107 113 113 107 99 99 0 9 55 55 54 72 72 79 73 65 65 45 36 36 36 48 48 59 55 54 54 47 41 41 43 45 58 58 10 0 0 65 111 112 112 112 99 99 91 -1 -1 -1 -1 -1 -1 -1 -1 -1 -1 -1 -1 -1 94 95 95 -1 -1 -1 -1 96 105 105 100 68 68 36 31 62 62 33 13 13 0 0 0 0 2 12 12 0 0 0 0 0 0 0 0 0 0 0 0 0 8 13 16 16 25 0 0 -114 79 108 108 106 102 102 95 -1 -1 -1 -1 -1 -1 -1 -1 -1 -1 -1 -1 -1 -1 -1 -1 -1 -1 -1 -1 -1 -1 -1 -1 -1 -1 -1 -1 -1 -1 -1 -1 -1 -1 -1 -1 -1 -1 -1 -1 -1 -1 -1 -1 -1 -1 -1 -1 -1 -1 -1 -1 -1 -1 -1 -1 -1 -1 -1 -1 -1 -1 -1 -1 -1 99 99 100 102 116 116 100 -59 -59 0 37 44 44 43 38 38 27 24 24 7 4 0 0 0 0 0 0 2 66 66 111 107 107 107 105 105 88 -1 -1 -1 -1 -1 -1 -1 -1 -1 -1 -1 -1 -1 -1 -1 -1 -1 -1 -1 -1 -1 -1 -1 -1 -1 -1 -1 -1 -1 -1 -1 -1 -1 -1 -1 -1 -1 -1 -1 -1 -1 -1 -1 -1
0 0 0 0 0 0 0 0 0 9 13 10 10 20 29 29 20 0 0 0 0 0 0 8 20 20 21 27 21 21 19 9 9 7 4 4 9 27 43 43 44 33 33 29 32 37 37 54 70 70 66 45 45 21 0 0 0 0 18 18 38 37 26 26 15 8 8 2 0 14 14 49 61 61 41 36 36 29 27 27 27 14 0 0 0 0 12 12 37 36 36 33 32 32 27 18 10 10 10 19 19 22 25 26 26 29 32 32 33 32 32 16 22 30 30 33 41 41 47 48 47 47 33 27 27 22 24 33 33 41 48 48 56 62 62 56 39 27 27 9 12 12 13 18 15 15 12 10 10 9 8 8 3 0 0 0 0 0 0 0 0 0 0 0 0 0 0 0 0 0 16 18 18 9 0 0 0 0 0 0 15 42 42 70 87 93 93 91 91 91 108 123 123 118 122 125 125 120 124 124 122 37 12 12 0 0 0 19 73 73 104 114 110 110 -6 -54 -54 42 81 74 74 59 62 62 66 62 62 26 26 88 88 114 101 101 105 107 112 112 101 97 97 99 -1 -1 -1 -1 -1 -1 -1 -1 -1 91 100 107 107 113 107 107 99 0 9 9 55 54 54 72 79 79 73 65 45 45 36 36 36 48 59 55 55 54 47 47 41 43 43 45 58 10 10 0 65 65 111 112 112 112 99 91 91 -1 -1 -1 -1 -1 -1 -1 -1 -1 -1 -1 -1 94 94 95 -1 -1 -1 -1 96 96 105 100 100 68 36 36 31 62 33 33 13 0 0 0 0 2 2 12 0 0 0 0 0 0 0 0 0 0 0 0 0 8 13 13 16 25 25 0 -114 79 79 108 106 106 102 95 95 -1 -1 -1 -1 -1 -1 -1 -1 -1 -1 -1 -1 -1 -1 -1 -1 -1 -1 -1 -1 -1 -1 -1 -1 -1 -1 -1 -1 -1 -1 -1 -1 -1 -1 -1 -1 -1 -1 -1 -1 -1 -1 -1 -1 -1 -1 -1 -1 -1 -1 -1 -1 -1 -1 -1 -1 -1 -1 -1 -1 -1 -1 -1 -1 -1 99 100 102 102 116 100 100 -59 0 0 37 44 43 43 38 27 27 24 7 4 4 0 0 0 0 0 0 2 66 111 111 107 107 107 105 88 -1 -1 -1 -1 -1 -1 -1 -1 -1 -1 -1 -1 -1 -1 -1 -1 -1 -1 -1 -1 -1 -1 -1 -1 -1 -1 -1 -1 -1 -1 -1 -1 -1 -1 -1 -1 -1 -1 -1 -1 -1 -1 -1 -1
0 0 0 0 0 0 0 4 3 3 2 3 19 19 19 0 0 0 0 0 0 4 15 15 12 13 13 16 14 10 10 13 18 18 26 37 52 52 60 55 55 44 44 44 61 78 93 93 93 78 78 62 42 21 21 25 36 36 47 48 30 30 7 0 0 0 10 10 27 49 60 60 43 25 25 27 27 26 26 25 10 10 0 6 6 20 36 48 48 39 27 27 21 15 2 2 0 0 0 6 12 12 14 14 15 15 19 21 21 20 15 18 18 22 26 26 31 33 35 35 33 30 30 25 20 20 18 22 22 22 31 43 43 45 45 38 38 31 18 18 26 27 27 27 15 4 4 0 0 0 0 0 0 0 0 0 0 0 0 0 0 0 1 1 1 0 0 2 19 39 39 43 36 36 20 6 8 8 27 38 38 55 76 76 88 87 83 83 81 107 107 111 114 124 124 116 127 127 110 0 0 8 61 107 107 117 114 114 117 120 117 117 107 45 45 22 59 59 66 62 53 53 45 24 24 0 12 68 68 107 110 110 105 105 102 102 97 93 93 -1 -1 -1 -1 -1 -1 -1 -1 -1 -1 -1 -1 90 90 91 101 101 112 110 110 8 21 59 59 94 104 104 97 62 67 67 53 48 48 53 62 62 65 52 44 44 43 58 58 67 71 58 58 9 1 1 91 113 108 108 104 95 95 -1 -1 -1 -1 -1 -1 -1 -1 -1 -1 -1 -1 -1 -1 -1 -1 -1 -1 -1 -1 -1 91 101 101 107 99 99 85 0 0 0 0 18 18 -28 -4 -4 -36 15 0 0 7 0 0 0 0 0 0 0 1 1 0 0 0 0 68 62 62 54 12 12 -114 111 107 107 105 99 99 94 -1 -1 -1 -1 -1 -1 -1 -1 -1 -1 -1 -1 -1 -1 -1 -1 -1 -1 -1 -1 -1 -1 -1 -1 -1 -1 -1 -1 -1 -1 -1 -1 -1 -1 -1 -1 -1 -1 -1 -1 -1 -1 -1 -1 -1 -1 -1 -1 -1 -1 -1 -1 -1 -1 -1 -1 -1 -1 -1 -1 -1 -1 -1 -1 94 107 107 104 107 101 101 45 6 6 36 49 45 45 41 36 36 19 6 6 4 0 3 3 14 19 19 0 38 95 95 110 104 104 102 99 99 -1 -1 -1 -1 -1 -1 -1 -1 -1 -1 -1 -1 -1 -1 -1 -1 -1 -1 -1 -1 -1 -1 -1 -1 -1 -1 -1 -1 -1 -1 -1 -1 -1 -1 -1 -1 -1 -1 -1 -1 -1 -1 -1 -1 -1
0 0 0 0 0 0 0 4 4 3 2 3 3 19 19 19 0 0 0 0 0 4 4 15 12 12 13 16 14 14 10 13 13 18 26 26 37 52 60 60 55 44 44 44 61 78 78 93 93 93 78 62 62 42 21 25 25 36 47 47 48 30 7 7 0 0 0 10 27 49 49 60 43 43 25 27 27 27 26 25 25 10 0 0 6 20 36 36 48 39 39 27 21 21 15 2 0 0 0 6 6 12 14 14 14 15 19 19 21 20 20 15 18 22 22 26 31 31 33 35 33 33 30 25 25 20 18 22 22 22 31 31 43 45 45 45 38 31 31 18 26 26 27 27 15 15 4 0 0 0 0 0 0 0 0 0 0 0 0 0 0 0 0 1 1 1 0 2 2 19 39 43 43 36 20 20 6 8 27 27 38 55 55 76 88 87 87 83 81 81 107 111 111 114 124 116 116 127 110 110 0 8 61 61 107 117 117 114 117 117 120 117 107 107 45 22 22 59 66 62 62 53 45 45 24 0 0 12 68 107 107 110 105 105 105 102 97 97 93 -1 -1 -1 -1 -1 -1 -1 -1 -1 -1 -1 -1 -1 90 91 91 101 112 112 110 8 21 21 59 94 94 104 97 97 62 67 53 53 48 53 53 62 65 52 52 44 43 43 58 67 67 71 58 9 9 1 91 91 113 108 104 104 95 -1 -1 -1 -1 -1 -1 -1 -1 -1 -1 -1 -1 -1 -1 -1 -1 -1 -1 -1 -1 -1 91 91 101 107 107 99 85 85 0 0 0 0 18 -28 -28 -4 -36 15 15 0 7 7 0 0 0 0 0 0 0 1 0 0 0 0 68 68 62 54 54 12 -114 111 111 107 105 105 99 94 94 -1 -1 -1 -1 -1 -1 -1 -1 -1 -1 -1 -1 -1 -1 -1 -1 -1 -1 -1 -1 -1 -1 -1 -1 -1 -1 -1 -1 -1 -1 -1 -1 -1 -1 -1 -1 -1 -1 -1 -1 -1 -1 -1 -1 -1 -1 -1 -1 -1 -1 -1 -1 -1 -1 -1 -1 -1 -1 -1 -1 -1 -1 -1 94 94 107 104 107 107 101 45 45 6 36 36 49 45 41 41 36 19 19 6 4 0 0 3 14 14 19 0 0 38 95 110 110 104 102 102 99 -1 -1 -1 -1 -1 -1 -1 -1 -1 -1 -1 -1 -1 -1 -1 -1 -1 -1 -1 -1 -1 -1 -1 -1 -1 -1 -1 -1 -1 -1 -1 -1 -1 -1 -1 -1 -1 -1 -1 -1 -1 -1 -1 -1 -1
0 0 6 6 3 2 2 3 0 0 0 0 10 10 1 0 0 0 0 13 13 24 12 12 0 6 6 18 21 19 19 27 37 37 48 59 67 67 71 68 68 61 72 72 90 102 112 112 105 87 87 70 53 43 43 52 59 59 65 59 30 30 4 0 0 2 31 31 55 81 71 71 35 26 26 29 24 19 19 15 0 0 0 18 18 31 37 43 43 35 24 24 21 18 7 7 0 2 2 7 13 13 18 15 15 15 19 21 21 20 25 25 25 30 35 35 31 26 24 24 25 27 27 24 16 16 14 15 12 12 14 25 25 27 35 35 35 32 25 25 36 31 31 22 14 1 1 0 0 0 0 0 0 0 0 0 0 7 12 12 13 14 16 16 15 9 9 20 38 64 64 71 66 66 49 27 26 26 39 42 42 49 60 60 66 64 65 65 68 95 95 93 112 113 113 114 112 112 60 4 4 113 107 113 113 122 117 117 117 118 114 114 35 22 22 33 53 53 54 47 0 0 0 36 36 60 97 112 112 104 102 102 106 99 87 87 90 -1 -1 -1 -1 -1 -1 -1 -1 -1 -1 -1 -1 -1 -1 -1 -1 91 100 100 112 114 114 71 31 41 41 96 78 78 44 0 0 0 -112 -117 -117 -117 0 0 0 -96 -86 -86 21 54 54 73 72 25 25 18 62 62 111 110 104 104 94 91 91 -1 -1 -1 -1 -1 -1 -1 -1 -1 -1 -1 -1 -1 -1 -1 -1 -1 -1 -1 -1 -1 91 97 97 106 110 110 110 110 106 106 120 112 112 106 113 113 113 104 -41 -41 0 14 14 1 0 0 0 0 0 0 55 48 48 0 84 82 82 42 14 14 -81 113 108 108 104 96 96 -1 -1 -1 -1 -1 -1 -1 -1 -1 -1 -1 -1 -1 -1 -1 -1 -1 -1 -1 -1 -1 -1 -1 -1 -1 -1 -1 -1 -1 -1 -1 -1 -1 -1 -1 -1 -1 -1 -1 -1 -1 -1 -1 -1 -1 -1 -1 -1 -1 -1 -1 -1 -1 -1 -1 -1 -1 -1 -1 -1 -1 -1 -1 -1 -1 101 107 107 110 104 58 58 2 19 19 42 31 56 56 41 36 36 15 9 9 18 30 39 39 47 0 0 54 77 106 106 110 105 105 94 -1 -1 -1 -1 -1 -1 -1 -1 -1 -1 -1 -1 -1 -1 -1 -1 -1 -1 -1 -1 -1 -1 -1 -1 -1 -1 -1 -1 -1 -1 -1 -1 -1 -1 -1 -1 -1 -1 -1 -1 -1 -1 -1 -1 -1 -1 -1
0 0 0 9 9 9 7 4 4 0 0 0 0 1 0 0 0 0 0 0 15 29 29 4 0 0 8 27 39 39 35 37 37 47 56 56 64 67 70 70 71 73 73 85 94 96 96 99 94 94 77 61 61 43 49 54 54 59 64 64 60 35 15 15 12 19 19 49 65 85 85 70 31 31 31 35 35 26 21 13 13 0 0 0 26 36 35 35 32 30 30 27 33 33 33 22 15 15 19 13 13 19 22 20 20 18 24 24 27 27 27 31 32 36 36 41 37 37 24 18 19 19 20 20 20 12 10 10 10 6 3 3 10 12 12 25 27 27 27 21 33 33 29 15 9 9 0 0 0 0 0 0 0 0 0 0 3 12 12 18 19 20 20 21 20 20 15 26 26 44 72 82 82 78 61 61 36 31 41 41 41 49 49 59 61 56 56 56 58 58 79 79 79 102 110 114 114 112 59 59 9 116 112 112 117 118 118 114 119 119 114 93 -75 -75 22 59 59 54 14 10 10 9 42 42 62 87 87 102 107 108 108 106 99 99 99 -1 -1 -1 -1 -1 -1 -1 -1 -1 -1 -1 -1 -1 -1 -1 -1 -1 -1 -1 -1 99 101 101 108 95 29 29 29 102 102 84 64 64 -115 -41 -46 -46 -42 -42 -42 36 35 24 24 24 9 9 19 21 21 27 7 35 35 88 111 111 107 105 100 100 -1 -1 -1 -1 -1 -1 -1 -1 -1 -1 -1 -1 -1 -1 -1 -1 -1 -1 -1 -1 -1 -1 91 91 95 102 102 110 113 113 117 118 112 112 110 117 117 104 117 113 113 -4 0 0 14 10 10 13 2 -81 -81 -65 -23 -23 -72 -72 83 83 73 37 37 18 -58 107 107 112 104 104 96 -1 -1 -1 -1 -1 -1 -1 -1 -1 -1 -1 -1 -1 -1 -1 -1 -1 -1 -1 -1 -1 -1 -1 -1 -1 -1 -1 -1 -1 -1 -1 -1 -1 -1 -1 -1 -1 -1 -1 -1 -1 -1 -1 -1 -1 -1 -1 -1 -1 -1 -1 -1 -1 -1 -1 -1 -1 -1 -1 -1 -1 -1 -1 -1 99 108 108 106 110 88 88 25 10 10 27 30 30 41 50 37 37 29 20 20 12 25 32 32 42 48 48 0 84 84 91 104 105 105 101 93 93 -1 -1 -1 -1 -1 -1 -1 -1 -1 -1 -1 -1 -1 -1 -1 -1 -1 -1 -1 -1 -1 -1 -1 -1 -1 -1 -1 -1 -1 -1 -1 -1 -1 -1 -1 -1 -1 -1 -1 -1 -1 -1 -1 -1 -1 -1
0 0 9 9 9 7 7 4 0 0 0 0 1 1 0 0 0 0 0 15 15 29 4 4 0 8 8 27 39 35 35 37 47 47 56 64 67 67 70 71 71 73 85 85 94 96 99 99 94 77 77 61 43 49 49 54 59 59 64 60 35 35 15 12 12 19 49 49 65 85 70 70 31 31 31 35 26 21 21 13 0 0 0 26 26 36 35 32 32 30 27 27 33 33 22 22 15 19 19 13 19 19 22 20 18 18 24 27 27 27 31 32 32 36 41 41 37 24 18 18 19 20 20 20 12 12 10 10 6 6 3 10 10 12 25 27 27 27 21 21 33 29 29 15 9 0 0 0 0 0 0 0 0 0 0 3 3 12 18 18 19 20 21 21 20 15 15 26 44 72 72 82 78 78 61 36 31 31 41 41 41 49 59 59 61 56 56 56 58 79 79 79 102 110 110 114 112 112 59 9 9 116 112 117 117 118 114 114 119 114 93 93 -75 22 22 59 54 54 14 10 9 9 42 62 62 87 102 107 107 108 106 106 99 99 -1 -1 -1 -1 -1 -1 -1 -1 -1 -1 -1 -1 -1 -1 -1 -1 -1 -1 -1 -1 99 99 101 108 108 95 29 29 29 102 84 84 64 -115 -41 -41 -46 -42 -42 -42 36 36 35 24 24 24 9 19 19 21 27 7 7 35 88 88 111 107 105 105 100 -1 -1 -1 -1 -1 -1 -1 -1 -1 -1 -1 -1 -1 -1 -1 -1 -1 -1 -1 -1 -1 -1 -1 91 95 95 102 110 110 113 117 118 118 112 110 110 117 104 104 117 113 -4 -4 0 14 14 10 13 2 2 -81 -65 -65 -23 -72 -72 -72 83 73 73 37 18 18 -58 107 112 112 104 96 96 -1 -1 -1 -1 -1 -1 -1 -1 -1 -1 -1 -1 -1 -1 -1 -1 -1 -1 -1 -1 -1 -1 -1 -1 -1 -1 -1 -1 -1 -1 -1 -1 -1 -1 -1 -1 -1 -1 -1 -1 -1 -1 -1 -1 -1 -1 -1 -1 -1 -1 -1 -1 -1 -1 -1 -1 -1 -1 -1 -1 -1 -1 -1 99 99 108 106 106 110 88 25 25 10 27 27 30 41 50 50 37 29 29 20 12 12 25 32 42 42 48 0 0 84 91 104 104 105 101 101 93 -1 -1 -1 -1 -1 -1 -1 -1 -1 -1 -1 -1 -1 -1 -1 -1 -1 -1 -1 -1 -1 -1 -1 -1 -1 -1 -1 -1 -1 -1 -1 -1 -1 -1 -1 -1 -1 -1 -1 -1 -1 -1 -1 -1 -1 -1 -1
0 0 14 25 22 22 9 0 0 0 0 0 0 0 0 0 0 0 0 0 12 13 13 0 0 0 13 52 60 60 74 72 72 62 60 60 54 50 54 54 67 90 90 101 99 96 96 89 78 78 64 52 52 44 43 54 54 64 71 71 67 53 39 39 37 44 44 55 66 76 76 65 50 50 50 54 54 50 37 29 29 7 10 10 31 21 19 19 16 24 24 43 56 56 65 60 39 39 32 29 29 22 18 14 14 22 36 36 36 42 42 44 43 44 44 42 27 27 18 15 10 10 14 15 15 14 16 18 18 6 0 0 0 0 0 0 7 4 4 3 16 16 21 3 0 0 0 0 0 0 0 0 0 0 2 2 2 20 20 39 45 41 41 29 22 22 22 31 31 62 88 95 95 88 71 71 49 30 39 39 42 44 44 42 41 39 39 38 37 37 52 53 53 83 104 110 110 112 64 64 -79 111 117 117 122 119 119 118 113 113 95 -67 32 32 44 36 36 19 16 31 31 66 108 108 113 112 112 108 105 102 102 97 -1 -1 -1 -1 -1 -1 -1 -1 -1 -1 -1 -1 -1 -1 -1 -1 -1 -1 -1 -1 -1 -1 -1 -1 -1 -1 110 116 68 68 33 39 39 71 66 66 0 113 114 114 114 114 114 111 104 94 94 88 56 56 47 36 36 35 49 83 83 107 110 110 104 100 95 95 90 -1 -1 -1 -1 -1 -1 -1 -1 -1 -1 -1 -1 -1 -1 -1 -1 -1 -1 -1 -1 -1 -1 -1 -1 97 97 101 102 102 110 110 107 107 106 106 106 108 112 112 112 105 0 0 16 35 35 38 13 36 36 90 64 64 0 24 42 42 38 12 12 29 73 114 114 110 101 101 -1 -1 -1 -1 -1 -1 -1 -1 -1 -1 -1 -1 -1 -1 -1 -1 -1 -1 -1 -1 -1 -1 -1 -1 -1 -1 -1 -1 -1 -1 -1 -1 -1 -1 -1 -1 -1 -1 -1 -1 -1 -1 -1 -1 -1 -1 -1 -1 -1 -1 -1 -1 -1 -1 -1 -1 -1 -1 -1 -1 -1 -1 -1 -1 -1 107 100 100 116 95 49 49 6 31 31 30 22 22 32 31 36 36 41 41 41 33 38 44 44 59 12 12 -53 -1 -1 110 114 100 100 -1 -1 -1 -1 -1 -1 -1 -1 -1 -1 -1 -1 -1 -1 -1 -1 -1 -1 -1 -1 -1 -1 -1 -1 -1 -1 -1 -1 -1 -1 -1 -1 -1 -1 -1 -1 -1 -1 -1 -1 -1 -1 -1 -1 87 -1 -1 -1 -1
0 14 25 25 22 9 9 0 0 0 0 0 0 0 0 0 0 0 0 12 12 13 0 0 0 13 13 52 60 74 74 72 62 62 60 54 50 50 54 67 67 90 101 101 99 96 89 89 78 64 64 52 44 43 43 54 64 64 71 67 53 53 39 37 37 44 55 55 66 76 65 65 50 50 50 54 50 37 37 29 7 7 10 31 31 21 19 16 16 24 43 43 56 65 60 60 39 32 32 29 22 22 18 14 22 22 36 36 36 42 44 43 43 44 42 42 27 18 15 15 10 14 14 15 14 14 16 18 6 6 0 0 0 0 0 7 7 4 3 3 16 21 21 3 0 0 0 0 0 0 0 0 0 0 2 2 2 20 39 39 45 41 29 29 22 22 22 31 62 88 88 95 88 88 71 49 30 30 39 42 42 44 42 42 41 39 38 38 37 52 52 53 83 104 104 110 112 112 64 -79 -79 111 117 122 122 119 118 118 113 95 -67 -67 32 44 44 36 19 19 16 31 66 66 108 113 113 112 108 105 105 102 97 97 -1 -1 -1 -1 -1 -1 -1 -1 -1 -1 -1 -1 -1 -1 -1 -1 -1 -1 -1 -1 -1 -1 -1 -1 -1 110 110 116 68 33 33 39 71 71 66 0 113 113 114 114 114 114 111 111 104 94 88 88 56 47 47 36 35 49 49 83 107 107 110 104 100 100 95 90 90 -1 -1 -1 -1 -1 -1 -1 -1 -1 -1 -1 -1 -1 -1 -1 -1 -1 -1 -1 -1 -1 -1 -1 -1 97 101 101 102 110 110 110 107 106 106 106 108 108 112 112 105 105 0 16 16 35 38 13 13 36 90 90 64 0 0 24 42 38 38 12 29 29 73 114 110 110 101 -1 -1 -1 -1 -1 -1 -1 -1 -1 -1 -1 -1 -1 -1 -1 -1 -1 -1 -1 -1 -1 -1 -1 -1 -1 -1 -1 -1 -1 -1 -1 -1 -1 -1 -1 -1 -1 -1 -1 -1 -1 -1 -1 -1 -1 -1 -1 -1 -1 -1 -1 -1 -1 -1 -1 -1 -1 -1 -1 -1 -1 -1 -1 -1 -1 107 107 100 116 116 95 49 6 6 31 30 30 22 32 31 31 36 41 41 41 33 33 38 44 59 59 12 -53 -53 -1 110 114 114 100 -1 -1 -1 -1 -1 -1 -1 -1 -1 -1 -1 -1 -1 -1 -1 -1 -1 -1 -1 -1 -1 -1 -1 -1 -1 -1 -1 -1 -1 -1 -1 -1 -1 -1 -1 -1 -1 -1 -1 -1 -1 -1 -1 -1 87 87 -1 -1 -1 -1
1 1 24 27 18 18 4 0 0 0 0 0 0 0 0 0 0 0 0 0 0 3 3 0 0 0 18 58 72 72 88 74 74 59 49 49 41 39 48 48 67 91 91 95 95 88 88 76 62 62 50 43 43 41 50 53 53 56 58 58 54 47 41 41 37 41 41 49 50 56 56 58 59 59 68 74 74 77 66 59 59 45 38 38 33 19 12 12 12 27 27 54 70 70 74 67 47 47 38 27 27 24 20 16 16 27 42 42 47 52 52 53 47 43 43 39 27 27 19 16 13 13 13 15 15 15 16 15 15 3 0 0 0 0 0 0 0 0 0 0 13 13 15 0 0 0 0 0 0 0 0 0 0 0 3 3 18 41 41 62 70 65 65 52 39 39 31 47 47 71 90 97 97 91 84 84 53 32 33 33 37 38 38 39 38 39 39 36 33 33 30 48 48 58 82 99 99 102 27 27 -46 117 119 119 122 125 125 119 111 111 25 -75 36 36 27 20 20 37 77 104 104 110 111 111 108 107 107 104 99 96 96 -1 -1 -1 -1 -1 -1 -1 -1 -1 -1 -1 -1 -1 -1 -1 -1 -1 -1 -1 -1 -1 -1 -1 -1 -1 -1 -1 107 114 96 96 67 41 41 29 27 27 15 116 114 114 113 113 113 113 108 107 107 105 106 106 106 107 107 106 106 113 113 117 108 108 101 99 93 93 -1 -1 -1 -1 -1 -1 -1 -1 -1 -1 -1 -1 -1 -1 -1 -1 -1 -1 -1 -1 -1 -1 -1 -1 -1 93 93 94 95 95 104 101 99 99 100 100 100 105 107 111 111 111 4 4 13 54 54 27 21 74 74 110 79 79 37 41 32 32 18 0 0 43 111 114 114 110 101 101 -1 -1 -1 -1 -1 -1 -1 -1 -1 -1 -1 -1 -1 -1 -1 -1 -1 -1 -1 -1 -1 -1 -1 -1 -1 -1 -1 -1 -1 -1 -1 -1 -1 -1 -1 -1 -1 -1 -1 -1 -1 -1 -1 -1 -1 -1 -1 -1 -1 -1 -1 -1 -1 -1 -1 -1 -1 -1 -1 -1 -1 -1 -1 100 100 102 106 106 105 55 27 27 21 45 45 30 26 26 33 29 33 33 43 52 52 54 56 56 56 48 0 0 -1 112 112 104 112 -1 -1 -1 -1 -1 -1 -1 -1 -1 -1 -1 -1 -1 -1 -1 -1 -1 -1 -1 -1 -1 -1 -1 -1 -1 -1 -1 -1 -1 -1 -1 -1 -1 -1 -1 -1 -1 -1 -1 -1 -1 -1 -1 -1 -1 -1 -1 -1 -1 -1 -1
8 24 21 21 6 0 0 0 0 0 0 0 0 0 0 0 0 0 0 0 0 0 0 0 0 22 22 62 77 91 91 68 47 47 30 18 21 21 39 61 61 84 85 85 82 73 61 61 50 43 43 43 43 53 53 49 49 49 41 30 29 29 32 31 31 29 33 33 32 38 48 48 61 77 77 82 94 90 90 89 81 81 62 39 39 20 13 9 9 29 58 58 71 72 60 60 43 36 36 26 22 22 21 21 38 38 58 65 65 73 68 56 56 47 37 37 27 21 19 19 16 14 14 18 18 18 18 13 2 2 0 0 0 0 0 0 0 0 0 0 1 1 1 0 0 0 0 0 0 0 0 0 0 0 15 30 30 50 77 77 91 90 81 81 64 53 53 61 78 81 81 74 74 74 88 65 36 36 32 35 35 37 37 37 37 37 32 32 27 13 13 16 47 62 62 85 74 74 0 87 87 117 122 123 123 123 102 102 83 0 6 6 27 45 45 71 95 95 108 111 107 107 102 100 100 99 96 94 94 -1 -1 -1 -1 -1 -1 -1 -1 -1 -1 -1 -1 -1 -1 -1 -1 -1 -1 -1 -1 -1 -1 -1 -1 90 91 91 96 102 102 105 111 102 102 83 60 60 56 94 114 114 112 108 108 107 107 107 106 106 107 107 107 108 108 111 111 107 107 108 111 111 108 -1 -1 -1 -1 -1 -1 -1 -1 -1 -1 -1 -1 -1 -1 -1 -1 -1 -1 -1 -1 -1 -1 -1 -1 -1 -1 -1 -1 -1 -1 -1 -1 -1 93 95 -1 -1 -1 -1 -1 -1 101 101 105 110 106 106 7 36 36 47 24 48 48 104 116 116 112 111 111 96 82 65 65 35 71 71 112 112 106 106 97 -1 -1 -1 -1 -1 -1 -1 -1 -1 -1 -1 -1 -1 -1 -1 -1 -1 -1 -1 -1 -1 -1 -1 -1 -1 -1 -1 -1 -1 -1 -1 -1 -1 -1 -1 -1 -1 -1 -1 -1 -1 -1 -1 -1 -1 -1 -1 -1 -1 -1 -1 -1 -1 -1 -1 -1 -1 -1 -1 -1 -1 -1 -1 -1 108 104 104 106 89 89 0 16 45 45 44 29 29 27 36 33 33 43 53 53 66 71 71 71 66 25 25 12 110 110 112 105 102 102 -1 -1 -1 -1 -1 -1 -1 -1 -1 -1 -1 -1 -1 -1 -1 -1 -1 -1 -1 -1 -1 -1 -1 -1 -1 -1 -1 -1 -1 -1 -1 -1 -1 -1 -1 -1 -1 -1 -1 -1 -1 -1 -1 -1 -1 -1 -1 -1 -1 -1 -1
8 8 24 21 6 6 0 0 0 0 0 0 0 0 0 0 0 0 0 0 0 0 0 0 0 0 22 62 77 77 91 68 68 47 30 30 18 21 39 39 61 84 84 85 82 73 73 61 50 50 43 43 43 43 53 49 49 49 41 41 30 29 32 32 31 29 29 33 32 38 38 48 61 61 77 82 82 94 90 89 89 81 62 62 39 20 13 13 9 29 29 58 71 71 72 60 43 43 36 26 26 22 21 21 21 38 58 58 65 73 73 68 56 47 47 37 27 27 21 19 16 16 14 18 18 18 18 13 13 2 0 0 0 0 0 0 0 0 0 0 1 1 1 0 0 0 0 0 0 0 0 0 0 0 15 15 30 50 50 77 91 90 90 81 64 64 53 61 61 78 81 74 74 74 88 88 65 36 32 32 35 37 37 37 37 37 37 32 27 27 13 16 16 47 62 85 85 74 0 0 87 117 122 122 123 123 123 102 83 83 0 6 27 27 45 71 71 95 108 111 111 107 102 102 100 99 99 96 94 -1 -1 -1 -1 -1 -1 -1 -1 -1 -1 -1 -1 -1 -1 -1 -1 -1 -1 -1 -1 -1 -1 -1 -1 90 90 91 96 96 102 105 111 111 102 83 83 60 56 56 94 114 112 112 108 107 107 107 106 106 106 107 107 107 108 111 111 111 107 108 108 111 108 108 -1 -1 -1 -1 -1 -1 -1 -1 -1 -1 -1 -1 -1 -1 -1 -1 -1 -1 -1 -1 -1 -1 -1 -1 -1 -1 -1 -1 -1 -1 -1 -1 93 93 95 -1 -1 -1 -1 -1 -1 101 105 110 110 106 7 7 36 47 47 24 48 104 104 116 112 112 111 96 82 82 65 35 35 71 112 112 112 106 97 97 -1 -1 -1 -1 -1 -1 -1 -1 -1 -1 -1 -1 -1 -1 -1 -1 -1 -1 -1 -1 -1 -1 -1 -1 -1 -1 -1 -1 -1 -1 -1 -1 -1 -1 -1 -1 -1 -1 -1 -1 -1 -1 -1 -1 -1 -1 -1 -1 -1 -1 -1 -1 -1 -1 -1 -1 -1 -1 -1 -1 -1 -1 -1 108 108 104 106 106 89 0 16 16 45 44 44 29 27 27 36 33 43 43 53 66 66 71 71 66 66 25 12 12 110 112 112 105 102 -1 -1 -1 -1 -1 -1 -1 -1 -1 -1 -1 -1 -1 -1 -1 -1 -1 -1 -1 -1 -1 -1 -1 -1 -1 -1 -1 -1 -1 -1 -1 -1 -1 -1 -1 -1 -1 -1 -1 -1 -1 -1 -1 -1 -1 -1 -1 -1 -1 -1 -1
4 12 4 4 0 0 0 0 8 8 13 6 0 0 0 0 0 0 0 0 0 0 0 0 3 31 31 65 74 78 78 54 31 31 10 1 13 13 36 59 59 78 77 77 71 62 54 54 45 45 45 47 48 52 52 44 41 41 25 7 9 9 22 21 21 21 26 26 27 38 48 48 56 68 68 73 94 100 100 100 93 93 68 41 41 27 21 18 18 32 48 48 53 53 42 42 30 26 26 22 20 20 20 27 52 52 74 85 85 94 79 64 64 48 35 35 24 19 16 16 15 18 18 22 24 24 21 16 4 4 0 0 0 0 0 0 0 0 0 0 0 0 0 0 0 0 0 0 0 0 0 0 10 10 26 33 33 52 79 79 96 100 99 99 87 76 76 76 70 43 43 19 29 29 44 68 52 52 39 39 39 39 38 38 37 36 27 27 20 0 0 3 26 59 59 68 9 9 43 108 108 111 117 120 120 116 101 101 87 31 58 58 102 104 104 110 112 112 107 107 108 108 106 94 94 93 91 -1 -1 -1 -1 -1 -1 -1 -1 -1 -1 -1 -1 -1 -1 -1 -1 -1 -1 -1 96 100 100 101 99 97 97 96 94 94 93 99 99 99 108 104 104 111 110 110 102 123 108 108 107 105 105 102 101 101 96 95 95 95 99 99 99 101 104 101 101 101 102 102 105 -1 -1 -1 -1 -1 -1 -1 -1 -1 -1 -1 -1 -1 -1 -1 -1 -1 -1 -1 -1 -1 -1 -1 -1 -1 -1 -1 -1 -1 -1 -1 -1 -1 -1 -1 -1 -1 -1 -1 -1 -1 96 96 102 108 108 108 12 15 15 7 37 91 91 118 117 117 113 113 113 113 114 108 108 105 110 110 117 108 104 104 95 -1 -1 -1 -1 -1 -1 -1 -1 -1 -1 -1 -1 -1 -1 -1 -1 -1 -1 -1 -1 -1 -1 -1 -1 -1 -1 -1 -1 -1 -1 -1 -1 -1 -1 -1 -1 -1 -1 -1 -1 -1 -1 -1 -1 -1 -1 -1 -1 -1 -1 -1 -1 -1 -1 -1 -1 -1 -1 -1 -1 -1 95 99 99 105 110 110 106 37 37 4 35 45 45 36 27 27 29 44 44 44 56 61 61 68 70 70 71 73 0 0 68 107 107 106 108 -1 -1 -1 -1 -1 -1 -1 -1 -1 -1 -1 -1 -1 -1 -1 -1 -1 -1 -1 -1 -1 -1 -1 -1 -1 -1 -1 -1 -1 -1 -1 -1 -1 -1 -1 -1 -1 -1 -1 -1 -1 -1 -1 -1 -1 -1 -1 -1 -1 -1 -1 -1 -1
4 4 12 4 0 0 0 0 0 8 13 6 6 0 0 0 0 0 0 0 0 0 0 0 3 3 31 65 74 74 78 54 54 31 10 10 1 13 36 36 59 78 78 77 71 62 62 54 45 45 45 47 47 48 52 44 44 41 25 25 7 9 22 22 21 21 21 26 27 38 38 48 56 56 68 73 73 94 100 100 100 93 68 68 41 27 21 21 18 32 32 48 53 53 53 42 30 30 26 22 22 20 20 27 27 52 74 74 85 94 94 79 64 48 48 35 24 24 19 16 15 15 18 22 22 24 21 16 16 4 0 0 0 0 0 0 0 0 0 0 0 0 0 0 0 0 0 0 0 0 0 0 0 10 26 26 33 52 52 79 96 100 100 99 87 87 76 76 76 70 43 19 19 29 44 44 68 52 39 39 39 39 39 38 37 36 36 27 20 20 0 3 3 26 59 68 68 9 43 43 108 111 117 117 120 116 116 101 87 87 31 58 102 102 104 110 110 112 107 107 107 108 106 106 94 93 93 91 -1 -1 -1 -1 -1 -1 -1 -1 -1 -1 -1 -1 -1 -1 -1 -1 -1 -1 96 96 100 101 101 99 97 96 96 94 93 93 99 99 108 108 104 111 111 110 102 102 123 108 107 107 105 102 102 101 96 95 95 95 99 99 99 101 101 104 101 101 101 102 105 105 -1 -1 -1 -1 -1 -1 -1 -1 -1 -1 -1 -1 -1 -1 -1 -1 -1 -1 -1 -1 -1 -1 -1 -1 -1 -1 -1 -1 -1 -1 -1 -1 -1 -1 -1 -1 -1 -1 -1 -1 -1 96 102 108 108 108 12 12 15 7 7 37 91 118 118 117 113 113 113 113 114 114 108 105 105 110 117 108 108 104 95 95 -1 -1 -1 -1 -1 -1 -1 -1 -1 -1 -1 -1 -1 -1 -1 -1 -1 -1 -1 -1 -1 -1 -1 -1 -1 -1 -1 -1 -1 -1 -1 -1 -1 -1 -1 -1 -1 -1 -1 -1 -1 -1 -1 -1 -1 -1 -1 -1 -1 -1 -1 -1 -1 -1 -1 -1 -1 -1 -1 -1 -1 95 99 105 105 110 106 106 37 4 35 35 45 36 36 27 29 29 44 44 56 56 61 68 68 70 71 73 73 0 68 68 107 106 106 108 -1 -1 -1 -1 -1 -1 -1 -1 -1 -1 -1 -1 -1 -1 -1 -1 -1 -1 -1 -1 -1 -1 -1 -1 -1 -1 -1 -1 -1 -1 -1 -1 -1 -1 -1 -1 -1 -1 -1 -1 -1 -1 -1 -1 -1 -1 -1 -1 -1 -1 -1 -1
0 0 0 0 0 0 0 13 24 24 27 22 14 14 0 0 0 0 0 0 0 0 0 0 19 52 52 74 74 68 68 45 26 26 12 9 26 26 54 70 70 83 82 82 70 55 48 48 43 45 45 49 47 48 48 35 24 24 10 0 9 9 22 22 22 26 30 30 36 48 52 52 45 52 52 59 85 99 99 99 85 85 61 41 41 33 27 26 26 32 32 32 33 32 27 27 21 20 20 14 13 13 18 32 62 62 85 90 90 94 77 61 61 44 30 30 20 15 13 13 13 20 20 29 32 32 30 24 14 14 3 1 1 1 0 0 0 0 0 0 0 0 0 0 0 0 0 0 3 3 0 3 18 18 29 36 36 53 77 77 95 102 104 104 99 85 85 81 45 21 21 25 39 39 0 58 58 58 43 42 42 41 37 37 37 33 24 24 13 0 0 1 8 33 33 19 0 0 99 112 112 114 114 112 112 114 114 114 110 106 107 107 111 106 106 110 108 108 99 94 97 97 94 -1 -1 -1 -1 -1 -1 -1 -1 -1 -1 -1 -1 -1 -1 -1 -1 -1 -1 -1 -1 -1 95 95 99 105 105 108 105 102 102 104 101 101 96 -1 -1 -1 100 96 96 102 112 112 106 102 99 99 99 99 99 96 95 95 94 93 91 91 -1 -1 -1 -1 -1 94 94 91 89 89 90 -1 -1 -1 -1 -1 -1 -1 -1 -1 -1 -1 -1 -1 -1 -1 -1 -1 -1 -1 -1 -1 -1 -1 -1 -1 -1 -1 -1 -1 -1 96 97 97 95 -1 -1 -1 -1 -1 -1 -1 -1 -1 101 105 112 112 58 22 22 43 78 108 108 117 116 116 113 107 107 112 113 107 107 116 110 110 110 104 99 99 -1 -1 -1 -1 -1 -1 -1 -1 -1 -1 -1 -1 -1 -1 -1 -1 -1 -1 -1 -1 -1 -1 -1 -1 -1 -1 -1 -1 -1 -1 -1 -1 -1 -1 -1 -1 -1 -1 -1 -1 -1 -1 -1 -1 -1 -1 -1 -1 -1 -1 -1 -1 -1 -1 -1 -1 -1 -1 -1 -1 -1 94 97 104 104 106 105 105 87 0 0 53 55 47 47 31 31 31 38 54 48 48 53 52 52 58 62 62 64 62 -106 -106 104 112 112 108 105 -1 -1 -1 -1 -1 -1 -1 -1 -1 -1 -1 -1 -1 -1 -1 -1 -1 -1 -1 -1 -1 -1 -1 -1 -1 -1 -1 -1 -1 -1 -1 -1 -1 -1 -1 -1 -1 -1 -1 -1 -1 -1 -1 -1 -1 -1 -1 -1 -1 -1 -1 97 97
0 0 0 0 0 0 8 25 25 33 37 30 30 26 6 6 0 0 0 0 0 0 0 21 48 48 73 87 79 79 64 39 39 26 20 20 26 50 79 79 88 91 91 85 67 50 50 43 39 39 45 49 49 45 39 21 21 7 1 1 7 24 35 35 36 38 38 38 41 52 52 45 33 33 42 52 52 74 88 90 90 71 48 48 41 32 29 29 29 30 30 21 19 19 18 13 13 13 10 7 7 7 18 31 31 58 73 73 68 68 68 59 50 36 36 25 20 20 15 12 14 14 24 36 36 42 39 35 35 26 16 16 14 16 16 13 6 3 3 4 6 6 1 0 1 1 3 12 12 15 10 10 10 16 21 21 27 43 43 70 90 100 100 106 101 101 88 77 77 24 -56 89 89 96 -101 -101 45 56 41 41 41 38 38 36 33 30 30 20 12 12 0 0 0 2 0 0 0 61 107 107 112 111 110 110 105 110 110 108 107 107 110 110 110 110 104 101 101 100 95 -1 -1 -1 -1 -1 -1 -1 -1 -1 -1 -1 -1 -1 -1 -1 -1 -1 -1 -1 -1 -1 -1 -1 94 97 97 100 110 110 107 110 110 111 108 107 107 106 102 102 95 91 -1 -1 -1 -1 -1 96 100 100 96 -1 -1 -1 -1 -1 -1 -1 -1 -1 -1 -1 -1 -1 -1 -1 -1 -1 -1 -1 -1 95 97 97 -1 -1 -1 -1 -1 -1 -1 -1 -1 -1 -1 -1 -1 -1 -1 -1 -1 -1 -1 -1 -1 -1 95 95 96 100 105 105 107 106 106 105 102 102 97 -1 -1 -1 -1 -1 -1 -1 97 102 102 108 107 107 89 105 105 113 104 113 113 107 101 101 104 101 105 105 107 107 107 102 105 97 97 94 -1 -1 -1 -1 -1 -1 -1 -1 -1 -1 -1 -1 -1 -1 -1 -1 -1 -1 -1 -1 -1 -1 -1 -1 -1 -1 -1 -1 -1 -1 -1 -1 -1 -1 -1 -1 -1 -1 -1 -1 -1 -1 -1 -1 -1 -1 -1 -1 -1 -1 -1 -1 -1 -1 -1 -1 -1 -1 -1 -1 -1 96 96 102 106 111 111 112 21 21 10 59 56 56 52 38 38 37 44 44 56 41 36 36 32 41 41 55 43 25 25 18 110 110 114 101 101 -1 -1 -1 -1 -1 -1 -1 -1 -1 -1 -1 -1 -1 -1 -1 -1 -1 -1 -1 -1 -1 -1 -1 -1 -1 -1 -1 -1 -1 -1 -1 -1 -1 -1 -1 -1 -1 -1 -1 -1 -1 -1 -1 -1 -1 -1 -1 -1 -1 -1 96 96 101
0 0 0 0 0 8 8 25 33 33 37 30 26 26 6 0 0 0 0 0 0 0 21 21 48 73 73 87 79 64 64 39 26 26 20 26 50 50 79 88 88 91 85 85 67 50 43 43 39 45 45 49 45 39 39 21 7 7 1 7 24 24 35 36 36 38 38 38 41 52 45 45 33 42 42 52 74 88 88 90 71 71 48 41 41 32 29 29 29 30 21 21 19 18 13 13 13 10 10 7 7 7 18 31 58 58 73 68 68 68 59 50 50 36 25 25 20 15 12 12 14 24 24 36 42 42 39 35 26 26 16 14 14 16 13 6 6 3 4 4 6 1 1 0 1 3 3 12 15 15 10 10 16 16 21 27 27 43 70 70 90 100 106 106 101 88 88 77 24 -56 -56 89 96 96 -101 45 56 56 41 41 41 38 36 36 33 30 20 20 12 0 0 0 2 0 0 0 61 61 107 112 112 111 110 105 105 110 108 108 107 110 110 110 110 104 104 101 100 100 95 -1 -1 -1 -1 -1 -1 -1 -1 -1 -1 -1 -1 -1 -1 -1 -1 -1 -1 -1 -1 -1 -1 -1 94 97 100 100 110 107 107 110 111 108 108 107 106 106 102 95 95 91 -1 -1 -1 -1 96 96 100 96 -1 -1 -1 -1 -1 -1 -1 -1 -1 -1 -1 -1 -1 -1 -1 -1 -1 -1 -1 -1 95 95 97 -1 -1 -1 -1 -1 -1 -1 -1 -1 -1 -1 -1 -1 -1 -1 -1 -1 -1 -1 -1 -1 -1 -1 95 96 96 100 105 107 107 106 105 105 102 97 -1 -1 -1 -1 -1 -1 -1 -1 97 102 108 108 107 89 89 105 113 104 104 113 107 107 101 104 104 101 105 107 107 107 102 102 105 97 94 94 -1 -1 -1 -1 -1 -1 -1 -1 -1 -1 -1 -1 -1 -1 -1 -1 -1 -1 -1 -1 -1 -1 -1 -1 -1 -1 -1 -1 -1 -1 -1 -1 -1 -1 -1 -1 -1 -1 -1 -1 -1 -1 -1 -1 -1 -1 -1 -1 -1 -1 -1 -1 -1 -1 -1 -1 -1 -1 -1 -1 -1 96 102 106 106 111 112 112 21 10 10 59 56 52 52 38 37 37 44 56 41 41 36 32 32 41 55 55 43 25 18 18 110 114 114 101 -1 -1 -1 -1 -1 -1 -1 -1 -1 -1 -1 -1 -1 -1 -1 -1 -1 -1 -1 -1 -1 -1 -1 -1 -1 -1 -1 -1 -1 -1 -1 -1 -1 -1 -1 -1 -1 -1 -1 -1 -1 -1 -1 -1 -1 -1 -1 -1 -1 -1 -1 96 101 101
0 0 0 1 4 4 12 24 24 26 30 24 24 25 3 3 0 0 0 0 8 16 16 54 74 74 90 89 79 79 58 38 38 31 33 33 47 74 100 100 104 101 101 84 67 56 56 50 43 43 42 44 44 36 26 14 14 3 7 7 20 35 41 41 44 45 45 47 43 43 43 38 30 30 45 60 60 76 82 84 84 60 42 42 39 32 32 32 33 35 35 20 13 13 8 2 1 1 0 4 4 9 16 24 24 35 43 43 35 31 31 33 33 27 27 24 22 22 18 18 22 22 30 44 44 52 49 42 42 32 25 25 22 27 27 25 20 18 18 18 16 16 15 16 19 19 27 27 27 20 14 14 7 4 7 7 14 31 31 62 85 94 94 102 101 101 87 72 72 18 -45 108 108 104 -103 -103 45 56 39 39 39 37 37 33 32 27 27 19 9 9 1 0 0 0 2 20 20 106 110 110 106 100 99 99 102 101 101 99 97 97 97 102 100 100 99 100 100 96 -1 -1 -1 -1 -1 -1 -1 -1 -1 -1 -1 -1 -1 -1 -1 -1 -1 -1 -1 -1 -1 -1 -1 -1 97 102 102 105 114 114 89 81 81 99 112 113 113 110 106 106 97 88 -1 -1 -1 -1 -1 -1 -1 -1 -1 -1 -1 -1 -1 -1 -1 -1 -1 -1 -1 -1 91 91 95 96 96 96 102 102 102 97 97 97 97 95 93 93 -1 -1 -1 -1 -1 -1 -1 -1 -1 -1 -1 -1 -1 -1 -1 -1 -1 -1 105 105 107 110 108 108 106 105 105 107 113 113 106 102 97 97 -1 -1 -1 -1 -1 97 97 106 110 110 112 104 104 112 106 108 108 97 97 97 97 90 90 90 100 95 95 95 97 93 93 -1 -1 -1 -1 -1 -1 -1 -1 -1 -1 -1 -1 -1 -1 -1 -1 -1 -1 -1 -1 -1 -1 -1 -1 -1 -1 -1 -1 -1 -1 -1 -1 -1 -1 -1 -1 -1 -1 -1 -1 -1 -1 -1 -1 -1 -1 -1 -1 -1 -1 -1 -1 -1 -1 -1 -1 -1 -1 -1 -1 -1 95 101 101 105 108 90 90 87 0 0 45 47 49 49 43 49 49 39 47 47 53 35 30 30 27 33 33 49 -56 -89 -89 76 112 112 105 -1 -1 -1 90 -1 -1 -1 -1 -1 -1 -1 -1 -1 -1 -1 -1 -1 -1 -1 -1 -1 -1 -1 -1 -1 -1 -1 -1 -1 -1 -1 -1 -1 -1 -1 -1 -1 -1 -1 -1 -1 -1 -1 -1 -1 -1 -1 -1 -1 -1 -1 96 104 104 101
0 0 14 14 15 13 13 20 14 14 14 9 13 13 0 0 0 0 0 35 35 42 78 78 90 93 93 83 73 50 50 44 38 38 45 60 90 90 116 114 114 112 87 87 73 66 60 60 47 41 41 33 21 14 14 12 10 10 18 31 36 36 38 43 43 50 52 52 44 41 35 35 37 59 59 72 91 87 87 85 58 58 41 41 41 30 36 44 44 44 27 27 15 6 0 0 0 0 0 9 12 12 14 12 13 13 13 8 8 9 19 25 25 25 25 25 27 25 26 26 33 39 39 52 59 59 56 47 36 36 24 22 22 32 35 36 36 32 29 29 25 30 30 38 43 54 54 48 31 31 21 10 1 1 1 13 13 30 60 60 82 91 101 101 101 84 84 62 21 -32 -32 99 84 84 -92 58 56 56 42 42 42 39 35 35 31 25 18 18 9 10 10 1 0 29 29 89 111 111 114 99 99 102 93 97 97 -1 -1 -1 -1 99 91 91 93 90 90 87 -1 -1 -1 -1 -1 -1 -1 -1 -1 -1 -1 -1 -1 -1 -1 -1 -1 -1 -1 -1 -1 -1 -1 -1 94 94 99 105 108 108 72 26 26 18 60 105 105 116 114 114 112 95 95 91 -1 -1 -1 -1 -1 -1 -1 -1 -1 -1 -1 -1 -1 -1 -1 -1 -1 -1 -1 -1 101 107 107 105 101 105 105 108 108 108 111 100 99 99 96 94 94 -1 -1 -1 -1 -1 -1 -1 -1 -1 -1 -1 -1 -1 -1 -1 100 100 110 112 112 112 105 96 96 96 106 106 116 111 106 106 101 -1 -1 -1 -1 -1 -1 -1 104 104 110 106 106 110 105 105 105 90 100 100 -1 -1 -1 -1 -1 -1 -1 -1 -1 -1 -1 90 -1 -1 -1 -1 -1 -1 -1 -1 -1 -1 -1 -1 -1 -1 -1 -1 -1 -1 -1 -1 -1 -1 -1 -1 -1 -1 -1 -1 -1 -1 -1 -1 -1 -1 -1 -1 -1 -1 -1 -1 -1 -1 -1 -1 -1 -1 -1 -1 -1 -1 -1 -1 -1 -1 -1 -1 -1 -1 -1 -1 -1 96 96 102 107 110 110 64 9 9 18 62 62 45 42 48 48 42 38 38 42 47 33 33 38 36 36 36 42 42 -64 -86 108 108 112 104 104 -1 -1 91 91 -1 -1 -1 -1 -1 -1 -1 -1 -1 -1 -1 -1 -1 -1 -1 -1 -1 -1 -1 -1 -1 -1 -1 -1 -1 -1 -1 -1 -1 -1 -1 -1 -1 -1 -1 -1 -1 -1 -1 -1 -1 -1 -1 -1 -1 97 97 104 110 111 111
0 0 0 14 15 15 13 20 20 14 14 9 9 13 0 0 0 0 0 0 35 42 42 78 90 90 93 83 73 73 50 44 44 38 45 45 60 90 116 116 114 112 112 87 73 66 66 60 47 47 41 33 33 21 14 12 12 10 18 18 31 36 38 38 43 50 50 52 44 41 41 35 37 37 59 72 72 91 87 85 85 58 41 41 41 30 36 36 44 44 44 27 15 15 6 0 0 0 0 9 9 12 14 12 12 13 13 13 8 9 9 19 25 25 25 25 27 27 25 26 33 33 39 52 52 59 56 47 47 36 24 24 22 32 32 35 36 32 32 29 25 25 30 38 43 43 54 48 48 31 21 21 10 1 1 1 13 30 30 60 82 91 91 101 101 101 84 62 62 21 -32 99 99 84 -92 -92 58 56 42 42 42 39 39 35 31 25 25 18 9 9 10 1 1 0 29 89 89 111 114 114 99 102 93 93 97 -1 -1 -1 -1 -1 99 91 93 93 90 87 87 -1 -1 -1 -1 -1 -1 -1 -1 -1 -1 -1 -1 -1 -1 -1 -1 -1 -1 -1 -1 -1 -1 -1 -1 94 99 105 105 108 72 72 26 18 18 60 105 116 116 114 112 112 95 91 -1 -1 -1 -1 -1 -1 -1 -1 -1 -1 -1 -1 -1 -1 -1 -1 -1 -1 -1 -1 101 101 107 105 105 101 105 108 108 108 111 111 100 99 96 96 94 -1 -1 -1 -1 -1 -1 -1 -1 -1 -1 -1 -1 -1 -1 -1 -1 100 110 110 112 112 105 105 96 96 96 106 116 116 111 106 101 101 -1 -1 -1 -1 -1 -1 -1 104 110 110 106 110 110 105 105 90 90 100 -1 -1 -1 -1 -1 -1 -1 -1 -1 -1 -1 90 90 -1 -1 -1 -1 -1 -1 -1 -1 -1 -1 -1 -1 -1 -1 -1 -1 -1 -1 -1 -1 -1 -1 -1 -1 -1 -1 -1 -1 -1 -1 -1 -1 -1 -1 -1 -1 -1 -1 -1 -1 -1 -1 -1 -1 -1 -1 -1 -1 -1 -1 -1 -1 -1 -1 -1 -1 -1 -1 -1 -1 -1 96 102 102 107 110 64 64 9 18 18 62 45 42 42 48 42 42 38 42 42 47 33 38 38 36 36 36 42 -64 -86 -86 108 112 112 104 -1 -1 -1 91 -1 -1 -1 -1 -1 -1 -1 -1 -1 -1 -1 -1 -1 -1 -1 -1 -1 -1 -1 -1 -1 -1 -1 -1 -1 -1 -1 -1 -1 -1 -1 -1 -1 -1 -1 -1 -1 -1 -1 -1 -1 -1 -1 -1 -1 -1 97 104 110 110 111
0 0 15 15 18 13 13 15 1 1 0 0 0 0 0 0 0 0 0 43 43 62 85 85 101 93 93 76 65 52 52 58 53 53 56 71 94 94 111 112 112 105 79 79 73 72 83 83 61 36 36 39 13 7 7 8 18 18 26 37 42 42 36 35 35 41 43 43 39 36 29 29 47 81 81 89 100 100 100 88 68 68 45 35 35 36 39 53 53 54 44 44 22 3 0 0 0 0 0 12 13 13 10 4 0 0 0 4 4 9 18 30 30 33 32 32 33 26 18 18 24 33 33 54 73 73 73 55 32 32 19 21 21 21 24 42 42 54 42 42 42 50 50 53 67 73 73 50 39 39 22 13 10 10 16 22 22 38 61 61 76 91 95 95 100 89 89 50 27 62 62 87 61 61 6 68 45 45 52 44 44 47 36 36 35 31 26 26 18 8 8 7 0 54 54 112 114 114 108 99 99 -1 -1 -1 -1 -1 -1 -1 -1 -1 -1 -1 -1 -1 -1 -1 -1 -1 -1 -1 -1 -1 -1 -1 -1 -1 -1 -1 -1 -1 -1 -1 -1 -1 -1 -1 -1 -1 -1 -1 99 99 112 107 107 107 -35 -103 -103 -105 30 93 93 114 116 116 114 101 101 94 -1 -1 -1 -1 -1 -1 -1 -1 -1 -1 -1 -1 -1 -1 -1 -1 -1 97 100 100 95 105 105 102 107 107 107 110 117 117 111 106 104 104 100 99 99 88 87 87 -1 -1 -1 -1 -1 -1 -1 -1 94 96 96 106 105 105 111 111 111 117 107 60 60 61 101 101 123 117 105 105 104 101 101 95 95 95 -1 -1 101 101 106 100 100 99 97 95 95 -1 -1 -1 -1 -1 -1 -1 -1 -1 -1 -1 -1 -1 -1 -1 -1 -1 -1 -1 -1 -1 -1 -1 -1 -1 -1 -1 -1 -1 -1 -1 -1 -1 -1 -1 -1 -1 -1 -1 -1 -1 -1 -1 -1 -1 -1 -1 -1 -1 -1 -1 -1 -1 -1 -1 -1 -1 -1 -1 -1 -1 -1 -1 -1 -1 -1 -1 -1 -1 -1 -1 91 -1 -1 -1 -1 95 95 116 105 110 110 -46 0 0 43 53 53 42 48 39 39 38 27 27 37 36 45 45 49 48 48 52 36 36 20 30 110 110 107 102 102 105 -1 -1 -1 -1 -1 -1 -1 -1 -1 -1 -1 -1 -1 -1 -1 -1 -1 -1 -1 -1 -1 -1 -1 -1 -1 -1 -1 -1 -1 -1 -1 -1 -1 -1 -1 -1 -1 -1 -1 -1 -1 -1 -1 -1 -1 -1 -1 -1 100 100 107 107 112 112
0 0 0 15 18 18 13 15 15 1 0 0 0 0 0 0 0 0 0 0 43 62 62 85 101 101 93 76 65 65 52 58 58 53 56 56 71 94 111 111 112 105 105 79 73 72 72 83 61 61 36 39 39 13 7 8 8 18 26 26 37 42 36 36 35 41 41 43 39 36 36 29 47 47 81 89 89 100 100 88 88 68 45 45 35 36 39 39 53 54 54 44 22 22 3 0 0 0 0 12 12 13 10 4 4 0 0 0 4 9 9 18 30 33 33 32 33 33 26 18 24 24 33 54 54 73 73 55 55 32 19 19 21 21 21 24 42 54 54 42 42 42 50 53 67 67 73 50 50 39 22 22 13 10 16 16 22 38 38 61 76 91 91 95 100 100 89 50 50 27 62 87 87 61 6 6 68 45 52 52 44 47 47 36 35 31 31 26 18 18 8 7 7 0 54 112 112 114 108 108 99 -1 -1 -1 -1 -1 -1 -1 -1 -1 -1 -1 -1 -1 -1 -1 -1 -1 -1 -1 -1 -1 -1 -1 -1 -1 -1 -1 -1 -1 -1 -1 -1 -1 -1 -1 -1 -1 -1 -1 -1 99 112 107 107 107 -35 -35 -103 -105 -105 30 93 114 114 116 114 114 101 94 -1 -1 -1 -1 -1 -1 -1 -1 -1 -1 -1 -1 -1 -1 -1 -1 -1 97 97 100 95 95 105 102 102 107 107 110 110 117 111 111 106 104 100 100 99 88 88 87 -1 -1 -1 -1 -1 -1 -1 -1 -1 94 96 106 106 105 111 111 111 117 107 107 60 61 61 101 123 123 117 105 104 104 101 95 95 95 -1 -1 -1 101 106 106 100 99 99 97 95 -1 -1 -1 -1 -1 -1 -1 -1 -1 -1 -1 -1 -1 -1 -1 -1 -1 -1 -1 -1 -1 -1 -1 -1 -1 -1 -1 -1 -1 -1 -1 -1 -1 -1 -1 -1 -1 -1 -1 -1 -1 -1 -1 -1 -1 -1 -1 -1 -1 -1 -1 -1 -1 -1 -1 -1 -1 -1 -1 -1 -1 -1 -1 -1 -1 -1 -1 -1 -1 -1 -1 91 -1 -1 -1 -1 -1 95 116 116 105 110 -46 -46 0 43 43 53 42 48 48 39 38 38 27 37 37 36 45 49 49 48 52 52 36 20 30 30 110 107 107 102 105 105 -1 -1 -1 -1 -1 -1 -1 -1 -1 -1 -1 -1 -1 -1 -1 -1 -1 -1 -1 -1 -1 -1 -1 -1 -1 -1 -1 -1 -1 -1 -1 -1 -1 -1 -1 -1 -1 -1 -1 -1 -1 -1 -1 -1 -1 -1 -1 -1 100 107 107 107 112
0 4 20 20 21 18 18 12 0 0 0 0 0 0 0 0 0 0 0 49 49 56 89 89 100 93 93 71 59 66 66 66 73 73 84 96 107 107 119 120 120 114 99 99 95 95 96 96 74 59 59 44 32 20 20 22 30 30 35 42 42 42 31 27 27 27 31 31 29 25 25 25 48 81 81 93 110 108 108 101 77 77 55 41 41 36 38 50 50 49 42 42 29 13 9 9 10 12 12 18 16 16 10 3 1 1 4 12 12 15 21 31 31 33 32 32 37 32 29 29 31 39 39 62 83 83 83 65 38 38 20 16 16 22 41 52 52 54 54 54 56 48 48 0 0 0 0 0 0 0 0 0 12 12 38 41 41 52 58 58 52 58 81 81 104 91 91 33 33 87 87 96 78 78 0 0 0 0 18 22 22 32 29 29 35 36 25 25 19 14 14 0 37 108 108 114 107 107 111 99 99 -1 -1 -1 -1 -1 -1 -1 -1 -1 -1 -1 -1 -1 -1 -1 -1 -1 -1 -1 -1 -1 -1 -1 -1 -1 -1 -1 -1 -1 -1 -1 -1 -1 -1 -1 -1 -1 -1 -1 96 96 104 111 94 94 0 -1 -1 58 27 70 70 110 112 112 113 99 99 -1 -1 -1 -1 -1 -1 -1 -1 -1 -1 -1 -1 -1 -1 -1 -1 -1 90 99 102 102 111 100 100 105 107 111 111 107 112 112 114 113 112 112 112 106 106 107 97 97 97 -1 93 93 94 96 96 105 104 102 102 108 112 112 112 117 117 106 42 0 0 0 50 50 95 114 118 118 118 107 107 100 95 95 95 99 104 104 95 102 102 100 91 93 93 -1 -1 -1 -1 -1 -1 -1 -1 -1 -1 -1 -1 -1 -1 -1 -1 -1 -1 -1 -1 -1 -1 -1 -1 -1 -1 -1 -1 -1 -1 -1 -1 -1 -1 -1 -1 -1 -1 -1 -1 -1 -1 -1 -1 -1 -1 -1 -1 -1 -1 -1 -1 -1 -1 -1 -1 -1 -1 -1 -1 -1 -1 -1 -1 -1 -1 -1 -1 -1 -1 -1 90 -1 -1 -1 -1 105 105 110 113 70 70 16 7 7 61 53 53 42 45 38 38 30 20 20 22 25 47 47 62 65 65 58 21 21 37 101 113 113 117 104 104 96 -1 -1 -1 -1 -1 -1 -1 -1 -1 -1 -1 -1 -1 -1 -1 -1 -1 -1 -1 -1 -1 -1 -1 -1 -1 -1 -1 -1 -1 -1 -1 -1 -1 -1 -1 -1 -1 -1 -1 -1 -1 -1 94 94 93 105 105 100 112 112 112 106 102 102
0 0 12 20 21 21 12 1 1 0 0 0 0 0 0 0 0 0 0 20 58 79 79 100 104 104 83 67 68 68 66 78 78 97 111 111 114 120 127 127 127 124 124 124 108 118 118 111 107 107 84 68 68 49 37 37 37 43 39 39 36 31 18 18 13 9 9 22 29 30 30 33 45 45 70 79 79 89 93 88 88 73 55 55 42 39 39 39 41 35 35 31 21 21 12 3 3 3 6 6 6 1 0 0 0 0 9 9 20 24 24 29 33 32 32 32 37 37 33 29 31 31 35 54 54 71 72 61 61 41 25 25 18 36 36 45 56 60 60 62 62 62 20 -46 -14 -14 106 102 102 73 68 68 -53 -119 19 19 36 56 56 41 41 35 35 56 79 79 19 15 15 58 111 122 122 112 112 112 106 97 10 10 4 9 9 35 44 42 42 39 35 35 0 12 12 85 114 108 108 108 97 97 95 -1 -1 -1 -1 -1 -1 -1 -1 -1 -1 -1 -1 -1 -1 -1 -1 -1 -1 -1 -1 -1 -1 -1 -1 -1 -1 -1 -1 -1 -1 -1 -1 -1 -1 -1 -1 -1 -1 -1 -1 104 104 101 101 13 41 41 84 54 54 27 62 112 112 117 112 112 99 -1 -1 -1 -1 -1 -1 -1 -1 -1 -1 -1 -1 -1 -1 -1 -1 90 108 101 101 110 108 108 117 112 112 89 32 -112 -112 -122 -47 -47 116 100 116 116 110 112 112 113 107 110 110 114 102 102 106 110 110 108 112 113 113 111 83 83 107 -34 18 18 49 45 45 21 13 13 113 111 108 108 111 110 110 106 105 105 105 105 102 102 99 100 100 97 -1 -1 -1 -1 -1 -1 -1 -1 -1 -1 -1 -1 -1 -1 -1 -1 -1 -1 -1 -1 -1 -1 -1 -1 -1 -1 -1 -1 -1 -1 -1 -1 -1 -1 -1 -1 -1 -1 -1 -1 -1 -1 -1 -1 -1 -1 -1 -1 -1 -1 -1 -1 -1 -1 -1 -1 -1 -1 -1 -1 -1 -1 -1 -1 -1 -1 -1 -1 -1 -1 -1 -1 -1 -1 -1 -1 104 104 111 110 110 106 -49 16 16 58 82 82 66 55 47 47 32 14 14 2 7 7 14 37 44 44 50 49 49 15 42 104 104 108 108 108 106 91 91 -1 -1 -1 -1 -1 -1 -1 -1 -1 -1 -1 -1 -1 -1 -1 -1 -1 -1 -1 -1 -1 -1 -1 -1 -1 -1 -1 -1 -1 -1 -1 -1 -1 -1 -1 -1 -1 -1 -1 -1 -1 90 95 107 107 110 110 110 113 112 104 104 -74
0 12 20 20 21 12 12 1 0 0 0 0 0 0 0 0 0 0 20 58 58 79 100 100 104 83 83 67 68 66 66 78 97 97 111 114 120 120 127 127 127 124 124 124 108 118 111 111 107 84 84 68 49 37 37 37 43 43 39 36 31 31 18 13 13 9 22 22 29 30 33 33 45 70 70 79 89 93 93 88 73 73 55 42 42 39 39 41 41 35 31 31 21 12 3 3 3 6 6 6 1 1 0 0 0 0 9 20 20 24 29 33 33 32 32 32 37 33 29 29 31 35 35 54 71 71 72 61 41 41 25 18 18 36 45 56 56 60 62 62 62 20 20 -46 -14 106 106 102 73 73 68 -53 -119 -119 19 36 36 56 41 41 41 35 56 56 79 19 19 15 58 111 111 122 112 112 112 106 97 97 10 4 4 9 35 35 44 42 39 39 35 0 0 12 85 114 114 108 108 108 97 95 95 -1 -1 -1 -1 -1 -1 -1 -1 -1 -1 -1 -1 -1 -1 -1 -1 -1 -1 -1 -1 -1 -1 -1 -1 -1 -1 -1 -1 -1 -1 -1 -1 -1 -1 -1 -1 -1 -1 -1 104 104 104 101 13 13 41 84 84 54 27 62 62 112 117 117 112 99 99 -1 -1 -1 -1 -1 -1 -1 -1 -1 -1 -1 -1 -1 -1 -1 90 90 108 101 110 110 108 117 117 112 89 32 32 -112 -122 -122 -47 116 100 100 116 110 110 112 113 113 107 110 114 114 102 106 106 110 108 112 112 113 111 111 83 107 107 -34 18 49 49 45 21 21 13 113 111 111 108 111 111 110 106 106 105 105 105 105 102 99 99 100 97 -1 -1 -1 -1 -1 -1 -1 -1 -1 -1 -1 -1 -1 -1 -1 -1 -1 -1 -1 -1 -1 -1 -1 -1 -1 -1 -1 -1 -1 -1 -1 -1 -1 -1 -1 -1 -1 -1 -1 -1 -1 -1 -1 -1 -1 -1 -1 -1 -1 -1 -1 -1 -1 -1 -1 -1 -1 -1 -1 -1 -1 -1 -1 -1 -1 -1 -1 -1 -1 -1 -1 -1 -1 -1 -1 -1 -1 104 111 111 110 106 -49 -49 16 58 58 82 66 66 55 47 32 32 14 2 2 7 14 37 37 44 50 50 49 15 15 42 104 108 108 108 106 106 91 -1 -1 -1 -1 -1 -1 -1 -1 -1 -1 -1 -1 -1 -1 -1 -1 -1 -1 -1 -1 -1 -1 -1 -1 -1 -1 -1 -1 -1 -1 -1 -1 -1 -1 -1 -1 -1 -1 -1 -1 -1 90 95 95 107 110 110 110 113 113 112 104 -74 -74
0 0 15 18 16 16 10 0 0 0 0 0 0 0 0 0 0 4 4 37 79 97 97 93 94 94 66 39 49 49 71 94 94 110 118 118 124 127 127 127 127 127 127 127 127 123 123 114 113 113 102 95 95 84 53 47 47 47 41 41 30 18 8 8 7 21 21 37 44 43 43 38 31 31 41 49 49 54 56 60 60 54 48 48 44 42 41 41 30 22 22 16 9 9 0 0 0 0 0 0 0 0 0 0 0 0 6 6 21 31 31 36 37 33 33 32 36 36 33 30 30 30 27 38 38 48 50 47 47 36 26 26 22 30 30 42 41 44 44 24 38 38 13 -46 78 78 112 110 110 125 111 111 113 -1 -112 -112 7 36 36 42 32 42 42 41 31 31 0 25 25 100 117 120 120 122 117 117 114 118 107 107 47 12 12 43 42 36 36 37 0 0 4 53 53 110 111 104 104 110 96 96 -1 -1 -1 -1 -1 -1 -1 -1 -1 -1 -1 -1 -1 -1 -1 -1 -1 -1 -1 -1 -1 -1 -1 -1 -1 -1 -1 -1 -1 -1 -1 -1 -1 -1 -1 -1 -1 -1 -1 -1 -1 97 107 104 104 0 85 85 84 32 32 27 90 110 110 113 108 108 97 -1 -1 -1 -1 -1 -1 -1 -1 -1 -1 -1 -1 -1 -1 -1 -1 96 102 97 97 120 94 94 10 0 0 0 6 54 54 59 0 0 2 104 105 105 112 105 105 111 112 112 112 110 110 110 114 107 107 108 107 58 58 8 0 0 -89 -106 -60 -60 70 67 67 13 -114 -114 117 116 117 117 118 112 112 110 114 113 113 110 106 106 107 102 102 93 -1 -1 -1 -1 -1 -1 -1 -1 -1 -1 -1 -1 -1 -1 -1 -1 -1 -1 -1 -1 -1 -1 -1 -1 -1 -1 -1 -1 -1 -1 -1 -1 -1 -1 -1 -1 -1 -1 -1 -1 -1 -1 -1 -1 -1 -1 -1 -1 -1 -1 -1 -1 -1 -1 -1 -1 -1 -1 -1 -1 -1 -1 -1 -1 -1 -1 -1 -1 -1 -1 -1 -1 -1 95 95 100 108 108 114 112 112 66 14 39 39 81 79 79 67 50 33 33 10 0 0 0 0 0 9 21 15 15 21 29 29 8 58 105 105 114 108 108 112 90 90 -1 -1 -1 -1 -1 -1 -1 -1 -1 -1 -1 -1 -1 -1 -1 -1 -1 -1 -1 -1 -1 -1 -1 -1 -1 -1 -1 -1 -1 -1 -1 -1 -1 -1 -1 -1 89 89 90 101 101 106 110 112 112 105 113 113 102 44 0 0 26
0 15 18 18 16 10 10 0 0 0 0 0 0 0 0 0 0 4 37 79 79 97 93 93 94 66 66 39 49 71 71 94 110 110 118 124 127 127 127 127 127 127 127 127 127 123 114 114 113 102 102 95 84 53 53 47 47 47 41 30 18 18 8 7 7 21 37 37 44 43 38 38 31 41 41 49 54 56 56 60 54 54 48 44 44 42 41 30 30 22 16 16 9 0 0 0 0 0 0 0 0 0 0 0 0 0 6 21 21 31 36 37 37 33 32 32 36 33 30 30 30 27 27 38 48 48 50 47 36 36 26 22 22 30 42 41 41 44 24 24 38 13 13 -46 78 112 112 110 125 125 111 113 -1 -1 -112 7 7 36 42 42 32 42 41 41 31 0 0 25 100 117 117 120 122 122 117 114 118 118 107 47 47 12 43 43 42 36 37 37 0 4 4 53 110 111 111 104 110 110 96 -1 -1 -1 -1 -1 -1 -1 -1 -1 -1 -1 -1 -1 -1 -1 -1 -1 -1 -1 -1 -1 -1 -1 -1 -1 -1 -1 -1 -1 -1 -1 -1 -1 -1 -1 -1 -1 -1 -1 -1 -1 97 97 107 104 0 0 85 84 84 32 27 90 90 110 113 113 108 97 97 -1 -1 -1 -1 -1 -1 -1 -1 -1 -1 -1 -1 -1 -1 -1 96 96 102 97 120 120 94 10 10 0 0 6 6 54 59 59 0 2 104 104 105 112 112 105 111 111 112 112 110 110 110 114 114 107 108 107 107 58 8 8 0 -89 -89 -106 -60 70 70 67 13 13 -114 117 116 116 117 118 118 112 110 110 114 113 110 110 106 107 107 102 93 -1 -1 -1 -1 -1 -1 -1 -1 -1 -1 -1 -1 -1 -1 -1 -1 -1 -1 -1 -1 -1 -1 -1 -1 -1 -1 -1 -1 -1 -1 -1 -1 -1 -1 -1 -1 -1 -1 -1 -1 -1 -1 -1 -1 -1 -1 -1 -1 -1 -1 -1 -1 -1 -1 -1 -1 -1 -1 -1 -1 -1 -1 -1 -1 -1 -1 -1 -1 -1 -1 -1 -1 -1 -1 95 100 100 108 114 114 112 66 14 14 39 81 81 79 67 67 50 33 10 10 0 0 0 0 9 21 21 15 21 21 29 8 8 58 105 114 114 108 112 112 90 -1 -1 -1 -1 -1 -1 -1 -1 -1 -1 -1 -1 -1 -1 -1 -1 -1 -1 -1 -1 -1 -1 -1 -1 -1 -1 -1 -1 -1 -1 -1 -1 -1 -1 -1 -1 -1 89 90 90 101 106 110 110 112 105 105 113 102 102 44 0 26 26
6 6 15 13 12 12 10 0 0 0 0 0 0 0 0 0 10 29 29 66 85 96 96 82 0 0 0 4 0 0 0 32 32 85 113 113 102 100 106 106 113 125 125 112 97 90 90 91 110 110 107 106 106 106 70 52 52 48 43 43 29 16 12 12 18 33 33 50 54 48 48 31 15 15 21 30 30 33 36 39 39 42 47 47 48 47 42 42 29 20 20 9 6 6 0 0 0 0 0 0 0 0 0 0 0 0 0 0 18 29 29 36 36 33 33 35 36 36 36 33 33 33 30 36 36 38 38 39 39 33 22 22 14 15 15 20 31 26 26 32 44 44 20 33 65 65 118 108 108 118 124 124 117 110 91 91 25 0 0 43 37 38 38 25 0 0 49 84 84 113 117 117 117 122 125 125 116 114 106 106 47 16 16 41 50 35 35 26 0 0 99 105 105 113 108 102 102 97 91 91 -1 -1 -1 -1 -1 -1 -1 -1 -1 -1 -1 -1 -1 -1 -1 -1 -1 -1 -1 -1 -1 -1 -1 -1 -1 -1 -1 -1 -1 -1 -1 -1 -1 -1 -1 -1 -1 -1 -1 -1 -1 97 107 107 107 0 93 93 53 24 24 50 112 119 119 110 106 106 -1 -1 -1 -1 -1 -1 -1 -1 -1 -1 -1 -1 -1 -1 -1 -1 -1 101 107 106 106 58 0 0 24 49 49 64 58 60 60 55 55 55 8 0 45 45 -1 104 104 108 110 106 106 110 111 111 111 101 101 105 -1 -60 -60 -100 79 79 0 -97 26 26 62 58 58 14 -106 -106 94 112 116 116 117 119 119 117 116 108 108 111 108 108 112 106 106 105 106 -1 -1 -1 -1 -1 -1 -1 -1 -1 -1 -1 -1 -1 -1 -1 -1 -1 -1 -1 -1 -1 -1 -1 -1 -1 -1 -1 -1 -1 -1 -1 -1 -1 -1 -1 -1 -1 -1 -1 -1 -1 -1 -1 -1 -1 -1 -1 -1 -1 -1 -1 -1 -1 -1 -1 -1 -1 -1 -1 -1 -1 -1 -1 -1 -1 -1 -1 -1 -1 -1 -1 -1 97 97 104 112 112 120 91 91 22 18 71 71 85 74 74 62 30 16 16 0 0 0 0 0 0 4 16 9 9 12 15 15 0 32 112 112 102 105 105 104 91 91 -1 -1 -1 -1 -1 -1 -1 -1 -1 -1 -1 -1 -1 -1 -1 -1 -1 -1 -1 -1 -1 -1 -1 -1 -1 -1 -1 -1 -1 -1 -1 -1 -1 -1 -1 96 112 112 113 113 113 113 107 110 110 104 62 62 0 8 56 56 106
22 16 3 3 0 0 0 0 0 0 0 0 7 7 22 43 43 59 62 50 50 22 0 0 -21 105 105 108 110 90 90 26 0 0 3 52 71 71 78 62 62 21 0 0 0 0 0 0 53 101 101 114 108 77 77 53 45 45 42 30 20 20 21 31 31 36 47 47 53 47 26 26 7 10 10 18 29 30 30 33 39 39 48 53 53 50 43 30 30 20 8 8 1 0 0 0 0 0 0 0 0 0 0 0 0 0 0 13 13 22 33 35 35 35 33 33 32 30 29 29 30 31 31 35 36 36 39 43 38 38 20 6 6 3 21 30 30 29 25 25 41 26 26 19 67 114 114 120 120 120 124 124 106 106 87 19 19 3 53 53 30 9 0 0 62 104 104 113 114 122 122 120 120 120 118 110 113 113 76 24 24 12 47 47 44 42 0 0 65 110 110 114 104 99 99 101 95 95 -1 -1 -1 -1 -1 -1 -1 -1 -1 -1 -1 -1 -1 -1 -1 -1 -1 -1 -1 -1 -1 -1 -1 -1 -1 -1 -1 -1 -1 -1 -1 -1 -1 -1 -1 -1 -1 -1 -1 -1 -1 -1 102 102 105 107 27 27 10 0 0 35 108 107 107 112 107 107 104 -1 -1 -1 -1 -1 -1 -1 -1 -1 -1 -1 -1 -1 -1 93 93 100 104 104 110 97 0 0 64 62 62 56 54 56 56 47 58 58 44 48 39 39 0 0 0 -72 -20 -20 -7 49 21 21 13 22 22 47 49 14 14 15 67 67 65 45 45 55 47 43 43 44 7 7 -111 94 117 117 116 117 117 108 68 68 42 36 96 96 114 104 104 111 116 99 99 99 -1 -1 -1 -1 -1 -1 -1 -1 -1 -1 -1 -1 -1 -1 -1 -1 -1 -1 -1 -1 -1 -1 -1 -1 -1 -1 -1 -1 -1 -1 -1 -1 -1 -1 -1 -1 -1 -1 -1 -1 -1 -1 -1 -1 -1 -1 -1 -1 -1 -1 -1 -1 -1 -1 -1 -1 -1 -1 -1 -1 -1 -1 -1 -1 -1 -1 -1 -1 94 94 95 104 114 114 116 96 96 44 12 42 42 76 79 79 76 56 56 15 9 0 0 0 0 0 0 1 14 14 10 12 12 14 6 6 24 68 118 118 113 105 105 99 90 -1 -1 -1 -1 -1 -1 -1 -1 -1 -1 -1 -1 -1 -1 -1 -1 -1 -1 -1 -1 -1 -1 -1 -1 -1 -1 -1 -1 -1 96 100 100 105 105 106 106 116 110 110 106 113 104 104 52 9 9 -84 54 54 95 107 111 111
22 22 16 3 0 0 0 0 0 0 0 0 0 7 22 22 43 59 59 62 50 22 22 0 -21 -21 105 108 110 110 90 26 26 0 3 3 52 71 78 78 62 21 21 0 0 0 0 0 53 53 101 114 114 108 77 53 53 45 42 42 30 20 21 21 31 36 36 47 53 47 47 26 7 7 10 18 18 29 30 33 33 39 48 48 53 50 43 43 30 20 20 8 1 1 0 0 0 0 0 0 0 0 0 0 0 0 0 0 13 22 22 33 35 35 35 33 32 32 30 29 30 30 31 35 35 36 39 43 43 38 20 20 6 3 3 21 30 29 29 25 41 41 26 19 67 67 114 120 120 120 124 124 124 106 87 87 19 3 3 53 30 9 9 0 62 62 104 113 113 114 122 120 120 120 118 118 110 113 76 76 24 12 12 47 44 42 42 0 65 65 110 114 114 104 99 101 101 95 -1 -1 -1 -1 -1 -1 -1 -1 -1 -1 -1 -1 -1 -1 -1 -1 -1 -1 -1 -1 -1 -1 -1 -1 -1 -1 -1 -1 -1 -1 -1 -1 -1 -1 -1 -1 -1 -1 -1 -1 -1 -1 -1 102 105 107 107 27 10 10 0 35 35 108 107 112 112 107 104 104 -1 -1 -1 -1 -1 -1 -1 -1 -1 -1 -1 -1 -1 -1 93 100 100 104 110 97 97 0 64 64 62 56 56 54 56 47 47 58 44 44 48 39 0 0 0 -72 -72 -20 -7 49 49 21 13 13 22 47 47 49 14 15 15 67 65 65 45 55 47 47 43 44 44 7 -111 -111 94 117 116 116 117 108 108 68 42 36 36 96 114 114 104 111 111 116 99 99 99 -1 -1 -1 -1 -1 -1 -1 -1 -1 -1 -1 -1 -1 -1 -1 -1 -1 -1 -1 -1 -1 -1 -1 -1 -1 -1 -1 -1 -1 -1 -1 -1 -1 -1 -1 -1 -1 -1 -1 -1 -1 -1 -1 -1 -1 -1 -1 -1 -1 -1 -1 -1 -1 -1 -1 -1 -1 -1 -1 -1 -1 -1 -1 -1 -1 -1 -1 -1 94 95 104 104 114 116 116 96 44 44 12 42 76 76 79 76 76 56 15 9 9 0 0 0 0 0 0 1 14 10 10 12 14 14 6 24 68 68 118 113 113 105 99 99 90 -1 -1 -1 -1 -1 -1 -1 -1 -1 -1 -1 -1 -1 -1 -1 -1 -1 -1 -1 -1 -1 -1 -1 -1 -1 -1 -1 -1 96 96 100 105 105 105 106 116 116 110 106 106 113 104 52 52 9 -84 -84 54 95 107 107 111
30 9 0 0 0 0 0 0 0 0 0 0 27 27 44 66 66 55 26 -86 -86 -72 97 97 110 113 113 117 111 112 112 111 88 88 50 16 0 0 0 8 8 48 91 91 107 104 77 77 0 85 85 101 97 70 70 50 45 45 41 31 31 31 36 41 41 43 44 44 45 42 20 20 2 6 6 6 20 26 26 32 39 39 47 49 49 45 38 26 26 18 8 8 0 0 0 0 0 0 0 0 0 0 0 0 0 0 0 13 13 21 32 37 37 42 39 39 31 27 27 27 29 31 31 33 31 31 36 45 45 45 26 9 9 10 29 36 36 30 37 37 33 0 0 56 91 71 71 9 54 54 107 114 -12 -12 -122 10 10 48 36 36 1 0 104 104 108 116 116 120 123 123 123 116 123 123 116 114 66 66 0 10 10 44 45 45 45 3 22 22 104 113 113 111 107 107 107 -1 -1 -1 -1 -1 -1 -1 -1 -1 -1 -1 -1 -1 -1 -1 -1 -1 -1 -1 -1 -1 -1 -1 -1 -1 -1 -1 -1 -1 -1 -1 -1 -1 -1 -1 -1 -1 -1 -1 -1 -1 -1 -1 -1 -1 96 96 102 116 105 105 36 67 67 91 118 111 111 107 110 110 94 -1 -1 -1 -1 -1 -1 -1 -1 -1 -1 -1 97 97 101 101 101 114 105 105 64 31 8 8 82 74 74 62 62 52 52 47 44 44 48 44 45 45 55 56 56 26 0 0 0 7 42 42 65 55 55 24 6 12 12 42 71 71 43 55 55 59 66 49 49 42 12 12 0 87 116 116 120 106 106 64 16 16 15 24 -114 -114 78 112 112 112 120 107 107 102 101 101 -1 -1 -1 -1 -1 -1 -1 -1 -1 -1 -1 -1 -1 -1 -1 -1 -1 -1 -1 -1 -1 -1 -1 -1 -1 -1 -1 -1 -1 -1 -1 -1 -1 -1 -1 -1 -1 -1 -1 -1 -1 -1 -1 -1 -1 -1 -1 -1 -1 -1 -1 -1 -1 -1 -1 -1 -1 -1 -1 -1 -1 -1 -1 94 94 96 100 100 105 111 118 118 100 -47 -47 -65 31 59 59 59 64 64 60 36 36 7 3 0 0 0 0 0 0 8 24 24 24 25 25 32 38 38 -70 0 100 100 105 107 107 102 89 -1 -1 -1 -1 -1 -1 -1 -1 -1 -1 -1 -1 -1 -1 -1 -1 -1 -1 -1 -1 -1 -1 -1 -1 95 95 97 102 102 105 108 108 111 111 110 110 108 108 108 102 38 0 0 7 58 58 82 96 96 106 118 120 120
30 30 9 0 0 0 0 0 0 0 0 0 0 27 44 44 66 55 55 26 -86 -72 -72 97 110 110 113 117 111 111 112 111 111 88 50 50 16 0 0 0 8 48 48 91 107 104 104 77 0 0 85 101 101 97 70 50 50 45 41 41 31 31 36 36 41 43 43 44 45 42 42 20 2 2 6 6 6 20 26 32 32 39 47 47 49 45 38 38 26 18 18 8 0 0 0 0 0 0 0 0 0 0 0 0 0 0 0 0 13 21 21 32 37 42 42 39 31 31 27 27 29 29 31 33 33 31 36 45 45 45 26 26 9 10 10 29 36 30 30 37 33 33 0 56 91 91 71 9 9 54 107 107 114 -12 -122 -122 10 48 48 36 1 0 0 104 108 108 116 120 120 123 123 116 116 123 116 116 114 66 0 0 10 44 44 45 45 3 3 22 104 104 113 111 111 107 107 -1 -1 -1 -1 -1 -1 -1 -1 -1 -1 -1 -1 -1 -1 -1 -1 -1 -1 -1 -1 -1 -1 -1 -1 -1 -1 -1 -1 -1 -1 -1 -1 -1 -1 -1 -1 -1 -1 -1 -1 -1 -1 -1 -1 -1 -1 96 102 116 116 105 36 36 67 91 91 118 111 107 107 110 94 94 -1 -1 -1 -1 -1 -1 -1 -1 -1 -1 -1 97 101 101 101 114 114 105 64 31 31 8 82 82 74 62 62 62 52 47 47 44 48 48 44 45 55 55 56 26 26 0 0 7 7 42 65 65 55 24 24 6 12 42 42 71 43 43 55 59 66 66 49 42 42 12 0 0 87 116 120 120 106 64 64 16 15 24 24 -114 78 78 112 112 112 120 107 102 102 101 -1 -1 -1 -1 -1 -1 -1 -1 -1 -1 -1 -1 -1 -1 -1 -1 -1 -1 -1 -1 -1 -1 -1 -1 -1 -1 -1 -1 -1 -1 -1 -1 -1 -1 -1 -1 -1 -1 -1 -1 -1 -1 -1 -1 -1 -1 -1 -1 -1 -1 -1 -1 -1 -1 -1 -1 -1 -1 -1 -1 -1 -1 -1 -1 94 96 96 100 105 111 111 118 100 100 -47 -65 -65 31 59 59 59 64 60 60 36 7 3 3 0 0 0 0 0 0 8 24 24 24 25 32 32 38 -70 0 0 100 105 105 107 102 102 89 -1 -1 -1 -1 -1 -1 -1 -1 -1 -1 -1 -1 -1 -1 -1 -1 -1 -1 -1 -1 -1 -1 -1 -1 95 97 97 102 105 105 108 111 111 111 110 108 108 108 102 102 38 0 7 7 58 82 82 96 106 118 118 120
20 1 0 0 0 0 0 0 0 0 0 13 59 59 71 31 31 0 22 85 85 111 112 112 120 118 118 112 111 105 105 108 117 117 114 110 113 113 114 111 111 111 122 122 112 111 101 101 12 47 47 67 89 65 65 52 49 49 41 33 41 41 45 44 44 44 35 35 31 30 13 13 4 16 16 16 18 27 27 35 41 41 43 42 42 38 32 21 21 16 8 8 0 0 0 0 0 0 0 0 0 0 0 0 0 0 3 13 13 18 32 39 39 48 47 47 39 35 36 36 39 39 39 37 29 29 31 43 48 48 33 20 20 39 47 50 50 47 38 38 0 13 13 105 68 -74 -74 -91 -47 -47 108 68 0 0 53 54 54 62 25 25 15 49 105 105 119 122 122 117 125 120 120 123 116 116 82 0 0 0 -27 54 54 47 14 14 0 0 96 96 106 113 113 110 102 -1 -1 -1 -1 -1 -1 -1 -1 -1 -1 -1 -1 -1 -1 -1 -1 -1 -1 -1 -1 -1 -1 -1 -1 -1 -1 -1 -1 -1 -1 -1 -1 -1 -1 -1 -1 -1 -1 -1 -1 -1 -1 -1 -1 -1 -1 -1 99 99 108 107 114 114 108 114 114 113 111 112 112 99 105 105 95 -1 -1 -1 -1 -1 -1 -1 -1 -1 -1 -1 102 102 110 108 108 107 105 105 32 0 -6 -6 93 81 81 78 67 58 58 48 33 33 38 45 48 48 58 67 67 82 77 77 77 83 90 90 102 99 99 100 97 89 89 88 78 78 56 71 71 88 79 73 73 50 15 15 0 77 106 106 113 77 77 24 31 31 -1 -1 -22 -22 -115 30 30 113 112 114 114 114 102 102 -1 -1 -1 -1 -1 -1 -1 -1 -1 -1 -1 -1 -1 -1 -1 -1 -1 -1 -1 -1 -1 -1 -1 -1 -1 -1 -1 -1 -1 -1 -1 -1 -1 -1 -1 -1 -1 -1 -1 -1 -1 -1 -1 -1 -1 -1 -1 -1 -1 -1 -1 -1 -1 -1 -1 -1 -1 -1 -1 -1 -1 -1 -1 96 96 100 102 102 117 110 106 106 -7 -111 -111 -63 54 55 55 58 59 59 42 14 14 4 0 0 0 4 9 9 4 19 43 43 53 52 52 56 65 65 -54 0 68 68 106 114 114 101 97 -1 -1 -1 -1 -1 -1 -1 -1 -1 -1 -1 -1 -1 -1 -1 -1 -1 -1 -1 -1 -1 -1 -1 95 104 104 105 108 108 110 112 112 112 110 110 110 -32 -91 -91 -115 27 79 79 89 89 89 90 110 110 110 116 112 112
3 3 0 0 0 0 0 0 0 1 9 49 49 67 33 33 0 47 47 106 116 117 117 116 106 106 106 105 -1 -1 -1 104 104 104 106 106 107 110 112 112 116 119 119 122 112 106 106 89 0 0 56 74 74 74 49 52 52 53 59 59 66 59 48 48 43 31 31 19 16 6 6 3 16 16 22 27 27 30 31 35 35 39 41 41 36 29 26 26 14 7 7 9 4 4 4 8 2 2 6 3 3 0 0 0 0 0 4 4 14 24 24 37 54 67 67 74 56 56 55 50 50 50 50 47 47 39 44 54 54 54 52 52 53 48 48 55 43 29 29 0 52 52 99 77 21 21 20 16 16 36 -1 -1 0 47 71 71 70 66 66 42 3 -98 -98 -1 114 114 122 117 117 120 120 106 106 91 0 0 60 81 -7 -7 -37 -86 -86 4 48 108 108 119 106 106 102 100 100 97 -1 -1 -1 -1 -1 -1 -1 -1 -1 -1 -1 -1 -1 -1 -1 -1 -1 -1 -1 -1 -1 -1 -1 -1 -1 -1 -1 -1 -1 -1 -1 -1 -1 -1 -1 -1 -1 -1 -1 -1 -1 -1 -1 -1 -1 -1 -1 -1 -1 -1 -1 100 106 106 106 106 106 102 100 -1 -1 -1 -1 -1 -1 -1 -1 -1 91 97 97 100 101 101 104 117 107 107 113 100 100 65 21 22 22 85 107 107 104 93 93 72 54 50 50 45 35 35 31 47 66 66 82 91 91 93 90 85 85 105 114 114 120 119 119 117 111 106 106 105 90 90 89 94 100 100 91 70 70 36 4 4 -45 -1 -1 -1 24 16 16 60 53 54 54 50 56 56 6 -81 -81 -30 114 113 113 114 102 102 96 -1 -1 -1 -1 -1 -1 -1 -1 -1 -1 -1 -1 -1 -1 -1 -1 -1 -1 -1 -1 -1 -1 -1 -1 -1 -1 -1 -1 -1 -1 -1 -1 -1 -1 -1 -1 -1 -1 -1 -1 -1 -1 -1 -1 -1 -1 -1 -1 -1 -1 -1 -1 -1 -1 -1 -1 -1 94 100 102 102 110 102 102 116 110 110 110 43 0 0 53 68 68 59 60 58 58 59 42 42 18 1 3 3 18 31 31 32 25 25 37 70 91 91 91 94 94 90 78 54 54 -91 105 105 110 113 113 101 -1 -1 -1 -1 -1 -1 -1 -1 -1 -1 -1 -1 -1 -1 -1 -1 -1 90 100 100 106 108 108 108 113 106 106 113 116 116 100 73 -51 -51 0 -74 -74 52 84 84 87 82 84 84 94 101 101 107 105 102 102 97
3 0 0 0 0 0 0 0 1 1 9 49 67 67 33 0 0 47 106 116 116 117 116 116 106 106 106 105 -1 -1 -1 104 104 104 106 107 110 110 112 116 116 119 122 122 112 106 89 89 0 56 56 74 74 49 49 52 53 53 59 66 59 59 48 43 43 31 19 19 16 6 3 3 16 22 22 27 30 31 31 35 39 39 41 36 36 29 26 14 14 7 9 9 4 4 8 8 2 6 6 3 0 0 0 0 0 0 4 14 14 24 37 54 54 67 74 74 56 55 50 50 50 50 50 47 39 39 44 54 54 54 52 53 53 48 55 43 43 29 0 0 52 99 99 77 21 20 20 16 36 36 -1 0 47 47 71 70 70 66 42 42 3 -98 -1 -1 114 122 122 117 120 120 120 106 91 91 0 60 81 81 -7 -37 -37 -86 4 4 48 108 119 119 106 102 102 100 97 -1 -1 -1 -1 -1 -1 -1 -1 -1 -1 -1 -1 -1 -1 -1 -1 -1 -1 -1 -1 -1 -1 -1 -1 -1 -1 -1 -1 -1 -1 -1 -1 -1 -1 -1 -1 -1 -1 -1 -1 -1 -1 -1 -1 -1 -1 -1 -1 -1 -1 -1 100 100 106 106 106 106 102 100 100 -1 -1 -1 -1 -1 -1 -1 -1 91 91 97 100 100 101 104 117 117 107 113 113 100 65 65 21 22 85 85 107 104 104 93 72 54 54 50 45 45 35 31 47 47 66 82 82 91 93 93 90 85 105 105 114 120 120 119 117 111 111 106 105 105 90 89 89 94 100 91 91 70 36 36 4 -45 -1 -1 -1 24 24 16 60 60 53 54 50 50 56 6 6 -81 -30 114 114 113 114 114 102 96 96 -1 -1 -1 -1 -1 -1 -1 -1 -1 -1 -1 -1 -1 -1 -1 -1 -1 -1 -1 -1 -1 -1 -1 -1 -1 -1 -1 -1 -1 -1 -1 -1 -1 -1 -1 -1 -1 -1 -1 -1 -1 -1 -1 -1 -1 -1 -1 -1 -1 -1 -1 -1 -1 -1 -1 -1 94 94 100 102 110 110 102 116 116 110 110 43 43 0 53 53 68 59 60 60 58 59 59 42 18 18 1 3 18 18 31 32 32 25 37 70 70 91 91 91 94 90 90 78 54 -91 -91 105 110 110 113 101 -1 -1 -1 -1 -1 -1 -1 -1 -1 -1 -1 -1 -1 -1 -1 -1 -1 90 90 100 106 106 108 108 113 113 106 113 113 116 100 100 73 -51 0 0 -74 52 52 84 87 82 82 84 94 94 101 107 107 105 102 97 97
0 0 0 0 0 0 0 0 0 20 33 62 62 39 0 0 101 111 111 116 119 117 117 113 105 105 101 97 -1 -1 -1 100 100 99 100 100 101 105 107 107 112 116 116 112 100 64 64 0 66 66 85 87 87 64 48 54 54 65 74 74 82 68 50 50 42 21 21 12 9 7 7 10 26 26 32 33 33 33 35 38 38 44 43 43 35 24 16 16 8 3 3 1 6 6 8 8 15 15 9 7 7 0 3 0 0 0 3 3 18 36 36 54 71 84 84 82 64 64 65 64 56 56 58 48 48 45 45 35 35 18 3 3 0 0 0 0 2 32 32 84 114 114 97 0 21 21 54 4 4 25 83 83 0 73 76 76 74 62 62 56 21 -92 -92 -60 119 119 120 124 124 116 114 105 105 89 0 0 30 0 0 0 0 35 35 91 111 112 112 105 113 113 99 97 97 -1 -1 -1 -1 -1 -1 -1 -1 -1 -1 -1 -1 -1 -1 -1 -1 -1 -1 -1 -1 -1 -1 -1 -1 -1 -1 -1 -1 -1 -1 -1 -1 -1 -1 -1 -1 -1 -1 -1 -1 -1 -1 -1 -1 -1 -1 -1 -1 -1 -1 -1 -1 -1 99 99 99 97 97 97 -1 -1 -1 -1 -1 -1 -1 -1 -1 -1 99 102 102 102 105 105 104 111 111 111 102 41 41 0 33 74 74 94 112 112 105 93 93 71 58 53 53 43 33 33 33 49 67 67 82 93 93 97 93 85 85 96 110 110 120 120 120 118 111 106 106 106 95 95 91 93 95 95 90 81 81 62 44 44 0 -27 -115 -115 3 49 49 49 36 31 31 32 49 49 60 -101 -101 -53 88 114 114 116 102 102 97 -1 -1 -1 -1 -1 -1 -1 -1 -1 -1 -1 -1 -1 -1 -1 -1 -1 -1 -1 -1 -1 -1 -1 -1 -1 -1 -1 -1 -1 -1 -1 -1 -1 -1 -1 -1 -1 -1 -1 -1 -1 -1 -1 -1 -1 -1 -1 -1 -1 -1 -1 -1 -1 -1 -1 -1 -1 100 100 110 110 110 111 111 102 102 31 31 0 68 68 77 78 78 73 72 71 71 67 47 47 22 10 15 15 33 52 52 50 43 43 49 74 93 93 96 100 100 94 85 82 82 0 -1 -1 110 110 110 116 97 94 94 -1 -1 -1 -1 -1 -1 -1 -1 -1 -1 -1 -1 -1 -1 99 102 102 112 104 104 110 107 116 116 105 54 54 -93 -102 24 24 61 65 65 72 72 72 70 74 84 84 88 93 93 97 91 87 87 84
0 0 0 0 0 0 0 0 26 26 44 45 0 0 97 112 112 122 120 118 118 114 110 110 105 99 99 94 -1 -1 -1 -1 -1 -1 93 94 96 96 102 106 106 111 114 114 38 0 77 77 89 76 76 76 59 47 47 58 73 73 87 93 76 76 53 39 39 22 14 14 14 16 22 22 36 38 38 35 35 36 36 41 47 47 47 36 36 20 9 0 0 0 0 0 4 12 15 15 15 16 16 21 20 20 26 27 27 27 35 43 43 52 70 72 72 77 58 58 27 2 0 0 0 -120 -120 -110 -97 -97 -87 14 38 38 64 78 78 95 107 114 114 112 112 112 100 0 0 19 44 55 55 7 -119 -119 0 15 84 84 93 83 83 65 59 59 50 53 -114 -114 95 113 113 119 124 114 114 113 112 112 10 33 62 62 107 105 105 105 114 114 110 104 100 100 107 95 95 -1 -1 -1 -1 -1 -1 -1 -1 -1 -1 -1 -1 -1 -1 -1 -1 -1 -1 -1 -1 -1 -1 -1 -1 -1 -1 -1 -1 -1 -1 -1 -1 -1 -1 -1 -1 -1 -1 -1 -1 -1 -1 -1 -1 -1 -1 -1 -1 -1 -1 -1 -1 -1 -1 -1 -1 -1 -1 -1 -1 -1 -1 -1 -1 -1 -1 87 87 95 95 100 100 105 105 105 114 111 111 111 61 13 13 2 48 48 88 94 111 111 113 107 107 95 77 62 62 53 42 42 27 36 53 53 72 84 84 95 102 102 96 85 89 89 106 119 119 122 119 112 112 106 106 106 95 87 87 82 81 77 77 82 82 82 79 37 0 0 41 47 47 60 58 58 42 30 18 18 38 53 53 -84 -53 91 91 113 113 113 102 97 97 -1 -1 -1 -1 -1 -1 -1 -1 -1 -1 -1 -1 -1 -1 -1 -1 -1 -1 -1 -1 -1 -1 -1 -1 -1 -1 -1 -1 -1 -1 -1 -1 -1 -1 -1 -1 -1 -1 -1 -1 -1 -1 -1 -1 -1 -1 -1 -1 -1 -1 -1 -1 -1 -1 -1 -1 107 107 105 111 99 99 87 30 30 0 2 83 83 91 99 99 96 93 81 81 82 71 71 49 27 27 19 26 49 49 71 66 66 56 52 64 64 76 82 82 87 82 82 74 72 26 26 22 106 106 112 104 104 104 97 -1 -1 -1 -1 -1 -1 -1 -1 -1 -1 -1 -1 -1 -1 102 102 107 105 105 110 111 73 73 7 -117 -117 -78 65 65 87 76 65 65 59 58 58 58 64 77 77 79 81 81 83 81 81 77 74 74 74
0 0 0 0 0 0 0 0 0 26 44 45 45 0 97 97 112 122 122 120 118 114 114 110 105 105 99 94 -1 -1 -1 -1 -1 -1 93 93 94 96 102 102 106 111 111 114 38 0 0 77 89 89 76 76 76 59 47 58 58 73 87 87 93 76 53 53 39 22 22 14 14 16 16 22 36 36 38 35 35 35 36 41 41 47 47 47 36 20 9 9 0 0 0 0 4 4 12 15 15 15 16 21 21 20 26 27 27 27 35 35 43 52 52 70 72 77 77 58 27 27 2 0 0 0 -120 -110 -110 -97 -87 14 14 38 64 64 78 95 95 107 114 112 112 112 100 100 0 19 44 44 55 7 7 -119 0 0 15 84 93 93 83 65 65 59 50 53 53 -114 95 95 113 119 119 124 114 113 113 112 10 10 33 62 107 107 105 105 105 114 110 104 104 100 107 107 95 -1 -1 -1 -1 -1 -1 -1 -1 -1 -1 -1 -1 -1 -1 -1 -1 -1 -1 -1 -1 -1 -1 -1 -1 -1 -1 -1 -1 -1 -1 -1 -1 -1 -1 -1 -1 -1 -1 -1 -1 -1 -1 -1 -1 -1 -1 -1 -1 -1 -1 -1 -1 -1 -1 -1 -1 -1 -1 -1 -1 -1 -1 -1 -1 -1 -1 -1 87 95 95 95 100 105 105 105 114 114 111 111 61 61 13 2 2 48 88 94 94 111 113 113 107 95 95 77 62 53 53 42 27 27 36 53 72 72 84 95 95 102 96 85 85 89 106 106 119 122 122 119 112 106 106 106 95 95 87 82 81 81 77 82 82 82 79 79 37 0 41 41 47 60 60 58 42 30 30 18 38 38 53 -84 -84 -53 91 113 113 113 102 102 97 -1 -1 -1 -1 -1 -1 -1 -1 -1 -1 -1 -1 -1 -1 -1 -1 -1 -1 -1 -1 -1 -1 -1 -1 -1 -1 -1 -1 -1 -1 -1 -1 -1 -1 -1 -1 -1 -1 -1 -1 -1 -1 -1 -1 -1 -1 -1 -1 -1 -1 -1 -1 -1 -1 -1 -1 -1 107 105 111 111 99 87 87 30 0 2 2 83 91 91 99 96 96 93 81 82 82 71 49 49 27 19 26 26 49 71 71 66 56 56 52 64 76 76 82 87 87 82 74 72 72 26 22 22 106 112 112 104 104 97 97 -1 -1 -1 -1 -1 -1 -1 -1 -1 -1 -1 -1 -1 -1 102 107 107 105 110 110 111 73 7 7 -117 -78 -78 65 87 76 76 65 59 59 58 58 58 64 77 79 79 81 83 83 81 77 74 74 74
0 0 0 0 0 0 0 0 27 27 35 9 32 32 101 90 90 102 106 117 117 114 111 111 107 96 96 -1 -1 -1 -1 -1 -1 -1 -1 -1 -1 -1 96 104 104 107 114 114 50 0 59 59 78 71 71 66 61 45 45 58 70 70 83 84 70 70 48 38 38 26 21 21 22 24 30 30 36 35 35 33 35 36 36 41 45 45 42 31 31 16 9 0 0 0 2 2 9 10 18 18 26 20 20 2 0 0 15 36 45 45 39 54 54 53 55 35 35 24 18 18 30 29 -49 -49 -51 30 30 39 42 42 45 61 76 76 84 91 91 104 118 119 119 113 113 113 84 -110 -110 -42 65 59 59 22 -91 -91 0 37 78 78 95 78 78 62 49 49 42 45 0 0 79 114 114 114 123 118 118 118 113 113 53 65 95 95 111 113 113 107 104 104 102 106 100 100 90 -1 -1 -1 -1 -1 -1 -1 -1 -1 -1 -1 -1 -1 -1 -1 -1 -1 -1 -1 -1 -1 -1 -1 -1 -1 -1 -1 -1 -1 -1 -1 -1 -1 -1 -1 -1 -1 -1 -1 -1 -1 -1 -1 -1 -1 -1 -1 -1 -1 -1 -1 -1 -1 -1 -1 -1 -1 -1 -1 -1 -1 -1 -1 -1 -1 -1 -1 -1 93 93 99 96 105 105 107 106 106 108 96 43 43 25 19 19 37 72 72 94 96 111 111 113 108 108 100 85 68 68 56 43 43 31 41 61 61 82 90 90 96 104 104 95 83 89 89 106 120 120 123 118 111 111 106 107 107 88 76 76 62 56 60 60 70 84 84 89 61 26 26 56 58 58 67 53 53 42 38 27 27 29 45 45 0 -49 106 106 117 111 111 102 97 97 91 -1 -1 -1 -1 -1 -1 -1 -1 -1 -1 -1 -1 -1 -1 -1 -1 -1 -1 -1 -1 -1 -1 -1 -1 -1 -1 -1 -1 -1 -1 -1 -1 -1 -1 -1 -1 -1 -1 -1 -1 -1 -1 -1 -1 -1 -1 -1 -1 -1 -1 -1 -1 -1 -1 97 99 99 105 110 82 82 43 14 14 7 31 81 81 91 106 106 106 96 90 90 81 68 68 45 29 29 22 31 55 55 78 74 74 61 47 45 45 54 59 59 65 59 59 61 60 41 41 0 91 91 107 111 105 105 100 97 97 -1 -1 -1 -1 -1 -1 -1 -1 -1 -1 -1 101 100 100 111 110 110 108 74 37 37 27 26 26 44 74 74 82 74 68 68 53 53 53 54 60 66 66 67 70 70 73 67 67 66 67 70 70
0 0 0 0 0 0 0 0 0 27 35 9 9 32 101 101 90 102 102 106 117 114 114 111 107 107 96 -1 -1 -1 -1 -1 -1 -1 -1 -1 -1 -1 96 96 104 107 107 114 50 0 0 59 78 78 71 66 66 61 45 58 58 70 83 83 84 70 48 48 38 26 26 21 22 24 24 30 36 36 35 33 33 35 36 41 41 45 42 42 31 16 9 9 0 0 0 2 9 9 10 18 26 26 20 2 2 0 15 36 36 45 39 39 54 53 53 55 35 24 24 18 30 30 29 -49 -51 -51 30 39 39 42 45 61 61 76 84 84 91 104 104 118 119 113 113 113 84 84 -110 -42 65 65 59 22 22 -91 0 0 37 78 95 95 78 62 62 49 42 45 45 0 79 79 114 114 114 123 118 118 118 113 53 53 65 95 111 111 113 107 107 104 102 106 106 100 90 90 -1 -1 -1 -1 -1 -1 -1 -1 -1 -1 -1 -1 -1 -1 -1 -1 -1 -1 -1 -1 -1 -1 -1 -1 -1 -1 -1 -1 -1 -1 -1 -1 -1 -1 -1 -1 -1 -1 -1 -1 -1 -1 -1 -1 -1 -1 -1 -1 -1 -1 -1 -1 -1 -1 -1 -1 -1 -1 -1 -1 -1 -1 -1 -1 -1 -1 -1 -1 93 99 96 96 105 107 107 106 108 108 96 43 25 25 19 37 37 72 94 96 96 111 113 113 108 100 100 85 68 56 56 43 31 31 41 61 82 82 90 96 96 104 95 83 83 89 106 106 120 123 123 118 111 106 106 107 88 88 76 62 56 56 60 70 70 84 89 89 61 26 56 56 58 67 67 53 42 38 38 27 29 29 45 0 0 -49 106 117 117 111 102 102 97 91 -1 -1 -1 -1 -1 -1 -1 -1 -1 -1 -1 -1 -1 -1 -1 -1 -1 -1 -1 -1 -1 -1 -1 -1 -1 -1 -1 -1 -1 -1 -1 -1 -1 -1 -1 -1 -1 -1 -1 -1 -1 -1 -1 -1 -1 -1 -1 -1 -1 -1 -1 -1 -1 -1 97 97 99 105 110 110 82 43 43 14 7 31 31 81 91 91 106 106 106 96 90 81 81 68 45 45 29 22 31 31 55 78 78 74 61 61 47 45 54 54 59 65 65 59 61 60 60 41 0 0 91 107 107 111 105 100 100 97 -1 -1 -1 -1 -1 -1 -1 -1 -1 -1 -1 101 101 100 111 111 110 108 108 74 37 27 27 26 44 44 74 82 74 74 68 53 53 53 54 54 60 66 67 67 70 73 73 67 66 67 67 70
0 0 0 0 0 0 0 2 13 13 10 24 -1 -1 -45 19 19 29 79 113 113 116 111 111 107 96 96 -1 -1 -1 -1 -1 -1 -1 -1 -1 -1 -1 -1 100 100 106 108 108 66 21 19 19 64 71 71 50 44 39 39 49 58 58 68 68 54 54 36 29 29 16 20 20 20 27 32 32 33 36 36 36 33 35 35 37 37 37 30 22 22 15 13 10 10 8 9 9 19 12 22 22 37 14 14 -79 14 14 16 14 74 74 61 47 47 42 19 22 22 35 43 43 72 82 99 99 113 111 111 110 110 110 112 113 110 110 110 112 112 112 114 116 116 122 113 113 74 0 0 -4 64 56 56 32 24 24 24 54 78 78 82 71 71 49 35 35 38 33 8 8 47 112 112 120 114 116 116 116 112 112 107 111 101 101 107 111 111 111 105 105 99 95 -1 -1 -1 -1 -1 -1 -1 -1 -1 -1 -1 -1 -1 -1 -1 -1 -1 -1 -1 -1 -1 -1 -1 -1 -1 -1 -1 -1 -1 -1 -1 -1 -1 -1 -1 -1 -1 -1 -1 -1 -1 -1 -1 -1 -1 -1 -1 -1 -1 -1 -1 -1 -1 -1 -1 -1 -1 -1 -1 -1 -1 -1 -1 -1 -1 -1 -1 -1 -1 -1 -1 107 107 106 105 110 110 99 77 77 55 27 22 22 30 61 61 82 87 87 94 107 113 113 113 111 111 105 90 73 73 59 50 50 41 55 76 76 93 99 99 104 105 105 99 88 97 97 114 123 123 123 118 111 111 106 107 107 79 64 64 45 39 45 45 64 83 83 91 88 77 77 60 66 66 66 62 62 45 38 36 36 33 37 37 0 -37 101 101 118 112 112 105 100 100 93 -1 -1 -1 -1 -1 -1 -1 -1 -1 -1 -1 -1 -1 -1 -1 -1 -1 -1 -1 -1 -1 -1 -1 -1 -1 -1 -1 -1 -1 -1 -1 -1 -1 -1 -1 -1 -1 -1 -1 -1 -1 -1 -1 -1 -1 -1 -1 -1 -1 -1 -1 -1 99 99 107 101 101 110 55 27 27 10 25 25 38 49 60 60 89 114 114 97 108 94 94 85 70 70 44 27 27 21 30 54 54 77 74 74 61 36 26 26 27 35 35 38 33 33 37 45 64 64 -67 -61 -61 -1 101 108 108 105 100 100 -1 -1 -1 -1 -1 -1 -1 -1 -1 -1 99 100 105 105 114 110 110 76 26 30 30 73 96 96 82 70 70 70 66 65 65 58 50 50 45 45 52 52 56 59 59 56 58 58 59 61 61 61
0 0 0 0 0 0 0 4 4 8 10 -11 -11 -58 -64 -64 18 7 7 30 95 113 113 110 105 105 96 -1 -1 -1 -1 -1 -1 -1 -1 -1 -1 -1 -1 -1 99 104 104 107 67 9 9 21 53 53 49 44 44 31 31 39 39 49 55 55 54 41 25 25 20 14 14 21 25 33 33 36 32 32 35 33 33 27 30 30 30 26 20 20 13 12 16 16 25 21 21 30 20 20 26 30 8 8 6 -40 -40 85 38 7 7 39 49 49 12 18 18 31 68 100 100 110 119 119 114 113 118 118 118 114 114 118 118 112 112 118 116 116 96 89 89 95 114 116 116 111 61 61 4 59 78 78 52 37 37 35 42 42 50 76 55 55 44 38 38 36 33 32 32 0 55 55 110 118 118 116 111 106 106 106 102 102 99 106 105 105 101 101 101 95 -1 -1 -1 -1 -1 -1 -1 -1 -1 -1 -1 -1 -1 -1 -1 -1 -1 -1 -1 -1 -1 -1 -1 -1 -1 -1 -1 -1 -1 -1 -1 -1 -1 -1 -1 -1 -1 -1 -1 -1 -1 -1 -1 -1 -1 -1 -1 -1 -1 -1 -1 -1 -1 -1 -1 -1 -1 -1 -1 -1 -1 -1 -1 -1 -1 -1 -1 -1 -1 -1 -1 97 99 99 112 108 104 104 83 43 43 20 21 21 29 76 95 95 104 100 100 100 96 93 93 100 113 113 111 107 107 95 79 67 67 64 65 65 77 91 102 102 105 105 105 110 106 100 100 110 118 118 123 120 120 117 112 107 107 108 76 76 59 42 38 38 47 66 66 87 93 93 94 77 71 71 71 74 74 67 66 48 48 36 43 43 15 0 0 -31 112 120 120 112 107 107 104 99 93 93 -1 -1 -1 -1 -1 -1 -1 -1 -1 -1 -1 -1 -1 -1 -1 -1 -1 -1 -1 -1 -1 -1 -1 -1 -1 -1 -1 -1 -1 -1 -1 -1 -1 -1 -1 -1 -1 -1 -1 -1 -1 -1 -1 -1 -1 -1 -1 -1 -1 -1 -1 100 96 96 107 90 0 0 6 25 25 29 22 31 31 42 68 68 90 99 99 104 111 95 95 81 54 54 30 21 29 29 49 71 71 65 54 54 22 10 10 10 15 21 21 18 26 36 36 58 60 60 -60 -70 -70 65 112 107 107 104 96 96 -1 -1 -1 -1 -1 -1 -1 97 104 102 102 110 113 113 60 31 31 24 74 90 90 96 87 87 76 61 54 54 56 43 43 39 37 37 36 39 48 48 49 43 43 47 45 44 44 42
0 0 0 0 0 0 0 4 8 8 10 -11 -58 -58 -64 18 18 7 30 95 95 113 110 110 105 96 96 -1 -1 -1 -1 -1 -1 -1 -1 -1 -1 -1 -1 99 99 104 107 107 67 9 21 21 53 49 49 44 31 31 31 39 49 49 55 54 41 41 25 20 20 14 21 21 25 33 36 36 32 35 35 33 27 30 30 30 26 26 20 13 13 12 16 25 25 21 30 30 20 26 30 30 8 6 6 -40 85 85 38 7 39 39 49 12 12 18 31 68 68 100 110 110 119 114 113 113 118 118 118 114 118 118 118 112 118 118 116 96 96 89 95 114 114 116 111 111 61 4 4 59 78 52 52 37 35 35 42 50 76 76 55 44 44 38 36 36 33 32 0 0 55 110 110 118 116 111 111 106 106 106 102 99 106 106 105 101 101 101 95 95 -1 -1 -1 -1 -1 -1 -1 -1 -1 -1 -1 -1 -1 -1 -1 -1 -1 -1 -1 -1 -1 -1 -1 -1 -1 -1 -1 -1 -1 -1 -1 -1 -1 -1 -1 -1 -1 -1 -1 -1 -1 -1 -1 -1 -1 -1 -1 -1 -1 -1 -1 -1 -1 -1 -1 -1 -1 -1 -1 -1 -1 -1 -1 -1 -1 -1 -1 -1 -1 -1 97 97 99 112 112 108 104 83 83 43 20 20 21 29 76 76 95 104 104 100 100 100 96 93 100 100 113 111 111 107 95 79 79 67 64 64 65 77 91 91 102 105 105 105 110 110 106 100 110 110 118 123 123 120 117 112 112 107 108 108 76 59 59 42 38 47 47 66 87 87 93 94 77 77 71 71 71 74 67 67 66 48 36 36 43 15 15 0 -31 112 112 120 112 112 107 104 104 99 93 -1 -1 -1 -1 -1 -1 -1 -1 -1 -1 -1 -1 -1 -1 -1 -1 -1 -1 -1 -1 -1 -1 -1 -1 -1 -1 -1 -1 -1 -1 -1 -1 -1 -1 -1 -1 -1 -1 -1 -1 -1 -1 -1 -1 -1 -1 -1 -1 -1 -1 -1 100 100 96 107 107 90 0 6 6 25 29 29 22 31 42 42 68 90 90 99 104 111 111 95 81 81 54 30 30 21 29 49 49 71 65 65 54 22 10 10 10 15 15 21 18 18 26 36 58 58 60 -60 -60 -70 65 112 112 107 104 104 96 -1 -1 -1 -1 -1 -1 -1 97 97 104 102 110 110 113 60 60 31 24 74 74 90 96 96 87 76 76 61 54 56 56 43 39 39 37 36 39 39 48 49 49 43 47 47 45 44 42 42
0 0 0 0 0 0 0 1 1 21 56 10 10 13 48 48 71 47 47 19 78 110 110 108 100 100 97 -1 -1 -1 -1 -1 -1 -1 -1 -1 -1 -1 -1 -1 97 102 102 111 66 20 20 16 52 52 48 33 33 20 32 38 38 45 49 49 47 35 22 22 18 21 21 29 31 38 38 44 32 32 26 22 22 19 19 18 18 18 14 14 12 14 18 18 31 32 32 35 22 22 32 22 0 0 32 93 93 111 84 67 67 13 21 21 30 50 50 96 108 118 118 116 110 110 120 124 119 119 122 123 123 119 119 120 120 100 55 55 20 24 24 45 90 110 110 106 52 52 9 66 53 53 56 44 44 54 49 49 48 18 13 13 14 6 6 30 42 31 31 0 85 85 112 107 107 107 108 104 104 100 101 101 97 -1 97 97 -1 -1 -1 -1 -1 -1 -1 -1 -1 -1 -1 -1 -1 -1 -1 -1 -1 -1 -1 -1 -1 -1 -1 -1 -1 -1 -1 -1 -1 -1 -1 -1 -1 -1 -1 -1 -1 -1 -1 -1 -1 -1 -1 -1 96 95 95 -1 -1 -1 -1 -1 -1 -1 -1 -1 -1 -1 -1 -1 -1 -1 -1 -1 -1 -1 -1 -1 -1 -1 -1 -1 96 101 101 102 105 105 101 60 42 42 29 30 30 48 66 66 83 111 113 113 112 112 112 106 93 90 90 97 105 105 102 104 104 101 91 85 85 87 88 88 96 101 102 102 102 106 106 112 112 108 108 114 119 119 120 119 119 119 114 110 110 106 83 83 73 66 62 62 66 79 79 93 100 100 100 81 70 70 70 81 81 79 67 50 50 42 47 47 39 0 0 -51 102 112 112 108 113 113 111 105 100 100 97 -1 -1 -1 -1 -1 -1 -1 -1 -1 -1 -1 -1 -1 -1 -1 -1 -1 -1 -1 -1 -1 -1 -1 -1 -1 -1 -1 -1 -1 -1 -1 -1 -1 -1 -1 -1 -1 -1 -1 -1 -1 -1 -1 -1 -1 -1 -1 -1 -1 -1 99 110 110 112 47 1 1 22 29 29 15 3 6 6 26 47 47 70 85 85 102 101 101 101 93 67 67 41 25 27 27 41 58 58 55 42 42 15 2 6 6 9 14 14 13 22 29 29 42 50 50 -22 -93 -93 43 91 111 111 105 99 99 -1 -1 -1 -1 -1 -1 -1 105 101 113 113 108 89 89 6 13 13 43 73 79 79 81 71 71 55 43 41 41 45 41 41 36 33 33 31 30 35 35 39 36 36 26 25 24 24 22
0 0 0 0 0 0 0 1 21 21 56 10 13 13 48 71 71 47 19 78 78 110 108 108 100 97 97 -1 -1 -1 -1 -1 -1 -1 -1 -1 -1 -1 -1 97 97 102 111 111 66 20 16 16 52 48 48 33 20 32 32 38 45 45 49 47 35 35 22 18 18 21 29 29 31 38 44 44 32 26 26 22 19 19 19 18 18 18 14 12 12 14 18 31 31 32 35 35 22 32 22 22 0 32 32 93 111 111 84 67 13 13 21 30 30 50 96 108 108 118 116 116 110 120 124 124 119 122 122 123 119 119 119 120 100 100 55 20 20 24 45 90 90 110 106 106 52 9 9 66 53 56 56 44 54 54 49 48 18 18 13 14 14 6 30 30 42 31 0 0 85 112 112 107 107 108 108 104 100 100 101 97 -1 -1 97 -1 -1 -1 -1 -1 -1 -1 -1 -1 -1 -1 -1 -1 -1 -1 -1 -1 -1 -1 -1 -1 -1 -1 -1 -1 -1 -1 -1 -1 -1 -1 -1 -1 -1 -1 -1 -1 -1 -1 -1 -1 -1 -1 -1 96 96 95 -1 -1 -1 -1 -1 -1 -1 -1 -1 -1 -1 -1 -1 -1 -1 -1 -1 -1 -1 -1 -1 -1 -1 -1 -1 96 96 101 102 102 105 101 101 60 42 29 29 30 48 48 66 83 111 111 113 112 112 112 106 106 93 90 97 97 105 102 102 104 101 91 91 85 87 87 88 96 101 101 102 102 102 106 112 112 112 108 114 114 119 120 120 119 119 114 114 110 106 106 83 73 73 66 62 66 66 79 93 93 100 100 81 81 70 70 70 81 79 79 67 50 42 42 47 39 39 0 -51 102 102 112 108 108 113 111 111 105 100 97 97 -1 -1 -1 -1 -1 -1 -1 -1 -1 -1 -1 -1 -1 -1 -1 -1 -1 -1 -1 -1 -1 -1 -1 -1 -1 -1 -1 -1 -1 -1 -1 -1 -1 -1 -1 -1 -1 -1 -1 -1 -1 -1 -1 -1 -1 -1 -1 -1 -1 99 99 110 112 112 47 1 22 22 29 15 15 3 6 26 26 47 70 70 85 102 101 101 101 93 93 67 41 41 25 27 41 41 58 55 55 42 15 2 2 6 9 9 14 13 13 22 29 42 42 50 -22 -22 -93 43 91 91 111 105 105 99 -1 -1 -1 -1 -1 -1 -1 105 105 101 113 108 108 89 6 6 13 43 73 73 79 81 81 71 55 55 43 41 45 45 41 36 36 33 31 30 30 35 39 39 36 26 26 25 24 22 22
9 9 1 0 0 0 0 7 7 -51 -67 8 8 58 62 62 62 38 38 20 73 111 111 110 101 101 99 -1 -1 -1 -1 -1 -1 -1 -1 -1 -1 -1 91 91 99 102 102 112 91 60 60 0 43 43 39 33 33 31 35 41 41 47 48 48 45 32 24 24 22 22 22 30 30 41 41 45 30 30 19 12 12 7 6 9 9 12 13 13 14 18 20 20 33 36 36 22 35 35 19 2 -39 -39 -4 116 116 114 114 107 107 64 62 62 97 111 111 120 119 118 118 112 78 78 90 111 116 116 119 127 127 116 116 105 105 45 2 2 22 8 8 7 48 104 104 113 47 47 8 54 53 53 55 47 47 48 32 32 6 25 -40 -40 42 27 27 16 0 3 3 43 102 102 107 107 107 105 99 90 90 91 -1 -1 -1 -1 -1 -1 -1 -1 -1 -1 -1 -1 -1 -1 -1 -1 -1 -1 -1 -1 -1 -1 -1 -1 -1 -1 -1 -1 -1 -1 -1 -1 -1 -1 -1 -1 -1 -1 -1 -1 -1 -1 -1 -1 -1 -1 -1 -1 96 96 102 99 99 97 -1 -1 -1 -1 -1 -1 -1 -1 -1 -1 -1 -1 -1 -1 -1 -1 -1 -1 -1 -1 -1 -1 -1 96 101 104 104 106 107 107 37 8 20 20 44 73 73 100 104 104 112 117 119 119 118 117 117 110 97 93 93 94 91 91 93 100 100 106 105 101 101 104 102 102 110 105 99 99 97 104 104 113 114 111 111 116 119 119 119 119 119 120 117 111 111 106 100 100 96 94 93 93 91 95 95 104 106 106 101 88 82 82 70 84 84 84 68 65 65 41 54 54 70 21 21 -68 43 78 78 100 116 116 112 108 104 104 102 100 100 96 -1 -1 -1 -1 -1 -1 -1 -1 -1 -1 -1 -1 -1 -1 -1 -1 -1 -1 -1 -1 -1 -1 -1 -1 -1 -1 -1 -1 -1 -1 -1 -1 -1 -1 -1 -1 -1 -1 -1 -1 -1 -1 -1 -1 -1 -1 -1 101 107 107 107 19 19 19 20 13 13 1 0 0 0 13 24 24 61 77 77 95 116 102 102 97 78 78 49 31 26 26 33 43 43 38 27 27 1 0 0 0 0 4 4 6 7 9 9 21 30 30 43 -67 -67 35 84 111 111 107 100 100 -1 -1 -1 -1 -1 -1 -1 101 104 117 117 106 55 55 0 24 24 39 41 43 43 47 44 44 39 33 29 29 25 33 33 25 22 22 26 25 25 25 21 13 13 12 9 9 9 15
15 8 0 0 0 13 13 -53 18 18 0 52 39 39 37 35 35 3 44 110 110 111 110 110 102 -1 -1 -1 -1 -1 -1 -1 -1 -1 -1 -1 -1 -1 -1 -1 -1 97 107 107 104 106 -94 -94 25 37 37 39 31 38 38 44 56 56 55 54 43 43 19 15 15 12 19 19 30 45 47 47 32 19 19 8 0 0 0 1 2 2 10 20 20 25 26 19 19 1 0 0 0 0 43 43 106 117 117 112 119 119 116 120 122 122 120 120 120 122 118 116 116 81 52 52 10 36 111 111 117 122 122 123 101 101 95 38 14 14 45 54 54 49 19 21 21 -23 111 111 49 -83 -83 58 55 53 53 38 10 10 2 42 93 93 112 112 112 91 56 56 36 56 96 96 112 105 105 97 -1 -1 -1 -1 -1 -1 -1 -1 -1 -1 -1 -1 -1 -1 -1 -1 -1 -1 -1 -1 -1 -1 -1 -1 -1 -1 -1 -1 -1 -1 -1 -1 -1 -1 -1 -1 -1 -1 -1 -1 -1 -1 -1 -1 -1 -1 -1 -1 -1 -1 100 99 101 101 110 116 116 112 108 110 110 106 96 96 -1 -1 -1 -1 -1 -1 -1 -1 -1 -1 -1 -1 -1 -1 -1 -1 -1 102 107 114 114 104 96 96 -50 10 10 43 73 94 94 110 110 110 106 108 113 113 112 107 107 106 110 110 116 110 99 99 91 95 95 101 106 104 104 100 101 101 104 111 106 106 96 94 94 99 111 111 117 116 117 117 118 118 118 117 117 117 117 114 111 111 112 108 108 107 106 107 107 110 108 108 107 102 96 96 95 97 97 95 89 89 81 76 47 47 65 84 84 87 67 36 36 19 -58 -58 58 95 95 116 110 107 107 107 106 106 106 99 108 108 99 96 96 97 -1 -1 -1 -1 -1 -1 -1 -1 -1 -1 -1 -1 -1 -1 -1 -1 -1 -1 -1 -1 -1 -1 -1 -1 -1 -1 -1 -1 -1 -1 -1 -1 -1 -1 -1 -1 -1 -1 101 101 105 106 106 -53 3 10 10 1 0 0 0 0 7 7 30 62 62 82 94 113 113 113 104 104 74 44 44 33 32 32 32 33 19 19 13 6 0 0 0 0 0 0 0 0 0 0 0 0 9 41 41 0 35 88 88 110 105 105 97 -1 -1 -1 -1 -1 -1 -1 105 105 110 108 110 110 0 33 33 49 35 15 15 16 12 12 20 33 33 37 24 29 29 27 29 29 29 25 19 19 14 14 14 14 10 10 15 20 26 26
15 15 8 0 0 0 13 -53 -53 18 0 52 52 39 37 37 35 3 3 44 110 111 111 110 102 102 -1 -1 -1 -1 -1 -1 -1 -1 -1 -1 -1 -1 -1 -1 -1 97 97 107 104 106 106 -94 25 25 37 39 39 31 38 44 44 56 55 55 54 43 19 19 15 12 12 19 30 45 45 47 32 32 19 8 8 0 0 1 1 2 10 10 20 25 26 26 19 1 1 0 0 0 0 43 106 106 117 112 112 119 116 120 120 122 120 120 120 122 122 118 116 81 81 52 10 10 36 111 117 117 122 123 123 101 95 38 38 14 45 45 54 49 49 19 21 -23 -23 111 49 49 -83 58 55 55 53 38 38 10 2 2 42 93 112 112 112 91 91 56 36 56 56 96 112 112 105 97 97 -1 -1 -1 -1 -1 -1 -1 -1 -1 -1 -1 -1 -1 -1 -1 -1 -1 -1 -1 -1 -1 -1 -1 -1 -1 -1 -1 -1 -1 -1 -1 -1 -1 -1 -1 -1 -1 -1 -1 -1 -1 -1 -1 -1 -1 -1 -1 -1 -1 100 99 99 101 110 110 116 112 112 108 110 106 106 96 -1 -1 -1 -1 -1 -1 -1 -1 -1 -1 -1 -1 -1 -1 -1 -1 -1 102 102 107 114 104 104 96 -50 -50 10 43 73 73 94 110 110 110 106 106 108 113 112 112 107 106 106 110 116 110 110 99 91 91 95 101 101 106 104 100 100 101 104 104 111 106 96 96 94 99 99 111 117 116 116 117 118 118 118 117 117 117 117 114 114 111 112 112 108 107 106 106 107 110 110 108 107 107 102 96 95 95 97 95 95 89 81 76 76 47 65 65 84 87 87 67 36 19 19 -58 58 58 95 116 110 110 107 107 107 106 106 99 99 108 99 99 96 97 97 -1 -1 -1 -1 -1 -1 -1 -1 -1 -1 -1 -1 -1 -1 -1 -1 -1 -1 -1 -1 -1 -1 -1 -1 -1 -1 -1 -1 -1 -1 -1 -1 -1 -1 -1 -1 -1 -1 101 105 105 106 -53 3 3 10 1 1 0 0 0 0 7 30 30 62 82 82 94 113 113 113 104 74 74 44 33 32 32 32 33 33 19 13 13 6 0 0 0 0 0 0 0 0 0 0 0 9 9 41 0 0 35 88 110 110 105 97 97 -1 -1 -1 -1 -1 -1 -1 105 110 108 108 110 0 0 33 49 49 35 15 16 16 12 20 20 33 37 24 24 29 27 27 29 29 29 25 19 14 14 14 14 14 10 15 20 20 26
14 3 0 0 0 36 36 18 18 18 38 43 22 22 6 0 0 21 71 110 110 111 106 106 97 -1 -1 -1 -1 -1 -1 -1 -1 -1 -1 -1 -1 -1 -1 95 95 101 105 105 106 105 -17 -17 0 39 39 35 37 39 39 39 45 45 43 42 33 33 14 6 6 2 15 15 30 45 50 50 36 24 24 8 0 0 0 0 0 0 7 25 25 31 31 12 12 0 19 19 29 48 102 102 116 113 113 120 111 111 113 123 117 117 123 119 119 117 111 94 94 47 0 0 24 8 111 111 118 123 123 113 58 58 38 14 64 64 64 43 43 36 24 9 9 0 99 99 68 -98 -98 68 61 38 38 18 20 20 50 99 119 119 108 112 112 110 102 102 97 104 113 113 110 100 100 -1 -1 -1 -1 -1 -1 -1 -1 -1 -1 -1 -1 -1 -1 -1 -1 -1 -1 -1 -1 -1 -1 -1 -1 -1 -1 -1 -1 -1 -1 -1 -1 -1 -1 -1 -1 -1 -1 -1 -1 -1 -1 -1 -1 -1 -1 -1 -1 -1 -1 -1 94 101 111 111 108 105 105 114 118 110 110 106 105 105 96 90 -1 -1 -1 -1 -1 -1 -1 -1 -1 -1 -1 -1 -1 96 96 107 108 102 102 105 42 42 -74 56 56 77 91 102 102 111 107 107 101 104 108 108 108 106 106 105 111 111 118 114 107 107 97 99 99 104 106 102 102 99 97 97 99 106 104 104 100 96 96 101 112 112 118 117 119 119 119 119 119 117 117 117 117 117 114 114 113 111 111 110 110 113 113 114 116 116 116 108 105 105 102 105 105 105 99 99 91 88 66 66 70 78 78 89 88 64 64 31 14 14 19 24 24 56 99 113 113 111 108 108 110 111 102 102 101 107 107 100 96 -1 -1 -1 -1 -1 -1 -1 -1 -1 -1 -1 -1 -1 -1 -1 -1 -1 -1 -1 -1 -1 -1 -1 -1 -1 -1 -1 -1 -1 -1 -1 -1 -1 -1 -1 -1 -1 104 104 102 112 112 78 0 0 0 14 0 0 1 0 9 9 29 60 60 73 101 108 108 105 94 94 66 39 39 26 21 20 20 20 13 13 8 0 0 0 0 0 0 0 0 0 0 0 0 0 7 24 24 0 45 99 99 108 105 105 97 -1 -1 -1 -1 -1 -1 -1 112 112 106 107 107 107 0 53 53 43 41 26 26 19 19 19 29 36 36 47 38 27 27 32 33 33 33 30 25 25 21 22 22 25 30 30 35 41 48 48
14 14 3 0 0 0 36 18 18 18 38 43 43 22 6 6 0 21 21 71 110 111 111 106 97 97 -1 -1 -1 -1 -1 -1 -1 -1 -1 -1 -1 -1 -1 -1 95 101 101 105 106 105 105 -17 0 0 39 35 35 37 39 39 39 45 43 43 42 33 14 14 6 2 2 15 30 45 45 50 36 36 24 8 8 0 0 0 0 0 7 7 25 31 31 31 12 0 0 19 29 29 48 102 116 116 113 120 120 111 113 123 123 117 123 123 119 117 117 111 94 47 47 0 24 24 8 111 118 118 123 113 113 58 38 14 14 64 64 64 43 36 36 24 9 0 0 99 68 68 -98 68 61 61 38 18 18 20 50 50 99 119 108 108 112 110 110 102 97 104 104 113 110 110 100 -1 -1 -1 -1 -1 -1 -1 -1 -1 -1 -1 -1 -1 -1 -1 -1 -1 -1 -1 -1 -1 -1 -1 -1 -1 -1 -1 -1 -1 -1 -1 -1 -1 -1 -1 -1 -1 -1 -1 -1 -1 -1 -1 -1 -1 -1 -1 -1 -1 -1 -1 94 101 101 111 108 108 105 114 114 118 110 106 106 105 96 96 90 -1 -1 -1 -1 -1 -1 -1 -1 -1 -1 -1 -1 -1 96 107 107 108 102 105 105 42 -74 -74 56 77 91 91 102 111 111 107 101 101 104 108 108 108 106 105 105 111 118 114 114 107 97 97 99 104 104 106 102 99 99 97 99 99 106 104 100 100 96 101 101 112 118 117 117 119 119 119 119 117 117 117 117 117 117 114 113 113 111 110 110 110 113 114 114 116 116 116 108 105 102 102 105 105 105 99 91 88 88 66 70 70 78 89 89 88 64 31 31 14 19 19 24 56 99 99 113 111 111 108 110 111 111 102 101 101 107 100 100 96 -1 -1 -1 -1 -1 -1 -1 -1 -1 -1 -1 -1 -1 -1 -1 -1 -1 -1 -1 -1 -1 -1 -1 -1 -1 -1 -1 -1 -1 -1 -1 -1 -1 -1 -1 -1 -1 104 102 102 112 78 0 0 0 14 14 0 1 0 0 9 29 29 60 73 73 101 108 105 105 94 66 66 39 26 21 21 20 20 20 13 8 8 0 0 0 0 0 0 0 0 0 0 0 0 7 7 24 0 0 45 99 108 108 105 97 97 -1 -1 -1 -1 -1 -1 -1 112 106 107 107 107 0 0 53 43 43 41 26 19 19 19 29 29 36 47 38 38 27 32 32 33 33 33 30 25 21 21 22 25 25 30 35 41 41 48
2 0 0 0 -41 30 30 18 41 41 54 29 9 9 0 48 48 71 108 111 111 106 100 100 -1 -1 -1 -1 -1 -1 -1 -1 -1 -1 -1 -1 -1 -1 93 99 99 106 108 108 107 102 101 101 13 14 14 25 43 44 44 38 39 39 31 22 15 15 2 0 0 3 19 19 35 52 54 54 41 25 25 7 0 0 0 0 0 0 7 30 30 42 41 19 19 14 49 49 93 112 114 114 114 112 112 111 116 116 114 116 110 110 114 110 110 113 95 44 44 -60 -49 -49 39 8 116 116 116 118 118 82 30 30 7 65 74 74 67 48 48 36 35 15 15 0 64 64 90 0 0 36 35 8 8 21 68 68 102 108 108 108 113 106 106 106 106 106 108 108 102 102 97 95 95 -1 -1 -1 -1 -1 -1 -1 -1 -1 -1 -1 -1 -1 -1 -1 -1 -1 -1 -1 -1 -1 -1 -1 -1 -1 -1 -1 -1 -1 -1 -1 -1 -1 -1 -1 -1 -1 -1 -1 -1 -1 -1 -1 -1 -1 -1 -1 -1 -1 -1 -1 95 107 108 108 81 61 61 82 107 108 108 111 112 112 104 107 99 99 104 102 102 100 102 102 101 99 104 104 104 107 107 107 105 79 79 36 8 8 62 95 95 101 102 107 107 111 108 108 100 102 107 107 107 106 106 106 113 113 119 118 114 114 104 101 101 104 106 104 104 100 97 97 96 107 107 107 104 100 100 105 113 113 118 118 119 119 120 119 119 116 113 116 116 116 116 116 117 116 116 116 117 118 118 119 119 119 119 116 114 114 113 114 114 113 110 110 106 105 81 81 84 82 82 74 68 59 59 54 56 56 41 25 25 15 37 78 78 102 112 112 117 106 100 100 104 107 107 110 107 101 101 100 -1 -1 -1 -1 -1 -1 -1 -1 -1 -1 -1 -1 -1 -1 -1 -1 -1 -1 -1 -1 -1 -1 -1 -1 -1 -1 -1 -1 -1 -1 -1 93 93 91 110 110 111 113 113 101 0 0 0 10 9 9 8 3 15 15 25 60 60 77 84 94 94 87 74 74 52 26 26 15 10 6 6 4 0 0 3 0 0 0 0 0 0 0 0 0 0 0 0 0 9 0 0 37 78 110 110 106 102 102 95 -1 -1 -1 -1 -1 -1 -1 102 102 105 112 108 108 27 27 27 41 58 41 41 32 39 39 44 61 61 55 56 45 45 48 50 50 52 48 42 42 39 42 42 45 53 53 58 64 70 70
1 1 0 72 -26 -26 24 31 31 52 49 9 9 0 47 47 110 108 108 112 107 102 102 95 -1 -1 -1 -1 -1 -1 -1 -1 -1 -1 -1 -1 -1 -1 93 93 100 106 106 106 101 106 106 107 83 83 0 19 19 42 55 44 44 38 27 27 9 0 0 0 0 4 4 22 39 55 55 52 32 32 12 0 0 0 0 0 0 0 6 6 31 42 43 43 38 9 9 38 94 94 106 111 120 120 116 114 114 110 114 112 112 108 99 99 55 45 45 -59 -64 -46 -46 -9 6 6 33 116 116 116 122 64 64 16 13 65 65 67 67 67 36 37 37 32 30 25 25 31 105 105 37 35 31 31 42 76 76 106 113 113 105 104 108 108 105 100 100 99 102 105 105 100 96 96 96 -1 -1 -1 -1 -1 -1 -1 -1 -1 -1 -1 -1 -1 -1 -1 -1 -1 -1 -1 -1 -1 -1 -1 -1 -1 -1 -1 -1 -1 -1 -1 -1 -1 -1 -1 -1 -1 -1 -1 -1 -1 -1 -1 -1 -1 -1 -1 -1 -1 -1 -1 96 106 106 104 73 73 -111 0 0 59 97 106 106 113 110 110 111 108 112 112 106 102 102 107 107 104 104 106 112 112 119 100 100 72 27 15 15 74 101 101 110 110 110 110 112 114 114 110 105 105 107 111 111 111 110 111 111 113 117 118 118 116 105 105 102 104 104 107 110 105 105 102 101 101 110 112 111 111 107 108 108 113 117 117 117 119 120 120 118 113 113 111 111 112 112 112 118 118 117 116 114 114 114 113 113 113 114 114 117 117 117 117 117 114 114 113 113 113 113 101 97 97 83 61 61 52 49 58 58 68 70 70 76 52 21 21 26 48 48 60 66 64 64 59 88 88 104 99 99 105 108 110 110 97 95 95 -1 -1 -1 -1 -1 -1 -1 -1 -1 -1 -1 -1 -1 -1 -1 -1 -1 -1 -1 99 99 100 107 107 99 99 99 99 106 100 100 114 116 116 118 113 61 61 27 4 4 29 26 14 14 0 10 10 60 67 67 76 70 60 60 48 29 29 9 1 1 1 0 0 0 0 0 0 0 0 0 0 0 0 0 0 0 0 0 2 0 0 14 100 100 108 105 104 104 99 -1 -1 -1 -1 -1 -1 -1 -1 -1 97 108 107 107 105 68 68 0 26 26 55 60 58 58 66 78 78 78 77 77 77 64 72 72 77 79 79 77 71 67 67 70 73 73 82 85 90 90 94
1 0 72 72 -26 24 24 31 52 52 49 9 0 0 47 110 110 108 112 107 107 102 95 95 -1 -1 -1 -1 -1 -1 -1 -1 -1 -1 -1 -1 -1 -1 93 100 100 106 106 106 101 106 107 107 83 0 0 19 42 55 55 44 38 38 27 9 0 0 0 0 0 4 22 22 39 55 52 52 32 12 12 0 0 0 0 0 0 0 6 31 31 42 43 38 38 9 38 38 94 106 111 111 120 116 116 114 110 110 114 112 108 108 99 55 55 45 -59 -64 -64 -46 -9 -9 6 33 116 116 116 122 122 64 16 16 13 65 67 67 67 36 36 37 32 30 30 25 31 31 105 37 37 35 31 42 42 76 106 106 113 105 104 104 108 105 105 100 99 99 102 105 100 100 96 96 96 -1 -1 -1 -1 -1 -1 -1 -1 -1 -1 -1 -1 -1 -1 -1 -1 -1 -1 -1 -1 -1 -1 -1 -1 -1 -1 -1 -1 -1 -1 -1 -1 -1 -1 -1 -1 -1 -1 -1 -1 -1 -1 -1 -1 -1 -1 -1 -1 -1 -1 -1 96 106 104 104 73 -111 -111 0 59 97 97 106 113 113 110 111 108 108 112 106 106 102 107 107 107 104 106 106 112 119 119 100 72 27 27 15 74 74 101 110 110 110 110 112 112 114 110 110 105 107 111 111 111 110 110 111 113 113 117 118 116 116 105 102 102 104 107 110 110 105 102 102 101 110 112 112 111 107 107 108 113 113 117 117 119 119 120 118 118 113 111 111 111 112 112 112 118 117 117 116 114 114 114 113 113 113 114 117 117 117 117 117 117 114 113 113 113 113 101 101 97 83 83 61 52 49 49 58 68 68 70 76 76 52 21 26 26 48 60 60 66 64 59 59 88 104 104 99 105 108 108 110 97 97 95 -1 -1 -1 -1 -1 -1 -1 -1 -1 -1 -1 -1 -1 -1 -1 -1 -1 -1 -1 -1 99 100 100 107 99 99 99 99 106 106 100 114 114 116 118 118 113 61 27 27 4 29 29 26 14 0 0 10 60 60 67 76 70 70 60 48 48 29 9 9 1 1 0 0 0 0 0 0 0 0 0 0 0 0 0 0 0 0 0 2 2 0 14 14 100 108 105 105 104 99 99 -1 -1 -1 -1 -1 -1 -1 -1 97 97 108 107 105 105 68 0 0 26 55 60 60 58 66 66 78 78 78 77 77 64 64 72 77 77 79 77 71 71 67 70 70 73 82 82 85 90 94 94
0 0 48 106 67 67 27 21 21 39 25 0 0 56 110 110 102 111 111 108 100 97 97 -1 -1 -1 -1 -1 88 88 85 -1 -1 -1 -1 -1 -1 -1 93 93 97 101 101 102 99 105 105 110 108 108 9 20 20 44 74 64 64 53 42 42 21 3 1 1 7 8 8 30 49 61 61 52 22 22 0 0 0 0 0 0 0 0 9 9 33 42 42 42 43 19 19 33 81 81 111 117 112 112 111 113 113 122 107 93 93 59 25 25 27 20 20 22 47 -26 -26 -28 0 0 74 111 119 119 117 90 90 36 0 45 45 58 65 65 55 45 45 37 47 36 36 -77 107 107 104 89 88 88 101 110 110 107 105 105 110 108 96 96 97 94 94 91 93 -1 -1 -1 -1 -1 -1 -1 -1 -1 -1 -1 -1 -1 -1 -1 -1 -1 -1 -1 -1 -1 -1 -1 -1 -1 -1 -1 -1 -1 -1 -1 -1 -1 -1 -1 -1 -1 -1 -1 -1 -1 -1 -1 -1 -1 -1 -1 -1 -1 -1 -1 -1 -1 -1 -1 -1 -1 95 101 101 110 104 104 -97 -96 -96 7 36 76 76 105 108 108 116 106 112 112 111 107 107 110 111 110 110 113 113 113 112 70 70 32 36 71 71 95 117 117 119 118 116 116 117 114 114 110 108 108 112 114 113 113 114 112 112 113 116 116 116 114 107 107 104 104 104 108 113 113 113 111 106 106 112 114 116 116 112 112 112 116 118 117 117 119 120 120 119 113 113 107 107 111 111 112 117 117 116 114 110 110 106 102 102 102 102 102 112 113 111 111 108 110 110 110 112 116 116 116 104 104 82 58 58 48 48 56 56 67 83 83 89 88 68 68 41 29 29 27 -55 31 31 21 -54 -54 -37 81 81 111 111 108 108 101 99 99 95 93 91 91 -1 -1 -1 -1 -1 -1 -1 90 93 93 100 104 104 101 97 108 108 108 111 111 111 110 110 110 110 106 106 112 120 120 118 112 105 105 56 3 3 10 14 3 3 0 0 0 66 68 68 62 48 38 38 27 12 12 0 0 0 0 0 0 0 0 0 0 0 0 0 0 0 0 0 0 0 0 0 0 36 36 74 111 111 105 104 99 99 95 -1 -1 -1 -1 -1 -1 -1 -1 -1 95 100 102 102 114 106 106 37 16 16 24 61 76 76 84 94 94 106 93 93 93 91 93 93 97 102 102 102 97 95 95 96 99 99 102 104 106 106 107
0 95 114 114 71 16 16 9 6 6 0 4 107 107 111 112 112 106 106 95 95 -1 -1 -1 -1 -1 -1 -1 91 91 91 -1 -1 -1 -1 -1 -1 -1 -1 91 91 94 97 97 97 100 106 106 105 60 60 25 25 78 78 81 71 71 59 42 19 19 13 12 12 18 37 37 55 62 44 44 10 0 0 0 0 0 0 0 0 0 15 35 35 41 35 41 41 25 32 32 68 108 119 119 113 116 116 114 111 111 100 77 15 15 0 39 39 50 71 60 60 50 45 45 0 100 111 111 119 117 117 104 64 64 15 21 65 65 54 52 52 55 43 53 53 44 -96 -96 107 120 120 116 119 113 113 110 111 111 107 100 95 95 94 -1 -1 -1 -1 -1 -1 -1 -1 -1 -1 -1 -1 -1 -1 -1 -1 -1 -1 -1 -1 -1 -1 -1 -1 -1 -1 -1 -1 -1 -1 -1 -1 -1 -1 -1 -1 -1 -1 -1 -1 -1 -1 -1 -1 -1 -1 -1 -1 -1 -1 -1 -1 -1 -1 -1 -1 -1 -1 -1 -1 -1 -1 -1 100 102 111 111 116 13 13 19 2 0 0 33 87 87 111 112 110 110 110 107 107 105 105 105 110 110 105 105 112 94 94 41 12 61 61 99 116 116 119 124 124 122 117 113 113 111 111 111 113 119 117 117 116 113 113 112 113 113 116 116 116 116 110 106 106 106 111 114 114 116 114 114 113 114 118 118 118 114 114 113 118 118 119 118 119 119 120 117 117 111 104 105 105 108 111 111 118 117 117 112 104 95 95 91 91 91 95 101 101 101 101 97 97 97 102 102 110 113 114 114 108 88 88 66 50 50 50 64 82 82 100 95 95 93 91 74 74 48 30 30 27 41 47 47 6 -101 -101 -37 108 114 114 111 106 106 104 101 101 100 96 96 96 95 95 95 99 94 95 95 104 102 102 100 105 105 108 112 112 112 107 119 119 114 114 111 111 122 111 111 120 114 114 122 120 66 66 4 0 0 0 -110 -55 -55 0 64 64 55 47 42 42 24 12 12 1 0 0 0 0 0 0 0 0 0 0 0 0 0 0 0 0 0 4 4 0 0 0 0 88 108 108 113 102 104 104 95 -1 -1 -1 -1 -1 -1 -1 -1 -1 -1 -1 -1 96 105 113 113 111 79 79 35 0 48 48 84 93 93 101 100 100 101 102 100 100 102 106 106 111 112 111 111 108 110 110 111 111 111 108 110 112 112
0 0 95 114 71 71 16 9 9 6 0 4 4 107 111 111 112 106 106 106 95 -1 -1 -1 -1 -1 -1 -1 91 91 91 -1 -1 -1 -1 -1 -1 -1 -1 -1 91 94 94 97 97 100 100 106 105 105 60 25 25 25 78 81 81 71 59 59 42 19 13 13 12 18 18 37 55 62 62 44 10 10 0 0 0 0 0 0 0 0 15 15 35 41 35 35 41 25 25 32 68 68 108 119 113 113 116 114 114 111 100 77 77 15 0 0 39 50 50 71 60 50 50 45 0 0 100 111 119 119 117 104 104 64 15 21 21 65 54 54 52 55 55 43 53 44 44 -96 107 107 120 116 119 119 113 110 110 111 107 107 100 95 94 94 -1 -1 -1 -1 -1 -1 -1 -1 -1 -1 -1 -1 -1 -1 -1 -1 -1 -1 -1 -1 -1 -1 -1 -1 -1 -1 -1 -1 -1 -1 -1 -1 -1 -1 -1 -1 -1 -1 -1 -1 -1 -1 -1 -1 -1 -1 -1 -1 -1 -1 -1 -1 -1 -1 -1 -1 -1 -1 -1 -1 -1 -1 100 102 102 111 116 116 13 19 19 2 0 33 33 87 111 111 112 110 110 110 107 105 105 105 110 110 110 105 112 112 94 41 41 12 61 99 99 116 119 119 124 122 117 117 113 111 111 111 113 113 119 117 116 116 113 112 112 113 116 116 116 116 110 110 106 106 106 111 114 116 116 114 113 113 114 118 118 118 114 113 113 118 119 118 118 119 120 120 117 111 111 104 105 108 108 111 118 118 117 112 104 104 95 91 91 91 95 95 101 101 101 101 97 97 97 102 110 113 113 114 108 108 88 66 66 50 50 64 64 82 100 100 95 93 91 91 74 48 48 30 27 41 41 47 6 6 -101 -37 -37 108 114 111 111 106 104 104 101 100 96 96 96 95 95 95 99 99 94 95 104 104 102 100 100 105 108 112 112 112 107 107 119 114 114 114 111 122 122 111 120 120 114 122 120 120 66 4 4 0 0 -110 -110 -55 0 0 64 55 55 47 42 24 24 12 1 1 0 0 0 0 0 0 0 0 0 0 0 0 0 0 0 0 0 4 0 0 0 0 88 88 108 113 113 102 104 95 95 -1 -1 -1 -1 -1 -1 -1 -1 -1 -1 -1 96 105 105 113 111 111 79 35 35 0 48 84 84 93 101 101 100 101 102 102 100 102 102 106 111 111 112 111 108 108 110 111 111 111 108 110 110 112
67 106 107 107 112 78 78 47 43 43 65 113 116 116 102 108 108 97 101 -1 -1 -1 -1 -1 -1 -1 -1 93 99 99 99 91 -1 -1 -1 -1 -1 -1 -1 -1 -1 -1 85 85 91 99 106 106 112 101 101 52 9 66 66 101 107 107 96 81 59 59 49 47 47 39 49 49 56 54 30 30 0 0 0 0 0 0 0 7 10 10 21 39 39 47 44 22 22 0 36 36 100 118 118 118 105 118 118 119 107 107 42 0 49 49 82 82 82 81 65 54 54 43 38 38 0 100 114 114 117 118 118 114 -1 -1 77 0 81 81 74 59 59 54 42 48 48 54 -101 -101 112 118 118 112 107 108 108 110 110 110 106 95 -1 -1 -1 -1 -1 -1 -1 -1 -1 -1 -1 -1 -1 -1 -1 -1 -1 -1 -1 -1 -1 -1 -1 -1 -1 -1 -1 -1 -1 -1 -1 -1 -1 -1 -1 -1 -1 -1 -1 -1 -1 -1 -1 -1 -1 -1 -1 -1 -1 -1 -1 -1 -1 -1 -1 -1 -1 -1 -1 -1 -1 -1 -1 -1 -1 -1 101 102 107 107 107 100 100 38 15 38 38 9 0 0 0 20 45 45 13 0 0 7 49 49 96 113 102 102 -25 0 0 14 62 90 90 96 104 104 124 123 123 118 114 110 110 111 114 114 119 119 117 117 113 111 111 112 114 114 116 117 116 116 108 106 106 106 111 116 116 117 117 117 117 117 119 119 117 113 113 114 117 117 118 116 117 117 117 112 112 104 95 99 99 105 110 110 116 112 112 104 93 79 79 73 73 73 76 79 79 79 78 74 74 77 85 85 96 100 108 108 105 95 95 83 72 61 61 64 73 73 97 110 110 107 101 104 104 89 78 78 82 70 67 67 44 13 13 10 60 111 111 118 111 111 108 107 107 105 105 104 104 101 100 100 104 100 107 107 110 106 106 110 113 113 104 101 104 104 101 95 95 113 111 113 113 117 111 111 108 118 118 117 116 117 117 93 65 65 53 -1 -1 -1 0 72 72 56 37 25 25 8 0 0 0 0 0 0 0 0 0 0 0 0 0 0 0 0 0 0 0 0 0 0 37 65 105 105 110 112 112 101 102 107 107 -1 -1 -1 -1 -1 -1 -1 -1 -1 -1 -1 -1 -1 97 100 107 107 111 108 108 105 70 1 1 0 16 16 110 112 112 117 110 117 117 111 112 112 114 114 113 113 113 113 113 113 112 112 110 107 108 108
67 67 106 107 112 112 78 47 47 43 65 113 113 116 102 102 108 97 97 101 -1 -1 -1 -1 -1 -1 -1 93 99 99 99 91 91 -1 -1 -1 -1 -1 -1 -1 -1 -1 -1 85 91 99 99 106 112 112 101 52 52 9 66 101 101 107 96 96 81 59 49 49 47 39 39 49 56 54 54 30 0 0 0 0 0 0 0 7 7 10 21 21 39 47 44 44 22 0 0 36 100 100 118 118 105 105 118 119 119 107 42 0 0 49 82 82 82 81 81 65 54 43 43 38 0 0 100 114 117 117 118 114 114 -1 77 0 0 81 74 74 59 54 54 42 48 54 54 -101 112 112 118 112 107 107 108 110 110 110 106 106 95 -1 -1 -1 -1 -1 -1 -1 -1 -1 -1 -1 -1 -1 -1 -1 -1 -1 -1 -1 -1 -1 -1 -1 -1 -1 -1 -1 -1 -1 -1 -1 -1 -1 -1 -1 -1 -1 -1 -1 -1 -1 -1 -1 -1 -1 -1 -1 -1 -1 -1 -1 -1 -1 -1 -1 -1 -1 -1 -1 -1 -1 -1 -1 -1 -1 101 102 102 107 107 107 100 38 38 15 38 9 9 0 0 0 20 45 13 13 0 7 7 49 96 113 113 102 -25 -25 0 14 14 62 90 96 96 104 124 124 123 118 114 114 110 111 111 114 119 119 119 117 113 113 111 112 112 114 116 117 117 116 108 108 106 106 106 111 116 117 117 117 117 117 117 119 117 117 113 114 114 117 118 116 116 117 117 117 112 104 104 95 99 105 105 110 116 116 112 104 93 93 79 73 73 73 76 76 79 79 78 78 74 77 77 85 96 100 100 108 105 105 95 83 83 72 61 64 64 73 97 97 110 107 101 101 104 89 89 78 82 70 70 67 44 44 13 10 10 60 111 118 118 111 108 108 107 105 105 105 104 101 101 100 104 104 100 107 110 110 106 110 110 113 104 101 101 104 101 101 95 113 113 111 113 117 117 111 108 108 118 117 116 116 117 93 93 65 53 -1 -1 -1 0 0 72 56 56 37 25 8 8 0 0 0 0 0 0 0 0 0 0 0 0 0 0 0 0 0 0 0 0 0 37 65 65 105 110 110 112 101 101 102 107 -1 -1 -1 -1 -1 -1 -1 -1 -1 -1 -1 -1 -1 97 100 100 107 111 111 108 105 105 70 1 0 0 16 110 110 112 117 110 110 117 111 111 112 114 114 114 113 113 113 113 113 113 112 110 107 107 108
52 112 110 110 119 114 114 117 112 112 112 114 108 108 108 101 101 -1 -1 -1 -1 -1 -1 -1 -1 -1 -1 94 102 106 106 93 89 89 -1 -1 -1 -1 -1 -1 -1 -1 85 85 -1 -1 107 107 102 106 106 104 -45 31 31 95 122 122 113 96 79 79 74 74 74 73 73 73 67 55 26 26 0 0 0 0 19 35 35 32 4 4 0 0 0 -119 -120 1 1 62 104 104 114 116 116 116 117 110 110 112 106 106 35 0 87 87 89 87 87 82 77 76 76 37 14 14 14 110 113 113 116 114 114 95 -45 -45 -98 24 81 81 83 72 72 66 50 47 47 48 -86 -86 110 125 125 110 112 108 108 101 96 96 95 93 -1 -1 -1 -1 -1 -1 -1 -1 -1 -1 -1 -1 -1 -1 -1 -1 -1 -1 -1 -1 -1 -1 -1 -1 -1 -1 -1 -1 -1 -1 -1 -1 -1 -1 -1 -1 -1 -1 -1 -1 -1 -1 -1 -1 -1 -1 -1 -1 -1 -1 -1 -1 -1 -1 -1 -1 -1 -1 -1 -1 -1 -1 -1 -1 -1 -1 91 96 110 110 111 116 116 105 36 0 0 1 31 31 54 36 -63 -63 -40 -17 -17 -35 -87 -87 -112 -111 -111 -111 -91 -14 -14 70 87 96 96 106 108 108 117 123 123 120 116 113 113 112 119 119 120 116 118 118 113 111 111 112 114 114 117 116 113 113 105 104 104 105 110 116 116 119 120 120 122 119 120 120 118 112 112 113 116 116 116 112 113 113 113 106 106 96 88 94 94 102 110 110 106 102 102 91 74 61 61 52 52 52 53 56 55 55 54 52 52 54 66 66 78 85 94 94 95 95 95 90 82 70 70 70 82 82 104 106 106 105 102 102 102 107 106 106 96 85 59 59 58 62 62 22 22 83 83 112 114 114 111 110 110 110 108 108 108 107 104 104 108 108 111 111 108 106 106 116 95 95 48 -97 -111 -111 0 0 0 68 93 106 106 74 37 37 0 50 50 117 122 117 117 118 111 111 111 106 -17 -17 1 72 72 55 35 12 12 0 0 0 0 0 0 0 0 0 0 0 0 0 0 0 0 0 13 50 50 97 101 101 107 110 112 112 107 106 106 99 104 -1 -1 -1 -1 -1 -1 -1 -1 -1 -1 -1 -1 -1 -1 -1 90 93 107 107 108 106 106 110 107 -1 -1 -20 13 13 25 118 118 116 123 123 123 118 117 117 116 113 112 112 112 111 111 111 106 106 101 97 100 100
0 0 110 114 118 118 118 111 111 111 107 105 105 101 99 99 95 93 93 90 -1 -1 -1 -1 -1 -1 -1 91 99 99 102 101 101 99 93 93 88 -1 -1 -1 -1 -1 -1 -1 -1 -1 -1 102 104 104 111 112 112 88 -55 41 41 124 96 96 79 70 84 84 84 99 99 94 96 81 81 58 30 30 16 25 25 3 0 0 0 49 101 101 113 117 111 111 125 117 117 113 118 118 107 111 102 102 110 106 106 93 35 0 0 76 87 87 84 82 82 74 65 19 19 0 66 66 113 113 110 110 83 13 13 8 49 70 70 83 83 83 72 53 53 53 29 7 7 33 110 110 114 113 108 108 102 94 94 -1 -1 -1 -1 -1 -1 -1 -1 -1 -1 -1 -1 -1 -1 -1 -1 -1 -1 -1 -1 -1 -1 -1 -1 -1 -1 -1 -1 -1 -1 -1 -1 -1 -1 -1 -1 -1 -1 -1 -1 -1 -1 -1 -1 -1 -1 -1 -1 -1 -1 -1 -1 -1 -1 -1 -1 -1 -1 -1 -1 -1 -1 -1 -1 -1 -1 -1 -1 -1 -1 -1 -1 -1 97 97 110 110 110 111 94 30 30 0 35 35 67 70 56 56 59 60 60 70 -11 62 62 72 71 71 71 76 76 88 97 100 100 106 116 116 118 125 120 120 123 122 122 113 108 108 101 102 94 94 95 105 105 108 108 106 106 96 78 78 81 88 88 105 117 119 119 117 113 113 122 114 104 104 102 107 107 111 108 102 102 96 93 93 84 76 76 72 73 81 81 87 94 94 84 68 52 52 37 32 32 32 35 35 33 29 27 27 31 41 41 50 61 67 67 70 68 68 66 62 62 64 71 81 81 89 100 100 94 94 99 99 99 88 88 79 78 76 76 71 61 61 74 73 73 26 -63 -1 -1 104 101 101 107 110 106 106 100 102 102 105 110 110 110 95 77 77 -21 -63 -63 -94 -77 50 50 67 62 62 26 -84 -84 -30 32 8 8 -63 27 27 42 117 120 120 117 118 118 117 119 111 111 53 10 10 60 48 48 35 20 0 0 0 0 0 0 0 0 0 0 0 0 0 0 0 0 42 106 106 104 99 99 114 108 106 106 105 100 100 97 94 94 -1 -1 -1 -1 -1 -1 -1 -1 -1 -1 -1 -1 -1 -1 -1 -1 -1 -1 96 100 100 105 107 107 108 112 112 112 104 -86 -86 55 127 127 127 117 123 123 118 118 118 113 105 104 104 102 97 97 89 79 73 73 76
0 110 114 114 118 118 118 111 111 111 107 105 101 101 99 95 95 93 90 -1 -1 -1 -1 -1 -1 -1 -1 91 99 102 102 101 99 99 93 88 -1 -1 -1 -1 -1 -1 -1 -1 -1 -1 102 102 104 111 111 112 88 -55 -55 41 124 124 96 79 70 70 84 84 84 99 94 94 96 81 58 58 30 16 16 25 3 0 0 0 49 49 101 113 113 117 111 125 125 117 113 113 118 107 111 111 102 110 110 106 93 93 35 0 76 76 87 84 84 82 74 65 65 19 0 0 66 113 113 113 110 83 83 13 8 8 49 70 83 83 83 72 72 53 53 29 29 7 33 33 110 114 114 113 108 102 102 94 -1 -1 -1 -1 -1 -1 -1 -1 -1 -1 -1 -1 -1 -1 -1 -1 -1 -1 -1 -1 -1 -1 -1 -1 -1 -1 -1 -1 -1 -1 -1 -1 -1 -1 -1 -1 -1 -1 -1 -1 -1 -1 -1 -1 -1 -1 -1 -1 -1 -1 -1 -1 -1 -1 -1 -1 -1 -1 -1 -1 -1 -1 -1 -1 -1 -1 -1 -1 -1 -1 -1 -1 -1 -1 97 110 110 110 111 94 94 30 0 0 35 67 70 70 56 59 59 60 70 70 -11 62 72 72 71 71 71 76 88 97 97 100 106 106 116 118 118 125 120 123 123 122 113 113 108 101 102 102 94 95 95 105 108 108 108 106 96 96 78 81 81 88 105 117 117 119 117 117 113 122 114 114 104 102 102 107 111 111 108 102 96 96 93 84 84 76 72 73 73 81 87 87 94 84 84 68 52 37 37 32 32 32 35 33 29 29 27 31 31 41 50 50 61 67 70 70 68 66 66 62 64 71 71 81 89 89 100 94 94 94 99 99 99 88 79 79 78 76 71 71 61 74 74 73 26 -63 -63 -1 104 104 101 107 107 110 106 100 100 102 105 105 110 110 95 95 77 -21 -21 -63 -94 -94 -77 50 67 67 62 26 26 -84 -30 32 32 8 -63 -63 27 42 42 117 120 117 117 118 117 117 119 111 53 53 10 60 60 48 35 20 20 0 0 0 0 0 0 0 0 0 0 0 0 0 0 0 42 42 106 104 104 99 114 114 108 106 105 105 100 97 97 94 -1 -1 -1 -1 -1 -1 -1 -1 -1 -1 -1 -1 -1 -1 -1 -1 -1 -1 96 96 100 105 105 107 108 112 112 112 104 104 -86 55 55 127 127 117 117 123 118 118 118 113 105 105 104 102 102 97 89 89 79 73 76 76
0 0 110 112 120 120 112 108 108 107 102 100 100 96 95 95 -1 -1 -1 -1 -1 -1 -1 -1 -1 -1 -1 90 95 95 100 101 101 96 91 91 -1 -1 -1 -1 -1 -1 -1 -1 -1 91 91 105 110 110 108 111 111 101 -54 30 30 94 71 71 42 0 0 0 4 85 85 114 120 110 110 81 48 48 10 0 0 8 73 104 104 105 110 110 112 118 117 117 111 120 120 119 117 117 105 106 99 99 101 108 108 108 55 0 0 45 74 74 79 71 71 52 3 8 8 48 112 112 117 106 99 99 -53 10 10 59 73 62 62 68 54 54 38 45 45 44 7 0 0 101 119 119 114 111 107 107 100 91 91 -1 -1 -1 -1 -1 -1 -1 -1 -1 -1 -1 -1 -1 -1 -1 -1 -1 -1 -1 -1 -1 -1 -1 -1 -1 -1 -1 -1 -1 -1 -1 -1 -1 -1 -1 -1 -1 -1 -1 -1 -1 -1 -1 -1 -1 -1 -1 -1 -1 -1 -1 -1 -1 -1 -1 -1 -1 -1 -1 -1 -1 -1 -1 -1 -1 -1 -1 -1 -1 -1 -1 -1 -1 -1 -1 106 104 104 108 104 105 105 91 0 0 60 67 53 53 56 64 64 64 67 60 60 61 64 64 64 67 67 77 87 90 90 95 102 102 116 123 120 120 122 119 119 105 93 93 83 83 77 77 78 84 84 89 94 90 90 84 67 67 67 77 77 94 110 114 114 114 110 110 111 99 88 88 85 90 90 90 87 81 81 76 76 76 72 66 66 64 65 71 71 77 78 78 71 56 43 43 31 25 25 25 27 27 24 26 26 26 29 33 33 44 55 60 60 56 56 56 55 55 55 59 67 74 74 79 78 78 76 76 81 81 81 74 74 67 66 59 59 66 71 71 76 87 87 73 26 -105 -105 0 2 2 0 0 0 0 0 0 0 0 0 0 0 0 0 0 4 26 26 48 70 56 56 55 37 37 -84 -74 -74 -97 -77 59 59 -1 3 3 68 113 122 122 112 119 119 117 112 108 108 76 0 0 56 56 56 30 14 0 0 0 0 0 0 0 0 0 0 0 0 0 0 0 1 104 107 107 107 111 111 101 101 100 100 99 95 95 94 -1 -1 -1 -1 -1 -1 -1 -1 -1 -1 -1 -1 -1 -1 -1 -1 -1 -1 -1 -1 -1 96 96 99 104 104 105 107 116 116 110 82 82 0 123 127 127 125 127 127 123 122 122 117 106 100 100 94 84 84 67 53 48 48 54
0 110 112 112 120 112 112 108 107 107 102 100 96 96 95 -1 -1 -1 -1 -1 -1 -1 -1 -1 -1 -1 -1 90 95 100 100 101 96 96 91 -1 -1 -1 -1 -1 -1 -1 -1 -1 -1 91 105 105 110 108 108 111 101 -54 -54 30 94 94 71 42 0 0 0 4 4 85 114 114 120 110 81 81 48 10 10 0 8 73 73 104 105 105 110 112 112 118 117 111 111 120 119 119 117 105 106 106 99 101 101 108 108 108 55 0 45 45 74 79 79 71 52 3 3 8 48 48 112 117 106 106 99 -53 -53 10 59 59 73 62 68 68 54 38 38 45 44 7 7 0 101 101 119 114 114 111 107 100 100 91 -1 -1 -1 -1 -1 -1 -1 -1 -1 -1 -1 -1 -1 -1 -1 -1 -1 -1 -1 -1 -1 -1 -1 -1 -1 -1 -1 -1 -1 -1 -1 -1 -1 -1 -1 -1 -1 -1 -1 -1 -1 -1 -1 -1 -1 -1 -1 -1 -1 -1 -1 -1 -1 -1 -1 -1 -1 -1 -1 -1 -1 -1 -1 -1 -1 -1 -1 -1 -1 -1 -1 -1 -1 -1 -1 106 106 104 108 104 104 105 91 91 0 60 67 67 53 56 56 64 64 64 67 60 61 61 64 64 64 67 77 87 87 90 95 95 102 116 116 123 120 122 122 119 105 105 93 83 83 83 77 78 78 84 89 89 94 90 84 84 67 67 67 77 94 110 110 114 114 114 110 111 99 99 88 85 85 90 90 90 87 81 76 76 76 72 72 66 64 65 65 71 77 77 78 71 71 56 43 31 31 25 25 25 27 24 26 26 26 29 29 33 44 44 55 60 56 56 56 55 55 55 59 67 67 74 79 79 78 76 76 76 81 81 81 74 67 67 66 59 66 66 71 76 76 87 73 26 26 -105 0 0 2 0 0 0 0 0 0 0 0 0 0 0 0 0 0 4 4 26 48 48 70 56 55 55 37 -84 -84 -74 -97 -77 -77 59 -1 -1 3 68 68 113 122 112 112 119 117 117 112 108 76 76 0 56 56 56 30 14 14 0 0 0 0 0 0 0 0 0 0 0 0 0 0 1 104 104 107 107 107 111 101 101 101 100 99 99 95 94 94 -1 -1 -1 -1 -1 -1 -1 -1 -1 -1 -1 -1 -1 -1 -1 -1 -1 -1 -1 -1 -1 96 99 99 104 105 107 107 116 110 110 82 0 0 123 127 125 125 127 123 123 122 117 106 106 100 94 94 84 67 67 53 48 54 54
0 0 72 113 116 116 112 106 106 99 97 -1 -1 -1 -1 -1 -1 -1 -1 -1 -1 -1 -1 -1 -1 -1 -1 -1 -1 -1 94 97 97 94 91 91 -1 -1 -1 -1 -1 -1 -1 -1 -1 -1 -1 96 105 105 113 110 110 77 35 53 53 81 45 45 16 -108 -1 -1 -56 30 30 94 105 107 107 55 0 0 0 -34 -34 95 100 95 95 111 108 108 118 110 117 117 119 120 120 112 114 114 110 104 100 100 104 107 107 113 102 90 90 0 0 0 0 0 0 0 49 94 94 108 118 118 116 114 42 42 15 42 42 78 83 71 71 60 45 45 44 42 42 0 7 59 59 105 108 108 124 114 113 113 105 95 95 -1 -1 -1 -1 -1 -1 -1 -1 -1 -1 -1 -1 -1 -1 -1 -1 -1 -1 -1 -1 -1 -1 -1 -1 -1 -1 -1 -1 -1 -1 -1 -1 -1 -1 -1 -1 -1 -1 -1 -1 -1 -1 -1 -1 -1 -1 -1 -1 -1 -1 -1 -1 -1 -1 -1 -1 -1 -1 -1 -1 -1 -1 -1 -1 -1 -1 -1 -1 -1 -1 -1 -1 -1 -1 -1 97 106 106 105 111 107 107 108 74 74 0 60 66 66 70 81 81 71 61 44 44 53 68 68 68 67 67 68 77 82 82 84 89 89 102 113 120 120 123 114 114 93 74 74 60 61 64 64 64 66 66 71 72 68 68 65 48 48 50 59 59 78 99 106 106 106 104 104 88 72 61 61 59 61 61 61 56 50 50 54 56 56 56 55 55 55 56 60 60 65 61 61 55 47 36 36 29 25 25 26 29 29 26 30 30 30 29 35 35 48 54 49 49 48 47 47 47 45 45 45 49 52 52 53 52 52 49 53 56 56 60 56 56 53 53 56 56 60 73 73 78 71 71 76 77 61 61 58 49 49 55 73 77 77 68 64 64 -16 -14 -14 -22 56 49 49 39 42 42 37 30 31 31 31 20 20 0 -125 -125 -88 45 72 72 -9 0 0 107 114 114 114 118 114 114 111 114 113 113 110 0 0 24 25 25 36 22 4 4 1 0 0 0 0 0 0 0 8 8 0 0 0 104 112 110 110 104 107 107 100 94 94 94 91 -1 -1 -1 -1 -1 -1 -1 -1 -1 -1 -1 -1 -1 -1 -1 -1 -1 -1 -1 -1 -1 -1 -1 -1 -1 -1 -1 95 95 96 105 110 110 112 105 105 0 99 114 114 127 127 127 123 120 120 116 108 101 101 89 78 78 53 39 31 31 39
26 19 111 111 111 113 113 105 -1 -1 -1 -1 -1 -1 -1 -1 -1 -1 -1 -1 -1 -1 -1 -1 -1 -1 -1 -1 -1 -1 -1 93 -1 -1 -1 -1 -1 -1 -1 -1 -1 -1 -1 -1 -1 95 110 110 107 112 112 105 48 24 24 67 62 62 20 0 60 60 111 102 102 21 0 0 13 0 4 4 74 108 108 111 59 -92 -92 -119 0 0 30 71 71 89 -1 114 114 122 114 114 113 111 97 97 93 97 97 107 107 107 107 110 110 110 107 108 108 110 112 110 110 111 117 117 112 116 110 110 2 21 21 67 88 88 81 71 49 49 10 0 0 0 26 85 85 106 110 110 111 119 119 123 112 108 108 101 95 95 -1 -1 -1 -1 -1 -1 -1 -1 -1 -1 -1 -1 -1 -1 -1 -1 -1 -1 -1 -1 -1 -1 -1 -1 -1 -1 -1 -1 -1 -1 -1 -1 -1 -1 -1 -1 -1 -1 -1 -1 -1 -1 -1 -1 -1 -1 -1 -1 -1 -1 -1 -1 -1 -1 -1 -1 -1 -1 -1 -1 -1 -1 -1 -1 -1 -1 -1 -1 -1 -1 -1 -1 -1 91 91 97 96 96 96 102 106 106 107 41 0 0 62 67 67 81 74 74 60 37 50 50 78 78 78 73 70 72 72 76 77 77 77 90 90 102 111 116 116 106 81 81 58 48 52 52 66 67 67 61 61 61 55 48 45 45 42 43 43 50 68 90 90 100 99 99 95 66 50 50 37 38 38 45 44 44 41 37 44 44 47 48 48 49 50 50 50 56 58 58 50 47 47 43 37 35 35 37 42 42 44 43 41 41 35 36 36 45 53 53 49 39 42 42 42 39 39 35 29 26 26 26 29 29 27 27 27 32 41 45 45 48 47 47 47 49 53 53 59 61 61 58 50 49 49 50 47 47 53 56 56 55 58 62 62 55 38 38 39 19 19 19 16 9 9 12 16 16 18 20 35 35 16 0 0 54 58 64 64 36 0 0 33 114 114 111 119 111 111 107 105 105 111 114 113 113 95 1 1 0 0 7 7 7 0 0 0 0 0 0 0 0 0 0 43 43 88 107 104 104 110 97 97 106 96 96 -1 -1 -1 -1 -1 -1 -1 -1 -1 -1 -1 -1 -1 -1 -1 -1 -1 -1 -1 -1 -1 -1 -1 -1 -1 -1 -1 -1 -1 -1 -1 -1 -1 -1 -1 108 112 112 107 36 36 38 70 119 119 124 123 123 117 113 111 111 108 99 99 89 61 61 48 41 45 45
26 26 19 111 111 111 113 105 105 -1 -1 -1 -1 -1 -1 -1 -1 -1 -1 -1 -1 -1 -1 -1 -1 -1 -1 -1 -1 -1 -1 93 93 -1 -1 -1 -1 -1 -1 -1 -1 -1 -1 -1 -1 95 95 110 107 107 112 105 105 48 24 67 67 62 20 20 0 60 111 111 102 21 21 0 13 0 0 4 74 74 108 111 111 59 -92 -119 -119 0 30 30 71 89 -1 -1 114 122 122 114 113 113 111 97 93 93 97 107 107 107 107 110 110 110 107 107 108 110 110 112 110 111 111 117 112 112 116 110 2 2 21 67 67 88 81 71 71 49 10 10 0 0 0 26 85 106 106 110 111 111 119 123 112 112 108 101 101 95 -1 -1 -1 -1 -1 -1 -1 -1 -1 -1 -1 -1 -1 -1 -1 -1 -1 -1 -1 -1 -1 -1 -1 -1 -1 -1 -1 -1 -1 -1 -1 -1 -1 -1 -1 -1 -1 -1 -1 -1 -1 -1 -1 -1 -1 -1 -1 -1 -1 -1 -1 -1 -1 -1 -1 -1 -1 -1 -1 -1 -1 -1 -1 -1 -1 -1 -1 -1 -1 -1 -1 -1 -1 -1 91 97 97 96 96 102 102 106 107 107 41 0 62 62 67 81 81 74 60 37 37 50 78 78 78 73 73 70 72 76 76 77 77 77 90 102 111 111 116 106 106 81 58 58 48 52 66 66 67 61 61 61 55 48 48 45 42 42 43 50 50 68 90 100 100 99 95 95 66 50 37 37 38 45 45 44 41 37 37 44 47 47 48 49 49 50 50 56 56 58 50 50 47 43 37 37 35 37 37 42 44 44 43 41 35 35 36 45 45 53 49 39 39 42 42 42 39 35 35 29 26 26 26 29 27 27 27 32 41 41 45 48 48 47 47 49 49 53 59 59 61 58 58 50 49 50 50 47 53 53 56 55 58 58 62 55 55 38 39 39 19 19 16 16 9 12 12 16 18 20 20 35 16 16 0 54 54 58 64 36 36 0 33 33 114 111 119 119 111 107 107 105 111 114 114 113 95 95 1 0 0 0 7 7 7 0 0 0 0 0 0 0 0 0 0 43 88 88 107 104 110 110 97 106 106 96 -1 -1 -1 -1 -1 -1 -1 -1 -1 -1 -1 -1 -1 -1 -1 -1 -1 -1 -1 -1 -1 -1 -1 -1 -1 -1 -1 -1 -1 -1 -1 -1 -1 -1 -1 108 108 112 107 107 36 38 70 70 119 124 124 123 117 117 113 111 108 108 99 89 89 61 48 41 41 45
56 0 102 102 114 107 107 104 -1 -1 -1 -1 -1 -1 -1 -1 -1 -1 -1 -1 -1 -1 -1 -1 -1 -1 -1 -1 -1 -1 -1 -1 -1 -1 -1 -1 -1 -1 -1 -1 -1 -1 -1 -1 96 97 107 107 108 123 123 114 60 -97 -97 -110 0 0 0 -17 -1 -1 113 118 118 84 50 50 45 106 105 105 114 118 118 118 -47 -68 -68 76 59 59 7 0 0 0 0 50 50 93 119 119 113 108 105 105 102 -1 -1 90 97 97 110 112 107 107 111 114 114 108 105 110 110 114 106 106 114 122 114 114 87 27 27 0 0 0 0 -114 -98 -98 -59 -4 -4 -1 42 0 0 0 0 0 27 112 112 114 108 110 110 106 101 101 99 -1 -1 -1 -1 -1 -1 -1 -1 -1 -1 -1 -1 -1 -1 -1 -1 -1 -1 -1 -1 -1 -1 -1 -1 -1 -1 -1 -1 -1 -1 -1 -1 -1 -1 -1 -1 -1 -1 -1 -1 -1 -1 -1 -1 -1 -1 -1 -1 -1 -1 -1 -1 -1 -1 -1 -1 -1 -1 -1 -1 -1 -1 -1 -1 -1 -1 -1 -1 -1 -1 -1 -1 -1 -1 -1 -1 97 97 105 106 106 111 113 -120 -120 54 64 64 71 66 66 59 39 43 43 77 82 82 76 67 68 68 72 74 74 74 89 89 95 99 95 95 84 66 66 49 47 56 56 70 70 70 58 50 50 44 37 38 38 42 42 42 49 62 78 78 88 88 88 83 50 36 36 25 32 32 43 45 45 44 44 44 44 45 44 44 44 45 49 49 52 55 55 49 47 47 43 42 44 44 52 58 58 61 61 53 53 47 44 44 45 43 43 35 27 29 29 30 29 29 21 15 13 13 15 20 20 15 15 15 21 27 33 33 36 37 37 39 38 44 44 43 38 38 35 25 20 20 24 26 26 24 31 31 42 39 33 33 25 21 21 7 0 0 0 0 0 0 0 0 0 8 16 33 33 65 81 81 64 19 0 0 0 19 19 105 117 117 111 112 104 104 104 101 101 108 112 108 108 105 112 112 89 56 29 29 13 21 21 39 70 70 93 104 107 107 110 112 112 111 108 104 104 99 99 99 96 88 88 -1 -1 -1 -1 -1 -1 -1 -1 -1 -1 -1 -1 -1 -1 -1 -1 -1 -1 -1 -1 -1 -1 -1 -1 -1 -1 -1 -1 -1 -1 -1 -1 -1 -1 -1 101 112 112 112 90 90 0 48 124 124 123 120 120 116 110 111 111 112 105 105 96 65 65 54 47 49 49
56 56 0 102 114 114 107 104 104 -1 -1 -1 -1 -1 -1 -1 -1 -1 -1 -1 -1 -1 -1 -1 -1 -1 -1 -1 -1 -1 -1 -1 -1 -1 -1 -1 -1 -1 -1 -1 -1 -1 -1 -1 96 97 97 107 108 108 123 114 114 60 -97 -110 -110 0 0 0 -17 -1 113 113 118 84 84 50 45 106 106 105 114 114 118 118 118 -47 -68 76 76 59 7 7 0 0 0 0 50 93 93 119 113 113 108 105 102 102 -1 90 90 97 110 112 112 107 111 111 114 108 108 105 110 114 114 106 114 114 122 114 87 87 27 0 0 0 0 -114 -114 -98 -59 -59 -4 -1 -1 42 0 0 0 0 27 27 112 114 108 108 110 106 106 101 99 99 -1 -1 -1 -1 -1 -1 -1 -1 -1 -1 -1 -1 -1 -1 -1 -1 -1 -1 -1 -1 -1 -1 -1 -1 -1 -1 -1 -1 -1 -1 -1 -1 -1 -1 -1 -1 -1 -1 -1 -1 -1 -1 -1 -1 -1 -1 -1 -1 -1 -1 -1 -1 -1 -1 -1 -1 -1 -1 -1 -1 -1 -1 -1 -1 -1 -1 -1 -1 -1 -1 -1 -1 -1 -1 -1 -1 97 105 105 106 111 111 113 -120 54 54 64 71 71 66 59 39 39 43 77 77 82 76 76 67 68 72 72 74 74 74 89 95 99 99 95 84 84 66 49 49 47 56 70 70 70 58 58 50 44 37 37 38 42 42 42 49 49 62 78 88 88 88 83 83 50 36 25 25 32 43 43 45 44 44 44 44 45 45 44 44 44 45 49 52 52 55 49 49 47 43 42 42 44 52 52 58 61 61 61 53 47 47 44 45 45 43 35 27 27 29 30 30 29 21 21 15 13 15 15 20 15 15 15 21 27 27 33 36 36 37 39 38 38 44 43 43 38 35 35 25 20 24 24 26 24 24 31 42 39 39 33 25 25 21 7 7 0 0 0 0 0 0 0 0 8 16 16 33 65 65 81 64 64 19 0 0 0 19 105 105 117 111 112 112 104 104 104 101 108 112 112 108 105 105 112 89 89 56 29 13 13 21 39 39 70 93 104 104 107 110 110 112 111 111 108 104 99 99 99 96 96 88 -1 -1 -1 -1 -1 -1 -1 -1 -1 -1 -1 -1 -1 -1 -1 -1 -1 -1 -1 -1 -1 -1 -1 -1 -1 -1 -1 -1 -1 -1 -1 -1 -1 -1 -1 101 101 112 112 112 90 0 48 48 124 123 123 120 116 116 110 111 112 112 105 96 96 65 54 47 47 49
61 0 105 105 113 106 106 102 -1 -1 -1 -1 -1 -1 -1 -1 -1 -1 -1 -1 -1 -1 -1 -1 -1 -1 -1 -1 -1 -1 -1 -1 -1 -1 -1 -1 -1 -1 -1 -1 -1 -1 99 99 104 106 111 111 111 107 107 108 105 104 104 93 96 96 106 106 105 105 117 110 110 120 120 120 113 108 112 112 106 116 116 108 62 19 19 14 47 47 45 58 58 76 61 25 25 68 118 118 118 112 105 105 96 -1 -1 -1 -1 -1 94 102 111 111 108 111 111 114 110 104 104 106 102 102 100 105 110 110 110 116 116 107 110 110 107 101 107 107 114 117 117 -40 10 60 60 74 71 71 13 35 35 106 113 117 117 111 104 104 105 99 -1 -1 -1 -1 -1 -1 -1 -1 -1 -1 -1 -1 -1 -1 -1 -1 -1 -1 -1 -1 -1 -1 -1 -1 -1 -1 -1 -1 -1 -1 -1 -1 -1 -1 -1 -1 -1 -1 -1 -1 -1 -1 -1 -1 -1 -1 -1 -1 -1 -1 -1 -1 -1 -1 -1 -1 -1 -1 -1 -1 -1 -1 -1 -1 -1 -1 -1 -1 -1 -1 -1 -1 -1 -1 -1 -1 -1 102 100 100 108 116 -72 -72 39 54 54 77 64 64 50 39 41 41 74 78 78 76 72 73 73 78 82 82 85 99 99 94 89 77 77 65 54 54 49 59 66 66 71 65 65 52 42 42 36 35 37 37 38 38 38 42 52 62 62 67 66 66 60 35 24 24 18 26 26 42 50 50 54 53 48 48 43 39 39 39 41 44 44 50 53 53 47 44 44 41 42 47 47 56 65 65 70 66 62 62 56 48 48 35 22 22 18 16 20 20 21 19 19 13 3 2 2 7 13 13 9 9 9 12 15 19 19 20 21 21 22 27 20 20 14 13 13 10 4 2 2 1 4 4 9 21 21 27 22 12 12 1 0 0 0 0 0 0 0 0 0 0 0 0 1 8 37 37 65 85 85 0 0 45 45 107 110 110 119 117 117 116 100 105 105 100 -1 -1 99 101 106 106 108 108 108 114 113 108 108 110 110 110 112 113 113 112 110 107 107 107 104 104 101 104 101 101 94 95 95 -3 -1 -1 -1 -1 -1 -1 -1 -1 -1 -1 -1 -1 -1 -1 -1 -1 -1 -1 -1 -1 -1 -1 -1 -1 -1 -1 -1 -1 -1 -1 -1 -1 -1 -1 -1 97 97 91 106 106 106 106 106 0 29 87 87 108 108 108 104 99 100 100 100 93 93 83 61 61 52 45 45 45
62 62 0 107 107 107 108 102 102 -1 -1 -1 -1 -1 -1 -1 -1 -1 -1 -1 -1 -1 -1 -1 -1 -1 -1 -1 -1 -1 -1 -1 -1 -1 -1 -1 -1 -1 -1 -1 -1 -1 -1 104 106 113 113 106 66 66 21 18 18 58 104 120 120 123 122 122 112 107 111 111 116 113 113 105 116 112 112 110 111 111 112 112 112 110 49 7 7 0 26 26 50 65 85 85 24 48 48 105 118 118 116 107 -1 -1 -1 -1 -1 -1 -1 95 95 99 99 99 94 94 94 95 100 88 88 96 102 102 95 102 112 112 110 118 118 105 111 118 118 114 122 122 120 42 42 24 71 72 72 82 74 74 0 77 91 91 112 116 116 108 106 106 101 -1 -1 -1 -1 -1 -1 -1 -1 -1 -1 -1 -1 -1 -1 -1 -1 -1 -1 -1 -1 -1 -1 -1 -1 -1 -1 -1 -1 -1 -1 -1 -1 -1 -1 -1 -1 -1 -1 -1 -1 -1 -1 -1 -1 -1 -1 -1 -1 -1 -1 -1 -1 -1 -1 -1 -1 -1 -1 -1 -1 -1 -1 -1 -1 -1 -1 -1 -1 -1 -1 -1 -1 -1 -1 -1 -1 93 93 108 117 117 107 -22 6 6 32 72 72 58 45 38 38 50 77 77 82 83 83 81 83 88 88 94 102 102 105 95 88 88 72 59 59 54 56 56 76 76 67 67 58 47 47 38 37 37 37 38 37 37 38 39 39 42 47 48 48 47 39 39 20 14 13 13 21 37 37 52 56 55 55 45 38 38 32 32 32 37 42 47 47 49 42 42 39 37 38 38 44 52 52 60 64 64 66 68 64 64 49 30 30 18 15 18 18 21 20 20 13 6 6 0 0 0 0 2 2 2 3 3 6 6 6 6 6 7 7 4 4 2 0 0 0 0 0 0 0 0 0 0 0 0 6 9 3 3 2 0 0 0 0 0 0 0 0 0 0 0 0 0 0 13 13 33 67 67 84 62 62 20 0 -31 -31 110 120 120 111 111 111 111 100 -1 -1 -1 -1 95 95 100 102 102 108 102 102 108 114 108 108 111 110 110 107 105 105 105 106 106 106 100 101 101 94 91 85 85 -1 -1 -1 -1 -1 -1 -1 -1 -1 -1 -1 -1 -1 -1 -1 -1 -1 -1 -1 -1 -1 -1 -1 -1 -1 -1 -1 -1 -1 -1 -1 -1 -1 -1 -1 -1 -1 -1 99 99 99 -1 112 112 108 62 18 18 22 76 76 83 87 87 84 90 90 90 78 66 66 55 47 43 43 39
62 0 107 107 107 108 108 102 -1 -1 -1 -1 -1 -1 -1 -1 -1 -1 -1 -1 -1 -1 -1 -1 -1 -1 -1 -1 -1 -1 -1 -1 -1 -1 -1 -1 -1 -1 -1 -1 -1 -1 104 104 106 113 106 106 66 21 21 18 58 104 104 120 123 123 122 112 107 107 111 116 116 113 105 105 116 112 110 110 111 112 112 112 110 49 49 7 0 0 26 50 50 65 85 24 24 48 105 105 118 116 107 107 -1 -1 -1 -1 -1 -1 -1 95 99 99 99 94 94 94 95 100 100 88 96 96 102 95 102 102 112 110 110 118 105 105 111 118 114 114 122 120 120 42 24 71 71 72 82 82 74 0 0 77 91 112 112 116 108 108 106 101 -1 -1 -1 -1 -1 -1 -1 -1 -1 -1 -1 -1 -1 -1 -1 -1 -1 -1 -1 -1 -1 -1 -1 -1 -1 -1 -1 -1 -1 -1 -1 -1 -1 -1 -1 -1 -1 -1 -1 -1 -1 -1 -1 -1 -1 -1 -1 -1 -1 -1 -1 -1 -1 -1 -1 -1 -1 -1 -1 -1 -1 -1 -1 -1 -1 -1 -1 -1 -1 -1 -1 -1 -1 -1 -1 -1 -1 93 108 108 117 107 -22 -22 6 32 32 72 58 58 45 38 50 50 77 82 82 83 81 83 83 88 94 94 102 105 105 95 88 72 72 59 54 54 56 76 76 76 67 58 58 47 38 38 37 37 38 38 37 38 38 39 42 47 47 48 47 47 39 20 14 14 13 21 21 37 52 52 56 55 45 45 38 32 32 32 37 42 42 47 49 49 42 39 39 37 38 44 44 52 60 60 64 66 68 68 64 49 49 30 18 18 15 18 21 21 20 13 13 6 0 0 0 0 2 2 2 3 3 3 6 6 6 6 7 7 7 4 2 2 0 0 0 0 0 0 0 0 0 0 0 6 6 9 3 2 2 0 0 0 0 0 0 0 0 0 0 0 0 0 0 13 33 33 67 84 84 62 20 0 0 -31 110 110 120 111 111 111 111 100 100 -1 -1 -1 -1 95 100 100 102 108 108 102 108 114 114 108 111 111 110 107 107 105 105 106 106 106 100 100 101 94 91 91 85 -1 -1 -1 -1 -1 -1 -1 -1 -1 -1 -1 -1 -1 -1 -1 -1 -1 -1 -1 -1 -1 -1 -1 -1 -1 -1 -1 -1 -1 -1 -1 -1 -1 -1 -1 -1 -1 -1 99 99 99 -1 -1 112 108 108 62 18 22 22 76 83 83 87 84 90 90 90 78 78 66 55 55 47 43 39 39
71 71 0 99 112 112 106 104 104 95 91 -1 -1 -1 -1 -1 -1 -1 -1 -1 -1 -1 -1 -1 -1 -1 -1 -1 -1 -1 -1 -1 -1 -1 -1 -1 -1 -1 -1 -1 -1 -1 -1 107 111 106 106 64 27 27 22 19 19 25 74 114 114 117 119 119 118 110 101 101 106 101 101 105 99 100 100 101 106 106 108 117 117 108 88 49 49 22 8 8 19 64 62 62 20 42 42 112 118 118 108 105 -1 -1 -1 -1 -1 -1 -1 -1 -1 -1 -1 -1 -1 -1 -1 96 93 -1 -1 -1 -1 -1 99 101 100 100 -1 105 105 114 112 113 113 118 113 113 110 53 53 22 58 62 62 70 65 65 0 22 44 44 87 112 112 113 108 108 100 -1 -1 -1 -1 -1 -1 -1 -1 -1 -1 -1 -1 -1 -1 -1 -1 -1 -1 -1 -1 -1 -1 -1 -1 -1 -1 -1 -1 -1 -1 -1 -1 -1 -1 -1 -1 -1 -1 -1 -1 -1 -1 -1 -1 -1 -1 -1 -1 -1 -1 -1 -1 -1 -1 -1 -1 -1 -1 -1 -1 -1 -1 -1 -1 -1 -1 -1 -1 -1 -1 -1 -1 -1 -1 -1 -1 102 102 93 112 112 113 84 0 0 27 60 60 50 52 42 42 56 83 83 89 90 90 89 90 91 91 100 111 111 105 99 93 93 77 65 65 62 66 66 85 82 66 66 54 50 50 42 41 42 42 36 39 39 42 42 42 41 42 43 43 38 32 32 15 12 12 12 19 36 36 52 58 56 56 43 35 35 27 27 27 35 44 47 47 47 38 38 36 33 35 35 39 47 47 52 55 55 65 72 67 67 49 31 31 25 24 24 24 25 18 18 9 1 1 0 0 0 0 0 0 0 0 0 0 0 0 0 0 0 0 2 2 0 0 0 0 0 0 0 0 0 0 0 0 0 0 6 4 4 0 0 0 0 0 0 0 0 0 0 0 0 0 0 0 4 4 29 60 60 76 65 65 37 8 30 30 55 108 108 123 108 106 106 100 -1 -1 -1 -1 -1 -1 93 101 101 108 105 105 114 110 105 105 108 112 112 110 107 108 108 105 99 99 95 96 96 94 88 -1 -1 -1 -1 -1 -1 -1 -1 -1 -1 -1 -1 -1 -1 -1 -1 -1 -1 -1 -1 -1 -1 -1 -1 -1 -1 -1 -1 -1 -1 -1 -1 -1 -1 -1 -1 -1 -1 -1 -1 101 -1 -1 -1 107 107 117 84 53 53 -68 47 47 64 74 74 82 90 90 90 76 62 62 50 44 39 39 37
65 0 102 102 111 106 106 104 -1 -1 -1 -1 -1 -1 -1 -1 -1 -1 -1 -1 -1 -1 -1 -1 -1 -1 -1 -1 -1 -1 -1 -1 -1 -1 -1 -1 -1 -1 91 95 95 101 106 106 85 56 7 7 20 38 38 27 4 55 55 113 111 111 119 106 105 105 97 96 96 -1 95 95 96 96 97 97 99 101 101 106 113 104 104 111 96 96 41 2 2 6 15 27 27 78 112 112 113 111 107 107 100 99 99 97 97 97 96 94 91 91 -1 -1 -1 -1 -1 -1 -1 -1 -1 -1 -1 -1 -1 -1 -1 -1 -1 101 104 104 105 111 116 116 117 113 113 -13 20 30 30 50 59 59 62 42 42 15 0 43 43 106 119 119 107 104 -1 -1 -1 -1 -1 -1 -1 -1 -1 -1 -1 -1 -1 -1 -1 -1 -1 -1 -1 -1 -1 -1 -1 -1 -1 -1 -1 -1 -1 -1 -1 -1 -1 -1 -1 -1 -1 -1 -1 -1 -1 -1 -1 -1 -1 -1 -1 -1 -1 -1 -1 -1 -1 -1 -1 -1 -1 -1 -1 -1 -1 -1 -1 -1 -1 -1 -1 -1 -1 -1 -1 -1 -1 -1 -1 -1 -1 -1 -1 -1 104 110 108 108 -107 9 9 62 54 54 50 47 56 56 99 108 108 105 91 90 90 91 97 97 112 110 110 107 102 93 93 81 77 77 84 95 79 79 56 47 47 41 38 38 43 44 48 48 49 48 48 47 47 42 42 41 36 36 30 19 20 20 21 29 29 43 58 58 60 58 47 47 35 25 25 27 36 43 43 44 43 43 39 42 42 42 39 37 37 36 39 39 42 55 65 65 64 53 53 43 35 35 26 24 29 29 14 3 3 0 0 0 0 0 0 0 0 0 0 0 0 0 0 0 0 0 0 0 0 0 0 0 0 0 0 0 0 0 0 0 0 0 0 0 0 0 0 0 0 0 0 0 0 0 0 0 0 0 0 0 2 21 36 36 60 70 70 73 65 56 56 21 -83 -83 85 112 112 113 110 102 102 -1 -1 -1 -1 -1 -1 -1 -1 -1 -1 96 97 99 99 100 99 99 99 97 97 96 95 94 94 93 -1 -1 -1 -1 -1 -1 -1 -1 -1 -1 -1 -1 -1 -1 -1 -1 -1 -1 -1 -1 -1 -1 -1 -1 -1 -1 -1 -1 -1 -1 -1 -1 -1 -1 -1 -1 -1 -1 -1 -1 -1 -1 -1 -1 -1 -1 -1 95 96 96 114 110 110 117 101 62 62 18 29 29 56 84 100 100 96 81 81 64 47 47 42 42 43 43
65 65 0 102 111 111 106 104 104 -1 -1 -1 -1 -1 -1 -1 -1 -1 -1 -1 -1 -1 -1 -1 -1 -1 -1 -1 -1 -1 -1 -1 -1 -1 -1 -1 -1 -1 91 91 95 101 101 106 85 56 56 7 20 20 38 27 27 4 55 113 113 111 119 119 106 105 97 97 96 -1 -1 95 96 96 96 97 99 99 101 106 106 113 104 111 111 96 41 41 2 6 15 15 27 78 78 112 113 113 111 107 100 100 99 97 97 97 96 94 94 91 -1 -1 -1 -1 -1 -1 -1 -1 -1 -1 -1 -1 -1 -1 -1 -1 -1 101 101 104 105 111 111 116 117 117 113 -13 -13 20 30 50 50 59 62 62 42 15 0 0 43 106 106 119 107 107 104 -1 -1 -1 -1 -1 -1 -1 -1 -1 -1 -1 -1 -1 -1 -1 -1 -1 -1 -1 -1 -1 -1 -1 -1 -1 -1 -1 -1 -1 -1 -1 -1 -1 -1 -1 -1 -1 -1 -1 -1 -1 -1 -1 -1 -1 -1 -1 -1 -1 -1 -1 -1 -1 -1 -1 -1 -1 -1 -1 -1 -1 -1 -1 -1 -1 -1 -1 -1 -1 -1 -1 -1 -1 -1 -1 -1 -1 -1 -1 104 104 110 108 -107 -107 9 62 62 54 50 47 47 56 99 99 108 105 105 91 90 91 91 97 112 112 110 107 102 102 93 81 81 77 84 84 95 79 56 56 47 41 41 38 43 44 44 48 49 49 48 47 47 47 42 41 41 36 30 30 19 20 21 21 29 43 43 58 60 58 58 47 35 35 25 27 27 36 43 44 44 43 39 39 42 42 39 39 37 36 36 39 42 42 55 65 64 64 53 43 43 35 26 24 24 29 14 14 3 0 0 0 0 0 0 0 0 0 0 0 0 0 0 0 0 0 0 0 0 0 0 0 0 0 0 0 0 0 0 0 0 0 0 0 0 0 0 0 0 0 0 0 0 0 0 0 0 0 0 0 2 21 21 36 60 60 70 73 73 65 56 21 21 -83 85 85 112 113 110 110 102 -1 -1 -1 -1 -1 -1 -1 -1 -1 -1 96 96 97 99 100 100 99 99 99 97 96 95 95 94 93 93 -1 -1 -1 -1 -1 -1 -1 -1 -1 -1 -1 -1 -1 -1 -1 -1 -1 -1 -1 -1 -1 -1 -1 -1 -1 -1 -1 -1 -1 -1 -1 -1 -1 -1 -1 -1 -1 -1 -1 -1 -1 -1 -1 -1 -1 -1 95 95 96 114 114 110 117 101 101 62 18 18 29 56 56 84 100 96 96 81 64 64 47 42 42 42 43
58 0 111 111 110 107 107 101 -1 -1 -1 -1 -1 -1 -1 -1 -1 -1 -1 -1 -1 -1 -1 -1 -1 -1 -1 -1 -1 -1 -1 -1 -1 -1 -1 -1 -1 -1 89 93 93 102 110 110 52 0 30 30 45 49 49 25 13 68 68 110 113 113 113 107 101 101 91 -1 -1 -1 -1 -1 -1 -1 91 91 93 95 95 99 101 113 113 110 108 108 105 62 62 27 32 70 70 97 113 113 111 106 100 100 94 97 97 95 95 95 94 -1 -1 -1 -1 -1 -1 -1 -1 -1 -1 -1 -1 -1 -1 91 100 100 100 106 106 96 106 106 107 108 107 107 118 91 91 49 9 31 31 45 44 44 44 55 55 18 14 66 66 111 114 114 110 104 -1 -1 -1 -1 -1 -1 -1 -1 -1 -1 -1 -1 -1 -1 -1 -1 -1 -1 -1 -1 -1 -1 -1 -1 -1 -1 -1 -1 -1 -1 -1 -1 -1 -1 -1 -1 -1 -1 -1 -1 -1 -1 -1 -1 -1 -1 -1 -1 -1 -1 -1 -1 -1 -1 -1 -1 -1 -1 -1 -1 -1 -1 -1 -1 -1 -1 -1 -1 -1 -1 -1 -1 -1 -1 -1 -1 -1 -1 -1 -1 102 108 113 113 -100 13 13 64 54 54 41 36 48 48 101 110 110 104 89 85 85 85 91 91 107 102 102 97 94 91 91 89 88 88 91 96 81 81 62 53 53 44 38 38 41 44 50 50 56 50 50 49 47 43 43 43 42 42 38 30 29 29 30 33 33 44 56 56 59 56 48 48 41 36 36 35 39 45 45 48 47 47 44 47 47 48 44 38 38 35 37 37 38 48 59 59 59 50 50 43 33 33 29 25 9 9 0 0 0 0 0 0 0 0 0 0 0 0 0 0 0 0 0 0 0 0 0 0 0 0 0 0 0 0 0 0 0 0 0 0 0 0 0 0 0 1 1 6 0 0 0 0 0 0 0 0 0 0 10 10 24 38 53 53 70 79 79 82 82 78 78 36 0 0 84 113 113 112 108 97 97 -1 -1 -1 -1 -1 -1 -1 -1 -1 -1 93 94 94 94 -1 -1 -1 -1 -1 -1 -1 -1 -1 -1 -1 -1 -1 -1 -1 -1 -1 -1 -1 -1 -1 -1 -1 -1 -1 -1 -1 -1 -1 -1 -1 -1 -1 -1 -1 -1 -1 -1 -1 -1 -1 -1 -1 -1 -1 -1 -1 -1 -1 -1 -1 -1 -1 -1 -1 -1 -1 -1 94 106 106 110 113 113 113 111 105 105 48 24 24 20 88 106 106 99 88 88 71 56 56 53 54 56 56
58 58 0 111 110 110 107 101 101 -1 -1 -1 -1 -1 -1 -1 -1 -1 -1 -1 -1 -1 -1 -1 -1 -1 -1 -1 -1 -1 -1 -1 -1 -1 -1 -1 -1 -1 89 89 93 102 102 110 52 0 0 30 45 45 49 25 25 13 68 110 110 113 113 113 107 101 91 91 -1 -1 -1 -1 -1 -1 -1 91 93 93 95 99 99 101 113 110 110 108 105 105 62 27 32 32 70 97 97 113 111 111 106 100 94 94 97 95 95 95 94 -1 -1 -1 -1 -1 -1 -1 -1 -1 -1 -1 -1 -1 -1 -1 91 100 100 100 106 96 96 106 107 108 108 107 118 118 91 49 49 9 31 45 45 44 44 44 55 18 14 14 66 111 111 114 110 110 104 -1 -1 -1 -1 -1 -1 -1 -1 -1 -1 -1 -1 -1 -1 -1 -1 -1 -1 -1 -1 -1 -1 -1 -1 -1 -1 -1 -1 -1 -1 -1 -1 -1 -1 -1 -1 -1 -1 -1 -1 -1 -1 -1 -1 -1 -1 -1 -1 -1 -1 -1 -1 -1 -1 -1 -1 -1 -1 -1 -1 -1 -1 -1 -1 -1 -1 -1 -1 -1 -1 -1 -1 -1 -1 -1 -1 -1 -1 -1 102 102 108 113 -100 -100 13 64 64 54 41 36 36 48 101 101 110 104 104 89 85 85 85 91 107 107 102 97 94 94 91 89 89 88 91 91 96 81 62 62 53 44 44 38 41 44 44 50 56 56 50 49 49 47 43 43 43 42 38 38 30 29 30 30 33 44 44 56 59 56 56 48 41 41 36 35 35 39 45 48 48 47 44 44 47 48 44 44 38 35 35 37 38 38 48 59 59 59 50 43 43 33 29 25 25 9 0 0 0 0 0 0 0 0 0 0 0 0 0 0 0 0 0 0 0 0 0 0 0 0 0 0 0 0 0 0 0 0 0 0 0 0 0 0 0 0 1 6 6 0 0 0 0 0 0 0 0 0 0 10 24 38 38 53 70 70 79 82 82 82 78 36 36 0 84 84 113 112 108 108 97 -1 -1 -1 -1 -1 -1 -1 -1 -1 -1 93 93 94 94 -1 -1 -1 -1 -1 -1 -1 -1 -1 -1 -1 -1 -1 -1 -1 -1 -1 -1 -1 -1 -1 -1 -1 -1 -1 -1 -1 -1 -1 -1 -1 -1 -1 -1 -1 -1 -1 -1 -1 -1 -1 -1 -1 -1 -1 -1 -1 -1 -1 -1 -1 -1 -1 -1 -1 -1 -1 -1 94 94 106 110 110 113 113 111 111 105 48 48 24 20 20 88 106 99 99 88 71 71 56 53 54 54 56
33 18 108 108 107 110 110 99 -1 -1 -1 -1 -1 -1 -1 -1 -1 -1 -1 -1 -1 -1 -1 -1 -1 -1 -1 -1 -1 -1 -1 -1 -1 -1 -1 -1 91 91 94 101 101 110 112 112 42 0 58 58 50 44 44 10 22 84 84 107 120 120 108 106 94 94 -1 -1 -1 -1 -1 -1 -1 -1 -1 -1 -1 -1 -1 -1 99 106 106 101 105 105 116 105 105 90 97 110 110 116 111 111 106 100 91 91 -1 -1 -1 -1 -1 -1 -1 -1 -1 -1 -1 -1 -1 -1 -1 -1 -1 -1 -1 -1 99 97 105 105 104 102 102 105 102 102 107 112 106 106 113 26 26 10 20 37 37 38 36 36 50 24 24 2 47 97 97 113 108 108 108 100 -1 -1 -1 -1 -1 -1 -1 -1 -1 -1 -1 -1 -1 -1 -1 -1 -1 -1 -1 -1 -1 -1 -1 -1 -1 -1 -1 -1 -1 -1 -1 -1 -1 -1 -1 -1 -1 -1 -1 -1 -1 -1 -1 -1 -1 -1 -1 -1 -1 -1 -1 -1 -1 -1 -1 -1 -1 -1 -1 -1 -1 -1 -1 -1 -1 -1 -1 -1 -1 -1 -1 -1 -1 -1 -1 -1 -1 -1 -1 -1 102 108 116 116 -91 16 16 61 48 48 32 21 38 38 87 94 94 90 77 72 72 71 79 79 91 93 93 88 85 89 89 94 95 95 97 97 88 88 72 64 64 49 35 35 35 42 53 53 64 58 58 53 52 48 48 48 47 47 43 41 41 41 43 44 44 49 56 56 58 58 52 52 49 45 45 41 42 45 45 50 50 50 50 54 54 56 52 42 42 33 33 33 38 39 49 49 48 43 43 41 36 36 29 22 0 0 0 0 0 0 0 0 0 0 0 0 1 0 0 0 0 0 0 0 0 0 0 0 0 0 0 0 0 0 0 0 0 0 0 0 0 0 0 0 4 19 19 30 24 24 16 13 12 12 16 24 24 33 48 48 59 67 82 82 88 97 97 91 96 82 82 36 2 2 93 117 117 111 106 97 97 -1 -1 -1 -1 -1 -1 -1 -1 -1 -1 -1 -1 89 89 -1 -1 -1 -1 -1 -1 -1 -1 -1 -1 -1 -1 -1 -1 -1 -1 -1 -1 -1 -1 -1 -1 -1 -1 -1 -1 -1 -1 -1 -1 -1 -1 -1 -1 -1 -1 -1 -1 -1 -1 -1 -1 -1 -1 -1 -1 -1 -1 -1 -1 -1 -1 -1 -1 -1 -1 95 95 101 107 107 105 118 118 113 112 110 110 90 22 22 0 93 113 113 106 100 100 84 73 73 71 72 73 73
0 0 59 106 107 107 107 97 97 -1 -1 -1 -1 -1 -1 -1 -1 -1 -1 -1 -1 -1 -1 -1 -1 -1 -1 -1 -1 -1 -1 -1 -1 -1 -1 -1 -1 94 100 100 105 110 110 107 48 0 0 42 43 43 50 14 14 24 94 117 117 120 110 110 107 95 -1 -1 -1 -1 -1 -1 -1 -1 -1 -1 -1 -1 -1 -1 -1 94 93 97 97 104 102 102 107 118 119 119 116 111 111 105 99 99 97 -1 -1 -1 -1 -1 -1 -1 -1 -1 -1 -1 -1 -1 -1 -1 -1 -1 -1 -1 -1 99 106 106 107 107 111 111 111 117 117 106 107 111 111 104 82 82 -100 21 21 56 38 33 33 38 25 25 2 68 83 83 114 112 112 105 106 106 94 -1 -1 -1 -1 -1 -1 -1 -1 -1 -1 -1 -1 -1 -1 -1 -1 -1 -1 -1 -1 -1 -1 -1 -1 -1 -1 -1 -1 -1 -1 -1 -1 -1 -1 -1 -1 -1 -1 -1 -1 -1 -1 -1 -1 -1 -1 -1 -1 -1 -1 -1 -1 -1 -1 -1 -1 -1 -1 -1 -1 -1 -1 -1 -1 -1 -1 -1 -1 -1 -1 -1 -1 -1 -1 -1 -1 -1 -1 -1 101 101 107 113 -83 -83 20 58 58 45 29 16 16 27 62 62 68 66 66 56 52 52 52 60 72 72 81 81 82 82 84 89 89 91 94 94 94 97 88 88 77 58 58 38 33 38 38 53 71 71 62 59 59 56 54 50 50 47 42 42 47 49 50 50 52 55 55 56 55 55 55 54 54 54 49 42 42 41 48 50 50 48 49 49 53 56 50 50 38 27 27 29 32 32 33 37 36 36 35 38 38 36 24 16 16 0 0 0 0 0 0 0 0 0 0 0 0 0 0 0 0 0 0 0 0 0 0 0 0 0 0 0 0 0 0 0 0 0 0 0 0 0 12 21 27 27 44 56 56 54 48 48 45 44 50 50 59 71 71 81 88 93 93 102 104 104 110 102 102 96 58 27 27 54 110 110 114 107 102 102 99 -1 -1 -1 -1 -1 -1 -1 -1 -1 -1 -1 -1 -1 -1 -1 -1 -1 -1 -1 -1 -1 -1 -1 -1 -1 -1 -1 -1 -1 -1 -1 -1 -1 -1 -1 -1 -1 -1 -1 -1 -1 -1 -1 -1 -1 -1 -1 -1 -1 -1 -1 -1 -1 -1 -1 -1 -1 -1 -1 -1 -1 -1 -1 -1 -1 -1 -1 -1 -1 -1 -1 96 102 102 100 117 117 111 102 100 100 85 65 65 8 0 0 89 116 116 116 112 100 100 87 82 83 83 79
0 59 106 106 107 107 107 97 -1 -1 -1 -1 -1 -1 -1 -1 -1 -1 -1 -1 -1 -1 -1 -1 -1 -1 -1 -1 -1 -1 -1 -1 -1 -1 -1 -1 94 94 100 105 105 110 107 107 48 0 42 42 43 50 50 14 24 94 94 117 120 120 110 107 95 95 -1 -1 -1 -1 -1 -1 -1 -1 -1 -1 -1 -1 -1 -1 94 93 93 97 104 104 102 107 107 118 119 116 116 111 105 105 99 97 -1 -1 -1 -1 -1 -1 -1 -1 -1 -1 -1 -1 -1 -1 -1 -1 -1 -1 -1 -1 99 99 106 107 107 107 111 111 111 117 106 106 107 111 104 104 82 -100 -100 21 56 38 38 33 38 38 25 2 2 68 83 114 114 112 105 105 106 94 -1 -1 -1 -1 -1 -1 -1 -1 -1 -1 -1 -1 -1 -1 -1 -1 -1 -1 -1 -1 -1 -1 -1 -1 -1 -1 -1 -1 -1 -1 -1 -1 -1 -1 -1 -1 -1 -1 -1 -1 -1 -1 -1 -1 -1 -1 -1 -1 -1 -1 -1 -1 -1 -1 -1 -1 -1 -1 -1 -1 -1 -1 -1 -1 -1 -1 -1 -1 -1 -1 -1 -1 -1 -1 -1 -1 -1 -1 -1 -1 101 107 113 113 -83 20 20 58 45 45 29 16 27 27 62 68 68 66 56 52 52 52 60 60 72 81 81 81 82 84 84 89 91 91 94 94 97 97 88 77 77 58 38 38 33 38 53 53 71 62 62 59 56 54 54 50 47 47 42 47 49 49 50 52 52 55 56 56 55 55 54 54 54 49 49 42 41 48 48 50 48 48 49 53 53 56 50 38 38 27 29 29 32 33 37 37 36 35 35 38 36 36 24 16 0 0 0 0 0 0 0 0 0 0 0 0 0 0 0 0 0 0 0 0 0 0 0 0 0 0 0 0 0 0 0 0 0 0 0 0 0 12 12 21 27 44 44 56 54 54 48 45 44 44 50 59 59 71 81 81 88 93 102 102 104 110 110 102 96 58 58 27 54 54 110 114 114 107 102 99 99 -1 -1 -1 -1 -1 -1 -1 -1 -1 -1 -1 -1 -1 -1 -1 -1 -1 -1 -1 -1 -1 -1 -1 -1 -1 -1 -1 -1 -1 -1 -1 -1 -1 -1 -1 -1 -1 -1 -1 -1 -1 -1 -1 -1 -1 -1 -1 -1 -1 -1 -1 -1 -1 -1 -1 -1 -1 -1 -1 -1 -1 -1 -1 -1 -1 -1 -1 -1 -1 -1 96 96 102 100 100 117 111 111 102 100 85 85 65 8 8 0 89 116 116 116 112 112 100 87 87 82 83 79 79
0 0 90 114 112 112 100 -1 -1 -1 -1 -1 -1 -1 -1 -1 -1 -1 -1 -1 -1 -1 -1 -1 -1 -1 -1 -1 -1 -1 -1 -1 -1 -1 -1 -1 -1 97 104 104 107 107 107 112 61 25 25 16 48 48 58 38 38 25 73 112 112 110 111 111 108 102 -1 -1 -1 -1 -1 -1 -1 -1 -1 -1 -1 -1 -1 -1 -1 -1 -1 -1 -1 97 104 104 106 104 104 104 104 102 102 99 94 94 -1 -1 -1 -1 -1 -1 -1 -1 -1 -1 -1 -1 -1 -1 -1 -1 -1 -1 -1 100 100 101 105 105 112 111 117 117 113 110 110 114 111 111 111 108 48 48 -70 30 30 58 52 54 54 22 0 0 53 113 106 106 114 106 106 104 99 99 -1 -1 -1 -1 -1 -1 -1 -1 -1 -1 -1 -1 -1 -1 -1 -1 -1 -1 -1 -1 -1 -1 -1 -1 -1 -1 -1 -1 -1 -1 -1 -1 -1 -1 -1 -1 -1 -1 -1 -1 -1 -1 -1 -1 -1 -1 -1 -1 -1 -1 -1 -1 -1 -1 -1 -1 -1 -1 -1 -1 -1 -1 -1 -1 -1 -1 -1 -1 -1 -1 -1 -1 -1 -1 -1 -1 -1 -1 -1 -1 101 101 107 112 -74 -74 27 60 60 50 37 25 25 27 45 45 48 44 44 38 36 38 38 45 55 55 74 79 84 84 83 81 81 81 85 85 91 106 97 97 88 67 67 48 38 39 39 55 72 72 62 59 59 56 54 50 50 49 43 43 54 54 54 54 53 52 52 50 49 52 52 58 58 58 49 38 38 39 48 50 50 47 45 45 49 50 45 45 30 18 18 15 20 20 32 32 29 29 29 33 33 33 20 8 8 0 0 0 0 0 0 0 0 0 0 0 0 0 0 0 0 0 0 0 0 0 0 0 0 0 0 0 0 0 0 0 0 0 0 4 25 25 47 54 58 58 71 82 82 84 76 76 72 72 77 77 84 91 91 97 102 102 102 108 110 110 112 108 108 88 36 42 42 100 116 116 110 105 96 96 -1 -1 -1 -1 -1 -1 -1 -1 -1 -1 -1 -1 -1 -1 -1 -1 -1 -1 -1 -1 -1 -1 -1 -1 -1 -1 -1 -1 -1 -1 -1 -1 -1 -1 -1 -1 -1 -1 -1 -1 -1 -1 -1 -1 -1 -1 -1 -1 -1 -1 -1 -1 -1 -1 -1 -1 -1 -1 -1 -1 -1 -1 -1 -1 -1 -1 -1 -1 -1 -1 -1 -1 110 112 112 107 108 108 48 37 37 37 32 27 27 15 26 26 90 114 117 117 113 105 105 83 78 73 73 71
0 90 114 114 112 100 100 -1 -1 -1 -1 -1 -1 -1 -1 -1 -1 -1 -1 -1 -1 -1 -1 -1 -1 -1 -1 -1 -1 -1 -1 -1 -1 -1 -1 -1 97 97 104 107 107 107 112 112 61 25 16 16 48 58 58 38 25 73 73 112 110 110 111 108 102 102 -1 -1 -1 -1 -1 -1 -1 -1 -1 -1 -1 -1 -1 -1 -1 -1 -1 -1 97 97 104 106 106 104 104 104 104 102 99 99 94 -1 -1 -1 -1 -1 -1 -1 -1 -1 -1 -1 -1 -1 -1 -1 -1 -1 -1 -1 -1 100 101 101 105 112 111 111 117 113 113 110 114 114 111 111 108 108 48 -70 -70 30 58 52 52 54 22 22 0 53 53 113 106 114 114 106 104 104 99 -1 -1 -1 -1 -1 -1 -1 -1 -1 -1 -1 -1 -1 -1 -1 -1 -1 -1 -1 -1 -1 -1 -1 -1 -1 -1 -1 -1 -1 -1 -1 -1 -1 -1 -1 -1 -1 -1 -1 -1 -1 -1 -1 -1 -1 -1 -1 -1 -1 -1 -1 -1 -1 -1 -1 -1 -1 -1 -1 -1 -1 -1 -1 -1 -1 -1 -1 -1 -1 -1 -1 -1 -1 -1 -1 -1 -1 -1 -1 -1 -1 101 107 112 112 -74 27 27 60 50 50 37 25 27 27 45 48 48 44 38 36 36 38 45 45 55 74 74 79 84 83 83 81 81 81 85 91 106 106 97 88 88 67 48 48 38 39 55 55 72 62 62 59 56 54 54 50 49 49 43 54 54 54 54 53 53 52 50 50 49 52 58 58 58 49 49 38 39 48 48 50 47 47 45 49 49 50 45 30 30 18 15 15 20 32 32 32 29 29 29 33 33 33 20 8 0 0 0 0 0 0 0 0 0 0 0 0 0 0 0 0 0 0 0 0 0 0 0 0 0 0 0 0 0 0 0 0 0 0 4 4 25 47 47 54 58 71 71 82 84 84 76 72 72 72 77 84 84 91 97 97 102 102 108 108 110 112 112 108 88 36 36 42 100 100 116 110 110 105 96 -1 -1 -1 -1 -1 -1 -1 -1 -1 -1 -1 -1 -1 -1 -1 -1 -1 -1 -1 -1 -1 -1 -1 -1 -1 -1 -1 -1 -1 -1 -1 -1 -1 -1 -1 -1 -1 -1 -1 -1 -1 -1 -1 -1 -1 -1 -1 -1 -1 -1 -1 -1 -1 -1 -1 -1 -1 -1 -1 -1 -1 -1 -1 -1 -1 -1 -1 -1 -1 -1 -1 -1 110 110 112 107 107 108 48 48 37 37 32 32 27 15 15 26 90 114 114 117 113 113 105 83 83 78 73 71 71
61 61 101 111 113 113 102 -1 -1 -1 -1 -1 -1 -1 -1 -1 -1 -1 -1 -1 -1 -1 -1 -1 -1 -1 -1 -1 -1 -1 -1 -1 -1 -1 -1 -1 93 95 107 107 114 117 117 110 60 29 29 8 58 58 48 47 47 16 48 110 110 114 120 120 116 102 104 104 97 -1 -1 -1 -1 -1 -1 -1 -1 -1 -1 -1 -1 -1 -1 -1 -1 -1 -1 -1 97 99 104 104 95 96 96 94 -1 -1 -1 -1 -1 -1 -1 -1 -1 -1 -1 -1 -1 -1 -1 -1 -1 -1 -1 94 110 101 101 101 111 111 72 47 93 93 101 108 108 119 118 116 116 116 42 42 14 52 52 64 52 30 30 1 39 39 111 106 114 114 106 100 100 100 -1 -1 -1 -1 -1 -1 -1 -1 -1 -1 -1 -1 -1 -1 -1 -1 -1 -1 -1 -1 -1 -1 -1 -1 -1 -1 -1 -1 -1 -1 -1 -1 -1 -1 -1 -1 -1 -1 -1 -1 -1 -1 -1 -1 -1 -1 -1 -1 -1 -1 -1 -1 -1 -1 -1 -1 -1 -1 -1 -1 -1 -1 -1 -1 -1 -1 -1 -1 -1 -1 -1 -1 -1 -1 -1 -1 -1 -1 -1 -1 -1 -1 101 101 107 116 -68 -68 33 72 72 65 56 49 49 45 47 47 44 42 42 38 39 42 42 48 55 55 79 85 90 90 87 79 79 77 82 82 87 100 91 91 83 68 68 53 45 44 44 55 70 70 55 49 49 49 48 47 47 48 48 48 54 50 47 47 43 41 41 41 44 49 49 61 55 55 45 38 38 39 45 48 48 44 48 48 50 49 43 43 26 12 12 7 12 12 27 30 24 24 24 27 27 25 12 0 0 0 0 0 0 0 0 0 0 0 0 0 0 0 0 0 0 0 0 0 0 0 0 0 0 0 0 0 12 13 13 3 8 24 24 32 56 56 77 83 85 85 93 100 100 102 100 100 97 96 100 100 104 106 106 107 107 110 110 113 112 112 110 107 107 72 27 68 68 114 110 110 105 105 90 90 -1 -1 -1 -1 -1 -1 -1 -1 -1 -1 -1 -1 -1 -1 -1 -1 -1 -1 -1 -1 -1 -1 -1 -1 -1 -1 -1 -1 -1 -1 -1 -1 -1 -1 -1 -1 -1 -1 -1 -1 -1 -1 -1 -1 -1 -1 -1 -1 -1 -1 -1 -1 -1 -1 -1 -1 -1 -1 -1 -1 -1 -1 -1 -1 -1 -1 -1 -1 -1 94 94 96 102 110 110 110 60 60 9 35 39 39 37 43 43 48 64 64 79 100 104 104 95 78 78 66 61 58 58 56
110 107 105 105 111 101 101 -1 -1 -1 -1 -1 -1 -1 -1 -1 -1 -1 -1 -1 -1 -1 -1 -1 -1 -1 -1 -1 -1 -1 -1 -1 -1 -1 -1 94 100 100 111 113 113 102 70 70 22 2 12 12 49 41 41 42 6 36 36 88 101 101 100 118 107 107 105 107 107 -1 -1 -1 -1 -1 -1 -1 -1 -1 -1 -1 -1 -1 -1 -1 -1 -1 -1 -1 -1 -1 -1 -1 -1 -1 -1 -1 -1 -1 -1 -1 -1 -1 -1 -1 -1 -1 -1 -1 -1 -1 -1 94 94 96 100 101 101 107 107 107 60 14 21 21 24 64 64 97 111 111 120 117 116 116 61 0 0 19 31 12 12 1 42 42 100 110 110 114 110 97 97 95 -1 -1 -1 -1 -1 -1 -1 -1 -1 -1 -1 -1 -1 -1 -1 -1 -1 -1 -1 -1 -1 -1 -1 -1 -1 -1 -1 -1 -1 -1 -1 -1 -1 -1 -1 -1 -1 -1 -1 -1 -1 -1 -1 -1 -1 -1 -1 -1 -1 -1 -1 -1 -1 -1 -1 -1 -1 -1 -1 -1 -1 -1 -1 -1 -1 -1 -1 -1 -1 -1 -1 -1 -1 -1 -1 -1 -1 -1 -1 -1 -1 -1 -1 -1 101 107 116 116 -74 32 32 83 85 85 83 77 76 76 70 61 61 59 60 61 61 67 71 71 76 91 91 95 95 91 91 87 87 87 87 87 85 85 77 70 70 58 52 52 45 39 48 48 61 49 49 43 44 43 43 43 43 43 43 44 41 41 37 36 36 36 37 37 41 47 58 58 52 42 42 37 38 43 43 44 44 44 48 48 48 47 38 24 24 8 3 3 8 16 21 21 20 18 18 15 10 10 0 0 0 0 3 0 0 0 0 0 0 0 0 0 0 0 0 0 0 1 1 8 14 14 16 20 16 16 27 44 44 49 39 42 42 55 66 66 85 100 100 105 106 107 107 107 110 110 114 114 113 113 112 110 110 111 111 111 110 112 114 114 108 102 102 101 47 33 33 90 112 112 110 102 102 101 -1 -1 -1 -1 -1 -1 -1 -1 -1 -1 -1 -1 -1 -1 -1 -1 -1 -1 -1 -1 -1 -1 -1 -1 -1 -1 -1 -1 -1 -1 -1 -1 -1 -1 -1 -1 -1 -1 -1 -1 -1 -1 -1 -1 -1 -1 -1 -1 -1 -1 -1 -1 -1 -1 -1 -1 -1 -1 -1 -1 -1 -1 -1 -1 -1 -1 -1 -1 -1 -1 -1 96 100 110 110 106 101 101 14 38 38 77 81 66 66 59 52 52 54 50 67 67 72 64 64 44 42 42 39 41 43 43
110 110 107 105 111 111 101 -1 -1 -1 -1 -1 -1 -1 -1 -1 -1 -1 -1 -1 -1 -1 -1 -1 -1 -1 -1 -1 -1 -1 -1 -1 -1 -1 -1 -1 94 100 111 111 113 102 102 70 22 2 2 12 49 49 41 42 42 6 36 88 88 101 100 100 118 107 105 105 107 -1 -1 -1 -1 -1 -1 -1 -1 -1 -1 -1 -1 -1 -1 -1 -1 -1 -1 -1 -1 -1 -1 -1 -1 -1 -1 -1 -1 -1 -1 -1 -1 -1 -1 -1 -1 -1 -1 -1 -1 -1 -1 -1 94 96 96 100 101 107 107 107 60 60 14 21 24 24 64 97 97 111 120 117 117 116 61 61 0 19 19 31 12 1 1 42 100 100 110 114 110 110 97 95 95 -1 -1 -1 -1 -1 -1 -1 -1 -1 -1 -1 -1 -1 -1 -1 -1 -1 -1 -1 -1 -1 -1 -1 -1 -1 -1 -1 -1 -1 -1 -1 -1 -1 -1 -1 -1 -1 -1 -1 -1 -1 -1 -1 -1 -1 -1 -1 -1 -1 -1 -1 -1 -1 -1 -1 -1 -1 -1 -1 -1 -1 -1 -1 -1 -1 -1 -1 -1 -1 -1 -1 -1 -1 -1 -1 -1 -1 -1 -1 -1 -1 -1 -1 101 101 107 116 -74 -74 32 83 83 85 83 77 77 76 70 70 61 59 59 60 61 67 67 71 76 76 91 95 95 95 91 87 87 87 87 87 87 85 77 77 70 58 58 52 45 39 39 48 61 61 49 43 43 44 43 43 43 43 43 43 44 41 37 37 36 36 36 37 41 47 47 58 52 52 42 37 37 38 43 44 44 44 48 48 48 47 38 38 24 8 8 3 8 8 16 21 20 20 18 15 15 10 0 0 0 0 3 3 0 0 0 0 0 0 0 0 0 0 0 0 0 0 1 8 8 14 16 20 20 16 27 27 44 49 49 39 42 55 55 66 85 85 100 105 106 106 107 107 107 110 114 114 114 113 112 112 110 111 111 111 110 112 112 114 108 108 102 101 101 47 33 90 90 112 110 110 102 101 -1 -1 -1 -1 -1 -1 -1 -1 -1 -1 -1 -1 -1 -1 -1 -1 -1 -1 -1 -1 -1 -1 -1 -1 -1 -1 -1 -1 -1 -1 -1 -1 -1 -1 -1 -1 -1 -1 -1 -1 -1 -1 -1 -1 -1 -1 -1 -1 -1 -1 -1 -1 -1 -1 -1 -1 -1 -1 -1 -1 -1 -1 -1 -1 -1 -1 -1 -1 -1 -1 -1 96 96 100 110 106 106 101 14 14 38 77 81 81 66 59 59 52 54 54 50 67 72 72 64 44 44 42 39 41 41 43
-1 112 108 108 108 91 91 -1 -1 -1 -1 -1 -1 -1 -1 -1 -1 -1 -1 -1 -1 -1 -1 -1 -1 -1 -1 -1 -1 -1 -1 -1 -1 -1 -1 99 106 106 111 94 94 62 22 22 6 10 37 37 30 30 30 35 18 -78 -78 25 37 37 44 111 117 117 111 106 106 -1 -1 -1 -1 -1 -1 -1 -1 -1 -1 -1 -1 -1 -1 -1 -1 -1 -1 -1 -1 -1 -1 -1 -1 -1 -1 -1 -1 -1 -1 -1 -1 -1 -1 -1 -1 -1 -1 -1 -1 -1 94 100 100 102 107 100 100 64 41 41 8 21 -23 -23 -78 9 9 49 90 90 113 113 118 118 96 31 31 31 33 -40 -40 -34 101 101 110 108 108 107 104 93 93 94 -1 -1 -1 -1 -1 -1 -1 -1 -1 -1 -1 -1 -1 -1 -1 -1 -1 -1 -1 -1 -1 -1 -1 -1 -1 -1 -1 -1 -1 -1 -1 -1 -1 -1 -1 -1 -1 -1 -1 -1 -1 -1 -1 -1 -1 -1 -1 -1 -1 -1 -1 -1 -1 -1 -1 -1 -1 -1 -1 -1 -1 -1 -1 -1 -1 -1 -1 -1 -1 -1 -1 -1 -1 -1 -1 -1 -1 -1 -1 -1 -1 -1 -1 -1 101 107 111 111 -84 26 26 89 100 100 97 97 99 99 93 84 84 82 84 89 89 95 100 100 104 99 99 99 97 96 96 96 96 96 93 88 72 72 64 54 54 47 47 47 42 32 37 37 56 45 45 41 43 42 42 39 37 37 35 30 29 29 29 35 35 36 37 37 39 43 53 53 47 42 42 39 38 38 38 41 43 43 43 42 42 39 33 19 19 3 0 0 6 4 15 15 16 10 10 4 0 0 0 0 2 2 6 0 0 0 0 0 0 2 0 0 3 7 7 12 16 22 22 35 43 43 49 47 45 45 56 71 71 74 70 70 70 79 90 90 104 113 113 116 116 116 116 111 107 107 118 117 117 117 112 110 110 110 107 107 107 106 113 113 101 101 101 91 31 39 39 99 112 112 114 105 105 99 -1 -1 -1 -1 -1 -1 -1 -1 -1 -1 -1 -1 -1 -1 -1 -1 -1 -1 -1 -1 -1 -1 -1 -1 -1 -1 -1 -1 -1 -1 -1 -1 -1 -1 -1 -1 -1 -1 -1 -1 -1 -1 -1 -1 -1 -1 -1 -1 -1 -1 -1 -1 -1 -1 -1 -1 -1 -1 -1 -1 -1 -1 -1 -1 -1 -1 -1 -1 -1 95 95 100 102 108 108 85 70 70 0 67 67 73 71 55 55 54 45 45 44 44 44 44 41 39 39 29 21 21 21 27 33 33
-1 -1 112 108 108 108 91 -1 -1 -1 -1 -1 -1 -1 -1 -1 -1 -1 -1 -1 -1 -1 -1 -1 -1 -1 -1 -1 -1 -1 -1 -1 -1 -1 -1 -1 99 106 111 111 94 62 62 22 6 10 10 37 30 30 30 35 35 18 -78 25 25 37 44 44 111 117 111 111 106 -1 -1 -1 -1 -1 -1 -1 -1 -1 -1 -1 -1 -1 -1 -1 -1 -1 -1 -1 -1 -1 -1 -1 -1 -1 -1 -1 -1 -1 -1 -1 -1 -1 -1 -1 -1 -1 -1 -1 -1 -1 94 94 100 102 102 107 100 64 64 41 8 8 21 -23 -78 -78 9 49 49 90 113 113 113 118 96 96 31 31 31 33 -40 -34 -34 101 110 110 108 107 104 104 93 94 94 -1 -1 -1 -1 -1 -1 -1 -1 -1 -1 -1 -1 -1 -1 -1 -1 -1 -1 -1 -1 -1 -1 -1 -1 -1 -1 -1 -1 -1 -1 -1 -1 -1 -1 -1 -1 -1 -1 -1 -1 -1 -1 -1 -1 -1 -1 -1 -1 -1 -1 -1 -1 -1 -1 -1 -1 -1 -1 -1 -1 -1 -1 -1 -1 -1 -1 -1 -1 -1 -1 -1 -1 -1 -1 -1 -1 -1 -1 -1 -1 -1 -1 -1 101 101 107 111 -84 -84 26 89 89 100 97 97 97 99 93 93 84 82 82 84 89 95 95 100 104 104 99 99 97 97 96 96 96 96 93 93 88 72 64 64 54 47 47 47 42 32 32 37 56 56 45 41 41 43 42 39 39 37 35 35 30 29 29 29 35 36 36 37 39 43 43 53 47 47 42 39 39 38 38 41 41 43 43 43 42 39 33 33 19 3 3 0 6 6 4 15 16 16 10 4 4 0 0 0 0 2 6 6 0 0 0 0 0 2 2 0 3 3 7 12 16 16 22 35 35 43 49 47 47 45 56 56 71 74 74 70 70 79 79 90 104 104 113 116 116 116 116 111 111 107 118 118 117 117 112 112 110 110 110 107 107 106 106 113 101 101 101 91 91 31 39 99 99 112 114 114 105 99 -1 -1 -1 -1 -1 -1 -1 -1 -1 -1 -1 -1 -1 -1 -1 -1 -1 -1 -1 -1 -1 -1 -1 -1 -1 -1 -1 -1 -1 -1 -1 -1 -1 -1 -1 -1 -1 -1 -1 -1 -1 -1 -1 -1 -1 -1 -1 -1 -1 -1 -1 -1 -1 -1 -1 -1 -1 -1 -1 -1 -1 -1 -1 -1 -1 -1 -1 -1 -1 -1 95 100 100 102 108 85 85 70 0 0 67 73 71 71 55 54 54 45 44 44 44 44 41 41 39 29 29 21 21 27 27 33
111 106 99 99 -1 -1 -1 -1 -1 -1 -1 -1 -1 -1 -1 -1 -1 -1 -1 -1 -1 -1 -1 -1 -1 -1 -1 -1 -1 -1 -1 -1 -1 -1 -1 107 106 106 89 45 45 13 26 26 36 41 37 37 24 18 18 25 36 31 31 18 27 27 -114 -1 110 110 110 111 111 -1 -1 -1 -1 -1 -1 -1 -1 -1 -1 -1 -1 -1 -1 -1 -1 -1 -1 -1 -1 -1 -1 -1 -1 -1 -1 -1 -1 -1 -1 -1 -1 -1 -1 -1 -1 -1 -1 -1 -1 -1 96 101 101 106 106 48 48 -68 -67 -67 29 58 64 64 53 44 44 22 31 31 48 116 122 122 114 106 106 99 96 111 111 112 107 107 108 101 101 101 -1 -1 -1 -1 -1 -1 -1 -1 -1 -1 -1 -1 -1 -1 -1 -1 -1 -1 -1 -1 -1 -1 -1 -1 -1 -1 -1 -1 -1 -1 -1 -1 -1 -1 -1 -1 -1 -1 -1 -1 -1 -1 -1 -1 -1 -1 -1 -1 -1 -1 -1 -1 -1 -1 -1 -1 -1 -1 -1 -1 -1 -1 -1 -1 -1 -1 -1 -1 -1 -1 -1 -1 -1 -1 -1 -1 -1 -1 -1 -1 -1 -1 -1 -1 -1 -1 94 94 97 104 107 107 -96 29 29 90 91 91 102 111 120 120 112 105 105 102 105 105 105 107 107 107 102 100 100 93 93 90 90 88 94 94 93 78 53 53 43 41 41 37 38 38 43 38 41 41 48 49 49 45 37 36 36 39 35 35 22 15 21 21 25 26 26 32 36 36 36 38 43 43 45 36 36 27 21 25 25 38 33 33 33 24 24 20 15 4 4 0 0 0 3 4 16 16 19 16 16 9 0 0 0 0 3 3 4 0 0 0 7 25 25 29 22 22 27 31 31 36 44 53 53 60 68 68 76 72 76 76 81 84 84 88 90 94 94 96 100 100 110 113 113 112 114 116 116 113 114 114 112 112 112 112 113 111 111 106 107 107 112 106 119 119 118 77 77 70 25 49 49 107 114 114 108 99 99 -1 -1 -1 -1 -1 -1 -1 -1 -1 -1 -1 -1 -1 -1 -1 -1 -1 -1 -1 -1 -1 -1 -1 -1 -1 -1 -1 -1 -1 -1 -1 -1 -1 -1 -1 -1 -1 -1 -1 -1 -1 -1 -1 -1 -1 -1 -1 -1 -1 -1 -1 -1 -1 -1 -1 -1 -1 -1 -1 -1 -1 -1 -1 -1 -1 -1 -1 -1 -1 93 99 99 106 107 91 91 -30 0 0 24 64 64 70 61 53 53 38 38 38 42 37 35 35 33 26 26 14 9 9 10 15 19 19
110 110 105 97 -1 -1 -1 -1 -1 -1 -1 -1 -1 -1 -1 -1 -1 -1 -1 -1 -1 -1 -1 -1 -1 -1 -1 -1 -1 -1 -1 -1 -1 -1 99 99 105 105 61 61 33 8 8 49 42 36 36 32 21 21 14 22 22 37 53 59 59 54 0 0 96 113 111 111 108 -1 -1 -1 -1 -1 -1 -1 -1 -1 -1 -1 -1 -1 -1 -1 -1 -1 -1 -1 -1 -1 -1 -1 -1 -1 -1 -1 -1 -1 -1 -1 -1 -1 -1 -1 -1 -1 -1 -1 -1 -1 97 97 105 107 107 83 12 -87 -87 -27 65 65 56 55 68 68 70 47 47 14 0 118 118 119 119 119 116 117 117 112 117 111 111 106 108 108 99 93 -1 -1 -1 -1 -1 -1 -1 -1 -1 -1 -1 -1 -1 -1 -1 -1 -1 -1 -1 -1 -1 -1 -1 -1 -1 -1 -1 -1 -1 -1 -1 -1 -1 -1 -1 -1 -1 -1 -1 -1 -1 -1 -1 -1 -1 -1 -1 -1 -1 -1 -1 -1 -1 -1 -1 -1 -1 -1 -1 -1 -1 -1 -1 -1 -1 -1 -1 -1 -1 -1 -1 -1 -1 -1 -1 -1 -1 -1 -1 -1 -1 -1 -1 -1 -1 -1 -1 94 97 97 106 110 -108 -108 22 93 93 91 99 118 118 120 117 117 113 112 112 114 112 114 114 113 107 107 91 85 84 84 84 81 81 83 81 81 68 47 37 37 33 30 30 32 33 29 29 31 42 42 47 45 45 41 37 35 35 29 18 18 13 25 30 30 35 36 36 35 33 33 33 37 37 37 24 15 15 9 16 33 33 31 33 33 19 12 9 9 1 0 0 0 1 1 3 18 19 19 15 4 4 0 0 0 0 9 10 10 9 8 8 20 37 42 42 36 39 39 43 50 60 60 67 76 76 82 85 83 83 84 87 87 88 90 90 94 99 101 101 105 113 113 116 113 113 113 114 111 111 112 108 108 108 110 111 111 110 105 105 104 107 108 108 113 106 106 83 56 56 22 55 107 107 114 107 107 99 -1 -1 -1 -1 -1 -1 -1 -1 -1 -1 -1 -1 -1 -1 -1 -1 -1 -1 -1 -1 -1 -1 -1 -1 -1 -1 -1 -1 -1 -1 -1 -1 -1 -1 -1 -1 -1 -1 -1 -1 -1 -1 -1 -1 -1 -1 -1 -1 -1 -1 -1 -1 -1 -1 -1 -1 -1 -1 -1 -1 -1 -1 -1 -1 -1 -1 -1 -1 -1 94 94 106 106 106 111 -1 20 20 0 60 60 65 66 55 55 52 35 35 36 37 37 33 30 27 27 26 18 18 8 8 10 10 10
110 105 97 97 -1 -1 -1 -1 -1 -1 -1 -1 -1 -1 -1 -1 -1 -1 -1 -1 -1 -1 -1 -1 -1 -1 -1 -1 -1 -1 -1 -1 -1 -1 99 105 105 105 61 33 33 8 49 49 42 36 32 32 21 14 14 22 37 53 53 59 54 54 0 96 113 113 111 108 108 -1 -1 -1 -1 -1 -1 -1 -1 -1 -1 -1 -1 -1 -1 -1 -1 -1 -1 -1 -1 -1 -1 -1 -1 -1 -1 -1 -1 -1 -1 -1 -1 -1 -1 -1 -1 -1 -1 -1 -1 -1 97 105 105 107 83 12 12 -87 -27 -27 65 56 55 55 68 70 70 47 14 14 0 118 119 119 119 116 116 117 112 117 117 111 106 106 108 99 99 93 -1 -1 -1 -1 -1 -1 -1 -1 -1 -1 -1 -1 -1 -1 -1 -1 -1 -1 -1 -1 -1 -1 -1 -1 -1 -1 -1 -1 -1 -1 -1 -1 -1 -1 -1 -1 -1 -1 -1 -1 -1 -1 -1 -1 -1 -1 -1 -1 -1 -1 -1 -1 -1 -1 -1 -1 -1 -1 -1 -1 -1 -1 -1 -1 -1 -1 -1 -1 -1 -1 -1 -1 -1 -1 -1 -1 -1 -1 -1 -1 -1 -1 -1 -1 -1 -1 94 94 97 106 110 110 -108 22 22 93 91 91 99 118 120 120 117 113 113 112 114 112 112 114 113 113 107 91 91 85 84 84 84 81 83 83 81 68 47 47 37 33 33 30 32 32 33 29 31 31 42 47 47 45 41 37 37 35 29 29 18 13 25 25 30 35 35 36 35 35 33 33 37 37 37 24 24 15 9 16 16 33 31 31 33 19 19 12 9 1 1 0 0 0 1 3 18 18 19 15 15 4 0 0 0 0 9 9 10 9 9 8 20 37 37 42 36 36 39 43 43 50 60 67 67 76 82 82 85 83 84 84 87 88 88 90 94 99 99 101 105 105 113 116 116 113 113 114 114 111 112 112 108 108 110 110 111 110 110 105 104 104 107 108 113 113 106 83 83 56 22 55 55 107 114 114 107 99 99 -1 -1 -1 -1 -1 -1 -1 -1 -1 -1 -1 -1 -1 -1 -1 -1 -1 -1 -1 -1 -1 -1 -1 -1 -1 -1 -1 -1 -1 -1 -1 -1 -1 -1 -1 -1 -1 -1 -1 -1 -1 -1 -1 -1 -1 -1 -1 -1 -1 -1 -1 -1 -1 -1 -1 -1 -1 -1 -1 -1 -1 -1 -1 -1 -1 -1 -1 -1 -1 94 106 106 106 111 -1 -1 20 0 0 60 65 65 66 55 52 52 35 36 36 37 33 30 30 27 26 26 18 8 8 8 10 10 10
108 108 102 95 -1 -1 -1 -1 -1 -1 -1 -1 -1 -1 -1 -1 -1 -1 -1 -1 -1 -1 -1 -1 -1 -1 -1 -1 -1 -1 -1 88 88 104 105 105 105 104 0 0 7 45 45 41 32 32 32 41 36 36 25 32 32 48 48 48 48 44 0 0 105 107 112 112 104 -1 -1 -1 -1 -1 -1 -1 -1 -1 -1 -1 -1 -1 -1 -1 -1 -1 -1 -1 -1 -1 -1 -1 -1 -1 -1 -1 -1 -1 -1 -1 -1 -1 -1 -1 -1 -1 -1 -1 -1 93 99 99 105 108 108 -1 -23 -83 -83 -116 0 0 43 66 84 84 85 83 83 27 0 66 66 113 122 122 122 117 117 114 113 107 107 104 105 105 100 93 -1 -1 -1 -1 -1 -1 -1 -1 -1 -1 -1 -1 -1 -1 -1 -1 -1 -1 -1 -1 -1 -1 -1 -1 -1 -1 -1 -1 -1 -1 -1 -1 -1 -1 -1 -1 -1 -1 -1 -1 -1 -1 -1 -1 -1 -1 -1 -1 -1 -1 -1 -1 -1 -1 -1 -1 -1 -1 -1 -1 -1 -1 -1 -1 -1 -1 -1 -1 -1 -1 -1 -1 -1 -1 -1 -1 -1 -1 -1 -1 -1 -1 -1 -1 -1 -1 -1 96 99 99 107 110 -115 -115 27 102 102 104 101 120 120 119 118 118 118 118 118 116 114 114 114 111 101 101 78 74 71 71 70 65 65 67 64 64 53 44 35 35 32 32 32 29 25 18 18 21 39 39 42 39 39 35 29 25 25 19 12 12 16 32 44 44 47 44 44 35 26 22 22 25 16 16 0 0 0 0 4 24 24 25 15 15 0 0 0 0 0 0 0 0 0 0 21 36 36 36 29 15 15 3 6 9 9 35 37 37 38 39 39 50 65 68 68 64 58 58 62 71 82 82 88 93 93 96 97 97 97 97 96 96 95 96 96 101 106 110 110 107 113 113 114 112 112 112 112 108 108 108 106 106 108 105 106 106 106 96 96 90 96 100 100 107 96 96 71 16 16 26 79 106 106 113 107 107 97 -1 -1 -1 -1 -1 -1 -1 -1 -1 -1 -1 -1 -1 -1 -1 -1 -1 -1 -1 -1 -1 -1 -1 -1 -1 -1 -1 -1 -1 -1 -1 -1 -1 -1 -1 -1 -1 -1 -1 -1 -1 -1 -1 -1 -1 -1 -1 -1 -1 -1 -1 -1 -1 -1 -1 -1 -1 -1 -1 -1 -1 -1 -1 -1 -1 -1 -1 -1 -1 99 99 108 104 104 99 -42 6 6 48 62 62 55 53 44 44 24 25 25 30 36 36 33 27 29 29 27 25 25 14 10 9 9 6
107 101 93 93 -1 -1 -1 -1 -1 -1 -1 -1 -1 -1 -1 -1 -1 -1 -1 -1 -1 -1 -1 -1 -1 -1 -1 -1 -1 -1 -1 96 100 100 105 106 90 90 0 19 19 45 35 35 33 41 49 49 44 35 35 41 56 50 50 43 48 48 0 113 114 114 113 111 111 -1 -1 -1 -1 -1 -1 -1 -1 -1 -1 -1 -1 -1 -1 -1 -1 -1 -1 -1 -1 -1 -1 -1 -1 -1 -1 -1 -1 -1 -1 -1 -1 -1 -1 -1 -1 -1 -1 -1 94 94 100 104 104 108 106 104 104 112 -1 -1 -72 10 62 62 88 95 95 85 68 68 54 0 105 105 119 117 117 114 113 110 110 105 97 97 94 -1 -1 -1 -1 -1 -1 -1 -1 -1 -1 -1 -1 -1 -1 -1 -1 -1 -1 -1 -1 -1 -1 -1 -1 -1 -1 -1 -1 -1 -1 -1 -1 -1 -1 -1 -1 -1 -1 -1 -1 -1 -1 -1 -1 -1 -1 -1 -1 -1 -1 -1 -1 -1 -1 -1 -1 -1 -1 -1 -1 -1 -1 -1 -1 -1 -1 -1 -1 -1 -1 -1 -1 -1 -1 -1 -1 -1 -1 -1 -1 -1 -1 -1 -1 -1 -1 -1 -1 94 95 95 101 106 107 107 -114 35 35 104 107 107 105 114 113 113 108 111 111 111 105 100 100 99 94 94 84 67 67 61 61 59 59 55 56 56 54 47 52 52 43 42 42 39 30 30 21 13 19 19 41 37 37 27 15 10 10 10 10 10 8 20 36 36 48 47 47 41 30 30 22 22 22 22 4 0 0 0 0 13 13 30 30 30 0 0 0 0 0 0 0 0 0 0 8 37 50 50 50 41 41 29 21 21 32 43 64 64 66 67 67 70 78 87 87 88 83 83 78 84 84 91 97 102 102 104 105 105 105 107 105 105 102 101 101 102 106 110 110 113 108 108 111 112 112 112 111 111 111 108 107 107 107 111 106 106 102 96 96 81 71 71 78 83 95 95 95 61 61 0 31 104 104 105 108 108 104 95 95 -1 -1 -1 -1 -1 -1 -1 -1 -1 -1 -1 -1 -1 -1 -1 -1 -1 -1 -1 -1 -1 -1 -1 -1 -1 -1 -1 -1 -1 -1 -1 -1 -1 -1 -1 -1 -1 -1 -1 -1 -1 -1 -1 -1 -1 -1 -1 -1 -1 -1 -1 -1 -1 -1 -1 -1 -1 -1 -1 -1 -1 -1 -1 -1 -1 -1 -1 -1 -1 99 107 107 107 78 -56 -56 27 64 64 56 44 44 35 24 18 18 15 18 18 26 26 24 24 26 26 26 22 4 4 2 2 1 1
107 107 101 93 -1 -1 -1 -1 -1 -1 -1 -1 -1 -1 -1 -1 -1 -1 -1 -1 -1 -1 -1 -1 -1 -1 -1 -1 -1 -1 -1 96 96 100 105 105 106 90 0 0 19 45 45 35 33 41 41 49 44 44 35 41 41 56 50 43 43 48 0 0 113 114 113 113 111 -1 -1 -1 -1 -1 -1 -1 -1 -1 -1 -1 -1 -1 -1 -1 -1 -1 -1 -1 -1 -1 -1 -1 -1 -1 -1 -1 -1 -1 -1 -1 -1 -1 -1 -1 -1 -1 -1 -1 -1 94 100 100 104 108 108 106 104 112 112 -1 -72 -72 10 62 88 88 95 85 85 68 54 0 0 105 119 119 117 114 114 113 110 105 105 97 94 94 -1 -1 -1 -1 -1 -1 -1 -1 -1 -1 -1 -1 -1 -1 -1 -1 -1 -1 -1 -1 -1 -1 -1 -1 -1 -1 -1 -1 -1 -1 -1 -1 -1 -1 -1 -1 -1 -1 -1 -1 -1 -1 -1 -1 -1 -1 -1 -1 -1 -1 -1 -1 -1 -1 -1 -1 -1 -1 -1 -1 -1 -1 -1 -1 -1 -1 -1 -1 -1 -1 -1 -1 -1 -1 -1 -1 -1 -1 -1 -1 -1 -1 -1 -1 -1 -1 -1 94 94 95 101 101 106 107 -114 -114 35 104 104 107 105 114 114 113 108 108 111 111 111 105 100 99 99 94 84 84 67 61 61 61 59 55 55 56 54 54 47 52 43 43 42 39 39 30 21 13 13 19 41 41 37 27 27 15 10 10 10 10 8 8 20 36 48 48 47 41 41 30 22 22 22 22 4 4 0 0 0 0 13 30 30 30 0 0 0 0 0 0 0 0 0 0 8 8 37 50 50 50 41 29 29 21 32 43 43 64 66 66 67 70 70 78 87 88 88 83 78 78 84 91 97 97 102 104 104 105 105 107 107 105 102 102 101 102 102 106 110 113 113 108 111 111 112 112 111 111 111 108 108 107 107 107 111 106 102 102 96 81 81 71 78 83 83 95 95 95 61 0 0 31 104 105 105 108 104 104 95 -1 -1 -1 -1 -1 -1 -1 -1 -1 -1 -1 -1 -1 -1 -1 -1 -1 -1 -1 -1 -1 -1 -1 -1 -1 -1 -1 -1 -1 -1 -1 -1 -1 -1 -1 -1 -1 -1 -1 -1 -1 -1 -1 -1 -1 -1 -1 -1 -1 -1 -1 -1 -1 -1 -1 -1 -1 -1 -1 -1 -1 -1 -1 -1 -1 -1 -1 -1 -1 99 99 107 107 107 78 -56 27 27 64 56 56 44 35 24 24 18 15 15 18 26 26 26 24 26 26 26 22 22 4 2 2 2 1
107 101 93 93 -1 -1 -1 -1 -1 -1 -1 -1 -1 -1 -1 -1 -1 -1 -1 -1 -1 -1 -1 -1 -1 -1 -1 -1 -1 -1 -1 96 99 99 101 108 100 100 0 0 0 0 4 4 2 0 0 0 0 0 0 16 41 59 59 10 0 0 77 117 110 110 105 99 99 -1 -1 -1 -1 -1 -1 -1 -1 -1 -1 -1 -1 -1 -1 -1 -1 -1 -1 -1 -1 -1 -1 -1 -1 -1 -1 -1 -1 -1 -1 -1 -1 -1 -1 -1 -1 -1 -1 -1 95 95 101 106 106 108 118 118 118 114 105 105 -41 4 48 48 73 82 82 89 78 78 71 13 20 20 119 117 117 116 112 104 104 102 97 97 -1 -1 -1 -1 -1 -1 -1 -1 -1 -1 -1 -1 -1 -1 -1 -1 -1 -1 -1 -1 -1 -1 -1 -1 -1 -1 -1 -1 -1 -1 -1 -1 -1 -1 -1 -1 -1 -1 -1 -1 -1 -1 -1 -1 -1 -1 -1 -1 -1 -1 -1 -1 -1 -1 -1 -1 -1 -1 -1 -1 -1 -1 -1 -1 -1 -1 -1 -1 -1 -1 -1 -1 -1 -1 -1 -1 -1 -1 -1 -1 -1 -1 -1 -1 -1 -1 -1 -1 -1 94 97 97 102 108 106 106 -111 32 32 97 99 99 97 96 96 96 90 91 91 91 84 77 77 77 74 74 66 62 62 61 59 56 56 54 54 54 53 49 56 56 49 45 45 35 22 22 12 9 19 19 38 27 27 12 3 3 3 7 8 8 9 19 33 33 43 42 42 35 27 27 21 24 16 16 0 0 0 0 2 29 29 36 27 27 0 0 0 0 0 0 0 0 6 6 18 53 65 65 61 53 53 45 47 47 64 78 84 84 87 88 88 90 95 99 99 97 94 94 93 96 96 101 106 108 108 110 110 110 110 110 108 108 107 106 106 107 110 112 112 113 111 111 111 112 112 113 112 112 112 111 108 108 104 105 102 102 95 83 83 66 60 60 65 74 84 84 94 55 55 0 37 114 114 104 107 107 102 -1 -1 -1 -1 -1 -1 -1 -1 -1 -1 -1 -1 -1 -1 -1 -1 -1 -1 -1 -1 -1 -1 -1 -1 -1 -1 -1 -1 -1 -1 -1 -1 -1 -1 -1 -1 -1 -1 -1 -1 -1 -1 -1 -1 -1 -1 -1 -1 -1 -1 -1 -1 -1 -1 -1 -1 -1 -1 -1 -1 -1 -1 -1 -1 -1 -1 -1 -1 -1 -1 -1 96 107 107 113 56 12 12 56 67 67 72 55 55 43 24 14 14 14 14 14 16 20 20 20 25 22 22 18 6 6 3 2 2 2
107 107 101 93 -1 -1 -1 -1 -1 -1 -1 -1 -1 -1 -1 -1 -1 -1 -1 -1 -1 -1 -1 -1 -1 -1 -1 -1 -1 -1 -1 96 96 99 101 101 108 100 0 0 0 0 0 4 2 0 0 0 0 0 0 16 16 41 59 10 10 0 77 77 117 110 105 105 99 -1 -1 -1 -1 -1 -1 -1 -1 -1 -1 -1 -1 -1 -1 -1 -1 -1 -1 -1 -1 -1 -1 -1 -1 -1 -1 -1 -1 -1 -1 -1 -1 -1 -1 -1 -1 -1 -1 -1 -1 95 101 101 106 108 108 118 118 114 114 105 -41 -41 4 48 73 73 82 89 89 78 71 13 13 20 119 119 117 116 116 112 104 102 102 97 -1 -1 -1 -1 -1 -1 -1 -1 -1 -1 -1 -1 -1 -1 -1 -1 -1 -1 -1 -1 -1 -1 -1 -1 -1 -1 -1 -1 -1 -1 -1 -1 -1 -1 -1 -1 -1 -1 -1 -1 -1 -1 -1 -1 -1 -1 -1 -1 -1 -1 -1 -1 -1 -1 -1 -1 -1 -1 -1 -1 -1 -1 -1 -1 -1 -1 -1 -1 -1 -1 -1 -1 -1 -1 -1 -1 -1 -1 -1 -1 -1 -1 -1 -1 -1 -1 -1 -1 -1 94 94 97 102 102 108 106 -111 -111 32 97 97 99 97 96 96 96 90 90 91 91 91 84 77 77 77 74 66 66 62 61 59 59 56 54 54 54 53 53 49 56 49 49 45 35 35 22 12 9 9 19 38 38 27 12 12 3 3 7 7 8 9 9 19 33 43 43 42 35 35 27 21 24 24 16 0 0 0 0 0 2 29 36 36 27 0 0 0 0 0 0 0 0 0 6 18 18 53 65 61 61 53 45 45 47 64 78 78 84 87 87 88 90 90 95 99 97 97 94 93 93 96 101 106 106 108 110 110 110 110 110 110 108 107 107 106 107 107 110 112 113 113 111 111 111 112 113 112 112 112 111 111 108 104 104 105 102 95 95 83 66 66 60 65 74 74 84 94 94 55 0 0 37 114 104 104 107 102 102 -1 -1 -1 -1 -1 -1 -1 -1 -1 -1 -1 -1 -1 -1 -1 -1 -1 -1 -1 -1 -1 -1 -1 -1 -1 -1 -1 -1 -1 -1 -1 -1 -1 -1 -1 -1 -1 -1 -1 -1 -1 -1 -1 -1 -1 -1 -1 -1 -1 -1 -1 -1 -1 -1 -1 -1 -1 -1 -1 -1 -1 -1 -1 -1 -1 -1 -1 -1 -1 -1 96 96 107 113 113 56 12 56 56 67 72 72 55 43 24 24 14 14 14 14 16 16 20 20 25 25 22 18 18 6 3 2 2 2
108 101 93 93 -1 -1 -1 -1 -1 -1 -1 -1 -1 -1 -1 -1 -1 -1 -1 -1 -1 -1 -1 -1 -1 -1 -1 -1 -1 -1 -1 -1 93 93 101 106 106 106 105 74 74 36 39 39 45 60 81 81 93 79 79 41 6 0 0 21 62 62 116 111 105 105 99 100 100 -1 -1 -1 -1 -1 -1 -1 -1 -1 -1 -1 -1 -1 -1 -1 -1 -1 -1 -1 -1 -1 -1 -1 -1 -1 -1 -1 -1 -1 -1 -1 -1 -1 -1 -1 -1 -1 -1 93 97 97 105 108 108 110 113 119 119 111 108 108 0 53 62 62 60 67 67 67 66 66 65 65 0 0 66 122 122 117 113 101 101 100 100 100 -1 -1 -1 -1 -1 -1 -1 -1 -1 -1 -1 -1 -1 -1 -1 -1 -1 -1 -1 -1 -1 -1 -1 -1 -1 -1 -1 -1 -1 -1 -1 -1 -1 -1 -1 -1 -1 -1 -1 -1 -1 -1 -1 -1 -1 -1 -1 -1 -1 -1 -1 -1 -1 -1 -1 -1 -1 -1 -1 -1 -1 -1 -1 -1 -1 -1 -1 -1 -1 -1 -1 -1 -1 -1 -1 -1 -1 -1 -1 -1 -1 -1 -1 -1 -1 -1 -1 93 93 95 104 104 111 112 83 83 -98 37 37 105 95 95 89 81 71 71 68 70 70 71 66 59 59 59 61 61 58 59 59 59 56 49 49 45 45 45 47 48 50 50 39 33 33 18 9 9 9 12 20 20 27 18 18 7 4 9 9 12 13 13 10 21 36 36 48 48 48 41 30 30 16 12 7 7 0 0 0 0 21 41 41 37 26 26 0 1 1 8 10 10 10 15 29 29 39 68 77 77 73 68 68 67 71 71 88 99 95 95 96 99 99 101 105 106 106 105 102 102 102 105 105 108 111 112 112 112 113 113 113 113 112 112 111 111 111 112 112 113 113 113 113 113 110 112 112 116 113 113 113 111 107 107 99 99 101 101 99 90 90 78 74 74 76 79 81 81 84 18 18 6 52 118 118 101 105 105 99 -1 -1 -1 -1 -1 -1 -1 -1 -1 -1 -1 -1 -1 -1 -1 -1 -1 -1 -1 -1 -1 -1 -1 -1 -1 -1 -1 -1 -1 -1 -1 -1 -1 -1 -1 -1 -1 -1 -1 -1 -1 -1 -1 -1 -1 -1 -1 -1 -1 -1 -1 -1 -1 -1 -1 -1 -1 -1 -1 -1 -1 -1 -1 -1 -1 -1 -1 -1 -1 100 100 101 110 110 107 42 36 36 81 95 95 84 72 72 53 52 38 38 27 20 20 18 20 24 24 26 25 25 16 10 10 8 8 9 9
110 110 102 94 -1 -1 -1 -1 -1 -1 -1 -1 -1 -1 -1 -1 -1 -1 -1 -1 -1 -1 -1 -1 -1 -1 -1 -1 -1 -1 -1 -1 -1 -1 97 97 105 111 107 107 110 108 108 110 112 112 112 110 110 110 110 105 105 97 87 107 107 117 116 116 105 101 99 99 -1 -1 -1 -1 -1 -1 -1 -1 -1 -1 -1 -1 -1 -1 -1 -1 -1 -1 -1 -1 -1 -1 -1 -1 -1 -1 -1 -1 -1 -1 -1 -1 -1 -1 -1 -1 -1 -1 -1 99 99 104 107 107 108 112 112 111 104 60 60 12 0 0 90 73 71 71 65 59 59 65 74 55 55 52 0 0 105 106 106 118 110 104 104 97 -1 -1 -1 -1 -1 -1 -1 -1 -1 -1 -1 -1 -1 -1 -1 -1 -1 -1 -1 -1 -1 -1 -1 -1 -1 -1 -1 -1 -1 -1 -1 -1 -1 -1 -1 -1 -1 -1 -1 -1 -1 -1 -1 -1 -1 -1 -1 -1 -1 -1 -1 -1 -1 -1 -1 -1 -1 -1 -1 -1 -1 -1 -1 -1 -1 -1 -1 -1 -1 -1 -1 -1 -1 -1 -1 -1 -1 -1 -1 -1 -1 -1 -1 -1 -1 -1 -1 -1 94 99 99 108 111 111 102 29 21 21 62 111 111 95 82 73 73 55 55 55 55 58 58 58 52 50 50 55 56 56 54 53 48 48 42 36 36 33 36 36 39 37 25 25 16 7 7 10 20 21 21 24 16 16 10 10 10 16 22 20 20 16 12 12 22 33 43 43 43 38 38 25 9 1 1 0 0 0 2 12 12 24 36 31 31 25 13 13 20 30 33 33 36 44 44 56 61 61 83 90 87 87 85 88 88 90 99 102 102 104 105 105 106 110 110 111 111 111 111 111 110 110 112 114 114 114 114 113 113 113 113 112 112 110 108 108 107 107 107 107 107 106 106 108 104 104 107 113 112 112 112 110 110 105 97 97 93 100 112 112 111 108 108 106 100 88 88 82 68 68 -97 49 49 81 119 99 99 104 97 97 -1 -1 -1 -1 -1 -1 -1 -1 -1 -1 -1 -1 -1 -1 -1 -1 -1 -1 -1 -1 -1 -1 -1 -1 -1 -1 -1 -1 -1 -1 -1 -1 -1 -1 -1 -1 -1 -1 -1 -1 -1 -1 -1 -1 -1 -1 -1 -1 -1 -1 -1 -1 -1 -1 -1 -1 -1 -1 -1 -1 -1 -1 -1 -1 -1 -1 -1 -1 -1 100 105 105 110 102 102 64 0 7 7 25 74 74 82 76 76 76 68 50 50 44 43 43 48 49 50 50 45 38 38 20 14 13 13 15
110 102 94 94 -1 -1 -1 -1 -1 -1 -1 -1 -1 -1 -1 -1 -1 -1 -1 -1 -1 -1 -1 -1 -1 -1 -1 -1 -1 -1 -1 -1 -1 -1 97 105 111 111 107 110 110 108 110 110 112 112 110 110 110 110 110 105 97 87 87 107 117 117 116 105 101 101 99 -1 -1 -1 -1 -1 -1 -1 -1 -1 -1 -1 -1 -1 -1 -1 -1 -1 -1 -1 -1 -1 -1 -1 -1 -1 -1 -1 -1 -1 -1 -1 -1 -1 -1 -1 -1 -1 -1 -1 -1 99 104 104 107 108 108 112 111 104 104 60 12 12 0 90 73 73 71 65 65 59 65 65 74 55 52 52 0 105 105 106 118 110 110 104 97 97 -1 -1 -1 -1 -1 -1 -1 -1 -1 -1 -1 -1 -1 -1 -1 -1 -1 -1 -1 -1 -1 -1 -1 -1 -1 -1 -1 -1 -1 -1 -1 -1 -1 -1 -1 -1 -1 -1 -1 -1 -1 -1 -1 -1 -1 -1 -1 -1 -1 -1 -1 -1 -1 -1 -1 -1 -1 -1 -1 -1 -1 -1 -1 -1 -1 -1 -1 -1 -1 -1 -1 -1 -1 -1 -1 -1 -1 -1 -1 -1 -1 -1 -1 -1 -1 -1 -1 94 94 99 108 108 111 102 29 29 21 62 62 111 95 95 82 73 55 55 55 55 55 58 58 52 52 50 55 55 56 54 54 53 48 42 42 36 33 33 36 39 37 37 25 16 16 7 10 10 20 21 24 24 16 10 10 10 16 22 22 20 16 16 12 22 33 33 43 43 43 38 25 25 9 1 0 0 0 2 2 12 24 36 36 31 25 25 13 20 20 30 33 36 36 44 56 56 61 83 90 90 87 85 85 88 90 90 99 102 104 104 105 106 106 110 111 111 111 111 111 111 110 112 112 114 114 114 114 113 113 113 113 112 110 110 108 107 107 107 107 107 107 106 108 108 104 107 107 113 112 112 112 110 105 105 97 93 100 100 112 111 111 108 106 106 100 88 82 82 68 -97 -97 49 81 119 119 99 104 104 97 -1 -1 -1 -1 -1 -1 -1 -1 -1 -1 -1 -1 -1 -1 -1 -1 -1 -1 -1 -1 -1 -1 -1 -1 -1 -1 -1 -1 -1 -1 -1 -1 -1 -1 -1 -1 -1 -1 -1 -1 -1 -1 -1 -1 -1 -1 -1 -1 -1 -1 -1 -1 -1 -1 -1 -1 -1 -1 -1 -1 -1 -1 -1 -1 -1 -1 -1 -1 -1 100 100 105 110 110 102 64 0 0 7 25 25 74 82 82 76 76 68 68 50 44 44 43 48 49 49 50 45 45 38 20 20 14 13 15 15
110 110 104 95 -1 -1 -1 -1 -1 -1 -1 -1 -1 -1 -1 -1 -1 -1 -1 -1 -1 -1 -1 -1 -1 -1 -1 -1 -1 -1 -1 -1 -1 -1 -1 -1 101 101 113 113 107 110 110 116 116 114 114 112 112 112 113 114 114 116 116 117 117 110 113 113 106 106 -1 -1 -1 -1 -1 -1 -1 -1 -1 -1 -1 -1 -1 -1 -1 -1 -1 -1 -1 -1 -1 -1 -1 -1 -1 -1 -1 -1 -1 -1 -1 -1 -1 -1 -1 -1 -1 -1 -1 -1 -1 102 102 106 107 107 107 108 108 73 -72 -91 -91 0 78 78 99 101 97 97 76 72 72 71 76 77 77 68 14 14 30 77 77 108 114 105 105 96 -1 -1 -1 -1 -1 -1 -1 -1 -1 -1 -1 -1 -1 -1 -1 -1 -1 -1 -1 -1 -1 -1 -1 -1 -1 -1 -1 -1 -1 -1 -1 -1 -1 -1 -1 -1 -1 -1 -1 -1 -1 -1 -1 -1 -1 -1 -1 -1 -1 -1 -1 -1 -1 -1 -1 -1 -1 -1 -1 -1 -1 -1 -1 -1 -1 -1 -1 -1 -1 -1 -1 -1 -1 -1 -1 -1 -1 -1 -1 -1 -1 -1 -1 -1 -1 -1 -1 -1 97 101 101 108 100 100 83 0 62 62 84 102 102 88 76 68 68 54 52 52 52 55 55 55 49 47 47 50 56 56 55 54 47 47 38 31 31 27 29 29 33 25 15 15 9 7 7 20 36 31 31 26 10 10 12 18 18 26 29 22 22 15 12 12 22 26 25 25 21 19 19 14 8 7 7 15 18 18 37 41 41 44 52 50 50 55 56 56 65 74 77 77 81 89 89 96 95 95 102 110 107 107 110 113 113 112 113 110 110 117 117 117 118 120 120 122 120 120 120 122 118 118 119 119 119 119 117 114 114 113 112 112 112 110 106 106 105 105 105 105 104 102 102 101 96 96 101 108 108 108 111 110 110 104 85 85 76 89 108 108 114 118 118 116 102 99 99 76 56 56 -103 104 104 106 113 102 102 100 95 95 -1 -1 -1 -1 -1 -1 -1 -1 -1 -1 -1 -1 -1 -1 -1 -1 -1 -1 -1 -1 -1 -1 -1 -1 -1 -1 -1 -1 -1 -1 -1 -1 -1 -1 -1 -1 -1 -1 -1 -1 -1 -1 -1 -1 -1 -1 -1 -1 -1 -1 -1 -1 -1 -1 -1 -1 -1 -1 -1 -1 -1 -1 -1 -1 -1 -1 -1 -1 -1 93 99 99 111 108 108 110 93 -21 -21 -50 0 0 0 66 72 72 89 85 85 83 87 87 95 96 95 95 87 77 77 55 43 36 36 33
110 104 95 95 -1 -1 -1 -1 -1 -1 -1 -1 -1 -1 -1 -1 -1 -1 -1 -1 -1 -1 -1 -1 -1 -1 -1 -1 -1 -1 -1 -1 -1 -1 -1 101 101 101 113 107 107 110 116 116 116 114 112 112 112 113 113 114 116 116 116 117 110 110 113 106 106 106 -1 -1 -1 -1 -1 -1 -1 -1 -1 -1 -1 -1 -1 -1 -1 -1 -1 -1 -1 -1 -1 -1 -1 -1 -1 -1 -1 -1 -1 -1 -1 -1 -1 -1 -1 -1 -1 -1 -1 -1 -1 102 106 106 107 107 107 108 73 -72 -72 -91 0 0 78 99 101 101 97 76 76 72 71 71 76 77 68 68 14 30 30 77 108 114 114 105 96 96 -1 -1 -1 -1 -1 -1 -1 -1 -1 -1 -1 -1 -1 -1 -1 -1 -1 -1 -1 -1 -1 -1 -1 -1 -1 -1 -1 -1 -1 -1 -1 -1 -1 -1 -1 -1 -1 -1 -1 -1 -1 -1 -1 -1 -1 -1 -1 -1 -1 -1 -1 -1 -1 -1 -1 -1 -1 -1 -1 -1 -1 -1 -1 -1 -1 -1 -1 -1 -1 -1 -1 -1 -1 -1 -1 -1 -1 -1 -1 -1 -1 -1 -1 -1 -1 -1 -1 97 97 101 108 108 100 83 0 0 62 84 84 102 88 88 76 68 54 54 52 52 52 55 55 49 49 47 50 50 56 55 55 54 47 38 38 31 27 27 29 33 25 25 15 9 9 7 20 20 36 31 26 26 10 12 12 18 26 29 29 22 15 15 12 22 26 26 25 21 21 19 14 14 8 7 15 15 18 37 37 41 44 52 52 50 55 55 56 65 65 74 77 81 81 89 96 96 95 102 110 110 107 110 110 113 112 112 113 110 117 117 117 118 118 120 122 120 120 120 122 122 118 119 119 119 119 117 117 114 113 113 112 112 110 110 106 105 105 105 105 104 104 102 101 101 96 101 101 108 108 111 111 110 104 104 85 76 89 89 108 114 114 118 116 116 102 99 76 76 56 -103 -103 104 106 113 113 102 100 100 95 -1 -1 -1 -1 -1 -1 -1 -1 -1 -1 -1 -1 -1 -1 -1 -1 -1 -1 -1 -1 -1 -1 -1 -1 -1 -1 -1 -1 -1 -1 -1 -1 -1 -1 -1 -1 -1 -1 -1 -1 -1 -1 -1 -1 -1 -1 -1 -1 -1 -1 -1 -1 -1 -1 -1 -1 -1 -1 -1 -1 -1 -1 -1 -1 -1 -1 -1 -1 -1 93 93 99 111 111 108 110 93 93 -21 -50 -50 0 0 0 66 72 89 89 85 83 83 87 95 96 96 95 87 87 77 55 55 43 36 33 33
108 108 108 97 95 95 -1 -1 -1 -1 -1 -1 -1 -1 -1 -1 -1 -1 -1 -1 -1 -1 -1 -1 -1 -1 -1 -1 -1 -1 -1 -1 -1 -1 -1 -1 -1 -1 97 97 100 101 101 105 105 105 105 105 105 105 105 105 105 105 108 105 105 101 100 100 -1 -1 -1 -1 -1 -1 -1 -1 -1 -1 -1 -1 -1 -1 -1 -1 -1 -1 -1 -1 -1 -1 -1 -1 -1 -1 -1 -1 -1 -1 -1 -1 -1 -1 -1 -1 93 93 91 101 101 111 106 102 102 108 105 105 -47 -81 -81 0 32 61 61 70 72 72 87 106 108 108 101 96 96 87 95 88 88 90 72 72 0 26 26 95 117 113 113 106 99 99 -1 -1 -1 -1 -1 -1 -1 -1 -1 -1 -1 -1 -1 -1 -1 -1 -1 -1 -1 -1 -1 -1 -1 -1 -1 -1 -1 -1 -1 -1 -1 -1 -1 -1 -1 -1 -1 -1 -1 -1 -1 -1 -1 -1 -1 -1 -1 -1 -1 -1 -1 -1 -1 -1 -1 -1 -1 -1 -1 -1 -1 -1 -1 -1 -1 -1 -1 -1 -1 -1 -1 -1 -1 -1 -1 -1 -1 -1 -1 -1 -1 -1 -1 96 96 101 110 114 114 104 100 100 -108 74 67 67 68 71 71 70 64 58 58 50 47 47 47 52 52 47 43 45 45 43 45 45 53 58 55 55 52 47 47 32 24 24 30 22 12 12 7 13 13 18 24 25 25 19 6 6 8 12 12 18 22 24 24 24 24 24 37 29 18 18 15 12 12 10 15 20 20 37 52 52 59 59 59 59 68 81 81 91 99 99 96 94 95 95 100 104 104 105 105 105 111 117 118 118 120 123 123 120 118 119 119 111 116 116 117 117 117 118 120 122 122 118 117 117 118 119 120 120 119 113 113 110 106 110 110 94 84 84 84 82 82 81 85 91 91 74 73 73 82 105 111 111 113 116 116 96 74 74 64 67 82 82 90 97 97 111 117 112 112 91 1 1 52 107 107 112 111 100 100 96 -1 -1 -1 -1 -1 -1 -1 -1 -1 -1 -1 -1 -1 -1 -1 -1 -1 -1 -1 -1 -1 -1 -1 -1 -1 -1 -1 -1 -1 -1 -1 -1 -1 -1 -1 -1 -1 -1 -1 -1 -1 -1 -1 -1 -1 -1 -1 -1 -1 -1 -1 -1 -1 -1 -1 -1 -1 -1 -1 -1 -1 -1 -1 -1 -1 -1 -1 -1 -1 -1 -1 93 99 99 105 111 111 112 111 116 116 108 105 105 41 0 31 31 60 76 76 87 99 99 105 96 95 95 101 96 96 73 59 48 48 39
110 108 99 99 96 -1 -1 -1 -1 -1 -1 -1 -1 -1 -1 -1 -1 -1 -1 -1 -1 -1 -1 -1 -1 -1 -1 -1 -1 -1 -1 -1 -1 -1 -1 -1 -1 -1 -1 -1 -1 95 96 96 96 96 96 96 96 96 96 96 96 99 99 96 96 96 -1 -1 -1 -1 -1 -1 -1 -1 -1 -1 -1 -1 -1 -1 -1 -1 -1 -1 -1 -1 -1 -1 -1 -1 -1 -1 -1 -1 -1 -1 -1 -1 -1 -1 -1 -1 -1 -1 91 96 96 102 104 104 110 108 105 105 9 0 0 26 62 77 77 83 82 82 76 82 101 101 112 99 99 99 99 99 112 108 105 105 97 53 53 16 50 108 108 114 108 108 100 -1 -1 -1 -1 -1 -1 -1 -1 -1 -1 -1 -1 -1 -1 -1 -1 -1 -1 -1 -1 -1 -1 -1 -1 -1 -1 -1 -1 -1 -1 -1 -1 -1 -1 -1 -1 -1 -1 -1 -1 -1 -1 -1 -1 -1 -1 -1 -1 -1 -1 -1 -1 -1 -1 -1 -1 -1 -1 -1 -1 -1 -1 -1 -1 -1 -1 -1 -1 -1 -1 -1 -1 -1 -1 -1 -1 -1 -1 -1 -1 -1 -1 101 101 96 102 110 110 106 104 104 3 -54 68 68 60 59 59 64 59 59 49 45 43 43 49 45 45 53 53 48 48 42 31 31 31 53 53 55 52 44 44 32 19 19 10 13 9 9 4 6 6 10 14 14 20 21 19 19 21 20 20 20 22 29 29 38 47 47 53 50 42 42 36 33 33 37 41 41 42 45 68 68 79 82 82 81 84 91 91 99 105 105 106 100 100 95 90 94 94 96 100 100 102 110 113 113 112 112 112 114 116 116 114 117 110 110 105 102 102 107 113 114 114 110 107 107 99 97 97 96 93 90 90 83 78 78 74 67 54 54 41 33 33 31 42 55 55 64 65 65 59 71 71 100 108 104 104 99 85 85 77 50 38 38 52 70 70 88 100 100 99 96 91 91 0 84 84 107 114 110 110 107 96 96 -1 -1 -1 -1 -1 -1 -1 -1 -1 -1 -1 -1 -1 -1 -1 -1 -1 -1 -1 -1 -1 -1 -1 -1 -1 -1 -1 -1 -1 -1 -1 -1 -1 -1 -1 -1 -1 -1 -1 -1 -1 -1 -1 -1 -1 -1 -1 -1 -1 -1 -1 -1 -1 -1 -1 -1 -1 -1 -1 -1 -1 -1 -1 -1 -1 -1 -1 -1 -1 -1 -1 -1 95 101 101 104 107 111 111 107 114 114 112 106 106 0 0 35 35 87 100 100 108 108 96 96 88 91 91 87 74 74 62 54 47 47
110 110 108 99 96 96 -1 -1 -1 -1 -1 -1 -1 -1 -1 -1 -1 -1 -1 -1 -1 -1 -1 -1 -1 -1 -1 -1 -1 -1 -1 -1 -1 -1 -1 -1 -1 -1 -1 -1 -1 95 95 96 96 96 96 96 96 96 96 96 96 96 99 96 96 96 -1 -1 -1 -1 -1 -1 -1 -1 -1 -1 -1 -1 -1 -1 -1 -1 -1 -1 -1 -1 -1 -1 -1 -1 -1 -1 -1 -1 -1 -1 -1 -1 -1 -1 -1 -1 -1 -1 91 91 96 102 102 104 110 108 108 105 9 9 0 26 26 62 77 83 83 82 76 76 82 101 112 112 99 99 99 99 112 108 108 105 97 97 53 16 16 50 108 114 114 108 100 100 -1 -1 -1 -1 -1 -1 -1 -1 -1 -1 -1 -1 -1 -1 -1 -1 -1 -1 -1 -1 -1 -1 -1 -1 -1 -1 -1 -1 -1 -1 -1 -1 -1 -1 -1 -1 -1 -1 -1 -1 -1 -1 -1 -1 -1 -1 -1 -1 -1 -1 -1 -1 -1 -1 -1 -1 -1 -1 -1 -1 -1 -1 -1 -1 -1 -1 -1 -1 -1 -1 -1 -1 -1 -1 -1 -1 -1 -1 -1 -1 -1 -1 101 96 96 102 110 106 106 104 3 3 -54 68 60 60 59 64 64 59 49 45 45 43 49 49 45 53 53 53 48 42 42 31 31 31 53 55 52 52 44 32 32 19 10 10 13 9 4 4 6 10 10 14 20 21 21 19 21 21 20 20 20 22 29 38 38 47 53 53 50 42 36 36 33 37 37 41 42 45 45 68 79 79 82 81 81 84 91 99 99 105 106 106 100 95 90 90 94 96 96 100 102 102 110 113 112 112 112 114 114 116 114 117 117 110 105 105 102 107 107 113 114 110 110 107 99 99 97 96 93 93 90 83 83 78 74 67 67 54 41 41 33 31 31 42 55 64 64 65 59 59 71 100 108 108 104 99 99 85 77 77 50 38 52 52 70 88 88 100 99 96 96 91 0 0 84 107 107 114 110 107 107 96 -1 -1 -1 -1 -1 -1 -1 -1 -1 -1 -1 -1 -1 -1 -1 -1 -1 -1 -1 -1 -1 -1 -1 -1 -1 -1 -1 -1 -1 -1 -1 -1 -1 -1 -1 -1 -1 -1 -1 -1 -1 -1 -1 -1 -1 -1 -1 -1 -1 -1 -1 -1 -1 -1 -1 -1 -1 -1 -1 -1 -1 -1 -1 -1 -1 -1 -1 -1 -1 -1 -1 -1 95 95 101 104 104 107 111 107 107 114 112 112 106 0 0 0 35 87 87 100 108 108 108 96 88 88 91 87 87 74 62 54 54 47
111 110 99 99 97 -1 -1 -1 -1 -1 -1 -1 -1 -1 -1 -1 -1 -1 -1 -1 -1 -1 -1 -1 -1 -1 -1 -1 -1 -1 -1 -1 -1 -1 -1 -1 -1 -1 -1 -1 -1 -1 -1 -1 -1 -1 -1 -1 -1 -1 -1 -1 -1 -1 -1 -1 -1 -1 -1 -1 -1 -1 -1 -1 -1 91 95 95 97 96 -1 -1 -1 -1 -1 -1 -1 -1 -1 -1 -1 -1 -1 -1 -1 -1 -1 -1 -1 -1 -1 -1 -1 -1 93 93 101 111 111 102 100 100 101 -1 -102 -102 0 66 66 60 64 73 73 89 96 96 85 76 90 90 105 101 101 106 108 108 114 111 104 104 100 90 90 39 22 79 79 111 112 112 111 104 104 -1 -1 -1 -1 -1 -1 -1 -1 -1 -1 -1 -1 -1 -1 -1 -1 -1 -1 -1 -1 -1 -1 -1 -1 -1 -1 -1 -1 -1 -1 -1 -1 -1 -1 -1 -1 -1 -1 -1 -1 -1 -1 -1 -1 -1 -1 -1 -1 -1 -1 -1 -1 -1 -1 -1 -1 -1 -1 -1 -1 -1 -1 -1 -1 -1 -1 -1 -1 -1 -1 -1 -1 -1 -1 -1 -1 -1 -1 -1 -1 106 106 107 105 106 106 -26 13 13 2 73 61 61 50 53 53 59 56 56 44 45 50 50 43 41 41 45 48 44 44 36 26 26 27 39 39 35 27 16 16 4 0 0 0 0 0 0 3 10 10 15 27 27 36 41 44 44 50 49 49 52 55 60 60 67 72 72 76 85 83 83 78 78 78 82 88 88 90 88 100 100 106 105 105 100 99 100 100 97 96 96 94 88 88 81 76 73 73 76 82 82 89 102 104 104 101 96 96 96 96 96 97 102 105 105 90 82 82 93 106 107 107 99 91 91 77 74 74 68 64 60 60 54 48 48 44 36 26 26 10 0 0 0 25 54 54 65 61 61 47 64 64 91 96 85 85 71 61 61 50 37 41 41 60 73 73 82 81 81 73 71 72 72 0 94 94 111 108 110 110 106 96 96 -1 -1 -1 -1 -1 -1 -1 -1 -1 -1 -1 -1 -1 -1 -1 -1 -1 -1 -1 -1 -1 -1 -1 -1 -1 -1 -1 -1 -1 -1 -1 -1 -1 -1 -1 -1 -1 -1 -1 -1 -1 -1 -1 -1 -1 -1 -1 -1 -1 -1 -1 -1 -1 -1 -1 -1 -1 -1 -1 -1 -1 -1 -1 -1 -1 -1 -1 -1 -1 -1 -1 -1 -1 -1 -1 -1 97 107 107 107 110 110 110 116 116 106 61 13 13 76 97 97 105 97 85 85 76 76 76 71 62 62 58 53 47 47
111 111 110 99 97 97 -1 -1 -1 -1 -1 -1 -1 -1 -1 -1 -1 -1 -1 -1 -1 -1 -1 -1 -1 -1 -1 -1 -1 -1 -1 -1 -1 -1 -1 -1 -1 -1 -1 -1 -1 -1 -1 -1 -1 -1 -1 -1 -1 -1 -1 -1 -1 -1 -1 -1 -1 -1 -1 -1 -1 -1 -1 -1 -1 91 91 95 97 96 96 -1 -1 -1 -1 -1 -1 -1 -1 -1 -1 -1 -1 -1 -1 -1 -1 -1 -1 -1 -1 -1 -1 -1 -1 93 101 101 111 102 102 100 101 -1 -1 -102 0 0 66 60 60 64 73 89 89 96 85 85 76 90 105 105 101 106 106 108 114 111 111 104 100 100 90 39 39 22 79 111 111 112 111 111 104 -1 -1 -1 -1 -1 -1 -1 -1 -1 -1 -1 -1 -1 -1 -1 -1 -1 -1 -1 -1 -1 -1 -1 -1 -1 -1 -1 -1 -1 -1 -1 -1 -1 -1 -1 -1 -1 -1 -1 -1 -1 -1 -1 -1 -1 -1 -1 -1 -1 -1 -1 -1 -1 -1 -1 -1 -1 -1 -1 -1 -1 -1 -1 -1 -1 -1 -1 -1 -1 -1 -1 -1 -1 -1 -1 -1 -1 -1 -1 -1 -1 106 107 107 105 106 -26 -26 13 2 2 73 61 50 50 53 59 59 56 44 45 45 50 43 43 41 45 45 48 44 36 36 26 27 27 39 35 27 27 16 4 4 0 0 0 0 0 3 3 10 15 15 27 36 41 41 44 50 50 49 52 52 55 60 67 67 72 76 76 85 83 78 78 78 82 82 88 90 88 88 100 106 106 105 100 100 99 100 97 97 96 94 94 88 81 76 76 73 76 76 82 89 89 102 104 101 101 96 96 96 96 97 102 102 105 90 90 82 93 93 106 107 99 99 91 77 77 74 68 64 64 60 54 54 48 44 36 36 26 10 10 0 0 0 25 54 65 65 61 47 47 64 91 96 96 85 71 71 61 50 50 37 41 60 60 73 82 82 81 73 71 71 72 0 0 94 111 111 108 110 106 106 96 -1 -1 -1 -1 -1 -1 -1 -1 -1 -1 -1 -1 -1 -1 -1 -1 -1 -1 -1 -1 -1 -1 -1 -1 -1 -1 -1 -1 -1 -1 -1 -1 -1 -1 -1 -1 -1 -1 -1 -1 -1 -1 -1 -1 -1 -1 -1 -1 -1 -1 -1 -1 -1 -1 -1 -1 -1 -1 -1 -1 -1 -1 -1 -1 -1 -1 -1 -1 -1 -1 -1 -1 -1 -1 -1 -1 -1 97 107 107 107 110 110 110 116 106 61 61 13 76 76 97 105 105 97 85 76 76 76 71 71 62 58 53 53 47
113 110 101 101 100 -1 -1 -1 -1 -1 -1 -1 -1 -1 -1 -1 -1 -1 -1 -1 -1 -1 -1 -1 -1 -1 -1 -1 -1 -1 -1 -1 -1 -1 -1 -1 -1 -1 -1 -1 -1 -1 -1 -1 -1 -1 -1 -1 -1 -1 -1 -1 -1 -1 -1 -1 -1 -1 -1 -1 -1 -1 -1 -1 -1 105 105 105 100 102 107 107 101 -1 -1 -1 -1 -1 -1 -1 -1 -1 -1 -1 -1 -1 -1 -1 -1 -1 -1 -1 -1 95 100 100 104 104 104 102 89 89 22 -110 22 22 54 47 47 42 50 62 62 83 94 94 77 64 81 81 99 99 99 106 111 111 107 108 110 110 102 99 99 73 24 44 44 111 111 111 117 100 100 94 -1 -1 -1 -1 -1 -1 -1 -1 -1 -1 -1 -1 -1 -1 -1 -1 -1 -1 -1 -1 -1 -1 -1 -1 -1 -1 -1 -1 -1 -1 -1 -1 -1 -1 -1 -1 -1 -1 -1 -1 -1 -1 -1 -1 -1 -1 -1 -1 -1 -1 -1 -1 -1 -1 -1 -1 -1 -1 -1 -1 -1 -1 -1 -1 -1 -1 -1 -1 -1 -1 -1 -1 -1 -1 -1 -1 -1 -1 99 111 111 112 106 -28 -28 -73 -88 -88 66 50 50 50 44 45 45 54 50 50 44 44 49 49 45 43 43 48 48 38 38 31 21 21 21 20 20 8 0 0 0 0 0 0 0 0 4 4 21 35 35 45 64 64 76 81 84 84 87 93 93 97 99 101 101 101 101 101 97 105 108 108 110 104 104 100 101 101 101 100 102 102 108 106 106 99 96 91 91 82 73 73 70 67 67 65 64 56 56 54 64 64 74 94 91 91 87 81 81 76 72 72 76 82 84 84 70 59 59 66 82 87 87 77 66 66 50 47 47 41 36 31 31 27 24 24 21 25 13 13 0 0 0 0 29 62 62 77 60 60 45 65 65 85 85 73 73 49 41 41 35 37 58 58 77 82 82 81 76 76 67 58 55 55 0 81 81 112 108 106 106 99 95 95 -1 -1 -1 -1 -1 -1 -1 -1 -1 -1 -1 -1 -1 -1 -1 -1 -1 -1 -1 -1 -1 -1 -1 -1 -1 -1 -1 -1 -1 -1 -1 -1 -1 -1 -1 -1 -1 -1 -1 -1 -1 -1 -1 -1 -1 -1 -1 -1 -1 -1 -1 -1 -1 -1 -1 -1 -1 -1 -1 -1 -1 -1 -1 -1 -1 -1 -1 -1 -1 -1 -1 -1 -1 -1 -1 -1 -1 105 105 100 110 110 107 106 106 106 66 32 32 74 101 101 105 90 74 74 59 55 55 52 47 47 45 45 44 44
116 116 112 104 99 99 -1 -1 -1 -1 -1 -1 -1 -1 -1 -1 -1 -1 -1 -1 -1 -1 -1 -1 -1 -1 -1 -1 -1 -1 -1 -1 -1 -1 -1 -1 -1 -1 -1 -1 -1 -1 -1 -1 -1 -1 -1 -1 -1 -1 -1 -1 -1 -1 -1 -1 -1 -1 -1 -1 -1 -1 -1 -1 -1 104 104 106 113 101 101 105 96 96 97 91 91 -1 -1 -1 -1 -1 -1 -1 -1 -1 -1 -1 -1 -1 -1 -1 99 99 97 104 110 110 107 -1 -1 48 19 4 4 31 52 52 43 47 47 50 59 72 72 76 58 58 49 74 87 87 90 95 95 106 105 107 107 116 111 111 102 91 91 38 31 82 82 116 113 113 106 99 -1 -1 -1 -1 -1 -1 -1 -1 -1 -1 -1 -1 -1 -1 -1 -1 -1 -1 -1 -1 -1 -1 -1 -1 -1 -1 -1 -1 -1 -1 -1 -1 -1 -1 -1 -1 -1 -1 -1 -1 -1 -1 -1 -1 -1 -1 -1 -1 -1 -1 -1 -1 -1 -1 -1 -1 -1 -1 -1 -1 -1 -1 -1 -1 -1 -1 -1 -1 -1 -1 -1 -1 -1 -1 -1 94 94 100 104 104 111 108 108 90 -55 -60 -60 29 58 58 54 47 47 47 48 50 50 48 47 48 48 44 41 41 47 53 53 44 32 22 22 13 8 8 3 0 0 0 0 0 0 12 18 18 13 26 43 43 54 65 65 82 91 91 91 90 93 93 96 99 99 100 99 102 102 101 100 100 94 97 99 99 91 87 87 84 83 79 79 77 88 88 91 90 90 85 79 67 67 61 58 58 59 60 54 54 45 42 42 54 68 68 88 84 77 77 68 55 55 49 55 64 64 72 66 66 56 55 55 66 76 66 66 53 38 38 33 27 22 22 19 18 18 15 14 16 16 1 0 0 0 0 0 24 53 65 65 49 43 43 59 71 71 71 64 43 43 35 27 27 31 52 73 73 82 84 84 82 72 62 62 60 0 0 70 107 107 116 106 101 101 95 -1 -1 -1 -1 -1 -1 -1 -1 -1 -1 -1 -1 -1 -1 -1 -1 -1 -1 -1 -1 -1 -1 -1 -1 -1 -1 -1 -1 -1 -1 -1 -1 -1 -1 -1 -1 -1 -1 -1 -1 -1 -1 -1 -1 -1 -1 -1 -1 -1 -1 -1 -1 -1 -1 -1 -1 -1 -1 -1 -1 -1 -1 -1 -1 -1 -1 -1 -1 -1 -1 -1 -1 -1 -1 -1 -1 -1 -1 99 104 104 111 101 101 116 108 61 61 35 83 83 104 100 100 81 62 49 49 45 42 42 37 37 41 41 38
116 112 104 104 99 -1 -1 -1 -1 -1 -1 -1 -1 -1 -1 -1 -1 -1 -1 -1 -1 -1 -1 -1 -1 -1 -1 -1 -1 -1 -1 -1 -1 -1 -1 -1 -1 -1 -1 -1 -1 -1 -1 -1 -1 -1 -1 -1 -1 -1 -1 -1 -1 -1 -1 -1 -1 -1 -1 -1 -1 -1 -1 -1 -1 104 106 106 113 101 105 105 96 97 97 91 -1 -1 -1 -1 -1 -1 -1 -1 -1 -1 -1 -1 -1 -1 -1 -1 99 97 104 104 110 107 107 -1 48 48 19 4 31 31 52 43 43 47 50 59 59 72 76 76 58 49 74 74 87 90 90 95 106 106 105 107 116 116 111 102 102 91 38 31 31 82 116 116 113 106 106 99 -1 -1 -1 -1 -1 -1 -1 -1 -1 -1 -1 -1 -1 -1 -1 -1 -1 -1 -1 -1 -1 -1 -1 -1 -1 -1 -1 -1 -1 -1 -1 -1 -1 -1 -1 -1 -1 -1 -1 -1 -1 -1 -1 -1 -1 -1 -1 -1 -1 -1 -1 -1 -1 -1 -1 -1 -1 -1 -1 -1 -1 -1 -1 -1 -1 -1 -1 -1 -1 -1 -1 -1 -1 -1 -1 94 100 100 104 111 111 108 90 -55 -55 -60 29 29 58 54 47 47 47 48 48 50 48 48 47 48 44 44 41 47 47 53 44 32 32 22 13 13 8 3 3 0 0 0 0 0 12 12 18 13 26 26 43 54 54 65 82 82 91 91 90 90 93 96 96 99 100 99 99 102 101 101 100 94 97 97 99 91 91 87 84 84 83 79 77 77 88 91 91 90 85 79 79 67 61 61 58 59 59 60 54 45 45 42 54 54 68 88 84 84 77 68 68 55 49 49 55 64 72 72 66 56 56 55 66 76 76 66 53 53 38 33 33 27 22 19 19 18 15 15 14 16 1 1 0 0 0 0 24 53 53 65 49 49 43 59 59 71 71 64 64 43 35 35 27 31 52 52 73 82 82 84 82 82 72 62 60 60 0 70 70 107 116 106 106 101 95 95 -1 -1 -1 -1 -1 -1 -1 -1 -1 -1 -1 -1 -1 -1 -1 -1 -1 -1 -1 -1 -1 -1 -1 -1 -1 -1 -1 -1 -1 -1 -1 -1 -1 -1 -1 -1 -1 -1 -1 -1 -1 -1 -1 -1 -1 -1 -1 -1 -1 -1 -1 -1 -1 -1 -1 -1 -1 -1 -1 -1 -1 -1 -1 -1 -1 -1 -1 -1 -1 -1 -1 -1 -1 -1 -1 -1 -1 99 99 104 111 111 101 116 116 108 61 35 35 83 104 104 100 81 62 62 49 45 45 42 37 37 37 41 38 38
116 116 112 105 101 101 -1 -1 -1 -1 -1 -1 -1 -1 -1 -1 -1 -1 -1 -1 -1 -1 -1 -1 -1 -1 -1 -1 -1 -1 -1 -1 -1 -1 -1 -1 -1 -1 -1 -1 -1 -1 -1 -1 -1 -1 -1 -1 -1 -1 -1 -1 -1 -1 -1 -1 -1 -1 -1 -1 -1 99 101 101 102 107 107 97 96 110 110 104 110 110 107 104 104 -1 -1 -1 -1 -1 -1 -1 -1 -1 -1 -1 -1 -1 -1 96 97 97 102 108 99 99 76 36 36 14 26 49 49 50 45 45 42 35 35 36 39 43 43 44 36 36 42 66 73 73 81 81 81 94 100 101 101 107 111 111 108 106 106 67 27 15 15 116 113 113 108 96 -1 -1 -1 -1 -1 -1 -1 -1 -1 -1 -1 -1 -1 -1 -1 -1 -1 -1 -1 -1 -1 -1 -1 -1 -1 -1 -1 -1 -1 -1 -1 -1 -1 -1 -1 -1 -1 -1 -1 -1 -1 -1 -1 -1 -1 -1 -1 -1 -1 -1 -1 -1 -1 -1 -1 -1 -1 -1 -1 -1 -1 -1 -1 -1 -1 -1 -1 -1 -1 -1 -1 -1 -1 -1 94 100 100 106 108 108 114 95 95 43 25 54 54 67 52 52 48 44 44 44 48 50 50 50 54 54 54 48 43 43 44 44 44 22 6 0 0 0 0 0 0 0 0 0 7 27 27 41 39 39 35 54 65 65 72 81 81 90 95 93 93 89 84 84 85 84 84 82 84 89 89 89 87 87 72 70 66 66 65 65 65 65 59 52 52 52 65 65 70 70 70 68 64 55 55 50 50 50 53 48 37 37 27 30 30 47 61 61 74 71 66 66 55 37 37 27 35 42 42 49 50 50 48 42 42 45 52 43 43 30 18 18 15 10 4 4 0 0 0 0 0 0 0 0 0 0 0 0 0 13 31 41 41 35 32 32 39 45 44 44 41 29 29 21 9 9 18 42 62 62 76 87 87 90 84 79 79 73 7 7 45 108 108 111 107 105 105 97 -1 -1 -1 -1 -1 -1 -1 -1 -1 -1 -1 -1 -1 -1 -1 -1 -1 -1 -1 -1 -1 -1 -1 -1 -1 -1 -1 -1 -1 -1 -1 -1 -1 -1 -1 -1 -1 -1 -1 -1 -1 -1 -1 -1 -1 -1 -1 -1 -1 -1 -1 -1 -1 -1 -1 -1 -1 -1 -1 -1 -1 -1 -1 -1 -1 -1 -1 -1 -1 -1 -1 -1 -1 -1 -1 -1 -1 -1 100 107 107 102 117 117 108 91 43 43 29 93 93 101 90 90 71 55 45 45 45 42 42 29 30 32 32 29
116 112 105 105 101 -1 -1 -1 -1 -1 -1 -1 -1 -1 -1 -1 -1 -1 -1 -1 -1 -1 -1 -1 -1 -1 -1 -1 -1 -1 -1 -1 -1 -1 -1 -1 -1 -1 -1 -1 -1 -1 -1 -1 -1 -1 -1 -1 -1 -1 -1 -1 -1 -1 -1 -1 -1 -1 -1 -1 99 99 101 102 102 107 97 97 96 110 104 104 110 107 107 104 -1 -1 -1 -1 -1 -1 -1 -1 -1 -1 -1 -1 -1 -1 96 96 97 102 108 108 99 76 76 36 14 14 26 49 50 50 45 42 42 35 36 39 39 43 44 44 36 42 66 66 73 81 81 81 94 94 100 101 107 107 111 108 108 106 67 27 27 15 116 116 113 108 108 96 -1 -1 -1 -1 -1 -1 -1 -1 -1 -1 -1 -1 -1 -1 -1 -1 -1 -1 -1 -1 -1 -1 -1 -1 -1 -1 -1 -1 -1 -1 -1 -1 -1 -1 -1 -1 -1 -1 -1 -1 -1 -1 -1 -1 -1 -1 -1 -1 -1 -1 -1 -1 -1 -1 -1 -1 -1 -1 -1 -1 -1 -1 -1 -1 -1 -1 -1 -1 -1 -1 -1 -1 -1 -1 94 100 106 106 108 114 114 95 43 25 25 54 67 67 52 48 44 44 44 48 48 50 50 50 54 54 48 48 43 44 44 44 22 6 6 0 0 0 0 0 0 0 0 7 7 27 41 41 39 35 54 54 65 72 72 81 90 90 95 93 89 89 84 85 85 84 82 84 84 89 89 89 87 72 70 70 66 65 65 65 65 65 59 52 52 52 65 70 70 70 68 64 64 55 50 50 50 53 53 48 37 27 27 30 47 47 61 74 71 71 66 55 55 37 27 27 35 42 49 49 50 48 48 42 45 52 52 43 30 30 18 15 15 10 4 0 0 0 0 0 0 0 0 0 0 0 0 0 13 31 31 41 35 35 32 39 39 45 44 41 41 29 21 21 9 18 42 42 62 76 76 87 90 90 84 79 73 73 7 45 45 108 111 107 107 105 97 97 -1 -1 -1 -1 -1 -1 -1 -1 -1 -1 -1 -1 -1 -1 -1 -1 -1 -1 -1 -1 -1 -1 -1 -1 -1 -1 -1 -1 -1 -1 -1 -1 -1 -1 -1 -1 -1 -1 -1 -1 -1 -1 -1 -1 -1 -1 -1 -1 -1 -1 -1 -1 -1 -1 -1 -1 -1 -1 -1 -1 -1 -1 -1 -1 -1 -1 -1 -1 -1 -1 -1 -1 -1 -1 -1 -1 -1 100 100 107 102 102 117 108 108 91 43 29 29 93 101 101 90 71 55 55 45 45 45 42 29 29 30 32 29 29
114 114 112 110 101 101 -1 -1 -1 -1 -1 -1 -1 -1 -1 -1 -1 -1 -1 -1 -1 -1 -1 -1 -1 -1 -1 -1 -1 -1 -1 -1 -1 -1 -1 -1 -1 -1 -1 -1 -1 -1 -1 -1 -1 -1 -1 -1 -1 -1 -1 -1 -1 -1 -1 -1 -1 -1 -1 -1 99 105 106 106 104 -1 -1 44 22 66 66 111 112 112 96 101 101 -1 -1 -1 -1 -1 -1 -1 -1 -1 -1 -1 94 100 100 101 106 106 113 91 45 45 14 21 21 52 54 56 56 49 44 44 35 31 31 31 25 21 21 19 14 14 30 62 70 70 70 70 70 77 90 96 96 102 114 114 120 120 120 95 36 0 0 88 114 114 108 96 -1 -1 -1 -1 -1 -1 -1 -1 -1 -1 -1 -1 -1 -1 -1 -1 -1 -1 -1 -1 -1 -1 -1 -1 -1 -1 -1 -1 -1 -1 -1 -1 -1 -1 94 94 95 96 96 96 97 97 97 96 96 96 95 95 95 95 95 96 96 96 96 96 96 97 97 97 96 95 95 94 -1 -1 -1 -1 -1 -1 -1 -1 -1 -1 100 106 106 106 107 107 88 47 47 30 61 74 74 70 53 53 55 42 37 37 38 44 44 48 54 54 54 50 53 53 45 31 31 7 0 0 0 0 0 0 0 0 10 10 38 59 59 58 48 48 43 52 53 53 59 65 65 67 67 71 71 68 59 59 58 56 56 52 56 62 62 65 60 60 50 42 37 37 37 41 41 41 35 29 29 36 44 44 49 49 49 52 48 42 42 37 48 48 43 33 19 19 18 26 26 42 50 50 58 56 58 58 45 22 22 10 20 31 31 37 42 42 43 41 41 42 39 30 30 20 12 12 10 7 0 0 0 0 0 0 0 0 0 0 0 0 0 0 0 1 14 21 21 21 18 18 15 16 14 14 9 8 8 2 1 1 8 30 49 49 64 83 83 99 102 94 94 81 35 35 8 110 110 105 110 105 105 102 97 97 -1 -1 -1 -1 -1 -1 -1 -1 -1 -1 -1 -1 -1 -1 -1 -1 -1 -1 -1 -1 -1 -1 -1 -1 -1 -1 -1 -1 -1 -1 -1 -1 -1 -1 -1 -1 -1 -1 -1 -1 -1 -1 -1 -1 -1 -1 -1 -1 -1 -1 -1 -1 -1 -1 -1 -1 -1 -1 -1 -1 -1 -1 -1 -1 -1 -1 -1 -1 -1 -1 -1 -1 95 97 97 101 110 107 107 100 113 113 108 43 30 30 49 101 101 99 87 87 70 53 43 43 42 32 32 20 19 20 20 15
116 113 111 111 101 -1 -1 -1 -1 -1 -1 -1 -1 -1 -1 -1 -1 -1 -1 -1 -1 -1 -1 -1 -1 -1 -1 -1 -1 -1 -1 -1 -1 -1 -1 -1 -1 -1 -1 -1 -1 -1 -1 -1 -1 -1 -1 -1 -1 -1 -1 -1 -1 -1 -1 -1 -1 -1 97 105 108 108 107 101 101 -40 -64 -64 -72 6 114 114 108 114 114 108 -1 -1 -1 -1 -1 -1 -1 -1 -1 -1 -1 94 94 101 104 104 112 97 36 36 1 29 29 68 73 73 65 50 48 48 36 27 27 25 15 10 10 9 9 9 6 22 59 59 70 60 60 67 64 64 70 83 94 94 107 114 114 123 100 53 53 19 48 48 113 113 113 -1 97 -1 -1 -1 -1 -1 -1 -1 -1 -1 -1 -1 -1 -1 -1 -1 -1 -1 -1 -1 -1 -1 -1 -1 -1 -1 -1 -1 -1 -1 -1 -1 -1 -1 97 99 99 100 101 101 101 101 100 100 100 97 97 99 99 99 99 100 100 100 101 101 101 105 104 102 102 99 97 97 96 95 95 95 -1 -1 -1 -1 95 95 101 106 106 106 104 -61 -61 24 61 96 96 81 73 73 64 53 54 54 42 38 38 47 53 53 55 55 54 54 47 35 35 24 10 7 7 7 4 4 9 14 14 25 43 67 67 81 66 66 47 41 38 38 35 39 39 43 39 39 39 45 45 45 44 41 41 32 26 35 35 48 56 56 55 38 33 33 29 29 29 29 22 22 19 18 26 26 33 36 36 36 41 42 42 36 31 31 47 42 42 27 16 19 19 32 44 44 47 49 50 50 53 43 43 16 6 6 16 31 26 26 32 39 39 43 43 36 36 25 15 15 6 4 4 1 0 0 0 0 0 0 0 0 0 0 0 0 0 0 2 13 13 15 10 10 9 0 0 1 0 0 0 0 0 0 0 0 21 21 43 61 61 85 100 100 100 102 88 88 61 0 0 105 113 110 110 106 105 105 100 -1 -1 -1 -1 -1 -1 -1 -1 -1 -1 -1 -1 -1 -1 -1 -1 -1 -1 -1 -1 -1 -1 -1 -1 -1 -1 -1 -1 -1 -1 -1 -1 -1 -1 -1 -1 -1 -1 -1 -1 -1 -1 -1 -1 -1 -1 -1 -1 -1 -1 -1 -1 -1 -1 -1 -1 -1 -1 -1 -1 -1 -1 -1 -1 -1 -1 -1 -1 -1 -1 -1 -1 100 100 104 105 106 106 107 113 113 106 79 79 0 21 56 56 84 78 78 71 61 48 48 39 37 37 21 15 15 10 12 9 9
116 116 113 111 101 101 -1 -1 -1 -1 -1 -1 -1 -1 -1 -1 -1 -1 -1 -1 -1 -1 -1 -1 -1 -1 -1 -1 -1 -1 -1 -1 -1 -1 -1 -1 -1 -1 -1 -1 -1 -1 -1 -1 -1 -1 -1 -1 -1 -1 -1 -1 -1 -1 -1 -1 -1 -1 97 97 105 108 107 107 101 -40 -40 -64 -72 6 6 114 108 108 114 108 108 -1 -1 -1 -1 -1 -1 -1 -1 -1 -1 -1 94 101 101 104 112 112 97 36 1 1 29 68 68 73 65 50 50 48 36 36 27 25 25 15 10 9 9 9 6 6 22 59 70 70 60 67 67 64 70 83 83 94 107 107 114 123 123 100 53 19 19 48 113 113 113 -1 97 97 -1 -1 -1 -1 -1 -1 -1 -1 -1 -1 -1 -1 -1 -1 -1 -1 -1 -1 -1 -1 -1 -1 -1 -1 -1 -1 -1 -1 -1 -1 -1 -1 97 97 99 100 100 101 101 101 101 100 100 100 97 99 99 99 99 100 100 100 101 101 101 105 104 104 102 99 99 97 96 96 95 95 -1 -1 -1 -1 -1 95 101 106 106 106 104 104 -61 24 24 61 96 81 81 73 64 64 53 54 42 42 38 47 47 53 55 55 55 54 47 47 35 24 24 10 7 7 7 4 9 9 14 25 43 43 67 81 81 66 47 47 41 38 35 35 39 43 43 39 39 45 45 45 44 44 41 32 32 26 35 48 48 56 55 55 38 33 29 29 29 29 29 22 19 18 18 26 33 33 36 36 36 41 42 36 36 31 47 47 42 27 16 16 19 32 32 44 47 47 49 50 53 53 43 16 16 6 16 31 31 26 32 32 39 43 43 43 36 25 25 15 6 6 4 1 0 0 0 0 0 0 0 0 0 0 0 0 0 0 0 2 13 15 15 10 9 9 0 1 0 0 0 0 0 0 0 0 0 21 43 43 61 85 85 100 100 102 102 88 61 61 0 105 105 113 110 106 106 105 100 100 -1 -1 -1 -1 -1 -1 -1 -1 -1 -1 -1 -1 -1 -1 -1 -1 -1 -1 -1 -1 -1 -1 -1 -1 -1 -1 -1 -1 -1 -1 -1 -1 -1 -1 -1 -1 -1 -1 -1 -1 -1 -1 -1 -1 -1 -1 -1 -1 -1 -1 -1 -1 -1 -1 -1 -1 -1 -1 -1 -1 -1 -1 -1 -1 -1 -1 -1 -1 -1 -1 -1 -1 100 104 104 105 106 107 107 113 106 106 79 0 21 21 56 84 84 78 71 71 61 48 39 39 37 21 21 15 10 12 12 9
112 114 107 107 101 -1 -1 -1 -1 -1 -1 -1 -1 -1 -1 -1 -1 -1 -1 -1 -1 -1 -1 -1 -1 -1 -1 -1 -1 -1 -1 -1 -1 -1 -1 -1 -1 -1 -1 -1 -1 -1 -1 -1 -1 -1 -1 -1 -1 -1 -1 -1 -1 -1 -1 -1 101 101 105 112 107 107 68 -44 -44 -59 -23 -23 -7 0 110 110 114 104 104 107 94 -1 -1 -1 -1 -1 -1 -1 -1 -1 -1 99 99 102 104 104 100 24 12 12 68 88 88 99 87 87 73 59 39 39 26 20 20 14 15 9 9 2 1 1 0 22 56 56 60 55 55 49 48 48 50 61 82 82 105 111 111 102 107 99 99 76 -96 -96 102 113 113 99 101 93 93 -1 -1 -1 -1 -1 -1 -1 -1 -1 -1 -1 -1 -1 -1 -1 -1 -1 -1 -1 -1 -1 -1 -1 -1 -1 88 88 100 105 111 111 106 108 108 112 113 113 114 114 112 112 112 111 111 110 107 106 106 110 110 110 110 111 111 107 106 111 111 108 105 105 107 112 106 106 -1 -1 -1 99 105 105 107 106 116 116 31 16 16 48 85 99 99 91 82 82 82 83 77 77 65 60 60 58 55 55 61 62 50 50 33 31 31 29 25 25 25 30 36 36 41 35 35 35 47 64 64 71 59 59 45 41 26 26 24 24 24 21 14 14 20 33 45 45 52 45 45 35 32 39 39 48 49 49 42 31 24 24 16 21 21 14 10 10 4 10 29 29 32 25 25 18 24 35 35 43 48 48 53 43 43 29 22 27 27 37 41 41 37 37 41 41 49 44 44 21 3 3 4 14 7 7 21 37 37 47 49 35 35 14 4 4 4 3 3 1 0 0 0 0 0 0 0 0 0 0 0 0 0 0 0 8 8 14 2 2 0 0 0 0 0 0 0 0 0 0 0 0 15 15 35 59 59 83 97 97 104 102 108 108 82 0 0 -1 93 111 111 107 102 102 105 102 102 107 -1 -1 -1 -1 82 82 -1 -1 -1 -1 -1 -1 -1 -1 -1 -1 -1 -1 -1 -1 -1 -1 -1 -1 -1 -1 -1 -1 -1 -1 -1 -1 -1 -1 -1 -1 -1 -1 -1 -1 -1 -1 -1 -1 -1 -1 -1 -1 -1 -1 -1 -1 -1 -1 -1 -1 -1 -1 -1 -1 -1 -1 -1 -1 -1 -1 95 95 100 106 106 106 108 108 108 90 -8 -8 47 13 13 6 27 47 47 53 58 58 56 55 47 47 32 21 21 12 1 1 3 8 3 3
113 113 116 108 104 104 -1 -1 -1 -1 -1 -1 -1 -1 -1 -1 -1 -1 -1 -1 -1 -1 -1 -1 -1 -1 -1 -1 -1 -1 -1 -1 -1 -1 -1 -1 -1 -1 -1 -1 -1 -1 -1 -1 -1 -1 -1 -1 -1 -1 -1 -1 -1 -1 93 97 97 110 111 111 106 70 -79 -79 -67 47 47 -16 -22 7 7 107 111 111 112 104 104 94 -1 -1 -1 -1 -1 -1 -1 -1 -1 -1 105 99 99 82 64 64 10 59 88 88 96 107 107 99 88 70 70 45 30 30 24 22 22 16 13 10 10 9 4 4 19 42 38 38 36 33 33 36 39 49 49 70 93 93 104 95 95 108 100 82 82 -115 100 100 111 108 108 108 96 -1 -1 -1 -1 -1 -1 -1 -1 -1 -1 -1 -1 -1 -1 -1 -1 -1 -1 -1 -1 -1 -1 -1 -1 94 94 100 107 107 108 107 108 108 107 96 96 85 88 102 102 112 110 110 110 108 108 106 105 104 104 95 87 87 83 77 84 84 95 106 106 111 107 107 106 108 107 107 104 106 106 104 102 108 108 53 -79 -79 78 94 94 111 116 112 112 107 104 104 101 101 90 90 83 73 73 60 58 52 52 39 36 36 36 33 33 31 29 31 31 33 37 37 27 29 36 36 50 56 56 53 44 44 42 30 24 24 20 14 14 8 15 32 32 43 54 54 53 45 45 37 36 42 42 45 44 44 36 26 14 14 13 3 3 1 1 12 12 25 25 25 21 16 16 18 29 43 43 48 53 53 37 21 14 14 21 32 32 37 35 35 27 31 37 37 33 10 10 0 0 0 0 0 9 9 24 31 31 33 24 9 9 0 0 0 0 0 0 0 0 0 0 0 0 0 0 0 0 0 0 0 0 0 0 3 3 0 0 0 7 7 0 0 0 0 0 0 0 0 6 21 37 37 55 72 72 84 85 88 88 93 88 88 8 -68 -68 37 72 68 68 81 102 102 108 102 105 105 96 -1 -1 -1 -1 -1 -1 -1 -1 -1 -1 -1 -1 -1 -1 -1 -1 -1 -1 -1 -1 -1 -1 -1 -1 -1 -1 -1 -1 -1 -1 -1 -1 -1 -1 -1 -1 -1 -1 -1 -1 -1 -1 -1 -1 -1 -1 -1 -1 -1 -1 -1 -1 -1 -1 -1 -1 -1 -1 -1 -1 -1 -1 -1 -1 95 106 106 112 108 108 88 52 33 33 22 21 21 22 35 38 38 31 32 32 42 49 49 52 44 25 25 13 1 1 0 0 0 0 0
113 116 108 108 104 -1 -1 -1 -1 -1 -1 -1 -1 -1 -1 -1 -1 -1 -1 -1 -1 -1 -1 -1 -1 -1 -1 -1 -1 -1 -1 -1 -1 -1 -1 -1 -1 -1 -1 -1 -1 -1 -1 -1 -1 -1 -1 -1 -1 -1 -1 -1 -1 93 93 97 110 110 111 106 70 70 -79 -67 -67 47 -16 -16 -22 7 107 107 111 112 112 104 94 -1 -1 -1 -1 -1 -1 -1 -1 -1 -1 105 105 99 82 82 64 10 59 59 88 96 96 107 99 99 88 70 45 45 30 24 24 22 16 13 13 10 9 9 4 19 42 42 38 36 36 33 36 36 39 49 70 70 93 104 104 95 108 100 100 82 -115 -115 100 111 111 108 108 96 96 -1 -1 -1 -1 -1 -1 -1 -1 -1 -1 -1 -1 -1 -1 -1 -1 -1 -1 -1 -1 -1 -1 -1 -1 94 100 100 107 108 107 107 108 107 107 96 85 85 88 102 112 112 110 110 110 108 106 105 105 104 95 95 87 83 83 77 84 95 95 106 111 111 107 106 108 108 107 104 104 106 104 104 102 108 53 53 -79 78 78 94 111 116 116 112 107 107 104 101 101 101 90 83 83 73 60 60 58 52 39 39 36 36 36 33 31 29 29 31 33 33 37 27 27 29 36 50 50 56 53 53 44 42 30 30 24 20 20 14 8 8 15 32 43 43 54 53 53 45 37 36 36 42 45 45 44 36 26 26 14 13 13 3 1 1 1 12 25 25 25 21 21 16 18 29 29 43 48 48 53 37 37 21 14 21 21 32 37 37 35 27 31 31 37 33 33 10 0 0 0 0 0 0 9 24 24 31 33 24 24 9 0 0 0 0 0 0 0 0 0 0 0 0 0 0 0 0 0 0 0 0 0 0 0 3 0 0 0 7 7 7 0 0 0 0 0 0 0 6 21 21 37 55 55 72 84 84 85 88 93 93 88 8 8 -68 37 72 72 68 81 81 102 108 108 102 105 96 96 -1 -1 -1 -1 -1 -1 -1 -1 -1 -1 -1 -1 -1 -1 -1 -1 -1 -1 -1 -1 -1 -1 -1 -1 -1 -1 -1 -1 -1 -1 -1 -1 -1 -1 -1 -1 -1 -1 -1 -1 -1 -1 -1 -1 -1 -1 -1 -1 -1 -1 -1 -1 -1 -1 -1 -1 -1 -1 -1 -1 -1 -1 -1 95 95 106 112 112 108 88 52 52 33 22 22 21 22 22 35 38 31 31 32 42 42 49 52 44 44 25 13 13 1 0 0 0 0 0 0
119 119 114 107 106 106 -1 -1 -1 -1 -1 -1 -1 -1 -1 -1 -1 -1 -1 -1 -1 -1 -1 -1 -1 -1 -1 -1 -1 -1 -1 -1 -1 -1 -1 -1 -1 -1 -1 -1 -1 -1 -1 -1 -1 -1 -1 -1 -1 -1 -1 -1 -1 -1 111 102 102 110 106 106 -2 -78 -56 -56 42 68 68 38 4 52 52 112 108 108 108 106 106 -1 -1 -1 -1 -1 -1 -1 -1 -1 -1 -1 105 101 101 59 4 4 45 99 104 104 108 107 107 99 88 71 71 44 29 29 29 31 31 25 21 19 19 18 10 10 16 29 20 20 19 18 18 22 31 38 38 55 82 82 102 99 99 99 79 66 66 0 65 65 112 116 108 108 101 94 94 -1 -1 -1 -1 -1 -1 -1 -1 -1 -1 -1 -1 -1 -1 -1 -1 -1 -1 85 85 91 100 100 100 110 107 107 102 107 -1 -1 66 38 38 27 31 38 38 41 42 42 45 44 44 37 35 35 35 30 30 30 32 -58 -54 -54 32 48 48 82 102 102 105 107 112 112 112 113 113 110 99 70 70 0 48 48 105 110 110 116 118 120 120 120 119 119 114 108 101 101 93 82 82 65 54 45 45 33 25 25 25 22 22 19 14 16 16 19 21 21 19 16 24 24 37 45 45 42 39 39 39 37 27 27 19 14 14 10 21 39 39 50 53 53 56 52 52 39 33 38 38 42 42 42 36 26 9 9 6 0 0 0 6 19 19 30 27 27 29 24 24 21 30 47 47 56 48 48 26 2 0 0 12 30 30 37 33 33 24 21 24 24 19 0 0 0 0 0 0 0 6 6 10 10 10 9 6 0 0 0 0 0 0 0 0 0 0 0 0 0 0 0 0 0 0 0 0 0 0 0 0 3 3 7 14 14 25 20 9 9 2 0 0 4 4 4 10 22 33 33 48 58 58 60 60 68 68 83 95 95 56 15 15 25 33 26 26 33 44 44 100 110 114 114 101 99 99 -1 -1 -1 -1 -1 -1 -1 -1 -1 -1 -1 -1 -1 -1 -1 -1 -1 -1 -1 -1 -1 -1 -1 -1 -1 -1 -1 -1 -1 -1 -1 -1 -1 -1 -1 -1 -1 -1 -1 -1 -1 -1 -1 -1 -1 -1 -1 -1 -1 -1 -1 -1 -1 -1 -1 -1 -1 -1 -1 -1 -1 -1 101 111 111 107 84 84 42 15 20 20 31 33 33 31 33 29 29 18 15 15 27 36 36 43 37 20 20 8 0 0 0 0 0 0 0
119 114 107 107 106 -1 -1 -1 -1 -1 -1 -1 -1 -1 -1 -1 -1 -1 -1 -1 -1 -1 -1 -1 -1 -1 -1 -1 -1 -1 -1 -1 -1 -1 -1 -1 -1 -1 -1 -1 -1 -1 -1 -1 -1 -1 -1 -1 -1 -1 -1 -1 -1 111 111 102 110 110 106 -2 -78 -78 -56 42 42 68 38 38 4 52 112 112 108 108 108 106 -1 -1 -1 -1 -1 -1 -1 -1 -1 -1 -1 105 105 101 59 59 4 45 99 99 104 108 108 107 99 99 88 71 44 44 29 29 29 31 25 21 21 19 18 18 10 16 29 29 20 19 19 18 22 22 31 38 55 55 82 102 102 99 99 79 79 66 0 0 65 112 112 116 108 101 101 94 -1 -1 -1 -1 -1 -1 -1 -1 -1 -1 -1 -1 -1 -1 -1 -1 -1 -1 -1 85 91 100 100 100 110 110 107 102 107 107 -1 66 66 38 27 27 31 38 41 41 42 45 45 44 37 35 35 35 30 30 30 32 32 -58 -54 32 32 48 82 82 102 105 107 107 112 112 112 113 110 110 99 70 0 0 48 105 105 110 116 118 118 120 120 120 119 114 108 108 101 93 93 82 65 65 54 45 33 33 25 25 25 22 19 14 14 16 19 19 21 19 19 16 24 37 37 45 42 42 39 39 37 37 27 19 19 14 10 10 21 39 50 50 53 56 56 52 39 33 33 38 42 42 42 36 26 26 9 6 6 0 0 0 6 19 30 30 27 29 29 24 21 30 30 47 56 56 48 26 26 2 0 12 12 30 37 37 33 24 21 21 24 19 19 0 0 0 0 0 0 0 6 10 10 10 9 6 6 0 0 0 0 0 0 0 0 0 0 0 0 0 0 0 0 0 0 0 0 0 0 0 0 3 7 7 14 25 25 20 9 2 2 0 4 4 4 10 22 22 33 48 48 58 60 60 60 68 83 83 95 56 56 15 25 33 33 26 33 33 44 100 100 110 114 101 101 99 -1 -1 -1 -1 -1 -1 -1 -1 -1 -1 -1 -1 -1 -1 -1 -1 -1 -1 -1 -1 -1 -1 -1 -1 -1 -1 -1 -1 -1 -1 -1 -1 -1 -1 -1 -1 -1 -1 -1 -1 -1 -1 -1 -1 -1 -1 -1 -1 -1 -1 -1 -1 -1 -1 -1 -1 -1 -1 -1 -1 -1 -1 101 101 111 107 107 84 42 15 15 20 31 31 33 31 31 33 29 18 18 15 27 27 36 43 37 37 20 8 8 0 0 0 0 0 0 0
119 119 114 110 107 107 95 -1 -1 -1 -1 -1 -1 -1 -1 -1 -1 -1 -1 -1 -1 -1 -1 -1 -1 -1 -1 -1 -1 -1 -1 -1 -1 -1 -1 -1 -1 -1 -1 -1 -1 -1 -1 -1 -1 -1 -1 -1 -1 -1 -1 -1 -1 -1 108 117 117 114 -1 -1 -78 38 66 66 72 49 49 18 0 100 100 107 110 110 100 102 102 -1 -1 -1 -1 -1 -1 -1 -1 -1 95 95 100 102 102 -45 0 0 101 112 113 113 111 110 110 100 89 73 73 53 41 41 41 44 44 37 29 25 25 20 13 13 16 22 15 15 15 12 12 15 22 25 25 41 72 72 99 89 89 83 64 45 45 18 15 15 107 116 107 107 101 96 96 -1 -1 -1 -1 -1 -1 -1 -1 -1 -1 -1 -1 -1 -1 -1 -1 -1 -1 93 93 100 107 107 107 101 53 53 65 53 21 21 19 24 24 33 30 18 18 16 24 24 21 15 15 8 4 9 9 15 24 24 37 50 41 41 32 27 27 22 24 24 53 93 107 107 97 93 93 59 35 19 19 27 90 90 107 112 112 116 116 113 113 111 107 107 100 96 90 90 83 72 72 56 42 30 30 20 14 14 14 10 10 7 4 6 6 12 18 18 14 15 26 26 38 43 43 41 37 37 37 33 25 25 16 14 14 16 29 45 45 55 49 49 52 47 47 33 29 32 32 36 35 35 31 19 0 0 0 0 0 2 13 27 27 31 25 25 30 30 30 19 22 39 39 45 39 39 10 0 0 0 1 22 22 31 30 30 18 8 2 2 0 0 0 0 0 0 0 0 2 2 1 0 0 0 0 0 0 0 0 0 0 0 0 0 0 0 0 0 0 0 0 0 0 0 0 0 0 2 9 14 14 13 25 25 32 21 12 12 4 0 0 3 4 4 8 12 20 20 26 31 31 33 33 48 48 65 81 81 68 55 55 58 54 52 52 33 14 14 29 94 107 107 101 113 113 -1 -1 -1 -1 -1 -1 -1 -1 -1 -1 -1 -1 -1 -1 -1 -1 -1 -1 -1 -1 -1 -1 -1 -1 -1 -1 -1 -1 -1 -1 -1 -1 -1 -1 -1 -1 -1 -1 -1 -1 -1 -1 -1 -1 -1 -1 -1 -1 -1 -1 -1 -1 -1 -1 -1 -1 -1 -1 -1 -1 -1 -1 105 110 110 93 49 49 12 44 45 45 43 35 35 24 20 19 19 13 10 10 20 27 27 33 30 20 20 14 7 7 1 0 0 0 0
118 114 112 112 108 102 102 102 95 95 94 90 -1 -1 -1 -1 -1 -1 -1 -1 -1 -1 -1 -1 -1 -1 -1 -1 91 91 91 96 96 96 96 96 96 96 95 94 94 94 -1 -1 -1 -1 -1 -1 -1 -1 -1 -1 -1 105 105 94 106 106 79 0 83 83 78 82 82 45 20 20 14 113 105 105 111 100 100 -1 -1 -1 -1 -1 -1 -1 -1 -1 -1 -1 97 104 104 90 -56 -56 6 113 117 117 122 110 110 111 99 99 88 77 62 62 54 48 48 45 38 29 29 24 18 18 14 18 20 20 15 16 16 12 10 10 13 12 25 25 59 88 88 83 70 49 49 32 38 38 0 110 110 112 108 107 107 101 95 95 -1 -1 -1 -1 -1 -1 -1 -1 -1 -1 -1 -1 -1 -1 -1 -1 -1 94 108 105 105 76 67 67 7 37 19 19 30 52 52 77 89 89 85 74 70 70 71 67 67 59 50 45 45 44 45 45 53 65 65 70 70 77 77 73 48 48 -58 -59 -55 -55 36 -49 -49 -51 -64 -64 36 50 93 93 105 110 110 108 106 99 99 93 85 85 78 73 60 60 56 49 49 42 30 30 18 6 0 0 1 2 2 2 2 4 4 9 16 16 24 22 22 25 32 42 42 45 42 42 35 33 25 25 20 16 16 20 25 25 33 45 49 49 39 42 42 37 25 20 20 24 27 27 29 24 7 7 0 0 0 0 9 9 16 24 30 30 22 27 27 26 13 10 10 24 30 30 32 1 1 0 0 0 0 10 16 16 15 0 0 0 0 0 0 0 0 0 0 0 0 0 0 0 0 0 0 0 0 0 0 0 0 0 0 0 0 0 0 0 0 0 0 0 0 0 0 0 0 1 6 9 9 10 10 10 21 25 25 13 6 0 0 0 0 0 2 2 0 0 2 6 6 7 12 12 14 26 36 36 60 71 71 73 73 81 81 88 90 90 68 13 13 27 90 104 104 106 107 107 102 96 -1 -1 -1 -1 -1 -1 -1 -1 -1 -1 -1 -1 -1 -1 -1 -1 -1 -1 -1 -1 -1 -1 -1 -1 -1 -1 -1 -1 -1 -1 -1 -1 -1 -1 -1 -1 -1 -1 -1 -1 -1 -1 -1 -1 -1 -1 -1 -1 -1 -1 -1 -1 -1 -1 -1 -1 -1 -1 100 100 106 91 91 31 18 60 60 47 30 30 21 16 16 19 18 13 13 14 19 19 21 29 30 30 24 26 26 22 20 20 13 4 0 0
118 118 114 112 108 108 102 102 102 95 94 90 90 -1 -1 -1 -1 -1 -1 -1 -1 -1 -1 -1 -1 -1 -1 -1 91 91 91 96 96 96 96 96 96 96 95 95 94 94 94 -1 -1 -1 -1 -1 -1 -1 -1 -1 -1 -1 105 94 94 106 79 79 0 83 78 78 82 45 45 20 14 113 113 105 111 111 100 -1 -1 -1 -1 -1 -1 -1 -1 -1 -1 -1 97 97 104 90 90 -56 6 6 113 117 122 122 110 111 111 99 88 77 77 62 54 54 48 45 45 38 29 24 24 18 14 14 18 20 15 15 16 12 12 10 13 12 12 25 59 59 88 83 83 70 49 32 32 38 0 0 110 112 108 108 107 101 101 95 -1 -1 -1 -1 -1 -1 -1 -1 -1 -1 -1 -1 -1 -1 -1 -1 -1 94 94 108 105 76 76 67 7 7 37 19 30 30 52 77 77 89 85 74 74 70 71 71 67 59 59 50 45 44 44 45 53 53 65 70 70 70 77 73 73 48 -58 -58 -59 -55 36 36 -49 -51 -51 -64 36 50 50 93 105 105 110 108 108 106 99 93 93 85 78 78 73 60 56 56 49 42 42 30 18 6 6 0 1 1 2 2 2 2 4 9 9 16 24 24 22 25 32 32 42 45 45 42 35 35 33 25 20 20 16 20 20 25 33 45 45 49 39 39 42 37 37 25 20 24 24 27 29 29 24 7 0 0 0 0 0 9 16 24 24 30 22 22 27 26 26 13 10 24 24 30 32 32 1 0 0 0 0 10 10 16 15 15 0 0 0 0 0 0 0 0 0 0 0 0 0 0 0 0 0 0 0 0 0 0 0 0 0 0 0 0 0 0 0 0 0 0 0 0 0 0 0 1 1 6 9 10 10 10 21 21 25 13 6 6 0 0 0 0 2 2 2 0 2 2 6 7 7 12 14 26 26 36 60 60 71 73 73 73 81 88 88 90 68 68 13 27 90 90 104 106 106 107 102 96 96 -1 -1 -1 -1 -1 -1 -1 -1 -1 -1 -1 -1 -1 -1 -1 -1 -1 -1 -1 -1 -1 -1 -1 -1 -1 -1 -1 -1 -1 -1 -1 -1 -1 -1 -1 -1 -1 -1 -1 -1 -1 -1 -1 -1 -1 -1 -1 -1 -1 -1 -1 -1 -1 -1 -1 -1 -1 -1 100 106 106 91 31 31 18 60 47 47 30 21 21 16 19 18 18 13 14 14 19 21 21 29 30 24 24 26 22 22 20 13 4 4 0
113 111 114 114 107 107 107 106 102 102 99 96 93 93 -1 -1 -1 -1 -1 -1 -1 -1 -1 -1 -1 -1 -1 94 95 95 95 102 102 102 104 104 102 102 102 101 101 100 93 93 -1 -1 -1 -1 -1 -1 -1 -1 -1 108 108 108 100 100 82 3 89 89 88 89 89 26 31 31 60 111 112 112 105 102 102 -1 -1 -1 -1 -1 -1 -1 -1 -1 -1 95 99 110 110 74 31 31 26 108 123 123 125 113 113 108 95 95 83 76 68 68 58 45 45 35 26 19 19 19 15 15 13 18 14 14 13 13 13 7 7 7 9 6 18 18 50 78 78 76 64 42 42 39 56 56 0 -1 -1 118 112 111 111 106 99 99 94 -1 -1 -1 -1 -1 -1 -1 -1 -1 -1 -1 -1 -1 95 97 97 104 102 110 110 67 22 22 27 33 52 52 90 94 94 101 106 106 100 89 81 81 82 66 66 59 49 45 45 45 47 47 56 71 71 79 79 85 85 87 85 85 81 43 -93 -93 -101 -94 -94 -86 -55 -55 66 81 95 95 110 124 124 113 99 85 85 81 77 77 70 62 42 42 37 33 33 25 13 13 2 0 0 0 0 0 0 3 8 13 13 21 27 27 32 31 31 32 38 39 39 39 33 33 29 29 16 16 12 14 14 20 25 25 31 36 36 36 30 32 32 29 21 13 13 13 19 19 27 24 7 7 0 0 0 0 19 19 16 14 26 26 20 20 20 15 3 2 2 13 19 19 26 0 0 0 0 0 0 0 0 0 0 0 0 0 0 0 0 0 0 0 0 0 0 0 0 0 0 0 0 0 0 0 0 0 0 0 0 0 0 0 0 3 6 6 3 2 4 4 1 1 1 2 4 3 3 0 6 6 12 19 19 12 2 0 0 0 0 0 0 0 0 0 0 0 0 0 0 0 3 10 21 21 48 76 76 84 85 90 90 100 99 99 89 55 55 0 83 95 95 106 107 107 107 102 94 94 -1 -1 -1 -1 -1 -1 -1 -1 -1 -1 -1 -1 -1 -1 -1 -1 -1 -1 -1 -1 -1 -1 -1 -1 -1 -1 -1 -1 -1 -1 -1 -1 -1 -1 -1 -1 -1 -1 -1 -1 -1 -1 -1 -1 -1 -1 -1 -1 -1 -1 -1 -1 -1 -1 -1 96 102 102 108 100 100 31 19 56 56 44 32 32 26 25 25 24 19 16 16 14 18 18 16 22 25 25 25 27 27 24 25 25 18 7 0 0
113 113 111 114 107 107 107 106 106 102 99 96 96 93 -1 -1 -1 -1 -1 -1 -1 -1 -1 -1 -1 -1 -1 94 95 95 95 102 102 102 104 104 104 102 102 102 101 100 100 93 -1 -1 -1 -1 -1 -1 -1 -1 -1 -1 108 108 108 100 82 82 3 89 88 88 89 26 26 31 60 111 111 112 105 105 102 -1 -1 -1 -1 -1 -1 -1 -1 -1 -1 95 99 99 110 74 74 31 26 26 108 123 125 125 113 108 108 95 83 76 76 68 58 58 45 35 35 26 19 19 19 15 13 13 18 14 13 13 13 7 7 7 9 6 6 18 50 50 78 76 76 64 42 39 39 56 0 0 -1 118 112 112 111 106 106 99 94 94 -1 -1 -1 -1 -1 -1 -1 -1 -1 -1 -1 -1 95 95 97 104 104 102 110 67 67 22 27 27 33 52 90 90 94 101 101 106 100 89 89 81 82 82 66 59 59 49 45 45 45 47 56 56 71 79 79 79 85 87 87 85 81 81 43 -93 -101 -101 -94 -86 -86 -55 66 81 81 95 110 110 124 113 113 99 85 81 81 77 70 70 62 42 37 37 33 25 25 13 2 0 0 0 0 0 0 3 3 8 13 21 21 27 32 32 31 32 38 38 39 39 39 33 29 29 29 16 12 12 14 20 20 25 31 36 36 36 30 30 32 29 29 21 13 13 13 19 27 27 24 7 0 0 0 0 0 19 16 14 14 26 20 20 20 15 15 3 2 13 13 19 26 26 0 0 0 0 0 0 0 0 0 0 0 0 0 0 0 0 0 0 0 0 0 0 0 0 0 0 0 0 0 0 0 0 0 0 0 0 0 0 0 3 3 6 3 2 2 4 1 1 1 2 2 4 3 0 0 6 12 12 19 12 2 2 0 0 0 0 0 0 0 0 0 0 0 0 0 0 3 10 10 21 48 48 76 84 84 85 90 100 100 99 89 89 55 0 83 83 95 106 106 107 107 102 102 94 -1 -1 -1 -1 -1 -1 -1 -1 -1 -1 -1 -1 -1 -1 -1 -1 -1 -1 -1 -1 -1 -1 -1 -1 -1 -1 -1 -1 -1 -1 -1 -1 -1 -1 -1 -1 -1 -1 -1 -1 -1 -1 -1 -1 -1 -1 -1 -1 -1 -1 -1 -1 -1 -1 -1 96 96 102 108 108 100 31 31 19 56 44 44 32 26 26 25 24 19 19 16 14 14 18 16 16 22 25 25 25 27 24 24 25 18 7 7 0
101 105 116 116 106 111 111 106 107 107 106 104 99 99 96 -1 -1 -1 -1 -1 -1 -1 -1 -1 -1 97 97 100 104 105 105 107 107 107 108 108 108 108 107 106 106 106 96 96 -1 -1 -1 -1 -1 -1 -1 -1 -1 97 97 110 105 105 100 0 58 58 62 32 32 14 66 66 112 113 112 112 101 97 97 -1 -1 -1 -1 -1 -1 -1 -1 -1 -1 96 100 111 111 62 35 35 37 112 123 123 122 111 111 105 89 89 74 68 62 62 55 44 44 32 15 8 8 12 9 9 10 13 7 7 7 6 6 2 4 4 3 0 9 9 35 54 54 52 54 55 55 61 67 67 -98 -36 -36 108 105 112 112 110 102 102 97 94 -1 -1 -1 -1 -1 -1 -1 -1 -1 -1 95 95 99 104 104 111 101 99 99 -54 0 0 88 105 113 113 108 106 106 112 112 112 99 82 76 76 83 82 82 72 59 52 52 52 53 53 67 85 85 110 106 100 100 94 88 88 88 87 81 81 84 78 78 72 66 66 58 70 83 83 99 104 104 89 70 55 55 45 39 39 31 22 15 15 14 12 12 2 0 0 0 0 0 0 25 25 25 26 30 35 35 41 44 44 45 39 39 41 42 42 42 36 29 29 21 20 9 9 6 10 10 18 21 21 26 27 26 26 24 19 19 18 16 13 13 12 22 22 35 31 15 15 0 0 0 4 20 20 13 2 13 13 7 0 0 0 0 0 0 3 13 13 15 0 0 0 0 0 0 0 0 0 0 0 0 0 0 0 0 0 0 0 0 0 0 0 0 0 0 0 0 0 0 0 0 0 0 0 0 0 9 14 14 16 14 14 8 6 7 7 7 6 6 7 6 1 1 0 0 0 7 20 20 14 2 0 0 0 0 0 0 0 0 0 0 0 0 0 0 0 0 3 8 8 35 76 76 101 100 105 105 117 116 116 105 77 77 44 0 27 27 99 113 113 112 105 97 97 91 -1 -1 -1 -1 -1 -1 -1 -1 -1 -1 -1 -1 -1 -1 -1 -1 -1 -1 -1 -1 -1 -1 -1 -1 -1 -1 -1 -1 -1 -1 -1 -1 -1 -1 -1 -1 -1 -1 -1 -1 -1 -1 -1 -1 -1 -1 -1 -1 -1 -1 -1 -1 -1 -1 96 106 106 107 108 108 45 16 62 62 53 36 36 25 25 25 30 26 21 21 18 15 15 10 12 15 15 13 14 14 9 10 10 6 2 1 1
-120 -120 0 26 53 53 97 112 112 113 112 108 108 105 100 100 97 -1 -1 -1 -1 -1 -1 -1 99 99 101 106 110 110 111 108 108 110 110 110 111 111 110 110 108 108 108 99 95 -1 -1 -1 -1 -1 -1 -1 -1 -1 105 102 102 114 112 112 93 4 6 6 21 82 82 111 111 102 102 110 99 99 91 -1 -1 -1 -1 -1 -1 -1 -1 -1 -1 96 100 100 110 55 55 31 55 55 117 122 118 118 101 94 94 72 55 49 49 45 45 45 39 32 32 13 6 8 8 6 6 6 9 3 4 4 4 2 2 2 0 0 0 0 12 12 26 32 32 38 56 72 72 81 -17 -17 -111 60 94 94 107 111 111 108 105 105 99 -1 -1 -1 -1 -1 -1 -1 -1 -1 -1 100 106 106 108 113 113 106 -23 -75 -75 18 97 97 111 123 111 111 108 104 104 91 81 72 72 64 56 56 68 61 61 54 54 59 59 66 87 87 108 113 117 117 111 101 101 93 79 79 71 71 62 62 68 67 67 49 43 53 53 58 72 72 65 56 56 42 26 16 16 8 0 0 0 0 0 0 0 0 0 0 0 16 16 38 53 53 49 45 45 44 47 50 50 52 53 53 45 48 52 52 50 43 43 31 24 24 19 15 13 13 20 27 27 32 35 36 36 37 20 20 10 6 6 12 19 20 20 29 39 39 33 18 0 0 0 6 6 20 8 0 0 4 0 0 0 0 0 0 0 1 1 14 7 7 0 0 0 0 0 3 3 3 1 1 1 0 0 0 0 0 0 0 2 6 6 0 0 0 0 0 0 0 0 0 0 0 0 0 6 20 31 31 29 25 25 19 13 12 12 12 13 13 12 13 13 8 2 0 0 0 2 2 20 18 0 0 0 0 0 0 0 0 0 0 0 0 0 0 0 0 0 0 0 0 39 39 85 113 113 105 117 116 116 118 117 117 87 67 39 39 18 53 53 110 113 107 107 99 93 93 -1 -1 -1 -1 -1 -1 -1 -1 -1 -1 -1 -1 -1 -1 -1 -1 -1 -1 -1 -1 -1 -1 -1 -1 -1 -1 -1 -1 -1 -1 -1 -1 -1 -1 -1 -1 -1 -1 -1 -1 -1 -1 -1 -1 -1 -1 -1 -1 -1 -1 -1 -1 -1 95 95 106 101 101 110 67 67 25 38 45 45 39 26 26 21 25 30 30 27 20 20 16 6 6 4 3 0 0 0 0 0 0 0 0 0 6
-120 0 26 26 53 97 97 112 113 113 112 108 105 105 100 97 97 -1 -1 -1 -1 -1 -1 -1 99 101 101 106 110 111 111 108 110 110 110 111 111 111 110 108 108 108 99 99 95 -1 -1 -1 -1 -1 -1 -1 -1 105 105 102 114 114 112 93 4 4 6 21 21 82 111 111 111 102 110 110 99 91 91 -1 -1 -1 -1 -1 -1 -1 -1 -1 -1 96 100 110 110 55 31 31 55 117 122 122 118 101 101 94 72 72 55 49 45 45 45 39 39 32 13 6 6 8 6 6 6 9 3 3 4 4 4 2 2 2 0 0 0 0 12 26 26 32 38 56 56 72 81 81 -17 -111 -111 60 94 107 107 111 108 108 105 99 -1 -1 -1 -1 -1 -1 -1 -1 -1 -1 100 100 106 108 108 113 106 -23 -23 -75 18 18 97 111 123 123 111 108 108 104 91 91 81 72 64 64 56 68 68 61 54 54 54 59 66 66 87 108 108 113 117 111 111 101 93 93 79 71 71 71 62 68 68 67 49 49 43 53 58 58 72 65 65 56 42 26 26 16 8 8 0 0 0 0 0 0 0 0 0 0 0 16 38 38 53 49 49 45 44 47 47 50 52 52 53 45 45 48 52 50 50 43 31 31 24 19 15 15 13 20 20 27 32 32 35 36 37 37 20 10 10 6 12 19 19 20 29 29 39 33 18 18 0 0 0 6 20 20 8 0 4 4 0 0 0 0 0 0 0 1 14 14 7 0 0 0 0 0 0 3 3 3 1 1 0 0 0 0 0 0 0 0 2 6 0 0 0 0 0 0 0 0 0 0 0 0 0 6 6 20 31 29 29 25 19 19 13 12 12 12 13 12 12 13 8 2 2 0 0 0 2 20 20 18 0 0 0 0 0 0 0 0 0 0 0 0 0 0 0 0 0 0 0 0 39 85 85 113 105 117 117 116 118 118 117 87 87 67 39 18 18 53 110 110 113 107 99 99 93 -1 -1 -1 -1 -1 -1 -1 -1 -1 -1 -1 -1 -1 -1 -1 -1 -1 -1 -1 -1 -1 -1 -1 -1 -1 -1 -1 -1 -1 -1 -1 -1 -1 -1 -1 -1 -1 -1 -1 -1 -1 -1 -1 -1 -1 -1 -1 -1 -1 -1 -1 -1 -1 -1 95 106 106 101 110 110 67 25 38 38 45 39 39 26 21 21 25 30 27 27 20 16 16 6 4 3 3 0 0 0 0 0 0 0 0 6 6
47 47 38 10 -92 -92 -96 -77 -77 76 107 111 111 111 113 113 99 -1 -1 -1 101 100 100 -1 100 100 110 106 113 113 78 -83 -83 -92 -84 -84 -54 -14 108 108 113 116 116 106 102 95 95 -1 -1 -1 -1 -1 -1 -1 100 102 102 107 111 111 114 117 117 117 118 113 113 113 108 104 104 97 93 93 -1 -1 -1 -1 -1 -1 -1 -1 -1 -1 -1 97 105 105 104 49 49 33 76 76 97 106 95 95 88 62 62 52 39 32 32 21 16 16 21 16 16 9 2 0 0 4 14 14 15 4 0 0 2 0 0 0 3 0 0 0 0 0 3 10 10 36 56 79 79 78 81 81 67 0 -63 -63 -1 113 113 112 117 117 113 107 -1 -1 -1 102 102 104 105 112 112 112 112 112 114 -1 -1 -25 9 38 38 91 106 106 114 125 118 118 117 102 102 87 84 61 61 53 47 47 42 45 45 55 65 76 76 90 105 105 108 123 117 117 111 102 102 88 78 78 71 59 49 49 47 43 43 36 33 37 37 37 33 33 27 22 22 12 6 1 1 0 0 0 0 0 0 0 0 16 16 26 26 33 33 42 42 42 36 32 32 30 47 47 47 52 42 42 45 53 45 45 49 43 43 37 30 30 33 31 37 37 37 44 44 45 48 49 49 39 22 22 10 12 12 14 20 30 30 37 49 49 47 25 1 1 0 0 0 7 6 2 2 7 0 0 0 0 0 0 0 13 13 16 13 13 0 0 0 0 0 1 1 8 7 7 12 8 2 2 0 0 0 0 4 8 8 0 0 0 0 2 2 3 7 12 12 9 10 10 15 21 20 20 18 15 15 8 3 1 1 4 6 6 6 4 4 0 0 0 0 2 0 0 0 0 0 0 0 0 0 0 0 0 0 0 0 0 0 0 0 0 7 2 2 9 50 50 88 111 111 112 118 112 112 118 119 119 106 83 62 62 26 -60 -60 88 111 117 117 100 102 102 -1 -1 -1 -1 -1 -1 -1 -1 -1 -1 -1 -1 -1 -1 -1 -1 -1 -1 -1 -1 -1 -1 -1 -1 -1 -1 -1 -1 -1 -1 -1 -1 -1 -1 -1 -1 -1 -1 -1 -1 -1 -1 -1 -1 -1 -1 -1 -1 -1 -1 -1 -1 96 95 95 104 110 110 106 91 91 29 10 32 32 30 22 22 24 19 14 14 15 14 14 9 1 1 1 4 1 1 0 0 0 0 0 7 7 18
47 38 10 10 -92 -96 -96 -77 76 76 107 111 111 111 113 99 99 -1 -1 101 101 100 -1 -1 100 110 110 106 113 78 78 -83 -92 -92 -84 -54 -14 -14 108 113 113 116 106 106 102 95 -1 -1 -1 -1 -1 -1 -1 100 100 102 107 107 111 114 117 117 117 118 118 113 113 113 108 104 97 97 93 -1 -1 -1 -1 -1 -1 -1 -1 -1 -1 -1 -1 97 105 104 104 49 33 33 76 97 106 106 95 88 88 62 52 52 39 32 21 21 16 21 21 16 9 2 2 0 4 4 14 15 4 4 0 2 2 0 0 0 3 0 0 0 0 3 3 10 36 56 56 79 78 78 81 67 67 0 -63 -1 -1 113 112 112 117 113 107 107 -1 -1 -1 102 104 104 105 112 112 112 112 114 114 -1 -25 9 9 38 91 91 106 114 125 125 118 117 117 102 87 87 84 61 53 53 47 42 42 45 55 65 65 76 90 90 105 108 108 123 117 111 111 102 88 88 78 71 59 59 49 47 47 43 36 36 33 37 37 37 33 27 27 22 12 6 6 1 0 0 0 0 0 0 0 0 0 16 26 26 26 33 42 42 42 36 36 32 30 47 47 47 52 52 42 45 45 53 45 49 49 43 37 37 30 33 31 31 37 37 37 44 45 45 48 49 39 39 22 10 10 12 14 20 20 30 37 37 49 47 25 25 1 0 0 0 7 7 6 2 7 7 0 0 0 0 0 0 0 13 16 16 13 0 0 0 0 0 0 1 8 8 7 12 8 8 2 0 0 0 0 0 4 8 0 0 0 0 0 2 3 7 7 12 9 9 10 15 15 21 20 18 18 15 8 8 3 1 4 4 6 6 6 4 0 0 0 0 2 2 0 0 0 0 0 0 0 0 0 0 0 0 0 0 0 0 0 0 0 0 7 2 9 9 50 88 88 111 112 118 118 112 118 118 119 106 106 83 62 26 26 -60 88 88 111 117 100 100 102 -1 -1 -1 -1 -1 -1 -1 -1 -1 -1 -1 -1 -1 -1 -1 -1 -1 -1 -1 -1 -1 -1 -1 -1 -1 -1 -1 -1 -1 -1 -1 -1 -1 -1 -1 -1 -1 -1 -1 -1 -1 -1 -1 -1 -1 -1 -1 -1 -1 -1 -1 -1 -1 96 95 104 104 110 106 106 91 29 10 10 32 30 30 22 24 24 19 14 15 15 14 9 9 1 1 4 4 1 0 0 0 0 0 0 7 18 18
27 27 22 31 56 56 -31 -51 -51 -94 0 102 102 110 108 108 110 108 108 106 97 104 104 106 116 116 116 116 67 67 -72 43 43 65 56 56 -53 -97 35 35 72 117 117 106 102 95 95 -1 -1 -1 -1 -1 -1 -1 95 97 97 104 106 106 110 113 112 112 112 108 108 107 104 99 99 94 -1 -1 -1 -1 -1 -1 -1 -1 -1 -1 -1 -1 93 102 101 101 110 42 42 21 84 84 93 88 70 70 66 42 42 36 32 26 26 12 1 1 2 0 0 0 0 0 0 2 15 15 18 6 0 0 0 0 0 0 0 0 0 0 0 0 0 4 4 36 68 90 90 85 87 87 88 62 12 12 26 89 89 110 105 105 117 112 114 114 117 107 107 105 104 101 101 -1 -1 -1 -1 36 36 0 35 96 96 111 120 120 127 112 119 119 118 108 108 97 97 71 71 60 52 52 50 54 54 64 73 82 82 97 110 110 112 108 100 100 90 79 79 66 62 62 56 43 26 26 31 35 35 33 29 24 24 20 16 16 6 3 3 0 0 0 0 0 6 6 2 3 14 14 19 32 32 44 43 33 33 22 25 25 15 10 10 9 25 30 30 35 24 24 33 42 41 41 43 36 36 32 30 30 38 43 44 44 43 53 53 52 38 22 22 3 10 10 20 31 31 37 36 35 35 38 48 48 50 27 3 3 0 1 1 7 7 6 6 9 0 0 0 0 0 0 10 19 19 24 13 13 0 0 0 0 0 3 3 4 0 0 10 2 0 0 0 0 0 0 0 2 2 0 0 0 0 1 1 10 20 31 31 32 27 27 26 24 18 18 9 2 2 1 3 4 4 7 4 4 0 0 0 0 0 0 0 0 0 0 0 0 0 0 0 0 0 0 0 0 0 0 0 0 0 12 12 20 22 25 25 26 47 47 73 99 99 104 113 112 112 120 117 117 99 84 70 70 49 19 19 42 111 101 101 106 100 100 -1 -1 -1 -1 -1 -1 -1 -1 -1 -1 -1 -1 -1 -1 -1 -1 -1 -1 -1 -1 -1 -1 -1 -1 -1 -1 -1 -1 -1 -1 -1 -1 -1 -1 -1 -1 -1 -1 -1 -1 -1 -1 -1 -1 -1 -1 -1 -1 -1 -1 -1 -1 -1 96 96 111 106 106 110 78 78 25 24 41 41 35 26 26 29 24 18 18 13 1 1 3 2 2 0 0 0 0 0 0 0 0 2 12 12 22
7 6 4 4 9 12 12 26 15 15 12 0 108 108 111 114 114 112 107 107 107 113 107 107 114 112 112 102 36 -63 -63 73 56 56 65 68 -98 -98 53 81 81 107 106 106 102 95 -1 -1 -1 -1 -1 -1 -1 -1 -1 -1 -1 -1 99 101 105 105 104 104 104 100 99 99 96 -1 -1 -1 -1 -1 -1 -1 -1 -1 -1 -1 -1 -1 -1 97 97 106 111 102 102 37 20 20 76 66 68 68 53 50 50 41 39 39 37 31 3 3 0 0 0 0 0 0 0 0 6 6 15 20 9 9 0 0 0 0 0 0 0 0 0 0 0 0 0 0 21 71 71 95 96 96 96 87 87 90 59 12 12 6 72 72 107 104 111 111 112 102 102 113 113 113 107 91 -39 -39 -92 -124 -124 10 67 97 97 114 120 120 116 124 122 122 120 119 119 112 105 105 105 76 61 61 52 50 50 53 62 72 72 77 83 83 87 84 84 82 74 64 64 52 44 44 42 36 25 25 18 15 15 13 14 14 14 10 7 7 3 0 0 0 0 0 0 0 2 2 6 0 10 10 29 33 33 39 52 52 52 38 14 14 4 0 0 0 0 19 19 29 30 30 24 30 30 41 39 38 38 26 24 24 25 42 45 45 44 42 42 47 42 42 27 12 0 0 14 38 38 53 55 49 49 41 39 39 44 38 21 21 3 1 1 8 15 15 16 16 0 0 0 0 0 0 0 10 10 18 24 24 6 0 0 0 0 7 7 7 4 4 1 4 0 0 0 0 0 0 0 0 0 0 0 0 0 0 0 0 7 21 21 35 39 39 30 29 29 27 25 16 16 8 4 4 8 8 4 4 0 0 0 0 0 0 0 0 0 0 0 0 0 0 0 0 0 0 0 0 0 0 0 0 0 12 12 24 27 27 24 38 38 38 47 58 58 82 94 110 110 116 117 117 118 106 106 94 73 76 76 38 26 26 64 105 112 112 101 97 97 -1 -1 -1 -1 -1 -1 -1 -1 -1 -1 -1 -1 -1 -1 -1 -1 -1 -1 -1 -1 -1 -1 -1 -1 -1 -1 -1 -1 -1 -1 -1 -1 -1 -1 -1 -1 -1 -1 -1 -1 -1 -1 -1 -1 -1 -1 -1 -1 -1 -1 -1 -1 94 114 114 104 93 93 26 6 39 39 47 41 41 41 42 42 38 30 19 19 7 10 10 12 8 4 4 4 6 6 4 9 9 7 7 10 10
7 7 6 4 9 9 12 26 26 15 12 0 0 108 111 111 114 112 112 107 107 113 113 107 114 114 112 102 36 36 -63 73 73 56 65 65 68 -98 53 53 81 107 107 106 102 95 95 -1 -1 -1 -1 -1 -1 -1 -1 -1 -1 -1 99 99 101 105 104 104 104 100 100 99 96 -1 -1 -1 -1 -1 -1 -1 -1 -1 -1 -1 -1 -1 -1 -1 97 106 111 111 102 37 37 20 76 76 66 68 53 53 50 41 41 39 37 31 31 3 0 0 0 0 0 0 0 0 0 6 15 15 20 9 0 0 0 0 0 0 0 0 0 0 0 0 0 0 0 21 71 95 95 96 96 96 87 90 59 59 12 6 6 72 107 107 104 111 112 112 102 113 113 113 107 91 91 -39 -92 -92 -124 10 10 67 97 114 114 120 116 116 124 122 120 120 119 112 112 105 105 76 76 61 52 52 50 53 53 62 72 77 77 83 87 87 84 82 74 74 64 52 52 44 42 42 36 25 18 18 15 13 13 14 14 10 10 7 3 3 0 0 0 0 0 0 0 2 6 6 0 10 29 29 33 39 39 52 52 38 38 14 4 4 0 0 0 0 19 29 29 30 24 24 30 41 39 39 38 26 26 24 25 25 42 45 44 44 42 47 47 42 27 12 12 0 14 14 38 53 53 55 49 41 41 39 44 44 38 21 3 3 1 8 8 15 16 16 16 0 0 0 0 0 0 0 10 18 18 24 6 6 0 0 0 0 7 7 7 4 1 1 4 0 0 0 0 0 0 0 0 0 0 0 0 0 0 0 0 7 21 35 35 39 30 30 29 27 25 25 16 8 8 4 8 8 8 4 0 0 0 0 0 0 0 0 0 0 0 0 0 0 0 0 0 0 0 0 0 0 0 0 0 0 12 24 24 27 24 38 38 38 47 47 58 82 82 94 110 116 116 117 118 118 106 94 73 73 76 38 38 26 64 105 105 112 101 101 97 -1 -1 -1 -1 -1 -1 -1 -1 -1 -1 -1 -1 -1 -1 -1 -1 -1 -1 -1 -1 -1 -1 -1 -1 -1 -1 -1 -1 -1 -1 -1 -1 -1 -1 -1 -1 -1 -1 -1 -1 -1 -1 -1 -1 -1 -1 -1 -1 -1 -1 -1 -1 94 94 114 104 104 93 26 26 6 39 47 47 41 41 41 42 38 30 30 19 7 7 10 12 12 8 4 4 4 6 4 4 9 7 7 7 10
10 7 0 0 0 0 0 12 10 10 8 0 21 21 110 116 116 112 116 114 114 110 79 79 31 8 8 0 1 37 37 44 42 42 42 1 24 24 107 106 106 102 104 104 99 -1 -1 -1 -1 -1 -1 -1 -1 -1 -1 -1 -1 -1 -1 -1 -1 -1 -1 -1 -1 -1 -1 -1 -1 -1 -1 -1 -1 -1 -1 -1 -1 -1 -1 -1 -1 -1 100 102 102 102 111 -1 -1 35 20 20 59 47 53 53 55 49 49 50 47 47 42 31 0 0 0 0 0 0 0 0 0 2 10 10 14 19 15 15 0 0 0 0 0 0 0 0 0 0 0 0 0 0 7 53 53 82 95 95 112 105 105 96 100 85 85 35 0 0 -116 0 33 33 78 67 67 37 1 1 0 0 22 22 76 111 111 99 100 108 108 116 123 123 123 119 124 124 123 117 117 110 101 101 96 67 58 58 54 52 52 53 58 62 62 65 66 66 65 61 61 66 59 54 54 41 31 31 27 15 2 2 0 0 0 0 0 0 10 21 25 25 25 19 19 16 7 4 4 3 3 3 6 0 1 1 22 30 30 30 33 33 35 30 16 16 0 0 0 0 4 27 27 33 32 32 33 30 30 37 38 31 31 10 8 8 14 37 49 49 49 42 42 31 26 26 24 27 27 27 43 61 61 60 55 49 49 38 33 33 30 24 12 12 1 3 3 7 4 4 1 0 0 0 0 0 0 0 0 6 6 12 15 15 2 0 0 0 6 6 6 3 0 0 0 0 0 0 0 0 0 0 1 1 3 3 12 12 6 0 0 0 6 21 21 37 45 45 36 29 29 24 25 21 21 8 0 0 0 0 0 0 0 0 0 0 0 0 0 0 0 0 4 0 0 0 0 0 0 0 0 0 2 3 6 6 6 10 10 15 16 16 14 29 35 35 39 39 39 62 77 97 97 116 117 117 123 117 117 104 83 85 85 65 29 29 0 117 110 110 104 101 101 -1 -1 -1 -1 -1 -1 -1 -1 -1 -1 -1 -1 -1 -1 -1 -1 -1 -1 -1 -1 -1 -1 -1 -1 -1 -1 -1 -1 -1 -1 -1 -1 -1 -1 -1 -1 -1 -1 -1 -1 -1 -1 -1 -1 -1 -1 -1 -1 -1 94 94 -1 102 101 101 108 44 44 24 22 50 50 53 53 53 62 70 70 70 61 44 44 26 29 29 29 24 24 24 29 29 29 24 8 8 2 0 1 1
9 9 0 0 0 0 0 0 0 0 0 18 18 0 93 93 107 117 117 120 90 65 65 0 48 48 47 36 39 39 41 26 26 33 29 29 0 106 119 119 113 112 112 100 96 -1 -1 -1 -1 -1 -1 -1 -1 -1 -1 -1 -1 -1 -1 -1 -1 -1 -1 -1 -1 -1 -1 -1 -1 -1 -1 -1 -1 -1 -1 -1 -1 -1 -1 90 90 95 99 99 102 107 111 111 -3 21 21 14 39 39 38 38 53 53 49 56 56 48 39 27 27 0 0 0 0 0 0 0 0 12 12 20 22 22 26 21 8 8 0 0 0 0 0 0 0 0 0 0 0 0 0 4 39 70 70 93 112 112 113 110 110 110 101 101 101 88 83 83 68 22 0 0 0 24 24 66 104 118 118 124 122 122 117 112 112 119 122 112 112 112 114 114 105 105 110 110 102 94 94 83 71 48 48 48 48 48 50 45 45 44 49 49 49 52 53 53 49 55 53 53 50 35 35 19 6 6 0 0 0 0 0 0 0 0 24 36 36 38 35 35 29 24 24 10 6 2 2 3 7 7 0 0 15 15 20 15 15 12 10 15 15 12 0 0 0 0 0 14 33 31 31 21 35 35 24 27 29 29 19 0 0 0 1 1 29 43 45 45 35 16 16 14 24 31 31 41 53 53 56 49 49 39 33 26 26 21 22 22 24 12 3 3 6 0 0 0 0 0 0 0 0 0 0 0 0 0 12 13 13 10 3 3 2 4 6 6 0 0 0 0 0 0 0 0 0 0 0 7 7 20 15 7 7 25 19 19 7 0 0 2 19 35 35 44 38 38 19 3 4 4 7 0 0 0 0 0 0 0 0 0 0 0 0 0 0 0 0 6 8 8 0 0 0 0 0 0 0 0 3 3 1 1 1 1 2 4 4 9 13 16 16 21 20 20 14 39 39 55 78 97 97 110 112 112 107 102 97 97 88 81 81 22 0 101 101 111 102 102 96 93 93 -1 -1 -1 -1 -1 -1 -1 -1 -1 -1 -1 -1 -1 -1 -1 -1 -1 -1 -1 -1 -1 -1 -1 -1 -1 -1 -1 -1 -1 -1 -1 -1 -1 -1 -1 -1 -1 -1 -1 -1 -1 -1 -1 -1 -1 -1 -1 -1 94 97 104 104 111 108 108 0 16 16 41 43 44 44 52 70 70 84 90 89 89 74 59 59 60 60 60 53 45 48 48 47 38 38 4 0 0 0 0
9 0 0 0 0 0 0 0 0 0 0 18 0 0 93 107 107 117 120 90 90 65 0 0 48 47 47 36 39 41 41 26 33 33 29 0 106 106 119 113 113 112 100 100 96 -1 -1 -1 -1 -1 -1 -1 -1 -1 -1 -1 -1 -1 -1 -1 -1 -1 -1 -1 -1 -1 -1 -1 -1 -1 -1 -1 -1 -1 -1 -1 -1 -1 -1 90 95 95 99 102 102 107 111 -3 -3 21 14 14 39 38 38 38 53 49 49 56 48 48 39 27 0 0 0 0 0 0 0 0 0 12 20 20 22 26 21 21 8 0 0 0 0 0 0 0 0 0 0 0 0 0 4 39 39 70 93 93 112 113 113 110 110 101 101 101 88 88 83 68 22 22 0 0 0 24 66 66 104 118 124 124 122 117 117 112 119 122 122 112 112 112 114 105 105 105 110 102 102 94 83 83 71 48 48 48 48 50 50 45 44 49 49 49 52 52 53 49 49 55 53 50 50 35 19 19 6 0 0 0 0 0 0 0 0 0 24 36 38 38 35 29 29 24 10 6 6 2 3 3 7 0 0 0 15 20 20 15 12 12 10 15 12 12 0 0 0 0 14 33 33 31 21 21 35 24 24 27 29 19 19 0 0 0 1 29 43 43 45 35 35 16 14 14 24 31 41 41 53 56 56 49 39 33 33 26 21 21 22 24 12 12 3 6 6 0 0 0 0 0 0 0 0 0 0 0 0 12 12 13 10 10 3 2 2 4 6 0 0 0 0 0 0 0 0 0 0 0 0 7 20 20 15 7 25 25 19 7 7 0 2 19 19 35 44 44 38 19 19 3 4 7 7 0 0 0 0 0 0 0 0 0 0 0 0 0 0 0 6 6 8 0 0 0 0 0 0 0 0 0 3 1 1 1 1 2 2 4 9 9 13 16 21 21 20 14 14 39 55 78 78 97 110 110 112 107 107 102 97 88 88 81 22 22 0 101 111 111 102 96 96 93 -1 -1 -1 -1 -1 -1 -1 -1 -1 -1 -1 -1 -1 -1 -1 -1 -1 -1 -1 -1 -1 -1 -1 -1 -1 -1 -1 -1 -1 -1 -1 -1 -1 -1 -1 -1 -1 -1 -1 -1 -1 -1 -1 -1 -1 -1 -1 -1 94 94 97 104 111 111 108 0 0 16 41 43 43 44 52 52 70 84 84 90 89 74 74 59 60 60 60 53 45 45 48 47 47 38 4 4 0 0 0 0
10 10 2 0 0 0 0 0 0 0 0 18 18 13 6 6 107 106 106 77 -74 0 0 68 72 72 61 22 1 1 -100 0 0 0 0 0 41 113 113 113 105 113 113 96 -1 -1 -1 -1 -1 -1 -1 -1 -1 -1 -1 -1 -1 -1 -1 -1 -1 -1 -1 -1 -1 -1 -1 -1 -1 -1 -1 -1 -1 -1 -1 -1 -1 -1 93 102 102 105 100 100 110 113 94 94 25 6 6 16 20 20 20 21 43 43 42 54 54 44 33 25 25 6 0 0 9 14 14 14 16 22 22 32 43 43 45 35 20 20 12 0 0 0 0 0 0 0 0 0 0 0 0 0 30 66 66 95 102 102 101 108 112 112 113 104 104 105 107 107 106 111 104 104 105 114 114 118 122 127 127 127 119 119 124 113 113 114 116 118 118 107 94 94 89 82 85 85 83 76 76 61 54 36 36 42 42 42 36 32 32 35 42 43 43 42 38 38 32 38 37 37 37 18 18 0 0 0 0 0 0 0 0 6 6 21 32 33 33 29 25 25 16 12 12 2 0 0 0 2 2 2 0 0 8 8 10 9 9 8 3 4 4 3 0 0 0 0 0 19 30 21 21 9 31 31 27 22 21 21 8 0 0 0 0 0 16 20 19 19 14 8 8 20 35 35 35 41 52 52 38 30 30 14 1 0 0 0 8 8 16 4 0 0 0 0 0 0 0 0 0 0 0 0 0 0 0 7 20 18 18 9 3 3 3 7 2 2 0 0 0 0 0 0 0 0 0 0 6 18 18 25 20 18 18 27 21 21 6 0 0 0 14 30 30 37 29 29 6 0 0 0 0 0 0 0 0 0 0 0 0 0 0 0 0 0 0 0 0 0 0 0 0 0 0 0 0 0 0 0 0 0 0 0 0 0 0 1 1 6 15 16 16 9 0 0 0 24 24 39 58 71 71 79 77 77 81 88 100 100 89 89 89 33 3 60 60 111 105 105 99 97 97 -1 -1 -1 -1 -1 -1 -1 -1 -1 -1 -1 -1 -1 -1 -1 -1 -1 -1 -1 -1 -1 -1 -1 -1 -1 -1 -1 -1 -1 -1 -1 -1 -1 -1 -1 -1 -1 -1 -1 -1 -1 -1 -1 -1 -1 -1 -1 -1 96 101 112 112 106 95 95 0 6 6 30 25 31 31 39 65 65 85 96 101 101 95 94 94 93 90 90 78 58 44 44 38 27 27 0 0 0 0 0
10 2 0 0 0 0 0 0 0 0 0 18 13 13 6 107 107 106 77 -74 -74 0 68 68 72 61 61 22 1 -100 -100 0 0 0 0 41 113 113 113 105 105 113 96 96 -1 -1 -1 -1 -1 -1 -1 -1 -1 -1 -1 -1 -1 -1 -1 -1 -1 -1 -1 -1 -1 -1 -1 -1 -1 -1 -1 -1 -1 -1 -1 -1 -1 93 93 102 105 105 100 110 110 113 94 25 25 6 16 16 20 20 21 21 43 42 42 54 44 44 33 25 6 6 0 9 9 14 14 16 16 22 32 32 43 45 35 35 20 12 12 0 0 0 0 0 0 0 0 0 0 0 0 30 30 66 95 95 102 101 101 108 112 113 113 104 105 105 107 106 111 111 104 105 105 114 118 118 122 127 127 127 119 124 124 113 114 116 116 118 107 107 94 89 82 82 85 83 83 76 61 61 54 36 42 42 42 36 36 32 35 42 42 43 42 42 38 32 32 38 37 37 37 18 0 0 0 0 0 0 0 0 0 6 21 21 32 33 29 29 25 16 16 12 2 0 0 0 2 2 2 0 0 0 8 10 10 9 8 8 3 4 3 3 0 0 0 0 19 30 30 21 9 9 31 27 27 22 21 8 8 0 0 0 0 16 20 20 19 14 14 8 20 20 35 35 41 41 52 38 38 30 14 1 1 0 0 0 8 16 4 4 0 0 0 0 0 0 0 0 0 0 0 0 0 0 7 20 20 18 9 9 3 3 3 7 2 0 0 0 0 0 0 0 0 0 0 6 6 18 25 25 20 18 27 27 21 6 6 0 0 14 14 30 37 37 29 6 6 0 0 0 0 0 0 0 0 0 0 0 0 0 0 0 0 0 0 0 0 0 0 0 0 0 0 0 0 0 0 0 0 0 0 0 0 0 0 1 6 6 15 16 9 9 0 0 0 24 39 58 58 71 79 79 77 81 81 88 100 89 89 89 33 33 3 60 111 111 105 99 99 97 -1 -1 -1 -1 -1 -1 -1 -1 -1 -1 -1 -1 -1 -1 -1 -1 -1 -1 -1 -1 -1 -1 -1 -1 -1 -1 -1 -1 -1 -1 -1 -1 -1 -1 -1 -1 -1 -1 -1 -1 -1 -1 -1 -1 -1 -1 -1 -1 96 96 101 112 106 106 95 0 0 6 30 25 25 31 39 39 65 85 85 96 101 95 95 94 93 93 90 78 58 58 44 38 38 27 0 0 0 0 0 0
16 16 2 0 0 0 0 0 0 0 0 24 24 45 0 0 2 0 0 0 18 59 59 45 52 52 0 10 31 31 61 74 74 77 93 93 111 116 110 110 117 101 101 93 -1 -1 -1 -1 -1 -1 -1 -1 -1 -1 -1 -1 -1 -1 -1 -1 -1 -1 -1 -1 -1 -1 -1 -1 -1 -1 -1 -1 -1 -1 -1 -1 -1 96 104 104 104 104 113 113 107 64 20 20 0 12 12 19 8 8 3 13 32 32 37 41 41 31 22 20 20 13 10 10 20 19 19 27 33 37 37 45 61 61 55 32 20 20 12 0 0 0 0 0 0 0 0 0 0 0 0 0 31 70 70 100 111 111 112 118 107 107 112 111 111 113 118 118 117 113 113 113 113 114 114 127 127 127 127 119 107 107 91 105 105 94 102 96 96 90 83 83 65 79 67 67 70 66 66 59 53 39 39 39 31 31 22 21 21 29 42 47 47 44 37 37 27 30 26 26 25 1 1 0 0 0 0 0 0 0 10 26 26 35 35 30 30 22 18 18 9 2 2 0 0 0 0 2 6 6 0 0 6 6 6 7 7 9 8 3 3 0 0 0 0 0 0 19 20 13 13 1 29 29 30 18 13 13 0 0 0 0 0 0 10 0 0 0 0 1 1 26 42 38 38 45 58 58 19 4 4 0 0 0 0 0 0 0 7 0 0 0 0 0 0 0 0 0 0 0 0 0 0 0 0 10 21 16 16 9 6 6 6 7 0 0 0 0 0 0 0 0 0 12 16 16 14 15 15 18 19 21 21 26 18 18 0 0 0 0 18 29 29 32 20 20 4 0 0 0 0 0 0 0 0 0 0 0 0 0 0 0 0 0 0 0 0 0 0 0 0 0 0 0 0 0 0 0 0 0 0 0 0 0 0 0 0 4 9 9 9 0 0 0 0 13 13 29 41 48 48 50 48 48 60 74 96 96 90 74 74 33 -84 55 55 107 106 106 102 102 102 -1 -1 -1 -1 -1 -1 -1 -1 -1 -1 -1 -1 -1 -1 -1 -1 -1 -1 -1 -1 -1 -1 -1 -1 -1 -1 -1 -1 -1 -1 -1 -1 -1 -1 -1 -1 -1 -1 -1 -1 -1 -1 -1 -1 -1 -1 -1 -1 105 106 107 107 102 22 22 12 35 35 37 25 35 35 48 74 74 97 105 112 112 111 105 105 102 101 101 90 61 38 38 22 7 7 0 0 0 0 0
4 0 0 0 0 0 0 0 14 14 21 33 39 39 24 3 3 18 35 42 42 41 27 27 29 0 0 -1 106 113 113 114 110 110 120 112 112 112 106 -1 -1 -1 -1 -1 -1 -1 -1 -1 -1 -1 -1 -1 -1 -1 -1 -1 -1 -1 -1 -1 -1 -1 -1 -1 -1 -1 -1 -1 -1 -1 -1 -1 -1 -1 -1 93 100 108 108 111 117 117 93 10 10 0 7 25 25 29 14 14 8 7 16 16 22 36 36 32 24 24 20 22 22 22 25 31 31 22 36 45 45 48 55 55 65 47 16 16 4 3 3 0 0 0 0 0 0 0 0 0 0 0 0 49 49 83 101 101 117 119 119 117 119 118 118 125 127 127 127 127 124 124 114 119 119 120 118 118 117 116 111 111 101 99 99 87 84 78 78 70 67 67 58 48 60 60 49 52 52 55 49 49 48 37 31 31 13 12 12 9 16 30 30 38 43 43 43 38 38 38 32 26 26 0 0 0 0 0 0 0 10 24 24 35 38 38 35 30 20 20 10 0 0 0 0 2 2 12 14 14 9 0 0 0 4 6 6 2 7 7 7 0 0 0 0 0 0 0 19 9 9 4 0 0 19 20 20 4 2 0 0 0 0 0 0 10 0 0 0 0 0 0 14 14 27 25 43 43 47 0 0 0 0 0 0 0 0 0 18 20 2 2 0 0 0 0 0 0 0 1 10 10 19 9 9 0 9 16 16 14 13 13 16 14 14 10 0 0 0 0 0 0 0 7 19 19 20 7 7 3 7 7 13 18 32 32 18 0 0 0 0 7 7 12 8 8 10 0 0 0 0 0 0 0 0 0 0 0 0 0 0 0 0 0 0 0 0 0 0 0 0 0 0 0 0 0 0 0 0 0 0 0 0 0 0 0 0 0 2 2 4 0 0 0 0 0 0 6 16 30 30 33 38 38 35 54 54 72 93 91 91 44 4 4 -91 104 114 114 107 101 101 94 -1 -1 -1 -1 -1 -1 -1 -1 -1 -1 -1 -1 -1 -1 -1 -1 -1 -1 -1 -1 -1 -1 -1 -1 -1 -1 -1 -1 -1 -1 -1 -1 -1 -1 -1 -1 -1 -1 -1 -1 -1 -1 -1 -1 -1 -1 -1 94 101 101 118 110 85 85 0 58 58 55 38 25 25 42 59 59 88 108 108 112 114 116 116 111 104 104 104 100 77 77 53 31 31 8 0 0 0 0 0 0
4 4 0 0 0 0 0 0 0 14 21 33 33 39 24 24 3 18 18 35 42 41 41 27 29 29 0 -1 106 106 113 114 114 110 120 120 112 112 106 106 -1 -1 -1 -1 -1 -1 -1 -1 -1 -1 -1 -1 -1 -1 -1 -1 -1 -1 -1 -1 -1 -1 -1 -1 -1 -1 -1 -1 -1 -1 -1 -1 -1 -1 -1 93 93 100 108 111 111 117 93 93 10 0 7 7 25 29 29 14 8 8 7 16 22 22 36 32 32 24 20 22 22 22 25 25 31 22 22 36 45 48 48 55 65 65 47 16 4 4 3 0 0 0 0 0 0 0 0 0 0 0 0 0 49 83 83 101 117 117 119 117 119 119 118 125 125 127 127 127 127 124 114 114 119 120 120 118 117 116 116 111 101 101 99 87 87 84 78 70 70 67 58 58 48 60 49 49 52 55 55 49 48 37 37 31 13 13 12 9 9 16 30 38 38 43 43 43 38 38 32 32 26 0 0 0 0 0 0 0 10 10 24 35 35 38 35 30 30 20 10 10 0 0 0 0 2 12 12 14 9 9 0 0 4 4 6 2 2 7 7 0 0 0 0 0 0 0 0 19 9 4 4 0 19 19 20 4 2 2 0 0 0 0 0 0 10 0 0 0 0 0 0 14 27 25 25 43 47 47 0 0 0 0 0 0 0 0 18 18 20 2 0 0 0 0 0 0 0 1 1 10 19 19 9 0 0 9 16 14 14 13 16 16 14 10 0 0 0 0 0 0 0 0 7 19 20 20 7 3 3 7 13 18 18 32 18 18 0 0 0 0 7 12 12 8 10 10 0 0 0 0 0 0 0 0 0 0 0 0 0 0 0 0 0 0 0 0 0 0 0 0 0 0 0 0 0 0 0 0 0 0 0 0 0 0 0 0 0 2 4 0 0 0 0 0 0 6 6 16 30 33 33 38 35 35 54 72 93 93 91 44 44 4 -91 104 104 114 107 107 101 94 94 -1 -1 -1 -1 -1 -1 -1 -1 -1 -1 -1 -1 -1 -1 -1 -1 -1 -1 -1 -1 -1 -1 -1 -1 -1 -1 -1 -1 -1 -1 -1 -1 -1 -1 -1 -1 -1 -1 -1 -1 -1 -1 -1 -1 -1 -1 94 94 101 118 110 110 85 0 0 58 55 55 38 25 42 42 59 88 88 108 112 114 114 116 111 111 104 104 104 100 77 53 53 31 8 8 0 0 0 0 0
1 0 0 0 0 0 0 3 20 20 27 8 8 8 18 20 20 24 37 39 39 32 30 30 13 12 12 102 113 114 114 113 112 112 112 108 106 106 104 97 97 95 -1 -1 -1 -1 -1 -1 -1 -1 -1 -1 -1 -1 -1 -1 -1 -1 -1 -1 -1 -1 -1 -1 -1 -1 -1 -1 -1 -1 -1 -1 -1 -1 -1 -1 102 108 108 111 94 94 32 6 6 8 18 32 32 24 13 13 6 7 13 13 20 26 26 30 25 25 13 9 18 18 24 24 24 27 39 49 49 53 55 55 42 20 9 9 0 0 0 0 0 0 0 0 0 0 0 0 0 0 7 54 54 89 111 111 118 119 119 113 117 118 118 119 123 123 125 124 117 117 110 116 116 118 113 113 108 107 105 105 97 90 90 83 74 58 58 49 50 50 45 44 50 50 42 45 45 58 53 53 43 27 20 20 8 7 7 8 14 22 22 35 48 48 50 44 44 32 35 20 20 0 0 0 0 0 0 0 7 20 20 38 42 42 38 38 26 26 10 0 0 0 0 4 4 13 13 13 2 0 0 0 1 4 4 1 1 1 8 0 0 0 0 0 0 3 15 6 6 0 0 0 21 10 10 0 0 0 0 0 0 0 0 6 0 0 0 0 0 0 7 7 20 26 31 31 29 0 0 0 0 0 0 0 0 0 24 29 8 8 0 0 0 0 0 0 0 14 19 19 22 8 8 6 13 15 15 20 18 18 29 15 15 2 0 0 0 0 0 0 0 14 13 13 10 10 10 14 20 20 22 19 33 33 14 0 0 0 0 0 0 0 0 0 0 0 0 0 0 0 0 0 0 0 0 0 0 0 0 0 0 0 0 0 0 0 0 0 0 0 0 0 0 0 0 0 0 0 0 0 0 0 0 0 0 0 0 0 1 0 0 0 0 0 0 2 16 29 29 32 42 42 45 53 53 59 36 21 21 25 32 32 49 104 113 113 104 104 104 -1 -1 -1 -1 -1 -1 -1 -1 -1 -1 -1 -1 -1 -1 -1 -1 -1 -1 -1 -1 -1 -1 -1 -1 -1 -1 -1 -1 -1 -1 -1 -1 -1 -1 -1 -1 -1 -1 -1 -1 -1 -1 -1 -1 -1 -1 -1 -1 96 111 111 112 110 48 48 0 58 58 44 16 10 10 7 2 2 47 105 105 108 113 105 105 104 90 90 93 93 85 85 58 41 41 22 2 2 0 0 1 1
1 1 0 0 0 0 0 3 3 20 27 8 8 8 18 18 20 24 24 37 39 32 32 30 13 13 12 102 113 113 114 113 113 112 112 112 108 106 104 104 97 95 95 -1 -1 -1 -1 -1 -1 -1 -1 -1 -1 -1 -1 -1 -1 -1 -1 -1 -1 -1 -1 -1 -1 -1 -1 -1 -1 -1 -1 -1 -1 -1 -1 -1 -1 102 108 111 111 94 32 32 6 8 18 18 32 24 24 13 6 6 7 13 20 20 26 30 30 25 13 9 9 18 24 24 24 27 27 39 49 53 53 55 42 42 20 9 0 0 0 0 0 0 0 0 0 0 0 0 0 0 0 7 54 89 89 111 118 118 119 113 117 117 118 119 119 123 125 125 124 117 110 110 116 118 118 113 108 107 107 105 97 97 90 83 83 74 58 49 49 50 45 45 44 50 42 42 45 58 58 53 43 27 27 20 8 8 7 8 8 14 22 35 35 48 50 50 44 32 35 35 20 0 0 0 0 0 0 0 7 7 20 38 38 42 38 38 38 26 10 10 0 0 0 0 4 13 13 13 2 2 0 0 1 1 4 1 1 1 8 0 0 0 0 0 0 3 3 15 6 0 0 0 21 21 10 0 0 0 0 0 0 0 0 0 6 0 0 0 0 0 0 7 20 26 26 31 29 29 0 0 0 0 0 0 0 0 24 24 29 8 0 0 0 0 0 0 0 14 14 19 22 22 8 6 6 13 15 20 20 18 29 29 15 2 0 0 0 0 0 0 0 0 14 13 10 10 10 14 14 20 22 19 19 33 14 14 0 0 0 0 0 0 0 0 0 0 0 0 0 0 0 0 0 0 0 0 0 0 0 0 0 0 0 0 0 0 0 0 0 0 0 0 0 0 0 0 0 0 0 0 0 0 0 0 0 0 0 0 1 0 0 0 0 0 0 2 2 16 29 32 32 42 45 45 53 59 36 36 21 25 25 32 49 104 104 113 104 104 104 -1 -1 -1 -1 -1 -1 -1 -1 -1 -1 -1 -1 -1 -1 -1 -1 -1 -1 -1 -1 -1 -1 -1 -1 -1 -1 -1 -1 -1 -1 -1 -1 -1 -1 -1 -1 -1 -1 -1 -1 -1 -1 -1 -1 -1 -1 -1 -1 96 96 111 112 110 110 48 0 0 58 44 44 16 10 7 7 2 47 47 105 108 113 113 105 104 104 90 93 93 93 85 58 58 41 22 22 2 0 0 0 1
10 0 0 0 0 2 2 25 37 37 26 0 20 20 0 4 4 36 47 39 39 29 43 43 2 47 47 110 113 118 118 108 107 107 106 104 100 100 97 94 94 91 -1 -1 -1 -1 -1 -1 -1 -1 -1 -1 -1 -1 -1 -1 -1 -1 -1 -1 -1 -1 -1 -1 -1 -1 -1 -1 -1 -1 -1 -1 -1 -1 -1 97 108 106 106 106 36 36 4 27 27 43 32 24 24 19 9 9 4 7 12 12 19 24 24 22 16 16 12 13 25 25 29 27 27 27 47 49 49 45 42 42 22 0 0 0 0 0 0 0 0 0 0 0 0 0 0 0 0 0 15 61 61 93 110 110 117 114 114 108 112 111 111 113 116 116 114 111 104 104 99 102 102 104 99 99 88 79 77 77 76 73 73 66 55 42 42 31 27 27 30 33 32 32 33 39 39 55 53 53 48 32 24 24 8 0 0 2 10 22 22 35 43 43 39 27 27 13 18 4 4 0 0 0 0 0 0 0 10 20 20 37 42 42 41 42 29 29 15 0 0 0 0 4 4 15 15 15 2 0 0 0 0 1 1 0 0 0 0 0 0 0 0 0 0 1 0 0 0 0 0 0 10 0 0 0 0 0 0 0 0 0 0 3 0 0 0 0 0 0 0 0 0 6 13 13 4 0 0 0 0 0 0 0 0 0 29 32 4 4 0 0 0 0 0 0 9 22 41 41 41 26 26 20 22 21 21 22 16 16 19 0 0 0 0 0 0 0 3 3 14 21 24 24 26 26 26 30 36 36 35 30 16 16 0 0 0 0 0 0 0 0 0 0 0 0 0 0 0 0 0 0 0 0 0 0 0 0 0 0 0 0 0 0 0 0 0 0 0 0 0 0 0 0 0 0 0 0 0 0 0 0 0 0 0 0 1 1 0 0 0 0 0 0 0 0 8 22 22 30 33 33 54 48 48 22 37 37 37 52 90 90 107 116 108 108 104 99 99 89 -1 -1 -1 -1 -1 -1 -1 -1 -1 -1 -1 -1 -1 -1 -1 -1 -1 -1 -1 -1 -1 -1 -1 -1 -1 -1 -1 -1 -1 -1 -1 -1 -1 -1 -1 -1 -1 -1 -1 -1 -1 -1 -1 -1 -1 -1 -1 -1 104 104 110 111 68 68 3 18 18 19 20 26 26 27 38 38 13 56 56 113 118 111 111 96 82 82 82 81 76 76 54 43 43 33 14 14 9 8 9 9
0 0 0 7 15 15 25 38 38 14 0 47 47 77 44 44 0 14 14 45 35 19 19 47 0 0 67 112 110 110 111 105 105 102 99 99 96 -1 -1 -1 -1 -1 -1 -1 -1 -1 -1 -1 -1 -1 -1 -1 -1 -1 -1 -1 -1 -1 -1 -1 -1 -1 -1 -1 -1 -1 -1 -1 -1 -1 -1 -1 -1 -1 -1 99 99 99 107 106 106 0 37 37 45 38 31 31 18 10 10 4 2 2 4 9 15 15 20 19 19 16 12 16 16 29 36 36 31 30 30 41 31 21 21 15 0 0 0 0 0 0 0 0 0 0 0 0 0 0 0 0 0 0 0 25 66 95 95 107 110 110 101 94 94 94 94 95 95 96 95 95 90 84 81 81 84 87 87 82 68 55 55 50 50 50 49 50 50 38 30 20 20 12 18 18 24 13 29 29 41 59 59 56 54 36 36 25 7 7 0 4 4 13 20 24 24 24 12 12 0 0 0 0 0 0 0 0 0 0 0 10 19 19 22 37 37 42 44 44 44 30 15 15 0 0 0 1 10 16 16 13 0 0 0 0 0 0 0 0 0 0 0 0 0 0 0 0 3 2 2 0 0 0 0 0 3 3 0 0 0 0 0 0 0 0 0 0 4 0 0 0 0 0 0 0 0 0 0 1 0 0 0 0 0 0 0 3 3 15 25 25 10 0 0 0 0 0 0 18 27 37 37 49 48 48 36 29 29 29 29 24 24 19 9 9 0 0 0 0 0 0 0 15 24 24 37 33 31 31 29 27 27 27 21 16 16 0 0 0 0 0 0 0 0 0 0 0 0 0 0 0 0 0 0 0 0 0 0 0 0 0 0 0 0 0 0 0 0 0 0 0 0 0 0 0 0 0 0 0 0 0 0 0 0 0 0 0 0 0 0 1 1 0 0 0 0 0 0 4 4 8 24 41 41 42 43 43 3 38 87 87 102 104 104 118 119 117 117 112 112 112 106 95 95 91 -1 -1 -1 -1 -1 -1 -1 -1 -1 -1 -1 -1 -1 -1 -1 -1 -1 -1 -1 -1 -1 -1 -1 -1 -1 -1 -1 -1 -1 -1 -1 -1 -1 -1 -1 -1 -1 -1 -1 -1 -1 -1 -1 -1 -1 -1 -1 104 111 107 107 102 60 60 53 62 62 72 88 107 107 107 54 54 7 93 101 101 104 84 84 71 67 67 60 56 39 39 33 29 29 21 15 14 14 10
0 0 7 7 15 25 25 38 14 14 0 47 77 77 44 0 0 14 45 35 35 19 47 47 0 67 67 112 110 111 111 105 102 102 99 96 -1 -1 -1 -1 -1 -1 -1 -1 -1 -1 -1 -1 -1 -1 -1 -1 -1 -1 -1 -1 -1 -1 -1 -1 -1 -1 -1 -1 -1 -1 -1 -1 -1 -1 -1 -1 -1 -1 -1 99 99 107 107 106 0 0 37 45 45 38 31 18 18 10 4 4 2 4 9 9 15 20 20 19 16 16 12 16 29 29 36 31 31 30 41 31 31 21 15 15 0 0 0 0 0 0 0 0 0 0 0 0 0 0 0 0 0 0 25 66 66 95 107 107 110 101 101 94 94 94 94 95 96 96 95 90 84 84 81 84 84 87 82 82 68 55 50 50 50 49 49 50 38 30 30 20 12 12 18 24 13 13 29 41 41 59 56 56 54 36 25 25 7 0 0 4 13 20 20 24 24 24 12 0 0 0 0 0 0 0 0 0 0 0 10 10 19 22 22 37 42 42 44 44 30 30 15 0 0 0 1 10 10 16 13 13 0 0 0 0 0 0 0 0 0 0 0 0 0 0 0 3 3 2 0 0 0 0 0 0 3 0 0 0 0 0 0 0 0 0 0 4 0 0 0 0 0 0 0 0 0 0 1 1 0 0 0 0 0 0 0 3 15 15 25 10 0 0 0 0 0 0 18 18 27 37 49 49 48 36 36 29 29 29 29 24 19 19 9 0 0 0 0 0 0 0 15 15 24 37 33 33 31 29 29 27 27 27 21 16 0 0 0 0 0 0 0 0 0 0 0 0 0 0 0 0 0 0 0 0 0 0 0 0 0 0 0 0 0 0 0 0 0 0 0 0 0 0 0 0 0 0 0 0 0 0 0 0 0 0 0 0 0 0 1 1 1 0 0 0 0 0 0 4 8 24 24 41 42 42 43 3 3 38 87 102 102 104 118 118 119 117 112 112 112 106 106 95 91 -1 -1 -1 -1 -1 -1 -1 -1 -1 -1 -1 -1 -1 -1 -1 -1 -1 -1 -1 -1 -1 -1 -1 -1 -1 -1 -1 -1 -1 -1 -1 -1 -1 -1 -1 -1 -1 -1 -1 -1 -1 -1 -1 -1 -1 -1 -1 104 104 111 107 102 102 60 53 53 62 72 88 88 107 107 107 54 7 7 93 101 104 104 84 71 71 67 60 56 56 39 33 33 29 21 21 15 14 10 10
0 0 3 2 0 0 2 4 4 -61 26 105 105 106 101 101 0 13 13 43 27 14 14 55 0 0 73 114 113 113 116 99 99 96 -1 -1 -1 -1 -1 -1 -1 -1 -1 -1 -1 -1 -1 -1 -1 -1 -1 -1 -1 -1 -1 -1 -1 -1 -1 -1 -1 -1 -1 -1 -1 -1 -1 -1 -1 -1 -1 -1 -1 -1 96 102 102 112 93 87 87 0 67 67 54 36 32 32 20 13 13 6 3 3 6 12 18 18 22 26 26 24 21 22 22 31 35 35 35 32 32 21 3 0 0 0 0 0 0 0 0 0 0 0 0 0 0 0 0 0 0 0 0 12 12 36 66 88 88 97 93 93 79 66 65 65 68 72 72 74 74 74 70 64 59 59 68 73 73 71 56 42 42 36 33 33 33 32 32 26 24 19 19 13 12 12 9 1 29 29 43 61 61 60 56 38 38 22 3 3 8 8 8 6 0 0 0 0 0 0 0 0 0 0 0 0 0 0 0 0 0 19 24 24 24 36 36 39 39 36 36 19 9 9 1 8 8 12 13 9 9 3 0 0 0 0 0 0 0 0 0 0 0 0 0 0 0 0 4 3 3 0 0 2 2 2 0 0 0 0 0 0 0 3 3 8 9 9 12 4 6 6 7 0 0 1 10 13 13 6 0 0 0 0 0 2 16 21 21 24 13 13 0 0 0 0 0 18 18 37 43 48 48 52 49 49 39 35 35 36 36 30 30 22 0 0 0 0 0 0 0 3 3 18 20 20 39 27 12 12 0 0 0 0 0 0 0 0 0 0 0 0 0 0 0 0 0 0 0 0 0 0 0 0 0 0 0 0 0 0 0 0 0 0 0 0 0 0 0 0 0 0 0 0 0 0 0 0 0 0 0 0 0 0 0 0 0 0 0 0 0 2 1 0 0 0 0 0 2 12 12 16 35 54 54 53 19 19 13 102 117 117 116 117 117 116 112 122 122 118 110 110 108 104 104 96 94 -1 -1 -1 -1 -1 -1 -1 -1 -1 -1 -1 -1 -1 -1 -1 -1 -1 -1 -1 -1 -1 -1 -1 -1 -1 -1 -1 -1 -1 -1 -1 -1 -1 -1 -1 -1 -1 -1 -1 -1 -1 -1 -1 -1 -1 -1 97 102 96 96 112 107 107 111 116 116 113 114 114 114 120 105 105 -44 16 64 64 105 77 77 61 53 53 47 44 29 29 24 22 22 19 13 7 7 3
0 3 2 2 0 2 2 4 -61 -61 26 105 106 106 101 0 0 13 43 27 27 14 55 55 0 73 73 114 113 116 116 99 96 96 -1 -1 -1 -1 -1 -1 -1 -1 -1 -1 -1 -1 -1 -1 -1 -1 -1 -1 -1 -1 -1 -1 -1 -1 -1 -1 -1 -1 -1 -1 -1 -1 -1 -1 -1 -1 -1 -1 -1 96 96 102 112 93 93 87 0 0 67 54 54 36 32 20 20 13 6 6 3 6 12 12 18 22 22 26 24 24 21 22 31 31 35 35 35 32 21 3 3 0 0 0 0 0 0 0 0 0 0 0 0 0 0 0 0 0 0 0 0 12 36 66 66 88 97 97 93 79 79 66 65 68 68 72 74 74 74 70 64 64 59 68 68 73 71 71 56 42 36 36 33 33 33 32 26 24 24 19 13 13 12 9 1 1 29 43 43 61 60 60 56 38 22 22 3 8 8 8 6 0 0 0 0 0 0 0 0 0 0 0 0 0 0 0 0 0 19 19 24 24 24 36 39 39 39 36 19 19 9 1 1 8 12 13 13 9 3 3 0 0 0 0 0 0 0 0 0 0 0 0 0 0 0 4 4 3 0 0 0 2 2 2 0 0 0 0 0 0 0 3 8 8 9 12 4 4 6 7 7 0 1 1 10 13 6 6 0 0 0 0 2 16 16 21 24 24 13 0 0 0 0 0 0 18 37 37 43 48 52 52 49 39 39 35 36 36 36 30 22 22 0 0 0 0 0 0 0 3 18 18 20 39 27 27 12 0 0 0 0 0 0 0 0 0 0 0 0 0 0 0 0 0 0 0 0 0 0 0 0 0 0 0 0 0 0 0 0 0 0 0 0 0 0 0 0 0 0 0 0 0 0 0 0 0 0 0 0 0 0 0 0 0 0 0 0 0 2 2 1 0 0 0 0 2 2 12 16 35 35 54 53 53 19 13 13 102 117 116 116 117 116 116 112 122 118 118 110 108 108 104 96 94 94 -1 -1 -1 -1 -1 -1 -1 -1 -1 -1 -1 -1 -1 -1 -1 -1 -1 -1 -1 -1 -1 -1 -1 -1 -1 -1 -1 -1 -1 -1 -1 -1 -1 -1 -1 -1 -1 -1 -1 -1 -1 -1 -1 -1 -1 97 97 102 96 112 112 107 111 111 116 113 114 114 114 120 120 105 -44 -44 16 64 105 105 77 61 61 53 47 44 44 29 24 24 22 19 19 13 7 3 3
59 59 73 42 35 35 41 35 35 77 91 110 110 108 107 107 -105 14 14 35 26 26 26 68 0 0 81 106 106 106 108 -1 -1 -1 -1 -1 -1 -1 -1 -1 -1 -1 -1 -1 -1 -1 -1 -1 -1 -1 -1 -1 -1 -1 -1 -1 -1 -1 -1 -1 -1 -1 -1 -1 -1 -1 -1 -1 -1 -1 -1 -1 -1 -1 97 104 104 118 76 49 49 14 73 73 72 48 44 44 27 19 19 12 9 9 10 16 24 24 30 36 36 37 37 35 35 33 36 36 37 35 35 10 0 0 0 0 0 0 0 0 0 0 0 0 0 0 0 0 0 0 0 0 15 29 29 41 59 74 74 82 74 74 55 41 38 38 41 49 49 55 56 56 52 48 48 48 62 65 65 61 50 39 39 32 29 29 25 26 26 27 27 29 29 31 18 18 2 0 27 27 43 64 64 62 56 30 30 9 0 0 8 2 2 0 0 0 0 0 0 0 0 0 0 0 0 0 0 0 0 0 13 25 20 20 21 30 30 31 30 21 21 7 3 3 10 18 18 15 2 0 0 0 0 0 0 0 0 0 0 0 0 0 0 0 0 0 0 0 1 4 4 1 1 3 3 0 0 0 0 7 13 13 15 14 14 15 20 20 18 12 10 10 9 1 1 3 20 20 20 15 6 6 18 18 18 32 41 37 37 38 22 22 13 12 16 16 22 36 36 45 44 44 44 39 37 37 36 35 35 38 39 36 36 29 0 0 0 0 0 0 0 3 3 6 0 0 7 0 0 0 0 0 0 0 0 0 0 0 0 0 0 0 0 0 0 0 0 0 0 0 0 0 0 0 0 0 0 0 0 0 0 0 0 0 0 0 0 0 0 0 0 0 0 0 0 0 0 0 0 0 0 0 0 0 0 0 0 0 0 0 0 1 2 4 4 8 18 18 9 14 14 20 38 52 52 55 0 0 24 -1 105 105 105 112 112 111 116 113 113 117 119 119 118 111 111 102 99 -1 -1 -1 -1 -1 -1 -1 -1 -1 -1 -1 -1 -1 -1 -1 -1 -1 -1 -1 -1 -1 -1 -1 -1 -1 -1 -1 -1 -1 -1 -1 -1 -1 -1 -1 -1 -1 -1 -1 -1 -1 -1 -1 -1 -1 -1 -1 -1 95 95 101 106 106 114 112 112 110 111 111 111 116 114 114 -1 0 27 27 73 74 74 61 53 53 43 44 32 32 31 30 30 20 10 1 1 0
108 117 108 108 110 108 108 113 106 106 111 108 114 114 111 13 13 10 9 1 1 4 35 35 0 97 97 114 113 110 110 -1 -1 -1 -1 -1 -1 -1 -1 -1 -1 -1 -1 -1 -1 -1 -1 -1 -1 -1 -1 -1 -1 -1 -1 -1 -1 -1 -1 -1 -1 -1 -1 -1 -1 -1 -1 -1 -1 -1 -1 -1 -1 101 101 106 105 73 73 -53 32 32 90 91 91 61 53 35 35 29 24 24 25 24 24 24 30 37 37 42 45 45 48 44 37 37 37 37 37 33 6 0 0 0 6 6 7 7 0 0 0 0 0 0 0 0 0 0 0 0 13 29 29 35 38 47 47 56 61 61 53 37 37 24 20 24 24 30 39 39 41 37 37 37 37 53 53 59 60 60 55 48 38 38 29 21 21 26 30 31 31 36 39 39 25 6 2 2 30 44 44 61 59 59 47 12 0 0 0 0 0 0 0 0 0 0 0 0 0 0 0 1 1 0 0 3 8 8 15 22 29 29 19 20 20 25 21 21 14 6 0 0 4 18 18 19 7 0 0 0 0 0 0 0 0 0 0 0 0 0 0 0 0 0 0 0 0 3 3 2 0 2 2 0 0 0 0 0 0 14 20 19 19 15 18 18 27 26 22 22 15 10 10 0 0 0 8 15 15 15 18 35 35 31 37 41 41 38 44 44 36 35 27 27 26 25 25 32 36 36 30 30 14 14 13 21 21 30 38 45 45 45 44 44 18 2 2 0 0 0 0 0 0 0 0 0 0 0 0 0 0 0 0 0 0 0 0 0 0 0 0 0 0 0 0 0 0 0 0 0 0 0 0 0 0 0 0 0 0 0 0 0 0 0 0 0 0 0 0 0 0 0 0 0 0 0 0 0 0 0 0 0 0 0 0 0 0 0 0 0 0 0 2 16 27 27 38 19 19 18 20 29 29 37 39 39 7 18 18 -51 -50 36 36 41 41 41 43 29 64 64 111 117 117 112 108 106 106 97 95 95 -1 -1 -1 -1 -1 -1 -1 -1 -1 -1 -1 -1 -1 -1 -1 -1 -1 -1 -1 -1 -1 -1 -1 -1 -1 -1 -1 -1 -1 -1 -1 -1 -1 -1 -1 -1 -1 -1 -1 -1 -1 -1 -1 -1 -1 -1 -1 -1 99 104 104 99 102 105 105 112 110 110 113 108 108 78 42 36 36 68 66 66 60 45 47 47 38 37 37 37 29 29 15 2 0 0
108 108 117 108 110 110 108 113 113 106 111 108 108 114 111 111 13 10 10 9 1 4 4 35 0 0 97 114 113 113 110 -1 -1 -1 -1 -1 -1 -1 -1 -1 -1 -1 -1 -1 -1 -1 -1 -1 -1 -1 -1 -1 -1 -1 -1 -1 -1 -1 -1 -1 -1 -1 -1 -1 -1 -1 -1 -1 -1 -1 -1 -1 -1 -1 101 106 106 105 73 -53 -53 32 90 90 91 61 53 53 35 29 29 24 25 25 24 24 30 30 37 42 42 45 48 44 44 37 37 37 37 33 33 6 0 0 0 6 7 7 7 0 0 0 0 0 0 0 0 0 0 0 13 13 29 35 35 38 47 56 56 61 53 53 37 24 20 20 24 30 30 39 41 41 37 37 37 37 53 59 59 60 55 48 48 38 29 29 21 26 26 30 31 36 36 39 25 25 6 2 30 30 44 61 61 59 47 12 12 0 0 0 0 0 0 0 0 0 0 0 0 0 0 1 1 1 0 3 3 8 15 15 22 29 19 19 20 25 25 21 14 6 6 0 4 4 18 19 19 7 0 0 0 0 0 0 0 0 0 0 0 0 0 0 0 0 0 0 0 0 3 2 2 0 2 0 0 0 0 0 0 14 20 20 19 15 15 18 27 27 26 22 15 15 10 0 0 0 8 15 15 15 18 18 35 31 31 37 41 38 38 44 36 36 35 27 26 26 25 32 32 36 30 30 30 14 13 13 21 30 30 38 45 45 45 44 18 18 2 0 0 0 0 0 0 0 0 0 0 0 0 0 0 0 0 0 0 0 0 0 0 0 0 0 0 0 0 0 0 0 0 0 0 0 0 0 0 0 0 0 0 0 0 0 0 0 0 0 0 0 0 0 0 0 0 0 0 0 0 0 0 0 0 0 0 0 0 0 0 0 0 0 0 0 2 16 16 27 38 38 19 18 18 20 29 37 37 39 7 7 18 -51 -50 -50 36 41 41 41 43 29 29 64 111 111 117 112 112 108 106 97 97 95 -1 -1 -1 -1 -1 -1 -1 -1 -1 -1 -1 -1 -1 -1 -1 -1 -1 -1 -1 -1 -1 -1 -1 -1 -1 -1 -1 -1 -1 -1 -1 -1 -1 -1 -1 -1 -1 -1 -1 -1 -1 -1 -1 -1 -1 -1 -1 -1 99 99 104 99 99 102 105 112 112 110 113 113 108 78 42 42 36 68 68 66 60 60 45 47 38 38 37 37 37 29 15 2 2 0
117 113 117 117 113 108 108 117 113 113 107 116 108 108 117 82 82 60 32 35 35 30 35 35 10 106 106 112 110 99 99 -1 -1 -1 -1 -1 -1 -1 -1 -1 -1 -1 -1 -1 -1 -1 -1 -1 -1 -1 -1 -1 -1 -1 -1 -1 -1 -1 -1 -1 -1 -1 -1 -1 -1 -1 -1 -1 -1 -1 -1 -1 94 102 102 107 111 64 64 -61 37 37 91 94 94 83 62 58 58 55 54 54 54 47 39 39 38 43 43 45 47 47 47 42 33 33 33 33 33 27 0 0 0 2 10 10 6 6 0 0 0 0 0 0 0 0 0 0 0 0 18 31 31 26 27 30 30 36 38 38 33 25 25 16 13 14 14 20 26 26 26 24 26 26 31 42 42 50 55 55 52 44 39 39 35 30 30 27 31 33 33 37 37 37 29 16 8 8 35 41 41 50 42 42 29 0 0 0 0 0 0 0 0 0 0 0 0 0 9 21 21 20 20 18 18 18 16 16 19 21 24 24 22 21 21 22 9 9 0 0 0 0 0 6 6 2 0 0 0 0 0 0 0 0 0 0 0 0 0 0 0 0 0 0 0 0 6 2 2 0 0 0 0 0 0 0 0 0 0 0 8 16 16 19 19 19 32 35 29 29 16 8 8 0 0 0 0 0 7 7 18 33 33 31 33 35 35 32 38 38 37 37 29 29 24 18 18 13 12 12 10 16 7 7 6 21 21 32 38 49 49 49 49 49 25 4 4 0 0 0 0 0 0 0 0 0 0 0 0 0 0 0 0 0 0 0 0 0 0 0 0 0 0 0 0 0 0 0 0 0 0 0 0 0 0 0 0 0 0 0 0 0 0 0 0 0 0 0 0 0 0 0 0 0 0 0 0 0 0 0 0 0 0 0 0 0 0 0 0 0 0 0 1 20 38 38 49 29 29 24 20 20 20 22 30 30 35 15 15 12 -64 -67 -67 -69 -93 -93 -120 0 54 54 113 117 117 114 116 113 113 100 97 97 -1 -1 -1 -1 -1 -1 -1 -1 -1 -1 -1 -1 -1 -1 -1 -1 -1 -1 -1 -1 -1 -1 -1 -1 -1 -1 -1 -1 -1 -1 -1 -1 -1 -1 -1 -1 -1 -1 -1 -1 -1 -1 -1 -1 -1 -1 -1 -1 -1 -1 -1 -1 99 105 105 94 100 100 110 110 110 114 72 22 22 50 61 61 66 52 48 48 38 39 39 36 35 35 22 13 4 4
108 108 111 102 102 102 111 99 99 101 104 108 108 111 110 110 106 108 108 105 105 100 100 87 77 77 111 106 107 107 105 93 93 -1 -1 -1 -1 -1 -1 -1 -1 -1 -1 -1 -1 -1 -1 -1 -1 -1 -1 -1 -1 -1 -1 -1 -1 -1 -1 -1 -1 -1 -1 -1 -1 -1 -1 -1 -1 -1 -1 -1 95 95 102 107 107 111 -28 -77 -77 50 96 96 99 85 71 71 84 84 84 87 84 84 72 56 50 50 53 50 50 47 42 33 33 24 26 26 26 21 21 1 0 6 6 7 0 0 0 0 0 0 0 0 0 0 0 0 0 2 20 20 31 15 15 16 19 22 22 25 21 21 18 15 14 14 12 13 13 16 18 18 15 20 25 25 36 39 39 39 33 29 29 33 43 43 47 43 43 42 45 45 45 42 44 44 41 26 31 31 32 35 35 26 16 0 0 0 8 8 8 2 2 0 0 0 0 7 19 19 22 24 24 24 24 19 19 13 13 13 19 21 24 24 21 16 16 0 0 0 0 0 0 0 0 0 0 0 0 0 0 0 0 0 0 0 0 0 0 0 0 0 0 0 0 0 2 2 0 0 0 0 0 0 0 0 0 0 0 0 0 0 14 25 25 22 31 31 37 26 12 12 0 0 0 0 0 0 0 0 20 20 36 39 39 43 45 43 43 43 44 44 38 32 31 31 18 3 3 0 1 15 15 18 14 14 29 32 32 30 35 27 27 26 8 8 0 0 0 0 0 0 0 0 0 0 0 0 0 0 0 0 0 0 0 0 0 0 0 0 0 0 0 0 0 0 0 0 0 0 0 0 0 0 0 0 0 0 0 0 0 0 0 0 0 0 0 0 0 0 0 0 0 0 0 0 0 0 0 0 0 0 0 0 0 0 0 0 0 0 0 0 0 14 14 33 49 49 32 25 25 16 13 14 14 16 18 18 27 20 49 49 -42 -44 -44 -79 -81 -47 -47 77 71 71 45 62 62 94 114 102 102 99 95 95 -1 -1 -1 -1 -1 -1 -1 -1 -1 -1 -1 -1 -1 -1 -1 -1 -1 -1 -1 -1 -1 -1 -1 -1 -1 -1 -1 -1 -1 -1 -1 -1 -1 -1 -1 -1 -1 -1 -1 -1 -1 -1 -1 -1 -1 -1 -1 -1 -1 -1 -1 -1 88 -1 -1 -1 111 111 116 120 104 104 -32 24 24 49 68 68 56 53 43 43 42 39 39 33 25 18 18 10
108 111 102 102 102 111 111 99 101 101 104 108 111 111 110 106 106 108 105 105 105 100 87 87 77 111 111 106 107 105 105 93 -1 -1 -1 -1 -1 -1 -1 -1 -1 -1 -1 -1 -1 -1 -1 -1 -1 -1 -1 -1 -1 -1 -1 -1 -1 -1 -1 -1 -1 -1 -1 -1 -1 -1 -1 -1 -1 -1 -1 -1 95 102 102 107 111 -28 -28 -77 50 50 96 99 99 85 71 84 84 84 87 87 84 72 56 56 50 53 53 50 47 47 42 33 24 24 26 26 26 21 1 0 0 6 7 7 0 0 0 0 0 0 0 0 0 0 0 0 2 2 20 31 31 15 16 19 19 22 25 25 21 18 18 15 14 12 12 13 16 16 18 15 20 20 25 36 36 39 39 39 33 29 33 33 43 47 47 43 42 45 45 45 42 42 44 41 26 26 31 32 32 35 26 26 16 0 0 0 8 8 8 2 0 0 0 0 7 7 19 22 22 24 24 24 24 19 13 13 13 19 21 21 24 21 21 16 0 0 0 0 0 0 0 0 0 0 0 0 0 0 0 0 0 0 0 0 0 0 0 0 0 0 0 0 0 0 2 0 0 0 0 0 0 0 0 0 0 0 0 0 0 14 14 25 22 22 31 37 26 26 12 0 0 0 0 0 0 0 0 0 20 36 36 39 43 45 45 43 43 43 44 38 32 32 31 18 18 3 0 0 1 15 18 18 14 29 29 32 30 35 35 27 26 26 8 0 0 0 0 0 0 0 0 0 0 0 0 0 0 0 0 0 0 0 0 0 0 0 0 0 0 0 0 0 0 0 0 0 0 0 0 0 0 0 0 0 0 0 0 0 0 0 0 0 0 0 0 0 0 0 0 0 0 0 0 0 0 0 0 0 0 0 0 0 0 0 0 0 0 0 0 0 0 14 33 33 49 32 32 25 16 13 13 14 16 16 18 27 27 20 49 -42 -42 -44 -79 -79 -81 -47 77 77 71 45 45 62 94 114 114 102 99 99 95 -1 -1 -1 -1 -1 -1 -1 -1 -1 -1 -1 -1 -1 -1 -1 -1 -1 -1 -1 -1 -1 -1 -1 -1 -1 -1 -1 -1 -1 -1 -1 -1 -1 -1 -1 -1 -1 -1 -1 -1 -1 -1 -1 -1 -1 -1 -1 -1 -1 -1 -1 -1 88 88 -1 -1 -1 111 116 116 120 104 -32 -32 24 49 49 68 56 53 53 43 42 42 39 33 33 25 18 10 10
113 113 110 111 102 102 102 96 96 95 95 95 95 96 100 100 104 110 110 112 111 111 111 112 108 108 107 104 101 101 96 -1 -1 -1 -1 -1 -1 -1 -1 -1 -1 -1 -1 -1 -1 -1 -1 -1 -1 -1 -1 -1 -1 -1 -1 -1 -1 -1 -1 -1 -1 -1 -1 -1 -1 -1 -1 -1 -1 -1 -1 -1 96 96 105 107 107 112 47 -94 -94 62 99 99 104 93 97 97 106 114 114 117 114 114 100 76 54 54 48 38 38 26 15 10 10 16 22 22 20 22 22 2 0 3 3 3 1 1 0 0 0 0 0 0 0 0 0 0 0 8 10 10 13 12 12 12 8 8 8 13 12 12 13 16 14 14 8 8 8 2 1 1 1 31 44 44 45 41 41 36 27 21 21 31 44 44 49 48 48 50 59 65 65 64 73 73 72 37 35 35 24 21 21 12 0 0 0 7 26 26 32 27 27 21 14 14 14 19 25 25 29 42 37 37 35 24 24 14 12 12 16 16 12 12 10 0 0 0 0 0 0 0 0 0 0 0 0 0 0 0 0 0 0 0 0 0 0 0 0 0 0 0 0 0 0 0 0 0 0 0 0 0 0 0 0 0 0 0 0 0 0 0 4 21 21 20 15 15 20 16 7 7 1 0 0 0 0 0 0 0 21 21 42 49 49 62 67 54 54 49 38 38 42 41 38 38 26 3 3 0 1 14 14 13 3 3 15 9 9 7 3 13 13 13 0 0 0 0 0 0 0 0 0 0 0 0 2 0 7 7 7 0 0 0 1 3 3 8 0 0 0 0 0 0 0 0 0 0 0 0 0 0 0 0 0 0 0 0 0 0 0 0 0 0 0 0 0 0 0 0 0 0 0 0 0 0 0 0 0 0 0 0 0 0 0 0 0 0 0 0 0 0 0 6 6 10 30 30 32 24 24 18 9 8 8 0 3 3 0 1 13 13 16 2 2 0 0 21 21 -59 -69 -69 -116 20 20 82 116 107 107 104 95 95 -1 -1 -1 -1 -1 -1 -1 -1 -1 -1 -1 -1 -1 -1 -1 -1 -1 -1 -1 -1 -1 -1 -1 -1 -1 -1 -1 -1 -1 -1 -1 -1 -1 -1 -1 -1 -1 -1 -1 -1 -1 -1 -1 -1 -1 -1 -1 -1 -1 -1 -1 -1 -1 -1 -1 -1 95 95 101 107 107 107 104 42 42 21 52 52 79 73 67 67 59 37 37 30 20 19 19 15
113 110 111 111 102 102 102 96 95 95 95 95 96 96 100 104 104 110 112 111 111 111 112 112 108 107 107 104 101 96 96 -1 -1 -1 -1 -1 -1 -1 -1 -1 -1 -1 -1 -1 -1 -1 -1 -1 -1 -1 -1 -1 -1 -1 -1 -1 -1 -1 -1 -1 -1 -1 -1 -1 -1 -1 -1 -1 -1 -1 -1 -1 96 105 105 107 112 47 47 -94 62 62 99 104 104 93 97 106 106 114 117 117 114 100 76 76 54 48 48 38 26 26 15 10 16 16 22 20 20 22 2 0 0 3 3 3 1 0 0 0 0 0 0 0 0 0 0 0 8 8 10 13 13 12 12 8 8 8 13 13 12 13 13 16 14 8 8 8 2 2 1 1 31 31 44 45 45 41 36 36 27 21 31 31 44 49 49 48 50 59 59 65 64 64 73 72 37 37 35 24 24 21 12 12 0 0 7 7 26 32 32 27 21 14 14 14 19 19 25 29 29 42 37 35 35 24 14 14 12 16 16 16 12 10 10 0 0 0 0 0 0 0 0 0 0 0 0 0 0 0 0 0 0 0 0 0 0 0 0 0 0 0 0 0 0 0 0 0 0 0 0 0 0 0 0 0 0 0 0 0 0 4 4 21 20 20 15 20 16 16 7 1 1 0 0 0 0 0 0 0 21 42 42 49 62 67 67 54 49 49 38 42 41 41 38 26 26 3 0 0 1 14 13 13 3 15 15 9 7 3 3 13 13 13 0 0 0 0 0 0 0 0 0 0 0 2 0 0 7 7 7 0 0 0 1 3 8 8 0 0 0 0 0 0 0 0 0 0 0 0 0 0 0 0 0 0 0 0 0 0 0 0 0 0 0 0 0 0 0 0 0 0 0 0 0 0 0 0 0 0 0 0 0 0 0 0 0 0 0 0 0 0 0 6 10 10 30 32 32 24 18 9 9 8 0 0 3 0 0 1 13 16 16 2 0 0 0 21 -59 -59 -69 -116 -116 20 82 116 116 107 104 104 95 -1 -1 -1 -1 -1 -1 -1 -1 -1 -1 -1 -1 -1 -1 -1 -1 -1 -1 -1 -1 -1 -1 -1 -1 -1 -1 -1 -1 -1 -1 -1 -1 -1 -1 -1 -1 -1 -1 -1 -1 -1 -1 -1 -1 -1 -1 -1 -1 -1 -1 -1 -1 -1 -1 -1 -1 -1 95 101 101 107 107 104 104 42 21 21 52 79 73 73 67 59 59 37 30 30 20 19 15 15
118 118 108 112 108 108 108 95 95 94 93 94 94 93 95 95 99 102 102 105 106 106 106 107 105 105 104 99 96 96 94 -1 -1 -1 -1 -1 -1 -1 -1 -1 -1 -1 -1 -1 -1 -1 -1 -1 -1 -1 -1 -1 -1 -1 -1 -1 -1 -1 -1 -1 -1 -1 -1 -1 -1 -1 -1 -1 -1 -1 -1 -1 96 96 105 107 107 104 44 -108 -108 71 99 99 111 108 107 107 111 117 117 120 116 116 106 79 56 56 45 33 33 21 12 8 8 16 22 22 14 13 13 0 0 3 3 1 0 0 0 0 0 0 0 0 0 0 0 7 7 18 15 15 12 7 7 6 4 4 4 7 10 10 15 19 10 10 2 0 0 0 0 0 0 36 50 50 47 44 44 41 32 25 25 26 32 32 33 35 35 44 56 67 67 77 87 87 72 35 14 14 9 4 4 0 0 0 0 0 3 3 26 26 26 32 35 33 33 29 22 22 16 15 14 14 10 6 6 0 6 6 12 14 1 1 0 0 0 0 0 0 0 0 0 0 0 0 0 0 0 0 0 0 0 0 0 0 0 0 0 0 0 0 0 0 0 0 0 0 0 0 0 0 0 0 0 0 0 0 0 0 0 0 3 21 21 14 7 7 2 0 0 0 0 0 0 0 0 0 0 3 25 25 41 50 50 64 62 50 50 47 32 32 30 26 21 21 15 3 3 0 4 14 14 0 0 0 0 0 0 0 0 2 2 3 0 0 0 0 0 0 0 0 0 0 6 6 10 2 3 3 2 0 0 0 0 0 0 0 0 0 0 0 0 0 0 0 0 0 0 0 0 0 0 0 0 0 0 0 0 0 0 0 0 0 0 0 0 0 0 0 0 0 0 0 0 0 0 0 0 4 4 4 0 0 0 0 0 0 0 0 0 0 0 1 1 3 18 18 16 10 10 10 3 0 0 0 0 0 0 2 4 4 14 10 10 0 0 0 0 8 -67 -67 -88 37 37 102 113 105 105 100 95 95 -1 -1 -1 -1 -1 -1 -1 -1 -1 -1 -1 -1 -1 -1 -1 -1 -1 -1 -1 -1 -1 -1 -1 -1 -1 -1 -1 -1 -1 -1 -1 -1 -1 -1 -1 -1 -1 -1 -1 -1 -1 -1 -1 -1 -1 -1 -1 -1 -1 -1 -1 -1 -1 -1 -1 -1 -1 -1 100 106 107 107 105 77 77 18 0 0 58 93 79 79 73 58 58 35 31 30 30 20
110 110 107 107 108 104 104 96 -1 -1 -1 -1 -1 -1 -1 -1 -1 95 96 99 99 99 99 99 97 -1 -1 -1 -1 -1 -1 -1 -1 -1 -1 -1 -1 -1 -1 -1 -1 -1 -1 -1 -1 -1 -1 -1 -1 -1 -1 -1 -1 -1 -1 -1 -1 -1 -1 -1 -1 -1 -1 -1 -1 -1 -1 -1 -1 -1 -1 -1 99 105 105 107 102 41 41 0 81 81 104 117 117 113 110 113 113 114 114 114 112 101 79 79 56 45 45 33 18 18 10 10 20 20 24 8 8 4 0 0 0 4 0 0 0 0 0 0 0 0 0 0 0 0 0 16 24 24 16 9 9 6 2 4 4 8 7 7 13 16 16 13 4 0 0 0 0 0 0 9 42 42 53 41 41 41 42 42 37 31 26 26 24 19 19 20 33 45 45 60 78 78 89 70 39 39 9 6 6 0 0 0 0 0 2 2 1 20 20 21 29 41 41 43 35 35 16 3 3 0 0 0 0 0 0 0 2 13 13 13 1 0 0 0 0 0 0 0 0 0 0 0 0 0 0 0 0 0 0 0 0 0 0 0 0 0 0 0 0 0 0 0 1 1 0 0 0 0 0 0 0 0 0 0 0 0 0 0 0 10 10 32 19 19 9 0 0 0 0 0 0 0 0 0 0 0 2 2 19 30 30 38 52 50 50 44 45 45 27 18 15 15 13 10 10 7 3 3 4 12 0 0 0 0 0 0 0 0 0 1 3 3 0 0 0 0 0 0 0 7 12 12 10 18 2 2 0 0 0 0 0 0 0 0 0 0 0 0 0 0 0 0 0 0 0 0 0 0 0 0 0 0 0 0 0 0 0 0 0 0 0 0 0 0 0 0 0 0 0 0 0 0 0 0 0 0 0 6 2 2 0 0 0 0 0 0 0 0 0 0 0 0 0 0 2 2 2 1 2 0 0 0 0 0 0 0 0 6 8 10 10 16 19 19 14 22 38 38 18 24 24 62 122 113 113 104 99 99 93 -1 -1 -1 -1 -1 -1 -1 -1 -1 -1 -1 -1 -1 -1 -1 -1 -1 -1 -1 -1 -1 -1 -1 -1 -1 -1 -1 -1 -1 -1 -1 -1 -1 -1 -1 -1 -1 -1 -1 -1 -1 -1 -1 -1 -1 -1 -1 -1 -1 -1 -1 -1 -1 -1 -1 -1 -1 -1 96 96 101 106 108 108 106 -42 -42 -114 32 89 89 96 82 82 59 48 48 29 25 25 25
110 110 110 107 108 108 104 96 96 -1 -1 -1 -1 -1 -1 -1 -1 95 95 96 99 99 99 99 97 97 -1 -1 -1 -1 -1 -1 -1 -1 -1 -1 -1 -1 -1 -1 -1 -1 -1 -1 -1 -1 -1 -1 -1 -1 -1 -1 -1 -1 -1 -1 -1 -1 -1 -1 -1 -1 -1 -1 -1 -1 -1 -1 -1 -1 -1 -1 99 99 105 107 107 102 41 0 0 81 104 104 117 113 110 110 113 114 114 114 112 112 101 79 56 56 45 33 33 18 10 10 10 20 24 24 8 4 4 0 0 4 4 0 0 0 0 0 0 0 0 0 0 0 0 16 16 24 16 16 9 6 6 2 4 8 8 7 13 13 16 13 4 4 0 0 0 0 0 0 9 42 53 53 41 41 41 42 37 31 31 26 24 24 19 20 20 33 45 60 60 78 89 89 70 39 9 9 6 0 0 0 0 0 0 2 1 1 20 21 21 29 41 43 43 35 16 16 3 0 0 0 0 0 0 0 2 2 13 13 1 1 0 0 0 0 0 0 0 0 0 0 0 0 0 0 0 0 0 0 0 0 0 0 0 0 0 0 0 0 0 0 0 1 0 0 0 0 0 0 0 0 0 0 0 0 0 0 0 0 10 32 32 19 9 9 0 0 0 0 0 0 0 0 0 0 0 2 19 19 30 38 38 52 50 44 44 45 27 27 18 15 13 13 10 7 7 3 4 12 12 0 0 0 0 0 0 0 0 1 1 3 0 0 0 0 0 0 0 7 7 12 10 10 18 2 0 0 0 0 0 0 0 0 0 0 0 0 0 0 0 0 0 0 0 0 0 0 0 0 0 0 0 0 0 0 0 0 0 0 0 0 0 0 0 0 0 0 0 0 0 0 0 0 0 0 0 6 6 2 0 0 0 0 0 0 0 0 0 0 0 0 0 0 2 2 2 1 1 2 0 0 0 0 0 0 0 6 8 8 10 16 16 19 14 22 22 38 18 18 24 62 62 122 113 104 104 99 93 93 -1 -1 -1 -1 -1 -1 -1 -1 -1 -1 -1 -1 -1 -1 -1 -1 -1 -1 -1 -1 -1 -1 -1 -1 -1 -1 -1 -1 -1 -1 -1 -1 -1 -1 -1 -1 -1 -1 -1 -1 -1 -1 -1 -1 -1 -1 -1 -1 -1 -1 -1 -1 -1 -1 -1 -1 -1 -1 96 101 106 106 108 106 106 -42 -114 -114 32 89 96 96 82 59 59 48 29 25 25 25
113 108 112 112 108 107 107 107 -1 -1 -1 -1 -1 -1 -1 -1 -1 -1 -1 -1 -1 -1 -1 -1 -1 -1 -1 -1 -1 -1 -1 -1 -1 -1 -1 -1 -1 -1 -1 -1 -1 -1 -1 -1 -1 -1 -1 -1 -1 -1 -1 -1 -1 -1 -1 -1 -1 -1 -1 -1 -1 -1 -1 -1 -1 -1 -1 -1 -1 -1 -1 -1 99 107 107 111 97 30 30 0 89 89 110 117 117 112 111 113 113 112 110 110 105 95 82 82 67 59 59 45 35 35 29 30 36 36 32 14 14 8 8 7 7 8 0 0 0 0 0 0 0 0 0 0 0 0 3 13 19 19 15 7 7 2 0 4 4 15 14 14 19 19 19 6 0 0 0 0 0 0 2 21 38 38 41 37 37 39 42 42 41 37 26 26 10 0 0 1 21 38 38 48 65 65 59 20 0 0 0 7 7 25 29 29 18 0 0 0 0 0 0 0 0 22 22 36 24 24 0 0 0 0 0 0 0 0 0 0 0 0 0 0 0 0 0 0 0 0 0 0 0 0 0 4 4 3 0 0 0 0 0 0 0 0 0 0 0 0 0 0 0 0 0 1 0 0 0 0 0 0 0 0 0 0 0 0 0 0 0 0 0 21 21 33 15 15 7 0 0 0 0 0 0 0 10 10 18 10 12 12 18 20 20 20 26 16 16 6 0 0 0 0 0 0 0 0 0 0 0 0 0 0 0 0 0 0 0 0 0 0 0 0 0 0 0 0 0 0 0 7 7 14 15 15 13 3 0 0 0 0 0 0 0 0 0 0 0 0 0 0 0 0 0 0 0 0 0 0 0 0 0 0 0 0 0 0 0 0 0 0 0 0 0 0 0 0 0 0 0 0 0 0 0 0 0 0 0 4 4 9 8 8 0 0 0 0 0 0 0 0 0 0 0 0 0 0 0 0 0 0 0 0 0 0 0 0 0 2 2 10 3 8 8 20 16 16 22 36 3 3 0 104 104 110 106 110 110 99 95 95 -1 -1 -1 -1 -1 -1 -1 -1 -1 -1 -1 -1 -1 -1 -1 -1 -1 -1 -1 -1 -1 -1 -1 -1 -1 -1 -1 -1 -1 -1 -1 -1 -1 -1 -1 -1 -1 -1 -1 -1 -1 -1 -1 -1 -1 -1 -1 -1 -1 -1 -1 -1 -1 -1 -1 -1 -1 -1 -1 -1 -1 97 101 107 107 111 100 100 -1 0 29 29 99 89 89 71 41 41 32 41 35 35
113 113 108 112 108 108 107 107 107 -1 -1 -1 -1 -1 -1 -1 -1 -1 -1 -1 -1 -1 -1 -1 -1 -1 -1 -1 -1 -1 -1 -1 -1 -1 -1 -1 -1 -1 -1 -1 -1 -1 -1 -1 -1 -1 -1 -1 -1 -1 -1 -1 -1 -1 -1 -1 -1 -1 -1 -1 -1 -1 -1 -1 -1 -1 -1 -1 -1 -1 -1 -1 99 99 107 111 111 97 30 0 0 89 110 110 117 112 111 111 113 112 112 110 105 105 95 82 67 67 59 45 45 35 29 30 30 36 32 32 14 8 8 8 7 8 8 0 0 0 0 0 0 0 0 0 0 0 3 13 13 19 15 15 7 2 2 0 4 15 15 14 19 19 19 6 0 0 0 0 0 0 2 2 21 38 41 41 37 39 39 42 41 37 37 26 10 10 0 1 1 21 38 48 48 65 59 59 20 0 0 0 7 25 25 29 18 0 0 0 0 0 0 0 0 0 22 36 36 24 0 0 0 0 0 0 0 0 0 0 0 0 0 0 0 0 0 0 0 0 0 0 0 0 0 0 4 3 3 0 0 0 0 0 0 0 0 0 0 0 0 0 0 0 0 1 1 0 0 0 0 0 0 0 0 0 0 0 0 0 0 0 0 0 21 33 33 15 7 7 0 0 0 0 0 0 0 10 18 10 10 12 18 18 20 20 20 26 16 6 6 0 0 0 0 0 0 0 0 0 0 0 0 0 0 0 0 0 0 0 0 0 0 0 0 0 0 0 0 0 0 0 7 14 14 15 13 13 3 0 0 0 0 0 0 0 0 0 0 0 0 0 0 0 0 0 0 0 0 0 0 0 0 0 0 0 0 0 0 0 0 0 0 0 0 0 0 0 0 0 0 0 0 0 0 0 0 0 0 0 4 9 9 8 0 0 0 0 0 0 0 0 0 0 0 0 0 0 0 0 0 0 0 0 0 0 0 0 0 0 2 10 3 3 8 20 20 16 22 36 36 3 0 0 104 110 110 106 110 99 99 95 -1 -1 -1 -1 -1 -1 -1 -1 -1 -1 -1 -1 -1 -1 -1 -1 -1 -1 -1 -1 -1 -1 -1 -1 -1 -1 -1 -1 -1 -1 -1 -1 -1 -1 -1 -1 -1 -1 -1 -1 -1 -1 -1 -1 -1 -1 -1 -1 -1 -1 -1 -1 -1 -1 -1 -1 -1 -1 -1 -1 -1 97 101 101 107 111 111 100 -1 -1 0 29 99 99 89 71 71 41 32 41 41 35
53 97 117 117 110 112 112 107 100 100 -1 -1 -1 -1 -1 -1 -1 -1 -1 -1 -1 -1 -1 -1 -1 -1 -1 -1 -1 -1 -1 -1 -1 -1 -1 -1 -1 -1 -1 -1 -1 -1 -1 -1 -1 -1 -1 -1 -1 -1 -1 -1 -1 -1 -1 -1 -1 -1 -1 -1 -1 -1 -1 -1 -1 -1 -1 -1 -1 -1 -1 -1 99 107 107 111 73 20 20 22 91 91 111 117 117 113 117 114 114 116 117 117 111 104 96 96 89 84 84 73 67 67 65 65 64 64 49 27 27 21 19 19 19 16 12 12 0 0 0 0 9 7 7 7 4 4 4 6 13 13 9 1 1 0 0 7 7 24 25 25 26 16 16 0 0 0 0 0 8 8 19 31 32 32 29 27 27 30 33 33 37 38 26 26 2 0 0 0 6 25 25 32 42 42 22 0 0 0 0 1 1 14 15 15 3 0 0 0 0 0 0 0 0 0 0 3 0 0 0 0 0 0 0 0 0 0 0 0 0 0 0 0 0 0 0 0 0 0 0 0 0 0 0 0 0 0 0 0 0 0 0 0 0 0 0 0 0 0 0 0 0 0 0 0 0 0 0 0 0 0 0 0 0 0 0 0 0 0 0 0 0 20 20 26 4 4 0 0 0 0 2 6 6 14 21 21 25 21 12 12 9 13 13 13 24 15 15 4 0 0 0 0 0 0 7 2 2 0 0 0 0 0 0 0 0 0 0 0 0 0 0 0 0 0 0 0 0 0 0 0 0 0 0 0 0 0 0 0 0 0 0 0 0 0 0 0 0 0 0 0 0 0 0 0 0 0 0 0 0 0 0 0 0 0 0 0 0 0 0 0 0 0 0 0 0 0 0 0 0 0 0 0 0 0 0 0 0 0 0 0 0 0 0 0 0 0 0 0 0 0 0 0 0 0 0 0 0 3 3 4 0 1 1 0 0 0 6 3 3 0 6 10 10 18 25 25 24 0 8 8 107 110 110 112 107 101 101 95 -1 -1 -1 -1 -1 -1 -1 -1 -1 -1 -1 -1 -1 -1 -1 -1 -1 -1 -1 -1 -1 -1 -1 -1 -1 -1 -1 -1 -1 -1 -1 -1 -1 -1 -1 -1 -1 -1 -1 -1 -1 -1 -1 -1 -1 -1 -1 -1 -1 -1 -1 -1 -1 -1 -1 -1 -1 -1 -1 -1 -1 -1 -1 -1 -1 102 102 116 107 107 112 96 0 0 6 36 36 65 56 56 43 41 33 33
14 14 0 55 87 87 112 112 112 108 105 96 96 -1 -1 -1 -1 -1 -1 -1 -1 -1 -1 -1 -1 -1 -1 -1 -1 -1 -1 -1 -1 -1 -1 -1 -1 -1 -1 -1 -1 -1 -1 -1 -1 -1 -1 -1 -1 -1 -1 -1 -1 -1 -1 -1 -1 -1 -1 -1 -1 -1 -1 -1 -1 -1 -1 -1 -1 -1 -1 -1 100 100 107 111 111 44 26 73 73 96 108 108 114 117 120 120 114 117 117 122 120 120 113 110 106 106 101 99 99 94 95 91 91 83 64 64 39 35 35 31 33 33 33 33 25 25 14 15 19 19 16 14 14 8 2 1 1 6 1 1 0 0 0 0 14 38 38 41 24 24 0 0 0 0 0 15 15 29 29 29 31 19 22 22 15 20 20 26 33 38 38 26 1 1 0 0 0 7 26 22 22 19 0 0 0 0 0 0 0 0 0 0 0 0 0 0 0 0 0 0 0 0 0 0 0 0 0 0 0 0 0 0 0 0 0 1 0 0 0 0 0 0 0 0 0 0 0 0 0 0 0 0 0 0 0 0 0 0 0 0 0 0 0 0 0 0 0 0 0 0 0 0 0 0 0 0 0 0 0 0 0 0 0 0 0 0 0 0 4 4 19 25 25 15 14 14 12 27 27 27 25 31 31 35 35 29 29 14 0 0 6 9 9 19 12 0 0 0 0 0 0 1 19 19 7 0 0 0 0 0 0 0 0 0 0 0 0 0 0 0 0 0 0 0 0 0 0 0 0 0 0 0 0 0 0 0 0 0 0 0 0 0 0 0 0 0 0 0 0 12 12 14 4 0 0 0 0 0 0 0 0 0 0 0 0 0 0 0 0 0 0 0 0 0 0 0 0 0 0 0 0 0 0 0 0 0 0 0 0 0 0 0 0 0 0 0 0 0 0 0 0 0 0 0 0 0 8 15 15 14 19 20 20 21 13 13 2 0 1 1 0 0 0 0 0 58 58 100 111 111 102 106 106 100 99 -1 -1 -1 -1 -1 -1 -1 -1 -1 -1 -1 -1 -1 -1 -1 -1 -1 -1 -1 -1 -1 -1 -1 -1 -1 -1 -1 -1 -1 -1 -1 -1 -1 -1 -1 -1 -1 -1 -1 -1 -1 -1 -1 -1 -1 -1 -1 -1 -1 -1 -1 -1 -1 -1 -1 -1 -1 -1 -1 -1 -1 -1 -1 -1 -1 -1 -1 -1 106 106 108 112 112 120 -1 -70 -70 0 25 25 47 48 42 42 29
14 0 55 55 87 112 112 112 108 108 105 96 -1 -1 -1 -1 -1 -1 -1 -1 -1 -1 -1 -1 -1 -1 -1 -1 -1 -1 -1 -1 -1 -1 -1 -1 -1 -1 -1 -1 -1 -1 -1 -1 -1 -1 -1 -1 -1 -1 -1 -1 -1 -1 -1 -1 -1 -1 -1 -1 -1 -1 -1 -1 -1 -1 -1 -1 -1 -1 -1 -1 100 107 107 111 44 26 26 73 96 96 108 114 114 117 120 114 114 117 122 122 120 113 110 110 106 101 101 99 94 94 95 91 83 83 64 39 39 35 31 33 33 33 33 33 25 14 15 15 19 16 16 14 8 8 2 1 6 6 1 0 0 0 0 14 14 38 41 41 24 0 0 0 0 0 0 15 29 29 29 31 19 19 22 15 15 20 26 26 33 38 26 26 1 0 0 0 7 26 26 22 19 19 0 0 0 0 0 0 0 0 0 0 0 0 0 0 0 0 0 0 0 0 0 0 0 0 0 0 0 0 0 0 0 0 1 1 0 0 0 0 0 0 0 0 0 0 0 0 0 0 0 0 0 0 0 0 0 0 0 0 0 0 0 0 0 0 0 0 0 0 0 0 0 0 0 0 0 0 0 0 0 0 0 0 0 0 0 0 4 19 19 25 15 15 14 12 27 27 27 25 25 31 35 35 35 29 14 14 0 6 6 9 19 12 12 0 0 0 0 0 1 1 19 7 7 0 0 0 0 0 0 0 0 0 0 0 0 0 0 0 0 0 0 0 0 0 0 0 0 0 0 0 0 0 0 0 0 0 0 0 0 0 0 0 0 0 0 0 0 12 14 4 4 0 0 0 0 0 0 0 0 0 0 0 0 0 0 0 0 0 0 0 0 0 0 0 0 0 0 0 0 0 0 0 0 0 0 0 0 0 0 0 0 0 0 0 0 0 0 0 0 0 0 0 0 8 8 15 14 19 19 20 21 21 13 2 2 0 1 0 0 0 0 0 0 58 100 100 111 102 102 106 100 99 99 -1 -1 -1 -1 -1 -1 -1 -1 -1 -1 -1 -1 -1 -1 -1 -1 -1 -1 -1 -1 -1 -1 -1 -1 -1 -1 -1 -1 -1 -1 -1 -1 -1 -1 -1 -1 -1 -1 -1 -1 -1 -1 -1 -1 -1 -1 -1 -1 -1 -1 -1 -1 -1 -1 -1 -1 -1 -1 -1 -1 -1 -1 -1 -1 -1 -1 -1 -1 106 108 108 112 120 -1 -1 -70 0 0 25 47 47 48 42 29 29
60 60 66 0 43 43 110 119 119 116 108 100 100 93 -1 -1 -1 -1 -1 -1 -1 -1 -1 -1 -1 -1 -1 -1 -1 -1 -1 -1 -1 -1 -1 -1 -1 -1 -1 -1 -1 -1 -1 -1 -1 -1 -1 -1 -1 -1 -1 -1 -1 -1 -1 -1 -1 -1 -1 -1 -1 -1 -1 -1 -1 -1 -1 -1 -1 -1 -1 -1 100 100 108 111 111 35 38 105 105 108 113 113 116 117 124 124 116 114 114 118 119 119 114 113 112 112 106 105 105 96 95 89 89 79 64 64 44 44 44 42 49 49 49 54 48 48 35 30 22 22 19 14 14 8 0 0 0 6 2 2 0 0 0 0 19 42 42 42 16 16 0 0 0 0 13 21 21 26 25 25 21 2 12 12 18 26 26 31 36 37 37 22 0 0 0 0 0 0 21 21 21 13 0 0 0 0 0 0 0 0 0 0 0 0 0 0 0 0 0 0 0 0 0 0 0 0 0 0 0 0 0 0 0 0 0 0 0 0 0 0 0 0 0 0 0 0 0 0 0 0 0 0 0 0 0 0 0 0 0 0 0 0 0 0 0 0 0 0 0 0 0 0 0 0 0 0 0 0 0 0 0 0 0 0 0 0 0 12 14 14 18 29 29 37 42 42 49 39 36 36 33 41 41 36 18 1 1 0 0 0 0 0 0 1 0 0 0 0 0 0 0 0 19 19 6 0 0 0 0 0 0 0 0 0 0 0 0 0 0 0 0 0 0 0 0 0 0 0 0 0 0 0 0 0 0 0 0 0 0 0 0 0 0 0 0 0 0 0 0 6 6 4 0 0 0 0 0 0 0 0 0 0 0 0 0 0 0 0 0 0 0 0 0 0 0 0 0 0 0 0 0 0 0 0 0 0 0 0 0 0 0 0 0 0 0 0 0 0 0 0 0 0 0 0 0 0 8 18 18 21 24 14 14 10 0 0 0 0 3 3 19 62 62 100 104 112 112 107 110 110 107 102 102 95 87 -1 -1 -1 -1 -1 -1 -1 -1 -1 -1 -1 -1 -1 -1 -1 -1 -1 -1 -1 -1 -1 -1 -1 -1 -1 -1 -1 -1 -1 -1 -1 -1 -1 -1 -1 -1 -1 -1 -1 -1 -1 -1 -1 -1 -1 -1 -1 -1 -1 -1 -1 -1 -1 -1 -1 -1 -1 -1 -1 -1 -1 -1 -1 -1 -1 -1 -1 -1 96 96 107 110 110 107 106 110 110 73 8 8 3 26 42 42 35
60 66 0 0 43 110 110 119 116 116 108 100 93 93 -1 -1 -1 -1 -1 -1 -1 -1 -1 -1 -1 -1 -1 -1 -1 -1 -1 -1 -1 -1 -1 -1 -1 -1 -1 -1 -1 -1 -1 -1 -1 -1 -1 -1 -1 -1 -1 -1 -1 -1 -1 -1 -1 -1 -1 -1 -1 -1 -1 -1 -1 -1 -1 -1 -1 -1 -1 -1 100 108 108 111 35 38 38 105 108 108 113 116 116 117 124 116 116 114 118 118 119 114 113 113 112 106 106 105 96 96 95 89 79 79 64 44 44 44 42 49 49 49 54 54 48 35 30 30 22 19 19 14 8 8 0 0 6 6 2 0 0 0 0 19 19 42 42 42 16 0 0 0 0 13 13 21 26 26 25 21 2 2 12 18 18 26 31 31 36 37 22 22 0 0 0 0 0 21 21 21 13 13 0 0 0 0 0 0 0 0 0 0 0 0 0 0 0 0 0 0 0 0 0 0 0 0 0 0 0 0 0 0 0 0 0 0 0 0 0 0 0 0 0 0 0 0 0 0 0 0 0 0 0 0 0 0 0 0 0 0 0 0 0 0 0 0 0 0 0 0 0 0 0 0 0 0 0 0 0 0 0 0 0 0 0 0 0 12 14 18 18 29 37 37 42 49 39 39 36 33 33 41 36 36 18 1 0 0 0 0 0 0 1 0 0 0 0 0 0 0 0 0 19 6 6 0 0 0 0 0 0 0 0 0 0 0 0 0 0 0 0 0 0 0 0 0 0 0 0 0 0 0 0 0 0 0 0 0 0 0 0 0 0 0 0 0 0 0 0 6 4 0 0 0 0 0 0 0 0 0 0 0 0 0 0 0 0 0 0 0 0 0 0 0 0 0 0 0 0 0 0 0 0 0 0 0 0 0 0 0 0 0 0 0 0 0 0 0 0 0 0 0 0 0 0 8 8 18 21 24 24 14 10 10 0 0 0 0 3 19 19 62 100 100 104 112 107 107 110 107 107 102 95 87 87 -1 -1 -1 -1 -1 -1 -1 -1 -1 -1 -1 -1 -1 -1 -1 -1 -1 -1 -1 -1 -1 -1 -1 -1 -1 -1 -1 -1 -1 -1 -1 -1 -1 -1 -1 -1 -1 -1 -1 -1 -1 -1 -1 -1 -1 -1 -1 -1 -1 -1 -1 -1 -1 -1 -1 -1 -1 -1 -1 -1 -1 -1 -1 -1 -1 -1 -1 -1 96 107 107 110 107 106 106 110 73 73 8 3 3 26 42 35 35
43 43 65 7 16 16 68 113 113 118 112 104 104 94 -1 -1 -1 -1 -1 -1 -1 -1 -1 -1 -1 -1 -1 -1 -1 -1 -1 -1 -1 -1 -1 -1 -1 -1 -1 -1 -1 -1 -1 -1 -1 -1 -1 -1 -1 -1 -1 -1 -1 -1 -1 -1 -1 -1 -1 -1 -1 -1 -1 -1 -1 -1 -1 -1 -1 -1 -1 -1 100 100 108 111 111 36 41 110 110 117 122 122 118 119 127 127 119 113 113 113 112 112 110 113 112 112 104 99 99 88 79 71 71 66 55 55 43 48 48 49 59 59 59 62 56 56 43 36 24 24 24 15 15 8 1 1 1 10 10 10 1 0 0 2 13 31 31 29 10 10 0 7 16 16 31 27 27 25 26 26 25 0 9 9 18 30 30 37 39 38 38 26 6 6 0 0 0 6 22 19 19 8 0 0 0 0 0 0 0 0 0 0 0 0 0 0 0 0 0 0 0 0 0 0 0 1 0 0 0 0 0 0 0 0 0 0 0 0 1 0 2 2 8 8 8 0 0 0 0 0 0 0 0 0 0 0 0 0 0 0 0 0 0 0 0 0 0 0 0 0 0 0 0 0 0 0 0 0 0 0 0 0 0 0 8 8 21 26 22 22 16 29 29 42 47 47 58 52 42 42 31 25 25 0 0 0 0 0 0 0 0 0 0 0 0 0 0 0 0 0 0 0 10 10 0 0 0 0 0 0 0 6 25 25 0 0 0 0 0 0 0 0 0 0 0 0 0 0 0 0 0 0 0 0 0 0 0 0 0 0 0 0 0 0 0 0 0 0 0 0 0 0 0 0 0 0 0 0 0 0 0 0 0 0 0 0 0 0 0 0 0 0 0 0 0 0 0 0 0 0 0 0 0 0 0 0 0 0 0 0 0 0 0 0 0 0 0 0 0 0 0 0 0 0 0 0 0 13 13 16 13 0 0 0 62 62 107 99 104 104 107 102 102 107 113 111 111 108 105 105 102 93 93 -1 -1 -1 -1 -1 -1 -1 -1 -1 -1 -1 -1 -1 -1 -1 -1 -1 -1 -1 -1 -1 -1 -1 -1 -1 -1 -1 -1 -1 -1 -1 -1 -1 -1 -1 -1 -1 -1 -1 -1 -1 -1 -1 -1 -1 -1 -1 -1 -1 -1 -1 -1 -1 -1 -1 -1 -1 -1 -1 -1 -1 -1 -1 -1 -1 -1 -1 -1 -1 -1 -1 -1 -1 101 101 108 112 118 118 113 94 94 -59 0 0 0 36
0 8 68 68 32 22 22 81 117 117 114 106 100 100 -1 -1 -1 -1 -1 -1 -1 -1 -1 -1 -1 -1 -1 -1 -1 -1 -1 -1 -1 -1 -1 -1 -1 -1 -1 -1 -1 -1 -1 -1 -1 -1 -1 -1 -1 -1 -1 -1 -1 -1 -1 -1 -1 -1 -1 -1 -1 -1 -1 -1 -1 -1 -1 -1 -1 -1 -1 -1 101 110 110 114 41 39 39 110 117 117 114 116 116 120 123 111 111 105 101 101 97 93 93 93 96 97 97 91 81 81 71 62 49 49 44 43 43 45 56 56 56 54 54 54 55 54 42 42 26 16 16 13 10 10 8 6 6 6 7 6 6 7 6 13 13 26 29 29 26 29 29 37 38 36 36 44 38 38 48 32 10 10 13 15 15 27 32 32 32 29 24 24 20 20 20 18 26 19 19 9 0 0 0 0 0 0 0 0 0 0 0 0 0 0 0 0 0 0 0 0 0 3 3 9 16 16 9 0 0 0 0 0 0 0 0 0 4 19 26 26 32 26 26 20 4 4 0 0 0 0 0 0 0 0 0 0 0 0 0 0 0 0 0 0 0 0 0 0 0 0 0 0 0 0 7 30 30 37 41 38 38 30 32 32 41 36 36 36 31 29 29 35 37 37 35 47 50 50 39 31 31 0 0 0 0 0 0 0 0 0 0 0 0 0 0 0 0 0 0 0 0 0 10 1 1 0 0 0 0 0 8 8 3 0 0 0 0 0 0 0 0 0 0 0 0 0 0 0 0 0 0 0 0 0 0 0 0 0 0 0 0 0 0 0 0 0 0 0 0 0 0 0 0 0 0 0 0 0 0 0 0 0 0 0 0 0 0 0 0 0 0 0 0 0 0 0 0 0 0 0 0 0 0 0 0 0 0 0 0 0 0 0 0 0 0 0 0 0 0 0 0 0 0 0 0 0 0 12 0 0 0 -32 104 104 106 107 107 107 106 105 105 106 107 107 100 97 96 96 93 90 90 -1 -1 -1 -1 -1 -1 -1 -1 -1 -1 -1 -1 -1 -1 -1 -1 -1 -1 -1 -1 -1 -1 -1 -1 -1 -1 -1 -1 -1 -1 -1 -1 -1 -1 -1 -1 -1 -1 -1 -1 -1 -1 -1 -1 -1 -1 -1 -1 -1 -1 -1 -1 -1 -1 -1 -1 -1 -1 -1 -1 -1 -1 -1 -1 -1 -1 -1 -1 -1 -1 -1 -1 -1 -1 -1 -1 97 105 105 108 113 113 114 106 106 53 0 0 0
0 0 8 68 32 32 22 81 81 117 114 106 106 100 -1 -1 -1 -1 -1 -1 -1 -1 -1 -1 -1 -1 -1 -1 -1 -1 -1 -1 -1 -1 -1 -1 -1 -1 -1 -1 -1 -1 -1 -1 -1 -1 -1 -1 -1 -1 -1 -1 -1 -1 -1 -1 -1 -1 -1 -1 -1 -1 -1 -1 -1 -1 -1 -1 -1 -1 -1 -1 101 101 110 114 114 41 39 110 110 117 114 114 116 120 123 123 111 105 105 101 97 97 93 93 96 96 97 91 91 81 71 62 62 49 44 44 43 45 45 56 56 54 54 54 55 55 54 42 26 26 16 13 13 10 8 6 6 6 7 7 6 7 7 6 13 26 26 29 26 26 29 37 38 38 36 44 44 38 48 48 32 10 13 13 15 27 27 32 32 29 29 24 20 20 20 18 18 26 19 9 9 0 0 0 0 0 0 0 0 0 0 0 0 0 0 0 0 0 0 0 0 0 3 9 9 16 9 9 0 0 0 0 0 0 0 0 4 4 19 26 32 32 26 20 20 4 0 0 0 0 0 0 0 0 0 0 0 0 0 0 0 0 0 0 0 0 0 0 0 0 0 0 0 0 7 7 30 37 37 41 38 30 30 32 41 41 36 36 31 31 29 35 35 37 35 35 47 50 39 39 31 0 0 0 0 0 0 0 0 0 0 0 0 0 0 0 0 0 0 0 0 0 10 10 1 0 0 0 0 0 0 8 3 3 0 0 0 0 0 0 0 0 0 0 0 0 0 0 0 0 0 0 0 0 0 0 0 0 0 0 0 0 0 0 0 0 0 0 0 0 0 0 0 0 0 0 0 0 0 0 0 0 0 0 0 0 0 0 0 0 0 0 0 0 0 0 0 0 0 0 0 0 0 0 0 0 0 0 0 0 0 0 0 0 0 0 0 0 0 0 0 0 0 0 0 0 0 12 12 0 0 -32 -32 104 106 106 107 107 106 106 105 106 106 107 100 97 97 96 93 93 90 -1 -1 -1 -1 -1 -1 -1 -1 -1 -1 -1 -1 -1 -1 -1 -1 -1 -1 -1 -1 -1 -1 -1 -1 -1 -1 -1 -1 -1 -1 -1 -1 -1 -1 -1 -1 -1 -1 -1 -1 -1 -1 -1 -1 -1 -1 -1 -1 -1 -1 -1 -1 -1 -1 -1 -1 -1 -1 -1 -1 -1 -1 -1 -1 -1 -1 -1 -1 -1 -1 -1 -1 -1 -1 -1 -1 -1 97 105 108 108 113 114 114 106 53 0 0 0
105 39 0 0 0 8 8 78 116 116 112 106 97 97 -1 -1 -1 -1 -1 -1 -1 -1 -1 -1 -1 -1 -1 -1 -1 -1 -1 -1 -1 -1 -1 -1 -1 -1 -1 -1 -1 -1 -1 -1 -1 -1 -1 -1 -1 -1 -1 -1 -1 -1 -1 -1 -1 -1 -1 -1 -1 -1 -1 -1 -1 -1 -1 -1 -1 -1 -1 -1 104 108 108 107 39 37 37 101 108 108 107 110 110 112 112 101 101 93 85 85 78 74 79 79 85 87 87 84 78 78 72 59 43 43 37 45 45 50 53 47 47 41 41 41 45 48 39 39 27 19 19 14 9 9 6 6 7 7 7 9 9 10 9 16 16 31 41 41 44 54 54 58 45 49 49 50 38 38 32 16 9 9 13 12 12 24 29 29 18 6 0 0 6 14 14 0 0 0 0 0 0 0 0 0 0 0 0 0 0 0 0 0 0 0 0 0 24 22 22 15 7 3 3 8 21 21 22 13 13 0 0 0 0 0 0 0 4 22 31 31 26 18 18 10 0 0 0 0 0 0 0 0 0 0 0 0 0 0 0 0 0 0 0 0 0 0 0 0 0 0 10 13 19 19 42 55 55 60 61 58 58 49 50 50 52 35 35 32 30 31 31 36 35 35 33 38 42 42 26 14 14 0 0 0 0 0 0 0 3 0 0 0 0 0 0 0 0 0 0 0 13 13 29 24 24 0 0 0 0 0 0 0 0 0 0 0 0 0 0 0 0 0 0 0 0 0 0 0 0 0 0 0 0 0 0 0 0 0 0 0 0 0 0 0 0 0 0 0 0 0 0 0 0 0 0 0 0 0 0 0 0 0 0 0 0 0 0 0 0 0 0 0 0 0 0 0 0 0 0 0 0 0 0 0 0 0 0 0 0 0 0 0 0 0 0 0 0 0 0 0 0 0 0 0 0 7 7 0 12 84 84 106 108 108 110 110 110 106 104 100 100 96 96 96 95 94 93 93 -1 -1 -1 -1 -1 -1 -1 -1 -1 -1 -1 -1 -1 -1 -1 -1 -1 -1 -1 -1 -1 -1 -1 -1 -1 -1 -1 -1 -1 -1 -1 -1 -1 -1 -1 -1 -1 -1 -1 -1 -1 -1 -1 -1 -1 -1 -1 -1 -1 -1 -1 -1 -1 -1 -1 -1 -1 -1 -1 -1 -1 -1 -1 -1 -1 -1 -1 -1 -1 -1 -1 -1 -1 -1 -1 -1 -1 -1 -1 95 99 99 105 107 107 112 117 117 112 107 49 49
108 108 107 106 112 112 113 113 113 113 108 104 104 96 -1 -1 -1 -1 -1 -1 -1 -1 -1 -1 -1 -1 -1 -1 -1 -1 -1 -1 -1 -1 -1 -1 -1 -1 -1 -1 -1 -1 -1 -1 -1 -1 -1 -1 -1 -1 -1 -1 -1 -1 -1 -1 -1 -1 -1 -1 -1 -1 -1 -1 -1 -1 -1 -1 -1 -1 -1 -1 108 108 112 111 111 31 32 84 84 91 91 91 96 99 96 96 89 77 77 65 56 56 54 61 68 68 73 82 82 79 72 56 56 36 31 31 36 38 38 41 32 25 25 26 33 33 37 30 22 22 16 13 13 9 7 7 7 9 12 12 14 10 10 9 14 22 22 37 49 49 56 55 68 68 66 60 60 41 21 21 4 9 6 6 10 24 24 26 15 0 0 0 0 0 0 0 0 0 0 0 0 0 0 0 0 0 0 0 0 1 1 0 0 0 0 10 26 26 31 27 27 21 18 20 20 24 16 16 1 0 0 0 0 0 0 0 0 0 7 9 3 3 0 0 0 0 0 0 0 0 3 3 0 0 0 0 0 0 0 0 0 0 0 0 0 0 0 3 3 18 31 37 37 45 50 50 54 55 55 53 49 50 50 55 48 48 27 21 22 22 32 36 36 35 35 35 31 29 3 3 0 0 0 0 0 0 0 0 4 4 0 0 0 0 0 0 0 0 0 0 14 20 21 21 15 0 0 0 0 0 0 0 0 0 0 0 0 0 0 0 0 0 0 0 0 0 0 0 0 0 0 0 0 0 0 0 0 0 0 0 0 0 0 0 0 0 0 0 0 0 0 0 0 0 0 0 0 0 0 0 0 0 0 0 0 0 0 0 0 0 0 0 0 0 0 0 0 0 0 0 0 0 0 0 0 0 0 0 0 0 0 0 0 0 0 0 0 0 0 0 0 0 0 0 14 14 0 60 60 87 111 106 106 112 108 108 107 102 96 96 91 89 89 89 -1 -1 -1 -1 -1 -1 -1 -1 -1 -1 -1 -1 -1 -1 -1 -1 -1 -1 -1 -1 -1 -1 -1 -1 -1 -1 -1 -1 -1 -1 -1 -1 -1 -1 -1 -1 -1 -1 -1 -1 -1 -1 -1 -1 -1 -1 -1 -1 -1 -1 -1 -1 -1 -1 -1 -1 -1 -1 -1 -1 -1 -1 -1 -1 -1 -1 -1 -1 -1 -1 -1 -1 -1 -1 -1 -1 -1 -1 -1 -1 -1 -1 -1 -1 -1 94 97 97 102 106 106 111 112 117 117 110
108 107 106 106 112 113 113 113 113 113 108 104 96 96 -1 -1 -1 -1 -1 -1 -1 -1 -1 -1 -1 -1 -1 -1 -1 -1 -1 -1 -1 -1 -1 -1 -1 -1 -1 -1 -1 -1 -1 -1 -1 -1 -1 -1 -1 -1 -1 -1 -1 -1 -1 -1 -1 -1 -1 -1 -1 -1 -1 -1 -1 -1 -1 -1 -1 -1 -1 -1 108 112 112 111 31 32 32 84 91 91 91 96 96 99 96 89 89 77 65 65 56 54 61 61 68 73 73 82 79 79 72 56 36 36 31 36 36 38 41 32 32 25 26 26 33 37 30 30 22 16 16 13 9 9 7 7 9 9 12 14 14 10 9 14 14 22 37 37 49 56 56 55 68 66 66 60 41 41 21 4 9 9 6 10 10 24 26 26 15 0 0 0 0 0 0 0 0 0 0 0 0 0 0 0 0 0 0 0 0 1 0 0 0 0 10 10 26 31 31 27 21 18 18 20 24 24 16 1 1 0 0 0 0 0 0 0 0 7 9 9 3 0 0 0 0 0 0 0 0 0 3 0 0 0 0 0 0 0 0 0 0 0 0 0 0 0 0 3 18 18 31 37 45 45 50 54 54 55 53 49 49 50 55 55 48 27 27 21 22 32 32 36 35 35 35 31 29 29 3 0 0 0 0 0 0 0 0 0 4 0 0 0 0 0 0 0 0 0 0 14 20 20 21 15 15 0 0 0 0 0 0 0 0 0 0 0 0 0 0 0 0 0 0 0 0 0 0 0 0 0 0 0 0 0 0 0 0 0 0 0 0 0 0 0 0 0 0 0 0 0 0 0 0 0 0 0 0 0 0 0 0 0 0 0 0 0 0 0 0 0 0 0 0 0 0 0 0 0 0 0 0 0 0 0 0 0 0 0 0 0 0 0 0 0 0 0 0 0 0 0 0 0 0 0 14 0 0 60 87 111 111 106 112 112 108 107 107 102 96 91 91 89 89 89 -1 -1 -1 -1 -1 -1 -1 -1 -1 -1 -1 -1 -1 -1 -1 -1 -1 -1 -1 -1 -1 -1 -1 -1 -1 -1 -1 -1 -1 -1 -1 -1 -1 -1 -1 -1 -1 -1 -1 -1 -1 -1 -1 -1 -1 -1 -1 -1 -1 -1 -1 -1 -1 -1 -1 -1 -1 -1 -1 -1 -1 -1 -1 -1 -1 -1 -1 -1 -1 -1 -1 -1 -1 -1 -1 -1 -1 -1 -1 -1 -1 -1 -1 -1 94 94 97 102 102 106 111 111 112 117 110 110
99 99 112 118 107 107 112 111 111 107 105 99 99 -1 -1 -1 -1 -1 -1 -1 -1 -1 -1 -1 -1 -1 -1 -1 -1 -1 -1 -1 -1 -1 -1 -1 -1 -1 -1 -1 -1 -1 -1 -1 -1 -1 -1 -1 -1 -1 -1 -1 -1 -1 -1 -1 -1 -1 -1 -1 -1 -1 -1 -1 -1 -1 -1 -1 -1 -1 -1 101 107 107 110 107 107 35 41 82 82 78 71 71 67 70 73 73 81 66 66 53 43 43 42 49 60 60 61 55 55 54 52 45 45 42 43 43 45 41 41 25 18 15 15 19 24 24 24 21 18 18 14 10 10 8 7 9 9 9 13 13 14 3 3 4 16 31 31 54 83 83 95 89 65 65 41 16 16 0 0 0 0 20 19 19 21 15 15 0 0 0 0 0 0 0 0 0 0 0 0 0 0 0 0 0 9 15 0 0 6 4 4 0 0 4 4 20 31 31 53 45 45 33 20 12 12 2 0 0 0 0 0 0 0 0 0 0 0 0 8 6 0 0 0 0 0 0 7 12 12 18 21 21 6 0 0 0 0 0 0 0 0 0 0 0 0 0 0 10 10 27 39 47 47 52 50 50 48 44 44 44 42 50 50 55 39 39 1 0 3 3 22 27 27 25 24 24 13 0 0 0 0 0 0 0 0 0 0 0 0 0 0 0 0 0 0 0 0 0 6 6 4 0 0 0 0 0 0 0 0 0 0 0 0 0 0 0 0 0 0 0 0 0 0 0 0 0 0 0 0 0 0 0 0 0 0 0 0 0 0 0 0 0 0 0 0 0 0 0 0 0 0 0 0 0 0 0 0 0 0 0 0 0 0 0 0 0 0 0 0 0 0 0 0 0 0 0 0 0 0 0 0 0 0 0 0 0 0 0 0 0 0 0 0 0 0 0 0 0 0 0 0 9 9 41 0 0 49 112 112 117 106 107 107 108 105 105 100 95 90 90 88 -1 -1 -1 -1 -1 -1 -1 -1 -1 -1 -1 -1 -1 -1 -1 -1 -1 -1 -1 -1 -1 -1 -1 -1 -1 -1 -1 -1 -1 -1 -1 -1 -1 -1 -1 -1 -1 -1 -1 -1 -1 -1 -1 -1 -1 -1 -1 -1 -1 -1 -1 -1 -1 -1 -1 -1 -1 -1 -1 -1 -1 -1 -1 -1 -1 -1 -1 -1 -1 -1 -1 -1 -1 -1 -1 -1 -1 -1 -1 -1 -1 -1 -1 -1 -1 -1 -1 -1 -1 93 93 96 99 99 102 112 108 108 114
99 112 118 118 107 112 112 111 107 107 105 99 -1 -1 -1 -1 -1 -1 -1 -1 -1 -1 -1 -1 -1 -1 -1 -1 -1 -1 -1 -1 -1 -1 -1 -1 -1 -1 -1 -1 -1 -1 -1 -1 -1 -1 -1 -1 -1 -1 -1 -1 -1 -1 -1 -1 -1 -1 -1 -1 -1 -1 -1 -1 -1 -1 -1 -1 -1 -1 101 101 107 110 110 107 35 41 41 82 78 78 71 67 67 70 73 81 81 66 53 53 43 42 49 49 60 61 61 55 54 54 52 45 42 42 43 45 45 41 25 18 18 15 19 19 24 24 21 21 18 14 14 10 8 8 7 9 9 9 13 14 14 3 4 16 16 31 54 54 83 95 95 89 65 41 41 16 0 0 0 0 20 20 19 21 21 15 0 0 0 0 0 0 0 0 0 0 0 0 0 0 0 0 0 9 15 15 0 6 6 4 0 0 0 4 20 20 31 53 53 45 33 20 20 12 2 2 0 0 0 0 0 0 0 0 0 0 0 8 6 6 0 0 0 0 0 0 7 12 18 18 21 6 6 0 0 0 0 0 0 0 0 0 0 0 0 0 0 10 27 27 39 47 52 52 50 48 48 44 44 42 42 50 55 55 39 1 1 0 3 22 22 27 25 25 24 13 0 0 0 0 0 0 0 0 0 0 0 0 0 0 0 0 0 0 0 0 0 0 6 4 0 0 0 0 0 0 0 0 0 0 0 0 0 0 0 0 0 0 0 0 0 0 0 0 0 0 0 0 0 0 0 0 0 0 0 0 0 0 0 0 0 0 0 0 0 0 0 0 0 0 0 0 0 0 0 0 0 0 0 0 0 0 0 0 0 0 0 0 0 0 0 0 0 0 0 0 0 0 0 0 0 0 0 0 0 0 0 0 0 0 0 0 0 0 0 0 0 0 0 0 0 9 41 41 0 49 49 112 117 106 106 107 108 108 105 100 100 95 90 88 88 -1 -1 -1 -1 -1 -1 -1 -1 -1 -1 -1 -1 -1 -1 -1 -1 -1 -1 -1 -1 -1 -1 -1 -1 -1 -1 -1 -1 -1 -1 -1 -1 -1 -1 -1 -1 -1 -1 -1 -1 -1 -1 -1 -1 -1 -1 -1 -1 -1 -1 -1 -1 -1 -1 -1 -1 -1 -1 -1 -1 -1 -1 -1 -1 -1 -1 -1 -1 -1 -1 -1 -1 -1 -1 -1 -1 -1 -1 -1 -1 -1 -1 -1 -1 -1 -1 -1 -1 -1 93 96 96 99 102 102 112 108 114 114
104 104 105 105 107 107 107 104 104 101 99 -1 -1 -1 -1 -1 -1 -1 -1 -1 -1 -1 -1 -1 -1 -1 -1 -1 -1 -1 -1 -1 -1 -1 -1 -1 -1 -1 -1 -1 -1 -1 -1 -1 -1 -1 -1 -1 -1 -1 -1 -1 -1 -1 -1 -1 -1 -1 -1 -1 -1 -1 -1 -1 -1 -1 -1 -1 -1 94 94 100 104 104 111 87 87 24 45 79 79 76 62 62 55 60 68 68 76 64 64 50 43 43 39 45 53 53 54 49 49 44 42 37 37 36 38 38 37 26 26 16 14 13 13 15 18 18 18 18 18 18 14 10 10 9 12 9 9 8 6 6 6 4 4 9 22 38 38 60 91 91 101 87 62 62 25 1 1 0 0 0 0 16 12 12 12 2 2 0 0 0 0 0 0 0 0 0 0 0 0 0 0 0 0 0 15 13 7 7 4 0 0 0 0 12 12 26 35 35 49 43 43 26 7 0 0 0 0 0 0 0 0 0 0 0 0 0 1 1 9 0 0 0 0 0 0 0 0 3 3 9 7 7 1 0 0 0 0 0 0 0 0 0 0 0 0 0 0 10 10 26 42 53 53 55 52 52 47 42 42 45 44 49 49 49 26 26 0 0 2 2 27 30 30 22 19 19 1 0 0 0 0 0 0 0 0 0 0 0 0 0 0 0 0 0 0 0 0 0 0 0 0 0 0 0 0 0 0 0 0 0 0 0 0 0 0 0 0 0 0 0 0 0 0 0 0 0 0 0 0 0 0 0 0 0 0 0 0 0 0 0 0 0 0 0 0 0 0 0 0 0 0 0 0 0 0 0 0 0 0 0 0 0 0 0 0 0 0 0 0 0 0 0 0 0 0 0 0 0 0 0 0 0 0 0 0 0 0 0 0 0 0 0 0 0 0 0 0 0 0 0 7 15 15 24 0 0 81 107 107 113 105 111 111 102 99 99 94 89 -1 -1 -1 -1 -1 -1 -1 -1 -1 -1 -1 -1 -1 -1 -1 -1 -1 -1 -1 -1 -1 -1 -1 -1 -1 -1 -1 -1 -1 -1 -1 -1 -1 -1 -1 -1 -1 -1 -1 -1 -1 -1 -1 -1 -1 -1 -1 -1 -1 -1 -1 -1 -1 -1 -1 -1 -1 -1 -1 -1 -1 -1 -1 -1 -1 -1 -1 -1 -1 -1 -1 -1 -1 -1 -1 -1 -1 -1 -1 -1 -1 -1 -1 -1 -1 -1 -1 -1 -1 -1 -1 -1 -1 -1 -1 -1 -1 91 99 104 104 112
96 97 96 96 101 97 97 101 -1 -1 -1 -1 -1 -1 -1 -1 -1 -1 -1 -1 -1 -1 -1 -1 -1 -1 -1 -1 -1 -1 -1 -1 -1 -1 -1 -1 -1 -1 -1 -1 -1 -1 -1 -1 -1 -1 -1 -1 -1 -1 -1 -1 -1 -1 -1 -1 -1 -1 -1 -1 -1 -1 -1 -1 -1 -1 -1 -1 -1 99 97 97 110 112 112 61 27 56 56 83 77 77 60 47 47 52 61 72 72 60 52 52 42 38 42 42 45 48 48 38 37 37 36 32 26 26 27 29 29 26 16 18 18 16 18 18 19 24 25 25 26 21 21 18 15 15 15 10 3 3 0 0 0 0 1 21 21 37 58 58 84 88 88 65 33 0 0 0 0 0 0 0 13 13 16 0 0 0 0 0 0 0 0 0 0 0 0 0 0 0 0 0 0 0 0 4 0 0 0 0 0 0 0 0 0 3 15 15 22 36 36 32 18 0 0 0 0 0 0 0 0 0 0 0 0 2 0 0 3 4 0 0 0 0 0 0 0 0 0 0 0 0 3 1 1 0 0 0 0 0 0 0 0 0 0 0 0 0 0 3 13 13 30 45 45 45 41 32 32 24 24 26 26 32 33 33 13 0 0 0 4 22 22 24 10 10 0 0 0 0 0 0 0 0 0 0 0 0 0 0 0 0 0 0 0 0 0 0 0 0 0 0 0 0 0 0 0 0 0 0 0 0 0 0 0 0 0 0 0 0 0 0 0 0 0 0 0 0 0 0 0 0 0 0 0 0 2 2 9 9 9 2 0 0 0 0 0 0 0 0 0 0 0 0 0 0 0 0 0 0 0 0 0 0 0 0 0 0 0 0 0 0 0 0 0 0 0 0 0 0 0 0 0 0 0 0 0 0 0 0 0 0 0 0 0 0 0 4 4 9 13 13 15 27 0 0 54 107 107 113 106 107 107 94 96 96 -1 -1 -1 -1 -1 -1 -1 -1 -1 -1 -1 -1 -1 -1 -1 -1 -1 -1 -1 -1 -1 -1 -1 -1 -1 -1 -1 -1 -1 -1 -1 -1 -1 -1 -1 -1 -1 -1 -1 -1 -1 -1 -1 -1 -1 -1 -1 -1 -1 -1 -1 -1 -1 -1 -1 -1 -1 -1 -1 -1 -1 -1 -1 -1 -1 -1 -1 -1 -1 -1 -1 -1 -1 -1 -1 -1 -1 -1 -1 -1 -1 -1 -1 -1 -1 -1 -1 -1 -1 -1 -1 -1 -1 -1 -1 -1 -1 -1 -1 -1 -1 -1 -1 90 107 107
96 96 97 96 101 101 97 101 101 -1 -1 -1 -1 -1 -1 -1 -1 -1 -1 -1 -1 -1 -1 -1 -1 -1 -1 -1 -1 -1 -1 -1 -1 -1 -1 -1 -1 -1 -1 -1 -1 -1 -1 -1 -1 -1 -1 -1 -1 -1 -1 -1 -1 -1 -1 -1 -1 -1 -1 -1 -1 -1 -1 -1 -1 -1 -1 -1 -1 99 99 97 110 110 112 61 61 27 56 83 83 77 60 60 47 52 61 61 72 60 60 52 42 42 38 42 45 45 48 38 38 37 36 32 32 26 27 27 29 26 26 16 18 16 16 18 19 19 24 25 26 26 21 18 18 15 15 10 10 3 0 0 0 0 0 1 21 37 37 58 84 84 88 65 33 33 0 0 0 0 0 0 0 13 16 16 0 0 0 0 0 0 0 0 0 0 0 0 0 0 0 0 0 0 0 0 4 0 0 0 0 0 0 0 0 3 3 15 22 22 36 32 32 18 0 0 0 0 0 0 0 0 0 0 0 2 2 0 3 3 4 0 0 0 0 0 0 0 0 0 0 0 3 3 1 0 0 0 0 0 0 0 0 0 0 0 0 0 0 3 3 13 30 45 45 45 41 41 32 24 24 24 26 32 32 33 13 13 0 0 4 4 22 24 24 10 0 0 0 0 0 0 0 0 0 0 0 0 0 0 0 0 0 0 0 0 0 0 0 0 0 0 0 0 0 0 0 0 0 0 0 0 0 0 0 0 0 0 0 0 0 0 0 0 0 0 0 0 0 0 0 0 0 0 0 0 0 2 9 9 9 2 2 0 0 0 0 0 0 0 0 0 0 0 0 0 0 0 0 0 0 0 0 0 0 0 0 0 0 0 0 0 0 0 0 0 0 0 0 0 0 0 0 0 0 0 0 0 0 0 0 0 0 0 0 0 0 0 4 9 9 13 15 27 27 0 54 54 107 113 113 106 107 94 94 96 -1 -1 -1 -1 -1 -1 -1 -1 -1 -1 -1 -1 -1 -1 -1 -1 -1 -1 -1 -1 -1 -1 -1 -1 -1 -1 -1 -1 -1 -1 -1 -1 -1 -1 -1 -1 -1 -1 -1 -1 -1 -1 -1 -1 -1 -1 -1 -1 -1 -1 -1 -1 -1 -1 -1 -1 -1 -1 -1 -1 -1 -1 -1 -1 -1 -1 -1 -1 -1 -1 -1 -1 -1 -1 -1 -1 -1 -1 -1 -1 -1 -1 -1 -1 -1 -1 -1 -1 -1 -1 -1 -1 -1 -1 -1 -1 -1 -1 -1 -1 -1 -1 -1 90 90 107
-1 -1 -1 -1 -1 -1 -1 -1 -1 -1 -1 -1 -1 -1 -1 -1 -1 -1 -1 -1 -1 -1 -1 -1 -1 -1 -1 -1 -1 -1 -1 -1 -1 -1 -1 -1 -1 -1 -1 -1 -1 -1 -1 -1 -1 -1 -1 -1 -1 -1 -1 -1 -1 -1 -1 -1 -1 -1 -1 -1 -1 -1 -1 -1 -1 -1 -1 -1 96 100 104 104 112 87 87 42 21 53 53 66 61 61 50 47 47 55 64 62 62 54 48 48 38 33 35 35 37 37 37 30 30 30 31 31 24 24 21 24 24 24 21 22 22 22 25 25 27 30 27 27 20 15 15 12 8 8 6 2 0 0 0 0 0 0 0 12 12 29 39 39 54 47 47 19 0 0 0 0 0 0 1 0 12 12 13 9 9 2 0 0 0 0 0 0 0 0 0 0 0 0 0 0 0 0 0 0 0 0 0 0 0 0 0 0 0 1 7 7 9 14 14 12 0 0 0 0 0 0 0 0 0 0 0 9 9 10 0 0 0 0 0 0 0 0 0 0 0 0 0 0 0 0 0 1 1 0 0 0 0 0 0 0 0 2 3 3 4 0 0 0 0 0 10 27 31 31 25 15 15 6 8 14 14 20 24 24 8 0 0 3 8 21 21 18 0 0 0 0 0 0 0 0 0 0 0 0 0 0 0 0 0 0 0 0 0 0 0 0 0 0 0 0 0 0 0 0 0 0 0 0 2 2 0 0 0 0 0 0 0 0 0 0 0 0 0 0 0 0 0 0 0 0 0 0 0 6 10 10 15 13 13 2 0 0 0 0 0 0 0 0 0 0 0 0 0 0 0 0 0 0 0 0 0 0 0 0 0 0 0 0 0 0 0 0 0 0 0 0 0 0 0 0 0 0 0 0 0 0 0 0 0 0 0 0 0 0 14 22 22 21 16 16 14 0 22 22 102 105 105 102 105 104 104 102 -1 -1 -1 -1 -1 -1 -1 -1 -1 -1 -1 -1 -1 -1 -1 -1 -1 -1 -1 -1 -1 -1 -1 -1 -1 -1 -1 -1 -1 -1 -1 -1 -1 -1 -1 -1 -1 -2 -3 -3 -4 -4 -4 -4 -4 -4 -3 -1 -1 -1 -1 -1 -1 -1 -1 -1 -1 -1 -1 -1 -1 -1 -1 -1 -1 -1 -1 -1 -1 -1 -1 -1 -1 -1 -1 -1 -1 -1 -1 -1 -1 -1 -1 -1 -1 -1 -1 -1 -1 -1 -1 -1 -1 -1 -1 -1 -1 -1 -1 -1 -1 -1 -1 -1 -1 -1 94 94
-1 -1 -1 -1 -1 -1 -1 -1 -1 -1 -1 -1 -1 -1 -1 -1 -1 -1 -1 -1 -1 -1 -1 -1 -1 -1 -1 -1 -1 -1 -1 -1 -1 -1 -1 -1 -1 -1 -1 -1 -1 -1 -1 -1 -1 -1 -1 -1 -1 -1 -1 -1 -1 -1 -1 -1 -1 -1 -1 -1 -1 -1 -1 -1 -1 -1 -1 -1 96 100 100 104 112 112 87 42 42 21 53 66 66 61 50 50 47 55 64 64 62 54 54 48 38 38 33 35 37 37 37 30 30 30 31 31 31 24 21 21 24 24 24 21 22 22 22 25 27 27 30 27 20 20 15 12 12 8 6 2 2 0 0 0 0 0 0 0 12 29 29 39 54 54 47 19 0 0 0 0 0 0 1 1 0 12 13 13 9 2 2 0 0 0 0 0 0 0 0 0 0 0 0 0 0 0 0 0 0 0 0 0 0 0 0 0 0 1 1 7 9 9 14 12 12 0 0 0 0 0 0 0 0 0 0 0 9 10 10 0 0 0 0 0 0 0 0 0 0 0 0 0 0 0 0 0 1 0 0 0 0 0 0 0 0 0 2 3 4 4 0 0 0 0 10 27 27 31 25 25 15 6 6 8 14 20 20 24 8 8 0 3 8 8 21 18 18 0 0 0 0 0 0 0 0 0 0 0 0 0 0 0 0 0 0 0 0 0 0 0 0 0 0 0 0 0 0 0 0 0 0 0 2 2 2 0 0 0 0 0 0 0 0 0 0 0 0 0 0 0 0 0 0 0 0 0 0 0 6 10 15 15 13 2 2 0 0 0 0 0 0 0 0 0 0 0 0 0 0 0 0 0 0 0 0 0 0 0 0 0 0 0 0 0 0 0 0 0 0 0 0 0 0 0 0 0 0 0 0 0 0 0 0 0 0 0 0 0 14 14 22 21 21 16 14 0 0 22 102 102 105 102 102 105 104 102 102 -1 -1 -1 -1 -1 -1 -1 -1 -1 -1 -1 -1 -1 -1 -1 -1 -1 -1 -1 -1 -1 -1 -1 -1 -1 -1 -1 -1 -1 -1 -1 -1 -1 -1 -1 -1 -1 -2 -3 -4 -4 -4 -4 -4 -4 -3 -1 -1 -1 -1 -1 -1 -1 -1 -1 -1 -1 -1 -1 -1 -1 -1 -1 -1 -1 -1 -1 -1 -1 -1 -1 -1 -1 -1 -1 -1 -1 -1 -1 -1 -1 -1 -1 -1 -1 -1 -1 -1 -1 -1 -1 -1 -1 -1 -1 -1 -1 -1 -1 -1 -1 -1 -1 -1 -1 -1 94
-1 -1 -1 -1 -1 -1 -1 -1 -1 -1 -1 -1 -1 -1 -1 -1 -1 -1 -1 -1 -1 -1 -1 -1 -1 -1 -1 -1 -1 -1 -1 -1 -1 -1 -1 -1 -1 -1 -1 -1 -1 -1 -1 -1 -1 -1 -1 -1 -1 -1 -1 -1 -1 -1 -1 -1 -1 -1 -1 -1 -1 -1 -1 -1 -1 -1 -1 -1 96 94 111 111 102 43 43 25 -51 52 52 52 43 43 38 39 39 49 59 56 56 49 42 42 35 26 25 25 29 31 31 25 22 22 29 32 27 27 20 21 21 21 24 26 26 29 30 30 35 35 24 24 8 2 2 0 0 0 0 0 0 0 0 0 0 0 0 12 12 24 27 27 33 21 21 0 0 0 0 0 2 2 9 12 18 18 18 18 18 8 0 0 0 0 0 0 0 0 0 0 0 0 0 0 0 0 0 0 0 0 0 0 0 0 0 0 0 4 1 1 0 0 0 0 0 0 0 0 0 0 0 0 0 0 0 1 1 0 0 0 0 0 0 0 0 0 0 0 0 0 0 0 1 1 3 0 0 0 0 0 0 0 0 0 2 3 8 8 13 0 0 0 0 0 0 18 22 22 15 10 10 7 14 22 22 21 16 16 2 0 0 0 0 10 10 7 0 0 0 0 0 0 0 0 0 0 0 0 0 0 0 0 0 0 0 0 0 0 0 0 0 0 0 0 0 0 0 0 0 0 13 13 9 6 0 0 0 0 0 0 0 0 0 0 0 0 0 0 0 0 0 0 0 0 0 0 0 9 15 15 19 18 18 6 0 0 0 0 0 0 0 0 0 0 0 0 0 0 0 0 0 0 0 0 0 0 0 0 0 0 0 0 0 0 0 0 0 0 0 0 0 0 0 0 0 0 0 0 0 0 0 0 0 0 0 0 0 0 27 37 37 24 12 12 10 30 85 85 104 107 107 112 100 97 97 -1 -1 -1 -1 -1 -1 -1 -1 -1 -1 -1 -1 -1 -1 -1 -1 -1 -1 -1 -1 -1 -1 -1 -1 -1 -1 -1 -1 -1 -1 -1 -1 -1 -1 -1 -1 -1 -2 -4 -6 -6 -7 -7 -7 -6 -6 -6 -3 -3 -1 -1 -1 -1 -1 -1 -1 -1 -1 -1 -1 -1 -1 -1 -1 -1 -1 -1 -1 -1 -1 -1 -1 -1 -1 -1 -1 -1 -1 -1 -1 -1 -1 -1 -1 -1 -1 -1 -1 -1 -1 -1 -1 -1 -1 -1 -1 -1 -1 -1 -1 -1 -1 -1 -1 -1 -1 -1 -1 -1
-1 -1 -1 -1 -1 -1 -1 -1 -1 -1 -1 -1 -1 -1 -1 -1 -1 -1 -1 -1 -1 -1 -1 -1 -1 -1 -1 -1 -1 -1 -1 -1 -1 -1 -1 -1 -1 -1 -1 -1 -1 -1 -1 -1 -1 -1 -1 -1 -1 -1 -1 -1 -1 -1 -1 -1 -1 -1 -1 -1 -1 -1 -1 -1 -1 -1 -1 -1 91 102 102 110 83 83 -98 -60 -60 49 31 19 19 19 21 21 30 39 44 44 43 36 36 31 27 27 20 14 10 10 9 13 13 18 24 29 29 29 29 29 27 27 27 35 33 38 38 38 44 44 39 6 0 0 0 0 0 0 0 0 0 0 0 0 0 0 0 0 16 29 29 33 25 25 6 0 0 0 0 0 0 20 21 21 25 29 18 18 15 0 0 0 0 0 0 0 0 0 0 0 0 0 0 0 0 0 0 0 0 0 0 0 0 0 0 0 2 10 10 10 0 0 0 0 0 0 0 0 0 0 0 0 0 0 0 0 0 0 0 0 0 0 0 0 0 0 0 0 0 0 0 1 1 6 8 8 10 7 7 4 1 0 0 2 12 12 18 13 10 10 1 0 0 0 0 6 6 24 25 25 19 19 19 24 26 22 22 4 0 0 0 0 0 0 7 0 0 0 0 0 0 0 0 0 0 0 0 0 0 0 0 0 0 0 0 0 0 0 0 0 0 0 0 0 0 0 3 3 0 8 8 9 14 3 3 1 0 0 0 0 0 0 0 0 0 0 0 0 0 0 0 0 0 0 0 0 0 0 0 0 10 10 9 0 0 0 0 2 2 14 10 10 4 0 0 0 0 0 0 0 0 0 0 0 0 0 0 0 0 0 0 0 0 0 0 0 0 0 0 0 0 0 0 0 0 0 0 0 0 0 0 0 0 0 0 0 0 9 20 20 12 10 10 41 77 107 107 107 106 106 101 97 97 -1 -1 -1 -1 -1 -1 -1 -1 -1 -1 -1 -1 -1 -1 -1 -1 -1 -1 -1 -1 -1 -1 -1 -1 -1 -1 -1 -1 -1 -1 -1 -1 -1 -1 -1 -1 -2 -2 -3 -3 -3 -7 -9 -11 -11 -11 -9 -9 -8 -8 -4 -4 -2 -1 -1 -1 -1 -1 -1 -1 -1 -1 -1 -1 -1 -1 -1 -1 -1 -1 -1 -1 -1 -1 -1 -1 -1 -1 -1 -1 -1 -1 -1 -1 -1 -1 -1 -1 -1 -1 -1 -1 -1 -1 -1 -1 -1 -1 -1 -1 -1 -1 -1 -1 -1 -1 -1 -1 -1 -1 -1
-1 -1 -1 -1 -1 -1 -1 -1 -1 -1 -1 -1 -1 -1 -1 -1 -1 -1 -1 -1 -1 -1 -1 -1 -1 -1 -1 -1 -1 -1 -1 -1 -1 -1 -1 -1 -1 -1 -1 -1 -1 -1 -1 -1 -1 -1 -1 -1 -1 -1 -1 -1 -1 -1 -1 -1 -1 -1 -1 -1 -1 -1 -1 -1 -1 -1 -1 -1 91 102 110 110 83 -98 -98 -60 49 31 31 19 19 19 21 30 30 39 44 43 43 36 31 31 27 20 14 14 10 9 9 13 18 18 24 29 29 29 29 27 27 27 35 33 33 38 38 38 44 39 6 6 0 0 0 0 0 0 0 0 0 0 0 0 0 0 0 16 16 29 33 33 25 6 6 0 0 0 0 0 20 20 21 25 29 29 18 15 15 0 0 0 0 0 0 0 0 0 0 0 0 0 0 0 0 0 0 0 0 0 0 0 0 0 0 0 2 10 10 10 0 0 0 0 0 0 0 0 0 0 0 0 0 0 0 0 0 0 0 0 0 0 0 0 0 0 0 0 0 0 0 1 6 6 8 10 10 7 4 1 1 0 2 2 12 18 13 13 10 1 1 0 0 0 0 6 24 24 25 19 19 19 24 26 26 22 4 4 0 0 0 0 0 7 7 0 0 0 0 0 0 0 0 0 0 0 0 0 0 0 0 0 0 0 0 0 0 0 0 0 0 0 0 0 0 0 3 0 0 8 9 9 14 3 1 1 0 0 0 0 0 0 0 0 0 0 0 0 0 0 0 0 0 0 0 0 0 0 0 0 10 9 9 0 0 0 0 2 14 14 10 4 4 0 0 0 0 0 0 0 0 0 0 0 0 0 0 0 0 0 0 0 0 0 0 0 0 0 0 0 0 0 0 0 0 0 0 0 0 0 0 0 0 0 0 0 9 9 20 12 12 10 41 41 77 107 107 107 106 101 101 97 -1 -1 -1 -1 -1 -1 -1 -1 -1 -1 -1 -1 -1 -1 -1 -1 -1 -1 -1 -1 -1 -1 -1 -1 -1 -1 -1 -1 -1 -1 -1 -1 -1 -1 -1 -1 -1 -2 -3 -3 -3 -7 -9 -9 -11 -11 -11 -9 -8 -8 -8 -4 -2 -2 -1 -1 -1 -1 -1 -1 -1 -1 -1 -1 -1 -1 -1 -1 -1 -1 -1 -1 -1 -1 -1 -1 -1 -1 -1 -1 -1 -1 -1 -1 -1 -1 -1 -1 -1 -1 -1 -1 -1 -1 -1 -1 -1 -1 -1 -1 -1 -1 -1 -1 -1 -1 -1 -1 -1 -1 -1 -1
-1 -1 -1 -1 -1 -1 -1 -1 -1 -1 -1 -1 -1 -1 -1 -1 -1 -1 -1 -1 -1 -1 -1 -1 -1 -1 -1 -1 -1 -1 -1 -1 -1 -1 -1 -1 -1 -1 -1 -1 -1 -1 -1 -1 -1 -1 -1 -1 -1 -1 -1 -1 -1 -1 -1 -1 -1 -1 -1 -1 -1 -1 -1 -1 -1 -1 -1 96 102 107 107 105 24 24 16 -51 -51 36 20 12 12 13 15 15 24 35 39 39 37 27 27 22 19 19 13 8 8 8 4 9 9 13 19 22 22 27 29 29 30 30 30 41 32 25 25 19 26 26 21 0 0 0 0 0 0 0 0 0 0 0 0 0 0 0 0 0 18 30 30 30 22 22 7 0 0 0 0 8 8 27 31 31 30 15 0 0 0 0 0 0 0 0 0 0 0 0 0 0 0 0 0 0 0 0 0 0 8 0 0 0 0 0 0 0 1 2 2 0 0 0 0 0 0 0 0 0 0 0 0 0 0 0 0 0 0 0 0 0 0 0 0 0 0 0 0 0 0 0 0 3 3 9 15 15 16 15 15 12 3 0 0 4 13 13 16 7 1 1 0 0 0 0 0 0 0 15 25 25 24 27 27 29 21 9 9 0 0 0 0 0 0 0 0 0 0 0 0 0 0 0 0 0 0 0 0 0 0 0 0 0 0 0 0 0 0 0 0 0 0 0 10 10 18 15 22 22 14 13 13 4 4 0 0 0 0 0 0 0 0 0 0 0 0 0 0 0 0 0 0 0 0 0 0 0 0 0 0 0 2 2 0 0 0 0 0 0 0 14 8 8 3 0 0 0 0 0 0 0 0 0 0 0 0 0 0 0 0 0 0 0 0 0 0 0 0 0 0 0 0 0 0 0 0 0 0 0 0 0 0 0 0 0 0 0 0 6 2 2 12 59 59 97 102 106 106 106 104 104 99 95 95 -1 -1 -1 -1 -1 -1 -1 -1 -1 -1 -1 -1 -1 -1 -1 -1 -1 -1 -1 -1 -1 -1 -1 -1 -1 -1 -1 -1 -1 -1 -1 -1 -1 -1 -1 -1 -2 -2 -3 -6 -6 -8 -11 -12 -12 -12 -11 -11 -9 -7 -4 -4 -2 -1 -1 -1 -1 -1 -1 -1 -1 -1 -1 -1 -1 -1 -1 -1 -1 -1 -1 -1 -1 -1 -1 -1 -1 -1 -1 -1 -1 -1 -1 -1 -1 -1 -1 -1 -1 -1 -1 -1 -1 -1 -1 -1 -1 -1 -1 -1 -1 -1 -1 -1 -1 -1 -1 -1 -1 -1 -1
-1 -1 -1 -1 -1 -1 -1 -1 -1 -1 -1 -1 -1 -1 -1 -1 -1 -1 -1 -1 -1 -1 -1 -1 -1 -1 -1 -1 -1 -1 -1 -1 -1 -1 -1 -1 -1 -1 -1 -1 -1 -1 -1 -1 -1 -1 -1 -1 -1 -1 -1 -1 -1 -1 -1 -1 -1 -1 -1 -1 -1 -1 -1 -1 -1 -1 96 96 102 107 105 105 24 16 16 -51 36 20 20 12 13 13 15 24 24 35 39 37 37 27 22 22 19 13 8 8 8 4 4 9 13 13 19 22 27 27 29 30 30 30 41 32 32 25 19 19 26 21 0 0 0 0 0 0 0 0 0 0 0 0 0 0 0 0 0 18 18 30 30 30 22 7 7 0 0 0 0 8 27 27 31 30 15 15 0 0 0 0 0 0 0 0 0 0 0 0 0 0 0 0 0 0 0 0 0 8 0 0 0 0 0 0 0 0 1 2 0 0 0 0 0 0 0 0 0 0 0 0 0 0 0 0 0 0 0 0 0 0 0 0 0 0 0 0 0 0 0 0 0 3 9 9 15 16 16 15 12 3 3 0 4 4 13 16 7 7 1 0 0 0 0 0 0 0 15 15 25 24 24 27 29 21 21 9 0 0 0 0 0 0 0 0 0 0 0 0 0 0 0 0 0 0 0 0 0 0 0 0 0 0 0 0 0 0 0 0 0 0 0 0 10 18 15 15 22 14 14 13 4 4 4 0 0 0 0 0 0 0 0 0 0 0 0 0 0 0 0 0 0 0 0 0 0 0 0 0 0 0 2 0 0 0 0 0 0 0 14 14 8 3 3 0 0 0 0 0 0 0 0 0 0 0 0 0 0 0 0 0 0 0 0 0 0 0 0 0 0 0 0 0 0 0 0 0 0 0 0 0 0 0 0 0 0 0 6 6 2 12 12 59 97 97 102 106 106 106 104 99 99 95 -1 -1 -1 -1 -1 -1 -1 -1 -1 -1 -1 -1 -1 -1 -1 -1 -1 -1 -1 -1 -1 -1 -1 -1 -1 -1 -1 -1 -1 -1 -1 -1 -1 -1 -1 -1 -1 -2 -3 -3 -6 -8 -11 -11 -12 -12 -12 -11 -9 -9 -7 -4 -2 -2 -1 -1 -1 -1 -1 -1 -1 -1 -1 -1 -1 -1 -1 -1 -1 -1 -1 -1 -1 -1 -1 -1 -1 -1 -1 -1 -1 -1 -1 -1 -1 -1 -1 -1 -1 -1 -1 -1 -1 -1 -1 -1 -1 -1 -1 -1 -1 -1 -1 -1 -1 -1 -1 -1 -1 -1 -1 -1
-1 -1 -1 -1 -1 -1 -1 -1 -1 -1 -1 -1 -1 -1 -1 -1 -1 -1 -1 -1 -1 -1 -1 -1 -1 -1 -1 -1 -1 -1 -1 -1 -1 -1 -1 -1 -1 -1 -1 -1 -1 -1 -1 -1 -1 -1 -1 -1 -1 -1 -1 -1 -1 -1 -1 -1 -1 -1 -1 -1 -1 -1 -1 -1 -1 99 99 99 106 106 106 79 0 0 54 48 48 26 16 10 10 14 19 19 26 33 37 37 29 18 18 8 6 6 3 4 4 4 2 6 6 7 12 18 18 24 26 26 29 27 27 26 13 0 0 0 4 4 1 0 0 0 0 0 0 0 0 0 0 0 0 0 0 0 0 0 9 15 15 18 14 14 2 0 0 0 0 12 12 19 25 25 26 2 0 0 0 0 0 0 0 0 0 0 0 0 0 0 0 0 0 0 0 0 7 7 12 0 0 0 0 0 0 0 0 0 0 0 0 0 0 0 0 0 0 0 0 0 0 0 0 0 0 0 0 0 0 0 0 0 0 0 0 0 0 0 0 1 4 6 6 14 22 22 24 22 22 18 8 1 1 3 4 4 0 0 0 0 0 0 0 0 0 0 0 7 27 27 29 29 29 20 6 0 0 0 0 0 0 0 0 0 0 0 0 0 0 0 0 0 0 0 0 0 0 0 0 0 0 0 0 0 0 0 0 0 3 13 13 20 25 25 20 18 25 25 22 12 12 0 0 0 0 0 0 0 0 0 0 3 0 0 0 0 0 0 0 0 0 0 0 0 0 0 0 0 0 0 0 0 0 0 0 0 0 0 0 0 0 0 0 0 0 0 0 0 0 0 0 0 0 0 0 0 0 0 0 0 0 0 0 0 0 0 0 0 0 0 0 0 0 0 0 0 0 0 0 0 0 0 0 1 1 1 0 0 25 25 72 105 105 110 106 106 106 101 99 99 94 -1 -1 -1 -1 -1 -1 -1 -1 -1 -1 -1 -1 -1 -1 -1 -1 -1 -1 -1 -1 -1 -1 -1 -1 -1 -1 -1 -1 -1 -1 -1 -1 -1 -1 -1 -1 -1 -1 -2 -2 -4 -7 -7 -9 -11 -13 -13 -13 -13 -13 -9 -7 -4 -4 -2 -1 -1 -1 -1 -1 -1 -1 -1 -1 -1 -1 -1 -1 -1 -1 -1 -1 -1 -1 -1 -1 -1 -1 -1 -1 -1 -1 -1 -1 -1 -1 -1 -1 -1 -1 -1 -1 -1 -1 -1 -1 -1 -1 -1 -1 -1 -1 -1 -1 -1 -1 -1 -1 -1 -1 -1 -1 -1
-1 -1 -1 -1 -1 -1 -1 -1 -1 -1 -1 -1 -1 -1 -1 -1 -1 -1 -1 -1 -1 -1 -1 -1 -1 -1 -1 -1 -1 -1 -1 -1 -1 -1 -1 -1 -1 -1 -1 -1 -1 -1 -1 -1 -1 -1 -1 -1 -1 -1 -1 -1 -1 -1 -1 -1 -1 -1 -1 -1 -1 -1 -1 95 95 96 107 107 108 105 19 19 21 61 61 42 26 20 20 21 27 27 31 36 36 37 37 19 19 7 0 0 0 0 0 0 4 1 1 4 6 6 7 13 15 15 16 15 15 14 2 0 0 0 0 0 0 0 0 0 0 0 0 0 0 0 0 0 0 0 0 0 0 0 0 0 0 2 6 6 4 0 0 0 0 0 0 19 20 20 20 15 0 0 0 0 0 0 0 0 0 0 0 0 0 0 0 0 0 0 0 0 0 0 7 9 0 0 0 0 0 0 0 0 0 0 0 0 0 0 0 0 0 0 0 0 0 0 0 0 0 0 0 0 0 0 0 0 0 0 0 0 0 0 0 0 9 9 13 15 20 20 29 27 27 25 20 10 10 4 4 4 0 0 0 0 0 0 0 0 0 0 0 0 0 0 24 26 26 21 6 0 0 0 0 0 0 0 0 0 0 0 0 0 0 0 0 0 0 0 0 0 0 0 0 0 0 0 0 0 0 4 4 13 19 25 25 27 25 25 25 27 21 21 25 24 24 4 0 0 0 0 0 0 0 0 0 7 12 1 1 0 0 0 0 0 0 1 6 9 9 7 2 2 0 0 0 0 0 0 0 0 0 0 0 0 0 0 0 0 0 0 0 0 0 0 0 0 0 0 0 0 0 0 0 0 0 0 0 0 0 0 0 0 0 0 0 0 0 0 0 0 0 0 0 0 0 0 0 0 0 0 0 0 37 37 96 112 112 108 107 107 105 99 96 96 93 -1 -1 -1 -1 -1 -1 -1 -1 -1 -1 -1 -1 -1 -1 -1 -1 -1 -1 -1 -1 -1 -1 -1 -1 -1 -1 -1 -1 -1 -1 -1 -1 -1 -1 -1 -1 -1 -1 -1 -1 -3 -6 -6 -7 -11 -13 -13 -16 -17 -17 -13 -12 -12 -7 -4 -2 -2 -1 -1 -1 -1 -1 -1 -1 -1 -1 -1 -1 -1 -1 -1 -1 -1 -1 -1 -1 -1 -1 -1 -1 -1 -1 -1 -1 -1 -1 -1 -1 -1 -1 -1 -1 -1 -1 -1 -1 -1 -1 -1 -1 -1 -1 -1 -1 -1 -1 -1 -1 -1 -1 -1 -1 -1 -1 -1
-1 -1 -1 -1 -1 -1 -1 -1 -1 -1 -1 -1 -1 -1 -1 -1 -1 -1 -1 -1 -1 -1 -1 -1 -1 -1 -1 -1 -1 -1 -1 -1 -1 -1 -1 -1 -1 -1 -1 -1 -1 -1 -1 -1 -1 -1 -1 -1 -1 -1 -1 -1 -1 -1 -1 -1 -1 -1 -1 -1 -1 -1 -1 -1 95 96 96 107 108 105 105 19 21 21 61 42 42 26 20 21 21 27 31 31 36 37 37 37 19 7 7 0 0 0 0 0 4 4 1 4 4 6 7 13 13 15 16 16 15 14 14 2 0 0 0 0 0 0 0 0 0 0 0 0 0 0 0 0 0 0 0 0 0 0 0 0 0 2 2 6 4 4 0 0 0 0 0 19 19 20 20 20 15 0 0 0 0 0 0 0 0 0 0 0 0 0 0 0 0 0 0 0 0 0 7 7 9 0 0 0 0 0 0 0 0 0 0 0 0 0 0 0 0 0 0 0 0 0 0 0 0 0 0 0 0 0 0 0 0 0 0 0 0 0 0 0 0 9 13 15 15 20 29 29 27 25 25 20 10 4 4 4 0 0 0 0 0 0 0 0 0 0 0 0 0 0 24 24 26 21 21 6 0 0 0 0 0 0 0 0 0 0 0 0 0 0 0 0 0 0 0 0 0 0 0 0 0 0 0 0 0 0 4 13 13 19 25 27 27 25 25 25 27 21 25 25 24 4 4 0 0 0 0 0 0 0 0 7 7 12 1 0 0 0 0 0 0 1 6 6 9 7 7 2 0 0 0 0 0 0 0 0 0 0 0 0 0 0 0 0 0 0 0 0 0 0 0 0 0 0 0 0 0 0 0 0 0 0 0 0 0 0 0 0 0 0 0 0 0 0 0 0 0 0 0 0 0 0 0 0 0 0 0 0 0 37 96 96 112 108 108 107 105 99 99 96 93 93 -1 -1 -1 -1 -1 -1 -1 -1 -1 -1 -1 -1 -1 -1 -1 -1 -1 -1 -1 -1 -1 -1 -1 -1 -1 -1 -1 -1 -1 -1 -1 -1 -1 -1 -1 -1 -1 -1 -1 -3 -3 -6 -7 -7 -11 -13 -16 -16 -17 -13 -13 -12 -7 -4 -4 -2 -1 -1 -1 -1 -1 -1 -1 -1 -1 -1 -1 -1 -1 -1 -1 -1 -1 -1 -1 -1 -1 -1 -1 -1 -1 -1 -1 -1 -1 -1 -1 -1 -1 -1 -1 -1 -1 -1 -1 -1 -1 -1 -1 -1 -1 -1 -1 -1 -1 -1 -1 -1 -1 -1 -1 -1 -1 -1
-1 -1 -1 -1 -1 -1 -1 -1 -1 -1 -1 -1 -1 -1 -1 -1 -1 -1 -1 -1 -1 -1 -1 -1 -1 -1 -1 -1 -1 -1 -1 -1 -1 -1 -1 -1 -1 -1 -1 -1 -1 -1 -1 -1 -1 -1 -1 -1 -1 -1 -1 -1 -1 -1 -1 -1 -1 -1 -1 93 95 95 100 102 102 110 107 107 99 74 0 0 53 55 55 50 30 27 27 32 41 41 42 41 41 37 31 8 8 0 0 0 0 0 3 3 9 8 8 10 10 10 9 10 7 7 1 0 0 0 0 0 0 0 0 0 0 0 0 0 0 0 0 0 0 0 0 0 0 0 0 0 0 0 0 0 0 0 0 0 0 0 0 0 0 10 10 35 27 27 20 1 0 0 0 0 0 0 0 0 0 0 0 0 0 0 0 0 0 0 0 0 0 0 0 0 0 0 0 0 0 0 0 0 0 0 0 0 0 0 0 0 0 9 9 15 10 10 2 0 0 0 0 0 0 0 0 0 0 0 0 0 0 0 0 2 10 10 15 19 21 21 24 19 19 12 3 0 0 0 0 0 0 0 0 0 0 0 0 0 0 0 0 0 0 0 14 19 19 14 0 0 0 0 0 0 0 0 0 0 0 0 0 0 0 0 0 0 0 0 0 0 0 0 3 3 4 0 0 0 3 15 15 21 25 29 29 27 27 27 29 24 21 21 21 14 14 0 0 0 0 0 0 0 0 4 4 15 8 0 0 0 0 0 0 0 0 6 14 16 16 13 6 6 2 0 0 0 0 0 0 0 0 0 0 0 0 0 0 0 0 0 0 0 0 0 0 0 0 0 0 0 0 0 0 2 0 0 0 0 0 0 0 0 0 0 0 0 0 0 0 0 0 0 0 0 0 0 0 0 0 0 0 43 97 97 117 108 108 104 105 105 101 93 -1 -1 -1 -1 -1 -1 -1 -1 -1 -1 -1 -1 -1 -1 -1 -1 -1 -1 -1 -1 -1 -1 -1 -1 -1 -1 -1 -1 -1 -1 -1 -1 -1 -1 -1 -1 -1 -1 -1 -1 -1 -2 -2 -4 -7 -7 -8 -11 -14 -14 -17 -17 -17 -14 -12 -12 -7 -4 -1 -1 -1 -1 -1 -1 -1 -1 -1 -1 -1 -1 -1 -1 -1 -1 -1 -1 -1 -1 -1 -1 -1 -1 -1 -1 -1 -1 -1 -1 -1 -1 -1 -1 -1 -1 -1 -1 -1 -1 -1 -1 -1 -1 -1 -1 -1 -1 -1 -1 -1 -1 -1 -1 -1 -1 -1 -1 -1 -1
-1 -1 -1 -1 -1 -1 -1 -1 -1 -1 -1 -1 -1 -1 -1 -1 -1 -1 -1 -1 -1 -1 -1 -1 -1 -1 -1 -1 -1 -1 -1 -1 -1 -1 -1 -1 -1 -1 -1 -1 -1 -1 -1 -1 -1 -1 -1 -1 -1 -1 -1 -1 -1 -1 -1 -1 -1 93 94 94 99 102 107 107 107 106 106 88 70 0 0 25 43 43 38 33 33 30 31 38 38 47 47 47 44 36 27 27 0 0 0 0 0 0 0 9 15 15 15 18 18 15 15 12 12 0 0 0 0 0 0 0 0 0 0 0 0 0 0 0 0 0 0 0 0 0 0 0 0 0 0 0 0 0 0 0 0 0 0 0 0 0 0 0 0 0 25 43 43 36 20 20 0 0 0 0 0 0 0 0 0 0 0 0 0 0 0 0 0 0 0 0 0 0 0 0 0 0 0 0 0 0 0 0 0 0 0 0 0 0 0 6 6 13 19 19 19 8 0 0 0 0 0 0 0 0 0 0 0 0 0 0 4 4 6 8 8 13 19 24 24 22 20 20 12 2 2 0 0 0 0 0 0 0 0 0 0 0 0 0 0 0 0 0 0 0 13 13 18 8 8 0 0 0 0 0 0 0 0 0 0 0 0 0 0 0 0 0 0 0 0 0 0 2 2 3 1 0 0 1 4 4 14 21 21 22 22 22 22 22 24 24 18 19 16 16 7 0 0 0 0 0 0 3 8 8 13 13 13 0 0 0 0 0 0 0 0 3 15 15 18 13 13 6 3 3 0 0 0 0 0 0 0 0 0 0 0 0 0 0 0 0 0 0 0 0 0 0 0 0 0 0 0 0 2 0 0 0 0 0 0 0 0 0 0 0 0 0 0 0 0 0 0 0 0 0 0 0 0 0 0 32 -27 -27 107 114 99 99 108 106 106 -1 -1 -1 -1 -1 -1 -1 -1 -1 -1 -1 -1 -1 -1 -1 -1 -1 -1 -1 -1 -1 -1 -1 -1 -1 -1 -1 -1 -1 -1 -1 -1 -1 -1 -1 -1 -1 -1 -1 -1 -1 -1 -1 -1 -1 -3 -4 -4 -8 -8 -8 -12 -16 -18 -18 -17 -14 -14 -12 -7 -4 -4 -1 -1 -1 -1 -1 -1 -1 -1 -1 -1 -1 -1 -1 -1 -1 -1 -1 -1 -1 -1 -1 -1 -1 -1 -1 -1 -1 -1 -1 -1 -1 -1 -1 -1 -1 -1 -1 -1 -1 -1 -1 -1 -1 -1 -1 -1 -1 -1 -1 -1 -1 -1 -1 -1 -1 -1 -1 -1 -1
-1 -1 -1 -1 -1 -1 -1 -1 -1 -1 -1 -1 -1 -1 -1 -1 -1 -1 -1 -1 -1 -1 -1 -1 -1 -1 -1 -1 -1 -1 -1 -1 -1 -1 -1 -1 -1 -1 -1 -1 -1 -1 -1 -1 -1 -1 -1 -1 -1 -1 -1 -1 -1 -1 -1 -1 93 93 94 99 102 102 107 107 107 106 88 88 70 0 25 25 43 38 38 33 30 31 31 38 47 47 47 44 44 36 27 0 0 0 0 0 0 0 9 9 15 15 15 18 15 15 15 12 0 0 0 0 0 0 0 0 0 0 0 0 0 0 0 0 0 0 0 0 0 0 0 0 0 0 0 0 0 0 0 0 0 0 0 0 0 0 0 0 0 25 25 43 36 36 20 0 0 0 0 0 0 0 0 0 0 0 0 0 0 0 0 0 0 0 0 0 0 0 0 0 0 0 0 0 0 0 0 0 0 0 0 0 0 0 0 6 13 19 19 19 8 8 0 0 0 0 0 0 0 0 0 0 0 0 0 0 4 6 6 8 13 13 19 24 22 22 20 12 12 2 0 0 0 0 0 0 0 0 0 0 0 0 0 0 0 0 0 0 0 0 13 18 18 8 0 0 0 0 0 0 0 0 0 0 0 0 0 0 0 0 0 0 0 0 0 0 0 2 3 3 1 0 1 1 4 14 14 21 22 22 22 22 22 22 24 18 19 19 16 7 7 0 0 0 0 0 3 3 8 13 13 13 0 0 0 0 0 0 0 0 0 3 15 18 18 13 6 6 3 0 0 0 0 0 0 0 0 0 0 0 0 0 0 0 0 0 0 0 0 0 0 0 0 0 0 0 0 2 2 0 0 0 0 0 0 0 0 0 0 0 0 0 0 0 0 0 0 0 0 0 0 0 0 0 32 32 -27 107 114 114 99 108 108 106 -1 -1 -1 -1 -1 -1 -1 -1 -1 -1 -1 -1 -1 -1 -1 -1 -1 -1 -1 -1 -1 -1 -1 -1 -1 -1 -1 -1 -1 -1 -1 -1 -1 -1 -1 -1 -1 -1 -1 -1 -1 -1 -1 -1 -1 -3 -3 -4 -8 -8 -8 -12 -16 -16 -18 -17 -17 -14 -12 -12 -7 -4 -1 -1 -1 -1 -1 -1 -1 -1 -1 -1 -1 -1 -1 -1 -1 -1 -1 -1 -1 -1 -1 -1 -1 -1 -1 -1 -1 -1 -1 -1 -1 -1 -1 -1 -1 -1 -1 -1 -1 -1 -1 -1 -1 -1 -1 -1 -1 -1 -1 -1 -1 -1 -1 -1 -1 -1 -1 -1 -1 -1
-1 -1 -1 -1 -1 -1 -1 -1 -1 -1 -1 -1 -1 -1 -1 -1 -1 -1 -1 -1 -1 -1 -1 -1 -1 -1 -1 -1 -1 -1 -1 -1 -1 -1 -1 -1 -1 -1 -1 -1 -1 -1 -1 -1 -1 -1 -1 -1 -1 -1 -1 -1 -1 -1 93 95 95 97 100 100 102 107 105 105 100 99 99 65 39 0 0 37 31 31 43 32 32 22 25 33 33 41 39 39 37 29 19 19 0 0 0 0 0 0 0 10 20 20 18 22 22 24 21 12 12 0 0 0 0 0 0 0 0 0 0 0 0 0 0 0 0 0 0 0 0 0 0 0 0 0 0 0 0 0 0 0 0 0 0 0 0 0 0 0 0 0 27 37 37 33 19 19 0 0 0 0 0 0 0 0 0 0 0 0 0 0 0 0 0 0 0 0 0 0 0 0 0 0 0 0 0 0 0 0 0 0 0 0 0 0 8 13 13 13 12 8 8 2 0 0 0 0 0 0 0 0 0 0 0 0 0 2 15 15 20 18 18 16 18 22 22 20 12 12 0 0 0 0 0 0 0 0 0 0 0 0 0 0 0 0 0 0 0 0 0 0 14 14 18 7 7 0 0 0 0 0 0 0 0 0 0 0 0 0 0 0 0 0 0 0 0 0 0 0 0 0 0 0 0 2 3 3 13 16 16 18 19 16 16 14 15 15 24 18 2 2 0 0 0 0 0 0 0 14 12 12 7 1 1 0 0 0 0 0 0 0 0 0 10 10 12 3 3 0 0 0 0 0 0 0 0 0 0 0 0 0 0 0 0 0 0 0 0 0 0 0 0 0 0 0 0 0 0 0 0 0 0 0 0 0 0 0 0 0 0 0 0 0 0 0 0 0 0 0 0 2 0 0 0 9 9 71 102 102 110 110 105 105 101 93 93 -1 -1 -1 -1 -1 -1 -1 -1 -1 -1 -1 -1 -1 -1 -1 -1 -1 -1 -1 -1 -1 -1 -1 -1 -1 -1 -1 -1 -1 -1 -1 -1 -1 -1 -1 -1 -1 -1 -1 -1 -1 -1 -1 -1 -1 -3 -4 -4 -7 -9 -9 -12 -16 -18 -18 -17 -14 -14 -12 -7 -3 -3 -1 -1 -1 -1 -1 -1 -1 -1 -1 -1 -1 -1 -1 -1 -1 -1 -1 -1 -1 -1 -2 -1 -1 -1 -1 -1 -1 -1 -1 -1 -1 -1 -1 -1 -1 -1 -1 -1 -1 -1 -1 -1 -1 -1 -1 -1 -1 -1 -1 -1 -1 -1 -1 -1 -1 -1 -1 -1 -1
-1 -1 -1 -1 -1 -1 -1 -1 -1 -1 -1 -1 -1 -1 -1 -1 -1 -1 -1 -1 -1 -1 -1 -1 -1 -1 -1 -1 -1 -1 -1 -1 -1 -1 -1 -1 -1 -1 -1 -1 -1 -1 -1 -1 -1 -1 -1 -1 -1 -1 -1 -1 -1 93 93 95 97 97 100 102 107 107 105 100 100 99 65 65 39 0 37 37 31 43 43 32 22 25 25 33 41 41 39 37 37 29 19 0 0 0 0 0 0 0 10 10 20 18 18 22 24 24 21 12 0 0 0 0 0 0 0 0 0 0 0 0 0 0 0 0 0 0 0 0 0 0 0 0 0 0 0 0 0 0 0 0 0 0 0 0 0 0 0 0 0 27 27 37 33 33 19 0 0 0 0 0 0 0 0 0 0 0 0 0 0 0 0 0 0 0 0 0 0 0 0 0 0 0 0 0 0 0 0 0 0 0 0 0 0 8 8 13 13 12 12 8 2 2 0 0 0 0 0 0 0 0 0 0 0 0 2 2 15 20 20 18 16 16 18 22 20 20 12 0 0 0 0 0 0 0 0 0 0 0 0 0 0 0 0 0 0 0 0 0 0 0 14 18 18 7 0 0 0 0 0 0 0 0 0 0 0 0 0 0 0 0 0 0 0 0 0 0 0 0 0 0 0 0 2 2 3 13 13 16 18 19 19 16 14 14 15 24 18 18 2 0 0 0 0 0 0 0 14 14 12 7 7 1 0 0 0 0 0 0 0 0 0 0 10 12 12 3 0 0 0 0 0 0 0 0 0 0 0 0 0 0 0 0 0 0 0 0 0 0 0 0 0 0 0 0 0 0 0 0 0 0 0 0 0 0 0 0 0 0 0 0 0 0 0 0 0 0 0 0 0 2 0 0 0 9 71 71 102 110 110 110 105 101 101 93 -1 -1 -1 -1 -1 -1 -1 -1 -1 -1 -1 -1 -1 -1 -1 -1 -1 -1 -1 -1 -1 -1 -1 -1 -1 -1 -1 -1 -1 -1 -1 -1 -1 -1 -1 -1 -1 -1 -1 -1 -1 -1 -1 -1 -1 -3 -3 -4 -7 -7 -9 -12 -16 -16 -18 -17 -17 -14 -12 -12 -7 -3 -1 -1 -1 -1 -1 -1 -1 -1 -1 -1 -1 -1 -1 -1 -1 -1 -1 -1 -1 -1 -2 -2 -1 -1 -1 -1 -1 -1 -1 -1 -1 -1 -1 -1 -1 -1 -1 -1 -1 -1 -1 -1 -1 -1 -1 -1 -1 -1 -1 -1 -1 -1 -1 -1 -1 -1 -1 -1 -1 -1
-1 -1 -1 -1 -1 -1 -1 -1 -1 -1 -1 -1 -1 -1 -1 -1 -1 -1 -1 -1 -1 -1 -1 -1 -1 -1 -1 -1 -1 -1 -1 -1 -1 -1 -1 -1 -1 -1 -1 -1 -1 -1 -1 -1 -1 -1 -1 -1 -1 -1 -1 -1 -1 -1 99 101 101 102 104 104 107 106 99 99 91 -59 -59 -106 0 42 42 37 22 22 24 18 18 12 14 20 20 27 27 27 24 19 10 10 0 0 0 0 0 0 0 12 19 19 15 26 26 26 24 14 14 0 0 0 0 0 0 3 0 0 0 0 0 0 0 3 0 0 0 0 0 0 0 0 0 0 0 0 0 0 0 0 0 0 0 0 0 0 0 0 7 7 26 20 20 9 2 2 0 0 0 0 0 0 0 0 0 0 0 0 0 0 0 0 0 0 0 0 0 0 0 0 0 0 0 0 0 0 0 0 0 0 0 0 0 0 16 15 15 4 0 0 0 0 0 0 0 0 0 0 0 0 0 0 0 0 0 6 20 20 24 20 20 8 3 4 4 0 0 0 0 0 0 0 0 0 0 0 0 0 0 0 0 0 0 0 0 0 0 0 0 0 8 8 16 10 10 0 0 0 0 0 0 0 0 0 0 0 0 0 0 0 0 0 0 0 0 0 0 0 0 0 0 0 0 1 6 6 10 10 10 9 13 15 15 14 16 16 14 0 0 0 0 0 0 0 0 7 7 9 0 0 0 0 0 0 0 0 0 0 0 0 0 0 0 0 0 0 0 0 0 0 0 0 0 0 0 0 0 0 0 0 0 0 0 0 0 0 0 0 0 0 0 0 0 0 0 0 0 0 0 0 0 0 0 0 0 0 0 0 0 0 0 0 0 2 2 14 8 8 19 0 0 0 9 76 76 111 113 113 106 104 101 101 94 -1 -1 -1 -1 -1 -1 -1 -1 -1 -1 -1 -1 -1 -1 -1 -1 -1 -1 -1 -1 -1 -1 -1 -1 -1 -1 -1 -1 -1 -1 -1 -1 -1 -1 -1 -1 -1 -1 -1 -1 -1 -1 -1 -1 -1 -1 -1 -3 -4 -4 -8 -9 -9 -12 -16 -18 -18 -17 -14 -14 -12 -7 -3 -3 -1 -1 -1 -1 -1 -1 -1 -1 -1 -1 -1 -1 -1 -1 -1 -1 -1 -1 -1 -1 -2 -2 -1 -1 -1 -1 -1 -1 -1 -1 -1 -1 -1 -1 -1 -1 -1 -1 -1 -1 -1 -1 -1 -1 -1 -1 -1 -1 -1 -1 -1 -1 -1 -1 -1 -1 -1 -1 -1
-1 -1 -1 -1 -1 -1 -1 -1 -1 -1 -1 -1 -1 -1 -1 -1 -1 -1 -1 -1 -1 -1 -1 -1 -1 -1 -1 -1 -1 -1 -1 -1 -1 -1 -1 -1 -1 -1 -1 -1 -1 -1 -1 -1 -1 -1 -1 -1 -1 100 100 99 107 101 101 111 102 102 108 105 76 76 0 0 0 16 45 45 53 38 26 26 16 8 8 8 0 3 3 7 10 10 10 10 10 9 6 0 0 0 0 0 0 0 0 0 7 4 4 12 20 20 24 15 2 2 0 0 0 0 0 3 3 1 0 0 0 0 0 0 0 0 0 0 0 0 0 0 0 0 0 0 0 0 0 0 0 0 0 0 0 0 0 10 21 19 19 14 0 0 0 0 0 0 0 0 0 0 0 0 0 0 0 0 0 0 0 0 0 0 0 0 0 0 0 0 0 0 0 0 0 0 0 0 0 0 10 10 15 16 16 10 0 0 0 0 0 0 0 0 0 0 0 0 0 0 0 0 0 0 2 2 16 18 18 12 1 1 0 0 0 0 0 0 0 0 0 0 0 0 0 0 0 0 0 0 0 0 0 0 0 0 0 0 0 0 0 9 9 13 9 0 0 0 0 0 0 0 0 0 0 0 0 0 0 0 0 0 0 0 0 0 0 0 0 0 0 0 0 0 14 12 12 2 6 7 7 10 18 18 10 0 0 0 0 0 0 0 0 0 9 15 0 0 0 0 0 0 0 0 0 0 0 0 0 0 0 0 0 0 0 0 0 0 0 0 0 0 0 0 0 0 0 0 0 0 0 0 0 0 0 0 0 0 0 0 0 0 0 0 0 0 0 0 0 0 0 0 0 0 0 0 0 0 0 0 0 15 15 33 27 27 6 0 0 12 66 100 100 108 113 113 104 100 94 94 -1 -1 -1 -1 -1 -1 -1 -1 -1 -1 -1 -1 -1 -1 -1 -1 -1 -1 -1 -1 -1 -1 -1 -1 -1 -1 -1 -1 -1 -1 -1 -1 -1 -1 -1 -1 -1 -1 -1 -1 -1 -1 -1 -1 -1 -1 -1 -1 -2 -3 -3 -6 -8 -8 -11 -14 -18 -18 -20 -18 -18 -17 -16 -16 -7 -6 -3 -3 -2 -1 -1 -1 -1 -1 -1 -1 -1 -1 -1 -1 -1 -2 -4 -4 -4 -4 -6 -6 -4 -3 -2 -2 -1 -1 -1 -1 -1 -1 -1 -1 -1 -1 -1 -1 -1 -1 -1 -1 -1 -1 -1 -1 -1 -1 -1 -1 -1 -1 -1 -1 -1 -1 -1 -1 -1 -1
-1 -1 -1 -1 -1 -1 -1 -1 -1 -1 -1 -1 -1 -1 -1 -1 -1 -1 -1 -1 -1 -1 -1 -1 -1 -1 -1 -1 -1 -1 -1 -1 -1 -1 -1 -1 -1 -1 -1 -1 -1 -1 -1 -1 -1 -1 -1 -1 -1 -1 100 99 99 107 101 111 111 102 108 108 105 76 0 0 0 16 16 45 53 38 38 26 16 16 8 8 8 0 3 7 7 10 10 10 10 9 6 6 0 0 0 0 0 0 0 0 7 7 4 12 12 20 24 15 15 2 0 0 0 0 0 0 3 1 1 0 0 0 0 0 0 0 0 0 0 0 0 0 0 0 0 0 0 0 0 0 0 0 0 0 0 0 0 10 21 21 19 14 14 0 0 0 0 0 0 0 0 0 0 0 0 0 0 0 0 0 0 0 0 0 0 0 0 0 0 0 0 0 0 0 0 0 0 0 0 0 0 10 15 15 16 10 10 0 0 0 0 0 0 0 0 0 0 0 0 0 0 0 0 0 0 2 16 16 18 12 12 1 0 0 0 0 0 0 0 0 0 0 0 0 0 0 0 0 0 0 0 0 0 0 0 0 0 0 0 0 0 0 9 13 13 9 0 0 0 0 0 0 0 0 0 0 0 0 0 0 0 0 0 0 0 0 0 0 0 0 0 0 0 0 14 14 12 2 2 6 7 10 10 18 10 10 0 0 0 0 0 0 0 0 9 15 15 0 0 0 0 0 0 0 0 0 0 0 0 0 0 0 0 0 0 0 0 0 0 0 0 0 0 0 0 0 0 0 0 0 0 0 0 0 0 0 0 0 0 0 0 0 0 0 0 0 0 0 0 0 0 0 0 0 0 0 0 0 0 0 0 0 15 33 33 27 6 6 0 12 66 66 100 108 108 113 104 104 100 94 -1 -1 -1 -1 -1 -1 -1 -1 -1 -1 -1 -1 -1 -1 -1 -1 -1 -1 -1 -1 -1 -1 -1 -1 -1 -1 -1 -1 -1 -1 -1 -1 -1 -1 -1 -1 -1 -1 -1 -1 -1 -1 -1 -1 -1 -1 -1 -1 -2 -2 -3 -6 -6 -8 -11 -11 -14 -18 -20 -20 -18 -17 -17 -16 -7 -6 -6 -3 -2 -2 -1 -1 -1 -1 -1 -1 -1 -1 -1 -1 -1 -2 -4 -4 -4 -4 -4 -6 -4 -3 -3 -2 -1 -1 -1 -1 -1 -1 -1 -1 -1 -1 -1 -1 -1 -1 -1 -1 -1 -1 -1 -1 -1 -1 -1 -1 -1 -1 -1 -1 -1 -1 -1 -1 -1 -1
-1 -1 -1 -1 -1 -1 -1 -1 -1 -1 -1 -1 -1 -1 -1 -1 -1 -1 -1 -1 -1 -1 -1 -1 -1 -1 -1 -1 -1 -1 -1 -1 -1 -1 -1 -1 -1 -1 -1 -1 -1 -1 -1 -1 -1 88 97 97 97 100 100 111 102 108 108 106 117 117 84 2 0 0 42 45 45 44 48 48 41 26 16 16 12 2 2 0 0 0 0 2 0 0 0 0 0 0 0 0 0 0 0 0 0 0 0 0 8 6 6 9 13 13 12 10 6 6 0 0 0 0 0 0 0 6 1 1 0 0 0 0 0 0 0 0 0 0 0 0 0 0 0 0 0 1 1 0 0 0 0 0 0 10 10 22 22 19 19 10 0 0 0 0 0 0 0 0 0 0 0 0 0 0 0 0 0 0 0 0 0 0 0 0 0 0 0 0 0 0 0 0 0 0 0 0 0 0 0 0 0 0 0 0 0 0 0 0 0 0 0 0 0 0 0 0 0 0 0 0 0 0 0 0 7 3 3 0 0 0 0 0 0 0 0 0 0 0 0 0 0 0 0 0 0 0 0 0 0 0 0 0 0 0 0 0 0 0 0 0 0 2 0 0 0 0 0 0 0 0 0 0 0 0 0 0 0 0 0 0 0 0 0 0 0 0 0 0 0 0 1 1 10 8 8 1 2 3 3 3 0 0 0 0 0 0 0 0 0 0 0 0 0 0 0 0 0 0 0 0 0 0 0 0 0 0 0 0 0 0 0 0 0 0 0 0 0 0 0 0 0 0 0 0 0 0 0 0 0 0 0 0 0 0 0 0 0 0 0 0 0 0 0 0 0 0 0 0 0 0 0 0 0 0 0 0 0 0 10 33 33 6 0 0 0 82 82 99 108 110 110 113 101 101 100 95 91 91 -1 -1 -1 -1 -1 -1 -1 -1 -1 -1 -1 -1 -1 -1 -1 -1 -1 -1 -1 -1 -1 -1 -1 -1 -1 -1 -1 -1 -1 -1 -1 -1 -1 -1 -1 -1 -1 -1 -1 -1 -1 -1 -1 -1 -1 -1 -1 -1 -2 -3 -3 -6 -9 -9 -12 -16 -18 -18 -20 -18 -18 -18 -16 -16 -8 -7 -4 -4 -3 -2 -2 -1 -2 -2 -2 -1 -1 -1 -1 -2 -2 -3 -4 -6 -6 -7 -8 -8 -7 -6 -3 -3 -1 -1 -1 -1 -1 -1 -1 -1 -1 -1 -1 -1 -1 -1 -1 -1 -1 -1 -1 -1 -1 -1 -1 -1 -1 -1 -1 -1 -1 -1 -1 -1 -1 -1
-1 -1 -1 -1 -1 -1 -1 -1 -1 -1 -1 -1 -1 -1 -1 -1 -1 -1 -1 -1 -1 -1 -1 -1 -1 -1 -1 -1 -1 -1 -1 -1 -1 -1 -1 -1 -1 -1 -1 -1 -1 -1 -1 -1 -1 88 88 97 97 97 100 111 111 102 108 106 106 117 84 84 2 0 42 42 45 44 44 48 41 26 26 16 12 12 2 0 0 0 0 2 2 0 0 0 0 0 0 0 0 0 0 0 0 0 0 0 8 8 6 9 9 13 12 10 10 6 0 0 0 0 0 0 0 6 6 1 0 0 0 0 0 0 0 0 0 0 0 0 0 0 0 0 0 1 1 1 0 0 0 0 0 0 10 22 22 22 19 10 10 0 0 0 0 0 0 0 0 0 0 0 0 0 0 0 0 0 0 0 0 0 0 0 0 0 0 0 0 0 0 0 0 0 0 0 0 0 0 0 0 0 0 0 0 0 0 0 0 0 0 0 0 0 0 0 0 0 0 0 0 0 0 0 7 7 3 0 0 0 0 0 0 0 0 0 0 0 0 0 0 0 0 0 0 0 0 0 0 0 0 0 0 0 0 0 0 0 0 0 0 2 2 0 0 0 0 0 0 0 0 0 0 0 0 0 0 0 0 0 0 0 0 0 0 0 0 0 0 0 0 1 10 10 8 1 1 2 3 3 3 0 0 0 0 0 0 0 0 0 0 0 0 0 0 0 0 0 0 0 0 0 0 0 0 0 0 0 0 0 0 0 0 0 0 0 0 0 0 0 0 0 0 0 0 0 0 0 0 0 0 0 0 0 0 0 0 0 0 0 0 0 0 0 0 0 0 0 0 0 0 0 0 0 0 0 0 0 0 10 33 6 6 0 0 0 82 99 108 108 110 113 113 101 100 100 95 91 -1 -1 -1 -1 -1 -1 -1 -1 -1 -1 -1 -1 -1 -1 -1 -1 -1 -1 -1 -1 -1 -1 -1 -1 -1 -1 -1 -1 -1 -1 -1 -1 -1 -1 -1 -1 -1 -1 -1 -1 -1 -1 -1 -1 -1 -1 -1 -1 -2 -2 -3 -6 -6 -9 -12 -12 -16 -18 -20 -20 -18 -18 -18 -16 -8 -7 -7 -4 -3 -3 -2 -1 -1 -2 -2 -1 -1 -1 -1 -1 -2 -3 -4 -4 -6 -7 -7 -8 -7 -6 -6 -3 -1 -1 -1 -1 -1 -1 -1 -1 -1 -1 -1 -1 -1 -1 -1 -1 -1 -1 -1 -1 -1 -1 -1 -1 -1 -1 -1 -1 -1 -1 -1 -1 -1 -1
-1 -1 -1 -1 -1 -1 -1 -1 -1 -1 -1 -1 -1 -1 -1 -1 -1 -1 -1 -1 -1 -1 -1 -1 -1 -1 -1 -1 -1 -1 -1 -1 -1 -1 -1 -1 -1 -1 -1 -1 -1 -1 93 93 104 101 106 106 112 108 108 108 100 102 102 55 16 16 0 27 62 62 45 39 39 39 36 36 31 22 9 9 1 1 1 1 0 0 0 0 0 0 0 0 0 0 0 0 0 0 0 0 0 0 0 0 9 10 10 12 7 7 2 1 0 0 0 0 0 0 0 0 0 3 3 3 1 2 0 0 0 0 0 0 0 0 0 0 0 0 0 4 4 7 6 2 2 0 7 7 16 24 24 24 22 12 12 2 0 0 0 0 0 0 0 0 0 0 0 0 0 0 0 0 0 0 0 0 0 0 0 0 0 0 0 0 0 0 0 1 1 0 0 0 0 0 0 0 0 0 0 0 0 0 0 0 2 2 4 6 6 0 0 0 0 0 0 0 0 0 0 0 0 0 0 0 0 0 0 0 0 0 0 0 0 0 0 0 0 0 0 0 0 0 0 0 0 0 0 0 0 0 0 0 0 0 0 0 0 0 0 0 0 0 0 0 0 0 0 0 0 4 4 4 0 0 1 8 3 3 1 0 0 0 0 0 0 0 4 4 6 3 3 0 0 0 0 0 0 0 0 0 0 0 0 0 0 0 0 0 0 0 1 1 1 0 0 0 0 0 0 0 0 0 0 0 0 0 0 0 0 0 0 0 0 0 0 0 0 0 0 0 0 0 0 0 0 0 0 0 0 0 0 0 0 0 0 0 0 0 0 0 0 0 0 0 0 0 0 0 0 0 0 4 4 13 14 0 0 18 62 62 108 107 107 113 110 105 105 96 100 100 94 91 -1 -1 -1 -1 -1 -1 -1 -1 -1 -1 -1 -1 -1 -1 -1 -1 -1 -1 -1 -1 -1 -1 -1 -1 -1 -1 -1 -1 -1 -1 -1 -1 -1 -1 -1 -1 -1 -1 -1 -1 -1 -1 -1 -1 -1 -1 -1 -1 -1 -1 -2 -6 -6 -8 -11 -11 -13 -17 -20 -20 -21 -21 -21 -18 -17 -17 -12 -9 -7 -7 -4 -3 -3 -3 -2 -3 -3 -1 -1 -1 -2 -3 -3 -4 -7 -8 -8 -9 -12 -12 -11 -8 -6 -6 -2 -1 -1 -2 -3 -1 -1 -1 -1 -1 -1 -1 -1 -1 -1 -1 -1 -1 -1 -1 -1 -1 -1 -1 -1 -1 -1 -1 -1 -1 -1 -1 -1 -1
-1 -1 -1 -1 -1 -1 -1 -1 -1 -1 -1 -1 -1 -1 -1 -1 -1 -1 -1 -1 -1 -1 -1 -1 -1 -1 -1 -1 -1 -1 -1 -1 -1 -1 -1 -1 -1 -1 -1 -1 -1 97 97 107 105 107 107 108 105 105 110 100 100 71 0 0 0 21 59 59 49 29 26 26 27 26 26 21 20 10 10 0 0 0 0 0 0 0 0 0 0 0 0 0 0 0 0 0 0 0 0 0 0 0 0 0 13 13 15 19 19 10 1 0 0 0 0 0 0 0 0 0 0 0 0 1 6 6 8 1 0 0 0 0 0 0 0 0 0 0 0 0 9 7 7 9 9 10 10 18 22 22 13 2 1 1 0 0 0 0 0 0 0 0 0 0 0 0 0 0 0 0 0 0 0 0 0 0 0 0 0 0 0 0 0 0 0 0 0 0 0 0 0 0 0 0 0 3 2 2 0 0 0 0 7 13 13 13 3 3 0 0 0 0 0 0 0 0 0 0 0 0 0 0 0 0 0 0 0 0 0 0 0 0 0 0 0 0 0 0 0 0 0 0 0 0 0 0 0 0 0 0 0 0 0 0 0 0 0 0 0 0 0 0 0 0 0 0 0 0 8 8 9 3 3 0 0 0 8 8 1 1 0 0 0 0 1 3 3 7 0 0 0 0 0 0 0 0 0 0 0 0 0 0 0 0 0 0 0 0 0 19 19 8 0 0 0 0 0 0 0 0 0 0 0 0 0 0 0 0 0 0 0 0 0 0 0 0 0 0 0 0 0 0 0 0 0 0 0 0 0 0 0 0 0 0 0 0 0 0 0 0 0 0 0 0 0 0 0 0 0 1 8 8 10 0 0 0 62 105 105 113 111 111 106 108 97 97 100 99 99 90 -1 -1 -1 -1 -1 -1 -1 -1 -1 -1 -1 -1 -1 -1 -1 -1 -1 -1 -1 -1 -1 -1 -1 -1 -1 -1 -1 -1 -1 -1 -1 -1 -1 -1 -1 -1 -1 -1 -1 -1 -1 -1 -1 -1 -1 -1 -1 -1 -1 -1 -2 -1 -4 -4 -7 -9 -9 -12 -14 -14 -20 -21 -22 -22 -22 -20 -20 -18 -12 -11 -11 -8 -6 -6 -3 -3 -3 -3 -3 -1 -1 -2 -4 -4 -4 -7 -9 -9 -12 -13 -13 -16 -13 -9 -9 -6 -3 -3 -2 -2 -2 -4 -1 -1 -1 -1 -1 -1 -1 -1 -1 -1 -1 -1 -1 -1 -1 -1 -1 -1 -1 -1 -1 -1 -1 -1 -1 -1 -1 -1
-1 -1 -1 -1 -1 -1 -1 -1 -1 -1 -1 -1 -1 -1 -1 -1 -1 -1 -1 -1 -1 -1 -1 -1 -1 -1 -1 -1 -1 -1 -1 -1 -1 -1 -1 -1 -1 -1 -1 -1 -1 97 107 107 105 107 108 108 105 110 110 100 71 0 0 0 21 21 59 49 29 29 26 27 27 26 21 21 20 10 0 0 0 0 0 0 0 0 0 0 0 0 0 0 0 0 0 0 0 0 0 0 0 0 0 0 13 15 15 19 10 10 1 0 0 0 0 0 0 0 0 0 0 0 1 1 6 8 1 1 0 0 0 0 0 0 0 0 0 0 0 9 9 7 9 9 9 10 18 18 22 13 13 2 1 0 0 0 0 0 0 0 0 0 0 0 0 0 0 0 0 0 0 0 0 0 0 0 0 0 0 0 0 0 0 0 0 0 0 0 0 0 0 0 0 0 3 3 2 0 0 0 0 7 7 13 13 13 3 0 0 0 0 0 0 0 0 0 0 0 0 0 0 0 0 0 0 0 0 0 0 0 0 0 0 0 0 0 0 0 0 0 0 0 0 0 0 0 0 0 0 0 0 0 0 0 0 0 0 0 0 0 0 0 0 0 0 0 0 0 8 9 9 3 0 0 0 8 8 8 1 0 0 0 0 0 1 3 7 7 0 0 0 0 0 0 0 0 0 0 0 0 0 0 0 0 0 0 0 0 0 19 8 8 0 0 0 0 0 0 0 0 0 0 0 0 0 0 0 0 0 0 0 0 0 0 0 0 0 0 0 0 0 0 0 0 0 0 0 0 0 0 0 0 0 0 0 0 0 0 0 0 0 0 0 0 0 0 0 0 1 1 8 10 10 0 0 62 62 105 113 113 111 106 106 108 97 100 100 99 90 90 -1 -1 -1 -1 -1 -1 -1 -1 -1 -1 -1 -1 -1 -1 -1 -1 -1 -1 -1 -1 -1 -1 -1 -1 -1 -1 -1 -1 -1 -1 -1 -1 -1 -1 -1 -1 -1 -1 -1 -1 -1 -1 -1 -1 -1 -1 -1 -1 -1 -2 -2 -1 -4 -7 -7 -9 -12 -12 -14 -20 -21 -21 -22 -22 -22 -20 -18 -18 -12 -11 -8 -8 -6 -3 -3 -3 -3 -3 -3 -1 -2 -2 -4 -4 -4 -7 -9 -12 -12 -13 -16 -16 -13 -9 -6 -6 -3 -2 -2 -2 -4 -1 -1 -1 -1 -1 -1 -1 -1 -1 -1 -1 -1 -1 -1 -1 -1 -1 -1 -1 -1 -1 -1 -1 -1 -1 -1 -1 -1 -1
-1 -1 -1 -1 -1 -1 -1 -1 -1 -1 -1 -1 -1 -1 -1 -1 -1 -1 -1 -1 -1 -1 -1 -1 -1 -1 -1 -1 -1 -1 -1 -1 -1 -1 -1 -1 -1 -1 97 97 96 100 100 111 114 111 111 119 94 94 33 1 1 0 38 61 61 53 41 41 24 24 9 9 25 18 18 4 0 0 0 0 0 0 0 0 0 0 0 0 0 0 0 0 0 0 0 0 0 0 0 0 0 0 0 0 14 14 19 21 21 10 0 0 0 0 0 0 0 0 0 0 0 0 0 0 8 8 15 4 0 0 0 0 0 0 0 0 0 0 3 3 13 7 7 10 14 16 16 15 10 10 0 0 0 0 0 0 0 0 0 0 0 0 0 0 0 0 0 0 0 0 0 0 0 0 0 6 6 0 0 0 0 0 0 0 0 0 0 0 0 0 0 0 0 7 7 20 24 24 8 7 7 9 15 19 19 15 0 0 0 0 0 0 0 0 0 0 0 0 0 0 0 0 0 0 0 0 0 0 0 0 0 0 0 0 0 0 0 0 0 0 0 0 0 1 10 10 12 2 2 0 0 0 0 1 3 3 0 0 0 0 0 0 0 0 0 0 0 0 7 7 3 0 0 0 1 1 9 9 2 2 0 0 0 4 12 12 12 6 0 0 0 0 0 0 0 0 0 0 0 0 0 0 0 0 0 0 0 0 13 35 35 18 0 0 0 0 0 0 0 0 0 0 0 0 7 0 0 0 0 0 0 0 0 0 0 0 0 0 0 0 0 0 0 0 0 0 0 0 0 0 0 0 0 0 0 0 0 0 0 0 0 0 0 0 0 0 0 0 0 1 0 0 -102 44 44 93 104 110 110 111 99 99 111 94 96 96 88 -1 -1 -1 -1 -1 -1 -1 -1 -1 -1 -1 -1 -1 -1 -1 -1 -1 -1 -1 -1 -1 -1 -1 -1 -1 -1 -1 -1 -1 -1 -1 -1 -1 -1 -1 -1 -1 -1 -1 -1 -1 -1 -1 -1 -1 -1 -1 -1 -1 -1 -1 -2 -2 -1 -3 -4 -4 -8 -9 -9 -13 -16 -16 -21 -23 -23 -23 -25 -22 -22 -20 -14 -12 -12 -9 -8 -8 -4 -3 -3 -4 -4 -4 -4 -4 -4 -4 -7 -9 -12 -12 -14 -16 -16 -17 -16 -12 -12 -7 -2 -2 -2 -3 -3 -4 -1 -1 -1 -1 -1 -1 -1 -1 -1 -1 -1 -1 -1 -1 -1 -1 -1 -1 -1 -1 -1 -1 -1 -1 -1 -1 -1 -1
-1 -1 -1 -1 -1 -1 -1 -1 -1 -1 -1 -1 -1 -1 -1 -1 -1 -1 -1 -1 -1 -1 -1 -1 -1 -1 -1 -1 -1 -1 -1 -1 -1 -1 -1 -1 -1 -1 97 96 96 100 111 111 114 111 119 119 94 33 33 1 0 38 38 61 53 53 41 24 24 24 9 25 25 18 4 4 0 0 0 0 0 0 0 0 0 0 0 0 0 0 0 0 0 0 0 0 0 0 0 0 0 0 0 0 14 19 19 21 10 10 0 0 0 0 0 0 0 0 0 0 0 0 0 0 8 15 4 4 0 0 0 0 0 0 0 0 0 0 3 13 13 7 10 14 14 16 15 15 10 0 0 0 0 0 0 0 0 0 0 0 0 0 0 0 0 0 0 0 0 0 0 0 0 0 0 6 0 0 0 0 0 0 0 0 0 0 0 0 0 0 0 0 0 7 20 20 24 8 8 7 9 15 15 19 15 15 0 0 0 0 0 0 0 0 0 0 0 0 0 0 0 0 0 0 0 0 0 0 0 0 0 0 0 0 0 0 0 0 0 0 0 0 1 1 10 12 12 2 0 0 0 0 1 1 3 0 0 0 0 0 0 0 0 0 0 0 0 0 7 3 3 0 0 0 1 9 9 9 2 0 0 0 4 4 12 12 6 6 0 0 0 0 0 0 0 0 0 0 0 0 0 0 0 0 0 0 0 0 13 35 18 18 0 0 0 0 0 0 0 0 0 0 0 7 7 0 0 0 0 0 0 0 0 0 0 0 0 0 0 0 0 0 0 0 0 0 0 0 0 0 0 0 0 0 0 0 0 0 0 0 0 0 0 0 0 0 0 0 1 1 0 -102 -102 44 93 104 104 110 111 111 99 111 111 94 96 88 88 -1 -1 -1 -1 -1 -1 -1 -1 -1 -1 -1 -1 -1 -1 -1 -1 -1 -1 -1 -1 -1 -1 -1 -1 -1 -1 -1 -1 -1 -1 -1 -1 -1 -1 -1 -1 -1 -1 -1 -1 -1 -1 -1 -1 -1 -1 -1 -1 -1 -1 -1 -2 -1 -1 -3 -4 -8 -8 -9 -13 -13 -16 -21 -23 -23 -23 -25 -25 -22 -20 -20 -14 -12 -9 -9 -8 -4 -4 -3 -4 -4 -4 -4 -4 -4 -4 -7 -7 -9 -12 -14 -14 -16 -17 -17 -16 -12 -7 -7 -2 -2 -2 -3 -4 -1 -1 -1 -1 -1 -1 -1 -1 -1 -1 -1 -1 -1 -1 -1 -1 -1 -1 -1 -1 -1 -1 -1 -1 -1 -1 -1 -1 -1
-1 -1 -1 -1 -1 -1 -1 -1 -1 -1 -1 -1 -1 -1 -1 -1 -1 -1 -1 -1 -1 -1 -1 -1 -1 -1 -1 -1 -1 -1 -1 -1 -1 -1 -1 -1 -1 99 100 100 105 112 112 106 108 107 107 21 0 0 15 37 37 53 45 45 45 36 19 19 13 18 10 10 7 0 0 0 0 0 0 0 0 0 0 0 0 0 0 0 0 0 0 0 0 0 0 0 0 0 0 0 0 0 0 0 14 14 19 18 18 6 0 0 0 0 0 0 0 0 0 0 0 0 0 0 4 4 10 0 0 0 0 0 0 0 0 0 0 0 4 4 14 12 12 15 20 19 19 16 2 2 0 0 0 0 0 0 0 0 0 0 0 0 0 0 0 0 0 0 0 0 0 0 0 0 3 4 4 0 0 0 0 0 0 0 0 0 0 0 0 0 0 0 0 8 8 16 16 16 7 4 4 6 8 14 14 9 0 0 0 0 0 0 0 0 0 0 0 0 0 0 0 0 0 0 0 0 0 0 0 0 0 0 0 0 0 0 0 0 0 0 0 0 0 22 36 36 41 26 26 13 6 13 13 21 22 22 20 16 16 10 3 0 0 0 0 0 0 0 0 0 0 0 0 0 4 4 12 10 1 1 0 0 0 9 16 14 14 3 0 0 0 0 0 0 0 0 0 0 0 0 0 0 0 0 0 0 0 14 27 39 39 16 0 0 0 0 0 0 0 0 0 0 3 3 7 0 0 0 0 0 0 0 0 0 0 0 0 0 0 0 0 0 0 0 0 0 0 0 0 0 0 0 0 0 0 0 0 0 0 0 0 0 0 0 0 0 0 12 12 0 29 29 106 112 112 107 117 97 97 104 105 105 94 99 -1 -1 -1 -1 -1 -1 -1 -1 -1 -1 -1 -1 -1 -1 -1 -1 -1 -1 -1 -1 -1 -1 -1 -1 -1 -1 -1 -1 -1 -1 -1 -1 -1 -1 -1 -1 -1 -1 -1 -1 -1 -1 -1 -1 -1 -1 -1 -1 -1 -1 -1 -1 -1 -2 -2 -2 -3 -4 -6 -6 -8 -11 -11 -14 -18 -18 -22 -25 -26 -26 -26 -23 -23 -22 -17 -14 -14 -12 -9 -9 -8 -6 -6 -6 -4 -4 -4 -6 -7 -7 -9 -12 -14 -14 -17 -20 -20 -18 -17 -14 -14 -9 -4 -4 -2 -4 -4 -6 -2 -2 -2 -2 -2 -2 -2 -2 -2 -2 -2 -3 -3 -3 -3 -3 -3 -3 -4 -4 -4 -4 -4 -3 -2 -2 -2 -1
-1 -1 -1 -1 -1 -1 -1 -1 -1 -1 -1 -1 -1 -1 -1 -1 -1 -1 -1 -1 -1 -1 -1 -1 -1 -1 -1 -1 -1 -1 -1 -1 -1 -1 -1 96 100 100 111 113 113 104 -4 -4 12 0 16 16 56 44 44 39 39 30 30 15 19 19 9 9 7 7 0 0 0 0 0 0 0 0 0 0 0 0 0 0 0 0 0 0 0 0 0 0 0 0 0 0 0 0 0 0 0 0 0 0 15 18 18 14 2 2 0 0 0 0 0 0 0 0 0 0 0 0 0 0 1 6 0 0 0 0 0 0 0 0 0 0 1 1 8 13 13 12 15 20 20 24 19 19 8 0 0 0 0 0 0 0 0 0 0 0 0 0 0 0 0 0 0 0 0 0 0 0 0 0 0 0 0 0 0 0 0 0 0 0 0 0 0 0 0 0 0 0 0 4 0 0 0 0 0 0 0 0 0 6 4 4 0 0 0 0 0 0 0 0 0 0 0 0 0 0 0 0 0 0 0 0 9 12 4 4 0 0 0 0 0 0 0 0 0 0 0 8 41 41 58 62 62 53 41 41 36 39 47 47 48 47 47 39 30 16 16 1 0 0 0 0 0 0 0 0 0 0 0 0 4 9 8 8 0 0 0 0 4 4 10 9 0 0 0 0 0 0 0 0 0 0 0 0 0 0 0 0 0 0 0 0 22 22 32 32 4 4 0 0 0 0 0 0 0 0 0 0 0 3 3 0 0 7 7 2 0 0 0 0 0 0 0 0 0 0 0 0 0 0 0 0 0 0 0 0 0 0 0 0 0 0 0 0 0 0 0 0 0 0 0 0 8 9 0 0 102 110 110 113 110 105 105 -1 93 93 96 89 89 -1 -1 -1 -1 -1 -1 -1 -1 -1 -1 -1 -1 -1 -1 -1 -1 -1 -1 -1 -1 -1 -1 -1 -1 -1 -1 -1 -1 -1 -1 -1 -1 -1 -1 -1 -1 -1 -1 -1 -1 -1 -2 -2 -2 -2 -2 -2 -2 -1 -1 -1 -1 -1 -1 -1 -3 -3 -3 -4 -7 -8 -8 -11 -16 -16 -18 -23 -25 -25 -27 -27 -27 -26 -23 -23 -20 -18 -14 -14 -12 -11 -11 -9 -8 -8 -8 -7 -7 -7 -8 -11 -11 -13 -16 -20 -20 -20 -20 -20 -18 -16 -13 -13 -7 -4 -4 -4 -6 -3 -3 -3 -3 -3 -3 -3 -3 -3 -3 -3 -3 -4 -4 -4 -4 -6 -6 -6 -7 -7 -7 -7 -6 -6 -4 -6 -3 -3
-1 -1 -1 -1 -1 -1 -1 -1 -1 -1 -1 -1 -1 -1 -1 -1 -1 -1 -1 -1 -1 -1 -1 -1 -1 -1 -1 -1 -1 -1 -1 -1 -1 -1 -1 -1 96 100 111 111 113 104 104 -4 12 0 0 16 56 56 44 39 39 39 30 15 15 19 9 9 9 7 0 0 0 0 0 0 0 0 0 0 0 0 0 0 0 0 0 0 0 0 0 0 0 0 0 0 0 0 0 0 0 0 0 0 15 15 18 14 14 2 0 0 0 0 0 0 0 0 0 0 0 0 0 0 1 1 6 0 0 0 0 0 0 0 0 0 0 1 8 8 13 12 12 15 20 24 24 19 8 8 0 0 0 0 0 0 0 0 0 0 0 0 0 0 0 0 0 0 0 0 0 0 0 0 0 0 0 0 0 0 0 0 0 0 0 0 0 0 0 0 0 0 0 4 4 0 0 0 0 0 0 0 0 6 6 4 0 0 0 0 0 0 0 0 0 0 0 0 0 0 0 0 0 0 0 0 9 12 12 4 0 0 0 0 0 0 0 0 0 0 0 0 8 41 58 58 62 53 53 41 36 39 39 47 48 48 47 39 39 30 16 1 1 0 0 0 0 0 0 0 0 0 0 0 4 4 9 8 0 0 0 0 0 4 10 9 9 0 0 0 0 0 0 0 0 0 0 0 0 0 0 0 0 0 0 0 0 22 32 32 32 4 0 0 0 0 0 0 0 0 0 0 0 0 3 0 0 0 7 2 2 0 0 0 0 0 0 0 0 0 0 0 0 0 0 0 0 0 0 0 0 0 0 0 0 0 0 0 0 0 0 0 0 0 0 0 8 9 9 0 102 102 110 113 113 110 105 -1 -1 93 96 96 89 -1 -1 -1 -1 -1 -1 -1 -1 -1 -1 -1 -1 -1 -1 -1 -1 -1 -1 -1 -1 -1 -1 -1 -1 -1 -1 -1 -1 -1 -1 -1 -1 -1 -1 -1 -1 -1 -1 -1 -1 -1 -2 -2 -2 -2 -2 -2 -2 -1 -1 -1 -1 -1 -1 -1 -3 -3 -3 -4 -7 -7 -8 -11 -11 -16 -18 -18 -23 -25 -27 -27 -27 -26 -26 -23 -20 -18 -18 -14 -12 -12 -11 -9 -9 -8 -8 -7 -7 -7 -8 -8 -11 -13 -16 -16 -20 -20 -20 -20 -18 -16 -16 -13 -7 -7 -4 -4 -4 -6 -3 -3 -3 -3 -3 -3 -3 -3 -3 -3 -3 -4 -4 -4 -4 -4 -6 -6 -7 -7 -7 -7 -7 -6 -4 -6 -6 -3
-1 -1 -1 -1 -1 -1 -1 -1 -1 -1 -1 -1 -1 -1 -1 -1 -1 -1 -1 -1 -1 -1 -1 -1 -1 -1 -1 -1 -1 -1 -1 -1 -1 -1 -1 99 104 104 117 99 99 58 -88 -88 -51 59 59 59 37 25 25 26 21 14 14 10 7 7 1 0 2 2 0 0 0 0 0 0 0 0 0 0 0 0 0 0 0 0 0 0 0 0 0 0 0 0 0 0 0 0 0 0 0 0 0 0 18 19 19 12 0 0 0 0 0 0 0 0 0 0 0 0 0 0 0 0 2 8 3 3 0 0 0 0 0 0 0 0 6 6 9 14 14 7 9 16 16 22 21 21 10 0 0 0 0 0 0 0 0 0 0 0 0 0 0 0 0 0 0 0 0 0 0 0 0 0 0 0 0 0 0 0 0 0 0 0 0 0 0 0 0 0 7 7 2 1 0 0 0 0 0 0 0 0 0 2 1 1 0 0 0 0 0 0 0 0 0 0 0 0 0 0 0 0 0 0 0 0 9 14 10 10 0 0 0 0 0 0 0 0 0 0 0 19 56 56 72 78 78 76 71 71 67 67 70 70 66 66 66 59 44 26 26 7 0 0 0 0 0 0 0 0 0 0 0 0 4 7 3 3 0 0 0 0 0 0 2 1 0 0 0 0 0 0 0 0 0 0 0 0 0 0 0 0 0 0 0 0 24 24 27 20 0 0 0 0 0 0 0 0 0 0 0 0 0 6 6 12 19 24 24 14 0 0 0 0 0 0 0 0 0 0 0 0 0 0 0 0 0 0 0 0 0 0 0 0 0 0 0 0 0 1 0 0 0 0 14 14 32 29 0 0 110 119 119 110 116 99 99 96 -1 -1 -1 -1 -1 -1 -1 -1 -1 -1 -1 -1 -1 -1 -1 -1 -1 -1 -1 -1 -1 -1 -1 -1 -1 -1 -1 -1 -1 -1 -1 -1 -1 -1 -1 -1 -1 -1 -1 -1 -1 -1 -1 -1 -1 -1 -2 -2 -2 -2 -2 -1 -1 -1 -1 -1 -1 -1 -1 -1 -3 -4 -4 -4 -7 -8 -8 -11 -16 -16 -20 -23 -26 -26 -27 -28 -28 -26 -25 -25 -21 -20 -17 -17 -14 -13 -13 -12 -11 -11 -11 -8 -8 -8 -9 -12 -12 -13 -17 -18 -18 -20 -21 -21 -20 -17 -14 -14 -11 -7 -7 -6 -7 -4 -4 -4 -4 -4 -4 -4 -4 -4 -4 -4 -4 -4 -4 -4 -4 -6 -6 -6 -7 -7 -7 -8 -8 -8 -8 -7 -6 -6
-1 -1 -1 -1 -1 -1 -1 -1 -1 -1 -1 -1 -1 -1 -1 -1 -1 -1 -1 -1 -1 -1 -1 -1 -1 -1 -1 -1 -1 -1 -1 -1 -1 99 101 101 107 108 104 104 -47 13 13 62 59 53 53 29 12 12 19 21 21 19 9 0 0 0 0 0 0 7 8 8 2 0 0 0 0 0 0 0 0 0 0 0 0 0 0 0 0 0 0 0 0 0 0 0 0 0 0 0 0 0 0 2 13 13 10 3 3 0 0 0 0 0 0 0 0 0 0 0 0 0 0 0 3 3 7 10 9 9 8 1 1 0 0 7 7 8 6 6 13 14 14 18 21 24 24 25 31 31 7 1 3 3 14 9 9 0 0 0 0 0 0 0 0 0 0 0 2 0 0 2 4 4 10 7 7 0 0 0 0 0 0 0 0 0 0 0 0 0 0 9 15 0 0 0 0 0 0 0 0 0 6 10 10 9 0 0 0 0 0 0 0 0 0 0 0 0 0 0 0 0 0 0 0 0 0 3 3 14 18 18 13 0 0 0 0 0 0 0 6 6 42 73 81 81 88 93 93 99 95 91 91 93 82 82 77 70 70 52 29 12 12 0 0 0 0 0 0 0 0 0 0 0 0 0 0 0 0 0 0 0 0 0 0 0 0 0 0 0 0 0 0 0 0 0 0 0 0 0 0 0 0 0 0 9 9 27 31 3 3 0 0 0 0 0 0 0 0 0 0 0 0 0 20 35 31 31 29 15 15 0 0 0 0 0 0 0 0 0 0 0 0 0 0 0 0 0 0 0 0 0 0 0 0 0 0 0 0 1 12 12 13 25 25 39 54 35 35 1 110 110 112 114 114 106 100 91 91 -1 -1 -1 -1 -1 -1 -1 -1 -1 -1 -1 -1 -1 -1 -1 -1 -1 -1 -1 -1 -1 -1 -1 -1 -1 -1 -1 -1 -1 -1 -1 -1 -1 -1 -1 -1 -1 -1 -1 -1 -1 -2 -1 -1 -1 -1 -1 -1 -1 -1 -1 -1 -1 -1 -1 -1 -4 -4 -4 -6 -6 -6 -6 -6 -6 -8 -9 -9 -16 -18 -18 -22 -23 -26 -26 -27 -26 -26 -26 -23 -22 -22 -21 -18 -18 -16 -13 -13 -12 -11 -9 -9 -9 -11 -11 -14 -17 -20 -20 -22 -22 -22 -23 -22 -18 -18 -14 -12 -12 -8 -7 -7 -6 -6 -4 -4 -4 -4 -4 -4 -4 -4 -4 -4 -7 -7 -6 -6 -6 -6 -7 -9 -9 -11 -12 -12 -11 -12 -12 -12 -11
-1 -1 -1 -1 -1 -1 -1 -1 -1 -1 -1 -1 -1 -1 -1 -1 -1 -1 -1 -1 -1 -1 -1 -1 -1 -1 -1 -1 -1 -1 -1 -1 99 99 101 107 108 108 104 -47 -47 13 62 62 59 53 29 29 12 19 19 21 19 9 9 0 0 0 0 0 7 7 8 2 2 0 0 0 0 0 0 0 0 0 0 0 0 0 0 0 0 0 0 0 0 0 0 0 0 0 0 0 0 0 2 2 13 10 10 3 0 0 0 0 0 0 0 0 0 0 0 0 0 0 0 0 3 7 10 10 9 8 8 1 0 0 0 7 8 8 6 13 13 14 18 21 21 24 25 25 31 7 7 1 3 14 14 9 0 0 0 0 0 0 0 0 0 0 0 0 2 0 2 2 4 10 10 7 0 0 0 0 0 0 0 0 0 0 0 0 0 0 9 9 15 0 0 0 0 0 0 0 0 6 6 10 9 9 0 0 0 0 0 0 0 0 0 0 0 0 0 0 0 0 0 0 0 0 0 3 14 14 18 13 13 0 0 0 0 0 0 0 6 42 73 73 81 88 88 93 99 99 95 91 93 93 82 77 77 70 52 29 29 12 0 0 0 0 0 0 0 0 0 0 0 0 0 0 0 0 0 0 0 0 0 0 0 0 0 0 0 0 0 0 0 0 0 0 0 0 0 0 0 0 0 0 0 9 27 27 31 3 0 0 0 0 0 0 0 0 0 0 0 0 0 20 20 35 31 29 29 15 0 0 0 0 0 0 0 0 0 0 0 0 0 0 0 0 0 0 0 0 0 0 0 0 0 0 0 0 0 1 12 13 13 25 39 39 54 35 1 1 110 112 112 114 106 100 100 91 -1 -1 -1 -1 -1 -1 -1 -1 -1 -1 -1 -1 -1 -1 -1 -1 -1 -1 -1 -1 -1 -1 -1 -1 -1 -1 -1 -1 -1 -1 -1 -1 -1 -1 -1 -1 -1 -1 -1 -1 -1 -2 -2 -1 -1 -1 -1 -1 -1 -1 -1 -1 -1 -1 -1 -1 -1 -4 -4 -4 -6 -6 -6 -6 -6 -8 -8 -9 -16 -16 -18 -22 -23 -23 -26 -27 -27 -26 -26 -26 -23 -22 -21 -21 -18 -16 -16 -13 -12 -11 -11 -9 -9 -9 -11 -14 -14 -17 -20 -22 -22 -22 -23 -23 -22 -18 -14 -14 -12 -8 -8 -7 -6 -6 -6 -4 -4 -4 -4 -4 -4 -4 -4 -4 -4 -7 -6 -6 -6 -6 -7 -7 -9 -11 -11 -12 -11 -11 -12 -12 -11 -11
-1 -1 -1 -1 -1 -1 -1 -1 -1 -1 -1 -1 -1 -1 -1 -1 -1 -1 -1 -1 -1 -1 -1 -1 -1 -1 -1 -1 -1 -1 -1 -1 -1 95 104 104 107 108 -40 -40 35 22 22 66 56 47 47 22 8 8 8 13 13 18 8 0 0 0 0 0 0 8 8 8 1 0 0 0 0 0 0 0 0 0 0 0 0 0 0 0 0 0 0 0 0 0 0 0 0 0 0 0 0 0 0 1 9 9 7 7 7 2 1 0 0 0 0 0 0 0 0 0 0 0 0 2 6 6 10 12 10 10 7 0 0 0 0 3 3 8 7 7 15 15 15 18 21 24 24 22 21 21 0 0 10 10 14 3 3 0 0 0 0 0 0 0 0 0 0 0 3 4 4 7 8 8 13 10 10 0 0 0 0 0 0 0 0 0 0 0 0 6 6 16 19 0 0 0 0 0 0 0 0 0 3 6 6 1 0 0 0 0 0 0 0 0 0 0 0 0 0 0 0 0 0 0 0 0 0 2 2 10 19 19 16 4 4 0 0 0 0 0 16 16 54 78 85 85 91 96 96 100 99 95 95 97 88 88 78 66 66 49 31 15 15 3 0 0 0 0 0 0 0 0 0 0 0 0 0 0 0 0 0 0 0 0 0 0 0 0 0 0 0 0 0 0 0 0 0 0 0 0 0 0 0 0 0 9 9 26 29 0 0 0 0 0 0 0 0 0 0 0 0 0 0 0 21 36 31 31 26 13 13 0 0 0 0 0 0 0 0 0 0 0 0 0 0 0 0 0 0 0 0 0 0 0 0 0 0 0 0 8 13 13 18 37 37 50 62 33 33 1 106 106 119 113 113 106 96 -1 -1 -1 -1 -1 -1 -1 -1 -1 -1 -1 -1 -1 -1 -1 -1 -1 -1 -1 -1 -1 -1 -1 -1 -1 -1 -1 -1 -1 -1 -1 -1 -1 -1 -1 -1 -1 -1 -1 -1 -1 -2 -2 -2 -2 -2 -2 -1 -2 -2 -2 -2 -2 -2 -2 -2 -2 -2 -4 -4 -6 -6 -6 -7 -7 -6 -6 -8 -9 -9 -16 -18 -18 -21 -23 -25 -25 -27 -26 -26 -26 -23 -23 -23 -22 -18 -18 -16 -14 -14 -12 -11 -11 -11 -11 -13 -13 -16 -18 -21 -21 -22 -23 -23 -25 -23 -20 -20 -16 -12 -12 -9 -7 -7 -7 -6 -6 -6 -6 -6 -6 -6 -6 -4 -4 -4 -6 -6 -6 -6 -6 -6 -7 -9 -9 -12 -13 -13 -13 -13 -14 -14 -13
-1 -1 -1 -1 -1 -1 -1 -1 -1 -1 -1 -1 -1 -1 -1 -1 -1 -1 -1 -1 -1 -1 -1 -1 -1 -1 -1 -1 -1 -1 -1 -1 95 95 104 107 108 108 -40 35 35 22 66 66 56 47 22 22 8 8 8 13 18 8 8 0 0 0 0 0 8 8 8 1 1 0 0 0 0 0 0 0 0 0 0 0 0 0 0 0 0 0 0 0 0 0 0 0 0 0 0 0 0 0 1 1 9 7 7 7 2 2 1 0 0 0 0 0 0 0 0 0 0 0 2 2 6 10 12 12 10 7 7 0 0 0 0 3 8 8 7 15 15 15 18 21 21 24 22 22 21 0 0 0 10 14 14 3 0 0 0 0 0 0 0 0 0 0 0 0 3 4 7 7 8 13 13 10 0 0 0 0 0 0 0 0 0 0 0 0 0 6 16 16 19 0 0 0 0 0 0 0 0 3 3 6 1 1 0 0 0 0 0 0 0 0 0 0 0 0 0 0 0 0 0 0 0 0 0 2 10 10 19 16 16 4 0 0 0 0 0 0 16 54 78 78 85 91 91 96 100 100 99 95 97 97 88 78 78 66 49 31 31 15 3 3 0 0 0 0 0 0 0 0 0 0 0 0 0 0 0 0 0 0 0 0 0 0 0 0 0 0 0 0 0 0 0 0 0 0 0 0 0 0 0 0 0 9 26 26 29 0 0 0 0 0 0 0 0 0 0 0 0 0 0 21 21 36 31 26 26 13 0 0 0 0 0 0 0 0 0 0 0 0 0 0 0 0 0 0 0 0 0 0 0 0 0 0 0 0 0 8 13 18 18 37 50 50 62 33 1 1 106 119 119 113 106 96 96 -1 -1 -1 -1 -1 -1 -1 -1 -1 -1 -1 -1 -1 -1 -1 -1 -1 -1 -1 -1 -1 -1 -1 -1 -1 -1 -1 -1 -1 -1 -1 -1 -1 -1 -1 -1 -1 -1 -1 -1 -1 -2 -2 -2 -2 -2 -2 -1 -2 -2 -2 -2 -2 -2 -2 -2 -2 -2 -4 -6 -6 -6 -7 -7 -7 -6 -8 -8 -9 -16 -16 -18 -21 -23 -23 -25 -27 -27 -26 -26 -26 -23 -23 -22 -22 -18 -16 -16 -14 -12 -11 -11 -11 -11 -11 -13 -16 -16 -18 -21 -22 -22 -23 -25 -25 -23 -20 -16 -16 -12 -9 -9 -7 -7 -6 -6 -6 -6 -6 -6 -6 -6 -6 -4 -4 -4 -6 -6 -6 -6 -6 -7 -7 -9 -12 -12 -13 -13 -13 -13 -14 -13 -13
-1 -1 -1 -1 -1 -1 -1 -1 -1 -1 -1 -1 -1 -1 -1 -1 -1 -1 -1 -1 -1 -1 -1 -1 -1 -1 -1 -1 -1 -1 -1 96 96 101 108 108 105 73 0 0 29 62 62 64 47 35 35 13 0 0 0 1 1 9 1 0 0 0 0 0 0 2 1 1 0 0 0 0 0 0 0 0 0 0 0 0 0 0 0 0 0 0 0 0 0 0 1 1 4 0 0 0 0 0 0 2 4 4 2 9 9 6 1 0 0 0 0 0 0 0 0 6 6 4 4 7 12 12 14 12 6 6 1 0 0 0 0 0 0 4 6 6 15 18 18 20 27 32 32 19 6 6 0 0 2 2 3 0 0 0 0 0 0 0 0 0 0 0 0 0 0 1 1 6 8 8 12 7 7 0 0 0 0 0 0 0 0 0 0 0 0 8 8 14 13 0 0 0 0 0 0 0 0 0 0 0 0 0 0 0 0 0 0 0 0 0 0 0 0 0 0 0 0 0 0 0 0 0 0 0 0 8 16 16 16 8 8 0 0 0 0 8 36 36 71 90 94 94 99 104 104 107 106 101 101 101 94 94 82 64 64 45 27 19 19 10 1 1 0 0 0 0 0 0 0 0 0 0 0 0 0 0 0 0 0 0 0 0 0 0 0 0 0 0 0 0 0 0 0 0 0 0 0 0 0 0 0 10 10 21 20 0 0 0 0 0 0 0 0 0 0 0 0 0 0 0 19 31 29 29 22 8 8 0 0 0 0 0 0 0 0 0 0 0 0 0 0 0 0 0 0 0 0 0 0 0 0 0 0 0 0 10 16 16 26 42 42 58 64 24 24 29 108 108 117 108 108 104 91 -1 -1 -1 -1 -1 -1 -1 -1 -1 -1 -1 -1 -1 -1 -1 -1 -1 -1 -1 -1 -1 -1 -1 -1 -1 -1 -1 -1 -1 -1 -1 -1 -1 -1 -1 -1 -1 -2 -2 -2 -2 -3 -3 -2 -2 -2 -2 -4 -4 -4 -4 -6 -6 -6 -6 -6 -6 -6 -6 -6 -7 -7 -7 -7 -6 -7 -7 -9 -11 -11 -16 -17 -17 -21 -23 -25 -25 -27 -27 -27 -26 -25 -23 -23 -22 -20 -20 -17 -14 -14 -13 -12 -12 -12 -13 -14 -14 -16 -20 -22 -22 -25 -25 -25 -27 -25 -21 -21 -17 -13 -13 -11 -8 -8 -8 -7 -7 -7 -7 -7 -7 -7 -7 -7 -7 -6 -7 -7 -7 -7 -7 -7 -8 -11 -11 -13 -14 -14 -16 -16 -16 -16 -16
-1 -1 -1 -1 -1 -1 -1 -1 -1 -1 -1 -1 -1 -1 -1 -1 -1 -1 -1 -1 -1 -1 -1 -1 -1 -1 -1 -1 -1 -1 -1 105 104 104 96 91 2 2 31 47 47 64 52 52 35 20 0 0 0 0 0 0 0 0 0 0 0 0 0 0 0 0 0 0 0 0 0 0 0 0 0 0 0 0 0 0 0 0 0 0 0 0 0 0 0 8 18 16 16 10 1 1 2 4 8 8 7 4 4 4 2 2 0 0 0 0 0 0 0 2 9 12 12 15 15 15 18 15 7 7 0 0 0 0 0 0 0 0 0 0 4 13 13 16 26 36 36 43 15 15 0 0 0 0 0 0 0 0 0 0 0 0 0 0 0 0 0 0 0 0 0 0 0 0 0 1 1 0 0 0 0 0 0 0 0 0 0 0 0 0 0 8 6 6 0 0 0 0 0 0 0 0 0 0 0 0 0 0 0 0 0 0 0 0 0 0 0 0 0 0 0 0 0 0 0 0 0 0 0 0 7 7 14 16 16 16 18 20 20 25 35 35 58 83 100 100 104 105 105 108 112 112 111 107 105 105 102 87 87 65 43 27 27 20 18 18 12 9 9 7 6 0 0 0 0 0 0 0 0 0 0 0 0 0 0 0 0 0 0 0 0 0 0 0 0 0 0 0 0 0 0 0 0 0 0 0 0 9 14 14 10 0 0 0 0 0 0 0 0 0 0 0 0 0 0 9 9 24 22 18 18 7 0 0 0 0 0 0 0 0 0 0 0 0 0 0 0 0 0 0 0 0 0 0 0 0 0 0 0 0 0 15 25 30 30 32 59 59 65 0 68 68 114 106 106 106 101 -1 -1 -1 -1 -1 -1 -1 -1 -1 -1 -1 -1 -1 -1 -1 -1 -1 -1 -1 -1 -1 -1 -1 -1 -1 -1 -1 -1 -1 -1 -1 -1 -1 -2 -2 -2 -2 -1 -1 -2 -2 -2 -2 -4 -4 -4 -4 -4 -4 -6 -6 -6 -6 -7 -7 -7 -7 -7 -7 -7 -7 -8 -8 -8 -7 -7 -7 -8 -11 -11 -12 -16 -16 -17 -21 -23 -23 -25 -27 -27 -27 -27 -27 -25 -25 -23 -23 -20 -17 -17 -14 -13 -12 -12 -14 -14 -14 -14 -17 -17 -21 -25 -26 -26 -26 -30 -30 -27 -23 -18 -18 -14 -12 -12 -11 -9 -9 -9 -9 -8 -8 -8 -8 -8 -8 -8 -8 -8 -8 -8 -8 -8 -8 -11 -11 -12 -14 -14 -14 -18 -18 -18 -17 -16 -16
-1 -1 -1 -1 -1 -1 -1 -1 -1 -1 -1 -1 -1 -1 -1 -1 -1 -1 -1 -1 -1 -1 -1 -1 -1 -1 -1 -1 -1 -1 -1 105 105 104 96 96 91 2 31 31 47 64 64 52 35 20 20 0 0 0 0 0 0 0 0 0 0 0 0 0 0 0 0 0 0 0 0 0 0 0 0 0 0 0 0 0 0 0 0 0 0 0 0 0 0 8 18 18 16 10 10 1 2 2 4 8 7 7 4 4 4 2 0 0 0 0 0 0 0 2 2 9 12 15 15 15 18 18 15 7 0 0 0 0 0 0 0 0 0 0 4 4 13 16 16 26 36 43 43 15 0 0 0 0 0 0 0 0 0 0 0 0 0 0 0 0 0 0 0 0 0 0 0 0 0 0 1 0 0 0 0 0 0 0 0 0 0 0 0 0 0 8 8 6 0 0 0 0 0 0 0 0 0 0 0 0 0 0 0 0 0 0 0 0 0 0 0 0 0 0 0 0 0 0 0 0 0 0 0 0 0 7 14 14 16 16 16 18 20 25 25 35 58 58 83 100 104 104 105 108 108 112 111 107 107 105 102 102 87 65 65 43 27 20 20 18 12 12 9 7 6 6 0 0 0 0 0 0 0 0 0 0 0 0 0 0 0 0 0 0 0 0 0 0 0 0 0 0 0 0 0 0 0 0 0 0 0 9 9 14 10 0 0 0 0 0 0 0 0 0 0 0 0 0 0 0 9 24 22 22 18 7 7 0 0 0 0 0 0 0 0 0 0 0 0 0 0 0 0 0 0 0 0 0 0 0 0 0 0 0 0 15 25 25 30 32 32 59 65 0 0 68 114 114 106 106 106 101 -1 -1 -1 -1 -1 -1 -1 -1 -1 -1 -1 -1 -1 -1 -1 -1 -1 -1 -1 -1 -1 -1 -1 -1 -1 -1 -1 -1 -1 -1 -1 -1 -1 -2 -2 -2 -2 -1 -2 -2 -2 -2 -4 -4 -4 -4 -4 -4 -6 -6 -6 -6 -7 -7 -7 -7 -7 -7 -7 -7 -7 -8 -8 -8 -7 -7 -8 -8 -11 -12 -12 -16 -17 -17 -21 -23 -25 -25 -27 -27 -27 -27 -25 -25 -25 -23 -20 -20 -17 -14 -14 -13 -12 -14 -14 -14 -14 -14 -17 -21 -25 -25 -26 -26 -26 -30 -27 -23 -23 -18 -14 -14 -12 -11 -11 -9 -9 -9 -9 -8 -8 -8 -8 -8 -8 -8 -8 -8 -8 -8 -8 -8 -8 -11 -12 -12 -14 -14 -14 -18 -18 -17 -17 -16
-1 -1 -1 -1 -1 -1 -1 -1 -1 -1 -1 -1 -1 -1 -1 -1 -1 -1 -1 -1 -1 -1 -1 -1 -1 -1 -1 -1 95 97 97 102 105 105 99 36 1 1 64 61 61 42 33 33 21 8 0 0 0 0 0 0 0 0 0 0 0 0 0 0 1 1 0 0 0 0 0 0 0 0 0 0 0 0 0 0 0 0 0 0 0 0 0 14 14 26 31 32 32 25 20 20 20 20 16 16 10 7 7 1 0 0 0 0 0 0 0 1 1 4 13 19 19 25 25 25 24 19 4 4 0 0 0 0 0 0 0 0 0 0 4 14 14 19 29 37 37 41 4 4 0 0 0 0 0 0 0 0 0 0 0 0 0 0 0 0 0 0 0 0 0 0 0 0 0 0 0 0 0 0 0 0 0 0 0 0 0 0 0 0 0 8 0 0 0 0 0 0 0 0 0 0 0 2 2 1 0 0 0 0 0 0 0 0 0 0 0 0 0 0 0 0 0 0 0 9 16 16 19 20 24 24 29 33 33 37 44 52 52 56 62 62 78 95 107 107 110 110 110 111 113 113 113 110 108 108 106 93 93 76 52 37 37 33 36 36 35 31 31 24 14 2 2 0 0 0 0 0 0 0 0 0 0 0 0 0 0 0 0 0 0 0 0 0 0 0 0 0 0 0 0 0 0 0 0 2 2 13 10 10 2 0 0 0 0 0 0 0 0 0 0 0 0 0 0 1 1 16 19 15 15 7 0 0 0 0 0 0 0 0 0 0 0 0 0 0 0 0 0 0 0 0 0 0 0 0 0 0 0 1 1 10 18 29 29 38 44 44 43 0 93 93 110 102 102 107 97 -1 -1 -1 -1 -1 -1 -1 -1 -1 -1 -1 -1 -1 -1 -1 -1 -1 -1 -1 -1 -1 -1 -1 -2 -2 -2 -1 -1 -1 -1 -1 -1 -2 -2 -3 -3 -3 -3 -3 -3 -3 -3 -4 -6 -6 -6 -6 -7 -7 -6 -7 -7 -7 -7 -7 -7 -8 -8 -8 -8 -7 -8 -8 -8 -9 -9 -9 -9 -12 -12 -13 -17 -17 -18 -22 -23 -23 -26 -28 -28 -28 -28 -28 -25 -23 -22 -22 -20 -17 -17 -14 -13 -12 -12 -13 -13 -13 -16 -18 -18 -23 -26 -30 -30 -30 -31 -31 -28 -25 -20 -20 -16 -13 -13 -12 -12 -11 -11 -11 -11 -11 -11 -11 -11 -11 -9 -9 -9 -9 -9 -9 -9 -9 -11 -11 -13 -14 -14 -16 -20 -20 -20 -18 -17 -17
-1 -1 -1 -1 -1 -1 -1 -1 -1 -1 -1 -1 -1 -1 -1 -1 -1 -1 -1 -1 -1 -1 -1 -1 -1 -1 -1 -1 95 95 97 102 102 105 99 99 36 1 64 64 61 42 42 33 21 8 8 0 0 0 0 0 0 0 0 0 0 0 0 0 0 1 0 0 0 0 0 0 0 0 0 0 0 0 0 0 0 0 0 0 0 0 0 0 14 26 31 31 32 25 25 20 20 20 20 16 10 10 7 1 1 0 0 0 0 0 0 0 1 4 4 13 19 25 25 25 24 24 19 4 0 0 0 0 0 0 0 0 0 0 4 4 14 19 19 29 37 41 41 4 0 0 0 0 0 0 0 0 0 0 0 0 0 0 0 0 0 0 0 0 0 0 0 0 0 0 0 0 0 0 0 0 0 0 0 0 0 0 0 0 0 8 8 0 0 0 0 0 0 0 0 0 0 0 2 1 1 0 0 0 0 0 0 0 0 0 0 0 0 0 0 0 0 0 0 9 9 16 19 20 20 24 29 29 33 37 37 44 52 56 56 62 78 78 95 107 110 110 110 111 111 113 113 110 110 108 106 106 93 76 76 52 37 33 33 36 35 35 31 24 14 14 2 0 0 0 0 0 0 0 0 0 0 0 0 0 0 0 0 0 0 0 0 0 0 0 0 0 0 0 0 0 0 0 0 0 2 13 13 10 2 0 0 0 0 0 0 0 0 0 0 0 0 0 0 0 1 16 19 19 15 7 7 0 0 0 0 0 0 0 0 0 0 0 0 0 0 0 0 0 0 0 0 0 0 0 0 0 0 0 1 10 18 18 29 38 38 44 43 0 0 93 110 110 102 107 107 97 -1 -1 -1 -1 -1 -1 -1 -1 -1 -1 -1 -1 -1 -1 -1 -1 -1 -1 -1 -1 -1 -1 -1 -2 -2 -1 -1 -1 -1 -1 -1 -2 -2 -2 -3 -3 -3 -3 -3 -3 -3 -4 -6 -6 -6 -6 -6 -7 -6 -7 -7 -7 -7 -7 -7 -8 -8 -8 -8 -7 -7 -8 -8 -8 -9 -9 -9 -9 -12 -13 -13 -17 -18 -18 -22 -23 -26 -26 -28 -28 -28 -28 -25 -23 -23 -22 -20 -20 -17 -14 -14 -13 -12 -13 -13 -13 -16 -16 -18 -23 -26 -26 -30 -30 -30 -31 -28 -25 -25 -20 -16 -16 -13 -12 -12 -12 -11 -11 -11 -11 -11 -11 -11 -11 -9 -9 -9 -9 -9 -9 -9 -9 -9 -11 -13 -13 -14 -16 -16 -20 -20 -18 -18 -17
-1 -1 -1 -1 -1 -1 -1 -1 -1 -1 -1 -1 -1 -1 -1 -1 -1 -1 -1 -1 -1 -1 -1 -1 -1 -1 -1 95 99 102 102 104 91 91 72 0 47 47 48 48 48 38 21 21 8 0 0 0 0 0 0 0 0 0 0 0 0 0 3 7 8 8 6 3 3 0 0 0 0 0 0 0 0 4 4 8 6 2 2 0 4 4 15 31 31 41 44 42 42 38 33 33 33 27 20 20 14 12 12 2 1 1 0 0 0 0 1 4 4 10 18 26 26 33 35 35 33 27 9 9 0 0 0 0 0 0 0 0 0 0 4 14 14 21 29 27 27 26 0 0 0 0 0 0 0 0 0 0 0 0 0 0 0 0 0 0 0 0 0 0 0 0 0 0 0 0 0 0 0 0 0 0 0 0 0 0 0 0 0 0 0 2 0 0 0 0 0 0 0 0 0 4 9 12 12 9 0 0 0 0 0 0 0 0 0 0 0 0 0 12 12 12 13 19 19 31 45 45 50 52 55 55 60 66 66 67 73 78 78 82 85 85 94 104 110 110 111 110 110 111 112 112 113 111 112 112 111 100 100 87 70 58 58 58 64 64 64 50 50 36 18 0 0 0 0 0 0 0 0 0 0 0 0 0 0 0 0 0 0 0 0 0 0 0 0 0 0 0 0 0 0 0 0 0 0 9 9 15 7 7 0 0 0 0 0 0 0 0 0 0 0 0 0 0 0 0 0 8 15 14 14 7 0 0 0 0 0 0 0 0 0 0 0 0 0 0 0 0 0 0 0 0 0 0 0 0 0 0 0 9 9 24 32 37 37 48 15 15 2 39 108 108 105 102 102 100 89 -1 -1 -1 -1 -1 -1 -1 -1 -1 -1 -1 -1 -1 -1 -1 -1 -1 -1 -1 -1 -2 -2 -2 -2 -2 -2 -1 -1 -1 -1 -3 -3 -3 -3 -4 -4 -4 -4 -4 -4 -6 -6 -6 -7 -7 -7 -7 -8 -8 -6 -6 -6 -6 -7 -7 -7 -7 -8 -8 -8 -8 -9 -9 -9 -11 -11 -11 -11 -13 -13 -16 -18 -18 -20 -22 -25 -25 -26 -28 -28 -30 -28 -28 -25 -23 -22 -22 -21 -17 -17 -14 -13 -12 -12 -13 -14 -14 -16 -20 -20 -25 -28 -31 -31 -31 -32 -32 -30 -26 -22 -22 -17 -14 -14 -13 -13 -13 -13 -12 -12 -12 -12 -12 -12 -12 -12 -12 -12 -12 -12 -12 -11 -12 -13 -13 -14 -17 -17 -18 -21 -21 -21 -21 -18 -18
-1 -1 -1 -1 -1 -1 -1 -1 -1 -1 -1 -1 -1 -1 -1 -1 -1 -1 -1 -1 -1 -1 -1 -1 -1 -1 96 100 105 105 106 111 111 55 -75 -75 25 55 45 45 38 36 36 16 0 0 0 0 0 0 0 0 0 0 0 0 0 4 9 9 9 8 6 6 6 0 0 0 0 0 0 2 14 14 20 18 18 16 19 19 19 21 29 29 38 45 45 45 43 41 41 37 32 32 27 21 16 16 15 10 10 10 4 2 2 8 12 12 10 14 14 24 33 43 43 49 50 50 39 13 0 0 0 0 0 0 0 0 0 0 0 0 12 18 18 19 7 1 1 0 0 0 0 0 0 0 0 0 0 0 0 0 0 0 0 0 0 0 0 0 0 0 0 0 0 0 0 0 0 0 0 0 0 0 0 0 0 0 0 0 0 0 0 0 0 0 0 0 3 3 7 14 14 18 15 13 13 2 0 0 0 0 0 0 0 0 0 2 13 13 32 42 43 43 49 61 61 76 84 84 84 88 91 91 94 93 93 93 99 101 101 104 106 106 106 105 107 107 107 106 106 110 111 111 111 117 114 114 108 99 99 88 82 87 87 91 91 91 64 42 20 20 0 0 0 0 0 0 0 0 0 0 0 0 0 0 0 0 0 0 0 0 0 0 0 0 0 0 0 0 0 0 0 0 2 2 8 10 10 1 0 0 0 0 0 0 0 0 0 0 0 0 0 0 0 0 0 0 8 8 10 10 10 2 0 0 0 0 0 0 0 0 0 0 0 0 0 0 0 0 0 0 0 0 0 0 0 0 0 0 13 3 13 13 4 14 14 14 32 96 96 113 102 102 100 90 90 -1 -1 -1 -1 -1 -1 -1 -1 -1 -1 -1 -1 -1 -1 -1 -1 -1 -1 -1 -2 -2 -2 -3 -3 -3 -3 -2 -2 -2 -3 -3 -3 -4 -4 -4 -6 -6 -6 -6 -6 -6 -7 -7 -8 -8 -8 -7 -7 -7 -7 -7 -7 -7 -8 -8 -8 -8 -8 -9 -9 -9 -9 -9 -11 -11 -11 -11 -12 -12 -16 -17 -17 -20 -21 -21 -23 -25 -27 -27 -30 -30 -30 -30 -25 -23 -23 -21 -20 -20 -16 -13 -13 -12 -12 -13 -13 -14 -17 -17 -21 -26 -30 -30 -31 -31 -31 -32 -30 -26 -26 -22 -18 -18 -16 -14 -14 -14 -14 -14 -14 -13 -13 -13 -13 -13 -13 -13 -13 -13 -13 -13 -13 -13 -13 -14 -17 -17 -18 -20 -20 -22 -23 -22 -22 -21
-1 -1 -1 -1 -1 -1 -1 -1 -1 -1 -1 -1 -1 -1 -1 -1 -1 -1 -1 -1 -1 -1 -1 -1 -1 96 96 100 105 106 106 111 55 55 -75 25 55 55 45 38 38 36 16 16 0 0 0 0 0 0 0 0 0 0 0 0 4 4 9 9 8 8 6 6 6 0 0 0 0 0 2 2 14 20 20 18 16 19 19 19 21 21 29 38 38 45 45 43 43 41 37 37 32 27 21 21 16 15 15 10 10 10 4 2 8 8 12 10 10 14 24 33 33 43 49 49 50 39 13 13 0 0 0 0 0 0 0 0 0 0 0 12 12 18 19 7 7 1 0 0 0 0 0 0 0 0 0 0 0 0 0 0 0 0 0 0 0 0 0 0 0 0 0 0 0 0 0 0 0 0 0 0 0 0 0 0 0 0 0 0 0 0 0 0 0 0 0 0 3 7 7 14 18 15 15 13 2 2 0 0 0 0 0 0 0 0 2 2 13 32 42 42 43 49 49 61 76 76 84 84 88 88 91 94 94 93 93 99 99 101 104 104 106 106 105 105 107 107 107 106 110 110 111 111 117 117 114 108 108 99 88 82 82 87 91 91 91 64 64 42 20 0 0 0 0 0 0 0 0 0 0 0 0 0 0 0 0 0 0 0 0 0 0 0 0 0 0 0 0 0 0 0 0 0 2 8 8 10 1 1 0 0 0 0 0 0 0 0 0 0 0 0 0 0 0 0 0 0 8 10 10 10 2 2 0 0 0 0 0 0 0 0 0 0 0 0 0 0 0 0 0 0 0 0 0 0 0 0 0 13 13 3 13 4 4 14 14 14 32 96 113 113 102 100 100 90 -1 -1 -1 -1 -1 -1 -1 -1 -1 -1 -1 -1 -1 -1 -1 -1 -1 -1 -1 -1 -2 -2 -2 -3 -3 -3 -3 -2 -2 -2 -3 -3 -3 -4 -4 -6 -6 -6 -6 -6 -6 -7 -7 -7 -8 -8 -8 -7 -7 -7 -7 -7 -7 -7 -8 -8 -8 -8 -9 -9 -9 -9 -9 -9 -11 -11 -11 -11 -12 -16 -16 -17 -20 -20 -21 -23 -25 -25 -27 -30 -30 -30 -30 -30 -25 -23 -21 -21 -20 -16 -16 -13 -12 -12 -12 -13 -14 -14 -17 -21 -21 -26 -30 -31 -31 -31 -32 -32 -30 -26 -22 -22 -18 -16 -16 -14 -14 -14 -14 -14 -13 -13 -13 -13 -13 -13 -13 -13 -13 -13 -13 -13 -13 -13 -14 -14 -17 -18 -18 -20 -22 -22 -23 -22 -21 -21
-1 -1 -1 -1 -1 -1 -1 -1 -1 -1 -1 -1 -1 -1 -1 -1 -1 -1 -1 -1 -1 -1 -1 -1 -1 -1 99 105 107 107 110 88 88 29 -91 -91 60 49 41 41 39 35 35 15 0 0 0 0 0 0 0 0 0 0 0 0 0 4 6 6 2 0 0 0 0 0 0 0 1 4 4 22 38 38 35 30 30 26 32 35 35 35 37 37 42 45 44 44 38 38 38 35 27 27 22 20 19 19 19 20 20 19 13 10 10 16 19 19 15 16 16 29 38 50 50 62 66 66 52 14 0 0 0 0 0 0 0 0 0 0 0 0 6 7 7 3 0 0 0 0 0 0 0 0 0 0 0 0 0 0 0 0 0 0 0 0 0 0 0 0 0 0 0 0 0 0 0 0 0 0 0 0 0 0 0 0 0 0 0 0 0 0 0 0 0 0 0 7 20 20 15 20 20 19 13 13 13 3 0 0 0 0 0 0 2 3 3 16 27 27 55 72 74 74 77 84 84 96 104 102 102 106 110 110 105 102 102 105 110 111 111 112 110 110 104 101 105 105 106 105 105 110 111 113 113 118 119 119 113 105 105 100 97 104 104 107 102 102 68 45 21 21 2 0 0 0 0 0 0 0 0 0 0 0 0 0 0 0 0 0 0 0 0 0 0 0 0 0 0 0 0 0 0 0 4 4 3 3 3 0 0 0 0 0 0 0 0 0 0 0 0 0 0 0 0 0 0 0 1 1 7 10 10 7 0 0 0 0 0 0 0 0 0 0 0 0 0 0 0 0 0 0 0 0 0 0 0 0 9 9 26 0 -55 -55 33 42 42 71 96 107 107 102 102 102 94 87 87 -1 -1 -1 -1 -2 -2 -2 -1 -1 -1 -1 -1 -1 -1 -1 -1 -1 -1 -1 -2 -2 -2 -3 -3 -3 -3 -2 -2 -2 -4 -4 -4 -4 -4 -6 -6 -6 -6 -7 -7 -7 -7 -8 -8 -8 -8 -8 -8 -8 -8 -8 -8 -8 -8 -8 -9 -9 -9 -11 -11 -9 -9 -11 -12 -12 -12 -12 -14 -14 -16 -17 -17 -21 -22 -22 -25 -26 -27 -27 -30 -30 -30 -30 -25 -23 -23 -21 -20 -20 -17 -13 -13 -12 -11 -13 -13 -14 -17 -17 -21 -27 -30 -30 -31 -31 -31 -31 -30 -26 -26 -22 -18 -18 -16 -16 -16 -14 -14 -14 -14 -14 -14 -14 -14 -14 -14 -14 -13 -14 -14 -14 -14 -14 -14 -16 -17 -17 -20 -22 -22 -23 -23 -23 -23 -22
-1 -1 -1 -1 -1 -1 -1 -1 -1 -1 -1 -1 -1 -1 -1 -1 -1 -1 -1 -1 -1 -1 -1 -1 -1 99 99 105 107 110 110 88 29 29 -91 60 49 49 41 39 39 35 15 15 0 0 0 0 0 0 0 0 0 0 0 0 4 4 6 2 0 0 0 0 0 0 0 0 1 4 22 22 38 35 35 30 26 32 32 35 35 35 37 42 42 45 44 38 38 38 35 35 27 22 20 20 19 19 19 20 19 19 13 10 16 16 19 15 15 16 29 38 38 50 62 62 66 52 14 14 0 0 0 0 0 0 0 0 0 0 0 6 6 7 3 0 0 0 0 0 0 0 0 0 0 0 0 0 0 0 0 0 0 0 0 0 0 0 0 0 0 0 0 0 0 0 0 0 0 0 0 0 0 0 0 0 0 0 0 0 0 0 0 0 0 0 7 7 20 15 15 20 19 13 13 13 3 3 0 0 0 0 0 2 2 3 16 16 27 55 72 72 74 77 77 84 96 96 104 102 106 106 110 105 105 102 105 110 110 111 112 112 110 104 101 101 105 106 106 105 110 110 111 113 118 118 119 113 113 105 100 97 97 104 107 107 102 68 68 45 21 2 2 0 0 0 0 0 0 0 0 0 0 0 0 0 0 0 0 0 0 0 0 0 0 0 0 0 0 0 0 0 0 0 4 3 3 3 0 0 0 0 0 0 0 0 0 0 0 0 0 0 0 0 0 0 0 0 1 7 7 10 7 7 0 0 0 0 0 0 0 0 0 0 0 0 0 0 0 0 0 0 0 0 0 0 0 0 9 26 26 0 -55 33 33 42 71 71 96 107 102 102 102 94 94 87 -1 -1 -1 -1 -2 -2 -2 -1 -1 -1 -1 -1 -1 -1 -1 -1 -1 -1 -1 -1 -2 -2 -2 -3 -3 -3 -3 -2 -2 -2 -4 -4 -4 -4 -6 -6 -6 -6 -7 -7 -7 -7 -7 -8 -8 -8 -8 -8 -8 -8 -8 -8 -8 -8 -8 -9 -9 -9 -11 -11 -11 -9 -11 -11 -12 -12 -12 -12 -14 -16 -16 -17 -21 -21 -22 -25 -26 -26 -27 -30 -30 -30 -30 -30 -25 -23 -21 -21 -20 -17 -17 -13 -12 -11 -11 -13 -14 -14 -17 -21 -21 -27 -30 -31 -31 -31 -31 -31 -30 -26 -22 -22 -18 -16 -16 -16 -14 -14 -14 -14 -14 -14 -14 -14 -14 -14 -14 -13 -13 -14 -14 -14 -14 -14 -16 -16 -17 -20 -20 -22 -23 -23 -23 -23 -22 -22
-1 -1 -1 -1 -1 -1 -1 -1 -1 -1 -1 -1 -1 -1 -1 -1 -1 -1 -1 -1 -1 -1 -1 96 105 105 108 108 110 110 88 -42 -42 26 41 41 59 49 37 37 35 26 26 3 0 0 0 0 0 0 0 0 0 0 2 0 0 0 0 0 0 0 0 0 0 0 0 10 13 30 30 61 64 64 44 35 35 30 33 38 38 41 39 39 41 39 37 37 37 32 32 29 24 24 20 19 19 19 14 14 14 21 22 16 16 14 13 13 16 30 30 41 56 66 66 71 79 79 50 0 0 0 0 0 0 0 0 0 0 0 0 0 0 0 0 0 0 0 0 0 0 0 0 0 0 0 0 0 0 0 0 0 0 0 0 0 0 0 0 0 0 0 0 0 0 0 0 0 0 0 0 0 0 2 0 0 0 0 0 0 0 0 0 0 0 0 0 8 20 20 18 18 18 16 15 15 15 18 14 14 10 14 16 16 19 21 21 32 50 50 71 85 91 91 94 101 101 107 113 118 118 119 111 111 101 93 93 99 100 112 112 102 104 104 89 95 102 102 106 107 107 112 113 113 113 116 116 116 118 112 112 105 105 108 108 107 99 99 73 58 35 35 15 0 0 0 0 0 0 0 0 0 0 0 0 0 0 0 0 0 0 0 0 0 0 0 0 0 0 0 0 0 0 2 0 0 0 0 0 0 0 0 0 0 0 0 0 0 0 0 0 0 0 0 0 0 0 0 0 0 13 10 10 1 0 0 0 0 0 0 0 0 0 0 0 0 0 0 0 0 0 0 0 0 0 0 0 4 22 22 29 0 104 104 107 111 111 110 110 101 101 97 93 93 -1 -1 -1 -1 -1 -1 -1 -2 -1 -1 -1 -1 -1 -1 -2 -2 -2 -2 -3 -3 -3 -2 -3 -3 -4 -4 -4 -4 -4 -4 -4 -4 -4 -4 -4 -6 -6 -6 -7 -7 -7 -8 -8 -8 -8 -8 -8 -8 -8 -8 -8 -8 -11 -11 -11 -11 -11 -11 -11 -12 -12 -12 -13 -13 -13 -13 -14 -14 -14 -16 -16 -16 -17 -17 -17 -20 -21 -21 -22 -25 -26 -26 -28 -30 -30 -30 -26 -25 -25 -21 -18 -18 -16 -14 -14 -14 -16 -16 -16 -18 -21 -21 -23 -27 -30 -30 -30 -30 -30 -30 -28 -25 -25 -22 -18 -18 -17 -17 -17 -17 -16 -16 -16 -16 -16 -16 -16 -16 -16 -16 -16 -16 -16 -16 -16 -16 -17 -18 -21 -21 -22 -23 -23 -25 -25 -25 -25 -23
-1 -1 -1 -1 -1 -1 -1 -1 -1 -1 -1 -1 -1 -1 -1 -1 -1 -1 -1 -1 -1 -1 108 108 110 104 104 111 90 50 50 15 52 52 66 50 36 36 33 26 26 16 0 0 0 0 0 0 0 1 1 2 8 4 4 2 0 0 0 0 0 0 0 0 0 1 18 18 26 47 78 78 74 49 49 37 29 32 32 36 38 38 39 42 42 42 39 31 31 26 22 22 20 15 15 15 16 13 13 14 20 20 21 16 14 14 13 18 18 29 50 65 65 72 76 76 67 25 0 0 0 0 0 0 0 0 0 0 0 0 0 0 0 0 0 0 0 0 0 0 0 0 0 0 0 0 0 0 0 0 0 0 0 0 2 4 4 10 4 4 0 0 0 0 0 0 0 0 0 0 0 1 7 7 7 0 0 0 0 0 0 0 0 0 0 0 0 0 7 6 6 7 9 15 15 25 35 35 39 39 39 48 45 42 42 42 50 50 65 84 94 94 102 105 105 111 117 117 120 122 117 117 107 97 97 93 90 88 88 89 99 99 99 89 91 91 101 106 106 107 111 111 111 111 113 113 111 105 105 97 94 97 97 102 102 102 99 73 73 59 41 21 21 0 0 0 0 0 0 0 0 0 0 0 0 0 0 0 0 0 0 0 0 0 0 0 0 0 0 0 0 0 7 7 0 0 0 0 0 0 0 0 0 0 0 0 0 0 0 0 0 0 0 0 0 0 0 0 1 12 12 10 0 0 0 0 0 0 0 0 0 0 0 0 0 0 0 0 0 0 0 0 0 0 0 0 18 18 38 13 13 45 108 114 114 105 108 108 105 96 94 94 90 -1 -1 -1 -1 -1 -1 -1 -1 -1 -1 -1 -1 -1 -1 -2 -2 -2 -2 -2 -3 -3 -3 -3 -4 -4 -4 -6 -6 -6 -6 -4 -4 -4 -4 -6 -6 -6 -7 -7 -7 -7 -8 -8 -8 -8 -8 -8 -8 -8 -8 -9 -9 -9 -11 -11 -11 -11 -11 -12 -12 -12 -13 -13 -13 -13 -14 -14 -14 -14 -14 -16 -16 -17 -17 -17 -18 -18 -20 -22 -23 -23 -26 -28 -28 -30 -30 -30 -25 -23 -21 -21 -17 -14 -14 -14 -14 -14 -14 -16 -18 -18 -21 -23 -23 -26 -28 -28 -28 -30 -30 -30 -28 -25 -22 -22 -20 -18 -18 -18 -18 -16 -16 -16 -16 -16 -16 -16 -16 -16 -16 -16 -16 -16 -17 -17 -17 -18 -20 -20 -21 -22 -22 -23 -25 -25 -25 -25 -23 -23
-1 -1 -1 -1 -1 -1 -1 -1 -1 -1 -1 -1 -1 -1 -1 -1 -1 -1 -1 -1 -1 -1 -1 108 110 110 104 111 90 90 50 15 15 52 66 66 50 36 33 33 26 16 16 0 0 0 0 0 0 0 1 2 2 8 4 2 2 0 0 0 0 0 0 0 0 1 1 18 26 47 47 78 74 74 49 37 37 29 32 36 36 38 39 39 42 42 39 39 31 26 26 22 20 20 15 15 16 16 13 14 14 20 21 16 16 14 13 13 18 29 29 50 65 72 72 76 67 67 25 0 0 0 0 0 0 0 0 0 0 0 0 0 0 0 0 0 0 0 0 0 0 0 0 0 0 0 0 0 0 0 0 0 0 0 2 2 4 10 10 4 0 0 0 0 0 0 0 0 0 0 0 1 1 7 7 7 0 0 0 0 0 0 0 0 0 0 0 0 7 7 6 7 7 9 15 25 25 35 39 39 39 48 45 45 42 42 42 50 65 65 84 94 102 102 105 111 111 117 120 122 122 117 107 107 97 93 93 90 88 89 89 99 99 99 89 91 101 101 106 107 107 111 111 111 111 113 111 111 105 97 97 94 97 102 102 102 99 99 73 59 41 41 21 0 0 0 0 0 0 0 0 0 0 0 0 0 0 0 0 0 0 0 0 0 0 0 0 0 0 0 0 0 0 7 0 0 0 0 0 0 0 0 0 0 0 0 0 0 0 0 0 0 0 0 0 0 0 0 1 1 12 10 10 0 0 0 0 0 0 0 0 0 0 0 0 0 0 0 0 0 0 0 0 0 0 0 0 18 38 38 13 45 108 108 114 105 105 108 105 96 96 94 90 90 -1 -1 -1 -1 -1 -1 -1 -1 -1 -1 -1 -1 -1 -1 -2 -2 -2 -2 -3 -3 -3 -3 -4 -4 -4 -6 -6 -6 -6 -4 -4 -4 -4 -4 -6 -6 -6 -7 -7 -7 -7 -8 -8 -8 -8 -8 -8 -8 -8 -9 -9 -9 -11 -11 -11 -11 -11 -11 -12 -12 -12 -13 -13 -13 -13 -14 -14 -14 -14 -16 -16 -16 -17 -17 -17 -18 -20 -20 -22 -23 -26 -26 -28 -30 -30 -30 -25 -23 -23 -21 -17 -17 -14 -14 -14 -14 -14 -16 -16 -18 -21 -21 -23 -26 -28 -28 -28 -30 -30 -30 -28 -25 -25 -22 -20 -20 -18 -18 -18 -18 -16 -16 -16 -16 -16 -16 -16 -16 -16 -16 -16 -16 -16 -17 -17 -17 -18 -20 -21 -21 -22 -23 -23 -25 -25 -25 -25 -23
-1 -1 -1 -1 -1 -1 -1 -1 -1 -1 -1 -1 -1 -1 -1 -1 -1 94 96 96 96 107 105 105 108 107 107 107 66 -77 -77 35 62 62 61 33 29 29 26 12 12 1 0 0 0 0 0 0 9 10 10 8 10 8 8 7 0 0 0 0 0 0 0 0 0 2 18 18 32 54 79 79 71 48 48 38 33 35 35 37 38 38 41 44 44 43 39 25 25 20 20 20 18 15 15 15 18 14 14 15 24 24 26 20 16 16 14 19 19 27 52 64 64 71 72 72 49 2 0 0 0 0 0 0 0 0 0 0 0 0 0 0 0 0 0 0 0 0 0 0 0 0 0 0 0 0 0 0 0 0 0 0 0 0 12 14 14 16 8 8 0 0 0 0 0 0 0 0 0 0 0 3 10 10 9 1 0 0 0 0 0 0 0 0 0 0 0 0 0 0 0 0 4 13 13 29 45 45 61 66 66 74 65 54 54 49 56 56 72 87 93 93 107 108 108 116 122 122 122 120 111 111 99 96 96 91 72 68 68 83 85 85 105 90 78 78 88 95 95 101 106 106 106 101 99 99 104 99 99 96 95 95 95 97 100 100 101 83 83 68 45 24 24 2 0 0 0 0 0 0 0 0 0 0 0 0 0 0 0 0 0 9 9 4 0 0 0 0 0 0 0 0 4 4 0 0 0 0 0 0 0 0 0 0 0 0 0 0 0 0 0 0 0 0 0 0 0 1 4 8 8 3 0 0 0 0 0 0 0 0 0 0 0 0 0 0 0 0 0 0 0 0 0 0 0 6 25 25 41 0 0 73 107 105 105 111 107 107 102 93 89 89 -1 -1 -1 -1 -1 -1 -1 -1 -1 -1 -1 -1 -1 -1 -1 -2 -2 -2 -3 -3 -2 -3 -4 -4 -4 -6 -6 -6 -6 -6 -6 -6 -6 -6 -6 -6 -6 -7 -7 -7 -7 -8 -8 -8 -8 -8 -8 -9 -9 -9 -9 -11 -11 -11 -12 -12 -12 -12 -12 -13 -13 -13 -14 -14 -14 -14 -14 -14 -14 -16 -16 -16 -16 -17 -17 -17 -17 -17 -18 -21 -23 -23 -25 -27 -27 -28 -28 -28 -25 -23 -21 -21 -17 -16 -16 -14 -14 -14 -14 -16 -18 -18 -21 -22 -22 -25 -27 -27 -27 -28 -30 -30 -28 -26 -23 -23 -21 -20 -20 -20 -20 -17 -17 -17 -17 -17 -17 -17 -17 -16 -16 -16 -16 -17 -18 -18 -18 -20 -21 -21 -22 -23 -23 -25 -26 -26 -26 -26 -25 -25
-1 -1 -1 -1 -1 -1 -1 -1 -1 -1 -1 -1 -1 -1 -1 -1 -1 94 94 96 96 107 107 105 108 108 107 107 66 66 -77 35 35 62 61 61 33 29 26 26 12 1 1 0 0 0 0 0 9 9 10 8 8 10 8 7 7 0 0 0 0 0 0 0 0 2 2 18 32 54 54 79 71 71 48 38 38 33 35 37 37 38 41 41 44 43 39 39 25 20 20 20 18 18 15 15 18 18 14 15 15 24 26 20 20 16 14 14 19 27 27 52 64 71 71 72 49 49 2 0 0 0 0 0 0 0 0 0 0 0 0 0 0 0 0 0 0 0 0 0 0 0 0 0 0 0 0 0 0 0 0 0 0 0 12 12 14 16 16 8 0 0 0 0 0 0 0 0 0 0 0 3 3 10 9 9 1 0 0 0 0 0 0 0 0 0 0 0 0 0 0 0 0 4 13 29 29 45 61 61 66 74 65 65 54 49 49 56 72 72 87 93 107 107 108 116 116 122 122 120 120 111 99 99 96 91 91 72 68 83 83 85 105 105 90 78 88 88 95 101 101 106 106 101 101 99 104 104 99 96 96 95 95 97 97 100 101 101 83 68 45 45 24 2 2 0 0 0 0 0 0 0 0 0 0 0 0 0 0 0 0 0 9 4 4 0 0 0 0 0 0 0 0 4 0 0 0 0 0 0 0 0 0 0 0 0 0 0 0 0 0 0 0 0 0 0 0 1 4 4 8 3 3 0 0 0 0 0 0 0 0 0 0 0 0 0 0 0 0 0 0 0 0 0 0 6 6 25 41 41 0 73 107 107 105 111 111 107 102 93 93 89 -1 -1 -1 -1 -1 -1 -1 -1 -1 -1 -1 -1 -1 -1 -1 -1 -2 -2 -2 -3 -2 -2 -3 -4 -4 -4 -6 -6 -6 -6 -6 -6 -6 -6 -6 -6 -6 -7 -7 -7 -7 -8 -8 -8 -8 -8 -8 -9 -9 -9 -9 -11 -11 -11 -12 -12 -12 -12 -12 -12 -13 -13 -13 -14 -14 -14 -14 -14 -14 -14 -16 -16 -16 -16 -17 -17 -17 -17 -18 -18 -21 -23 -25 -25 -27 -28 -28 -28 -25 -23 -23 -21 -17 -17 -16 -14 -14 -14 -14 -16 -16 -18 -21 -21 -22 -25 -27 -27 -27 -28 -28 -30 -28 -26 -26 -23 -21 -21 -20 -20 -20 -20 -17 -17 -17 -17 -17 -17 -17 -16 -16 -16 -16 -17 -17 -18 -18 -18 -20 -21 -22 -22 -23 -25 -25 -26 -26 -26 -26 -25
-1 -1 -1 -1 -1 -1 -1 -1 -1 -1 -1 -1 -1 -1 91 100 100 105 104 108 108 110 107 107 108 106 106 21 -81 -53 -53 61 47 47 31 22 20 20 19 6 6 0 0 0 0 0 16 16 24 12 12 9 9 14 14 12 9 9 6 3 4 4 7 10 10 9 19 19 27 44 59 59 54 38 38 37 37 37 37 36 37 37 41 43 43 39 36 16 16 12 12 12 10 8 9 9 12 9 9 18 29 29 35 26 16 16 12 16 16 24 48 59 59 59 55 55 24 0 0 0 0 0 0 0 0 0 0 0 0 0 0 0 0 0 0 0 0 0 0 0 0 0 0 0 0 0 0 0 0 0 0 0 15 15 22 22 22 26 10 10 0 0 0 0 0 0 0 0 0 0 0 12 14 14 8 0 0 0 0 0 0 0 0 0 0 0 0 0 0 0 0 0 7 13 13 22 41 41 60 72 72 96 84 67 67 56 61 61 74 81 81 81 88 90 90 99 107 107 111 107 99 99 88 82 82 73 64 62 62 66 78 78 93 81 94 94 99 99 99 102 107 107 106 97 93 93 88 85 85 82 78 74 74 79 94 94 107 100 100 93 76 53 53 29 14 14 7 6 0 0 0 0 0 0 0 0 0 0 0 0 1 30 30 21 9 0 0 0 0 0 0 0 0 0 0 0 0 0 0 0 0 0 0 0 0 0 0 0 0 0 0 0 0 0 0 0 0 8 3 2 2 0 0 0 0 0 0 0 0 0 0 0 0 0 0 0 0 0 0 0 0 0 0 0 0 8 25 25 43 0 0 101 116 106 106 106 104 104 95 -1 -1 -1 -1 -1 -1 -1 -1 -1 -1 -1 -1 -1 -1 -1 -1 -2 -2 -3 -3 -2 -2 -2 -4 -4 -4 -4 -6 -6 -6 -6 -6 -6 -7 -6 -6 -6 -7 -7 -7 -8 -8 -8 -8 -8 -8 -8 -9 -9 -9 -11 -11 -12 -12 -12 -12 -12 -12 -12 -13 -13 -13 -14 -14 -14 -16 -16 -16 -16 -16 -16 -16 -16 -16 -16 -16 -17 -17 -17 -17 -17 -18 -20 -22 -22 -25 -27 -27 -27 -28 -28 -25 -23 -21 -21 -18 -16 -16 -16 -14 -16 -16 -16 -18 -18 -20 -22 -22 -23 -26 -26 -26 -27 -28 -28 -27 -26 -23 -23 -22 -21 -21 -21 -21 -20 -20 -20 -20 -20 -20 -18 -18 -18 -18 -18 -18 -20 -21 -21 -21 -22 -23 -23 -25 -26 -26 -26 -27 -27 -27 -27 -27 -27
-1 -1 -1 -1 -1 -1 -1 -1 -1 -1 -1 -1 -1 -1 101 101 100 101 101 107 108 110 110 110 68 68 0 0 33 33 62 42 42 21 14 14 12 2 3 3 0 0 0 0 1 14 14 35 32 32 12 9 9 14 18 19 19 19 20 20 22 25 25 25 26 19 19 24 29 33 33 37 33 33 31 37 37 39 39 38 38 37 39 39 39 36 31 31 14 8 8 6 4 4 0 0 2 2 3 19 19 32 39 29 29 12 4 4 10 16 16 27 39 37 37 31 2 2 0 0 0 0 0 0 0 0 0 0 0 0 0 0 0 0 0 0 2 4 4 3 0 0 0 0 0 0 0 0 0 0 0 0 9 30 29 29 35 25 25 3 0 0 0 0 0 0 0 0 0 0 2 16 16 19 12 12 3 0 0 0 0 0 0 8 14 4 4 0 0 0 9 13 13 18 15 15 15 24 43 43 60 106 94 94 74 59 59 56 61 61 62 58 54 54 53 61 61 70 73 77 77 76 71 71 52 53 53 55 52 74 74 66 82 82 71 78 87 87 89 82 82 74 66 61 61 59 49 49 54 61 61 67 68 71 71 82 93 93 108 112 100 100 72 48 48 37 35 35 32 2 0 0 0 0 0 0 0 0 0 0 10 10 52 45 45 31 12 0 0 0 0 0 0 0 0 0 0 0 0 0 0 0 0 0 0 0 0 0 0 0 0 0 0 0 0 0 0 0 0 0 0 0 0 0 0 0 0 0 0 0 0 0 0 0 0 0 0 0 0 0 0 0 0 0 0 14 14 43 0 0 44 112 113 113 111 99 99 95 90 -1 -1 -1 -1 -1 -1 -1 -1 -1 -1 -1 -1 -1 -1 -1 -2 -2 -3 -3 -3 -4 -4 -4 -4 -4 -6 -6 -7 -7 -6 -7 -7 -7 -7 -7 -7 -7 -8 -8 -8 -8 -8 -9 -9 -9 -9 -9 -9 -9 -11 -11 -12 -12 -13 -13 -13 -13 -13 -14 -14 -14 -14 -14 -16 -16 -16 -16 -16 -17 -17 -17 -17 -17 -17 -17 -17 -17 -17 -17 -17 -17 -17 -17 -20 -22 -23 -23 -26 -27 -27 -27 -25 -23 -23 -21 -18 -18 -17 -16 -16 -16 -16 -16 -16 -18 -20 -20 -21 -22 -23 -23 -25 -25 -25 -26 -25 -23 -23 -22 -22 -22 -21 -21 -21 -20 -21 -21 -21 -21 -20 -20 -20 -20 -18 -18 -18 -21 -21 -21 -22 -22 -23 -25 -26 -26 -26 -27 -27 -27 -27 -27 -27 -27
-1 -1 -1 -1 -1 -1 -1 -1 -1 -1 -1 -1 -1 -1 101 100 100 101 107 108 108 110 110 110 68 0 0 0 33 62 62 42 21 21 14 12 2 2 3 0 0 0 0 0 1 14 35 35 32 12 12 9 14 18 18 19 19 19 20 22 25 25 25 26 26 19 24 24 29 33 37 37 33 31 31 37 39 39 39 38 37 37 39 39 39 36 31 14 14 8 6 6 4 0 0 0 2 3 3 19 32 32 39 29 12 12 4 10 10 16 27 39 39 37 31 31 2 0 0 0 0 0 0 0 0 0 0 0 0 0 0 0 0 0 0 2 2 4 3 3 0 0 0 0 0 0 0 0 0 0 0 9 30 30 29 35 35 25 3 3 0 0 0 0 0 0 0 0 0 2 2 16 19 19 12 3 0 0 0 0 0 0 8 8 14 4 0 0 0 9 9 13 18 15 15 15 24 24 43 60 60 106 94 74 74 59 56 56 61 62 58 58 54 53 53 61 70 70 73 77 76 76 71 52 52 53 55 52 52 74 66 66 82 71 78 78 87 89 89 82 74 74 66 61 59 59 49 54 54 61 67 68 68 71 82 82 93 108 108 112 100 72 72 48 37 37 35 32 2 2 0 0 0 0 0 0 0 0 0 0 10 52 52 45 31 12 12 0 0 0 0 0 0 0 0 0 0 0 0 0 0 0 0 0 0 0 0 0 0 0 0 0 0 0 0 0 0 0 0 0 0 0 0 0 0 0 0 0 0 0 0 0 0 0 0 0 0 0 0 0 0 0 0 0 0 14 43 43 0 44 44 112 113 111 111 99 95 95 90 -1 -1 -1 -1 -1 -1 -1 -1 -1 -1 -1 -1 -1 -1 -2 -2 -2 -3 -3 -3 -4 -4 -4 -4 -6 -6 -6 -7 -6 -6 -7 -7 -7 -7 -7 -7 -7 -8 -8 -8 -8 -9 -9 -9 -9 -9 -9 -9 -11 -11 -11 -12 -13 -13 -13 -13 -13 -13 -14 -14 -14 -14 -16 -16 -16 -16 -16 -16 -17 -17 -17 -17 -17 -17 -17 -17 -17 -17 -17 -17 -17 -17 -20 -22 -22 -23 -26 -26 -27 -27 -27 -25 -23 -21 -21 -18 -17 -17 -16 -16 -16 -16 -16 -18 -18 -20 -21 -21 -22 -23 -25 -25 -25 -26 -26 -25 -23 -22 -22 -22 -21 -21 -21 -20 -21 -21 -21 -21 -21 -20 -20 -20 -20 -18 -18 -18 -21 -21 -21 -22 -23 -25 -25 -26 -26 -26 -27 -27 -27 -27 -27 -27 -27
-1 -1 -1 -1 -1 -1 -1 -1 -1 -1 93 96 96 102 106 106 108 108 108 108 106 91 91 0 0 0 47 66 61 61 49 21 21 8 0 0 0 0 0 0 0 0 0 0 3 20 20 30 24 24 7 8 8 19 24 24 24 24 27 27 30 31 30 30 29 22 22 22 22 21 21 20 20 20 27 35 35 39 43 42 42 41 42 42 39 35 30 30 8 0 0 0 0 0 0 0 0 0 0 19 19 30 36 26 26 7 2 2 7 10 10 10 18 19 19 13 0 0 0 0 0 0 0 0 0 0 0 0 0 0 0 0 0 0 0 0 10 18 18 15 2 2 1 0 3 3 2 0 0 0 0 0 15 33 21 21 24 1 1 0 0 0 0 0 0 0 0 0 0 0 0 9 9 13 10 10 7 6 8 8 6 9 9 21 29 19 19 7 7 7 19 21 21 22 15 10 10 15 31 31 48 91 84 84 70 54 54 49 50 50 48 41 31 31 26 29 29 38 44 50 50 53 52 52 42 41 41 54 45 55 55 65 65 65 35 -100 -103 -103 -112 -110 -110 -94 -84 -82 -82 -83 -84 -84 -97 -112 -112 -115 0 2 2 30 53 53 94 95 87 87 72 65 65 65 59 59 50 35 19 19 3 0 0 0 0 0 0 0 14 14 62 62 62 45 16 0 0 0 0 0 0 0 0 0 0 0 0 0 0 0 0 0 0 0 0 0 0 0 0 0 0 0 0 0 0 0 0 0 0 0 0 0 0 0 0 0 0 0 0 0 0 0 0 0 0 0 0 0 0 0 0 3 15 22 22 26 0 0 108 107 100 100 102 99 99 -1 89 -1 -1 -1 -1 -1 -1 -1 -1 -1 -1 -1 -1 -1 -2 -2 -3 -3 -3 -3 -6 -6 -6 -6 -6 -6 -6 -7 -6 -6 -7 -7 -7 -7 -8 -8 -8 -8 -8 -8 -9 -9 -9 -11 -11 -11 -11 -11 -11 -11 -12 -12 -13 -13 -13 -14 -14 -14 -16 -16 -16 -16 -16 -16 -17 -17 -17 -17 -17 -17 -17 -17 -17 -17 -17 -17 -17 -17 -17 -17 -17 -17 -18 -18 -20 -22 -23 -23 -26 -26 -26 -27 -23 -22 -22 -21 -18 -18 -17 -17 -17 -16 -16 -16 -16 -18 -18 -18 -20 -21 -22 -22 -22 -23 -23 -25 -23 -23 -23 -22 -22 -22 -21 -21 -21 -21 -21 -21 -21 -21 -21 -21 -21 -20 -20 -20 -20 -21 -21 -22 -23 -23 -25 -25 -26 -26 -26 -27 -27 -27 -27 -27 -27 -26
-1 -1 -1 -1 -1 -1 -1 -1 94 94 101 106 105 105 108 107 107 90 71 0 0 0 21 21 56 45 45 32 30 22 22 8 0 0 0 0 0 0 0 0 0 0 0 0 0 1 4 4 10 8 8 14 36 39 39 35 30 30 27 26 25 25 18 13 13 8 4 4 3 1 4 4 15 29 29 32 37 39 39 42 39 39 37 32 32 26 20 0 0 0 0 0 0 0 0 0 0 0 0 24 26 26 29 19 4 4 3 8 8 8 15 13 13 13 3 3 0 0 0 0 0 0 0 0 0 0 0 0 0 0 2 2 2 2 0 6 6 15 19 19 8 12 12 8 10 4 4 0 0 0 0 13 27 27 12 0 0 0 0 0 0 0 0 0 0 0 0 0 0 0 0 0 0 0 2 7 7 7 10 8 8 14 29 29 35 25 14 14 14 18 18 14 12 8 8 6 10 10 24 37 37 79 83 77 77 65 59 59 56 53 47 47 38 36 36 41 47 47 52 53 50 50 47 41 41 39 44 53 53 33 18 18 0 0 77 77 94 107 107 112 110 110 107 107 111 111 105 105 105 104 -1 -2 -2 48 15 15 0 -120 -120 -112 0 18 18 48 73 73 85 88 64 64 54 42 42 30 19 19 14 9 1 1 22 76 76 72 56 26 26 2 0 0 0 0 0 0 0 0 0 0 0 0 0 0 0 0 0 0 0 0 0 0 0 0 0 0 0 0 0 0 0 10 10 4 0 0 0 0 0 0 0 0 0 0 0 0 0 0 0 0 2 13 13 13 22 26 26 0 0 0 79 102 102 117 101 101 101 -1 -1 -1 -1 -1 -1 -1 -1 -2 -2 -2 -1 -2 -2 -2 -2 -2 -2 -3 -3 -3 -6 -7 -7 -7 -7 -7 -7 -7 -6 -6 -7 -7 -7 -7 -8 -8 -8 -8 -9 -9 -9 -9 -9 -11 -11 -11 -11 -12 -13 -13 -13 -14 -14 -13 -14 -14 -14 -14 -16 -16 -17 -17 -17 -17 -17 -17 -17 -17 -17 -17 -17 -17 -17 -17 -17 -17 -17 -17 -18 -18 -18 -18 -17 -17 -18 -20 -22 -22 -23 -26 -26 -26 -26 -26 -23 -22 -21 -21 -20 -18 -18 -17 -17 -17 -17 -16 -18 -18 -18 -18 -18 -20 -21 -21 -21 -22 -22 -22 -22 -22 -22 -22 -22 -22 -22 -21 -21 -20 -20 -20 -20 -20 -20 -20 -20 -20 -20 -20 -20 -21 -22 -22 -23 -25 -26 -26 -26 -26 -26 -26 -26 -26 -26 -26 -26 -26
-1 -1 -1 -1 -1 -1 -1 -1 -1 94 101 106 106 105 108 108 107 90 90 71 0 0 0 21 56 56 45 32 30 30 22 8 8 0 0 0 0 0 0 0 0 0 0 0 0 1 1 4 10 10 8 14 14 36 39 35 35 30 27 27 26 25 18 18 13 8 8 4 3 1 1 4 15 15 29 32 32 37 39 42 42 39 37 37 32 26 20 20 0 0 0 0 0 0 0 0 0 0 0 24 24 26 29 19 19 4 3 3 8 8 8 15 13 13 13 3 0 0 0 0 0 0 0 0 0 0 0 0 0 0 2 2 2 2 2 0 6 15 15 19 8 8 12 8 10 10 4 0 0 0 0 0 13 27 12 12 0 0 0 0 0 0 0 0 0 0 0 0 0 0 0 0 0 0 2 2 7 7 10 10 8 14 14 29 35 25 25 14 14 14 18 14 14 12 8 6 6 10 24 24 37 79 83 83 77 65 65 59 56 56 53 47 38 38 36 41 41 47 52 53 53 50 47 47 41 39 39 44 53 33 33 18 0 0 0 77 94 94 107 112 112 110 107 107 107 111 105 105 105 104 104 -1 -2 48 48 15 0 0 -120 -112 0 0 18 48 48 73 85 85 88 64 54 54 42 30 30 19 14 9 9 1 22 22 76 72 72 56 26 2 2 0 0 0 0 0 0 0 0 0 0 0 0 0 0 0 0 0 0 0 0 0 0 0 0 0 0 0 0 0 0 0 10 4 4 0 0 0 0 0 0 0 0 0 0 0 0 0 0 0 2 2 13 13 13 22 26 0 0 0 79 79 102 117 101 101 101 -1 -1 -1 -1 -1 -1 -1 -1 -1 -2 -2 -2 -1 -2 -2 -2 -2 -2 -2 -3 -3 -6 -6 -7 -7 -7 -7 -7 -7 -7 -6 -7 -7 -7 -7 -7 -8 -8 -8 -8 -9 -9 -9 -9 -11 -11 -11 -11 -12 -12 -13 -13 -13 -14 -13 -14 -14 -14 -14 -14 -16 -17 -17 -17 -17 -17 -17 -17 -17 -17 -17 -17 -17 -17 -17 -17 -17 -17 -17 -18 -18 -18 -18 -18 -17 -18 -18 -20 -22 -23 -23 -26 -26 -26 -26 -23 -22 -22 -21 -20 -20 -18 -17 -17 -17 -17 -16 -16 -18 -18 -18 -18 -20 -21 -21 -21 -22 -22 -22 -22 -22 -22 -22 -22 -22 -22 -21 -21 -21 -20 -20 -20 -20 -20 -20 -20 -20 -20 -20 -20 -21 -21 -22 -23 -23 -25 -26 -26 -26 -26 -26 -26 -26 -26 -26 -26 -26
-1 -1 -1 -1 -1 -1 -1 95 104 104 105 108 114 114 104 70 70 21 0 35 35 66 -25 -25 -50 7 7 1 2 0 0 0 0 0 0 0 0 0 0 0 0 0 0 0 0 0 0 0 2 18 18 33 61 60 60 52 37 37 27 24 18 18 8 1 1 0 0 0 0 0 0 0 14 31 31 35 30 33 33 36 32 32 26 19 19 12 4 0 0 0 0 0 0 0 0 0 7 16 16 27 26 26 25 14 4 4 8 15 15 13 14 4 4 1 0 0 0 0 0 0 0 0 0 0 0 0 0 0 0 0 9 10 10 8 0 0 0 9 19 19 15 19 19 14 4 0 0 0 0 0 0 3 15 15 0 0 0 0 0 0 0 0 0 0 0 0 0 0 0 0 0 0 0 0 0 7 9 9 9 9 9 14 30 30 33 22 8 8 8 9 9 6 1 0 0 2 8 8 19 31 31 83 91 90 90 79 71 71 65 61 58 58 66 64 64 72 82 82 81 73 64 64 55 54 54 50 54 29 29 0 0 0 99 105 107 107 112 112 112 111 114 114 116 114 114 114 118 116 116 113 111 107 107 108 112 112 113 110 110 96 74 44 44 7 0 0 0 0 33 33 44 54 54 50 35 35 24 18 12 12 37 87 87 81 64 39 39 20 9 9 0 0 0 0 0 0 0 0 0 0 0 0 0 0 0 0 0 0 0 0 0 0 0 0 0 0 0 0 12 22 22 13 8 8 8 13 14 14 9 0 0 0 0 0 0 0 0 0 13 29 29 30 25 15 15 10 -68 -68 108 112 112 105 99 99 99 -1 -1 -1 -1 -1 -1 -1 -2 -3 -3 -2 -2 -3 -3 -3 -2 -2 -3 -4 -4 -4 -7 -7 -7 -8 -8 -8 -8 -8 -7 -7 -7 -7 -7 -8 -8 -8 -8 -9 -9 -9 -9 -11 -11 -11 -11 -12 -12 -12 -14 -14 -14 -14 -14 -13 -14 -14 -14 -16 -16 -16 -17 -17 -18 -18 -18 -18 -18 -17 -17 -17 -17 -18 -18 -18 -18 -18 -18 -20 -20 -20 -20 -20 -18 -18 -20 -21 -22 -22 -23 -26 -26 -26 -26 -26 -23 -22 -21 -21 -20 -18 -18 -17 -17 -17 -17 -16 -17 -17 -18 -18 -18 -20 -21 -21 -21 -21 -22 -22 -22 -22 -22 -22 -22 -22 -22 -21 -21 -20 -20 -20 -20 -20 -20 -20 -20 -21 -21 -21 -21 -21 -22 -22 -23 -25 -26 -26 -26 -26 -26 -26 -26 -26 -26 -26 -25 -25
-1 -1 -1 -1 -1 -1 -1 95 95 104 105 108 108 114 104 104 70 21 21 0 35 66 66 -25 -50 -50 7 1 2 2 0 0 0 0 0 0 0 0 0 0 0 0 0 0 0 0 0 0 2 2 18 33 33 61 60 52 52 37 27 27 24 18 8 8 1 0 0 0 0 0 0 0 14 14 31 35 35 30 33 36 36 32 26 26 19 12 4 4 0 0 0 0 0 0 0 0 7 7 16 27 27 26 25 14 14 4 8 8 15 13 13 14 4 1 1 0 0 0 0 0 0 0 0 0 0 0 0 0 0 0 9 9 10 8 8 0 0 9 9 19 15 15 19 14 4 4 0 0 0 0 0 0 3 15 0 0 0 0 0 0 0 0 0 0 0 0 0 0 0 0 0 0 0 0 0 0 7 9 9 9 9 14 14 30 33 22 22 8 8 8 9 6 6 1 0 2 2 8 19 19 31 83 91 91 90 79 79 71 65 65 61 58 66 66 64 72 72 82 81 73 73 64 55 55 54 50 50 54 29 0 0 0 99 99 105 107 112 112 112 111 111 114 116 114 114 114 118 118 116 113 113 111 107 108 108 112 113 113 110 96 74 74 44 7 7 0 0 0 0 33 44 44 54 50 50 35 24 18 18 12 37 37 87 81 81 64 39 20 20 9 0 0 0 0 0 0 0 0 0 0 0 0 0 0 0 0 0 0 0 0 0 0 0 0 0 0 0 0 12 12 22 13 13 8 8 8 13 14 9 9 0 0 0 0 0 0 0 0 13 13 29 30 30 25 15 10 10 -68 108 108 112 105 99 99 99 -1 -1 -1 -1 -1 -1 -1 -2 -2 -3 -2 -2 -2 -3 -3 -3 -2 -3 -3 -4 -4 -7 -7 -7 -8 -8 -8 -8 -8 -8 -7 -7 -7 -7 -8 -8 -8 -8 -9 -9 -9 -9 -9 -11 -11 -11 -11 -12 -12 -12 -14 -14 -14 -14 -13 -14 -14 -14 -16 -16 -16 -17 -17 -17 -18 -18 -18 -18 -17 -17 -17 -17 -18 -18 -18 -18 -18 -18 -20 -20 -20 -20 -20 -20 -18 -20 -20 -21 -22 -23 -23 -26 -26 -26 -26 -23 -22 -22 -21 -20 -20 -18 -17 -17 -17 -17 -16 -16 -17 -18 -18 -18 -20 -21 -21 -21 -21 -21 -22 -22 -22 -22 -22 -22 -22 -22 -21 -21 -21 -20 -20 -20 -20 -20 -20 -20 -21 -21 -21 -21 -21 -21 -22 -23 -23 -25 -26 -26 -26 -26 -26 -26 -26 -26 -26 -26 -25
-1 -1 93 93 105 110 110 105 113 113 108 110 -1 -1 -88 -106 -106 -63 -21 56 56 48 27 27 8 0 0 0 0 0 0 0 0 0 0 0 0 0 0 0 0 0 0 0 0 0 0 0 2 24 24 50 71 66 66 54 44 44 42 35 19 19 1 0 0 0 0 0 0 0 4 4 21 33 33 32 31 32 32 32 22 22 8 1 1 0 1 3 3 6 8 8 6 3 4 4 10 13 13 29 19 19 8 1 13 13 24 16 16 10 0 0 0 0 0 0 0 0 0 0 0 0 0 2 2 2 3 1 6 6 20 14 14 7 0 0 0 20 25 25 31 30 30 2 0 0 0 0 0 0 0 0 0 0 0 0 0 0 0 0 0 0 0 0 2 0 0 0 0 0 0 0 0 0 0 6 19 19 19 21 21 19 18 18 21 19 12 12 6 0 0 0 0 0 0 0 4 4 22 44 44 88 94 99 99 97 89 89 83 78 77 77 81 87 87 89 99 99 96 83 77 77 66 50 50 61 22 2 2 59 108 108 112 116 110 110 108 107 107 107 105 105 106 106 105 105 106 106 106 107 108 110 110 110 112 112 112 108 108 111 111 108 108 110 108 108 100 91 -56 -56 -86 0 0 0 0 0 13 25 22 22 53 85 85 79 65 52 52 30 21 21 9 7 1 1 0 0 0 0 0 0 0 0 0 0 0 0 0 0 0 0 0 0 0 0 0 0 0 16 25 15 15 6 4 4 6 19 13 13 9 0 0 0 0 0 0 0 0 0 20 33 33 29 25 0 0 43 108 108 113 108 108 100 -1 -1 -1 -1 -1 -1 -1 -2 -2 -2 -2 -3 -3 -3 -3 -2 -2 -2 -3 -3 -4 -4 -4 -6 -7 -6 -6 -6 -7 -7 -7 -7 -7 -7 -8 -9 -9 -9 -11 -11 -11 -12 -12 -12 -12 -13 -13 -13 -14 -14 -14 -16 -16 -16 -16 -16 -16 -16 -17 -17 -17 -18 -18 -18 -16 -17 -17 -17 -18 -18 -18 -18 -18 -17 -17 -20 -20 -20 -20 -20 -20 -20 -20 -20 -20 -20 -21 -21 -21 -22 -22 -22 -23 -25 -25 -25 -25 -25 -22 -21 -20 -20 -18 -17 -17 -17 -17 -17 -17 -16 -16 -16 -16 -16 -16 -17 -17 -18 -18 -20 -20 -20 -20 -21 -21 -21 -21 -21 -21 -20 -20 -21 -21 -21 -21 -21 -21 -21 -21 -21 -21 -21 -21 -23 -23 -23 -23 -23 -25 -25 -25 -25 -25 -25 -26 -26 -26 -25 -23 -23
-1 -1 99 101 105 105 104 117 117 102 106 39 39 0 42 42 72 64 64 45 29 24 24 16 7 7 0 0 0 0 0 3 3 1 2 2 0 0 0 0 0 0 0 0 0 0 0 0 4 4 16 33 33 48 45 38 38 35 38 38 36 24 6 6 0 0 0 0 0 2 2 9 20 20 30 30 30 29 31 29 29 15 1 1 0 7 12 12 22 24 24 22 16 16 10 3 3 3 6 15 15 12 8 8 8 25 33 33 18 9 9 0 0 0 0 0 0 0 0 0 0 0 0 2 2 4 6 4 4 9 20 20 12 0 0 0 6 29 29 35 37 37 18 0 0 0 0 0 0 0 0 0 0 0 0 0 0 0 0 0 0 0 0 3 2 2 0 0 0 0 0 0 0 0 0 0 2 20 24 24 21 19 19 18 20 16 16 6 2 2 0 0 0 1 6 13 13 29 50 50 70 94 97 97 99 97 97 90 83 83 74 70 74 74 84 96 96 96 89 81 81 68 61 61 62 9 9 10 72 114 114 112 106 106 110 105 104 104 104 102 102 99 99 100 100 100 100 100 100 101 101 104 104 105 105 106 106 106 105 107 107 107 106 110 110 112 107 107 100 106 101 101 104 89 89 43 0 0 0 0 32 32 74 77 77 60 53 45 45 39 25 25 15 6 0 0 0 0 0 2 12 4 4 0 0 0 0 0 0 0 0 0 0 0 0 0 7 25 25 25 12 0 0 0 0 0 14 10 7 7 0 0 0 0 0 0 0 0 6 6 16 33 33 2 18 90 90 105 111 111 102 94 -1 -1 -1 -1 -1 -1 -1 -2 -2 -3 -3 -3 -3 -4 -4 -4 -3 -4 -4 -6 -6 -6 -7 -7 -8 -8 -7 -8 -8 -8 -8 -8 -8 -9 -9 -9 -11 -11 -11 -12 -12 -12 -12 -12 -13 -13 -13 -14 -14 -14 -16 -16 -16 -16 -16 -16 -16 -17 -17 -17 -18 -18 -18 -18 -18 -18 -18 -18 -20 -20 -20 -20 -20 -20 -18 -20 -20 -20 -20 -20 -20 -20 -20 -20 -20 -20 -20 -21 -21 -21 -22 -22 -23 -23 -23 -25 -25 -25 -22 -21 -21 -20 -18 -18 -17 -17 -17 -16 -16 -17 -17 -17 -17 -17 -17 -18 -20 -20 -21 -21 -21 -20 -20 -20 -20 -20 -20 -20 -20 -18 -18 -18 -20 -20 -20 -20 -20 -20 -20 -20 -20 -20 -20 -22 -22 -22 -23 -23 -23 -23 -23 -23 -25 -25 -25 -25 -25 -23 -23 -23
-1 99 101 101 105 104 104 117 102 102 106 39 0 0 42 72 72 64 45 29 29 24 16 16 7 0 0 0 0 0 0 3 1 1 2 0 0 0 0 0 0 0 0 0 0 0 0 0 4 16 16 33 48 45 45 38 35 35 38 36 24 24 6 0 0 0 0 0 0 2 9 9 20 30 30 30 29 31 31 29 15 15 1 0 0 7 12 22 22 24 22 22 16 10 3 3 3 6 6 15 12 12 8 8 25 25 33 18 18 9 0 0 0 0 0 0 0 0 0 0 0 0 0 2 4 4 6 4 9 9 20 12 12 0 0 6 6 29 35 35 37 18 18 0 0 0 0 0 0 0 0 0 0 0 0 0 0 0 0 0 0 0 3 3 2 0 0 0 0 0 0 0 0 0 0 2 20 20 24 21 21 19 18 18 20 16 6 6 2 0 0 0 1 6 6 13 29 29 50 70 70 94 97 99 99 97 90 90 83 74 70 70 74 84 84 96 96 96 89 81 68 68 61 62 62 9 10 72 72 114 112 112 106 110 105 105 104 104 104 102 99 99 99 100 100 100 100 100 100 101 104 104 104 105 106 106 106 105 105 107 107 106 106 110 112 112 107 100 106 106 101 104 104 89 43 43 0 0 0 0 32 74 74 77 60 53 53 45 39 39 25 15 6 6 0 0 0 0 2 2 12 4 0 0 0 0 0 0 0 0 0 0 0 0 0 7 7 25 25 12 12 0 0 0 0 14 10 10 7 0 0 0 0 0 0 0 0 0 6 16 16 33 2 18 18 90 105 105 111 102 102 94 -1 -1 -1 -1 -1 -1 -1 -2 -3 -3 -3 -3 -3 -4 -4 -3 -3 -4 -6 -6 -6 -7 -7 -7 -8 -7 -7 -8 -8 -8 -8 -8 -9 -9 -9 -11 -11 -11 -12 -12 -12 -12 -12 -12 -13 -13 -13 -14 -14 -16 -16 -16 -16 -16 -16 -16 -16 -17 -17 -18 -18 -18 -18 -18 -18 -18 -18 -18 -20 -20 -20 -20 -20 -18 -18 -20 -20 -20 -20 -20 -20 -20 -20 -20 -20 -20 -21 -21 -21 -22 -22 -22 -23 -23 -23 -25 -25 -25 -22 -21 -20 -20 -18 -17 -17 -17 -16 -16 -16 -17 -17 -17 -17 -17 -17 -18 -20 -21 -21 -21 -20 -20 -20 -20 -20 -20 -20 -20 -20 -18 -18 -20 -20 -20 -20 -20 -20 -20 -20 -20 -20 -20 -20 -22 -22 -22 -23 -23 -23 -23 -23 -25 -25 -25 -25 -25 -25 -23 -23 -23
99 99 108 106 105 105 113 94 94 -42 0 0 0 71 68 68 61 43 43 39 21 19 19 27 8 8 4 4 14 14 24 24 24 16 15 15 0 0 0 0 0 0 0 0 0 0 0 0 0 0 7 14 14 24 22 20 20 21 26 26 27 21 8 8 1 0 0 0 4 10 10 13 20 20 24 22 22 25 27 26 26 13 0 0 4 19 24 24 29 29 29 27 25 25 16 4 1 1 2 4 4 8 10 15 15 36 38 38 18 8 8 0 0 0 0 0 0 0 0 0 0 0 0 3 3 6 9 10 10 14 15 15 3 0 0 0 13 33 33 41 35 35 0 0 0 0 0 0 0 0 0 0 0 0 0 0 0 0 0 7 10 10 10 6 0 0 0 0 0 0 0 0 0 0 0 0 7 29 29 29 25 19 19 16 19 10 10 3 1 1 12 18 18 27 36 44 44 56 65 65 71 78 82 82 83 87 87 83 76 76 60 49 53 53 64 81 81 76 70 68 68 50 45 45 0 14 14 79 111 108 108 108 112 112 106 96 95 95 95 94 94 93 93 91 91 93 -1 -1 -1 -1 -1 95 95 95 95 97 97 97 99 101 101 101 101 105 105 108 110 110 107 106 105 105 105 106 106 110 112 100 100 77 7 7 0 0 0 36 55 49 49 43 37 37 24 13 0 0 0 6 6 24 27 12 12 0 0 0 0 0 0 0 0 0 0 0 12 12 16 21 18 18 6 0 0 0 0 0 1 0 0 0 0 0 0 0 0 0 0 0 0 0 14 4 4 13 60 113 113 110 105 105 99 89 -1 -1 -1 -1 -1 -2 -1 -3 -3 -3 -3 -3 -4 -6 -6 -4 -6 -6 -6 -8 -8 -8 -8 -9 -9 -9 -9 -9 -9 -9 -11 -11 -11 -11 -12 -12 -12 -13 -13 -13 -13 -13 -13 -13 -13 -13 -14 -14 -14 -16 -16 -16 -16 -17 -17 -17 -17 -17 -18 -18 -18 -18 -18 -20 -20 -20 -20 -20 -21 -21 -21 -21 -21 -21 -21 -20 -20 -20 -20 -20 -20 -20 -20 -20 -20 -20 -20 -22 -22 -22 -22 -22 -23 -23 -23 -23 -23 -23 -22 -21 -21 -20 -18 -18 -17 -16 -16 -16 -16 -17 -17 -17 -17 -17 -18 -20 -20 -20 -21 -22 -22 -20 -20 -18 -18 -18 -18 -18 -17 -17 -17 -17 -18 -18 -18 -18 -18 -18 -18 -20 -20 -20 -20 -21 -21 -21 -22 -22 -22 -22 -22 -22 -22 -23 -23 -23 -22 -22 -22 -22
99 108 106 106 105 113 113 94 -42 -42 0 0 71 71 68 61 61 43 39 21 21 19 27 27 8 4 4 4 14 24 24 24 16 16 15 0 0 0 0 0 0 0 0 0 0 0 0 0 0 7 7 14 24 22 22 20 21 21 26 27 21 21 8 1 1 0 0 0 4 10 13 13 20 24 24 22 25 27 27 26 13 13 0 4 4 19 24 29 29 29 27 27 25 16 4 4 1 2 2 4 8 8 10 15 36 36 38 18 18 8 0 0 0 0 0 0 0 0 0 0 0 0 0 3 6 6 9 10 14 14 15 3 3 0 0 13 13 33 41 41 35 0 0 0 0 0 0 0 0 0 0 0 0 0 0 0 0 0 7 7 10 10 6 6 0 0 0 0 0 0 0 0 0 0 0 7 29 29 29 25 25 19 16 16 19 10 3 3 1 12 12 18 27 36 36 44 56 56 65 71 71 78 82 83 83 87 83 83 76 60 49 49 53 64 64 81 76 76 70 68 50 50 45 0 0 14 79 111 111 108 108 108 112 106 96 96 95 95 95 94 93 93 93 91 93 93 -1 -1 -1 -1 95 95 95 95 97 97 97 99 99 101 101 101 101 105 108 108 110 107 106 106 105 105 105 106 110 110 112 100 77 77 7 0 0 0 36 55 55 49 43 43 37 24 13 13 0 0 0 6 24 24 27 12 0 0 0 0 0 0 0 0 0 0 0 0 12 16 16 21 18 6 6 0 0 0 0 1 0 0 0 0 0 0 0 0 0 0 0 0 0 14 14 4 13 60 60 113 110 110 105 99 99 89 -1 -1 -1 -1 -2 -2 -1 -3 -3 -3 -3 -4 -4 -6 -4 -6 -6 -6 -8 -8 -8 -8 -8 -9 -9 -9 -9 -9 -9 -9 -11 -11 -11 -11 -12 -12 -12 -13 -13 -13 -13 -13 -13 -13 -13 -14 -14 -14 -16 -16 -16 -16 -17 -17 -17 -17 -17 -17 -18 -18 -18 -18 -20 -20 -20 -20 -20 -20 -21 -21 -21 -21 -21 -21 -21 -20 -20 -20 -20 -20 -20 -20 -20 -20 -20 -20 -22 -22 -22 -22 -22 -22 -23 -23 -23 -23 -23 -23 -22 -21 -20 -20 -18 -17 -17 -16 -16 -16 -16 -17 -17 -17 -17 -18 -18 -20 -20 -21 -21 -22 -20 -20 -20 -18 -18 -18 -18 -17 -17 -17 -17 -18 -18 -18 -18 -18 -18 -18 -18 -20 -20 -20 -20 -21 -21 -21 -22 -22 -22 -22 -22 -22 -22 -23 -23 -23 -22 -22 -22 -22
108 108 110 110 107 107 85 22 22 -87 27 59 59 60 56 56 42 36 36 32 37 33 33 20 0 0 12 33 36 36 58 44 44 24 13 13 0 0 0 0 0 0 0 0 0 0 0 0 0 0 0 2 2 10 12 8 8 6 8 8 10 8 3 3 1 0 0 0 2 10 10 16 22 22 24 21 21 24 27 30 30 21 12 12 19 30 25 25 20 15 15 16 20 20 16 7 3 3 4 3 3 8 12 16 16 31 29 29 8 2 2 0 0 0 0 0 0 0 0 0 0 0 1 7 7 13 20 20 20 15 2 2 0 0 0 0 4 22 22 27 14 14 0 0 0 0 0 0 0 0 0 0 0 0 0 0 0 7 7 15 18 15 15 4 0 0 0 0 0 0 0 0 0 0 0 0 15 32 30 30 21 14 14 12 8 0 0 0 1 1 32 44 44 58 64 65 65 62 54 54 43 30 37 37 45 56 56 64 65 65 56 44 47 47 48 55 55 54 48 30 30 0 0 0 68 91 91 110 112 110 110 106 104 104 105 -1 -1 -1 -1 -1 -1 -1 -1 -1 -1 -1 -1 -1 -1 -1 -1 -1 -1 -1 -1 -1 -1 -1 93 95 95 95 93 95 95 99 101 101 100 104 107 107 107 102 102 102 108 111 111 107 108 108 100 -31 -31 6 19 55 55 56 50 50 29 21 6 6 4 19 19 38 36 13 13 0 0 0 0 0 0 0 0 0 0 0 13 13 16 18 15 15 4 0 0 0 0 0 0 0 0 0 0 0 0 0 0 0 0 0 0 0 7 0 0 30 99 99 99 113 100 100 93 -1 -1 -1 -1 -3 -3 -3 -2 -2 -2 -3 -3 -3 -4 -4 -4 -6 -7 -7 -7 -8 -9 -9 -9 -11 -9 -9 -11 -11 -11 -11 -12 -12 -12 -12 -13 -13 -13 -13 -13 -14 -14 -14 -14 -14 -14 -14 -16 -16 -16 -17 -17 -17 -17 -17 -17 -17 -18 -18 -20 -20 -20 -20 -20 -20 -22 -22 -22 -22 -22 -22 -22 -22 -22 -22 -22 -22 -22 -22 -22 -22 -22 -21 -21 -21 -21 -21 -21 -22 -22 -22 -22 -22 -22 -22 -22 -22 -22 -22 -21 -21 -21 -20 -17 -17 -16 -16 -16 -14 -14 -17 -17 -17 -17 -17 -18 -20 -21 -21 -21 -22 -22 -20 -20 -18 -18 -17 -16 -16 -16 -16 -16 -16 -16 -17 -17 -17 -17 -17 -17 -18 -18 -18 -18 -20 -20 -20 -21 -21 -21 -21 -21 -21 -21 -21 -21 -21 -21 -21 -21 -21
111 111 113 113 77 21 21 16 60 60 54 54 53 53 48 38 38 42 45 13 13 0 0 0 1 0 0 31 56 68 68 55 22 22 2 0 0 0 0 0 0 0 0 0 0 0 0 0 0 0 0 0 7 9 9 6 2 2 0 0 0 0 0 0 0 0 0 0 0 6 19 19 25 27 27 26 27 31 31 36 32 32 27 32 32 32 21 8 8 3 2 2 10 15 12 12 7 6 6 2 9 9 13 13 16 16 9 0 0 0 0 8 8 13 9 9 0 0 0 0 0 6 6 10 22 22 29 27 12 12 0 0 0 0 0 0 0 13 15 15 0 0 0 0 0 0 0 0 0 0 0 0 0 0 0 3 3 12 16 16 19 15 0 0 0 0 0 0 0 0 0 0 0 0 0 15 24 24 24 18 18 7 0 0 0 0 0 0 0 38 38 52 60 59 59 54 47 47 33 21 21 0 3 16 16 30 45 45 58 59 54 54 55 53 53 27 0 0 -106 0 59 59 116 112 112 108 108 107 107 104 104 104 97 89 -1 -1 -1 -1 -1 -1 -1 -1 -1 -1 -1 -1 -1 -1 -1 -1 -1 -1 -1 -1 -1 -1 -1 -1 -1 -1 -1 -1 -1 -1 90 90 91 91 95 95 96 102 102 106 105 105 102 105 111 111 116 113 113 102 54 9 9 31 58 58 48 37 25 25 7 8 8 26 44 44 38 10 0 0 0 0 0 0 0 0 0 0 0 0 6 12 12 16 18 4 4 0 0 0 0 0 0 0 0 0 0 0 0 0 0 0 0 0 0 0 0 -18 -1 102 102 102 102 102 93 87 87 -1 -1 -2 -2 -3 -3 -3 -1 -2 -3 -3 -3 -3 -3 -4 -6 -8 -8 -9 -9 -9 -9 -9 -9 -11 -9 -11 -11 -11 -12 -12 -13 -13 -14 -14 -14 -14 -14 -16 -16 -16 -16 -16 -16 -16 -16 -17 -17 -17 -18 -18 -18 -18 -18 -18 -18 -20 -20 -20 -20 -21 -21 -21 -21 -21 -22 -22 -22 -22 -22 -22 -22 -22 -22 -22 -22 -22 -22 -22 -22 -22 -22 -22 -22 -22 -22 -22 -22 -22 -22 -22 -22 -22 -22 -22 -22 -22 -22 -22 -21 -20 -18 -18 -17 -16 -16 -14 -14 -14 -14 -16 -16 -16 -16 -17 -17 -18 -18 -20 -20 -20 -20 -20 -18 -17 -16 -16 -14 -14 -14 -14 -14 -16 -16 -16 -16 -16 -16 -16 -16 -17 -17 -17 -17 -18 -18 -18 -18 -18 -18 -18 -18 -18 -18 -18 -18 -18 -18 -18 -18 -18
111 111 111 113 77 77 21 16 16 60 54 54 54 53 48 48 38 42 42 45 13 0 0 0 1 1 0 31 56 56 68 55 55 22 2 2 0 0 0 0 0 0 0 0 0 0 0 0 0 0 0 0 0 7 9 6 6 2 0 0 0 0 0 0 0 0 0 0 0 6 6 19 25 25 27 26 26 27 31 36 36 32 27 27 32 32 21 21 8 3 3 2 10 10 15 12 7 7 6 2 2 9 13 13 13 16 9 9 0 0 0 0 8 13 13 9 0 0 0 0 0 0 6 10 10 22 29 27 27 12 0 0 0 0 0 0 0 13 13 15 0 0 0 0 0 0 0 0 0 0 0 0 0 0 0 0 3 12 12 16 19 15 15 0 0 0 0 0 0 0 0 0 0 0 0 0 15 24 24 24 18 7 7 0 0 0 0 0 0 0 38 52 52 60 59 54 54 47 33 33 21 0 3 3 16 30 30 45 58 58 59 54 55 55 53 27 27 0 -106 0 0 59 116 116 112 108 108 108 107 104 104 104 97 97 89 -1 -1 -1 -1 -1 -1 -1 -1 -1 -1 -1 -1 -1 -1 -1 -1 -1 -1 -1 -1 -1 -1 -1 -1 -1 -1 -1 -1 -1 -1 90 91 91 91 95 96 96 102 106 106 105 102 105 105 111 116 116 113 102 102 54 9 31 31 58 48 48 37 25 7 7 8 26 26 44 38 10 10 0 0 0 0 0 0 0 0 0 0 0 6 6 12 16 18 18 4 0 0 0 0 0 0 0 0 0 0 0 0 0 0 0 0 0 0 0 0 -18 -18 -1 102 102 102 102 93 93 87 -1 -1 -1 -2 -3 -3 -3 -1 -2 -2 -3 -3 -3 -3 -4 -4 -6 -8 -9 -9 -9 -9 -9 -9 -11 -9 -9 -11 -11 -11 -12 -13 -13 -13 -14 -14 -14 -14 -16 -16 -16 -16 -16 -16 -16 -16 -16 -17 -17 -17 -18 -18 -18 -18 -18 -18 -18 -20 -20 -20 -20 -21 -21 -21 -21 -22 -22 -22 -22 -22 -22 -22 -22 -22 -22 -22 -22 -22 -22 -22 -22 -22 -22 -22 -22 -22 -22 -22 -22 -22 -22 -22 -22 -22 -22 -22 -22 -22 -22 -21 -20 -20 -18 -17 -17 -16 -14 -14 -14 -14 -16 -16 -16 -16 -16 -17 -18 -18 -18 -20 -20 -20 -20 -18 -17 -17 -16 -14 -14 -14 -14 -14 -14 -16 -16 -16 -16 -16 -16 -16 -17 -17 -17 -17 -18 -18 -18 -18 -18 -18 -18 -18 -18 -18 -18 -18 -18 -18 -18 -18 -18
117 105 82 82 50 20 20 35 56 56 55 45 39 39 41 30 30 15 13 1 1 8 44 44 45 22 22 8 18 31 31 49 22 22 6 0 0 0 0 0 0 0 0 0 0 0 0 0 0 0 0 0 4 6 6 2 1 1 0 0 0 0 0 0 0 0 0 0 0 3 15 15 22 26 26 29 31 36 36 38 37 37 36 35 35 27 15 1 1 0 0 0 7 18 18 18 14 13 13 6 6 6 12 9 3 3 0 0 0 0 0 2 2 10 2 2 0 0 0 0 0 1 1 7 18 18 21 18 0 0 0 0 0 0 0 0 0 10 13 13 0 0 0 0 0 0 0 0 0 0 0 0 0 0 0 0 0 1 2 2 6 1 0 0 0 0 0 0 0 0 0 0 0 0 0 6 12 12 18 12 12 0 0 0 0 0 0 0 0 29 29 38 45 42 42 35 29 29 19 9 9 0 0 8 8 19 37 37 55 65 64 64 45 33 33 9 -63 -63 -46 -28 89 89 107 111 111 106 105 105 105 97 96 96 95 89 -1 -1 -1 -1 -1 -1 -1 -1 -1 -1 -1 -1 -1 -1 -1 -1 -1 -1 -1 -1 -1 -1 -1 -1 -1 -1 -1 -1 -1 -1 -1 -1 -1 -1 -1 -1 -1 -1 -1 90 96 96 104 102 96 96 106 112 112 108 76 27 27 12 29 29 42 38 22 22 3 6 6 26 43 43 35 6 0 0 0 0 0 0 0 0 0 0 0 0 4 12 12 16 16 6 6 0 0 0 0 0 0 0 0 0 0 0 0 0 0 0 0 0 0 0 0 -1 91 108 108 101 94 94 -1 -1 -1 -1 -1 -2 -2 -3 -3 -3 -2 -3 -3 -3 -3 -4 -4 -6 -8 -9 -9 -11 -11 -11 -11 -11 -11 -11 -11 -12 -12 -12 -12 -12 -13 -13 -14 -14 -14 -14 -14 -16 -16 -16 -16 -17 -17 -17 -17 -18 -18 -18 -18 -20 -20 -20 -20 -20 -20 -20 -20 -21 -21 -22 -22 -22 -22 -22 -23 -23 -23 -23 -22 -22 -22 -22 -22 -22 -22 -23 -23 -23 -23 -22 -22 -22 -22 -22 -22 -22 -22 -22 -22 -22 -22 -22 -22 -22 -22 -22 -22 -22 -20 -18 -17 -17 -16 -14 -14 -14 -14 -14 -14 -14 -16 -16 -16 -17 -17 -18 -18 -18 -18 -18 -18 -18 -17 -17 -16 -16 -16 -14 -14 -14 -14 -14 -14 -14 -16 -16 -16 -16 -16 -16 -16 -16 -16 -17 -17 -17 -17 -17 -17 -17 -17 -17 -17 -17 -17 -17 -17 -17 -17 -17
117 117 105 82 50 50 20 35 35 56 55 45 45 39 41 41 30 15 15 13 1 8 8 44 45 45 22 8 18 18 31 49 49 22 6 6 0 0 0 0 0 0 0 0 0 0 0 0 0 0 0 0 0 4 6 2 2 1 0 0 0 0 0 0 0 0 0 0 0 3 3 15 22 22 26 29 29 31 36 38 38 37 36 36 35 27 15 15 1 0 0 0 7 7 18 18 14 14 13 6 6 6 12 9 9 3 0 0 0 0 0 0 2 10 10 2 0 0 0 0 0 0 1 7 7 18 21 18 18 0 0 0 0 0 0 0 0 10 10 13 0 0 0 0 0 0 0 0 0 0 0 0 0 0 0 0 0 1 1 2 6 1 1 0 0 0 0 0 0 0 0 0 0 0 0 0 6 12 18 18 12 0 0 0 0 0 0 0 0 0 29 38 38 45 42 35 35 29 19 19 9 0 0 0 8 19 19 37 55 55 65 64 45 45 33 9 9 -63 -46 -28 -28 89 107 107 111 106 106 105 105 97 97 96 95 95 89 -1 -1 -1 -1 -1 -1 -1 -1 -1 -1 -1 -1 -1 -1 -1 -1 -1 -1 -1 -1 -1 -1 -1 -1 -1 -1 -1 -1 -1 -1 -1 -1 -1 -1 -1 -1 -1 -1 90 90 96 104 102 102 96 106 106 112 108 108 76 27 12 12 29 42 42 38 22 3 3 6 26 26 43 35 6 6 0 0 0 0 0 0 0 0 0 0 0 4 4 12 16 16 16 6 0 0 0 0 0 0 0 0 0 0 0 0 0 0 0 0 0 0 0 0 -1 -1 91 108 101 101 94 -1 -1 -1 -1 -1 -1 -2 -3 -3 -3 -2 -3 -3 -3 -3 -3 -4 -6 -6 -8 -9 -11 -11 -11 -11 -11 -11 -11 -11 -11 -12 -12 -12 -12 -13 -13 -13 -14 -14 -14 -14 -16 -16 -16 -16 -17 -17 -17 -17 -17 -18 -18 -18 -18 -20 -20 -20 -20 -20 -20 -20 -21 -21 -21 -22 -22 -22 -22 -23 -23 -23 -23 -22 -22 -22 -22 -22 -22 -22 -23 -23 -23 -23 -23 -22 -22 -22 -22 -22 -22 -22 -22 -22 -22 -22 -22 -22 -22 -22 -22 -22 -22 -20 -18 -18 -17 -16 -16 -14 -14 -14 -14 -14 -14 -14 -16 -16 -16 -17 -18 -18 -18 -18 -18 -18 -18 -17 -17 -17 -16 -16 -16 -14 -14 -14 -14 -14 -14 -14 -16 -16 -16 -16 -16 -16 -16 -16 -17 -17 -17 -17 -17 -17 -17 -17 -17 -17 -17 -17 -17 -17 -17 -17 -17
43 39 16 16 15 45 45 55 20 20 12 12 24 24 16 18 18 22 33 53 53 70 114 114 111 91 91 43 31 14 14 37 36 36 30 8 0 0 0 0 0 0 0 0 0 0 0 0 0 0 0 0 1 3 3 3 1 1 0 0 0 0 0 0 0 0 0 0 0 0 8 8 14 18 18 29 32 42 42 42 42 42 43 35 35 18 10 0 0 0 1 1 8 18 19 19 16 13 13 4 0 0 2 0 0 0 0 0 0 0 0 0 0 0 0 0 0 0 0 0 0 0 0 0 0 0 0 0 0 0 0 0 0 0 0 0 0 12 20 20 0 0 0 0 0 0 0 0 0 0 0 0 0 0 0 0 0 0 0 0 0 0 0 0 0 0 0 0 0 0 0 0 0 0 0 0 2 2 6 0 0 0 0 0 0 0 0 0 0 10 10 18 21 21 21 18 15 15 8 6 6 0 3 12 12 21 37 37 50 54 49 49 9 18 18 38 72 72 99 110 111 111 108 107 107 106 104 101 101 97 -1 -1 -1 -1 -1 -1 -1 -1 -1 -1 -1 -1 -1 -1 -1 -1 -1 -1 -1 -1 -1 -1 -1 -1 -1 -1 -1 -1 -1 -1 -1 -1 -1 -1 -1 -1 -1 -1 -1 -1 -1 -1 -1 -1 97 97 97 95 96 96 102 105 105 102 110 84 84 24 3 3 21 31 24 24 14 19 19 31 38 38 27 2 0 0 18 25 25 16 8 3 3 0 0 0 14 15 15 14 6 0 0 0 0 0 0 0 0 0 0 0 0 0 0 0 0 0 0 0 0 50 50 99 105 104 104 96 -1 -1 -1 -1 -1 -3 -2 -2 -2 -4 -6 -6 -4 -4 -4 -4 -6 -7 -7 -9 -11 -11 -11 -11 -12 -12 -12 -12 -12 -12 -13 -13 -13 -14 -14 -14 -16 -16 -16 -16 -16 -17 -17 -17 -17 -17 -17 -18 -18 -18 -18 -18 -18 -20 -20 -20 -20 -20 -20 -20 -21 -21 -21 -21 -22 -22 -22 -22 -23 -23 -25 -25 -25 -25 -23 -23 -23 -23 -23 -25 -25 -23 -23 -23 -23 -23 -23 -22 -22 -22 -22 -22 -21 -21 -21 -21 -21 -21 -21 -21 -21 -21 -21 -21 -18 -17 -16 -16 -16 -14 -14 -14 -14 -14 -14 -14 -16 -16 -16 -17 -17 -17 -17 -17 -17 -17 -17 -17 -17 -17 -16 -16 -16 -14 -14 -14 -13 -16 -16 -16 -16 -16 -16 -16 -16 -16 -16 -16 -16 -17 -17 -17 -17 -17 -17 -17 -17 -17 -17 -17 -17 -17 -17 -17 -17 -17
24 24 24 20 30 30 32 14 14 15 24 -40 -40 -30 -22 -22 62 77 77 88 112 117 117 111 122 122 112 110 66 66 -68 32 32 54 59 59 38 8 0 0 0 0 0 0 0 0 0 0 0 0 0 0 0 1 1 3 3 0 0 0 0 0 0 0 0 1 1 3 1 0 0 0 2 2 9 21 21 30 45 45 45 45 49 49 32 12 8 8 0 2 2 6 10 10 14 14 9 9 6 2 2 0 0 0 0 0 0 0 0 0 0 0 0 0 0 0 0 0 0 0 0 0 0 0 0 0 0 0 0 0 0 0 0 0 0 0 10 24 24 32 21 21 0 0 0 0 0 0 0 0 0 0 0 0 0 0 0 0 0 0 0 0 0 0 0 0 0 0 0 0 0 0 0 0 0 0 0 0 0 0 0 0 0 0 0 0 0 0 0 0 0 0 0 0 0 2 2 6 7 7 8 15 22 22 26 29 29 33 36 36 25 8 -44 -44 64 106 106 123 119 112 112 101 104 104 102 99 99 97 93 85 85 -1 -1 -1 -1 -1 -1 -1 -1 -1 -1 -1 -1 -1 -1 -1 -1 -1 -1 -1 -1 -1 -1 -1 -1 -1 -1 -1 -1 -1 -1 -1 -1 -1 -1 -1 -1 -1 -1 -1 -1 -1 85 -1 -1 -1 -1 -1 -1 -1 -1 -1 -1 97 97 107 107 87 87 52 0 0 25 31 35 35 43 43 43 35 25 4 4 12 38 38 50 35 35 20 9 1 1 0 9 9 6 0 0 0 0 0 0 0 0 0 0 0 0 0 0 0 0 0 0 0 0 0 0 0 94 99 99 107 94 95 95 -1 -1 -1 -3 -3 -2 -2 -2 -4 -4 -6 -6 -6 -6 -7 -7 -7 -8 -11 -11 -12 -12 -12 -12 -12 -13 -13 -13 -13 -14 -14 -16 -16 -16 -16 -17 -17 -17 -17 -18 -18 -18 -18 -18 -18 -18 -18 -18 -18 -20 -20 -20 -20 -20 -20 -20 -21 -21 -21 -21 -21 -21 -22 -22 -22 -22 -23 -23 -23 -27 -26 -26 -26 -25 -25 -25 -25 -25 -25 -26 -25 -25 -23 -23 -23 -23 -23 -22 -22 -22 -22 -22 -21 -21 -21 -21 -21 -21 -21 -21 -21 -21 -21 -17 -17 -17 -16 -14 -14 -14 -14 -14 -14 -14 -14 -14 -16 -16 -16 -17 -17 -17 -17 -16 -16 -16 -16 -17 -17 -17 -17 -16 -16 -16 -14 -14 -13 -16 -16 -16 -16 -16 -16 -16 -16 -16 -16 -16 -17 -17 -17 -17 -17 -17 -17 -17 -17 -17 -17 -17 -17 -17 -17 -17 -17
24 24 20 20 30 32 32 14 15 15 24 -40 -30 -30 -22 62 62 77 88 112 112 117 111 111 122 112 112 110 66 -68 -68 32 54 54 59 38 8 8 0 0 0 0 0 0 0 0 0 0 0 0 0 0 1 1 1 3 0 0 0 0 0 0 0 0 0 1 3 3 1 0 0 0 2 9 9 21 30 45 45 45 45 45 49 32 32 12 8 0 0 2 6 6 10 14 14 14 9 6 6 2 0 0 0 0 0 0 0 0 0 0 0 0 0 0 0 0 0 0 0 0 0 0 0 0 0 0 0 0 0 0 0 0 0 0 0 10 10 24 32 32 21 0 0 0 0 0 0 0 0 0 0 0 0 0 0 0 0 0 0 0 0 0 0 0 0 0 0 0 0 0 0 0 0 0 0 0 0 0 0 0 0 0 0 0 0 0 0 0 0 0 0 0 0 0 0 2 6 6 7 8 8 15 22 26 26 29 33 33 36 25 8 8 -44 64 64 106 123 123 119 112 101 101 104 102 102 99 97 93 93 85 -1 -1 -1 -1 -1 -1 -1 -1 -1 -1 -1 -1 -1 -1 -1 -1 -1 -1 -1 -1 -1 -1 -1 -1 -1 -1 -1 -1 -1 -1 -1 -1 -1 -1 -1 -1 -1 -1 -1 -1 -1 85 85 -1 -1 -1 -1 -1 -1 -1 -1 -1 -1 97 107 107 107 87 52 52 0 25 31 31 35 43 43 43 35 35 25 4 12 12 38 50 50 35 20 9 9 1 0 0 9 6 6 0 0 0 0 0 0 0 0 0 0 0 0 0 0 0 0 0 0 0 0 0 0 94 94 99 107 94 94 95 -1 -1 -1 -3 -3 -3 -2 -2 -2 -4 -6 -6 -6 -6 -7 -7 -7 -8 -8 -11 -12 -12 -12 -12 -12 -12 -13 -13 -13 -13 -14 -16 -16 -16 -16 -16 -17 -17 -17 -17 -18 -18 -18 -18 -18 -18 -18 -18 -18 -18 -20 -20 -20 -20 -20 -20 -20 -21 -21 -21 -21 -21 -21 -22 -22 -22 -22 -23 -23 -23 -27 -26 -26 -26 -25 -25 -25 -25 -25 -26 -26 -25 -23 -23 -23 -23 -23 -23 -22 -22 -22 -22 -21 -21 -21 -21 -21 -21 -21 -21 -21 -21 -21 -21 -17 -17 -16 -16 -14 -14 -14 -14 -14 -14 -14 -14 -16 -16 -16 -17 -17 -17 -17 -16 -16 -16 -16 -16 -17 -17 -17 -17 -16 -16 -16 -14 -13 -16 -16 -16 -16 -16 -16 -16 -16 -16 -16 -16 -16 -17 -17 -17 -17 -17 -17 -17 -17 -17 -17 -17 -17 -17 -17 -17 -17 -17
67 67 47 29 21 21 20 47 47 88 100 112 112 112 110 110 108 110 110 111 117 114 114 116 119 119 113 85 32 32 26 56 56 58 58 58 44 18 3 3 4 2 2 0 0 0 0 0 0 0 0 0 0 0 0 0 0 0 0 0 0 0 0 0 7 0 0 0 0 0 0 0 0 0 2 12 12 30 35 32 32 27 29 29 25 19 15 15 19 12 12 7 2 2 0 0 0 0 0 0 0 0 0 0 0 0 0 0 0 0 0 0 0 0 0 0 0 0 0 0 0 0 0 0 0 0 0 0 0 0 0 0 0 0 0 7 24 35 35 29 16 16 0 0 0 0 0 0 0 0 0 0 0 0 0 0 0 0 0 0 0 0 0 0 0 0 0 0 0 0 0 0 0 0 0 0 0 0 0 0 0 0 0 0 0 0 0 0 0 0 0 0 0 0 0 0 0 4 9 9 15 37 43 43 43 26 26 10 12 12 32 66 114 114 112 111 111 110 107 105 105 100 97 97 -1 -1 -1 -1 -1 -1 -1 -1 -1 -1 -1 -1 -1 -1 -1 -1 -1 -1 -1 -1 -1 -1 -1 -1 -1 -1 -1 -1 -1 -1 -1 -1 -1 -1 -1 -1 -1 -1 -1 -1 -1 -1 -1 -1 -1 -1 -1 -1 -1 -1 -1 -1 -1 -1 -1 -1 -1 -1 -1 -1 -1 101 104 111 111 101 58 58 0 22 58 58 67 64 64 42 32 12 12 22 44 44 36 26 26 12 7 6 6 12 2 2 0 0 0 0 0 0 0 0 4 4 0 0 0 0 0 0 0 0 0 0 0 0 24 24 101 101 101 101 -1 -1 -1 -1 -4 -4 -4 -3 -3 -3 -6 -7 -7 -7 -8 -9 -9 -9 -9 -9 -11 -12 -12 -12 -13 -13 -13 -16 -16 -16 -17 -17 -17 -17 -17 -18 -18 -18 -20 -20 -20 -20 -20 -20 -20 -20 -20 -20 -20 -20 -20 -20 -20 -20 -20 -21 -21 -21 -21 -21 -21 -21 -22 -22 -22 -23 -26 -26 -26 -26 -26 -26 -23 -23 -23 -23 -23 -23 -23 -23 -23 -23 -23 -23 -23 -23 -22 -22 -22 -22 -22 -22 -21 -21 -21 -21 -20 -20 -20 -20 -18 -18 -18 -17 -17 -17 -16 -16 -16 -14 -14 -14 -14 -14 -14 -13 -13 -16 -16 -16 -16 -16 -16 -16 -16 -16 -16 -16 -16 -13 -13 -13 -13 -13 -13 -13 -14 -14 -14 -16 -14 -14 -14 -14 -14 -14 -14 -14 -14 -14 -14 -16 -16 -16 -16 -16 -16 -16 -16 -16 -17 -17 -17 -16 -16 -16 -16 -16
43 22 18 18 38 82 82 102 107 107 111 112 110 110 106 106 106 106 106 113 113 111 114 114 114 107 107 4 15 38 38 53 42 42 36 26 8 8 2 0 0 0 0 0 0 0 0 0 0 0 0 0 0 0 0 0 0 0 0 0 0 0 0 3 3 0 0 0 0 0 0 0 0 0 0 9 24 25 25 20 16 16 20 21 21 21 21 22 22 16 7 7 0 0 0 0 0 0 0 0 0 0 0 0 0 0 0 0 0 0 0 0 0 0 0 0 0 0 0 0 0 0 0 0 0 0 0 0 0 0 0 0 0 2 14 21 21 26 15 15 0 0 0 0 0 0 0 0 0 0 0 0 0 0 0 0 0 0 0 0 0 0 0 0 0 0 0 0 0 0 0 0 0 0 0 0 0 0 0 0 0 0 0 0 0 0 0 0 0 0 0 0 0 0 0 0 2 2 15 27 27 36 44 33 33 19 31 31 62 94 110 110 112 110 110 108 104 104 102 97 94 94 -1 -1 -1 -1 -1 -1 -1 -1 -1 -1 -1 -1 -1 -1 -1 -1 -1 -1 -1 -1 -1 -1 -1 -1 -1 -1 -1 -1 -1 -1 -1 -1 -1 -1 -1 -1 -1 -1 -1 -1 -1 -1 -1 -1 -1 -1 -1 -1 -1 -1 -1 -1 -1 -1 -1 -1 -1 -1 -1 -1 -1 -1 96 96 96 107 116 116 97 47 8 8 24 52 52 66 60 60 49 48 36 36 42 30 30 21 9 12 12 9 10 10 0 0 0 0 0 0 0 0 0 0 0 0 0 0 0 0 0 0 0 0 0 0 0 0 66 100 100 95 99 -1 -1 -1 -2 -2 -4 -4 -4 -3 -6 -6 -6 -7 -8 -8 -8 -11 -11 -11 -12 -12 -12 -12 -13 -14 -14 -16 -17 -17 -17 -18 -18 -18 -18 -18 -18 -20 -20 -20 -21 -21 -21 -21 -21 -21 -21 -21 -21 -21 -21 -21 -21 -21 -21 -21 -21 -22 -22 -22 -22 -22 -22 -22 -22 -23 -23 -25 -26 -26 -26 -26 -26 -26 -23 -23 -23 -23 -23 -23 -23 -23 -22 -22 -22 -22 -22 -22 -22 -21 -21 -21 -21 -21 -21 -20 -20 -20 -20 -18 -18 -18 -18 -17 -17 -17 -17 -17 -16 -14 -14 -14 -14 -14 -14 -13 -13 -13 -13 -14 -14 -14 -14 -14 -14 -14 -14 -14 -14 -14 -13 -13 -13 -13 -13 -13 -13 -13 -13 -14 -14 -14 -14 -14 -14 -14 -14 -14 -14 -14 -14 -14 -14 -14 -16 -16 -16 -16 -16 -16 -16 -16 -16 -16 -16 -16 -16 -16 -16 -16
43 43 22 18 38 38 82 102 102 107 111 112 112 110 106 106 106 106 106 106 113 111 111 114 114 114 107 4 15 15 38 53 53 42 36 36 26 8 2 2 0 0 0 0 0 0 0 0 0 0 0 0 0 0 0 0 0 0 0 0 0 0 0 0 3 0 0 0 0 0 0 0 0 0 0 9 9 24 25 20 20 16 20 20 21 21 21 21 22 16 16 7 0 0 0 0 0 0 0 0 0 0 0 0 0 0 0 0 0 0 0 0 0 0 0 0 0 0 0 0 0 0 0 0 0 0 0 0 0 0 0 0 0 2 2 14 21 26 26 15 0 0 0 0 0 0 0 0 0 0 0 0 0 0 0 0 0 0 0 0 0 0 0 0 0 0 0 0 0 0 0 0 0 0 0 0 0 0 0 0 0 0 0 0 0 0 0 0 0 0 0 0 0 0 0 0 0 2 15 15 27 36 44 44 33 19 19 31 62 62 94 110 112 112 110 108 108 104 102 97 97 94 -1 -1 -1 -1 -1 -1 -1 -1 -1 -1 -1 -1 -1 -1 -1 -1 -1 -1 -1 -1 -1 -1 -1 -1 -1 -1 -1 -1 -1 -1 -1 -1 -1 -1 -1 -1 -1 -1 -1 -1 -1 -1 -1 -1 -1 -1 -1 -1 -1 -1 -1 -1 -1 -1 -1 -1 -1 -1 -1 -1 -1 -1 -1 96 96 107 107 116 97 97 47 8 24 24 52 66 66 60 49 48 48 36 42 42 30 21 21 9 12 9 9 10 0 0 0 0 0 0 0 0 0 0 0 0 0 0 0 0 0 0 0 0 0 0 0 0 66 66 100 95 95 99 -1 -1 -1 -2 -4 -4 -4 -3 -6 -6 -6 -7 -7 -8 -8 -11 -11 -11 -12 -12 -12 -12 -12 -13 -14 -16 -16 -17 -17 -17 -18 -18 -18 -18 -18 -20 -20 -20 -21 -21 -21 -21 -21 -21 -21 -21 -21 -21 -21 -21 -21 -21 -21 -21 -21 -22 -22 -22 -22 -22 -22 -22 -22 -22 -23 -25 -26 -26 -26 -26 -26 -26 -23 -23 -23 -23 -23 -23 -23 -23 -23 -22 -22 -22 -22 -22 -22 -22 -21 -21 -21 -21 -21 -20 -20 -20 -20 -20 -18 -18 -18 -18 -17 -17 -17 -17 -16 -14 -14 -14 -14 -14 -14 -13 -13 -13 -13 -14 -14 -14 -14 -14 -14 -14 -14 -14 -14 -14 -14 -13 -13 -13 -13 -13 -13 -13 -13 -14 -14 -14 -14 -14 -14 -14 -14 -14 -14 -14 -14 -14 -14 -14 -14 -16 -16 -16 -16 -16 -16 -16 -16 -16 -16 -16 -16 -16 -16 -16
0 26 71 71 89 111 111 114 112 112 108 104 100 100 100 101 101 102 101 104 104 106 112 112 112 107 107 6 7 30 30 45 24 24 9 4 0 0 0 0 0 0 0 0 0 0 0 0 0 0 0 0 0 0 0 0 0 0 0 0 0 0 0 0 0 0 0 0 0 0 0 0 0 4 4 14 21 21 21 15 9 9 13 19 19 21 24 25 25 21 14 14 2 0 0 0 0 0 0 0 0 0 0 0 0 0 0 0 0 0 0 0 0 0 0 0 0 0 0 0 0 0 0 0 0 0 0 0 0 0 0 0 0 0 2 1 1 1 0 0 0 0 0 0 0 0 0 0 0 0 0 0 0 0 0 0 0 0 0 0 0 0 0 0 0 0 0 0 0 0 0 0 0 0 0 0 0 0 0 0 0 0 0 0 0 0 0 0 0 0 0 0 0 0 0 8 19 19 25 26 26 33 48 25 25 30 76 76 108 114 110 110 107 104 104 101 96 96 94 90 -1 -1 -1 -1 -1 -1 -1 -1 -1 -1 -1 -1 -1 -1 -1 -1 -1 -1 -1 -1 -1 -1 -1 -1 -1 -1 -1 -1 -1 -1 -1 -1 -1 -1 -1 -1 -1 -1 -1 -1 -1 -1 -1 -1 -1 -1 -1 -1 -1 -1 -1 -1 -1 -1 -1 -1 -1 -1 -1 -1 -1 -1 -1 -1 -1 96 96 100 110 110 111 -1 66 66 20 18 18 52 81 81 82 76 54 54 36 20 20 15 8 16 16 8 3 3 0 0 0 0 0 0 0 0 0 0 0 0 0 0 0 0 0 0 0 0 0 0 0 0 99 97 97 94 89 -2 -2 -7 -4 -4 -4 -4 -4 -6 -7 -7 -7 -8 -8 -8 -8 -13 -13 -13 -13 -14 -14 -13 -14 -16 -16 -17 -18 -18 -20 -20 -20 -20 -21 -21 -21 -22 -22 -22 -22 -22 -22 -22 -22 -22 -22 -22 -22 -22 -22 -22 -22 -22 -22 -23 -23 -23 -23 -23 -23 -23 -23 -23 -23 -26 -26 -26 -26 -26 -26 -26 -26 -26 -23 -23 -23 -23 -22 -22 -22 -22 -21 -21 -21 -20 -20 -20 -20 -20 -20 -20 -18 -18 -18 -18 -18 -18 -17 -17 -17 -17 -16 -16 -16 -16 -16 -16 -14 -14 -14 -14 -14 -13 -13 -13 -13 -13 -13 -13 -13 -13 -13 -13 -13 -13 -13 -13 -13 -13 -13 -13 -13 -13 -13 -13 -13 -13 -13 -13 -14 -14 -14 -14 -14 -14 -14 -14 -14 -14 -14 -14 -14 -14 -14 -14 -14 -14 -14 -14 -14 -14 -14 -14 -16 -16 -16 -16 -16 -16
0 0 26 71 89 89 111 114 114 112 108 104 104 100 100 100 101 102 102 101 104 106 106 112 112 112 107 6 7 7 30 45 45 24 9 9 4 0 0 0 0 0 0 0 0 0 0 0 0 0 0 0 0 0 0 0 0 0 0 0 0 0 0 0 0 0 0 0 0 0 0 0 0 0 4 14 14 21 21 15 15 9 13 13 19 21 24 24 25 21 21 14 2 2 0 0 0 0 0 0 0 0 0 0 0 0 0 0 0 0 0 0 0 0 0 0 0 0 0 0 0 0 0 0 0 0 0 0 0 0 0 0 0 0 0 2 1 1 1 0 0 0 0 0 0 0 0 0 0 0 0 0 0 0 0 0 0 0 0 0 0 0 0 0 0 0 0 0 0 0 0 0 0 0 0 0 0 0 0 0 0 0 0 0 0 0 0 0 0 0 0 0 0 0 0 8 8 19 25 25 26 33 48 48 25 30 30 76 108 108 114 110 107 107 104 101 101 96 94 90 90 -1 -1 -1 -1 -1 -1 -1 -1 -1 -1 -1 -1 -1 -1 -1 -1 -1 -1 -1 -1 -1 -1 -1 -1 -1 -1 -1 -1 -1 -1 -1 -1 -1 -1 -1 -1 -1 -1 -1 -1 -1 -1 -1 -1 -1 -1 -1 -1 -1 -1 -1 -1 -1 -1 -1 -1 -1 -1 -1 -1 -1 -1 -1 -1 -1 96 100 100 110 111 111 -1 66 20 20 18 52 52 81 82 76 76 54 36 36 20 15 15 8 16 8 8 3 0 0 0 0 0 0 0 0 0 0 0 0 0 0 0 0 0 0 0 0 0 0 0 0 99 99 97 94 94 89 -2 -7 -7 -4 -4 -4 -4 -6 -7 -7 -7 -8 -8 -8 -8 -13 -13 -13 -13 -13 -14 -13 -13 -14 -16 -17 -17 -18 -20 -20 -20 -20 -21 -21 -21 -22 -22 -22 -22 -22 -22 -22 -22 -22 -22 -22 -22 -22 -22 -22 -22 -22 -22 -22 -23 -23 -23 -23 -23 -23 -23 -23 -23 -23 -26 -26 -26 -26 -26 -26 -26 -26 -23 -23 -23 -23 -22 -22 -22 -22 -22 -21 -21 -20 -20 -20 -20 -20 -20 -20 -18 -18 -18 -18 -18 -18 -17 -17 -17 -17 -16 -16 -16 -16 -16 -16 -14 -14 -14 -14 -14 -14 -13 -13 -13 -13 -13 -13 -13 -13 -13 -13 -13 -13 -13 -13 -13 -13 -13 -13 -13 -13 -13 -13 -13 -13 -13 -13 -13 -14 -14 -14 -14 -14 -14 -14 -14 -14 -14 -14 -14 -14 -14 -14 -14 -14 -14 -14 -14 -14 -14 -14 -14 -16 -16 -16 -16 -16
29 84 108 108 114 112 112 104 100 100 97 94 93 93 94 95 95 94 93 100 100 102 107 107 110 113 113 49 13 14 14 36 13 13 0 0 0 0 0 0 0 0 0 0 0 0 0 0 0 0 0 0 0 0 0 0 0 0 0 0 0 0 0 0 0 0 0 0 0 0 0 0 0 8 8 19 27 27 27 24 19 19 19 21 21 20 22 21 21 20 13 13 4 0 0 0 0 0 0 0 0 0 0 0 0 0 0 0 0 0 0 0 0 0 0 0 0 0 0 0 0 0 0 0 0 0 0 0 0 0 0 0 0 0 0 0 0 0 0 0 0 0 0 0 0 0 0 0 0 0 0 0 0 0 0 0 0 0 0 0 0 0 0 0 0 0 0 0 0 0 0 0 0 0 0 0 0 0 0 0 0 0 0 0 0 3 12 12 20 6 6 3 4 10 10 22 33 33 35 31 31 43 45 10 10 36 105 105 119 112 110 110 101 97 97 94 90 90 89 -1 -1 -1 -1 -1 -1 -1 -1 -1 -1 -1 -1 -1 -1 -1 -1 -1 -1 -1 -1 -1 -1 -1 -1 -1 -1 -1 -1 -1 -1 -1 -1 -1 -1 -1 -1 -1 -1 -1 -1 -1 -1 -1 -1 -1 -1 -1 -1 -1 -1 -1 -1 -1 -1 -1 -1 -1 -1 -1 -1 -1 -1 -1 -1 -1 -1 95 95 94 95 95 97 107 108 108 72 47 47 26 47 47 79 90 62 62 30 10 10 16 12 15 15 0 0 0 0 0 0 0 0 0 0 0 0 0 0 0 0 0 0 0 0 0 0 0 0 0 29 29 97 94 94 93 -1 -1 -1 -9 -8 -8 -7 -7 -7 -8 -8 -9 -9 -9 -11 -11 -11 -14 -14 -14 -13 -14 -14 -16 -17 -18 -18 -18 -21 -21 -22 -21 -21 -22 -23 -23 -23 -25 -25 -25 -25 -25 -25 -25 -25 -25 -25 -25 -23 -23 -23 -25 -25 -25 -25 -26 -26 -26 -26 -26 -26 -26 -26 -26 -26 -26 -26 -26 -26 -25 -25 -25 -23 -23 -22 -22 -22 -22 -21 -21 -21 -20 -20 -20 -20 -18 -18 -18 -17 -17 -17 -17 -17 -17 -17 -17 -16 -16 -16 -16 -16 -16 -14 -14 -14 -14 -14 -14 -14 -14 -13 -13 -13 -13 -13 -13 -13 -13 -13 -13 -13 -13 -13 -13 -13 -13 -13 -13 -13 -13 -13 -13 -13 -13 -13 -13 -13 -13 -13 -13 -13 -14 -14 -14 -14 -14 -14 -14 -14 -14 -14 -14 -14 -13 -13 -13 -13 -13 -14 -14 -14 -14 -14 -14 -16 -16 -16 -16 -16 -16
93 93 113 105 110 110 107 106 106 96 95 94 94 -1 -1 -1 -1 -1 -1 -1 -1 101 101 104 112 112 108 26 21 21 24 31 31 10 2 2 2 0 1 1 0 0 0 0 0 0 0 0 0 0 0 0 0 0 0 0 0 0 0 0 0 1 2 2 2 1 1 0 0 0 0 0 0 0 2 9 9 29 32 33 33 31 29 29 27 22 22 22 24 18 18 9 1 1 0 0 0 0 0 0 0 0 0 0 0 0 0 0 0 0 0 0 0 0 0 0 0 0 0 0 0 0 0 0 0 0 0 0 0 0 0 0 0 0 0 0 0 0 0 0 0 0 0 0 0 0 0 0 0 0 0 0 0 0 0 0 0 0 0 0 0 0 0 0 0 0 0 0 0 0 0 0 0 0 0 0 0 6 12 12 6 0 0 0 0 6 6 22 37 37 31 30 30 26 26 29 29 31 32 32 30 42 33 33 16 58 58 110 110 110 105 108 95 95 93 -1 -1 -1 -1 -1 -1 -1 -1 -1 -1 -1 -1 -1 -1 -1 -1 -1 -1 -1 -1 -1 -1 -1 -1 -1 -1 -1 -1 -1 -1 -1 -1 -1 -1 -1 -1 -1 -1 -1 -1 -1 -1 -1 -1 -1 -1 -1 -1 -1 -1 -1 -1 -1 -1 -1 -1 -1 -1 -1 -1 -1 -1 -1 -1 -1 -1 -1 -1 -1 -1 -1 -1 -1 -1 93 96 96 111 106 108 108 104 53 53 20 21 56 56 64 33 33 15 24 24 20 9 0 0 0 0 0 0 0 0 0 0 0 0 0 1 1 3 0 0 0 0 0 0 0 0 0 0 76 90 90 90 -1 -1 -2 -7 -8 -8 -9 -8 -8 -9 -11 -11 -11 -11 -12 -12 -13 -13 -14 -14 -14 -16 -16 -16 -17 -17 -20 -21 -22 -22 -23 -23 -23 -25 -25 -26 -26 -27 -27 -27 -27 -27 -27 -27 -27 -26 -26 -26 -26 -26 -25 -25 -26 -26 -26 -26 -26 -26 -26 -26 -26 -26 -27 -27 -26 -26 -26 -25 -25 -25 -25 -22 -22 -22 -22 -21 -21 -21 -20 -20 -20 -18 -18 -18 -17 -17 -16 -16 -16 -16 -16 -16 -16 -16 -16 -16 -16 -16 -14 -14 -14 -14 -14 -13 -13 -13 -13 -13 -13 -13 -13 -13 -13 -13 -13 -13 -13 -13 -13 -13 -12 -12 -12 -12 -12 -12 -12 -12 -12 -12 -12 -12 -13 -13 -13 -13 -13 -13 -13 -13 -13 -13 -13 -13 -13 -13 -13 -13 -13 -13 -13 -13 -13 -13 -13 -13 -13 -13 -13 -13 -13 -13 -13 -13 -13 -13 -14 -14 -14 -14 -14
93 113 105 105 110 107 107 106 96 96 95 94 -1 -1 -1 -1 -1 -1 -1 -1 -1 101 104 104 112 108 108 26 21 24 24 31 10 10 2 2 0 0 1 0 0 0 0 0 0 0 0 0 0 0 0 0 0 0 0 0 0 0 0 0 1 1 2 2 2 1 0 0 0 0 0 0 0 2 2 9 29 32 32 33 31 31 29 27 27 22 22 24 24 18 9 9 1 0 0 0 0 0 0 0 0 0 0 0 0 0 0 0 0 0 0 0 0 0 0 0 0 0 0 0 0 0 0 0 0 0 0 0 0 0 0 0 0 0 0 0 0 0 0 0 0 0 0 0 0 0 0 0 0 0 0 0 0 0 0 0 0 0 0 0 0 0 0 0 0 0 0 0 0 0 0 0 0 0 0 0 6 6 12 6 6 0 0 0 0 6 22 22 37 31 31 30 26 26 26 29 31 31 32 30 30 42 33 16 16 58 110 110 110 105 108 108 95 93 93 -1 -1 -1 -1 -1 -1 -1 -1 -1 -1 -1 -1 -1 -1 -1 -1 -1 -1 -1 -1 -1 -1 -1 -1 -1 -1 -1 -1 -1 -1 -1 -1 -1 -1 -1 -1 -1 -1 -1 -1 -1 -1 -1 -1 -1 -1 -1 -1 -1 -1 -1 -1 -1 -1 -1 -1 -1 -1 -1 -1 -1 -1 -1 -1 -1 -1 -1 -1 -1 -1 -1 -1 -1 93 93 96 111 106 106 108 104 104 53 20 20 21 56 64 64 33 15 15 24 20 9 9 0 0 0 0 0 0 0 0 0 0 0 0 0 1 3 0 0 0 0 0 0 0 0 0 0 76 76 90 90 90 -1 -2 -7 -7 -8 -9 -9 -8 -9 -9 -11 -11 -11 -11 -12 -13 -13 -13 -14 -14 -14 -16 -16 -16 -17 -20 -21 -21 -22 -23 -23 -23 -25 -25 -25 -26 -27 -27 -27 -27 -27 -27 -27 -27 -27 -26 -26 -26 -26 -25 -25 -25 -26 -26 -26 -26 -26 -26 -26 -26 -26 -26 -27 -26 -26 -26 -25 -25 -25 -25 -22 -22 -22 -22 -22 -21 -21 -20 -20 -20 -18 -18 -18 -17 -17 -17 -16 -16 -16 -16 -16 -16 -16 -16 -16 -16 -16 -14 -14 -14 -14 -14 -14 -13 -13 -13 -13 -13 -13 -13 -13 -13 -13 -13 -13 -13 -13 -13 -13 -13 -12 -12 -12 -12 -12 -12 -12 -12 -12 -12 -12 -13 -13 -13 -13 -13 -13 -13 -13 -13 -13 -13 -13 -13 -13 -13 -13 -13 -13 -13 -13 -13 -13 -13 -13 -13 -13 -13 -13 -13 -13 -13 -13 -13 -13 -14 -14 -14 -14 -14 -14
111 111 102 106 106 106 97 101 101 -1 -1 -1 -1 -1 -1 -1 -1 -1 -1 -1 -1 96 96 106 114 114 78 1 21 21 43 29 29 18 14 14 13 9 9 9 4 0 0 0 0 0 0 0 0 0 0 0 0 0 0 0 0 0 0 0 0 4 9 9 13 7 7 3 0 0 0 0 0 0 2 6 6 26 35 37 37 35 32 32 30 30 31 31 37 25 25 10 0 0 3 10 10 10 9 0 0 0 0 0 0 0 0 0 0 0 0 0 0 0 0 0 0 0 0 0 0 0 0 0 0 0 0 0 0 0 0 0 0 0 0 0 0 0 0 0 0 0 0 0 0 0 0 0 0 0 0 0 0 0 0 0 0 0 0 0 0 0 0 0 0 0 0 0 0 0 0 2 2 0 0 0 8 30 37 37 29 8 8 0 0 2 2 20 41 41 45 42 42 37 35 29 29 19 13 13 10 1 7 7 38 91 91 112 110 110 112 104 -1 -1 -1 -1 -1 -1 -1 -1 -1 -1 -1 -1 -1 -1 -1 -1 -1 -1 -1 -1 -1 -1 -1 -1 -1 -1 -1 -1 -1 -1 -1 -1 -1 -1 -1 -1 -1 -1 -1 -1 -1 -1 -1 -1 -1 -1 -1 -1 -1 -1 -1 -1 -1 -1 -1 -1 -1 -1 -1 -1 -1 -1 -1 -1 -1 -1 -1 -1 -1 -1 -1 -1 -1 -1 -1 -1 -1 -1 -1 -1 108 111 105 105 114 104 104 71 31 2 2 47 44 44 27 32 32 20 0 0 0 0 0 0 0 0 0 0 0 0 0 0 8 8 1 0 0 0 0 0 0 10 0 0 0 94 97 97 88 -2 -2 -6 -16 -4 -4 -11 -11 -11 -12 -13 -13 -13 -14 -14 -14 -16 -16 -16 -16 -17 -17 -17 -20 -21 -21 -23 -23 -25 -25 -27 -27 -27 -27 -28 -28 -28 -31 -31 -31 -31 -30 -30 -30 -30 -28 -28 -28 -27 -27 -27 -27 -26 -26 -26 -26 -26 -26 -26 -26 -26 -26 -26 -26 -26 -25 -25 -25 -23 -21 -21 -21 -20 -20 -20 -18 -18 -18 -18 -17 -17 -16 -16 -16 -14 -14 -14 -14 -14 -14 -14 -14 -14 -14 -14 -14 -14 -14 -13 -13 -13 -13 -13 -13 -13 -13 -13 -13 -13 -12 -12 -12 -12 -12 -12 -12 -12 -12 -12 -12 -12 -12 -12 -12 -12 -12 -12 -12 -12 -12 -12 -12 -12 -13 -13 -13 -13 -13 -13 -13 -13 -13 -13 -13 -13 -13 -13 -13 -13 -13 -13 -13 -13 -13 -13 -13 -13 -13 -13 -13 -13 -13 -13 -13 -13 -13 -14 -14 -14 -14 -14
111 102 106 106 106 97 97 101 -1 -1 -1 -1 -1 -1 -1 -1 -1 -1 -1 -1 -1 96 106 106 114 78 78 1 21 43 43 29 18 18 14 13 9 9 9 4 4 0 0 0 0 0 0 0 0 0 0 0 0 0 0 0 0 0 0 0 4 4 9 13 13 7 3 3 0 0 0 0 0 2 2 6 26 35 35 37 35 35 32 30 30 30 31 37 37 25 10 10 0 3 10 10 10 9 9 0 0 0 0 0 0 0 0 0 0 0 0 0 0 0 0 0 0 0 0 0 0 0 0 0 0 0 0 0 0 0 0 0 0 0 0 0 0 0 0 0 0 0 0 0 0 0 0 0 0 0 0 0 0 0 0 0 0 0 0 0 0 0 0 0 0 0 0 0 0 0 0 2 0 0 0 8 30 30 37 29 29 8 0 0 0 2 20 20 41 45 45 42 37 35 35 29 19 19 13 10 10 1 7 38 38 91 112 112 110 112 104 104 -1 -1 -1 -1 -1 -1 -1 -1 -1 -1 -1 -1 -1 -1 -1 -1 -1 -1 -1 -1 -1 -1 -1 -1 -1 -1 -1 -1 -1 -1 -1 -1 -1 -1 -1 -1 -1 -1 -1 -1 -1 -1 -1 -1 -1 -1 -1 -1 -1 -1 -1 -1 -1 -1 -1 -1 -1 -1 -1 -1 -1 -1 -1 -1 -1 -1 -1 -1 -1 -1 -1 -1 -1 -1 -1 -1 -1 -1 -1 108 111 111 105 114 114 104 71 71 31 2 47 47 44 27 27 32 20 0 0 0 0 0 0 0 0 0 0 0 0 0 0 0 8 1 0 0 0 0 0 0 10 10 0 0 94 94 97 88 88 -2 -6 -16 -16 -4 -11 -11 -11 -12 -12 -13 -13 -14 -14 -14 -16 -16 -16 -16 -17 -17 -17 -20 -20 -21 -23 -23 -23 -25 -27 -27 -27 -27 -27 -28 -28 -31 -31 -31 -31 -31 -30 -30 -30 -30 -28 -28 -28 -27 -27 -27 -27 -26 -26 -26 -26 -26 -26 -26 -26 -26 -26 -26 -26 -26 -25 -25 -25 -23 -21 -21 -21 -20 -20 -20 -18 -18 -18 -18 -17 -16 -16 -16 -14 -14 -14 -14 -14 -14 -14 -14 -14 -14 -14 -14 -14 -14 -13 -13 -13 -13 -13 -13 -13 -13 -13 -13 -13 -13 -12 -12 -12 -12 -12 -12 -12 -12 -12 -12 -12 -12 -12 -12 -12 -12 -12 -12 -12 -12 -12 -12 -12 -12 -13 -13 -13 -13 -13 -13 -13 -13 -13 -13 -13 -13 -13 -13 -13 -13 -13 -13 -13 -13 -13 -13 -13 -13 -13 -13 -13 -13 -13 -13 -13 -13 -14 -14 -14 -14 -14 -14
108 108 106 101 96 96 -1 -1 -1 -1 -1 -1 -1 -1 -1 -1 -1 -1 -1 -1 -1 95 95 104 113 113 43 21 30 30 52 32 32 25 20 20 20 16 16 16 9 0 0 0 0 0 0 0 0 0 0 0 0 0 0 0 0 0 0 0 0 6 12 12 14 9 9 6 2 1 1 6 12 12 20 24 24 32 37 37 37 29 25 25 26 32 41 41 49 31 31 13 8 8 16 25 20 20 12 0 0 0 0 0 0 0 0 0 0 0 0 0 0 0 0 0 0 0 0 2 0 0 0 0 0 0 0 0 0 0 0 0 0 0 0 0 0 10 10 3 6 6 10 12 13 13 8 0 0 0 0 0 0 0 0 0 0 0 0 0 0 0 0 0 0 0 0 0 0 0 4 10 10 13 13 13 22 47 55 55 43 15 15 0 0 0 0 16 42 42 -61 8 8 3 1 1 1 2 12 12 -58 37 43 43 78 108 108 110 105 105 105 91 -1 -1 -1 -1 -1 -1 -1 -1 -1 -1 -1 -1 -1 -1 -1 -1 -1 -1 -1 -1 -1 -1 -1 -1 -1 -1 -1 -1 -1 -1 -1 -1 -1 -1 -1 -1 -1 -1 -1 -1 -1 -1 -1 -1 -1 -1 -1 -1 -1 -1 -1 -1 -1 -1 -1 -1 -1 -1 -1 -1 -1 -1 -1 -1 -1 -1 -1 -1 -1 -1 -1 -1 -1 -1 -1 -1 -1 -1 -1 -1 87 104 105 105 110 111 111 114 101 18 18 13 52 52 38 30 30 12 0 0 0 0 0 0 0 1 0 0 0 0 0 2 8 8 0 0 0 0 0 10 10 12 10 -67 -67 95 101 101 -1 -6 -6 -7 -18 -9 -9 -14 -13 -13 -13 -13 -14 -14 -16 -17 -17 -18 -18 -18 -18 -20 -21 -21 -22 -25 -25 -25 -27 -28 -28 -30 -30 -30 -30 -30 -32 -32 -32 -32 -32 -32 -31 -31 -31 -31 -30 -30 -28 -28 -28 -27 -27 -26 -26 -26 -26 -26 -26 -26 -26 -26 -26 -26 -26 -25 -25 -25 -23 -21 -20 -20 -18 -18 -18 -17 -17 -16 -16 -16 -16 -16 -14 -14 -14 -13 -13 -13 -13 -13 -13 -13 -13 -13 -13 -13 -13 -13 -13 -13 -13 -13 -13 -13 -13 -13 -12 -12 -12 -12 -12 -12 -12 -12 -12 -12 -12 -12 -12 -12 -12 -12 -12 -12 -12 -12 -12 -12 -12 -12 -12 -12 -12 -12 -12 -13 -13 -13 -13 -13 -13 -13 -13 -13 -13 -13 -13 -13 -13 -13 -13 -13 -13 -13 -13 -14 -14 -14 -14 -14 -14 -14 -14 -14 -14 -14 -14 -14 -14 -14 -14 -14
108 104 99 99 -1 -1 -1 -1 -1 -1 -1 -1 -1 -1 -1 -1 -1 -1 -1 -1 -1 99 100 100 104 29 29 37 44 53 53 36 27 27 24 21 20 20 22 13 13 0 0 0 0 0 0 0 0 0 0 0 0 0 0 0 0 0 0 0 3 3 7 8 8 3 0 0 0 0 9 9 25 38 38 45 43 44 44 37 22 22 16 19 19 32 45 48 48 32 13 13 13 24 32 32 22 4 4 0 0 0 0 0 0 0 0 0 0 0 0 0 0 0 0 0 0 0 1 1 0 0 0 0 0 0 0 0 0 0 0 0 0 0 0 0 0 8 4 4 12 19 19 19 15 13 13 2 0 0 0 0 0 0 0 0 0 0 0 0 0 0 0 0 0 0 0 0 0 7 7 14 16 16 20 30 53 53 62 48 48 16 0 0 0 0 18 18 47 -86 -86 -98 -111 0 0 0 0 0 -56 -13 -13 107 106 113 113 117 112 112 106 97 -1 -1 -1 -1 -1 -1 -1 -1 -1 -1 -1 -1 -1 -1 -1 -1 -1 -1 -1 -1 -1 -1 -1 -1 -1 -1 -1 -1 -1 -1 -1 -1 -1 -1 -1 -1 -1 -1 -1 -1 -1 -1 -1 -1 -1 -1 -1 -1 -1 -1 -1 -1 -1 -1 -1 -1 -1 -1 -1 -1 -1 -1 -1 -1 -1 -1 -1 -1 -1 -1 -1 -1 -1 -1 -1 -1 -1 -1 -1 -1 -1 -1 -1 -1 107 108 108 112 111 111 108 67 -101 -101 54 42 42 21 1 0 0 0 0 0 0 1 1 4 0 0 0 0 4 4 10 0 0 0 0 0 0 14 10 10 13 -40 96 96 95 -1 -1 -7 -8 -16 -16 -17 -18 -18 -14 -14 -14 -14 -17 -18 -18 -18 -20 -20 -20 -22 -22 -22 -23 -25 -25 -26 -27 -30 -30 -31 -31 -31 -31 -31 -31 -31 -32 -34 -34 -34 -34 -34 -32 -31 -31 -31 -30 -30 -30 -28 -28 -28 -27 -26 -26 -26 -25 -25 -25 -25 -25 -25 -25 -25 -25 -25 -23 -22 -22 -20 -18 -17 -17 -17 -16 -16 -16 -14 -14 -14 -14 -13 -13 -13 -13 -12 -12 -14 -14 -14 -14 -14 -14 -14 -14 -14 -14 -14 -14 -14 -14 -14 -14 -14 -14 -13 -13 -13 -13 -13 -13 -13 -13 -13 -13 -13 -13 -13 -13 -13 -13 -12 -12 -12 -12 -12 -12 -12 -12 -12 -12 -12 -11 -11 -12 -12 -13 -13 -13 -13 -13 -13 -13 -13 -13 -13 -13 -13 -13 -13 -13 -13 -13 -13 -13 -14 -14 -14 -14 -14 -14 -14 -14 -14 -14 -16 -14 -14 -14 -14 -14 -14
108 108 104 99 -1 -1 -1 -1 -1 -1 -1 -1 -1 -1 -1 -1 -1 -1 -1 -1 -1 99 99 100 104 104 29 37 44 44 53 36 36 27 24 24 21 20 22 22 13 0 0 0 0 0 0 0 0 0 0 0 0 0 0 0 0 0 0 0 0 3 7 7 8 3 3 0 0 0 0 9 25 25 38 45 45 43 44 37 37 22 16 16 19 32 45 45 48 32 32 13 13 13 24 32 22 22 4 0 0 0 0 0 0 0 0 0 0 0 0 0 0 0 0 0 0 0 0 1 0 0 0 0 0 0 0 0 0 0 0 0 0 0 0 0 0 8 8 4 12 12 19 19 15 15 13 2 2 0 0 0 0 0 0 0 0 0 0 0 0 0 0 0 0 0 0 0 0 0 7 14 14 16 20 20 30 53 62 62 48 16 16 0 0 0 0 18 47 47 -86 -98 -98 -111 0 0 0 0 -56 -56 -13 107 106 106 113 117 117 112 106 106 97 -1 -1 -1 -1 -1 -1 -1 -1 -1 -1 -1 -1 -1 -1 -1 -1 -1 -1 -1 -1 -1 -1 -1 -1 -1 -1 -1 -1 -1 -1 -1 -1 -1 -1 -1 -1 -1 -1 -1 -1 -1 -1 -1 -1 -1 -1 -1 -1 -1 -1 -1 -1 -1 -1 -1 -1 -1 -1 -1 -1 -1 -1 -1 -1 -1 -1 -1 -1 -1 -1 -1 -1 -1 -1 -1 -1 -1 -1 -1 -1 -1 -1 -1 107 107 108 112 112 111 108 67 67 -101 54 54 42 21 21 1 0 0 0 0 0 0 1 4 0 0 0 0 0 4 10 10 0 0 0 0 0 14 14 10 13 -40 -40 96 95 95 -1 -7 -7 -8 -16 -17 -17 -18 -14 -14 -14 -14 -17 -17 -18 -18 -18 -20 -20 -22 -22 -22 -23 -23 -25 -26 -26 -27 -30 -31 -31 -31 -31 -31 -31 -31 -32 -32 -34 -34 -34 -34 -32 -32 -31 -31 -30 -30 -30 -28 -28 -28 -27 -26 -26 -26 -25 -25 -25 -25 -25 -25 -25 -25 -25 -25 -23 -23 -22 -20 -18 -18 -17 -17 -17 -16 -16 -14 -14 -14 -14 -14 -13 -13 -13 -13 -12 -14 -14 -14 -14 -14 -14 -14 -14 -14 -14 -14 -14 -14 -14 -14 -14 -14 -14 -14 -13 -13 -13 -13 -13 -13 -13 -13 -13 -13 -13 -13 -13 -13 -13 -12 -12 -12 -12 -12 -12 -12 -12 -12 -12 -12 -12 -11 -12 -12 -12 -13 -13 -13 -13 -13 -13 -13 -13 -13 -13 -13 -13 -13 -13 -13 -13 -13 -13 -14 -14 -14 -14 -14 -14 -14 -14 -14 -14 -16 -16 -14 -14 -14 -14 -14
100 96 -1 -1 -1 -1 -1 -1 -1 -1 -1 -1 -1 -1 -1 -1 -1 -1 -1 91 91 97 99 99 110 -27 -27 -78 27 42 42 39 31 31 35 30 21 21 20 7 7 0 0 0 0 0 0 0 0 0 0 0 0 0 0 0 0 0 0 0 0 0 0 0 0 0 0 0 0 2 25 25 45 56 56 60 58 45 45 35 20 20 9 18 18 35 39 37 37 26 18 18 25 30 20 20 3 0 0 0 0 0 0 0 0 0 0 0 0 0 0 0 0 0 0 0 0 0 0 0 0 0 0 0 0 0 0 0 0 0 0 0 0 0 2 8 8 9 13 13 18 15 15 8 6 7 7 1 0 0 0 0 0 0 3 9 9 3 0 0 0 0 0 0 0 0 0 0 0 7 7 6 9 9 27 47 55 55 59 49 49 21 3 3 0 14 21 21 0 41 41 66 95 110 110 111 110 110 112 114 114 111 111 108 108 106 104 104 97 94 93 93 -1 -1 -1 -1 -1 -1 -1 -1 -1 -1 -1 -1 -1 -1 -1 -1 -1 -1 -1 -1 -1 -1 -1 -1 -1 -1 -1 -1 -1 -1 -1 -1 -1 -1 -1 -1 -1 -1 -1 -1 -1 -1 -1 -1 -1 -1 -1 -1 -1 -1 -1 -1 -1 -1 -1 -1 -1 -1 -1 -1 -1 -1 -1 -1 -1 -1 -1 -1 -1 -1 -1 -1 -1 -1 -1 -1 -1 -1 -1 -1 -1 -1 -1 97 97 105 110 110 113 112 -93 -93 41 39 39 21 0 0 0 0 0 0 4 3 3 0 0 0 0 0 0 0 4 0 0 0 0 0 0 3 0 0 19 78 95 95 88 -3 -3 -11 -16 -17 -17 -17 -17 -17 -18 -18 -18 -20 -21 -21 -21 -22 -23 -23 -23 -21 -22 -22 -23 -25 -25 -27 -30 -31 -31 -31 -34 -34 -34 -32 -32 -34 -34 -34 -34 -32 -31 -31 -27 -27 -27 -27 -26 -26 -26 -25 -25 -25 -23 -23 -23 -23 -23 -22 -22 -22 -21 -21 -21 -21 -18 -18 -18 -17 -17 -16 -14 -13 -13 -13 -13 -13 -13 -13 -13 -13 -13 -13 -13 -13 -13 -13 -13 -13 -13 -13 -13 -13 -13 -13 -13 -13 -13 -13 -12 -12 -12 -12 -12 -12 -12 -12 -12 -12 -12 -12 -12 -12 -12 -12 -11 -11 -11 -11 -11 -11 -11 -11 -11 -11 -11 -12 -12 -12 -12 -12 -12 -12 -12 -12 -12 -12 -12 -12 -12 -12 -12 -12 -12 -12 -12 -12 -12 -12 -12 -12 -12 -12 -12 -12 -12 -12 -12 -12 -12 -13 -13 -13 -13 -13 -13 -13 -13 -13 -13 -13 -13 -13
100 100 96 -1 -1 -1 -1 -1 -1 -1 -1 -1 -1 -1 -1 -1 -1 -1 -1 -1 91 97 97 99 110 110 -27 -78 27 27 42 39 39 31 35 35 30 21 20 20 7 0 0 0 0 0 0 0 0 0 0 0 0 0 0 0 0 0 0 0 0 0 0 0 0 0 0 0 0 2 2 25 45 45 56 60 60 58 45 35 35 20 9 9 18 35 39 39 37 26 26 18 25 25 30 20 3 3 0 0 0 0 0 0 0 0 0 0 0 0 0 0 0 0 0 0 0 0 0 0 0 0 0 0 0 0 0 0 0 0 0 0 0 0 0 2 8 9 9 13 18 18 15 8 6 6 7 1 1 0 0 0 0 0 3 3 9 3 3 0 0 0 0 0 0 0 0 0 0 0 7 6 6 9 27 27 47 55 59 59 49 21 21 3 0 14 14 21 0 0 41 66 66 95 110 111 111 110 112 112 114 111 111 111 108 106 106 104 97 97 94 93 -1 -1 -1 -1 -1 -1 -1 -1 -1 -1 -1 -1 -1 -1 -1 -1 -1 -1 -1 -1 -1 -1 -1 -1 -1 -1 -1 -1 -1 -1 -1 -1 -1 -1 -1 -1 -1 -1 -1 -1 -1 -1 -1 -1 -1 -1 -1 -1 -1 -1 -1 -1 -1 -1 -1 -1 -1 -1 -1 -1 -1 -1 -1 -1 -1 -1 -1 -1 -1 -1 -1 -1 -1 -1 -1 -1 -1 -1 -1 -1 -1 -1 -1 -1 97 105 105 110 113 112 112 -93 41 41 39 21 21 0 0 0 0 0 4 4 3 0 0 0 0 0 0 0 4 4 0 0 0 0 0 3 3 0 19 78 78 95 88 88 -3 -11 -11 -16 -17 -17 -17 -17 -18 -18 -18 -20 -21 -21 -21 -22 -22 -23 -23 -21 -21 -22 -23 -23 -25 -27 -27 -30 -31 -31 -31 -34 -34 -34 -32 -34 -34 -34 -34 -32 -32 -31 -27 -27 -27 -27 -26 -26 -26 -25 -25 -25 -23 -23 -23 -23 -23 -23 -22 -22 -22 -21 -21 -21 -21 -18 -18 -18 -17 -16 -14 -14 -13 -13 -13 -13 -13 -13 -13 -13 -13 -13 -13 -13 -13 -13 -13 -13 -13 -13 -13 -13 -13 -13 -13 -13 -13 -13 -13 -12 -12 -12 -12 -12 -12 -12 -12 -12 -12 -12 -12 -12 -12 -12 -11 -11 -11 -11 -11 -11 -11 -11 -11 -11 -11 -11 -12 -12 -12 -12 -12 -12 -12 -12 -12 -12 -12 -12 -12 -12 -12 -12 -12 -12 -12 -12 -12 -12 -12 -12 -12 -12 -12 -12 -12 -12 -12 -12 -12 -12 -13 -13 -13 -13 -13 -13 -13 -13 -13 -13 -13 -13
95 -1 -1 -1 -1 -1 -1 -1 -1 -1 -1 -1 -1 -1 -1 -1 -1 -1 -1 95 95 88 110 110 106 90 90 0 3 24 24 25 32 32 35 30 20 20 14 6 6 0 0 0 0 0 0 0 0 0 0 0 0 0 0 0 0 0 0 0 0 0 0 0 0 0 0 0 0 1 26 26 45 48 48 44 37 33 33 32 29 29 21 26 26 36 37 36 36 26 22 22 24 22 12 12 0 0 0 0 0 0 0 0 0 0 0 0 0 0 0 0 0 0 0 0 0 0 0 0 0 0 0 0 0 0 0 0 0 0 0 0 0 0 6 18 18 25 26 26 22 9 9 0 0 4 4 3 3 3 0 0 8 8 13 10 10 2 0 0 0 0 0 0 0 0 0 0 0 0 0 0 6 6 14 36 58 58 53 14 14 0 0 0 9 22 0 0 84 106 106 110 112 108 108 107 107 107 110 110 110 106 105 104 104 100 97 97 94 90 89 89 -1 -1 -1 -1 -1 -1 -1 -1 -1 -1 -1 -1 -1 -1 -1 -1 -1 -1 -1 -1 -1 -1 -1 -1 -1 -1 -1 -1 -1 -1 -1 -1 -1 -1 -1 -1 -1 -1 -1 -1 -1 -1 -1 -1 -1 -1 -1 -1 -1 -1 -1 -1 -1 -1 -1 -1 -1 -1 -1 -1 -1 -1 -1 -1 -1 -1 -1 -1 -1 -1 -1 -1 -1 -1 -1 -1 -1 -1 -1 -1 -1 -1 -1 95 95 101 107 107 110 112 -6 -6 0 47 47 19 4 0 0 0 0 0 15 8 8 0 0 0 0 0 0 0 1 0 0 0 0 0 0 0 0 0 32 87 95 95 87 -4 -4 -13 -18 -18 -18 -18 -18 -18 -20 -20 -20 -21 -22 -22 -22 -23 -25 -25 -25 -25 -25 -25 -26 -28 -28 -30 -32 -34 -34 -34 -34 -34 -34 -32 -32 -32 -32 -32 -32 -31 -30 -30 -26 -26 -25 -25 -25 -23 -23 -23 -22 -22 -22 -21 -21 -21 -21 -20 -20 -20 -20 -18 -18 -18 -17 -17 -16 -16 -16 -14 -13 -13 -13 -13 -12 -12 -13 -13 -13 -13 -13 -13 -13 -12 -12 -12 -12 -13 -13 -13 -13 -13 -13 -13 -13 -13 -13 -13 -13 -13 -13 -13 -13 -13 -13 -13 -13 -13 -13 -13 -12 -12 -12 -12 -11 -11 -11 -11 -11 -11 -11 -11 -11 -11 -11 -11 -11 -12 -12 -12 -12 -12 -12 -12 -12 -12 -12 -12 -12 -12 -12 -12 -12 -12 -12 -12 -12 -12 -12 -12 -12 -12 -12 -12 -12 -12 -12 -12 -12 -13 -13 -13 -13 -13 -13 -13 -13 -13 -13 -13 -13 -13
-1 -1 -1 -1 -1 -1 -1 -1 -1 -1 -1 -1 -1 -1 -1 -1 -1 -1 -1 -1 91 95 95 102 113 113 108 13 0 0 0 0 0 35 42 42 32 18 4 4 8 13 13 0 0 0 0 0 0 0 0 0 0 0 0 0 0 0 0 0 0 0 0 0 0 0 0 0 0 8 8 25 35 35 31 25 25 27 27 30 30 26 21 21 29 38 39 39 32 29 29 25 22 22 16 4 0 0 0 0 0 2 6 3 3 0 0 0 0 0 0 0 0 0 0 0 0 0 0 0 0 0 0 0 0 0 0 0 0 0 0 0 0 0 0 9 26 33 33 30 12 12 0 0 0 0 0 0 0 0 0 0 0 2 7 7 4 0 0 0 0 0 0 0 0 0 0 0 0 0 0 0 0 3 16 16 39 43 0 0 4 -78 -78 -75 -44 -98 -98 41 105 105 111 110 110 107 106 107 107 105 100 100 95 97 96 96 94 93 93 -1 -1 -1 -1 -1 -1 -1 -1 -1 -1 -1 -1 -1 -1 -1 -1 -1 -1 -1 -1 -1 -1 -1 -1 -1 -1 -1 -1 -1 -1 -1 -1 -1 -1 -1 -1 -1 -1 -1 -1 -1 -1 -1 -1 -1 -1 -1 -1 -1 -1 -1 -1 -1 -1 -1 -1 -1 -1 -1 -1 -1 -1 -1 -1 -1 -1 -1 -1 -1 -1 -1 -1 -1 -1 -1 -1 -1 -1 -1 -1 -1 -1 -1 -1 -1 -1 -1 -1 -1 -1 97 97 104 107 108 108 112 0 0 21 32 32 33 16 13 13 7 9 9 0 0 0 0 0 0 0 0 2 2 4 0 0 0 0 0 0 0 53 93 93 94 83 83 -8 -17 -17 -20 -21 -22 -22 -21 -22 -22 -22 -22 -23 -23 -25 -26 -26 -26 -26 -27 -27 -27 -28 -28 -30 -32 -32 -34 -34 -34 -34 -34 -32 -32 -31 -31 -31 -31 -30 -28 -28 -26 -23 -23 -23 -22 -22 -22 -21 -20 -20 -20 -20 -18 -18 -18 -17 -17 -17 -17 -17 -16 -16 -16 -16 -14 -14 -14 -13 -13 -12 -12 -12 -12 -12 -12 -13 -13 -13 -12 -12 -12 -12 -12 -12 -12 -12 -13 -13 -13 -13 -13 -13 -13 -13 -13 -13 -13 -13 -13 -13 -13 -13 -13 -13 -13 -13 -13 -13 -13 -12 -12 -12 -12 -11 -11 -11 -11 -11 -11 -11 -11 -11 -11 -11 -11 -11 -11 -12 -12 -12 -12 -12 -12 -12 -12 -12 -12 -12 -12 -12 -12 -12 -12 -12 -12 -12 -12 -12 -12 -12 -12 -12 -12 -12 -12 -12 -12 -12 -12 -12 -12 -13 -13 -13 -13 -13 -13 -13 -13 -13 -13
-1 -1 -1 -1 -1 -1 -1 -1 -1 -1 -1 -1 -1 -1 -1 -1 -1 -1 -1 91 91 95 102 102 113 108 108 13 0 0 0 0 35 35 42 32 18 18 4 8 8 13 0 0 0 0 0 0 0 0 0 0 0 0 0 0 0 0 0 0 0 0 0 0 0 0 0 0 0 8 25 25 35 31 31 25 27 27 27 30 26 26 21 29 29 38 39 32 32 29 25 25 22 16 4 4 0 0 0 0 2 2 6 3 0 0 0 0 0 0 0 0 0 0 0 0 0 0 0 0 0 0 0 0 0 0 0 0 0 0 0 0 0 0 9 26 26 33 30 30 12 0 0 0 0 0 0 0 0 0 0 0 2 2 7 4 4 0 0 0 0 0 0 0 0 0 0 0 0 0 0 0 3 3 16 39 43 43 0 4 4 -78 -75 -75 -44 -98 41 41 105 111 111 110 107 106 106 107 105 105 100 95 95 97 96 94 94 93 -1 -1 -1 -1 -1 -1 -1 -1 -1 -1 -1 -1 -1 -1 -1 -1 -1 -1 -1 -1 -1 -1 -1 -1 -1 -1 -1 -1 -1 -1 -1 -1 -1 -1 -1 -1 -1 -1 -1 -1 -1 -1 -1 -1 -1 -1 -1 -1 -1 -1 -1 -1 -1 -1 -1 -1 -1 -1 -1 -1 -1 -1 -1 -1 -1 -1 -1 -1 -1 -1 -1 -1 -1 -1 -1 -1 -1 -1 -1 -1 -1 -1 -1 -1 -1 -1 -1 -1 -1 -1 -1 97 104 104 107 108 112 112 0 21 21 32 33 16 16 13 7 7 9 0 0 0 0 0 0 0 0 0 2 4 0 0 0 0 0 0 0 0 53 93 94 94 83 -8 -8 -17 -20 -21 -21 -22 -21 -21 -22 -22 -22 -22 -23 -25 -25 -26 -26 -26 -26 -27 -27 -27 -28 -30 -30 -32 -34 -34 -34 -34 -34 -34 -32 -31 -31 -31 -31 -30 -30 -28 -26 -26 -23 -23 -22 -22 -22 -21 -21 -20 -20 -20 -20 -18 -18 -18 -17 -17 -17 -17 -16 -16 -16 -16 -14 -14 -14 -13 -13 -13 -12 -12 -12 -12 -12 -12 -13 -13 -12 -12 -12 -12 -12 -12 -12 -12 -12 -13 -13 -13 -13 -13 -13 -13 -13 -13 -13 -13 -13 -13 -13 -13 -13 -13 -13 -13 -13 -13 -13 -13 -12 -12 -12 -12 -11 -11 -11 -11 -11 -11 -11 -11 -11 -11 -11 -11 -11 -11 -12 -12 -12 -12 -12 -12 -12 -12 -12 -12 -12 -12 -12 -12 -12 -12 -12 -12 -12 -12 -12 -12 -12 -12 -12 -12 -12 -12 -12 -12 -12 -12 -12 -12 -13 -13 -13 -13 -13 -13 -13 -13 -13 -13
-1 -1 -1 -1 -1 -1 -1 -1 -1 -1 -1 -1 -1 -1 -1 -1 -1 -1 -1 -1 90 -1 -1 102 110 110 116 113 113 113 -47 6 6 43 35 35 21 12 0 0 3 9 9 9 7 1 1 0 0 0 0 0 0 0 0 0 0 0 0 0 0 0 0 0 0 0 0 2 7 14 14 19 19 19 19 18 18 25 21 20 20 16 9 9 18 30 32 32 27 26 26 26 26 26 21 12 7 7 6 0 0 2 4 4 4 4 1 1 0 0 0 0 0 0 0 0 0 0 0 0 0 0 0 0 0 0 0 0 0 1 2 2 2 6 6 15 27 31 31 20 0 0 0 0 0 0 0 0 0 0 0 0 0 0 0 0 0 0 0 0 0 0 0 0 0 0 0 0 0 0 0 12 12 25 26 26 49 0 -1 -1 -1 -16 -16 -77 -101 0 0 114 105 105 108 105 105 102 100 96 96 -1 -1 -1 -1 -1 -1 -1 -1 -1 -1 -1 -1 -1 -1 -1 -1 -1 -1 -1 -1 -1 -1 -1 -1 -1 -1 -1 -1 -1 -1 -1 -1 -1 -1 -1 -1 -1 -1 -1 -1 -1 -1 -1 -1 -1 -1 -1 -1 -1 -1 -1 -1 -1 -1 -1 -1 -1 -1 -1 -1 -1 -1 -1 -1 -1 -1 -1 -1 -1 -1 -1 -1 -1 -1 -1 -1 -1 -1 -1 -1 -1 -1 -1 -1 -1 -1 -1 -1 -1 -1 -1 -1 -1 -1 -1 -1 -1 -1 -1 -1 93 93 97 101 106 106 112 77 77 -111 14 14 47 37 18 18 3 0 0 0 0 0 0 0 0 0 2 8 8 9 0 0 0 0 0 0 10 74 94 94 90 -1 -1 -11 -20 -20 -23 -23 -22 -22 -22 -23 -23 -23 -25 -25 -25 -26 -27 -27 -27 -27 -26 -26 -27 -28 -28 -31 -31 -31 -32 -32 -32 -32 -32 -31 -31 -28 -28 -27 -27 -26 -25 -25 -23 -21 -21 -20 -20 -18 -18 -17 -17 -17 -16 -16 -16 -16 -16 -16 -16 -14 -14 -14 -14 -13 -13 -13 -13 -13 -13 -13 -13 -12 -12 -12 -12 -12 -12 -12 -12 -12 -12 -12 -12 -12 -12 -12 -11 -11 -12 -12 -12 -12 -12 -12 -12 -12 -12 -12 -12 -12 -12 -12 -12 -12 -12 -12 -12 -12 -12 -12 -12 -12 -12 -12 -12 -11 -11 -11 -11 -11 -11 -11 -11 -11 -11 -11 -11 -11 -11 -11 -11 -11 -11 -11 -12 -12 -12 -12 -12 -12 -12 -12 -12 -12 -12 -12 -12 -12 -12 -12 -12 -12 -12 -12 -12 -12 -12 -12 -12 -12 -12 -12 -12 -12 -12 -12 -12 -12 -13 -13 -13 -13 -13
-1 -1 -1 -1 -1 -1 -1 -1 -1 -1 -1 -1 -1 -1 -1 -1 -1 -1 -1 89 89 101 106 106 118 114 114 118 111 -45 -45 10 39 39 24 6 0 0 0 0 0 6 16 16 16 9 1 1 0 0 0 0 0 0 0 0 0 0 0 0 0 0 0 0 0 10 14 14 18 14 9 9 6 6 6 10 12 10 10 12 8 8 1 6 6 18 18 16 16 18 22 22 27 29 22 22 14 10 10 12 9 9 14 15 9 9 0 0 0 0 0 0 0 0 0 0 0 0 0 0 0 0 0 0 0 0 0 0 2 2 9 12 12 14 20 26 26 25 8 8 0 0 0 0 0 0 0 0 0 0 0 0 0 0 0 0 0 0 0 0 0 0 0 0 0 0 0 0 0 7 7 39 41 41 53 6 -50 -50 112 111 111 101 54 54 27 102 116 116 108 112 112 107 102 95 95 -1 -1 -1 -1 -1 -1 -1 -1 -1 -1 -1 -1 -1 -1 -1 -1 -1 -1 -1 -1 -1 -1 -1 -1 -1 -1 -1 -1 -1 -1 -1 -1 -1 -1 -1 -1 -1 -1 -1 -1 -1 -1 -1 -1 -1 -1 -1 -1 -1 -1 -1 -1 -1 -1 -1 -1 -1 -1 -1 -1 -1 -1 -1 -1 -1 -1 -1 -1 -1 -1 -1 -1 -1 -1 -1 -1 -1 -1 -1 -1 -1 -1 -1 -1 -1 -2 -2 -2 -1 -1 -1 -1 -1 -1 -1 -1 -1 -1 -1 -1 -1 -1 -1 93 93 97 101 111 111 110 9 9 12 38 42 42 20 9 9 0 0 0 0 0 0 0 4 10 10 13 6 0 0 0 0 0 0 20 20 84 94 88 88 -2 -14 -14 -23 -26 -25 -25 -25 -23 -23 -25 -25 -25 -25 -26 -26 -26 -27 -27 -27 -27 -26 -27 -27 -30 -30 -30 -31 -31 -31 -31 -30 -27 -27 -26 -25 -25 -23 -22 -22 -22 -20 -18 -18 -17 -17 -16 -16 -16 -14 -14 -14 -14 -14 -13 -14 -14 -14 -14 -14 -14 -13 -13 -13 -13 -13 -13 -13 -13 -13 -13 -13 -13 -13 -13 -13 -13 -13 -12 -12 -11 -11 -11 -11 -11 -11 -11 -11 -11 -11 -11 -11 -11 -11 -11 -11 -11 -11 -11 -11 -11 -11 -11 -11 -11 -11 -11 -11 -11 -11 -11 -11 -11 -11 -11 -11 -9 -9 -9 -9 -9 -9 -9 -11 -11 -11 -11 -11 -11 -11 -11 -11 -11 -11 -12 -12 -12 -12 -12 -12 -12 -12 -12 -12 -12 -11 -11 -11 -11 -11 -11 -11 -11 -11 -11 -11 -11 -12 -12 -12 -12 -12 -12 -12 -12 -12 -12 -12 -13 -13 -13 -13 -13 -13
-1 -1 -1 -1 -1 -1 -1 -1 -1 -1 -1 -1 -1 -1 -1 -1 -1 -1 -1 -1 89 101 101 106 118 118 114 118 111 111 -45 10 10 39 24 24 6 0 0 0 0 6 6 16 16 9 9 1 0 0 0 0 0 0 0 0 0 0 0 0 0 0 0 0 0 10 10 14 18 14 14 9 6 6 6 10 10 12 10 12 12 8 1 1 6 18 18 18 16 18 18 22 27 27 29 22 14 14 10 12 12 9 14 15 15 9 0 0 0 0 0 0 0 0 0 0 0 0 0 0 0 0 0 0 0 0 0 0 0 2 9 9 12 14 14 20 26 25 25 8 0 0 0 0 0 0 0 0 0 0 0 0 0 0 0 0 0 0 0 0 0 0 0 0 0 0 0 0 0 0 7 39 39 41 53 53 6 -50 112 112 111 101 101 54 27 102 102 116 108 108 112 107 107 102 95 -1 -1 -1 -1 -1 -1 -1 -1 -1 -1 -1 -1 -1 -1 -1 -1 -1 -1 -1 -1 -1 -1 -1 -1 -1 -1 -1 -1 -1 -1 -1 -1 -1 -1 -1 -1 -1 -1 -1 -1 -1 -1 -1 -1 -1 -1 -1 -1 -1 -1 -1 -1 -1 -1 -1 -1 -1 -1 -1 -1 -1 -1 -1 -1 -1 -1 -1 -1 -1 -1 -1 -1 -1 -1 -1 -1 -1 -1 -1 -1 -1 -1 -1 -1 -1 -2 -2 -2 -1 -1 -1 -1 -1 -1 -1 -1 -1 -1 -1 -1 -1 -1 -1 -1 93 97 101 101 111 110 110 9 12 12 38 42 20 20 9 0 0 0 0 0 0 0 4 4 10 13 13 6 0 0 0 0 0 0 20 84 94 94 88 -2 -2 -14 -23 -23 -26 -25 -25 -25 -23 -25 -25 -25 -25 -26 -26 -26 -27 -27 -27 -27 -26 -26 -27 -30 -30 -30 -31 -31 -31 -31 -30 -30 -27 -26 -26 -25 -23 -22 -22 -22 -20 -20 -18 -17 -17 -17 -16 -16 -16 -14 -14 -14 -14 -13 -14 -14 -14 -14 -14 -14 -13 -13 -13 -13 -13 -13 -13 -13 -13 -13 -13 -13 -13 -13 -13 -13 -13 -12 -12 -12 -11 -11 -11 -11 -11 -11 -11 -11 -11 -11 -11 -11 -11 -11 -11 -11 -11 -11 -11 -11 -11 -11 -11 -11 -11 -11 -11 -11 -11 -11 -11 -11 -11 -11 -11 -9 -9 -9 -9 -9 -9 -9 -11 -11 -11 -11 -11 -11 -11 -11 -11 -11 -11 -11 -12 -12 -12 -12 -12 -12 -12 -12 -12 -12 -12 -11 -11 -11 -11 -11 -11 -11 -11 -11 -11 -11 -12 -12 -12 -12 -12 -12 -12 -12 -12 -12 -12 -12 -13 -13 -13 -13 -13
-1 -1 -1 -1 -1 -1 -1 -1 -1 -1 -1 -1 -1 -1 -1 -1 -1 -1 -1 95 95 97 107 107 114 110 110 108 94 -51 -51 9 31 31 20 0 0 0 0 0 0 6 8 8 10 10 3 3 0 0 0 0 0 0 0 0 0 0 0 0 0 0 2 3 3 9 10 10 8 6 1 1 0 0 0 0 1 0 0 1 0 0 0 3 3 13 15 10 10 8 7 7 12 19 22 22 19 14 14 8 6 6 13 13 0 0 0 0 0 0 0 0 0 0 0 0 0 0 0 0 0 0 0 0 0 0 0 0 0 0 8 15 15 21 22 20 20 10 0 0 0 0 0 0 0 0 0 0 0 0 0 0 0 0 0 0 0 0 0 0 0 0 0 0 0 0 0 0 0 12 12 14 35 35 0 22 106 106 120 119 119 116 114 114 114 113 112 112 116 97 97 95 91 -1 -1 -1 -1 -1 -1 -1 -1 -1 -1 -1 -1 -1 -1 -1 -1 -1 -1 -1 -1 -1 -1 -1 -1 -1 -1 -1 -1 -1 -1 -1 -1 -1 -1 -1 -1 -1 -1 -1 -1 -1 -1 -1 -1 -1 -1 -1 -1 -1 -1 -1 -1 -1 -1 -1 -1 -1 -1 -1 -1 -1 -1 -1 -1 -1 -1 -1 -1 -1 -1 -1 -1 -1 -1 -1 -1 -1 -1 -1 -1 -1 -1 -1 -2 -2 -2 -2 -3 -3 -3 -3 -2 -1 -1 -1 -1 -1 -1 -1 -1 -1 -1 -1 -1 -1 -1 -1 -1 95 101 101 108 94 94 33 14 37 37 27 27 27 4 1 1 1 4 10 10 14 13 13 13 0 0 0 0 0 0 0 30 30 89 96 85 85 -3 -17 -17 -25 -26 -26 -26 -26 -25 -25 -26 -26 -26 -26 -27 -27 -27 -27 -27 -27 -28 -28 -28 -28 -30 -30 -30 -30 -30 -30 -30 -27 -25 -25 -22 -21 -21 -20 -20 -18 -18 -17 -16 -16 -14 -14 -14 -14 -14 -13 -13 -13 -13 -13 -13 -13 -13 -13 -13 -13 -13 -13 -13 -13 -13 -12 -13 -13 -14 -14 -14 -14 -14 -14 -14 -14 -13 -13 -11 -11 -11 -11 -11 -11 -11 -11 -9 -9 -9 -11 -11 -11 -11 -11 -11 -11 -11 -11 -11 -11 -9 -9 -9 -9 -9 -9 -9 -9 -9 -9 -9 -9 -11 -11 -11 -11 -9 -9 -9 -9 -9 -9 -9 -9 -9 -9 -9 -11 -11 -11 -11 -11 -11 -11 -11 -11 -11 -11 -11 -11 -11 -11 -11 -11 -11 -11 -11 -11 -11 -11 -11 -11 -11 -11 -11 -11 -11 -11 -11 -11 -11 -12 -12 -12 -12 -12 -12 -12 -12 -12 -12 -12 -12 -12
-1 -1 -1 -1 -1 -1 -1 -1 -1 -1 -1 -1 -1 -1 -1 -1 -1 -1 -1 -1 95 97 97 107 114 114 110 108 94 94 -51 9 9 31 20 20 0 0 0 0 0 6 6 8 10 10 10 3 0 0 0 0 0 0 0 0 0 0 0 0 0 0 2 2 3 9 9 10 8 6 6 1 0 0 0 0 0 1 0 1 1 0 0 0 3 13 15 15 10 8 8 7 12 12 19 22 19 19 14 8 8 6 13 13 13 0 0 0 0 0 0 0 0 0 0 0 0 0 0 0 0 0 0 0 0 0 0 0 0 0 8 8 15 21 21 22 20 10 10 0 0 0 0 0 0 0 0 0 0 0 0 0 0 0 0 0 0 0 0 0 0 0 0 0 0 0 0 0 0 0 12 14 14 35 0 0 22 106 120 120 119 116 116 114 114 113 113 112 116 116 97 95 95 91 -1 -1 -1 -1 -1 -1 -1 -1 -1 -1 -1 -1 -1 -1 -1 -1 -1 -1 -1 -1 -1 -1 -1 -1 -1 -1 -1 -1 -1 -1 -1 -1 -1 -1 -1 -1 -1 -1 -1 -1 -1 -1 -1 -1 -1 -1 -1 -1 -1 -1 -1 -1 -1 -1 -1 -1 -1 -1 -1 -1 -1 -1 -1 -1 -1 -1 -1 -1 -1 -1 -1 -1 -1 -1 -1 -1 -1 -1 -1 -1 -1 -1 -2 -2 -2 -2 -3 -3 -3 -3 -3 -2 -1 -1 -1 -1 -1 -1 -1 -1 -1 -1 -1 -1 -1 -1 -1 95 95 101 108 108 94 33 33 14 37 27 27 27 4 4 1 1 4 4 10 14 14 13 13 13 0 0 0 0 0 0 0 30 89 96 96 85 -3 -3 -17 -25 -25 -26 -26 -26 -26 -25 -26 -26 -26 -26 -27 -27 -27 -27 -27 -27 -28 -28 -28 -28 -30 -30 -30 -30 -30 -30 -30 -27 -27 -25 -22 -22 -21 -20 -20 -20 -18 -17 -17 -16 -14 -14 -14 -14 -14 -14 -13 -13 -13 -13 -13 -13 -13 -13 -13 -13 -13 -13 -13 -13 -13 -12 -12 -13 -14 -14 -14 -14 -14 -14 -14 -14 -14 -13 -11 -11 -11 -11 -11 -11 -11 -11 -11 -9 -9 -11 -11 -11 -11 -11 -11 -11 -11 -11 -11 -11 -11 -9 -9 -9 -9 -9 -9 -9 -9 -9 -9 -9 -11 -11 -11 -11 -9 -9 -9 -9 -9 -9 -9 -9 -9 -9 -9 -9 -11 -11 -11 -11 -11 -11 -11 -11 -11 -11 -11 -11 -11 -11 -11 -11 -11 -11 -11 -11 -11 -11 -11 -11 -11 -11 -11 -11 -11 -11 -11 -11 -11 -11 -12 -12 -12 -12 -12 -12 -12 -12 -12 -12 -12 -12
-1 -1 -1 -1 -1 -1 -1 -1 -1 -1 -1 -1 -1 -1 -1 -1 -1 -1 -1 97 97 101 112 112 114 108 108 47 4 -83 -83 31 21 21 8 0 0 0 0 0 0 0 0 0 0 1 2 2 3 4 4 3 2 0 0 0 0 0 0 0 0 0 2 0 0 0 0 0 0 0 0 0 0 0 0 0 0 0 0 0 0 0 0 0 0 8 12 3 3 0 0 0 0 3 15 15 18 15 15 8 7 7 14 10 0 0 0 0 0 0 0 0 0 0 0 0 0 0 0 0 0 0 0 0 0 0 0 0 0 0 0 9 9 18 12 1 1 0 0 0 0 0 0 0 0 0 0 0 0 0 0 0 0 0 0 0 0 0 0 0 0 0 0 0 0 2 2 6 0 4 4 0 0 0 18 110 114 114 117 113 113 118 113 113 113 113 112 112 101 99 99 -1 -1 -1 -1 -1 -1 -1 -1 -1 -1 -1 -1 -1 -1 -1 -1 -1 -1 -1 -1 -1 -1 -1 -1 -1 -1 -1 -1 -1 -1 -1 -1 -1 -1 -1 -1 -1 -1 -1 -1 -1 -1 -1 -1 -1 -1 -1 -1 -1 -1 -1 -1 -1 -1 -1 -1 -1 -1 -1 -1 -1 -1 -1 -1 -1 -1 -1 -1 -1 -1 -1 -1 -1 -1 -1 -1 -1 -1 -1 -1 -1 -1 -1 -3 -3 -3 -3 -3 -3 -7 -4 -4 -3 -3 -1 -1 -1 -1 -1 -1 -1 -1 -1 -1 -1 -1 -1 -1 -1 -1 -1 100 100 107 112 112 62 8 19 19 38 44 44 18 8 8 6 9 15 15 14 7 7 0 0 0 0 1 0 0 2 47 47 93 95 84 84 -6 -17 -17 -25 -26 -26 -26 -26 -26 -26 -25 -25 -25 -25 -26 -26 -26 -26 -26 -26 -26 -26 -26 -26 -27 -28 -28 -27 -27 -25 -25 -25 -21 -21 -20 -17 -17 -16 -16 -16 -16 -14 -13 -13 -13 -13 -13 -13 -13 -13 -13 -13 -13 -13 -13 -12 -12 -12 -12 -12 -12 -12 -12 -12 -12 -12 -12 -12 -13 -13 -13 -13 -13 -13 -13 -12 -12 -12 -11 -11 -11 -11 -9 -9 -9 -9 -9 -9 -9 -9 -9 -9 -9 -9 -9 -9 -9 -9 -9 -9 -9 -9 -9 -9 -9 -9 -9 -9 -9 -9 -9 -9 -11 -11 -11 -11 -9 -9 -9 -9 -9 -9 -9 -9 -9 -9 -9 -9 -9 -11 -11 -11 -11 -11 -11 -11 -11 -11 -11 -11 -11 -11 -11 -11 -11 -11 -11 -11 -11 -11 -11 -11 -11 -11 -11 -11 -11 -11 -11 -11 -11 -11 -11 -11 -12 -12 -12 -12 -12 -12 -12 -12 -12 -12
-1 -1 -1 -1 -1 -1 -1 -1 -1 -1 -1 -1 -1 -1 -1 -1 -1 -1 -1 -1 104 102 102 108 95 95 0 -72 -40 -40 53 31 31 9 0 0 0 0 0 0 0 0 0 0 0 0 0 1 9 9 14 19 19 19 0 0 0 2 6 6 2 0 0 0 0 0 0 0 0 0 0 0 0 0 0 0 0 0 0 0 0 0 0 0 0 0 0 0 0 0 0 0 0 0 2 12 13 13 10 4 4 3 8 3 3 0 0 0 0 0 0 0 0 0 0 0 0 0 0 0 0 0 0 0 0 0 0 0 0 0 0 0 6 10 10 0 0 0 0 0 0 0 0 0 0 0 0 0 0 0 0 0 0 0 0 0 0 0 0 0 0 0 0 6 19 19 25 18 18 10 0 0 0 0 100 100 112 123 111 111 116 110 110 107 101 104 104 93 95 95 -1 -1 -1 -1 -1 -1 -1 -1 -1 -1 -1 -1 -1 -1 -1 -1 -1 -1 -1 -1 -1 -1 -1 -1 -1 -1 -1 -1 -1 -1 -1 -1 -1 -1 -1 -1 -1 -1 -1 -1 -1 -1 -1 -1 -1 -1 -1 -1 -1 -1 -1 -1 -1 -1 -1 -1 -1 -1 -1 -1 -1 -1 -1 -1 -1 -1 -1 -1 -1 -1 -1 -1 -1 -1 -1 -1 -2 -2 -2 -1 -1 -1 -1 -3 -3 -3 -3 -3 -3 -4 -7 -7 -7 -4 -4 -3 -1 -1 -1 -1 -1 -1 -1 -1 -1 -1 -1 -1 -1 -1 -1 -1 -1 -1 107 107 112 114 114 -37 -84 47 47 64 30 30 19 9 12 12 14 10 10 0 0 0 0 0 13 13 8 18 18 65 96 90 90 -1 -7 -7 -18 -25 -25 -26 -26 -26 -26 -26 -25 -25 -25 -25 -25 -25 -25 -25 -25 -25 -25 -23 -23 -23 -25 -25 -25 -25 -25 -22 -21 -21 -21 -18 -17 -17 -14 -14 -14 -14 -14 -13 -13 -13 -13 -13 -13 -13 -13 -13 -14 -14 -14 -14 -14 -13 -13 -12 -12 -12 -12 -12 -12 -12 -12 -12 -12 -12 -12 -12 -12 -12 -12 -12 -12 -11 -11 -11 -9 -9 -9 -9 -9 -9 -9 -9 -9 -9 -9 -9 -9 -9 -9 -9 -9 -9 -9 -9 -9 -9 -9 -9 -9 -9 -9 -9 -9 -9 -9 -9 -9 -9 -11 -11 -11 -11 -9 -9 -9 -9 -9 -9 -9 -9 -9 -9 -9 -9 -9 -9 -11 -11 -11 -11 -11 -9 -9 -9 -9 -9 -9 -9 -9 -9 -9 -9 -11 -11 -11 -11 -11 -11 -11 -11 -11 -11 -11 -11 -11 -11 -11 -11 -11 -11 -12 -12 -12 -12 -12 -11 -11 -11 -11 -11
-1 -1 -1 -1 -1 -1 -1 -1 -1 -1 -1 -1 -1 -1 -1 -1 -1 -1 -1 104 104 102 108 108 95 0 0 -72 -40 53 53 31 9 9 0 0 0 0 0 0 0 0 0 0 0 0 1 1 9 14 14 19 19 0 0 0 2 2 6 2 0 0 0 0 0 0 0 0 0 0 0 0 0 0 0 0 0 0 0 0 0 0 0 0 0 0 0 0 0 0 0 0 0 2 12 12 13 10 10 4 3 3 8 3 0 0 0 0 0 0 0 0 0 0 0 0 0 0 0 0 0 0 0 0 0 0 0 0 0 0 0 6 6 10 0 0 0 0 0 0 0 0 0 0 0 0 0 0 0 0 0 0 0 0 0 0 0 0 0 0 0 0 6 6 19 25 25 18 10 0 0 0 0 0 100 112 123 123 111 116 116 110 107 107 101 104 93 93 95 -1 -1 -1 -1 -1 -1 -1 -1 -1 -1 -1 -1 -1 -1 -1 -1 -1 -1 -1 -1 -1 -1 -1 -1 -1 -1 -1 -1 -1 -1 -1 -1 -1 -1 -1 -1 -1 -1 -1 -1 -1 -1 -1 -1 -1 -1 -1 -1 -1 -1 -1 -1 -1 -1 -1 -1 -1 -1 -1 -1 -1 -1 -1 -1 -1 -1 -1 -1 -1 -1 -1 -1 -1 -1 -1 -1 -1 -2 -2 -1 -1 -1 -1 -1 -3 -3 -3 -3 -3 -4 -4 -7 -7 -7 -4 -3 -1 -1 -1 -1 -1 -1 -1 -1 -1 -1 -1 -1 -1 -1 -1 -1 -1 -1 -1 107 112 112 114 -37 -84 -84 47 64 64 30 19 19 9 12 14 14 10 0 0 0 0 0 0 13 8 8 18 65 65 96 90 -1 -1 -7 -18 -18 -25 -26 -26 -26 -26 -26 -26 -25 -25 -25 -25 -25 -25 -25 -25 -25 -25 -25 -23 -23 -23 -25 -25 -25 -25 -22 -21 -21 -21 -18 -18 -17 -14 -14 -14 -14 -14 -14 -13 -13 -13 -13 -13 -13 -13 -13 -14 -14 -14 -14 -14 -14 -13 -12 -12 -12 -12 -12 -12 -12 -12 -12 -12 -12 -12 -12 -12 -12 -12 -12 -12 -12 -11 -11 -11 -9 -9 -9 -9 -9 -9 -9 -9 -9 -9 -9 -9 -9 -9 -9 -9 -9 -9 -9 -9 -9 -9 -9 -9 -9 -9 -9 -9 -9 -9 -9 -9 -9 -9 -11 -11 -11 -11 -9 -9 -9 -9 -9 -9 -9 -9 -9 -9 -9 -9 -9 -9 -11 -11 -11 -11 -9 -9 -9 -9 -9 -9 -9 -9 -9 -9 -9 -11 -11 -11 -11 -11 -11 -11 -11 -11 -11 -11 -11 -11 -11 -11 -11 -11 -11 -11 -12 -12 -12 -12 -11 -11 -11 -11 -11 -11
-1 -1 -1 -1 -1 -1 -1 -1 -1 -1 -1 -1 -1 -1 -1 -1 -1 -1 -1 -1 107 106 106 104 27 27 37 70 64 64 44 27 27 8 6 6 2 0 0 0 0 0 0 0 0 0 0 2 0 0 14 14 14 24 9 4 4 0 1 1 0 0 0 0 0 0 0 0 0 0 0 0 0 0 0 0 0 0 0 0 0 0 0 0 0 0 0 0 0 0 0 0 0 0 9 24 30 30 25 20 20 14 10 8 8 3 0 0 0 1 1 0 0 0 0 0 0 0 0 0 0 0 0 0 0 0 0 0 0 0 3 3 13 15 15 3 0 0 0 0 0 0 0 0 0 0 0 0 0 0 0 0 0 0 0 0 0 0 0 0 0 0 0 12 29 29 38 39 39 36 33 0 0 -111 110 110 112 111 111 111 107 101 101 96 95 94 94 -1 -1 -1 -1 -1 -1 -1 -1 -1 -1 -1 -1 -1 -1 -1 -1 -1 -1 -1 -1 -1 -1 -1 -1 -1 -1 -1 -1 -1 -1 -1 -1 -1 -1 -1 -1 -1 -1 -1 -1 -1 -1 -1 -1 -1 -1 -1 -1 -1 -1 -1 -1 -1 -1 -1 -1 -1 -1 -1 -1 -1 -1 -1 -1 -1 -1 -1 -1 -1 -1 -1 -1 -1 -1 -1 -1 -2 -2 -2 -2 -2 -1 -2 -2 -2 -3 -3 -3 -4 -4 -6 -6 -6 -7 -7 -6 -3 -3 -1 -1 -1 -1 -1 -1 -1 -1 -1 -1 -1 -1 -1 -1 -1 -1 -1 -1 89 100 100 102 111 111 96 31 3 3 50 45 45 26 22 19 19 13 3 3 0 0 0 0 10 29 29 2 22 22 83 93 96 96 -2 -13 -13 -21 -22 -22 -26 -25 -22 -22 -23 -22 -22 -21 -21 -21 -21 -21 -21 -21 -21 -21 -21 -21 -21 -20 -20 -20 -18 -18 -18 -17 -17 -17 -16 -14 -14 -14 -14 -13 -13 -14 -13 -13 -13 -13 -13 -13 -13 -13 -13 -13 -13 -13 -13 -13 -12 -12 -12 -11 -11 -11 -11 -11 -9 -9 -9 -9 -9 -9 -9 -9 -9 -9 -9 -9 -9 -9 -9 -9 -9 -9 -9 -9 -9 -9 -9 -9 -9 -9 -9 -9 -9 -9 -9 -9 -9 -9 -9 -9 -9 -9 -9 -9 -9 -9 -9 -9 -9 -9 -9 -9 -9 -9 -9 -9 -9 -9 -9 -9 -9 -9 -9 -9 -9 -9 -9 -9 -9 -9 -11 -11 -11 -11 -11 -11 -11 -11 -9 -9 -9 -11 -11 -11 -12 -12 -12 -11 -11 -11 -11 -11 -11 -11 -11 -11 -11 -11 -12 -12 -12 -12 -12 -12 -12 -12 -12 -12 -12 -12 -12 -12 -11 -11 -9
-1 -1 -1 -1 -1 -1 -1 -1 -1 -1 -1 -1 -1 -1 -1 -1 -1 -1 -1 107 107 106 104 104 27 37 37 70 64 44 44 27 8 8 6 2 0 0 0 0 0 0 0 0 0 0 2 2 0 14 14 14 24 9 9 4 0 0 1 0 0 0 0 0 0 0 0 0 0 0 0 0 0 0 0 0 0 0 0 0 0 0 0 0 0 0 0 0 0 0 0 0 0 9 24 24 30 25 25 20 14 14 10 8 3 3 0 0 0 1 0 0 0 0 0 0 0 0 0 0 0 0 0 0 0 0 0 0 0 0 3 13 13 15 3 0 0 0 0 0 0 0 0 0 0 0 0 0 0 0 0 0 0 0 0 0 0 0 0 0 0 0 12 12 29 38 38 39 36 33 33 0 -111 -111 110 112 111 111 111 107 107 101 96 96 95 94 -1 -1 -1 -1 -1 -1 -1 -1 -1 -1 -1 -1 -1 -1 -1 -1 -1 -1 -1 -1 -1 -1 -1 -1 -1 -1 -1 -1 -1 -1 -1 -1 -1 -1 -1 -1 -1 -1 -1 -1 -1 -1 -1 -1 -1 -1 -1 -1 -1 -1 -1 -1 -1 -1 -1 -1 -1 -1 -1 -1 -1 -1 -1 -1 -1 -1 -1 -1 -1 -1 -1 -1 -1 -1 -1 -1 -1 -2 -2 -2 -2 -1 -2 -2 -2 -3 -3 -3 -4 -4 -4 -6 -6 -6 -7 -6 -6 -3 -1 -1 -1 -1 -1 -1 -1 -1 -1 -1 -1 -1 -1 -1 -1 -1 -1 -1 89 89 100 102 102 111 96 31 31 3 50 50 45 26 26 22 19 13 13 3 0 0 0 0 10 10 29 2 2 22 83 83 93 96 -2 -2 -13 -21 -21 -22 -26 -25 -25 -22 -23 -23 -22 -21 -21 -21 -21 -21 -21 -21 -21 -21 -21 -21 -21 -21 -20 -20 -20 -18 -18 -17 -17 -17 -16 -16 -14 -14 -14 -14 -13 -14 -14 -13 -13 -13 -13 -13 -13 -13 -13 -13 -13 -13 -13 -13 -13 -12 -12 -12 -11 -11 -11 -11 -9 -9 -9 -9 -9 -9 -9 -9 -9 -9 -9 -9 -9 -9 -9 -9 -9 -9 -9 -9 -9 -9 -9 -9 -9 -9 -9 -9 -9 -9 -9 -9 -9 -9 -9 -9 -9 -9 -9 -9 -9 -9 -9 -9 -9 -9 -9 -9 -9 -9 -9 -9 -9 -9 -9 -9 -9 -9 -9 -9 -9 -9 -9 -9 -9 -9 -9 -11 -11 -11 -11 -11 -11 -11 -11 -9 -9 -9 -11 -11 -11 -12 -12 -11 -11 -11 -11 -11 -11 -11 -11 -11 -11 -11 -11 -12 -12 -12 -12 -12 -12 -12 -12 -12 -12 -12 -12 -12 -12 -11 -9 -9
-1 -1 -1 -1 -1 -1 -1 -1 -1 -1 -1 -1 -1 -1 -1 -1 -1 -1 -1 -1 105 105 105 110 13 13 30 68 62 62 36 22 22 9 3 3 0 0 0 0 0 0 0 0 0 0 0 0 0 0 10 7 7 10 12 8 8 4 2 2 0 0 0 0 0 0 0 0 0 0 0 0 0 0 0 0 0 0 0 0 0 0 0 0 0 0 0 0 0 0 0 0 0 0 10 24 27 27 25 19 19 12 10 10 10 7 6 6 2 1 1 2 0 0 0 0 0 0 0 0 0 0 0 0 0 0 0 0 0 0 10 10 16 18 18 7 0 0 0 0 0 0 0 0 0 0 0 0 0 0 0 0 0 0 0 0 0 0 0 0 0 0 0 7 26 26 37 43 43 48 35 4 4 -98 105 105 122 107 108 108 104 96 96 93 91 -1 -1 -1 -1 -1 -1 -1 -1 -1 -1 -1 -1 -1 -1 -1 -1 -1 -1 -1 -1 -1 -1 -1 -1 -1 -1 -1 -1 -1 -1 -1 -1 -1 -1 -1 -1 -1 -1 -1 -1 -1 -1 -1 -1 -1 -1 -1 -1 -1 -1 -1 -1 -1 -1 -1 -1 -1 -1 -1 -1 -1 -1 -1 -1 -1 -1 -1 -1 -1 -1 -1 -2 -2 -2 -2 -3 -3 -3 -4 -4 -4 -3 -3 -3 -3 -3 -3 -3 -4 -4 -4 -4 -6 -6 -6 -7 -7 -6 -3 -3 -2 -1 -1 -1 -1 -1 -1 -1 -1 -1 -1 -1 -1 -1 -1 -1 -1 -1 -1 99 99 102 105 105 100 59 14 14 9 53 53 33 33 18 18 13 1 1 0 0 0 0 14 27 27 3 29 29 88 94 93 93 -3 -13 -13 -21 -22 -22 -26 -25 -22 -22 -23 -21 -21 -21 -21 -21 -21 -20 -20 -20 -20 -20 -20 -20 -20 -20 -20 -18 -18 -18 -17 -17 -16 -16 -14 -14 -14 -14 -13 -13 -13 -14 -13 -13 -13 -13 -13 -13 -13 -13 -13 -13 -13 -13 -13 -13 -12 -12 -11 -11 -11 -11 -11 -11 -9 -9 -9 -9 -9 -9 -9 -9 -9 -9 -9 -9 -9 -9 -9 -9 -9 -9 -9 -9 -9 -9 -9 -9 -9 -9 -9 -9 -9 -9 -9 -9 -9 -9 -9 -9 -9 -9 -9 -9 -9 -9 -9 -9 -9 -9 -9 -9 -9 -9 -9 -9 -9 -9 -9 -9 -9 -9 -9 -9 -9 -9 -9 -9 -9 -9 -11 -11 -11 -11 -11 -11 -11 -11 -11 -11 -11 -11 -11 -11 -12 -12 -12 -11 -11 -11 -11 -11 -11 -11 -11 -11 -11 -11 -12 -12 -12 -12 -12 -12 -12 -12 -12 -12 -12 -12 -12 -12 -11 -11 -9
-1 -1 -1 -1 -1 -1 -1 -1 -1 -1 -1 -1 -1 -1 -1 -1 -1 -1 -1 99 99 101 107 107 37 8 8 44 54 36 36 20 13 13 6 0 0 0 0 0 0 0 9 9 0 0 0 0 0 1 1 4 7 18 18 18 18 18 16 9 0 0 0 0 0 0 0 0 0 0 0 0 0 0 0 0 0 0 0 0 0 0 0 0 0 0 0 0 0 0 0 0 0 8 18 18 20 18 18 8 3 3 4 9 10 10 12 10 10 8 8 0 0 0 0 0 0 0 0 0 0 0 0 0 0 0 0 0 7 7 14 15 15 20 12 0 0 0 0 0 0 0 0 0 0 0 0 0 0 0 0 0 0 0 0 0 0 0 0 0 0 0 0 0 16 29 29 37 44 41 41 0 -105 -105 107 122 105 105 102 97 97 93 -1 -1 -1 -1 -1 -1 -1 -1 -1 -1 -1 -1 -1 -1 -1 -1 -1 -1 -1 -1 -1 -1 -1 -1 -1 -1 -1 -1 -1 -1 -1 -1 -1 -1 -1 -1 -1 -1 -1 -1 -1 -1 -1 -1 -1 -1 -1 -1 -1 -1 -1 -1 -1 -1 -1 -1 -1 -1 -1 -1 -1 -1 -1 -1 -1 -1 -1 -1 -1 -2 -2 -2 -2 -2 -3 -3 -3 -3 -4 -6 -6 -6 -6 -6 -4 -4 -3 -3 -4 -4 -4 -4 -4 -4 -6 -6 -6 -6 -7 -6 -6 -4 -2 -2 -2 -1 -1 -1 -1 -1 -1 -1 -1 -1 -1 -1 -1 -1 -1 -1 -1 -1 -1 96 96 101 104 87 87 43 1 1 31 49 49 20 18 9 9 0 0 0 3 4 16 16 25 6 6 37 94 94 95 90 -3 -3 -16 -22 -22 -23 -26 -25 -25 -22 -22 -22 -20 -20 -20 -20 -20 -18 -18 -18 -18 -18 -18 -18 -18 -18 -17 -17 -17 -16 -16 -16 -16 -14 -14 -14 -14 -13 -13 -13 -13 -13 -13 -13 -13 -13 -13 -13 -13 -13 -13 -13 -13 -12 -12 -12 -12 -11 -11 -11 -11 -11 -11 -11 -9 -9 -9 -9 -9 -9 -9 -9 -9 -9 -9 -9 -9 -9 -9 -9 -9 -9 -9 -9 -9 -9 -9 -9 -9 -9 -9 -9 -9 -9 -9 -9 -9 -9 -9 -9 -9 -9 -9 -9 -9 -9 -9 -9 -9 -9 -9 -9 -9 -9 -9 -9 -9 -9 -9 -9 -9 -9 -9 -9 -9 -9 -9 -9 -9 -9 -9 -11 -11 -11 -11 -11 -11 -11 -11 -11 -11 -11 -11 -11 -11 -11 -11 -11 -11 -11 -11 -11 -11 -11 -11 -11 -11 -11 -11 -12 -12 -12 -12 -12 -12 -12 -12 -12 -12 -12 -12 -12 -11 -11 -11 -11
-1 -1 -1 -1 -1 -1 -1 -1 -1 -1 -1 -1 -1 -1 -1 -1 -1 -1 -1 -1 99 101 101 107 37 37 8 44 54 54 36 20 20 13 6 6 0 0 0 0 0 0 0 9 0 0 0 0 0 0 1 4 4 7 18 18 18 18 16 16 9 0 0 0 0 0 0 0 0 0 0 0 0 0 0 0 0 0 0 0 0 0 0 0 0 0 0 0 0 0 0 0 0 0 8 18 20 20 18 8 8 3 4 9 9 10 12 12 10 8 8 8 0 0 0 0 0 0 0 0 0 0 0 0 0 0 0 0 0 7 14 14 15 20 20 12 0 0 0 0 0 0 0 0 0 0 0 0 0 0 0 0 0 0 0 0 0 0 0 0 0 0 0 0 16 16 29 37 37 44 41 0 0 -105 107 107 122 105 102 102 97 93 93 -1 -1 -1 -1 -1 -1 -1 -1 -1 -1 -1 -1 -1 -1 -1 -1 -1 -1 -1 -1 -1 -1 -1 -1 -1 -1 -1 -1 -1 -1 -1 -1 -1 -1 -1 -1 -1 -1 -1 -1 -1 -1 -1 -1 -1 -1 -1 -1 -1 -1 -1 -1 -1 -1 -1 -1 -1 -1 -1 -1 -1 -1 -1 -1 -1 -1 -1 -1 -1 -2 -2 -2 -2 -3 -3 -3 -3 -4 -4 -6 -6 -6 -6 -4 -4 -4 -3 -4 -4 -4 -4 -4 -4 -6 -6 -6 -6 -7 -7 -6 -4 -4 -2 -2 -1 -1 -1 -1 -1 -1 -1 -1 -1 -1 -1 -1 -1 -1 -1 -1 -1 -1 -1 96 101 101 104 87 43 43 1 31 31 49 20 18 18 9 0 0 0 3 3 4 16 25 25 6 37 37 94 95 90 90 -3 -16 -16 -22 -23 -23 -26 -25 -22 -22 -22 -20 -20 -20 -20 -20 -20 -18 -18 -18 -18 -18 -18 -18 -18 -17 -17 -17 -16 -16 -16 -16 -14 -14 -14 -14 -14 -13 -13 -13 -13 -13 -13 -13 -13 -13 -13 -13 -13 -13 -13 -13 -12 -12 -12 -12 -11 -11 -11 -11 -11 -11 -11 -11 -9 -9 -9 -9 -9 -9 -9 -9 -9 -9 -9 -9 -9 -9 -9 -9 -9 -9 -9 -9 -9 -9 -9 -9 -9 -9 -9 -9 -9 -9 -9 -9 -9 -9 -9 -9 -9 -9 -9 -9 -9 -9 -9 -9 -9 -9 -9 -9 -9 -9 -9 -9 -9 -9 -9 -9 -9 -9 -9 -9 -9 -9 -9 -9 -9 -9 -11 -11 -11 -11 -11 -11 -11 -11 -11 -11 -11 -11 -11 -11 -11 -11 -11 -11 -11 -11 -11 -11 -11 -11 -11 -11 -11 -11 -12 -12 -12 -12 -12 -12 -12 -12 -12 -12 -12 -12 -12 -11 -11 -11 -11
-1 -1 -1 -1 -1 -1 -1 -1 -1 -1 -1 -1 -1 -1 -1 -1 -1 -1 -1 96 96 102 107 107 93 31 31 14 15 6 6 3 0 0 0 0 0 0 0 0 0 6 4 4 1 4 0 0 15 14 14 15 15 21 21 29 37 37 38 31 14 14 0 0 0 0 0 0 0 0 0 0 0 0 0 0 0 0 0 0 0 0 0 0 0 0 0 0 0 1 0 0 0 0 4 4 7 7 7 3 0 0 2 4 4 4 6 6 6 6 4 0 0 0 0 0 0 0 0 0 0 0 0 0 0 0 0 0 7 7 10 8 8 16 9 0 0 0 0 0 0 0 0 0 0 0 0 0 0 0 0 0 0 0 0 0 0 0 0 0 0 0 0 0 3 10 10 19 24 33 33 0 -108 -108 108 112 107 107 99 -1 -1 -1 -1 -1 -1 -1 -1 -1 -1 -1 -1 -1 -1 -1 -1 -1 -1 -1 -1 -1 -1 -1 -1 -1 -1 -1 -1 -1 -1 -1 -1 -1 -1 -1 -1 -1 -1 -1 -1 -1 -1 -1 -1 -1 -1 -1 -1 -1 -1 -1 -1 -1 -1 -1 -1 -1 -1 -1 -1 -1 -1 -1 -1 -1 -1 -1 -1 -1 -1 -1 -2 -3 -3 -3 -4 -4 -4 -6 -6 -6 -7 -7 -7 -7 -7 -7 -7 -7 -6 -6 -6 -6 -6 -6 -6 -6 -6 -7 -7 -7 -7 -6 -6 -4 -3 -1 -1 -1 -1 -1 -1 -1 -1 -1 -1 -1 -1 -1 -1 -1 -1 -1 -1 -1 -1 -1 -1 96 102 101 101 79 53 53 0 47 47 43 33 6 6 1 3 3 9 10 19 19 21 8 8 43 95 95 94 89 -4 -4 -17 -22 -22 -23 -26 -23 -23 -21 -21 -21 -18 -18 -18 -18 -17 -17 -17 -16 -16 -16 -16 -16 -16 -16 -16 -16 -16 -14 -14 -13 -13 -13 -13 -13 -13 -13 -13 -12 -12 -13 -13 -13 -13 -13 -13 -13 -13 -13 -12 -12 -12 -12 -12 -12 -12 -11 -11 -11 -11 -9 -9 -9 -9 -9 -9 -9 -9 -9 -9 -9 -9 -9 -9 -9 -9 -9 -9 -9 -9 -9 -9 -9 -9 -9 -9 -9 -9 -9 -9 -9 -9 -9 -9 -9 -9 -9 -9 -9 -9 -9 -9 -9 -9 -9 -9 -9 -9 -9 -9 -9 -9 -9 -9 -9 -9 -9 -9 -9 -9 -9 -9 -9 -9 -9 -9 -9 -9 -9 -9 -9 -11 -11 -11 -11 -11 -11 -11 -11 -11 -11 -11 -11 -11 -11 -11 -11 -11 -11 -11 -11 -11 -11 -11 -11 -11 -11 -11 -11 -11 -11 -11 -11 -11 -11 -11 -11 -11 -11 -11 -11 -11 -11 -11 -11
-1 -1 -1 -1 -1 -1 -1 -1 -1 -1 -1 -1 -1 -1 -1 -1 -1 -1 -1 -1 96 102 102 107 93 93 31 14 15 15 6 3 3 0 0 0 0 0 0 0 0 6 6 4 1 4 4 0 15 15 14 15 15 15 21 29 29 37 38 38 31 14 0 0 0 0 0 0 0 0 0 0 0 0 0 0 0 0 0 0 0 0 0 0 0 0 0 0 0 1 1 0 0 0 0 4 7 7 7 3 3 0 2 4 4 4 6 6 6 6 6 4 0 0 0 0 0 0 0 0 0 0 0 0 0 0 0 0 0 7 10 10 8 16 16 9 0 0 0 0 0 0 0 0 0 0 0 0 0 0 0 0 0 0 0 0 0 0 0 0 0 0 0 0 3 3 10 19 19 24 33 0 0 -108 108 108 112 107 99 99 -1 -1 -1 -1 -1 -1 -1 -1 -1 -1 -1 -1 -1 -1 -1 -1 -1 -1 -1 -1 -1 -1 -1 -1 -1 -1 -1 -1 -1 -1 -1 -1 -1 -1 -1 -1 -1 -1 -1 -1 -1 -1 -1 -1 -1 -1 -1 -1 -1 -1 -1 -1 -1 -1 -1 -1 -1 -1 -1 -1 -1 -1 -1 -1 -1 -1 -1 -1 -1 -1 -1 -2 -3 -3 -3 -4 -4 -4 -6 -6 -7 -7 -7 -7 -7 -7 -7 -7 -7 -6 -6 -6 -6 -6 -6 -6 -6 -7 -7 -7 -7 -7 -6 -4 -4 -3 -1 -1 -1 -1 -1 -1 -1 -1 -1 -1 -1 -1 -1 -1 -1 -1 -1 -1 -1 -1 -1 96 96 102 101 79 79 53 0 0 47 43 33 33 6 1 1 3 9 9 10 19 21 21 8 43 43 95 94 89 89 -4 -17 -17 -22 -23 -23 -26 -23 -21 -21 -21 -18 -18 -18 -18 -17 -17 -17 -16 -16 -16 -16 -16 -16 -16 -16 -16 -16 -14 -14 -14 -13 -13 -13 -13 -13 -13 -13 -12 -12 -12 -13 -13 -13 -13 -13 -13 -13 -13 -12 -12 -12 -12 -12 -12 -12 -11 -11 -11 -11 -11 -9 -9 -9 -9 -9 -9 -9 -9 -9 -9 -9 -9 -9 -9 -9 -9 -9 -9 -9 -9 -9 -9 -9 -9 -9 -9 -9 -9 -9 -9 -9 -9 -9 -9 -9 -9 -9 -9 -9 -9 -9 -9 -9 -9 -9 -9 -9 -9 -9 -9 -9 -9 -9 -9 -9 -9 -9 -9 -9 -9 -9 -9 -9 -9 -9 -9 -9 -9 -9 -9 -11 -11 -11 -11 -11 -11 -11 -11 -11 -11 -11 -11 -11 -11 -11 -11 -11 -11 -11 -11 -11 -11 -11 -11 -11 -11 -11 -11 -11 -11 -11 -11 -11 -11 -11 -11 -11 -11 -11 -11 -11 -11 -11 -11
-1 -1 -1 -1 -1 -1 -1 -1 -1 -1 -1 -1 -1 -1 -1 -1 -1 -1 -1 95 95 100 101 101 106 89 89 48 41 38 38 37 35 35 31 33 31 31 25 -63 -63 -59 -60 -60 -64 1 0 0 20 31 31 26 21 24 24 32 44 44 50 52 42 42 26 16 16 7 0 0 0 0 0 0 0 0 0 0 0 0 0 0 0 0 0 0 0 2 2 9 9 6 2 2 0 0 0 0 0 0 0 0 0 0 0 4 0 0 0 0 0 0 0 0 0 0 0 0 0 0 0 0 0 0 0 0 0 0 0 0 0 0 3 2 2 7 3 0 0 0 0 0 0 0 0 0 0 0 0 0 0 0 1 0 0 0 0 0 0 0 0 0 0 0 0 0 0 0 0 0 3 14 14 9 -98 -98 110 111 110 110 99 -1 -1 -1 -1 -1 -1 -1 -1 -1 -1 -1 -1 -1 -1 -1 -1 -1 -1 -1 -1 -1 -1 -1 -1 -1 -1 -1 -1 -1 -1 -1 -1 -1 -1 -1 -1 -1 -1 -1 -1 -1 -1 -1 -1 -1 -1 -1 -1 -1 -1 -1 -1 -1 -1 -1 -1 -1 -1 -1 -1 -1 -1 -1 -1 -1 -1 -1 -1 -1 -1 -3 -3 -4 -4 -4 -4 -4 -6 -6 -6 -6 -7 -7 -7 -7 -7 -7 -7 -7 -7 -7 -7 -7 -7 -7 -7 -7 -7 -7 -7 -7 -7 -7 -7 -6 -4 -2 -2 -2 -1 -1 -1 -1 -1 -1 -1 -1 -1 -1 -1 -1 -1 -1 -1 -1 -1 -1 -1 -1 99 101 101 104 105 105 -55 9 9 45 39 29 29 16 19 19 12 19 25 25 24 13 13 49 95 95 93 89 -7 -7 -17 -22 -22 -23 -25 -21 -21 -20 -18 -18 -17 -17 -17 -17 -16 -16 -16 -14 -14 -14 -14 -14 -14 -14 -14 -13 -13 -13 -13 -12 -12 -12 -12 -12 -12 -12 -12 -12 -12 -12 -12 -12 -12 -12 -11 -11 -11 -11 -11 -11 -11 -9 -9 -9 -9 -9 -9 -9 -9 -9 -9 -9 -9 -9 -9 -9 -9 -9 -9 -9 -9 -9 -9 -9 -9 -9 -9 -9 -9 -9 -9 -9 -9 -9 -9 -9 -9 -9 -9 -9 -9 -9 -9 -9 -9 -9 -9 -9 -9 -9 -9 -9 -9 -9 -9 -9 -9 -9 -9 -9 -9 -9 -9 -9 -9 -9 -9 -9 -9 -9 -9 -9 -9 -9 -9 -9 -9 -9 -9 -9 -9 -9 -9 -9 -11 -11 -11 -11 -11 -11 -11 -11 -11 -11 -11 -11 -11 -11 -11 -11 -11 -11 -11 -11 -11 -11 -11 -11 -11 -11 -11 -11 -11 -11 -11 -11 -11 -11 -11 -11 -11 -11 -11 -11
-1 -1 -1 -1 -1 -1 -1 -1 -1 -1 -1 -1 -1 -1 -1 -1 -1 -1 -1 -1 -1 -1 -1 -1 97 97 105 108 101 101 104 95 95 95 95 95 96 87 79 79 81 77 77 -23 -67 0 0 0 24 24 35 36 36 25 25 31 31 39 50 50 59 64 58 58 50 38 38 27 15 4 4 0 0 0 0 0 0 0 0 0 0 0 6 6 7 9 10 10 13 9 9 2 0 0 0 0 0 0 0 0 0 0 4 6 6 0 0 0 0 0 0 0 0 0 0 0 0 0 0 0 0 0 0 0 0 0 0 0 0 0 0 0 0 1 1 3 0 0 0 0 0 0 0 0 0 0 0 0 0 0 6 6 2 0 0 0 0 0 0 0 0 0 0 0 0 0 0 0 0 0 10 0 0 -102 112 112 116 106 100 100 96 -1 -1 -1 -1 -1 -1 -1 -1 -1 -1 -1 -1 -1 -1 -1 -1 -1 -1 -1 -1 -1 -1 -1 -1 -1 -1 -1 -1 -1 -1 -1 -1 -1 -1 -1 -1 -1 -1 -1 -1 -1 -1 -1 -1 -1 -1 -1 -1 -1 -1 -1 -1 -1 -1 -1 -1 -1 -1 -1 -1 -1 -1 -2 -2 -2 -3 -3 -4 -4 -4 -6 -6 -6 -6 -7 -7 -7 -7 -7 -8 -8 -8 -8 -8 -8 -8 -8 -7 -8 -8 -8 -8 -8 -8 -8 -8 -8 -8 -7 -7 -7 -7 -6 -6 -4 -3 -2 -2 -1 -1 -1 -1 -1 -1 -1 -1 -1 -1 -1 -1 -1 -1 -1 -1 -1 -1 -1 -1 93 97 104 104 113 95 95 18 9 18 18 30 30 30 33 29 29 27 31 24 24 15 53 53 93 89 87 87 -8 -17 -17 -22 -22 -22 -22 -20 -18 -18 -17 -16 -16 -16 -16 -14 -14 -14 -14 -14 -13 -13 -13 -13 -13 -13 -13 -13 -12 -12 -12 -12 -12 -12 -12 -12 -12 -11 -11 -11 -11 -12 -12 -12 -12 -11 -11 -11 -11 -9 -9 -9 -9 -9 -9 -9 -9 -9 -9 -9 -9 -9 -9 -9 -9 -9 -9 -9 -9 -9 -9 -9 -9 -9 -9 -9 -9 -9 -9 -9 -9 -9 -9 -9 -9 -9 -9 -9 -9 -9 -9 -9 -9 -9 -9 -9 -9 -9 -9 -9 -9 -9 -9 -9 -9 -9 -9 -9 -9 -9 -9 -9 -9 -9 -9 -9 -9 -9 -9 -9 -9 -9 -9 -9 -9 -9 -9 -9 -9 -9 -9 -9 -9 -9 -9 -9 -9 -9 -11 -11 -11 -11 -11 -11 -11 -11 -9 -11 -11 -11 -11 -11 -11 -11 -11 -11 -11 -11 -11 -11 -11 -11 -11 -11 -11 -11 -11 -11 -11 -11 -11 -11 -11 -11 -12
-1 -1 -1 -1 -1 -1 -1 -1 -1 -1 -1 -1 -1 -1 -1 -1 -1 -1 -1 -1 -1 -1 -1 -1 97 105 105 108 101 104 104 95 95 95 95 96 87 87 79 81 81 77 -23 -23 -67 0 0 0 24 35 35 36 25 25 25 31 39 39 50 59 64 64 58 50 50 38 27 27 15 4 0 0 0 0 0 0 0 0 0 0 0 0 6 7 7 9 10 13 13 9 2 2 0 0 0 0 0 0 0 0 0 0 4 6 0 0 0 0 0 0 0 0 0 0 0 0 0 0 0 0 0 0 0 0 0 0 0 0 0 0 0 0 0 1 3 0 0 0 0 0 0 0 0 0 0 0 0 0 0 0 6 2 0 0 0 0 0 0 0 0 0 0 0 0 0 0 0 0 0 10 10 0 -102 -102 112 116 106 106 100 96 96 -1 -1 -1 -1 -1 -1 -1 -1 -1 -1 -1 -1 -1 -1 -1 -1 -1 -1 -1 -1 -1 -1 -1 -1 -1 -1 -1 -1 -1 -1 -1 -1 -1 -1 -1 -1 -1 -1 -1 -1 -1 -1 -1 -1 -1 -1 -1 -1 -1 -1 -1 -1 -1 -1 -1 -1 -1 -1 -1 -1 -1 -1 -2 -2 -2 -3 -4 -4 -4 -6 -6 -6 -6 -7 -7 -7 -7 -7 -7 -8 -8 -8 -8 -8 -8 -8 -7 -8 -8 -8 -8 -8 -8 -8 -8 -8 -8 -7 -7 -7 -7 -7 -6 -4 -3 -3 -2 -1 -1 -1 -1 -1 -1 -1 -1 -1 -1 -1 -1 -1 -1 -1 -1 -1 -1 -1 -1 93 97 97 104 113 113 95 18 18 9 18 30 30 30 33 33 29 27 31 31 24 15 15 53 93 93 89 87 -8 -8 -17 -22 -22 -22 -22 -20 -20 -18 -17 -17 -16 -16 -16 -16 -14 -14 -14 -14 -13 -13 -13 -13 -13 -13 -13 -13 -13 -12 -12 -12 -12 -12 -12 -12 -12 -11 -11 -11 -11 -12 -12 -12 -12 -12 -11 -11 -11 -11 -9 -9 -9 -9 -9 -9 -9 -9 -9 -9 -9 -9 -9 -9 -9 -9 -9 -9 -9 -9 -9 -9 -9 -9 -9 -9 -9 -9 -9 -9 -9 -9 -9 -9 -9 -9 -9 -9 -9 -9 -9 -9 -9 -9 -9 -9 -9 -9 -9 -9 -9 -9 -9 -9 -9 -9 -9 -9 -9 -9 -9 -9 -9 -9 -9 -9 -9 -9 -9 -9 -9 -9 -9 -9 -9 -9 -9 -9 -9 -9 -9 -9 -9 -9 -9 -9 -9 -9 -9 -11 -11 -11 -11 -11 -11 -11 -9 -11 -11 -11 -11 -11 -11 -11 -11 -11 -11 -11 -11 -11 -11 -11 -11 -11 -11 -11 -11 -11 -11 -11 -11 -11 -11 -11 -12 -12
-1 -1 -1 -1 -1 -1 -1 -1 -1 -1 -1 -1 -1 -1 -1 -1 -1 -1 -1 -1 -1 -1 -1 -1 101 101 94 111 106 106 104 107 107 111 113 113 114 111 113 113 114 94 94 -44 1 10 10 25 38 38 35 37 37 27 29 27 27 33 45 45 66 81 82 82 77 56 56 37 21 10 10 0 0 0 0 4 4 3 4 0 0 3 10 10 9 13 14 14 13 8 8 1 0 0 0 0 0 0 0 0 0 0 2 0 0 0 0 0 0 0 0 0 0 0 0 0 0 0 0 0 0 0 0 0 0 0 0 0 0 0 0 0 0 2 2 4 0 0 0 0 0 0 0 0 0 0 0 0 0 3 9 9 6 0 0 0 0 0 0 0 0 0 0 0 0 0 0 0 0 0 25 -82 -82 -103 96 96 116 104 104 104 97 91 91 -1 -1 -1 -1 -1 -1 -1 -1 -1 -1 -1 -1 -1 -1 -1 -1 -1 -1 -1 -1 -1 -1 -1 -1 -1 -1 -1 -1 -1 -1 -1 -1 -1 -1 -1 -1 -1 -1 -1 -1 -1 -1 -1 -1 -1 -1 -1 -1 -1 -1 -1 -1 -1 -1 -1 -1 -1 -1 -2 -2 -3 -3 -3 -6 -6 -6 -6 -6 -6 -7 -8 -8 -8 -8 -8 -8 -8 -8 -8 -9 -9 -9 -8 -8 -8 -8 -9 -9 -9 -9 -8 -8 -8 -8 -8 -8 -8 -7 -7 -7 -7 -7 -6 -3 -2 -2 -1 -1 -1 -2 -1 -1 -1 -1 -1 -1 -1 -1 -1 -1 -1 -1 -1 -1 -1 -1 -1 94 100 100 105 105 105 81 36 27 27 18 22 22 32 36 36 33 32 20 20 16 58 58 94 89 87 87 -7 -17 -17 -21 -21 -21 -21 -18 -17 -17 -17 -14 -14 -14 -14 -14 -14 -14 -14 -14 -13 -13 -13 -13 -13 -12 -12 -12 -12 -12 -12 -12 -11 -11 -11 -11 -11 -11 -11 -11 -11 -12 -12 -12 -12 -9 -9 -9 -9 -9 -9 -9 -9 -9 -9 -9 -9 -9 -9 -9 -9 -9 -9 -9 -9 -9 -9 -9 -9 -9 -9 -9 -9 -9 -9 -9 -9 -9 -9 -9 -9 -9 -9 -9 -9 -9 -9 -9 -9 -9 -9 -9 -9 -9 -9 -9 -9 -9 -9 -9 -9 -9 -9 -9 -9 -9 -9 -9 -9 -9 -9 -9 -9 -9 -9 -9 -9 -9 -9 -9 -9 -9 -9 -9 -9 -9 -9 -9 -9 -9 -9 -9 -9 -9 -9 -9 -9 -9 -9 -9 -11 -11 -11 -11 -11 -11 -11 -11 -11 -11 -11 -11 -11 -11 -11 -11 -11 -11 -11 -11 -11 -11 -11 -11 -11 -11 -11 -11 -11 -11 -9 -11 -12 -12 -12
-1 -1 -1 -1 -1 -1 -1 -1 -1 -1 -1 -1 -1 -1 -1 -1 -1 -1 -1 -1 -1 -1 -1 -1 88 102 102 94 105 106 106 111 111 111 110 112 107 107 116 108 108 65 10 10 25 37 26 26 27 20 20 19 30 31 31 27 31 31 45 68 88 88 93 88 88 58 37 37 21 14 3 3 0 6 6 7 12 10 10 2 6 6 12 10 10 14 15 13 13 8 1 1 0 0 0 0 0 0 0 0 0 0 0 0 0 0 0 0 0 0 0 0 0 0 0 0 0 0 0 0 0 0 0 0 0 0 0 0 0 0 0 0 0 1 2 0 0 0 0 0 0 0 0 0 0 0 0 2 7 7 10 10 4 4 4 0 0 0 0 0 0 0 0 0 0 0 0 0 0 30 30 -55 -81 -81 62 112 104 104 104 97 97 93 -1 -1 -1 -1 -1 -1 -1 -1 -1 -1 -1 -1 -1 -1 -1 -1 -1 -1 -1 -1 -1 -1 -1 -1 -1 -1 -1 -1 -1 -1 -1 -1 -1 -1 -1 -1 -1 -1 -1 -1 -1 -1 -1 -1 -1 -1 -1 -1 -1 -1 -1 -1 -1 -1 -1 -1 -1 -1 -2 -2 -3 -3 -3 -3 -6 -6 -6 -7 -7 -8 -8 -8 -9 -9 -11 -8 -8 -8 -9 -9 -9 -9 -9 -9 -8 -8 -9 -9 -9 -9 -9 -9 -8 -8 -8 -8 -8 -8 -7 -7 -7 -7 -6 -4 -4 -2 -1 -1 -1 -3 -2 -2 -1 -1 -1 -1 -1 -1 -1 -1 -1 -1 -1 -1 -1 -1 -1 90 90 100 104 104 104 108 108 102 -1 -39 -39 15 12 12 24 32 29 29 14 13 13 59 96 96 91 88 -7 -7 -17 -21 -21 -21 -21 -18 -18 -16 -17 -17 -14 -14 -14 -14 -14 -14 -14 -14 -13 -13 -13 -14 -13 -13 -13 -13 -13 -13 -13 -12 -12 -12 -11 -11 -11 -11 -11 -11 -11 -12 -12 -11 -11 -11 -9 -9 -9 -9 -9 -9 -9 -9 -9 -9 -9 -8 -8 -8 -8 -9 -9 -9 -9 -9 -9 -9 -9 -9 -9 -9 -9 -9 -9 -9 -9 -9 -9 -9 -9 -9 -9 -9 -9 -9 -9 -9 -9 -9 -9 -9 -9 -9 -9 -9 -9 -9 -9 -9 -9 -9 -9 -9 -9 -9 -9 -9 -9 -9 -9 -9 -9 -9 -9 -9 -9 -9 -9 -9 -9 -9 -9 -9 -9 -9 -9 -9 -9 -9 -9 -9 -9 -9 -9 -9 -8 -8 -9 -9 -11 -11 -11 -11 -11 -11 -11 -11 -11 -11 -11 -11 -11 -11 -11 -11 -11 -11 -11 -11 -11 -11 -11 -11 -11 -11 -11 -11 -11 -11 -9 -9 -11 -12 -12 -12
-1 -1 -1 -1 -1 -1 -1 -1 -1 -1 -1 -1 -1 -1 -1 -1 -1 -1 -1 -1 -1 -1 -1 -1 88 88 102 94 105 105 106 111 111 111 110 110 112 107 116 116 108 65 65 10 25 37 37 26 27 27 20 19 19 30 31 27 27 31 45 45 68 88 93 93 88 58 58 37 21 14 14 3 0 0 6 7 7 12 10 2 2 6 12 12 10 14 15 15 13 8 8 1 0 0 0 0 0 0 0 0 0 0 0 0 0 0 0 0 0 0 0 0 0 0 0 0 0 0 0 0 0 0 0 0 0 0 0 0 0 0 0 0 0 1 1 2 0 0 0 0 0 0 0 0 0 0 0 2 2 7 10 10 10 4 4 4 0 0 0 0 0 0 0 0 0 0 0 0 0 0 30 -55 -55 -81 62 62 112 104 104 104 97 93 93 -1 -1 -1 -1 -1 -1 -1 -1 -1 -1 -1 -1 -1 -1 -1 -1 -1 -1 -1 -1 -1 -1 -1 -1 -1 -1 -1 -1 -1 -1 -1 -1 -1 -1 -1 -1 -1 -1 -1 -1 -1 -1 -1 -1 -1 -1 -1 -1 -1 -1 -1 -1 -1 -1 -1 -1 -1 -1 -2 -3 -3 -3 -3 -6 -6 -6 -7 -7 -7 -8 -8 -8 -9 -11 -11 -8 -8 -9 -9 -9 -9 -9 -9 -8 -8 -8 -9 -9 -9 -9 -9 -9 -8 -8 -8 -8 -8 -7 -7 -7 -7 -7 -6 -4 -2 -2 -1 -1 -1 -3 -2 -1 -1 -1 -1 -1 -1 -1 -1 -1 -1 -1 -1 -1 -1 -1 -1 90 100 100 104 104 104 108 102 -1 -1 -39 15 15 12 24 24 32 29 14 14 13 59 59 96 91 88 88 -7 -17 -17 -21 -21 -21 -21 -18 -16 -16 -17 -14 -14 -14 -14 -14 -14 -14 -14 -14 -13 -13 -14 -14 -13 -13 -13 -13 -13 -13 -13 -12 -12 -12 -11 -11 -11 -11 -11 -11 -11 -12 -11 -11 -11 -9 -9 -9 -9 -9 -9 -9 -9 -9 -9 -9 -8 -8 -8 -8 -8 -9 -9 -9 -9 -9 -9 -9 -9 -9 -9 -9 -9 -9 -9 -9 -9 -9 -9 -9 -9 -9 -9 -9 -9 -9 -9 -9 -9 -9 -9 -9 -9 -9 -9 -9 -9 -9 -9 -9 -9 -9 -9 -9 -9 -9 -9 -9 -9 -9 -9 -9 -9 -9 -9 -9 -9 -9 -9 -9 -9 -9 -9 -9 -9 -9 -9 -9 -9 -9 -9 -9 -9 -9 -9 -9 -8 -9 -9 -9 -11 -11 -11 -11 -11 -11 -11 -11 -11 -11 -11 -11 -11 -11 -11 -11 -11 -11 -11 -11 -11 -11 -11 -11 -11 -11 -11 -11 -11 -11 -9 -11 -12 -12 -12
-1 -1 -1 -1 -1 -1 -1 -1 -1 -1 -1 -1 -1 -1 -1 -1 -1 -1 -1 -1 -1 -1 -1 -1 -1 -1 -1 -1 -1 -1 -1 95 99 99 99 108 111 111 116 99 99 35 0 0 38 35 36 36 22 14 14 20 27 42 42 42 39 39 42 55 64 64 61 55 55 41 20 20 7 9 20 20 19 7 7 10 9 14 14 16 19 19 16 16 16 9 6 0 0 0 0 0 0 0 0 0 0 0 0 0 0 0 0 0 0 0 0 0 0 0 0 1 1 0 10 10 0 0 0 0 0 0 0 0 0 0 0 0 0 0 0 3 3 8 3 0 0 0 0 0 0 0 0 0 0 0 0 0 1 1 0 2 4 4 9 4 4 0 0 0 0 0 0 0 0 0 0 0 0 25 25 48 48 48 0 110 108 108 105 100 100 93 -1 -1 -1 -1 -1 -1 -1 -1 -1 -1 -1 -1 -1 -1 -1 -1 -1 -1 -1 -1 -1 -1 -1 -1 -1 -1 -1 -1 -1 -1 -1 -1 -1 -1 -1 -1 -1 -1 -1 -1 -1 -1 -1 -1 -1 -1 -1 -1 -1 -1 -1 -1 -1 -1 -2 -3 -3 -4 -6 -6 -4 -4 -4 -4 -7 -8 -8 -9 -9 -11 -11 -11 -11 -11 -11 -12 -12 -11 -11 -11 -11 -11 -9 -9 -9 -9 -9 -9 -9 -9 -9 -9 -8 -8 -8 -8 -8 -8 -8 -8 -8 -7 -6 -6 -6 -4 -3 -3 -3 -2 -1 -1 -1 -1 -1 -1 -1 -1 -1 -1 -1 -1 -1 -1 -1 -1 -1 -1 -1 -1 -1 -1 95 104 104 110 110 99 99 68 21 21 -100 24 29 29 6 14 14 61 93 93 96 78 -7 -7 -16 -21 -21 -21 -20 -17 -17 -14 -14 -14 -13 -13 -13 -13 -13 -13 -13 -12 -12 -12 -12 -12 -12 -12 -11 -11 -11 -11 -11 -11 -11 -11 -9 -9 -9 -9 -9 -9 -9 -9 -9 -8 -8 -8 -9 -9 -9 -9 -9 -9 -9 -9 -9 -9 -9 -9 -9 -9 -9 -9 -9 -9 -9 -9 -9 -9 -8 -8 -8 -8 -8 -8 -9 -9 -9 -9 -9 -9 -9 -9 -9 -9 -9 -9 -9 -9 -9 -9 -9 -9 -9 -9 -9 -9 -9 -9 -9 -9 -9 -9 -9 -9 -9 -9 -9 -9 -9 -9 -9 -9 -9 -9 -9 -9 -9 -9 -9 -9 -9 -9 -9 -9 -9 -9 -9 -9 -9 -9 -9 -9 -9 -9 -9 -9 -9 -9 -9 -9 -9 -9 -9 -11 -11 -11 -12 -11 -11 -11 -12 -12 -12 -12 -12 -12 -12 -12 -12 -11 -11 -11 -11 -11 -11 -11 -11 -11 -11 -11 -11 -11 -11 -11 -11 -11
-1 -1 -1 -1 -1 -1 -1 -1 -1 -1 -1 -1 -1 -1 -1 -1 -1 -1 -1 -1 -1 -1 -1 -1 -1 -1 -1 -1 -1 -1 -1 95 95 99 99 99 108 111 116 116 99 35 35 0 38 35 35 36 22 22 14 20 20 27 42 42 42 39 42 42 55 64 61 61 55 41 41 20 7 9 9 20 19 19 7 10 10 9 14 16 16 19 16 16 16 9 6 6 0 0 0 0 0 0 0 0 0 0 0 0 0 0 0 0 0 0 0 0 0 0 0 0 1 0 0 10 0 0 0 0 0 0 0 0 0 0 0 0 0 0 0 0 3 8 8 3 0 0 0 0 0 0 0 0 0 0 0 0 0 1 0 0 2 4 9 9 4 0 0 0 0 0 0 0 0 0 0 0 0 0 25 48 48 48 0 0 110 108 105 105 100 93 93 -1 -1 -1 -1 -1 -1 -1 -1 -1 -1 -1 -1 -1 -1 -1 -1 -1 -1 -1 -1 -1 -1 -1 -1 -1 -1 -1 -1 -1 -1 -1 -1 -1 -1 -1 -1 -1 -1 -1 -1 -1 -1 -1 -1 -1 -1 -1 -1 -1 -1 -1 -1 -1 -2 -2 -3 -4 -4 -6 -4 -4 -4 -4 -7 -7 -8 -9 -9 -9 -11 -11 -11 -11 -11 -11 -12 -11 -11 -11 -11 -11 -11 -9 -9 -9 -9 -9 -9 -9 -9 -9 -9 -8 -8 -8 -8 -8 -8 -8 -8 -7 -7 -6 -6 -4 -4 -3 -3 -3 -2 -1 -1 -1 -1 -1 -1 -1 -1 -1 -1 -1 -1 -1 -1 -1 -1 -1 -1 -1 -1 -1 95 95 104 110 110 110 99 68 68 21 -100 -100 24 29 6 6 14 61 61 93 96 78 78 -7 -16 -16 -21 -21 -21 -20 -17 -14 -14 -14 -13 -13 -13 -13 -13 -13 -13 -12 -12 -12 -12 -12 -12 -12 -11 -11 -11 -11 -11 -11 -11 -11 -11 -9 -9 -9 -9 -9 -9 -9 -9 -8 -8 -8 -9 -9 -9 -9 -9 -9 -9 -9 -9 -9 -9 -9 -9 -9 -9 -9 -9 -9 -9 -9 -9 -9 -9 -8 -8 -8 -8 -8 -9 -9 -9 -9 -9 -9 -9 -9 -9 -9 -9 -9 -9 -9 -9 -9 -9 -9 -9 -9 -9 -9 -9 -9 -9 -9 -9 -9 -9 -9 -9 -9 -9 -9 -9 -9 -9 -9 -9 -9 -9 -9 -9 -9 -9 -9 -9 -9 -9 -9 -9 -9 -9 -9 -9 -9 -9 -9 -9 -9 -9 -9 -9 -9 -9 -9 -9 -9 -9 -9 -11 -11 -11 -12 -11 -11 -11 -12 -12 -12 -12 -12 -12 -12 -12 -11 -11 -11 -11 -11 -11 -11 -11 -11 -11 -11 -11 -11 -11 -11 -11 -11
-1 -1 -1 -1 -1 -1 -1 -1 -1 -1 -1 -1 -1 -1 -1 -1 -1 -1 -1 -1 -1 -1 -1 -1 -1 -1 -1 -1 -1 -1 -1 -1 96 96 100 107 107 107 111 87 87 21 -97 -97 0 7 9 9 25 20 20 25 32 42 42 43 38 38 38 48 52 52 43 35 35 20 4 4 0 6 26 26 30 18 18 16 14 18 18 19 24 24 26 22 22 10 0 0 0 0 0 0 0 0 0 0 0 0 0 0 0 0 0 0 0 0 0 0 0 0 0 14 14 16 25 25 10 0 0 0 0 0 0 0 0 0 0 0 0 0 4 13 13 12 3 0 0 0 0 0 0 0 0 0 0 0 0 0 0 0 0 3 6 6 9 8 8 2 0 0 0 0 0 0 0 0 0 0 0 15 15 36 53 53 0 112 107 107 105 99 99 93 -1 -1 -1 -1 -1 -1 -1 -1 -1 -1 -1 -1 -1 -1 -1 -1 -1 -1 -1 -1 -1 -1 -1 -1 -1 -1 -1 -1 -1 -1 -1 -1 -1 -1 -1 -1 -1 -1 -1 -1 -1 -1 -1 -1 -1 -1 -1 -1 -1 -1 -1 -1 -2 -2 -2 -3 -3 -4 -6 -6 -6 -6 -6 -6 -8 -8 -8 -9 -11 -11 -11 -11 -11 -11 -11 -11 -11 -11 -11 -11 -11 -11 -9 -9 -9 -9 -9 -9 -9 -9 -9 -9 -8 -8 -8 -8 -8 -8 -8 -7 -7 -7 -6 -6 -6 -4 -4 -4 -3 -2 -2 -2 -1 -1 -1 -1 -1 -1 -1 -1 -1 -1 -1 -1 -1 -1 -1 -1 -1 -1 -1 -1 96 97 97 97 102 107 107 96 64 64 35 0 26 26 3 12 12 72 99 99 91 78 -8 -8 -16 -21 -21 -20 -20 -17 -17 -14 -14 -14 -13 -13 -13 -13 -13 -12 -12 -12 -12 -12 -12 -11 -11 -11 -11 -11 -11 -11 -11 -11 -11 -11 -9 -9 -9 -9 -9 -9 -9 -9 -9 -8 -8 -8 -9 -9 -9 -9 -9 -9 -9 -9 -9 -9 -9 -9 -9 -9 -9 -9 -9 -9 -9 -9 -9 -8 -8 -8 -8 -8 -8 -9 -9 -9 -9 -9 -9 -9 -9 -9 -9 -9 -9 -9 -9 -9 -9 -9 -9 -9 -9 -9 -9 -9 -9 -9 -9 -9 -9 -9 -9 -9 -9 -9 -9 -9 -9 -9 -9 -9 -9 -9 -9 -9 -9 -9 -9 -9 -9 -9 -9 -9 -9 -9 -9 -9 -9 -9 -9 -9 -9 -9 -9 -9 -9 -9 -9 -9 -9 -9 -9 -9 -9 -11 -11 -11 -11 -11 -12 -12 -12 -12 -12 -12 -12 -12 -12 -11 -11 -11 -11 -11 -11 -11 -11 -11 -11 -11 -11 -11 -11 -11 -11 -11
-1 -1 -1 -1 -1 -1 -1 -1 -1 -1 -1 -1 -1 -1 -1 -1 -1 -1 -1 -1 -1 -1 -1 -1 -1 -1 -1 -1 -1 -1 -1 -1 -1 -1 -1 -1 97 105 111 111 79 8 8 -83 31 36 36 25 4 4 0 14 14 36 43 41 41 36 33 33 35 36 29 29 15 0 0 0 0 1 1 30 43 43 33 24 24 19 19 21 21 29 35 35 31 15 2 2 0 0 0 0 0 0 0 0 0 0 0 0 0 0 0 0 0 0 0 0 0 0 0 0 4 3 3 7 0 0 0 0 0 0 0 0 0 0 0 0 0 0 14 14 20 14 14 3 0 0 0 0 0 0 0 0 0 0 0 0 0 0 0 0 4 4 2 2 4 0 0 0 0 0 0 0 0 0 0 0 0 0 18 21 21 21 0 0 104 110 105 105 99 91 91 -1 -1 -1 -1 -1 -1 -1 -1 -1 -1 -1 -1 -1 -1 -1 -1 -1 -1 -1 -1 -1 -1 -1 -1 -1 -1 -1 -1 -1 -1 -1 -1 -1 -1 -1 -1 -1 -1 -1 -1 -1 -1 -1 -1 -1 -1 -1 -1 -1 -1 -1 -2 -3 -3 -3 -4 -6 -6 -6 -6 -7 -7 -7 -9 -9 -9 -11 -11 -11 -12 -12 -12 -12 -11 -11 -11 -11 -11 -11 -11 -11 -11 -9 -9 -9 -9 -9 -9 -9 -8 -8 -8 -8 -8 -8 -8 -7 -7 -7 -7 -7 -7 -6 -6 -4 -4 -4 -4 -4 -2 -2 -1 -1 -1 -1 -1 -1 -1 -1 -1 -1 -1 -1 -1 -1 -1 -1 -1 -1 -1 -1 -1 -1 93 97 101 101 106 108 108 102 93 93 13 1 0 0 26 85 85 95 90 79 79 -8 -17 -17 -21 -20 -20 -20 -16 -13 -13 -14 -13 -13 -13 -13 -13 -13 -13 -13 -13 -13 -13 -11 -11 -11 -11 -11 -11 -11 -11 -11 -11 -9 -9 -9 -9 -9 -9 -9 -9 -9 -9 -8 -8 -8 -9 -9 -9 -9 -9 -9 -9 -9 -9 -9 -9 -9 -9 -9 -9 -9 -9 -9 -9 -8 -8 -8 -8 -8 -9 -9 -9 -9 -9 -9 -9 -9 -9 -9 -9 -9 -9 -9 -9 -9 -9 -9 -9 -9 -9 -9 -9 -9 -9 -9 -9 -9 -9 -9 -9 -9 -9 -9 -9 -9 -9 -9 -9 -9 -9 -9 -9 -9 -9 -9 -9 -9 -9 -9 -9 -9 -9 -9 -9 -9 -9 -9 -9 -9 -9 -9 -9 -9 -9 -9 -9 -9 -9 -9 -9 -9 -9 -9 -9 -9 -9 -11 -9 -9 -9 -11 -11 -11 -11 -11 -11 -11 -11 -11 -11 -11 -11 -11 -11 -11 -11 -11 -11 -11 -11 -11 -11 -11 -11 -11
-1 -1 -1 -1 -1 -1 -1 -1 -1 -1 -1 -1 -1 -1 -1 -1 -1 -1 -1 -1 -1 -1 -1 -1 -1 -1 -1 -1 -1 -1 -1 -1 -1 -1 -1 97 105 105 111 79 79 8 -83 -83 31 36 25 25 4 0 0 14 36 43 43 41 36 36 33 35 36 36 29 15 15 0 0 0 0 1 30 30 43 33 33 24 19 19 19 21 29 29 35 31 31 15 2 0 0 0 0 0 0 0 0 0 0 0 0 0 0 0 0 0 0 0 0 0 0 0 0 4 4 3 7 7 0 0 0 0 0 0 0 0 0 0 0 0 0 0 14 20 20 14 3 0 0 0 0 0 0 0 0 0 0 0 0 0 0 0 0 4 4 4 2 4 4 0 0 0 0 0 0 0 0 0 0 0 0 18 18 21 21 21 0 104 110 110 105 99 99 91 -1 -1 -1 -1 -1 -1 -1 -1 -1 -1 -1 -1 -1 -1 -1 -1 -1 -1 -1 -1 -1 -1 -1 -1 -1 -1 -1 -1 -1 -1 -1 -1 -1 -1 -1 -1 -1 -1 -1 -1 -1 -1 -1 -1 -1 -1 -1 -1 -1 -1 -1 -2 -3 -3 -3 -4 -4 -6 -6 -6 -6 -7 -7 -7 -9 -9 -9 -11 -11 -12 -12 -12 -12 -12 -11 -11 -11 -11 -11 -11 -11 -11 -9 -9 -9 -9 -9 -9 -9 -8 -8 -8 -8 -8 -8 -8 -7 -7 -7 -7 -7 -7 -6 -6 -6 -4 -4 -4 -4 -2 -2 -2 -1 -1 -1 -1 -1 -1 -1 -1 -1 -1 -1 -1 -1 -1 -1 -1 -1 -1 -1 -1 -1 93 93 97 101 106 106 108 102 102 93 13 1 1 0 26 26 85 95 95 90 79 -8 -8 -17 -21 -21 -20 -20 -16 -16 -13 -14 -14 -13 -13 -13 -13 -13 -13 -13 -13 -13 -13 -13 -11 -11 -11 -11 -11 -11 -11 -11 -11 -11 -9 -9 -9 -9 -9 -9 -9 -9 -9 -9 -8 -8 -8 -9 -9 -9 -9 -9 -9 -9 -9 -9 -9 -9 -9 -9 -9 -9 -9 -9 -9 -8 -8 -8 -8 -8 -8 -9 -9 -9 -9 -9 -9 -9 -9 -9 -9 -9 -9 -9 -9 -9 -9 -9 -9 -9 -9 -9 -9 -9 -9 -9 -9 -9 -9 -9 -9 -9 -9 -9 -9 -9 -9 -9 -9 -9 -9 -9 -9 -9 -9 -9 -9 -9 -9 -9 -9 -9 -9 -9 -9 -9 -9 -9 -9 -9 -9 -9 -9 -9 -9 -9 -9 -9 -9 -9 -9 -9 -9 -9 -9 -9 -9 -11 -9 -9 -9 -11 -11 -11 -11 -11 -11 -11 -11 -11 -11 -11 -11 -11 -11 -11 -11 -11 -11 -11 -11 -11 -11 -11 -11 -11 -11
-1 -1 -1 -1 -1 -1 -1 -1 -1 -1 -1 -1 -1 -1 -1 -1 -1 -1 -1 -1 -1 -1 -1 -1 -1 -1 -1 -1 -1 -1 -1 -1 -1 -1 -1 -1 97 105 102 102 70 12 12 -56 90 107 107 76 -87 -87 -116 0 0 37 47 42 42 36 30 30 27 25 18 18 8 0 0 0 0 0 0 25 45 45 42 32 32 24 22 21 21 27 37 37 37 22 6 6 0 0 0 0 0 0 0 0 0 0 0 0 0 0 0 0 0 0 0 0 0 0 0 0 0 0 0 0 0 0 0 0 0 0 0 0 0 0 0 0 0 0 13 13 16 15 15 2 0 0 0 0 0 0 0 0 0 0 0 0 0 0 0 0 8 4 0 0 3 0 0 0 0 0 0 0 0 0 0 0 0 0 6 2 2 0 8 8 110 112 104 104 97 -1 -1 -1 -1 -1 -1 -1 -1 -1 -1 -1 -1 -1 -1 -1 -1 -1 -1 -1 -1 -1 -1 -1 -1 -1 -1 -1 -1 -1 -1 -1 -1 -1 -1 -1 -1 -1 -1 -1 -1 -1 -1 -1 -1 -1 -1 -1 -1 -1 -1 -1 -1 -1 -2 -4 -4 -4 -6 -6 -6 -6 -7 -7 -7 -8 -11 -11 -11 -12 -12 -12 -12 -12 -12 -12 -12 -12 -11 -11 -11 -11 -11 -9 -9 -9 -9 -9 -9 -8 -8 -8 -8 -8 -8 -8 -7 -7 -7 -7 -6 -6 -6 -6 -6 -6 -6 -6 -6 -6 -6 -6 -3 -2 -2 -2 -1 -1 -1 -1 -1 -1 -1 -1 -1 -1 -1 -1 -1 -1 -1 -1 -1 -1 -1 -1 -1 96 99 99 101 108 108 112 114 114 65 0 -121 -121 31 91 91 104 84 83 83 -11 -18 -18 -21 -20 -20 -18 -16 -12 -12 -13 -13 -13 -13 -13 -13 -13 -12 -12 -12 -12 -12 -11 -11 -11 -11 -11 -11 -9 -9 -9 -9 -9 -9 -9 -9 -9 -9 -9 -9 -9 -9 -8 -8 -8 -9 -9 -9 -9 -9 -9 -9 -9 -9 -9 -9 -9 -9 -9 -9 -9 -8 -8 -8 -8 -8 -9 -9 -9 -9 -9 -9 -9 -9 -9 -9 -9 -9 -9 -9 -9 -9 -9 -9 -9 -9 -9 -9 -9 -9 -9 -9 -9 -9 -9 -9 -9 -9 -9 -9 -9 -9 -9 -9 -9 -9 -9 -9 -9 -9 -9 -9 -9 -9 -9 -9 -9 -9 -9 -9 -9 -9 -9 -9 -8 -8 -8 -8 -8 -8 -8 -8 -8 -8 -8 -8 -9 -9 -9 -9 -9 -9 -9 -9 -9 -9 -9 -9 -9 -9 -9 -11 -11 -11 -11 -11 -11 -11 -11 -11 -11 -11 -11 -11 -11 -11 -11 -11 -11 -11 -11 -11 -11 -11 -11
-1 -1 -1 -1 -1 -1 -1 -1 -1 -1 -1 -1 -1 -1 -1 -1 -1 -1 -1 -1 -1 -1 -1 -1 -1 -1 -1 -1 -1 -1 -1 -1 -1 -1 -1 97 105 105 102 70 70 12 -56 -56 90 107 76 76 -87 -116 -116 0 37 47 47 42 36 36 30 27 25 25 18 8 8 0 0 0 0 0 25 25 45 42 42 32 24 22 22 21 27 27 37 37 37 22 6 0 0 0 0 0 0 0 0 0 0 0 0 0 0 0 0 0 0 0 0 0 0 0 0 0 0 0 0 0 0 0 0 0 0 0 0 0 0 0 0 0 0 0 13 16 16 15 2 0 0 0 0 0 0 0 0 0 0 0 0 0 0 0 0 8 4 4 0 3 3 0 0 0 0 0 0 0 0 0 0 0 0 6 6 2 0 0 8 110 112 112 104 97 97 -1 -1 -1 -1 -1 -1 -1 -1 -1 -1 -1 -1 -1 -1 -1 -1 -1 -1 -1 -1 -1 -1 -1 -1 -1 -1 -1 -1 -1 -1 -1 -1 -1 -1 -1 -1 -1 -1 -1 -1 -1 -1 -1 -1 -1 -1 -1 -1 -1 -1 -1 -1 -2 -4 -4 -4 -6 -6 -6 -6 -6 -7 -7 -8 -8 -11 -11 -11 -12 -12 -12 -12 -12 -12 -12 -12 -11 -11 -11 -11 -11 -11 -9 -9 -9 -9 -9 -8 -8 -8 -8 -8 -8 -8 -8 -7 -7 -7 -7 -6 -6 -6 -6 -6 -6 -6 -6 -6 -6 -6 -3 -2 -2 -2 -1 -1 -1 -1 -1 -1 -1 -1 -1 -1 -1 -1 -1 -1 -1 -1 -1 -1 -1 -1 -1 -1 96 99 101 101 108 112 112 114 65 0 0 -121 31 31 91 104 104 84 83 -11 -11 -18 -21 -21 -20 -18 -16 -16 -12 -13 -13 -13 -13 -13 -13 -13 -12 -12 -12 -12 -12 -12 -11 -11 -11 -11 -11 -11 -9 -9 -9 -9 -9 -9 -9 -9 -9 -9 -9 -9 -9 -9 -8 -8 -8 -9 -9 -9 -9 -9 -9 -9 -9 -9 -9 -9 -9 -9 -9 -9 -8 -8 -8 -8 -8 -8 -9 -9 -9 -9 -9 -9 -9 -9 -9 -9 -9 -9 -9 -9 -9 -9 -9 -9 -9 -9 -9 -9 -9 -9 -9 -9 -9 -9 -9 -9 -9 -9 -9 -9 -9 -9 -9 -9 -9 -9 -9 -9 -9 -9 -9 -9 -9 -9 -9 -9 -9 -9 -9 -9 -9 -9 -9 -9 -8 -8 -8 -8 -8 -8 -8 -8 -8 -8 -8 -9 -9 -9 -9 -9 -9 -9 -9 -9 -9 -9 -9 -9 -9 -9 -9 -11 -11 -11 -11 -11 -11 -11 -11 -11 -11 -11 -11 -11 -11 -11 -11 -11 -11 -11 -11 -11 -11 -11 -11
-1 -1 -1 -1 -1 -1 -1 -1 -1 -1 -1 -1 -1 -1 -1 -1 -1 -1 -1 -1 -1 -1 -1 -1 -1 -1 -1 -1 -1 -1 -1 -1 -1 -1 -1 -1 -1 99 108 108 111 99 99 104 117 122 122 113 106 106 -41 16 16 26 48 42 42 32 25 25 16 18 20 20 12 0 0 0 0 0 0 19 45 45 49 45 45 37 30 22 22 24 31 31 29 16 4 4 0 0 0 0 0 0 0 0 0 0 0 0 0 0 0 0 0 1 1 1 2 3 3 2 0 0 0 0 0 0 0 0 0 0 0 0 0 0 0 0 0 0 10 10 15 9 9 0 0 0 0 0 0 0 0 0 0 0 0 0 0 0 0 0 9 8 6 6 4 3 3 0 0 0 0 0 1 1 6 4 4 0 2 0 0 0 87 87 112 108 102 102 96 -1 -1 -1 -1 -1 -1 -1 -1 -1 -1 -1 -1 -1 -1 -1 -1 -1 -1 -1 -1 -1 -1 -1 -1 -1 -1 -1 -1 -1 -1 -1 -1 -1 -1 -1 -1 -1 -1 -1 -1 -1 -1 -1 -1 -1 -1 -1 -1 -1 -1 -1 -3 -3 -4 -6 -7 -7 -6 -7 -7 -7 -8 -8 -8 -9 -12 -12 -13 -13 -13 -12 -12 -12 -12 -12 -12 -12 -11 -11 -11 -11 -11 -9 -9 -9 -9 -9 -9 -8 -8 -8 -8 -7 -7 -7 -7 -7 -7 -7 -6 -6 -6 -6 -6 -6 -6 -6 -6 -6 -6 -6 -3 -3 -3 -3 -2 -1 -1 -1 -1 -1 -1 -1 -1 -1 -1 -1 -1 -1 -1 -1 -1 -1 -1 -1 -1 -1 -1 -1 99 105 105 108 107 107 104 36 0 0 38 97 97 97 90 -8 -8 -13 -20 -20 -21 -20 -20 -17 -16 -12 -12 -12 -12 -12 -12 -12 -12 -12 -12 -12 -12 -12 -12 -9 -9 -9 -9 -9 -9 -9 -9 -9 -9 -9 -9 -8 -8 -8 -8 -8 -8 -8 -8 -9 -9 -9 -9 -9 -9 -9 -9 -9 -9 -9 -9 -9 -9 -8 -8 -8 -8 -8 -8 -8 -8 -9 -9 -9 -9 -8 -8 -8 -8 -9 -9 -9 -9 -9 -9 -9 -9 -9 -9 -9 -9 -9 -9 -9 -9 -9 -9 -9 -9 -9 -9 -9 -9 -9 -9 -9 -9 -9 -9 -9 -9 -9 -9 -9 -9 -9 -9 -9 -9 -9 -11 -11 -11 -11 -11 -11 -11 -11 -11 -11 -11 -8 -8 -8 -8 -8 -8 -8 -8 -8 -8 -8 -8 -9 -9 -9 -9 -9 -9 -9 -9 -9 -9 -9 -9 -9 -9 -9 -9 -9 -9 -11 -11 -11 -11 -11 -11 -11 -11 -11 -11 -11 -11 -11 -11 -11 -11 -11 -11 -11 -11 -11
-1 -1 -1 -1 -1 -1 -1 -1 -1 -1 -1 -1 -1 -1 -1 -1 -1 -1 -1 -1 -1 -1 -1 -1 -1 -1 -1 -1 -1 -1 -1 -1 -1 -1 -1 95 97 97 101 105 105 107 116 116 117 114 105 105 112 0 0 14 45 38 38 32 27 27 20 12 18 18 24 21 21 18 3 3 1 6 24 24 45 54 54 56 43 37 37 26 20 20 16 14 14 6 0 0 0 0 0 0 0 1 9 9 14 16 16 13 8 8 2 0 0 0 3 10 10 12 8 0 0 0 0 0 0 0 10 10 6 0 0 0 0 0 0 0 0 0 4 4 4 0 0 0 0 0 0 0 0 0 0 0 0 0 0 0 0 0 0 1 7 7 10 9 9 6 1 1 0 0 0 0 3 9 9 14 1 1 1 0 0 0 107 118 110 110 101 96 96 -1 -1 -1 -1 -1 -1 -1 -1 -1 -1 -1 -1 -1 -1 -1 -1 -1 -1 -1 -1 -1 -1 -1 -1 -1 -1 -1 -1 -1 -1 -1 -1 -1 -1 -1 -1 -1 -1 -1 -1 -1 -1 -1 -1 -1 -1 -1 -1 -1 -3 -3 -4 -7 -7 -7 -7 -7 -7 -8 -8 -8 -9 -9 -12 -12 -13 -13 -13 -12 -12 -12 -12 -12 -11 -11 -11 -11 -11 -11 -11 -9 -9 -9 -9 -9 -9 -9 -8 -8 -7 -7 -7 -7 -7 -7 -7 -6 -6 -6 -6 -6 -6 -6 -6 -6 -6 -6 -6 -6 -6 -4 -4 -4 -3 -2 -2 -2 -1 -1 -1 -1 -1 -1 -1 -1 -1 -1 -1 -1 -1 -1 -1 -1 -1 -1 -1 -1 -1 91 91 99 104 104 108 110 102 102 102 105 105 110 99 99 -6 -1 -14 -14 -20 -20 -20 -18 -17 -16 -16 -11 -11 -11 -12 -12 -12 -12 -12 -11 -11 -11 -11 -11 -11 -9 -9 -9 -9 -9 -9 -9 -8 -8 -8 -8 -8 -8 -8 -8 -8 -8 -8 -8 -8 -9 -9 -9 -9 -9 -9 -9 -9 -9 -9 -9 -9 -9 -9 -8 -8 -8 -8 -8 -8 -9 -9 -9 -9 -8 -8 -8 -8 -8 -8 -8 -8 -8 -8 -8 -8 -8 -9 -9 -9 -9 -9 -9 -9 -9 -9 -9 -9 -9 -9 -9 -9 -9 -9 -9 -9 -9 -9 -9 -9 -9 -9 -9 -9 -9 -9 -9 -9 -9 -9 -9 -9 -9 -9 -9 -9 -9 -9 -9 -9 -9 -9 -8 -8 -8 -8 -8 -8 -8 -8 -8 -8 -8 -8 -8 -9 -9 -9 -9 -9 -9 -9 -9 -9 -9 -9 -9 -9 -9 -9 -9 -9 -9 -11 -11 -11 -11 -11 -11 -11 -11 -11 -11 -11 -11 -11 -11 -11 -11 -11 -11 -11 -11
-1 -1 -1 -1 -1 -1 -1 -1 -1 -1 -1 -1 -1 -1 -1 -1 -1 -1 -1 -1 -1 -1 -1 -1 -1 -1 -1 -1 -1 -1 -1 -1 -1 -1 -1 -1 95 97 101 101 105 107 107 116 117 114 114 105 112 112 0 14 14 45 38 32 32 27 20 20 12 18 24 24 21 18 18 3 1 6 6 24 45 45 54 56 56 43 37 26 26 20 16 16 14 6 0 0 0 0 0 0 0 0 1 9 14 14 16 13 13 8 2 0 0 0 3 3 10 12 12 8 0 0 0 0 0 0 0 10 6 6 0 0 0 0 0 0 0 0 4 4 4 0 0 0 0 0 0 0 0 0 0 0 0 0 0 0 0 0 0 0 1 7 10 10 9 6 6 1 0 0 0 0 3 3 9 14 14 1 1 0 0 0 107 107 118 110 101 101 96 -1 -1 -1 -1 -1 -1 -1 -1 -1 -1 -1 -1 -1 -1 -1 -1 -1 -1 -1 -1 -1 -1 -1 -1 -1 -1 -1 -1 -1 -1 -1 -1 -1 -1 -1 -1 -1 -1 -1 -1 -1 -1 -1 -1 -1 -1 -1 -1 -1 -1 -3 -4 -4 -7 -7 -7 -7 -7 -8 -8 -8 -9 -9 -9 -12 -13 -13 -13 -12 -12 -12 -12 -12 -12 -11 -11 -11 -11 -11 -11 -11 -9 -9 -9 -9 -9 -9 -9 -8 -7 -7 -7 -7 -7 -7 -7 -6 -6 -6 -6 -6 -6 -6 -6 -6 -6 -6 -6 -6 -6 -6 -4 -4 -3 -3 -2 -2 -2 -1 -1 -1 -1 -1 -1 -1 -1 -1 -1 -1 -1 -1 -1 -1 -1 -1 -1 -1 -1 -1 91 99 99 104 108 108 110 102 102 102 105 110 110 99 -6 -1 -1 -14 -20 -20 -20 -18 -18 -17 -16 -11 -11 -11 -12 -12 -12 -12 -12 -12 -11 -11 -11 -11 -11 -9 -9 -9 -9 -9 -9 -9 -9 -8 -8 -8 -8 -8 -8 -8 -8 -8 -8 -8 -8 -9 -9 -9 -9 -9 -9 -9 -9 -9 -9 -9 -9 -9 -9 -8 -8 -8 -8 -8 -8 -9 -9 -9 -9 -8 -8 -8 -8 -8 -8 -8 -8 -8 -8 -8 -8 -8 -9 -9 -9 -9 -9 -9 -9 -9 -9 -9 -9 -9 -9 -9 -9 -9 -9 -9 -9 -9 -9 -9 -9 -9 -9 -9 -9 -9 -9 -9 -9 -9 -9 -9 -9 -9 -9 -9 -9 -9 -9 -9 -9 -9 -9 -8 -8 -8 -8 -8 -8 -8 -8 -8 -8 -8 -8 -8 -9 -9 -9 -9 -9 -9 -9 -9 -9 -9 -9 -9 -9 -9 -9 -9 -9 -9 -11 -11 -11 -11 -11 -11 -11 -11 -11 -11 -11 -11 -11 -11 -11 -11 -11 -11 -11 -11
-1 -1 -1 -1 -1 -1 -1 -1 -1 -1 -1 -1 -1 -1 -1 -1 -1 -1 -1 -1 -1 -1 -1 -1 -1 -1 -1 -1 -1 -1 -1 97 95 95 94 94 100 100 105 104 104 107 112 112 120 119 117 117 79 0 0 24 50 45 45 43 43 43 35 22 25 25 33 31 31 30 15 15 14 15 22 22 35 38 38 38 30 30 30 25 18 18 9 3 3 1 0 6 6 4 4 4 6 10 15 15 18 18 18 7 2 2 0 0 0 0 6 14 14 16 7 1 1 2 0 0 8 2 8 8 0 0 0 0 0 0 0 0 0 0 0 0 0 0 0 0 0 0 0 0 0 0 0 0 0 0 0 0 0 0 0 0 4 4 12 13 13 9 3 3 0 0 0 0 0 3 3 9 12 8 8 16 18 18 117 110 111 111 101 95 95 -1 -1 -1 -1 -1 -1 -1 -1 -1 -1 -1 -1 -1 -1 -1 -1 -1 -1 -1 -1 -1 -1 -1 -1 -1 -1 -1 -1 -1 -1 -1 -1 -1 -1 -1 -1 -1 -1 -1 -1 -1 -1 -1 -1 -1 -1 -2 -2 -3 -4 -4 -4 -7 -8 -8 -8 -8 -8 -8 -9 -9 -9 -12 -13 -13 -12 -12 -12 -12 -12 -12 -12 -12 -11 -11 -11 -11 -11 -11 -11 -9 -9 -9 -9 -9 -9 -9 -7 -7 -7 -7 -7 -7 -6 -6 -6 -6 -6 -6 -6 -6 -6 -6 -6 -6 -6 -6 -6 -6 -6 -4 -4 -4 -3 -3 -3 -2 -1 -1 -1 -1 -1 -1 -1 -1 -1 -1 -1 -1 -1 -1 -1 -1 -1 -1 -1 -1 -1 -1 -1 89 100 100 107 116 107 107 106 100 100 94 88 88 -7 -8 -16 -16 -21 -21 -21 -18 -16 -16 -16 -11 -9 -9 -11 -11 -11 -11 -11 -11 -11 -11 -11 -11 -11 -9 -9 -9 -9 -8 -8 -8 -8 -8 -8 -8 -8 -8 -8 -8 -8 -8 -8 -8 -8 -9 -9 -9 -9 -9 -9 -9 -9 -9 -9 -9 -9 -9 -9 -8 -8 -8 -8 -8 -8 -9 -8 -8 -8 -8 -7 -7 -7 -7 -7 -7 -8 -8 -8 -8 -8 -8 -9 -9 -9 -9 -9 -9 -9 -9 -9 -9 -9 -9 -9 -9 -9 -9 -9 -9 -9 -9 -9 -9 -8 -8 -8 -8 -8 -8 -8 -8 -8 -8 -8 -8 -9 -9 -9 -9 -9 -9 -9 -9 -9 -9 -9 -8 -8 -8 -8 -8 -8 -8 -8 -8 -8 -8 -8 -8 -8 -9 -9 -9 -9 -9 -9 -9 -9 -9 -9 -9 -9 -9 -9 -9 -9 -9 -11 -11 -11 -9 -9 -9 -9 -9 -9 -9 -9 -9 -9 -9 -11 -11 -11 -11 -11 -11
-1 -1 -1 -1 -1 -1 -1 -1 -1 -1 -1 -1 -1 -1 -1 -1 -1 -1 -1 -1 -1 -1 -1 -1 -1 -1 -1 -1 -1 -1 -1 97 97 95 94 94 94 100 105 105 104 107 107 112 120 119 119 117 79 79 0 24 24 50 45 43 43 43 35 35 22 25 33 33 31 30 30 15 14 15 15 22 35 35 38 38 38 30 30 25 25 18 9 9 3 1 0 0 6 4 4 4 6 6 10 15 18 18 18 7 7 2 0 0 0 0 6 6 14 16 16 7 1 2 2 0 8 8 2 8 0 0 0 0 0 0 0 0 0 0 0 0 0 0 0 0 0 0 0 0 0 0 0 0 0 0 0 0 0 0 0 0 0 4 12 12 13 9 9 3 0 0 0 0 0 0 3 9 9 12 8 16 16 18 117 117 110 111 101 101 95 -1 -1 -1 -1 -1 -1 -1 -1 -1 -1 -1 -1 -1 -1 -1 -1 -1 -1 -1 -1 -1 -1 -1 -1 -1 -1 -1 -1 -1 -1 -1 -1 -1 -1 -1 -1 -1 -1 -1 -1 -1 -1 -1 -1 -1 -1 -1 -2 -3 -3 -4 -4 -4 -7 -8 -8 -8 -8 -8 -8 -9 -9 -12 -12 -13 -12 -12 -12 -12 -12 -12 -12 -12 -12 -11 -11 -11 -11 -11 -11 -11 -9 -9 -9 -9 -9 -9 -9 -7 -7 -7 -7 -7 -7 -6 -6 -6 -6 -6 -6 -6 -6 -6 -6 -6 -6 -6 -6 -6 -6 -6 -4 -4 -3 -3 -3 -2 -2 -1 -1 -1 -1 -1 -1 -1 -1 -1 -1 -1 -1 -1 -1 -1 -1 -1 -1 -1 -1 -1 -1 89 89 100 107 107 116 107 106 106 100 94 94 88 -7 -8 -8 -16 -21 -21 -21 -18 -18 -16 -16 -11 -11 -9 -11 -11 -11 -11 -11 -11 -11 -11 -11 -11 -11 -9 -9 -9 -9 -9 -8 -8 -8 -8 -8 -8 -8 -8 -8 -8 -8 -8 -8 -8 -8 -9 -9 -9 -9 -9 -9 -9 -9 -9 -9 -9 -9 -9 -9 -8 -8 -8 -8 -8 -8 -9 -9 -8 -8 -8 -8 -7 -7 -7 -7 -7 -8 -8 -8 -8 -8 -8 -9 -9 -9 -9 -9 -9 -9 -9 -9 -9 -9 -9 -9 -9 -9 -9 -9 -9 -9 -9 -9 -9 -9 -8 -8 -8 -8 -8 -8 -8 -8 -8 -8 -8 -9 -9 -9 -9 -9 -9 -9 -9 -9 -9 -9 -8 -8 -8 -8 -8 -8 -8 -8 -8 -8 -8 -8 -8 -8 -9 -9 -9 -9 -9 -9 -9 -9 -9 -9 -9 -9 -9 -9 -9 -9 -9 -11 -11 -11 -9 -9 -9 -9 -9 -9 -9 -9 -9 -9 -9 -9 -11 -11 -11 -11 -11
-1 -1 -1 -1 -1 -1 -1 -1 -1 -1 -1 -1 -1 -1 -1 -1 -1 -1 -1 -1 -1 -1 -1 -1 -1 -1 -1 -1 -1 -1 -1 101 105 105 106 102 105 105 106 102 102 106 113 113 111 118 113 113 16 16 16 48 72 73 73 72 72 72 60 39 36 36 39 35 35 31 16 16 15 15 16 16 19 12 12 4 12 16 16 19 15 15 7 4 4 7 9 6 6 4 3 3 6 9 14 14 15 15 15 6 3 3 0 0 4 4 15 21 21 20 2 0 0 0 0 0 3 0 7 7 0 0 0 0 0 0 0 3 8 8 6 1 1 2 2 0 0 0 0 0 0 0 0 0 0 0 0 0 0 0 0 0 4 4 13 20 20 15 7 7 0 0 0 0 0 0 0 6 10 0 0 25 64 64 105 112 113 113 100 95 95 -1 -1 -1 -1 -1 -1 -1 -1 -1 -1 -1 -1 -1 -1 -1 -1 -1 -1 -1 -1 -1 -1 -1 -1 -1 -1 -1 -1 -1 -1 -1 -1 -1 -1 -1 -1 -1 -1 -1 -1 -1 -1 -1 -1 -1 -2 -2 -2 -3 -4 -4 -6 -7 -8 -8 -8 -8 -8 -9 -9 -9 -12 -13 -12 -12 -12 -12 -12 -12 -12 -12 -12 -11 -11 -11 -9 -11 -11 -11 -11 -9 -9 -9 -9 -9 -9 -8 -7 -7 -7 -7 -7 -7 -6 -6 -6 -6 -6 -6 -6 -6 -6 -6 -6 -6 -6 -6 -6 -6 -6 -4 -4 -4 -4 -3 -3 -2 -2 -2 -1 -1 -1 -1 -1 -1 -1 -1 -1 -1 -1 -1 -1 -1 -1 -1 -1 -1 -1 -1 -1 -1 -1 -1 93 107 107 107 104 100 100 96 84 84 -6 -14 -17 -17 -21 -21 -21 -16 -16 -14 -14 -11 -9 -9 -11 -11 -11 -11 -11 -11 -11 -11 -11 -11 -11 -9 -9 -9 -8 -8 -8 -8 -8 -8 -8 -8 -8 -8 -8 -8 -8 -8 -8 -8 -8 -9 -9 -9 -9 -9 -9 -9 -9 -9 -9 -9 -9 -9 -9 -8 -8 -8 -8 -9 -9 -8 -8 -8 -8 -8 -7 -7 -7 -7 -7 -7 -7 -7 -7 -7 -7 -7 -9 -9 -9 -9 -9 -9 -9 -9 -9 -9 -9 -9 -9 -9 -9 -9 -9 -9 -9 -9 -9 -9 -8 -8 -8 -8 -8 -8 -8 -8 -8 -8 -8 -8 -8 -8 -8 -8 -8 -8 -8 -8 -8 -8 -8 -8 -8 -8 -8 -8 -8 -8 -8 -8 -8 -8 -7 -7 -8 -8 -9 -9 -9 -9 -9 -9 -9 -9 -9 -9 -9 -9 -9 -9 -9 -9 -11 -11 -11 -9 -9 -9 -9 -9 -9 -9 -9 -9 -9 -9 -11 -11 -11 -11 -11 -11
-1 -1 -1 -1 -1 -1 -1 -1 -1 -1 -1 -1 -1 -1 -1 -1 -1 -1 -1 -1 -1 -1 -1 -1 -1 -1 100 99 100 100 108 113 113 113 112 112 114 105 112 112 112 104 104 116 112 114 114 101 0 0 45 55 55 66 82 100 100 111 99 99 73 52 38 38 29 22 22 25 27 24 24 20 0 0 0 0 0 0 0 6 6 1 0 0 2 3 6 6 8 6 6 7 7 7 7 14 21 21 20 16 16 14 14 21 21 32 37 37 36 31 31 15 3 9 9 7 16 16 9 1 0 0 0 0 0 0 1 8 8 8 6 6 4 7 7 0 0 0 0 0 0 0 0 0 0 0 0 0 0 0 0 0 9 19 9 9 8 3 3 0 0 2 2 0 0 0 0 0 0 3 0 35 35 108 108 108 108 107 -1 -1 -1 -1 -1 -1 -1 -1 -1 -1 -1 -1 -1 -1 -1 -1 -1 -1 -1 -1 -1 -1 -1 -1 -1 -1 -1 -1 -1 -1 -1 -1 -1 -1 -1 -1 -1 -1 -1 -1 -1 -1 -1 -1 -1 -1 -3 -3 -3 -4 -4 -6 -6 -6 -7 -7 -7 -8 -9 -9 -9 -11 -11 -11 -12 -12 -12 -13 -12 -12 -12 -12 -12 -12 -12 -11 -11 -11 -11 -11 -9 -9 -9 -9 -9 -9 -9 -8 -8 -8 -8 -7 -7 -7 -7 -7 -7 -7 -7 -6 -6 -6 -7 -7 -7 -6 -6 -6 -6 -6 -6 -4 -4 -4 -6 -4 -4 -4 -4 -3 -3 -3 -2 -2 -2 -1 -2 -2 -1 -1 -1 -1 -1 -1 -1 -1 -1 -1 -1 -1 -1 -1 -1 -1 -1 -1 -1 -1 94 91 90 90 -1 -1 -1 -6 -12 -16 -16 -23 -22 -22 -20 -16 -16 -13 -9 -8 -8 -8 -9 -9 -9 -9 -9 -9 -8 -9 -9 -9 -9 -8 -8 -8 -8 -8 -8 -8 -8 -8 -8 -8 -8 -8 -8 -8 -8 -8 -8 -8 -8 -8 -8 -8 -9 -9 -9 -9 -9 -9 -9 -8 -8 -8 -8 -7 -7 -7 -7 -7 -7 -7 -7 -7 -6 -6 -6 -7 -7 -7 -7 -7 -7 -7 -7 -7 -7 -7 -8 -8 -8 -8 -8 -8 -8 -8 -8 -8 -8 -9 -9 -9 -9 -9 -9 -9 -8 -8 -8 -8 -8 -8 -8 -8 -8 -8 -8 -8 -8 -8 -8 -8 -8 -7 -7 -7 -7 -7 -7 -7 -7 -7 -7 -7 -7 -7 -7 -7 -7 -7 -7 -7 -7 -7 -7 -8 -8 -8 -8 -9 -9 -9 -9 -9 -9 -11 -9 -9 -9 -9 -9 -9 -9 -9 -9 -9 -9 -9 -9 -9 -9 -9 -9 -9 -9 -9 -9 -9 -9 -9 -11 -11 -11 -11
-1 -1 -1 -1 -1 -1 -1 -1 -1 -1 -1 -1 -1 -1 -1 -1 -1 -1 -1 -1 -1 -1 -1 -1 -1 100 100 99 100 108 108 113 113 113 112 114 105 105 112 112 112 104 116 116 112 114 101 101 0 45 45 55 66 82 82 100 111 111 99 73 52 52 38 29 29 22 25 25 27 24 20 20 0 0 0 0 0 0 0 6 1 1 0 2 2 3 6 8 8 6 7 7 7 7 14 14 21 20 20 16 14 14 14 21 32 32 37 36 36 31 15 3 3 9 7 7 16 9 1 1 0 0 0 0 0 0 1 8 8 8 6 4 4 7 0 0 0 0 0 0 0 0 0 0 0 0 0 0 0 0 0 9 19 19 9 8 8 3 0 0 0 2 0 0 0 0 0 0 3 0 0 35 108 108 108 108 107 107 -1 -1 -1 -1 -1 -1 -1 -1 -1 -1 -1 -1 -1 -1 -1 -1 -1 -1 -1 -1 -1 -1 -1 -1 -1 -1 -1 -1 -1 -1 -1 -1 -1 -1 -1 -1 -1 -1 -1 -1 -1 -1 -1 -1 -1 -3 -3 -3 -4 -4 -4 -6 -6 -6 -7 -7 -8 -8 -9 -9 -9 -11 -11 -11 -12 -12 -13 -13 -12 -12 -12 -12 -12 -12 -12 -11 -11 -11 -11 -9 -9 -9 -9 -9 -9 -9 -8 -8 -8 -8 -7 -7 -7 -7 -7 -7 -7 -7 -7 -6 -6 -6 -7 -7 -7 -6 -6 -6 -6 -6 -4 -4 -4 -6 -4 -4 -4 -4 -4 -3 -3 -3 -2 -2 -1 -1 -2 -1 -1 -1 -1 -1 -1 -1 -1 -1 -1 -1 -1 -1 -1 -1 -1 -1 -1 -1 -1 94 91 91 90 -1 -1 -1 -6 -6 -12 -16 -23 -23 -22 -20 -20 -16 -13 -9 -9 -8 -8 -8 -9 -9 -9 -9 -9 -8 -8 -9 -9 -9 -9 -8 -8 -8 -8 -8 -8 -8 -8 -8 -8 -8 -8 -8 -8 -8 -8 -8 -8 -8 -8 -8 -8 -8 -9 -9 -9 -9 -9 -9 -9 -8 -8 -8 -8 -7 -7 -7 -7 -7 -7 -7 -7 -6 -6 -6 -7 -7 -7 -7 -7 -7 -7 -7 -7 -7 -7 -7 -8 -8 -8 -8 -8 -8 -8 -8 -8 -8 -8 -9 -9 -9 -9 -9 -9 -9 -8 -8 -8 -8 -8 -8 -8 -8 -8 -8 -8 -8 -8 -8 -8 -8 -8 -7 -7 -7 -7 -7 -7 -7 -7 -7 -7 -7 -7 -7 -7 -7 -7 -7 -7 -7 -7 -7 -8 -8 -8 -8 -9 -9 -9 -9 -9 -9 -11 -9 -9 -9 -9 -9 -9 -9 -9 -9 -9 -9 -9 -9 -9 -9 -9 -9 -9 -9 -9 -9 -9 -9 -9 -9 -11 -11 -11 -11
-1 -1 -1 -1 -1 -1 -1 -1 -1 -1 -1 -1 -1 -1 -1 -1 -1 -1 -1 -1 -1 -1 -1 -1 -1 -1 96 102 107 107 112 114 114 116 118 118 117 114 107 107 110 113 113 107 108 107 107 33 1 1 42 38 38 52 76 99 99 117 111 111 84 58 38 38 31 20 20 16 19 16 16 9 0 0 0 0 0 0 0 0 0 0 0 0 0 0 4 4 15 12 12 9 8 8 10 19 27 27 30 27 27 26 26 31 31 39 42 42 39 37 37 27 19 25 25 25 27 27 19 0 0 0 0 0 0 0 4 10 10 10 4 4 1 0 0 0 0 0 0 0 0 0 0 0 0 0 0 0 0 0 1 1 19 25 13 13 2 0 0 0 0 4 4 0 0 0 0 0 0 0 13 73 73 120 113 113 106 100 -1 -1 -1 -1 -1 -1 -1 -1 -1 -1 -1 -1 -1 -1 -1 -1 -1 -1 -1 -1 -1 -1 -1 -1 -1 -1 -1 -1 -1 -1 -1 -1 -1 -1 -1 -1 -1 -1 -1 -1 -1 -1 -1 -1 -1 -1 -3 -4 -4 -4 -6 -6 -6 -7 -7 -7 -7 -8 -9 -9 -9 -11 -11 -11 -12 -12 -12 -13 -12 -12 -12 -12 -12 -12 -11 -11 -11 -11 -11 -11 -9 -9 -9 -9 -9 -8 -8 -8 -8 -8 -8 -7 -7 -7 -7 -7 -7 -7 -7 -6 -6 -6 -7 -7 -7 -6 -6 -6 -6 -6 -6 -4 -4 -4 -6 -4 -4 -4 -4 -3 -3 -3 -3 -2 -2 -1 -1 -1 -2 -1 -1 -1 -1 -1 -1 -1 -1 -1 -1 -1 -1 -1 -1 -1 -1 -1 -1 -1 87 -1 -1 -1 -1 -3 -3 -12 -16 -20 -20 -23 -21 -21 -18 -14 -14 -12 -9 -8 -8 -8 -8 -8 -8 -8 -8 -8 -8 -9 -9 -9 -9 -8 -8 -8 -8 -8 -8 -8 -8 -8 -8 -8 -8 -8 -8 -8 -8 -8 -8 -8 -8 -8 -8 -8 -9 -9 -9 -9 -9 -9 -9 -8 -8 -8 -8 -7 -7 -7 -7 -7 -7 -7 -7 -6 -6 -6 -6 -6 -6 -6 -6 -6 -6 -6 -6 -6 -6 -6 -7 -7 -7 -7 -7 -7 -7 -8 -8 -8 -8 -8 -8 -8 -8 -8 -8 -8 -8 -8 -8 -8 -8 -8 -8 -8 -8 -8 -8 -8 -8 -8 -8 -7 -7 -7 -7 -7 -7 -7 -7 -7 -7 -7 -7 -7 -7 -7 -7 -7 -7 -7 -7 -7 -7 -7 -7 -8 -8 -8 -8 -8 -9 -9 -9 -9 -9 -9 -9 -9 -9 -9 -9 -9 -9 -9 -9 -9 -9 -9 -9 -9 -9 -9 -9 -9 -9 -9 -9 -9 -9 -9 -11 -11 -11 -11
-1 -1 -1 -1 -1 -1 -1 -1 -1 -1 -1 -1 -1 -1 -1 -1 -1 -1 -1 -1 -1 -1 -1 -1 -1 95 95 111 111 99 99 93 95 95 104 105 117 117 111 111 111 111 106 106 108 96 0 0 37 26 26 35 30 58 58 82 104 104 101 77 53 53 36 27 27 19 6 6 4 0 0 0 0 0 0 0 0 0 0 0 0 0 0 0 0 0 4 21 21 18 15 15 8 4 10 10 18 18 18 15 15 15 16 20 24 24 26 27 27 26 31 30 30 31 32 32 26 19 0 0 0 0 0 0 0 0 4 8 7 7 0 0 0 0 0 0 0 0 0 0 0 0 0 0 0 0 0 0 1 1 7 22 24 24 8 0 0 0 0 0 0 6 1 1 0 0 0 0 0 64 64 107 117 117 111 106 94 94 -1 -1 -1 -1 -1 -1 -1 -1 -1 -1 -1 -1 -1 -1 -1 -1 -1 -1 -1 -1 -1 -1 -1 -1 -1 -1 -1 -1 -1 -1 -1 -1 -1 -1 -1 -1 -1 -1 -1 -1 -1 -1 -2 -2 -2 -4 -4 -4 -6 -7 -7 -7 -7 -7 -8 -8 -11 -11 -11 -11 -11 -11 -11 -11 -12 -12 -12 -12 -12 -12 -12 -12 -12 -11 -11 -11 -11 -11 -11 -9 -9 -9 -9 -9 -9 -8 -8 -8 -8 -8 -7 -7 -7 -7 -7 -7 -7 -7 -7 -6 -6 -6 -7 -7 -7 -6 -6 -6 -6 -6 -4 -4 -4 -6 -4 -4 -4 -4 -4 -3 -3 -3 -3 -3 -2 -2 -1 -2 -2 -1 -1 -1 -1 -1 -1 -1 -1 -1 -1 -1 -1 -1 -1 -1 -1 -1 -1 -1 -1 -1 -1 -3 -3 -9 -14 -14 -18 -22 -22 -22 -20 -17 -17 -14 -12 -8 -8 -8 -8 -8 -8 -8 -8 -8 -7 -7 -7 -8 -8 -8 -8 -7 -7 -7 -7 -7 -7 -7 -7 -7 -7 -7 -8 -8 -8 -8 -8 -8 -8 -8 -8 -8 -8 -8 -9 -9 -9 -9 -8 -8 -8 -8 -8 -8 -8 -7 -7 -7 -7 -6 -6 -6 -6 -6 -6 -6 -6 -6 -6 -6 -6 -6 -6 -6 -6 -6 -6 -6 -7 -7 -7 -7 -8 -8 -8 -8 -8 -8 -8 -8 -8 -8 -8 -8 -8 -8 -8 -8 -8 -8 -8 -8 -8 -8 -8 -8 -8 -7 -7 -7 -7 -7 -7 -7 -7 -7 -7 -7 -7 -7 -7 -7 -7 -8 -8 -8 -8 -8 -8 -8 -8 -8 -8 -8 -8 -8 -8 -9 -9 -9 -9 -9 -9 -11 -11 -9 -9 -9 -9 -9 -9 -9 -9 -9 -9 -9 -9 -11 -11 -11 -11 -11 -11 -11 -11 -11 -11 -11 -11 -11 -11 -11 -11 -11
-1 -1 -1 -1 -1 -1 -1 -1 -1 -1 -1 -1 -1 -1 -1 -1 -1 -1 -1 -1 -1 -1 -1 -1 -1 -1 95 111 111 111 99 93 93 95 104 104 105 117 111 111 111 111 111 106 108 96 96 0 37 37 26 35 35 30 58 82 82 104 101 101 77 53 36 36 27 19 19 6 4 0 0 0 0 0 0 0 0 0 0 0 0 0 0 0 0 0 4 4 21 18 18 15 8 8 4 10 18 18 18 15 15 15 16 20 20 24 26 26 27 26 26 31 30 31 31 32 26 26 19 0 0 0 0 0 0 0 4 8 8 7 0 0 0 0 0 0 0 0 0 0 0 0 0 0 0 0 0 0 0 1 7 7 22 24 8 8 0 0 0 0 0 6 6 1 0 0 0 0 0 0 64 107 107 117 111 111 106 94 -1 -1 -1 -1 -1 -1 -1 -1 -1 -1 -1 -1 -1 -1 -1 -1 -1 -1 -1 -1 -1 -1 -1 -1 -1 -1 -1 -1 -1 -1 -1 -1 -1 -1 -1 -1 -1 -1 -1 -1 -1 -1 -1 -2 -2 -2 -4 -4 -4 -6 -7 -7 -7 -7 -8 -8 -8 -11 -11 -11 -11 -11 -11 -11 -12 -12 -12 -12 -12 -12 -12 -12 -12 -12 -11 -11 -11 -11 -11 -11 -9 -9 -9 -9 -9 -8 -8 -8 -8 -8 -8 -7 -7 -7 -7 -7 -7 -7 -7 -6 -6 -6 -7 -7 -7 -6 -6 -6 -6 -6 -6 -4 -4 -4 -6 -4 -4 -4 -4 -3 -3 -3 -3 -3 -3 -2 -1 -1 -2 -1 -1 -1 -1 -1 -1 -1 -1 -1 -1 -1 -1 -1 -1 -1 -1 -1 -1 -1 -1 -1 -1 -1 -3 -9 -9 -14 -18 -22 -22 -22 -20 -20 -17 -14 -14 -12 -8 -8 -8 -8 -8 -8 -8 -8 -7 -7 -7 -8 -8 -8 -8 -7 -7 -7 -7 -7 -7 -7 -7 -7 -7 -7 -7 -8 -8 -8 -8 -8 -8 -8 -8 -8 -8 -8 -9 -9 -9 -9 -8 -8 -8 -8 -8 -8 -8 -7 -7 -7 -7 -7 -6 -6 -6 -6 -6 -6 -6 -6 -6 -6 -6 -6 -6 -6 -6 -6 -6 -6 -7 -7 -7 -7 -8 -8 -8 -8 -8 -8 -8 -8 -8 -8 -8 -8 -8 -8 -8 -8 -8 -8 -8 -8 -8 -8 -8 -8 -8 -8 -7 -7 -7 -7 -7 -7 -7 -7 -7 -7 -7 -7 -7 -7 -7 -8 -8 -8 -8 -8 -8 -8 -8 -8 -8 -8 -8 -8 -8 -9 -9 -9 -9 -9 -9 -11 -11 -11 -9 -9 -9 -9 -9 -9 -9 -9 -9 -9 -9 -11 -11 -11 -11 -11 -11 -11 -11 -11 -11 -11 -11 -11 -11 -11 -11 -11
-1 -1 -1 -1 -1 -1 -1 -1 -1 -1 -1 -1 -1 -1 -1 -1 -1 -1 -1 -1 -1 -1 -1 -1 -1 102 102 110 99 73 73 0 0 0 0 0 31 31 95 105 105 108 108 108 47 3 20 20 44 43 43 37 38 55 55 71 84 84 79 62 42 42 32 27 27 15 0 0 0 0 0 0 0 0 0 0 0 0 0 0 0 0 0 0 0 0 6 27 27 25 21 21 14 7 9 9 12 8 8 1 2 2 6 8 9 9 14 15 15 16 26 29 29 24 25 25 14 12 0 0 0 0 0 0 7 7 6 4 2 2 0 0 0 0 0 0 0 0 0 0 0 0 0 0 0 0 0 2 2 2 4 15 16 16 3 0 0 0 0 0 0 0 2 2 0 0 0 0 50 108 108 116 108 108 107 99 94 94 -1 -1 -1 -1 -1 -1 -1 -1 -1 -1 -1 -1 -1 -1 -1 -1 -1 -1 -1 -1 -1 -1 -1 -1 -1 -1 -1 -1 -1 -1 -1 -1 -1 -1 -1 -1 -1 -1 -1 -1 -1 -2 -3 -3 -3 -6 -6 -6 -7 -7 -7 -7 -8 -8 -9 -9 -11 -11 -11 -11 -11 -11 -11 -11 -11 -12 -12 -12 -12 -12 -12 -12 -11 -11 -11 -11 -11 -11 -9 -9 -9 -9 -9 -8 -8 -8 -8 -8 -8 -7 -7 -7 -7 -7 -7 -7 -7 -7 -7 -6 -6 -6 -7 -7 -7 -6 -6 -6 -6 -6 -4 -4 -4 -4 -4 -4 -4 -4 -4 -4 -3 -3 -3 -3 -2 -2 -2 -1 -1 -2 -1 -1 -1 -1 -1 -1 -1 -1 -1 -1 -1 -1 -1 -1 -1 -1 -1 -1 -1 -1 -2 -6 -6 -11 -14 -14 -17 -20 -20 -20 -18 -16 -16 -12 -11 -8 -8 -7 -7 -7 -7 -7 -7 -7 -7 -7 -7 -8 -8 -8 -8 -7 -7 -7 -7 -7 -7 -7 -7 -7 -7 -7 -8 -8 -8 -8 -8 -8 -8 -8 -8 -8 -8 -8 -8 -8 -8 -8 -8 -8 -8 -8 -8 -8 -8 -6 -6 -6 -6 -6 -6 -6 -6 -6 -6 -6 -6 -6 -6 -6 -6 -6 -6 -6 -6 -6 -6 -6 -4 -4 -6 -6 -6 -6 -6 -6 -6 -6 -6 -7 -7 -7 -8 -8 -8 -8 -8 -8 -8 -8 -8 -8 -8 -8 -7 -7 -7 -7 -7 -7 -7 -7 -7 -7 -7 -7 -7 -7 -7 -6 -6 -6 -6 -8 -8 -8 -8 -8 -8 -8 -8 -8 -8 -8 -8 -8 -8 -8 -8 -8 -9 -9 -9 -9 -9 -9 -9 -9 -9 -9 -9 -9 -9 -9 -9 -9 -9 -11 -11 -11 -11 -11 -11 -11 -11 -11 -11 -11 -11 -11 -11 -11 -11 -11
-1 -1 -1 -1 -1 -1 -1 -1 -1 -1 -1 -1 -1 -1 -1 -1 -1 -1 -1 -1 -1 -1 -1 -1 -1 -1 102 110 99 99 73 0 0 0 0 0 0 31 95 95 105 108 108 108 47 3 3 20 44 44 43 37 37 38 55 71 71 84 79 79 62 42 32 32 27 15 15 0 0 0 0 0 0 0 0 0 0 0 0 0 0 0 0 0 0 0 6 6 27 25 25 21 14 14 7 9 12 12 8 1 1 2 6 8 8 9 14 14 15 16 16 26 29 24 24 25 14 14 12 0 0 0 0 0 0 7 6 4 4 2 0 0 0 0 0 0 0 0 0 0 0 0 0 0 0 0 0 2 2 2 4 4 15 16 3 3 0 0 0 0 0 0 0 2 0 0 0 0 0 50 108 116 116 108 107 107 99 94 -1 -1 -1 -1 -1 -1 -1 -1 -1 -1 -1 -1 -1 -1 -1 -1 -1 -1 -1 -1 -1 -1 -1 -1 -1 -1 -1 -1 -1 -1 -1 -1 -1 -1 -1 -1 -1 -1 -1 -1 -1 -2 -2 -3 -3 -3 -6 -6 -6 -7 -7 -7 -7 -8 -9 -9 -9 -11 -11 -11 -11 -11 -11 -11 -11 -12 -12 -12 -12 -12 -12 -12 -12 -11 -11 -11 -11 -11 -9 -9 -9 -9 -9 -9 -8 -8 -8 -8 -8 -8 -7 -7 -7 -7 -7 -7 -7 -7 -7 -6 -6 -6 -7 -7 -7 -6 -6 -6 -6 -6 -6 -4 -4 -4 -4 -4 -4 -4 -4 -4 -4 -3 -3 -3 -3 -2 -2 -2 -1 -2 -2 -1 -1 -1 -1 -1 -1 -1 -1 -1 -1 -1 -1 -1 -1 -1 -1 -1 -1 -1 -2 -2 -6 -11 -11 -14 -17 -20 -20 -20 -18 -18 -16 -12 -12 -11 -8 -7 -7 -7 -7 -7 -7 -7 -7 -7 -7 -8 -8 -8 -8 -7 -7 -7 -7 -7 -7 -7 -7 -7 -7 -7 -7 -8 -8 -8 -8 -8 -8 -8 -8 -8 -8 -8 -8 -8 -8 -8 -8 -8 -8 -8 -8 -8 -8 -6 -6 -6 -6 -6 -6 -6 -6 -6 -6 -6 -6 -6 -6 -6 -6 -6 -6 -6 -6 -6 -6 -6 -4 -4 -4 -6 -6 -6 -6 -6 -6 -6 -6 -7 -7 -7 -8 -8 -8 -8 -8 -8 -8 -8 -8 -8 -8 -8 -8 -7 -7 -7 -7 -7 -7 -7 -7 -7 -7 -7 -7 -7 -7 -6 -6 -6 -6 -8 -8 -8 -8 -8 -8 -8 -8 -8 -8 -8 -8 -8 -8 -8 -8 -8 -9 -9 -9 -9 -9 -9 -9 -9 -9 -9 -9 -9 -9 -9 -9 -9 -9 -11 -11 -11 -11 -11 -11 -11 -11 -11 -11 -11 -11 -11 -11 -11 -11 -11
-1 -1 -1 -1 -1 -1 -1 -1 -1 -1 -1 -1 -1 -1 -1 -1 -1 -1 -1 -1 -1 -1 -1 -1 -1 93 93 104 113 110 110 50 12 12 2 65 15 15 0 1 1 60 49 49 6 0 59 59 56 49 49 49 38 61 61 64 65 65 56 42 31 31 21 19 19 10 0 0 0 0 0 0 0 0 0 0 0 0 0 0 0 0 0 0 0 0 7 22 22 24 22 22 13 4 8 8 12 9 9 0 0 0 2 4 6 6 9 12 12 13 22 26 26 22 22 22 14 9 0 0 0 0 0 7 14 14 10 4 0 0 0 0 0 0 0 0 0 0 0 0 0 0 0 0 0 4 4 7 2 2 1 13 14 14 6 0 0 0 0 0 0 0 0 0 0 0 0 25 93 112 112 110 113 113 102 90 90 90 -1 -1 -1 -1 -1 -1 -1 -1 -1 -1 -1 -1 -1 -1 -1 -1 -1 -1 -1 -1 -1 -1 -1 -1 -1 -1 -1 -1 -1 -1 -1 -1 -1 -1 -1 -1 -1 -1 -1 -1 -2 -3 -4 -4 -4 -7 -7 -6 -7 -7 -7 -8 -8 -8 -9 -9 -9 -9 -11 -11 -11 -11 -11 -11 -11 -11 -12 -12 -12 -11 -11 -11 -11 -11 -11 -9 -9 -9 -9 -9 -9 -8 -8 -8 -8 -8 -7 -7 -7 -7 -7 -7 -7 -7 -7 -7 -7 -7 -7 -6 -6 -6 -7 -7 -7 -6 -6 -6 -6 -6 -4 -4 -4 -4 -4 -4 -4 -4 -4 -4 -3 -3 -3 -3 -3 -3 -3 -2 -2 -1 -1 -1 -1 -1 -1 -1 -1 -1 -1 -1 -1 -1 -1 -1 -1 -1 -1 -1 -1 -1 -2 -6 -6 -8 -13 -13 -16 -16 -17 -17 -16 -13 -13 -11 -9 -7 -7 -7 -7 -7 -6 -6 -6 -6 -6 -6 -6 -7 -7 -7 -7 -6 -7 -7 -7 -7 -7 -7 -7 -7 -7 -7 -7 -7 -7 -7 -7 -7 -7 -7 -7 -7 -7 -7 -8 -8 -8 -8 -8 -8 -8 -8 -8 -8 -8 -6 -6 -6 -6 -6 -6 -4 -4 -4 -4 -4 -4 -4 -4 -4 -4 -4 -4 -4 -4 -4 -4 -4 -4 -4 -4 -4 -4 -4 -4 -4 -6 -6 -6 -8 -8 -8 -8 -8 -8 -8 -9 -9 -9 -9 -7 -7 -7 -7 -7 -7 -7 -7 -7 -7 -7 -7 -7 -7 -7 -7 -6 -6 -6 -6 -6 -6 -6 -7 -7 -7 -7 -8 -8 -8 -8 -8 -8 -8 -8 -8 -8 -8 -8 -8 -9 -9 -9 -9 -9 -9 -9 -9 -9 -9 -9 -9 -9 -11 -11 -11 -11 -11 -11 -11 -11 -11 -11 -11 -11 -11 -11 -11 -11 -11 -11 -11 -11 -11
-1 -1 -1 -1 -1 -1 -1 -1 -1 -1 -1 -1 -1 -1 -1 -1 -1 -1 -1 -1 -1 -1 -1 -1 -1 -1 97 102 107 107 108 107 107 65 22 22 0 -31 70 70 42 1 1 0 36 64 64 47 49 49 50 44 44 41 59 55 55 50 39 39 29 20 14 14 13 12 12 0 0 0 0 0 0 0 0 0 0 0 0 0 0 0 0 0 0 1 7 7 18 19 19 16 6 6 0 1 7 7 6 0 0 0 0 0 0 3 8 8 9 9 9 19 21 22 22 21 16 16 8 0 0 0 0 4 4 14 15 10 10 4 0 0 0 0 0 0 0 0 0 0 0 0 0 1 2 2 9 9 9 2 3 3 14 19 15 15 8 0 0 0 0 0 0 0 0 0 0 43 43 111 108 108 108 110 97 97 -1 -1 -1 -1 -1 -1 -1 -1 -1 -1 -1 -1 -1 -1 -1 -1 -1 -1 -1 -1 -1 -1 -1 -1 -1 -1 -1 -1 -1 -1 -1 -1 -1 -1 -1 -1 -1 -1 -1 -1 -1 -2 -3 -4 -4 -4 -6 -6 -6 -7 -7 -7 -7 -8 -8 -9 -9 -9 -9 -11 -11 -11 -11 -11 -11 -11 -11 -11 -11 -11 -11 -11 -11 -11 -11 -11 -9 -9 -9 -9 -9 -9 -8 -8 -8 -8 -8 -7 -7 -7 -7 -7 -7 -7 -7 -7 -7 -7 -7 -7 -7 -6 -6 -6 -7 -7 -7 -6 -6 -6 -6 -6 -6 -4 -4 -4 -4 -4 -4 -4 -4 -4 -4 -4 -4 -4 -4 -3 -3 -3 -3 -2 -2 -1 -1 -1 -1 -1 -1 -1 -1 -1 -1 -1 -1 -1 -1 -1 -1 -1 -1 -1 -2 -2 -4 -9 -9 -12 -13 -16 -16 -16 -14 -14 -12 -9 -9 -8 -6 -6 -6 -6 -6 -6 -6 -6 -6 -6 -6 -7 -7 -7 -7 -6 -6 -6 -6 -6 -6 -7 -7 -7 -7 -7 -7 -7 -7 -7 -7 -7 -7 -7 -7 -7 -7 -7 -8 -8 -8 -8 -8 -8 -8 -7 -7 -7 -7 -6 -6 -4 -4 -4 -4 -4 -4 -4 -4 -4 -4 -4 -4 -4 -4 -4 -4 -4 -4 -4 -4 -4 -4 -4 -4 -4 -4 -4 -4 -4 -4 -4 -4 -6 -6 -6 -7 -7 -7 -7 -7 -7 -7 -8 -8 -7 -7 -7 -7 -7 -7 -7 -7 -7 -7 -6 -6 -6 -6 -6 -6 -6 -6 -6 -6 -6 -6 -7 -7 -7 -7 -7 -7 -8 -8 -8 -8 -8 -8 -8 -8 -8 -8 -8 -9 -9 -9 -9 -9 -9 -11 -11 -11 -11 -11 -11 -12 -12 -12 -12 -12 -11 -11 -11 -11 -11 -11 -11 -11 -11 -11 -11 -11 -11 -11 -11 -11 -11
-1 -1 -1 -1 -1 -1 -1 -1 -1 -1 -1 -1 -1 -1 -1 -1 -1 -1 -1 -1 -1 -1 -1 -1 -1 97 97 102 107 108 108 107 65 65 22 0 -31 -31 70 42 42 1 0 0 36 64 47 47 49 50 50 44 41 59 59 55 50 50 39 29 20 20 14 13 13 12 0 0 0 0 0 0 0 0 0 0 0 0 0 0 0 0 0 0 0 1 7 18 18 19 16 16 6 0 1 1 7 6 6 0 0 0 0 0 3 3 8 9 9 9 19 21 21 22 21 21 16 8 0 0 0 0 0 4 14 14 15 10 4 4 0 0 0 0 0 0 0 0 0 0 0 0 0 1 2 9 9 9 2 2 3 14 19 19 15 8 8 0 0 0 0 0 0 0 0 0 0 43 111 108 108 108 110 110 97 -1 -1 -1 -1 -1 -1 -1 -1 -1 -1 -1 -1 -1 -1 -1 -1 -1 -1 -1 -1 -1 -1 -1 -1 -1 -1 -1 -1 -1 -1 -1 -1 -1 -1 -1 -1 -1 -1 -1 -1 -1 -2 -2 -3 -4 -4 -4 -6 -6 -6 -7 -7 -7 -7 -8 -9 -9 -9 -9 -11 -11 -11 -11 -11 -11 -11 -11 -11 -11 -11 -11 -11 -11 -11 -11 -11 -9 -9 -9 -9 -9 -9 -8 -8 -8 -8 -8 -8 -7 -7 -7 -7 -7 -7 -7 -7 -7 -7 -7 -7 -7 -7 -6 -6 -6 -7 -7 -7 -6 -6 -6 -6 -6 -4 -4 -4 -4 -4 -4 -4 -4 -4 -4 -4 -4 -4 -4 -3 -3 -3 -3 -3 -2 -1 -1 -1 -1 -1 -1 -1 -1 -1 -1 -1 -1 -1 -1 -1 -1 -1 -1 -1 -1 -2 -4 -4 -9 -12 -12 -13 -16 -16 -16 -14 -12 -12 -9 -8 -6 -6 -6 -6 -6 -6 -6 -6 -6 -6 -6 -6 -7 -7 -7 -7 -6 -6 -6 -6 -6 -6 -7 -7 -7 -7 -7 -7 -7 -7 -7 -7 -7 -7 -7 -7 -7 -7 -7 -8 -8 -8 -8 -8 -8 -8 -7 -7 -7 -7 -6 -4 -4 -4 -4 -4 -4 -4 -4 -4 -4 -4 -4 -4 -4 -4 -4 -4 -4 -4 -4 -4 -4 -4 -4 -4 -4 -4 -4 -4 -4 -4 -4 -4 -6 -6 -6 -7 -7 -7 -7 -7 -7 -7 -8 -7 -7 -7 -7 -7 -7 -7 -7 -7 -7 -6 -6 -6 -6 -6 -6 -6 -6 -6 -6 -6 -6 -6 -7 -7 -7 -7 -7 -7 -8 -8 -8 -8 -8 -8 -8 -8 -8 -8 -8 -9 -9 -9 -9 -9 -11 -11 -11 -11 -11 -11 -12 -12 -12 -12 -12 -12 -11 -11 -11 -11 -11 -11 -11 -11 -11 -11 -11 -11 -11 -11 -11 -11 -11
-1 -1 -1 -1 -1 -1 -1 -1 -1 -1 -1 -1 -1 -1 -1 -1 -1 -1 -1 -1 -1 -1 -1 -1 -1 -1 96 104 107 107 110 117 117 89 62 62 3 -89 -26 -26 -31 41 41 -53 41 58 58 43 50 50 39 39 39 44 50 45 45 37 27 27 19 13 8 8 8 6 6 0 0 0 0 0 0 0 0 0 0 0 0 0 0 0 0 0 0 0 4 4 21 22 22 21 9 9 0 3 9 9 7 0 0 0 0 0 0 4 12 12 12 10 10 10 14 19 19 18 18 18 0 0 0 0 0 2 2 13 18 14 14 7 0 0 0 0 0 0 0 0 0 0 0 0 0 0 7 7 13 9 9 1 3 3 13 19 15 15 7 0 0 0 0 0 0 0 0 0 -106 39 39 110 113 111 111 104 -1 -1 -1 -1 -1 -1 -1 -1 -1 -1 -1 -1 -1 -1 -1 -1 -1 -1 -1 -1 -1 -1 -1 -1 -1 -1 -1 -1 -1 -1 -1 -1 -1 -1 -1 -1 -1 -1 -1 -1 -1 -2 -2 -3 -4 -4 -4 -4 -4 -4 -6 -7 -7 -7 -7 -8 -8 -8 -9 -9 -9 -11 -11 -11 -11 -11 -11 -11 -11 -11 -11 -11 -11 -11 -11 -11 -11 -11 -9 -9 -9 -9 -9 -9 -8 -8 -8 -8 -8 -7 -7 -7 -7 -7 -7 -7 -7 -7 -7 -7 -7 -7 -7 -6 -6 -6 -7 -7 -7 -6 -6 -6 -6 -6 -6 -4 -4 -4 -4 -4 -4 -4 -4 -4 -4 -4 -4 -4 -4 -4 -3 -3 -3 -2 -2 -2 -1 -1 -1 -1 -1 -1 -1 -1 -1 -1 -1 -1 -1 -1 -1 -1 -1 -1 -1 -1 -4 -7 -7 -9 -13 -13 -13 -14 -13 -13 -11 -8 -8 -7 -6 -6 -6 -6 -6 -6 -6 -6 -6 -6 -6 -8 -8 -8 -8 -6 -6 -6 -6 -6 -6 -7 -7 -7 -7 -7 -7 -7 -7 -7 -7 -7 -7 -7 -7 -7 -7 -7 -8 -8 -8 -8 -7 -7 -7 -7 -7 -7 -7 -4 -4 -4 -4 -4 -4 -4 -4 -4 -4 -4 -4 -4 -4 -4 -4 -4 -4 -4 -4 -4 -4 -4 -4 -4 -4 -4 -4 -4 -4 -4 -4 -4 -4 -6 -6 -6 -6 -6 -6 -7 -7 -7 -7 -7 -7 -7 -7 -7 -7 -7 -7 -7 -6 -6 -6 -6 -6 -6 -6 -6 -6 -6 -6 -6 -6 -6 -6 -7 -7 -7 -7 -7 -7 -8 -8 -8 -8 -8 -8 -8 -8 -9 -9 -9 -9 -9 -9 -9 -9 -11 -11 -11 -11 -11 -11 -11 -12 -12 -12 -12 -12 -11 -11 -11 -11 -11 -11 -11 -11 -11 -11 -11 -11 -11 -11 -11 -11 -9
-1 -1 -1 -1 -1 -1 -1 -1 -1 -1 -1 -1 -1 -1 -1 -1 -1 -1 -1 -1 -1 -1 -1 -1 -1 96 96 104 107 110 110 117 89 89 62 3 -89 -89 -26 -31 -31 41 -53 -53 41 58 43 43 50 39 39 39 44 50 50 45 37 37 27 19 13 13 8 8 8 6 0 0 0 0 0 0 0 0 0 0 0 0 0 0 0 0 0 0 0 0 4 21 21 22 21 21 9 0 3 3 9 7 7 0 0 0 0 0 4 4 12 12 12 10 10 14 14 19 18 18 18 0 0 0 0 0 0 2 13 13 18 14 7 7 0 0 0 0 0 0 0 0 0 0 0 0 0 0 7 13 13 9 1 1 3 13 19 19 15 7 7 0 0 0 0 0 0 0 0 -106 -106 39 110 113 113 111 104 104 -1 -1 -1 -1 -1 -1 -1 -1 -1 -1 -1 -1 -1 -1 -1 -1 -1 -1 -1 -1 -1 -1 -1 -1 -1 -1 -1 -1 -1 -1 -1 -1 -1 -1 -1 -1 -1 -1 -1 -1 -1 -2 -3 -3 -4 -4 -4 -4 -4 -6 -6 -7 -7 -7 -7 -8 -8 -8 -9 -9 -11 -11 -11 -11 -11 -11 -11 -11 -11 -11 -11 -11 -11 -11 -11 -11 -11 -9 -9 -9 -9 -9 -9 -8 -8 -8 -8 -8 -8 -7 -7 -7 -7 -7 -7 -7 -7 -7 -7 -7 -7 -7 -7 -6 -6 -6 -7 -7 -7 -6 -6 -6 -6 -6 -4 -4 -4 -4 -4 -4 -4 -4 -4 -4 -4 -4 -4 -4 -4 -4 -3 -3 -3 -2 -2 -1 -1 -1 -1 -1 -1 -1 -1 -1 -1 -1 -1 -1 -1 -1 -1 -1 -1 -1 -1 -4 -4 -7 -9 -9 -13 -13 -14 -14 -13 -11 -11 -8 -7 -6 -6 -6 -6 -6 -6 -6 -6 -6 -6 -6 -6 -8 -8 -8 -8 -6 -6 -6 -6 -6 -6 -7 -7 -7 -7 -7 -7 -7 -7 -7 -7 -7 -7 -7 -7 -7 -7 -7 -8 -8 -8 -8 -7 -7 -7 -7 -7 -7 -7 -4 -4 -4 -4 -4 -4 -4 -4 -4 -4 -4 -4 -4 -4 -4 -4 -4 -4 -4 -4 -4 -4 -4 -4 -4 -4 -4 -4 -4 -4 -4 -4 -4 -4 -6 -6 -6 -6 -6 -6 -7 -7 -7 -7 -7 -7 -7 -7 -7 -7 -7 -7 -6 -6 -6 -6 -6 -6 -6 -6 -6 -6 -6 -6 -6 -6 -6 -6 -7 -7 -7 -7 -7 -7 -8 -8 -8 -8 -8 -8 -8 -8 -9 -9 -9 -9 -9 -9 -9 -11 -11 -11 -11 -11 -11 -11 -12 -12 -12 -12 -12 -12 -11 -11 -11 -11 -11 -11 -11 -11 -11 -11 -11 -11 -11 -11 -11 -9 -9
-1 -1 -1 -1 -1 -1 -1 -1 -1 -1 -1 -1 -1 -1 -1 -1 -1 -1 -1 -1 -1 -1 -1 -1 -1 -1 94 100 102 102 110 116 116 104 91 91 4 -105 -47 -47 -32 -9 -9 -11 52 36 36 41 39 39 35 35 35 35 39 36 36 25 12 12 2 0 0 0 0 0 0 0 0 0 0 0 0 0 0 0 0 0 0 0 0 0 0 0 0 1 2 2 20 25 25 27 16 16 7 9 12 12 8 0 0 0 0 0 0 6 13 13 14 12 12 7 4 14 14 10 16 16 0 0 0 0 0 1 1 12 16 14 14 6 0 0 0 0 0 0 0 0 0 0 0 0 0 3 12 12 15 8 8 0 1 1 10 13 8 8 0 0 0 0 0 0 0 0 9 9 -111 37 37 102 107 112 112 106 -1 -1 -1 -1 -1 -1 -1 -1 -1 -1 -1 -1 -1 -1 -1 -1 -1 -1 -1 -1 -1 -1 -1 -1 -1 -1 -1 -1 -1 -1 -1 -1 -1 -1 -1 -1 -1 -1 -1 -1 -1 -2 -2 -3 -4 -6 -6 -4 -6 -6 -6 -7 -7 -7 -7 -8 -8 -8 -9 -9 -9 -11 -11 -11 -11 -11 -11 -11 -11 -11 -11 -11 -11 -11 -11 -11 -11 -9 -9 -9 -9 -9 -9 -9 -8 -8 -8 -8 -7 -7 -7 -7 -7 -7 -7 -7 -7 -7 -7 -7 -7 -7 -7 -6 -6 -6 -7 -7 -7 -6 -6 -6 -6 -6 -6 -4 -4 -4 -4 -4 -4 -4 -4 -4 -4 -4 -4 -4 -4 -4 -4 -4 -3 -2 -2 -2 -1 -1 -1 -1 -1 -1 -1 -1 -1 -1 -1 -1 -1 -1 -1 -1 -1 -1 -1 -1 -2 -7 -7 -9 -11 -12 -12 -13 -12 -12 -9 -8 -8 -7 -4 -4 -4 -4 -6 -6 -6 -6 -6 -6 -7 -8 -8 -8 -8 -4 -4 -6 -6 -6 -6 -6 -6 -7 -7 -7 -7 -7 -7 -7 -7 -7 -7 -7 -7 -7 -7 -7 -8 -8 -8 -8 -7 -7 -7 -7 -7 -7 -7 -4 -4 -4 -4 -4 -4 -4 -4 -4 -3 -3 -3 -3 -3 -3 -3 -3 -3 -3 -3 -3 -3 -3 -4 -4 -4 -4 -4 -4 -4 -4 -4 -4 -4 -6 -6 -6 -6 -6 -6 -7 -7 -7 -7 -7 -7 -7 -7 -7 -7 -7 -6 -6 -6 -6 -6 -6 -6 -6 -6 -6 -6 -6 -6 -6 -6 -6 -4 -7 -7 -7 -7 -7 -7 -8 -8 -8 -8 -8 -8 -8 -9 -9 -9 -9 -9 -9 -11 -11 -11 -11 -11 -11 -11 -11 -11 -11 -12 -12 -12 -12 -12 -12 -12 -12 -12 -12 -12 -12 -12 -12 -12 -12 -12 -11 -11 -11 -11 -9
-1 -1 -1 -1 -1 -1 -1 -1 -1 -1 -1 -1 -1 -1 -1 -1 -1 -1 -1 -1 -1 -1 -1 -1 -1 -1 -1 94 101 106 106 111 79 79 -37 -82 33 33 41 49 49 59 59 59 52 38 31 31 32 35 35 35 38 35 35 26 15 15 6 0 0 0 0 0 0 0 0 0 0 0 0 0 0 0 0 0 0 0 0 0 0 0 0 0 0 0 2 13 13 25 31 31 24 18 16 16 16 10 10 0 0 0 0 2 22 22 27 14 14 15 7 4 4 9 7 7 6 0 0 0 0 0 0 0 0 0 0 0 0 0 0 0 0 0 0 7 7 15 16 16 8 0 0 0 1 6 6 0 0 0 0 0 0 0 0 0 0 0 0 0 0 0 0 0 31 0 0 21 74 111 111 110 102 102 99 -1 -1 -1 -1 -1 -1 -1 -1 -1 -1 -1 -1 -1 -1 -1 -1 -1 -1 -1 -1 -1 -1 -1 -1 -1 -1 -1 -1 -1 -1 -1 -1 -1 -1 -1 -1 -1 -1 -3 -3 -3 -4 -4 -4 -4 -4 -4 -4 -8 -8 -8 -8 -8 -8 -9 -11 -11 -9 -9 -9 -9 -9 -11 -11 -11 -11 -11 -11 -11 -11 -11 -11 -11 -11 -9 -9 -9 -9 -9 -9 -9 -8 -8 -8 -8 -8 -8 -8 -7 -7 -7 -7 -7 -7 -7 -7 -6 -6 -6 -6 -6 -6 -6 -6 -6 -6 -6 -6 -6 -6 -6 -6 -6 -4 -4 -4 -4 -4 -4 -4 -4 -4 -4 -4 -4 -4 -4 -4 -4 -4 -4 -4 -3 -3 -2 -2 -2 -2 -2 -1 -1 -1 -1 -1 -1 -1 -1 -1 -1 -1 -1 -1 -1 -1 -2 -2 -4 -7 -7 -8 -9 -9 -9 -8 -6 -6 -4 -6 -6 -6 -6 -6 -6 -6 -6 -6 -6 -6 -6 -6 -6 -6 -6 -6 -6 -6 -6 -6 -6 -6 -6 -7 -7 -7 -7 -8 -8 -8 -8 -8 -7 -7 -7 -7 -7 -7 -7 -4 -4 -4 -4 -4 -4 -4 -4 -4 -4 -4 -4 -4 -4 -4 -4 -4 -3 -3 -3 -3 -3 -3 -3 -3 -3 -3 -3 -3 -3 -3 -3 -3 -3 -3 -3 -3 -3 -3 -3 -3 -3 -3 -3 -3 -4 -4 -4 -4 -4 -4 -6 -7 -7 -7 -7 -6 -6 -6 -6 -6 -6 -6 -6 -6 -6 -6 -6 -6 -6 -6 -6 -6 -6 -6 -6 -6 -6 -6 -8 -8 -8 -8 -8 -8 -8 -8 -8 -8 -8 -8 -8 -8 -8 -8 -8 -11 -11 -11 -11 -11 -12 -12 -12 -12 -12 -13 -13 -13 -12 -12 -12 -12 -11 -11 -11 -11 -11 -11 -11 -11 -11 -11 -11 -11 -11 -11 -11 -11 -11
-1 -1 -1 -1 -1 -1 -1 -1 -1 -1 -1 -1 -1 -1 -1 -1 -1 -1 -1 -1 -1 -1 -1 -1 -1 -1 -1 94 101 101 106 111 111 79 -37 -37 -82 33 41 41 49 59 59 59 52 38 38 31 32 32 35 35 35 38 35 26 26 15 6 6 0 0 0 0 0 0 0 0 0 0 0 0 0 0 0 0 0 0 0 0 0 0 0 0 0 0 2 2 13 25 25 31 24 24 18 16 16 16 10 0 0 0 0 2 2 22 27 27 14 15 15 7 4 9 9 7 6 6 0 0 0 0 0 0 0 0 0 0 0 0 0 0 0 0 0 0 7 15 15 16 8 8 0 0 1 1 6 0 0 0 0 0 0 0 0 0 0 0 0 0 0 0 0 0 31 31 0 21 21 74 111 110 110 102 99 99 -1 -1 -1 -1 -1 -1 -1 -1 -1 -1 -1 -1 -1 -1 -1 -1 -1 -1 -1 -1 -1 -1 -1 -1 -1 -1 -1 -1 -1 -1 -1 -1 -1 -1 -1 -1 -1 -1 -3 -3 -3 -4 -4 -4 -4 -4 -4 -4 -8 -8 -8 -8 -8 -9 -9 -11 -9 -9 -9 -9 -9 -9 -11 -11 -11 -11 -11 -11 -11 -11 -11 -11 -11 -9 -9 -9 -9 -9 -9 -9 -8 -8 -8 -8 -8 -8 -8 -7 -7 -7 -7 -7 -7 -7 -7 -7 -6 -6 -6 -6 -6 -6 -6 -6 -6 -6 -6 -6 -6 -6 -6 -6 -6 -4 -4 -4 -4 -4 -4 -4 -4 -4 -4 -4 -4 -4 -4 -4 -4 -4 -4 -3 -3 -3 -2 -2 -2 -2 -1 -1 -1 -1 -1 -1 -1 -1 -1 -1 -1 -1 -1 -1 -1 -1 -2 -4 -4 -7 -8 -9 -9 -9 -8 -8 -6 -4 -4 -6 -6 -6 -6 -6 -6 -6 -6 -6 -6 -6 -6 -6 -6 -6 -6 -6 -6 -6 -6 -6 -6 -6 -6 -7 -7 -7 -7 -8 -8 -8 -8 -7 -7 -7 -7 -7 -7 -7 -4 -4 -4 -4 -4 -4 -4 -4 -4 -4 -4 -4 -4 -4 -4 -4 -4 -3 -3 -3 -3 -3 -3 -3 -3 -3 -3 -3 -3 -3 -3 -3 -3 -3 -3 -3 -3 -3 -3 -3 -3 -3 -3 -3 -3 -4 -4 -4 -4 -4 -4 -6 -7 -7 -7 -7 -7 -6 -6 -6 -6 -6 -6 -6 -6 -6 -6 -6 -6 -6 -6 -6 -6 -6 -6 -6 -6 -6 -6 -8 -8 -8 -8 -8 -8 -8 -8 -8 -8 -8 -8 -8 -8 -8 -8 -8 -11 -11 -11 -11 -11 -11 -12 -12 -12 -12 -13 -13 -13 -12 -12 -12 -12 -11 -11 -11 -11 -11 -11 -11 -11 -11 -11 -11 -11 -11 -11 -11 -11 -11
-1 -1 -1 -1 -1 -1 -1 -1 -1 -1 -1 -1 -1 -1 -1 -1 -1 -1 -1 -1 -1 -1 -1 -1 -1 -1 -1 93 99 104 104 117 59 59 9 36 62 62 54 45 45 42 50 50 45 37 33 33 32 32 32 32 36 32 32 25 18 18 10 3 2 2 7 9 9 14 6 6 0 0 0 0 0 0 0 0 0 0 0 0 0 0 0 0 0 0 2 18 18 26 26 26 22 20 24 24 24 18 18 9 8 8 7 13 32 32 32 12 12 4 0 1 1 12 15 15 12 2 0 0 0 0 0 0 0 0 0 0 0 0 0 0 0 0 0 2 2 12 14 14 4 0 0 0 0 0 0 0 0 0 0 0 0 0 0 0 0 0 0 0 0 0 1 1 9 10 10 10 67 107 107 112 104 104 96 -1 -1 -1 -1 -1 -1 -1 -1 -1 -1 -1 -1 -1 -1 -1 -1 -1 -1 -1 -1 -1 -1 -1 -1 -1 -1 -1 -1 -1 -1 -1 -1 -1 -1 -1 -1 -1 -2 -3 -3 -4 -4 -4 -4 -6 -6 -6 -6 -8 -8 -8 -8 -8 -8 -11 -11 -11 -9 -9 -9 -9 -9 -11 -11 -11 -11 -11 -11 -11 -11 -11 -11 -11 -11 -9 -9 -9 -9 -9 -8 -8 -8 -8 -8 -8 -8 -8 -8 -7 -7 -7 -7 -7 -7 -7 -7 -6 -6 -6 -6 -6 -6 -6 -6 -6 -6 -6 -6 -6 -6 -6 -6 -6 -4 -4 -4 -4 -4 -4 -4 -4 -4 -4 -4 -4 -4 -4 -4 -4 -4 -4 -4 -3 -3 -2 -2 -2 -2 -2 -1 -1 -1 -1 -1 -1 -1 -1 -1 -1 -1 -1 -1 -1 -1 -1 -1 -3 -7 -7 -7 -9 -9 -9 -7 -4 -4 -4 -4 -6 -6 -6 -4 -4 -6 -6 -6 -6 -6 -6 -6 -6 -6 -6 -6 -6 -6 -6 -6 -6 -6 -7 -7 -7 -7 -7 -8 -8 -7 -7 -7 -7 -7 -7 -7 -7 -7 -7 -4 -4 -4 -4 -4 -4 -4 -4 -4 -4 -4 -3 -3 -3 -3 -3 -3 -3 -3 -3 -3 -3 -2 -2 -2 -2 -2 -2 -2 -2 -2 -2 -2 -2 -2 -2 -3 -3 -3 -3 -3 -3 -3 -3 -3 -4 -4 -4 -4 -4 -4 -4 -6 -6 -6 -6 -6 -6 -6 -6 -6 -6 -6 -6 -6 -6 -6 -6 -6 -6 -6 -6 -6 -6 -6 -6 -6 -6 -6 -8 -8 -8 -8 -8 -8 -8 -8 -8 -8 -8 -8 -8 -8 -8 -8 -8 -11 -11 -11 -11 -12 -11 -11 -11 -12 -12 -12 -12 -12 -12 -11 -11 -11 -12 -12 -12 -12 -12 -12 -12 -12 -12 -12 -12 -12 -12 -12 -12 -12 -12
-1 -1 -1 -1 -1 -1 -1 -1 -1 -1 -1 -1 -1 -1 -1 -1 -1 -1 -1 -1 -1 -1 -1 -1 -1 -1 -1 93 99 99 104 117 117 59 9 9 36 62 54 54 45 42 42 50 45 37 37 33 32 32 32 32 32 36 32 25 25 18 10 10 3 2 7 7 9 14 14 6 0 0 0 0 0 0 0 0 0 0 0 0 0 0 0 0 0 0 2 2 18 26 26 26 22 22 20 24 24 24 18 9 9 8 7 13 13 32 32 32 12 4 4 0 1 12 12 15 12 12 2 0 0 0 0 0 0 0 0 0 0 0 0 0 0 0 0 0 2 12 12 14 4 4 0 0 0 0 0 0 0 0 0 0 0 0 0 0 0 0 0 0 0 0 0 1 9 9 10 10 10 67 107 112 112 104 96 96 -1 -1 -1 -1 -1 -1 -1 -1 -1 -1 -1 -1 -1 -1 -1 -1 -1 -1 -1 -1 -1 -1 -1 -1 -1 -1 -1 -1 -1 -1 -1 -1 -1 -1 -1 -1 -2 -2 -3 -4 -4 -4 -4 -6 -6 -6 -6 -6 -8 -8 -8 -8 -8 -11 -11 -11 -9 -9 -9 -9 -9 -9 -11 -11 -11 -11 -11 -11 -11 -11 -11 -11 -11 -9 -9 -9 -9 -9 -9 -8 -8 -8 -8 -8 -8 -8 -8 -7 -7 -7 -7 -7 -7 -7 -7 -7 -6 -6 -6 -6 -6 -6 -6 -6 -6 -6 -6 -6 -6 -6 -6 -6 -6 -4 -4 -4 -4 -4 -4 -4 -4 -4 -4 -4 -4 -4 -4 -4 -4 -4 -4 -3 -3 -3 -2 -2 -2 -2 -1 -1 -1 -1 -1 -1 -1 -1 -1 -1 -1 -1 -1 -1 -1 -1 -1 -3 -3 -7 -7 -9 -9 -9 -7 -7 -4 -4 -4 -4 -6 -6 -6 -4 -6 -6 -6 -6 -6 -6 -6 -6 -6 -6 -6 -6 -6 -6 -6 -6 -6 -7 -7 -7 -7 -7 -7 -8 -7 -7 -7 -7 -7 -7 -7 -7 -7 -7 -4 -4 -4 -4 -4 -4 -4 -4 -4 -4 -4 -3 -3 -3 -3 -3 -3 -3 -3 -3 -3 -3 -3 -2 -2 -2 -2 -2 -2 -2 -2 -2 -2 -2 -2 -2 -2 -3 -3 -3 -3 -3 -3 -3 -3 -4 -4 -4 -4 -4 -4 -4 -6 -6 -6 -6 -6 -6 -6 -6 -6 -6 -6 -6 -6 -6 -6 -6 -6 -6 -6 -6 -6 -6 -6 -6 -6 -6 -6 -8 -8 -8 -8 -8 -8 -8 -8 -8 -8 -8 -8 -8 -8 -8 -8 -8 -11 -11 -11 -11 -11 -12 -11 -11 -11 -12 -12 -12 -12 -12 -11 -11 -11 -12 -12 -12 -12 -12 -12 -12 -12 -12 -12 -12 -12 -12 -12 -12 -12 -12
-1 -1 -1 -1 -1 -1 -1 -1 -1 -1 -1 -1 -1 -1 -1 -1 -1 -1 -1 -1 -1 -1 -1 -1 -1 -1 -1 -1 97 102 102 107 70 70 50 7 47 47 37 37 37 22 29 29 32 32 30 30 30 33 33 33 36 29 29 21 20 20 19 16 15 15 24 33 33 37 31 31 21 0 0 0 0 0 0 0 0 0 0 0 0 0 0 0 0 2 12 25 25 26 21 21 16 20 26 26 26 22 22 16 15 15 16 21 33 33 24 0 0 0 0 0 0 14 22 22 19 4 0 0 0 0 0 0 0 0 0 0 0 0 0 0 0 0 0 0 0 6 8 8 0 0 0 0 0 0 0 0 0 0 0 0 0 0 0 0 0 0 0 0 29 66 60 60 31 21 21 44 83 112 112 111 101 101 93 -1 -1 -1 -1 -1 -1 -1 -1 -1 -1 -1 -1 -1 -1 -1 -1 -1 -1 -1 -1 -1 -1 -1 -1 -1 -1 -1 -1 -1 -1 -1 -1 -1 -1 -2 -2 -2 -3 -4 -4 -4 -6 -6 -6 -7 -7 -7 -7 -8 -8 -8 -8 -8 -8 -11 -9 -9 -9 -9 -9 -9 -9 -11 -11 -11 -11 -11 -11 -11 -11 -11 -11 -11 -11 -9 -9 -9 -9 -9 -8 -8 -8 -8 -8 -8 -8 -8 -8 -7 -7 -7 -7 -7 -7 -7 -7 -6 -6 -6 -6 -6 -6 -6 -6 -6 -6 -6 -6 -6 -6 -6 -6 -6 -4 -4 -4 -4 -4 -4 -4 -4 -4 -4 -4 -4 -4 -4 -4 -4 -4 -4 -4 -3 -3 -2 -2 -2 -2 -2 -2 -1 -1 -1 -1 -1 -1 -1 -1 -1 -1 -1 -1 -1 -1 -1 -1 -3 -6 -6 -6 -7 -8 -8 -6 -4 -4 -3 -3 -4 -4 -4 -4 -4 -4 -4 -4 -4 -4 -6 -6 -6 -6 -6 -6 -6 -6 -6 -6 -6 -6 -7 -7 -7 -7 -7 -7 -7 -7 -7 -7 -7 -7 -7 -7 -6 -6 -6 -4 -4 -4 -4 -4 -4 -4 -3 -3 -3 -3 -3 -3 -3 -3 -3 -3 -3 -2 -2 -2 -2 -2 -2 -2 -2 -2 -2 -2 -2 -2 -2 -2 -2 -2 -2 -2 -2 -2 -2 -2 -2 -3 -3 -3 -3 -3 -3 -3 -3 -3 -3 -4 -6 -6 -6 -4 -4 -4 -4 -4 -4 -4 -4 -4 -4 -4 -4 -6 -6 -6 -6 -6 -7 -7 -7 -7 -7 -7 -9 -9 -9 -9 -9 -9 -9 -9 -9 -9 -9 -8 -8 -8 -8 -11 -11 -11 -12 -12 -12 -12 -12 -12 -12 -12 -12 -13 -13 -13 -12 -12 -11 -11 -12 -12 -12 -12 -12 -12 -12 -12 -12 -12 -12 -12 -12 -12 -12 -12 -12
-1 -1 -1 -1 -1 -1 -1 -1 -1 -1 -1 -1 -1 -1 -1 -1 -1 -1 -1 -1 -1 -1 -1 -1 -1 -1 -1 -1 95 95 99 108 108 101 101 101 15 12 20 20 12 1 1 3 18 24 24 21 27 27 39 44 44 43 29 22 22 22 26 26 22 22 33 33 41 43 43 36 25 3 3 0 0 0 0 0 0 0 0 0 0 0 0 0 0 6 16 16 26 24 24 18 13 13 14 19 21 21 19 21 21 20 19 19 19 25 7 7 0 0 0 0 0 13 13 26 19 19 3 0 0 0 0 0 0 0 0 0 0 0 0 0 0 0 0 0 0 0 0 0 0 0 0 0 0 0 0 0 0 0 0 0 0 0 0 0 0 0 0 12 72 110 110 114 99 99 73 94 94 107 113 107 107 101 93 93 -1 -1 -1 -1 -1 -1 -1 -1 -1 -1 -1 -1 -1 -1 -1 -1 -1 -1 -1 -1 -1 -1 -1 -1 -1 -1 -1 -1 -1 -1 -1 -1 -2 -2 -2 -3 -3 -3 -3 -4 -4 -6 -7 -7 -7 -7 -8 -8 -8 -8 -8 -8 -11 -9 -9 -9 -9 -9 -9 -9 -9 -9 -11 -11 -11 -11 -11 -11 -11 -11 -11 -11 -9 -9 -9 -9 -9 -8 -8 -8 -8 -8 -8 -8 -8 -8 -8 -7 -7 -7 -7 -7 -7 -7 -7 -7 -6 -6 -6 -6 -6 -6 -6 -6 -6 -6 -6 -6 -6 -6 -6 -6 -6 -4 -4 -4 -4 -4 -4 -4 -4 -4 -4 -4 -4 -4 -4 -4 -4 -4 -4 -3 -3 -3 -2 -2 -2 -2 -3 -3 -2 -1 -1 -1 -1 -1 -1 -1 -1 -1 -1 -1 -1 -1 -1 -2 -2 -3 -4 -6 -6 -7 -4 -4 -3 -2 -2 -3 -3 -3 -3 -3 -3 -3 -4 -4 -4 -4 -4 -6 -6 -6 -6 -7 -7 -7 -7 -7 -6 -6 -6 -6 -6 -6 -6 -6 -6 -6 -4 -4 -4 -4 -4 -4 -4 -4 -4 -4 -4 -3 -3 -3 -3 -3 -3 -3 -3 -2 -2 -2 -2 -2 -2 -2 -2 -2 -2 -2 -2 -1 -1 -1 -1 -1 -1 -1 -1 -1 -1 -1 -1 -1 -1 -1 -2 -2 -2 -2 -2 -2 -2 -2 -2 -2 -2 -2 -3 -3 -3 -3 -3 -3 -3 -3 -3 -3 -3 -4 -4 -4 -4 -4 -4 -4 -6 -6 -6 -6 -7 -7 -7 -7 -7 -8 -8 -11 -11 -11 -11 -11 -11 -11 -11 -11 -11 -11 -11 -8 -9 -11 -11 -11 -12 -12 -12 -13 -13 -13 -13 -13 -13 -13 -13 -13 -13 -13 -12 -12 -12 -12 -12 -12 -12 -12 -12 -12 -12 -12 -12 -12 -12 -13 -13 -13 -13 -13
-1 -1 -1 -1 -1 -1 -1 -1 -1 -1 -1 -1 -1 -1 -1 -1 -1 -1 -1 -1 -1 -1 -1 -1 -1 -1 -1 -1 95 99 99 108 101 101 101 15 12 12 20 12 12 1 3 3 18 24 21 21 27 39 39 44 43 29 29 22 22 22 26 22 22 22 33 41 41 43 36 36 25 3 0 0 0 0 0 0 0 0 0 0 0 0 0 0 0 6 16 26 26 24 18 18 13 14 19 19 21 19 19 21 20 20 19 19 25 25 7 0 0 0 0 0 0 13 26 26 19 3 0 0 0 0 0 0 0 0 0 0 0 0 0 0 0 0 0 0 0 0 0 0 0 0 0 0 0 0 0 0 0 0 0 0 0 0 0 0 0 0 12 12 72 110 114 114 99 73 73 94 107 113 113 107 101 101 93 -1 -1 -1 -1 -1 -1 -1 -1 -1 -1 -1 -1 -1 -1 -1 -1 -1 -1 -1 -1 -1 -1 -1 -1 -1 -1 -1 -1 -1 -1 -1 -1 -1 -2 -2 -3 -3 -3 -3 -3 -4 -6 -6 -7 -7 -7 -7 -8 -8 -8 -8 -8 -11 -11 -9 -9 -9 -9 -9 -9 -9 -9 -11 -11 -11 -11 -11 -11 -11 -11 -11 -11 -9 -9 -9 -9 -9 -9 -8 -8 -8 -8 -8 -8 -8 -8 -8 -8 -7 -7 -7 -7 -7 -7 -7 -7 -6 -6 -6 -6 -6 -6 -6 -6 -6 -6 -6 -6 -6 -6 -6 -6 -6 -4 -4 -4 -4 -4 -4 -4 -4 -4 -4 -4 -4 -4 -4 -4 -4 -4 -4 -4 -3 -3 -2 -2 -2 -2 -2 -3 -2 -2 -1 -1 -1 -1 -1 -1 -1 -1 -1 -1 -1 -1 -1 -1 -2 -3 -3 -4 -6 -7 -7 -4 -3 -3 -2 -3 -3 -3 -3 -3 -3 -3 -4 -4 -4 -4 -4 -4 -6 -6 -6 -6 -7 -7 -7 -7 -6 -6 -6 -6 -6 -6 -6 -6 -6 -6 -4 -4 -4 -4 -4 -4 -4 -4 -4 -4 -4 -3 -3 -3 -3 -3 -3 -3 -3 -3 -2 -2 -2 -2 -2 -2 -2 -2 -2 -2 -2 -1 -1 -1 -1 -1 -1 -1 -1 -1 -1 -1 -1 -1 -1 -1 -1 -2 -2 -2 -2 -2 -2 -2 -2 -2 -2 -2 -3 -3 -3 -3 -3 -3 -3 -3 -3 -3 -3 -4 -4 -4 -4 -4 -4 -4 -4 -6 -6 -6 -6 -7 -7 -7 -7 -8 -8 -8 -11 -11 -11 -11 -11 -11 -11 -11 -11 -11 -11 -8 -8 -9 -11 -11 -11 -12 -12 -12 -13 -13 -13 -13 -13 -13 -13 -13 -13 -13 -13 -12 -12 -12 -12 -12 -12 -12 -12 -12 -12 -12 -12 -12 -12 -13 -13 -13 -13 -13 -13
-1 -1 -1 -1 -1 -1 -1 -1 -1 -1 -1 -1 -1 -1 -1 -1 -1 -1 -1 -1 -1 -1 -1 -1 -1 -1 -1 -1 94 94 97 106 106 111 110 110 94 55 60 60 55 21 21 0 12 19 19 15 26 26 48 55 55 50 32 29 29 31 32 32 27 25 33 33 39 32 32 19 7 0 0 0 0 0 0 0 0 0 0 0 0 0 0 0 0 0 10 10 15 15 15 13 9 9 8 8 12 12 13 21 21 22 20 16 16 13 0 0 0 0 0 0 0 7 7 19 10 10 0 0 0 0 0 0 0 0 0 1 1 0 0 0 0 6 6 3 0 0 0 0 0 0 0 0 0 0 0 0 0 0 0 0 0 0 0 0 0 0 0 50 106 112 112 110 114 114 104 108 108 108 105 101 101 97 -1 -1 -1 -1 -1 -1 -1 -1 -1 -1 -1 -1 -1 -1 -1 -1 -1 -1 -1 -1 -1 -1 -1 -1 -1 -1 -1 -1 -1 -1 -1 -1 -1 -2 -3 -3 -3 -3 -3 -3 -4 -6 -6 -7 -7 -9 -9 -9 -9 -9 -8 -9 -9 -9 -9 -9 -9 -9 -9 -9 -11 -11 -11 -11 -9 -9 -9 -9 -9 -9 -9 -9 -9 -9 -9 -9 -9 -9 -9 -8 -8 -8 -8 -8 -8 -8 -8 -8 -8 -7 -7 -7 -7 -7 -7 -7 -7 -7 -6 -6 -6 -6 -6 -6 -6 -6 -6 -6 -6 -6 -6 -6 -6 -6 -6 -4 -4 -4 -4 -4 -4 -4 -4 -4 -4 -4 -4 -4 -4 -4 -4 -4 -4 -3 -3 -3 -2 -2 -2 -2 -2 -2 -2 -2 -1 -1 -1 -1 -1 -1 -1 -1 -1 -1 -1 -1 -1 -1 -1 -2 -3 -4 -4 -6 -4 -4 -2 -1 -1 -2 -3 -3 -3 -3 -3 -3 -3 -3 -4 -4 -4 -4 -4 -4 -6 -6 -6 -4 -4 -4 -4 -4 -4 -4 -4 -4 -4 -4 -4 -4 -4 -4 -4 -4 -4 -3 -3 -3 -3 -3 -3 -3 -3 -3 -3 -3 -3 -2 -2 -2 -2 -2 -2 -2 -2 -1 -1 -1 -1 -1 -1 -1 -1 -1 -1 -1 -1 -1 -1 -1 -1 -1 -1 -1 -1 -1 -1 -1 -1 -1 -1 -1 -1 -1 -1 -1 -1 -1 -2 -2 -2 -2 -3 -3 -3 -3 -3 -3 -3 -3 -4 -4 -4 -4 -4 -4 -6 -6 -6 -7 -7 -7 -7 -8 -8 -8 -8 -11 -11 -11 -11 -11 -11 -11 -11 -11 -11 -11 -11 -11 -12 -12 -12 -13 -13 -13 -14 -14 -14 -14 -14 -14 -14 -14 -14 -14 -14 -14 -13 -13 -13 -13 -13 -13 -13 -13 -13 -13 -13 -13 -13 -13 -13 -13 -13 -13 -13 -13
-1 -1 -1 -1 -1 -1 -1 -1 -1 -1 -1 -1 -1 -1 -1 -1 -1 -1 -1 -1 -1 -1 -1 -1 -1 -1 -1 -1 94 97 97 106 111 111 110 94 55 55 60 55 55 21 0 0 12 19 15 15 26 48 48 55 50 32 32 29 31 31 32 27 25 25 33 39 39 32 19 19 7 0 0 0 0 0 0 0 0 0 0 0 0 0 0 0 0 0 10 15 15 15 13 13 9 8 8 8 12 13 13 21 22 22 20 16 13 13 0 0 0 0 0 0 0 7 19 19 10 0 0 0 0 0 0 0 0 0 0 1 0 0 0 0 0 6 3 0 0 0 0 0 0 0 0 0 0 0 0 0 0 0 0 0 0 0 0 0 0 0 50 50 106 112 110 110 114 104 104 108 108 105 105 101 97 97 -1 -1 -1 -1 -1 -1 -1 -1 -1 -1 -1 -1 -1 -1 -1 -1 -1 -1 -1 -1 -1 -1 -1 -1 -1 -1 -1 -1 -1 -1 -1 -1 -2 -2 -3 -3 -3 -3 -3 -4 -4 -6 -7 -7 -7 -9 -9 -9 -9 -8 -8 -9 -9 -9 -9 -9 -9 -9 -9 -11 -11 -11 -11 -9 -9 -9 -9 -9 -9 -9 -9 -9 -9 -9 -9 -9 -9 -9 -9 -8 -8 -8 -8 -8 -8 -8 -8 -8 -8 -7 -7 -7 -7 -7 -7 -7 -7 -6 -6 -6 -6 -6 -6 -6 -6 -6 -6 -6 -6 -6 -6 -6 -6 -6 -4 -4 -4 -4 -4 -4 -4 -4 -4 -4 -4 -4 -4 -4 -4 -4 -4 -4 -4 -3 -3 -2 -2 -2 -2 -2 -2 -2 -2 -2 -1 -1 -1 -1 -1 -1 -1 -1 -1 -1 -1 -1 -1 -1 -2 -2 -3 -4 -6 -6 -4 -2 -2 -1 -2 -3 -3 -3 -3 -3 -3 -3 -3 -3 -4 -4 -4 -4 -4 -4 -6 -6 -4 -4 -4 -4 -4 -4 -4 -4 -4 -4 -4 -4 -4 -4 -4 -4 -4 -4 -4 -3 -3 -3 -3 -3 -3 -3 -3 -3 -3 -3 -2 -2 -2 -2 -2 -2 -2 -2 -2 -1 -1 -1 -1 -1 -1 -1 -1 -1 -1 -1 -1 -1 -1 -1 -1 -1 -1 -1 -1 -1 -1 -1 -1 -1 -1 -1 -1 -1 -1 -1 -1 -2 -2 -2 -2 -3 -3 -3 -3 -3 -3 -3 -3 -3 -4 -4 -4 -4 -4 -4 -6 -6 -7 -7 -7 -7 -7 -8 -8 -8 -8 -11 -11 -11 -11 -11 -11 -11 -11 -11 -11 -11 -11 -11 -12 -12 -13 -13 -13 -14 -14 -14 -14 -14 -14 -14 -14 -14 -14 -14 -14 -14 -13 -13 -13 -13 -13 -13 -13 -13 -13 -13 -13 -13 -13 -13 -13 -13 -13 -13 -13 -13
-1 -1 -1 -1 -1 -1 -1 -1 -1 -1 -1 -1 -1 -1 -1 -1 -1 -1 -1 -1 -1 -1 -1 -1 -1 -1 -1 -1 -1 -1 94 102 102 106 110 110 113 -28 -47 -47 -45 6 6 3 19 21 21 16 30 30 52 59 59 53 39 39 39 42 42 42 32 27 30 30 32 22 22 3 0 0 0 0 0 0 0 0 0 0 0 0 0 0 0 0 0 0 2 2 3 4 4 6 6 6 3 2 6 6 8 16 16 18 18 10 10 6 0 0 0 0 0 0 0 0 0 7 0 0 0 0 0 0 0 0 0 0 1 3 3 0 0 0 3 9 9 7 0 0 0 0 0 0 0 0 0 0 0 0 0 0 0 0 0 0 0 0 0 20 20 90 118 112 112 113 108 108 110 105 105 101 95 -1 -1 -1 -1 -1 -1 -1 -1 -1 -1 -1 -1 -1 -1 -1 -1 -1 -1 -1 -1 -1 -1 -1 -1 -1 -1 -1 -1 -1 -1 -1 -1 -1 -1 -1 -1 -2 -3 -3 -4 -4 -3 -3 -4 -6 -6 -7 -8 -9 -9 -9 -9 -9 -9 -9 -9 -9 -9 -9 -9 -9 -11 -11 -11 -11 -11 -11 -9 -9 -9 -9 -9 -9 -9 -9 -9 -9 -9 -9 -9 -9 -8 -8 -8 -8 -8 -8 -8 -8 -8 -8 -8 -7 -7 -7 -7 -7 -7 -7 -7 -7 -6 -6 -6 -6 -6 -6 -6 -6 -6 -6 -6 -6 -6 -6 -6 -6 -6 -4 -4 -4 -4 -4 -4 -4 -4 -4 -4 -4 -4 -4 -4 -3 -3 -3 -3 -3 -3 -3 -3 -3 -3 -3 -2 -2 -2 -1 -2 -2 -1 -1 -1 -1 -1 -1 -1 -1 -1 -1 -1 -1 -1 -2 -3 -4 -4 -6 -3 -3 -2 -1 -1 -2 -4 -4 -4 -3 -3 -3 -3 -3 -3 -3 -4 -4 -4 -4 -4 -4 -4 -4 -4 -4 -4 -4 -4 -4 -4 -4 -4 -4 -4 -4 -3 -3 -3 -3 -3 -3 -3 -3 -3 -3 -3 -3 -2 -2 -2 -2 -2 -2 -2 -2 -2 -1 -1 -1 -1 -1 -1 -1 -1 -1 -1 -1 -1 -1 -1 -1 -1 -1 -1 -1 -1 -1 -1 -1 -1 -1 -1 -1 -1 -1 -1 -1 -1 -1 -1 -1 -1 -1 -1 -2 -3 -3 -3 -3 -3 -2 -2 -2 -3 -3 -4 -4 -4 -4 -4 -6 -6 -7 -7 -7 -7 -7 -8 -8 -8 -9 -9 -12 -12 -12 -12 -12 -12 -12 -12 -12 -12 -12 -12 -12 -13 -13 -13 -14 -14 -14 -16 -17 -17 -17 -16 -16 -16 -16 -16 -16 -16 -14 -14 -14 -13 -13 -13 -13 -13 -13 -13 -13 -13 -13 -13 -13 -13 -13 -13 -13 -13 -13
-1 -1 -1 -1 -1 -1 -1 -1 -1 -1 -1 -1 -1 -1 -1 -1 -1 -1 -1 -1 -1 -1 -1 -1 -1 -1 -1 -1 -1 93 93 102 106 106 105 107 6 6 -70 9 9 18 24 24 27 25 22 22 32 45 45 49 47 43 43 47 50 50 47 35 30 30 29 25 25 16 0 0 0 0 0 0 0 0 0 0 0 0 0 0 0 0 0 0 0 0 0 0 0 0 1 1 3 2 1 1 2 8 8 8 8 8 10 8 4 4 0 0 0 0 0 0 0 0 0 0 0 0 0 0 1 0 0 3 4 4 4 4 3 3 2 6 6 3 3 0 0 0 0 0 0 0 0 0 0 0 0 0 0 0 0 0 0 0 0 0 0 62 110 110 111 112 116 116 102 -1 -1 100 94 -1 -1 -1 -1 -1 -1 -1 -1 -1 -1 -1 -1 -1 -1 -1 -1 -1 -1 -1 -1 -1 -1 -1 -1 -1 -1 -1 -1 -1 -1 -1 -1 -1 -1 -1 -1 -2 -3 -3 -3 -3 -3 -3 -3 -4 -4 -6 -7 -7 -8 -9 -9 -9 -9 -8 -8 -8 -9 -9 -9 -9 -9 -9 -12 -12 -11 -11 -11 -9 -9 -9 -9 -9 -9 -9 -9 -9 -9 -9 -9 -9 -9 -8 -8 -8 -8 -8 -8 -8 -8 -8 -8 -8 -8 -7 -7 -7 -7 -7 -7 -7 -7 -6 -6 -6 -6 -6 -6 -6 -6 -6 -6 -6 -6 -6 -6 -6 -6 -6 -4 -4 -4 -4 -4 -4 -4 -4 -4 -4 -4 -4 -4 -4 -3 -3 -3 -3 -3 -3 -3 -4 -4 -3 -3 -3 -3 -2 -2 -2 -1 -1 -1 -1 -1 -1 -1 -1 -1 -1 -1 -1 -1 -2 -2 -2 -3 -4 -4 -4 -3 -2 -2 -1 -2 -3 -3 -4 -4 -4 -3 -3 -3 -3 -3 -3 -3 -3 -3 -3 -3 -4 -4 -4 -4 -4 -4 -4 -4 -4 -4 -4 -3 -3 -3 -3 -3 -3 -3 -3 -3 -3 -2 -2 -2 -2 -2 -2 -2 -2 -2 -2 -2 -2 -2 -1 -1 -1 -1 -1 -1 -1 -1 -1 -1 -1 -1 -1 -1 -1 -1 -1 -1 -1 -1 -1 -1 -1 -1 -1 -1 -1 -1 -1 -1 -1 -1 -1 -1 -1 -1 -1 -1 -1 -1 -2 -3 -3 -3 -4 -2 -2 -2 -3 -3 -3 -4 -4 -4 -6 -6 -6 -7 -7 -7 -7 -8 -8 -8 -8 -9 -9 -9 -13 -13 -13 -13 -13 -13 -13 -13 -13 -13 -13 -14 -14 -14 -14 -16 -16 -17 -17 -17 -18 -18 -16 -16 -16 -17 -17 -17 -16 -16 -16 -14 -14 -14 -13 -13 -13 -13 -13 -13 -13 -13 -13 -13 -13 -13 -13 -13 -13 -13 -13
-1 -1 -1 -1 -1 -1 -1 -1 -1 -1 -1 -1 -1 -1 -1 -1 -1 -1 -1 -1 -1 -1 -1 -1 -1 -1 -1 -1 -1 -1 93 102 102 106 105 105 107 6 -70 -70 9 18 18 24 27 25 25 22 32 32 45 49 49 47 43 47 47 50 47 47 35 30 29 29 25 16 16 0 0 0 0 0 0 0 0 0 0 0 0 0 0 0 0 0 0 0 0 0 0 0 0 1 3 3 2 1 2 2 8 8 8 8 10 8 8 4 0 0 0 0 0 0 0 0 0 0 0 0 0 0 1 1 0 3 3 4 4 4 4 3 2 2 6 3 3 3 0 0 0 0 0 0 0 0 0 0 0 0 0 0 0 0 0 0 0 0 0 62 62 110 111 112 112 116 102 102 -1 100 100 94 -1 -1 -1 -1 -1 -1 -1 -1 -1 -1 -1 -1 -1 -1 -1 -1 -1 -1 -1 -1 -1 -1 -1 -1 -1 -1 -1 -1 -1 -1 -1 -1 -1 -1 -1 -2 -2 -3 -3 -3 -3 -3 -3 -3 -4 -6 -6 -7 -8 -9 -9 -9 -9 -9 -8 -8 -8 -9 -9 -9 -9 -9 -12 -12 -12 -11 -11 -11 -9 -9 -9 -9 -9 -9 -9 -9 -9 -9 -9 -9 -9 -9 -8 -8 -8 -8 -8 -8 -8 -8 -8 -8 -8 -7 -7 -7 -7 -7 -7 -7 -7 -7 -6 -6 -6 -6 -6 -6 -6 -6 -6 -6 -6 -6 -6 -6 -6 -6 -6 -4 -4 -4 -4 -4 -4 -4 -4 -4 -4 -4 -4 -4 -4 -3 -3 -3 -3 -3 -3 -3 -4 -3 -3 -3 -3 -3 -2 -2 -1 -1 -1 -1 -1 -1 -1 -1 -1 -1 -1 -1 -1 -2 -2 -2 -3 -4 -4 -4 -3 -3 -2 -1 -1 -2 -3 -4 -4 -4 -3 -3 -3 -3 -3 -3 -3 -3 -3 -3 -3 -4 -4 -4 -4 -4 -4 -4 -4 -4 -4 -4 -4 -3 -3 -3 -3 -3 -3 -3 -3 -3 -3 -2 -2 -2 -2 -2 -2 -2 -2 -2 -2 -2 -2 -1 -1 -1 -1 -1 -1 -1 -1 -1 -1 -1 -1 -1 -1 -1 -1 -1 -1 -1 -1 -1 -1 -1 -1 -1 -1 -1 -1 -1 -1 -1 -1 -1 -1 -1 -1 -1 -1 -1 -1 -2 -3 -3 -3 -4 -4 -2 -2 -2 -3 -3 -4 -4 -4 -6 -6 -6 -7 -7 -7 -7 -8 -8 -8 -8 -8 -9 -9 -13 -13 -13 -13 -13 -13 -13 -13 -13 -13 -13 -13 -14 -14 -14 -14 -16 -17 -17 -17 -18 -18 -18 -16 -16 -16 -17 -17 -17 -16 -16 -14 -14 -14 -13 -13 -13 -13 -13 -13 -13 -13 -13 -13 -13 -13 -13 -13 -13 -13 -13
-1 -1 -1 -1 -1 -1 -1 -1 -1 -1 -1 -1 -1 -1 -1 -1 -1 -1 -1 -1 -1 -1 -1 -1 -1 -1 -1 -1 -1 -1 -1 -1 107 107 110 108 0 0 56 59 59 50 37 37 29 22 25 25 36 39 39 39 42 44 44 50 55 55 47 36 31 31 27 19 19 8 0 0 0 0 0 0 1 0 0 0 0 0 0 0 0 0 0 0 0 0 0 0 0 0 0 0 3 3 2 2 2 6 6 3 6 6 9 10 10 10 0 0 0 0 0 0 0 0 0 0 0 0 6 6 10 6 6 8 9 9 9 10 7 7 2 1 1 0 0 1 1 3 0 0 0 0 0 0 0 0 0 0 0 0 0 0 0 0 0 15 15 82 108 108 113 118 104 104 97 96 96 93 88 -1 -1 -1 -1 -1 -1 -1 -1 -1 -1 -1 -1 -1 -1 -1 -1 -1 -1 -1 -1 -1 -1 -1 -1 -1 -1 -1 -1 -1 -1 -1 -1 -1 -1 -1 -1 -2 -3 -3 -4 -3 -3 -3 -3 -4 -4 -6 -7 -7 -8 -8 -9 -9 -8 -8 -8 -9 -9 -9 -9 -9 -9 -9 -12 -12 -11 -11 -11 -9 -9 -9 -9 -9 -9 -9 -9 -9 -9 -9 -9 -9 -9 -8 -8 -8 -8 -8 -8 -8 -8 -8 -8 -8 -8 -7 -7 -7 -7 -7 -7 -7 -7 -6 -6 -6 -6 -6 -6 -6 -6 -6 -6 -6 -6 -6 -6 -6 -6 -6 -4 -4 -4 -4 -4 -4 -4 -4 -4 -4 -4 -4 -4 -4 -2 -2 -2 -3 -3 -3 -3 -4 -4 -6 -6 -6 -3 -3 -3 -2 -1 -2 -2 -1 -1 -1 -1 -1 -1 -1 -1 -1 -1 -2 -2 -2 -3 -4 -4 -4 -3 -2 -2 -1 -2 -3 -3 -3 -3 -3 -3 -3 -3 -3 -3 -3 -3 -3 -3 -3 -3 -4 -4 -4 -4 -4 -4 -4 -4 -4 -4 -4 -3 -3 -3 -3 -3 -3 -3 -2 -2 -2 -2 -2 -2 -2 -2 -2 -2 -2 -2 -2 -2 -2 -2 -1 -1 -1 -1 -1 -1 -1 -1 -1 -1 -1 -1 -1 -1 -1 -1 -1 -1 -1 -1 -1 -1 -1 -1 -1 -1 -1 -1 -1 -1 -1 -1 -1 -1 -1 -1 -1 -1 -1 -1 -1 -3 -3 -3 -4 -2 -2 -2 -3 -3 -3 -4 -6 -6 -6 -6 -6 -7 -7 -8 -8 -8 -8 -8 -8 -9 -9 -9 -13 -13 -13 -13 -13 -13 -13 -13 -13 -13 -13 -14 -14 -14 -16 -17 -17 -17 -18 -18 -20 -20 -17 -17 -17 -17 -17 -17 -17 -17 -16 -14 -14 -14 -14 -14 -14 -14 -14 -14 -14 -14 -14 -14 -14 -13 -13 -13 -13 -13 -13
-1 -1 -1 -1 -1 -1 -1 -1 -1 -1 -1 -1 -1 -1 -1 -1 -1 -1 -1 -1 -1 -1 -1 -1 -1 -1 -1 -1 -1 -1 -1 -1 -1 102 114 114 106 83 -111 -111 8 53 53 47 43 43 43 41 41 41 43 43 43 45 52 54 54 50 45 45 38 32 21 21 15 3 3 0 0 0 0 3 12 12 8 4 4 4 6 4 4 6 6 6 2 0 0 0 0 0 0 0 0 0 0 0 0 0 0 0 0 6 1 13 13 25 10 10 0 0 0 0 0 0 0 0 0 0 0 0 1 1 4 13 13 18 18 16 16 7 0 0 0 0 0 0 0 6 6 4 2 2 0 0 0 0 0 0 0 0 0 0 0 0 -110 -110 49 102 102 117 111 107 107 97 -1 -1 -1 -1 -1 -1 -1 -1 -1 -1 -1 -1 -1 -1 -1 -1 -1 -1 -1 -1 -1 -1 -1 -1 -1 -1 -1 -1 -1 -1 -1 -1 -1 -1 -1 -1 -1 -1 -2 -2 -2 -3 -3 -3 -3 -3 -3 -4 -4 -4 -4 -6 -6 -6 -8 -9 -9 -9 -11 -11 -9 -9 -9 -9 -9 -9 -9 -9 -9 -9 -9 -11 -11 -11 -11 -9 -9 -9 -9 -9 -9 -9 -9 -9 -9 -9 -9 -9 -8 -8 -8 -8 -8 -8 -8 -8 -8 -8 -7 -7 -7 -7 -7 -7 -7 -8 -8 -8 -8 -8 -8 -8 -7 -7 -7 -7 -6 -6 -6 -6 -6 -6 -6 -6 -6 -6 -6 -6 -4 -4 -4 -4 -4 -4 -4 -4 -4 -4 -4 -3 -3 -3 -3 -3 -3 -4 -4 -4 -4 -4 -2 -2 -2 -2 -1 -1 -1 -1 -1 -1 -1 -1 -1 -1 -1 -1 -1 -2 -2 -3 -6 -7 -7 -4 -3 -3 -2 -2 -2 -3 -3 -3 -3 -2 -3 -3 -3 -3 -2 -2 -2 -3 -3 -3 -4 -4 -4 -4 -4 -4 -4 -4 -4 -4 -4 -4 -4 -3 -3 -3 -2 -2 -1 -1 -2 -2 -2 -2 -2 -2 -2 -2 -2 -2 -2 -2 -2 -1 -1 -2 -2 -1 -1 -1 -1 -1 -1 -1 -1 -1 -1 -1 -1 -1 -1 -1 -1 -1 -1 -1 -1 -1 -1 -1 -1 -1 -1 -1 -1 -1 -1 -1 -1 -1 -1 -1 -1 -1 -1 -1 -1 -1 -1 -2 -2 -2 -2 -2 -3 -4 -4 -4 -6 -7 -7 -7 -8 -8 -8 -8 -9 -9 -9 -12 -12 -13 -14 -12 -12 -12 -13 -13 -13 -13 -13 -13 -13 -12 -12 -13 -14 -14 -14 -16 -17 -17 -18 -18 -18 -18 -20 -18 -18 -18 -18 -18 -18 -18 -18 -18 -17 -17 -17 -17 -17 -17 -17 -16 -16 -16 -16 -16 -16 -14 -14 -14 -14 -14
-1 -1 -1 -1 -1 -1 -1 -1 -1 -1 -1 -1 -1 -1 -1 -1 -1 -1 -1 -1 -1 -1 -1 -1 -1 -1 -1 -1 -1 -1 -1 -1 102 102 114 106 83 83 -111 8 8 53 47 47 43 43 41 41 41 43 43 43 45 52 52 54 50 50 45 38 32 32 21 15 15 3 0 0 0 0 3 3 12 8 8 4 4 6 6 4 6 6 6 2 2 0 0 0 0 0 0 0 0 0 0 0 0 0 0 0 6 6 1 13 25 25 10 0 0 0 0 0 0 0 0 0 0 0 0 0 1 4 4 13 18 18 18 16 7 7 0 0 0 0 0 0 0 6 4 4 2 0 0 0 0 0 0 0 0 0 0 0 0 0 -110 49 49 102 117 117 111 107 97 97 -1 -1 -1 -1 -1 -1 -1 -1 -1 -1 -1 -1 -1 -1 -1 -1 -1 -1 -1 -1 -1 -1 -1 -1 -1 -1 -1 -1 -1 -1 -1 -1 -1 -1 -1 -1 -1 -1 -2 -2 -2 -3 -3 -3 -3 -3 -4 -4 -4 -4 -4 -6 -6 -6 -8 -9 -9 -9 -11 -9 -9 -9 -9 -9 -9 -9 -9 -9 -9 -9 -11 -11 -11 -11 -11 -9 -9 -9 -9 -9 -9 -9 -9 -9 -9 -9 -9 -8 -8 -8 -8 -8 -8 -8 -8 -8 -8 -7 -7 -7 -7 -7 -7 -7 -8 -8 -8 -8 -8 -8 -8 -8 -7 -7 -7 -7 -6 -6 -6 -6 -6 -6 -6 -6 -6 -6 -6 -4 -4 -4 -4 -4 -4 -4 -4 -4 -4 -4 -3 -3 -3 -3 -3 -3 -4 -4 -4 -4 -4 -4 -2 -2 -2 -2 -1 -1 -1 -1 -1 -1 -1 -1 -1 -1 -1 -1 -1 -2 -3 -3 -6 -7 -4 -4 -3 -2 -2 -2 -3 -3 -3 -3 -2 -2 -3 -3 -3 -3 -2 -2 -2 -3 -3 -3 -4 -4 -4 -4 -4 -4 -4 -4 -4 -4 -4 -4 -3 -3 -3 -2 -2 -2 -1 -2 -2 -2 -2 -2 -2 -2 -2 -2 -2 -2 -2 -2 -1 -1 -1 -2 -1 -1 -1 -1 -1 -1 -1 -1 -1 -1 -1 -1 -1 -1 -1 -1 -1 -1 -1 -1 -1 -1 -1 -1 -1 -1 -1 -1 -1 -1 -1 -1 -1 -1 -1 -1 -1 -1 -1 -1 -1 -1 -1 -2 -2 -2 -2 -3 -4 -4 -4 -6 -6 -7 -7 -7 -8 -8 -8 -8 -9 -9 -9 -12 -13 -14 -14 -12 -12 -12 -13 -13 -13 -13 -13 -13 -13 -12 -13 -13 -14 -14 -16 -16 -17 -18 -18 -18 -18 -20 -20 -18 -18 -18 -18 -18 -18 -18 -18 -17 -17 -17 -17 -17 -17 -17 -16 -16 -16 -16 -16 -16 -14 -14 -14 -14 -14 -14
-1 -1 -1 -1 -1 -1 -1 -1 -1 -1 -1 -1 -1 -1 -1 -1 -1 -1 -1 -1 -1 -1 -1 -1 -1 -1 -1 -1 -1 -1 -1 96 96 105 101 101 114 106 -84 -84 20 37 37 54 50 48 48 43 41 41 42 43 43 44 52 54 54 54 48 48 42 37 31 31 27 22 22 10 12 14 14 18 15 15 7 8 8 14 13 7 7 4 2 2 0 0 0 0 0 0 0 0 0 0 0 0 0 0 0 0 0 3 2 13 13 15 4 4 0 0 0 0 0 0 0 0 0 0 0 0 0 0 7 19 19 27 26 19 19 6 0 0 0 0 0 0 0 3 3 7 6 6 0 0 0 0 0 0 0 0 0 0 0 0 65 65 84 113 113 112 105 104 104 95 -1 -1 -1 -1 -1 -1 -1 -1 -1 -1 -1 -1 -1 -1 -1 -1 -1 -1 -1 -1 -1 -1 -1 -1 -1 -1 -1 -1 -1 -1 -1 -1 -1 -1 -1 -1 -1 -2 -2 -2 -2 -3 -3 -3 -3 -3 -3 -4 -4 -4 -4 -6 -6 -7 -8 -9 -9 -9 -11 -11 -9 -9 -9 -9 -9 -9 -9 -9 -9 -9 -9 -11 -11 -11 -11 -9 -9 -9 -9 -9 -9 -9 -9 -9 -9 -9 -9 -9 -8 -8 -8 -8 -8 -8 -8 -8 -8 -8 -7 -7 -7 -7 -7 -7 -7 -8 -8 -8 -8 -8 -8 -8 -7 -7 -7 -7 -6 -6 -6 -6 -6 -6 -6 -6 -6 -6 -6 -6 -4 -4 -4 -4 -4 -4 -4 -4 -4 -4 -4 -3 -3 -3 -3 -3 -3 -4 -4 -4 -4 -4 -2 -2 -2 -2 -1 -1 -1 -1 -1 -1 -1 -1 -1 -1 -2 -2 -3 -3 -3 -4 -6 -7 -7 -4 -3 -3 -3 -3 -3 -4 -4 -4 -4 -3 -3 -3 -3 -2 -2 -2 -2 -3 -3 -3 -3 -3 -3 -3 -3 -3 -3 -3 -3 -3 -2 -2 -2 -2 -2 -2 -2 -2 -1 -1 -2 -2 -2 -2 -2 -2 -2 -2 -2 -2 -2 -1 -1 -1 -1 -1 -1 -1 -1 -1 -1 -1 -1 -1 -1 -1 -1 -1 -1 -1 -1 -1 -1 -1 -1 -1 -1 -1 -1 -1 -1 -1 -1 -1 -1 -1 -1 -1 -1 -1 -1 -1 -1 -1 -1 -1 -1 -1 -1 -2 -2 -2 -3 -3 -3 -4 -6 -6 -7 -7 -7 -8 -8 -8 -8 -8 -9 -9 -9 -12 -12 -13 -14 -13 -13 -13 -13 -13 -14 -14 -14 -14 -14 -13 -13 -14 -16 -16 -16 -17 -18 -18 -20 -20 -20 -21 -21 -21 -21 -21 -21 -21 -20 -20 -20 -20 -20 -17 -17 -17 -17 -17 -17 -17 -16 -16 -16 -16 -16 -14 -14 -16 -16 -16
-1 -1 -1 -1 -1 -1 -1 -1 -1 -1 -1 -1 -1 -1 -1 -1 -1 -1 -1 -1 -1 -1 -1 -1 -1 -1 -1 -1 -1 -1 -1 96 105 105 101 114 106 106 -84 20 20 37 54 54 50 48 43 43 41 42 42 43 44 52 52 54 54 54 48 42 37 37 31 27 27 22 10 10 12 14 18 18 15 7 7 8 14 13 13 7 4 4 2 0 0 0 0 0 0 0 0 0 0 0 0 0 0 0 0 0 3 3 2 13 15 15 4 0 0 0 0 0 0 0 0 0 0 0 0 0 0 7 7 19 27 27 26 19 6 6 0 0 0 0 0 0 0 3 7 7 6 0 0 0 0 0 0 0 0 0 0 0 0 0 65 84 84 113 112 112 105 104 95 95 -1 -1 -1 -1 -1 -1 -1 -1 -1 -1 -1 -1 -1 -1 -1 -1 -1 -1 -1 -1 -1 -1 -1 -1 -1 -1 -1 -1 -1 -1 -1 -1 -1 -1 -1 -1 -1 -2 -2 -2 -2 -3 -3 -3 -3 -3 -4 -4 -4 -4 -4 -6 -7 -7 -8 -9 -9 -9 -11 -9 -9 -9 -9 -9 -9 -9 -9 -9 -9 -9 -11 -11 -11 -11 -11 -9 -9 -9 -9 -9 -9 -9 -9 -9 -9 -9 -9 -8 -8 -8 -8 -8 -8 -8 -8 -8 -8 -7 -7 -7 -7 -7 -7 -7 -8 -8 -8 -8 -8 -8 -8 -8 -7 -7 -7 -7 -6 -6 -6 -6 -6 -6 -6 -6 -6 -6 -6 -4 -4 -4 -4 -4 -4 -4 -4 -4 -4 -4 -3 -3 -3 -3 -3 -3 -4 -4 -4 -4 -4 -4 -2 -2 -2 -2 -1 -1 -1 -1 -1 -1 -1 -1 -1 -1 -2 -3 -3 -3 -4 -4 -6 -7 -4 -4 -3 -3 -3 -3 -4 -4 -4 -4 -3 -3 -3 -3 -3 -2 -2 -2 -2 -3 -3 -3 -3 -3 -3 -3 -3 -3 -3 -3 -3 -2 -2 -2 -2 -2 -2 -2 -2 -2 -1 -2 -2 -2 -2 -2 -2 -2 -2 -2 -2 -2 -2 -1 -1 -1 -1 -1 -1 -1 -1 -1 -1 -1 -1 -1 -1 -1 -1 -1 -1 -1 -1 -1 -1 -1 -1 -1 -1 -1 -1 -1 -1 -1 -1 -1 -1 -1 -1 -1 -1 -1 -1 -1 -1 -1 -1 -1 -1 -1 -1 -2 -2 -2 -3 -3 -4 -4 -6 -7 -7 -7 -8 -8 -8 -8 -8 -8 -9 -9 -9 -12 -13 -14 -14 -13 -13 -13 -13 -14 -14 -14 -14 -14 -14 -13 -14 -14 -16 -16 -17 -17 -18 -20 -20 -20 -21 -21 -21 -21 -21 -21 -21 -20 -20 -20 -20 -20 -20 -17 -17 -17 -17 -17 -17 -17 -16 -16 -16 -16 -14 -14 -14 -16 -16 -16
-1 -1 -1 -1 -1 -1 -1 -1 -1 -1 -1 -1 -1 -1 -1 -1 -1 -1 -1 -1 -1 -1 -1 -1 -1 -1 -1 -1 -1 -1 -1 90 90 102 114 114 112 105 58 58 20 21 21 64 61 56 56 49 43 43 42 42 42 45 56 56 56 56 50 50 43 38 36 36 32 38 38 26 27 27 27 19 6 6 0 1 1 8 13 9 9 3 0 0 0 0 0 0 0 0 0 0 0 0 0 0 0 0 2 0 0 0 0 6 6 0 0 0 0 0 0 0 0 0 0 0 0 0 0 0 0 0 6 21 21 32 27 13 13 0 0 0 0 0 0 0 0 4 4 10 8 8 0 0 0 0 0 10 10 4 8 8 0 0 108 108 108 114 114 104 102 101 101 -1 -1 -1 -1 -1 -1 -1 -1 -1 -1 -1 -1 -1 -1 -1 -1 -1 -1 -1 -1 -1 -1 -1 -1 -1 -1 -1 -1 -1 -1 -1 -1 -1 -1 -1 -1 -1 -1 -2 -2 -2 -3 -3 -3 -3 -3 -3 -3 -4 -4 -4 -6 -6 -6 -7 -8 -9 -9 -11 -11 -11 -9 -9 -9 -9 -9 -9 -9 -9 -9 -9 -9 -11 -11 -11 -11 -9 -9 -9 -9 -9 -9 -9 -9 -9 -9 -9 -9 -9 -8 -8 -8 -8 -8 -8 -8 -8 -8 -8 -7 -7 -7 -7 -7 -7 -7 -8 -8 -8 -8 -8 -8 -8 -7 -7 -7 -7 -6 -6 -6 -6 -6 -6 -6 -6 -6 -6 -6 -6 -6 -6 -6 -6 -4 -4 -4 -4 -4 -4 -4 -4 -4 -4 -4 -3 -3 -3 -4 -4 -4 -4 -3 -3 -3 -2 -2 -2 -2 -2 -2 -1 -1 -1 -2 -3 -3 -3 -4 -4 -4 -7 -8 -8 -8 -6 -6 -6 -4 -4 -4 -6 -6 -6 -6 -4 -3 -3 -3 -2 -2 -2 -2 -2 -2 -2 -3 -3 -3 -3 -3 -3 -3 -2 -2 -2 -2 -2 -2 -2 -2 -2 -1 -1 -1 -1 -2 -2 -2 -2 -2 -2 -2 -2 -1 -1 -1 -1 -1 -1 -1 -1 -1 -1 -1 -1 -1 -1 -1 -1 -1 -1 -1 -1 -1 -1 -1 -1 -1 -1 -1 -1 -1 -1 -1 -1 -1 -1 -1 -1 -1 -1 -1 -1 -1 -1 -1 -1 -1 -1 -1 -1 -1 -1 -1 -2 -2 -2 -3 -3 -3 -4 -6 -6 -7 -8 -8 -8 -8 -8 -8 -9 -9 -9 -11 -13 -13 -13 -14 -14 -14 -14 -14 -14 -16 -16 -16 -16 -16 -16 -16 -16 -17 -17 -17 -18 -20 -20 -21 -22 -22 -23 -23 -23 -23 -23 -22 -22 -22 -22 -21 -21 -21 -18 -18 -18 -18 -18 -18 -17 -17 -17 -17 -17 -17 -16 -16 -16 -16 -17
-1 -1 -1 -1 -1 -1 -1 -1 -1 -1 -1 -1 -1 -1 -1 -1 -1 -1 -1 -1 -1 -1 -1 -1 -1 -1 -1 -1 -1 95 95 101 113 113 112 114 106 106 3 16 16 49 76 76 72 64 55 55 47 42 42 43 44 56 56 58 58 58 49 38 30 30 26 26 26 32 29 29 30 24 14 14 0 0 0 0 4 13 13 15 4 4 0 0 0 0 0 0 0 0 0 0 0 0 0 0 0 0 0 0 0 0 0 2 0 0 0 4 4 2 1 0 0 0 0 0 0 0 0 0 0 8 8 19 25 25 18 3 0 0 0 0 0 0 0 0 0 9 12 12 8 0 0 0 0 8 8 18 12 12 18 0 73 73 108 108 108 108 101 101 99 93 -1 -1 -1 -1 -1 -1 -1 -1 -1 -1 -1 -1 -1 -1 -1 -1 -1 -1 -1 -1 -1 -1 -1 -1 -1 -1 -1 -1 -1 -1 -1 -1 -1 -1 -1 -1 -1 -1 -1 -2 -2 -3 -3 -2 -3 -3 -3 -4 -4 -4 -6 -6 -6 -6 -7 -7 -9 -9 -9 -9 -9 -9 -9 -9 -9 -9 -9 -9 -9 -9 -9 -9 -11 -11 -11 -11 -11 -9 -9 -9 -9 -9 -9 -9 -9 -9 -9 -9 -9 -8 -8 -8 -8 -8 -8 -8 -8 -8 -8 -7 -7 -7 -7 -7 -7 -7 -8 -8 -8 -8 -8 -8 -8 -8 -7 -7 -7 -7 -6 -6 -6 -6 -6 -6 -6 -6 -6 -6 -6 -6 -6 -6 -6 -6 -6 -4 -4 -4 -4 -4 -4 -4 -4 -4 -4 -4 -3 -3 -3 -4 -4 -4 -3 -3 -3 -3 -3 -3 -3 -3 -3 -3 -3 -4 -6 -6 -4 -6 -6 -7 -8 -8 -9 -9 -7 -7 -7 -7 -7 -7 -8 -8 -8 -7 -6 -6 -3 -3 -3 -2 -2 -2 -2 -2 -2 -2 -2 -3 -3 -3 -3 -2 -2 -2 -2 -1 -1 -1 -1 -1 -1 -1 -1 -1 -1 -1 -1 -2 -2 -2 -1 -1 -1 -1 -1 -1 -1 -1 -1 -1 -1 -1 -1 -1 -1 -1 -1 -1 -1 -1 -1 -1 -1 -1 -1 -1 -1 -1 -1 -1 -1 -1 -1 -1 -1 -1 -1 -1 -1 -1 -1 -1 -1 -1 -1 -2 -2 -2 -2 -2 -2 -1 -2 -2 -2 -2 -2 -2 -2 -3 -4 -4 -6 -7 -7 -8 -9 -9 -9 -9 -11 -11 -11 -12 -12 -13 -14 -14 -14 -14 -14 -14 -16 -16 -16 -16 -16 -17 -17 -17 -17 -17 -18 -18 -20 -20 -22 -23 -23 -23 -25 -25 -25 -25 -25 -25 -25 -23 -23 -23 -23 -22 -22 -20 -20 -20 -20 -20 -18 -18 -18 -18 -18 -18 -17 -17 -17 -17 -17 -17
-1 -1 -1 -1 -1 -1 -1 -1 -1 -1 -1 -1 -1 -1 -1 -1 -1 -1 -1 -1 -1 -1 -1 -1 -1 -1 -1 -1 -1 -1 95 101 101 113 112 112 114 106 3 3 16 49 49 76 72 64 64 55 47 47 42 43 43 44 56 58 58 58 49 49 38 30 26 26 26 32 32 29 30 24 24 14 0 0 0 0 0 4 13 15 15 4 0 0 0 0 0 0 0 0 0 0 0 0 0 0 0 0 0 0 0 0 0 2 2 0 0 0 4 2 2 1 0 0 0 0 0 0 0 0 0 0 8 19 19 25 18 3 3 0 0 0 0 0 0 0 0 9 9 12 8 8 0 0 0 0 8 18 18 12 18 18 0 73 108 108 108 108 108 101 99 93 93 -1 -1 -1 -1 -1 -1 -1 -1 -1 -1 -1 -1 -1 -1 -1 -1 -1 -1 -1 -1 -1 -1 -1 -1 -1 -1 -1 -1 -1 -1 -1 -1 -1 -1 -1 -1 -1 -1 -2 -2 -2 -3 -2 -2 -3 -3 -3 -4 -4 -6 -6 -6 -6 -6 -7 -9 -9 -9 -9 -9 -9 -9 -9 -9 -9 -9 -9 -9 -9 -9 -9 -9 -11 -11 -11 -11 -9 -9 -9 -9 -9 -9 -9 -9 -9 -9 -9 -9 -9 -8 -8 -8 -8 -8 -8 -8 -8 -8 -8 -7 -7 -7 -7 -7 -7 -7 -8 -8 -8 -8 -8 -8 -8 -7 -7 -7 -7 -6 -6 -6 -6 -6 -6 -6 -6 -6 -6 -6 -6 -6 -6 -6 -6 -6 -4 -4 -4 -4 -4 -4 -4 -4 -4 -4 -4 -4 -3 -3 -4 -4 -4 -3 -3 -3 -3 -3 -3 -3 -3 -3 -3 -3 -3 -4 -6 -4 -4 -6 -7 -7 -8 -9 -9 -9 -7 -7 -7 -7 -7 -7 -8 -8 -7 -7 -6 -3 -3 -3 -2 -2 -2 -2 -2 -2 -2 -2 -3 -3 -3 -3 -3 -2 -2 -2 -2 -1 -1 -1 -1 -1 -1 -1 -1 -1 -1 -1 -2 -2 -2 -1 -1 -1 -1 -1 -1 -1 -1 -1 -1 -1 -1 -1 -1 -1 -1 -1 -1 -1 -1 -1 -1 -1 -1 -1 -1 -1 -1 -1 -1 -1 -1 -1 -1 -1 -1 -1 -1 -1 -1 -1 -1 -1 -1 -1 -2 -2 -2 -2 -2 -2 -1 -2 -2 -2 -2 -2 -2 -2 -2 -3 -4 -6 -6 -7 -8 -8 -9 -9 -9 -9 -11 -11 -11 -12 -13 -13 -14 -14 -14 -14 -14 -16 -16 -16 -16 -16 -16 -17 -17 -17 -17 -18 -18 -18 -20 -22 -22 -23 -23 -23 -25 -25 -25 -25 -25 -25 -25 -23 -23 -23 -23 -22 -20 -20 -20 -20 -20 -20 -18 -18 -18 -18 -18 -18 -17 -17 -17 -17 -17
-1 -1 -1 -1 -1 -1 -1 -1 -1 -1 -1 -1 -1 -1 -1 -1 -1 -1 -1 -1 -1 -1 -1 -1 -1 -1 -1 -1 96 97 97 104 106 106 106 117 101 101 0 0 0 59 83 83 78 68 59 59 49 44 44 43 44 54 54 54 52 52 43 30 19 19 13 12 12 20 20 20 22 14 8 8 1 0 0 0 13 21 21 15 2 2 0 0 0 0 0 0 0 0 0 0 0 0 0 0 0 0 0 0 0 0 0 0 0 0 0 6 6 9 12 0 0 0 0 0 0 0 0 0 3 10 10 14 13 13 6 0 0 0 0 0 0 0 0 1 1 9 13 13 9 0 0 0 0 8 8 19 25 25 24 0 110 110 112 107 107 106 100 100 96 -1 -1 -1 -1 -1 -1 -1 -1 -1 -1 -1 -1 -1 -1 -1 -1 -1 -1 -1 -1 -1 -1 -1 -1 -1 -1 -1 -1 -1 -1 -1 -1 -1 -1 -1 -1 -1 -1 -1 -1 -2 -2 -2 -2 -2 -3 -3 -3 -4 -4 -4 -6 -6 -6 -7 -7 -7 -9 -9 -9 -9 -9 -9 -9 -9 -9 -9 -9 -9 -11 -11 -11 -11 -11 -11 -11 -11 -11 -9 -9 -9 -9 -9 -9 -9 -9 -9 -9 -9 -9 -8 -8 -8 -8 -8 -8 -8 -8 -8 -8 -7 -7 -7 -7 -7 -7 -7 -8 -8 -8 -8 -8 -8 -8 -8 -7 -7 -7 -7 -6 -6 -6 -6 -6 -6 -6 -6 -6 -6 -6 -6 -6 -6 -6 -6 -6 -4 -4 -4 -4 -4 -4 -4 -4 -4 -4 -4 -3 -3 -3 -3 -3 -3 -3 -3 -3 -3 -3 -4 -4 -4 -4 -4 -4 -6 -6 -6 -6 -7 -7 -8 -9 -9 -9 -9 -8 -8 -8 -8 -8 -9 -9 -9 -9 -8 -7 -7 -4 -3 -3 -3 -2 -2 -2 -2 -2 -2 -2 -3 -3 -3 -2 -2 -2 -2 -1 -1 -1 -1 -1 -1 -1 -1 -1 -1 -1 -1 -1 -1 -1 -1 -1 -1 -1 -1 -1 -1 -1 -1 -1 -1 -1 -1 -1 -1 -1 -1 -1 -1 -1 -1 -1 -1 -1 -1 -1 -1 -1 -1 -1 -1 -1 -1 -1 -1 -1 -1 -1 -1 -1 -1 -1 -2 -2 -2 -2 -2 -2 -2 -2 -3 -3 -2 -2 -2 -2 -2 -1 -1 -2 -3 -4 -4 -6 -8 -8 -9 -9 -9 -12 -12 -12 -12 -13 -13 -13 -16 -16 -16 -16 -16 -16 -16 -16 -16 -16 -17 -17 -17 -17 -17 -18 -18 -20 -20 -21 -21 -23 -25 -25 -25 -26 -26 -26 -26 -26 -26 -25 -25 -25 -25 -23 -23 -23 -21 -21 -21 -21 -20 -20 -20 -18 -18 -18 -18 -17 -17 -17 -17 -17 -17
-1 -1 -1 -1 -1 -1 -1 -1 -1 -1 -1 -1 -1 -1 -1 -1 -1 -1 -1 -1 -1 -1 -1 -1 -1 -1 -1 -1 96 96 97 104 104 106 106 106 117 101 0 0 0 59 59 83 78 68 68 59 49 49 44 43 43 44 54 54 54 52 43 43 30 19 13 13 12 20 20 20 22 14 14 8 1 1 0 0 0 13 21 15 15 2 0 0 0 0 0 0 0 0 0 0 0 0 0 0 0 0 0 0 0 0 0 0 0 0 0 0 6 9 9 12 0 0 0 0 0 0 0 0 3 3 10 14 14 13 6 0 0 0 0 0 0 0 0 0 1 9 9 13 9 9 0 0 0 0 8 19 19 25 24 24 0 110 112 112 107 106 106 100 96 -1 -1 -1 -1 -1 -1 -1 -1 -1 -1 -1 -1 -1 -1 -1 -1 -1 -1 -1 -1 -1 -1 -1 -1 -1 -1 -1 -1 -1 -1 -1 -1 -1 -1 -1 -1 -1 -1 -1 -1 -2 -2 -2 -2 -2 -2 -3 -3 -3 -4 -4 -6 -6 -6 -7 -7 -7 -9 -9 -9 -9 -9 -9 -9 -9 -9 -9 -9 -9 -9 -11 -11 -11 -11 -11 -11 -11 -11 -9 -9 -9 -9 -9 -9 -9 -9 -9 -9 -9 -9 -9 -8 -8 -8 -8 -8 -8 -8 -8 -8 -8 -7 -7 -7 -7 -7 -7 -7 -8 -8 -8 -8 -8 -8 -8 -7 -7 -7 -7 -6 -6 -6 -6 -6 -6 -6 -6 -6 -6 -6 -6 -6 -6 -6 -6 -6 -4 -4 -4 -4 -4 -4 -4 -4 -4 -4 -4 -4 -3 -3 -3 -3 -3 -3 -3 -3 -3 -3 -3 -4 -4 -4 -4 -4 -4 -6 -6 -6 -6 -7 -8 -8 -9 -9 -9 -9 -8 -8 -8 -8 -9 -9 -9 -9 -8 -8 -7 -4 -4 -3 -3 -2 -2 -2 -2 -2 -2 -2 -3 -3 -3 -2 -2 -2 -2 -2 -1 -1 -1 -1 -1 -1 -1 -1 -1 -1 -1 -1 -1 -1 -1 -1 -1 -1 -1 -1 -1 -1 -1 -1 -1 -1 -1 -1 -1 -1 -1 -1 -1 -1 -1 -1 -1 -1 -1 -1 -1 -1 -1 -1 -1 -1 -1 -1 -1 -1 -1 -1 -1 -1 -1 -1 -2 -2 -2 -2 -2 -2 -2 -2 -2 -3 -2 -2 -2 -2 -2 -2 -1 -2 -2 -3 -4 -6 -6 -8 -9 -9 -9 -12 -12 -12 -12 -13 -13 -13 -16 -16 -16 -16 -16 -16 -16 -16 -16 -16 -17 -17 -17 -17 -17 -17 -18 -20 -20 -20 -21 -23 -23 -25 -25 -25 -26 -26 -26 -26 -26 -25 -25 -25 -25 -23 -23 -23 -21 -21 -21 -21 -21 -20 -20 -18 -18 -18 -18 -18 -17 -17 -17 -17 -17
-1 -1 -1 -1 -1 -1 -1 -1 -1 -1 -1 -1 -1 -1 -1 -1 -1 -1 -1 -1 -1 -1 -1 -1 -1 -1 -1 94 99 104 104 107 114 114 119 108 102 102 -1 25 25 27 81 81 76 66 56 56 50 47 47 44 44 45 45 44 41 41 35 21 9 9 3 3 3 12 14 14 14 4 2 2 0 0 0 0 12 14 14 6 0 0 0 0 0 0 0 6 6 0 0 0 0 0 0 0 0 0 0 0 0 0 0 0 0 0 0 1 1 6 14 7 7 0 0 0 0 0 0 0 8 8 8 9 2 2 0 0 0 0 0 0 0 0 0 0 0 7 13 13 14 0 0 0 0 2 2 19 8 8 0 44 113 113 112 108 108 104 95 95 -1 -1 -1 -1 -1 -1 -1 -1 -1 -1 -1 -1 -1 -1 -1 -1 -1 -1 -1 -1 -1 -1 -1 -1 -1 -1 -1 -1 -1 -1 -1 -1 -1 -1 -1 -1 -1 -1 -2 -2 -2 -1 -2 -2 -2 -2 -3 -3 -3 -4 -6 -6 -6 -6 -6 -7 -8 -8 -8 -9 -9 -9 -11 -9 -9 -9 -9 -9 -9 -11 -11 -11 -11 -11 -11 -11 -11 -11 -11 -9 -9 -9 -9 -9 -9 -9 -9 -9 -9 -9 -9 -8 -8 -8 -8 -8 -8 -8 -8 -8 -8 -7 -7 -7 -7 -7 -7 -7 -8 -8 -8 -8 -8 -8 -8 -8 -7 -7 -7 -7 -6 -6 -6 -6 -6 -6 -6 -6 -6 -6 -6 -6 -6 -6 -6 -6 -6 -6 -4 -4 -4 -4 -4 -4 -4 -4 -4 -4 -4 -3 -3 -3 -3 -3 -3 -3 -3 -3 -4 -4 -4 -6 -6 -6 -6 -6 -7 -7 -7 -8 -8 -8 -9 -9 -9 -9 -9 -9 -9 -9 -9 -11 -12 -11 -11 -11 -9 -9 -4 -4 -4 -3 -3 -2 -2 -2 -2 -2 -2 -2 -2 -2 -2 -2 -2 -1 -1 -1 -1 -1 -1 -1 -1 -1 -1 -1 -1 -1 -1 -1 -1 -1 -1 -1 -1 -1 -1 -1 -1 -1 -1 -1 -1 -1 -1 -1 -1 -1 -1 -1 -1 -1 -1 -1 -1 -1 -1 -1 -1 -1 -1 -1 -1 -1 -1 -1 -1 -1 -1 -1 -2 -2 -2 -2 -2 -2 -2 -2 -3 -3 -3 -3 -3 -3 -3 -3 -3 -3 -2 -2 -3 -4 -6 -6 -8 -9 -9 -11 -12 -12 -14 -14 -14 -14 -16 -16 -16 -18 -18 -18 -18 -17 -17 -17 -17 -17 -17 -18 -18 -20 -20 -20 -21 -21 -21 -22 -23 -23 -25 -26 -26 -27 -27 -28 -28 -28 -27 -27 -27 -26 -26 -26 -25 -25 -25 -23 -23 -23 -22 -22 -21 -21 -21 -21 -21 -20 -18 -18 -18 -18 -18 -18
-1 -1 -1 -1 -1 -1 -1 -1 -1 -1 -1 -1 -1 -1 -1 -1 -1 -1 -1 -1 -1 -1 -1 -1 -1 -1 90 96 104 104 107 112 112 108 110 110 101 45 -97 -97 0 33 33 71 66 60 60 53 50 50 48 45 45 44 38 35 35 32 26 26 16 7 3 3 4 13 13 9 2 0 0 0 0 0 0 0 0 0 1 0 0 0 0 0 12 13 12 12 10 0 0 0 0 0 0 0 1 1 2 1 1 6 0 0 0 0 0 0 0 2 2 8 6 2 2 0 0 0 0 0 8 8 8 6 6 0 0 0 0 1 0 0 0 0 0 0 0 6 6 12 14 14 1 0 0 0 2 16 16 0 0 0 97 114 113 113 106 100 100 90 -1 -1 -1 -1 -1 -1 -1 -1 -1 -1 -1 -1 -1 -1 -1 -1 -1 -1 -1 -1 -1 -1 -1 -1 -1 -1 -1 -1 -1 -1 -1 -1 -1 -1 -1 -1 -1 -1 -2 -2 -2 -1 -2 -2 -2 -3 -3 -3 -4 -4 -6 -6 -6 -6 -7 -7 -7 -8 -8 -9 -9 -11 -11 -11 -9 -9 -9 -9 -9 -11 -11 -11 -11 -11 -11 -11 -11 -11 -11 -9 -9 -9 -9 -9 -9 -9 -9 -9 -9 -9 -9 -9 -8 -8 -8 -8 -8 -8 -8 -8 -8 -8 -7 -7 -7 -7 -7 -7 -7 -8 -8 -8 -8 -8 -8 -8 -7 -7 -7 -7 -6 -6 -6 -6 -6 -6 -6 -6 -6 -6 -6 -6 -6 -6 -6 -6 -6 -6 -6 -6 -6 -6 -6 -4 -4 -4 -4 -4 -4 -4 -4 -4 -4 -4 -3 -3 -3 -3 -4 -4 -4 -6 -6 -6 -6 -6 -6 -7 -7 -7 -8 -8 -8 -8 -8 -8 -8 -9 -9 -9 -11 -12 -12 -12 -13 -11 -11 -9 -6 -6 -6 -4 -3 -3 -2 -2 -2 -2 -2 -2 -2 -2 -1 -1 -1 -1 -1 -1 -1 -1 -1 -1 -1 -1 -1 -1 -1 -1 -1 -1 -1 -1 -1 -1 -1 -1 -1 -1 -1 -1 -1 -1 -1 -1 -1 -1 -1 -1 -1 -1 -1 -1 -1 -1 -1 -1 -1 -1 -1 -1 -1 -1 -1 -1 -1 -1 -1 -2 -2 -2 -2 -2 -2 -3 -3 -3 -3 -2 -2 -3 -3 -3 -3 -4 -4 -4 -4 -4 -4 -4 -4 -4 -7 -8 -11 -11 -12 -13 -13 -14 -17 -17 -17 -17 -18 -18 -18 -21 -21 -21 -21 -20 -20 -20 -20 -20 -20 -20 -21 -21 -22 -22 -22 -25 -25 -26 -26 -26 -27 -27 -28 -30 -30 -30 -31 -30 -30 -30 -28 -28 -28 -27 -27 -27 -27 -26 -26 -25 -25 -25 -23 -23 -22 -22 -22 -22 -22 -21 -21 -21 -21 -21
-1 -1 -1 -1 -1 -1 -1 -1 -1 -1 -1 -1 -1 -1 -1 -1 -1 -1 -1 -1 -1 -1 -1 -1 -1 90 90 96 104 107 107 112 108 108 110 101 45 45 -97 0 0 33 71 71 66 60 53 53 50 48 48 45 44 38 38 35 32 32 26 16 7 7 3 4 4 13 9 9 2 0 0 0 0 0 0 0 0 1 1 0 0 0 0 12 12 13 12 10 10 0 0 0 0 0 0 0 1 2 2 1 6 6 0 0 0 0 0 0 0 2 8 6 6 2 0 0 0 0 0 0 8 8 8 6 0 0 0 0 1 1 0 0 0 0 0 0 0 6 12 12 14 1 1 0 0 2 2 16 0 0 0 97 114 114 113 106 106 100 90 90 -1 -1 -1 -1 -1 -1 -1 -1 -1 -1 -1 -1 -1 -1 -1 -1 -1 -1 -1 -1 -1 -1 -1 -1 -1 -1 -1 -1 -1 -1 -1 -1 -1 -1 -1 -1 -1 -1 -2 -2 -2 -1 -2 -2 -2 -3 -3 -3 -4 -6 -6 -6 -6 -7 -7 -7 -8 -8 -8 -9 -11 -11 -11 -9 -9 -9 -9 -9 -9 -11 -11 -11 -11 -11 -11 -11 -11 -11 -11 -9 -9 -9 -9 -9 -9 -9 -9 -9 -9 -9 -9 -8 -8 -8 -8 -8 -8 -8 -8 -8 -8 -7 -7 -7 -7 -7 -7 -7 -8 -8 -8 -8 -8 -8 -8 -8 -7 -7 -7 -7 -6 -6 -6 -6 -6 -6 -6 -6 -6 -6 -6 -6 -6 -6 -6 -6 -6 -6 -6 -6 -6 -6 -4 -4 -4 -4 -4 -4 -4 -4 -4 -4 -4 -4 -3 -3 -3 -3 -4 -4 -4 -6 -6 -6 -6 -6 -7 -7 -7 -8 -8 -8 -8 -8 -8 -8 -9 -9 -9 -11 -11 -12 -12 -13 -13 -11 -9 -9 -6 -6 -6 -4 -3 -2 -2 -2 -2 -2 -2 -2 -2 -2 -1 -1 -1 -1 -1 -1 -1 -1 -1 -1 -1 -1 -1 -1 -1 -1 -1 -1 -1 -1 -1 -1 -1 -1 -1 -1 -1 -1 -1 -1 -1 -1 -1 -1 -1 -1 -1 -1 -1 -1 -1 -1 -1 -1 -1 -1 -1 -1 -1 -1 -1 -1 -1 -1 -1 -2 -2 -2 -2 -2 -2 -3 -3 -3 -3 -2 -3 -3 -3 -3 -3 -4 -4 -4 -4 -4 -4 -4 -4 -7 -8 -8 -11 -12 -12 -13 -14 -14 -17 -17 -17 -17 -18 -18 -18 -21 -21 -21 -21 -20 -20 -20 -20 -20 -20 -20 -21 -22 -22 -22 -25 -25 -25 -26 -26 -26 -27 -28 -28 -30 -30 -31 -31 -30 -30 -30 -28 -28 -28 -27 -27 -27 -27 -26 -25 -25 -25 -23 -23 -23 -22 -22 -22 -22 -21 -21 -21 -21 -21 -21
-1 -1 -1 -1 -1 -1 -1 -1 -1 -1 -1 -1 -1 -1 -1 -1 -1 -1 -1 -1 -1 -1 -1 -1 -1 -1 91 97 106 106 110 55 55 0 0 0 0 -77 -32 -32 -20 68 68 65 60 53 53 50 48 48 49 45 45 44 36 31 31 26 21 21 14 8 4 4 7 12 12 1 0 0 0 0 0 0 0 0 0 0 0 6 6 4 7 7 14 19 19 19 7 0 0 0 0 0 0 2 7 7 6 10 10 19 4 0 0 0 0 0 0 3 3 0 3 4 4 1 0 0 0 0 9 9 13 9 9 2 0 0 0 2 1 1 0 0 0 0 6 9 9 10 12 12 2 0 0 0 1 16 16 -68 12 12 110 106 112 112 105 99 99 90 -1 -1 -1 -1 -3 -3 -1 -1 -1 -1 -1 -1 -1 -1 -1 -1 -1 -1 -1 -1 -1 -1 -1 -1 -1 -1 -1 -1 -1 -1 -1 -1 -1 -1 -1 -1 -1 -2 -2 -2 -2 -1 -2 -2 -2 -3 -3 -3 -6 -6 -6 -4 -6 -6 -7 -7 -7 -8 -9 -9 -9 -11 -11 -11 -9 -9 -9 -9 -9 -11 -11 -11 -11 -11 -11 -11 -11 -11 -11 -9 -9 -9 -9 -9 -9 -9 -9 -9 -9 -9 -9 -9 -8 -8 -8 -8 -8 -8 -8 -8 -8 -8 -7 -7 -7 -7 -7 -7 -7 -8 -8 -8 -8 -8 -8 -8 -7 -7 -7 -7 -6 -6 -6 -6 -6 -6 -6 -6 -6 -6 -6 -6 -6 -6 -6 -6 -6 -6 -6 -6 -6 -6 -6 -4 -4 -4 -4 -4 -4 -4 -4 -4 -4 -4 -3 -3 -3 -3 -4 -4 -4 -6 -6 -6 -6 -6 -6 -7 -7 -7 -8 -8 -8 -8 -8 -8 -8 -9 -9 -9 -11 -12 -12 -14 -13 -11 -11 -9 -7 -7 -6 -4 -3 -3 -3 -2 -2 -2 -2 -1 -1 -1 -1 -1 -1 -1 -1 -1 -1 -1 -1 -1 -1 -1 -1 -1 -1 -1 -1 -1 -1 -1 -1 -1 -1 -1 -1 -1 -1 -1 -1 -1 -1 -1 -1 -1 -1 -1 -1 -1 -1 -1 -1 -1 -1 -1 -1 -1 -1 -1 -1 -1 -1 -1 -1 -1 -2 -2 -2 -2 -2 -2 -3 -3 -3 -3 -3 -1 -1 -3 -3 -3 -4 -4 -6 -6 -6 -6 -6 -6 -7 -7 -8 -11 -12 -12 -14 -16 -16 -16 -18 -18 -18 -20 -20 -20 -21 -22 -22 -22 -21 -21 -21 -21 -21 -21 -21 -22 -22 -22 -23 -25 -25 -27 -27 -27 -27 -28 -30 -30 -31 -31 -31 -32 -32 -32 -32 -31 -31 -31 -30 -30 -28 -28 -28 -27 -27 -26 -26 -26 -25 -25 -23 -23 -23 -23 -23 -23 -22 -22 -22 -23
-1 -1 -1 -1 -1 -1 -1 -1 -1 -1 -1 -1 -1 -1 -1 -1 -1 -1 -1 -1 -1 -1 -1 -1 -1 91 91 97 106 110 110 55 0 0 0 0 -77 -77 -32 -20 -20 68 65 65 60 53 50 50 48 49 49 45 44 36 36 31 26 26 21 14 8 8 4 7 7 12 1 1 0 0 0 0 0 0 0 0 0 0 0 6 4 4 7 14 14 19 19 7 7 0 0 0 0 0 2 2 7 6 6 10 19 19 4 0 0 0 0 0 0 3 0 3 3 4 1 1 0 0 0 0 9 13 13 9 2 2 0 0 2 2 1 0 0 0 0 6 6 9 10 10 12 2 2 0 0 1 1 16 -68 -68 12 110 106 106 112 105 105 99 90 90 -1 -1 -1 -1 -3 -1 -1 -1 -1 -1 -1 -1 -1 -1 -1 -1 -1 -1 -1 -1 -1 -1 -1 -1 -1 -1 -1 -1 -1 -1 -1 -1 -1 -1 -1 -1 -2 -2 -2 -2 -2 -1 -2 -2 -2 -3 -3 -3 -6 -6 -4 -4 -6 -7 -7 -7 -8 -8 -9 -9 -11 -11 -11 -9 -9 -9 -9 -9 -9 -11 -11 -11 -11 -11 -11 -11 -11 -11 -11 -9 -9 -9 -9 -9 -9 -9 -9 -9 -9 -9 -9 -8 -8 -8 -8 -8 -8 -8 -8 -8 -8 -7 -7 -7 -7 -7 -7 -7 -8 -8 -8 -8 -8 -8 -8 -8 -7 -7 -7 -7 -6 -6 -6 -6 -6 -6 -6 -6 -6 -6 -6 -6 -6 -6 -6 -6 -6 -6 -6 -6 -6 -6 -4 -4 -4 -4 -4 -4 -4 -4 -4 -4 -4 -4 -3 -3 -3 -3 -4 -4 -4 -6 -6 -6 -6 -6 -7 -7 -7 -8 -8 -8 -8 -8 -8 -8 -9 -9 -9 -11 -11 -12 -14 -13 -13 -11 -9 -9 -7 -6 -6 -4 -3 -3 -3 -2 -2 -2 -2 -1 -1 -1 -1 -1 -1 -1 -1 -1 -1 -1 -1 -1 -1 -1 -1 -1 -1 -1 -1 -1 -1 -1 -1 -1 -1 -1 -1 -1 -1 -1 -1 -1 -1 -1 -1 -1 -1 -1 -1 -1 -1 -1 -1 -1 -1 -1 -1 -1 -1 -1 -1 -1 -1 -1 -1 -1 -2 -2 -2 -2 -2 -3 -3 -3 -3 -3 -3 -1 -3 -3 -3 -4 -4 -4 -6 -6 -6 -6 -6 -6 -7 -8 -11 -11 -12 -14 -14 -16 -16 -16 -18 -18 -20 -20 -20 -21 -21 -22 -22 -21 -21 -21 -21 -21 -21 -21 -21 -22 -22 -23 -23 -25 -27 -27 -27 -27 -28 -28 -30 -31 -31 -31 -32 -32 -32 -32 -31 -31 -31 -30 -30 -30 -28 -28 -28 -27 -26 -26 -26 -25 -25 -25 -23 -23 -23 -23 -23 -23 -22 -22 -23 -23
-1 -1 -1 -1 -1 -1 -1 -1 -1 -1 -1 -1 -1 -1 -1 -1 -1 -1 -1 -1 -1 -1 -1 -1 -1 -1 91 99 106 106 111 60 60 0 -111 -111 -55 -12 70 70 65 58 58 65 53 50 50 52 45 45 54 49 49 53 42 35 35 37 33 33 18 7 6 6 3 0 0 0 0 0 0 0 0 0 0 0 0 0 0 1 1 1 6 6 9 10 15 15 9 2 2 0 0 0 0 1 4 4 3 18 18 20 10 2 2 6 4 4 1 6 6 6 0 0 0 0 0 0 4 16 18 18 9 12 12 10 8 0 0 0 16 16 16 22 22 15 24 16 16 12 19 19 15 8 0 0 16 6 6 33 89 89 110 110 106 106 95 93 93 -1 -1 -1 -1 -1 -1 -1 -1 -1 -1 -1 -1 -1 -1 -1 -1 -1 -1 -1 -1 -1 -1 -1 -1 -1 -1 -1 -1 -1 -1 -1 -1 -1 -1 -1 -1 -1 -1 -2 -3 -3 -3 -3 -3 -3 -3 -3 -3 -3 -4 -4 -4 -4 -6 -6 -7 -7 -7 -8 -9 -9 -9 -9 -9 -9 -9 -9 -9 -11 -11 -11 -11 -11 -11 -11 -9 -11 -11 -11 -11 -9 -9 -9 -9 -9 -9 -8 -9 -9 -9 -9 -9 -9 -9 -8 -8 -8 -8 -8 -7 -7 -7 -7 -7 -7 -7 -7 -7 -7 -7 -8 -8 -8 -7 -7 -7 -7 -7 -7 -7 -8 -7 -7 -7 -7 -7 -7 -7 -7 -7 -7 -7 -7 -7 -7 -7 -7 -7 -7 -7 -7 -7 -7 -7 -4 -4 -4 -4 -4 -4 -4 -4 -4 -4 -4 -3 -3 -3 -4 -4 -4 -4 -6 -6 -6 -6 -6 -6 -6 -7 -7 -7 -8 -8 -7 -7 -7 -7 -7 -8 -8 -11 -14 -14 -14 -13 -12 -12 -11 -6 -6 -4 -3 -3 -3 -4 -4 -4 -3 -2 -2 -2 -2 -1 -1 -1 -1 -1 -1 -1 -1 -1 -1 -2 -2 -2 -2 -1 -1 -1 -1 -1 -1 -1 -1 -1 -1 -1 -1 -1 -1 -1 -1 -1 -1 -1 -1 -1 -1 -1 -1 -1 -1 -1 -1 -1 -1 -1 -1 -1 -1 -1 -1 -1 -2 -2 -2 -2 -2 -2 -2 -2 -2 -3 -3 -3 -4 -4 -4 -4 -4 -4 -4 -6 -7 -8 -8 -9 -9 -9 -11 -11 -11 -12 -16 -16 -16 -18 -20 -20 -20 -21 -21 -21 -22 -23 -23 -23 -23 -23 -23 -23 -23 -23 -23 -25 -25 -26 -26 -27 -27 -28 -28 -28 -30 -31 -32 -32 -34 -34 -34 -35 -35 -35 -35 -34 -32 -32 -32 -32 -32 -31 -31 -31 -31 -31 -28 -28 -28 -27 -27 -27 -26 -26 -26 -25 -25 -25 -25 -25 -25 -25 -25
-1 -1 -1 -1 -1 -1 -1 -1 -1 -1 -1 -1 -1 -1 -1 -1 -1 -1 -1 -1 -1 -1 -1 -1 -1 -1 -1 97 104 110 110 105 96 96 94 -59 -115 -115 0 3 3 38 49 49 55 53 45 45 44 53 53 53 53 39 39 33 31 31 25 6 0 0 0 0 0 0 0 0 0 0 0 0 0 0 0 0 0 0 0 1 2 2 8 14 14 12 16 19 19 12 3 3 0 1 4 4 7 7 7 16 19 19 9 3 7 7 7 3 3 3 0 0 0 1 2 2 0 6 19 19 22 12 12 15 4 4 4 2 2 2 31 49 49 42 39 37 37 41 39 39 35 35 35 31 18 21 21 8 48 48 112 117 105 105 102 94 94 91 -1 -1 -1 -1 -1 -1 -1 -1 -1 -1 -1 -1 -1 -1 -1 -1 -1 -1 -1 -1 -1 -1 -1 -1 -1 -1 -1 -1 -1 -1 -1 -1 -1 -1 -1 -1 -1 -1 -2 -2 -3 -3 -3 -3 -3 -3 -3 -3 -3 -3 -4 -4 -4 -4 -6 -7 -7 -7 -8 -8 -9 -9 -9 -9 -9 -9 -9 -9 -11 -11 -11 -11 -11 -11 -11 -9 -11 -11 -11 -11 -11 -9 -9 -9 -9 -9 -9 -9 -9 -9 -9 -9 -9 -9 -9 -8 -8 -8 -8 -7 -7 -7 -7 -7 -7 -7 -7 -7 -7 -7 -8 -8 -8 -7 -7 -7 -7 -7 -7 -7 -8 -8 -7 -7 -7 -7 -7 -7 -7 -7 -7 -7 -7 -7 -7 -7 -7 -7 -7 -7 -7 -7 -7 -7 -4 -4 -4 -4 -4 -4 -4 -4 -4 -4 -4 -4 -3 -4 -4 -4 -4 -4 -4 -6 -6 -6 -6 -6 -6 -6 -7 -7 -7 -7 -7 -7 -7 -6 -7 -7 -8 -11 -11 -14 -14 -14 -14 -12 -11 -11 -6 -4 -4 -3 -3 -4 -4 -4 -3 -3 -2 -2 -2 -2 -2 -1 -1 -1 -1 -1 -1 -1 -2 -2 -2 -2 -2 -2 -1 -1 -1 -1 -1 -1 -1 -1 -1 -1 -1 -1 -1 -1 -1 -1 -1 -1 -1 -1 -1 -1 -1 -1 -1 -1 -1 -1 -1 -1 -1 -1 -1 -1 -1 -1 -1 -2 -2 -2 -2 -2 -3 -3 -3 -3 -3 -4 -4 -4 -4 -4 -4 -4 -6 -6 -6 -7 -8 -9 -9 -9 -12 -12 -13 -16 -17 -17 -18 -20 -20 -21 -21 -21 -22 -23 -23 -23 -25 -25 -25 -25 -25 -25 -25 -26 -27 -27 -27 -28 -28 -30 -31 -31 -31 -32 -32 -32 -32 -34 -35 -35 -36 -36 -36 -36 -36 -34 -34 -34 -34 -34 -34 -32 -32 -32 -32 -31 -31 -30 -30 -30 -30 -28 -28 -28 -27 -27 -27 -26 -26 -26 -26 -26 -26 -26
-1 -1 -1 -1 -1 -1 -1 -1 -1 -1 -1 -1 -1 -1 -1 -1 -1 -1 -1 -1 -1 -1 -1 -1 -1 -1 -1 97 104 104 110 105 105 96 94 94 -59 -115 0 0 3 38 38 49 55 53 53 45 44 44 53 53 53 53 39 33 33 31 25 25 6 0 0 0 0 0 0 0 0 0 0 0 0 0 0 0 0 0 0 1 1 2 8 8 14 12 16 16 19 12 12 3 0 0 1 4 7 7 7 16 16 19 9 3 3 7 7 7 3 3 3 0 0 1 1 2 0 0 6 19 22 22 12 15 15 4 4 2 2 2 31 31 49 42 42 39 37 41 41 39 35 35 35 31 18 18 21 8 8 48 112 112 117 105 102 102 94 91 91 -1 -1 -1 -1 -1 -1 -1 -1 -1 -1 -1 -1 -1 -1 -1 -1 -1 -1 -1 -1 -1 -1 -1 -1 -1 -1 -1 -1 -1 -1 -1 -1 -1 -1 -1 -1 -1 -1 -2 -3 -3 -3 -3 -3 -3 -3 -3 -3 -3 -4 -4 -4 -4 -6 -6 -7 -7 -7 -8 -9 -9 -9 -9 -9 -9 -9 -9 -9 -11 -11 -11 -11 -11 -11 -11 -9 -11 -11 -11 -11 -9 -9 -9 -9 -9 -9 -9 -9 -9 -9 -9 -9 -9 -9 -8 -8 -8 -8 -8 -7 -7 -7 -7 -7 -7 -7 -7 -7 -7 -7 -8 -8 -8 -7 -7 -7 -7 -7 -7 -7 -8 -7 -7 -7 -7 -7 -7 -7 -7 -7 -7 -7 -7 -7 -7 -7 -7 -7 -7 -7 -7 -7 -7 -7 -4 -4 -4 -4 -4 -4 -4 -4 -4 -4 -4 -3 -3 -4 -4 -4 -4 -4 -6 -6 -6 -6 -6 -6 -6 -7 -7 -7 -7 -7 -7 -7 -6 -6 -7 -8 -8 -11 -14 -14 -14 -14 -12 -12 -11 -6 -6 -4 -3 -3 -3 -4 -4 -4 -3 -2 -2 -2 -2 -2 -2 -1 -1 -1 -1 -1 -1 -1 -2 -2 -2 -2 -2 -1 -1 -1 -1 -1 -1 -1 -1 -1 -1 -1 -1 -1 -1 -1 -1 -1 -1 -1 -1 -1 -1 -1 -1 -1 -1 -1 -1 -1 -1 -1 -1 -1 -1 -1 -1 -1 -2 -2 -2 -2 -2 -2 -3 -3 -3 -3 -4 -4 -4 -4 -4 -4 -4 -6 -6 -6 -7 -8 -8 -9 -9 -9 -12 -13 -13 -16 -17 -18 -18 -20 -21 -21 -21 -22 -23 -23 -23 -25 -25 -25 -25 -25 -25 -25 -26 -26 -27 -27 -27 -28 -30 -31 -31 -31 -32 -32 -32 -32 -34 -34 -35 -36 -36 -36 -36 -36 -36 -34 -34 -34 -34 -34 -34 -32 -32 -32 -32 -31 -30 -30 -30 -30 -30 -28 -28 -27 -27 -27 -26 -26 -26 -26 -26 -26 -26
-1 -1 -1 -1 -1 -1 -1 -1 -1 -1 -1 -1 -1 -1 -1 -1 -1 -1 -1 -1 -1 -1 -1 -1 -1 -1 -1 95 102 106 106 118 106 106 99 64 31 31 25 14 14 8 25 25 47 53 39 39 42 52 52 56 47 37 37 30 25 25 14 0 0 0 0 0 0 0 0 0 0 0 0 0 0 0 0 0 0 0 0 1 3 3 10 14 14 13 14 21 21 15 8 8 4 2 6 6 8 9 9 18 18 18 10 4 8 8 7 2 2 3 0 0 0 4 7 7 1 6 19 19 22 15 15 10 6 6 1 2 20 20 48 60 60 47 53 45 45 47 45 45 42 47 47 39 32 19 19 15 67 67 117 114 102 102 97 -1 -1 -1 -1 -1 -1 -1 -1 -1 -1 -1 -1 -1 -1 -1 -1 -1 -1 -1 -1 -1 -1 -1 -1 -1 -1 -1 -1 -1 -1 -1 -1 -1 -1 -1 -1 -1 -1 -1 -1 -1 -2 -2 -3 -3 -3 -3 -3 -3 -3 -3 -4 -4 -4 -4 -4 -4 -6 -7 -7 -7 -8 -8 -9 -9 -9 -9 -9 -9 -9 -9 -11 -11 -11 -11 -11 -11 -11 -9 -11 -11 -11 -11 -11 -9 -9 -9 -9 -9 -9 -9 -9 -9 -9 -9 -9 -9 -9 -8 -8 -8 -8 -7 -7 -7 -7 -7 -7 -7 -7 -7 -7 -7 -8 -8 -8 -7 -7 -7 -7 -7 -7 -7 -8 -8 -7 -7 -7 -7 -7 -7 -7 -7 -7 -7 -7 -7 -7 -7 -7 -7 -7 -7 -7 -7 -7 -7 -4 -4 -4 -4 -4 -4 -4 -4 -4 -4 -4 -4 -4 -4 -4 -4 -4 -4 -4 -6 -6 -6 -6 -6 -6 -6 -6 -6 -6 -6 -6 -6 -6 -6 -6 -6 -8 -11 -11 -14 -16 -14 -14 -12 -11 -11 -6 -4 -4 -3 -3 -4 -4 -4 -3 -3 -2 -2 -2 -2 -2 -2 -2 -2 -2 -2 -2 -2 -2 -2 -2 -2 -2 -2 -1 -1 -1 -1 -1 -1 -1 -1 -1 -1 -1 -1 -1 -1 -1 -1 -1 -1 -1 -1 -1 -1 -1 -1 -1 -1 -1 -1 -1 -1 -1 -2 -2 -2 -3 -3 -3 -3 -3 -3 -3 -3 -4 -4 -4 -4 -4 -6 -6 -6 -6 -7 -8 -8 -8 -9 -9 -9 -11 -12 -12 -13 -16 -16 -18 -18 -20 -20 -21 -22 -22 -23 -25 -25 -25 -26 -26 -26 -26 -27 -27 -27 -27 -26 -26 -30 -30 -30 -31 -32 -32 -32 -34 -34 -34 -35 -35 -35 -35 -36 -37 -37 -37 -37 -37 -37 -37 -36 -36 -36 -35 -35 -35 -34 -34 -34 -34 -32 -32 -32 -32 -32 -31 -31 -30 -30 -28 -28 -28 -28 -27 -27 -27 -27 -28 -28
-1 -1 -1 -1 -1 -1 -1 -1 -1 -1 -1 -1 -1 -1 -1 -1 -1 -1 -1 -1 -1 -1 -1 -1 -1 -1 -1 -1 97 97 101 102 102 112 105 105 110 101 81 81 65 26 26 7 24 45 45 38 36 36 47 49 49 38 32 24 24 16 6 6 0 0 0 0 0 0 0 0 0 0 0 0 0 0 0 0 0 0 0 1 1 1 7 7 12 9 12 12 13 10 10 6 2 2 0 1 4 4 8 13 13 12 8 6 6 9 8 8 6 6 6 1 2 7 7 9 8 8 12 20 20 20 21 7 7 4 0 6 6 36 56 56 78 66 66 52 32 26 26 -58 36 36 47 37 25 25 12 37 37 91 110 110 104 102 94 94 -1 -1 -1 -1 -1 -1 -1 -1 -1 -1 -1 -1 -1 -1 -1 -1 -1 -1 -1 -1 -1 -1 -1 -1 -1 -1 -1 -1 -1 -1 -1 -1 -1 -1 -1 -1 -1 -1 -1 -1 -1 -2 -2 -2 -3 -3 -4 -4 -3 -3 -3 -4 -4 -4 -4 -4 -6 -6 -7 -8 -8 -8 -9 -9 -9 -9 -9 -9 -9 -9 -9 -11 -11 -11 -11 -11 -11 -11 -9 -12 -12 -12 -12 -12 -12 -11 -11 -11 -11 -11 -9 -9 -9 -9 -9 -9 -9 -8 -8 -8 -8 -8 -7 -7 -7 -7 -7 -7 -7 -7 -7 -7 -7 -8 -8 -8 -7 -7 -7 -7 -7 -7 -7 -8 -7 -7 -7 -7 -7 -7 -7 -7 -7 -7 -7 -7 -7 -7 -7 -7 -7 -7 -7 -7 -7 -7 -7 -4 -4 -4 -4 -4 -4 -4 -4 -4 -4 -4 -4 -4 -4 -4 -4 -4 -6 -6 -6 -6 -6 -6 -6 -6 -4 -4 -4 -4 -4 -4 -4 -4 -4 -7 -8 -8 -12 -16 -16 -16 -14 -13 -13 -12 -7 -7 -6 -4 -4 -4 -4 -4 -4 -3 -2 -3 -3 -3 -3 -3 -3 -3 -3 -3 -3 -3 -3 -3 -3 -3 -3 -2 -2 -2 -1 -1 -1 -1 -1 -1 -1 -1 -1 -1 -1 -1 -1 -1 -1 -1 -1 -1 -1 -1 -1 -1 -1 -1 -1 -1 -1 -1 -1 -1 -2 -3 -4 -4 -6 -6 -6 -6 -8 -8 -8 -8 -8 -8 -9 -9 -9 -11 -11 -11 -11 -12 -12 -12 -13 -14 -16 -16 -17 -17 -17 -22 -22 -22 -22 -23 -25 -25 -26 -27 -27 -27 -28 -28 -28 -28 -30 -30 -30 -30 -30 -30 -30 -31 -31 -31 -32 -32 -34 -35 -35 -35 -35 -35 -35 -37 -37 -39 -39 -39 -39 -39 -39 -39 -39 -39 -37 -36 -36 -36 -36 -36 -35 -35 -34 -34 -34 -34 -34 -32 -32 -32 -31 -30 -30 -30 -28 -28 -28 -28 -28 -28 -28 -30
-1 -1 -1 -1 -1 -1 -1 -1 -1 -1 -1 -1 -1 -1 -1 -1 -1 -1 -1 -1 -1 -1 -1 -1 -1 -1 -1 -1 97 101 101 102 112 112 105 110 101 101 81 65 65 26 7 7 24 45 38 38 36 47 47 49 38 32 32 24 16 16 6 0 0 0 0 0 0 0 0 0 0 0 0 0 0 0 0 0 0 0 0 1 1 1 7 12 12 9 12 13 13 10 6 6 2 0 1 1 4 8 8 13 12 12 8 6 9 9 8 6 6 6 1 2 2 7 9 9 8 12 20 20 20 21 21 7 4 4 0 6 36 36 56 78 78 66 52 32 32 26 -58 -58 36 47 47 37 25 12 12 37 91 91 110 104 102 102 94 -1 -1 -1 -1 -1 -1 -1 -1 -1 -1 -1 -1 -1 -1 -1 -1 -1 -1 -1 -1 -1 -1 -1 -1 -1 -1 -1 -1 -1 -1 -1 -1 -1 -1 -1 -1 -1 -1 -1 -1 -1 -2 -2 -2 -3 -3 -3 -4 -3 -3 -3 -4 -4 -4 -4 -4 -4 -6 -7 -7 -8 -8 -8 -9 -9 -9 -9 -9 -9 -9 -9 -11 -11 -11 -11 -11 -11 -11 -9 -12 -12 -12 -12 -12 -12 -11 -11 -11 -11 -11 -11 -9 -9 -9 -9 -9 -9 -9 -8 -8 -8 -8 -7 -7 -7 -7 -7 -7 -7 -7 -7 -7 -7 -8 -8 -8 -7 -7 -7 -7 -7 -7 -7 -8 -8 -7 -7 -7 -7 -7 -7 -7 -7 -7 -7 -7 -7 -7 -7 -7 -7 -7 -7 -7 -7 -7 -7 -4 -4 -4 -4 -4 -4 -4 -4 -4 -4 -4 -4 -4 -4 -4 -4 -4 -6 -6 -6 -6 -6 -6 -6 -6 -6 -4 -4 -4 -4 -4 -4 -4 -4 -7 -7 -8 -12 -12 -16 -16 -14 -14 -13 -12 -12 -7 -6 -6 -4 -4 -4 -4 -4 -3 -3 -2 -3 -3 -3 -3 -3 -3 -3 -3 -3 -3 -3 -3 -3 -3 -3 -3 -2 -2 -1 -1 -1 -1 -1 -1 -1 -1 -1 -1 -1 -1 -1 -1 -1 -1 -1 -1 -1 -1 -1 -1 -1 -1 -1 -1 -1 -1 -1 -1 -2 -2 -3 -4 -6 -6 -6 -6 -6 -8 -8 -8 -8 -8 -9 -9 -9 -11 -11 -11 -11 -12 -12 -12 -13 -13 -14 -16 -17 -17 -17 -22 -22 -22 -22 -23 -23 -25 -26 -26 -27 -27 -27 -28 -28 -28 -28 -30 -30 -30 -30 -30 -30 -30 -31 -31 -31 -32 -34 -34 -35 -35 -35 -35 -35 -37 -37 -37 -39 -39 -39 -39 -39 -39 -39 -39 -37 -37 -36 -36 -36 -36 -35 -35 -35 -34 -34 -34 -34 -32 -32 -32 -31 -30 -30 -30 -28 -28 -28 -28 -28 -28 -28 -30 -30
-1 -1 -1 -1 -1 -1 -1 -1 -1 -1 -1 -1 -1 -1 -1 -1 -1 -1 -1 -1 -1 -1 -1 -1 -1 -1 -1 -1 -1 -1 -1 102 102 106 106 106 101 105 110 110 102 85 85 20 6 33 33 39 27 27 37 37 37 30 24 15 15 9 1 1 0 0 0 0 0 0 0 0 0 0 0 0 0 0 0 0 0 2 3 0 0 0 0 0 4 6 8 8 7 6 6 1 0 0 0 0 0 0 1 4 4 4 4 7 7 13 15 15 16 18 18 13 12 15 15 20 22 22 25 26 22 22 21 10 10 0 0 15 15 42 67 67 93 56 56 27 29 36 36 -49 -49 -49 31 25 26 26 36 74 74 111 110 110 104 102 89 89 -1 -1 -1 -1 -1 -1 -1 -1 -1 -1 -1 -1 -1 -1 -1 -1 -1 -1 -1 -1 -1 -1 -1 -1 -1 -1 -1 -1 -1 -1 -1 -1 -1 -1 -1 -1 -1 -1 -1 -1 -1 -2 -1 -1 -1 -4 -4 -4 -3 -3 -3 -4 -4 -4 -4 -6 -6 -6 -7 -8 -8 -9 -9 -9 -9 -9 -9 -9 -9 -9 -9 -11 -11 -11 -11 -11 -11 -11 -9 -12 -12 -12 -12 -12 -12 -11 -11 -11 -11 -11 -9 -9 -9 -9 -9 -9 -9 -8 -8 -8 -8 -8 -7 -7 -7 -7 -7 -7 -7 -7 -7 -7 -7 -8 -8 -8 -7 -7 -7 -7 -7 -7 -7 -8 -7 -7 -7 -7 -7 -7 -7 -7 -7 -7 -7 -7 -7 -7 -7 -7 -7 -7 -7 -7 -7 -7 -7 -6 -6 -6 -6 -4 -4 -4 -4 -4 -4 -4 -4 -4 -4 -4 -6 -6 -6 -6 -6 -6 -6 -6 -6 -4 -4 -4 -3 -3 -3 -3 -4 -4 -4 -8 -9 -9 -13 -17 -17 -17 -16 -14 -14 -12 -7 -7 -6 -4 -4 -4 -4 -4 -4 -3 -2 -3 -3 -3 -3 -3 -3 -4 -4 -4 -4 -4 -4 -4 -4 -4 -3 -2 -2 -2 -1 -1 -1 -1 -1 -1 -1 -1 -1 -1 -1 -1 -1 -1 -1 -1 -1 -1 -1 -1 -1 -1 -1 -1 -1 -1 -1 -2 -3 -3 -4 -7 -9 -9 -11 -11 -11 -11 -13 -13 -13 -13 -14 -14 -14 -14 -14 -16 -16 -17 -17 -17 -18 -18 -20 -21 -22 -22 -23 -23 -23 -25 -26 -26 -26 -27 -28 -28 -28 -31 -31 -31 -30 -30 -30 -31 -32 -32 -32 -32 -32 -32 -34 -32 -32 -34 -35 -35 -35 -36 -36 -36 -36 -36 -36 -37 -37 -37 -37 -39 -39 -39 -37 -37 -37 -37 -37 -36 -36 -36 -35 -35 -35 -34 -34 -34 -34 -31 -31 -31 -31 -31 -30 -28 -28 -28 -27 -27 -27 -28 -28 -28 -28 -30
-1 -1 -1 -1 -1 -1 -1 -1 -1 -1 -1 -1 -1 -1 -1 -1 -1 -1 -1 -1 -1 -1 -1 -1 -1 -1 -1 -1 -1 -1 -1 102 106 106 106 101 105 105 110 102 102 85 20 20 6 33 39 39 27 37 37 37 30 24 24 15 9 9 1 0 0 0 0 0 0 0 0 0 0 0 0 0 0 0 0 0 2 3 3 0 0 0 0 4 4 6 8 7 7 6 1 1 0 0 0 0 0 1 1 4 4 4 4 7 13 13 15 16 16 18 13 12 12 15 20 20 22 25 26 26 22 21 21 10 0 0 0 15 42 42 67 93 93 56 27 29 29 36 -49 -49 -49 31 31 25 26 36 36 74 111 111 110 104 102 102 89 -1 -1 -1 -1 -1 -1 -1 -1 -1 -1 -1 -1 -1 -1 -1 -1 -1 -1 -1 -1 -1 -1 -1 -1 -1 -1 -1 -1 -1 -1 -1 -1 -1 -1 -1 -1 -1 -1 -1 -1 -1 -2 -2 -1 -1 -1 -4 -4 -3 -3 -3 -4 -4 -4 -4 -6 -6 -6 -7 -7 -8 -9 -9 -9 -9 -9 -9 -9 -9 -9 -9 -11 -11 -11 -11 -11 -11 -11 -9 -12 -12 -12 -12 -12 -12 -11 -11 -11 -11 -11 -11 -9 -9 -9 -9 -9 -9 -9 -8 -8 -8 -8 -7 -7 -7 -7 -7 -7 -7 -7 -7 -7 -7 -8 -8 -8 -7 -7 -7 -7 -7 -7 -7 -8 -8 -7 -7 -7 -7 -7 -7 -7 -7 -7 -7 -7 -7 -7 -7 -7 -7 -7 -7 -7 -7 -7 -7 -6 -6 -6 -6 -6 -4 -4 -4 -4 -4 -4 -4 -4 -4 -4 -4 -6 -6 -6 -6 -6 -6 -6 -6 -4 -4 -4 -3 -3 -3 -3 -3 -4 -4 -8 -8 -9 -13 -13 -17 -17 -16 -16 -14 -12 -12 -7 -6 -6 -4 -4 -4 -4 -4 -3 -3 -2 -3 -3 -3 -3 -3 -3 -4 -4 -4 -4 -4 -4 -4 -4 -3 -3 -2 -2 -1 -1 -1 -1 -1 -1 -1 -1 -1 -1 -1 -1 -1 -1 -1 -1 -1 -1 -1 -1 -1 -1 -1 -1 -1 -1 -1 -2 -2 -3 -4 -4 -7 -9 -11 -11 -11 -11 -11 -13 -13 -13 -13 -14 -14 -14 -14 -16 -16 -16 -17 -17 -17 -18 -20 -20 -21 -22 -23 -23 -23 -25 -25 -26 -26 -27 -27 -28 -28 -28 -31 -31 -31 -30 -30 -31 -31 -32 -32 -32 -32 -32 -34 -34 -32 -34 -34 -35 -35 -35 -36 -36 -36 -36 -36 -37 -37 -37 -37 -39 -39 -39 -37 -37 -37 -37 -37 -37 -36 -36 -36 -35 -35 -35 -34 -34 -34 -34 -31 -31 -31 -31 -30 -28 -28 -28 -27 -27 -27 -28 -28 -28 -28 -30 -30
-1 -1 -1 -1 -1 -1 -1 -1 -1 -1 -1 -1 -1 -1 -1 -1 -1 -1 -1 -1 -1 -1 -1 -1 -1 -1 -1 -1 -1 -1 -1 97 97 94 97 97 97 99 101 101 102 108 108 53 8 15 15 41 19 19 24 25 25 25 20 12 12 9 1 1 0 0 3 3 2 0 0 0 0 0 0 0 0 0 0 0 0 3 1 0 0 0 0 0 0 1 6 6 7 4 4 1 0 0 0 0 0 0 0 1 1 0 4 9 9 14 16 16 22 27 27 30 29 32 32 38 43 43 41 30 20 20 20 12 12 0 2 18 18 50 77 77 49 26 26 38 81 99 99 91 85 85 72 66 71 71 88 106 106 112 108 108 101 94 -1 -1 -1 -1 -1 -1 -1 -1 -1 -1 -1 -1 -1 -1 -1 -1 -1 -1 -1 -1 -1 -1 -1 -1 -1 -1 -1 -1 -1 -1 -1 -1 -1 -1 -1 -1 -1 -1 -1 -1 -1 -1 -1 -1 -1 -1 -1 -4 -4 -4 -3 -3 -3 -4 -4 -4 -6 -6 -7 -7 -7 -8 -8 -9 -9 -9 -9 -9 -9 -9 -9 -9 -9 -11 -11 -11 -11 -11 -11 -11 -9 -12 -12 -12 -12 -12 -12 -12 -11 -11 -11 -11 -9 -9 -9 -9 -9 -9 -9 -8 -8 -8 -8 -8 -7 -7 -7 -7 -7 -7 -7 -7 -7 -7 -7 -8 -8 -8 -7 -7 -7 -7 -7 -7 -7 -8 -7 -7 -7 -7 -7 -7 -7 -7 -7 -7 -7 -7 -7 -7 -7 -7 -7 -7 -7 -7 -7 -7 -7 -6 -6 -6 -6 -6 -6 -4 -4 -4 -4 -4 -6 -6 -6 -6 -6 -6 -6 -6 -6 -6 -6 -6 -7 -6 -4 -4 -4 -4 -4 -4 -6 -7 -7 -9 -12 -12 -14 -18 -18 -18 -17 -14 -14 -13 -8 -8 -7 -6 -6 -6 -6 -6 -6 -4 -3 -3 -3 -3 -4 -4 -4 -4 -4 -6 -6 -6 -6 -4 -4 -4 -3 -3 -2 -2 -2 -1 -1 -1 -1 -1 -1 -1 -1 -1 -3 -3 -3 -3 -3 -1 -1 -2 -2 -2 -2 -3 -3 -3 -3 -3 -3 -4 -6 -6 -8 -11 -13 -13 -14 -16 -16 -16 -18 -18 -18 -20 -20 -20 -21 -21 -21 -21 -21 -20 -20 -21 -22 -22 -23 -25 -26 -26 -26 -27 -27 -30 -30 -30 -30 -30 -31 -31 -32 -32 -32 -32 -32 -32 -32 -34 -34 -34 -34 -35 -35 -35 -35 -37 -37 -37 -39 -39 -39 -40 -39 -39 -39 -37 -37 -37 -37 -37 -37 -37 -37 -37 -37 -36 -36 -36 -36 -36 -36 -35 -34 -34 -34 -32 -32 -32 -32 -30 -30 -28 -28 -28 -28 -27 -27 -27 -26 -26 -26 -27 -27 -28 -28 -30
-1 -1 -1 -1 -1 -1 -1 -1 -1 -1 -1 -1 -1 -1 -1 -1 -1 -1 -1 -1 -1 -1 -1 -1 -1 -1 -1 -1 -1 -1 -1 -1 -1 -1 -1 -1 96 96 94 105 105 102 -1 -1 21 0 41 41 18 10 10 15 16 18 18 10 6 6 0 0 0 0 4 0 0 0 0 0 0 2 0 0 0 0 0 0 0 0 0 0 0 0 0 0 0 0 0 7 7 4 0 0 0 0 0 0 2 4 4 1 1 1 6 8 8 8 10 19 19 25 33 39 39 48 60 60 65 55 32 32 16 15 15 3 2 2 8 22 55 55 54 3 3 27 76 114 114 117 110 110 112 112 112 110 108 116 116 112 105 105 102 97 -1 -1 -1 -1 -1 -1 -1 -1 -1 -1 -1 -1 -1 -1 -1 -1 -1 -1 -1 -1 -1 -1 -1 -1 -1 -1 -1 -1 -1 -1 -1 -1 -1 -1 -1 -1 -1 -1 -1 -1 -1 -1 -1 -2 -1 -1 -1 -1 -1 -4 -4 -3 -3 -4 -4 -4 -4 -6 -6 -6 -7 -7 -7 -8 -9 -9 -9 -11 -11 -11 -9 -9 -9 -9 -11 -11 -11 -11 -11 -11 -11 -9 -12 -12 -12 -12 -12 -12 -12 -12 -11 -11 -11 -11 -9 -9 -9 -9 -9 -9 -9 -8 -8 -8 -8 -7 -7 -7 -7 -7 -7 -7 -7 -7 -7 -7 -8 -8 -8 -7 -7 -7 -7 -7 -7 -7 -8 -8 -7 -7 -7 -7 -7 -7 -7 -7 -7 -7 -7 -7 -7 -7 -7 -7 -7 -7 -7 -7 -7 -7 -6 -6 -6 -6 -6 -6 -4 -4 -4 -4 -4 -4 -6 -6 -6 -6 -6 -6 -6 -6 -6 -6 -6 -6 -4 -4 -3 -3 -3 -3 -3 -3 -4 -6 -11 -11 -13 -16 -16 -20 -20 -18 -18 -16 -13 -13 -9 -8 -8 -7 -7 -7 -7 -7 -6 -6 -4 -3 -3 -3 -4 -6 -6 -6 -6 -6 -6 -6 -6 -6 -6 -4 -4 -3 -2 -2 -2 -2 -1 -1 -2 -2 -2 -2 -3 -6 -6 -6 -7 -7 -7 -4 -6 -6 -6 -6 -6 -7 -7 -7 -7 -7 -11 -11 -12 -14 -14 -16 -18 -18 -18 -18 -18 -18 -20 -20 -21 -21 -21 -21 -21 -22 -22 -22 -22 -23 -25 -25 -26 -27 -27 -28 -30 -31 -31 -31 -34 -34 -34 -32 -32 -32 -34 -34 -34 -34 -34 -34 -34 -34 -34 -34 -34 -35 -35 -36 -36 -36 -36 -39 -39 -39 -40 -40 -40 -40 -40 -39 -39 -37 -36 -36 -37 -37 -37 -37 -36 -36 -36 -35 -35 -35 -35 -34 -34 -34 -32 -31 -31 -31 -30 -30 -30 -27 -27 -27 -27 -27 -26 -26 -26 -26 -26 -26 -26 -26 -26 -27 -28 -28
-1 -1 -1 -1 -1 -1 -1 -1 -1 -1 -1 -1 -1 -1 -1 -1 -1 -1 -1 -1 -1 -1 -1 -1 -1 -1 -1 -1 -1 -1 -1 -1 -1 -1 -1 -1 -1 96 94 94 105 102 102 -1 21 0 0 41 18 18 10 15 15 16 18 10 10 6 0 0 0 0 4 4 0 0 0 0 0 2 2 0 0 0 0 0 0 0 0 0 0 0 0 0 0 0 0 0 7 4 4 0 0 0 0 0 2 2 4 1 1 1 6 8 8 8 10 10 19 25 25 33 39 48 48 60 65 65 55 32 16 16 15 3 3 2 8 22 22 55 54 54 3 27 27 76 114 117 117 110 112 112 112 110 108 108 116 112 112 105 102 102 97 -1 -1 -1 -1 -1 -1 -1 -1 -1 -1 -1 -1 -1 -1 -1 -1 -1 -1 -1 -1 -1 -1 -1 -1 -1 -1 -1 -1 -1 -1 -1 -1 -1 -1 -1 -1 -1 -1 -1 -1 -1 -1 -2 -2 -1 -1 -1 -1 -4 -4 -4 -3 -4 -4 -4 -4 -4 -6 -6 -7 -7 -7 -8 -8 -9 -9 -11 -11 -11 -9 -9 -9 -9 -9 -11 -11 -11 -11 -11 -11 -11 -9 -12 -12 -12 -12 -12 -12 -12 -11 -11 -11 -11 -9 -9 -9 -9 -9 -9 -9 -8 -8 -8 -8 -8 -7 -7 -7 -7 -7 -7 -7 -7 -7 -7 -7 -8 -8 -8 -7 -7 -7 -7 -7 -7 -7 -8 -7 -7 -7 -7 -7 -7 -7 -7 -7 -7 -7 -7 -7 -7 -7 -7 -7 -7 -7 -7 -7 -7 -7 -6 -6 -6 -6 -6 -6 -4 -4 -4 -4 -4 -6 -6 -6 -6 -6 -6 -6 -6 -6 -6 -6 -6 -6 -4 -3 -3 -3 -3 -3 -3 -4 -6 -6 -11 -13 -13 -16 -20 -20 -20 -18 -16 -16 -13 -9 -9 -8 -7 -7 -7 -7 -7 -7 -6 -4 -3 -3 -3 -4 -4 -6 -6 -6 -6 -6 -6 -6 -6 -6 -6 -4 -3 -2 -2 -2 -2 -2 -1 -2 -2 -2 -2 -3 -3 -6 -6 -6 -7 -7 -4 -4 -6 -6 -6 -6 -7 -7 -7 -7 -7 -7 -11 -12 -12 -14 -16 -18 -18 -18 -18 -18 -18 -20 -20 -20 -21 -21 -21 -21 -22 -22 -22 -22 -23 -23 -25 -26 -26 -27 -28 -30 -30 -31 -31 -31 -34 -34 -34 -32 -32 -34 -34 -34 -34 -34 -34 -34 -34 -34 -34 -34 -34 -35 -36 -36 -36 -36 -39 -39 -39 -40 -40 -40 -40 -40 -40 -39 -37 -37 -36 -37 -37 -37 -37 -36 -36 -36 -35 -35 -35 -35 -34 -34 -34 -32 -32 -31 -31 -30 -30 -30 -27 -27 -27 -27 -27 -27 -26 -26 -26 -26 -26 -26 -26 -26 -27 -27 -28
-1 -1 -1 -1 -1 -1 -1 -1 -1 -1 -1 -1 -1 -1 -1 -1 -1 -1 -1 -1 -1 -1 -1 -1 -1 -1 -1 -1 -1 -1 -1 -1 -1 -1 -1 -1 95 95 95 105 105 104 -1 -1 32 0 41 41 19 6 6 8 8 13 13 6 0 0 0 0 0 0 0 0 0 0 0 0 0 0 0 0 0 0 0 0 0 0 0 0 0 0 0 0 0 0 0 8 8 3 0 0 0 0 0 0 7 10 10 4 3 3 4 6 2 2 1 8 8 16 22 35 35 52 70 70 78 65 38 38 18 9 9 1 9 9 10 38 48 48 12 -59 -59 -18 106 113 113 107 111 111 112 111 111 108 110 104 104 104 102 102 100 -1 -1 -1 -1 -1 -1 -1 -1 -1 -1 -1 -1 -1 -1 -1 -1 -1 -1 -1 -1 -1 -1 -1 -1 -1 -1 -1 -1 -1 -1 -1 -1 -1 -1 -1 -1 -1 -1 -1 -1 -1 -1 -1 -1 -2 -1 -1 -1 -1 -1 -4 -4 -3 -3 -4 -4 -4 -4 -6 -6 -6 -7 -7 -7 -8 -9 -9 -9 -11 -11 -11 -9 -9 -9 -9 -11 -11 -11 -11 -11 -11 -11 -9 -13 -13 -12 -12 -12 -12 -12 -12 -11 -11 -11 -11 -9 -9 -9 -9 -9 -9 -9 -8 -8 -8 -8 -7 -7 -7 -7 -7 -7 -7 -7 -7 -7 -7 -8 -8 -8 -7 -7 -7 -7 -7 -7 -7 -8 -8 -7 -7 -7 -7 -7 -7 -7 -7 -7 -7 -7 -7 -7 -7 -7 -7 -7 -7 -7 -7 -7 -7 -6 -6 -6 -6 -6 -6 -4 -4 -4 -4 -4 -4 -6 -6 -6 -6 -6 -6 -6 -6 -6 -6 -6 -6 -4 -4 -3 -2 -2 -3 -4 -4 -6 -7 -12 -12 -14 -17 -17 -21 -21 -18 -18 -16 -13 -13 -11 -9 -9 -8 -7 -7 -7 -7 -6 -6 -4 -3 -3 -3 -4 -6 -6 -6 -7 -7 -7 -7 -6 -6 -6 -4 -4 -3 -2 -2 -2 -2 -2 -2 -3 -3 -4 -4 -4 -7 -7 -8 -9 -9 -9 -8 -8 -8 -8 -9 -9 -9 -9 -9 -9 -9 -13 -13 -14 -17 -17 -18 -18 -20 -20 -20 -20 -20 -21 -21 -21 -21 -22 -22 -22 -22 -23 -23 -23 -26 -27 -27 -28 -30 -30 -31 -32 -32 -32 -34 -35 -35 -35 -35 -34 -34 -35 -34 -34 -34 -34 -34 -34 -34 -34 -34 -35 -35 -35 -35 -36 -37 -37 -37 -39 -39 -39 -39 -39 -39 -37 -36 -36 -36 -36 -36 -36 -36 -36 -36 -36 -35 -35 -34 -34 -34 -34 -34 -32 -32 -31 -31 -31 -30 -28 -28 -28 -27 -27 -27 -26 -26 -26 -26 -26 -26 -26 -26 -25 -25 -25 -26 -27 -27
-1 -1 -1 -1 -1 -1 -1 -1 -1 -1 -1 -1 -1 -1 -1 -1 -1 -1 -1 -1 -1 -1 -1 -1 -1 -1 -1 -1 -1 -1 -1 -1 -1 -1 -1 -1 -1 95 95 95 105 104 104 -1 32 0 0 41 19 19 6 8 8 8 13 6 6 0 0 0 0 0 0 0 0 0 0 0 0 0 0 0 0 0 0 0 0 0 0 0 0 0 0 0 0 0 0 0 8 3 3 0 0 0 0 0 7 7 10 4 4 3 4 6 6 2 1 1 8 16 16 22 35 52 52 70 78 78 65 38 18 18 9 1 1 9 10 38 38 48 12 12 -59 -18 -18 106 113 107 107 111 112 112 111 108 110 110 104 104 104 102 100 100 -1 -1 -1 -1 -1 -1 -1 -1 -1 -1 -1 -1 -1 -1 -1 -1 -1 -1 -1 -1 -1 -1 -1 -1 -1 -1 -1 -1 -1 -1 -1 -1 -1 -1 -1 -1 -1 -1 -1 -1 -1 -1 -1 -2 -2 -1 -1 -1 -1 -4 -4 -4 -3 -4 -4 -4 -4 -4 -6 -6 -7 -7 -7 -8 -8 -9 -9 -11 -11 -11 -9 -9 -9 -9 -9 -11 -11 -11 -11 -11 -11 -11 -9 -13 -12 -12 -12 -12 -12 -12 -11 -11 -11 -11 -9 -9 -9 -9 -9 -9 -9 -8 -8 -8 -8 -8 -7 -7 -7 -7 -7 -7 -7 -7 -7 -7 -7 -8 -8 -8 -7 -7 -7 -7 -7 -7 -7 -8 -7 -7 -7 -7 -7 -7 -7 -7 -7 -7 -7 -7 -7 -7 -7 -7 -7 -7 -7 -7 -7 -7 -7 -6 -6 -6 -6 -6 -6 -4 -4 -4 -4 -4 -6 -6 -6 -6 -6 -6 -6 -6 -6 -6 -6 -6 -6 -4 -3 -3 -2 -3 -3 -4 -6 -7 -7 -12 -14 -14 -17 -21 -21 -21 -18 -16 -16 -13 -11 -11 -9 -8 -7 -7 -7 -7 -7 -6 -4 -3 -3 -3 -4 -4 -6 -6 -6 -7 -7 -7 -7 -6 -6 -6 -4 -3 -2 -2 -2 -2 -2 -2 -3 -3 -3 -4 -4 -4 -7 -8 -8 -9 -9 -8 -8 -8 -8 -8 -9 -9 -9 -9 -9 -9 -9 -13 -14 -14 -17 -18 -18 -18 -20 -20 -20 -20 -21 -21 -21 -21 -22 -22 -22 -22 -22 -23 -23 -26 -26 -27 -28 -28 -30 -31 -32 -32 -32 -34 -34 -35 -35 -35 -35 -34 -35 -35 -34 -34 -34 -34 -34 -34 -34 -34 -35 -35 -35 -35 -35 -36 -37 -37 -37 -39 -39 -39 -39 -39 -37 -37 -36 -36 -36 -36 -36 -36 -36 -36 -36 -36 -35 -34 -34 -34 -34 -34 -34 -32 -31 -31 -31 -30 -28 -28 -28 -27 -27 -27 -26 -26 -26 -26 -26 -26 -26 -26 -26 -25 -25 -26 -26 -27
-1 -1 -1 -1 -1 -1 -1 -1 -1 -1 -1 -1 -1 -1 -1 -1 -1 -1 -1 -1 -1 -1 -1 -1 -1 -1 -1 -1 -1 -1 -1 -1 -1 -1 -1 -1 -1 -1 99 104 104 106 -1 -1 -54 0 41 41 18 0 0 0 2 6 6 4 0 0 0 0 0 0 0 0 0 0 0 0 0 0 0 0 0 0 0 0 0 0 0 1 0 0 0 0 0 0 1 8 8 1 0 0 0 0 0 0 7 10 10 0 0 0 0 0 0 0 0 0 0 0 13 26 26 53 77 77 95 78 37 37 15 8 8 1 15 15 30 36 36 36 0 100 100 110 112 111 111 108 106 106 101 97 97 97 -1 -1 -1 -1 -1 -1 -1 -1 -1 -1 -1 -1 -1 -1 -1 -1 -1 -1 -1 -1 -1 -1 -1 -1 -1 -1 -1 -1 -1 -1 -1 -1 -1 -1 -1 -1 -1 -1 -1 -1 -1 -1 -1 -1 -1 -1 -1 -1 -2 -2 -2 -2 -2 -2 -2 -2 -2 -3 -3 -3 -3 -3 -3 -3 -4 -7 -8 -8 -8 -8 -8 -8 -8 -8 -9 -9 -9 -9 -11 -11 -11 -11 -11 -11 -11 -11 -12 -12 -12 -12 -12 -12 -12 -12 -12 -11 -11 -11 -11 -9 -9 -9 -8 -8 -8 -8 -8 -8 -8 -8 -8 -8 -8 -11 -11 -9 -8 -8 -8 -7 -7 -7 -7 -7 -7 -7 -7 -7 -7 -8 -7 -7 -7 -6 -6 -6 -6 -6 -6 -6 -6 -6 -6 -6 -6 -6 -6 -6 -6 -6 -6 -6 -6 -6 -6 -6 -6 -6 -6 -6 -6 -6 -6 -6 -6 -6 -6 -6 -6 -6 -6 -6 -6 -6 -6 -6 -6 -6 -6 -6 -6 -6 -6 -6 -2 -2 -2 -3 -6 -6 -9 -8 -16 -16 -20 -22 -22 -22 -21 -21 -21 -16 -13 -13 -12 -11 -11 -11 -9 -8 -8 -8 -8 -8 -8 -7 -6 -6 -6 -7 -7 -7 -7 -8 -8 -8 -8 -8 -7 -6 -6 -6 -4 -4 -4 -6 -6 -6 -9 -9 -11 -11 -11 -12 -12 -13 -14 -14 -14 -16 -16 -16 -16 -16 -16 -17 -18 -20 -20 -21 -20 -20 -21 -23 -23 -22 -21 -21 -21 -21 -21 -21 -21 -21 -21 -21 -22 -22 -22 -23 -23 -25 -25 -26 -27 -27 -28 -31 -31 -32 -34 -34 -34 -34 -34 -34 -34 -34 -32 -32 -32 -32 -32 -32 -32 -32 -32 -34 -34 -34 -35 -36 -36 -37 -39 -39 -39 -40 -39 -39 -39 -37 -37 -36 -35 -35 -35 -35 -34 -34 -34 -34 -34 -34 -34 -32 -32 -31 -31 -30 -30 -30 -28 -28 -28 -27 -27 -27 -26 -26 -26 -26 -26 -26 -26 -26 -25 -25 -25 -25 -25 -25 -27 -27 -28 -28 -30 -30
-1 -1 -1 -1 -1 -1 -1 -1 -1 -1 -1 -1 -1 -1 -1 -1 -1 -1 -1 -1 -1 -1 -1 -1 -1 -1 -1 -1 -1 -1 -1 -1 -1 -1 -1 -1 -1 -1 99 99 101 105 105 -1 26 0 0 41 19 19 4 0 0 0 8 7 7 4 0 0 0 0 0 0 0 0 0 0 0 0 0 0 0 0 0 0 0 0 4 2 2 0 0 0 0 0 0 0 2 0 0 0 0 0 0 4 10 10 14 0 0 0 0 0 0 0 0 0 0 0 0 13 29 61 61 85 100 100 85 43 18 18 16 15 15 37 48 47 47 33 0 0 110 111 111 112 110 107 107 101 97 97 94 94 -1 -1 -1 -1 -1 -1 -1 -1 -1 -1 -1 -1 -1 -1 -1 -1 -1 -1 -1 -1 -1 -1 -1 -1 -1 -1 -1 -1 -1 -1 -1 -1 -1 -1 -1 -1 -1 -1 -1 -1 -1 -1 -1 -1 -1 -1 -1 -1 -1 -2 -2 -2 -2 -2 -2 -2 -2 -3 -3 -3 -3 -3 -3 -4 -4 -4 -7 -8 -8 -8 -8 -8 -8 -9 -9 -9 -9 -11 -11 -11 -11 -11 -11 -11 -11 -11 -11 -12 -12 -12 -12 -12 -12 -12 -12 -11 -11 -11 -11 -9 -9 -9 -8 -8 -8 -8 -8 -8 -8 -8 -8 -8 -8 -8 -11 -9 -8 -8 -8 -7 -7 -7 -7 -7 -6 -7 -7 -7 -7 -8 -8 -7 -7 -6 -6 -6 -6 -6 -6 -6 -6 -6 -6 -6 -6 -6 -6 -6 -6 -6 -6 -6 -6 -6 -6 -6 -6 -6 -6 -6 -6 -6 -6 -6 -6 -6 -6 -6 -6 -6 -6 -6 -6 -6 -6 -6 -6 -6 -6 -6 -6 -6 -7 -6 -2 -2 -2 -4 -4 -7 -11 -11 -11 -16 -21 -21 -22 -22 -22 -21 -21 -16 -16 -13 -12 -12 -11 -11 -9 -9 -8 -8 -8 -8 -8 -7 -7 -7 -7 -7 -7 -8 -8 -8 -9 -9 -9 -9 -8 -8 -8 -7 -7 -7 -7 -8 -8 -9 -11 -11 -11 -12 -13 -13 -13 -14 -14 -16 -16 -18 -18 -18 -18 -18 -20 -20 -20 -21 -22 -22 -22 -22 -23 -23 -25 -23 -22 -22 -21 -21 -21 -21 -20 -20 -20 -20 -20 -20 -21 -21 -21 -22 -23 -26 -26 -27 -28 -28 -31 -32 -34 -34 -34 -34 -34 -32 -32 -32 -32 -32 -32 -32 -32 -32 -32 -32 -34 -34 -34 -35 -36 -36 -36 -37 -37 -39 -39 -40 -40 -39 -37 -37 -36 -35 -34 -34 -34 -34 -34 -32 -32 -32 -32 -32 -32 -32 -31 -30 -30 -30 -28 -28 -28 -27 -27 -27 -26 -26 -25 -25 -25 -26 -26 -26 -25 -25 -25 -25 -25 -25 -25 -25 -25 -27 -28 -28 -28 -30
-1 -1 -1 -1 -1 -1 -1 -1 -1 -1 -1 -1 -1 -1 -1 -1 -1 -1 -1 -1 -1 -1 -1 -1 -1 -1 -1 -1 -1 -1 -1 -1 -1 -1 -1 -1 -1 -1 99 101 101 105 -1 -1 26 0 41 41 19 4 4 0 0 8 8 7 4 4 0 0 0 0 0 0 0 0 0 0 0 0 0 0 0 0 0 0 0 4 4 2 0 0 0 0 0 0 0 2 2 0 0 0 0 0 4 4 10 14 14 0 0 0 0 0 0 0 0 0 0 0 13 29 29 61 85 85 100 85 43 43 18 16 16 15 37 37 48 47 33 33 0 110 110 111 112 110 110 107 101 101 97 94 94 94 -1 -1 -1 -1 -1 -1 -1 -1 -1 -1 -1 -1 -1 -1 -1 -1 -1 -1 -1 -1 -1 -1 -1 -1 -1 -1 -1 -1 -1 -1 -1 -1 -1 -1 -1 -1 -1 -1 -1 -1 -1 -1 -1 -1 -1 -1 -1 -1 -2 -2 -2 -2 -2 -2 -2 -2 -2 -3 -3 -3 -3 -3 -4 -4 -4 -7 -8 -8 -8 -8 -8 -8 -9 -9 -9 -9 -11 -11 -11 -11 -11 -11 -11 -11 -11 -11 -12 -12 -12 -12 -12 -12 -12 -12 -12 -11 -11 -11 -11 -9 -9 -9 -8 -8 -8 -8 -8 -8 -8 -8 -8 -8 -8 -11 -11 -9 -8 -8 -8 -7 -7 -7 -7 -6 -7 -7 -7 -7 -7 -8 -7 -7 -7 -6 -6 -6 -6 -6 -6 -6 -6 -6 -6 -6 -6 -6 -6 -6 -6 -6 -6 -6 -6 -6 -6 -6 -6 -6 -6 -6 -6 -6 -6 -6 -6 -6 -6 -6 -6 -6 -6 -6 -6 -6 -6 -6 -6 -6 -6 -6 -6 -7 -6 -6 -2 -2 -2 -4 -7 -7 -11 -11 -16 -16 -21 -22 -22 -22 -21 -21 -21 -16 -13 -13 -12 -11 -11 -11 -9 -8 -8 -8 -8 -8 -8 -7 -7 -7 -7 -7 -7 -8 -8 -9 -9 -9 -9 -9 -8 -8 -8 -7 -7 -7 -7 -8 -9 -9 -11 -11 -12 -12 -13 -13 -13 -14 -16 -16 -16 -18 -18 -18 -18 -20 -20 -20 -21 -22 -22 -22 -22 -22 -23 -25 -25 -23 -22 -21 -21 -21 -21 -21 -20 -20 -20 -20 -20 -21 -21 -21 -22 -23 -23 -26 -27 -27 -28 -31 -31 -32 -34 -34 -34 -34 -32 -32 -32 -32 -32 -32 -32 -32 -32 -32 -32 -32 -34 -34 -35 -35 -36 -36 -36 -37 -39 -39 -39 -40 -39 -39 -37 -36 -36 -35 -34 -34 -34 -34 -32 -32 -32 -32 -32 -32 -32 -31 -31 -30 -30 -28 -28 -28 -27 -27 -27 -26 -26 -26 -25 -25 -25 -26 -26 -26 -25 -25 -25 -25 -25 -25 -25 -25 -27 -27 -28 -28 -30 -30
-1 -1 -1 -1 -1 -1 -1 -1 -1 -1 -1 -1 -1 -1 -1 -1 -1 -1 -1 -1 -1 -1 -1 -1 -1 -1 -1 -1 -1 -1 -1 -1 -1 -1 -1 -1 -1 94 100 100 101 105 105 61 16 19 19 39 19 19 10 3 3 0 15 15 15 15 13 13 6 0 0 0 0 0 0 0 0 0 0 0 0 0 0 0 0 6 9 6 6 0 0 0 0 0 0 0 2 3 3 3 2 2 7 16 24 24 25 2 2 0 0 4 4 6 6 6 10 20 20 26 39 68 68 87 94 94 85 56 31 31 29 27 27 52 65 60 60 31 -89 -89 113 112 112 112 108 104 104 97 91 91 -1 -1 -1 -1 -1 -1 -1 -1 -1 -1 -1 -1 -1 -1 -1 -1 -1 -1 -1 -1 -1 -1 -1 -1 -1 -1 -1 -1 -1 -1 -1 -1 -1 -1 -1 -1 -1 -1 -1 -1 -1 -1 -1 -1 -1 -1 -1 -1 -1 -1 -1 -2 -2 -2 -2 -2 -2 -2 -2 -3 -3 -3 -3 -3 -3 -4 -4 -4 -7 -8 -8 -8 -8 -8 -8 -9 -9 -9 -9 -11 -11 -11 -11 -11 -11 -11 -11 -12 -12 -12 -12 -12 -12 -12 -12 -12 -12 -11 -11 -11 -11 -9 -9 -9 -8 -8 -8 -8 -8 -8 -8 -8 -8 -8 -8 -8 -9 -9 -8 -8 -8 -7 -7 -7 -7 -7 -6 -7 -7 -7 -7 -8 -8 -7 -7 -6 -6 -6 -4 -4 -6 -6 -6 -6 -6 -6 -6 -6 -7 -7 -6 -6 -6 -6 -6 -6 -6 -6 -6 -6 -6 -6 -6 -6 -6 -6 -6 -6 -6 -6 -6 -6 -6 -6 -6 -6 -6 -6 -6 -6 -6 -6 -6 -6 -7 -6 -2 -2 -3 -6 -6 -9 -13 -13 -13 -18 -22 -22 -23 -22 -22 -21 -20 -16 -16 -13 -12 -12 -12 -11 -9 -9 -8 -8 -8 -7 -7 -8 -8 -7 -8 -8 -8 -9 -9 -9 -11 -11 -11 -11 -11 -11 -11 -11 -11 -11 -11 -12 -12 -12 -14 -14 -14 -16 -16 -16 -17 -18 -18 -20 -20 -22 -22 -22 -22 -22 -23 -23 -23 -25 -26 -26 -26 -25 -26 -26 -26 -26 -23 -23 -22 -22 -22 -22 -20 -20 -20 -18 -18 -18 -20 -21 -21 -22 -23 -27 -27 -27 -30 -30 -31 -34 -34 -34 -34 -34 -34 -32 -32 -32 -32 -32 -32 -32 -32 -32 -32 -32 -35 -35 -35 -35 -36 -36 -37 -39 -39 -39 -39 -39 -39 -39 -37 -37 -35 -34 -32 -32 -32 -31 -31 -31 -31 -31 -31 -31 -31 -31 -30 -28 -28 -28 -27 -26 -26 -26 -26 -26 -25 -25 -23 -23 -23 -25 -25 -25 -25 -25 -25 -25 -25 -25 -25 -25 -25 -27 -27 -28 -28 -28
-1 -1 -1 -1 -1 -1 -1 -1 -1 -1 -1 -1 -1 -1 -1 -1 -1 -1 -1 -1 -1 -1 -1 -1 -1 -1 -1 -1 -1 -1 -1 -1 -1 -1 -1 -1 94 94 100 101 101 105 61 61 16 19 39 39 19 10 10 3 0 15 15 15 15 15 13 6 0 0 0 0 0 0 0 0 0 0 0 0 0 0 0 0 6 9 9 6 0 0 0 0 0 0 0 2 2 3 3 3 2 7 16 16 24 25 25 2 0 0 0 4 6 6 6 10 10 20 26 39 39 68 87 87 94 85 56 56 31 29 29 27 52 52 65 60 31 31 -89 113 113 112 112 108 108 104 97 97 91 -1 -1 -1 -1 -1 -1 -1 -1 -1 -1 -1 -1 -1 -1 -1 -1 -1 -1 -1 -1 -1 -1 -1 -1 -1 -1 -1 -1 -1 -1 -1 -1 -1 -1 -1 -1 -1 -1 -1 -1 -1 -1 -1 -1 -1 -1 -1 -1 -1 -1 -1 -2 -2 -2 -2 -2 -2 -2 -2 -2 -3 -3 -3 -3 -3 -4 -4 -4 -7 -8 -8 -8 -8 -8 -8 -9 -9 -9 -9 -11 -11 -11 -11 -11 -11 -11 -11 -11 -12 -12 -12 -12 -12 -12 -12 -12 -12 -12 -11 -11 -11 -11 -9 -9 -9 -8 -8 -8 -8 -8 -8 -8 -8 -8 -8 -8 -9 -9 -9 -8 -8 -8 -7 -7 -7 -7 -6 -7 -7 -7 -7 -7 -8 -7 -7 -7 -6 -6 -6 -4 -6 -6 -6 -6 -6 -6 -6 -6 -6 -7 -6 -6 -6 -6 -6 -6 -6 -6 -6 -6 -6 -6 -6 -6 -6 -6 -6 -6 -6 -6 -6 -6 -6 -6 -6 -6 -6 -6 -6 -6 -6 -6 -6 -6 -7 -6 -6 -2 -3 -3 -6 -9 -9 -13 -13 -18 -18 -22 -23 -23 -22 -21 -20 -20 -16 -13 -13 -12 -12 -12 -11 -9 -8 -8 -8 -7 -7 -7 -8 -7 -7 -8 -8 -8 -9 -9 -11 -11 -11 -11 -11 -11 -11 -11 -11 -11 -11 -11 -12 -12 -12 -14 -14 -16 -16 -16 -17 -17 -18 -20 -20 -20 -22 -22 -22 -22 -23 -23 -23 -25 -26 -26 -26 -25 -25 -26 -26 -26 -26 -23 -22 -22 -22 -22 -22 -20 -20 -18 -18 -18 -20 -20 -21 -22 -23 -23 -27 -27 -27 -30 -31 -31 -34 -34 -34 -34 -34 -32 -32 -32 -32 -32 -32 -32 -32 -32 -32 -32 -32 -35 -35 -35 -35 -36 -37 -37 -39 -39 -39 -39 -39 -39 -39 -37 -35 -35 -34 -32 -32 -32 -31 -31 -31 -31 -31 -31 -31 -31 -30 -30 -28 -28 -27 -27 -26 -26 -26 -26 -25 -25 -25 -23 -23 -23 -25 -25 -25 -25 -25 -25 -25 -25 -25 -25 -25 -27 -27 -27 -28 -28 -28
-1 -1 -1 -1 -1 -1 -1 -1 -1 -1 -1 -1 -1 -1 -1 -1 -1 -1 -1 -1 -1 -1 -1 -1 -1 -1 -1 -1 -1 -1 -1 -1 -1 -1 -1 -1 -1 95 100 100 102 108 108 42 8 38 38 36 16 16 13 7 7 9 21 25 25 30 31 31 26 18 14 14 15 21 21 22 24 22 22 20 12 12 6 7 7 10 10 8 8 1 0 0 0 0 0 0 7 14 14 18 18 18 25 36 43 43 41 21 21 16 14 16 16 18 19 19 29 38 38 48 52 72 72 79 78 78 79 61 45 45 42 36 36 56 71 72 72 30 -78 -78 110 113 113 112 107 102 102 95 90 90 -1 -1 -1 -1 -1 -1 -1 -1 -1 -1 -1 -1 -1 -1 -1 -1 -1 -1 -1 -1 -1 -1 -1 -1 -1 -1 -1 -1 -1 -1 -1 -1 -1 -1 -1 -1 -1 -1 -1 -1 -1 -1 -1 -1 -1 -1 -1 -1 -1 -1 -1 -2 -2 -2 -2 -2 -2 -2 -2 -3 -3 -3 -3 -3 -3 -4 -6 -6 -7 -8 -8 -8 -8 -8 -8 -9 -9 -11 -11 -11 -11 -11 -11 -11 -11 -11 -12 -12 -12 -12 -12 -12 -12 -12 -12 -12 -12 -11 -11 -11 -11 -9 -9 -9 -8 -8 -8 -8 -8 -8 -8 -8 -8 -8 -8 -8 -9 -9 -8 -8 -8 -7 -7 -7 -6 -6 -6 -7 -7 -7 -7 -8 -8 -7 -7 -6 -6 -6 -4 -4 -4 -6 -6 -6 -6 -6 -6 -7 -7 -7 -6 -6 -6 -6 -6 -6 -6 -6 -6 -6 -6 -6 -6 -6 -6 -6 -6 -6 -6 -6 -6 -6 -6 -6 -6 -6 -6 -6 -6 -6 -6 -6 -6 -6 -6 -6 -2 -2 -3 -6 -6 -11 -16 -16 -16 -20 -23 -23 -25 -22 -22 -21 -20 -16 -16 -13 -12 -12 -12 -12 -9 -9 -9 -8 -8 -8 -7 -8 -8 -7 -8 -8 -9 -11 -11 -11 -12 -12 -12 -13 -13 -13 -12 -13 -13 -13 -14 -14 -14 -16 -17 -17 -17 -18 -18 -18 -20 -21 -21 -22 -22 -23 -23 -23 -23 -23 -25 -25 -25 -26 -26 -26 -26 -27 -27 -27 -27 -27 -25 -25 -22 -21 -21 -21 -21 -21 -21 -20 -20 -20 -21 -22 -22 -25 -26 -28 -28 -28 -30 -30 -32 -34 -34 -34 -34 -34 -34 -31 -31 -31 -32 -32 -32 -32 -32 -34 -34 -34 -35 -35 -35 -36 -37 -37 -37 -39 -39 -39 -40 -39 -39 -37 -36 -36 -34 -32 -31 -31 -30 -30 -30 -30 -30 -30 -30 -30 -30 -30 -28 -27 -27 -27 -26 -26 -26 -26 -25 -25 -25 -23 -23 -23 -23 -23 -23 -23 -23 -23 -23 -25 -25 -25 -25 -25 -25 -27 -27 -27 -27 -27
-1 -1 -1 -1 -1 -1 -1 -1 -1 -1 -1 -1 -1 -1 -1 -1 -1 -1 -1 -1 -1 -1 -1 -1 -1 -1 -1 -1 -1 -1 -1 -1 -1 -1 -1 -1 94 94 100 106 106 108 36 36 3 42 29 29 18 18 18 13 19 26 26 32 43 43 47 43 35 35 26 24 24 32 39 39 45 44 37 37 22 15 15 16 12 14 14 13 8 8 1 0 0 0 0 15 15 24 27 27 29 36 50 50 58 58 58 41 32 32 29 27 21 21 24 33 33 43 50 53 53 64 66 66 62 66 59 59 49 52 52 45 62 62 73 73 29 29 -75 107 107 113 112 107 107 100 94 94 -1 -1 -1 -1 -1 -1 -1 -1 -1 -1 -1 -1 -1 -1 -1 -1 -1 -1 -1 -1 -1 -1 -1 -1 -1 -1 -1 -1 -1 -1 -1 -1 -1 -1 -1 -1 -1 -1 -1 -1 -1 -1 -1 -1 -1 -1 -1 -1 -1 -1 -1 -1 -2 -2 -2 -2 -2 -2 -2 -2 -2 -3 -3 -3 -3 -3 -4 -4 -6 -7 -8 -8 -8 -8 -8 -8 -9 -9 -9 -11 -11 -11 -12 -12 -12 -12 -12 -13 -13 -13 -13 -13 -13 -13 -12 -12 -12 -12 -12 -11 -11 -11 -11 -9 -9 -9 -8 -8 -8 -8 -8 -8 -8 -8 -8 -8 -8 -9 -9 -9 -8 -7 -7 -7 -7 -7 -6 -6 -7 -7 -7 -7 -7 -8 -7 -7 -7 -6 -6 -6 -4 -4 -4 -6 -6 -6 -6 -6 -7 -7 -7 -6 -6 -6 -6 -6 -6 -6 -6 -6 -6 -6 -6 -6 -6 -6 -6 -6 -6 -6 -6 -6 -6 -6 -6 -6 -6 -6 -6 -6 -6 -6 -6 -6 -6 -4 -4 -4 -2 -3 -3 -7 -12 -12 -17 -18 -21 -21 -25 -25 -25 -23 -21 -21 -21 -17 -13 -13 -13 -13 -13 -12 -11 -9 -9 -9 -8 -8 -8 -8 -8 -8 -8 -9 -9 -12 -13 -13 -13 -14 -14 -14 -14 -14 -14 -14 -14 -16 -16 -17 -17 -17 -18 -18 -18 -18 -20 -21 -21 -22 -22 -22 -23 -23 -23 -23 -25 -25 -25 -26 -26 -27 -27 -27 -27 -27 -27 -27 -27 -26 -23 -22 -22 -21 -21 -21 -21 -21 -20 -20 -21 -22 -22 -23 -25 -26 -26 -30 -30 -30 -32 -32 -32 -32 -32 -32 -32 -32 -31 -31 -31 -31 -32 -32 -32 -34 -34 -34 -34 -34 -35 -36 -36 -36 -37 -37 -37 -39 -39 -40 -40 -37 -36 -36 -35 -32 -32 -31 -30 -30 -30 -30 -30 -30 -30 -30 -30 -30 -28 -28 -28 -27 -27 -26 -26 -26 -26 -26 -26 -25 -25 -25 -25 -25 -25 -23 -23 -23 -23 -23 -25 -25 -25 -25 -25 -25 -27 -27 -27 -27 -27 -27
-1 -1 -1 -1 -1 -1 -1 -1 -1 -1 -1 -1 -1 -1 -1 -1 -1 -1 -1 -1 -1 -1 -1 -1 -1 -1 -1 -1 -1 -1 -1 -1 -1 -1 -1 -1 -1 94 100 100 106 108 108 36 3 42 42 29 18 18 18 13 13 19 26 32 32 43 47 47 43 35 26 26 24 32 32 39 45 44 44 37 22 22 15 16 16 12 14 13 13 8 1 1 0 0 0 0 15 24 24 27 29 29 36 50 58 58 58 41 41 32 29 27 27 21 24 24 33 43 43 50 53 64 64 66 62 62 66 59 49 49 52 45 45 62 73 73 73 29 -75 -75 107 113 113 112 107 100 100 94 -1 -1 -1 -1 -1 -1 -1 -1 -1 -1 -1 -1 -1 -1 -1 -1 -1 -1 -1 -1 -1 -1 -1 -1 -1 -1 -1 -1 -1 -1 -1 -1 -1 -1 -1 -1 -1 -1 -1 -1 -1 -1 -1 -1 -1 -1 -1 -1 -1 -1 -1 -1 -1 -2 -2 -2 -2 -2 -2 -2 -2 -3 -3 -3 -3 -3 -3 -4 -6 -6 -7 -8 -8 -8 -8 -8 -8 -9 -9 -11 -11 -11 -12 -12 -12 -12 -12 -12 -13 -13 -13 -13 -13 -13 -13 -12 -12 -12 -12 -11 -11 -11 -11 -9 -9 -9 -8 -8 -8 -8 -8 -8 -8 -8 -8 -8 -8 -8 -9 -9 -8 -8 -7 -7 -7 -7 -6 -6 -6 -7 -7 -7 -7 -8 -8 -7 -7 -6 -6 -6 -4 -4 -4 -6 -6 -6 -6 -6 -6 -7 -7 -7 -6 -6 -6 -6 -6 -6 -6 -6 -6 -6 -6 -6 -6 -6 -6 -6 -6 -6 -6 -6 -6 -6 -6 -6 -6 -6 -6 -6 -6 -6 -6 -6 -6 -6 -4 -4 -2 -2 -3 -7 -7 -12 -17 -18 -18 -21 -25 -25 -25 -23 -23 -21 -21 -17 -17 -13 -13 -13 -13 -12 -11 -11 -9 -9 -9 -8 -8 -8 -8 -8 -8 -8 -9 -12 -12 -13 -13 -14 -14 -14 -14 -14 -14 -14 -14 -14 -16 -17 -17 -17 -18 -18 -18 -18 -20 -20 -21 -22 -22 -22 -23 -23 -23 -23 -25 -25 -25 -26 -26 -26 -27 -27 -27 -27 -27 -27 -27 -26 -23 -23 -22 -21 -21 -21 -21 -21 -21 -20 -21 -21 -22 -23 -23 -25 -26 -30 -30 -30 -32 -32 -32 -32 -32 -32 -32 -32 -32 -31 -31 -31 -31 -32 -32 -32 -34 -34 -34 -34 -35 -36 -36 -36 -37 -37 -37 -39 -39 -39 -40 -37 -37 -36 -35 -35 -32 -31 -30 -30 -30 -30 -30 -30 -30 -30 -30 -30 -28 -28 -28 -27 -27 -27 -26 -26 -26 -26 -26 -26 -25 -25 -25 -25 -25 -23 -23 -23 -23 -23 -23 -25 -25 -25 -25 -25 -25 -27 -27 -27 -27 -27
-1 -1 -1 -1 -1 -1 -1 -1 -1 -1 -1 -1 -1 -1 -1 -1 -1 -1 -1 -1 -1 -1 -1 -1 -1 -1 -1 -1 -1 -1 -1 -1 -1 -1 -1 -1 93 93 104 108 108 100 30 30 7 37 21 21 25 30 30 27 30 32 32 41 54 54 59 54 44 44 36 32 32 43 52 52 56 53 42 42 24 15 15 15 12 15 15 16 14 14 10 4 4 6 12 26 26 32 36 36 35 43 60 60 67 66 66 50 39 39 33 29 19 19 22 31 31 37 44 39 39 43 42 42 39 44 44 44 48 50 50 53 70 70 76 71 25 25 -77 110 110 112 112 106 106 100 94 94 -1 -1 -1 -1 -1 -1 -1 -1 -1 -1 -1 -1 -1 -1 -1 -1 -1 -1 -1 -1 -1 -1 -1 -1 -1 -1 -1 -1 -1 -1 -1 -1 -1 -1 -1 -1 -1 -1 -1 -1 -1 -1 -1 -1 -1 -1 -1 -1 -1 -1 -1 -1 -2 -2 -2 -2 -2 -2 -2 -2 -2 -3 -3 -3 -3 -3 -4 -4 -6 -8 -8 -8 -8 -8 -8 -8 -9 -9 -11 -11 -12 -12 -12 -12 -12 -12 -12 -13 -13 -13 -13 -13 -13 -12 -12 -12 -12 -12 -12 -11 -11 -11 -11 -9 -9 -9 -8 -8 -8 -8 -8 -8 -8 -8 -8 -8 -8 -9 -9 -9 -8 -7 -7 -7 -6 -6 -6 -6 -7 -7 -7 -7 -7 -8 -7 -7 -7 -6 -6 -6 -4 -6 -6 -6 -6 -6 -6 -6 -6 -6 -7 -6 -6 -6 -6 -6 -6 -6 -6 -6 -6 -6 -6 -6 -6 -6 -6 -6 -6 -6 -6 -6 -6 -6 -6 -6 -6 -6 -6 -6 -6 -6 -6 -6 -6 -4 -4 -4 -3 -4 -4 -9 -14 -14 -20 -20 -22 -22 -26 -26 -26 -23 -21 -21 -21 -17 -14 -14 -13 -13 -13 -13 -12 -11 -11 -11 -9 -9 -9 -9 -9 -9 -11 -12 -12 -13 -16 -17 -17 -17 -20 -20 -18 -18 -18 -18 -18 -17 -17 -17 -18 -18 -18 -18 -20 -20 -20 -21 -21 -22 -23 -23 -23 -25 -26 -26 -26 -27 -27 -27 -27 -27 -27 -28 -27 -27 -28 -28 -28 -27 -25 -22 -22 -22 -22 -22 -21 -21 -21 -21 -22 -23 -23 -25 -26 -27 -27 -32 -32 -32 -32 -32 -32 -32 -32 -31 -31 -30 -30 -30 -30 -31 -31 -31 -32 -34 -34 -34 -35 -35 -35 -36 -36 -36 -37 -37 -37 -39 -39 -39 -39 -36 -35 -35 -34 -32 -32 -31 -30 -30 -30 -30 -30 -30 -30 -30 -30 -30 -30 -28 -28 -27 -27 -27 -27 -27 -26 -26 -26 -26 -26 -25 -25 -25 -25 -25 -25 -25 -25 -25 -25 -25 -25 -25 -25 -25 -27 -27 -27 -27 -27 -27
-1 -1 -1 -1 -1 -1 -1 -1 -1 -1 -1 -1 -1 -1 -1 -1 -1 -1 -1 -1 -1 -1 -1 -1 -1 -1 -1 -1 -1 -1 -1 -1 -1 -1 -1 -1 -1 94 106 106 108 84 84 -56 20 41 41 24 31 31 38 39 39 37 31 41 41 53 59 59 55 44 37 37 37 45 45 50 52 45 45 33 18 18 6 6 6 13 20 24 24 22 19 19 16 18 27 27 35 38 38 37 32 32 38 52 58 58 53 41 41 27 21 16 16 9 14 14 25 27 27 29 21 19 19 18 18 18 19 21 32 32 36 48 48 67 73 64 64 26 -79 -79 112 112 112 108 106 100 100 93 -1 -1 -1 -1 -1 -1 -1 -1 -1 -1 -1 -1 -1 -1 -1 -1 -1 -1 -1 -1 -1 -1 -1 -1 -1 -1 -1 -1 -1 -1 -1 -1 -1 -1 -1 -1 -1 -1 -1 -1 -1 -1 -1 -1 -1 -1 -1 -1 -1 -1 -1 -1 -1 -2 -2 -2 -2 -2 -2 -2 -2 -3 -3 -3 -3 -4 -4 -4 -6 -6 -8 -8 -8 -8 -8 -8 -8 -9 -11 -11 -11 -12 -12 -12 -12 -12 -12 -12 -13 -13 -13 -13 -12 -12 -12 -12 -12 -12 -12 -11 -11 -11 -11 -9 -9 -9 -8 -8 -8 -8 -8 -8 -8 -8 -8 -8 -8 -8 -9 -9 -8 -8 -7 -7 -7 -6 -6 -6 -6 -7 -7 -7 -7 -8 -8 -7 -7 -6 -6 -6 -6 -6 -6 -6 -6 -6 -6 -6 -6 -6 -6 -6 -6 -6 -6 -6 -6 -6 -6 -6 -6 -6 -6 -6 -6 -6 -6 -6 -6 -6 -6 -6 -6 -6 -7 -7 -7 -7 -7 -7 -7 -7 -7 -7 -7 -7 -4 -6 -4 -4 -8 -12 -12 -17 -21 -21 -21 -23 -26 -26 -26 -23 -23 -22 -21 -18 -18 -16 -14 -14 -14 -14 -12 -12 -12 -12 -12 -11 -11 -13 -13 -12 -13 -13 -16 -17 -17 -18 -20 -21 -21 -23 -22 -22 -21 -21 -20 -20 -20 -18 -18 -18 -18 -18 -18 -20 -21 -21 -22 -22 -22 -23 -23 -26 -26 -26 -27 -27 -27 -28 -28 -28 -28 -28 -28 -26 -27 -27 -28 -27 -26 -26 -23 -23 -23 -25 -23 -23 -23 -25 -27 -27 -28 -30 -30 -30 -31 -34 -34 -34 -34 -34 -32 -32 -31 -31 -30 -28 -28 -30 -31 -31 -31 -32 -34 -34 -35 -36 -36 -36 -35 -35 -35 -36 -36 -36 -37 -37 -37 -39 -39 -35 -35 -35 -34 -34 -31 -31 -31 -31 -31 -31 -31 -30 -30 -31 -31 -30 -30 -30 -28 -28 -28 -27 -26 -26 -26 -26 -26 -26 -25 -25 -25 -25 -25 -26 -26 -26 -25 -25 -25 -25 -25 -25 -25 -25 -25 -27 -27 -27 -27 -27
-1 -1 -1 -1 -1 -1 -1 -1 -1 -1 -1 -1 -1 -1 -1 -1 -1 -1 -1 -1 -1 -1 -1 -1 -1 -1 -1 -1 -1 -1 -1 -1 -1 -1 -1 -1 94 94 106 108 108 84 -56 -56 20 41 24 24 31 38 38 39 37 31 31 41 53 53 59 55 44 44 37 37 37 45 50 50 52 45 33 33 18 6 6 6 13 20 20 24 22 22 19 16 16 18 27 35 35 38 37 37 32 38 52 52 58 53 53 41 27 27 21 16 9 9 14 25 25 27 29 21 21 19 18 18 18 19 21 21 32 36 36 48 67 67 73 64 26 26 -79 112 112 112 108 106 106 100 93 93 -1 -1 -1 -1 -1 -1 -1 -1 -1 -1 -1 -1 -1 -1 -1 -1 -1 -1 -1 -1 -1 -1 -1 -1 -1 -1 -1 -1 -1 -1 -1 -1 -1 -1 -1 -1 -1 -1 -1 -1 -1 -1 -1 -1 -1 -1 -1 -1 -1 -1 -1 -1 -2 -2 -2 -2 -2 -2 -2 -2 -2 -3 -3 -3 -3 -4 -4 -4 -6 -8 -8 -8 -8 -8 -8 -8 -9 -9 -11 -11 -12 -12 -12 -12 -12 -12 -12 -13 -13 -13 -13 -13 -12 -12 -12 -12 -12 -12 -12 -11 -11 -11 -11 -9 -9 -9 -8 -8 -8 -8 -8 -8 -8 -8 -8 -8 -8 -9 -9 -9 -8 -7 -7 -7 -6 -6 -6 -6 -7 -7 -7 -7 -7 -8 -7 -7 -7 -6 -6 -6 -6 -6 -6 -6 -6 -6 -6 -6 -6 -6 -6 -6 -6 -6 -6 -6 -6 -6 -6 -6 -6 -6 -6 -6 -6 -6 -6 -6 -6 -6 -6 -6 -6 -6 -7 -7 -7 -7 -7 -7 -7 -7 -7 -7 -7 -4 -6 -6 -4 -8 -8 -12 -17 -17 -21 -21 -23 -23 -26 -26 -26 -23 -22 -21 -21 -18 -16 -16 -14 -14 -14 -14 -12 -12 -12 -12 -11 -11 -11 -13 -12 -12 -13 -16 -16 -17 -18 -20 -20 -21 -23 -23 -22 -21 -21 -21 -20 -20 -20 -18 -18 -18 -18 -18 -20 -20 -21 -22 -22 -22 -23 -23 -23 -26 -26 -26 -27 -27 -27 -28 -28 -28 -28 -28 -26 -26 -27 -28 -28 -27 -26 -23 -23 -23 -25 -25 -23 -23 -25 -25 -27 -28 -28 -30 -30 -31 -31 -34 -34 -34 -34 -32 -32 -32 -31 -30 -30 -28 -30 -30 -31 -31 -32 -32 -34 -35 -35 -36 -36 -36 -35 -35 -36 -36 -36 -37 -37 -37 -39 -39 -39 -35 -35 -35 -34 -31 -31 -31 -31 -31 -31 -31 -30 -30 -30 -31 -30 -30 -30 -28 -28 -28 -27 -26 -26 -26 -26 -26 -26 -25 -25 -25 -25 -25 -25 -26 -26 -26 -25 -25 -25 -25 -25 -25 -25 -25 -27 -27 -27 -27 -27 -27
-1 -1 -1 -1 -1 -1 -1 -1 -1 -1 -1 -1 -1 -1 -1 -1 -1 -1 -1 -1 -1 -1 -1 -1 -1 -1 -1 -1 -1 -1 -1 -1 -1 -1 -1 -1 -1 95 107 107 107 71 71 -56 38 54 54 32 31 31 36 39 39 36 25 35 35 44 52 52 49 39 35 35 36 37 37 36 35 30 30 22 8 8 0 0 0 14 22 30 30 30 26 26 24 27 41 41 38 38 38 33 24 24 26 36 39 39 33 22 22 8 4 2 2 0 6 6 16 18 18 10 7 8 8 9 13 13 6 1 12 12 21 37 37 58 67 59 59 30 -81 -81 112 111 111 108 106 100 100 93 -1 -1 -1 -1 -1 -1 -1 -1 -1 -1 -1 -1 -1 -1 -1 -1 -1 -1 -1 -1 -1 -1 -1 -1 -1 -1 -1 -1 -1 -1 -1 -1 -1 -1 -1 -1 -1 -1 -1 -1 -1 -1 -1 -1 -1 -1 -1 -1 -1 -1 -1 -1 -1 -2 -2 -2 -2 -2 -2 -2 -2 -3 -3 -3 -3 -4 -4 -4 -6 -6 -8 -8 -7 -7 -8 -8 -8 -9 -11 -11 -11 -12 -12 -12 -12 -12 -12 -12 -13 -13 -13 -12 -12 -12 -12 -12 -12 -12 -12 -11 -11 -11 -11 -9 -9 -9 -8 -8 -8 -8 -8 -8 -8 -8 -8 -8 -8 -8 -9 -9 -7 -7 -7 -7 -7 -6 -6 -6 -6 -7 -7 -7 -7 -8 -8 -7 -7 -6 -6 -6 -6 -6 -6 -6 -6 -6 -6 -6 -6 -6 -6 -6 -6 -6 -6 -6 -6 -6 -6 -6 -6 -6 -6 -6 -6 -6 -6 -6 -6 -6 -6 -6 -6 -6 -7 -7 -7 -7 -7 -7 -7 -7 -7 -7 -7 -7 -6 -7 -7 -7 -9 -14 -14 -20 -23 -23 -23 -23 -26 -26 -26 -23 -23 -22 -22 -18 -18 -16 -16 -16 -14 -14 -13 -13 -12 -12 -12 -12 -12 -14 -14 -14 -16 -16 -17 -20 -20 -21 -22 -23 -23 -26 -25 -25 -23 -22 -21 -21 -21 -20 -20 -18 -21 -21 -21 -22 -22 -22 -23 -25 -25 -25 -26 -26 -26 -26 -27 -27 -28 -28 -28 -28 -28 -28 -28 -26 -27 -27 -28 -28 -27 -27 -25 -26 -26 -26 -27 -28 -28 -30 -32 -32 -34 -35 -35 -35 -35 -35 -35 -35 -34 -34 -34 -32 -30 -30 -28 -28 -28 -30 -31 -31 -31 -32 -34 -34 -35 -36 -36 -36 -35 -35 -35 -36 -36 -36 -37 -37 -37 -37 -39 -35 -35 -34 -32 -32 -31 -31 -31 -31 -32 -32 -32 -31 -31 -31 -31 -31 -30 -30 -30 -28 -28 -28 -26 -25 -25 -25 -25 -25 -25 -25 -23 -23 -23 -26 -26 -26 -26 -26 -26 -25 -25 -25 -25 -25 -25 -27 -27 -27 -27 -27
-1 -1 -1 -1 -1 -1 -1 -1 -1 -1 -1 -1 -1 -1 -1 -1 -1 -1 -1 -1 -1 -1 -1 -1 -1 -1 -1 -1 -1 -1 -1 -1 -1 -1 -1 -1 95 95 107 107 107 71 -56 -56 38 54 32 32 31 36 36 39 36 25 25 35 44 44 52 49 39 39 35 36 36 37 36 36 35 30 22 22 8 0 0 0 14 22 22 30 30 30 26 24 24 27 41 38 38 38 33 33 24 26 36 36 39 33 33 22 8 8 4 2 0 0 6 16 16 18 10 7 7 8 9 9 13 6 1 1 12 21 21 37 58 58 67 59 30 30 -81 112 112 111 108 106 106 100 93 93 -1 -1 -1 -1 -1 -1 -1 -1 -1 -1 -1 -1 -1 -1 -1 -1 -1 -1 -1 -1 -1 -1 -1 -1 -1 -1 -1 -1 -1 -1 -1 -1 -1 -1 -1 -1 -1 -1 -1 -1 -1 -1 -1 -1 -1 -1 -1 -1 -1 -1 -1 -1 -2 -2 -2 -2 -2 -2 -2 -2 -2 -3 -3 -3 -3 -4 -4 -4 -6 -8 -8 -8 -7 -8 -8 -8 -9 -9 -11 -11 -12 -12 -12 -12 -12 -12 -12 -13 -13 -13 -12 -12 -12 -12 -12 -12 -12 -12 -12 -11 -11 -11 -11 -9 -9 -9 -8 -8 -8 -8 -8 -8 -8 -8 -8 -8 -8 -9 -9 -9 -7 -7 -7 -7 -6 -6 -6 -6 -7 -7 -7 -7 -7 -8 -7 -7 -7 -6 -6 -6 -6 -6 -6 -6 -6 -6 -6 -6 -6 -6 -6 -6 -6 -6 -6 -6 -6 -6 -6 -6 -6 -6 -6 -6 -6 -6 -6 -6 -6 -6 -6 -6 -6 -6 -7 -7 -7 -7 -7 -7 -7 -7 -7 -7 -7 -6 -7 -7 -7 -9 -9 -14 -20 -20 -23 -23 -23 -23 -26 -26 -26 -23 -22 -22 -22 -18 -16 -16 -16 -14 -14 -14 -13 -12 -12 -12 -12 -12 -12 -14 -14 -14 -16 -17 -17 -20 -21 -22 -22 -23 -26 -26 -25 -23 -23 -22 -21 -21 -21 -20 -18 -18 -21 -21 -22 -22 -22 -23 -23 -25 -25 -25 -26 -26 -26 -26 -27 -28 -28 -28 -28 -28 -28 -28 -26 -26 -27 -28 -28 -28 -27 -25 -25 -26 -26 -26 -27 -28 -30 -30 -32 -34 -34 -35 -35 -35 -35 -35 -35 -35 -34 -34 -34 -32 -30 -28 -28 -28 -30 -30 -31 -31 -32 -32 -34 -35 -35 -36 -36 -36 -35 -35 -36 -36 -36 -37 -37 -37 -37 -39 -39 -35 -34 -34 -32 -31 -31 -31 -31 -32 -32 -32 -31 -31 -31 -31 -31 -31 -30 -30 -30 -28 -28 -26 -26 -25 -25 -25 -25 -25 -25 -25 -23 -23 -23 -26 -26 -26 -26 -26 -25 -25 -25 -25 -25 -25 -27 -27 -27 -27 -27 -27
-1 -1 -1 -1 -1 -1 -1 -1 -1 -1 -1 -1 -1 -1 -1 -1 -1 -1 -1 -1 -1 -1 -1 -1 -1 -1 -1 -1 -1 -1 -1 -1 -1 -1 -1 -1 -1 104 101 101 110 54 54 18 49 49 49 24 8 8 -116 -97 -97 15 32 2 2 0 6 6 48 41 43 43 39 41 41 31 26 26 26 22 20 20 19 22 22 35 45 44 44 47 52 52 43 43 41 41 42 38 38 35 25 25 16 18 20 20 18 10 10 9 6 2 2 1 2 2 9 13 13 7 7 4 4 4 6 6 0 0 2 2 10 26 26 53 50 55 55 27 8 8 111 112 112 108 105 100 100 94 -1 -1 -1 -1 -1 -1 -1 -1 -1 -1 -1 -1 -1 -1 -1 -1 -1 -1 -1 -1 -1 -1 -1 -1 -1 -1 -1 -1 -1 -1 -1 -1 -1 -1 -1 -1 -1 -1 -1 -1 -1 -1 -1 -1 -1 -1 -1 -1 -1 -1 -2 -2 -2 -2 -2 -2 -2 -1 -1 -1 -1 -3 -3 -3 -4 -6 -6 -6 -7 -7 -8 -8 -8 -8 -8 -9 -9 -9 -11 -11 -11 -12 -12 -12 -14 -13 -13 -13 -13 -12 -12 -12 -12 -12 -12 -11 -11 -11 -12 -12 -12 -12 -11 -9 -9 -9 -8 -8 -8 -8 -8 -8 -8 -8 -8 -7 -7 -7 -7 -7 -7 -7 -7 -7 -7 -7 -7 -7 -7 -7 -7 -7 -7 -7 -7 -7 -7 -7 -7 -7 -8 -8 -8 -8 -8 -9 -8 -8 -8 -8 -7 -7 -6 -6 -6 -6 -6 -6 -6 -6 -6 -6 -6 -6 -6 -6 -6 -4 -4 -4 -6 -6 -6 -6 -7 -7 -7 -7 -7 -7 -7 -7 -7 -7 -7 -7 -7 -8 -12 -12 -14 -18 -18 -21 -23 -25 -25 -26 -26 -26 -25 -23 -23 -21 -20 -17 -17 -17 -17 -17 -16 -13 -12 -12 -12 -12 -12 -13 -14 -13 -13 -14 -17 -17 -20 -23 -23 -25 -26 -26 -26 -27 -27 -27 -26 -25 -23 -23 -22 -21 -21 -20 -18 -18 -20 -21 -22 -22 -23 -23 -23 -23 -23 -25 -25 -25 -26 -26 -26 -27 -27 -26 -26 -26 -26 -28 -28 -28 -28 -28 -28 -28 -30 -30 -30 -28 -30 -31 -31 -32 -35 -35 -36 -36 -36 -36 -36 -36 -36 -35 -34 -34 -32 -32 -31 -31 -31 -31 -31 -31 -31 -31 -31 -31 -32 -32 -32 -32 -32 -32 -32 -32 -32 -32 -34 -34 -34 -34 -34 -34 -35 -32 -32 -32 -31 -31 -31 -31 -31 -31 -31 -31 -31 -31 -31 -31 -31 -31 -31 -31 -30 -28 -28 -28 -27 -27 -27 -27 -27 -27 -27 -27 -27 -27 -27 -26 -26 -26 -26 -26 -25 -25 -25 -25 -25 -25 -25 -26 -26 -25 -25 -25
-1 -1 -1 -1 -1 -1 -1 -1 -1 -1 -1 -1 -1 -1 -1 -1 -1 -1 -1 -1 -1 -1 -1 -1 -1 -1 -1 -1 -1 -1 -1 -1 -1 -1 -1 -1 101 101 102 106 106 44 15 15 53 31 25 25 0 -35 -35 -47 2 0 0 0 0 0 18 0 37 37 43 43 43 39 38 38 39 37 30 30 29 39 39 52 72 74 74 82 71 71 68 59 59 50 41 33 33 30 22 22 13 8 14 14 19 19 19 16 15 15 14 10 7 7 4 6 6 6 6 6 6 2 1 1 0 0 0 0 0 0 0 20 38 38 45 54 27 27 13 111 111 112 108 105 105 100 94 94 -1 -1 -1 -1 -1 -1 -1 -1 -1 -1 -1 -1 -1 -1 -1 -1 -1 -1 -1 -1 -1 -1 -1 -1 -1 -1 -1 -1 -1 -1 -1 -1 -1 -1 -1 -1 -1 -1 -1 -1 -1 -1 -1 -1 -1 -1 -1 -1 -1 -2 -2 -2 -2 -2 -2 -2 -1 -1 -1 -1 -1 -3 -3 -4 -4 -6 -7 -7 -7 -8 -8 -8 -8 -8 -8 -9 -9 -9 -11 -11 -12 -12 -12 -14 -14 -13 -13 -13 -13 -12 -12 -12 -12 -12 -11 -11 -11 -12 -12 -12 -12 -12 -11 -9 -9 -9 -8 -8 -8 -8 -8 -8 -8 -8 -7 -7 -7 -7 -7 -7 -7 -7 -7 -7 -7 -7 -7 -7 -7 -7 -7 -7 -7 -7 -7 -7 -7 -7 -7 -7 -8 -8 -8 -8 -9 -8 -8 -8 -8 -8 -7 -6 -6 -6 -6 -6 -6 -6 -6 -6 -6 -6 -6 -6 -6 -6 -6 -6 -6 -6 -6 -6 -7 -7 -7 -7 -7 -7 -7 -7 -7 -7 -7 -7 -7 -8 -11 -11 -13 -17 -17 -20 -22 -22 -23 -25 -26 -26 -25 -25 -25 -23 -21 -20 -20 -17 -17 -17 -16 -16 -16 -13 -12 -12 -12 -13 -14 -14 -14 -16 -17 -17 -18 -21 -21 -25 -26 -27 -27 -27 -26 -26 -25 -23 -23 -22 -21 -21 -21 -20 -20 -20 -21 -21 -22 -22 -25 -25 -25 -26 -26 -26 -26 -27 -27 -27 -28 -28 -28 -28 -28 -28 -28 -28 -30 -30 -30 -30 -30 -30 -30 -30 -30 -30 -28 -28 -31 -32 -34 -34 -36 -36 -36 -37 -36 -36 -36 -35 -34 -34 -34 -32 -32 -31 -31 -31 -31 -31 -31 -31 -31 -31 -31 -31 -31 -32 -32 -32 -32 -32 -31 -31 -31 -31 -31 -31 -31 -32 -32 -32 -32 -31 -31 -31 -30 -30 -30 -30 -30 -30 -30 -30 -30 -30 -31 -31 -31 -31 -30 -30 -30 -28 -28 -27 -27 -27 -27 -27 -27 -27 -27 -26 -26 -26 -26 -26 -25 -25 -25 -25 -25 -25 -25 -25 -25 -25 -26 -26 -26 -26 -26 -26
-1 -1 -1 -1 -1 -1 -1 -1 -1 -1 -1 -1 -1 -1 -1 -1 -1 -1 -1 -1 -1 -1 -1 -1 -1 -1 -1 -1 -1 -1 -1 -1 -1 -1 -1 -1 -1 101 102 102 106 44 44 15 53 31 31 25 0 0 -35 -47 -47 2 0 0 0 0 18 18 0 37 43 43 43 39 39 38 39 37 37 30 29 29 39 52 52 72 74 82 82 71 68 68 59 50 41 41 33 30 30 22 13 13 8 14 19 19 19 16 16 15 14 10 10 7 4 4 6 6 6 6 6 2 2 1 0 0 0 0 0 0 0 20 20 38 45 54 54 27 13 13 111 112 112 108 105 100 100 94 -1 -1 -1 -1 -1 -1 -1 -1 -1 -1 -1 -1 -1 -1 -1 -1 -1 -1 -1 -1 -1 -1 -1 -1 -1 -1 -1 -1 -1 -1 -1 -1 -1 -1 -1 -1 -1 -1 -1 -1 -1 -1 -1 -1 -1 -1 -1 -1 -1 -1 -2 -2 -2 -2 -2 -2 -2 -1 -1 -1 -1 -3 -3 -3 -4 -6 -6 -7 -7 -7 -8 -8 -8 -8 -8 -9 -9 -9 -11 -11 -11 -12 -12 -12 -14 -13 -13 -13 -13 -12 -12 -12 -12 -12 -12 -11 -11 -11 -12 -12 -12 -12 -11 -9 -9 -9 -8 -8 -8 -8 -8 -8 -8 -8 -8 -7 -7 -7 -7 -7 -7 -7 -7 -7 -7 -7 -7 -7 -7 -7 -7 -7 -7 -7 -7 -7 -7 -7 -7 -7 -8 -8 -8 -8 -8 -9 -8 -8 -8 -8 -7 -7 -6 -6 -6 -6 -6 -6 -6 -6 -6 -6 -6 -6 -6 -6 -6 -6 -6 -6 -6 -6 -6 -7 -7 -7 -7 -7 -7 -7 -7 -7 -7 -7 -7 -7 -8 -11 -13 -13 -17 -20 -20 -22 -23 -25 -25 -26 -25 -25 -25 -23 -23 -21 -20 -17 -17 -17 -16 -16 -16 -13 -12 -12 -12 -13 -13 -14 -14 -16 -16 -17 -18 -18 -21 -25 -25 -26 -27 -27 -27 -26 -25 -25 -23 -22 -21 -21 -21 -20 -20 -20 -21 -21 -21 -22 -25 -25 -25 -26 -26 -26 -26 -27 -27 -27 -28 -28 -28 -28 -28 -28 -28 -28 -28 -30 -30 -30 -30 -30 -30 -30 -30 -30 -30 -28 -31 -32 -32 -34 -36 -36 -36 -37 -37 -36 -36 -35 -35 -34 -34 -34 -32 -31 -31 -31 -31 -31 -31 -31 -31 -31 -31 -31 -31 -31 -32 -32 -32 -32 -31 -31 -31 -31 -31 -31 -31 -32 -32 -32 -32 -31 -31 -31 -30 -30 -30 -30 -30 -30 -30 -30 -30 -30 -31 -31 -31 -31 -30 -30 -30 -28 -28 -28 -27 -27 -27 -27 -27 -27 -27 -26 -26 -26 -26 -26 -26 -25 -25 -25 -25 -25 -25 -25 -25 -25 -25 -26 -26 -26 -26 -26
-1 -1 -1 -1 -1 -1 -1 -1 -1 -1 -1 -1 -1 -1 -1 -1 -1 -1 -1 -1 -1 -1 -1 -1 -1 -1 -1 -1 -1 -1 -1 -1 -1 -1 -1 -1 100 100 105 102 102 39 10 10 37 30 35 35 0 -1 -1 -1 108 84 84 56 73 73 105 74 0 0 1 13 13 41 37 37 38 39 44 44 50 60 60 67 84 83 83 85 95 95 90 77 77 54 38 18 18 14 8 8 3 0 7 7 19 22 22 30 27 27 25 22 19 19 15 12 12 9 8 4 4 0 0 0 0 0 0 0 0 0 0 8 20 20 33 47 25 25 19 112 112 113 110 105 105 99 94 94 -1 -1 -1 -1 -1 -1 -1 -1 -1 -1 -1 -1 -1 -1 -1 -1 -1 -1 -1 -1 -1 -1 -1 -1 -1 -1 -1 -1 -1 -1 -1 -1 -1 -1 -1 -1 -1 -1 -1 -1 -1 -1 -1 -1 -1 -1 -1 -1 -1 -2 -2 -2 -2 -2 -2 -2 -2 -2 -2 -2 -2 -3 -4 -4 -4 -6 -7 -7 -8 -8 -8 -8 -8 -9 -9 -9 -11 -11 -11 -12 -12 -12 -12 -14 -14 -13 -13 -13 -13 -12 -12 -12 -12 -12 -11 -11 -11 -12 -12 -12 -11 -11 -11 -9 -9 -9 -8 -8 -8 -8 -8 -8 -8 -8 -7 -7 -7 -7 -7 -7 -7 -7 -7 -7 -7 -7 -7 -7 -7 -7 -7 -7 -7 -7 -7 -7 -7 -7 -7 -7 -8 -8 -8 -8 -9 -8 -8 -8 -8 -8 -7 -6 -6 -6 -6 -6 -6 -6 -6 -6 -6 -6 -6 -6 -6 -6 -6 -6 -6 -6 -6 -7 -7 -7 -7 -7 -7 -7 -7 -8 -8 -8 -8 -8 -8 -11 -13 -13 -16 -18 -18 -21 -22 -22 -23 -23 -25 -25 -25 -23 -23 -22 -21 -20 -20 -17 -17 -17 -16 -16 -16 -14 -13 -13 -13 -13 -14 -14 -16 -18 -20 -20 -21 -25 -25 -26 -27 -28 -28 -28 -26 -26 -25 -23 -23 -22 -21 -20 -20 -20 -20 -20 -21 -22 -23 -23 -26 -27 -27 -27 -28 -28 -28 -28 -28 -28 -30 -31 -31 -31 -31 -31 -31 -31 -31 -31 -31 -31 -31 -31 -31 -31 -31 -31 -30 -30 -34 -34 -35 -35 -36 -36 -36 -36 -36 -36 -36 -32 -32 -32 -31 -31 -31 -30 -30 -31 -31 -31 -30 -30 -31 -31 -31 -31 -31 -31 -31 -31 -31 -31 -30 -30 -30 -30 -30 -30 -30 -30 -30 -28 -28 -28 -28 -28 -28 -28 -28 -28 -28 -28 -28 -28 -30 -30 -30 -30 -30 -30 -30 -28 -28 -28 -27 -27 -27 -27 -27 -27 -26 -26 -26 -26 -26 -26 -26 -25 -25 -25 -25 -25 -25 -25 -25 -25 -25 -26 -27 -27 -27 -27 -27 -27
-1 -1 -1 -1 -1 -1 -1 -1 -1 -1 -1 -1 -1 -1 -1 -1 -1 -1 -1 -1 -1 -1 -1 -1 -1 -1 -1 -1 -1 -1 -1 -1 -1 -1 -1 -1 -1 100 105 105 102 39 39 10 37 30 30 35 0 0 -1 -1 -1 108 84 56 56 73 105 105 74 0 1 1 13 41 41 37 38 39 39 44 50 50 60 67 67 84 83 85 85 95 90 90 77 54 38 38 18 14 14 8 3 3 0 7 19 19 22 30 30 27 25 22 22 19 15 15 12 9 9 8 4 0 0 0 0 0 0 0 0 0 0 8 8 20 33 47 47 25 19 19 112 113 113 110 105 99 99 94 -1 -1 -1 -1 -1 -1 -1 -1 -1 -1 -1 -1 -1 -1 -1 -1 -1 -1 -1 -1 -1 -1 -1 -1 -1 -1 -1 -1 -1 -1 -1 -1 -1 -1 -1 -1 -1 -1 -1 -1 -1 -1 -1 -1 -1 -1 -1 -1 -1 -1 -2 -2 -2 -2 -2 -2 -2 -2 -2 -2 -2 -3 -4 -4 -4 -6 -6 -7 -8 -8 -8 -8 -8 -8 -9 -9 -9 -11 -11 -12 -12 -12 -12 -12 -14 -13 -13 -13 -13 -12 -12 -12 -12 -12 -12 -11 -11 -11 -12 -12 -12 -11 -11 -9 -9 -9 -8 -8 -8 -8 -8 -8 -8 -8 -8 -7 -7 -7 -7 -7 -7 -7 -7 -7 -7 -7 -7 -7 -7 -7 -7 -7 -7 -7 -7 -7 -7 -7 -7 -7 -8 -8 -8 -8 -8 -9 -8 -8 -8 -8 -7 -7 -6 -6 -6 -6 -6 -6 -6 -6 -6 -6 -6 -6 -6 -6 -6 -6 -6 -6 -6 -7 -7 -7 -7 -7 -7 -7 -7 -7 -8 -8 -8 -8 -8 -8 -11 -13 -16 -16 -18 -21 -21 -22 -23 -23 -23 -25 -25 -25 -23 -22 -22 -21 -20 -17 -17 -17 -16 -16 -16 -14 -13 -13 -13 -13 -13 -14 -16 -18 -18 -20 -21 -21 -25 -26 -26 -27 -28 -28 -28 -26 -25 -25 -23 -22 -21 -21 -20 -20 -20 -20 -21 -21 -22 -23 -26 -26 -27 -27 -27 -28 -28 -28 -28 -28 -30 -30 -31 -31 -31 -31 -31 -31 -31 -31 -31 -31 -31 -31 -31 -31 -31 -31 -31 -30 -34 -34 -34 -35 -36 -36 -36 -36 -36 -36 -36 -32 -32 -32 -31 -31 -31 -30 -30 -30 -31 -31 -31 -30 -31 -31 -31 -31 -31 -31 -31 -31 -31 -31 -30 -30 -30 -30 -30 -30 -30 -30 -30 -30 -28 -28 -28 -28 -28 -28 -28 -28 -28 -28 -28 -28 -28 -30 -30 -30 -30 -30 -30 -30 -28 -28 -28 -27 -27 -27 -27 -27 -26 -26 -26 -26 -26 -26 -26 -25 -25 -25 -25 -25 -25 -25 -25 -25 -25 -26 -26 -27 -27 -27 -27 -27
-1 -1 -1 -1 -1 -1 -1 -1 -1 -1 -1 -1 -1 -1 -1 -1 -1 -1 -1 -1 -1 -1 -1 -1 -1 -1 -1 -1 -1 -1 -1 -1 -1 -1 -1 -1 99 99 105 104 104 54 20 20 25 32 33 33 0 -1 -1 101 116 120 120 116 112 112 119 105 110 110 20 0 0 0 0 0 2 -103 -120 -120 0 0 0 0 0 0 0 0 54 54 65 53 53 47 24 9 9 2 0 0 0 0 4 4 18 24 24 37 35 35 32 30 29 29 25 21 21 18 12 4 4 0 0 0 0 0 0 0 0 0 0 0 1 1 14 29 -61 -61 25 113 113 113 110 105 105 99 94 94 -1 -1 -1 -1 -1 -1 -1 -1 -1 -1 -1 -1 -1 -1 -1 -1 -1 -1 -1 -1 -1 -1 -1 -1 -1 -1 -1 -1 -1 -1 -1 -1 -1 -1 -1 -1 -1 -1 -1 -1 -1 -1 -1 -1 -1 -1 -1 -1 -1 -2 -2 -2 -2 -3 -3 -3 -2 -2 -2 -2 -2 -4 -4 -6 -6 -6 -7 -7 -8 -9 -9 -9 -9 -9 -9 -9 -11 -11 -11 -12 -12 -12 -13 -14 -14 -13 -13 -13 -13 -12 -12 -12 -12 -12 -9 -9 -11 -12 -12 -12 -11 -11 -11 -9 -9 -9 -8 -8 -8 -8 -8 -8 -8 -8 -7 -7 -7 -7 -7 -7 -7 -7 -7 -7 -7 -7 -7 -7 -7 -7 -7 -7 -7 -7 -7 -7 -7 -7 -7 -7 -8 -8 -8 -8 -9 -8 -8 -8 -8 -8 -7 -6 -6 -6 -6 -6 -6 -6 -6 -6 -6 -6 -4 -4 -6 -6 -6 -6 -6 -7 -7 -7 -7 -7 -8 -8 -8 -9 -9 -9 -9 -11 -11 -11 -11 -12 -13 -13 -16 -18 -18 -21 -21 -21 -21 -21 -23 -23 -23 -22 -22 -21 -21 -20 -20 -17 -17 -17 -17 -17 -17 -16 -16 -16 -16 -17 -17 -17 -18 -20 -21 -21 -23 -25 -25 -26 -27 -27 -27 -27 -26 -26 -25 -22 -22 -21 -20 -20 -20 -21 -21 -21 -22 -23 -25 -25 -27 -28 -28 -30 -30 -30 -30 -30 -30 -30 -31 -32 -32 -32 -32 -32 -32 -32 -32 -32 -32 -32 -32 -32 -32 -32 -32 -32 -31 -31 -34 -34 -35 -35 -35 -35 -35 -35 -35 -34 -34 -30 -30 -30 -30 -28 -28 -28 -30 -30 -30 -31 -30 -30 -31 -31 -31 -31 -31 -31 -31 -31 -31 -31 -30 -30 -30 -30 -30 -28 -28 -28 -28 -28 -28 -26 -27 -27 -27 -27 -27 -27 -27 -28 -28 -28 -28 -28 -28 -30 -30 -30 -30 -28 -28 -28 -27 -27 -27 -26 -26 -26 -26 -26 -26 -26 -26 -26 -26 -25 -25 -25 -25 -25 -25 -25 -25 -26 -26 -26 -27 -27 -28 -28 -30 -30
-1 -1 -1 -1 -1 -1 -1 -1 -1 -1 -1 -1 -1 -1 -1 -1 -1 -1 -1 -1 -1 -1 -1 -1 -1 -1 -1 -1 -1 -1 -1 -1 -1 -1 -1 -1 -1 96 102 102 108 82 82 22 14 37 37 45 14 14 -51 72 72 116 111 114 114 119 110 110 106 112 104 104 100 59 59 36 36 70 70 101 106 106 101 99 99 -1 -1 -12 -12 0 55 55 42 21 26 26 3 0 0 0 0 0 0 4 16 16 22 35 35 35 36 37 37 35 29 29 22 16 16 10 3 0 0 0 0 0 0 0 0 0 0 0 0 0 0 10 10 7 31 31 113 113 113 108 105 97 97 93 -1 -1 -1 -1 -1 -1 -1 -1 -1 -1 -1 -1 -1 -1 -1 -1 -1 -1 -1 -1 -1 -1 -1 -1 -1 -1 -1 -1 -1 -1 -1 -1 -1 -1 -1 -1 -1 -1 -1 -1 -1 -1 -1 -1 -1 -1 -1 -1 -1 -1 -2 -2 -2 -2 -3 -3 -3 -2 -3 -3 -3 -4 -4 -4 -6 -7 -7 -8 -8 -8 -9 -9 -9 -9 -9 -11 -11 -11 -12 -12 -12 -13 -13 -13 -16 -13 -13 -13 -13 -12 -12 -12 -12 -12 -11 -9 -9 -9 -11 -12 -12 -11 -11 -9 -9 -9 -8 -8 -8 -8 -8 -8 -8 -8 -8 -7 -7 -7 -7 -7 -7 -7 -7 -7 -7 -7 -7 -7 -7 -7 -7 -7 -7 -7 -7 -7 -7 -7 -7 -7 -8 -8 -8 -8 -8 -9 -8 -8 -8 -8 -7 -7 -6 -6 -6 -6 -6 -6 -6 -6 -6 -6 -6 -4 -6 -6 -6 -6 -6 -7 -7 -7 -7 -7 -8 -8 -8 -9 -11 -11 -11 -12 -12 -12 -13 -13 -13 -14 -16 -16 -18 -20 -20 -20 -20 -18 -18 -22 -22 -22 -21 -21 -21 -20 -20 -17 -17 -17 -18 -18 -17 -17 -17 -17 -17 -18 -18 -20 -21 -22 -22 -23 -23 -23 -25 -26 -26 -26 -26 -26 -26 -25 -25 -25 -22 -21 -21 -21 -21 -22 -22 -22 -23 -23 -25 -26 -28 -28 -30 -31 -31 -31 -31 -31 -31 -31 -32 -32 -32 -34 -34 -34 -32 -32 -32 -32 -32 -32 -32 -32 -32 -32 -31 -31 -31 -30 -31 -31 -31 -32 -32 -32 -32 -32 -32 -31 -31 -28 -28 -28 -27 -27 -27 -28 -28 -28 -30 -30 -30 -31 -31 -31 -32 -32 -32 -32 -32 -32 -32 -31 -32 -32 -32 -31 -31 -31 -30 -30 -30 -28 -28 -27 -27 -27 -27 -27 -27 -28 -28 -28 -28 -28 -28 -30 -30 -30 -30 -30 -30 -30 -28 -28 -28 -27 -27 -27 -27 -27 -26 -26 -26 -26 -26 -26 -26 -25 -25 -25 -25 -25 -25 -25 -26 -26 -27 -27 -27 -30 -30 -31 -31 -32
-1 -1 -1 -1 -1 -1 -1 -1 -1 -1 -1 -1 -1 -1 -1 -1 -1 -1 -1 -1 -1 -1 -1 -1 -1 -1 -1 -1 -1 -1 -1 -1 -1 -1 -1 -1 96 96 102 108 108 82 22 22 14 37 45 45 14 -51 -51 72 116 111 111 114 119 119 110 106 112 112 104 100 100 59 36 36 36 70 101 101 106 101 101 99 -1 -1 -1 -12 0 0 55 42 42 21 26 3 3 0 0 0 0 0 4 4 16 22 22 35 35 35 36 37 35 35 29 22 22 16 10 3 3 0 0 0 0 0 0 0 0 0 0 0 0 0 0 10 7 7 31 113 113 113 108 105 105 97 93 93 -1 -1 -1 -1 -1 -1 -1 -1 -1 -1 -1 -1 -1 -1 -1 -1 -1 -1 -1 -1 -1 -1 -1 -1 -1 -1 -1 -1 -1 -1 -1 -1 -1 -1 -1 -1 -1 -1 -1 -1 -1 -1 -1 -1 -1 -1 -1 -1 -1 -2 -2 -2 -2 -3 -3 -3 -2 -2 -3 -3 -3 -4 -4 -6 -6 -7 -8 -8 -8 -9 -9 -9 -9 -9 -9 -11 -11 -11 -12 -12 -13 -13 -13 -16 -16 -13 -13 -13 -13 -12 -12 -12 -12 -11 -9 -9 -9 -11 -11 -12 -11 -11 -11 -9 -9 -9 -8 -8 -8 -8 -8 -8 -8 -8 -7 -7 -7 -7 -7 -7 -7 -7 -7 -7 -7 -7 -7 -7 -7 -7 -7 -7 -7 -7 -7 -7 -7 -7 -7 -7 -8 -8 -8 -8 -9 -8 -8 -8 -8 -8 -7 -6 -6 -6 -6 -6 -6 -6 -6 -6 -6 -6 -4 -4 -6 -6 -6 -6 -7 -7 -7 -7 -7 -7 -8 -8 -8 -9 -11 -11 -11 -12 -12 -12 -13 -13 -14 -14 -16 -18 -18 -20 -20 -20 -20 -18 -22 -22 -22 -21 -21 -21 -20 -20 -20 -17 -17 -17 -18 -17 -17 -17 -17 -17 -17 -18 -20 -20 -21 -22 -23 -23 -23 -25 -25 -26 -26 -26 -26 -26 -25 -25 -25 -22 -22 -21 -21 -21 -21 -22 -22 -22 -23 -25 -26 -26 -28 -30 -30 -31 -31 -31 -31 -31 -31 -31 -32 -32 -32 -34 -34 -32 -32 -32 -32 -32 -32 -32 -32 -32 -32 -31 -31 -31 -30 -30 -31 -31 -32 -32 -32 -32 -32 -32 -31 -31 -31 -28 -28 -28 -27 -27 -27 -28 -28 -30 -30 -30 -31 -31 -31 -32 -32 -32 -32 -32 -32 -32 -31 -31 -32 -32 -31 -31 -31 -30 -30 -30 -28 -28 -28 -27 -27 -27 -27 -27 -27 -28 -28 -28 -28 -28 -30 -30 -30 -30 -30 -30 -30 -28 -28 -28 -27 -27 -27 -27 -27 -27 -26 -26 -26 -26 -26 -26 -26 -25 -25 -25 -25 -25 -25 -25 -26 -27 -27 -27 -30 -30 -30 -31 -32 -32
-1 -1 -1 -1 -1 -1 -1 -1 -1 -1 -1 -1 -1 -1 -1 -1 -1 -1 -1 -1 -1 -1 -1 -1 -1 -1 -1 -1 -1 -1 -1 -1 -1 -1 -1 -1 -1 94 99 99 106 102 102 48 3 20 20 53 74 74 -110 35 35 114 116 118 118 112 112 112 108 105 107 107 104 105 105 105 110 113 113 113 111 111 111 114 114 124 112 105 105 0 58 58 27 14 12 12 4 1 1 0 0 0 2 6 16 16 22 30 30 33 41 41 41 38 27 27 16 8 8 2 0 0 0 0 0 0 0 0 3 3 0 0 0 0 0 7 7 0 45 45 113 113 113 108 104 96 96 -1 -1 -1 -1 -1 -1 -1 -1 -1 -1 -1 -1 -1 -1 -1 -1 -1 -1 -1 -1 -1 -1 -1 -1 -1 -1 -1 -1 -1 -1 -1 -1 -1 -1 -1 -1 -1 -1 -1 -1 -1 -1 -1 -1 -1 -1 -1 -1 -1 -2 -2 -2 -2 -2 -3 -3 -3 -3 -3 -3 -3 -3 -6 -6 -6 -6 -7 -7 -8 -9 -9 -9 -11 -9 -9 -9 -11 -11 -11 -12 -12 -12 -13 -13 -13 -16 -14 -14 -13 -13 -12 -12 -12 -11 -11 -11 -9 -9 -9 -11 -11 -11 -11 -11 -9 -9 -9 -8 -8 -8 -8 -8 -8 -8 -8 -8 -7 -7 -7 -7 -7 -7 -7 -7 -7 -7 -7 -7 -7 -7 -7 -7 -7 -7 -7 -7 -7 -7 -7 -7 -7 -8 -8 -8 -8 -8 -9 -8 -8 -8 -8 -7 -7 -6 -6 -6 -6 -6 -6 -6 -6 -6 -6 -6 -6 -6 -6 -6 -7 -7 -7 -7 -7 -7 -7 -8 -8 -9 -9 -11 -11 -12 -13 -13 -13 -14 -14 -14 -16 -17 -17 -17 -18 -18 -18 -20 -18 -18 -21 -21 -21 -20 -20 -20 -20 -18 -17 -17 -17 -18 -18 -18 -18 -18 -18 -20 -21 -21 -22 -22 -23 -23 -23 -25 -25 -25 -26 -26 -26 -25 -25 -25 -25 -23 -23 -23 -22 -22 -22 -22 -23 -23 -23 -25 -25 -26 -27 -28 -28 -30 -31 -31 -31 -31 -31 -31 -32 -32 -32 -34 -34 -34 -32 -32 -32 -32 -31 -31 -31 -31 -31 -30 -30 -30 -30 -30 -28 -28 -28 -28 -28 -28 -28 -30 -30 -30 -28 -28 -27 -27 -27 -27 -27 -27 -27 -28 -28 -30 -30 -30 -31 -32 -32 -34 -34 -35 -35 -35 -34 -34 -34 -34 -34 -34 -34 -32 -32 -32 -31 -31 -31 -31 -28 -28 -28 -30 -30 -30 -30 -31 -31 -31 -31 -31 -31 -31 -31 -31 -31 -31 -31 -30 -28 -28 -28 -27 -27 -27 -27 -27 -27 -27 -27 -26 -26 -26 -26 -26 -26 -25 -25 -25 -26 -27 -27 -28 -28 -28 -31 -31 -32 -32 -34
-1 -1 -1 -1 -1 -1 -1 -1 -1 -1 -1 -1 -1 -1 -1 -1 -1 -1 -1 -1 -1 -1 -1 -1 -1 -1 -1 -1 -1 -1 -1 -1 -1 -1 -1 -1 94 94 99 106 106 102 48 48 3 20 53 53 74 -110 -110 35 114 116 116 118 112 112 112 108 105 105 107 104 104 105 105 105 110 113 113 113 111 111 111 114 124 112 112 105 0 0 58 27 27 14 12 4 4 1 0 0 0 2 6 6 16 22 22 30 33 33 41 41 38 38 27 16 16 8 2 0 0 0 0 0 0 0 0 0 3 0 0 0 0 0 0 7 0 0 45 113 113 113 108 104 104 96 -1 -1 -1 -1 -1 -1 -1 -1 -1 -1 -1 -1 -1 -1 -1 -1 -1 -1 -1 -1 -1 -1 -1 -1 -1 -1 -1 -1 -1 -1 -1 -1 -1 -1 -1 -1 -1 -1 -1 -1 -1 -1 -1 -1 -1 -1 -1 -1 -1 -1 -2 -2 -2 -2 -3 -3 -3 -3 -3 -3 -3 -3 -3 -6 -6 -6 -6 -7 -8 -8 -9 -9 -11 -11 -9 -9 -9 -11 -11 -11 -12 -12 -13 -13 -13 -16 -16 -14 -13 -13 -13 -12 -12 -12 -11 -11 -9 -9 -9 -11 -11 -11 -11 -11 -11 -9 -9 -9 -8 -8 -8 -8 -8 -8 -8 -8 -7 -7 -7 -7 -7 -7 -7 -7 -7 -7 -7 -7 -7 -7 -7 -7 -7 -7 -7 -7 -7 -7 -7 -7 -7 -7 -8 -8 -8 -8 -9 -8 -8 -8 -8 -8 -7 -6 -6 -6 -6 -6 -6 -6 -6 -6 -6 -6 -6 -6 -6 -6 -6 -7 -7 -7 -7 -7 -7 -7 -8 -9 -9 -9 -11 -12 -12 -13 -13 -13 -14 -14 -16 -16 -17 -17 -17 -18 -18 -18 -20 -18 -21 -21 -21 -20 -20 -20 -20 -18 -18 -17 -17 -17 -18 -18 -18 -18 -18 -20 -20 -21 -22 -22 -22 -23 -23 -23 -25 -25 -25 -26 -26 -25 -25 -25 -25 -25 -23 -23 -23 -22 -22 -22 -22 -23 -23 -23 -25 -26 -27 -27 -28 -30 -30 -31 -31 -31 -31 -31 -32 -32 -32 -34 -34 -34 -32 -32 -32 -32 -31 -31 -31 -31 -31 -31 -30 -30 -30 -30 -28 -28 -28 -28 -28 -28 -28 -30 -30 -30 -28 -28 -28 -27 -27 -27 -27 -27 -27 -27 -28 -30 -30 -30 -31 -31 -32 -34 -34 -34 -35 -35 -35 -34 -34 -34 -34 -34 -34 -34 -32 -32 -32 -31 -31 -31 -31 -28 -28 -28 -30 -30 -30 -30 -31 -31 -31 -31 -31 -31 -31 -31 -31 -31 -31 -30 -30 -28 -28 -27 -27 -27 -27 -27 -27 -27 -27 -27 -26 -26 -26 -26 -26 -26 -25 -25 -26 -26 -27 -28 -28 -28 -31 -31 -31 -32 -34 -34
-1 -1 -1 -1 -1 -1 -1 -1 -1 -1 -1 -1 -1 -1 -1 -1 -1 -1 -1 -1 -1 -1 -1 -1 -1 -1 -1 -1 -1 -1 -1 -1 -1 -1 -1 -1 -1 -1 97 97 104 107 107 76 33 16 16 16 19 19 0 58 58 117 110 113 113 105 100 100 104 101 106 106 107 108 108 108 111 114 114 117 118 118 118 117 117 124 113 113 113 0 50 50 22 12 10 10 8 3 3 3 3 3 3 8 16 16 21 25 25 32 39 41 41 36 24 24 9 1 1 0 0 0 0 0 0 0 0 7 9 9 4 0 0 0 1 12 12 0 64 64 114 112 112 107 102 95 95 -1 -1 -1 -1 -1 -1 -1 -1 -1 -1 -1 -1 -1 -1 -1 -1 -1 -1 -1 -1 -1 -1 -1 -1 -1 -1 -1 -1 -1 -1 -1 -1 -1 -1 -1 -1 -1 -1 -1 -1 -1 -1 -1 -1 -1 -1 -1 -1 -2 -2 -2 -2 -2 -2 -3 -3 -4 -4 -3 -3 -3 -3 -6 -6 -6 -8 -7 -7 -8 -9 -9 -11 -11 -9 -9 -11 -11 -11 -12 -12 -13 -13 -13 -13 -13 -16 -14 -14 -13 -13 -12 -12 -12 -11 -11 -11 -9 -9 -9 -11 -11 -11 -11 -11 -9 -9 -9 -8 -8 -8 -8 -8 -8 -8 -8 -8 -7 -7 -7 -7 -7 -7 -7 -7 -7 -7 -7 -7 -7 -7 -7 -7 -7 -7 -7 -7 -7 -7 -7 -7 -7 -8 -8 -8 -8 -8 -9 -8 -8 -8 -8 -7 -7 -6 -6 -6 -6 -6 -6 -6 -6 -6 -6 -6 -6 -6 -6 -7 -7 -7 -7 -7 -7 -7 -6 -8 -8 -9 -9 -11 -11 -12 -13 -13 -14 -16 -16 -16 -16 -17 -17 -17 -17 -17 -18 -18 -20 -20 -20 -20 -20 -20 -20 -20 -18 -18 -17 -17 -17 -18 -18 -18 -18 -18 -18 -20 -21 -21 -22 -23 -23 -23 -23 -25 -25 -25 -25 -25 -25 -23 -23 -23 -25 -25 -25 -23 -23 -23 -23 -23 -23 -23 -23 -25 -25 -25 -27 -28 -28 -30 -30 -30 -30 -30 -31 -31 -31 -31 -31 -31 -31 -31 -31 -30 -30 -30 -28 -28 -28 -27 -27 -27 -27 -27 -26 -26 -27 -26 -26 -26 -27 -27 -27 -27 -28 -28 -28 -28 -27 -27 -27 -27 -27 -27 -27 -28 -28 -30 -30 -30 -32 -34 -34 -35 -36 -36 -36 -36 -36 -36 -36 -35 -35 -35 -35 -34 -34 -34 -32 -32 -32 -32 -31 -31 -31 -32 -32 -32 -32 -32 -32 -32 -32 -32 -32 -32 -32 -32 -32 -31 -31 -31 -30 -30 -28 -28 -28 -28 -27 -27 -27 -27 -27 -27 -27 -27 -26 -26 -26 -26 -26 -26 -27 -28 -28 -30 -30 -30 -32 -32 -34 -34 -35
-1 -1 -1 -1 -1 -1 -1 -1 -1 -1 -1 -1 -1 -1 -1 -1 -1 -1 -1 -1 -1 -1 -1 -1 -1 -1 -1 -1 -1 -1 -1 -1 -1 -1 -1 -1 -1 -1 95 100 100 104 -1 -1 84 73 33 33 -42 -8 -8 85 112 108 108 100 101 101 105 102 97 97 100 101 101 99 100 100 106 111 113 113 114 114 114 113 108 97 97 -1 -107 -107 -32 21 21 13 12 9 9 4 3 3 4 2 8 8 16 22 22 21 26 26 33 35 27 27 14 3 3 0 0 0 0 0 0 0 0 0 10 10 15 10 10 8 6 6 12 20 0 0 79 113 113 112 107 101 101 95 -1 -1 -1 -1 -1 -1 -1 -1 -1 -1 -1 -1 -1 -1 -1 -1 -1 -1 -1 -1 -1 -1 -1 -1 -1 -1 -1 -1 -1 -1 -1 -1 -1 -1 -1 -1 -1 -1 -1 -1 -1 -1 -1 -1 -1 -1 -1 -2 -2 -2 -2 -2 -2 -2 -3 -3 -3 -4 -3 -3 -3 -4 -4 -7 -7 -8 -8 -8 -8 -8 -9 -11 -11 -11 -11 -11 -11 -11 -12 -12 -12 -13 -13 -13 -13 -16 -16 -14 -13 -13 -13 -12 -12 -12 -11 -11 -8 -8 -9 -11 -11 -11 -11 -11 -11 -9 -9 -9 -8 -8 -8 -8 -8 -8 -8 -8 -7 -7 -7 -7 -7 -7 -7 -7 -7 -7 -7 -7 -7 -7 -7 -7 -7 -7 -7 -7 -7 -7 -7 -7 -7 -7 -8 -8 -8 -8 -9 -8 -8 -8 -8 -8 -7 -6 -6 -6 -6 -6 -6 -6 -6 -6 -6 -6 -6 -6 -6 -7 -7 -7 -7 -7 -7 -6 -6 -6 -8 -9 -9 -11 -12 -13 -13 -14 -16 -16 -16 -17 -17 -17 -17 -17 -17 -17 -18 -18 -20 -20 -20 -20 -20 -20 -20 -18 -18 -18 -18 -17 -17 -17 -18 -18 -18 -20 -20 -21 -21 -22 -23 -23 -25 -25 -25 -25 -26 -26 -26 -26 -25 -25 -25 -23 -23 -23 -25 -25 -25 -25 -25 -25 -25 -25 -25 -25 -25 -26 -27 -27 -28 -30 -30 -30 -30 -30 -30 -31 -31 -31 -31 -31 -31 -31 -30 -30 -30 -28 -27 -27 -27 -27 -27 -26 -26 -26 -26 -25 -26 -26 -25 -25 -26 -26 -26 -27 -27 -27 -28 -28 -28 -27 -27 -27 -27 -27 -27 -27 -28 -28 -28 -30 -32 -32 -34 -35 -37 -37 -37 -37 -37 -37 -37 -37 -35 -35 -35 -35 -34 -34 -34 -32 -32 -32 -32 -32 -34 -34 -34 -35 -35 -35 -35 -34 -34 -34 -34 -34 -34 -34 -34 -34 -32 -31 -31 -30 -28 -28 -28 -28 -28 -28 -28 -28 -28 -27 -27 -27 -27 -27 -27 -27 -26 -26 -27 -27 -28 -30 -30 -31 -34 -34 -34 -35 -35 -35
-1 -1 -1 -1 -1 -1 -1 -1 -1 -1 -1 -1 -1 -1 -1 -1 -1 -1 -1 -1 -1 -1 -1 -1 -1 -1 -1 -1 -1 -1 -1 -1 -1 -1 -1 -1 -1 -1 95 95 100 104 104 -1 84 73 73 33 -42 -42 -8 85 85 112 108 100 100 101 105 105 102 97 100 100 101 99 99 100 106 111 111 113 114 114 114 113 113 108 97 -1 -1 -107 -32 -32 21 13 12 12 9 4 4 3 4 4 2 8 16 16 22 21 21 26 33 35 35 27 14 14 3 0 0 0 0 0 0 0 0 0 0 10 15 15 10 8 8 6 12 20 20 0 79 79 113 112 112 107 101 95 95 -1 -1 -1 -1 -1 -1 -1 -1 -1 -1 -1 -1 -1 -1 -1 -1 -1 -1 -1 -1 -1 -1 -1 -1 -1 -1 -1 -1 -1 -1 -1 -1 -1 -1 -1 -1 -1 -1 -1 -1 -1 -1 -1 -1 -1 -1 -2 -2 -2 -2 -2 -2 -2 -2 -3 -3 -4 -4 -3 -3 -3 -4 -7 -7 -7 -8 -8 -8 -8 -9 -9 -11 -11 -11 -11 -11 -11 -11 -12 -12 -13 -13 -13 -13 -13 -16 -14 -14 -13 -13 -12 -12 -12 -11 -11 -11 -8 -9 -9 -11 -11 -11 -11 -11 -9 -9 -9 -8 -8 -8 -8 -8 -8 -8 -8 -8 -7 -7 -7 -7 -7 -7 -7 -7 -7 -7 -7 -7 -7 -7 -7 -7 -7 -7 -7 -7 -7 -7 -7 -7 -7 -8 -8 -8 -8 -8 -9 -8 -8 -8 -8 -7 -7 -6 -6 -6 -6 -6 -6 -6 -6 -6 -6 -6 -6 -6 -6 -7 -7 -7 -7 -7 -6 -6 -6 -8 -8 -9 -11 -12 -12 -13 -14 -14 -16 -16 -16 -17 -17 -17 -17 -17 -17 -17 -18 -20 -20 -20 -20 -20 -20 -20 -18 -18 -18 -18 -17 -17 -17 -18 -18 -18 -20 -20 -20 -21 -22 -22 -23 -25 -25 -25 -25 -26 -26 -26 -26 -26 -25 -25 -23 -23 -23 -25 -25 -25 -25 -25 -25 -25 -25 -25 -25 -25 -25 -26 -27 -28 -28 -30 -30 -30 -30 -30 -31 -31 -31 -31 -31 -31 -31 -31 -30 -30 -28 -28 -27 -27 -27 -27 -26 -26 -26 -26 -25 -25 -26 -25 -25 -25 -26 -26 -26 -27 -27 -27 -28 -28 -27 -27 -27 -27 -27 -27 -27 -28 -28 -28 -30 -30 -32 -34 -34 -35 -37 -37 -37 -37 -37 -37 -37 -35 -35 -35 -35 -34 -34 -34 -32 -32 -32 -32 -32 -32 -34 -34 -34 -35 -35 -35 -35 -34 -34 -34 -34 -34 -34 -34 -34 -32 -32 -31 -30 -30 -28 -28 -28 -28 -28 -28 -28 -28 -27 -27 -27 -27 -27 -27 -27 -26 -26 -26 -27 -28 -28 -30 -31 -31 -34 -34 -35 -35 -35
-1 -1 -1 -1 -1 -1 -1 -1 -1 -1 -1 -1 -1 -1 -1 -1 -1 -1 -1 -1 -1 -1 -1 -1 -1 -1 -1 -1 -1 -1 -1 -1 -1 -1 -1 -1 -1 -1 -1 -1 -1 -1 106 106 106 107 108 108 110 108 108 108 107 -1 -1 -1 -1 -1 -1 -1 -1 -1 -1 -1 -1 -1 -1 -1 100 104 107 107 113 110 110 114 101 -14 -14 21 15 15 37 31 31 12 20 13 13 4 0 0 0 0 8 8 18 21 21 18 15 15 13 10 6 6 1 0 0 0 0 0 0 0 0 0 0 0 10 10 19 13 13 12 26 26 25 36 -119 -119 104 114 114 112 105 95 95 -1 -1 -1 -1 -1 -1 -1 -1 -1 -1 -1 -1 -1 -1 -1 -1 -1 -1 -1 -1 -1 -1 -1 -1 -1 -1 -1 -1 -1 -1 -1 -1 -1 -1 -2 -2 -2 -1 -1 -1 -1 -1 -1 -1 -1 -1 -1 -1 -1 -2 -2 -2 -3 -3 -4 -4 -4 -4 -3 -4 -4 -4 -4 -4 -6 -7 -8 -8 -9 -9 -9 -9 -11 -11 -11 -12 -12 -12 -12 -12 -12 -13 -13 -14 -14 -14 -16 -16 -14 -14 -13 -13 -13 -12 -12 -12 -12 -9 -9 -9 -9 -9 -9 -11 -11 -11 -11 -11 -11 -9 -9 -9 -9 -9 -9 -9 -8 -8 -8 -7 -8 -8 -8 -9 -9 -9 -9 -8 -8 -8 -7 -8 -8 -8 -8 -8 -8 -8 -8 -8 -8 -8 -8 -7 -7 -7 -7 -7 -7 -7 -7 -7 -7 -7 -7 -7 -7 -7 -7 -7 -7 -7 -7 -7 -7 -7 -7 -7 -7 -7 -7 -7 -7 -7 -8 -8 -8 -8 -11 -11 -11 -12 -13 -13 -14 -14 -14 -14 -16 -16 -16 -16 -16 -16 -16 -17 -17 -17 -17 -18 -18 -17 -17 -17 -16 -17 -18 -18 -20 -21 -21 -22 -22 -22 -23 -26 -27 -27 -27 -28 -28 -28 -27 -27 -27 -27 -27 -27 -27 -26 -26 -26 -26 -26 -26 -26 -26 -26 -25 -25 -26 -26 -26 -26 -26 -27 -27 -28 -28 -27 -28 -28 -28 -28 -28 -27 -30 -28 -28 -27 -26 -26 -25 -27 -27 -27 -28 -25 -25 -25 -25 -25 -23 -23 -23 -23 -23 -23 -23 -22 -23 -25 -25 -27 -27 -27 -28 -27 -27 -27 -27 -27 -27 -26 -26 -26 -27 -28 -30 -30 -31 -35 -35 -36 -39 -40 -40 -41 -41 -41 -41 -41 -41 -40 -40 -39 -39 -37 -37 -37 -36 -37 -37 -37 -35 -36 -36 -36 -37 -37 -37 -37 -37 -37 -37 -35 -35 -35 -35 -34 -34 -32 -31 -31 -31 -31 -30 -30 -30 -28 -28 -28 -28 -28 -28 -28 -28 -28 -27 -27 -27 -28 -28 -30 -30 -31 -31 -31 -31 -35 -35 -35 -35 -34 -34
-1 -1 -1 -1 -1 -1 -1 -1 -1 -1 -1 -1 -1 -1 -1 -1 -1 -1 -1 -1 -1 -1 -1 -1 -1 -1 -1 -1 -1 -1 -1 -1 -1 -1 -1 -1 -1 -1 -1 -1 -1 -1 -1 102 102 104 104 105 105 105 105 105 105 104 -1 -1 -1 -1 -1 -1 -1 -1 -1 -1 -1 -1 -1 -1 93 102 102 102 112 112 113 106 106 66 20 16 16 45 45 45 32 26 22 22 19 9 9 3 0 0 0 9 21 21 27 24 24 19 12 8 8 6 0 0 0 0 0 0 0 0 0 0 0 0 0 7 13 13 13 14 14 32 35 10 10 0 108 108 113 111 111 104 95 -1 -1 -1 -1 -1 -1 -1 -1 -1 -1 -1 -1 -1 -1 -1 -1 -1 -1 -1 -1 -1 -1 -1 -1 -1 -1 -1 -1 -1 -1 -1 -1 -1 -1 -2 -2 -2 -1 -1 -1 -1 -2 -2 -2 -2 -2 -2 -2 -2 -2 -3 -3 -3 -4 -4 -4 -4 -4 -4 -4 -4 -6 -6 -6 -7 -7 -7 -9 -9 -9 -9 -11 -11 -11 -12 -12 -12 -12 -12 -12 -12 -12 -13 -13 -14 -14 -14 -16 -14 -14 -14 -13 -13 -13 -12 -12 -12 -12 -9 -9 -9 -9 -9 -9 -11 -11 -11 -11 -11 -9 -9 -9 -9 -9 -9 -9 -8 -8 -8 -8 -8 -8 -8 -9 -9 -9 -9 -9 -8 -8 -8 -8 -8 -8 -8 -8 -8 -8 -8 -8 -8 -8 -8 -7 -7 -7 -7 -7 -7 -7 -7 -7 -7 -7 -7 -7 -7 -7 -7 -7 -7 -7 -7 -7 -7 -7 -7 -7 -7 -7 -7 -7 -7 -7 -8 -8 -8 -8 -8 -11 -11 -12 -12 -13 -14 -14 -14 -14 -14 -14 -16 -16 -16 -17 -17 -17 -17 -18 -18 -18 -21 -20 -20 -20 -20 -20 -21 -21 -23 -23 -23 -25 -25 -25 -26 -27 -27 -28 -28 -28 -28 -28 -28 -28 -28 -27 -27 -27 -26 -26 -26 -26 -26 -26 -27 -27 -27 -26 -26 -26 -26 -26 -26 -26 -26 -27 -27 -27 -27 -27 -27 -27 -27 -27 -26 -26 -26 -26 -25 -23 -23 -23 -23 -23 -25 -25 -25 -25 -23 -23 -23 -23 -22 -22 -22 -23 -23 -23 -23 -22 -23 -23 -26 -27 -27 -28 -30 -30 -30 -30 -28 -28 -28 -27 -27 -27 -28 -30 -30 -31 -32 -32 -37 -39 -39 -40 -42 -42 -42 -44 -44 -44 -42 -41 -41 -41 -40 -39 -39 -39 -39 -39 -39 -39 -37 -37 -37 -39 -39 -39 -39 -39 -39 -39 -39 -39 -36 -36 -35 -35 -34 -34 -34 -32 -31 -31 -31 -30 -30 -30 -30 -30 -30 -30 -28 -28 -28 -28 -28 -28 -28 -30 -30 -30 -31 -32 -32 -32 -32 -32 -35 -34 -34 -34 -34
-1 -1 -1 -1 -1 -1 -1 -1 -1 -1 -1 -1 -1 -1 -1 -1 -1 -1 -1 -1 -1 -1 -1 -1 -1 -1 -1 -1 -1 -1 -1 -1 -1 -1 -1 -1 -1 -1 -1 -1 -1 -1 102 102 102 104 105 105 105 105 105 105 104 -1 -1 -1 -1 -1 -1 -1 -1 -1 -1 -1 -1 -1 -1 -1 93 102 102 102 112 113 113 106 66 20 20 16 45 45 45 32 32 26 22 19 19 9 3 3 0 0 9 9 21 27 27 24 19 19 12 8 6 6 0 0 0 0 0 0 0 0 0 0 0 0 7 7 13 13 13 14 32 32 35 10 0 0 108 113 113 111 104 95 95 -1 -1 -1 -1 -1 -1 -1 -1 -1 -1 -1 -1 -1 -1 -1 -1 -1 -1 -1 -1 -1 -1 -1 -1 -1 -1 -1 -1 -1 -1 -1 -1 -1 -1 -2 -2 -2 -1 -1 -1 -1 -2 -2 -2 -2 -2 -2 -2 -2 -3 -3 -3 -4 -4 -4 -4 -4 -4 -4 -4 -4 -6 -6 -6 -7 -7 -9 -9 -9 -9 -9 -11 -11 -12 -12 -12 -12 -12 -12 -12 -12 -12 -13 -14 -14 -14 -16 -16 -14 -14 -13 -13 -13 -12 -12 -12 -12 -9 -9 -9 -9 -9 -9 -11 -11 -11 -11 -11 -11 -9 -9 -9 -9 -9 -9 -9 -8 -8 -8 -8 -8 -8 -8 -9 -9 -9 -9 -8 -8 -8 -8 -8 -8 -8 -8 -8 -8 -8 -8 -8 -8 -8 -8 -7 -7 -7 -7 -7 -7 -7 -7 -7 -7 -7 -7 -7 -7 -7 -7 -7 -7 -7 -7 -7 -7 -7 -7 -7 -7 -7 -7 -7 -7 -7 -8 -8 -8 -8 -11 -11 -11 -12 -13 -13 -14 -14 -14 -14 -14 -16 -16 -16 -17 -17 -17 -17 -17 -18 -18 -21 -21 -20 -20 -20 -20 -21 -21 -21 -23 -23 -23 -25 -25 -25 -26 -27 -28 -28 -28 -28 -28 -28 -28 -28 -28 -27 -27 -27 -26 -26 -26 -26 -26 -27 -27 -27 -26 -26 -26 -26 -26 -26 -26 -26 -26 -27 -27 -27 -27 -27 -27 -27 -27 -26 -26 -26 -26 -25 -25 -23 -23 -23 -23 -25 -25 -25 -25 -23 -23 -23 -23 -23 -22 -22 -23 -23 -23 -23 -23 -22 -23 -26 -26 -27 -28 -28 -30 -30 -30 -30 -28 -28 -28 -27 -27 -27 -28 -30 -31 -31 -32 -37 -37 -39 -40 -42 -42 -42 -44 -44 -44 -42 -42 -41 -41 -40 -40 -39 -39 -39 -39 -39 -39 -39 -37 -37 -37 -39 -39 -39 -39 -39 -39 -39 -39 -36 -36 -36 -35 -34 -34 -34 -32 -32 -31 -31 -30 -30 -30 -30 -30 -30 -30 -30 -28 -28 -28 -28 -28 -28 -28 -30 -30 -31 -31 -32 -32 -32 -32 -35 -35 -34 -34 -34 -34
-1 -1 -1 -1 -1 -1 -1 -1 -1 -1 -1 -1 -1 -1 -1 -1 -1 -1 -1 -1 -1 -1 -1 -1 -1 -1 -1 -1 -1 -1 -1 -1 -1 -1 -1 -1 -1 -1 -1 -1 -1 -1 -1 94 95 96 96 96 96 96 96 96 96 95 -1 -1 -1 -1 -1 -1 -1 -1 -1 -1 -1 -1 -1 -1 91 96 96 108 105 105 108 70 70 26 21 42 42 60 48 48 35 35 32 32 29 18 18 12 3 3 2 12 22 22 30 29 29 22 14 9 9 7 1 1 0 0 0 0 0 0 0 0 0 0 0 2 7 7 10 16 16 16 12 13 13 61 114 114 112 106 106 101 93 -1 -1 -1 -1 -1 -1 -1 -1 -1 -1 -1 -1 -1 -1 -1 -1 -1 -1 -1 -1 -1 -1 -1 -1 -1 -1 -1 -1 -1 -1 -1 -1 -2 -2 -3 -3 -2 -2 -2 -2 -2 -3 -3 -2 -2 -2 -2 -2 -3 -3 -4 -4 -4 -6 -6 -6 -4 -4 -6 -6 -6 -7 -7 -7 -8 -8 -8 -9 -9 -9 -11 -11 -11 -12 -12 -12 -12 -12 -12 -12 -12 -12 -14 -14 -14 -14 -14 -14 -14 -14 -14 -13 -13 -13 -12 -12 -12 -12 -11 -11 -11 -11 -11 -11 -9 -9 -9 -9 -9 -9 -9 -9 -9 -9 -9 -9 -9 -9 -8 -8 -8 -8 -8 -9 -9 -9 -8 -8 -8 -8 -8 -8 -8 -8 -8 -8 -8 -8 -8 -8 -8 -8 -8 -7 -7 -7 -7 -7 -7 -7 -7 -7 -7 -7 -7 -7 -7 -7 -7 -7 -7 -7 -7 -7 -7 -7 -7 -7 -7 -7 -7 -7 -7 -7 -8 -8 -8 -9 -9 -11 -12 -12 -12 -13 -14 -14 -13 -14 -14 -14 -14 -16 -16 -17 -18 -18 -20 -20 -20 -20 -23 -22 -22 -22 -22 -22 -23 -25 -26 -26 -27 -27 -27 -28 -28 -30 -30 -30 -30 -30 -28 -28 -30 -30 -28 -27 -27 -26 -26 -26 -26 -26 -26 -26 -27 -27 -27 -28 -28 -28 -28 -27 -26 -26 -26 -27 -27 -27 -26 -25 -25 -25 -25 -25 -25 -25 -22 -22 -22 -22 -22 -21 -22 -22 -22 -22 -22 -22 -21 -20 -20 -20 -20 -21 -21 -22 -23 -23 -25 -23 -25 -25 -27 -28 -28 -31 -31 -31 -32 -32 -30 -30 -30 -30 -30 -30 -31 -32 -32 -34 -35 -35 -40 -41 -41 -42 -45 -45 -45 -45 -45 -45 -45 -44 -42 -42 -42 -41 -41 -41 -41 -41 -41 -41 -40 -40 -40 -40 -40 -41 -41 -40 -40 -40 -40 -40 -37 -37 -36 -36 -35 -34 -34 -32 -32 -32 -32 -31 -31 -31 -31 -30 -30 -30 -30 -28 -28 -28 -30 -30 -30 -30 -30 -31 -32 -32 -32 -34 -34 -34 -34 -32 -32 -32 -32
-1 -1 -1 -1 -1 -1 -1 -1 -1 -1 -1 -1 -1 -1 -1 -1 -1 -1 -1 -1 -1 -1 -1 -1 -1 -1 -1 -1 -1 -1 -1 -1 -1 -1 -1 -1 -1 -1 -1 -1 -1 -1 94 94 95 96 96 96 96 96 96 96 95 -1 -1 -1 -1 -1 -1 -1 -1 -1 -1 -1 -1 -1 -1 -1 91 96 108 108 105 108 108 70 26 21 21 42 60 60 48 35 35 35 32 29 29 18 12 12 3 2 12 12 22 30 30 29 22 22 14 9 7 7 1 0 0 0 0 0 0 0 0 0 0 0 2 2 7 10 10 16 16 16 12 13 61 61 114 112 112 106 101 93 93 -1 -1 -1 -1 -1 -1 -1 -1 -1 -1 -1 -1 -1 -1 -1 -1 -1 -1 -1 -1 -1 -1 -1 -1 -1 -1 -1 -1 -1 -1 -1 -2 -2 -2 -3 -2 -2 -2 -2 -2 -2 -3 -2 -2 -2 -2 -2 -2 -3 -4 -4 -4 -6 -6 -6 -4 -4 -4 -6 -6 -6 -7 -7 -7 -8 -8 -9 -9 -9 -11 -11 -11 -12 -12 -12 -12 -12 -12 -12 -12 -12 -12 -14 -14 -14 -14 -14 -14 -14 -14 -13 -13 -13 -12 -12 -12 -12 -11 -11 -11 -11 -11 -11 -9 -9 -9 -9 -9 -9 -9 -9 -9 -9 -9 -9 -9 -9 -8 -8 -8 -8 -8 -8 -9 -9 -9 -8 -8 -8 -8 -8 -8 -8 -8 -8 -8 -8 -8 -8 -8 -8 -8 -8 -7 -7 -7 -7 -7 -7 -7 -7 -7 -7 -7 -7 -7 -7 -7 -7 -7 -7 -7 -7 -7 -7 -7 -7 -7 -7 -7 -7 -7 -7 -7 -8 -8 -8 -9 -11 -11 -12 -12 -13 -13 -14 -13 -13 -14 -14 -14 -14 -16 -17 -17 -18 -20 -20 -20 -20 -23 -23 -22 -22 -22 -22 -23 -25 -25 -26 -27 -27 -27 -28 -28 -28 -30 -30 -30 -30 -28 -28 -28 -30 -28 -28 -27 -26 -26 -26 -26 -26 -26 -26 -27 -27 -27 -28 -28 -28 -28 -27 -27 -26 -26 -26 -27 -27 -26 -26 -25 -25 -25 -25 -25 -25 -25 -22 -22 -22 -22 -21 -21 -22 -22 -22 -22 -22 -21 -21 -20 -20 -20 -20 -21 -22 -22 -23 -25 -25 -23 -25 -27 -27 -28 -31 -31 -31 -32 -32 -32 -30 -30 -30 -30 -30 -30 -31 -32 -34 -34 -35 -40 -40 -41 -42 -45 -45 -45 -45 -45 -45 -45 -45 -44 -42 -42 -42 -41 -41 -41 -41 -41 -41 -41 -40 -40 -40 -40 -41 -41 -41 -40 -40 -40 -40 -37 -37 -37 -36 -35 -35 -34 -32 -32 -32 -32 -31 -31 -31 -31 -31 -30 -30 -30 -30 -28 -28 -28 -30 -30 -30 -30 -31 -32 -32 -32 -34 -34 -34 -34 -34 -32 -32 -32 -32
-1 -1 -1 -1 -1 -1 -1 -1 -1 -1 -1 -1 -1 -1 -1 -1 -1 -1 -1 -1 -1 -1 -1 -1 -1 -1 -1 -1 -1 -1 -1 -1 -1 -1 -1 -1 -1 -1 -1 -1 -1 -1 -1 -1 -1 -1 -1 -1 -1 -1 -1 -1 -1 -1 -1 -1 -1 -1 -1 -1 -1 -1 -1 -1 -1 -1 -1 -1 91 95 95 105 107 107 55 26 26 22 49 61 61 50 45 45 41 37 39 39 33 27 27 21 12 12 7 12 21 21 27 30 30 26 21 18 18 14 6 6 0 0 0 0 0 0 0 0 0 0 0 0 7 7 12 10 10 6 13 62 62 112 116 116 113 102 102 96 -1 -1 -1 -1 -1 -1 -1 -1 -1 -1 -1 -1 -1 -1 -1 -1 -1 -1 -1 -1 -1 -1 -1 -1 -1 -1 -1 -1 -1 -1 -1 -2 -2 -2 -3 -3 -3 -3 -3 -3 -3 -3 -3 -3 -3 -3 -3 -3 -3 -4 -4 -4 -6 -6 -4 -6 -6 -6 -6 -7 -7 -7 -8 -8 -9 -9 -9 -9 -9 -11 -11 -11 -12 -12 -12 -12 -11 -11 -12 -12 -12 -12 -13 -13 -13 -13 -13 -13 -14 -14 -14 -13 -13 -12 -12 -12 -12 -12 -11 -11 -11 -11 -11 -11 -11 -9 -9 -9 -9 -9 -9 -9 -9 -9 -9 -9 -9 -9 -9 -8 -8 -8 -9 -9 -8 -8 -8 -8 -8 -8 -8 -8 -8 -8 -8 -8 -8 -8 -8 -8 -8 -8 -8 -8 -7 -7 -7 -7 -7 -7 -7 -7 -7 -7 -7 -7 -7 -7 -7 -7 -7 -7 -7 -7 -7 -7 -7 -7 -7 -7 -7 -7 -7 -7 -7 -8 -8 -8 -9 -9 -12 -12 -13 -13 -13 -14 -14 -13 -14 -14 -14 -16 -17 -17 -18 -20 -20 -21 -22 -22 -22 -26 -26 -26 -26 -26 -26 -27 -28 -30 -30 -30 -31 -31 -31 -31 -31 -31 -31 -30 -30 -30 -28 -30 -30 -28 -27 -27 -26 -26 -26 -26 -27 -27 -27 -28 -28 -28 -30 -30 -30 -30 -28 -26 -26 -26 -25 -25 -25 -25 -23 -23 -22 -23 -23 -22 -22 -21 -21 -21 -21 -21 -22 -22 -22 -22 -22 -22 -22 -20 -20 -20 -20 -20 -21 -21 -23 -26 -26 -26 -27 -28 -28 -30 -31 -31 -32 -34 -34 -34 -34 -31 -31 -31 -31 -31 -31 -32 -34 -34 -36 -37 -37 -42 -44 -44 -45 -46 -47 -47 -47 -46 -46 -46 -45 -44 -44 -44 -42 -42 -42 -42 -42 -42 -42 -41 -41 -41 -42 -42 -42 -42 -41 -41 -41 -40 -40 -37 -37 -36 -36 -35 -34 -34 -32 -32 -32 -32 -31 -31 -31 -30 -30 -30 -30 -28 -28 -28 -28 -30 -30 -30 -30 -30 -31 -31 -32 -32 -32 -32 -32 -31 -31 -31 -31 -30
-1 -1 -1 -1 -1 -1 -1 -1 -1 -1 -1 -1 -1 -1 -1 -1 -1 -1 -1 -1 -1 -1 -1 -1 -1 -1 -1 -1 -1 -1 -1 -1 -1 -1 -1 -1 -1 -1 -1 -1 -1 -1 -1 -1 -1 -1 -1 -1 -1 -1 -1 -1 -1 -1 -1 -1 -1 -1 -1 -1 -1 -1 -1 -1 -1 -1 -1 -1 91 100 96 96 91 0 0 10 43 44 44 41 39 39 42 42 42 37 36 31 31 25 21 21 15 12 14 14 20 25 25 33 33 33 32 26 16 16 6 0 0 0 0 0 0 0 0 0 0 0 0 0 13 20 20 4 30 30 72 111 117 117 108 110 110 100 94 -1 -1 -1 -1 -1 -1 -1 -1 -1 -1 -1 -1 -1 -1 -1 -1 -1 -1 -1 -1 -1 -1 -1 -1 -1 -1 -1 -1 -1 -1 -1 -1 -2 -3 -2 -2 -3 -3 -3 -4 -4 -3 -3 -3 -3 -3 -3 -3 -3 -3 -4 -4 -4 -6 -6 -6 -6 -7 -7 -7 -8 -9 -9 -11 -11 -11 -11 -11 -11 -11 -11 -12 -12 -12 -12 -12 -12 -11 -11 -11 -11 -13 -13 -13 -13 -13 -13 -13 -13 -13 -13 -13 -13 -13 -12 -12 -12 -12 -11 -11 -11 -11 -11 -11 -11 -9 -9 -9 -9 -9 -9 -9 -9 -9 -9 -9 -9 -9 -9 -9 -9 -9 -9 -9 -9 -8 -8 -8 -8 -8 -8 -8 -8 -8 -8 -8 -8 -8 -8 -8 -8 -8 -8 -8 -8 -7 -7 -7 -7 -7 -7 -7 -7 -7 -7 -7 -7 -7 -7 -7 -7 -7 -7 -7 -7 -7 -7 -7 -7 -7 -7 -7 -7 -7 -7 -7 -8 -8 -8 -9 -12 -12 -12 -13 -13 -13 -14 -13 -13 -14 -14 -16 -16 -18 -20 -20 -22 -23 -23 -23 -25 -27 -27 -27 -27 -27 -28 -30 -30 -30 -31 -32 -32 -31 -31 -31 -31 -31 -30 -30 -30 -28 -28 -27 -28 -27 -27 -26 -25 -25 -25 -25 -26 -26 -27 -27 -27 -28 -28 -28 -28 -28 -26 -26 -25 -23 -23 -23 -23 -22 -22 -22 -22 -22 -21 -21 -21 -21 -20 -21 -21 -21 -21 -21 -21 -21 -21 -21 -21 -20 -20 -20 -21 -21 -22 -25 -27 -27 -28 -30 -30 -32 -34 -34 -34 -35 -35 -35 -35 -35 -34 -34 -32 -32 -32 -32 -32 -32 -34 -36 -37 -37 -39 -45 -45 -46 -47 -47 -47 -49 -47 -47 -47 -46 -46 -45 -45 -44 -44 -44 -44 -44 -44 -44 -44 -44 -42 -42 -42 -44 -42 -42 -42 -41 -41 -41 -40 -37 -37 -37 -36 -34 -34 -32 -32 -32 -32 -31 -31 -31 -31 -30 -30 -30 -28 -28 -28 -28 -27 -27 -28 -28 -28 -28 -30 -30 -30 -30 -31 -31 -31 -28 -28 -28 -28 -28 -28
-1 -1 -1 -1 -1 -1 -1 -1 -1 -1 -1 -1 -1 -1 -1 -1 -1 -1 -1 -1 -1 -1 -1 -1 -1 -1 -1 -1 -1 -1 -1 -1 -1 -1 -1 -1 -1 -1 -1 -1 -1 -1 -1 -1 -1 -1 -1 -1 -1 -1 -1 -1 -1 -1 -1 -1 -1 -1 -1 -1 -1 -1 -1 -1 -1 -1 -1 -1 91 100 100 96 91 91 0 10 10 43 44 41 41 39 42 42 42 37 36 36 31 25 25 21 15 15 12 14 20 20 25 33 33 33 32 26 26 16 6 6 0 0 0 0 0 0 0 0 0 0 0 0 13 13 20 4 4 30 72 111 111 117 108 108 110 100 100 94 -1 -1 -1 -1 -1 -1 -1 -1 -1 -1 -1 -1 -1 -1 -1 -1 -1 -1 -1 -1 -1 -1 -1 -1 -1 -1 -1 -1 -1 -1 -1 -2 -2 -3 -2 -3 -3 -3 -4 -4 -4 -3 -3 -3 -3 -3 -3 -3 -3 -4 -4 -4 -6 -6 -6 -6 -6 -7 -7 -8 -8 -9 -11 -11 -11 -11 -11 -11 -11 -11 -11 -12 -12 -12 -12 -12 -11 -11 -11 -11 -11 -13 -13 -13 -13 -13 -13 -13 -13 -13 -13 -13 -13 -12 -12 -12 -12 -12 -11 -11 -11 -11 -11 -11 -11 -9 -9 -9 -9 -9 -9 -9 -9 -9 -9 -9 -9 -9 -9 -9 -9 -9 -9 -9 -8 -8 -8 -8 -8 -8 -8 -8 -8 -8 -8 -8 -8 -8 -8 -8 -8 -8 -8 -8 -7 -7 -7 -7 -7 -7 -7 -7 -7 -7 -7 -7 -7 -7 -7 -7 -7 -7 -7 -7 -7 -7 -7 -7 -7 -7 -7 -7 -7 -7 -7 -8 -8 -8 -9 -9 -12 -12 -13 -13 -13 -14 -14 -13 -14 -14 -14 -16 -18 -18 -20 -22 -22 -23 -23 -25 -25 -27 -27 -27 -27 -28 -28 -30 -30 -31 -31 -32 -31 -31 -31 -31 -31 -31 -30 -30 -30 -28 -27 -28 -28 -27 -26 -26 -25 -25 -25 -25 -26 -27 -27 -27 -28 -28 -28 -28 -28 -28 -26 -25 -25 -23 -23 -23 -23 -22 -22 -22 -22 -21 -21 -21 -21 -20 -20 -21 -21 -21 -21 -21 -21 -21 -21 -21 -21 -20 -20 -20 -21 -22 -25 -25 -27 -28 -28 -30 -32 -34 -34 -34 -35 -35 -35 -35 -35 -35 -34 -32 -32 -32 -32 -32 -32 -34 -36 -36 -37 -39 -39 -45 -46 -46 -47 -47 -49 -49 -47 -47 -47 -46 -45 -45 -45 -44 -44 -44 -44 -44 -44 -44 -44 -42 -42 -42 -44 -44 -42 -42 -41 -41 -41 -40 -40 -37 -37 -36 -36 -34 -32 -32 -32 -32 -32 -31 -31 -31 -31 -30 -30 -30 -28 -28 -28 -28 -27 -28 -28 -28 -28 -28 -30 -30 -30 -30 -31 -31 -31 -28 -28 -28 -28 -28
-1 -1 -1 -1 -1 -1 -1 -1 -1 -1 -1 -1 -1 -1 -1 -1 -1 -1 -1 -1 -1 -1 -1 -1 -1 -1 -1 -1 -1 -1 -1 -1 -1 -1 -1 -1 -1 -1 -1 -1 -1 -1 -1 -1 -1 -1 -1 -1 -1 -1 -1 -1 -1 -1 -1 -1 -1 -1 -1 -1 -1 -1 -1 -1 -1 88 91 91 94 104 105 105 37 0 0 25 44 35 35 30 36 36 41 37 37 31 27 20 20 16 18 18 14 13 18 18 22 22 22 36 36 36 32 25 9 9 0 0 0 0 0 0 0 0 0 0 0 0 7 7 24 20 20 14 56 56 108 118 113 113 106 100 100 95 90 -1 -1 -1 -1 -1 -1 -1 -1 -1 -1 -1 -1 -1 -1 -1 -1 -1 -1 -1 -1 -1 -1 -1 -1 -1 -1 -1 -1 -1 -1 -1 -1 -1 -2 -2 -2 -3 -4 -4 -4 -4 -6 -6 -4 -4 -4 -4 -4 -4 -4 -4 -6 -6 -6 -6 -6 -6 -7 -7 -7 -9 -11 -11 -9 -9 -9 -11 -11 -11 -11 -11 -12 -12 -12 -12 -12 -12 -11 -11 -11 -12 -12 -12 -12 -12 -12 -12 -12 -13 -13 -13 -13 -12 -12 -12 -12 -12 -11 -11 -11 -11 -11 -11 -11 -11 -9 -9 -9 -9 -9 -9 -9 -9 -9 -9 -9 -8 -8 -9 -9 -9 -9 -9 -9 -9 -8 -8 -8 -8 -8 -8 -8 -8 -8 -8 -8 -8 -8 -8 -8 -8 -8 -8 -8 -8 -7 -7 -7 -7 -7 -7 -7 -7 -7 -7 -7 -7 -7 -7 -7 -7 -7 -7 -7 -7 -7 -7 -7 -7 -7 -7 -7 -7 -7 -7 -7 -8 -8 -8 -9 -12 -12 -12 -13 -14 -14 -14 -14 -14 -14 -16 -17 -17 -20 -22 -22 -23 -25 -25 -25 -25 -28 -28 -28 -28 -28 -30 -30 -31 -31 -32 -32 -32 -31 -31 -31 -31 -31 -30 -30 -28 -27 -27 -27 -27 -26 -26 -26 -25 -25 -25 -26 -26 -26 -27 -27 -27 -28 -28 -28 -28 -27 -25 -25 -23 -22 -22 -22 -22 -21 -21 -22 -21 -21 -21 -18 -18 -18 -17 -17 -17 -17 -17 -17 -18 -18 -18 -18 -18 -21 -21 -22 -23 -23 -26 -28 -31 -31 -32 -34 -34 -36 -36 -37 -37 -37 -36 -36 -36 -36 -36 -36 -34 -34 -34 -34 -35 -35 -36 -39 -40 -40 -41 -47 -47 -47 -49 -50 -50 -50 -50 -50 -49 -47 -47 -46 -46 -45 -45 -45 -45 -45 -45 -45 -45 -45 -45 -45 -45 -45 -45 -45 -44 -42 -41 -41 -41 -39 -39 -37 -36 -35 -35 -34 -32 -32 -32 -32 -31 -31 -31 -31 -31 -30 -30 -30 -28 -28 -28 -28 -28 -28 -28 -28 -28 -28 -28 -28 -28 -28 -28 -28 -28 -28 -28 -28 -28
-1 -1 -1 -1 -1 -1 -1 -1 -1 -1 -1 -1 -1 -1 -1 -1 -1 -1 -1 -1 -1 -1 -1 -1 -1 -1 -1 -1 -1 -1 -1 -1 -1 -1 -1 -1 -1 -1 -1 -1 -1 -1 -1 -1 -1 -1 -1 -1 -1 -1 -1 -1 -1 -1 -1 -1 -1 -1 -1 -1 -1 -1 -1 -1 -1 88 88 91 94 104 104 105 37 37 0 25 25 44 35 30 30 36 41 41 37 31 27 27 20 16 16 18 14 14 13 18 22 22 22 36 36 36 32 25 25 9 0 0 0 0 0 0 0 0 0 0 0 0 0 7 24 24 20 14 14 56 108 118 118 113 106 106 100 95 95 90 -1 -1 -1 -1 -1 -1 -1 -1 -1 -1 -1 -1 -1 -1 -1 -1 -1 -1 -1 -1 -1 -1 -1 -1 -1 -1 -1 -1 -1 -1 -1 -1 -1 -2 -2 -3 -3 -4 -4 -4 -4 -6 -4 -4 -4 -4 -4 -4 -4 -4 -4 -6 -6 -6 -6 -6 -6 -7 -7 -9 -9 -11 -9 -9 -9 -11 -11 -11 -11 -11 -11 -12 -12 -12 -12 -12 -11 -11 -11 -12 -12 -12 -12 -12 -12 -12 -12 -12 -13 -13 -13 -13 -12 -12 -12 -12 -11 -11 -11 -11 -11 -11 -11 -11 -11 -9 -9 -9 -9 -9 -9 -9 -9 -9 -9 -9 -8 -9 -9 -9 -9 -9 -9 -9 -8 -8 -8 -8 -8 -8 -8 -8 -8 -8 -8 -8 -8 -8 -8 -8 -8 -8 -8 -8 -7 -7 -7 -7 -7 -7 -7 -7 -7 -7 -7 -7 -7 -7 -7 -7 -7 -7 -7 -7 -7 -7 -7 -7 -7 -7 -7 -7 -7 -7 -7 -8 -8 -8 -9 -9 -12 -12 -13 -13 -14 -14 -14 -14 -14 -14 -16 -17 -20 -20 -22 -23 -23 -25 -25 -25 -25 -28 -28 -28 -28 -30 -30 -30 -31 -32 -32 -32 -31 -31 -31 -31 -31 -31 -30 -28 -28 -27 -27 -27 -27 -26 -26 -26 -25 -25 -25 -26 -26 -27 -27 -27 -28 -28 -28 -28 -27 -27 -25 -23 -23 -22 -22 -22 -22 -21 -22 -22 -21 -21 -21 -18 -18 -17 -17 -17 -17 -17 -17 -18 -18 -18 -18 -18 -18 -21 -22 -22 -23 -26 -28 -28 -31 -32 -32 -34 -36 -36 -36 -37 -37 -37 -36 -36 -36 -36 -36 -34 -34 -34 -34 -34 -35 -36 -39 -39 -40 -41 -41 -47 -47 -47 -49 -50 -50 -50 -50 -49 -49 -47 -46 -46 -46 -45 -45 -45 -45 -45 -45 -45 -45 -45 -45 -45 -45 -45 -45 -44 -42 -42 -41 -41 -41 -39 -37 -36 -36 -35 -34 -34 -32 -32 -32 -32 -31 -31 -31 -31 -30 -30 -30 -28 -28 -28 -28 -28 -28 -28 -28 -28 -28 -28 -28 -28 -28 -28 -28 -28 -28 -28 -28 -28
-1 -1 -1 -1 -1 -1 -1 -1 -1 -1 -1 -1 -1 -1 -1 -1 -1 -1 -1 -1 -1 -1 -1 -1 -1 -1 -1 -1 -1 -1 -1 -1 -1 -1 -1 -1 -1 -1 -1 -1 -1 -1 -1 -1 -1 -1 -1 -1 -1 -1 -1 -1 -1 -1 -1 -1 -1 -1 -1 -1 -1 -1 -1 -1 -1 90 100 100 97 106 106 106 0 35 35 38 37 37 37 35 36 36 36 32 32 22 18 10 10 7 8 8 10 12 18 18 21 20 20 33 29 29 21 10 2 2 0 0 0 0 0 0 0 0 0 0 0 0 18 18 37 25 25 22 65 65 104 114 116 116 105 93 93 93 -1 -1 -1 -1 -1 -1 -1 -1 -1 -1 -1 -1 -1 -1 -1 -1 -1 -1 -1 -1 -1 -1 -1 -1 -1 -1 -1 -1 -1 -1 -1 -1 -1 -1 -2 -2 -2 -3 -4 -4 -4 -6 -6 -6 -6 -4 -4 -4 -4 -4 -4 -6 -7 -7 -7 -6 -6 -6 -7 -7 -7 -9 -9 -9 -9 -11 -11 -11 -11 -11 -11 -11 -11 -11 -12 -12 -12 -12 -12 -12 -12 -12 -12 -12 -12 -12 -12 -12 -12 -13 -13 -12 -12 -12 -12 -12 -12 -12 -11 -11 -11 -11 -11 -11 -11 -11 -9 -9 -9 -9 -9 -9 -9 -9 -9 -9 -8 -8 -8 -9 -9 -9 -9 -9 -9 -9 -8 -8 -8 -8 -8 -8 -8 -8 -8 -8 -8 -8 -8 -8 -8 -8 -8 -8 -8 -8 -7 -7 -7 -7 -7 -7 -7 -7 -7 -7 -7 -7 -7 -7 -7 -7 -7 -7 -7 -7 -7 -7 -7 -7 -7 -7 -7 -7 -7 -7 -7 -8 -8 -8 -9 -11 -11 -12 -13 -14 -14 -16 -14 -14 -16 -18 -20 -20 -21 -23 -23 -25 -25 -25 -25 -25 -27 -27 -27 -27 -27 -28 -28 -30 -30 -30 -30 -30 -30 -30 -30 -30 -30 -28 -28 -27 -26 -26 -26 -26 -26 -26 -26 -26 -26 -26 -27 -27 -27 -27 -27 -27 -27 -27 -27 -26 -25 -23 -23 -22 -21 -21 -21 -21 -21 -21 -21 -21 -21 -18 -20 -20 -20 -18 -18 -18 -17 -17 -17 -18 -18 -20 -20 -21 -22 -22 -23 -27 -27 -31 -34 -36 -36 -36 -37 -37 -39 -39 -39 -39 -39 -39 -39 -39 -39 -37 -37 -36 -36 -36 -36 -37 -37 -39 -41 -44 -44 -45 -50 -50 -51 -51 -53 -53 -53 -51 -51 -50 -50 -50 -49 -47 -47 -47 -46 -46 -46 -46 -47 -47 -47 -47 -47 -47 -47 -46 -46 -45 -44 -42 -42 -42 -41 -41 -40 -37 -36 -36 -35 -34 -34 -34 -34 -34 -34 -32 -32 -32 -31 -31 -31 -30 -30 -30 -30 -30 -30 -30 -28 -28 -28 -28 -28 -27 -27 -27 -30 -30 -30 -30 -30 -30
-1 -1 -1 -1 -1 -1 -1 -1 -1 -1 -1 -1 -1 -1 -1 -1 -1 -1 -1 -1 -1 -1 -1 -1 -1 -1 -1 -1 -1 -1 -1 -1 -1 -1 -1 -1 -1 -1 -1 -1 -1 -1 -1 -1 -1 -1 -1 -1 -1 -1 -1 -1 -1 -1 -1 -1 -1 -1 -1 -1 -1 -1 -1 -1 -1 90 90 104 100 107 107 82 0 0 53 39 39 41 30 29 29 35 36 36 29 20 10 10 4 2 2 4 8 8 9 15 18 18 16 27 27 20 9 0 0 0 0 0 0 0 0 0 0 0 0 0 1 1 7 25 45 45 37 15 15 68 106 119 119 108 104 104 -1 91 91 -1 -1 -1 -1 -1 -1 -1 -1 -1 -1 -1 -1 -1 -1 -1 -1 -1 -1 -1 -1 -1 -1 -1 -1 -1 -1 -1 -1 -1 -1 -1 -1 -1 -1 -1 -2 -3 -3 -4 -6 -6 -6 -4 -6 -6 -6 -4 -4 -4 -6 -6 -6 -7 -7 -7 -6 -6 -6 -7 -8 -8 -8 -9 -9 -9 -11 -11 -11 -11 -11 -11 -11 -11 -11 -11 -11 -11 -12 -12 -12 -12 -12 -12 -12 -12 -12 -12 -12 -12 -12 -12 -12 -12 -12 -12 -12 -11 -11 -11 -11 -11 -11 -11 -11 -11 -11 -9 -9 -9 -9 -9 -9 -9 -9 -8 -8 -8 -8 -9 -9 -9 -9 -9 -9 -9 -8 -8 -8 -8 -8 -8 -8 -8 -8 -8 -8 -8 -8 -8 -8 -8 -8 -8 -8 -8 -7 -7 -7 -7 -7 -7 -7 -7 -7 -7 -7 -7 -7 -7 -7 -7 -7 -7 -7 -7 -7 -7 -7 -7 -7 -7 -7 -7 -7 -7 -7 -8 -8 -8 -9 -9 -11 -12 -13 -13 -14 -16 -16 -14 -16 -16 -18 -20 -22 -22 -23 -25 -25 -26 -25 -25 -25 -27 -27 -27 -27 -28 -28 -28 -28 -30 -30 -30 -28 -28 -28 -28 -28 -28 -28 -27 -27 -26 -26 -25 -25 -25 -26 -26 -26 -27 -27 -27 -27 -27 -27 -27 -27 -27 -26 -26 -25 -25 -22 -21 -21 -21 -21 -21 -20 -21 -20 -20 -20 -20 -20 -20 -20 -21 -21 -21 -20 -20 -20 -20 -20 -21 -22 -23 -23 -23 -26 -26 -30 -34 -36 -36 -39 -39 -39 -39 -39 -39 -39 -39 -39 -39 -40 -40 -40 -40 -40 -39 -39 -39 -39 -39 -40 -41 -44 -44 -46 -47 -47 -53 -53 -53 -54 -54 -54 -54 -54 -53 -53 -51 -50 -50 -50 -49 -49 -49 -49 -49 -49 -49 -49 -49 -49 -49 -49 -49 -47 -47 -46 -46 -45 -44 -44 -42 -41 -40 -40 -37 -36 -36 -35 -35 -35 -36 -35 -35 -35 -34 -34 -34 -32 -32 -31 -31 -31 -31 -31 -30 -30 -30 -30 -28 -28 -28 -27 -27 -27 -31 -31 -31 -31 -31
-1 -1 -1 -1 -1 -1 -1 -1 -1 -1 -1 -1 -1 -1 -1 -1 -1 -1 -1 -1 -1 -1 -1 -1 -1 -1 -1 -1 -1 -1 -1 -1 -1 -1 -1 -1 -1 -1 -1 -1 -1 -1 -1 -1 -1 -1 -1 -1 -1 -1 -1 -1 -1 -1 -1 -1 -1 -1 -1 -1 -1 -1 -1 -1 -1 90 104 104 100 107 82 82 0 53 53 39 41 30 30 29 35 35 36 29 29 20 10 4 4 2 4 4 8 9 15 15 18 16 16 27 20 20 9 0 0 0 0 0 0 0 0 0 0 0 0 0 1 7 25 25 45 37 37 15 68 68 106 119 108 108 104 -1 -1 91 -1 -1 -1 -1 -1 -1 -1 -1 -1 -1 -1 -1 -1 -1 -1 -1 -1 -1 -1 -1 -1 -1 -1 -1 -1 -1 -1 -1 -1 -1 -1 -1 -1 -1 -1 -2 -2 -3 -4 -4 -6 -6 -4 -4 -6 -6 -6 -4 -4 -4 -6 -6 -7 -7 -7 -6 -6 -6 -7 -8 -8 -8 -9 -9 -9 -11 -11 -11 -11 -11 -11 -11 -11 -11 -11 -11 -11 -11 -12 -12 -12 -12 -12 -12 -12 -12 -12 -12 -12 -12 -12 -12 -12 -12 -12 -12 -11 -11 -11 -11 -11 -11 -11 -11 -11 -11 -9 -9 -9 -9 -9 -9 -9 -9 -9 -8 -8 -8 -8 -9 -9 -9 -9 -9 -9 -9 -8 -8 -8 -8 -8 -8 -8 -8 -8 -8 -8 -8 -8 -8 -8 -8 -8 -8 -8 -8 -7 -7 -7 -7 -7 -7 -7 -7 -7 -7 -7 -7 -7 -7 -7 -7 -7 -7 -7 -7 -7 -7 -7 -7 -7 -7 -7 -7 -7 -7 -7 -8 -8 -8 -9 -11 -11 -12 -13 -14 -14 -16 -14 -14 -16 -18 -20 -20 -22 -23 -23 -25 -26 -26 -25 -25 -27 -27 -27 -27 -27 -28 -28 -28 -28 -30 -30 -30 -28 -28 -28 -28 -28 -28 -28 -27 -26 -26 -26 -25 -25 -25 -26 -26 -26 -27 -27 -27 -27 -27 -27 -27 -27 -26 -26 -26 -25 -22 -22 -21 -21 -21 -21 -20 -21 -21 -20 -20 -20 -20 -20 -20 -20 -21 -21 -21 -20 -20 -20 -20 -21 -22 -22 -23 -23 -23 -26 -30 -30 -34 -36 -39 -39 -39 -39 -39 -39 -39 -39 -39 -39 -40 -40 -40 -40 -40 -40 -39 -39 -39 -39 -40 -40 -41 -44 -46 -46 -47 -53 -53 -53 -54 -54 -54 -54 -54 -54 -53 -51 -51 -50 -50 -49 -49 -49 -49 -49 -49 -49 -49 -49 -49 -49 -49 -49 -47 -47 -47 -46 -45 -45 -44 -42 -42 -41 -40 -37 -37 -36 -35 -35 -35 -36 -35 -35 -35 -34 -34 -34 -32 -32 -32 -31 -31 -31 -31 -30 -30 -30 -30 -28 -28 -28 -27 -27 -27 -31 -31 -31 -31 -31 -31
-1 -1 -1 -1 -1 -1 -1 -1 -1 -1 -1 -1 -1 -1 -1 -1 -1 -1 -1 -1 -1 -1 -1 -1 -1 -1 -1 -1 -1 -1 -1 -1 -1 -1 -1 -1 -1 -1 -1 -1 -1 -1 -1 -1 -1 -1 -1 -1 -1 -1 -1 -1 -1 -1 -1 -1 -1 -1 -1 -1 -1 -1 -1 -1 -1 -1 -1 104 108 107 107 56 -100 -100 49 42 42 31 32 32 32 33 33 33 36 18 14 14 7 8 8 13 12 12 14 20 15 15 13 20 20 7 3 0 0 0 6 6 6 0 0 0 0 0 0 0 0 0 15 36 42 42 36 20 20 59 117 108 108 110 101 101 95 -1 -1 -1 -1 -1 -1 -1 -1 -1 -1 -1 -1 -1 -1 -1 -1 -1 -1 -1 -1 -1 -1 -1 -1 -1 -1 -1 -1 -1 -1 -1 -2 -2 -3 -2 -2 -2 -3 -3 -3 -3 -4 -4 -4 -4 -6 -6 -4 -4 -4 -3 -4 -4 -4 -6 -7 -7 -8 -8 -8 -8 -8 -8 -8 -9 -9 -9 -9 -9 -9 -9 -9 -11 -11 -11 -11 -11 -11 -11 -12 -12 -12 -12 -12 -12 -12 -12 -12 -12 -12 -12 -9 -11 -11 -11 -11 -11 -11 -11 -11 -11 -9 -11 -9 -9 -9 -8 -8 -8 -8 -8 -8 -8 -7 -7 -7 -7 -7 -7 -7 -7 -7 -7 -7 -7 -7 -7 -7 -7 -7 -7 -7 -7 -7 -7 -7 -7 -7 -7 -7 -8 -8 -8 -7 -7 -7 -7 -7 -7 -7 -7 -7 -7 -7 -7 -7 -7 -7 -7 -7 -7 -7 -7 -7 -7 -7 -7 -6 -6 -6 -6 -6 -6 -6 -7 -7 -7 -8 -8 -8 -9 -11 -11 -9 -11 -12 -12 -13 -14 -14 -16 -17 -17 -18 -20 -21 -21 -22 -23 -23 -25 -25 -25 -25 -26 -26 -26 -27 -27 -27 -27 -27 -27 -27 -27 -27 -27 -28 -28 -28 -28 -28 -27 -27 -27 -26 -27 -27 -27 -27 -27 -28 -28 -28 -28 -28 -30 -30 -27 -26 -26 -25 -23 -22 -22 -21 -21 -21 -21 -21 -21 -20 -18 -18 -18 -20 -20 -20 -20 -18 -20 -20 -21 -22 -22 -22 -22 -22 -22 -23 -23 -23 -26 -28 -28 -32 -36 -39 -39 -40 -40 -40 -40 -39 -39 -39 -37 -37 -37 -39 -40 -40 -41 -41 -40 -40 -40 -40 -40 -41 -42 -45 -45 -47 -49 -49 -54 -54 -54 -55 -56 -56 -56 -55 -55 -55 -54 -51 -50 -50 -49 -49 -49 -47 -49 -49 -50 -50 -49 -49 -49 -49 -49 -47 -46 -45 -45 -44 -44 -44 -42 -41 -40 -40 -39 -37 -37 -37 -37 -37 -37 -35 -36 -36 -36 -36 -36 -35 -34 -32 -32 -31 -30 -30 -30 -28 -28 -28 -28 -28 -28 -28 -30 -30 -31 -31 -31 -31 -32
-1 -1 -1 -1 -1 -1 -1 -1 -1 -1 -1 -1 -1 -1 -1 -1 -1 -1 -1 -1 -1 -1 -1 -1 -1 -1 -1 -1 -1 -1 -1 -1 -1 -1 -1 -1 -1 -1 -1 -1 -1 -1 -1 -1 -1 -1 -1 -1 -1 -1 -1 -1 -1 -1 -1 -1 -1 -1 -1 -1 -1 -1 -1 -1 -1 -1 104 104 108 107 56 56 -100 49 49 42 31 32 32 32 33 33 33 36 36 18 14 7 7 8 13 13 12 14 20 20 15 13 13 20 7 7 3 0 0 0 6 6 6 0 0 0 0 0 0 0 0 15 36 36 42 36 36 20 59 59 117 108 110 110 101 95 95 -1 -1 -1 -1 -1 -1 -1 -1 -1 -1 -1 -1 -1 -1 -1 -1 -1 -1 -1 -1 -1 -1 -1 -1 -1 -1 -1 -1 -1 -1 -1 -2 -3 -3 -2 -2 -3 -3 -3 -3 -3 -4 -4 -4 -4 -6 -4 -4 -4 -3 -3 -4 -4 -6 -6 -7 -8 -8 -8 -8 -8 -8 -8 -9 -9 -9 -9 -9 -9 -9 -9 -9 -11 -11 -11 -11 -11 -11 -11 -12 -12 -12 -12 -12 -12 -12 -12 -12 -12 -12 -9 -9 -11 -11 -11 -11 -11 -11 -11 -11 -9 -11 -11 -9 -9 -9 -8 -8 -8 -8 -8 -8 -8 -7 -7 -7 -7 -7 -7 -7 -7 -7 -7 -7 -7 -7 -7 -7 -7 -7 -7 -7 -7 -7 -7 -7 -7 -7 -7 -7 -8 -8 -8 -7 -7 -7 -7 -7 -7 -7 -7 -7 -7 -7 -7 -7 -7 -7 -7 -7 -7 -7 -7 -7 -7 -7 -7 -6 -6 -6 -6 -6 -6 -6 -7 -7 -8 -8 -8 -9 -9 -11 -9 -9 -11 -12 -13 -13 -14 -16 -16 -17 -18 -20 -20 -21 -22 -22 -23 -25 -25 -25 -25 -26 -26 -26 -27 -27 -27 -27 -27 -27 -27 -27 -27 -27 -28 -28 -28 -28 -28 -28 -27 -27 -27 -26 -27 -27 -27 -27 -28 -28 -28 -28 -28 -28 -30 -27 -27 -26 -25 -25 -23 -22 -21 -21 -21 -21 -21 -21 -20 -18 -18 -18 -20 -20 -20 -20 -20 -18 -20 -21 -21 -22 -22 -22 -22 -22 -23 -23 -23 -26 -26 -28 -32 -32 -36 -39 -40 -40 -40 -40 -40 -39 -39 -37 -37 -37 -39 -39 -40 -41 -41 -41 -40 -40 -40 -40 -41 -41 -42 -45 -47 -47 -49 -54 -54 -54 -55 -56 -56 -56 -55 -55 -55 -54 -54 -51 -50 -49 -49 -49 -47 -47 -49 -50 -50 -50 -49 -49 -49 -49 -47 -47 -46 -45 -44 -44 -44 -42 -42 -41 -40 -39 -39 -37 -37 -37 -37 -37 -35 -35 -36 -36 -36 -36 -35 -35 -34 -32 -31 -31 -30 -30 -30 -28 -28 -28 -28 -28 -28 -28 -30 -31 -31 -31 -31 -32 -32
-1 -1 -1 -1 -1 -1 -1 -1 -1 -1 -1 -1 -1 -1 -1 -1 -1 -1 -1 -1 -1 -1 -1 -1 -1 -1 -1 -1 -1 -1 -1 -1 -1 -1 -1 -1 -1 -1 -1 -1 -1 -1 -1 -1 -1 -1 -1 -1 -1 -1 -1 -1 -1 -1 -1 -1 -1 -1 -1 -1 -1 -1 -1 -1 -1 -1 -1 102 111 104 104 0 22 22 38 45 45 30 22 26 26 26 30 30 31 15 12 12 7 4 4 13 13 13 13 14 8 8 8 10 10 8 1 0 0 7 12 12 7 6 6 0 0 0 0 0 3 3 12 29 43 43 42 19 19 50 106 119 119 105 106 106 94 -1 -1 -1 -1 -1 -1 -1 -1 -1 -1 -1 -1 -1 -1 -1 -1 -1 -1 -1 -1 -1 -1 -1 -1 -1 -1 -1 -1 -1 -1 -1 -2 -2 -3 -2 -2 -3 -3 -3 -3 -3 -4 -4 -4 -4 -4 -4 -4 -4 -4 -3 -4 -4 -4 -6 -7 -7 -8 -8 -8 -8 -8 -8 -8 -9 -9 -9 -9 -9 -9 -9 -9 -9 -9 -11 -11 -11 -11 -11 -12 -12 -12 -12 -12 -12 -12 -12 -12 -12 -12 -12 -11 -11 -11 -11 -11 -11 -11 -11 -9 -9 -9 -9 -9 -9 -8 -8 -8 -8 -8 -8 -8 -8 -7 -7 -7 -7 -7 -7 -7 -7 -7 -7 -7 -7 -7 -7 -7 -7 -7 -7 -7 -7 -7 -7 -7 -7 -7 -7 -7 -8 -8 -8 -7 -7 -7 -7 -7 -7 -7 -7 -7 -7 -7 -7 -7 -7 -7 -7 -7 -7 -7 -7 -7 -7 -7 -7 -6 -6 -6 -6 -6 -6 -7 -7 -7 -8 -8 -9 -9 -9 -11 -11 -11 -12 -13 -13 -14 -16 -16 -17 -18 -18 -20 -21 -21 -21 -22 -23 -23 -25 -25 -25 -25 -25 -25 -25 -26 -26 -26 -27 -27 -27 -27 -26 -26 -26 -26 -27 -27 -27 -27 -27 -27 -26 -26 -28 -28 -28 -28 -28 -28 -28 -28 -28 -28 -28 -28 -26 -26 -26 -25 -23 -22 -22 -21 -21 -21 -21 -21 -21 -20 -18 -18 -18 -20 -21 -21 -21 -20 -21 -21 -21 -23 -23 -23 -23 -23 -25 -27 -28 -28 -30 -32 -32 -36 -39 -41 -41 -42 -41 -41 -41 -39 -39 -39 -39 -39 -39 -40 -41 -41 -42 -42 -42 -42 -42 -42 -42 -44 -45 -47 -47 -50 -51 -51 -55 -55 -55 -56 -58 -58 -58 -56 -55 -55 -55 -51 -51 -51 -50 -49 -49 -49 -50 -50 -50 -51 -51 -51 -50 -50 -50 -49 -47 -46 -46 -45 -45 -45 -44 -42 -41 -41 -40 -40 -40 -40 -40 -40 -41 -40 -40 -40 -40 -40 -40 -39 -37 -36 -36 -35 -32 -32 -31 -31 -31 -31 -31 -31 -31 -31 -32 -32 -35 -35 -35 -35 -35
-1 -1 -1 -1 -1 -1 -1 -1 -1 -1 -1 -1 -1 -1 -1 -1 -1 -1 -1 -1 -1 -1 -1 -1 -1 -1 -1 -1 -1 -1 -1 -1 -1 -1 -1 -1 -1 -1 -1 -1 -1 -1 -1 -1 -1 -1 -1 -1 -1 -1 -1 -1 -1 -1 -1 -1 -1 -1 -1 -1 -1 -1 -1 -1 -1 99 101 101 107 91 0 0 44 18 18 20 30 25 25 21 30 30 37 31 31 21 7 1 1 0 9 9 14 12 7 7 0 3 3 14 15 15 4 0 0 0 4 10 10 21 14 3 3 0 0 0 6 9 22 22 42 49 49 15 41 41 105 113 113 113 112 97 97 96 -1 -1 -1 -1 -1 -1 -1 -1 -1 -1 -1 -1 -1 -1 -1 -1 -1 -1 -1 -1 -1 -1 -1 -1 -1 -1 -1 -1 -2 -2 -3 -4 -4 -3 -3 -3 -3 -4 -4 -4 -4 -4 -4 -4 -4 -4 -4 -4 -3 -3 -4 -4 -6 -6 -7 -8 -8 -8 -8 -8 -8 -8 -8 -8 -9 -9 -9 -9 -9 -9 -9 -9 -9 -9 -11 -11 -11 -11 -12 -12 -12 -12 -12 -12 -12 -11 -11 -11 -11 -11 -11 -11 -11 -11 -11 -11 -9 -9 -9 -9 -9 -9 -8 -8 -8 -8 -8 -8 -8 -8 -8 -8 -7 -7 -7 -7 -7 -7 -7 -7 -7 -7 -7 -7 -7 -7 -7 -7 -7 -7 -7 -7 -7 -7 -7 -7 -7 -7 -7 -8 -8 -8 -7 -7 -7 -7 -7 -7 -7 -7 -7 -7 -7 -7 -7 -7 -7 -7 -7 -7 -7 -7 -7 -7 -7 -7 -6 -6 -6 -6 -6 -7 -7 -7 -8 -8 -8 -9 -9 -9 -12 -11 -11 -13 -14 -17 -17 -18 -20 -20 -20 -21 -22 -22 -22 -23 -23 -23 -23 -23 -23 -23 -22 -22 -23 -23 -23 -25 -25 -26 -26 -26 -26 -26 -25 -25 -25 -26 -26 -27 -27 -27 -26 -26 -26 -30 -28 -28 -28 -28 -28 -28 -27 -27 -27 -27 -26 -26 -25 -23 -23 -22 -21 -21 -21 -21 -21 -21 -21 -20 -18 -18 -20 -21 -21 -22 -23 -23 -23 -23 -25 -25 -25 -26 -26 -27 -28 -31 -31 -34 -35 -35 -37 -40 -40 -44 -45 -44 -44 -42 -41 -41 -40 -40 -40 -40 -40 -41 -41 -42 -44 -45 -45 -45 -45 -45 -46 -46 -46 -49 -51 -54 -54 -55 -56 -56 -58 -58 -59 -59 -59 -58 -58 -56 -56 -56 -53 -53 -51 -51 -51 -50 -50 -51 -51 -53 -53 -53 -53 -53 -51 -51 -51 -50 -49 -47 -47 -46 -45 -45 -44 -44 -44 -44 -44 -44 -44 -45 -45 -45 -45 -45 -45 -45 -44 -42 -42 -41 -40 -39 -39 -35 -35 -35 -35 -35 -35 -35 -35 -36 -36 -36 -40 -40 -40 -40 -40 -40
-1 -1 -1 -1 -1 -1 -1 -1 -1 -1 -1 -1 -1 -1 -1 -1 -1 -1 -1 -1 -1 -1 -1 -1 -1 -1 -1 -1 -1 -1 -1 -1 -1 -1 -1 -1 -1 -1 -1 -1 -1 -1 -1 -1 -1 -1 -1 -1 -1 -1 -1 -1 -1 -1 -1 -1 -1 -1 -1 -1 -1 -1 -1 -1 -1 99 99 101 107 91 91 0 44 44 18 20 20 30 25 21 21 30 37 37 31 21 7 7 1 0 0 9 14 14 12 7 0 0 3 14 14 15 4 0 0 0 4 4 10 21 21 14 3 0 0 0 6 6 9 22 42 42 49 15 15 41 105 113 113 113 112 112 97 96 96 -1 -1 -1 -1 -1 -1 -1 -1 -1 -1 -1 -1 -1 -1 -1 -1 -1 -1 -1 -1 -1 -1 -1 -1 -1 -1 -1 -1 -2 -3 -3 -4 -3 -3 -3 -3 -4 -4 -4 -4 -4 -4 -4 -4 -4 -4 -4 -4 -3 -4 -4 -4 -6 -7 -7 -8 -8 -8 -8 -8 -8 -8 -8 -9 -9 -9 -9 -9 -9 -9 -9 -9 -9 -11 -11 -11 -11 -12 -12 -12 -12 -12 -12 -12 -11 -11 -11 -11 -11 -11 -11 -11 -11 -11 -11 -11 -9 -9 -9 -9 -9 -8 -8 -8 -8 -8 -8 -8 -8 -8 -8 -7 -7 -7 -7 -7 -7 -7 -7 -7 -7 -7 -7 -7 -7 -7 -7 -7 -7 -7 -7 -7 -7 -7 -7 -7 -7 -7 -8 -8 -8 -7 -7 -7 -7 -7 -7 -7 -7 -7 -7 -7 -7 -7 -7 -7 -7 -7 -7 -7 -7 -7 -7 -7 -7 -6 -6 -6 -6 -6 -6 -7 -7 -7 -8 -8 -9 -9 -9 -12 -12 -11 -13 -14 -14 -17 -18 -18 -20 -20 -20 -21 -22 -22 -22 -23 -23 -23 -23 -23 -23 -23 -22 -23 -23 -23 -25 -25 -25 -26 -26 -26 -26 -25 -25 -25 -26 -26 -26 -27 -27 -27 -26 -26 -30 -30 -28 -28 -28 -28 -28 -28 -27 -27 -27 -27 -26 -25 -25 -23 -22 -21 -21 -21 -21 -21 -21 -21 -21 -20 -18 -20 -20 -21 -22 -22 -23 -23 -23 -23 -25 -25 -25 -26 -27 -27 -28 -31 -34 -34 -35 -37 -37 -40 -44 -45 -45 -44 -42 -42 -41 -40 -40 -40 -40 -40 -40 -41 -42 -42 -44 -45 -45 -45 -45 -46 -46 -46 -49 -51 -51 -54 -55 -55 -56 -58 -58 -58 -59 -59 -59 -58 -56 -56 -56 -53 -53 -53 -51 -51 -51 -50 -51 -51 -51 -53 -53 -53 -53 -51 -51 -51 -50 -49 -49 -47 -46 -46 -45 -44 -44 -44 -44 -44 -44 -44 -45 -45 -45 -45 -45 -45 -45 -44 -44 -42 -41 -40 -40 -39 -35 -35 -35 -35 -35 -35 -35 -35 -35 -36 -36 -36 -40 -40 -40 -40 -40
-1 -1 -1 -1 -1 -1 -1 -1 -1 -1 -1 -1 -1 -1 -1 -1 -1 -1 -1 -1 -1 -1 -1 -1 -1 -1 -1 -1 -1 -1 -1 -1 -1 -1 -1 -1 -1 -1 -1 -1 -1 -1 -1 -1 -1 -1 -1 -1 -1 -1 -1 -1 -1 -1 -1 -1 -1 -1 -1 -1 -1 -1 -1 95 95 97 100 100 106 21 4 4 35 13 13 12 21 22 22 43 31 31 31 26 26 24 8 0 0 0 1 1 9 9 1 1 0 1 1 18 16 16 8 4 8 8 24 37 37 35 25 9 9 0 0 0 0 0 18 18 35 47 47 21 -60 -60 55 106 112 112 113 112 112 101 96 90 90 -1 -1 -1 -1 -1 -1 -1 -1 -1 -1 -1 -1 -1 -1 -1 -1 -1 -1 -1 -1 -1 -1 -1 -2 -2 -2 -2 -4 -6 -6 -4 -4 -4 -4 -4 -4 -4 -4 -4 -4 -4 -4 -4 -4 -4 -4 -4 -4 -4 -6 -6 -7 -7 -7 -8 -8 -8 -8 -8 -8 -8 -9 -9 -9 -9 -9 -9 -9 -9 -9 -9 -9 -9 -9 -9 -12 -12 -12 -11 -11 -11 -11 -11 -11 -11 -11 -11 -11 -11 -11 -11 -11 -9 -9 -9 -9 -9 -8 -8 -8 -8 -8 -8 -8 -8 -8 -8 -8 -8 -7 -7 -7 -7 -7 -7 -7 -7 -7 -7 -7 -7 -7 -7 -7 -7 -7 -7 -7 -7 -7 -7 -7 -7 -7 -7 -7 -8 -8 -8 -7 -7 -7 -7 -7 -7 -7 -7 -7 -7 -7 -7 -7 -7 -7 -7 -7 -7 -7 -7 -7 -7 -7 -7 -6 -6 -7 -7 -7 -7 -7 -8 -8 -9 -9 -9 -9 -9 -12 -12 -12 -14 -17 -18 -18 -20 -21 -21 -22 -23 -23 -23 -23 -25 -25 -23 -23 -23 -23 -22 -21 -21 -21 -22 -22 -22 -23 -25 -25 -25 -26 -26 -25 -25 -25 -26 -27 -27 -27 -27 -27 -27 -27 -30 -30 -30 -28 -28 -28 -27 -26 -26 -26 -26 -25 -25 -23 -23 -23 -22 -21 -21 -21 -21 -21 -21 -21 -21 -21 -21 -22 -23 -23 -26 -27 -27 -28 -26 -27 -27 -28 -28 -28 -31 -32 -36 -36 -39 -39 -39 -41 -44 -44 -46 -46 -45 -45 -42 -41 -41 -39 -40 -40 -40 -41 -42 -42 -44 -45 -46 -46 -47 -47 -47 -47 -49 -49 -51 -54 -55 -55 -56 -58 -58 -59 -59 -59 -59 -59 -59 -59 -58 -58 -58 -54 -54 -53 -53 -53 -53 -53 -53 -53 -53 -53 -53 -53 -53 -53 -51 -51 -50 -49 -47 -47 -47 -46 -46 -46 -46 -46 -46 -47 -49 -49 -50 -50 -49 -49 -47 -47 -47 -46 -45 -45 -44 -42 -41 -41 -39 -39 -39 -39 -39 -40 -40 -40 -41 -41 -41 -44 -44 -44 -44 -44 -44
-1 -1 -1 -1 -1 -1 -1 -1 -1 -1 -1 -1 -1 -1 -1 -1 -1 -1 -1 -1 -1 -1 -1 -1 -1 -1 -1 -1 -1 -1 -1 -1 -1 -1 -1 -1 -1 -1 -1 -1 -1 -1 -1 -1 -1 -1 -1 -1 -1 -1 -1 -1 -1 -1 -1 -1 -1 -1 -1 -1 -1 -1 -1 -1 96 100 100 96 94 0 0 59 27 27 13 14 14 24 39 38 38 37 27 27 19 10 2 2 0 0 0 0 6 6 6 0 0 0 0 14 14 21 14 7 7 10 32 32 54 53 53 30 8 0 0 0 0 0 0 16 27 27 41 47 47 10 -115 87 87 116 108 108 113 107 107 102 94 90 90 -1 -1 -1 -1 -1 -1 -1 -1 -1 -1 -1 -1 -1 -1 -1 -1 -1 -1 -1 -1 -2 -2 -2 -2 -3 -3 -3 -4 -7 -7 -7 -7 -7 -7 -7 -6 -6 -6 -6 -4 -4 -4 -4 -4 -4 -4 -6 -6 -6 -7 -7 -7 -7 -7 -8 -8 -8 -8 -8 -8 -8 -9 -9 -9 -9 -9 -9 -9 -9 -9 -9 -9 -9 -11 -11 -11 -11 -11 -11 -11 -11 -11 -9 -9 -9 -11 -11 -11 -11 -11 -9 -9 -9 -9 -9 -9 -8 -8 -8 -8 -8 -8 -8 -8 -8 -8 -8 -7 -7 -7 -7 -7 -7 -7 -7 -7 -7 -7 -7 -7 -7 -7 -7 -7 -7 -7 -7 -7 -7 -7 -7 -7 -7 -7 -8 -8 -8 -7 -7 -7 -7 -7 -7 -7 -7 -7 -7 -7 -7 -7 -7 -7 -7 -7 -7 -7 -7 -7 -7 -7 -7 -6 -6 -6 -7 -7 -7 -8 -8 -8 -9 -9 -11 -11 -11 -13 -13 -13 -16 -18 -18 -20 -22 -22 -23 -23 -23 -23 -23 -25 -25 -25 -23 -23 -23 -22 -22 -22 -20 -20 -20 -21 -22 -22 -23 -25 -25 -25 -26 -25 -25 -26 -27 -27 -27 -28 -28 -28 -28 -28 -30 -30 -28 -28 -28 -27 -26 -26 -25 -25 -25 -25 -23 -22 -22 -22 -21 -21 -21 -21 -21 -21 -21 -21 -21 -21 -22 -23 -23 -25 -27 -27 -28 -30 -30 -30 -30 -31 -31 -32 -34 -34 -36 -40 -41 -41 -41 -42 -42 -44 -45 -45 -45 -44 -42 -42 -40 -39 -39 -39 -40 -42 -42 -44 -45 -45 -46 -47 -49 -49 -49 -50 -50 -51 -53 -54 -54 -56 -56 -56 -59 -59 -59 -60 -60 -60 -60 -59 -59 -59 -58 -55 -55 -55 -54 -53 -53 -53 -53 -53 -53 -53 -53 -53 -53 -51 -51 -50 -49 -49 -49 -47 -47 -47 -47 -47 -49 -49 -49 -50 -50 -51 -53 -53 -53 -51 -51 -51 -50 -50 -50 -49 -47 -46 -46 -45 -44 -44 -44 -44 -44 -44 -44 -45 -45 -46 -46 -46 -47 -47 -46 -46 -46
-1 -1 -1 -1 -1 -1 -1 -1 -1 -1 -1 -1 -1 -1 -1 -1 -1 -1 -1 -1 -1 -1 -1 -1 -1 -1 -1 -1 -1 -1 -1 -1 -1 -1 -1 -1 -1 -1 -1 -1 -1 -1 -1 -1 -1 -1 -1 -1 -1 -1 -1 -1 -1 -1 -1 -1 -1 -1 -1 -1 -1 -1 -1 96 96 100 96 96 94 0 59 59 27 13 13 14 24 39 39 38 37 37 27 19 19 10 2 0 0 0 0 0 6 6 0 0 0 0 0 14 21 21 14 7 10 10 32 54 54 53 30 8 8 0 0 0 0 0 16 16 27 41 41 47 10 10 -115 87 116 116 108 113 113 107 102 94 94 90 -1 -1 -1 -1 -1 -1 -1 -1 -1 -1 -1 -1 -1 -1 -1 -1 -1 -1 -1 -1 -2 -2 -2 -2 -3 -3 -3 -4 -4 -7 -7 -7 -7 -7 -7 -7 -6 -6 -6 -6 -4 -4 -4 -4 -4 -4 -4 -6 -6 -6 -7 -7 -7 -7 -8 -8 -8 -8 -8 -8 -8 -9 -9 -9 -9 -9 -9 -9 -9 -9 -9 -9 -9 -9 -11 -11 -11 -11 -11 -11 -11 -11 -9 -9 -9 -11 -11 -11 -11 -11 -11 -9 -9 -9 -9 -9 -8 -8 -8 -8 -8 -8 -8 -8 -8 -8 -8 -8 -7 -7 -7 -7 -7 -7 -7 -7 -7 -7 -7 -7 -7 -7 -7 -7 -7 -7 -7 -7 -7 -7 -7 -7 -7 -7 -7 -8 -8 -8 -7 -7 -7 -7 -7 -7 -7 -7 -7 -7 -7 -7 -7 -7 -7 -7 -7 -7 -7 -7 -7 -7 -7 -7 -6 -6 -7 -7 -7 -8 -8 -8 -9 -9 -9 -11 -11 -11 -13 -13 -13 -16 -18 -20 -20 -22 -23 -23 -23 -23 -23 -23 -25 -25 -25 -23 -23 -23 -22 -22 -20 -20 -20 -21 -21 -22 -23 -25 -25 -25 -26 -26 -25 -26 -26 -27 -27 -28 -28 -28 -28 -28 -28 -30 -28 -28 -28 -27 -27 -26 -25 -25 -25 -25 -23 -23 -22 -22 -22 -21 -21 -21 -21 -21 -21 -21 -21 -21 -22 -22 -23 -25 -25 -27 -28 -28 -30 -30 -30 -30 -31 -32 -32 -34 -36 -40 -40 -41 -41 -41 -42 -44 -44 -45 -45 -44 -44 -42 -40 -40 -39 -39 -40 -40 -42 -44 -44 -45 -46 -47 -47 -49 -49 -49 -50 -51 -51 -53 -54 -56 -56 -56 -59 -59 -59 -60 -60 -60 -60 -59 -59 -59 -58 -58 -55 -55 -54 -54 -53 -53 -53 -53 -53 -53 -53 -53 -53 -53 -51 -50 -50 -49 -49 -47 -47 -47 -47 -47 -47 -49 -49 -49 -50 -51 -51 -53 -53 -51 -51 -51 -50 -50 -50 -49 -49 -47 -46 -45 -45 -44 -44 -44 -44 -44 -44 -44 -45 -46 -46 -46 -47 -47 -47 -46 -46 -46
-1 -1 -1 -1 -1 -1 -1 -1 -1 -1 -1 -1 -1 -1 -1 -1 -1 -1 -1 -1 -1 -1 -1 -1 -1 -1 -1 -1 -1 -1 -1 -1 -1 -1 -1 -1 -1 -1 -1 -1 -1 -1 -1 -1 -1 -1 -1 -1 -1 -1 -1 -1 -1 -1 -1 -1 -1 -1 -1 -1 -1 -1 95 95 100 106 106 66 -53 8 8 67 25 25 19 16 16 25 0 0 0 0 18 18 25 9 3 3 0 0 0 0 2 2 4 0 0 0 0 10 10 26 18 12 12 19 37 37 55 54 54 31 9 0 0 0 0 0 2 24 24 24 32 45 45 59 50 0 0 71 117 117 107 113 113 106 100 95 95 -1 -1 -1 -1 -1 -1 -1 -1 -1 -1 -1 -1 -1 -1 -1 -1 -1 -1 -1 -1 -2 -3 -3 -3 -3 -4 -4 -6 -8 -8 -8 -8 -7 -7 -6 -6 -6 -6 -6 -6 -6 -6 -6 -6 -6 -6 -7 -7 -7 -7 -7 -7 -7 -7 -8 -8 -8 -8 -8 -8 -8 -8 -8 -8 -8 -8 -9 -9 -9 -9 -9 -9 -9 -11 -11 -11 -11 -11 -9 -9 -9 -9 -9 -9 -9 -11 -11 -11 -11 -9 -9 -9 -9 -9 -9 -9 -8 -8 -8 -8 -8 -8 -8 -8 -8 -8 -7 -7 -7 -7 -7 -7 -7 -7 -7 -7 -7 -7 -7 -7 -7 -7 -7 -7 -7 -7 -7 -7 -7 -7 -7 -7 -7 -7 -8 -8 -8 -7 -7 -7 -7 -7 -7 -7 -7 -7 -7 -7 -7 -7 -7 -7 -7 -7 -7 -7 -7 -7 -7 -7 -7 -6 -6 -6 -7 -8 -8 -8 -9 -9 -9 -11 -11 -11 -11 -14 -14 -14 -17 -20 -20 -21 -23 -23 -23 -23 -23 -23 -25 -25 -25 -23 -23 -23 -22 -21 -21 -21 -20 -20 -20 -21 -22 -22 -23 -25 -26 -26 -26 -26 -26 -27 -27 -28 -28 -28 -28 -28 -28 -28 -28 -28 -27 -27 -27 -26 -25 -25 -25 -23 -23 -23 -22 -22 -22 -21 -21 -21 -21 -21 -21 -21 -21 -21 -21 -23 -26 -27 -27 -28 -30 -30 -31 -32 -31 -31 -32 -34 -34 -35 -36 -36 -39 -41 -42 -42 -41 -42 -42 -42 -44 -44 -44 -42 -41 -41 -40 -39 -40 -40 -41 -44 -44 -46 -47 -47 -49 -49 -50 -50 -50 -51 -51 -53 -54 -55 -55 -56 -56 -56 -59 -59 -59 -59 -59 -59 -59 -59 -58 -58 -58 -55 -54 -54 -54 -53 -53 -53 -53 -53 -53 -53 -51 -51 -51 -50 -50 -50 -49 -49 -49 -49 -47 -47 -50 -50 -50 -50 -50 -51 -51 -53 -53 -53 -54 -54 -53 -53 -53 -53 -53 -51 -50 -50 -50 -49 -47 -47 -47 -47 -47 -47 -47 -49 -49 -50 -50 -50 -50 -49 -49 -49 -47
-1 -1 -1 -1 -1 -1 -1 -1 -1 -1 -1 -1 -1 -1 -1 -1 -1 -1 -1 -1 -1 -1 -1 -1 -1 -1 -1 -1 -1 -1 -1 -1 -1 -1 -1 -1 -1 -1 -1 -1 -1 -1 -1 -1 -1 -1 -1 -1 -1 -1 -1 -1 -1 -1 -1 -1 -1 -1 -1 -1 -1 -1 95 100 100 106 66 66 -53 8 67 67 25 19 19 16 25 0 0 0 0 0 18 25 25 9 3 0 0 0 0 0 2 4 0 0 0 0 0 10 26 26 18 12 19 19 37 55 55 54 31 9 9 0 0 0 0 2 24 24 24 32 32 45 59 59 50 0 71 71 117 107 107 113 106 100 100 95 -1 -1 -1 -1 -1 -1 -1 -1 -1 -1 -1 -1 -1 -1 -1 -1 -1 -1 -1 -1 -2 -2 -3 -3 -3 -3 -4 -6 -6 -8 -8 -8 -8 -7 -6 -6 -6 -6 -6 -6 -6 -6 -6 -6 -6 -6 -6 -7 -7 -7 -7 -7 -7 -7 -8 -8 -8 -8 -8 -8 -8 -8 -8 -8 -8 -8 -8 -9 -9 -9 -9 -9 -9 -9 -11 -11 -11 -11 -9 -9 -9 -9 -9 -9 -9 -11 -11 -11 -11 -9 -9 -9 -9 -9 -9 -9 -8 -8 -8 -8 -8 -8 -8 -8 -8 -8 -7 -7 -7 -7 -7 -7 -7 -7 -7 -7 -7 -7 -7 -7 -7 -7 -7 -7 -7 -7 -7 -7 -7 -7 -7 -7 -7 -7 -7 -8 -8 -8 -7 -7 -7 -7 -7 -7 -7 -7 -7 -7 -7 -7 -7 -7 -7 -7 -7 -7 -7 -7 -7 -7 -7 -7 -6 -6 -7 -7 -8 -8 -8 -9 -9 -11 -11 -11 -11 -11 -14 -14 -14 -17 -20 -21 -21 -23 -23 -23 -23 -23 -25 -25 -25 -23 -23 -23 -22 -22 -21 -21 -20 -20 -20 -21 -21 -22 -23 -25 -25 -26 -26 -26 -26 -27 -27 -27 -28 -28 -28 -28 -28 -28 -28 -28 -27 -27 -27 -26 -26 -25 -25 -23 -23 -23 -22 -22 -22 -21 -21 -21 -21 -21 -21 -21 -21 -21 -21 -23 -26 -26 -27 -28 -28 -30 -31 -31 -32 -31 -32 -32 -34 -35 -35 -36 -39 -41 -41 -42 -41 -41 -42 -42 -42 -44 -44 -42 -42 -41 -40 -40 -39 -40 -41 -41 -44 -46 -46 -47 -49 -49 -49 -50 -50 -50 -51 -53 -53 -54 -55 -56 -56 -56 -59 -59 -59 -59 -59 -59 -59 -59 -59 -58 -58 -58 -55 -54 -54 -54 -53 -53 -53 -53 -53 -53 -53 -51 -51 -51 -50 -50 -50 -49 -49 -49 -49 -47 -50 -50 -50 -50 -50 -50 -51 -53 -53 -53 -54 -54 -54 -53 -53 -53 -53 -51 -51 -50 -50 -49 -49 -47 -47 -47 -47 -47 -47 -47 -49 -50 -50 -50 -50 -50 -49 -49 -47 -47
-1 -1 -1 -1 -1 -1 -1 -1 -1 -1 -1 -1 -1 -1 -1 -1 -1 -1 -1 -1 -1 -1 -1 -1 -1 -1 -1 -1 -1 -1 -1 -1 -1 -1 -1 -1 -1 -1 -1 -1 -1 -1 -1 -1 -1 -1 -1 -1 -1 -1 -1 -1 -1 -1 -1 -1 -1 -1 -1 -1 -1 94 97 97 102 105 105 38 -121 48 48 38 26 26 19 18 18 0 20 62 62 60 0 0 14 30 7 7 1 0 0 0 4 4 10 7 0 0 0 8 8 15 12 20 20 31 43 43 59 48 48 26 0 0 0 0 0 0 6 33 42 42 42 50 50 60 64 59 59 0 65 65 117 116 116 110 105 99 99 94 -1 -1 -1 -1 -1 -1 -1 -1 -1 -1 -1 -1 -1 -1 -1 -1 -1 -1 -1 -2 -3 -2 -2 -3 -4 -4 -7 -9 -9 -8 -8 -7 -7 -7 -6 -6 -6 -6 -7 -7 -7 -7 -7 -7 -7 -7 -7 -8 -8 -8 -7 -7 -7 -7 -8 -8 -8 -8 -8 -8 -8 -8 -8 -8 -8 -8 -8 -9 -9 -9 -9 -9 -9 -9 -9 -9 -9 -9 -9 -9 -9 -9 -9 -9 -11 -11 -11 -9 -9 -9 -9 -9 -9 -9 -9 -8 -8 -8 -8 -8 -8 -8 -8 -7 -7 -7 -7 -7 -7 -7 -7 -7 -7 -7 -7 -7 -7 -7 -7 -7 -7 -7 -7 -7 -7 -7 -7 -7 -7 -7 -7 -7 -7 -8 -8 -8 -7 -7 -7 -7 -7 -7 -7 -7 -7 -7 -7 -7 -7 -7 -7 -7 -7 -7 -7 -7 -7 -7 -7 -7 -6 -6 -6 -8 -8 -8 -8 -9 -9 -9 -11 -11 -11 -12 -14 -14 -14 -17 -20 -20 -22 -23 -23 -23 -23 -23 -23 -23 -23 -23 -23 -23 -23 -22 -21 -20 -20 -21 -21 -21 -21 -22 -22 -23 -25 -26 -26 -26 -26 -26 -27 -27 -27 -27 -27 -27 -27 -27 -26 -26 -26 -26 -26 -26 -25 -25 -25 -23 -23 -22 -22 -21 -21 -21 -21 -20 -20 -20 -21 -22 -22 -23 -22 -22 -25 -28 -31 -31 -31 -31 -31 -32 -34 -32 -32 -35 -36 -36 -37 -37 -37 -39 -41 -42 -42 -41 -41 -41 -42 -42 -41 -41 -41 -40 -40 -40 -40 -41 -41 -44 -46 -46 -49 -50 -50 -51 -51 -51 -51 -51 -53 -53 -54 -55 -55 -55 -56 -56 -56 -59 -59 -59 -59 -59 -58 -58 -58 -58 -58 -58 -54 -54 -54 -54 -53 -53 -53 -51 -51 -51 -51 -51 -51 -51 -50 -50 -50 -50 -49 -49 -50 -50 -50 -51 -51 -51 -51 -51 -51 -51 -51 -53 -53 -53 -53 -53 -53 -53 -53 -53 -51 -51 -51 -51 -51 -51 -51 -50 -50 -50 -50 -51 -51 -51 -53 -53 -53 -51 -51 -50 -50 -47
-1 -1 -1 -1 -1 -1 -1 -1 -1 -1 -1 -1 -1 -1 -1 -1 -1 -1 -1 -1 -1 -1 -1 -1 -1 -1 -1 -1 -1 -1 -1 -1 -1 -1 -1 -1 -1 -1 -1 -1 -1 -1 -1 -1 -1 -1 -1 -1 -1 -1 -1 -1 -1 104 104 102 99 99 -1 95 96 96 100 105 105 102 -45 -45 -115 50 33 33 31 0 0 0 -35 -1 -1 -1 107 107 -1 0 0 14 30 18 18 9 10 10 13 16 15 15 2 0 0 12 13 13 16 15 0 0 0 47 47 58 -74 37 37 93 -1 -1 -13 0 0 0 53 48 48 41 41 41 37 48 50 50 0 99 99 116 112 106 106 104 96 96 -1 -1 -1 -1 -1 -1 -1 -1 -1 -1 -1 -1 -1 -1 -1 -1 -1 -1 -2 -2 -3 -3 -3 -3 -6 -7 -7 -9 -9 -8 -8 -7 -7 -7 -6 -6 -6 -6 -7 -7 -7 -7 -7 -7 -8 -8 -8 -8 -8 -7 -7 -7 -7 -8 -8 -8 -8 -8 -8 -8 -8 -8 -8 -8 -8 -8 -8 -8 -9 -9 -9 -9 -9 -9 -9 -9 -9 -9 -9 -9 -9 -9 -9 -11 -11 -9 -9 -9 -9 -9 -9 -9 -9 -11 -8 -8 -8 -8 -8 -8 -8 -8 -7 -7 -6 -6 -7 -7 -7 -7 -7 -7 -7 -7 -7 -7 -7 -7 -7 -7 -7 -7 -7 -7 -7 -7 -7 -7 -7 -7 -7 -7 -7 -8 -8 -8 -7 -7 -7 -7 -7 -7 -7 -7 -7 -7 -7 -7 -7 -7 -7 -7 -7 -7 -7 -7 -7 -7 -7 -7 -6 -6 -8 -8 -8 -8 -8 -9 -11 -11 -11 -11 -12 -12 -14 -16 -16 -17 -20 -22 -22 -23 -23 -23 -23 -23 -23 -23 -23 -23 -23 -22 -21 -21 -21 -20 -21 -21 -21 -22 -22 -22 -23 -25 -25 -26 -27 -27 -26 -26 -26 -27 -27 -27 -27 -26 -25 -25 -25 -25 -25 -25 -25 -23 -23 -23 -23 -22 -22 -22 -21 -21 -21 -20 -20 -20 -20 -21 -21 -22 -23 -23 -23 -26 -30 -30 -32 -32 -32 -32 -34 -34 -34 -34 -35 -35 -37 -39 -39 -39 -39 -40 -40 -41 -42 -42 -41 -41 -41 -41 -41 -40 -40 -40 -40 -40 -41 -42 -45 -45 -49 -51 -51 -53 -54 -54 -54 -53 -54 -54 -54 -55 -55 -55 -56 -56 -56 -58 -59 -59 -59 -59 -58 -58 -58 -58 -58 -56 -56 -56 -54 -54 -53 -53 -53 -51 -51 -51 -51 -50 -50 -51 -51 -51 -51 -50 -50 -50 -50 -51 -51 -51 -51 -51 -51 -51 -51 -51 -51 -51 -51 -51 -51 -50 -50 -50 -50 -50 -50 -50 -50 -50 -50 -50 -50 -53 -53 -53 -53 -51 -53 -53 -53 -54 -54 -54 -53 -53 -53 -51 -49 -49
-1 -1 -1 -1 -1 -1 -1 -1 -1 -1 -1 -1 -1 -1 -1 -1 -1 -1 -1 -1 -1 -1 -1 -1 -1 -1 -1 -1 -1 -1 -1 -1 -1 -1 -1 -1 -1 -1 -1 -1 -1 -1 -1 -1 -1 -1 -1 -1 -1 -1 -1 -1 -1 -1 104 102 102 99 -1 -1 95 96 100 100 105 102 102 -45 -115 50 50 33 31 31 0 0 0 -35 -1 -1 -1 107 -1 -1 0 14 30 30 18 9 9 10 13 13 16 15 2 2 0 12 12 13 16 15 15 0 0 0 47 58 58 -74 37 93 93 -1 -13 -13 0 0 53 53 48 41 41 41 37 48 48 50 0 0 99 116 116 112 106 104 104 96 -1 -1 -1 -1 -1 -1 -1 -1 -1 -1 -1 -1 -1 -1 -1 -1 -1 -1 -1 -2 -3 -3 -3 -3 -6 -6 -7 -9 -9 -9 -8 -7 -7 -7 -6 -6 -6 -6 -7 -7 -7 -7 -7 -7 -8 -8 -8 -8 -8 -8 -7 -7 -7 -7 -8 -8 -8 -8 -8 -8 -8 -8 -8 -8 -8 -8 -8 -8 -9 -9 -9 -9 -9 -9 -9 -9 -9 -9 -9 -9 -9 -9 -9 -9 -11 -9 -9 -9 -9 -9 -9 -9 -9 -9 -11 -8 -8 -8 -8 -8 -8 -8 -7 -7 -7 -6 -7 -7 -7 -7 -7 -7 -7 -7 -7 -7 -7 -7 -7 -7 -7 -7 -7 -7 -7 -7 -7 -7 -7 -7 -7 -7 -7 -8 -8 -8 -7 -7 -7 -7 -7 -7 -7 -7 -7 -7 -7 -7 -7 -7 -7 -7 -7 -7 -7 -7 -7 -7 -7 -7 -6 -6 -6 -8 -8 -8 -8 -9 -9 -11 -11 -11 -11 -12 -14 -14 -16 -17 -20 -20 -22 -23 -23 -23 -23 -23 -23 -23 -23 -23 -23 -22 -22 -21 -21 -20 -20 -21 -21 -21 -22 -22 -22 -23 -25 -26 -26 -27 -26 -26 -26 -27 -27 -27 -27 -26 -26 -25 -25 -25 -25 -25 -25 -25 -23 -23 -23 -23 -22 -22 -22 -21 -21 -21 -20 -20 -20 -20 -21 -22 -22 -23 -23 -23 -26 -30 -32 -32 -32 -32 -32 -34 -34 -34 -34 -35 -37 -37 -39 -39 -39 -39 -40 -41 -41 -42 -41 -41 -41 -41 -41 -41 -40 -40 -40 -40 -41 -42 -42 -45 -49 -49 -51 -53 -53 -54 -54 -53 -53 -54 -54 -54 -55 -55 -56 -56 -56 -58 -58 -59 -59 -59 -59 -58 -58 -58 -58 -56 -56 -56 -54 -54 -54 -53 -53 -53 -51 -51 -51 -51 -50 -51 -51 -51 -51 -51 -50 -50 -50 -50 -51 -51 -51 -51 -51 -51 -51 -51 -51 -51 -51 -51 -51 -51 -50 -50 -50 -50 -50 -50 -50 -50 -50 -50 -50 -53 -53 -53 -53 -53 -51 -53 -53 -53 -54 -54 -54 -53 -53 -51 -51 -49
-1 -1 -1 -1 -1 -1 -1 -1 -1 -1 -1 -1 -1 -1 -1 -1 -1 -1 -1 -1 -1 -1 -1 -1 -1 -1 -1 -1 -1 -1 -1 -1 -1 -1 -1 -1 -1 -1 -1 -1 -1 -1 -1 -1 -1 -1 89 89 97 102 102 102 107 114 114 112 106 106 114 102 105 105 99 101 101 104 33 33 0 -14 -72 -72 0 47 47 85 113 112 112 119 118 118 113 82 82 -108 -87 29 29 27 12 12 16 27 22 22 24 21 21 18 14 14 0 -115 -50 -50 -53 -92 -92 -100 26 89 89 114 108 108 116 97 37 37 -119 -74 -74 45 33 33 32 30 37 37 3 -64 -64 60 113 105 105 111 94 94 91 -1 -1 -1 -1 -1 -1 -1 -1 -1 -1 -1 -1 -1 -2 -1 -1 -2 -3 -3 -4 -4 -3 -3 -4 -6 -6 -7 -7 -9 -9 -8 -8 -8 -7 -7 -6 -6 -7 -7 -7 -7 -7 -7 -7 -8 -8 -8 -8 -8 -8 -8 -8 -8 -8 -8 -8 -8 -8 -8 -8 -8 -8 -8 -8 -8 -8 -8 -8 -8 -8 -8 -8 -8 -8 -8 -8 -8 -8 -8 -8 -8 -8 -8 -8 -8 -8 -8 -8 -8 -8 -8 -8 -8 -11 -11 -9 -9 -9 -8 -8 -8 -7 -7 -7 -7 -7 -7 -7 -8 -8 -8 -8 -8 -7 -7 -7 -7 -7 -7 -7 -7 -7 -7 -7 -7 -7 -7 -8 -8 -8 -8 -8 -8 -9 -9 -9 -9 -9 -9 -8 -9 -9 -9 -9 -9 -9 -9 -9 -9 -9 -9 -8 -8 -8 -8 -8 -7 -7 -7 -7 -6 -8 -8 -8 -9 -9 -9 -11 -11 -11 -12 -12 -12 -14 -16 -16 -17 -20 -22 -22 -23 -23 -23 -25 -25 -25 -25 -25 -23 -23 -22 -21 -21 -21 -21 -23 -23 -23 -23 -23 -25 -26 -27 -27 -28 -28 -28 -27 -27 -27 -28 -28 -28 -28 -27 -25 -25 -25 -23 -23 -23 -22 -21 -21 -21 -21 -21 -21 -21 -21 -21 -21 -21 -21 -21 -21 -22 -22 -23 -23 -23 -27 -28 -31 -31 -34 -35 -35 -35 -35 -35 -34 -35 -36 -36 -36 -37 -37 -37 -39 -39 -39 -40 -40 -40 -41 -41 -41 -41 -41 -41 -41 -42 -42 -42 -42 -45 -49 -49 -53 -55 -55 -55 -55 -54 -54 -54 -54 -54 -54 -55 -55 -55 -55 -55 -55 -55 -56 -56 -56 -56 -56 -56 -56 -56 -56 -55 -55 -55 -54 -54 -54 -54 -53 -53 -53 -53 -54 -54 -54 -51 -51 -51 -51 -51 -51 -51 -51 -51 -51 -51 -51 -51 -50 -50 -49 -49 -47 -46 -46 -45 -45 -45 -45 -45 -45 -45 -45 -45 -45 -46 -46 -47 -47 -53 -53 -53 -53 -53 -53 -53 -54 -54 -54 -54 -49 -49 -49 -47 -45 -45
-1 -1 -1 -1 -1 -1 -1 -1 -1 -1 -1 -1 -1 -1 -1 -1 -1 -1 -1 -1 -1 -1 -1 -1 -1 -1 -1 -1 -1 -1 -1 -1 -1 -1 -1 -1 -1 -1 -1 -1 -1 -1 -1 -1 -1 -1 -1 89 97 97 102 102 102 107 114 112 112 106 114 114 102 105 99 99 101 104 104 33 0 -14 -14 -72 0 0 47 85 85 113 112 119 119 118 113 113 82 -108 -87 -87 29 27 27 12 16 16 27 22 24 24 21 18 18 14 0 -115 -115 -50 -53 -53 -92 -100 -100 26 89 114 114 108 116 116 97 37 -119 -119 -74 45 45 33 32 30 30 37 3 3 -64 60 60 113 105 111 111 94 91 91 -1 -1 -1 -1 -1 -1 -1 -1 -1 -1 -1 -1 -2 -2 -1 -2 -2 -3 -4 -4 -4 -3 -4 -4 -6 -7 -7 -7 -9 -8 -8 -8 -7 -7 -7 -6 -7 -7 -7 -7 -7 -7 -7 -8 -8 -8 -8 -8 -8 -8 -8 -8 -8 -8 -8 -8 -8 -8 -8 -8 -8 -8 -8 -8 -8 -8 -8 -8 -8 -8 -8 -8 -8 -8 -8 -8 -8 -8 -8 -8 -8 -8 -8 -8 -8 -8 -8 -8 -8 -8 -8 -8 -8 -11 -9 -9 -9 -8 -8 -8 -7 -7 -7 -7 -7 -7 -7 -8 -8 -8 -8 -8 -8 -7 -7 -7 -7 -7 -7 -7 -7 -7 -7 -7 -7 -7 -7 -8 -8 -8 -8 -8 -8 -9 -9 -9 -9 -9 -8 -8 -9 -9 -9 -9 -9 -9 -9 -9 -9 -9 -9 -8 -8 -8 -8 -7 -7 -7 -7 -6 -6 -8 -8 -8 -9 -9 -9 -11 -11 -12 -12 -12 -14 -14 -16 -17 -20 -20 -22 -23 -23 -23 -25 -25 -25 -25 -25 -25 -23 -22 -22 -21 -21 -21 -21 -23 -23 -23 -23 -25 -25 -26 -27 -28 -28 -28 -27 -27 -27 -28 -28 -28 -28 -27 -27 -25 -25 -23 -23 -23 -22 -22 -21 -21 -21 -21 -21 -21 -21 -21 -21 -21 -21 -21 -21 -21 -22 -23 -23 -23 -27 -27 -28 -31 -34 -34 -35 -35 -35 -35 -34 -35 -35 -36 -36 -36 -37 -37 -37 -39 -39 -40 -40 -40 -41 -41 -41 -41 -41 -41 -41 -42 -42 -42 -42 -45 -45 -49 -53 -53 -55 -55 -55 -55 -54 -54 -54 -54 -54 -54 -55 -55 -55 -55 -55 -55 -55 -56 -56 -56 -56 -56 -56 -56 -56 -55 -55 -55 -54 -54 -54 -54 -53 -53 -53 -53 -53 -54 -54 -51 -51 -51 -51 -51 -51 -51 -51 -51 -51 -51 -51 -51 -50 -50 -50 -49 -47 -47 -46 -45 -45 -45 -45 -45 -45 -45 -45 -45 -45 -46 -46 -46 -47 -53 -53 -53 -53 -53 -53 -53 -54 -54 -54 -54 -54 -49 -49 -47 -47 -45
-1 -1 -1 -1 -1 -1 -1 -1 -1 -1 -1 -1 -1 -1 -1 -1 -1 -1 -1 -1 -1 -1 -1 -1 -1 -1 -1 -1 -1 -1 -1 -1 -1 -1 -1 -1 -1 -1 -1 -1 -1 -1 -1 -1 -1 -1 95 95 96 104 104 116 107 105 105 111 114 114 112 113 108 108 105 104 104 108 44 44 0 0 14 14 96 118 118 107 111 113 113 107 116 116 104 113 113 81 -55 6 6 22 35 35 27 24 33 33 39 33 33 10 0 0 37 90 105 105 106 3 3 24 81 111 111 113 117 117 113 110 100 100 45 8 8 14 43 43 42 31 27 27 29 -116 -116 38 96 105 105 108 101 101 95 -1 -1 -1 -1 -1 -1 -1 -1 -1 -1 -1 -1 -1 -1 -1 -1 -2 -3 -3 -4 -4 -3 -3 -4 -6 -6 -7 -7 -9 -9 -8 -8 -8 -8 -7 -7 -7 -7 -7 -7 -7 -7 -7 -8 -8 -8 -8 -8 -8 -8 -8 -8 -8 -8 -8 -8 -8 -8 -8 -8 -8 -8 -8 -8 -8 -8 -8 -8 -8 -8 -8 -8 -8 -8 -8 -8 -8 -8 -8 -8 -8 -8 -8 -8 -8 -8 -8 -8 -8 -8 -8 -8 -8 -11 -11 -9 -9 -9 -8 -8 -8 -7 -7 -7 -7 -7 -7 -7 -8 -8 -8 -8 -8 -7 -7 -7 -7 -7 -7 -7 -7 -7 -7 -7 -7 -7 -7 -8 -8 -8 -8 -8 -8 -9 -9 -9 -9 -9 -9 -9 -9 -9 -9 -9 -9 -9 -9 -9 -9 -9 -8 -8 -8 -8 -8 -8 -8 -7 -7 -7 -7 -9 -9 -9 -9 -9 -11 -11 -12 -12 -12 -12 -12 -16 -17 -17 -18 -21 -22 -22 -23 -25 -25 -25 -25 -25 -25 -23 -23 -23 -22 -22 -22 -21 -21 -25 -25 -25 -25 -25 -25 -26 -26 -26 -27 -27 -27 -26 -27 -27 -27 -27 -26 -26 -25 -25 -25 -23 -23 -23 -23 -23 -21 -21 -21 -21 -21 -21 -21 -21 -21 -21 -20 -20 -20 -20 -22 -22 -23 -25 -25 -28 -30 -32 -32 -34 -35 -35 -36 -35 -35 -35 -36 -36 -36 -36 -37 -37 -37 -39 -39 -39 -39 -40 -40 -41 -41 -41 -41 -41 -41 -41 -42 -44 -44 -44 -46 -50 -50 -53 -55 -55 -55 -55 -54 -54 -54 -54 -54 -54 -54 -54 -54 -54 -54 -54 -54 -55 -55 -55 -55 -56 -56 -56 -55 -55 -55 -55 -55 -53 -51 -51 -51 -51 -51 -51 -51 -51 -51 -51 -51 -51 -51 -51 -50 -50 -50 -50 -50 -50 -50 -50 -50 -49 -47 -46 -46 -45 -44 -44 -42 -42 -42 -42 -42 -42 -42 -42 -42 -42 -44 -44 -45 -45 -50 -50 -50 -50 -50 -51 -51 -51 -51 -51 -51 -47 -47 -46 -45 -44 -44
-1 -1 -1 -1 -1 -1 -1 -1 -1 -1 -1 -1 -1 -1 -1 -1 -1 -1 -1 -1 -1 -1 -1 -1 -1 -1 -1 -1 -1 -1 -1 -1 -1 -1 -1 -1 -1 -1 -1 -1 -1 -1 -1 -1 -1 -1 -1 97 107 107 108 90 90 37 0 48 48 108 112 112 114 108 107 107 107 107 107 88 66 83 83 110 108 108 111 114 114 104 111 106 106 110 110 110 108 111 96 96 27 0 0 20 45 45 38 41 35 35 20 0 0 39 95 113 113 112 112 112 122 116 116 114 111 112 112 113 106 106 111 118 95 95 45 4 4 27 39 33 33 25 18 18 0 18 18 76 107 107 107 106 95 95 -1 -1 -1 -1 -1 -1 -1 -1 -1 -1 -1 -1 -1 -1 -2 -3 -3 -4 -4 -3 -3 -4 -6 -6 -7 -7 -7 -7 -9 -8 -8 -8 -8 -8 -8 -7 -7 -7 -7 -7 -7 -8 -8 -8 -8 -8 -8 -8 -8 -8 -8 -8 -8 -8 -8 -8 -8 -8 -8 -8 -8 -8 -8 -8 -8 -8 -8 -8 -8 -8 -8 -8 -8 -8 -8 -8 -8 -8 -8 -8 -8 -8 -8 -8 -8 -8 -8 -8 -8 -8 -8 -8 -8 -9 -9 -9 -9 -8 -8 -8 -6 -6 -6 -6 -7 -7 -7 -8 -8 -8 -8 -8 -8 -7 -7 -7 -7 -7 -7 -7 -7 -7 -7 -7 -7 -7 -7 -8 -8 -8 -8 -8 -8 -9 -9 -9 -9 -9 -9 -9 -9 -9 -9 -9 -9 -9 -9 -9 -9 -9 -7 -8 -8 -8 -8 -8 -8 -8 -8 -8 -8 -11 -11 -11 -11 -11 -11 -11 -12 -12 -12 -13 -17 -17 -17 -20 -21 -21 -23 -25 -25 -25 -25 -25 -25 -25 -23 -23 -23 -22 -22 -22 -22 -21 -21 -25 -26 -26 -26 -26 -26 -26 -27 -27 -27 -27 -26 -26 -26 -26 -25 -25 -23 -23 -23 -22 -22 -23 -23 -23 -23 -23 -21 -21 -21 -21 -21 -20 -20 -21 -20 -20 -18 -18 -20 -20 -22 -25 -25 -26 -30 -30 -31 -34 -35 -35 -36 -36 -36 -36 -35 -36 -36 -36 -36 -36 -37 -37 -37 -39 -39 -39 -39 -40 -40 -40 -41 -41 -41 -41 -41 -44 -44 -45 -45 -47 -47 -50 -54 -54 -55 -55 -55 -54 -54 -51 -51 -51 -51 -51 -51 -51 -51 -51 -51 -51 -51 -54 -54 -54 -54 -55 -55 -55 -55 -54 -54 -54 -51 -51 -51 -50 -50 -50 -50 -51 -51 -51 -51 -51 -51 -51 -51 -51 -50 -50 -49 -49 -49 -47 -47 -47 -46 -45 -45 -42 -41 -41 -40 -39 -39 -39 -39 -39 -39 -37 -39 -39 -39 -40 -41 -41 -41 -46 -46 -46 -46 -46 -46 -46 -47 -47 -47 -47 -47 -44 -44 -44 -44 -42
-1 -1 -1 -1 -1 -1 -1 -1 -1 -1 -1 -1 -1 -1 -1 -1 -1 -1 -1 -1 -1 -1 -1 -1 -1 -1 -1 -1 -1 -1 -1 -1 -1 -1 -1 -1 -1 -1 -1 -1 -1 -1 -1 -1 -1 -1 97 97 107 108 108 90 37 0 0 48 108 108 112 114 108 108 107 107 107 107 88 88 66 83 110 110 108 111 111 114 104 111 111 106 110 110 110 108 108 111 96 27 27 0 20 20 45 38 41 41 35 20 20 0 39 39 95 113 112 112 112 122 122 116 114 111 111 112 113 113 106 111 118 118 95 45 45 4 27 27 39 33 25 25 18 0 0 18 76 107 107 107 106 106 95 -1 -1 -1 -1 -1 -1 -1 -1 -1 -1 -1 -1 -1 -1 -2 -2 -3 -4 -4 -4 -3 -4 -4 -6 -7 -7 -7 -7 -9 -9 -8 -8 -8 -8 -8 -7 -7 -7 -7 -7 -7 -8 -8 -8 -8 -8 -8 -8 -8 -8 -8 -8 -8 -8 -8 -8 -8 -8 -8 -8 -8 -8 -8 -8 -8 -8 -8 -8 -8 -8 -8 -8 -8 -8 -8 -8 -8 -8 -8 -8 -8 -8 -8 -8 -8 -8 -8 -8 -8 -8 -8 -8 -8 -9 -9 -9 -9 -9 -8 -8 -8 -6 -6 -6 -6 -7 -7 -7 -8 -8 -8 -8 -8 -7 -7 -7 -7 -7 -7 -7 -7 -7 -7 -7 -7 -7 -7 -8 -8 -8 -8 -8 -8 -9 -9 -9 -9 -9 -9 -9 -9 -9 -9 -9 -9 -9 -9 -9 -9 -9 -7 -8 -8 -8 -8 -8 -8 -8 -8 -8 -8 -11 -11 -11 -11 -11 -11 -11 -12 -12 -12 -13 -13 -17 -17 -17 -20 -21 -23 -23 -25 -25 -25 -25 -25 -25 -25 -23 -23 -23 -22 -22 -22 -22 -21 -25 -25 -26 -26 -26 -26 -26 -27 -27 -27 -27 -27 -26 -26 -26 -26 -25 -23 -23 -23 -22 -22 -22 -23 -23 -23 -23 -21 -21 -21 -21 -21 -21 -20 -21 -21 -20 -18 -18 -18 -20 -22 -22 -25 -26 -26 -30 -31 -34 -34 -35 -36 -36 -36 -36 -36 -35 -36 -36 -36 -36 -37 -37 -37 -39 -39 -39 -39 -40 -40 -40 -41 -41 -41 -41 -41 -41 -44 -45 -45 -45 -47 -50 -50 -54 -55 -55 -55 -54 -54 -54 -51 -51 -51 -51 -51 -51 -51 -51 -51 -51 -51 -54 -54 -54 -54 -55 -55 -55 -55 -55 -54 -54 -54 -51 -51 -50 -50 -50 -50 -50 -51 -51 -51 -51 -51 -51 -51 -51 -50 -50 -50 -49 -49 -49 -47 -47 -47 -46 -45 -42 -42 -41 -40 -40 -39 -39 -39 -39 -39 -37 -37 -39 -39 -39 -40 -41 -41 -41 -46 -46 -46 -46 -46 -46 -46 -47 -47 -47 -47 -44 -44 -44 -44 -42 -42
-1 -1 -1 -1 -1 -1 -1 -1 -1 -1 -1 -1 -1 -1 -1 -1 -1 -1 -1 -1 -1 -1 -1 -1 -1 -1 -1 -1 -2 -2 -2 -1 -1 -1 -1 -1 -1 -1 -1 -1 -1 -1 -1 -1 -1 -1 -1 95 108 108 110 82 82 29 0 41 41 88 111 111 113 111 113 113 113 111 111 104 91 94 94 111 110 110 118 107 107 104 100 105 105 95 105 105 106 105 110 110 71 32 32 6 6 6 19 18 1 1 0 -59 -59 72 111 107 107 116 110 110 119 116 116 113 110 107 107 107 107 107 106 102 104 104 78 18 18 18 41 35 35 31 10 10 16 7 7 59 111 107 107 105 93 93 -1 -1 -1 -1 -1 -1 -1 -1 -1 -1 -1 -1 -1 -1 -2 -3 -3 -4 -4 -4 -4 -4 -6 -6 -7 -7 -7 -7 -9 -8 -8 -8 -8 -8 -8 -8 -8 -8 -8 -8 -8 -8 -8 -8 -8 -8 -8 -8 -8 -8 -8 -8 -8 -8 -8 -8 -8 -8 -8 -8 -8 -8 -8 -8 -8 -8 -8 -8 -8 -8 -8 -8 -8 -8 -8 -8 -8 -8 -8 -8 -8 -8 -8 -8 -8 -8 -8 -8 -8 -8 -8 -8 -8 -9 -9 -9 -9 -8 -8 -8 -6 -6 -6 -6 -7 -7 -7 -8 -8 -8 -8 -8 -8 -7 -7 -7 -7 -7 -7 -7 -7 -7 -7 -7 -7 -7 -7 -8 -8 -8 -8 -9 -9 -9 -9 -9 -9 -9 -9 -9 -9 -9 -9 -9 -9 -11 -11 -11 -11 -11 -7 -7 -8 -8 -8 -9 -9 -9 -9 -9 -9 -12 -12 -12 -11 -12 -12 -12 -12 -13 -13 -13 -17 -17 -18 -20 -21 -21 -23 -25 -25 -25 -25 -25 -25 -25 -25 -25 -23 -23 -23 -23 -23 -23 -23 -25 -26 -26 -26 -27 -27 -27 -28 -28 -28 -28 -27 -27 -26 -25 -23 -23 -23 -22 -22 -22 -22 -23 -23 -23 -23 -23 -21 -21 -21 -21 -20 -20 -20 -21 -20 -20 -18 -18 -20 -20 -22 -26 -26 -28 -32 -32 -34 -35 -36 -36 -37 -37 -37 -36 -36 -36 -36 -36 -36 -36 -37 -37 -37 -39 -39 -39 -39 -39 -40 -40 -40 -40 -41 -41 -42 -45 -45 -46 -47 -49 -49 -51 -54 -54 -55 -55 -55 -54 -53 -50 -50 -50 -50 -50 -50 -50 -50 -50 -50 -50 -50 -53 -53 -53 -53 -54 -54 -54 -54 -53 -53 -53 -51 -51 -51 -51 -51 -51 -51 -51 -51 -51 -51 -54 -54 -53 -53 -53 -51 -50 -49 -49 -49 -49 -49 -47 -46 -44 -44 -41 -39 -39 -39 -39 -39 -39 -35 -35 -35 -35 -35 -35 -36 -37 -37 -37 -39 -42 -42 -42 -42 -42 -42 -42 -42 -42 -42 -42 -42 -40 -40 -40 -40 -40
-1 -1 -1 -1 -1 -1 -1 -1 -1 -1 -1 -1 -1 -1 -1 -1 -1 -1 -1 -1 -1 -1 -1 -1 -1 -1 -1 -1 -2 -2 -2 -1 -1 -1 -1 -1 -1 -1 -1 -1 -1 -1 -1 -1 -1 -1 95 95 108 110 110 82 29 0 0 41 88 88 111 113 111 111 113 113 113 111 104 104 91 94 111 111 110 118 118 107 104 100 100 105 95 95 105 106 106 105 110 71 71 32 6 6 6 19 18 18 1 0 0 -59 72 72 111 107 116 116 110 119 119 116 113 110 110 107 107 107 107 106 102 102 104 78 78 18 18 18 41 35 31 31 10 16 16 7 59 111 111 107 105 105 93 -1 -1 -1 -1 -1 -1 -1 -1 -1 -1 -1 -1 -1 -1 -2 -2 -3 -4 -4 -4 -4 -4 -4 -6 -7 -7 -7 -7 -9 -9 -8 -8 -8 -8 -8 -8 -8 -8 -8 -8 -8 -8 -8 -8 -8 -8 -8 -8 -8 -8 -8 -8 -8 -8 -8 -8 -8 -8 -8 -8 -8 -8 -8 -8 -8 -8 -8 -8 -8 -8 -8 -8 -8 -8 -8 -8 -8 -8 -8 -8 -8 -8 -8 -8 -8 -8 -8 -8 -8 -8 -8 -8 -8 -9 -9 -9 -9 -9 -8 -8 -8 -6 -6 -6 -6 -7 -7 -7 -8 -8 -8 -8 -8 -7 -7 -7 -7 -7 -7 -7 -7 -7 -7 -7 -7 -7 -7 -8 -8 -8 -8 -8 -9 -9 -9 -9 -9 -9 -9 -9 -9 -9 -9 -9 -9 -9 -11 -11 -11 -11 -7 -7 -7 -8 -8 -8 -9 -9 -9 -9 -9 -12 -12 -12 -11 -11 -12 -12 -12 -12 -13 -13 -13 -17 -18 -18 -20 -21 -23 -23 -25 -25 -25 -25 -25 -25 -25 -25 -23 -23 -23 -23 -23 -23 -23 -25 -25 -26 -26 -26 -27 -27 -28 -28 -28 -28 -28 -27 -26 -26 -25 -23 -23 -23 -22 -22 -22 -22 -23 -23 -23 -23 -21 -21 -21 -21 -20 -20 -20 -21 -21 -20 -18 -18 -18 -20 -22 -22 -26 -28 -28 -32 -34 -35 -35 -36 -37 -37 -37 -36 -36 -36 -36 -36 -36 -36 -37 -37 -37 -39 -39 -39 -39 -39 -39 -40 -40 -40 -40 -41 -42 -42 -45 -46 -46 -47 -49 -51 -51 -54 -55 -55 -55 -54 -53 -53 -50 -50 -50 -50 -50 -50 -50 -50 -50 -50 -50 -53 -53 -53 -53 -54 -54 -54 -54 -54 -53 -53 -53 -51 -51 -51 -51 -51 -51 -51 -51 -51 -51 -51 -54 -53 -53 -53 -51 -51 -50 -49 -49 -49 -49 -47 -47 -46 -44 -41 -41 -39 -39 -39 -39 -39 -35 -35 -35 -35 -35 -35 -36 -36 -37 -37 -39 -39 -42 -42 -42 -42 -42 -42 -42 -42 -42 -42 -42 -40 -40 -40 -40 -40 -40
-1 -1 -1 -1 -1 -1 -1 -1 -1 -1 -1 -1 -1 -1 -1 -1 -1 -1 -1 -1 -1 -1 -1 -1 -1 -1 -1 -2 -2 -2 -2 -1 -1 -1 -1 -1 -1 -1 -1 -1 -1 -1 -1 -1 -1 -1 -1 94 101 101 101 66 66 35 33 19 19 29 110 110 119 116 106 106 108 107 107 106 110 112 112 110 110 110 105 100 100 -1 -1 96 96 87 97 97 102 111 97 97 97 88 88 53 30 30 27 22 30 30 42 81 81 113 111 116 116 116 108 108 110 112 112 102 111 97 97 101 108 108 97 102 108 108 102 48 48 13 10 27 27 14 16 16 24 0 0 42 110 110 110 101 91 91 -1 -1 -1 -1 -1 -1 -1 -1 -1 -1 -1 -1 -2 -2 -3 -4 -4 -4 -4 -4 -4 -6 -7 -7 -8 -7 -7 -8 -9 -9 -9 -9 -9 -9 -8 -8 -8 -8 -8 -8 -8 -8 -8 -8 -8 -8 -8 -8 -9 -9 -9 -9 -8 -8 -8 -8 -8 -8 -8 -7 -7 -7 -7 -7 -7 -7 -7 -7 -7 -7 -7 -7 -7 -7 -7 -7 -7 -7 -7 -7 -7 -7 -7 -7 -7 -7 -7 -7 -7 -7 -7 -7 -7 -9 -9 -9 -9 -8 -8 -8 -6 -6 -6 -6 -7 -7 -7 -8 -8 -8 -8 -8 -8 -7 -7 -7 -7 -7 -7 -7 -7 -7 -7 -7 -7 -7 -7 -9 -9 -9 -9 -9 -9 -9 -9 -9 -9 -9 -9 -9 -9 -9 -9 -11 -11 -11 -11 -11 -11 -11 -7 -8 -8 -8 -8 -9 -9 -9 -11 -11 -11 -12 -12 -12 -12 -12 -12 -12 -13 -13 -13 -14 -17 -17 -18 -20 -22 -22 -23 -25 -25 -26 -26 -26 -26 -26 -26 -26 -26 -26 -26 -25 -25 -25 -25 -26 -26 -26 -27 -28 -28 -30 -30 -30 -30 -28 -27 -27 -26 -25 -23 -23 -23 -22 -22 -23 -23 -23 -23 -23 -23 -23 -21 -21 -21 -21 -21 -21 -21 -21 -20 -20 -18 -20 -21 -21 -25 -28 -28 -31 -34 -34 -35 -36 -37 -37 -37 -37 -37 -37 -36 -36 -36 -36 -36 -36 -37 -37 -37 -39 -39 -39 -39 -39 -40 -40 -40 -40 -41 -41 -42 -45 -45 -47 -49 -50 -50 -53 -55 -55 -55 -55 -55 -53 -51 -49 -49 -49 -49 -49 -49 -49 -49 -49 -49 -49 -49 -51 -51 -51 -53 -53 -53 -53 -53 -51 -51 -51 -51 -51 -51 -51 -51 -51 -51 -51 -51 -51 -51 -54 -54 -53 -53 -53 -51 -50 -49 -49 -47 -47 -47 -46 -45 -42 -42 -40 -39 -39 -37 -37 -37 -37 -35 -35 -35 -35 -35 -35 -35 -36 -36 -36 -37 -40 -40 -40 -40 -40 -39 -39 -39 -39 -39 -39 -39 -37 -37 -37 -37 -39
-2 -2 -2 -2 -2 -1 -1 -1 -1 -1 -1 -1 -1 -1 -1 -1 -1 -1 -1 -2 -2 -2 -2 -2 -1 -1 -1 -1 -1 -1 -1 -1 -1 -1 -1 -1 -1 -1 -1 -1 -1 -1 -1 -1 -1 -1 95 95 110 110 110 60 29 53 53 12 0 0 102 106 111 111 105 110 110 102 107 107 97 107 101 101 96 95 95 99 -1 -1 -1 -1 -1 -1 -1 -1 -1 96 106 106 106 102 100 100 106 88 77 77 95 101 101 113 110 110 104 101 102 102 -1 -1 -1 -1 96 97 97 -1 -1 -1 -1 94 102 102 106 102 102 83 26 26 0 22 16 16 14 25 25 0 36 105 105 111 101 101 94 -1 -1 -1 -1 -1 -1 -1 -1 -1 -1 -1 -2 -2 -3 -2 -2 -3 -4 -4 -6 -6 -6 -6 -7 -9 -9 -8 -8 -11 -11 -9 -9 -9 -9 -8 -8 -8 -8 -8 -8 -8 -8 -8 -8 -9 -9 -9 -9 -9 -9 -9 -9 -9 -9 -8 -8 -8 -8 -8 -8 -7 -7 -7 -7 -7 -7 -7 -7 -7 -7 -7 -7 -7 -7 -7 -7 -7 -7 -7 -7 -7 -7 -7 -7 -7 -7 -7 -7 -7 -7 -7 -7 -7 -9 -9 -9 -9 -9 -8 -8 -8 -6 -6 -6 -6 -7 -7 -7 -8 -8 -8 -8 -8 -7 -7 -7 -7 -7 -7 -7 -7 -7 -7 -7 -7 -7 -7 -9 -9 -9 -9 -9 -9 -9 -9 -9 -9 -9 -9 -11 -11 -11 -11 -11 -11 -11 -11 -11 -11 -11 -8 -8 -8 -9 -9 -9 -9 -11 -11 -11 -11 -12 -12 -11 -11 -11 -11 -12 -13 -13 -14 -16 -16 -18 -20 -20 -21 -23 -25 -25 -27 -27 -27 -28 -28 -28 -28 -28 -28 -28 -27 -27 -27 -27 -27 -27 -27 -27 -28 -28 -30 -30 -30 -30 -28 -28 -28 -25 -23 -23 -23 -22 -21 -21 -21 -22 -22 -22 -23 -22 -22 -22 -21 -21 -21 -21 -21 -21 -21 -21 -21 -21 -21 -21 -21 -23 -27 -27 -31 -32 -32 -35 -36 -36 -36 -37 -37 -37 -37 -37 -37 -36 -36 -36 -36 -37 -37 -37 -37 -37 -39 -39 -39 -39 -39 -39 -39 -39 -39 -41 -44 -44 -46 -49 -49 -50 -51 -54 -54 -55 -55 -55 -54 -51 -50 -50 -47 -47 -47 -47 -47 -47 -49 -49 -49 -49 -49 -51 -51 -51 -53 -53 -53 -53 -51 -51 -51 -50 -50 -51 -51 -51 -51 -51 -51 -51 -51 -50 -50 -50 -53 -51 -51 -50 -50 -50 -49 -47 -46 -46 -46 -45 -45 -44 -41 -40 -40 -39 -37 -37 -37 -37 -35 -35 -35 -34 -34 -34 -35 -35 -35 -36 -36 -36 -37 -37 -37 -37 -37 -37 -37 -37 -37 -37 -37 -35 -35 -35 -36 -36 -36
-2 -2 -2 -2 -2 -2 -1 -1 -1 -1 -1 -1 -1 -1 -1 -1 -1 -1 -1 -1 -2 -2 -2 -2 -1 -1 -1 -1 -1 -1 -1 -1 -1 -1 -1 -1 -1 -1 -1 -1 -1 -1 -1 -1 -1 -1 -1 95 110 110 110 60 60 29 53 12 12 0 102 102 106 111 105 105 110 102 102 107 97 107 107 101 96 96 95 99 99 -1 -1 -1 -1 -1 -1 -1 -1 96 106 106 106 102 102 100 106 106 88 77 95 95 101 113 113 110 104 101 101 102 -1 -1 -1 -1 -1 96 97 -1 -1 -1 -1 -1 94 102 106 106 102 83 83 26 0 22 22 16 14 14 25 0 0 36 105 111 111 101 94 94 -1 -1 -1 -1 -1 -1 -1 -1 -1 -1 -1 -2 -3 -3 -2 -3 -3 -4 -6 -6 -6 -6 -7 -7 -9 -8 -8 -8 -11 -9 -9 -9 -9 -9 -8 -8 -8 -8 -8 -8 -8 -8 -8 -9 -9 -9 -9 -9 -9 -9 -9 -9 -9 -8 -8 -8 -8 -8 -8 -7 -7 -7 -7 -7 -7 -7 -7 -7 -7 -7 -7 -7 -7 -7 -7 -7 -7 -7 -7 -7 -7 -7 -7 -7 -7 -7 -7 -7 -7 -7 -7 -7 -7 -9 -9 -9 -9 -8 -8 -8 -6 -6 -6 -6 -7 -7 -7 -8 -8 -8 -8 -8 -8 -7 -7 -7 -7 -7 -7 -7 -7 -7 -7 -7 -7 -7 -7 -9 -9 -9 -9 -9 -9 -9 -9 -9 -9 -9 -11 -11 -11 -11 -11 -11 -11 -11 -11 -11 -11 -11 -8 -8 -9 -9 -9 -9 -9 -11 -11 -11 -11 -12 -11 -11 -11 -11 -11 -12 -13 -14 -14 -16 -18 -18 -20 -21 -23 -23 -25 -27 -27 -27 -28 -28 -28 -28 -28 -28 -28 -27 -27 -27 -27 -27 -27 -27 -27 -27 -28 -30 -30 -30 -30 -28 -28 -28 -25 -25 -23 -23 -22 -22 -21 -21 -21 -22 -22 -23 -23 -22 -22 -22 -21 -21 -21 -21 -21 -21 -21 -21 -21 -21 -21 -21 -23 -23 -27 -31 -31 -32 -35 -35 -36 -36 -37 -37 -37 -37 -37 -37 -36 -36 -36 -36 -37 -37 -37 -37 -37 -37 -39 -39 -39 -39 -39 -39 -39 -39 -41 -41 -44 -46 -46 -49 -50 -51 -51 -54 -55 -55 -55 -54 -54 -51 -50 -47 -47 -47 -47 -47 -47 -49 -49 -49 -49 -49 -49 -51 -51 -51 -53 -53 -53 -53 -51 -51 -51 -50 -51 -51 -51 -51 -51 -51 -51 -51 -51 -50 -50 -53 -53 -51 -50 -50 -50 -49 -47 -47 -46 -46 -46 -45 -44 -41 -41 -40 -39 -39 -37 -37 -37 -37 -35 -35 -35 -34 -34 -34 -35 -35 -36 -36 -36 -37 -37 -37 -37 -37 -37 -37 -37 -37 -37 -37 -37 -35 -35 -36 -36 -36
-2 -2 -2 -2 -2 -2 -2 -2 -2 -2 -2 -2 -2 -2 -2 -2 -2 -2 -2 -3 -3 -3 -2 -2 -2 -1 -1 -1 -1 -1 -1 -1 -1 -1 -1 -1 -1 -1 -1 -1 -1 -1 -1 -1 -1 -1 97 97 107 108 108 66 30 43 43 14 0 0 102 108 112 112 104 95 95 -1 -1 -1 -1 95 -1 -1 -1 -1 -1 -1 -1 -1 -1 -1 -1 -1 -1 -1 -1 -1 -1 99 99 102 104 104 108 107 107 107 108 110 110 99 106 106 99 95 -1 -1 -1 -1 -1 93 -1 -1 -1 -1 -1 -1 -1 -1 94 94 100 106 106 105 64 64 15 0 21 21 27 20 20 0 49 104 104 110 102 102 95 -1 -1 -1 -1 -1 -1 -1 -1 -1 -1 -1 -2 -2 -3 -3 -3 -4 -6 -6 -6 -6 -7 -7 -9 -11 -11 -8 -9 -11 -11 -9 -9 -9 -9 -8 -8 -8 -8 -8 -8 -8 -8 -8 -9 -9 -9 -9 -9 -9 -9 -9 -9 -9 -9 -8 -8 -8 -8 -8 -8 -7 -7 -7 -7 -7 -7 -7 -7 -7 -7 -7 -7 -7 -7 -7 -7 -7 -7 -7 -7 -7 -7 -7 -7 -7 -7 -7 -7 -7 -7 -7 -7 -7 -8 -8 -8 -8 -8 -8 -8 -8 -6 -6 -4 -4 -7 -7 -7 -8 -8 -8 -8 -8 -7 -7 -7 -7 -7 -7 -7 -7 -7 -7 -7 -7 -7 -7 -9 -9 -9 -9 -9 -9 -9 -9 -9 -9 -9 -9 -11 -11 -11 -11 -11 -11 -11 -11 -11 -11 -11 -9 -9 -9 -9 -9 -9 -9 -11 -11 -11 -11 -11 -11 -11 -11 -11 -11 -12 -13 -13 -14 -16 -16 -20 -21 -21 -23 -26 -28 -28 -30 -31 -31 -31 -31 -31 -31 -31 -31 -31 -30 -30 -30 -30 -30 -30 -30 -30 -31 -31 -31 -31 -28 -28 -27 -26 -26 -22 -22 -22 -21 -21 -21 -21 -21 -21 -21 -21 -22 -22 -22 -22 -21 -21 -21 -21 -21 -21 -22 -21 -21 -21 -22 -22 -23 -26 -30 -30 -34 -35 -35 -36 -36 -37 -37 -37 -37 -37 -37 -36 -36 -36 -36 -36 -36 -37 -37 -37 -37 -37 -39 -39 -39 -39 -39 -39 -39 -39 -39 -41 -44 -44 -47 -50 -50 -51 -53 -54 -54 -54 -54 -54 -53 -50 -49 -49 -47 -47 -47 -47 -47 -47 -49 -49 -49 -49 -50 -53 -53 -53 -53 -53 -53 -53 -51 -51 -50 -50 -50 -50 -50 -50 -50 -50 -50 -50 -49 -49 -47 -47 -49 -49 -49 -47 -46 -46 -45 -45 -44 -44 -44 -42 -42 -41 -40 -39 -39 -39 -37 -37 -37 -37 -35 -35 -35 -34 -34 -34 -34 -34 -34 -35 -35 -35 -37 -37 -37 -37 -36 -36 -36 -36 -36 -36 -36 -34 -34 -34 -35 -35 -35
-2 -2 -2 -2 -2 -2 -2 -2 -2 -2 -2 -2 -2 -2 -2 -2 -2 -2 -2 -2 -3 -3 -3 -2 -2 -2 -1 -1 -1 -1 -1 -1 -1 -1 -1 -1 -1 -1 -1 -1 -1 -1 -1 -1 -1 -1 -1 97 107 107 108 66 66 30 43 14 14 0 102 102 108 112 104 104 95 -1 -1 -1 -1 95 95 -1 -1 -1 -1 -1 -1 -1 -1 -1 -1 -1 -1 -1 -1 -1 -1 -1 99 102 102 104 108 108 107 107 108 108 110 99 99 106 99 95 95 -1 -1 -1 -1 93 93 -1 -1 -1 -1 -1 -1 -1 -1 94 100 100 106 105 105 64 15 0 0 21 27 27 20 0 0 49 104 110 110 102 95 95 -1 -1 -1 -1 -1 -1 -1 -1 -1 -1 -1 -2 -3 -3 -3 -4 -4 -6 -6 -6 -6 -7 -9 -9 -11 -8 -8 -9 -11 -9 -9 -9 -9 -9 -8 -8 -8 -8 -8 -8 -8 -8 -9 -9 -9 -9 -9 -9 -9 -9 -9 -9 -9 -8 -8 -8 -8 -8 -8 -7 -7 -7 -7 -7 -7 -7 -7 -7 -7 -7 -7 -7 -7 -7 -7 -7 -7 -7 -7 -7 -7 -7 -7 -7 -7 -7 -7 -7 -7 -7 -7 -7 -7 -8 -8 -8 -8 -8 -8 -8 -6 -6 -6 -4 -7 -7 -7 -8 -8 -8 -8 -8 -8 -7 -7 -7 -7 -7 -7 -7 -7 -7 -7 -7 -7 -7 -7 -9 -9 -9 -9 -9 -9 -9 -9 -9 -9 -9 -11 -11 -11 -11 -11 -11 -11 -11 -11 -11 -11 -11 -9 -9 -9 -9 -9 -9 -9 -11 -11 -11 -11 -11 -11 -11 -11 -11 -11 -12 -13 -14 -14 -16 -20 -20 -21 -23 -26 -26 -28 -30 -30 -31 -31 -31 -31 -31 -31 -31 -31 -30 -30 -30 -30 -30 -30 -30 -30 -30 -31 -31 -31 -31 -28 -27 -27 -26 -22 -22 -22 -21 -21 -21 -21 -21 -21 -21 -21 -22 -22 -22 -22 -22 -21 -21 -21 -21 -21 -22 -22 -21 -21 -21 -22 -23 -26 -26 -30 -34 -34 -35 -36 -36 -36 -37 -37 -37 -37 -37 -37 -36 -36 -36 -36 -36 -37 -37 -37 -37 -37 -37 -39 -39 -39 -39 -39 -39 -39 -39 -41 -41 -44 -47 -47 -50 -51 -53 -53 -54 -54 -54 -54 -53 -53 -50 -49 -47 -47 -47 -47 -47 -47 -49 -49 -49 -49 -50 -50 -53 -53 -53 -53 -53 -53 -53 -51 -50 -50 -50 -50 -50 -50 -50 -50 -50 -50 -49 -49 -49 -47 -49 -49 -49 -47 -47 -46 -45 -45 -45 -44 -44 -44 -42 -41 -40 -40 -39 -39 -39 -37 -37 -37 -37 -35 -35 -35 -34 -34 -34 -34 -34 -35 -35 -35 -37 -37 -37 -37 -37 -36 -36 -36 -36 -36 -36 -36 -34 -34 -35 -35 -35
-3 -3 -2 -2 -2 -2 -2 -2 -2 -2 -2 -2 -2 -2 -2 -2 -2 -2 -2 -4 -4 -4 -2 -2 -2 -2 -2 -1 -1 -1 -1 -1 -1 -1 -1 -1 -1 -1 -1 -2 -2 -2 -1 -1 -1 -1 99 99 108 110 110 77 24 24 24 12 0 0 112 112 101 101 95 -1 -1 -1 -1 -1 -1 -1 -1 -1 -1 -1 -1 -1 -1 -1 -1 -1 -1 -1 -1 -1 -1 -1 -1 91 91 91 106 106 100 95 108 108 111 108 108 -1 93 93 89 -1 -1 -1 -1 87 87 91 -1 -1 -1 -1 -1 -1 -1 -1 -1 -1 97 101 101 105 96 96 -1 15 1 1 24 0 0 15 68 105 105 108 102 102 94 -1 -1 -1 -1 -1 -1 -1 -1 -1 -1 -2 -3 -3 -4 -3 -3 -4 -6 -6 -6 -6 -8 -8 -9 -9 -9 -9 -9 -11 -11 -9 -9 -9 -9 -8 -8 -8 -8 -8 -8 -8 -9 -9 -9 -9 -9 -9 -9 -9 -9 -9 -9 -9 -9 -8 -8 -8 -8 -8 -8 -7 -7 -7 -7 -7 -7 -7 -7 -7 -7 -7 -7 -7 -7 -7 -7 -7 -7 -7 -7 -7 -7 -7 -7 -7 -7 -7 -7 -7 -7 -7 -7 -7 -8 -8 -8 -8 -8 -8 -8 -8 -6 -6 -4 -4 -7 -7 -7 -8 -8 -8 -8 -8 -7 -7 -7 -7 -7 -7 -7 -7 -7 -7 -7 -7 -7 -7 -9 -9 -9 -9 -9 -9 -9 -9 -9 -9 -9 -9 -11 -11 -11 -11 -11 -11 -11 -11 -11 -11 -12 -11 -11 -11 -11 -11 -11 -11 -9 -9 -9 -9 -11 -11 -9 -9 -9 -11 -11 -13 -13 -14 -16 -16 -22 -23 -23 -26 -28 -31 -31 -32 -34 -34 -34 -32 -32 -32 -32 -32 -32 -31 -31 -31 -31 -30 -32 -32 -32 -32 -32 -32 -31 -28 -28 -26 -23 -23 -20 -20 -20 -20 -20 -20 -20 -20 -20 -20 -20 -22 -22 -22 -22 -21 -21 -21 -22 -22 -22 -22 -21 -21 -22 -23 -23 -25 -28 -31 -31 -35 -36 -36 -36 -36 -37 -37 -37 -37 -37 -37 -36 -36 -36 -36 -37 -37 -37 -37 -37 -37 -37 -37 -37 -39 -39 -39 -39 -39 -39 -39 -41 -44 -44 -47 -51 -51 -51 -53 -54 -54 -54 -54 -54 -51 -50 -49 -49 -47 -47 -47 -47 -49 -49 -49 -50 -50 -50 -50 -53 -53 -53 -53 -53 -53 -51 -51 -51 -50 -49 -49 -50 -50 -50 -50 -50 -50 -50 -49 -47 -47 -47 -46 -46 -46 -45 -45 -45 -44 -42 -41 -41 -41 -40 -40 -40 -39 -39 -39 -37 -37 -37 -36 -36 -35 -35 -34 -34 -34 -34 -32 -32 -34 -34 -34 -34 -37 -37 -37 -36 -36 -36 -36 -36 -36 -36 -36 -34 -34 -34 -34 -35 -35
-3 -3 -3 -3 -2 -2 -2 -2 -2 -1 -1 -1 -1 -2 -2 -2 -2 -3 -3 -3 -3 -3 -3 -3 -2 -2 -2 -1 -1 -1 -1 -1 -1 -1 -1 -1 -2 -2 -2 -2 -1 -1 -1 -1 -1 -1 -1 -1 96 96 106 97 97 53 4 20 20 61 105 105 117 99 88 88 -1 -1 -1 -1 -1 -1 -1 -1 -1 -1 -1 -1 -1 -1 -1 -1 -1 -1 -1 -1 -1 -1 -1 -1 -1 -1 -1 -1 -1 -1 -1 -1 -1 -1 -1 -1 -1 -1 -1 -1 -1 -1 -1 -1 -1 -1 -1 -1 -1 -1 -1 -1 -1 -1 -1 -1 -1 -1 96 105 105 102 104 90 90 38 4 4 4 60 60 105 107 102 102 99 -1 -1 -1 -1 -1 -1 -1 -1 -1 -1 -1 -1 -3 -6 -7 -7 -4 -4 -4 -4 -6 -7 -7 -7 -8 -8 -8 -9 -9 -9 -11 -11 -11 -11 -9 -9 -9 -8 -9 -9 -9 -9 -9 -9 -9 -9 -9 -9 -9 -9 -9 -9 -9 -9 -8 -8 -8 -8 -8 -8 -8 -7 -7 -7 -7 -7 -7 -7 -7 -7 -7 -7 -7 -7 -7 -7 -7 -7 -7 -7 -7 -7 -7 -7 -8 -8 -8 -8 -8 -8 -8 -8 -8 -8 -8 -8 -8 -8 -8 -8 -8 -8 -8 -7 -7 -7 -7 -7 -7 -7 -7 -7 -7 -7 -7 -7 -7 -7 -8 -8 -8 -8 -8 -8 -8 -8 -8 -8 -8 -8 -8 -8 -8 -8 -8 -8 -8 -8 -8 -8 -9 -9 -9 -11 -11 -11 -11 -11 -11 -11 -11 -11 -11 -11 -11 -11 -11 -11 -11 -11 -11 -11 -11 -11 -11 -11 -11 -12 -12 -13 -16 -18 -18 -20 -28 -28 -30 -32 -34 -34 -36 -37 -37 -37 -39 -39 -36 -36 -35 -35 -35 -34 -34 -34 -32 -32 -32 -34 -32 -32 -32 -30 -30 -28 -25 -23 -23 -22 -18 -18 -20 -20 -20 -20 -20 -18 -18 -18 -17 -18 -18 -21 -22 -22 -23 -23 -23 -22 -23 -23 -23 -23 -25 -25 -26 -27 -30 -30 -32 -34 -34 -35 -36 -36 -36 -36 -36 -36 -36 -36 -36 -39 -39 -36 -36 -37 -37 -37 -37 -37 -37 -37 -37 -37 -37 -39 -37 -37 -37 -39 -41 -41 -45 -49 -49 -50 -53 -54 -54 -54 -54 -54 -53 -51 -51 -50 -49 -49 -49 -49 -49 -49 -50 -53 -53 -53 -53 -51 -51 -53 -53 -53 -53 -51 -50 -50 -49 -49 -49 -49 -49 -49 -49 -47 -47 -47 -46 -45 -45 -45 -45 -42 -42 -42 -41 -41 -40 -40 -39 -39 -39 -40 -40 -39 -39 -39 -39 -39 -39 -39 -39 -39 -39 -39 -40 -40 -40 -39 -39 -39 -37 -37 -37 -37 -37 -37 -37 -37 -37 -37 -36 -36 -36 -36 -37 -37 -37 -36 -36 -36 -36 -36
-3 -3 -3 -3 -2 -2 -2 -2 -1 -1 -1 -1 -2 -2 -2 -2 -2 -3 -3 -3 -3 -3 -3 -3 -2 -2 -2 -1 -1 -1 -1 -1 -1 -1 -1 -2 -2 -2 -2 -1 -1 -1 -1 -1 -1 -1 -1 -1 96 106 106 97 53 4 4 20 61 61 105 117 99 99 88 -1 -1 -1 -1 -1 -1 -1 -1 -1 -1 -1 -1 -1 -1 -1 -1 -1 -1 -1 -1 -1 -1 -1 -1 -1 -1 -1 -1 -1 -1 -1 -1 -1 -1 -1 -1 -1 -1 -1 -1 -1 -1 -1 -1 -1 -1 -1 -1 -1 -1 -1 -1 -1 -1 -1 -1 -1 -1 96 96 105 102 102 104 90 38 38 4 4 4 60 105 107 107 102 99 99 -1 -1 -1 -1 -1 -1 -1 -1 -1 -1 -1 -3 -6 -6 -7 -4 -4 -4 -4 -4 -6 -7 -7 -7 -8 -8 -8 -9 -9 -11 -11 -11 -11 -11 -9 -9 -8 -8 -9 -9 -9 -9 -9 -9 -9 -9 -9 -9 -9 -9 -9 -9 -9 -8 -8 -8 -8 -8 -8 -8 -8 -7 -7 -7 -7 -7 -7 -7 -7 -7 -7 -7 -7 -7 -7 -7 -7 -7 -7 -7 -7 -7 -7 -8 -8 -8 -8 -8 -8 -8 -8 -8 -8 -8 -8 -8 -8 -8 -8 -8 -8 -8 -8 -7 -7 -7 -7 -7 -7 -7 -7 -7 -7 -7 -7 -7 -7 -8 -8 -8 -8 -8 -8 -8 -8 -8 -8 -8 -8 -8 -8 -8 -8 -8 -8 -8 -8 -8 -8 -8 -9 -9 -9 -11 -11 -11 -11 -11 -11 -11 -11 -11 -11 -11 -11 -11 -11 -11 -11 -11 -11 -11 -11 -11 -11 -11 -11 -12 -13 -16 -16 -18 -20 -20 -28 -30 -30 -32 -34 -36 -36 -37 -37 -37 -39 -36 -36 -36 -35 -35 -35 -34 -34 -34 -32 -32 -34 -34 -32 -32 -32 -30 -28 -25 -25 -23 -22 -22 -18 -20 -20 -20 -20 -20 -20 -18 -18 -18 -17 -18 -21 -21 -22 -23 -23 -23 -22 -23 -23 -23 -23 -23 -25 -26 -26 -27 -30 -32 -32 -34 -35 -35 -36 -36 -36 -36 -36 -36 -36 -36 -39 -39 -39 -36 -37 -37 -37 -37 -37 -37 -37 -37 -37 -37 -39 -39 -37 -37 -37 -39 -41 -45 -45 -49 -50 -50 -53 -54 -54 -54 -54 -53 -53 -51 -50 -49 -49 -49 -49 -49 -49 -50 -50 -53 -53 -53 -53 -51 -53 -53 -53 -53 -51 -51 -50 -49 -49 -49 -49 -49 -49 -49 -47 -47 -47 -46 -46 -45 -45 -45 -45 -42 -42 -42 -41 -40 -40 -40 -39 -39 -39 -40 -39 -39 -39 -39 -39 -39 -39 -39 -39 -39 -39 -40 -40 -40 -39 -39 -39 -37 -37 -37 -37 -37 -37 -37 -37 -37 -37 -36 -36 -36 -36 -37 -37 -37 -36 -36 -36 -36 -36 -36
-4 -4 -4 -4 -3 -3 -3 -3 -3 -2 -2 -2 -2 -3 -3 -3 -3 -3 -3 -4 -3 -3 -3 -3 -2 -2 -2 -2 -1 -1 -1 -2 -2 -2 -3 -3 -3 -3 -3 -3 -2 -2 -2 -1 -1 -1 -1 -1 96 96 107 108 108 87 56 79 79 101 111 111 105 94 -1 -1 -1 -1 -1 -1 -1 -1 -1 -1 -1 -1 -1 -1 -1 -1 -1 -1 -1 -1 -1 -1 -1 -1 -1 -1 -1 -1 -1 -1 -1 -1 -1 -1 -1 -1 -1 -1 -1 -1 -1 -1 -1 -1 -1 -1 -1 -1 -1 -1 -1 -1 -1 -1 -1 -1 -1 -1 -1 -1 96 97 97 105 106 105 105 89 64 64 71 93 93 116 108 102 102 -1 -1 -1 -1 -1 -1 -1 -1 -1 -1 -1 -1 -1 -3 -6 -6 -6 -4 -6 -6 -6 -7 -7 -7 -8 -9 -9 -9 -9 -9 -9 -11 -11 -11 -11 -9 -9 -9 -9 -9 -9 -9 -9 -9 -9 -9 -9 -9 -9 -9 -9 -9 -9 -9 -9 -8 -8 -8 -8 -8 -8 -8 -7 -7 -7 -7 -7 -7 -7 -7 -7 -7 -7 -7 -7 -7 -7 -7 -7 -7 -7 -7 -7 -7 -7 -8 -8 -8 -8 -8 -8 -8 -8 -8 -8 -8 -8 -8 -8 -8 -8 -8 -8 -8 -7 -7 -7 -7 -7 -7 -7 -7 -7 -7 -7 -7 -7 -7 -7 -8 -8 -8 -8 -8 -8 -8 -8 -8 -8 -8 -8 -8 -8 -8 -8 -8 -8 -8 -8 -8 -9 -9 -9 -9 -11 -11 -11 -11 -11 -11 -11 -11 -11 -11 -11 -11 -11 -11 -11 -11 -11 -11 -11 -11 -12 -11 -11 -12 -12 -12 -14 -17 -21 -21 -22 -30 -30 -31 -34 -36 -36 -39 -39 -39 -39 -39 -39 -37 -36 -36 -36 -35 -35 -35 -34 -32 -32 -32 -32 -32 -32 -31 -28 -28 -26 -23 -22 -22 -21 -18 -18 -18 -20 -18 -18 -18 -18 -18 -17 -17 -20 -20 -21 -22 -22 -25 -25 -25 -25 -25 -25 -25 -25 -25 -25 -26 -28 -31 -31 -32 -34 -34 -35 -36 -36 -36 -36 -36 -36 -36 -36 -36 -39 -39 -37 -37 -37 -37 -37 -37 -37 -37 -37 -37 -37 -37 -39 -37 -37 -37 -39 -42 -42 -45 -49 -49 -51 -54 -54 -54 -54 -54 -54 -54 -53 -53 -51 -50 -49 -49 -49 -50 -50 -51 -53 -54 -54 -53 -53 -53 -54 -53 -53 -51 -50 -49 -49 -47 -47 -47 -47 -47 -47 -47 -46 -46 -46 -45 -44 -44 -44 -44 -42 -42 -41 -40 -40 -40 -39 -39 -39 -39 -39 -39 -39 -39 -39 -39 -39 -40 -40 -40 -40 -40 -40 -41 -40 -40 -40 -40 -40 -39 -39 -39 -39 -39 -39 -39 -39 -37 -37 -37 -37 -37 -37 -39 -39 -39 -39 -39 -39 -39 -39
-4 -4 -4 -4 -4 -4 -4 -4 -3 -3 -3 -4 -4 -4 -4 -4 -4 -6 -6 -3 -3 -3 -3 -3 -3 -2 -2 -2 -2 -1 -1 -2 -3 -3 -3 -3 -3 -3 -3 -2 -2 -2 -1 -1 -3 -3 -1 -1 -1 96 96 106 102 97 97 108 110 110 101 94 -1 -1 -1 -1 -1 -1 -1 -1 -1 -1 -1 -1 -1 -1 -1 -1 -1 -1 -1 -1 -1 -1 -1 -1 -1 -1 -1 -1 -1 -1 -1 -1 -1 -1 -1 -1 -1 -1 -1 -1 -1 -1 -1 -1 -1 -1 -1 -1 -1 -1 -1 -1 -1 -1 -1 -1 -1 -1 -1 -1 -1 90 90 95 95 95 99 107 110 110 110 111 111 107 111 99 99 96 -1 -1 -1 -1 -1 -1 -1 -1 -1 -1 -1 -1 -1 -2 -4 -4 -4 -6 -6 -6 -7 -7 -7 -8 -9 -9 -9 -9 -9 -9 -11 -11 -11 -11 -11 -11 -11 -9 -9 -9 -9 -9 -9 -9 -9 -9 -9 -9 -9 -9 -9 -9 -9 -9 -8 -8 -8 -8 -8 -8 -8 -8 -8 -7 -7 -7 -7 -7 -7 -7 -7 -7 -7 -7 -7 -7 -7 -7 -7 -7 -7 -7 -7 -7 -7 -8 -8 -8 -8 -8 -8 -8 -8 -8 -8 -8 -8 -8 -8 -8 -8 -8 -8 -8 -8 -7 -7 -7 -8 -8 -8 -8 -8 -8 -8 -8 -8 -8 -8 -8 -8 -8 -8 -8 -8 -8 -8 -8 -8 -8 -8 -8 -8 -8 -8 -8 -8 -8 -9 -9 -9 -9 -9 -9 -9 -11 -11 -11 -11 -11 -11 -11 -11 -11 -11 -11 -11 -11 -11 -11 -11 -11 -11 -11 -12 -12 -11 -12 -12 -12 -14 -20 -20 -23 -25 -25 -32 -34 -34 -36 -40 -41 -41 -41 -40 -40 -40 -39 -39 -39 -37 -36 -36 -35 -34 -34 -32 -32 -31 -31 -30 -28 -28 -26 -23 -22 -22 -21 -21 -21 -18 -18 -18 -18 -18 -18 -18 -17 -17 -17 -16 -20 -22 -22 -23 -26 -26 -26 -26 -27 -27 -27 -26 -26 -26 -27 -27 -30 -31 -32 -32 -34 -35 -35 -35 -35 -35 -35 -36 -36 -36 -36 -39 -39 -39 -37 -37 -37 -37 -37 -37 -37 -37 -37 -37 -37 -37 -37 -37 -39 -39 -40 -44 -46 -46 -50 -53 -53 -54 -54 -55 -55 -54 -54 -54 -53 -51 -50 -50 -51 -51 -51 -51 -54 -54 -55 -56 -55 -55 -55 -54 -54 -53 -50 -49 -49 -46 -46 -46 -46 -46 -46 -45 -45 -45 -45 -44 -42 -42 -42 -41 -41 -41 -40 -40 -40 -39 -39 -39 -37 -37 -39 -39 -39 -37 -37 -39 -39 -40 -40 -40 -41 -41 -41 -41 -42 -42 -42 -42 -42 -41 -41 -41 -40 -40 -40 -40 -40 -40 -40 -40 -39 -40 -40 -40 -41 -41 -41 -41 -41 -41 -41 -41 -41
-4 -4 -4 -4 -4 -4 -4 -4 -4 -3 -3 -4 -4 -4 -4 -4 -4 -6 -6 -6 -3 -3 -3 -3 -3 -3 -2 -2 -2 -2 -1 -2 -2 -3 -3 -3 -3 -3 -3 -3 -2 -2 -2 -1 -3 -3 -3 -1 -1 -1 96 106 106 102 97 108 108 110 101 101 94 -1 -1 -1 -1 -1 -1 -1 -1 -1 -1 -1 -1 -1 -1 -1 -1 -1 -1 -1 -1 -1 -1 -1 -1 -1 -1 -1 -1 -1 -1 -1 -1 -1 -1 -1 -1 -1 -1 -1 -1 -1 -1 -1 -1 -1 -1 -1 -1 -1 -1 -1 -1 -1 -1 -1 -1 -1 -1 -1 -1 -1 90 95 95 95 99 107 107 110 110 110 111 107 107 111 99 96 96 -1 -1 -1 -1 -1 -1 -1 -1 -1 -1 -1 -1 -1 -2 -4 -4 -4 -6 -6 -6 -7 -7 -8 -8 -9 -9 -9 -9 -9 -9 -11 -11 -11 -11 -11 -11 -11 -9 -9 -9 -9 -9 -9 -9 -9 -9 -9 -9 -9 -9 -9 -9 -9 -9 -8 -8 -8 -8 -8 -8 -8 -8 -7 -7 -7 -7 -7 -7 -7 -7 -7 -7 -7 -7 -7 -7 -7 -7 -7 -7 -7 -7 -7 -7 -7 -8 -8 -8 -8 -8 -8 -8 -8 -8 -8 -8 -8 -8 -8 -8 -8 -8 -8 -8 -7 -7 -7 -8 -8 -8 -8 -8 -8 -8 -8 -8 -8 -8 -8 -8 -8 -8 -8 -8 -8 -8 -8 -8 -8 -8 -8 -8 -8 -8 -8 -8 -8 -9 -9 -9 -9 -9 -9 -9 -11 -11 -11 -11 -11 -11 -11 -11 -11 -11 -11 -11 -11 -11 -11 -11 -11 -11 -11 -11 -12 -11 -11 -12 -12 -12 -14 -20 -23 -23 -25 -32 -32 -34 -36 -40 -40 -41 -41 -41 -40 -40 -40 -39 -39 -37 -37 -36 -35 -35 -34 -32 -32 -32 -31 -30 -30 -28 -26 -26 -23 -22 -21 -21 -21 -18 -18 -18 -18 -18 -18 -18 -17 -17 -17 -16 -20 -20 -22 -23 -23 -26 -26 -26 -26 -27 -27 -27 -26 -26 -26 -27 -30 -31 -31 -32 -34 -34 -35 -35 -35 -35 -35 -36 -36 -36 -36 -36 -39 -39 -37 -37 -37 -37 -37 -37 -37 -37 -37 -37 -37 -37 -37 -37 -37 -39 -40 -44 -44 -46 -50 -50 -53 -54 -54 -54 -55 -54 -54 -54 -53 -53 -51 -50 -51 -51 -51 -51 -51 -54 -55 -56 -56 -55 -55 -55 -54 -53 -53 -50 -49 -46 -46 -46 -46 -46 -46 -45 -45 -45 -45 -44 -44 -42 -42 -42 -41 -41 -40 -40 -40 -39 -39 -39 -37 -37 -37 -39 -39 -39 -37 -39 -39 -39 -40 -40 -40 -41 -41 -41 -41 -42 -42 -42 -42 -41 -41 -41 -40 -40 -40 -40 -40 -40 -40 -40 -40 -39 -40 -40 -40 -41 -41 -41 -41 -41 -41 -41 -41
-4 -4 -4 -4 -4 -4 -4 -4 -4 -4 -4 -4 -4 -4 -6 -6 -6 -6 -6 -4 -4 -4 -3 -3 -3 -3 -3 -2 -2 -2 -2 -2 -2 -2 -3 -3 -3 -3 -2 -2 -2 -2 -2 -2 -1 -2 -1 -1 -1 -1 -1 90 95 100 100 97 93 93 89 -1 -1 -1 -1 -1 -1 -1 -1 -1 -1 -1 -1 -1 -1 -1 -1 -1 -1 -1 -1 -1 -1 -1 -1 -1 -1 -1 -1 -1 -1 -1 -1 -1 -1 -1 -1 -1 -1 -1 -1 -1 -1 -1 -1 -1 -1 -1 -1 -1 -1 -1 -1 -1 -1 -1 -1 -1 -1 -1 -1 -1 -1 -1 -1 -1 -1 -1 95 100 104 104 113 106 106 104 100 90 90 -1 -1 -1 -1 -1 -1 -1 -1 -1 -1 -1 -1 -1 -1 -2 -3 -3 -4 -6 -6 -7 -7 -7 -8 -8 -9 -9 -9 -9 -9 -11 -11 -11 -11 -11 -11 -11 -11 -9 -9 -9 -9 -9 -9 -9 -9 -9 -9 -9 -9 -9 -8 -9 -9 -9 -8 -8 -8 -8 -8 -8 -8 -7 -7 -7 -7 -7 -7 -7 -7 -7 -7 -7 -7 -7 -7 -7 -7 -7 -7 -7 -7 -7 -7 -7 -7 -8 -8 -8 -8 -8 -8 -8 -8 -8 -8 -8 -8 -8 -8 -8 -8 -8 -8 -8 -8 -7 -7 -7 -8 -8 -8 -8 -8 -8 -8 -8 -8 -8 -8 -8 -8 -8 -8 -8 -8 -8 -8 -8 -8 -8 -8 -8 -8 -8 -8 -9 -9 -9 -9 -9 -9 -9 -9 -9 -9 -11 -11 -11 -11 -12 -12 -12 -12 -11 -11 -11 -11 -11 -11 -11 -11 -11 -11 -11 -11 -11 -11 -11 -11 -13 -17 -21 -21 -25 -27 -27 -35 -36 -36 -40 -42 -44 -44 -42 -41 -41 -40 -39 -39 -39 -37 -36 -36 -35 -34 -34 -32 -31 -30 -30 -28 -26 -26 -23 -21 -21 -21 -20 -20 -20 -18 -18 -18 -18 -17 -17 -17 -17 -16 -16 -16 -18 -21 -21 -23 -26 -26 -27 -27 -28 -28 -28 -27 -27 -28 -28 -28 -30 -31 -32 -32 -34 -34 -34 -34 -35 -35 -35 -35 -36 -36 -36 -39 -39 -39 -37 -37 -37 -37 -37 -37 -37 -39 -39 -39 -39 -37 -37 -37 -39 -39 -40 -45 -47 -47 -51 -53 -53 -55 -55 -55 -55 -55 -54 -54 -53 -51 -51 -51 -53 -53 -53 -53 -54 -54 -56 -56 -56 -56 -55 -53 -53 -51 -49 -46 -46 -45 -45 -45 -45 -45 -45 -44 -44 -42 -42 -41 -41 -41 -40 -40 -39 -39 -39 -39 -39 -37 -37 -37 -37 -37 -37 -37 -37 -37 -37 -37 -39 -40 -40 -41 -41 -41 -42 -42 -44 -44 -44 -44 -44 -42 -42 -42 -42 -42 -42 -42 -41 -41 -41 -41 -41 -41 -41 -42 -44 -44 -44 -42 -42 -42 -44 -44 -44
-4 -4 -4 -4 -4 -4 -4 -4 -4 -4 -4 -4 -4 -4 -6 -6 -6 -6 -6 -6 -4 -4 -4 -3 -3 -3 -3 -2 -2 -2 -2 -2 -2 -2 -3 -3 -3 -3 -2 -2 -2 -2 -2 -2 -1 -2 -2 -1 -1 -1 -1 90 90 95 100 97 97 93 89 89 -1 -1 -1 -1 -1 -1 -1 -1 -1 -1 -1 -1 -1 -1 -1 -1 -1 -1 -1 -1 -1 -1 -1 -1 -1 -1 -1 -1 -1 -1 -1 -1 -1 -1 -1 -1 -1 -1 -1 -1 -1 -1 -1 -1 -1 -1 -1 -1 -1 -1 -1 -1 -1 -1 -1 -1 -1 -1 -1 -1 -1 -1 -1 -1 -1 -1 95 100 100 104 113 113 106 104 104 100 90 -1 -1 -1 -1 -1 -1 -1 -1 -1 -1 -1 -1 -1 -1 -1 -2 -3 -4 -4 -6 -7 -7 -7 -8 -8 -8 -9 -9 -9 -9 -11 -11 -11 -11 -11 -11 -11 -11 -11 -9 -9 -9 -9 -9 -9 -9 -9 -9 -9 -9 -9 -8 -8 -9 -9 -9 -8 -8 -8 -8 -8 -8 -8 -7 -7 -7 -7 -7 -7 -7 -7 -7 -7 -7 -7 -7 -7 -7 -7 -7 -7 -7 -7 -7 -7 -7 -7 -8 -8 -8 -8 -8 -8 -8 -8 -8 -8 -8 -8 -8 -8 -8 -8 -8 -8 -8 -7 -7 -7 -8 -8 -8 -8 -8 -8 -8 -8 -8 -8 -8 -8 -8 -8 -8 -8 -8 -8 -8 -8 -8 -8 -8 -8 -8 -8 -8 -9 -9 -9 -9 -9 -9 -9 -9 -9 -9 -11 -11 -11 -11 -12 -12 -12 -12 -12 -11 -11 -11 -11 -11 -11 -11 -11 -11 -11 -11 -11 -11 -11 -11 -13 -13 -17 -21 -25 -25 -27 -35 -35 -36 -40 -42 -42 -44 -42 -42 -41 -40 -40 -39 -39 -37 -37 -36 -35 -35 -34 -32 -31 -31 -30 -28 -28 -26 -23 -23 -21 -21 -20 -20 -20 -18 -18 -18 -18 -17 -17 -17 -17 -17 -16 -16 -18 -18 -21 -23 -23 -26 -27 -27 -27 -28 -28 -28 -27 -28 -28 -28 -30 -31 -31 -32 -34 -34 -34 -34 -34 -35 -35 -35 -35 -36 -36 -36 -39 -39 -37 -37 -37 -37 -37 -37 -37 -37 -39 -39 -39 -39 -37 -37 -37 -39 -40 -45 -45 -47 -51 -51 -53 -55 -55 -55 -55 -55 -55 -54 -53 -53 -51 -51 -53 -53 -53 -53 -53 -54 -56 -56 -56 -56 -55 -55 -53 -51 -51 -49 -46 -45 -45 -45 -45 -45 -45 -44 -44 -44 -42 -41 -41 -41 -40 -40 -40 -39 -39 -39 -39 -37 -37 -37 -37 -37 -37 -37 -37 -37 -37 -37 -39 -39 -40 -41 -41 -41 -42 -42 -42 -44 -44 -44 -44 -42 -42 -42 -42 -42 -42 -42 -41 -41 -41 -41 -41 -41 -41 -42 -42 -44 -44 -44 -42 -42 -44 -44 -44
-4 -4 -4 -4 -4 -4 -4 -4 -4 -4 -4 -4 -4 -4 -6 -6 -6 -6 -6 -4 -4 -4 -4 -4 -4 -4 -4 -3 -3 -3 -3 -3 -3 -3 -4 -4 -4 -4 -3 -3 -3 -2 -3 -3 -1 -1 -1 -1 -1 -1 -1 -1 -1 -1 -1 -1 -1 -1 -1 -1 -1 -1 -1 -1 -1 -1 -1 -1 -1 -1 -1 -1 -1 -1 -1 -1 -1 -1 -1 -1 -1 -1 -1 -1 -1 -1 -1 -1 -1 -1 -1 -1 -1 -1 -1 -1 -1 -1 -1 -1 -1 -1 -1 -1 -1 -1 -1 -1 -1 -1 -1 -1 -1 -1 -1 -1 -1 -1 -1 -1 -1 -1 -1 -1 -1 -1 -1 93 101 101 100 102 102 96 94 -1 -1 -1 -1 -1 -1 -1 -1 -2 -1 -1 -1 -1 -1 -1 -1 -2 -4 -4 -6 -6 -6 -7 -7 -7 -7 -8 -8 -8 -9 -9 -9 -11 -11 -12 -12 -12 -12 -12 -11 -11 -9 -9 -9 -9 -9 -9 -9 -9 -9 -9 -8 -8 -8 -9 -9 -8 -8 -8 -8 -8 -8 -8 -7 -7 -7 -7 -7 -7 -7 -7 -7 -7 -7 -7 -7 -7 -7 -7 -7 -7 -7 -7 -7 -7 -7 -7 -7 -8 -8 -8 -8 -8 -8 -8 -8 -8 -8 -8 -7 -7 -7 -7 -7 -7 -7 -7 -7 -6 -6 -6 -7 -7 -7 -7 -7 -7 -7 -7 -7 -7 -7 -8 -8 -8 -8 -8 -8 -8 -9 -9 -9 -9 -9 -9 -9 -9 -9 -9 -9 -9 -9 -9 -9 -9 -9 -9 -9 -11 -11 -12 -12 -12 -12 -12 -12 -11 -11 -11 -11 -11 -11 -11 -12 -12 -12 -12 -11 -11 -11 -12 -12 -16 -18 -23 -23 -27 -30 -30 -36 -37 -37 -40 -42 -42 -42 -41 -40 -40 -39 -39 -37 -37 -36 -35 -35 -34 -32 -32 -31 -30 -28 -28 -27 -25 -25 -22 -20 -20 -20 -20 -20 -20 -18 -18 -18 -18 -17 -17 -17 -16 -16 -16 -16 -18 -21 -21 -23 -26 -26 -27 -28 -28 -28 -30 -30 -30 -30 -30 -30 -31 -31 -32 -32 -32 -34 -34 -34 -34 -34 -34 -35 -36 -36 -36 -39 -39 -39 -37 -37 -37 -37 -39 -39 -39 -39 -39 -39 -39 -37 -37 -39 -40 -40 -41 -46 -49 -49 -53 -54 -54 -55 -55 -55 -55 -54 -54 -54 -53 -51 -51 -51 -51 -51 -51 -51 -53 -53 -54 -54 -54 -54 -53 -50 -50 -49 -46 -45 -45 -44 -42 -42 -42 -42 -42 -42 -41 -41 -41 -40 -40 -40 -39 -37 -37 -37 -37 -37 -37 -37 -36 -36 -36 -36 -37 -37 -37 -37 -37 -37 -39 -39 -39 -40 -41 -41 -42 -42 -44 -44 -44 -44 -44 -44 -44 -44 -44 -44 -44 -44 -44 -44 -44 -44 -44 -44 -44 -44 -45 -45 -46 -44 -44 -44 -45 -45 -45
-6 -6 -6 -6 -6 -6 -6 -7 -7 -6 -6 -6 -6 -6 -6 -6 -6 -6 -6 -6 -6 -6 -6 -6 -6 -6 -6 -4 -4 -4 -4 -6 -6 -6 -6 -6 -6 -6 -4 -4 -4 -3 -3 -3 -3 -1 -1 -6 -1 -1 -1 -1 -1 -1 -1 -1 -1 -1 -1 -1 -1 -1 -1 -1 -1 -1 -1 -1 -1 -1 -1 -1 -1 -1 -1 -1 -1 -1 -1 -1 -1 -1 -1 -1 -1 -1 -1 -1 -1 -1 -1 -1 -1 -1 -1 -1 -1 -1 -1 -1 -1 -1 -1 -1 -1 -1 -1 -1 -1 -1 -1 -1 -1 -1 -1 -1 -1 -1 -1 -1 -1 -1 -1 -1 -1 -1 -1 -1 -1 -1 93 93 96 -1 -1 -1 -1 -1 -1 -1 -1 -1 -1 -1 -1 -1 -1 -1 -1 -1 -1 -1 -3 -6 -7 -7 -7 -7 -7 -8 -8 -9 -9 -9 -9 -9 -9 -11 -11 -11 -12 -12 -12 -12 -11 -11 -11 -11 -9 -9 -9 -9 -9 -9 -9 -8 -8 -8 -8 -8 -8 -8 -8 -8 -8 -8 -8 -8 -7 -7 -7 -7 -7 -7 -7 -7 -7 -7 -7 -7 -7 -7 -7 -7 -7 -7 -7 -7 -7 -7 -7 -7 -7 -7 -8 -8 -8 -8 -8 -8 -8 -8 -8 -8 -8 -7 -7 -7 -7 -7 -7 -7 -7 -6 -6 -6 -7 -7 -7 -7 -7 -7 -7 -7 -7 -7 -7 -7 -8 -8 -8 -8 -8 -9 -9 -9 -9 -9 -9 -9 -9 -9 -9 -9 -9 -9 -9 -9 -9 -11 -9 -9 -9 -11 -11 -12 -12 -12 -12 -12 -12 -12 -11 -11 -11 -11 -11 -12 -12 -12 -12 -12 -12 -11 -12 -12 -14 -18 -18 -22 -26 -30 -30 -32 -39 -39 -40 -41 -42 -42 -41 -40 -40 -37 -36 -36 -36 -36 -35 -35 -32 -31 -31 -30 -28 -27 -27 -26 -25 -25 -23 -22 -22 -21 -20 -21 -21 -21 -20 -20 -18 -18 -17 -17 -17 -16 -16 -16 -16 -18 -18 -21 -23 -23 -27 -28 -28 -28 -30 -30 -30 -30 -30 -30 -31 -31 -31 -31 -32 -32 -32 -32 -32 -32 -32 -34 -35 -35 -35 -36 -36 -39 -39 -39 -39 -39 -39 -39 -39 -39 -39 -39 -39 -39 -39 -39 -39 -39 -41 -42 -47 -47 -50 -53 -53 -54 -55 -55 -55 -54 -54 -54 -53 -53 -53 -51 -51 -51 -51 -50 -50 -50 -51 -53 -53 -53 -51 -50 -50 -47 -46 -46 -46 -44 -42 -42 -41 -41 -41 -41 -41 -41 -41 -41 -40 -40 -39 -39 -39 -37 -37 -37 -37 -37 -36 -36 -36 -36 -36 -36 -37 -37 -37 -36 -37 -37 -37 -39 -40 -40 -41 -41 -41 -42 -44 -44 -44 -44 -44 -44 -44 -45 -45 -45 -45 -45 -45 -45 -45 -45 -45 -45 -45 -45 -46 -46 -46 -45 -45 -45 -45 -46
-6 -6 -6 -6 -6 -6 -6 -7 -6 -6 -6 -6 -6 -6 -6 -6 -6 -6 -6 -6 -6 -6 -6 -6 -6 -6 -6 -4 -4 -4 -4 -6 -6 -6 -6 -6 -6 -6 -4 -4 -4 -3 -3 -3 -3 -1 -6 -6 -1 -1 -1 -1 -1 -1 -1 -1 -1 -1 -1 -1 -1 -1 -1 -1 -1 -1 -1 -1 -1 -1 -1 -1 -1 -1 -1 -1 -1 -1 -1 -1 -1 -1 -1 -1 -1 -1 -1 -1 -1 -1 -1 -1 -1 -1 -1 -1 -1 -1 -1 -1 -1 -1 -1 -1 -1 -1 -1 -1 -1 -1 -1 -1 -1 -1 -1 -1 -1 -1 -1 -1 -1 -1 -1 -1 -1 -1 -1 -1 -1 -1 93 96 96 -1 -1 -1 -1 -1 -1 -1 -1 -1 -1 -1 -1 -1 -1 -1 -1 -1 -1 -3 -6 -6 -7 -7 -7 -7 -8 -8 -8 -9 -9 -9 -9 -9 -9 -11 -11 -12 -12 -12 -12 -12 -11 -11 -11 -11 -9 -9 -9 -9 -9 -9 -9 -8 -8 -8 -8 -8 -8 -8 -8 -8 -8 -8 -8 -8 -7 -7 -7 -7 -7 -7 -7 -7 -7 -7 -7 -7 -7 -7 -7 -7 -7 -7 -7 -7 -7 -7 -7 -7 -7 -8 -8 -8 -8 -8 -8 -8 -8 -8 -8 -8 -7 -7 -7 -7 -7 -7 -7 -7 -7 -6 -6 -6 -7 -7 -7 -7 -7 -7 -7 -7 -7 -7 -7 -8 -8 -8 -8 -8 -8 -9 -9 -9 -9 -9 -9 -9 -9 -9 -9 -9 -9 -9 -9 -9 -11 -11 -9 -9 -9 -11 -12 -12 -12 -12 -12 -12 -12 -11 -11 -11 -11 -11 -11 -12 -12 -12 -12 -12 -11 -11 -12 -14 -14 -18 -22 -26 -26 -30 -32 -32 -39 -40 -40 -41 -42 -41 -41 -40 -37 -37 -36 -36 -36 -36 -35 -32 -32 -31 -30 -30 -28 -27 -26 -26 -25 -23 -23 -22 -21 -20 -20 -21 -21 -21 -20 -18 -18 -18 -17 -17 -17 -16 -16 -16 -16 -18 -21 -21 -23 -27 -27 -28 -28 -30 -30 -30 -30 -30 -30 -31 -31 -31 -31 -32 -32 -32 -32 -32 -32 -32 -34 -34 -35 -35 -35 -36 -39 -39 -39 -39 -39 -39 -39 -39 -39 -39 -39 -39 -39 -39 -39 -39 -39 -41 -41 -42 -47 -50 -50 -53 -54 -54 -55 -55 -54 -54 -54 -53 -53 -53 -51 -51 -51 -51 -50 -50 -50 -51 -51 -53 -53 -51 -51 -50 -47 -47 -46 -46 -44 -44 -42 -41 -41 -41 -41 -41 -41 -41 -41 -41 -40 -39 -39 -39 -37 -37 -37 -37 -37 -37 -36 -36 -36 -36 -36 -37 -37 -37 -36 -36 -37 -37 -39 -39 -40 -41 -41 -41 -42 -44 -44 -44 -44 -44 -44 -44 -44 -45 -45 -45 -45 -45 -45 -45 -45 -45 -45 -45 -45 -46 -46 -46 -45 -45 -45 -45 -46 -46
-8 -8 -8 -8 -9 -9 -9 -9 -9 -7 -7 -7 -7 -7 -7 -7 -7 -7 -7 -7 -8 -8 -8 -8 -8 -8 -8 -8 -7 -7 -7 -8 -8 -8 -8 -8 -8 -8 -7 -7 -7 -6 -6 -3 -7 -3 -3 -6 -7 -7 -4 -7 -7 -4 -3 -3 -3 -6 -8 -8 -4 -1 -1 -1 -7 -1 -1 -1 -1 -1 -1 -1 -1 -1 -1 -1 -1 -1 -1 -1 -1 -1 -1 -1 -1 -1 -1 -1 -1 -1 -1 -1 -1 -1 -1 -1 -1 -1 -1 -1 -1 -1 -1 -1 -1 -1 -1 -1 -1 -1 -1 -1 -1 -1 -1 -1 -1 -1 -1 -1 -1 -1 -1 -1 -1 -1 -1 -1 -1 -1 -1 -1 -1 -1 -1 -1 -1 -1 -1 -1 -1 -1 -1 -1 -1 -1 -1 -1 -1 -1 -1 -1 -4 -8 -9 -9 -9 -9 -9 -9 -11 -11 -11 -11 -12 -12 -12 -11 -11 -12 -12 -12 -12 -12 -12 -12 -11 -11 -9 -9 -9 -9 -9 -9 -9 -8 -8 -8 -8 -8 -8 -8 -8 -8 -8 -8 -8 -7 -7 -7 -7 -7 -7 -7 -7 -7 -7 -7 -7 -7 -7 -7 -7 -7 -7 -7 -7 -7 -7 -7 -7 -7 -7 -7 -8 -8 -8 -8 -8 -8 -8 -8 -8 -8 -8 -7 -7 -7 -7 -7 -7 -7 -7 -6 -6 -6 -7 -7 -7 -7 -7 -7 -7 -7 -7 -7 -7 -7 -8 -8 -8 -8 -8 -9 -9 -9 -9 -9 -9 -9 -9 -9 -9 -9 -9 -9 -11 -11 -11 -11 -9 -9 -9 -11 -11 -12 -12 -12 -12 -12 -13 -13 -11 -11 -11 -11 -11 -12 -12 -12 -12 -12 -12 -14 -16 -16 -18 -22 -22 -26 -30 -34 -34 -36 -40 -40 -40 -41 -41 -41 -40 -39 -39 -36 -35 -35 -34 -34 -32 -32 -31 -28 -28 -27 -26 -25 -25 -25 -25 -25 -23 -22 -22 -22 -21 -22 -22 -22 -20 -20 -20 -18 -17 -17 -17 -16 -16 -16 -16 -20 -20 -22 -26 -26 -28 -30 -30 -31 -31 -31 -31 -31 -31 -31 -31 -31 -31 -31 -31 -31 -31 -31 -32 -32 -32 -34 -34 -34 -35 -36 -36 -39 -39 -39 -39 -39 -39 -39 -39 -39 -39 -39 -39 -39 -39 -39 -40 -40 -41 -44 -47 -47 -50 -53 -53 -54 -54 -54 -54 -54 -53 -53 -53 -51 -51 -51 -51 -50 -50 -50 -49 -49 -49 -50 -50 -50 -49 -46 -46 -46 -45 -45 -44 -42 -42 -42 -41 -40 -40 -40 -41 -41 -41 -41 -40 -40 -39 -39 -39 -37 -37 -37 -37 -36 -36 -36 -36 -36 -37 -37 -37 -37 -37 -37 -37 -37 -37 -39 -39 -39 -40 -40 -40 -40 -42 -42 -42 -42 -44 -44 -44 -45 -45 -45 -46 -46 -46 -46 -46 -46 -46 -46 -46 -46 -46 -47 -47 -46 -46 -46 -46 -47
-8 -8 -8 -8 -9 -9 -9 -9 -7 -7 -7 -7 -7 -7 -7 -7 -7 -7 -7 -8 -8 -8 -8 -8 -8 -8 -8 -8 -7 -7 -7 -8 -8 -8 -8 -8 -8 -8 -7 -7 -7 -6 -3 -3 -7 -3 -6 -6 -7 -4 -4 -7 -4 -3 -3 -3 -6 -6 -8 -4 -1 -1 -1 -7 -7 -1 -1 -1 -1 -1 -1 -1 -1 -1 -1 -1 -1 -1 -1 -1 -1 -1 -1 -1 -1 -1 -1 -1 -1 -1 -1 -1 -1 -1 -1 -1 -1 -1 -1 -1 -1 -1 -1 -1 -1 -1 -1 -1 -1 -1 -1 -1 -1 -1 -1 -1 -1 -1 -1 -1 -1 -1 -1 -1 -1 -1 -1 -1 -1 -1 -1 -1 -1 -1 -1 -1 -1 -1 -1 -1 -1 -1 -1 -1 -1 -1 -1 -1 -1 -1 -1 -4 -8 -8 -9 -9 -9 -9 -9 -9 -11 -11 -11 -11 -12 -12 -12 -11 -12 -12 -12 -12 -12 -12 -12 -11 -11 -11 -9 -9 -9 -9 -9 -9 -9 -8 -8 -8 -8 -8 -8 -8 -8 -8 -8 -8 -7 -7 -7 -7 -7 -7 -7 -7 -7 -7 -7 -7 -7 -7 -7 -7 -7 -7 -7 -7 -7 -7 -7 -7 -7 -7 -7 -8 -8 -8 -8 -8 -8 -8 -8 -8 -8 -8 -7 -7 -7 -7 -7 -7 -7 -7 -7 -6 -6 -6 -7 -7 -7 -7 -7 -7 -7 -7 -7 -7 -7 -8 -8 -8 -8 -8 -8 -9 -9 -9 -9 -9 -9 -9 -9 -9 -9 -9 -9 -9 -11 -11 -11 -11 -9 -9 -9 -11 -12 -12 -12 -12 -12 -12 -13 -11 -11 -11 -11 -11 -11 -12 -12 -12 -12 -12 -14 -14 -16 -18 -18 -22 -26 -30 -30 -34 -36 -36 -40 -40 -40 -41 -41 -40 -40 -39 -36 -36 -35 -34 -34 -34 -32 -31 -31 -28 -27 -27 -26 -25 -25 -25 -25 -23 -23 -22 -22 -21 -21 -22 -22 -22 -20 -20 -20 -18 -17 -17 -17 -16 -16 -16 -16 -20 -22 -22 -26 -28 -28 -30 -31 -31 -31 -31 -31 -31 -31 -31 -31 -31 -31 -31 -31 -31 -31 -31 -32 -32 -34 -34 -34 -35 -35 -36 -39 -39 -39 -39 -39 -39 -39 -39 -39 -39 -39 -39 -39 -39 -39 -39 -40 -41 -41 -44 -47 -50 -50 -53 -54 -54 -54 -54 -54 -54 -53 -53 -53 -51 -51 -51 -51 -50 -50 -50 -49 -49 -49 -50 -50 -49 -49 -46 -46 -46 -45 -44 -42 -42 -42 -41 -41 -40 -40 -40 -41 -41 -41 -41 -40 -39 -39 -39 -37 -37 -37 -37 -36 -36 -36 -36 -36 -36 -37 -37 -37 -37 -37 -37 -37 -37 -39 -39 -39 -40 -40 -40 -40 -42 -42 -42 -42 -42 -44 -44 -44 -45 -45 -46 -46 -46 -46 -46 -46 -46 -46 -46 -46 -46 -46 -47 -46 -46 -46 -46 -47 -47
-9 -9 -9 -11 -11 -11 -11 -12 -12 -8 -8 -8 -8 -8 -8 -8 -8 -8 -8 -8 -9 -8 -8 -8 -8 -8 -8 -8 -8 -8 -8 -7 -7 -8 -8 -8 -8 -7 -7 -7 -6 -6 -6 -4 -12 -4 -4 -3 -7 -7 -6 -8 -8 -3 -7 -4 -4 -2 -1 -1 -3 -6 -3 -3 -1 -1 -1 -1 -1 -2 -2 -2 -1 -1 -1 -1 -1 -1 -1 -1 -1 -1 -1 -1 -1 -1 -1 -1 -1 -1 -1 -1 -1 -1 -1 -1 -1 -1 -1 -1 -1 -1 -1 -1 -1 -1 -1 -1 -1 -1 -1 -1 -1 -1 -1 -1 -1 -1 -1 -1 -1 -1 -1 -1 -1 -1 -1 -1 -1 -1 -1 -1 -1 -1 -1 -1 -1 -1 -1 -1 -1 -1 -6 -1 -1 -1 -1 -1 -1 -1 -2 -2 -6 -9 -11 -11 -11 -11 -11 -12 -12 -12 -12 -13 -13 -13 -13 -12 -12 -12 -12 -12 -12 -12 -12 -12 -11 -11 -11 -11 -9 -9 -9 -9 -9 -8 -8 -8 -8 -8 -8 -8 -8 -8 -8 -8 -8 -7 -7 -7 -7 -7 -7 -7 -7 -7 -7 -7 -7 -7 -7 -7 -7 -7 -7 -7 -7 -7 -7 -7 -7 -7 -7 -7 -8 -8 -8 -8 -8 -8 -8 -8 -8 -8 -8 -7 -7 -7 -7 -7 -7 -7 -7 -6 -6 -6 -7 -7 -7 -7 -7 -7 -7 -7 -7 -7 -7 -7 -8 -8 -8 -8 -8 -9 -9 -9 -9 -9 -9 -9 -9 -9 -9 -9 -9 -11 -11 -11 -11 -11 -9 -9 -9 -11 -11 -12 -12 -12 -12 -13 -13 -13 -11 -11 -11 -11 -11 -12 -12 -12 -12 -12 -12 -16 -17 -17 -21 -25 -25 -30 -34 -36 -36 -37 -41 -41 -41 -41 -40 -40 -39 -36 -36 -35 -34 -34 -32 -31 -30 -30 -28 -27 -27 -26 -25 -23 -23 -25 -23 -23 -23 -23 -23 -22 -22 -22 -22 -22 -21 -21 -20 -18 -18 -18 -17 -17 -17 -17 -17 -21 -21 -23 -27 -27 -30 -31 -31 -32 -32 -32 -32 -31 -31 -31 -31 -31 -31 -31 -31 -30 -30 -30 -31 -31 -32 -32 -34 -34 -35 -36 -36 -39 -39 -39 -39 -39 -39 -39 -39 -39 -39 -39 -39 -40 -40 -40 -40 -40 -42 -45 -49 -49 -51 -53 -53 -54 -54 -54 -54 -54 -53 -53 -53 -51 -51 -51 -50 -50 -50 -49 -47 -47 -49 -49 -47 -47 -46 -45 -45 -44 -44 -44 -44 -42 -42 -42 -41 -39 -39 -39 -41 -41 -41 -41 -40 -40 -39 -39 -39 -37 -37 -36 -36 -36 -36 -36 -36 -36 -37 -37 -37 -39 -39 -37 -37 -37 -37 -37 -39 -39 -39 -39 -39 -40 -41 -41 -41 -42 -42 -42 -44 -45 -45 -45 -46 -47 -47 -47 -46 -46 -46 -46 -46 -46 -46 -47 -47 -47 -47 -47 -47 -47
-11 -11 -12 -12 -12 -12 -12 -12 -9 -9 -9 -8 -8 -8 -8 -8 -8 -7 -7 -8 -8 -9 -9 -9 -9 -9 -9 -9 -9 -9 -9 -9 -9 -9 -9 -9 -9 -9 -9 -8 -8 -8 -8 -8 -8 -8 -8 -8 -8 -8 -8 -8 -8 -7 -7 -6 -7 -7 -4 -3 -2 -2 -2 -2 -2 -2 -2 -2 -2 -1 -1 -1 -1 -1 -1 -1 -1 -1 -1 -1 -1 -1 -1 -1 -1 -1 -1 -1 -1 -1 -1 -1 -1 -1 -1 -1 -1 -1 -1 -1 -1 -1 -1 -1 -1 -1 -1 -1 -1 -1 -1 -1 -1 -1 -1 -1 -1 -1 -1 -1 -1 -1 -1 -1 -1 -1 -1 -1 -1 -1 -1 -1 -1 -1 -1 -1 -1 -1 -1 -1 -1 -1 -1 -1 -1 -2 -2 -2 -3 -3 -4 -7 -9 -9 -12 -13 -13 -13 -14 -14 -14 -14 -13 -13 -13 -12 -12 -13 -13 -12 -12 -12 -12 -12 -12 -12 -12 -12 -11 -11 -11 -9 -9 -9 -8 -8 -8 -8 -7 -8 -8 -8 -8 -8 -8 -8 -8 -8 -8 -8 -8 -8 -8 -8 -8 -8 -8 -8 -8 -8 -8 -8 -8 -8 -8 -8 -9 -9 -8 -8 -8 -8 -7 -8 -8 -8 -8 -8 -8 -8 -8 -8 -8 -8 -8 -8 -8 -8 -8 -7 -7 -7 -7 -7 -7 -7 -6 -6 -6 -6 -4 -4 -4 -6 -6 -6 -6 -6 -6 -7 -7 -7 -7 -8 -9 -9 -9 -9 -9 -9 -9 -9 -9 -9 -9 -9 -11 -11 -11 -11 -9 -9 -9 -11 -11 -11 -11 -11 -11 -11 -11 -13 -12 -12 -12 -11 -11 -13 -14 -14 -16 -16 -18 -18 -22 -26 -26 -27 -32 -37 -37 -41 -41 -41 -41 -41 -41 -39 -37 -37 -37 -35 -32 -32 -30 -32 -31 -31 -30 -28 -28 -27 -26 -26 -26 -25 -23 -23 -22 -20 -20 -20 -21 -21 -21 -22 -22 -22 -21 -20 -20 -17 -16 -16 -16 -17 -18 -18 -18 -21 -22 -22 -26 -28 -28 -31 -34 -35 -35 -35 -34 -34 -34 -32 -32 -31 -31 -31 -31 -31 -31 -31 -31 -31 -32 -32 -34 -35 -35 -36 -37 -37 -39 -37 -37 -37 -39 -39 -39 -39 -39 -37 -37 -37 -39 -39 -39 -41 -41 -42 -45 -47 -47 -49 -50 -50 -50 -51 -51 -51 -51 -51 -51 -50 -49 -47 -47 -46 -46 -46 -46 -47 -47 -47 -46 -45 -45 -45 -44 -44 -42 -40 -40 -40 -41 -42 -42 -42 -42 -42 -44 -42 -41 -41 -40 -39 -39 -37 -37 -37 -37 -36 -36 -36 -37 -39 -39 -39 -39 -39 -39 -39 -39 -39 -39 -37 -37 -37 -37 -39 -39 -40 -41 -42 -42 -42 -44 -44 -44 -45 -45 -46 -46 -46 -46 -46 -46 -46 -46 -46 -47 -47 -47 -49 -49 -50 -50 -50 -50 -50 -50 -50
-11 -11 -11 -12 -12 -12 -12 -12 -12 -9 -9 -8 -8 -8 -8 -8 -8 -7 -7 -7 -8 -9 -9 -9 -9 -9 -9 -9 -9 -9 -9 -9 -9 -9 -9 -9 -9 -9 -9 -9 -8 -8 -8 -8 -8 -8 -8 -8 -8 -8 -8 -8 -8 -8 -7 -6 -6 -7 -4 -4 -3 -2 -2 -2 -2 -2 -2 -2 -2 -1 -1 -1 -1 -1 -1 -1 -1 -1 -1 -1 -1 -1 -1 -1 -1 -1 -1 -1 -1 -1 -1 -1 -1 -1 -1 -1 -1 -1 -1 -1 -1 -1 -1 -1 -1 -1 -1 -1 -1 -1 -1 -1 -1 -1 -1 -1 -1 -1 -1 -1 -1 -1 -1 -1 -1 -1 -1 -1 -1 -1 -1 -1 -1 -1 -1 -1 -1 -1 -1 -1 -1 -1 -1 -1 -1 -1 -2 -2 -2 -3 -4 -4 -7 -9 -12 -12 -13 -13 -13 -14 -14 -14 -14 -13 -13 -13 -12 -13 -13 -13 -12 -12 -12 -12 -12 -12 -12 -12 -11 -11 -11 -9 -9 -9 -8 -8 -8 -8 -7 -7 -8 -8 -8 -8 -8 -8 -8 -8 -8 -8 -8 -8 -8 -8 -8 -8 -8 -8 -8 -8 -8 -8 -8 -8 -8 -8 -8 -9 -8 -8 -8 -8 -7 -7 -8 -8 -8 -8 -8 -8 -8 -8 -8 -8 -8 -8 -8 -8 -8 -7 -7 -7 -7 -7 -7 -7 -6 -6 -6 -6 -6 -4 -4 -6 -6 -6 -6 -6 -6 -7 -7 -7 -7 -8 -8 -9 -9 -9 -9 -9 -9 -9 -9 -9 -9 -9 -11 -11 -11 -11 -9 -9 -9 -11 -11 -11 -11 -11 -11 -11 -11 -11 -13 -12 -12 -12 -11 -13 -13 -14 -16 -16 -16 -18 -22 -22 -26 -27 -27 -32 -37 -41 -41 -41 -41 -41 -41 -39 -37 -37 -37 -35 -35 -32 -30 -30 -32 -31 -30 -30 -28 -27 -27 -26 -26 -25 -25 -23 -22 -22 -20 -20 -20 -21 -21 -22 -22 -22 -21 -21 -20 -17 -16 -16 -16 -17 -17 -18 -18 -21 -21 -22 -26 -26 -28 -31 -31 -34 -35 -35 -35 -34 -34 -34 -32 -31 -31 -31 -31 -31 -31 -31 -31 -31 -31 -32 -34 -34 -35 -36 -36 -37 -39 -37 -37 -37 -39 -39 -39 -39 -39 -39 -37 -37 -37 -39 -39 -39 -41 -42 -45 -45 -47 -49 -49 -50 -50 -51 -51 -51 -51 -51 -51 -50 -50 -49 -47 -46 -46 -46 -46 -46 -47 -47 -46 -46 -45 -45 -45 -44 -42 -42 -40 -40 -41 -41 -42 -42 -42 -42 -44 -42 -42 -41 -40 -40 -39 -37 -37 -37 -37 -36 -36 -36 -37 -37 -39 -39 -39 -39 -39 -39 -39 -39 -39 -37 -37 -37 -37 -37 -39 -40 -40 -41 -42 -42 -42 -44 -44 -44 -45 -46 -46 -46 -46 -46 -46 -46 -46 -46 -46 -47 -47 -47 -49 -50 -50 -50 -50 -50 -50 -50
-11 -11 -11 -11 -11 -11 -11 -11 -9 -9 -9 -9 -9 -9 -9 -8 -8 -8 -8 -8 -8 -8 -8 -8 -8 -8 -8 -8 -8 -9 -9 -8 -8 -8 -9 -9 -8 -8 -8 -8 -8 -7 -8 -8 -8 -8 -8 -8 -7 -7 -7 -7 -7 -7 -7 -7 -7 -7 -6 -3 -3 -3 -2 -2 -2 -1 -1 -1 -2 -2 -1 -1 -1 -1 -1 -1 -1 -1 -1 -1 -1 -1 -1 -1 -1 -1 -1 -1 -1 -1 -1 -1 -1 -1 -1 -1 -1 -1 -1 -1 -1 -1 -1 -1 -1 -1 -1 -1 -1 -1 -1 -1 -1 -1 -1 -1 -1 -1 -1 -1 -1 -1 -1 -1 -1 -1 -1 -1 -1 -1 -1 -1 -1 -1 -1 -1 -1 -1 -1 -1 -1 -1 -1 -2 -3 -3 -3 -2 -3 -3 -6 -7 -9 -9 -11 -13 -13 -13 -13 -13 -13 -13 -13 -13 -13 -13 -13 -13 -13 -12 -12 -12 -12 -12 -12 -11 -11 -11 -11 -9 -9 -9 -9 -9 -8 -8 -8 -8 -7 -8 -8 -8 -8 -8 -8 -8 -8 -8 -8 -8 -8 -8 -8 -8 -8 -8 -8 -8 -8 -8 -8 -8 -8 -8 -8 -8 -8 -8 -8 -8 -8 -8 -7 -8 -8 -8 -8 -8 -8 -8 -8 -8 -8 -8 -8 -8 -8 -7 -7 -7 -7 -7 -7 -7 -7 -7 -6 -6 -6 -6 -6 -6 -6 -6 -6 -6 -7 -6 -6 -7 -7 -7 -7 -8 -9 -9 -9 -11 -9 -9 -9 -9 -9 -9 -11 -11 -11 -11 -11 -11 -11 -11 -11 -11 -11 -11 -11 -11 -11 -11 -11 -13 -12 -12 -12 -12 -12 -13 -16 -16 -17 -18 -22 -22 -25 -28 -28 -30 -34 -39 -39 -40 -40 -40 -41 -40 -40 -37 -36 -35 -35 -34 -31 -31 -28 -31 -30 -30 -28 -28 -28 -27 -26 -26 -25 -25 -23 -23 -22 -21 -21 -21 -22 -22 -22 -22 -22 -22 -21 -20 -20 -17 -16 -16 -16 -17 -18 -18 -20 -21 -22 -22 -26 -28 -28 -32 -34 -35 -35 -35 -35 -35 -34 -32 -32 -32 -31 -31 -31 -31 -31 -31 -31 -31 -32 -32 -32 -35 -35 -36 -37 -37 -39 -37 -39 -39 -39 -39 -39 -39 -37 -37 -37 -37 -37 -37 -39 -40 -40 -42 -44 -46 -46 -47 -49 -49 -50 -50 -51 -51 -51 -51 -51 -50 -47 -47 -47 -45 -45 -45 -45 -46 -46 -45 -44 -44 -44 -42 -41 -41 -40 -39 -39 -39 -40 -41 -41 -42 -41 -41 -42 -42 -41 -41 -40 -39 -39 -37 -37 -37 -37 -37 -37 -37 -39 -39 -39 -40 -40 -39 -39 -39 -39 -39 -39 -37 -37 -37 -37 -39 -39 -40 -40 -42 -42 -42 -42 -42 -44 -44 -44 -45 -45 -46 -46 -46 -46 -46 -46 -46 -47 -47 -49 -49 -49 -50 -51 -51 -50 -50 -50 -50
-11 -11 -11 -11 -11 -11 -11 -11 -11 -9 -9 -9 -9 -9 -9 -9 -8 -8 -8 -8 -8 -8 -8 -8 -8 -8 -8 -8 -8 -8 -9 -8 -8 -8 -9 -9 -9 -8 -8 -8 -8 -7 -7 -8 -8 -8 -8 -8 -7 -7 -7 -7 -7 -7 -7 -7 -7 -7 -6 -6 -3 -3 -2 -2 -2 -1 -1 -1 -2 -2 -2 -1 -1 -1 -1 -1 -1 -1 -1 -1 -1 -1 -1 -1 -1 -1 -1 -1 -1 -1 -1 -1 -1 -1 -1 -1 -1 -1 -1 -1 -1 -1 -1 -1 -1 -1 -1 -1 -1 -1 -1 -1 -1 -1 -1 -1 -1 -1 -1 -1 -1 -1 -1 -1 -1 -1 -1 -1 -1 -1 -1 -1 -1 -1 -1 -1 -1 -1 -1 -1 -1 -1 -1 -2 -3 -3 -3 -2 -2 -3 -6 -6 -7 -9 -11 -11 -13 -13 -13 -13 -13 -13 -13 -13 -13 -13 -13 -13 -13 -13 -12 -12 -12 -12 -12 -12 -11 -11 -11 -11 -9 -9 -9 -9 -8 -8 -8 -8 -7 -7 -8 -8 -8 -8 -8 -8 -8 -8 -8 -8 -8 -8 -8 -8 -8 -8 -8 -8 -8 -8 -8 -8 -8 -8 -8 -8 -8 -8 -8 -8 -8 -8 -7 -7 -8 -8 -8 -8 -8 -8 -8 -8 -8 -8 -8 -8 -8 -8 -7 -7 -7 -7 -7 -7 -7 -7 -6 -6 -6 -6 -6 -6 -6 -6 -6 -6 -7 -7 -6 -7 -7 -7 -7 -8 -8 -9 -9 -9 -11 -9 -9 -9 -9 -9 -9 -11 -11 -11 -11 -11 -11 -11 -11 -11 -11 -11 -11 -11 -11 -11 -11 -11 -13 -12 -12 -12 -12 -13 -13 -16 -17 -18 -18 -22 -25 -25 -28 -30 -30 -34 -39 -40 -40 -40 -41 -41 -40 -37 -36 -36 -35 -34 -34 -31 -28 -28 -31 -30 -28 -28 -28 -27 -27 -26 -25 -25 -25 -23 -22 -22 -21 -21 -21 -22 -22 -22 -22 -22 -21 -21 -20 -17 -16 -16 -16 -17 -17 -18 -20 -21 -21 -22 -26 -26 -28 -32 -32 -34 -35 -35 -35 -35 -34 -34 -32 -32 -31 -31 -31 -31 -31 -31 -31 -31 -31 -32 -32 -32 -35 -36 -36 -37 -39 -37 -37 -39 -39 -39 -39 -39 -39 -37 -37 -37 -37 -37 -39 -39 -40 -42 -44 -44 -46 -47 -47 -49 -50 -50 -50 -51 -51 -51 -51 -50 -50 -47 -47 -45 -45 -45 -45 -45 -46 -45 -44 -44 -44 -42 -42 -41 -40 -40 -39 -39 -40 -40 -41 -42 -42 -41 -42 -42 -42 -41 -40 -40 -39 -37 -37 -37 -37 -37 -37 -37 -39 -39 -39 -40 -40 -40 -39 -39 -39 -39 -39 -37 -37 -37 -37 -37 -39 -40 -40 -40 -42 -42 -42 -42 -44 -44 -44 -45 -45 -45 -46 -46 -46 -46 -46 -46 -46 -47 -49 -49 -49 -50 -50 -51 -50 -50 -50 -50
-11 -12 -12 -12 -12 -12 -12 -12 -12 -12 -11 -11 -11 -11 -11 -9 -9 -9 -9 -9 -9 -9 -9 -9 -9 -9 -9 -9 -9 -9 -9 -9 -9 -9 -9 -9 -9 -9 -9 -8 -8 -8 -9 -9 -9 -9 -8 -8 -8 -8 -8 -7 -7 -7 -7 -7 -6 -6 -7 -4 -3 -3 -2 -2 -2 -1 -1 -1 -1 -2 -1 -1 -1 -1 -1 -1 -1 -1 -1 -1 -1 -1 -1 -1 -1 -1 -1 -1 -1 -1 -1 -1 -1 -1 -1 -1 -1 -1 -1 -1 -1 -1 -1 -1 -1 -1 -1 -1 -1 -1 -1 -1 -1 -1 -1 -1 -1 -1 -1 -1 -1 -1 -1 -1 -1 -1 -1 -1 -1 -1 -1 -1 -1 -1 -1 -1 -1 -1 -1 -1 -1 -3 -3 -3 -4 -3 -3 -3 -4 -4 -4 -7 -9 -9 -11 -12 -12 -13 -13 -13 -13 -13 -13 -13 -13 -13 -13 -13 -13 -12 -12 -12 -12 -12 -11 -11 -11 -11 -9 -9 -9 -9 -9 -9 -8 -8 -8 -8 -7 -8 -8 -8 -8 -8 -8 -8 -8 -8 -8 -8 -8 -8 -8 -8 -8 -8 -8 -8 -8 -8 -8 -8 -8 -8 -8 -8 -8 -8 -8 -8 -8 -8 -7 -7 -7 -7 -7 -7 -7 -7 -7 -7 -7 -7 -8 -8 -7 -7 -7 -7 -7 -7 -7 -7 -7 -7 -6 -6 -6 -6 -6 -6 -6 -6 -7 -7 -7 -7 -7 -7 -7 -7 -7 -8 -9 -9 -9 -11 -9 -9 -9 -9 -9 -9 -11 -11 -11 -11 -11 -11 -11 -11 -11 -11 -11 -11 -11 -11 -11 -11 -12 -12 -12 -12 -12 -14 -14 -16 -17 -17 -20 -21 -26 -26 -28 -32 -32 -34 -37 -40 -40 -41 -40 -40 -39 -37 -37 -35 -32 -31 -31 -30 -28 -28 -27 -28 -28 -28 -27 -26 -26 -26 -25 -25 -25 -25 -23 -23 -22 -22 -22 -22 -23 -23 -23 -22 -22 -22 -21 -20 -20 -17 -16 -16 -16 -17 -18 -18 -20 -21 -23 -23 -26 -30 -30 -32 -35 -36 -36 -36 -36 -36 -35 -34 -34 -32 -32 -31 -31 -31 -31 -31 -30 -31 -31 -31 -32 -34 -34 -36 -37 -37 -39 -39 -39 -39 -39 -37 -37 -37 -37 -36 -36 -36 -36 -36 -37 -39 -39 -40 -42 -45 -45 -46 -47 -47 -49 -49 -50 -50 -50 -50 -50 -49 -46 -46 -46 -42 -42 -42 -42 -44 -44 -42 -41 -41 -41 -40 -40 -40 -39 -37 -39 -39 -40 -41 -41 -42 -41 -41 -42 -41 -40 -40 -39 -39 -39 -37 -37 -37 -37 -39 -39 -39 -40 -40 -40 -40 -40 -39 -39 -39 -39 -39 -37 -37 -37 -37 -37 -39 -39 -40 -40 -41 -41 -41 -42 -42 -42 -44 -44 -44 -44 -45 -45 -45 -45 -45 -45 -46 -46 -46 -47 -49 -49 -50 -50 -50 -50 -50 -49 -49
-12 -12 -12 -13 -13 -13 -13 -13 -13 -13 -13 -13 -13 -12 -12 -12 -12 -12 -12 -11 -9 -9 -9 -11 -11 -11 -11 -11 -11 -11 -11 -11 -11 -11 -11 -11 -11 -11 -11 -11 -9 -9 -9 -11 -11 -11 -11 -9 -9 -9 -8 -8 -8 -7 -8 -7 -7 -7 -6 -6 -6 -4 -3 -3 -3 -2 -2 -2 -1 -1 -1 -2 -1 -1 -1 -1 -1 -1 -1 -1 -1 -1 -1 -1 -1 -1 -1 -1 -1 -1 -1 -1 -1 -1 -1 -1 -1 -1 -1 -1 -1 -1 -1 -1 -1 -1 -1 -1 -1 -1 -1 -1 -1 -1 -1 -1 -1 -1 -1 -1 -1 -1 -1 -1 -1 -1 -1 -1 -1 -1 -1 -1 -1 -1 -1 -1 -1 -1 -1 -1 -2 -2 -4 -4 -6 -6 -4 -4 -4 -3 -4 -4 -7 -9 -11 -11 -12 -12 -12 -12 -13 -13 -13 -13 -13 -13 -13 -13 -13 -13 -12 -12 -12 -12 -11 -11 -11 -11 -9 -9 -9 -9 -9 -8 -8 -8 -8 -8 -8 -8 -8 -8 -8 -8 -8 -8 -8 -7 -7 -7 -7 -8 -8 -8 -8 -8 -8 -8 -8 -8 -8 -8 -8 -8 -8 -8 -8 -8 -8 -8 -8 -7 -7 -7 -7 -7 -7 -7 -7 -7 -7 -7 -7 -7 -7 -7 -7 -7 -7 -7 -7 -7 -7 -7 -7 -7 -4 -4 -6 -6 -6 -6 -6 -7 -7 -7 -7 -7 -7 -7 -7 -7 -7 -8 -8 -9 -11 -11 -11 -9 -9 -9 -9 -11 -11 -11 -11 -11 -11 -12 -11 -11 -11 -11 -11 -11 -12 -12 -12 -12 -12 -12 -12 -12 -14 -14 -16 -17 -17 -20 -22 -23 -23 -30 -32 -32 -36 -37 -37 -39 -41 -41 -41 -39 -37 -37 -35 -31 -28 -28 -28 -27 -27 -26 -26 -26 -27 -26 -26 -26 -25 -25 -25 -25 -25 -25 -25 -23 -23 -23 -23 -25 -25 -26 -25 -23 -23 -22 -21 -21 -20 -18 -17 -17 -17 -18 -18 -20 -21 -22 -22 -23 -26 -26 -30 -32 -32 -35 -37 -37 -37 -36 -36 -36 -35 -34 -32 -32 -31 -31 -31 -31 -30 -30 -30 -31 -32 -32 -34 -36 -36 -37 -39 -39 -39 -39 -37 -37 -37 -36 -36 -36 -35 -35 -35 -35 -36 -36 -36 -39 -40 -40 -42 -45 -45 -46 -46 -47 -47 -49 -49 -49 -49 -47 -47 -46 -45 -41 -41 -41 -41 -41 -41 -41 -40 -40 -40 -40 -40 -39 -37 -37 -37 -39 -41 -41 -42 -42 -42 -42 -41 -41 -41 -40 -39 -39 -37 -37 -37 -37 -37 -40 -40 -40 -40 -40 -40 -40 -40 -40 -39 -39 -39 -36 -36 -35 -35 -35 -36 -36 -37 -37 -37 -39 -39 -39 -39 -40 -40 -40 -40 -41 -41 -41 -41 -44 -44 -44 -44 -44 -45 -46 -47 -47 -49 -49 -49 -49 -49 -49 -49 -47
-12 -12 -13 -13 -13 -13 -13 -13 -13 -13 -13 -13 -12 -12 -12 -12 -12 -12 -11 -9 -9 -9 -11 -11 -11 -11 -11 -11 -11 -11 -11 -11 -11 -11 -11 -11 -11 -11 -11 -9 -9 -9 -11 -11 -11 -11 -9 -9 -9 -8 -8 -8 -7 -8 -8 -7 -7 -7 -6 -6 -4 -4 -3 -3 -3 -2 -2 -2 -1 -1 -2 -2 -1 -1 -1 -1 -1 -1 -1 -1 -1 -1 -1 -1 -1 -1 -1 -1 -1 -1 -1 -1 -1 -1 -1 -1 -1 -1 -1 -1 -1 -1 -1 -1 -1 -1 -1 -1 -1 -1 -1 -1 -1 -1 -1 -1 -1 -1 -1 -1 -1 -1 -1 -1 -1 -1 -1 -1 -1 -1 -1 -1 -1 -1 -1 -1 -1 -1 -1 -1 -2 -4 -4 -4 -6 -4 -4 -4 -3 -3 -4 -7 -9 -9 -11 -12 -12 -12 -12 -12 -13 -13 -13 -13 -13 -13 -13 -13 -13 -12 -12 -12 -12 -12 -11 -11 -11 -11 -9 -9 -9 -9 -8 -8 -8 -8 -8 -8 -8 -8 -8 -8 -8 -8 -8 -8 -7 -7 -7 -7 -7 -8 -8 -8 -8 -8 -8 -8 -8 -8 -8 -8 -8 -8 -8 -8 -8 -8 -8 -8 -7 -7 -7 -7 -7 -7 -7 -7 -7 -7 -7 -7 -7 -7 -7 -7 -7 -7 -7 -7 -7 -7 -7 -7 -7 -7 -4 -6 -6 -6 -6 -6 -6 -7 -7 -7 -7 -7 -7 -7 -7 -7 -7 -8 -9 -9 -11 -11 -9 -9 -9 -9 -9 -11 -11 -11 -11 -11 -12 -12 -11 -11 -11 -11 -11 -12 -12 -12 -12 -12 -12 -12 -12 -12 -14 -16 -16 -17 -20 -20 -22 -23 -30 -30 -32 -36 -36 -37 -39 -41 -41 -41 -39 -39 -37 -35 -35 -31 -28 -28 -28 -27 -26 -26 -26 -27 -26 -26 -26 -25 -25 -25 -25 -25 -25 -25 -23 -23 -23 -23 -23 -25 -26 -25 -25 -23 -22 -22 -21 -20 -20 -18 -17 -17 -17 -18 -20 -20 -21 -22 -23 -23 -26 -30 -30 -32 -35 -37 -37 -37 -36 -36 -36 -35 -35 -34 -32 -31 -31 -31 -31 -31 -30 -30 -31 -31 -32 -34 -34 -36 -37 -37 -39 -39 -39 -39 -37 -37 -37 -36 -36 -35 -35 -35 -35 -35 -36 -36 -36 -39 -40 -42 -42 -45 -46 -46 -46 -47 -49 -49 -49 -49 -49 -47 -46 -45 -45 -41 -41 -41 -41 -41 -41 -41 -40 -40 -40 -40 -39 -39 -37 -37 -39 -39 -41 -42 -42 -42 -42 -42 -41 -41 -40 -40 -39 -37 -37 -37 -37 -37 -37 -40 -40 -40 -40 -40 -40 -40 -40 -39 -39 -39 -36 -36 -36 -35 -35 -35 -36 -37 -37 -37 -39 -39 -39 -39 -40 -40 -40 -40 -40 -41 -41 -41 -41 -44 -44 -44 -44 -45 -46 -46 -47 -49 -49 -49 -49 -49 -49 -49 -47 -47
-13 -13 -13 -14 -14 -14 -14 -14 -14 -14 -14 -14 -14 -13 -13 -13 -13 -13 -13 -13 -11 -11 -11 -12 -12 -12 -12 -12 -12 -12 -12 -12 -12 -12 -12 -12 -12 -12 -11 -11 -11 -11 -11 -12 -12 -12 -12 -11 -9 -9 -9 -8 -8 -8 -8 -8 -8 -7 -7 -7 -6 -6 -6 -6 -3 -2 -2 -2 -2 -1 -1 -2 -1 -1 -1 -1 -1 -1 -1 -1 -1 -1 -1 -1 -1 -1 -1 -1 -1 -1 -1 -1 -1 -1 -1 -1 -1 -1 -1 -1 -1 -1 -1 -1 -1 -1 -1 -1 -1 -1 -1 -1 -1 -1 -1 -1 -1 -1 -1 -1 -1 -1 -1 -1 -1 -1 -1 -1 -1 -1 -1 -1 -1 -1 -1 -1 -1 -1 -1 -1 -3 -3 -4 -6 -7 -7 -7 -4 -4 -6 -7 -7 -8 -9 -11 -11 -12 -12 -12 -12 -12 -12 -12 -13 -13 -13 -13 -13 -13 -13 -12 -12 -12 -11 -11 -11 -11 -11 -9 -9 -9 -9 -9 -8 -8 -8 -8 -8 -8 -8 -8 -8 -8 -8 -8 -7 -7 -7 -7 -7 -7 -8 -8 -8 -8 -8 -8 -8 -8 -8 -8 -8 -8 -8 -8 -8 -8 -8 -8 -7 -7 -7 -7 -7 -7 -7 -7 -7 -7 -7 -7 -7 -7 -7 -7 -7 -7 -7 -7 -7 -7 -7 -7 -7 -7 -7 -4 -4 -6 -6 -6 -6 -7 -7 -7 -7 -7 -7 -7 -7 -7 -7 -8 -8 -8 -9 -11 -11 -11 -9 -11 -11 -11 -11 -11 -11 -12 -12 -12 -12 -12 -12 -12 -12 -12 -12 -12 -12 -12 -12 -12 -12 -13 -14 -14 -14 -17 -20 -20 -22 -26 -27 -27 -32 -36 -36 -39 -39 -39 -39 -41 -40 -40 -37 -35 -35 -32 -28 -26 -26 -26 -26 -26 -25 -25 -25 -26 -26 -25 -25 -25 -25 -25 -25 -26 -26 -26 -25 -25 -25 -25 -26 -26 -27 -26 -23 -23 -22 -21 -21 -20 -18 -17 -17 -17 -18 -18 -21 -22 -23 -23 -25 -27 -27 -31 -34 -34 -36 -37 -39 -39 -37 -37 -37 -36 -35 -34 -34 -32 -31 -31 -31 -30 -30 -31 -31 -32 -32 -34 -36 -36 -37 -39 -39 -39 -39 -37 -37 -36 -35 -35 -35 -34 -34 -34 -34 -35 -35 -35 -37 -39 -39 -41 -44 -44 -45 -45 -46 -46 -47 -49 -49 -49 -46 -46 -45 -44 -41 -41 -41 -40 -40 -41 -40 -40 -40 -39 -39 -39 -39 -39 -39 -39 -40 -42 -42 -44 -44 -44 -42 -41 -40 -40 -39 -39 -39 -37 -37 -37 -37 -37 -40 -40 -40 -40 -40 -40 -40 -39 -39 -39 -37 -37 -35 -35 -35 -35 -35 -36 -36 -36 -37 -37 -37 -37 -37 -37 -39 -39 -39 -39 -39 -39 -39 -39 -41 -41 -41 -41 -41 -42 -44 -45 -45 -46 -47 -47 -46 -46 -46 -46 -45
-14 -14 -14 -14 -16 -16 -16 -16 -16 -16 -16 -14 -14 -14 -14 -14 -14 -13 -13 -12 -12 -12 -12 -12 -13 -13 -13 -13 -13 -13 -13 -13 -13 -13 -13 -12 -12 -12 -12 -12 -12 -13 -13 -13 -13 -12 -12 -12 -11 -11 -11 -9 -9 -9 -9 -9 -8 -8 -7 -6 -6 -6 -6 -6 -6 -3 -3 -3 -2 -2 -1 -1 -2 -1 -1 -1 -1 -1 -1 -1 -1 -1 -1 -1 -1 -1 -1 -1 -1 -1 -1 -1 -1 -1 -1 -1 -1 -1 -1 -1 -1 -1 -1 -1 -1 -1 -1 -1 -1 -1 -1 -1 -1 -1 -1 -1 -1 -1 -1 -1 -1 -1 -1 -1 -1 -1 -1 -1 -1 -1 -1 -1 -1 -1 -1 -1 -1 -1 -1 -1 -4 -4 -4 -6 -7 -7 -7 -7 -7 -7 -8 -9 -11 -11 -13 -12 -12 -12 -12 -12 -12 -12 -12 -12 -12 -13 -13 -13 -13 -12 -12 -12 -11 -11 -11 -9 -9 -9 -8 -8 -8 -8 -8 -8 -8 -8 -8 -8 -8 -8 -8 -8 -8 -7 -7 -7 -7 -7 -7 -7 -7 -8 -8 -8 -8 -8 -8 -8 -8 -8 -8 -8 -8 -8 -8 -8 -7 -7 -7 -7 -7 -7 -7 -7 -7 -7 -7 -7 -7 -7 -7 -7 -7 -7 -7 -7 -7 -7 -7 -7 -7 -7 -7 -7 -8 -8 -6 -6 -6 -6 -7 -7 -7 -7 -7 -7 -7 -7 -7 -7 -7 -8 -8 -8 -11 -11 -11 -11 -11 -11 -11 -11 -11 -11 -12 -12 -12 -12 -12 -12 -12 -12 -12 -12 -12 -12 -12 -13 -13 -13 -13 -14 -14 -14 -16 -18 -18 -21 -25 -25 -27 -30 -34 -34 -37 -39 -39 -37 -37 -39 -39 -37 -35 -35 -32 -30 -30 -27 -26 -25 -25 -25 -25 -25 -23 -26 -25 -25 -25 -25 -25 -25 -26 -26 -27 -28 -26 -26 -26 -27 -27 -27 -28 -27 -27 -25 -22 -22 -21 -20 -20 -18 -17 -18 -18 -20 -21 -21 -22 -25 -26 -26 -28 -31 -31 -34 -36 -37 -37 -39 -39 -39 -37 -37 -37 -36 -35 -34 -34 -32 -31 -31 -31 -31 -32 -32 -32 -35 -35 -36 -37 -37 -39 -39 -37 -37 -37 -36 -36 -35 -34 -34 -34 -34 -34 -34 -34 -35 -35 -36 -37 -40 -40 -42 -44 -44 -45 -45 -47 -47 -49 -47 -47 -46 -45 -44 -44 -41 -40 -40 -40 -40 -40 -39 -39 -39 -39 -39 -40 -40 -39 -40 -41 -41 -42 -44 -44 -42 -41 -41 -39 -37 -37 -37 -36 -36 -36 -36 -36 -36 -36 -37 -37 -37 -39 -37 -37 -37 -36 -36 -36 -35 -34 -34 -34 -35 -35 -35 -35 -36 -36 -37 -37 -37 -37 -37 -37 -37 -37 -37 -37 -37 -37 -37 -37 -37 -37 -37 -39 -39 -40 -40 -41 -42 -42 -42 -42 -42 -42 -41 -41 -41
-14 -14 -14 -14 -16 -16 -16 -16 -16 -16 -16 -14 -14 -14 -14 -14 -14 -13 -13 -13 -12 -12 -12 -12 -13 -13 -13 -13 -13 -13 -13 -13 -13 -13 -13 -13 -12 -12 -12 -12 -12 -13 -13 -13 -13 -12 -12 -12 -11 -11 -11 -9 -9 -9 -9 -9 -9 -8 -7 -7 -6 -6 -6 -6 -6 -3 -3 -3 -2 -2 -2 -1 -2 -2 -1 -1 -1 -1 -1 -1 -1 -1 -1 -1 -1 -1 -1 -1 -1 -1 -1 -1 -1 -1 -1 -1 -1 -1 -1 -1 -1 -1 -1 -1 -1 -1 -1 -1 -1 -1 -1 -1 -1 -1 -1 -1 -1 -1 -1 -1 -1 -1 -1 -1 -1 -1 -1 -1 -1 -1 -1 -1 -1 -1 -1 -1 -1 -1 -1 -1 -4 -4 -4 -6 -7 -7 -7 -7 -7 -7 -8 -8 -9 -11 -13 -13 -12 -12 -12 -12 -12 -12 -12 -12 -12 -12 -13 -13 -13 -13 -12 -12 -12 -11 -11 -11 -9 -9 -8 -8 -8 -8 -8 -8 -8 -8 -8 -8 -8 -8 -8 -8 -8 -8 -7 -7 -7 -7 -7 -7 -7 -8 -8 -8 -8 -8 -8 -8 -8 -8 -8 -8 -8 -8 -8 -8 -8 -7 -7 -7 -7 -7 -7 -7 -7 -7 -7 -7 -7 -7 -7 -7 -7 -7 -7 -7 -7 -7 -7 -7 -7 -7 -7 -7 -7 -8 -6 -6 -6 -6 -6 -7 -7 -7 -7 -7 -7 -7 -7 -7 -7 -7 -8 -8 -8 -11 -11 -11 -11 -11 -11 -11 -11 -11 -11 -12 -12 -12 -12 -12 -12 -12 -12 -12 -12 -12 -12 -13 -13 -13 -13 -13 -14 -14 -16 -16 -18 -21 -21 -25 -27 -30 -30 -34 -37 -37 -39 -37 -37 -37 -39 -37 -37 -35 -32 -32 -30 -27 -26 -26 -25 -25 -25 -25 -23 -23 -26 -25 -25 -25 -25 -25 -25 -26 -27 -28 -28 -26 -26 -26 -27 -27 -27 -28 -27 -25 -25 -22 -21 -21 -20 -18 -17 -17 -18 -20 -20 -21 -22 -25 -25 -26 -28 -28 -31 -34 -34 -36 -37 -39 -39 -39 -37 -37 -37 -36 -35 -35 -34 -32 -32 -31 -31 -31 -31 -32 -32 -32 -35 -36 -36 -37 -39 -39 -39 -37 -37 -37 -36 -35 -35 -34 -34 -34 -34 -34 -34 -34 -35 -36 -37 -37 -40 -42 -42 -44 -45 -45 -45 -47 -49 -49 -47 -46 -46 -45 -44 -41 -41 -40 -40 -40 -40 -39 -39 -39 -39 -39 -39 -40 -39 -39 -40 -41 -42 -42 -44 -42 -42 -41 -39 -37 -37 -37 -36 -36 -36 -36 -36 -36 -36 -37 -37 -37 -39 -39 -37 -37 -36 -36 -36 -35 -35 -34 -34 -35 -35 -35 -35 -35 -36 -37 -37 -37 -37 -37 -37 -37 -37 -37 -37 -37 -37 -37 -37 -37 -37 -37 -39 -39 -39 -40 -41 -41 -42 -42 -42 -42 -42 -41 -41 -41
-16 -16 -16 -16 -16 -16 -16 -16 -16 -16 -16 -16 -16 -16 -14 -14 -14 -14 -14 -13 -13 -13 -13 -13 -13 -13 -13 -14 -14 -14 -14 -14 -14 -14 -13 -13 -13 -13 -13 -13 -13 -13 -13 -13 -13 -13 -12 -12 -12 -11 -11 -11 -11 -11 -11 -11 -8 -8 -8 -7 -6 -6 -4 -4 -4 -3 -3 -3 -2 -2 -1 -1 -1 -1 -1 -1 -1 -1 -1 -1 -1 -1 -1 -1 -1 -1 -1 -1 -1 -1 -1 -1 -1 -1 -1 -1 -1 -1 -1 -1 -1 -1 -1 -1 -1 -1 -1 -1 -1 -1 -1 -1 -1 -1 -1 -1 -1 -1 -1 -1 -1 -1 -1 -1 -1 -1 -1 -1 -1 -1 -1 -1 -1 -1 -1 -1 -1 -1 -2 -2 -2 -4 -4 -6 -8 -8 -8 -8 -8 -8 -9 -11 -13 -13 -14 -12 -12 -12 -12 -12 -12 -12 -12 -12 -12 -12 -12 -13 -13 -12 -12 -12 -11 -11 -11 -9 -9 -9 -8 -8 -8 -8 -8 -8 -8 -8 -8 -8 -8 -8 -8 -8 -8 -7 -7 -7 -7 -7 -7 -6 -6 -8 -8 -8 -8 -8 -8 -8 -8 -8 -8 -8 -8 -8 -8 -8 -7 -7 -7 -7 -7 -7 -7 -7 -7 -7 -7 -7 -7 -7 -7 -7 -7 -7 -7 -7 -7 -7 -7 -7 -7 -7 -7 -8 -8 -8 -6 -6 -6 -7 -7 -7 -7 -7 -7 -7 -6 -7 -7 -7 -7 -8 -8 -8 -11 -11 -11 -11 -11 -11 -11 -11 -11 -11 -12 -12 -12 -12 -12 -12 -13 -13 -13 -13 -14 -14 -14 -14 -14 -14 -14 -14 -14 -14 -16 -18 -18 -21 -25 -25 -28 -30 -35 -35 -37 -37 -37 -36 -36 -36 -36 -35 -32 -32 -30 -28 -28 -26 -25 -26 -26 -26 -25 -25 -23 -26 -26 -26 -25 -25 -25 -26 -27 -27 -28 -30 -28 -28 -28 -27 -27 -28 -28 -27 -27 -25 -23 -23 -21 -20 -20 -18 -18 -18 -18 -20 -22 -22 -23 -26 -27 -27 -30 -32 -32 -35 -36 -39 -39 -39 -39 -39 -39 -37 -37 -37 -36 -35 -35 -34 -32 -32 -32 -32 -34 -34 -34 -35 -35 -36 -37 -37 -39 -37 -37 -37 -36 -35 -35 -34 -34 -34 -34 -32 -34 -34 -34 -34 -34 -35 -37 -40 -40 -41 -42 -42 -44 -45 -47 -47 -49 -47 -47 -46 -45 -44 -44 -40 -39 -39 -39 -39 -39 -37 -37 -37 -37 -37 -40 -40 -39 -40 -41 -41 -42 -42 -42 -41 -40 -40 -37 -37 -37 -37 -36 -36 -36 -36 -36 -36 -36 -36 -36 -36 -36 -36 -36 -36 -35 -35 -35 -34 -34 -34 -34 -34 -35 -35 -35 -36 -36 -36 -37 -36 -36 -36 -36 -36 -36 -36 -36 -36 -36 -36 -36 -36 -36 -36 -36 -36 -37 -37 -37 -39 -39 -40 -39 -39 -39 -39 -39 -39
-16 -16 -16 -16 -16 -16 -16 -16 -16 -16 -16 -16 -16 -16 -14 -14 -14 -14 -14 -14 -13 -13 -13 -13 -13 -13 -13 -14 -14 -14 -14 -14 -14 -14 -13 -13 -13 -13 -13 -13 -13 -13 -13 -13 -13 -13 -13 -12 -12 -12 -11 -11 -11 -11 -11 -11 -11 -8 -8 -8 -7 -6 -4 -4 -4 -3 -3 -3 -2 -2 -2 -1 -1 -1 -1 -1 -1 -1 -1 -1 -1 -1 -1 -1 -1 -1 -1 -1 -1 -1 -1 -1 -1 -1 -1 -1 -1 -1 -1 -1 -1 -1 -1 -1 -1 -1 -1 -1 -1 -1 -1 -1 -1 -1 -1 -1 -1 -1 -1 -1 -1 -1 -1 -1 -1 -1 -1 -1 -1 -1 -1 -1 -1 -1 -1 -1 -1 -1 -1 -2 -2 -2 -4 -6 -8 -8 -8 -8 -8 -8 -9 -9 -11 -13 -14 -14 -12 -12 -12 -12 -12 -12 -12 -12 -12 -12 -12 -13 -13 -13 -12 -12 -12 -11 -11 -11 -9 -9 -8 -8 -8 -8 -8 -8 -8 -8 -8 -8 -8 -8 -8 -8 -8 -8 -7 -7 -7 -7 -7 -7 -6 -8 -8 -8 -8 -8 -8 -8 -8 -8 -8 -8 -8 -8 -8 -8 -8 -7 -7 -7 -7 -7 -7 -7 -7 -7 -7 -7 -7 -7 -7 -7 -7 -7 -7 -7 -7 -7 -7 -7 -7 -7 -7 -8 -8 -8 -6 -6 -6 -7 -7 -7 -7 -7 -7 -7 -6 -6 -7 -7 -7 -7 -8 -8 -8 -11 -11 -11 -11 -11 -11 -11 -11 -11 -11 -12 -12 -12 -12 -12 -13 -13 -13 -13 -13 -14 -14 -14 -14 -14 -14 -14 -14 -14 -16 -16 -18 -21 -21 -25 -28 -30 -30 -35 -37 -37 -37 -36 -36 -36 -36 -35 -35 -32 -30 -30 -28 -26 -25 -25 -26 -26 -26 -25 -23 -23 -26 -26 -25 -25 -25 -26 -26 -27 -28 -30 -30 -28 -28 -28 -27 -28 -28 -28 -27 -25 -25 -23 -21 -21 -20 -18 -18 -18 -18 -20 -20 -22 -23 -26 -26 -27 -30 -30 -32 -35 -35 -36 -39 -39 -39 -39 -39 -39 -37 -37 -36 -36 -35 -34 -34 -32 -32 -32 -32 -34 -34 -34 -35 -36 -36 -37 -39 -37 -37 -37 -36 -36 -35 -34 -34 -34 -34 -32 -32 -34 -34 -34 -34 -35 -37 -37 -40 -41 -41 -42 -44 -45 -45 -47 -49 -49 -47 -46 -46 -45 -44 -40 -40 -39 -39 -39 -39 -37 -37 -37 -37 -37 -37 -40 -39 -39 -40 -41 -42 -42 -42 -41 -41 -40 -37 -37 -37 -37 -36 -36 -36 -36 -36 -36 -36 -36 -36 -36 -36 -36 -36 -36 -35 -35 -35 -34 -34 -34 -34 -34 -34 -35 -35 -35 -36 -36 -36 -37 -36 -36 -36 -36 -36 -36 -36 -36 -36 -36 -36 -36 -36 -36 -36 -36 -36 -37 -37 -37 -39 -40 -40 -39 -39 -39 -39 -39
-16 -16 -17 -17 -17 -17 -17 -17 -16 -16 -16 -16 -16 -16 -14 -14 -14 -14 -14 -13 -13 -13 -13 -13 -14 -14 -14 -14 -14 -14 -14 -14 -14 -14 -14 -13 -13 -13 -13 -14 -14 -14 -13 -13 -13 -13 -13 -13 -12 -12 -12 -11 -11 -11 -11 -11 -9 -9 -8 -7 -6 -6 -6 -4 -4 -3 -3 -3 -3 -2 -1 -1 -1 -1 -1 -1 -1 -1 -1 -1 -1 -1 -1 -1 -1 -1 -1 -1 -1 -1 -1 -1 -1 -1 -1 -1 -1 -1 -1 -1 -1 -1 -1 -1 -1 -1 -1 -1 -1 -1 -1 -1 -1 -1 -1 -1 -1 -1 -1 -1 -1 -1 -1 -1 -1 -1 -1 -1 -1 -1 -1 -1 -1 -1 -1 -1 -1 -1 -1 -1 -2 -4 -4 -6 -8 -8 -8 -8 -9 -9 -11 -13 -14 -14 -14 -13 -13 -12 -12 -12 -11 -11 -11 -11 -12 -12 -12 -13 -13 -12 -12 -12 -11 -11 -11 -9 -9 -9 -8 -8 -8 -8 -8 -8 -8 -8 -8 -8 -8 -8 -8 -8 -8 -7 -7 -7 -7 -7 -6 -6 -6 -8 -8 -8 -8 -8 -8 -8 -8 -8 -8 -8 -8 -8 -8 -7 -7 -7 -7 -7 -7 -7 -8 -8 -8 -8 -8 -8 -8 -8 -8 -8 -8 -8 -7 -7 -7 -7 -7 -7 -7 -7 -8 -8 -8 -8 -6 -6 -6 -7 -7 -7 -7 -7 -6 -6 -6 -7 -7 -7 -8 -8 -8 -8 -11 -11 -11 -11 -11 -11 -11 -11 -11 -12 -12 -12 -12 -12 -12 -12 -13 -13 -13 -14 -14 -14 -14 -14 -14 -14 -14 -14 -14 -14 -16 -18 -18 -22 -26 -26 -28 -31 -34 -34 -36 -36 -36 -35 -34 -34 -34 -32 -31 -31 -28 -27 -27 -26 -26 -26 -26 -26 -25 -25 -25 -26 -26 -26 -26 -26 -26 -27 -28 -28 -30 -31 -30 -30 -30 -28 -28 -28 -28 -27 -27 -25 -23 -23 -21 -20 -20 -18 -18 -18 -18 -21 -22 -22 -23 -27 -28 -28 -30 -32 -32 -35 -36 -39 -39 -39 -39 -39 -39 -37 -37 -37 -36 -35 -35 -34 -32 -32 -34 -34 -34 -34 -34 -35 -35 -36 -37 -37 -39 -37 -37 -37 -36 -35 -35 -34 -34 -32 -32 -32 -34 -34 -34 -34 -34 -35 -37 -39 -39 -41 -42 -42 -44 -45 -47 -47 -49 -49 -49 -46 -45 -44 -44 -39 -37 -37 -37 -37 -37 -36 -36 -36 -36 -36 -39 -39 -39 -39 -40 -40 -41 -41 -41 -39 -37 -37 -37 -37 -36 -36 -36 -36 -36 -36 -36 -36 -36 -35 -36 -36 -36 -36 -36 -35 -35 -34 -34 -34 -32 -32 -34 -34 -35 -35 -35 -36 -36 -36 -37 -36 -36 -36 -36 -36 -35 -35 -35 -35 -35 -35 -35 -35 -35 -35 -35 -35 -35 -35 -36 -37 -37 -37 -37 -37 -37 -37 -36 -36
-16 -16 -16 -16 -17 -17 -17 -17 -17 -18 -18 -17 -17 -17 -17 -17 -17 -17 -17 -17 -17 -17 -17 -17 -17 -17 -16 -16 -16 -16 -16 -18 -18 -18 -17 -17 -17 -17 -17 -17 -16 -16 -16 -16 -14 -14 -14 -13 -13 -13 -12 -12 -12 -12 -12 -11 -11 -9 -8 -8 -7 -6 -6 -6 -4 -4 -4 -4 -3 -3 -3 -2 -1 -1 -1 -1 -1 -1 -1 -1 -1 -1 -1 -1 -1 -1 -1 -1 -1 -1 -1 -1 -1 -1 -1 -1 -1 -1 -1 -1 -1 -1 -1 -1 -1 -1 -1 -1 -1 -1 -1 -1 -1 -1 -1 -1 -1 -1 -1 -1 -1 -1 -1 -1 -1 -1 -1 -1 -1 -1 -1 -1 -1 -1 -1 -1 -1 -1 -1 -1 -3 -3 -4 -6 -7 -7 -7 -9 -9 -11 -13 -13 -13 -13 -13 -13 -14 -13 -13 -13 -12 -12 -12 -12 -12 -12 -12 -13 -13 -12 -12 -11 -11 -11 -9 -9 -9 -9 -9 -9 -9 -9 -9 -11 -9 -9 -9 -9 -9 -9 -7 -7 -7 -7 -7 -7 -7 -7 -7 -7 -7 -7 -7 -7 -7 -7 -7 -7 -7 -7 -6 -6 -6 -6 -6 -6 -6 -6 -6 -6 -6 -6 -6 -6 -7 -7 -7 -7 -7 -7 -7 -7 -7 -7 -7 -6 -6 -6 -6 -6 -6 -7 -7 -7 -7 -7 -7 -7 -7 -7 -7 -7 -7 -7 -7 -7 -7 -7 -8 -8 -8 -8 -8 -9 -9 -11 -9 -9 -11 -11 -11 -11 -11 -12 -12 -12 -13 -13 -13 -13 -13 -13 -13 -13 -13 -13 -13 -14 -14 -14 -14 -14 -17 -18 -20 -20 -23 -25 -25 -28 -31 -34 -34 -36 -36 -36 -35 -34 -34 -32 -31 -30 -30 -28 -27 -27 -27 -26 -26 -26 -25 -25 -25 -26 -26 -26 -25 -25 -25 -25 -26 -26 -26 -28 -30 -30 -30 -34 -32 -32 -30 -28 -28 -28 -26 -25 -25 -22 -21 -21 -20 -20 -20 -20 -21 -23 -23 -26 -27 -31 -31 -32 -35 -35 -36 -36 -36 -36 -37 -39 -39 -39 -39 -39 -39 -39 -39 -39 -36 -35 -35 -34 -34 -34 -35 -35 -36 -36 -36 -37 -37 -37 -39 -37 -37 -36 -35 -35 -34 -34 -34 -32 -32 -32 -32 -32 -32 -32 -34 -35 -37 -37 -40 -41 -41 -42 -45 -46 -46 -47 -50 -50 -49 -47 -47 -45 -44 -37 -37 -36 -36 -36 -35 -35 -36 -36 -37 -39 -39 -39 -39 -39 -39 -39 -39 -39 -39 -39 -39 -39 -36 -36 -36 -36 -36 -36 -35 -35 -35 -35 -35 -36 -36 -36 -35 -35 -35 -34 -34 -34 -32 -32 -32 -34 -34 -35 -35 -35 -35 -35 -35 -36 -36 -36 -35 -35 -35 -35 -35 -35 -35 -35 -35 -35 -35 -34 -34 -34 -35 -35 -35 -35 -35 -35 -35 -35 -35 -35 -35 -35 -35 -35
-16 -16 -16 -16 -17 -17 -17 -17 -18 -18 -18 -17 -17 -17 -17 -17 -17 -17 -17 -17 -17 -17 -17 -17 -17 -16 -16 -16 -16 -16 -16 -18 -18 -18 -17 -17 -17 -17 -17 -16 -16 -16 -16 -16 -14 -14 -13 -13 -13 -12 -12 -12 -12 -12 -12 -11 -9 -9 -8 -7 -6 -6 -6 -4 -4 -4 -4 -4 -3 -3 -2 -2 -1 -1 -1 -1 -1 -1 -1 -1 -1 -1 -1 -1 -1 -1 -1 -1 -1 -1 -1 -1 -1 -1 -1 -1 -1 -1 -1 -1 -1 -1 -1 -1 -1 -1 -1 -1 -1 -1 -1 -1 -1 -1 -1 -1 -1 -1 -1 -1 -1 -1 -1 -1 -1 -1 -1 -1 -1 -1 -1 -1 -1 -1 -1 -1 -1 -1 -1 -1 -3 -4 -4 -6 -7 -7 -7 -9 -11 -11 -13 -13 -13 -13 -13 -14 -14 -13 -13 -13 -12 -12 -12 -12 -12 -12 -12 -13 -12 -12 -12 -11 -11 -11 -9 -9 -9 -9 -9 -9 -9 -9 -11 -11 -9 -9 -9 -9 -9 -7 -7 -7 -7 -7 -7 -7 -7 -7 -7 -7 -7 -7 -7 -7 -7 -7 -7 -7 -7 -6 -6 -6 -6 -6 -6 -6 -6 -6 -6 -6 -6 -6 -6 -7 -7 -7 -7 -7 -7 -7 -7 -7 -7 -7 -6 -6 -6 -6 -6 -6 -7 -7 -7 -7 -7 -7 -7 -7 -7 -7 -7 -7 -7 -7 -7 -7 -7 -8 -8 -8 -8 -8 -8 -9 -11 -11 -9 -11 -11 -11 -11 -11 -11 -12 -12 -12 -13 -13 -13 -13 -13 -13 -13 -13 -13 -13 -13 -14 -14 -14 -14 -17 -18 -18 -20 -23 -23 -25 -28 -28 -31 -34 -36 -36 -36 -35 -35 -34 -32 -31 -31 -30 -28 -28 -27 -27 -27 -26 -26 -25 -25 -25 -26 -26 -26 -25 -25 -25 -25 -26 -26 -26 -28 -28 -30 -30 -34 -34 -32 -30 -30 -28 -28 -26 -26 -25 -22 -22 -21 -20 -20 -20 -20 -21 -21 -23 -26 -26 -27 -31 -32 -32 -35 -36 -36 -36 -36 -37 -37 -39 -39 -39 -39 -39 -39 -39 -39 -36 -36 -35 -34 -34 -34 -35 -35 -35 -36 -36 -36 -37 -37 -37 -39 -37 -36 -36 -35 -34 -34 -34 -32 -32 -32 -32 -32 -32 -32 -34 -34 -35 -37 -40 -40 -41 -42 -42 -45 -46 -47 -47 -50 -49 -49 -47 -45 -44 -44 -37 -36 -36 -36 -35 -35 -35 -36 -37 -37 -39 -39 -39 -39 -39 -39 -39 -39 -39 -39 -39 -39 -39 -36 -36 -36 -36 -36 -35 -35 -35 -35 -35 -35 -36 -36 -36 -35 -35 -35 -34 -34 -32 -32 -32 -34 -34 -34 -35 -35 -35 -35 -35 -35 -36 -36 -35 -35 -35 -35 -35 -35 -35 -35 -35 -35 -35 -35 -34 -34 -34 -35 -35 -35 -35 -35 -35 -35 -35 -35 -35 -35 -35 -35 -35
-16 -16 -16 -16 -17 -17 -17 -17 -17 -18 -18 -17 -17 -17 -17 -17 -17 -17 -17 -17 -17 -17 -17 -17 -17 -17 -17 -16 -16 -16 -16 -18 -18 -18 -18 -18 -17 -17 -17 -17 -17 -16 -16 -16 -14 -14 -14 -13 -13 -13 -12 -12 -12 -12 -12 -11 -11 -9 -8 -8 -7 -6 -6 -6 -6 -4 -4 -4 -3 -3 -3 -2 -1 -1 -1 -1 -1 -1 -1 -1 -1 -1 -1 -1 -1 -1 -1 -1 -1 -1 -1 -1 -1 -1 -1 -1 -1 -1 -1 -1 -1 -1 -1 -1 -1 -1 -1 -1 -1 -1 -1 -1 -1 -1 -1 -1 -1 -1 -1 -1 -1 -1 -1 -1 -1 -1 -1 -1 -1 -1 -1 -1 -1 -1 -1 -1 -1 -1 -1 -1 -4 -4 -4 -6 -7 -7 -7 -8 -8 -9 -12 -12 -12 -12 -12 -12 -13 -12 -12 -12 -12 -11 -11 -12 -12 -12 -12 -12 -12 -12 -12 -11 -11 -11 -9 -9 -9 -8 -9 -9 -9 -9 -9 -11 -9 -9 -9 -9 -9 -9 -7 -7 -7 -7 -7 -7 -7 -7 -7 -7 -7 -7 -7 -7 -7 -7 -7 -7 -7 -7 -6 -6 -6 -6 -6 -6 -6 -6 -6 -6 -6 -6 -6 -6 -7 -7 -7 -7 -7 -7 -7 -7 -7 -7 -7 -6 -6 -6 -6 -6 -6 -7 -7 -7 -7 -7 -7 -7 -7 -7 -7 -7 -7 -7 -7 -7 -7 -7 -8 -8 -8 -8 -8 -9 -9 -11 -11 -11 -11 -11 -11 -11 -11 -12 -12 -12 -13 -13 -13 -13 -13 -13 -13 -13 -13 -13 -14 -14 -14 -14 -14 -14 -18 -20 -21 -21 -25 -26 -26 -30 -32 -34 -34 -35 -35 -35 -34 -32 -32 -31 -30 -28 -28 -27 -26 -26 -26 -25 -25 -25 -25 -25 -25 -25 -25 -25 -25 -25 -25 -25 -26 -27 -27 -28 -30 -30 -30 -34 -31 -31 -30 -28 -28 -27 -26 -23 -23 -22 -21 -21 -20 -20 -20 -20 -21 -25 -25 -27 -28 -31 -31 -32 -35 -35 -36 -36 -36 -36 -37 -39 -39 -39 -39 -39 -40 -40 -39 -39 -37 -36 -36 -35 -35 -35 -35 -36 -36 -36 -37 -37 -37 -39 -39 -37 -37 -36 -35 -35 -34 -32 -32 -32 -32 -32 -32 -32 -32 -32 -34 -35 -37 -37 -40 -42 -42 -42 -45 -46 -46 -47 -50 -50 -49 -47 -47 -45 -44 -37 -37 -36 -35 -35 -35 -35 -36 -36 -37 -39 -39 -39 -39 -39 -39 -39 -39 -39 -39 -39 -39 -39 -36 -36 -36 -36 -35 -35 -35 -35 -35 -35 -35 -35 -35 -35 -35 -35 -35 -34 -34 -34 -34 -32 -32 -34 -34 -34 -34 -35 -35 -35 -35 -35 -35 -36 -35 -35 -35 -35 -35 -35 -35 -35 -35 -35 -35 -34 -34 -34 -34 -34 -35 -35 -35 -35 -35 -35 -35 -35 -35 -35 -35 -35
-16 -16 -16 -16 -17 -17 -17 -17 -18 -18 -18 -17 -17 -17 -17 -17 -17 -17 -17 -17 -17 -17 -17 -17 -17 -17 -17 -16 -16 -16 -16 -18 -18 -18 -18 -17 -17 -17 -17 -17 -17 -16 -16 -16 -14 -14 -13 -13 -13 -12 -12 -12 -12 -12 -12 -11 -9 -9 -8 -7 -6 -6 -6 -6 -6 -4 -4 -4 -3 -3 -2 -2 -1 -1 -1 -1 -1 -1 -1 -1 -1 -1 -1 -1 -1 -1 -1 -1 -1 -1 -1 -1 -1 -1 -1 -1 -1 -1 -1 -1 -1 -1 -1 -1 -1 -1 -1 -1 -1 -1 -1 -1 -1 -1 -1 -1 -1 -1 -1 -1 -1 -1 -1 -1 -1 -1 -1 -1 -1 -1 -1 -1 -1 -1 -1 -1 -1 -1 -1 -1 -4 -4 -4 -6 -7 -7 -7 -8 -9 -9 -12 -12 -12 -12 -12 -13 -13 -12 -12 -12 -12 -11 -12 -12 -12 -12 -12 -12 -12 -12 -12 -11 -11 -11 -9 -9 -8 -8 -9 -9 -9 -9 -11 -11 -9 -9 -9 -9 -9 -7 -7 -7 -7 -7 -7 -7 -7 -7 -7 -7 -7 -7 -7 -7 -7 -7 -7 -7 -7 -6 -6 -6 -6 -6 -6 -6 -6 -6 -6 -6 -6 -6 -6 -7 -7 -7 -7 -7 -7 -7 -7 -7 -7 -7 -6 -6 -6 -6 -6 -6 -7 -7 -7 -7 -7 -7 -7 -7 -7 -7 -7 -7 -7 -7 -7 -7 -7 -8 -8 -8 -8 -8 -8 -9 -11 -11 -11 -11 -11 -11 -11 -11 -11 -12 -12 -12 -13 -13 -13 -13 -13 -13 -13 -13 -13 -14 -14 -14 -14 -14 -14 -18 -20 -20 -21 -25 -25 -26 -30 -30 -32 -34 -35 -35 -35 -34 -34 -32 -31 -30 -30 -28 -27 -27 -26 -26 -26 -25 -25 -25 -25 -25 -25 -25 -25 -25 -25 -25 -25 -26 -26 -27 -28 -28 -30 -30 -34 -34 -31 -30 -30 -28 -27 -26 -26 -23 -22 -22 -21 -20 -20 -20 -20 -21 -21 -25 -27 -27 -28 -31 -32 -32 -35 -36 -36 -36 -36 -37 -37 -39 -39 -39 -39 -40 -40 -40 -39 -37 -37 -36 -35 -35 -35 -35 -36 -36 -36 -37 -37 -37 -39 -39 -39 -37 -36 -36 -35 -34 -34 -32 -32 -32 -32 -32 -32 -32 -32 -34 -34 -35 -37 -40 -40 -42 -42 -42 -45 -46 -47 -47 -50 -49 -49 -47 -45 -44 -44 -37 -36 -36 -35 -35 -35 -35 -36 -37 -37 -39 -39 -39 -39 -39 -39 -39 -39 -39 -39 -39 -39 -39 -36 -36 -36 -36 -35 -35 -35 -35 -35 -35 -35 -35 -35 -35 -35 -35 -35 -34 -34 -34 -34 -32 -34 -34 -34 -34 -35 -35 -35 -35 -35 -35 -36 -35 -35 -35 -35 -35 -35 -35 -35 -35 -35 -35 -35 -34 -34 -34 -34 -35 -35 -35 -35 -35 -35 -35 -35 -35 -35 -35 -35 -35
-16 -16 -16 -16 -17 -17 -17 -17 -17 -17 -17 -18 -18 -18 -18 -18 -18 -18 -18 -18 -18 -18 -18 -17 -17 -17 -17 -17 -17 -17 -17 -18 -18 -18 -18 -18 -17 -17 -17 -17 -17 -17 -17 -16 -14 -14 -14 -14 -13 -13 -13 -12 -12 -12 -12 -12 -12 -11 -8 -8 -7 -7 -6 -6 -6 -4 -4 -4 -4 -3 -3 -2 -2 -2 -1 -1 -1 -1 -1 -1 -1 -1 -1 -1 -1 -1 -1 -1 -1 -1 -1 -1 -1 -1 -1 -1 -1 -1 -1 -1 -1 -1 -1 -1 -1 -1 -1 -1 -1 -1 -1 -1 -1 -1 -1 -1 -1 -1 -1 -1 -1 -1 -1 -1 -1 -1 -1 -1 -1 -1 -1 -1 -1 -1 -1 -1 -1 -1 -1 -1 -4 -4 -6 -7 -7 -7 -7 -8 -8 -9 -11 -11 -11 -11 -11 -11 -12 -11 -11 -11 -11 -11 -11 -11 -12 -12 -12 -12 -12 -12 -11 -11 -11 -9 -9 -9 -8 -8 -9 -9 -9 -9 -9 -11 -9 -9 -9 -9 -9 -9 -7 -7 -7 -7 -7 -7 -7 -7 -7 -7 -7 -7 -7 -7 -7 -7 -7 -7 -7 -7 -6 -6 -6 -6 -6 -6 -6 -6 -6 -6 -6 -6 -6 -6 -7 -7 -7 -7 -7 -7 -7 -7 -7 -7 -7 -6 -6 -6 -6 -6 -6 -7 -7 -7 -7 -7 -7 -7 -7 -7 -7 -7 -7 -7 -7 -7 -7 -7 -8 -8 -8 -8 -9 -11 -11 -11 -11 -11 -11 -11 -11 -11 -11 -12 -12 -12 -13 -13 -13 -13 -13 -13 -13 -13 -13 -14 -14 -16 -16 -16 -16 -16 -20 -21 -23 -23 -26 -28 -28 -31 -34 -35 -35 -34 -34 -34 -32 -31 -31 -30 -28 -27 -27 -26 -25 -25 -25 -25 -23 -23 -23 -23 -23 -25 -25 -25 -25 -25 -25 -25 -26 -27 -27 -28 -30 -31 -31 -32 -31 -31 -28 -27 -27 -27 -25 -23 -23 -22 -21 -21 -21 -20 -21 -21 -22 -26 -26 -28 -30 -31 -31 -32 -35 -35 -36 -36 -36 -36 -37 -39 -39 -39 -40 -40 -40 -41 -40 -40 -39 -37 -37 -36 -36 -36 -36 -37 -37 -37 -37 -39 -39 -39 -39 -36 -36 -35 -35 -35 -34 -32 -32 -32 -32 -32 -32 -32 -32 -32 -34 -36 -37 -37 -40 -42 -42 -44 -46 -47 -47 -49 -50 -50 -50 -47 -47 -45 -44 -37 -37 -36 -35 -35 -35 -36 -36 -36 -37 -39 -39 -39 -39 -39 -39 -39 -39 -39 -39 -39 -39 -39 -36 -36 -36 -36 -35 -35 -35 -35 -35 -34 -34 -35 -35 -34 -34 -34 -34 -34 -34 -34 -34 -34 -34 -34 -34 -34 -34 -34 -35 -35 -35 -35 -35 -35 -35 -35 -35 -35 -35 -35 -35 -34 -34 -34 -34 -34 -34 -34 -34 -34 -34 -34 -34 -34 -35 -35 -35 -34 -34 -34 -34 -34
-16 -16 -16 -16 -16 -17 -17 -17 -16 -16 -16 -17 -17 -17 -17 -17 -17 -17 -17 -17 -17 -18 -18 -18 -18 -18 -18 -18 -18 -18 -18 -18 -18 -18 -18 -18 -17 -17 -17 -17 -17 -17 -17 -17 -17 -16 -16 -16 -14 -14 -14 -13 -13 -12 -12 -12 -11 -11 -11 -8 -7 -7 -6 -6 -6 -6 -6 -6 -4 -3 -3 -3 -2 -2 -2 -1 -1 -1 -1 -1 -1 -1 -1 -1 -1 -1 -1 -1 -1 -1 -1 -1 -1 -1 -1 -1 -1 -1 -1 -1 -1 -1 -1 -1 -1 -1 -1 -1 -1 -1 -1 -1 -1 -1 -1 -1 -1 -1 -1 -1 -1 -1 -1 -1 -1 -1 -1 -1 -1 -1 -1 -1 -1 -1 -1 -1 -1 -1 -2 -2 -6 -7 -7 -8 -7 -7 -7 -7 -8 -8 -11 -9 -9 -9 -9 -11 -11 -11 -9 -9 -9 -11 -11 -11 -12 -12 -12 -11 -11 -11 -11 -9 -9 -9 -9 -8 -8 -8 -9 -9 -9 -9 -9 -9 -9 -9 -9 -9 -9 -7 -7 -7 -7 -7 -7 -7 -7 -7 -7 -7 -7 -7 -7 -7 -7 -7 -7 -7 -6 -6 -6 -6 -6 -6 -6 -6 -6 -6 -6 -6 -6 -6 -6 -7 -7 -7 -7 -7 -7 -7 -7 -7 -7 -7 -7 -7 -7 -7 -7 -8 -8 -8 -8 -8 -8 -8 -7 -7 -7 -7 -7 -7 -7 -7 -7 -7 -7 -8 -8 -8 -9 -11 -11 -11 -12 -12 -12 -12 -11 -11 -11 -11 -11 -12 -12 -12 -13 -13 -13 -13 -13 -13 -13 -14 -14 -16 -16 -17 -17 -17 -17 -22 -23 -23 -26 -28 -28 -31 -32 -32 -35 -36 -32 -32 -32 -30 -30 -28 -27 -26 -26 -25 -25 -25 -23 -23 -23 -23 -23 -23 -23 -23 -23 -23 -23 -25 -25 -25 -26 -27 -27 -28 -30 -30 -30 -31 -31 -31 -30 -27 -27 -26 -26 -23 -23 -22 -21 -21 -21 -21 -21 -21 -21 -22 -22 -26 -28 -28 -30 -31 -32 -32 -34 -35 -35 -35 -35 -37 -37 -39 -39 -39 -40 -41 -41 -41 -41 -40 -40 -37 -37 -37 -37 -37 -37 -37 -39 -39 -39 -39 -39 -39 -39 -36 -35 -35 -34 -34 -34 -32 -32 -32 -32 -32 -32 -32 -34 -35 -35 -36 -39 -41 -41 -44 -45 -45 -47 -47 -49 -49 -50 -49 -49 -47 -45 -44 -44 -36 -36 -36 -35 -36 -36 -36 -36 -37 -37 -39 -39 -39 -39 -39 -39 -39 -39 -37 -37 -37 -37 -37 -36 -36 -35 -35 -35 -34 -34 -34 -34 -34 -34 -34 -34 -34 -34 -34 -34 -34 -34 -34 -34 -34 -34 -34 -34 -34 -34 -34 -34 -34 -34 -35 -35 -35 -35 -35 -34 -34 -34 -34 -34 -34 -34 -34 -34 -34 -34 -34 -34 -34 -34 -34 -34 -34 -34 -34 -34 -34 -34 -34 -34 -34
-16 -16 -16 -16 -16 -16 -17 -17 -17 -16 -16 -17 -17 -17 -17 -17 -17 -17 -17 -17 -17 -18 -18 -18 -18 -18 -18 -18 -18 -18 -18 -18 -18 -18 -18 -18 -18 -17 -17 -17 -17 -17 -17 -17 -17 -16 -16 -16 -14 -14 -14 -13 -13 -13 -12 -12 -12 -11 -11 -11 -8 -7 -6 -6 -6 -6 -6 -6 -4 -3 -3 -3 -2 -2 -2 -1 -1 -1 -1 -1 -1 -1 -1 -1 -1 -1 -1 -1 -1 -1 -1 -1 -1 -1 -1 -1 -1 -1 -1 -1 -1 -1 -1 -1 -1 -1 -1 -1 -1 -1 -1 -1 -1 -1 -1 -1 -1 -1 -1 -1 -1 -1 -1 -1 -1 -1 -1 -1 -1 -1 -1 -1 -1 -1 -1 -1 -1 -1 -1 -2 -6 -6 -7 -8 -7 -7 -7 -7 -7 -8 -11 -11 -9 -9 -9 -9 -11 -11 -11 -9 -9 -11 -11 -11 -12 -12 -12 -11 -11 -11 -11 -9 -9 -9 -9 -9 -8 -8 -9 -9 -9 -9 -9 -9 -9 -9 -9 -9 -9 -9 -7 -7 -7 -7 -7 -7 -7 -7 -7 -7 -7 -7 -7 -7 -7 -7 -7 -7 -6 -6 -6 -6 -6 -6 -6 -6 -6 -6 -6 -6 -6 -6 -6 -6 -7 -7 -7 -7 -7 -7 -7 -7 -7 -7 -7 -7 -7 -7 -7 -8 -8 -8 -8 -8 -8 -8 -7 -7 -7 -7 -7 -7 -7 -7 -7 -7 -7 -7 -8 -8 -9 -9 -11 -11 -11 -12 -12 -12 -12 -11 -11 -11 -11 -12 -12 -12 -13 -13 -13 -13 -13 -13 -13 -14 -14 -14 -16 -17 -17 -17 -17 -17 -22 -23 -26 -26 -28 -31 -31 -32 -35 -36 -36 -32 -32 -32 -30 -28 -28 -27 -26 -25 -25 -25 -23 -23 -23 -23 -23 -23 -23 -23 -23 -23 -23 -23 -25 -25 -26 -26 -27 -28 -28 -30 -30 -31 -31 -31 -30 -30 -27 -26 -26 -26 -23 -22 -22 -21 -21 -21 -21 -21 -21 -21 -22 -26 -26 -28 -30 -31 -31 -32 -34 -34 -35 -35 -35 -35 -37 -39 -39 -39 -40 -40 -41 -41 -41 -41 -40 -37 -37 -37 -37 -37 -37 -37 -39 -39 -39 -39 -39 -39 -39 -36 -36 -35 -34 -34 -34 -32 -32 -32 -32 -32 -32 -32 -34 -34 -35 -36 -39 -39 -41 -44 -44 -45 -47 -47 -47 -49 -50 -50 -49 -47 -47 -45 -44 -36 -36 -36 -35 -35 -36 -36 -36 -36 -37 -39 -39 -39 -39 -39 -39 -39 -39 -39 -37 -37 -37 -37 -36 -36 -36 -35 -35 -35 -34 -34 -34 -34 -34 -34 -34 -34 -34 -34 -34 -34 -34 -34 -34 -34 -34 -34 -34 -34 -34 -34 -34 -34 -34 -35 -35 -35 -35 -35 -35 -34 -34 -34 -34 -34 -34 -34 -34 -34 -34 -34 -34 -34 -34 -34 -34 -34 -34 -34 -34 -34 -34 -34 -34 -34
-16 -16 -16 -16 -16 -16 -16 -17 -16 -16 -16 -17 -17 -17 -17 -17 -17 -17 -17 -17 -17 -17 -17 -17 -18 -18 -18 -18 -18 -18 -18 -20 -18 -18 -18 -18 -18 -18 -17 -17 -17 -17 -17 -17 -17 -16 -16 -16 -14 -14 -14 -13 -13 -12 -12 -12 -12 -12 -11 -9 -7 -7 -7 -6 -6 -6 -6 -6 -4 -4 -3 -3 -2 -2 -2 -2 -1 -1 -1 -1 -1 -1 -1 -1 -1 -1 -1 -1 -1 -1 -1 -1 -1 -1 -1 -1 -1 -1 -1 -1 -1 -1 -1 -1 -1 -1 -1 -1 -1 -1 -1 -1 -1 -1 -1 -1 -1 -1 -1 -1 -1 -1 -1 -1 -1 -1 -1 -1 -1 -1 -1 -1 -1 -1 -1 -1 -1 -2 -2 -2 -6 -7 -7 -8 -7 -7 -7 -8 -8 -8 -9 -9 -9 -9 -11 -11 -11 -9 -9 -9 -9 -9 -11 -11 -11 -12 -12 -11 -11 -9 -9 -9 -9 -9 -8 -8 -8 -8 -8 -8 -8 -8 -9 -9 -9 -9 -9 -9 -9 -8 -8 -8 -8 -7 -7 -7 -7 -7 -7 -7 -7 -7 -7 -7 -7 -6 -6 -6 -6 -6 -6 -6 -6 -6 -6 -6 -6 -6 -6 -6 -6 -6 -6 -7 -7 -7 -7 -7 -7 -7 -7 -7 -7 -7 -8 -8 -8 -8 -8 -8 -8 -8 -8 -8 -8 -8 -7 -7 -7 -7 -7 -7 -7 -7 -7 -7 -7 -9 -9 -9 -11 -12 -12 -12 -13 -13 -12 -12 -11 -11 -11 -11 -11 -12 -12 -12 -13 -13 -13 -13 -13 -13 -13 -14 -16 -17 -17 -18 -18 -18 -20 -23 -26 -26 -27 -31 -31 -32 -34 -34 -35 -35 -31 -31 -30 -28 -28 -27 -25 -25 -25 -25 -25 -25 -23 -23 -23 -23 -23 -25 -25 -25 -25 -25 -25 -26 -26 -26 -27 -27 -27 -28 -30 -30 -30 -31 -31 -31 -28 -27 -27 -26 -25 -23 -23 -22 -21 -21 -21 -21 -21 -21 -22 -23 -23 -27 -28 -28 -30 -31 -32 -32 -34 -34 -34 -34 -34 -36 -36 -39 -39 -39 -40 -41 -41 -42 -42 -41 -41 -39 -37 -37 -39 -39 -39 -39 -39 -39 -39 -39 -39 -39 -39 -36 -36 -36 -35 -34 -34 -34 -34 -34 -34 -34 -35 -35 -35 -36 -36 -37 -40 -42 -42 -45 -46 -46 -47 -49 -49 -49 -50 -49 -49 -46 -44 -42 -42 -36 -35 -35 -36 -35 -35 -36 -36 -37 -37 -39 -39 -39 -39 -39 -39 -39 -39 -37 -37 -37 -37 -37 -35 -35 -35 -35 -35 -34 -34 -34 -32 -32 -32 -32 -32 -32 -32 -32 -32 -32 -32 -32 -32 -32 -34 -34 -34 -34 -34 -34 -34 -34 -34 -34 -34 -34 -34 -34 -34 -34 -34 -34 -34 -34 -32 -32 -32 -34 -34 -34 -34 -34 -34 -34 -32 -32 -32 -32 -34 -34 -34 -34 -34 -34
-16 -16 -16 -16 -16 -16 -16 -17 -17 -16 -16 -17 -17 -17 -17 -17 -17 -17 -17 -17 -17 -17 -17 -17 -18 -18 -18 -18 -18 -18 -18 -20 -20 -18 -18 -18 -18 -18 -17 -17 -17 -17 -17 -17 -17 -16 -16 -16 -14 -14 -14 -13 -13 -13 -12 -12 -12 -12 -11 -11 -9 -7 -7 -7 -6 -6 -6 -6 -4 -4 -4 -3 -2 -2 -2 -2 -2 -1 -1 -1 -1 -1 -1 -1 -1 -1 -1 -1 -1 -1 -1 -1 -1 -1 -1 -1 -1 -1 -1 -1 -1 -1 -1 -1 -1 -1 -1 -1 -1 -1 -1 -1 -1 -1 -1 -1 -1 -1 -1 -1 -1 -1 -1 -1 -1 -1 -1 -1 -1 -1 -1 -1 -1 -1 -1 -1 -1 -2 -2 -2 -6 -6 -7 -8 -7 -7 -7 -8 -8 -8 -9 -9 -9 -9 -11 -11 -11 -9 -9 -9 -9 -9 -9 -11 -11 -11 -12 -11 -11 -11 -9 -9 -9 -9 -8 -8 -8 -8 -8 -8 -8 -8 -8 -9 -9 -9 -9 -9 -9 -9 -8 -8 -8 -8 -7 -7 -7 -7 -7 -7 -7 -7 -7 -7 -7 -6 -6 -6 -6 -6 -6 -6 -6 -6 -6 -6 -6 -6 -6 -6 -6 -6 -6 -6 -7 -7 -7 -7 -7 -7 -7 -7 -7 -7 -7 -8 -8 -8 -8 -8 -8 -8 -8 -8 -8 -8 -7 -7 -7 -7 -7 -7 -7 -7 -7 -7 -7 -7 -9 -9 -11 -11 -12 -12 -12 -13 -12 -12 -12 -11 -11 -11 -11 -12 -12 -12 -13 -13 -13 -13 -13 -13 -13 -14 -14 -16 -17 -18 -18 -18 -20 -20 -23 -26 -27 -27 -31 -32 -32 -34 -35 -35 -35 -31 -30 -30 -28 -27 -27 -25 -25 -25 -25 -25 -23 -23 -23 -23 -23 -23 -25 -25 -25 -25 -25 -25 -26 -26 -27 -27 -27 -28 -28 -30 -30 -31 -31 -31 -28 -28 -27 -26 -26 -25 -23 -22 -22 -21 -21 -21 -21 -21 -22 -22 -23 -27 -27 -28 -30 -31 -31 -32 -34 -34 -34 -34 -34 -34 -36 -39 -39 -39 -40 -40 -41 -42 -42 -42 -41 -39 -39 -37 -39 -39 -39 -39 -39 -39 -39 -39 -39 -39 -39 -36 -36 -36 -35 -35 -34 -34 -34 -34 -34 -34 -34 -35 -35 -35 -36 -37 -40 -40 -42 -45 -45 -46 -47 -49 -49 -49 -50 -50 -49 -46 -46 -44 -42 -36 -36 -35 -36 -36 -35 -36 -36 -36 -37 -39 -39 -39 -39 -39 -39 -39 -39 -39 -37 -37 -37 -37 -35 -35 -35 -35 -35 -35 -34 -34 -34 -32 -32 -32 -32 -32 -32 -32 -32 -32 -32 -32 -32 -32 -32 -34 -34 -34 -34 -34 -34 -34 -34 -34 -34 -34 -34 -34 -34 -34 -34 -34 -34 -34 -32 -32 -32 -34 -34 -34 -34 -34 -34 -34 -32 -32 -32 -32 -32 -34 -34 -34 -34 -34
-17 -17 -17 -17 -17 -17 -17 -17 -16 -16 -16 -17 -17 -17 -17 -17 -17 -17 -18 -17 -17 -17 -18 -18 -18 -20 -20 -20 -18 -18 -18 -20 -20 -20 -20 -18 -18 -18 -18 -18 -18 -17 -17 -17 -17 -16 -16 -16 -14 -14 -14 -14 -13 -12 -12 -12 -12 -12 -11 -9 -8 -8 -7 -7 -7 -7 -6 -6 -6 -4 -3 -3 -3 -2 -2 -2 -2 -2 -2 -1 -1 -1 -1 -1 -1 -1 -1 -1 -1 -1 -1 -1 -1 -1 -1 -1 -1 -1 -1 -1 -1 -1 -1 -1 -1 -1 -1 -1 -1 -1 -1 -1 -1 -1 -1 -1 -1 -1 -1 -1 -1 -1 -1 -1 -1 -1 -1 -1 -1 -1 -1 -1 -1 -1 -1 -1 -1 -2 -3 -3 -7 -8 -8 -9 -8 -8 -8 -8 -9 -9 -11 -11 -11 -11 -12 -11 -11 -11 -11 -11 -9 -9 -9 -9 -11 -11 -11 -9 -9 -9 -9 -9 -8 -8 -8 -8 -8 -8 -8 -8 -8 -8 -9 -9 -9 -9 -9 -9 -9 -8 -8 -8 -8 -8 -8 -7 -7 -7 -7 -7 -7 -7 -7 -6 -6 -6 -6 -6 -6 -6 -6 -6 -6 -6 -6 -6 -6 -6 -6 -6 -6 -6 -6 -7 -7 -7 -7 -7 -7 -7 -7 -7 -7 -7 -8 -8 -8 -8 -8 -8 -8 -8 -8 -8 -8 -8 -8 -8 -8 -8 -7 -7 -7 -7 -7 -7 -7 -11 -11 -11 -12 -12 -12 -13 -13 -13 -12 -12 -11 -11 -11 -11 -11 -12 -12 -12 -13 -13 -13 -13 -13 -14 -14 -14 -16 -18 -18 -20 -20 -20 -21 -25 -27 -27 -28 -31 -31 -32 -34 -34 -34 -34 -30 -30 -28 -27 -27 -25 -23 -23 -23 -23 -25 -25 -23 -23 -23 -25 -25 -25 -25 -26 -26 -26 -26 -26 -27 -27 -27 -28 -28 -30 -30 -30 -30 -30 -31 -31 -28 -26 -26 -25 -25 -23 -23 -22 -22 -22 -21 -21 -21 -21 -22 -23 -23 -26 -28 -28 -30 -31 -31 -31 -32 -32 -32 -32 -32 -35 -35 -37 -39 -39 -40 -41 -41 -42 -42 -41 -41 -39 -37 -37 -39 -39 -39 -39 -39 -39 -39 -39 -39 -39 -39 -37 -36 -36 -36 -35 -35 -35 -35 -36 -36 -36 -37 -37 -37 -39 -39 -40 -41 -44 -44 -46 -47 -47 -49 -49 -49 -49 -50 -47 -47 -45 -42 -41 -41 -37 -36 -36 -36 -35 -35 -35 -36 -37 -37 -39 -40 -40 -39 -39 -39 -39 -37 -37 -37 -37 -37 -37 -35 -35 -34 -34 -34 -34 -34 -32 -32 -32 -32 -32 -32 -32 -32 -32 -32 -32 -32 -32 -32 -32 -32 -32 -32 -32 -32 -32 -32 -32 -32 -32 -32 -34 -34 -34 -34 -34 -32 -32 -32 -32 -32 -32 -32 -32 -32 -32 -32 -32 -32 -32 -32 -32 -32 -32 -32 -32 -32 -32 -32 -32
-17 -17 -17 -17 -17 -17 -17 -17 -17 -16 -16 -17 -17 -17 -17 -17 -17 -18 -18 -18 -18 -18 -18 -18 -18 -18 -20 -20 -20 -20 -20 -18 -18 -18 -18 -18 -17 -17 -17 -17 -17 -17 -17 -16 -16 -16 -16 -14 -14 -14 -13 -13 -13 -12 -12 -12 -12 -12 -11 -11 -9 -9 -8 -8 -8 -7 -7 -7 -6 -4 -4 -4 -3 -3 -3 -2 -2 -2 -2 -1 -1 -1 -1 -1 -1 -1 -1 -1 -1 -1 -1 -1 -1 -1 -1 -1 -1 -1 -1 -1 -1 -1 -1 -1 -1 -1 -1 -1 -1 -1 -1 -1 -1 -1 -1 -1 -1 -1 -1 -1 -1 -1 -1 -1 -1 -1 -1 -1 -1 -1 -1 -1 -1 -1 -1 -1 -1 -2 -2 -3 -7 -7 -8 -11 -9 -9 -9 -9 -9 -9 -12 -12 -12 -12 -13 -13 -12 -12 -12 -11 -11 -9 -9 -9 -9 -9 -9 -9 -9 -9 -8 -8 -8 -8 -8 -8 -8 -7 -8 -8 -8 -8 -8 -9 -9 -9 -9 -9 -9 -9 -8 -8 -8 -8 -8 -7 -7 -7 -7 -7 -7 -7 -7 -7 -6 -6 -6 -6 -6 -6 -6 -6 -6 -6 -6 -6 -6 -6 -6 -6 -6 -6 -6 -6 -8 -8 -8 -8 -8 -8 -8 -8 -8 -8 -8 -8 -8 -8 -8 -8 -8 -8 -8 -8 -8 -8 -8 -8 -8 -8 -8 -7 -7 -7 -7 -7 -7 -7 -11 -11 -12 -12 -13 -13 -13 -13 -12 -12 -12 -11 -11 -11 -11 -12 -12 -12 -13 -13 -13 -13 -13 -13 -14 -16 -16 -17 -18 -20 -20 -21 -22 -22 -26 -27 -30 -30 -32 -32 -32 -32 -32 -31 -31 -28 -27 -27 -26 -23 -23 -23 -23 -25 -25 -25 -23 -23 -25 -25 -26 -26 -27 -27 -27 -27 -27 -27 -27 -28 -28 -28 -30 -30 -30 -30 -30 -30 -30 -31 -28 -28 -26 -25 -25 -25 -23 -23 -23 -22 -21 -21 -21 -21 -21 -21 -22 -26 -26 -27 -28 -30 -30 -30 -31 -31 -30 -31 -31 -31 -34 -36 -36 -37 -39 -39 -41 -42 -42 -42 -41 -40 -40 -37 -37 -37 -37 -37 -39 -39 -39 -39 -39 -39 -39 -39 -39 -39 -37 -37 -37 -37 -37 -37 -37 -37 -37 -39 -40 -40 -40 -41 -44 -44 -45 -47 -47 -47 -49 -49 -49 -49 -49 -49 -47 -45 -45 -42 -41 -36 -36 -36 -35 -35 -35 -35 -36 -36 -37 -39 -39 -40 -39 -39 -39 -39 -37 -37 -37 -37 -37 -36 -34 -34 -34 -34 -34 -34 -34 -32 -32 -32 -32 -32 -32 -32 -32 -32 -32 -32 -32 -32 -32 -31 -31 -32 -32 -32 -32 -32 -32 -32 -32 -32 -32 -32 -32 -32 -32 -32 -32 -32 -32 -32 -32 -32 -32 -32 -32 -32 -32 -32 -32 -32 -32 -32 -32 -31 -31 -32 -32 -32 -32 -32
