512 447
106 106 100 105 104 108 112 108 111 113 113 112 107 107 91 -105 -128 -87 85 96 111 114 112 108 99 81 81 3 1 72 -41 -128 41 99 108 111 110 99 91 91 70 65 65 66 66 65 60 42 13 0 7 55 55 64 65 60 65 56 56 55 55 55 43 35 6 6 -58 -1 -70 35 43 49 52 52 53 54 49 49 48 45 44 49 44 41 39 39 36 31 24 26 26 47 52 47 44 48 45 37 31 32 35 36 32 32 31 0 0 -1 -1 -1 -1 -1 -1 -1 -3 -2 -2 -1 -1 -1 -1 -7 -4 -4 -4 -6 -4 -7 -4 -4 -6 -4 -4 -4 -7 -4 -4 -6 -4 -6 -6 -6 -4 -9 -32 -3 -3 -4 -4 -6 -4 -4 -6 -4 -4 -4 -4 -4 -7 -4 -4 -4 -4 -7 -7 -8 -6 -6 -6 -4 -4 -14 -3 -3 -3 -3 -3 -2 -1 -4 -4 -2 -4 -3 -2 -1 -6 -6 -6 -6 -4 -7 -9 -9 -9 -8 -8 -7 -3 -4 -6 -4 -3 -3 -3 -3 -4 -6 -2 -8 -8 -6 -8 -4 -4 -3 -3 -2 -2 -3 -1 -6 -7 -9 -14 -44 -12 -9 -3 -6 -3 -3 -4 -7 -2 -3 -1 -1 -1 -1 -1 -1 3 0 0 0 0 0 25 32 37 38 41 44 48 49 55 55 53 58 56 64 59 61 64 64 66 74 77 77 73 77 73 65 59 54 58 74 82 83 87 89 89 85 89 84 91 95 90 94 89 91 87 58 71 71 94 87 81 90 77 87 94 96 99 88 94 100 100 90 95 95 90 70 89 99 108 88 31 0 0 0 49 55 49 18 -49 0 74 93 99 111 108 108 68 100 94 102 106 113 99 101 102 108 113 117 117 116 110 102 106 108 117 107 119 119 119 90 106 106 110 116 116 113 116 118 110 120 116 104 116 113 113 118 119 119 116 108 102 111 90 110 81 66 66 66 81 112 55 47 104 97 96 77 93 82 83 83 93 70 73 66 87 94 97 85 76 61 52 36 36 0 0 14 -7 -11 -1 8 102 113 100 104 120 120 88 89 90 87 79 85 81 74 55 65 61 67 67 72 91 90 85 68 68 37 26 43 32 10 8 8 15 27 0 0 0 0 0 -86 -18 -4 -2 -2 -4 -9 -26 -22 -13 -13 -13 -14 -18 -25 -25 -23 -23 -26 -22 -12 -13 -12 -12 -13 -20 -26 -28 -28 -30 -30 -14 -12 -13 -14 -13 -13 -13 -13 -14 -16 -17 -14 -14 -16 -21 -20 -18 -20 -22 -21 -20 -14 -14 -20
110 108 100 105 112 97 97 105 113 111 108 107 101 97 24 -128 42 93 106 106 114 113 114 107 94 90 48 99 81 3 0 42 42 99 104 110 106 101 106 102 105 106 99 99 101 101 93 85 41 37 85 88 101 104 87 97 88 88 88 88 85 77 68 55 -55 -55 -106 -91 66 79 79 87 88 84 84 84 82 78 77 77 81 78 76 76 67 68 65 62 59 56 55 54 48 48 44 41 41 36 31 35 33 33 31 30 26 0 -1 -1 -1 -1 -1 -3 -1 -1 -1 -1 -1 -1 -1 -1 -4 -6 -6 -6 -7 -7 -4 -4 -4 -4 -3 -6 -4 -4 -4 -4 -4 -4 -4 -4 -3 -4 -3 -37 -3 -3 -4 -4 -7 -6 -6 -7 -4 -3 -7 -6 -7 -8 -3 -4 -4 -4 -6 -6 -6 -6 -4 -4 -17 -16 -3 -2 -3 -3 -3 -3 -3 -2 -2 -4 -1 -2 -3 -3 -4 -7 -7 -6 -7 -4 -7 -8 -9 -8 -7 -7 -7 -4 -4 -4 -4 -3 -3 -2 -4 -6 -7 -4 -8 -7 -8 -8 -7 -4 -3 -3 -3 -3 -1 -1 -6 -7 -8 -7 -7 -47 -9 -6 -2 -4 -3 -3 -2 -1 -1 -1 -1 -1 -1 -1 -1 -1 -1 -2 -1 7 0 0 0 29 29 32 29 43 50 44 52 50 45 53 54 60 60 67 67 66 61 67 65 55 62 70 50 21 19 19 60 79 87 77 88 88 88 91 88 93 94 88 88 90 99 97 87 87 101 96 83 70 82 91 89 89 95 90 93 87 94 101 102 104 99 100 68 79 79 77 101 59 21 0 0 0 42 41 0 -53 -53 -110 0 0 32 93 107 82 100 85 107 100 106 106 102 104 107 108 110 119 113 97 107 118 117 113 113 120 120 118 114 94 119 118 118 119 116 112 114 114 118 119 119 112 119 120 119 114 119 118 116 118 118 113 88 102 70 52 105 105 91 95 97 66 66 68 79 64 62 90 113 89 88 90 73 78 91 91 90 78 56 43 38 0 0 0 -1 -1 -1 88 88 49 111 113 96 99 123 88 101 84 85 88 83 83 89 79 55 72 67 84 90 89 95 85 67 61 61 39 45 48 56 59 48 47 37 32 19 14 14 14 0 0 0 -7 -2 -41 -97 -27 -13 -13 -12 -12 -13 -13 -18 -23 -23 -22 -17 -14 -13 -13 -13 -13 -13 -13 -21 -26 -27 -28 -28 -14 -13 -13 -14 -13 -13 -13 -13 -13 -14 -14 -16 -17 -18 -22 -22 -20 -20 -20 -20 -20 -18 -14 -13 -20
110 110 108 100 105 112 97 105 113 111 108 107 101 101 97 24 -128 42 93 106 114 113 114 107 94 90 90 48 99 81 3 0 42 99 104 110 106 101 106 106 102 105 106 99 99 101 93 85 41 37 85 88 88 101 104 87 97 88 88 88 85 77 68 55 -55 -55 -55 -106 -91 66 79 87 88 84 84 84 82 82 78 77 77 81 78 76 67 68 65 62 59 56 56 55 54 48 48 44 41 36 31 35 33 33 31 31 30 26 0 -1 -1 -1 -1 -3 -1 -1 -1 -1 -1 -1 -1 -1 -1 -4 -6 -6 -7 -7 -4 -4 -4 -4 -4 -3 -6 -4 -4 -4 -4 -4 -4 -4 -3 -3 -4 -3 -37 -3 -3 -4 -7 -6 -6 -7 -4 -3 -3 -7 -6 -7 -8 -3 -4 -4 -6 -6 -6 -6 -4 -4 -4 -17 -16 -3 -2 -3 -3 -3 -3 -2 -2 -4 -4 -1 -2 -3 -3 -4 -7 -6 -7 -4 -7 -8 -9 -9 -8 -7 -7 -7 -4 -4 -4 -3 -3 -2 -4 -4 -6 -7 -4 -8 -7 -8 -7 -4 -3 -3 -3 -3 -3 -1 -1 -6 -7 -8 -7 -47 -9 -6 -2 -4 -3 -3 -3 -2 -1 -1 -1 -1 -1 -1 -1 -1 -1 -2 -2 -1 7 0 0 0 29 32 29 43 50 44 52 52 50 45 53 54 60 67 67 66 61 67 65 65 55 62 70 50 21 19 60 79 87 77 88 88 88 88 91 88 93 94 88 90 99 97 87 87 101 101 96 83 70 82 91 89 95 90 93 87 94 101 101 102 104 99 100 68 79 77 101 59 21 0 0 0 0 42 41 0 -53 -110 0 0 32 93 107 107 82 100 85 107 100 106 102 104 107 108 110 119 119 113 97 107 118 117 113 120 120 118 114 94 119 119 118 118 119 116 112 114 118 119 119 112 119 120 120 119 114 119 118 116 118 113 88 102 70 52 105 105 105 91 95 97 66 68 79 64 62 90 113 113 89 88 90 73 78 91 90 78 56 43 38 0 0 0 0 -1 -1 -1 88 49 111 113 96 99 123 123 88 101 84 85 88 83 89 79 55 72 67 84 84 90 89 95 85 67 61 39 45 48 56 59 48 48 47 37 32 19 14 14 0 0 0 -7 -2 -2 -41 -97 -27 -13 -13 -12 -13 -13 -18 -23 -23 -22 -22 -17 -14 -13 -13 -13 -13 -13 -21 -26 -27 -28 -28 -28 -14 -13 -13 -14 -13 -13 -13 -13 -14 -14 -16 -17 -17 -18 -22 -22 -20 -20 -20 -20 -18 -14 -13 -20
108 110 100 102 110 96 96 102 112 110 107 106 100 106 97 99 108 105 110 110 116 113 114 108 97 101 105 107 93 78 18 96 96 104 105 110 104 101 106 104 105 105 100 100 101 101 94 91 91 93 101 93 102 104 87 95 89 88 88 90 88 73 54 6 -86 -84 -39 -94 56 71 71 82 87 85 87 84 82 78 77 77 78 79 76 76 67 68 65 62 59 56 55 54 48 50 42 39 39 36 31 35 33 33 32 32 29 0 -1 -1 -1 -1 -1 -4 -1 -1 -1 -1 -1 -1 -1 -1 -6 -3 -3 -6 -7 -7 -4 -4 -4 -4 -2 -4 -4 -4 -4 -4 -6 -4 -7 -4 -3 -4 -3 -37 -4 -4 -4 -4 -7 -4 -4 -7 -4 -4 -7 -7 -7 -8 -4 -4 -4 -4 -4 -4 -6 -4 -4 -4 -17 -17 -3 -3 -3 -3 -3 -3 -3 -3 -3 -3 -1 -3 -4 -4 -3 -7 -7 -7 -7 -4 -7 -7 -11 -9 -8 -8 -7 -3 -3 -4 -4 -3 -3 -3 -4 -7 -7 -4 -7 -7 -8 -8 -9 -3 -4 -3 -3 -2 -1 -1 -6 -6 -7 -7 -7 -41 -13 -6 -3 -6 -3 -3 -2 -1 -1 -1 -1 -1 -1 -1 -1 -1 -1 -1 -1 -1 -1 83 14 0 0 29 27 41 50 44 50 49 44 52 52 58 58 67 67 66 61 67 62 54 59 61 36 0 0 0 56 78 87 77 87 88 88 91 88 93 94 88 88 90 97 97 87 88 101 96 83 71 81 90 89 89 95 90 93 89 96 101 102 104 99 100 93 60 60 77 101 62 33 56 21 0 30 32 31 0 0 0 -128 -39 33 38 104 81 100 85 107 100 106 106 102 104 107 107 111 118 113 97 107 119 117 113 113 119 120 117 113 94 119 118 119 119 116 112 114 114 118 119 118 110 118 119 120 114 119 118 116 118 118 113 88 101 68 52 106 107 91 95 100 66 66 66 78 61 62 90 114 89 90 90 74 78 90 90 89 76 53 39 35 0 0 0 -1 -1 66 0 0 52 113 113 96 99 123 88 101 84 85 90 83 83 89 78 55 72 70 87 91 90 95 84 67 61 61 39 48 52 61 64 55 54 43 38 29 29 29 35 24 0 0 -7 -2 0 0 -27 -13 -12 -13 -13 -13 -14 -18 -25 -23 -22 -16 -14 -13 -13 -13 -13 -13 -13 -20 -25 -28 -27 -28 -14 -14 -12 -13 -13 -13 -13 -13 -13 -14 -14 -17 -20 -17 -22 -21 -18 -21 -21 -21 -20 -18 -14 -14 -21
93 93 84 96 105 95 100 110 112 111 101 113 101 101 114 113 107 111 107 113 113 117 107 107 102 112 112 111 108 99 95 89 102 105 108 108 105 110 105 105 107 105 100 100 101 105 99 102 104 105 101 93 93 96 84 85 84 81 89 87 83 68 15 -128 -128 -128 -91 -44 -128 0 30 78 83 84 84 87 85 85 82 81 76 74 76 76 71 64 62 60 60 54 54 52 53 50 48 47 38 36 30 33 32 33 29 29 30 29 0 -1 -1 -1 -1 -1 -1 -1 -1 -1 -1 -1 -1 -1 -1 -1 -3 -6 -6 -2 -3 -4 -4 -4 -7 -4 -4 -4 -4 -6 -6 -4 -4 -3 -6 -6 -8 -3 -37 -4 -4 -4 -7 -4 -4 -6 -4 -8 -8 -8 -6 -4 -4 -4 -4 -4 -6 -4 -3 -4 -4 -4 -4 -4 -4 -4 -3 -4 -4 -3 -2 -2 -1 -1 -1 -1 -1 -1 -3 -1 -7 -6 -7 -6 -7 -6 -8 -8 -8 -8 -6 -6 -3 -7 -4 -4 -4 -4 -4 -4 -4 -4 -4 -7 -8 -4 -4 -4 -3 -6 -6 -2 -2 -1 -1 -11 -6 -6 -9 -18 -30 -3 -3 -3 -2 -2 -1 -1 -1 -1 -1 -1 -1 -1 -1 -1 -1 -1 -1 -1 -2 -1 -1 -1 37 1 29 37 47 43 48 48 44 43 50 50 56 58 66 65 64 65 65 65 55 3 14 0 0 19 56 67 73 77 83 88 88 91 91 94 97 79 82 96 94 79 88 95 89 89 95 73 74 68 74 77 94 99 97 96 97 104 104 105 97 96 90 90 49 84 101 90 107 65 43 43 0 0 0 45 38 41 0 0 30 78 94 94 91 95 94 105 112 118 116 107 112 113 110 113 113 110 97 112 113 116 120 119 118 113 101 96 117 117 116 111 119 118 111 113 114 117 118 118 118 113 113 111 113 119 118 119 119 117 108 91 104 106 89 89 101 94 95 78 89 79 90 90 83 89 72 72 71 90 83 68 61 66 72 45 25 21 42 0 0 0 0 -16 -67 0 41 84 111 119 90 96 119 119 96 90 93 90 93 82 91 95 72 70 78 85 85 93 101 94 82 58 45 54 65 73 70 67 55 55 71 68 44 44 41 42 33 0 0 -3 -1 -1 -73 -96 -16 -3 -11 -18 -13 -13 -3 -20 -25 -21 -21 -13 -13 -12 -13 -13 -13 -14 -20 -23 -28 -28 -26 -26 -14 -17 -12 -11 -13 -13 -13 -14 -14 -14 -18 -20 -20 -20 -21 -22 -18 -16 -20 -18 -18 -14 -16 -46
21 74 87 90 95 100 100 108 111 100 101 107 105 97 105 105 106 114 106 106 112 105 108 105 95 100 104 93 94 91 96 104 104 104 110 112 107 112 112 107 102 105 107 97 95 95 104 104 113 101 87 91 91 81 84 74 77 82 82 79 83 71 19 0 -111 -20 45 16 0 60 60 79 84 85 87 88 87 87 81 76 77 76 77 77 72 71 65 66 59 54 55 55 54 50 49 38 38 35 29 35 31 29 26 29 27 0 -1 -1 -1 -1 -1 -1 -1 -1 -1 -1 -1 -1 -1 -1 -1 -7 -7 -6 -4 -2 -4 -6 -4 -4 -4 -3 -4 -4 -4 -4 -6 -4 -4 -7 -7 -6 -3 -35 -8 -4 -4 -4 -7 -7 -8 -7 -6 -8 -4 -4 -4 -4 -4 -6 -6 -6 -4 -4 -4 -7 -4 -7 -4 -4 -4 -3 -4 -4 -4 -3 -1 -4 -1 -1 -1 -1 -1 -1 -1 -6 -6 -6 -8 -6 -6 -6 -8 -8 -8 -7 -4 -4 -4 -18 -3 -4 -4 -4 -3 -3 -3 -2 -6 -7 -4 -4 -4 -4 -4 -7 -4 -2 -3 -4 -8 -4 -7 -9 -9 -8 -39 -3 -3 -3 -3 -1 -1 -1 -1 -1 -1 -1 -1 -1 -1 -1 -1 -1 -1 -1 -4 -1 -1 -1 -1 2 0 35 38 39 43 44 49 53 56 61 61 58 55 64 68 70 70 56 0 -128 -128 0 50 50 61 78 88 87 87 87 89 84 88 90 78 84 84 84 79 70 89 97 68 85 77 85 89 93 82 82 91 95 97 100 97 99 104 107 101 87 89 74 74 68 105 99 99 72 43 15 37 0 0 45 45 64 65 68 79 91 113 108 120 113 116 113 120 120 118 118 113 119 117 119 116 119 122 118 122 122 122 117 118 111 102 102 120 118 107 118 119 114 110 110 116 116 119 110 110 111 107 117 119 118 119 111 111 113 97 97 107 97 82 93 102 89 111 107 107 87 106 111 105 105 91 61 88 43 38 56 29 29 24 3 7 0 0 0 0 -128 -73 -128 -128 49 49 112 114 102 97 91 107 76 30 84 87 88 84 84 89 97 83 83 88 94 102 104 89 87 73 77 77 78 70 79 64 73 77 74 78 62 77 68 68 60 25 0 0 -2 -1 -1 -13 -13 -4 -9 -11 -11 -6 -3 -6 -12 -26 -20 -13 -13 -13 -13 -14 -4 -4 -21 -23 -22 -26 -28 -26 -16 -17 -12 -12 -13 -13 -13 -12 -14 -18 -17 -17 -18 -21 -20 -22 -21 -18 -20 -20 -17 -16 -17 -44 -18
-42 -42 27 22 24 10 83 83 89 82 96 102 91 91 99 105 104 112 104 110 116 104 101 90 96 94 94 96 99 89 99 95 101 101 104 106 111 114 111 111 106 105 106 93 101 100 105 108 102 96 102 97 97 89 87 42 0 13 81 84 85 77 61 20 0 0 14 55 30 30 65 83 87 85 87 87 81 81 77 81 73 74 77 82 77 72 68 67 61 59 59 53 56 55 48 42 36 33 27 33 30 29 30 30 35 29 0 -1 -1 -1 -1 -1 -1 -1 -1 -1 -1 -1 -1 -1 -1 -1 -1 -3 -4 -3 -3 -6 -4 -4 -4 -6 -4 -4 -4 -4 -4 -4 -8 -7 -7 -7 -4 -6 -26 -18 -4 -7 -7 -7 -4 -6 -6 -8 -8 -4 -7 -6 -4 -4 -8 -4 -4 -4 -6 -6 -8 -8 -6 -4 -6 -4 -4 -4 -4 -3 -11 -3 -1 -1 -1 -1 -1 -1 -1 -6 -7 -7 -8 -4 -4 -6 -7 -7 -7 -7 -4 -4 -4 -4 -3 -4 -4 -4 -4 -4 -3 -4 -4 -6 -6 -6 -3 -4 -4 -8 -3 -2 -2 -1 -2 -8 -7 -6 -6 -3 -39 -3 -2 -1 -3 -3 -2 -1 -1 -1 -1 -1 -1 -1 -1 -1 -1 -1 -1 -1 -1 -1 -1 -1 -1 -1 35 0 32 43 54 54 52 52 54 54 59 56 60 65 73 66 52 52 36 -115 -94 -65 -28 55 68 84 88 94 94 90 90 88 85 85 81 87 83 85 76 82 87 90 70 70 77 89 99 93 96 84 84 79 93 85 93 105 105 102 107 101 84 97 101 56 111 112 108 88 84 84 74 66 32 0 0 89 67 95 100 90 106 106 95 118 108 108 111 120 118 111 111 111 119 120 120 114 117 117 117 119 118 107 110 110 95 114 114 114 119 116 110 110 116 108 113 110 113 114 107 111 111 119 118 120 120 112 106 110 82 107 99 94 97 97 113 87 94 110 112 112 114 116 97 111 95 95 105 96 67 73 53 26 3 9 18 0 20 0 0 0 0 -110 -128 0 50 112 113 104 104 99 87 87 0 0 19 74 88 96 95 97 96 93 93 100 100 105 102 91 93 94 90 89 91 89 84 89 77 77 76 78 85 77 82 59 16 0 0 -2 -1 -1 -1 -1 -13 -8 -3 -9 -8 -4 -8 -25 -23 -14 -14 -13 -13 -13 -13 -13 -4 -11 -25 -23 -22 -21 -23 -23 -21 -20 -13 -12 -13 -13 -16 -20 -21 -17 -17 -18 -18 -20 -20 -21 -21 -21 -20 -14 -25 -50 -16 -13
-42 27 22 24 10 83 83 83 89 82 96 102 91 99 105 104 112 104 110 110 116 104 101 90 96 94 96 99 89 99 95 101 101 101 104 106 111 114 111 106 105 106 93 101 100 100 105 108 102 96 102 97 89 87 42 0 13 81 81 84 85 77 61 20 0 14 55 30 30 65 65 83 87 85 87 87 81 77 81 73 74 77 82 82 77 72 68 67 61 59 53 56 55 48 42 36 36 33 27 33 30 29 30 35 29 0 -1 -1 -1 -1 -1 -1 -1 -1 -1 -1 -1 -1 -1 -1 -1 -1 -1 -3 -4 -3 -3 -6 -4 -4 -6 -4 -4 -4 -4 -4 -4 -4 -8 -7 -7 -4 -6 -26 -18 -4 -7 -7 -7 -7 -4 -6 -6 -8 -4 -7 -6 -4 -4 -8 -8 -4 -4 -4 -6 -6 -8 -6 -4 -6 -4 -4 -4 -4 -4 -3 -11 -3 -1 -1 -1 -1 -1 -1 -6 -7 -7 -7 -8 -4 -4 -6 -7 -7 -7 -4 -4 -4 -4 -4 -3 -4 -4 -4 -4 -3 -4 -4 -6 -6 -6 -6 -3 -4 -4 -8 -3 -2 -1 -2 -8 -7 -6 -6 -6 -3 -39 -3 -2 -1 -3 -2 -1 -1 -1 -1 -1 -1 -1 -1 -1 -1 -1 -1 -1 -1 -1 -1 -1 -1 -1 -1 35 0 32 43 54 52 52 54 54 59 59 56 60 65 73 66 52 36 -115 -94 -65 -28 55 55 68 84 88 94 94 90 88 85 85 81 87 83 83 85 76 82 87 90 70 77 89 99 93 96 84 84 84 79 93 85 93 105 102 107 101 84 97 101 101 56 111 112 108 88 84 74 66 32 0 0 0 89 67 95 100 90 106 95 118 108 108 111 120 120 118 111 111 111 119 120 114 117 117 117 119 118 118 107 110 110 95 114 114 119 116 110 110 116 108 108 113 110 113 114 107 111 119 118 120 120 112 106 106 110 82 107 99 94 97 113 87 94 110 112 112 112 114 116 97 111 95 105 96 67 73 53 26 26 3 9 18 0 20 0 0 0 -110 -128 0 50 50 112 113 104 104 99 87 0 0 19 74 88 96 96 95 97 96 93 93 100 105 102 91 93 94 90 90 89 91 89 84 89 77 76 78 85 77 82 82 59 16 0 0 -2 -1 -1 -1 -13 -8 -3 -9 -9 -8 -4 -8 -25 -23 -14 -13 -13 -13 -13 -13 -4 -4 -11 -25 -23 -22 -21 -23 -21 -20 -13 -12 -13 -13 -13 -16 -20 -21 -17 -17 -18 -20 -20 -21 -21 -21 -20 -20 -14 -25 -50 -16 -13
-1 -1 -1 -37 -101 2 60 65 73 68 87 96 88 88 96 102 101 111 101 110 116 102 101 90 97 93 93 95 99 89 100 95 100 100 102 106 111 114 111 111 106 105 106 93 101 101 105 108 102 96 102 96 96 88 87 39 0 61 81 87 85 81 74 73 9 9 62 64 38 33 76 85 87 83 84 89 79 79 77 81 73 73 77 82 77 72 68 67 61 59 59 53 56 54 48 39 35 33 27 35 30 29 30 30 33 29 0 52 -1 -1 -1 -1 -1 -1 -1 -1 -1 -1 -1 -1 -1 -1 -1 -6 -3 -4 -4 -6 -3 -3 -4 -6 -4 -4 -4 -4 -4 -4 -7 -6 -8 -8 -4 -3 -17 -27 -4 -8 -7 -7 -4 -7 -6 -7 -7 -4 -4 -4 -4 -4 -8 -4 -4 -4 -4 -4 -9 -9 -6 -4 -7 -3 -4 -4 -4 -3 -11 -2 -1 -1 -1 -1 -1 -1 -1 -6 -7 -8 -9 -6 -4 -6 -7 -7 -7 -7 -4 -4 -4 -4 -3 -4 -4 -6 -4 -4 -3 -4 -4 -6 -4 -6 -3 -3 -3 -8 -3 -2 -2 -1 -2 -8 -7 -7 -6 -4 -31 -14 -2 -1 -3 -3 -3 -1 -1 -1 -1 -1 -1 -1 -1 -1 -1 -1 -1 -1 -1 -1 -1 -1 -1 -1 -1 71 0 42 54 54 54 52 54 54 59 59 62 65 70 61 43 43 30 -67 -86 -128 -67 49 64 82 88 94 94 93 93 90 85 85 81 87 83 85 74 81 87 90 70 70 77 91 101 95 99 87 87 76 90 83 90 105 105 102 107 102 84 97 101 77 89 114 108 88 88 88 82 76 48 54 58 94 67 94 102 91 106 106 95 118 108 108 111 120 119 112 113 111 119 119 119 114 117 120 119 119 118 110 112 110 95 114 114 114 120 116 112 112 116 108 113 107 107 56 48 100 100 113 119 119 119 112 106 110 81 107 96 94 99 99 112 85 95 110 113 114 114 116 100 110 95 95 105 96 67 76 54 30 10 18 64 19 33 10 10 8 0 0 0 26 58 112 112 102 102 99 88 88 35 0 0 77 87 96 95 97 96 95 96 100 100 105 105 93 93 94 93 90 93 90 85 88 77 77 77 78 85 79 83 61 16 0 27 -2 -1 -1 -1 -1 -14 -6 -3 -9 -8 -4 -8 -23 -23 -14 -14 -13 -13 -14 -13 -13 -4 -11 -23 -25 -23 -21 -23 -23 -21 -20 -13 -12 -13 -13 -14 -20 -21 -17 -17 -18 -18 -21 -21 -20 -21 -20 -20 -39 -54 -18 -13 -13
-1 -1 -55 -69 18 0 0 0 0 0 0 61 85 95 100 100 96 101 108 108 99 85 82 94 87 87 95 96 94 100 94 100 100 94 104 111 112 110 111 106 105 100 100 105 107 107 110 111 102 101 102 102 91 89 81 33 71 82 82 84 85 84 77 81 44 77 74 78 78 85 85 87 84 85 85 84 78 79 77 72 76 78 82 82 76 70 66 62 56 58 49 54 48 45 38 35 35 32 31 35 32 32 31 31 30 15 0 -1 -1 -1 -1 -1 -1 -1 -1 -1 -1 -1 -1 -1 -1 -1 -1 -1 -3 -4 -3 -4 -3 -4 -4 -4 -4 -4 -4 -3 -1 -1 -8 -6 -7 -3 -4 -6 -36 -4 -4 -4 -4 -3 -4 -6 -4 -6 -6 -4 -4 -4 -4 -7 -7 -6 -3 -4 -4 -4 -17 -3 -6 -4 -4 -4 -4 -4 -4 -3 -4 -2 -1 -1 -1 -1 -1 -1 -1 -7 -7 -9 -8 -3 -4 -7 -4 -8 -7 -7 -6 -4 -4 -6 -4 -4 -4 -6 -4 -4 -3 -3 -4 -7 -7 -7 -3 -6 -7 -4 -3 -2 -2 -1 -11 -7 -4 -4 -4 -2 -8 -37 -2 -14 -1 -1 -1 -1 -1 -1 -1 -1 -1 -1 -1 -1 -1 -1 -1 -1 -1 -1 -1 -1 -1 -1 -1 -1 0 35 37 44 53 50 61 66 66 60 60 65 59 12 0 14 3 -67 -119 0 0 0 70 84 84 91 90 88 95 90 84 76 76 66 66 83 82 94 100 67 68 97 101 104 105 104 100 100 90 81 83 93 94 104 105 110 105 91 107 108 108 105 70 102 93 82 106 110 106 79 81 91 91 82 74 105 99 88 106 90 100 112 118 102 118 118 113 113 106 106 118 118 120 120 118 118 114 102 102 105 108 102 104 116 113 120 117 106 108 111 112 112 118 112 107 56 0 47 107 107 118 117 108 117 117 110 116 114 112 111 91 77 99 113 117 119 119 105 110 123 111 113 96 91 102 102 90 25 45 45 62 59 74 41 55 21 3 0 0 0 12 62 62 112 114 118 118 108 93 88 82 71 83 91 97 97 97 101 93 96 95 95 101 105 95 95 96 101 101 99 88 91 93 96 77 76 77 77 82 90 90 42 29 0 -1 -1 -1 -1 -35 -73 -88 -12 -4 -4 -7 -8 -13 -18 -20 -13 -14 -14 -14 -13 -13 -14 -14 -22 -25 -22 -20 -14 -16 -30 -23 -17 -13 -13 -13 -13 -16 -22 -22 -17 -17 -20 -20 -18 -21 -21 -21 -53 -53 -40 -14 -13 -13 -14
9 9 26 15 52 44 44 43 10 21 22 0 0 0 14 25 21 70 81 89 77 82 85 76 71 87 87 95 90 96 99 96 101 102 105 106 101 106 104 104 105 105 107 111 106 108 107 105 101 102 97 96 96 101 95 96 96 72 82 82 79 77 82 82 52 52 82 81 81 85 85 85 82 82 79 83 84 84 77 74 76 76 79 83 81 72 68 65 56 54 54 50 45 42 37 38 39 42 35 37 31 31 30 30 30 29 15 0 -1 -1 -1 -1 -1 -1 -1 -1 -1 -1 -1 -1 -1 -1 -1 -1 -1 -6 -4 -3 -3 -3 -2 -3 -4 -4 -3 -3 -4 -3 -7 -4 -4 -4 -4 -4 -4 -39 -4 -6 -4 -4 -4 -6 -4 -6 -6 -4 -6 -7 -4 -6 -6 -4 -3 -3 -3 -4 -4 -4 -3 -6 -4 -4 -4 -4 -4 -4 -3 -2 -1 -1 -1 -1 -1 -1 -1 -1 -7 -8 -6 -4 -7 -4 -4 -4 -8 -6 -4 -4 -4 -4 -4 -4 -4 -4 -4 -4 -4 -4 -4 -7 -9 -8 -4 -4 -4 -4 -7 -3 -3 -1 -13 -11 -6 -4 -4 -4 -7 -45 -4 -1 -1 -1 -1 -1 -1 -1 -1 -1 -1 -1 -1 -1 -1 -1 -1 -1 -1 -1 -1 -1 -1 -1 -1 -1 -1 0 16 16 42 53 54 53 55 52 55 59 39 26 0 0 0 0 0 30 48 64 82 88 81 93 84 85 85 90 79 74 81 74 79 87 93 97 94 74 79 79 90 88 96 107 100 94 83 84 88 89 81 95 95 102 105 110 102 110 113 113 97 73 94 97 111 111 111 100 83 89 105 93 101 100 79 65 88 88 111 113 105 104 99 112 106 99 114 120 118 118 118 119 113 113 111 108 91 97 106 107 118 118 114 114 117 114 101 110 110 117 120 119 113 105 39 0 0 106 99 113 108 101 114 111 117 116 113 97 99 99 104 116 116 116 122 108 119 119 101 97 111 111 116 112 110 88 61 70 88 67 72 53 59 3 3 7 0 0 4 21 78 101 118 117 111 102 111 111 97 105 83 84 93 97 99 102 87 95 91 90 90 96 111 95 95 99 97 95 87 96 99 95 73 73 67 64 56 74 82 35 0 0 -1 -1 -1 -1 -70 -128 0 0 -120 -4 -7 -8 -11 -16 -4 -18 -18 -20 -17 -14 -13 -13 -20 -23 -23 -22 -17 -13 -21 -21 -30 -21 -22 -14 -13 -13 -17 -17 -26 -16 -14 -21 -21 -18 -17 -16 -18 -53 -26 -13 -13 -13 -13 -13
43 67 67 73 76 67 67 67 64 58 49 49 32 31 20 19 10 60 72 72 79 67 14 37 38 45 85 90 100 93 100 100 100 104 105 105 105 104 106 107 105 107 111 108 106 106 100 106 91 99 95 99 99 107 105 105 95 93 93 88 85 83 87 87 50 81 77 78 88 93 93 87 85 79 79 82 74 81 78 77 74 81 76 76 73 76 71 64 55 55 52 48 42 41 42 44 44 36 35 32 31 31 30 31 29 0 53 -1 -1 -1 -1 -1 -1 -1 -1 -1 -1 -1 -1 -1 -1 -1 -1 -1 -1 -1 -1 -1 -4 -1 -1 -3 -4 -3 -3 -1 -1 -1 -8 -4 -4 -4 -4 -4 -39 -3 -4 -4 -4 -4 -6 -4 -4 -6 -6 -7 -6 -4 -6 -4 -4 -4 -3 -2 -4 -4 -4 -4 -4 -4 -6 -4 -4 -4 -4 -3 -3 -2 -3 -1 -1 -1 -1 -1 -1 -4 -4 -8 -4 -4 -6 -4 -9 -8 -6 -4 -4 -7 -7 -6 -6 -4 -4 -4 -4 -3 -3 -4 -7 -11 -8 -8 -4 -3 -4 -4 -2 -3 -2 -12 -7 -4 -4 -7 -7 -4 -4 -44 -12 -1 -1 -1 -1 -1 -1 -1 -1 -1 -1 -1 -1 -1 -1 -1 -1 -1 -1 -1 -1 -1 -1 -1 -1 -1 -1 0 0 47 50 55 53 59 59 58 60 53 10 0 0 0 37 52 61 72 68 68 77 81 76 81 73 77 83 83 74 84 74 88 88 89 89 81 85 87 95 97 83 94 101 101 101 101 101 93 83 89 87 94 95 101 110 107 116 116 116 118 116 61 105 113 119 117 104 83 89 105 105 89 96 88 107 100 97 71 104 112 108 111 113 113 107 104 114 119 111 118 118 116 96 32 38 83 83 96 112 112 117 116 118 119 113 110 116 106 110 110 118 120 119 108 81 0 48 89 106 107 102 110 110 112 112 110 99 59 29 106 116 118 119 119 119 118 120 119 87 91 104 114 107 99 82 104 102 102 87 96 61 41 38 22 22 0 0 43 68 49 49 100 104 118 110 108 106 89 105 87 89 93 100 100 100 104 83 95 44 0 95 111 96 97 96 97 97 100 91 97 111 94 82 58 64 58 79 55 55 18 0 48 -1 -1 -67 -103 0 0 0 -87 -9 -9 -4 -4 -6 -4 -4 -9 -18 -16 -17 -17 -16 -22 -22 -23 -21 -22 -17 -14 -26 -26 -13 -20 -13 -22 -14 -14 -18 -13 -20 -14 -13 -14 -14 -14 -16 -44 -16 -13 -13 -13 -13 -13 -13 -14
43 43 67 67 73 76 67 67 64 58 49 49 32 32 31 20 19 10 60 72 79 67 14 37 38 45 45 85 90 100 93 100 100 104 105 105 105 104 106 106 107 105 107 111 108 106 100 106 91 99 95 99 99 99 107 105 105 95 93 88 85 83 87 87 50 50 81 77 78 88 93 87 85 79 79 82 74 74 81 78 77 74 81 76 73 76 71 64 55 55 55 52 48 42 41 42 44 36 35 32 31 31 30 30 31 29 0 53 -1 -1 -1 -1 -1 -1 -1 -1 -1 -1 -1 -1 -1 -1 -1 -1 -1 -1 -1 -1 -4 -4 -1 -1 -3 -4 -3 -1 -1 -1 -8 -4 -4 -4 -4 -4 -4 -39 -3 -4 -4 -4 -6 -4 -4 -6 -6 -6 -7 -6 -4 -6 -4 -4 -3 -2 -4 -4 -4 -4 -4 -4 -4 -6 -4 -4 -4 -3 -3 -2 -3 -1 -1 -1 -1 -1 -1 -1 -4 -8 -4 -4 -6 -4 -9 -9 -8 -6 -4 -4 -7 -6 -6 -4 -4 -4 -4 -4 -3 -3 -4 -7 -11 -8 -4 -3 -4 -4 -2 -3 -3 -2 -12 -7 -4 -4 -7 -4 -4 -44 -12 -1 -1 -1 -1 -1 -1 -1 -1 -1 -1 -1 -1 -1 -1 -1 -1 -1 -1 -1 -1 -1 -1 -1 -1 -1 -1 0 0 0 47 50 55 53 59 58 60 53 10 0 0 0 0 37 52 61 72 68 77 81 76 81 73 77 77 83 83 74 84 74 88 89 89 81 85 87 95 95 97 83 94 101 101 101 101 93 83 89 87 94 94 95 101 110 107 116 116 118 116 61 105 113 119 119 117 104 83 89 105 89 96 88 107 100 97 97 71 104 112 108 111 113 107 104 114 119 111 118 118 118 116 96 32 38 83 96 112 112 117 116 118 118 119 113 110 116 106 110 118 120 119 108 81 0 0 48 89 106 107 102 110 112 112 110 99 59 29 29 106 116 118 119 119 118 120 119 87 91 104 104 114 107 99 82 104 102 87 96 61 41 38 22 22 22 0 0 43 68 49 100 104 118 110 108 106 106 89 105 87 89 93 100 100 104 83 95 44 0 0 95 111 96 97 96 97 100 91 97 111 94 82 82 58 64 58 79 55 18 0 48 -1 -1 -67 -67 -103 0 0 0 -87 -9 -4 -4 -6 -4 -4 -9 -9 -18 -16 -17 -17 -16 -22 -23 -21 -22 -17 -14 -26 -26 -26 -13 -20 -13 -22 -14 -18 -13 -20 -14 -13 -14 -14 -14 -14 -16 -44 -16 -13 -13 -13 -13 -13 -14
61 79 76 77 78 70 70 71 71 66 62 62 44 60 66 61 66 60 62 62 65 0 64 73 35 41 85 90 100 93 100 100 100 104 106 105 105 104 104 105 106 107 111 108 106 106 100 104 94 99 95 99 99 108 106 105 95 93 93 87 85 83 87 85 49 82 77 78 88 94 94 88 85 79 79 81 76 81 78 77 74 81 76 76 73 76 72 64 56 55 52 48 42 42 42 45 45 36 35 31 31 31 31 30 26 0 -2 -1 -1 -1 -1 -1 -1 -1 -1 -1 -1 -1 -1 -1 -1 -1 -1 -1 -1 -1 -1 -1 -3 -1 -1 -4 -3 -3 -3 -1 -1 -1 -8 -4 -4 -3 -4 -4 -39 -3 -4 -4 -4 -4 -4 -4 -4 -6 -6 -7 -4 -6 -6 -4 -4 -3 -4 -3 -4 -4 -4 -4 -4 -4 -4 -4 -4 -4 -4 -3 -3 -3 -3 -1 -1 -1 -1 -1 -1 -4 -4 -7 -4 -4 -4 -4 -8 -7 -6 -4 -4 -7 -7 -6 -7 -4 -4 -4 -4 -4 -3 -6 -8 -11 -8 -8 -4 -3 -6 -4 -3 -3 -3 -12 -8 -4 -6 -7 -7 -3 -3 -22 -31 -1 -1 -1 -1 -1 -1 -1 -1 -1 -1 -1 -1 -1 -1 -1 -1 -1 -1 -1 -1 -1 -1 -1 -1 -1 -1 -128 0 20 48 54 54 59 59 58 60 49 0 0 7 43 52 60 64 74 72 72 77 81 74 81 72 74 79 82 73 83 73 89 89 90 89 78 85 87 97 100 85 94 100 100 101 101 104 90 81 89 87 94 95 100 110 107 116 117 117 119 117 78 88 113 120 118 105 83 90 107 107 89 96 88 108 102 100 71 104 111 108 111 111 111 107 104 113 118 111 118 118 112 89 0 -128 -49 -49 35 102 108 118 117 120 119 113 108 110 44 47 47 111 119 119 112 88 38 36 33 44 91 93 104 104 111 106 47 0 -114 -114 91 111 116 119 118 118 118 120 118 87 91 104 114 110 100 83 106 102 102 88 97 60 38 37 25 29 32 44 54 76 62 62 81 104 118 108 108 106 91 105 88 87 94 100 100 99 101 82 89 27 35 95 112 96 97 97 97 97 99 91 99 111 94 82 58 65 58 79 54 54 0 0 -6 -1 -1 0 0 0 26 15 0 -9 -9 -3 -4 -7 -4 -4 -7 -20 -16 -18 -17 -14 -21 -21 -25 -21 -22 -17 -13 -26 -27 -16 -20 -13 -22 -14 -14 -18 -13 -20 -14 -13 -14 -14 -17 -44 -17 -14 -13 -13 -13 -13 -13 -13 -14
87 87 89 88 85 84 73 81 81 78 79 66 73 73 78 89 84 84 66 27 0 9 16 20 30 74 74 81 96 95 100 104 104 104 105 106 105 105 107 107 106 108 106 104 107 104 99 101 101 97 100 96 96 99 102 101 99 105 95 93 93 90 89 85 53 53 81 77 81 85 90 81 88 73 73 72 82 82 84 81 72 71 71 68 70 68 68 65 64 62 62 61 50 53 49 44 38 33 32 31 31 31 29 29 30 26 0 -59 -1 -1 -1 -1 -1 -1 -1 -1 -1 -1 -1 -1 -1 -1 -1 -1 -1 -1 -1 -1 -3 -3 -1 -1 -1 -6 -4 -3 -1 -1 -7 -6 -4 -4 -7 -4 -4 -35 -7 -4 -4 -4 -6 -4 -7 -6 -6 -4 -4 -4 -4 -4 -4 -6 -4 -4 -6 -4 -4 -4 -4 -4 -6 -6 -4 -4 -4 -3 -3 -3 -2 -1 -1 -1 -1 -1 -1 -6 -8 -8 -4 -4 -4 -3 -8 -8 -7 -4 -4 -4 -6 -6 -4 -4 -3 -3 -3 -3 -4 -4 -4 -7 -8 -4 -3 -3 -4 -4 -3 -3 -3 -4 -8 -6 -4 -4 -6 -2 -1 -12 -44 -1 -1 -1 -1 -1 -1 -1 -1 -1 -1 -1 -1 -1 -1 -1 -1 -1 -1 -1 -1 -1 -1 -1 -1 -1 -1 -1 0 0 0 27 56 59 56 64 65 49 31 0 55 55 59 66 70 82 81 81 85 66 66 68 60 15 15 68 77 72 81 74 89 94 84 76 84 93 96 96 104 91 97 89 97 105 107 100 89 97 101 94 94 93 100 106 106 117 119 113 118 116 77 120 105 105 96 94 97 108 111 81 95 112 106 96 85 85 97 105 99 120 116 117 118 110 114 114 114 119 119 110 110 82 27 -128 -101 0 93 110 118 120 118 118 119 110 118 105 0 0 91 111 117 113 87 48 48 -37 -1 -37 39 32 82 96 87 -9 -86 -128 -128 -128 1 110 113 112 118 118 118 113 87 118 112 112 107 105 95 84 88 76 93 101 58 20 20 50 50 56 24 55 76 96 72 45 117 118 100 95 95 95 93 100 89 95 101 102 110 105 79 81 41 45 45 102 90 87 99 90 94 99 97 95 101 90 100 100 87 91 59 61 38 0 0 -1 -1 0 0 0 27 29 0 0 0 -9 -4 -4 -4 -3 -4 -6 -6 -9 -7 -20 -20 -17 -20 -20 -17 -18 -16 -17 -27 -27 -20 -16 -13 -12 -23 -20 -20 -18 -14 -16 -14 -13 -13 -31 -49 -17 -12 -13 -13 -13 -13 -14 -18 -20
100 95 95 95 96 97 97 93 95 87 82 77 77 71 79 85 65 25 0 0 20 66 72 77 78 81 85 90 95 100 102 105 105 105 106 105 101 105 107 106 106 105 102 104 101 101 99 99 99 99 99 93 101 105 95 93 95 91 91 99 91 93 88 84 54 78 76 79 79 81 81 82 77 72 77 76 82 83 71 77 72 68 67 67 65 64 62 56 65 62 56 49 52 43 47 42 42 36 33 31 31 29 29 29 0 0 -1 -1 -1 -1 -1 -1 -1 -1 -1 -1 -1 -1 -1 -1 -1 -1 -1 -1 -1 -1 -1 -1 -1 -1 -1 -1 -1 -1 -1 -1 -1 -1 -6 -4 -6 -8 -4 -6 -27 -16 -3 -3 -3 -6 -4 -4 -7 -3 -3 -4 -4 -4 -4 -6 -6 -4 -4 -4 -4 -4 -4 -4 -4 -7 -3 -3 -4 -4 -4 -3 -3 -4 -2 -2 -1 -1 -1 -1 -6 -4 -4 -7 -4 -7 -4 -8 -8 -6 -4 -6 -6 -4 -4 -4 -4 -4 -3 -3 -4 -4 -4 -6 -4 -7 -4 -4 -4 -6 -6 -6 -3 -3 -7 -11 -11 -4 -6 -3 -3 -2 -8 -9 -41 -1 -1 -1 -1 -1 -1 -1 -1 -1 -1 -1 -1 -1 -1 -1 -1 -1 -1 -1 -1 -1 -1 -1 -1 -1 -1 -1 -64 0 0 47 58 61 61 66 56 50 48 55 70 66 71 85 87 82 81 81 78 64 0 0 0 0 70 76 61 70 79 79 79 79 88 91 99 93 94 106 99 105 99 101 102 102 102 108 105 106 110 95 99 106 106 105 110 119 119 116 116 117 72 100 106 105 108 112 94 106 106 99 100 111 105 83 83 106 114 112 110 120 108 108 116 110 120 120 118 118 114 113 95 44 -101 -128 -128 -128 78 107 117 119 112 120 111 114 99 6 -128 -128 0 99 110 117 99 91 -41 -83 -35 -1 -1 -53 -53 -83 -128 -102 -128 -41 31 54 111 114 108 114 114 120 118 105 89 107 105 101 97 101 93 100 102 102 108 101 67 27 49 71 99 45 68 99 102 71 71 54 81 110 93 87 88 101 102 106 102 110 111 111 114 105 89 89 91 94 101 85 76 94 94 97 97 102 94 99 100 101 105 105 89 33 42 6 6 0 52 -1 -1 0 24 0 0 0 59 -22 -12 -12 -4 -7 -4 -4 -4 -7 -8 -6 -21 -22 -20 -17 -17 -14 -18 -17 -16 -23 -27 -14 -14 -12 -13 -22 -18 -18 -21 -18 -18 -14 -30 -46 -34 -14 -13 -14 -13 -13 -13 -14 -14 -17 -23 -25
101 101 101 101 100 100 102 107 111 110 107 101 91 91 82 85 64 19 0 0 73 82 87 88 89 95 95 93 91 89 94 96 104 105 107 105 106 105 107 107 110 104 105 99 101 96 100 100 93 97 99 101 101 105 97 95 91 87 91 97 84 79 77 79 49 49 76 74 74 79 74 74 74 76 70 76 82 82 82 78 78 71 67 65 66 65 61 64 50 58 58 49 49 47 48 45 44 42 36 30 30 29 30 30 30 26 0 0 -1 -1 -1 -1 -1 -1 -1 -1 -1 -1 -1 -1 -1 -1 -1 -1 -1 -1 -1 -1 -1 -1 -1 -1 -1 -1 -1 -1 -1 -1 -1 -6 -8 -8 -7 -4 -4 -14 -27 -4 -4 -4 -3 -3 -4 -3 -3 -3 -4 -4 -3 -6 -4 -4 -4 -4 -6 -4 -4 -4 -4 -4 -6 -3 -4 -4 -4 -3 -4 -3 -4 -6 -6 -6 -1 -1 -7 -4 -4 -3 -7 -8 -8 -7 -4 -4 -7 -7 -6 -4 -4 -4 -4 -4 -3 -4 -4 -4 -4 -3 -4 -6 -9 -4 -7 -4 -4 -3 -3 -4 -4 -8 -7 -4 -4 -6 -3 -2 -1 -6 -27 -1 -72 -72 -70 -1 -1 -1 -1 -1 -1 -1 -1 -1 -1 -1 -1 -1 -1 -1 -1 -1 -1 -1 -1 -1 -1 -1 -1 -1 -108 0 33 58 64 65 48 59 60 67 61 61 67 72 64 82 73 65 66 56 58 58 56 58 58 71 73 62 74 73 78 85 90 91 89 97 100 100 102 108 108 89 83 84 91 104 112 107 111 83 83 104 108 113 114 116 119 119 119 116 94 78 114 114 117 110 111 114 113 111 116 117 107 113 106 106 107 108 119 118 118 118 118 108 117 110 90 120 120 119 117 113 96 67 -128 -128 -92 81 97 116 111 111 118 112 113 99 15 0 0 79 99 101 106 87 87 -36 -128 -36 -54 -1 -1 -54 -44 -78 -79 15 53 53 110 116 118 113 119 120 116 88 95 104 100 100 99 99 91 99 96 102 106 90 49 27 62 99 99 108 73 90 105 85 60 73 62 100 100 108 104 104 107 110 114 117 118 117 118 114 95 88 91 90 90 95 90 82 84 90 100 110 83 78 102 108 105 105 85 55 43 33 3 0 60 -1 1 0 22 22 0 0 55 0 -91 -14 -3 -3 -4 -4 -4 -6 -6 -8 -3 -12 -21 -23 -20 -13 -17 -16 -16 -26 -25 -25 -13 -13 -13 -16 -14 -16 -22 -17 -23 -51 -44 -16 -16 -13 -13 -13 -13 -13 -14 -14 -14 -14 -21 -21
101 101 101 100 100 102 102 107 111 110 107 101 91 82 85 64 19 0 0 0 73 82 87 88 89 95 93 91 89 94 96 104 104 105 107 105 106 105 107 110 104 105 99 101 96 96 100 100 93 97 99 101 105 97 95 91 87 91 91 97 84 79 77 79 49 76 74 74 79 74 74 74 74 76 70 76 82 82 78 78 71 67 65 65 66 65 61 64 50 58 49 49 47 48 45 44 44 42 36 30 30 29 30 30 26 0 0 -1 -1 -1 -1 -1 -1 -1 -1 -1 -1 -1 -1 -1 -1 -1 -1 -1 -1 -1 -1 -1 -1 -1 -1 -1 -1 -1 -1 -1 -1 -1 -1 -6 -8 -7 -4 -4 -14 -27 -4 -4 -4 -4 -3 -3 -4 -3 -3 -4 -4 -3 -6 -4 -4 -4 -4 -4 -6 -4 -4 -4 -4 -6 -3 -4 -4 -4 -4 -3 -4 -3 -4 -6 -6 -1 -1 -7 -4 -4 -4 -3 -7 -8 -8 -7 -4 -7 -7 -6 -4 -4 -4 -4 -4 -4 -3 -4 -4 -4 -3 -4 -6 -9 -4 -4 -7 -4 -4 -3 -3 -4 -8 -7 -4 -4 -6 -3 -3 -2 -1 -6 -27 -1 -72 -70 -1 -1 -1 -1 -1 -1 -1 -1 -1 -1 -1 -1 -1 -1 -1 -1 -1 -1 -1 -1 -1 -1 -1 -1 -1 -108 0 33 58 64 64 65 48 59 60 67 61 67 72 64 82 73 65 65 66 56 58 58 56 58 71 73 62 74 73 78 78 85 90 91 89 97 100 102 108 108 89 83 84 84 91 104 112 107 111 83 104 108 113 114 116 119 119 119 119 116 94 78 114 117 110 111 114 113 113 111 116 117 107 113 106 107 108 119 118 118 118 118 118 108 117 110 90 120 119 117 113 96 67 -128 -128 -128 -92 81 97 116 111 118 112 113 99 15 0 0 0 79 99 101 106 87 -36 -128 -36 -54 -1 -1 -1 -54 -44 -78 -79 15 53 110 116 118 113 119 119 120 116 88 95 104 100 99 99 91 99 96 102 102 106 90 49 27 62 99 108 73 90 105 85 60 60 73 62 100 100 108 104 107 110 114 117 118 117 117 118 114 95 88 91 90 95 90 82 84 90 100 100 110 83 78 102 108 105 85 55 43 33 3 3 0 60 -1 1 0 22 0 0 55 0 -91 -14 -14 -3 -3 -4 -4 -4 -6 -8 -3 -12 -21 -23 -20 -20 -13 -17 -16 -16 -26 -25 -13 -13 -13 -16 -14 -16 -16 -22 -17 -23 -51 -44 -16 -13 -13 -13 -13 -13 -14 -14 -14 -14 -14 -21 -21
106 106 108 106 102 101 104 107 107 101 95 90 90 90 89 85 72 31 36 36 84 93 97 95 97 94 94 96 91 95 96 99 99 106 110 111 113 112 111 111 110 96 106 99 95 97 95 90 93 94 99 104 104 104 90 96 85 81 88 81 85 83 77 79 52 52 81 78 76 79 74 77 73 67 68 77 82 82 82 72 76 72 67 66 70 64 65 60 58 60 60 55 44 45 38 43 48 42 35 33 31 30 35 35 32 31 27 0 0 -1 -1 -1 -1 -1 -1 -1 -1 -1 -1 -1 -1 -1 -1 -1 -1 -1 -1 -1 -1 -1 -1 -1 -1 -1 -1 -1 -1 -1 -7 -8 -8 -8 -8 -4 -4 -6 -36 -4 -4 -1 -3 -1 -3 -3 -3 -4 -7 -7 -4 -3 -4 -4 -3 -4 -7 -4 -4 -4 -4 -4 -4 -4 -4 -4 -4 -3 -4 -3 -6 -3 -3 -2 -3 -1 -7 -6 -4 -4 -8 -6 -4 -4 -4 -4 -7 -7 -4 -4 -4 -4 -6 -4 -4 -4 -4 -4 -3 -3 -3 -7 -6 -4 -4 -3 -3 -2 -3 -4 -4 -4 -4 -3 -4 -4 -4 -2 -1 -1 -8 -27 -75 -75 -122 -1 -1 -1 -1 -1 -1 -1 -1 -1 -72 0 0 -1 -1 -1 -1 -1 -1 -1 -1 -1 -1 -1 -1 -1 -70 0 6 52 58 64 55 62 59 62 58 58 62 67 59 68 64 67 71 71 65 71 70 65 65 72 72 74 74 81 91 88 88 97 89 94 100 100 102 108 88 65 21 0 14 95 112 111 93 81 81 97 105 106 99 110 108 119 119 114 118 79 116 116 100 93 114 118 118 119 118 118 102 120 117 117 114 114 118 116 117 118 119 114 119 107 93 118 118 106 119 117 112 99 30 -128 -79 -102 74 104 110 110 118 117 114 108 93 24 47 0 0 79 90 35 35 -125 -125 -53 -1 -1 -1 -1 -1 -36 37 77 107 107 112 118 118 117 120 118 110 88 99 108 104 104 101 104 94 105 102 105 101 85 47 47 83 112 112 116 90 102 102 90 71 64 88 67 111 119 118 118 117 117 111 118 118 111 110 118 106 85 88 89 89 77 90 95 102 96 81 93 88 73 85 85 82 82 77 56 66 49 2 0 65 67 0 31 22 22 19 0 0 0 0 0 -3 -8 -3 -4 -4 -4 -4 -7 -4 -16 -22 -23 -20 -14 -16 -17 -16 -20 -23 -23 -13 -13 -13 -16 -13 -13 -16 -16 -42 -16 -28 -20 -20 -13 -13 -13 -13 -13 -14 -14 -13 -16 -18 -21
106 108 107 104 100 105 105 106 107 102 96 93 91 89 87 76 74 77 83 83 93 96 97 95 97 94 96 91 95 96 99 99 99 106 110 111 113 112 111 106 88 95 95 90 88 88 43 45 89 91 94 99 97 88 97 85 81 88 88 81 85 84 74 81 52 82 77 77 78 73 73 76 73 67 68 78 83 82 72 74 70 67 68 68 70 64 65 61 58 60 56 44 47 38 43 48 48 42 35 33 31 30 35 33 35 32 0 0 0 0 -1 -70 -1 -1 -69 0 0 0 0 -69 -1 -1 -1 -1 -1 -1 -1 -1 -1 -1 -1 -1 -1 -1 -1 -1 -1 -1 -7 -8 -7 -8 -4 -4 -3 -37 -4 -4 -3 -1 -2 -1 -4 -2 -4 -7 -7 -4 -4 -4 -4 -4 -4 -6 -7 -4 -4 -4 -4 -4 -4 -4 -4 -4 -4 -3 -4 -3 -6 -2 -2 -3 -1 -7 -6 -4 -4 -6 -8 -6 -4 -4 -4 -7 -7 -4 -4 -4 -4 -4 -4 -6 -4 -4 -4 -3 -3 -3 -7 -6 -4 -4 -4 -3 -2 -1 -3 -4 -3 -4 -3 -4 -3 -3 -3 -3 -1 -1 -3 -32 -117 -128 -1 -1 -1 -1 -1 -1 -1 -1 -1 -1 0 0 -73 -1 -1 -1 -1 -1 -1 -1 -1 -1 -1 -1 -1 -1 83 3 48 55 55 64 55 62 59 62 58 62 66 59 68 64 65 65 71 73 71 79 77 70 76 72 76 74 82 93 93 87 81 90 89 96 100 102 108 84 26 -81 -83 -83 -128 47 108 111 93 81 96 104 105 101 110 108 108 119 119 114 118 102 91 100 93 114 118 118 118 119 118 118 102 120 118 116 116 118 117 119 118 118 119 114 119 107 93 120 106 119 118 118 112 84 84 -81 -128 -124 -96 30 97 108 112 113 114 106 106 106 104 93 0 21 31 -82 -125 -41 -60 -36 -35 -39 -39 -1 -35 0 95 111 116 117 120 117 118 120 120 119 110 88 96 107 102 101 101 94 105 101 105 105 101 84 45 49 87 114 118 94 104 102 93 71 71 65 89 96 81 119 119 118 118 112 118 118 111 111 110 118 107 88 89 89 77 89 95 102 96 81 81 93 88 72 83 84 78 74 52 60 43 0 0 0 67 14 18 35 27 25 26 0 0 0 0 0 -3 -84 -3 -3 -4 -4 -7 -4 -16 -22 -23 -21 -21 -14 -14 -17 -16 -20 -23 -13 -13 -13 -16 -13 -13 -13 -17 -44 -17 -13 -28 -20 -13 -13 -13 -13 -13 -14 -14 -14 -14 -16 -18 -21
112 112 104 107 108 110 111 110 106 102 100 102 104 104 94 87 76 78 76 84 89 104 102 100 99 96 96 100 100 97 99 100 99 105 96 108 105 104 100 100 83 33 0 81 84 14 0 39 89 85 29 33 33 82 89 91 88 87 87 89 91 79 81 83 50 50 82 81 74 72 68 73 67 72 78 70 68 68 78 65 68 70 66 70 67 66 67 64 60 61 61 50 47 47 47 44 39 38 32 36 30 31 32 32 35 33 37 33 29 0 -75 -128 0 0 0 19 19 0 0 0 0 -1 -1 -1 -1 -1 -1 -1 -1 -1 -1 -1 -1 -1 -1 -1 -1 -1 -6 -7 -7 -7 -6 -6 -4 -4 -39 -3 -3 -1 -1 -1 -1 -4 -4 -6 -8 -4 -4 -7 -6 -4 -4 -4 -4 -3 -4 -4 -4 -3 -3 -4 -6 -4 -3 -4 -4 -3 -2 -3 -3 -1 -1 -1 -8 -3 -1 -6 -6 -7 -8 -6 -7 -7 -7 -8 -6 -7 -8 -7 -7 -4 -4 -3 -3 -3 -4 -4 -3 -4 -3 -3 -3 -3 -4 -3 -4 -4 -4 -6 -7 -8 -4 -4 -3 -2 -1 -1 -1 -26 -1 -1 -50 -1 -1 -1 -1 -1 -1 -1 -1 -1 -1 -68 -68 -111 -1 -1 -1 -1 -1 -1 -1 -1 -1 -1 -1 -1 -1 -1 3 10 52 58 60 60 59 60 67 67 65 73 64 67 72 68 67 67 72 72 66 65 65 72 81 88 78 94 90 87 30 37 90 95 104 104 101 95 72 0 -84 -125 -39 39 104 106 87 79 79 95 107 100 107 112 110 120 119 117 119 118 59 59 101 101 110 120 120 120 97 89 110 123 118 118 116 117 119 116 108 106 118 117 110 116 112 118 118 106 116 116 107 111 83 -41 -128 -86 -128 -128 30 30 90 102 114 118 112 113 113 101 95 0 -82 -122 -122 -126 -125 78 95 39 0 73 19 52 111 116 117 117 116 119 117 119 117 107 113 97 99 112 108 108 100 96 100 101 94 93 91 60 32 58 101 113 113 116 106 104 94 101 84 64 101 111 82 99 113 113 111 107 96 112 118 114 105 118 104 99 91 93 93 94 95 87 97 96 62 72 74 26 97 85 72 72 53 24 35 10 0 60 -1 0 32 35 30 30 32 31 35 29 0 0 -1 -110 -73 -77 -3 -4 -4 -9 -4 -12 -30 -22 -20 -17 -14 -14 -14 -14 -26 -26 -13 -13 -12 -16 -13 -23 -51 -17 -13 -12 -26 -31 -31 -14 -13 -14 -13 -13 -13 -14 -14 -18 -17 -17
104 108 113 116 113 111 111 113 108 107 108 107 104 97 79 83 83 87 95 95 96 101 97 100 100 101 101 101 100 100 101 100 100 99 97 94 102 106 96 95 16 19 82 21 3 3 29 82 91 84 74 0 83 94 90 94 97 95 95 93 97 83 83 82 52 83 76 72 70 73 73 72 77 71 77 66 73 76 70 67 66 66 73 73 78 77 74 67 66 64 54 55 54 52 45 43 43 37 35 36 32 32 31 37 33 37 35 35 25 25 0 0 0 26 29 29 29 29 22 0 -1 -1 -1 -1 -1 -1 -1 -1 -1 -1 -1 -1 -1 -1 -1 -1 -1 -1 -1 -6 -8 -4 -4 -3 -2 -40 -2 -2 -1 -1 -1 -1 -1 -1 -8 -4 -6 -6 -6 -4 -4 -4 -4 -4 -6 -4 -4 -4 -4 -4 -6 -4 -3 -3 -3 -3 -3 -3 -2 -4 -1 -1 -1 -1 -3 -3 -3 -6 -8 -9 -8 -7 -9 -8 -7 -4 -6 -7 -7 -6 -6 -4 -3 -3 -4 -4 -6 -3 -3 -4 -7 -7 -6 -6 -7 -4 -4 -3 -1 -7 -6 -6 -7 -3 -3 -3 -1 -1 -1 -6 -23 -1 -1 -1 -1 -1 -1 -1 -1 -1 -1 -1 -1 -1 -1 -1 -1 -1 -1 -1 -1 -1 -1 -1 -1 -1 -1 -1 -1 82 6 56 56 64 60 59 58 61 67 64 67 71 78 74 74 74 72 70 66 71 62 65 66 73 84 85 94 87 87 77 22 27 87 90 87 93 101 81 71 0 -105 -105 -40 39 104 89 89 91 102 106 104 108 116 120 120 108 119 114 105 104 84 89 107 114 117 118 118 119 95 95 118 119 116 111 108 120 119 99 111 111 118 114 110 118 114 105 116 112 118 100 112 44 44 0 -125 -112 -91 -128 -39 0 38 101 104 102 108 108 106 99 94 73 -83 -125 -102 0 102 111 91 48 48 29 90 108 116 117 112 116 113 116 119 116 116 97 107 107 100 112 104 94 99 101 105 96 74 74 77 58 41 70 105 111 117 116 102 93 100 99 99 72 106 112 114 72 107 119 116 100 105 112 111 111 101 104 96 104 90 105 94 100 88 71 61 56 56 85 95 49 55 55 39 19 0 0 0 0 0 -1 -1 0 22 25 22 29 36 33 36 0 0 0 -128 -1 0 0 -7 -3 -7 -4 -13 -31 -21 -13 -13 -13 -13 -13 -14 -16 -30 -12 -12 -3 -3 -27 -41 -41 -6 -8 -3 -4 -13 -37 -22 -13 -13 -13 -13 -13 -13 -13 -13 -16 -14 -13
104 104 108 113 116 113 111 113 108 107 108 107 104 104 97 79 83 83 87 95 96 101 97 100 100 101 101 101 101 100 100 101 100 99 97 94 102 106 96 96 95 16 19 82 21 3 29 82 91 84 74 0 0 83 94 90 94 97 95 93 97 83 83 82 52 52 83 76 72 70 73 72 77 71 77 66 73 73 76 70 67 66 66 73 78 77 74 67 66 64 64 54 55 54 52 45 43 37 35 36 32 32 31 31 37 33 37 35 35 25 0 0 0 26 29 29 29 29 29 22 0 -1 -1 -1 -1 -1 -1 -1 -1 -1 -1 -1 -1 -1 -1 -1 -1 -1 -1 -6 -8 -8 -4 -4 -3 -2 -40 -2 -1 -1 -1 -1 -1 -1 -1 -8 -4 -6 -6 -6 -4 -4 -4 -4 -6 -4 -4 -4 -4 -4 -4 -6 -4 -3 -3 -3 -3 -3 -2 -4 -4 -1 -1 -1 -1 -3 -3 -6 -8 -9 -8 -7 -9 -9 -8 -7 -4 -6 -7 -6 -6 -4 -3 -3 -4 -4 -4 -6 -3 -3 -4 -7 -6 -6 -7 -4 -4 -3 -3 -1 -7 -6 -6 -7 -3 -3 -1 -1 -1 -6 -23 -23 -1 -1 -1 -1 -1 -1 -1 -1 -1 -1 -1 -1 -1 -1 -1 -1 -1 -1 -1 -1 -1 -1 -1 -1 -1 -1 -1 -1 82 6 56 64 60 59 58 61 67 67 64 67 71 78 74 74 72 70 66 71 62 65 65 66 73 84 85 94 87 77 22 27 87 90 87 87 93 101 81 71 0 -105 -40 39 104 89 89 91 91 102 106 104 108 116 120 108 119 114 105 104 84 84 89 107 114 117 118 119 95 95 118 119 116 116 111 108 120 119 99 111 118 114 110 118 114 105 105 116 112 118 100 112 44 0 -125 -112 -91 -128 -39 -39 0 38 101 104 102 108 106 99 94 73 -83 -125 -125 -102 0 102 111 91 48 29 90 108 116 117 112 112 116 113 116 119 116 97 107 107 100 112 104 104 94 99 101 105 96 74 77 58 41 70 105 111 111 117 116 102 93 100 99 72 106 112 114 72 107 107 119 116 100 105 112 111 101 104 96 104 90 105 105 94 100 88 71 61 56 85 95 49 55 55 39 39 19 0 0 0 0 -1 -1 0 22 25 22 22 29 36 33 36 0 0 -128 -1 0 0 -7 -3 -3 -7 -4 -13 -31 -21 -13 -13 -13 -13 -14 -16 -30 -30 -12 -12 -3 -3 -27 -41 -6 -8 -3 -4 -13 -37 -37 -22 -13 -13 -13 -13 -13 -13 -13 -16 -14 -13
114 117 117 118 117 114 114 114 113 113 108 104 105 93 77 81 85 89 94 94 97 100 104 104 101 104 102 101 104 104 100 97 97 90 39 39 97 94 101 102 97 91 89 30 82 82 82 88 93 76 24 30 79 89 100 90 95 95 95 99 104 85 89 87 56 83 72 73 73 74 74 79 81 79 78 74 72 68 77 73 67 73 81 81 82 83 82 78 68 61 62 60 53 47 49 47 47 39 37 33 30 30 32 37 37 37 37 41 30 30 10 0 25 32 33 36 37 33 27 0 -39 -1 -1 -1 -1 -1 -1 -1 -1 -1 -1 -1 -1 -1 -1 -1 -1 -1 -1 -1 -7 -7 -3 -3 -2 -34 -7 -7 -1 -1 -1 -1 -1 -1 -8 -3 -4 -4 -4 -4 -4 -4 -3 -4 -4 -4 -4 -4 -3 -3 -3 -4 -4 -4 -4 -4 -4 -4 -6 -4 -1 -1 -1 -1 -7 -6 -6 -6 -8 -8 -4 -4 -9 -7 -3 -6 -7 -7 -7 -4 -4 -2 -3 -3 -6 -7 -6 -4 -4 -6 -8 -8 -7 -7 -6 -4 -4 -3 -7 -8 -6 -7 -7 -2 -2 -3 -1 -1 -1 -1 -37 -1 -1 -1 -1 -1 -1 -1 -1 -1 -1 -1 -1 -1 -1 -1 -1 -1 -1 -1 -1 -1 -1 -1 -1 -1 -1 -1 -1 -93 0 50 50 61 54 64 59 59 55 61 67 71 82 71 79 79 68 60 0 25 30 18 58 67 85 97 101 84 84 74 21 20 61 84 84 91 97 87 88 82 30 30 35 47 99 88 87 105 113 110 113 114 119 107 107 110 120 108 99 111 113 78 118 118 119 119 119 106 116 119 122 117 118 112 114 118 116 105 122 122 113 118 117 114 116 118 119 113 107 110 107 97 97 89 27 -37 -128 -126 0 0 0 0 74 32 82 82 87 45 0 -79 -37 -1 -128 76 106 118 108 111 111 110 111 107 112 112 104 113 101 107 118 102 102 100 107 110 102 102 96 84 100 105 102 100 71 71 64 89 102 107 111 114 116 97 94 110 96 106 106 100 110 108 113 96 72 111 104 99 104 104 97 97 111 104 91 97 77 89 87 71 53 77 67 56 56 71 87 58 32 33 7 0 0 73 -11 -6 -6 -1 -1 0 0 0 0 32 33 21 27 0 0 0 -89 -1 0 -101 -11 -4 -4 -4 -12 -28 -18 -17 -17 -13 -13 -14 -22 -25 -30 -12 -12 -4 -39 -28 -8 -8 -4 -3 -2 -1 -9 -23 -34 -22 -13 -13 -13 -13 -13 -13 -13 -13 -13 -14
113 113 118 117 118 117 114 116 113 113 112 104 105 105 93 77 83 85 90 94 97 100 104 102 101 104 104 102 101 104 104 100 97 45 36 33 96 90 91 91 96 99 99 93 99 99 90 93 94 76 38 38 38 58 85 96 90 95 95 99 104 88 89 87 56 56 83 73 73 73 74 79 81 79 78 74 72 72 67 77 73 66 74 81 83 82 83 78 71 62 62 62 60 54 48 49 47 39 37 33 30 32 32 32 38 37 39 37 42 32 15 0 31 37 36 38 38 39 37 33 27 0 -1 -1 -1 -1 -1 -1 -1 -1 -1 -1 -1 -1 -1 -1 -1 -1 -1 -1 -7 -7 -7 -3 -3 -2 -26 -16 -1 -1 -1 -1 -1 -1 -1 -9 -3 -3 -4 -4 -4 -4 -4 -4 -4 -4 -4 -4 -4 -4 -3 -3 -4 -4 -4 -4 -4 -4 -6 -3 -3 -1 -1 -1 -1 -7 -6 -6 -7 -8 -4 -4 -9 -9 -7 -4 -6 -7 -7 -4 -4 -3 -3 -3 -6 -6 -7 -7 -4 -6 -6 -8 -7 -8 -6 -4 -4 -4 -4 -6 -7 -7 -7 -7 -2 -3 -1 -1 -1 -1 -37 -37 -1 -1 -1 -1 -1 -1 -1 -1 -1 -1 -1 -1 -1 -1 -1 -1 -1 -1 -1 -1 -1 -1 -1 -1 -1 -1 -1 -1 -1 0 29 53 45 59 56 59 55 55 61 67 73 83 71 79 67 0 -42 -1 -1 -86 -86 13 22 38 93 97 84 73 22 22 25 78 83 83 91 97 90 97 95 89 88 97 101 88 87 105 105 113 110 116 116 119 107 110 120 107 97 110 114 114 84 110 118 122 119 106 116 122 122 118 118 118 112 114 118 114 105 122 113 118 117 114 117 118 118 119 112 107 110 108 105 105 48 -97 -92 -1 71 71 77 58 35 0 0 26 14 -46 -35 -37 -1 -59 -59 31 97 111 119 113 118 118 118 108 112 112 104 104 113 100 106 117 101 99 106 108 104 101 94 94 83 101 104 102 100 71 64 90 106 111 112 114 114 112 89 82 99 89 100 95 108 108 113 110 73 73 97 104 99 101 105 95 108 101 90 96 77 87 87 85 70 53 76 66 56 71 84 54 24 0 0 0 0 -1 -1 -9 -6 -1 -1 -1 0 0 19 19 36 38 24 27 0 0 -9 -1 -1 -21 -9 -4 -4 -3 -4 -13 -28 -20 -17 -13 -13 -14 -22 -25 -30 -30 -12 -26 -46 -14 -2 -9 -3 -3 -3 -1 -11 -23 -23 -32 -21 -13 -13 -13 -13 -13 -13 -13 -13 -14
116 116 117 117 119 118 118 119 118 113 112 107 105 73 79 83 90 95 104 104 104 105 105 102 104 104 105 104 107 108 102 99 99 47 39 43 96 94 32 32 44 93 100 97 96 96 93 95 90 85 41 16 53 36 88 89 94 95 95 101 99 88 82 87 52 71 74 78 79 79 79 82 88 82 81 68 68 67 77 68 73 87 83 83 88 82 79 79 74 65 56 53 48 48 44 44 44 39 36 32 31 32 37 37 38 38 38 33 26 26 19 0 33 37 37 38 39 36 36 31 0 -1 -1 -1 -1 -1 -1 -1 -1 -1 -1 -1 -1 -1 -1 -1 -1 -1 -1 -6 -4 -7 -4 -3 -2 -12 -16 -16 -1 -1 -1 -1 -1 -1 -1 -2 -1 -4 -7 -4 -4 -4 -6 -4 -4 -3 -6 -4 -3 -3 -3 -4 -4 -4 -4 -3 -4 -8 -4 -3 -2 -1 -1 -1 -6 -1 -1 -6 -8 -6 -6 -7 -7 -4 -4 -8 -8 -7 -7 -4 -4 -3 -3 -6 -7 -6 -4 -6 -3 -3 -9 -9 -7 -3 -4 -3 -3 -2 -3 -4 -6 -8 -4 -2 -2 -3 -1 -1 -1 -1 -25 -17 -1 -1 -1 -1 -1 -1 -1 -1 -1 -1 -1 -1 -1 -1 -1 -1 -1 -1 -1 -1 -1 -1 -1 -1 -1 -1 -1 -1 -102 0 0 8 0 38 59 60 60 64 70 77 77 67 82 82 44 0 -1 -1 -1 -39 -45 -39 13 73 90 87 87 70 -92 -35 0 70 84 94 100 93 99 106 97 97 97 111 107 100 99 106 113 118 119 107 105 108 108 108 116 107 112 113 118 112 83 118 123 105 105 99 122 118 119 119 118 116 116 117 107 108 120 120 107 118 118 114 119 119 117 118 105 111 99 118 118 113 105 78 0 -121 30 89 100 94 76 45 15 15 -102 -128 -81 -1 -39 32 96 108 113 113 113 114 114 117 110 93 102 99 97 99 81 102 114 95 95 99 97 89 85 94 94 95 76 105 85 99 95 95 102 105 108 106 107 112 94 27 24 36 59 79 79 89 102 99 97 111 94 65 97 97 81 108 94 94 113 93 85 87 82 93 72 77 59 49 60 77 77 78 68 19 1 0 0 -12 -6 -2 -1 -1 -1 -1 -1 -1 0 2 43 53 55 15 25 0 0 0 -11 -1 -6 -31 -12 -9 -4 -3 -13 -30 -17 -13 -13 -13 -13 -4 -26 -28 -26 -45 -45 -6 -3 -2 -13 -13 -4 -4 -2 -3 -25 -30 -28 -25 -13 -13 -13 -13 -13 -13 -13 -14 -14 -13
117 117 116 119 118 119 119 118 119 118 117 112 85 85 87 87 90 99 105 106 106 105 108 99 105 107 107 106 108 107 107 107 104 94 83 39 77 78 -101 -101 -39 31 85 101 105 94 99 99 95 97 85 74 74 16 41 94 95 100 100 105 90 93 87 77 47 47 81 79 82 82 81 87 84 74 68 72 71 71 72 73 73 78 84 83 81 82 84 76 73 64 64 59 52 52 52 52 49 45 42 37 33 37 33 33 38 38 36 37 35 30 24 0 32 37 36 36 36 39 38 36 31 0 0 -1 -1 -1 -1 -1 -1 -1 -1 -1 -1 -1 -1 -1 -1 -1 -1 -1 -4 -4 -4 -2 -3 -4 -1 -26 -1 -1 -1 -1 -1 -1 -1 -1 -1 -1 -9 -11 -9 -8 -3 -4 -3 -7 -4 -4 -3 -3 -3 -2 -3 -3 -3 -3 -7 -4 -3 -3 -3 -2 -4 -4 -6 -4 -1 -6 -6 -6 -6 -7 -6 -6 -4 -6 -6 -6 -4 -4 -4 -3 -3 -4 -6 -6 -4 -4 -4 -3 -4 -8 -3 -3 -7 -4 -3 -2 -2 -1 -1 -7 -8 -4 -2 -3 -1 -1 -1 -1 -1 -1 -30 -1 -1 -1 -1 -1 -1 -1 -1 -1 -1 -1 -1 -1 -1 -1 -1 -1 -1 -1 -1 -1 -1 -1 -1 -1 -1 -1 -1 -32 0 0 0 0 45 49 67 67 67 76 77 79 67 73 48 9 -106 -1 -1 -1 -1 -1 -1 -41 19 87 79 70 0 0 0 70 85 85 106 108 112 110 107 93 102 112 101 95 105 108 108 116 107 117 96 100 117 107 114 113 116 114 122 122 116 78 116 116 91 108 120 112 114 110 108 108 108 111 113 112 113 122 117 117 117 117 118 114 114 105 117 102 114 116 118 117 108 88 43 0 0 0 58 113 111 112 107 93 18 -128 -79 -83 -79 38 38 101 113 116 110 106 104 108 100 77 106 101 88 88 106 62 97 110 90 104 76 77 87 102 111 111 105 97 96 60 106 91 94 94 93 95 110 108 108 55 0 33 0 0 0 44 96 93 95 105 100 100 88 68 90 73 107 94 99 60 83 77 93 64 64 73 61 79 61 61 59 45 53 8 3 0 -13 -13 -18 -6 -1 -1 -1 -1 -1 -114 0 43 60 60 77 73 39 36 0 0 -79 -4 -12 -17 -14 -25 -25 -17 -13 -16 -22 -13 -13 -13 -13 -12 -30 -36 -60 -60 -25 -1 -4 -1 -1 -1 -6 -3 -2 -3 -17 -14 -14 -17 -23 -20 -13 -17 -14 -14 -14 -14 -13 -13
117 116 119 118 119 119 119 118 119 118 117 112 85 87 87 90 99 105 106 106 106 105 108 99 105 107 106 108 107 107 107 104 104 94 83 39 77 78 -101 -39 31 85 101 105 94 94 99 99 95 97 85 74 16 41 94 95 100 100 100 105 90 93 87 77 47 81 79 82 82 81 81 87 84 74 68 72 71 72 73 73 78 84 83 83 81 82 84 76 73 64 59 52 52 52 52 49 49 45 42 37 33 37 33 38 38 36 37 35 30 30 24 0 32 37 36 36 39 38 36 31 0 0 0 -1 -1 -1 -1 -1 -1 -1 -1 -1 -1 -1 -1 -1 -1 -1 -1 -1 -4 -4 -2 -3 -4 -1 -26 -26 -1 -1 -1 -1 -1 -1 -1 -1 -1 -9 -11 -9 -9 -8 -3 -4 -3 -7 -4 -3 -3 -3 -2 -3 -3 -3 -3 -3 -7 -4 -3 -3 -2 -4 -4 -6 -4 -1 -1 -6 -6 -6 -6 -7 -6 -4 -6 -6 -6 -4 -4 -4 -4 -3 -3 -4 -6 -4 -4 -4 -3 -4 -8 -8 -3 -3 -7 -4 -3 -2 -1 -1 -7 -8 -4 -2 -2 -3 -1 -1 -1 -1 -1 -30 -1 -1 -1 -1 -1 -1 -1 -1 -1 -1 -1 -1 -1 -1 -1 -1 -1 -1 -1 -1 -1 -1 -1 -1 -1 -1 -1 -1 -32 0 0 0 0 0 45 49 67 67 76 77 79 67 73 73 48 9 -106 -1 -1 -1 -1 -1 -41 19 87 79 79 70 0 0 0 70 85 106 108 112 110 107 93 93 102 112 101 95 105 108 116 107 117 96 100 117 117 107 114 113 116 114 122 116 78 116 116 91 91 108 120 112 114 110 108 108 111 113 112 113 122 122 117 117 117 117 118 114 105 117 102 114 116 118 118 117 108 88 43 0 0 58 113 111 112 107 93 93 18 -128 -79 -83 -79 38 101 113 116 110 106 104 104 108 100 77 106 101 88 106 62 97 110 90 90 104 76 77 87 102 111 105 97 96 60 106 91 91 94 94 93 95 110 108 55 0 33 0 0 0 0 44 96 93 95 105 100 88 68 90 73 107 94 94 99 60 83 77 93 64 73 61 79 61 61 59 59 45 53 8 3 0 -13 -18 -6 -1 -1 -1 -1 -1 -1 -114 0 43 60 77 73 39 36 0 0 0 -79 -4 -12 -17 -14 -25 -17 -13 -16 -22 -13 -13 -13 -13 -13 -12 -30 -36 -60 -25 -1 -4 -1 -1 -1 -1 -6 -3 -2 -3 -17 -14 -17 -23 -20 -13 -17 -14 -14 -14 -14 -14 -13 -13
118 118 118 119 120 120 119 116 111 117 106 87 81 81 93 89 91 106 111 91 101 111 107 105 111 110 110 110 112 113 117 114 111 105 70 0 32 -53 -1 -1 -1 -37 30 91 105 104 101 105 104 102 97 95 95 93 89 94 102 102 102 97 96 90 82 82 55 55 83 88 90 88 84 87 85 82 79 78 78 78 77 78 81 85 87 84 82 81 79 71 67 71 71 72 65 59 56 54 49 47 44 38 36 35 35 35 36 37 35 33 35 31 22 0 33 38 37 37 37 37 37 33 35 27 0 -1 -1 -1 -1 -1 -1 -1 -1 -1 -1 -1 -1 -1 -1 -1 -1 -1 -1 -1 -1 -1 -1 -1 -1 -30 -1 -1 -1 -1 -1 -1 -1 -1 -1 -11 -4 -3 -3 -3 -3 -6 -3 -3 -3 -3 -3 -3 -3 -3 -3 -6 -4 -6 -6 -4 -4 -1 -1 -3 -1 -1 -1 -1 -1 -7 -4 -6 -4 -6 -7 -7 -7 -6 -7 -7 -7 -7 -4 -3 -3 -3 -6 -6 -4 -4 -4 -3 -3 -4 -4 -4 -7 -6 -6 -6 -6 -4 -9 -8 -7 -3 -2 -1 -1 -1 -1 -1 -1 -1 -32 -68 -103 -1 -1 -1 -1 -1 -1 -1 -1 -1 -1 -1 -1 -1 -1 -1 -1 -1 -1 -1 -1 -1 -1 -1 -1 -1 -1 -1 -1 0 -81 0 35 12 56 56 65 76 67 65 65 73 72 64 24 30 27 20 20 20 0 24 90 84 85 85 68 32 85 81 93 93 107 107 108 108 110 106 105 111 108 96 107 102 102 101 104 107 99 102 106 112 118 119 119 118 119 119 113 102 91 108 101 123 118 112 104 83 37 37 38 105 108 117 116 117 116 112 113 111 117 110 110 111 114 101 119 116 119 119 113 93 108 96 56 56 65 114 108 118 117 90 102 79 -1 -105 9 91 91 106 112 113 112 102 96 107 108 99 112 110 100 100 106 64 88 96 88 104 66 96 118 114 114 114 118 114 90 66 107 95 100 102 104 116 102 113 113 104 88 90 79 83 37 0 50 100 106 107 102 102 95 67 79 97 110 100 93 58 104 47 79 65 65 53 62 68 58 47 47 39 27 13 1 0 -13 -13 -7 -3 -1 -1 -1 -1 -1 -102 0 1 61 61 88 81 77 66 0 0 0 -9 -25 -21 -27 -23 -23 -18 -16 -25 -14 -13 -13 -3 -6 -32 -51 -56 -18 -18 -12 -1 -1 -82 -81 -41 -1 -1 -1 -1 -9 -12 -12 -4 -8 -25 -20 -20 -16 -14 -16 -18 -16 -17
119 119 118 120 112 106 106 110 112 101 81 88 95 97 96 100 105 100 104 104 106 111 101 110 113 112 113 114 118 114 110 106 106 90 65 0 -1 -1 -1 -1 -64 27 95 107 104 104 101 99 102 105 97 97 94 85 100 107 108 108 108 102 102 99 90 88 59 87 88 93 94 91 91 94 91 87 85 83 84 76 85 90 88 90 84 84 82 76 74 71 71 76 77 79 73 59 56 50 50 52 45 43 39 38 33 33 36 33 33 35 33 33 24 0 33 37 35 36 35 35 33 35 32 0 0 0 -1 -1 -1 -1 -1 -1 -1 -1 -1 -1 -1 -1 -1 -1 -1 -1 -1 -1 -1 -1 -1 -1 -30 -30 -1 -1 -1 -1 -7 -3 -1 -1 -1 -2 -1 -1 -1 -1 -2 -3 -4 -4 -3 -6 -4 -4 -3 -6 -6 -6 -7 -7 -7 -4 -3 -3 -1 -1 -1 -1 -1 -1 -1 -1 -4 -7 -7 -6 -7 -7 -6 -7 -4 -7 -7 -4 -3 -4 -4 -6 -6 -4 -4 -2 -3 -3 -4 -4 -6 -3 -4 -7 -6 -4 -4 -9 -7 -6 -4 -3 -3 -2 -1 -1 -1 -1 -1 -17 0 -128 -69 -1 -1 -1 -1 -1 -1 -1 -1 -1 -1 -1 -1 -1 -1 -1 -1 -1 -1 -1 -1 -1 -1 -1 -1 -1 -1 -1 -1 -96 -55 -39 7 4 16 65 73 66 64 70 77 77 76 79 84 85 72 68 62 24 68 90 89 84 84 85 82 83 89 95 96 101 110 119 107 108 116 116 110 112 101 93 110 99 106 105 101 101 105 106 106 111 119 119 117 118 112 114 120 68 117 113 113 108 96 91 37 0 0 94 106 111 117 106 116 116 105 117 112 108 116 106 117 111 114 114 108 105 105 120 106 99 118 91 114 113 116 99 119 120 100 100 119 94 0 -128 14 39 102 100 105 102 95 89 89 102 116 107 113 107 110 97 88 96 108 110 110 104 102 112 119 117 119 119 108 96 106 110 97 97 97 101 105 91 105 117 118 90 105 96 94 91 91 72 88 100 91 87 90 93 90 55 91 88 97 97 102 106 105 78 89 79 73 70 47 50 50 22 22 24 6 9 0 0 -18 -2 -2 -1 -1 -1 -1 -1 -1 -1 0 0 82 99 81 90 77 3 0 0 0 -13 -28 -21 -21 -13 -14 -14 -13 -13 -12 -3 -3 -6 -13 -68 -54 -13 -11 -2 -1 -1 -119 -128 -78 -78 -1 -1 -1 -1 -1 -1 -4 -8 -14 -27 -20 -18 -18 -16 -14 -25 -20 -17
119 119 118 118 120 113 106 110 112 101 79 87 95 95 97 99 100 105 100 104 107 113 104 110 113 112 112 113 118 119 114 110 106 87 8 -94 -1 -1 -1 -1 -59 19 38 99 107 105 102 100 101 105 97 97 97 94 88 100 107 107 108 104 104 99 89 88 59 59 87 88 93 96 94 94 91 87 85 83 84 84 74 84 91 88 91 84 82 76 74 71 71 76 76 78 78 73 59 56 52 52 47 43 39 37 33 33 35 36 33 32 36 35 30 0 35 38 36 38 38 35 35 33 35 36 29 0 -1 -1 -1 -1 -1 -1 -1 -1 -1 -1 -1 -1 -1 -1 -1 -1 -1 -1 -1 -1 -1 -1 -1 -30 -1 -1 -1 -1 -8 -2 -2 -1 -1 -1 -2 -1 -1 -1 -3 -2 -4 -4 -3 -3 -4 -4 -4 -6 -6 -6 -7 -6 -6 -4 -3 -3 -3 -1 -1 -1 -1 -1 -1 -1 -4 -7 -7 -4 -6 -6 -6 -4 -6 -6 -7 -4 -4 -3 -3 -6 -6 -6 -4 -4 -3 -3 -3 -4 -6 -4 -6 -7 -7 -4 -4 -4 -8 -7 -6 -4 -3 -3 -1 -1 -1 -1 -1 -1 -1 0 -120 -69 -89 -78 -1 -1 -1 -1 -75 -72 -72 -1 -1 -1 -1 -1 -1 -1 -1 -1 -84 -1 -1 -1 -1 -1 -1 -1 -1 -94 -50 -1 -1 68 0 0 24 70 66 61 67 77 78 83 91 91 81 77 77 73 78 83 93 87 85 87 85 87 89 97 95 95 101 110 119 108 111 116 110 111 97 93 110 99 99 106 105 101 100 104 106 111 119 119 117 118 112 112 114 119 90 93 61 0 0 -128 -128 0 32 32 106 111 112 117 108 118 105 117 112 108 117 106 106 117 111 112 112 107 102 118 104 99 118 95 119 119 118 119 100 122 120 100 119 99 43 0 -103 -86 -86 36 79 83 33 73 74 97 116 108 114 107 110 110 97 89 96 110 112 106 107 114 120 117 120 120 119 108 96 106 110 97 99 101 105 90 105 117 117 118 90 105 96 95 100 81 93 104 90 85 90 90 93 91 84 60 85 97 102 107 105 81 90 79 79 73 68 44 48 43 16 14 0 0 0 -14 -20 -20 -3 -2 -1 -1 -1 -1 -1 -1 7 0 84 84 101 79 90 79 4 0 0 -13 -28 -22 -21 -13 -13 -13 -13 -13 -13 -13 -3 -28 -53 -46 -30 -13 -13 -13 -1 -1 -1 -75 0 0 -1 -1 -1 -1 -1 -1 -1 -4 -8 -16 -26 -20 -18 -16 -14 -26 -20 -16
118 119 119 117 108 114 114 106 100 89 102 101 102 95 102 105 106 105 110 110 112 113 110 113 113 114 114 113 112 107 104 106 106 93 12 -98 -1 -1 -1 -79 38 91 102 105 104 104 102 87 88 88 88 94 94 97 101 106 101 102 102 106 107 104 101 99 67 82 94 101 99 102 102 84 84 79 88 77 81 68 85 89 93 88 82 82 78 76 76 72 77 76 72 71 62 65 67 56 56 55 49 47 44 42 38 37 36 35 32 36 35 35 33 33 37 36 38 35 33 35 33 36 37 32 32 0 0 -1 -1 -1 -1 -1 -1 -1 -1 -1 -1 -1 -1 -1 -1 -1 -1 -1 -1 -1 -1 -1 -26 -26 -1 -1 -1 -1 -1 -1 -1 -1 -1 -1 -1 -1 -1 -1 -1 -4 -3 -3 -2 -3 -3 -3 -3 -4 -3 -3 -4 -3 -3 -2 -2 -3 -1 -1 -1 -1 -1 -1 -1 -1 -4 -8 -8 -4 -6 -4 -4 -7 -4 -6 -6 -4 -4 -4 -3 -4 -4 -4 -4 -3 -3 -3 -4 -4 -4 -7 -7 -7 -6 -6 -4 -6 -4 -4 -4 -3 -3 -3 -1 -1 -1 -1 -1 -1 -103 -77 -1 -1 -128 -128 -1 -1 -1 -1 -1 -1 -1 -1 -1 -1 -1 -1 -1 -1 -1 -1 -77 -1 -1 -1 -1 -1 -1 -1 -1 0 -103 -1 -41 24 10 50 67 67 66 67 73 73 72 77 82 82 78 85 84 85 88 88 90 79 79 85 85 87 90 95 108 101 110 118 102 105 104 104 89 82 41 89 99 101 106 104 107 107 106 106 106 113 118 118 112 116 105 108 119 113 62 89 89 33 16 0 20 33 87 111 113 110 114 107 117 117 106 117 108 108 118 114 120 118 117 110 113 119 119 118 110 104 124 91 119 116 117 94 102 111 107 107 110 107 96 32 -82 -84 0 0 3 0 0 0 0 99 112 105 110 102 107 97 90 116 119 119 119 113 117 114 114 119 119 104 97 101 111 100 96 96 99 105 101 104 106 113 100 93 97 105 85 82 82 89 91 99 81 91 89 99 96 101 62 78 100 100 100 95 77 81 73 53 71 49 29 27 22 1 1 0 0 -49 -12 -22 -18 -2 -1 -1 -1 -1 -1 -1 -1 -1 12 41 72 111 99 97 77 21 0 0 0 -27 -22 -13 -11 -8 -18 -13 -13 -3 -30 -49 -49 -35 -31 -36 -18 -13 -13 -1 -1 -1 0 -92 -1 -1 -69 0 0 0 0 0 0 -74 -18 -23 -23 -13 -13 -14 -16 -18 -14 -13
118 118 119 119 117 108 114 106 100 89 102 101 102 102 95 102 105 106 105 110 112 113 110 113 113 114 114 114 113 112 107 104 106 93 12 -98 -1 -1 -1 -1 -79 38 91 102 105 104 102 87 88 88 88 94 94 94 97 101 106 101 102 106 107 104 101 99 67 67 82 94 101 99 102 84 84 79 88 77 81 81 68 85 89 93 88 82 78 76 76 72 77 76 76 72 71 62 65 67 56 55 49 47 44 42 38 38 37 36 35 32 36 35 33 33 37 36 38 35 35 33 35 33 36 37 32 0 0 -1 -1 -1 -1 -1 -1 -1 -1 -1 -1 -1 -1 -1 -1 -1 -1 -1 -1 -1 -1 -1 -1 -26 -1 -1 -1 -1 -1 -1 -1 -1 -1 -1 -1 -1 -1 -1 -1 -4 -3 -3 -2 -2 -3 -3 -3 -3 -4 -3 -4 -3 -3 -2 -2 -3 -3 -1 -1 -1 -1 -1 -1 -1 -4 -8 -8 -4 -6 -6 -4 -4 -7 -4 -6 -4 -4 -4 -3 -4 -4 -4 -4 -4 -3 -3 -3 -4 -4 -7 -7 -7 -6 -6 -6 -4 -6 -4 -4 -4 -3 -3 -1 -1 -1 -1 -1 -1 -1 -103 -77 -1 -1 -128 -1 -1 -1 -1 -1 -1 -1 -1 -1 -1 -1 -1 -1 -1 -1 -1 -77 -1 -1 -1 -1 -1 -1 -1 -1 0 -103 -1 -41 24 10 10 50 67 67 66 67 73 72 77 82 82 78 85 85 84 85 88 88 90 79 85 85 87 90 95 108 108 101 110 118 102 105 104 89 82 41 89 99 101 101 106 104 107 107 106 106 113 118 118 112 116 105 105 108 119 113 62 89 33 16 0 20 33 87 87 111 113 110 114 107 117 106 117 108 108 118 114 114 120 118 117 110 113 119 118 110 104 124 91 119 119 116 117 94 102 111 107 110 107 96 32 -82 -84 -84 0 0 3 0 0 0 99 112 105 110 102 107 107 97 90 116 119 119 113 117 114 114 119 119 119 104 97 101 111 100 96 99 105 101 104 106 113 113 100 93 97 105 85 82 89 91 99 81 91 89 89 99 96 101 62 78 100 100 95 77 81 73 53 53 71 49 29 27 22 1 0 0 -49 -12 -22 -18 -18 -2 -1 -1 -1 -1 -1 -1 -1 12 41 72 72 111 99 97 77 21 0 0 -27 -22 -13 -11 -8 -8 -18 -13 -13 -3 -30 -49 -35 -31 -36 -18 -13 -13 -13 -1 -1 -1 0 -92 -1 -69 0 0 0 0 0 0 0 -74 -18 -23 -23 -13 -14 -16 -18 -14 -13
119 118 117 104 107 99 99 93 105 108 110 106 108 105 105 106 106 112 114 114 116 116 119 119 119 119 111 111 113 111 105 105 105 73 -128 -47 -1 -39 -36 0 44 94 107 105 96 96 85 61 6 19 13 87 90 99 101 102 97 100 100 101 101 97 90 88 49 90 97 94 84 83 83 84 81 84 81 82 78 74 85 87 89 83 79 79 77 79 73 72 77 79 70 61 64 70 67 62 62 56 54 50 50 49 47 43 36 35 33 37 36 36 35 35 33 33 35 35 36 35 33 35 35 33 33 27 0 -1 -1 -1 -1 -1 -1 -1 -1 -1 -1 -1 -1 -1 -1 -1 -1 -1 -1 -1 -1 -1 -16 -16 -7 -1 -1 -1 -1 -1 -1 -1 -1 -1 -1 -1 -1 -1 -1 -1 -1 -2 -1 -3 -1 -3 -3 -3 -3 -3 -3 -2 -3 -3 -2 -1 -1 -1 -1 -1 -1 -1 -1 -1 -7 -8 -8 -4 -6 -7 -7 -7 -4 -4 -4 -4 -4 -4 -4 -4 -3 -3 -4 -3 -3 -3 -4 -4 -6 -6 -6 -4 -4 -4 -4 -4 -6 -4 -4 -6 -6 -3 -4 -1 -1 -1 -1 -1 -40 -1 -1 -1 -103 -103 -1 0 0 0 -1 -1 -1 -1 -1 -1 -1 -1 -1 -1 -70 -1 -1 -1 -1 -1 -3 -1 -1 -91 -91 0 0 4 7 59 67 62 72 74 76 76 74 74 70 76 84 89 91 93 84 85 84 85 91 88 88 90 87 89 94 104 107 107 113 107 99 95 84 84 25 0 0 90 102 105 106 105 108 117 110 111 111 116 118 114 97 102 102 108 118 107 7 4 4 82 94 99 101 105 106 117 114 118 114 111 117 117 112 117 105 119 114 119 116 117 111 117 118 117 117 116 114 113 116 116 119 119 117 111 117 107 120 120 117 110 53 0 -103 -82 0 36 12 37 -94 0 0 78 102 104 118 119 117 116 118 120 120 117 117 105 114 112 113 116 106 106 99 105 106 96 108 108 112 113 106 104 108 105 96 108 107 107 97 97 97 97 107 108 91 106 89 78 100 96 88 53 96 96 90 79 66 67 60 39 50 61 26 32 13 0 0 0 -86 -12 -23 -9 -2 -3 -1 -1 -1 -1 -1 -1 -1 -1 8 38 42 96 93 87 58 19 0 0 0 -22 -14 -2 -1 -17 -18 -13 -3 -108 -82 -31 -31 -26 -32 -30 -12 -11 -2 -1 -105 -69 -1 -1 -1 -1 0 0 35 36 38 27 0 -107 -14 -40 -23 -13 -13 -12 -3 -14 -16 -14
118 118 118 105 101 104 95 105 117 104 108 108 108 108 110 110 112 113 117 117 118 119 119 118 117 111 111 114 117 112 108 101 87 20 -128 -83 -40 -40 82 82 87 89 100 101 96 87 70 0 3 0 50 82 82 91 97 97 101 99 95 95 95 96 91 90 54 54 87 99 85 82 81 79 83 83 76 74 73 73 77 83 87 83 83 81 82 76 73 71 77 79 79 71 72 78 73 68 61 61 58 55 54 55 54 54 44 37 36 32 35 36 35 36 33 32 33 35 35 36 36 36 35 35 32 29 0 -1 -1 -1 -1 -1 -1 -1 -1 -1 -1 -1 -1 -1 -1 -1 -1 -1 -1 -1 -1 -1 -1 -4 -18 -1 -1 -1 -1 -1 -1 -1 -1 -1 -1 -1 -1 -1 -1 -1 -1 -1 -1 -1 -1 -1 -1 -1 -1 -1 -1 -1 -1 -1 -1 -1 -1 -1 -1 -1 -1 -1 -7 -6 -6 -8 -6 -4 -6 -6 -7 -8 -6 -6 -4 -4 -4 -4 -3 -3 -2 -2 -3 -4 -4 -3 -3 -4 -4 -4 -8 -4 -4 -7 -7 -4 -4 -7 -7 -6 -7 -6 -3 -2 -1 -1 -1 -1 -1 -23 -14 -1 -1 -35 0 4 6 0 -91 -1 -1 0 -75 -1 -1 -1 -1 -69 -114 -1 -1 -1 -1 -1 -1 -7 -6 -1 -65 0 18 30 45 58 71 71 76 72 68 76 76 83 81 79 77 81 93 77 77 83 87 88 89 93 91 96 87 91 93 105 113 113 110 113 91 91 81 13 0 -122 0 90 104 105 105 106 104 112 110 107 114 113 118 111 3 0 108 108 111 119 107 42 0 12 93 110 106 116 114 114 119 119 118 116 113 119 117 117 116 122 117 118 118 116 117 113 117 116 117 112 105 111 117 119 101 101 120 120 118 119 118 122 117 108 101 24 30 36 36 90 94 102 95 74 0 0 95 111 120 119 122 122 116 117 119 113 113 97 110 120 113 120 102 102 113 113 96 106 106 113 114 116 105 118 107 107 107 111 113 106 83 104 112 116 117 110 90 82 87 87 67 89 95 89 83 71 94 72 72 83 62 60 60 44 45 16 43 6 0 -110 -8 -23 -18 -3 -2 -2 -1 -1 -1 -1 -6 -8 -1 -63 0 0 39 39 99 105 79 52 22 0 0 -13 -12 -3 -9 -16 -16 -13 -2 -25 -92 -108 -31 -22 -26 -21 -12 -2 -1 -1 -1 -112 -105 -102 -41 -82 0 24 33 35 33 21 21 0 -128 -17 -39 -21 -13 -13 -3 -2 -17 -25
118 118 105 101 104 93 93 102 117 104 111 112 111 112 112 114 113 118 118 118 119 120 120 119 118 110 114 117 112 108 101 82 82 29 -107 -41 -37 -42 91 97 94 104 101 95 83 83 62 0 -50 -92 49 74 87 95 99 100 97 94 94 94 94 95 91 90 54 87 99 85 82 81 81 81 83 83 77 73 72 77 83 87 81 83 81 81 82 76 73 72 78 79 71 71 78 76 68 61 61 61 58 55 56 55 53 43 37 37 33 35 36 36 35 36 35 33 35 35 35 36 36 37 35 33 33 31 0 0 -1 -1 -1 -1 -1 -1 -1 -1 -1 -1 -1 -1 -1 -1 -1 -1 -1 -1 -1 -1 -1 -1 -27 -1 -1 -1 -1 -1 -1 -1 -1 -1 -1 -1 -1 -1 -1 -1 -1 -1 -1 -1 -1 -1 -1 -1 -1 -1 -1 -1 -1 -1 -1 -1 -1 -1 -1 -1 -1 -7 -7 -4 -6 -7 -4 -3 -6 -7 -6 -4 -6 -4 -4 -4 -4 -6 -3 -3 -3 -2 -4 -4 -3 -3 -4 -4 -2 -3 -8 -4 -4 -7 -4 -4 -7 -7 -6 -7 -7 -6 -3 -2 -1 -1 -1 -1 -4 -31 -1 -1 -105 -105 0 0 0 24 0 -87 0 0 -1 -1 -1 -1 -1 -1 -1 -1 -1 -1 -1 -1 -9 -6 -1 78 78 1 26 38 52 61 72 76 70 66 76 76 84 84 82 81 77 82 93 79 84 85 88 89 93 91 91 96 84 90 94 105 113 110 111 87 79 26 -44 -44 -58 -1 9 93 104 105 106 105 112 110 107 114 114 113 118 107 0 0 93 107 119 116 106 70 70 -110 -128 99 105 114 113 119 119 119 117 114 118 118 117 117 116 118 117 119 116 117 113 117 117 117 117 112 106 111 117 119 101 119 119 118 119 118 120 120 118 114 112 108 107 108 108 110 114 111 104 94 94 0 45 110 119 119 122 117 118 120 113 113 113 99 110 119 114 119 104 114 114 96 106 106 113 113 114 117 106 118 108 107 111 113 106 83 104 114 114 118 118 112 90 82 87 66 87 93 85 93 72 72 81 72 72 83 62 60 45 48 16 44 10 12 12 0 -8 -23 -17 -3 -3 -1 -1 -1 -2 -7 -7 -7 -1 -1 0 0 37 97 105 81 53 26 0 0 0 -13 -11 -68 0 0 0 0 0 6 -97 -31 -31 -22 -25 -20 -12 -2 -65 -69 0 0 0 -120 0 0 0 32 35 35 33 21 2 0 -17 -39 -21 -12 -12 -13 -3 -3 -17 -25
118 118 116 110 116 105 111 112 112 112 110 107 104 104 110 113 116 120 119 119 119 119 118 111 111 117 117 118 117 110 100 93 87 12 -55 -40 -1 30 91 91 95 97 105 85 78 72 24 -83 -39 -128 -92 0 0 83 94 99 102 102 96 94 93 95 95 94 62 62 90 83 85 81 83 79 83 76 74 72 74 74 78 85 85 88 87 84 78 82 76 74 81 82 82 78 84 79 64 71 61 65 61 58 58 54 50 50 42 48 43 35 35 35 37 35 33 35 35 36 36 36 36 37 37 32 32 33 30 0 -1 -1 -1 -1 -1 -1 -1 -1 -1 -1 -1 -1 -1 -1 -1 -1 -1 -1 -1 -1 -1 -1 -30 -1 -1 -1 -1 -1 -1 -1 -1 -1 -1 -1 -1 -1 -1 -1 -1 -1 -1 -1 -1 -1 -1 -1 -1 -1 -1 -1 -1 -1 -1 -1 -1 -1 -1 -1 -1 -1 -1 -6 -7 -4 -4 -4 -7 -7 -9 -8 -4 -6 -6 -4 -4 -4 -3 -3 -3 -3 -4 -7 -2 -3 -3 -4 -1 -1 -8 -6 -7 -6 -6 -3 -3 -8 -4 -4 -3 -6 -3 -2 -1 -1 -1 -1 -1 -1 -37 -1 -1 -72 -110 0 0 14 0 0 0 0 0 -1 -1 -1 -1 -1 -1 -1 -1 -1 -1 -1 -1 -18 -2 -1 3 0 43 48 72 76 76 76 71 68 70 74 72 74 74 81 74 85 93 82 82 87 85 91 90 82 84 94 97 90 93 106 102 102 101 89 76 32 -39 -1 -39 14 74 99 105 106 106 111 106 110 111 112 116 116 118 106 83 0 41 41 110 116 117 107 87 -59 -128 43 101 108 108 108 118 116 120 118 119 118 116 117 117 118 117 119 119 117 106 110 111 117 114 105 118 118 118 117 88 88 117 119 118 118 114 118 113 119 120 120 120 118 118 117 114 116 118 114 101 49 49 111 116 119 117 117 112 116 117 116 117 93 108 118 113 113 105 105 117 118 108 110 111 112 111 105 106 114 110 116 116 107 119 116 108 112 119 118 116 119 96 94 101 101 97 95 77 68 85 105 55 87 70 68 58 68 68 52 45 35 39 15 0 0 -11 -21 -12 -2 -2 -2 -1 -1 -1 -7 -25 -3 -1 -1 0 27 42 42 99 112 89 66 49 0 0 -14 -1 0 15 0 0 0 31 0 0 -100 -27 -21 -16 -13 -13 -13 -36 -36 -74 0 0 2 0 0 29 30 32 37 31 15 15 0 -87 -26 -37 -21 -13 -2 -2 -70 -14 -34
118 116 110 116 105 111 111 112 112 112 110 107 104 110 113 116 120 119 119 119 119 119 118 111 111 117 118 117 110 100 93 87 87 12 -55 -40 -1 30 91 95 97 105 85 78 72 72 24 -83 -39 -128 -92 0 83 94 99 102 102 96 96 94 93 95 95 94 62 90 83 85 81 83 83 79 83 76 74 72 74 78 85 85 88 87 84 84 78 82 76 74 81 82 78 84 79 64 71 61 61 65 61 58 58 54 50 42 48 43 35 35 35 35 37 35 33 35 35 36 36 36 37 37 32 32 32 33 30 0 -1 -1 -1 -1 -1 -1 -1 -1 -1 -1 -1 -1 -1 -1 -1 -1 -1 -1 -1 -1 -1 -1 -30 -1 -1 -1 -1 -1 -1 -1 -1 -1 -1 -1 -1 -1 -1 -1 -1 -1 -1 -1 -1 -1 -1 -1 -1 -1 -1 -1 -1 -1 -1 -1 -1 -1 -1 -1 -1 -1 -1 -6 -7 -4 -4 -4 -7 -9 -8 -4 -6 -6 -6 -4 -4 -4 -3 -3 -3 -4 -7 -2 -3 -3 -4 -4 -1 -1 -8 -6 -7 -6 -3 -3 -8 -4 -4 -3 -3 -6 -3 -2 -1 -1 -1 -1 -1 -37 -1 -1 -72 -72 -110 0 0 14 0 0 0 0 -1 -1 -1 -1 -1 -1 -1 -1 -1 -1 -1 -1 -18 -2 -1 3 3 0 43 48 72 76 76 71 68 70 74 72 74 74 74 81 74 85 93 82 87 85 91 90 82 84 84 94 97 90 93 106 102 101 89 76 32 -39 -1 -1 -39 14 74 99 105 106 111 106 110 111 112 116 116 116 118 106 83 0 41 110 116 117 107 87 87 -59 -128 43 101 108 108 118 116 120 118 119 118 118 116 117 117 118 117 119 117 106 110 111 117 114 114 105 118 118 118 117 88 117 119 118 118 114 118 118 113 119 120 120 120 118 117 114 116 118 114 101 101 49 49 111 116 119 117 112 116 117 116 117 117 93 108 118 113 113 105 117 118 108 110 111 112 112 111 105 106 114 110 116 107 119 116 108 112 119 119 118 116 119 96 94 101 97 95 77 68 85 105 105 55 87 70 68 58 68 52 45 35 39 15 0 0 0 -11 -21 -12 -2 -2 -1 -1 -1 -7 -25 -25 -3 -1 -1 0 27 42 99 112 89 66 49 0 0 0 -14 -1 0 15 0 0 31 0 0 -100 -27 -27 -21 -16 -13 -13 -13 -36 -74 0 0 2 0 0 0 29 30 32 37 31 15 0 -87 -26 -37 -21 -13 -13 -2 -2 -70 -14 -34
112 112 112 119 120 118 117 118 117 118 108 100 43 43 94 106 114 120 120 120 118 112 111 110 112 110 110 118 111 104 105 101 78 32 0 0 24 0 39 39 93 89 94 77 35 31 -37 -1 -1 -114 -88 0 0 77 93 102 104 96 99 101 99 99 94 93 61 61 84 73 90 85 87 82 82 76 74 78 78 78 82 89 83 88 79 81 83 81 77 79 79 72 72 82 79 77 64 66 67 67 64 58 56 48 45 45 59 54 49 42 36 33 36 36 36 35 35 35 35 36 37 36 36 33 36 36 32 0 0 -1 -1 -1 -1 -1 -1 -1 -1 -1 -1 -1 -1 -1 -1 -1 -1 -1 -1 -1 -1 -1 -30 -1 -1 -1 -1 -1 -1 -1 -1 -1 -1 -1 -1 -1 -1 -1 -1 -1 -1 -1 -1 -1 -1 -1 -1 -1 -1 -1 -1 -1 -1 -1 -1 -1 -1 -1 -1 -3 -6 -7 -7 -4 -4 -6 -8 -8 -8 -7 -4 -6 -6 -6 -6 -4 -3 -3 -3 -3 -3 -3 -4 -3 -4 -4 -6 -8 -6 -4 -4 -2 -2 -3 -7 -7 -6 -4 -4 -4 -3 -2 -2 -1 -1 -1 -1 -1 -28 -1 -68 0 -4 0 0 0 0 0 0 0 0 -1 -1 -1 -1 -1 -1 -1 -1 -1 -1 -1 -3 -14 -3 -1 4 41 56 65 71 65 61 61 67 72 74 71 72 77 77 81 79 90 84 89 89 93 87 94 99 93 91 94 107 87 97 104 97 97 87 32 27 -37 -1 -39 21 83 99 104 104 106 106 108 112 111 113 117 117 118 122 101 100 50 112 112 117 117 107 39 -81 -124 -106 77 94 97 104 104 116 110 119 118 117 114 117 117 114 119 118 116 116 112 104 111 112 112 110 113 116 116 116 119 87 87 113 119 119 117 117 116 100 118 118 119 122 118 118 117 99 107 117 118 102 106 110 112 113 118 118 118 101 104 118 113 105 94 119 116 117 113 112 112 117 118 116 119 95 106 94 110 107 108 110 117 117 112 119 111 118 118 118 119 119 119 107 101 108 108 100 102 85 82 77 94 62 84 66 68 66 77 77 53 31 29 26 4 0 0 -22 -14 -3 -2 -1 -1 -1 -1 -6 -25 -32 -14 -3 -1 0 35 49 49 76 111 97 85 30 0 0 -12 83 0 0 0 0 38 39 20 0 -37 -22 -18 -14 -13 -30 -82 -1 -1 -1 -73 -107 0 26 0 31 31 21 36 29 10 10 0 -44 -7 -28 -23 -13 -12 -1 0 0 -65
111 119 119 117 116 110 110 113 111 104 79 48 0 0 56 110 117 117 107 107 107 108 113 117 106 116 113 108 105 110 97 47 47 0 37 79 60 0 67 90 90 90 65 25 -1 -1 -1 -1 -58 -92 -39 24 78 91 102 100 97 100 100 96 96 101 91 89 50 78 87 94 94 87 87 88 85 84 77 78 83 85 74 74 78 81 84 84 79 73 79 77 77 77 83 73 64 61 64 64 64 64 61 54 47 58 58 61 54 53 47 41 36 36 35 36 35 33 31 33 35 36 36 36 33 35 35 36 35 29 0 -1 -1 -1 -1 -1 -1 -1 -1 -1 -1 -1 -1 -1 -1 -1 -1 -1 -1 -1 -1 -1 -30 -1 -1 -1 -1 -1 -1 -1 -1 -1 -1 -1 -1 -1 -1 -1 -1 -1 -1 -1 -1 -1 -1 -1 -1 -1 -1 -1 -1 -1 -1 -1 -1 -1 -1 -1 -1 -3 -3 -4 -4 -4 -6 -4 -7 -7 -6 -7 -7 -6 -6 -4 -4 -3 -3 -3 -4 -4 -2 -3 -4 -4 -4 -4 -4 -6 -4 -4 -3 -1 -8 -6 -4 -6 -7 -3 -3 -3 -2 -3 -1 -3 -1 -1 -1 -7 -100 0 0 0 -70 0 0 0 0 -97 0 0 -1 -1 -1 -1 -1 -1 -1 -1 -2 -1 -16 -12 -9 -2 -1 12 12 58 68 71 73 74 62 70 73 74 77 72 76 76 77 84 81 82 81 87 89 90 96 96 97 96 96 100 105 100 99 102 90 79 0 -35 -1 -1 0 0 35 93 104 106 104 108 108 111 110 112 112 113 113 117 119 111 114 114 117 116 110 89 0 -39 -39 -81 -128 -79 0 0 91 95 93 101 101 99 90 90 108 112 113 116 116 113 101 114 107 117 112 116 116 117 114 112 117 117 83 107 117 119 118 119 117 117 95 119 118 114 104 116 114 91 110 101 112 106 106 107 111 54 102 110 111 111 118 117 117 119 119 110 117 108 116 114 118 113 120 117 118 93 112 112 84 94 111 113 114 102 95 117 114 108 110 119 119 112 119 107 110 111 120 119 110 94 94 79 94 94 96 52 89 55 64 70 43 35 29 25 9 0 0 0 -25 -8 -3 -3 -1 -1 -1 -9 -23 -27 -27 -14 -3 -2 0 27 47 85 118 105 94 49 8 8 0 66 85 0 3 1 49 27 0 0 -13 -14 -14 -14 -13 -2 -112 -108 -47 -1 -103 0 0 31 33 33 35 24 29 38 30 15 0 -68 -1 -28 -21 -12 -12 -1 -1 0 0 -100
112 112 118 118 116 112 105 100 45 38 -14 -1 -1 -1 -59 50 107 117 118 107 107 110 117 114 107 116 116 113 108 105 110 101 99 93 99 96 13 4 91 91 94 87 42 18 -56 -1 -1 -1 -1 -1 -39 35 35 89 95 101 99 96 100 96 96 100 91 89 48 48 76 87 95 95 89 88 85 84 78 78 79 79 79 67 66 70 79 84 79 74 81 77 76 76 76 82 73 61 59 61 64 64 61 55 47 58 60 60 60 55 53 49 42 37 36 36 35 33 32 33 33 35 36 36 36 36 37 35 36 31 0 0 -1 -1 -1 -1 -1 -1 -1 -1 -1 -1 -1 -1 -1 -1 -1 -1 -1 -1 -1 -1 -25 -1 -1 -1 -1 -1 -1 -1 -1 -1 -1 -1 -1 -1 -1 -1 -1 -1 -1 -1 -1 -1 -1 -1 -1 -1 -1 -1 -1 -1 -1 -1 -1 -1 -1 -1 -1 -1 -4 -3 -4 -4 -6 -4 -7 -7 -7 -7 -7 -7 -6 -4 -4 -3 -3 -3 -4 -4 -4 -3 -3 -4 -3 -3 -3 -4 -4 -4 -3 -1 -1 -9 -4 -4 -4 -6 -3 -2 -3 -2 -1 -3 -1 -1 -1 -1 -87 0 0 35 0 0 0 0 -111 -98 -98 -114 -1 -1 -1 -1 -1 -1 -1 -1 -2 -1 -17 -17 -12 -8 -3 -1 0 58 70 73 73 76 64 64 71 74 74 77 72 76 77 85 82 82 81 87 87 89 93 99 96 97 95 99 105 100 97 97 36 36 22 -108 -1 -1 0 76 93 100 104 105 104 108 108 111 111 110 112 112 113 116 119 111 117 117 118 118 110 53 0 37 88 32 -102 -102 -110 -128 -1 -1 -37 -63 66 -55 -102 -96 88 104 110 116 116 113 113 99 110 108 117 112 116 117 114 112 117 117 83 83 110 116 119 118 119 117 93 117 118 114 104 114 114 113 91 107 96 105 100 105 104 0 -81 22 99 99 105 118 117 117 117 107 119 111 116 114 118 118 112 122 118 119 93 113 87 93 111 113 114 102 102 95 116 114 108 111 119 112 120 107 110 111 119 119 119 111 97 94 79 94 96 54 81 55 64 70 70 43 35 29 25 10 0 0 -23 -8 -3 -2 -1 -1 -1 -1 -11 -22 -27 -14 -3 -1 -1 0 42 42 85 119 106 95 52 12 0 50 38 0 0 36 36 48 22 0 0 -54 -68 -74 -13 -61 -128 -116 -74 -74 0 0 0 16 38 36 35 24 29 38 30 14 14 0 -73 -91 -30 -78 -13 0 0 0 0 0
117 112 108 95 49 44 44 33 -41 -60 -39 -1 -36 -101 50 108 112 104 102 102 107 114 113 110 110 111 113 100 105 110 108 108 108 107 110 93 26 67 95 83 77 25 -54 -1 -1 -1 -1 -1 -1 -1 27 83 95 95 101 95 97 96 96 85 97 89 85 82 52 85 96 90 89 89 89 90 88 78 73 68 64 64 25 0 30 82 81 81 79 74 72 78 78 78 76 68 58 59 62 64 64 59 60 54 56 61 62 59 55 58 50 44 41 41 35 33 33 35 32 33 35 35 36 36 35 37 37 36 35 36 30 0 -1 -1 -1 -1 -1 -1 -1 -1 -1 -1 -1 -1 -1 -1 -1 -1 -1 -1 -1 -1 -14 -6 -1 -1 -1 -1 -1 -1 -1 -1 -1 -1 -1 -1 -1 -1 -1 -1 -1 -1 -1 -1 -1 -1 -1 -1 -1 -1 -1 -1 -1 -1 -1 -1 -1 -1 -1 -1 -1 -1 -3 -6 -6 -6 -9 -8 -8 -6 -4 -3 -3 -6 -3 -3 -4 -3 -4 -3 -2 -4 -3 -3 -3 -3 -1 -1 -3 -4 -3 -6 -9 -4 -6 -7 -6 -3 -3 -2 -1 -1 -1 -7 -1 -1 -1 -84 0 6 0 0 16 0 0 0 -82 -128 -128 -1 -1 -1 -1 -1 -1 -1 -1 -6 -11 -6 -16 -7 -3 -2 -112 13 13 60 65 76 77 73 62 74 73 78 78 77 78 78 85 83 82 89 83 84 91 95 94 95 99 99 99 93 101 107 104 90 27 0 -92 -81 0 70 99 99 100 105 105 105 107 112 114 107 112 112 110 112 112 113 119 120 119 119 119 111 96 39 104 106 106 94 27 -44 -40 -128 -35 -128 -128 -115 -128 -128 -128 -128 0 89 100 100 97 94 101 105 112 116 113 117 117 114 113 114 114 117 90 111 119 116 116 119 118 118 112 118 116 106 101 108 108 99 99 58 45 42 42 91 94 30 -100 -44 36 94 90 89 114 110 110 100 100 106 117 117 118 111 120 118 105 100 113 113 91 102 96 111 112 116 101 108 117 107 118 118 118 96 120 104 111 110 96 117 104 93 94 77 95 95 96 77 41 58 67 66 45 24 29 21 16 0 0 0 -23 -14 -3 -2 -1 -1 -7 -25 -32 -18 -18 -13 -14 -1 -1 0 41 87 118 99 91 65 0 0 0 0 81 3 0 44 39 0 0 -111 -110 -107 -107 -100 -63 -102 0 0 0 0 0 25 27 31 38 38 36 21 29 32 22 13 0 0 -126 -107 -116 -1 -1 0 0 0 0 0
117 117 112 108 95 49 44 33 -41 -60 -39 -1 -36 -36 -101 50 108 112 104 102 107 114 113 110 110 111 111 113 100 105 110 108 108 107 110 93 26 67 95 95 83 77 25 -54 -1 -1 -1 -1 -1 -1 27 83 83 95 95 101 95 97 96 85 97 89 85 82 52 52 85 96 90 89 89 90 88 78 73 68 64 64 64 25 0 30 82 81 79 74 72 78 78 78 78 76 68 58 59 62 64 59 60 54 56 61 62 62 59 55 58 50 44 41 35 33 33 35 32 33 33 35 35 36 36 35 37 36 35 36 30 0 -1 -1 -1 -1 -1 -1 -1 -1 -1 -1 -1 -1 -1 -1 -1 -1 -1 -1 -1 -1 -14 -6 -1 -1 -1 -1 -1 -1 -1 -1 -1 -1 -1 -1 -1 -1 -1 -1 -1 -1 -1 -1 -1 -1 -1 -1 -1 -1 -1 -1 -1 -1 -1 -1 -1 -1 -1 -1 -1 -1 -3 -6 -6 -6 -9 -9 -8 -8 -6 -4 -3 -6 -3 -3 -4 -3 -4 -4 -3 -2 -4 -3 -3 -3 -1 -1 -3 -4 -3 -6 -6 -9 -4 -6 -7 -6 -3 -2 -1 -1 -1 -7 -1 -1 -1 -1 -84 0 6 0 16 0 0 0 -82 -128 -128 -128 -1 -1 -1 -1 -1 -1 -1 -6 -11 -6 -16 -16 -7 -3 -2 -112 13 60 65 76 77 73 62 62 74 73 78 78 77 78 85 83 82 89 83 84 84 91 95 94 95 99 99 93 101 107 104 90 27 27 0 -92 -81 0 70 99 100 105 105 105 107 112 112 114 107 112 112 110 112 113 119 120 119 119 119 119 111 96 39 104 106 94 27 -44 -40 -128 -35 -35 -128 -128 -115 -128 -128 -128 0 89 100 100 97 94 94 101 105 112 116 113 117 114 113 114 114 117 90 90 111 119 116 116 119 118 112 118 116 106 101 108 108 108 99 99 58 45 42 91 94 30 -100 -44 36 36 94 90 89 114 110 100 100 106 117 117 118 118 111 120 118 105 100 113 91 102 96 111 112 116 116 101 108 117 107 118 118 96 120 104 111 110 96 96 117 104 93 94 77 95 96 77 41 58 67 66 66 45 24 29 21 16 0 0 -23 -14 -3 -2 -1 -1 -1 -7 -25 -32 -18 -13 -14 -1 -1 0 41 41 87 118 99 91 65 0 0 0 81 3 0 44 44 39 0 0 -111 -110 -107 -100 -63 -102 0 0 0 0 0 0 25 27 31 38 36 21 29 32 22 13 13 0 0 -126 -107 -116 -1 0 0 0 0 0
108 111 104 105 41 -128 -128 -100 -56 -42 -40 -1 -37 -83 99 106 105 104 110 110 107 108 110 111 111 114 107 101 110 114 116 112 112 110 108 106 83 83 85 82 67 20 -54 -1 -1 -1 -1 -1 -1 8 32 88 95 99 100 94 94 90 90 96 89 84 89 85 52 89 87 81 87 81 81 85 81 73 61 54 13 0 0 0 66 77 81 81 73 68 74 74 77 74 74 64 62 67 55 58 58 61 60 64 60 60 66 60 53 60 55 53 45 45 39 35 32 33 32 32 33 36 37 36 35 37 37 36 36 37 32 0 15 -1 -1 -1 -1 -1 -1 -1 -1 -1 -1 -1 -1 -1 -1 -1 -1 -1 -1 -1 -3 -17 -1 -1 -1 -1 -1 -1 -1 -1 -1 -1 -1 -1 -1 -1 -1 -1 -1 -1 -1 -1 -1 -1 -1 -1 -1 -1 -1 -1 -1 -1 -1 -1 -1 -1 -1 -1 -1 -1 -6 -6 -4 -9 -11 -9 -4 -3 -3 -3 -3 -4 -4 -3 -3 -2 -3 -4 -1 -4 -6 -1 -1 -1 -1 -1 -1 -8 -3 -4 -6 -7 -7 -4 -6 -4 -4 -2 -1 -1 -1 -7 -1 -1 -1 -1 -23 -4 0 0 2 0 0 0 -78 -102 -126 -1 -1 -1 -1 -1 -1 -1 -1 -4 -11 -13 -7 -2 -1 -1 -128 14 14 58 64 67 72 67 61 72 81 84 87 76 78 78 83 87 85 89 84 89 94 84 93 96 105 105 105 96 102 101 108 82 62 0 0 79 87 95 101 101 97 105 106 108 110 112 112 108 112 108 112 111 111 113 119 118 118 117 118 101 111 110 117 108 108 96 0 -128 -97 -87 -81 -36 35 38 0 41 35 35 0 0 29 20 -41 0 0 94 112 114 113 117 117 117 113 107 116 114 99 91 116 110 116 118 118 118 118 118 116 95 101 106 112 105 89 0 -91 -125 -125 0 84 83 33 -86 -39 30 0 32 102 97 97 79 88 96 112 117 110 110 118 114 113 119 102 102 117 118 107 102 99 117 99 104 108 97 119 107 107 102 118 116 117 101 99 104 111 88 104 83 84 84 78 77 21 45 60 67 38 35 29 20 14 0 0 -110 -47 -2 -2 -1 -1 -2 -23 -35 -27 -16 -16 -13 -13 -3 -1 0 37 95 117 93 79 44 0 0 0 0 83 4 56 61 55 3 0 0 0 -91 -91 -128 -128 0 0 0 0 0 0 29 24 38 41 41 35 31 32 29 24 0 0 0 -128 -128 -125 -64 -64 -128 -106 0 0 -94
118 118 119 108 96 42 -128 -88 -40 -59 -39 -106 -103 -103 38 100 107 110 107 113 112 118 114 112 116 112 112 102 110 113 114 105 106 106 111 93 94 90 84 84 78 59 0 -1 -41 -1 -1 -40 10 62 81 91 91 100 100 93 90 94 97 93 89 95 100 84 43 43 88 89 78 76 78 81 77 71 66 50 0 0 -125 -63 15 58 66 71 68 71 61 64 72 73 73 70 65 64 64 53 56 62 55 58 59 58 55 55 58 61 66 61 50 48 41 36 33 32 35 33 33 33 36 36 36 35 36 32 35 36 32 22 0 0 -1 -1 -1 -1 -1 -1 -1 -1 0 0 0 0 0 0 0 0 0 -1 -1 -26 -1 -1 -1 -1 -1 -1 -1 -1 -1 -1 -1 -1 -1 -1 -1 -1 -1 -1 -1 -1 -1 -1 -1 -1 -1 -1 -1 -1 -1 -1 -1 -1 -1 -1 -1 -1 -1 -7 -3 -4 -6 -8 -7 -7 -6 -4 -4 -6 -6 -4 -4 -3 -2 -2 -2 -2 -2 -1 -2 -1 -1 -1 -1 -1 -1 -7 -4 -4 -4 -7 -8 -7 -4 -6 -4 -3 -4 -4 -3 -1 -8 -8 -1 -1 -1 -1 -27 0 0 0 10 0 -98 -105 -105 -115 -1 -1 -1 -1 -3 -1 -1 -14 -11 -9 -3 -3 -3 -1 -128 0 50 54 60 65 71 65 71 71 73 82 85 84 73 78 79 82 78 74 81 87 87 94 91 94 102 96 102 101 105 99 105 84 20 20 25 87 95 101 102 102 104 105 106 106 107 112 112 111 113 110 108 111 112 114 118 120 114 108 119 119 107 119 118 118 110 99 22 64 44 -79 -126 -126 41 94 95 101 105 96 78 -83 -84 -128 -128 -128 -128 20 99 111 114 117 114 113 116 110 113 110 111 111 93 112 108 119 119 119 118 113 104 97 101 111 111 114 96 82 0 -58 -41 -98 32 87 29 -128 -79 -79 -34 35 26 102 42 0 47 52 102 106 105 105 116 114 114 118 119 119 120 114 116 118 108 111 111 94 108 116 97 88 119 116 118 119 108 112 102 102 84 107 89 95 91 84 81 76 42 45 50 50 50 37 36 26 18 6 0 -6 -6 -4 -1 -1 -2 -2 -18 -21 -32 -18 -14 -13 -14 -3 -1 3 13 13 97 120 84 62 97 52 0 0 83 21 62 66 66 68 7 0 0 0 1 0 0 0 20 18 0 0 0 22 27 26 35 39 38 38 32 29 31 0 0 25 9 0 -79 -120 -128 -128 0 0 0 -39
119 111 113 101 47 0 0 -83 19 38 0 15 90 104 105 117 116 118 117 117 118 118 111 118 108 108 113 112 113 101 102 102 102 110 104 100 105 87 83 31 -97 -65 -94 -87 -1 -1 -1 29 76 84 93 95 100 104 90 94 97 91 91 84 94 81 91 78 55 89 84 81 83 83 83 84 82 77 73 60 9 -58 -88 0 43 53 62 62 65 56 0 35 26 65 67 62 60 59 55 60 60 61 61 59 56 47 53 60 66 66 53 50 52 52 42 37 35 33 32 36 36 36 35 33 36 33 33 32 33 36 31 25 0 -1 -1 -1 -1 -1 -1 72 25 0 25 33 37 36 37 35 31 0 0 0 22 -30 -1 -1 -1 -1 -1 -1 -1 -1 -1 -1 -1 -1 -1 -1 -1 -1 -1 -1 -1 -1 -1 -1 -1 -1 -1 -1 -1 -1 -1 -1 -1 -1 -1 -1 -1 -1 -1 -6 -1 -6 -8 -8 -7 -7 -4 -6 -6 -2 -2 -4 -3 -3 -2 -3 -1 -1 -1 -1 -1 -1 -1 -1 -1 -1 -1 -4 -2 -7 -8 -8 -4 -4 -7 -3 -3 -4 -3 -3 -1 -1 -1 -1 -1 -1 -1 0 0 0 0 0 0 0 -73 -73 -110 -1 -1 -2 -1 -13 -13 -4 -11 -11 -9 -6 -2 -1 -1 0 16 49 49 55 66 66 66 68 74 73 78 73 78 79 82 82 81 79 81 72 76 88 99 91 97 106 102 101 101 101 99 96 100 95 93 93 99 101 105 106 106 106 107 107 107 108 110 111 107 110 105 111 112 111 111 114 119 119 118 106 118 118 110 119 118 104 104 100 105 101 42 0 0 102 112 108 114 113 105 105 87 -83 -128 -128 -128 -56 95 113 117 117 116 113 113 112 114 114 114 110 113 104 100 118 116 118 113 113 113 67 3 95 104 111 114 96 39 0 -81 -128 -128 -86 0 89 100 20 47 101 110 110 108 35 35 38 37 0 0 88 97 118 116 119 118 117 117 117 113 117 108 116 118 119 100 117 89 118 111 111 111 122 116 118 96 111 105 81 101 90 93 106 95 95 68 66 70 41 53 52 29 37 21 13 9 0 0 -13 -3 -1 -1 -2 -20 -21 -32 -27 -16 -13 -13 -13 -14 -3 -1 88 30 101 73 91 95 99 64 64 6 0 0 26 56 73 62 8 8 0 0 25 25 26 36 27 31 15 0 0 0 20 18 39 43 43 38 44 32 22 33 39 29 22 18 0 -114 -116 -116 0 12 0 0 -35
119 119 111 114 105 55 47 91 100 101 96 102 113 113 114 110 114 116 118 116 118 118 111 118 110 108 108 113 112 113 100 101 104 110 104 100 102 87 81 81 27 -83 -1 -101 -37 -1 -39 27 77 85 94 95 95 101 104 90 93 97 91 85 91 79 91 78 54 54 89 84 81 83 83 85 81 76 71 59 8 8 -55 -1 -47 0 25 62 66 13 0 50 25 59 59 68 62 59 59 56 60 62 61 59 56 47 54 54 60 66 66 55 50 53 42 39 36 36 32 36 36 36 38 35 33 36 33 32 33 35 31 21 3 3 -1 -1 -1 -1 30 16 0 24 37 38 42 42 41 39 37 37 33 29 0 0 0 -1 -1 -1 -1 -1 -1 -1 -1 -1 -1 -1 -1 -1 -1 -1 -1 -1 -1 -1 -1 -1 -1 -1 -1 -1 -1 -1 -1 -1 -1 -1 -1 -1 -1 -1 -1 -6 -1 -6 -8 -8 -7 -7 -7 -4 -6 -4 -3 -4 -3 -3 -2 -4 -1 -1 -1 -1 -1 -1 -1 -1 -1 -1 -1 -3 -3 -7 -7 -8 -8 -4 -4 -7 -3 -4 -3 -3 -2 -1 -1 -1 -1 -1 -1 -1 0 0 0 0 -53 -2 -1 -1 -1 -47 -1 -1 -3 -1 -14 -4 -9 -9 -12 -7 -2 -2 -1 0 0 42 50 55 65 65 66 68 74 74 73 78 73 78 79 82 79 79 81 72 76 88 88 99 93 97 105 101 101 101 99 96 100 100 100 100 101 102 105 106 106 106 107 107 107 108 110 111 111 107 110 106 111 112 111 116 119 119 118 107 118 118 118 111 119 118 104 97 58 52 47 89 101 101 112 118 114 119 118 110 91 0 -128 -107 -37 -88 -88 99 116 117 111 105 102 110 114 114 114 110 113 113 104 100 118 116 118 112 113 104 0 71 90 102 102 112 97 88 37 32 29 -35 0 54 112 99 108 108 114 119 117 114 107 93 84 0 0 38 94 94 118 116 119 118 117 118 112 119 110 116 119 120 120 101 117 89 118 111 111 120 114 118 96 111 105 105 81 101 90 90 105 96 68 66 70 67 26 50 50 26 35 19 9 0 0 -12 -2 -1 -1 -2 -17 -17 -22 -34 -27 -14 -13 -13 -13 -3 -1 -1 12 12 72 112 108 93 99 67 13 0 0 12 56 76 76 62 12 16 0 26 38 41 49 38 39 21 10 10 0 0 22 20 42 43 42 47 32 25 38 45 45 36 30 22 13 0 0 25 30 0 0 -34
119 111 114 105 55 47 47 91 100 101 96 102 113 114 110 114 116 118 116 116 118 118 111 118 110 108 113 112 113 100 101 104 104 110 104 100 102 87 81 27 -83 -1 -101 -37 -1 -1 -39 27 77 85 94 95 101 104 90 93 97 91 91 85 91 79 91 78 54 89 84 81 83 83 83 85 81 76 71 59 8 -55 -1 -47 0 25 62 62 66 13 0 50 25 59 68 62 59 59 56 60 60 62 61 59 56 47 54 60 66 66 55 50 53 53 42 39 36 36 32 36 36 38 35 33 36 33 33 32 33 35 31 21 3 -1 -1 -1 -1 30 30 16 0 24 37 38 42 41 39 37 37 33 29 29 0 0 0 -1 -1 -1 -1 -1 -1 -1 -1 -1 -1 -1 -1 -1 -1 -1 -1 -1 -1 -1 -1 -1 -1 -1 -1 -1 -1 -1 -1 -1 -1 -1 -1 -1 -1 -1 -1 -6 -1 -6 -8 -8 -7 -7 -4 -6 -4 -3 -3 -4 -3 -3 -2 -4 -1 -1 -1 -1 -1 -1 -1 -1 -1 -1 -1 -3 -3 -7 -8 -8 -4 -4 -7 -3 -3 -4 -3 -3 -2 -1 -1 -1 -1 -1 -1 0 0 0 0 0 -53 -2 -1 -1 -47 -1 -1 -3 -1 -14 -14 -4 -9 -9 -12 -7 -2 -1 0 0 42 50 50 55 65 65 66 68 74 73 78 73 78 79 82 82 79 79 81 72 76 88 99 93 97 105 101 101 101 101 99 96 100 100 100 101 102 105 106 106 106 106 107 107 107 108 110 111 107 110 106 111 112 111 111 116 119 119 118 107 118 118 111 119 118 104 104 97 58 52 47 89 101 112 118 114 119 118 110 110 91 0 -128 -107 -37 -88 99 116 117 111 105 102 102 110 114 114 114 110 113 104 100 118 116 118 112 112 113 104 0 71 90 102 112 97 88 37 32 29 29 -35 0 54 112 99 108 114 119 117 114 107 107 93 84 0 0 38 94 118 116 119 118 117 118 118 112 119 110 116 119 120 101 117 89 118 111 111 111 120 114 118 96 111 105 81 101 90 90 105 96 96 68 66 70 67 26 50 26 35 19 9 0 0 0 -12 -2 -1 -1 -2 -17 -22 -34 -27 -14 -13 -13 -13 -13 -3 -1 -1 12 72 112 108 93 99 67 67 13 0 0 12 56 76 62 12 16 0 26 38 38 41 49 38 39 21 10 0 0 22 20 42 43 43 42 47 32 25 38 45 36 30 22 13 0 0 0 25 30 0 0 -34
117 117 117 114 116 114 111 111 113 114 112 113 116 116 118 120 118 120 117 119 120 108 118 117 112 118 118 114 106 99 97 97 106 105 106 95 90 84 84 84 38 0 -37 -1 -1 -1 -39 -39 32 42 91 95 95 100 88 93 94 99 90 84 77 87 91 91 55 55 85 84 87 85 82 87 73 73 66 47 0 0 -49 -1 -42 12 64 68 62 60 15 10 14 58 58 68 65 67 61 61 61 62 58 64 59 54 54 54 60 61 62 59 60 58 49 47 39 35 32 36 36 36 37 33 31 33 31 31 32 32 26 0 48 48 -83 -1 -1 0 0 19 35 36 38 41 39 39 39 39 38 38 38 37 35 4 0 0 0 0 0 0 0 0 0 0 -1 -1 -1 -1 -1 -1 -1 -1 -1 -1 -1 -1 -1 -1 -1 -1 -1 -1 -1 -1 -1 -1 -1 -1 -1 -1 -1 -1 -6 -9 -9 -7 -8 -8 -7 -4 -2 -2 -2 -3 -3 -3 -2 -3 -1 -1 -1 -1 -1 -1 -1 -1 -1 -1 -1 -1 -6 -7 -7 -7 -4 -3 -6 -4 -2 -3 -2 -3 -3 -1 -1 -1 -1 -1 -1 -1 -1 0 0 -82 -4 -1 -1 -1 -1 -6 -1 -1 -2 -1 -9 -6 -9 -1 -6 -2 -2 -2 -1 0 27 48 52 55 48 61 66 68 76 76 77 78 82 84 76 76 70 85 81 79 85 83 83 77 82 93 100 94 105 102 91 95 102 96 99 99 102 101 107 106 108 110 110 111 111 111 108 107 107 110 108 110 111 112 111 117 119 119 118 104 118 118 119 111 119 119 106 90 0 -128 13 71 106 106 118 118 118 118 118 108 87 0 -128 -97 -81 -128 -128 42 107 112 101 0 31 105 116 116 113 110 117 117 114 89 119 118 117 114 112 101 0 -128 21 83 83 106 116 101 100 107 101 52 55 108 118 117 119 119 120 101 120 116 116 110 101 45 0 0 101 101 119 118 118 119 111 118 100 119 114 104 120 119 119 107 74 107 82 114 74 113 87 112 104 99 85 85 90 85 77 82 104 81 64 62 68 58 14 29 29 24 30 18 13 0 0 -98 -2 -1 -1 -16 -16 -16 -23 -32 -20 -13 -13 -13 -2 -2 -1 -30 0 0 85 110 110 97 72 54 25 8 35 0 43 65 65 32 21 25 47 53 55 58 58 71 31 24 13 13 9 52 52 16 44 55 58 45 38 29 41 43 43 33 25 4 0 0 0 29 26 0 0 -14
119 113 117 120 119 118 118 117 117 119 117 118 119 118 118 119 118 118 118 118 119 117 118 112 119 113 105 102 105 101 105 108 108 94 93 93 89 93 90 76 62 -47 -1 -1 -1 -1 -1 -39 27 39 90 94 91 91 93 93 100 85 85 85 82 89 95 91 54 81 81 81 81 77 77 77 65 68 26 0 -82 -37 -1 22 49 65 70 70 58 65 58 59 4 58 66 67 59 61 61 59 59 56 61 62 61 53 58 59 61 64 62 62 64 64 56 50 36 33 33 35 35 36 32 33 32 30 30 32 32 25 21 0 0 -107 0 0 24 33 33 37 38 37 38 39 38 37 38 41 38 37 39 39 38 10 31 32 31 31 30 29 0 0 0 0 0 -1 -1 -1 -1 -1 -1 -1 -1 -1 -1 -1 -1 -1 -1 -1 -1 -1 -1 -1 -1 -1 -1 -1 -1 -7 -7 -4 -6 -8 -6 -4 -7 -4 -3 -2 -1 -3 -3 -3 -4 -4 -2 -2 -1 -1 -1 -1 -1 -1 -1 -1 -1 -1 -1 -1 -1 -3 -6 -4 -3 -4 -3 -3 -3 -6 -4 -3 -3 -6 -4 -1 -1 -1 -1 -1 -37 -37 -1 -7 -1 -1 -1 -2 -2 -1 -3 -9 -6 -4 -4 -12 -9 -3 -3 -1 -1 68 0 48 48 52 52 53 45 58 58 64 74 64 83 79 76 77 76 76 81 85 78 85 87 88 91 83 85 95 91 99 99 94 82 93 99 96 101 105 104 107 107 106 108 108 106 111 112 107 108 108 108 110 111 111 111 110 110 118 120 118 110 100 118 118 112 116 118 102 102 94 0 -128 -84 52 106 119 118 118 118 118 105 105 87 0 -93 -82 -128 -126 35 89 52 81 -128 0 0 100 116 104 114 104 117 114 84 122 118 114 116 116 117 102 65 -108 0 29 93 108 106 111 119 117 117 110 108 118 120 119 119 117 96 105 118 119 119 116 104 105 84 97 113 118 116 118 120 117 120 120 118 118 116 100 111 120 90 79 100 101 106 77 77 104 88 82 106 101 77 79 96 43 82 76 74 74 72 84 66 36 36 9 29 27 16 15 0 54 54 -106 -2 -1 -1 -14 -18 -35 -30 -13 -13 -13 -13 -3 -3 -13 -36 -3 2 91 113 119 104 73 71 71 62 43 47 29 64 60 42 55 45 53 61 61 61 55 48 59 38 18 30 58 71 58 22 41 53 53 61 48 36 42 44 41 35 35 0 0 15 27 27 21 0 0 -87 -58
119 119 110 119 118 118 119 110 120 118 118 116 118 118 113 114 117 118 113 119 117 120 117 113 114 105 105 110 108 110 101 100 88 91 90 104 99 106 91 91 79 65 -44 -1 -1 -1 -1 26 76 89 96 95 95 101 93 90 90 89 81 88 82 88 94 90 53 53 84 77 79 78 72 72 72 60 52 -97 -86 -86 -49 -41 18 55 49 19 10 50 70 78 62 65 65 70 59 62 61 61 56 59 61 56 52 48 55 55 60 62 65 66 60 61 58 49 33 32 32 32 32 33 33 31 32 30 29 31 22 19 0 0 0 0 0 20 32 36 36 37 38 38 38 38 37 37 37 37 37 37 37 37 37 19 26 36 36 36 36 36 36 33 35 32 0 0 19 -1 -1 -1 -1 -1 -1 -1 -1 -1 -1 -1 -1 -1 -1 -1 -1 -1 -1 -1 -1 -1 -1 -1 -4 -6 -7 -7 -4 -4 -8 -8 -4 -4 -4 -7 -6 -3 -4 -4 -2 -1 -1 -1 -1 -1 -1 -1 -1 -1 -1 -1 -1 -1 -1 -1 -1 -3 -4 -4 -6 -2 -3 -2 -2 -3 -1 -4 -3 -3 -1 -1 -1 -1 -1 -30 -1 -4 -1 -1 -1 -4 -4 -3 -11 -3 -4 -3 -6 -9 -3 -3 -1 -1 -1 -1 16 19 43 38 47 52 52 58 64 67 71 71 58 72 76 83 81 73 85 90 84 84 87 89 89 84 95 100 97 105 91 90 93 93 97 107 108 108 107 105 105 107 105 111 105 104 105 107 108 112 112 106 112 111 111 112 113 114 120 118 106 101 120 120 119 120 112 119 107 100 0 -102 -93 8 94 94 113 116 113 118 119 100 104 43 0 -42 -128 -81 -81 0 59 -128 -86 -40 29 102 113 94 116 110 110 110 119 90 122 118 117 110 119 107 89 0 -128 -86 -86 -78 39 104 116 118 118 117 113 114 113 114 117 117 118 97 106 120 118 117 105 116 96 111 118 118 119 116 118 118 117 118 118 108 120 119 90 114 114 93 89 96 102 73 47 73 56 97 83 88 67 67 87 89 67 71 65 60 70 64 56 31 38 26 26 2 22 13 13 0 -14 -22 -1 -1 -16 -13 -22 -22 -34 -20 -13 -13 -12 -23 -45 -16 -1 -1 0 0 53 104 110 100 79 61 37 50 55 66 59 49 49 58 65 60 55 43 53 45 67 66 47 10 33 33 61 81 68 32 41 54 61 55 33 50 52 26 26 38 37 25 36 24 29 0 0 -116 -128 -1
118 110 119 118 117 119 119 111 119 118 118 116 118 113 114 117 119 113 119 119 117 120 118 113 114 105 110 108 110 101 100 88 88 93 90 104 99 106 94 84 37 0 -40 -1 -1 -1 -44 15 71 93 100 97 101 93 90 90 89 81 81 88 82 88 94 90 53 84 77 78 76 67 67 65 61 12 0 -63 -86 -86 0 20 58 43 13 13 19 7 72 83 68 71 68 59 62 61 61 56 56 59 61 58 49 48 55 60 62 65 66 60 61 61 58 49 32 32 30 32 33 31 31 32 30 29 29 32 21 0 0 14 0 29 35 39 38 39 39 41 38 38 39 38 37 37 37 37 38 39 37 37 38 30 20 39 37 38 38 38 38 39 36 32 32 26 0 0 71 -1 -1 -1 -1 -1 -1 -1 -1 -1 -1 -1 -1 -1 -1 -1 -1 -1 -1 -1 -1 -4 -4 -6 -7 -8 -4 -4 -6 -4 -4 -4 -7 -6 -6 -3 -4 -4 -3 -1 -1 -1 -1 -1 -1 -1 -1 -1 -1 -1 -1 -1 -1 -1 -4 -3 -3 -4 -3 -3 -3 -2 -3 -2 -1 -4 -3 -1 -1 -1 -1 -1 -17 -17 -11 -4 -1 -1 -1 -4 -2 -9 -2 -3 -4 -6 -6 -9 -2 -2 -1 -1 73 0 38 44 38 47 47 52 52 58 61 67 70 58 72 76 84 82 74 74 85 90 84 84 87 89 84 95 100 97 105 91 91 90 93 91 97 107 108 107 105 105 107 105 110 110 105 104 105 107 108 112 107 112 111 112 112 113 113 116 119 118 106 101 120 119 117 110 119 110 110 107 100 82 0 0 31 100 105 108 117 117 101 101 111 100 82 0 24 79 78 0 -98 -46 -36 0 0 106 113 94 116 108 110 119 89 119 118 116 110 110 119 113 104 97 74 -63 -122 0 100 116 118 118 118 119 116 116 113 114 117 119 97 108 120 118 118 119 106 120 105 119 120 122 116 118 118 117 118 118 118 110 120 119 88 113 91 89 96 102 73 45 45 73 55 96 82 85 64 85 87 66 67 62 56 56 66 61 54 31 37 35 3 13 12 0 0 -12 -12 -23 -1 -1 -16 -13 -22 -34 -20 -13 -25 -55 -55 -25 -3 -1 -1 -1 0 16 99 107 101 79 62 62 36 50 58 67 54 43 58 68 64 59 45 53 53 45 66 66 45 12 35 62 81 70 32 44 56 56 64 55 36 52 54 30 39 39 31 44 33 33 33 0 0 -117 -128 -68
118 118 110 119 118 117 119 111 119 118 118 116 118 118 113 114 117 119 113 119 117 120 118 113 114 105 105 110 108 110 101 100 88 93 90 104 99 106 94 94 84 37 0 -40 -1 -1 -44 15 71 93 100 97 97 101 93 90 90 89 81 88 82 88 94 90 53 53 84 77 78 76 67 65 61 12 0 -63 -86 -86 -86 0 20 58 43 13 19 7 72 83 68 71 71 68 59 62 61 61 56 59 61 58 49 48 55 55 60 62 65 66 60 61 58 49 32 32 30 32 32 33 31 31 32 30 29 32 21 0 0 14 0 0 29 35 39 38 39 41 38 38 39 38 37 37 37 37 37 38 39 37 38 30 20 39 37 38 38 38 38 38 39 36 32 26 0 0 71 -1 -1 -1 -1 -1 -1 -1 -1 -1 -1 -1 -1 -1 -1 -1 -1 -1 -1 -1 -1 -1 -4 -6 -7 -8 -4 -4 -6 -6 -4 -4 -4 -7 -6 -3 -4 -4 -3 -1 -1 -1 -1 -1 -1 -1 -1 -1 -1 -1 -1 -1 -1 -1 -1 -4 -3 -3 -4 -3 -3 -2 -3 -2 -1 -4 -3 -3 -1 -1 -1 -1 -1 -17 -11 -4 -1 -1 -1 -4 -4 -2 -9 -2 -3 -4 -6 -9 -2 -2 -1 -1 73 73 0 38 44 38 47 52 52 58 61 67 70 70 58 72 76 84 82 74 85 90 84 84 87 89 89 84 95 100 97 105 91 90 93 91 97 107 108 108 107 105 105 107 105 110 105 104 105 107 108 112 112 107 112 111 112 112 113 116 119 118 106 101 120 120 119 117 110 119 110 107 100 82 0 0 31 31 100 105 108 117 117 101 111 100 82 0 24 79 79 78 0 -98 -46 -36 0 106 113 94 116 108 110 110 119 89 119 118 116 110 119 113 104 97 74 -63 -63 -122 0 100 116 118 118 119 116 116 113 114 117 117 119 97 108 120 118 119 106 120 105 119 120 120 122 116 118 118 117 118 118 110 120 119 88 113 113 91 89 96 102 73 45 73 55 96 82 85 64 64 85 87 66 67 62 56 66 61 54 31 37 35 35 3 13 12 0 0 -12 -23 -1 -1 -16 -13 -22 -22 -34 -20 -13 -25 -55 -25 -3 -1 -1 -1 0 0 16 99 107 101 79 62 36 50 58 67 54 43 43 58 68 64 59 45 53 45 66 66 45 12 35 35 62 81 70 32 44 56 64 55 36 52 54 30 30 39 39 31 44 33 33 0 0 -117 -128 -68
110 117 119 118 117 113 113 119 118 114 114 107 112 116 119 118 116 114 118 118 118 118 113 110 102 111 106 104 111 100 94 93 93 100 101 95 93 89 93 91 88 74 -46 -1 -1 -1 -115 -37 0 89 97 95 93 90 97 95 87 90 90 87 84 87 90 87 50 81 74 81 70 61 61 56 18 -128 -54 -59 8 56 68 60 48 0 -1 -1 20 59 73 81 77 77 62 64 66 66 65 64 64 61 60 52 54 53 58 61 61 65 59 53 52 52 65 44 32 30 30 32 30 30 31 30 29 37 37 33 35 35 33 31 33 37 38 37 38 39 39 39 38 38 36 36 36 36 37 37 37 38 39 39 38 37 12 38 39 39 39 39 39 37 37 38 38 35 31 0 0 13 67 -1 -1 -1 -1 -1 -1 -1 -1 -1 -1 -1 -1 -1 -1 -1 -1 -1 -1 -1 -1 -7 -6 -4 -3 -4 -7 -4 -3 -3 -3 -3 -3 -4 -7 -7 -3 -1 -1 -1 -1 -1 -1 -1 -1 -1 -1 -1 -1 -1 -1 -1 -1 -1 -1 -1 -1 -1 -1 -1 -1 -1 -1 -1 -4 -1 -1 -1 -2 -1 -1 -1 -34 -1 -1 -3 -1 -16 -14 -14 -7 -4 -6 -9 -9 -3 -2 -2 -1 -1 0 39 31 42 39 38 38 53 56 56 61 65 64 64 74 78 83 85 85 85 85 87 83 87 89 90 88 95 82 102 96 84 84 93 106 101 102 108 112 105 104 105 106 102 102 102 96 107 111 113 107 108 110 112 113 112 114 114 114 117 119 118 113 106 119 118 118 111 118 117 117 117 113 104 101 44 0 0 0 100 111 117 104 104 117 104 43 0 97 97 105 96 26 25 18 48 48 111 116 104 117 118 119 117 111 117 118 119 97 97 117 114 111 110 100 45 0 0 105 118 119 118 118 119 110 119 105 116 114 100 87 111 124 111 111 119 113 119 107 119 122 122 120 119 114 107 118 118 113 91 114 119 78 112 94 104 97 85 68 84 84 99 52 83 84 67 42 87 66 61 53 49 50 50 59 47 49 36 38 33 24 0 10 0 59 -14 -14 -20 -1 -1 -9 -17 -32 -30 -13 -34 -51 -7 -7 -2 -3 -1 -1 -1 -65 39 96 95 97 66 54 54 16 42 59 25 0 10 55 95 88 66 50 53 53 35 48 55 41 18 42 52 64 58 32 53 64 64 71 55 48 70 65 43 49 48 31 43 53 21 21 15 0 0 0 -69
118 118 118 118 119 119 119 119 118 113 111 110 108 108 117 118 114 117 119 118 112 119 111 105 108 107 107 104 107 97 102 93 95 97 95 95 88 91 94 94 91 91 76 21 -1 -61 -98 19 31 90 100 95 95 95 91 94 96 90 88 84 77 81 83 83 47 47 77 76 77 60 32 10 -89 -60 -46 -46 20 20 73 73 61 18 19 0 24 67 77 78 74 67 67 68 71 67 68 64 64 61 61 55 59 56 61 61 62 62 67 55 52 54 45 37 33 30 32 33 33 30 30 26 36 36 37 37 35 38 38 37 36 36 38 37 36 38 38 36 37 35 35 35 35 35 35 35 36 36 36 36 37 37 9 38 37 37 37 36 37 39 36 36 37 36 36 33 33 15 0 0 0 -1 -1 -1 -1 -1 -1 -1 -1 -1 -1 -1 -1 -1 -1 -1 -1 -1 -1 -6 -3 -3 -3 -4 -4 -4 -4 -3 -3 -3 -3 -3 -7 -9 -6 -1 -1 -1 -1 -1 -1 -3 -1 -1 -1 -1 -1 -1 -1 -1 -1 -1 -1 -1 -1 -1 -1 -1 -1 -1 -7 -3 -6 -6 -1 -1 -1 -1 -1 -1 -49 -2 -1 -1 -18 -12 -12 -9 -3 -4 -4 -6 -11 -3 -3 -1 -1 2 0 0 44 47 49 49 52 58 58 60 52 54 56 56 61 74 85 85 87 87 85 83 85 90 88 88 88 82 95 81 85 88 101 99 100 99 100 110 100 100 107 107 104 107 96 95 104 111 114 100 106 110 110 111 112 112 111 114 112 117 118 114 112 97 107 107 106 105 108 108 113 111 107 95 100 97 53 53 33 0 59 108 113 117 118 111 94 48 108 114 114 116 111 87 31 90 95 113 112 104 116 117 113 113 101 95 111 114 119 99 114 114 119 119 113 106 106 93 47 111 120 118 116 122 102 113 107 116 107 107 100 94 112 119 117 112 114 117 101 112 123 123 110 120 119 99 117 116 108 104 113 104 82 89 89 96 104 79 67 68 100 71 81 79 87 73 59 59 77 43 56 32 39 50 47 38 48 31 33 32 32 24 4 0 0 -84 -14 -14 -3 -1 -23 -31 -26 -26 -21 -50 -37 -13 -3 -3 -1 -1 -1 -1 -1 -1 7 48 82 100 88 49 14 41 45 21 19 32 32 87 105 101 72 50 78 35 44 50 42 48 49 49 49 54 43 27 55 59 66 49 48 61 52 42 42 59 60 45 38 59 65 20 18 12 0 0
111 118 120 118 118 118 118 108 110 112 112 112 118 114 114 117 118 116 116 116 120 110 102 114 110 107 104 95 104 100 90 99 99 100 94 100 89 88 44 81 81 70 -45 -1 -105 -105 -94 76 90 99 96 97 96 91 88 89 85 85 85 84 77 82 85 74 45 81 78 68 52 22 22 -40 -128 -84 -84 19 67 81 68 66 26 3 16 16 66 74 83 70 68 68 72 70 62 60 61 62 62 60 55 59 61 64 60 61 56 53 56 55 45 45 37 38 35 33 35 32 30 29 36 37 36 36 36 35 37 35 37 37 37 37 37 39 37 38 38 37 37 37 36 36 36 35 35 37 37 37 37 37 37 38 7 37 37 37 37 37 37 37 37 38 38 36 35 35 38 33 29 0 20 67 -1 -1 -1 -1 -1 -1 -1 -1 -1 -1 -1 -1 -1 -1 -1 -1 -1 -1 -3 -4 -6 -3 -3 -3 -4 -3 -3 -2 -2 -1 -4 -2 -2 -2 -1 -1 -1 -1 -1 -1 -1 -1 -1 -1 -1 -1 -1 -1 -1 -1 -1 -1 -1 -1 -1 -1 -1 -4 -2 -3 -1 -1 -1 -1 -8 -1 -4 -4 -42 -1 -1 -6 -16 -7 -3 -3 -8 -3 -4 -6 -6 -2 -1 -1 2 0 36 39 50 54 58 54 54 54 58 61 47 52 59 65 68 83 85 88 90 90 87 93 95 89 89 81 72 87 76 90 99 90 90 90 97 99 99 100 89 105 102 105 106 95 95 95 102 110 96 100 114 116 116 118 117 116 114 111 111 117 118 112 91 88 0 73 79 89 93 99 99 95 82 -94 0 97 87 82 106 113 114 116 111 111 117 116 110 107 111 117 111 90 112 110 111 102 102 112 106 102 105 113 114 89 104 120 117 114 104 104 108 118 119 117 116 113 102 112 117 118 119 116 116 118 85 114 100 114 112 108 101 112 118 119 119 118 116 118 97 107 113 107 119 119 102 117 116 116 116 119 101 95 88 102 100 93 81 84 90 70 70 66 79 56 52 54 76 41 33 36 41 48 42 42 42 37 35 35 43 25 22 10 0 0 -122 -11 -11 -13 -7 -7 -23 -28 -27 -55 -25 -13 -14 -3 -3 -3 -3 -1 -1 -1 -1 0 0 7 31 108 54 54 15 38 39 24 0 26 88 114 84 70 55 65 65 39 50 58 55 64 65 53 48 39 41 55 58 58 70 60 50 58 54 52 59 59 54 41 56 55 55 30 15 8 0 -112
111 111 118 120 118 118 118 108 110 112 112 112 118 118 114 114 117 118 116 116 120 110 102 114 110 107 107 104 95 104 100 90 99 100 94 100 89 88 44 44 81 81 70 -45 -1 -105 -94 76 90 99 96 97 97 96 91 88 89 85 85 84 77 82 85 74 45 45 81 78 68 52 22 -40 -128 -84 -84 19 67 67 81 68 66 26 3 16 66 74 83 70 68 68 68 72 70 62 60 61 62 60 55 59 61 64 60 60 61 56 53 56 55 45 37 38 35 33 35 32 32 30 29 36 37 36 36 35 37 35 37 37 37 37 37 37 39 37 38 37 37 37 36 36 36 36 35 35 37 37 37 37 37 38 7 37 37 37 37 37 37 37 37 37 38 36 35 35 38 33 29 29 0 20 67 -1 -1 -1 -1 -1 -1 -1 -1 -1 -1 -1 -1 -1 -1 -1 -1 -1 -3 -4 -6 -3 -3 -3 -3 -4 -3 -3 -2 -1 -4 -2 -2 -2 -1 -1 -1 -1 -1 -1 -1 -1 -1 -1 -1 -1 -1 -1 -1 -1 -1 -1 -1 -1 -1 -1 -1 -4 -2 -3 -1 -1 -1 -1 -1 -8 -1 -4 -42 -1 -1 -6 -16 -7 -7 -3 -3 -8 -3 -4 -6 -2 -1 -1 2 0 36 36 39 50 54 58 54 54 58 61 47 52 59 59 65 68 83 85 88 90 87 93 95 89 89 81 81 72 87 76 90 99 90 90 97 99 99 100 89 89 105 102 105 106 95 95 102 110 96 100 114 116 116 116 118 117 116 114 111 117 118 112 91 88 0 0 73 79 89 93 99 95 82 -94 0 97 87 87 82 106 113 114 116 111 117 116 110 107 111 117 117 111 90 112 110 111 102 112 106 102 105 113 114 114 89 104 120 117 114 104 108 118 119 117 116 113 113 102 112 117 118 119 116 118 85 114 100 114 112 112 108 101 112 118 119 118 116 118 97 107 113 113 107 119 119 102 117 116 116 119 101 95 88 102 102 100 93 81 84 90 70 66 79 56 52 54 76 76 41 33 36 41 48 42 42 37 35 35 43 25 25 22 10 0 0 -122 -11 -13 -7 -7 -23 -28 -27 -27 -55 -25 -13 -14 -3 -3 -3 -1 -1 -1 -1 -1 0 0 7 31 108 54 15 38 39 24 0 26 26 88 114 84 70 55 65 39 50 58 55 64 65 65 53 48 39 41 55 58 70 60 50 58 54 52 52 59 59 54 41 56 55 30 15 8 0 -112
111 118 119 119 118 118 118 108 110 112 112 112 118 114 116 117 118 116 117 117 119 110 102 114 110 105 102 96 104 100 90 99 99 100 94 99 85 25 0 68 24 18 -89 -42 -53 -53 0 84 99 102 96 99 96 91 88 89 85 85 85 84 77 82 84 76 45 78 68 56 18 -39 -39 -1 -47 -55 0 31 76 83 71 68 65 64 67 67 73 77 84 70 67 68 72 66 62 60 61 61 61 59 55 59 61 64 61 59 55 53 54 55 45 45 35 38 35 33 36 32 30 29 36 37 36 37 37 35 36 35 37 37 38 37 38 38 37 38 38 37 38 38 37 36 36 35 36 37 37 37 37 37 37 38 9 37 37 37 37 37 37 38 37 38 38 38 38 36 39 36 33 29 0 13 -1 -1 -1 -1 -1 -1 -1 -1 -1 -1 -1 -1 -1 -1 -1 -1 -1 -1 -4 -3 -3 -2 -2 -2 -3 -2 -2 -3 -3 -1 -3 -3 -3 -3 -1 -1 -1 -1 -1 -1 -1 -1 -1 -1 -1 -1 -1 -1 -1 -1 -1 -1 -1 -1 -1 -1 -1 -4 -4 -4 -1 -1 -1 -1 -8 -1 -3 -3 -22 -23 -1 -6 -16 -7 -3 -4 -8 -2 -6 -6 -6 -3 -1 68 2 32 39 43 53 55 59 54 54 55 60 61 47 53 59 65 66 82 84 88 90 90 87 93 93 89 90 81 72 87 76 90 99 90 90 89 97 99 99 100 89 105 102 105 106 94 93 93 97 99 85 95 111 116 116 119 118 117 111 104 104 105 106 101 0 0 0 0 0 0 0 74 74 0 0 -128 -128 102 116 74 116 117 116 117 111 111 116 117 118 117 112 116 111 94 118 118 118 108 108 113 106 104 105 113 114 89 104 120 117 114 101 101 108 117 119 117 117 117 111 118 119 119 119 116 116 117 85 113 100 116 112 110 101 112 118 118 118 118 117 118 97 107 113 107 118 119 100 117 116 116 116 119 101 95 88 105 101 94 81 88 90 70 70 66 81 56 49 52 73 39 30 32 37 45 38 38 41 35 32 30 39 20 15 0 0 -116 -3 -12 -12 -13 -8 -6 -23 -59 -47 -16 -13 -13 -14 -3 -3 -2 -2 -1 -1 -1 -1 0 0 44 60 106 54 54 15 37 38 0 4 67 91 117 87 67 48 58 58 38 52 59 55 66 67 54 48 39 41 55 59 59 71 61 50 60 54 52 61 61 56 41 59 55 55 29 0 0 0 -111
116 116 119 118 117 119 114 100 116 111 114 117 117 117 118 113 113 114 119 118 113 114 120 117 107 105 105 102 102 107 105 97 96 97 97 90 77 35 0 0 52 -107 -46 -35 -86 0 37 91 102 97 101 102 102 95 93 90 84 84 83 82 81 79 73 73 44 44 67 10 0 -86 -84 0 7 59 70 81 85 85 82 72 78 76 76 78 82 82 78 72 73 72 72 64 70 65 61 58 58 59 53 56 58 54 49 49 53 47 48 49 48 38 35 32 39 38 35 27 27 29 37 38 37 35 36 33 33 36 38 38 37 37 38 41 39 36 37 36 36 37 35 35 33 33 32 36 37 36 37 36 37 37 10 36 38 38 38 38 37 36 37 37 37 36 36 36 38 36 37 37 37 33 14 0 -1 -1 -1 -1 -1 -1 -1 -1 -1 -1 -1 -1 -1 -1 -1 -1 -1 -1 -1 -1 -1 -1 -1 -1 -2 -1 -1 -1 -1 -1 -1 -1 -1 -1 -1 -1 -1 -1 -1 -1 -1 -1 -1 -1 -1 -1 -1 -1 -1 -1 -1 -1 -1 -1 -1 -1 -3 -2 -1 -1 -1 -3 -1 -1 -4 -8 -1 -39 -17 -11 -4 -3 -3 -3 -3 -9 -3 -3 -3 -1 33 0 0 32 38 38 49 55 56 59 56 54 61 59 66 66 67 67 70 59 71 74 88 83 85 93 82 79 68 70 70 81 93 83 93 93 81 87 95 102 102 94 94 94 100 96 101 104 85 89 88 84 72 88 102 102 102 107 118 119 107 101 87 78 73 0 0 95 101 101 104 101 41 -128 -128 0 97 89 12 110 117 117 95 93 114 114 114 113 117 114 117 116 113 112 112 116 93 107 119 112 107 116 105 104 113 112 117 117 108 118 116 101 112 117 101 119 119 117 117 116 116 108 119 120 119 116 116 112 89 108 106 116 117 117 100 112 119 117 118 113 107 110 112 100 111 111 112 113 114 120 118 117 118 117 83 118 110 114 114 117 108 104 83 83 77 83 84 68 50 52 79 79 31 33 39 32 45 29 30 29 20 33 25 8 8 0 0 -82 -68 -39 -6 -12 -14 -32 -67 -36 -13 -13 -13 -13 -13 -2 -3 -3 -1 -1 -1 -1 -1 -1 8 30 55 42 85 39 14 37 33 0 18 90 90 105 116 87 48 30 7 49 65 68 66 71 65 65 66 49 45 56 64 71 76 66 61 66 53 60 60 65 59 59 39 54 55 0 0 0 0 0
116 118 111 120 120 105 105 116 107 110 119 114 118 118 112 114 117 118 118 118 112 119 114 113 102 108 97 106 104 100 105 100 100 94 101 89 67 19 0 -107 -96 -39 -39 18 72 72 85 90 94 100 100 96 94 97 96 94 81 82 82 79 71 76 73 77 47 61 8 0 0 3 3 13 55 77 76 81 73 71 81 83 83 82 84 84 83 65 71 72 68 71 71 66 65 61 61 62 62 60 58 56 50 53 43 44 37 37 41 36 33 33 35 35 37 30 27 26 37 35 36 35 32 35 35 32 35 36 41 37 37 38 38 37 37 38 38 36 36 35 36 33 33 37 39 39 36 36 36 36 35 36 16 29 38 37 38 36 36 37 35 36 36 37 33 35 36 36 39 37 37 32 0 0 -1 -1 -1 -1 -1 -1 -1 -1 -1 -1 -1 -1 -1 -1 -1 -1 -1 -1 -1 -1 -1 -1 -1 -1 -1 -1 -1 -1 -1 -1 -1 -1 -1 -1 -1 -1 -1 -1 -1 -1 -1 -1 -1 -1 -1 -1 -1 -1 -1 -1 -1 -1 -1 -1 -1 -1 -1 -1 -1 -1 -1 -1 -1 -1 -1 -1 -1 -35 -18 -3 -3 -3 -4 -6 -3 -3 -2 -1 -1 1 0 16 18 25 35 49 52 56 59 60 60 55 59 60 66 74 82 83 82 61 68 72 84 84 85 79 68 61 67 78 85 93 79 84 97 89 89 97 100 100 96 91 90 95 97 104 89 84 81 81 0 0 0 72 0 89 94 104 104 83 81 0 0 0 -54 -128 39 99 111 117 110 97 -108 -81 -81 83 101 102 104 114 118 113 72 107 112 114 105 105 104 113 113 117 116 106 104 94 100 118 112 110 110 112 113 106 114 114 110 114 113 100 95 116 117 117 87 123 119 116 116 113 105 114 122 118 113 116 116 101 101 116 119 117 118 120 119 111 104 118 118 117 110 96 122 94 119 118 96 119 118 118 117 117 107 101 89 124 105 101 118 85 72 91 82 83 83 79 76 66 72 31 62 24 35 39 16 37 30 30 25 26 29 22 15 0 0 -125 -1 -9 -40 -16 -16 -30 -58 -50 -26 -14 -13 -13 -14 -13 -3 -2 -2 -3 -1 -1 -1 -1 -1 22 95 66 89 62 37 37 16 39 31 54 0 77 102 85 76 52 1 0 0 58 64 64 67 74 66 74 48 52 60 66 68 68 71 68 72 64 56 58 65 61 60 47 55 38 38 2 0 65 -81 0
113 113 118 120 112 110 111 120 112 119 118 118 119 119 111 112 114 120 120 117 118 111 108 105 105 104 104 102 105 105 102 105 106 101 95 81 12 -128 -59 -59 -88 -39 -1 -82 33 90 88 90 97 101 94 87 87 94 94 90 85 82 85 79 76 78 83 85 45 45 71 62 30 22 66 62 70 73 78 72 68 68 77 77 81 79 83 82 68 65 64 66 67 67 67 68 64 56 60 60 62 56 50 60 47 44 36 36 26 1 0 31 37 39 38 35 32 29 32 35 35 36 36 35 31 31 32 32 36 38 39 36 37 37 37 37 38 38 41 37 38 37 38 36 42 42 47 52 52 44 42 41 38 39 25 21 36 36 36 36 36 35 35 36 33 35 33 36 38 39 38 38 39 37 33 25 0 0 0 66 -1 -1 -1 -1 -1 -1 -1 -1 -1 -1 -1 -1 -1 -1 -1 -1 -1 -1 -1 -1 -1 -1 -1 -1 -1 -1 -1 -1 -1 -1 -1 -1 -1 -1 -1 -1 -1 -1 -1 -1 -1 -1 -1 -1 -1 -1 -1 -1 -1 -1 -1 -1 -1 -1 -1 -1 -1 -1 -1 -1 -1 -1 -3 -23 -35 -3 -1 -3 -3 -4 -2 -2 -14 -79 0 0 25 0 0 0 0 0 3 0 41 53 53 54 60 65 72 70 70 70 68 64 59 66 68 70 76 61 56 54 68 70 70 62 71 82 89 97 105 93 102 101 84 87 87 87 94 97 97 82 83 0 0 0 72 0 0 0 0 0 0 0 0 0 0 0 -114 -70 0 90 110 110 119 110 110 101 95 96 100 106 110 116 118 118 114 96 90 113 111 94 101 116 114 117 107 107 107 104 110 99 119 113 116 113 112 105 114 116 102 102 111 108 96 108 107 117 89 122 116 106 117 114 114 107 111 120 117 110 100 101 116 118 117 112 114 114 110 110 89 95 117 116 106 94 110 87 120 120 113 97 123 118 99 84 118 84 105 122 93 93 93 97 67 61 78 82 90 83 61 73 54 31 43 43 45 41 33 16 32 26 19 21 22 16 0 0 0 -1 -1 -4 -11 -27 -86 -30 -20 -30 -20 -13 -13 -13 -13 -14 -13 -3 -2 -2 -1 -1 -1 -1 -1 -1 26 89 54 0 26 30 33 45 48 16 42 79 79 83 66 47 9 10 36 70 74 71 81 87 71 71 72 48 61 64 62 68 66 54 58 70 56 48 48 55 64 54 50 53 62 18 0 -7 -128 -110
113 118 120 112 110 111 111 120 112 119 118 118 119 111 112 114 120 120 117 117 118 111 108 105 105 104 102 105 105 102 105 106 106 101 95 81 12 -128 -59 -88 -39 -1 -82 33 90 90 88 90 97 101 94 87 94 94 90 85 82 85 85 79 76 78 83 85 45 71 62 30 22 66 66 62 70 73 78 72 68 77 77 81 79 83 82 82 68 65 64 66 67 67 68 64 56 60 60 62 62 56 50 60 47 44 36 26 1 0 31 37 39 39 38 35 32 29 32 35 36 36 35 31 31 32 32 32 36 38 39 36 37 37 37 38 38 41 41 37 38 37 38 36 42 47 52 52 44 42 41 41 38 39 25 21 36 36 36 36 35 35 36 33 33 35 33 36 38 39 38 39 37 33 25 0 0 0 0 66 -1 -1 -1 -1 -1 -1 -1 -1 -1 -1 -1 -1 -1 -1 -1 -1 -1 -1 -1 -1 -1 -1 -1 -1 -1 -1 -1 -1 -1 -1 -1 -1 -1 -1 -1 -1 -1 -1 -1 -1 -1 -1 -1 -1 -1 -1 -1 -1 -1 -1 -1 -1 -1 -1 -1 -1 -1 -1 -1 -1 -1 -1 -3 -23 -35 -3 -1 -3 -4 -2 -2 -14 -79 0 0 0 25 0 0 0 0 3 0 41 53 53 53 54 60 65 72 70 70 68 64 59 66 68 70 70 76 61 56 54 68 70 62 71 82 89 97 105 105 93 102 101 84 87 87 94 97 97 82 83 0 0 0 0 72 0 0 0 0 0 0 0 0 0 0 0 -114 -70 0 90 110 119 110 110 101 95 95 96 100 106 110 116 118 114 96 90 113 111 94 94 101 116 114 117 107 107 104 110 99 119 113 116 116 113 112 105 114 116 102 111 108 96 108 107 117 117 89 122 116 106 117 114 107 111 120 117 110 100 100 101 116 118 117 112 114 110 110 89 95 117 117 116 106 94 110 87 120 113 97 123 118 99 84 84 118 84 105 122 93 93 97 67 61 78 82 90 90 83 61 73 54 31 43 45 41 33 16 32 26 26 19 21 22 16 0 0 -1 -1 -4 -11 -27 -86 -86 -30 -20 -30 -20 -13 -13 -13 -14 -13 -3 -2 -2 -2 -1 -1 -1 -1 -1 26 89 54 0 26 30 30 33 45 48 16 42 79 83 66 47 9 10 36 36 70 74 71 81 87 71 72 48 61 64 62 68 68 66 54 58 70 56 48 55 64 54 50 53 62 62 18 0 -7 -128 -110
114 114 117 119 110 119 119 108 119 120 118 117 118 118 110 117 118 119 117 118 108 110 106 111 106 100 100 106 102 106 106 106 104 105 101 68 -88 -128 -102 -102 -41 -103 0 21 81 85 94 95 95 91 93 89 89 93 87 88 78 84 90 76 74 78 73 62 41 41 77 74 74 70 71 77 82 85 81 81 81 81 85 88 76 79 84 77 71 72 78 70 64 62 62 68 66 60 60 62 60 54 52 49 48 45 38 38 0 43 19 0 29 41 39 35 32 35 36 36 36 35 35 32 30 31 33 35 38 39 37 35 36 36 38 39 41 41 41 39 41 38 41 44 53 53 52 49 53 52 49 48 45 44 37 18 37 38 38 37 37 35 33 36 32 32 33 37 36 36 37 37 37 35 35 30 0 29 0 0 0 0 0 0 0 -1 -1 -1 -1 -1 -1 -1 -1 -1 -1 -1 -1 -1 -1 -1 -1 -1 -1 -1 -1 -1 -1 -1 -1 -1 -1 -1 -1 -1 -1 -1 -1 -1 -1 -1 -1 -1 -1 -1 -1 -1 -1 -1 -1 -1 -1 -1 -1 -1 -1 -1 -1 -1 -1 -1 -1 -1 -16 -2 -44 -1 -8 -3 -3 -1 -1 -108 -98 18 0 27 29 0 0 0 0 0 0 25 42 48 55 52 54 49 48 50 49 49 47 52 56 71 72 72 68 52 60 64 68 67 67 72 79 85 79 72 76 79 83 83 76 84 83 83 90 93 90 70 0 0 72 87 89 77 68 71 71 0 0 73 71 0 87 78 -39 -128 0 100 111 111 118 116 116 106 49 0 33 44 100 105 108 108 107 116 72 112 100 97 116 113 112 99 111 105 105 112 116 108 116 114 117 114 113 114 112 117 110 110 111 117 120 117 104 116 100 119 119 107 116 104 104 116 101 114 111 116 91 104 118 118 117 104 106 106 116 110 74 102 118 118 107 83 112 89 116 116 116 97 122 118 108 78 107 90 114 119 96 87 87 83 67 66 76 83 70 61 47 48 43 32 44 44 38 31 24 20 31 24 20 16 0 0 0 -3 -3 -2 -4 -4 -35 -42 -30 -23 -17 -30 -16 -13 -13 -13 -13 -20 -13 -3 -2 -2 -3 -1 -1 -1 -1 -1 16 31 31 0 0 32 35 65 12 22 53 100 100 93 65 32 0 16 67 77 76 81 82 83 67 67 74 60 58 65 54 62 53 54 52 58 53 41 41 45 56 50 44 44 41 8 0 -1 -120 -119
113 116 118 110 118 120 120 108 117 119 118 117 118 110 118 119 119 117 118 118 108 108 106 110 106 99 106 104 106 106 106 104 104 105 101 71 -91 -128 -46 -65 64 85 77 93 89 89 94 95 95 91 93 89 90 84 87 77 83 89 89 77 72 68 18 12 0 72 76 78 73 73 73 78 82 84 82 81 81 87 88 76 79 84 77 77 70 72 77 70 64 62 68 67 61 60 62 60 60 54 52 48 48 45 37 22 0 70 67 0 8 8 36 35 31 36 36 36 35 35 35 32 35 33 33 35 38 38 36 35 36 38 41 41 41 43 43 42 41 37 43 45 55 53 49 52 53 52 48 48 48 45 44 14 37 38 37 37 35 33 36 35 35 32 33 36 36 36 35 33 35 36 37 33 37 37 35 35 35 38 35 27 0 0 14 30 68 -1 -1 -1 -1 -1 -1 -1 -1 -1 -1 -1 -1 -1 -1 -1 -1 -1 -1 -1 -1 -1 -1 -1 -1 -1 -1 -1 -1 -1 -1 -1 -1 -1 -1 -1 -1 -1 -1 -1 -1 -1 -1 -1 -1 -1 -1 -1 -1 -1 -1 -1 -1 -1 -14 -2 -36 -1 -7 -3 -49 0 0 16 0 31 31 32 33 26 0 31 35 38 37 44 48 55 55 52 53 48 43 42 37 32 37 47 67 72 70 70 68 52 60 64 68 68 74 79 85 79 71 74 74 79 78 78 74 82 81 88 93 87 61 0 76 76 91 97 101 95 90 93 95 99 99 100 100 107 107 96 88 0 96 111 117 119 116 110 90 -87 -87 -128 -128 -92 76 82 90 99 113 88 95 100 97 97 116 114 112 99 112 107 110 113 108 116 114 118 118 114 113 117 116 117 110 111 117 118 114 104 116 116 100 119 117 105 118 106 116 101 117 111 116 91 91 104 116 118 117 106 108 113 110 74 102 118 118 118 108 83 114 89 116 118 97 122 120 111 81 81 110 89 113 119 95 87 83 67 66 76 82 68 68 58 45 45 43 29 44 38 31 24 20 29 21 21 14 0 0 72 -1 -2 -4 -6 -41 -36 -4 -4 -4 -47 -17 -28 -16 -13 -13 -13 -20 -13 -3 -3 -3 -2 -1 -1 -1 -1 -1 -1 -1 0 0 22 36 36 35 60 0 0 53 106 96 62 30 0 54 78 78 81 74 81 79 83 67 76 60 50 58 53 62 62 53 52 52 58 52 38 42 50 45 39 38 33 33 2 0 61 -72 -128
118 118 117 117 120 119 104 111 111 120 119 117 110 110 117 119 119 117 113 112 107 105 114 110 108 107 107 108 108 105 110 107 106 106 95 78 0 -47 24 24 35 88 91 97 96 96 100 97 97 99 99 91 91 84 88 87 68 31 67 60 60 18 0 0 32 32 76 83 70 77 74 83 84 82 84 83 84 84 81 74 77 79 85 72 68 76 79 67 68 68 68 73 72 65 65 60 50 48 48 43 47 45 39 39 2 0 3 3 0 27 31 36 38 37 36 35 35 35 32 32 32 38 37 35 35 39 37 35 36 36 39 41 42 44 42 42 42 44 52 54 42 42 44 45 52 52 52 49 48 48 49 14 41 41 41 38 37 36 37 36 33 33 31 32 36 35 35 35 33 35 36 37 38 39 39 41 38 39 39 35 35 33 33 15 0 0 0 0 0 0 -1 -1 -1 -1 -1 -1 -1 -1 -1 -1 -1 -1 -1 -1 -1 -1 -1 -1 -1 -1 -1 -1 -1 -1 -1 -1 -1 -1 -1 -1 -1 -1 -1 -1 -1 -1 -1 -1 -1 -1 -1 -1 -1 -1 -1 -1 -11 -9 -6 -2 -6 -30 -1 -67 -67 0 6 0 0 29 31 33 33 31 35 38 41 41 42 37 42 42 45 44 42 42 44 0 8 8 0 0 0 47 42 48 44 47 55 66 73 73 73 84 77 67 52 55 62 64 53 8 59 85 94 94 81 66 38 0 67 89 101 107 105 105 102 106 106 108 113 118 114 117 116 108 106 110 112 119 119 119 119 112 106 37 -128 -94 -128 -112 -103 -78 0 0 47 108 108 72 100 110 116 114 106 104 119 107 107 114 114 112 102 116 114 113 117 114 108 94 113 113 110 120 118 112 100 114 105 118 120 118 112 90 90 119 114 107 112 113 107 104 116 116 105 101 113 113 117 117 90 118 108 118 107 78 106 112 83 83 117 108 114 95 93 85 87 89 116 100 91 82 82 85 77 67 58 65 54 33 39 42 29 32 38 38 32 21 18 25 19 15 0 0 -4 -6 -6 -4 -4 -23 -54 -20 -3 -1 -1 -40 -23 -28 -17 -13 -13 -13 -14 -17 -13 -3 -3 -4 -2 -2 -1 -1 -1 -1 -1 -88 71 0 59 7 6 45 0 0 101 101 101 84 62 31 0 77 83 87 82 74 68 59 72 72 61 66 19 21 49 50 43 58 43 56 56 44 44 37 13 8 24 0 20 2 0 0 0 -79
107 118 113 106 107 99 99 108 118 119 118 112 110 112 113 106 106 108 110 110 101 102 111 104 113 112 113 116 114 88 105 112 112 100 90 87 0 73 82 91 91 99 99 99 99 99 90 90 89 100 85 89 88 91 76 53 0 15 15 0 -64 -87 20 26 39 81 67 76 77 81 81 81 83 83 84 79 77 77 76 82 88 68 65 65 61 62 61 65 70 64 70 59 50 56 50 48 48 4 6 0 12 44 45 42 41 39 39 38 38 38 44 45 44 41 39 36 36 33 33 31 37 33 33 35 36 38 37 31 35 37 41 42 43 44 44 48 47 49 50 45 43 47 50 47 47 52 48 48 50 50 45 13 42 43 39 39 39 39 38 36 36 30 29 31 36 36 37 39 39 38 37 37 39 39 37 37 37 39 36 38 36 37 37 37 37 37 37 35 32 0 0 0 -1 -1 -1 -1 -1 -1 -1 -1 -1 -1 -1 -1 71 -1 -1 -1 -1 -1 -1 -1 -1 -86 -83 -1 -70 -102 -69 -70 -72 -1 -1 -1 -1 -1 -1 -1 -1 -1 -1 -1 -1 -1 -1 -12 -6 -6 -3 -3 -1 -32 -1 -81 -108 0 19 33 33 29 29 41 41 37 42 41 33 38 8 12 0 12 12 43 49 52 54 12 0 0 0 0 0 0 0 0 0 10 0 50 56 54 58 67 62 44 56 58 58 24 0 0 26 84 66 64 0 0 77 95 107 107 108 106 104 105 107 111 112 116 112 113 116 116 116 116 114 116 117 119 120 119 117 107 37 -128 -128 -111 -34 -128 -128 -81 -128 73 108 107 83 101 97 97 110 112 102 113 117 113 117 114 114 106 116 117 117 114 97 101 113 94 119 104 119 113 96 104 107 107 108 119 119 118 106 102 120 116 90 118 102 116 116 114 116 105 113 112 117 118 112 114 116 82 82 119 113 84 88 114 77 118 112 96 85 100 94 94 96 101 91 81 64 66 67 54 39 58 36 52 52 43 25 31 33 37 30 22 22 20 19 8 0 0 49 -1 -7 -7 -36 -51 -30 -6 -3 -1 -1 -1 -1 -2 -50 -28 -18 -13 -13 -14 -13 -13 -3 -3 -3 -3 -2 -3 -1 -1 -1 -94 0 0 0 0 0 0 89 78 0 0 99 87 76 42 1 0 78 90 90 84 81 37 4 26 60 39 2 9 13 61 48 48 41 56 43 62 53 59 48 18 0 9 0 24 24 8 0 0 -96 -89
107 107 118 113 106 107 99 108 118 119 118 112 110 110 112 113 106 106 108 110 101 102 111 104 113 112 112 113 116 114 88 105 112 100 90 87 0 73 82 82 91 91 99 99 99 99 90 90 89 100 85 89 89 88 91 76 53 0 15 0 -64 -87 20 26 39 39 81 67 76 77 81 81 83 83 84 79 77 77 77 76 82 88 68 65 61 62 61 65 70 64 64 70 59 50 56 50 48 4 6 0 12 44 45 45 42 41 39 39 38 38 44 45 44 41 39 36 36 36 33 33 31 37 33 35 36 38 37 31 35 35 37 41 42 43 44 48 47 49 50 45 43 43 47 50 47 47 52 48 50 50 45 13 42 43 43 39 39 39 39 38 36 30 29 31 36 36 37 37 39 39 38 37 37 39 37 37 37 39 36 38 38 36 37 37 37 37 37 35 32 0 0 0 -1 -1 -1 -1 -1 -1 -1 -1 -1 -1 -1 -1 71 71 -1 -1 -1 -1 -1 -1 -1 -86 -83 -1 -70 -102 -102 -69 -70 -72 -1 -1 -1 -1 -1 -1 -1 -1 -1 -1 -1 -1 -1 -1 -12 -6 -3 -3 -1 -32 -1 -81 -81 -108 0 19 33 33 29 41 41 37 42 41 33 33 38 8 12 0 12 43 49 52 54 12 0 0 0 0 0 0 0 0 0 10 0 50 56 54 54 58 67 62 44 56 58 24 0 0 26 84 66 66 64 0 0 77 95 107 108 106 104 105 107 111 111 112 116 112 113 116 116 116 114 116 117 119 120 120 119 117 107 37 -128 -111 -34 -128 -128 -81 -128 -128 73 108 107 83 101 97 110 112 102 113 117 113 113 117 114 114 106 116 117 114 97 101 113 94 119 119 104 119 113 96 104 107 108 119 119 118 106 102 102 120 116 90 118 102 116 114 116 105 113 112 117 117 118 112 114 116 82 119 113 84 88 114 77 77 118 112 96 85 100 94 96 101 91 81 64 66 66 67 54 39 58 36 52 43 25 31 33 37 30 30 22 22 20 19 8 0 49 -1 -7 -7 -36 -51 -51 -30 -6 -3 -1 -1 -1 -2 -50 -28 -18 -13 -13 -13 -14 -13 -13 -3 -3 -3 -2 -3 -1 -1 -1 -1 -94 0 0 0 0 0 89 78 0 0 99 87 87 76 42 1 0 78 90 84 81 37 4 26 60 60 39 2 9 13 61 48 41 56 43 62 53 59 59 48 18 0 9 0 24 8 0 0 -96 -89
108 110 104 97 99 104 104 114 108 119 119 105 101 120 104 99 110 110 105 105 102 100 101 111 113 113 112 112 95 105 110 105 105 99 104 85 43 85 96 102 94 95 97 100 93 93 91 99 91 93 79 93 91 84 72 55 15 0 0 -44 -124 -91 21 73 42 77 71 76 82 79 79 82 85 84 79 76 76 81 74 83 88 64 62 62 59 59 61 60 60 58 55 56 52 47 44 32 32 1 9 6 36 44 49 48 44 47 45 47 48 48 48 48 48 44 43 37 37 36 33 31 31 35 35 35 35 37 33 32 37 37 36 41 43 45 45 49 50 47 43 45 44 47 48 47 48 45 47 47 48 47 45 20 47 43 42 41 44 41 41 39 39 30 33 33 36 37 36 38 37 38 38 36 37 37 37 37 36 38 39 39 38 38 38 37 37 41 41 39 37 33 27 0 19 70 -1 -1 -1 -1 -1 -1 -1 -1 -1 0 29 0 0 -128 -128 0 0 0 0 16 0 0 0 0 0 0 0 -1 -1 -1 -1 -1 -1 -1 -1 -1 -1 -1 -1 -1 -1 -9 -4 -4 -3 -3 -1 -32 -1 -1 -128 9 22 31 32 33 33 39 37 39 39 31 38 42 9 8 0 41 41 48 54 54 54 45 41 32 31 30 0 0 -91 -91 -128 0 50 49 55 60 59 50 7 15 44 16 16 0 -92 0 52 45 43 0 41 78 90 105 110 110 96 101 107 108 108 112 110 112 114 116 113 117 117 107 111 118 119 117 119 119 118 106 93 35 35 9 -39 -128 -86 -1 -128 0 97 110 111 67 93 93 110 118 118 119 112 113 113 112 114 100 99 119 119 116 94 101 119 107 122 108 113 105 100 118 106 106 116 118 117 119 118 117 114 116 79 118 117 118 118 114 111 102 120 117 114 114 112 113 112 77 77 111 91 124 94 105 78 112 120 91 96 100 93 93 91 83 95 81 66 62 56 49 45 45 30 50 50 43 21 27 30 29 19 18 20 16 0 0 1 1 -3 -1 -21 -58 -35 -13 -8 -4 -3 -3 -1 -1 -1 -1 -50 -27 -21 -14 -14 -13 -13 -14 -3 -3 -3 -3 -2 -2 -1 -1 -1 -1 0 89 31 56 72 72 94 61 0 0 94 72 68 71 0 55 78 91 91 99 76 0 0 29 53 36 47 44 50 55 33 33 8 54 45 52 32 41 43 0 0 0 0 19 19 6 0 -128 -26 -23
107 107 108 101 89 91 100 114 108 119 119 106 101 101 120 102 97 108 108 105 102 100 104 111 114 114 114 113 112 95 105 108 104 99 104 87 90 94 99 99 102 94 95 97 100 93 91 99 91 90 77 91 91 91 84 76 65 62 21 21 15 8 68 82 44 44 76 72 77 82 79 82 85 83 78 76 76 76 82 76 83 85 62 62 59 59 60 59 61 58 58 54 54 47 7 0 10 -40 0 9 42 48 52 52 49 47 47 47 49 50 50 48 48 44 43 39 39 38 36 33 33 29 32 37 37 37 35 32 37 37 37 36 41 42 45 49 52 47 41 43 44 44 47 47 44 47 43 47 48 43 45 22 47 45 45 42 39 41 43 41 39 30 33 33 36 38 36 36 38 38 38 37 38 38 37 38 38 38 39 39 39 38 38 38 37 37 38 39 38 37 35 33 14 14 0 0 -1 -1 -1 -1 -1 0 0 0 0 0 30 30 0 0 30 36 37 32 0 0 30 31 31 30 27 0 -1 -1 -1 -1 -1 -1 -1 -1 -1 -1 -1 -1 -1 -1 -9 -4 -2 -3 -1 -16 -9 -68 -68 -128 -128 0 27 31 32 39 37 38 39 31 39 39 49 47 42 36 45 49 55 55 58 52 53 53 43 31 0 21 0 -96 -82 15 65 52 53 45 45 1 9 -1 -1 -61 -40 -93 -59 29 16 0 0 0 64 83 89 90 99 108 99 101 106 111 111 112 112 110 112 114 116 113 118 107 111 118 119 118 119 119 119 118 112 110 101 38 0 -101 -84 -37 -128 -128 0 89 106 117 67 93 110 118 116 117 114 116 116 116 114 114 100 99 119 114 93 101 117 106 122 122 108 107 7 82 111 104 114 118 117 119 118 116 116 116 116 79 117 117 118 117 113 101 120 118 117 117 114 111 113 112 79 111 89 122 93 105 78 78 112 117 89 95 100 91 90 83 95 78 65 62 62 53 47 44 43 26 48 39 15 22 24 21 10 10 0 0 0 0 -83 -2 -18 -37 -27 -20 -12 -11 -11 -7 -4 -6 -2 -1 -1 -1 -35 -47 -21 -14 -14 -14 -13 -13 -14 -3 -3 -3 -2 -2 -1 -1 -1 -1 -1 15 102 44 72 82 97 60 0 0 93 71 71 67 74 61 74 84 90 101 77 31 0 73 61 61 42 50 53 58 55 27 0 44 38 44 0 0 0 0 0 0 0 7 20 0 0 -101 -26 -23
101 107 95 48 52 102 102 111 119 119 97 106 118 105 95 108 112 105 104 104 101 111 113 112 117 120 120 116 111 104 91 99 99 100 105 88 94 88 97 104 91 90 95 99 101 101 97 95 87 83 87 95 95 87 79 83 72 70 70 65 19 56 73 81 45 74 73 78 77 70 70 83 81 78 74 73 77 77 74 78 68 60 62 62 56 58 59 62 59 55 50 54 47 9 0 1 1 0 0 10 45 50 52 53 52 49 45 50 52 52 52 52 47 48 43 39 39 37 33 31 33 39 39 38 38 39 36 37 36 37 33 39 43 45 45 42 38 38 38 43 43 42 43 43 43 42 43 43 42 44 47 32 37 44 43 37 39 44 42 35 35 32 36 31 36 35 35 36 37 38 38 37 38 38 38 38 37 38 38 38 39 37 37 37 36 37 37 36 36 37 37 37 31 26 0 0 0 0 0 0 0 24 29 29 30 38 35 30 0 35 39 39 39 38 33 33 37 38 37 32 0 16 -1 -1 -1 -1 -1 -1 -1 -1 -1 -1 -1 -1 -1 -4 -3 -3 -3 -1 -1 -1 -30 -1 -1 -102 0 26 31 33 33 37 31 36 36 37 43 47 50 52 50 45 45 13 44 52 55 58 59 53 0 0 6 -108 -41 -41 -83 18 43 49 52 6 -1 -1 -1 -1 -39 -88 -88 -100 -102 0 0 0 59 82 97 93 26 85 91 91 94 105 111 114 110 112 113 114 114 106 108 119 119 111 116 117 119 119 119 118 116 119 118 111 111 31 67 12 33 30 31 0 44 105 108 96 77 77 119 118 118 116 104 117 111 97 118 94 101 105 105 118 96 96 114 105 112 111 100 0 14 83 96 96 114 120 123 120 122 120 118 116 96 124 114 116 116 118 104 111 117 114 104 118 106 108 105 84 84 106 64 122 117 101 84 104 76 108 110 100 84 84 81 81 87 71 47 53 45 39 41 21 22 31 31 22 6 0 0 0 0 0 -1 -125 -88 -23 -41 -41 -22 -1 -2 -17 -12 -13 -9 -8 -9 -4 -4 -1 -1 -1 -18 -65 -26 -18 -14 -13 -13 -16 -14 -3 -3 -2 -4 -1 -1 -1 -1 -1 12 95 91 78 84 84 106 22 0 62 81 73 77 83 94 89 96 100 100 104 60 12 0 77 66 68 70 64 64 39 4 4 0 2 27 7 0 0 -8 -8 50 0 27 0 0 0 -84 -2 -25 -26
99 99 94 39 1 37 101 113 112 101 104 118 107 107 94 108 111 108 102 106 110 112 113 116 116 120 120 116 104 95 90 87 94 97 90 81 30 37 94 94 102 85 96 94 100 100 88 76 87 90 89 94 94 89 87 88 87 82 78 68 0 7 71 76 42 42 72 79 79 76 79 82 76 72 73 78 76 76 74 76 76 64 60 58 58 60 61 56 58 55 55 54 58 54 47 47 44 44 48 49 53 56 53 53 53 52 49 49 49 50 49 44 50 48 41 38 38 41 32 29 33 38 38 42 43 43 42 43 36 36 35 37 35 33 29 35 36 33 41 39 41 41 41 43 42 43 42 39 42 44 47 33 24 42 42 42 37 41 36 33 32 36 36 29 35 35 35 35 36 38 36 37 36 38 38 38 36 38 35 37 37 37 38 37 37 36 38 37 38 36 37 36 29 29 0 0 26 31 35 35 38 35 36 36 36 36 37 38 37 33 37 38 38 36 35 33 37 38 38 38 33 24 0 -1 -1 -1 -1 -1 -1 -1 -1 -1 -1 -1 -1 -1 -1 -1 -1 -1 -1 -1 -31 -1 -1 -1 -1 0 0 27 41 37 35 37 31 35 37 37 45 49 50 43 0 0 0 39 52 56 65 65 61 49 0 0 -98 -88 -88 6 48 60 18 -100 -100 -1 -59 -50 -86 -112 -116 -93 -98 0 19 72 90 90 95 90 77 30 19 89 102 107 108 110 101 111 111 114 117 106 106 113 117 119 119 118 118 118 118 118 120 114 118 113 116 111 99 106 105 104 101 101 53 55 112 101 108 67 120 118 117 107 87 118 118 106 106 116 88 102 91 107 93 94 117 114 100 100 105 94 35 -40 -128 -89 102 117 117 99 122 116 116 114 111 117 118 118 107 112 96 118 116 111 91 91 119 97 88 111 94 118 113 91 114 101 116 116 88 65 91 116 108 90 61 85 64 50 44 43 43 31 30 32 10 21 0 0 0 0 72 -1 -1 -1 -1 -1 -27 -44 -23 -3 -4 -17 -14 -20 -26 -23 -23 -22 -25 -22 -20 -20 -20 -8 -14 -30 -58 -20 -13 -13 -13 -13 -13 -14 -3 -1 -1 -1 -1 -1 -1 -1 -1 8 82 90 61 77 19 0 64 67 74 85 85 91 93 93 87 99 112 78 67 21 30 82 74 74 81 73 56 41 0 0 0 0 0 0 0 0 0 0 52 1 1 10 0 55 -1 -9 -20 -8
99 94 39 1 37 101 101 113 112 101 104 118 107 94 108 111 108 102 106 106 110 112 113 116 116 120 116 104 95 90 87 94 94 97 90 81 30 37 94 102 85 96 94 100 100 100 88 76 87 90 89 94 89 87 88 87 82 78 78 68 0 7 71 76 42 72 79 79 76 79 79 82 76 72 73 78 76 74 76 76 64 60 58 58 58 60 61 56 58 55 54 58 54 47 47 44 44 44 48 49 53 56 53 53 52 49 49 49 50 50 49 44 50 48 41 38 41 32 29 33 38 38 38 42 43 43 42 43 36 35 37 35 33 29 29 35 36 33 41 39 41 41 43 42 43 42 39 39 42 44 47 33 24 42 42 37 41 36 33 32 32 36 36 29 35 35 35 36 38 36 37 36 38 38 38 38 36 38 35 37 37 38 37 37 36 38 38 37 38 36 37 36 29 0 0 26 31 35 35 35 38 35 36 36 36 37 38 37 33 37 38 38 38 36 35 33 37 38 38 33 24 0 -1 -1 -1 -1 -1 -1 -1 -1 -1 -1 -1 -1 -1 -1 -1 -1 -1 -1 -1 -1 -31 -1 -1 -1 0 0 27 41 41 37 35 37 31 35 37 45 49 50 43 0 0 0 0 39 52 56 65 61 49 0 0 -98 -88 -88 -88 6 48 60 18 -100 -1 -59 -50 -86 -112 -116 -116 -93 -98 0 19 72 90 95 90 77 30 19 89 89 102 107 108 110 101 111 114 117 106 106 113 117 117 119 119 118 118 118 118 120 114 118 113 116 116 111 99 106 105 104 101 53 55 112 101 108 67 67 120 118 117 107 87 118 106 106 116 88 102 91 91 107 93 94 117 114 100 105 94 35 -40 -128 -89 -89 102 117 117 99 122 116 114 111 117 118 118 107 107 112 96 118 116 111 91 119 97 88 111 94 94 118 113 91 114 101 116 88 65 91 116 108 90 90 61 85 64 50 44 43 31 30 32 10 21 0 0 0 0 0 72 -1 -1 -1 -1 -27 -44 -23 -3 -3 -4 -17 -14 -20 -26 -23 -22 -25 -22 -20 -20 -20 -20 -8 -14 -30 -58 -20 -13 -13 -13 -13 -14 -3 -3 -1 -1 -1 -1 -1 -1 -1 8 82 90 61 77 77 19 0 64 67 74 85 91 93 93 87 99 112 112 78 67 21 30 82 74 81 73 56 41 0 0 0 0 0 0 0 0 0 0 52 1 1 10 0 0 55 -1 -9 -20 -8
101 101 87 48 39 88 99 101 90 89 91 107 97 97 108 111 111 106 111 100 106 112 106 113 111 108 108 101 91 101 96 99 99 99 89 81 33 0 96 96 95 89 85 93 82 82 76 72 78 79 90 85 85 87 87 85 88 83 82 72 0 14 66 78 45 45 81 83 78 77 83 73 68 74 74 79 74 74 71 73 64 60 59 61 58 60 60 60 55 53 53 54 59 56 56 59 60 59 58 55 56 53 53 53 52 52 50 49 49 50 44 47 49 43 38 37 37 35 32 37 38 41 47 45 47 43 43 44 41 41 36 35 35 31 36 36 35 29 39 41 42 42 38 42 39 38 37 41 41 43 41 37 13 41 41 38 35 37 33 37 39 39 35 29 35 33 27 27 36 37 35 32 35 36 36 36 35 35 35 36 36 36 37 33 35 35 35 36 36 37 36 33 26 26 0 14 30 36 38 39 37 37 36 39 39 39 37 37 36 37 36 36 37 36 35 35 36 36 36 37 35 26 0 -1 -1 -1 -1 -1 -1 -1 -1 -1 -1 -1 -1 -1 -1 -1 -1 -1 -1 -1 -28 -1 -1 -1 -1 -28 0 25 29 35 35 35 31 39 44 44 45 43 50 44 0 0 0 44 54 60 59 59 58 48 26 -67 -49 -91 -53 0 47 39 0 -3 -3 -73 -128 -128 -106 -86 -64 -114 -102 43 62 84 101 101 85 95 72 32 36 99 106 107 102 107 104 108 108 111 107 105 113 114 114 118 118 118 118 119 118 118 119 102 110 116 119 118 110 118 117 116 116 116 108 111 117 107 113 100 95 119 110 102 100 113 113 112 104 116 89 104 100 102 97 59 105 111 94 94 102 99 50 -78 -79 -128 78 102 88 76 117 114 114 112 114 112 113 95 105 116 112 118 114 114 100 100 114 84 89 113 123 120 119 99 117 72 90 90 118 77 62 90 100 77 50 79 56 35 42 19 19 27 20 10 10 0 0 0 -1 -4 -2 -1 -4 -4 -7 -44 -26 -1 -7 -18 -20 -20 -23 -25 -22 -22 -22 -22 -25 -21 -14 -18 -14 -16 -9 -25 -55 -32 -13 -13 -14 -14 -13 -13 -3 -3 -1 -1 -1 -1 -1 -1 -1 6 100 94 54 61 62 87 87 89 104 95 95 79 87 83 90 105 101 77 71 68 78 83 70 70 82 64 42 26 0 0 0 0 0 0 0 0 0 0 54 2 49 3 0 67 -7 -20 -7 -20
104 93 97 94 97 97 97 88 25 0 0 42 44 104 110 113 106 110 100 100 106 110 104 111 111 107 101 90 99 95 99 99 99 99 89 85 85 45 101 95 89 83 93 82 74 74 26 22 60 67 82 83 87 87 85 87 83 83 83 71 7 13 61 72 42 81 82 77 77 83 83 72 67 74 74 78 74 71 73 61 60 58 62 62 58 60 55 58 54 49 54 59 59 59 61 62 62 59 58 55 55 53 54 52 52 50 49 49 50 50 42 44 49 43 38 37 33 32 38 39 43 48 48 47 48 44 43 45 43 36 36 35 31 36 36 35 33 30 39 39 39 36 42 41 41 39 41 41 41 42 39 38 10 42 38 35 38 33 37 39 39 39 35 29 35 33 27 36 37 35 35 37 37 37 37 38 37 35 35 37 38 37 33 35 35 36 36 37 36 37 39 31 22 0 33 36 38 39 39 42 39 41 39 39 39 39 39 36 37 36 35 35 36 36 36 36 36 36 37 35 27 0 -1 -1 -1 -1 -1 -1 -1 -1 -1 -1 -1 -1 -1 -1 -1 -1 -1 -1 -1 -1 -8 -18 -1 -1 -1 -103 0 0 0 19 24 30 30 39 43 47 43 50 50 41 41 42 48 53 58 62 60 54 38 18 -64 -1 -75 -75 -79 -75 -94 -128 -128 -67 -128 -128 -128 4 58 70 70 53 1 60 71 88 101 85 96 77 83 93 104 104 107 107 102 105 101 106 108 106 105 113 116 114 114 118 120 119 119 119 118 119 102 112 116 119 119 118 110 119 117 117 117 117 116 118 105 113 119 119 82 122 110 102 101 113 112 104 116 89 101 100 100 102 90 0 0 54 87 97 104 114 105 101 91 91 21 99 88 76 114 114 113 114 112 113 95 106 106 116 112 118 114 114 99 116 84 89 113 122 122 119 119 101 117 72 88 116 76 64 88 96 73 73 48 78 54 32 41 18 24 14 0 0 0 -1 -1 -1 -1 -3 -3 -1 -25 -35 -1 -3 -1 -6 -18 -18 -18 -20 -25 -26 -25 -21 -22 -25 -21 -14 -18 -13 -13 -14 -11 -25 -26 -60 -16 -14 -13 -13 -12 -3 -3 -3 -1 -1 -1 -1 -1 -72 0 88 88 49 59 59 66 93 90 91 104 95 82 89 83 90 105 101 101 76 71 74 84 83 70 82 62 33 0 0 0 0 0 0 -128 -115 0 0 0 55 3 13 3 0 0 0 -8 -18 -7 -20
107 107 106 100 101 101 89 0 0 -87 19 36 33 33 104 94 97 110 100 104 108 94 102 108 94 96 96 101 95 106 101 107 106 108 104 94 87 93 100 100 95 96 90 90 76 64 19 0 0 0 27 76 76 78 88 77 83 85 73 54 0 -84 27 18 32 32 76 77 84 73 68 74 73 71 74 78 70 70 71 62 66 59 66 61 56 59 55 56 54 56 56 56 60 61 64 62 62 58 59 56 56 53 53 53 52 50 50 49 49 49 49 47 47 41 41 41 41 35 41 42 44 48 48 47 44 45 48 48 45 45 37 35 36 35 36 41 31 35 35 38 35 35 37 39 39 41 41 39 41 38 38 39 12 39 39 37 37 36 38 39 41 41 36 30 31 29 36 36 36 36 35 33 36 41 39 37 37 36 36 36 36 36 36 32 30 31 35 35 36 36 37 33 24 24 0 35 41 37 37 38 38 37 37 38 38 38 38 37 33 36 36 37 37 36 36 36 37 36 36 36 33 25 0 -1 -1 -1 -1 -1 -1 -1 -1 -1 -1 -1 -1 -1 -1 -1 -1 -1 -1 -1 -1 -34 -34 -1 -1 -1 -1 -70 -114 0 0 22 31 35 38 38 38 42 45 52 52 50 43 42 44 52 48 48 49 0 -128 -69 -68 -73 -94 -115 -128 -70 -58 -60 -60 -50 -128 -110 60 74 83 72 73 74 83 84 88 88 91 99 100 99 105 113 108 104 107 101 101 105 105 110 111 111 117 117 120 118 120 117 113 102 114 114 116 108 114 118 117 112 105 116 114 119 119 119 120 118 117 89 114 116 97 91 114 122 117 114 114 119 110 96 104 105 113 107 100 62 0 44 72 72 58 111 110 102 122 114 99 83 81 73 95 113 113 113 116 116 108 90 96 118 112 114 106 114 105 105 116 93 93 107 118 112 114 82 106 91 82 82 111 91 68 70 82 66 54 70 33 22 24 18 18 16 7 0 66 -4 -3 -2 -3 -1 -2 -40 -37 -37 -1 -2 -6 -16 -20 -17 -28 -27 -18 -21 -21 -20 -20 -21 -14 -16 -13 -14 -13 -13 -16 -20 -21 -31 -49 -49 -20 -13 -13 -13 -3 -3 -1 -1 -1 -1 -13 -13 -86 77 14 64 19 24 16 71 111 94 100 90 90 114 85 81 91 95 79 78 65 71 83 71 74 74 79 55 38 0 0 0 0 0 -128 -128 0 0 0 -89 -1 82 0 0 0 0 -12 -25 -14 -4
116 106 104 110 105 83 83 0 0 29 35 38 90 96 88 105 100 84 100 100 95 96 102 87 83 101 102 106 106 104 107 110 110 106 100 85 95 99 101 82 83 93 89 76 62 62 1 0 -56 24 27 74 85 85 74 84 76 26 26 0 -8 -94 15 0 0 56 76 72 73 67 67 74 74 70 76 77 72 70 71 61 64 64 55 55 58 59 56 52 56 55 60 61 60 61 59 58 58 59 60 59 56 54 50 49 48 53 52 52 50 50 49 49 48 43 44 39 41 44 47 44 45 44 44 44 42 45 45 44 42 35 33 33 35 35 35 33 36 36 35 30 30 33 36 37 38 38 37 37 37 38 36 38 12 38 38 38 38 38 37 39 39 38 33 29 31 33 38 36 35 33 35 36 39 39 38 37 38 38 38 38 37 36 32 30 33 32 32 35 37 37 38 33 32 0 36 38 37 35 35 37 38 38 38 38 38 37 37 36 38 37 38 38 38 37 36 36 36 36 35 32 25 0 -1 -1 -1 -1 -1 -1 -1 -1 -1 -1 -1 -72 -1 -1 -1 -1 -1 -1 -1 -1 -1 -34 -1 -1 -1 -1 -1 -28 -28 -98 -128 0 24 31 37 36 41 48 50 53 53 38 13 0 0 0 -83 -47 -84 -98 -2 -54 -91 -91 -121 -128 -37 1 8 -39 -42 -110 36 67 84 84 84 85 91 90 83 91 95 97 101 102 104 102 101 101 96 94 107 100 106 112 114 112 111 116 112 114 114 117 117 107 104 102 110 119 108 117 120 107 107 111 114 119 120 119 116 117 108 111 93 114 114 114 112 77 114 116 112 102 118 95 90 104 58 102 102 95 107 79 36 37 61 0 97 102 81 107 106 106 77 95 84 88 88 118 123 117 114 96 100 87 87 111 116 107 110 110 101 118 77 89 111 117 117 113 112 83 88 93 95 101 99 81 58 77 59 59 37 48 19 13 8 10 0 0 0 -2 -6 -2 -2 -3 -4 -22 -50 -18 -14 -12 -18 -17 -31 -27 -21 -21 -21 -17 -13 -13 -18 -20 -18 -13 -13 -16 -13 -13 -13 -13 -16 -18 -14 -21 -53 -30 -13 -12 -13 -2 -2 -2 -1 -1 -1 -1 -67 0 0 0 0 0 0 0 39 81 91 90 104 96 107 85 77 84 89 96 96 99 70 72 79 70 73 72 59 10 15 0 0 0 0 0 -86 -91 -4 -21 -18 -2 65 0 9 10 10 0 -8 -32 -13 -14
116 116 106 104 110 105 83 0 0 29 35 38 90 90 96 88 105 100 84 100 95 96 102 87 83 101 101 102 106 106 104 107 110 106 100 85 95 99 101 101 82 83 93 89 76 62 1 0 -56 24 27 74 74 85 85 74 84 76 26 0 -8 -94 15 0 0 0 56 76 72 73 67 74 74 70 76 77 72 72 70 71 61 64 64 55 58 59 56 52 56 55 55 60 61 60 61 59 58 59 60 59 56 54 50 50 49 48 53 52 52 50 49 49 48 43 44 39 39 41 44 47 44 45 44 44 42 45 45 44 42 42 35 33 33 35 35 33 36 36 35 30 30 30 33 36 37 38 38 37 37 38 36 38 12 38 38 38 38 38 38 37 39 38 33 29 31 33 38 38 36 35 33 35 36 39 38 37 38 38 38 38 38 37 36 32 30 33 32 35 37 37 38 33 32 32 0 36 38 37 35 37 38 38 38 38 38 38 37 37 36 38 37 38 38 37 36 36 36 36 36 35 32 25 0 -1 -1 -1 -1 -1 -1 -1 -1 -1 -1 -1 -72 -1 -1 -1 -1 -1 -1 -1 -1 -34 -34 -1 -1 -1 -1 -1 -28 -98 -128 0 24 31 37 37 36 41 48 50 53 38 13 0 0 0 -83 -83 -47 -84 -98 -2 -54 -91 -121 -128 -37 1 8 -39 -39 -42 -110 36 67 84 84 85 91 90 83 91 95 95 97 101 102 104 102 101 96 94 107 100 106 112 112 114 112 111 116 112 114 117 117 107 104 102 110 110 119 108 117 120 107 111 114 119 120 119 116 116 117 108 111 93 114 114 112 77 114 116 112 102 102 118 95 90 104 58 102 95 107 79 36 37 61 61 0 97 102 81 107 106 77 95 84 88 88 118 118 123 117 114 96 100 87 111 116 107 110 110 101 101 118 77 89 111 117 113 112 83 88 93 95 95 101 99 81 58 77 59 37 48 19 13 8 10 10 0 0 0 -2 -6 -2 -3 -4 -22 -50 -18 -14 -14 -12 -18 -17 -31 -27 -21 -21 -17 -13 -13 -18 -20 -20 -18 -13 -13 -16 -13 -13 -13 -16 -18 -14 -21 -53 -53 -30 -13 -12 -13 -2 -2 -1 -1 -1 -1 -67 -67 0 0 0 0 0 0 39 81 91 90 104 96 96 107 85 77 84 89 96 99 70 72 79 70 73 73 72 59 10 15 0 0 0 0 -86 -91 -4 -21 -21 -18 -2 65 0 9 10 0 -8 -32 -13 -14
119 112 106 108 90 88 88 88 87 88 93 95 94 95 101 104 88 101 99 99 110 91 91 41 43 87 97 108 106 108 110 113 113 107 100 94 105 91 83 81 94 95 87 78 64 64 12 21 19 24 67 74 85 76 77 76 71 67 67 53 -128 -89 44 19 0 0 74 76 76 72 72 72 72 68 76 68 72 72 60 54 60 59 62 62 62 55 54 53 55 56 60 59 59 60 59 58 58 58 54 58 52 43 12 1 49 53 53 54 52 52 53 49 47 38 42 43 44 47 43 45 45 45 45 44 45 47 48 47 41 38 35 33 36 35 35 37 35 36 35 35 33 33 36 37 37 36 37 37 36 36 36 39 12 35 41 42 39 38 36 35 35 31 29 27 32 33 37 36 35 33 36 36 36 36 37 38 37 38 38 38 38 35 32 32 30 32 32 35 35 36 37 35 35 33 36 36 35 36 36 37 37 36 37 37 38 35 36 37 37 37 37 37 35 36 35 35 36 36 35 31 26 0 -1 -1 -1 -1 -1 -1 -1 -1 -1 -1 -1 -83 -1 -1 -1 -1 -1 -1 -1 -1 -1 -21 -11 -1 -1 -1 -1 -1 -1 -1 -35 0 12 22 30 26 29 35 33 38 38 13 0 -128 -41 -79 -1 -1 -1 -1 -1 -60 -67 -67 -16 -53 20 42 16 25 19 21 65 72 83 84 84 93 102 99 85 90 97 88 91 97 85 97 87 87 87 89 95 101 106 113 111 106 110 119 119 117 117 114 106 105 108 107 111 113 106 117 114 118 118 119 119 119 117 113 114 113 107 88 100 106 112 112 114 95 96 112 90 106 88 107 94 97 0 43 43 83 105 18 0 0 26 0 90 104 88 107 91 91 77 96 118 100 87 114 120 116 104 97 108 97 97 119 120 120 113 89 125 114 90 96 88 82 82 112 114 84 95 88 87 55 85 49 66 45 39 39 26 22 0 0 0 0 0 0 -8 -6 -1 -12 -12 -35 -53 -30 -7 -9 -12 -25 -27 -21 -22 -18 -13 -13 -13 -13 -13 -13 -13 -14 -13 -13 -13 -13 -13 -13 -13 -14 -17 -17 -14 -20 -25 -55 -16 -13 -13 -2 -2 -2 -1 -1 -1 -1 0 0 0 0 52 0 0 0 85 105 107 104 91 99 105 93 88 85 88 93 93 91 78 61 77 84 70 55 29 0 0 0 -2 -2 0 -79 -1 -9 -30 -35 -14 -2 0 21 25 0 0 0 -11 -28 -13 -13
110 110 104 102 91 93 97 95 100 101 97 99 100 100 102 104 99 105 106 108 108 100 79 35 0 32 32 22 94 100 110 110 100 104 95 99 88 79 82 82 82 91 85 76 78 66 35 37 70 76 82 83 83 83 83 82 79 78 76 73 31 66 67 73 3 3 66 70 81 81 78 73 70 74 72 73 68 68 68 62 58 64 61 60 56 49 54 58 58 59 59 59 59 61 59 58 58 56 55 53 39 0 0 0 36 53 54 56 55 53 53 49 41 44 47 48 48 50 47 44 47 49 49 45 48 52 47 47 38 38 36 36 37 37 36 37 36 37 36 37 37 37 36 37 36 36 36 37 36 36 36 37 19 25 25 37 36 36 32 35 31 30 30 31 35 37 37 37 35 35 33 35 35 36 36 36 37 38 37 37 37 37 35 35 33 32 33 36 35 35 33 35 35 35 35 37 36 35 37 36 36 37 37 37 35 35 33 36 36 37 36 36 37 36 32 35 33 35 35 33 31 25 0 -1 -1 -1 -1 -1 -1 -1 -1 -1 -1 -1 -1 -1 -1 -1 -1 -1 -1 -1 -1 -2 -2 -30 -1 -1 -1 -1 -1 -1 -93 -128 0 10 15 15 10 8 9 0 0 0 0 20 0 -96 -91 -91 -81 -46 -46 -53 -111 -120 -77 -60 36 55 52 56 56 61 71 67 77 82 81 87 78 90 91 88 101 101 84 94 91 91 95 99 97 97 97 105 105 114 114 116 110 118 111 119 117 111 100 105 100 14 14 14 105 111 116 118 119 120 120 118 114 111 112 112 102 100 91 90 110 114 110 111 64 97 87 94 94 106 107 94 43 15 26 65 32 6 0 0 -45 -45 -128 22 87 77 82 82 85 102 116 104 101 94 94 119 113 111 116 85 113 111 120 120 114 94 122 122 120 114 101 83 101 82 56 71 114 79 59 59 61 60 42 43 24 14 12 0 0 0 54 -7 -7 -7 -6 -17 -11 -17 -58 -39 -13 -7 -11 -9 -12 -12 -20 -14 -13 -13 -13 -13 -13 -13 -3 -13 -3 -3 -3 -3 -3 -14 -14 -13 -13 -13 -18 -20 -14 -20 -23 -23 -25 -44 -16 -13 -3 -2 -1 -1 -1 -1 0 0 0 0 -75 -1 0 15 82 106 112 91 99 105 105 110 106 94 91 99 72 68 71 55 66 65 65 65 32 0 0 -36 -12 -2 -4 -6 -1 -2 -128 -67 -67 -2 -1 0 31 29 9 0 -9 -27 -13 -13
111 104 101 91 93 100 100 99 105 106 102 102 100 102 104 100 105 106 105 105 104 96 74 68 16 0 68 85 94 104 106 94 94 96 89 90 79 71 78 82 93 87 76 79 70 70 78 88 79 85 87 85 82 82 82 79 79 81 81 81 81 79 77 82 42 77 72 81 81 78 78 73 70 73 72 73 70 68 60 56 64 62 59 59 58 49 55 58 58 59 59 59 61 59 58 58 58 56 55 52 0 -8 0 42 54 55 56 55 54 54 53 50 41 44 48 52 50 49 48 47 49 49 49 47 50 52 47 44 37 36 36 37 37 36 36 37 36 39 36 37 36 37 37 36 36 36 37 37 36 37 36 36 21 21 37 36 35 32 33 31 31 30 30 31 33 37 37 35 35 33 33 35 36 36 36 36 36 38 37 37 37 35 35 33 32 33 33 36 35 35 33 35 37 36 39 38 37 38 38 37 37 37 37 37 37 35 36 36 37 36 36 36 37 36 32 35 35 36 33 31 25 0 -1 -1 -1 -1 -1 -1 -1 -1 -1 -1 -1 -1 -1 -1 -1 -1 -1 -1 -1 -1 -1 -1 -35 -1 -1 -1 -1 -1 -1 -1 -1 -102 -128 0 0 0 0 0 0 0 0 13 27 29 0 0 -70 -53 -89 -128 0 -115 -98 -98 -128 -84 12 60 60 65 70 79 76 77 82 81 81 87 78 90 91 90 101 84 94 91 91 95 99 99 99 97 97 104 106 114 117 110 119 111 119 117 117 111 100 104 100 52 55 105 110 117 118 119 119 122 120 120 114 111 112 102 101 91 90 107 112 112 97 100 73 79 85 94 106 107 48 0 67 0 0 48 0 0 52 60 -55 -41 7 79 71 79 82 82 83 101 114 104 102 95 117 114 110 114 85 113 113 110 119 120 114 94 123 118 113 101 83 101 101 82 54 68 112 78 55 58 56 35 35 12 3 3 0 0 0 -92 -1 -7 -7 -6 -36 -53 -20 -18 -18 -17 -11 -7 -9 -11 -12 -20 -16 -14 -13 -13 -13 -13 -13 -13 -2 -13 -3 -3 -3 -3 -13 -14 -13 -13 -13 -13 -18 -20 -14 -20 -25 -13 -42 -25 -13 -3 -3 -4 -1 -1 -1 -61 0 0 53 -1 -1 0 67 67 85 106 112 91 100 106 110 106 94 93 101 72 72 67 67 49 59 53 54 21 0 -119 -36 -13 -2 -2 -4 -6 -1 -2 -61 -4 -2 0 33 35 24 3 3 0 -11 -28 -13 -13
104 104 101 100 95 99 100 101 105 99 95 97 104 104 104 102 100 107 107 97 85 88 73 64 4 26 26 0 14 76 99 83 66 82 67 60 19 29 74 74 85 84 78 79 81 84 88 90 93 94 81 84 84 88 88 83 79 85 77 82 85 83 84 81 48 48 73 78 78 78 79 73 77 79 70 70 66 66 62 59 61 56 54 59 52 59 60 60 60 59 59 55 56 58 55 56 58 60 56 49 13 -51 0 0 47 58 55 55 54 54 53 47 45 53 52 52 52 53 48 52 50 48 48 49 47 45 39 38 41 41 42 41 41 37 37 38 38 38 33 33 35 35 35 37 37 41 39 42 39 38 38 35 29 10 10 35 33 32 32 29 30 31 36 36 36 36 35 35 36 36 33 33 33 36 36 35 37 36 36 35 35 35 35 35 32 32 33 36 35 36 36 38 35 35 37 38 37 38 43 39 39 38 38 36 33 33 35 35 37 37 37 36 37 31 32 33 33 33 33 35 32 29 0 -1 -1 -1 -1 -1 -1 -1 -1 -1 -1 -1 -1 -1 -1 -1 -1 -1 -1 -1 -1 -1 -1 -22 -70 -44 -1 -1 -1 -1 -1 -84 0 0 0 0 19 30 33 25 31 39 31 0 0 22 30 30 0 2 3 43 29 -110 -128 -59 0 53 74 66 66 68 76 85 89 83 85 94 90 99 97 95 99 99 83 95 100 102 104 107 105 97 102 102 105 111 111 117 117 116 111 117 117 107 99 108 107 107 112 112 113 117 118 122 118 122 113 117 116 113 111 111 102 107 100 97 113 104 79 74 67 41 99 111 111 120 117 83 47 0 18 -64 0 70 101 79 22 22 -40 -40 14 59 82 113 89 122 111 120 118 95 95 118 120 113 119 82 96 82 119 81 114 87 114 114 122 113 94 89 84 81 74 66 85 52 56 56 52 52 31 0 0 0 0 -1 -1 -2 -3 -9 -9 -35 -54 -35 -9 -4 -13 -8 -8 -16 -16 -14 -14 -14 -14 -13 -2 -2 -2 -3 -3 -3 -3 -1 -3 -2 -2 -3 -3 -3 -3 -3 -3 -4 -22 -22 -17 -20 -23 -23 -18 -16 -51 -16 -3 -2 -1 -1 -1 -1 -102 -102 -17 -4 -1 -1 4 68 73 97 107 112 117 118 118 108 104 90 85 101 73 66 49 53 0 0 0 0 0 -98 -30 -34 -14 -13 -3 -1 -1 -12 -22 -1 -1 0 2 36 29 0 0 -117 -18 -25 -16 -13
104 101 100 95 99 100 100 101 105 99 95 97 104 104 102 100 107 107 97 97 85 88 73 64 4 26 0 14 76 99 83 66 66 82 67 60 19 29 74 85 84 78 79 81 84 84 88 90 93 94 81 84 88 88 83 79 85 77 77 82 85 83 84 81 48 73 78 78 78 79 79 73 77 79 70 70 66 62 59 61 56 54 59 59 52 59 60 60 60 59 55 56 58 55 56 58 58 60 56 49 13 -51 0 47 58 55 55 54 54 54 53 47 45 53 52 52 53 48 52 50 48 48 48 49 47 45 39 38 41 42 41 41 37 37 37 38 38 38 33 33 35 35 37 37 41 39 42 42 39 38 38 35 29 10 35 33 32 32 29 30 30 31 36 36 36 36 35 36 36 33 33 33 36 36 36 35 37 36 36 35 35 35 35 32 32 33 33 36 35 36 36 38 35 37 38 37 38 43 43 39 39 38 38 36 33 35 35 37 37 37 36 36 37 31 32 33 33 33 35 32 29 0 -1 -1 -1 -1 -1 -1 -1 -1 -1 -1 -1 -1 -1 -1 -1 -1 -1 -1 -1 -1 -1 -1 -22 -70 -44 -1 -1 -1 -1 -1 -1 -84 0 0 0 19 30 33 25 31 31 39 31 0 0 22 30 0 2 3 43 29 -110 -110 -128 -59 0 53 74 66 68 76 85 89 83 85 85 94 90 99 97 95 99 83 95 100 102 104 107 107 105 97 102 102 105 111 117 117 116 111 117 117 117 107 99 108 107 107 112 113 117 118 122 118 118 122 113 117 116 113 111 102 107 100 97 113 104 104 79 74 67 41 99 111 120 117 83 47 0 18 18 -64 0 70 101 79 22 -40 -40 14 59 82 113 113 89 122 111 120 118 95 118 120 113 119 82 96 96 82 119 81 114 87 114 122 113 94 89 84 84 81 74 66 85 52 56 52 52 31 0 0 0 0 0 -1 -1 -2 -3 -9 -35 -54 -35 -9 -4 -13 -13 -8 -8 -16 -16 -14 -14 -14 -13 -2 -2 -2 -3 -3 -3 -3 -3 -1 -3 -2 -3 -3 -3 -3 -3 -3 -3 -4 -22 -22 -17 -20 -23 -18 -16 -51 -16 -3 -3 -2 -1 -1 -1 -1 -102 -17 -4 -1 -1 4 68 68 73 97 107 112 117 118 108 104 90 85 101 73 73 66 49 53 0 0 0 0 -98 -30 -34 -14 -13 -13 -3 -1 -1 -12 -22 -1 0 2 36 29 0 0 0 -117 -18 -25 -16 -13
111 111 113 104 100 101 102 102 104 100 99 97 96 96 97 89 90 94 83 36 29 26 22 0 10 54 54 16 32 24 74 49 9 37 27 0 24 31 79 79 91 87 85 83 85 90 85 93 95 83 84 85 85 89 81 79 85 81 82 85 79 78 74 83 45 45 76 78 78 76 77 71 74 71 72 70 71 71 65 62 56 56 58 54 58 60 61 58 60 55 55 56 55 54 53 59 60 55 47 42 36 0 4 4 48 56 58 55 48 55 50 50 54 53 50 50 50 50 52 50 50 45 47 48 47 43 44 43 43 43 44 43 37 35 38 36 36 33 35 33 35 35 35 37 38 39 41 44 42 39 37 35 33 6 6 32 33 32 30 30 35 36 37 36 33 35 35 35 35 35 33 33 33 35 35 35 35 36 36 35 35 33 32 33 31 31 33 35 37 37 37 36 32 32 38 38 39 42 44 38 41 43 39 41 37 37 37 35 37 35 36 32 32 31 33 33 35 35 35 35 35 31 27 0 -1 -1 -1 -1 -1 -1 -1 -1 -1 -1 -1 -1 -1 -1 -1 -1 -1 -1 -1 -1 -1 -1 -20 -1 -1 -1 -1 -1 -1 0 0 8 18 18 31 38 39 39 45 41 1 0 0 37 44 44 48 45 49 53 36 -55 -128 -91 0 54 61 66 66 71 83 89 87 87 83 88 94 104 93 90 89 89 91 102 104 102 104 110 110 97 100 102 107 102 102 108 110 113 117 117 119 102 102 112 116 114 118 118 119 120 122 122 122 116 112 108 113 112 108 108 100 110 101 93 102 33 0 0 0 20 85 113 113 118 91 88 104 56 12 -37 33 106 113 105 0 0 -88 -37 29 32 88 116 104 116 116 117 114 89 89 112 82 119 95 91 72 71 119 76 114 87 91 91 123 110 96 91 77 72 61 87 82 39 44 44 26 22 0 0 50 -3 -1 -1 -1 -1 -16 -45 -45 -27 -3 -3 -2 -6 -78 0 0 0 0 2 0 0 0 0 -74 -69 -6 -82 -102 -83 -1 -4 -1 -1 -1 -4 -2 -1 -3 -8 -8 -12 -25 -21 -20 -21 -21 -21 -21 -14 -23 -41 -13 -2 -3 -1 -1 -1 -1 -1 -1 -1 -2 -1 0 67 89 97 118 117 114 106 106 97 78 74 74 83 58 55 29 0 0 0 0 0 -27 -37 -39 -36 -12 -13 -1 -3 -13 -34 -20 -2 -2 0 24 22 0 0 -94 -6 -13 -16 -21 -13
118 113 102 105 102 102 102 104 104 104 100 101 97 96 100 96 81 32 0 0 -84 -40 -97 -128 -51 19 74 90 93 88 97 91 91 73 19 0 65 71 85 96 93 91 85 90 84 84 74 85 87 88 90 81 73 72 78 82 84 78 78 76 79 79 83 82 45 79 82 81 76 77 77 73 77 73 74 68 73 66 60 56 60 60 55 55 61 58 58 56 52 55 58 59 59 59 64 56 56 42 0 0 0 14 10 54 59 56 48 48 55 55 50 54 55 53 52 49 53 50 49 48 45 47 47 50 48 45 45 44 45 45 42 36 41 39 39 37 36 36 36 35 33 37 38 39 38 37 39 39 37 35 37 37 37 8 33 35 33 35 35 36 36 35 37 38 36 36 37 36 36 36 36 35 35 35 35 33 33 35 36 35 33 35 32 33 35 35 35 36 35 35 35 35 31 37 38 41 39 41 41 44 39 43 42 42 39 41 38 32 30 33 32 32 35 33 35 35 37 33 35 35 33 30 0 0 0 -1 -1 -1 -1 -1 -1 -1 -1 -1 -1 -1 -1 -1 -1 -1 -1 -1 -1 -1 -1 -31 -1 -1 -1 -1 -1 -1 -1 -1 0 0 13 29 37 36 41 42 42 3 0 0 36 41 41 54 58 52 55 42 0 0 -103 -93 0 52 66 81 78 77 82 88 81 81 81 87 89 94 84 93 94 93 99 95 102 107 111 111 104 104 105 102 104 106 108 112 113 119 111 118 118 94 110 117 119 118 120 122 114 117 111 118 118 112 100 116 112 107 102 107 100 110 84 90 24 24 0 -92 -128 -128 12 94 111 88 110 114 87 66 66 30 43 96 116 97 32 0 -86 76 45 100 97 97 105 118 120 119 106 102 95 81 112 104 113 113 113 117 99 76 105 107 77 120 107 89 87 66 66 62 61 56 30 16 0 0 0 0 -8 -6 -2 -2 -7 -4 -13 -36 -14 -1 48 3 3 4 0 31 31 38 39 33 39 37 35 36 29 0 0 0 22 22 0 27 0 0 -1 -1 -1 -1 -1 -6 -12 -11 -11 -13 -22 -22 -21 -22 -21 -21 -16 -13 -41 -23 -23 -3 -1 -4 -4 -1 -1 -1 -1 -1 0 37 70 70 106 117 118 90 108 106 87 71 42 44 26 31 31 0 0 0 0 -7 -27 -17 -23 -37 -23 -12 -2 -2 -1 -1 -79 -16 -3 -1 0 7 2 0 -7 -8 -8 -13 -12 -14 -13 -18
117 117 113 106 105 104 102 104 104 104 100 100 97 97 96 100 96 76 0 -79 -1 -1 -1 -79 -102 0 0 81 97 100 93 101 93 81 61 0 36 22 67 67 83 83 87 84 90 84 74 85 85 85 83 31 31 25 0 38 79 83 78 76 79 79 83 82 47 47 79 82 81 76 77 74 77 73 74 68 72 72 66 60 55 61 60 55 58 52 47 43 1 52 52 55 59 59 61 64 58 13 0 0 21 39 48 48 58 59 56 48 48 56 50 55 55 53 53 49 49 53 50 49 48 45 47 50 47 45 45 45 45 45 47 43 38 39 39 37 37 36 36 35 36 36 37 39 39 38 37 39 37 35 37 37 38 8 8 33 36 32 36 35 37 36 37 37 37 37 38 38 37 36 35 36 35 35 35 33 33 35 35 35 35 33 35 32 33 35 35 36 35 35 35 35 33 33 37 38 41 39 41 44 41 43 42 41 42 42 41 38 32 30 32 32 36 35 35 35 37 36 36 35 35 35 33 0 13 0 -1 -1 -1 -1 -1 -1 -1 -1 -1 -1 -1 -1 -1 -1 -1 -1 -1 -1 -1 -1 -28 -1 -1 -1 -1 -1 -1 -1 -72 0 0 0 29 37 37 41 42 32 33 27 42 44 43 43 55 60 55 58 42 0 -97 -107 0 50 64 79 79 77 76 83 87 79 81 88 89 94 84 93 94 94 93 97 94 102 107 111 106 105 105 104 105 106 106 111 112 112 119 110 118 94 110 117 119 118 119 119 122 114 117 112 118 112 100 113 112 107 102 102 107 100 108 87 90 81 43 52 -60 -110 0 77 77 107 90 111 119 94 77 36 38 90 110 94 68 68 54 -46 -37 48 100 97 105 118 118 118 107 102 102 95 81 112 105 114 112 117 97 76 106 105 73 73 119 106 85 84 59 58 50 42 0 0 0 0 49 60 -9 -7 -6 -2 -28 -47 10 0 0 2 2 20 38 43 45 45 44 48 49 42 49 45 43 43 44 39 31 30 32 36 36 33 30 0 0 -1 -1 -1 -1 -1 -7 -12 -11 -13 -23 -22 -21 -22 -21 -21 -21 -16 -14 -14 -56 -3 -3 -4 -3 -1 -1 -1 -1 -1 -1 2 48 73 110 117 119 89 105 99 99 76 60 30 0 13 0 0 58 -1 -12 -8 -28 -28 -16 -25 -37 -22 -13 -2 -1 -1 -111 -81 -2 -1 -1 0 0 0 14 -8 -8 -13 -11 -13 -14 -18
113 114 113 112 110 108 108 106 105 105 102 100 99 99 99 89 78 30 -37 -37 -1 -1 -39 0 32 42 96 93 94 101 100 101 101 93 78 31 25 16 -100 0 0 36 84 88 88 88 87 87 87 78 29 -82 -41 25 71 76 76 82 82 82 83 83 85 87 52 84 82 81 78 78 78 76 77 71 71 67 68 67 59 64 59 59 55 55 50 4 0 0 0 49 61 68 65 64 62 60 60 56 52 49 53 53 58 62 61 55 55 59 56 56 56 52 52 53 53 52 52 52 48 48 52 53 53 49 48 48 47 47 47 45 45 44 47 43 43 38 39 38 38 37 37 37 41 39 36 35 36 36 37 37 39 39 37 10 35 38 36 39 38 41 41 38 38 39 42 42 43 41 38 38 36 37 36 36 35 35 33 35 36 37 38 36 37 37 36 35 35 36 36 35 35 35 33 37 39 38 38 38 38 44 42 43 44 39 42 43 42 25 31 36 36 36 36 35 35 37 36 36 35 35 36 37 33 30 30 12 9 -1 -1 -1 -1 -1 -1 -1 -1 -1 -1 -1 -1 -1 -1 -1 -1 -1 -1 -16 -7 -1 -1 -1 -1 -1 -1 -1 -67 0 15 27 36 38 39 36 36 38 44 43 45 41 44 52 65 59 59 41 0 0 -128 0 36 56 71 70 54 67 74 70 77 77 77 84 93 85 84 95 96 95 97 99 105 105 102 102 97 108 107 105 106 114 117 106 106 113 106 114 114 99 113 116 116 122 122 118 112 112 90 113 113 114 106 112 105 84 110 116 91 114 84 117 104 104 108 76 73 -128 0 9 105 89 117 110 96 77 77 22 25 33 88 93 81 4 -44 0 53 105 111 111 96 110 114 122 88 118 81 82 120 114 105 117 117 90 119 118 73 56 106 111 87 66 70 65 65 35 16 0 0 64 -13 -8 -8 -4 -6 -32 -46 -46 -28 0 0 33 43 43 37 37 42 53 58 58 58 58 60 58 54 55 50 35 33 31 36 36 36 36 33 29 18 0 0 -1 -1 -1 -1 -12 -16 -13 -13 -16 -26 -26 -23 -25 -22 -18 -16 -14 -13 -39 -39 -32 -13 -3 -1 -3 -1 -1 -4 42 31 56 84 84 112 113 102 61 60 64 0 7 0 0 0 -88 -88 -21 -13 -1 -14 -14 -11 -21 -36 -25 -13 -13 -1 -1 -1 -1 -81 -105 -12 -1 -1 61 -8 -9 -6 -14 -14 -7 -8 -11 -12 -20
113 113 114 113 112 110 108 106 105 105 102 100 99 99 99 99 89 78 30 -37 -1 -1 -39 0 32 42 42 96 93 94 101 100 101 93 78 31 25 16 -100 -100 0 0 36 84 88 88 87 87 87 78 29 -82 -82 -41 25 71 76 76 82 82 83 83 85 87 52 52 84 82 81 78 78 76 77 71 71 67 68 68 67 59 64 59 59 55 50 4 0 0 0 49 49 61 68 65 64 62 60 56 52 49 53 53 58 58 62 61 55 55 59 56 56 52 52 53 53 52 52 52 52 48 48 52 53 49 48 48 47 47 47 47 45 45 44 47 43 38 39 38 38 37 37 37 37 41 39 36 35 36 37 37 39 39 37 10 10 35 38 36 39 38 41 38 38 39 42 42 43 43 41 38 38 36 37 36 35 35 33 35 36 37 37 38 36 37 37 36 35 36 36 35 35 35 33 33 37 39 38 38 38 44 42 43 44 39 42 42 43 42 25 31 36 36 36 35 35 37 36 36 36 35 35 36 37 33 30 12 9 -1 -1 -1 -1 -1 -1 -1 -1 -1 -1 -1 -1 -1 -1 -1 -1 -1 -1 -1 -16 -7 -1 -1 -1 -1 -1 -1 -67 0 15 15 27 36 38 39 36 38 44 43 45 41 44 44 52 65 59 59 41 0 -128 0 36 56 71 70 70 54 67 74 70 77 77 84 93 85 84 95 96 96 95 97 99 105 105 102 97 108 107 105 106 114 114 117 106 106 113 106 114 99 113 116 116 122 122 122 118 112 112 90 113 114 106 112 105 84 110 110 116 91 114 84 117 104 108 76 73 -128 0 9 9 105 89 117 110 96 77 22 25 33 88 93 81 81 4 -44 0 53 105 111 96 110 114 122 88 118 118 81 82 120 114 105 117 90 119 118 73 56 106 106 111 87 66 70 65 35 16 0 0 64 -13 -13 -8 -8 -4 -6 -32 -46 -28 0 0 33 43 43 43 37 37 42 53 58 58 58 60 58 54 55 50 50 35 33 31 36 36 36 33 29 18 0 0 -1 -1 -1 -1 -1 -12 -16 -13 -16 -26 -26 -23 -25 -22 -22 -18 -16 -14 -13 -39 -32 -13 -3 -1 -3 -1 -1 -1 -4 42 31 56 84 112 113 102 61 60 64 64 0 7 0 0 0 -88 -21 -13 -1 -14 -14 -11 -11 -21 -36 -25 -13 -13 -1 -1 -1 -81 -105 -12 -1 -1 -1 61 -8 -9 -6 -14 -7 -8 -11 -12 -20
107 112 114 116 108 107 107 105 106 107 106 102 100 96 97 89 78 32 -1 -1 -1 -1 -46 66 73 81 89 95 105 105 96 100 100 97 90 67 58 0 -40 0 21 77 84 90 88 88 87 84 82 78 26 -88 -42 7 73 77 77 79 79 87 85 84 83 85 52 87 82 77 77 73 73 76 72 68 68 70 70 62 65 61 56 56 50 50 32 0 -64 -128 24 53 61 60 60 56 60 60 60 58 62 64 61 62 64 61 58 52 54 56 55 55 50 53 54 54 52 50 48 48 48 50 52 50 50 52 52 52 52 52 48 48 49 47 45 45 45 44 43 42 44 41 38 42 39 39 39 38 39 39 39 39 39 41 38 21 30 39 42 42 42 41 41 41 38 43 43 45 44 43 42 38 38 38 36 36 36 36 36 35 36 36 36 35 37 37 36 35 35 36 36 35 37 35 32 37 38 38 39 38 38 43 45 45 45 42 44 44 39 29 35 32 33 33 32 32 35 36 32 32 35 36 37 37 37 36 36 29 0 -1 -1 -1 -1 -1 -1 -1 -1 -1 -1 -1 -1 -1 -1 -1 -1 -1 -1 -1 -31 -1 -47 -1 -1 -1 -1 -1 -1 0 0 30 36 39 37 31 31 39 48 47 48 48 49 59 64 65 61 45 0 0 0 0 0 0 52 53 60 65 68 67 73 76 76 77 77 88 85 96 97 91 97 100 106 100 102 102 106 111 96 99 111 118 96 101 99 107 97 107 107 111 116 113 116 122 117 114 114 104 82 113 113 119 111 106 110 87 118 117 101 114 100 117 110 110 117 94 83 0 32 36 101 102 119 107 114 87 87 73 15 0 31 0 24 -86 -103 82 102 97 116 116 85 99 114 118 99 119 84 112 118 93 84 84 84 102 110 116 65 61 35 76 70 25 47 27 27 12 0 37 -12 -9 -8 -17 -16 -36 -56 -25 -3 -3 -75 20 27 30 32 31 29 36 39 47 54 58 58 61 60 60 59 56 52 37 32 27 37 18 22 22 20 14 0 0 -2 -4 -6 -18 -21 -20 -21 -28 -28 -30 -27 -25 -23 -25 -25 -18 -14 -20 -16 -14 -14 -53 -13 -3 -3 -1 -9 -7 -2 13 72 67 95 95 116 119 82 50 21 0 0 0 -13 -2 -9 -12 -12 -28 -3 -3 -17 -7 -28 -34 -26 -13 -12 -12 -1 -1 -1 -1 -1 -92 -128 -68 -86 -1 -4 -1 -2 -13 -13 -3 -4 -9 -4 -11
41 41 91 104 105 106 104 107 108 108 110 108 102 102 102 100 88 81 36 -1 -60 -39 -69 25 25 25 25 33 90 94 94 101 99 84 85 59 73 32 50 50 27 37 76 84 91 84 88 88 90 84 77 27 27 9 72 83 83 83 81 84 87 84 84 84 53 53 82 74 74 74 72 72 67 65 70 65 61 61 65 60 60 55 43 31 0 -128 -128 -128 3 48 48 56 55 58 54 61 62 62 61 64 65 61 58 58 54 41 0 36 56 55 49 54 54 54 50 49 49 42 42 48 53 53 54 54 53 54 54 54 53 53 52 54 52 49 50 48 47 47 47 45 44 44 45 44 45 45 44 44 43 43 43 43 43 33 33 22 43 44 43 42 41 42 38 43 44 45 47 47 43 39 39 41 39 36 33 36 36 35 35 33 33 35 36 37 37 35 37 38 36 36 36 35 31 31 36 37 38 38 38 43 44 38 42 42 44 44 45 47 36 33 33 30 31 32 36 29 26 32 32 35 36 36 36 37 36 31 0 -39 -1 -1 -1 -1 -1 -1 -1 -1 -1 -1 -1 -1 -1 -1 -1 -1 -1 -1 -1 -32 -1 -1 -1 -1 -1 -1 -1 81 0 0 31 33 36 37 38 39 42 48 45 53 59 59 59 64 65 66 48 38 0 0 0 33 61 72 72 62 62 70 65 72 72 77 85 88 93 101 89 89 87 89 97 102 108 112 106 101 91 102 113 111 111 95 94 102 104 100 95 108 114 117 118 117 120 120 113 111 89 90 118 114 89 116 116 93 118 118 113 105 119 96 116 114 111 94 100 104 31 73 73 83 117 119 116 120 96 105 95 59 16 0 -1 -1 -36 -79 95 104 94 114 83 83 96 118 95 108 108 106 118 104 120 102 111 122 73 114 82 72 26 26 56 29 15 0 0 0 -18 -9 -8 -17 -17 -17 -28 -49 -26 -4 -1 -1 -70 0 0 0 0 0 0 0 0 0 25 44 60 61 60 68 58 58 50 50 36 26 12 22 3 0 0 0 -30 -12 -13 -23 -23 -34 -32 -32 -30 -30 -27 -25 -23 -22 -23 -25 -22 -22 -21 -16 -21 -25 -13 -46 -22 -14 -4 -4 -6 -6 -2 -1 19 89 79 81 111 106 68 30 0 0 0 0 -17 -25 -21 -27 -28 -25 -12 -14 -4 -9 -28 -28 -25 -18 -12 -13 -3 -3 -1 -1 -1 -1 -88 -105 -105 -122 -12 -9 -3 -9 -9 -7 -4 -9 -4 -8
-40 25 100 102 107 106 106 107 108 108 110 107 102 102 99 89 83 41 19 19 61 72 32 76 0 0 0 50 93 94 96 91 91 74 38 20 15 78 62 42 41 81 85 94 85 85 89 88 90 89 84 77 78 84 87 84 83 81 81 84 87 84 85 84 53 82 74 74 74 70 70 72 68 65 70 66 61 65 59 60 55 44 0 0 7 -120 -124 13 42 45 48 47 49 6 61 62 62 62 61 64 61 56 49 13 4 12 0 54 55 55 48 55 54 53 43 14 16 12 25 42 47 50 50 53 53 54 54 54 54 53 54 52 52 50 50 50 49 48 50 47 45 47 45 47 47 43 44 44 43 43 43 43 43 41 16 43 43 43 42 42 42 42 38 43 44 45 47 44 39 42 43 39 37 37 35 36 36 33 35 33 35 36 37 37 35 37 37 37 37 36 36 35 31 36 37 39 38 38 38 43 43 38 41 42 44 45 47 36 33 35 30 30 31 33 36 29 26 32 35 36 36 36 37 36 36 32 24 0 -1 -1 -1 -1 -1 -1 -1 -1 -1 -1 -1 -1 -1 -1 -1 -1 -1 -1 -27 -1 -1 -1 -1 -1 -1 -1 -1 -1 0 0 32 36 35 37 37 38 42 45 45 53 60 61 64 66 65 50 50 50 39 32 9 16 55 72 62 62 68 62 72 71 71 77 84 88 93 101 89 87 89 97 102 107 110 110 104 99 91 102 112 111 95 91 102 102 100 94 94 107 114 117 117 117 120 116 112 89 90 118 118 114 89 116 117 93 118 112 104 119 96 116 114 114 111 97 108 116 105 105 66 117 117 116 120 97 97 112 106 70 84 37 18 -128 -92 101 111 96 114 114 83 85 96 118 94 108 106 118 105 119 102 111 111 120 74 113 78 66 18 47 16 0 0 50 50 -14 -13 -8 -9 -32 -51 -36 -9 -3 -3 -1 -1 -1 -1 -1 -1 -1 71 -1 -1 -1 77 0 6 55 55 55 55 60 50 52 43 30 8 0 0 0 9 9 -55 -4 -8 -13 -12 -25 -34 -31 -32 -32 -28 -28 -28 -26 -23 -22 -23 -25 -22 -21 -16 -21 -23 -13 -13 -20 -50 -14 -4 -6 -4 -2 -1 16 90 81 81 81 111 104 64 22 0 0 -49 -17 -25 -22 -27 -30 -30 -25 -13 -14 -4 -9 -30 -25 -20 -12 -13 -3 -3 -3 -1 -1 -1 -1 -93 -4 -12 -11 -9 -3 -8 -9 -9 -7 -6 -9 -4 -7
-58 -58 37 102 111 114 113 112 111 112 112 112 112 112 106 97 95 93 95 91 89 84 42 44 39 88 88 85 87 85 89 94 61 0 0 0 0 25 74 74 83 87 87 91 90 89 87 88 84 85 88 85 85 87 89 91 88 82 82 83 83 81 83 79 50 50 76 73 71 72 70 70 64 64 67 64 66 66 60 55 55 50 48 15 0 32 43 44 41 36 36 0 0 0 15 62 66 67 67 62 52 31 0 0 27 76 19 43 52 53 53 55 54 49 10 21 21 -1 -1 -61 0 0 15 48 53 55 53 55 56 56 55 54 54 54 54 49 52 55 53 52 50 50 50 49 45 47 47 47 47 47 47 45 44 43 43 15 43 42 43 39 41 42 43 44 45 47 45 45 43 42 45 47 47 43 36 33 36 33 30 32 32 35 37 39 38 38 42 39 38 37 35 32 33 33 37 36 37 38 38 41 37 36 39 39 38 38 42 48 30 32 32 32 31 35 32 29 32 32 32 37 37 38 36 35 35 26 0 21 -1 -1 -1 -1 -1 -1 -1 -1 -1 -1 -1 -1 -1 -1 -1 -1 -1 -1 -1 -79 -93 -1 -1 -1 -1 -1 -1 -1 88 88 0 33 36 36 35 33 41 45 47 52 58 58 55 61 62 66 61 56 53 48 13 0 39 61 61 58 59 61 71 76 78 85 84 88 87 96 87 87 85 89 96 101 90 87 82 89 97 100 108 91 91 90 95 100 102 97 104 111 102 113 117 122 120 120 117 108 91 93 107 100 101 119 96 95 119 119 101 116 118 93 118 116 106 106 110 118 108 114 114 79 106 119 107 119 104 118 117 106 107 102 81 81 0 0 99 99 102 105 88 82 97 117 91 119 119 96 119 64 108 84 114 113 70 90 78 31 0 0 14 0 0 -20 -13 -18 -18 -37 -56 -35 -8 -8 -3 -2 -2 -2 -1 -1 -1 -6 -6 -7 -8 -8 -8 -3 -4 -1 84 0 3 0 6 1 0 0 0 0 0 42 -1 -1 -1 -1 -12 -9 -23 -37 -35 -32 -32 -30 -28 -30 -26 -25 -22 -20 -18 -21 -22 -23 -21 -21 -22 -20 -21 -21 -14 -13 -51 -14 -18 -13 -3 -3 -3 -1 25 42 73 102 111 77 45 1 0 -14 -14 -25 -30 -21 -17 -18 -14 -13 -3 -3 -6 -16 -31 -31 -23 -13 -12 -12 -2 -3 -1 -1 -1 -1 -1 -4 -4 -11 -9 -11 -6 -6 -6 -7 -6 -4 -3 -4
-58 37 102 111 114 113 113 112 111 112 112 112 112 106 97 95 93 95 91 91 89 84 42 44 39 88 85 87 85 89 94 61 61 0 0 0 0 25 74 83 87 87 91 90 89 89 87 88 84 85 88 85 87 89 91 88 82 82 82 83 83 81 83 79 50 76 73 71 72 70 70 70 64 64 67 64 66 60 55 55 50 48 15 15 0 32 43 44 41 36 0 0 0 15 62 66 66 67 67 62 52 31 0 27 76 19 43 52 53 53 53 55 54 49 10 21 -1 -1 -61 0 0 15 15 48 53 55 53 55 56 55 54 54 54 54 54 49 52 55 53 52 50 50 49 45 47 47 47 47 47 47 47 45 44 43 15 43 42 43 39 41 41 42 43 44 45 47 45 43 42 45 47 47 43 43 36 33 36 33 30 32 35 37 39 38 38 42 42 39 38 37 35 32 33 37 36 37 38 38 38 41 37 36 39 39 38 42 48 30 32 32 32 32 31 35 32 29 32 32 37 37 38 36 35 35 35 26 0 21 -1 -1 -1 -1 -1 -1 -1 -1 -1 -1 -1 -1 -1 -1 -1 -1 -1 -1 -79 -93 -1 -1 -1 -1 -1 -1 -1 -1 88 0 33 36 36 35 35 33 41 45 47 52 58 55 61 62 66 61 56 56 53 48 13 0 39 61 58 59 61 71 76 78 78 85 84 88 87 96 87 85 89 96 101 90 87 87 82 89 97 100 108 91 90 95 100 102 97 104 104 111 102 113 117 122 120 117 108 91 93 107 107 100 101 119 96 95 119 101 116 118 93 118 116 116 106 106 110 118 108 114 79 106 119 107 119 104 104 118 117 106 107 102 81 0 0 99 99 102 105 105 88 82 97 117 91 119 96 119 64 108 84 114 114 113 70 90 78 31 0 14 0 0 -20 -13 -13 -18 -18 -37 -56 -35 -8 -3 -2 -2 -2 -1 -1 -1 -1 -6 -6 -7 -8 -8 -3 -4 -1 84 0 3 3 0 6 1 0 0 0 0 42 -1 -1 -1 -1 -1 -12 -9 -23 -37 -35 -32 -30 -28 -30 -26 -25 -22 -22 -20 -18 -21 -22 -23 -21 -22 -20 -21 -21 -14 -14 -13 -51 -14 -18 -13 -3 -3 -1 25 42 73 102 102 111 77 45 1 0 -14 -25 -30 -21 -17 -18 -14 -14 -13 -3 -3 -6 -16 -31 -23 -13 -12 -12 -2 -3 -3 -1 -1 -1 -1 -1 -4 -11 -9 -11 -6 -6 -6 -6 -7 -6 -4 -3 -4
35 35 52 107 113 119 117 118 118 118 114 114 114 114 110 105 104 106 105 105 104 100 101 107 112 116 116 102 94 89 88 29 49 0 -50 16 22 67 85 85 88 89 90 90 85 79 79 83 89 88 91 90 90 88 88 85 82 83 85 84 81 81 77 76 43 43 74 78 73 70 70 66 64 66 62 66 65 65 53 59 55 54 55 49 44 45 47 47 0 12 12 0 24 42 53 58 65 62 60 56 19 0 13 13 38 15 14 47 53 58 58 56 54 44 9 -1 -1 -1 -69 -87 0 37 44 48 55 56 54 56 58 58 58 56 56 54 55 53 55 55 55 54 54 54 52 54 53 50 53 50 48 49 47 47 48 44 44 15 42 43 42 41 42 42 42 42 45 41 42 42 39 48 48 48 45 47 39 35 36 32 31 33 33 36 37 39 39 38 43 41 38 35 33 31 33 33 35 36 35 37 36 35 35 38 33 33 33 33 38 35 31 32 35 31 31 32 33 35 33 32 32 36 38 35 33 35 32 27 0 21 68 -1 -1 -1 -1 -1 -1 -1 -1 -1 -1 -1 -1 -1 -1 -1 -1 -1 -1 -68 -126 -35 -1 -1 -1 -1 -1 -1 -1 -1 0 25 29 33 29 35 42 44 42 50 55 55 49 53 59 68 64 62 61 59 48 0 0 50 50 58 54 18 67 72 81 82 87 89 87 90 83 83 83 88 91 84 85 88 87 90 95 99 96 94 94 96 99 95 97 96 106 93 110 122 118 117 116 116 114 105 95 89 91 104 120 111 105 112 120 120 102 118 117 82 114 113 114 118 116 105 119 117 117 104 81 110 111 120 107 119 119 119 117 105 85 85 77 0 106 100 116 94 106 120 117 89 113 117 117 118 108 78 95 88 71 108 58 85 33 3 0 0 0 0 -14 -18 -14 -36 -55 -42 -18 -4 -3 -3 -3 -3 -1 -2 -17 -17 -17 -22 -21 -20 -20 -18 -18 -27 -27 -11 -1 -1 -1 -3 -1 -1 -3 -1 -2 -2 -14 -12 -9 -22 -25 -23 -31 -31 -34 -31 -26 -28 -28 -27 -25 -22 -21 -20 -18 -14 -17 -21 -22 -22 -20 -20 -20 -20 -17 -16 -17 -16 -30 -44 -20 -13 -13 -13 -1 -1 15 0 37 64 65 37 12 0 -64 -26 -26 -4 -17 -18 -16 -18 -13 -14 -3 -3 -7 -20 -34 -34 -13 -13 -12 -2 -3 -1 -4 -1 -4 -1 -4 -1 -1 -3 -1 -12 -8 -4 -4 -4 -3 -2 -2 -3
105 110 113 119 119 119 119 119 119 119 119 118 118 116 113 111 114 110 110 110 113 112 119 114 107 82 94 95 88 67 0 -98 -98 -125 0 67 77 87 82 88 90 89 81 71 13 13 67 77 88 83 87 89 91 85 82 82 82 78 78 82 79 82 77 73 43 82 74 72 70 70 70 68 64 61 66 65 60 55 59 58 56 58 49 49 6 0 0 0 0 20 13 49 56 60 62 62 62 60 56 55 14 0 0 29 52 55 55 58 58 58 58 56 48 7 16 -1 -110 0 9 43 48 48 48 54 55 56 59 60 59 55 56 58 55 58 58 56 58 55 58 56 58 58 56 54 56 55 54 54 53 54 52 50 50 49 20 48 47 45 43 39 39 39 44 45 43 39 41 42 42 39 42 43 44 44 39 33 33 35 35 35 36 36 37 37 36 38 38 35 37 36 33 33 33 35 35 33 35 30 30 30 31 32 31 33 32 35 32 32 31 31 30 30 30 30 32 32 31 31 35 33 33 33 33 33 33 32 27 0 -1 -1 -1 -1 -1 -1 -1 -1 -1 -1 -1 -1 -1 -1 -1 -1 -1 -1 -1 -37 0 0 0 -1 -1 -1 -1 -1 -1 -114 0 12 20 33 33 37 37 36 39 44 48 45 49 54 62 66 64 64 67 68 62 16 42 54 16 0 0 0 65 87 87 68 85 82 78 88 77 87 89 89 84 85 88 88 83 91 95 100 96 96 91 95 91 97 101 104 104 99 118 119 114 113 111 101 94 85 89 95 95 120 117 106 119 119 118 113 117 118 99 112 111 111 110 113 102 107 117 119 101 76 111 120 108 117 117 107 120 122 111 104 96 93 0 84 88 105 97 97 116 114 82 72 110 120 107 124 106 99 55 73 73 72 45 35 1 0 0 0 -13 -25 -30 -47 -47 -39 -11 -6 -8 -3 -6 -12 -13 -13 -17 -28 -28 -28 -28 -30 -25 -23 -23 -25 -23 -23 -23 -18 -27 -20 -20 -34 -28 -20 -31 -23 -22 -35 -30 -32 -31 -31 -28 -28 -26 -26 -30 -25 -22 -23 -22 -21 -18 -18 -14 -14 -14 -13 -17 -20 -20 -21 -18 -18 -17 -17 -17 -20 -20 -20 -16 -59 -20 -13 -13 -12 -2 -1 74 32 14 14 13 0 0 -31 -9 -3 -2 -8 -20 -17 -18 -13 -13 -3 -2 -1 -17 -22 -35 -13 -13 -2 -4 -1 -1 -1 -1 -1 -1 -1 -1 -4 -8 -11 -12 -7 -3 -1 -1 -3 -3 -3 -3 -7
118 118 118 118 120 118 112 116 117 116 118 117 110 110 108 114 114 117 114 118 119 120 118 96 81 90 90 93 94 85 71 7 -1 -39 26 73 81 81 85 85 87 83 81 62 20 24 24 70 76 85 87 87 87 83 79 81 84 78 76 79 77 77 74 76 41 41 79 70 70 72 74 67 64 66 67 60 58 58 59 59 60 56 49 12 10 -106 -68 0 0 43 43 52 58 60 65 64 65 64 61 53 49 42 42 42 50 59 59 58 56 59 56 52 37 9 22 8 8 1 35 48 58 53 55 54 59 60 61 61 60 60 56 56 61 59 62 61 60 59 60 60 58 58 58 58 58 58 58 58 55 55 55 54 54 52 52 26 49 48 45 44 45 45 45 44 42 42 42 42 42 41 41 43 42 43 41 35 35 36 37 35 35 35 35 36 36 36 38 37 38 37 33 33 33 33 35 35 32 31 31 31 31 32 35 33 33 33 33 32 30 30 30 30 32 31 30 31 32 31 31 33 32 33 33 33 33 35 31 0 -1 -1 -1 -1 -1 -1 -1 -1 -1 -1 -1 -1 -1 -1 -1 -1 -1 -1 -1 -1 -17 0 0 -1 -1 -1 -1 -1 -1 -1 -1 -120 0 19 35 32 30 36 36 41 44 44 47 39 52 56 64 55 56 56 62 59 55 56 56 45 0 2 19 67 71 82 90 77 84 83 79 79 85 81 85 84 79 84 88 93 99 99 94 88 88 88 93 96 100 100 100 106 114 120 113 91 95 95 89 96 88 101 117 119 100 112 119 113 108 108 111 120 118 111 118 112 120 108 116 113 83 118 118 108 104 85 111 99 117 107 91 102 116 117 93 93 88 31 33 91 91 101 119 119 79 87 123 112 112 111 84 120 97 70 95 71 55 26 2 0 -3 -3 -12 -47 -69 -39 -7 -28 -25 -20 -25 -17 -23 -23 -25 -25 -23 -27 -26 -25 -25 -22 -17 -20 -16 -20 -20 -21 -22 -22 -21 -18 -21 -25 -23 -22 -21 -31 -22 -22 -26 -23 -26 -26 -25 -22 -26 -23 -26 -14 -18 -23 -23 -20 -16 -14 -14 -14 -13 -14 -18 -18 -17 -17 -17 -17 -17 -17 -20 -22 -18 -16 -14 -31 -49 -14 -14 -14 -14 -13 -14 -2 0 0 0 0 -25 -17 -14 -8 -8 -8 -16 -23 -18 -14 -11 -2 -1 -2 -20 -35 -30 -30 -13 -13 -1 -1 -1 -1 -1 -1 -1 -1 -1 -1 -1 -1 -7 -3 -4 -2 -3 -1 -1 -1 -1 -1
118 119 119 120 118 112 112 116 117 117 118 111 94 32 107 113 116 116 119 119 120 122 118 96 81 88 93 93 87 76 31 24 24 22 32 79 83 81 85 87 82 77 56 31 73 73 20 70 76 85 87 84 83 79 79 84 78 76 76 79 76 76 74 77 39 78 68 68 72 74 74 67 64 64 66 60 58 60 59 60 54 9 21 21 -55 0 0 0 50 55 55 59 62 65 64 65 65 65 65 55 54 54 53 55 58 59 55 56 58 58 52 44 3 12 14 39 45 50 56 60 54 54 54 55 59 60 62 61 60 56 56 61 59 64 64 60 59 60 60 60 60 60 60 60 60 60 60 60 56 56 56 55 54 52 35 41 48 45 45 45 45 47 47 45 42 42 42 42 41 41 43 42 41 41 39 35 36 36 37 36 35 36 36 36 36 38 38 37 39 37 33 33 35 36 35 33 31 31 31 31 31 32 35 35 33 33 32 30 30 30 30 30 32 33 30 31 32 31 32 32 33 33 33 35 35 36 32 25 0 -1 -1 -1 -1 -1 -1 -1 -1 -1 -1 -1 -1 -1 -1 -1 -1 -1 -1 -1 -96 -42 -42 -1 -1 -1 -1 -1 -1 -1 -86 0 0 31 31 31 27 36 36 41 44 44 39 53 54 61 55 55 56 58 60 60 56 59 10 21 18 65 76 73 73 82 90 77 84 83 79 85 82 85 85 81 84 84 88 90 96 99 95 88 89 93 96 100 100 100 100 106 114 120 113 91 96 89 95 85 100 117 117 119 102 112 118 116 111 111 120 118 111 118 112 112 118 106 114 112 87 119 108 119 73 112 100 119 119 107 91 101 114 62 88 95 78 104 95 89 100 100 118 118 82 87 123 112 111 84 120 96 72 95 95 70 53 26 2 0 -23 -54 -49 -30 -17 -7 -7 -28 -25 -20 -25 -18 -23 -23 -25 -23 -27 -25 -23 -23 -23 -22 -17 -21 -17 -20 -21 -22 -22 -22 -16 -21 -21 -25 -23 -21 -21 -31 -23 -26 -23 -26 -26 -25 -21 -21 -25 -23 -26 -14 -18 -22 -20 -17 -16 -14 -14 -13 -13 -14 -21 -20 -17 -17 -17 -17 -17 -21 -21 -18 -18 -16 -14 -20 -47 -27 -13 -13 -13 -13 -2 -1 -11 -11 -17 -17 -25 -17 -14 -9 -9 -16 -23 -18 -13 -12 -12 -2 -1 -2 -21 -35 -31 -14 -13 -2 -1 -1 -1 -1 -1 -1 -1 -1 -1 -1 -1 -8 -4 -4 -3 -2 -2 -1 -1 -1 -1 -1
118 118 119 119 120 118 112 116 117 117 118 111 94 94 32 107 113 116 116 119 120 122 118 96 81 88 88 93 93 87 76 31 24 22 32 79 83 81 85 85 87 82 77 56 31 73 20 70 76 85 87 84 84 83 79 79 84 78 76 79 76 76 74 77 39 39 78 68 68 72 74 67 64 64 66 60 58 58 60 59 60 54 9 21 -55 0 0 0 50 55 55 55 59 62 65 64 65 65 65 55 54 54 53 53 55 58 59 55 56 58 52 44 3 12 14 39 39 45 50 56 60 54 54 55 59 60 62 61 60 60 56 56 61 59 64 60 59 60 60 60 60 60 60 60 60 60 60 60 56 56 56 55 54 52 52 35 41 48 45 45 45 47 47 45 42 42 42 42 42 41 41 43 42 41 39 35 36 36 37 36 36 35 36 36 36 36 38 37 39 37 33 33 35 35 36 35 33 31 31 31 31 32 35 35 33 33 33 32 30 30 30 30 32 33 30 31 32 31 31 32 32 33 33 33 35 36 32 25 0 -1 -1 -1 -1 -1 -1 -1 -1 -1 -1 -1 -1 -1 -1 -1 -1 -1 -1 -1 -1 -96 -42 -1 -1 -1 -1 -1 -1 -1 -1 -86 0 0 31 31 27 36 36 41 44 44 44 39 53 54 61 55 56 58 60 60 56 59 59 10 21 18 65 76 73 82 90 77 84 83 79 79 85 82 85 85 81 84 88 90 96 99 95 88 88 89 93 96 100 100 100 106 114 120 113 91 96 96 89 95 85 100 117 119 102 112 118 116 111 111 111 120 118 111 118 112 118 106 114 112 87 119 119 108 119 73 112 100 119 107 91 101 114 62 88 88 95 78 104 95 89 100 118 118 82 87 123 112 112 111 84 120 96 72 95 70 53 26 2 0 -23 -23 -54 -49 -30 -17 -7 -28 -25 -20 -25 -18 -23 -23 -23 -25 -23 -27 -25 -23 -23 -22 -17 -21 -17 -20 -20 -21 -22 -22 -22 -16 -21 -25 -23 -21 -21 -31 -23 -23 -26 -23 -26 -26 -25 -21 -25 -23 -26 -14 -18 -22 -22 -20 -17 -16 -14 -14 -13 -14 -21 -20 -17 -17 -17 -17 -17 -17 -21 -21 -18 -16 -14 -20 -47 -27 -13 -13 -13 -13 -13 -2 -1 -11 -17 -17 -25 -17 -14 -9 -9 -9 -16 -23 -18 -13 -12 -2 -1 -2 -21 -35 -31 -31 -14 -13 -2 -1 -1 -1 -1 -1 -1 -1 -1 -1 -1 -1 -8 -4 -4 -3 -2 -1 -1 -1 -1 -1
118 116 118 118 114 102 102 113 108 114 116 94 22 29 56 107 114 120 119 119 118 118 101 91 88 91 94 93 90 84 77 31 31 33 77 85 84 87 87 84 83 70 24 30 29 29 22 73 84 87 81 81 77 79 81 82 76 76 76 77 78 77 77 74 44 76 70 74 72 72 72 67 66 67 62 62 58 60 64 62 53 20 10 10 9 0 45 55 61 64 64 64 64 65 66 66 66 66 62 60 62 61 61 56 56 55 55 55 52 52 49 0 14 0 12 49 56 61 62 61 56 56 56 58 64 64 62 62 58 58 56 59 64 72 72 64 65 65 62 64 60 61 64 62 62 62 60 60 59 58 56 55 56 54 44 32 50 49 48 50 50 49 49 48 44 43 43 42 42 43 42 43 42 42 41 37 37 37 37 36 35 37 37 37 37 38 38 38 38 38 35 36 36 35 35 33 32 33 33 33 33 32 33 32 32 31 27 31 31 30 30 30 35 35 30 31 33 32 32 32 36 35 33 35 35 35 35 27 0 -1 -1 -1 -1 26 0 0 0 0 0 19 -1 -1 -1 -1 -1 -1 -1 -1 -26 -1 -1 -1 -1 -1 -1 -1 -1 -1 -1 8 0 29 29 30 36 35 36 39 39 45 48 56 58 58 48 48 58 56 58 62 60 60 55 55 68 74 72 68 68 76 91 73 84 77 83 83 83 85 87 90 90 90 93 89 94 91 87 90 94 96 101 102 101 97 97 113 120 118 95 89 96 95 106 94 117 120 120 116 90 118 117 99 106 113 119 119 119 120 117 117 102 110 112 114 81 100 108 117 93 83 83 99 99 107 95 118 113 3 70 88 96 106 85 71 106 106 110 118 104 118 123 91 112 81 102 110 71 101 101 47 37 14 0 0 -40 -26 -25 -27 -18 -23 -23 -25 -21 -20 -18 -17 -22 -18 -20 -25 -25 -21 -21 -21 -18 -16 -14 -18 -14 -17 -20 -14 -17 -16 -13 -14 -14 -21 -14 -14 -16 -20 -16 -17 -13 -21 -23 -20 -17 -17 -25 -18 -16 -13 -16 -21 -14 -13 -13 -13 -13 -13 -13 -14 -13 -14 -13 -14 -17 -18 -17 -21 -21 -18 -18 -18 -20 -20 -21 -58 -30 -13 -12 -14 -13 -25 -30 -30 -37 -31 -30 -26 -27 -23 -27 -32 -26 -21 -20 -13 -13 -3 -1 -6 -22 -35 -31 -13 -13 -3 -1 -1 -1 -1 -1 -1 -1 -1 -1 -1 -1 -1 -1 -1 -1 -1 -1 -1 -1 -1 -1 -1
117 117 118 118 114 113 114 112 113 118 113 90 36 36 78 49 106 116 119 118 118 118 119 118 113 107 107 99 101 96 93 90 85 89 85 85 84 84 85 85 82 82 70 26 35 32 65 76 79 76 76 78 78 83 84 87 84 78 79 78 82 78 79 77 44 44 74 71 70 73 73 70 65 62 58 61 62 62 64 64 61 56 49 45 52 55 60 61 65 67 67 66 66 65 66 66 65 62 60 65 64 62 64 64 60 64 56 58 59 54 52 9 0 33 49 58 58 60 62 60 56 60 59 61 65 65 64 62 59 59 58 60 61 66 71 65 68 66 62 64 62 62 64 65 65 62 62 60 60 61 60 59 55 56 56 54 29 54 54 52 52 52 53 50 49 47 47 47 45 45 47 43 41 42 39 38 38 38 38 36 36 36 36 37 37 38 38 38 38 38 39 38 36 36 36 35 35 32 33 35 35 32 33 31 32 32 33 31 35 32 31 32 35 36 32 35 35 35 35 33 33 35 36 33 33 33 33 25 0 -1 -1 -1 0 0 0 25 33 33 29 0 0 -2 -1 -1 -1 -1 -1 -1 -1 -32 -3 -1 -1 -1 -1 -1 -1 -1 -1 -1 0 0 29 36 32 39 39 39 41 41 47 45 56 59 60 44 54 56 60 64 61 61 61 64 66 62 59 70 67 71 77 77 78 84 88 88 93 85 88 89 91 93 91 88 88 94 90 90 90 91 97 102 94 97 107 110 119 116 83 91 110 110 101 107 95 112 118 104 112 119 114 104 104 104 111 119 118 116 122 108 110 113 119 113 81 118 118 117 117 116 59 96 96 97 117 104 82 0 62 62 99 108 97 74 73 107 113 118 122 101 110 93 93 117 104 94 97 65 74 53 3 0 0 -31 -20 -20 -27 -28 -22 -20 -21 -20 -16 -16 -14 -20 -23 -23 -21 -23 -23 -22 -17 -13 -13 -13 -14 -13 -13 -14 -14 -14 -13 -13 -14 -13 -14 -13 -13 -14 -13 -13 -13 -13 -13 -13 -21 -22 -18 -21 -22 -13 -13 -13 -13 -13 -13 -13 -13 -13 -12 -13 -13 -13 -12 -13 -13 -13 -13 -13 -13 -13 -16 -16 -17 -18 -31 -31 -30 -40 -59 -59 -25 -25 -13 -13 -21 -31 -30 -25 -22 -26 -23 -21 -21 -27 -32 -23 -21 -23 -20 -17 -20 -27 -20 -28 -23 -23 -13 -13 -3 -1 -1 -1 -1 -1 -1 -1 -1 -1 -1 -1 -1 -1 -1 -1 -1 -1 -1 -1 -1 -1
118 118 118 119 119 118 118 101 110 100 94 84 36 35 53 110 116 119 118 118 118 116 117 117 112 83 101 102 100 97 94 97 97 100 88 83 79 78 81 81 81 76 66 29 30 30 68 76 78 77 76 83 83 83 79 77 72 76 76 81 78 78 77 73 44 77 71 72 72 71 71 65 65 61 61 61 61 62 64 60 55 15 18 18 53 58 62 65 64 64 61 60 60 62 59 59 59 58 66 68 65 64 64 64 62 61 60 64 60 60 54 50 47 49 59 61 62 64 58 61 62 65 65 66 67 66 66 68 64 61 60 64 70 73 73 67 66 66 67 64 66 66 68 66 65 62 64 64 64 62 60 60 60 60 58 27 56 55 55 55 55 55 55 55 53 50 50 47 48 45 44 44 44 44 42 41 39 41 39 39 37 37 37 39 39 39 39 38 38 41 39 37 36 36 36 35 33 35 35 36 35 33 31 31 33 35 33 36 37 35 35 35 36 36 33 35 35 35 31 33 35 35 33 33 33 33 31 25 0 67 0 0 30 31 35 38 37 37 33 30 22 0 18 -1 -1 -1 -1 -1 -8 -20 -20 -1 -1 -1 -1 -1 -1 -1 -1 -1 0 0 0 32 33 36 38 32 35 41 47 50 54 58 43 43 54 59 65 68 65 65 66 62 66 72 77 73 73 77 83 81 81 87 83 81 81 89 88 91 94 94 94 93 91 95 95 94 88 94 101 104 104 111 111 104 120 105 79 95 99 90 89 105 106 112 112 118 120 113 108 108 105 108 117 119 106 120 113 113 47 88 114 118 87 112 111 107 117 88 93 100 100 96 120 87 72 22 0 45 105 99 73 78 117 117 95 116 119 107 84 73 114 105 94 84 47 67 67 16 0 0 0 -25 -30 -25 -21 -22 -22 -20 -20 -17 -14 -14 -16 -22 -21 -17 -18 -20 -14 -14 -13 -13 -13 -14 -13 -13 -16 -14 -14 -13 -13 -13 -13 -13 -13 -13 -13 -13 -13 -14 -13 -13 -14 -20 -23 -20 -22 -22 -17 -13 -13 -12 -12 -12 -13 -13 -13 -12 -13 -12 -12 -13 -2 -13 -3 -3 -14 -13 -13 -13 -13 -18 -18 -21 -20 -20 -28 -25 -58 -37 -13 -13 -13 -17 -20 -20 -18 -17 -14 -18 -18 -20 -21 -23 -20 -14 -16 -22 -22 -17 -18 -23 -26 -20 -16 -13 -13 -2 -1 -1 -1 -1 -1 -1 -1 -1 -1 -1 -1 -1 -1 -1 -1 -1 -1 -1 -1 -1 -1 -1
118 118 118 118 120 118 120 104 110 99 87 42 32 32 16 106 116 118 119 118 118 117 118 119 113 85 85 101 104 99 97 96 97 99 89 83 78 76 81 81 81 81 78 77 76 76 76 76 77 77 76 83 83 82 78 73 68 64 68 74 77 78 77 72 44 44 76 73 73 72 71 67 65 61 62 61 61 61 64 64 59 50 4 15 0 49 60 66 66 64 64 56 50 49 13 13 44 52 62 67 64 62 62 62 64 62 64 62 64 60 56 55 55 58 60 61 61 64 66 58 61 62 65 66 68 66 67 68 64 64 62 61 65 70 73 67 66 66 67 64 66 66 66 68 65 64 64 65 64 59 58 59 60 60 60 56 26 53 55 56 56 56 56 54 53 50 50 50 49 48 45 44 44 44 42 43 42 43 39 39 39 38 38 38 39 41 39 38 39 41 39 37 37 37 37 36 33 35 35 36 35 33 32 31 33 33 35 33 36 37 37 37 36 36 33 35 35 35 35 31 33 35 35 33 33 33 32 25 0 67 0 0 31 35 37 38 39 38 38 36 33 25 0 -1 -1 -1 -1 -1 -1 -1 -34 -1 -1 -1 -1 -1 -1 -1 -1 -1 -1 -1 0 0 0 32 37 32 35 35 41 47 50 53 56 43 53 59 64 68 65 65 65 66 64 66 72 77 73 77 83 81 81 87 83 83 83 82 89 88 93 94 94 91 94 95 95 96 96 90 94 101 104 106 112 104 119 100 66 33 27 27 9 71 94 102 112 118 120 113 106 108 105 105 108 118 118 105 118 106 0 32 106 107 19 87 87 102 104 116 107 73 97 96 120 88 70 21 -87 -87 0 96 96 74 79 117 95 116 119 106 83 71 71 114 104 95 67 14 65 50 7 0 0 -25 -28 -28 -25 -21 -22 -22 -18 -17 -14 -14 -16 -22 -21 -21 -17 -18 -18 -13 -13 -14 13 0 0 1 0 0 0 0 19 -12 -13 -14 -14 -14 -13 -13 -13 -14 -13 -13 -13 -14 -20 -25 -21 -23 -16 -13 -12 -12 -12 -12 -12 -14 -14 -14 -13 -13 -13 -13 -1 -14 -3 -3 -12 -12 -14 -14 -14 -13 -20 -21 -21 -20 -27 -27 -27 -27 -64 -14 -13 -13 -18 -21 -18 -20 -16 -20 -18 -18 -18 -21 -23 -20 -14 -17 -22 -17 -18 -22 -26 -20 -17 -17 -13 -12 -3 -1 -1 -1 -1 -1 -1 -1 -1 -1 -1 -1 -1 -1 -1 -1 -1 -1 -1 -1 -1 -1
118 118 118 120 118 120 120 104 110 99 87 42 32 16 106 116 118 119 118 118 118 117 118 119 113 85 101 104 99 97 96 97 97 99 89 83 78 76 81 81 81 78 77 76 76 76 76 76 77 77 76 83 82 78 73 68 64 68 68 74 77 78 77 72 44 76 73 73 72 71 71 67 65 61 62 61 61 64 64 59 50 4 15 15 0 49 60 66 66 64 56 50 49 13 13 44 44 52 62 67 64 62 62 64 62 64 62 64 60 60 56 55 55 58 60 61 64 66 58 61 62 65 65 66 68 66 67 68 64 62 61 65 70 73 73 67 66 66 67 64 66 66 68 65 64 64 65 65 64 59 58 59 60 60 56 26 53 55 56 56 56 56 56 54 53 50 50 49 48 45 44 44 44 44 42 43 42 43 39 39 38 38 38 39 41 39 39 38 39 41 39 37 37 37 36 33 35 35 35 36 35 33 32 31 33 35 33 36 37 37 37 37 36 36 33 35 35 35 31 33 35 35 33 33 33 33 32 25 0 67 0 31 35 37 38 39 38 38 38 36 33 25 0 -1 -1 -1 -1 -1 -1 -34 -34 -1 -1 -1 -1 -1 -1 -1 -1 -1 -1 0 0 0 0 32 37 32 35 41 47 50 53 56 43 43 53 59 64 68 65 65 66 64 66 72 77 73 73 77 83 81 81 87 83 83 82 89 88 93 94 94 94 91 94 95 95 96 90 94 101 104 106 112 112 104 119 100 66 33 27 9 71 94 102 112 112 118 120 113 106 108 105 108 118 118 105 118 106 106 0 32 106 107 19 87 102 104 116 107 73 97 97 96 120 88 70 21 -87 0 96 96 74 79 117 117 95 116 119 106 83 71 114 104 95 67 14 65 65 50 7 0 0 -25 -28 -25 -21 -22 -22 -18 -18 -17 -14 -14 -16 -22 -21 -17 -18 -18 -13 -13 -14 -14 13 0 0 1 0 0 0 19 -12 -13 -14 -14 -14 -14 -13 -13 -13 -14 -13 -13 -14 -20 -25 -21 -23 -23 -16 -13 -12 -12 -12 -12 -14 -14 -14 -13 -13 -13 -13 -13 -1 -14 -3 -3 -12 -14 -14 -14 -13 -20 -20 -21 -21 -20 -27 -27 -27 -64 -14 -13 -13 -18 -21 -21 -18 -20 -16 -20 -18 -18 -21 -23 -20 -14 -17 -22 -22 -17 -18 -22 -26 -20 -17 -13 -12 -3 -1 -1 -1 -1 -1 -1 -1 -1 -1 -1 -1 -1 -1 -1 -1 -1 -1 -1 -1 -1 -1 -1
118 118 118 118 119 117 108 108 105 96 91 45 18 18 83 110 118 117 118 118 116 113 117 105 82 88 88 102 104 97 95 99 99 96 84 77 76 77 81 81 79 79 81 74 76 76 76 76 77 78 79 85 85 74 70 26 31 25 9 54 68 71 62 64 32 32 64 70 71 73 71 67 65 61 61 60 60 60 62 58 55 13 20 4 16 50 60 65 67 61 61 30 25 26 24 24 0 24 64 62 62 61 65 65 64 62 65 59 58 58 60 64 62 62 64 64 64 65 67 65 66 64 65 68 70 67 66 66 66 66 68 67 67 70 62 68 67 67 66 66 68 68 72 68 67 66 66 61 59 10 55 58 60 56 56 52 0 42 48 48 53 56 58 55 56 54 53 53 52 49 48 49 47 48 47 45 44 43 43 43 43 41 41 39 39 41 41 39 39 39 38 36 37 37 37 36 36 37 36 37 36 36 31 35 37 37 36 36 36 35 35 35 35 32 31 33 32 30 30 31 33 35 33 33 33 33 30 22 0 78 0 0 27 35 36 36 36 36 36 36 33 29 18 0 0 -1 -1 -1 -1 -1 -34 -1 -1 -1 -1 -1 -1 -1 -1 -1 -1 -1 -1 81 0 27 33 33 36 36 38 44 43 48 53 54 59 61 62 61 70 66 66 68 67 74 82 78 74 78 77 83 84 81 82 82 87 90 88 85 90 93 99 101 93 96 100 110 110 85 95 104 101 111 108 99 110 82 19 0 -117 -117 -74 0 24 102 117 114 118 106 117 110 123 123 114 119 112 104 113 104 22 0 41 93 21 0 0 29 104 112 106 85 71 89 122 96 74 0 0 0 0 82 94 81 89 110 95 111 120 94 108 70 70 100 97 71 71 61 67 39 1 0 -64 -30 -25 -25 -20 -13 -20 -22 -16 -13 -13 -13 -14 -17 -14 -14 -13 -13 -16 -75 6 10 27 45 48 47 44 41 41 30 0 0 -69 -13 -14 -13 -13 -13 -3 -3 -13 -13 -17 -14 -14 -18 -13 -13 -14 -13 -13 -12 -12 -3 -3 -3 -2 -2 -2 -1 -1 -1 -1 -1 -1 -1 -1 -1 -1 -1 -3 -4 -21 -23 -27 -22 -14 -13 -25 -25 -44 -35 -13 -12 -16 -16 -14 -14 -14 -17 -18 -16 -16 -16 -17 -14 -13 -20 -22 -14 -13 -17 -16 -14 -13 -13 -17 -13 -13 -2 -1 -1 -1 -1 -1 -1 -1 -1 -1 -1 -1 -1 -1 -1 -1 -1 -1 -1 -1 -1
118 118 118 117 106 113 113 108 113 112 106 53 48 100 111 117 117 118 118 118 114 108 97 82 85 102 102 100 95 96 97 95 95 87 83 77 77 78 79 81 76 72 61 61 62 62 67 74 82 79 81 78 77 64 21 1 -1 -1 -1 -128 13 21 0 19 -78 0 25 65 68 68 68 65 62 64 64 62 61 62 58 49 0 0 14 14 15 54 64 64 65 59 20 26 24 29 25 20 20 58 64 64 60 64 68 60 64 64 60 62 61 61 67 66 65 67 67 68 72 67 65 64 65 68 68 68 67 68 71 66 67 71 68 67 68 73 73 71 70 68 71 72 72 73 68 66 65 61 55 55 13 13 48 54 50 18 10 -41 -58 0 24 0 0 49 58 60 60 58 54 54 55 54 53 52 52 52 53 47 47 47 45 45 44 43 43 43 43 42 42 42 39 39 39 38 38 38 37 37 38 37 37 38 37 35 35 36 37 36 36 37 36 32 33 33 30 31 32 32 31 31 32 33 33 35 35 32 32 31 29 24 0 78 74 0 0 0 0 0 0 0 0 0 20 25 20 0 -1 -1 -1 -1 -1 -18 -18 -11 -1 -1 -79 -1 -1 -1 -1 -1 -1 -69 -69 0 32 0 26 31 32 35 42 43 47 52 59 59 62 66 71 66 65 67 67 62 70 71 74 82 82 81 84 83 77 81 84 85 90 83 87 89 90 90 94 89 89 100 96 96 83 95 99 100 106 108 108 96 94 2 -93 -101 -68 -49 0 73 106 120 120 118 117 108 116 114 119 116 118 107 107 110 105 105 68 0 0 -36 -81 -128 -128 89 107 101 97 64 64 93 97 96 88 90 44 0 71 62 73 65 100 100 112 120 104 83 106 66 62 90 111 81 64 83 83 45 4 0 -30 -23 -21 -13 -16 -20 -21 -13 -13 -13 -13 -13 -13 -13 -13 -12 0 0 42 56 77 77 83 76 76 84 45 65 33 10 21 0 0 -3 -3 -3 -3 -3 -3 -3 -6 -2 -2 -2 -14 -14 -13 -13 -13 -1 -4 -3 -3 -3 -2 -1 -1 -1 -1 -1 -1 -1 -1 -1 -1 -1 -1 -1 -1 -1 -1 -1 -1 -16 -34 -14 -13 -13 -13 -16 -55 -14 -14 -14 -16 -16 -13 -14 -14 -14 -20 -14 -13 -14 -14 -13 -21 -22 -22 -16 -14 -14 -14 -14 -14 -18 -13 -13 -16 -14 -3 -3 -1 -1 -1 -1 -1 -1 -1 -1 -1 -1 -1 -1 -1 -1 -1 -1 -1 -1
117 117 118 118 117 119 106 116 119 117 110 61 60 60 108 114 117 114 116 111 106 104 87 89 97 106 106 102 96 97 97 91 93 88 79 71 60 59 68 68 67 58 53 13 0 15 70 76 76 68 70 76 76 72 58 49 -97 -107 -103 -105 41 0 -51 -1 -45 -45 0 18 53 60 65 67 65 65 65 64 64 64 62 58 41 9 0 38 43 52 60 65 66 62 62 59 49 45 15 14 54 61 64 68 66 66 67 67 65 68 66 67 67 71 66 64 62 61 62 64 64 66 64 65 64 66 65 66 68 71 72 71 68 68 72 72 68 68 76 68 72 70 72 74 74 74 71 68 64 64 62 50 19 1 47 54 14 0 0 -40 -1 -1 -37 0 7 54 59 61 60 59 55 55 56 56 56 55 54 53 50 50 47 47 47 47 47 48 47 45 45 44 44 42 42 39 39 39 39 39 38 37 37 38 38 37 37 36 36 36 35 35 36 36 36 36 29 35 30 31 32 32 31 32 32 32 31 33 33 33 33 33 33 31 0 0 0 0 58 -1 -1 -1 -1 -1 -1 72 0 0 0 0 0 -1 -1 -1 -1 -1 -1 -30 -1 -1 -73 -1 -1 -1 -1 -1 -1 -1 -1 -1 -1 0 0 29 35 35 37 38 42 48 54 60 64 70 68 65 70 64 64 61 65 70 70 76 81 88 84 81 83 81 87 87 84 87 79 88 93 82 93 82 91 97 99 82 82 88 99 94 95 104 107 85 73 1 -128 -81 -83 -83 -84 32 94 113 108 117 117 112 117 106 117 117 112 110 101 105 42 94 97 45 13 -45 -79 -128 -128 0 87 110 117 116 82 93 89 120 106 100 89 89 0 -84 0 0 52 91 96 110 100 74 15 62 62 101 102 105 96 79 85 76 0 0 0 -7 -20 -20 -16 -22 -20 -18 -14 -13 -13 -13 -13 -12 -2 -2 25 4 49 67 82 88 83 88 76 74 68 29 29 16 0 0 0 0 -2 -3 -2 -3 -6 -2 -3 -3 -1 -1 -1 -1 -1 -1 -1 -1 -1 -1 -1 -1 -1 -1 -1 -1 -1 -1 -1 -1 -1 -1 -1 -1 -1 -1 -1 -1 -1 -1 -1 -1 -17 -13 -13 -22 -13 -13 -13 -36 -36 -14 -14 -16 -13 -14 -16 -13 -20 -14 -14 -12 -13 -14 -14 -20 -18 -17 -16 -14 -13 -14 -18 -18 -18 -17 -13 -13 -13 -13 -16 -21 -7 -1 -1 -1 -1 -1 -1 -1 -1 -1 -1 -1 -1 -1 -1 -1
119 118 117 114 117 119 119 117 118 118 117 114 113 116 111 114 106 107 107 107 107 99 95 102 107 101 99 100 99 91 89 88 88 81 78 58 37 0 0 0 0 -27 -55 -44 8 8 70 76 67 60 59 61 49 19 -53 -56 0 9 9 52 55 43 -128 -56 0 37 48 13 62 66 66 65 65 67 64 67 67 60 52 0 0 0 33 33 33 3 59 68 66 66 65 64 64 65 64 66 66 66 68 72 73 68 68 70 68 68 68 72 66 66 59 15 27 24 19 56 59 61 58 58 66 70 70 71 70 74 76 73 72 72 72 64 70 72 72 70 68 70 73 73 72 68 72 71 68 64 59 59 9 53 58 55 19 14 6 13 2 19 16 56 56 65 66 66 61 59 56 53 54 54 53 53 52 52 52 52 49 52 52 52 50 50 47 47 47 45 45 44 45 43 42 43 42 41 37 36 37 37 37 36 35 35 36 36 33 35 33 31 31 35 32 32 30 29 30 30 31 33 31 33 31 33 32 35 35 36 36 36 33 33 29 0 62 -1 -1 -1 -1 -1 -1 -1 -1 -1 -1 -1 -1 -1 -1 -1 -1 -1 -1 -36 -1 -1 -1 -1 -1 -1 -1 -1 -1 -1 -1 -1 -1 0 0 35 37 38 39 39 53 58 62 62 70 73 61 64 64 60 61 64 67 65 65 76 76 85 87 78 83 84 78 84 88 87 78 73 74 74 83 83 87 88 90 88 94 97 96 101 110 105 105 81 14 -3 -79 -106 -40 3 101 114 112 104 104 118 117 117 116 100 111 110 107 100 97 25 21 21 106 110 96 22 0 38 91 112 117 119 122 101 101 70 91 119 110 79 24 16 -84 -81 -128 72 70 70 108 61 71 77 99 112 85 104 107 100 97 101 101 71 1 0 0 -16 -30 -21 -22 -21 -20 -13 -13 -13 -12 -13 -2 36 1 45 77 100 94 71 107 107 108 112 88 93 64 44 24 0 0 0 0 -74 -74 -7 -6 -6 -4 -3 -3 -1 -1 -1 -1 -1 -1 -1 -1 -1 -1 -1 -1 -1 -1 -1 -1 -1 -1 -1 -1 -1 -1 -1 -1 -1 -1 -1 -1 -1 -1 -1 -1 -1 -1 -1 -1 -30 -14 -3 -35 -56 -16 -14 -13 -13 -13 -13 -18 -17 -14 -14 -13 -13 -14 -14 -16 -16 -16 -20 -17 -16 -14 -14 -17 -17 -16 -13 -13 -13 -13 -13 -16 -18 -21 -13 -18 -3 -1 -1 -1 -1 -1 -1 -1 -1 -1 -1 -1 -1
119 119 118 117 114 117 119 117 118 118 117 114 113 113 116 111 114 106 107 107 107 99 95 102 107 101 101 99 100 99 91 89 88 81 78 58 37 0 0 0 0 0 -27 -55 -44 8 70 76 67 60 59 61 61 49 19 -53 -56 0 9 52 55 43 -128 -56 0 0 37 48 13 62 66 65 65 67 64 67 67 67 60 52 0 0 0 33 33 3 59 68 66 66 66 65 64 64 65 64 66 66 68 72 73 68 68 68 70 68 68 68 72 66 59 15 27 24 19 56 56 59 61 58 58 66 70 71 70 74 76 73 72 72 72 72 64 70 72 70 68 70 73 73 72 72 68 72 71 68 64 59 9 53 58 55 19 14 14 6 13 2 19 16 56 65 66 66 61 59 56 56 53 54 54 53 53 52 52 52 49 52 52 52 52 50 50 47 47 47 45 44 45 43 42 43 42 42 41 37 36 37 37 36 35 35 36 36 33 33 35 33 31 31 35 32 30 29 30 30 31 33 33 31 33 31 33 32 35 36 36 36 33 33 29 29 0 62 -1 -1 -1 -1 -1 -1 -1 -1 -1 -1 -1 -1 -1 -1 -1 -1 -1 -36 -1 -1 -1 -1 -1 -1 -1 -1 -1 -1 -1 -1 -1 0 0 35 37 37 38 39 39 53 58 62 70 73 61 64 64 60 60 61 64 67 65 65 76 85 87 78 83 84 78 78 84 88 87 78 73 74 83 83 87 88 90 88 88 94 97 96 101 110 105 81 14 -3 -79 -106 -40 -40 3 101 114 112 104 118 117 117 116 100 111 111 110 107 100 97 25 21 106 110 96 22 0 38 38 91 112 117 119 122 101 70 91 119 110 79 24 24 16 -84 -81 -128 72 70 108 61 71 77 99 112 112 85 104 107 100 97 101 71 1 0 0 -16 -30 -30 -21 -22 -21 -20 -13 -13 -12 -13 -2 36 1 1 45 77 100 94 71 107 108 112 88 93 64 44 44 24 0 0 0 0 -74 -7 -6 -6 -4 -3 -3 -3 -1 -1 -1 -1 -1 -1 -1 -1 -1 -1 -1 -1 -1 -1 -1 -1 -1 -1 -1 -1 -1 -1 -1 -1 -1 -1 -1 -1 -1 -1 -1 -1 -1 -1 -1 -30 -14 -14 -3 -35 -56 -16 -14 -13 -13 -13 -18 -17 -14 -14 -14 -13 -13 -14 -14 -16 -16 -20 -17 -16 -14 -14 -17 -17 -17 -16 -13 -13 -13 -13 -16 -18 -21 -13 -18 -3 -3 -1 -1 -1 -1 -1 -1 -1 -1 -1 -1 -1
119 118 117 114 118 119 119 117 118 119 118 118 118 118 112 114 106 107 107 107 107 99 93 101 107 101 99 100 99 91 90 88 88 77 78 54 0 -128 37 37 0 -128 -61 -103 12 12 60 65 56 45 0 0 35 -54 -42 0 16 59 59 64 55 0 -58 -116 14 53 8 0 6 66 66 65 65 65 60 62 61 56 49 0 -63 18 0 0 0 9 58 68 66 67 68 68 71 72 71 72 72 68 70 72 73 70 68 72 71 68 68 72 64 64 54 24 -1 -55 3 1 20 27 27 16 65 70 70 71 70 74 76 72 72 72 71 64 70 72 72 70 70 70 73 73 72 68 72 71 68 66 61 61 61 66 62 59 58 53 48 0 8 49 56 62 62 68 67 66 61 59 59 53 54 54 54 53 52 52 52 53 53 53 53 53 50 50 49 47 47 45 45 45 47 43 42 43 42 41 37 37 37 37 37 36 35 35 35 36 33 35 32 30 30 33 32 32 30 29 30 30 31 33 32 33 31 32 32 32 32 36 36 37 37 38 33 0 0 -1 -1 -1 -1 -1 -1 -1 -1 -1 -1 -1 -1 -1 -1 -1 -1 -1 -1 -31 -1 -1 -1 -1 -1 -1 -1 -1 -1 -1 -1 -1 -1 0 30 36 37 39 39 39 54 59 62 62 70 71 61 64 64 59 61 64 67 66 65 76 76 85 87 78 85 84 78 84 88 83 65 0 25 25 72 76 85 88 90 88 94 97 96 101 110 101 101 76 21 -36 -93 -97 -120 68 110 122 116 102 102 119 117 117 116 100 111 110 107 100 99 91 29 29 111 118 113 105 56 101 107 119 118 118 122 114 114 56 90 119 108 81 42 22 8 -84 -128 25 43 43 62 60 107 95 91 104 82 102 107 100 97 102 102 72 3 2 0 -17 -28 -21 -22 -21 -21 -13 -13 -14 -13 -12 0 9 54 76 89 110 101 74 111 111 110 114 89 94 65 45 31 26 39 8 0 0 0 -7 -6 -6 -3 -2 -2 -1 -1 -1 -1 -1 -1 -1 -1 -1 -1 -1 -1 -1 -1 -1 -1 -1 -1 -1 -1 -1 -1 -1 -1 -88 -83 -1 -1 -1 -1 -1 -1 -1 -1 -1 -1 -30 -12 -3 -35 -37 -37 -14 -13 -13 -13 -13 -18 -17 -14 -14 -13 -13 -13 -14 -16 -17 -17 -20 -17 -14 -14 -14 -17 -17 -16 -13 -13 -13 -13 -13 -16 -18 -22 -14 -17 -4 -1 -1 -1 -1 -1 -1 -1 -1 -1 -1 -1 -1
119 119 118 117 114 114 114 107 118 117 106 117 116 116 108 119 105 108 105 105 110 102 107 111 102 96 96 96 94 90 88 88 78 78 81 61 0 32 54 54 62 59 48 0 -128 0 38 41 35 -128 -128 -128 -128 -23 -61 0 52 64 70 66 20 -89 -82 -83 -78 -78 0 -92 0 56 73 67 64 61 54 52 45 45 50 42 0 -42 -122 -107 30 49 62 66 67 67 67 71 71 70 71 72 72 72 72 71 73 74 73 73 74 72 71 68 71 60 50 26 -1 -39 -59 -2 -2 -1 -1 67 9 65 76 77 74 74 72 74 76 76 74 72 70 71 72 71 71 68 74 70 71 71 71 72 68 71 68 70 70 68 68 67 67 64 64 64 58 30 64 65 66 68 66 62 65 64 56 56 58 62 56 58 55 54 55 56 54 56 53 52 52 54 50 50 49 52 49 45 45 44 43 44 42 42 39 37 36 36 36 38 36 35 35 33 33 33 33 30 33 32 32 29 29 29 31 30 33 35 35 32 33 36 33 35 36 36 37 37 38 38 36 36 30 0 0 19 -1 -1 -1 -1 -1 -1 -1 -1 -1 -1 -1 -1 -1 -1 -1 -11 -20 -1 -1 -1 -106 -106 -78 -1 -1 -1 -1 -1 -1 0 31 38 36 36 39 43 49 54 58 64 64 62 59 64 61 58 58 61 65 68 70 79 73 79 82 72 87 82 78 78 83 89 73 13 -91 -87 20 32 82 89 106 96 96 94 97 97 99 100 81 66 -53 -75 -50 -103 0 0 85 108 118 100 102 120 116 118 110 105 107 107 112 105 113 107 108 110 112 114 108 114 99 101 101 117 119 117 118 122 93 61 93 102 101 95 104 104 102 62 10 -84 21 0 72 84 81 70 72 24 24 62 91 104 81 96 101 67 12 1 0 -25 -27 -27 -18 -17 -18 -14 -13 -12 -2 12 48 100 94 94 107 88 106 119 113 116 91 112 70 36 47 83 83 81 47 54 12 0 0 -44 -9 -2 -3 -3 -1 -1 -1 -1 -1 -1 -1 -1 -1 -1 -1 -1 -1 -1 -1 -1 -1 -1 -1 -1 -1 -1 -1 -1 -121 -124 -2 -2 -1 -1 -1 -1 -1 -1 -1 -2 -21 -13 -13 -13 -4 -39 -14 -56 -16 -13 -13 -14 -16 -16 -13 -13 -13 -13 -13 -14 -13 -14 -16 -21 -17 -14 -14 -16 -16 -16 -18 -17 -14 -14 -14 -14 -16 -14 -18 -14 -14 -16 -16 -14 -6 -17 -1 -1 -1 -1 -1 -1 -1 -1
118 119 116 108 97 96 96 113 107 108 111 114 119 118 119 107 108 107 108 108 112 107 104 102 97 96 94 89 91 91 82 72 72 71 67 59 0 43 65 74 73 68 45 21 0 0 0 0 0 0 -23 -128 -128 -128 0 54 66 70 70 61 10 -88 -84 -92 -105 -89 -87 8 62 74 74 77 58 52 22 30 0 19 16 4 -107 -69 -49 -49 0 48 61 67 67 67 70 70 70 70 72 73 73 74 71 72 72 71 72 74 71 70 72 71 62 62 54 15 -103 -1 -1 -41 -86 19 0 0 64 74 74 71 73 76 77 78 77 77 76 73 73 74 74 74 74 71 76 74 76 76 73 71 68 71 73 73 76 77 71 70 71 68 71 68 38 68 65 65 65 65 62 58 67 65 62 61 66 65 60 60 60 60 61 60 58 56 56 55 54 52 52 49 52 49 49 49 45 44 45 45 42 41 38 36 36 37 37 37 37 36 33 35 35 33 33 31 32 31 29 29 33 29 32 33 33 33 33 35 37 37 36 35 35 36 35 37 38 38 37 36 32 26 0 19 -1 -1 -1 -1 -1 -1 -1 -1 -1 -1 -1 -1 -1 -1 -1 -1 -34 -1 -1 -1 -34 -1 -1 -1 -67 -77 -77 -1 -36 0 31 39 39 36 36 47 45 48 59 59 60 55 55 56 55 62 66 66 71 73 78 58 58 72 81 84 87 74 87 89 89 85 0 -128 -93 -93 0 31 83 93 97 85 93 96 99 96 93 78 78 13 -3 -117 -20 -88 0 95 107 118 108 110 110 122 118 112 104 118 106 111 111 120 95 111 118 118 116 106 95 119 90 114 120 118 113 104 117 110 110 83 94 114 119 104 93 71 44 45 14 -36 0 0 81 70 105 38 0 0 72 90 104 88 105 60 60 65 15 0 0 -23 -25 -13 -17 -14 -12 -13 -13 -7 0 64 106 111 113 83 101 96 120 118 112 112 118 99 77 71 83 90 95 68 64 6 14 0 0 -51 -1 -1 -1 -1 -1 -1 -1 -1 -1 -1 -1 -1 -1 -1 -1 -1 -1 -1 -1 -1 -1 -1 -1 -1 -1 -1 -1 -1 -128 -77 -1 -1 -1 -1 -1 -1 -1 -1 -3 -20 -13 -8 -3 -3 -25 -14 -34 -40 -13 -13 -14 -12 -14 -13 -13 -13 -13 -13 -13 -13 -14 -14 -14 -17 -16 -16 -14 -13 -14 -20 -20 -18 -17 -17 -14 -14 -14 -14 -14 -14 -14 -13 -13 -14 -26 -14 -2 -1 -1 -1 -1 -1 -1 -1
119 119 120 111 105 99 96 110 113 118 117 116 118 118 119 117 117 118 114 112 114 107 104 105 106 104 104 94 95 94 88 79 62 56 52 27 0 49 65 65 73 74 70 65 62 61 60 62 61 56 56 58 58 49 43 0 35 56 70 62 0 -47 -1 -46 -39 -39 -97 30 61 73 77 72 50 8 24 -1 -36 -36 -1 -1 -1 -1 -74 -83 0 42 56 67 67 67 67 67 70 68 70 68 70 73 73 74 74 73 72 72 73 71 73 74 65 64 65 60 12 0 21 19 19 14 54 58 66 72 74 72 76 77 76 77 79 79 79 79 77 76 74 78 78 77 79 78 79 79 77 73 74 71 74 76 74 74 72 70 74 76 76 74 76 44 68 71 70 68 64 60 68 68 70 70 67 70 67 65 67 64 65 64 64 62 58 58 58 58 55 54 54 53 50 50 49 45 45 45 42 42 43 39 38 38 38 38 38 36 36 37 37 37 37 35 32 33 31 31 32 31 33 32 31 31 31 33 33 37 36 33 33 35 36 35 36 37 38 38 36 36 33 26 0 0 -1 -1 -1 -1 -1 -1 -1 -1 -1 -1 -1 -1 -1 -1 -34 -1 -1 -1 -1 -1 -1 -87 -70 -1 -1 -1 20 0 33 38 39 39 36 35 38 44 49 54 55 56 56 60 61 70 70 68 71 73 71 68 65 73 82 81 83 83 85 85 88 91 77 0 0 3 29 74 82 89 88 90 90 97 100 95 96 87 26 -37 -58 -89 -42 0 97 97 112 119 117 118 104 120 117 108 100 120 119 119 120 118 119 117 99 117 113 116 110 108 111 105 105 119 118 105 101 119 104 93 78 95 82 73 100 100 100 91 10 -72 -98 0 31 49 70 0 0 0 0 90 99 97 99 89 62 42 0 0 0 -32 -21 -21 -17 -14 -13 -12 -4 0 62 110 107 122 108 108 64 81 114 117 114 105 108 84 95 111 108 95 95 68 41 30 10 1 0 -11 -1 -1 -1 -1 -1 -1 -1 -1 -1 -1 -1 -1 -1 -1 -1 -1 -1 -1 -1 -1 -1 -1 -1 -1 -1 -1 -1 -14 -128 -1 -1 -1 -1 -1 -1 -1 -1 -1 -16 -18 -3 -3 -1 -1 -73 -3 -4 -8 -44 -7 -13 -13 -13 -13 -13 -13 -13 -13 -13 -13 -14 -13 -13 -14 -13 -17 -14 -14 -14 -14 -21 -18 -21 -16 -13 -13 -13 -12 -13 -13 -16 -14 -14 -14 -17 -14 -13 -14 -21 -13 -2 -1 -1 -1
119 120 111 105 99 96 96 110 113 118 117 116 118 119 117 117 118 114 112 112 114 107 104 105 106 104 94 95 94 88 79 62 62 56 52 27 0 49 65 73 74 70 65 62 61 61 60 62 61 56 56 58 49 43 0 35 56 70 70 62 0 -47 -1 -46 -39 -97 30 61 73 77 77 72 50 8 24 -1 -36 -1 -1 -1 -1 -74 -83 -83 0 42 56 67 67 67 67 70 68 70 68 70 70 73 73 74 74 73 72 73 71 73 74 65 64 64 65 60 12 0 21 19 14 54 58 66 72 74 74 72 76 77 76 77 79 79 79 77 76 74 74 78 78 77 79 78 79 77 73 74 71 74 76 76 74 74 72 70 74 76 74 76 44 68 71 70 70 68 64 60 68 68 70 67 70 67 65 67 64 64 65 64 64 62 58 58 58 55 54 54 53 50 50 50 49 45 45 45 42 43 39 38 38 38 38 38 38 36 36 37 37 37 35 32 33 31 31 31 32 31 33 32 31 31 33 33 37 36 33 33 33 35 36 35 36 37 38 36 36 33 26 0 0 0 -1 -1 -1 -1 -1 -1 -1 -1 -1 -1 -1 -1 -1 -1 -34 -1 -1 -1 -1 -1 -87 -70 -1 -1 -1 -1 20 0 33 38 39 36 35 38 44 49 54 54 55 56 56 60 61 70 68 71 73 71 68 65 65 73 82 81 83 83 85 88 91 77 0 0 3 3 29 74 82 89 88 90 97 100 95 96 87 26 26 -37 -58 -89 -42 0 97 112 119 117 118 104 104 120 117 108 100 120 119 120 118 119 117 99 117 117 113 116 110 108 111 105 119 118 105 101 119 104 104 93 78 95 82 73 100 100 91 10 -72 -98 0 0 31 49 70 0 0 0 90 99 97 99 89 62 62 42 0 0 0 -32 -21 -17 -14 -13 -12 -4 -4 0 62 110 107 122 108 64 81 114 117 114 105 105 108 84 95 111 108 95 68 41 30 10 1 0 0 -11 -1 -1 -1 -1 -1 -1 -1 -1 -1 -1 -1 -1 -1 -1 -1 -1 -1 -1 -1 -1 -1 -1 -1 -1 -1 -1 -1 -14 -128 -1 -1 -1 -1 -1 -1 -1 -1 -1 -16 -18 -3 -3 -1 -73 -3 -4 -8 -44 -7 -7 -13 -13 -13 -13 -13 -13 -13 -13 -13 -14 -13 -13 -13 -14 -13 -17 -14 -14 -14 -21 -18 -21 -16 -13 -13 -13 -13 -12 -13 -13 -16 -14 -14 -17 -14 -13 -14 -21 -21 -13 -2 -1 -1 -1
119 119 120 111 105 99 94 110 112 118 117 116 118 118 118 117 117 118 113 112 113 107 102 102 106 104 104 94 93 89 74 62 10 0 0 0 36 58 67 67 73 74 74 73 74 73 72 72 73 72 73 74 74 65 58 33 0 47 58 50 33 -70 -1 -1 -54 -54 15 65 70 77 78 72 48 3 -41 -1 -1 -1 -1 -1 -1 -1 -39 -64 0 3 55 66 66 66 66 67 70 68 70 68 70 73 73 74 74 73 72 72 73 71 73 74 65 66 68 67 59 54 54 56 56 61 64 70 72 76 74 72 76 77 76 77 79 79 79 78 77 77 74 79 79 77 78 77 79 79 79 73 74 71 74 76 74 74 72 71 73 76 76 74 74 47 67 71 72 68 65 60 70 68 68 68 67 72 70 65 68 66 65 65 64 62 60 58 58 58 58 54 55 52 52 50 49 48 45 45 43 43 43 42 38 38 38 38 37 37 36 35 37 37 37 36 32 33 31 31 32 31 33 32 31 31 31 32 36 37 36 33 33 35 35 36 36 37 38 38 38 37 37 29 19 0 -1 -1 -1 -1 -1 -1 -1 -1 -1 -1 -1 -1 -1 -1 -18 -11 -1 -1 -1 -1 -84 -87 -77 -1 -1 -81 0 22 33 38 39 39 32 35 37 43 49 53 54 56 56 60 61 68 68 68 70 72 68 66 65 73 82 81 83 83 85 85 88 91 81 62 67 73 90 82 84 88 87 87 87 94 97 95 96 45 -84 -1 -1 -37 -47 13 102 102 119 120 117 118 104 120 117 111 100 120 119 119 120 117 119 117 100 116 110 108 100 101 107 106 106 119 118 107 101 118 104 79 36 81 114 114 117 117 101 95 31 0 0 12 35 50 70 35 0 0 0 43 91 96 96 84 55 32 0 0 0 -30 -21 -21 -17 -16 -13 -14 0 41 77 117 112 125 108 108 65 81 114 116 114 107 108 84 96 113 111 97 97 67 37 26 4 0 -21 -11 -1 -1 -1 -1 -1 -1 -1 -1 -1 -1 -1 -1 -1 -1 -1 -1 -1 -1 -1 -1 -1 -1 -1 -1 -1 -1 -1 -81 -128 -1 -1 -1 -1 -1 -1 -1 -1 -1 -16 -20 -2 -68 2 2 0 -3 -3 -9 -12 -39 -13 -14 -13 -13 -13 -13 -13 -13 -13 -13 -14 -13 -13 -14 -14 -17 -14 -14 -14 -14 -21 -18 -21 -16 -13 -13 -13 -13 -13 -13 -16 -14 -14 -14 -16 -14 -13 -16 -21 -13 -3 -1 -1 -1
119 118 114 112 100 106 106 110 114 117 112 112 119 110 117 120 117 117 112 112 110 104 106 106 104 95 91 87 73 7 -110 -89 -89 -69 62 66 67 70 72 74 74 74 74 76 73 73 73 74 72 73 73 73 73 68 58 0 0 0 0 0 -128 -128 -128 -88 0 66 71 74 76 68 68 60 52 7 -42 -1 -1 -1 -1 -1 -1 -1 -55 -55 -45 1 55 66 67 67 67 68 67 68 73 73 73 76 76 77 77 72 73 73 74 73 70 67 72 72 78 68 71 68 67 67 70 68 76 77 76 77 77 77 77 78 79 78 78 79 81 82 82 76 76 81 82 83 79 73 74 79 76 71 73 74 72 72 73 77 78 74 78 77 78 74 50 59 72 73 73 72 67 68 73 73 67 71 73 68 68 67 68 68 65 65 67 62 62 60 59 56 54 55 53 52 52 52 50 49 48 45 45 43 42 43 43 43 43 42 39 41 38 39 39 39 39 35 33 33 35 35 35 35 33 30 31 33 37 35 36 37 32 33 33 35 36 36 36 37 36 37 37 32 22 15 0 0 -87 -1 -1 -1 -1 -1 -1 -1 -1 -1 -1 -1 -1 -1 -1 -28 -1 -1 -69 -73 -84 -86 -1 -1 -1 -1 0 30 36 36 37 38 39 39 50 55 48 48 53 59 61 62 62 66 65 66 68 66 67 74 74 72 84 89 88 93 90 88 84 85 82 82 84 84 96 70 89 91 93 87 88 96 99 97 84 19 19 -56 -41 -84 0 82 107 117 117 117 122 105 105 119 117 113 99 106 119 116 119 120 102 97 94 94 104 0 0 78 84 112 120 113 96 104 87 65 65 74 74 94 119 113 104 102 108 95 104 78 85 85 104 76 82 78 42 12 21 82 79 58 38 31 31 0 0 -21 -23 -25 -21 -13 -13 -1 0 44 44 60 82 96 116 111 113 82 85 119 101 96 108 108 94 116 102 99 84 84 66 26 12 0 33 -8 -8 -3 -1 -1 -1 -1 -1 -1 -1 -1 -1 -1 -1 -1 -1 -1 -1 -1 -1 -1 -1 -1 -1 -1 -1 -1 -1 -1 -1 -107 -108 -1 -1 -1 -1 -1 -1 -1 -1 -1 -16 -9 -1 4 29 0 0 0 -9 -3 -28 -28 -14 -2 -3 -14 -14 -14 -13 -13 -13 -13 -13 -13 -13 -14 -14 -13 -13 -25 -18 -14 -14 -22 -17 -13 -13 -13 -13 -13 -13 -13 -14 -13 -14 -14 -13 -14 -14 -14 -14 -13 -14 -14 -4 -3
118 118 118 114 113 120 111 107 108 107 111 111 114 114 106 113 117 114 113 105 105 107 108 104 91 89 89 82 72 15 -126 -115 -42 0 71 73 74 74 76 76 74 74 76 78 74 74 73 73 72 74 74 77 77 78 74 65 44 30 -61 -68 -63 -87 -128 -100 14 14 68 73 77 77 67 62 54 10 -1 -1 -1 -1 -1 -1 -1 -1 -1 -1 -39 9 53 62 65 67 67 67 68 68 72 73 73 76 76 78 78 77 78 78 76 76 76 76 76 78 77 74 76 76 73 73 73 71 71 76 78 81 76 76 76 82 81 81 81 81 82 85 85 82 82 82 84 82 71 36 77 77 79 77 74 76 74 74 74 79 79 81 82 79 79 76 68 59 53 74 78 74 74 71 70 65 64 64 68 68 66 65 64 65 61 61 62 59 61 58 58 58 56 55 54 55 53 53 52 49 48 48 47 47 45 44 45 45 47 45 44 43 39 39 41 41 47 47 41 37 37 35 36 35 29 29 33 35 35 35 35 37 36 32 35 37 38 36 37 36 36 36 37 36 31 0 0 0 0 0 -1 -1 -1 -1 -1 -1 -1 -1 -1 -1 -1 -1 -1 -32 -1 -1 -73 -73 -87 -1 -1 -1 -1 0 0 30 36 36 37 37 37 37 39 49 44 48 59 62 61 62 65 65 65 60 59 27 60 33 73 74 85 89 91 89 89 89 79 84 84 82 87 88 89 84 90 91 93 37 37 37 95 91 101 87 1 -68 -88 -91 33 102 111 111 105 113 118 119 95 120 119 113 101 81 113 113 118 114 117 104 113 104 95 44 0 72 72 119 119 119 108 94 59 74 101 95 89 67 114 118 117 117 108 118 101 112 89 105 88 105 96 104 59 47 47 0 1 43 27 0 0 0 -41 -36 -23 -14 -14 -14 -14 -1 25 29 74 107 118 113 117 90 101 101 95 90 106 101 118 94 116 111 93 95 78 71 71 55 9 0 0 -12 -2 -1 -1 -1 -1 -1 -1 -1 -1 -1 -1 -1 -1 -1 -1 -1 -1 -1 -1 -1 -1 -1 -1 -1 -1 -1 -1 -1 -1 -108 -72 -1 -1 -1 -1 -1 -1 -1 -1 -1 -11 -2 -1 37 27 27 30 15 0 0 -2 -1 -35 -1 -1 -1 -8 -2 -2 -3 -3 -13 -13 -13 -13 -13 -13 -13 -13 -22 -13 -13 -13 -14 -20 -17 -13 -13 -14 -14 -16 -14 -14 -14 -14 -13 -14 -14 -13 -14 -14 -13 -13 -13 -13 -13
118 118 114 113 120 111 111 107 108 107 111 111 114 106 113 117 114 113 105 105 105 107 108 104 91 89 82 72 15 -126 -115 -42 -42 0 71 73 74 74 76 74 74 76 78 74 74 74 73 73 72 74 74 77 78 74 65 44 30 -61 -61 -68 -63 -87 -128 -100 14 68 73 77 77 67 67 62 54 10 -1 -1 -1 -1 -1 -1 -1 -1 -1 -1 -39 9 53 62 65 67 67 68 68 72 73 73 73 76 76 78 78 77 78 76 76 76 76 76 78 78 77 74 76 76 73 73 71 71 76 78 81 76 76 76 76 82 81 81 81 82 85 85 82 82 82 82 84 82 71 36 77 79 77 74 76 74 74 74 74 79 79 81 82 79 76 68 59 53 74 78 78 74 74 71 70 65 64 68 68 66 65 64 65 65 61 61 62 59 61 58 58 56 55 54 55 53 53 53 52 49 48 48 47 45 44 45 45 47 47 45 44 43 39 39 41 47 47 41 37 37 35 35 36 35 29 29 33 35 35 35 37 36 32 35 35 37 38 36 37 36 36 37 36 31 0 0 0 0 0 0 -1 -1 -1 -1 -1 -1 -1 -1 -1 -1 -1 -1 -1 -32 -1 -1 -73 -87 -1 -1 -1 -1 -1 0 0 30 36 36 37 37 37 39 49 44 48 48 59 62 61 62 65 65 60 59 27 60 33 73 73 74 85 89 91 89 89 79 84 84 82 87 88 88 89 84 90 91 93 37 37 95 91 101 87 1 1 -68 -88 -91 33 102 111 105 113 118 119 95 95 120 119 113 101 81 113 118 114 117 104 113 104 104 95 44 0 72 72 119 119 108 94 59 74 101 101 95 89 67 114 118 117 108 118 101 112 89 105 105 88 105 96 104 59 47 0 1 43 27 0 0 0 0 -41 -36 -23 -14 -14 -14 -1 25 29 74 74 107 118 113 117 90 101 95 90 106 101 118 94 94 116 111 93 95 78 71 55 9 0 0 -12 -2 -2 -1 -1 -1 -1 -1 -1 -1 -1 -1 -1 -1 -1 -1 -1 -1 -1 -1 -1 -1 -1 -1 -1 -1 -1 -1 -1 -1 -1 -108 -72 -1 -1 -1 -1 -1 -1 -1 -1 -1 -11 -2 -1 37 27 30 15 0 0 -2 -1 -1 -35 -1 -1 -1 -8 -2 -3 -3 -13 -13 -13 -13 -13 -13 -13 -13 -13 -22 -13 -13 -14 -20 -17 -13 -13 -13 -14 -14 -16 -14 -14 -14 -13 -14 -14 -13 -14 -14 -14 -13 -13 -13 -13 -13
117 117 112 114 117 116 107 111 107 111 111 111 116 116 107 116 110 106 106 108 106 106 105 101 96 94 94 81 0 -124 0 55 4 64 77 77 74 74 77 77 77 90 102 96 83 72 74 74 76 78 81 84 84 82 78 66 47 4 -96 -110 -60 -1 -1 -1 0 0 59 70 76 78 67 62 53 18 -1 -1 -1 -1 -1 -1 -1 -1 -1 -1 -1 -39 18 56 64 68 68 71 71 72 71 73 74 76 77 78 78 81 78 78 82 79 79 77 78 78 74 77 78 81 74 76 76 76 74 77 77 78 74 77 81 84 87 84 85 85 87 87 81 72 82 81 81 76 66 41 84 84 83 78 79 77 77 77 78 83 82 84 81 78 78 73 74 74 43 76 77 72 70 67 55 54 56 56 60 65 70 66 62 64 62 64 61 64 61 59 59 58 59 56 56 56 55 52 50 52 48 49 48 48 47 47 45 47 48 49 47 47 44 41 43 43 45 43 43 42 39 38 37 32 30 31 32 35 35 33 36 36 32 31 33 37 37 38 38 37 37 37 36 33 29 0 0 24 29 27 0 0 -1 -1 -1 -1 -1 -1 -1 -1 -1 -1 -1 -26 -1 -1 -1 -1 -1 -1 -1 -1 -1 0 0 27 32 33 37 37 37 33 37 43 49 54 56 61 64 70 64 65 65 60 13 0 0 0 70 77 85 87 91 79 81 81 81 84 84 85 89 99 96 84 91 97 79 0 0 0 44 90 97 90 13 -1 -82 25 91 111 114 114 107 113 119 119 97 120 110 112 119 96 102 102 120 114 114 107 119 101 85 94 -89 -102 72 106 106 91 72 93 101 44 33 43 78 76 107 117 96 96 117 114 110 116 96 102 91 97 79 83 49 56 56 8 0 8 0 0 -30 -27 -31 -22 -13 -12 -13 -13 -1 26 20 89 70 111 102 82 100 77 88 88 101 116 68 114 113 90 95 105 93 101 68 42 42 29 6 4 0 -1 -1 -1 -1 -1 -1 -3 -1 -1 -1 -1 -1 -1 -1 -1 -1 -1 -1 -1 -1 -1 -1 -1 -1 -1 -1 -1 -1 -1 -1 -110 -103 -87 -1 -1 -1 -1 -1 -1 -1 -1 -8 -3 -1 29 61 61 95 45 0 0 -2 -1 -18 -11 -1 -1 -12 -4 -4 -4 -3 -3 -3 -3 -2 -3 -4 -13 -13 -14 -13 -13 -13 -13 -14 -18 -16 -17 -13 -20 -13 -17 -20 -14 -14 -13 -14 -17 -14 -17 -16 -16 -14 -18 -13 -13
117 113 114 117 114 102 102 101 95 100 101 101 106 96 102 96 93 93 94 94 94 95 93 84 79 76 66 -128 -9 59 72 77 77 81 81 76 74 74 78 79 94 106 99 84 73 73 74 74 76 78 82 85 81 78 67 6 18 -55 -55 -50 -1 -1 -1 -1 -51 16 65 70 70 60 60 58 49 -49 -1 -1 -1 -1 -1 -1 -1 -1 -1 -1 -1 -1 16 52 62 68 71 72 72 71 73 74 74 76 77 78 78 81 78 78 77 79 77 78 77 77 74 77 78 81 77 76 77 74 77 77 78 71 71 70 71 76 82 83 85 85 82 73 65 78 78 79 81 76 66 77 84 84 78 79 78 76 77 77 78 83 82 85 82 77 73 74 76 42 76 78 78 70 61 58 24 0 24 26 62 70 66 62 64 64 62 62 61 64 61 60 58 59 58 56 56 56 56 53 50 52 48 49 50 45 47 47 48 48 48 52 49 47 44 41 43 45 43 44 43 43 38 38 37 32 30 31 32 35 33 35 36 33 33 33 33 37 37 38 38 37 37 35 35 30 29 27 30 30 36 33 27 0 0 0 0 -1 -1 -1 -1 -1 -1 -1 -1 -4 -22 -1 -1 -1 -1 -1 -1 -1 -1 82 0 0 0 30 36 36 35 36 42 47 54 54 56 64 64 70 64 65 58 18 15 12 58 71 71 76 85 87 91 79 82 81 84 84 85 89 97 97 95 84 91 95 76 -49 -128 78 87 99 93 31 31 -1 -89 70 96 117 117 107 113 119 119 97 97 119 110 112 119 96 102 120 112 114 107 119 101 101 90 99 0 0 43 66 90 113 114 101 77 70 70 0 22 42 66 105 88 114 114 110 116 96 102 102 91 96 79 83 52 58 39 16 0 0 -9 -30 -30 -27 -30 -20 -12 -12 -13 4 35 67 97 74 74 113 104 82 99 76 84 97 113 67 113 112 88 88 94 104 93 104 68 41 25 0 0 0 -1 -1 -1 -1 -1 -1 -1 -3 -1 -1 -1 -1 -1 -1 -1 -1 -1 -1 -1 -1 -1 -1 -1 -1 -1 -1 -1 -1 -1 -1 -1 -73 -119 -3 -1 -1 -1 -1 -1 -1 -1 -1 -9 -1 -1 32 65 102 53 0 0 -2 -1 -1 -1 -36 -1 -1 -11 -4 -3 -2 -2 -2 -2 -2 -2 -3 -4 -13 -13 -14 -13 -13 -13 -14 -18 -16 -18 -18 -13 -20 -13 -17 -18 -14 -13 -14 -16 -14 -17 -16 -16 -16 -14 -18 -14 -13
114 114 114 112 112 111 104 87 76 76 78 79 79 79 77 52 0 0 64 73 70 71 65 55 -128 -128 -128 0 0 67 78 88 90 83 82 81 78 82 90 90 99 120 111 111 72 76 77 79 81 79 82 85 85 83 77 70 56 7 -41 -1 -1 -1 -40 -47 -42 -42 14 58 61 55 13 41 21 -39 -1 -1 -1 -1 -1 -1 -1 -1 -1 -1 -1 -1 -42 13 61 68 68 71 71 72 73 73 73 77 77 77 78 81 74 74 72 73 76 79 79 78 79 81 84 85 85 81 81 84 82 81 82 78 71 21 14 6 65 77 84 84 79 68 54 24 71 70 74 72 77 83 83 83 83 81 81 82 78 78 81 85 85 87 85 82 82 81 78 74 41 73 70 61 12 0 -40 -42 68 68 2 60 65 66 65 61 64 68 56 61 60 60 60 60 60 59 60 59 54 54 53 52 52 52 50 50 49 50 50 50 50 52 50 50 48 42 43 43 42 43 45 44 42 37 35 31 31 32 37 36 36 35 36 33 35 35 36 36 37 37 37 33 35 35 38 36 35 35 32 36 37 38 33 33 33 32 32 0 0 -1 -1 -1 -1 -1 -1 -1 -31 -1 -1 -1 -1 -1 -1 0 0 78 -1 83 0 24 33 33 35 36 36 41 45 53 56 62 60 65 65 67 67 66 65 64 67 72 79 81 82 83 88 79 87 87 87 88 88 93 96 99 91 85 91 96 68 -128 -128 -128 0 90 95 91 31 26 -128 55 96 117 118 118 106 110 119 119 113 111 104 107 119 93 88 88 122 101 117 108 94 118 74 62 49 0 79 97 97 116 101 111 112 95 84 0 -88 -82 0 74 65 65 104 119 118 110 85 90 89 99 84 78 72 49 49 31 0 0 0 -103 -22 -32 -25 -14 -12 -13 61 61 15 79 107 104 84 108 96 91 77 56 55 55 76 118 91 101 99 73 58 90 106 110 96 48 48 20 0 0 -13 -1 -1 -69 -69 -1 -1 -2 -1 -1 -1 -1 -1 -1 -1 -1 -1 -1 -1 -1 -1 -1 -1 -1 -1 -1 -1 -1 -1 -1 -1 -1 -1 -1 -1 -1 -1 -1 -1 -1 -1 -1 -13 -1 -1 44 97 97 108 49 3 0 61 -1 -1 -12 -22 -1 -1 -1 -1 -1 -1 -1 -1 -1 -3 -11 -6 -6 -11 -3 -7 -7 -9 -6 -3 -21 -21 -20 -13 -21 -13 -14 -21 -16 -16 -14 -16 -16 -17 -16 -14 -14 -16 -21 -14 -13
116 117 114 113 105 64 64 0 0 0 0 0 0 0 0 44 4 0 0 0 0 0 0 0 -128 -128 53 71 81 91 96 88 88 87 88 89 88 96 119 119 116 105 74 74 82 82 84 81 83 79 77 77 72 70 71 68 58 12 12 0 -47 -79 -86 -40 -45 -60 15 20 14 0 0 29 19 -1 -1 -1 -1 -1 -1 -1 -1 -1 -1 -1 -1 -1 -1 10 54 64 70 71 73 72 76 76 76 77 76 81 83 79 78 33 35 78 83 84 83 83 82 82 85 83 83 83 84 83 81 74 81 68 68 21 0 19 25 62 67 59 4 10 0 29 29 71 74 78 83 82 84 83 87 85 84 82 82 82 84 84 87 79 81 79 78 76 71 44 72 72 72 64 16 0 18 22 2 43 60 65 66 64 66 66 66 66 67 67 64 67 65 64 61 61 60 56 56 55 55 54 53 53 53 50 50 50 50 50 50 53 52 52 49 41 39 43 43 45 42 42 38 38 36 35 29 32 37 36 33 36 36 36 35 35 35 37 37 36 36 32 36 37 37 38 38 36 37 37 38 38 39 38 39 36 27 0 0 0 -1 -1 -1 -1 -1 -1 -31 -1 -1 -1 -1 0 14 0 0 0 -1 83 0 0 31 37 39 38 38 44 55 55 59 60 61 66 67 67 66 71 66 60 61 71 71 68 83 83 79 89 84 88 89 91 96 102 84 84 91 88 93 95 21 13 64 84 95 96 95 66 66 22 -128 -58 89 108 112 117 113 119 118 118 118 104 100 112 119 101 96 110 118 118 117 73 72 72 96 99 88 48 83 94 107 111 113 104 100 30 30 -42 -103 -31 -91 -128 0 84 93 116 112 93 91 91 95 95 84 81 66 35 12 0 0 -108 -20 -27 -27 -32 -14 -13 -1 -27 0 18 82 101 117 106 106 102 97 107 78 88 83 101 106 66 110 60 84 84 47 96 101 85 72 37 0 0 0 -1 -1 -1 -1 -79 -107 -1 -1 -2 -1 -1 -1 -1 -1 -1 -1 -1 -1 -1 -1 -1 -1 -1 -1 -1 -1 -1 -1 -1 -1 -1 -1 -1 -1 -1 -1 -1 -1 -1 -1 -1 -1 -1 -9 -1 -1 48 100 99 68 54 0 25 -1 -1 -1 -1 -35 -1 -1 -1 -1 -1 -1 -1 -1 -1 -1 -13 -8 -14 -20 -7 -21 -4 -8 -3 -3 -4 -23 -23 -14 -22 -21 -14 -20 -18 -16 -13 -14 -14 -14 -14 -14 -14 -14 -20 -14 -13
116 116 117 114 113 105 64 0 0 0 0 0 0 0 0 0 44 4 0 0 0 0 0 0 -128 -128 -128 53 71 81 91 96 88 87 88 89 88 96 119 119 119 116 105 74 74 82 84 81 83 79 77 77 77 72 70 71 68 58 12 0 -47 -79 -86 -40 -45 -45 -60 15 20 14 0 29 19 -1 -1 -1 -1 -1 -1 -1 -1 -1 -1 -1 -1 -1 -1 10 54 64 64 70 71 73 72 76 76 77 76 81 83 79 78 78 33 35 78 83 84 83 82 82 85 83 83 83 83 84 83 81 74 81 68 21 0 19 25 62 67 67 59 4 10 0 29 71 74 78 83 82 84 84 83 87 85 84 82 82 84 84 87 79 81 79 79 78 76 71 44 72 72 64 16 0 18 22 2 2 43 60 65 66 64 66 66 66 67 67 64 67 67 65 64 61 61 60 56 55 55 54 53 53 53 53 50 50 50 50 50 53 52 52 49 41 39 39 43 43 45 42 42 38 36 35 29 32 37 36 36 33 36 36 36 35 35 37 37 36 36 32 36 36 37 37 38 38 36 37 38 38 39 38 39 36 36 27 0 0 0 -1 -1 -1 -1 -1 -31 -1 -1 -1 -1 -1 0 14 0 0 -1 83 0 0 31 31 37 39 38 38 44 55 59 60 61 66 67 67 67 66 71 66 60 61 71 68 83 83 79 89 84 84 88 89 91 96 102 84 91 88 93 95 21 13 13 64 84 95 96 95 66 22 -128 -58 89 108 112 112 117 113 119 118 118 104 100 112 119 101 96 96 110 118 118 117 73 72 96 99 88 48 83 94 94 107 111 113 104 100 30 -42 -103 -31 -91 -128 0 0 84 93 116 112 93 91 95 95 84 81 66 35 35 12 0 0 -108 -20 -27 -32 -14 -13 -1 -27 0 0 18 82 101 117 106 102 97 107 78 88 83 83 101 106 66 110 60 84 47 96 101 85 72 37 37 0 0 0 -1 -1 -1 -79 -107 -1 -1 -2 -1 -1 -1 -1 -1 -1 -1 -1 -1 -1 -1 -1 -1 -1 -1 -1 -1 -1 -1 -1 -1 -1 -1 -1 -1 -1 -1 -1 -1 -1 -1 -1 -1 -1 -9 -1 -1 48 100 100 99 68 54 0 25 -1 -1 -1 -35 -1 -1 -1 -1 -1 -1 -1 -1 -1 -1 -13 -8 -14 -20 -7 -21 -21 -4 -8 -3 -3 -4 -23 -14 -22 -21 -14 -20 -18 -18 -16 -13 -14 -14 -14 -14 -14 -14 -20 -14 -13
116 120 116 105 89 0 0 48 76 0 93 100 95 101 93 96 90 77 0 0 0 84 94 84 78 72 79 84 88 89 90 88 88 90 95 102 110 122 117 116 112 81 79 74 82 82 83 83 82 77 71 68 70 71 72 72 66 59 59 48 0 -45 -1 -1 -1 -58 -50 -1 -1 -54 -54 -36 -63 -1 -1 -1 -1 -1 -1 -1 -1 -1 -1 -1 -1 -1 -1 -42 19 58 66 70 71 74 74 76 76 76 76 79 81 82 79 32 36 77 83 82 82 82 83 82 84 81 78 74 79 79 82 77 81 77 77 67 30 25 0 15 13 14 -88 0 0 0 0 66 74 81 82 79 79 78 79 83 84 83 82 82 83 81 72 65 8 72 74 74 74 47 72 76 76 72 67 64 62 64 58 60 65 65 66 68 73 73 72 70 72 72 67 72 68 64 64 61 61 61 61 58 55 54 52 54 54 52 52 53 53 52 52 53 52 49 39 22 0 32 42 42 43 41 39 39 37 32 27 30 33 29 32 36 35 35 36 35 35 36 36 36 33 33 33 36 36 37 37 38 38 38 39 37 37 38 37 36 38 35 32 0 0 -1 -1 -1 -1 -1 -17 -7 -1 -1 -67 0 16 0 0 0 0 24 0 27 33 38 41 41 45 49 58 58 66 67 68 65 67 71 70 67 52 0 0 0 0 20 68 82 84 88 90 87 88 89 85 81 82 82 90 94 99 87 48 47 89 101 100 108 107 72 72 0 -126 -128 0 88 107 119 113 111 120 107 107 89 91 113 120 117 100 112 116 85 73 82 100 100 118 87 101 81 76 93 101 104 90 88 67 0 0 -37 -42 77 0 -102 8 2 47 111 111 72 70 70 101 76 60 79 56 22 0 0 -124 -17 -11 -37 -37 -27 -13 -1 -1 0 49 74 95 111 101 85 85 79 117 118 111 120 118 116 90 81 41 44 70 70 50 53 60 47 43 12 0 0 -1 -1 -1 -1 -1 -103 -120 -1 -1 -1 -1 -1 -1 -1 -1 -1 -1 -1 -1 -1 -1 -1 -1 -1 -1 -1 -1 -1 -1 -1 -1 -1 -1 -1 -1 -1 -1 -1 -1 -1 -1 -1 -1 -1 -1 -1 2 0 93 102 77 59 0 0 -1 -1 -1 -1 -11 -12 -70 -70 -1 -1 -1 -1 -1 -4 -4 -17 -16 -18 -26 -16 -14 -4 -3 -3 -3 -1 -17 -17 -4 -6 -20 -14 -23 -21 -17 -16 -17 -14 -16 -16 -16 -13 -13 -17 -13 -13
117 117 118 106 90 0 0 84 90 95 100 108 107 107 111 110 108 106 97 82 83 100 105 99 93 94 94 95 96 94 95 97 94 101 110 120 119 117 116 116 118 100 79 76 78 85 84 84 79 72 76 76 76 72 62 25 26 58 55 18 0 -59 -35 -13 -1 -1 -1 -47 -53 -41 -98 -128 -92 -1 -1 -1 -1 -1 -1 -1 -1 -1 -1 -1 -1 -1 -1 -1 21 54 54 65 71 72 73 74 74 76 76 78 79 81 78 78 70 71 78 82 82 81 82 84 83 79 83 79 79 83 84 85 84 83 82 78 70 62 20 27 0 0 0 9 44 19 24 70 78 79 78 79 81 81 79 79 81 83 83 85 78 68 33 16 19 26 26 74 74 74 58 66 76 79 78 78 78 76 72 72 71 72 72 72 71 76 72 72 72 70 71 72 72 70 64 64 64 64 62 59 56 54 53 54 53 53 52 54 55 53 52 54 52 48 9 0 62 62 0 43 44 43 38 36 36 31 29 29 31 31 31 33 35 31 33 35 36 36 35 32 32 37 35 35 35 35 37 38 37 37 37 38 36 36 37 36 36 38 35 36 30 0 0 -1 -1 -1 -1 -26 -1 -1 -1 76 0 25 29 27 22 0 0 26 33 33 38 39 41 45 53 59 64 62 65 71 67 65 65 59 54 26 -112 -128 -100 43 66 79 79 84 87 87 74 84 82 82 85 89 101 94 93 90 74 89 89 91 97 104 113 106 71 0 -41 -128 0 85 102 102 102 107 110 120 100 114 105 110 122 112 97 97 88 74 81 117 113 88 108 90 105 87 91 97 97 83 100 20 27 12 -128 -86 0 44 43 0 0 0 0 38 84 113 65 90 65 72 70 68 38 19 19 0 0 -23 -23 -21 -32 -13 -2 -1 37 0 60 60 52 77 117 100 106 106 117 105 114 117 119 119 94 87 99 65 16 1 15 10 22 15 9 0 0 0 58 -1 -1 -1 -1 -117 -81 -1 -1 -1 -1 -1 -1 -1 -1 -1 -1 -1 -1 -1 -1 -1 -1 -1 -1 -1 -1 -1 -1 -1 -1 -1 -1 -1 -1 -1 -1 -1 -1 -1 -1 -1 -1 -1 -1 -1 2 0 87 87 104 84 72 14 0 -101 -65 -103 0 0 0 0 0 -1 -77 -1 -1 -1 -6 -16 -16 -26 -14 -13 -3 -3 -12 -3 -7 -3 -3 -18 -6 -3 -7 -3 -27 -23 -23 -20 -22 -18 -14 -14 -14 -13 -14 -17 -13 -12
118 117 102 59 0 99 99 106 107 106 104 110 107 111 112 111 105 102 100 100 101 105 105 99 93 94 95 96 94 95 97 96 96 101 111 122 120 118 116 118 99 77 74 77 83 83 84 85 78 72 76 77 68 3 21 24 12 -51 -51 -41 -1 -69 -41 -34 -49 24 0 7 -47 10 10 41 10 20 -1 -40 -41 -1 -1 -1 -1 -1 -1 -1 -1 -1 -1 -1 21 47 64 71 72 76 74 74 74 73 76 78 81 81 81 73 78 81 82 82 81 81 81 83 83 79 82 78 84 85 87 87 84 83 83 79 74 74 71 64 26 27 59 64 71 74 74 78 81 79 79 82 81 79 78 79 84 84 85 85 74 26 0 0 22 27 70 72 74 66 56 78 78 81 78 78 81 77 73 73 74 74 74 73 76 76 72 72 72 70 71 70 67 64 64 65 65 62 62 59 58 54 54 55 53 52 54 54 53 52 52 54 53 50 43 4 16 8 44 44 44 38 36 36 37 31 29 31 33 33 36 37 31 33 36 37 37 36 35 31 32 37 37 35 35 37 39 37 37 37 37 38 38 39 39 38 36 36 37 31 30 0 0 -1 -1 -1 -1 -32 -1 -1 0 20 33 36 36 32 29 0 0 21 32 38 39 42 47 54 59 59 62 62 65 73 61 0 0 3 -128 -108 -64 -114 -114 6 64 81 79 84 87 74 84 82 82 84 88 88 93 32 25 61 0 25 33 93 104 113 104 64 64 0 70 30 0 87 102 102 106 110 119 99 99 113 102 95 89 76 83 117 114 96 117 114 89 89 107 90 105 87 91 100 83 96 65 0 -84 -128 -128 0 78 102 110 88 47 42 44 87 113 65 87 87 64 71 68 67 37 15 0 0 -25 -23 -22 -32 -32 -16 -2 33 0 49 67 54 76 116 97 106 106 107 117 104 114 117 118 94 85 99 65 13 1 1 0 0 0 0 0 0 38 -2 -1 0 0 0 0 -121 -128 -1 -1 -1 -1 -1 -1 -1 -1 -1 -1 -1 -1 -1 -1 -1 -1 -1 -1 -1 -1 -1 -1 -1 -1 -1 -1 -1 -1 -1 -1 -1 -1 -1 -1 -1 -1 -1 -1 -1 -1 38 90 104 83 73 14 0 -103 -103 -69 0 0 15 6 0 0 -112 -1 -1 -1 -6 -6 -16 -16 -26 -14 -13 -3 -12 -2 -8 -3 -4 -20 -20 -4 -3 -7 -3 -27 -22 -18 -21 -18 -16 -14 -14 -14 -13 -14 -17 -13 -13
111 111 97 68 0 68 106 111 108 102 111 112 113 113 112 113 112 110 110 107 106 107 106 104 104 100 100 99 101 102 102 107 111 122 117 118 116 110 110 110 94 78 77 76 84 85 84 81 74 74 81 78 78 67 44 0 -37 -1 -1 -40 -1 -1 -13 -37 -107 -107 41 45 48 15 16 54 52 13 8 -58 -68 -68 -65 -68 -1 -1 -1 -1 -1 -1 -1 -1 -39 13 13 62 71 72 72 73 74 74 76 78 79 82 82 82 81 81 85 84 85 84 84 84 87 85 85 85 85 87 87 83 83 84 85 82 79 84 82 79 78 78 76 77 83 85 84 85 83 81 82 83 84 84 83 82 83 84 88 85 73 25 22 16 18 29 29 68 71 78 78 54 82 82 83 83 84 83 79 79 77 77 77 77 77 72 72 74 71 71 67 66 66 67 68 68 67 67 61 61 59 52 53 55 52 52 54 56 53 53 53 53 54 52 45 43 44 44 41 42 44 39 37 36 33 31 30 31 36 36 36 36 33 30 33 35 33 35 32 35 36 35 36 36 36 36 37 37 37 37 37 36 37 38 37 37 37 35 36 35 35 31 0 0 -1 -1 -1 -27 -1 -1 -1 0 32 37 38 36 33 30 0 0 26 26 32 36 43 52 58 61 62 66 73 77 53 -58 -58 -128 -60 -93 -41 -128 0 15 70 78 68 89 89 89 83 85 83 88 89 95 48 0 -89 -110 -128 -128 -128 25 83 107 108 105 3 55 71 33 0 87 97 97 99 102 107 113 89 81 65 104 102 106 118 118 102 91 106 84 119 89 108 101 102 93 101 84 84 84 97 26 0 -82 -124 39 102 117 107 101 79 79 102 110 105 100 105 70 60 91 44 49 24 4 4 0 0 -13 -16 -18 -14 -13 -63 0 35 58 87 87 83 68 81 89 104 111 112 111 117 97 81 81 85 81 95 76 18 0 60 65 71 66 64 -8 -8 -1 -1 14 0 0 0 0 -78 -1 -1 -1 -1 -1 -1 -1 -1 -1 -1 -1 -1 -1 -1 -1 -1 -1 -1 -1 -1 -1 -1 -1 -1 -1 -1 -1 -1 -1 -1 -1 -1 -1 -1 -1 -1 -1 -1 -1 -1 38 59 59 108 79 61 10 0 -105 0 0 24 30 0 0 0 0 -75 -1 -1 -3 -16 -12 -12 -23 -13 -13 -3 -3 -13 -1 -4 -4 -1 -14 -3 -2 -1 -3 -7 -13 -13 -14 -20 -20 -18 -16 -13 -14 -13 -13 -13 -13
111 97 68 0 68 106 106 111 108 102 111 112 113 112 113 112 110 110 107 107 106 107 106 104 104 100 99 101 102 102 107 111 111 122 117 118 116 110 110 94 78 77 76 84 85 85 84 81 74 74 81 78 67 44 0 -37 -1 -1 -1 -40 -1 -1 -13 -37 -107 41 45 48 15 16 16 54 52 13 8 -58 -68 -65 -68 -1 -1 -1 -1 -1 -1 -1 -1 -1 -39 13 62 71 72 72 73 74 74 74 76 78 79 82 82 81 81 85 84 85 84 84 84 84 87 85 85 85 87 87 83 83 84 85 85 82 79 84 82 79 78 76 77 83 85 84 84 85 83 81 82 83 84 83 82 83 84 88 85 85 73 25 22 16 18 29 68 71 78 78 54 82 82 82 83 83 84 83 79 77 77 77 77 77 72 72 72 74 71 71 67 66 67 68 68 67 67 61 61 61 59 52 53 55 52 54 56 53 53 53 53 53 54 52 45 43 44 41 42 44 39 37 36 36 33 31 30 31 36 36 36 33 30 33 35 33 33 35 32 35 36 35 36 36 36 37 37 37 37 37 37 36 37 38 37 37 35 36 35 35 31 0 0 0 -1 -1 -1 -27 -1 -1 0 32 37 38 38 36 33 30 0 0 26 32 36 43 52 58 61 61 62 66 73 77 53 -58 -128 -60 -93 -41 -128 0 0 15 70 78 68 89 89 83 85 83 88 89 95 95 48 0 -89 -110 -128 -128 25 83 107 108 105 3 3 55 71 33 0 87 97 99 102 107 113 89 89 81 65 104 102 106 118 102 91 106 84 119 89 89 108 101 102 93 101 84 84 97 26 0 -82 -124 -124 39 102 117 107 101 79 102 110 105 100 105 70 70 60 91 44 49 24 4 0 0 -13 -16 -18 -14 -14 -13 -63 0 35 58 87 83 68 81 89 104 104 111 112 111 117 97 81 85 81 95 76 18 0 0 60 65 71 66 64 -8 -1 -1 14 0 0 0 0 0 -78 -1 -1 -1 -1 -1 -1 -1 -1 -1 -1 -1 -1 -1 -1 -1 -1 -1 -1 -1 -1 -1 -1 -1 -1 -1 -1 -1 -1 -1 -1 -1 -1 -1 -1 -1 -1 -1 -1 -1 -1 38 59 108 79 61 10 0 -105 -105 0 0 24 30 0 0 0 -75 -1 -1 -3 -16 -16 -12 -12 -23 -13 -13 -3 -13 -1 -4 -4 -1 -14 -14 -3 -2 -1 -3 -7 -13 -14 -20 -20 -18 -16 -13 -13 -14 -13 -13 -13 -13
93 93 0 0 73 107 106 105 113 113 119 119 119 119 116 105 112 110 111 112 113 112 112 111 106 102 102 104 106 111 111 119 119 119 117 104 102 102 90 90 81 79 79 82 88 83 82 76 73 73 71 70 70 68 56 9 -100 -1 -49 -93 -49 -59 -1 -1 -81 -81 -44 14 50 60 65 67 61 58 47 9 -44 -44 -58 -1 -1 -1 -1 -1 -1 -1 -1 -1 -41 0 0 58 70 72 72 73 74 74 76 79 82 81 82 82 83 84 82 83 84 88 87 84 83 84 87 87 87 88 87 82 82 83 88 84 83 84 85 85 83 83 83 85 85 83 88 87 87 83 84 84 87 87 90 88 85 90 91 88 83 77 76 77 76 79 79 77 76 81 85 55 87 85 85 88 87 84 87 87 77 77 81 81 77 82 78 76 72 68 66 62 62 65 70 72 68 65 64 60 58 56 53 54 53 53 55 58 53 52 53 56 53 53 50 49 52 52 42 41 42 41 37 31 32 32 30 33 35 32 32 30 31 32 35 35 33 33 36 37 36 36 37 37 36 36 37 37 37 37 37 37 36 37 37 35 35 33 35 31 33 33 29 0 -44 -1 -1 -8 -20 -20 -1 0 31 36 36 36 35 32 0 0 0 0 0 15 38 52 58 62 65 71 77 71 50 0 0 -128 0 0 -41 -51 54 67 78 76 74 90 97 97 104 87 91 93 101 94 85 24 -128 -128 -128 -100 -100 66 85 100 97 107 87 72 66 0 65 100 100 100 99 102 90 67 91 114 88 111 105 108 116 116 101 87 114 95 117 91 110 114 104 87 90 65 65 99 96 0 0 93 96 104 112 106 96 105 105 105 83 112 96 112 100 76 91 73 42 27 14 0 0 0 -27 -9 -12 -13 -2 -3 0 50 61 54 71 71 88 79 85 84 95 118 105 101 95 77 41 41 43 32 0 0 0 54 56 61 -1 -2 -1 -1 -1 -1 0 0 30 24 22 0 -1 -1 -1 -1 -1 -1 -1 -1 -1 -1 -1 -1 -1 -1 -1 -1 -1 -1 -1 -1 -1 -1 -1 -1 -1 -1 -1 -1 -1 -1 -1 -1 -1 -1 -1 -1 -1 -1 -1 -1 -1 4 50 50 95 82 55 8 0 -116 0 15 19 36 3 0 0 0 -1 -2 -14 -14 -9 -4 -12 -20 -3 -3 -3 -3 -3 -1 -1 -1 -11 -11 -2 -1 -1 -3 -14 -2 -2 -1 -1 -8 -20 -23 -14 -14 -16 -14 -17 -21
73 0 77 105 116 110 110 119 119 118 119 119 120 112 114 114 113 112 113 113 114 117 118 113 112 108 111 111 112 116 119 108 108 116 105 102 100 96 90 89 87 84 88 87 87 87 81 77 78 73 74 74 73 65 0 -9 -1 -39 -39 -59 -72 -2 -67 -1 -1 -1 -89 18 66 77 77 77 67 61 1 20 -1 -1 -1 -1 -1 -1 -1 -1 -1 -1 -1 -1 -35 -98 55 70 71 71 71 72 72 74 76 79 81 81 83 84 84 84 85 85 88 88 85 87 85 85 87 87 87 88 85 87 89 85 85 87 84 87 85 88 85 88 87 84 81 85 85 87 85 84 88 91 93 93 93 89 91 93 94 94 91 90 88 90 88 90 85 81 84 87 56 84 84 87 85 83 83 83 79 79 76 76 74 73 74 74 74 73 66 58 35 27 22 59 61 66 62 62 62 61 58 56 53 54 53 54 55 53 53 55 55 55 55 52 53 53 44 42 43 39 36 35 32 32 32 32 31 32 32 32 31 33 36 35 33 32 32 33 36 35 33 36 38 36 37 35 35 35 36 36 37 33 33 33 35 33 32 32 32 32 33 25 25 0 0 0 0 0 0 64 0 30 33 36 36 38 37 36 26 0 0 0 0 39 52 59 61 61 70 74 77 70 54 3 0 0 43 0 24 67 67 73 79 77 76 84 99 89 88 99 96 95 100 100 95 67 10 -128 -91 0 70 85 97 100 102 94 94 84 4 0 88 100 83 67 62 77 106 108 108 101 104 112 117 95 111 102 94 114 71 113 97 97 112 81 94 99 113 72 106 107 38 48 111 107 107 122 116 101 110 100 112 82 112 81 89 105 85 85 84 50 29 29 0 0 -32 -18 -27 -13 -2 -1 -1 0 39 58 70 71 93 71 70 49 71 105 105 95 104 89 83 74 35 15 0 0 0 0 0 0 0 0 0 0 -1 -1 -1 0 29 33 35 29 29 0 -1 -1 -1 -1 -1 -1 -1 -1 -1 -1 -1 -1 -1 -1 -1 -1 -1 -1 -1 -1 -1 -1 -1 -1 -1 -1 -1 -1 -1 -1 -1 -1 -1 -1 -1 -1 -1 -1 -1 -1 -1 7 50 78 71 50 0 0 -128 -128 0 0 21 30 3 0 0 -3 -11 -11 -11 -4 -4 -2 -4 -2 -3 -4 -2 -6 -1 -1 -1 -12 -4 -4 -2 -1 -1 -11 -3 -1 -1 -1 -1 -1 -14 -22 -22 -25 -18 -14 -35 -51
0 0 74 102 114 117 111 118 119 119 119 119 119 119 112 114 114 113 113 113 114 117 118 113 112 111 111 113 113 114 117 119 108 113 102 100 97 96 89 89 88 87 84 87 87 87 81 76 79 74 74 73 73 74 72 54 0 -44 20 0 -94 -128 -72 -87 -39 -39 -1 -93 3 66 78 77 68 65 48 1 -1 -1 -1 -1 -1 -1 -1 -1 -1 -1 -1 -1 -1 -53 -53 54 65 68 71 71 73 74 76 79 82 81 83 83 84 84 84 85 89 90 85 87 85 85 87 85 85 87 87 85 87 89 85 87 85 87 85 89 85 85 88 87 84 81 85 87 85 84 90 94 90 90 90 95 91 91 93 96 94 91 87 93 90 88 88 85 79 84 87 56 84 87 88 85 83 83 78 78 78 76 76 74 73 74 74 72 62 49 6 22 22 18 10 0 26 60 61 61 58 56 53 55 53 53 54 55 53 53 55 55 54 52 52 54 44 44 42 41 39 36 35 32 32 32 31 32 33 32 32 31 33 36 35 33 32 33 36 33 32 36 37 37 36 37 36 36 36 36 35 33 33 31 33 33 33 32 32 32 31 27 0 0 16 30 33 36 1 1 0 0 0 25 32 37 39 38 36 32 30 30 32 35 45 53 59 61 70 74 77 70 60 54 54 3 50 7 18 77 72 74 79 78 74 84 99 99 89 88 99 95 95 100 99 76 19 -128 -128 68 68 84 90 97 100 100 94 83 0 0 53 67 82 82 95 102 102 107 108 99 101 110 113 95 111 111 100 94 116 70 113 95 110 81 94 96 113 72 72 106 116 102 111 117 107 122 116 101 107 99 112 112 107 89 81 89 105 85 84 50 29 25 0 0 0 -27 -18 -27 -14 -1 35 0 52 61 72 74 95 95 71 70 49 70 101 94 104 89 83 71 25 25 0 0 0 0 0 33 38 38 27 10 9 62 62 0 24 37 35 35 29 0 0 -1 -1 -1 -1 -1 -1 -1 -1 -1 -1 -1 -1 -1 -1 -1 -1 -1 -1 -1 -1 -1 -1 -1 -1 -1 -1 -1 -1 -1 -1 -1 -1 -1 -1 -1 -1 -1 -1 -1 -1 3 50 50 74 64 41 0 0 -124 0 0 19 26 0 0 0 -41 -2 -11 -9 -12 -4 -3 -4 -2 -1 -2 -2 -2 -4 -1 -1 -1 -13 -4 -2 -1 -1 -11 -2 -1 -1 -1 -1 -1 -1 -14 -23 -25 -18 -14 -34 -50
56 102 117 116 116 120 120 117 119 118 119 118 120 119 119 117 118 117 118 118 116 119 118 118 116 116 118 118 120 113 112 108 108 106 101 101 97 95 93 91 91 94 94 95 94 94 89 88 90 89 88 88 81 79 64 10 19 22 22 41 -58 -84 -73 -60 -49 -1 -1 0 65 78 78 70 67 64 55 9 -1 -1 -1 -1 -1 -1 -1 -1 -1 -1 -1 -1 -1 -41 22 58 64 70 66 70 70 73 72 78 79 79 83 84 84 85 87 87 91 91 89 89 88 88 88 84 84 89 87 89 89 89 89 90 85 85 87 87 88 89 88 88 85 85 85 88 89 88 93 94 93 94 91 101 91 95 97 97 96 95 95 101 94 95 88 85 88 88 56 83 83 85 84 82 78 78 78 79 72 71 76 73 74 74 72 71 65 3 12 0 15 20 14 54 59 61 61 61 58 59 55 58 53 54 55 54 52 53 53 55 54 48 52 49 45 47 42 44 42 37 35 35 33 33 32 32 33 35 32 36 35 33 32 33 33 35 35 32 33 37 36 36 36 37 35 33 35 35 32 31 29 32 33 32 32 31 32 27 22 0 0 0 29 37 39 38 16 15 20 0 1 27 27 33 38 41 35 35 39 42 39 50 55 59 62 62 65 72 73 74 65 66 65 68 70 71 82 76 76 73 74 66 74 88 91 89 93 94 94 96 99 99 95 82 20 3 0 88 94 93 96 100 91 84 84 50 0 -53 39 88 91 105 97 96 107 104 104 105 112 111 102 90 94 101 70 106 67 56 85 85 83 87 97 101 95 58 107 104 116 118 117 118 118 118 108 120 120 102 120 118 55 82 83 90 61 61 61 62 31 18 0 22 -18 -12 -14 -1 -1 0 0 38 62 77 105 108 79 58 91 74 67 77 77 88 100 94 77 54 0 0 0 31 37 32 45 45 43 33 27 30 0 0 0 31 32 35 31 22 22 0 0 -1 -1 -1 -1 -1 -1 -1 -1 -1 -1 -1 -1 -1 -1 -1 -1 -1 -1 -1 -1 -1 -1 -1 -1 -1 -1 -1 -1 -1 72 25 0 -79 -1 -1 -1 -1 -1 -1 -1 13 68 88 15 12 0 0 0 0 0 0 22 24 0 0 -41 -23 -8 -11 -11 -3 -3 -2 -2 -1 -2 -2 -2 -1 -1 -1 -1 -12 -4 -4 -4 -4 -8 -3 -1 -1 -1 -1 -1 -1 -1 -2 -2 -17 -20 -31 -44 -55
56 56 102 117 116 116 120 117 119 118 119 118 120 120 119 119 117 118 117 118 116 119 118 118 116 116 116 118 118 120 113 112 108 106 101 101 97 95 93 93 91 91 94 94 95 94 89 88 90 89 88 88 88 81 79 64 10 19 22 41 -58 -84 -73 -60 -49 -49 -1 -1 0 65 78 70 67 64 55 9 -1 -1 -1 -1 -1 -1 -1 -1 -1 -1 -1 -1 -1 -41 -41 22 58 64 70 66 70 73 72 78 79 79 83 83 84 84 85 87 87 91 89 89 88 88 88 84 84 84 89 87 89 89 89 90 85 85 87 87 88 88 89 88 88 85 85 88 89 88 93 94 93 93 94 91 101 91 95 97 96 95 95 101 94 95 95 88 85 88 88 56 83 85 84 82 78 78 78 78 79 72 71 76 73 74 72 71 65 3 12 0 0 15 20 14 54 59 61 61 58 59 55 58 53 53 54 55 54 52 53 55 54 48 52 49 45 45 47 42 44 42 37 35 33 33 32 32 33 35 35 32 36 35 33 32 33 35 35 32 33 37 36 36 36 36 37 35 33 35 32 31 29 32 33 32 32 32 31 32 27 22 0 0 29 37 39 38 16 16 15 20 0 1 27 33 38 41 35 35 39 39 42 39 50 55 59 62 65 72 73 74 65 66 66 65 68 70 71 82 76 73 74 66 74 88 91 91 89 93 94 94 96 99 95 82 20 3 0 88 88 94 93 96 100 91 84 50 0 -53 39 88 91 91 105 97 96 107 104 105 112 111 102 90 94 94 101 70 106 67 56 85 83 87 97 101 95 58 58 107 104 116 118 117 118 118 108 120 120 102 120 120 118 55 82 83 90 61 61 62 31 18 0 22 22 -18 -12 -14 -1 -1 0 38 62 77 105 108 79 79 58 91 74 67 77 88 100 94 77 54 0 0 0 0 31 37 32 45 43 33 27 30 0 0 0 0 31 32 35 31 22 0 0 -1 -1 -1 -1 -1 -1 -1 -1 -1 -1 -1 -1 -1 -1 -1 -1 -1 -1 -1 -1 -1 -1 -1 -1 -1 -1 -1 -1 -1 72 72 25 0 -79 -1 -1 -1 -1 -1 -1 13 68 68 88 15 12 0 0 0 0 0 22 24 0 0 0 -41 -23 -8 -11 -11 -3 -2 -2 -1 -2 -2 -2 -2 -1 -1 -1 -1 -12 -4 -4 -4 -8 -3 -1 -1 -1 -1 -1 -1 -1 -1 -2 -17 -20 -31 -44 -55
81 101 113 110 116 117 117 118 120 118 118 119 118 116 118 112 119 118 118 118 118 118 118 119 119 119 119 119 118 119 117 112 112 111 110 105 104 100 99 97 99 99 102 105 107 107 108 113 118 118 114 113 90 82 73 65 66 66 66 54 45 0 0 -60 -83 -1 -1 16 62 76 76 72 71 70 59 10 16 -1 -1 -1 -1 -1 -1 -1 -1 -1 -1 -1 -1 -1 13 41 62 67 70 71 71 72 76 78 78 79 84 84 85 87 85 87 87 87 87 89 89 90 88 88 90 91 93 84 88 90 90 87 89 89 87 89 91 85 90 91 88 93 93 91 94 95 97 96 95 96 95 100 97 100 101 101 101 100 94 91 90 87 83 88 89 85 70 70 70 82 82 82 79 79 77 76 72 76 76 68 73 73 71 74 70 66 65 61 62 56 59 58 62 65 65 66 64 61 61 58 53 53 52 52 50 52 52 54 50 50 50 47 48 45 47 52 48 42 38 38 37 35 32 33 35 35 31 33 33 32 32 35 35 37 35 36 35 36 38 37 37 37 36 31 33 33 33 31 30 33 35 33 30 33 31 24 0 0 0 21 32 38 37 36 32 7 33 26 0 0 0 24 36 41 37 36 39 42 49 55 58 64 68 68 66 66 71 73 73 71 74 74 74 77 76 76 76 73 61 20 76 89 97 90 89 100 91 97 87 87 90 85 88 79 35 84 90 94 83 68 52 65 65 70 -58 -128 0 94 90 102 99 104 100 112 112 117 117 102 89 83 107 90 83 64 56 73 68 68 83 101 112 116 112 73 70 112 95 119 118 116 116 112 112 120 118 106 122 117 68 88 116 77 76 76 64 53 33 6 0 0 -23 -3 -1 -1 30 0 0 45 79 70 81 99 77 90 79 89 88 82 82 73 68 76 50 33 0 4 43 54 60 55 53 53 59 37 24 26 36 2 32 31 30 32 25 24 24 25 0 -1 -1 -1 -1 -1 -1 -1 -1 -1 -88 -88 -1 -1 -1 -1 -1 -1 -1 -1 -1 -1 -1 -1 -1 -1 -1 -1 -1 0 0 0 7 -89 -1 -1 -1 -1 -1 -1 0 0 41 68 20 0 0 0 0 0 0 0 16 15 0 0 -22 -47 -4 -9 -6 -1 -1 -2 -1 -1 -7 -1 -1 -1 -1 -1 -1 -1 -6 -6 -9 -8 -2 -1 -1 -1 -1 -1 -1 -1 -1 -1 -1 -1 -2 -42 -55 -65
88 88 107 110 117 118 119 119 118 117 117 119 118 118 118 119 107 119 119 117 119 118 117 119 119 118 118 118 119 119 118 119 117 117 114 110 106 105 104 104 102 101 105 111 119 122 117 114 117 113 99 102 102 102 67 78 79 78 73 66 56 0 0 4 -86 -86 -1 -1 18 65 76 72 74 66 61 49 10 10 -46 -1 -1 -1 -1 -1 -1 -1 -1 -1 -1 -1 -1 -1 0 58 66 71 73 74 76 78 78 82 79 79 83 84 84 85 88 88 87 85 88 89 91 91 91 91 95 89 88 91 89 91 90 90 89 89 90 90 89 91 95 91 97 96 96 97 101 97 101 101 100 101 100 101 102 95 94 100 91 96 93 91 91 89 89 85 88 77 62 87 85 83 81 84 82 82 81 77 78 73 68 74 77 77 77 77 78 78 78 74 68 71 68 68 67 68 64 62 62 59 54 54 50 52 53 52 50 50 50 49 49 48 48 48 47 49 53 48 42 41 38 35 33 33 36 32 32 31 32 33 32 35 36 36 35 35 33 36 36 36 36 36 36 33 31 31 31 31 31 33 33 33 33 32 32 26 18 0 0 29 38 38 38 35 33 33 8 39 32 27 0 0 21 30 33 36 38 38 47 53 60 60 65 71 70 71 70 74 77 81 81 78 81 81 77 81 78 74 15 0 74 88 94 94 89 91 87 88 93 89 89 94 94 99 77 71 71 52 21 61 81 85 89 13 -70 -81 26 99 95 95 96 93 100 96 110 118 112 89 93 82 84 84 89 83 64 60 67 73 90 97 120 118 85 88 88 74 95 94 118 118 119 116 117 118 114 104 124 124 101 116 76 81 59 49 56 60 19 4 0 0 0 -20 -2 -1 -1 0 37 66 82 88 90 100 104 104 90 97 96 101 94 55 65 39 32 20 48 48 72 67 84 97 78 74 70 45 31 19 35 39 39 41 35 25 26 22 21 22 0 -1 -1 -1 -1 -1 -1 -1 -1 -1 -82 -94 -2 -1 -1 -1 -1 -1 -1 -1 -1 -1 -1 -1 -1 -1 -1 -67 0 16 6 6 0 0 -7 -1 -1 -1 -1 -1 10 1 38 38 43 0 0 0 0 71 0 3 8 9 0 -12 -12 -14 -30 -22 -3 -3 -2 -1 -1 -6 -1 -4 -4 -4 -1 -8 -1 -1 -1 -3 -7 -11 -3 -1 -1 -1 -1 -1 -1 -1 -1 -1 -1 -1 -7 -54 -65 -74
105 113 110 117 118 119 119 119 118 118 117 119 118 119 119 107 119 119 117 117 118 119 118 119 120 118 118 118 118 118 119 118 118 118 114 110 107 104 105 104 102 104 113 120 123 123 118 116 116 113 100 104 104 68 78 81 78 73 73 70 67 66 55 49 -67 -45 -59 18 62 74 74 72 74 66 65 58 53 10 24 -1 -1 -1 -41 -41 -46 -1 -1 -1 -1 -1 -1 18 55 64 70 71 71 74 76 78 78 82 79 83 84 84 85 87 88 88 88 85 88 89 93 91 93 95 89 91 91 89 89 91 90 93 89 89 89 89 91 97 94 99 99 96 96 97 99 96 101 101 101 100 101 102 95 95 94 99 91 94 90 91 88 88 87 88 85 55 55 87 85 84 82 83 82 82 77 79 74 71 76 76 79 77 77 78 79 78 74 68 71 68 68 67 67 67 66 64 61 59 54 52 52 53 53 52 52 50 50 48 48 48 48 44 49 53 48 41 41 41 38 35 33 33 35 32 30 33 33 32 35 36 36 38 37 35 35 36 36 36 36 37 33 31 31 31 32 32 31 33 33 33 32 29 15 0 0 25 25 35 39 38 38 35 35 13 35 36 35 31 31 0 0 25 32 36 39 48 53 62 61 66 71 71 70 71 70 72 77 82 78 81 81 78 82 78 78 70 0 38 74 88 94 89 89 84 85 91 89 89 87 88 88 81 38 67 39 0 0 25 74 78 78 0 -88 27 77 108 99 96 93 100 94 110 110 118 112 89 93 82 82 89 82 64 60 66 73 73 91 99 119 118 84 88 77 97 96 116 118 118 118 116 117 120 117 104 123 102 118 99 61 59 48 48 59 60 19 3 0 36 -21 -2 -1 0 36 52 52 71 85 91 94 101 105 91 97 95 105 96 96 55 65 37 31 21 55 81 73 88 99 79 78 78 71 48 33 19 33 43 44 36 25 26 21 19 19 0 0 -1 -1 -1 -1 -1 -1 -1 -1 0 16 16 0 -1 -1 -1 -1 -1 -1 -1 -1 -1 -1 -1 -1 -1 -1 0 1 26 0 0 -9 -1 -1 -1 -1 -1 -1 -1 10 2 39 43 14 0 -128 -100 71 71 0 0 0 0 0 -13 -13 -3 -44 -2 -3 -2 -2 -1 -1 -6 -1 -3 -3 -1 -8 -1 -1 -1 -3 -3 -7 -11 -2 -1 -1 -1 -1 -1 -1 -1 -1 -1 -1 -1 -6 -55 -67 -73
114 114 111 112 119 119 119 117 119 117 118 118 118 118 119 112 114 119 119 117 117 119 117 119 118 118 118 117 114 118 118 119 119 119 119 116 112 108 111 111 113 112 116 122 118 114 112 112 113 104 107 99 99 84 66 71 65 81 74 71 76 72 66 53 -98 -98 -107 -1 13 64 71 74 72 67 66 66 62 62 49 9 -1 -1 -1 -47 -58 -1 -1 -1 -1 -1 -1 -1 -42 18 62 67 70 74 76 78 79 79 82 82 84 85 88 85 88 85 88 87 89 93 94 94 94 96 96 96 96 96 94 94 94 95 95 93 91 91 93 91 99 101 99 100 99 99 100 100 102 102 104 104 102 101 96 90 95 91 89 93 95 94 94 93 93 89 91 90 55 88 87 84 85 85 85 85 84 83 79 77 79 78 79 79 79 82 82 79 79 70 76 76 74 71 68 67 66 62 59 56 52 52 50 52 50 49 50 49 48 47 45 48 48 48 43 42 50 47 43 39 36 35 36 35 31 31 31 32 32 32 33 37 35 37 36 36 35 35 35 35 35 35 36 32 30 30 33 33 31 33 33 35 35 32 29 18 0 21 31 36 37 36 37 37 37 37 27 18 39 39 36 31 0 22 33 38 44 44 55 56 64 67 71 70 71 70 70 72 76 73 73 72 67 60 72 79 73 61 0 13 72 85 94 94 90 88 84 79 89 82 65 13 19 71 84 91 91 81 16 13 12 76 71 0 0 38 100 118 97 97 95 99 101 100 112 106 106 95 85 88 73 73 76 89 72 68 65 74 85 94 108 94 65 111 111 94 110 78 96 116 120 116 110 119 116 117 117 117 89 117 104 47 101 95 90 43 22 1 0 -31 -31 -2 -1 30 0 48 59 78 88 94 108 113 87 87 95 84 95 108 93 67 67 39 54 37 65 65 77 79 96 95 95 95 81 62 44 22 26 43 43 44 38 22 25 25 15 0 61 -1 0 -70 -1 -1 -1 -1 -1 -1 0 18 0 -1 -1 -1 -1 -1 -1 -1 -1 -1 -1 -1 -1 29 0 10 29 16 0 0 -98 -1 -1 -1 -1 -1 -1 -1 0 0 41 41 30 4 0 -74 0 0 0 0 0 0 -22 -14 -14 -8 -2 -21 -27 -3 -2 -1 -6 -1 -1 -1 -1 -1 -1 -9 -1 -20 -11 -4 -14 -3 -2 -1 -1 -1 -1 -1 -1 -1 -1 -1 -1 -1 -22 -55 -65 -73
114 111 112 119 119 119 119 117 119 117 118 118 118 119 112 114 119 119 117 117 117 119 117 119 118 118 117 114 118 118 119 119 119 119 119 116 112 108 111 113 112 116 122 118 114 114 112 112 113 104 107 99 84 66 71 65 81 74 74 71 76 72 66 53 -98 -107 -1 13 64 71 71 74 72 67 66 66 62 49 9 -1 -1 -1 -47 -47 -58 -1 -1 -1 -1 -1 -1 -42 18 62 67 70 70 74 76 78 79 79 82 84 85 88 85 88 85 85 88 87 89 93 94 94 96 96 96 96 96 94 94 94 94 95 95 93 91 93 91 99 101 99 99 100 99 99 100 100 102 104 104 102 101 96 90 90 95 91 89 93 95 94 93 93 89 91 90 55 55 88 87 84 85 85 85 84 83 79 77 79 78 78 79 79 79 82 82 79 70 76 76 74 71 68 68 67 66 62 59 56 52 50 52 50 49 50 50 49 48 47 45 48 48 43 42 50 47 43 39 39 36 35 36 35 31 31 32 32 32 33 37 35 35 37 36 36 35 35 35 35 35 36 32 30 30 30 33 33 31 33 33 35 32 29 18 0 21 31 31 36 37 36 37 37 37 27 18 39 39 36 36 31 0 22 33 38 44 55 56 64 67 71 70 70 71 70 70 72 76 73 72 67 60 72 79 73 73 61 0 13 72 85 94 90 88 84 79 89 82 82 65 13 19 71 84 91 81 16 13 12 76 71 71 0 0 38 100 118 97 95 99 101 100 112 112 106 106 95 85 88 73 76 89 72 68 65 74 74 85 94 108 94 65 111 94 110 78 96 116 120 120 116 110 119 116 117 117 89 117 104 47 101 95 95 90 43 22 1 0 -31 -2 -1 30 0 48 59 59 78 88 94 108 113 87 95 84 95 108 93 93 67 67 39 54 37 65 77 79 96 95 95 95 95 81 62 44 22 26 43 44 38 22 25 25 15 15 0 61 -1 0 -70 -1 -1 -1 -1 -1 0 18 18 0 -1 -1 -1 -1 -1 -1 -1 -1 -1 -1 -1 -1 29 0 10 29 16 0 -98 -1 -1 -1 -1 -1 -1 -1 -1 0 0 41 30 4 0 -74 0 0 0 0 0 0 0 -22 -14 -8 -2 -21 -27 -3 -2 -2 -1 -6 -1 -1 -1 -1 -1 -9 -1 -20 -11 -4 -4 -14 -3 -2 -1 -1 -1 -1 -1 -1 -1 -1 -1 -1 -1 -22 -55 -65 -73
112 112 113 120 120 119 119 119 119 119 118 114 112 112 111 113 120 118 118 117 118 118 117 116 116 114 114 116 116 119 118 117 116 116 116 119 119 117 120 120 120 123 119 119 116 106 97 105 100 104 95 90 90 74 59 67 72 77 73 68 72 68 58 19 -106 -106 -64 -39 16 64 74 76 73 73 68 67 65 65 55 13 -42 -1 -1 -63 -67 -1 -1 -1 -1 -1 -1 -65 -1 18 55 64 71 74 76 78 82 82 82 82 84 88 83 87 85 87 89 91 91 94 90 90 90 95 95 94 93 99 93 95 99 100 100 96 97 97 99 97 97 96 97 101 102 104 96 101 104 104 106 102 101 95 94 96 97 96 100 102 95 97 97 99 95 96 99 89 56 85 88 87 88 87 83 83 85 83 82 84 83 83 84 81 82 82 81 84 84 81 79 82 81 76 73 70 64 62 60 59 52 52 53 50 50 48 48 45 48 47 47 49 48 48 41 43 49 48 43 39 36 36 33 33 31 32 32 32 33 38 37 37 37 36 35 35 36 36 36 36 36 37 31 29 31 33 33 30 31 31 33 35 35 33 32 31 32 35 36 36 36 38 38 41 39 39 39 6 41 41 38 37 37 32 35 39 47 47 55 59 66 70 73 74 72 74 73 74 74 70 70 21 0 9 64 72 65 0 0 10 68 82 87 87 77 88 68 50 58 66 36 0 29 87 96 93 93 91 84 79 73 70 14 37 90 99 102 107 102 102 106 105 104 100 116 102 89 82 84 85 68 68 76 81 70 55 70 60 83 90 74 71 78 104 104 87 96 84 106 114 116 112 99 111 114 114 96 96 110 83 93 84 88 91 70 45 20 0 0 -14 -14 -1 -1 0 38 56 58 68 81 105 84 91 91 91 88 95 96 105 79 48 79 73 67 62 58 58 66 72 79 76 106 102 71 67 56 39 24 38 38 45 35 20 27 19 9 0 0 0 0 0 -1 -1 -1 -1 -1 -1 0 15 0 0 -1 -1 -1 -1 -1 -1 -1 -1 -1 -1 0 0 26 30 18 4 -119 -119 -46 -1 -1 -1 -1 -1 -1 -1 -1 0 4 4 22 31 27 0 0 14 0 -87 -105 -27 -9 -3 -3 -3 -4 -2 -41 -2 -3 -1 -1 -1 -1 -1 -1 -1 -8 -13 -8 -17 -6 -2 -4 -2 -1 -1 -1 -1 -1 -1 -1 -1 -1 -1 -11 -18 -45 -65 -74 -72
116 119 119 119 117 118 118 118 118 118 114 113 114 116 119 118 118 118 112 112 117 118 113 112 116 116 117 117 119 117 117 112 112 114 116 117 114 119 118 118 117 112 118 117 112 112 107 100 97 97 94 81 71 68 72 77 76 73 73 73 73 65 47 7 -1 -107 18 50 61 70 70 74 76 76 70 65 62 59 54 14 -45 -42 -1 -1 -69 -1 -1 -1 -1 -65 -63 -1 20 53 64 71 71 73 74 78 82 82 82 87 85 83 87 88 88 88 88 89 91 93 89 88 90 91 93 95 99 95 95 99 99 100 100 102 102 101 101 99 100 99 99 102 101 100 102 101 101 99 104 101 100 99 99 99 99 100 100 100 100 101 104 97 97 94 96 62 62 89 91 89 85 81 83 83 78 84 87 87 90 90 91 82 81 82 82 83 82 84 84 76 74 72 72 71 67 64 62 60 56 55 54 52 47 48 48 49 48 49 50 47 43 42 43 50 48 43 41 41 35 35 31 31 30 32 32 37 36 37 35 35 35 36 36 36 35 35 33 36 35 30 33 32 31 31 30 27 32 35 36 35 32 33 39 38 38 38 38 39 41 42 41 41 39 42 9 38 41 39 39 39 39 39 39 39 47 53 59 68 71 72 71 71 72 74 70 77 71 58 19 0 0 59 67 52 52 0 0 20 72 79 84 66 48 62 94 90 90 90 78 30 30 84 97 93 96 97 94 44 0 27 27 85 102 106 99 106 106 102 97 104 102 110 110 104 96 89 89 82 70 81 70 67 64 64 61 61 81 85 66 61 72 79 59 108 85 84 106 113 113 108 100 113 116 116 114 110 100 114 120 55 87 87 74 50 21 0 0 -12 -1 0 36 60 64 68 68 65 102 97 81 94 101 85 100 91 101 59 59 68 84 88 94 65 64 61 66 82 85 116 97 97 82 67 65 48 26 35 45 33 20 27 14 0 0 0 0 0 21 0 -1 -1 -1 -1 78 0 20 20 0 0 0 0 20 0 0 0 0 0 0 16 16 0 25 24 19 0 -128 -106 -1 -1 -1 -1 -1 -1 -1 -1 -1 84 9 0 9 16 0 0 0 0 -128 -13 -20 -3 -3 -7 -6 -4 -3 -22 -23 -1 -1 -1 -1 -1 -12 -12 -2 -2 -20 -2 -11 -3 -2 -2 -1 -1 -1 -1 -1 -1 -1 -1 -2 -3 -9 -45 -45 -54 -54 -73 -75 -78
119 119 119 116 119 114 116 118 112 108 112 108 117 117 119 119 118 117 112 112 116 114 111 112 114 117 117 118 116 119 118 116 112 114 107 106 110 117 118 118 108 105 107 118 118 117 106 97 97 91 82 76 76 70 77 78 84 82 76 76 73 61 0 -47 -1 -1 -82 10 52 22 62 71 76 77 68 67 66 66 65 61 55 49 14 -1 -1 -1 -1 -1 -1 -37 -37 -39 -1 14 52 64 71 72 73 77 78 78 82 82 84 87 85 85 87 87 89 89 88 89 87 87 87 91 96 88 95 95 95 97 104 99 101 99 99 99 97 99 102 104 105 105 105 105 106 101 91 91 49 101 106 105 101 100 99 99 100 100 101 104 104 104 100 99 94 93 58 87 89 88 84 87 85 85 85 88 91 95 87 81 82 82 83 73 79 82 82 79 81 82 76 81 77 71 70 65 61 59 55 55 58 55 50 49 49 52 52 49 48 44 44 44 43 39 49 44 39 35 33 29 29 31 35 33 33 33 36 35 31 36 36 35 35 36 37 36 35 35 33 35 35 33 31 29 29 30 33 36 35 35 35 33 35 38 37 35 38 42 42 44 53 54 50 50 49 27 37 47 44 41 41 42 41 42 49 49 56 64 68 72 73 72 74 76 70 74 64 72 72 55 4 0 15 54 55 0 68 68 65 52 49 49 61 85 89 99 88 84 89 85 85 90 93 89 89 95 97 91 82 45 44 91 108 96 105 100 105 105 104 101 99 107 87 104 89 81 97 76 70 70 60 60 54 50 59 50 65 56 47 50 74 79 79 54 83 89 66 96 116 105 111 104 117 112 113 113 99 101 93 93 42 66 49 45 3 0 0 -1 -1 -1 2 64 90 71 68 79 97 111 97 107 95 95 71 100 111 73 66 64 84 88 96 62 62 62 78 88 102 100 113 118 84 81 85 52 30 25 25 41 31 26 24 14 0 0 25 29 19 0 -1 -1 -1 -1 -1 0 3 19 24 0 0 -128 0 0 0 25 0 31 36 26 0 0 13 19 30 26 0 0 0 -1 -1 -1 -1 -1 -72 -1 -1 -1 83 83 0 0 2 0 0 0 -93 -18 -6 -3 -3 -6 -6 -3 -3 -4 -8 -39 -4 -6 -4 -1 -9 -13 -4 -4 -9 -22 -12 -4 -3 -3 -1 -1 -1 -1 -1 -1 -1 -1 -1 -16 -40 -30 -54 -67 -64 -83 -82 -78
119 119 116 119 114 116 116 118 112 107 113 108 117 119 119 118 117 112 112 112 116 114 111 112 114 117 118 116 119 118 116 112 112 114 108 108 110 118 119 108 105 107 118 117 117 117 106 96 97 89 78 74 67 77 79 84 82 77 77 76 73 61 47 -44 -1 -39 10 33 0 48 48 70 76 77 71 70 66 66 65 65 56 10 -1 -1 -1 -1 -35 -1 -1 -1 -1 -1 4 39 61 68 68 72 72 78 78 78 82 84 85 85 85 87 87 87 89 90 88 89 87 87 90 96 88 95 95 94 94 97 104 99 101 100 99 96 99 102 104 105 105 105 107 107 107 102 91 2 100 105 102 99 101 101 99 99 100 100 101 104 104 100 99 94 93 66 66 78 89 88 84 87 85 85 85 93 95 87 81 81 82 82 84 73 79 82 79 81 82 76 81 77 77 71 70 67 61 59 56 56 54 52 50 49 49 52 50 49 48 45 45 44 42 47 44 39 35 35 33 30 29 29 35 33 33 36 35 32 36 36 36 35 35 36 36 36 35 33 35 35 33 32 29 29 27 30 35 36 35 35 33 33 37 37 37 39 39 43 42 48 55 59 54 49 41 22 53 48 48 44 45 44 43 45 52 56 62 70 71 73 72 72 74 76 70 74 66 76 60 45 0 0 38 31 31 3 43 47 60 72 87 81 87 89 100 90 84 84 94 94 91 94 93 85 90 90 87 84 87 87 87 91 108 94 106 100 105 104 100 99 107 87 87 102 88 81 95 76 68 60 58 53 48 56 48 48 61 54 39 42 66 73 49 79 88 62 93 111 111 99 106 96 108 104 104 89 91 79 82 48 37 37 39 37 0 0 47 -1 68 0 70 94 73 70 70 79 96 113 97 107 96 70 100 111 74 66 66 61 83 88 96 62 62 81 89 105 101 113 119 119 87 83 87 53 31 25 41 29 25 24 16 24 24 30 38 36 24 0 0 -1 -1 -1 18 0 0 0 0 0 13 -106 0 0 24 33 37 38 26 0 0 0 0 0 26 25 14 0 -87 -1 -1 -1 -1 22 0 0 72 72 0 0 0 0 0 0 0 0 -92 -17 -4 -3 -3 -3 -2 -2 -2 -7 -22 -25 -25 -6 -6 -1 -9 -13 -4 -9 -21 -12 -6 -3 -2 -2 -1 -1 -1 -1 -1 -1 -1 -1 -14 -40 -30 -55 -55 -65 -64 -82 -82 -78
119 119 119 116 119 114 116 118 112 107 113 108 117 117 119 119 118 117 112 112 116 114 111 112 114 117 117 118 116 119 118 116 112 114 108 108 110 118 119 119 108 105 107 118 117 117 106 96 97 89 78 74 74 67 77 79 84 82 77 76 73 61 47 -44 -1 -1 -39 10 33 0 48 70 76 77 71 70 66 66 66 65 65 56 10 -1 -1 -1 -35 -1 -1 -1 -1 -1 -1 4 39 61 68 72 72 78 78 78 82 82 84 85 85 85 87 87 89 90 88 89 87 87 87 90 96 88 95 95 94 97 104 99 101 100 99 99 96 99 102 104 105 105 107 107 107 102 91 91 2 100 105 102 99 101 99 99 100 100 101 104 104 104 100 99 94 93 66 78 89 88 84 87 85 85 85 85 93 95 87 81 82 82 84 73 79 82 82 79 81 82 76 81 77 71 70 67 61 59 56 56 56 54 52 50 49 52 50 49 48 45 45 45 44 42 47 44 39 35 33 30 29 29 35 33 33 33 36 35 32 36 36 35 35 36 36 36 35 35 33 35 35 33 32 29 27 30 35 36 35 35 35 33 33 37 37 37 39 43 42 48 55 59 54 54 49 41 22 53 48 44 45 44 43 45 52 52 56 62 70 71 73 72 74 76 70 74 66 76 76 60 45 0 0 38 31 3 43 47 60 72 87 87 81 87 89 100 90 84 94 94 91 94 93 85 85 90 90 87 84 87 87 91 108 94 106 100 105 105 104 100 99 107 87 102 88 81 95 76 68 68 60 58 53 48 56 48 61 54 39 42 66 73 73 49 79 88 62 93 111 99 106 96 108 104 104 104 89 91 79 82 48 37 39 37 0 0 47 -1 -1 68 0 70 94 73 70 79 96 113 97 107 96 96 70 100 111 74 66 61 83 88 96 62 62 62 81 89 105 101 113 119 87 83 87 53 31 25 25 41 29 25 24 16 24 30 38 36 24 0 0 0 -1 -1 -1 18 0 0 0 0 13 -106 0 0 0 24 33 37 38 26 0 0 0 0 26 25 14 14 0 -87 -1 -1 -1 22 0 0 72 72 0 0 0 0 0 0 0 0 -92 -17 -4 -3 -3 -3 -3 -2 -2 -2 -7 -22 -25 -6 -6 -1 -9 -13 -4 -4 -9 -21 -12 -6 -3 -2 -1 -1 -1 -1 -1 -1 -1 -1 -1 -14 -40 -30 -55 -65 -64 -82 -82 -78
120 116 118 117 116 117 117 108 107 112 111 118 118 114 118 113 108 110 111 111 112 112 110 114 116 117 117 116 119 118 116 118 118 110 104 105 105 108 117 108 111 110 119 118 113 113 94 95 90 79 77 76 81 79 83 88 88 83 83 79 74 62 53 24 -1 -1 9 13 2 0 0 67 77 74 71 71 71 70 67 65 58 13 18 18 -1 -1 -97 -56 -54 -1 -1 -1 -1 0 55 65 65 68 73 78 81 82 81 83 84 87 82 85 88 88 89 84 89 91 84 91 94 89 88 93 90 96 96 99 104 101 96 95 94 96 99 100 102 104 104 101 101 106 107 101 95 50 101 102 95 99 104 104 97 100 101 100 99 101 94 91 91 97 99 76 76 65 88 89 94 95 89 87 94 95 85 73 83 83 81 83 77 73 76 76 71 73 77 77 77 71 71 68 71 65 62 61 58 55 53 52 53 52 52 52 52 49 52 50 52 49 45 43 41 37 32 32 30 29 30 32 35 35 36 35 35 33 35 35 35 37 36 41 41 39 36 35 36 37 31 30 26 26 30 33 35 35 33 35 35 37 39 38 38 42 42 44 50 60 60 68 62 49 50 26 61 61 61 61 58 56 58 56 60 60 67 68 74 73 77 77 74 73 71 72 72 74 67 39 0 0 14 0 0 49 67 73 72 83 89 81 87 93 79 79 85 85 89 89 95 95 96 83 82 73 72 84 87 81 81 88 102 95 105 100 104 106 91 102 100 105 105 96 99 73 85 74 66 62 60 52 44 44 41 41 39 36 30 31 42 41 38 56 73 58 71 93 93 82 89 82 61 67 64 43 25 8 0 12 0 0 0 15 0 0 -3 -1 0 42 78 85 72 73 73 81 94 114 112 114 113 107 108 100 50 66 66 45 78 84 102 65 76 90 112 106 118 117 118 118 89 96 85 50 26 20 35 29 20 15 26 33 33 37 38 33 26 29 0 0 -70 -1 -1 -91 -1 -1 72 0 0 0 0 0 0 26 21 22 0 0 0 -68 -1 -128 0 8 6 0 -3 -1 -1 -1 -1 0 14 0 0 0 2 0 15 0 0 0 48 48 -1 -3 -1 -12 -3 -3 -1 -1 -1 -1 -12 -49 -49 -8 -11 -9 -7 -16 -3 -8 -1 -14 -2 -1 -1 -1 -1 -1 -1 -1 -1 -1 -1 -2 -16 -45 -53 -54 -54 -67 -73 -82 -82 -92
119 119 119 118 116 114 113 112 117 118 119 118 116 116 117 114 108 111 111 110 113 112 111 116 117 114 114 116 118 118 117 117 118 117 113 107 108 114 113 113 110 116 117 119 116 96 96 101 87 87 95 89 89 88 89 93 100 95 87 78 71 65 54 30 -65 -65 -1 6 6 -41 0 65 74 76 74 71 71 71 71 70 66 59 49 16 -1 -1 -54 0 -87 -92 -92 -79 -1 -1 -42 19 59 66 71 78 79 82 83 83 84 84 84 84 87 84 83 85 93 90 94 94 94 96 99 93 87 96 97 99 99 95 91 99 99 99 100 100 99 100 97 100 105 107 107 100 96 96 88 35 85 45 94 100 101 104 100 99 100 93 93 91 93 89 97 90 82 61 91 93 93 88 94 94 96 94 88 79 83 78 76 77 79 78 73 76 76 71 76 79 79 76 70 71 65 66 62 64 61 61 56 56 53 53 53 52 52 50 52 53 52 52 52 49 43 42 35 31 31 29 35 31 35 35 35 33 35 35 35 36 36 37 41 42 43 41 38 38 39 38 33 29 30 29 32 32 33 33 35 36 36 35 37 37 37 38 42 52 58 64 72 70 62 62 0 0 33 71 72 70 67 68 66 67 62 62 67 67 68 74 74 71 70 70 71 73 71 52 52 27 38 10 0 -73 0 7 9 62 74 82 88 88 84 84 85 87 79 88 87 88 89 96 94 71 71 19 0 9 74 39 0 21 94 104 105 95 105 105 99 90 104 102 111 96 102 79 77 73 77 77 72 64 52 41 38 31 29 24 0 0 0 0 0 31 41 47 36 45 43 22 0 0 0 0 0 0 0 0 0 0 0 0 0 0 0 0 -1 -1 -1 4 49 59 59 77 66 85 93 101 114 100 113 113 111 107 94 65 66 52 74 79 87 70 83 83 94 93 113 120 111 102 94 101 82 56 26 16 16 42 30 25 24 31 38 39 36 29 30 32 30 30 0 0 -3 -1 -1 -1 -1 79 0 0 73 0 0 0 19 0 0 0 0 -1 -26 -128 0 0 0 0 49 -1 -1 -1 61 16 12 22 32 37 42 42 38 19 0 0 0 0 0 -75 -3 -4 -3 -1 -1 -1 -1 -2 -1 -13 -27 -35 -9 -2 -3 -9 -2 -2 -2 -3 -3 -1 -1 -1 -1 -1 -1 -1 -1 -3 -3 -1 -11 -34 -45 -64 -65 -65 -82 -82 -92 -92
118 118 118 119 118 119 119 118 117 120 118 118 113 118 116 112 117 117 116 116 114 117 116 116 117 116 117 116 114 117 116 111 111 113 112 107 110 117 114 111 114 111 108 112 105 105 102 104 96 100 101 102 102 112 114 117 85 79 79 77 73 66 55 24 -73 -63 -45 2 0 50 50 65 74 74 74 72 71 72 68 67 60 54 0 0 -2 -1 0 4 10 38 -49 -1 -1 -1 18 52 52 64 71 77 79 81 81 82 84 83 81 87 85 85 88 88 93 94 96 95 96 96 91 90 87 94 94 94 97 93 96 102 100 95 95 101 100 104 104 104 108 107 101 101 91 36 0 0 0 94 101 101 100 97 94 95 97 94 99 99 93 93 85 89 89 62 99 97 93 91 85 89 79 91 89 94 71 71 78 81 79 78 78 78 78 79 76 78 68 71 71 71 68 68 65 66 62 61 60 56 52 53 53 53 53 52 52 50 52 54 48 42 37 35 32 32 29 35 35 33 35 35 36 35 36 35 35 38 38 41 44 47 48 47 45 41 38 31 29 31 30 30 30 32 35 36 36 36 36 36 38 39 38 42 42 56 64 68 67 61 14 -128 0 33 73 77 77 71 70 71 72 72 70 70 73 72 74 73 74 74 71 66 55 44 35 41 1 13 -87 -128 -110 -56 -56 0 0 64 72 85 73 78 87 87 81 82 85 85 84 89 96 87 81 16 0 0 10 21 0 0 0 73 97 105 101 101 104 95 101 105 110 105 105 99 99 82 78 84 89 62 61 41 30 31 24 24 0 0 -1 -1 -59 68 0 39 37 41 37 32 32 24 0 1 0 0 60 48 82 45 38 49 16 16 30 10 0 64 -1 1 7 56 64 76 91 59 59 62 79 90 79 88 97 87 102 79 61 59 59 70 72 88 87 74 81 90 105 116 116 94 96 96 102 96 81 55 38 22 29 38 24 33 36 38 38 41 30 29 33 30 32 31 19 0 64 -1 -1 -1 -1 -1 -1 -1 -1 -1 -1 -50 -35 -1 -1 -1 -1 -1 -1 -1 -1 -1 -1 -1 -1 -1 -1 0 0 43 19 29 42 41 41 47 0 13 0 0 18 18 0 0 -18 -3 -1 -1 -1 -1 -18 -12 -7 -13 -13 -50 -18 -3 -2 -1 -1 -1 -1 -1 -1 -1 -1 -1 -1 -1 -1 -1 -1 -25 -28 -34 -45 -55 -65 -74 -74 -83 -78 -93 -92 -91
118 118 119 118 119 119 118 117 118 119 118 118 113 113 118 116 112 117 117 114 114 116 116 116 116 114 114 117 116 114 117 116 111 113 113 110 110 117 113 113 111 114 110 106 110 102 101 104 96 100 102 104 104 104 116 117 120 84 79 77 73 67 56 22 -59 -59 -44 -51 0 2 54 62 71 72 72 72 71 71 72 66 61 54 50 43 0 0 0 10 16 47 47 0 -1 -1 -1 -53 12 60 71 76 78 81 79 79 82 84 83 79 87 85 88 88 94 94 96 95 95 96 96 90 90 87 94 94 97 91 96 102 100 100 95 95 101 100 104 105 108 107 101 101 90 90 36 -128 -46 73 95 101 100 97 94 96 97 94 94 99 99 93 95 85 89 64 99 97 93 91 85 85 89 79 90 89 94 72 78 81 79 78 78 78 78 79 79 76 78 70 71 71 68 68 65 66 62 62 62 60 59 53 54 53 52 52 52 50 53 53 54 48 42 38 35 32 27 35 35 33 35 35 35 36 35 36 36 35 41 43 44 48 49 47 47 47 43 38 31 29 31 30 31 32 35 35 36 36 36 36 37 41 39 39 44 59 66 70 71 60 0 0 -96 0 44 65 77 73 72 73 74 74 70 70 70 73 72 65 54 45 41 39 56 71 70 55 55 10 0 12 1 26 -107 0 48 65 73 85 73 73 77 87 87 82 82 85 84 89 96 87 81 68 68 0 15 64 61 0 29 84 97 104 101 101 104 104 95 101 106 112 108 102 101 84 78 85 89 89 64 61 41 30 31 24 0 -108 -1 -1 -1 -1 -1 14 37 36 39 35 31 24 20 2 0 13 72 72 56 91 58 50 60 39 22 18 0 65 67 4 4 43 60 65 77 91 60 61 78 89 77 89 96 96 85 101 77 59 60 73 76 88 87 74 81 81 90 104 116 114 94 96 101 95 81 55 38 22 22 27 38 24 33 36 39 42 30 29 36 31 35 35 35 25 0 0 -70 -1 -1 -1 -1 -1 -1 -1 -1 -102 -1 -1 -1 -1 -1 -1 -1 -1 -1 -1 -1 -1 -73 -89 -1 0 0 48 24 35 47 45 45 45 49 2 0 0 19 0 0 -89 -20 -3 -1 -1 -1 -1 -1 -18 -9 -7 -13 -20 -47 -2 -3 -1 -1 -1 -1 -1 -1 -1 -1 -1 -1 -1 -1 -1 -1 -23 -23 -30 -32 -44 -54 -67 -74 -83 -78 -92 -92 -91
118 119 118 119 119 118 118 117 118 119 118 118 113 118 116 112 117 117 114 114 114 116 116 116 116 114 117 116 114 117 116 111 111 113 113 110 110 117 113 111 114 110 106 110 102 102 101 104 96 100 102 104 104 116 117 120 84 79 79 77 73 67 56 22 -59 -44 -51 0 2 54 54 62 71 72 72 72 71 72 66 61 54 50 43 43 0 0 0 10 16 47 0 -1 -1 -1 -53 12 12 60 71 76 78 81 79 82 84 83 79 87 85 85 88 88 94 94 96 95 96 96 90 90 87 94 94 94 97 91 96 102 100 95 95 101 100 104 104 105 108 107 101 101 90 36 -128 -46 73 95 101 101 100 97 94 96 97 94 99 99 93 95 85 89 89 64 99 97 93 91 85 89 79 90 89 94 72 72 78 81 79 78 78 78 79 79 76 78 70 71 71 71 68 68 65 66 62 62 60 59 53 54 54 53 52 52 52 50 53 54 48 42 38 35 32 32 27 35 35 33 35 35 36 35 36 36 35 41 41 43 44 48 49 47 47 43 38 31 29 31 30 30 31 32 35 35 36 36 36 37 41 39 39 44 44 59 66 70 71 60 0 -96 0 44 65 77 77 73 72 73 74 74 70 70 73 72 65 54 45 45 41 39 56 71 70 55 10 0 12 1 26 -107 -107 0 48 65 73 85 73 77 87 87 82 82 85 85 84 89 96 87 81 68 0 15 64 61 0 29 29 84 97 104 101 101 104 95 101 106 112 108 108 102 101 84 78 85 89 64 61 41 30 31 24 24 0 -108 -1 -1 -1 -1 14 37 36 39 35 31 31 24 20 2 0 13 72 56 91 58 50 60 39 39 22 18 0 65 67 4 43 60 65 77 91 60 60 61 78 89 77 89 96 85 101 77 59 60 60 73 76 88 87 74 81 90 104 116 114 94 96 96 101 95 81 55 38 22 27 38 24 33 36 39 39 42 30 29 36 31 35 35 25 0 0 -70 -1 -1 -1 -1 -1 -1 -1 -1 -102 -1 -1 -1 -1 -1 -1 -1 -1 -1 -1 -1 -1 -73 -89 -1 0 0 0 48 24 35 47 45 45 49 2 0 0 19 0 0 0 -89 -20 -3 -1 -1 -1 -1 -18 -9 -7 -13 -13 -20 -47 -2 -3 -1 -1 -1 -1 -1 -1 -1 -1 -1 -1 -1 -1 -1 -1 -23 -30 -32 -44 -54 -67 -74 -74 -83 -78 -92 -92 -91
118 118 118 120 118 119 119 119 119 114 113 112 111 111 116 114 119 118 116 113 116 119 119 118 118 118 118 119 117 114 112 111 111 110 107 110 113 113 113 113 114 116 110 114 108 112 112 111 110 111 114 116 116 119 118 116 114 84 85 78 76 68 60 13 -50 -50 -46 -60 6 47 52 56 62 66 72 72 76 76 67 62 45 2 3 45 50 50 0 53 59 50 50 33 -64 -1 -1 -1 13 58 70 74 76 82 81 81 82 83 82 84 85 87 88 89 94 94 94 97 97 99 99 93 94 90 93 91 97 99 99 96 96 96 93 96 100 99 101 104 108 107 105 101 91 91 78 0 61 82 100 97 100 100 97 99 94 99 99 99 97 96 95 95 95 66 102 100 93 90 87 87 89 94 96 88 84 82 88 81 84 81 78 81 81 82 77 76 72 68 74 71 67 66 70 70 64 64 65 60 58 56 54 53 52 50 49 49 50 50 52 45 41 37 33 32 30 33 33 35 36 36 36 35 35 35 35 37 41 44 48 50 52 52 49 49 38 31 30 30 31 32 35 38 36 35 35 35 35 36 38 41 41 43 50 60 70 73 72 64 25 25 50 0 59 55 76 76 77 73 74 72 59 59 41 38 42 53 70 68 71 72 71 73 71 55 55 0 19 56 54 1 0 0 29 74 76 77 66 66 72 82 83 88 84 85 88 89 95 90 89 79 79 38 84 85 87 87 30 90 100 104 104 104 107 107 104 107 110 110 118 108 102 108 99 106 107 107 74 74 62 43 36 27 20 0 0 -1 -1 -1 -1 0 42 48 45 45 44 41 39 37 54 70 83 83 84 106 101 114 81 81 27 20 0 64 81 0 0 47 81 84 85 74 52 64 73 93 84 91 83 83 91 91 82 71 74 79 71 90 71 76 77 77 73 87 104 110 95 89 85 84 66 54 47 19 19 18 32 31 39 37 42 38 30 29 31 29 38 38 33 33 29 19 0 -70 64 22 0 0 0 0 0 0 -89 -1 -1 -1 -1 -1 -1 -1 7 0 0 0 0 0 0 3 48 52 26 33 43 52 45 45 41 12 35 24 0 0 -12 -11 -14 -3 -6 -3 -3 -7 -16 -12 -11 -3 -4 -11 -40 -2 -2 -2 -2 -2 -1 -1 -2 -2 -11 -11 -1 -1 -1 -1 -4 -25 -25 -44 -54 -55 -67 -75 -83 -92 -70 -81 -91 -89
119 117 114 114 114 117 117 119 119 119 119 116 112 118 119 114 117 113 117 117 119 119 119 119 118 119 119 119 117 118 118 111 111 110 110 108 108 114 116 113 118 111 111 110 118 118 119 122 120 122 119 118 116 113 112 99 91 84 84 81 79 72 61 15 -128 -82 -100 -89 6 32 32 19 18 15 55 56 61 64 53 0 0 0 55 55 58 60 61 58 62 54 33 -102 -44 -1 -107 -94 -94 52 65 72 77 78 79 82 83 84 85 85 85 85 88 91 93 95 99 99 100 99 96 90 91 94 94 94 101 104 102 100 102 102 104 100 100 100 100 104 107 107 104 102 95 30 0 24 89 99 100 100 101 101 100 97 100 100 99 99 99 99 99 101 101 71 95 99 99 91 87 89 87 95 94 91 89 89 84 82 84 82 78 79 84 84 77 77 74 78 78 72 70 70 72 72 68 65 64 61 59 56 56 54 52 49 48 48 48 47 43 38 36 36 35 35 33 37 33 35 35 35 35 36 36 39 42 48 48 48 48 53 53 52 44 37 29 30 27 31 33 33 37 36 32 32 35 35 37 39 39 47 50 55 55 67 73 73 72 72 70 62 32 70 48 74 74 76 77 53 39 39 54 66 71 72 76 74 72 72 76 72 76 76 71 62 24 66 72 67 64 59 59 59 73 79 87 73 70 77 78 79 88 88 93 93 88 93 100 97 91 90 94 99 102 102 102 102 102 102 106 110 107 110 107 111 110 114 118 120 120 118 118 123 119 117 113 112 100 95 59 52 43 43 42 29 0 0 0 0 33 50 61 59 60 62 62 70 67 66 71 85 84 97 122 118 97 81 67 67 47 24 0 66 70 2 53 84 100 99 72 52 52 62 67 73 78 96 78 74 72 71 65 56 56 79 82 85 67 79 65 78 93 97 114 100 87 87 85 90 62 55 52 12 36 37 30 37 37 38 38 35 29 25 26 35 37 33 36 24 0 0 0 0 0 0 20 0 21 16 0 65 -1 -1 -36 -114 -114 -36 -70 0 0 30 25 0 0 0 42 53 53 52 41 36 41 45 38 31 13 25 1 0 0 0 -22 -21 -12 -6 -6 -3 -17 -12 -4 -13 -3 -4 -4 -2 -7 -32 -1 -1 -1 -1 -6 -22 -11 -11 -9 -9 -2 -1 -1 -1 -1 -6 -34 -55 -75 -75 -82 -82 -82 -83 -91 -81 -91 -89
119 119 116 114 116 116 110 118 118 118 118 112 114 114 117 116 118 117 117 119 119 119 116 117 117 118 118 118 117 118 119 120 117 114 116 111 112 116 113 113 117 114 111 106 110 120 118 117 118 117 114 114 114 114 113 112 102 87 84 84 81 77 67 60 0 0 -42 -84 -87 -83 -1 -42 -96 -89 -112 18 8 8 52 10 0 2 58 61 65 65 61 56 64 48 48 0 -100 -89 -72 -68 0 43 60 71 77 78 77 77 81 82 84 88 88 88 88 91 95 95 96 96 96 99 100 99 97 97 102 104 104 104 105 105 106 106 105 105 104 102 105 105 108 96 105 99 97 97 87 22 22 88 100 99 100 97 100 99 99 101 101 100 100 101 101 101 96 78 89 94 94 93 89 89 91 88 91 97 90 74 81 84 88 88 82 83 83 79 82 83 83 82 82 79 78 77 73 73 71 71 67 65 62 61 58 54 52 50 49 49 48 48 47 44 43 39 41 37 38 37 31 35 35 35 35 36 37 41 42 47 45 47 50 53 54 52 44 44 33 27 30 31 30 32 36 32 30 33 37 37 37 38 39 45 52 56 60 71 74 76 74 76 74 74 73 74 78 48 67 42 33 56 68 70 70 70 71 71 74 74 79 74 77 76 77 81 81 71 71 74 72 73 72 76 73 83 90 102 93 70 81 81 87 90 85 85 89 95 97 101 101 104 93 97 97 99 102 101 104 107 113 113 111 105 105 108 118 118 113 119 113 119 118 118 118 118 116 113 117 117 118 114 110 99 78 73 77 53 48 44 41 48 48 65 81 90 82 91 93 97 97 94 105 99 104 104 113 117 94 93 95 79 88 0 0 78 83 7 7 60 88 94 108 95 56 73 84 78 66 73 62 62 0 0 0 0 43 79 76 71 67 68 55 55 76 91 110 116 113 101 101 100 77 67 36 19 19 36 35 27 36 37 38 35 21 24 30 37 38 38 33 37 30 31 31 1 32 33 30 27 0 0 0 0 0 0 0 0 0 -128 -128 0 31 32 16 16 36 32 37 59 68 52 37 26 36 37 32 32 20 9 0 0 0 -11 -17 -16 -8 -4 -3 -4 -4 -4 -14 -2 -1 -6 -4 -3 -3 -18 -12 -1 -2 -2 -9 -18 -17 -6 -11 -14 -4 -3 -1 -1 -11 -23 -23 -45 -67 -67 -82 -82 -91 -91 -92 -91 -91 -89
119 116 114 116 116 110 110 117 118 118 118 112 116 117 116 118 117 117 118 118 119 119 117 117 117 118 118 117 118 119 119 117 117 114 116 108 112 114 113 116 114 110 107 110 122 122 118 118 119 118 114 114 114 112 111 102 88 84 84 85 82 77 71 66 26 14 -39 -111 -83 -50 -50 -46 -47 -103 -101 -37 6 44 27 22 48 65 70 70 66 65 64 59 64 48 4 -86 0 31 0 0 0 0 48 67 77 78 77 82 81 84 87 88 88 88 87 91 95 95 96 96 97 99 99 97 96 102 102 104 104 105 104 106 104 101 101 101 102 105 105 105 108 96 102 97 96 82 6 0 49 99 97 97 97 99 100 97 99 97 93 89 90 96 99 96 96 88 79 94 94 93 90 91 89 91 97 90 74 74 81 83 87 85 79 83 79 82 84 83 82 83 83 79 79 77 73 73 71 70 65 64 62 60 60 55 52 50 52 48 48 47 47 43 42 41 38 38 39 38 32 35 35 33 36 37 41 44 47 47 47 49 50 53 54 52 44 31 27 30 31 31 32 32 36 32 32 36 38 37 39 41 49 54 58 62 62 71 73 77 74 77 78 74 66 53 14 52 52 71 68 70 68 70 70 71 71 74 74 79 74 74 77 76 77 81 82 76 79 74 76 77 78 81 81 88 93 104 93 70 82 87 90 85 87 89 95 95 97 101 101 104 94 101 101 102 102 105 108 117 117 116 110 100 93 100 116 114 119 113 118 118 118 119 119 118 118 113 118 120 116 113 104 81 78 78 83 61 61 56 53 59 71 88 95 83 97 97 97 102 102 99 108 102 106 114 118 96 95 96 81 81 89 0 0 81 62 22 64 89 96 110 94 59 59 73 84 78 66 73 62 0 47 64 39 0 0 0 0 71 67 68 53 74 90 108 116 112 99 99 101 100 77 67 36 19 36 35 29 37 37 38 38 35 22 24 31 37 39 35 38 35 35 35 31 31 32 36 33 31 22 21 24 26 0 0 0 20 20 15 0 19 41 41 24 44 42 45 65 70 70 52 37 26 37 37 30 15 3 0 -125 -8 -11 -11 -20 -16 -9 -4 -3 -3 -3 -13 -2 -1 -4 -4 -4 -2 -3 -1 -36 -1 -1 -9 -18 -16 -4 -11 -14 -14 -7 -4 -1 -1 -11 -23 -44 -65 -67 -83 -82 -91 -91 -91 -92 -89 -92 -89
119 119 116 114 116 116 110 117 118 118 118 112 116 116 117 116 118 117 117 118 119 119 117 117 117 118 118 118 117 118 119 119 117 114 116 108 112 114 113 113 116 114 110 107 110 122 118 118 119 118 114 114 114 114 112 111 102 88 84 85 82 77 71 66 26 26 14 -39 -111 -83 -50 -46 -47 -103 -101 -37 6 6 44 27 22 48 65 70 66 65 64 59 64 48 48 4 -86 0 31 0 0 0 48 67 77 78 77 77 82 81 84 87 88 88 87 91 95 95 96 96 96 97 99 99 97 96 102 104 104 105 104 106 104 104 101 101 101 102 105 105 108 96 102 97 96 96 82 6 0 49 99 97 97 99 100 97 99 97 97 93 89 90 96 99 96 88 79 94 94 93 90 90 91 89 91 97 90 74 81 83 87 85 79 83 83 79 82 84 83 82 83 79 79 77 73 73 71 71 70 65 64 62 60 55 52 50 52 48 48 48 47 47 43 42 41 38 39 38 32 35 35 33 33 36 37 41 44 47 47 49 50 53 54 52 44 44 31 27 30 31 31 32 36 32 32 36 38 37 37 39 41 49 54 58 62 71 73 77 74 77 78 78 74 66 53 14 52 71 68 70 68 70 70 70 71 71 74 74 79 74 77 76 77 81 82 76 76 79 74 76 77 78 81 88 93 104 93 70 82 82 87 90 85 87 89 95 97 101 101 104 94 101 101 101 102 102 105 108 117 116 110 100 93 100 116 116 114 119 113 118 118 119 119 118 118 113 118 118 120 116 113 104 81 78 83 61 61 56 53 59 59 71 88 95 83 97 97 102 102 99 108 102 106 106 114 118 96 95 96 81 89 0 0 81 62 22 22 64 89 96 110 94 59 73 84 78 66 73 62 62 0 47 64 39 0 0 0 71 67 68 53 53 74 90 108 116 112 99 101 100 77 67 36 19 19 36 35 29 37 37 38 35 22 24 31 37 39 39 35 38 35 35 35 31 32 36 33 31 22 21 21 24 26 0 0 0 20 15 0 19 41 41 24 24 44 42 45 65 70 52 37 26 37 37 30 30 15 3 0 -125 -8 -11 -20 -16 -9 -4 -3 -3 -3 -3 -13 -2 -1 -4 -4 -2 -3 -1 -36 -1 -1 -1 -9 -18 -16 -4 -11 -14 -7 -4 -1 -1 -11 -23 -23 -44 -65 -67 -83 -82 -91 -91 -92 -89 -92 -89
118 117 116 116 108 105 105 116 116 117 116 110 114 119 118 117 114 118 118 118 117 116 117 113 111 117 117 117 118 118 118 118 118 117 117 114 110 114 114 116 112 111 113 114 117 117 117 117 117 114 102 105 114 114 112 104 94 87 87 85 82 79 72 70 37 60 1 1 12 3 3 4 0 -40 -58 -45 -51 41 27 7 62 70 67 67 68 66 61 64 66 53 4 65 0 44 37 13 13 70 0 65 76 77 76 79 81 83 85 88 89 89 91 94 96 97 97 97 99 100 101 104 106 106 106 104 106 104 104 100 99 95 95 102 105 105 105 105 100 95 99 97 90 22 0 65 93 100 90 90 95 99 101 95 94 87 39 0 30 83 90 94 94 95 65 89 94 95 96 95 94 95 95 84 85 85 88 87 85 78 76 79 84 85 84 87 83 83 83 85 85 78 82 78 73 73 71 68 66 59 59 59 53 52 53 52 50 48 49 48 47 45 45 45 44 42 31 33 35 36 37 38 43 44 43 47 47 49 50 54 54 47 39 31 31 30 33 36 36 36 35 30 36 37 35 38 42 43 52 59 64 66 66 72 76 73 60 50 49 52 62 82 53 76 76 72 70 73 71 73 73 72 74 76 77 77 77 77 82 76 78 81 74 78 74 78 79 77 79 81 81 81 91 97 79 89 88 87 88 87 89 93 96 96 101 106 99 104 100 104 102 105 106 108 114 113 113 111 94 93 0 38 107 118 110 100 116 120 120 117 117 107 106 107 107 119 108 111 104 93 96 96 84 91 85 88 85 94 96 95 106 106 117 119 119 118 120 123 114 122 123 122 114 76 94 111 108 108 88 13 0 67 7 41 68 101 105 110 0 0 0 0 84 77 96 71 0 0 47 62 54 54 54 66 0 0 59 76 52 50 73 96 110 102 101 101 89 84 67 53 30 24 31 31 35 31 41 36 36 32 19 35 37 37 35 39 38 26 29 0 0 0 20 29 26 26 22 35 35 37 35 38 36 32 32 35 37 39 54 43 26 43 41 47 55 45 45 36 33 19 38 42 22 6 0 0 -6 -9 -17 -17 -14 -4 -14 -6 -4 -2 -2 -1 -1 -1 -1 -8 -8 -3 -3 -4 -16 -36 -13 -9 -16 -7 -8 -16 -16 -16 -27 -28 -28 -3 -12 -46 -55 -67 -74 -73 -82 -91 -91 -91 -91 -89 -97 -92
114 114 118 116 111 106 108 116 114 105 102 110 114 114 120 117 117 118 118 117 116 116 107 110 116 116 116 116 116 116 116 116 117 117 118 113 114 114 116 116 117 118 118 118 112 114 118 116 105 101 102 118 118 113 112 102 114 91 84 85 83 76 72 72 37 37 60 59 52 16 13 48 10 -49 -53 -44 9 9 48 13 64 72 71 71 68 64 64 67 66 55 55 15 6 43 45 6 -37 -1 -51 55 66 72 78 78 81 82 85 85 87 89 91 94 94 95 93 100 100 96 101 104 101 106 99 93 104 106 102 93 39 39 41 31 84 99 99 106 102 104 104 99 89 89 29 31 81 94 90 24 78 95 94 91 90 78 78 27 -44 29 38 89 97 94 64 95 97 99 97 97 100 95 93 88 94 94 89 85 41 0 58 71 71 78 78 84 88 83 81 77 76 83 79 81 72 72 74 73 73 67 61 64 54 55 55 54 52 52 53 49 52 50 48 47 45 39 27 31 35 33 33 37 37 41 47 45 48 52 53 53 52 41 36 36 33 38 35 33 35 35 36 36 39 41 43 47 47 47 49 56 60 58 47 44 44 47 61 79 81 81 82 82 85 74 58 76 77 77 72 73 76 76 73 74 77 78 78 81 74 77 81 85 79 82 82 74 76 77 74 77 76 78 85 82 74 79 85 85 88 95 95 91 94 96 100 102 97 104 100 99 99 101 104 107 114 113 97 101 71 0 -128 -36 99 99 114 101 100 117 118 119 117 105 114 112 111 111 120 108 108 113 102 107 99 102 95 95 93 99 99 100 104 101 117 118 120 118 117 108 114 117 110 110 118 104 73 79 97 93 58 0 0 67 6 49 49 79 100 104 105 0 68 0 59 73 73 0 0 0 49 56 59 67 59 55 60 9 12 77 48 48 48 65 89 107 87 81 91 62 59 52 29 29 29 33 33 36 31 36 36 18 22 39 39 35 29 29 38 37 15 33 26 0 0 10 18 0 0 38 38 39 35 35 44 42 45 48 50 52 72 47 45 45 45 42 44 53 45 39 33 30 32 25 10 10 0 0 -3 -4 -13 -8 -3 -3 -1 -13 -2 -2 -2 -1 -1 -1 -1 -1 -1 -1 -1 -6 -12 -47 -3 -3 -3 -2 -2 -3 -2 -1 -18 -28 -54 -14 -23 -55 -55 -65 -86 -83 -78 -81 -82 -92 -91 -88 -94 -84
106 117 114 113 113 116 116 117 108 101 100 111 114 119 118 118 119 118 117 117 116 112 118 116 114 116 117 114 114 114 114 116 116 117 117 117 117 116 114 117 119 119 119 118 116 116 113 118 104 106 117 113 110 108 117 116 83 87 87 85 81 74 72 67 2 33 16 54 62 66 66 66 55 13 -59 -53 10 60 74 79 76 73 71 71 65 65 65 64 62 64 58 56 52 35 -60 -42 -42 -96 -39 14 58 70 79 79 83 83 85 88 89 89 89 90 85 88 88 91 96 100 105 102 104 88 88 96 104 106 95 33 0 -37 -1 0 90 91 91 106 106 107 101 105 99 99 95 94 91 49 0 0 13 74 82 85 74 9 -37 67 12 43 97 97 97 100 66 96 97 99 97 102 91 91 93 89 93 93 89 84 62 7 -100 16 56 60 73 82 94 77 77 79 79 79 81 78 68 72 68 71 71 66 66 62 60 61 58 55 55 52 53 53 53 50 45 45 43 38 31 35 35 33 36 37 43 47 48 52 52 54 55 53 45 37 37 41 43 36 33 35 36 36 38 39 47 49 54 53 36 27 32 35 43 55 55 70 76 78 79 81 79 84 84 83 83 48 48 83 79 78 74 77 78 78 78 77 81 78 77 77 81 81 82 89 74 77 73 81 81 77 78 79 79 76 76 73 79 81 93 91 101 102 99 97 97 97 102 105 105 101 96 100 102 106 107 113 108 85 85 82 9 -128 -103 -41 84 107 102 110 108 114 114 118 116 107 108 118 114 118 116 105 119 106 107 107 91 102 94 96 105 108 105 105 114 123 117 117 117 117 112 114 99 112 100 111 87 72 65 83 60 60 0 0 53 0 8 61 91 105 113 77 0 88 88 74 0 12 29 0 81 39 54 62 68 67 67 61 67 37 0 65 29 43 66 89 102 79 85 85 105 81 47 47 36 27 43 37 35 37 32 22 22 25 38 39 36 29 27 26 21 20 41 31 29 29 0 0 0 0 0 0 35 22 43 49 47 61 61 77 52 37 44 42 58 48 55 55 56 48 48 43 36 30 20 14 8 0 -42 -3 -6 -8 -4 -4 -3 -4 -1 -3 -2 -1 -1 -1 -1 -1 -1 -1 -1 -1 -4 -11 -7 -25 -27 -2 -1 -1 -1 -1 -1 -1 -1 -1 -34 -50 -67 -65 -74 -82 -79 -91 -87 -91 -91 -92 -92 -92 -92 -86
91 91 106 113 116 114 110 111 112 100 100 111 118 118 118 118 118 118 118 117 116 117 117 113 113 114 114 114 112 113 113 113 114 114 111 117 118 118 117 117 118 119 119 117 118 119 117 120 113 116 108 112 112 116 116 110 91 87 88 84 79 78 74 64 0 0 26 9 47 66 73 71 60 16 -1 -61 -49 -49 56 71 79 74 72 72 67 68 64 65 66 68 68 68 61 49 0 -42 -117 -101 -1 -39 15 65 76 76 79 83 84 83 88 87 89 90 89 89 89 90 90 97 99 101 100 99 93 99 101 107 88 31 25 25 -1 -56 27 83 96 106 106 94 105 106 105 105 106 106 100 90 87 31 22 30 0 42 21 22 22 30 15 74 88 95 99 101 66 100 96 93 94 94 91 93 90 93 89 95 90 82 0 -128 -82 -107 -107 0 0 37 85 83 83 84 83 81 81 77 77 77 74 71 76 74 72 65 64 64 60 54 56 56 54 54 53 53 48 44 43 41 37 36 33 33 33 36 37 41 45 52 55 58 55 52 48 39 42 42 45 43 41 42 42 43 48 45 36 30 32 37 37 49 58 66 70 66 70 74 77 79 79 82 82 82 84 87 82 84 48 78 74 76 76 76 78 78 79 79 77 78 79 82 83 82 81 76 73 82 82 79 83 82 79 78 83 76 77 79 82 82 88 88 89 101 101 95 101 102 105 104 104 100 101 102 102 105 102 105 116 91 33 0 -101 -108 -128 -128 -41 -41 25 77 100 96 111 116 110 110 108 118 112 112 119 118 93 113 105 95 112 106 96 101 106 108 108 112 113 116 119 118 118 112 110 114 107 105 82 82 113 74 73 67 93 55 0 0 81 0 45 70 70 96 111 113 21 15 101 67 54 27 0 42 58 58 55 55 64 68 49 45 45 48 4 7 44 44 59 84 105 77 70 84 71 54 56 43 26 39 39 44 41 41 38 22 25 33 35 35 21 18 36 36 19 35 43 47 44 35 12 0 0 -128 0 24 24 39 39 45 55 70 68 49 9 36 33 42 45 45 31 50 59 48 41 30 30 19 9 7 0 0 0 -3 -6 -3 -3 -8 -4 -2 -1 -1 -3 -1 -1 -1 -1 -1 -1 -1 -1 -1 -1 -6 -3 -3 -45 -45 -1 -1 -1 -1 -1 -1 -1 -1 -12 -44 -67 -75 -75 -82 -91 -89 -92 -87 -87 -91 -92 -86 -91 -96
91 106 113 116 114 110 110 111 112 100 100 111 118 118 118 118 118 118 117 117 116 117 117 113 113 114 114 112 113 113 113 114 114 114 111 117 118 118 117 118 119 119 117 118 119 119 117 120 113 116 108 112 116 116 110 91 87 88 88 84 79 78 74 64 0 26 9 47 66 73 73 71 60 16 -1 -61 -49 56 71 79 74 72 72 72 67 68 64 65 66 68 68 61 49 0 -42 -117 -117 -101 -1 -39 15 65 76 79 83 84 83 88 87 87 89 90 89 89 89 90 97 99 101 100 99 93 93 99 101 107 88 31 25 -1 -56 27 83 96 96 106 106 94 105 106 105 106 106 100 90 87 31 31 22 30 0 42 21 22 30 15 74 88 95 99 99 101 66 100 96 93 94 91 93 90 93 89 95 95 90 82 0 -128 -82 -107 0 0 37 85 83 83 83 84 83 81 81 77 77 74 71 76 74 72 72 65 64 64 60 54 56 54 54 53 53 48 44 44 43 41 37 36 33 33 36 37 41 45 52 55 55 58 55 52 48 39 42 45 43 41 42 42 43 43 48 45 36 30 32 37 49 58 66 70 66 70 70 74 77 79 79 82 82 84 87 82 84 48 48 78 74 76 76 76 78 79 79 77 78 79 82 82 83 82 81 76 73 82 79 83 82 79 78 83 83 76 77 79 82 82 88 89 101 101 95 101 102 102 105 104 104 100 101 102 105 102 105 116 91 33 33 0 -101 -108 -128 -128 -41 25 77 100 96 111 111 116 110 110 108 118 112 119 118 93 113 105 95 95 112 106 96 101 106 108 112 113 116 119 118 118 118 112 110 114 107 105 82 113 74 73 67 93 55 55 0 0 81 0 45 70 96 111 113 21 15 101 101 67 54 27 0 42 58 55 55 64 68 49 49 45 45 48 4 7 44 59 84 105 77 70 84 84 71 54 56 43 26 39 44 41 41 38 22 25 25 33 35 35 21 18 36 19 35 43 47 44 35 35 12 0 0 -128 0 24 39 39 45 55 70 68 68 49 9 36 33 42 45 31 50 59 48 41 41 30 30 19 9 7 0 0 -3 -6 -3 -3 -8 -8 -4 -2 -1 -1 -3 -1 -1 -1 -1 -1 -1 -1 -1 -1 -1 -6 -3 -3 -45 -1 -1 -1 -1 -1 -1 -1 -1 -1 -12 -44 -67 -75 -82 -91 -89 -92 -87 -87 -87 -91 -92 -86 -91 -96
31 31 96 110 114 113 107 108 112 100 100 112 118 118 118 118 117 118 118 117 116 118 117 116 116 114 114 113 114 116 113 113 114 113 112 116 118 118 117 117 118 119 119 116 117 119 117 120 113 116 108 112 112 116 116 110 93 87 88 84 79 78 74 66 27 27 20 -1 0 52 68 68 61 14 22 -42 -37 -37 -40 24 73 74 71 72 66 70 64 65 66 68 68 67 61 49 20 -26 -75 -42 -47 -93 0 26 72 72 78 82 84 85 88 87 89 90 89 89 89 91 91 97 99 100 100 99 93 99 101 107 91 87 32 32 -81 -83 0 84 96 106 106 95 105 106 106 106 107 106 100 93 95 87 70 25 0 37 42 39 39 84 90 94 95 96 101 101 70 96 96 93 91 91 90 94 90 93 89 95 90 82 0 0 -7 -60 -60 -128 4 78 85 81 83 84 84 82 82 77 77 77 77 72 76 74 72 65 64 64 60 58 56 56 54 55 53 53 48 44 43 41 37 36 33 33 33 35 37 41 45 52 55 58 55 52 49 42 43 43 47 44 42 31 18 19 21 32 45 56 65 66 66 67 61 67 72 66 70 74 77 78 79 83 83 83 84 87 83 84 61 65 74 76 76 76 78 78 79 77 76 78 81 81 82 83 82 76 73 83 83 81 84 84 81 79 83 77 77 79 82 81 87 87 89 102 101 95 101 102 104 102 102 100 101 102 102 105 101 104 112 85 13 -46 -128 -40 -128 -58 -98 -98 -110 -54 25 14 88 110 110 110 108 118 112 112 119 118 91 112 104 94 110 106 97 102 106 108 108 114 116 116 119 118 118 112 110 114 107 105 82 82 113 74 72 67 91 52 0 0 77 0 29 76 76 97 112 114 0 56 101 65 66 94 99 67 60 60 56 58 64 68 49 44 45 48 45 0 47 47 60 85 105 79 70 84 71 54 55 43 25 39 39 47 42 43 39 20 22 29 33 32 19 16 37 37 19 36 45 50 49 42 19 0 0 0 0 29 29 41 43 50 59 71 61 22 0 0 0 36 41 41 27 48 58 49 41 29 27 10 0 0 16 16 -1 -4 -4 -3 -4 -9 -6 -2 -1 -1 -4 -1 -1 -1 -1 -1 -1 -1 -1 -1 -1 -4 -2 -3 -23 -23 -14 -1 -34 -88 -1 -1 -1 -1 -12 -44 -67 -75 -75 -82 -91 -89 -92 -87 -87 -91 -92 -84 -92 -94
0 44 108 114 114 110 110 113 113 100 107 114 118 117 117 117 117 118 116 116 116 117 105 99 112 108 111 114 116 112 111 110 110 106 105 118 118 119 120 118 119 119 117 117 118 118 118 118 114 114 106 118 104 97 91 88 90 91 91 83 81 81 74 70 30 19 -39 -1 12 66 66 67 64 52 9 -89 -1 -41 19 68 76 76 76 76 72 68 66 66 70 67 67 59 52 13 0 -88 -88 -94 -82 -37 -56 56 72 79 82 84 85 87 88 88 88 91 93 95 95 90 97 95 97 102 101 99 99 96 99 100 97 99 89 32 13 72 93 102 102 104 101 105 108 106 106 106 102 100 102 101 94 94 47 0 24 77 87 94 101 99 101 101 102 101 101 99 77 83 91 93 84 88 94 90 94 95 97 97 96 79 72 62 0 -46 0 70 81 81 85 82 82 88 88 87 87 85 84 83 82 83 78 74 74 70 68 64 60 59 56 54 55 53 50 47 48 48 44 42 39 38 37 32 36 38 45 48 53 55 55 59 59 60 54 43 35 29 25 25 38 53 56 56 59 60 59 67 76 79 70 60 71 72 70 70 70 78 76 78 78 79 82 84 84 81 79 73 73 45 74 77 73 74 78 82 77 76 78 79 78 78 81 79 83 82 79 84 84 87 84 79 83 79 79 83 76 79 77 79 87 97 96 94 100 102 99 99 106 104 104 100 93 90 93 93 97 90 30 -42 -42 -44 -128 -41 -86 -128 -86 -36 -106 0 0 32 32 108 118 118 111 118 110 112 106 91 97 93 99 99 108 91 102 110 107 105 111 114 114 119 123 114 114 108 107 110 108 106 85 107 79 72 50 88 9 9 0 0 68 13 24 87 107 112 112 0 60 91 91 61 78 95 104 66 58 79 61 73 64 55 55 43 52 58 62 0 71 87 108 101 71 88 85 85 83 71 52 37 43 45 45 48 41 35 14 6 6 0 30 22 27 38 38 26 48 50 64 78 42 42 0 0 0 0 20 33 43 61 62 60 39 0 0 0 0 0 0 31 15 29 47 52 42 31 31 24 19 3 0 -111 -2 -4 -4 -3 -13 -9 -9 -9 -3 -3 -3 -7 -3 -4 -3 -1 -1 -12 -8 -4 -4 -2 -1 -2 -1 -1 -1 -35 -1 -128 -81 -1 -1 -1 -1 -4 -34 -45 -55 -75 -73 -92 -88 -89 -87 -86 -86 -86 -87 -93 -94 -96
100 100 36 106 114 114 111 114 108 106 111 118 118 118 118 118 112 112 117 116 114 110 99 107 112 112 112 117 113 111 111 110 107 107 110 116 117 118 118 118 120 119 118 118 118 118 117 114 108 113 111 118 118 113 107 105 94 97 94 91 83 81 77 73 39 39 60 2 60 4 67 70 65 54 0 -67 -61 -61 -49 53 70 78 79 77 72 71 68 68 70 70 70 66 60 60 48 2 -51 -53 -1 -45 7 60 70 70 77 81 84 85 88 88 88 88 93 96 96 101 101 100 101 104 91 99 93 95 97 89 100 102 97 97 91 84 94 101 104 99 101 105 107 102 107 107 104 97 104 105 96 94 99 94 88 94 95 97 97 99 102 105 105 104 102 104 91 74 91 94 94 94 101 94 93 97 99 96 93 77 81 22 24 73 73 78 82 84 88 90 82 83 85 93 77 87 89 89 82 84 82 77 79 76 73 68 65 59 60 60 55 54 53 49 47 49 42 39 41 41 38 35 35 37 41 47 48 53 53 45 35 31 29 37 48 48 56 59 61 61 59 59 64 62 64 60 66 59 59 58 66 65 67 74 77 78 76 74 78 79 82 82 82 83 83 82 78 43 74 77 73 74 79 79 82 83 81 82 82 83 79 83 81 79 81 81 81 83 85 84 78 81 82 79 76 81 78 82 91 91 93 95 93 101 105 105 104 108 94 90 78 25 25 66 33 87 64 0 -81 -128 -128 -40 -39 -128 -126 -126 -88 15 0 47 101 107 118 108 106 119 112 112 110 107 87 88 89 84 96 88 102 107 96 106 106 108 116 119 119 122 113 111 107 105 106 105 108 108 100 95 81 70 10 0 0 14 0 8 42 67 67 110 117 112 0 93 93 79 96 100 90 60 48 48 68 71 76 49 43 45 59 59 62 0 59 59 78 105 74 81 70 72 67 54 52 35 35 49 49 43 43 35 22 3 0 0 0 21 42 42 38 38 32 55 58 68 84 14 3 0 0 0 16 41 41 48 41 0 0 0 0 0 0 29 20 37 35 35 39 48 52 35 24 25 12 0 0 -46 -6 -6 -8 -16 -14 -9 -7 -4 -4 -4 -6 -4 -2 -1 -1 -2 -1 -1 -1 -2 -1 -1 -1 -1 -1 -1 -1 -1 -74 -128 -84 -1 -1 -7 -13 -30 -45 -55 -67 -73 -73 -81 -83 -89 -92 -88 -89 -82 -75 -97 -94 -89
117 112 111 111 114 107 107 111 114 113 117 118 118 118 117 110 116 118 113 113 112 116 111 113 113 112 116 110 106 112 110 107 107 107 106 116 117 118 118 120 119 118 118 117 117 117 114 112 113 112 119 118 118 116 116 114 108 105 105 102 97 87 85 82 47 70 55 0 58 70 70 73 66 56 12 -128 -128 0 56 70 78 79 78 78 76 73 72 71 68 67 62 61 60 47 0 -93 -93 -42 -1 -41 10 64 68 76 79 83 85 87 87 87 89 90 94 94 96 100 101 104 102 104 99 101 101 100 95 91 97 97 94 95 96 101 97 97 97 99 104 107 106 107 107 97 97 100 90 87 85 85 91 95 101 104 101 104 100 104 104 106 105 105 105 102 99 66 99 95 96 99 97 100 101 100 93 93 89 84 95 83 81 88 90 84 87 89 88 85 85 87 85 83 77 84 84 85 87 81 82 83 83 79 76 74 71 65 60 59 56 52 48 47 44 44 43 42 43 42 39 38 41 41 32 25 26 32 32 45 62 62 62 60 64 65 65 66 64 60 64 64 70 61 56 58 61 64 67 65 67 67 72 70 70 78 73 72 76 76 78 76 81 85 83 82 82 52 71 78 83 76 82 82 83 89 95 77 77 77 81 84 93 77 85 74 82 79 83 82 84 79 79 76 82 82 82 84 43 71 25 94 106 105 104 104 105 110 85 35 27 0 0 0 74 20 -128 -96 -96 -128 -128 -83 64 0 22 30 38 96 111 114 114 112 101 119 119 118 111 111 90 81 72 77 78 78 82 62 102 110 106 110 111 117 113 119 120 112 112 111 108 102 104 104 107 82 111 77 71 18 0 0 67 -1 9 77 71 48 105 114 67 0 70 91 91 90 81 102 106 64 61 72 53 61 47 54 54 54 53 59 58 0 0 35 64 64 89 65 77 77 61 77 48 38 35 47 44 35 25 18 8 0 0 0 0 27 38 43 38 49 74 79 87 53 1 1 0 0 0 0 8 33 33 0 0 67 73 0 0 0 30 21 24 41 37 30 42 38 29 21 21 20 6 0 -81 -7 -6 -17 -11 -9 -8 -4 -4 -4 -4 -6 -3 -6 -3 -1 -1 -1 -1 -1 -1 -1 -1 -1 -1 -1 -1 -1 -1 -1 -30 -9 -3 -4 -14 -14 -42 -44 -55 -65 -75 -73 -70 -82 -91 -91 -89 -92 -92 -91 -78 -93 -93 -89
117 117 112 111 111 114 107 111 114 113 117 118 118 118 118 117 110 116 118 113 112 116 111 113 113 112 112 116 110 106 112 110 107 107 106 116 117 118 118 118 120 119 118 118 117 117 114 112 113 112 119 118 118 118 116 116 114 108 105 102 97 87 85 82 47 47 70 55 0 58 70 73 66 56 12 -128 -128 -128 0 56 70 78 79 78 76 73 72 71 68 67 67 62 61 60 47 0 -93 -42 -1 -41 10 64 68 68 76 79 83 85 87 87 89 90 94 94 96 100 100 101 104 102 104 99 101 100 95 91 97 97 94 94 95 96 101 97 97 99 104 107 106 107 107 107 97 97 100 90 87 85 91 95 101 104 101 104 104 100 104 104 106 105 105 102 99 66 99 95 96 96 99 97 100 101 100 93 89 84 95 83 81 88 88 90 84 87 89 88 85 87 85 83 77 84 84 84 85 87 81 82 83 79 76 74 71 65 60 60 59 56 52 48 47 44 43 42 43 42 39 38 38 41 41 32 25 26 32 45 62 62 62 60 64 64 65 65 66 64 60 64 70 61 56 58 61 64 64 67 65 67 67 72 70 78 73 72 76 76 78 78 76 81 85 83 82 52 71 78 83 76 82 82 82 83 89 95 77 77 81 84 93 77 85 74 74 82 79 83 82 84 79 76 82 82 82 84 43 43 71 25 94 106 105 104 105 110 85 35 27 0 0 0 0 74 20 -128 -96 -128 -128 -83 64 0 22 22 30 38 96 111 114 112 101 119 119 118 111 111 111 90 81 72 77 78 82 62 102 110 106 110 110 111 117 113 119 120 112 111 108 102 104 104 107 107 82 111 77 71 18 0 67 -1 9 77 71 48 48 105 114 67 0 70 91 90 81 102 106 64 61 61 72 53 61 47 54 54 53 59 58 0 0 0 35 64 64 89 65 77 61 77 48 38 35 47 47 44 35 25 18 8 0 0 0 27 38 43 38 38 49 74 79 87 53 1 0 0 0 0 8 33 33 33 0 0 67 73 0 0 30 21 24 41 37 37 30 42 38 29 21 20 6 0 -81 -7 -6 -6 -17 -11 -9 -8 -4 -4 -4 -6 -3 -6 -3 -1 -1 -1 -1 -1 -1 -1 -1 -1 -1 -1 -1 -1 -1 -1 -1 -30 -9 -3 -4 -14 -42 -44 -55 -65 -75 -73 -73 -70 -82 -91 -91 -89 -92 -91 -78 -93 -93 -89
118 117 116 113 112 107 107 111 117 112 117 118 118 118 117 112 114 118 113 113 112 113 108 111 114 112 116 112 108 112 108 107 107 107 106 116 117 118 118 120 119 118 119 118 117 117 114 112 113 112 119 118 118 113 116 116 108 105 105 101 97 87 85 82 48 76 70 70 72 74 74 76 68 62 7 -128 -128 33 60 72 79 81 78 78 76 73 72 73 68 67 62 58 55 43 -61 -1 -1 -1 -1 -1 18 64 68 77 79 83 85 87 87 87 89 90 94 94 95 100 101 105 104 105 99 101 101 100 95 93 99 97 94 93 95 101 99 96 96 97 102 106 106 110 107 99 96 97 76 29 0 0 29 89 101 104 101 104 100 102 102 104 104 105 105 104 101 64 99 95 94 96 97 101 102 100 93 93 89 87 97 90 88 89 90 84 88 89 88 85 85 87 85 83 77 85 84 85 85 81 82 83 83 81 77 76 71 65 62 60 59 52 48 47 45 45 43 43 43 27 14 13 15 24 37 50 56 64 64 62 65 65 64 61 65 65 65 67 64 60 64 64 70 61 56 58 61 64 66 65 68 67 72 71 71 77 73 73 77 77 79 77 81 85 82 83 83 76 48 78 84 77 83 84 84 89 95 76 78 78 82 85 94 77 84 73 81 78 82 82 84 79 79 76 81 81 82 78 0 0 3 90 104 107 105 105 106 106 21 0 0 -84 0 6 78 22 0 20 20 0 -128 0 85 95 91 97 99 110 117 119 119 113 102 120 118 118 111 112 90 82 68 77 78 78 82 64 104 107 106 110 113 117 113 120 120 112 112 112 108 104 105 102 108 81 113 79 73 21 0 0 70 -1 14 81 74 70 82 114 0 52 67 89 89 90 81 102 106 64 61 72 50 60 44 52 52 52 53 59 54 37 0 14 60 60 88 64 77 77 60 76 48 38 35 47 42 32 25 16 8 2 2 0 19 35 42 44 39 49 78 83 88 52 0 0 0 42 3 18 0 0 0 0 58 60 0 0 0 33 35 24 24 41 37 30 38 35 26 18 18 15 3 0 -4 -7 -3 -17 -9 -9 -8 -6 -6 -6 -4 -6 -3 -7 -3 -1 -1 -1 -1 -1 -1 -1 -1 -1 -1 -1 -1 -1 -1 -1 -1 -37 -2 -4 -14 -14 -42 -44 -55 -65 -75 -73 -69 -83 -91 -91 -89 -92 -92 -89 -75 -94 -93 -89
118 118 117 117 118 112 107 113 116 113 114 117 119 119 119 118 120 118 117 116 118 117 110 110 105 111 111 114 114 113 113 101 105 106 107 113 114 117 117 117 120 119 117 118 117 116 113 114 113 116 122 118 118 117 118 119 119 120 114 113 111 102 102 100 62 62 82 79 78 78 79 77 73 68 48 -100 -122 -122 30 4 64 70 74 79 78 79 73 72 65 62 62 65 60 54 0 -9 -1 -1 -1 -1 21 66 77 77 79 81 82 84 88 88 88 93 97 97 99 97 97 100 105 105 105 104 104 101 95 95 94 89 88 88 96 97 91 93 96 101 101 104 110 108 101 101 99 88 78 27 0 24 16 95 102 102 104 104 104 101 105 105 102 105 105 99 104 65 99 91 90 90 93 99 97 99 93 84 81 89 88 83 72 82 82 85 87 89 87 88 87 89 91 89 87 84 84 84 84 85 84 85 81 83 81 77 72 71 64 64 64 59 52 50 43 31 22 20 22 30 42 45 45 52 56 55 60 67 67 70 70 67 66 64 66 66 70 68 66 65 62 62 64 58 59 60 61 65 65 64 66 67 66 71 71 74 79 72 76 76 76 76 78 87 87 85 82 81 50 83 87 81 88 88 85 84 84 88 73 84 85 90 78 77 81 77 77 78 82 83 84 88 77 82 83 83 82 74 48 48 0 32 96 105 111 106 101 105 70 8 19 66 66 0 41 87 77 35 82 82 30 77 101 111 110 110 119 107 119 119 105 96 100 112 119 110 106 106 93 87 83 88 76 88 74 88 95 96 111 97 97 110 120 113 118 122 114 108 102 105 102 110 101 101 83 105 73 72 16 0 71 -1 15 82 85 95 95 58 99 0 65 88 99 89 95 108 111 68 67 67 81 54 53 50 61 59 62 68 48 38 36 36 0 39 58 60 64 71 62 70 55 43 29 32 32 33 32 15 16 13 0 0 32 41 41 30 25 25 56 89 79 67 30 0 62 0 0 0 0 0 0 0 0 55 0 20 29 35 33 16 30 41 25 25 38 36 30 15 9 10 0 -16 -4 -4 -6 -6 -14 -9 -13 -8 -4 -4 -7 -4 -3 -2 -3 -1 -1 -1 -1 -1 -1 -1 -1 -1 -1 -1 -1 -1 -1 -1 -1 -1 -9 -36 -18 -44 -56 -64 -64 -74 -74 -81 -81 -91 -92 -92 -92 -91 -92 -84 -77 -93 -92 -91
113 117 114 116 113 118 118 111 106 113 119 119 119 120 119 118 117 118 116 116 117 118 117 119 108 114 108 105 106 104 102 108 108 113 119 113 114 116 117 118 119 119 118 116 116 116 114 113 108 117 122 119 116 118 116 113 122 120 120 119 119 123 120 117 67 95 84 82 82 82 82 83 76 72 59 3 -45 -70 -47 22 19 67 73 73 77 77 73 73 71 68 65 61 55 41 -81 -1 -1 -1 -1 -1 21 65 76 79 83 83 83 87 85 85 87 91 97 100 100 101 104 106 102 97 97 102 102 99 100 99 91 94 96 101 93 24 78 93 93 97 96 101 108 91 93 85 68 7 0 26 83 83 95 97 101 102 105 106 106 107 106 99 104 96 96 104 100 62 99 99 93 99 101 96 100 94 87 87 88 87 61 62 14 10 50 71 87 89 88 90 90 87 90 87 89 93 91 87 83 85 85 83 83 83 79 78 73 74 71 50 36 31 26 36 45 45 55 55 55 54 54 55 59 62 66 67 71 72 72 72 68 62 66 62 68 70 65 68 62 65 61 61 64 58 62 64 65 65 66 65 66 67 66 67 67 72 72 74 79 79 78 79 81 88 91 85 85 89 60 78 83 84 89 90 78 82 82 81 87 87 89 85 85 81 82 78 81 85 85 88 85 81 81 85 83 84 85 71 56 0 93 107 106 107 95 95 102 99 94 90 89 91 91 97 100 97 100 96 96 97 93 97 108 113 112 118 112 117 113 99 99 105 102 97 118 107 99 83 83 91 93 79 81 81 66 88 85 110 106 87 108 117 116 119 118 118 118 113 106 116 114 108 87 95 100 76 77 8 0 0 70 24 43 101 100 93 82 56 0 72 89 99 99 84 96 111 110 70 82 88 71 54 56 62 62 61 72 73 62 37 47 0 0 41 50 50 54 54 45 43 47 24 35 14 32 24 13 27 29 35 35 32 35 43 24 26 43 64 71 58 20 0 48 48 -1 0 0 0 0 58 0 0 0 0 18 18 18 35 22 18 41 39 31 43 32 15 0 0 0 0 -91 -6 -4 -3 -14 -11 -13 -13 -14 -3 -3 -3 -3 -3 -3 -4 -1 -1 -1 -1 -1 -1 -1 -1 -1 -1 -1 -1 -1 -1 -1 -1 -2 -7 -53 -54 -67 -67 -67 -73 -74 -83 -82 -83 -92 -92 -92 -91 -92 -97 -97 -83 -87 -93 -93 -94
117 117 117 114 110 117 116 112 119 118 118 116 118 118 119 119 112 118 118 116 117 119 118 120 118 114 114 108 108 104 105 112 119 119 116 117 116 116 117 117 117 118 117 116 114 114 114 116 119 116 119 118 118 110 104 97 107 118 114 116 119 122 116 96 84 84 117 89 83 81 82 83 78 76 70 55 13 13 -39 -1 -1 24 20 66 72 74 76 77 73 73 73 68 66 56 2 -1 -1 -1 -40 -37 14 62 73 73 79 84 83 84 87 87 90 91 95 97 101 102 102 102 94 91 94 104 95 94 100 93 88 89 94 94 96 87 12 13 41 73 27 91 95 91 97 97 41 0 16 0 76 96 101 101 105 104 105 107 107 111 111 96 100 105 105 105 101 76 96 94 95 95 100 97 99 93 93 85 79 58 26 25 0 -87 -87 0 27 77 84 82 88 89 90 91 93 85 87 87 88 88 85 85 79 84 71 59 52 47 47 47 60 68 65 65 65 66 67 64 65 61 61 62 62 70 72 72 71 72 74 73 71 67 68 66 70 70 70 68 61 65 65 65 61 64 66 65 68 65 65 62 65 66 68 67 68 72 71 73 77 77 79 79 85 96 91 87 85 82 83 56 82 81 88 88 88 81 84 84 84 90 84 81 89 85 82 82 82 84 85 85 84 84 84 84 82 84 84 78 66 66 0 91 111 111 100 90 100 97 105 104 104 104 104 104 108 107 106 107 100 107 108 112 116 113 116 116 113 116 119 102 106 113 114 91 110 104 89 89 83 85 90 90 77 84 84 73 108 110 90 93 93 107 97 108 118 120 116 113 113 114 81 99 110 110 87 93 72 45 3 0 67 3 76 90 105 89 89 91 52 0 89 85 93 89 93 102 105 83 91 91 89 59 60 58 61 66 76 81 64 43 43 43 22 0 25 50 49 42 53 36 24 30 41 20 20 19 22 31 42 39 44 35 48 42 15 30 47 47 73 72 24 0 2 -1 -1 0 0 0 56 0 0 0 0 0 0 0 0 37 27 15 45 39 26 26 24 15 0 0 0 -6 -6 -6 -17 -11 -13 -13 -13 -7 -16 -3 -3 -3 -3 -4 -4 -4 -2 -3 -3 -1 -1 -1 -1 -1 -1 -1 -1 -1 -1 -1 -1 -1 -1 -25 -31 -45 -91 -67 -75 -68 -73 -82 -91 -92 -92 -91 -89 -91 -91 -100 -98 -89 -88 -93 -94 -94
117 117 114 110 117 116 116 112 119 118 118 116 118 119 119 112 118 118 116 116 117 119 118 120 118 114 108 108 104 105 112 119 119 119 116 117 116 116 117 117 118 117 116 114 114 114 114 116 119 116 119 118 110 104 97 107 118 114 114 116 119 122 116 96 84 117 89 83 81 82 82 83 78 76 70 55 13 -39 -1 -1 24 20 66 66 72 74 76 77 73 73 68 66 56 2 -1 -1 -1 -1 -40 -37 14 62 73 79 84 83 84 87 87 87 90 91 95 97 101 102 102 94 91 94 104 95 95 94 100 93 88 89 94 96 87 12 13 41 41 73 27 91 95 91 97 41 0 16 0 76 96 96 101 101 105 104 105 107 111 111 96 100 105 105 105 105 101 76 96 94 95 100 97 99 93 93 85 85 79 58 26 25 0 -87 0 27 77 84 82 88 88 89 90 91 93 85 87 88 88 85 85 79 79 84 71 59 52 47 47 60 68 65 65 65 66 66 67 64 65 61 61 62 70 72 72 71 72 74 74 73 71 67 68 66 70 70 68 61 65 65 65 65 61 64 66 65 68 65 62 65 66 68 67 68 68 72 71 73 77 77 79 85 96 91 87 85 85 82 83 56 82 81 88 88 81 84 84 84 90 90 84 81 89 85 82 82 84 85 85 84 84 84 84 84 82 84 84 78 66 0 91 111 111 100 90 90 100 97 105 104 104 104 104 108 107 106 107 100 100 107 108 112 116 113 116 113 116 119 102 106 106 113 114 91 110 104 89 83 85 90 90 77 84 84 84 73 108 110 90 93 107 97 108 118 120 116 116 113 113 114 81 99 110 87 93 72 45 3 0 0 67 3 76 90 105 89 91 52 0 89 85 93 93 89 93 102 105 83 91 89 59 60 58 61 61 66 76 81 64 43 43 22 0 25 50 49 42 42 53 36 24 30 41 20 19 22 31 42 39 44 44 35 48 42 15 30 47 73 72 24 0 2 -1 -1 -1 0 0 0 56 0 0 0 0 0 0 0 0 37 27 15 45 39 26 24 15 0 0 0 0 -6 -6 -6 -17 -11 -13 -13 -7 -16 -3 -3 -3 -3 -3 -4 -4 -4 -2 -3 -1 -1 -1 -1 -1 -1 -1 -1 -1 -1 -1 -1 -1 -1 -25 -31 -45 -91 -67 -67 -75 -68 -73 -82 -91 -92 -91 -89 -91 -91 -100 -98 -98 -89 -88 -93 -94 -94
116 116 118 108 114 112 113 114 119 118 116 111 113 113 119 108 118 119 116 116 114 117 116 117 117 118 118 120 118 111 113 117 117 116 104 119 117 118 118 118 117 117 118 114 116 117 117 117 112 112 119 111 111 110 105 107 122 112 110 108 113 118 114 113 79 79 108 113 85 82 84 82 78 77 72 68 55 55 -46 -1 -1 -1 20 54 68 76 76 78 73 74 74 74 66 56 15 -37 -1 -1 -51 -50 6 53 68 68 77 79 83 87 88 89 95 96 93 97 100 102 102 100 93 96 101 105 95 97 88 85 82 91 95 95 93 94 79 14 0 10 21 72 81 89 88 88 74 58 7 31 76 93 100 105 100 107 104 102 102 100 101 102 104 105 105 105 105 89 84 96 100 100 99 100 93 94 93 85 68 13 -37 -1 -41 -87 -87 -106 0 60 79 83 88 89 93 89 76 66 58 58 56 54 55 55 54 52 59 73 78 78 77 77 77 73 71 67 66 68 70 71 72 72 73 71 71 74 77 74 71 71 73 74 72 73 74 70 71 71 70 66 62 68 68 64 62 65 68 68 68 66 66 64 66 68 71 72 72 74 71 73 71 76 84 84 88 84 73 77 77 79 87 44 68 71 79 79 81 77 84 85 85 87 76 87 89 84 84 87 87 84 85 82 88 89 88 81 82 85 87 78 71 71 0 101 112 95 94 95 104 101 104 106 106 110 110 107 112 112 113 106 100 106 113 114 114 114 113 113 104 119 118 100 104 116 112 93 107 119 100 100 101 96 95 87 77 88 83 64 91 107 88 96 96 93 101 107 118 116 111 116 116 108 76 90 111 111 83 88 68 13 0 0 27 0 90 105 111 84 84 100 65 0 82 90 99 85 110 99 112 102 81 81 88 70 60 67 65 72 67 66 72 59 33 33 31 0 0 44 44 33 43 36 30 42 47 22 22 16 39 42 37 35 38 30 42 30 21 37 45 45 68 22 0 0 64 -1 -1 -4 -1 61 0 18 18 13 39 33 25 33 0 38 37 15 36 22 21 21 7 3 0 -128 -3 -6 -6 -13 -16 -13 -14 -14 -14 -2 -3 -8 -4 -3 -3 -12 -4 -2 -4 -3 -3 -1 -1 -1 -1 -1 -1 -1 -1 -1 -1 -1 -1 -1 -3 -30 -44 -55 -86 -88 -83 -78 -82 -91 -91 -89 -89 -89 -86 -89 -96 -94 -96 -94 -94 -83 -91 -94
116 118 108 114 112 113 113 113 119 118 118 111 113 119 108 118 119 116 116 116 114 116 114 117 117 118 119 119 110 113 117 117 117 117 104 118 117 118 119 117 117 118 114 116 117 117 117 117 112 112 119 112 110 105 108 122 112 110 110 108 113 118 114 113 79 108 118 87 84 84 84 82 77 77 76 74 62 0 -1 -1 -1 -39 19 19 61 70 76 79 74 74 73 67 58 47 -45 -1 -1 -1 -54 4 16 7 68 74 79 81 84 87 89 89 95 96 93 97 100 100 96 89 94 100 106 95 95 95 85 85 82 91 95 93 96 88 79 21 21 -1 0 61 67 33 76 27 0 18 32 77 91 91 96 102 100 106 104 102 99 97 99 101 102 104 104 105 105 97 77 96 100 99 100 93 95 90 84 84 64 13 -1 -1 -40 -41 -1 -128 44 73 81 76 76 60 59 56 60 76 85 89 85 87 83 82 82 82 81 84 82 78 78 77 74 70 70 66 68 68 72 73 74 74 77 73 74 77 74 71 71 73 73 73 72 73 74 70 71 70 66 64 70 68 64 64 62 65 68 68 68 64 64 66 68 71 72 72 72 74 71 73 71 74 83 88 84 73 77 77 77 74 78 36 0 26 72 73 68 74 77 79 85 85 76 87 89 84 84 87 84 85 81 88 89 88 88 81 83 85 87 79 76 44 104 112 95 94 96 96 104 101 104 106 105 111 110 112 112 113 106 99 99 106 113 114 114 116 113 104 119 118 99 104 104 116 112 94 108 118 100 104 96 95 87 77 89 89 83 64 91 108 88 96 93 100 107 118 117 111 111 116 116 108 76 90 107 78 82 56 0 0 0 0 0 45 94 105 113 87 70 0 0 82 93 99 99 85 108 99 112 104 81 87 70 60 67 65 65 72 67 68 71 60 32 31 38 0 47 44 32 32 42 33 30 42 48 25 16 39 43 39 37 42 42 32 42 29 16 33 43 66 14 0 48 -1 -1 -1 -1 -4 -1 0 27 31 21 50 45 36 43 45 45 42 39 14 31 19 0 0 0 0 -51 -4 -4 -7 -6 -13 -14 -13 -14 -14 -3 -3 -8 -3 -3 -3 -2 -12 -3 -3 -3 -2 -1 -1 -1 -1 -1 -1 -1 -1 -1 -1 -1 -1 -1 -3 -28 -44 -55 -67 -103 -103 -83 -78 -82 -89 -91 -89 -89 -86 -89 -97 -93 -96 -96 -94 -93 -84 -92 -94
118 118 118 116 116 114 114 107 112 114 112 113 119 119 117 118 117 118 117 112 112 114 116 116 114 116 116 117 119 118 116 117 106 106 105 114 108 118 119 119 119 119 118 120 119 117 117 114 111 113 118 114 114 116 110 116 120 105 106 111 117 116 112 107 79 79 113 100 101 77 83 81 76 76 73 76 64 64 45 6 -1 -1 -1 -102 9 60 72 77 77 76 76 71 64 59 50 -46 -1 -1 -53 50 60 66 70 70 77 77 76 78 84 90 89 93 95 97 99 95 95 87 89 91 100 100 99 77 84 89 94 99 94 94 95 104 93 81 25 -65 -94 -40 -40 -83 -42 -42 -84 -86 0 31 38 44 90 99 105 106 102 105 105 105 100 93 99 99 102 105 106 102 76 106 101 101 101 105 90 96 72 84 16 -49 -1 -53 -45 -60 -60 -54 -53 -125 0 43 67 85 89 88 91 94 89 89 96 83 89 81 78 81 83 81 82 81 81 81 78 71 66 66 67 76 77 79 79 77 78 77 77 72 74 79 72 74 77 76 77 76 74 71 72 72 72 67 72 76 62 64 66 68 70 70 62 65 65 70 71 68 72 76 74 73 72 74 72 77 81 81 83 83 78 77 78 66 19 -59 -47 20 56 56 53 6 44 58 25 70 83 87 93 81 84 87 87 85 85 85 85 88 89 82 84 88 88 84 87 87 96 96 106 88 97 108 105 106 106 108 112 117 117 108 114 117 104 106 106 111 113 116 111 107 112 112 110 113 114 119 118 119 104 90 110 117 95 95 110 84 83 73 84 85 84 49 81 94 94 91 91 96 105 114 120 116 99 122 116 87 94 81 110 110 72 58 0 0 0 0 47 82 96 110 118 88 88 106 67 0 83 100 102 85 93 83 111 91 87 87 72 49 68 77 74 84 66 81 61 62 37 37 45 56 0 50 47 30 41 43 41 43 39 24 24 16 29 43 42 39 43 38 29 21 0 25 48 48 29 0 0 -1 -1 -1 -1 -1 52 25 39 48 48 50 53 59 45 44 47 47 42 19 22 16 0 0 0 0 -4 -4 -4 -4 -14 -13 -12 -14 -8 -8 -13 -2 -9 -7 -3 -9 -4 -6 -4 -1 -1 -1 -1 -1 -1 -1 -1 -1 -1 -1 -1 -1 -1 -1 -3 -3 -31 -44 -54 -55 -74 -97 -89 -81 -89 -91 -89 -87 -87 -89 -91 -98 -94 -93 -94 -96 -97 -82 -92 -93
118 118 116 116 114 114 114 107 112 114 112 113 119 117 118 117 118 117 112 112 112 114 116 116 114 116 117 119 118 116 117 106 106 106 105 114 108 118 119 119 119 118 120 119 117 117 117 114 111 113 118 114 116 110 116 120 105 106 106 111 117 116 112 107 79 113 100 101 77 83 83 81 76 76 73 76 64 45 6 -1 -1 -1 -102 -102 9 60 72 77 77 76 71 64 59 50 -46 -1 -1 -1 -53 50 60 66 70 77 77 76 78 84 90 90 89 93 95 97 99 95 87 89 91 100 100 99 99 77 84 89 94 99 94 95 104 93 81 25 25 -65 -94 -40 -40 -83 -42 -84 -86 0 31 38 44 44 90 99 105 106 102 105 105 100 93 99 99 102 102 105 106 102 76 106 101 101 105 90 96 72 84 84 16 -49 -1 -53 -45 -60 -54 -53 -125 0 43 67 67 85 89 88 91 94 89 96 83 89 81 78 78 81 83 81 82 81 81 78 71 66 66 67 76 76 77 79 79 77 78 77 72 74 79 72 74 77 77 76 77 76 74 71 72 72 67 72 76 62 64 64 66 68 70 70 62 65 70 71 68 72 76 74 74 73 72 74 72 77 81 83 83 78 77 78 78 66 19 -59 -47 20 56 53 6 44 58 25 70 70 83 87 93 81 84 87 85 85 85 85 88 89 89 82 84 88 88 84 87 96 96 106 88 97 108 108 105 106 106 108 112 117 108 114 117 104 106 106 106 111 113 116 111 107 112 110 113 114 119 118 118 119 104 90 110 117 95 110 84 83 73 84 85 85 84 49 81 94 94 91 96 105 114 120 116 99 99 122 116 87 94 81 110 72 58 0 0 0 0 0 47 82 96 110 118 88 106 67 0 83 100 102 102 85 93 83 111 91 87 72 49 68 77 74 74 84 66 81 61 62 37 45 56 0 50 47 30 30 41 43 41 43 39 24 16 29 43 42 39 43 43 38 29 21 0 25 48 29 0 0 -1 -1 -1 -1 -1 -1 52 25 39 48 50 53 59 45 44 47 47 47 42 19 22 16 0 0 0 -4 -4 -4 -4 -4 -14 -13 -12 -14 -8 -13 -2 -9 -7 -3 -9 -9 -4 -6 -4 -1 -1 -1 -1 -1 -1 -1 -1 -1 -1 -1 -1 -1 -1 -1 -3 -31 -44 -54 -55 -74 -97 -97 -89 -81 -89 -91 -89 -87 -89 -91 -98 -94 -93 -94 -94 -96 -97 -82 -92 -93
112 112 101 117 118 118 117 117 113 111 112 120 118 118 117 117 117 118 112 110 110 111 112 112 113 113 113 114 117 118 120 118 114 112 119 108 118 119 118 118 118 107 118 118 119 114 107 114 102 112 116 119 119 116 110 118 119 108 111 113 116 116 113 116 79 79 107 111 91 79 82 79 78 74 73 76 65 65 53 22 -1 -1 -1 -1 7 19 70 77 76 74 74 72 67 62 54 21 -1 -1 26 54 67 66 68 68 71 67 30 32 81 88 87 95 95 89 89 71 71 21 22 85 78 94 71 65 26 93 101 101 99 99 96 99 96 93 38 24 21 -39 -37 -86 -84 -84 -87 65 30 27 36 41 90 97 99 105 106 110 110 104 43 47 49 97 102 106 108 107 73 110 105 105 100 94 84 64 53 43 0 -45 -1 -89 -39 -1 -1 -60 -36 -93 4 74 88 91 88 93 99 100 97 97 89 87 83 68 0 45 83 78 84 74 79 79 77 79 78 82 82 85 82 83 82 82 87 79 79 73 78 79 78 77 77 79 82 76 72 74 74 74 76 76 73 72 68 71 70 68 72 73 65 66 66 68 71 76 73 73 76 74 76 76 76 77 83 83 83 77 76 78 77 64 0 -98 -55 -45 45 45 0 0 20 19 0 73 83 87 82 87 85 83 83 85 88 84 84 87 95 83 83 87 87 87 91 91 91 88 89 91 101 107 107 110 113 114 118 105 105 111 116 114 100 111 106 113 114 107 119 118 114 114 116 119 119 114 107 106 96 100 108 118 95 95 105 110 72 90 84 84 101 68 70 88 95 90 90 93 79 96 113 106 95 118 90 77 88 61 84 84 61 3 0 0 0 37 65 93 93 113 117 88 88 94 82 0 65 107 110 95 84 84 90 82 77 77 60 67 68 74 77 89 55 59 52 55 48 48 43 55 0 0 52 44 44 48 47 44 43 30 30 26 41 47 43 42 41 50 3 22 0 0 36 36 1 0 54 -1 -1 -1 -1 -1 1 43 41 65 65 64 62 58 58 41 52 32 25 20 0 19 8 8 0 0 -4 -1 -3 -14 -12 -12 -11 -11 -3 -3 -3 -3 -9 -3 -4 -11 -3 -2 -3 -1 -1 -1 -1 -1 -1 -1 -1 -1 -1 -1 -1 -1 -1 -8 -23 -23 -44 -54 -65 -67 -73 -77 -98 -82 -79 -91 -92 -89 -89 -88 -89 -89 -97 -97 -92 -96 -96 -91 -89 -91
101 111 113 114 113 114 114 116 118 117 114 119 117 117 117 118 116 113 113 113 111 113 111 110 113 112 116 117 116 117 117 117 117 118 117 117 119 117 119 108 119 118 118 116 111 111 116 116 107 116 114 113 112 118 122 118 116 117 117 119 117 116 110 114 79 114 116 83 79 79 79 81 77 72 72 74 66 54 14 -39 -1 -1 -1 -1 -1 18 65 74 74 74 71 64 66 56 15 25 25 30 24 61 70 72 65 21 0 0 21 78 87 87 89 87 83 33 35 0 0 0 66 20 59 61 61 13 0 88 100 101 100 100 97 101 99 94 94 88 81 33 30 0 0 25 81 85 77 84 90 90 95 95 99 105 107 102 96 35 81 43 94 102 102 102 87 77 48 77 65 64 50 39 58 77 76 76 37 -69 -1 -126 -1 -1 -1 -1 -46 78 88 85 85 87 91 100 96 101 88 85 83 81 58 0 0 79 87 83 85 73 79 83 84 88 87 90 85 85 90 83 82 84 83 81 83 78 81 79 79 83 83 84 82 76 71 73 76 79 74 76 74 73 71 71 70 72 76 76 71 66 71 74 77 77 71 76 76 78 78 71 74 76 78 78 76 76 78 77 77 71 19 18 -111 -89 -49 -81 -1 -40 14 0 76 76 89 84 90 90 91 76 83 85 88 84 90 100 100 81 81 88 81 88 90 88 88 88 94 97 105 105 114 110 122 105 105 105 117 106 101 101 105 105 105 118 107 108 118 107 116 119 120 118 100 105 105 105 104 111 110 106 96 111 116 84 104 93 87 87 73 62 78 93 70 89 100 94 102 106 78 113 113 112 87 87 71 48 38 22 10 0 13 30 52 52 76 91 106 119 111 88 88 88 0 56 102 111 111 97 73 79 87 95 70 71 67 66 60 72 72 82 50 43 39 53 43 44 53 43 0 62 38 38 50 59 41 41 33 31 39 45 41 39 43 43 43 30 13 0 0 0 8 0 0 -1 -1 -1 -1 -1 -1 61 13 37 42 61 60 67 54 53 43 47 47 22 13 0 0 2 0 0 0 -1 -1 -17 -17 -12 -11 -9 -14 -22 -3 -3 -9 -4 -3 -3 -9 -9 -4 -2 -3 -1 -1 -1 -1 -1 -1 -1 -1 -1 -1 -1 -1 -1 -8 -26 -44 -67 -73 -49 -65 -74 -83 -83 -108 -83 -91 -92 -92 -92 -96 -93 -97 -97 -97 -92 -92 -96 -93 -96 -92 -86
101 101 113 113 114 113 116 117 118 117 114 118 117 117 117 117 118 116 113 113 111 113 111 110 113 113 113 116 116 116 117 117 117 118 117 117 119 117 119 119 107 119 120 117 116 111 114 116 106 116 116 112 112 113 119 122 118 116 116 119 117 116 110 114 78 78 114 117 83 79 79 81 77 72 72 74 68 68 56 19 -37 -1 -1 -1 -1 20 65 73 74 74 74 71 64 66 60 55 50 53 62 62 72 72 65 65 22 15 14 62 81 87 89 85 81 33 30 18 18 18 56 64 35 7 0 56 29 89 100 101 100 100 100 97 101 101 100 97 94 85 87 84 81 81 79 87 47 0 79 87 95 95 99 102 102 94 94 88 27 27 22 62 71 83 100 111 79 112 97 97 97 81 68 81 88 32 0 -46 -58 -53 -63 -1 -1 -1 -1 -49 79 87 85 87 91 100 96 102 88 88 83 81 74 0 15 79 88 83 87 74 79 79 83 83 89 88 91 87 89 83 82 83 85 82 82 83 78 81 79 79 83 84 83 76 71 73 76 76 79 74 76 74 73 71 70 71 76 77 71 68 68 73 77 77 77 71 77 78 78 72 76 76 77 77 78 76 76 78 76 74 65 55 0 -97 -40 -40 0 19 16 44 0 68 84 82 90 90 91 76 76 83 85 88 84 90 97 81 79 88 81 87 90 90 87 88 87 94 97 104 117 110 120 105 105 106 106 117 106 101 97 104 104 117 107 108 118 107 116 116 119 120 119 104 104 104 104 111 111 104 94 94 111 116 84 105 95 87 76 62 78 93 68 88 88 99 94 102 105 74 110 108 83 82 65 41 27 27 10 0 0 26 39 61 79 93 107 120 111 88 88 88 88 0 67 99 110 97 72 74 81 90 66 66 70 68 68 62 73 82 48 41 38 52 43 43 45 52 41 0 2 35 43 20 36 37 33 31 31 39 48 43 41 44 45 30 10 0 0 -122 0 0 0 -4 -1 -1 -1 -1 -1 0 31 41 45 62 62 62 67 54 53 42 41 16 0 0 0 0 0 0 0 -88 -1 -2 -17 -11 -11 -9 -16 -22 -4 -4 -3 -9 -4 -3 -3 -9 -4 -2 -2 -1 -1 -1 -1 -1 -1 -1 -1 -1 -1 -1 -1 -1 -8 -26 -44 -44 -65 -74 -49 -64 -73 -83 -91 -101 -91 -92 -92 -91 -91 -96 -93 -97 -97 -97 -92 -96 -94 -96 -92 -86
112 111 101 114 112 111 111 113 110 118 118 118 116 117 118 117 117 117 114 114 113 112 110 108 111 112 117 113 112 114 117 116 116 117 116 116 116 117 116 117 117 117 114 112 117 117 118 119 118 112 110 112 114 119 116 117 119 117 117 118 117 111 111 116 82 102 93 78 79 82 82 81 74 74 74 76 68 56 21 -1 -1 -1 -1 -1 3 22 66 74 74 74 62 60 64 62 60 59 59 61 62 67 73 72 70 67 66 72 81 79 88 88 87 79 79 79 82 81 81 79 77 38 0 24 24 20 78 90 100 96 102 91 96 101 101 105 105 105 96 97 94 95 94 83 81 25 -128 26 24 24 64 66 67 67 58 44 4 0 30 95 105 106 106 111 112 114 83 96 95 83 77 88 88 60 20 20 -91 -88 -1 -1 -1 -1 -1 -1 -39 35 76 85 85 88 89 87 96 95 89 85 82 32 0 71 71 84 89 96 93 93 94 93 79 85 87 90 83 83 78 78 84 87 90 87 87 85 85 82 87 88 88 88 88 74 79 79 78 81 71 77 74 73 73 73 71 73 78 71 68 73 77 81 82 81 71 76 76 78 81 73 76 81 78 74 74 78 77 77 77 77 77 74 62 30 64 70 66 70 56 0 0 0 68 83 95 87 77 79 89 84 78 78 87 84 84 77 78 83 87 85 89 79 87 89 100 105 114 114 110 102 100 89 105 113 107 108 101 102 104 102 102 111 117 112 119 100 111 119 122 118 107 106 106 97 108 120 88 105 106 104 105 99 114 95 104 104 79 58 74 89 45 77 94 91 73 77 78 100 100 72 41 54 26 45 0 0 0 0 31 47 72 72 90 104 120 108 79 91 90 95 0 89 82 111 111 88 78 66 29 71 68 87 93 110 47 72 72 70 41 37 52 54 44 42 42 38 0 0 0 0 0 0 0 32 27 39 47 53 38 45 53 55 55 27 10 0 -124 -64 -1 -1 -1 -1 -1 -1 -1 -1 30 15 43 54 66 60 60 62 43 45 27 29 29 0 0 -105 0 -1 -1 -8 -6 -1 -14 -13 -13 -9 -11 -8 -14 -18 -13 -3 -4 -3 -1 -4 -6 -6 -3 -3 -2 -1 -1 -1 -1 -1 -1 -1 -1 -1 -1 -1 -1 -3 -27 -45 -55 -65 -74 -49 -54 -74 -82 -82 -77 -114 -92 -92 -89 -98 -97 -93 -96 -93 -93 -94 -94 -92 -93 -94 -93 -87
112 112 111 101 114 112 111 113 110 118 118 118 116 116 117 118 117 117 117 114 113 112 110 108 111 112 112 117 113 112 114 117 116 117 116 116 116 117 116 116 117 117 117 114 112 117 118 119 118 112 110 112 112 114 119 116 117 119 117 118 117 111 111 116 82 82 102 93 78 79 82 81 74 74 74 76 68 68 56 21 -1 -1 -1 -1 3 22 66 74 74 74 74 62 60 64 62 60 59 61 62 67 73 72 70 70 67 66 72 81 79 88 87 79 79 79 82 81 81 81 79 77 38 0 24 20 78 90 100 96 102 102 91 96 101 101 105 105 96 97 94 95 94 94 83 81 25 -128 26 24 64 66 67 67 58 44 44 4 0 30 95 105 106 111 112 114 83 96 95 95 83 77 88 88 60 20 -91 -88 -1 -1 -1 -1 -1 -1 -1 -39 35 76 85 88 89 87 96 95 89 89 85 82 32 0 71 84 89 96 93 93 94 94 93 79 85 87 90 83 78 78 84 87 90 87 87 87 85 85 82 87 88 88 88 74 79 79 78 78 81 71 77 74 73 73 71 73 78 71 68 73 73 77 81 82 81 71 76 78 81 73 76 81 78 78 74 74 78 77 77 77 77 74 62 30 64 64 70 66 70 56 0 0 68 83 95 87 77 79 79 89 84 78 78 87 84 77 78 83 87 85 89 89 79 87 89 100 105 114 110 102 100 89 105 113 113 107 108 101 102 104 102 111 117 112 119 100 111 111 119 122 118 107 106 97 108 120 88 105 106 106 104 105 99 114 95 104 79 58 74 89 45 77 77 94 91 73 77 78 100 72 41 54 26 45 0 0 0 0 0 31 47 72 90 104 120 108 79 91 91 90 95 0 89 82 111 88 78 66 29 71 68 68 87 93 110 47 72 70 41 37 52 54 44 44 42 42 38 0 0 0 0 0 0 32 27 39 39 47 53 38 45 53 55 27 10 0 -124 -64 -1 -1 -1 -1 -1 -1 -1 -1 30 15 43 54 66 60 60 60 62 43 45 27 29 0 0 -105 0 -1 -1 -1 -8 -6 -1 -14 -13 -9 -11 -8 -14 -18 -13 -13 -3 -4 -3 -1 -4 -6 -3 -3 -2 -1 -1 -1 -1 -1 -1 -1 -1 -1 -1 -1 -1 -3 -27 -45 -55 -55 -65 -74 -49 -54 -74 -82 -77 -114 -92 -92 -89 -98 -98 -97 -93 -96 -93 -93 -94 -92 -93 -94 -93 -87
110 107 108 107 104 107 107 107 117 118 117 118 117 114 114 114 117 117 114 114 114 114 110 112 112 110 113 114 111 108 113 113 113 113 113 114 114 117 117 114 117 114 114 112 112 112 114 118 119 114 116 107 110 114 116 118 117 114 114 117 113 110 111 106 67 99 85 82 82 88 88 81 77 74 76 74 68 58 21 12 -1 -21 4 4 47 62 68 76 72 67 60 64 64 65 64 65 65 70 67 72 79 73 73 76 79 83 76 84 87 87 84 85 84 87 91 95 91 89 85 77 67 71 71 87 87 91 91 96 104 99 99 89 72 73 73 72 72 70 72 67 65 54 14 3 0 15 32 32 93 100 102 101 45 18 0 33 88 102 110 108 108 112 113 114 88 91 100 85 96 81 83 59 13 13 -89 -92 -1 -1 -1 -40 -92 -1 -1 12 84 87 87 91 95 95 101 102 91 90 76 32 49 73 73 88 95 91 89 83 84 77 88 91 88 90 83 83 89 87 94 95 89 90 91 84 88 81 88 85 85 87 87 81 85 76 77 78 71 77 77 71 74 74 76 78 77 76 76 77 79 82 84 78 77 76 76 78 81 78 79 81 78 73 65 73 74 79 79 81 89 85 82 45 82 87 83 66 64 12 62 62 60 67 84 73 85 89 91 77 82 81 82 79 79 81 81 84 88 84 87 88 93 94 110 114 105 105 102 95 87 93 104 106 113 111 102 106 107 106 106 97 113 99 99 95 114 114 118 100 104 95 95 106 108 116 96 110 106 94 107 106 106 100 100 100 68 84 56 89 39 72 94 83 70 60 58 67 67 39 29 26 16 20 0 0 0 29 37 55 70 70 77 90 112 95 89 95 99 106 0 105 65 111 111 91 87 68 0 0 36 94 104 113 67 71 71 53 38 49 56 48 44 41 33 42 33 0 0 0 0 0 0 30 35 41 33 38 33 52 45 32 32 10 9 0 -128 -17 -7 -1 -1 -1 -1 -1 71 71 6 32 50 56 58 53 47 45 38 31 21 15 15 0 56 -37 -3 -2 -4 -3 -1 -1 -16 -13 -13 -4 -7 -11 -26 -22 -13 -16 -3 -3 -9 -4 -4 -4 -2 -1 -1 -1 -1 -1 -1 -1 -1 -1 -1 -2 -2 -8 -16 -26 -44 -55 -65 -74 -86 -63 -77 -83 -83 -83 -78 -100 -116 -91 -89 -100 -97 -94 -96 -92 -93 -93 -93 -89 -91 -92 -93 -88
79 79 78 79 81 82 81 94 110 112 108 118 118 118 119 114 116 114 114 116 116 114 114 116 108 114 114 114 112 108 107 113 113 112 113 112 113 114 116 116 116 116 116 117 114 113 113 117 118 118 116 102 102 106 112 113 114 113 114 114 114 110 107 105 72 72 101 90 93 91 94 84 77 76 73 74 70 70 67 62 54 3 41 62 68 64 67 70 68 68 68 64 65 65 65 66 67 67 66 72 79 79 77 77 78 79 78 79 87 88 85 89 85 85 89 85 85 76 87 90 89 85 77 68 65 67 64 64 64 64 66 70 84 93 94 102 101 97 101 89 100 100 91 43 24 72 41 50 95 97 101 106 50 18 18 32 45 99 107 112 111 112 112 112 100 81 96 96 95 100 96 81 67 74 47 -59 -39 -46 -50 -40 -40 -83 -1 -61 67 91 104 107 100 99 99 100 97 97 90 68 0 78 89 97 94 82 87 79 71 71 85 97 95 96 96 96 100 96 101 96 85 85 85 79 85 85 84 89 88 89 88 90 89 73 77 77 78 79 74 76 74 79 82 81 73 81 78 78 78 82 82 84 82 82 79 79 82 81 83 82 72 72 29 58 67 76 81 82 91 90 89 56 79 79 83 82 79 74 79 82 73 79 85 85 96 88 88 83 90 93 84 83 85 85 87 88 94 87 90 90 96 100 104 114 93 101 102 88 95 95 95 97 97 105 110 107 111 110 101 87 105 95 97 105 100 100 118 116 91 105 105 113 110 114 111 108 100 100 104 111 114 104 104 97 87 93 59 83 93 70 70 88 66 44 47 53 47 31 19 0 0 0 0 0 7 32 37 44 60 78 97 101 101 101 102 91 91 100 107 0 112 66 100 114 89 77 72 29 0 0 25 95 104 68 61 64 30 43 49 39 43 43 37 32 44 45 42 29 25 33 0 14 37 39 39 25 24 38 47 29 12 0 0 0 -16 -4 -1 -1 -1 -1 -1 -1 -1 18 0 43 60 50 55 45 45 39 37 33 27 20 15 0 0 -100 -2 -1 -2 -2 -13 -7 -11 -16 -13 -4 -8 -13 -23 -21 -13 -13 -14 -3 -3 -3 -3 -3 -2 -1 -1 -1 -1 -1 -1 -1 -1 -1 -1 -1 -12 -28 -30 -39 -55 -56 -64 -64 -74 -83 -74 -81 -89 -92 -83 -84 -114 -101 -100 -98 -98 -96 -93 -93 -93 -94 -91 -89 -91 -91 -101 -96
113 112 113 114 114 111 111 94 81 78 73 83 83 83 82 82 81 81 83 83 81 81 81 81 76 78 89 100 107 107 113 113 113 112 113 112 113 114 116 117 114 116 117 114 113 113 113 118 118 118 114 102 104 111 112 113 113 114 114 114 114 110 107 105 72 101 90 89 90 96 96 85 77 77 73 74 71 71 68 64 64 66 70 70 72 67 68 70 68 68 64 65 65 65 65 67 67 66 66 71 79 70 54 49 48 45 48 55 56 56 54 56 54 54 55 54 44 36 32 52 62 83 83 104 101 100 97 97 97 99 104 101 95 94 94 102 101 97 101 89 99 93 82 85 93 97 104 104 97 100 104 107 96 88 45 54 106 111 112 112 112 113 112 112 110 72 96 95 100 96 81 70 83 83 9 0 -96 -88 -37 -46 -1 -1 -39 38 93 106 106 108 102 99 101 100 99 90 15 10 85 91 91 100 95 82 87 79 72 85 97 95 96 96 96 96 100 96 101 96 85 85 78 85 85 84 89 88 88 89 90 89 89 73 77 78 79 76 77 74 79 79 82 81 73 81 78 78 82 82 84 83 82 79 79 79 83 81 83 81 70 0 15 66 76 81 81 82 91 90 89 76 64 83 82 81 79 84 88 88 78 81 85 85 96 88 85 90 91 84 83 85 85 85 87 88 94 83 82 85 91 99 112 93 99 99 99 82 84 43 88 94 105 107 107 111 110 101 101 87 104 94 96 105 100 118 114 91 104 104 104 113 110 114 111 108 102 104 111 114 104 104 97 97 87 95 62 82 93 70 88 64 41 43 47 39 39 22 8 0 0 0 16 33 41 42 50 64 79 79 99 102 101 97 100 89 100 107 0 113 77 84 84 114 89 78 72 67 66 0 32 101 68 59 59 61 29 43 49 39 43 36 32 47 53 48 32 32 30 37 16 0 39 38 20 15 26 35 19 3 3 0 0 0 -8 -4 -1 -1 -1 -1 -1 -1 0 0 0 45 64 52 53 45 37 36 31 26 19 15 15 1 0 -117 -2 -1 -1 -14 -7 -9 -16 -13 -13 -4 -8 -13 -23 -21 -13 -13 -2 -3 -3 -3 -2 -2 -3 -1 -1 -1 -1 -1 -1 -1 -1 -1 -1 -12 -12 -30 -27 -39 -55 -55 -64 -74 -83 -74 -79 -89 -92 -92 -84 -84 -91 -122 -102 -100 -97 -93 -93 -93 -94 -91 -91 -89 -91 -92 -102 -96
113 113 112 113 113 113 112 112 111 94 118 117 110 110 117 118 117 117 116 114 114 116 118 116 113 114 114 102 89 79 81 79 72 78 74 79 81 79 79 79 79 79 79 79 81 79 82 82 82 82 82 79 79 72 71 76 81 76 76 74 72 70 77 72 42 42 65 60 60 66 70 56 50 49 47 44 43 43 43 41 39 37 38 37 39 38 38 38 37 36 36 35 35 36 37 39 38 39 37 42 48 53 66 66 77 82 82 83 85 88 88 90 88 90 89 89 89 81 41 0 73 95 105 106 108 107 100 99 99 99 90 95 96 90 97 96 102 99 104 102 102 102 97 100 99 102 102 105 97 106 106 108 108 104 104 105 106 108 117 113 116 114 114 117 111 72 105 105 101 100 95 71 82 79 62 3 0 -46 -1 -91 -91 -41 15 26 43 95 111 108 107 105 97 104 106 106 83 0 79 82 100 95 90 85 87 72 79 79 91 95 94 95 94 96 100 91 93 87 87 84 84 84 89 87 85 89 89 93 94 93 91 73 74 74 78 82 79 82 76 78 79 78 79 87 73 76 76 82 82 82 84 84 81 78 81 81 79 76 68 68 0 9 67 77 81 81 85 84 84 87 49 49 85 88 79 83 87 88 77 77 81 85 88 79 79 89 87 94 82 84 84 90 88 90 93 79 27 27 0 0 83 90 99 104 81 77 29 0 79 96 96 106 99 106 112 113 96 99 99 108 100 107 106 106 117 99 105 111 107 113 101 114 118 114 105 105 100 110 112 99 108 100 102 84 62 73 81 60 60 82 52 26 37 27 12 7 0 0 16 32 37 37 42 44 49 58 73 67 87 105 90 94 74 85 85 105 107 0 113 89 81 117 89 70 74 71 72 72 0 0 101 58 39 52 29 37 44 42 39 39 33 38 54 56 49 25 27 32 35 0 41 24 24 0 0 0 0 0 0 0 -1 -11 -2 -11 -6 -6 -1 -1 -1 -1 -73 0 0 60 67 49 53 44 44 35 25 31 26 27 15 0 0 -84 -1 -2 -9 -9 -16 -9 -11 -13 -12 -3 -4 -6 -11 -26 -13 -13 -13 -3 -3 -2 -3 -4 -1 -1 -1 -1 -1 -1 -1 -1 -1 -1 -1 -6 -31 -44 -44 -55 -54 -64 -74 -74 -73 -82 -78 -78 -88 -89 -86 -86 -92 -106 -120 -96 -96 -92 -92 -93 -93 -93 -91 -91 -96 -98 -101 -100
113 112 113 113 113 112 112 112 111 94 118 117 110 117 118 117 117 116 114 114 114 116 118 116 113 114 102 89 79 81 79 72 72 78 74 79 81 79 79 79 79 79 79 81 79 79 82 82 82 82 82 79 72 71 76 81 76 76 76 74 72 70 77 72 42 65 60 60 66 70 70 56 50 49 47 44 43 43 41 39 37 38 37 37 39 38 38 38 37 36 35 35 36 37 39 38 38 39 37 42 48 53 66 77 82 82 83 85 88 88 88 90 88 90 89 89 81 41 0 73 95 105 105 106 108 107 100 99 99 90 95 96 90 97 97 96 102 99 104 102 102 97 100 99 102 102 105 105 97 106 106 108 108 104 105 106 108 117 113 116 116 114 114 117 111 72 105 101 100 95 71 82 79 79 62 3 0 -46 -1 -91 -41 15 26 43 95 111 111 108 107 105 97 104 106 83 0 79 82 100 100 95 90 85 87 72 79 91 95 94 95 94 96 96 100 91 93 87 87 84 84 89 87 85 89 89 89 93 94 93 91 73 74 78 82 79 82 76 78 78 79 78 79 87 73 76 82 82 82 84 84 81 81 78 81 81 79 76 68 0 9 67 77 81 81 81 85 84 84 87 49 85 88 79 83 87 88 88 77 77 81 85 88 79 89 87 94 82 84 84 84 90 88 90 93 79 27 0 0 83 90 99 104 104 81 77 29 0 79 96 106 99 106 112 113 96 96 99 99 108 100 107 106 117 99 105 111 107 107 113 101 114 118 114 105 100 110 112 99 108 100 100 102 84 62 73 81 60 82 52 26 37 27 12 12 7 0 0 16 32 37 42 44 49 58 73 67 67 87 105 90 94 74 85 105 107 0 113 89 81 81 117 89 70 74 71 72 0 0 101 58 39 39 52 29 37 44 42 39 33 38 54 56 49 25 25 27 32 35 0 41 24 0 0 0 0 0 0 0 0 -1 -11 -2 -11 -6 -1 -1 -1 -1 -73 0 0 0 60 67 49 53 44 35 25 31 26 27 15 15 0 0 -84 -1 -2 -9 -16 -9 -11 -13 -12 -12 -3 -4 -6 -11 -26 -13 -13 -3 -3 -2 -3 -4 -4 -1 -1 -1 -1 -1 -1 -1 -1 -1 -1 -6 -31 -31 -44 -44 -55 -54 -64 -74 -73 -82 -78 -78 -88 -89 -89 -86 -86 -92 -106 -120 -96 -92 -92 -93 -93 -93 -91 -91 -91 -96 -98 -101 -100
108 108 107 114 116 111 111 112 105 114 111 87 112 112 119 116 117 118 117 117 116 116 117 117 117 114 114 113 116 114 112 114 113 111 113 113 111 111 112 112 113 114 112 111 112 114 118 114 116 112 117 117 117 114 108 110 110 104 101 96 100 104 106 100 62 62 93 90 96 100 97 90 88 87 82 81 77 77 77 73 73 72 70 68 70 70 70 68 67 67 67 65 64 66 70 72 64 70 71 77 78 81 77 77 78 82 83 85 87 89 91 94 91 91 91 89 89 79 62 0 13 81 88 102 106 102 100 104 97 97 94 95 93 94 97 99 99 106 111 100 102 102 104 104 107 108 102 106 104 105 107 108 111 108 108 112 114 114 114 117 117 117 117 116 113 78 111 111 94 100 97 87 81 79 81 74 43 16 22 10 10 19 22 81 96 104 111 113 105 102 105 105 108 108 84 47 72 96 99 83 94 82 76 74 89 89 88 104 90 94 96 100 96 88 91 89 88 85 85 88 90 83 89 83 89 95 97 90 87 81 79 79 79 85 87 84 83 82 82 81 87 90 74 81 81 81 84 84 84 82 83 81 82 83 78 76 65 65 0 12 70 87 93 84 88 82 85 88 50 50 85 88 84 82 81 84 76 85 83 85 90 84 84 88 85 95 78 82 85 88 85 89 87 79 0 0 0 0 68 85 99 73 79 67 0 0 74 72 72 95 100 106 108 108 88 96 97 111 104 110 119 119 95 91 108 113 113 114 114 116 118 119 107 107 105 108 118 91 101 104 90 81 88 84 81 58 58 64 31 38 39 25 8 0 0 0 29 36 44 44 45 52 59 70 106 104 52 60 88 84 71 85 85 108 118 0 91 105 78 84 81 30 0 42 66 66 73 71 38 38 48 48 37 43 41 31 32 32 31 41 55 47 42 27 26 29 38 0 0 0 0 0 0 0 0 0 0 -4 -8 -6 -8 -8 -4 -4 -1 -1 -1 -1 0 0 36 55 53 42 43 37 37 24 27 35 35 25 20 9 0 -7 -1 -1 -13 -13 -14 -11 -12 -13 -16 -3 -3 -3 -16 -30 -16 -16 -13 -13 -3 -3 -1 -1 -1 -1 -3 -1 -1 -1 -1 -1 -1 -1 -3 -17 -46 -55 -65 -70 -69 -74 -74 -74 -81 -81 -88 -88 -88 -89 -91 -101 -100 -100 -117 -103 -103 -91 -92 -96 -94 -93 -100 -97 -92 -97 -102 -100
113 113 113 113 105 110 110 112 111 105 94 105 112 116 117 114 116 117 117 117 117 114 117 117 114 114 116 114 113 114 113 108 108 114 116 113 113 111 113 114 113 112 111 114 112 112 116 116 112 113 116 116 113 110 104 104 97 88 88 93 107 100 97 94 58 91 93 99 99 96 96 96 97 95 88 85 83 81 79 77 73 71 70 70 70 70 66 67 66 66 66 65 66 67 67 70 70 72 76 78 79 81 79 82 83 85 87 90 91 91 90 90 100 100 93 87 76 60 -106 -91 0 66 66 94 107 95 95 104 99 95 99 97 96 99 99 99 97 100 94 104 110 105 108 110 104 105 106 106 102 106 106 102 107 112 114 113 116 114 116 111 111 117 114 117 111 77 113 113 116 104 99 88 89 89 82 66 79 73 77 71 68 76 88 111 110 116 116 101 111 110 113 107 85 88 99 96 100 85 85 90 90 67 81 78 81 87 93 91 99 96 93 93 104 87 93 96 94 95 100 89 81 87 90 90 90 94 99 91 78 84 83 87 89 100 79 84 89 89 84 84 90 88 73 81 82 82 87 87 85 89 89 76 83 85 83 78 71 30 27 81 88 89 89 93 90 84 89 90 66 66 79 91 81 81 76 76 81 85 87 87 84 82 91 81 82 79 89 83 83 85 89 88 85 77 59 1 9 21 70 79 71 71 79 3 -50 -44 -128 0 26 84 100 102 111 106 106 96 91 105 95 107 97 90 97 101 107 110 110 120 119 117 119 106 101 96 110 117 91 99 114 114 106 102 94 81 61 53 41 27 33 27 10 14 14 0 0 32 33 37 44 52 65 79 84 113 84 84 73 67 87 66 72 88 101 113 0 0 105 93 93 61 67 58 0 41 74 89 81 60 44 64 64 50 39 41 37 29 39 38 43 52 37 31 32 32 24 32 36 38 10 0 33 8 0 0 -1 -9 -9 -3 -3 -13 -6 -4 -3 -1 -1 -1 -84 0 0 0 45 47 44 33 31 30 25 25 31 26 21 14 14 10 0 -6 -1 -3 -17 -14 -8 -12 -23 -13 -13 -3 -2 -3 -25 -31 -14 -13 -13 -2 -3 -1 -1 -1 -1 -7 -1 -1 -1 -1 -1 -1 -1 -11 -35 -55 -55 -65 -64 -74 -69 -73 -82 -91 -86 -89 -91 -91 -91 -91 -91 -92 -97 -98 -93 -122 -92 -93 -93 -92 -92 -101 -101 -98 -98 -94 -97 -98
113 113 112 112 112 104 112 111 110 114 114 113 106 106 113 112 112 114 116 117 119 117 116 116 117 116 116 116 116 116 114 111 114 114 114 107 110 111 112 112 112 112 108 112 112 112 112 111 110 111 116 112 112 108 104 100 102 99 94 106 107 100 99 93 59 59 93 94 95 97 95 96 97 99 97 95 83 83 81 82 82 77 71 70 71 70 67 66 66 66 66 65 64 66 66 71 72 72 76 78 79 79 82 82 83 83 85 87 91 94 90 89 88 84 73 65 65 13 24 -42 -60 -46 0 91 97 99 100 107 100 100 99 99 99 96 100 102 104 101 95 100 96 96 107 112 110 110 101 106 107 108 105 100 107 113 113 108 113 114 117 114 116 118 114 113 113 82 112 112 114 116 114 106 97 102 76 77 88 94 93 93 93 85 73 77 113 89 116 111 114 113 108 112 97 97 108 97 107 83 88 84 61 72 87 68 85 85 84 90 95 91 87 91 100 104 95 96 97 105 105 90 82 88 93 94 96 100 102 85 83 84 79 79 83 90 95 81 88 84 83 90 94 87 74 87 87 87 83 84 87 88 90 79 85 85 87 82 81 81 72 77 87 95 88 90 91 85 90 88 85 85 47 79 74 72 88 79 70 81 88 78 78 79 79 79 81 77 87 90 85 84 87 84 88 82 16 16 -128 13 0 0 0 21 0 15 -84 -101 -128 -128 -128 22 83 100 93 105 111 84 84 99 101 104 84 84 96 105 101 108 112 122 117 111 107 102 94 94 114 104 106 116 108 99 90 91 88 67 61 59 59 31 32 32 15 10 16 0 0 32 36 39 50 50 64 68 96 99 108 77 83 60 83 79 67 87 87 93 110 114 0 97 84 62 67 12 0 22 16 16 90 105 93 71 58 45 39 30 25 32 48 48 38 41 50 25 32 33 24 31 36 37 35 42 42 24 9 0 0 -6 -20 -9 -14 -11 -2 -8 -3 -3 -1 -1 -1 0 0 38 45 45 33 27 30 31 31 18 19 0 22 20 15 0 0 -2 -12 -16 -13 -13 -12 -11 -26 -21 -13 -3 -2 -1 -28 -25 -13 -13 -12 -3 -2 -1 -1 -1 -1 -1 -3 -1 -1 -1 -1 -1 -1 -6 -17 -44 -55 -64 -73 -74 -83 -82 -88 -88 -92 -87 -83 -89 -92 -91 -100 -98 -96 -98 -94 -110 -110 -105 -92 -92 -89 -91 -101 -97 -98 -92 -91 -97
113 108 110 112 104 112 112 111 110 114 114 113 108 114 112 114 114 116 117 117 118 117 116 118 119 116 116 116 116 111 108 114 114 114 114 107 110 111 113 113 113 108 112 112 112 112 112 114 112 113 117 112 108 104 101 102 99 94 94 106 107 101 99 94 59 93 94 95 97 95 95 96 97 99 97 96 83 82 82 82 78 71 70 70 68 67 67 65 66 67 64 65 66 66 66 70 70 72 76 78 79 81 82 83 83 85 87 89 91 91 90 89 79 33 21 -106 -94 -44 -41 -1 -105 18 18 90 95 99 100 107 100 99 99 99 96 100 100 102 104 102 95 100 95 106 112 110 110 101 106 106 107 108 105 100 107 113 108 113 114 117 114 114 114 116 114 113 116 91 104 114 117 114 106 99 104 104 76 76 88 95 93 93 85 73 76 112 87 114 114 111 116 114 108 112 97 110 99 108 83 88 88 82 61 72 87 68 85 83 88 93 89 87 91 91 100 101 97 97 97 105 90 82 90 95 96 99 99 99 102 87 83 85 78 79 85 90 77 87 84 84 83 90 95 89 74 87 87 83 84 87 88 90 90 82 88 85 87 82 83 79 83 89 97 88 88 90 91 85 90 88 90 43 77 74 71 87 79 79 70 81 89 78 77 79 76 72 68 83 90 83 83 81 87 83 90 78 -107 -128 0 7 -128 -128 0 0 0 55 0 -83 -40 16 79 89 100 93 102 108 108 84 84 97 101 104 84 96 105 101 108 112 112 120 117 111 106 101 91 114 105 104 116 108 99 99 90 90 85 65 61 59 29 30 31 13 2 0 0 8 33 36 36 39 49 65 70 97 101 108 77 77 85 60 83 78 68 87 93 108 116 0 97 87 87 84 52 74 0 -128 -47 41 100 94 73 58 58 44 39 30 24 30 47 38 41 49 25 32 33 33 24 31 37 36 35 41 22 7 0 -128 -126 -21 -21 -75 -81 -11 -3 -8 -2 -1 -1 31 0 0 42 42 47 45 33 27 26 26 0 0 0 16 18 12 12 0 -65 -2 -12 -17 -13 -12 -9 -26 -21 -14 -14 -2 -2 -1 -26 -25 -13 -14 -3 -2 -1 -1 -1 -1 -1 -1 -3 -1 -1 -1 -1 -1 -6 -17 -45 -55 -55 -64 -74 -72 -82 -83 -91 -92 -87 -83 -89 -92 -91 -91 -100 -97 -96 -97 -96 -92 -121 -93 -92 -91 -91 -100 -100 -98 -98 -92 -91 -97
113 113 108 110 112 104 112 111 110 114 114 113 108 108 114 112 114 114 116 117 118 117 116 118 119 116 116 116 116 116 111 108 114 114 114 107 110 111 113 113 113 113 108 112 112 112 112 114 112 113 117 112 112 108 104 101 102 99 94 106 107 101 99 94 59 59 93 94 95 97 95 96 97 99 97 96 83 83 82 82 82 78 71 70 68 67 67 65 66 67 67 64 65 66 66 66 70 72 76 78 79 81 82 82 83 83 85 87 89 91 90 89 79 33 21 -106 -106 -94 -44 -41 -1 -105 18 90 95 99 100 107 100 100 99 99 99 96 100 102 104 102 95 100 95 95 106 112 110 110 101 106 107 108 105 100 107 113 113 108 113 114 117 114 114 116 114 113 116 91 104 104 114 117 114 106 99 104 76 76 88 95 93 93 93 85 73 76 112 87 114 111 116 114 108 112 97 97 110 99 108 83 88 82 61 72 87 68 85 85 83 88 93 89 87 91 100 101 97 97 97 105 105 90 82 90 95 96 99 99 102 87 83 85 78 78 79 85 90 77 87 84 83 90 95 89 74 87 87 87 83 84 87 88 90 82 88 85 87 82 83 83 79 83 89 97 88 90 91 85 90 88 90 90 43 77 74 71 87 79 70 81 89 78 77 79 79 76 72 68 83 90 83 81 87 83 90 78 -107 -107 -128 0 7 -128 -128 0 0 55 0 -83 -40 16 16 79 89 100 93 102 108 84 84 97 101 104 84 84 96 105 101 108 112 120 117 111 106 101 91 91 114 105 104 116 108 99 90 90 85 65 61 59 59 29 30 31 13 2 0 8 33 36 36 39 49 49 65 70 97 101 108 77 85 60 83 78 68 87 87 93 108 116 0 97 87 84 52 74 0 -128 -47 -47 41 100 94 73 58 44 39 30 24 30 47 47 38 41 49 25 32 33 24 31 37 36 35 41 41 22 7 0 -128 -126 -21 -75 -81 -11 -3 -8 -2 -2 -1 -1 31 0 0 42 47 45 33 27 26 26 26 0 0 0 16 18 12 0 -65 -2 -12 -17 -13 -13 -12 -9 -26 -21 -14 -2 -2 -1 -26 -25 -13 -13 -14 -3 -2 -1 -1 -1 -1 -1 -3 -1 -1 -1 -1 -1 -1 -6 -17 -45 -55 -64 -74 -72 -82 -83 -91 -91 -92 -87 -83 -89 -92 -91 -100 -97 -96 -97 -96 -92 -92 -121 -93 -92 -91 -91 -100 -98 -98 -92 -91 -97
111 107 111 111 112 112 112 111 113 113 112 112 113 111 107 112 113 114 113 113 116 117 117 118 119 116 116 116 116 113 113 116 116 113 114 110 104 90 88 89 91 97 108 110 110 110 108 114 113 111 106 110 106 105 106 111 106 106 106 106 105 107 106 104 68 94 93 96 93 93 93 90 94 94 93 82 78 85 87 82 78 73 71 71 71 67 67 68 67 65 65 66 66 66 67 68 68 72 77 79 83 84 82 84 84 85 87 88 85 85 82 82 72 7 -44 -86 -112 -49 -37 -1 -39 4 4 62 77 89 94 99 104 99 102 102 97 99 99 102 107 101 105 102 102 105 113 112 111 106 108 108 108 110 108 111 112 112 112 113 117 119 118 117 117 117 114 116 116 102 96 118 120 112 96 108 96 96 79 83 82 56 83 81 76 50 67 65 89 99 99 95 104 90 94 104 97 84 101 91 89 71 71 64 68 74 76 78 95 82 71 93 84 91 100 100 100 104 105 104 104 105 85 97 101 101 93 99 99 105 102 95 96 83 78 72 30 22 81 89 82 82 89 100 96 81 85 96 101 82 83 87 89 90 90 88 93 89 87 89 88 83 87 90 100 83 83 93 83 79 82 82 82 42 73 64 79 87 81 81 70 87 88 74 79 65 70 0 24 78 84 85 85 85 88 87 91 77 10 -128 0 55 -46 -45 0 0 68 71 22 -87 -40 25 79 94 94 87 96 102 102 56 82 94 87 97 79 93 105 108 112 117 117 116 119 100 106 102 100 105 96 102 114 112 96 96 82 82 68 66 42 44 19 31 21 8 0 0 0 36 38 35 35 39 59 77 85 108 107 113 88 88 89 71 81 101 85 87 104 107 118 0 101 100 100 104 38 81 60 0 2 38 81 87 74 32 32 38 44 20 24 26 41 43 35 31 38 35 36 36 26 30 39 37 24 33 19 15 0 -128 -93 -1 -1 -75 -81 -8 -11 -7 -3 -1 -1 12 0 18 42 42 52 53 39 39 25 22 0 0 0 15 15 0 0 0 -1 -1 -16 -13 -9 -11 -25 -25 -14 -13 -13 -3 -3 -9 -25 -20 -13 -3 -2 -3 -1 -1 -1 -1 -1 -1 -1 -1 -1 -7 -3 -3 -27 -44 -55 -54 -54 -65 -74 -82 -82 -91 -89 -92 -88 -86 -87 -89 -89 -89 -97 -97 -96 -96 -93 -91 -116 -98 -92 -91 -100 -102 -102 -98 -98 -94 -87 -96
111 111 110 112 112 113 114 113 112 110 99 104 107 107 113 111 111 112 113 116 116 114 118 117 117 118 118 116 113 113 113 114 116 116 114 114 99 94 95 95 97 99 102 107 107 105 108 112 110 107 112 111 111 106 105 107 107 111 107 106 111 112 112 113 72 72 100 95 93 94 89 88 94 94 95 99 99 99 96 87 79 77 74 71 70 71 68 68 66 66 66 66 66 66 68 71 72 74 76 84 87 89 88 88 87 88 87 88 87 87 88 84 71 22 -105 -68 -68 -65 -37 -41 25 22 0 0 12 78 90 90 90 90 101 101 104 104 101 100 97 102 108 106 105 105 105 107 114 111 111 113 113 114 116 116 112 114 114 114 116 119 117 119 113 118 117 114 117 110 89 89 120 117 106 112 112 104 94 96 82 81 90 72 72 79 60 64 0 -65 0 39 77 58 77 83 76 76 88 87 81 77 50 64 62 68 62 76 91 91 72 81 97 87 97 100 111 106 110 110 110 97 97 85 102 99 106 88 99 104 96 105 94 70 62 62 0 0 74 93 88 88 94 104 73 87 85 93 93 87 91 87 88 89 94 95 99 96 96 93 94 94 94 88 90 84 90 83 81 79 77 77 74 74 53 48 59 71 83 85 81 82 79 78 76 67 67 0 -116 6 73 89 90 90 90 94 90 84 71 71 33 81 76 0 6 68 85 91 78 0 -128 13 13 70 74 82 101 91 79 64 26 74 74 83 100 100 107 111 108 118 108 110 122 119 112 120 99 99 111 99 110 117 104 112 90 95 65 65 49 31 31 15 20 12 10 0 0 37 37 36 36 43 62 62 102 94 60 97 79 87 76 90 102 110 88 90 90 105 111 117 0 87 102 96 66 66 83 76 18 18 24 78 72 49 31 43 32 24 27 27 39 39 45 22 42 52 42 44 26 32 26 36 21 30 30 24 22 20 0 0 -1 -105 -79 -16 -16 -14 -3 -3 -1 -1 0 0 25 43 52 49 48 37 24 22 22 0 0 16 25 20 2 0 -2 -2 -14 -13 -13 -13 -23 -20 -18 -13 -13 -13 -3 -11 -28 -16 -13 -13 -3 -2 -1 -1 -1 -1 -1 -1 -6 -6 -7 -2 -2 -13 -22 -42 -45 -55 -64 -65 -74 -82 -82 -89 -92 -92 -88 -89 -87 -86 -94 -96 -97 -97 -96 -94 -92 -91 -91 -97 -117 -93 -93 -94 -98 -94 -100 -89 -89 -93
112 108 112 108 111 114 114 114 101 100 96 112 114 111 112 111 113 117 114 114 111 112 114 116 118 117 116 114 113 112 113 116 116 114 113 116 114 113 111 112 112 108 106 107 111 111 106 110 108 108 110 110 106 108 110 110 107 105 105 107 111 110 113 104 67 105 102 100 99 96 96 97 97 99 101 104 111 111 90 82 77 76 73 73 71 70 68 68 66 66 66 66 66 68 72 72 72 76 79 85 88 90 84 85 85 88 89 89 90 90 90 85 77 27 4 -124 -1 -45 -50 61 55 15 15 -45 -103 32 87 93 99 105 101 105 106 97 97 94 101 112 102 111 106 108 106 111 116 114 116 116 118 117 116 116 117 117 116 117 118 110 116 113 113 112 116 113 114 113 78 118 107 108 113 113 110 110 105 106 85 84 74 65 84 65 24 -105 -79 -51 -51 -54 21 19 -124 0 0 55 50 0 0 0 0 0 25 4 30 1 76 73 76 94 96 101 108 108 112 112 118 107 116 95 105 102 85 106 100 97 97 99 99 102 88 59 0 19 0 87 90 89 90 90 95 100 84 95 91 84 95 96 93 94 94 95 95 97 95 89 96 93 94 101 90 93 89 94 94 83 83 79 76 82 78 68 25 58 68 76 77 77 77 73 81 79 81 59 13 0 0 79 90 93 93 97 95 96 90 93 87 85 96 88 32 77 91 91 94 100 88 71 18 0 0 0 33 96 64 76 76 59 0 61 84 67 81 97 93 101 118 101 101 105 120 104 105 113 99 117 113 117 119 106 110 110 76 60 53 55 36 14 13 18 0 0 0 25 25 33 37 36 37 44 65 93 110 102 100 83 81 81 76 93 106 112 100 96 107 116 0 0 79 113 113 110 74 50 111 56 89 58 66 64 44 48 48 37 24 31 26 25 37 36 38 39 37 43 32 32 26 29 24 26 32 32 24 15 0 0 6 -1 -1 -74 -1 -9 -18 -6 -3 -1 -1 0 0 27 38 38 47 52 47 30 25 26 29 26 27 24 7 0 0 0 -3 -16 -13 -13 -12 -18 -13 -14 -14 -13 -13 -14 -3 -6 -9 -16 -3 -3 -2 -4 -4 -1 -1 -1 -4 -1 -1 -1 -18 -27 -32 -45 -54 -55 -64 -64 -64 -74 -74 -83 -82 -93 -92 -91 -88 -88 -96 -97 -92 -92 -96 -96 -96 -94 -93 -93 -91 -117 -96 -102 -89 -101 -101 -97 -101 -86 -96 -94
112 112 106 112 110 112 113 114 100 99 95 111 114 114 111 112 111 113 117 112 112 112 113 116 118 114 114 113 114 113 114 116 116 114 112 113 114 112 111 111 112 110 108 106 107 111 108 111 108 108 108 110 110 105 111 110 110 107 105 107 111 110 113 104 65 65 105 102 100 99 99 100 100 101 102 105 112 112 111 89 82 77 74 73 72 70 68 68 66 66 66 66 66 66 68 72 73 77 79 85 90 90 84 84 85 84 88 88 90 93 90 87 84 0 0 -105 -105 -39 -128 -83 18 59 56 -49 -84 29 82 91 96 96 105 101 106 107 97 94 101 112 102 113 106 106 107 104 111 116 116 114 118 117 116 116 117 118 118 117 118 118 110 114 111 108 116 114 114 113 77 77 117 107 108 113 113 110 105 107 84 85 74 66 66 81 56 15 -92 -1 -51 -75 -78 -114 -47 -111 -103 -103 -50 -51 -40 -40 -55 -1 -1 -1 -1 -53 0 0 66 76 94 95 101 108 112 110 118 107 116 96 96 105 104 84 105 100 97 99 99 101 83 0 0 0 0 71 91 93 93 93 95 100 87 96 91 84 84 93 94 95 96 96 97 97 95 89 96 95 96 96 104 93 95 91 96 83 83 78 76 82 78 78 68 25 55 66 74 71 72 68 78 78 83 67 67 64 21 65 87 90 95 101 93 94 90 93 90 90 89 96 93 87 90 96 96 100 93 90 87 82 82 33 35 72 96 62 67 49 0 22 83 68 81 81 95 91 101 117 101 104 120 104 105 112 99 99 117 114 118 122 107 110 73 59 49 52 32 8 8 1 7 0 0 0 33 37 37 36 37 45 66 66 93 110 102 100 83 78 76 93 106 112 102 96 96 107 83 0 82 78 112 110 74 67 95 61 96 96 61 68 61 41 48 37 25 32 26 24 36 36 33 37 38 38 43 32 25 26 22 26 32 29 29 15 0 0 0 -1 -1 -1 -1 -9 -18 -7 -3 -3 -1 0 0 0 27 37 45 49 44 27 25 26 26 31 30 27 19 0 0 0 -3 -16 -13 -16 -13 -13 -18 -14 -16 -14 -13 -13 -4 -4 -9 -14 -3 -3 -3 -3 -7 -3 -1 -1 -4 -1 -1 -1 -17 -28 -28 -34 -45 -55 -54 -64 -64 -74 -73 -82 -82 -91 -92 -92 -91 -88 -88 -94 -98 -92 -96 -96 -96 -94 -93 -93 -93 -92 -101 -112 -102 -89 -101 -97 -101 -86 -96 -94
112 106 112 110 112 113 113 114 100 99 95 111 114 111 112 111 113 117 112 112 112 112 113 116 118 114 113 114 113 114 116 116 116 114 112 113 114 112 111 112 110 108 106 107 111 111 108 111 108 108 108 110 105 111 110 110 107 105 105 107 111 110 113 104 65 105 102 100 99 99 99 100 100 101 102 105 112 111 89 82 77 74 73 73 72 70 68 68 66 66 66 66 66 68 72 73 73 77 79 85 90 90 84 85 84 88 88 90 93 93 90 87 84 0 0 -105 -39 -128 -83 18 59 56 56 -49 -84 29 82 91 96 105 101 106 107 97 97 94 101 112 102 113 106 107 104 111 116 116 114 114 118 117 116 116 117 118 117 118 118 110 114 111 111 108 116 114 114 113 77 117 107 108 113 113 110 110 105 107 84 85 74 66 81 56 15 -92 -1 -51 -51 -75 -78 -114 -47 -111 -103 -50 -51 -40 -40 -55 -55 -1 -1 -1 -1 -53 0 66 76 94 95 101 108 108 112 110 118 107 116 96 105 104 84 105 100 97 97 99 99 101 83 0 0 0 71 91 93 93 93 93 95 100 87 96 91 84 93 94 95 96 96 97 97 97 95 89 96 95 96 104 93 95 91 96 96 83 83 78 76 82 78 68 25 55 66 74 71 71 72 68 78 78 83 67 64 21 65 87 90 95 95 101 93 94 90 93 90 89 96 93 87 90 96 96 96 100 93 90 87 82 33 35 72 96 62 67 67 49 0 22 83 68 81 95 91 101 117 101 101 104 120 104 105 112 99 117 114 118 122 107 110 110 73 59 49 52 32 8 1 7 0 0 0 33 33 37 37 36 37 45 66 93 110 102 100 83 78 78 76 93 106 112 102 96 107 83 0 82 78 112 112 110 74 67 95 61 96 61 68 61 41 48 48 37 25 32 26 24 36 33 37 38 38 43 32 32 25 26 22 26 32 29 15 0 0 0 -1 -1 -1 -1 -1 -9 -18 -7 -3 -1 0 0 0 27 37 37 45 49 44 27 25 26 31 30 27 19 0 0 0 0 -3 -16 -13 -16 -13 -18 -14 -16 -14 -13 -13 -13 -4 -4 -9 -14 -3 -3 -3 -7 -3 -1 -1 -1 -4 -1 -1 -1 -17 -28 -34 -45 -55 -54 -64 -64 -64 -74 -73 -82 -82 -91 -92 -91 -88 -88 -94 -98 -92 -92 -96 -96 -96 -94 -93 -93 -92 -101 -112 -102 -89 -101 -101 -97 -101 -86 -96 -94
110 110 108 106 100 110 111 108 111 113 113 114 114 114 113 111 112 113 112 113 114 114 112 114 114 113 113 117 117 114 114 113 116 112 112 112 112 116 113 113 113 107 107 110 111 108 107 110 108 108 112 108 108 108 107 110 111 108 108 110 113 114 112 111 76 76 113 108 110 105 101 101 101 106 111 112 113 113 113 100 78 76 74 73 71 70 68 68 66 66 66 67 67 67 68 73 77 83 83 89 96 96 88 88 87 88 89 90 93 95 91 88 81 0 55 -65 -65 -1 -36 -39 -41 22 24 -49 0 24 82 91 90 90 90 95 104 105 93 102 110 100 101 105 97 97 99 105 110 102 104 113 113 108 113 105 105 114 114 106 112 108 111 107 58 95 100 105 110 108 77 77 117 108 116 117 112 99 112 108 90 91 72 72 72 66 20 18 -100 -107 -126 -79 -60 -94 -49 -56 -1 -1 -1 -1 -1 -55 -58 -1 -1 -1 -1 -58 -65 -65 49 83 96 99 100 104 101 106 112 108 116 108 108 113 105 88 96 99 100 100 88 89 87 20 21 21 87 96 97 96 96 97 100 91 94 97 97 89 89 93 90 100 99 97 99 96 90 95 100 94 95 95 99 85 100 95 85 87 87 82 83 81 84 84 72 47 39 58 55 58 30 10 70 68 74 84 84 79 82 81 89 91 96 99 84 91 91 95 95 95 93 102 96 96 97 99 97 99 96 100 104 90 90 97 89 87 88 59 19 0 -44 20 81 74 78 78 93 85 91 118 93 99 113 106 107 119 100 100 114 119 102 114 118 99 62 35 43 41 20 2 2 0 0 0 0 35 35 36 37 35 38 43 70 70 95 104 81 96 65 79 95 97 108 117 97 108 108 111 0 59 106 100 106 117 78 85 68 89 90 90 62 39 27 36 47 35 30 22 21 26 35 35 39 38 39 39 31 31 22 24 20 31 22 16 16 0 -110 -87 -8 -1 -1 -1 -7 -12 -23 -11 -3 -3 -1 -74 0 0 20 31 37 43 43 21 27 29 29 26 21 20 4 0 0 -7 -6 -14 -9 -13 -9 -9 -14 -2 -3 -16 -14 -14 -3 -2 -4 -3 -3 -3 -4 -4 -4 -4 -3 -4 -7 -16 -27 -28 -41 -56 -56 -54 -54 -64 -64 -64 -74 -73 -82 -82 -91 -91 -91 -91 -91 -97 -94 -93 -97 -94 -93 -94 -94 -94 -93 -93 -93 -92 -91 -120 -97 -97 -103 -98 -92 -88 -97 -92
102 85 97 111 108 95 95 95 110 114 117 114 114 112 107 112 114 113 111 111 112 112 117 117 114 116 116 119 117 112 114 114 114 112 112 112 113 114 113 113 112 113 111 112 105 105 106 107 110 111 110 108 108 110 110 110 112 114 114 116 118 119 118 118 81 112 113 112 110 108 108 108 110 110 111 113 116 116 110 94 77 76 74 74 70 70 67 67 66 65 67 67 66 68 74 79 79 82 83 90 99 95 93 95 93 89 93 91 94 94 91 83 71 0 42 -67 -1 -56 -40 -86 -86 -37 -37 -82 -87 13 90 97 101 96 100 104 102 106 106 107 97 99 102 99 91 100 107 111 104 110 114 114 110 111 101 38 36 88 102 111 113 107 47 0 0 -44 22 38 102 113 76 110 108 110 112 117 107 107 114 110 113 106 84 58 32 27 -1 -81 -36 -121 -121 -37 -1 -1 -1 -1 -1 -1 -1 -1 -55 -1 -1 -1 -1 -1 -1 -1 -40 0 76 94 100 104 105 105 118 112 108 111 101 110 112 88 87 100 105 96 96 87 87 95 97 91 84 94 104 104 95 96 101 101 91 97 97 99 105 95 87 91 100 102 101 99 99 93 89 95 95 94 96 97 85 87 91 85 85 95 89 87 83 82 84 79 66 33 61 49 9 9 0 54 72 70 79 88 89 88 90 88 94 91 91 97 93 97 90 97 94 99 101 96 99 95 96 96 105 102 96 100 104 104 105 96 90 62 56 9 9 0 -46 21 78 53 82 90 105 104 108 76 76 104 110 117 111 119 120 123 117 74 99 111 79 79 47 37 44 35 9 7 0 0 0 33 35 37 37 38 38 36 37 45 67 78 71 83 90 60 81 81 104 104 106 119 88 112 87 0 65 119 106 111 111 100 62 94 62 94 94 48 43 37 43 42 42 44 30 15 22 30 33 38 43 39 39 26 29 29 25 26 24 20 12 0 -128 -4 -6 -1 -1 -1 -1 -1 -9 -9 -20 -14 -1 -1 -1 83 0 20 27 27 38 37 31 18 27 29 21 16 8 0 0 -87 -87 -6 -16 -7 -4 -12 -11 -3 -3 -3 -4 -7 -7 -17 -14 -3 -3 -3 -3 -6 -4 -4 -4 -6 -4 -4 -7 -21 -45 -54 -54 -54 -54 -63 -64 -65 -75 -74 -74 -82 -82 -92 -91 -91 -91 -89 -97 -94 -86 -93 -93 -93 -93 -94 -96 -94 -93 -93 -92 -91 -111 -114 -103 -100 -100 -87 -86 -98 -96 -89
84 84 100 97 107 94 101 101 108 111 111 111 110 110 96 111 104 100 107 108 102 111 112 111 114 114 114 116 119 114 117 114 112 113 114 114 113 113 113 113 112 112 105 111 111 110 108 111 112 112 112 110 110 108 108 112 112 117 118 118 119 118 120 119 85 85 118 114 113 113 110 108 110 108 110 114 113 113 116 116 99 84 77 76 72 71 68 68 67 66 66 67 67 66 68 77 78 82 81 85 85 85 93 93 102 100 90 90 93 89 89 74 26 6 -74 -1 -1 -1 -73 -49 -92 -39 -41 -42 4 72 95 104 85 85 97 101 94 99 105 104 95 93 105 97 89 89 100 111 108 107 110 114 112 96 36 0 0 20 20 104 112 111 106 42 -89 -105 -83 0 105 117 79 79 113 107 111 114 118 111 113 118 118 104 85 47 47 30 -53 -1 -128 -128 -1 -1 -1 -1 -1 -1 -1 -1 -1 -1 -1 -1 -1 -1 -1 -1 -1 -1 -1 -1 3 67 91 113 111 116 119 104 110 101 106 111 111 95 76 88 104 101 88 90 106 96 100 104 101 101 105 105 110 104 101 90 99 104 104 107 96 97 97 94 95 104 101 104 104 94 96 96 97 97 96 96 97 91 96 100 89 89 90 99 88 88 82 82 84 76 38 64 60 0 18 19 60 73 81 83 83 87 89 94 95 90 91 95 85 93 90 90 91 91 101 99 94 97 96 101 106 89 102 105 95 88 88 94 89 71 64 82 8 8 14 0 31 64 91 91 78 89 105 76 71 74 96 117 101 120 118 118 95 116 78 97 77 74 44 31 30 12 12 15 15 0 0 26 36 38 37 38 38 36 38 45 61 61 70 67 85 101 65 90 99 108 119 117 102 111 111 119 0 0 0 70 118 85 87 87 94 66 105 105 70 42 45 41 49 53 22 24 24 33 32 32 39 44 38 26 33 31 25 24 14 15 0 -128 -128 -89 -2 -4 -1 -1 -3 -12 -20 -16 -11 -2 -1 -1 -1 -1 -1 0 0 27 30 32 24 25 30 36 36 22 0 0 0 -128 -67 -4 -8 -3 -3 -12 -9 -9 -3 -2 -2 -4 -6 -9 -6 -3 -3 -3 -6 -6 -8 -6 -4 -4 -6 -4 -12 -32 -56 -54 -53 -63 -63 -63 -63 -65 -74 -74 -83 -82 -91 -91 -91 -92 -92 -92 -96 -96 -96 -81 -81 -92 -96 -94 -93 -92 -93 -94 -94 -88 -97 -97 -125 -103 -94 -86 -92 -96 -93 -91
0 0 31 88 91 99 99 100 106 106 107 110 108 95 111 102 99 105 108 108 102 113 112 112 113 114 116 117 114 117 116 112 112 113 117 117 113 113 116 111 112 105 111 111 108 108 110 110 112 112 111 110 108 108 112 113 118 119 119 118 119 118 119 119 84 118 116 114 114 113 113 111 112 111 112 113 113 116 116 99 84 77 76 76 72 71 71 68 67 65 68 67 67 68 77 78 78 82 81 84 85 85 93 100 96 90 90 95 93 93 89 73 20 -1 -1 -1 -1 -41 -82 -128 -1 9 9 67 79 88 100 105 83 96 96 85 91 102 102 104 95 93 106 99 90 100 111 108 107 111 114 114 111 90 31 -112 0 27 100 111 113 108 49 0 0 0 0 49 108 117 81 114 105 110 113 117 111 111 114 117 114 96 73 31 0 -42 -75 -125 -54 -1 -1 -1 -1 -1 -1 -1 -1 -1 -1 -1 -1 -1 -1 -1 -1 -1 -1 -1 -1 -40 0 91 113 111 116 116 119 104 110 100 104 107 95 76 88 102 101 88 88 90 105 97 100 105 101 106 106 112 104 101 89 89 99 105 104 107 96 96 94 97 104 101 104 104 104 95 97 96 97 97 97 97 91 96 100 89 89 89 90 99 90 90 82 84 76 49 61 65 44 44 0 10 47 71 79 79 83 88 95 97 94 89 89 93 83 90 88 90 90 101 99 95 96 96 101 101 106 89 102 105 95 87 93 88 70 62 85 50 50 56 71 93 72 67 91 78 85 102 73 70 70 72 94 114 99 122 118 95 117 79 97 78 72 72 43 30 26 8 9 19 0 21 31 38 38 37 37 38 38 37 39 47 61 70 68 84 101 64 90 90 100 108 119 117 101 108 116 0 0 76 70 118 118 85 87 87 100 65 102 71 44 47 41 49 49 53 22 24 25 33 32 39 44 38 25 32 27 27 22 19 6 7 0 -114 -4 -2 -4 -1 -1 -2 -2 -14 -18 -17 -11 -2 -1 -1 -1 -1 -1 0 0 0 24 24 18 20 27 36 22 0 0 0 -81 -6 -6 -4 -7 -2 -3 -13 -11 -3 -2 -3 -3 -4 -4 -9 -6 -3 -3 -3 -7 -7 -4 -4 -4 -4 -6 -6 -12 -32 -55 -53 -53 -63 -63 -63 -65 -74 -73 -81 -81 -83 -93 -91 -91 -92 -91 -97 -97 -96 -81 -81 -92 -92 -96 -94 -94 -91 -92 -93 -87 -98 -98 -111 -116 -93 -93 -86 -91 -94 -92 -89
0 0 0 31 88 91 99 100 106 106 107 110 108 108 95 111 102 99 105 108 102 113 112 112 113 114 114 116 117 114 117 116 112 113 117 117 113 113 116 116 111 112 105 111 111 108 110 110 112 112 111 110 110 108 108 112 113 118 119 118 119 118 119 119 84 84 118 116 114 114 113 111 112 111 112 113 113 113 116 116 99 84 77 76 72 71 71 68 67 65 65 68 67 67 68 77 78 82 81 84 85 85 93 93 100 96 90 90 95 93 89 73 20 -1 -1 -1 -1 -1 -41 -82 -128 -1 9 67 79 88 100 105 83 83 96 96 85 91 102 104 95 93 106 99 90 90 100 111 108 107 111 114 111 90 31 -112 0 27 27 100 111 113 108 49 0 0 0 49 108 117 81 81 114 105 110 113 117 111 114 117 114 96 73 31 31 0 -42 -75 -125 -54 -1 -1 -1 -1 -1 -1 -1 -1 -1 -1 -1 -1 -1 -1 -1 -1 -1 -1 -1 -1 -40 0 91 113 111 116 119 104 110 100 104 107 107 95 76 88 102 101 88 90 105 97 100 105 101 101 106 106 112 104 101 89 99 105 104 107 96 96 96 94 97 104 101 104 104 95 97 96 97 97 97 97 97 91 96 100 89 89 90 99 90 90 82 82 84 76 49 61 65 44 0 10 47 71 79 79 79 83 88 95 97 94 89 93 83 90 88 90 90 90 101 99 95 96 96 101 106 89 102 105 95 87 87 93 88 70 62 85 50 56 71 93 72 67 91 91 78 85 102 73 70 72 94 114 99 122 118 118 95 117 79 97 78 72 43 30 26 8 9 19 19 0 21 31 38 38 37 38 38 37 39 47 61 61 70 68 84 101 64 90 100 108 119 117 101 108 108 116 0 0 76 70 118 85 87 87 100 65 102 102 71 44 47 41 49 53 22 24 25 33 32 32 39 44 38 25 32 27 22 19 6 7 0 -114 -114 -4 -2 -4 -1 -1 -2 -14 -18 -17 -11 -2 -1 -1 -1 -1 -1 -1 0 0 24 24 18 20 27 36 36 22 0 0 0 -81 -6 -4 -7 -2 -3 -13 -11 -11 -3 -2 -3 -3 -4 -9 -6 -3 -3 -3 -7 -7 -7 -4 -4 -4 -4 -6 -12 -32 -55 -53 -53 -63 -63 -63 -63 -65 -74 -73 -81 -83 -93 -91 -91 -92 -91 -91 -97 -97 -96 -81 -81 -92 -96 -94 -94 -91 -92 -93 -93 -87 -98 -98 -111 -116 -93 -86 -91 -94 -92 -89
88 78 35 0 0 0 0 0 0 0 0 0 0 0 0 0 0 0 36 36 87 104 106 104 114 117 118 113 116 114 112 116 116 116 112 108 110 110 110 107 111 112 111 111 111 111 111 112 112 111 108 110 108 111 113 114 117 119 119 119 120 120 119 119 84 118 118 114 112 112 112 113 113 108 112 116 113 108 108 94 96 87 76 76 74 71 71 71 67 67 67 67 70 73 81 81 81 82 82 84 84 90 94 87 87 89 89 90 71 71 21 0 -128 -44 -1 -40 -1 -1 -1 -88 8 68 68 84 90 94 100 95 87 81 30 36 37 93 93 91 87 99 104 95 94 100 101 106 110 112 110 110 90 83 16 16 26 45 102 112 112 111 100 88 88 84 95 105 113 106 74 117 107 107 112 116 114 114 106 108 93 64 0 0 -77 -70 -60 -39 -1 -1 -1 -1 -1 -1 -1 -1 -1 -1 -1 -1 -1 -1 -1 -1 -1 -1 -1 -1 -1 -1 -58 96 100 100 113 113 118 108 102 105 107 107 94 83 91 106 87 95 95 102 94 105 105 110 111 108 112 108 110 106 95 95 104 106 97 108 93 100 99 100 102 101 105 100 100 89 93 99 97 99 100 96 99 96 97 100 100 99 99 114 85 104 89 82 76 74 58 74 50 50 48 0 0 70 77 66 33 89 82 82 102 82 82 84 82 82 89 74 94 102 105 107 102 93 100 100 97 95 102 96 96 102 95 67 60 76 76 52 52 68 73 84 67 67 83 83 90 77 66 88 88 71 88 106 118 112 114 93 107 88 97 71 67 67 43 19 21 18 22 27 0 24 32 38 39 37 37 38 37 41 45 55 62 77 73 87 93 54 87 87 106 105 114 118 108 0 0 0 119 83 79 88 88 88 101 76 93 79 74 64 52 37 44 37 37 24 25 22 29 32 33 38 37 31 15 21 30 30 21 0 3 0 0 -4 -7 -2 -4 -14 -11 -7 -7 -9 -16 -7 -2 -2 -1 -1 -1 -1 -1 87 0 0 15 0 0 14 21 32 20 9 0 -1 -2 -6 -6 -4 -3 -1 -1 -16 -9 -2 -3 -1 -1 -1 -1 -1 -8 -4 -4 -6 -7 -4 -4 -4 -4 -22 -32 -32 -45 -45 -55 -63 -60 -60 -60 -73 -74 -74 -82 -82 -82 -93 -91 -91 -92 -92 -98 -93 -93 -93 -89 -87 -91 -91 -94 -93 -94 -92 -93 -101 -94 -98 -100 -97 -125 -96 -96 -94 -100 -94 -92 -89
97 97 102 101 93 102 107 94 94 108 108 108 100 100 113 110 108 114 97 37 0 0 0 0 0 0 0 0 0 0 0 0 0 0 0 0 0 0 0 0 0 0 0 41 99 112 113 112 112 108 107 110 110 108 111 111 113 118 118 118 116 116 116 117 82 82 114 118 116 113 110 112 111 111 112 112 112 112 99 107 94 108 93 77 68 41 10 0 0 0 0 0 0 0 0 0 0 0 0 0 0 0 0 0 0 0 0 0 0 0 22 60 27 -1 22 -92 -92 -42 -1 -1 0 79 88 95 97 100 99 90 78 78 19 -128 -40 20 72 76 90 100 97 91 95 95 99 102 106 108 102 101 89 104 100 96 96 104 104 107 113 118 113 114 111 107 107 111 116 102 73 73 102 94 99 114 112 102 94 84 50 -91 -63 16 16 -55 -124 -44 -1 -1 -1 -1 -1 -1 -1 -1 -1 -1 -1 -1 -1 -1 -1 -1 -1 -1 -1 -1 -1 -1 -1 -39 3 73 91 108 111 104 107 102 105 111 111 74 76 81 89 68 96 112 89 106 108 110 117 117 110 114 106 105 101 105 106 101 99 105 99 106 106 99 101 102 100 102 100 96 95 101 100 100 104 104 95 96 91 99 102 106 108 100 100 113 62 62 72 83 84 50 94 83 43 29 0 72 61 52 52 0 74 71 84 95 82 83 88 88 88 89 96 96 106 104 111 94 93 91 101 99 94 100 104 106 106 81 79 82 73 73 60 68 81 84 79 60 79 79 91 102 70 70 81 89 87 94 111 72 116 116 89 113 97 79 70 71 33 15 26 21 25 25 25 0 24 32 37 41 37 37 41 44 53 50 61 61 68 77 90 76 65 90 106 110 112 113 111 0 0 84 0 119 94 89 108 113 108 102 60 54 47 47 47 30 26 31 22 26 32 24 36 31 33 33 44 32 22 18 21 21 0 0 0 -128 -128 -3 -3 -3 -4 -22 -14 -4 -3 -3 -14 -4 -4 -2 -7 -7 -1 -1 -1 -1 -1 0 0 0 0 0 0 24 24 14 0 0 -81 -3 -6 -16 -1 -1 -2 -16 -11 -11 -2 -1 -1 -1 -1 -1 -7 -11 -6 -7 -4 -4 -4 -8 -9 -21 -42 -55 -54 -65 -64 -60 -65 -68 -68 -73 -74 -73 -82 -83 -92 -92 -91 -91 -91 -98 -97 -97 -93 -92 -92 -94 -92 -91 -89 -93 -94 -93 -93 -97 -97 -96 -101 -94 -94 -107 -111 -94 -94 -92 -91 -93
104 100 90 105 106 96 96 99 108 113 110 106 99 112 100 106 113 113 110 110 107 99 105 108 111 101 112 113 116 116 114 114 114 116 116 114 114 116 116 116 116 94 42 0 0 0 0 0 0 0 0 0 0 0 0 0 0 0 0 0 0 0 0 0 0 0 0 0 0 0 0 0 0 0 0 0 0 0 0 0 0 0 0 0 0 9 37 67 70 70 68 70 70 71 77 81 81 83 83 87 83 82 79 83 84 81 81 85 87 87 88 81 31 30 27 59 22 31 0 66 85 95 95 99 97 99 99 90 73 22 -128 -84 -83 21 21 24 67 77 81 87 90 95 100 108 108 100 99 99 104 107 106 112 110 110 113 118 114 114 114 119 119 108 116 108 108 97 67 104 107 97 112 97 79 79 65 2 8 -1 -46 -51 -47 -40 -55 -1 -1 -1 -1 -1 -1 -1 -1 -1 -1 -1 -1 -1 -1 -1 -1 -1 -1 -1 -1 -1 -1 -1 -1 -47 0 73 96 96 100 101 96 81 91 84 18 2 0 77 78 99 99 94 108 106 110 112 104 111 114 108 110 110 107 107 105 102 104 104 105 107 99 102 101 101 104 95 95 101 100 100 95 102 102 102 102 101 105 105 105 118 90 108 104 111 73 82 85 81 56 91 77 77 64 41 0 22 15 -86 -128 13 62 79 78 90 90 84 90 97 94 79 95 102 106 93 96 85 85 85 101 99 89 102 94 107 82 84 72 84 71 58 58 54 65 81 94 47 71 84 97 67 85 79 79 88 77 85 93 73 110 102 110 97 81 68 55 55 14 20 27 24 22 0 0 26 32 36 41 36 36 38 37 44 56 56 76 54 71 81 55 67 88 88 107 112 116 0 0 0 116 105 79 94 87 106 106 122 116 67 66 48 8 26 22 29 35 21 21 26 38 39 38 30 39 32 0 0 6 0 0 0 0 0 0 -81 -2 -3 -1 -18 -22 -22 -3 -4 -4 -3 -11 -7 -3 -2 -4 -1 -1 -1 -1 -1 -1 -1 0 -69 -88 -41 0 9 0 0 0 -6 -6 -18 -18 -14 -1 -1 -3 -16 -6 -2 -1 -1 -1 -1 -1 -1 -9 -9 -8 -8 -11 -11 -20 -30 -44 -67 -64 -64 -61 -56 -67 -70 -65 -70 -74 -83 -82 -82 -92 -91 -91 -91 -91 -91 -91 -96 -96 -94 -92 -92 -93 -92 -92 -92 -91 -91 -94 -93 -93 -98 -98 -97 -92 -96 -97 -122 -122 -93 -93 -91 -91 -94
97 97 96 101 102 97 112 112 113 110 106 96 102 102 112 95 102 110 107 105 100 106 113 114 108 108 108 114 112 105 113 118 118 118 118 117 112 114 116 116 117 116 116 111 116 117 116 116 113 111 112 111 111 111 112 111 111 120 114 95 100 99 102 104 73 73 107 107 111 113 113 113 116 117 117 117 112 112 116 116 116 116 101 91 83 79 76 71 70 70 70 71 70 67 67 73 77 81 83 83 84 84 84 84 87 88 85 85 88 88 89 88 85 83 82 81 81 81 79 0 54 89 91 91 94 94 96 93 93 93 85 65 -51 -103 -128 -128 -102 -64 0 73 85 85 94 104 108 101 102 108 110 104 99 105 107 113 113 114 111 104 104 111 118 108 114 110 100 102 78 78 116 107 90 77 65 54 31 13 -1 -1 -61 -91 -91 -40 -1 -1 -1 -1 -1 -1 -1 -1 -1 -1 -1 -1 -1 -1 -1 -1 -1 -1 -1 -1 -1 -1 -1 -1 -1 -1 -1 -44 0 65 78 66 62 44 0 -55 -55 -12 -39 0 66 67 100 113 110 104 110 111 114 114 118 108 107 114 112 104 106 106 108 111 111 112 112 97 107 100 106 105 102 100 101 102 104 105 101 101 102 95 102 99 106 112 91 102 105 102 66 66 79 72 0 19 49 91 78 67 58 0 0 -50 -50 -125 -101 36 4 55 77 72 93 94 94 88 85 85 90 107 95 99 87 89 72 76 88 89 79 101 101 97 78 73 94 62 66 49 59 77 84 54 68 68 99 102 71 85 66 87 72 79 59 76 97 97 110 108 79 90 45 26 13 26 24 19 15 0 0 27 35 33 36 41 35 38 39 45 56 64 73 73 65 65 65 52 84 88 95 110 0 0 110 108 108 117 107 76 91 81 118 116 65 53 47 25 16 16 12 27 27 29 24 38 41 52 39 24 26 26 16 0 0 0 0 0 0 0 0 -1 -2 -6 -6 -13 -18 -18 -14 -3 -11 -4 -9 -8 -3 -2 -4 -4 -1 -1 -1 -1 -1 -1 -1 -1 -1 -1 -102 -81 -81 0 0 -81 -7 -17 -16 -6 -3 -11 -12 -8 -4 -4 -2 -3 -1 -1 -1 -1 -8 -16 -20 -20 -27 -27 -42 -46 -55 -55 -64 -72 -56 -37 -61 -69 -69 -73 -73 -79 -82 -82 -91 -89 -89 -91 -92 -98 -98 -97 -94 -94 -94 -96 -91 -88 -89 -92 -92 -89 -91 -92 -101 -98 -98 -97 -98 -97 -97 -96 -102 -111 -94 -91 -91 -94
97 96 101 102 97 112 112 112 113 110 106 96 102 112 95 102 110 107 105 105 100 106 113 114 108 108 114 112 105 113 118 118 118 118 118 117 112 114 116 117 116 116 111 116 117 117 116 116 113 111 112 111 111 112 111 111 120 114 114 95 100 99 102 104 73 107 107 111 113 113 113 113 116 117 117 117 112 116 116 116 116 101 91 91 83 79 76 71 70 70 71 70 67 67 73 77 77 81 83 83 84 84 84 87 88 85 85 88 88 88 89 88 85 83 82 81 81 79 0 54 89 91 91 91 94 94 96 93 93 85 65 -51 -103 -128 -128 -128 -102 -64 0 73 85 94 104 108 101 102 108 108 110 104 99 105 107 113 114 111 104 104 111 118 118 108 114 110 100 102 78 116 107 90 77 65 54 54 31 13 -1 -1 -61 -91 -40 -1 -1 -1 -1 -1 -1 -1 -1 -1 -1 -1 -1 -1 -1 -1 -1 -1 -1 -1 -1 -1 -1 -1 -1 -1 -1 -1 -44 0 65 65 78 66 62 44 0 -55 -12 -39 0 66 67 100 100 113 110 104 110 111 114 118 108 107 114 112 104 104 106 106 108 111 111 112 97 107 100 106 105 102 102 100 101 102 104 105 101 102 95 102 99 106 106 112 91 102 105 102 66 79 72 0 19 49 91 91 78 67 58 0 0 -50 -125 -101 36 4 55 77 77 72 93 94 94 88 85 90 107 95 99 87 89 89 72 76 88 89 79 101 97 78 73 94 62 66 66 49 59 77 84 54 68 99 102 71 85 66 66 87 72 79 59 76 97 110 108 79 90 45 26 26 13 26 24 19 15 0 27 35 33 36 41 35 35 38 39 45 56 64 73 65 65 65 52 84 88 88 95 110 0 0 110 108 117 107 76 91 81 118 118 116 65 53 47 25 16 12 27 27 29 24 24 38 41 52 39 24 26 16 0 0 0 0 0 0 0 0 0 -1 -2 -6 -13 -18 -18 -14 -3 -11 -11 -4 -9 -8 -3 -2 -4 -1 -1 -1 -1 -1 -1 -1 -1 -1 -1 -1 -102 -81 0 0 -81 -7 -17 -16 -16 -6 -3 -11 -12 -8 -4 -2 -3 -1 -1 -1 -1 -1 -8 -16 -20 -20 -27 -42 -46 -55 -55 -64 -72 -72 -56 -37 -61 -69 -69 -73 -79 -82 -82 -91 -89 -89 -89 -91 -92 -98 -98 -97 -94 -94 -96 -91 -88 -89 -92 -92 -92 -89 -91 -92 -101 -98 -97 -98 -97 -97 -96 -102 -102 -111 -94 -91 -91 -94
97 97 95 101 105 99 112 112 113 110 106 96 102 102 112 94 102 110 107 106 101 106 116 117 110 111 111 117 114 106 116 120 118 119 119 118 113 116 117 117 118 117 117 112 117 118 116 117 114 112 110 111 111 112 112 110 112 120 113 97 100 100 105 106 74 74 110 108 112 113 113 114 116 118 118 116 113 113 116 117 117 117 101 93 83 79 77 71 70 71 71 70 70 67 67 73 77 81 84 83 84 84 84 84 87 88 84 85 88 88 89 89 93 94 90 90 90 89 89 62 0 0 0 0 93 95 96 93 96 96 96 78 4 -67 -108 -121 -68 -128 -92 0 27 27 82 96 107 99 101 110 110 104 99 105 108 112 112 114 111 104 104 111 118 108 114 110 100 102 78 78 116 107 88 76 60 50 24 -79 -1 -1 -56 -1 -1 -1 -1 -1 -1 -1 -1 -1 -1 -1 -1 -1 -1 -1 -1 -1 -1 -1 -1 -1 -1 -1 -1 -1 -1 -1 -1 -1 -1 -1 -41 -45 18 19 21 -58 -1 -1 -1 -1 -1 0 62 65 100 113 110 105 112 111 114 114 118 108 107 114 112 106 106 106 107 111 111 114 114 100 106 101 105 105 102 100 101 102 104 100 96 96 99 93 101 100 106 112 91 102 105 101 66 66 78 67 0 22 27 88 81 74 67 55 0 -105 -105 -47 -50 -128 0 20 74 71 93 94 94 88 84 84 91 107 95 99 85 87 72 77 89 89 77 101 101 97 78 74 94 62 66 49 58 74 84 54 68 68 99 102 71 85 66 87 72 77 58 74 95 95 110 105 76 88 42 22 12 22 19 13 0 0 0 27 36 36 38 39 35 38 41 47 58 65 76 76 65 65 65 52 84 88 97 110 0 0 111 110 110 119 107 76 91 81 118 118 65 52 44 22 26 26 0 26 25 27 24 38 42 54 41 24 25 25 10 0 0 0 0 19 0 0 0 -1 -3 -6 -6 -12 -18 -18 -13 -3 -11 -3 -8 -7 -3 -2 -3 -3 -1 -1 -1 -1 -1 -1 -1 -1 -1 -1 -1 -51 -51 -110 -78 -1 -7 -18 -16 -7 -3 -9 -12 -8 -4 -4 -2 -1 -1 -1 -1 -1 -8 -14 -21 -20 -27 -27 -42 -45 -55 -54 -65 -72 -56 -39 -61 -69 -69 -73 -73 -81 -79 -82 -91 -89 -91 -91 -92 -98 -98 -97 -94 -94 -96 -94 -91 -88 -89 -92 -92 -89 -92 -92 -101 -98 -98 -96 -98 -97 -98 -96 -91 -119 -97 -92 -91 -94
101 101 110 101 105 110 110 100 106 110 104 105 104 111 117 117 107 114 107 107 94 105 113 114 113 116 111 95 107 117 117 114 114 112 112 116 118 118 117 117 118 120 116 118 118 118 116 116 116 112 112 111 113 108 110 110 113 101 101 96 95 95 96 100 62 96 102 108 113 112 112 112 113 117 118 117 114 116 118 118 117 107 106 106 97 84 74 74 71 70 71 68 67 70 72 76 76 79 83 83 84 85 84 88 89 89 87 91 93 93 93 94 96 99 99 95 93 90 88 89 87 88 88 0 0 0 0 0 58 85 84 0 41 0 0 -89 -128 -126 -69 -128 -94 18 84 93 91 96 99 99 97 97 106 105 107 106 108 99 110 111 114 119 119 117 118 112 114 117 88 99 71 64 56 60 53 53 18 -55 -101 -65 -1 -1 -1 -1 -47 -55 -1 -1 -1 -1 -1 -1 -1 -1 -1 -1 -1 -1 -1 -1 -1 -1 -1 -1 -1 -1 -1 -1 -1 -1 -1 -1 -1 -1 -1 -1 -1 -1 -1 -1 -1 -1 -64 72 77 106 106 118 111 113 111 116 112 114 108 111 113 107 112 112 112 114 114 116 114 117 101 105 107 108 106 105 105 99 102 106 100 88 43 89 96 106 104 114 114 96 91 97 99 74 72 83 68 0 0 0 65 65 84 82 76 65 62 0 9 0 0 26 55 76 76 83 99 87 93 81 93 97 94 104 97 76 68 68 77 81 83 84 85 77 79 90 81 72 66 78 78 49 55 67 66 58 77 85 89 91 83 67 67 79 64 78 76 77 74 105 82 60 60 29 12 12 26 24 0 0 0 0 0 31 35 37 39 35 35 42 47 58 64 72 77 66 62 87 58 91 106 106 108 114 84 0 108 104 84 124 82 111 102 123 123 112 66 66 66 64 25 0 31 25 31 31 31 39 49 48 33 16 18 0 0 0 0 0 0 0 0 0 -1 -1 -2 -18 -7 -17 -25 -13 -3 -11 -11 -3 -4 -4 -3 -3 -2 -6 -1 -1 -1 -1 -1 -1 -1 -1 -1 -1 -1 -1 -1 -1 -7 -4 -18 -9 -9 -4 -3 -7 -2 -3 -4 -6 -3 -3 -3 -1 -1 -6 -9 -25 -41 -45 -54 -54 -54 -64 -65 -73 -72 -72 -65 -63 -75 -81 -75 -81 -81 -81 -91 -91 -91 -91 -91 -91 -91 -98 -97 -93 -93 -94 -94 -89 -87 -88 -91 -91 -92 -88 -87 -96 -100 -96 -96 -97 -97 -98 -93 -91 -91 -97 -117 -91 -92 -92
102 102 99 100 90 100 97 93 111 112 110 94 111 111 105 106 101 105 117 97 97 106 114 116 113 110 110 100 113 118 116 112 112 111 111 110 110 113 116 116 117 117 110 116 117 118 118 117 116 113 112 111 111 111 110 108 111 108 107 106 101 100 105 104 72 72 105 107 113 111 110 110 113 116 117 114 114 114 114 118 118 118 116 112 93 72 79 73 72 71 71 71 70 70 70 72 74 78 83 85 85 87 88 88 89 90 91 89 94 97 96 96 99 100 99 99 99 96 94 89 89 89 90 91 90 87 88 58 0 0 0 0 0 83 72 7 -93 -41 -42 -92 -128 -128 -128 41 90 97 104 99 102 104 106 106 106 102 102 102 108 116 117 82 107 118 117 118 120 117 72 72 72 84 82 76 82 42 8 -49 -103 -1 -1 -1 -1 -39 -87 -116 -1 -1 -1 -1 -1 -1 -1 -1 -1 -1 -1 -1 -1 -1 -1 -1 -1 -1 -1 -1 -1 -1 -1 -1 -1 -1 -1 -45 -47 -50 -40 -1 -1 -1 -1 -1 -40 0 78 90 104 116 119 116 116 108 110 110 116 112 113 113 113 113 105 110 114 116 118 111 111 104 112 99 106 107 106 107 107 108 99 93 0 0 0 89 110 107 91 90 95 79 88 71 81 81 89 84 62 -67 -106 68 88 87 78 83 66 54 54 0 54 24 33 74 83 91 97 87 91 94 89 89 94 78 95 100 76 77 82 78 84 89 96 79 79 78 87 78 62 68 66 52 56 59 58 71 94 94 95 52 97 68 61 66 74 76 68 61 77 77 93 84 78 35 12 24 32 15 0 0 -106 0 0 7 29 35 37 39 41 41 45 59 70 79 83 83 48 59 72 81 99 112 117 72 0 47 122 114 114 99 117 87 122 123 116 77 56 90 47 47 31 31 24 26 22 29 39 44 52 53 27 15 21 21 10 0 0 -1 -117 -105 -1 -7 -3 -1 -1 -1 -1 -13 -16 -20 -14 -8 -16 -3 -4 -3 -3 -3 -3 -3 -7 -3 -3 -1 -1 -1 -1 -1 -1 -1 -1 -1 -1 -1 -1 -3 -2 -12 -7 -4 -4 -3 -3 -1 -1 -1 -1 -6 -4 -4 -8 -18 -28 -44 -54 -55 -54 -54 -63 -64 -65 -73 -70 -70 -69 -69 -79 -79 -77 -81 -81 -81 -91 -89 -89 -89 -88 -89 -91 -97 -94 -93 -92 -92 -93 -92 -89 -86 -86 -87 -91 -97 -93 -94 -98 -96 -96 -97 -94 -94 -96 -93 -93 -94 -116 -98 -93 -92
91 97 97 111 111 111 111 112 114 107 95 104 111 93 107 94 114 108 96 96 105 114 120 114 104 97 118 114 114 114 113 114 114 111 107 100 106 111 112 113 112 118 117 116 116 116 116 114 116 113 113 111 112 111 110 108 108 108 108 110 111 111 111 117 79 112 116 110 110 107 107 108 110 114 113 114 116 114 118 119 118 116 112 112 88 74 74 73 72 71 70 70 70 71 72 73 73 74 82 87 88 89 89 94 94 90 91 96 99 99 99 100 102 101 101 95 93 91 90 91 93 95 95 91 90 89 89 89 89 90 89 90 90 87 87 79 33 35 30 29 0 0 0 52 0 0 0 0 104 105 108 111 104 105 110 111 105 73 0 107 107 113 119 119 112 97 81 84 106 108 85 61 19 19 0 -103 -1 -1 -1 -41 -128 -105 -40 -1 -1 -1 -1 -1 -1 -1 -1 -1 -1 -1 -1 -1 -1 -1 -1 -1 -1 -1 -1 -1 -1 -1 -1 -1 -1 -41 -89 -89 -106 -64 -40 -1 -1 -1 -1 -63 64 89 87 95 95 118 118 107 116 104 111 112 118 113 118 118 110 110 113 108 113 117 116 117 113 110 108 104 105 104 104 106 110 111 107 101 89 0 0 91 101 100 100 104 97 83 88 74 82 89 85 72 0 0 60 60 87 79 79 82 82 81 60 76 68 67 90 96 96 100 93 94 96 99 95 91 76 87 90 72 84 84 91 67 81 95 59 67 71 82 90 90 77 70 70 53 58 50 64 70 67 66 81 89 87 58 58 60 54 70 70 59 67 77 58 47 22 20 26 26 19 10 0 -112 0 0 9 33 35 37 39 39 39 39 45 58 66 93 44 68 68 82 105 101 110 110 83 0 0 0 83 102 107 110 96 125 120 78 78 79 102 112 38 32 48 38 0 21 29 39 39 41 55 35 16 30 37 6 0 -1 -1 -106 -69 -69 -2 -2 -2 -2 -12 -11 -16 -14 -17 -16 -18 -16 -16 -3 -3 -3 -2 -4 -3 -9 -4 -3 -1 -1 -1 -1 -1 -1 -1 -1 -1 -1 -1 -1 -1 -1 -1 -11 -11 -12 -2 -3 -1 -1 -1 -1 -6 -4 -6 -16 -16 -31 -45 -55 -54 -64 -63 -63 -63 -70 -69 -69 -72 -72 -79 -78 -82 -79 -78 -81 -91 -89 -88 -89 -91 -89 -89 -88 -98 -98 -97 -96 -94 -93 -92 -91 -87 -84 -87 -87 -86 -94 -94 -93 -96 -96 -96 -93 -96 -97 -100 -93 -93 -92 -96 -117 -92 -93
91 91 97 97 111 111 111 112 114 107 95 104 111 111 93 107 94 114 108 96 105 114 120 114 104 97 97 118 114 114 114 113 114 111 107 100 106 111 112 112 113 112 118 117 116 116 116 114 116 113 113 111 111 112 111 110 108 108 108 110 111 111 111 117 79 79 112 116 110 110 107 108 110 114 113 114 116 116 114 118 119 118 116 112 88 74 74 73 72 71 71 70 70 70 71 72 73 74 82 87 88 89 89 89 94 94 90 91 96 99 99 100 102 101 101 95 95 93 91 90 91 93 95 91 90 89 89 89 89 89 90 89 90 90 87 79 33 35 30 29 0 0 0 0 52 0 0 0 104 105 108 111 104 105 105 110 111 105 73 0 107 113 119 119 112 97 81 81 84 106 108 85 61 19 0 -103 -1 -1 -1 -41 -41 -128 -105 -40 -1 -1 -1 -1 -1 -1 -1 -1 -1 -1 -1 -1 -1 -1 -1 -1 -1 -1 -1 -1 -1 -1 -1 -1 -1 -1 -41 -89 -106 -64 -40 -1 -1 -1 -1 -1 -63 64 89 87 95 118 118 107 116 104 111 111 112 118 113 118 118 110 113 108 113 117 116 117 117 113 110 108 104 105 104 106 110 111 107 101 89 89 0 0 91 101 100 104 97 83 88 74 82 82 89 85 72 0 0 60 87 79 79 82 82 81 81 60 76 68 67 90 96 100 93 94 96 99 95 95 91 76 87 90 72 84 91 67 81 95 59 67 67 71 82 90 90 77 70 53 58 50 64 70 67 67 66 81 89 87 58 60 54 70 70 59 67 67 77 58 47 22 20 26 19 10 0 -112 0 0 0 9 33 35 37 39 39 39 45 58 66 93 44 44 68 68 82 105 101 110 83 0 0 0 83 102 102 107 110 96 125 120 78 79 102 112 38 32 48 48 38 0 21 29 39 41 55 35 16 30 37 37 6 0 -1 -1 -106 -69 -2 -2 -2 -2 -12 -11 -11 -16 -14 -17 -16 -18 -16 -3 -3 -3 -2 -4 -3 -3 -9 -4 -3 -1 -1 -1 -1 -1 -1 -1 -1 -1 -1 -1 -1 -1 -1 -1 -11 -12 -2 -3 -1 -1 -1 -1 -1 -6 -4 -6 -16 -31 -45 -55 -54 -64 -63 -63 -63 -63 -70 -69 -69 -72 -79 -78 -82 -79 -78 -81 -81 -91 -89 -88 -89 -91 -89 -88 -98 -98 -97 -96 -94 -94 -93 -92 -91 -87 -84 -87 -86 -94 -94 -93 -96 -96 -96 -96 -93 -96 -97 -100 -93 -92 -96 -117 -92 -93
91 99 97 110 111 111 111 112 114 107 95 104 111 91 107 95 114 108 97 97 105 114 119 114 105 97 118 114 114 114 113 114 114 111 108 100 107 111 112 113 112 118 117 116 117 117 116 116 116 112 113 111 111 111 110 108 108 108 108 108 110 110 111 117 79 111 116 110 110 107 107 108 110 114 113 114 114 114 118 119 118 116 112 112 90 74 73 73 72 71 70 70 70 71 72 73 73 76 81 87 88 89 89 94 94 90 91 96 99 99 99 100 102 101 101 95 93 91 90 91 93 95 95 91 90 89 89 89 89 90 89 90 91 95 95 91 90 91 81 84 67 29 0 0 64 94 0 0 104 105 108 113 104 107 110 111 0 0 0 72 72 113 119 113 71 27 0 0 106 105 76 52 0 0 -97 -1 -1 -1 -73 -84 -47 -44 -1 -1 -1 -1 -1 -1 -1 -1 -1 -1 -1 -1 -1 -1 -1 -1 -1 -1 -1 -1 -1 -1 -1 -1 -1 -1 -1 -37 -55 -55 -1 -1 -1 -1 -1 -1 -1 -37 4 67 78 88 88 112 114 107 116 104 111 112 117 113 119 118 110 110 114 108 113 117 117 117 113 110 111 104 106 104 104 106 110 112 110 105 89 19 19 88 99 100 100 101 97 82 84 74 82 90 88 79 22 0 55 55 87 79 79 82 83 88 68 85 77 72 91 96 96 100 93 93 96 97 94 91 76 87 90 72 84 84 91 67 81 96 59 66 71 81 89 90 76 70 70 53 58 50 64 68 68 66 81 89 87 58 58 58 53 68 67 58 66 73 49 42 15 12 18 18 9 0 0 -106 0 0 0 35 36 37 41 42 42 39 45 58 66 91 44 68 70 82 77 0 0 0 0 60 113 119 118 105 108 108 94 123 122 76 76 78 100 110 36 32 48 45 0 24 29 39 39 41 55 35 15 30 38 7 0 -1 -1 -1 -1 -1 -1 -2 -3 -1 -13 -11 -16 -16 -17 -17 -18 -16 -16 -3 -3 -3 -3 -4 -3 -9 -4 -3 -1 -1 -1 -1 -1 -1 -1 -1 -1 -1 -1 -1 -1 -1 -1 -9 -9 -12 -2 -3 -1 -1 -1 -1 -7 -4 -7 -14 -14 -30 -45 -55 -54 -63 -61 -63 -63 -70 -69 -69 -72 -72 -79 -78 -81 -79 -78 -82 -91 -88 -87 -89 -91 -89 -89 -88 -97 -98 -97 -96 -93 -93 -91 -91 -86 -84 -87 -87 -83 -94 -94 -94 -97 -96 -96 -94 -94 -97 -100 -94 -94 -92 -93 -110 -105 -93
96 96 108 99 102 110 110 108 105 110 111 97 95 95 106 99 94 113 110 114 117 118 118 116 104 113 113 118 114 113 113 112 113 111 112 113 113 112 112 112 111 113 117 120 118 116 113 116 118 116 113 112 112 111 110 111 110 110 111 111 111 111 114 118 83 83 118 111 111 107 107 107 110 111 110 111 111 111 113 116 118 116 113 107 88 82 72 72 72 70 70 71 70 68 71 72 73 76 79 88 89 90 93 93 96 90 91 95 96 96 97 99 96 93 91 94 94 93 93 91 94 96 95 93 93 95 94 95 94 94 94 95 96 99 97 99 96 97 99 94 87 87 91 0 0 95 99 0 0 0 0 110 104 114 114 113 79 0 108 79 0 0 0 0 31 66 97 97 0 35 0 0 -107 -42 -1 -1 -1 -92 -41 -74 -74 -14 -1 -1 -1 -1 -1 -1 -1 -1 -1 -1 -1 -1 -1 -1 -1 -1 -1 -1 -1 -1 -1 -1 -1 -1 -1 -1 -1 -1 -1 -1 -1 -1 -1 -1 -1 -1 -1 -1 -1 -1 -65 -54 6 91 106 99 99 100 110 110 108 110 112 119 112 117 119 107 110 112 118 112 112 119 117 111 111 104 106 104 104 111 113 106 87 87 -101 0 88 105 110 94 78 84 93 78 82 82 91 91 85 70 59 59 84 87 85 90 89 96 96 67 56 79 76 94 74 93 93 99 95 96 90 90 90 61 73 89 94 95 88 68 82 68 56 78 78 74 79 84 87 70 76 53 45 53 71 76 64 64 76 108 83 66 65 59 47 64 67 79 61 61 47 20 7 0 0 0 0 0 -122 0 0 13 13 33 38 37 37 39 39 39 47 66 65 83 79 79 71 47 0 0 77 116 123 85 97 118 114 106 106 85 96 105 119 110 70 81 64 68 37 44 47 47 32 9 21 22 38 39 44 22 24 35 38 38 0 0 64 -78 -74 -3 -6 -3 -1 -4 -16 -6 -6 -12 -14 -20 -21 -17 -13 -3 -4 -3 -7 -9 -6 -6 -4 -3 -3 -1 -1 -1 -1 -1 -1 -1 -1 -1 -1 -1 -1 -1 -11 -7 -14 -12 -2 -3 -1 -1 -1 -1 -8 -8 -6 -12 -28 -45 -55 -54 -63 -63 -67 -67 -72 -69 -70 -70 -81 -79 -81 -81 -79 -78 -89 -89 -89 -89 -89 -87 -89 -91 -88 -87 -97 -98 -96 -97 -92 -92 -91 -89 -88 -87 -87 -88 -83 -92 -93 -94 -96 -96 -96 -96 -93 -96 -97 -100 -91 -87 -93 -89 -121 -94
106 104 95 100 105 96 96 95 97 107 102 100 93 90 90 108 117 119 117 117 114 114 110 100 96 117 111 114 114 112 114 105 105 113 107 114 114 114 110 111 107 114 116 118 117 117 111 118 116 117 114 113 112 113 112 112 113 112 112 111 113 114 116 118 82 119 112 114 107 108 108 108 108 110 111 110 108 112 113 112 114 113 105 105 90 84 74 72 71 70 71 70 70 70 72 73 73 74 78 89 89 91 90 89 93 91 90 94 96 96 97 96 96 95 94 91 89 87 85 87 89 94 94 96 94 97 97 96 97 96 95 97 101 100 100 105 106 106 108 102 94 102 100 106 102 104 104 104 104 105 0 0 113 87 0 0 79 116 116 120 120 117 113 118 119 118 102 36 0 20 -100 -39 -1 -1 -1 -1 -111 -97 -128 -45 -1 -1 -1 -1 -1 -1 -1 -1 -1 -1 -1 -1 -1 -1 -1 -1 -1 -1 -1 -1 -1 -1 -1 -1 -1 -1 -1 -1 -1 -1 -1 -1 -1 -1 -1 -1 -1 -1 -1 -1 -1 -1 -1 -51 -51 15 102 99 113 100 110 108 114 120 119 108 120 120 107 117 106 108 105 113 110 108 114 112 107 108 108 111 101 110 114 108 88 0 0 89 106 97 97 89 77 79 96 72 83 83 84 81 73 78 53 53 85 87 88 91 91 94 62 73 82 84 72 78 78 100 90 90 84 81 74 64 73 83 85 66 100 100 81 71 77 60 66 76 87 71 79 87 73 67 67 45 59 50 62 78 48 68 62 87 53 62 62 47 44 48 32 44 24 22 21 22 29 0 0 0 0 -124 -97 0 0 29 36 38 36 33 31 32 32 37 49 59 72 78 0 0 0 70 108 117 106 106 87 85 120 119 113 87 81 107 119 120 93 39 39 81 52 43 38 45 37 32 33 0 25 39 39 37 33 18 22 26 9 0 0 64 -3 -1 -3 -3 -3 -12 -13 -18 -11 -3 -7 -13 -21 -20 -14 -13 -13 -14 -17 -4 -11 -21 -16 -3 -4 -2 -1 -1 -1 -1 -1 -1 -1 -1 -1 -1 -1 -1 -1 -11 -7 -13 -13 -11 -2 -3 -1 -7 -7 -9 -6 -9 -28 -45 -45 -55 -63 -61 -63 -65 -73 -68 -67 -69 -72 -81 -79 -79 -81 -81 -89 -88 -89 -89 -87 -89 -89 -88 -88 -87 -87 -96 -97 -96 -96 -96 -92 -91 -89 -88 -87 -88 -98 -98 -93 -93 -93 -93 -97 -97 -96 -94 -96 -97 -98 -91 -91 -88 -91 -91 -103 -106
108 108 100 96 104 97 93 93 94 97 91 104 90 90 88 99 104 114 114 113 114 113 96 99 113 106 106 111 116 112 112 104 112 113 106 114 112 112 106 106 104 107 114 106 116 112 118 118 114 117 116 117 117 113 112 112 113 113 111 112 113 114 113 113 82 82 116 112 113 111 112 108 105 110 110 110 111 111 111 112 113 112 113 107 95 87 79 73 71 70 70 70 70 67 68 72 73 74 77 87 89 90 91 91 89 90 94 94 95 96 96 97 97 95 91 83 83 78 73 15 35 37 87 91 96 99 97 99 99 99 99 99 100 102 105 105 102 102 102 94 101 101 105 110 107 106 106 106 106 106 97 0 0 0 0 77 116 118 119 118 118 117 117 118 108 99 91 91 47 49 -102 -1 -1 -1 -1 -1 -42 -67 -1 -1 -1 -1 -1 -1 -1 -1 -1 -1 -1 -1 -1 -1 -1 -1 -1 -1 -1 -1 -1 -1 -1 -1 -1 -1 -1 -1 -1 -1 -1 -1 -1 -1 -1 -1 -1 -1 -1 -1 -1 -1 -1 -1 -1 -1 -1 30 95 88 110 99 113 113 117 118 117 114 105 119 118 108 96 107 108 110 110 111 118 112 118 116 112 110 110 106 113 112 91 91 0 39 99 99 88 82 76 71 74 74 78 78 67 81 71 74 77 53 84 88 91 96 101 88 88 84 93 96 85 72 76 94 84 71 77 64 48 48 70 88 64 58 48 88 53 83 76 65 72 76 76 68 66 68 83 77 68 53 72 54 56 95 50 50 58 54 76 54 45 31 27 21 25 18 27 27 35 25 31 35 29 4 2 -107 0 0 25 35 35 33 33 31 29 18 0 30 55 50 0 0 19 19 74 79 88 105 114 91 83 97 118 87 119 84 84 79 107 122 118 82 82 65 96 33 49 52 27 27 32 37 0 20 32 32 27 22 19 0 0 0 0 -75 -1 -1 -1 -1 -2 -14 -13 -16 -4 -3 -3 -9 -26 -20 -16 -14 -13 -14 -14 -13 -20 -17 -13 -13 -4 -3 -2 -1 -1 -1 -1 -1 -1 -1 -1 -1 -1 -12 -13 -11 -4 -7 -8 -4 -3 -1 -1 -8 -8 -8 -7 -6 -21 -32 -55 -65 -59 -59 -69 -72 -72 -72 -69 -67 -69 -81 -81 -81 -81 -89 -89 -88 -89 -88 -88 -87 -88 -88 -88 -88 -96 -94 -96 -96 -94 -96 -92 -92 -91 -91 -89 -86 -96 -93 -97 -97 -92 -92 -98 -97 -97 -97 -97 -97 -96 -93 -93 -88 -91 -91 -91 -121
108 100 96 104 97 93 93 93 94 97 91 104 90 88 99 104 114 114 113 113 114 113 96 99 113 106 111 116 112 112 104 112 112 113 106 114 112 112 106 104 107 114 106 116 112 112 118 118 114 117 116 117 113 112 112 113 113 111 111 112 113 114 113 113 82 116 112 113 111 112 112 108 105 110 110 110 111 111 112 113 112 113 107 107 95 87 79 73 71 70 70 70 67 68 72 73 73 74 77 87 89 90 91 89 90 94 94 95 96 96 96 97 97 95 91 83 78 73 15 35 37 87 87 91 96 99 97 99 99 99 99 100 102 105 105 105 102 102 102 94 101 105 110 107 106 106 106 106 106 106 97 0 0 0 77 116 118 119 118 118 118 117 117 118 108 99 91 47 49 -102 -1 -1 -1 -1 -1 -1 -42 -67 -1 -1 -1 -1 -1 -1 -1 -1 -1 -1 -1 -1 -1 -1 -1 -1 -1 -1 -1 -1 -1 -1 -1 -1 -1 -1 -1 -1 -1 -1 -1 -1 -1 -1 -1 -1 -1 -1 -1 -1 -1 -1 -1 -1 -1 -1 -1 30 95 88 110 99 113 117 118 117 114 105 119 119 118 108 96 107 108 110 111 118 112 118 116 112 112 110 110 106 113 112 91 0 39 99 99 88 88 82 76 71 74 74 78 67 81 71 74 77 53 53 84 88 91 96 101 88 84 93 96 85 72 76 76 94 84 71 77 64 48 70 88 64 58 48 88 88 53 83 76 65 72 76 68 66 68 83 77 68 68 53 72 54 56 95 50 58 54 76 54 45 45 31 27 21 25 18 27 35 25 31 35 29 4 4 2 -107 0 0 25 35 33 33 31 29 18 0 0 30 55 50 0 0 19 74 79 88 105 114 91 91 83 97 118 87 119 84 79 107 122 118 82 82 82 65 96 33 49 52 27 32 37 0 20 32 32 32 27 22 19 0 0 0 -75 -1 -1 -1 -1 -1 -2 -14 -13 -16 -4 -3 -9 -26 -20 -16 -14 -13 -13 -14 -14 -13 -20 -17 -13 -4 -3 -2 -1 -1 -1 -1 -1 -1 -1 -1 -1 -1 -12 -13 -11 -4 -7 -8 -8 -4 -3 -1 -1 -8 -8 -7 -6 -21 -32 -55 -55 -65 -59 -59 -69 -72 -72 -69 -67 -69 -81 -81 -81 -81 -81 -89 -89 -88 -89 -88 -87 -88 -88 -88 -88 -96 -96 -94 -96 -96 -94 -96 -92 -91 -91 -89 -86 -96 -93 -93 -97 -97 -92 -92 -98 -97 -97 -97 -97 -96 -93 -93 -93 -88 -91 -91 -91 -121
91 91 81 73 77 73 78 81 84 85 79 91 77 77 0 0 91 102 105 100 101 102 88 95 108 96 96 95 101 99 101 93 99 100 93 104 102 107 102 102 104 107 114 106 116 114 118 119 113 117 117 117 117 113 112 112 113 113 111 112 113 114 113 114 82 82 116 112 113 111 112 108 105 110 110 110 112 112 111 112 114 112 113 107 97 87 82 73 72 70 70 70 70 67 67 72 73 74 77 87 89 90 91 91 89 90 94 94 95 96 96 97 95 93 83 33 33 32 16 -1 76 37 85 91 97 99 97 99 99 99 99 99 100 102 105 105 102 102 102 94 101 101 106 110 107 106 107 106 106 106 97 105 107 104 104 113 117 119 119 118 119 118 116 113 99 88 79 79 42 -82 -1 -1 -1 -1 -1 -1 -1 -1 -1 -1 -1 -1 -1 -1 -1 -1 -1 -1 -1 -1 -1 -1 -1 -1 -1 -1 -1 -1 -1 -1 -1 -1 -1 -1 -1 -1 -1 -1 -1 -1 -1 -1 -1 -1 -1 -1 -1 -1 -1 -1 -1 -1 -1 -1 -1 16 90 87 110 99 113 113 117 118 117 114 105 119 118 108 96 107 108 107 107 112 117 112 119 117 112 110 110 106 113 112 96 96 94 91 101 99 87 82 73 71 73 73 78 78 67 81 72 74 77 47 83 83 85 88 93 79 79 77 91 95 85 72 76 93 82 67 76 64 47 47 70 87 64 58 47 83 49 81 74 65 68 72 72 65 64 64 81 76 70 52 72 55 56 95 50 50 56 52 72 52 41 26 22 18 22 14 24 24 31 25 32 36 29 7 0 0 0 12 31 37 37 37 36 27 0 6 0 0 0 0 43 104 38 38 76 81 89 105 117 91 82 97 118 87 117 84 84 78 105 120 117 79 81 65 97 33 49 52 29 29 30 37 18 0 29 25 19 13 0 0 -128 -128 -128 -70 -1 -1 -1 -1 -1 -14 -14 -14 -4 -3 -3 -9 -27 -20 -16 -14 -13 -14 -14 -13 -20 -17 -13 -13 -4 -3 -2 -1 -1 -1 -1 -1 -1 -1 -1 -1 -1 -13 -13 -11 -3 -7 -9 -2 -2 -1 -1 -7 -8 -8 -6 -6 -21 -32 -55 -64 -60 -60 -70 -72 -72 -72 -69 -67 -69 -81 -79 -79 -82 -89 -88 -86 -89 -87 -87 -87 -88 -88 -88 -88 -94 -94 -96 -96 -94 -96 -92 -92 -91 -91 -91 -86 -94 -93 -97 -97 -92 -92 -98 -97 -97 -97 -97 -97 -96 -93 -93 -89 -91 -91 -92 -105
0 0 -128 -128 -128 0 0 0 0 0 0 0 0 0 0 0 0 0 0 0 56 59 73 100 94 58 0 0 73 78 61 0 0 0 2 27 78 85 106 113 112 108 105 112 114 114 116 114 118 116 118 113 113 112 112 113 112 112 112 113 113 116 114 117 82 117 117 116 116 111 111 107 108 110 112 111 111 112 112 113 112 112 110 110 101 87 87 73 76 71 70 71 67 68 72 72 72 74 77 85 89 91 89 91 91 94 93 94 96 96 96 95 95 83 65 0 -128 -37 27 33 41 89 89 95 96 99 99 100 100 100 101 100 102 100 100 99 104 100 105 101 107 105 106 108 110 113 99 99 104 105 107 107 113 118 120 118 118 119 116 119 119 112 96 91 68 0 14 -54 -1 -1 -1 -1 -1 -1 -1 -1 -1 -1 -1 -1 -1 -1 -1 -1 -1 -1 -1 -1 -1 -1 -1 -1 -1 -1 -1 -1 -1 -1 -1 -1 -1 -1 -1 -1 -1 -1 -1 -1 -1 -1 -1 -1 -1 -1 -1 -1 -1 -1 -1 -1 -1 -1 -1 -1 -1 0 79 100 114 107 111 116 117 120 111 110 100 100 116 100 107 113 114 99 111 112 112 118 119 118 118 113 112 112 108 101 95 105 95 99 87 78 78 82 77 81 76 76 72 68 72 67 68 66 41 41 56 60 26 33 31 13 54 73 89 83 52 71 71 84 84 73 68 77 78 79 54 58 60 64 48 48 35 59 41 66 54 43 45 55 41 59 70 58 58 73 78 59 49 68 71 43 61 45 26 15 15 19 26 33 29 37 38 35 31 35 30 18 0 0 0 0 19 31 36 38 41 38 2 0 -128 -128 -128 0 41 56 48 81 70 101 89 100 106 119 99 99 122 120 81 94 116 112 102 106 123 91 61 50 50 67 85 38 55 41 26 35 25 30 0 12 12 0 0 0 0 -83 -1 -82 -1 -1 -1 -1 -1 -1 -14 -14 -14 -8 -4 -4 -13 -25 -22 -18 -13 -14 -14 -14 -14 -14 -16 -18 -13 -16 -3 -3 -3 -1 -1 -1 -1 -1 -1 -1 -9 -14 -9 -4 -3 -3 -4 -3 -3 -2 -1 -1 -7 -8 -7 -7 -12 -44 -55 -65 -65 -65 -67 -68 -69 -68 -70 -72 -77 -77 -82 -79 -89 -89 -89 -89 -89 -88 -88 -86 -87 -87 -86 -87 -96 -96 -96 -96 -96 -96 -94 -94 -93 -91 -93 -98 -92 -93 -94 -94 -100 -96 -86 -91 -96 -93 -94 -96 -98 -97 -92 -92 -92 -92 -91 -91 -92 -92
59 59 -28 -128 -128 -128 71 87 78 84 87 84 83 83 79 76 74 76 82 55 0 0 0 81 71 0 0 -101 -119 -88 0 0 18 78 47 0 0 26 99 99 96 100 104 113 116 110 113 114 114 119 119 112 112 118 112 114 114 113 112 112 112 112 117 116 82 82 116 118 118 116 112 105 110 111 110 111 111 111 111 112 112 112 112 111 101 93 88 79 73 73 73 71 71 68 68 73 74 74 77 84 88 90 88 88 90 91 91 93 95 95 96 94 90 37 14 -2 -2 -77 -40 24 76 89 96 97 97 100 100 100 100 100 102 102 101 102 101 104 105 105 106 106 106 106 104 106 110 113 104 99 106 108 111 114 116 117 117 118 118 117 108 108 106 89 73 0 16 -42 -1 -1 -1 -1 -1 -1 -1 -1 -1 -1 -1 -1 -1 -1 -1 -1 -1 -1 -1 -1 -1 -1 -1 -58 -45 -51 -44 -44 -1 -1 -1 -1 -1 -1 -1 -1 -1 -1 -1 -1 -1 -1 -1 -1 -1 -1 -1 -1 -1 -1 -1 -1 -1 -1 -1 -1 -1 -1 -58 0 74 62 83 108 106 106 101 112 120 116 106 87 117 90 114 114 106 111 111 112 114 116 117 112 110 101 105 105 100 100 102 102 104 89 90 73 59 72 82 79 70 72 67 67 61 68 64 56 56 41 8 15 24 -1 -1 26 26 10 49 76 61 66 81 90 102 93 101 95 84 84 82 83 82 62 74 53 52 54 42 35 26 31 31 41 35 25 54 60 60 73 71 50 56 54 53 53 39 32 22 24 27 29 35 33 33 36 37 37 36 31 31 24 0 0 0 22 36 43 45 21 21 0 0 0 0 -128 -84 0 38 55 55 104 94 94 112 88 104 110 102 105 119 90 87 66 95 111 111 77 102 118 85 72 66 61 50 52 77 29 30 30 25 32 33 7 0 0 0 -102 -128 -128 -2 -2 -1 -1 -1 -1 -2 -14 -12 -12 -7 -4 -4 -4 -4 -11 -23 -25 -14 -12 -14 -13 -3 -4 -8 -20 -13 -13 -3 -3 -3 -3 -3 -7 -8 -8 -7 -7 -3 -2 -2 -2 -2 -1 -3 -3 -1 -1 -1 -1 -8 -7 -9 -9 -25 -34 -56 -65 -74 -73 -69 -68 -68 -67 -70 -70 -82 -81 -78 -78 -89 -87 -88 -89 -89 -89 -87 -88 -88 -88 -84 -84 -96 -94 -94 -96 -96 -94 -94 -94 -93 -93 -91 -91 -86 -92 -94 -98 -97 -93 -86 -91 -93 -92 -92 -94 -97 -96 -94 -91 -92 -94 -91 -92 -91 -91
96 95 94 89 94 104 104 102 107 105 105 105 105 104 104 105 107 106 105 105 101 79 0 0 0 0 76 27 0 39 53 102 102 105 99 85 67 0 0 68 87 97 110 108 110 110 114 112 118 118 119 119 119 116 118 117 114 114 114 114 113 114 114 113 83 118 119 116 118 112 112 106 110 107 110 107 108 111 112 112 112 113 112 112 106 97 88 84 74 73 71 71 68 70 68 71 71 74 76 84 88 88 88 90 90 94 95 95 95 95 93 89 79 39 -1 -1 -1 -1 32 83 97 105 105 104 104 104 101 100 101 104 104 106 105 105 105 101 100 102 102 104 100 106 104 108 113 113 107 107 107 112 114 118 118 118 119 120 114 110 104 88 88 56 0 -1 -1 -1 -1 -1 -1 -1 -1 -1 -1 -1 -1 -1 -1 -1 -1 -1 -1 -1 -1 -1 -1 -1 -1 -44 -92 15 -39 -94 -60 -1 -1 -1 -1 -1 -1 -1 -1 -1 -1 -1 -1 -1 -1 -1 -1 -1 -1 -1 -1 -1 -1 -1 -1 -1 -1 -1 -1 -1 -1 -50 -50 -75 59 47 70 88 110 87 113 119 113 100 99 99 110 100 108 111 112 113 113 118 118 111 99 113 113 100 94 100 91 88 97 95 84 65 59 78 78 82 78 72 62 68 58 64 60 44 37 0 0 0 -39 -1 -1 -59 -1 21 20 13 87 85 87 102 102 105 105 100 93 83 84 77 81 72 72 73 53 53 60 64 48 49 44 43 44 42 42 45 48 43 43 53 48 44 44 44 43 22 18 27 39 31 31 30 31 32 37 37 37 31 24 26 25 0 0 0 30 43 29 0 0 0 18 36 22 20 -107 -40 -40 6 47 66 74 97 117 87 102 120 120 74 90 90 117 90 82 66 89 116 101 123 119 118 94 68 68 58 55 37 32 18 30 29 30 29 13 0 0 0 -106 -128 -115 -128 -1 -1 -3 -1 -1 -14 -13 -13 -7 -4 -9 -8 -4 -3 -11 -23 -22 -13 -14 -16 -16 -14 -3 -4 -4 -17 -14 -3 -3 -3 -8 -7 -9 -9 -8 -7 -3 -2 -1 -1 -1 -1 -1 -3 -1 -1 -1 -1 -1 -7 -8 -8 -14 -31 -55 -65 -74 -70 -70 -70 -70 -78 -77 -77 -81 -81 -79 -75 -87 -88 -87 -87 -88 -88 -88 -88 -87 -88 -96 -89 -93 -96 -93 -96 -96 -96 -93 -93 -94 -94 -93 -92 -89 -96 -97 -98 -97 -97 -92 -91 -87 -91 -92 -92 -96 -98 -96 -93 -93 -93 -93 -97 -91 -92 -92 -93
96 96 95 94 89 94 104 102 107 105 105 105 105 105 104 104 105 107 106 105 101 79 0 0 0 0 0 76 27 0 39 53 102 105 99 85 67 0 0 0 68 87 97 110 108 110 114 112 118 118 119 119 119 119 116 118 117 114 114 114 113 114 114 113 83 83 118 119 116 118 112 106 110 107 110 107 108 108 111 112 112 112 113 112 106 97 88 84 74 73 73 71 71 68 70 68 71 74 76 84 88 88 88 88 90 90 94 95 95 95 93 89 79 39 -1 -1 -1 -1 -1 32 83 97 105 104 104 104 101 100 101 101 104 104 106 105 105 101 100 102 102 104 100 100 106 104 108 113 113 107 107 112 114 118 118 118 118 119 120 114 110 104 88 56 0 -1 -1 -1 -1 -1 -1 -1 -1 -1 -1 -1 -1 -1 -1 -1 -1 -1 -1 -1 -1 -1 -1 -1 -1 -44 -92 15 -39 -94 -60 -60 -1 -1 -1 -1 -1 -1 -1 -1 -1 -1 -1 -1 -1 -1 -1 -1 -1 -1 -1 -1 -1 -1 -1 -1 -1 -1 -1 -1 -1 -1 -50 -75 59 47 70 88 110 110 87 113 119 113 100 99 110 100 108 111 112 113 113 113 118 118 111 99 113 100 94 100 91 88 97 97 95 84 65 59 78 82 78 72 62 68 58 58 64 60 44 37 0 0 -39 -1 -1 -59 -1 21 21 20 13 87 85 87 102 105 105 100 93 83 84 84 77 81 72 72 73 53 60 64 48 49 44 43 43 44 42 42 45 48 43 53 48 44 44 44 43 43 22 18 27 39 31 30 31 32 37 37 37 37 31 24 26 25 0 0 30 43 29 0 0 0 0 18 36 22 20 -107 -40 6 47 66 74 97 117 117 87 102 120 120 74 90 117 90 82 66 89 116 116 101 123 119 118 94 68 58 55 37 32 18 30 30 29 30 29 13 0 0 -106 -128 -115 -128 -1 -1 -1 -3 -1 -1 -14 -13 -7 -4 -9 -8 -4 -3 -3 -11 -23 -22 -13 -14 -16 -14 -3 -4 -4 -17 -14 -14 -3 -3 -3 -8 -7 -9 -8 -7 -3 -2 -1 -1 -1 -1 -1 -1 -3 -1 -1 -1 -1 -7 -8 -8 -14 -14 -31 -55 -65 -74 -70 -70 -70 -78 -77 -77 -81 -81 -81 -79 -75 -87 -88 -87 -88 -88 -88 -88 -87 -88 -88 -96 -89 -93 -96 -93 -96 -96 -93 -93 -94 -94 -93 -93 -92 -89 -96 -97 -98 -97 -92 -91 -87 -91 -92 -92 -92 -96 -98 -96 -93 -93 -93 -97 -91 -92 -92 -93
95 108 114 111 114 111 111 101 112 116 113 112 112 114 113 113 114 112 112 112 97 85 94 91 90 91 90 95 97 101 108 113 113 110 110 97 81 0 41 35 4 55 108 113 118 118 117 112 117 114 117 118 118 120 118 116 117 117 117 117 118 116 116 116 81 118 114 111 116 111 111 111 112 108 108 108 107 111 113 110 112 116 113 113 110 104 91 87 82 77 72 72 70 68 68 71 71 74 74 83 84 85 88 90 90 94 94 94 94 94 93 90 84 41 38 35 33 37 41 90 104 108 108 105 104 106 107 105 104 104 105 106 106 106 106 101 100 101 101 105 104 107 107 110 112 112 110 110 110 114 117 118 120 120 118 119 111 102 78 53 53 0 -1 -1 -1 -1 -1 -1 -1 -1 -1 -1 -1 -1 -1 -1 -1 -1 -1 -1 -1 -1 -1 -1 -1 -49 -49 -73 49 0 -117 -1 -1 -1 -1 -1 -1 -1 -1 -1 -1 -1 -1 -1 -1 -1 -1 -1 -1 -1 -1 -1 -1 -1 -1 -1 -1 -1 -1 -1 -1 -1 -1 -44 -44 -60 -128 -114 0 0 87 97 118 105 100 107 93 93 107 106 112 108 106 100 100 116 112 101 108 108 108 99 87 81 77 88 88 96 73 67 81 77 77 76 77 65 60 66 58 61 49 18 0 8 0 0 -75 -56 0 1 0 20 62 77 89 96 93 96 96 107 110 87 101 102 102 96 78 79 83 96 61 61 83 66 50 53 52 47 38 43 43 39 36 37 37 30 29 21 24 26 37 19 33 37 38 35 35 31 35 33 36 38 38 26 25 25 29 0 0 0 0 0 0 58 83 58 52 35 21 22 -58 -42 -42 13 54 74 52 82 88 88 106 113 119 82 73 73 108 91 70 88 96 116 82 112 97 90 64 33 33 44 47 39 39 37 24 21 19 31 9 0 0 0 -110 -128 -68 -9 -1 -2 -2 -12 -8 -12 -9 -9 -4 -3 -9 -11 -3 -6 -12 -23 -20 -12 -17 -13 -13 -13 -14 -4 -4 -4 -4 -4 -4 -3 -12 -12 -21 -21 -4 -3 -3 -1 -1 -1 -1 -1 -1 -1 -1 -1 -1 -1 -1 -8 -6 -9 -25 -46 -67 -74 -74 -69 -69 -69 -79 -77 -78 -78 -79 -79 -78 -87 -86 -88 -87 -87 -87 -87 -88 -89 -87 -84 -94 -92 -92 -96 -96 -94 -94 -94 -93 -92 -93 -93 -93 -100 -94 -89 -92 -98 -97 -97 -89 -94 -92 -92 -92 -93 -96 -96 -96 -94 -96 -94 -94 -93 -91 -93 -91 -101
85 85 104 113 113 117 112 104 112 114 116 114 112 112 114 116 116 117 114 112 100 96 110 110 107 107 107 104 111 111 111 116 116 111 110 96 82 0 49 49 31 37 91 108 113 118 117 112 117 114 117 119 119 119 120 119 117 117 117 117 117 116 117 117 81 81 118 114 111 113 111 111 112 112 110 111 110 110 111 113 110 112 114 113 110 104 91 87 82 77 77 72 72 72 71 68 71 74 76 83 83 85 88 88 90 90 94 94 94 94 95 91 90 88 84 84 84 85 87 93 96 106 108 105 105 106 106 105 104 104 105 106 106 106 106 102 100 101 101 105 105 105 107 110 112 112 112 112 112 116 118 118 120 119 119 118 118 110 94 62 0 -1 -1 -1 -1 -1 -1 -1 -1 -1 -1 -1 -1 -1 -1 -1 -1 -1 -1 -1 -1 -1 -1 -1 -1 -1 0 67 52 -78 -42 -1 -1 -1 -1 -1 -1 -1 -1 -1 -1 -1 -1 -1 -1 -1 -1 -1 -1 -1 -1 -1 -1 -1 -1 -1 -1 -1 -1 -1 -1 -1 -1 -1 -1 -1 -42 -47 -117 0 87 87 95 118 102 99 107 91 107 106 112 108 104 99 99 97 114 112 101 108 108 99 87 79 74 85 85 85 96 73 67 81 77 76 76 65 60 64 58 58 61 48 0 4 8 24 0 0 39 53 54 64 64 73 82 93 97 95 97 108 110 87 102 102 102 102 96 78 79 83 96 62 85 66 50 54 53 49 49 39 43 45 37 33 35 27 25 19 21 22 33 33 18 35 37 38 35 31 33 33 36 38 38 38 29 25 24 0 0 0 0 53 68 91 85 59 59 56 38 22 21 -100 -98 14 50 72 48 82 87 87 87 102 113 119 82 73 105 88 70 88 96 117 117 79 112 99 93 62 29 41 45 37 39 36 20 20 18 16 29 4 0 -128 -111 -128 -45 -9 -1 -1 -1 -3 -12 -8 -12 -9 -4 -3 -9 -11 -4 -4 -4 -12 -23 -20 -13 -17 -13 -13 -13 -4 -4 -4 -6 -6 -4 -4 -3 -13 -13 -20 -2 -3 -2 -1 -1 -1 -1 -1 -1 -1 -1 -1 -1 -1 -1 -8 -6 -11 -25 -25 -46 -67 -74 -73 -68 -68 -78 -77 -78 -77 -78 -78 -79 -79 -87 -86 -89 -87 -87 -87 -88 -88 -86 -83 -83 -94 -92 -92 -96 -96 -94 -94 -93 -92 -93 -93 -93 -93 -101 -96 -88 -91 -98 -97 -89 -93 -92 -92 -92 -93 -93 -94 -94 -96 -94 -97 -96 -93 -91 -94 -91 -101
84 104 112 117 114 107 107 114 114 118 113 114 114 113 114 113 113 104 101 101 102 116 117 114 108 114 116 114 104 101 117 112 112 112 100 112 90 0 0 20 3 76 100 113 114 114 116 116 116 114 112 116 117 117 119 118 117 117 117 118 116 116 117 119 83 116 110 111 112 112 112 112 114 112 114 112 111 112 106 108 113 113 112 112 108 105 95 87 90 82 77 74 73 72 68 70 70 74 76 79 83 87 89 90 91 95 96 96 95 95 97 97 97 101 101 104 104 101 100 104 106 106 106 102 105 102 105 104 104 104 106 107 106 104 104 106 105 104 107 108 111 114 111 113 112 113 117 117 116 119 119 120 120 117 113 101 99 66 0 -1 -1 -1 -1 -1 -1 -1 -1 -1 -1 -1 -1 -1 -1 -1 -1 -1 -1 -1 -1 -1 -1 -1 -1 -40 -94 26 26 18 0 -41 -1 -1 -1 -1 -1 -1 -1 -1 -1 -1 -1 -1 -1 -1 -1 -1 -1 -1 -1 -1 -1 -1 -1 -1 -1 -1 -1 -1 -1 -1 -1 -1 -1 -1 -1 -1 -1 -73 -28 54 43 87 110 91 108 111 110 110 101 96 111 95 83 76 100 94 101 104 107 93 93 96 78 81 90 89 81 76 66 68 67 66 66 71 82 67 59 64 62 62 54 49 48 48 53 53 50 26 60 77 78 77 87 94 99 101 96 107 107 110 101 105 102 106 104 107 99 97 85 85 79 79 71 62 74 60 50 56 44 44 48 41 45 42 42 39 36 38 37 33 37 32 38 32 33 32 32 31 33 35 36 38 33 7 0 0 0 21 48 48 53 71 97 105 102 105 93 49 16 14 0 -92 -92 0 30 47 77 112 68 102 104 97 118 74 68 68 74 73 89 110 104 120 124 106 71 76 71 35 35 39 29 44 37 44 20 0 20 13 0 0 0 -128 -34 -84 -4 -7 -11 -11 -13 -8 -7 -4 -6 -6 -3 -4 -14 -11 -4 -6 -12 -20 -16 -13 -13 -13 -13 -3 -3 -4 -6 -8 -11 -18 -13 -3 -9 -20 -3 -3 -3 -3 -2 -1 -1 -1 -2 -1 -1 -1 -1 -1 -1 -1 -7 -7 -16 -30 -46 -55 -64 -74 -70 -67 -67 -78 -75 -78 -79 -78 -78 -88 -86 -86 -87 -89 -87 -87 -86 -86 -87 -88 -84 -83 -97 -93 -93 -96 -93 -92 -92 -92 -93 -93 -92 -93 -94 -98 -94 -84 -79 -101 -97 -97 -92 -93 -92 -91 -93 -93 -93 -94 -97 -96 -97 -94 -94 -93 -93 -100 -97 -89
82 82 97 114 112 111 108 112 106 116 116 113 116 116 108 111 107 102 96 100 107 118 116 112 113 116 116 116 105 99 117 114 114 110 101 114 108 84 0 0 0 -110 -106 47 107 112 113 107 112 112 107 108 108 112 111 117 118 119 119 118 118 118 118 116 83 83 118 117 117 117 112 112 112 114 112 108 111 111 112 106 112 110 107 112 111 107 94 85 90 87 87 81 77 74 73 72 72 73 76 79 83 89 89 89 90 91 96 100 105 102 100 100 101 106 105 106 106 106 106 106 106 106 100 101 102 105 105 107 104 104 106 107 106 105 111 112 107 106 113 112 114 114 114 116 117 107 118 117 119 118 118 119 118 108 108 91 87 64 0 -2 -1 -1 -1 -1 -1 -1 -1 -1 -1 -1 -1 -1 -1 -1 -1 -1 -1 -1 -1 -1 -1 -1 -1 -1 -128 -4 0 0 -56 -1 -1 -1 -1 -1 -1 -1 -1 -1 -1 -1 -1 -1 -1 -1 -1 -1 -1 -1 -1 -1 -1 -1 -1 -1 -1 -1 -1 -1 -1 -1 -1 -1 -59 -47 -1 -1 -1 -54 -77 0 64 64 93 85 102 110 114 104 90 93 100 96 83 94 94 104 85 94 90 105 83 91 79 77 79 71 66 66 65 56 62 61 61 72 78 62 58 59 61 61 61 61 53 60 56 65 62 33 71 77 89 96 96 91 105 101 108 111 107 108 105 97 105 106 110 110 113 102 99 96 95 68 52 67 59 47 64 64 64 44 52 54 52 55 55 49 47 39 44 36 42 42 32 33 33 31 31 30 35 37 38 35 32 32 0 7 33 39 44 56 76 97 116 118 117 116 116 95 54 19 18 0 -82 -102 0 59 99 112 95 95 112 93 97 117 82 73 82 85 93 104 120 112 112 113 104 64 56 66 50 41 43 53 27 16 4 4 0 6 1 0 59 -26 -1 -7 -3 -6 -9 -9 -8 -12 -7 -7 -3 -3 -4 -9 -16 -9 -4 -7 -7 -11 -4 -3 -3 -3 -3 -3 -4 -9 -21 -23 -16 -16 -14 -14 -3 -4 -6 -3 -4 -4 -7 -9 -13 -16 -16 -17 -17 -11 -9 -4 -1 -1 -8 -9 -23 -45 -54 -54 -64 -74 -74 -72 -81 -78 -78 -78 -79 -88 -87 -87 -87 -87 -86 -89 -88 -88 -86 -87 -84 -86 -93 -94 -94 -98 -94 -89 -93 -92 -92 -92 -93 -94 -92 -94 -93 -93 -100 -96 -87 -93 -100 -94 -92 -93 -92 -93 -96 -93 -93 -93 -93 -96 -96 -93 -92 -97 -93 -100 -87 -92
82 97 114 112 111 108 108 112 106 116 116 113 116 108 111 107 102 96 100 100 107 118 116 112 113 116 116 105 99 117 114 114 114 110 101 114 108 84 0 0 -110 -106 47 107 112 112 113 107 112 112 107 108 112 111 117 118 119 119 119 118 118 118 118 116 83 118 117 117 117 112 112 112 112 114 112 108 111 112 106 112 110 107 112 112 111 107 94 85 90 87 81 77 74 73 72 72 72 73 76 79 83 89 89 90 91 96 100 105 102 102 100 100 101 106 105 106 106 106 106 106 106 100 100 101 102 105 105 107 104 106 107 106 105 111 111 112 107 106 113 112 114 114 116 117 107 118 117 117 119 118 118 119 118 108 91 87 64 0 -2 -1 -1 -1 -1 -1 -1 -1 -1 -1 -1 -1 -1 -1 -1 -1 -1 -1 -1 -1 -1 -1 -1 -1 -1 -128 -4 0 0 0 -56 -1 -1 -1 -1 -1 -1 -1 -1 -1 -1 -1 -1 -1 -1 -1 -1 -1 -1 -1 -1 -1 -1 -1 -1 -1 -1 -1 -1 -1 -1 -1 -1 -59 -47 -1 -1 -1 -1 -54 -77 0 64 93 85 102 110 114 104 104 90 93 100 96 83 94 104 85 94 90 105 83 83 91 79 77 79 71 66 65 56 62 61 61 61 72 78 62 58 59 61 61 61 53 60 56 65 65 62 33 71 77 89 96 91 105 101 108 111 107 107 108 105 97 105 106 110 113 102 99 96 95 68 68 52 67 59 47 64 64 44 52 54 52 55 55 55 49 47 39 44 36 42 32 33 33 31 31 31 30 35 37 38 35 32 0 7 33 39 44 56 56 76 97 116 118 117 116 95 54 19 18 0 -82 -82 -102 0 59 99 112 95 112 93 97 117 82 73 73 82 85 93 104 120 112 113 104 64 56 66 50 50 41 43 53 27 16 4 0 6 1 0 59 59 -26 -1 -7 -3 -6 -9 -8 -12 -7 -7 -3 -3 -3 -4 -9 -16 -9 -4 -7 -11 -4 -3 -3 -3 -3 -3 -3 -4 -9 -21 -23 -16 -14 -14 -3 -4 -6 -3 -3 -4 -4 -7 -9 -13 -16 -17 -17 -11 -9 -4 -1 -1 -1 -8 -9 -23 -45 -54 -64 -74 -74 -72 -81 -81 -78 -78 -78 -79 -88 -87 -87 -87 -86 -89 -88 -88 -88 -86 -87 -84 -86 -93 -94 -98 -94 -89 -93 -92 -92 -92 -92 -93 -94 -92 -94 -93 -100 -96 -87 -93 -100 -94 -94 -92 -93 -92 -93 -96 -93 -93 -93 -96 -96 -93 -92 -92 -97 -93 -100 -87 -92
89 89 107 110 111 104 104 108 113 114 113 112 113 113 102 113 111 95 100 95 119 116 113 111 112 113 113 107 106 116 112 113 114 99 113 116 105 104 88 88 64 -78 -37 37 93 95 96 97 93 95 89 90 90 102 105 111 116 117 118 119 119 114 114 117 84 84 118 117 117 114 116 117 114 113 110 111 113 113 113 112 112 105 110 113 110 107 94 87 88 85 85 83 79 77 74 73 73 73 74 78 84 90 93 93 94 94 99 100 101 102 105 108 108 110 106 104 104 101 96 93 94 93 91 94 91 72 89 90 99 99 105 107 104 101 107 107 111 110 116 110 106 106 108 99 99 112 116 118 119 118 119 120 110 93 93 83 56 0 -17 -1 -1 -1 -1 -1 -1 -1 -1 -1 -1 -1 -1 -1 -1 -1 -1 -1 -1 -1 -1 -1 -1 -1 -1 -91 -128 -119 -125 -91 -39 -1 -1 -1 -1 -1 -1 -1 -1 -1 -1 -1 -1 -1 -1 -1 -1 -1 -1 -1 -1 -1 -1 -1 -1 -1 -1 -1 -1 -1 -1 -1 -67 0 7 -61 -1 -1 -1 -56 -82 36 81 81 72 54 78 100 89 79 82 81 90 74 83 91 91 83 82 91 84 77 66 76 62 61 59 50 53 53 54 60 53 52 61 64 54 53 45 48 49 49 53 55 56 62 61 68 64 44 70 83 89 97 97 100 100 107 107 111 110 110 110 106 110 111 113 113 112 110 105 90 79 84 85 87 96 74 77 77 77 65 72 70 60 50 53 56 49 45 45 42 41 41 33 33 32 35 35 30 32 38 37 9 0 0 0 37 39 42 55 76 101 117 117 99 118 87 87 64 72 24 15 31 0 -1 -108 45 78 106 104 104 100 71 106 118 84 94 68 100 110 118 116 104 104 119 87 79 91 48 31 61 38 56 19 31 21 21 0 1 2 0 0 -9 -35 -3 -3 -12 -9 -9 -8 -11 -4 -6 -4 -4 -11 -13 -8 -6 -4 -8 -8 -18 -4 -3 -3 -3 -4 -3 -8 -11 -22 -18 -13 -13 -13 -13 -6 -9 -7 -4 -7 -11 -13 -14 -25 -23 -23 -26 -22 -20 -17 -4 -7 -7 -6 -16 -42 -54 -64 -64 -73 -74 -73 -81 -81 -78 -79 -79 -87 -87 -86 -86 -88 -87 -87 -88 -88 -88 -86 -86 -84 -93 -93 -96 -96 -94 -93 -87 -92 -93 -93 -92 -93 -94 -93 -93 -100 -100 -101 -96 -97 -97 -96 -89 -89 -94 -94 -97 -96 -94 -94 -93 -92 -94 -93 -92 -92 -94 -89 -101 -97 -100
104 112 111 112 105 104 104 108 113 114 113 112 113 102 113 111 95 100 95 95 116 116 113 112 112 113 107 101 113 114 116 112 112 96 113 116 105 104 88 0 -122 -64 -93 72 78 78 77 71 0 16 25 36 47 99 112 116 116 118 118 119 119 114 114 117 83 117 117 117 114 116 116 117 116 114 112 111 113 113 112 111 105 110 113 113 110 107 96 88 88 85 83 79 77 74 73 73 73 73 74 78 84 90 93 96 96 99 100 101 102 102 106 110 111 107 99 94 89 82 0 65 73 73 73 73 27 -67 14 74 90 102 111 104 102 105 105 107 111 112 114 110 105 107 97 97 111 114 118 118 119 118 119 120 107 91 76 0 -36 -1 -1 -1 -1 -1 -1 -1 -1 -1 -1 -1 -1 -1 -1 -1 -1 -1 -1 -1 -1 -1 -1 -1 -1 0 43 62 0 -125 -125 -51 -1 -1 -1 -1 -1 -1 -1 -1 -1 -1 -1 -1 -1 -1 -1 -1 -1 -1 -1 -1 -1 -1 -1 -1 -1 -1 -1 -1 -1 -1 0 31 42 29 -59 -1 -1 -1 -1 -40 -94 -7 -64 -128 0 27 94 84 78 78 81 82 89 73 81 89 81 78 89 82 70 54 54 60 44 41 39 33 36 38 42 0 19 48 48 54 38 36 29 35 35 41 49 55 62 62 68 68 62 61 54 83 89 97 100 100 108 107 112 112 112 112 113 108 112 113 114 113 110 105 90 79 84 84 87 88 99 78 79 78 67 76 73 61 50 52 52 56 50 47 45 42 41 33 33 31 35 35 35 30 32 38 14 0 3 32 37 39 43 60 82 82 105 119 117 100 118 87 64 72 26 20 39 0 0 -89 -100 42 76 105 102 96 68 106 118 84 94 94 68 100 111 118 117 104 120 87 79 93 48 31 31 61 39 58 20 35 26 27 9 6 12 0 0 -1 -46 -4 -2 -14 -9 -7 -9 -4 -6 -4 -4 -4 -9 -14 -9 -6 -4 -9 -18 -4 -3 -3 -3 -6 -6 -3 -8 -11 -22 -18 -13 -13 -13 -4 -8 -8 -4 -4 -8 -11 -12 -14 -26 -25 -26 -22 -18 -16 -4 -6 -6 -6 -7 -16 -42 -55 -63 -74 -74 -73 -81 -81 -81 -79 -79 -78 -88 -87 -86 -88 -87 -87 -88 -88 -88 -88 -86 -87 -86 -93 -94 -97 -96 -92 -87 -91 -93 -93 -93 -92 -93 -94 -93 -93 -101 -100 -94 -96 -97 -97 -91 -91 -89 -94 -96 -98 -96 -94 -93 -92 -94 -94 -92 -91 -91 -93 -88 -102 -97 -98
111 111 110 110 108 97 106 112 114 114 112 113 107 107 112 112 94 94 91 119 116 116 113 111 107 108 108 114 106 113 114 99 112 117 114 100 111 93 38 38 0 6 -60 0 1 35 10 0 -97 -128 -47 36 36 47 105 112 107 117 118 117 118 118 119 118 83 83 118 119 117 116 116 114 113 112 112 112 113 113 114 114 114 111 112 105 108 110 95 87 85 84 84 81 77 79 76 73 74 76 74 78 83 90 95 95 100 99 100 100 102 106 111 113 112 105 89 0 0 0 0 0 0 0 0 0 0 -55 -128 0 72 72 83 91 91 99 105 108 111 116 104 96 99 99 106 105 108 114 116 118 116 116 118 111 90 77 77 27 -63 -1 -1 -1 -1 -1 -1 -1 -1 -1 -1 -1 -1 -1 -1 -1 -1 -1 -1 -1 -1 -1 -1 -1 -1 -92 43 77 60 18 -128 -41 -41 -75 -70 -46 -49 -49 -42 -1 -1 -1 -1 -1 -1 -1 -1 -1 -1 -1 -1 -1 -1 -1 -1 -1 -1 -78 -73 0 0 0 0 31 52 55 35 0 -1 -1 -1 -39 -61 -128 -128 -128 -116 -60 8 52 54 56 61 68 71 55 64 48 48 54 73 65 55 0 29 0 0 0 0 0 0 0 1 -110 -53 -128 0 38 0 0 0 0 0 0 0 25 50 60 67 70 66 73 42 85 89 93 93 99 93 102 111 117 116 116 114 114 113 112 114 114 111 106 97 85 96 77 87 89 96 100 105 70 70 99 107 81 62 61 64 56 53 45 49 36 44 44 37 32 26 33 35 30 32 38 0 0 31 31 37 39 41 60 85 107 113 119 106 119 119 79 79 104 102 60 53 47 0 0 0 50 68 112 72 72 82 71 87 118 105 78 54 56 113 118 108 79 79 124 76 78 77 29 48 60 50 68 26 26 27 27 29 19 14 0 -106 -6 -39 -28 -11 -12 -9 -9 -9 -9 -4 -4 -6 -8 -9 -13 -4 -7 -7 -6 -6 -4 -3 -4 -3 -4 -6 -7 -9 -21 -14 -13 -14 -14 -20 -22 -25 -25 -18 -17 -23 -27 -28 -23 -20 -16 -16 -16 -17 -17 -13 -14 -18 -16 -11 -35 -55 -65 -65 -65 -74 -73 -82 -81 -79 -79 -79 -88 -88 -87 -86 -86 -88 -87 -87 -88 -88 -86 -87 -94 -93 -91 -96 -97 -97 -93 -92 -91 -93 -93 -92 -92 -93 -94 -94 -94 -101 -101 -94 -92 -100 -96 -89 -86 -88 -97 -98 -97 -96 -94 -94 -92 -93 -93 -92 -92 -92 -94 -92 -101 -102 -100
110 108 104 94 106 111 111 111 112 110 110 101 89 105 89 96 93 111 119 119 114 113 113 114 113 113 104 114 113 116 116 117 117 114 101 113 99 101 112 107 104 100 84 19 0 0 0 41 16 -106 0 96 110 114 110 114 118 111 111 118 119 119 118 116 85 119 119 118 118 116 116 114 114 113 113 112 110 111 112 108 106 106 105 105 107 110 93 88 87 83 78 77 78 76 73 71 71 74 74 78 83 90 94 96 96 97 101 105 110 110 114 108 113 101 0 0 87 97 95 90 44 41 41 74 32 31 62 -128 -128 -128 59 76 93 104 104 112 107 96 89 99 102 104 105 107 111 113 117 117 104 114 119 94 72 31 0 -1 -1 -1 -1 -1 -1 -1 -1 -1 -1 -44 -1 -1 -1 -1 -1 -1 -1 -1 -1 -1 -1 -1 -46 0 49 83 83 55 29 -84 -84 -40 -125 -128 26 43 35 0 2 -40 -1 -1 -1 -1 -1 -1 -1 -1 -1 -1 -1 -1 -1 -1 -102 -102 0 31 50 55 58 58 64 64 62 43 0 13 13 25 15 0 16 0 14 -115 -128 -119 0 0 35 35 16 0 45 45 35 41 39 0 -70 -50 -98 -63 -63 -1 -58 -1 -41 -1 -42 -96 -102 -102 -128 -55 -55 -44 -44 -103 -1 -1 -1 -1 0 38 56 68 67 67 71 77 43 82 85 88 91 84 97 108 110 113 113 110 119 110 111 114 97 107 112 116 112 107 85 85 100 78 81 84 85 90 84 79 66 84 79 85 85 67 42 44 39 39 41 31 0 21 33 32 32 30 33 35 0 31 36 39 43 52 79 99 107 107 111 117 119 118 91 110 119 79 78 85 35 3 3 13 0 15 85 111 100 96 100 101 113 88 70 70 79 70 100 116 107 74 93 106 67 44 47 42 42 53 56 48 26 36 24 24 20 14 0 -77 -77 -9 -17 -49 -8 -9 -7 -6 -4 -4 -8 -4 -3 -3 -4 -8 -8 -8 -4 -3 -2 -4 -8 -6 -3 -7 -7 -7 -6 -4 -3 -14 -18 -23 -26 -26 -23 -20 -20 -20 -28 -25 -17 -13 -13 -13 -13 -16 -16 -13 -13 -21 -21 -20 -39 -55 -67 -65 -74 -73 -70 -81 -81 -79 -79 -79 -87 -88 -88 -87 -88 -88 -87 -88 -87 -88 -96 -96 -96 -94 -93 -93 -93 -96 -92 -91 -92 -93 -92 -93 -93 -92 -94 -93 -94 -102 -102 -96 -96 -98 -93 -86 -88 -88 -97 -97 -97 -94 -92 -94 -93 -92 -91 -91 -92 -89 -89 -96 -103 -92 -106 -101
110 110 108 104 94 106 111 111 112 110 110 101 89 89 105 89 96 93 111 119 114 113 113 114 113 113 113 104 114 113 116 116 117 114 101 113 99 101 112 112 107 104 100 84 19 0 0 41 16 -106 0 96 96 110 114 110 114 118 111 118 119 119 118 116 85 85 119 119 118 118 116 114 114 113 113 112 110 110 111 112 108 106 106 105 107 110 93 88 87 83 83 78 77 78 76 73 71 74 74 78 83 90 94 94 96 96 97 101 105 110 114 108 113 101 0 0 0 87 97 95 90 44 41 74 32 31 62 -128 -128 -128 -128 59 76 93 104 112 107 96 89 99 102 102 104 105 107 111 113 117 104 114 119 94 72 31 31 0 -1 -1 -1 -1 -1 -1 -1 -1 -1 -44 -1 -1 -1 -1 -1 -1 -1 -1 -1 -1 -1 -1 -46 0 0 49 83 83 55 29 -84 -40 -125 -128 26 43 35 35 0 2 -40 -1 -1 -1 -1 -1 -1 -1 -1 -1 -1 -1 -1 -1 -1 -102 0 31 50 55 58 58 58 64 64 62 43 0 13 25 15 0 16 0 14 14 -115 -128 -119 0 0 35 16 0 45 45 35 41 41 39 0 -70 -50 -98 -63 -1 -58 -1 -41 -1 -42 -42 -96 -102 -102 -128 -55 -44 -44 -103 -1 -1 -1 -1 -1 0 38 56 68 67 71 77 43 82 85 88 88 91 84 97 108 110 113 110 119 110 111 114 97 97 107 112 116 112 107 85 100 78 81 84 85 90 90 84 79 66 84 79 85 67 42 44 39 39 41 41 31 0 21 33 32 30 33 35 0 31 36 36 39 43 52 79 99 107 111 117 119 118 91 110 110 119 79 78 85 35 3 13 0 15 85 111 100 100 96 100 101 113 88 70 79 70 100 116 107 74 74 93 106 67 44 47 42 53 56 48 26 36 24 24 24 20 14 0 -77 -9 -17 -49 -8 -9 -7 -7 -6 -4 -4 -8 -4 -3 -4 -8 -8 -8 -4 -3 -3 -2 -4 -8 -6 -3 -7 -7 -6 -4 -3 -14 -18 -18 -23 -26 -26 -23 -20 -20 -28 -25 -17 -13 -13 -13 -13 -13 -16 -16 -13 -13 -21 -20 -39 -55 -67 -65 -74 -74 -73 -70 -81 -81 -79 -79 -87 -88 -88 -87 -88 -88 -88 -87 -88 -87 -88 -96 -96 -94 -93 -93 -93 -96 -96 -92 -91 -92 -93 -92 -93 -92 -94 -93 -94 -102 -102 -102 -96 -96 -98 -93 -86 -88 -97 -97 -97 -94 -92 -94 -94 -93 -92 -91 -91 -92 -89 -96 -103 -92 -106 -101
111 101 104 112 113 110 110 107 107 104 91 91 107 93 99 96 104 119 114 114 108 111 108 112 101 106 113 114 111 108 113 112 112 106 100 108 112 120 114 107 116 113 111 101 48 48 89 97 85 0 70 97 106 108 113 118 107 119 119 119 116 118 116 116 83 118 118 119 119 117 117 118 116 116 114 113 108 111 108 105 107 111 107 107 106 111 93 88 84 88 81 77 78 76 73 73 73 74 74 78 82 88 91 96 96 99 101 108 110 110 112 111 114 105 0 76 95 107 102 97 89 76 76 29 13 15 68 -21 -128 -128 -128 0 65 88 88 95 97 94 96 100 102 101 106 106 113 114 106 106 112 118 101 72 42 0 -1 -1 -1 -1 -1 -1 -1 -1 -1 -1 -1 -60 -1 -1 -1 -1 -1 -1 -1 -1 -1 -1 -1 -1 0 54 76 100 61 43 41 0 0 -67 -108 36 73 79 62 42 26 0 -37 -1 -1 -1 -1 -1 -1 -1 -1 -1 -1 -1 -44 0 35 35 54 61 66 67 70 70 67 70 72 48 44 42 42 41 44 33 38 47 25 12 -128 -128 -92 -107 -128 -128 -56 -49 -37 29 27 24 -41 -45 -1 -1 -1 -1 -1 -1 -1 -37 -44 -1 -94 -97 -39 -58 -49 -1 -1 -1 -1 -1 -1 -1 -1 -1 -39 -83 43 52 53 53 64 71 56 65 82 85 89 91 97 94 105 106 106 105 117 102 114 107 112 116 110 112 105 100 101 101 83 73 84 91 95 104 99 74 72 83 82 76 76 58 47 44 39 36 31 0 0 24 32 33 33 30 31 0 0 35 35 42 52 65 101 110 113 113 116 120 117 113 99 118 119 95 99 108 29 15 15 2 0 39 65 113 72 117 118 111 117 105 83 83 47 76 97 108 116 79 61 85 56 65 0 0 0 38 54 52 52 26 19 24 20 10 0 -4 -4 -18 -8 -39 -20 -3 -3 -3 -4 -9 -13 -3 -3 -3 -8 -8 -11 -18 -4 -3 -4 -4 -8 -2 -4 -9 -9 -4 -4 -4 -7 -8 -23 -26 -26 -25 -22 -16 -14 -14 -18 -14 -14 -13 -13 -13 -13 -13 -13 -12 -3 -16 -16 -14 -40 -54 -64 -74 -73 -72 -70 -81 -82 -79 -79 -89 -86 -86 -87 -89 -88 -87 -87 -86 -86 -96 -96 -96 -94 -93 -93 -93 -92 -93 -91 -91 -92 -92 -91 -93 -93 -91 -92 -93 -102 -101 -101 -96 -97 -100 -92 -86 -89 -89 -91 -91 -96 -92 -92 -94 -94 -92 -91 -92 -91 -91 -91 -94 -105 -98 -101 -110
110 110 101 104 110 113 112 110 107 104 90 91 105 105 90 99 96 102 119 114 108 113 111 113 101 107 107 116 117 111 108 112 113 107 101 108 113 118 117 117 111 114 114 116 114 108 107 112 97 87 0 85 85 88 96 107 117 104 117 117 117 118 116 118 83 83 118 119 120 119 117 119 116 116 114 113 111 111 111 108 105 107 111 107 108 113 93 87 84 85 85 81 77 77 74 73 73 74 74 78 82 88 93 93 96 96 99 101 110 110 112 113 114 105 7 78 78 100 107 101 91 33 -84 -100 -72 7 77 78 76 76 0 48 55 0 0 74 91 94 95 100 102 102 101 106 106 113 114 105 113 118 95 56 0 -41 -41 -1 -1 -1 -1 -1 -47 -45 -65 -46 -50 -1 -1 -1 -1 -1 -1 -1 -1 -1 -1 27 15 0 48 66 66 84 102 61 43 45 0 0 52 74 85 87 70 70 53 39 24 -67 -1 -1 -1 -1 -1 -1 -1 -1 -44 -42 -51 0 48 66 66 68 70 67 70 70 70 67 70 72 52 54 55 54 56 47 50 55 37 37 24 0 -124 -49 -44 -122 -1 -1 -1 -1 -1 -1 -1 -1 -1 -1 -1 -1 -1 -1 -45 -65 -67 -46 -110 -110 -82 -49 -74 -44 -1 -1 -1 -1 -1 -1 -1 -1 -1 -1 -86 -128 -128 0 48 66 73 48 82 85 85 89 90 97 94 104 105 105 117 101 114 106 112 112 116 110 113 104 100 101 83 74 84 90 94 105 105 100 77 72 84 82 76 56 47 44 39 35 19 19 0 0 26 35 33 30 21 0 10 35 35 35 45 54 68 102 111 116 117 122 118 113 99 119 119 122 96 101 110 30 16 0 0 37 65 112 72 72 117 118 113 117 105 83 47 74 97 108 116 78 78 58 83 52 62 39 0 16 10 47 54 27 19 19 21 19 0 0 -4 -17 -8 -11 -46 -4 -2 -2 -1 -3 -9 -13 -3 -3 -8 -8 -9 -18 -4 -3 -3 -4 -4 -8 -3 -4 -9 -6 -3 -3 -7 -8 -25 -25 -27 -27 -26 -22 -14 -16 -17 -14 -13 -13 -13 -13 -13 -14 -13 -13 -13 -3 -16 -14 -37 -54 -64 -74 -73 -73 -72 -70 -81 -81 -79 -89 -86 -87 -88 -89 -88 -88 -87 -87 -86 -87 -94 -94 -94 -93 -93 -93 -93 -94 -94 -91 -91 -92 -92 -91 -92 -92 -93 -93 -102 -102 -101 -101 -96 -97 -98 -92 -86 -89 -89 -92 -96 -92 -92 -96 -96 -93 -92 -91 -93 -92 -91 -97 -106 -100 -125 -119
108 110 108 111 110 106 106 105 90 90 94 99 110 84 95 104 119 117 112 112 112 113 113 95 107 116 116 112 110 110 105 104 104 93 97 111 116 113 102 114 113 110 114 114 110 110 101 99 100 102 0 0 0 4 87 112 117 117 117 117 112 117 113 117 83 118 117 119 119 119 119 119 118 114 114 110 112 111 110 110 107 107 106 106 110 108 90 87 89 88 83 79 77 76 73 72 72 74 74 78 79 85 89 95 97 99 100 107 110 110 116 114 118 106 96 45 104 108 99 90 24 -86 -86 -39 -56 26 88 100 99 87 83 84 65 0 0 62 84 95 97 96 100 101 106 108 113 108 107 107 110 95 62 0 -42 -1 -1 -1 -1 -1 -41 -111 -111 -128 -105 -114 -114 -1 -1 -1 -1 -1 -1 -42 -65 -65 0 30 43 55 66 89 96 87 61 56 60 72 72 76 104 113 111 105 99 81 62 42 0 -74 -74 -1 -1 -41 -54 -40 -39 -96 -128 0 58 72 79 79 77 79 78 71 71 64 61 62 59 71 77 82 82 76 66 55 61 50 48 38 3 0 -125 -100 -44 -44 -58 -74 -40 -1 -1 -1 -1 -1 -42 -59 -42 -86 -86 -115 -102 -128 -108 0 27 10 0 -124 -117 -44 -44 -1 -1 -1 -1 -1 -1 -1 -1 -1 -37 -70 -128 -128 41 65 72 39 77 87 89 90 85 89 101 84 84 106 105 104 113 108 116 110 104 113 93 104 104 104 94 78 91 94 97 93 91 85 78 82 82 72 72 50 47 44 42 33 9 0 0 31 36 35 35 30 0 0 35 33 39 49 67 88 101 108 117 117 118 119 105 107 119 117 116 81 119 77 33 55 55 0 0 32 45 89 105 81 82 96 90 119 82 82 54 77 117 113 95 97 39 68 55 38 21 10 10 0 7 55 44 15 21 22 19 0 -6 -3 -3 -16 -7 -3 -51 -6 -2 -1 -1 -16 -9 -4 -7 -7 -8 -4 -8 -9 -14 -3 -8 -9 -7 -3 -7 -7 -7 -4 -7 -20 -7 -8 -27 -27 -22 -18 -13 -13 -13 -13 -14 -13 -12 -13 -14 -3 -3 -2 -2 -1 -3 -3 -3 -6 -31 -46 -65 -74 -72 -82 -79 -79 -81 -89 -89 -89 -87 -88 -88 -88 -87 -88 -87 -84 -86 -94 -94 -94 -94 -93 -93 -93 -94 -93 -93 -92 -92 -89 -92 -92 -92 -92 -92 -102 -100 -100 -100 -97 -98 -96 -93 -91 -87 -87 -86 -92 -96 -91 -93 -97 -97 -89 -88 -93 -93 -93 -93 -103 -124 -122 -103 -100
108 108 110 108 111 110 106 105 90 90 94 99 110 110 84 95 104 119 117 112 112 113 113 95 107 116 116 116 112 110 110 105 104 93 97 111 116 113 102 102 114 113 110 114 114 110 101 99 100 102 0 0 0 0 4 87 112 117 117 117 112 117 113 117 83 83 118 117 119 119 119 119 118 114 114 110 112 112 111 110 110 107 107 106 110 108 90 87 89 88 88 83 79 77 76 73 72 74 74 78 79 85 89 89 95 97 99 100 107 110 116 114 118 106 96 45 45 104 108 99 90 24 -86 -39 -56 26 88 100 99 99 87 83 84 65 0 62 84 95 97 96 100 100 101 106 108 113 108 107 110 95 62 0 -42 -1 -1 -1 -1 -1 -1 -41 -111 -128 -105 -114 -114 -1 -1 -1 -1 -1 -1 -1 -42 -65 0 30 43 55 66 89 89 96 87 61 56 60 72 76 104 113 111 105 99 99 81 62 42 0 -74 -1 -1 -41 -54 -40 -39 -39 -96 -128 0 58 72 79 77 79 78 71 71 64 64 61 62 59 71 77 82 76 66 55 61 50 48 48 38 3 0 -125 -100 -44 -58 -74 -40 -1 -1 -1 -1 -1 -1 -42 -59 -42 -86 -115 -102 -128 -108 0 27 27 10 0 -124 -117 -44 -1 -1 -1 -1 -1 -1 -1 -1 -1 -1 -37 -70 -128 41 65 72 39 77 87 87 89 90 85 89 101 84 106 105 104 113 108 116 116 110 104 113 93 104 104 94 78 91 94 97 93 93 91 85 78 82 82 72 50 47 44 42 33 9 9 0 0 31 36 35 30 0 0 35 33 39 39 49 67 88 101 108 117 118 119 105 107 119 117 117 116 81 119 77 33 55 0 0 32 45 89 105 105 81 82 96 90 119 82 54 77 117 113 95 97 97 39 68 55 38 21 10 0 7 55 44 15 21 21 22 19 0 -6 -3 -16 -7 -3 -51 -6 -2 -2 -1 -1 -16 -9 -4 -7 -8 -4 -8 -9 -14 -3 -3 -8 -9 -7 -3 -7 -7 -4 -7 -20 -7 -8 -27 -27 -27 -22 -18 -13 -13 -13 -14 -13 -12 -13 -14 -3 -3 -3 -2 -2 -1 -3 -3 -6 -31 -46 -65 -74 -72 -72 -82 -79 -79 -81 -89 -89 -87 -88 -88 -88 -87 -87 -88 -87 -84 -86 -94 -94 -94 -93 -93 -93 -94 -93 -93 -93 -92 -92 -89 -92 -92 -92 -92 -102 -100 -100 -100 -100 -97 -98 -96 -93 -91 -87 -86 -92 -96 -91 -93 -97 -97 -97 -89 -88 -93 -93 -93 -103 -124 -122 -103 -100
108 110 110 108 107 104 104 87 90 102 95 112 99 104 114 116 114 117 111 111 107 113 102 112 116 106 114 112 111 111 107 106 106 99 104 111 113 110 107 117 107 110 105 101 110 110 112 107 119 113 97 0 81 0 0 107 118 117 117 116 119 113 112 117 79 106 113 119 118 118 118 118 118 119 116 107 112 112 111 110 107 108 105 105 101 105 93 87 91 94 84 82 76 78 73 72 72 74 74 78 79 85 90 95 99 99 105 111 113 113 122 118 116 110 108 104 110 107 105 97 35 0 0 30 38 45 99 101 105 102 97 91 74 -128 -128 0 76 96 97 99 100 102 105 107 101 101 107 107 81 58 0 -44 -1 -1 -1 -1 -1 -77 0 48 48 22 -53 -128 -50 -1 -1 -1 -1 -1 -14 24 53 53 59 61 64 72 78 88 88 79 61 79 81 90 90 113 113 118 116 118 118 106 97 68 38 0 0 9 8 0 33 0 0 0 0 48 65 64 64 64 68 67 64 70 65 68 59 62 65 68 74 70 70 60 54 58 61 50 53 49 43 43 0 -59 -1 -1 -51 -128 -102 -93 -59 -86 -63 -65 -91 -96 -94 -128 -128 -128 -106 27 56 62 45 27 0 -84 -100 -37 -37 -1 -1 -1 -1 -1 -1 -1 -1 -1 -1 -1 -55 -55 32 54 62 31 60 79 89 85 87 84 88 79 79 93 93 104 100 97 111 102 116 100 94 100 107 107 88 90 105 106 84 89 91 79 73 73 66 65 65 48 54 50 41 0 0 0 25 36 37 35 35 16 0 21 35 37 45 61 78 88 108 117 119 119 118 117 100 119 123 119 118 119 119 100 93 77 77 2 0 0 36 81 82 81 117 60 88 105 73 73 43 74 96 101 118 85 45 83 74 43 59 66 66 32 39 49 26 15 20 22 10 0 -4 -3 -3 -16 -4 -3 -32 -32 -3 -4 -18 -11 -7 -3 -7 -7 -4 -3 -4 -12 -16 -3 -8 -9 -6 -4 -4 -4 -4 -4 -22 -18 -13 -18 -26 -21 -14 -13 -13 -12 -13 -13 -13 -12 -2 -3 -3 -1 -1 -1 -1 -1 -6 -1 -1 -8 -20 -45 -68 -73 -73 -82 -81 -81 -91 -89 -89 -88 -87 -87 -88 -88 -86 -88 -88 -96 -94 -92 -94 -94 -93 -92 -93 -93 -93 -93 -91 -89 -89 -91 -91 -89 -89 -88 -92 -98 -97 -98 -98 -98 -98 -93 -91 -92 -88 -88 -86 -92 -94 -94 -96 -97 -97 -98 -88 -93 -92 -103 -103 -128 -115 -98 -97 -98
107 107 107 107 102 88 78 87 96 93 110 99 87 87 118 113 110 113 112 110 112 112 113 112 100 116 116 114 110 107 107 106 106 114 116 112 107 108 113 113 107 108 110 118 119 117 119 117 117 117 116 110 110 96 0 0 104 117 117 117 117 110 112 104 68 68 112 118 116 116 116 118 114 112 108 112 112 112 114 110 108 108 108 104 105 107 90 89 91 94 94 87 82 78 76 74 73 74 76 78 79 89 91 91 100 97 100 111 112 116 116 110 113 108 107 107 107 112 113 118 102 91 42 87 91 95 100 101 106 106 107 93 96 82 -1 -128 82 99 97 101 101 101 104 104 104 106 105 87 52 37 -58 -1 -1 -1 -1 -1 -108 -98 33 59 71 0 -115 -53 -1 -1 -1 -1 -1 -1 -1 0 91 67 84 85 89 78 89 89 89 93 96 90 90 102 120 120 119 110 107 107 99 99 99 110 90 73 36 44 50 62 52 43 50 50 49 61 55 65 62 60 58 58 56 58 62 68 68 64 59 58 56 66 65 61 55 53 47 49 47 47 48 44 29 13 -117 -119 -128 -89 -79 -120 -51 -102 -102 -73 -68 -81 -112 -128 -128 -105 -114 39 53 55 36 36 29 0 -63 -63 -1 -1 -1 -1 -1 -1 -1 -1 -1 -1 -1 -1 -1 -37 -121 39 24 0 27 73 73 87 83 87 77 77 93 95 79 94 102 97 99 99 99 111 96 110 105 88 89 89 91 91 93 94 94 84 76 76 70 67 65 54 56 42 41 24 0 0 0 27 32 36 18 0 0 31 36 43 55 55 70 74 93 111 116 118 119 120 120 120 117 112 112 114 101 87 73 66 111 20 13 0 19 55 96 96 112 102 93 90 101 70 52 73 107 79 107 99 99 81 72 60 64 81 91 53 44 26 19 20 22 22 20 7 0 -44 -13 -13 -8 -3 -20 -54 -4 -4 -4 -11 -9 -4 -3 -6 -6 -3 -4 -9 -8 -7 -7 -11 -21 -16 -3 -4 -3 -8 -8 -13 -3 -20 -22 -22 -14 -13 -13 -12 -12 -3 -1 -1 -1 -1 -1 -1 -1 -1 -1 -1 -1 -1 -1 -9 -23 -45 -67 -74 -73 -73 -83 -81 -81 -89 -91 -88 -87 -87 -89 -88 -86 -86 -88 -96 -96 -93 -92 -93 -94 -93 -93 -92 -92 -92 -92 -91 -89 -89 -89 -88 -91 -89 -100 -97 -98 -97 -98 -98 -97 -97 -92 -93 -97 -92 -86 -94 -94 -94 -93 -93 -93 -93 -88 -91 -105 -126 -121 -102 -102 -101 -94 -100
106 102 90 81 83 91 91 91 90 108 94 84 90 117 114 113 111 110 110 110 110 110 111 108 106 116 111 110 102 104 102 108 108 107 108 102 114 113 108 107 114 117 114 114 118 118 119 114 113 114 114 113 95 85 0 107 114 111 111 112 110 110 114 110 78 117 114 114 119 114 114 113 110 113 110 107 114 113 108 110 108 108 107 107 107 107 88 89 91 95 87 78 76 74 73 73 73 74 76 78 84 91 93 94 99 101 111 116 110 110 112 116 110 111 105 107 107 110 99 96 105 100 100 99 99 102 106 105 106 101 95 97 83 53 53 0 83 95 100 104 105 102 104 107 110 85 52 52 0 -53 -1 -1 -13 15 0 0 76 83 76 27 27 0 -82 -86 -1 -1 -1 -1 -72 0 47 70 91 91 112 99 99 97 91 89 100 102 105 102 106 120 120 120 116 108 108 102 104 108 95 90 78 71 71 70 74 82 65 66 73 73 61 61 60 58 56 56 56 61 60 61 68 59 47 33 0 -86 42 49 49 48 47 39 6 21 -68 -128 -56 -45 -46 -55 -1 -1 -44 -56 -1 -42 -44 -40 -1 -1 -37 -44 -58 -102 -102 -39 -50 -61 3 0 18 -96 -128 -96 -64 -1 -1 -1 -1 -1 -1 -1 -1 -1 -1 -1 -1 -1 -1 -1 -87 -44 -122 -128 0 60 78 78 84 81 87 89 89 91 96 96 97 87 97 95 102 96 97 84 84 84 93 83 90 88 84 81 74 71 71 68 56 58 58 55 49 38 42 35 26 19 32 36 24 0 0 19 0 31 41 49 64 71 85 102 105 118 119 119 118 120 112 119 122 82 108 114 88 91 91 101 101 53 14 0 0 53 111 112 113 119 112 87 82 82 49 78 107 89 112 88 54 83 31 60 78 50 50 44 58 20 27 24 21 22 0 0 -4 -2 -2 -16 -3 -3 -11 -51 -39 -14 -7 -8 -4 -4 -1 -1 -14 -9 -4 -7 -9 -11 -4 -20 -14 -14 -3 -4 -4 -4 -4 -4 -9 -23 -21 -14 -13 -12 -2 -1 -1 -1 -1 -1 -1 -1 -1 -1 -1 -1 -1 -1 -1 -1 -1 -1 -42 -54 -65 -74 -74 -83 -77 -87 -87 -89 -89 -88 -88 -87 -88 -89 -94 -92 -97 -96 -92 -93 -93 -93 -93 -93 -93 -91 -91 -93 -91 -91 -89 -89 -89 -89 -89 -97 -100 -96 -96 -97 -96 -97 -94 -96 -96 -97 -93 -93 -91 -93 -91 -94 -92 -91 -92 -101 -119 -126 -103 -100 -100 -101 -100 -100 -96 -102
106 106 101 90 81 84 90 91 89 108 94 84 88 88 118 114 113 110 111 110 110 110 111 108 106 114 114 111 110 102 104 104 110 107 108 102 114 113 108 108 107 114 117 114 114 118 119 114 113 113 116 114 114 100 91 0 107 114 111 112 110 110 114 110 79 79 117 114 116 119 114 113 110 113 112 107 114 114 113 108 108 108 108 107 107 107 88 89 91 95 95 88 78 77 73 73 73 74 76 78 84 91 93 93 94 99 101 111 116 110 113 116 110 111 105 106 106 107 110 99 100 111 106 105 102 106 106 106 106 106 101 94 93 79 38 0 71 95 100 102 105 105 102 104 107 107 84 48 0 0 -3 -67 20 36 36 43 55 89 94 84 29 1 -112 -128 -55 -45 -49 -49 0 29 67 70 78 96 112 101 101 100 94 91 91 102 104 106 104 107 119 120 116 108 108 101 105 105 108 95 91 83 77 76 83 89 70 73 82 82 82 68 62 60 58 56 56 59 59 58 65 52 52 0 -58 -47 -41 -36 29 0 29 26 8 -1 -1 -1 -41 -58 -1 -1 -1 -1 -1 -1 -1 -1 -1 -1 -1 -1 -1 -1 -1 -1 -1 -1 -1 -1 -1 -41 -46 -46 -56 -105 -122 -70 -1 -1 -1 -1 -1 -1 -1 -1 -1 -1 -1 -1 -1 -1 -1 -1 -72 -128 -117 54 54 74 76 84 78 84 89 91 95 96 94 83 97 97 95 101 95 97 83 84 91 83 90 87 84 78 78 73 70 70 67 54 56 53 49 41 42 38 35 35 27 30 27 1 0 0 9 31 43 53 65 65 72 85 102 108 119 119 118 120 112 119 123 82 82 108 113 90 91 91 101 59 22 0 8 52 112 112 110 113 120 113 88 82 52 79 108 89 110 88 88 54 82 30 58 77 48 44 56 16 25 21 21 21 20 4 0 -4 -2 -16 -3 -3 -11 -30 -58 -58 -14 -8 -8 -4 -4 -1 -16 -9 -3 -8 -9 -9 -9 -6 -20 -14 -13 -3 -4 -6 -4 -4 -8 -23 -20 -20 -13 -13 -12 -1 -1 -1 -1 -1 -1 -1 -1 -1 -1 -1 -1 -1 -1 -1 -1 -1 -42 -53 -65 -74 -74 -74 -84 -77 -87 -87 -89 -88 -88 -87 -87 -89 -94 -94 -92 -97 -94 -91 -93 -93 -93 -93 -93 -91 -92 -92 -92 -91 -91 -89 -89 -88 -89 -97 -100 -96 -96 -96 -96 -96 -98 -94 -96 -96 -97 -93 -91 -92 -91 -94 -92 -91 -91 -103 -126 -111 -100 -101 -101 -98 -100 -100 -96 -102
106 101 90 81 84 90 90 91 89 108 94 84 88 118 114 113 110 111 110 110 110 110 111 108 106 114 111 110 102 104 104 110 110 107 108 102 114 113 108 107 114 117 114 114 118 118 119 114 113 113 116 114 100 91 0 107 114 111 111 112 110 110 114 110 79 117 114 116 119 114 114 113 110 113 112 107 114 113 108 108 108 108 107 107 107 107 88 89 91 95 88 78 77 73 73 73 73 74 76 78 84 91 93 94 99 101 111 116 110 110 113 116 110 111 105 106 107 110 99 100 111 106 106 105 102 106 106 106 106 101 94 93 79 38 38 0 71 95 100 102 105 102 104 107 107 84 48 48 0 0 -3 -67 20 36 43 55 89 94 84 29 29 1 -112 -128 -55 -45 -49 0 29 67 70 78 96 96 112 101 101 100 94 91 102 104 106 104 107 119 119 120 116 108 108 101 105 108 95 91 83 77 77 76 83 89 70 73 82 82 68 62 60 58 56 56 56 59 59 58 65 52 0 -58 -47 -41 -36 29 29 0 29 26 8 -1 -1 -41 -58 -1 -1 -1 -1 -1 -1 -1 -1 -1 -1 -1 -1 -1 -1 -1 -1 -1 -1 -1 -1 -1 -1 -41 -46 -56 -105 -122 -70 -1 -1 -1 -1 -1 -1 -1 -1 -1 -1 -1 -1 -1 -1 -1 -1 -1 -72 -128 -117 54 74 76 84 78 84 89 89 91 95 96 94 83 97 95 101 95 97 83 84 84 91 83 90 87 84 78 73 70 70 67 54 56 56 53 49 41 42 38 35 27 30 27 1 0 0 0 9 31 43 53 65 72 85 102 108 119 119 119 118 120 112 119 123 82 108 113 90 91 91 101 101 59 22 0 8 52 112 110 113 120 113 88 82 82 52 79 108 89 110 88 54 82 30 58 77 48 48 44 56 16 25 21 21 20 4 0 -4 -2 -2 -16 -3 -3 -11 -30 -58 -14 -8 -8 -4 -4 -1 -1 -16 -9 -3 -8 -9 -9 -6 -20 -14 -13 -3 -4 -4 -6 -4 -4 -8 -23 -20 -13 -13 -12 -1 -1 -1 -1 -1 -1 -1 -1 -1 -1 -1 -1 -1 -1 -1 -1 -1 -1 -42 -53 -65 -74 -74 -84 -77 -87 -87 -89 -89 -88 -88 -87 -87 -89 -94 -92 -97 -94 -91 -93 -93 -93 -93 -93 -93 -91 -92 -92 -91 -91 -89 -89 -88 -89 -89 -97 -100 -96 -96 -96 -96 -98 -94 -96 -96 -97 -93 -93 -91 -92 -91 -94 -92 -91 -103 -126 -111 -100 -101 -101 -101 -98 -100 -100 -96 -102
107 107 91 89 97 93 94 93 94 85 85 95 116 116 114 112 113 111 106 107 107 108 108 101 106 97 97 108 114 111 107 99 104 107 108 112 114 116 107 107 117 116 113 117 116 114 113 113 106 108 114 110 110 96 90 0 102 101 106 110 110 117 117 113 78 78 116 118 118 114 117 111 113 114 107 108 111 111 108 112 108 108 110 108 104 97 91 90 91 90 90 82 76 74 76 74 76 74 77 78 87 95 99 99 95 97 102 108 110 111 113 118 113 110 105 105 105 104 108 104 108 99 99 101 105 107 107 102 101 101 101 94 79 66 0 43 83 99 101 102 106 106 99 100 95 73 49 29 43 33 0 35 56 64 64 70 81 102 81 56 26 0 29 41 44 56 71 71 79 82 97 68 110 108 94 105 101 99 102 96 96 99 105 110 114 117 119 118 112 108 105 104 106 106 104 94 88 88 93 91 93 77 73 76 71 71 66 68 61 56 59 56 55 59 58 52 43 25 25 -54 -1 -1 -1 -1 -1 -1 -65 -89 -60 -1 -1 -1 -1 -1 -1 -1 -1 -1 -1 -1 -1 -1 -1 -1 -1 -1 -1 -1 -1 -1 -1 -1 -1 -1 -1 -1 -1 -1 -1 -1 -42 -50 -1 -1 -1 -1 -1 -1 -1 -1 -1 -1 -1 -1 -1 -1 -1 -1 -1 -88 -63 32 32 62 66 67 82 81 89 84 87 90 90 83 87 87 95 93 89 101 90 83 83 81 89 77 77 72 72 66 64 58 54 48 58 48 48 49 39 42 33 33 27 22 6 -97 -128 0 24 42 48 61 67 67 78 95 113 114 122 117 118 118 101 119 123 87 87 118 120 118 70 55 110 95 52 35 42 70 72 72 108 118 113 89 112 90 59 85 106 84 107 78 78 65 74 32 45 37 38 56 32 14 18 19 31 31 29 15 0 -3 -9 -14 -3 -3 -2 -21 -55 -55 -25 -16 -21 -7 -8 -12 -14 -8 -8 -8 -9 -8 -8 -4 -8 -16 -14 -16 -16 -4 -4 -9 -26 -22 -13 -13 -3 -3 -1 -1 -1 -1 -1 -1 -1 -1 -1 -1 -1 -1 -1 -1 -1 -1 -1 -6 -42 -55 -75 -73 -83 -83 -79 -77 -88 -89 -89 -88 -88 -88 -88 -89 -89 -89 -91 -97 -94 -93 -92 -93 -92 -93 -94 -89 -89 -91 -91 -91 -91 -91 -88 -96 -97 -98 -98 -94 -97 -96 -97 -97 -98 -94 -96 -96 -93 -93 -91 -88 -91 -101 -110 -120 -120 -112 -101 -101 -101 -98 -97 -100 -100 -97 -98 -100
102 88 91 87 85 97 97 100 97 112 114 114 112 112 112 112 111 105 107 107 106 107 105 105 101 104 114 113 110 104 111 111 111 108 106 112 113 111 113 114 113 113 114 104 102 102 102 106 108 112 113 102 93 97 8 96 91 106 106 117 117 116 112 110 78 116 118 118 119 116 116 116 118 116 106 108 110 110 108 110 112 111 107 107 94 107 94 89 90 87 79 74 73 76 76 76 76 76 76 79 85 91 101 104 104 105 107 111 113 113 111 111 116 111 105 106 105 102 104 107 95 100 100 105 106 96 94 85 85 90 76 45 0 0 0 64 85 101 104 104 101 99 84 67 54 50 60 60 60 58 61 74 77 85 85 94 100 73 53 49 49 56 60 64 68 93 95 101 108 108 74 107 112 112 110 112 110 101 104 112 117 116 117 117 108 116 116 113 113 104 104 101 101 96 85 91 89 82 82 90 85 73 70 65 67 70 67 55 55 59 50 50 48 47 45 0 19 -44 -39 -1 -1 -1 -1 -1 -1 -1 -1 -40 -88 -1 -75 -86 -42 -1 -1 -1 -1 -1 -1 -1 -1 -1 -1 -1 -1 -1 -1 -1 -1 -1 -1 -1 -1 -1 -1 -1 -1 -1 -1 -1 -1 -1 -1 -1 -1 -1 -1 -1 -1 -1 -1 -1 -1 -1 -1 -1 -1 -1 -1 -39 -64 0 50 56 59 68 73 83 83 84 82 84 84 85 90 88 87 89 94 82 79 79 82 77 78 71 68 67 60 53 48 45 45 54 54 43 45 45 38 31 21 20 0 0 -72 -128 -128 14 32 44 56 64 70 83 105 116 123 117 108 108 118 117 119 119 99 94 114 117 110 78 74 95 95 99 31 38 47 67 95 83 119 77 107 104 83 83 54 73 101 99 106 102 74 74 27 43 32 41 41 49 26 18 18 27 33 26 16 0 -2 -1 -1 -8 -2 -1 -17 -16 -28 -53 -20 -18 -18 -17 -17 -17 -20 -16 -17 -21 -17 -14 -13 -4 -3 -3 -16 -14 -14 -3 -3 -13 -22 -14 -14 -2 -4 -1 -1 -1 -1 -1 -1 -1 -1 -1 -1 -1 -1 -1 -1 -1 -1 -1 -1 -1 -30 -55 -75 -82 -82 -87 -87 -88 -89 -88 -88 -91 -88 -88 -87 -96 -93 -93 -97 -96 -94 -91 -93 -93 -92 -92 -93 -88 -89 -89 -91 -91 -100 -93 -94 -98 -98 -98 -97 -93 -97 -97 -96 -98 -96 -97 -94 -93 -93 -93 -92 -98 -110 -125 -114 -100 -100 -100 -102 -101 -97 -100 -100 -101 -98 -94 -100 -97
85 85 90 90 87 102 117 111 112 114 112 110 112 112 111 110 111 107 106 107 106 100 102 101 95 113 113 111 110 107 108 111 111 111 107 110 113 105 110 110 113 112 105 99 113 114 112 108 113 110 104 104 104 105 113 96 0 88 111 118 114 114 108 107 78 78 117 117 117 116 120 119 119 116 108 110 107 107 107 108 111 112 113 104 97 110 93 90 88 83 83 77 76 78 76 77 77 77 77 81 85 91 104 104 107 102 104 105 107 104 102 106 113 106 104 105 105 101 101 105 107 100 104 100 94 91 85 67 60 60 60 47 0 39 74 87 96 101 102 99 96 96 91 77 70 62 67 72 79 85 87 91 89 94 94 94 95 84 61 73 72 62 65 73 96 106 113 113 114 116 120 85 113 119 117 119 117 118 118 117 117 119 118 112 107 107 111 108 101 97 102 99 94 94 90 84 91 84 82 82 74 72 65 59 68 68 64 62 56 58 43 41 0 -45 -37 -44 -1 -1 -1 -1 -37 -39 -1 -1 -1 -1 -45 -47 0 2 -64 -64 -73 -41 -60 -1 -1 -1 -1 -1 -1 -1 -1 -1 -1 -1 -1 -1 -1 -1 -1 -1 -1 -1 -1 -1 -1 -1 -1 -1 -1 -36 -45 -65 -1 -49 -68 -1 -1 -1 -1 -1 -1 -1 -1 -1 -1 -1 -1 -1 -1 -45 -45 -128 0 39 61 71 78 74 76 78 78 85 73 73 82 81 77 81 74 74 67 65 65 60 62 64 64 50 43 43 48 53 52 41 48 38 30 16 13 13 0 -128 -128 0 14 31 42 53 60 70 79 79 81 99 117 116 97 117 117 102 119 117 91 104 104 120 119 84 70 67 91 90 43 33 31 55 107 107 108 112 105 113 85 67 45 64 105 105 100 102 102 47 67 42 53 41 44 47 24 20 26 29 30 30 22 16 0 53 -8 -2 -1 -4 -8 -8 -11 -11 -56 -22 -18 -14 -14 -13 -16 -14 -14 -18 -14 -13 -13 -3 -3 -6 -4 -4 -4 -4 -8 -23 -13 -13 -3 -3 -1 -1 -1 -1 -1 -1 -1 -1 -1 -1 -1 -1 -1 -1 -1 -1 -1 -1 -1 -12 -46 -55 -75 -82 -82 -82 -89 -87 -87 -88 -87 -88 -88 -89 -96 -93 -94 -94 -96 -97 -96 -94 -92 -93 -92 -89 -89 -91 -89 -88 -88 -89 -100 -98 -97 -94 -97 -97 -97 -96 -97 -96 -92 -92 -100 -97 -93 -93 -93 -100 -103 -124 -116 -98 -101 -100 -100 -100 -98 -101 -98 -93 -96 -94 -101 -96 -103 -103
87 90 90 88 99 116 116 111 112 114 112 110 112 111 110 111 107 107 107 107 106 100 102 102 95 113 110 108 106 108 111 111 111 110 107 110 113 105 110 113 112 105 102 113 114 114 111 108 113 110 104 104 106 120 104 0 65 100 100 108 110 116 108 107 78 117 119 117 114 119 119 119 119 116 107 110 108 108 108 112 112 112 104 104 99 110 93 90 88 82 77 76 79 76 77 76 76 77 77 81 85 91 102 110 104 104 105 105 105 105 102 104 112 106 104 104 101 101 105 107 100 104 104 101 94 90 81 0 0 0 0 0 67 84 84 99 100 101 102 99 96 91 77 68 64 70 74 74 83 91 91 94 90 95 95 95 84 61 74 77 77 68 67 77 100 110 117 117 117 122 96 105 119 119 118 118 118 119 119 118 119 118 112 108 107 110 110 108 101 96 101 95 91 90 84 91 82 82 82 82 73 71 61 50 58 56 56 45 47 35 0 0 -39 -1 -1 -1 -1 -1 -1 -83 -91 -1 -1 -1 -1 -1 -60 27 30 35 27 0 -106 -102 -82 -1 -1 -1 -1 -1 -1 -1 -1 -1 -1 -1 -1 -1 -1 -1 -1 -1 -1 -1 -1 -1 -1 -1 -1 -1 -1 -64 -64 -128 -128 -51 -96 -40 -1 -1 -1 -1 -1 -1 -1 -1 -1 -1 -1 -1 -1 -1 -36 -83 0 52 61 70 70 70 73 77 77 85 74 82 81 77 79 73 73 73 66 65 62 59 60 62 49 42 42 48 52 48 48 35 41 30 18 0 0 -128 -128 -65 0 25 25 35 45 54 62 70 81 83 99 117 116 97 118 118 117 104 119 117 91 104 120 119 83 68 68 91 91 89 41 33 31 55 107 108 112 105 112 87 67 67 44 64 105 101 100 102 48 70 44 54 44 44 44 45 22 20 27 29 30 22 16 0 0 -8 -8 -2 -1 -3 -7 -9 -11 -35 -45 -18 -16 -14 -13 -13 -16 -14 -14 -20 -14 -13 -3 -3 -4 -4 -6 -4 -4 -3 -8 -22 -13 -14 -3 -1 -1 -1 -1 -1 -1 -1 -1 -1 -1 -1 -1 -1 -1 -1 -1 -1 -1 -1 -1 -12 -45 -54 -75 -82 -82 -89 -87 -87 -88 -87 -87 -88 -88 -89 -96 -93 -93 -96 -97 -96 -94 -92 -93 -93 -92 -89 -91 -91 -89 -88 -88 -97 -98 -97 -94 -97 -97 -97 -98 -96 -97 -93 -91 -96 -96 -94 -94 -94 -119 -119 -126 -103 -98 -98 -100 -100 -100 -98 -101 -98 -93 -97 -97 -94 -101 -96 -103 -103
87 87 90 90 88 99 116 111 112 114 112 110 112 112 111 110 111 107 107 107 106 100 102 102 95 113 113 110 108 106 108 111 111 110 107 110 113 105 110 110 113 112 105 102 113 114 111 108 113 110 104 104 104 106 120 104 0 65 100 108 110 116 108 107 78 78 117 119 117 114 119 119 119 116 107 110 108 108 108 108 112 112 112 104 99 110 93 90 88 82 82 77 76 79 76 77 76 77 77 81 85 91 102 102 110 104 104 105 105 105 102 104 112 106 104 104 104 101 101 105 107 100 104 101 94 90 81 0 0 0 0 0 0 67 84 99 100 101 102 99 96 96 91 77 68 64 70 74 83 91 91 94 90 95 95 95 95 84 61 74 77 68 67 77 100 110 117 117 117 117 122 96 105 119 118 118 118 119 119 118 118 119 118 112 108 107 110 108 101 96 101 95 91 91 90 84 91 82 82 82 73 71 61 50 58 58 56 56 45 47 35 0 -39 -1 -1 -1 -1 -1 -1 -1 -83 -91 -1 -1 -1 -1 -60 27 30 35 27 27 0 -106 -102 -82 -1 -1 -1 -1 -1 -1 -1 -1 -1 -1 -1 -1 -1 -1 -1 -1 -1 -1 -1 -1 -1 -1 -1 -1 -1 -1 -64 -128 -128 -51 -96 -40 -1 -1 -1 -1 -1 -1 -1 -1 -1 -1 -1 -1 -1 -1 -1 -36 -83 0 52 61 70 70 73 77 77 85 74 74 82 81 77 79 73 73 66 65 62 59 60 62 62 49 42 42 48 52 48 35 41 30 18 0 0 0 -128 -128 -65 0 25 35 45 54 62 70 81 81 83 99 117 116 97 118 117 104 119 117 91 104 104 120 119 83 68 68 91 89 41 33 31 55 107 107 108 112 105 112 87 67 44 64 105 101 100 102 102 48 70 44 54 44 44 45 22 20 27 29 30 30 22 16 0 0 -8 -2 -1 -3 -7 -9 -11 -11 -35 -45 -18 -16 -14 -13 -16 -14 -14 -20 -14 -13 -13 -3 -3 -4 -4 -6 -4 -3 -8 -22 -13 -14 -3 -3 -1 -1 -1 -1 -1 -1 -1 -1 -1 -1 -1 -1 -1 -1 -1 -1 -1 -1 -1 -12 -45 -54 -75 -82 -82 -82 -89 -87 -87 -88 -87 -88 -88 -89 -96 -93 -93 -93 -96 -97 -96 -94 -92 -93 -92 -89 -91 -91 -89 -88 -88 -88 -97 -98 -97 -94 -97 -97 -98 -96 -97 -93 -91 -91 -96 -96 -94 -94 -94 -119 -126 -103 -98 -98 -100 -100 -100 -100 -98 -101 -98 -93 -97 -94 -101 -96 -103 -103
91 88 95 107 116 111 111 113 111 111 111 111 111 111 112 112 105 106 104 104 99 102 100 91 108 110 110 111 107 110 111 107 107 107 111 110 112 104 114 111 102 99 114 114 112 112 112 119 110 108 105 118 118 112 102 44 0 0 0 82 105 112 107 116 85 120 119 111 118 117 117 117 118 113 110 110 108 112 107 107 107 110 104 104 106 104 91 90 87 82 81 83 82 78 78 77 77 77 77 79 82 89 101 107 101 106 108 101 102 102 102 106 110 105 105 106 101 100 100 104 105 97 97 93 93 89 79 0 54 72 87 87 88 95 95 100 101 104 96 91 95 85 78 78 83 89 100 100 100 100 99 91 97 99 100 104 85 79 87 87 87 79 88 91 112 117 119 118 120 120 108 91 116 116 119 120 119 118 117 118 118 117 116 110 114 100 100 107 96 101 104 93 90 90 81 87 83 78 78 74 68 66 52 29 0 41 0 0 12 14 0 0 -1 -1 -1 -1 -1 -1 -1 -55 -56 -1 -1 -1 -1 -40 0 48 52 49 45 42 37 36 25 0 18 18 -69 -1 -1 -1 -1 -1 -1 -1 -1 -1 -1 -1 -1 -1 -1 -1 -1 -1 -1 -1 -1 -1 -1 -1 -1 -1 -53 -94 -53 -75 -1 -1 -1 -1 -1 -1 -1 -1 -1 -1 -1 -40 -65 -55 -106 -84 -128 0 45 48 48 22 65 73 74 78 79 84 73 73 78 67 73 73 59 66 58 58 59 53 42 45 44 54 47 36 36 27 26 12 0 0 -36 -51 -105 -112 -67 0 0 27 45 56 65 73 81 88 105 119 102 117 119 119 105 105 123 118 89 99 120 117 88 87 74 87 87 55 55 83 32 61 94 112 84 117 113 76 65 65 59 67 82 111 112 101 82 64 77 65 42 55 55 20 32 27 27 25 26 26 27 19 0 -117 -117 -74 -1 -1 -1 -1 -12 -12 -59 -23 -17 -14 -13 -13 -14 -13 -12 -13 -13 -2 -3 -18 -3 -3 -8 -4 -4 -7 -21 -20 -13 -3 -2 -1 -1 -1 -1 -1 -1 -1 -1 -1 -1 -1 -1 -1 -1 -1 -1 -1 -16 -2 -2 -40 -55 -64 -67 -82 -91 -89 -86 -88 -88 -86 -86 -86 -88 -91 -97 -93 -93 -96 -96 -94 -94 -92 -93 -93 -91 -87 -91 -91 -87 -86 -96 -97 -98 -97 -96 -97 -97 -97 -97 -97 -96 -92 -92 -97 -97 -93 -110 -120 -102 -102 -101 -98 -97 -97 -100 -98 -100 -97 -98 -94 -93 -87 -87 -93 -106 -94 -101 -105
91 91 106 114 113 113 106 113 110 106 111 110 111 111 110 105 107 108 101 96 89 94 89 107 111 99 99 112 108 106 105 107 97 107 108 105 105 112 111 111 111 113 117 107 99 107 112 100 112 100 120 116 116 112 112 113 102 84 0 8 104 119 119 119 84 84 118 113 117 117 113 113 116 112 114 108 112 112 108 111 108 108 108 106 105 95 96 91 85 82 82 85 88 84 84 82 81 78 79 81 83 88 99 99 105 100 105 107 100 105 104 104 108 108 106 105 105 99 97 97 102 102 99 93 88 79 53 0 55 55 88 96 91 89 95 97 99 101 93 88 85 85 85 95 96 104 101 95 100 94 85 89 96 96 96 96 104 105 104 101 104 113 110 111 117 119 118 118 116 114 116 112 83 119 118 118 119 117 111 118 118 118 119 114 112 117 106 102 101 102 101 90 94 94 87 77 87 76 74 72 66 64 44 0 0 0 20 4 -1 -65 -77 -39 -1 -1 -1 -1 -1 -1 -1 -1 -65 -75 -1 -1 -1 -60 44 61 55 56 56 56 61 61 53 43 37 31 19 0 0 -50 -46 -41 -41 -1 -1 -1 -1 -1 -1 -1 -1 -1 -1 -1 -1 -1 -1 -1 -1 -1 -1 -1 -1 -65 -122 -106 -58 -58 -42 -101 -36 -1 -1 -1 -1 -1 -1 -121 -107 -108 -108 -115 -82 -79 0 44 43 0 56 66 71 68 79 79 83 66 68 70 71 73 68 61 54 58 48 43 43 45 41 32 29 22 14 0 0 0 -128 -72 -1 -1 -1 -1 -44 -94 0 13 52 66 79 73 71 71 82 95 113 118 118 117 118 118 119 111 76 116 116 119 104 78 113 84 70 59 78 50 37 58 79 79 107 95 117 89 90 91 66 72 64 90 110 108 108 91 59 71 65 47 38 18 36 27 21 22 25 25 31 32 29 0 0 -122 -1 -1 -1 -1 -11 -11 -17 -46 -31 -14 -14 -13 -13 -14 -13 -12 -3 -3 -3 -3 -4 -3 -4 -6 -4 -8 -9 -14 -14 -2 -1 -1 -1 -1 -1 -1 -1 -1 -1 -1 -1 -1 -1 -1 -1 -1 -1 -1 -3 -14 -16 -34 -54 -65 -73 -82 -88 -88 -87 -83 -88 -87 -88 -87 -89 -91 -98 -96 -93 -93 -96 -96 -94 -92 -92 -92 -91 -88 -101 -98 -94 -96 -96 -97 -97 -97 -97 -97 -96 -94 -98 -97 -93 -94 -94 -94 -105 -120 -120 -102 -89 -89 -101 -100 -97 -98 -101 -97 -97 -101 -98 -96 -96 -96 -98 -102 -103 -92 -100 -102
95 116 110 108 110 97 97 113 108 107 107 107 110 107 107 106 106 99 90 90 87 85 107 112 108 108 112 110 107 108 108 104 104 107 100 96 105 105 111 112 113 114 111 114 116 116 106 117 116 113 119 112 108 120 114 107 96 0 0 29 106 118 118 118 82 116 114 117 116 118 118 118 117 117 111 107 110 110 110 106 108 105 101 101 102 101 99 91 87 87 85 87 87 89 87 83 83 78 78 83 83 87 96 102 104 107 105 96 105 105 100 101 106 105 104 100 97 100 97 100 100 93 93 87 77 47 0 56 87 88 82 19 37 45 45 88 97 102 93 81 82 91 99 102 91 88 93 93 90 82 78 89 89 96 106 107 106 110 111 111 111 101 110 114 116 120 112 107 108 116 114 83 119 119 118 118 118 113 116 118 114 118 108 114 111 108 108 112 104 95 91 95 87 76 79 87 77 73 73 70 65 59 39 0 -53 -97 -42 -42 -128 -42 -1 -1 -1 -1 -1 -1 -1 -1 -1 -51 -44 -1 -1 -1 -1 -63 15 48 44 55 58 61 60 58 58 61 59 59 54 49 44 43 36 0 -41 -1 -1 -1 -1 -1 -1 -1 -1 -1 -1 -1 -1 -1 -1 -1 -1 -1 -1 -1 -1 -1 -105 -128 27 0 -124 -1 -1 -1 -1 -1 -1 -1 -1 -1 -39 -46 -94 37 53 55 55 43 43 0 22 7 50 66 72 70 67 67 73 72 65 65 58 58 61 55 39 35 32 29 16 0 0 0 0 0 -116 -128 -54 -1 -1 -1 -1 -1 -36 16 16 41 77 91 105 95 88 73 89 107 117 105 117 117 117 117 118 95 72 118 111 77 101 118 82 102 102 112 50 8 43 62 77 113 72 116 113 116 89 89 83 65 66 89 90 93 114 67 73 74 62 30 30 29 33 24 25 22 30 26 33 30 14 -93 -93 -45 -1 -2 -3 -1 -1 -13 -26 -46 -14 -13 -12 -12 -13 -13 -3 -3 -3 -3 -3 -4 -4 -6 -4 -8 -8 -11 -8 -14 -1 -1 -1 -1 -1 -1 -1 -1 -1 -1 -1 -1 -1 -1 -1 -1 -1 -1 -1 -1 -13 -9 -9 -17 -67 -74 -74 -81 -81 -91 -84 -91 -83 -88 -88 -88 -97 -98 -97 -97 -97 -96 -96 -92 -88 -91 -91 -91 -88 -100 -96 -96 -96 -96 -94 -94 -97 -97 -96 -93 -93 -98 -100 -96 -94 -102 -124 -114 -97 -93 -89 -92 -94 -94 -101 -98 -97 -100 -100 -96 -100 -96 -93 -97 -102 -100 -100 -92 -93 -79 -81 -93
114 114 112 106 105 97 88 111 110 105 104 100 105 105 108 110 106 104 96 91 90 101 110 107 102 106 106 110 105 104 107 101 102 102 110 105 105 102 111 111 107 108 113 114 114 113 114 114 113 108 111 106 106 117 107 94 96 104 0 20 102 117 118 117 82 82 117 117 112 117 117 113 118 117 107 112 108 108 111 110 106 100 104 102 102 101 99 91 89 85 85 85 87 87 87 84 81 78 78 83 83 85 90 90 100 97 106 101 102 102 101 104 106 107 105 105 105 105 102 99 97 96 89 84 52 -128 0 83 96 96 89 27 -1 -1 31 82 95 100 81 85 88 88 94 96 90 83 79 79 76 77 84 89 90 100 100 106 96 107 113 111 104 111 112 114 117 116 112 112 110 117 118 117 83 118 119 117 116 116 116 114 114 117 113 111 118 116 114 105 101 95 94 104 74 74 72 76 81 74 70 66 59 50 33 -77 -44 -44 -45 -1 -46 -114 -1 -1 -1 -1 -1 -1 -1 -1 -1 -1 -1 -1 -1 -1 -1 -1 0 7 49 58 66 66 73 62 62 71 71 70 70 68 61 56 50 38 38 -58 -1 -1 -1 -1 -1 -1 -1 -1 -1 -1 -1 -1 -1 -1 -1 -1 -1 -1 -1 -1 -1 -64 43 43 30 -128 -55 -41 -1 -1 -1 -1 -1 -1 -1 -1 -1 -59 64 77 77 70 31 10 -1 -1 7 65 68 68 73 72 72 78 65 52 56 59 68 43 35 30 30 27 18 0 0 0 0 0 -111 -106 -59 -1 -1 -1 -1 -1 -1 -44 -63 53 79 112 119 119 116 116 93 82 96 118 117 119 113 117 112 90 77 124 124 118 81 120 119 83 96 56 37 13 42 61 90 90 104 102 117 106 89 56 83 82 50 71 77 67 67 106 74 83 89 43 21 27 30 29 32 32 31 31 33 31 16 0 -53 -1 -1 -1 -1 -1 -1 -1 -4 -8 -45 -17 -13 -13 -12 -6 -4 -4 -4 -3 -3 -4 -6 -8 -8 -8 -9 -8 -13 -3 -1 -1 -1 -1 -1 -1 -1 -1 -1 -1 -1 -1 -1 -1 -1 -1 -1 -1 -1 -1 -1 -7 -11 -16 -67 -74 -82 -89 -89 -89 -91 -89 -87 -84 -89 -87 -87 -97 -96 -94 -96 -96 -96 -94 -92 -92 -89 -91 -100 -98 -93 -96 -97 -94 -94 -93 -94 -97 -97 -94 -94 -98 -96 -97 -117 -114 -94 -94 -93 -94 -92 -91 -93 -103 -98 -100 -97 -98 -97 -96 -96 -100 -94 -94 -100 -103 -97 -89 -81 -77 -79 -77
114 112 106 105 97 88 88 111 110 105 104 100 105 108 110 106 104 96 91 91 90 101 110 107 102 106 110 105 104 107 101 102 102 102 110 105 105 102 111 107 108 113 114 114 113 113 114 114 113 108 111 106 117 107 94 96 104 0 0 20 102 117 118 117 82 117 117 112 117 117 117 113 118 117 107 112 108 111 110 106 100 104 102 102 102 101 99 91 89 85 85 87 87 87 84 81 81 78 78 83 83 85 90 100 97 106 101 102 102 102 101 104 106 107 105 105 105 102 99 97 96 89 89 84 52 -128 0 83 96 89 27 -1 -1 31 31 82 95 100 81 85 88 94 96 90 83 79 79 79 76 77 84 89 90 100 106 96 107 113 111 104 104 111 112 114 117 116 112 110 117 118 117 83 118 118 119 117 116 116 116 114 117 113 111 118 116 114 114 105 101 95 94 104 74 72 76 81 74 70 70 66 59 50 33 -77 -44 -45 -1 -46 -114 -1 -1 -1 -1 -1 -1 -1 -1 -1 -1 -1 -1 -1 -1 -1 -1 -1 0 7 49 58 66 73 62 62 71 71 70 70 70 68 61 56 50 38 -58 -1 -1 -1 -1 -1 -1 -1 -1 -1 -1 -1 -1 -1 -1 -1 -1 -1 -1 -1 -1 -1 -1 -64 43 30 -128 -55 -41 -1 -1 -1 -1 -1 -1 -1 -1 -1 -59 64 77 77 70 31 31 10 -1 -1 7 65 68 73 72 72 78 65 52 52 56 59 68 43 35 30 27 18 0 0 0 0 0 0 -111 -106 -59 -1 -1 -1 -1 -1 -44 -63 -63 53 79 112 119 119 116 93 82 96 118 117 119 119 113 117 112 90 77 124 118 81 120 119 83 96 96 56 37 13 42 61 90 104 102 117 106 89 56 56 83 82 50 71 77 67 106 74 83 89 43 21 21 27 30 29 32 32 31 33 31 16 0 -53 -53 -1 -1 -1 -1 -1 -1 -4 -8 -45 -17 -13 -13 -13 -12 -6 -4 -4 -4 -3 -4 -6 -8 -8 -8 -9 -9 -8 -13 -3 -1 -1 -1 -1 -1 -1 -1 -1 -1 -1 -1 -1 -1 -1 -1 -1 -1 -1 -1 -1 -7 -11 -11 -16 -67 -74 -82 -89 -89 -91 -89 -87 -84 -89 -89 -87 -87 -97 -96 -94 -96 -96 -94 -92 -92 -89 -91 -91 -100 -98 -93 -96 -97 -94 -93 -94 -97 -97 -94 -94 -94 -98 -96 -97 -117 -114 -94 -93 -94 -92 -91 -93 -103 -103 -98 -100 -97 -98 -97 -96 -100 -94 -94 -100 -103 -97 -97 -89 -81 -77 -79 -77
113 113 112 106 105 100 88 111 110 105 104 100 104 104 108 110 106 104 95 91 90 101 108 107 102 107 107 110 106 102 107 101 102 102 108 105 106 105 113 113 108 108 111 113 114 113 114 117 116 111 113 106 106 117 107 94 94 101 -97 -102 101 117 117 117 82 82 117 116 112 117 117 113 118 117 108 112 108 108 111 110 106 100 104 102 102 101 99 93 89 85 85 85 87 87 87 85 82 78 78 82 82 85 90 90 100 97 104 99 102 102 101 104 105 110 105 105 105 105 102 97 97 96 84 56 0 42 71 89 97 97 91 39 32 -1 15 68 94 99 81 85 88 88 94 96 90 83 79 79 76 77 84 91 93 100 100 106 96 107 113 111 104 111 112 114 117 116 111 111 110 118 118 117 84 117 119 118 117 116 116 116 116 118 113 111 118 116 114 105 101 95 94 105 73 73 72 76 79 73 70 66 58 45 33 -59 -1 -1 -1 -1 -1 -42 -1 -1 -1 -1 -1 -1 -1 -41 -41 -1 -1 -1 -1 -1 -1 -68 10 0 49 59 67 67 74 64 64 71 72 71 72 68 65 59 54 42 42 -103 -58 -1 -1 -1 -1 -1 -1 -1 -1 -1 -1 -1 -1 -1 -1 -1 -1 -1 -1 -1 -1 -40 -68 -68 0 0 3 -50 -58 -103 -46 -1 -1 -1 -1 -1 -1 -50 66 77 76 66 13 -18 -1 -1 21 66 68 68 73 72 71 78 65 53 55 59 68 43 32 30 30 22 7 0 0 12 12 0 0 -96 -64 -1 -1 -1 -1 -1 -1 -39 -55 52 79 111 120 120 118 118 94 84 97 118 117 119 116 117 112 90 77 122 122 117 81 120 118 84 96 55 35 13 42 61 88 88 101 102 117 106 89 56 83 81 50 71 76 67 67 106 74 84 90 44 22 29 30 29 32 32 31 31 33 29 10 0 -6 -1 -1 -1 -1 -1 -1 -1 -7 -8 -44 -20 -13 -13 -13 -6 -6 -4 -4 -4 -4 -4 -6 -7 -8 -8 -8 -8 -14 -2 -1 -1 -1 -1 -1 -1 -1 -1 -1 -1 -1 -1 -1 -1 -1 -1 -1 -1 -1 -1 -1 -7 -11 -17 -67 -74 -83 -91 -89 -89 -91 -91 -87 -84 -89 -87 -86 -97 -96 -94 -96 -96 -94 -94 -92 -92 -91 -91 -98 -98 -96 -96 -98 -94 -94 -93 -94 -97 -97 -94 -96 -98 -110 -120 -100 -94 -93 -93 -93 -94 -92 -91 -93 -103 -98 -100 -98 -100 -97 -96 -96 -100 -94 -94 -100 -102 -97 -91 -79 -78 -79 -78
99 112 110 93 89 90 90 113 106 100 100 97 105 108 107 102 106 104 95 95 89 110 107 102 104 106 107 100 96 95 99 105 105 107 110 111 111 110 106 108 110 108 104 108 114 114 112 114 111 106 111 110 106 104 114 118 102 -94 -94 -102 99 117 116 114 79 118 114 112 114 107 107 118 116 116 114 113 112 110 110 101 102 102 105 105 101 101 104 96 91 90 87 87 87 84 84 81 81 78 79 81 82 84 87 91 99 102 102 100 104 104 105 107 114 111 106 108 106 104 97 99 102 95 95 66 0 0 76 95 96 96 84 37 36 33 33 18 84 85 87 90 87 89 83 82 77 76 72 72 77 84 89 97 96 99 96 107 108 99 102 107 107 110 112 113 107 111 111 114 117 116 117 89 108 108 117 117 118 116 116 118 119 114 118 118 112 104 104 105 107 100 96 83 74 64 70 77 71 65 65 60 53 35 0 -1 -1 -1 -1 -1 -1 -1 -1 -1 -1 -1 -1 -1 -1 -46 -1 -1 -1 -1 -1 -92 -92 15 38 45 59 72 74 76 73 72 72 71 71 71 66 62 62 62 62 37 -72 -105 -37 -1 -1 -1 -1 -1 -1 -1 -1 -1 -1 -1 -1 -1 -1 -1 -1 -1 -1 -1 -1 -1 -55 31 48 25 0 -67 1 1 0 -74 -45 -41 -41 -37 -68 56 71 79 20 0 0 -37 -1 6 24 68 67 76 74 76 76 50 56 56 59 66 61 42 42 33 0 0 0 0 0 1 1 0 0 -107 -1 -1 -1 -1 -1 -1 -1 -37 -37 18 83 108 120 118 116 106 87 87 112 119 119 119 113 94 111 90 96 119 100 82 116 85 94 102 102 37 26 18 43 56 67 99 107 117 95 85 99 99 101 71 59 67 81 76 94 72 94 106 54 30 30 31 37 31 35 36 35 30 18 0 0 -1 -1 -1 -1 -1 -1 -1 -1 -1 -7 -28 -17 -16 -13 -13 -13 -18 -14 -16 -16 -3 -3 -4 -7 -8 -7 -4 -4 -6 -2 -1 -1 -1 -1 -1 -1 -1 -1 -1 -1 -1 -1 -1 -1 -1 -1 -1 -1 -1 -1 -1 -1 -6 -6 -41 -75 -74 -84 -91 -89 -91 -88 -87 -88 -89 -89 -96 -96 -97 -94 -93 -96 -92 -92 -93 -93 -100 -96 -96 -98 -97 -96 -97 -97 -94 -94 -94 -96 -94 -97 -114 -114 -124 -108 -96 -94 -92 -91 -94 -94 -91 -93 -102 -98 -98 -96 -98 -100 -98 -94 -97 -98 -97 -101 -100 -100 -96 -96 -81 -77 -69 -60 -50
100 100 111 110 110 105 97 110 106 106 104 102 107 107 105 101 104 102 93 93 106 110 107 104 101 102 102 104 97 95 97 107 107 108 108 110 105 106 112 112 112 111 108 116 114 114 108 108 97 108 99 108 108 116 119 117 108 96 -94 1 101 105 111 105 74 74 117 112 111 114 117 116 112 108 112 112 108 108 105 107 106 104 102 105 100 102 105 100 96 93 93 88 87 85 87 84 81 78 81 82 83 83 85 85 88 94 100 102 101 104 106 110 114 105 110 108 108 104 100 99 102 104 94 77 72 0 66 84 100 100 104 94 91 93 89 83 78 84 84 83 82 82 77 78 78 76 76 82 83 84 90 89 89 94 94 97 107 99 102 105 105 107 112 114 106 112 113 113 116 116 118 118 99 95 117 116 114 117 117 118 118 118 118 117 113 110 112 112 116 93 83 82 72 72 71 67 71 67 65 56 45 22 13 -1 -1 -1 -1 -1 -1 -1 -1 -1 -1 -1 -1 -1 -1 -1 -1 -1 -1 -1 -1 -72 30 54 66 59 74 70 81 81 79 77 79 77 77 71 62 61 62 61 55 41 41 -63 -1 -1 -1 -1 -1 -1 -1 -1 -1 -1 -1 -1 -1 -1 -1 -1 -1 -1 -1 -1 -1 -1 -44 -44 0 53 59 0 49 56 55 55 66 41 42 0 0 0 44 74 65 15 0 0 1 44 68 71 62 62 72 81 76 73 50 64 61 70 58 32 19 0 0 14 -41 -1 -61 -40 -58 -56 -53 -1 -1 -1 -1 -1 -1 -1 -1 -1 -1 21 81 104 100 118 99 99 96 93 91 106 114 119 100 119 114 95 101 110 110 101 83 94 62 101 96 48 22 22 42 53 81 81 77 96 107 104 77 83 96 78 42 43 78 85 85 85 74 84 89 60 36 27 37 27 32 35 31 31 26 15 0 0 0 0 0 -1 -1 -1 -1 -1 -69 -69 -128 -46 -4 -14 -14 -14 -14 -4 -14 -13 -13 -3 -3 -6 -4 -6 -3 -2 -3 -1 -1 -1 -1 -1 -1 -1 -1 -1 -1 -1 -1 -1 -1 -1 -1 -1 -1 -1 -1 -1 -1 -1 -3 -34 -75 -82 -83 -91 -88 -88 -89 -88 -86 -87 -89 -94 -96 -98 -96 -93 -96 -96 -94 -94 -94 -93 -100 -96 -97 -98 -94 -94 -97 -94 -94 -96 -93 -102 -117 -121 -106 -96 -97 -94 -89 -89 -86 -86 -94 -100 -98 -91 -98 -98 -97 -100 -98 -96 -96 -98 -98 -98 -97 -98 -98 -97 -94 -91 -78 -60 -51 -37
112 108 102 108 104 107 107 108 110 108 105 97 104 104 102 93 88 105 106 106 102 100 107 104 93 89 96 95 96 105 105 102 102 106 105 105 104 111 111 105 100 112 112 108 106 106 110 100 104 101 101 117 118 118 118 112 56 -128 -128 65 105 112 119 117 83 114 107 116 112 110 110 111 107 112 113 113 99 101 107 107 102 105 104 104 99 105 102 100 94 94 90 89 88 88 85 83 83 82 81 82 82 82 83 88 90 96 101 99 97 97 106 110 106 104 107 104 101 99 97 102 91 84 84 87 82 0 54 87 101 102 97 97 99 87 87 79 78 85 76 77 74 76 79 77 79 84 84 84 85 87 85 84 90 96 102 106 104 108 104 99 99 107 114 107 111 113 114 114 117 118 116 102 88 88 114 114 117 119 116 118 116 120 118 114 117 114 114 107 101 85 79 78 72 68 61 66 64 59 59 55 39 0 -37 -1 -1 -44 -63 -1 -1 -1 -1 -1 -1 -1 -1 -1 -1 -1 -1 -1 -1 -65 -45 36 36 53 72 71 85 88 93 84 88 85 76 76 67 67 67 64 67 64 58 42 0 -53 -1 -1 -1 -1 -1 -1 -1 -1 -1 -1 -1 -1 -1 -1 -1 -1 -1 -1 -1 -1 -1 -1 -1 0 58 76 81 74 100 100 84 90 111 79 59 48 30 33 70 72 64 37 37 0 16 59 73 72 66 78 83 83 73 53 52 52 48 45 24 1 4 -1 -1 -1 -1 -1 -1 -1 -1 -1 -1 -1 -1 -1 -1 -1 -1 -1 -1 -1 -1 22 54 73 81 90 95 114 104 94 105 91 97 97 112 119 116 88 106 117 96 96 84 65 108 68 68 25 16 36 37 49 68 52 88 118 105 88 95 95 95 61 58 38 89 83 43 84 79 85 70 44 44 30 36 27 33 33 29 26 25 13 0 0 0 22 0 0 -1 -1 -1 -69 -83 -92 -116 -58 -9 -9 -9 -4 -3 -3 -4 -3 -3 -4 -3 -3 -4 -3 -3 -2 -2 -1 -1 -1 -1 -1 -1 -1 -1 -1 -1 -1 -1 -1 -1 -1 -1 -1 -1 -1 -1 -1 -1 -9 -9 -44 -74 -82 -83 -91 -91 -89 -87 -87 -89 -96 -96 -94 -94 -96 -94 -94 -94 -94 -94 -93 -91 -100 -97 -97 -96 -97 -94 -94 -96 -96 -107 -121 -111 -97 -92 -92 -92 -96 -96 -91 -88 -86 -87 -94 -98 -98 -100 -97 -97 -97 -98 -100 -97 -96 -94 -98 -98 -101 -98 -98 -98 -98 -98 -89 -91 -69 -70 -81
112 112 108 102 108 104 107 108 110 108 105 97 104 104 104 102 93 88 105 106 102 100 107 104 93 89 89 96 95 96 105 105 102 106 105 105 104 111 111 111 105 100 112 112 108 106 110 100 104 101 101 117 117 118 118 118 112 56 -128 65 105 112 119 117 83 83 114 107 116 112 110 111 107 112 113 113 99 99 101 107 107 102 105 104 99 105 102 100 94 94 94 90 89 88 88 85 83 82 81 82 82 82 83 83 88 90 96 101 99 97 106 110 106 104 107 104 104 101 99 97 102 91 84 87 82 0 54 87 101 101 102 97 97 99 87 79 78 85 76 77 74 74 76 79 77 79 84 84 85 87 85 84 90 96 96 102 106 104 108 104 99 107 114 107 111 113 114 114 114 117 118 116 102 88 114 114 117 119 116 118 118 116 120 118 114 117 114 107 101 85 79 78 72 72 68 61 66 64 59 55 39 0 -37 -1 -1 -1 -44 -63 -1 -1 -1 -1 -1 -1 -1 -1 -1 -1 -1 -1 -1 -1 -65 -45 36 53 72 71 85 88 93 93 84 88 85 76 76 67 67 64 67 64 58 42 42 0 -53 -1 -1 -1 -1 -1 -1 -1 -1 -1 -1 -1 -1 -1 -1 -1 -1 -1 -1 -1 -1 -1 -1 -1 0 58 76 81 74 100 84 90 111 79 59 48 48 30 33 70 72 64 37 0 16 59 73 72 66 66 78 83 83 73 53 52 48 45 24 1 4 -1 -1 -1 -1 -1 -1 -1 -1 -1 -1 -1 -1 -1 -1 -1 -1 -1 -1 -1 -1 22 54 73 81 90 95 95 114 104 94 105 91 97 112 119 116 88 106 117 117 96 96 84 65 108 68 25 16 36 37 49 68 68 52 88 118 105 88 95 95 61 58 38 89 83 83 43 84 79 85 70 44 30 36 27 33 33 29 29 26 25 13 0 0 22 0 0 -1 -1 -1 -1 -69 -83 -92 -116 -58 -9 -9 -4 -3 -3 -4 -3 -3 -3 -4 -3 -3 -4 -3 -2 -2 -1 -1 -1 -1 -1 -1 -1 -1 -1 -1 -1 -1 -1 -1 -1 -1 -1 -1 -1 -1 -1 -1 -1 -9 -44 -74 -82 -83 -91 -91 -91 -89 -87 -87 -89 -96 -94 -94 -96 -94 -94 -94 -94 -94 -94 -93 -91 -100 -97 -96 -97 -94 -94 -96 -96 -96 -107 -121 -111 -97 -92 -92 -96 -96 -91 -88 -86 -87 -87 -94 -98 -98 -100 -97 -97 -98 -100 -97 -96 -94 -98 -98 -98 -101 -98 -98 -98 -98 -89 -91 -69 -70 -81
111 108 102 108 105 107 107 108 110 108 105 97 105 105 102 93 85 102 106 106 102 100 107 105 94 91 99 95 96 106 106 104 104 106 105 105 105 112 112 106 100 112 112 108 107 107 110 100 104 101 101 114 118 118 117 112 53 -128 -128 -39 101 113 118 117 83 114 107 116 112 111 111 112 107 112 113 113 99 101 107 107 102 106 104 104 100 106 102 100 94 94 93 91 88 88 85 83 83 83 82 82 82 82 83 88 90 96 101 100 99 99 106 110 106 105 105 104 102 100 97 102 90 83 83 88 82 0 54 87 99 100 96 96 97 87 87 79 78 85 77 77 73 74 78 76 78 82 84 84 85 85 85 84 90 96 104 106 104 108 104 99 99 107 113 107 111 113 113 114 117 118 116 107 83 83 114 114 118 117 114 118 118 120 118 114 117 113 113 107 101 85 79 78 72 68 61 64 61 58 58 52 37 1 -1 -1 -1 -40 -45 -1 -1 -1 -1 -1 -1 -1 -1 -1 -1 -1 -1 -1 -128 -51 -14 7 7 52 72 73 87 89 94 84 89 88 76 76 67 67 70 64 68 65 58 45 35 0 -46 -1 -1 -1 -1 -1 -1 -1 -1 -1 -1 -1 -1 -1 -1 -1 -1 -1 -1 -1 -1 -1 0 30 61 78 88 81 102 102 88 94 116 84 68 60 53 25 70 76 70 49 49 19 22 62 73 72 66 78 83 83 71 48 42 42 33 0 -37 -1 -1 -1 -1 -1 -1 -1 -1 -1 -1 -1 -1 -1 -1 -1 -1 -1 -1 -1 -41 20 20 10 55 72 78 88 91 113 102 94 105 91 95 95 112 119 116 88 106 117 96 96 84 65 107 70 70 24 14 35 37 49 67 50 87 116 102 87 95 95 95 60 56 38 87 81 42 83 79 85 70 47 47 32 37 27 33 33 29 26 30 30 32 36 36 30 29 0 -106 -1 -1 -1 -1 -1 -128 -128 -75 -75 -9 -4 -3 -3 -6 -3 -3 -4 -3 -3 -4 -3 -3 -2 -2 -1 -1 -1 -1 -1 -1 -1 -1 -1 -1 -1 -1 -1 -1 -1 -1 -1 -1 -1 -1 -1 -1 -9 -9 -44 -73 -82 -83 -91 -91 -89 -87 -87 -89 -97 -97 -94 -94 -96 -94 -94 -94 -94 -94 -92 -91 -100 -98 -98 -96 -96 -96 -93 -108 -122 -110 -93 -93 -96 -93 -91 -91 -96 -94 -89 -88 -86 -86 -93 -98 -98 -100 -98 -97 -97 -98 -100 -97 -96 -96 -98 -98 -101 -96 -97 -98 -98 -98 -89 -91 -68 -69 -79
106 106 104 105 108 100 108 104 107 108 106 104 105 105 105 102 100 102 101 93 89 107 107 104 90 94 94 94 95 102 104 94 96 101 106 102 108 106 105 105 102 108 113 106 105 104 105 97 111 112 119 114 114 117 116 116 102 100 -78 -106 93 113 116 117 81 81 114 114 111 107 113 112 112 116 112 114 94 94 101 106 105 104 102 100 101 105 97 97 95 96 96 91 93 93 89 90 88 87 83 82 82 82 82 82 84 89 94 95 99 101 105 106 107 104 101 101 101 105 101 105 104 95 91 89 76 0 49 81 99 99 94 93 91 89 79 74 81 78 78 77 79 79 73 81 81 81 83 84 88 91 89 91 99 101 101 105 107 106 101 90 104 105 105 105 111 113 112 112 114 118 117 110 108 74 107 114 118 113 114 118 118 118 118 111 119 118 108 101 95 85 82 72 70 70 65 56 62 58 56 43 2 -20 -1 -1 -47 -47 -114 -1 -1 -1 -1 -1 -1 -1 -1 -1 -59 -44 -44 -1 -42 -128 -41 -1 0 62 74 87 97 102 104 104 93 102 96 76 78 70 71 76 68 68 60 62 62 52 31 -64 -1 -1 -1 -1 -1 -1 -1 -1 -1 -1 -1 -1 -1 -1 -1 -1 -1 -1 -1 -1 0 0 49 66 83 89 96 107 107 113 116 113 99 70 70 62 30 66 78 71 59 60 67 70 82 64 68 68 82 64 62 53 0 1 0 -2 -1 -1 -1 -1 -1 -1 -1 -1 -1 -1 -1 -1 -1 -1 -1 -1 -1 -1 -1 -1 -1 0 30 37 48 56 62 64 72 72 85 74 66 91 74 88 91 106 105 78 106 106 106 85 82 47 67 73 54 30 21 36 30 48 79 79 60 100 107 96 88 93 89 67 49 32 64 84 84 49 79 87 79 88 67 35 35 30 29 26 32 32 30 35 37 37 30 30 31 0 0 -1 -1 -1 -1 -1 -1 -1 -128 -110 -9 -2 -2 -2 -8 -3 -3 -3 -3 -3 -6 -8 -3 -2 -1 -1 -1 -1 -1 -1 -1 -1 -1 -1 -1 -1 -1 -1 -1 -1 -1 -1 -1 -1 -1 -1 -1 -1 -31 -46 -81 -81 -83 -91 -91 -91 -89 -88 -87 -97 -94 -92 -94 -96 -94 -94 -94 -94 -94 -93 -91 -89 -100 -97 -96 -96 -103 -122 -110 -94 -94 -93 -92 -93 -93 -91 -89 -96 -91 -91 -88 -91 -87 -87 -100 -98 -98 -98 -97 -98 -101 -97 -97 -97 -97 -98 -98 -98 -101 -97 -96 -98 -93 -79 -79 -96 -107 -106
105 104 106 105 106 106 106 102 102 101 108 101 102 106 101 93 87 89 93 93 104 106 105 100 93 99 104 108 106 100 102 106 106 104 90 107 110 100 113 111 111 112 112 106 105 105 110 114 118 119 116 113 113 116 104 113 100 33 33 0 60 91 105 117 81 114 111 104 114 118 118 108 112 112 117 104 90 105 104 106 104 100 97 97 101 97 99 99 100 100 100 96 96 99 100 94 94 84 88 81 82 77 77 84 88 91 95 101 104 104 106 106 104 104 105 104 101 102 97 88 97 90 90 88 67 0 -128 72 82 87 87 87 81 74 74 76 78 79 77 78 74 72 81 84 88 83 85 85 89 95 102 105 104 104 97 107 113 91 89 95 95 100 105 110 111 114 113 114 119 118 111 108 73 73 111 112 116 118 120 120 117 110 107 118 108 106 106 97 93 84 73 74 70 61 55 61 56 50 50 32 0 -1 -1 -1 -64 -97 -1 -1 -1 -1 -1 -1 -1 -1 -1 -1 -111 -40 -1 -67 -97 -41 -67 -69 -69 55 71 87 102 101 101 102 102 93 93 95 70 70 78 72 72 72 66 67 66 41 -94 -59 -1 -1 -1 -1 -1 -1 -1 -1 -1 -1 -1 -1 -1 -1 -1 -1 -1 -1 -1 -59 0 60 70 84 95 105 106 106 108 113 119 118 110 88 71 45 50 70 66 68 68 73 81 84 85 65 53 44 24 10 13 24 -1 -1 -1 -1 -1 -1 -1 -1 -1 -1 -1 -1 -1 -1 -1 -1 -1 -1 -1 -1 -1 -1 -1 0 30 38 38 43 47 47 42 33 30 0 29 36 58 59 84 84 56 82 90 59 70 74 61 49 50 59 55 68 68 37 25 33 31 54 84 104 83 113 114 90 111 111 97 73 42 19 60 79 85 65 81 66 79 73 73 38 41 36 27 32 32 37 42 32 27 30 30 31 31 31 0 0 0 -1 -1 -1 0 0 -91 -91 -4 -3 -1 -3 -4 -2 -3 -3 -3 -7 -4 -3 -3 -2 -1 -1 -1 -1 -1 -1 -1 -1 -1 -1 -1 -1 -1 -1 -1 -1 -1 -1 -1 -1 -1 -1 -23 -44 -44 -65 -83 -81 -92 -91 -91 -88 -88 -97 -94 -94 -94 -93 -96 -94 -94 -93 -93 -94 -93 -92 -91 -98 -97 -97 -97 -119 -115 -94 -96 -96 -92 -91 -92 -92 -96 -91 -91 -93 -89 -88 -91 -91 -88 -91 -101 -97 -96 -100 -96 -96 -100 -97 -94 -100 -97 -101 -97 -100 -94 -94 -97 -92 -92 -79 -87 -97 -106 -102
104 104 104 102 89 100 105 100 79 97 107 106 100 100 97 77 77 95 106 104 104 105 105 95 102 105 105 105 107 101 107 108 108 101 113 107 93 104 110 110 105 107 104 104 106 114 113 116 111 107 106 107 107 106 107 108 116 102 85 0 0 38 104 118 77 77 104 106 107 114 108 105 111 117 117 87 96 96 108 104 105 101 97 99 102 99 101 100 101 107 107 119 111 100 96 93 89 85 85 74 71 20 76 76 83 87 89 94 100 102 105 105 104 107 104 102 102 100 96 89 95 97 90 87 74 49 0 0 67 67 79 83 79 76 78 79 78 81 77 76 68 68 74 82 90 100 93 96 97 107 104 97 99 90 90 99 111 113 85 88 95 101 106 102 111 112 110 110 113 118 119 108 107 74 110 111 114 118 112 119 119 118 116 117 114 108 96 93 85 73 71 72 61 61 50 55 60 56 45 0 -46 -1 -1 -58 -93 -93 -58 -1 -1 -1 -1 -1 -1 -1 -1 -65 -53 -41 -41 -46 -103 -110 -128 -110 -98 54 88 100 104 104 100 100 91 91 94 100 93 88 83 82 82 81 71 72 72 64 43 0 -1 -1 -1 -1 -1 -1 -1 -1 -1 -1 -1 -1 -1 -1 -1 -1 -1 -1 -41 -81 53 53 67 71 89 93 101 110 117 118 119 116 104 91 91 99 60 33 72 73 73 85 82 81 66 37 24 24 14 0 18 -13 -1 -1 -1 -1 -1 -1 -1 -1 -1 -1 -1 -1 -1 -1 -1 -1 -1 -1 -1 -1 -1 -1 -1 8 21 35 44 41 41 4 0 30 14 14 0 27 48 45 68 59 58 71 83 58 32 42 42 44 53 49 54 62 85 37 27 36 24 47 95 95 110 118 105 106 119 102 87 85 48 35 33 67 67 90 60 62 74 83 71 41 43 42 35 21 35 35 35 27 21 26 31 35 35 36 21 14 0 0 65 20 0 0 9 -128 -1 -1 -1 -1 -1 -3 -3 -11 -4 -4 -4 -3 -3 -3 -1 -1 -1 -1 -1 -1 -1 -1 -1 -1 -1 -1 -1 -1 -1 -1 -1 -1 -1 -1 -1 -1 -16 -31 -45 -65 -82 -82 -92 -88 -91 -91 -83 -89 -84 -96 -94 -94 -94 -94 -93 -93 -93 -93 -94 -92 -92 -98 -98 -115 -122 -100 -94 -94 -94 -93 -93 -91 -89 -91 -92 -93 -88 -89 -89 -87 -93 -93 -87 -87 -91 -92 -101 -91 -98 -97 -98 -97 -97 -100 -98 -106 -106 -98 -97 -101 -93 -100 -100 -100 -107 -103 -106 -102
104 104 102 89 100 105 105 100 79 97 107 106 100 97 77 77 95 106 104 104 104 105 105 95 102 105 105 107 101 107 108 108 108 101 113 107 93 104 110 105 107 104 104 106 114 114 113 116 111 107 106 107 106 107 108 116 102 85 85 0 0 38 104 118 77 104 106 107 114 108 108 105 111 117 117 87 96 108 104 105 101 97 99 99 102 99 101 100 101 107 119 111 100 96 93 89 89 85 85 74 71 20 76 83 87 89 94 100 102 102 105 105 104 107 104 102 100 96 89 95 97 90 90 87 74 49 0 0 67 79 83 79 76 78 78 79 78 81 77 76 68 74 82 90 100 93 96 96 97 107 104 97 99 90 99 111 113 85 88 95 95 101 106 102 111 112 110 113 118 119 108 107 74 74 110 111 114 118 112 119 118 116 117 114 108 96 96 93 85 73 71 72 61 50 55 60 56 45 45 0 -46 -1 -1 -58 -93 -58 -1 -1 -1 -1 -1 -1 -1 -1 -1 -65 -53 -41 -46 -103 -110 -128 -110 -98 -98 54 88 100 104 104 100 91 91 94 100 93 88 88 83 82 82 81 71 72 64 43 0 -1 -1 -1 -1 -1 -1 -1 -1 -1 -1 -1 -1 -1 -1 -1 -1 -1 -1 -1 -41 -81 53 67 71 89 93 101 110 110 117 118 119 116 104 91 99 60 33 72 73 73 73 85 82 81 66 37 24 14 0 18 -13 -1 -1 -1 -1 -1 -1 -1 -1 -1 -1 -1 -1 -1 -1 -1 -1 -1 -1 -1 -1 -1 -1 -1 8 21 35 44 44 41 41 4 0 30 14 0 27 48 45 68 59 59 58 71 83 58 32 42 44 53 49 54 62 85 85 37 27 36 24 47 95 110 118 105 106 119 102 102 87 85 48 35 33 67 90 60 62 74 83 71 71 41 43 42 35 21 35 35 27 21 26 31 31 35 35 36 21 14 0 65 20 0 0 9 -128 -128 -1 -1 -1 -1 -1 -3 -11 -4 -4 -4 -3 -3 -3 -3 -1 -1 -1 -1 -1 -1 -1 -1 -1 -1 -1 -1 -1 -1 -1 -1 -1 -1 -1 -1 -1 -16 -31 -45 -45 -65 -82 -82 -92 -88 -91 -83 -89 -84 -96 -94 -94 -94 -94 -94 -93 -93 -93 -94 -92 -92 -98 -98 -115 -115 -122 -100 -94 -94 -94 -93 -91 -89 -91 -92 -93 -88 -88 -89 -89 -87 -93 -93 -87 -91 -92 -101 -91 -98 -97 -97 -98 -97 -97 -100 -98 -106 -98 -97 -101 -93 -100 -100 -100 -100 -107 -103 -106 -102
104 104 105 102 91 102 105 100 81 97 107 106 101 101 100 78 77 93 104 104 104 105 105 95 102 107 107 105 107 102 110 108 108 102 111 106 94 104 111 111 107 108 105 105 107 113 113 116 111 110 108 107 107 106 107 108 119 110 104 87 0 22 100 118 77 77 104 106 108 114 107 105 111 119 117 87 96 96 107 104 105 101 100 99 101 101 101 100 102 107 107 123 112 100 97 93 89 88 81 59 0 3 74 74 83 85 89 94 97 101 106 106 104 108 106 105 105 100 96 89 94 97 90 88 83 74 66 0 58 58 76 83 79 76 79 79 79 81 77 76 68 68 74 81 90 101 95 100 100 110 105 97 99 90 90 99 111 113 85 88 95 100 106 102 112 111 110 110 113 118 120 110 106 78 106 111 114 118 111 119 119 118 116 117 114 108 96 90 85 71 71 71 61 61 52 56 60 54 44 0 -58 -1 -1 -73 -91 -91 -44 -1 -1 -1 -1 -1 -1 -1 -1 -1 -41 -64 -64 0 22 0 0 -128 20 54 88 100 104 104 100 100 91 91 94 100 95 87 83 82 82 82 70 71 71 64 47 0 -1 -1 -1 -1 -1 -1 -1 -1 -1 -1 -1 -1 -1 -1 -1 -1 -1 -1 -39 0 58 58 72 73 89 93 101 110 117 118 119 116 104 91 91 100 66 30 72 73 74 84 82 79 62 30 10 10 0 62 -1 -1 -1 -1 -1 -1 -1 -1 -1 -1 -1 -1 -1 -1 -1 -1 -1 -1 -1 -1 -1 -1 -1 -1 -1 0 31 37 44 41 41 37 2 4 0 0 18 32 48 45 68 58 56 71 84 58 32 41 41 42 50 53 56 64 85 36 25 36 24 47 95 95 112 118 105 106 120 101 85 88 52 36 31 62 62 90 59 60 72 82 71 43 44 43 36 24 36 36 33 27 21 26 31 35 38 36 21 14 0 0 0 0 0 0 0 -119 -16 -1 -1 -1 -1 -4 -4 -9 -4 -4 -4 -3 -2 -2 -1 -1 -1 -1 -1 -1 -1 -1 -1 -1 -1 -1 -1 -1 -1 -1 -1 -1 -1 -1 -1 -1 -14 -31 -45 -65 -83 -82 -92 -89 -92 -92 -83 -89 -86 -96 -94 -94 -94 -93 -92 -94 -93 -93 -93 -91 -92 -115 -126 -108 -97 -96 -93 -93 -94 -92 -92 -91 -89 -91 -92 -94 -89 -91 -89 -87 -93 -92 -87 -87 -91 -91 -101 -91 -98 -98 -98 -97 -97 -100 -97 -105 -105 -100 -98 -101 -93 -100 -100 -97 -107 -105 -107 -103
101 104 94 85 108 101 101 78 95 110 107 107 102 74 82 101 102 102 101 101 100 102 102 102 104 96 88 95 104 106 95 91 91 110 107 100 105 105 97 101 94 101 99 104 104 104 105 99 97 104 102 100 108 112 111 107 112 110 110 95 -58 0 105 117 74 106 111 116 113 107 107 111 112 119 96 91 105 106 105 104 97 96 101 101 101 101 101 102 107 117 119 117 116 102 95 90 90 85 74 0 0 62 77 84 88 89 93 95 91 91 102 101 101 105 107 104 101 104 99 101 94 94 94 90 90 83 74 0 43 68 78 77 78 81 81 77 81 78 77 74 71 76 84 95 104 94 97 97 104 96 88 91 87 89 106 117 96 72 89 95 95 97 96 96 100 105 111 114 118 118 113 108 93 93 96 111 107 108 114 117 113 112 118 113 111 90 90 84 81 70 71 67 60 55 60 56 49 37 37 -110 -1 -1 -44 -89 -72 -1 -1 -1 -1 -1 -1 -1 -1 -1 -1 -1 -50 33 45 31 22 0 0 37 37 66 90 97 101 97 96 88 88 84 90 88 81 81 88 84 89 85 62 70 55 44 22 22 -1 -1 -1 -1 -1 -1 -1 -1 -1 -1 -1 -1 -1 -1 -1 -1 -1 -1 -1 0 65 74 71 82 87 96 110 110 116 117 118 117 111 114 95 76 53 77 71 74 74 82 68 45 36 9 0 -40 -1 -1 -1 -1 -1 -1 -1 -1 -1 -1 -1 -1 -1 -1 -1 -1 -1 -1 -1 -1 -1 -1 -14 -35 -84 0 25 36 36 39 39 36 33 33 32 24 25 37 50 55 61 78 83 83 96 78 105 106 78 65 64 73 89 77 67 83 83 55 32 39 25 45 76 99 120 102 108 118 91 91 93 77 56 27 25 49 64 37 53 70 60 65 65 42 42 43 25 25 30 25 20 24 29 35 35 35 33 25 0 0 22 21 0 -68 -75 60 -72 -72 -35 -1 -1 -1 -1 -1 -11 -6 -6 -6 -3 -3 -3 -1 -1 -1 -1 -1 -1 -1 -1 -1 -1 -1 -1 -1 -1 -1 -1 -1 -1 -1 -1 -1 -17 -30 -44 -55 -55 -75 -82 -82 -79 -89 -89 -89 -89 -96 -94 -94 -94 -94 -93 -94 -94 -93 -92 -103 -116 -116 -110 -96 -96 -96 -97 -96 -94 -92 -93 -89 -89 -89 -92 -91 -91 -89 -89 -91 -93 -91 -93 -100 -94 -87 -91 -105 -92 -84 -100 -100 -96 -98 -101 -100 -100 -106 -96 -97 -103 -94 -97 -105 -105 -102 -98 -98 -98 -101
94 94 99 81 100 105 83 105 106 105 104 104 99 99 89 94 104 101 91 100 96 104 101 102 87 82 82 94 94 94 94 94 102 106 91 101 107 99 107 107 113 112 111 105 101 99 97 99 117 104 111 117 117 113 106 96 90 60 0 50 -69 0 95 118 79 79 108 114 117 114 117 117 117 107 94 101 107 107 106 105 100 95 100 102 102 102 100 105 111 119 119 117 118 116 119 95 87 78 16 0 64 78 84 84 87 89 90 91 90 89 95 93 96 105 101 101 101 104 99 93 94 97 91 95 88 83 66 0 0 0 61 78 78 82 78 77 78 78 78 73 74 74 77 87 99 87 89 95 102 93 87 90 89 91 91 100 93 74 82 88 91 93 95 99 105 106 114 114 116 118 111 107 106 95 76 101 101 111 110 112 112 102 111 117 110 101 87 79 65 68 70 70 61 61 59 62 54 41 31 -94 -1 -1 -56 12 0 0 -1 -1 -1 -1 -1 -1 -1 -1 -1 -1 -49 33 33 53 56 42 41 0 61 79 90 96 93 94 91 91 90 89 89 87 82 90 96 99 73 72 71 64 64 58 44 30 10 -1 -1 -1 -1 -1 -1 -1 -1 -1 -1 -1 -1 -1 -1 -1 -1 -1 -67 41 71 71 81 83 81 89 97 106 112 117 118 114 113 116 116 104 101 87 43 61 60 52 43 36 24 0 -9 -9 -1 -1 -1 -1 -1 -1 -1 -1 -1 -1 -1 -1 -1 -1 -1 -1 -1 -1 -1 -1 -41 19 35 42 4 4 36 36 42 35 39 36 38 39 39 48 52 52 67 71 68 84 110 99 111 112 111 110 111 104 104 101 106 91 59 65 94 107 74 39 25 53 64 64 68 107 74 95 119 91 87 58 64 22 16 42 42 43 33 55 76 66 50 43 47 42 27 38 24 24 19 22 24 25 0 26 25 16 0 -128 0 0 12 -88 -1 -1 -1 -1 -31 -1 -1 -1 -1 -1 -1 -1 -1 -6 -6 -3 -3 -1 -1 -1 -1 -1 -1 -1 -1 -1 -1 -1 -1 -1 -1 -1 -1 -1 -1 -1 -1 -1 -14 -23 -55 -56 -67 -73 -82 -89 -91 -89 -91 -91 -92 -89 -96 -93 -94 -94 -96 -93 -94 -108 -119 -119 -114 -93 -88 -100 -94 -94 -94 -94 -96 -93 -92 -89 -89 -91 -89 -94 -94 -91 -91 -88 -93 -97 -88 -87 -88 -88 -97 -89 -101 -92 -84 -98 -101 -100 -101 -98 -101 -105 -105 -94 -98 -102 -91 -96 -102 -94 -96 -97 -96 -101
101 88 100 102 91 100 100 106 101 101 104 104 93 95 101 106 100 88 81 81 96 101 87 87 89 97 102 107 112 107 108 110 110 110 112 111 102 107 116 112 112 116 112 105 113 113 107 119 118 117 116 113 110 110 99 116 95 22 22 0 -125 44 96 118 84 118 119 119 118 118 118 117 106 97 101 105 107 107 102 97 99 100 101 101 102 101 102 110 120 117 113 118 118 117 101 84 84 73 15 73 79 87 89 89 90 90 90 90 88 88 85 91 101 97 100 104 97 99 100 97 96 94 94 94 88 83 68 41 0 41 67 68 70 73 73 66 73 78 74 74 74 77 82 95 85 94 99 99 94 91 88 96 89 83 88 87 81 83 89 89 89 88 95 101 105 107 108 107 107 106 102 104 96 96 70 101 105 107 113 111 106 113 104 93 91 83 83 81 67 70 71 71 59 61 56 44 35 2 2 -1 -1 -83 -110 -53 -67 -1 -1 -1 -1 -1 -1 -1 -1 -1 -1 -42 2 0 67 78 65 67 71 73 73 84 95 88 90 97 97 99 99 95 97 95 101 101 101 89 65 67 66 66 53 38 26 -64 -1 -1 -1 -1 -1 -1 -1 -1 -1 -1 -1 -1 -1 -1 -1 -1 -1 -1 0 54 71 78 84 90 94 99 104 104 108 114 116 114 113 118 102 100 81 27 65 49 49 38 38 25 0 7 -1 -1 -1 -1 -1 -1 -1 -1 -1 -1 -1 -1 -1 -58 -45 -46 15 12 2 -1 -1 38 1 31 35 35 36 39 38 39 39 39 39 38 43 45 55 66 96 102 111 95 104 112 108 108 116 117 105 113 118 117 117 106 95 114 77 117 117 118 87 67 41 32 50 73 93 71 91 120 112 112 84 66 65 32 21 25 39 49 65 83 48 53 53 38 45 55 41 37 14 24 0 0 0 0 0 10 19 0 -128 -1 0 0 -6 -1 -1 -1 -1 -1 -91 -17 -1 -1 -1 -1 -1 -1 -1 -3 -3 -1 -1 -1 -1 -1 -1 -1 -1 -1 -1 -1 -1 -1 -1 -1 -1 -1 -1 -1 -1 -1 -12 -21 -31 -56 -67 -74 -74 -82 -92 -91 -89 -91 -91 -91 -91 -96 -96 -97 -97 -96 -102 -117 -121 -102 -92 -92 -89 -91 -98 -94 -94 -94 -96 -97 -97 -93 -93 -92 -89 -91 -94 -92 -92 -92 -92 -89 -91 -88 -87 -86 -88 -96 -97 -97 -92 -88 -98 -98 -101 -97 -100 -98 -98 -101 -96 -97 -97 -92 -94 -96 -96 -97 -105 -97 -97 -98
101 101 88 100 102 91 100 106 101 101 104 104 93 93 95 101 106 100 88 81 96 101 87 87 89 97 97 102 107 112 107 108 110 110 112 111 102 107 116 116 112 112 116 112 105 113 107 119 118 117 116 113 113 110 110 99 116 95 22 0 -125 44 96 118 84 84 118 119 119 118 118 117 106 97 101 105 107 107 107 102 97 99 100 101 102 101 102 110 120 117 117 113 118 118 117 101 84 73 15 73 79 87 89 89 89 90 90 90 90 88 85 91 101 97 100 104 104 97 99 100 97 96 94 94 88 83 68 41 0 0 41 67 68 70 73 66 73 78 74 74 74 74 77 82 95 85 94 99 94 91 88 96 89 83 83 88 87 81 83 89 89 88 95 101 105 107 108 108 107 107 106 102 104 96 70 101 105 107 113 111 111 106 113 104 93 91 83 81 67 70 71 71 59 59 61 56 44 35 2 -1 -1 -83 -110 -53 -67 -67 -1 -1 -1 -1 -1 -1 -1 -1 -1 -42 2 0 0 67 78 65 67 71 73 84 95 88 90 97 97 97 99 99 95 97 95 101 101 89 65 67 66 66 66 53 38 26 -64 -1 -1 -1 -1 -1 -1 -1 -1 -1 -1 -1 -1 -1 -1 -1 -1 -1 0 54 71 71 78 84 90 94 99 104 108 114 116 114 113 118 118 102 100 81 27 65 49 38 38 25 0 7 -1 -1 -1 -1 -1 -1 -1 -1 -1 -1 -1 -1 -1 -58 -58 -45 -46 15 12 2 -1 38 1 31 35 35 36 36 39 38 39 39 39 38 43 45 55 66 96 96 102 111 95 104 112 108 116 117 105 113 118 117 117 117 106 95 114 77 117 118 87 67 41 32 50 50 73 93 71 91 120 112 84 66 65 32 21 25 25 39 49 65 83 48 53 38 45 55 41 37 14 14 24 0 0 0 0 10 19 0 -128 -1 0 0 0 -6 -1 -1 -1 -1 -91 -17 -1 -1 -1 -1 -1 -1 -1 -1 -3 -3 -1 -1 -1 -1 -1 -1 -1 -1 -1 -1 -1 -1 -1 -1 -1 -1 -1 -1 -1 -1 -1 -12 -21 -31 -56 -67 -74 -82 -92 -91 -89 -91 -91 -91 -91 -91 -96 -96 -97 -96 -102 -117 -121 -102 -92 -92 -92 -89 -91 -98 -94 -94 -96 -97 -97 -93 -93 -92 -92 -89 -91 -94 -92 -92 -92 -89 -91 -88 -87 -86 -88 -88 -96 -97 -97 -92 -88 -98 -101 -97 -100 -98 -98 -101 -101 -96 -97 -97 -92 -94 -96 -97 -105 -97 -97 -98
93 87 90 81 104 104 104 101 99 102 104 101 97 96 104 99 68 74 83 83 104 101 102 104 106 108 108 110 99 88 107 107 107 105 105 110 111 112 111 105 107 113 111 113 114 114 113 114 113 114 114 112 120 116 118 117 110 97 97 1 14 71 106 119 84 118 117 117 116 114 114 107 99 101 104 105 107 107 100 97 100 101 101 101 102 102 106 112 118 117 119 118 120 111 105 89 89 83 83 87 89 91 93 93 90 90 87 88 89 89 84 93 100 88 94 97 97 95 95 96 90 90 90 91 91 88 77 64 39 0 0 25 49 50 50 45 67 77 74 77 77 78 81 82 78 87 96 96 97 89 83 96 85 90 90 81 83 93 94 79 79 90 95 99 104 108 96 110 113 107 107 105 101 101 74 111 105 104 107 108 105 104 93 94 91 83 83 81 68 71 73 62 62 58 55 43 24 -61 -61 -1 -59 -125 -128 -120 -1 -1 -1 -1 -1 -1 -1 -1 -1 -1 -1 -67 50 64 73 74 77 83 77 83 83 88 93 87 90 93 89 97 85 97 97 101 90 90 70 64 67 71 66 60 39 20 -128 -39 -1 -1 -1 -1 -1 -1 -1 -1 -1 -1 -1 -1 -1 -1 -1 -1 -1 -1 -53 49 73 83 87 97 100 100 105 105 107 113 114 113 105 105 99 99 85 25 58 48 48 38 24 0 22 -1 -1 -1 -1 -1 -1 -1 -1 -1 -1 -1 20 12 0 30 35 35 33 35 32 0 0 20 39 44 45 42 37 39 36 39 43 45 45 42 0 61 82 97 83 110 114 110 113 111 101 101 118 116 113 114 119 116 117 114 114 91 111 116 116 81 72 52 48 19 48 76 106 64 95 122 104 104 93 97 62 16 20 24 43 52 66 70 72 54 54 44 44 55 50 20 15 22 21 0 0 0 0 0 14 0 -74 -1 -88 -124 -70 -89 -1 -1 -1 -1 -108 -98 -1 -1 -1 -1 -1 -1 -1 -1 -1 -1 -1 -1 -1 -1 -1 -1 -1 -1 -1 -1 -1 -1 -1 -1 -1 -1 -1 -1 -8 -22 -21 -34 -56 -65 -74 -73 -73 -82 -91 -89 -88 -88 -88 -88 -94 -96 -94 -103 -103 -122 -111 -92 -88 -91 -91 -92 -92 -89 -97 -96 -96 -96 -98 -97 -97 -96 -96 -91 -89 -91 -92 -89 -91 -94 -94 -88 -88 -88 -88 -87 -91 -93 -100 -94 -97 -98 -105 -105 -98 -96 -100 -97 -96 -101 -96 -98 -96 -92 -91 -96 -96 -107 -110 -91 -97 -96
94 94 87 90 82 104 104 101 97 102 104 101 99 99 96 105 99 70 74 83 104 101 102 104 105 107 107 108 110 99 89 107 108 105 105 110 111 112 111 111 106 107 113 111 113 114 113 113 114 114 114 112 112 120 117 118 117 110 97 36 0 0 105 119 84 84 118 118 117 117 114 107 99 100 104 105 107 107 107 97 97 100 101 101 102 102 106 112 119 117 117 120 118 120 112 106 91 87 88 93 93 91 93 93 93 91 90 87 88 88 84 93 100 88 94 97 97 97 95 95 96 90 90 91 89 88 81 78 72 72 56 26 0 0 0 0 54 64 66 72 77 77 79 81 83 78 87 96 97 89 83 96 85 90 90 90 81 84 93 93 79 90 95 99 104 108 96 96 107 113 107 107 105 99 72 111 105 101 107 108 108 105 104 90 90 89 83 78 67 70 73 62 62 62 56 53 39 0 -1 -39 -93 30 18 -58 -1 -1 -1 -1 -1 -1 -1 -1 -1 -1 -1 -49 58 73 73 77 74 78 84 79 83 89 93 87 90 93 89 89 97 85 97 97 101 90 66 62 67 71 66 58 58 33 0 -44 -1 -1 -1 -1 -1 -1 -1 -1 -1 -1 -1 -1 -1 -1 -1 -1 -1 -1 -42 0 72 72 83 87 97 100 100 105 107 112 114 114 106 105 105 97 99 84 38 45 49 37 19 10 -1 -1 -1 -1 -1 -1 -1 -1 -1 -1 2 13 36 38 42 43 43 43 42 41 42 41 41 41 48 49 49 45 41 41 41 35 38 0 39 0 0 21 81 101 87 87 113 117 112 114 113 101 118 114 113 116 119 116 116 118 114 117 93 113 117 78 72 53 48 19 47 47 74 105 64 94 120 102 93 99 64 18 19 24 24 43 49 66 70 72 52 43 42 55 53 19 16 16 24 21 0 -1 0 0 0 0 -1 -1 -87 -87 -115 -128 -75 -1 -1 -67 -103 -98 -1 -1 -1 -1 -1 -1 -1 -1 -1 -1 -1 -1 -1 -1 -1 -1 -1 -1 -1 -1 -1 -1 -1 -1 -1 -1 -1 -1 -9 -21 -21 -21 -34 -56 -67 -74 -73 -82 -91 -89 -88 -88 -89 -89 -89 -96 -97 -120 -114 -93 -92 -92 -91 -91 -91 -91 -92 -92 -89 -96 -96 -96 -98 -97 -97 -94 -96 -92 -92 -89 -91 -92 -89 -91 -93 -88 -88 -88 -88 -86 -91 -91 -93 -100 -96 -97 -98 -103 -98 -96 -98 -97 -96 -101 -101 -96 -98 -94 -89 -89 -96 -105 -110 -92 -97 -96
67 73 85 101 102 102 102 101 100 102 100 99 99 101 101 79 84 91 102 102 101 94 99 95 102 105 104 102 89 89 105 99 99 95 95 104 108 104 105 99 105 113 113 114 114 114 114 114 112 113 113 117 117 114 113 95 96 16 16 0 -42 0 105 118 84 111 114 113 114 113 113 108 107 105 105 107 108 105 97 99 101 100 101 101 101 104 111 118 118 119 117 117 120 120 113 102 102 93 91 83 89 88 87 88 85 84 88 91 82 82 81 85 85 82 90 94 97 94 94 95 90 93 93 90 94 85 81 83 82 74 65 68 66 47 47 0 0 0 52 65 74 83 83 71 84 90 93 93 97 82 88 85 93 88 79 87 84 87 77 88 88 89 91 95 101 95 105 106 110 106 106 102 95 95 67 93 102 105 101 95 97 95 88 87 78 77 77 68 65 71 73 68 65 56 45 30 -51 -1 -1 10 37 35 19 -70 -1 -1 -1 -1 -1 -1 -1 -1 -1 -1 -1 -40 58 74 77 83 90 87 83 85 85 89 93 100 99 89 94 91 95 95 101 105 82 82 61 70 72 66 55 45 25 0 -1 -1 -1 -1 -1 -1 -45 -54 -60 -1 -1 -1 -1 -1 -1 -1 -1 -1 -1 -1 -1 0 76 89 89 93 94 97 104 104 106 106 114 97 91 94 90 93 84 58 26 49 49 35 1 0 -1 -1 -1 -1 -1 -1 -1 3 0 0 32 38 38 42 44 48 45 43 45 48 45 47 47 48 47 49 49 44 44 41 35 35 0 41 41 0 13 0 14 102 116 118 117 118 97 120 87 87 104 120 106 117 94 119 120 105 97 94 114 96 96 76 73 52 35 12 47 64 78 73 99 90 105 105 79 95 73 30 21 25 39 47 64 68 43 33 33 47 35 55 33 26 24 16 18 0 0 -128 -128 -105 -87 -1 -1 -36 -120 -83 -44 -1 -1 -1 -1 -1 -1 -20 -12 -1 -1 -1 -1 -1 -1 -1 -1 -1 -1 -1 -1 -1 -1 -1 -1 -1 -1 -1 -1 -1 -1 -1 -1 -1 -1 -20 -12 -26 -45 -44 -65 -74 -82 -81 -81 -82 -91 -89 -89 -91 -88 -89 -112 -121 -98 -93 -93 -93 -93 -93 -93 -93 -93 -92 -88 -98 -100 -98 -98 -98 -97 -97 -94 -96 -92 -87 -93 -91 -86 -86 -92 -94 -94 -88 -88 -92 -88 -88 -91 -93 -96 -94 -92 -91 -102 -102 -100 -96 -100 -97 -97 -101 -98 -100 -88 -77 -70 -101 -101 -115 -111 -89 -91 -96
72 72 102 106 100 93 102 101 101 99 100 97 99 99 102 90 77 88 97 101 88 83 85 88 88 90 90 96 100 91 93 90 90 104 108 105 100 104 104 104 99 104 112 105 97 107 106 104 111 111 108 111 111 107 99 88 88 38 16 65 -56 -107 100 114 68 68 106 111 112 107 111 111 108 105 104 106 105 105 102 97 100 100 102 100 102 108 117 119 119 118 118 116 116 118 120 114 107 99 93 89 88 87 83 83 81 84 85 85 84 79 83 85 81 87 96 94 94 89 89 91 90 91 91 89 83 76 83 87 83 83 81 81 81 71 59 52 33 0 0 52 68 68 76 72 77 87 89 93 96 83 87 85 89 81 81 79 89 82 74 79 85 91 91 90 99 101 104 104 104 106 104 102 100 95 72 96 104 88 102 99 99 95 91 87 81 74 67 68 67 77 77 68 65 65 55 38 0 -41 -42 2 47 36 0 -1 -1 -1 -1 -1 -1 -1 -1 -1 -1 -1 -1 -60 44 58 58 76 89 81 87 94 93 95 104 104 90 88 91 91 93 95 99 102 81 67 58 71 68 60 48 38 38 24 0 -1 -1 -1 -1 -42 -97 29 26 -114 -1 -1 -1 -1 -1 -1 -1 -1 -1 -1 -1 -67 74 74 89 89 93 95 97 105 104 104 93 84 88 90 90 83 89 88 72 27 41 30 0 55 -1 -1 -1 -1 -1 -1 -1 0 22 33 38 43 50 52 56 58 58 58 56 55 52 50 52 59 54 53 45 42 41 41 42 0 27 0 -50 36 0 77 93 108 101 101 110 119 118 97 112 91 105 118 119 120 118 122 122 117 116 116 117 123 110 120 114 113 41 7 43 43 68 64 107 56 59 107 97 71 64 42 14 22 22 33 45 58 58 30 27 33 36 39 37 33 19 19 15 20 20 0 -83 -63 -4 -1 -1 -83 -78 -78 -1 -1 -1 -1 -1 -1 -1 -1 -30 -1 -1 -1 -1 -1 -1 -1 -1 -1 -1 -1 -1 -1 -1 -1 -1 -1 -1 -1 -1 -1 -1 -1 -9 -16 -18 -42 -22 -45 -45 -54 -65 -72 -73 -84 -83 -81 -89 -88 -91 -91 -107 -107 -124 -101 -83 -96 -93 -93 -94 -94 -92 -93 -93 -93 -94 -101 -96 -94 -98 -97 -97 -96 -94 -93 -86 -92 -92 -100 -88 -86 -91 -89 -82 -83 -83 -89 -81 -86 -102 -102 -101 -102 -84 -81 -81 -94 -108 -100 -100 -100 -100 -100 -100 -101 -93 -78 -69 -68 -97 -105 -111 -89 -88 -103
72 102 106 100 93 102 102 101 101 99 100 97 99 102 90 77 88 97 101 101 88 83 85 88 88 90 96 100 91 93 90 90 90 104 108 105 100 104 104 99 104 112 105 97 107 107 106 104 111 111 108 111 107 99 88 88 38 16 16 65 -56 -107 100 114 68 106 111 112 107 111 111 111 108 105 104 106 105 102 97 100 100 102 100 100 102 108 117 119 119 118 116 116 118 120 114 107 107 99 93 89 88 87 83 81 84 85 85 84 79 79 83 85 81 87 96 94 89 89 91 90 91 91 91 89 83 76 83 87 83 81 81 81 71 59 59 52 33 0 0 52 68 76 72 77 87 89 93 93 96 83 87 85 89 81 79 89 82 74 79 85 85 91 91 90 99 101 104 104 106 104 102 100 95 95 72 96 104 88 102 99 95 91 87 81 74 67 67 68 67 77 77 68 65 55 38 0 -41 -42 -42 2 47 36 0 -1 -1 -1 -1 -1 -1 -1 -1 -1 -1 -1 -1 -60 44 58 76 89 81 87 94 93 93 95 104 104 90 88 91 93 95 99 102 81 67 67 58 71 68 60 48 38 24 0 -1 -1 -1 -1 -1 -42 -97 29 26 -114 -1 -1 -1 -1 -1 -1 -1 -1 -1 -1 -1 -67 74 89 89 93 95 97 105 105 104 104 93 84 88 90 83 89 88 72 27 41 41 30 0 55 -1 -1 -1 -1 -1 -1 0 22 33 33 38 43 50 52 56 58 58 56 55 52 50 52 52 59 54 53 45 42 41 42 0 27 0 -50 -50 36 0 77 93 108 101 110 119 118 97 112 91 91 105 118 119 120 118 122 117 116 116 117 123 110 110 120 114 113 41 7 43 68 64 107 56 59 107 107 97 71 64 42 14 22 33 45 58 58 30 27 27 33 36 39 37 33 19 15 20 20 0 -83 -83 -63 -4 -1 -1 -83 -78 -1 -1 -1 -1 -1 -1 -1 -1 -1 -30 -1 -1 -1 -1 -1 -1 -1 -1 -1 -1 -1 -1 -1 -1 -1 -1 -1 -1 -1 -1 -1 -1 -1 -9 -16 -18 -42 -22 -45 -54 -65 -72 -73 -84 -83 -83 -81 -89 -88 -91 -91 -107 -124 -101 -83 -96 -93 -93 -93 -94 -94 -92 -93 -93 -94 -101 -96 -94 -98 -97 -97 -97 -96 -94 -93 -86 -92 -100 -88 -86 -91 -89 -82 -82 -83 -83 -89 -81 -86 -102 -101 -102 -84 -81 -81 -94 -94 -108 -100 -100 -100 -100 -100 -101 -93 -78 -69 -68 -97 -97 -105 -111 -89 -88 -103
102 102 106 97 82 87 102 100 99 101 97 95 91 91 82 78 91 100 101 99 87 89 100 89 87 101 101 105 94 95 96 93 97 105 96 100 96 101 99 99 101 106 105 101 100 105 106 108 104 106 101 102 102 94 99 107 117 113 107 97 78 0 35 111 74 74 113 114 106 111 112 110 110 108 106 106 99 99 97 97 100 101 101 101 104 111 120 117 119 117 117 118 116 119 118 118 112 106 97 93 87 79 74 74 81 82 77 82 81 82 84 85 85 88 87 88 88 90 93 93 94 91 87 87 83 85 84 83 78 78 78 79 78 81 77 68 58 49 0 32 54 54 64 77 82 87 91 97 95 90 93 76 68 67 67 84 94 66 70 79 84 88 88 81 96 95 96 96 105 104 97 97 95 102 77 78 89 91 101 94 94 94 90 88 78 71 71 68 71 76 76 72 62 62 52 32 0 -1 0 55 47 33 0 -1 -1 -1 -1 -1 -1 -1 -1 -1 -1 -1 -1 -1 0 42 42 73 73 83 102 108 107 102 95 91 94 90 90 90 95 99 95 70 59 59 65 70 64 52 41 33 33 0 -45 -1 -1 -1 -67 0 44 49 43 22 0 0 -1 -1 -1 -1 -1 -1 -1 -1 -1 -55 73 73 89 91 93 96 99 97 100 100 89 84 83 83 83 82 90 79 68 26 31 15 0 -1 -1 -1 -1 -1 -1 -53 0 0 38 43 50 56 60 61 60 62 62 58 56 49 52 56 61 68 68 53 0 0 41 41 42 0 -53 -59 -74 77 91 105 83 83 105 105 117 111 118 101 117 114 118 117 111 119 118 114 114 108 117 113 112 111 100 123 114 100 67 15 42 42 58 64 106 56 71 95 94 64 58 45 15 20 20 26 44 50 44 41 27 36 25 43 33 21 15 15 21 12 15 0 -1 -1 -1 -1 -1 -1 -1 -1 -1 -1 -1 -1 -1 -1 -1 -1 -37 -1 -1 -1 -1 -1 -1 -1 -1 -1 -1 -1 -1 -1 -1 -1 -1 -1 -1 -1 -1 -13 -12 -9 -11 -18 -30 -44 -55 -55 -55 -65 -75 -81 -69 -83 -91 -89 -89 -100 -116 -117 -106 -106 -94 -77 -68 -100 -94 -78 -72 -91 -92 -91 -92 -92 -87 -81 -67 -77 -100 -94 -96 -96 -94 -89 -86 -94 -94 -98 -87 -86 -94 -83 -78 -78 -78 -70 -70 -100 -102 -102 -100 -101 -92 -87 -79 -83 -88 -96 -97 -91 -94 -97 -97 -91 -88 -77 -68 -100 -101 -106 -108 -93 -88 -100
102 104 97 82 87 102 102 102 99 102 97 97 90 82 78 91 100 101 99 99 85 89 100 89 88 101 105 94 97 96 90 97 97 105 96 100 96 101 96 99 106 105 99 100 105 105 106 108 104 105 101 101 94 99 107 118 119 116 116 105 79 0 91 108 73 113 114 107 111 112 112 110 110 107 106 106 99 97 97 101 101 101 101 101 102 110 120 118 119 118 118 116 118 117 118 112 112 106 100 93 87 79 74 81 82 78 82 79 82 82 85 85 85 88 85 88 90 94 93 93 91 87 87 85 83 85 84 83 78 78 79 78 82 82 82 77 73 60 0 -128 0 48 73 82 87 91 97 97 95 90 93 76 66 67 83 94 66 68 79 84 84 87 88 81 96 95 96 104 104 99 97 95 100 100 88 67 89 91 101 94 94 90 87 78 71 71 71 68 71 76 76 72 62 50 36 0 0 0 0 61 53 33 9 -1 -1 -1 -1 -1 -1 -1 -1 -1 -1 -1 -1 -1 0 42 73 73 83 105 108 108 108 104 97 91 93 90 90 94 96 95 72 59 58 58 65 67 61 49 32 3 -45 -1 -1 -1 -51 -112 -112 43 56 56 52 35 25 -59 -1 -1 -1 -1 -1 -1 -1 -1 -1 -46 70 87 90 94 96 99 97 97 100 99 89 83 83 83 82 90 79 67 42 15 15 15 3 67 -1 -1 -64 19 0 0 0 12 41 41 50 58 62 64 64 66 61 60 54 53 55 64 64 72 72 54 0 0 33 35 0 -98 -84 -110 -110 0 93 108 87 83 105 116 111 118 101 118 114 114 119 118 111 119 118 116 108 117 112 113 113 102 102 122 117 104 70 14 42 55 62 105 54 71 94 94 94 64 58 44 15 20 26 44 49 42 41 25 25 35 22 42 31 18 10 16 7 0 0 -1 -1 -1 -1 -1 -1 -1 -1 -1 -1 -1 -1 -1 -1 -1 -1 -1 -20 -14 -1 -1 -1 -1 -1 -1 -1 -1 -1 -1 -1 -1 -1 -1 -1 -1 -1 -1 -12 -11 -8 -8 -11 -18 -30 -44 -55 -54 -67 -75 -81 -69 -83 -92 -92 -107 -119 -110 -93 -89 -97 -96 -77 -69 -100 -97 -97 -78 -72 -92 -92 -91 -92 -83 -82 -68 -78 -100 -93 -93 -96 -96 -96 -89 -86 -94 -98 -87 -86 -93 -83 -78 -78 -77 -79 -69 -72 -100 -105 -100 -101 -92 -88 -78 -83 -83 -89 -94 -96 -91 -94 -100 -89 -91 -77 -68 -100 -101 -101 -107 -108 -94 -88 -98
101 101 100 87 81 101 105 100 100 96 85 87 87 87 90 96 101 100 99 90 90 104 100 95 100 97 97 94 100 96 93 94 95 99 104 97 101 106 112 112 113 112 112 110 116 116 116 111 104 108 105 111 111 107 119 119 118 117 106 85 -1 -111 95 104 76 76 114 117 114 112 113 111 113 107 107 105 101 101 99 99 101 101 101 101 104 112 118 118 114 113 113 118 114 117 116 118 117 111 110 96 89 88 88 88 87 85 82 85 84 84 84 84 85 88 89 88 88 88 89 89 89 91 91 87 90 85 83 83 82 82 79 78 81 83 82 73 72 66 55 0 -128 -128 0 54 85 85 91 99 91 96 73 66 76 77 77 79 71 64 77 81 85 82 79 87 90 91 99 99 101 101 99 99 96 91 81 59 88 94 93 91 91 94 90 79 77 68 74 67 68 67 72 71 64 64 53 44 50 58 62 64 52 27 0 -1 -1 -1 -1 -1 -1 -1 -1 -1 -1 -1 -1 -63 35 60 60 81 67 91 110 94 91 105 102 91 89 87 88 88 91 85 71 62 59 60 64 61 54 38 16 -58 -58 -1 -1 -1 -1 -70 32 53 64 64 59 48 31 31 10 -1 -1 -1 -1 -1 -1 -1 -1 -14 31 31 73 83 91 96 97 97 100 97 94 87 85 74 74 83 84 68 66 52 0 10 0 7 9 0 32 32 38 41 45 0 -103 0 43 55 64 70 73 78 78 81 78 67 49 62 81 85 85 66 0 32 36 36 0 -46 -126 0 0 0 0 70 87 110 106 106 97 97 114 102 117 119 107 117 112 122 116 94 94 119 120 105 120 114 122 113 81 87 61 6 44 44 58 56 83 48 91 100 99 74 68 44 15 20 20 29 44 52 48 37 32 33 29 39 27 8 12 12 7 0 48 -1 -1 -1 -1 -1 -1 -1 -1 -1 -1 -1 -1 -1 -1 -1 -1 -1 -1 -37 -1 -1 -1 -1 -1 -1 -1 -1 -1 -1 -1 -1 -1 -1 -1 -1 -1 -1 -11 -12 -23 -17 -25 -34 -55 -55 -65 -65 -65 -74 -74 -77 -91 -119 -117 -98 -88 -91 -91 -98 -97 -97 -93 -77 -72 -102 -87 -70 -63 -97 -97 -87 -88 -88 -78 -70 -61 -70 -107 -92 -96 -93 -96 -93 -91 -94 -94 -96 -86 -89 -84 -78 -78 -69 -68 -59 -54 -97 -101 -101 -105 -111 -87 -78 -70 -70 -89 -105 -86 -79 -96 -101 -101 -86 -75 -77 -73 -111 -93 -98 -105 -96 -91 -97
94 89 83 84 101 101 101 97 94 78 83 85 89 99 100 100 94 85 84 84 97 97 100 95 104 106 105 107 106 108 107 111 111 110 108 112 112 113 113 112 112 113 113 114 113 113 114 113 118 117 118 116 117 120 112 108 100 90 90 42 -102 -128 56 113 79 117 117 113 112 114 114 112 114 110 107 104 105 101 100 100 101 101 101 101 104 108 119 119 117 118 116 113 118 114 116 118 118 114 110 96 95 93 88 89 87 87 84 84 82 82 84 84 85 85 87 87 88 89 90 85 88 85 85 84 85 83 87 84 83 82 82 83 76 76 76 73 72 67 65 54 -28 0 53 76 77 84 88 88 88 85 71 84 67 65 67 68 78 82 87 77 77 77 85 88 91 93 91 100 100 96 97 91 90 90 90 62 89 88 90 95 93 88 79 73 70 68 68 65 64 67 71 70 60 53 58 66 72 70 70 64 50 24 13 -1 -1 -1 -1 -1 -1 -1 -1 -1 -1 -1 -1 3 53 64 64 76 88 93 91 96 96 107 106 87 83 89 93 89 66 65 60 60 62 62 65 59 49 39 0 -49 -1 -1 -1 -1 0 39 39 61 70 70 62 54 36 12 -22 -1 -1 -1 -1 -1 -1 -1 -1 -1 16 65 81 91 95 97 97 97 97 91 88 89 82 77 84 64 60 60 43 2 2 39 39 37 35 36 42 48 53 38 0 -128 0 0 38 58 74 81 85 87 89 88 78 54 73 90 90 89 116 45 0 60 35 0 0 0 0 27 27 42 0 0 99 114 90 107 108 91 111 116 85 85 84 117 119 116 105 88 116 112 95 119 113 91 91 89 79 64 30 16 44 58 65 78 58 96 82 82 79 82 54 53 14 33 38 43 45 24 32 27 27 30 30 29 4 0 0 0 45 -88 -77 -1 -1 -1 -1 -1 -1 -1 -1 -1 -1 -1 -1 -1 -1 -1 -1 -1 -1 -31 -2 -1 -1 -1 -1 -1 -1 -1 -1 -1 -1 -1 -1 -1 -1 -1 -1 -11 -18 -40 -37 -37 -56 -55 -65 -74 -73 -74 -74 -102 -106 -100 -94 -89 -89 -91 -61 -91 -96 -96 -96 -96 -94 -96 -98 -82 -82 -77 -89 -101 -94 -86 -84 -74 -68 -60 -63 -100 -96 -96 -94 -93 -96 -100 -94 -88 -91 -84 -94 -94 -77 -70 -70 -61 -56 -72 -92 -101 -107 -105 -92 -77 -60 -40 -67 -67 -88 -97 -70 -75 -101 -87 -70 -60 -58 -89 -94 -72 -72 -70 -93 -107 -96 -93
94 94 89 83 84 101 101 97 94 78 83 85 89 89 99 100 100 94 85 84 97 97 100 95 104 106 106 105 107 106 108 107 111 110 108 112 112 113 113 113 112 112 113 113 114 113 114 113 118 117 118 116 116 117 120 112 108 100 90 42 -102 -128 56 113 79 79 117 117 113 112 114 112 114 110 107 104 105 105 101 100 100 101 101 101 104 108 119 119 117 118 118 116 113 118 114 116 118 114 110 96 95 93 88 88 89 87 87 84 84 82 84 84 85 85 87 87 87 88 89 90 85 88 85 84 85 83 87 84 83 83 82 82 83 76 76 73 72 67 65 54 -28 -28 0 53 76 77 84 88 88 85 71 84 67 65 65 67 68 78 82 87 77 77 85 88 91 93 91 91 100 100 96 97 91 90 90 62 89 88 90 95 95 93 88 79 73 70 68 65 64 67 71 70 60 60 53 58 66 72 70 64 50 24 13 -1 -1 -1 -1 -1 -1 -1 -1 -1 -1 -1 -1 3 53 64 64 64 76 88 93 91 96 107 106 87 83 89 93 93 89 66 65 60 60 62 65 59 49 39 0 -49 -49 -1 -1 -1 -1 0 39 61 70 70 62 54 36 36 12 -22 -1 -1 -1 -1 -1 -1 -1 -1 16 16 65 81 91 95 97 97 97 91 88 89 82 77 77 84 64 60 60 43 2 39 39 37 35 36 42 42 48 53 38 0 -128 0 38 58 74 81 85 87 87 89 88 78 54 73 90 89 116 45 0 60 35 35 0 0 0 0 27 42 0 0 99 114 90 90 107 108 91 111 116 85 84 117 119 116 105 88 88 116 112 95 119 113 91 89 79 64 30 16 44 44 58 65 78 58 96 82 79 82 54 53 14 33 33 38 43 45 24 32 27 30 30 29 4 0 0 0 0 45 -88 -77 -1 -1 -1 -1 -1 -1 -1 -1 -1 -1 -1 -1 -1 -1 -1 -1 -1 -31 -2 -1 -1 -1 -1 -1 -1 -1 -1 -1 -1 -1 -1 -1 -1 -1 -1 -1 -11 -18 -40 -37 -56 -55 -65 -74 -73 -74 -74 -74 -102 -106 -100 -94 -89 -91 -61 -91 -96 -96 -96 -96 -96 -94 -96 -98 -82 -77 -89 -101 -94 -86 -84 -84 -74 -68 -60 -63 -100 -96 -94 -93 -96 -100 -94 -88 -88 -91 -84 -94 -94 -77 -70 -61 -56 -72 -92 -101 -107 -107 -105 -92 -77 -60 -40 -67 -88 -97 -70 -75 -101 -87 -87 -70 -60 -58 -89 -94 -72 -70 -93 -107 -96 -93
95 93 94 96 100 100 100 96 93 90 89 90 100 100 96 85 87 89 91 91 99 91 90 93 105 101 105 105 97 99 104 106 106 100 102 105 99 108 102 107 107 107 107 110 108 108 107 113 114 110 112 104 108 105 93 88 88 82 82 24 0 29 102 114 76 114 114 110 114 114 114 118 119 112 105 104 101 101 101 100 101 101 101 101 105 111 118 118 118 116 114 114 119 110 116 118 118 113 108 112 105 94 91 87 87 87 87 87 85 85 84 85 84 85 88 89 88 88 89 89 88 84 84 85 85 85 83 79 77 82 82 79 76 71 71 73 70 68 71 59 37 0 0 0 0 68 71 71 94 90 84 59 56 70 73 73 83 85 87 79 79 83 84 87 90 87 85 94 95 93 90 88 90 90 91 56 87 88 88 94 93 88 79 74 68 71 71 66 67 70 70 64 58 55 64 77 72 72 72 56 50 37 0 -37 -1 -1 -1 -1 -1 -1 -1 -1 -1 -1 -1 0 55 66 74 82 85 85 91 95 95 101 105 78 79 95 97 74 65 62 61 61 60 60 62 55 50 43 30 20 -1 -1 -1 -94 24 53 53 66 71 68 67 60 41 24 19 -1 -1 -1 -1 -1 -1 -1 -1 -1 15 59 77 91 95 95 95 95 91 88 84 78 74 73 71 61 54 54 56 42 42 49 62 58 52 54 53 53 49 38 27 0 0 0 31 60 74 87 102 100 104 91 87 59 76 101 101 90 104 105 99 64 44 0 0 55 -128 49 49 64 70 96 110 108 89 107 95 77 106 105 91 91 107 118 89 108 119 89 111 114 116 122 95 93 93 78 81 39 15 31 31 42 60 73 45 84 88 88 70 61 37 36 26 27 42 38 37 36 25 20 20 0 13 0 0 -128 -41 -1 -1 -72 -122 -1 -1 -1 -1 -1 -1 -1 -1 -1 -1 -1 -1 -1 -1 -1 -1 -1 -1 -3 -34 -1 -1 -1 -1 -1 -1 -1 -1 -1 -1 -1 -1 -1 -1 -1 -17 -16 -26 -45 -55 -55 -64 -74 -73 -82 -91 -108 -112 -75 -53 -59 -83 -92 -92 -93 -70 -93 -94 -96 -98 -97 -94 -91 -91 -92 -92 -93 -94 -98 -92 -86 -83 -78 -69 -70 -92 -106 -94 -94 -98 -94 -93 -93 -86 -87 -88 -87 -97 -87 -77 -68 -68 -60 -49 -94 -101 -107 -115 -93 -87 -68 -59 -60 -78 -78 -98 -79 -69 -91 -101 -87 -68 -53 -60 -83 -84 -50 -50 -45 -92 -106 -106 -101
95 95 94 94 96 101 100 96 93 90 89 90 99 99 100 96 85 88 90 91 99 90 90 94 104 101 101 105 105 97 99 104 106 101 102 105 100 108 104 104 108 107 107 108 111 108 110 113 114 110 108 96 96 100 93 78 35 30 62 0 0 83 107 116 76 76 114 114 110 114 114 118 119 113 105 101 101 101 101 101 100 101 101 101 105 111 118 119 118 116 116 114 114 119 110 116 118 113 110 113 107 95 91 91 87 87 87 87 87 85 84 87 84 85 88 89 89 88 88 89 89 88 85 85 85 85 83 79 77 77 82 81 79 76 71 73 70 71 76 68 53 53 55 54 52 59 0 64 87 79 78 58 55 70 70 73 73 83 85 87 79 83 84 87 90 84 85 85 91 94 91 90 89 90 91 56 87 88 88 93 93 93 85 79 73 70 71 66 67 71 71 62 49 49 48 59 76 74 72 56 49 32 14 -58 -1 -1 -1 -1 -1 -1 -1 -1 -1 -1 -96 21 55 66 66 74 81 83 85 91 97 100 104 76 78 94 95 95 74 65 61 59 60 60 62 56 50 44 35 19 19 -1 -1 -56 15 47 58 67 68 68 67 60 44 44 29 0 -1 -1 -1 -1 -1 -1 -1 -1 9 9 58 77 91 94 96 95 91 88 84 77 74 73 73 71 61 55 54 58 61 36 66 62 54 53 49 49 48 39 0 0 4 18 0 60 77 89 105 104 104 107 94 88 60 77 102 93 105 110 111 73 53 53 0 0 73 0 0 77 81 105 113 107 88 88 105 95 76 105 102 91 107 118 89 106 119 89 89 111 114 114 122 95 95 76 79 36 13 32 31 31 41 59 72 44 81 85 65 59 35 33 26 27 27 42 37 33 30 18 15 0 0 0 56 -47 -1 -1 -1 -1 -1 -1 -1 -1 -1 -1 -1 -1 -1 -1 -1 -1 -1 -1 -1 -1 -1 -1 -1 -1 -35 -1 -1 -1 -1 -1 -1 -1 -1 -1 -1 -1 -1 -1 -1 -1 -1 -17 -17 -27 -45 -55 -64 -74 -83 -112 -102 -84 -84 -83 -64 -51 -59 -83 -91 -92 -70 -94 -94 -96 -97 -97 -97 -94 -91 -91 -92 -93 -94 -98 -92 -84 -83 -83 -77 -67 -70 -94 -107 -96 -98 -94 -93 -93 -86 -87 -87 -88 -87 -98 -87 -77 -69 -60 -49 -93 -100 -107 -116 -116 -92 -87 -69 -60 -59 -78 -98 -78 -69 -91 -101 -87 -87 -68 -51 -60 -83 -83 -50 -45 -92 -108 -106 -101
94 93 94 79 99 100 100 94 89 85 97 99 101 78 97 99 96 89 102 102 87 95 93 94 91 95 100 89 95 100 101 96 96 101 102 93 99 94 99 101 101 102 101 100 102 102 107 104 100 91 85 73 65 29 25 -45 -44 -88 -88 -128 3 100 110 106 72 110 110 107 111 119 119 118 117 102 102 101 101 102 101 100 100 101 102 102 105 111 116 117 116 114 113 114 116 113 119 119 119 114 114 119 117 102 93 89 89 87 87 85 87 87 87 82 82 88 84 87 87 87 89 90 85 84 84 83 83 83 82 81 82 82 77 73 64 74 74 83 81 81 84 76 73 66 66 59 62 0 0 0 0 0 42 52 77 78 79 82 84 83 87 81 81 88 90 93 83 82 79 83 85 81 82 81 83 83 85 54 79 85 87 91 97 83 78 71 67 67 67 73 74 76 66 58 9 1 49 71 70 76 76 60 43 20 0 -1 -1 -1 -1 -1 -1 -1 -1 -1 -1 -1 -47 0 58 66 77 81 77 83 96 99 99 99 99 76 82 89 73 64 64 60 61 59 58 58 59 55 50 44 38 0 0 7 0 38 52 61 61 67 67 67 68 66 50 41 29 -61 -1 -1 -1 -1 -1 -1 -1 -1 0 59 72 85 87 89 89 89 90 89 81 77 73 68 65 56 56 58 60 59 59 22 52 47 37 35 1 14 -59 -1 -40 -1 -1 -1 0 68 88 99 117 119 118 116 90 66 78 79 79 106 113 111 117 83 79 19 79 77 94 105 105 105 105 113 97 78 82 101 96 83 107 94 112 112 119 96 104 120 114 104 120 111 102 118 95 83 83 81 72 45 35 42 25 43 54 60 37 47 31 31 44 35 38 45 42 22 37 35 32 16 0 0 0 0 50 -1 -1 -1 -1 -70 -1 -1 -1 -1 -1 -1 -1 -1 -1 -1 -1 -1 -1 -1 -1 -1 -1 -1 -1 -1 -1 -1 -11 -22 -1 -1 -1 -1 -1 -1 -1 -1 -1 -1 -1 -1 -1 -13 -21 -28 -42 -54 -67 -67 -75 -103 -98 -84 -77 -82 -91 -78 -51 -69 -93 -91 -91 -91 -100 -96 -93 -94 -96 -96 -93 -89 -89 -91 -91 -91 -89 -88 -86 -87 -87 -89 -97 -103 -108 -102 -98 -98 -94 -83 -91 -93 -82 -91 -92 -89 -98 -89 -81 -77 -77 -88 -103 -100 -107 -107 -97 -88 -77 -69 -77 -96 -101 -101 -97 -69 -64 -91 -102 -83 -82 -87 -103 -103 -79 -60 -60 -78 -93 -106 -112 -98
87 87 90 84 89 97 96 96 94 97 97 97 84 84 100 99 100 93 104 94 99 101 99 95 95 94 94 96 101 100 100 105 110 110 113 111 97 97 99 99 100 101 95 97 108 106 95 97 97 97 94 3 3 0 0 26 -84 -88 -128 -121 82 105 108 111 87 87 117 110 106 112 114 106 99 101 102 101 101 101 102 102 101 99 99 101 106 107 116 118 119 117 117 113 118 114 119 118 114 118 117 113 118 112 104 104 95 95 89 88 87 87 85 84 85 81 85 82 82 84 85 85 85 87 85 84 83 82 82 82 83 83 79 74 73 71 81 79 84 88 77 76 76 76 78 78 70 53 60 60 50 0 0 58 81 67 67 76 84 79 85 81 87 89 94 83 78 70 76 76 82 85 79 81 81 82 79 54 66 85 87 91 91 96 89 76 65 66 68 71 67 67 70 54 13 13 24 2 67 70 74 58 41 0 -1 -1 -1 -1 -1 -1 -1 -1 -1 -1 -1 -1 -1 0 55 70 70 76 78 70 81 95 93 82 82 81 85 82 66 66 65 61 61 62 55 56 58 56 53 50 45 39 39 36 36 41 49 58 66 66 67 67 67 62 61 61 52 32 8 -1 -1 -1 -1 -1 -1 0 35 35 61 70 84 83 87 87 87 77 78 83 71 68 68 70 65 59 60 59 55 21 41 38 2 19 -41 -41 -1 -1 -1 -1 -1 0 52 84 102 97 112 120 120 112 99 89 89 112 108 117 111 120 89 89 83 83 91 111 97 54 110 116 108 101 102 82 88 88 100 93 93 107 106 107 110 104 118 111 111 100 100 118 84 105 110 94 83 61 68 62 58 27 24 24 39 48 58 65 48 42 35 48 47 41 27 14 14 21 0 0 0 3 65 54 -73 -81 -1 -1 -70 -70 -126 -1 -1 -1 -1 -1 -1 -1 -1 -1 -1 -1 -1 -1 -1 -1 -1 -1 -1 -1 -1 -1 -1 -37 -37 -1 -1 -1 -1 -1 -1 -1 -1 -1 -1 -11 -14 -14 -28 -35 -54 -54 -67 -94 -106 -84 -78 -89 -88 -91 -91 -92 -86 -87 -92 -91 -89 -92 -96 -93 -94 -94 -94 -94 -94 -92 -87 -88 -88 -89 -88 -88 -86 -91 -101 -101 -100 -101 -97 -100 -97 -88 -82 -83 -97 -100 -88 -92 -92 -93 -91 -97 -96 -97 -84 -98 -105 -106 -108 -100 -93 -93 -91 -89 -84 -101 -106 -106 -94 -84 -94 -103 -108 -100 -100 -97 -106 -107 -106 -103 -82 -96 -107 -106 -111 -102
87 90 84 89 97 96 96 96 94 97 97 97 84 100 99 100 93 104 94 94 99 101 99 95 95 94 96 101 100 100 105 110 110 110 113 111 97 97 99 100 101 95 97 108 106 106 95 97 97 97 94 3 0 0 26 -84 -88 -128 -128 -121 82 105 108 111 87 117 110 106 112 114 114 106 99 101 102 101 101 102 102 101 99 99 101 101 106 107 116 118 119 117 113 118 114 119 118 114 114 118 117 113 118 112 104 95 95 89 88 87 87 87 85 84 85 81 85 82 84 85 85 85 87 85 85 84 83 82 82 82 83 79 74 73 71 81 81 79 84 88 77 76 76 78 78 70 53 60 60 60 50 0 0 58 81 67 76 84 79 85 81 87 87 89 94 83 78 70 76 82 85 79 81 81 82 82 79 54 66 85 87 91 96 89 76 65 66 68 68 71 67 67 70 54 13 24 2 67 70 74 74 58 41 0 -1 -1 -1 -1 -1 -1 -1 -1 -1 -1 -1 -1 -1 0 55 70 76 78 70 81 95 93 93 82 82 81 85 82 66 65 61 61 62 55 56 56 58 56 53 50 45 39 36 36 41 49 58 66 66 66 67 67 67 62 61 52 32 8 -1 -1 -1 -1 -1 -1 -1 0 35 61 70 84 83 87 87 87 87 77 78 83 71 68 70 65 59 60 59 55 55 21 41 38 2 19 -41 -1 -1 -1 -1 -1 0 0 52 84 102 97 112 120 112 99 89 89 112 108 108 117 111 120 89 89 83 91 111 97 54 110 110 116 108 101 102 82 88 100 93 93 107 106 107 107 110 104 118 111 111 100 118 84 105 110 94 83 83 61 68 62 58 27 24 39 48 58 65 48 42 42 35 48 47 41 27 14 21 0 0 0 3 65 65 54 -73 -81 -1 -1 -70 -126 -1 -1 -1 -1 -1 -1 -1 -1 -1 -1 -1 -1 -1 -1 -1 -1 -1 -1 -1 -1 -1 -1 -1 -37 -1 -1 -1 -1 -1 -1 -1 -1 -1 -1 -1 -11 -14 -28 -35 -54 -54 -67 -94 -94 -106 -84 -78 -89 -88 -91 -92 -86 -87 -92 -91 -89 -89 -92 -96 -93 -94 -94 -94 -94 -92 -87 -88 -88 -88 -89 -88 -88 -86 -91 -101 -100 -101 -97 -100 -97 -88 -88 -82 -83 -97 -100 -88 -92 -93 -91 -97 -96 -97 -84 -84 -98 -105 -106 -108 -100 -93 -91 -89 -84 -101 -106 -106 -106 -94 -84 -94 -103 -108 -100 -97 -106 -107 -106 -103 -82 -82 -96 -107 -106 -111 -102
76 76 94 94 95 96 95 94 93 95 96 76 79 79 99 99 87 91 97 94 100 95 102 104 101 101 101 102 101 96 95 102 106 107 108 105 106 106 110 110 114 113 114 118 113 100 96 105 99 100 95 60 60 101 33 93 27 -86 -84 71 93 112 118 116 74 74 106 112 107 111 106 105 105 105 107 102 102 102 105 102 100 97 100 102 106 107 113 118 118 116 116 119 118 116 117 113 116 114 117 116 114 114 114 114 108 99 93 94 88 87 87 85 87 87 81 79 79 85 83 83 87 85 84 87 84 84 82 81 78 78 70 71 84 83 83 84 89 87 77 82 79 79 79 81 87 83 81 58 72 76 55 0 0 71 71 73 95 95 64 74 79 78 82 77 65 74 81 81 84 87 78 79 79 81 73 55 22 82 88 90 90 91 94 70 72 66 65 65 66 70 62 53 19 19 26 58 64 68 73 59 36 0 -1 -1 -1 -1 -1 -1 -1 -1 -1 -1 -1 -1 -1 -54 58 66 66 72 74 77 85 89 89 74 85 88 82 77 71 71 64 60 61 60 56 56 55 55 55 53 50 48 48 48 49 53 59 64 64 70 67 67 68 65 65 65 55 35 0 -1 -1 -1 -1 -1 0 27 50 50 62 70 82 78 76 79 76 76 78 83 68 67 67 67 65 61 59 56 47 10 18 9 -1 -1 -1 -1 -1 -1 -1 -1 -65 58 83 105 114 110 119 120 120 113 93 110 119 119 96 118 118 99 83 94 100 100 116 116 87 76 106 110 99 107 95 74 78 78 87 84 93 101 87 111 110 118 120 90 108 104 104 112 110 110 94 95 85 87 54 65 18 32 14 14 50 49 65 45 53 64 38 55 37 25 18 3 3 0 0 6 60 -1 -1 -69 -114 52 -69 -70 -128 -128 -51 -1 -1 -1 -1 -1 -1 -1 -1 -1 -1 -1 -1 -1 -1 -1 -1 -1 -1 -1 -1 -1 -1 -26 -26 -1 -1 -1 -1 -1 -1 -1 -1 -12 -13 -9 -22 -22 -44 -55 -58 -94 -114 -94 -79 -78 -83 -89 -88 -88 -88 -88 -88 -84 -86 -83 -89 -91 -94 -96 -93 -93 -93 -93 -93 -91 -88 -86 -86 -89 -89 -89 -97 -101 -101 -101 -97 -97 -97 -98 -92 -78 -100 -102 -100 -98 -94 -87 -87 -86 -89 -92 -92 -86 -86 -84 -100 -97 -98 -96 -94 -94 -83 -91 -101 -107 -101 -101 -105 -98 -112 -111 -103 -87 -87 -103 -111 -107 -97 -92 -94 -84 -102 -100 -98 -103
89 94 95 90 95 96 96 93 85 93 87 77 99 96 82 65 88 97 100 100 102 106 104 105 107 106 107 105 95 96 102 107 107 106 101 107 108 108 112 110 102 111 101 91 96 96 110 96 116 119 118 113 110 112 102 87 0 -101 -101 8 96 117 110 105 73 114 113 116 117 118 118 117 113 110 110 106 107 105 105 102 99 100 101 101 104 106 112 117 120 119 119 116 112 114 116 112 112 116 119 117 114 117 117 117 111 101 94 91 90 90 88 87 87 87 88 88 85 81 83 81 83 81 81 83 83 82 81 79 77 72 73 84 84 88 88 90 91 77 79 84 82 84 95 91 90 85 89 89 90 60 52 52 66 10 53 70 81 50 77 84 84 82 82 89 70 77 84 88 77 81 81 79 79 79 70 52 0 78 88 89 93 82 68 68 67 62 62 67 68 66 64 55 22 -14 45 67 71 77 77 54 33 1 -1 -1 -1 -1 -1 -1 -1 -1 -1 -1 -1 -1 -1 -53 56 76 72 72 76 79 85 91 91 73 87 87 83 78 72 65 64 64 61 59 59 59 56 56 54 55 53 53 54 55 61 62 65 71 71 73 73 66 66 65 65 62 39 0 -1 -1 -1 -1 -1 -55 32 48 59 67 70 77 72 71 78 78 74 76 81 70 62 67 64 67 59 49 37 4 4 30 -9 -1 -1 -1 -1 -1 -1 -1 -1 19 82 82 102 114 114 117 122 119 111 90 114 122 118 112 112 101 116 96 117 99 116 114 104 112 73 90 90 106 112 89 85 89 95 111 114 104 113 111 108 108 119 120 104 88 99 97 90 87 90 95 100 111 111 94 56 33 24 39 32 56 71 68 36 42 55 55 52 42 30 14 9 8 0 -1 -1 -1 -1 -1 -1 -84 0 0 0 -98 -6 -1 -1 -1 -1 -1 -1 -1 -1 -1 -1 -1 -1 -1 -1 -1 -1 -1 -1 -1 -1 -1 -1 -1 -1 -6 -18 -1 -1 -1 -1 -1 -1 -1 -1 -16 -23 -30 -45 -77 -102 -105 -94 -91 -84 -84 -86 -89 -87 -84 -86 -87 -83 -84 -88 -87 -97 -98 -98 -97 -82 -96 -96 -89 -92 -91 -91 -87 -83 -88 -88 -79 -91 -100 -92 -97 -96 -94 -96 -97 -97 -81 -73 -73 -103 -97 -88 -91 -89 -87 -87 -89 -91 -87 -88 -88 -88 -84 -92 -94 -83 -86 -94 -83 -98 -106 -103 -102 -98 -98 -103 -102 -97 -97 -97 -97 -106 -103 -100 -92 -97 -102 -102 -96 -102 -103 -102 -101
89 89 94 95 90 95 97 93 85 95 87 77 101 101 99 83 65 88 96 100 102 108 106 105 107 106 106 108 104 95 96 102 108 107 102 107 108 110 113 113 112 102 112 104 91 97 107 95 113 119 119 117 117 117 118 108 96 36 -117 -74 83 110 107 105 73 73 114 113 117 114 116 117 113 110 108 105 107 107 105 104 102 101 100 101 104 106 112 117 119 119 119 120 116 112 114 114 112 116 119 116 114 117 117 117 119 111 101 95 94 93 90 87 87 87 88 87 87 85 81 84 82 83 81 83 83 82 81 81 77 77 68 72 84 84 88 90 91 78 79 84 83 83 85 97 95 90 85 90 90 60 58 60 76 76 76 0 37 68 45 77 84 84 82 89 70 78 85 85 89 78 81 81 79 79 68 7 0 76 88 89 89 91 79 68 68 67 62 67 68 67 64 54 12 12 65 7 66 72 77 54 33 2 -1 -1 -1 -1 -1 -1 -1 -1 -1 -1 -1 -1 -1 -67 58 78 78 72 72 74 79 85 91 73 87 87 83 78 72 72 65 66 64 61 59 59 59 60 54 55 55 54 54 54 55 61 62 65 71 73 72 68 68 65 65 65 62 42 24 2 -1 -1 -14 0 52 58 62 62 67 70 77 72 70 77 73 76 79 68 61 67 67 64 66 54 37 3 -1 -1 -1 -1 -1 -1 -1 -1 -1 -1 -1 3 19 83 102 114 114 118 120 119 119 111 91 116 122 117 113 101 114 95 118 101 117 117 114 102 110 72 90 107 111 87 84 89 95 95 114 117 104 114 113 110 120 120 104 90 97 97 97 88 84 88 93 100 110 94 56 33 25 41 33 33 59 68 61 25 38 55 52 39 27 8 0 0 0 -8 -1 -1 -1 -1 -100 -74 -128 4 0 -4 -1 -1 -1 -1 -1 -1 -1 -1 -1 -1 -1 -1 -1 -1 -1 -1 -1 -1 -1 -1 -1 -1 -1 -1 -1 -1 -1 -31 -1 -1 -1 -1 -1 -1 -1 -17 -25 -54 -79 -79 -88 -77 -75 -83 -89 -84 -87 -89 -88 -84 -84 -87 -87 -83 -83 -87 -87 -97 -98 -97 -82 -97 -96 -91 -92 -92 -91 -91 -87 -83 -88 -81 -91 -100 -92 -96 -94 -94 -94 -96 -96 -96 -81 -74 -103 -97 -88 -91 -89 -87 -87 -87 -89 -91 -87 -88 -88 -84 -92 -96 -83 -87 -96 -96 -83 -98 -106 -103 -103 -100 -103 -102 -98 -98 -97 -97 -97 -105 -103 -101 -92 -96 -100 -94 -101 -103 -102 -101
91 93 95 93 95 94 94 95 90 88 88 94 101 68 50 93 101 101 104 104 104 106 105 102 101 104 106 102 105 102 110 110 110 97 95 85 84 89 94 91 95 107 100 113 119 119 119 119 118 116 116 119 120 117 113 100 49 -128 -128 -128 0 96 99 106 79 120 119 119 118 119 119 120 120 118 114 112 108 106 102 102 101 100 97 97 101 106 110 113 119 119 117 116 111 118 117 120 120 119 119 118 116 110 114 117 117 111 105 100 95 95 90 89 87 85 85 87 85 87 84 82 79 77 77 85 82 81 82 82 81 76 76 85 85 88 88 89 83 81 87 93 91 91 96 93 83 81 85 85 79 82 87 76 66 72 36 0 0 47 70 78 78 74 91 83 78 78 88 85 84 77 78 77 78 78 64 12 0 71 85 89 81 64 66 68 65 66 66 70 71 71 67 55 9 0 61 74 74 71 71 52 35 0 -39 -1 -1 -1 -1 -1 -1 -1 -1 -1 -1 -1 -1 -83 61 79 71 73 73 82 81 88 88 76 79 79 82 76 74 68 70 64 62 60 61 61 59 56 54 50 54 55 55 58 61 65 70 74 74 72 72 71 71 67 65 62 49 35 0 -56 -56 -72 18 48 62 67 68 70 70 68 70 71 78 78 77 72 67 56 58 62 58 58 41 0 -39 -1 -1 -1 -1 -1 -1 -1 -1 -1 -1 -68 47 66 79 79 100 107 116 119 123 118 96 96 120 119 117 117 117 110 114 114 118 93 112 95 111 112 87 89 89 97 111 55 84 106 106 118 95 99 105 114 91 91 116 116 100 101 105 91 77 90 99 100 102 108 108 78 54 42 41 41 49 79 16 0 0 29 54 54 42 16 10 0 0 54 -1 -1 70 12 0 0 0 -101 -107 0 0 -1 -1 -1 -1 -1 -1 -1 -1 -1 -1 -1 -1 -1 -1 -1 -1 -1 -1 -1 -1 -1 -1 -1 -1 -1 -1 -1 -30 -1 -1 -1 -1 -1 -1 -1 -21 -59 -78 -65 -67 -75 -84 -75 -79 -75 -83 -83 -86 -86 -86 -83 -86 -84 -84 -84 -88 -91 -97 -96 -96 -93 -72 -88 -100 -89 -89 -91 -89 -87 -84 -77 -77 -72 -92 -102 -87 -91 -100 -94 -94 -92 -91 -86 -87 -87 -98 -87 -87 -92 -97 -92 -91 -82 -92 -94 -93 -98 -98 -86 -91 -86 -82 -89 -96 -96 -101 -97 -98 -96 -92 -92 -103 -97 -91 -96 -101 -100 -97 -96 -96 -94 -96 -100 -100 -96 -98 -97 -94 -98
91 91 93 95 93 95 94 95 90 88 88 94 101 101 68 50 93 101 101 104 104 106 105 102 101 104 104 106 102 105 102 110 110 97 95 85 84 89 94 94 91 95 107 100 113 119 119 119 118 116 116 119 119 120 117 113 100 49 -128 -128 0 96 99 106 79 79 120 119 119 118 119 120 120 118 114 112 108 108 106 102 102 101 100 97 101 106 110 113 119 119 119 117 116 111 118 117 120 119 119 118 116 110 114 114 117 117 111 105 100 95 90 89 87 85 85 87 87 85 87 84 82 79 77 85 82 81 82 82 81 81 76 76 85 85 88 89 83 81 87 93 91 91 91 96 93 83 81 85 79 82 87 76 66 72 72 36 0 0 47 70 78 74 91 83 78 78 88 88 85 84 77 78 77 78 64 12 0 71 85 89 89 81 64 66 68 65 66 70 71 71 67 55 9 9 0 61 74 74 71 52 35 0 -39 -1 -1 -1 -1 -1 -1 -1 -1 -1 -1 -1 -1 -83 61 79 79 71 73 73 82 81 88 76 79 79 82 76 74 74 68 70 64 62 60 61 59 56 54 50 54 55 55 55 58 61 65 70 74 72 72 71 71 67 65 65 62 49 35 0 -56 -72 18 48 62 67 68 68 70 70 68 70 71 78 77 72 67 56 58 62 62 58 58 41 0 -39 -1 -1 -1 -1 -1 -1 -1 -1 -1 -1 -68 47 66 79 100 107 116 119 123 118 118 96 96 120 119 117 117 110 114 114 118 93 112 112 95 111 112 87 89 97 111 55 84 106 106 106 118 95 99 105 114 91 116 116 100 101 105 91 91 77 90 99 100 102 108 78 54 42 41 41 49 49 79 16 0 0 29 54 42 16 10 0 0 54 54 -1 -1 70 12 0 0 -101 -107 0 0 -1 -1 -1 -1 -1 -1 -1 -1 -1 -1 -1 -1 -1 -1 -1 -1 -1 -1 -1 -1 -1 -1 -1 -1 -1 -1 -1 -1 -30 -1 -1 -1 -1 -1 -1 -21 -59 -78 -65 -67 -67 -75 -84 -75 -79 -75 -83 -86 -86 -86 -83 -86 -84 -84 -84 -84 -88 -91 -97 -96 -93 -72 -88 -100 -89 -89 -89 -91 -89 -87 -84 -77 -72 -92 -102 -87 -91 -100 -100 -94 -94 -92 -91 -86 -87 -98 -87 -87 -92 -97 -92 -92 -91 -82 -92 -94 -93 -98 -86 -91 -86 -82 -89 -96 -96 -96 -101 -97 -98 -96 -92 -103 -97 -91 -96 -101 -100 -100 -97 -96 -96 -94 -96 -100 -96 -98 -97 -94 -98
91 91 93 93 93 93 93 91 81 95 87 96 95 55 73 97 101 94 94 94 96 95 99 99 102 106 105 105 101 102 102 93 93 95 90 93 91 97 100 110 116 114 116 114 114 114 114 116 116 114 117 113 118 116 105 96 110 43 43 36 0 74 82 97 79 118 119 120 119 119 119 118 119 120 119 118 118 110 104 101 101 100 100 100 101 104 106 112 117 117 118 113 114 116 119 119 119 116 114 119 111 112 118 116 117 119 117 111 102 102 96 95 90 89 89 88 89 89 85 85 81 83 83 81 79 78 77 83 83 70 77 89 85 85 85 87 85 87 89 94 96 99 94 85 82 83 87 87 87 85 88 87 65 78 54 62 2 0 0 21 21 53 62 66 81 84 83 99 67 74 78 76 77 77 64 0 0 67 87 85 61 66 68 67 66 76 76 76 73 76 70 60 59 35 77 81 79 64 64 53 42 19 -45 -1 -1 -1 -1 -1 -1 -1 -1 -1 -1 -1 -1 -65 64 61 62 62 73 73 76 78 78 70 81 76 83 74 78 73 66 64 61 65 59 59 59 56 52 53 54 56 56 61 66 71 73 68 68 74 76 70 70 68 67 64 58 47 42 0 0 30 50 61 64 68 64 62 66 55 68 68 68 68 66 56 53 45 49 49 42 42 0 -51 -63 -20 -20 -87 -37 -1 -1 -1 -1 -1 -41 22 83 96 104 104 106 117 120 119 122 116 95 120 119 116 118 119 119 117 117 114 88 91 96 94 112 119 119 120 120 118 101 101 97 90 91 104 83 108 99 88 68 68 102 119 104 89 79 89 97 94 87 96 88 74 74 70 50 29 37 52 74 44 10 0 0 0 37 37 14 4 0 0 -2 -1 -70 0 0 18 27 18 18 7 -120 -45 -1 -1 -1 -1 -1 -1 -1 -1 -1 -1 -1 -1 -1 -1 -1 -1 -1 -1 -1 -1 -1 -1 -1 -1 -1 -1 -1 -1 -16 -12 -1 -1 -13 -27 -27 -46 -47 -50 -55 -67 -75 -84 -82 -65 -77 -87 -87 -87 -84 -84 -83 -84 -84 -84 -84 -87 -89 -91 -97 -91 -91 -91 -73 -84 -98 -87 -92 -91 -88 -86 -79 -72 -72 -74 -103 -96 -83 -97 -91 -91 -89 -87 -86 -86 -88 -88 -91 -94 -93 -92 -96 -93 -81 -77 -106 -100 -103 -97 -97 -94 -100 -84 -88 -97 -93 -107 -106 -92 -96 -97 -82 -82 -101 -94 -83 -101 -98 -97 -98 -96 -97 -100 -100 -100 -100 -98 -98 -100 -96 -96
89 89 88 91 91 85 79 83 88 94 91 93 93 93 81 93 94 93 84 85 87 82 89 94 90 74 74 94 95 95 110 110 112 113 107 101 100 114 116 116 116 112 112 111 110 106 112 113 112 108 100 102 102 110 107 102 104 107 101 97 0 0 3 4 67 67 107 111 112 116 112 111 118 112 118 119 117 117 110 105 102 100 99 99 101 104 106 107 113 118 118 118 116 113 119 119 113 113 116 117 117 118 113 113 112 119 117 116 114 113 107 100 96 91 90 88 88 89 90 85 85 82 84 82 82 70 76 84 74 74 67 85 85 87 87 89 89 89 90 95 99 99 99 85 89 91 89 90 94 93 91 79 84 94 94 74 62 64 48 10 0 27 59 68 73 67 78 78 93 78 85 83 77 79 67 7 0 35 81 73 73 71 67 66 67 72 76 81 78 76 70 71 73 73 84 87 89 82 59 58 44 20 -54 -1 -1 -1 -1 -1 -1 -1 -1 -1 -1 -1 -1 -55 42 52 52 62 68 73 68 70 73 74 77 79 82 74 81 81 72 62 61 64 64 54 56 56 55 56 56 59 59 61 65 68 71 73 68 73 76 67 70 68 67 67 60 53 53 53 0 44 58 60 64 65 60 60 64 62 60 64 58 55 49 44 22 24 25 26 26 18 13 0 -119 -94 -63 -39 -1 -1 -1 -1 -1 -1 -1 7 99 108 106 116 117 116 114 106 108 88 88 96 111 108 116 119 118 114 116 95 97 118 112 112 122 116 120 101 118 106 101 84 81 77 77 77 85 79 90 82 82 95 101 111 93 97 93 91 91 100 101 94 99 68 47 91 47 37 48 61 55 55 41 12 24 0 0 6 0 0 0 48 -1 -1 -1 0 0 27 26 16 0 -128 -9 -1 -1 -1 -1 -1 -1 -1 -1 -1 -1 -1 -1 -1 -1 -1 -1 -1 -1 -1 -1 -1 -8 -7 -6 -6 -8 -11 -11 -8 -8 -12 -42 -25 -50 -64 -42 -32 -44 -55 -64 -75 -73 -73 -79 -61 -70 -87 -86 -84 -86 -83 -82 -86 -84 -84 -84 -84 -86 -87 -87 -92 -84 -87 -97 -100 -96 -92 -92 -92 -88 -86 -84 -84 -89 -105 -98 -87 -87 -89 -89 -89 -91 -89 -89 -89 -93 -92 -94 -94 -92 -93 -94 -94 -94 -86 -102 -107 -89 -100 -96 -94 -87 -100 -92 -100 -100 -100 -105 -102 -89 -86 -97 -101 -106 -94 -100 -103 -94 -100 -100 -101 -94 -98 -100 -96 -96 -96 -100 -101 -96 -94
89 88 91 94 89 82 82 85 85 91 91 93 90 77 93 96 95 85 87 87 88 83 90 94 93 74 94 95 95 110 110 112 112 113 107 100 99 113 114 116 114 114 113 112 108 108 116 113 112 107 101 102 110 107 102 104 108 108 108 110 93 91 91 3 0 0 99 104 107 106 106 110 117 114 120 119 117 110 105 102 99 99 99 99 101 104 106 107 113 118 118 116 113 119 119 113 113 116 118 118 118 118 113 111 119 118 116 114 113 113 108 100 96 94 90 88 87 88 85 85 82 84 84 83 83 71 76 84 74 67 85 85 87 87 87 89 89 89 90 95 99 99 85 88 89 85 90 90 94 93 90 81 85 95 76 68 74 66 42 29 29 0 0 52 66 66 78 93 78 87 83 78 79 79 73 67 39 79 83 73 72 67 66 65 72 76 76 81 79 77 70 73 77 88 87 89 83 59 59 58 44 0 -1 -1 -1 -1 -1 -1 -1 -1 -1 -1 -1 -1 -1 -11 8 41 59 71 74 68 66 74 74 74 78 79 82 74 81 72 62 61 64 64 56 56 55 56 55 56 59 60 62 65 68 68 73 68 68 74 78 67 70 70 67 59 53 53 52 0 0 48 58 58 64 65 59 62 62 58 60 49 10 10 21 -31 -1 -1 -1 -1 -1 -1 -1 -1 -1 -1 -1 -1 -1 -1 -1 -1 -1 0 65 113 114 108 117 117 117 111 104 0 0 49 0 0 83 111 119 119 119 116 116 95 97 119 113 123 117 120 101 117 117 107 101 84 81 77 77 85 77 88 79 81 94 94 101 108 91 97 90 91 101 102 95 101 68 45 45 90 45 37 49 62 56 38 13 36 33 0 0 0 0 0 39 0 0 0 27 30 24 0 0 -110 -110 -6 -1 -1 -1 -1 -1 -1 -1 -1 -1 -1 -1 -1 -1 -1 -1 -1 -1 -1 -1 -1 -1 -8 -8 -8 -6 -8 -9 -12 -13 -12 -30 -83 -40 -20 -25 -28 -28 -31 -45 -54 -64 -75 -74 -81 -61 -70 -87 -88 -84 -84 -86 -84 -82 -86 -84 -84 -84 -86 -87 -87 -92 -83 -83 -87 -96 -100 -96 -92 -92 -88 -84 -87 -86 -91 -91 -102 -100 -89 -88 -89 -89 -91 -89 -89 -89 -93 -92 -92 -96 -96 -92 -93 -94 -94 -86 -101 -106 -89 -101 -96 -96 -94 -87 -97 -91 -100 -100 -105 -102 -89 -86 -96 -100 -100 -106 -94 -98 -102 -96 -100 -102 -96 -100 -101 -96 -96 -96 -94 -98 -101 -96 -93
89 89 88 91 94 89 82 85 85 91 91 93 90 90 77 93 96 95 85 87 88 83 90 94 93 74 74 94 95 95 110 110 112 113 107 100 99 113 114 114 116 114 114 113 112 108 116 113 112 107 101 102 102 110 107 102 104 108 108 110 93 91 91 3 0 0 0 99 104 107 106 110 117 114 120 119 117 117 110 105 102 99 99 99 101 104 106 107 113 118 118 118 116 113 119 119 113 116 118 118 118 118 113 113 111 119 118 116 114 113 108 100 96 94 90 88 88 87 88 85 85 82 84 83 83 71 76 84 74 74 67 85 85 87 87 89 89 89 90 95 99 99 99 85 88 89 85 90 94 93 90 81 85 95 95 76 68 74 66 42 29 0 0 52 66 66 78 78 93 78 87 83 78 79 73 67 39 79 83 73 73 72 67 66 65 72 76 81 79 77 70 73 77 77 88 87 89 83 59 58 44 0 -1 -1 -1 -1 -1 -1 -1 -1 -1 -1 -1 -1 -1 -11 8 41 41 59 71 74 68 66 74 74 78 79 82 74 81 81 72 62 61 64 64 56 55 56 55 56 59 60 60 62 65 68 68 73 68 74 78 67 70 70 67 67 59 53 53 52 0 48 58 58 64 65 59 59 62 62 58 60 49 10 21 -31 -1 -1 -1 -1 -1 -1 -1 -1 -1 -1 -1 -1 -1 -1 -1 -1 -1 -1 0 65 113 114 108 117 117 111 104 0 0 49 49 0 0 83 111 119 119 116 116 95 97 119 113 113 123 117 120 101 117 107 101 84 81 77 77 77 85 77 88 79 81 94 101 108 91 97 90 91 91 101 102 95 101 68 45 90 45 37 49 62 56 56 38 13 36 33 0 0 0 0 39 0 0 0 0 27 30 24 0 0 -110 -6 -1 -1 -1 -1 -1 -1 -1 -1 -1 -1 -1 -1 -1 -1 -1 -1 -1 -1 -1 -1 -1 -1 -8 -8 -6 -8 -9 -12 -13 -12 -12 -30 -83 -40 -20 -25 -28 -31 -45 -54 -64 -75 -74 -74 -81 -61 -70 -87 -88 -84 -86 -84 -82 -86 -84 -84 -84 -84 -86 -87 -87 -92 -83 -87 -96 -100 -96 -92 -92 -92 -88 -84 -87 -86 -91 -102 -100 -89 -88 -89 -89 -89 -91 -89 -89 -89 -93 -92 -96 -96 -92 -93 -94 -94 -94 -86 -101 -106 -89 -101 -96 -94 -87 -97 -91 -100 -100 -100 -105 -102 -89 -86 -96 -100 -106 -94 -98 -102 -96 -100 -100 -102 -96 -100 -101 -96 -96 -94 -98 -101 -96 -93
79 84 78 89 72 74 74 93 93 93 91 91 93 91 94 88 89 83 84 84 84 72 62 74 58 79 101 105 107 107 110 107 107 110 112 111 110 113 112 112 110 110 110 111 111 111 112 112 101 95 106 108 117 106 105 107 117 119 119 114 113 114 112 93 44 0 88 0 0 70 70 94 108 111 112 117 114 116 104 105 101 100 100 100 104 104 105 108 112 116 119 119 120 119 118 113 113 116 117 118 120 118 113 113 110 118 114 117 116 116 113 110 107 100 99 93 96 90 89 88 85 85 85 84 83 83 84 81 71 76 83 84 87 88 88 90 91 91 91 95 100 97 96 101 90 90 90 90 95 96 93 90 91 93 89 89 91 74 67 47 47 47 0 24 61 78 87 96 96 104 91 84 82 82 73 77 45 83 87 73 66 65 68 65 70 88 88 85 79 76 76 79 85 85 83 84 67 67 67 64 37 -68 -1 -1 -1 -1 -1 -1 -1 -1 -1 -1 -1 -1 -1 -1 -30 26 50 56 55 67 66 72 72 76 79 76 76 73 73 64 61 64 64 60 56 56 59 60 61 61 64 64 65 66 68 66 71 74 74 78 79 77 70 66 61 59 50 48 49 0 0 49 55 61 62 60 59 61 59 60 48 10 25 25 -1 -1 -1 -1 -1 -1 -1 -1 -1 -1 -1 -1 -1 -1 -1 -1 -1 -1 0 71 105 116 108 108 114 114 114 104 0 0 59 0 0 68 0 106 112 113 113 111 102 95 112 120 120 117 113 95 100 120 120 118 81 107 112 114 107 77 73 97 95 64 87 87 102 96 105 119 96 100 108 112 100 104 61 64 64 84 43 65 70 64 43 22 14 47 33 0 0 0 0 0 0 0 24 30 26 14 0 0 -107 -1 -1 -1 -1 -1 -1 -1 -1 -1 -1 -1 -1 -1 -1 -1 -1 -1 -1 -1 -1 -1 -1 -9 -11 -7 -4 -4 -8 -14 -14 -31 -47 -51 -37 -50 -41 -32 -44 -55 -55 -67 -74 -77 -74 -75 -82 -58 -70 -89 -86 -86 -83 -83 -84 -84 -82 -84 -87 -84 -84 -86 -84 -83 -87 -86 -86 -89 -97 -96 -91 -91 -89 -87 -86 -86 -87 -88 -88 -94 -92 -91 -89 -89 -93 -92 -91 -91 -89 -93 -93 -93 -97 -96 -93 -94 -92 -91 -92 -91 -87 -87 -92 -86 -86 -88 -92 -100 -96 -87 -100 -100 -98 -94 -96 -98 -97 -97 -98 -92 -96 -100 -97 -101 -100 -94 -101 -98 -94 -96 -96 -97 -101 -97 -91 -92
82 82 84 89 81 78 91 94 94 94 93 89 85 85 95 87 83 85 83 79 59 55 66 54 62 88 88 78 97 104 104 94 104 107 110 106 111 111 108 108 108 104 107 99 101 102 101 100 100 104 108 107 107 104 107 111 112 119 119 118 120 119 116 91 64 64 0 0 0 0 0 91 104 107 113 117 118 118 110 108 105 100 100 101 101 102 102 105 107 113 113 118 118 118 118 119 117 110 116 119 120 113 112 112 112 119 111 116 116 118 116 114 113 107 105 104 104 106 106 100 96 88 85 84 84 82 82 82 84 84 84 83 85 87 88 90 90 93 97 97 100 100 101 102 94 90 91 97 97 97 97 91 100 89 89 90 94 88 83 90 60 49 0 32 88 90 90 90 101 90 102 83 83 77 78 85 50 82 78 65 65 62 71 76 72 77 76 76 77 73 78 87 83 83 84 81 78 62 74 62 37 3 -1 -1 -1 -1 -1 -1 -1 -1 -1 -1 -1 -1 -1 -1 -1 -73 -73 0 38 52 68 74 71 73 81 73 70 73 70 70 65 67 64 60 61 62 65 66 66 65 66 66 66 67 68 71 72 74 78 88 84 79 65 59 59 59 56 47 43 39 0 48 56 56 58 56 60 60 61 61 49 2 -39 -1 -1 -1 -1 -1 -1 -1 -1 -1 -1 -1 -1 -1 -1 -1 -1 -1 -1 0 76 76 100 102 112 106 100 105 110 101 0 104 101 102 102 100 81 0 104 108 105 94 0 21 106 100 94 94 99 111 102 110 119 107 90 120 118 117 108 108 113 113 118 77 67 77 111 55 108 117 117 110 110 123 93 95 91 59 71 76 30 68 100 60 31 31 16 14 38 26 0 0 0 0 0 29 22 21 21 0 0 0 -106 -1 -1 -1 -1 -1 -1 -1 -1 -1 -1 -1 -1 -1 -1 -1 -1 -1 -1 -1 -1 -1 -12 -12 -9 -8 -11 -12 -28 -58 -65 -65 -41 -34 -34 -44 -46 -83 -55 -55 -67 -74 -74 -82 -78 -78 -74 -74 -70 -91 -87 -86 -86 -83 -84 -84 -83 -83 -83 -86 -86 -84 -82 -82 -83 -91 -93 -96 -98 -94 -88 -89 -88 -88 -87 -86 -87 -87 -87 -94 -94 -91 -89 -91 -91 -91 -92 -91 -92 -91 -94 -93 -96 -96 -92 -94 -94 -91 -91 -91 -92 -93 -92 -97 -100 -97 -103 -97 -96 -98 -98 -98 -98 -98 -97 -96 -97 -100 -97 -94 -88 -101 -98 -100 -100 -100 -97 -98 -98 -96 -97 -97 -98 -94 -92 -93
87 84 82 91 93 94 94 94 94 87 81 73 79 93 82 90 82 81 72 72 52 76 62 66 78 70 76 94 94 81 89 107 107 108 108 93 114 110 106 95 97 99 94 97 101 101 104 106 102 111 102 106 118 116 117 120 117 118 118 117 117 117 113 114 76 97 93 84 72 0 0 2 88 108 113 111 113 108 118 95 100 100 100 100 96 100 102 105 107 110 117 119 117 117 110 108 108 114 120 119 110 117 118 122 119 112 114 111 119 119 116 112 110 111 106 107 108 105 102 100 90 88 88 88 87 85 84 85 85 85 87 87 87 89 89 91 93 97 100 97 101 100 105 101 102 97 101 101 102 97 84 88 91 82 88 83 79 60 81 85 85 53 0 42 84 101 105 70 87 104 77 79 82 82 88 94 47 77 70 68 74 70 72 76 81 71 71 78 82 73 77 81 84 87 85 76 70 73 73 55 29 21 -1 -1 -1 -1 -1 -1 -1 -1 -1 -1 -1 -1 -1 -1 -1 -1 -128 19 48 65 70 70 70 73 67 76 72 72 70 70 60 60 62 65 68 68 67 66 67 68 67 70 71 71 73 77 79 85 85 89 82 71 59 50 49 47 39 4 12 0 0 44 50 54 53 56 59 59 58 35 18 -1 -1 -1 -1 -1 -1 -1 -1 -1 -1 -1 -1 -1 -1 -1 -1 -1 -1 -1 0 77 105 112 107 118 110 101 122 122 111 93 13 108 113 116 107 83 1 19 93 97 97 0 84 74 90 110 120 114 122 100 120 118 118 97 118 118 94 108 119 118 116 113 77 87 79 79 74 87 116 122 118 119 110 78 88 72 66 76 76 48 59 82 78 50 32 14 16 35 20 0 0 0 0 0 19 19 13 0 0 -128 -82 -1 -1 -1 -1 -1 -1 -1 -1 -1 -1 -1 -1 -1 -1 -1 -1 -1 -1 -1 -1 -1 -12 -16 -14 -16 -14 -44 -67 -67 -77 -67 -31 -45 -65 -51 -55 -65 -96 -78 -75 -73 -73 -82 -82 -70 -69 -74 -74 -74 -89 -86 -86 -86 -84 -84 -84 -86 -84 -82 -82 -84 -84 -83 -84 -93 -94 -97 -97 -96 -98 -93 -88 -91 -88 -88 -87 -87 -87 -96 -96 -96 -94 -91 -91 -91 -92 -94 -94 -93 -93 -94 -94 -94 -93 -93 -92 -94 -91 -87 -91 -93 -91 -94 -103 -93 -93 -100 -102 -93 -97 -100 -98 -98 -98 -97 -97 -98 -98 -98 -97 -96 -100 -102 -96 -101 -105 -93 -94 -97 -94 -97 -97 -97 -96 -96 -96 -96
85 85 84 82 93 91 94 94 96 89 83 76 79 79 93 82 90 82 81 72 50 76 59 65 78 70 70 76 93 93 82 89 107 110 108 93 114 110 107 107 97 97 99 94 97 101 102 105 104 108 100 104 104 116 116 117 119 117 118 117 119 120 113 116 83 83 107 104 102 100 89 62 0 104 113 111 113 113 108 119 95 100 100 100 96 100 102 105 107 110 110 116 119 118 117 108 108 114 120 119 110 117 118 118 119 119 112 117 110 118 117 112 110 111 107 107 107 108 105 102 100 93 90 88 87 87 85 85 85 85 85 85 85 87 89 91 95 100 100 97 101 101 100 106 100 101 100 101 102 97 84 87 91 82 82 85 81 79 59 81 84 52 0 0 83 102 105 105 70 84 101 79 82 82 87 96 47 77 70 68 68 74 70 72 76 81 71 77 83 73 77 79 83 83 87 85 76 70 71 54 26 -40 -1 -1 -1 -1 -1 -1 -1 -1 -1 -1 -1 -1 -1 -1 -1 -1 -1 -1 0 49 65 71 70 73 67 74 73 74 70 70 70 58 58 61 65 68 68 66 71 71 70 72 72 71 71 73 77 81 84 89 82 71 59 50 47 47 39 0 -50 -88 0 4 45 50 52 54 59 59 55 49 30 -13 -1 -1 -1 -1 -1 -1 -1 -1 -1 -1 -1 -1 -1 -1 -1 -1 -84 0 35 100 110 110 114 107 117 110 101 122 111 90 0 108 114 117 117 112 95 111 100 0 9 4 101 87 94 110 118 118 112 119 99 122 120 100 120 120 96 108 119 119 119 117 114 77 87 81 73 85 116 122 118 120 120 110 78 89 70 65 76 48 59 83 78 48 29 29 13 15 32 19 0 0 0 19 14 8 0 0 0 -128 -6 -1 -1 -1 -1 -1 -1 -1 -1 -1 -1 -1 -1 -1 -1 -1 -1 -1 -1 -1 -1 -1 -13 -13 -16 -20 -39 -54 -59 -37 -42 -55 -32 -44 -65 -50 -50 -54 -67 -79 -98 -74 -74 -83 -83 -72 -70 -74 -74 -74 -74 -89 -86 -86 -86 -84 -84 -86 -83 -83 -83 -84 -84 -84 -84 -86 -93 -94 -97 -96 -97 -93 -88 -89 -88 -88 -88 -87 -87 -87 -94 -96 -94 -93 -92 -89 -92 -92 -94 -94 -94 -96 -94 -94 -93 -93 -92 -94 -92 -88 -88 -91 -93 -89 -94 -105 -94 -100 -102 -94 -98 -98 -97 -97 -98 -98 -97 -97 -98 -97 -97 -96 -101 -103 -97 -101 -101 -106 -93 -94 -97 -94 -96 -97 -96 -96 -97 -96
85 84 82 93 91 94 94 94 96 89 83 76 79 93 82 90 82 81 72 72 50 76 59 65 78 70 76 93 93 82 89 107 107 110 108 93 114 110 107 97 97 99 94 97 101 101 102 105 104 108 100 104 116 116 117 119 117 118 118 117 119 120 113 116 83 107 104 102 100 89 89 62 0 104 113 111 113 108 119 95 100 100 100 100 96 100 102 105 107 110 116 119 118 117 108 108 108 114 120 119 110 117 118 119 119 112 117 110 118 118 117 112 110 111 107 107 108 105 102 100 93 90 90 88 87 87 85 85 85 85 85 85 87 89 89 91 95 100 100 97 101 100 106 100 101 100 101 101 102 97 84 87 91 82 85 81 79 59 81 84 84 52 0 0 83 102 105 70 84 101 79 82 82 82 87 96 47 77 70 68 74 70 72 76 81 71 71 77 83 73 77 79 83 87 85 76 70 71 71 54 26 -40 -1 -1 -1 -1 -1 -1 -1 -1 -1 -1 -1 -1 -1 -1 -1 -1 -1 0 49 65 71 70 70 73 67 74 73 74 70 70 58 58 61 65 68 68 68 66 71 71 70 72 71 71 73 77 81 84 84 89 82 71 59 50 47 39 0 -50 -88 0 0 4 45 50 52 54 59 55 49 30 -13 -1 -1 -1 -1 -1 -1 -1 -1 -1 -1 -1 -1 -1 -1 -1 -1 -1 -84 0 35 100 110 114 107 117 110 101 122 122 111 90 0 108 114 117 112 95 111 100 0 9 9 4 101 87 94 110 118 112 119 99 122 120 120 100 120 120 96 108 119 119 117 114 77 87 81 81 73 85 116 122 118 120 110 78 89 70 65 76 76 48 59 83 78 48 29 13 15 32 19 0 0 0 0 19 14 8 0 0 -128 -6 -1 -1 -1 -1 -1 -1 -1 -1 -1 -1 -1 -1 -1 -1 -1 -1 -1 -1 -1 -1 -1 -1 -13 -16 -20 -39 -54 -59 -37 -37 -42 -55 -32 -44 -65 -50 -54 -67 -79 -98 -74 -74 -74 -83 -83 -72 -70 -74 -74 -74 -89 -86 -86 -86 -84 -84 -84 -86 -83 -83 -83 -84 -84 -84 -86 -93 -94 -97 -97 -96 -97 -93 -88 -89 -88 -88 -87 -87 -87 -94 -94 -96 -94 -93 -92 -89 -92 -94 -94 -94 -96 -94 -94 -94 -93 -93 -92 -94 -92 -88 -91 -93 -89 -94 -105 -94 -94 -100 -102 -94 -98 -98 -97 -98 -98 -97 -97 -98 -97 -97 -97 -96 -101 -103 -97 -101 -106 -93 -94 -97 -94 -96 -96 -97 -96 -96 -97 -96
85 85 81 90 90 91 84 85 76 71 71 74 84 84 90 93 84 76 83 64 77 79 73 58 73 72 72 76 78 83 99 110 96 90 83 113 111 108 95 95 90 101 97 97 117 114 114 116 116 114 112 117 117 117 116 118 117 116 116 111 105 110 112 119 77 77 117 119 120 118 96 -64 0 90 110 120 117 117 122 97 93 99 100 99 99 101 102 104 106 107 107 113 119 118 113 112 119 114 118 107 111 119 117 117 119 118 113 113 113 120 117 113 111 106 105 105 105 104 106 104 102 95 95 91 89 88 88 87 87 87 87 88 85 88 90 94 100 101 99 97 99 99 99 105 106 105 100 100 101 99 99 95 76 78 78 89 85 77 79 91 91 52 18 0 82 91 77 77 68 88 95 94 91 84 83 84 42 81 79 84 84 79 61 72 73 77 76 76 71 76 74 79 90 90 81 85 78 74 65 50 25 -42 -1 -1 -1 -1 -1 -1 -1 -1 -1 -1 -1 -1 -1 -1 -1 -1 -1 -1 -70 45 58 64 71 59 67 74 72 72 67 67 64 58 65 67 66 68 70 72 76 74 76 73 73 71 73 78 78 84 87 79 71 65 48 49 45 45 39 8 -37 -42 -72 16 13 44 53 54 55 55 52 3 26 -1 -1 -1 -1 -1 -1 -1 -1 -1 -1 -1 -1 -1 -1 -1 -1 -16 9 48 49 112 112 112 117 118 113 117 113 112 102 88 0 105 112 114 114 100 96 118 111 101 97 91 97 88 114 114 113 113 113 116 97 119 113 108 105 99 90 119 117 117 118 102 101 71 87 62 77 113 119 105 118 117 117 77 61 79 58 62 65 52 65 91 70 41 21 21 21 19 31 22 0 0 0 0 0 0 0 -49 -49 -1 -1 -1 -1 -1 -1 -1 -1 -1 -1 -1 -1 -1 -1 -1 -1 -1 -1 -1 -1 -1 -1 -1 -37 -37 -54 -72 -51 -37 -39 -42 -45 -55 -53 -55 -64 -75 -75 -74 -74 -82 -108 -82 -77 -75 -73 -67 -68 -78 -78 -78 -87 -87 -86 -86 -84 -83 -84 -84 -84 -83 -83 -84 -84 -86 -86 -92 -94 -97 -97 -97 -96 -91 -88 -89 -89 -89 -88 -88 -87 -94 -94 -96 -93 -92 -94 -89 -92 -92 -94 -94 -96 -93 -93 -93 -93 -97 -97 -92 -88 -92 -92 -94 -92 -93 -91 -87 -84 -88 -98 -93 -100 -97 -94 -94 -96 -98 -97 -97 -98 -97 -97 -97 -101 -101 -96 -105 -105 -103 -91 -93 -94 -96 -96 -97 -97 -98 -96 -94
88 88 87 85 84 71 71 70 70 82 78 83 88 89 83 67 94 74 70 70 78 58 49 72 91 68 60 72 96 99 82 87 87 94 101 112 110 96 94 102 107 101 113 113 113 113 113 113 114 112 114 114 108 113 114 114 105 105 105 106 113 112 114 110 77 120 119 119 116 89 89 -1 -128 91 118 120 123 119 97 101 99 102 99 99 101 100 102 102 105 106 112 116 118 118 119 114 114 110 120 104 113 116 116 120 116 110 116 119 118 118 114 116 111 107 104 104 108 107 100 105 96 97 97 95 93 90 88 88 88 88 88 88 90 95 95 97 101 99 95 94 99 97 101 104 107 105 105 105 104 102 90 81 85 99 94 82 90 89 94 87 87 53 24 0 78 90 79 74 91 89 85 78 96 96 95 89 49 87 90 95 56 74 78 83 83 72 72 68 70 72 76 78 82 81 91 78 68 64 64 52 29 -54 -1 -1 -1 -1 -1 -1 -1 -1 -1 -1 -1 -1 -1 -1 -1 -1 -1 -44 0 43 55 56 56 53 67 61 62 72 72 73 67 68 68 73 73 73 74 73 77 77 77 74 76 76 83 83 88 81 81 76 70 55 48 50 49 39 13 -1 -1 -1 -1 -1 20 41 50 52 47 31 -115 -1 -1 -1 -1 -1 -1 -1 -1 -1 -1 -1 -1 -1 -1 -1 -1 -41 -41 37 66 90 68 114 116 116 117 119 118 90 0 0 1 0 94 112 114 113 101 117 112 116 101 105 105 96 97 99 114 104 96 101 111 88 118 112 112 87 84 104 101 83 122 108 79 88 68 68 78 78 108 114 105 102 119 100 71 67 62 90 55 42 42 64 72 73 49 27 42 29 15 27 0 0 -103 -103 -81 -128 -103 -4 -1 -1 -1 -1 -1 -1 -1 -1 -1 -1 -1 -1 -1 -1 -1 -1 -1 -1 -1 -1 -1 -1 -1 -1 -23 -49 -64 -44 -40 -42 -44 -54 -55 -55 -56 -67 -74 -75 -74 -82 -78 -79 -81 -87 -88 -63 -63 -70 -73 -75 -77 -86 -87 -86 -84 -84 -86 -84 -84 -84 -83 -82 -83 -83 -83 -86 -86 -94 -93 -96 -97 -97 -97 -96 -91 -88 -87 -88 -89 -89 -88 -97 -96 -94 -94 -93 -92 -93 -92 -91 -92 -94 -93 -93 -92 -94 -97 -97 -96 -100 -97 -88 -89 -96 -91 -92 -89 -89 -92 -91 -91 -89 -97 -87 -100 -96 -98 -96 -98 -97 -94 -100 -100 -100 -97 -97 -97 -97 -96 -97 -96 -92 -94 -96 -98 -94 -94 -96 -97 -97 -96 -97
81 81 78 77 83 81 71 77 89 78 77 84 83 83 89 81 96 96 83 73 59 48 59 67 49 55 55 64 85 89 79 96 105 99 110 105 99 93 95 95 95 97 107 107 102 100 99 105 110 96 106 111 111 117 116 107 96 93 99 111 113 111 113 116 85 85 111 107 101 95 72 -128 -128 99 119 120 119 119 101 104 104 104 104 101 101 100 101 102 105 104 104 110 113 116 117 117 110 116 111 106 117 111 113 113 120 108 105 114 118 113 116 116 113 110 108 105 105 110 112 108 105 99 95 99 96 94 89 88 88 88 88 89 89 91 96 100 101 96 94 100 102 102 91 100 101 102 101 101 99 96 99 101 100 104 104 96 93 83 87 82 87 58 30 0 67 74 73 73 88 93 79 65 73 79 87 89 55 88 73 64 64 74 85 89 82 78 72 68 70 73 79 73 79 79 83 94 71 66 56 55 33 0 -1 -1 -1 -1 -1 -1 -1 -1 -1 -1 -1 -1 -1 -1 -1 -1 -1 -1 -1 0 39 54 54 59 64 65 67 78 73 73 76 72 73 76 74 76 73 76 78 77 76 77 77 78 76 83 83 82 72 74 59 53 52 55 48 48 32 0 -1 -1 -1 73 2 39 45 48 6 6 0 -96 -1 -1 -1 -1 -1 -1 -1 -1 -1 -1 -1 -1 -1 -1 -9 -60 14 65 85 102 76 107 105 105 113 119 118 101 85 0 76 100 108 110 112 116 116 106 107 119 116 101 97 119 118 111 118 111 99 99 106 100 99 114 83 60 44 90 77 77 94 94 74 65 76 58 87 105 112 100 113 116 119 79 79 60 64 65 39 25 61 68 65 71 45 30 31 31 16 16 24 0 0 -74 -128 -12 -1 -1 -1 -1 -1 -1 -1 -1 -1 -1 -1 -1 -1 -1 -1 -1 -1 -1 -1 -1 -1 -1 -1 -9 -36 -40 -35 -32 -44 -44 -54 -53 -54 -55 -65 -77 -73 -73 -82 -79 -79 -78 -78 -77 -75 -75 -74 -102 -70 -70 -72 -73 -87 -88 -86 -86 -86 -84 -84 -84 -83 -83 -82 -82 -83 -84 -84 -94 -94 -96 -94 -97 -98 -97 -96 -94 -91 -89 -88 -89 -91 -91 -88 -98 -97 -96 -94 -92 -93 -92 -92 -92 -92 -92 -94 -91 -91 -93 -97 -96 -96 -96 -93 -88 -92 -93 -93 -89 -91 -91 -91 -89 -89 -87 -91 -100 -98 -98 -97 -97 -97 -98 -97 -96 -98 -100 -96 -97 -97 -97 -96 -96 -96 -97 -96 -98 -98 -96 -96 -96 -97 -97 -98 -94
73 77 74 83 87 91 91 90 82 81 82 90 88 79 93 96 91 85 68 68 60 64 64 56 58 58 72 83 79 87 93 84 84 105 111 97 97 100 102 105 112 105 99 105 99 99 111 114 106 110 116 113 112 108 106 105 116 116 116 117 111 106 108 113 77 101 105 105 93 24 24 -128 -1 100 119 118 105 107 111 110 107 106 105 105 104 101 101 104 105 106 108 112 114 112 114 117 117 113 108 106 108 100 113 117 105 102 113 111 116 116 118 117 114 111 112 111 112 112 112 100 101 97 97 99 97 95 94 89 88 89 90 90 94 100 100 100 97 100 96 97 95 91 99 99 99 100 97 97 96 100 97 88 93 94 91 91 77 74 79 88 88 60 45 0 0 0 59 84 77 77 70 73 77 77 72 79 48 54 60 71 87 88 73 74 76 72 72 72 66 70 72 74 76 81 76 65 64 64 64 60 37 0 -1 -1 -1 -1 -1 -1 -1 -1 -1 -1 -1 -1 -1 -1 -1 -1 -1 -1 4 44 59 64 64 65 66 71 68 71 73 76 77 74 76 76 77 77 74 76 78 78 78 79 82 79 78 74 74 81 81 59 48 52 55 56 43 0 0 21 25 20 20 0 38 44 41 26 -59 -1 -1 -1 -1 -1 -1 -1 -1 -1 -1 -1 -1 -1 -1 -1 -42 10 55 72 72 93 105 105 94 90 107 117 118 108 104 100 0 0 88 107 117 117 116 101 118 116 106 90 94 120 120 117 93 112 100 90 117 99 95 90 87 65 65 50 43 56 55 76 77 66 65 68 72 87 97 97 118 111 90 107 87 50 53 71 55 38 49 53 53 53 59 35 21 20 18 19 20 20 0 0 50 50 -73 -1 -1 -1 -1 -1 -1 -1 -1 -1 -1 -1 -1 -1 -1 -1 -1 -1 -1 -1 -3 -20 -31 -39 -39 -40 -26 -31 -41 -44 -54 -55 -55 -67 -74 -73 -81 -81 -79 -79 -79 -78 -78 -77 -78 -72 -73 -83 -102 -84 -84 -82 -81 -82 -88 -86 -87 -84 -83 -82 -81 -83 -82 -82 -82 -82 -84 -84 -86 -94 -94 -96 -96 -97 -94 -91 -91 -91 -91 -89 -88 -91 -91 -89 -98 -98 -94 -93 -93 -94 -96 -91 -92 -93 -88 -92 -93 -92 -98 -94 -93 -93 -93 -96 -93 -92 -91 -91 -88 -91 -91 -89 -88 -87 -87 -88 -100 -100 -98 -98 -97 -97 -97 -98 -98 -98 -97 -97 -98 -97 -97 -98 -96 -93 -96 -98 -96 -96 -94 -97 -97 -96 -96 -97 -96 -93
73 73 77 74 83 87 91 90 82 81 82 90 88 88 79 93 96 91 85 68 60 64 64 56 58 58 58 72 83 79 87 93 84 105 111 97 97 100 102 102 105 112 105 99 105 99 111 114 106 110 116 113 113 112 108 106 105 116 116 117 111 106 108 113 77 77 101 105 105 93 24 -128 -1 100 119 118 105 105 107 111 110 107 106 105 104 101 101 104 105 106 106 108 112 114 112 114 117 113 108 106 108 100 113 113 117 105 102 113 111 116 118 117 114 111 112 111 111 112 112 112 100 101 97 99 97 95 94 89 88 88 89 90 90 94 100 100 97 100 96 97 95 95 91 99 99 99 100 97 96 100 97 88 93 94 94 91 91 77 74 79 88 60 45 0 0 0 59 59 84 77 77 70 73 77 72 79 48 54 60 71 71 87 88 73 74 76 72 72 66 70 72 74 76 76 81 76 65 64 64 60 37 0 -1 -1 -1 -1 -1 -1 -1 -1 -1 -1 -1 -1 -1 -1 -1 -1 -1 -1 -1 4 44 59 64 65 66 71 68 71 73 73 76 77 74 76 76 77 74 76 78 78 78 79 79 82 79 78 74 74 81 59 48 52 55 56 43 43 0 0 21 25 20 0 38 44 41 26 -59 -59 -1 -1 -1 -1 -1 -1 -1 -1 -1 -1 -1 -1 -1 -1 -1 -42 10 55 72 93 105 105 94 90 107 107 117 118 108 104 100 0 88 107 117 117 116 101 101 118 116 106 90 94 120 117 93 112 100 90 117 117 99 95 90 87 65 50 43 56 55 76 77 77 66 65 68 72 87 97 118 111 90 107 87 50 50 53 71 55 38 49 53 53 59 35 21 20 18 18 19 20 20 0 0 50 -73 -1 -1 -1 -1 -1 -1 -1 -1 -1 -1 -1 -1 -1 -1 -1 -1 -1 -1 -1 -1 -3 -20 -31 -39 -40 -26 -31 -41 -44 -54 -54 -55 -55 -67 -74 -73 -81 -79 -79 -79 -78 -78 -77 -77 -78 -72 -73 -83 -102 -84 -82 -81 -82 -88 -86 -87 -87 -84 -83 -82 -81 -83 -82 -82 -82 -84 -84 -86 -94 -94 -94 -96 -96 -97 -94 -91 -91 -91 -89 -88 -91 -91 -91 -89 -98 -98 -94 -93 -94 -96 -91 -92 -93 -88 -88 -92 -93 -92 -98 -94 -93 -93 -96 -93 -92 -91 -91 -91 -88 -91 -91 -89 -88 -87 -88 -100 -100 -98 -98 -97 -97 -97 -97 -98 -98 -98 -97 -98 -97 -97 -98 -96 -93 -93 -96 -98 -96 -96 -94 -97 -96 -96 -97 -96 -93
74 77 74 83 87 89 89 89 82 81 78 88 88 79 93 96 91 84 67 67 58 61 64 56 55 58 72 82 79 87 91 84 84 105 111 97 96 100 102 105 112 105 97 104 99 99 111 114 106 108 116 113 112 108 106 105 116 114 114 116 111 106 108 113 76 101 105 105 93 78 78 -128 -128 97 116 117 105 107 111 111 107 108 106 106 104 101 101 104 105 105 106 112 113 111 113 117 117 113 108 105 110 101 112 116 104 102 113 111 116 116 118 117 112 111 113 111 111 112 112 101 102 97 97 99 97 95 94 89 88 89 89 90 94 100 100 100 97 100 96 97 95 91 99 99 97 101 97 97 95 100 97 88 93 94 90 91 77 74 79 88 88 64 56 52 -26 0 44 84 76 76 71 73 77 77 72 77 55 44 60 70 87 89 72 74 76 73 73 72 66 70 72 74 77 79 76 65 64 64 64 60 37 13 -73 -1 -1 -1 -1 -1 -1 -1 -1 -1 -1 -1 -1 -1 -1 -1 -1 -1 15 44 59 65 65 66 66 71 68 71 74 77 77 77 77 76 77 77 76 76 78 78 78 78 82 79 78 76 74 78 78 56 47 52 52 52 0 0 0 33 39 41 41 41 47 43 8 16 -1 -1 -1 -1 -1 -1 -1 -1 -1 -1 -1 -1 -1 -1 -1 -65 24 49 64 78 78 96 106 104 110 76 108 117 118 106 101 4 0 0 90 110 118 119 116 101 118 116 108 90 94 120 120 116 90 110 97 89 114 99 94 90 85 62 62 50 41 53 52 72 74 62 61 66 71 87 97 97 118 112 89 105 83 47 50 70 53 36 49 50 50 52 55 30 15 18 16 18 20 21 0 0 0 0 0 -1 -1 -1 -1 -1 -1 -1 -1 -1 -1 -1 -1 -1 -1 -1 -1 -21 -34 -30 -21 -8 -1 -1 -1 -13 -21 -31 -44 -44 -54 -54 -55 -67 -75 -75 -81 -81 -79 -79 -79 -78 -78 -77 -78 -72 -73 -83 -86 -101 -101 -82 -81 -82 -88 -87 -87 -83 -83 -82 -82 -83 -82 -82 -82 -83 -84 -84 -86 -94 -94 -96 -96 -97 -94 -91 -91 -91 -89 -89 -89 -89 -91 -89 -98 -98 -94 -94 -94 -93 -96 -92 -92 -93 -88 -92 -93 -92 -97 -94 -93 -93 -93 -96 -94 -92 -91 -91 -88 -92 -91 -89 -88 -88 -88 -88 -100 -100 -98 -98 -97 -97 -96 -98 -98 -98 -97 -97 -98 -97 -98 -98 -94 -93 -96 -98 -96 -97 -94 -97 -97 -97 -96 -97 -97 -92
74 74 72 77 89 90 74 68 81 81 89 84 82 82 84 83 87 95 78 78 81 68 60 59 61 68 68 77 79 79 96 108 108 108 107 93 95 110 110 110 113 112 111 113 113 116 114 114 116 113 113 113 113 106 111 111 117 116 117 118 112 113 119 120 83 83 118 120 118 116 95 73 0 85 110 110 110 110 118 118 116 114 112 108 105 102 101 101 104 104 104 106 108 112 112 111 116 114 111 104 100 99 111 111 111 106 107 112 112 117 112 119 113 112 113 112 112 111 110 102 105 100 97 96 97 93 91 89 90 90 90 90 93 95 99 97 99 99 97 97 93 93 94 95 97 95 95 101 101 96 94 100 94 87 87 82 76 84 82 94 99 85 83 37 0 22 70 70 82 67 67 76 74 77 64 68 65 39 71 78 78 87 77 70 71 76 73 76 70 67 73 74 76 76 77 78 66 72 68 56 42 26 0 -1 -1 -1 -1 -1 -1 -1 -1 -1 -1 -1 -1 -1 -1 -1 -1 -1 -1 21 43 56 62 64 68 68 68 73 77 77 81 78 78 78 79 77 77 81 81 82 81 81 81 78 76 76 77 77 74 48 48 52 49 14 0 0 0 38 47 50 49 47 45 1 -13 -1 -1 -1 -1 -1 -1 -1 -1 -1 -1 -1 -1 -1 -1 -1 -1 0 14 58 68 77 89 95 104 87 104 76 101 101 119 107 102 93 104 0 83 107 117 119 102 94 94 118 114 102 93 106 122 97 89 95 89 95 118 118 89 84 50 85 76 102 72 71 70 60 47 47 53 59 53 99 83 111 117 87 82 83 52 48 48 66 58 27 38 61 59 38 35 16 21 29 25 25 26 32 32 0 0 22 6 9 -1 -1 -1 -1 -1 -1 -1 -1 -1 -1 -1 -1 -7 -34 -37 -11 -1 -1 -1 -1 -1 -1 -13 -22 -40 -44 -53 -55 -63 -63 -64 -75 -72 -82 -81 -78 -78 -73 -73 -74 -73 -84 -84 -83 -79 -79 -77 -74 -106 -79 -83 -83 -88 -88 -84 -84 -83 -82 -79 -81 -81 -82 -83 -83 -86 -86 -96 -94 -94 -96 -96 -94 -93 -91 -89 -91 -91 -89 -89 -89 -89 -89 -97 -98 -97 -97 -96 -94 -97 -89 -92 -94 -87 -87 -96 -96 -93 -97 -93 -91 -93 -93 -92 -93 -92 -89 -89 -88 -91 -91 -89 -91 -89 -98 -100 -97 -98 -98 -97 -97 -97 -97 -97 -98 -98 -98 -98 -96 -98 -97 -92 -84 -84 -88 -88 -87 -94 -83 -86 -86 -86 -86 -86 -83
79 88 89 81 73 72 72 85 94 95 90 73 87 82 84 88 89 88 88 88 71 79 76 59 65 67 76 77 101 107 105 105 105 105 89 106 110 112 108 106 108 105 111 112 110 110 106 112 111 108 111 113 114 111 113 116 114 112 112 110 118 117 117 119 83 119 120 114 120 107 107 78 0 0 87 102 113 116 114 118 119 117 112 112 104 105 101 96 102 104 106 108 111 111 108 108 108 111 106 105 105 105 110 111 105 104 102 111 111 111 112 117 116 110 111 111 106 105 105 110 97 100 100 97 99 94 90 89 90 91 93 94 96 99 99 99 99 97 100 93 93 95 90 94 87 90 96 96 95 96 94 94 94 88 91 89 93 94 97 87 87 81 78 47 0 36 70 66 68 83 77 76 76 76 73 78 76 49 82 85 89 78 76 73 72 76 76 70 70 64 71 74 77 76 77 70 74 64 64 60 55 37 0 -46 -1 -1 -1 -1 -1 -1 -1 -1 -1 -1 -1 -1 -1 -1 -1 -1 21 43 56 65 65 67 68 65 70 77 77 79 77 77 78 79 74 74 78 82 82 79 77 79 79 72 76 79 77 62 62 52 52 53 45 35 0 0 39 48 52 48 48 44 31 19 -1 -1 -1 -1 -1 -1 -1 -1 -1 -1 -1 -1 -1 -1 -12 0 41 67 72 83 89 90 90 95 97 95 106 94 87 107 111 102 93 68 0 0 76 100 110 119 94 116 123 122 120 85 117 122 122 116 85 111 119 117 93 61 56 73 105 113 113 114 90 53 43 48 64 61 67 72 71 108 117 117 83 72 70 56 42 42 49 37 27 41 38 33 33 47 47 10 30 32 35 31 37 37 31 32 30 30 24 0 -1 -1 -1 -1 -1 -1 -1 -1 -1 -20 -20 -36 -23 -1 -1 -1 -1 -1 -1 -1 -1 -17 -17 -25 -44 -54 -56 -65 -64 -74 -73 -82 -81 -75 -73 -73 -73 -79 -83 -83 -81 -81 -82 -78 -77 -74 -73 -97 -97 -88 -84 -84 -87 -86 -84 -82 -82 -78 -75 -81 -83 -83 -84 -84 -86 -94 -96 -96 -96 -94 -94 -92 -91 -91 -91 -91 -89 -88 -89 -89 -89 -98 -97 -98 -97 -93 -93 -92 -94 -89 -88 -93 -94 -97 -96 -94 -96 -92 -92 -92 -93 -91 -89 -92 -89 -89 -88 -91 -89 -89 -88 -89 -89 -98 -98 -97 -98 -98 -96 -98 -97 -96 -97 -98 -97 -97 -93 -94 -84 -84 -84 -87 -86 -86 -86 -84 -86 -87 -87 -87 -86 -89 -88 -89
84 84 79 72 77 87 90 93 91 84 72 85 95 95 93 85 93 95 97 83 82 87 70 66 67 70 70 93 102 107 100 94 91 93 97 110 110 107 108 108 105 105 104 110 107 107 104 112 110 110 110 111 111 112 113 114 117 114 114 116 116 117 117 117 84 84 118 108 119 118 97 101 25 0 0 83 99 99 105 117 114 111 119 112 108 105 102 102 100 104 104 106 107 112 111 106 104 99 101 105 101 106 108 108 107 106 104 102 105 104 113 110 110 105 110 106 106 104 105 111 106 101 94 99 100 96 93 91 94 94 94 95 96 99 99 97 99 97 93 90 88 88 89 88 87 89 93 93 94 96 95 93 94 90 90 90 99 91 84 82 81 84 68 39 0 14 55 55 85 90 82 88 85 85 82 90 90 58 96 94 94 77 70 84 84 77 72 65 66 72 72 73 78 78 77 73 73 66 66 61 56 54 31 -55 -1 -1 -1 -1 -1 -1 -1 -1 -1 -1 -1 -1 -1 -1 -1 -1 -1 21 41 59 70 68 70 66 72 79 83 83 74 81 78 79 82 81 84 84 82 77 82 83 83 82 77 78 82 65 59 56 52 53 43 30 0 0 0 32 38 37 0 19 -69 -39 -1 -1 -1 -1 -1 -1 -1 -1 -1 -1 -1 -1 -1 20 8 55 55 67 76 79 87 89 89 95 97 96 108 101 65 65 105 93 73 -128 0 71 97 101 120 114 104 120 120 118 118 93 112 123 112 79 110 117 96 88 65 65 74 95 84 117 118 88 66 32 52 48 61 61 72 76 91 106 117 88 68 76 58 55 60 42 42 30 47 50 55 42 41 43 27 16 32 29 31 31 35 38 35 31 33 24 22 0 -1 -1 -1 -1 -1 -1 -1 -8 -31 -36 -9 -1 -1 -1 -1 -1 -1 -1 -1 -1 -1 -14 -18 -42 -54 -54 -64 -64 -75 -75 -82 -81 -82 -78 -81 -69 -82 -82 -81 -79 -79 -81 -81 -78 -75 -73 -73 -73 -83 -106 -84 -86 -84 -84 -83 -83 -82 -82 -79 -77 -81 -83 -84 -84 -94 -94 -96 -97 -97 -96 -94 -92 -91 -89 -91 -91 -89 -91 -88 -89 -97 -97 -98 -98 -98 -94 -86 -84 -93 -92 -96 -93 -96 -96 -98 -100 -88 -93 -91 -91 -89 -88 -89 -91 -89 -89 -89 -89 -91 -91 -91 -88 -91 -98 -96 -96 -100 -98 -94 -94 -97 -96 -96 -86 -86 -86 -83 -84 -86 -87 -87 -88 -88 -86 -86 -86 -89 -93 -93 -92 -89 -96 -105 -103
84 79 72 77 87 90 90 93 91 84 72 85 95 93 85 93 95 97 83 83 82 87 70 66 67 70 93 102 107 100 94 91 91 93 97 110 110 107 108 105 105 104 110 107 107 107 104 112 110 110 110 111 112 113 114 117 114 114 114 116 116 117 117 117 84 118 108 119 118 97 97 101 25 0 0 83 99 105 117 114 111 119 112 112 108 105 102 102 100 104 106 107 112 111 106 104 104 99 101 105 101 106 108 107 106 104 102 105 104 104 113 110 110 105 110 106 104 105 111 106 101 94 94 99 100 96 93 91 94 94 95 96 99 99 99 97 99 97 93 90 88 89 88 87 89 93 93 93 94 96 95 93 94 90 90 99 91 84 82 81 81 84 68 39 0 14 55 85 90 82 88 85 85 85 82 90 90 58 96 94 77 70 84 84 77 72 72 65 66 72 72 73 78 77 73 73 66 66 66 61 56 54 31 -55 -1 -1 -1 -1 -1 -1 -1 -1 -1 -1 -1 -1 -1 -1 -1 -1 21 41 59 70 70 68 70 66 72 79 83 74 81 78 79 82 81 81 84 84 82 77 82 83 82 77 78 82 65 59 59 56 52 53 43 30 0 0 32 38 37 0 0 19 -69 -39 -1 -1 -1 -1 -1 -1 -1 -1 -1 -1 -1 -1 -1 20 8 55 67 76 79 87 89 89 89 95 97 96 108 101 65 105 93 73 -128 0 71 71 97 101 120 114 104 120 118 118 93 112 123 112 112 79 110 117 96 88 65 74 95 84 117 118 118 88 66 32 52 48 61 72 76 91 106 117 88 88 68 76 58 55 60 42 30 47 50 55 42 41 41 43 27 16 32 29 31 35 38 35 31 33 24 24 22 0 -1 -1 -1 -1 -1 -1 -8 -31 -36 -9 -9 -1 -1 -1 -1 -1 -1 -1 -1 -1 -14 -18 -18 -42 -54 -54 -64 -64 -75 -82 -81 -82 -78 -81 -69 -69 -82 -82 -81 -79 -79 -81 -78 -75 -73 -73 -73 -83 -83 -106 -84 -86 -84 -84 -83 -82 -82 -79 -77 -81 -83 -83 -84 -84 -94 -94 -96 -97 -96 -94 -92 -91 -89 -91 -91 -91 -89 -91 -88 -89 -97 -98 -98 -98 -94 -86 -86 -84 -93 -92 -96 -93 -96 -98 -100 -88 -93 -91 -91 -91 -89 -88 -89 -91 -89 -89 -89 -91 -91 -91 -88 -91 -91 -98 -96 -96 -100 -98 -94 -97 -96 -96 -86 -86 -86 -86 -83 -84 -86 -87 -87 -88 -86 -86 -86 -89 -93 -93 -93 -92 -89 -96 -105 -103
83 83 79 72 77 87 90 91 91 84 73 85 96 96 93 87 93 95 99 84 81 87 70 65 66 70 70 93 102 107 102 96 91 93 99 110 108 107 107 107 105 106 104 110 108 107 105 113 110 110 110 111 111 112 113 114 117 114 117 116 116 117 117 118 83 83 118 108 119 117 99 112 90 59 0 0 82 82 94 112 113 111 119 113 108 105 104 102 101 104 104 106 107 112 111 106 104 96 99 102 99 106 108 108 107 106 104 104 105 104 113 110 110 105 110 105 105 102 105 108 107 101 94 99 100 96 93 91 95 95 94 95 96 100 99 99 99 97 93 90 88 88 89 88 87 85 90 93 94 96 94 93 94 90 90 90 99 91 84 82 81 84 68 39 0 0 55 55 85 91 83 88 88 85 84 90 90 60 99 96 96 77 70 84 84 77 72 67 66 72 73 73 78 78 77 73 72 66 66 61 59 59 36 -54 -1 -1 -1 -1 -1 -1 -1 -1 -1 -1 -1 -1 -1 -1 -1 -1 -1 21 41 60 71 68 72 66 73 79 83 83 74 82 78 79 82 81 85 85 82 77 82 83 83 82 77 78 81 62 59 56 56 53 43 30 2 2 -46 -44 16 7 -1 -1 -42 -42 -1 -1 -1 -1 -1 -1 -1 -1 -1 -1 -1 -1 -58 29 54 66 66 76 79 83 88 89 90 95 97 96 108 106 61 61 96 0 -120 -128 73 102 108 104 120 114 104 122 122 119 118 93 112 123 112 79 110 117 97 89 64 64 73 95 87 119 119 88 65 31 52 48 61 61 72 74 93 107 114 85 68 72 55 53 59 41 41 27 47 53 58 42 38 43 29 14 32 29 31 31 37 41 35 32 35 24 18 0 -1 -1 -1 -1 -1 -21 -37 -26 -1 -1 -1 -1 -1 -1 -1 -1 -1 -1 -1 -1 -1 -13 -20 -42 -55 -54 -64 -64 -75 -75 -82 -82 -83 -78 -81 -72 -82 -82 -81 -79 -79 -82 -82 -78 -75 -73 -73 -73 -77 -115 -84 -84 -84 -84 -84 -84 -82 -81 -79 -77 -81 -83 -84 -84 -94 -94 -96 -97 -97 -96 -94 -92 -91 -89 -89 -91 -88 -91 -89 -89 -98 -98 -98 -98 -100 -94 -86 -84 -93 -92 -94 -93 -97 -97 -98 -98 -88 -93 -91 -91 -89 -88 -91 -91 -89 -89 -89 -89 -91 -91 -89 -88 -89 -98 -97 -96 -100 -98 -96 -96 -96 -94 -96 -86 -86 -87 -84 -86 -86 -84 -86 -87 -87 -84 -86 -87 -89 -93 -93 -92 -91 -97 -105 -103
77 85 88 88 90 93 93 81 78 73 81 85 84 91 97 97 101 90 83 83 94 94 61 72 77 99 102 102 101 90 88 89 89 106 110 107 104 104 106 104 101 104 108 108 104 104 106 111 110 108 111 110 111 108 114 114 114 113 113 114 114 113 116 117 82 118 116 118 116 116 116 118 111 101 83 -128 -128 79 102 111 111 110 105 105 110 105 104 101 102 102 105 110 114 113 96 93 93 93 95 97 100 105 108 108 102 97 101 104 106 106 110 110 110 112 105 102 101 102 107 100 101 91 91 99 100 100 94 93 89 93 95 99 101 93 93 99 97 97 93 93 87 89 88 88 82 81 90 90 91 94 91 90 90 84 79 89 88 83 91 85 85 89 78 64 37 0 76 87 89 78 89 89 91 91 89 87 78 47 77 84 70 83 79 85 76 72 72 71 73 77 79 78 81 78 82 66 68 67 67 62 62 55 33 -54 -1 -1 -1 -1 -1 -1 -1 -1 -1 -1 -1 -1 -1 -1 -1 -1 16 45 58 61 61 64 64 71 73 73 74 77 79 82 79 84 84 84 85 83 82 84 84 83 79 78 74 66 58 59 59 54 55 52 43 30 12 -1 -1 -1 -1 -1 -1 -1 -1 -1 -1 -1 -1 -1 -1 -1 -1 -1 -1 -1 -1 -17 33 66 82 79 73 81 87 89 87 89 89 96 87 99 105 96 70 68 -128 -128 83 106 105 105 108 108 122 105 119 120 119 100 111 125 116 83 83 85 112 114 96 94 67 88 118 111 119 104 104 58 35 67 60 48 61 72 77 100 90 91 71 71 44 68 59 41 47 39 47 58 58 53 35 31 31 32 20 32 29 21 35 38 37 32 31 27 16 16 10 0 -1 -7 -34 -36 -9 -1 -1 -1 -1 -1 -1 -1 -1 -1 -1 -1 -1 -1 -1 -11 -13 -25 -25 -45 -55 -65 -64 -75 -72 -81 -81 -78 -69 -81 -83 -83 -83 -82 -79 -77 -79 -79 -74 -74 -72 -70 -73 -82 -82 -103 -98 -86 -84 -84 -82 -81 -81 -77 -81 -79 -82 -82 -84 -86 -96 -94 -96 -96 -94 -93 -89 -89 -89 -91 -91 -91 -91 -91 -89 -98 -98 -98 -98 -94 -94 -83 -83 -87 -97 -101 -100 -89 -92 -98 -96 -87 -89 -89 -89 -89 -91 -91 -88 -89 -89 -89 -91 -89 -89 -88 -88 -89 -89 -98 -97 -97 -97 -96 -93 -86 -84 -86 -84 -86 -86 -86 -84 -86 -84 -86 -86 -91 -92 -89 -96 -97 -96 -102 -102 -100 -98 -102 -102 -97
89 89 90 81 84 90 76 72 74 88 91 94 91 91 99 96 94 78 84 101 99 73 85 101 102 101 101 100 91 94 87 95 106 106 106 102 102 100 101 101 100 96 97 101 104 105 101 105 105 105 105 107 107 107 112 112 112 97 99 114 114 112 113 113 81 81 114 114 116 118 116 117 114 104 96 67 -128 -128 0 87 89 94 99 105 113 114 113 104 104 97 97 105 108 117 108 89 102 97 96 104 107 108 111 111 94 94 102 107 108 106 108 110 113 114 101 105 105 100 102 99 99 101 93 95 100 95 93 93 91 91 96 96 100 94 95 96 96 99 96 95 91 91 89 82 82 81 85 84 85 91 87 89 89 84 84 88 96 89 74 82 71 84 81 68 45 0 54 54 66 62 73 81 85 77 77 83 82 59 64 85 85 81 72 76 74 76 77 71 76 79 81 82 83 83 84 77 65 66 67 68 62 54 37 -63 -1 -1 -1 -1 -1 -1 -1 -1 -1 -1 -1 -1 -1 -1 -1 -1 -1 4 41 55 65 68 68 81 71 76 77 77 78 81 77 79 83 84 85 87 85 84 84 81 81 81 76 67 66 56 54 56 53 50 42 6 -39 -39 -1 -1 -1 -1 -1 -46 -40 -1 -1 -1 -1 -1 -1 -1 -1 -1 -1 -1 -1 25 68 88 95 78 78 62 81 85 89 88 91 101 93 100 106 88 78 78 53 -128 -128 78 104 111 118 119 107 111 119 114 114 120 101 124 113 90 82 114 116 119 90 73 82 82 102 118 97 114 91 70 73 79 52 61 68 68 66 84 81 71 50 56 49 61 27 49 47 55 55 56 47 39 37 42 27 30 21 37 22 26 38 38 38 35 31 29 30 18 0 -128 -37 -25 -1 -1 -1 -1 -1 -1 -1 -1 -1 -1 -1 -1 -1 -1 -1 -1 -30 -13 -13 -20 -41 -55 -54 -64 -65 -74 -82 -82 -81 -78 -83 -79 -83 -86 -82 -78 -78 -77 -78 -75 -75 -74 -72 -72 -73 -75 -83 -86 -115 -86 -83 -83 -82 -82 -79 -78 -79 -81 -78 -83 -84 -96 -96 -96 -94 -94 -94 -93 -92 -91 -91 -91 -91 -91 -91 -91 -98 -98 -98 -98 -98 -97 -92 -96 -91 -96 -100 -97 -97 -87 -94 -94 -97 -94 -88 -89 -91 -93 -92 -91 -89 -89 -88 -89 -89 -91 -89 -89 -88 -88 -88 -87 -97 -96 -87 -84 -84 -84 -86 -86 -87 -86 -86 -86 -86 -86 -87 -91 -92 -94 -94 -93 -93 -96 -93 -92 -92 -88 -97 -101 -96 -97
79 73 82 91 79 73 73 88 90 95 91 95 94 94 97 85 83 97 96 96 85 97 100 100 96 99 93 99 93 102 104 106 106 106 104 104 102 99 96 88 88 94 96 102 96 96 96 107 102 93 93 99 101 110 110 105 102 111 111 113 106 106 107 112 77 112 111 113 116 116 116 116 107 106 110 87 38 -122 -128 53 81 94 112 112 118 118 107 104 101 99 101 105 112 106 110 101 101 90 95 111 112 104 87 95 106 110 108 106 108 108 104 107 112 111 104 105 106 104 102 105 97 91 91 93 90 90 97 89 88 96 95 93 94 99 99 97 97 100 94 89 85 87 81 82 84 88 82 82 83 89 83 85 91 95 97 91 90 85 70 79 79 76 77 61 38 0 0 36 45 53 64 73 72 72 74 74 81 65 53 84 73 76 72 66 73 70 70 67 71 76 81 78 83 83 73 70 71 67 67 67 60 55 41 0 -1 -1 -1 -1 -1 -1 -1 -1 -1 -1 -1 -1 -1 -1 -1 -1 0 42 55 64 64 67 79 82 76 79 83 79 81 83 84 84 85 85 85 89 89 88 88 87 74 68 67 60 55 55 55 58 52 44 32 16 -1 -1 -1 -1 -1 -1 -1 -47 -44 -1 -1 -1 -1 -1 -1 -1 -1 -1 -1 -1 49 52 95 99 91 78 61 74 81 90 85 97 97 82 88 91 107 101 105 48 0 -128 0 72 101 101 114 105 104 116 118 108 117 123 117 83 102 117 117 120 120 90 66 78 108 106 110 88 73 67 67 44 72 91 44 55 66 74 83 76 53 49 56 56 32 30 29 50 64 47 45 21 36 36 39 30 30 22 24 29 20 29 41 37 35 35 26 7 0 0 0 -128 -1 -1 -1 -1 -1 -1 -1 -1 -1 -1 -1 -1 -1 -1 -1 -1 -8 -32 -27 -23 -16 -46 -46 -54 -54 -64 -75 -82 -79 -79 -77 -83 -83 -81 -87 -87 -79 -67 -78 -75 -75 -78 -74 -70 -72 -75 -81 -84 -84 -84 -110 -91 -83 -83 -82 -81 -81 -81 -81 -82 -84 -84 -94 -96 -96 -94 -94 -96 -93 -92 -92 -91 -91 -89 -89 -89 -91 -100 -97 -96 -98 -98 -97 -94 -98 -93 -93 -98 -94 -91 -93 -97 -97 -92 -93 -92 -89 -92 -93 -93 -89 -88 -88 -89 -88 -88 -89 -87 -87 -87 -88 -87 -87 -86 -86 -86 -84 -84 -87 -86 -86 -86 -86 -86 -86 -86 -87 -89 -92 -94 -93 -93 -92 -91 -103 -101 -98 -100 -100 -100 -101 -100 -94 -86
79 79 73 82 91 79 73 88 90 95 91 95 94 94 94 97 85 83 97 96 85 97 100 100 96 99 99 93 99 93 102 104 106 106 104 104 102 99 96 96 88 88 94 96 102 96 96 107 102 93 93 99 99 101 110 110 105 102 111 113 106 106 107 112 77 77 112 111 113 116 116 116 107 106 110 87 38 38 -122 -128 53 81 94 112 118 118 107 104 101 99 99 101 105 112 106 110 101 90 95 111 112 104 87 87 95 106 110 108 106 108 104 107 112 111 104 105 105 106 104 102 105 97 91 93 90 90 97 89 88 88 96 95 93 94 99 97 97 100 94 89 85 85 87 81 82 84 88 82 83 89 83 85 91 95 95 97 91 90 85 70 79 76 77 61 38 0 0 0 36 45 53 64 73 72 74 74 81 65 53 84 84 73 76 72 66 73 70 67 71 76 81 78 83 83 83 73 70 71 67 67 60 55 41 0 -1 -1 -1 -1 -1 -1 -1 -1 -1 -1 -1 -1 -1 -1 -1 -1 -1 0 42 55 64 67 79 82 76 79 83 83 79 81 83 84 84 85 85 89 89 88 88 87 87 74 68 67 60 55 55 58 52 44 32 16 -1 -1 -1 -1 -1 -1 -1 -47 -44 -1 -1 -1 -1 -1 -1 -1 -1 -1 -1 -1 49 52 95 99 91 78 78 61 74 81 90 85 97 82 88 91 107 101 105 105 48 0 -128 0 72 101 114 105 104 116 118 108 108 117 123 117 83 102 117 120 120 90 66 78 108 108 106 110 88 73 67 44 72 91 44 55 66 66 74 83 76 53 49 56 32 30 29 50 64 47 47 45 21 36 36 39 30 22 24 29 20 29 41 41 37 35 35 26 7 0 0 -128 -1 -1 -1 -1 -1 -1 -1 -1 -1 -1 -1 -1 -1 -1 -1 -1 -8 -8 -32 -27 -23 -16 -46 -54 -54 -64 -75 -82 -79 -79 -79 -77 -83 -83 -81 -87 -79 -67 -78 -75 -75 -78 -78 -74 -70 -72 -75 -81 -84 -84 -110 -91 -83 -83 -82 -82 -81 -81 -81 -81 -82 -84 -94 -96 -96 -94 -94 -96 -96 -93 -92 -92 -91 -91 -89 -89 -91 -100 -97 -96 -98 -98 -98 -97 -94 -98 -93 -98 -94 -91 -93 -97 -97 -97 -92 -93 -92 -89 -92 -93 -89 -88 -88 -89 -88 -88 -88 -89 -87 -87 -87 -88 -87 -86 -86 -86 -84 -84 -87 -87 -86 -86 -86 -86 -86 -86 -87 -89 -92 -94 -93 -93 -93 -92 -91 -103 -101 -98 -100 -100 -101 -100 -94 -86
68 72 90 88 82 91 91 90 93 90 91 93 89 94 91 73 87 84 79 79 83 91 97 97 91 96 102 95 93 102 94 102 102 100 100 99 100 101 95 96 99 99 94 93 100 100 105 105 102 95 99 93 108 104 102 100 111 108 108 104 107 110 110 108 74 111 106 106 107 108 108 113 116 113 112 114 101 78 -128 0 0 89 100 100 111 104 99 102 106 105 104 101 96 104 91 85 85 89 96 108 101 95 84 101 106 107 97 104 104 104 106 105 107 111 105 97 101 101 105 105 97 94 94 93 91 93 90 84 88 91 91 90 93 95 95 97 97 99 94 90 84 84 82 83 82 82 81 81 82 87 83 84 85 90 89 85 90 78 83 81 81 77 72 68 54 56 0 0 0 0 0 55 71 71 84 82 72 73 45 73 82 82 78 72 67 72 72 65 72 77 82 79 82 82 71 68 72 68 68 68 59 60 39 0 -1 -1 -1 -1 -1 -1 -1 -1 -1 -1 -1 -1 -1 -1 -1 -1 0 48 61 67 67 72 79 73 73 77 76 73 77 82 83 84 85 85 88 94 95 90 85 83 70 64 62 56 55 60 60 56 49 41 0 0 -1 -1 -1 -1 -1 -1 -1 -1 -1 -1 -1 -1 -1 -1 -1 -1 -1 -42 29 29 31 79 94 89 89 82 61 78 77 85 91 74 74 79 93 100 100 111 107 60 65 47 0 38 85 85 88 93 113 119 116 104 116 120 90 106 114 120 120 119 104 71 78 101 120 107 79 61 74 93 93 71 62 43 45 59 61 83 85 71 65 48 36 36 42 37 42 41 32 29 20 33 30 30 33 24 24 35 20 22 18 36 33 21 13 3 8 24 22 22 6 -128 -60 -1 -1 -1 -1 -1 -1 -1 -1 -1 -1 -1 -1 -1 -1 -1 -1 -12 -16 -14 -41 -64 -64 -64 -64 -64 -73 -82 -81 -79 -86 -84 -83 -78 -86 -86 -69 -68 -74 -77 -78 -79 -74 -68 -73 -79 -82 -86 -86 -84 -91 -111 -83 -83 -82 -82 -83 -82 -81 -89 -93 -93 -94 -94 -94 -94 -94 -92 -93 -93 -92 -92 -91 -91 -91 -89 -89 -97 -98 -97 -98 -98 -94 -96 -98 -88 -88 -88 -91 -94 -97 -100 -94 -92 -89 -92 -92 -91 -93 -93 -89 -87 -87 -89 -88 -86 -86 -86 -86 -87 -88 -86 -86 -86 -86 -87 -86 -86 -88 -87 -87 -86 -86 -89 -91 -91 -88 -92 -94 -93 -92 -92 -91 -94 -103 -102 -97 -100 -100 -101 -101 -94 -93 -87
68 68 72 90 88 82 91 90 93 90 90 91 89 89 95 93 73 85 84 81 83 91 99 97 90 96 96 102 95 93 101 93 102 100 100 99 100 101 97 97 99 99 99 94 93 100 105 105 102 95 99 93 93 108 105 104 100 111 110 105 107 110 110 106 74 74 111 108 108 107 108 112 114 113 112 118 112 112 106 87 85 0 0 58 95 95 95 102 106 105 105 104 99 89 93 73 68 84 96 108 99 95 84 84 102 107 106 97 104 105 106 105 105 110 105 97 97 101 101 106 106 97 94 94 91 90 88 84 87 87 91 91 88 90 95 97 97 99 94 90 84 84 84 83 83 83 82 81 82 87 82 84 85 90 90 89 83 88 79 82 83 77 72 71 65 73 53 53 47 55 58 0 22 66 83 82 72 76 44 72 72 81 82 78 72 70 72 64 72 76 81 78 83 83 82 72 68 72 68 68 59 60 41 0 -1 -1 -1 -1 -1 -1 -1 -1 -1 -1 -1 -1 -1 -1 -1 -1 -84 37 59 64 66 71 79 72 71 76 74 74 73 77 82 83 84 85 90 96 95 91 85 82 82 70 62 62 55 56 60 58 50 43 12 25 0 0 -1 -1 -1 -1 -1 -1 -1 -1 -1 -1 -1 -1 -1 43 13 13 13 65 81 84 94 89 89 82 82 60 78 78 85 91 72 79 93 100 99 111 107 107 83 83 71 53 0 0 60 82 113 119 114 104 104 116 119 90 106 113 120 118 102 70 78 101 122 122 108 77 59 71 93 71 62 42 43 59 61 61 83 85 70 62 45 37 44 38 44 42 31 26 26 19 32 30 30 32 22 35 14 0 0 6 15 15 22 35 35 31 31 26 14 0 0 -1 -1 -1 -1 -1 -1 -1 -1 -1 -1 -1 -1 -1 -1 -1 -1 -1 -12 -16 -13 -41 -64 -64 -64 -64 -73 -82 -81 -81 -78 -87 -86 -83 -78 -84 -69 -68 -74 -77 -79 -81 -81 -74 -68 -72 -79 -82 -86 -84 -86 -112 -84 -83 -81 -81 -82 -83 -82 -81 -91 -93 -94 -94 -94 -94 -94 -92 -92 -93 -93 -92 -92 -91 -91 -89 -88 -98 -98 -98 -98 -98 -98 -93 -96 -98 -88 -87 -89 -96 -97 -98 -93 -93 -92 -89 -91 -92 -89 -91 -91 -88 -87 -89 -88 -86 -86 -86 -86 -87 -88 -88 -87 -87 -86 -86 -86 -86 -87 -87 -87 -87 -86 -86 -88 -91 -88 -92 -94 -93 -93 -93 -93 -92 -94 -103 -102 -97 -101 -101 -101 -94 -93 -86
74 78 82 77 89 91 91 93 90 88 93 94 93 94 89 91 96 93 88 88 91 99 99 95 89 95 87 78 90 87 96 104 104 101 102 101 101 101 99 100 96 94 94 99 102 102 102 101 101 102 105 106 106 102 99 94 105 100 100 102 113 112 112 111 79 104 100 105 106 108 108 110 108 104 104 112 117 113 108 89 87 58 0 0 0 81 76 84 82 87 93 91 84 7 0 0 0 68 81 91 96 94 88 102 106 101 93 104 107 107 107 107 104 106 96 96 104 106 106 102 97 96 96 93 93 91 91 88 90 90 94 89 90 95 95 97 96 97 99 95 88 83 83 84 85 82 77 77 79 81 83 84 78 88 87 91 93 93 90 87 87 95 89 82 96 72 65 55 70 50 0 0 42 42 72 81 83 73 38 72 73 78 83 79 67 62 62 70 71 78 79 74 73 77 72 71 72 65 65 65 67 61 42 0 -44 -1 -1 -1 -1 -1 -1 -1 -1 -1 -1 -1 -1 -1 -1 0 52 66 68 71 71 79 76 74 68 73 73 76 78 82 84 84 88 88 94 96 89 85 72 67 64 65 60 58 60 61 61 54 49 47 43 39 32 0 6 -49 -1 -51 -51 -92 -40 -1 -1 -1 -41 14 24 45 50 59 76 76 85 82 94 90 93 81 71 78 78 82 95 73 73 87 96 100 100 100 101 101 68 82 77 65 -128 -128 -128 93 112 100 111 116 119 91 100 122 118 114 114 113 74 95 107 83 108 81 43 68 90 48 48 70 52 45 52 50 61 74 66 43 39 50 52 52 62 49 45 49 47 39 30 38 39 37 29 26 26 1 0 0 0 33 39 37 38 33 31 30 25 25 15 0 0 -1 -1 -1 -1 -1 -1 -1 -1 -1 -1 -1 -1 -1 -1 -1 -13 -11 -11 -11 -40 -44 -44 -54 -64 -73 -82 -81 -75 -74 -86 -77 -70 -79 -77 -77 -75 -67 -74 -77 -81 -81 -70 -67 -72 -81 -84 -84 -84 -86 -84 -94 -101 -83 -83 -81 -92 -92 -91 -91 -92 -92 -92 -93 -93 -93 -93 -92 -93 -92 -91 -91 -91 -91 -91 -88 -98 -100 -97 -93 -96 -98 -89 -98 -97 -87 -87 -89 -98 -100 -97 -94 -92 -92 -88 -89 -92 -88 -91 -91 -91 -88 -87 -89 -87 -84 -86 -87 -89 -88 -88 -88 -88 -87 -88 -84 -86 -86 -87 -86 -86 -87 -93 -96 -91 -91 -87 -87 -94 -94 -94 -101 -89 -92 -103 -102 -100 -101 -101 -101 -96 -94 -96 -84
88 88 81 81 81 87 87 84 78 89 93 88 87 87 93 91 94 89 94 95 97 102 100 89 82 84 84 87 88 91 101 104 106 104 97 100 95 88 85 85 93 97 94 95 96 89 96 97 90 96 104 101 101 99 101 97 102 95 100 112 111 102 110 114 78 78 113 113 114 116 110 105 101 94 110 113 102 102 102 113 104 83 96 91 0 0 0 43 0 0 0 0 0 0 0 56 0 0 48 67 78 78 99 99 105 105 94 93 104 106 106 105 102 97 96 107 107 113 99 96 96 93 95 95 95 95 93 87 88 88 88 90 90 89 95 95 97 99 96 94 88 88 83 83 82 78 76 78 76 76 81 79 83 83 83 82 79 91 85 87 82 84 88 89 78 93 84 84 82 71 41 0 0 14 58 76 77 82 49 74 74 67 74 77 72 66 71 71 72 77 67 64 70 70 73 74 77 74 66 71 72 55 48 29 0 0 -1 -1 -1 -1 -1 -1 -1 -1 -1 -1 -1 -1 -1 25 35 59 68 71 78 82 77 78 68 73 76 76 77 78 82 83 85 88 91 82 81 72 65 65 65 61 67 64 62 64 59 52 52 54 50 49 48 48 45 39 0 0 -91 -111 0 0 19 0 9 9 50 54 66 71 81 78 78 90 89 91 94 83 83 70 76 78 81 89 81 90 77 93 97 100 102 102 106 60 100 95 66 39 0 96 99 99 110 116 116 116 100 116 122 104 119 73 91 93 94 70 89 89 56 67 81 77 67 111 49 50 53 50 72 72 54 42 38 56 62 41 42 33 53 62 67 48 48 38 38 42 19 0 9 3 1 0 0 31 37 37 36 35 33 30 25 18 12 0 -86 -1 -1 -1 -1 -1 -1 -1 -1 -1 -1 -1 -1 -1 -1 -1 -12 -12 -11 -16 -30 -45 -55 -53 -67 -83 -78 -77 -73 -73 -78 -83 -72 -79 -79 -86 -77 -68 -74 -75 -81 -82 -82 -68 -68 -75 -83 -83 -86 -86 -83 -83 -115 -82 -83 -83 -91 -91 -92 -91 -91 -91 -92 -93 -93 -92 -92 -92 -92 -92 -92 -91 -92 -92 -89 -97 -97 -96 -93 -93 -98 -98 -100 -94 -100 -96 -93 -94 -96 -94 -91 -89 -89 -89 -88 -87 -91 -92 -89 -89 -88 -98 -89 -91 -97 -86 -86 -86 -88 -89 -86 -88 -89 -87 -88 -86 -86 -88 -91 -91 -87 -87 -91 -98 -93 -86 -87 -92 -97 -94 -102 -101 -101 -100 -100 -101 -103 -100 -102 -93 -93 -97 -97 -100
88 81 81 81 87 87 87 84 78 89 93 88 87 93 91 94 89 94 95 95 97 102 100 89 82 84 87 88 91 101 104 106 106 104 97 100 95 88 85 93 97 94 95 96 89 89 96 97 90 96 104 101 99 101 97 102 95 100 100 112 111 102 110 114 78 113 113 114 116 110 110 105 101 94 110 113 102 102 113 104 83 96 91 91 0 0 0 43 0 0 0 0 0 0 56 0 0 0 48 67 78 78 99 105 105 94 93 104 106 106 106 105 102 97 96 107 113 99 96 96 93 95 95 95 95 95 93 87 88 88 90 90 89 95 95 95 97 99 96 94 88 83 83 82 78 76 78 78 76 76 81 79 83 83 82 79 91 85 87 82 82 84 88 89 78 93 84 82 71 41 0 0 14 14 58 76 77 82 49 74 67 74 77 72 66 71 71 71 72 77 67 64 70 73 74 77 74 66 66 71 72 55 48 29 0 -1 -1 -1 -1 -1 -1 -1 -1 -1 -1 -1 -1 -1 25 35 59 68 71 78 78 82 77 78 68 73 76 77 78 82 83 85 88 88 91 82 81 72 65 65 61 67 64 62 64 59 59 52 52 54 50 49 48 45 39 0 0 -91 -91 -111 0 0 19 0 9 50 54 66 71 81 78 78 78 90 89 91 94 83 70 76 78 81 89 81 81 90 77 93 97 100 102 106 60 100 95 66 39 39 0 96 99 99 110 116 116 100 116 122 104 119 119 73 91 93 94 70 89 56 67 81 77 67 67 111 49 50 53 50 72 54 42 38 56 62 41 41 42 33 53 62 67 48 38 38 42 19 0 9 9 3 1 0 0 31 37 36 35 33 30 25 18 18 12 0 -86 -1 -1 -1 -1 -1 -1 -1 -1 -1 -1 -1 -1 -1 -1 -1 -12 -11 -16 -30 -45 -55 -55 -53 -67 -83 -78 -77 -73 -78 -83 -72 -79 -79 -86 -86 -77 -68 -74 -75 -81 -82 -68 -68 -75 -83 -83 -86 -86 -86 -83 -83 -115 -82 -83 -91 -91 -92 -91 -91 -91 -91 -92 -93 -93 -92 -92 -92 -92 -92 -91 -92 -92 -89 -89 -97 -97 -96 -93 -93 -98 -100 -94 -100 -96 -93 -93 -94 -96 -94 -91 -89 -89 -88 -87 -91 -92 -89 -89 -89 -88 -98 -89 -91 -97 -86 -86 -88 -89 -86 -88 -89 -89 -87 -88 -86 -86 -88 -91 -87 -87 -91 -98 -93 -86 -86 -87 -92 -97 -94 -102 -101 -100 -100 -101 -103 -100 -102 -102 -93 -93 -97 -97 -100
79 79 72 84 72 70 66 66 77 81 83 78 70 70 83 85 77 84 89 95 100 99 90 77 87 102 102 101 99 104 104 102 105 97 97 89 84 87 94 94 95 85 85 96 94 101 101 91 97 102 99 95 95 95 99 102 102 111 111 110 97 108 111 104 71 71 99 104 108 107 106 111 107 119 118 117 112 112 120 105 102 112 111 91 72 72 0 0 -128 56 56 67 70 74 79 77 67 0 0 0 0 68 89 89 101 100 87 101 106 105 102 100 104 99 105 107 107 108 104 99 100 94 96 95 95 95 94 90 89 89 89 90 89 88 93 96 99 90 93 93 87 87 90 84 79 77 79 81 74 76 78 74 81 82 82 74 81 87 83 81 78 83 85 77 83 89 81 81 90 72 68 27 6 0 0 49 59 77 49 73 73 74 64 70 66 59 78 68 70 76 64 71 71 71 71 74 78 77 71 71 70 55 50 41 0 0 -78 -1 -1 -1 -1 -1 -1 -1 -1 -1 -1 -1 -1 12 45 61 68 71 78 76 81 71 68 77 77 77 78 79 83 84 85 88 81 76 76 67 67 62 62 61 70 65 62 58 56 53 56 56 54 53 54 54 53 44 3 0 0 20 30 32 0 38 54 54 62 67 73 83 88 84 83 85 89 91 91 82 82 78 82 85 88 90 89 90 71 81 90 101 104 104 94 64 104 104 73 44 0 81 100 95 107 117 117 119 119 120 119 106 122 83 99 76 66 88 97 97 72 87 101 73 88 54 49 53 58 52 27 27 31 48 56 55 47 31 30 39 50 74 54 39 39 20 12 14 22 24 10 0 0 0 22 31 33 33 32 35 32 30 26 15 0 0 -2 -1 -1 -1 -1 -1 -1 -1 -1 -1 -1 -1 -1 -1 -1 -2 -12 -12 -14 -40 -45 -54 -55 -67 -74 -81 -83 -75 -77 -77 -78 -74 -82 -83 -84 -89 -75 -68 -73 -84 -82 -79 -79 -67 -68 -81 -83 -84 -86 -86 -83 -83 -107 -88 -94 -94 -92 -92 -92 -91 -88 -89 -91 -91 -92 -92 -91 -91 -91 -92 -92 -92 -92 -92 -98 -97 -94 -94 -94 -96 -100 -100 -100 -93 -96 -94 -92 -88 -91 -88 -89 -91 -88 -88 -91 -91 -89 -91 -89 -98 -88 -98 -98 -100 -97 -97 -97 -87 -88 -86 -86 -91 -88 -87 -89 -86 -86 -92 -91 -91 -87 -88 -92 -96 -88 -86 -93 -94 -94 -102 -100 -102 -102 -98 -93 -100 -103 -100 -97 -93 -94 -100 -100 -96
81 72 84 72 67 59 59 12 21 65 78 79 71 84 85 79 87 89 95 95 99 101 94 77 85 99 99 99 102 104 102 102 102 96 100 91 84 87 96 97 85 85 96 94 101 101 101 91 97 102 99 95 94 99 102 102 111 111 111 110 97 108 112 105 71 99 106 111 107 106 106 108 105 120 118 117 113 124 105 102 112 112 96 96 91 99 79 83 89 88 91 91 91 95 90 87 87 83 71 66 0 0 0 93 101 87 99 106 105 105 102 100 104 99 106 107 108 104 99 100 94 96 96 95 95 95 94 90 89 89 90 89 88 93 93 96 97 89 93 94 88 90 84 79 77 79 82 82 76 76 78 74 79 81 74 79 87 83 81 78 78 83 85 77 84 89 82 91 73 76 48 39 21 21 0 39 50 72 58 62 74 65 70 66 59 77 77 68 66 73 64 70 70 71 74 78 78 72 72 71 70 55 55 49 41 21 -70 -1 -1 -1 -1 -1 -1 -1 -1 -1 -1 -1 0 49 62 67 68 77 77 76 82 71 68 77 77 78 79 84 85 85 88 88 81 76 74 67 67 62 59 67 65 62 58 56 56 56 56 56 55 54 55 53 50 47 43 45 45 45 45 45 52 56 64 66 67 72 83 89 85 85 84 85 89 91 90 79 77 82 85 89 90 89 89 91 72 81 90 99 104 94 66 99 104 72 39 39 0 78 100 95 107 117 119 119 120 119 106 122 122 83 99 76 64 85 100 74 89 102 74 88 88 53 48 50 56 52 25 29 45 55 54 45 29 29 29 38 42 52 25 8 8 36 44 32 19 2 2 0 0 29 37 36 36 32 36 31 26 19 0 0 0 -79 -1 -1 -1 -1 -1 -1 -1 -1 -1 -1 -1 -1 -1 -1 -1 -2 -12 -16 -41 -45 -55 -55 -55 -67 -74 -81 -82 -75 -77 -78 -74 -82 -84 -86 -89 -89 -75 -68 -73 -83 -82 -79 -67 -67 -81 -84 -86 -86 -86 -86 -83 -83 -93 -101 -93 -92 -92 -92 -91 -88 -89 -89 -91 -92 -92 -92 -92 -92 -92 -92 -92 -92 -92 -100 -100 -98 -96 -96 -96 -97 -97 -100 -91 -94 -94 -92 -92 -88 -91 -89 -89 -91 -88 -91 -89 -89 -91 -89 -98 -98 -88 -100 -97 -98 -98 -96 -87 -88 -86 -86 -91 -88 -88 -86 -88 -86 -86 -89 -88 -86 -87 -91 -94 -89 -88 -88 -92 -93 -94 -102 -100 -102 -100 -96 -100 -103 -100 -97 -97 -93 -96 -98 -100 -97
62 62 82 93 90 84 67 29 0 65 79 84 72 72 85 81 76 79 82 89 93 90 65 78 100 101 101 101 104 102 104 100 96 83 88 91 85 93 87 87 87 90 99 102 101 100 94 102 106 102 101 96 96 97 104 107 106 110 107 106 107 113 104 107 71 71 111 110 106 107 117 116 116 117 117 117 118 118 120 119 117 117 118 110 118 96 105 112 120 119 119 118 112 111 108 106 99 105 96 81 54 47 0 0 84 87 79 95 97 96 104 100 100 94 102 106 106 106 105 104 95 94 95 97 94 96 94 93 90 90 88 89 89 89 89 95 97 89 93 94 89 89 89 85 84 84 84 81 77 82 76 71 78 74 74 76 79 78 78 85 83 83 78 79 83 83 76 76 79 79 81 70 70 21 0 0 35 61 52 49 49 73 72 76 73 72 73 61 66 65 72 73 74 74 76 81 79 72 68 72 61 55 58 58 49 49 32 10 -1 -1 -1 -1 -1 -1 -1 -1 -1 0 0 32 58 62 64 70 76 73 72 62 67 74 76 76 78 79 85 84 84 84 79 74 67 70 66 61 61 61 67 62 58 56 56 60 60 58 56 55 56 56 55 54 55 59 61 59 56 60 70 71 73 73 71 72 81 85 87 79 72 83 88 90 89 91 91 84 87 93 88 93 89 90 84 89 91 88 89 89 85 76 85 79 50 -128 0 76 91 99 107 112 112 118 118 119 114 119 116 117 84 73 83 85 95 95 64 118 71 89 59 81 39 41 42 31 41 41 45 44 33 35 25 8 3 13 24 43 48 41 41 29 38 29 20 2 0 0 24 36 39 36 32 32 33 37 33 29 19 0 -128 -105 -1 -1 -1 -1 -1 -1 -1 -1 -1 -1 -1 -1 -1 -1 -1 -1 -17 -17 -45 -56 -55 -64 -65 -75 -82 -81 -79 -77 -86 -86 -84 -82 -82 -83 -83 -87 -72 -68 -70 -88 -77 -77 -77 -65 -74 -82 -84 -86 -86 -86 -84 -83 -81 -117 -92 -92 -92 -92 -92 -89 -88 -88 -89 -91 -92 -91 -91 -92 -92 -91 -92 -92 -92 -92 -100 -98 -94 -97 -97 -97 -97 -97 -94 -91 -93 -93 -87 -93 -93 -83 -92 -94 -87 -87 -91 -89 -88 -91 -89 -89 -98 -98 -97 -97 -97 -94 -94 -84 -86 -84 -87 -91 -87 -86 -89 -86 -86 -88 -87 -87 -87 -88 -87 -93 -91 -88 -96 -94 -103 -101 -100 -105 -105 -100 -92 -102 -103 -98 -97 -93 -103 -100 -98 -92
79 95 90 82 84 76 76 85 42 77 84 56 52 85 77 84 82 78 81 81 81 70 81 95 101 99 96 95 93 97 84 79 79 84 85 90 91 95 99 101 101 99 97 99 94 94 99 100 101 102 101 101 105 105 105 105 107 102 102 104 108 106 113 112 78 113 114 114 113 114 114 113 114 116 117 114 116 110 117 119 117 119 119 119 104 113 119 114 119 118 117 119 117 111 111 107 107 110 110 87 77 62 0 0 0 0 72 83 99 99 107 99 96 106 107 100 105 106 100 95 93 96 96 94 95 94 93 88 87 89 85 85 88 87 87 93 95 91 94 93 87 88 87 88 87 83 78 78 73 81 81 73 71 72 76 76 73 74 81 72 72 84 78 70 78 74 72 83 73 70 77 56 48 48 44 29 0 0 33 37 76 79 79 74 70 65 65 62 68 68 72 72 76 76 79 78 70 62 62 67 65 58 56 58 49 38 0 -1 -1 -1 -1 -1 -1 -1 -1 -1 0 41 56 62 64 65 71 64 64 66 60 72 76 76 77 79 81 85 85 82 82 82 72 66 70 67 60 62 64 64 55 56 59 59 59 61 61 60 61 62 61 59 60 62 66 67 67 64 64 73 81 77 77 74 78 89 85 91 78 78 85 84 89 99 97 84 83 93 101 99 96 96 96 93 83 78 68 74 74 82 85 58 68 53 0 0 52 68 93 99 108 117 120 120 118 111 117 100 100 88 105 111 102 99 55 72 90 99 108 88 88 64 35 53 55 59 53 47 32 12 6 18 33 33 41 48 48 55 44 36 30 31 24 19 0 0 0 0 30 33 36 33 32 35 36 32 30 16 0 0 -128 -74 -1 -1 -1 -1 -1 -1 -1 -1 -1 -1 -1 -1 -1 -1 -1 -11 -20 -55 -67 -65 -75 -75 -75 -82 -81 -77 -84 -83 -82 -82 -81 -81 -82 -78 -78 -78 -73 -68 -73 -89 -72 -68 -65 -68 -86 -84 -86 -86 -86 -86 -86 -93 -92 -120 -92 -91 -92 -89 -89 -87 -87 -87 -89 -91 -89 -92 -92 -92 -92 -92 -93 -93 -101 -100 -100 -100 -94 -94 -96 -94 -92 -89 -93 -96 -89 -89 -89 -101 -86 -83 -97 -94 -87 -92 -91 -89 -89 -97 -98 -98 -98 -97 -97 -97 -94 -83 -83 -86 -87 -89 -89 -86 -86 -86 -88 -86 -86 -88 -87 -89 -91 -89 -93 -92 -92 -92 -97 -101 -103 -97 -96 -106 -97 -92 -107 -101 -96 -96 -96 -97 -103 -94 -96 -89
79 79 95 90 82 84 76 85 42 77 84 56 52 52 85 77 84 82 78 81 81 70 81 95 101 99 99 96 95 93 97 84 79 84 85 90 91 95 99 99 101 101 99 97 99 94 99 100 101 102 101 101 101 105 105 105 105 107 102 104 108 106 113 112 78 78 113 114 114 113 114 113 114 116 117 114 116 116 110 117 119 117 119 119 104 113 119 114 119 118 118 117 119 117 111 111 107 110 110 87 77 62 0 0 0 0 0 72 83 99 107 99 96 106 107 100 100 105 106 100 95 93 96 94 95 94 93 88 87 87 89 85 85 88 87 93 95 91 94 93 87 87 88 87 88 87 83 78 73 81 81 73 71 72 72 76 76 73 74 81 72 84 78 70 78 74 72 72 83 73 70 77 56 48 44 29 0 0 33 37 37 76 79 79 74 70 65 62 68 68 72 72 76 76 76 79 78 70 62 67 65 58 56 58 49 49 38 0 -1 -1 -1 -1 -1 -1 -1 -1 0 41 41 56 62 64 65 71 64 66 60 72 76 76 77 77 79 81 85 85 82 82 72 66 70 67 60 62 62 64 64 55 56 59 59 61 61 60 61 62 61 61 59 60 62 66 67 64 64 73 81 77 77 77 74 78 89 85 91 78 85 84 89 99 97 84 84 83 93 101 99 96 96 93 83 78 68 74 74 74 82 85 58 68 53 0 52 68 93 99 108 117 117 120 120 118 111 117 100 88 105 111 102 99 55 55 72 90 99 108 88 64 35 53 55 59 53 53 47 32 12 6 18 33 41 48 48 55 44 36 36 30 31 24 19 0 0 0 30 33 36 33 32 32 35 36 32 30 16 0 -128 -74 -1 -1 -1 -1 -1 -1 -1 -1 -1 -1 -1 -1 -1 -1 -1 -11 -20 -20 -55 -67 -65 -75 -75 -82 -81 -77 -84 -83 -82 -82 -82 -81 -81 -82 -78 -78 -73 -68 -73 -89 -72 -68 -68 -65 -68 -86 -84 -86 -86 -86 -86 -93 -92 -120 -92 -92 -91 -92 -89 -89 -87 -87 -89 -91 -89 -92 -92 -92 -92 -92 -92 -93 -93 -101 -100 -100 -94 -94 -96 -94 -92 -92 -89 -93 -96 -89 -89 -101 -86 -83 -97 -94 -87 -87 -92 -91 -89 -89 -97 -98 -98 -97 -97 -97 -94 -83 -83 -83 -86 -87 -89 -89 -86 -86 -88 -86 -86 -88 -87 -87 -89 -91 -89 -93 -92 -92 -97 -101 -103 -97 -96 -106 -106 -97 -92 -107 -101 -96 -96 -97 -103 -94 -96 -89
90 83 55 77 76 79 79 93 81 81 65 58 67 76 82 87 81 82 81 81 78 82 91 87 82 77 77 79 81 82 82 83 83 85 97 97 99 97 97 97 96 97 97 96 97 97 99 96 100 100 101 102 104 104 104 104 104 101 101 107 107 106 111 110 73 112 113 113 112 111 111 112 112 116 116 110 107 117 117 117 112 119 111 111 111 116 119 119 118 118 119 117 114 116 117 114 114 111 113 95 96 78 70 64 59 0 52 79 105 105 101 90 101 107 99 100 104 106 97 100 93 94 94 94 95 91 90 87 90 89 85 87 87 88 88 89 89 89 96 91 88 84 84 87 85 81 78 78 81 84 72 73 78 76 72 74 68 76 78 74 74 79 71 77 76 77 73 73 64 59 60 62 64 64 55 49 37 0 13 29 72 73 72 74 70 67 67 71 72 67 76 76 73 76 78 70 64 60 60 66 66 61 59 55 52 43 31 0 -1 -1 -1 -1 -1 -1 -1 0 35 55 67 64 65 64 67 68 68 66 71 76 76 78 79 81 83 85 83 77 72 72 68 70 70 60 59 64 64 61 56 59 60 62 62 62 62 61 62 64 62 61 62 70 72 73 73 70 71 79 83 81 83 85 85 81 87 88 85 85 91 82 89 97 89 87 91 95 97 99 99 93 93 83 79 77 62 0 0 68 70 36 50 0 0 0 55 77 99 85 101 117 117 118 113 102 120 96 96 114 117 91 110 93 71 82 94 93 74 36 36 33 55 76 73 47 20 9 18 37 54 56 52 52 42 47 48 31 37 43 27 18 14 8 8 0 0 29 33 33 35 32 32 35 35 35 24 14 0 0 -128 -1 -1 -1 -1 -1 -1 -1 -1 -1 -1 -1 -1 -1 -1 -1 -1 -6 -46 -55 -64 -74 -74 -82 -82 -81 -87 -84 -83 -81 -79 -79 -78 -78 -77 -77 -77 -77 -77 -77 -84 -91 -65 -68 -72 -79 -84 -86 -86 -87 -87 -86 -94 -94 -92 -108 -102 -89 -91 -89 -88 -86 -86 -86 -88 -89 -88 -91 -92 -93 -93 -93 -93 -101 -100 -98 -98 -98 -93 -92 -93 -92 -89 -91 -93 -91 -89 -88 -88 -98 -87 -86 -98 -96 -88 -92 -92 -89 -89 -97 -98 -98 -100 -98 -97 -94 -93 -82 -83 -88 -89 -89 -88 -86 -86 -87 -87 -86 -87 -88 -88 -87 -89 -87 -94 -96 -96 -96 -101 -101 -102 -93 -98 -103 -97 -94 -106 -96 -93 -97 -97 -101 -105 -96 -94 -96
89 89 85 56 78 77 79 91 84 84 65 58 67 67 76 82 87 81 82 81 78 82 91 89 83 81 81 77 79 79 82 81 83 85 95 95 100 97 97 97 97 96 97 97 96 97 99 96 100 101 101 102 102 104 104 102 104 104 101 108 105 106 111 111 73 73 112 113 113 114 114 112 112 117 116 110 108 108 118 117 117 112 119 111 111 116 118 119 119 120 120 119 117 116 116 117 114 111 116 95 100 88 83 83 81 70 -128 43 76 105 102 90 102 108 99 100 100 104 106 97 100 93 94 94 95 91 90 87 90 90 93 87 87 87 87 88 87 88 96 93 87 87 84 85 87 85 79 79 82 84 72 74 78 76 76 72 73 68 74 77 74 79 71 76 76 77 72 72 72 64 56 58 62 64 59 58 43 0 0 18 18 70 73 71 74 70 67 71 72 70 76 74 73 73 76 76 70 64 58 68 66 61 59 55 53 53 49 42 30 0 -45 -1 -1 -21 0 32 56 64 64 70 64 64 65 65 66 67 70 76 76 78 79 79 81 83 85 83 76 71 68 71 71 58 56 61 61 64 61 56 59 59 61 62 61 60 62 65 64 64 61 62 70 74 76 72 73 79 83 81 84 84 87 87 82 87 88 85 91 82 89 95 87 89 89 94 95 97 99 97 94 74 62 0 0 0 -128 -128 -128 48 13 7 0 37 87 84 101 85 101 117 117 117 118 113 102 119 96 114 118 91 113 97 73 73 82 94 90 73 33 18 26 48 60 58 44 44 39 39 48 56 58 55 43 48 48 30 36 41 41 24 14 9 6 10 0 0 32 33 36 32 32 32 36 35 35 22 10 0 -47 -1 -1 -1 -1 -1 -1 -1 -1 -1 -1 -1 -1 -1 -1 -1 -1 -6 -46 -46 -55 -64 -73 -73 -82 -81 -88 -86 -82 -79 -79 -79 -79 -78 -78 -77 -77 -77 -75 -77 -84 -89 -65 -67 -67 -70 -81 -84 -86 -86 -86 -86 -93 -94 -93 -94 -115 -115 -89 -91 -89 -88 -86 -86 -88 -89 -91 -91 -92 -93 -93 -93 -92 -92 -101 -100 -98 -98 -93 -93 -92 -91 -89 -89 -91 -92 -89 -89 -89 -98 -87 -86 -98 -97 -89 -89 -92 -92 -89 -89 -97 -98 -100 -98 -97 -96 -94 -82 -82 -84 -88 -91 -88 -88 -86 -87 -87 -87 -86 -88 -88 -88 -87 -88 -87 -94 -97 -94 -100 -101 -103 -94 -97 -103 -103 -96 -93 -107 -98 -93 -97 -101 -103 -96 -94 -94
79 64 61 68 68 78 78 84 71 77 56 68 82 79 90 87 78 82 87 87 85 82 79 78 85 94 94 90 88 89 87 88 88 96 96 96 96 95 95 94 95 96 96 97 96 96 94 95 96 99 94 97 100 100 100 102 99 105 105 106 108 110 108 110 77 111 112 112 113 113 113 114 112 114 114 113 114 114 112 111 114 113 108 108 117 119 119 119 119 119 114 116 116 119 117 111 111 113 112 110 99 99 95 88 68 0 0 76 104 104 89 96 107 96 94 101 105 105 100 97 93 94 94 95 94 90 90 88 90 94 93 79 87 87 87 85 82 85 96 93 84 82 82 82 83 82 84 84 84 73 72 79 82 77 65 72 70 71 74 77 77 71 71 76 77 74 70 62 56 62 62 68 62 62 67 64 41 0 0 26 59 62 71 66 60 66 66 70 64 72 77 76 76 68 66 64 55 60 60 65 64 62 62 55 56 54 48 43 30 0 -67 -67 0 9 47 55 70 70 65 59 64 71 72 71 71 71 71 71 73 81 76 78 83 84 74 72 70 70 70 68 62 56 60 61 64 62 60 64 62 62 62 62 62 65 65 67 67 67 66 76 78 78 78 77 78 82 87 88 93 94 93 82 89 78 85 85 85 84 89 88 85 96 99 91 97 91 93 85 85 71 0 0 38 49 48 0 0 0 0 37 79 79 90 89 94 89 116 101 116 108 117 123 116 76 76 107 89 94 114 79 70 99 74 78 14 22 22 58 101 90 53 44 33 44 50 52 66 68 49 49 41 31 26 29 38 35 12 0 0 13 18 0 0 0 29 29 31 31 31 30 31 31 22 0 0 0 -1 -1 -1 -1 -1 -1 -1 -1 -1 -1 -1 -1 -1 -1 -1 -1 -1 -17 -44 -67 -75 -74 -82 -81 -81 -86 -84 -82 -82 -79 -78 -78 -77 -75 -75 -77 -75 -75 -77 -79 -87 -83 -73 -74 -72 -83 -83 -81 -86 -86 -86 -94 -94 -94 -93 -91 -117 -89 -89 -89 -88 -87 -86 -86 -88 -89 -91 -91 -93 -93 -93 -92 -91 -100 -98 -96 -96 -97 -92 -89 -93 -87 -89 -94 -89 -93 -97 -96 -96 -101 -92 -91 -94 -96 -91 -91 -91 -89 -89 -97 -100 -100 -98 -98 -97 -97 -92 -83 -84 -88 -91 -89 -88 -86 -86 -86 -87 -88 -89 -87 -91 -87 -86 -87 -96 -105 -98 -98 -98 -101 -97 -96 -100 -101 -97 -96 -103 -101 -100 -96 -96 -105 -101 -93 -94 -105
52 52 49 52 58 64 67 73 87 70 67 81 74 74 88 88 71 72 88 89 89 91 94 95 94 93 93 85 85 88 87 87 95 95 93 96 95 94 95 95 94 95 94 95 97 97 97 100 99 100 95 101 101 97 96 94 91 100 99 102 104 107 106 106 73 73 108 107 110 112 111 114 112 112 117 112 111 111 114 116 116 112 111 118 119 119 119 118 118 114 114 116 118 112 118 116 114 107 108 108 106 106 100 100 89 73 42 0 73 95 90 104 99 89 102 102 102 106 102 97 100 99 94 94 94 88 88 84 87 87 90 87 84 89 89 82 81 82 87 84 84 84 81 78 77 81 81 81 78 79 76 77 79 74 74 73 78 70 71 71 72 71 73 71 70 65 65 65 70 64 65 72 72 62 62 59 29 -128 -128 10 10 65 61 60 61 61 70 65 65 73 79 74 66 66 59 59 56 55 58 62 60 64 64 61 58 58 54 52 53 47 43 45 52 59 67 68 60 59 59 54 59 68 73 68 71 74 74 73 74 74 76 76 81 83 73 68 71 70 67 66 59 59 62 64 64 62 62 65 65 66 65 67 67 68 70 72 72 72 71 73 78 81 82 82 83 88 89 95 89 89 90 88 82 81 88 90 90 87 84 84 88 88 88 95 94 94 96 99 83 67 0 0 66 82 55 55 39 56 0 45 79 84 96 91 94 110 114 99 99 118 100 122 122 106 70 107 97 104 111 73 53 53 49 55 41 39 66 85 112 68 38 38 48 48 53 58 66 70 60 50 32 27 31 35 27 12 12 0 0 0 7 22 0 0 0 14 24 26 26 26 25 24 30 21 0 -2 -1 -1 -1 -1 -1 -1 -1 -1 -1 -1 -1 -1 -1 -1 -1 -1 -8 -34 -55 -55 -67 -74 -83 -81 -88 -84 -83 -83 -86 -84 -72 -72 -78 -75 -75 -78 -75 -78 -77 -77 -83 -81 -86 -91 -91 -74 -89 -70 -84 -86 -94 -96 -96 -94 -92 -89 -111 -111 -93 -88 -88 -88 -87 -86 -87 -89 -91 -92 -92 -93 -93 -93 -93 -100 -98 -97 -97 -97 -91 -93 -97 -94 -98 -98 -100 -94 -97 -98 -98 -93 -92 -91 -91 -91 -91 -91 -98 -89 -97 -98 -98 -98 -98 -96 -98 -96 -83 -83 -83 -84 -89 -89 -91 -87 -87 -88 -88 -86 -88 -88 -92 -92 -86 -86 -86 -97 -89 -86 -100 -100 -93 -87 -100 -101 -101 -97 -94 -97 -106 -103 -93 -102 -98 -93 -100 -107
52 49 52 58 64 67 67 73 87 70 67 81 74 88 88 71 72 88 89 89 89 91 94 95 94 93 85 85 88 87 87 95 95 95 93 96 95 94 95 94 95 94 95 97 97 97 97 100 99 100 95 101 97 96 94 91 100 99 99 102 104 107 106 106 73 108 107 110 112 111 111 114 112 112 117 112 111 114 116 116 112 111 118 118 119 119 119 118 118 114 116 118 112 118 116 114 114 107 108 108 106 106 100 89 73 42 0 73 95 95 90 104 99 89 102 102 106 102 97 100 99 94 94 94 94 88 88 84 87 90 87 84 89 89 89 82 81 82 87 84 84 81 78 77 81 81 81 81 78 79 76 77 79 74 73 78 70 71 71 72 72 71 73 71 70 65 65 70 64 65 72 72 62 62 62 59 29 -128 -128 10 65 61 60 61 61 70 70 65 65 73 79 74 66 59 59 56 55 58 58 62 60 64 64 61 58 54 52 53 47 43 45 45 52 59 67 68 60 59 54 59 68 73 68 71 71 74 74 73 74 74 76 81 83 73 68 71 70 70 67 66 59 59 62 64 62 62 65 65 66 65 65 67 67 68 70 72 72 71 73 78 81 82 82 82 83 88 89 95 89 90 88 82 81 88 90 90 90 87 84 84 88 88 95 94 94 96 99 83 83 67 0 0 66 82 55 39 56 0 45 79 84 84 96 91 94 110 114 99 118 100 122 122 106 70 70 107 97 104 111 73 53 49 55 41 39 66 66 85 112 68 38 38 48 53 58 66 70 60 50 50 32 27 31 35 27 12 0 0 0 7 22 0 0 0 0 14 24 26 26 25 24 30 21 0 -2 -2 -1 -1 -1 -1 -1 -1 -1 -1 -1 -1 -1 -1 -1 -1 -1 -1 -8 -34 -55 -67 -74 -83 -81 -88 -88 -84 -83 -83 -86 -84 -72 -78 -75 -75 -78 -75 -78 -78 -77 -77 -83 -81 -86 -91 -74 -89 -70 -84 -86 -94 -94 -96 -96 -94 -92 -89 -111 -93 -88 -88 -88 -87 -86 -86 -87 -89 -91 -92 -92 -93 -93 -93 -100 -98 -97 -97 -97 -97 -91 -93 -97 -94 -98 -100 -94 -97 -98 -98 -98 -93 -92 -91 -91 -91 -91 -98 -89 -97 -98 -98 -98 -98 -98 -96 -98 -96 -83 -83 -84 -89 -89 -91 -87 -87 -87 -88 -88 -86 -88 -88 -92 -86 -86 -86 -97 -89 -86 -86 -100 -100 -93 -87 -100 -101 -97 -94 -97 -106 -103 -93 -93 -102 -98 -93 -100 -107
64 64 55 53 64 67 77 91 81 90 93 91 82 82 83 79 76 89 89 85 85 90 78 77 77 82 82 81 82 82 84 87 94 91 89 94 94 91 91 91 93 93 90 94 95 96 95 93 94 93 97 95 95 93 95 96 97 100 101 101 101 101 101 101 67 67 104 106 107 111 111 112 110 114 113 111 110 110 113 116 111 112 118 117 114 117 114 118 116 117 117 116 112 118 118 112 108 107 110 104 110 100 96 96 104 83 50 0 47 83 88 101 93 102 108 107 107 108 93 101 105 97 94 89 90 90 87 85 87 87 85 87 89 91 88 81 76 79 82 83 88 88 88 79 74 78 76 76 73 74 71 71 79 73 73 79 73 72 67 61 72 68 68 66 71 72 70 70 62 55 65 65 54 55 52 44 7 0 9 30 30 47 53 58 59 64 70 72 68 74 77 61 60 60 56 54 58 59 59 58 54 56 62 64 60 60 60 54 56 56 58 59 67 70 65 60 58 58 58 61 64 67 72 67 71 73 71 73 76 76 78 78 79 74 70 70 71 68 66 62 62 64 65 64 64 61 62 64 66 66 67 71 72 68 67 71 74 74 71 76 81 83 83 85 89 90 94 91 88 88 101 84 67 85 87 93 95 81 82 84 85 89 89 94 95 95 97 93 77 81 58 0 77 85 74 74 76 73 58 54 84 85 97 90 97 120 72 122 122 108 97 122 120 100 72 91 81 58 73 61 48 48 88 78 53 50 66 91 112 52 33 47 52 52 56 65 73 50 49 42 36 33 26 18 9 7 7 0 0 0 0 26 26 19 0 0 0 0 0 0 0 0 0 18 0 -1 -1 -1 -1 -1 -1 -1 -1 -1 -1 -1 -1 -1 -1 -1 -1 -1 -27 -55 -75 -75 -74 -82 -81 -79 -88 -84 -86 -86 -86 -69 -64 -64 -75 -75 -75 -77 -77 -77 -78 -79 -81 -84 -91 -86 -86 -97 -93 -82 -94 -93 -93 -94 -92 -91 -91 -87 -96 -96 -108 -89 -87 -88 -88 -86 -86 -88 -89 -91 -92 -93 -93 -93 -101 -97 -96 -98 -100 -94 -94 -96 -98 -97 -100 -100 -96 -94 -97 -96 -92 -91 -91 -92 -93 -92 -97 -97 -97 -98 -97 -100 -97 -97 -97 -97 -98 -96 -83 -83 -83 -84 -87 -91 -93 -88 -89 -91 -87 -84 -89 -92 -94 -94 -87 -87 -88 -98 -97 -82 -87 -97 -94 -92 -96 -102 -102 -94 -94 -97 -107 -103 -93 -103 -100 -96 -103 -94
73 42 50 66 91 93 93 82 91 91 83 77 81 85 82 83 83 82 73 73 70 74 81 82 84 81 79 78 83 82 87 91 91 93 94 96 94 91 91 90 89 88 93 93 91 91 93 90 90 95 95 91 94 96 99 105 106 105 105 102 100 99 102 101 67 104 102 104 106 106 106 107 110 110 108 110 112 113 113 113 114 117 112 112 108 116 117 111 110 117 114 118 118 114 113 111 111 118 117 104 102 104 101 97 82 72 42 0 52 52 85 100 101 102 102 108 89 94 106 106 97 97 97 90 87 89 88 85 84 83 84 83 83 84 84 88 78 72 81 79 84 82 83 87 82 77 78 78 77 76 68 76 73 71 65 72 64 62 68 68 68 66 67 62 71 68 70 66 62 61 56 56 55 55 47 14 0 22 39 39 33 53 59 59 62 74 74 78 79 71 60 52 56 55 53 59 62 49 49 52 52 52 62 64 64 64 62 60 62 62 65 65 64 56 60 59 56 60 64 66 71 70 71 70 70 70 70 70 71 76 77 73 68 70 72 67 62 62 65 66 66 66 64 64 62 62 64 65 65 64 64 68 72 73 73 74 70 67 74 79 84 85 85 88 93 100 105 96 101 91 89 84 90 83 93 93 93 82 91 88 78 85 84 93 99 94 91 94 94 84 47 0 74 84 90 91 87 71 47 82 88 88 95 91 117 110 117 116 95 118 118 108 52 44 44 72 90 102 101 64 70 84 36 41 59 71 71 78 107 64 31 43 50 55 62 68 38 41 41 41 45 29 13 4 0 0 0 0 0 0 26 31 31 31 29 0 66 79 0 0 30 0 15 0 -1 -1 -1 -1 -1 -1 -1 -1 -1 -1 -1 -1 -1 -1 -1 -1 -1 -7 -45 -55 -75 -82 -81 -79 -88 -87 -87 -86 -84 -82 -75 -65 -69 -78 -74 -74 -77 -77 -78 -78 -81 -79 -81 -83 -84 -89 -94 -93 -84 -96 -87 -93 -93 -91 -86 -89 -91 -87 -88 -116 -88 -88 -87 -87 -84 -84 -84 -87 -89 -91 -91 -92 -92 -91 -96 -98 -100 -98 -98 -98 -97 -96 -96 -96 -94 -88 -86 -87 -92 -94 -94 -105 -89 -91 -103 -96 -96 -100 -96 -97 -101 -96 -97 -97 -97 -98 -98 -96 -93 -82 -84 -84 -93 -94 -89 -91 -91 -87 -86 -87 -89 -92 -96 -89 -101 -88 -94 -97 -87 -87 -89 -96 -106 -108 -105 -93 -89 -82 -87 -103 -96 -96 -96 -105 -93 -92 -93 -89
73 73 41 48 65 90 90 83 91 91 83 77 81 81 88 82 83 82 82 74 70 74 81 83 84 81 81 79 78 83 82 87 91 93 94 97 94 91 91 91 90 89 88 93 93 91 93 90 90 95 95 91 91 94 99 99 105 106 106 102 100 99 101 101 68 68 102 104 104 106 106 107 108 110 110 110 112 112 113 113 113 114 117 112 108 116 117 108 110 117 117 116 118 118 114 113 111 118 117 104 102 104 102 102 97 85 81 67 -128 -128 82 100 101 102 102 107 107 90 97 106 106 97 97 90 87 89 88 85 84 84 83 84 83 83 84 88 78 73 81 79 84 84 83 83 87 82 77 78 77 74 68 76 73 71 71 65 72 65 62 70 68 66 67 62 72 68 70 70 62 61 61 56 54 50 38 8 0 48 52 49 49 26 50 56 59 61 73 78 79 68 58 50 55 55 55 53 59 60 50 52 52 50 60 65 65 65 64 62 60 62 62 64 65 56 59 58 56 60 60 62 66 71 70 71 70 68 70 70 71 76 77 77 73 68 71 72 65 62 65 66 66 65 64 64 64 62 62 66 65 65 64 67 72 73 73 74 70 70 70 74 79 83 85 88 93 100 105 95 101 101 91 89 84 90 83 93 93 82 91 88 78 85 85 84 90 99 94 91 94 85 49 0 1 84 90 90 95 91 76 48 81 88 93 93 117 111 118 110 110 77 85 77 87 68 81 106 100 102 100 61 68 68 82 37 38 56 70 77 106 61 29 43 48 48 55 62 67 38 39 38 44 26 6 0 0 0 0 0 14 22 27 30 35 37 33 0 18 78 -1 -1 -1 -1 0 0 -119 -1 -1 -1 -1 -1 -1 -1 -1 -1 -1 -1 -1 -1 -1 -1 -1 -7 -44 -55 -75 -75 -82 -81 -79 -89 -87 -86 -84 -82 -75 -65 -69 -69 -78 -73 -74 -77 -75 -77 -79 -79 -79 -82 -84 -89 -89 -94 -93 -84 -96 -87 -93 -91 -87 -89 -89 -88 -88 -88 -115 -88 -87 -87 -87 -86 -84 -87 -89 -91 -91 -92 -92 -92 -89 -97 -98 -100 -97 -98 -97 -96 -96 -96 -94 -94 -88 -86 -87 -92 -93 -102 -89 -91 -103 -96 -96 -96 -100 -97 -97 -101 -96 -97 -97 -97 -96 -96 -92 -82 -82 -84 -84 -92 -94 -89 -91 -88 -86 -87 -89 -92 -94 -94 -89 -101 -88 -94 -98 -87 -88 -96 -106 -108 -106 -92 -92 -88 -82 -84 -105 -96 -96 -105 -94 -92 -92 -91
42 49 89 91 93 90 90 93 93 73 66 76 79 91 89 81 82 77 74 74 82 84 78 81 84 87 90 93 90 89 95 94 94 89 91 94 93 91 93 89 89 91 91 91 95 95 93 90 96 95 91 94 96 94 95 100 101 101 101 101 100 104 102 100 70 106 101 106 107 106 106 106 105 106 106 110 111 110 111 114 116 119 119 119 118 116 106 107 118 116 111 112 107 114 118 112 112 107 100 110 110 104 105 96 97 90 68 47 0 0 77 97 97 101 104 89 95 104 107 108 104 99 99 90 94 95 93 83 83 88 82 81 82 84 84 81 79 83 76 76 82 74 78 83 79 82 84 84 81 76 70 71 68 59 67 76 72 74 68 62 62 66 64 68 62 65 65 62 61 56 61 60 52 52 31 0 0 33 52 55 26 56 58 61 66 68 68 64 60 52 50 54 53 52 60 60 47 45 45 53 52 52 59 62 65 68 64 64 64 64 58 58 56 58 59 58 60 64 65 66 66 70 71 67 67 73 74 74 76 74 68 70 72 70 68 60 65 65 66 68 67 65 65 65 65 65 65 65 66 70 70 77 79 78 78 78 74 74 77 78 82 85 85 87 95 102 107 95 95 83 84 96 84 71 85 85 88 90 91 74 76 88 85 87 89 96 91 95 95 79 47 0 84 95 87 97 87 81 68 64 85 85 96 94 96 68 85 82 85 114 113 104 81 89 89 111 108 107 71 50 73 93 56 37 48 55 55 60 93 99 27 33 47 56 64 60 38 31 39 39 27 6 0 0 0 0 0 24 29 33 35 36 36 36 33 25 0 67 -1 -1 -1 0 0 -2 -1 -1 -1 -1 -1 -1 -1 -1 -1 -1 -1 -1 -1 -1 -1 -1 -1 -25 -46 -65 -75 -82 -81 -78 -88 -83 -83 -84 -78 -75 -73 -73 -77 -74 -74 -74 -78 -78 -81 -81 -81 -81 -82 -83 -86 -87 -87 -92 -92 -94 -89 -87 -87 -92 -89 -91 -91 -88 -87 -105 -96 -86 -84 -84 -86 -86 -84 -87 -88 -92 -92 -92 -92 -100 -100 -98 -98 -98 -98 -100 -93 -93 -91 -92 -91 -83 -82 -97 -100 -96 -96 -103 -96 -86 -91 -97 -97 -101 -97 -97 -98 -84 -100 -100 -98 -98 -97 -96 -92 -82 -86 -84 -86 -94 -91 -89 -89 -89 -88 -91 -89 -92 -92 -92 -102 -98 -91 -106 -102 -102 -97 -107 -111 -107 -91 -86 -82 -86 -84 -97 -79 -84 -84 -107 -88 -81 -83 -78
42 42 49 89 91 93 90 93 93 73 66 76 79 79 91 89 81 82 77 74 82 84 78 81 84 87 87 90 93 90 89 95 94 89 91 94 93 91 93 93 89 89 91 91 91 95 93 90 96 95 91 94 94 96 94 95 100 101 101 101 100 104 102 100 70 70 106 101 106 107 106 106 105 106 106 110 111 111 110 111 114 116 119 119 118 116 106 107 118 116 116 111 112 107 114 118 112 107 100 110 110 104 105 105 96 97 90 68 47 0 77 97 97 101 104 89 89 95 104 107 108 104 99 90 94 95 93 83 83 83 88 82 81 82 84 81 79 83 76 76 82 82 74 78 83 79 82 84 81 76 70 71 68 59 59 67 76 72 74 68 62 66 64 68 62 65 65 65 62 61 56 61 60 52 31 0 0 33 52 55 55 26 56 58 61 66 68 64 60 52 50 54 53 53 52 60 60 47 45 53 52 52 59 62 65 65 68 64 64 64 64 58 56 58 59 58 60 64 64 65 66 66 70 71 67 73 74 74 76 74 68 68 70 72 70 68 60 65 66 68 67 65 65 65 65 65 65 65 65 66 70 77 79 78 78 78 74 74 74 77 78 82 85 87 95 102 107 95 95 95 83 84 96 84 71 85 88 90 91 74 76 88 88 85 87 89 96 91 95 79 47 0 84 95 87 87 97 87 81 68 64 85 96 94 96 68 85 82 82 85 114 113 104 81 89 111 108 107 71 50 73 73 93 56 37 48 55 60 93 99 27 33 47 47 56 64 60 38 31 39 27 6 0 0 0 0 0 0 24 29 33 35 36 36 33 25 0 67 -1 -1 -1 -1 0 0 -2 -1 -1 -1 -1 -1 -1 -1 -1 -1 -1 -1 -1 -1 -1 -1 -1 -25 -46 -65 -75 -75 -82 -81 -78 -88 -83 -84 -78 -75 -73 -73 -77 -77 -74 -74 -74 -78 -78 -81 -81 -81 -82 -83 -86 -87 -87 -87 -92 -92 -94 -89 -87 -92 -89 -91 -91 -88 -87 -87 -105 -96 -86 -84 -84 -86 -84 -87 -88 -92 -92 -92 -92 -92 -100 -100 -98 -98 -98 -100 -93 -93 -91 -92 -91 -91 -83 -82 -97 -100 -96 -103 -96 -86 -91 -97 -97 -97 -101 -97 -97 -98 -84 -100 -98 -98 -97 -96 -92 -82 -82 -86 -84 -86 -94 -91 -89 -89 -88 -91 -89 -92 -92 -92 -92 -102 -98 -91 -106 -102 -97 -107 -111 -107 -91 -86 -86 -82 -86 -84 -97 -79 -84 -107 -88 -81 -83 -78
49 83 52 68 95 88 88 90 88 81 91 94 88 94 87 87 93 89 96 96 87 74 72 76 82 93 93 94 90 91 94 91 91 89 94 93 93 90 91 90 91 90 90 96 93 93 87 95 95 93 94 96 96 94 95 99 97 101 101 100 105 106 105 106 72 102 104 107 107 108 108 106 105 108 106 107 110 107 113 116 116 117 116 116 116 116 118 119 118 111 113 113 117 116 110 101 101 104 110 104 108 108 95 99 105 97 73 55 0 0 60 84 96 100 89 96 102 110 107 105 108 99 99 100 95 89 94 88 85 83 82 78 77 81 81 71 82 82 73 77 74 74 76 77 79 78 83 83 77 72 71 73 72 70 72 71 71 70 64 61 61 59 66 64 61 62 60 58 52 52 54 49 37 37 0 0 20 44 56 55 26 56 56 65 68 60 60 61 55 52 52 49 52 53 61 47 42 45 45 50 50 54 56 59 62 61 61 59 58 56 56 56 59 60 61 61 62 64 64 65 65 67 70 66 66 71 76 77 73 65 72 71 71 62 68 70 68 68 70 70 68 67 66 67 67 67 68 68 70 76 76 81 82 81 77 78 77 77 77 81 82 84 84 85 96 106 102 93 85 95 96 99 77 78 88 88 78 85 90 68 77 87 88 81 84 90 89 93 93 81 50 0 87 90 93 91 89 87 78 43 78 78 67 61 100 116 108 79 118 117 106 108 83 85 85 87 74 90 58 52 44 53 47 36 44 55 55 64 104 72 16 42 50 55 64 45 41 33 25 25 12 3 4 0 0 73 0 24 35 36 36 36 36 35 35 29 0 0 -1 -1 -1 0 0 -1 -1 -1 -1 -1 -1 -1 -1 -1 -1 -1 -1 -1 -1 -1 -1 -1 -6 -35 -65 -74 -74 -81 -78 -87 -86 -86 -86 -83 -79 -78 -79 -77 -74 -74 -74 -74 -77 -79 -82 -82 -82 -82 -83 -86 -87 -88 -87 -94 -92 -96 -84 -92 -92 -91 -89 -91 -89 -87 -87 -89 -108 -84 -83 -84 -84 -84 -86 -86 -88 -91 -92 -92 -100 -97 -96 -97 -97 -97 -97 -100 -88 -91 -92 -91 -88 -84 -86 -101 -98 -93 -93 -89 -87 -87 -102 -98 -98 -101 -97 -98 -98 -97 -100 -100 -98 -97 -97 -94 -96 -82 -84 -83 -87 -94 -92 -89 -89 -89 -89 -91 -89 -89 -89 -92 -97 -94 -103 -106 -96 -96 -96 -105 -105 -100 -89 -81 -89 -92 -97 -97 -79 -87 -87 -89 -94 -91 -83 -82
55 55 55 76 93 82 65 88 89 89 88 91 91 91 91 93 96 95 96 96 84 82 81 79 83 77 77 79 85 88 90 91 90 93 90 96 91 91 93 93 89 90 89 91 94 89 89 88 93 91 91 94 94 97 97 95 101 101 97 100 105 104 101 104 68 68 106 107 110 106 104 110 114 108 113 113 107 107 108 116 113 113 116 117 117 107 118 117 112 118 118 118 118 116 108 113 116 119 118 104 97 106 97 97 97 105 93 76 68 48 0 71 89 93 93 102 102 107 102 108 96 102 104 105 99 95 93 87 83 83 81 83 81 83 76 72 79 72 79 79 74 74 73 74 77 76 71 79 78 72 77 77 74 73 73 70 62 68 64 62 62 58 55 62 54 58 55 55 54 38 36 7 0 0 0 38 50 54 55 56 56 27 55 58 64 50 62 55 53 48 44 50 53 53 52 58 48 50 50 53 53 54 54 60 60 60 60 56 56 58 56 58 62 64 62 59 62 61 61 62 64 66 67 64 67 70 71 68 61 72 76 76 70 67 70 72 71 70 71 71 73 70 72 72 72 70 70 70 73 74 78 83 81 82 82 82 77 77 76 77 78 82 83 84 91 95 100 87 83 83 95 76 90 79 74 72 73 78 82 71 77 94 94 85 85 88 95 94 90 70 54 0 90 99 93 93 91 82 55 53 21 67 88 113 118 118 95 100 100 118 106 113 112 81 62 88 82 70 48 58 61 61 54 37 35 42 43 60 81 76 21 43 48 48 60 59 41 32 33 18 10 0 0 0 0 29 29 0 0 0 31 33 36 36 35 33 29 0 0 0 66 -1 -1 -1 -1 -1 -1 -1 -1 -1 -1 -1 -1 -1 -1 -1 -1 -1 -1 -7 -23 -56 -67 -74 -83 -83 -81 -79 -88 -87 -86 -87 -81 -73 -81 -78 -73 -73 -73 -74 -72 -75 -81 -82 -82 -84 -86 -87 -88 -97 -97 -96 -96 -96 -94 -93 -92 -91 -89 -88 -87 -84 -86 -86 -88 -115 -86 -83 -86 -86 -84 -86 -89 -91 -92 -89 -89 -98 -94 -97 -98 -97 -97 -100 -87 -91 -92 -88 -91 -91 -86 -86 -97 -94 -89 -87 -88 -88 -89 -98 -100 -100 -98 -97 -100 -98 -100 -98 -97 -97 -97 -96 -96 -82 -82 -83 -84 -86 -91 -91 -91 -89 -89 -93 -91 -91 -93 -93 -87 -86 -91 -96 -102 -93 -94 -94 -93 -94 -89 -100 -100 -112 -103 -103 -98 -88 -83 -100 -106 -92 -97 -94
55 55 76 95 83 66 66 89 90 89 90 91 91 91 90 94 95 96 97 97 83 82 81 78 83 77 79 85 88 90 91 90 90 93 91 96 91 93 93 89 88 89 91 94 89 89 89 89 93 91 91 94 99 97 95 101 101 97 97 100 105 104 101 104 68 106 108 110 106 104 104 110 114 108 112 114 107 110 116 112 113 118 119 119 116 107 118 117 112 118 119 118 116 108 114 116 116 119 118 104 97 105 97 97 105 93 78 77 73 73 0 61 87 94 93 102 108 100 107 96 105 106 106 105 99 95 93 87 83 81 83 82 83 76 76 72 79 72 78 79 74 73 73 77 74 70 79 79 78 72 77 77 74 74 70 62 68 64 62 62 62 58 55 62 54 58 56 50 0 0 0 0 24 24 38 52 62 59 55 59 32 52 60 64 50 61 61 54 53 49 44 49 53 52 58 48 50 52 52 53 53 54 54 58 60 59 56 56 56 55 58 58 62 62 61 60 62 61 62 62 66 67 64 67 67 70 71 68 61 72 76 70 67 70 72 71 70 70 71 71 73 70 72 72 70 70 72 72 74 78 78 83 81 82 82 83 76 76 77 78 82 83 83 84 91 95 100 87 83 95 76 89 78 73 71 71 73 76 81 72 78 93 85 85 88 95 94 90 90 68 49 0 60 66 62 59 66 65 81 58 87 87 91 116 119 118 96 100 118 106 113 112 81 61 61 87 82 71 48 58 61 54 37 36 42 43 43 59 77 74 19 43 49 60 59 39 31 31 15 15 9 15 9 0 0 -1 0 0 19 30 33 37 37 35 36 35 32 27 0 0 0 -1 -1 -1 -1 -1 -1 -1 -1 -1 -1 -1 -1 -1 -1 -1 -1 -1 -1 -7 -23 -56 -67 -74 -83 -81 -79 -88 -87 -86 -86 -84 -82 -73 -81 -78 -73 -73 -74 -70 -74 -81 -82 -82 -82 -84 -86 -87 -87 -97 -96 -96 -94 -94 -93 -93 -93 -91 -89 -87 -86 -86 -86 -87 -102 -101 -84 -86 -87 -87 -84 -86 -89 -91 -92 -89 -98 -96 -97 -98 -97 -98 -98 -100 -87 -91 -93 -88 -91 -86 -86 -96 -94 -88 -88 -87 -88 -88 -89 -98 -98 -98 -97 -98 -97 -100 -100 -100 -97 -97 -97 -96 -96 -82 -83 -84 -86 -91 -91 -91 -91 -89 -89 -93 -91 -91 -93 -87 -86 -89 -98 -102 -93 -93 -94 -94 -92 -94 -89 -100 -111 -103 -105 -98 -88 -83 -83 -98 -105 -92 -96 -94
74 74 84 84 81 59 72 85 89 83 87 84 78 78 93 91 95 96 94 74 78 97 95 93 85 83 83 83 82 85 94 90 94 94 87 93 90 89 87 87 88 93 91 91 94 89 85 91 96 93 97 100 100 100 97 95 100 101 99 105 101 105 104 108 76 76 108 112 112 112 113 111 104 113 106 101 105 105 112 107 108 113 116 112 110 111 112 105 108 108 108 112 108 108 119 119 119 116 110 107 105 101 96 96 99 104 93 78 78 73 0 61 76 82 96 104 104 100 100 95 100 107 104 106 104 96 89 93 83 83 82 81 84 85 83 83 74 70 79 74 74 74 70 73 73 66 70 71 73 72 79 74 73 70 70 66 67 62 60 64 64 62 59 61 53 58 56 56 43 0 33 45 54 53 56 65 65 64 61 61 61 50 52 66 65 60 58 52 61 53 54 55 58 58 58 60 60 58 55 54 55 55 56 58 56 56 52 53 59 59 61 62 58 58 61 60 60 60 60 61 62 65 67 68 70 71 68 61 64 68 66 66 68 67 70 72 70 70 72 71 71 71 71 70 70 73 72 73 76 78 83 84 85 88 88 85 82 82 81 79 79 81 81 82 84 94 102 91 82 82 85 85 89 70 73 78 78 76 81 81 81 88 88 90 88 88 89 72 52 36 32 0 85 100 105 105 97 85 82 90 65 67 97 118 104 123 78 122 122 118 91 118 110 79 73 101 78 65 65 81 71 71 72 44 41 41 43 50 54 33 22 41 53 53 60 45 37 30 21 14 24 27 19 0 0 -102 -102 -100 0 21 29 33 36 35 35 35 37 36 30 30 27 7 -54 -1 -1 -1 -1 -1 -1 -1 -1 -1 -1 -1 -1 -1 -1 -1 -2 -26 -45 -65 -75 -82 -81 -81 -77 -87 -86 -86 -83 -84 -81 -73 -79 -79 -73 -73 -73 -70 -69 -74 -81 -82 -84 -86 -87 -86 -96 -96 -96 -96 -97 -94 -93 -89 -89 -91 -87 -89 -83 -84 -84 -84 -86 -88 -116 -86 -84 -84 -86 -87 -86 -88 -91 -98 -98 -94 -94 -100 -100 -89 -86 -96 -87 -88 -89 -93 -93 -93 -83 -82 -88 -93 -87 -87 -83 -91 -102 -98 -98 -98 -98 -97 -98 -97 -98 -97 -97 -97 -97 -97 -94 -82 -82 -83 -86 -86 -89 -89 -88 -87 -89 -92 -88 -87 -92 -92 -84 -88 -92 -94 -98 -94 -92 -83 -86 -86 -93 -94 -94 -98 -91 -93 -92 -87 -86 -108 -110 -97 -97 -98
74 84 84 81 59 72 72 85 89 83 87 84 78 93 91 95 96 94 74 74 78 97 95 93 85 83 83 82 85 94 90 94 94 94 87 93 90 89 87 88 93 91 91 94 89 89 85 91 96 93 97 100 100 97 95 100 101 99 99 105 101 105 104 108 76 108 112 112 112 113 113 111 104 113 106 101 105 112 107 108 113 116 112 112 110 111 112 105 108 108 112 108 108 119 119 119 119 116 110 107 105 101 96 99 104 93 78 78 73 73 0 61 76 82 96 104 100 100 95 100 107 104 104 106 104 96 89 93 83 82 81 84 85 83 83 83 74 70 79 74 74 70 73 73 66 70 71 71 73 72 79 74 73 70 66 67 62 60 64 64 64 62 59 61 53 58 56 43 0 33 45 54 53 53 56 65 65 64 61 61 50 52 66 65 60 58 58 52 61 53 54 55 58 58 60 60 58 55 55 54 55 55 56 58 56 52 53 59 59 61 62 62 58 58 61 60 60 60 61 62 65 67 68 70 70 71 68 61 64 68 66 68 67 70 72 70 70 70 72 71 71 71 71 70 73 72 73 76 78 83 83 84 85 88 88 85 82 81 79 79 81 81 81 82 84 94 102 91 82 85 85 89 70 73 78 78 78 76 81 81 81 88 90 88 88 89 72 52 52 36 32 0 85 100 105 97 85 82 90 65 67 67 97 118 104 123 78 122 118 91 118 110 79 73 73 101 78 65 65 81 71 72 44 41 41 43 43 50 54 33 22 41 53 60 45 37 30 21 14 14 24 27 19 0 0 -102 -100 0 21 29 33 36 36 35 35 35 37 36 30 27 7 -54 -1 -1 -1 -1 -1 -1 -1 -1 -1 -1 -1 -1 -1 -1 -1 -2 -2 -26 -45 -65 -75 -82 -81 -77 -87 -86 -86 -83 -83 -84 -81 -73 -79 -79 -73 -73 -70 -69 -74 -81 -82 -82 -84 -86 -87 -86 -96 -96 -96 -97 -94 -93 -89 -89 -89 -91 -87 -89 -83 -84 -84 -86 -88 -116 -86 -84 -84 -84 -86 -87 -86 -88 -91 -98 -94 -94 -100 -100 -89 -86 -86 -96 -87 -88 -89 -93 -93 -83 -82 -88 -93 -87 -87 -87 -83 -91 -102 -98 -98 -98 -97 -98 -97 -98 -97 -97 -97 -97 -97 -97 -94 -82 -83 -86 -86 -89 -89 -88 -88 -87 -89 -92 -88 -87 -92 -84 -88 -92 -94 -98 -94 -94 -92 -83 -86 -86 -93 -94 -98 -91 -93 -92 -87 -86 -86 -108 -110 -97 -97 -98
66 66 70 54 62 76 83 82 77 77 77 71 89 89 90 90 91 91 79 74 93 93 94 94 93 88 88 87 83 85 76 79 91 93 91 93 91 91 90 90 94 94 83 90 94 89 87 94 93 93 97 97 97 94 87 93 96 96 102 104 108 107 107 108 74 74 112 110 104 101 100 101 114 106 104 107 107 107 111 111 116 114 108 108 108 110 114 110 110 113 113 107 110 119 119 114 116 113 107 104 101 95 99 99 104 102 91 82 78 72 0 41 62 90 97 97 97 104 96 97 102 101 100 106 104 100 93 94 87 87 87 82 85 85 85 81 73 73 62 73 62 62 68 68 61 61 68 76 71 68 70 71 70 73 73 71 70 64 67 67 66 65 61 55 59 56 47 47 45 0 29 55 68 64 68 68 66 66 65 68 68 65 44 65 68 73 48 45 65 61 61 59 54 54 56 62 61 55 55 56 55 58 59 58 55 55 54 55 60 58 60 61 59 58 61 59 59 59 59 62 64 65 66 65 62 59 58 62 67 67 68 68 70 70 73 73 71 71 73 74 72 73 73 71 71 73 74 76 76 81 83 82 85 89 95 85 84 84 79 78 76 76 79 79 85 90 99 95 81 81 83 84 78 72 83 68 74 78 77 77 73 81 81 84 74 56 60 84 79 74 36 0 89 104 96 96 91 95 97 83 76 60 119 104 117 114 101 118 118 113 90 107 87 81 48 65 65 85 105 101 56 56 66 62 31 47 42 44 39 29 21 47 49 49 45 35 38 33 13 21 31 29 20 0 -102 -121 -121 -75 0 0 24 35 38 35 35 36 36 36 33 33 24 0 0 -1 -1 -1 -1 -1 -1 -1 -1 -1 -1 -1 -1 -1 -1 -1 -8 -28 -67 -74 -73 -79 -75 -75 -73 -87 -86 -82 -79 -78 -79 -74 -77 -81 -77 -77 -73 -68 -68 -73 -82 -83 -84 -87 -87 -94 -96 -96 -96 -96 -96 -93 -87 -82 -86 -89 -89 -87 -84 -87 -83 -83 -86 -88 -102 -100 -84 -83 -86 -86 -83 -88 -91 -100 -100 -94 -97 -100 -96 -87 -88 -100 -93 -93 -89 -94 -91 -91 -81 -83 -96 -102 -88 -84 -84 -96 -96 -100 -100 -100 -98 -98 -98 -98 -97 -98 -97 -97 -97 -97 -92 -82 -82 -83 -83 -86 -88 -87 -88 -86 -89 -92 -87 -87 -88 -88 -89 -89 -86 -88 -86 -84 -86 -83 -86 -91 -97 -110 -110 -82 -84 -98 -98 -93 -101 -102 -91 -97 -93 -93
45 60 68 78 78 72 72 77 81 84 81 83 76 84 91 91 93 91 93 93 94 95 93 94 87 94 95 94 91 84 88 88 88 85 87 94 90 89 90 93 85 88 94 94 87 87 88 93 91 93 94 91 87 91 96 97 101 101 101 105 105 104 106 104 76 102 96 102 107 112 112 114 108 105 108 104 112 110 113 113 107 111 118 118 108 114 113 111 114 108 114 112 114 113 113 114 114 107 104 97 94 96 100 101 97 91 93 84 67 67 0 -128 64 85 88 100 100 89 97 102 100 102 102 105 105 101 100 99 97 96 89 88 87 77 77 77 76 68 73 71 62 68 62 70 71 70 70 70 68 65 65 61 67 67 60 66 66 62 64 64 64 62 61 61 56 48 52 42 0 13 50 54 56 56 67 66 67 67 70 70 62 36 64 68 64 41 41 52 59 56 60 60 54 54 60 64 64 60 60 61 62 62 62 62 58 54 55 60 61 64 58 58 58 61 61 60 60 60 59 62 64 59 58 59 59 58 60 61 66 71 76 76 74 72 76 76 76 76 74 73 74 76 76 76 76 76 78 79 83 85 85 83 85 96 101 88 82 81 79 77 77 78 78 81 83 87 89 85 87 82 70 68 68 66 64 64 81 81 83 67 53 47 45 64 89 100 93 76 76 65 37 0 87 105 96 99 100 93 77 83 60 60 117 106 120 116 117 118 107 83 89 107 76 62 62 67 73 89 68 66 67 54 49 42 50 45 45 60 36 29 37 41 29 32 43 33 18 19 32 32 27 25 21 0 -103 -1 -116 0 0 15 35 38 38 33 35 37 36 36 29 14 0 0 -45 -1 -1 -1 -1 -1 -1 -1 -1 -1 -1 -1 -1 -1 -4 -14 -14 -27 -64 -73 -69 -72 -78 -78 -79 -82 -75 -77 -77 -77 -82 -77 -75 -81 -78 -72 -68 -68 -70 -82 -83 -83 -86 -87 -87 -96 -96 -96 -97 -94 -88 -77 -74 -87 -87 -88 -87 -87 -87 -86 -83 -84 -87 -86 -116 -84 -83 -83 -83 -87 -87 -86 -89 -97 -93 -97 -92 -94 -92 -98 -98 -98 -101 -98 -88 -87 -89 -84 -92 -105 -96 -86 -86 -86 -88 -98 -93 -88 -100 -101 -100 -100 -101 -98 -98 -98 -96 -96 -98 -96 -92 -82 -83 -84 -87 -91 -88 -87 -87 -86 -88 -91 -91 -89 -89 -92 -86 -84 -88 -86 -84 -84 -86 -87 -84 -92 -103 -106 -88 -96 -102 -96 -102 -108 -108 -96 -89 -96 -91 -92
45 45 61 68 78 79 72 77 81 85 82 83 76 76 84 91 91 93 91 93 94 95 93 94 87 94 94 95 93 91 82 89 88 87 88 94 89 89 89 89 93 85 88 94 94 88 88 93 91 94 94 91 91 88 91 96 95 101 100 102 106 104 106 104 76 76 102 96 102 107 112 114 110 106 108 102 112 112 110 113 113 108 111 118 108 114 113 111 114 107 107 114 113 114 113 113 113 105 104 95 95 95 100 100 101 97 91 93 84 73 41 0 0 74 84 100 100 100 88 97 102 99 101 105 105 101 101 99 97 97 96 91 88 85 77 77 76 68 73 71 64 64 71 62 70 72 70 70 68 65 65 61 65 67 67 60 66 64 62 64 64 64 61 61 56 48 50 50 42 0 0 42 45 54 67 65 65 67 70 70 70 65 31 64 68 62 41 52 59 56 59 60 54 54 54 60 62 62 60 60 62 62 62 62 58 58 54 55 60 61 64 59 59 61 61 60 60 60 60 59 62 64 59 58 58 58 60 61 66 73 76 76 74 74 72 76 76 76 74 73 74 76 77 77 77 76 76 78 79 83 85 83 85 96 101 88 84 84 82 79 77 77 78 81 82 87 90 85 87 87 82 68 68 64 53 38 48 50 52 53 62 73 73 82 90 93 100 93 76 65 0 0 87 106 96 96 99 100 93 77 84 76 101 106 120 116 117 118 118 108 83 87 107 74 61 66 73 89 68 66 67 67 54 49 43 50 45 61 36 30 36 39 27 27 30 39 32 15 15 30 26 26 27 26 0 -1 -1 -105 -128 0 6 26 32 32 35 37 36 36 29 29 15 0 0 -84 -1 -1 -1 -1 -1 -1 -1 -1 -1 -1 -1 -1 -1 -6 -13 -26 -64 -73 -69 -72 -78 -78 -78 -81 -82 -75 -77 -77 -82 -77 -75 -82 -78 -78 -72 -68 -68 -70 -81 -83 -86 -87 -87 -96 -96 -96 -96 -96 -94 -88 -77 -74 -87 -88 -87 -87 -87 -86 -83 -83 -84 -87 -86 -98 -100 -83 -84 -88 -87 -86 -89 -97 -97 -93 -97 -92 -94 -92 -98 -98 -101 -98 -88 -88 -89 -89 -84 -92 -105 -96 -87 -86 -87 -97 -94 -88 -100 -100 -98 -100 -100 -101 -98 -100 -96 -96 -98 -94 -92 -82 -82 -83 -84 -84 -89 -88 -87 -86 -88 -91 -91 -89 -89 -89 -93 -86 -84 -89 -86 -84 -84 -86 -84 -92 -103 -105 -105 -88 -97 -102 -96 -102 -108 -96 -91 -96 -91 -93
67 61 55 67 70 76 76 82 81 81 83 87 84 94 94 89 87 88 91 91 93 93 93 89 93 97 96 97 99 95 96 96 96 81 84 93 90 89 93 90 89 91 91 89 84 84 90 93 91 89 91 91 94 95 95 95 93 95 95 101 95 107 110 108 71 101 110 111 111 112 112 107 102 110 104 117 105 110 110 113 111 114 108 108 110 111 110 114 112 110 111 107 111 107 104 104 104 99 96 96 97 97 101 93 93 90 101 99 88 88 70 65 0 52 83 97 95 97 102 97 90 101 101 100 106 99 102 95 96 94 94 89 83 76 76 81 76 74 74 74 76 74 68 73 61 64 70 70 58 64 70 59 65 60 60 62 55 61 64 61 61 59 60 59 52 53 53 43 27 0 0 30 58 58 68 70 70 70 64 61 59 30 59 66 62 41 41 59 60 62 64 60 58 59 56 58 62 60 60 62 61 59 56 56 55 54 56 61 59 59 61 61 65 66 65 62 61 60 58 60 55 60 61 65 65 68 71 71 72 72 73 73 74 76 76 76 74 74 78 78 77 77 79 82 79 81 82 83 84 85 85 87 87 93 93 97 85 82 79 78 78 78 78 79 79 83 90 87 64 48 39 44 52 47 66 66 77 70 79 74 76 70 78 85 90 99 91 94 94 70 59 0 87 99 105 101 102 85 88 91 105 105 84 119 118 119 108 113 106 90 100 105 73 68 68 77 93 97 72 82 60 61 55 44 50 52 52 61 36 43 35 25 32 38 30 25 9 0 21 21 25 30 29 24 0 -1 0 0 -106 -72 9 0 0 31 36 38 38 36 35 30 19 -70 -128 -1 -1 -1 -1 -1 -1 -1 -1 -1 -1 -1 -1 -2 -26 -7 -7 -45 -64 -73 -72 -83 -78 -77 -77 -82 -79 -79 -79 -83 -83 -78 -72 -78 -79 -75 -68 -68 -69 -82 -84 -84 -84 -87 -96 -96 -94 -96 -96 -89 -83 -74 -77 -88 -88 -88 -88 -87 -88 -84 -83 -82 -86 -86 -86 -112 -82 -82 -84 -89 -94 -88 -81 -91 -94 -97 -94 -96 -93 -91 -91 -83 -102 -94 -84 -89 -88 -91 -88 -84 -86 -84 -84 -84 -87 -91 -91 -92 -92 -96 -97 -101 -101 -98 -96 -96 -96 -97 -96 -94 -82 -83 -83 -84 -86 -92 -91 -88 -88 -87 -87 -91 -89 -89 -92 -91 -87 -86 -89 -87 -86 -86 -91 -92 -86 -96 -108 -97 -92 -107 -103 -96 -102 -103 -103 -93 -88 -82 -84 -93
67 67 61 55 67 70 76 82 81 81 83 87 84 84 94 94 89 87 88 91 93 93 93 89 93 97 97 96 97 99 95 96 96 81 84 93 90 89 93 93 90 89 91 91 89 84 90 93 91 89 91 91 91 94 95 95 95 93 95 101 95 107 110 108 71 71 101 110 111 111 112 107 102 110 104 117 105 105 110 110 113 111 114 108 110 111 110 114 112 110 110 111 107 111 107 104 104 99 96 96 97 97 101 101 93 93 90 101 99 88 70 65 0 52 83 97 97 95 97 102 97 90 101 100 106 99 102 95 96 96 94 94 89 83 76 81 76 74 74 74 76 76 74 68 73 61 64 70 58 64 70 59 65 60 60 60 62 55 61 64 61 59 60 59 52 53 53 53 43 27 0 0 30 58 68 70 70 70 64 61 61 59 30 59 66 62 41 59 60 62 64 60 58 58 59 56 58 62 60 62 61 59 56 56 55 55 54 56 61 59 59 61 65 66 65 62 61 60 60 58 60 55 60 61 65 68 71 71 72 72 73 73 73 74 76 76 76 74 78 78 77 77 79 82 82 79 81 82 83 84 85 87 87 93 93 97 85 85 82 79 78 78 78 79 79 83 90 87 64 64 48 39 44 52 47 66 77 70 79 74 76 70 70 78 85 90 99 91 94 70 59 0 87 99 105 105 101 102 85 88 91 105 84 119 118 119 108 113 113 106 90 100 105 73 68 77 93 97 72 82 60 60 61 55 44 50 52 61 36 43 35 25 32 32 38 30 25 9 0 21 25 30 29 24 0 -1 -1 0 0 -106 -72 9 0 31 36 38 38 36 35 35 30 19 -70 -128 -1 -1 -1 -1 -1 -1 -1 -1 -1 -1 -1 -1 -2 -26 -7 -45 -64 -73 -72 -83 -78 -78 -77 -77 -82 -79 -79 -83 -83 -78 -72 -78 -79 -79 -75 -68 -68 -69 -82 -84 -84 -87 -96 -96 -94 -96 -96 -96 -89 -83 -74 -77 -88 -88 -88 -87 -88 -84 -83 -83 -82 -86 -86 -86 -112 -82 -84 -89 -94 -88 -81 -91 -91 -94 -97 -94 -96 -93 -91 -83 -102 -94 -84 -89 -88 -88 -91 -88 -84 -86 -84 -84 -87 -91 -91 -92 -92 -92 -96 -97 -101 -101 -98 -96 -96 -97 -96 -94 -82 -83 -83 -83 -84 -86 -92 -91 -88 -87 -87 -91 -89 -89 -92 -92 -91 -87 -86 -89 -87 -86 -91 -92 -86 -96 -108 -97 -97 -92 -107 -103 -96 -102 -103 -93 -88 -82 -84 -93
66 50 59 78 76 74 74 73 74 77 81 81 82 84 83 73 73 72 78 78 78 78 83 85 94 91 91 95 95 95 96 96 96 94 93 88 85 82 87 84 83 81 79 72 82 82 91 91 87 88 90 96 94 91 93 97 99 107 107 104 106 105 101 89 66 108 102 99 110 106 106 97 113 108 107 112 110 113 114 108 108 111 111 111 111 108 114 111 107 104 106 108 107 104 104 102 102 100 106 111 105 100 101 87 85 94 101 94 93 93 89 70 0 48 82 95 88 94 101 91 97 100 100 102 95 93 96 101 101 91 95 93 87 85 85 84 81 77 78 77 81 77 73 72 66 67 62 62 61 70 70 65 68 66 68 67 65 64 64 55 55 61 59 60 62 59 58 45 35 30 0 31 56 56 64 67 70 66 61 60 56 29 59 64 61 45 45 54 65 65 65 61 61 60 60 59 59 60 60 58 60 59 59 59 56 56 58 60 62 65 67 67 68 70 64 62 61 58 58 56 59 62 62 66 66 72 72 73 73 77 74 76 76 77 77 77 78 78 78 79 82 83 84 85 81 82 82 82 81 85 85 90 91 83 89 97 83 74 81 81 76 70 70 53 39 43 55 66 67 78 71 84 82 70 71 71 72 78 85 83 74 78 88 89 90 93 84 72 72 68 70 0 85 99 106 99 93 83 84 100 123 123 77 117 119 118 104 111 113 81 106 79 66 67 67 106 102 101 95 102 55 65 48 52 54 65 65 47 32 43 27 29 38 37 33 30 14 0 0 0 26 33 26 19 0 0 0 -70 -128 -128 0 0 0 30 36 38 37 36 37 36 21 0 -128 -1 -1 -1 -1 -1 -1 -1 -1 -1 -1 -1 -1 -8 -37 -42 -42 -55 -73 -73 -79 -73 -74 -75 -77 -83 -82 -83 -83 -83 -82 -77 -72 -81 -83 -84 -70 -67 -68 -84 -86 -86 -86 -87 -96 -94 -94 -96 -93 -87 -79 -77 -84 -88 -88 -88 -88 -87 -86 -84 -86 -86 -86 -86 -87 -107 -87 -87 -82 -83 -84 -86 -87 -81 -96 -96 -89 -91 -88 -88 -88 -87 -92 -88 -87 -88 -89 -86 -83 -83 -86 -84 -84 -86 -91 -89 -96 -93 -86 -86 -94 -101 -96 -101 -96 -96 -94 -96 -97 -96 -84 -83 -83 -87 -89 -92 -89 -88 -88 -86 -86 -87 -89 -91 -93 -88 -86 -87 -86 -86 -93 -93 -93 -87 -86 -91 -97 -92 -87 -100 -98 -94 -100 -98 -98 -94 -91 -87 -100 -101
61 61 45 58 66 60 59 64 68 70 70 68 67 67 68 70 73 74 74 74 73 74 79 81 85 83 83 87 90 88 89 93 90 91 96 96 84 91 96 96 88 38 2 0 50 74 82 85 88 90 95 91 91 90 95 96 95 105 105 96 100 102 94 96 70 70 93 100 111 104 101 112 110 105 111 111 106 106 117 114 111 110 111 108 105 110 111 113 108 110 110 111 111 113 112 111 111 111 113 110 101 97 93 93 94 90 91 100 88 88 85 66 -128 -12 82 91 91 87 99 100 87 99 97 101 94 90 99 101 96 96 96 96 88 88 87 87 84 81 85 83 78 78 81 76 72 71 73 74 70 64 64 67 67 62 62 66 65 66 64 61 58 58 65 65 67 64 62 62 44 32 16 0 42 59 65 66 65 58 54 55 55 61 36 64 60 56 55 65 66 68 61 61 64 64 66 64 64 62 61 62 68 66 62 59 60 60 59 58 60 64 66 71 70 64 61 64 60 54 54 52 60 65 66 67 70 73 73 73 74 76 74 74 74 74 76 77 77 82 83 85 89 87 87 84 84 85 85 84 77 76 81 94 97 79 88 88 70 70 50 49 45 43 50 52 59 70 76 79 78 78 68 71 78 81 74 72 78 79 85 72 77 83 83 81 83 79 82 76 66 77 14 55 78 96 105 105 97 88 85 96 112 117 79 118 117 118 111 111 111 113 111 88 78 77 94 117 117 104 110 101 53 53 56 52 43 68 60 31 43 56 36 22 33 33 36 39 27 20 13 0 22 30 21 0 16 0 0 66 -67 -128 -102 0 27 31 36 36 37 36 33 33 33 25 6 -120 -1 -1 -1 -1 -1 -1 -1 -1 -1 -1 -1 -1 -14 -31 -55 -55 -64 -70 -67 -70 -79 -79 -78 -79 -86 -84 -82 -82 -78 -77 -81 -82 -86 -86 -87 -75 -67 -68 -83 -86 -87 -96 -97 -96 -96 -94 -94 -92 -84 -81 -82 -88 -89 -88 -88 -86 -84 -84 -83 -83 -87 -87 -86 -86 -94 -98 -82 -83 -82 -87 -77 -98 -98 -91 -86 -87 -91 -88 -87 -89 -83 -88 -87 -84 -84 -84 -82 -84 -84 -86 -86 -94 -94 -92 -92 -89 -87 -87 -91 -106 -100 -96 -101 -94 -93 -96 -98 -97 -83 -82 -82 -83 -87 -93 -91 -89 -89 -86 -87 -88 -89 -91 -88 -88 -87 -86 -86 -87 -91 -97 -89 -88 -91 -94 -97 -101 -101 -96 -87 -98 -94 -88 -100 -96 -87 -98 -97 -93
44 45 59 65 66 62 62 64 73 70 71 72 71 71 77 74 79 82 79 79 81 83 85 85 82 87 84 77 84 83 83 82 82 95 96 93 95 100 100 90 74 66 42 0 53 53 82 81 87 90 90 91 93 93 88 91 96 96 96 104 106 104 101 107 67 101 102 100 106 112 112 104 104 105 108 104 111 112 110 106 106 111 107 107 111 114 114 116 114 119 117 117 118 117 117 117 117 117 117 102 101 96 89 90 91 89 96 83 84 84 77 70 -128 -128 71 93 90 93 94 87 93 95 95 100 94 93 104 97 101 97 93 90 91 90 90 88 87 87 85 78 78 82 77 82 68 68 78 78 72 72 67 65 64 68 60 62 65 66 61 58 58 55 61 62 59 59 60 39 14 0 29 54 61 61 65 62 58 54 53 59 60 39 42 52 59 60 60 70 65 62 59 61 65 65 66 66 65 64 64 67 68 70 65 61 60 59 59 65 64 66 68 68 61 58 62 59 52 49 56 61 65 71 71 73 73 77 76 77 77 74 74 76 78 77 77 81 82 82 83 84 90 90 89 84 84 83 81 79 74 77 77 88 67 44 52 64 78 85 79 77 76 70 70 64 56 61 66 74 72 73 84 82 85 77 74 74 85 76 83 65 77 77 81 64 78 78 71 54 54 0 56 78 87 85 97 91 82 94 106 111 114 114 88 118 112 118 112 113 112 107 90 74 87 111 111 110 97 99 108 83 39 58 50 59 85 67 67 43 55 61 30 24 36 38 33 14 22 0 0 0 19 24 19 0 8 0 59 -1 -128 -69 20 26 26 25 0 33 36 35 35 33 25 0 -119 -1 -1 -1 -1 -1 -1 -1 -1 -1 -1 -1 -1 -18 -42 -55 -55 -64 -73 -72 -72 -83 -82 -81 -88 -86 -84 -81 -81 -79 -78 -79 -81 -82 -84 -88 -84 -65 -67 -83 -86 -86 -87 -97 -96 -96 -96 -93 -87 -83 -83 -84 -87 -88 -88 -87 -86 -86 -87 -86 -83 -87 -86 -84 -84 -81 -110 -110 -83 -82 -82 -83 -84 -84 -86 -86 -92 -96 -86 -86 -86 -94 -82 -94 -86 -84 -87 -86 -89 -89 -89 -96 -96 -101 -96 -92 -94 -91 -91 -94 -93 -101 -102 -97 -96 -96 -94 -97 -101 -96 -83 -83 -86 -93 -92 -91 -91 -89 -89 -89 -89 -86 -84 -86 -88 -88 -86 -86 -91 -97 -93 -93 -87 -91 -93 -92 -89 -86 -86 -89 -86 -84 -98 -103 -103 -97 -89 -97 -92 -87
44 44 45 59 65 66 62 64 73 70 71 72 71 71 71 77 74 79 82 79 81 83 85 85 82 87 87 84 77 84 83 83 82 95 96 93 95 100 100 100 90 74 66 42 0 53 82 81 87 90 90 91 91 93 93 88 91 96 96 104 106 104 101 107 67 67 101 102 100 106 112 104 104 105 108 104 111 111 112 110 106 106 111 107 111 114 114 116 114 119 119 117 117 118 117 117 117 117 117 102 101 96 89 89 90 91 89 96 83 84 77 70 -128 -128 71 93 93 90 93 94 87 93 95 100 94 93 104 97 101 101 97 93 90 91 90 88 87 87 85 78 78 78 82 77 82 68 68 78 72 72 67 65 64 68 68 60 62 65 66 61 58 55 61 62 59 59 60 60 39 14 0 29 54 61 65 62 58 54 53 59 59 60 39 42 52 59 60 70 65 62 59 61 65 65 65 66 66 65 64 67 68 70 65 61 60 60 59 59 65 64 66 68 61 58 62 59 52 49 49 56 61 65 71 71 73 77 76 77 77 74 74 74 76 78 77 77 81 82 83 84 90 90 89 84 84 84 83 81 79 74 77 88 67 44 52 64 78 78 85 79 77 76 70 64 56 61 66 74 72 72 73 84 82 85 77 74 85 76 83 65 77 77 77 81 64 78 78 71 54 0 56 78 87 85 97 97 91 82 94 106 111 114 88 118 112 118 112 113 113 112 107 90 74 87 111 110 97 99 108 83 39 39 58 50 59 85 67 43 55 61 30 24 36 36 38 33 14 22 0 0 19 24 19 0 8 0 0 59 -1 -128 -69 20 26 25 0 33 36 35 35 35 33 25 0 -119 -1 -1 -1 -1 -1 -1 -1 -1 -1 -1 -1 -1 -18 -42 -55 -64 -73 -72 -72 -83 -82 -82 -81 -88 -86 -84 -81 -79 -78 -79 -81 -82 -84 -84 -88 -84 -65 -67 -83 -86 -87 -97 -96 -96 -96 -93 -93 -87 -83 -83 -84 -87 -88 -87 -86 -86 -87 -86 -83 -83 -87 -86 -84 -84 -81 -110 -83 -82 -82 -83 -84 -84 -84 -86 -86 -92 -96 -86 -86 -94 -82 -94 -86 -84 -87 -87 -86 -89 -89 -89 -96 -101 -96 -92 -94 -91 -91 -91 -94 -93 -101 -102 -97 -96 -94 -97 -101 -96 -83 -83 -83 -86 -93 -92 -91 -91 -89 -89 -89 -86 -84 -86 -88 -88 -88 -86 -86 -91 -97 -93 -87 -91 -93 -92 -89 -86 -86 -86 -89 -86 -84 -98 -103 -97 -89 -97 -92 -87
44 45 59 65 66 62 62 62 73 67 71 72 71 71 77 74 79 82 79 79 81 83 87 83 81 88 84 77 85 83 83 81 81 95 100 95 95 100 100 93 83 82 78 82 88 88 87 83 88 91 90 94 95 91 88 94 99 96 96 104 106 104 101 107 66 100 102 101 106 112 112 104 104 105 108 104 111 112 110 108 108 111 107 107 108 112 112 116 114 118 117 117 119 118 118 118 118 118 118 101 101 96 90 90 90 89 96 82 84 84 77 73 38 0 72 90 90 93 94 87 94 96 96 96 90 93 104 97 101 97 93 90 91 93 93 89 89 89 85 78 78 82 78 82 68 72 78 78 72 71 70 65 64 68 61 61 65 65 60 58 58 55 60 61 59 58 58 29 0 12 49 62 62 62 64 61 56 54 53 56 58 45 31 49 56 60 60 70 65 62 60 62 65 65 68 66 66 65 65 67 68 70 65 62 61 59 59 64 65 66 68 68 61 58 61 59 53 48 56 62 64 71 73 76 76 78 77 76 74 76 76 76 77 78 78 81 82 82 82 83 88 88 89 84 84 83 83 79 62 44 44 53 76 78 84 91 96 90 79 78 77 71 71 64 56 61 66 72 71 72 84 82 85 77 73 73 87 76 82 64 76 77 81 62 77 77 67 43 43 0 62 82 88 85 95 89 79 94 106 111 114 114 97 108 112 118 111 113 112 107 90 76 89 111 111 110 97 99 108 82 39 58 50 59 85 67 67 44 56 61 30 24 36 38 31 9 0 0 14 14 22 24 20 0 0 13 0 0 0 12 20 0 0 0 0 26 31 33 35 33 25 0 -111 -1 -1 -1 -1 -1 -1 -1 -1 -1 -1 -1 -1 -17 -42 -55 -55 -64 -74 -70 -70 -81 -81 -82 -89 -84 -83 -81 -81 -79 -78 -79 -81 -82 -83 -87 -86 -65 -67 -83 -84 -84 -86 -96 -96 -96 -96 -94 -87 -83 -83 -86 -87 -88 -88 -87 -86 -86 -87 -86 -84 -88 -86 -84 -84 -82 -111 -111 -82 -82 -82 -83 -84 -84 -87 -86 -92 -96 -86 -86 -86 -94 -82 -94 -86 -84 -86 -84 -88 -89 -89 -97 -97 -101 -96 -92 -93 -91 -91 -94 -93 -101 -102 -98 -96 -96 -93 -96 -101 -96 -83 -83 -86 -93 -91 -89 -91 -89 -89 -89 -89 -87 -86 -86 -88 -89 -84 -86 -91 -97 -93 -93 -87 -91 -93 -92 -88 -87 -86 -89 -86 -84 -98 -105 -105 -96 -89 -97 -93 -86
45 45 49 55 59 60 56 74 76 66 70 68 68 68 77 83 88 88 87 87 89 90 91 88 89 83 83 74 88 90 85 90 95 97 90 90 91 95 90 90 89 88 94 100 101 93 85 84 90 95 95 99 99 94 91 94 99 96 99 105 101 91 101 105 70 70 102 101 108 107 101 105 108 108 108 108 110 110 111 107 108 114 120 116 114 114 114 119 119 117 117 119 119 117 116 116 112 117 117 100 96 91 90 90 91 85 89 96 87 85 84 71 43 0 78 83 83 90 97 88 91 87 95 90 93 100 97 97 100 100 101 94 89 88 95 89 91 90 84 83 81 81 83 85 82 79 77 78 77 76 71 65 67 56 56 60 67 61 60 59 62 61 60 58 64 56 38 38 18 0 29 49 64 62 58 55 56 55 55 59 59 60 56 27 55 50 61 68 61 55 65 67 66 66 66 66 66 67 70 70 70 66 64 66 67 67 61 61 65 65 64 62 58 61 53 53 53 56 56 62 64 68 74 76 78 78 79 74 72 72 73 73 76 77 79 79 83 84 85 88 93 93 91 87 87 77 65 54 44 47 73 84 81 78 84 93 93 93 84 81 79 77 70 64 62 59 67 78 77 77 77 83 74 84 76 82 79 84 67 68 62 74 74 64 53 68 64 65 0 47 68 73 85 90 97 97 81 87 101 107 96 108 106 97 116 114 112 110 110 107 106 64 82 100 73 111 114 108 83 52 62 62 81 60 84 82 43 54 55 41 20 26 32 32 38 24 4 0 0 10 16 15 24 18 0 0 0 0 0 0 0 0 0 0 0 0 25 31 33 33 32 20 0 -103 -1 -1 -1 -1 -1 -1 -1 -1 -1 -1 -1 -7 -35 -46 -64 -64 -73 -81 -79 -79 -81 -81 -89 -86 -83 -81 -79 -79 -78 -78 -77 -79 -82 -82 -86 -87 -67 -65 -84 -86 -94 -94 -96 -96 -94 -91 -91 -84 -83 -84 -84 -86 -88 -88 -88 -88 -88 -87 -84 -84 -84 -84 -83 -84 -83 -100 -93 -82 -81 -84 -82 -83 -83 -79 -91 -96 -92 -86 -89 -97 -88 -92 -87 -91 -94 -94 -93 -96 -93 -102 -101 -96 -91 -94 -93 -93 -96 -96 -98 -103 -103 -105 -94 -98 -93 -96 -101 -92 -83 -84 -84 -87 -93 -92 -91 -89 -91 -93 -89 -83 -83 -88 -93 -93 -89 -87 -84 -88 -97 -94 -89 -86 -87 -89 -87 -91 -91 -91 -89 -86 -88 -98 -93 -96 -94 -97 -89 -91
44 45 44 45 50 59 59 67 56 60 64 65 67 85 87 84 82 83 82 82 83 84 81 85 83 81 91 94 89 93 94 91 91 84 82 84 79 84 84 84 89 96 100 91 88 88 96 101 106 106 106 105 105 105 106 101 97 100 100 99 93 94 99 95 66 100 102 102 105 106 106 107 104 108 108 110 110 108 110 111 118 116 112 112 112 118 120 119 118 118 116 118 114 112 111 112 112 117 106 99 95 97 93 90 85 93 90 88 95 95 91 74 43 0 82 76 88 87 81 89 82 83 83 97 99 95 97 96 99 95 90 91 89 90 90 85 89 91 88 88 85 84 82 82 79 78 82 82 73 71 66 74 72 66 70 62 60 60 62 64 64 60 59 61 58 37 14 3 0 29 59 67 62 62 55 55 54 53 58 64 65 54 25 47 42 60 60 55 54 59 67 73 68 70 72 73 72 73 73 66 62 61 65 65 66 66 66 59 59 62 61 61 56 53 50 61 65 64 66 71 73 76 76 78 78 81 79 74 71 68 73 76 77 79 83 87 90 90 85 76 67 62 60 56 62 74 82 81 79 76 76 81 70 82 85 87 88 89 82 77 74 68 68 71 58 59 72 83 82 89 71 79 76 70 67 67 65 78 70 65 66 67 54 45 0 0 0 56 56 72 82 78 87 90 97 95 97 101 104 106 122 122 118 84 107 113 118 105 106 87 64 82 93 113 113 117 106 78 60 72 74 73 90 111 67 38 38 41 49 30 21 29 38 38 15 4 0 0 0 0 0 6 21 26 0 0 0 0 12 20 0 0 0 0 0 0 0 27 33 25 0 41 -124 -1 -1 -1 -1 -1 -1 -1 -1 -1 -1 -2 -17 -55 -54 -64 -64 -75 -73 -82 -78 -79 -81 -87 -84 -82 -79 -79 -79 -79 -81 -79 -78 -79 -82 -84 -88 -86 -65 -86 -87 -87 -96 -94 -94 -96 -93 -88 -84 -86 -87 -84 -86 -88 -88 -89 -88 -87 -87 -84 -83 -84 -84 -83 -84 -82 -87 -87 -108 -82 -79 -81 -81 -81 -82 -84 -96 -92 -87 -94 -94 -96 -92 -96 -96 -97 -96 -98 -100 -98 -102 -98 -98 -92 -93 -96 -94 -98 -96 -103 -102 -103 -101 -97 -98 -98 -96 -96 -94 -92 -83 -86 -91 -93 -93 -92 -91 -89 -89 -93 -86 -83 -86 -88 -89 -91 -87 -84 -91 -97 -98 -98 -87 -83 -87 -91 -86 -84 -100 -100 -88 -101 -102 -100 -100 -96 -86 -94 -81 -88
53 53 45 52 56 60 62 59 60 62 62 66 68 68 87 85 76 74 74 70 70 66 65 68 74 87 87 82 82 77 73 74 73 72 81 84 97 104 101 101 101 100 101 97 91 100 100 101 100 104 104 102 102 104 104 104 106 106 102 101 94 96 93 95 64 64 99 102 110 112 107 102 108 110 114 108 111 111 117 116 112 116 112 113 118 119 119 117 116 114 114 113 112 111 113 114 113 106 104 96 95 90 88 88 89 93 99 96 95 99 93 73 37 0 76 71 71 89 88 87 90 81 84 94 100 97 99 97 91 91 90 96 94 93 84 84 88 90 84 88 87 87 84 84 83 82 81 74 77 74 76 76 71 68 68 71 70 60 58 60 59 58 62 56 47 16 0 0 0 19 53 62 66 60 55 54 53 45 58 58 58 50 43 12 41 47 56 54 56 59 62 62 67 67 72 76 72 71 67 56 60 61 65 65 66 66 61 62 55 60 61 56 48 56 59 65 67 70 70 68 70 73 74 77 77 79 77 74 67 72 76 76 76 71 62 58 56 59 64 65 81 85 83 89 89 91 83 81 82 74 65 78 77 82 87 88 89 89 87 79 74 72 70 66 55 60 70 79 85 85 72 81 77 62 67 64 67 76 65 77 64 58 58 55 0 33 48 62 79 85 83 87 88 96 102 102 93 95 99 104 114 123 120 84 110 114 107 97 97 111 96 65 91 113 119 96 101 65 79 97 89 89 93 116 84 43 39 38 29 22 22 38 38 38 36 10 7 0 0 0 0 0 0 0 21 13 13 0 0 0 71 -1 -69 -75 -70 -128 0 25 31 31 24 0 0 -74 -1 -1 -1 -1 -1 -1 -1 -1 -1 -1 -3 -31 -55 -67 -64 -74 -81 -79 -78 -81 -88 -88 -86 -84 -81 -78 -81 -78 -79 -79 -78 -78 -81 -81 -84 -89 -94 -67 -87 -96 -96 -94 -94 -94 -92 -88 -88 -86 -87 -84 -86 -86 -87 -89 -87 -83 -86 -86 -83 -83 -82 -83 -84 -83 -83 -84 -115 -83 -81 -77 -81 -82 -82 -81 -87 -97 -92 -91 -96 -93 -94 -96 -96 -97 -96 -96 -100 -100 -96 -98 -97 -96 -91 -94 -97 -105 -103 -103 -103 -105 -102 -101 -97 -98 -94 -94 -93 -86 -86 -87 -87 -91 -91 -93 -94 -101 -102 -91 -94 -84 -87 -84 -86 -86 -100 -91 -86 -91 -96 -97 -87 -87 -97 -84 -78 -81 -81 -88 -101 -101 -100 -96 -94 -81 -84 -87 -106 -106
53 45 52 56 60 62 62 59 60 62 62 66 68 87 85 76 74 74 70 70 70 66 65 68 74 87 82 82 77 73 74 73 73 72 81 84 97 104 101 101 100 101 97 91 100 100 100 101 100 104 104 102 104 104 104 106 106 102 102 101 94 96 93 95 64 99 102 110 112 107 107 102 108 110 114 108 111 117 116 112 116 112 113 113 118 119 119 117 116 114 113 112 111 113 114 113 113 106 104 96 95 90 88 89 93 99 96 95 99 99 93 73 37 0 76 71 89 88 87 90 81 84 84 94 100 97 99 97 91 90 96 94 93 84 84 84 88 90 84 88 87 84 84 83 82 81 74 74 77 74 76 76 71 68 71 70 60 58 60 59 59 58 62 56 47 16 0 0 19 53 62 66 60 60 55 54 53 45 58 58 50 43 12 41 47 56 56 54 56 59 62 62 67 72 76 72 71 67 67 56 60 61 65 65 66 61 62 55 60 61 56 56 48 56 59 65 67 70 68 70 73 74 77 77 77 79 77 74 67 72 76 76 71 62 58 56 59 59 64 65 81 85 83 89 91 83 81 82 74 65 65 78 77 82 87 88 89 87 79 74 72 70 70 66 55 60 70 79 85 72 81 77 62 67 64 64 67 76 65 77 64 58 55 0 33 48 62 79 79 85 83 87 88 96 102 93 95 99 104 114 123 123 120 84 110 114 107 97 111 96 65 91 113 119 119 96 101 65 79 97 89 93 116 84 43 39 39 38 29 22 22 38 38 36 10 7 0 0 0 0 0 0 0 0 21 13 0 0 0 71 -1 -69 -69 -75 -70 -128 0 25 31 24 0 0 -74 -1 -1 -1 -1 -1 -1 -1 -1 -1 -1 -3 -31 -55 -67 -64 -64 -74 -81 -79 -78 -81 -88 -86 -84 -81 -78 -81 -81 -78 -79 -79 -78 -78 -81 -84 -89 -94 -67 -87 -96 -96 -96 -94 -94 -94 -92 -88 -86 -87 -84 -86 -86 -87 -87 -89 -87 -83 -86 -86 -83 -82 -83 -84 -83 -83 -84 -84 -115 -83 -81 -77 -81 -82 -81 -87 -97 -92 -91 -96 -96 -93 -94 -96 -96 -97 -96 -100 -100 -96 -98 -97 -97 -96 -91 -94 -97 -105 -103 -103 -105 -102 -101 -97 -98 -98 -94 -94 -93 -86 -86 -87 -91 -91 -93 -94 -101 -102 -102 -91 -94 -84 -87 -84 -86 -100 -91 -86 -91 -96 -97 -97 -87 -87 -97 -84 -78 -81 -88 -101 -101 -100 -96 -94 -94 -81 -84 -87 -106 -106
53 53 44 49 55 58 62 58 58 62 64 66 68 68 88 87 76 74 74 70 71 66 65 68 74 88 88 83 83 79 77 76 73 72 79 84 97 100 99 99 99 97 99 101 95 100 100 101 101 101 101 102 102 104 105 105 106 106 101 99 94 94 93 95 64 64 99 102 108 112 107 101 107 108 113 108 111 111 117 116 114 118 112 113 118 119 119 117 117 114 114 113 112 111 113 113 113 105 104 96 95 90 85 85 89 94 99 96 95 100 91 71 37 0 76 71 71 89 88 87 90 81 84 94 97 97 99 97 91 91 90 97 94 93 84 84 89 90 84 88 88 88 87 84 83 82 82 74 77 77 77 76 71 68 68 71 67 60 58 60 59 58 62 54 31 0 0 0 20 45 61 66 67 59 55 54 52 44 56 58 58 50 42 10 41 47 56 53 56 59 62 61 68 68 72 76 72 68 65 58 60 61 65 65 66 66 61 62 55 60 61 56 47 54 61 66 67 70 70 68 70 65 53 45 48 49 45 44 37 41 44 44 45 56 73 85 89 89 94 85 87 85 83 89 89 91 84 82 83 74 65 77 77 82 87 88 89 89 85 78 74 72 68 66 55 60 67 79 85 85 71 82 77 62 70 64 67 76 65 77 61 49 49 0 0 50 60 72 84 85 83 87 89 96 102 102 93 95 99 104 114 122 120 81 107 114 107 99 99 111 96 65 94 114 120 96 101 65 79 100 93 93 94 118 84 42 36 35 25 22 22 39 38 38 36 13 10 0 0 0 0 0 0 0 0 0 0 0 0 0 0 -1 -1 -1 -1 0 0 19 27 27 22 0 0 -83 -1 -1 -1 -1 -1 -1 -1 -1 -1 -1 -3 -31 -54 -65 -64 -73 -79 -79 -78 -78 -87 -87 -86 -84 -81 -79 -81 -78 -78 -78 -77 -77 -79 -79 -84 -89 -94 -65 -87 -96 -94 -96 -94 -94 -93 -88 -88 -86 -87 -86 -86 -86 -87 -89 -86 -81 -86 -86 -83 -83 -82 -81 -83 -83 -83 -83 -101 -97 -82 -78 -81 -83 -83 -82 -86 -98 -92 -92 -96 -93 -94 -96 -97 -97 -97 -97 -100 -100 -97 -98 -97 -96 -91 -94 -97 -105 -103 -103 -105 -105 -102 -101 -97 -97 -96 -96 -93 -86 -86 -87 -87 -91 -89 -93 -94 -100 -101 -91 -94 -83 -84 -84 -86 -86 -100 -91 -86 -91 -97 -98 -87 -87 -97 -84 -78 -81 -81 -88 -101 -101 -100 -97 -93 -82 -84 -86 -107 -108
55 56 56 61 68 68 68 64 67 65 70 72 73 88 81 62 66 65 65 65 66 68 79 83 83 72 70 68 68 72 79 84 84 99 102 100 97 96 93 89 90 93 96 97 95 95 93 94 95 97 94 96 96 96 99 105 100 107 107 108 104 107 100 99 67 104 102 105 104 105 105 110 114 110 113 114 118 118 108 114 117 113 117 117 118 117 112 111 113 112 113 116 118 117 110 107 107 106 110 90 89 88 89 96 99 101 101 99 91 91 78 66 47 0 61 65 85 74 87 91 84 84 84 89 94 96 99 96 84 91 96 88 88 78 78 85 85 79 82 82 87 88 87 87 87 79 78 78 73 79 79 73 72 70 67 61 62 65 61 56 56 60 58 45 37 33 0 26 45 60 61 60 54 54 53 56 52 47 54 52 43 37 15 45 49 54 54 58 58 56 59 61 66 66 65 60 60 58 58 64 64 62 65 62 59 65 61 60 61 56 45 45 48 60 60 58 48 41 37 41 54 68 81 82 82 78 76 71 62 76 74 76 82 85 85 87 89 89 84 73 81 82 79 90 91 79 76 72 70 62 62 78 81 77 84 87 88 83 78 77 73 67 67 66 60 56 64 70 77 77 84 72 77 77 73 73 70 68 70 74 52 43 0 54 68 79 84 78 78 79 83 82 85 94 101 99 100 106 113 120 119 119 116 83 110 117 102 108 108 60 74 84 117 123 123 90 90 79 88 112 48 89 116 59 35 37 37 29 30 27 36 39 35 16 19 19 0 0 7 7 8 0 0 61 1 0 0 0 0 0 -1 -1 -1 -102 -108 0 0 0 0 21 0 0 -1 -1 -1 -1 -1 -1 -1 -1 -1 -1 -1 -3 -35 -54 -63 -63 -63 -72 -68 -79 -78 -78 -84 -86 -83 -81 -81 -81 -81 -78 -77 -77 -75 -77 -79 -83 -87 -86 -77 -84 -97 -97 -96 -94 -93 -94 -92 -86 -86 -86 -86 -86 -84 -86 -86 -87 -83 -82 -86 -84 -84 -83 -81 -83 -83 -83 -82 -82 -83 -120 -91 -77 -82 -92 -92 -96 -96 -89 -93 -96 -96 -96 -94 -96 -94 -98 -100 -100 -98 -96 -97 -100 -100 -96 -93 -94 -98 -105 -102 -106 -105 -101 -101 -96 -97 -97 -97 -96 -96 -97 -97 -87 -91 -91 -94 -102 -101 -102 -102 -96 -83 -86 -87 -87 -89 -100 -92 -89 -98 -96 -91 -91 -92 -97 -94 -83 -82 -86 -107 -108 -97 -96 -92 -78 -78 -82 -82 -96 -98 -89
58 58 55 55 64 73 66 67 68 73 73 68 71 71 88 70 64 68 68 72 74 85 89 89 79 74 74 76 83 84 99 100 99 97 97 96 88 89 90 90 93 94 94 94 91 94 93 96 96 97 100 95 95 93 104 95 94 100 105 101 108 105 108 113 73 73 102 102 104 104 105 106 110 114 113 112 110 110 104 113 112 114 118 118 114 110 111 114 116 114 114 116 113 111 110 110 108 110 108 93 94 96 101 101 105 105 96 89 89 89 84 72 55 0 0 48 48 77 84 93 91 85 87 93 95 97 97 89 88 88 90 89 87 88 88 81 67 85 82 77 85 85 90 88 83 85 82 76 77 79 76 74 71 61 61 61 65 66 61 60 55 59 55 43 41 14 0 0 19 43 54 56 53 50 56 56 50 50 50 41 41 35 41 18 48 49 53 55 55 53 61 60 66 66 66 65 62 61 62 64 61 65 66 60 56 56 56 55 60 52 37 26 25 31 33 42 56 62 62 73 74 78 81 79 79 76 72 62 60 74 74 74 77 81 83 81 88 87 79 74 79 83 83 91 91 83 77 71 67 64 59 84 71 78 82 87 87 87 83 81 79 74 72 67 64 65 60 77 87 87 74 68 71 72 72 60 62 72 72 65 50 36 36 0 52 67 74 78 74 74 78 83 88 94 97 97 96 105 113 117 123 119 118 96 90 112 101 99 99 96 84 82 117 117 114 102 104 81 99 95 87 87 108 95 64 44 36 35 27 33 36 32 30 30 26 20 19 35 27 16 14 0 0 0 0 0 0 0 0 54 0 -1 -1 -70 -69 0 0 0 0 0 20 0 -1 -1 -1 -1 -1 -1 -1 -1 -1 -1 -1 -1 -11 -44 -65 -61 -63 -72 -70 -79 -78 -75 -75 -75 -86 -83 -79 -81 -79 -73 -73 -78 -77 -77 -79 -79 -79 -83 -88 -79 -92 -97 -93 -93 -96 -93 -89 -86 -86 -87 -86 -84 -84 -84 -84 -86 -82 -82 -86 -86 -84 -84 -81 -82 -82 -82 -83 -92 -91 -114 -97 -87 -88 -91 -91 -92 -96 -96 -93 -94 -97 -98 -97 -98 -96 -100 -100 -100 -96 -100 -97 -94 -98 -102 -98 -101 -107 -98 -101 -101 -103 -101 -100 -97 -97 -97 -96 -94 -96 -97 -94 -100 -100 -100 -97 -101 -101 -101 -101 -93 -93 -89 -102 -102 -97 -97 -105 -97 -97 -106 -100 -98 -107 -102 -107 -92 -97 -112 -112 -114 -102 -91 -87 -91 -79 -87 -89 -92 -87 -82
52 48 59 71 78 73 73 66 70 76 70 68 76 83 74 76 77 83 85 85 90 85 84 83 78 81 91 99 99 96 94 91 91 84 85 88 90 90 93 93 91 94 93 93 93 93 96 99 96 96 104 96 100 96 90 95 99 91 91 100 101 105 107 106 72 113 113 106 106 106 106 106 106 102 104 106 106 108 118 117 117 116 111 111 107 113 117 114 114 114 112 113 116 114 110 112 112 112 107 106 104 100 100 106 95 91 87 87 89 89 85 82 70 54 0 42 77 91 88 85 84 84 84 93 95 99 89 88 89 84 83 88 85 85 85 82 83 85 73 85 87 81 84 82 83 78 73 73 74 73 78 81 70 62 66 64 64 62 58 62 62 60 54 38 35 0 18 39 47 52 53 52 55 55 58 56 56 56 49 35 42 47 19 50 53 48 48 52 50 55 59 60 67 64 61 60 60 61 61 60 60 64 62 53 38 32 30 30 33 41 44 44 50 56 64 64 66 70 72 73 79 81 81 74 74 68 66 58 66 74 72 74 76 79 83 84 83 83 83 74 78 72 83 88 77 73 72 68 58 62 62 81 73 77 84 87 87 88 85 79 81 79 79 81 72 65 67 68 70 62 74 64 76 66 58 58 68 76 65 53 45 0 0 66 77 81 73 76 76 77 85 88 87 83 94 90 99 112 123 120 116 116 116 110 77 105 94 106 99 66 96 118 107 118 118 83 84 83 111 111 104 111 61 45 37 47 47 30 33 36 39 32 32 26 24 27 41 31 35 35 0 0 0 0 19 24 25 0 0 0 0 0 0 -1 -1 -1 66 0 0 22 0 -1 -1 -1 -1 -1 -1 -1 -1 -1 -1 -1 -4 -20 -46 -64 -63 -64 -64 -73 -82 -81 -79 -77 -86 -86 -86 -83 -83 -81 -81 -73 -74 -75 -79 -82 -78 -78 -83 -82 -82 -92 -94 -94 -88 -93 -93 -88 -87 -84 -87 -86 -86 -86 -86 -86 -86 -84 -83 -83 -86 -84 -83 -82 -82 -83 -83 -84 -91 -91 -88 -96 -116 -89 -88 -88 -93 -97 -96 -93 -94 -98 -98 -98 -100 -98 -96 -100 -98 -98 -98 -100 -102 -103 -103 -98 -98 -102 -102 -96 -101 -101 -100 -98 -96 -96 -97 -97 -96 -97 -98 -97 -98 -98 -98 -97 -101 -101 -97 -97 -97 -97 -96 -101 -102 -100 -106 -96 -96 -98 -98 -96 -100 -100 -103 -101 -100 -96 -94 -103 -106 -97 -93 -105 -89 -86 -86 -102 -107 -81 -94 -91
52 52 48 59 71 78 73 66 70 76 70 68 76 76 83 74 76 77 83 85 90 85 84 83 78 81 81 91 99 99 96 94 91 84 85 88 90 90 93 93 93 91 94 93 93 93 96 99 96 96 104 96 96 100 96 90 95 99 91 100 101 105 107 106 72 72 113 113 106 106 106 106 106 102 104 106 106 106 108 118 117 117 116 111 107 113 117 114 114 114 114 112 113 116 114 110 112 112 107 106 104 100 100 100 106 95 91 87 87 89 85 82 70 54 0 42 42 77 91 88 85 84 84 93 95 99 89 88 89 89 84 83 88 85 85 82 83 85 73 85 87 87 81 84 82 83 78 73 74 73 78 81 70 62 62 66 64 64 62 58 62 60 54 38 35 0 18 18 39 47 52 53 52 55 58 56 56 56 49 35 35 42 47 19 50 53 48 52 50 55 59 60 67 67 64 61 60 60 61 60 60 64 62 53 38 38 32 30 30 33 41 44 50 56 64 64 66 70 70 72 73 79 81 81 74 68 66 58 66 74 72 72 74 76 79 83 84 83 83 74 78 72 83 88 88 77 73 72 68 58 62 81 73 77 84 87 87 87 88 85 79 81 79 81 72 65 67 68 70 70 62 74 64 76 66 58 68 76 65 53 45 0 0 0 66 77 81 73 76 77 85 88 87 83 94 94 90 99 112 123 120 116 116 110 77 105 94 106 106 99 66 96 118 107 118 83 84 83 111 111 104 104 111 61 45 37 47 30 33 36 39 32 32 32 26 24 27 41 31 35 0 0 0 0 19 24 24 25 0 0 0 0 0 -1 -1 -1 66 0 0 0 22 0 -1 -1 -1 -1 -1 -1 -1 -1 -1 -1 -1 -4 -20 -46 -64 -63 -64 -73 -82 -81 -79 -77 -86 -86 -86 -86 -83 -83 -81 -73 -74 -75 -79 -82 -78 -78 -78 -83 -82 -82 -92 -94 -88 -93 -93 -88 -87 -84 -84 -87 -86 -86 -86 -86 -86 -84 -83 -83 -86 -84 -83 -83 -82 -82 -83 -83 -84 -91 -88 -96 -116 -89 -88 -88 -88 -93 -97 -96 -93 -94 -98 -98 -100 -98 -96 -100 -98 -98 -98 -98 -100 -102 -103 -98 -98 -102 -102 -96 -101 -101 -101 -100 -98 -96 -96 -97 -96 -97 -98 -97 -98 -98 -98 -98 -97 -101 -101 -97 -97 -97 -96 -101 -102 -100 -106 -106 -96 -96 -98 -98 -96 -100 -103 -101 -100 -96 -94 -103 -103 -106 -97 -93 -105 -89 -86 -102 -107 -81 -94 -91
54 49 60 71 77 72 72 66 71 74 68 67 77 84 73 73 76 83 85 85 88 85 84 82 78 79 91 99 97 96 94 94 94 87 85 88 88 88 90 89 91 93 93 93 93 93 96 100 95 96 101 96 100 99 93 95 99 93 93 99 101 105 108 107 72 112 113 106 105 105 105 106 106 102 104 106 106 108 118 117 117 116 111 111 107 113 116 114 114 114 112 113 116 114 110 112 112 112 108 106 104 102 100 106 95 91 87 84 87 87 85 85 78 59 -128 0 73 91 85 83 83 84 84 90 94 97 89 88 87 82 79 88 85 85 85 81 82 84 72 83 87 81 83 82 83 78 73 73 74 72 78 82 70 62 66 64 64 64 59 62 62 60 54 36 31 0 41 52 50 52 53 52 55 55 58 56 55 58 50 35 42 47 19 50 54 48 48 52 49 54 56 60 67 64 61 60 55 47 47 37 31 33 31 38 48 58 59 58 59 56 50 50 50 58 62 64 65 70 70 71 78 79 82 76 76 67 66 58 65 74 72 74 77 79 82 84 83 83 83 74 78 72 83 88 74 72 72 68 59 62 62 81 73 78 84 87 87 88 85 82 81 78 78 81 72 67 67 68 70 61 74 64 74 66 58 58 68 77 61 43 35 26 0 67 76 81 72 78 78 78 84 88 87 83 91 88 97 112 122 119 116 116 116 110 78 104 94 106 99 65 96 118 107 119 119 82 83 83 112 112 107 111 61 45 37 47 47 30 35 36 39 32 32 26 22 26 42 31 38 38 33 29 22 0 0 19 29 35 32 29 0 0 0 -1 -1 -1 -1 0 16 25 0 -1 -1 -1 -1 -1 -1 -1 -1 -1 -1 -1 -4 -20 -46 -64 -63 -64 -64 -73 -82 -81 -79 -78 -87 -86 -84 -83 -83 -81 -81 -73 -74 -75 -79 -82 -78 -78 -83 -82 -82 -92 -94 -94 -88 -93 -93 -88 -87 -84 -87 -86 -86 -86 -84 -86 -86 -84 -84 -86 -86 -83 -84 -83 -82 -82 -84 -84 -91 -91 -88 -91 -119 -91 -89 -88 -93 -97 -96 -93 -94 -97 -97 -97 -100 -98 -96 -100 -98 -98 -97 -100 -102 -103 -103 -98 -97 -102 -102 -96 -101 -101 -100 -98 -96 -96 -97 -97 -96 -97 -98 -97 -97 -98 -98 -97 -102 -102 -97 -97 -97 -94 -94 -100 -101 -98 -106 -96 -96 -97 -97 -96 -100 -100 -103 -101 -100 -96 -94 -103 -106 -97 -93 -103 -89 -86 -86 -101 -107 -82 -94 -91
45 45 54 59 66 81 70 71 74 73 72 77 90 90 74 82 85 84 85 82 84 83 83 77 78 96 96 99 96 90 88 82 85 87 88 89 88 88 89 89 87 91 90 89 94 94 97 99 94 102 97 93 93 94 99 99 99 97 95 100 94 95 97 101 76 76 110 106 110 113 110 107 107 108 113 114 113 113 116 118 111 110 107 110 112 114 113 113 116 113 113 116 120 118 113 112 116 107 104 108 104 105 106 106 105 102 95 90 84 83 84 87 85 56 24 -128 -128 64 76 79 85 78 85 93 84 95 88 88 84 84 78 85 89 85 82 78 73 78 81 77 85 85 79 79 73 85 82 76 79 70 74 84 73 71 71 65 65 66 62 62 59 56 49 37 27 0 42 42 59 58 59 55 52 54 58 54 53 50 41 37 37 48 47 21 55 45 39 32 24 26 26 26 29 29 36 31 31 35 44 56 61 60 62 61 58 58 60 60 59 60 55 53 53 55 58 64 64 67 67 67 72 76 77 81 68 62 60 58 64 71 67 67 71 73 77 81 84 85 84 72 73 77 78 84 84 73 62 58 60 55 62 73 79 81 82 87 88 88 90 87 74 74 78 88 72 78 71 58 61 61 62 73 68 68 54 66 70 59 48 0 0 0 0 0 64 83 61 66 81 81 73 79 93 89 85 85 89 99 116 120 117 114 110 76 91 79 102 99 99 60 74 84 108 123 104 78 89 114 117 68 102 102 106 70 54 38 33 37 43 38 38 30 30 30 25 29 37 31 32 37 41 33 27 0 0 0 0 19 27 27 21 0 -87 -1 -1 -1 -1 0 18 18 19 0 -1 -1 -1 -1 -1 -1 -1 -1 -1 -2 -2 -23 -45 -54 -64 -61 -73 -72 -81 -81 -78 -87 -86 -86 -87 -87 -84 -84 -82 -74 -73 -79 -83 -83 -78 -78 -79 -82 -77 -83 -94 -89 -91 -93 -89 -86 -87 -87 -87 -87 -87 -86 -83 -84 -84 -84 -87 -84 -86 -83 -84 -84 -82 -81 -82 -83 -91 -89 -91 -92 -101 -111 -91 -88 -88 -96 -97 -97 -96 -94 -96 -97 -97 -94 -98 -100 -100 -100 -97 -103 -98 -103 -101 -97 -100 -101 -101 -98 -101 -101 -101 -102 -100 -96 -96 -98 -98 -97 -100 -97 -100 -98 -98 -97 -98 -100 -101 -97 -97 -100 -100 -98 -100 -102 -105 -105 -91 -97 -98 -96 -94 -105 -102 -100 -97 -93 -93 -100 -100 -102 -96 -92 -94 -91 -94 -110 -102 -81 -88 -88
43 54 70 81 82 81 81 76 74 77 78 88 81 79 77 72 76 72 85 85 79 78 74 76 93 97 96 90 84 84 84 85 85 87 87 90 91 91 89 88 90 90 90 94 97 97 100 96 93 99 90 87 99 95 95 96 96 99 99 97 99 101 100 102 71 95 101 111 108 112 112 113 111 112 114 113 113 113 108 110 111 108 110 110 110 112 111 114 116 113 117 117 114 112 114 112 112 107 104 105 111 112 105 101 100 90 87 91 90 90 87 85 83 65 42 0 0 54 76 87 76 89 89 89 82 91 81 83 81 72 82 88 78 81 81 83 78 73 73 74 82 78 78 73 83 79 82 82 79 65 73 82 76 72 67 65 66 61 59 60 60 59 55 47 24 0 45 58 62 62 56 53 50 50 54 56 47 39 43 39 30 24 0 20 22 38 38 44 54 54 55 53 60 62 58 58 61 62 62 59 59 59 60 58 55 62 58 59 58 53 53 53 56 54 55 59 62 70 74 77 70 76 67 64 64 64 60 59 65 62 64 66 68 76 77 83 84 84 87 73 72 76 76 83 73 60 52 50 58 67 67 65 76 76 83 85 87 90 83 77 79 78 78 74 78 77 60 56 71 72 66 70 64 59 70 70 68 49 47 0 26 0 0 66 82 62 74 83 83 82 83 88 87 100 95 96 106 120 119 114 110 110 77 102 101 60 95 81 65 96 113 97 114 83 83 87 106 108 101 110 117 72 38 30 39 44 44 45 37 27 30 31 27 26 32 32 32 33 37 37 36 30 32 33 21 0 0 0 6 10 0 -70 -70 -1 -1 -1 -115 0 16 0 0 -1 -1 -1 -1 -1 -1 -1 -1 -1 -1 -3 -17 -55 -56 -63 -69 -72 -72 -73 -81 -79 -77 -86 -86 -86 -84 -84 -83 -81 -81 -75 -79 -82 -83 -82 -81 -82 -82 -82 -86 -96 -94 -94 -94 -93 -92 -89 -88 -88 -86 -86 -86 -84 -86 -81 -81 -82 -87 -84 -84 -84 -82 -82 -82 -83 -83 -82 -82 -82 -91 -92 -93 -120 -93 -93 -96 -97 -98 -97 -96 -98 -98 -97 -97 -96 -101 -97 -96 -102 -98 -101 -105 -97 -97 -96 -100 -101 -102 -101 -101 -101 -102 -98 -94 -97 -98 -98 -97 -98 -102 -102 -100 -97 -98 -97 -100 -98 -97 -100 -100 -100 -97 -100 -101 -102 -102 -87 -106 -96 -97 -100 -102 -102 -97 -98 -100 -97 -97 -96 -96 -92 -83 -84 -91 -83 -83 -88 -96 -83 -83 -83
45 45 54 73 84 79 77 81 87 88 85 85 73 73 77 73 81 72 82 76 68 71 77 93 96 96 96 93 84 79 82 81 82 84 87 91 93 91 93 93 93 94 95 99 99 94 85 89 105 96 95 96 96 96 96 104 99 95 106 111 105 100 100 101 66 66 99 104 104 106 111 108 110 113 112 110 110 110 110 110 110 112 110 108 112 113 111 113 113 113 113 114 116 112 116 116 110 100 102 104 107 105 101 101 107 101 95 99 100 100 96 89 78 78 52 0 0 -128 38 59 76 72 90 81 82 88 81 78 68 68 70 81 85 77 74 79 74 67 74 73 74 74 76 73 73 79 82 87 73 68 77 82 76 72 72 71 67 64 61 61 61 56 56 44 27 0 43 43 44 45 39 30 33 27 21 19 10 16 25 32 32 44 55 26 52 53 52 52 54 53 53 55 61 61 59 56 59 62 60 58 58 60 62 55 59 59 59 58 59 59 53 54 50 52 54 53 61 66 66 70 61 70 72 61 67 67 60 59 67 60 62 62 64 68 73 77 81 83 85 73 78 73 78 68 68 67 43 41 47 52 56 61 68 79 82 83 85 85 87 83 72 74 77 79 82 70 61 56 84 84 72 62 62 59 56 64 61 44 45 0 31 38 38 53 65 74 81 82 83 83 85 90 96 85 94 94 104 112 120 116 111 110 102 107 102 26 83 99 99 70 108 74 91 110 68 91 99 76 100 119 61 61 30 35 39 54 53 39 32 27 35 29 30 30 30 30 29 30 36 32 33 35 32 33 30 26 26 0 0 0 0 0 -128 -1 -1 -1 -103 0 0 0 0 -73 -1 -1 -1 -1 -1 -1 -1 -1 -1 -1 -1 -22 -45 -67 -74 -69 -73 -73 -78 -79 -79 -88 -87 -87 -84 -84 -83 -82 -83 -83 -83 -81 -82 -82 -82 -82 -83 -83 -82 -84 -94 -93 -93 -93 -91 -89 -89 -87 -87 -86 -86 -86 -84 -84 -82 -84 -87 -84 -84 -83 -82 -82 -82 -83 -83 -83 -81 -82 -83 -91 -92 -115 -96 -91 -91 -94 -98 -97 -96 -96 -98 -93 -94 -97 -98 -97 -106 -106 -101 -98 -101 -103 -98 -97 -102 -101 -103 -102 -100 -100 -100 -102 -96 -97 -97 -97 -97 -101 -103 -100 -97 -97 -97 -96 -97 -98 -98 -97 -100 -100 -100 -102 -101 -97 -103 -103 -103 -103 -97 -100 -101 -101 -92 -100 -102 -94 -94 -93 -93 -88 -82 -89 -87 -81 -81 -88 -83 -89 -86 -83
45 54 73 84 79 77 77 81 87 88 85 85 73 77 73 81 72 82 76 76 68 71 77 93 96 96 93 84 79 82 81 82 82 84 87 91 93 91 93 93 94 95 99 99 94 94 85 89 105 96 95 96 96 96 104 99 95 106 106 111 105 100 100 101 66 99 104 104 106 111 111 108 110 113 112 110 110 110 110 110 112 110 108 108 112 113 111 113 113 113 114 116 112 116 116 110 110 100 102 104 107 105 101 107 101 95 99 100 100 100 96 89 78 78 52 0 -128 38 59 76 72 90 90 81 82 88 81 78 68 70 81 85 77 74 74 79 74 67 74 73 74 76 73 73 79 82 87 87 73 68 77 82 76 72 71 67 64 61 61 61 61 56 56 44 27 0 43 44 45 39 30 33 27 27 21 19 10 16 25 32 44 55 26 52 53 52 52 52 54 53 53 55 61 59 56 59 62 60 60 58 58 60 62 55 59 59 58 59 59 53 54 54 50 52 54 53 61 66 70 61 70 72 61 67 67 67 60 59 67 60 62 64 68 73 77 81 83 83 85 73 78 73 78 68 67 43 41 47 52 56 56 61 68 79 82 83 85 87 83 72 74 77 77 79 82 70 61 56 84 72 62 62 59 56 64 64 61 44 45 0 31 38 53 65 74 81 82 83 83 83 85 90 96 85 94 104 112 120 116 111 110 110 102 107 102 26 83 99 70 108 74 91 110 68 68 91 99 76 100 119 61 30 35 39 54 53 53 39 32 27 35 29 30 30 30 29 30 36 32 32 33 35 32 33 30 26 0 0 0 0 0 -128 -128 -1 -1 -1 -103 0 0 0 -73 -1 -1 -1 -1 -1 -1 -1 -1 -1 -1 -1 -22 -45 -67 -74 -69 -73 -73 -73 -78 -79 -79 -88 -87 -84 -84 -83 -82 -83 -83 -83 -83 -81 -82 -82 -82 -83 -83 -82 -84 -94 -93 -93 -93 -93 -91 -89 -89 -87 -86 -86 -86 -84 -84 -82 -82 -84 -87 -84 -84 -83 -82 -82 -83 -83 -83 -81 -82 -82 -83 -91 -92 -115 -96 -91 -94 -98 -97 -96 -96 -98 -98 -93 -94 -97 -98 -97 -106 -101 -98 -101 -103 -98 -98 -97 -102 -101 -103 -102 -100 -100 -102 -96 -97 -97 -97 -97 -97 -101 -103 -100 -97 -97 -96 -97 -98 -98 -97 -100 -100 -100 -100 -102 -101 -97 -103 -103 -103 -97 -100 -101 -101 -101 -92 -100 -102 -94 -94 -93 -88 -82 -89 -87 -81 -81 -81 -88 -83 -89 -86 -83
50 50 54 70 71 72 82 89 89 87 88 88 85 85 85 90 85 82 81 70 77 93 95 95 94 94 94 90 84 82 82 81 87 91 91 93 87 91 94 94 94 96 94 95 93 96 95 104 102 100 96 96 96 95 97 96 96 105 102 95 99 105 105 105 71 71 105 102 104 106 106 107 107 111 110 107 110 110 110 111 112 117 117 119 116 113 112 114 112 114 114 113 113 111 111 108 101 104 105 101 99 100 102 102 108 108 104 105 89 89 89 79 87 81 72 56 56 -128 -128 -128 43 64 85 83 83 85 83 71 70 70 81 78 82 72 77 83 77 70 72 71 73 73 71 77 74 78 77 85 76 68 73 82 76 68 68 68 71 62 58 60 59 56 47 27 2 0 0 0 10 37 55 64 64 55 49 41 36 50 55 54 54 55 56 30 50 53 50 52 52 53 54 53 55 55 56 58 59 60 56 60 59 59 56 55 56 56 56 58 61 62 61 53 48 49 52 56 61 62 62 59 65 71 70 66 68 54 48 67 72 59 59 59 61 64 67 72 78 84 81 73 82 84 81 64 64 55 39 35 39 26 27 49 60 73 78 83 83 83 85 83 67 72 62 73 78 81 61 64 73 73 62 61 61 59 64 60 48 37 0 43 53 58 58 66 77 78 82 83 84 91 89 93 96 91 112 112 120 120 118 113 116 113 101 102 76 32 113 101 101 83 83 72 118 78 84 112 96 94 108 106 45 45 41 48 48 73 31 32 37 38 37 29 26 26 37 30 27 35 32 33 29 33 33 29 32 33 33 26 25 0 0 0 -102 -1 -1 -1 0 0 0 0 0 -1 -1 -1 -1 -1 -1 -1 -1 -1 -1 -2 -2 -17 -54 -65 -74 -69 -69 -82 -77 -81 -88 -87 -86 -86 -82 -83 -84 -84 -86 -83 -81 -81 -82 -83 -83 -83 -83 -82 -83 -93 -93 -93 -92 -92 -91 -88 -89 -87 -87 -86 -86 -86 -84 -84 -84 -86 -87 -84 -82 -83 -83 -83 -82 -84 -83 -82 -81 -82 -82 -91 -93 -100 -110 -94 -94 -97 -100 -97 -97 -96 -94 -96 -94 -97 -97 -97 -103 -103 -98 -100 -100 -102 -101 -102 -102 -101 -105 -102 -100 -100 -98 -100 -97 -97 -97 -97 -98 -102 -102 -97 -97 -96 -96 -96 -97 -98 -100 -98 -98 -100 -103 -100 -97 -100 -102 -102 -96 -97 -94 -96 -98 -94 -89 -101 -101 -92 -94 -91 -91 -81 -84 -84 -84 -83 -87 -101 -86 -96 -84 -86
50 53 68 70 72 82 82 89 90 87 88 88 85 85 90 85 82 79 71 71 76 90 95 95 94 94 91 85 82 81 81 87 87 90 91 93 88 91 95 94 94 94 97 95 99 99 95 104 102 100 94 96 95 97 96 95 105 102 102 95 99 105 105 105 71 104 102 104 106 106 106 107 108 112 112 111 110 110 111 112 117 117 119 119 116 113 112 114 112 116 112 113 111 108 106 101 101 104 105 101 99 100 101 108 110 105 106 89 89 89 89 81 87 83 79 68 30 -128 -128 41 59 84 84 84 83 85 83 71 68 81 78 82 72 77 77 82 76 70 72 71 71 68 76 76 78 76 84 84 76 68 67 66 48 38 39 41 33 31 31 30 30 27 32 38 35 33 0 27 50 61 64 64 55 55 48 38 36 50 56 54 55 60 41 42 53 50 50 52 52 53 54 54 55 56 58 59 60 56 56 60 59 59 56 55 56 56 58 61 64 61 53 53 47 49 52 55 59 64 59 65 68 67 66 68 68 53 49 68 71 59 59 61 64 68 70 77 84 84 81 74 82 85 81 61 49 29 0 0 0 0 0 0 45 56 65 78 83 85 82 68 71 62 62 73 78 81 61 61 65 53 55 59 58 64 60 60 45 33 0 0 53 61 70 79 79 83 84 84 84 91 89 93 96 91 114 119 122 118 113 116 113 113 101 105 78 36 110 101 82 84 70 118 78 84 84 112 96 94 108 107 44 39 47 48 74 31 31 32 37 38 38 30 26 37 30 31 35 32 33 33 29 33 33 31 33 35 30 29 24 10 0 -102 -102 -70 -1 -1 0 14 0 0 -1 -1 -1 -1 -1 -1 -1 -1 -1 -1 -1 -3 -18 -55 -65 -74 -69 -69 -69 -82 -77 -81 -88 -87 -86 -83 -83 -84 -84 -86 -86 -83 -81 -81 -82 -83 -83 -83 -83 -83 -93 -93 -92 -92 -92 -92 -91 -88 -89 -87 -86 -86 -86 -84 -84 -84 -84 -86 -87 -84 -82 -83 -83 -82 -84 -83 -82 -81 -82 -82 -82 -91 -92 -89 -120 -94 -97 -100 -97 -97 -97 -93 -93 -96 -96 -98 -97 -97 -103 -98 -100 -100 -101 -101 -101 -102 -102 -102 -102 -102 -100 -98 -100 -97 -98 -96 -97 -97 -97 -102 -102 -97 -96 -96 -96 -97 -98 -100 -98 -97 -97 -98 -103 -100 -98 -100 -102 -97 -98 -94 -96 -98 -94 -94 -89 -101 -101 -92 -96 -89 -81 -83 -84 -86 -83 -87 -87 -101 -86 -96 -84 -86
47 47 64 73 74 87 90 89 82 88 88 84 88 88 90 90 89 87 85 91 93 94 93 90 93 95 95 88 83 83 84 89 90 90 93 90 89 91 93 93 94 93 91 95 96 99 94 96 93 91 93 96 96 93 99 99 99 96 94 96 105 110 108 110 73 73 105 101 102 108 105 106 106 108 106 107 107 107 108 111 112 112 114 114 113 114 119 118 116 117 117 112 107 104 102 108 107 106 104 106 105 99 101 101 108 106 102 102 95 90 82 85 87 83 89 83 83 68 44 -128 -17 56 79 82 73 79 87 77 82 82 81 74 65 55 52 49 47 43 44 38 35 35 38 39 39 41 44 50 38 39 43 65 72 68 68 70 70 64 64 62 62 56 59 50 39 39 0 0 10 52 58 60 59 49 43 37 45 54 53 52 52 54 59 50 35 53 53 53 52 54 55 54 54 54 58 61 61 58 56 59 58 56 59 60 61 61 59 60 62 61 54 50 50 42 52 55 59 58 58 55 67 71 62 59 54 55 65 73 68 59 60 60 61 62 66 71 77 79 77 79 83 85 74 54 54 29 0 -128 -102 0 0 0 0 -128 37 65 81 81 83 82 72 66 66 82 72 79 60 44 48 48 29 44 55 58 66 65 58 43 42 0 38 66 66 76 79 79 78 84 77 67 82 97 99 110 113 113 120 119 116 114 112 108 93 87 60 87 97 85 85 79 64 124 102 94 89 102 90 104 112 83 52 52 52 42 41 32 31 38 37 36 29 29 32 32 31 30 27 36 36 29 29 41 32 32 33 27 27 0 18 25 16 0 1 -73 -1 -1 0 15 0 0 -79 -1 -1 -1 -1 -1 -1 -1 -1 -1 -1 -23 -23 -26 -45 -65 -73 -69 -73 -81 -77 -88 -84 -86 -84 -84 -84 -86 -84 -86 -83 -84 -81 -79 -83 -84 -83 -83 -82 -92 -92 -92 -91 -91 -92 -91 -91 -89 -89 -87 -87 -86 -84 -84 -83 -84 -84 -86 -84 -83 -83 -84 -83 -83 -82 -82 -83 -81 -81 -81 -81 -82 -91 -89 -122 -101 -101 -97 -101 -98 -97 -98 -97 -97 -98 -106 -94 -105 -101 -101 -100 -101 -101 -101 -102 -102 -101 -101 -102 -102 -98 -98 -97 -97 -97 -97 -98 -96 -100 -100 -98 -94 -94 -94 -94 -97 -98 -98 -102 -100 -97 -102 -100 -97 -100 -96 -97 -97 -94 -93 -92 -92 -97 -92 -82 -96 -94 -82 -87 -82 -82 -81 -87 -88 -100 -87 -84 -97 -84 -88 -83 -86
22 54 53 56 55 56 56 60 73 87 85 88 89 90 88 88 90 91 89 89 90 90 90 93 91 83 81 85 87 88 88 88 88 91 91 88 85 85 87 89 88 88 91 89 88 88 83 87 89 91 95 97 106 107 102 101 110 107 107 111 114 113 112 108 77 107 107 112 110 108 108 104 105 102 101 101 104 102 102 101 104 105 104 104 111 111 117 120 120 114 110 107 110 112 111 104 104 102 102 105 102 97 100 104 96 106 107 91 89 89 90 82 83 82 85 84 78 64 0 0 24 38 38 41 39 47 50 52 54 45 43 42 54 72 72 73 68 74 76 65 67 68 68 72 74 71 73 73 70 68 65 78 74 68 66 67 67 62 65 55 55 56 62 54 49 42 10 0 41 55 61 61 48 48 41 44 49 54 53 54 56 61 59 27 54 53 53 53 53 54 54 56 54 55 58 62 56 59 59 59 58 61 60 61 60 60 62 56 48 45 47 47 42 45 52 54 54 50 55 61 67 54 53 65 65 65 76 64 74 66 53 54 60 64 68 72 74 74 78 82 76 81 70 50 1 0 -128 -40 21 30 30 27 20 -128 -128 50 60 65 62 61 58 55 55 60 67 70 41 31 0 0 0 48 55 65 73 73 65 37 0 0 42 65 76 77 76 83 82 76 76 79 85 94 104 122 117 112 113 113 108 105 105 105 95 59 91 101 76 68 106 82 122 112 88 96 96 108 107 112 101 47 67 65 37 41 39 36 36 30 35 35 31 31 31 29 31 31 32 33 26 26 41 39 31 38 37 30 0 0 0 14 0 0 0 -115 -1 -1 0 0 0 -102 -1 -1 -1 -1 -1 -1 -1 -1 -1 -1 -4 -25 -23 -55 -65 -73 -72 -83 -83 -79 -77 -86 -87 -84 -83 -83 -83 -83 -82 -83 -83 -83 -79 -81 -82 -83 -81 -89 -89 -91 -91 -91 -92 -92 -91 -89 -89 -89 -88 -87 -86 -84 -86 -86 -84 -84 -84 -84 -83 -83 -84 -86 -83 -82 -83 -83 -81 -81 -79 -79 -81 -82 -91 -93 -117 -112 -97 -101 -98 -98 -101 -97 -97 -94 -96 -102 -101 -103 -101 -102 -100 -102 -102 -103 -103 -102 -103 -102 -102 -103 -96 -94 -98 -100 -97 -98 -97 -97 -98 -98 -97 -97 -97 -97 -100 -101 -96 -103 -97 -97 -97 -98 -94 -97 -98 -93 -93 -93 -93 -89 -91 -100 -94 -94 -97 -100 -92 -82 -89 -86 -84 -97 -102 -108 -91 -81 -81 -86 -87 -88 -86 -93
22 22 54 53 56 55 56 60 73 87 85 88 89 89 90 88 88 90 91 89 90 90 90 93 91 83 83 81 85 87 88 88 88 91 91 88 85 85 87 87 89 88 88 91 89 88 83 87 89 91 95 97 97 106 107 102 101 110 107 111 114 113 112 108 77 77 107 107 112 110 108 104 105 102 101 101 104 104 102 102 101 104 105 104 111 111 117 120 120 114 114 110 107 110 112 111 104 102 102 105 102 97 100 100 104 96 106 107 91 89 90 82 83 82 85 84 84 78 64 0 0 24 38 41 39 47 50 52 54 54 45 43 42 54 72 73 68 74 76 65 67 67 68 68 72 74 71 73 70 68 65 78 74 68 68 66 67 67 62 65 55 56 62 54 49 42 10 10 0 41 55 61 61 48 41 44 49 54 53 54 54 56 61 59 27 54 53 53 53 54 54 56 54 54 55 58 62 56 59 59 58 61 60 61 60 60 60 62 56 48 45 47 42 45 52 54 54 50 50 55 61 67 54 53 65 65 76 64 74 66 53 53 54 60 64 68 72 74 78 82 76 81 70 50 50 1 0 -128 -40 21 30 27 20 -128 -128 50 60 60 65 62 61 58 55 60 67 70 41 31 0 0 0 0 48 55 65 73 65 37 0 0 42 65 65 76 77 76 83 82 76 79 85 94 104 122 117 117 112 113 113 108 105 105 95 59 91 101 76 68 68 106 82 122 112 88 96 108 107 112 101 47 67 67 65 37 41 39 36 30 35 35 31 31 31 31 29 31 31 32 33 26 41 39 31 38 37 30 30 0 0 0 14 0 0 -115 -1 -1 0 0 0 0 -102 -1 -1 -1 -1 -1 -1 -1 -1 -1 -4 -25 -25 -23 -55 -65 -73 -72 -83 -79 -77 -86 -87 -84 -83 -83 -83 -83 -83 -82 -83 -83 -79 -81 -82 -83 -81 -81 -89 -89 -91 -91 -91 -92 -91 -89 -89 -89 -88 -87 -87 -86 -84 -86 -86 -84 -84 -84 -83 -83 -84 -86 -83 -83 -82 -83 -83 -81 -81 -79 -81 -82 -91 -93 -117 -112 -112 -97 -101 -98 -98 -101 -97 -94 -96 -102 -101 -103 -101 -101 -102 -100 -102 -102 -103 -102 -103 -102 -102 -103 -96 -96 -94 -98 -100 -97 -98 -97 -98 -98 -97 -97 -97 -97 -97 -100 -101 -96 -103 -97 -97 -98 -94 -97 -98 -93 -93 -93 -93 -93 -89 -91 -100 -94 -97 -100 -92 -82 -89 -86 -86 -84 -97 -102 -108 -91 -81 -86 -87 -88 -86 -93
68 87 84 88 78 88 88 81 73 61 56 58 56 55 55 59 60 58 56 56 58 59 60 60 56 54 56 53 55 55 60 73 73 84 85 89 89 90 89 85 87 88 91 91 88 88 94 100 106 106 104 106 107 108 107 110 110 110 110 111 110 107 104 105 73 107 113 114 113 105 105 105 107 106 106 108 108 112 110 111 112 113 114 114 114 108 111 107 106 113 117 117 113 112 108 101 101 90 78 68 66 65 71 59 70 76 70 56 59 59 61 61 59 56 55 45 45 44 31 15 0 0 0 48 62 68 66 74 81 78 74 76 77 78 78 73 64 74 71 70 58 68 67 70 68 70 73 73 71 67 68 74 71 70 71 65 66 60 60 59 59 61 60 53 59 43 21 0 0 41 61 66 50 50 50 45 47 52 54 59 59 60 59 25 55 55 55 55 54 54 56 55 55 56 59 56 58 60 60 59 61 61 64 64 59 54 58 50 50 45 42 42 41 50 54 52 47 50 58 60 59 62 65 67 67 61 60 54 71 62 50 54 58 62 65 68 72 72 78 82 79 71 62 52 56 26 -128 -20 48 56 56 43 32 27 -128 -26 -103 -128 -108 45 47 31 31 39 52 56 37 22 0 13 0 13 38 55 67 67 48 35 0 36 53 66 66 78 77 78 71 87 87 94 100 99 112 119 117 113 113 112 110 104 99 99 67 67 113 81 43 114 104 79 125 81 93 112 112 110 122 112 83 44 95 36 37 36 37 33 33 30 31 27 30 30 30 30 32 32 27 29 37 37 36 36 37 36 33 33 27 0 0 0 7 0 0 -74 -60 -1 -69 0 0 -1 -1 -1 -1 -1 -1 -1 -1 -1 -1 -1 -1 -1 -11 -54 -65 -73 -70 -78 -78 -72 -74 -86 -87 -81 -77 -82 -82 -84 -82 -83 -83 -81 -79 -81 -81 -82 -91 -91 -89 -89 -89 -89 -89 -89 -89 -89 -89 -89 -88 -87 -86 -84 -86 -86 -84 -83 -83 -84 -84 -84 -84 -84 -83 -83 -82 -82 -81 -79 -82 -82 -81 -79 -83 -98 -106 -124 -101 -98 -98 -100 -102 -102 -102 -93 -101 -100 -103 -103 -103 -101 -102 -103 -103 -103 -103 -102 -102 -100 -96 -96 -93 -97 -98 -98 -98 -100 -98 -98 -98 -97 -96 -96 -97 -98 -101 -98 -96 -98 -96 -96 -96 -94 -96 -100 -98 -93 -93 -93 -93 -93 -92 -88 -96 -96 -83 -87 -83 -84 -92 -84 -86 -93 -108 -88 -78 -92 -92 -103 -87 -82 -88 -87
70 70 87 87 89 79 90 85 88 85 87 88 88 88 85 85 89 91 89 88 89 90 91 91 87 83 83 87 84 85 85 82 73 62 55 58 58 61 59 59 55 56 58 61 60 55 62 66 72 71 72 72 72 71 74 74 76 74 76 77 77 74 71 70 44 44 73 78 79 78 71 72 74 72 72 72 74 74 78 77 77 77 79 81 79 74 76 74 72 77 77 82 83 79 78 76 78 88 99 105 97 97 105 105 90 101 112 102 88 91 94 94 91 89 89 76 76 77 79 77 66 48 0 0 0 0 55 70 81 81 77 74 77 77 78 72 64 74 71 70 58 58 68 67 68 68 68 73 71 65 68 74 71 70 70 71 65 66 60 60 59 61 60 53 59 47 32 32 19 0 0 44 58 48 50 47 49 54 54 59 59 59 60 59 24 55 55 55 54 54 55 55 54 54 56 59 56 58 60 59 61 61 64 62 59 59 53 58 50 49 44 42 41 50 53 52 45 50 50 56 60 58 62 65 66 61 61 53 71 60 50 50 54 55 61 65 68 72 78 82 79 70 60 50 50 52 21 -128 -128 18 67 54 45 47 0 0 0 0 -107 -128 0 0 0 0 0 0 0 0 0 0 21 15 0 0 30 53 33 26 0 44 64 68 68 66 78 77 78 71 87 94 102 100 114 119 118 118 113 113 114 110 105 99 70 67 113 83 42 114 114 102 79 124 81 93 110 110 122 114 83 44 94 94 35 37 36 35 32 30 30 27 31 29 32 32 30 33 32 27 27 35 33 31 26 24 21 25 25 25 16 0 0 0 0 0 61 -1 -1 0 0 0 -1 -1 -1 -1 -1 -1 -1 -1 -1 -1 -1 -1 -1 -11 -55 -67 -73 -70 -78 -73 -75 -84 -87 -81 -77 -77 -82 -82 -83 -82 -83 -81 -79 -81 -81 -82 -89 -89 -91 -89 -89 -89 -89 -91 -89 -89 -89 -89 -88 -87 -87 -86 -86 -86 -86 -84 -84 -84 -84 -84 -84 -84 -83 -83 -83 -82 -82 -81 -79 -82 -81 -79 -83 -98 -102 -126 -126 -100 -100 -98 -100 -101 -102 -92 -101 -100 -105 -103 -103 -103 -101 -102 -103 -102 -103 -102 -102 -100 -96 -96 -93 -93 -97 -98 -98 -98 -98 -98 -98 -96 -94 -96 -97 -98 -98 -101 -98 -96 -98 -96 -97 -94 -96 -100 -100 -93 -93 -93 -93 -93 -94 -92 -87 -94 -84 -87 -83 -86 -92 -84 -84 -84 -93 -108 -88 -77 -92 -105 -87 -82 -88 -87
50 62 78 76 77 90 90 90 87 87 88 89 89 81 88 90 89 87 87 87 90 93 93 91 85 84 84 84 87 89 90 91 91 88 90 99 96 90 84 100 101 96 91 91 102 102 104 105 106 105 104 100 106 107 102 99 105 108 108 106 104 105 107 114 79 114 113 111 104 113 113 117 116 118 118 117 116 117 118 118 118 117 117 117 112 106 105 107 110 118 118 116 113 116 117 117 117 114 101 99 102 100 93 101 105 110 100 93 94 94 91 96 101 100 87 79 85 85 83 81 65 64 64 56 50 -128 33 67 82 83 79 82 84 79 79 72 73 64 70 70 64 61 61 61 68 70 72 72 74 65 62 68 71 70 71 68 64 62 64 61 61 67 61 62 60 55 49 37 36 7 0 19 48 48 52 45 45 55 56 59 49 56 59 30 59 56 56 55 56 55 55 56 56 58 59 53 54 56 56 61 60 56 58 53 47 50 54 50 47 45 38 38 44 49 49 50 49 52 52 49 59 65 70 71 71 70 55 53 59 65 52 48 54 55 61 67 71 71 78 79 77 67 65 58 25 0 -128 0 59 58 58 65 64 61 56 53 52 39 39 10 0 0 0 35 67 42 0 37 60 58 33 39 27 0 0 0 0 0 0 55 73 76 71 78 78 72 79 100 100 106 107 102 119 118 120 117 117 113 113 76 61 61 74 116 90 77 54 122 88 90 119 116 93 114 114 122 107 81 72 67 45 37 33 38 33 36 36 36 27 38 37 32 36 35 37 35 25 32 33 33 22 18 0 0 0 0 0 0 0 0 20 25 25 0 0 -1 -1 -1 -1 -1 -1 -1 -1 -1 -1 -1 -1 -1 -1 -1 -1 -1 -7 -46 -64 -72 -69 -67 -67 -73 -78 -78 -87 -79 -79 -84 -86 -83 -83 -83 -83 -84 -83 -82 -84 -92 -88 -91 -91 -91 -89 -89 -89 -89 -88 -88 -91 -89 -88 -88 -86 -86 -87 -86 -87 -86 -86 -84 -83 -84 -84 -83 -83 -83 -79 -81 -79 -78 -82 -82 -82 -83 -86 -102 -102 -121 -103 -98 -100 -102 -108 -100 -100 -100 -102 -105 -105 -103 -102 -102 -102 -103 -103 -103 -103 -100 -100 -96 -94 -96 -97 -98 -98 -97 -97 -100 -98 -98 -98 -96 -96 -97 -98 -98 -96 -97 -96 -100 -94 -96 -96 -94 -100 -97 -92 -91 -93 -91 -94 -101 -92 -84 -83 -83 -81 -88 -94 -83 -83 -91 -84 -86 -110 -79 -83 -103 -103 -89 -84 -83 -92 -88
50 50 65 71 67 89 89 89 87 87 87 85 84 84 89 89 88 78 83 87 90 91 93 89 83 84 84 85 85 85 88 88 89 90 93 82 79 88 100 100 99 95 90 97 105 104 102 101 100 95 91 93 93 97 96 97 107 101 107 107 108 112 112 112 73 73 101 104 112 117 113 116 112 107 112 107 102 102 107 112 112 114 110 110 117 118 120 113 107 110 110 116 113 114 112 105 102 101 97 96 106 95 90 90 100 107 100 97 94 96 93 99 104 93 84 88 88 90 88 88 85 84 78 42 0 -128 0 70 83 83 87 85 81 73 78 79 72 76 76 56 59 59 64 61 60 65 68 71 66 61 58 70 72 72 72 71 65 66 67 61 60 64 59 58 60 53 53 53 59 33 35 13 0 6 45 37 41 58 53 43 43 47 58 60 32 54 54 56 56 55 56 58 59 59 58 53 50 50 53 54 55 55 52 49 49 49 52 53 47 48 43 39 48 45 47 49 53 53 53 48 50 58 60 68 62 56 52 64 61 73 42 42 50 49 55 56 64 68 76 71 48 50 59 24 24 0 0 20 42 65 65 58 66 77 71 74 73 73 66 61 53 42 48 55 67 71 66 68 65 65 66 58 55 45 22 0 0 27 49 60 72 76 76 72 78 87 87 97 101 101 107 110 119 118 117 117 112 111 107 94 59 81 111 108 79 90 83 105 105 70 97 120 117 85 99 113 88 70 58 74 71 71 39 42 48 38 42 30 32 38 33 37 35 35 32 33 30 20 35 32 26 0 0 0 0 0 0 0 0 0 0 0 24 20 0 -1 -1 -1 -1 -1 -1 -1 -1 -1 -1 -1 -1 -1 -1 -1 -1 -1 -1 -1 -23 -54 -64 -69 -70 -81 -77 -78 -87 -81 -81 -81 -86 -84 -83 -83 -84 -84 -83 -82 -84 -92 -89 -89 -91 -91 -89 -88 -89 -89 -88 -89 -91 -89 -89 -88 -88 -86 -87 -86 -86 -86 -84 -83 -84 -84 -83 -82 -84 -84 -82 -82 -81 -82 -81 -82 -83 -97 -100 -103 -101 -108 -108 -112 -100 -100 -108 -103 -98 -100 -106 -103 -105 -103 -105 -105 -102 -103 -103 -103 -98 -93 -94 -94 -97 -98 -98 -98 -98 -97 -98 -100 -98 -97 -97 -97 -96 -94 -101 -97 -97 -96 -100 -97 -97 -96 -96 -96 -96 -92 -91 -101 -97 -97 -93 -105 -103 -93 -88 -81 -81 -96 -112 -79 -86 -98 -98 -82 -92 -98 -82 -91 -98 -82 -86 -86 -94 -93
50 65 71 67 89 89 89 89 87 87 87 85 84 89 89 88 78 83 87 87 90 91 93 89 83 84 85 85 85 88 88 89 89 90 93 82 79 88 100 99 95 90 97 105 104 104 102 101 100 95 91 93 97 96 97 107 101 107 107 107 108 112 112 112 73 101 104 112 117 113 113 116 112 107 112 107 102 107 112 112 114 110 110 110 117 118 120 113 107 110 116 113 114 112 105 102 102 101 97 96 106 95 90 100 107 100 97 94 96 96 93 99 104 93 84 88 90 88 88 85 84 78 78 42 0 -128 0 70 83 87 85 81 73 78 78 79 72 76 76 56 59 64 61 60 65 68 71 71 66 61 58 70 72 72 71 65 66 67 61 60 60 64 59 58 60 53 53 59 33 35 13 0 6 6 45 37 41 58 53 43 47 58 60 32 54 54 54 56 56 55 56 58 59 58 53 50 50 53 53 54 55 55 52 49 49 52 53 47 48 43 39 39 48 45 47 49 53 53 48 50 58 60 68 62 62 56 52 64 61 73 42 50 49 55 56 64 68 68 76 71 48 50 59 24 0 0 20 42 65 65 65 58 66 77 71 74 73 66 61 53 42 48 48 55 67 71 66 68 65 66 58 55 45 22 0 0 0 27 49 60 72 76 72 78 87 87 97 101 101 101 107 110 119 118 117 112 111 107 94 59 81 81 111 108 79 90 83 105 70 97 120 117 85 99 99 113 88 70 58 74 71 39 42 48 38 42 42 30 32 38 33 37 35 32 33 30 20 35 32 32 26 0 0 0 0 0 0 0 0 0 0 24 24 20 0 -1 -1 -1 -1 -1 -1 -1 -1 -1 -1 -1 -1 -1 -1 -1 -1 -1 -1 -23 -54 -64 -69 -70 -70 -81 -77 -78 -87 -81 -81 -86 -84 -83 -83 -84 -84 -84 -83 -82 -84 -92 -89 -91 -91 -89 -88 -89 -89 -89 -88 -89 -91 -89 -89 -88 -86 -87 -86 -86 -86 -84 -84 -83 -84 -84 -83 -82 -84 -82 -82 -81 -82 -81 -82 -82 -83 -97 -100 -103 -101 -108 -112 -100 -100 -108 -103 -98 -98 -100 -106 -103 -105 -103 -105 -102 -103 -103 -103 -98 -98 -93 -94 -94 -97 -98 -98 -98 -97 -98 -100 -98 -97 -97 -97 -97 -96 -94 -101 -97 -96 -100 -97 -97 -96 -96 -96 -96 -96 -92 -91 -101 -97 -93 -105 -103 -93 -88 -81 -81 -81 -96 -112 -79 -86 -98 -82 -92 -98 -82 -91 -98 -98 -82 -86 -86 -94 -93
61 61 60 65 87 90 89 87 85 87 85 84 82 82 88 87 85 84 87 88 90 90 91 88 81 85 85 85 87 85 85 87 89 88 85 88 97 97 96 96 88 82 91 102 101 100 96 88 90 89 91 106 106 107 105 105 106 112 110 106 105 104 106 102 70 70 111 111 111 107 107 102 97 101 104 102 107 107 106 107 107 111 106 113 117 118 106 100 107 112 112 112 106 108 108 108 111 102 102 104 99 95 100 100 102 99 93 95 101 104 100 100 102 85 85 88 88 89 85 87 84 89 54 24 0 55 68 79 82 82 85 84 76 78 73 71 66 66 58 62 74 74 71 60 58 61 68 65 59 54 60 72 71 70 70 71 65 66 62 59 64 58 55 60 64 54 62 62 54 56 47 39 22 0 0 18 30 52 44 48 48 53 55 52 36 45 55 58 54 56 60 60 59 59 53 52 47 48 50 56 54 53 52 50 53 53 52 50 45 49 48 43 42 44 43 50 53 48 48 49 49 53 60 68 66 56 53 67 70 50 43 43 54 50 50 56 61 66 72 50 0 -128 0 0 0 0 13 53 59 71 78 60 64 68 59 66 64 64 70 73 68 66 70 85 88 70 71 78 70 70 60 54 64 55 45 42 58 65 70 67 78 82 82 84 89 94 97 102 99 110 105 114 119 113 114 114 108 102 96 66 83 100 120 104 105 82 104 70 70 77 112 117 77 76 94 114 55 50 58 43 29 29 59 42 43 48 47 27 39 35 35 33 32 32 30 29 31 25 29 31 35 32 27 26 29 29 29 27 27 22 0 0 0 0 0 -1 -1 -1 -86 -86 -1 -1 -1 -1 -1 -1 -1 -1 -1 -1 -1 -1 -1 -7 -44 -53 -64 -73 -74 -82 -78 -78 -86 -83 -83 -83 -84 -84 -84 -86 -86 -84 -82 -82 -93 -91 -89 -89 -91 -91 -89 -87 -88 -87 -89 -88 -88 -88 -89 -88 -88 -87 -87 -86 -86 -86 -84 -83 -84 -83 -82 -82 -84 -84 -82 -82 -83 -83 -83 -81 -86 -101 -102 -102 -101 -100 -100 -121 -102 -98 -107 -105 -101 -101 -103 -101 -103 -103 -101 -101 -101 -103 -101 -100 -96 -93 -96 -97 -100 -98 -100 -100 -97 -97 -98 -98 -97 -97 -98 -98 -96 -98 -102 -97 -97 -97 -97 -97 -100 -98 -97 -96 -92 -92 -98 -108 -96 -96 -88 -111 -101 -91 -92 -83 -82 -102 -102 -77 -83 -87 -87 -87 -102 -88 -82 -86 -82 -83 -87 -84 -87 -86
61 62 65 87 89 89 89 87 85 87 87 84 82 88 87 84 84 87 88 88 90 90 91 89 82 85 85 87 85 85 87 89 89 87 85 88 100 97 96 88 82 91 102 101 100 100 97 88 90 89 91 106 107 105 105 106 111 110 110 106 107 104 106 102 70 111 111 111 107 108 108 102 99 101 104 102 106 106 108 107 111 107 116 116 118 117 106 100 107 112 112 106 107 107 108 111 111 100 102 104 99 94 100 102 99 93 95 101 104 104 100 100 102 85 85 88 89 85 88 85 89 50 50 -128 -128 61 76 83 82 85 84 76 78 74 74 71 66 66 58 62 74 71 61 54 50 54 47 47 42 47 56 68 71 70 71 65 66 64 59 64 64 56 55 60 64 54 62 56 59 52 49 37 31 31 2 0 8 48 44 47 53 54 52 43 39 55 55 58 54 56 60 60 59 53 50 47 48 52 52 55 53 53 50 50 52 52 49 45 49 48 43 43 42 45 43 48 52 48 48 49 52 60 67 66 66 56 54 67 70 50 41 54 50 50 56 61 65 65 70 45 -128 -31 13 15 31 44 67 70 74 78 78 60 65 68 60 66 64 71 73 76 73 78 78 90 89 71 76 83 72 60 55 66 59 54 68 68 74 79 78 71 78 81 84 89 94 100 102 100 100 110 106 117 120 114 117 108 102 99 67 82 97 97 119 102 105 81 108 70 74 111 116 77 74 91 91 112 53 47 54 41 27 59 44 45 50 48 48 27 39 35 35 33 32 29 29 30 25 30 31 31 36 37 37 37 39 38 36 36 31 0 0 0 0 0 0 0 0 0 0 -45 -1 -1 -1 -1 -1 -1 -1 -1 -1 -1 -1 -1 -8 -44 -54 -64 -73 -73 -73 -82 -78 -78 -86 -83 -83 -84 -84 -84 -86 -86 -86 -84 -83 -83 -93 -91 -89 -91 -91 -89 -87 -88 -87 -87 -89 -88 -88 -88 -89 -88 -87 -87 -86 -86 -86 -84 -84 -83 -84 -83 -82 -82 -84 -82 -82 -83 -83 -84 -81 -81 -84 -100 -101 -102 -102 -101 -122 -101 -98 -107 -105 -102 -102 -102 -103 -101 -103 -102 -101 -100 -103 -101 -98 -96 -96 -94 -96 -96 -100 -98 -98 -97 -97 -98 -98 -97 -97 -97 -98 -98 -96 -98 -102 -97 -96 -98 -97 -101 -98 -97 -97 -94 -92 -92 -98 -108 -96 -88 -111 -101 -92 -92 -83 -83 -82 -102 -102 -78 -83 -87 -88 -102 -87 -82 -86 -82 -82 -83 -87 -84 -87 -86
65 65 68 74 91 90 88 85 88 85 82 81 83 83 87 89 87 79 82 91 90 93 91 88 83 82 82 81 84 84 85 87 85 88 91 97 95 82 83 83 83 88 102 100 97 95 89 91 94 99 106 105 105 97 95 94 100 108 96 99 104 106 111 111 74 74 100 96 97 101 97 95 102 106 106 106 104 104 107 106 111 108 107 113 111 101 97 102 106 112 112 105 106 100 99 104 101 102 107 96 99 101 101 101 95 91 97 101 105 105 105 106 94 87 84 83 83 87 88 91 87 72 47 -128 -128 58 65 71 82 82 87 88 87 84 83 79 79 66 68 70 79 79 60 59 47 32 0 0 10 30 52 56 66 70 70 72 70 66 66 67 64 61 64 66 61 64 71 71 70 71 58 54 53 43 38 2 0 45 50 48 48 45 48 54 54 27 60 59 55 56 58 56 50 50 49 49 47 53 56 54 50 48 52 52 52 52 49 45 43 45 49 45 42 42 43 45 47 41 41 43 50 55 65 61 47 50 56 61 66 41 60 60 53 53 54 56 60 66 68 42 -128 -70 15 52 52 55 61 76 70 72 73 64 71 62 59 70 71 71 78 78 74 77 87 90 94 83 85 76 71 71 52 64 68 60 62 72 72 83 83 73 81 85 85 89 89 97 100 102 114 119 114 120 116 120 113 113 101 94 94 79 95 116 112 114 81 83 116 56 56 68 118 106 76 68 93 74 58 61 59 52 53 53 60 53 53 49 31 32 36 35 37 31 30 30 30 36 31 29 30 36 38 36 37 36 38 37 37 39 33 32 32 24 0 0 0 0 31 31 24 24 0 -1 -1 -1 -1 -1 -1 -1 -1 -1 -1 -1 -1 -1 -35 -55 -64 -74 -72 -81 -78 -84 -84 -86 -87 -87 -86 -84 -86 -86 -86 -84 -86 -93 -91 -88 -91 -91 -91 -91 -88 -91 -88 -87 -89 -88 -87 -84 -87 -86 -86 -84 -86 -84 -83 -84 -84 -83 -83 -81 -79 -81 -82 -82 -79 -81 -84 -94 -93 -92 -97 -103 -102 -100 -101 -100 -100 -115 -116 -106 -106 -102 -98 -101 -101 -103 -102 -101 -100 -100 -97 -103 -97 -96 -96 -96 -96 -97 -98 -98 -98 -98 -97 -97 -97 -97 -98 -97 -98 -96 -97 -97 -98 -96 -96 -97 -97 -96 -97 -97 -94 -96 -94 -94 -98 -107 -93 -93 -105 -106 -97 -96 -101 -93 -92 -110 -93 -81 -79 -93 -93 -115 -111 -91 -81 -81 -83 -101 -86 -83 -84 -83
44 56 70 90 87 87 87 85 83 81 77 77 84 87 85 82 79 91 94 94 91 91 87 81 81 79 84 84 84 87 87 88 88 89 89 81 85 90 99 100 100 99 95 93 91 91 93 94 102 102 100 94 95 97 106 105 101 105 105 112 108 104 105 101 65 102 111 111 110 110 110 116 118 117 117 118 120 120 114 113 102 104 107 107 107 101 107 111 111 110 106 101 96 96 96 97 97 100 104 99 104 105 95 94 102 102 107 99 91 91 95 102 95 83 82 88 79 87 87 85 73 61 61 47 0 0 45 66 81 82 85 79 81 76 76 77 71 67 64 64 54 45 35 26 12 -128 -128 -128 0 0 32 49 68 74 72 71 71 72 70 66 66 64 66 67 66 67 70 64 61 62 67 56 55 55 33 15 0 38 44 39 42 50 54 56 27 60 60 58 52 54 56 50 48 50 43 50 55 54 54 50 47 47 49 52 47 47 44 42 43 47 44 44 42 42 42 45 43 38 44 49 54 55 44 49 49 62 64 56 56 61 65 66 60 55 55 56 58 58 58 31 0 0 13 52 59 72 70 70 73 76 76 71 67 70 71 72 64 70 71 77 73 74 74 88 88 84 82 77 60 70 70 66 65 72 70 70 81 78 88 83 81 91 99 88 94 108 120 122 122 118 119 116 118 114 106 87 111 96 87 113 117 117 114 100 88 120 118 79 59 117 97 85 87 105 105 52 59 62 64 50 58 60 56 44 42 30 30 35 38 42 41 30 27 39 33 30 31 31 35 35 32 32 33 37 37 37 36 31 35 35 29 0 0 0 25 33 37 37 27 0 -126 -1 -1 -1 -1 -1 -1 -1 -1 -1 -1 -1 -1 -20 -55 -74 -73 -69 -69 -75 -73 -74 -86 -87 -87 -86 -84 -86 -86 -87 -87 -86 -86 -94 -91 -92 -91 -91 -89 -89 -89 -88 -88 -88 -88 -87 -86 -83 -87 -87 -86 -86 -84 -82 -86 -84 -84 -84 -82 -78 -79 -78 -81 -78 -82 -87 -86 -96 -97 -97 -101 -102 -102 -101 -102 -102 -114 -126 -103 -105 -100 -103 -103 -101 -102 -103 -103 -102 -97 -97 -101 -96 -97 -96 -96 -97 -97 -98 -100 -101 -98 -97 -97 -97 -97 -97 -97 -97 -97 -97 -96 -96 -97 -96 -97 -97 -96 -97 -97 -94 -94 -96 -100 -97 -97 -93 -94 -97 -101 -93 -93 -97 -89 -89 -82 -87 -83 -81 -82 -103 -103 -98 -87 -82 -82 -91 -91 -96 -83 -86 -84 -83
44 44 56 70 90 87 87 85 83 81 77 77 84 84 87 85 82 79 91 94 91 91 87 81 81 79 79 84 84 84 87 87 88 89 89 81 85 90 99 99 100 100 99 95 93 91 93 94 102 102 100 94 94 95 97 106 105 101 105 112 108 104 105 101 65 65 102 111 111 110 110 116 118 117 117 118 120 120 120 114 113 102 104 107 107 101 107 111 111 110 110 106 101 96 96 96 97 100 104 99 104 105 95 95 94 102 102 107 99 91 95 102 95 83 82 88 88 79 87 87 85 73 61 47 0 0 45 66 81 81 82 85 79 81 76 77 71 67 64 64 54 54 45 35 26 12 -128 -128 0 0 32 49 68 74 74 72 71 71 72 70 66 64 66 67 66 67 70 70 64 61 62 67 56 55 33 15 0 38 44 39 39 42 50 54 56 27 60 58 52 54 56 50 48 48 50 43 50 55 54 50 47 47 49 52 47 47 47 44 42 43 47 44 42 42 42 45 43 38 38 44 49 54 55 44 49 62 64 56 56 61 65 65 66 60 55 55 56 58 58 31 0 0 13 52 52 59 72 70 70 73 76 71 67 70 71 72 64 64 70 71 77 73 74 88 88 84 82 77 60 60 70 70 66 65 72 70 81 78 88 83 81 91 91 99 88 94 108 120 122 118 119 116 118 114 106 106 87 111 96 87 113 117 114 100 88 120 118 79 79 59 117 97 85 87 105 52 59 62 64 50 58 58 60 56 44 42 30 35 38 42 41 30 27 27 39 33 30 31 31 35 32 32 33 37 37 37 37 36 31 35 35 29 0 0 25 33 37 37 27 27 0 -126 -1 -1 -1 -1 -1 -1 -1 -1 -1 -1 -1 -1 -20 -55 -74 -73 -69 -75 -73 -74 -86 -87 -87 -87 -86 -84 -86 -86 -87 -86 -86 -94 -91 -92 -91 -91 -91 -89 -89 -89 -88 -88 -88 -87 -86 -83 -87 -87 -87 -86 -86 -84 -82 -86 -84 -84 -82 -78 -79 -78 -81 -81 -78 -82 -87 -86 -96 -97 -101 -102 -102 -101 -102 -102 -102 -114 -126 -103 -105 -100 -103 -101 -102 -103 -103 -102 -97 -97 -97 -101 -96 -97 -96 -97 -97 -98 -100 -101 -98 -98 -97 -97 -97 -97 -97 -97 -97 -97 -96 -96 -97 -96 -96 -97 -97 -96 -97 -97 -94 -96 -100 -97 -97 -93 -94 -94 -97 -101 -93 -93 -97 -89 -82 -87 -83 -81 -82 -103 -103 -103 -98 -87 -82 -82 -91 -96 -83 -86 -84 -83
44 60 84 83 82 84 84 85 83 77 79 78 83 82 85 84 87 91 93 93 87 81 79 78 79 81 83 82 84 88 85 83 83 81 87 94 96 96 96 95 93 93 96 91 96 96 100 100 102 93 94 97 101 100 104 102 107 105 105 105 104 110 111 106 81 113 114 116 117 117 117 117 118 118 118 118 117 108 114 99 100 104 107 107 108 108 107 112 114 112 111 111 107 105 105 102 102 99 102 95 100 91 91 105 107 111 107 88 82 82 97 102 84 89 91 84 81 87 89 88 87 78 78 60 24 -128 0 62 78 78 67 74 87 77 77 70 61 64 64 50 30 12 -128 -128 -128 -128 27 27 26 -128 -128 49 67 72 68 76 74 76 72 70 70 67 68 68 65 62 59 59 52 58 64 61 58 58 39 13 0 35 44 30 30 48 58 56 26 54 54 50 50 53 49 50 44 43 43 52 54 53 53 49 48 45 45 45 45 48 43 44 43 43 39 39 38 38 43 47 43 41 49 48 52 50 47 54 54 65 53 56 66 72 72 74 73 70 49 55 50 50 31 0 0 1 64 58 56 65 70 73 76 76 76 74 71 72 71 74 78 77 72 76 65 66 66 77 82 87 85 74 74 79 83 67 68 66 74 74 82 85 90 93 89 83 94 104 100 114 123 119 119 114 112 118 119 117 110 104 108 61 108 116 116 116 111 90 102 114 107 84 65 70 79 118 117 61 61 73 59 65 56 65 66 67 45 45 43 38 38 43 45 50 38 30 35 38 29 31 31 27 26 26 29 33 37 37 35 32 32 36 36 33 30 33 33 35 33 38 35 35 27 0 -82 -83 -1 -1 -1 -1 -1 -1 -1 -1 -1 -1 -4 -34 -56 -64 -63 -47 -47 -75 -78 -79 -87 -87 -87 -87 -86 -84 -84 -84 -84 -82 -93 -93 -92 -91 -91 -89 -89 -88 -89 -91 -89 -89 -87 -87 -87 -86 -89 -87 -86 -87 -86 -83 -84 -84 -84 -84 -78 -78 -82 -79 -83 -83 -86 -88 -100 -101 -101 -101 -96 -94 -102 -101 -102 -102 -110 -128 -103 -101 -100 -101 -101 -100 -101 -103 -105 -103 -96 -97 -100 -98 -97 -96 -96 -98 -100 -101 -100 -98 -97 -96 -97 -93 -100 -98 -94 -94 -94 -97 -96 -96 -97 -96 -96 -97 -96 -97 -98 -97 -97 -96 -102 -101 -92 -89 -101 -92 -97 -94 -94 -94 -79 -79 -82 -96 -82 -83 -84 -87 -78 -88 -89 -87 -88 -84 -84 -88 -81 -86 -83 -82
62 62 82 71 76 85 85 81 78 78 78 74 81 81 79 82 83 84 88 81 78 82 79 81 82 81 81 81 83 83 85 82 83 90 94 93 93 93 93 93 88 90 89 94 99 99 97 94 94 91 93 99 99 104 97 102 107 100 105 105 106 105 104 107 70 70 96 101 100 97 102 105 108 111 114 113 111 111 116 102 105 112 114 114 111 105 104 106 112 111 111 114 117 112 107 102 97 95 97 102 99 97 100 100 107 102 94 94 82 93 99 88 82 100 88 85 85 83 81 85 93 84 74 66 55 13 -128 55 68 68 62 54 56 54 50 42 38 44 45 38 0 0 0 -128 -128 -128 29 44 35 -64 -128 3 60 64 64 66 76 74 77 77 73 71 72 71 68 65 64 64 60 60 59 54 56 60 37 16 0 19 36 0 0 0 22 32 37 14 50 50 49 48 47 47 44 44 44 45 52 53 53 50 45 45 43 43 39 39 41 42 48 44 47 39 39 39 45 47 41 44 44 50 49 50 52 50 54 58 58 67 66 64 65 65 68 72 66 44 42 39 20 0 39 54 65 70 70 68 62 68 62 74 78 74 79 76 77 79 77 77 82 82 77 60 72 74 71 88 87 84 79 79 81 71 74 76 59 76 72 90 94 89 99 90 90 104 110 119 119 112 108 88 114 117 114 111 84 84 105 120 91 118 104 113 114 106 117 84 110 119 119 41 104 106 118 88 45 66 76 81 66 62 56 56 58 47 50 47 45 48 48 48 38 32 35 35 33 26 31 32 26 27 32 35 36 36 33 32 32 32 37 33 32 36 39 37 38 37 35 35 26 26 0 -125 -102 -1 -1 -1 -1 -1 -1 -1 -1 -1 -1 -1 -20 -45 -64 -59 -69 -72 -79 -77 -88 -88 -87 -87 -87 -87 -83 -83 -83 -83 -93 -93 -92 -92 -89 -89 -89 -89 -89 -91 -89 -89 -88 -88 -88 -87 -87 -86 -86 -87 -87 -84 -84 -83 -82 -78 -78 -82 -83 -86 -84 -84 -87 -88 -89 -102 -103 -101 -88 -97 -101 -101 -102 -108 -108 -110 -116 -114 -101 -102 -103 -105 -102 -105 -102 -98 -94 -94 -97 -97 -98 -97 -97 -101 -100 -98 -97 -97 -96 -96 -96 -97 -97 -98 -98 -94 -97 -103 -96 -97 -96 -94 -94 -96 -96 -94 -94 -100 -94 -92 -97 -94 -89 -93 -100 -100 -92 -100 -96 -97 -98 -88 -83 -96 -84 -83 -89 -81 -81 -72 -103 -102 -92 -83 -86 -86 -81 -81 -81 -81
66 83 72 76 87 87 87 82 78 78 81 74 81 79 82 83 85 88 83 83 78 82 79 81 82 83 83 83 83 85 83 83 83 90 94 93 94 94 93 88 90 89 94 99 97 97 97 94 94 94 95 96 101 97 102 106 99 105 105 105 106 106 105 107 71 96 101 100 99 102 102 102 106 111 114 116 112 116 104 105 112 114 114 114 111 105 106 108 112 111 114 117 112 110 102 97 97 94 97 101 99 97 100 105 101 93 91 82 93 93 99 85 81 97 90 88 83 81 85 93 84 74 74 66 62 50 0 0 38 33 24 -26 -128 -128 -128 -128 -39 0 0 0 0 30 36 41 48 54 54 54 1 -128 -128 41 62 62 64 74 74 74 76 72 72 72 72 72 70 67 65 60 59 59 52 54 58 58 41 31 7 0 -45 -128 -128 -128 -128 1 4 43 43 49 49 47 45 47 44 42 48 53 53 54 54 50 47 44 43 41 41 39 39 48 45 47 39 39 39 38 45 47 41 44 50 50 50 52 50 54 54 58 58 68 67 64 62 68 72 66 41 32 27 27 -67 -128 49 66 70 70 70 64 68 62 74 78 78 74 78 76 78 79 77 82 82 76 60 72 72 74 71 87 87 83 81 81 68 74 76 61 76 76 72 90 95 93 102 93 104 111 122 119 113 111 111 89 114 117 114 112 85 105 120 89 116 101 118 118 114 106 117 83 110 119 58 88 110 119 87 42 42 66 76 82 66 62 55 58 47 49 47 45 45 48 48 48 38 33 36 32 26 31 32 26 30 30 35 37 32 33 33 32 32 37 35 32 36 39 39 37 38 37 35 35 26 0 -126 -128 -59 -1 -1 -1 -1 -1 -1 -1 -1 -1 -1 -20 -44 -65 -59 -70 -70 -72 -79 -78 -88 -88 -87 -87 -87 -83 -83 -86 -86 -84 -93 -93 -92 -91 -89 -89 -89 -89 -91 -89 -88 -88 -87 -88 -88 -87 -87 -84 -86 -88 -84 -84 -83 -82 -82 -79 -79 -83 -84 -84 -84 -87 -88 -89 -101 -103 -102 -102 -89 -97 -101 -101 -101 -108 -108 -103 -126 -101 -103 -103 -103 -105 -103 -105 -101 -97 -94 -97 -97 -97 -97 -97 -97 -101 -100 -98 -97 -97 -96 -96 -97 -98 -100 -98 -94 -94 -96 -102 -93 -94 -96 -94 -96 -96 -96 -94 -101 -94 -94 -92 -97 -94 -89 -93 -100 -92 -100 -96 -97 -98 -91 -91 -83 -96 -83 -83 -88 -79 -73 -103 -102 -92 -83 -84 -84 -86 -81 -79 -82 -81
78 78 65 66 88 84 82 78 77 79 65 62 83 83 70 81 84 81 71 71 73 71 79 82 82 82 82 79 81 87 85 85 90 90 90 91 90 90 88 88 89 90 94 97 95 94 94 94 95 96 97 101 101 97 96 100 95 100 99 96 99 100 101 101 67 67 106 107 107 110 110 107 118 118 118 120 120 120 117 119 119 117 119 116 107 111 108 111 108 102 102 107 102 100 105 99 96 99 95 96 101 97 90 90 90 90 87 82 82 91 84 73 87 90 85 82 82 79 79 87 91 73 74 76 67 59 55 0 0 0 0 0 -128 -128 -35 -128 -128 -128 24 33 44 44 53 61 65 61 60 56 36 15 0 24 44 52 52 52 56 66 74 78 72 70 70 72 68 72 67 67 64 62 61 53 48 44 41 42 31 0 -128 -128 -128 -128 -128 -128 0 6 30 48 48 44 44 43 41 41 42 49 50 53 53 49 44 44 43 38 41 41 39 41 45 47 45 39 36 38 47 43 43 43 43 49 45 49 49 54 55 56 62 65 65 53 65 65 72 76 72 47 8 0 0 0 52 65 71 73 73 70 67 59 62 72 72 78 82 76 77 74 84 84 81 79 65 70 78 84 74 85 81 79 85 85 88 70 79 58 74 78 81 87 90 96 107 102 102 91 113 119 112 101 100 107 108 111 114 102 74 74 116 110 116 114 116 117 114 87 87 87 118 105 105 97 78 108 73 48 53 56 60 61 61 49 44 44 55 44 37 44 45 50 48 42 39 32 35 35 33 31 33 35 26 27 36 35 32 36 33 33 33 31 36 35 35 36 36 37 36 37 35 36 27 27 12 0 -112 -120 -1 -1 -1 -1 -1 -1 -1 -1 -1 -1 -14 -46 -54 -64 -74 -73 -78 -78 -88 -87 -84 -84 -87 -84 -82 -84 -86 -86 -94 -93 -92 -92 -89 -89 -89 -89 -89 -89 -89 -88 -87 -88 -88 -87 -86 -84 -84 -86 -86 -86 -82 -79 -84 -81 -82 -86 -86 -87 -84 -84 -89 -89 -101 -102 -101 -98 -89 -96 -102 -102 -101 -107 -107 -108 -98 -114 -119 -107 -106 -102 -102 -101 -97 -96 -97 -97 -98 -97 -97 -98 -101 -100 -97 -97 -98 -97 -94 -94 -94 -97 -98 -96 -96 -94 -98 -96 -96 -96 -96 -94 -94 -93 -96 -96 -97 -102 -94 -89 -98 -96 -92 -97 -100 -100 -92 -103 -94 -94 -100 -92 -82 -88 -81 -77 -82 -78 -78 -100 -107 -96 -82 -83 -83 -82 -79 -72 -72 -72
78 65 66 88 84 82 82 78 77 79 65 62 83 70 81 84 81 71 71 71 73 71 79 82 82 82 79 81 87 85 85 90 90 90 90 91 90 90 88 89 90 94 97 95 94 94 94 94 95 96 97 101 97 96 100 95 100 99 99 96 99 100 101 101 67 106 107 107 110 110 110 107 118 118 118 120 120 117 119 119 117 119 116 116 107 111 108 111 108 102 107 102 100 105 99 96 96 99 95 96 101 97 90 90 90 87 82 82 91 91 84 73 87 90 85 82 79 79 87 91 73 74 74 76 67 59 55 0 0 0 0 -128 -128 -35 -35 -128 -128 -128 24 33 44 53 61 65 61 60 56 56 36 15 0 24 44 52 52 56 66 74 78 72 72 70 70 72 68 72 67 64 62 61 53 48 44 44 41 42 31 0 -128 -128 -128 -128 -128 0 6 30 30 48 48 44 44 43 41 42 49 50 53 53 53 49 44 44 43 38 41 39 41 45 47 45 39 39 36 38 47 43 43 43 49 45 49 49 54 55 55 56 62 65 65 53 65 72 76 72 47 8 0 0 0 0 52 65 71 73 70 67 59 62 72 72 72 78 82 76 77 74 84 81 79 65 70 78 78 84 74 85 81 79 85 88 70 79 58 74 78 78 81 87 90 96 107 102 91 113 119 112 101 100 100 107 108 111 114 102 74 116 110 116 114 116 117 117 114 87 87 87 118 105 97 78 108 73 48 53 53 56 60 61 61 49 44 55 44 37 44 45 45 50 48 42 39 32 35 33 31 33 35 26 27 27 36 35 32 36 33 33 31 36 35 35 36 36 36 37 36 37 35 36 27 12 0 -112 -120 -1 -1 -1 -1 -1 -1 -1 -1 -1 -1 -14 -46 -54 -64 -74 -74 -73 -78 -78 -88 -87 -84 -87 -84 -82 -84 -86 -86 -86 -94 -93 -92 -92 -89 -89 -89 -89 -89 -89 -88 -88 -87 -88 -88 -87 -86 -84 -86 -86 -86 -82 -79 -84 -84 -81 -82 -86 -86 -87 -84 -89 -89 -101 -102 -101 -98 -98 -89 -96 -102 -102 -101 -107 -108 -98 -114 -119 -107 -106 -106 -102 -102 -101 -97 -96 -97 -98 -97 -97 -98 -101 -101 -100 -97 -97 -98 -97 -94 -94 -97 -98 -96 -96 -94 -94 -98 -96 -96 -96 -96 -94 -93 -96 -96 -97 -102 -94 -94 -89 -98 -96 -92 -97 -100 -92 -103 -94 -94 -100 -92 -92 -82 -88 -81 -77 -82 -78 -100 -107 -96 -82 -83 -83 -83 -82 -79 -72 -72 -72
84 84 74 73 60 71 82 79 81 76 58 81 78 78 77 82 79 72 70 78 70 73 71 70 73 73 73 83 84 84 82 87 87 88 93 91 91 90 91 91 91 94 95 90 91 93 93 94 96 96 95 95 95 94 97 97 99 102 100 105 107 111 110 111 79 79 114 113 113 117 118 120 119 117 116 116 116 116 117 119 119 119 116 105 105 110 106 114 102 96 96 94 101 105 108 99 97 102 96 91 100 101 97 97 87 81 87 73 83 84 81 74 85 81 77 79 79 74 77 85 90 81 77 71 78 74 55 44 55 55 0 42 47 59 52 42 48 54 55 56 61 61 64 62 66 61 58 54 49 31 0 0 0 0 0 0 0 43 64 73 71 67 66 66 64 70 68 68 68 68 68 59 54 49 48 44 37 30 9 0 0 -36 -47 -128 0 9 13 47 45 41 39 41 38 38 43 48 50 52 48 44 47 47 43 39 42 42 38 36 44 41 41 37 33 39 39 42 43 48 48 48 42 41 45 53 56 53 58 62 65 53 65 65 67 67 56 14 0 -128 0 45 54 68 65 68 68 72 67 68 71 72 76 81 81 82 83 81 83 83 78 76 76 89 88 90 88 73 68 74 89 89 84 79 64 67 83 88 81 83 85 100 104 113 113 114 117 111 106 106 111 119 118 118 119 78 82 82 105 100 111 119 114 106 66 90 88 79 99 76 76 68 61 71 20 0 0 44 48 53 53 42 49 49 49 38 35 41 45 49 41 38 41 37 38 38 36 30 31 27 26 29 30 31 36 38 32 33 33 33 38 36 37 35 35 33 32 35 37 31 30 30 24 12 -117 -128 -105 -1 -1 -1 -1 -1 -1 -1 -1 -1 -4 -34 -54 -65 -74 -73 -78 -81 -87 -86 -87 -87 -87 -86 -86 -86 -86 -86 -94 -92 -91 -92 -89 -89 -91 -89 -89 -89 -89 -89 -88 -87 -88 -87 -84 -84 -84 -86 -86 -83 -83 -82 -82 -83 -82 -82 -84 -86 -84 -84 -91 -98 -101 -101 -101 -100 -93 -98 -102 -102 -108 -108 -108 -108 -103 -107 -128 -103 -97 -96 -98 -96 -96 -97 -100 -100 -100 -97 -100 -101 -98 -96 -96 -97 -97 -96 -96 -96 -94 -101 -97 -93 -96 -96 -97 -96 -98 -98 -97 -93 -93 -93 -98 -98 -100 -103 -96 -96 -105 -93 -93 -93 -97 -97 -96 -98 -94 -96 -98 -81 -79 -84 -72 -69 -77 -91 -91 -106 -105 -89 -83 -82 -81 -81 -79 -70 -69 -69
73 79 62 61 55 71 71 71 72 54 55 72 78 78 76 77 68 70 68 68 72 77 66 73 88 89 87 77 81 84 84 87 87 85 85 85 87 88 88 89 90 85 84 87 88 88 84 93 93 91 94 94 95 97 97 101 102 99 99 104 107 106 105 106 76 107 104 108 111 111 111 113 113 113 105 102 107 111 108 106 108 110 111 111 112 108 107 105 101 100 101 105 108 100 99 99 99 93 97 94 96 95 79 87 90 88 90 90 85 85 76 82 81 78 79 74 73 78 77 77 76 71 71 68 70 81 71 77 71 60 66 62 76 73 73 73 72 73 71 68 62 55 61 65 60 59 61 61 56 44 35 25 24 20 13 -128 30 56 73 76 76 64 56 56 45 43 49 55 61 54 44 53 49 49 44 35 31 33 0 0 8 0 0 0 19 6 6 45 43 39 39 42 41 44 47 48 49 49 49 48 48 44 41 38 41 38 37 44 37 41 38 38 36 41 41 43 47 47 48 45 44 48 53 55 55 59 62 61 55 42 43 50 54 53 21 -128 -72 -72 37 54 58 65 62 67 71 71 65 55 70 81 81 82 85 79 77 81 74 70 74 87 89 87 87 94 93 79 81 83 88 83 85 77 78 78 89 89 85 87 96 95 91 113 118 107 97 112 119 117 117 120 116 117 117 89 111 102 91 116 123 108 114 114 82 101 91 77 111 117 74 78 50 59 0 0 0 12 22 59 45 44 49 39 36 37 39 42 42 43 36 35 33 33 31 27 25 26 33 26 24 24 30 32 35 37 33 32 35 37 37 36 35 35 35 31 31 36 33 27 0 0 0 -117 -89 -128 -50 -50 -1 -1 -1 -1 -1 -1 -1 -1 -20 -44 -67 -74 -74 -70 -77 -79 -78 -87 -87 -87 -87 -86 -86 -86 -86 -86 -94 -93 -92 -92 -91 -89 -89 -89 -91 -89 -88 -88 -89 -89 -88 -86 -82 -84 -84 -86 -83 -83 -82 -82 -82 -81 -78 -79 -84 -88 -86 -100 -101 -102 -100 -100 -98 -98 -94 -98 -101 -110 -108 -107 -101 -97 -106 -116 -112 -96 -96 -96 -97 -96 -98 -100 -101 -98 -96 -98 -97 -97 -97 -96 -97 -96 -96 -96 -93 -97 -98 -93 -93 -93 -102 -102 -97 -97 -96 -96 -94 -96 -96 -98 -97 -96 -97 -93 -93 -96 -92 -89 -98 -103 -97 -92 -96 -96 -86 -84 -82 -82 -81 -82 -78 -70 -96 -101 -106 -98 -84 -83 -81 -81 -81 -81 -72 -69 -69 -50
76 76 83 65 65 56 71 72 74 55 56 74 79 79 79 79 79 72 70 68 72 76 67 73 87 88 88 87 81 83 87 88 87 85 85 85 88 88 84 84 87 90 85 84 88 88 85 93 93 89 91 95 95 95 97 97 101 101 99 102 107 106 106 105 76 76 105 106 111 111 111 113 112 112 104 102 107 107 113 110 108 111 110 111 112 107 107 105 101 100 100 100 105 108 100 97 100 93 97 94 96 95 79 79 87 90 90 93 90 87 76 82 81 78 79 76 76 73 78 78 77 76 71 68 70 81 71 77 77 77 71 77 66 74 73 73 74 76 73 68 61 61 55 61 65 62 60 62 61 56 52 48 49 45 45 29 -128 -128 53 71 74 59 44 39 24 18 0 0 0 0 0 0 29 35 31 13 0 0 0 0 0 24 0 0 0 30 7 45 42 38 39 42 41 41 44 47 48 49 49 45 44 44 41 39 39 39 38 37 45 37 38 36 36 41 43 43 47 48 48 48 45 44 49 53 55 59 65 64 47 13 -128 -128 0 36 45 25 0 13 45 56 60 65 62 67 67 71 71 65 55 70 81 83 85 79 77 79 74 74 70 74 87 89 87 96 93 79 82 85 88 88 83 87 77 78 78 89 83 87 95 95 91 113 113 118 107 96 112 118 117 120 116 117 114 89 111 111 102 91 116 122 108 114 79 99 91 74 111 117 117 76 99 37 70 56 20 0 20 60 45 44 48 48 39 36 36 37 39 1 26 32 35 33 27 27 20 16 19 26 24 20 30 32 33 35 33 32 32 35 37 36 35 32 31 25 27 35 31 21 0 0 0 0 -103 -122 -91 -128 -1 -1 -1 -1 -1 -1 -1 -1 -1 -20 -45 -65 -74 -70 -77 -79 -79 -87 -87 -87 -87 -87 -86 -86 -86 -86 -94 -93 -92 -92 -91 -91 -89 -89 -89 -91 -89 -89 -89 -91 -88 -86 -83 -83 -83 -83 -84 -82 -83 -82 -82 -81 -79 -79 -84 -87 -86 -86 -98 -101 -102 -100 -100 -100 -94 -97 -101 -110 -108 -108 -108 -101 -97 -106 -102 -122 -96 -97 -97 -96 -98 -100 -101 -101 -98 -94 -98 -97 -97 -96 -97 -97 -96 -96 -94 -94 -97 -98 -94 -93 -93 -102 -97 -97 -96 -97 -93 -94 -94 -96 -98 -97 -96 -97 -93 -96 -92 -91 -98 -105 -97 -97 -93 -97 -94 -86 -84 -82 -82 -83 -79 -72 -94 -103 -103 -105 -98 -84 -83 -81 -81 -82 -72 -69 -69 -50
67 79 48 31 44 74 74 54 47 47 56 76 79 68 62 64 64 67 70 70 74 68 74 88 82 68 71 73 78 81 82 83 83 82 88 87 89 87 85 87 81 83 87 90 83 83 88 90 89 91 94 96 95 96 97 100 102 104 104 108 107 104 105 106 71 104 113 111 108 108 108 113 118 113 104 107 110 102 114 118 117 111 104 104 104 113 114 110 102 99 96 95 101 96 96 100 100 96 94 96 91 83 91 102 106 107 104 94 93 93 93 90 85 89 87 84 83 88 87 73 68 71 71 66 73 83 87 88 78 83 73 81 78 74 74 84 73 74 70 68 56 61 65 68 71 66 66 66 68 71 70 68 67 66 41 14 -128 42 52 56 56 45 0 0 0 0 0 0 13 0 0 0 0 0 14 0 0 13 25 45 27 7 0 22 39 4 4 42 39 37 41 41 42 43 47 48 50 52 52 47 42 42 39 38 41 39 35 39 36 38 33 33 38 41 45 44 39 44 48 47 43 47 52 50 50 50 48 60 37 0 -128 -128 0 41 26 0 25 25 38 55 61 56 62 62 65 67 66 67 72 77 77 83 76 68 72 66 61 58 64 74 83 78 78 90 90 83 93 91 89 84 89 85 76 79 83 83 90 87 99 104 112 102 108 107 108 123 118 117 117 118 118 118 108 110 95 99 117 116 108 120 116 116 99 91 96 113 113 79 77 91 42 79 72 66 66 52 71 54 41 45 50 45 43 39 39 33 33 0 0 24 21 26 20 15 0 0 9 0 15 15 30 31 36 36 35 35 36 37 36 33 30 0 0 0 25 32 29 0 0 -124 -77 -1 -73 -74 -75 -75 -126 -1 -1 -1 -1 -1 -1 -1 -12 -47 -65 -69 -69 -65 -79 -82 -79 -88 -87 -87 -87 -84 -84 -86 -86 -86 -93 -91 -92 -92 -91 -91 -89 -89 -92 -92 -89 -89 -88 -88 -87 -83 -83 -82 -83 -83 -82 -83 -81 -81 -81 -78 -78 -78 -87 -86 -88 -100 -102 -102 -101 -100 -101 -101 -97 -100 -108 -110 -108 -101 -92 -103 -110 -102 -120 -103 -103 -100 -98 -100 -100 -98 -98 -96 -96 -97 -97 -97 -97 -96 -97 -96 -97 -97 -94 -101 -96 -94 -96 -97 -97 -97 -94 -92 -93 -96 -94 -94 -94 -96 -94 -94 -97 -93 -93 -92 -91 -87 -107 -103 -92 -84 -87 -84 -93 -84 -84 -84 -84 -91 -84 -100 -101 -93 -101 -91 -84 -82 -81 -83 -83 -73 -70 -70 -61 -60
67 67 79 48 31 44 74 54 47 47 56 76 79 79 68 62 64 64 67 70 74 68 74 88 82 68 68 71 73 78 81 82 83 82 88 87 89 87 85 85 87 81 83 87 90 83 88 90 89 91 94 96 96 95 96 97 100 102 104 108 107 104 105 106 71 71 104 113 111 108 108 113 118 113 104 107 110 110 102 114 118 117 111 104 104 113 114 110 102 99 99 96 95 101 96 96 100 96 94 96 91 83 91 91 102 106 107 104 94 93 93 90 85 89 87 84 84 83 88 87 73 68 71 66 73 83 87 88 78 78 83 73 81 78 74 84 73 74 70 68 56 56 61 65 68 71 66 66 68 71 70 68 67 66 66 41 14 -128 42 52 56 45 0 0 0 0 0 0 0 13 0 0 0 0 14 0 0 13 25 45 45 27 7 0 22 39 4 42 39 37 41 41 42 42 43 47 48 50 52 47 42 42 39 38 41 41 39 35 39 36 38 33 38 41 45 44 39 44 44 48 47 43 47 52 50 50 48 60 37 0 -128 -128 -128 0 41 26 0 25 38 55 61 56 62 62 62 65 67 66 67 72 77 83 76 68 72 66 61 61 58 64 74 83 78 90 90 83 93 91 89 89 84 89 85 76 79 83 90 87 99 104 112 102 102 108 107 108 123 118 117 118 118 118 108 110 95 95 99 117 116 108 120 116 99 91 96 113 113 79 79 77 91 42 79 72 66 52 71 54 41 45 50 50 45 43 39 39 33 0 0 24 21 26 20 20 15 0 0 9 0 15 30 31 36 36 35 35 35 36 37 36 33 30 0 0 25 32 29 0 0 0 -124 -77 -1 -73 -74 -75 -126 -1 -1 -1 -1 -1 -1 -1 -1 -12 -47 -65 -69 -65 -79 -82 -79 -88 -87 -87 -87 -87 -84 -84 -86 -86 -93 -91 -92 -92 -91 -91 -91 -89 -89 -92 -92 -89 -88 -88 -87 -83 -83 -82 -82 -83 -83 -82 -83 -81 -81 -78 -78 -78 -87 -86 -88 -88 -100 -102 -102 -101 -100 -101 -97 -100 -108 -110 -108 -101 -101 -92 -103 -110 -102 -120 -103 -100 -98 -100 -100 -98 -98 -98 -96 -96 -97 -97 -97 -96 -97 -96 -97 -97 -94 -94 -101 -96 -94 -96 -97 -97 -94 -92 -93 -96 -94 -94 -94 -94 -96 -94 -94 -97 -93 -92 -91 -87 -107 -103 -92 -92 -84 -87 -84 -93 -84 -84 -84 -91 -84 -100 -101 -93 -93 -101 -91 -84 -82 -81 -83 -73 -70 -70 -61 -60
71 73 50 37 50 59 59 47 49 53 58 62 61 56 59 62 62 65 71 71 70 68 77 77 67 71 68 70 71 73 74 82 82 90 87 83 84 81 81 77 82 89 85 84 82 82 88 87 91 88 90 90 95 94 99 97 104 100 100 99 95 99 104 106 78 113 110 110 114 114 114 114 114 116 108 106 110 112 120 119 107 104 113 113 114 106 99 100 97 100 100 100 96 95 97 94 94 90 96 93 94 93 102 105 108 107 95 105 104 104 104 100 96 93 87 85 87 79 73 74 76 77 77 81 87 88 88 78 82 87 83 82 83 81 81 74 67 64 66 66 62 71 72 73 72 72 62 62 66 78 76 68 66 60 56 36 0 -128 -128 19 19 0 0 0 32 49 49 33 30 35 38 26 0 0 0 0 0 39 43 42 29 0 0 35 43 10 10 39 37 37 42 43 45 48 50 50 43 48 48 43 39 43 33 36 36 43 44 36 41 33 37 37 42 44 38 41 42 45 47 38 39 44 48 41 41 0 30 47 35 0 8 0 0 0 0 0 19 19 43 58 53 61 64 65 67 67 74 73 72 71 71 73 60 66 82 64 68 54 68 99 83 90 90 88 74 87 76 93 91 94 93 96 77 74 90 90 95 94 106 101 114 119 117 114 123 118 118 118 118 117 119 119 112 112 114 116 112 94 81 94 99 99 102 113 116 118 112 67 82 89 45 73 79 76 76 65 54 41 44 49 49 42 39 33 39 1 1 0 0 0 0 0 0 0 0 0 0 0 0 0 1 32 33 35 33 36 32 36 37 32 32 0 0 0 21 26 0 0 -103 -128 -60 -1 -1 -1 -70 -70 -119 -98 -1 -1 -1 -1 -1 -2 -13 -45 -64 -68 -68 -68 -83 -81 -88 -88 -87 -87 -87 -86 -86 -86 -86 -84 -94 -93 -92 -92 -92 -92 -92 -91 -91 -89 -88 -88 -87 -88 -87 -83 -82 -82 -83 -83 -81 -78 -78 -78 -78 -78 -77 -81 -86 -88 -91 -105 -101 -101 -100 -94 -101 -101 -107 -106 -107 -108 -106 -96 -94 -107 -110 -102 -108 -114 -114 -98 -98 -101 -98 -97 -94 -96 -97 -100 -98 -97 -97 -97 -94 -94 -98 -94 -97 -100 -94 -93 -96 -97 -96 -96 -93 -93 -94 -97 -97 -94 -96 -96 -94 -96 -97 -93 -93 -91 -96 -105 -106 -96 -91 -84 -97 -83 -86 -86 -86 -86 -87 -84 -84 -96 -82 -87 -89 -84 -82 -83 -87 -83 -83 -79 -70 -61 -61 -42
77 77 48 22 38 58 59 59 58 58 58 70 71 71 56 61 62 67 70 71 73 73 74 78 81 77 77 73 73 73 73 78 88 85 79 83 81 79 85 85 87 95 91 89 95 102 101 106 100 100 97 91 91 91 93 101 96 94 94 95 100 102 101 106 71 71 97 100 108 106 107 113 110 101 104 108 120 120 119 119 112 116 120 119 119 117 116 112 112 107 107 95 94 104 99 87 93 96 90 100 100 105 107 107 110 110 101 107 111 110 102 93 95 93 87 87 87 87 87 91 89 84 83 85 85 87 84 88 85 85 81 78 77 68 70 70 67 73 74 71 68 68 72 77 74 74 73 70 68 74 79 74 72 67 67 56 47 30 16 0 0 0 0 48 43 60 68 68 56 56 58 55 38 25 20 30 37 39 53 49 49 31 0 0 36 39 14 35 39 42 44 45 49 49 49 50 39 39 43 42 44 37 36 36 38 38 41 35 39 36 35 42 44 42 44 41 33 36 36 31 31 39 41 27 18 0 0 18 22 0 15 15 18 21 19 27 25 43 44 58 56 65 65 64 64 68 67 70 78 77 74 56 67 79 78 78 74 74 60 65 73 74 83 65 81 81 79 87 90 90 99 94 106 88 87 104 108 89 89 96 108 119 119 119 119 117 117 117 114 117 119 113 104 107 101 101 101 113 85 96 95 118 118 118 117 112 112 71 71 82 93 56 89 78 89 64 52 52 54 53 49 49 37 32 35 38 30 19 8 0 0 0 0 0 16 12 0 0 1 9 24 32 31 32 35 33 33 35 36 36 37 30 0 0 12 19 0 0 -69 -69 -1 -83 -70 -1 -128 -115 -92 -124 -92 -1 -1 -1 -1 -1 -1 -13 -40 -53 -67 -75 -82 -79 -88 -88 -87 -87 -87 -87 -86 -87 -86 -86 -94 -94 -93 -93 -91 -91 -92 -92 -91 -89 -88 -87 -86 -88 -86 -83 -83 -83 -83 -83 -82 -78 -74 -78 -81 -77 -78 -84 -89 -91 -102 -102 -103 -97 -100 -98 -98 -100 -106 -106 -106 -107 -108 -102 -102 -100 -110 -107 -97 -98 -121 -96 -100 -98 -97 -97 -98 -98 -97 -97 -100 -97 -97 -96 -93 -94 -97 -96 -97 -97 -97 -93 -96 -98 -96 -93 -94 -96 -94 -97 -94 -96 -96 -97 -94 -94 -94 -97 -96 -92 -100 -105 -97 -92 -93 -93 -84 -86 -86 -89 -96 -87 -91 -83 -87 -84 -86 -91 -91 -87 -87 -84 -87 -87 -81 -78 -69 -51 -31 -21
72 25 19 31 49 61 61 68 64 56 66 77 62 62 65 66 71 72 74 74 76 72 82 84 82 79 79 79 78 79 89 94 94 85 82 85 87 91 95 96 96 89 100 101 97 97 99 100 101 104 88 94 95 102 91 89 94 93 93 101 102 100 106 111 71 104 112 113 105 107 107 104 104 108 110 110 117 118 119 118 118 119 114 114 112 116 116 114 110 96 96 99 97 94 97 101 101 100 101 101 105 106 108 107 102 107 113 106 110 110 90 91 88 84 84 87 85 88 87 79 84 85 85 84 81 78 88 87 78 74 74 77 71 71 71 70 74 74 73 73 77 79 81 77 77 79 70 70 72 76 77 72 65 71 71 59 56 37 37 47 47 43 61 62 54 71 71 65 66 70 62 54 43 43 41 44 53 50 59 66 0 0 0 39 37 20 20 31 44 44 48 48 48 47 44 41 38 38 38 44 43 39 37 38 41 39 37 38 33 39 42 42 42 48 42 25 14 9 10 21 42 29 0 -128 -128 -128 -128 -128 -128 0 35 52 55 54 50 47 44 44 50 55 56 61 64 64 68 73 76 78 81 81 81 76 79 82 79 84 79 78 89 91 83 79 79 78 85 82 84 91 96 104 102 108 113 110 108 108 105 107 120 120 117 119 118 119 119 118 111 88 88 118 111 108 87 93 90 111 91 94 96 100 120 120 113 116 114 114 78 78 85 79 76 76 73 84 84 60 55 54 50 39 33 35 36 38 42 41 41 30 25 21 0 0 0 27 25 22 19 16 20 20 31 35 33 33 36 36 38 38 36 33 30 24 24 0 0 2 0 44 0 0 14 0 0 0 15 15 0 -88 -117 -77 -1 -1 -1 -1 -1 -6 -47 -65 -65 -74 -79 -82 -88 -88 -88 -88 -86 -87 -88 -87 -87 -87 -96 -94 -93 -93 -92 -93 -92 -91 -89 -88 -86 -86 -87 -87 -84 -83 -83 -82 -82 -81 -77 -75 -79 -82 -82 -79 -83 -87 -88 -92 -102 -97 -96 -105 -101 -100 -107 -107 -107 -110 -108 -110 -108 -98 -102 -107 -102 -96 -97 -122 -122 -100 -98 -96 -98 -101 -98 -97 -98 -98 -97 -97 -97 -96 -94 -97 -97 -96 -96 -94 -94 -96 -97 -94 -93 -93 -93 -96 -97 -96 -93 -96 -97 -96 -96 -94 -96 -96 -96 -96 -100 -101 -92 -91 -94 -86 -98 -92 -87 -89 -84 -84 -83 -84 -87 -84 -86 -89 -88 -83 -86 -86 -82 -78 -78 -70 -70 -21 -1 -1
64 64 14 13 27 45 59 67 64 56 64 73 61 61 61 64 64 68 72 74 76 72 81 84 82 77 77 78 79 77 79 89 90 85 82 84 85 91 95 95 96 95 89 100 101 97 99 100 101 104 89 94 94 95 101 91 87 91 94 101 101 100 106 111 68 68 102 112 113 105 107 104 104 108 110 110 117 117 118 119 118 119 119 114 112 114 117 116 111 99 99 97 100 97 94 97 101 100 101 101 105 107 108 108 111 102 107 112 106 110 90 93 88 83 84 88 88 85 88 84 78 83 85 84 81 78 88 87 78 78 74 73 77 71 71 70 76 74 73 73 77 77 79 81 77 78 79 72 74 76 77 72 65 71 71 72 66 66 53 54 60 56 73 73 58 71 70 70 65 67 71 62 58 53 50 54 59 53 59 65 65 24 0 12 36 33 24 21 44 44 48 49 45 45 44 44 39 38 38 44 43 39 37 38 41 41 39 35 38 33 39 36 26 26 20 4 0 0 0 0 0 26 12 -128 -128 -41 -128 -128 -128 22 45 45 61 67 66 62 58 50 53 56 56 60 62 64 64 68 76 76 79 81 81 77 79 82 81 85 81 81 79 90 93 83 81 78 85 82 85 91 96 96 104 104 108 116 112 111 107 107 120 123 117 120 120 118 119 119 120 113 88 114 102 99 78 35 88 88 111 93 91 96 100 120 113 116 114 114 78 76 76 84 81 85 66 73 83 60 54 54 50 39 31 31 33 36 38 44 44 35 33 31 29 16 0 0 35 33 32 31 24 25 32 36 35 33 36 36 36 38 38 36 36 31 29 0 0 0 0 0 0 0 0 25 0 0 25 24 0 54 -1 -128 -1 -1 -1 -1 -1 -1 -6 -47 -67 -74 -79 -83 -89 -87 -88 -88 -88 -86 -87 -88 -87 -87 -93 -94 -93 -93 -93 -93 -93 -92 -91 -89 -88 -86 -88 -87 -84 -82 -83 -82 -82 -82 -82 -77 -75 -79 -82 -79 -83 -88 -89 -91 -102 -102 -97 -96 -103 -101 -98 -107 -107 -111 -108 -110 -108 -98 -98 -102 -107 -102 -96 -96 -112 -108 -98 -97 -98 -101 -98 -98 -97 -98 -97 -97 -97 -96 -94 -97 -97 -96 -96 -96 -94 -94 -96 -97 -94 -93 -93 -94 -97 -96 -93 -96 -96 -96 -94 -96 -94 -97 -96 -96 -100 -101 -92 -92 -93 -93 -86 -98 -92 -87 -89 -84 -83 -84 -86 -84 -86 -91 -91 -89 -83 -86 -87 -81 -81 -69 -69 -22 -1 -1
64 14 13 27 45 59 59 67 64 56 64 73 61 61 64 64 68 72 74 74 76 72 81 84 82 77 78 79 77 79 89 90 90 85 82 84 85 91 95 96 95 89 100 101 97 97 99 100 101 104 89 94 95 101 91 87 91 94 94 101 101 100 106 111 68 102 112 113 105 107 107 104 104 108 110 110 117 118 119 118 119 119 114 114 112 114 117 116 111 99 97 100 97 94 97 101 101 100 101 101 105 107 108 111 102 107 112 106 110 110 90 93 88 83 84 88 85 88 84 78 83 85 85 84 81 78 88 87 78 74 73 77 71 71 71 70 76 74 73 73 77 79 81 77 78 79 72 72 74 76 77 72 65 71 72 66 66 53 54 60 60 56 73 73 58 71 70 65 67 71 62 58 53 53 50 54 59 53 59 65 24 0 12 36 33 24 24 21 44 44 48 49 45 44 44 39 38 38 38 44 43 39 37 38 41 39 35 38 33 39 36 36 26 26 20 4 0 0 0 0 26 12 -128 -128 -128 -41 -128 -128 -128 22 45 61 67 66 62 58 50 50 53 56 56 60 62 64 68 76 76 79 81 81 81 77 79 82 81 85 81 79 90 93 83 81 81 78 85 82 85 91 96 104 104 108 116 112 111 111 107 107 120 123 117 120 118 119 119 120 113 88 88 114 102 99 78 35 88 111 93 91 96 100 120 120 113 116 114 114 78 76 84 81 85 66 73 83 83 60 54 54 50 39 31 33 36 38 44 44 44 35 33 31 29 16 0 35 33 32 31 24 25 25 32 36 35 33 36 36 38 38 36 36 31 29 29 0 0 0 0 0 0 0 25 0 0 25 24 24 0 54 -1 -128 -1 -1 -1 -1 -1 -6 -47 -67 -67 -74 -79 -83 -89 -87 -88 -88 -86 -87 -88 -87 -87 -87 -93 -94 -93 -93 -93 -93 -92 -91 -89 -88 -86 -86 -88 -87 -84 -82 -83 -82 -82 -82 -77 -75 -79 -82 -82 -79 -83 -88 -89 -91 -102 -97 -96 -103 -101 -98 -107 -107 -107 -111 -108 -110 -108 -98 -102 -107 -102 -96 -96 -112 -112 -108 -98 -97 -98 -101 -98 -97 -98 -97 -97 -97 -97 -96 -94 -97 -97 -96 -96 -94 -94 -96 -97 -94 -93 -93 -93 -94 -97 -96 -93 -96 -96 -94 -96 -94 -97 -96 -96 -96 -100 -101 -92 -92 -93 -86 -98 -92 -87 -89 -84 -84 -83 -84 -86 -84 -86 -91 -89 -83 -86 -87 -81 -81 -81 -69 -69 -22 -1 -1
31 31 8 18 36 52 64 70 66 61 66 66 60 60 62 66 67 68 73 72 71 72 77 78 77 81 81 82 82 84 85 89 90 84 83 85 88 89 87 87 88 88 93 97 88 89 93 90 95 88 97 106 106 106 107 101 104 110 112 112 112 113 113 113 81 81 114 114 111 107 111 113 112 110 111 117 118 118 118 118 117 117 114 112 112 108 111 108 102 105 105 106 102 100 104 100 106 105 102 105 108 112 113 113 112 96 101 97 104 100 88 89 88 94 85 84 84 82 82 78 72 76 78 83 74 74 83 87 81 81 76 73 70 72 74 72 70 70 77 82 71 71 73 78 78 85 82 81 83 82 79 82 76 78 78 70 71 55 54 65 67 62 71 48 65 71 78 78 70 67 62 66 61 59 54 61 53 49 60 47 47 16 -128 -128 18 20 33 18 45 47 48 45 41 41 44 42 39 38 39 45 47 43 44 43 42 42 42 37 35 36 38 24 -128 -128 -128 -128 -128 -128 -128 0 0 0 -128 -128 2 19 27 27 37 47 56 56 67 67 65 70 72 72 60 50 53 58 62 67 67 73 74 81 88 91 88 79 81 83 87 90 102 102 106 104 94 84 85 87 74 90 96 97 100 100 101 104 104 114 120 116 104 123 119 112 119 119 119 119 113 117 116 96 117 105 59 0 0 0 74 74 97 90 85 97 120 113 106 108 107 93 72 79 79 85 72 62 36 66 66 52 48 47 44 35 42 42 48 45 49 48 43 43 38 41 36 36 35 35 30 30 25 30 26 30 32 33 36 35 36 35 35 33 35 36 33 32 33 22 0 0 22 30 33 33 33 29 0 0 29 29 0 0 -1 -74 -116 -1 -1 -1 -1 -1 -1 -22 -67 -75 -83 -89 -88 -88 -89 -89 -87 -86 -86 -87 -86 -94 -94 -94 -93 -93 -93 -93 -93 -92 -91 -88 -88 -86 -86 -86 -86 -86 -83 -83 -83 -82 -79 -77 -77 -78 -79 -83 -88 -88 -88 -102 -102 -102 -98 -101 -102 -106 -108 -107 -108 -111 -106 -105 -97 -96 -96 -101 -98 -98 -93 -100 -98 -124 -98 -98 -100 -100 -98 -98 -98 -97 -96 -96 -97 -98 -97 -97 -96 -96 -97 -97 -96 -96 -96 -97 -93 -94 -96 -96 -94 -94 -97 -100 -100 -98 -100 -96 -94 -97 -98 -97 -94 -92 -82 -88 -102 -102 -94 -105 -87 -83 -87 -86 -79 -102 -88 -83 -84 -92 -92 -87 -86 -87 -83 -82 -79 -69 -60 -23 -1 -1
0 0 0 36 48 59 59 71 66 67 70 73 72 65 65 62 66 72 76 76 71 68 74 82 83 87 84 88 87 84 85 84 84 84 83 83 84 83 87 88 91 90 87 90 90 90 89 91 93 93 101 95 106 106 106 108 108 110 110 110 107 110 107 108 78 113 108 101 106 114 114 114 114 117 117 117 117 117 114 114 117 117 118 118 117 117 118 116 110 112 108 101 107 106 106 111 111 110 105 107 110 110 111 107 100 105 95 95 88 88 89 91 95 90 83 87 88 82 82 83 81 83 83 83 73 74 79 84 82 76 70 67 71 74 74 71 68 67 70 68 61 71 76 78 71 83 87 87 89 78 68 78 81 71 67 65 55 60 71 73 73 65 68 61 73 83 68 64 64 72 71 56 67 67 67 66 55 60 58 38 33 13 0 0 0 27 27 4 37 39 44 39 39 41 41 37 42 42 42 44 41 44 47 37 35 35 35 36 32 27 9 9 -128 -128 -128 -128 -128 0 9 9 0 0 0 19 19 41 54 54 53 62 65 70 64 67 61 62 68 68 74 70 55 61 61 67 73 77 83 90 95 76 76 87 84 85 95 101 100 102 97 90 91 84 84 79 83 101 100 102 100 96 106 110 111 119 116 116 120 118 117 118 119 120 117 118 113 114 117 107 107 68 0 0 62 74 85 113 111 96 118 114 112 112 112 110 112 85 73 95 89 61 78 41 67 53 53 55 38 43 43 50 49 44 49 55 54 49 49 44 43 41 43 42 33 26 29 26 32 29 30 30 33 35 37 36 33 37 35 35 36 33 35 33 33 36 35 35 36 37 39 37 30 20 0 25 25 25 0 0 -1 -1 -105 -1 -1 -1 -1 -1 -13 -56 -56 -75 -82 -89 -89 -88 -89 -86 -86 -86 -84 -86 -86 -94 -93 -93 -93 -94 -94 -93 -93 -92 -88 -89 -87 -87 -87 -87 -89 -92 -81 -82 -83 -78 -77 -77 -75 -83 -83 -88 -89 -97 -100 -103 -103 -100 -102 -100 -100 -108 -103 -103 -108 -107 -100 -101 -96 -98 -98 -97 -98 -98 -98 -97 -97 -121 -100 -100 -97 -97 -97 -97 -96 -94 -96 -98 -98 -97 -96 -94 -96 -96 -96 -96 -94 -94 -94 -94 -97 -97 -96 -93 -97 -98 -101 -100 -101 -97 -94 -97 -97 -97 -97 -94 -93 -86 -86 -94 -91 -86 -87 -93 -82 -96 -81 -81 -89 -103 -86 -84 -88 -93 -86 -84 -87 -84 -81 -70 -70 -69 -60 -1 -17 -1
52 52 55 49 0 36 56 64 71 74 73 82 72 72 66 65 68 73 79 77 71 73 82 83 76 79 79 79 81 81 79 83 82 85 87 85 83 87 90 90 89 87 88 89 90 89 91 93 94 96 95 96 96 105 100 101 105 106 104 95 102 105 100 101 66 66 100 96 101 106 114 116 116 111 110 110 112 112 113 108 113 111 108 111 113 118 119 116 113 111 111 108 107 110 110 111 110 104 107 111 111 106 104 104 99 107 102 93 88 85 94 96 85 81 88 88 88 87 88 90 83 84 83 81 79 78 76 72 72 72 70 68 71 73 77 73 64 65 65 61 65 65 67 70 71 67 68 66 70 65 65 68 71 65 65 64 56 54 62 67 74 68 66 70 81 72 77 77 74 73 78 71 59 68 78 70 64 61 64 56 56 53 47 35 0 0 0 0 13 24 38 41 38 38 39 39 39 39 35 38 43 48 39 32 38 38 36 37 36 25 10 0 -128 -128 0 16 24 30 30 29 29 26 27 31 38 49 54 56 50 54 60 60 62 64 65 52 61 64 67 68 65 73 66 61 61 66 66 85 83 90 74 101 99 90 95 90 82 82 84 84 89 94 84 76 85 91 106 106 102 102 101 106 116 112 111 120 117 118 119 117 113 108 108 78 104 120 116 102 59 0 0 96 95 104 106 106 114 111 97 113 111 111 101 82 82 70 83 91 91 73 72 65 47 55 43 55 54 52 52 52 50 50 54 58 55 52 45 37 32 35 33 35 29 29 30 32 31 32 29 32 32 33 35 33 35 35 35 35 37 35 31 35 37 37 35 36 36 38 36 36 37 32 0 0 20 0 0 -37 -1 -1 -105 -1 -1 -1 -1 -1 -2 -34 -55 -75 -89 -91 -91 -88 -86 -86 -86 -86 -86 -84 -86 -93 -92 -94 -93 -94 -94 -94 -93 -93 -92 -91 -89 -89 -88 -88 -91 -96 -87 -83 -83 -91 -88 -77 -75 -82 -88 -91 -97 -97 -102 -103 -102 -102 -98 -101 -110 -110 -108 -103 -108 -105 -98 -101 -101 -98 -98 -100 -100 -98 -97 -100 -96 -119 -106 -100 -97 -97 -98 -98 -97 -96 -94 -96 -97 -94 -96 -97 -96 -96 -94 -94 -94 -94 -96 -93 -96 -98 -96 -96 -98 -101 -100 -94 -94 -97 -97 -94 -96 -94 -94 -96 -94 -86 -88 -86 -92 -92 -82 -92 -86 -86 -93 -86 -92 -96 -84 -88 -91 -86 -86 -83 -86 -92 -83 -79 -70 -69 -61 -21 -8 -69
56 61 53 32 0 48 48 55 62 67 65 72 61 58 60 68 73 79 77 77 71 73 81 83 76 79 79 79 81 79 83 83 83 85 87 87 84 87 90 90 87 88 89 90 89 89 91 93 94 96 95 96 105 101 100 106 106 104 104 95 102 105 102 104 68 99 96 100 107 114 114 116 116 111 110 108 111 105 99 104 100 95 102 102 110 118 119 116 114 111 108 110 112 111 111 112 112 104 107 113 111 106 104 99 105 102 93 87 85 85 91 94 84 81 88 88 87 88 90 83 84 83 83 82 79 77 76 72 72 68 67 71 73 76 76 73 66 65 65 60 65 67 70 71 62 68 65 65 70 64 65 67 70 61 64 56 54 64 68 78 78 72 66 70 79 72 77 74 73 78 72 61 71 71 79 72 64 61 65 60 60 62 50 15 24 0 0 0 0 0 26 31 33 41 39 38 39 35 35 38 43 49 39 30 38 35 37 35 22 0 -128 -128 0 10 27 37 42 45 37 37 43 43 43 45 45 50 53 56 52 54 60 61 64 65 52 60 64 64 68 71 65 73 66 59 66 66 84 82 90 73 73 104 101 90 95 90 81 82 82 90 94 84 84 74 85 91 106 106 102 104 106 118 112 111 122 122 117 118 119 117 116 110 76 96 112 108 94 6 6 53 102 106 104 106 110 116 111 97 113 112 111 111 102 83 81 67 81 90 73 72 66 52 49 43 43 55 55 53 53 52 52 54 59 55 52 45 45 36 31 33 33 35 29 29 31 31 31 29 32 32 32 33 33 33 35 35 35 37 35 30 35 37 37 38 36 36 35 37 36 37 35 31 24 0 0 0 -1 -1 -1 -1 -91 -14 -1 -1 -1 -3 -35 -55 -55 -75 -89 -91 -89 -88 -86 -86 -86 -86 -84 -86 -86 -93 -93 -94 -94 -94 -93 -93 -93 -92 -91 -89 -89 -89 -88 -88 -91 -94 -86 -83 -92 -88 -77 -75 -82 -88 -88 -91 -97 -98 -101 -103 -102 -98 -101 -110 -110 -110 -103 -103 -108 -105 -98 -101 -101 -98 -100 -100 -98 -97 -98 -97 -97 -106 -116 -100 -97 -97 -98 -97 -96 -93 -96 -97 -97 -96 -96 -97 -96 -96 -94 -94 -94 -96 -94 -96 -98 -98 -96 -96 -97 -101 -100 -96 -97 -97 -93 -96 -93 -96 -96 -96 -96 -87 -87 -86 -92 -82 -92 -86 -86 -92 -86 -86 -92 -96 -86 -88 -89 -86 -83 -86 -92 -83 -79 -70 -70 -70 -60 -21 -9 -69
56 56 61 53 32 0 48 55 62 67 65 72 61 61 58 60 68 73 79 77 71 73 81 83 76 79 79 79 79 81 79 83 83 85 87 87 84 87 90 90 90 87 88 89 90 89 91 93 94 96 95 96 96 105 101 100 106 106 104 95 102 105 102 104 68 68 99 96 100 107 114 116 116 111 110 108 111 111 105 99 104 100 95 102 110 118 119 116 114 111 111 108 110 112 111 111 112 104 107 113 111 106 104 104 99 105 102 93 87 85 91 94 84 81 88 88 88 87 88 90 83 84 83 82 79 77 76 72 72 72 68 67 71 73 76 73 66 65 65 60 65 65 67 70 71 62 68 65 70 64 65 67 70 61 61 64 56 54 64 68 78 72 66 70 79 72 77 77 74 73 78 72 61 71 79 72 64 61 65 60 60 60 62 50 15 24 0 0 0 0 26 31 33 33 41 39 38 39 35 38 43 49 39 30 38 38 35 37 35 22 0 -128 0 10 27 37 42 45 45 37 37 43 43 43 45 50 53 56 52 54 60 60 61 64 65 52 60 64 68 71 65 73 66 59 59 66 66 84 82 90 73 104 101 90 95 90 81 81 82 82 90 94 84 74 85 91 106 106 102 102 104 106 118 112 111 122 117 118 119 117 116 110 110 76 96 112 108 94 6 53 102 106 104 106 110 110 116 111 97 113 112 111 102 83 81 67 81 90 90 73 72 66 52 49 43 55 55 53 53 52 52 52 54 59 55 52 45 36 31 33 33 35 29 29 29 31 31 31 29 32 32 33 33 33 35 35 35 35 37 35 30 35 37 38 36 36 35 37 36 36 37 35 31 24 0 0 -1 -1 -1 -1 -91 -14 -14 -1 -1 -1 -3 -35 -55 -75 -89 -91 -89 -88 -86 -86 -86 -86 -86 -84 -86 -93 -93 -94 -94 -94 -93 -93 -93 -93 -92 -91 -89 -89 -88 -88 -91 -94 -86 -83 -83 -92 -88 -77 -75 -82 -88 -91 -97 -98 -101 -103 -102 -102 -98 -101 -110 -110 -110 -103 -108 -105 -98 -101 -101 -98 -98 -100 -100 -98 -97 -98 -97 -106 -116 -100 -97 -97 -98 -98 -97 -96 -93 -96 -97 -96 -96 -97 -96 -96 -94 -94 -94 -94 -96 -94 -96 -98 -96 -96 -97 -101 -100 -96 -96 -97 -97 -93 -96 -93 -96 -96 -96 -87 -87 -86 -92 -92 -82 -92 -86 -86 -92 -86 -92 -96 -86 -88 -89 -86 -86 -83 -86 -92 -83 -79 -70 -70 -60 -21 -9 -69
90 84 64 54 0 0 0 0 0 0 0 0 0 44 60 67 77 84 82 82 74 74 82 82 82 82 81 78 76 79 83 82 82 87 97 87 84 84 87 88 89 91 91 93 95 95 93 91 97 97 93 94 101 102 101 100 102 101 101 102 105 101 101 102 71 101 106 110 112 114 114 114 113 111 116 117 107 85 64 0 0 0 65 65 105 112 114 116 116 110 110 112 114 116 116 113 113 104 104 107 107 99 95 93 100 85 91 95 94 94 90 88 84 93 94 90 95 95 79 74 79 84 84 88 78 72 70 65 70 68 71 76 77 78 78 73 70 68 65 62 66 67 68 62 68 64 67 67 71 65 65 58 60 65 68 72 68 73 76 83 83 78 70 73 83 78 85 79 77 74 60 70 81 81 81 74 70 67 74 74 72 74 44 47 38 33 33 3 0 0 0 0 31 38 36 36 35 37 37 41 44 45 32 38 37 37 33 35 0 0 0 0 16 30 37 39 44 38 37 37 37 39 39 47 47 48 48 54 53 55 55 58 62 60 58 68 70 70 72 72 67 70 68 82 83 77 83 84 79 84 84 94 82 87 84 78 88 93 97 99 94 82 82 83 100 100 101 110 110 113 118 120 119 125 110 110 89 113 112 105 85 101 96 102 83 8 7 76 76 96 112 113 118 83 102 100 81 90 116 114 85 85 70 77 79 76 77 71 73 77 70 48 29 60 60 65 58 60 59 54 59 56 58 47 44 37 37 30 30 38 31 31 35 27 32 29 29 31 31 31 33 35 37 38 36 33 33 35 35 35 39 37 37 33 32 36 32 30 30 35 37 36 27 0 -36 -36 -1 -1 -1 -1 -75 -36 -1 -1 -1 -14 -45 -74 -74 -83 -89 -89 -88 -88 -87 -84 -84 -83 -86 -84 -84 -94 -96 -93 -94 -94 -94 -94 -93 -92 -91 -91 -89 -89 -89 -87 -88 -84 -88 -92 -92 -87 -75 -79 -91 -101 -101 -97 -100 -98 -100 -103 -100 -102 -111 -108 -108 -105 -105 -105 -106 -101 -98 -100 -98 -97 -101 -98 -97 -97 -97 -97 -97 -101 -121 -97 -98 -98 -101 -98 -96 -98 -97 -96 -96 -96 -96 -96 -96 -97 -96 -96 -96 -94 -93 -98 -96 -96 -94 -96 -96 -100 -98 -96 -94 -97 -96 -93 -93 -97 -97 -93 -96 -97 -86 -91 -93 -84 -89 -86 -87 -94 -83 -83 -82 -86 -87 -86 -86 -82 -87 -92 -92 -84 -87 -82 -82 -79 -69 -22 -69 -92
58 58 82 87 79 64 59 53 53 53 52 50 0 0 0 45 62 67 70 70 70 74 77 77 81 76 76 72 74 68 72 72 72 73 85 73 72 78 87 87 88 90 91 91 93 93 91 94 97 94 94 96 96 104 104 97 100 101 101 101 102 101 97 104 74 74 112 113 113 113 113 113 113 113 106 96 82 82 14 0 58 79 58 0 74 101 97 100 106 110 110 110 113 114 117 114 106 105 106 108 106 100 95 95 102 106 100 107 104 97 95 88 87 89 84 88 88 94 89 78 83 87 91 76 76 77 74 72 73 73 74 71 66 71 73 71 67 71 67 70 71 71 64 71 71 77 76 78 77 67 64 65 66 68 68 68 78 79 77 87 90 72 70 77 82 78 72 72 70 76 79 73 82 91 82 81 83 77 76 66 66 72 77 64 61 50 45 18 13 16 0 0 16 16 24 33 38 39 42 45 47 41 38 32 33 33 45 39 33 21 -128 0 26 41 44 45 38 36 36 38 39 39 41 41 47 47 49 48 53 56 59 59 60 52 55 61 68 68 62 60 60 55 61 68 68 64 72 78 82 83 91 82 81 79 78 85 94 94 99 97 100 94 93 93 95 105 114 117 119 119 117 119 117 114 95 72 122 116 82 73 118 111 111 104 1 0 61 83 89 118 118 113 96 89 102 102 73 87 113 112 83 71 72 87 104 93 70 71 71 83 65 55 58 29 72 60 62 65 58 56 58 58 59 54 47 37 25 24 33 38 39 37 32 32 30 33 29 29 31 31 35 32 35 37 36 35 35 33 33 35 35 35 33 30 31 29 0 0 0 0 25 29 30 26 0 -1 -1 -1 -1 -1 -77 -37 -37 -1 -1 -8 -31 -56 -75 -82 -88 -88 -87 -88 -86 -86 -84 -84 -84 -84 -84 -94 -92 -92 -93 -93 -94 -94 -93 -92 -89 -89 -89 -96 -94 -96 -96 -93 -91 -92 -92 -91 -86 -77 -84 -101 -98 -97 -98 -100 -102 -103 -100 -100 -110 -108 -105 -106 -105 -103 -101 -101 -98 -98 -98 -100 -100 -100 -97 -97 -97 -98 -97 -101 -121 -100 -100 -98 -98 -98 -98 -97 -98 -96 -96 -96 -94 -94 -96 -96 -96 -96 -97 -96 -94 -94 -96 -94 -96 -97 -96 -96 -96 -93 -93 -93 -97 -97 -93 -93 -91 -81 -87 -101 -91 -86 -102 -102 -86 -86 -86 -93 -87 -82 -87 -101 -87 -89 -86 -86 -86 -89 -91 -87 -86 -87 -86 -78 -69 -20 -60 -91
79 77 67 77 76 74 74 82 83 81 81 82 67 55 0 0 0 0 41 41 59 71 72 65 53 43 54 56 56 55 54 49 49 52 61 49 56 71 85 87 90 90 91 91 89 89 90 96 96 91 89 94 101 100 99 105 96 101 101 97 102 93 102 112 79 113 113 110 108 111 111 110 106 105 90 65 0 10 89 101 102 100 73 73 0 0 0 74 95 107 107 112 113 113 113 114 114 112 110 102 101 104 106 112 105 110 111 100 91 91 90 91 96 93 88 85 82 83 88 85 95 84 84 85 85 85 76 77 71 76 71 65 64 70 70 68 66 68 67 73 68 70 77 71 70 83 82 82 73 77 76 76 76 78 76 77 84 87 90 78 78 70 70 79 88 77 77 82 88 79 71 73 79 79 83 87 83 79 82 79 82 83 74 62 44 53 53 37 20 29 9 0 0 0 32 42 43 44 44 47 44 39 38 43 49 52 44 39 21 -78 -128 -128 27 45 47 44 37 37 38 36 38 41 41 39 39 41 47 52 52 56 55 56 58 56 64 70 53 53 54 54 58 61 59 67 74 77 74 79 77 89 89 76 78 81 83 82 87 94 96 91 97 88 88 93 106 114 122 120 111 114 114 116 100 68 124 124 114 74 91 120 111 89 0 0 89 87 112 119 119 118 108 97 65 91 107 105 91 83 91 73 71 71 85 95 84 77 76 85 67 55 61 76 41 66 66 61 61 55 49 54 58 58 49 42 29 25 25 33 32 37 33 33 32 30 32 31 31 29 31 31 31 32 32 35 37 35 33 33 35 33 27 22 22 22 26 21 0 0 0 0 0 0 0 -72 -1 -1 -1 -1 -1 -78 -128 -37 -1 -1 -16 -46 -65 -84 -84 -91 -87 -87 -87 -86 -84 -84 -86 -86 -84 -82 -82 -94 -92 -94 -93 -93 -93 -91 -91 -89 -88 -88 -94 -94 -93 -93 -93 -92 -88 -94 -88 -83 -81 -100 -100 -101 -101 -100 -98 -100 -103 -102 -107 -110 -107 -106 -105 -103 -101 -101 -97 -97 -101 -103 -103 -101 -98 -97 -98 -98 -98 -98 -98 -97 -116 -110 -98 -97 -97 -96 -96 -96 -96 -96 -96 -96 -94 -96 -97 -96 -96 -96 -94 -93 -94 -96 -96 -96 -96 -94 -96 -98 -96 -97 -97 -100 -98 -93 -89 -82 -82 -79 -84 -92 -79 -84 -93 -83 -83 -88 -92 -83 -87 -87 -98 -97 -86 -87 -87 -87 -96 -91 -84 -86 -91 -87 -87 -79 -69 -20 -84 -100
84 84 81 71 81 81 82 88 89 87 87 88 78 78 65 47 43 44 32 0 38 61 61 0 0 0 0 0 0 31 0 0 0 0 0 0 0 45 74 74 74 78 81 83 87 88 90 95 96 91 85 85 85 91 96 97 102 96 101 97 102 93 101 112 81 81 113 113 110 108 111 110 102 97 76 0 0 0 90 106 113 113 112 102 90 76 0 0 66 96 96 97 104 110 112 112 114 112 110 102 101 104 106 106 113 107 112 113 102 91 90 93 96 91 87 87 87 81 83 88 85 95 84 87 85 85 76 77 71 71 77 71 65 64 70 68 64 68 70 73 68 68 70 78 70 72 83 83 74 77 76 74 76 78 78 77 78 84 88 90 78 67 68 79 90 79 79 79 82 88 79 71 73 79 83 87 83 79 82 79 79 82 83 76 64 48 55 48 18 38 20 9 -44 -44 0 25 41 43 47 48 44 42 41 44 49 49 45 33 30 2 0 0 30 45 45 44 38 37 37 38 36 37 41 41 39 41 47 53 52 56 55 55 54 55 59 62 70 54 53 54 59 61 59 67 67 74 77 76 79 77 89 76 79 79 83 82 87 87 94 96 91 97 88 93 106 114 122 122 110 110 114 116 116 102 68 124 112 74 88 110 97 4 4 0 73 95 93 117 120 119 110 97 66 90 107 107 105 91 83 91 72 70 82 94 82 74 76 85 85 67 55 61 76 54 55 61 61 55 49 54 58 58 58 48 39 30 24 33 33 37 33 33 32 32 30 32 31 31 29 31 31 32 32 35 36 35 35 35 33 35 33 0 0 0 0 0 0 0 0 0 -128 -128 0 -46 -1 -1 -1 -1 -94 -128 -11 -1 -1 -1 -1 -17 -45 -67 -83 -92 -87 -87 -87 -86 -84 -84 -87 -86 -87 -84 -82 -93 -92 -94 -93 -93 -93 -93 -91 -91 -89 -88 -86 -94 -94 -94 -94 -92 -88 -94 -94 -88 -84 -81 -100 -100 -102 -100 -98 -100 -103 -102 -107 -107 -108 -107 -106 -106 -103 -102 -97 -97 -101 -103 -103 -101 -101 -100 -97 -98 -98 -98 -98 -97 -102 -121 -100 -97 -97 -97 -96 -96 -96 -96 -96 -96 -94 -96 -97 -96 -96 -96 -96 -94 -93 -94 -96 -97 -96 -94 -96 -98 -97 -97 -97 -97 -100 -98 -93 -89 -82 -79 -84 -92 -79 -82 -92 -92 -83 -83 -87 -92 -83 -87 -100 -97 -86 -88 -87 -87 -87 -96 -91 -86 -86 -91 -87 -79 -69 -20 -83 -100
84 81 71 81 81 82 82 88 89 87 87 88 78 65 47 43 44 32 0 0 38 61 61 0 0 0 0 0 31 0 0 0 0 0 0 0 0 45 74 74 78 81 83 87 88 88 90 95 96 91 85 85 91 96 97 102 96 101 101 97 102 93 101 112 81 113 113 110 108 111 111 110 102 97 76 0 0 90 106 113 113 112 102 102 90 76 0 0 66 96 97 104 110 112 112 114 114 112 110 102 101 104 106 113 107 112 113 102 91 91 90 93 96 91 87 87 81 83 88 85 95 84 84 87 85 85 76 77 71 77 71 65 64 70 70 68 64 68 70 73 68 70 78 70 72 83 83 83 74 77 76 74 76 78 77 78 84 88 90 78 78 67 68 79 90 79 79 82 88 79 71 73 79 79 83 87 83 79 82 79 82 83 76 64 48 55 55 48 18 38 20 9 -44 0 25 41 43 47 47 48 44 42 41 44 49 45 33 30 2 0 0 0 30 45 45 44 38 37 38 36 37 41 41 39 39 41 47 53 52 56 55 54 55 59 62 70 54 54 53 54 59 61 59 67 74 77 76 79 77 89 89 76 79 79 83 82 87 94 96 91 97 88 88 93 106 114 122 122 110 114 116 116 102 68 124 124 112 74 88 110 97 4 0 73 95 93 117 120 120 119 110 97 66 90 107 105 91 83 91 72 70 70 82 94 82 74 76 85 67 55 61 76 54 55 55 61 61 55 49 54 58 58 48 39 30 24 24 33 33 37 33 33 32 30 32 31 31 29 31 31 31 32 32 35 36 35 35 33 35 33 0 0 0 0 0 0 0 0 0 -128 -128 0 -46 -1 -1 -1 -1 -1 -94 -128 -11 -1 -1 -1 -17 -45 -67 -83 -83 -92 -87 -87 -87 -86 -84 -87 -86 -87 -84 -82 -82 -93 -92 -94 -93 -93 -93 -91 -91 -89 -88 -86 -94 -94 -94 -94 -94 -92 -88 -94 -88 -84 -81 -100 -100 -102 -102 -100 -98 -100 -103 -102 -107 -108 -107 -106 -106 -103 -102 -102 -97 -97 -101 -103 -103 -101 -100 -97 -98 -98 -98 -98 -98 -97 -102 -121 -100 -97 -97 -96 -96 -96 -96 -96 -96 -96 -94 -96 -97 -96 -96 -96 -94 -93 -94 -96 -97 -97 -96 -94 -96 -98 -97 -97 -97 -100 -98 -93 -89 -82 -82 -79 -84 -92 -79 -82 -92 -83 -83 -87 -92 -83 -87 -87 -100 -97 -86 -88 -87 -87 -96 -91 -86 -86 -91 -87 -87 -79 -69 -20 -83 -100
52 52 42 59 68 70 88 93 85 87 89 84 83 83 77 76 73 77 72 43 0 0 0 0 48 65 65 58 0 0 45 67 68 76 76 66 44 0 0 0 0 45 54 65 74 85 93 93 93 89 82 71 71 76 90 101 97 95 101 96 96 105 112 113 79 79 106 104 110 116 112 106 101 81 8 10 93 93 105 110 111 113 117 116 108 101 97 68 0 53 53 76 87 99 106 111 112 111 102 110 110 107 108 108 113 111 113 112 101 84 90 88 94 93 84 82 82 83 85 84 87 85 84 85 84 76 68 70 73 73 72 72 65 62 70 70 71 70 70 70 71 71 79 85 84 72 84 81 78 84 82 82 85 82 82 84 79 84 89 67 62 68 78 81 93 88 90 90 88 88 90 87 85 89 91 93 90 83 90 84 84 74 73 81 74 68 58 59 20 47 41 29 4 4 0 31 43 50 54 48 50 53 52 58 55 55 25 0 0 0 0 8 25 37 41 43 44 41 41 37 39 43 42 44 43 45 42 49 52 56 50 50 49 56 68 66 54 50 60 61 67 68 68 70 70 76 76 84 84 82 83 74 79 73 83 91 84 84 96 95 94 104 77 96 106 116 117 100 93 93 112 119 82 100 120 111 79 83 107 89 0 67 67 108 95 107 118 119 106 110 107 73 97 100 111 111 102 74 84 68 81 74 82 73 82 74 74 77 77 60 71 77 79 71 37 62 55 56 52 50 50 50 56 49 32 25 33 37 42 33 25 29 30 30 30 31 30 30 26 29 32 33 33 33 37 36 36 36 35 38 36 32 0 0 0 0 0 0 0 0 0 -1 -1 -1 -1 -1 -1 -84 -119 -1 -1 -1 -1 -1 -12 -34 -54 -75 -91 -91 -87 -88 -86 -86 -86 -86 -86 -86 -86 -94 -92 -93 -93 -93 -93 -93 -92 -92 -91 -91 -89 -87 -86 -86 -94 -96 -98 -88 -88 -92 -92 -83 -84 -98 -102 -101 -102 -100 -101 -102 -102 -111 -107 -107 -107 -107 -106 -103 -101 -97 -96 -98 -105 -106 -101 -98 -98 -96 -94 -98 -98 -96 -97 -98 -97 -124 -98 -97 -96 -96 -96 -96 -96 -96 -97 -94 -94 -97 -96 -96 -96 -96 -96 -94 -94 -96 -96 -96 -97 -96 -97 -97 -96 -101 -101 -105 -96 -96 -94 -92 -92 -79 -97 -89 -83 -105 -103 -103 -82 -87 -87 -86 -82 -88 -94 -88 -86 -84 -87 -92 -92 -96 -87 -86 -87 -87 -87 -78 -70 -67 -91 -100
20 35 49 55 84 89 89 81 85 85 87 83 90 93 90 85 88 78 70 70 67 62 59 61 77 87 78 67 72 82 94 94 94 97 94 87 76 62 44 0 0 0 0 49 74 74 77 78 77 79 76 0 0 61 89 82 97 100 100 102 107 112 110 105 72 108 116 113 116 112 112 105 90 14 0 90 106 111 112 113 116 119 118 118 114 116 114 102 66 0 0 0 48 94 93 97 97 107 106 108 108 110 110 112 114 108 104 93 88 88 85 84 85 94 85 87 88 78 82 81 85 85 85 81 82 71 68 74 70 70 66 62 68 74 74 74 72 77 77 68 73 78 82 84 77 83 90 90 84 85 78 83 93 88 93 84 74 84 78 88 88 77 89 90 95 95 95 91 89 96 96 88 94 94 95 94 100 97 101 72 59 72 82 81 73 58 58 54 9 42 47 35 14 0 0 22 36 43 43 42 53 43 37 53 41 2 0 1 9 32 35 35 31 41 42 42 42 47 41 42 45 43 44 45 45 38 44 53 47 52 48 53 55 61 66 62 62 62 64 70 70 67 79 78 74 76 82 76 60 65 65 78 84 78 88 88 89 100 87 90 90 82 82 91 105 117 105 118 119 111 82 87 110 113 89 89 93 94 94 0 0 110 118 100 117 123 104 64 64 107 106 107 94 95 88 73 77 83 76 72 74 74 81 76 74 68 70 70 76 83 82 77 73 37 37 59 60 55 55 55 48 49 43 31 22 31 31 37 38 27 30 33 32 30 26 25 30 26 35 35 35 33 33 33 33 36 35 36 38 35 36 32 32 30 27 27 24 18 0 0 -1 -1 -1 -1 -1 -1 -98 -102 -3 -1 -1 -1 -8 -30 -45 -65 -75 -83 -83 -92 -86 -86 -86 -87 -86 -86 -86 -96 -91 -92 -92 -93 -93 -93 -93 -92 -92 -93 -92 -91 -91 -87 -86 -86 -86 -98 -98 -88 -88 -86 -82 -79 -102 -100 -97 -101 -101 -101 -100 -101 -103 -110 -107 -106 -105 -103 -100 -100 -100 -100 -97 -102 -103 -97 -96 -96 -93 -96 -97 -96 -96 -97 -97 -98 -100 -116 -101 -97 -96 -96 -96 -96 -96 -96 -96 -96 -96 -96 -96 -96 -96 -98 -96 -96 -94 -98 -97 -97 -97 -98 -98 -97 -96 -100 -98 -92 -94 -96 -96 -97 -97 -98 -111 -100 -96 -112 -103 -83 -88 -88 -84 -82 -89 -89 -100 -87 -86 -84 -92 -92 -88 -83 -84 -84 -87 -83 -83 -77 -69 -102 -101 -96
26 26 25 41 59 70 74 85 88 88 88 90 89 89 89 87 81 82 91 89 90 84 73 89 89 94 94 94 89 90 93 97 99 100 97 91 89 88 81 81 81 81 77 48 0 0 0 33 31 0 0 0 0 53 0 0 0 66 77 87 100 107 105 110 77 77 111 116 113 111 99 74 0 15 88 104 110 110 111 114 117 117 112 113 112 114 116 111 102 96 96 94 81 0 0 64 83 99 102 104 107 102 102 102 111 113 96 90 87 85 79 74 81 89 85 87 87 79 82 83 79 87 88 89 77 73 74 73 74 74 70 67 70 73 74 74 77 81 67 71 76 76 78 90 76 84 83 91 90 90 88 88 97 99 99 84 77 85 93 88 94 85 90 89 100 95 100 100 97 95 101 97 104 95 88 82 101 108 64 60 60 71 72 82 68 56 53 47 18 52 56 50 25 25 10 0 2 20 31 33 30 35 36 41 35 35 4 0 10 26 44 37 41 45 44 42 47 49 49 44 45 48 47 49 45 47 48 49 47 50 53 53 53 55 55 55 61 66 70 77 72 78 79 82 82 73 60 71 72 71 74 88 90 83 93 105 94 94 83 82 90 97 100 114 122 118 89 120 100 100 71 85 110 110 99 112 100 0 1 0 94 111 111 106 118 110 120 90 71 111 107 102 79 71 74 74 78 78 76 89 87 89 90 70 71 66 67 70 70 64 71 73 72 70 38 61 64 58 65 56 48 48 45 43 38 24 35 39 39 32 25 35 29 29 31 26 29 29 30 33 36 33 38 33 33 35 35 33 35 36 35 35 33 37 35 37 25 0 0 0 -36 -1 -1 -1 -1 -86 -88 -3 -1 -1 -1 -3 -3 -14 -44 -55 -75 -74 -93 -84 -83 -84 -86 -84 -84 -84 -84 -84 -93 -93 -93 -93 -93 -92 -92 -92 -93 -93 -93 -93 -92 -89 -86 -87 -89 -100 -98 -91 -89 -84 -84 -84 -98 -102 -100 -101 -102 -100 -98 -100 -111 -108 -106 -106 -103 -100 -100 -98 -100 -100 -100 -101 -100 -97 -97 -97 -97 -97 -96 -94 -97 -98 -98 -98 -97 -105 -116 -100 -96 -96 -96 -97 -94 -96 -97 -97 -96 -96 -96 -93 -96 -96 -96 -94 -93 -93 -101 -97 -97 -97 -97 -96 -96 -97 -97 -96 -93 -94 -94 -94 -98 -100 -94 -96 -98 -94 -89 -89 -86 -92 -88 -83 -83 -94 -100 -84 -87 -93 -92 -88 -88 -86 -82 -84 -89 -93 -82 -82 -92 -96 -101 -94
26 25 41 59 70 74 74 85 88 88 88 90 89 89 87 81 82 91 89 89 90 84 73 89 89 94 94 89 90 93 97 99 99 100 97 91 89 88 81 81 81 77 48 0 0 0 0 33 31 0 0 0 53 0 0 0 66 77 77 87 100 107 105 110 77 111 116 113 111 99 99 74 0 15 88 104 110 111 114 117 117 112 113 113 112 114 116 111 102 96 94 81 0 0 64 83 83 99 102 104 107 102 102 111 113 96 90 87 85 85 79 74 81 89 85 87 79 82 83 79 87 88 88 89 77 73 74 73 74 70 67 70 73 74 74 74 77 81 67 71 76 78 90 76 84 83 91 91 90 90 88 88 97 99 84 77 85 93 88 94 94 85 90 89 100 95 100 97 95 101 97 104 95 95 88 82 101 108 64 60 71 72 82 68 56 53 53 47 18 52 56 50 25 10 0 2 20 31 31 33 30 35 36 41 35 4 0 10 26 44 37 37 41 45 44 42 47 49 44 45 48 47 49 45 45 47 48 49 47 50 53 53 55 55 55 61 66 66 70 77 72 78 79 82 73 60 71 72 71 74 74 88 90 83 93 105 94 83 82 90 97 100 100 114 122 118 89 120 100 71 85 110 110 99 112 112 100 0 1 0 94 111 106 118 110 120 90 71 71 111 107 102 79 71 74 78 78 76 89 87 89 89 90 70 71 66 67 70 64 71 73 72 70 38 38 61 64 58 65 56 48 45 43 38 24 35 35 39 39 32 25 35 29 31 26 29 29 30 33 33 36 33 38 33 33 35 33 35 36 35 35 33 33 37 35 37 25 0 0 -36 -1 -1 -1 -1 -86 -86 -88 -3 -1 -1 -1 -3 -14 -44 -55 -75 -74 -93 -93 -84 -83 -84 -86 -84 -84 -84 -84 -93 -93 -93 -93 -93 -93 -92 -92 -92 -93 -93 -93 -92 -89 -86 -87 -87 -89 -100 -98 -91 -89 -84 -84 -98 -102 -100 -101 -102 -102 -100 -98 -100 -111 -108 -106 -103 -100 -100 -98 -100 -100 -100 -100 -101 -100 -97 -97 -97 -97 -96 -94 -97 -98 -98 -98 -98 -97 -105 -116 -100 -96 -96 -97 -94 -96 -97 -97 -97 -96 -96 -96 -93 -96 -96 -94 -93 -93 -101 -97 -97 -97 -97 -97 -96 -96 -97 -96 -93 -94 -94 -94 -98 -98 -100 -94 -96 -98 -94 -89 -86 -92 -88 -83 -83 -94 -94 -100 -84 -87 -93 -92 -88 -86 -82 -84 -89 -93 -82 -82 -82 -92 -96 -101 -94
54 54 29 45 58 78 83 84 81 83 79 82 79 79 89 88 89 93 94 96 91 78 93 94 93 95 95 94 95 95 95 93 97 95 96 95 97 97 97 97 99 99 93 84 73 68 38 0 0 47 72 77 77 77 71 61 3 0 0 12 81 93 91 94 64 64 105 110 105 102 94 9 3 94 105 110 110 110 111 112 113 113 114 113 113 112 111 112 112 110 110 111 101 84 33 0 0 88 91 100 104 101 108 108 112 112 97 91 85 84 77 83 84 81 85 87 87 74 79 79 84 84 84 81 71 72 77 77 73 73 68 73 71 76 77 79 81 73 76 82 76 76 84 88 78 87 85 90 93 84 89 96 104 101 101 96 84 96 82 93 100 91 91 95 95 99 104 104 95 104 104 104 83 84 79 64 78 94 70 76 76 76 78 81 60 50 59 42 12 45 52 41 22 22 0 0 0 15 30 21 20 22 25 31 24 24 1 0 0 18 39 39 43 45 44 44 47 44 44 45 48 47 48 54 50 38 45 55 53 50 47 47 50 53 54 58 61 61 67 74 79 78 68 61 61 58 58 68 82 83 84 94 77 84 99 96 102 102 93 94 96 116 118 122 114 78 94 111 82 82 97 96 118 102 94 82 79 0 79 104 111 110 110 117 118 120 120 117 117 111 108 101 73 72 73 73 71 84 91 106 79 88 76 67 74 61 64 59 59 61 72 65 71 72 36 60 59 56 60 49 49 49 48 38 39 20 36 37 38 30 29 29 26 26 31 29 30 32 30 32 32 35 37 32 32 36 36 33 37 36 36 36 35 30 30 35 27 0 0 0 -1 -73 -1 -1 -1 -77 -1 -1 -1 -1 -1 -6 -6 -30 -35 -75 -82 -92 -88 -84 -82 -86 -86 -83 -84 -84 -86 -92 -94 -94 -93 -93 -93 -93 -91 -93 -92 -92 -93 -93 -92 -89 -87 -88 -100 -101 -101 -96 -86 -83 -83 -87 -101 -103 -101 -103 -102 -98 -96 -98 -110 -108 -105 -105 -101 -98 -100 -100 -100 -98 -101 -100 -97 -98 -98 -100 -100 -100 -98 -100 -100 -98 -97 -97 -97 -98 -122 -96 -97 -97 -96 -96 -96 -98 -97 -97 -93 -97 -94 -96 -96 -96 -96 -98 -96 -92 -97 -96 -97 -97 -96 -96 -94 -94 -94 -96 -97 -96 -94 -96 -98 -96 -93 -98 -96 -96 -92 -92 -87 -97 -87 -83 -84 -89 -94 -82 -94 -88 -89 -91 -91 -83 -83 -91 -94 -88 -82 -83 -89 -83 -86 -87
52 27 42 58 78 83 83 84 82 84 82 83 79 91 88 89 93 94 94 94 90 78 93 94 93 95 93 95 95 95 93 95 95 95 96 96 99 97 97 99 99 96 94 88 90 90 78 71 77 90 94 94 94 90 90 91 85 82 82 19 0 0 0 49 38 85 102 104 97 85 85 0 74 101 110 110 110 113 114 112 113 114 114 114 111 111 110 112 112 108 111 106 97 89 78 0 0 0 73 95 104 99 105 112 112 97 91 85 84 84 77 82 83 79 85 85 76 81 79 84 84 84 84 82 71 72 77 77 74 67 72 73 76 78 78 79 81 73 77 83 77 84 88 78 88 87 90 90 93 83 89 95 104 101 96 87 96 83 93 100 100 91 91 95 95 99 104 95 101 104 104 84 84 84 81 64 79 95 67 77 76 78 81 60 50 59 59 43 12 43 50 37 0 0 0 0 15 21 21 0 0 0 0 0 0 0 -44 -128 0 30 33 33 35 38 42 44 47 44 47 50 49 50 55 50 50 38 45 55 54 50 47 49 52 53 58 61 61 61 67 76 81 79 67 59 58 58 68 82 84 85 85 94 79 84 99 96 102 95 96 97 116 117 117 122 117 81 94 111 81 96 95 117 97 84 0 0 0 77 101 113 118 112 117 118 120 118 117 117 117 111 108 101 73 72 72 70 82 91 107 81 90 90 76 66 74 61 61 58 61 70 64 71 72 44 44 52 58 55 60 49 49 49 38 37 21 36 36 37 38 29 29 29 26 31 29 30 32 30 33 33 32 35 35 32 32 36 35 38 36 35 36 0 0 0 12 29 27 13 0 -1 -107 -101 -101 -77 -1 -1 -1 -1 -1 -1 -1 -4 -31 -34 -74 -82 -92 -88 -88 -84 -82 -87 -84 -82 -83 -86 -93 -94 -94 -93 -93 -92 -93 -93 -92 -92 -92 -93 -92 -92 -91 -87 -88 -88 -100 -100 -101 -96 -86 -82 -86 -101 -101 -100 -102 -102 -102 -98 -94 -98 -110 -107 -105 -101 -98 -100 -100 -98 -98 -98 -101 -100 -97 -100 -98 -98 -98 -98 -101 -100 -101 -97 -97 -98 -97 -98 -121 -97 -97 -96 -94 -96 -97 -97 -97 -98 -93 -96 -97 -96 -96 -94 -96 -96 -92 -97 -96 -96 -97 -97 -97 -97 -96 -94 -96 -97 -96 -94 -94 -97 -97 -96 -93 -98 -96 -96 -93 -88 -97 -84 -82 -84 -89 -89 -93 -82 -93 -87 -89 -91 -83 -83 -91 -94 -89 -83 -83 -83 -89 -84 -87 -87
65 65 54 62 78 83 77 83 83 70 58 70 85 85 85 87 93 93 88 85 84 91 93 90 94 91 91 91 96 96 93 94 96 94 93 94 96 89 89 89 95 95 89 94 90 94 90 96 105 105 101 101 101 102 104 102 99 106 101 83 74 67 44 0 0 0 0 66 87 88 25 14 90 106 111 110 112 112 114 113 116 116 112 112 113 112 114 114 105 111 111 111 108 107 99 87 74 0 58 85 102 105 106 106 112 113 101 97 91 83 88 91 82 78 81 70 70 77 85 82 79 81 85 84 81 82 82 81 73 73 71 74 74 77 81 81 78 81 79 83 81 81 78 87 89 89 91 94 88 87 95 102 105 101 101 91 89 91 91 96 101 96 88 95 88 97 84 84 85 89 89 91 91 93 79 72 66 65 61 58 58 49 73 56 48 58 48 52 14 35 33 25 19 19 16 0 0 8 6 -128 -128 0 0 0 0 0 0 0 -128 -128 0 0 0 6 41 43 47 54 54 55 52 52 58 59 41 48 56 58 54 55 55 55 54 54 53 56 61 65 74 78 78 78 55 47 47 66 70 84 87 85 97 101 94 94 101 101 107 107 108 113 107 100 112 122 97 77 105 106 96 96 107 101 87 64 0 0 77 94 114 118 107 119 119 120 118 113 110 105 108 104 100 77 70 82 74 74 102 99 105 102 90 78 65 62 62 61 60 61 61 67 71 65 73 62 38 41 49 50 55 53 43 43 37 30 30 21 37 39 37 27 24 27 31 31 29 27 32 36 33 32 35 31 32 30 33 35 35 38 37 37 35 35 26 0 0 0 20 0 0 0 0 -103 0 -101 -128 -1 -1 -1 -1 -1 -3 -26 -26 -34 -54 -83 -91 -91 -86 -83 -83 -87 -86 -79 -83 -83 -84 -93 -93 -93 -93 -93 -93 -93 -93 -92 -91 -91 -92 -92 -92 -91 -88 -89 -97 -101 -103 -92 -82 -81 -81 -96 -101 -102 -102 -102 -101 -105 -105 -111 -110 -103 -103 -103 -100 -100 -100 -100 -98 -100 -102 -100 -97 -96 -98 -98 -98 -97 -97 -100 -100 -97 -97 -97 -98 -100 -115 -110 -97 -97 -97 -96 -97 -98 -96 -94 -96 -97 -97 -96 -96 -96 -97 -96 -92 -94 -94 -96 -103 -97 -96 -97 -97 -94 -94 -96 -96 -96 -96 -96 -96 -96 -96 -97 -96 -97 -96 -96 -94 -92 -92 -83 -82 -86 -93 -93 -92 -88 -94 -86 -86 -83 -89 -88 -84 -84 -83 -84 -84 -83 -83 -89
49 55 76 78 79 87 87 85 60 58 68 72 89 89 94 94 91 74 90 90 90 90 93 91 94 91 95 95 93 91 93 93 93 83 88 91 89 88 91 91 88 90 88 88 91 91 97 101 102 101 99 104 104 102 104 105 105 99 99 100 97 94 97 97 60 64 0 0 0 0 0 89 104 110 113 112 113 113 112 108 106 107 113 113 113 114 118 111 108 105 104 110 110 100 93 78 78 0 0 79 100 106 107 112 114 108 96 85 93 93 89 76 82 81 67 72 81 82 77 79 81 83 83 73 79 84 84 81 76 77 78 81 79 84 84 83 84 85 87 82 77 79 83 85 91 93 97 97 97 97 101 105 94 102 105 97 94 99 106 106 106 105 91 90 97 85 77 78 73 83 88 88 82 82 70 59 61 59 52 54 52 55 55 53 52 48 48 35 0 27 30 35 35 21 0 -128 -128 -128 -128 -128 0 19 27 26 18 0 0 0 0 -124 -88 -88 -111 0 16 36 50 59 56 52 58 56 60 53 53 56 60 56 60 59 54 53 61 65 68 65 67 67 72 66 74 81 62 52 74 62 68 83 84 104 104 114 112 97 106 111 118 120 117 113 118 116 116 96 85 85 101 93 96 97 77 0 0 0 87 87 90 106 118 94 113 120 118 112 114 104 104 99 99 104 72 67 74 76 106 118 96 81 73 74 67 67 64 68 67 60 56 65 66 61 62 74 47 43 43 36 47 53 49 44 36 24 25 30 32 38 38 36 27 21 27 30 29 29 30 37 37 30 38 38 33 33 37 38 39 36 36 35 36 36 36 33 33 27 0 0 0 0 0 0 12 0 -126 -3 -1 -1 -1 -1 -1 -1 -9 -32 -44 -75 -82 -92 -89 -84 -84 -84 -87 -87 -83 -83 -84 -93 -93 -93 -93 -92 -92 -93 -93 -93 -93 -91 -92 -93 -91 -92 -89 -89 -97 -97 -98 -101 -105 -82 -83 -87 -101 -101 -101 -103 -102 -107 -107 -103 -107 -111 -107 -101 -102 -98 -101 -98 -97 -98 -100 -100 -101 -100 -98 -97 -98 -97 -96 -97 -98 -97 -97 -97 -97 -98 -98 -100 -100 -117 -97 -94 -96 -97 -98 -96 -96 -96 -97 -97 -97 -96 -97 -96 -93 -93 -94 -94 -102 -102 -101 -98 -96 -94 -96 -94 -97 -97 -96 -97 -98 -96 -96 -94 -96 -96 -96 -89 -98 -100 -96 -84 -86 -83 -86 -86 -96 -87 -89 -87 -91 -84 -82 -86 -89 -83 -84 -84 -84 -87 -87 -83 -86 -92
49 49 55 76 78 79 87 85 60 58 68 72 89 89 89 94 94 91 74 90 90 90 93 91 94 91 91 95 95 93 91 93 93 83 88 91 89 88 91 91 91 88 90 88 88 91 97 101 102 101 99 104 104 104 102 104 105 105 99 100 97 94 97 97 60 60 64 0 0 0 0 89 104 110 113 112 113 113 113 112 108 106 107 113 113 114 118 111 108 105 105 104 110 110 100 93 78 0 0 79 100 106 107 107 112 114 108 96 85 93 89 76 82 81 67 72 72 81 82 77 79 81 83 73 79 84 84 81 76 76 77 78 81 79 84 83 84 85 87 82 77 77 79 83 85 91 93 97 97 97 101 105 94 102 102 105 97 94 99 106 106 105 91 90 97 85 77 77 78 73 83 88 88 82 70 59 61 59 52 54 54 52 55 55 53 52 48 35 0 27 30 35 35 35 21 0 -128 -128 -128 -128 0 19 27 26 18 18 0 0 0 0 -124 -88 -111 0 16 36 50 59 59 56 52 58 56 60 53 56 60 56 60 59 54 54 53 61 65 68 65 67 72 66 74 81 62 52 52 74 62 68 83 84 104 114 112 97 106 111 118 118 120 117 113 118 116 96 85 85 101 93 96 96 97 77 0 0 0 87 90 106 118 94 113 120 120 118 112 114 104 104 99 104 72 67 74 76 106 106 118 96 81 73 74 67 64 68 67 60 56 65 65 66 61 62 74 47 43 36 47 53 49 44 36 36 24 25 30 32 38 36 27 21 27 30 29 29 29 30 37 37 30 38 33 33 37 38 39 36 36 36 35 36 36 36 33 27 0 0 0 0 0 0 0 12 0 -126 -3 -1 -1 -1 -1 -1 -9 -32 -32 -44 -75 -82 -92 -89 -84 -84 -87 -87 -83 -83 -84 -84 -93 -93 -93 -93 -92 -93 -93 -93 -93 -91 -92 -92 -93 -91 -92 -89 -89 -97 -98 -101 -105 -82 -83 -87 -87 -101 -101 -101 -103 -102 -107 -103 -107 -111 -107 -101 -102 -102 -98 -101 -98 -97 -98 -100 -101 -100 -98 -97 -98 -97 -97 -96 -97 -98 -97 -97 -97 -98 -98 -100 -100 -117 -97 -97 -94 -96 -97 -98 -96 -96 -97 -97 -97 -96 -97 -97 -96 -93 -93 -94 -94 -102 -101 -98 -96 -94 -96 -94 -94 -97 -97 -96 -97 -98 -96 -94 -96 -96 -96 -89 -98 -98 -100 -96 -84 -86 -83 -86 -96 -87 -89 -87 -91 -84 -84 -82 -86 -89 -83 -84 -84 -87 -87 -83 -86 -92
41 78 82 78 82 83 83 67 60 64 67 87 83 88 73 79 68 90 91 91 87 93 94 94 95 93 93 90 85 89 84 79 79 85 89 87 88 89 93 93 94 96 93 94 96 96 99 99 99 96 97 99 100 104 104 104 106 107 107 107 107 107 106 104 67 99 89 79 79 87 87 101 111 113 113 111 110 110 112 110 113 114 117 117 114 116 116 110 106 104 104 104 105 101 96 83 83 55 0 73 95 104 108 114 116 102 95 90 85 85 85 85 82 77 74 79 79 70 79 83 77 74 74 73 79 81 83 81 79 82 82 84 83 83 83 84 85 87 89 82 82 84 88 89 90 94 96 96 99 102 105 105 102 107 110 99 100 102 105 104 104 96 85 94 96 96 89 78 73 70 76 79 68 68 62 60 58 62 67 59 44 50 54 47 41 29 29 29 6 32 32 36 35 18 3 0 -128 -128 -128 -128 2 29 39 41 32 22 20 21 14 0 -128 -128 -73 -77 0 0 41 48 49 54 54 54 58 52 52 53 56 56 60 61 60 62 65 66 71 68 64 64 62 67 74 81 55 58 74 68 70 83 91 105 105 119 96 108 111 113 117 118 114 110 82 81 81 82 93 84 95 99 83 90 56 0 65 73 94 94 100 116 94 119 119 117 116 117 107 94 70 71 71 83 67 77 87 89 101 96 70 77 72 73 76 76 70 72 68 58 64 65 62 54 60 58 60 47 47 32 48 43 39 36 29 22 36 37 33 35 35 33 22 26 32 33 29 32 33 37 33 35 36 36 31 35 37 38 37 37 35 36 36 36 37 35 35 33 30 21 18 0 13 0 0 0 -46 -1 -1 -1 -1 -1 -1 -4 -28 -42 -55 -75 -91 -92 -87 -83 -83 -84 -86 -87 -84 -87 -94 -91 -93 -93 -94 -93 -93 -93 -94 -93 -92 -92 -93 -91 -91 -92 -91 -88 -98 -98 -100 -102 -97 -83 -83 -97 -102 -100 -105 -102 -108 -105 -105 -103 -107 -107 -102 -100 -100 -98 -100 -97 -97 -98 -98 -98 -100 -100 -98 -97 -97 -97 -97 -98 -97 -97 -97 -100 -100 -97 -97 -98 -97 -122 -97 -96 -96 -96 -97 -96 -96 -97 -97 -97 -98 -97 -94 -93 -94 -96 -96 -96 -100 -100 -101 -98 -97 -98 -96 -94 -96 -97 -96 -97 -97 -94 -94 -94 -96 -96 -97 -102 -93 -92 -98 -86 -87 -83 -86 -86 -86 -87 -89 -92 -92 -82 -83 -96 -87 -83 -86 -87 -87 -88 -84 -89 -92 -88
41 41 81 84 82 84 85 67 60 64 67 87 83 83 89 74 81 67 90 91 87 93 93 94 94 93 93 93 90 87 91 87 79 84 87 85 87 89 93 93 93 93 95 93 94 94 96 101 101 95 99 101 101 100 104 105 104 106 110 108 107 108 106 104 70 70 105 105 101 101 105 108 114 113 113 113 112 112 110 112 110 113 117 119 114 116 116 110 105 104 104 104 104 102 99 96 88 72 0 50 84 100 110 110 114 116 102 95 90 85 85 87 81 77 74 79 79 79 70 78 84 76 74 72 78 79 81 81 79 79 82 82 83 83 83 84 85 87 87 82 82 82 85 88 89 90 94 96 97 102 105 106 104 108 108 110 99 100 102 105 104 96 85 97 96 96 89 89 74 72 68 74 78 67 62 60 58 60 68 59 59 44 50 54 45 39 29 26 6 32 33 36 35 35 22 20 12 0 -128 -128 -128 24 39 39 35 35 32 33 35 31 25 0 -119 -73 0 20 38 48 48 49 55 53 54 58 50 52 55 54 59 61 61 61 64 66 67 71 68 64 62 66 74 81 55 58 58 77 71 71 83 91 105 119 96 108 111 113 117 117 118 114 110 82 81 82 93 83 94 90 61 61 0 0 67 78 84 97 101 116 94 119 120 118 118 118 119 107 94 70 71 84 67 77 84 88 101 101 96 68 76 71 73 74 70 72 68 60 65 65 65 61 54 60 58 60 47 32 48 44 38 35 30 30 22 37 38 33 35 35 22 26 32 33 29 29 32 35 37 35 35 36 33 37 35 36 35 35 35 35 36 36 35 37 36 35 36 31 22 0 -101 -101 -128 -102 -103 -1 -1 -1 -1 -1 -1 -4 -27 -41 -41 -53 -74 -93 -92 -87 -83 -84 -86 -87 -86 -86 -93 -93 -91 -93 -93 -93 -93 -92 -94 -93 -92 -92 -93 -93 -91 -92 -92 -91 -86 -98 -100 -102 -97 -83 -83 -97 -97 -102 -100 -103 -103 -108 -105 -105 -107 -107 -102 -100 -100 -100 -98 -100 -97 -97 -98 -97 -100 -98 -96 -96 -97 -97 -97 -97 -98 -97 -97 -97 -98 -98 -97 -97 -98 -114 -107 -107 -97 -96 -96 -96 -96 -97 -97 -97 -100 -98 -96 -96 -93 -94 -94 -94 -96 -100 -101 -98 -96 -96 -96 -94 -94 -96 -97 -96 -96 -97 -94 -94 -96 -97 -98 -103 -94 -94 -91 -97 -86 -84 -84 -87 -86 -87 -89 -92 -91 -82 -82 -84 -97 -87 -83 -84 -86 -88 -84 -88 -92 -88
76 83 62 60 66 64 64 61 66 65 79 79 68 56 64 78 89 88 93 93 93 93 90 89 87 89 90 88 87 82 79 79 79 82 83 84 87 88 89 89 93 95 95 96 97 97 99 102 97 95 97 101 102 101 99 97 106 100 100 95 95 96 102 107 76 111 108 107 111 112 112 113 107 105 102 105 107 106 113 113 113 117 118 118 113 116 111 107 107 101 104 107 101 96 97 91 91 84 55 0 73 95 106 112 110 102 91 79 82 82 85 87 84 74 73 82 70 71 81 82 77 73 73 73 77 77 79 77 74 78 81 81 81 79 79 84 85 88 89 88 87 87 89 94 96 99 105 105 104 104 110 110 112 113 99 95 100 105 102 104 104 100 99 101 96 96 82 76 70 62 73 68 64 64 77 65 64 58 50 49 48 52 48 47 41 31 31 35 9 26 33 35 30 32 32 26 16 0 0 -128 -128 15 38 41 36 41 42 47 41 38 31 31 0 -107 0 14 38 54 50 53 49 53 49 44 44 50 52 55 61 65 65 66 65 72 74 74 73 73 76 77 77 74 53 64 82 87 90 87 87 104 104 112 96 106 105 113 119 118 100 113 59 87 87 96 90 104 91 56 0 0 82 68 71 95 100 100 105 108 114 117 104 102 100 82 81 96 83 71 71 70 62 79 81 97 96 76 77 73 67 72 76 76 71 70 64 66 68 65 61 62 59 58 58 53 53 35 38 43 42 41 31 37 38 38 30 33 33 26 26 31 35 36 36 38 36 33 33 35 35 35 33 35 35 33 32 35 36 35 33 35 33 33 33 31 30 27 0 0 -128 -112 -114 -102 -1 -1 -1 -1 -1 -1 -1 -13 -30 -45 -75 -91 -92 -89 -87 -82 -82 -84 -86 -87 -86 -94 -92 -92 -92 -92 -93 -92 -92 -92 -94 -93 -92 -92 -92 -91 -89 -89 -97 -97 -100 -100 -98 -101 -94 -81 -88 -105 -103 -103 -102 -110 -107 -106 -106 -106 -106 -103 -100 -98 -98 -100 -100 -96 -96 -101 -103 -103 -100 -97 -97 -97 -97 -97 -98 -98 -96 -98 -98 -98 -98 -98 -97 -98 -98 -98 -122 -96 -97 -96 -97 -97 -97 -96 -97 -101 -100 -96 -93 -96 -97 -96 -96 -94 -98 -98 -101 -97 -96 -96 -96 -94 -96 -97 -97 -98 -97 -94 -94 -93 -94 -96 -94 -93 -93 -108 -100 -97 -84 -86 -84 -84 -86 -86 -92 -94 -86 -83 -92 -98 -86 -84 -86 -86 -86 -87 -84 -93 -87 -87
54 54 32 37 43 54 68 72 68 67 71 65 70 70 70 84 91 88 91 91 89 88 84 84 88 91 91 90 84 81 79 82 83 85 85 88 88 88 90 90 90 93 94 95 97 99 96 93 100 101 97 100 100 99 100 100 100 100 99 95 97 108 110 106 72 72 101 100 104 101 101 101 101 102 104 106 101 101 106 104 102 108 113 114 111 111 111 107 104 101 101 108 105 99 102 96 93 91 81 0 29 94 106 106 106 100 96 91 90 82 83 79 73 72 78 73 73 65 72 76 76 73 73 74 73 76 77 74 72 72 76 78 81 79 81 87 89 91 96 99 91 91 91 94 101 100 101 106 108 110 108 118 118 106 106 97 106 107 107 106 110 100 102 107 84 87 85 85 79 74 78 81 73 76 53 54 65 58 50 58 58 52 38 41 36 29 35 38 12 27 33 35 33 33 31 33 30 26 12 -128 -128 13 38 43 45 45 43 47 47 41 43 27 12 0 0 0 43 52 52 52 52 52 52 47 48 53 58 61 61 70 74 74 72 64 70 71 65 73 81 77 68 65 56 78 78 84 91 102 105 104 118 106 106 106 106 119 113 113 123 123 110 64 79 89 89 81 41 0 0 0 67 93 67 89 101 107 116 122 119 111 112 102 102 66 105 111 110 94 77 81 74 72 66 97 88 88 84 84 72 78 83 73 64 70 70 72 68 62 62 67 61 53 54 59 43 45 14 53 52 47 37 37 43 33 27 29 29 25 33 31 32 37 37 37 36 32 33 33 35 35 33 31 33 32 33 35 35 33 33 29 27 27 27 0 0 0 0 -87 -7 -7 -1 -77 -75 -1 -1 -1 -1 -1 -4 -26 -40 -56 -56 -83 -92 -88 -88 -82 -83 -84 -87 -87 -84 -94 -93 -93 -93 -92 -94 -93 -94 -92 -94 -92 -92 -91 -91 -91 -89 -89 -89 -98 -100 -101 -98 -103 -96 -83 -101 -105 -105 -103 -102 -108 -108 -107 -103 -102 -102 -101 -98 -97 -97 -97 -100 -97 -96 -98 -101 -102 -96 -97 -98 -97 -97 -98 -98 -98 -100 -97 -98 -97 -97 -97 -97 -97 -94 -97 -121 -121 -105 -97 -94 -96 -97 -96 -96 -98 -96 -94 -94 -94 -96 -96 -96 -94 -96 -100 -98 -94 -96 -96 -97 -96 -96 -98 -98 -97 -96 -94 -96 -96 -93 -96 -84 -92 -97 -97 -106 -100 -97 -91 -86 -84 -86 -86 -94 -94 -87 -84 -84 -86 -88 -87 -86 -86 -86 -84 -87 -84 -84 -91
54 32 37 43 54 68 68 72 68 67 71 65 70 70 84 91 88 91 91 91 89 88 84 84 88 91 90 84 81 79 82 83 83 85 85 88 88 88 90 90 93 94 95 97 99 99 96 93 100 101 97 100 99 100 100 100 100 99 99 95 97 108 110 106 72 101 100 104 101 101 101 101 101 102 104 106 101 106 104 102 108 113 114 114 111 111 111 107 104 101 108 105 99 102 96 93 93 91 81 0 29 94 106 106 100 96 91 90 82 82 83 79 73 72 78 73 65 72 76 76 73 73 73 74 73 76 77 74 72 76 78 81 79 81 81 87 89 91 96 99 91 91 94 101 100 101 106 106 108 110 108 118 118 106 97 106 107 107 106 110 110 100 102 107 84 87 85 79 74 78 81 73 76 76 53 54 65 58 50 58 52 38 41 36 29 35 35 38 12 27 33 35 33 31 33 30 26 12 12 -128 -128 13 38 43 45 43 47 47 41 43 27 27 12 0 0 0 43 52 52 52 52 52 47 48 48 53 58 61 61 70 74 72 64 70 71 65 73 73 81 77 68 65 56 78 84 91 102 105 104 118 118 106 106 106 106 119 113 123 123 110 64 79 79 89 89 81 41 0 0 67 93 67 89 101 107 107 116 122 119 111 112 102 66 105 111 110 94 77 77 81 74 72 66 97 88 84 84 72 78 83 73 73 64 70 70 72 68 62 67 61 53 54 59 43 43 45 14 53 52 47 37 43 33 27 29 29 29 25 33 31 32 37 37 36 32 33 33 35 35 35 33 31 33 32 33 35 33 33 29 27 27 27 27 0 0 0 0 -87 -7 -1 -77 -75 -1 -1 -1 -1 -1 -1 -4 -26 -40 -56 -83 -92 -88 -88 -82 -83 -83 -84 -87 -87 -84 -94 -93 -93 -92 -94 -93 -94 -94 -92 -94 -92 -92 -91 -91 -89 -89 -89 -98 -100 -101 -101 -98 -103 -96 -83 -101 -105 -103 -102 -108 -108 -107 -103 -103 -102 -102 -101 -98 -97 -97 -100 -97 -96 -98 -101 -102 -102 -96 -97 -98 -97 -97 -98 -98 -100 -97 -98 -97 -97 -97 -97 -97 -97 -94 -97 -121 -105 -97 -94 -96 -97 -97 -96 -96 -98 -96 -94 -94 -96 -96 -96 -94 -96 -100 -100 -98 -94 -96 -96 -97 -96 -98 -98 -97 -96 -94 -96 -96 -96 -93 -96 -84 -92 -97 -106 -100 -97 -91 -86 -84 -84 -86 -86 -94 -94 -87 -84 -86 -88 -87 -86 -86 -86 -86 -84 -87 -84 -84 -91
29 29 36 43 54 64 54 55 58 76 71 72 78 78 88 91 89 85 90 84 83 85 82 77 87 84 84 74 74 78 81 82 83 85 84 88 87 89 90 90 91 94 96 96 97 99 96 100 105 102 101 101 101 95 99 100 100 101 95 95 108 110 100 102 67 67 95 96 97 97 101 105 106 105 111 110 108 108 114 107 110 108 112 107 107 108 107 105 100 96 96 99 97 97 96 95 97 95 77 25 0 90 104 104 100 96 88 81 85 85 81 78 76 71 70 66 66 62 70 71 76 74 73 70 71 74 76 77 73 73 73 78 79 82 85 85 89 91 99 101 99 99 97 102 99 101 101 99 104 110 113 117 114 101 101 99 104 101 93 90 83 85 106 100 87 91 85 85 81 83 84 72 72 67 58 59 60 65 59 54 54 43 41 47 33 26 33 41 8 21 31 35 32 32 32 33 29 24 13 -75 -128 0 39 43 45 45 49 48 47 47 43 35 14 0 0 0 43 54 54 52 44 43 47 50 53 55 58 62 66 72 65 65 53 49 50 52 48 55 70 61 60 53 73 76 76 81 81 90 112 120 119 108 113 102 102 99 114 114 117 117 70 68 78 89 81 56 0 0 64 64 81 71 91 99 101 117 107 123 118 97 119 85 85 116 105 104 83 61 72 88 78 90 96 101 82 82 90 73 65 78 83 65 61 67 66 61 59 58 58 56 49 45 53 50 36 39 13 55 54 45 42 42 33 29 31 31 31 33 33 24 31 37 37 37 35 35 33 35 37 35 29 26 31 37 37 35 35 33 32 30 0 0 18 0 -121 -97 -1 -1 -1 -1 -1 -1 -1 -1 -1 -1 -1 -2 -13 -28 -45 -65 -65 -83 -91 -89 -84 -81 -83 -84 -84 -88 -96 -96 -94 -94 -94 -94 -94 -93 -92 -93 -93 -92 -91 -89 -89 -89 -89 -88 -97 -97 -102 -100 -101 -105 -87 -82 -98 -103 -103 -102 -110 -106 -105 -103 -102 -98 -98 -98 -98 -101 -101 -101 -100 -100 -101 -101 -100 -98 -96 -97 -97 -97 -97 -97 -97 -97 -98 -97 -98 -97 -97 -97 -97 -97 -97 -98 -101 -101 -124 -93 -94 -97 -97 -97 -97 -98 -97 -96 -96 -96 -96 -96 -96 -93 -96 -97 -96 -97 -98 -101 -97 -96 -96 -96 -96 -97 -94 -94 -100 -92 -94 -98 -98 -97 -106 -106 -96 -92 -94 -83 -84 -86 -86 -87 -97 -91 -84 -86 -86 -89 -94 -92 -91 -89 -84 -84 -94 -86 -98 -93
29 36 43 54 64 54 54 55 58 73 68 72 78 88 91 90 88 91 85 85 84 87 83 78 88 85 76 74 78 81 82 83 83 84 84 88 88 90 90 91 91 94 96 97 101 101 97 100 106 104 101 101 95 99 100 100 101 95 95 96 108 110 102 105 67 95 94 95 97 101 101 104 105 105 110 110 108 113 107 110 108 110 105 105 106 108 107 105 100 96 96 95 97 96 95 100 100 95 77 59 0 90 104 100 96 87 79 84 85 85 81 78 74 72 70 66 62 70 71 76 76 74 74 68 71 74 76 78 74 72 77 79 82 85 85 84 89 93 97 101 101 100 102 99 101 100 99 99 104 110 113 117 114 102 100 104 101 93 90 82 82 84 107 101 87 91 85 79 84 85 72 71 67 67 58 59 60 64 59 54 43 37 47 33 25 33 33 41 16 13 32 35 33 32 33 24 8 0 0 -128 0 22 42 45 47 48 48 50 47 44 38 38 32 0 0 12 43 54 52 44 43 47 50 52 52 55 58 62 66 72 64 49 47 48 49 45 52 52 67 59 58 53 74 76 81 81 90 112 120 119 119 108 113 102 102 100 114 117 117 70 66 78 78 85 68 0 0 66 77 90 76 95 100 101 119 119 110 125 118 97 118 84 114 105 104 84 62 72 72 85 76 91 97 104 84 90 73 64 78 83 65 65 60 65 66 61 58 56 56 50 47 53 50 32 32 37 15 53 54 45 42 33 29 31 31 31 31 31 35 22 31 35 35 33 33 33 35 36 35 35 30 29 30 36 37 36 33 32 31 0 0 13 13 -72 -1 -1 -1 -1 -1 -1 -1 -1 -1 -1 -1 -1 -1 -1 -12 -28 -45 -67 -83 -91 -89 -84 -81 -83 -83 -83 -83 -87 -96 -96 -94 -93 -93 -94 -93 -91 -91 -92 -93 -92 -91 -88 -89 -89 -89 -97 -97 -102 -98 -98 -100 -106 -86 -81 -97 -102 -102 -110 -106 -105 -103 -103 -103 -98 -98 -98 -98 -101 -101 -100 -100 -101 -101 -101 -97 -97 -96 -97 -97 -97 -97 -96 -97 -98 -97 -97 -97 -97 -97 -97 -97 -97 -97 -98 -96 -124 -94 -94 -97 -97 -97 -96 -97 -97 -97 -96 -96 -96 -96 -96 -94 -94 -96 -96 -96 -97 -98 -101 -97 -96 -96 -96 -96 -94 -93 -98 -98 -93 -94 -97 -97 -98 -106 -96 -91 -93 -82 -84 -84 -84 -86 -87 -97 -91 -84 -86 -91 -97 -92 -88 -91 -84 -84 -84 -92 -86 -97 -93
33 33 43 52 55 50 48 64 87 88 77 81 83 83 89 89 87 87 90 84 81 82 79 72 76 70 70 70 77 78 77 77 82 82 83 88 90 91 93 93 91 90 89 93 96 100 101 100 100 97 99 96 96 99 99 95 100 99 90 101 108 96 99 99 64 64 89 96 100 102 104 113 108 107 108 106 108 108 119 116 107 101 104 99 99 101 100 101 97 95 95 94 93 95 95 94 94 93 79 56 0 77 85 85 91 95 79 77 84 76 78 78 71 70 67 71 71 66 64 68 71 79 70 68 70 73 77 76 72 72 77 79 83 85 89 88 89 95 100 100 99 99 104 104 99 93 100 101 108 108 99 110 99 83 83 91 83 76 83 78 83 82 89 93 89 87 77 77 70 78 72 73 77 72 62 54 52 62 58 50 50 41 39 26 27 31 36 33 19 12 32 35 32 32 27 20 7 0 -128 0 7 32 39 43 48 48 47 47 50 49 45 39 26 0 0 9 38 48 48 43 43 44 50 55 55 58 60 67 71 41 37 37 37 43 50 44 48 50 64 48 61 66 81 84 84 88 91 107 119 118 119 114 106 101 99 102 111 111 97 62 53 65 78 72 45 0 66 83 81 81 82 89 111 114 124 112 117 102 78 104 107 118 118 112 114 96 60 65 85 102 99 96 112 73 66 66 81 67 62 73 67 58 68 64 62 53 52 56 56 50 52 44 45 36 30 27 24 35 48 41 35 35 37 35 30 29 25 29 26 27 33 33 33 33 35 36 35 33 35 32 31 31 30 37 37 33 33 33 33 27 0 0 -74 -41 -1 -1 -1 -1 -1 -1 -1 -1 -1 -1 -1 -1 -1 -6 -27 -37 -44 -67 -67 -83 -91 -87 -82 -81 -83 -82 -84 -87 -97 -94 -96 -96 -94 -93 -94 -94 -92 -92 -93 -91 -91 -91 -88 -88 -88 -89 -98 -97 -100 -97 -102 -102 -78 -83 -101 -102 -102 -111 -107 -105 -103 -105 -102 -98 -98 -100 -100 -103 -102 -102 -101 -101 -101 -98 -98 -98 -97 -97 -97 -97 -97 -97 -97 -98 -100 -97 -97 -97 -97 -97 -97 -96 -96 -96 -98 -98 -106 -111 -96 -97 -97 -96 -96 -97 -97 -96 -96 -96 -96 -96 -96 -94 -96 -96 -96 -98 -100 -97 -94 -96 -96 -94 -94 -100 -96 -100 -97 -94 -101 -102 -96 -105 -97 -97 -91 -81 -89 -96 -101 -83 -87 -93 -89 -83 -86 -87 -87 -92 -97 -89 -89 -87 -84 -86 -87 -92 -92 -86
39 56 72 73 76 83 83 87 87 83 90 90 87 88 89 87 87 78 62 62 71 78 62 62 68 65 68 72 72 76 78 79 79 78 83 84 84 84 87 87 87 91 97 101 102 102 101 96 95 97 99 100 99 100 105 100 94 101 101 105 94 94 97 96 62 96 100 101 104 114 114 117 107 101 96 97 106 110 105 100 104 105 100 100 93 100 105 97 97 96 95 95 91 91 96 99 99 94 81 68 0 0 0 87 101 81 74 81 76 76 76 71 66 66 72 72 70 71 61 71 81 74 74 71 70 72 74 70 70 81 89 87 90 90 90 93 99 99 102 102 104 107 95 90 102 95 99 99 102 89 83 96 79 84 97 83 84 83 87 84 84 71 85 89 78 79 70 65 73 64 72 60 64 64 56 49 45 49 37 43 33 26 27 29 31 33 33 29 26 8 33 33 35 20 -128 -128 -128 -128 -128 0 18 33 41 44 44 43 43 52 47 41 30 30 20 0 -128 3 35 38 49 60 55 49 54 56 56 54 59 67 49 32 44 52 55 49 52 55 55 55 56 55 64 76 84 87 89 104 111 119 117 113 113 112 117 117 114 91 68 36 36 65 76 67 67 43 0 0 71 87 95 89 97 114 118 107 95 95 116 102 70 78 117 120 112 96 74 91 78 93 93 91 71 100 108 59 73 76 67 66 72 68 66 66 58 64 67 62 56 56 50 50 44 35 29 26 26 24 33 7 43 30 27 35 25 30 27 26 26 27 31 30 31 33 33 33 33 33 32 32 30 30 32 32 33 38 35 35 37 33 25 15 -128 -39 -39 -1 -1 -1 -1 -1 -1 -1 -1 -1 -1 -1 -1 -1 -2 -14 -40 -40 -58 -67 -74 -92 -86 -81 -83 -84 -84 -82 -84 -87 -96 -93 -94 -94 -93 -94 -94 -94 -94 -94 -93 -93 -92 -89 -87 -88 -96 -97 -100 -98 -98 -98 -102 -111 -92 -89 -101 -101 -108 -106 -105 -106 -105 -100 -100 -97 -102 -101 -101 -101 -101 -101 -98 -98 -101 -98 -97 -97 -97 -97 -97 -97 -97 -98 -100 -98 -97 -97 -97 -97 -97 -97 -97 -97 -98 -98 -97 -97 -124 -96 -96 -96 -96 -96 -94 -97 -97 -97 -97 -97 -96 -96 -96 -97 -96 -96 -98 -100 -97 -94 -97 -97 -94 -97 -102 -97 -97 -94 -94 -96 -101 -96 -94 -94 -93 -91 -83 -100 -103 -92 -83 -83 -91 -96 -86 -84 -92 -94 -88 -86 -86 -87 -88 -86 -86 -88 -86 -89 -84 -82
39 39 56 72 73 76 83 87 87 83 90 90 87 87 88 89 87 87 78 62 71 78 62 62 68 65 65 68 72 72 76 78 79 78 83 84 84 84 87 87 87 87 91 97 101 102 101 96 95 97 99 100 100 99 100 105 100 94 101 105 94 94 97 96 62 62 96 100 101 104 114 117 107 101 96 97 106 106 110 105 100 104 105 100 93 100 105 97 97 96 96 95 95 91 91 96 99 94 81 68 0 0 0 0 87 101 81 74 81 76 76 71 66 66 72 72 72 70 71 61 71 81 74 71 70 72 74 70 70 70 81 89 87 90 90 93 99 99 102 102 104 104 107 95 90 102 95 99 102 89 83 96 79 84 84 97 83 84 83 87 84 71 85 89 78 79 70 70 65 73 64 72 60 64 56 49 45 49 37 43 43 33 26 27 29 31 33 29 26 8 33 33 35 35 20 -128 -128 -128 -128 0 18 33 41 44 44 44 43 43 52 47 41 30 20 0 -128 3 35 38 38 49 60 55 49 54 56 54 59 67 49 32 44 44 52 55 49 52 55 55 56 55 64 76 84 87 87 89 104 111 119 117 113 112 117 117 114 91 68 68 36 36 65 76 67 43 0 0 71 87 95 95 89 97 114 118 107 95 116 102 70 78 117 120 120 112 96 74 91 78 93 91 71 100 108 59 73 73 76 67 66 72 68 66 58 64 67 62 56 56 56 50 50 44 35 29 26 24 33 7 43 30 27 27 35 25 30 27 26 27 31 30 31 33 33 33 33 33 33 32 32 30 32 32 33 38 35 35 35 37 33 25 15 -128 -39 -1 -1 -1 -1 -1 -1 -1 -1 -1 -1 -1 -1 -1 -2 -14 -40 -40 -58 -67 -67 -74 -92 -86 -81 -83 -84 -82 -84 -87 -96 -93 -94 -94 -94 -93 -94 -94 -94 -94 -93 -93 -92 -89 -87 -87 -88 -96 -97 -100 -98 -98 -102 -111 -92 -89 -101 -101 -101 -108 -106 -105 -106 -105 -100 -97 -102 -101 -101 -101 -101 -101 -101 -98 -98 -101 -98 -97 -97 -97 -97 -97 -97 -98 -98 -100 -98 -97 -97 -97 -97 -97 -97 -97 -98 -98 -97 -97 -97 -124 -96 -96 -96 -96 -94 -97 -97 -97 -97 -97 -97 -96 -96 -96 -97 -96 -98 -100 -97 -94 -97 -97 -97 -94 -97 -102 -97 -97 -94 -96 -101 -96 -94 -94 -93 -93 -91 -83 -100 -103 -92 -83 -91 -96 -86 -84 -92 -94 -94 -88 -86 -86 -87 -88 -86 -88 -86 -89 -84 -82
36 39 53 71 72 73 73 77 67 66 71 74 88 89 79 72 76 65 58 58 54 59 54 60 67 65 68 71 71 74 76 73 73 76 78 78 84 89 97 100 99 99 101 100 99 99 97 95 96 96 99 100 102 104 100 105 91 97 97 97 102 101 106 100 68 107 112 110 112 122 122 112 111 108 114 112 114 107 106 100 99 99 95 95 95 102 101 100 94 93 93 93 89 91 87 90 90 90 89 77 66 -8 0 84 83 87 89 77 72 72 68 70 71 73 66 76 76 64 62 72 73 79 79 68 68 70 71 68 76 83 89 88 91 89 89 94 97 100 104 106 110 106 82 91 99 102 95 95 82 74 78 77 87 94 93 94 81 65 77 72 72 68 85 89 81 81 71 67 71 74 56 50 52 52 59 48 42 38 41 38 26 27 29 32 33 33 33 31 32 7 35 36 35 14 -128 -128 -128 1 1 14 27 33 35 37 38 41 41 49 48 36 30 30 20 0 -128 0 36 43 59 60 60 52 58 48 48 56 54 53 36 43 52 56 58 56 59 64 67 67 62 58 62 77 84 74 84 94 96 114 117 102 102 118 117 118 88 66 41 0 0 60 65 0 0 0 0 62 79 106 112 113 122 111 99 79 60 60 111 102 77 100 100 100 93 108 111 99 71 79 79 61 73 87 83 68 67 76 68 78 78 62 60 60 55 62 65 56 62 59 47 47 32 37 32 24 24 35 39 4 31 29 37 35 26 29 26 31 31 31 31 32 32 32 32 35 33 33 33 32 33 33 35 31 36 36 36 37 38 30 18 0 -110 -1 -1 -1 -1 -1 -1 -1 -1 -1 -1 -1 -1 -1 -1 -1 -8 -30 -41 -40 -55 -67 -74 -93 -84 -81 -83 -84 -84 -83 -84 -84 -94 -93 -94 -94 -93 -92 -93 -93 -93 -92 -92 -92 -91 -98 -96 -96 -97 -97 -100 -101 -100 -100 -102 -111 -100 -86 -98 -108 -107 -105 -103 -102 -103 -98 -98 -100 -102 -101 -98 -100 -101 -96 -97 -100 -100 -96 -96 -96 -97 -97 -97 -97 -98 -98 -98 -97 -97 -97 -97 -97 -97 -97 -97 -97 -97 -97 -97 -98 -116 -103 -97 -96 -96 -94 -97 -97 -97 -97 -97 -97 -96 -96 -97 -97 -97 -97 -100 -98 -98 -100 -100 -98 -98 -100 -98 -97 -97 -97 -97 -102 -98 -97 -97 -96 -98 -96 -105 -101 -97 -92 -84 -84 -97 -93 -84 -91 -97 -89 -83 -86 -86 -88 -83 -89 -89 -87 -88 -91 -86 -86
48 48 50 47 47 54 59 50 50 48 44 54 76 76 68 53 62 71 73 83 79 72 64 78 68 68 68 78 76 77 81 76 74 79 81 99 100 97 96 96 96 94 93 94 93 91 94 95 95 94 94 97 97 100 101 104 101 107 114 113 113 110 106 111 84 84 118 117 118 120 118 119 117 116 119 117 114 114 101 105 96 97 96 96 95 93 101 93 90 94 94 91 89 89 87 89 87 83 89 91 77 50 0 0 62 81 95 89 71 73 67 72 72 68 71 76 76 70 59 65 71 73 72 62 68 67 68 70 73 73 83 88 93 93 95 97 97 102 107 108 93 93 106 89 83 101 101 76 67 66 82 85 95 94 94 66 76 78 82 73 64 76 83 88 78 66 64 64 72 77 67 55 49 47 52 47 41 37 33 25 25 24 30 32 35 36 33 29 32 7 35 36 36 36 14 -128 -128 7 27 30 22 31 33 37 39 39 41 44 50 39 31 31 29 0 0 0 2 47 47 56 66 68 60 60 50 58 55 52 52 52 52 52 53 53 56 65 77 74 61 67 74 76 77 76 76 87 87 99 118 99 118 104 117 101 76 36 48 48 0 42 0 0 0 70 68 85 107 113 114 114 118 111 89 84 91 85 54 91 104 108 116 93 93 114 114 116 77 72 64 65 77 82 72 66 64 64 67 72 77 67 55 58 52 59 55 55 62 55 55 48 45 47 44 32 27 36 35 7 30 36 38 38 25 24 27 31 31 30 30 32 35 29 36 36 33 33 33 31 36 36 33 35 35 33 37 38 38 38 25 0 -84 -1 -1 -1 -1 -1 -1 -1 -1 -1 -1 -1 -1 -1 -1 -2 -28 -41 -37 -39 -54 -67 -67 -74 -92 -87 -79 -83 -83 -86 -86 -86 -93 -93 -93 -93 -93 -92 -92 -94 -92 -89 -89 -101 -97 -98 -92 -92 -94 -97 -98 -101 -101 -100 -100 -103 -101 -101 -106 -105 -105 -105 -103 -101 -102 -101 -100 -102 -101 -100 -98 -101 -100 -100 -96 -97 -101 -97 -94 -97 -97 -97 -97 -98 -98 -97 -97 -97 -96 -97 -97 -97 -98 -97 -97 -97 -97 -97 -97 -97 -97 -103 -117 -96 -97 -96 -97 -97 -96 -94 -94 -94 -97 -96 -98 -100 -97 -98 -98 -98 -96 -98 -97 -97 -97 -100 -97 -93 -94 -97 -97 -94 -93 -96 -96 -94 -96 -96 -98 -96 -96 -97 -83 -87 -96 -96 -83 -91 -89 -86 -86 -82 -88 -89 -86 -86 -93 -86 -88 -93 -86 -87
47 49 44 49 54 58 58 52 48 45 45 56 77 72 55 64 71 73 83 83 79 72 62 77 68 68 77 76 78 79 74 74 74 79 81 99 99 97 96 96 94 94 94 93 91 91 94 95 97 93 94 97 100 101 104 101 107 113 113 113 113 108 106 111 83 118 117 118 120 118 118 119 117 116 119 117 114 101 104 95 96 97 96 96 94 93 101 91 90 94 91 88 89 87 89 87 87 83 89 95 82 55 0 0 67 91 89 71 73 73 67 70 72 68 70 76 70 56 65 71 73 72 72 62 68 66 68 68 73 83 88 94 93 95 95 96 97 104 111 112 93 105 89 83 101 101 77 77 65 65 79 85 95 94 66 76 77 82 73 64 64 76 83 87 77 66 62 72 76 66 55 49 44 44 52 47 41 36 31 24 22 30 32 35 36 33 33 27 33 7 35 33 32 10 -128 -128 18 38 38 38 26 31 32 37 39 37 43 49 41 31 33 33 33 24 9 0 0 43 56 66 68 61 60 52 52 60 58 52 50 53 53 53 52 56 65 77 78 78 65 70 77 78 77 76 84 87 99 118 99 118 118 104 114 99 72 25 0 0 52 47 53 65 65 78 81 96 110 116 118 120 113 90 87 91 87 87 55 89 104 108 117 91 114 113 114 77 72 61 61 62 76 82 71 64 62 67 72 77 67 53 56 56 53 59 54 55 62 55 48 45 49 45 32 27 27 36 35 22 13 36 37 24 22 27 31 31 31 30 30 32 35 29 36 35 35 33 30 36 36 36 33 33 35 35 36 38 36 19 0 -1 -1 -1 -1 -1 -1 -1 -1 -1 -1 -1 -1 -1 -1 -1 -3 -3 -30 -41 -37 -39 -54 -67 -74 -92 -87 -79 -83 -83 -83 -86 -86 -86 -93 -93 -93 -93 -92 -92 -93 -92 -92 -89 -89 -100 -98 -98 -92 -94 -96 -98 -101 -102 -101 -101 -100 -103 -101 -101 -106 -105 -105 -103 -101 -102 -101 -100 -100 -102 -101 -100 -98 -100 -100 -96 -97 -101 -97 -94 -97 -97 -97 -97 -97 -98 -98 -96 -97 -97 -97 -97 -97 -98 -98 -97 -97 -97 -97 -97 -97 -98 -97 -124 -94 -97 -97 -96 -97 -97 -96 -96 -96 -96 -96 -100 -100 -96 -98 -98 -98 -98 -96 -98 -97 -97 -100 -97 -93 -94 -97 -96 -96 -94 -93 -96 -97 -94 -96 -97 -96 -96 -96 -83 -87 -87 -96 -96 -84 -92 -91 -87 -82 -88 -89 -87 -86 -93 -93 -86 -88 -93 -86 -87
47 47 47 53 60 60 45 41 52 60 58 49 50 50 54 79 83 83 87 82 71 73 87 90 81 91 91 89 88 91 88 84 93 94 96 96 94 91 89 89 88 88 88 88 90 91 93 94 95 93 95 96 96 99 100 96 94 112 110 107 111 112 113 116 79 79 114 113 106 102 107 119 107 111 107 106 102 102 108 101 100 91 95 93 90 99 102 89 88 85 85 83 90 93 90 91 85 81 88 88 79 53 38 38 -128 0 81 74 79 81 74 81 73 62 59 68 68 68 55 64 65 76 62 59 64 70 70 72 73 73 84 84 88 95 96 95 96 102 110 112 108 108 104 79 74 102 90 67 72 68 77 91 96 71 71 68 73 82 79 66 70 71 77 83 65 62 67 67 66 54 59 64 43 38 47 43 32 29 25 26 26 30 35 35 35 38 30 29 33 9 33 32 25 25 3 -128 -128 0 31 22 32 35 35 38 38 38 32 38 44 44 41 38 43 35 8 0 0 49 49 62 67 73 70 65 58 56 60 65 67 59 58 58 53 48 54 59 70 77 76 79 85 87 79 83 83 82 85 93 105 119 118 102 112 87 41 30 0 0 64 66 71 72 73 81 88 113 122 120 106 106 101 99 61 65 106 58 67 106 105 105 83 65 65 85 118 113 85 78 65 79 78 78 72 67 62 62 59 64 70 59 54 58 58 56 48 56 60 53 53 50 49 52 43 32 33 36 26 22 7 35 25 25 24 26 30 32 31 30 33 35 33 32 32 32 33 35 32 35 35 38 35 35 35 33 38 37 37 24 0 -2 -1 -1 -1 -1 -1 -1 -1 -1 -1 -1 -1 -1 -1 -1 -2 -13 -41 -39 -30 -31 -55 -67 -67 -74 -92 -83 -81 -84 -86 -84 -86 -93 -92 -93 -94 -94 -93 -91 -93 -93 -92 -88 -89 -98 -98 -96 -93 -93 -96 -96 -100 -100 -100 -101 -101 -108 -105 -103 -103 -101 -101 -103 -102 -101 -103 -101 -100 -100 -98 -98 -100 -100 -100 -100 -96 -98 -98 -97 -97 -97 -97 -97 -98 -98 -98 -97 -97 -97 -97 -97 -97 -97 -97 -97 -97 -96 -97 -98 -97 -97 -97 -97 -116 -103 -97 -96 -97 -97 -96 -97 -96 -96 -96 -97 -97 -97 -97 -94 -94 -98 -91 -100 -97 -94 -94 -97 -92 -87 -105 -97 -93 -92 -92 -92 -97 -98 -94 -94 -98 -94 -96 -94 -86 -87 -92 -96 -87 -89 -88 -86 -86 -84 -92 -89 -84 -87 -94 -86 -92 -91 -87 -83
47 47 53 60 60 45 45 41 52 60 58 49 50 54 79 83 83 87 82 82 71 73 87 90 81 91 89 88 91 88 84 93 93 94 96 96 94 91 89 88 88 88 88 90 91 91 93 94 95 93 95 96 99 100 96 94 112 110 110 107 111 112 113 116 79 114 113 106 102 107 107 119 107 111 107 106 102 108 101 100 91 95 93 93 90 99 102 89 88 85 83 90 93 90 91 85 85 81 88 88 79 53 38 -128 0 81 74 79 81 81 74 81 73 62 59 68 68 55 64 65 76 62 62 59 64 70 70 72 73 84 84 88 95 96 96 95 96 102 110 112 108 104 79 74 102 90 67 67 72 68 77 91 96 71 68 73 82 79 66 70 70 71 77 83 65 62 67 66 54 59 64 43 38 38 47 43 32 29 25 26 30 35 35 35 38 30 30 29 33 9 33 32 25 3 -128 -128 0 31 31 22 32 35 35 38 38 32 38 44 44 41 38 38 43 35 8 0 0 49 62 67 73 70 65 58 58 56 60 65 67 59 58 53 48 54 59 70 77 77 76 79 85 87 79 83 82 85 93 105 119 118 118 102 112 87 41 30 0 64 66 71 72 73 73 81 88 113 122 120 106 101 99 61 65 106 58 58 67 106 105 105 83 65 85 118 113 85 78 65 65 79 78 78 72 67 62 59 64 70 59 54 58 58 58 56 48 56 60 53 50 49 52 43 32 33 33 36 26 22 7 35 25 24 26 30 32 31 31 30 33 35 33 32 32 33 35 32 35 35 38 38 35 35 35 33 38 37 24 0 -2 -1 -1 -1 -1 -1 -1 -1 -1 -1 -1 -1 -1 -1 -1 -2 -13 -13 -41 -39 -30 -31 -55 -67 -74 -92 -83 -81 -84 -86 -86 -84 -86 -93 -92 -93 -94 -93 -91 -93 -93 -92 -92 -88 -89 -98 -98 -96 -93 -96 -96 -100 -100 -100 -101 -101 -101 -108 -105 -103 -103 -101 -103 -102 -101 -103 -101 -100 -100 -100 -98 -98 -100 -100 -100 -96 -98 -98 -97 -97 -97 -97 -97 -97 -98 -98 -98 -97 -97 -97 -97 -97 -97 -97 -97 -97 -97 -96 -97 -98 -97 -97 -97 -116 -103 -97 -97 -96 -97 -97 -96 -97 -96 -96 -97 -97 -97 -97 -94 -94 -94 -98 -91 -100 -97 -94 -97 -92 -87 -105 -97 -93 -93 -92 -92 -92 -97 -98 -94 -98 -94 -96 -94 -86 -87 -87 -92 -96 -87 -89 -88 -86 -84 -92 -89 -84 -87 -94 -94 -86 -92 -91 -87 -83
44 44 47 58 58 44 43 49 85 88 79 71 58 58 77 76 65 62 65 61 66 78 79 79 84 84 84 89 90 89 87 93 91 93 91 84 87 85 87 87 87 87 88 90 89 88 93 94 95 95 96 97 97 96 95 99 107 111 105 110 107 102 104 110 76 76 110 106 106 112 118 113 112 111 105 107 113 113 113 104 100 104 102 94 91 95 96 90 81 88 88 87 87 83 84 85 82 81 81 88 73 0 -126 -126 -128 42 70 68 77 68 73 71 59 65 66 70 70 61 54 61 62 73 58 60 62 68 70 76 73 73 73 79 88 83 96 99 96 102 113 111 99 99 89 74 84 91 79 84 88 72 78 77 64 59 59 60 71 79 74 65 62 60 71 72 67 58 60 60 50 49 62 71 48 43 42 36 27 31 25 29 29 32 33 35 39 38 31 31 33 18 25 30 19 19 0 -128 -81 8 24 32 36 33 33 37 36 36 36 39 45 42 39 43 47 38 16 0 20 42 42 55 68 71 65 70 67 73 73 64 60 70 73 73 59 52 52 56 61 71 77 83 94 83 76 76 76 85 107 116 123 119 101 118 113 56 30 30 0 0 74 83 85 73 78 84 101 113 118 110 87 87 81 64 94 122 108 79 102 101 101 89 55 68 68 106 117 110 90 89 79 71 79 76 73 64 56 56 55 61 56 55 60 60 52 47 55 58 56 60 60 55 52 53 43 36 33 25 18 30 2 24 26 26 30 30 31 32 31 32 35 35 33 32 35 35 35 33 35 35 35 36 38 39 36 36 37 27 27 12 0 -1 -1 -1 -1 -1 -1 -1 -1 -1 -1 -1 -1 -1 -1 -1 -11 -28 -39 -37 -37 -44 -54 -65 -65 -83 -92 -83 -81 -83 -86 -87 -86 -93 -92 -94 -94 -94 -93 -93 -93 -94 -92 -89 -91 -89 -97 -94 -94 -94 -97 -96 -98 -100 -97 -101 -101 -106 -106 -103 -100 -101 -101 -101 -100 -101 -102 -102 -100 -101 -101 -101 -100 -101 -97 -97 -97 -100 -98 -97 -97 -97 -97 -97 -97 -97 -97 -97 -97 -97 -97 -97 -97 -97 -97 -97 -96 -97 -97 -98 -97 -97 -97 -98 -101 -116 -98 -96 -97 -96 -96 -97 -96 -96 -96 -97 -96 -98 -96 -92 -97 -94 -92 -98 -94 -96 -96 -96 -89 -97 -103 -94 -94 -96 -93 -86 -94 -84 -97 -97 -98 -96 -96 -98 -97 -98 -100 -97 -98 -89 -98 -88 -88 -89 -91 -88 -86 -89 -89 -87 -88 -91 -92 -82
45 48 53 49 50 54 54 83 83 78 82 83 84 67 58 54 58 61 71 71 79 76 71 68 70 74 85 83 79 83 85 87 87 84 84 85 83 83 87 87 87 91 93 90 95 95 97 97 97 93 93 93 105 111 110 111 111 111 111 106 107 105 108 113 82 113 112 114 116 118 118 119 119 113 114 114 119 106 108 112 111 104 91 91 94 93 93 87 91 93 83 83 83 84 81 79 79 81 82 82 68 0 -20 -20 44 58 65 73 66 66 73 76 81 68 55 58 60 60 58 60 72 59 59 60 66 70 68 70 73 79 84 82 85 91 91 94 100 102 111 110 85 76 81 89 95 93 96 96 95 73 61 59 65 67 68 72 71 68 65 53 53 60 64 72 59 56 50 43 48 56 53 32 38 38 41 27 29 24 30 33 30 37 37 41 19 33 33 31 32 25 16 32 22 0 0 0 20 35 35 36 36 33 35 37 37 37 37 41 42 45 45 45 47 30 14 0 0 29 53 62 60 66 77 76 76 77 74 72 67 77 67 68 59 55 60 73 76 76 85 94 82 71 77 82 85 112 118 118 104 85 85 119 77 32 38 -128 -128 70 76 82 84 78 78 99 114 123 122 102 94 117 116 110 94 73 114 114 108 104 97 60 66 97 113 105 82 84 77 64 64 73 76 70 68 56 55 50 45 50 49 55 56 56 48 52 59 49 50 56 53 53 43 53 42 29 29 25 24 35 14 16 33 33 33 32 31 33 33 32 32 35 35 36 37 32 33 32 35 35 37 37 37 36 35 33 30 0 -128 -44 -1 -1 -1 -1 -1 -1 -1 -1 -1 -1 -1 -1 -1 -1 -7 -27 -39 -39 -41 -42 -49 -53 -65 -75 -82 -89 -84 -81 -83 -86 -86 -84 -94 -93 -93 -94 -94 -93 -93 -94 -93 -93 -93 -92 -91 -89 -97 -97 -98 -97 -96 -97 -100 -100 -101 -101 -106 -102 -103 -102 -102 -100 -96 -98 -102 -101 -100 -101 -101 -101 -100 -97 -101 -98 -97 -98 -98 -97 -97 -97 -97 -97 -98 -97 -97 -97 -97 -97 -97 -97 -98 -97 -97 -97 -97 -97 -97 -97 -98 -97 -97 -97 -97 -94 -122 -96 -96 -97 -94 -96 -97 -98 -98 -97 -96 -94 -97 -97 -94 -94 -96 -94 -92 -98 -94 -101 -96 -92 -100 -100 -96 -100 -100 -100 -96 -100 -97 -83 -87 -108 -93 -96 -89 -94 -100 -100 -94 -97 -87 -93 -91 -98 -97 -84 -84 -86 -88 -87 -87 -89 -91 -86 -87 -91
45 45 47 50 47 49 50 82 83 78 84 82 84 84 67 58 55 58 61 71 81 76 71 70 70 76 76 85 83 79 83 85 85 84 84 85 83 83 87 87 87 87 91 93 90 95 97 97 97 93 93 94 94 105 111 110 111 111 110 106 107 105 108 114 82 82 116 112 114 116 118 120 118 113 113 114 117 117 106 108 112 111 104 91 94 93 93 87 91 93 93 83 83 82 84 79 79 81 82 82 68 -128 -128 -128 -128 0 0 49 65 61 72 76 82 68 55 58 58 60 60 58 61 70 56 59 65 72 68 72 73 73 79 84 82 85 91 94 100 102 110 111 85 85 76 81 89 95 93 96 96 74 62 58 65 71 71 71 72 71 68 62 52 60 62 72 59 55 49 49 42 47 56 52 30 36 41 25 29 21 30 33 33 30 37 37 39 19 31 31 32 32 9 30 18 18 0 0 0 24 35 36 36 33 35 37 37 37 37 37 41 42 45 47 47 30 14 0 0 22 22 52 62 60 66 74 76 77 74 72 70 77 70 70 68 59 55 60 74 76 85 94 82 71 77 83 83 85 113 119 119 104 83 118 70 18 0 -128 31 31 72 76 82 84 79 101 116 124 123 102 94 94 117 117 110 94 71 114 108 106 99 60 66 96 96 113 101 79 82 73 64 73 76 70 67 56 54 54 48 43 48 48 55 58 48 53 56 48 49 56 56 53 53 43 53 42 29 25 24 35 29 2 33 33 33 33 32 30 33 32 32 32 35 36 38 38 32 33 32 35 35 37 37 36 33 33 29 0 0 -128 -1 -1 -1 -1 -1 -1 -1 -1 -1 -1 -1 -1 -1 -1 -1 -7 -28 -37 -41 -42 -50 -53 -64 -75 -75 -83 -89 -84 -81 -82 -86 -86 -94 -93 -93 -94 -94 -94 -93 -94 -94 -92 -93 -91 -91 -89 -97 -97 -98 -98 -97 -96 -97 -100 -100 -100 -107 -103 -103 -103 -102 -100 -100 -94 -98 -102 -100 -100 -101 -101 -100 -98 -101 -98 -97 -97 -98 -98 -97 -97 -97 -97 -98 -97 -97 -97 -97 -97 -97 -97 -97 -98 -97 -97 -97 -97 -97 -97 -98 -97 -97 -97 -97 -96 -96 -117 -101 -97 -94 -94 -96 -98 -100 -100 -97 -96 -94 -98 -97 -94 -96 -96 -91 -97 -93 -100 -100 -94 -92 -100 -100 -96 -100 -100 -96 -100 -97 -83 -86 -86 -108 -93 -96 -89 -93 -100 -94 -97 -87 -93 -91 -98 -98 -97 -84 -84 -86 -88 -86 -89 -91 -86 -88 -92
47 45 47 56 59 70 70 79 82 82 78 67 44 54 58 59 60 68 74 74 72 67 67 73 74 79 81 76 74 78 83 81 81 81 85 88 87 87 88 88 91 101 95 96 95 95 94 95 96 97 102 110 111 108 106 105 108 110 110 110 106 110 116 112 76 113 116 111 113 117 117 117 118 119 119 114 110 106 116 105 105 100 104 104 101 102 101 99 95 93 91 93 87 87 83 84 84 79 81 73 64 37 -128 0 12 -128 37 44 61 61 71 67 73 64 60 56 64 61 60 66 65 55 55 59 65 71 72 81 83 88 88 91 97 100 100 97 101 101 106 105 88 95 93 99 101 96 99 99 93 76 84 85 82 85 77 59 54 62 72 52 52 49 70 74 65 61 54 56 54 54 32 38 47 47 32 22 24 30 32 33 35 39 36 21 25 32 32 32 33 35 8 24 0 0 0 10 24 31 31 32 33 35 37 39 39 41 38 47 44 47 50 50 44 39 30 18 0 25 42 59 62 66 56 53 53 72 81 60 68 81 64 59 70 62 74 88 94 94 95 79 76 81 87 97 111 119 118 106 85 91 91 91 29 0 0 37 65 66 72 94 91 91 91 117 117 106 94 116 120 102 101 83 84 102 101 101 99 106 73 64 87 117 83 71 73 76 58 65 65 77 71 70 62 56 50 48 45 43 48 52 56 56 44 53 49 47 50 54 56 43 45 44 36 32 32 29 33 33 31 2 33 33 35 32 30 33 33 32 33 31 29 33 33 32 33 33 33 35 36 36 36 33 35 36 27 0 -121 -1 -1 -1 -1 -1 -1 -1 -1 -1 -1 -1 -1 -1 -1 -4 -26 -25 -40 -40 -41 -46 -46 -53 -54 -75 -91 -89 -84 -81 -84 -86 -86 -87 -93 -93 -92 -94 -94 -93 -93 -94 -93 -91 -91 -92 -92 -91 -98 -98 -100 -98 -97 -97 -100 -100 -98 -98 -105 -103 -102 -102 -102 -98 -97 -102 -103 -97 -97 -101 -101 -97 -96 -98 -98 -100 -97 -97 -98 -97 -97 -97 -97 -97 -97 -97 -97 -96 -97 -97 -97 -97 -97 -97 -97 -97 -97 -98 -97 -97 -97 -97 -98 -98 -96 -97 -106 -110 -110 -96 -96 -97 -97 -97 -97 -97 -97 -94 -97 -96 -94 -94 -96 -94 -97 -96 -98 -98 -96 -96 -98 -97 -96 -97 -97 -97 -97 -98 -96 -93 -100 -98 -96 -93 -83 -101 -101 -101 -96 -100 -94 -79 -88 -98 -89 -92 -84 -88 -86 -86 -86 -92 -83 -93 -86 -96
47 47 45 47 56 59 70 79 82 82 78 67 44 44 54 58 59 60 68 74 72 67 67 73 74 79 79 81 76 74 78 83 81 81 85 88 87 87 88 88 88 91 101 95 96 95 94 95 96 97 102 110 110 111 108 106 105 108 110 110 106 110 116 112 76 76 113 116 111 113 117 117 118 119 119 114 110 110 106 116 105 105 100 104 101 102 101 99 95 93 93 91 93 87 87 83 84 79 81 73 64 37 -128 -128 0 12 -128 37 44 61 71 67 73 64 60 56 56 64 61 60 66 65 55 59 65 71 72 81 83 83 88 88 91 97 100 97 101 101 106 105 88 88 95 93 99 101 96 99 93 76 84 85 82 85 85 77 59 54 62 72 52 49 70 74 65 61 54 54 56 54 54 32 38 47 32 22 24 30 32 33 33 35 39 36 21 25 32 32 33 35 8 24 0 0 0 0 10 24 31 32 33 35 37 39 39 39 41 38 47 44 47 50 44 39 30 18 0 25 25 42 59 62 66 56 53 72 81 60 68 81 64 64 59 70 62 74 88 94 95 79 76 81 87 97 97 111 119 118 106 85 91 91 29 0 0 37 65 65 66 72 94 91 91 117 117 106 94 116 120 120 102 101 83 84 102 101 99 106 73 64 87 117 117 83 71 73 76 58 65 77 71 70 62 56 50 50 48 45 43 48 52 56 44 53 49 47 50 54 54 56 43 45 44 36 32 29 33 33 31 2 33 33 33 35 32 30 33 32 33 31 29 33 33 33 32 33 33 33 35 36 36 33 35 36 27 0 0 -121 -1 -1 -1 -1 -1 -1 -1 -1 -1 -1 -1 -1 -1 -1 -4 -26 -25 -40 -41 -46 -46 -53 -54 -75 -75 -91 -89 -84 -81 -84 -86 -87 -93 -93 -92 -94 -94 -94 -93 -93 -94 -93 -91 -92 -92 -91 -98 -98 -100 -100 -98 -97 -97 -100 -100 -98 -105 -103 -102 -102 -102 -98 -98 -97 -102 -103 -97 -97 -101 -97 -96 -98 -98 -100 -97 -97 -97 -98 -97 -97 -97 -97 -97 -97 -97 -96 -97 -97 -97 -97 -97 -97 -97 -97 -97 -98 -97 -97 -97 -97 -98 -98 -98 -96 -97 -106 -110 -96 -96 -97 -97 -97 -97 -97 -97 -97 -94 -97 -96 -94 -96 -94 -97 -96 -98 -98 -98 -96 -96 -98 -97 -96 -97 -97 -97 -98 -96 -93 -100 -100 -98 -96 -93 -83 -101 -101 -96 -100 -94 -79 -88 -98 -98 -89 -92 -84 -88 -86 -86 -92 -83 -93 -86 -96
39 47 77 67 70 73 73 76 78 78 64 49 43 60 62 62 64 60 67 67 61 64 70 72 74 82 78 73 76 82 82 81 81 82 87 87 89 87 88 97 99 93 91 93 95 95 104 105 104 104 108 110 107 106 102 106 106 99 99 97 107 113 111 106 81 112 114 104 114 118 118 116 114 112 110 108 106 102 112 102 104 100 106 106 107 105 101 104 104 99 95 93 87 85 83 81 81 79 81 74 68 55 0 0 38 0 0 0 36 36 58 67 65 59 55 56 62 61 62 66 55 56 56 58 67 77 83 85 85 85 90 94 99 104 104 104 100 101 104 87 91 107 95 102 108 104 101 101 101 96 100 99 88 71 64 64 53 65 56 42 42 54 67 64 61 62 52 52 56 39 44 53 42 42 21 26 27 32 31 33 39 42 27 22 31 33 33 35 33 35 8 24 0 -128 0 16 26 36 36 36 35 36 36 38 38 44 47 49 45 50 54 54 45 43 18 0 0 31 48 61 56 56 61 61 61 70 55 58 65 55 58 64 64 70 78 83 87 87 88 85 89 90 106 102 101 118 117 90 87 110 110 55 44 0 19 48 66 64 76 117 116 116 116 117 110 96 58 88 102 97 105 72 119 119 105 105 95 83 61 78 88 65 78 73 74 78 76 76 76 72 65 61 60 55 49 56 53 39 50 52 48 48 50 52 43 47 49 55 54 44 43 39 31 30 30 25 32 27 26 9 36 36 32 30 32 33 33 35 33 30 32 36 33 32 32 35 36 37 36 36 32 31 35 32 25 0 -128 -1 -1 -1 -1 -1 -1 -1 -1 -1 -1 -1 -1 -1 -2 -13 -22 -35 -41 -41 -36 -46 -46 -56 -67 -74 -92 -88 -86 -83 -84 -87 -87 -87 -93 -92 -92 -94 -94 -91 -93 -94 -93 -93 -93 -93 -92 -100 -98 -98 -98 -100 -96 -96 -100 -97 -105 -105 -103 -103 -102 -102 -103 -100 -101 -105 -98 -96 -101 -100 -100 -97 -100 -100 -100 -97 -98 -97 -97 -97 -97 -97 -97 -97 -97 -97 -97 -96 -97 -98 -97 -97 -97 -97 -97 -97 -97 -97 -97 -97 -97 -97 -98 -98 -97 -97 -97 -121 -121 -98 -97 -96 -96 -97 -96 -96 -96 -96 -96 -96 -96 -96 -96 -98 -97 -97 -97 -97 -97 -96 -96 -98 -96 -96 -96 -97 -97 -97 -97 -97 -98 -98 -100 -96 -103 -112 -94 -94 -97 -101 -94 -91 -100 -96 -93 -84 -84 -89 -86 -88 -88 -87 -79 -93 -92 -94
39 39 58 67 55 71 67 74 78 81 66 58 54 54 68 64 60 59 66 66 62 66 68 70 73 73 73 73 77 82 83 84 87 89 87 89 90 87 93 93 99 93 90 93 97 101 102 102 100 99 107 105 105 104 102 102 101 97 95 105 111 110 101 105 77 77 105 104 102 118 116 111 108 106 102 110 111 111 113 104 100 101 96 102 105 95 105 100 101 100 100 91 93 93 90 87 82 84 82 83 83 73 72 72 60 56 59 36 -128 -128 26 49 60 52 55 59 59 64 55 59 65 50 55 62 74 84 83 81 78 78 83 88 96 102 104 93 99 104 104 94 104 104 111 108 113 118 104 106 112 84 87 77 68 78 78 74 68 70 81 45 66 58 60 45 65 58 45 45 48 43 37 44 31 25 22 29 32 32 31 36 36 39 38 21 27 31 33 35 33 35 6 22 0 0 -128 0 0 27 36 37 35 33 37 38 45 45 49 49 45 50 53 42 38 26 14 0 32 42 42 59 73 68 70 76 61 59 56 60 62 62 60 60 64 66 72 74 74 84 91 87 89 101 116 118 118 122 118 106 78 106 112 50 55 0 20 52 62 62 66 102 113 105 119 111 96 96 66 93 119 119 78 108 97 95 112 105 67 61 73 73 62 61 61 76 84 79 77 83 74 71 60 56 60 49 49 49 48 35 37 49 47 47 52 45 41 42 44 47 47 48 43 35 32 26 37 26 20 25 35 8 30 30 35 32 35 35 36 36 33 32 37 37 35 35 33 31 33 36 36 36 32 29 27 24 18 13 13 -128 -1 -1 -1 -1 -1 -1 -1 -1 -1 -1 -1 -1 -1 -9 -25 -36 -40 -39 -46 -46 -49 -54 -65 -83 -83 -92 -88 -87 -84 -86 -87 -84 -93 -92 -93 -93 -93 -93 -93 -93 -94 -93 -93 -93 -101 -101 -98 -97 -98 -98 -98 -94 -96 -97 -98 -96 -106 -105 -103 -101 -102 -101 -101 -102 -100 -98 -98 -102 -98 -100 -98 -98 -98 -98 -96 -96 -100 -98 -96 -98 -98 -96 -97 -97 -97 -97 -97 -98 -98 -98 -97 -98 -96 -98 -98 -97 -97 -97 -97 -97 -97 -97 -97 -96 -98 -97 -122 -98 -98 -96 -97 -96 -94 -94 -98 -97 -94 -94 -96 -98 -98 -98 -94 -97 -97 -97 -97 -96 -97 -97 -97 -96 -100 -98 -97 -97 -97 -98 -96 -96 -98 -100 -94 -100 -97 -94 -98 -97 -96 -96 -98 -97 -97 -97 -83 -84 -96 -89 -87 -87 -84 -100 -94 -91
39 58 67 54 71 67 67 76 78 81 64 58 53 66 61 60 59 66 64 64 62 66 68 70 73 73 73 77 82 83 84 87 87 88 87 89 89 87 93 99 93 90 93 95 101 101 102 101 100 99 107 105 104 104 105 101 97 96 96 105 111 110 101 106 77 106 102 102 118 114 114 111 108 106 102 110 111 113 104 100 101 96 102 102 105 95 105 100 101 100 91 93 93 93 87 82 82 84 82 83 84 82 83 72 70 74 49 -128 -128 -128 0 0 45 38 44 50 60 53 56 65 50 55 55 64 77 84 83 81 78 84 88 96 102 104 104 93 99 104 104 94 102 111 111 113 119 105 108 108 112 84 87 77 68 79 74 68 70 83 47 66 66 60 59 43 65 55 47 48 43 37 43 27 22 22 21 26 32 32 31 36 39 38 21 27 32 33 33 35 33 32 2 0 0 0 15 22 27 36 36 36 35 33 37 38 45 49 52 45 49 52 39 39 37 26 19 0 0 42 61 73 68 70 78 64 64 59 56 60 62 64 61 64 66 73 74 74 84 84 91 87 90 100 114 118 123 119 106 77 100 104 104 39 47 0 25 55 62 66 104 113 105 120 120 112 97 94 64 90 119 77 107 100 95 114 105 105 67 60 70 71 56 58 72 82 77 78 82 74 74 70 58 55 60 47 48 47 35 36 47 44 44 44 49 43 37 41 41 44 45 41 32 30 25 33 33 26 20 25 35 16 22 33 31 35 35 33 33 36 33 32 37 36 35 33 31 33 36 33 31 31 26 0 0 0 0 0 -116 -1 -1 -1 -1 -1 -1 -1 -1 -1 -1 -1 -1 -2 -9 -26 -35 -42 -39 -39 -45 -46 -50 -53 -67 -83 -92 -88 -87 -84 -86 -87 -87 -86 -93 -92 -92 -93 -93 -94 -93 -94 -93 -93 -93 -92 -102 -100 -98 -97 -98 -98 -94 -96 -97 -98 -96 -96 -107 -105 -102 -101 -102 -101 -102 -101 -98 -98 -103 -98 -98 -100 -98 -100 -98 -97 -94 -100 -97 -96 -98 -98 -97 -97 -97 -97 -97 -96 -97 -98 -98 -97 -98 -97 -98 -98 -98 -96 -97 -97 -97 -97 -97 -97 -96 -97 -98 -114 -114 -108 -98 -96 -97 -96 -94 -97 -96 -96 -94 -94 -98 -98 -98 -98 -96 -97 -97 -97 -96 -96 -96 -97 -94 -98 -98 -98 -97 -97 -97 -98 -96 -98 -101 -94 -100 -97 -94 -94 -98 -97 -96 -96 -98 -97 -97 -84 -86 -96 -89 -87 -87 -86 -83 -100 -94 -88
37 37 50 56 79 73 83 82 73 77 70 67 66 66 65 62 62 62 68 61 66 70 71 71 74 74 74 77 78 83 85 87 87 87 87 88 90 91 93 93 91 94 91 89 100 101 97 93 95 105 104 102 102 100 99 97 101 93 95 101 102 96 94 107 68 68 102 100 116 118 114 111 107 106 110 113 113 113 120 113 108 106 94 96 99 97 97 89 93 96 96 84 89 94 88 87 88 88 85 81 78 77 71 71 77 77 67 65 58 41 26 0 0 22 21 36 36 54 52 53 60 52 56 62 73 84 90 93 94 94 95 95 94 90 89 99 102 106 95 99 108 108 110 110 116 118 117 120 81 71 99 85 88 96 96 76 64 79 68 76 90 81 52 38 52 60 55 55 52 52 52 37 27 25 24 31 32 32 35 38 38 39 22 22 32 33 33 35 32 27 0 0 0 0 0 26 35 24 35 33 33 36 39 35 42 42 45 47 47 49 43 36 43 43 42 36 0 35 35 62 76 76 76 78 71 68 68 71 71 72 68 68 72 72 76 77 81 89 85 85 85 94 108 118 118 119 116 79 73 107 74 15 15 0 31 65 68 68 87 112 73 120 107 114 104 106 116 119 117 117 113 116 68 65 85 73 74 78 67 60 70 84 84 77 83 71 67 72 66 67 61 56 53 44 41 41 39 36 43 42 41 50 49 37 31 33 39 33 33 33 33 30 26 21 35 25 26 29 32 24 14 14 30 35 37 35 36 36 31 33 37 37 37 37 32 30 32 33 25 0 0 0 -1 -1 -1 -1 -1 -1 -1 -1 -1 -1 -1 -1 -1 -1 -1 -1 -1 -1 -12 -25 -34 -37 -40 -45 -44 -45 -51 -53 -67 -83 -83 -91 -88 -86 -86 -86 -87 -86 -94 -94 -93 -94 -96 -96 -96 -92 -94 -94 -93 -93 -102 -98 -96 -94 -97 -97 -98 -98 -98 -96 -98 -97 -106 -102 -101 -102 -102 -101 -101 -101 -101 -98 -101 -98 -100 -100 -98 -100 -98 -97 -97 -97 -96 -96 -98 -98 -98 -98 -97 -97 -97 -98 -98 -98 -98 -98 -98 -98 -98 -98 -97 -97 -97 -97 -97 -97 -98 -98 -97 -97 -97 -97 -100 -120 -97 -96 -96 -96 -96 -96 -97 -97 -96 -93 -96 -98 -98 -97 -96 -96 -97 -96 -96 -96 -94 -98 -94 -93 -97 -100 -96 -97 -96 -97 -96 -96 -98 -98 -94 -100 -91 -101 -98 -94 -97 -98 -97 -94 -94 -100 -93 -86 -94 -86 -84 -89 -84 -94 -87 -84
37 50 56 79 73 83 83 82 73 77 70 67 66 65 62 62 62 68 61 61 66 70 71 71 74 74 77 78 83 85 87 87 87 87 87 88 90 91 93 91 94 91 89 100 101 101 97 93 95 105 104 102 100 99 97 101 93 95 95 101 102 96 94 107 68 102 100 116 118 114 114 111 107 106 110 113 113 120 113 108 106 94 96 96 99 97 97 89 93 96 84 89 94 88 87 88 88 88 85 81 78 77 71 77 77 67 65 58 41 41 26 0 0 22 21 36 54 52 53 60 52 56 56 62 73 84 90 93 94 95 95 94 90 89 89 99 102 106 95 99 108 110 110 116 118 117 120 120 81 71 99 85 88 96 76 64 79 68 76 90 90 81 52 38 52 60 55 52 52 52 37 27 25 25 24 31 32 32 35 38 39 22 22 32 33 33 33 35 32 27 0 0 0 0 26 35 24 35 35 33 33 36 39 35 42 45 47 47 49 43 36 36 43 43 42 36 0 35 62 76 76 76 78 71 71 68 68 71 71 72 68 72 72 76 77 81 89 89 85 85 85 94 108 118 119 116 79 73 107 74 74 15 15 0 31 65 68 87 112 73 120 107 107 114 104 106 116 119 117 113 116 68 65 85 73 73 74 78 67 60 70 84 77 83 71 67 72 66 66 67 61 56 53 44 41 39 36 43 42 41 50 50 49 37 31 33 39 33 33 33 30 26 21 35 35 25 26 29 32 24 14 30 35 37 35 36 36 36 31 33 37 37 37 32 30 32 33 25 0 0 0 0 -1 -1 -1 -1 -1 -1 -1 -1 -1 -1 -1 -1 -1 -1 -1 -1 -1 -12 -25 -34 -37 -40 -45 -45 -44 -45 -51 -53 -67 -83 -91 -88 -86 -86 -86 -87 -87 -86 -94 -94 -93 -94 -96 -96 -92 -94 -94 -93 -93 -93 -102 -98 -96 -94 -97 -98 -98 -98 -96 -98 -97 -97 -106 -102 -101 -102 -102 -101 -101 -101 -98 -101 -98 -100 -100 -100 -98 -100 -98 -97 -97 -96 -96 -98 -98 -98 -98 -98 -97 -97 -97 -98 -98 -98 -98 -98 -98 -98 -98 -97 -97 -97 -97 -97 -97 -97 -98 -97 -97 -97 -97 -100 -100 -120 -97 -96 -96 -96 -96 -97 -97 -96 -93 -96 -98 -98 -98 -97 -96 -96 -97 -96 -96 -94 -98 -94 -93 -97 -97 -100 -96 -97 -96 -97 -96 -98 -98 -94 -100 -91 -101 -101 -98 -94 -97 -98 -97 -94 -100 -93 -86 -94 -86 -84 -84 -89 -84 -94 -87 -84
52 52 67 74 66 81 81 64 83 83 83 68 67 67 67 67 64 60 61 62 65 68 70 73 76 77 77 81 84 85 84 84 85 88 85 91 90 89 89 89 89 94 95 100 97 93 90 91 102 104 101 100 100 96 96 100 99 94 97 100 101 102 112 112 77 77 114 113 116 116 106 108 112 114 114 108 118 118 117 116 119 113 97 100 96 90 94 96 95 90 90 82 87 85 83 95 93 89 94 79 83 84 83 83 85 76 76 77 65 53 44 0 0 0 0 0 0 41 49 54 54 56 60 66 76 90 94 79 74 74 85 90 87 89 96 97 104 97 88 104 116 116 116 112 116 122 120 97 73 88 77 74 87 67 67 62 76 81 78 94 68 58 56 49 58 53 48 48 47 50 48 35 26 26 31 35 35 32 35 36 36 26 21 31 33 33 35 35 32 25 0 0 0 0 15 24 29 31 32 37 36 37 35 38 47 47 45 41 49 52 43 44 44 42 36 31 0 30 30 65 74 76 77 81 79 79 79 83 67 82 81 81 70 78 84 84 87 83 82 78 88 89 113 117 117 110 96 55 72 95 0 0 0 38 54 67 71 71 78 93 119 111 116 117 119 122 116 118 116 116 116 122 65 91 85 74 94 83 66 67 73 74 74 67 65 62 68 66 64 66 61 58 52 44 47 47 47 35 36 36 42 45 36 41 37 36 37 36 36 35 26 25 25 30 29 29 29 31 32 31 6 6 35 36 35 32 36 35 33 37 38 37 33 33 27 30 33 29 19 0 -4 -1 -1 -1 -1 -1 -1 -1 -1 -1 -1 -1 -1 -1 -1 -1 -1 -1 -9 -9 -25 -22 -37 -41 -37 -45 -44 -47 -53 -64 -74 -84 -84 -93 -88 -87 -84 -86 -88 -97 -93 -92 -93 -96 -94 -94 -92 -89 -96 -97 -92 -101 -101 -98 -92 -97 -102 -102 -98 -96 -97 -98 -96 -96 -103 -101 -103 -103 -101 -101 -101 -101 -101 -100 -100 -98 -98 -100 -100 -100 -96 -97 -98 -98 -96 -98 -100 -98 -98 -98 -98 -97 -97 -98 -98 -100 -100 -98 -97 -97 -97 -97 -97 -97 -97 -97 -97 -97 -97 -97 -97 -98 -98 -96 -97 -122 -98 -98 -94 -97 -97 -97 -97 -94 -96 -93 -97 -98 -97 -96 -94 -96 -97 -96 -96 -96 -96 -97 -94 -96 -98 -98 -97 -96 -97 -96 -93 -93 -98 -97 -100 -91 -93 -103 -98 -96 -98 -96 -93 -87 -87 -98 -93 -89 -94 -94 -87 -92 -89 -89 -83 -83
58 74 55 61 84 82 82 77 83 73 79 64 61 68 70 56 61 64 67 67 72 74 72 74 77 78 82 82 81 81 83 85 85 85 88 89 89 91 95 96 91 93 91 87 90 90 99 102 104 101 101 105 105 106 106 102 108 111 111 112 112 113 113 112 78 112 113 112 110 104 104 110 108 110 108 117 117 113 122 120 110 107 94 94 89 91 95 95 90 82 87 85 78 87 89 78 78 78 77 77 72 74 78 71 74 70 68 67 66 66 68 60 52 37 25 0 27 39 44 48 53 53 53 64 77 71 76 67 74 85 89 90 93 100 100 97 107 102 105 106 116 113 120 120 118 108 89 89 118 105 84 84 101 74 83 87 96 89 83 84 84 79 70 70 71 41 39 36 35 30 26 21 22 22 33 35 33 36 37 32 29 31 31 33 32 35 35 33 35 25 2 0 0 3 24 32 32 35 35 36 37 42 41 44 39 39 44 50 53 45 44 44 44 36 0 0 0 50 56 71 81 79 81 82 82 84 74 60 65 66 74 71 81 77 70 78 74 74 77 83 85 99 118 96 101 88 26 0 0 0 0 0 53 61 68 60 72 96 117 112 91 114 114 119 119 117 118 119 114 116 111 85 97 81 76 76 89 74 56 62 60 50 22 12 50 67 67 62 62 58 53 60 58 50 48 41 33 36 35 37 39 39 38 45 42 38 43 39 25 25 27 31 35 33 33 30 31 32 33 33 4 32 35 33 31 36 36 35 36 36 35 33 31 31 33 29 22 0 -1 -1 -1 -1 -1 -1 -1 -1 -1 -1 -1 -1 -1 -1 -1 -1 -1 -1 -1 -1 -27 -22 -37 -39 -39 -45 -44 -44 -45 -47 -53 -64 -74 -83 -92 -89 -87 -88 -87 -87 -87 -96 -91 -92 -92 -93 -93 -89 -91 -97 -94 -91 -91 -101 -100 -93 -93 -100 -97 -92 -94 -97 -97 -96 -103 -103 -103 -102 -105 -102 -101 -101 -101 -101 -101 -100 -97 -100 -100 -101 -101 -98 -97 -97 -100 -98 -100 -98 -97 -98 -97 -97 -98 -97 -98 -97 -97 -97 -97 -98 -96 -96 -98 -97 -97 -97 -97 -97 -96 -97 -97 -97 -97 -96 -97 -98 -98 -117 -102 -96 -96 -98 -96 -96 -94 -96 -96 -98 -98 -98 -97 -97 -94 -96 -96 -97 -98 -96 -96 -96 -97 -98 -98 -97 -97 -96 -98 -94 -97 -94 -96 -100 -96 -97 -102 -102 -100 -97 -98 -97 -94 -96 -88 -87 -94 -98 -94 -91 -91 -101 -98 -97 -83 -87
66 66 50 49 78 74 45 50 55 70 83 65 67 67 68 55 58 66 76 89 88 79 78 79 78 82 82 81 82 81 84 87 87 88 88 90 91 93 95 95 91 89 90 90 99 101 102 101 101 95 89 91 91 88 87 90 88 96 105 106 107 110 104 100 68 68 104 112 107 96 96 94 97 99 117 116 116 116 118 118 111 112 113 87 91 94 93 91 83 85 85 93 84 84 87 79 79 83 89 72 74 74 74 74 76 72 73 77 76 74 77 66 56 53 35 0 0 0 0 16 36 37 43 50 61 70 68 62 82 82 87 87 91 100 107 111 108 122 119 120 118 118 119 119 119 105 91 114 117 105 106 122 104 99 99 111 113 104 108 106 104 102 89 83 78 54 36 36 39 36 25 21 22 31 35 33 33 37 36 33 33 33 35 31 32 32 33 35 35 21 6 0 0 0 9 26 36 35 35 35 36 38 38 45 45 45 48 47 52 52 39 35 31 20 0 6 44 64 64 67 78 85 78 79 78 77 59 60 72 64 67 67 73 70 71 77 78 76 85 97 104 104 94 99 99 82 55 0 0 56 36 49 66 78 61 59 74 74 104 111 94 70 108 124 118 112 117 118 113 113 95 82 112 94 88 74 59 52 65 15 39 37 37 7 0 0 60 67 58 50 58 54 48 49 47 47 41 43 42 39 36 35 37 38 31 33 38 26 26 24 27 27 38 37 31 30 32 33 35 33 3 3 35 33 32 31 35 35 35 36 33 31 33 33 36 31 22 0 -3 -1 -1 -1 -1 -1 -1 -1 -1 -1 -1 -1 -1 -1 -1 -1 -1 -1 -1 -4 -25 -25 -34 -39 -35 -35 -44 -44 -45 -49 -53 -64 -74 -82 -82 -92 -88 -87 -87 -86 -84 -83 -91 -91 -91 -93 -93 -93 -91 -92 -94 -92 -98 -100 -93 -93 -97 -96 -91 -91 -94 -94 -98 -98 -103 -103 -103 -103 -102 -101 -103 -102 -102 -102 -101 -102 -100 -97 -100 -98 -98 -97 -96 -97 -101 -101 -97 -97 -97 -97 -96 -97 -97 -97 -97 -97 -96 -94 -94 -97 -97 -97 -98 -98 -97 -97 -97 -98 -98 -97 -97 -97 -97 -97 -96 -98 -98 -106 -112 -97 -97 -97 -96 -96 -96 -94 -96 -97 -96 -97 -96 -98 -97 -94 -96 -97 -97 -96 -97 -97 -96 -97 -98 -97 -97 -96 -100 -96 -94 -94 -97 -101 -100 -98 -97 -97 -94 -97 -97 -97 -98 -97 -97 -97 -98 -102 -97 -100 -102 -100 -97 -100 -115 -126
64 49 49 77 77 45 45 50 55 67 84 66 65 66 53 59 67 74 87 87 85 79 78 79 77 79 78 82 82 84 87 88 88 88 89 90 91 93 95 91 89 90 90 99 100 100 101 104 104 97 90 91 88 87 90 90 96 106 106 108 108 111 105 100 70 104 112 107 96 95 95 93 96 99 117 116 118 118 118 111 112 113 87 87 91 94 90 89 85 88 96 87 84 87 78 78 78 83 89 72 74 74 74 74 71 73 77 76 74 74 74 64 56 58 53 48 42 19 0 0 15 22 22 31 45 64 70 64 82 87 89 94 100 107 107 113 111 122 120 122 119 119 122 118 105 91 114 114 116 106 108 123 106 102 112 116 105 110 106 104 104 102 90 83 79 55 39 42 36 26 19 22 30 30 35 33 33 35 33 33 35 35 31 33 33 33 33 32 31 19 0 0 0 22 31 36 35 35 35 33 35 36 38 45 47 49 49 52 52 39 27 27 15 0 0 33 54 72 70 78 85 77 79 78 78 77 59 59 72 61 65 73 70 71 77 78 76 76 85 97 105 105 94 93 70 35 0 61 78 56 56 64 73 81 61 60 74 104 112 96 72 110 110 127 120 114 117 118 113 95 82 112 93 88 72 72 56 49 60 16 0 0 0 0 31 58 67 58 58 50 55 53 47 49 45 43 44 44 39 37 33 33 35 33 24 30 33 24 24 27 27 37 37 31 31 30 32 33 33 33 4 27 33 32 31 35 35 36 36 37 35 31 32 33 27 0 56 -1 -1 -1 -1 -1 -1 -1 -1 -1 -1 -1 -1 -1 -1 -1 -1 -1 -1 -1 -1 -6 -23 -35 -37 -36 -35 -45 -45 -45 -45 -49 -51 -64 -74 -82 -93 -87 -87 -87 -86 -84 -84 -82 -89 -91 -91 -93 -93 -91 -92 -94 -92 -98 -98 -101 -93 -92 -97 -96 -91 -94 -94 -98 -98 -103 -103 -103 -102 -103 -103 -101 -103 -102 -102 -100 -101 -100 -97 -100 -100 -98 -98 -98 -96 -97 -101 -97 -97 -97 -97 -97 -97 -97 -97 -97 -97 -97 -96 -96 -97 -97 -97 -98 -98 -97 -97 -97 -97 -98 -97 -97 -97 -97 -98 -96 -97 -97 -97 -96 -122 -97 -97 -97 -96 -96 -94 -94 -96 -94 -96 -96 -94 -97 -97 -93 -96 -97 -94 -96 -97 -97 -97 -98 -98 -97 -97 -97 -100 -96 -96 -97 -101 -101 -98 -100 -98 -98 -94 -97 -98 -98 -97 -97 -96 -97 -102 -97 -98 -101 -101 -106 -121 -124 -108 -100
64 64 49 49 77 77 45 50 55 67 84 66 65 65 66 53 59 67 74 87 85 79 78 79 77 79 79 78 82 82 84 87 88 88 89 90 91 93 95 95 91 89 90 90 99 100 101 104 104 97 90 91 91 88 87 90 90 96 106 108 108 111 105 100 70 70 104 112 107 96 95 93 96 99 117 116 118 118 118 118 111 112 113 87 91 94 90 89 85 88 88 96 87 84 87 78 78 83 89 72 74 74 74 74 74 71 73 77 76 74 74 64 56 58 53 48 48 42 19 0 0 15 22 31 45 64 70 64 82 82 87 89 94 100 107 113 111 122 120 122 119 119 119 122 118 105 91 114 116 106 108 123 106 102 102 112 116 105 110 106 104 102 90 83 79 55 39 39 42 36 26 19 22 30 35 33 33 35 33 33 33 35 35 31 33 33 33 32 31 19 0 0 0 0 22 31 36 35 35 33 35 36 38 45 47 47 49 49 52 52 39 27 15 0 0 33 54 72 72 70 78 85 77 79 78 77 59 59 72 61 65 65 73 70 71 77 78 76 85 97 105 105 94 93 93 70 35 0 61 78 56 64 73 81 61 60 74 74 104 112 96 72 110 127 120 114 117 118 113 113 95 82 112 93 88 72 56 49 60 16 0 0 0 0 0 31 58 67 58 50 55 53 47 49 45 45 43 44 44 39 37 33 35 33 24 30 33 24 24 24 27 27 37 37 31 30 32 33 33 33 4 4 27 33 32 31 35 36 36 37 35 31 32 32 33 27 0 56 -1 -1 -1 -1 -1 -1 -1 -1 -1 -1 -1 -1 -1 -1 -1 -1 -1 -1 -1 -6 -23 -23 -35 -37 -36 -35 -45 -45 -45 -49 -51 -64 -74 -82 -82 -93 -87 -87 -87 -86 -84 -82 -89 -91 -91 -93 -93 -93 -91 -92 -94 -92 -98 -101 -93 -92 -97 -96 -91 -91 -94 -94 -98 -98 -103 -103 -102 -103 -103 -101 -103 -102 -102 -102 -100 -101 -100 -97 -100 -98 -98 -98 -96 -97 -101 -101 -97 -97 -97 -97 -97 -97 -97 -97 -97 -97 -96 -96 -96 -97 -97 -97 -98 -98 -97 -97 -97 -98 -97 -97 -97 -97 -97 -98 -96 -97 -97 -96 -122 -97 -97 -97 -96 -96 -96 -94 -94 -96 -94 -96 -94 -97 -97 -93 -96 -97 -97 -94 -96 -97 -97 -97 -98 -97 -97 -97 -100 -96 -96 -96 -97 -101 -101 -98 -100 -98 -94 -97 -98 -98 -97 -97 -97 -96 -97 -102 -97 -98 -101 -106 -121 -124 -108 -100
54 45 60 66 48 55 55 61 73 90 83 73 67 56 58 74 83 94 88 88 74 77 76 76 79 78 77 82 84 84 83 87 87 93 91 90 90 93 93 94 97 91 97 100 97 97 93 89 84 77 81 84 88 94 95 97 101 96 96 94 99 96 95 96 62 114 112 95 95 100 100 111 114 113 117 100 112 110 116 113 114 96 97 97 100 99 96 85 85 90 89 88 87 83 82 78 78 83 84 79 79 79 82 72 76 78 84 74 70 70 64 65 71 66 58 54 54 38 13 0 0 0 0 0 0 56 68 61 74 89 93 87 101 111 111 108 116 118 107 105 117 114 117 100 85 96 108 108 100 100 119 108 113 117 116 96 97 96 83 61 61 55 62 78 79 77 73 58 37 37 27 37 35 35 35 32 33 35 33 33 36 29 29 33 35 35 35 33 29 0 0 0 19 31 32 35 33 35 35 36 41 39 38 42 44 47 50 52 48 39 22 22 7 0 27 42 61 70 79 81 64 66 72 77 77 76 77 72 65 60 66 73 79 82 79 79 84 84 87 99 106 112 89 66 50 0 55 90 111 70 70 79 78 76 62 58 71 91 118 83 73 122 122 100 99 116 112 100 85 70 79 95 104 95 70 70 58 62 59 48 7 2 0 0 38 49 64 55 55 53 47 43 48 47 41 43 47 45 43 33 31 31 26 0 0 0 30 24 31 22 26 36 38 29 29 33 35 36 35 31 20 13 32 35 33 35 35 38 38 38 35 35 36 31 0 13 -1 -1 -1 -1 -1 -1 -1 -1 -1 -1 -1 -1 -1 -1 -1 -1 -1 -1 -1 -1 -1 -25 -34 -39 -37 -35 -46 -45 -45 -45 -45 -49 -53 -65 -74 -82 -92 -84 -88 -87 -86 -83 -83 -83 -92 -92 -92 -96 -94 -92 -93 -92 -88 -87 -87 -92 -89 -98 -96 -94 -98 -94 -97 -98 -96 -103 -103 -103 -102 -102 -102 -103 -97 -100 -105 -100 -97 -98 -98 -100 -100 -100 -97 -94 -97 -101 -100 -94 -97 -98 -97 -98 -97 -97 -96 -97 -98 -97 -97 -97 -97 -97 -97 -98 -98 -96 -96 -97 -98 -98 -96 -96 -97 -97 -97 -96 -97 -96 -96 -96 -122 -98 -97 -96 -94 -96 -96 -94 -94 -96 -94 -94 -96 -97 -97 -96 -97 -96 -96 -97 -97 -97 -97 -98 -98 -96 -97 -98 -101 -93 -97 -97 -100 -100 -100 -97 -96 -96 -96 -101 -98 -98 -97 -97 -97 -98 -100 -96 -112 -126 -126 -115 -98 -100 -98 -102
66 66 65 77 73 64 68 74 77 85 76 58 61 61 59 77 78 85 88 83 81 74 72 76 81 79 79 81 84 82 81 82 82 93 90 88 93 91 91 91 89 87 91 94 87 79 76 79 79 90 111 111 111 111 111 112 112 100 110 110 107 100 97 99 81 81 117 106 93 105 113 117 105 119 106 107 118 118 114 118 107 107 111 117 106 94 90 89 90 83 83 84 82 87 87 85 82 90 88 85 82 83 78 78 76 79 79 72 67 71 73 74 70 58 66 70 70 67 43 31 0 0 22 19 0 0 58 60 79 79 88 79 91 116 84 89 101 93 88 117 97 97 79 90 93 91 105 97 110 112 91 78 93 116 116 97 83 82 81 52 50 59 59 66 66 42 36 36 49 54 47 35 37 26 32 33 33 35 33 35 35 36 29 31 35 35 35 35 33 24 0 0 18 18 31 32 36 35 36 38 45 42 42 42 45 45 43 42 44 44 37 26 14 0 30 48 66 74 74 83 71 54 65 72 74 72 70 62 58 71 74 74 78 71 62 66 77 94 99 81 116 95 54 31 31 19 0 95 110 93 71 79 82 78 62 56 68 68 89 114 82 94 119 110 116 84 73 68 87 87 82 90 84 95 82 58 60 70 65 62 59 47 47 9 0 44 49 53 50 49 48 47 50 43 45 45 43 44 42 44 35 0 0 0 0 0 22 27 27 27 21 30 38 36 29 35 35 33 31 32 36 36 2 33 35 37 36 36 36 36 36 36 36 36 26 0 -1 -1 -1 -1 -1 -1 -1 -1 -1 -1 -1 -1 -1 -1 -1 -1 -1 -1 -1 -3 -12 -26 -36 -36 -37 -30 -35 -45 -45 -42 -46 -50 -64 -64 -74 -82 -82 -82 -88 -89 -89 -86 -84 -84 -94 -93 -94 -96 -91 -91 -91 -93 -89 -89 -87 -89 -97 -100 -93 -96 -97 -97 -89 -93 -96 -97 -103 -105 -103 -100 -102 -100 -93 -98 -98 -108 -98 -97 -100 -100 -100 -100 -97 -97 -101 -98 -96 -96 -96 -101 -100 -98 -97 -100 -97 -97 -98 -97 -97 -97 -97 -98 -97 -97 -100 -97 -97 -98 -98 -97 -96 -96 -97 -97 -97 -97 -97 -97 -97 -98 -114 -108 -97 -96 -96 -96 -97 -96 -94 -96 -94 -96 -96 -97 -97 -97 -98 -96 -96 -96 -97 -98 -96 -96 -98 -96 -96 -101 -100 -94 -96 -96 -97 -98 -100 -96 -94 -94 -102 -103 -97 -92 -89 -102 -102 -96 -93 -105 -122 -112 -94 -101 -98 -97 -98 -96
76 76 76 73 61 56 56 55 60 56 52 61 68 68 64 67 91 93 88 88 78 71 74 82 81 78 82 82 74 78 81 89 89 97 91 87 89 85 84 85 87 83 72 64 21 21 77 87 106 110 108 106 107 108 107 104 111 111 111 111 106 108 108 114 79 97 101 105 111 106 106 101 105 116 107 112 112 114 114 117 108 114 110 110 108 97 89 93 89 89 94 90 87 88 89 91 91 90 83 84 81 74 73 74 74 66 67 72 71 71 64 60 64 71 65 50 55 50 44 38 37 27 27 19 0 43 37 68 88 70 90 100 72 54 54 76 95 55 85 68 44 39 73 61 64 85 87 87 85 68 60 79 99 112 82 68 59 61 52 59 59 70 74 56 29 35 48 41 41 43 43 19 26 26 35 33 33 35 33 36 36 30 32 37 35 35 35 33 32 21 0 0 13 33 37 37 37 39 39 41 47 49 45 44 37 39 45 47 50 37 35 35 27 0 0 37 59 71 65 53 53 59 62 58 58 55 55 47 53 72 76 71 66 62 62 72 104 104 83 102 100 64 47 47 0 37 78 72 85 70 70 81 83 74 56 55 65 74 88 107 110 120 120 119 95 72 88 84 83 29 26 66 71 58 59 59 59 62 66 76 67 53 45 43 44 52 48 49 49 52 49 54 53 43 39 47 37 42 37 32 26 26 15 0 0 13 24 25 26 27 29 22 32 36 36 35 30 31 33 33 36 3 33 36 36 36 36 36 35 36 35 36 32 24 0 -1 -1 -1 -1 -1 -1 -1 -1 -1 -1 -1 -1 -1 -1 -1 -1 -1 -1 -1 -8 -23 -26 -32 -37 -32 -32 -44 -45 -42 -41 -41 -45 -51 -64 -64 -74 -74 -82 -89 -89 -88 -84 -86 -86 -84 -94 -94 -94 -92 -89 -92 -97 -94 -88 -82 -82 -84 -97 -94 -93 -96 -94 -91 -96 -96 -96 -103 -103 -103 -101 -100 -102 -102 -94 -105 -108 -93 -97 -102 -101 -98 -98 -98 -97 -98 -97 -96 -101 -98 -101 -97 -97 -98 -98 -98 -97 -97 -96 -97 -98 -97 -97 -97 -97 -97 -97 -97 -97 -97 -97 -97 -96 -96 -97 -97 -97 -97 -97 -98 -98 -98 -101 -120 -97 -96 -96 -98 -96 -96 -94 -94 -96 -96 -96 -96 -97 -98 -97 -98 -96 -94 -96 -96 -97 -97 -97 -92 -97 -102 -97 -93 -94 -97 -97 -98 -94 -94 -98 -98 -103 -101 -94 -88 -91 -106 -105 -116 -111 -103 -86 -86 -86 -106 -100 -96 -94 -78
76 76 78 79 74 61 56 54 61 55 48 56 67 67 68 64 67 93 94 90 78 71 74 82 81 78 78 82 83 74 78 81 89 96 91 87 89 87 84 84 85 85 76 53 0 29 78 87 106 110 107 106 106 106 108 107 105 112 111 111 105 107 107 113 79 79 97 101 105 111 106 100 105 114 107 112 112 112 114 114 114 107 114 110 107 97 89 93 89 89 89 94 91 85 88 91 94 93 85 84 81 74 73 73 74 74 66 65 72 71 62 58 61 71 65 53 53 54 52 53 49 48 37 31 0 0 9 64 85 85 70 90 97 66 42 61 83 42 72 48 0 0 0 0 31 43 71 64 70 60 56 77 97 110 110 79 67 58 60 53 59 70 74 56 27 32 44 44 37 38 39 39 19 29 35 33 33 35 35 36 36 36 30 32 36 35 35 31 24 14 0 0 6 6 33 36 37 37 39 43 47 49 45 44 37 37 38 45 47 50 37 39 44 41 0 0 42 54 54 52 42 49 54 47 36 33 37 35 44 68 76 76 71 66 62 61 73 104 83 102 99 56 30 0 0 0 85 79 71 83 67 81 83 74 55 55 65 65 73 87 106 110 120 120 95 72 84 81 76 76 0 0 0 62 56 59 55 61 66 73 67 55 55 50 49 49 53 48 48 50 48 54 53 43 41 41 47 38 42 37 36 35 32 25 15 22 27 25 25 25 26 29 22 32 33 35 30 31 32 33 35 35 14 21 36 35 35 36 35 35 35 31 29 29 6 44 -1 -1 -1 -1 -1 -1 -1 -1 -1 -1 -1 -1 -1 -1 -1 -1 -1 -2 -6 -25 -28 -31 -37 -37 -34 -34 -44 -44 -42 -41 -45 -53 -64 -64 -74 -74 -74 -82 -88 -89 -89 -86 -86 -84 -94 -94 -94 -92 -88 -88 -91 -96 -94 -88 -82 -84 -98 -94 -93 -94 -94 -94 -91 -97 -97 -96 -105 -103 -102 -100 -101 -102 -94 -105 -105 -108 -93 -97 -102 -101 -98 -98 -97 -98 -97 -96 -100 -100 -98 -101 -98 -97 -98 -98 -98 -97 -96 -97 -98 -96 -96 -97 -97 -97 -97 -97 -97 -97 -97 -97 -96 -96 -97 -97 -97 -97 -97 -97 -100 -97 -97 -121 -96 -97 -96 -96 -98 -96 -96 -96 -96 -97 -96 -96 -97 -98 -97 -97 -97 -97 -96 -96 -97 -97 -97 -93 -97 -102 -97 -93 -96 -96 -97 -97 -98 -94 -96 -96 -106 -100 -96 -96 -114 -128 -128 -106 -91 -97 -103 -86 -84 -106 -100 -96 -96 -78
76 78 79 74 61 56 56 54 61 55 48 56 67 68 64 67 93 94 90 90 78 71 74 82 81 78 82 83 74 78 81 89 89 96 91 87 89 87 84 85 85 76 53 0 29 29 78 87 106 110 107 106 106 108 107 105 112 111 111 111 105 107 107 113 79 97 101 105 111 106 106 100 105 114 107 112 112 114 114 114 107 114 110 110 107 97 89 93 89 89 94 91 85 88 91 94 94 93 85 84 81 74 73 74 74 66 65 72 71 71 62 58 61 71 65 53 54 52 53 49 48 37 37 31 0 0 9 64 85 70 90 97 66 42 42 61 83 42 72 48 0 0 0 31 43 71 64 64 70 60 56 77 97 110 79 67 58 60 53 59 59 70 74 56 27 32 44 37 38 39 39 19 29 29 35 33 33 35 35 36 36 30 32 36 35 35 35 31 24 14 0 0 6 33 36 37 37 39 39 43 47 49 45 44 37 38 45 47 50 37 39 39 44 41 0 0 42 54 52 42 49 54 47 36 36 33 37 35 44 68 76 71 66 62 61 73 104 104 83 102 99 56 30 0 0 85 79 71 83 67 67 81 83 74 55 55 65 73 87 106 110 120 120 120 95 72 84 81 76 0 0 0 62 56 59 59 55 61 66 73 67 55 50 49 49 53 48 48 48 50 48 54 53 43 41 47 38 42 37 36 35 35 32 25 15 22 27 25 25 26 29 22 32 33 33 35 30 31 32 33 35 14 21 36 35 35 35 36 35 35 35 31 29 6 44 -1 -1 -1 -1 -1 -1 -1 -1 -1 -1 -1 -1 -1 -1 -1 -1 -1 -1 -2 -6 -25 -28 -31 -37 -34 -34 -44 -44 -42 -41 -41 -45 -53 -64 -64 -74 -74 -82 -88 -89 -89 -86 -86 -86 -84 -94 -94 -94 -92 -88 -91 -96 -94 -88 -82 -82 -84 -98 -94 -93 -94 -94 -91 -97 -97 -96 -105 -103 -103 -102 -100 -101 -102 -94 -105 -108 -93 -97 -102 -101 -98 -98 -98 -97 -98 -97 -96 -100 -98 -101 -98 -97 -98 -98 -98 -98 -97 -96 -97 -98 -96 -97 -97 -97 -97 -97 -97 -97 -97 -97 -97 -96 -96 -97 -97 -97 -97 -97 -100 -100 -97 -97 -121 -96 -97 -96 -98 -96 -96 -96 -96 -97 -97 -96 -96 -97 -98 -97 -97 -97 -96 -96 -97 -97 -97 -97 -93 -97 -102 -97 -93 -96 -97 -97 -98 -94 -96 -96 -96 -106 -100 -96 -96 -114 -128 -106 -91 -97 -103 -86 -84 -84 -106 -100 -96 -96 -78
73 73 61 70 55 50 54 62 66 56 52 33 72 72 59 61 81 94 85 70 71 74 77 74 71 74 74 83 76 79 89 83 88 90 83 83 85 89 91 91 83 84 72 12 0 77 101 106 107 105 105 105 105 105 105 97 88 110 110 106 110 111 112 114 71 71 112 106 105 94 99 104 108 111 105 108 113 113 111 112 110 107 119 111 102 108 104 101 99 94 94 99 93 89 89 96 96 82 82 78 74 74 74 74 76 68 70 72 67 66 67 61 59 59 54 62 62 60 58 58 56 50 45 38 32 7 0 39 37 37 72 70 37 24 48 0 0 24 13 0 0 0 14 0 0 12 0 0 0 35 45 48 70 76 76 50 38 54 71 62 53 64 55 47 60 42 16 16 24 36 24 15 29 38 37 35 36 35 33 36 36 33 27 30 36 36 35 25 12 0 0 10 1 1 35 37 35 42 44 43 47 53 47 44 39 39 43 45 47 44 41 45 49 47 30 0 0 0 0 0 26 39 37 0 0 0 0 0 0 39 50 50 61 55 47 61 72 82 76 99 62 20 19 0 0 72 93 88 96 116 73 85 67 74 49 56 62 62 68 85 99 102 111 113 72 79 88 87 67 67 20 -107 0 47 65 62 59 56 66 70 58 49 49 52 47 49 48 38 39 37 32 41 44 47 48 48 43 42 45 47 49 50 45 35 25 37 36 31 31 32 37 36 27 38 32 27 25 27 29 29 31 31 30 8 35 36 35 35 36 37 32 26 0 0 0 -1 -1 -1 -1 -1 -1 -1 -1 -1 -1 -1 -1 -1 -1 -1 -1 -2 -4 -11 -26 -36 -31 -27 -35 -35 -35 -44 -45 -44 -41 -41 -46 -54 -64 -73 -75 -73 -73 -81 -81 -88 -88 -88 -86 -83 -92 -93 -93 -92 -92 -92 -94 -98 -84 -78 -82 -88 -88 -97 -97 -93 -96 -96 -96 -98 -96 -97 -103 -103 -102 -100 -101 -105 -97 -105 -105 -102 -97 -100 -101 -97 -94 -100 -97 -98 -98 -100 -101 -101 -97 -96 -98 -102 -98 -97 -97 -97 -96 -97 -100 -97 -97 -96 -97 -97 -97 -97 -97 -96 -97 -97 -96 -97 -98 -98 -97 -98 -97 -96 -94 -96 -97 -117 -101 -97 -97 -97 -97 -96 -94 -96 -96 -94 -96 -94 -94 -96 -97 -97 -97 -96 -94 -96 -98 -98 -96 -96 -98 -98 -96 -97 -96 -96 -96 -96 -98 -98 -98 -100 -110 -112 -122 -126 -116 -97 -97 -88 -93 -107 -105 -96 -98 -105 -92 -100 -91 -82
47 50 53 50 54 56 56 60 66 58 9 0 66 76 72 94 84 74 73 73 73 70 73 71 73 78 76 72 82 79 77 85 85 93 82 82 83 85 85 79 72 32 14 72 95 95 104 105 104 105 105 102 100 95 95 108 101 100 100 100 106 112 112 111 73 104 101 107 102 111 111 116 118 111 111 117 110 108 117 107 118 112 110 110 108 110 112 105 102 104 104 97 97 96 96 88 88 91 95 84 85 81 72 68 73 77 77 74 73 73 67 68 72 66 58 58 61 56 52 53 59 52 52 41 42 39 21 0 0 14 14 31 12 -56 -56 -128 0 0 0 0 39 16 2 0 0 0 7 7 0 0 0 15 48 26 35 38 50 52 31 45 45 52 49 49 49 20 25 33 22 20 29 36 32 32 33 35 33 35 33 35 32 29 27 36 35 35 35 21 0 0 18 30 6 36 33 35 38 36 36 41 45 50 53 52 49 47 45 44 43 44 48 48 50 44 44 38 44 26 0 0 0 0 0 20 20 0 0 0 0 -114 -74 27 32 35 47 59 50 50 50 59 44 52 0 0 90 97 94 118 85 71 71 67 68 72 52 64 70 71 78 91 108 102 102 74 74 88 93 84 67 9 14 44 60 62 61 61 64 66 64 53 45 52 55 48 43 37 31 0 0 3 0 0 35 43 45 45 48 50 53 55 45 45 39 31 36 44 36 29 36 37 36 33 37 27 27 0 8 13 14 0 27 36 4 38 35 35 35 36 36 36 31 0 0 -77 -1 -1 -1 -1 -1 -1 -1 -1 -1 -1 -1 -1 -1 -1 -1 -6 -20 -22 -22 -23 -31 -27 -28 -26 -34 -36 -45 -44 -41 -42 -42 -42 -51 -63 -64 -73 -73 -81 -79 -78 -89 -89 -88 -86 -86 -86 -82 -93 -92 -93 -93 -93 -89 -79 -79 -88 -88 -93 -92 -98 -96 -98 -98 -100 -100 -98 -97 -103 -100 -100 -100 -97 -101 -103 -100 -101 -105 -102 -96 -98 -97 -103 -103 -101 -97 -97 -98 -98 -100 -94 -96 -105 -107 -97 -94 -94 -97 -97 -96 -98 -100 -96 -97 -97 -97 -98 -97 -96 -96 -96 -98 -98 -97 -97 -97 -97 -97 -96 -94 -96 -96 -96 -97 -107 -112 -100 -97 -96 -96 -94 -96 -96 -97 -97 -96 -96 -94 -94 -98 -94 -93 -96 -97 -100 -97 -97 -97 -96 -97 -96 -97 -100 -98 -93 -100 -98 -100 -114 -128 -128 -117 -96 -89 -112 -103 -91 -92 -103 -106 -93 -97 -98 -98 -96 -92 -106 -101 -101
53 53 60 53 59 54 55 62 66 33 0 0 81 81 72 76 74 72 76 68 32 71 74 74 78 74 74 74 88 95 101 99 100 99 90 87 90 90 85 85 77 85 52 48 89 96 102 101 100 102 100 93 93 91 91 93 90 89 87 94 101 101 97 97 68 68 107 117 112 112 122 117 117 116 114 112 110 110 114 118 117 118 112 113 113 111 113 107 105 102 102 102 102 101 99 97 96 99 95 89 85 77 79 79 82 82 82 79 77 72 67 70 77 64 60 55 55 61 54 54 54 59 49 53 50 44 33 12 0 0 0 0 0 0 -128 -128 0 0 3 30 42 42 31 37 32 32 29 27 32 13 0 0 12 24 24 19 27 33 14 15 30 26 39 43 26 22 27 27 30 26 31 35 33 33 35 36 36 33 35 35 35 36 27 27 35 35 32 16 -128 -128 19 36 10 10 35 38 39 41 45 45 47 48 52 55 44 44 44 48 42 42 47 54 47 52 53 39 49 33 33 7 0 0 8 33 36 36 33 30 18 -128 -108 -108 0 7 0 0 0 0 41 55 65 0 0 67 67 87 81 91 108 74 49 72 60 52 60 71 72 72 76 77 91 97 77 79 87 94 99 84 27 27 0 30 53 61 64 67 74 68 58 56 45 52 52 48 38 38 41 29 0 0 -128 0 14 26 41 41 49 54 55 47 36 37 32 32 37 37 26 30 30 35 32 30 29 31 25 0 0 0 0 0 31 31 32 2 32 33 37 36 33 36 32 0 0 0 -128 -1 -1 -1 -1 -1 -1 -1 -1 -1 -1 -1 -1 -1 -1 -7 -20 -20 -21 -30 -26 -27 -30 -30 -36 -36 -46 -44 -42 -41 -42 -46 -49 -63 -65 -74 -82 -78 -78 -75 -79 -78 -89 -84 -87 -86 -81 -84 -94 -97 -93 -93 -93 -92 -89 -78 -88 -94 -98 -97 -101 -100 -98 -98 -97 -98 -98 -96 -94 -100 -100 -102 -101 -103 -102 -100 -100 -101 -93 -92 -100 -106 -101 -96 -97 -98 -98 -100 -98 -98 -97 -100 -107 -102 -91 -93 -97 -97 -98 -98 -97 -97 -97 -97 -96 -97 -97 -97 -96 -97 -98 -97 -97 -97 -97 -97 -98 -94 -94 -96 -97 -97 -98 -97 -121 -98 -93 -93 -94 -96 -94 -96 -96 -97 -96 -97 -96 -96 -96 -94 -94 -97 -97 -97 -98 -96 -94 -96 -96 -94 -98 -101 -98 -98 -94 -105 -124 -124 -110 -98 -96 -93 -107 -108 -96 -89 -89 -96 -101 -100 -84 -106 -102 -96 -97 -100 -98 -97
66 65 61 74 81 71 71 73 84 78 79 81 91 73 71 76 82 78 38 38 0 48 84 84 84 93 101 101 99 99 99 99 99 101 99 95 100 100 93 96 100 97 95 94 97 97 100 100 96 95 90 88 90 91 91 93 94 99 99 105 102 96 96 100 67 102 102 95 116 114 114 107 108 112 113 116 111 108 114 111 110 112 111 111 112 117 111 99 102 104 102 99 95 96 99 100 100 100 96 90 84 87 85 82 79 81 78 72 67 67 68 72 64 61 65 65 68 55 53 55 61 61 61 49 45 58 48 36 36 30 25 20 0 0 0 4 31 37 43 41 48 50 74 83 96 50 54 54 52 20 15 9 0 0 0 0 0 0 0 0 0 19 27 29 22 25 24 30 33 33 32 33 35 35 36 36 36 35 35 35 37 25 29 36 32 25 25 7 -128 -128 0 32 3 31 38 41 47 45 45 53 53 50 53 43 41 49 50 50 49 50 48 48 48 55 43 48 55 55 43 42 41 47 47 48 48 50 53 53 50 36 32 0 0 0 47 26 0 0 0 25 0 0 62 81 77 83 104 91 45 56 56 79 72 43 67 73 72 78 85 88 64 78 78 89 89 93 94 76 18 72 73 66 71 64 65 65 62 61 55 56 54 55 38 43 48 47 32 0 0 0 0 -128 -98 0 31 50 53 42 31 30 43 43 41 32 31 29 25 32 33 27 24 27 32 29 29 27 18 0 0 0 0 0 0 21 32 38 38 33 33 38 30 19 14 -107 -1 -1 -1 -1 -1 -1 -1 -1 -1 -1 -1 -1 -3 -9 -21 -18 -31 -30 -30 -26 -26 -30 -31 -30 -36 -42 -45 -42 -42 -44 -46 -46 -49 -64 -67 -74 -82 -73 -73 -77 -78 -86 -86 -87 -87 -86 -82 -86 -94 -94 -93 -89 -83 -82 -77 -88 -88 -92 -96 -101 -102 -93 -96 -98 -101 -103 -97 -97 -102 -102 -102 -103 -98 -100 -100 -97 -96 -94 -98 -107 -102 -94 -94 -96 -97 -98 -97 -97 -98 -98 -97 -103 -94 -92 -97 -97 -100 -98 -97 -97 -98 -100 -94 -96 -97 -98 -97 -97 -97 -98 -98 -97 -97 -97 -97 -97 -94 -96 -97 -97 -97 -97 -97 -96 -121 -97 -96 -97 -96 -96 -97 -96 -96 -96 -94 -96 -94 -96 -94 -97 -97 -96 -98 -96 -94 -94 -94 -97 -96 -98 -100 -97 -116 -121 -117 -98 -96 -97 -98 -98 -98 -98 -103 -102 -94 -97 -101 -101 -93 -98 -108 -100 -100 -98 -96 -96 -98 -96
66 66 65 61 74 81 71 73 84 78 79 81 91 91 73 71 76 82 78 38 0 48 84 84 84 93 93 101 101 99 99 99 99 101 99 95 100 100 93 93 96 100 97 95 94 97 100 100 96 95 90 88 88 90 91 91 93 94 99 105 102 96 96 100 67 67 102 102 95 116 114 107 108 112 113 116 111 111 108 114 111 110 112 111 112 117 111 99 102 104 104 102 99 95 96 99 100 100 96 90 84 87 85 85 82 79 81 78 72 67 68 72 64 61 65 65 65 68 55 53 55 61 61 49 45 58 48 36 36 36 30 25 20 0 0 4 31 37 43 41 48 48 50 74 83 96 50 54 52 20 15 9 0 0 0 0 0 0 0 0 0 19 27 29 22 25 24 24 30 33 33 32 33 35 36 36 36 35 35 35 35 37 25 29 36 32 25 7 -128 -128 0 32 3 3 31 38 41 47 45 53 53 50 53 43 41 41 49 50 50 49 50 48 48 55 43 48 55 55 55 43 42 41 47 47 48 50 53 53 50 36 32 32 0 0 0 47 26 0 0 25 0 0 62 81 81 77 83 104 91 45 56 79 72 43 67 73 72 72 78 85 88 64 78 89 89 93 94 76 18 18 72 73 66 71 64 65 62 61 55 56 54 55 55 38 43 48 47 32 0 0 0 -128 -98 0 31 31 50 53 42 31 30 43 41 32 31 29 25 32 32 33 27 24 27 32 29 27 18 0 0 0 0 0 0 0 21 32 38 33 33 38 30 19 14 14 -107 -1 -1 -1 -1 -1 -1 -1 -1 -1 -1 -1 -1 -3 -9 -21 -18 -31 -30 -26 -26 -30 -31 -30 -36 -36 -42 -45 -42 -42 -44 -46 -49 -64 -67 -74 -82 -73 -73 -73 -77 -78 -86 -86 -87 -86 -82 -86 -94 -94 -93 -93 -89 -83 -82 -77 -88 -92 -96 -101 -102 -93 -96 -96 -98 -101 -103 -97 -97 -102 -102 -103 -98 -100 -100 -97 -97 -96 -94 -98 -107 -102 -94 -96 -97 -98 -97 -97 -98 -98 -98 -97 -103 -94 -92 -97 -100 -98 -97 -97 -98 -100 -100 -94 -96 -97 -98 -97 -97 -98 -98 -97 -97 -97 -97 -97 -97 -94 -96 -97 -97 -97 -97 -96 -121 -97 -96 -96 -97 -96 -96 -97 -96 -96 -94 -96 -94 -96 -94 -97 -97 -97 -96 -98 -96 -94 -94 -97 -96 -98 -100 -97 -116 -116 -121 -117 -98 -96 -97 -98 -98 -98 -103 -102 -94 -97 -97 -101 -101 -93 -98 -108 -100 -98 -96 -96 -98 -96
62 62 60 74 79 71 71 73 84 84 91 93 95 72 70 74 82 78 66 66 65 77 84 83 82 93 101 99 99 99 99 99 99 101 99 94 100 100 93 99 104 102 100 99 99 99 100 99 96 95 91 88 90 91 91 93 94 99 99 104 102 96 96 100 67 102 102 95 116 114 114 108 108 112 113 117 111 108 114 111 110 112 111 111 112 117 111 97 102 104 102 99 95 96 97 100 100 100 96 90 87 87 84 82 81 81 79 72 70 70 68 72 64 64 66 65 68 55 53 55 61 64 64 50 45 59 52 44 47 41 35 29 26 30 30 35 43 49 55 49 52 53 79 90 105 61 61 61 60 27 22 29 22 20 3 10 0 0 0 0 0 12 24 27 21 22 24 29 33 35 32 33 36 36 35 36 36 35 36 35 36 25 29 32 22 0 0 0 -128 0 20 32 3 31 38 41 47 47 47 53 52 49 52 43 41 49 48 50 45 49 48 48 48 55 43 49 55 60 53 54 54 56 55 55 55 55 58 64 64 50 47 39 32 42 56 36 41 41 0 0 0 0 82 90 78 83 102 89 43 54 54 78 72 43 67 73 72 79 85 88 64 78 78 89 89 93 94 78 77 87 79 70 72 64 65 65 62 60 55 56 53 55 38 43 48 50 35 15 15 0 6 0 -128 0 22 45 53 38 31 29 41 41 38 32 30 29 22 32 31 26 22 26 31 30 30 32 25 24 22 22 19 13 0 0 32 38 38 33 32 36 26 0 0 -70 -1 -1 -1 -1 -1 -1 -1 -1 -1 -1 -1 -1 -3 -11 -20 -20 -31 -28 -28 -26 -26 -28 -31 -28 -36 -42 -45 -42 -42 -44 -46 -46 -49 -63 -65 -74 -82 -73 -73 -77 -79 -86 -86 -87 -87 -84 -82 -86 -94 -94 -93 -89 -83 -82 -77 -88 -88 -92 -96 -102 -102 -93 -96 -100 -101 -103 -97 -97 -103 -103 -102 -103 -100 -100 -100 -97 -96 -94 -98 -107 -102 -94 -94 -96 -97 -98 -97 -97 -98 -98 -98 -103 -94 -91 -97 -97 -101 -98 -97 -97 -98 -98 -94 -96 -97 -98 -97 -97 -97 -98 -96 -97 -97 -97 -97 -97 -94 -96 -97 -97 -97 -96 -96 -97 -112 -107 -96 -97 -96 -96 -97 -96 -96 -96 -94 -96 -96 -96 -96 -97 -97 -96 -98 -96 -94 -96 -96 -98 -97 -98 -112 -124 -116 -93 -98 -98 -94 -96 -97 -97 -97 -98 -103 -102 -96 -98 -101 -101 -93 -98 -108 -100 -100 -98 -97 -96 -98 -96
68 68 74 84 84 81 71 79 94 96 94 95 96 96 78 87 94 97 96 90 90 95 93 93 99 96 96 97 99 99 97 95 97 97 96 100 101 100 101 101 101 102 100 96 91 93 94 94 95 91 93 95 95 95 99 96 100 111 102 97 96 97 102 105 71 71 99 99 102 113 104 102 106 113 113 112 108 108 104 108 107 107 107 110 102 108 105 102 101 93 93 91 93 96 97 94 94 91 85 91 82 84 87 87 81 82 79 78 78 68 61 65 66 73 66 67 67 60 54 55 54 73 53 48 58 53 44 50 55 55 52 45 45 43 42 47 54 61 56 58 65 65 56 81 97 56 35 41 33 30 36 37 45 49 49 19 21 16 9 0 0 0 33 39 30 25 32 32 35 32 35 36 35 35 35 36 37 36 35 36 36 37 26 29 22 7 -128 -128 0 21 29 27 0 0 36 39 41 43 44 44 37 38 39 44 45 45 52 52 36 43 41 37 45 47 52 59 67 67 67 68 65 65 62 56 60 61 62 64 58 54 61 61 58 52 66 76 76 61 32 37 60 73 87 84 84 68 83 89 41 48 65 56 52 60 62 66 62 62 70 77 72 79 88 85 87 85 79 78 85 85 88 76 72 66 70 64 58 60 61 64 59 45 45 45 50 53 48 37 32 26 7 0 0 0 0 0 42 44 39 37 33 35 32 27 26 25 25 31 31 29 29 26 30 30 29 32 32 33 32 27 24 24 1 4 0 33 36 33 32 26 16 0 0 0 -1 -1 -1 -1 -1 -1 -1 -1 -1 -1 -1 -6 -6 -21 -21 -18 -20 -30 -27 -27 -30 -31 -31 -31 -45 -45 -42 -44 -41 -41 -42 -47 -50 -64 -75 -82 -78 -69 -69 -70 -74 -75 -75 -84 -84 -81 -83 -73 -86 -84 -78 -78 -75 -77 -84 -81 -93 -89 -92 -102 -88 -87 -98 -98 -100 -101 -108 -97 -105 -102 -103 -100 -96 -100 -102 -101 -101 -103 -105 -105 -106 -100 -97 -100 -100 -96 -97 -97 -100 -100 -97 -98 -97 -96 -96 -98 -98 -96 -97 -97 -98 -97 -97 -96 -96 -98 -98 -97 -96 -97 -97 -98 -98 -97 -96 -96 -96 -97 -98 -96 -100 -97 -96 -96 -101 -121 -97 -97 -98 -94 -94 -97 -96 -94 -94 -96 -97 -97 -96 -97 -97 -96 -97 -97 -97 -93 -97 -98 -111 -126 -116 -106 -101 -101 -96 -100 -92 -96 -100 -98 -97 -101 -102 -96 -92 -105 -105 -106 -93 -92 -98 -100 -100 -98 -97 -94 -102 -94
89 88 73 70 68 66 66 93 96 87 76 71 71 82 94 93 93 87 94 94 96 93 85 93 93 95 100 99 94 91 94 94 94 93 96 96 100 97 100 101 97 90 87 93 93 93 91 91 90 91 95 93 95 97 102 107 96 95 95 100 108 108 106 108 74 108 111 112 110 104 104 108 108 108 106 105 105 112 110 113 102 111 110 110 104 95 94 95 90 91 100 104 105 93 90 94 94 90 87 85 82 81 79 76 72 79 71 68 65 65 71 70 76 67 61 60 58 60 52 59 65 73 73 62 56 59 65 65 59 56 64 62 37 53 53 59 60 67 60 54 59 68 64 15 16 27 53 53 35 53 54 56 64 52 41 43 43 38 27 14 14 0 31 27 19 25 30 31 31 35 36 36 35 35 36 36 36 35 35 36 35 32 29 18 0 -128 -128 -128 16 35 35 32 10 38 37 39 45 42 42 33 35 45 48 49 44 48 53 32 37 35 35 35 42 48 54 59 65 61 61 68 74 66 64 65 65 64 73 53 61 58 60 66 73 79 79 87 70 70 64 77 88 87 89 65 67 91 36 37 56 59 59 62 67 74 68 67 66 78 76 78 89 89 89 83 81 78 83 79 84 79 74 67 67 68 61 61 61 58 53 62 56 45 52 52 48 47 44 41 41 3 0 0 6 10 29 35 33 37 39 33 32 32 31 26 32 30 31 35 30 29 30 31 30 29 29 35 36 37 35 30 33 26 24 4 32 38 38 36 30 0 0 0 -73 -1 -1 -1 -1 -1 -1 -1 -1 -1 -1 -1 -8 -23 -18 -18 -28 -27 -25 -27 -27 -30 -31 -30 -26 -31 -45 -45 -44 -42 -41 -45 -50 -50 -64 -65 -74 -81 -74 -70 -72 -72 -72 -73 -81 -79 -79 -77 -69 -67 -69 -68 -65 -77 -89 -89 -86 -89 -89 -89 -92 -88 -87 -96 -101 -98 -100 -89 -86 -102 -101 -101 -101 -101 -100 -103 -102 -102 -105 -96 -100 -105 -98 -94 -94 -100 -100 -92 -98 -98 -97 -97 -100 -97 -97 -97 -98 -98 -96 -94 -97 -98 -97 -97 -94 -98 -97 -97 -96 -97 -97 -97 -97 -97 -97 -97 -97 -97 -98 -96 -97 -101 -101 -97 -94 -97 -100 -122 -96 -94 -94 -96 -96 -94 -96 -96 -96 -94 -98 -96 -96 -97 -98 -98 -100 -98 -100 -115 -115 -126 -112 -97 -101 -101 -96 -101 -96 -93 -103 -102 -101 -101 -102 -106 -101 -92 -97 -111 -101 -89 -92 -101 -101 -102 -102 -100 -100 -96 -96 -97
85 85 81 70 82 71 88 93 83 90 83 88 90 90 88 88 88 90 94 96 95 88 83 87 96 100 100 97 93 83 94 90 87 88 83 96 94 90 96 96 93 88 89 94 94 91 88 91 90 89 87 83 83 82 88 91 91 90 93 101 110 102 99 110 79 79 110 111 102 104 118 112 104 111 107 112 117 117 112 101 104 105 104 99 96 85 85 88 84 88 88 94 101 96 94 93 87 89 90 79 77 79 78 78 77 76 81 70 74 71 72 72 81 70 66 60 60 60 56 59 74 68 73 71 73 81 84 61 54 54 62 70 53 42 60 68 81 99 50 64 82 82 95 108 35 39 49 65 59 77 73 55 61 68 68 71 76 68 50 20 14 0 0 0 12 16 26 26 31 33 33 35 32 33 36 36 35 36 36 35 35 36 33 29 10 0 10 19 31 36 38 37 8 8 36 41 47 42 32 29 39 45 44 32 32 32 45 45 33 35 31 30 37 45 49 55 64 61 61 67 77 77 87 87 77 72 79 72 74 66 67 67 78 79 77 77 70 58 71 85 85 91 67 60 60 87 55 31 53 54 59 76 71 77 73 73 82 82 83 81 89 87 87 78 78 82 85 77 68 68 82 76 70 71 64 56 58 50 49 59 59 55 55 50 47 42 45 36 36 37 38 27 20 29 24 24 24 30 38 37 31 31 35 32 30 30 31 29 29 27 29 31 35 32 29 33 38 37 30 36 32 32 33 33 4 38 37 33 27 0 0 -1 -1 -1 -1 -1 -1 -1 -1 -1 -1 -1 -1 -8 -23 -16 -16 -16 -25 -25 -23 -26 -28 -30 -28 -26 -28 -46 -42 -42 -41 -42 -42 -44 -47 -63 -64 -74 -82 -77 -73 -73 -73 -73 -73 -70 -72 -69 -78 -79 -73 -69 -73 -68 -70 -70 -78 -79 -86 -84 -91 -93 -86 -87 -83 -102 -100 -100 -98 -100 -97 -94 -102 -101 -101 -101 -101 -101 -101 -102 -102 -96 -91 -102 -108 -96 -98 -103 -94 -97 -101 -100 -96 -96 -105 -100 -97 -97 -97 -97 -97 -97 -98 -97 -98 -96 -96 -97 -98 -97 -98 -100 -97 -97 -96 -97 -98 -98 -97 -97 -98 -97 -96 -98 -100 -96 -98 -101 -100 -116 -97 -97 -94 -96 -93 -97 -96 -97 -97 -97 -97 -98 -97 -97 -97 -96 -100 -115 -120 -117 -103 -96 -101 -97 -98 -100 -97 -97 -94 -96 -101 -101 -101 -105 -106 -105 -100 -92 -101 -105 -105 -96 -91 -98 -106 -96 -101 -97 -94 -92 -93 -96
85 81 70 82 71 88 88 93 83 90 83 88 90 88 88 88 90 94 96 96 95 88 83 87 96 100 97 93 83 94 90 87 87 88 83 96 94 90 96 93 88 89 94 94 91 91 88 91 90 89 87 83 82 88 91 91 90 93 93 101 110 102 99 110 79 110 111 102 104 118 118 112 104 111 107 112 117 112 101 104 105 104 99 99 96 85 85 88 84 88 94 101 96 94 93 87 87 89 90 79 77 79 78 77 76 81 70 74 71 71 72 72 81 70 66 60 60 56 59 74 68 73 73 71 73 81 84 61 54 62 70 53 42 60 60 68 81 99 50 64 82 95 108 35 39 49 65 65 59 77 73 55 61 68 71 76 68 50 20 14 14 0 0 0 12 16 26 31 33 33 35 32 33 33 36 36 35 36 36 35 36 33 29 10 0 10 10 19 31 36 38 37 8 36 41 47 42 32 32 29 39 45 44 32 32 45 45 33 35 31 30 30 37 45 49 55 64 61 67 77 77 87 87 77 77 72 79 72 74 66 67 78 79 77 77 70 58 58 71 85 85 91 67 60 87 55 31 53 54 59 59 76 71 77 73 73 82 83 81 89 87 87 87 78 78 82 85 77 68 82 76 70 71 64 56 56 58 50 49 59 59 55 50 47 42 45 36 36 36 37 38 27 20 29 24 24 30 38 37 31 31 31 35 32 30 30 31 29 27 29 31 35 32 29 29 33 38 37 30 36 32 33 33 4 38 37 37 33 27 0 0 -1 -1 -1 -1 -1 -1 -1 -1 -1 -1 -1 -1 -8 -23 -16 -16 -25 -25 -23 -26 -28 -28 -30 -28 -26 -28 -46 -42 -41 -42 -42 -44 -47 -63 -63 -64 -74 -82 -77 -73 -73 -73 -73 -70 -72 -69 -78 -78 -79 -73 -69 -73 -68 -70 -78 -79 -86 -84 -91 -91 -93 -86 -87 -83 -102 -100 -98 -100 -97 -94 -102 -101 -101 -101 -101 -101 -101 -101 -102 -96 -91 -102 -108 -96 -98 -98 -103 -94 -97 -101 -100 -96 -105 -100 -97 -97 -97 -97 -97 -97 -97 -98 -97 -98 -96 -97 -98 -97 -98 -100 -97 -97 -97 -96 -97 -98 -98 -97 -98 -97 -96 -98 -100 -100 -96 -98 -101 -100 -116 -97 -94 -96 -93 -97 -96 -97 -97 -97 -97 -97 -98 -97 -97 -96 -100 -115 -120 -117 -103 -103 -96 -101 -97 -98 -100 -97 -94 -96 -101 -101 -101 -105 -105 -106 -105 -100 -92 -101 -105 -96 -91 -98 -106 -96 -101 -101 -97 -94 -92 -93 -96
85 85 82 70 81 71 88 93 82 90 83 89 90 90 88 89 88 91 94 96 95 88 83 87 96 100 100 97 93 83 94 90 87 88 83 96 94 90 96 96 93 88 89 94 94 91 88 91 90 89 87 85 85 82 88 91 91 88 93 101 111 102 99 110 79 79 111 111 102 105 117 112 104 108 106 112 116 116 111 100 102 106 104 97 96 85 85 85 84 88 88 94 101 96 93 93 88 89 90 79 77 78 78 78 77 73 81 70 73 71 72 74 81 70 70 59 59 60 58 59 74 71 76 71 73 81 84 64 54 54 64 70 54 43 64 70 82 100 53 66 82 82 96 108 37 41 53 67 64 81 73 59 64 70 70 73 77 72 54 27 22 22 13 0 0 0 25 25 32 33 35 35 32 36 36 35 35 36 36 35 35 36 35 27 4 0 19 30 35 36 38 37 8 8 36 42 44 42 30 30 39 45 44 32 32 32 44 44 31 33 30 29 37 43 47 55 61 61 61 66 77 78 87 87 78 73 79 72 74 67 68 68 79 82 76 76 68 58 71 87 85 90 67 59 59 84 53 31 53 55 61 77 73 78 76 74 83 83 83 81 89 87 87 78 77 82 85 77 68 68 82 76 68 70 61 56 55 48 50 55 58 55 55 52 49 42 48 37 37 42 45 37 29 36 27 27 22 27 37 36 29 31 35 33 30 31 32 29 29 26 27 31 31 30 29 33 38 37 30 36 33 33 36 37 3 37 35 30 24 0 -1 -1 -1 -1 -1 -1 -1 -1 -1 -1 -1 -1 -1 -9 -25 -16 -16 -16 -27 -23 -23 -26 -27 -30 -27 -26 -30 -46 -42 -42 -41 -42 -42 -44 -47 -61 -64 -75 -82 -77 -73 -73 -73 -74 -73 -72 -72 -69 -78 -79 -73 -69 -73 -68 -69 -69 -79 -78 -86 -84 -89 -93 -84 -87 -84 -101 -100 -100 -98 -101 -97 -94 -102 -101 -102 -101 -101 -101 -101 -102 -102 -96 -92 -102 -108 -96 -98 -105 -94 -96 -101 -100 -96 -96 -105 -100 -97 -97 -97 -97 -96 -97 -100 -97 -98 -97 -97 -97 -98 -96 -98 -100 -97 -97 -96 -97 -98 -97 -97 -97 -98 -97 -96 -98 -100 -96 -98 -101 -100 -102 -112 -112 -94 -97 -93 -97 -97 -97 -97 -100 -98 -100 -101 -116 -116 -124 -116 -105 -96 -96 -98 -96 -100 -94 -98 -100 -97 -97 -96 -96 -102 -103 -100 -103 -106 -105 -100 -91 -101 -105 -105 -96 -91 -100 -106 -96 -101 -97 -93 -92 -91 -96
