river 11 Mississippi
-1 185
-2 186
-2 187
-3 188
-4 189
-4 190
-4 191
-4 192
-3 192
-2 192
-2 193
-2 194
-1 194
-1 195
-2 196
-1 196
-1 197
-2 197
-2 198
-2 199
-2 200
-1 199
-1 200
-1 201
-2 202
-1 202
-2 203
-3 204
-4 204
-4 205
-5 205
-5 204
-5 205
-6 206
-6 207
-7 207
-7 208
-8 209
-8 210
-9 210
-9 211
-10 212
-11 212
-11 213
-11 214
-12 214
-12 215
-13 215
-13 216
-14 217
-14 218
-15 218
-16 219
-15 219
-16 220
-17 220
-18 221
-17 221
-18 221
-19 222
-19 223
river 11 Missouri
-31 111
-32 111
-33 111
-34 111
-34 110
-35 111
-35 110
-34 109
-34 108
-35 109
-35 108
-36 109
-36 108
-35 107
-35 106
-35 105
-36 105
-37 105
-38 106
-39 106
-39 105
-40 106
-41 106
river 11 Missouri
-31 118
-32 119
-31 119
-31 120
-32 121
-32 122
-33 123
-33 124
-34 125
-33 125
-33 126
-33 127
-34 128
-35 129
-35 130
-35 131
-36 132
-36 133
-37 134
-38 135
-39 136
-39 135
-40 136
-40 137
-40 138
-40 139
river 11 Missouri
-36 143
-36 144
-37 145
-38 146
-37 146
-38 147
-38 148
-37 148
-37 149
-37 150
-36 150
-36 151
-35 151
river 11 Missouri
-52 105
-52 106
-51 105
-51 106
-50 105
-49 105
-48 105
-47 105
-47 106
-46 105
-45 105
-44 105
-43 105
-43 106
-42 106
-42 107
-41 106
river 11 Missouri
-31 111
-31 112
-32 113
-31 113
-31 114
-31 113
-30 113
-30 114
-31 115
-30 115
-31 116
-31 117
-31 118
river 11 Missouri
-40 139
-40 140
-39 140
-38 140
-38 141
-38 142
-37 142
-36 141
-37 141
-36 141
-37 142
-36 142
-36 143
river 11 Missouri
-35 151
-35 152
-35 153
-34 153
-34 154
-33 153
-32 153
-31 153
-30 153
-29 152
-29 153
-28 153
-28 154
-27 154
-26 154
-27 155
-26 155
-26 156
-25 155
-25 156
-26 157
-26 158
-26 159
-26 160
-26 161
-26 162
-27 163
-27 164
-27 165
-27 166
-28 167
-27 167
-28 168
-28 169
-29 170
-29 171
-30 172
-29 172
-30 173
-29 173
-29 174
-30 175
-29 175
-29 176
-29 177
-29 178
-28 178
-28 179
-27 178
-27 179
-27 180
-28 180
-29 181
-30 182
-29 182
-29 183
-29 184
-29 185
-28 185
-27 185
-26 184
-25 184
-25 185
-24 184
-24 185
-23 184
-22 184
-21 183
-21 184
-20 183
-20 184
-19 183
-20 183
-19 183
-18 182
-18 183
-17 182
-17 183
-17 184
-18 184
-18 185
-18 186
-17 185
-17 186
-16 185
-16 186
-15 186
-16 187
-15 187
-16 187
-15 187
-16 188
-15 188
-15 189
-14 189
-13 188
-12 187
-11 187
-10 187
-9 187
-9 188
-8 187
-8 188
-7 188
-6 187
-5 187
-4 186
-3 185
-2 185
-2 184
-2 185
-1 185
river 10 St. Lawrence
114 108
113 108
112 109
111 110
110 110
110 111
109 111
109 112
108 112
108 113
107 113
107 114
106 114
106 115
river 9 Allegheny
87 142
86 142
86 143
85 143
84 143
84 142
84 141
85 141
84 141
84 140
83 141
83 140
82 141
81 141
81 142
80 143
80 144
80 143
79 144
78 144
78 145
77 146
76 147
76 148
75 148
74 149
73 150
74 150
74 151
74 152
74 153
75 152
74 153
74 154
73 154
74 154
73 155
72 156
71 157
70 157
70 158
river 9 Niagara
83 131
83 132
82 133
river 9 St. Clair
61 139
61 140
60 141
60 142
59 143
river 9 Ohio
70 158
70 157
69 157
69 156
68 156
67 157
66 157
66 158
66 159
66 160
65 160
65 161
64 162
64 163
63 164
63 165
62 165
63 165
62 166
61 167
60 168
59 169
58 169
57 170
56 171
56 170
56 171
55 171
55 172
54 173
54 174
53 175
53 174
53 173
52 174
52 175
51 175
51 176
51 177
50 178
50 177
50 178
49 179
48 179
47 180
47 179
47 178
46 179
46 178
46 177
45 178
44 179
44 178
43 179
43 178
42 179
42 178
41 179
40 179
40 178
39 178
38 179
38 178
38 177
38 176
37 177
37 176
36 177
36 176
35 176
34 177
34 178
34 179
33 180
33 179
32 180
31 181
river 9 Ohio
31 181
31 180
30 181
30 180
29 181
29 182
28 183
27 184
26 185
25 185
25 186
24 187
24 188
23 188
22 188
22 187
22 186
21 187
22 187
21 187
21 188
20 188
20 189
19 189
19 190
18 190
19 189
18 190
18 189
17 189
17 190
17 189
16 190
15 191
15 190
14 190
13 190
12 191
11 191
11 190
10 191
10 192
9 192
8 193
8 194
8 195
7 195
6 195
6 196
5 196
4 197
4 198
4 199
3 199
3 198
2 198
1 198
0 199
-1 200
river 8 La Grande
130 34
129 34
128 35
128 34
127 35
126 35
125 36
125 35
124 36
123 36
122 36
121 36
120 37
119 37
118 38
117 38
116 38
115 38
115 37
river 8 La Grande
142 30
143 30
144 29
river 8 La Grande
148 29
147 29
148 28
147 28
river 8 La Grande
115 37
114 38
114 37
113 38
112 39
111 39
110 39
109 40
109 39
108 40
107 40
river 8 La Grande
142 30
142 29
141 30
141 29
140 30
139 30
138 30
138 29
137 30
137 29
136 30
136 29
135 30
134 31
133 32
132 33
131 33
130 34
river 8 La Grande
147 28
146 28
145 28
144 29
145 28
144 29
river 8 La Grande
150 28
151 28
151 27
150 28
149 28
149 29
148 29
river 8 Saskatchewan
-6 53
-5 53
-6 54
river 8 Saskatchewan
-12 56
-13 56
-13 57
-14 57
-15 58
river 8 Saskatchewan
2 57
2 58
3 58
2 59
2 60
2 61
3 60
4 60
4 61
5 61
river 8 Saskatchewan
5 61
6 60
7 60
8 59
8 60
9 59
10 59
11 59
12 58
13 57
river 8 Saskatchewan
-6 54
-5 54
-4 54
-3 54
-2 54
-1 53
-2 54
-1 54
-2 55
-1 55
0 54
0 55
0 56
0 57
1 56
2 56
2 57
river 8 Saskatchewan
-12 56
-11 56
-10 55
-9 55
-9 54
-8 53
-7 52
-7 53
-6 53
river 8 Saskatchewan
-21 59
-21 60
-20 60
-19 59
-19 60
-18 59
-17 59
-16 59
-16 58
-15 58
river 8 North Saskatchewan
-32 64
-31 63
-30 62
-29 62
-28 61
-27 60
-26 59
-25 59
-26 60
-25 60
-25 59
-24 59
-23 59
-22 59
-21 59
river 8 Arkansas
-95 191
-95 192
-94 192
-94 193
-93 193
-92 193
-91 193
-91 194
-90 194
-89 194
-89 195
-88 195
-88 196
-87 196
-86 195
-85 195
-84 195
-83 195
-82 195
-81 195
-80 195
-79 195
-79 196
-78 196
-77 196
-77 197
-76 197
-75 197
-74 197
-73 196
-73 197
-72 196
-72 197
-71 197
-71 198
-70 198
-69 198
-68 198
-68 199
-67 198
-67 199
-66 199
-65 199
-64 198
-63 197
-62 196
-61 196
-60 195
-59 194
-58 194
-57 193
-56 193
-56 194
-55 194
-55 195
-54 195
-54 196
-53 196
-53 197
-52 197
-52 198
-51 197
-52 198
-51 198
-51 199
-51 200
-52 201
-51 201
-52 202
-51 202
-52 203
-52 204
-52 205
-51 204
-51 205
-52 206
-52 207
-53 208
-53 207
-54 208
-54 209
-53 208
-53 209
-54 209
-54 210
-53 209
-52 209
-52 210
-51 210
-52 211
-51 211
-51 212
-50 211
-50 212
-51 212
-50 212
-49 212
-49 213
-49 214
-48 214
-48 215
-47 215
-46 215
-46 216
-46 217
-46 218
-45 218
-45 219
-44 219
-43 219
-42 218
-41 218
-41 219
-40 218
-39 217
-38 217
-37 217
-38 218
-37 218
-36 218
-35 217
-35 218
-34 218
-34 219
-34 220
-33 219
-32 219
-32 220
-31 220
-30 219
-31 220
-31 221
-30 221
-31 222
-30 222
-30 223
-29 223
river 8 Nelson
36 32
37 31
38 31
39 31
river 8 Nelson
30 34
31 34
32 33
33 33
34 32
river 8 Nelson
19 45
20 44
21 43
22 43
23 42
river 8 Nelson
18 47
18 48
river 8 Nelson
9 80
9 79
10 78
10 77
10 76
11 75
11 74
11 73
10 73
11 72
10 72
10 71
10 70
10 69
10 68
10 67
10 66
10 65
11 64
10 64
11 63
11 62
11 61
12 60
12 59
13 58
13 57
14 56
14 55
14 54
15 53
16 53
16 52
river 8 Nelson
39 31
40 31
41 31
42 30
43 29
44 29
44 28
45 28
46 27
47 26
48 26
49 26
river 8 Nelson
34 32
35 32
36 32
river 8 Nelson
23 42
24 42
25 41
26 40
27 39
27 38
28 38
28 37
29 36
30 35
29 35
30 34
river 8 Nelson
18 47
18 46
18 45
19 45
river 8 Nelson
16 52
17 52
17 51
18 51
18 50
18 49
19 48
18 49
18 48
river 7 
126 95
125 95
125 96
river 7 Mississippi
6 111
7 111
river 7 Mississippi
5 111
6 111
river 7 Mississippi
7 111
8 111
8 112
9 112
8 113
9 112
10 112
10 113
10 114
10 115
9 116
8 117
7 117
7 118
6 119
6 118
5 118
4 119
3 120
2 121
1 122
1 123
0 124
0 125
0 126
0 127
0 128
0 129
1 129
1 130
2 129
2 130
3 130
3 131
3 132
3 133
4 132
4 133
3 134
4 134
5 134
5 135
6 135
6 136
7 136
8 136
8 137
8 138
8 139
9 139
10 139
10 140
10 141
10 142
9 143
10 143
9 144
9 145
9 146
8 147
8 148
8 149
8 150
7 151
8 151
9 151
9 152
9 153
10 153
10 154
9 155
10 155
11 155
10 156
11 155
10 156
11 156
10 157
10 158
9 159
8 159
8 160
7 161
6 161
5 162
4 162
3 162
2 163
2 164
2 165
2 166
1 167
0 168
0 169
-1 169
-2 170
-3 171
-3 172
-4 172
-4 173
-5 174
-5 175
-5 176
-6 177
-5 177
-6 178
-5 178
-5 179
-4 179
-5 180
-4 180
-4 181
-3 181
-3 182
-4 183
-4 184
-4 185
-3 184
-2 184
-1 184
-1 185
river 7 Mississippi
1 113
1 112
2 111
3 111
4 110
4 111
5 111
river 7 Tennessee
4 208
3 208
4 207
5 206
4 206
5 205
4 205
5 204
5 203
5 202
5 201
5 200
5 199
river 7 Tennessee
6 219
6 218
5 219
5 218
4 218
4 217
3 218
3 217
2 218
1 218
river 7 Tennessee
5 199
4 199
3 199
river 7 Tennessee
30 204
29 205
28 205
27 206
27 205
26 205
25 206
24 207
24 208
23 208
23 209
22 209
21 210
21 211
20 212
19 213
18 213
19 212
18 213
17 213
16 214
15 215
14 216
13 217
12 218
11 219
10 220
9 220
9 219
8 219
7 219
6 219
river 7 Tennessee
1 218
0 219
0 218
0 217
-1 218
-1 217
-1 216
-2 216
-1 215
-1 214
0 214
0 213
1 213
2 213
1 213
2 212
2 211
2 210
3 210
3 209
4 208
river 7 Holston
51 190
50 191
49 191
48 192
47 193
46 193
45 194
44 194
43 195
42 195
42 196
41 196
41 197
41 196
40 197
39 198
38 198
37 199
36 199
35 200
34 201
33 201
33 202
32 202
32 203
31 203
30 204
river 6 R. des Outaouais
102 90
102 89
river 6 R. des Outaouais
95 92
95 93
94 93
river 6 R. des Outaouais
103 91
103 92
104 91
104 92
105 91
river 6 R. des Outaouais
102 92
102 91
101 92
101 91
102 91
102 90
river 6 R. des Outaouais
102 89
102 90
101 90
100 91
101 90
100 90
99 91
98 91
97 91
97 90
96 90
95 91
95 92
river 6 R. des Outaouais
94 93
93 94
92 94
91 94
90 95
river 6 R. des Outaouais
103 91
102 92
river 6 R. des Outaouais
106 90
105 91
river 6 Ottawa
91 100
90 100
90 99
90 98
90 97
90 96
90 95
river 6 Ottawa
91 100
91 101
91 102
91 103
92 103
92 104
93 104
94 104
95 104
96 104
97 103
97 104
98 103
98 104
river 6 Ottawa
98 104
99 104
100 104
river 6 Ottawa
100 104
100 105
101 105
102 105
river 6 Ottawa
102 105
103 105
103 106
103 107
104 107
105 107
106 106
106 107
107 106
107 107
108 107
109 106
110 105
111 105
112 104
113 104
113 103
114 103
115 103
116 103
117 103
river 6 
7 6
7 7
8 6
9 6
river 6 
-2 4
-1 3
-1 4
0 3
0 4
1 4
1 5
2 4
2 5
3 5
4 5
5 5
river 6 
11 11
11 12
river 6 
7 6
7 5
6 6
6 5
river 6 
11 11
11 10
12 9
11 9
12 9
12 8
11 9
11 8
10 9
10 8
9 8
8 8
7 8
8 7
9 7
10 6
9 7
9 6
river 6 
11 13
11 12
river 6 Albany
36 70
36 69
river 6 Albany
35 71
35 72
34 73
35 73
34 74
river 6 Albany
34 75
34 74
river 6 Albany
35 76
35 77
river 6 Albany
36 77
37 77
38 77
39 76
40 76
41 76
river 6 Albany
34 69
34 70
35 69
36 69
river 6 Albany
36 70
35 71
river 6 Albany
34 75
35 75
34 76
35 76
river 6 Albany
41 76
42 75
42 76
43 75
44 75
45 74
46 73
46 74
46 73
47 73
47 72
48 72
49 71
50 71
49 72
50 71
51 70
51 71
52 70
52 71
53 71
54 71
55 70
54 71
55 71
55 72
56 71
56 72
57 72
58 71
59 71
60 70
61 70
62 69
63 68
64 67
63 67
64 67
64 66
64 67
65 66
65 67
66 67
67 67
68 67
69 67
68 68
69 68
69 69
69 70
70 69
70 70
71 70
71 71
72 70
73 69
74 69
75 68
76 67
77 67
78 66
79 65
80 64
81 63
82 62
83 61
84 61
85 60
86 59
87 59
88 58
river 6 Albany
35 77
36 77
river 6 Churchill
180 18
181 17
180 17
180 16
181 15
river 6 Churchill
181 15
181 14
182 14
183 13
184 13
185 12
185 13
186 12
186 13
187 13
188 13
189 13
190 13
191 12
192 12
193 12
193 13
194 13
195 12
196 12
197 11
196 11
197 11
198 10
199 9
200 8
200 7
201 6
202 6
river 6 Churchill
181 19
180 19
181 18
180 18
river 6 Rupert
122 54
123 54
124 54
river 6 Rupert
114 57
113 57
113 58
114 58
115 57
river 6 Rupert
122 54
123 53
122 53
121 54
120 54
119 55
118 55
117 56
116 56
115 57
river 6 Rupert
114 57
114 56
113 57
112 58
111 58
110 58
110 59
110 58
110 59
109 59
108 59
107 59
106 60
106 59
105 60
104 60
104 59
river 6 Rupert
124 54
125 53
126 52
127 52
127 53
128 53
129 52
130 52
129 53
130 53
129 54
129 55
130 54
river 6 Chattahoochee
27 217
26 218
25 219
river 6 Chattahoochee
28 214
29 214
29 215
28 216
27 217
river 6 Chattahoochee
25 219
24 219
24 220
23 221
22 221
21 222
20 223
river 6 Alabama
17 220
16 220
15 220
15 221
16 220
15 221
15 220
14 221
13 221
13 222
13 221
13 222
12 222
11 223
river 6 Tugaloo
32 214
33 214
33 215
34 214
34 215
river 6 Tugaloo
31 213
31 214
32 214
river 6 Chattooga
34 210
33 211
32 212
31 213
river 6 Savannah
35 218
35 219
36 219
36 220
36 221
river 6 Savannah
34 215
34 216
34 217
35 217
34 218
35 218
river 6 Savannah
36 221
37 221
37 222
38 222
37 223
38 223
river 6 
0 36
1 35
river 6 
2 33
1 34
1 35
river 6 
0 36
0 37
-1 38
-1 39
river 6 Rainy
28 97
28 96
27 96
26 97
river 6 Rainy
16 100
17 99
17 100
18 99
18 100
19 99
river 6 Rainy
34 92
33 93
32 94
31 95
31 94
31 95
31 94
30 95
29 96
28 97
river 6 Rainy
26 97
25 98
25 97
24 98
23 98
22 98
21 99
21 98
20 99
19 99
river 6 Rainy
16 100
15 101
15 100
14 101
13 101
14 100
13 100
12 100
11 100
12 99
11 100
11 99
10 100
10 99
9 99
10 98
river 6 Winnipeg
9 80
8 81
9 81
8 82
9 82
8 83
9 83
river 6 Winnipeg
9 86
9 85
river 6 Winnipeg
15 88
14 89
15 89
14 90
15 90
14 91
14 92
13 92
12 93
11 94
10 95
10 96
10 97
10 98
river 6 Winnipeg
9 85
10 84
9 84
9 83
river 6 Winnipeg
15 88
15 87
14 87
13 87
14 86
13 86
13 85
12 85
11 86
10 87
9 87
8 87
9 86
river 6 South Saskatchewan
-34 69
-33 68
-32 67
-31 66
-30 65
-29 65
-29 64
-28 63
-27 62
-26 62
-25 61
-24 61
-24 60
-23 60
-22 60
-21 59
river 6 S. Branch Potomac
70 172
70 171
71 170
71 169
72 169
73 168
74 167
75 166
75 165
76 164
77 163
78 163
78 162
79 162
river 6 S. Branch Potomac
67 175
68 174
69 173
70 172
river 6 Hudson
116 115
116 116
115 116
115 117
116 117
115 118
116 118
116 119
117 119
116 120
116 121
117 121
117 122
117 123
116 124
116 125
116 126
115 127
115 128
114 129
115 129
114 130
113 131
113 132
113 133
112 134
113 134
112 135
112 136
111 137
112 137
111 138
112 138
river 6 Wabash
39 165
39 166
40 165
39 165
39 164
39 163
38 164
39 163
38 163
37 163
37 162
36 162
35 162
34 163
33 163
32 163
31 164
30 164
29 164
28 165
27 166
26 167
25 168
24 168
23 169
22 169
22 170
21 170
21 171
20 172
21 172
20 173
20 174
20 175
19 176
18 177
17 178
17 179
16 180
16 181
16 182
16 183
15 184
14 185
13 186
12 187
11 188
11 189
10 189
11 189
10 190
10 191
9 191
9 192
river 6 Saint John
143 88
143 87
144 86
145 85
146 85
146 84
146 83
147 83
147 82
148 81
149 80
149 79
150 79
150 78
151 78
152 77
153 76
154 76
154 75
155 75
156 74
157 74
158 74
158 75
159 75
159 76
159 77
159 78
158 79
159 79
159 80
159 81
160 81
159 82
159 83
160 83
161 83
162 83
163 82
164 81
165 81
165 82
166 81
167 81
167 82
168 82
167 83
168 83
167 84
167 85
166 85
167 85
river 6 Yadkin
48 198
48 199
49 198
50 197
51 197
52 196
53 196
54 195
55 195
56 195
river 6 Great Pee Dee
56 195
56 196
55 196
55 197
56 197
55 198
56 198
55 198
55 199
river 6 Great Pee Dee
55 199
55 198
54 199
55 199
55 200
56 200
56 201
56 202
56 203
56 204
river 6 Great Pee Dee
56 204
57 204
56 205
57 205
56 206
56 207
56 208
56 209
56 210
56 211
57 210
57 211
56 212
57 211
57 212
56 213
57 213
57 214
58 214
57 215
58 215
59 215
58 216
58 217
57 217
river 6 Potomac
79 162
80 161
81 161
82 161
82 162
82 163
83 163
84 163
84 164
83 164
83 165
84 165
85 165
86 165
85 166
86 165
river 5 Severn
48 51
49 51
river 5 Severn
37 59
36 60
35 60
34 60
33 61
33 60
33 59
32 60
32 59
river 5 Severn
63 38
63 39
64 38
64 37
65 37
65 36
66 36
67 35
67 34
67 33
68 33
68 32
69 32
69 31
69 32
69 31
70 31
71 30
river 5 Severn
49 51
49 50
50 49
51 49
52 48
53 47
54 47
55 46
56 46
56 45
57 45
58 45
59 44
60 43
60 42
61 41
60 41
61 40
62 39
63 38
river 5 Severn
41 57
42 56
43 56
44 55
45 54
46 53
47 52
48 51
river 5 Severn
22 60
22 61
23 60
23 61
24 61
25 60
26 60
27 59
28 59
28 60
29 59
30 59
31 59
32 58
32 59
river 5 Severn
37 59
38 59
39 58
40 58
40 57
41 57
river 5 
95 131
95 132
river 5 
95 131
96 130
97 130
97 129
98 128
98 129
99 128
100 127
100 126
100 125
99 125
river 5 
94 133
95 133
river 5 Caniapiscau
159 0
160 0
160 1
160 2
161 2
161 3
river 5 Caniapiscau
154 19
154 18
155 17
154 17
155 16
river 5 Caniapiscau
154 19
155 19
154 20
154 21
155 21
156 21
157 20
157 21
river 5 Caniapiscau
155 16
155 15
155 14
156 13
157 13
157 12
158 12
158 11
159 10
160 10
160 9
161 9
161 8
162 7
163 6
164 5
164 4
163 4
162 4
163 3
162 3
161 3
river 5 Caniapiscau
158 20
157 21
river 5 Péribonka
142 56
142 57
142 58
142 59
river 5 Péribonka
136 70
135 71
136 71
135 72
river 5 Péribonka
147 39
146 40
145 41
145 42
144 43
144 44
143 45
143 46
143 47
142 48
143 48
142 49
143 49
143 50
142 51
143 51
143 52
river 5 Péribonka
143 52
143 53
142 54
143 54
142 55
142 56
river 5 Péribonka
142 59
142 60
142 61
142 62
141 63
142 63
141 64
141 65
141 66
140 67
140 68
139 69
138 70
138 69
137 70
136 71
136 70
river 5 Yellowstone
-60 120
-59 120
-58 119
-57 118
-56 118
-55 117
-54 116
-54 117
-53 116
-52 116
-51 115
-50 115
-50 114
-49 114
-49 113
-48 113
-47 112
-46 111
-45 110
-44 109
-43 108
-42 107
river 5 Wisconsin
28 121
27 122
river 5 Wisconsin
18 140
18 139
18 138
19 138
19 137
20 136
river 5 Wisconsin
29 121
28 121
river 5 Wisconsin
27 122
27 123
27 124
26 125
25 125
25 126
24 127
23 128
24 128
24 129
24 130
23 131
22 132
23 132
22 133
22 134
23 134
22 134
21 135
20 136
river 5 Wisconsin
18 140
18 141
18 142
19 142
20 142
20 143
19 143
19 144
18 144
17 145
16 146
15 146
14 146
13 146
12 146
11 147
10 147
9 148
8 149
8 148
river 5 North Platte
-74 155
-73 154
-74 154
river 5 North Platte
-61 167
-62 167
-63 167
river 5 North Platte
-76 152
-75 152
-75 153
-75 154
-74 154
river 5 North Platte
-63 167
-64 167
-64 166
-65 166
-65 165
-66 165
-66 164
-67 164
-67 163
-68 163
-69 163
-68 162
-69 163
-69 162
-69 161
-70 162
-70 161
-70 160
-71 161
-71 160
-71 159
-72 159
-72 158
-73 158
-73 157
-74 158
-74 157
-74 156
-74 155
river 5 North Platte
-61 167
-61 168
-60 168
-59 168
-58 167
-58 168
-57 168
-56 168
-56 169
-55 169
-55 170
river 5 Bell
107 80
107 81
106 82
106 83
river 5 Bell
114 80
115 80
river 5 Bell
114 81
114 80
114 79
113 80
river 5 Bell
107 80
107 79
108 78
107 78
107 77
108 76
107 76
108 75
107 75
106 75
106 74
106 73
106 72
river 5 Bell
112 80
113 80
river 5 Bell
112 80
111 81
110 81
110 82
109 82
109 83
108 83
108 84
107 84
107 85
107 84
106 84
106 83
river 5 Bell
114 80
114 81
river 5 Bell
113 84
114 83
114 82
114 81
115 80
river 5 Nottaway
103 63
102 63
102 62
river 5 Nottaway
106 72
107 71
107 70
108 69
107 69
108 68
108 67
107 68
river 5 Nottaway
107 68
107 67
106 67
107 66
106 66
107 65
106 65
107 64
106 65
106 64
105 64
105 63
104 64
104 63
103 63
river 5 Red
5 85
6 84
6 83
7 83
7 82
8 81
9 80
river 5 Red
-13 126
-12 125
-12 124
-11 123
-11 122
-11 121
-10 120
-11 120
-10 119
-10 118
-10 117
-9 117
-9 116
-9 115
-8 114
-8 113
-7 112
-8 112
-7 111
-7 110
-6 109
-7 109
-6 108
-6 107
-6 106
-6 105
-5 104
-5 103
-4 102
-4 101
-3 100
-3 99
-3 98
-2 97
-2 96
-2 95
-1 94
0 93
0 92
1 92
1 91
1 90
2 89
3 88
4 88
4 87
5 86
5 85
river 5 Manicouagan
155 39
155 40
156 40
156 41
155 42
155 43
156 43
156 44
157 44
157 45
157 46
157 47
river 5 Manicouagan
158 57
157 57
158 56
157 56
158 55
157 55
river 5 Manicouagan
155 30
155 31
154 32
154 33
153 34
153 35
153 36
154 36
154 37
154 38
155 38
154 39
155 39
river 5 Manicouagan
157 47
157 48
157 49
158 49
157 50
158 50
157 51
157 52
156 53
157 53
156 54
157 54
156 55
157 55
river 5 Manicouagan
158 57
157 58
158 58
157 59
158 59
river 5 Pecos
-110 220
-109 220
-110 221
-109 220
-109 221
-109 222
-108 221
-109 222
-109 223
river 5 Roanoke
63 185
63 186
64 185
64 186
65 186
river 5 Roanoke
72 188
71 188
70 188
69 188
70 187
river 5 Roanoke
73 188
74 188
75 188
76 188
river 5 Roanoke
60 187
59 187
60 186
61 186
61 185
62 185
63 185
river 5 Roanoke
65 186
66 185
66 186
67 185
67 186
67 185
68 185
68 186
69 185
68 186
69 186
70 185
70 186
69 186
70 186
70 187
river 5 Roanoke
72 188
73 188
river 5 Roanoke
76 188
77 188
76 189
77 189
77 190
78 190
77 191
78 191
78 192
79 191
79 192
80 191
80 192
80 191
81 191
river 5 Ivanhoe
71 97
72 97
72 96
73 95
74 95
74 94
75 93
75 92
76 91
76 90
77 89
77 90
78 89
river 5 Susquehanna
109 127
108 128
107 129
108 129
107 130
107 131
106 131
105 132
104 133
103 133
104 133
103 134
102 135
102 136
101 136
101 135
100 136
99 136
98 136
97 137
96 138
96 139
96 140
97 139
97 140
98 140
98 141
99 140
99 141
100 141
99 142
100 142
99 142
99 143
98 143
97 144
97 145
96 145
95 146
94 147
93 147
92 148
91 149
92 149
91 150
90 151
90 152
89 153
90 153
90 154
91 154
91 155
92 154
92 155
92 156
93 156
93 157
94 157
94 158
river 5 Prairie Dog Town Fork Red
-92 223
-91 223
-91 222
-90 222
-90 223
river 5 Haw
59 195
60 194
61 194
62 193
62 194
63 194
63 195
63 196
64 196
64 197
64 198
river 5 Connecticut
136 99
135 100
134 101
133 101
133 102
133 103
132 104
132 105
132 106
131 107
130 108
129 108
129 109
129 110
128 111
128 112
127 113
127 114
126 114
126 115
125 116
125 117
125 118
124 119
125 119
124 120
124 121
123 122
124 122
124 123
123 124
123 125
122 126
122 127
122 128
122 129
121 130
121 131
121 132
121 133
121 134
122 134
river 5 Winisk
63 56
63 55
64 54
64 53
65 52
65 51
66 50
67 49
66 49
67 48
67 47
67 46
67 45
68 45
67 45
68 44
68 43
68 42
68 41
69 41
70 41
71 40
72 40
72 41
73 40
73 41
74 40
75 40
76 39
77 39
77 38
78 37
river 5 Natashquan
187 20
188 19
188 20
189 19
190 19
191 19
192 19
193 19
194 19
193 20
194 20
194 21
194 22
195 22
195 23
196 23
195 24
196 24
196 25
196 26
197 25
196 26
197 26
196 27
197 27
196 27
196 28
196 29
196 30
196 31
196 32
197 32
196 32
196 33
197 33
river 5 Oconee
27 219
27 220
28 219
28 220
29 220
29 221
29 222
28 223
29 223
river 5 George
179 0
178 1
178 2
178 3
178 4
river 5 Minnesota
-15 129
-15 130
-14 130
-14 131
-13 131
-13 132
-12 132
-12 133
-12 134
-11 134
-11 135
-11 136
-10 135
-11 136
-10 136
-9 136
-9 137
-8 137
-8 138
-7 138
-7 139
-6 139
-6 140
-5 139
-5 140
-4 139
-4 138
-3 137
-2 136
-1 135
0 134
1 134
2 134
3 133
river 5 Mattagami
82 79
82 78
81 78
81 77
82 76
82 75
83 74
84 73
85 73
85 72
86 72
86 71
87 70
river 5 Groundhog
78 89
78 88
78 87
79 86
79 85
80 85
80 84
80 83
81 82
81 81
82 80
river 5 
47 89
46 90
45 91
45 92
45 93
river 5 Mlzes
136 6
137 6
138 6
139 6
140 5
141 5
142 4
143 3
144 3
145 2
146 1
147 0
river 5 Cape Fear
64 198
64 199
65 199
65 200
66 200
65 201
64 202
64 203
64 204
63 205
64 205
64 206
65 206
66 206
66 207
67 207
68 207
68 208
river 5 Grande Rivire de la Baleine
136 21
135 22
134 23
133 23
132 23
131 24
131 23
130 23
129 23
129 22
128 23
127 23
126 24
125 24
124 25
123 25
122 25
123 24
122 24
121 24
121 23
120 24
119 25
118 26
118 25
117 25
116 25
river 5 Eastmain
140 39
139 40
138 40
138 41
137 41
137 42
136 43
135 44
134 45
133 45
133 46
132 46
131 47
130 47
129 48
129 47
128 48
128 47
127 47
127 46
126 47
125 47
125 48
125 47
124 48
123 48
122 49
121 49
120 50
119 51
119 50
120 49
119 49
118 49
117 49
116 50
115 50
115 49
114 50
114 49
113 50
112 51
111 51
110 52
109 52
108 52
107 52
river 5 Platte
-55 170
-54 170
-54 171
-53 171
-53 172
-52 172
-51 172
-50 172
-50 173
-49 172
-49 173
-48 172
-48 173
-47 172
-46 172
-45 172
-44 171
-43 170
-42 170
-41 169
-40 168
-39 168
-38 167
-37 166
-36 166
-35 166
-34 166
-33 165
-32 165
-31 165
-30 165
-30 166
-30 167
-30 168
-31 169
-30 169
-29 168
-28 168
river 5 Moose
87 70
88 69
89 68
90 67
river 5 Churchill
31 23
32 23
32 24
33 23
river 5 Churchill
19 30
19 29
20 29
21 28
22 28
23 27
23 28
24 27
24 26
25 26
26 25
26 26
27 25
27 24
28 23
29 23
river 5 Churchill
13 34
13 33
14 33
15 32
16 31
river 5 Churchill
10 38
11 37
12 37
12 36
12 35
13 34
river 5 Churchill
-13 36
-13 37
river 5 Churchill
4 38
5 38
6 37
river 5 Churchill
-15 37
-14 36
-13 36
river 5 Churchill
-8 40
-7 39
-7 38
-8 39
-7 38
-8 38
river 5 Churchill
-8 40
-7 40
-6 40
river 5 Churchill
-5 40
-5 41
-4 40
river 5 Churchill
29 23
30 23
31 23
river 5 Churchill
33 23
33 24
34 24
34 25
35 24
35 25
36 25
37 24
38 23
39 23
39 22
40 22
41 21
40 21
41 20
41 19
42 19
42 18
42 19
43 18
44 17
45 16
46 16
47 15
48 15
river 5 Churchill
16 31
17 31
18 30
river 5 Churchill
-17 34
-17 35
-16 35
river 5 Churchill
-16 35
-15 35
-15 36
-16 36
-15 36
-16 37
-15 36
-15 37
river 5 Churchill
6 38
7 37
8 37
7 38
8 38
9 38
10 38
river 5 Churchill
4 38
4 37
river 5 Churchill
-13 37
-12 37
-12 38
-11 38
-10 38
-9 37
-9 38
-8 37
-8 38
river 5 Churchill
-4 40
-3 40
-2 39
-1 39
0 39
1 39
1 40
2 39
3 39
3 38
4 38
river 5 Churchill
-6 40
-5 40
river 4 English
25 82
26 82
25 83
26 83
26 84
27 84
28 84
28 85
river 4 English
14 86
15 85
15 86
15 85
16 85
river 4 English
16 86
17 86
18 86
river 4 English
19 85
20 84
river 4 English
35 86
35 85
river 4 English
34 87
35 86
river 4 English
25 82
25 81
24 82
24 81
23 82
24 82
23 82
22 83
21 83
20 84
river 4 English
16 86
16 85
river 4 English
19 85
18 86
river 4 English
29 86
29 85
28 86
29 85
28 85
river 4 English
35 85
34 85
33 85
33 84
32 85
31 85
30 86
29 86
river 4 English
33 88
34 87
river 4 English
29 94
30 94
30 93
31 93
32 92
31 92
32 92
31 92
32 92
32 91
33 90
32 90
33 89
33 88
river 4 
126 15
125 15
124 16
123 16
river 4 
132 13
131 13
130 13
129 14
128 14
127 14
river 4 Thlewiaza
33 0
32 0
32 1
31 1
31 2
30 3
30 2
river 4 Thlewiaza
26 3
26 4
26 3
27 3
river 4 Thlewiaza
25 0
24 1
25 0
24 1
25 1
24 2
25 2
25 3
26 3
river 4 Thlewiaza
27 3
28 3
29 3
30 2
river 4 Canadian
-86 217
-87 217
-88 218
-89 219
river 4 Canadian
-103 217
-104 218
-104 219
river 4 Canadian
-99 219
-100 219
river 4 Canadian
-101 210
-101 211
-102 212
-102 213
-102 214
-103 214
-103 215
-104 216
-104 217
-103 216
-104 217
-103 217
river 4 Canadian
-86 217
-85 216
-84 216
-83 215
-82 215
-81 214
-80 214
-79 214
-78 214
-78 215
-77 215
-77 216
-76 215
-75 215
-74 214
-74 215
-74 216
-73 215
-72 215
-72 214
-71 214
-70 214
-71 215
-70 215
-69 214
-68 214
-68 215
-68 216
-67 216
-68 217
-67 217
-68 218
-67 218
-66 218
-66 219
-65 219
-65 220
-64 220
-63 220
-62 220
-63 221
-62 221
-62 222
-63 223
-62 223
-61 223
river 4 Canadian
-60 223
-59 223
river 4 Canadian
-58 223
-57 223
-56 223
-56 222
-56 223
-55 222
-55 223
-54 222
-53 221
-52 221
-51 220
-51 221
-50 220
-49 219
-49 220
-48 219
-48 220
-47 219
-46 218
river 4 Canadian
-104 219
-103 218
-103 219
-103 220
-102 219
-102 220
-102 219
-102 220
-101 219
-102 220
-101 219
-101 220
-100 219
river 4 Canadian
-99 219
-98 219
-97 219
-96 219
-95 218
-94 218
-93 218
-92 218
-91 218
-90 218
-91 219
-90 219
-89 219
river 4 Cheyenne
-40 136
-41 136
-42 136
-43 136
river 4 Cheyenne
-58 146
-57 146
-57 145
-57 146
-56 145
-55 144
-54 143
-53 143
-53 142
-52 142
-52 141
-51 140
-50 139
-49 139
-48 138
-47 138
-46 137
-46 138
-45 137
-44 137
-43 136
river 4 Cheyenne
-70 147
-69 146
-68 146
-67 146
-67 147
-66 147
-66 148
-65 147
-64 147
-64 148
-63 148
-63 149
-62 148
-62 149
-61 148
-60 147
-59 147
-58 146
river 4 Congaree
48 219
49 219
50 219
river 4 Congaree
44 216
45 215
45 216
river 4 Congaree
45 216
46 216
45 217
46 217
47 217
48 217
48 218
48 219
river 4 Saguenay
137 72
136 72
135 72
134 72
river 4 Saguenay
133 56
132 57
133 57
132 58
132 59
131 60
131 61
131 62
130 63
130 64
129 65
129 66
129 67
129 68
129 69
129 70
130 69
130 70
130 71
131 71
132 71
133 71
132 72
133 71
133 72
134 72
river 4 Saguenay
137 72
138 71
138 72
139 71
139 72
140 71
140 72
141 71
river 4 Cooper
51 220
50 220
river 4 Cooper
50 219
50 220
river 4 Cooper
51 220
51 221
51 222
51 223
river 4 Cumberland
5 199
6 199
7 199
6 200
7 200
6 201
6 202
river 4 Cumberland
42 192
41 192
40 193
39 194
38 194
37 195
36 195
35 196
35 195
34 195
33 196
32 197
32 196
31 197
31 196
31 195
30 195
29 195
28 196
28 195
28 196
27 196
26 196
27 196
26 197
25 197
24 197
24 198
23 198
22 199
23 199
22 200
21 201
20 202
19 203
18 203
17 203
17 202
16 203
15 203
14 204
13 204
13 205
13 204
13 205
12 205
11 205
11 204
10 205
10 204
10 203
9 203
8 203
7 204
7 203
6 203
6 202
river 4 Cumberland
5 199
6 198
6 197
5 198
4 198
river 4 South Platte
-92 184
-91 184
-91 183
-90 182
-89 181
-88 180
-87 179
-86 178
-85 177
-85 176
-84 175
-83 174
-82 174
-81 174
-81 175
-80 175
-79 175
-78 175
-78 176
-77 175
-76 175
-75 174
-74 173
-73 173
-73 172
-72 172
-72 171
-72 172
-71 171
-70 171
-69 170
-68 170
-67 170
-66 170
-65 169
-64 169
-63 169
-62 168
-62 169
-61 168
-60 168
-59 168
-58 168
-57 168
-56 168
-56 169
-55 169
-55 170
river 4 Monongahela
69 163
69 162
68 162
69 161
70 161
70 160
70 159
71 158
70 158
river 4 Monongahela
65 174
65 173
66 172
67 171
67 170
66 171
67 170
66 170
66 169
67 168
67 167
66 167
67 166
68 165
68 164
69 163
river 4 Tombigbee
-3 220
-4 221
-4 222
-5 222
-5 223
river 4 Kankakee
33 158
32 159
31 159
30 160
30 159
29 160
28 160
27 161
27 160
26 160
26 161
25 161
24 162
24 161
23 162
22 162
21 163
river 4 Assiniboine
-17 68
-17 69
-17 70
-16 70
-17 71
-16 71
-16 72
-16 73
-15 73
-15 74
-14 73
-14 74
-15 75
-15 76
-15 77
-14 77
-15 78
-14 78
-15 79
-14 79
-15 80
-16 81
-16 82
-16 83
-17 84
-17 85
river 4 Assiniboine
-17 85
-17 86
-17 87
-17 88
-17 89
-17 90
-17 91
-16 91
-15 90
-14 90
-13 90
-13 91
-12 90
-12 91
-12 92
-12 93
-11 93
-10 92
-9 92
-8 92
-7 91
river 4 Assiniboine
-4 89
-4 90
-3 89
-2 88
-2 89
-1 88
-1 89
-1 90
0 90
1 90
river 4 Assiniboine
-7 91
-6 91
-5 90
-4 89
river 4 James
-23 112
-22 111
-23 111
-22 110
-21 110
-20 110
-19 109
-19 110
-18 110
-18 111
-17 111
-18 112
-18 113
-19 114
-19 115
-19 116
-20 117
-19 117
-19 118
-20 119
-20 120
-20 121
-20 122
-20 123
-19 123
-20 124
-21 125
-21 126
-22 127
-23 128
-23 129
-24 130
-24 131
-25 131
-25 132
-26 133
-27 134
-27 135
-26 135
-27 136
-26 136
-27 137
-27 138
-27 139
-28 140
-28 141
-28 142
-29 143
-28 143
-29 144
-29 145
-29 146
-29 147
-30 148
-29 148
-29 149
-30 150
-29 150
-29 151
-29 152
-29 153
river 4 Grand
48 148
47 149
47 148
47 147
46 147
46 146
47 145
46 145
47 144
46 144
45 144
46 143
45 143
46 143
46 142
45 143
44 143
43 143
42 144
42 143
41 143
41 144
40 144
40 143
39 144
39 143
38 144
38 143
river 4 New
49 196
50 195
51 194
50 194
51 194
51 193
52 193
53 193
53 192
53 193
54 192
53 192
54 192
54 191
55 190
56 189
57 188
58 187
57 187
58 186
57 186
56 186
56 185
57 184
56 185
57 184
56 184
57 183
57 182
56 182
56 181
57 181
57 180
56 180
river 4 Marais des Cygnes
-39 189
-39 190
-39 191
-38 191
-37 191
-36 191
-36 190
-35 190
-34 190
-33 190
-33 191
-32 191
-32 192
-33 192
-32 192
-32 193
-31 193
-31 194
-30 194
-30 195
river 4 Des Moines
-16 141
-15 140
-15 141
-15 142
-14 142
-14 143
-13 143
-12 143
-13 144
-12 144
-13 145
-12 145
-13 146
-12 146
-13 147
-12 147
-13 148
-12 148
-13 149
-13 150
-12 150
-13 151
-12 151
-12 152
-13 152
-12 152
-12 153
-11 153
-12 154
-12 155
-12 156
-11 156
-12 157
-12 158
-13 159
-12 159
-13 160
-13 161
-12 161
-12 162
-12 163
-11 163
-11 164
-10 163
-10 164
-9 164
-9 165
-8 165
-8 166
-8 167
-7 167
-7 168
-6 168
-6 169
-5 169
-6 169
-5 169
-5 170
-4 169
-5 170
-4 170
-5 171
-4 171
-4 172
-3 172
river 4 Namekagon
19 120
18 120
18 121
17 122
16 122
15 123
14 123
14 122
13 122
river 4 St. Croix
8 128
8 127
7 127
7 126
8 125
9 124
10 123
11 123
12 122
13 122
14 121
15 120
16 120
17 120
18 119
river 4 St. Croix
4 134
5 134
5 133
6 132
6 131
6 130
7 129
8 128
river 4 Ekwan
63 61
64 60
65 59
64 59
65 58
66 57
66 56
67 55
68 54
69 53
69 52
70 51
71 50
72 50
72 49
73 49
73 48
74 48
75 48
76 47
76 48
77 47
78 47
78 48
78 49
79 49
80 48
80 49
81 48
81 49
82 48
82 49
83 48
84 48
85 48
86 48
87 48
87 49
88 49
89 49
river 4 Black
-20 214
-20 213
-19 212
-18 211
-17 210
-16 209
-15 208
-14 208
-13 207
-12 206
-12 207
-12 206
-11 206
-10 205
-10 204
-10 203
-10 202
-11 202
-11 201
-11 200
-11 199
-10 198
-11 198
-11 197
-11 196
river 4 Scioto
45 162
45 163
46 162
46 161
47 161
47 162
48 161
48 162
49 161
49 162
49 163
49 164
49 165
49 166
49 167
48 168
49 168
48 169
48 170
48 171
47 172
48 172
48 173
47 174
46 174
46 175
46 176
46 177
river 4 Broad
40 207
41 206
42 206
43 206
43 207
44 206
45 206
45 207
45 208
45 209
45 210
45 211
44 212
44 213
44 214
45 214
45 215
46 215
45 216
river 4 Cowpasture
69 174
68 175
68 176
67 176
67 177
66 178
river 4 Cowpasture
66 178
65 179
65 180
64 181
64 182
65 182
66 181
67 181
67 182
68 182
68 183
69 182
70 181
71 180
72 179
73 178
74 178
75 178
76 178
76 179
77 178
78 178
79 178
80 178
80 179
80 180
81 179
river 4 W. Branch Susquehanna
79 154
78 154
79 153
79 152
80 151
81 150
82 150
82 149
83 149
84 149
84 148
85 148
85 147
86 146
87 146
88 146
88 147
89 147
89 146
90 146
91 145
92 145
93 145
92 146
92 147
92 148
river 4 Delaware
109 130
109 131
108 131
107 132
106 133
105 134
104 134
104 135
103 135
104 135
104 136
105 136
105 137
105 138
105 139
106 139
107 139
106 140
105 141
105 142
104 142
104 143
103 144
104 144
103 145
102 146
102 147
103 147
102 148
103 148
103 149
104 149
104 150
103 151
102 152
river 4 Merrimack
133 108
132 109
131 110
131 111
131 112
130 113
131 113
130 114
130 115
130 116
131 116
130 117
131 117
131 118
130 119
130 120
130 121
131 121
132 120
133 119
134 118
river 4 Mohawk
106 123
106 124
106 125
106 126
107 125
108 125
108 126
109 125
110 125
110 126
111 126
112 125
113 125
114 125
115 125
116 125
river 4 Grand
77 127
77 128
76 129
76 130
75 130
75 131
74 132
75 132
75 133
75 134
75 135
76 134
76 135
77 134
77 135
77 136
78 135
79 135
79 136
river 4 Kentucky
40 192
40 191
40 190
39 191
39 190
39 189
40 188
39 188
38 188
37 189
36 189
37 188
36 188
36 187
35 188
35 187
36 187
35 187
35 186
34 187
33 187
33 188
32 188
31 188
31 187
31 186
31 185
32 184
32 183
32 182
31 182
32 181
31 182
31 181
river 4 White
-26 209
-25 209
-26 210
river 4 White
-26 210
-25 210
-24 210
-24 211
-24 212
-23 212
-23 213
-22 213
-22 214
-21 214
-20 214
river 4 White
-37 214
-36 213
-37 213
-36 212
-37 212
-36 212
-36 211
-36 210
-35 210
-36 210
-35 209
-35 210
-35 209
-34 209
-33 208
-32 207
-31 207
-30 207
-29 207
-29 206
-28 206
-28 207
-29 207
-28 207
-28 208
-27 207
-27 208
-26 207
-27 208
-26 207
-26 208
-27 208
-26 208
-25 208
-26 209
river 4 White
-20 214
-20 215
-21 215
-21 216
-22 217
-22 218
-23 218
-23 219
-24 220
-24 221
-24 222
-24 223
river 4 Kaskaskia
15 171
15 172
14 173
14 174
14 175
13 175
13 176
12 177
11 177
10 178
9 179
9 180
8 181
7 182
6 183
5 184
4 185
4 186
3 186
3 187
2 187
1 188
0 188
-1 189
-2 190
-2 191
-3 192
river 4 Cedar
-2 145
-2 146
-1 146
-1 147
-1 148
-1 149
-1 150
-1 151
-1 152
-2 153
-2 154
-1 154
-1 155
0 155
0 156
0 157
0 156
1 156
1 157
1 158
2 158
2 159
3 159
2 160
3 160
3 161
2 162
1 163
0 164
1 164
1 165
1 166
2 165
river 4 S. Fork Republican
-73 182
-72 181
-72 182
-71 181
-70 181
-69 180
-68 180
-68 179
-67 179
-66 178
-65 177
-64 177
-63 177
-62 177
-61 176
river 4 Tuscarawas
63 155
62 155
61 155
61 156
61 157
61 158
61 159
61 160
60 161
59 162
58 162
57 162
river 4 Illinois
21 163
22 162
21 162
21 161
20 162
20 161
20 160
19 161
18 161
17 162
17 161
16 162
16 161
15 162
14 162
13 162
12 163
13 163
12 164
11 165
10 166
10 167
9 168
8 169
7 169
6 170
6 171
5 171
4 172
3 173
2 174
1 175
0 176
-1 177
-1 178
-1 179
-2 180
-2 181
-3 182
-3 183
-3 184
river 4 Richelieu
122 105
123 104
123 103
123 102
123 101
124 100
124 99
125 98
125 97
125 96
river 4 Kanawha
56 180
55 180
55 179
54 180
54 179
54 178
53 179
53 178
53 177
52 178
52 177
52 176
52 175
river 4 Osage
-30 195
-29 194
-29 195
-28 195
-27 194
-27 195
-27 194
-26 194
-26 193
-25 193
-24 193
-24 192
-23 192
-22 192
-21 192
-22 193
-21 193
-20 193
-19 192
-20 193
-20 192
-19 192
-18 192
-17 191
-17 192
-17 191
-16 191
-16 190
-15 190
-14 189
river 4 Fox
32 132
31 133
30 134
29 135
28 135
river 4 Cree
-4 19
-3 18
-2 17
-1 16
0 16
0 15
1 14
2 13
3 12
2 12
3 12
3 11
4 10
5 9
5 10
6 9
7 8
river 4 French
84 108
83 108
82 109
81 109
80 110
79 110
78 111
river 4 Gods
36 44
37 43
38 43
39 42
40 41
41 40
42 40
43 40
44 40
44 39
44 40
45 39
45 40
46 39
47 38
48 37
48 36
49 35
49 34
49 33
48 33
48 32
47 32
48 31
47 31
river 4 Exploits
225 29
226 29
226 28
227 28
227 27
228 26
229 26
230 25
231 24
232 23
river 4 St. Marys
188 76
189 76
190 75
191 75
192 74
192 75
193 75
193 76
river 4 Muskingum
57 162
57 163
56 164
56 165
55 166
56 166
55 167
56 167
56 168
57 168
58 168
57 169
58 168
57 169
58 169
river 4 Gatineau
109 96
110 96
109 97
110 97
109 98
109 99
108 100
109 100
108 101
107 102
108 102
108 103
108 104
107 105
108 105
108 106
109 106
river 4 St.-Maurice
124 78
124 79
125 79
125 80
124 81
124 82
125 81
126 81
127 81
126 82
127 81
127 82
128 81
129 80
129 81
129 82
129 83
130 83
129 84
129 85
128 86
128 87
128 88
129 88
128 89
129 89
129 90
128 91
128 92
129 92
river 4 Kansas
-42 186
-41 186
-40 185
-39 185
-38 185
-37 185
-37 186
-36 186
-35 186
-34 186
-33 186
-32 186
-33 187
-32 187
-31 186
-31 187
-30 186
-29 186
-28 185
river 4 Republican
-61 176
-61 177
-60 177
-59 176
-59 177
-58 176
-57 176
-56 176
-55 176
-54 176
-54 177
-53 177
-53 178
-52 178
-51 178
-50 178
-49 177
-49 178
-48 178
-47 178
-46 178
-45 178
-45 179
-45 180
-45 181
-45 182
-44 182
-43 182
-43 183
-43 184
-42 184
-42 185
-42 186
river 4 Hayes
47 31
48 30
49 29
49 28
50 27
50 26
51 25
river 4 Santee
55 220
55 219
54 220
54 219
53 219
52 219
52 218
51 218
50 219
river 3 Miramichi
162 76
162 77
162 78
163 78
164 77
165 76
166 76
166 77
167 76
168 75
169 74
170 74
170 73
171 72
170 72
171 72
171 71
172 70
173 69
river 3 Harricana
104 84
103 85
102 86
101 87
101 86
100 86
101 85
100 85
101 84
101 83
102 82
102 81
101 82
102 81
101 81
101 80
102 79
102 78
102 77
102 76
101 76
100 76
101 75
100 75
101 74
100 74
101 73
100 73
99 73
99 72
100 71
99 71
100 70
99 70
100 69
99 69
100 68
99 68
99 67
river 3 Kennebec
145 92
145 93
144 94
143 95
143 96
143 97
144 97
143 98
144 98
143 99
143 100
144 99
145 99
145 100
144 101
144 102
143 103
143 104
143 105
river 3 Missinaibi
70 92
71 92
71 91
71 90
71 89
72 89
72 88
73 87
72 87
73 86
72 86
73 85
73 84
74 83
74 82
75 81
75 80
76 79
75 79
76 78
76 77
77 77
78 76
79 75
80 74
81 74
82 73
83 72
84 72
84 71
85 71
86 70
87 70
river 2 Seal
38 9
37 10
river 2 Batten Kill
117 122
118 122
119 121
119 122
120 121
river 2 West Branch Ausable
117 113
117 114
river 2 Passaic
108 143
108 144
107 145
106 145
river 2 Lehigh
102 142
101 142
101 143
100 143
100 144
100 143
99 144
river 2 Great Egg Harbor
102 153
102 154
102 155
river 2 East Branch Sacandaga
114 120
115 119
114 119
115 118
river 2 Locust Fk.  of the Black Warrior
8 223
8 222
river 2 Slab
8 222
9 222
10 221
river 2 Duck
15 208
15 209
15 210
14 211
14 210
13 211
river 2 Green
31 191
30 191
29 192
river 2 Elk
63 175
64 175
river 2 Shavers Fork
66 173
66 174
65 175
river 2 Sandusky
51 160
51 159
52 159
53 159
river 2 Black Fk.  Mohican
54 159
54 158
55 157
55 158
56 158
55 159
river 2 Cuyahoga
63 155
63 154
62 154
62 153
river 2 Aroostook
153 83
152 83
152 84
151 84
150 85
river 2 S.  Br.  Penobscot
142 91
143 91
144 91
144 90
river 2 Blackstone
128 124
127 125
128 125
128 126
128 127
river 2 Winooski
126 111
126 110
river 2 Winooski
126 110
125 110
124 110
123 110
123 109
122 110
122 109
river 2 Housatonic
117 129
118 128
118 127
119 126
118 126
river 2 Genesee
87 139
87 140
88 140
88 141
river 2 Schuylkill
97 147
96 148
95 149
96 149
97 149
96 150
97 150
96 151
river 2 Little Juniata
80 154
81 154
81 153
82 153
river 2 Raystown Br.  Juniata
76 160
77 159
78 159
79 158
79 159
80 158
river 2 North Branch Potomac
70 168
71 167
72 166
73 165
river 2 South
72 176
71 177
70 177
69 178
river 2 Rapidan
77 173
76 174
76 173
76 172
75 172
river 2 Eno
65 193
64 194
65 194
river 2 Lynches
51 207
51 208
52 208
51 209
52 209
river 2 Catawba
45 202
46 201
47 201
river 2 Ogeechee
30 223
31 223
river 2 Little Tallahatchie
-9 222
-8 222
-7 221
-7 220
river 2 White
37 168
37 167
36 168
36 167
35 168
river 2 Sangamon
14 169
15 169
16 169
16 170
river 2 St. Joseph
40 152
41 151
42 150
43 150
river 2 Tittabawassee
52 133
53 132
53 131
river 2 Rock
26 142
26 143
26 142
25 142
24 143
river 2 Fox
24 138
23 139
22 140
23 139
22 139
22 138
river 2 Brule
32 119
31 120
32 120
33 119
33 120
34 119
34 120
river 2 St. Francis
-7 196
-8 196
-7 196
-7 195
-7 194
-8 195
river 2 W.  Br.  Iowa
-7 148
-7 149
-8 150
-7 150
-8 151
-7 151
river 2 Wapsipinicon
1 145
1 146
0 147
1 147
0 148
river 2 North Racoon
-16 152
-17 153
-16 153
-17 154
river 2 Boyer
-18 156
-18 155
-18 154
river 2 Saint Louis
21 108
20 109
19 109
river 2 Sheyenne
-25 110
-24 110
-23 110
-22 109
river 2 Canadian
-101 204
-101 205
-100 205
-99 205
river 2 Canadian
-99 205
-99 206
-99 207
-100 208
-101 209
-101 210
river 2 Washita
-77 217
-78 217
-79 217
-80 217
river 2 Cimarron
-90 206
-90 205
-91 205
-92 205
-93 205
-94 206
-94 205
-95 206
-96 206
-96 205
-97 206
river 2 Big Sandy
-84 185
-85 185
-86 186
-87 186
-88 186
river 2 S. Fork Republican
-78 184
-77 184
-76 183
-75 183
-74 182
-73 182
river 2 Smoky Hill
-68 189
-69 189
-69 188
-70 188
river 2 Little Blue
-49 175
-49 176
-48 176
-47 175
river 2 North Loup
-53 157
-54 157
-55 157
-56 158
-56 157
river 2 Lodgepole
-78 167
-78 166
-79 166
-79 165
-80 166
-80 165
river 2 Niobrara
-68 154
-68 155
-68 156
-67 156
river 2 White
-64 154
-65 154
-66 155
-66 154
-67 155
-67 154
river 2 Belle Fourche
-69 142
-70 142
-71 143
-72 144
river 2 Moreau
-47 132
-48 132
-49 132
-50 132
river 2 Heart
-39 118
-40 118
-40 117
-41 117
-42 117
river 2 Little Missouri
-61 134
-62 135
-63 135
-64 136
-64 137
river 2 Souris
-33 89
-33 88
-33 89
-34 89
-33 89
-34 90
-33 90
-34 91
-33 91
river 2 Chaudière
138 95
138 96
138 97
137 98
river 2 Annapolis
175 85
175 84
174 85
river 2 Upper Humber
221 25
220 25
219 25
river 2 Mistassibi Nord-Est
140 51
140 52
140 53
140 54
river 2 Manouane
147 43
147 44
146 45
146 46
river 2 Little Mecatina
186 17
187 16
186 17
187 17
188 17
188 18
river 2 
210 5
209 6
208 6
207 7
river 2 Sakami
143 33
144 33
145 32
146 31
145 32
river 2 Opinaca
128 41
129 41
130 40
131 40
river 2 
132 29
131 30
130 30
129 30
river 2 
122 30
123 30
124 29
125 29
river 2 Denys
127 26
128 26
129 26
130 26
river 2 Swampy Bay
169 7
170 7
169 8
170 8
170 9
171 9
river 2 Murdoch
171 3
172 3
172 4
river 2 Wheeler
171 1
172 1
173 1
river 2 L'Assomption
119 95
120 94
121 94
121 95
122 95
river 2 Bazin
118 85
119 84
119 83
120 83
120 82
river 2 Ottawa
111 88
112 87
112 88
113 87
river 2 Rivière du Lièvre
118 88
117 89
117 90
116 90
116 91
115 91
river 2 Sturgeon
83 97
82 98
82 99
82 100
river 2 Mississagi
72 104
72 103
71 103
72 102
71 102
river 2 Mattagami
76 97
76 98
77 97
78 96
78 97
79 96
79 95
river 2 Kapuskasing
68 98
69 98
69 97
70 96
71 95
71 94
river 2 Kabinakagami
63 93
64 92
65 91
river 2 Pic
58 87
58 86
58 85
river 2 Kapiskau
68 63
69 62
69 61
70 61
70 62
71 62
river 2 Kawinogans
38 75
39 75
40 74
41 73
river 2 Winisk
39 67
38 67
37 68
river 2 Dog
37 93
36 93
36 92
35 93
36 93
river 2 Wabigoon
27 91
26 91
27 90
26 90
26 91
25 91
river 2 Bloodvein
19 77
20 77
20 78
21 77
river 2 Berens
31 74
31 73
31 72
30 72
river 2 Sachigo
38 55
39 55
39 54
40 54
41 53
river 2 Red Deer
-20 69
-20 70
-19 70
-19 71
river 2 Carrot
-20 61
-21 61
-22 61
-22 62
-23 62
-24 63
river 2 Batten Kill
120 121
121 120
river 2 Ausable
121 109
120 110
119 111
river 2 West Branch Ausable
119 111
118 112
117 113
river 2 Passaic
109 144
109 143
110 142
109 142
109 143
108 143
river 2 Lehigh
99 144
99 145
99 146
99 147
100 146
99 147
100 147
100 148
101 147
102 146
river 2 Great Egg Harbor
102 155
103 155
102 156
103 156
102 157
103 157
river 2 Sacandaga
114 122
113 122
113 121
114 120
river 2 La Chute
120 115
119 116
river 2 Saint Louis
6 112
6 113
7 112
7 113
8 112
river 2 Locust Fk.  of the Black Warrior
7 223
8 223
river 2 Duck
13 211
12 211
12 210
11 210
10 210
9 211
9 210
8 210
7 210
8 209
7 209
6 209
5 209
5 208
4 208
5 207
4 208
river 2 Nolichucky
36 201
37 200
37 201
38 200
38 201
39 200
40 200
40 199
41 199
42 199
42 200
43 200
43 201
river 2 French Broad
36 201
36 202
37 202
38 202
39 202
39 203
39 204
39 205
39 206
38 207
river 2 French Broad
33 203
32 203
31 203
river 2 Green
25 194
25 193
24 194
24 193
24 194
23 194
23 193
23 194
22 194
21 195
21 194
21 195
21 194
20 195
19 195
18 196
17 196
16 196
17 195
16 196
17 195
16 196
16 195
16 196
16 195
15 196
15 195
14 196
15 195
14 195
14 194
14 193
13 194
13 193
12 193
13 192
14 192
14 191
13 191
14 190
13 190
river 2 Green
29 192
28 193
27 194
26 194
river 2 Elk
54 178
55 178
55 177
56 177
57 176
57 177
58 176
59 175
60 175
60 174
60 175
61 174
62 174
62 175
62 176
63 175
river 2 Cheat
69 163
69 164
69 165
70 165
69 166
69 167
69 168
69 169
river 2 Shavers Fork
69 169
68 169
68 170
68 171
67 172
66 173
river 2 Mohican
55 159
56 159
56 160
56 161
56 162
57 162
river 2 Cuyahoga
62 153
62 152
62 151
river 2 Aroostook
159 77
158 78
158 77
157 77
157 78
157 79
157 78
156 79
155 79
155 80
154 80
154 81
155 81
154 82
153 83
river 2 W.  Br.  Penobscot
153 89
152 89
151 90
river 2 W.  Br.  Penobscot
144 90
145 90
146 89
146 90
147 89
147 88
148 87
river 2 W.  Br.  Penobscot
149 88
149 89
150 88
150 89
river 2 Androscoggin
137 102
136 102
135 103
134 104
135 104
135 105
134 106
135 106
135 105
135 106
136 105
137 105
137 104
138 104
139 103
140 103
141 102
141 103
river 2 Blackstone
128 127
129 127
129 128
river 2 Oneida River - Erie Canal
100 127
101 126
river 2 Erie Canal
104 126
105 125
106 125
river 2 Housatonic
117 137
117 136
116 136
116 135
115 135
115 134
116 133
116 132
117 131
117 130
117 129
river 2 Erie Canal
83 133
84 133
85 132
86 131
87 131
88 130
89 130
90 130
91 130
92 130
93 130
94 130
95 130
96 129
97 129
river 2 Genesee
92 129
92 130
91 131
90 132
90 133
89 134
88 135
88 136
87 137
87 138
87 139
river 2 Schuylkill
96 151
97 151
98 151
99 151
99 152
100 152
101 152
100 153
river 2 Little Juniata
82 153
83 153
river 2 Juniata
83 153
83 154
84 154
85 153
86 152
87 152
88 152
89 151
89 152
90 152
89 153
river 2 Raystown Br.  Juniata
80 158
81 157
81 156
river 2 North Branch Potomac
73 165
74 164
74 165
75 164
75 163
76 163
76 162
76 163
77 163
river 2 S.  Fk.  Shenandoah
72 175
72 174
73 174
river 2 Shenandoah
82 163
82 164
81 164
81 165
80 166
79 167
78 167
78 168
77 168
77 169
76 170
75 171
74 172
74 173
73 174
river 2 South
73 174
72 174
72 175
72 176
river 2 Rapidan
81 171
80 172
80 171
79 172
78 172
77 173
river 2 Rappahannock
80 169
79 170
80 170
80 171
81 171
81 172
82 171
82 172
83 172
84 172
river 2 Eno
67 193
66 194
65 194
river 2 Neuse
68 194
68 195
68 196
69 196
69 197
68 198
69 198
69 199
70 198
70 199
71 198
71 199
72 199
73 199
73 198
74 198
75 197
76 197
76 198
77 198
river 2 Catawba
48 211
48 210
49 209
49 208
50 207
49 207
river 2 Catawba
50 203
50 204
49 205
49 206
river 2 Catawba
47 201
48 201
49 200
50 200
50 201
river 2 Little Tallahatchie
-12 222
-11 222
-10 222
-10 223
-9 222
river 2 White
35 168
34 168
33 168
32 169
31 169
30 169
30 170
29 171
28 172
28 173
27 173
27 174
26 175
25 175
25 176
24 176
23 177
22 178
21 179
20 180
20 181
19 181
18 182
17 183
17 184
17 185
16 185
15 185
14 186
13 186
river 2 Sangamon
16 170
15 171
14 172
13 173
12 174
11 174
10 175
9 175
8 175
8 176
7 176
6 176
7 175
6 175
5 175
5 174
6 173
5 173
4 174
3 174
2 174
river 2 St. Marys
39 159
38 160
39 160
38 161
39 161
39 162
40 162
40 163
41 162
41 163
42 162
42 163
41 164
river 2 St. Joseph
39 159
40 158
41 157
42 156
43 155
river 2 Maumee
39 159
39 160
40 159
41 158
42 158
43 157
44 157
45 157
45 156
46 156
47 155
river 2 St. Joseph
33 152
34 152
33 153
34 152
33 153
34 153
33 154
33 155
34 154
34 155
33 156
34 156
35 155
36 155
37 154
38 153
39 152
40 152
river 2 Tittabawassee
53 138
52 138
53 137
52 137
52 136
51 136
51 135
52 134
52 133
river 2 Saginaw
54 135
54 136
53 137
53 138
river 2 Rock
24 143
25 143
24 144
24 145
23 145
22 146
22 147
21 148
river 2 Rock
20 148
19 149
20 149
19 150
19 151
18 152
19 152
18 153
17 154
16 155
15 156
15 157
14 157
13 158
12 158
11 159
10 159
9 160
8 161
7 161
7 162
6 162
5 162
river 2 Fox
26 137
25 138
24 138
river 2 Menominee
36 127
36 126
36 125
37 124
36 125
35 125
36 124
36 123
37 122
37 121
36 121
35 121
36 120
35 120
river 2 Flambeau
16 128
16 127
17 127
17 126
18 126
19 125
20 124
20 123
21 123
22 122
23 121
24 121
river 2 Red Cedar
13 128
13 129
12 130
12 131
11 131
10 132
10 133
9 134
10 134
river 2 Saint Louis
4 122
5 122
4 123
5 123
4 124
4 125
3 126
4 126
3 127
4 127
5 127
5 128
4 128
4 129
3 130
river 2 St. Francis
-9 202
-8 202
-9 203
-8 203
-9 204
-9 205
-10 206
-9 205
-10 206
-9 206
-9 207
-10 208
-11 208
-11 209
-12 209
-12 210
-13 210
-13 211
-14 212
-13 212
-14 212
-14 213
-15 214
river 2 St. Francis
-9 200
-9 199
-8 198
-8 197
-7 196
river 2 Iowa
-7 151
-8 152
-8 153
-7 153
-8 154
-7 154
-6 154
-6 155
-6 156
-7 157
-7 158
-6 158
-5 158
-5 159
-4 159
-3 159
-3 160
-2 160
-1 160
0 160
1 159
1 160
0 161
1 161
0 162
0 163
0 164
river 2 Wapsipinicon
0 148
0 149
1 149
0 150
1 150
0 151
1 151
0 152
1 152
0 153
1 153
1 154
2 154
2 155
2 156
3 156
3 157
4 157
5 157
5 158
6 158
6 159
7 159
8 159
river 2 North Racoon
-17 154
-17 155
-17 156
-18 157
-17 157
-17 158
-16 158
-17 159
-16 158
-16 159
-15 159
-15 160
-15 161
-14 161
-15 162
-15 163
river 2 Racoon
-15 163
-14 163
-13 163
-12 163
river 2 Boyer
-27 165
-26 164
-25 163
-24 162
-23 161
-22 160
-21 160
-21 159
-20 159
-20 158
-19 158
-19 157
-18 156
river 2 Saint Louis
19 109
18 110
19 109
18 110
18 109
17 110
16 111
16 110
15 111
14 112
14 113
13 114
12 115
13 115
14 115
14 116
14 117
15 117
15 116
16 116
river 2 Sheyenne
-22 109
-21 109
-21 108
-20 108
-19 108
-19 109
-18 108
-18 109
-17 108
-17 109
-16 109
-15 109
-14 109
-13 109
-13 110
-14 111
-13 111
-14 112
-14 113
-14 114
-15 115
-16 116
-16 117
-16 118
-17 119
-16 119
-17 120
-16 120
-16 121
-16 122
-15 121
-15 120
-14 120
-13 120
-12 119
-11 119
-11 118
-10 117
-10 116
-9 115
river 2 Red Lake
-6 107
-6 108
-6 109
-5 108
-5 109
-4 108
-3 108
-2 107
-1 106
-1 105
-1 106
0 106
1 106
2 106
2 107
3 106
3 107
river 2 Washita
-65 223
-66 223
-66 222
-67 222
-68 222
-69 223
-68 222
-69 222
-70 222
-71 222
-71 221
-71 220
-70 219
-71 219
-70 218
-71 218
-71 219
-72 219
-71 218
-72 219
-71 218
-72 218
-72 217
-73 217
-74 218
-74 217
-75 218
-75 217
-75 216
-76 217
-76 216
-77 217
river 2 Cimarron
-63 212
-63 211
-64 212
-64 211
-64 210
-65 211
-65 210
-66 210
-66 209
-66 208
-66 207
-67 207
-67 206
-67 205
-68 205
-69 205
-70 206
-70 205
-71 206
-72 206
-72 205
-73 206
-73 205
-74 205
-75 205
-74 204
-75 204
-75 203
-75 202
-76 202
-76 201
-77 202
-78 202
-79 203
-80 203
-81 204
-82 204
-83 205
-83 204
-84 205
-85 205
-85 206
-86 206
-87 206
-87 205
-88 206
-89 206
-89 205
-90 206
river 2 Big Sandy
-81 195
-80 194
-80 193
-79 192
-79 191
-79 190
-79 189
-80 190
-80 189
-81 189
-81 188
-82 188
-82 187
-82 186
-82 185
-83 185
-83 184
-84 185
river 2 Solomon
-49 183
-48 183
-48 184
-47 184
-47 185
-47 186
-47 187
-47 188
-46 187
-47 188
-46 188
river 2 Smoky Hill
-68 189
-68 190
-67 189
-67 190
-66 190
-65 190
-64 189
-64 190
-63 189
-62 189
-61 189
-61 190
-60 189
-60 190
-59 190
-58 190
-57 190
-56 189
-56 190
-55 189
-54 189
-53 189
-53 190
-52 190
-51 190
-51 191
-50 191
-50 192
-49 191
-48 190
-48 189
-47 188
-47 189
-46 188
-45 188
-44 188
-43 187
-42 187
-42 186
river 2 Little Blue
-47 175
-46 175
-46 174
-46 175
-45 175
-44 175
-44 176
-44 177
-43 176
-43 177
-42 176
-42 177
-41 177
-40 176
-40 177
-40 178
-39 178
-39 179
-39 180
-39 181
river 2 North Loup
-42 167
-43 167
-43 166
-43 165
-43 164
-44 164
-44 163
-44 162
-45 163
-46 163
-46 162
-47 162
-47 161
-48 162
-47 161
-48 161
-49 161
-49 160
-50 160
-50 159
-50 158
-51 158
-52 158
-52 157
-53 157
river 2 Loup
-42 167
-41 167
-40 167
-39 166
-38 166
-37 165
-36 165
-36 166
-35 166
river 2 Lodgepole
-67 170
-67 169
-67 168
-68 168
-69 168
-70 168
-70 167
-71 168
-71 167
-72 167
-73 167
-74 167
-75 167
-76 168
-76 167
-77 167
-78 167
river 2 Laramie
-73 158
-74 158
-75 159
-75 158
-76 159
-76 158
-77 159
-78 160
-78 159
-79 160
-80 160
river 2 Niobrara
-67 156
-67 157
-66 156
-66 157
-65 156
-64 156
-63 156
-62 156
-61 156
-60 155
-60 156
-59 155
-58 155
-57 154
-56 154
-55 154
-54 153
-53 153
-52 153
-52 154
-51 153
-51 154
-50 153
-50 154
-49 154
-48 153
-47 153
-46 152
-46 153
-45 153
river 2 White
-45 145
-45 144
-46 144
-47 145
-47 144
-47 145
-47 144
-48 145
-49 145
-50 145
-51 145
-52 145
-53 145
-54 146
-55 147
-56 147
-57 148
-58 149
-59 149
-59 150
-59 151
-60 151
-60 152
-61 152
-62 153
-63 153
-64 154
river 2 Belle Fourche
-50 139
-51 139
-52 139
-53 140
-53 139
-54 140
-54 139
-54 138
-54 137
-55 137
-54 136
-55 137
-55 136
-56 136
-57 136
-58 136
-58 135
-59 135
-58 134
-59 134
-60 135
-61 136
-62 136
-63 137
-63 138
-64 139
-65 139
-66 140
-67 141
-68 141
-69 142
river 2 Moreau
-37 131
-38 131
-39 132
-40 132
-41 132
-42 132
-43 132
-44 132
-45 132
-46 132
-47 132
river 2 Heart
-38 119
-39 119
-39 118
river 2 Heart
-31 118
-32 118
-32 117
-33 118
-34 119
-35 120
-35 119
-36 120
-37 120
-37 119
river 2 Little Missouri
-45 117
-46 117
-46 118
-46 119
-47 119
-48 119
-48 120
-49 120
-49 121
-50 121
-49 121
-50 122
-50 123
-51 124
-52 125
-52 126
-53 127
-53 128
-54 128
-54 129
-55 129
-55 130
-56 131
-57 131
-58 132
-59 133
-60 134
-61 134
river 2 Powder
-55 117
-55 118
-56 119
-56 120
-57 121
-57 122
-57 123
-57 124
-57 125
-58 125
-58 126
-59 126
-60 127
-61 128
-62 129
-63 130
-64 130
-65 131
-66 132
river 2 Wheeler
169 0
169 1
170 0
170 1
171 0
171 1
river 2 Wheeler
-4 23
-3 23
-2 22
-1 22
0 21
0 22
1 21
2 20
2 21
2 20
3 20
3 21
4 20
4 21
river 2 Pipestone
-17 92
-16 92
-16 93
river 2 Souris
-12 92
-13 93
-14 93
-14 94
-15 94
-15 93
-16 93
-17 93
-18 94
-19 94
-20 95
-21 96
-22 97
-21 97
-22 98
-22 99
-23 100
-22 100
-23 101
-22 101
-22 102
-21 102
-22 103
-22 104
-23 105
-24 105
-25 106
-26 106
-27 106
-27 105
-28 105
-27 104
-28 104
-27 103
-28 103
-27 102
-27 101
-27 100
-27 99
-27 98
-27 97
-26 96
-27 96
-27 97
-27 96
-28 97
-29 97
-30 97
-31 97
-32 97
-32 96
-33 96
-33 95
-33 94
-33 93
-33 92
-33 91
river 2 Chaudière
137 86
137 87
138 86
137 87
138 87
138 88
139 88
139 89
140 89
140 90
140 91
140 92
140 93
139 93
139 94
138 95
river 2 Madawaska
156 74
155 74
156 73
155 74
155 73
154 73
river 2 Annapolis
174 85
173 86
172 87
171 88
river 2 Shubenacadie
182 84
183 83
182 83
182 82
183 81
184 80
184 79
184 78
183 79
184 78
river 2 
220 29
221 28
river 2 Humber
217 32
218 32
218 31
219 31
river 2 Upper Humber
220 29
220 28
221 28
221 27
222 26
222 25
221 25
river 2 Chibougamau
124 67
123 67
124 66
123 67
123 66
124 65
125 64
124 64
124 65
123 65
123 66
122 66
river 2 Chibougamau
121 66
120 66
119 67
118 68
117 69
116 70
115 70
river 2 Waswanipi
110 71
110 70
109 71
river 2 Waswanipi
115 70
114 70
113 71
112 71
112 72
river 2 Waswanipi
112 71
111 71
river 2 Pontax
103 59
104 58
104 59
105 58
105 59
106 59
106 58
107 58
108 58
109 57
110 56
111 55
112 55
113 54
114 54
115 53
river 2 Pontax
115 53
116 53
117 53
118 52
118 53
119 52
river 2 Mistassibi Nord-Est
140 54
140 55
139 56
139 57
138 58
138 59
138 60
138 61
138 62
137 63
138 63
137 64
river 2 Manouane
146 46
146 47
146 48
147 48
146 49
147 49
147 50
river 2 Manouane
147 52
148 52
147 53
146 54
145 55
146 55
145 56
146 56
145 57
146 57
145 58
144 58
143 59
144 59
143 60
143 61
142 62
141 63
river 2 Caopacho
171 36
172 35
172 34
172 33
172 32
172 31
river 2 Moisie
170 27
170 28
169 28
169 29
169 30
169 31
169 32
170 32
170 33
171 33
171 34
170 35
171 35
171 36
171 37
171 38
170 39
170 40
170 41
171 41
171 42
171 43
171 44
171 45
river 2 Moisie
171 24
170 25
river 2 
172 21
172 22
river 2 
176 9
177 8
river 2 
176 8
177 8
river 2 Ashuanipi
172 22
172 21
173 20
172 20
172 19
172 18
171 18
river 2 Joir
205 12
205 13
205 14
204 15
river 2 Little Mecatina
188 18
189 18
190 17
191 16
192 16
192 17
193 16
194 15
195 15
196 14
196 15
197 14
197 15
197 16
198 16
199 16
200 16
201 15
202 15
203 15
204 15
river 2 
212 4
211 5
210 6
210 5
river 2 
145 22
146 22
147 21
river 2 
140 26
140 27
139 27
river 2 Sakami
119 39
120 39
121 38
121 39
122 39
123 38
123 39
124 38
124 39
125 39
125 38
126 38
127 38
128 37
128 38
129 38
130 38
131 38
132 37
132 38
133 37
132 38
133 38
134 37
135 37
136 36
137 36
138 35
139 35
140 35
141 34
142 33
143 33
river 2 
112 49
112 50
111 51
river 2 Opinaca
109 52
110 51
111 51
112 50
113 49
114 49
114 48
115 48
116 47
117 47
117 46
118 46
119 45
120 44
121 44
122 43
122 44
123 43
124 43
125 42
126 42
127 42
128 41
river 2 
108 34
108 35
109 34
110 34
111 33
112 32
113 32
114 31
114 32
115 31
115 32
116 31
116 32
117 31
118 31
119 30
119 31
120 30
121 30
122 30
river 2 Roggan
106 35
107 35
river 2 Denys
118 25
118 26
119 26
118 27
119 27
120 27
121 27
122 27
123 27
124 27
125 27
126 26
126 27
127 26
river 2 Swampy Bay
168 5
168 6
168 7
169 7
river 2 Swampy Bay
167 4
166 5
166 4
165 4
166 3
165 3
165 2
164 2
river 2 Murdoch
170 1
171 1
171 2
171 3
river 2 Petite rivière de la Baleine
130 17
131 17
132 16
132 17
133 16
134 16
135 16
136 16
137 15
river 2 
138 7
137 7
river 2 
140 7
141 7
141 8
140 9
141 9
140 10
river 2 
138 0
137 0
136 1
river 2 
135 4
135 5
136 5
137 5
river 2 L'Assomption
122 95
122 96
123 95
123 96
123 97
124 97
123 98
123 99
river 2 Bazin
114 88
115 88
115 87
116 87
117 86
118 85
river 2 Gens de Terre
107 92
108 92
109 92
110 92
109 93
109 94
109 95
110 94
river 2 Ottawa
108 89
109 88
110 87
110 88
111 88
river 2 Rivière du Lièvre
115 91
115 92
114 93
114 94
113 94
113 95
112 95
112 96
112 97
112 98
111 98
111 99
110 99
110 100
110 101
110 102
109 103
110 103
110 104
110 105
river 2 Welland Canal
81 135
81 134
82 133
82 132
river 2 Mississagi
69 105
70 105
71 104
71 105
72 104
river 2 Mississagi
67 106
66 106
66 107
65 108
66 108
65 109
64 110
65 110
65 111
66 111
66 112
river 2 Mattagami
79 95
80 94
79 94
80 93
80 92
81 91
81 90
82 89
81 89
82 88
81 88
82 87
82 86
82 85
82 84
82 83
83 82
83 81
83 80
82 81
82 80
82 79
river 2 Kapuskasing
71 94
72 93
73 92
73 91
74 91
74 90
74 89
75 88
75 87
76 86
76 85
77 84
78 83
79 82
79 81
80 81
80 80
81 79
82 79
82 78
river 2 Kabinakagami
66 89
67 88
68 87
68 86
69 85
69 84
70 83
69 83
70 82
70 81
71 80
71 79
70 79
70 78
71 78
70 78
71 77
70 77
river 2 Drowning
71 72
70 73
69 73
68 73
67 74
66 74
66 75
65 76
64 77
63 77
62 78
61 78
61 79
river 2 Kenogami
57 84
57 83
58 83
59 82
60 82
61 81
62 81
63 80
64 79
65 79
66 79
67 78
68 78
67 79
68 78
68 79
68 78
69 78
70 77
70 76
70 75
71 74
71 73
70 73
71 72
71 71
72 70
river 2 
52 79
53 79
52 80
53 80
river 2 Kenogami
62 76
63 75
64 74
65 73
65 74
66 73
67 73
68 73
69 72
69 73
70 72
71 72
river 2 Pic
55 94
55 93
55 92
56 91
57 90
57 89
58 89
58 88
58 87
river 2 Kapiskau
71 62
71 63
72 63
72 64
73 63
73 64
74 63
75 62
75 63
76 62
76 63
77 62
78 61
79 61
80 60
80 59
81 58
82 58
83 58
84 57
85 56
85 55
86 55
87 54
88 53
89 53
river 2 Kawinogans
41 73
42 73
43 72
44 72
45 71
46 70
river 2 Otoskwin
54 65
54 66
river 2 Otoskwin
52 67
51 68
river 2 Otoskwin
39 71
40 71
40 72
41 71
42 71
42 70
43 70
42 71
43 71
44 70
44 71
45 70
46 69
46 70
river 2 Attawapiskat
56 64
57 64
river 2 Attawapiskat
59 64
59 65
60 64
60 65
61 65
61 64
61 65
62 64
63 63
63 64
64 63
65 63
66 62
66 61
67 61
68 60
67 60
68 59
69 58
69 57
70 56
70 55
71 55
72 54
73 54
74 54
75 54
river 2 Winisk
55 60
55 59
54 59
river 2 Winisk
51 60
51 59
50 59
49 60
48 61
47 62
47 63
46 64
45 65
44 65
43 66
42 67
42 66
41 67
40 67
39 67
river 2 Winisk
58 58
57 59
56 59
river 2 
45 81
45 80
river 2 Allan Water
43 79
42 80
42 81
41 81
40 82
39 83
38 84
river 2 Ogoki
56 76
56 75
55 75
54 76
53 77
52 77
river 2 Ogoki
49 77
50 76
49 76
49 77
49 76
48 77
48 76
48 77
47 77
river 2 Ogoki
43 79
44 78
44 79
45 78
river 2 Jackfish
49 81
50 80
49 80
50 79
51 78
river 2 Dog
38 93
37 93
37 94
36 95
36 94
37 93
river 2 Dog
36 97
37 97
36 98
35 98
34 98
river 2 Dog
37 95
36 95
river 2 Dog
38 99
37 100
37 99
36 100
36 99
36 98
river 2 Wabigoon
25 91
24 91
25 90
river 2 Wabigoon
21 87
22 87
21 88
21 89
22 89
23 88
23 89
river 2 Wabigoon
19 85
19 86
20 85
19 86
20 86
river 2 Fawn
54 52
54 51
55 50
56 49
56 48
56 49
57 48
58 47
59 46
59 47
59 46
60 46
61 46
62 45
63 44
64 43
65 42
66 41
66 40
65 40
66 39
65 40
65 39
65 38
65 37
65 36
river 2 Beaver Stone
56 35
56 36
57 36
57 37
58 37
59 37
58 38
57 39
58 39
57 40
58 40
58 41
59 41
river 2 Sachigo
43 50
44 50
45 49
46 48
47 48
48 47
49 46
50 45
51 44
50 45
50 44
51 44
51 43
52 43
53 42
54 41
54 42
55 41
56 40
57 40
57 41
58 41
59 41
60 40
61 40
river 2 Bloodvein
11 73
12 73
11 74
12 74
13 74
12 75
13 75
14 75
14 76
15 76
15 75
15 76
16 75
16 76
16 77
17 76
18 76
18 77
19 77
river 2 Berens
18 70
18 69
17 69
16 69
15 69
14 69
14 68
13 68
13 69
13 68
12 68
river 2 Berens
30 72
30 71
29 72
29 71
28 72
27 72
26 72
25 72
25 71
24 71
25 70
24 70
25 69
24 69
river 2 Berens
22 69
21 70
20 70
19 70
river 2 Sachigo
42 52
42 51
river 2 
-2 72
-2 71
river 2 
-2 72
-2 73
-3 74
river 2 Mossy
-6 76
-5 75
-5 74
river 2 Dauphin
4 72
4 71
5 71
5 72
6 71
river 2 Overflowing
-9 62
-8 61
-7 61
-6 61
-6 60
-5 60
-4 60
-4 61
river 2 Red Deer
-7 63
-7 62
-8 63
-8 62
-9 63
-10 63
-10 64
-10 63
-11 64
-12 64
-13 64
-14 64
-15 64
-16 65
-17 65
-18 65
-18 66
-19 66
-19 67
-20 68
-19 68
-20 69
river 2 Carrot
-8 57
-9 58
-10 58
-9 57
-10 57
-10 58
-11 58
-12 58
-13 59
-14 60
-15 60
-16 61
-16 60
-17 61
-17 60
-18 61
-19 61
-20 61
river 2 Rat
17 34
17 35
17 36
16 37
17 37
16 38
17 37
17 38
river 2 Burntwood
28 34
28 35
27 35
26 36
25 36
24 37
23 37
22 38
21 39
20 39
19 40
19 39
river 2 Burntwood
19 39
18 39
19 38
18 38
river 2 File
8 45
7 45
8 44
7 44
8 43
8 44
8 43
9 42
river 2 Burntwood
11 41
12 40
13 39
13 40
14 39
13 40
14 40
15 40
16 40
17 39
river 2 Keewatin
14 26
13 26
river 2 Keewatin
14 27
14 28
14 29
15 29
14 30
13 31
13 32
river 2 Laurie
11 31
11 32
10 33
11 32
11 33
11 34
12 33
12 34
river 2 Seal
40 9
39 10
39 9
38 9
river 2 Geikie
-3 25
-2 25
-1 24
0 24
1 23
2 22
3 22
4 21
5 20
6 20
6 19
river 2 Cochrane
17 18
18 17
19 16
20 15
20 14
21 13
20 13
river 2 Cochrane
20 10
20 9
21 8
20 8
20 9
19 9
river 2 Cochrane
17 10
16 11
16 10
river 2 Cochrane
15 10
14 11
14 12
13 13
river 2 Chipman
11 2
11 3
10 4
9 4
8 5
9 5
river 2 Penobscot
151 94
151 95
151 96
150 96
150 97
149 98
150 98
river 2 Androscoggin
141 103
141 104
140 105
140 106
140 107
141 106
141 107
142 107
142 106
river 2 Wateree
48 212
49 212
49 213
49 214
49 215
48 215
49 215
48 216
48 217
river 2 Maumee
47 155
48 155
49 154
50 153
51 152
river 2 St. Francis
-15 214
-14 214
-15 215
-16 215
-16 216
-17 217
-18 218
-17 218
-18 218
-18 219
-18 220
-19 221
-18 221
-19 222
-19 223
river 2 Cimarron
-52 213
-52 212
-52 213
-52 212
-53 213
-54 214
-54 213
-55 213
-55 214
-55 213
-56 214
-57 214
-58 214
-59 214
-59 215
-60 215
-61 215
-61 214
-62 215
-62 214
-63 214
-63 213
-63 212
river 2 Niobrara
-45 153
-45 154
-44 154
-43 154
-42 154
-41 154
-40 153
-39 153
-38 153
-37 153
-37 154
-36 153
-36 154
-35 154
-34 154
river 2 White
-37 145
-38 145
-39 145
-40 146
-40 145
-41 146
-41 145
-42 146
-42 145
-43 145
-44 145
-45 145
river 2 Little Missouri
-36 111
-37 111
-37 110
-38 111
-38 110
-39 110
-40 111
-40 110
-41 110
-41 111
-42 111
-43 111
-43 112
-44 113
-44 114
-44 115
-45 116
-45 117
river 2 Naskaupi
188 6
189 6
190 5
191 4
192 3
193 2
194 1
195 0
196 0
197 0
197 1
198 0
197 1
198 1
197 2
198 1
198 2
199 1
199 2
200 2
201 2
river 2 Little Mecatina
204 15
204 16
205 16
204 17
205 17
205 18
205 19
206 19
207 19
207 20
206 21
207 21
206 22
207 22
207 23
207 24
208 23
208 24
209 23
river 2 Petite rivière de la Baleine
122 18
123 18
124 18
125 18
126 18
127 17
127 18
128 17
128 18
129 17
130 17
river 2 Attawapiskat
75 54
76 54
77 54
77 53
78 53
79 53
78 54
79 54
80 54
81 54
82 53
83 53
84 53
85 53
86 52
86 53
87 52
88 52
river 2 Carrot
-1 54
-2 55
-3 56
-3 55
-4 56
-5 56
-6 57
-6 56
-7 57
-8 57
river 2 Burntwood
30 34
29 34
28 34
river 2 Seal
48 8
47 8
46 9
46 8
45 9
45 10
44 10
43 10
43 9
42 9
river 2 Ashuanipi
184 9
184 8
183 8
182 9
181 9
180 10
181 10
180 11
179 12
178 12
177 13
177 12
176 12
175 12
174 12
174 11
173 11
173 10
172 10
172 11
171 11
river 2 Naskaupi
184 9
185 8
186 8
187 7
188 7
188 6
river 2 Bloodvein
11 72
11 73
river 2 Berens
12 68
11 68
river 2 
-4 73
-4 74
-3 73
-2 72
river 2 
-2 71
-1 71
-2 72
river 2 
-3 74
-2 74
-2 75
-1 75
-1 76
-2 77
-1 77
0 76
0 75
1 75
river 2 
1 75
2 74
3 73
4 73
4 72
river 2 Dauphin
6 71
7 70
8 69
9 68
10 67
river 2 Erie Canal
101 126
102 126
103 126
104 126
river 2 
11 13
11 14
10 15
river 2 Geikie
6 19
7 19
8 18
9 18
10 17
10 16
11 15
10 15
river 2 Cochrane
2 33
2 32
3 31
4 31
5 30
6 29
7 29
7 28
8 28
8 27
9 26
9 25
10 24
11 23
12 22
12 21
13 21
14 20
15 19
16 19
17 18
river 2 Cochrane
20 13
20 12
19 12
20 11
20 10
river 2 Cochrane
19 9
18 10
17 10
river 2 Cochrane
16 10
15 10
river 2 Cochrane
13 13
12 14
11 14
10 15
river 2 Jackfish
48 85
48 84
49 83
49 82
48 82
49 81
river 2 Jackfish
51 78
51 77
river 2 Nipigon
47 89
47 88
47 87
48 86
47 86
48 85
river 2 Mossy
-5 74
-4 74
-4 73
river 2 Overflowing
-4 61
-3 61
-4 62
-3 62
river 2 Winooski
122 109
121 109
122 109
122 108
122 107
122 106
122 105
river 2 Sakami
117 41
118 40
119 39
river 2 Winisk
54 59
53 59
52 59
51 60
river 2 Chipman
9 5
8 6
river 2 Waswanipi
109 71
108 71
river 2 Waswanipi
108 71
107 71
river 2 W.  Br.  Penobscot
148 87
148 88
149 88
river 2 Attawapiskat
57 64
58 64
59 64
river 2 Manouane
147 50
147 51
147 52
river 2 Swampy Bay
164 2
164 1
163 2
163 1
163 0
162 0
river 2 
140 10
140 11
139 11
139 12
139 13
138 14
river 2 Keewatin
13 32
13 33
river 2 Laurie
12 34
13 33
river 2 Chibougamau
122 66
121 66
river 2 
136 1
135 2
134 3
133 4
134 4
135 4
river 2 Ogoki
52 77
51 77
50 77
49 77
river 2 Gens de Terre
106 91
107 90
107 91
107 92
river 2 Gens de Terre
110 94
110 95
river 2 Ottawa
106 90
106 91
107 90
106 90
107 90
108 89
river 2 Little Missouri
-35 110
-36 111
river 2 Moreau
-35 131
-36 131
-36 130
-37 131
river 2 Sacandaga
115 121
114 122
114 123
114 122
river 2 French Broad
36 201
35 202
34 203
34 202
33 203
river 2 Green
25 194
26 194
river 2 W.  Br.  Penobscot
151 90
151 89
150 89
river 2 Raystown Br.  Juniata
83 154
82 155
81 156
river 2 Neuse
67 193
67 194
68 194
river 2 Catawba
48 211
48 212
river 2 Catawba
49 206
48 207
49 207
river 2 Catawba
50 203
51 202
50 202
51 201
50 201
river 2 Little Tallahatchie
-12 222
-13 223
-14 223
river 2 Rock
21 148
20 148
river 2 Fox
27 137
26 137
river 2 St. Francis
-9 202
-9 201
-9 200
river 2 Cimarron
-50 212
-51 212
-52 213
river 2 Big Blue
-38 182
-39 182
-39 183
-40 183
-40 184
-40 185
river 2 Heart
-38 119
-37 119
river 2 Humber
219 31
219 30
220 29
river 2 Waswanipi
110 71
111 71
river 2 Waswanipi
112 71
112 72
river 2 Maicasagi
110 71
111 70
112 69
river 2 Moisie
170 27
170 26
170 25
river 2 
178 9
177 9
177 8
river 2 Ashuanipi
171 14
172 14
171 15
172 15
171 16
172 16
171 17
171 18
river 2 Ashuanipi
171 11
171 12
171 13
171 14
river 2 
143 23
143 24
144 23
145 22
river 2 
140 26
141 25
142 24
143 23
river 2 
141 23
142 23
143 23
river 2 
139 27
138 28
137 28
137 29
river 2 
107 35
108 34
river 2 Swampy Bay
167 4
167 5
168 5
river 2 
140 7
140 8
139 8
138 8
139 7
138 7
river 2 Mississagi
67 106
68 106
69 105
river 2 Kabinakagami
65 91
66 90
67 89
66 89
river 2 Otoskwin
52 67
53 67
54 66
river 2 Otoskwin
54 65
55 65
56 64
river 2 Winisk
55 60
56 59
river 2 Winisk
58 58
59 58
60 58
61 57
62 57
river 2 
43 80
44 80
45 80
river 2 
43 79
43 80
river 2 Ogoki
45 78
46 77
46 78
47 77
river 2 Dog
36 97
37 96
37 95
river 2 Wabigoon
25 90
24 90
24 89
23 90
23 89
river 2 Wabigoon
21 87
20 87
20 86
river 2 Berens
18 70
19 70
river 2 Berens
18 70
18 71
17 72
river 2 Berens
24 69
23 69
22 69
river 2 Sachigo
41 53
42 52
river 2 Sachigo
42 51
42 50
43 50
river 2 Red Deer
-7 63
-6 63
-5 63
river 2 Rat
17 38
18 38
river 2 Burntwood
17 39
18 38
river 2 File
11 41
10 41
9 42
river 2 Keewatin
14 26
14 27
river 2 North Seal
35 10
34 10
river 2 North Seal
32 9
32 10
33 10
34 10
river 2 South Seal
34 11
35 10
river 2 Wolverine
38 9
38 8
river 2 Seal
40 9
41 9
41 10
42 9
river 2 Seal
37 10
36 10
36 11
35 11
36 10
35 10
river 2 Chipman
12 2
11 2
river 1 Tallapoosa
16 223
17 223
river 1 Coosawattee
23 215
23 216
24 215
25 215
river 1 Elk
14 212
15 211
15 212
16 211
17 210
river 1 Nolichucky
43 201
44 200
44 201
45 200
44 200
45 199
river 1 French Broad
38 207
37 208
36 209
river 1 Powell
43 192
42 193
41 194
river 1 Clinch
49 190
50 190
51 189
river 1 Salt
30 188
30 189
30 190
river 1 Goose
36 192
36 193
35 193
35 194
river 1 Levisa Fork
46 188
47 188
47 189
48 189
river 1 Guyandotte
51 185
52 185
53 185
river 1 Licking
42 188
43 187
42 187
42 186
river 1 Greenbrier
65 176
65 175
66 175
66 174
river 1 Little Kanawha
60 172
61 172
61 173
river 1 Youghiogheny
72 164
71 165
71 166
70 167
river 1 Moose
143 93
142 93
142 94
141 94
140 95
141 95
river 1 Raquette
114 108
113 109
112 110
111 111
111 112
111 113
112 112
112 113
113 113
112 114
113 114
113 115
114 114
115 114
114 115
114 116
113 117
river 1 Raquette
113 117
112 118
112 119
113 118
river 1 Black
103 120
104 119
104 120
105 119
106 118
106 119
107 119
107 120
107 121
107 122
107 123
river 1 Nottoway
75 184
76 184
77 184
river 1 Meherrin
72 186
73 186
74 186
75 186
river 1 Dan
57 191
58 191
57 191
57 192
57 193
58 192
river 1 Deep
59 198
59 197
59 196
river 1 Cape Fear
70 202
71 201
71 200
70 200
river 1 Little Pee Dee
59 210
59 209
59 208
58 208
river 1 Saluda
37 209
38 209
38 210
river 1 S.  Fk.  Edisto
40 218
40 219
41 219
41 220
river 1 Alcovy
25 220
25 221
26 221
25 222
26 222
25 223
river 1 Hatchie
-6 219
-6 220
-7 221
river 1 S.  Fk.  Obion
-2 208
-1 208
0 208
river 1 Great Miami
44 164
45 163
46 162
river 1 Little Wabash
12 178
11 179
river 1 Embarras
16 172
15 173
16 173
15 174
river 1 St. Joseph
43 155
44 154
river 1 W.  Br.  St. Joseph
44 154
43 154
43 153
river 1 Spoon
8 166
9 165
10 164
river 1 Tippecanoe
37 158
36 158
35 158
34 159
river 1 Kalamazoo
44 149
45 149
46 149
46 150
river 1 
53 125
52 126
52 127
52 128
53 127
river 1 Manistee
52 125
52 126
51 127
52 127
51 128
river 1 Fox
26 145
27 144
26 145
26 146
25 146
25 147
river 1 Des Plaines
25 152
25 151
26 150
25 150
26 149
25 149
river 1 Wolf
29 125
29 124
30 123
river 1 Peshtigo
30 124
31 123
32 123
32 124
river 1 Black
18 130
19 129
20 129
20 128
21 128
21 127
river 1 Cache
-11 206
-12 207
-13 208
river 1 Current
-18 200
-17 200
-16 199
river 1 Osage Fork Gasconade
-21 198
-22 198
-22 199
-22 198
-23 199
-24 200
-23 200
-24 201
river 1 South Skunk
-9 155
-9 156
-10 157
-10 158
river 1 Turkey
4 147
3 147
4 146
3 146
2 146
river 1 East Nishnabotna
-20 163
-19 162
-19 161
-19 160
river 1 Thompson
-17 167
-18 167
-17 166
-18 166
-18 165
river 1 Chariton
-16 169
-15 168
-15 169
-14 168
-13 168
river 1 Platte
-24 173
-24 174
-25 175
river 1 E.  Fk.  Des Moines
-11 146
-11 145
-12 145
river 1 Little Sioux
-14 146
-14 145
river 1 Big Sioux
-19 134
-19 133
-19 132
-18 131
-17 131
river 1 Otter Tail
-3 116
-4 117
-4 118
-4 119
river 1 Meramec
-13 195
-14 196
-13 196
-14 197
-13 197
-14 198
river 1 Petit Jean
-40 221
-40 220
-41 221
-41 222
-40 221
river 1 Cottonwood
-48 192
-47 192
river 1 Verdigris
-43 195
-43 194
-42 194
-42 195
-41 195
river 1 Carrizo
-94 211
-95 211
river 1 Carrizo
-95 211
-95 210
-96 210
river 1 North Fork Red
-84 221
-85 221
-85 220
-86 221
-86 220
-87 221
-87 220
river 1 Beaver
-92 207
-92 208
-91 207
-91 208
-90 208
river 1 Chikaskia
-56 202
-56 201
-57 201
river 1 Salt Fork Arkansas
-63 206
-63 205
-64 205
-64 204
river 1 Purgatoire
-101 202
-100 202
-100 203
-99 203
-98 203
river 1 Arikaree
-80 183
-79 183
-78 182
-77 182
-76 181
river 1 Republican
-70 178
-71 178
-72 179
-72 178
river 1 Beaver
-66 181
-67 182
-68 182
-69 183
-70 184
river 1 Saline
-59 187
-59 186
-60 187
-60 186
-61 187
-61 186
river 1 S.  Fk.  Solomon
-59 184
-60 185
-60 184
-61 185
-61 184
-62 185
-62 184
river 1 Big Blue
-39 169
-40 169
-41 170
-42 170
river 1 Elk Horn
-40 156
-41 156
-41 155
-42 156
-43 157
-43 156
river 1 Bad
-49 143
-50 144
-50 143
-51 144
-52 144
river 1 S.  Fk.   of the Grand
-48 128
-49 128
-49 127
-50 128
-51 128
-52 128
-53 129
-53 128
river 1 Big Muddy Cr.
-41 97
-42 98
-43 99
river 1 Pipestone
-23 87
-24 87
-25 87
-24 86
-25 87
-25 86
-26 86
river 1 Moose Mountain
-29 87
-28 87
-28 88
-27 88
-28 89
river 1 Long
-36 95
-36 94
-36 93
-36 92
river 1 Moose Jaw
-34 90
-35 90
-35 89
-35 88
-36 88
river 1 Nicolet
132 94
133 94
134 94
134 95
river 1 Patapédia
159 66
160 66
160 67
river 1 Tobique
162 72
163 71
163 70
164 70
river 1 Nepisiguit
165 70
166 70
166 69
167 69
river 1 York
174 53
174 54
175 54
176 53
river 1 Saint Croix
157 86
158 85
157 85
158 84
river 1 Lloyds
217 39
218 38
river 1 Lloyds
218 38
218 37
river 1 North Salmon
226 31
226 32
227 31
227 32
228 31
river 1 Gander
229 31
230 30
230 29
river 1 Terra Nova
234 27
233 28
233 29
river 1 Maicasagi
116 67
117 66
116 66
117 65
116 66
117 65
116 65
115 66
river 1 
146 37
147 37
148 36
river 1 Nemiscau
122 50
123 50
124 49
125 48
124 49
river 1 Mistassini
137 53
137 54
136 55
136 56
river 1 Mistassibi
139 51
139 52
138 53
138 54
river 1 Betsiamites
151 45
150 46
150 47
149 48
river 1 Portneuf
146 62
147 62
146 63
146 64
147 64
147 65
river 1 Rivière aux Outardes
148 39
149 38
150 38
150 39
river 1 Hart Jaune
165 29
164 30
165 30
164 31
165 31
river 1 Sainte-Marguerite
166 31
167 31
167 32
167 33
river 1 Magpie
180 31
179 31
180 30
179 30
180 29
179 29
river 1 
183 16
184 16
185 15
186 15
river 1 Kenamu
200 10
201 9
202 9
202 10
203 10
river 1 Goose
195 8
194 8
193 9
192 9
river 1 Saint-Jean
182 28
182 29
183 28
183 29
184 29
183 30
river 1 Romaine
185 19
186 19
187 18
186 18
186 17
river 1 Olomane
199 19
198 19
199 19
198 20
199 20
198 21
199 21
200 21
river 1 Aguanish
188 26
188 27
189 26
189 27
190 26
river 1 Saint-Augustin
208 8
209 8
209 9
208 10
209 10
208 11
209 11
river 1 St. Lewis
219 6
220 5
221 4
222 3
river 1 Alexis
217 4
218 3
219 3
219 2
220 2
river 1 Paradise
217 4
216 5
215 5
216 4
215 4
216 3
216 2
river 1 Kanairiktok
187 0
187 1
187 2
river 1 
151 17
152 16
153 15
154 15
154 14
river 1 Conn
111 49
112 48
112 47
113 47
114 47
river 1 Vauquelin
121 29
120 29
119 29
118 29
river 1 Sable
167 11
166 11
165 11
river 1 Sérigny
156 12
155 13
155 12
154 12
154 11
155 11
river 1 Pons
157 7
156 7
156 8
155 8
154 9
river 1 Coats
127 18
126 19
125 19
124 20
river 1 Nord
131 11
131 12
132 11
133 11
river 1 Delay
152 11
151 12
151 11
150 11
151 10
152 9
river 1 Delay
148 12
148 11
149 10
river 1 
130 2
130 3
131 2
131 3
132 3
river 1 Jacques-Cartier
140 78
139 78
139 79
138 80
river 1 Trenche
127 75
127 74
128 74
128 75
129 75
129 76
river 1 Rouge
119 90
118 91
118 92
117 92
118 92
117 93
river 1 Coulonge
105 94
104 94
103 94
102 95
102 96
river 1 South Nation
109 110
108 111
108 112
107 113
river 1 Thames
72 134
73 134
72 135
71 136
river 1 Maitland
75 128
74 129
74 128
73 129
72 129
river 1 Madawaska
91 111
92 110
92 111
93 111
94 110
river 1 Saugeen
74 126
75 126
76 126
77 125
river 1 Magnetawan
86 111
86 112
87 111
86 112
87 112
88 111
river 1 West Montreal
80 98
81 98
81 97
81 96
82 96
river 1 Aubinadong
68 103
67 103
68 102
68 101
67 101
river 1 Goulais
64 105
65 105
65 104
66 103
river 1 Montreal
68 99
67 100
66 101
65 101
river 1 Opasatika
74 86
75 85
74 85
75 85
75 84
76 83
76 82
77 82
river 1 Wekweyaukastik
91 78
90 78
90 77
90 76
90 75
river 1 Drowning
61 79
60 80
59 81
river 1 Kwetabohigan Rapids
82 69
81 70
80 71
79 71
78 72
river 1 Kinosheo
87 63
87 64
86 64
85 65
84 65
84 66
river 1 Lawashi
74 61
75 61
76 60
77 60
78 59
78 60
river 1 Kinushseo
81 43
82 43
83 42
84 42
river 1 Swan
82 46
83 46
83 47
84 46
river 1 Shamattawa
67 52
68 52
68 51
69 50
69 49
river 1 Wabassi
57 68
58 68
59 67
59 68
river 1 Pineimuta
43 68
43 67
44 67
44 66
45 66
river 1 Otoskwin
37 71
38 71
39 71
river 1 Wenasaga
30 78
30 77
31 77
32 76
32 77
31 78
31 77
river 1 Beaver Stone
57 33
56 33
56 34
57 34
56 35
river 1 Manigotagan
14 81
15 81
14 82
15 82
16 82
river 1 Poplar
22 67
22 68
22 67
23 67
24 67
river 1 Gunisao
23 59
22 59
23 58
22 59
22 58
river 1 Flanagan
30 67
29 68
28 69
28 70
river 1 Cobham
24 63
25 63
26 62
26 63
25 63
26 63
25 64
river 1 Echoing
43 49
44 48
44 47
45 46
river 1 Overflowing
-10 61
-10 62
-9 62
river 1 Swan
-10 66
-11 67
-12 68
river 1 Niskibi
61 33
60 34
59 34
river 1 Black Duck
58 33
59 32
58 32
59 31
60 31
river 1 Kaskattama
52 32
53 31
54 31
54 30
river 1 Stewart
-14 50
-15 51
-15 52
-16 53
-15 53
river 1 Odei
21 33
22 33
21 34
22 33
river 1 Smoothstone
-23 48
-23 49
-23 50
-22 49
river 1 Foster
-10 35
-9 34
-10 35
-10 34
river 1 Mudjatik
-7 25
-7 24
-8 25
-8 24
-8 25
-9 25
-8 25
-9 25
river 1 Owl
46 22
45 22
44 23
44 22
river 1 Wheeler
-6 25
-6 24
-5 23
-4 23
river 1 Laurel
31 195
32 195
river 1 Oostanaula
20 217
19 217
20 217
19 217
19 218
18 218
18 219
17 220
river 1 Coosawattee
20 217
21 216
22 216
23 215
river 1 Conasauga
21 214
21 215
20 216
20 217
river 1 Etowah
20 220
19 221
19 220
18 220
17 220
river 1 Elk
4 218
5 217
6 217
6 216
7 216
7 215
7 216
7 215
8 215
9 214
10 214
11 214
12 213
12 214
12 213
river 1 Powell
41 194
40 195
39 196
38 196
37 197
36 197
35 198
36 197
35 198
36 197
35 198
35 197
35 198
34 198
33 199
river 1 Clinch
35 199
36 198
37 198
37 197
38 197
39 196
40 196
41 195
42 195
42 194
43 194
44 193
45 192
46 192
47 191
48 191
49 190
river 1 Clinch
29 204
29 203
30 203
29 203
30 202
31 201
river 1 Salt
24 188
25 188
26 187
27 187
28 187
29 187
30 186
30 187
31 186
30 187
31 187
30 188
river 1 S.  Fk.  Kentucky
37 191
37 190
37 189
river 1 Goose
37 191
36 192
river 1 Big Sandy
47 180
47 181
46 182
river 1 Guyandotte
49 179
49 180
50 180
49 181
49 182
50 182
50 183
50 184
50 185
50 186
51 185
river 1 Licking
42 186
42 185
41 185
41 184
river 1 Licking
40 184
40 183
39 183
39 182
38 182
38 181
37 181
37 180
36 180
37 179
36 179
36 178
37 177
36 177
37 176
river 1 Greenbrier
57 183
57 184
58 183
59 182
60 182
61 181
61 180
62 179
63 178
64 177
65 176
river 1 Little Kanawha
57 170
57 171
57 172
57 173
58 172
58 173
59 172
59 173
60 172
river 1 Youghiogheny
71 158
71 159
71 160
71 161
72 160
71 161
72 161
72 162
73 162
72 162
72 163
72 164
river 1 Moose
145 91
145 92
144 92
143 93
river 1 Meherrin
75 186
76 186
77 186
78 186
78 187
79 186
79 187
80 186
80 187
81 187
river 1 Dan
58 192
58 193
59 193
58 194
59 194
59 193
60 193
61 192
62 191
63 191
64 190
64 191
65 190
66 190
66 189
67 189
68 188
69 188
river 1 Tar
68 192
69 192
70 192
71 192
70 193
71 192
70 193
71 193
71 194
72 194
73 194
73 193
74 192
74 193
75 192
75 193
76 192
75 193
75 194
75 195
76 195
77 194
77 195
78 195
river 1 Deep
64 198
63 198
63 199
62 199
61 200
60 200
60 199
60 198
59 198
river 1 Cape Fear
68 208
69 207
68 207
69 207
70 206
70 205
70 204
69 204
70 203
71 202
70 202
river 1 Little Pee Dee
58 215
58 214
58 213
58 212
59 212
58 212
59 211
59 210
river 1 Lynches
52 209
52 210
52 211
52 212
52 213
53 213
53 214
54 214
55 213
55 214
56 214
56 215
57 214
river 1 Saluda
40 216
41 215
42 215
42 216
river 1 Saluda
38 210
38 211
37 212
38 212
37 213
38 213
38 214
39 214
38 215
39 214
river 1 S.  Fk.  Edisto
41 220
41 221
42 221
43 221
44 221
44 222
river 1 North Fork Edisto
42 219
43 219
44 219
44 220
45 219
45 220
45 221
44 222
45 222
44 222
river 1 Edisto
47 223
48 223
47 223
46 223
45 223
46 222
45 223
45 222
44 222
river 1 Hatchie
-11 214
-10 213
-9 213
-8 213
-8 214
-7 213
-6 213
-6 214
-6 215
-5 215
-6 216
-5 216
-5 217
-6 218
-6 219
river 1 S.  Fk.  Obion
-3 207
-2 206
-2 207
-2 208
river 1 Great Miami
35 176
36 175
37 174
38 173
39 172
40 171
41 170
41 169
42 168
41 168
42 167
41 167
42 166
43 165
44 165
44 164
river 1 Little Wabash
11 179
11 180
10 180
10 181
9 182
10 182
9 183
10 183
9 184
10 184
11 184
10 185
11 185
11 186
10 187
10 188
10 189
9 190
9 191
river 1 Embarras
15 174
15 175
16 175
15 176
14 177
14 178
13 179
13 180
12 181
13 181
13 182
13 183
14 182
15 182
14 183
15 183
15 184
river 1 Spoon
5 171
4 172
5 171
4 172
4 171
3 171
4 170
4 169
5 168
6 167
7 166
8 166
river 1 Tippecanoe
34 159
33 159
33 160
33 159
33 160
32 160
32 161
31 161
31 160
30 161
30 160
29 161
30 161
29 162
28 163
27 164
27 165
27 166
river 1 Kalamazoo
37 147
38 147
38 148
39 148
40 148
40 149
40 150
41 149
42 148
42 149
43 149
44 149
river 1 Muskegon
51 130
50 130
50 131
50 132
49 133
48 133
48 134
47 134
46 135
45 136
44 137
45 137
44 138
43 139
42 140
42 139
41 140
40 141
39 141
38 142
river 1 Au Sable
53 127
54 127
55 127
56 127
57 127
57 128
58 128
59 128
60 128
river 1 Manistee
51 128
50 128
49 129
48 130
48 129
48 130
47 130
46 130
45 131
44 132
43 133
43 132
42 133
41 133
river 1 Fox
25 147
25 148
24 149
24 150
24 151
23 152
23 153
22 154
22 155
21 156
21 157
20 158
19 159
19 158
19 159
18 159
17 160
17 161
16 161
river 1 Des Plaines
20 160
21 160
21 159
22 158
23 157
24 156
24 155
25 154
24 154
25 153
25 152
river 1 Wolf
26 136
26 135
27 134
28 134
28 133
29 132
28 132
29 132
29 131
29 130
30 129
30 128
30 127
29 127
30 126
29 126
29 125
river 1 Black
10 140
11 139
12 139
13 138
14 138
14 137
15 136
16 135
17 134
17 133
18 132
17 132
18 131
18 130
river 1 Cache
-13 208
-14 209
-15 209
-15 210
-16 211
-17 212
-18 213
-18 214
-19 214
-19 215
-20 216
-21 217
-21 218
-22 218
-22 219
-23 220
-23 221
-23 222
-24 222
-24 223
river 1 Current
-15 208
-14 207
-13 206
-14 206
-13 205
-14 205
-13 204
-14 204
-13 203
-13 202
-13 201
-14 201
-13 200
-14 200
-15 200
-15 199
-16 199
river 1 Gasconade
-11 187
-11 188
-12 189
-13 190
-14 191
-14 192
-14 191
-15 192
-14 192
-15 192
-15 193
-16 194
-17 195
-17 194
-17 195
-18 195
-19 195
-19 196
-19 195
-19 196
-20 196
river 1 Osage Fork Gasconade
-20 196
-20 197
-21 198
river 1 South Skunk
-10 158
-11 159
-11 160
-11 161
-10 161
-10 162
-9 161
-9 162
-9 163
-8 163
-8 164
-7 164
-7 165
-6 165
-5 165
-4 165
river 1 Skunk
-4 165
-3 165
-2 165
-3 166
-3 167
-2 167
-2 168
-1 168
-1 169
0 169
river 1 Turkey
7 151
6 151
6 150
6 149
5 150
5 149
4 149
4 148
3 148
4 147
river 1 East Nishnabotna
-28 172
-27 171
-26 171
-26 170
-25 170
-25 169
-24 168
-23 167
-23 166
-22 166
-22 165
-21 165
-21 164
-20 163
river 1 West Nishnabotna
-22 163
-23 164
-24 165
-24 166
-25 167
-25 168
-26 168
-26 169
-27 169
-27 170
-28 171
-28 172
river 1 Thompson
-19 179
-20 179
-19 178
-19 177
-18 176
-19 176
-18 175
-19 175
-18 174
-18 173
-18 172
-17 171
-18 171
-17 170
-17 169
-18 169
-17 168
-18 168
-17 167
river 1 Chariton
-17 183
-17 182
-16 181
-15 180
-14 180
-14 179
-13 178
-13 177
-13 176
-12 175
-12 174
-11 173
-11 172
-10 171
-11 171
-11 170
-11 169
river 1 Chariton
-13 168
-12 168
-12 169
river 1 Platte
-25 175
-25 176
-26 177
-26 178
-26 179
-27 180
-26 180
-27 181
-27 182
-28 183
-29 184
river 1 E.  Fk.  Des Moines
-12 153
-11 153
-11 152
-10 151
-11 151
-10 150
-10 149
-9 148
-10 148
-10 147
-11 147
-11 146
river 1 Little Sioux
-26 162
-25 161
-25 160
-25 159
-24 159
-24 158
-23 157
-22 156
-21 155
-20 154
-19 153
-18 152
-17 151
-17 152
-16 152
-16 151
-15 150
-15 149
-16 150
-15 149
-16 149
-15 148
-15 147
-14 146
river 1 Big Sioux
-26 156
-25 155
-26 155
-25 154
-26 154
-25 153
-24 152
-24 151
-23 150
-23 149
-22 148
-23 148
-22 147
-22 146
-23 146
-23 147
-23 146
-22 145
-22 144
-21 144
-21 143
-20 142
-20 141
-21 141
-20 140
-21 140
-20 139
-20 138
-20 137
-20 136
-19 135
-20 135
-19 134
river 1 Otter Tail
-4 119
-4 120
-5 120
river 1 Otter Tail
-11 122
-10 122
-10 123
-9 122
-9 123
-8 122
-7 121
-6 121
river 1 Meramec
-4 189
-3 188
-4 188
-4 187
-5 188
-6 189
-6 188
-7 189
-8 190
-9 191
-10 192
-11 193
-12 193
-13 194
-13 195
river 1 Petit Jean
-33 219
-33 220
-34 220
-35 221
-35 220
-36 221
-37 221
-37 220
-38 221
-38 220
-39 221
-39 220
-40 221
river 1 Cottonwood
-40 192
-41 193
-41 192
-42 193
-42 192
-43 193
-43 192
-44 193
-45 194
-46 194
-47 194
-46 193
-47 193
river 1 Neosho
-39 193
-40 193
-40 192
river 1 Neosho
-39 194
-39 195
-39 196
-38 195
-39 196
-38 196
-39 197
-39 198
-39 199
-39 200
-38 199
-39 200
-38 200
-39 201
-38 200
-38 201
-39 202
-39 203
-39 204
-39 205
-39 206
river 1 Neosho
-44 212
-44 211
-43 211
-43 210
river 1 Neosho
-45 214
-46 215
river 1 Verdigris
-41 195
-42 196
-42 197
-42 198
-42 199
-41 199
-41 200
-42 201
-42 202
-43 203
-42 203
-43 203
-42 203
-43 204
-43 205
-44 206
-43 206
-44 207
river 1 Verdigris
-46 210
-46 211
-47 211
-47 212
-46 211
-46 212
-47 213
-46 213
-47 214
-46 214
-46 215
river 1 Carrizo
-91 213
-92 213
-92 212
-93 212
-93 211
-94 212
-94 211
river 1 Rita Blanca
-91 212
-91 213
-91 214
-91 215
-92 216
-92 217
river 1 North Fork Red
-75 223
-75 222
-76 222
-76 221
-77 221
-77 220
-78 221
-78 220
-79 220
-80 221
-80 220
-80 219
-81 220
-81 219
-82 220
-83 221
-84 221
river 1 North Canadian
-79 208
-78 208
-77 208
-77 207
-76 207
-75 207
-74 207
-73 207
-72 207
-71 207
-71 208
-71 209
-70 209
-69 209
-70 210
-69 210
-69 211
-68 211
-68 212
-68 213
-67 213
-66 213
river 1 Beaver
-90 208
-90 209
-89 208
-89 209
-88 208
-87 208
-87 209
-86 209
-86 210
-85 210
-84 209
-83 208
-82 208
-81 208
-80 207
-80 208
-79 208
river 1 Chikaskia
-55 208
-54 207
-55 207
-54 206
-55 206
-54 205
-55 205
-55 204
-55 203
-56 203
-56 202
river 1 Salt Fork Arkansas
-54 209
-54 208
-55 209
-55 208
-56 208
-57 208
-58 208
-59 208
-60 208
-60 207
-61 207
-62 207
-63 207
-63 206
river 1 Purgatoire
-98 203
-97 203
-96 202
-95 202
-95 203
-94 203
-93 202
-92 201
-91 200
-90 200
-89 199
-88 198
-87 197
-86 196
-85 195
river 1 Arikaree
-76 181
-75 181
-74 181
-73 180
-73 181
-72 180
-71 180
-70 179
-69 178
river 1 Republican
-66 178
-67 178
-68 178
-69 178
-70 178
river 1 Beaver
-53 177
-54 178
-54 177
-55 178
-55 177
-56 178
-56 177
-57 178
-58 178
-59 178
-60 178
-61 179
-62 179
-63 180
-64 180
-65 181
-66 181
river 1 Saline
-47 188
-48 188
-48 187
-49 188
-49 187
-50 187
-51 187
-52 187
-53 188
-54 188
river 1 Saline
-54 188
-54 187
-55 188
-55 187
-56 187
-56 186
-57 187
-58 187
-59 187
river 1 S.  Fk.  Solomon
-50 183
-51 184
-52 184
-52 183
-53 184
-53 183
-54 184
-54 183
-55 184
-56 184
-57 184
-58 184
-59 184
river 1 Big Blue
-38 182
-38 181
-39 181
-38 180
-37 179
-38 179
-37 179
-37 178
-36 177
-37 177
-36 176
-37 176
-37 175
-37 174
-36 173
-37 173
-36 172
-36 171
-36 170
-36 169
-36 168
-37 169
-37 168
-38 168
-38 169
-38 168
-39 169
river 1 Elk Horn
-30 167
-29 166
-29 165
-30 165
-29 164
-30 164
-29 163
-30 164
-30 163
-30 162
-30 161
-31 161
-31 160
-32 161
-33 161
-33 160
-34 160
-35 160
-36 160
-37 160
-36 159
-37 159
-37 158
-38 159
-37 158
-38 158
-38 157
-39 157
-39 156
-40 157
-40 156
river 1 Bad
-40 140
-41 140
-42 141
-43 141
-44 142
-45 142
-46 142
-47 142
-48 143
-48 142
-49 143
river 1 Grand
-36 128
-37 128
-38 128
-37 127
-38 128
-37 127
-38 127
-39 128
-39 127
-40 128
-41 128
-42 128
-42 127
-43 127
-44 127
river 1 North Fk.  of the Grand
-44 127
-44 126
-45 126
-45 125
river 1 S.  Fk.  of the Grand
-44 127
-45 128
-46 128
-47 128
-47 127
-48 128
river 1 Tongue
-61 123
-60 122
-59 121
-59 120
river 1 
91 99
90 99
river 1 Big Muddy Cr.
-43 99
-42 99
-42 100
-41 99
-41 100
-41 101
-42 101
-42 102
-43 103
-44 104
-44 105
river 1 Pembina
-3 98
-4 98
-5 98
-6 99
-6 98
-7 99
-8 99
-8 98
-8 97
-9 98
-9 97
-9 96
-9 95
-10 95
-11 96
-12 96
-13 96
river 1 Pipestone
-18 92
-19 92
-19 93
-20 93
-20 92
-20 91
-20 90
-20 89
-21 89
-21 88
-22 88
-22 87
-23 88
-23 87
river 1 Moose Mountain
-28 89
-28 90
-28 91
-28 92
-27 92
-27 93
-26 93
-25 93
-26 94
-27 95
-27 96
river 1 Long
-32 97
-33 98
-34 98
-34 97
-35 97
-35 96
-36 96
-35 95
-36 95
river 1 Moose Jaw
-36 88
-36 87
-36 86
-36 85
-37 86
-38 86
-37 85
-38 85
-37 84
-37 85
-36 84
-36 83
river 1 Qu'Appelle
-17 85
-18 85
-18 84
-19 85
-19 84
-20 84
-21 84
-22 84
-23 84
-23 83
-24 83
-25 84
-26 84
-26 83
-27 84
-27 83
-27 82
-27 81
-28 82
-28 81
-29 82
-29 81
-30 82
-30 81
-31 81
-32 82
-33 82
-34 83
-35 83
-36 83
-36 82
-36 81
-37 81
-37 80
-38 80
-38 79
-39 79
river 1 Saint-François
126 95
127 95
128 95
129 95
129 96
130 96
130 97
131 97
131 98
132 98
131 99
132 99
133 98
134 97
134 96
135 95
136 94
136 93
137 92
river 1 Nicolet
128 93
129 93
129 94
130 94
131 94
132 94
river 1 Restigouche
162 68
162 67
163 67
164 66
165 65
river 1 Restigouche
161 70
161 69
162 68
river 1 Patapédia
160 67
161 66
161 67
162 67
162 68
river 1 Tobique
159 77
160 77
161 76
161 75
162 74
162 73
163 72
162 72
river 1 Nepisiguit
167 69
168 69
169 68
170 68
171 67
172 66
172 65
river 1 York
176 53
176 54
177 53
178 53
179 52
river 1 Saint Croix
160 89
160 90
159 90
159 89
river 1 Saint Croix
159 89
159 88
159 87
river 1 Lloyds
222 33
221 33
221 34
220 35
219 36
218 37
river 1 
229 33
230 33
river 1 North Salmon
228 31
228 32
river 1 Salmon
228 33
229 33
229 34
228 35
228 36
river 1 Gander
236 19
237 19
236 20
236 21
235 21
235 22
234 23
river 1 Gander
230 29
231 28
231 27
232 27
233 26
233 25
234 24
river 1 Bay du Nord
233 31
232 31
232 32
232 33
232 34
river 1 Terra Nova
240 21
240 22
239 23
238 24
238 25
237 26
236 26
235 27
235 26
234 27
river 1 Long Harbour
235 32
235 31
235 30
235 29
river 1 
118 73
119 72
river 1 
119 71
120 70
121 69
120 70
121 70
river 1 Maicasagi
112 69
113 69
114 68
115 68
116 67
river 1 Broadback
102 61
103 61
104 61
105 61
106 60
107 60
107 61
108 61
109 60
110 60
111 59
112 59
river 1 Broadback
113 59
113 60
river 1 Broadback
113 62
114 62
115 62
116 62
117 61
118 61
119 61
120 60
121 60
122 59
123 58
124 57
124 58
125 57
river 1 
116 60
115 61
115 60
115 61
115 60
114 61
114 60
river 1 
141 39
142 39
143 38
143 39
144 39
145 38
146 37
river 1 Nemiscau
121 51
122 50
river 1 Nemiscau
114 57
115 56
116 55
117 55
118 54
119 53
120 52
121 51
river 1 Mistassini
136 56
135 57
134 58
135 58
134 59
134 60
134 61
133 62
134 62
134 63
133 63
134 63
133 64
133 65
133 66
133 67
133 68
133 69
134 69
135 69
134 70
135 70
river 1 Mistassibi
134 71
135 70
135 69
136 68
136 67
136 66
137 65
138 64
137 64
137 63
137 62
137 61
137 60
137 59
137 58
137 57
138 56
137 56
138 55
138 54
river 1 Betsiamites
149 48
148 49
148 50
148 51
148 52
149 52
148 53
149 53
149 54
149 55
150 55
149 56
149 57
148 58
river 1 Betsiamites
149 61
150 60
151 60
151 61
152 60
152 61
153 61
154 61
154 62
155 62
river 1 Portneuf
147 65
147 66
148 65
147 66
148 66
149 65
150 65
151 65
152 65
153 65
river 1 Rivière aux Outardes
150 39
150 40
151 40
river 1 Rivière aux Outardes
151 43
151 44
152 43
151 44
152 44
152 45
152 46
152 47
153 47
153 48
154 48
154 49
river 1 Rivière aux Outardes
155 56
155 57
156 57
156 58
157 58
156 59
157 59
river 1 Hart Jaune
161 37
162 37
162 36
163 36
river 1 Hart Jaune
164 34
164 33
165 32
164 32
165 31
river 1 Sainte-Marguerite
167 33
167 34
168 34
168 35
168 36
167 36
168 36
167 37
167 38
167 39
167 40
167 41
168 41
168 42
168 43
169 43
169 44
168 45
168 46
river 1 Magpie
179 33
179 32
180 31
river 1 Magpie
180 36
180 37
181 37
181 38
180 39
181 39
180 40
river 1 
191 8
192 7
river 1 
186 9
186 10
187 9
188 9
189 9
190 8
river 1 McPhadyen
166 15
167 15
167 16
168 15
169 15
170 14
170 15
171 14
river 1 
186 15
187 14
188 14
188 13
river 1 
182 22
182 23
182 24
182 25
181 26
180 27
180 28
179 28
178 28
river 1 Kenamu
203 10
204 10
204 9
204 8
205 7
205 6
205 5
206 4
205 4
206 3
205 3
river 1 Goose
203 5
203 4
202 5
201 5
200 6
200 5
199 6
198 6
198 7
197 7
196 8
195 8
river 1 Red Wine
192 6
192 5
193 4
194 3
195 3
195 4
196 3
196 4
197 3
197 4
198 3
199 3
199 2
200 2
river 1 Saint-Jean
183 30
183 31
182 32
182 33
182 34
183 34
182 35
182 36
183 36
183 37
182 38
182 39
181 40
river 1 Romaine
185 38
186 37
187 37
187 36
187 35
188 34
187 34
188 33
187 33
188 32
187 32
187 31
186 31
187 30
187 29
186 29
185 29
184 29
185 28
185 27
185 26
185 25
185 24
river 1 Romaine
184 22
183 22
184 21
184 20
185 19
river 1 Mistanipisipou
195 23
194 23
193 23
193 22
192 23
192 22
191 23
191 22
190 22
189 22
river 1 Olomane
200 21
201 21
201 22
201 23
201 24
201 25
202 24
202 25
202 26
203 26
202 27
202 28
203 28
202 29
202 30
river 1 Aguanish
190 26
191 26
191 27
192 27
193 27
193 28
194 28
194 29
195 29
194 30
194 31
194 32
195 32
194 33
194 34
river 1 Saint-Augustin Nord-Ouest
208 16
207 17
208 17
209 17
210 16
210 17
211 16
211 17
212 16
212 17
213 16
river 1 St. Paul
214 7
215 7
214 8
215 8
216 7
217 7
217 8
217 9
217 10
218 9
218 10
218 11
217 12
218 12
river 1 Saint-Augustin
209 11
208 12
208 13
209 12
208 13
209 13
210 13
211 13
212 13
212 14
213 14
212 15
213 15
212 16
213 16
river 1 St. Lewis
222 3
223 2
224 1
225 0
river 1 Alexis
220 2
220 1
221 1
222 0
223 0
river 1 Paradise
216 2
217 1
217 0
river 1 Kanairiktok
187 2
187 3
188 3
189 3
190 2
191 2
192 2
192 1
193 0
river 1 
163 28
163 27
162 28
river 1 
161 27
162 27
river 1 
165 22
164 22
163 23
163 22
162 23
161 23
162 22
river 1 
154 14
154 13
153 13
153 12
152 12
151 13
150 14
river 1 
149 14
149 15
river 1 
144 16
145 15
river 1 
128 37
129 36
128 36
128 35
river 1 
132 31
131 32
130 32
129 33
river 1 Conn
106 52
107 51
108 51
109 50
110 49
111 49
river 1 Maquatua
106 47
107 46
108 45
109 44
110 44
111 44
112 43
river 1 
122 32
123 32
124 32
125 32
126 32
127 32
127 31
128 31
129 30
river 1 Roggan
118 34
117 34
117 33
116 34
115 34
116 34
115 34
115 35
114 35
river 1 Roggan
113 35
112 36
112 35
111 36
111 35
110 36
110 35
109 35
108 35
107 35
river 1 Vauquelin
112 30
111 30
110 30
river 1 Vauquelin
118 29
117 29
116 30
115 30
114 30
114 29
113 30
river 1 Sable
165 11
165 10
164 11
164 10
164 9
163 9
163 8
163 7
163 6
river 1 Sérigny
155 11
155 10
156 10
157 9
158 8
159 7
160 7
160 6
161 6
161 5
162 4
161 4
162 3
river 1 Pons
161 3
160 4
160 5
159 6
158 6
158 7
157 7
river 1 Coats
124 20
123 20
122 21
121 22
120 23
121 23
120 23
120 24
river 1 
142 12
141 13
river 1 
142 11
141 12
river 1 
133 10
132 10
131 11
131 10
130 11
129 11
128 11
127 12
river 1 Nord
125 12
126 12
127 12
128 12
129 11
129 12
130 11
131 11
river 1 Delay
152 9
151 9
150 9
149 10
river 1 Delay
149 10
149 9
150 9
149 9
150 8
151 7
151 6
152 5
151 5
151 4
150 4
151 3
150 3
150 2
150 1
149 1
150 0
river 1 
141 0
140 1
139 1
138 1
138 0
river 1 Nastapoka
135 10
135 9
134 10
134 9
133 9
132 9
131 9
130 9
129 10
129 9
129 8
128 9
127 9
126 10
126 9
125 9
river 1 
125 3
126 3
127 3
128 2
127 2
128 2
129 2
130 2
river 1 Qikirtaluup Kuunga
124 1
125 1
126 1
127 0
river 1 Jacques-Cartier
138 80
137 81
137 82
138 82
137 83
137 84
136 85
136 86
135 86
135 87
134 88
river 1 Trenche
129 76
130 76
130 77
130 78
129 79
130 79
129 80
130 80
129 81
river 1 Kitchigama
103 72
103 71
104 71
103 71
104 70
105 69
105 68
105 67
104 67
104 66
104 65
103 65
103 64
102 64
103 63
river 1 Rouge
117 93
117 94
116 95
115 96
115 97
116 97
116 98
116 99
116 100
116 101
115 101
115 102
115 103
river 1 
102 105
101 106
101 105
100 106
100 105
river 1 
103 106
104 105
103 105
river 1 Coulonge
102 96
102 97
102 98
102 99
103 99
103 100
103 101
104 101
103 102
104 102
103 103
104 103
103 103
103 104
104 104
103 105
river 1 Dumoine
97 104
97 103
98 102
98 101
98 100
98 99
99 98
98 99
98 98
river 1 Kipawa
95 99
96 98
96 97
97 97
98 97
98 98
river 1 Kinojévis
99 86
99 85
98 85
97 86
96 87
96 86
96 87
95 88
96 88
95 88
95 89
96 89
96 90
river 1 Kanasuta
93 88
93 87
river 1 Turgeon
98 73
97 74
96 74
96 75
96 76
96 77
95 78
95 79
94 79
95 79
95 80
96 80
95 81
96 81
95 82
96 81
river 1 South Nation
112 104
113 104
113 105
112 105
112 106
111 107
112 107
111 107
111 108
110 109
109 110
river 1 Maitland
72 129
71 130
72 129
71 129
70 130
69 131
68 132
68 131
river 1 Thames
59 145
60 145
61 144
62 143
63 142
64 142
64 141
65 141
66 140
67 139
67 138
68 138
68 137
68 138
69 137
70 137
71 136
river 1 Madawaska
94 110
95 110
96 110
95 111
96 110
96 111
97 110
97 111
98 111
99 111
100 111
101 111
101 110
102 110
102 109
103 109
103 108
104 108
105 107
river 1 Saugeen
72 124
72 125
72 126
72 127
72 128
72 127
73 127
74 126
river 1 Magnetawan
79 113
80 112
81 112
82 111
82 112
83 111
83 112
84 111
84 112
85 111
84 112
85 112
86 111
river 1 
87 97
88 96
river 1 West Montreal
82 96
83 95
84 94
84 93
85 92
85 93
river 1 Montreal
90 98
89 98
89 97
88 97
88 96
87 96
87 95
86 95
86 94
85 94
85 93
84 94
84 95
river 1 Sturgeon
82 100
82 101
83 101
83 102
84 101
83 102
84 102
83 103
84 103
83 104
84 104
84 105
85 104
85 105
86 105
85 106
river 1 Spanish
75 101
76 101
75 102
75 103
76 103
75 104
76 104
75 105
76 105
75 106
74 107
74 108
74 109
75 108
76 108
75 109
74 110
74 109
73 110
72 110
72 111
71 111
70 111
river 1 Little White
68 108
67 109
66 110
65 111
river 1 Aubinadong
66 107
66 106
66 105
67 105
67 104
68 103
river 1 Goulais
60 109
61 108
61 109
62 108
63 107
63 106
64 105
river 1 Montreal
65 101
64 102
64 103
63 103
62 104
61 104
60 105
river 1 Abitibi
96 83
95 83
95 84
river 1 Abitibi
90 85
89 85
88 86
88 85
87 86
86 86
86 85
86 84
86 83
86 82
85 82
84 82
85 81
84 81
85 80
84 80
85 79
84 79
85 78
84 78
84 77
85 77
85 76
85 75
85 74
86 73
86 72
87 71
88 70
88 69
89 69
89 68
90 68
90 67
river 1 Opasatika
77 82
77 81
78 80
78 81
78 80
79 80
79 79
79 78
80 77
81 76
81 75
81 74
river 1 Wekweyaukastik
90 75
91 74
90 74
90 73
90 72
90 71
90 70
89 70
90 69
river 1 Nagagami
70 77
71 77
70 78
70 79
69 80
68 81
68 82
67 83
66 84
65 85
64 86
river 1 Kwetabohigan Rapids
91 66
91 65
90 65
89 65
88 65
87 65
86 66
85 67
84 67
83 68
82 69
river 1 Kinosheo
91 57
90 58
89 59
89 60
88 61
87 62
87 63
river 1 Lawashi
78 60
79 59
79 58
80 58
81 57
82 56
83 55
84 54
85 54
86 54
87 54
88 53
89 52
river 1 Opinnagau
90 41
89 41
88 42
87 42
86 43
85 43
85 44
85 43
84 44
83 45
82 45
81 45
80 46
river 1 Kinushseo
84 42
85 41
85 40
85 39
85 38
86 37
87 36
87 35
87 34
river 1 Sutton
80 42
80 41
81 40
81 39
82 38
83 37
84 36
85 35
86 35
86 34
87 33
river 1 Swan
84 46
84 47
85 47
86 47
87 47
88 47
89 46
90 46
river 1 Shamattawa
69 49
70 48
71 48
72 48
72 47
73 47
73 46
74 46
74 45
75 44
75 43
76 42
76 41
77 40
77 39
78 38
78 37
river 1 Asheweig
50 58
50 57
51 56
52 55
53 54
54 54
55 53
54 54
55 54
56 53
57 52
58 52
river 1 Asheweig
58 52
58 53
river 1 Asheweig
67 45
66 46
65 47
65 48
64 48
63 49
63 50
62 50
62 51
61 52
river 1 Wabassi
59 68
60 67
60 68
61 67
61 68
61 67
61 68
62 67
63 66
63 67
64 67
river 1 Pineimuta
45 66
46 65
47 64
48 64
49 63
50 63
50 64
50 65
51 65
52 65
53 64
53 65
53 66
54 65
river 1 Ogoki
57 76
58 75
59 75
60 75
60 74
60 75
61 74
61 73
62 72
63 71
64 71
64 70
65 69
65 68
66 67
river 1 Namewaminikan
48 87
49 86
50 86
51 85
51 86
52 85
52 86
53 85
52 86
51 87
51 88
river 1 Gull
43 86
43 87
43 86
42 86
41 87
42 87
41 87
41 88
40 89
40 90
river 1 
34 95
35 95
35 96
34 97
34 98
river 1 
24 104
25 104
26 103
27 102
river 1 
31 102
30 103
29 103
28 103
28 102
river 1 Pigeon
34 103
34 102
33 103
32 103
32 102
31 102
river 1 
23 103
23 104
river 1 
20 102
20 103
river 1 
22 102
22 103
river 1 
21 101
20 101
river 1 
20 98
20 97
river 1 Turtle
26 94
25 94
24 94
23 94
23 95
23 96
22 96
22 97
21 97
21 98
20 98
19 98
18 99
river 1 
34 80
34 79
33 79
32 79
31 79
31 80
river 1 Wenasaga
25 81
26 80
27 80
28 79
29 78
30 78
river 1 Manigotagan
10 79
11 79
11 80
12 79
12 80
13 80
14 80
14 81
river 1 Poplar
18 65
18 66
19 65
19 66
19 65
19 66
20 66
19 67
20 67
21 67
22 67
river 1 Poplar
16 64
16 65
17 65
river 1 Poplar
13 62
14 62
14 63
15 63
14 64
15 63
15 64
river 1 Gunisao
22 58
22 57
21 57
river 1 Gunisao
20 57
20 56
19 57
19 56
19 57
18 57
17 57
16 57
16 56
15 57
16 56
15 56
15 55
15 54
15 53
river 1 Flanagan
32 65
32 66
31 66
31 67
30 67
river 1 Flanagan
32 65
31 65
32 64
33 63
32 64
32 63
32 62
31 62
32 62
32 61
33 61
river 1 Cobham
23 60
22 61
23 61
22 62
23 62
23 63
24 63
river 1 Echoing
45 46
45 45
46 45
46 44
47 43
47 42
48 41
49 40
50 39
51 38
51 37
51 36
50 36
51 35
50 35
49 35
river 1 Stevenson
28 51
28 52
27 52
27 53
27 52
27 53
26 53
river 1 Lawford
23 49
24 48
24 49
25 48
26 48
river 1 Dafoe
30 37
31 37
32 36
32 37
33 36
34 36
35 36
36 36
37 35
38 35
river 1 Fox
38 35
38 36
39 36
40 36
41 35
42 35
43 34
44 34
river 1 Hayes
22 50
23 49
23 50
24 49
25 49
25 48
26 48
27 47
28 46
river 1 Hayes
31 44
31 45
river 1 Hayes
48 30
47 31
46 32
45 33
44 34
44 35
43 36
42 37
41 38
40 39
39 40
38 40
38 41
37 41
36 42
river 1 William
8 54
9 54
9 53
10 53
10 54
river 1 Swan
-4 65
-3 64
river 1 Swan
-12 68
-13 69
-13 70
-14 71
-13 71
-14 72
-13 72
-12 72
-11 71
-10 71
-9 70
-8 70
-7 69
-6 68
-5 67
river 1 Grass
22 39
23 39
river 1 Grass
17 43
18 43
18 42
19 42
20 41
21 40
river 1 Grass
15 45
14 46
13 46
12 46
13 45
12 45
12 44
11 45
river 1 Grass
7 48
8 47
9 46
river 1 Grass
3 48
3 47
4 47
5 46
4 47
4 48
5 48
river 1 Grass
30 34
29 35
28 35
28 36
27 37
26 38
river 1 Hargrave
17 48
16 48
15 49
15 48
14 49
13 49
12 50
11 50
11 49
10 49
9 49
river 1 Old Channel
-6 54
-7 54
-8 54
-9 54
-9 55
river 1 Niskibi
69 27
69 28
68 28
67 29
67 28
66 29
65 30
64 30
63 31
62 32
61 33
river 1 Black Duck
60 31
60 30
61 30
61 31
61 30
62 30
62 29
63 29
64 28
63 28
64 27
65 26
65 25
66 25
66 24
river 1 Kaskattama
54 30
55 30
56 29
57 29
58 28
59 27
59 26
59 27
60 26
60 25
61 25
61 24
62 23
river 1 Montreal
-7 40
-8 41
-9 41
river 1 Montreal
-13 43
-14 43
river 1 Limestone
42 30
42 29
41 29
40 29
39 29
38 30
37 30
37 29
36 29
35 29
35 30
river 1 Odei
28 34
27 35
26 35
26 34
25 35
25 34
24 35
24 36
23 36
22 36
22 37
22 36
22 35
22 34
23 34
river 1 
15 31
16 30
river 1 Hughes
19 29
18 29
17 29
river 1 Hughes
17 29
16 29
16 28
16 27
15 28
16 27
15 27
16 26
16 25
river 1 Barrington
17 28
18 28
17 29
river 1 Crean
-20 51
-20 50
-20 51
-21 51
river 1 Montreal
-14 43
-14 42
-15 43
-15 44
-16 44
-16 45
-17 46
-16 46
-17 47
-17 48
river 1 Smoothstone
-22 47
-23 48
river 1 Smoothstone
-15 37
-16 38
-17 39
-17 40
-17 41
-17 42
-16 42
-17 43
-18 43
-19 43
-20 44
-21 45
river 1 Wathaman
-4 27
-3 27
-2 26
-3 27
-2 27
-1 27
-1 26
0 26
1 26
1 27
2 27
river 1 Foster
-10 34
-9 33
-9 32
-8 31
-7 30
-6 30
-6 29
-5 28
-4 28
river 1 Mudjatik
-9 25
-10 26
-11 26
-12 27
-13 28
-14 29
river 1 Little Beaver
35 21
35 22
36 21
35 22
36 22
37 22
38 21
39 20
40 20
41 19
river 1 Owl
53 17
52 18
51 18
50 19
49 20
48 20
48 21
47 21
46 22
river 1 Deer
49 13
49 14
48 15
48 16
47 17
47 18
46 19
45 19
45 20
44 20
43 20
river 1 
32 9
33 9
33 8
33 9
34 8
34 7
river 1 North Seal
24 11
23 11
23 10
24 10
25 10
25 9
26 9
27 8
28 8
river 1 North Seal
29 8
30 7
river 1 North Seal
30 8
30 9
30 10
river 1 South Seal
29 18
28 18
27 18
26 18
25 18
river 1 South Seal
33 13
33 14
32 14
31 15
31 16
30 17
river 1 MacFarlane
-5 10
-4 9
-4 10
-5 11
-6 12
river 1 MacFarlane
-6 13
-7 14
river 1 MacFarlane
-3 6
-2 6
-2 5
river 1 Caribou
42 1
43 1
44 1
44 2
45 2
44 3
44 4
44 5
45 5
46 5
46 4
47 4
48 4
48 5
49 4
49 5
50 4
50 5
river 1 
24 0
23 1
23 2
22 3
21 3
21 4
river 1 Schwandt
22 1
21 2
22 2
23 1
23 0
river 1 North Canadian
-66 213
-66 214
-66 215
-66 216
-66 217
-65 217
-65 218
-64 217
-64 218
-63 218
-62 218
-63 219
-62 219
-61 218
-60 218
-59 218
-59 219
-59 220
-58 220
-57 219
-58 220
-58 219
-57 219
-56 219
-55 218
-55 219
-54 219
-55 220
-54 219
-54 220
-53 220
-52 220
-51 219
-50 218
-50 219
river 1 Berens
12 69
12 70
13 70
13 71
14 70
14 71
15 71
15 72
16 72
17 72
river 1 
184 9
185 9
185 10
186 9
river 1 Manigotagan
10 78
10 79
river 1 Poplar
11 61
12 61
12 62
13 62
river 1 Hayes
28 46
29 45
30 45
30 44
31 44
river 1 William
10 54
10 55
9 56
10 56
9 57
10 57
10 58
10 59
river 1 Hargrave
18 48
18 47
17 48
river 1 Berens
10 66
10 67
11 67
12 67
12 68
12 69
river 1 Namewaminikan
47 88
47 87
48 87
river 1 Gull
47 88
46 88
46 87
45 87
45 86
44 87
44 86
43 87
43 86
river 1 MacFarlane
-2 5
-2 4
-1 4
river 1 Sturgeon
85 106
85 107
84 108
river 1 Nord
124 16
125 15
125 14
125 13
125 12
river 1 
20 101
20 102
river 1 
20 101
19 101
20 100
19 100
18 100
river 1 
136 21
136 22
137 21
138 20
139 20
140 19
141 18
142 18
142 17
143 16
144 16
river 1 Lloyds
225 29
224 30
223 31
223 32
222 32
222 33
river 1 Montreal
-9 41
-10 42
-11 43
-11 42
-12 43
-13 43
river 1 
31 49
32 48
33 47
34 46
35 46
36 45
36 44
river 1 Saint Croix
159 87
159 86
158 87
158 86
157 87
157 86
river 1 Crean
-18 49
-19 50
-20 51
river 1 Montreal
-17 48
-18 49
river 1 
93 100
93 99
92 100
92 99
91 99
river 1 Moose
145 92
146 91
145 92
145 91
river 1 Broadback
113 60
112 61
112 62
113 61
113 62
river 1 
114 60
113 61
river 1 
15 32
15 31
river 1 
181 19
180 20
181 20
181 21
181 22
182 22
river 1 
162 26
162 25
161 25
161 26
river 1 
161 26
161 25
160 25
160 24
river 1 
162 22
161 22
161 23
160 24
159 24
160 23
river 1 
160 23
159 23
160 22
160 21
159 21
159 20
158 21
158 20
river 1 
163 25
162 25
162 26
161 27
river 1 
119 72
119 71
river 1 Salmon
228 32
229 32
228 33
river 1 Rivière aux Outardes
151 40
150 41
151 41
151 42
151 43
river 1 Rivière aux Outardes
154 49
154 50
154 51
153 52
154 52
154 53
154 54
155 54
155 55
155 56
river 1 Roggan
120 34
119 35
119 34
118 35
118 34
river 1 Roggan
114 35
113 35
river 1 Hart Jaune
157 45
158 44
158 43
159 43
159 42
160 41
160 40
160 39
160 38
161 38
161 37
river 1 Hart Jaune
163 36
163 35
164 34
river 1 Romaine
185 24
185 23
river 1 Romaine
185 23
185 22
184 22
river 1 
28 85
29 84
29 83
29 84
30 83
31 82
32 81
33 80
34 80
river 1 Kanasuta
93 87
94 86
94 85
river 1 Abitibi
95 84
94 85
93 85
92 85
91 86
91 85
91 84
90 84
90 85
river 1 
117 38
118 37
119 36
120 35
120 34
121 34
121 33
122 33
122 32
river 1 
129 33
128 33
127 34
126 34
125 35
river 1 Grand
-35 129
-35 128
-36 128
river 1 Betsiamites
148 58
148 59
149 59
149 60
149 61
river 1 Qu'Appelle
-39 79
-39 78
river 1 Saluda
42 216
43 216
44 216
river 1 Elk
14 212
13 213
12 213
river 1 Powell
33 199
32 199
32 200
31 200
river 1 Clinch
31 201
31 200
river 1 Clinch
35 199
34 199
33 200
32 200
31 201
31 200
river 1 Licking
41 184
40 184
river 1 Saluda
40 216
40 215
39 215
39 214
river 1 Wolf
26 137
26 136
river 1 Chariton
-11 169
-12 169
river 1 Otter Tail
-6 121
-5 121
-5 120
river 1 Cottonwood
-47 192
-47 193
river 1 Neosho
-39 194
-39 193
river 1 Neosho
-39 206
-38 206
-39 207
-40 208
-41 209
-42 209
-43 210
-42 210
-43 210
river 1 Neosho
-44 212
-45 213
-45 214
river 1 Verdigris
-44 207
-44 208
-45 209
-46 210
river 1 North Canadian
-49 220
-50 220
-49 219
-50 219
river 1 Solomon
-49 183
-50 183
river 1 Pipestone
-17 92
-18 92
river 1 Lloyds
218 38
217 38
218 38
river 1 Gander
234 24
234 23
river 1 Bay du Nord
233 30
233 31
river 1 Broadback
113 59
112 59
river 1 Magpie
180 36
180 35
179 35
river 1 Magpie
179 35
180 34
179 34
179 33
river 1 
190 8
191 8
river 1 
177 28
178 27
178 28
178 29
178 28
river 1 
162 28
162 27
river 1 
163 25
164 25
river 1 
149 14
150 14
river 1 
146 15
147 15
148 14
149 14
river 1 
145 15
146 15
river 1 Vauquelin
113 30
113 29
112 30
river 1 
144 10
143 10
142 11
river 1 
138 15
139 14
140 14
141 13
river 1 
143 11
142 12
river 1 
143 11
142 11
river 1 
138 15
137 15
river 1 
138 14
138 15
river 1 Kipawa
93 100
94 100
95 100
95 99
river 1 Asheweig
58 53
59 53
river 1 Asheweig
60 53
60 52
59 53
river 1 Asheweig
60 53
61 52
river 1 Ogoki
56 76
57 76
river 1 
27 102
28 102
river 1 
23 104
24 103
24 104
river 1 
20 103
21 102
22 101
22 102
river 1 
22 103
23 103
river 1 Poplar
17 65
18 65
river 1 Poplar
15 64
16 64
river 1 Gunisao
20 57
21 57
river 1 
31 49
30 50
river 1 Hayes
31 45
32 45
33 45
33 44
34 44
34 43
35 42
36 42
river 1 Swan
-5 67
-5 66
-4 65
river 1 Grass
26 38
25 38
24 38
24 39
23 39
22 40
river 1 Grass
21 40
22 39
river 1 Grass
15 45
16 44
17 43
river 1 Grass
9 46
10 46
11 45
river 1 Grass
5 48
6 48
7 47
7 48
river 1 Odei
23 34
22 34
22 33
river 1 
16 30
17 29
river 1 Smoothstone
-21 45
-22 46
-21 46
-22 47
river 1 Wathaman
2 27
3 26
river 1 Foster
-4 28
-4 27
river 1 North Seal
30 10
31 9
32 9
river 1 North Seal
30 7
30 8
river 1 North Seal
28 8
29 8
river 1 South Seal
30 17
29 18
river 1 South Seal
34 11
33 12
32 13
33 13
river 0 North Fork Salt
-10 172
-10 173
-11 174
-10 174
river 0 North Fork Salt
-10 174
-10 175
-10 176
-11 177
-10 177
-11 178
-10 178
-9 178
-9 179
-9 180
river 0 Salt
-5 180
-5 179
-6 179
-7 179
-8 180
river 0 Spring
-31 204
-32 204
-31 203
-32 203
river 0 Spring
-32 203
-32 202
-33 203
-33 202
-34 202
-35 202
-36 202
-36 203
-37 203
-37 204
-38 205
river 0 Illinois
-39 214
-38 213
-39 213
-38 212
river 0 Illinois
-38 212
-38 211
-39 212
-40 212
-41 212
-40 211
-41 212
-42 212
-42 213
-43 214
river 0 Illinois
-45 217
-46 218
river 0 Bryant
-24 202
-23 202
-24 203
-23 203
-23 204
river 0 Bryant
-23 204
-23 205
-22 205
-23 206
river 0 North Fork White
-24 209
-25 210
river 0 Indian
54 121
55 121
55 120
river 0 Cheboygan
56 119
57 118
river 0 Black
56 119
57 119
57 120
river 0 Black
57 120
56 121
57 121
56 122
river 0 Black
56 122
55 123
river 0 Tahquamenon
56 111
55 111
54 111
54 112
54 113
53 113
52 114
52 113
51 114
river 0 Tahquamenon
51 114
51 113
51 112
river 0 Mars
142 72
141 72
141 73
141 74
141 75
river 0 Mars
141 75
141 76
140 77
river 0 Marsh
86 159
86 158
85 158
river 0 Monocacy
86 159
86 160
85 161
85 162
84 163
84 164
river 0 Paint
45 168
45 169
45 170
river 0 Paint
45 170
45 171
45 172
45 173
46 173
47 172
48 172
river 0 Middle Branch Ontonagon
32 114
33 114
32 115
32 116
31 117
32 117
river 0 Middle Branch Ontonagon
32 117
31 118
30 118
river 0 Ontonagon
32 114
32 113
river 0 Sturgeon
15 106
15 107
river 0 Sturgeon
15 107
16 107
15 108
15 109
16 108
15 109
river 0 Little Fork
14 101
14 102
14 103
14 104
14 105
15 105
15 106
river 0 Vermilion
19 103
20 102
river 0 Pelican
19 103
18 104
17 104
18 104
17 105
16 105
river 0 
19 103
19 104
19 105
river 0 North Fork Crow
-6 128
-5 127
-5 128
-5 129
river 0 North Fork Crow
-5 129
-4 129
-4 130
-4 131
-3 130
-4 131
-3 131
-2 131
-1 131
-1 132
0 131
0 132
river 0 Crow
0 132
1 131
2 130
river 0 Middle Fork Zumbro
1 139
1 140
1 139
2 139
3 139
river 0 Middle Fork Zumbro
3 139
4 139
river 0 Zumbro
4 139
5 138
6 138
7 137
8 137
river 0 Sac
-28 202
-28 201
-29 202
-29 201
river 0 Sac
-29 201
-29 200
-29 199
river 0 Sac
-28 197
-28 196
-27 195
river 0 Middle Fork Little Red
-30 215
-29 214
-28 213
-28 214
-28 213
-28 214
river 0 Middle Fork Little Red
-28 214
-27 214
-26 214
-27 215
-26 214
-26 215
river 0 Little Red
-25 215
-25 216
-24 216
-24 217
-24 218
-23 218
river 0 Mulberry Fk.  of the Black Warrior
8 221
7 222
7 223
6 223
river 0 Big Brown
-4 220
-5 221
-4 221
river 0 Conasauga
23 213
23 212
22 213
21 214
river 0 Etowah
26 215
26 216
river 0 Daddys
25 204
24 205
23 206
22 207
river 0 Clear
25 203
24 203
23 204
river 0 Obed
25 203
24 204
23 205
river 0 Emory
26 203
27 203
27 202
28 202
river 0 Pigeon
37 204
36 205
37 205
37 206
river 0 Middle Fk.  Holston
49 192
50 192
51 191
52 191
river 0 Beech Fk.
29 190
28 190
28 189
river 0 Rolling Fork
26 191
26 192
27 191
28 191
river 0 Middle Fk.  Kentucky
37 194
38 193
38 192
river 0 Tug Fk.
49 186
49 187
50 186
50 187
51 186
river 0 North Fork New
50 194
50 195
49 195
48 196
river 0 Bluestone
53 187
52 188
river 0 Buckhannon
64 172
64 173
64 174
river 0 Conemaugh
75 157
76 156
75 157
76 156
77 156
77 157
river 0 French Creek
77 142
76 143
75 144
74 145
river 0 Killbuck
59 155
59 156
58 156
58 157
58 158
river 0 S.W.  Miramichi
162 78
161 78
river 0 E.  Br.  Penobscot
150 86
151 85
152 85
151 86
152 86
river 0 Mattawamkeag
155 88
156 87
156 86
river 0 North Branch Dead
140 97
139 97
139 96
138 97
river 0 Saco
134 109
134 108
133 109
133 108
river 0 Pawcatuck
127 132
126 132
125 133
river 0 Lamoille
128 106
128 107
127 108
127 107
river 0 Lamoille
127 107
126 107
125 107
124 108
124 107
123 108
122 109
river 0 Black
107 123
108 123
109 122
110 121
river 0 West Canada
112 120
111 121
110 122
river 0 West Canada
110 122
109 123
108 123
108 124
108 125
108 126
river 0 Tonawanda Cr.
86 135
87 134
87 133
river 0 E.  Br.  Delaware
110 130
110 131
109 131
110 131
109 131
109 132
108 133
river 0 Cohocton
91 134
91 135
91 136
92 136
river 0 Tioga
92 140
92 141
92 142
93 141
river 0 N. Fk. S. Br. Potomac
67 174
68 173
river 0 S.  Fk.  S.  Br.  Potomac
69 174
70 173
70 172
71 172
river 0 North
70 174
69 175
70 175
70 174
71 174
river 0 Rappahannock
79 168
78 168
79 168
79 169
80 169
river 0 Calfpasture
69 175
69 176
68 176
river 0 Jackson
67 175
67 176
66 177
river 0 Craig
61 184
60 185
59 186
river 0 Tar
68 190
67 191
68 191
68 192
river 0 South Flat
65 193
65 192
66 192
67 192
river 0 Waccamaw
63 208
63 209
64 209
63 210
river 0 North Fork Edisto
42 217
41 218
42 218
42 219
river 0 Oconee
28 217
27 217
27 218
28 217
28 218
29 218
28 219
river 0 S.  Fk.  Forked Deer
-3 214
-2 213
-3 213
-3 212
-4 212
river 0 Big Blue
34 169
34 170
33 170
33 171
river 0 Middle Fk.  Vermilion
17 167
17 168
17 169
18 169
river 0 Flint
53 141
54 140
55 139
56 139
river 0 Peshekee
38 114
39 114
38 115
river 0 Michigamme
38 115
38 116
river 0 Red Cedar
14 126
13 127
13 128
river 0 E.  Fk.  Chippewa
21 121
22 121
22 120
22 121
23 120
22 120
23 120
24 120
24 119
river 0 West Nishnabotna
-19 161
-20 162
-21 162
-22 163
river 0 Grand
-18 168
-19 169
-20 170
-20 171
river 0 Nodaway
-19 165
-19 166
-20 167
-21 167
river 0 Floyd
-20 150
-19 149
-18 149
river 0 Little Osage
-36 196
-35 195
-35 196
-34 195
-33 195
river 0 Rita Blanca
-91 210
-91 211
-91 212
river 0 Punta de Agua
-94 214
-95 214
-94 213
-95 213
river 0 Medicine Lodge
-63 202
-62 202
-61 202
-61 203
river 0 North Fork Solomon
-65 184
-66 184
-67 185
-68 185
river 0 South Loup
-52 165
-53 165
-54 165
-55 166
-55 165
river 0 Middle Loup
-52 160
-53 160
-54 160
-55 160
river 0 Lance
-67 148
-68 149
-68 148
-69 149
-70 149
river 0 Beaver
-64 141
-64 142
-64 143
-65 144
-64 144
river 0 North Fk.  of the Grand
-45 125
-46 126
-46 125
-47 125
-48 125
river 0 Cedar Creek
-46 121
-45 121
-45 122
-44 122
-44 123
river 0 Cannonball
-42 120
-43 121
-43 120
-43 119
-44 120
-43 119
-44 120
-44 119
-45 120
-46 120
river 0 Poplar
-46 97
-46 96
-47 96
-46 95
river 0 
-11 102
-12 103
-13 104
-14 105
river 0 
-13 96
-13 97
-13 96
-14 97
-15 97
-16 97
-16 98
river 0 Pembina
-13 96
-14 96
-15 96
-16 97
-16 96
-17 97
river 0 Roseau
4 99
4 100
4 101
5 101
6 101
river 0 Baker Branch Saint John
145 85
145 86
145 87
145 88
river 0 Yamaska
126 102
127 101
128 101
river 0 St. Francis
151 75
150 75
150 74
151 73
river 0 Restigouche
161 70
160 71
159 72
river 0 Cascapédia
167 57
168 57
168 56
168 57
169 57
169 58
river 0 Bonaventure
173 54
173 55
173 56
174 56
173 57
river 0 Petitcodiac
174 77
173 78
river 0 Kennebecasis
172 78
172 79
171 80
171 81
river 0 LaHave
174 86
174 87
175 87
river 0 
187 81
187 80
186 81
186 80
185 80
river 0 Salmon
187 75
186 76
185 77
184 77
river 0 Northeast Margaree
200 61
200 60
river 0 Jupiter
189 42
188 43
187 43
river 0 Cat Arm
221 20
222 20
222 21
223 20
river 0 Cat Arm
223 20
224 19
river 0 Victoria
220 36
219 36
219 37
218 38
river 0 Main
220 23
221 23
222 23
river 0 Main
222 23
223 23
river 0 Wetetnagami
112 78
111 79
111 80
110 80
river 0 Marte
121 57
122 56
123 56
123 57
123 56
124 56
125 55
river 0 Tichégami
138 44
139 43
140 42
139 43
140 43
river 0 Jolicoeur
110 55
110 54
111 54
112 53
113 52
river 0 Rivière du Chef
129 61
129 62
129 63
128 64
129 64
river 0 Ouasiemsca
133 58
133 59
132 60
132 61
132 62
river 0 
152 53
152 54
153 54
152 55
153 55
river 0 Racine de Bouleau
161 31
160 32
161 31
161 30
160 30
160 31
160 32
159 33
river 0 Toulnustouc
163 42
163 41
162 42
162 41
162 40
river 0 Aux Rochers
166 43
166 42
165 42
166 41
165 41
river 0 Manitou
176 34
177 34
177 35
river 0 
166 19
167 19
167 18
167 19
168 18
169 17
river 0 
181 18
181 19
182 19
river 0 Poissons
177 20
177 19
176 19
175 19
175 20
river 0 Beaver
196 6
195 6
194 6
river 0 East Natashquan
193 17
193 18
193 17
194 17
194 18
195 18
195 19
196 19
river 0 Musquaro
198 24
198 25
199 25
199 26
199 27
river 0 Joir
206 9
207 9
206 10
206 11
205 12
river 0 Saint-Augustin Nord-Ouest
207 14
208 13
208 14
208 15
207 16
208 16
river 0 Napetipi
214 10
215 10
215 11
216 11
216 12
river 0 Pinware
222 3
222 4
223 3
223 4
224 4
223 5
river 0 
148 19
147 19
river 0 
149 17
150 16
150 15
149 15
river 0 Chauvreulx
135 25
136 24
136 25
137 24
river 0 Goodwood
168 8
168 7
167 8
167 7
166 8
166 7
river 0 De Pas
177 4
176 4
177 3
176 3
177 2
178 2
178 1
river 0 Baleine
175 0
176 0
176 1
177 1
river 0 Boutin
130 18
131 17
131 18
132 17
132 18
river 0 Troyes
129 16
130 15
129 15
river 0 Aigneau
154 1
155 0
river 0 
143 6
143 5
142 6
143 6
142 7
142 8
143 8
142 9
143 9
143 8
river 0 
148 8
148 7
147 7
148 6
147 7
147 6
river 0 Batiscan
133 83
133 82
133 81
river 0 
122 92
121 92
121 93
120 93
119 94
119 93
119 92
river 0 Gatineau
114 86
114 85
114 84
115 84
115 83
114 83
river 0 Wawagosic
99 78
98 79
99 79
99 80
99 81
river 0 Gull
92 113
91 114
90 115
89 115
river 0 Moira
96 115
96 116
95 117
96 117
95 117
95 118
river 0 Mississippi
98 113
98 114
99 114
100 113
101 113
river 0 Blanche
88 90
87 91
88 91
88 92
river 0 Montreal
84 95
83 95
83 96
83 97
83 98
river 0 Wanapitei
81 100
81 99
80 100
79 100
78 101
79 101
river 0 Vermilion
79 101
79 102
80 102
80 103
river 0 Boland
70 107
70 108
71 107
71 106
river 0 Little White
70 107
69 107
68 108
river 0 Batchawana
63 104
64 103
65 103
66 102
river 0 Woman
72 99
72 100
73 99
74 98
river 0 North French
87 77
88 77
88 78
89 78
89 77
89 78
90 78
river 0 Kesagami
91 77
90 77
91 76
91 75
92 75
92 74
92 73
93 73
river 0 Osawin
63 83
63 84
62 85
62 86
61 87
61 88
river 0 Pagwachuan
60 84
59 85
60 85
61 84
62 84
river 0 Kapikotongwa
51 80
52 79
river 0 Little Current
56 79
57 78
58 78
59 77
river 0 Aguasabon
51 92
51 91
52 90
river 0 White
60 93
59 94
60 94
60 95
61 94
river 0 Pukaskwa
57 97
58 97
59 96
river 0 Cheepay
73 74
74 73
75 72
river 0 Lakitusaki
84 42
83 43
83 42
82 43
river 0 
89 37
88 38
88 37
87 38
river 0 Attwood
47 75
48 74
48 75
49 75
49 74
river 0 
50 90
50 89
51 88
50 89
50 88
49 89
48 90
river 0 Gull
38 92
38 91
39 91
39 90
40 90
river 0 Whitefish
32 101
33 101
34 101
river 0 Shagamu
70 38
71 37
72 36
71 36
river 0 McInnes
29 65
28 66
28 67
river 0 Windigo
40 64
39 65
39 64
38 65
37 66
38 66
river 0 Blackbear
48 50
49 49
river 0 Wapaseese
46 50
46 49
47 49
47 48
47 49
48 48
river 0 Red Sucker
36 51
37 51
36 52
37 52
37 53
river 0 
27 48
27 49
28 48
28 49
29 48
29 49
30 48
river 0 Machichi
54 30
53 31
52 31
51 32
river 0 Spruce
-24 56
-23 55
-23 54
-24 54
river 0 Mossy
-13 50
-12 50
-11 50
river 0 Nipekamew
-16 51
-15 50
-15 49
-15 48
river 0 Rat
21 33
21 32
21 31
21 30
20 31
river 0 
2 42
3 41
river 0 Loon
7 35
7 34
8 33
river 0 Hughes
16 24
16 23
17 23
17 22
18 21
17 21
river 0 
-5 34
-4 33
-3 32
river 0 
-5 33
-6 34
-7 34
-7 35
-8 35
-8 36
river 0 Wapiskau
0 32
-1 32
-1 33
-1 34
river 0 Haultain
-8 28
-8 27
river 0 Pipestone
-3 17
-3 16
-2 16
-1 15
river 0 Otherside
-1 9
-1 10
-2 10
-3 11
river 0 Sacandaga
116 121
115 121
river 0 Big Brown
-4 221
-5 222
river 0 Etowah
26 216
25 217
26 217
25 217
24 218
23 218
22 219
21 219
river 0 Hiwassee
24 211
25 210
river 0 Hiwassee
25 210
25 211
26 210
river 0 Caney Fork
18 203
18 204
19 204
18 205
river 0 Daddys
26 203
25 204
river 0 Clear
26 203
25 203
river 0 Obed
26 203
25 203
river 0 Emory
27 204
27 203
26 203
river 0 Pigeon
36 202
36 203
36 204
37 204
river 0 S.  Fk.  Holston
45 196
45 195
45 196
44 196
43 196
42 196
river 0 Middle Fk.  Holston
47 194
48 193
49 192
river 0 Barren
19 198
19 197
18 198
18 197
17 197
18 197
17 197
17 196
16 196
river 0 Beech Fk.
28 189
28 188
27 189
26 190
27 189
26 189
25 190
25 189
river 0 Rolling Fork
26 191
25 191
25 190
25 189
24 189
24 188
river 0 Middle Fk.  Kentucky
38 192
39 191
39 190
38 191
38 190
39 190
38 190
39 189
38 189
38 188
river 0 Tug Fk.
46 182
47 182
46 183
47 183
47 184
47 185
47 186
48 185
48 186
49 186
river 0 Levisa Fork
46 182
47 182
46 183
45 184
46 184
45 184
45 185
44 185
44 186
45 186
44 187
45 187
45 188
46 188
river 0 Bluestone
56 184
55 185
55 186
54 186
53 187
river 0 Buckhannon
66 169
66 170
65 170
65 171
64 172
river 0 Shenango
69 156
68 156
69 155
69 154
69 153
69 152
68 152
69 151
70 151
70 150
70 149
river 0 Kiskiminetas
73 155
73 156
74 156
river 0 Conemaugh
74 156
75 156
75 157
river 0 French Creek
74 145
73 146
72 147
72 148
72 149
73 149
74 149
river 0 Sandusky
53 153
53 154
52 155
52 156
51 157
51 158
50 158
50 159
50 160
51 160
river 0 Killbuck
58 158
58 159
58 160
57 160
57 161
57 162
river 0 Fish
154 75
154 76
154 77
river 0 Fish
155 77
155 76
river 0 
149 85
148 86
river 0 Allagash
151 78
151 79
150 80
149 81
150 81
149 81
149 82
148 83
149 83
149 84
river 0 E.  Br.  Penobscot
152 86
152 87
152 88
152 89
153 89
river 0 Mattawamkeag
154 89
155 88
155 89
155 88
river 0 Penobscot
153 89
154 89
153 90
152 91
152 92
151 93
152 93
151 94
river 0 Dead
142 96
143 95
river 0 Saco
138 112
137 112
137 111
137 110
136 110
136 109
135 109
136 108
135 108
135 109
134 109
river 0 Winnipesaukee
132 113
131 114
130 115
river 0 Swift
124 126
124 127
123 127
123 128
122 128
river 0 Canandaigua Outlet
93 132
94 131
95 130
96 129
river 0 Tonawanda Cr.
87 133
88 132
87 132
86 132
85 132
river 0 
108 133
107 134
106 134
105 135
104 136
river 0 Cohocton
92 136
92 137
93 137
river 0 Tioga
93 137
92 138
93 138
92 139
92 140
river 0 Chemung
96 138
95 138
95 137
94 138
94 137
93 138
93 137
river 0 N. Fk. S. Br. Potomac
72 169
71 169
71 170
70 170
70 171
69 172
68 173
river 0 S.  Fk.  S.  Br.  Potomac
71 172
71 171
72 170
73 169
73 168
river 0 North
71 174
72 174
72 175
river 0 Maury
66 181
67 181
67 180
67 179
67 178
river 0 Calfpasture
68 176
68 177
67 178
river 0 Jackson
66 177
65 178
64 179
63 180
63 181
64 180
65 180
river 0 Craig
64 182
64 181
63 182
62 183
61 184
river 0 York
79 175
80 175
81 175
81 176
82 176
82 177
83 177
84 177
river 0 Nottoway
77 184
77 185
78 184
79 184
79 183
80 182
80 183
80 184
80 185
81 185
81 186
river 0 Chowan
81 186
81 187
82 187
river 0 Flat
67 193
67 192
river 0 Waccamaw
63 210
64 210
63 211
62 212
61 213
60 213
61 213
60 213
59 214
59 215
river 0 Oconee
28 219
29 219
29 220
river 0 Coldwater
-15 221
-16 221
-16 222
-17 222
-17 223
river 0 Coldwater
-13 220
-12 219
-11 219
-10 219
-10 220
river 0 Forked Deer
-3 207
-3 206
-4 207
-5 208
-5 207
-6 208
-7 209
-8 210
river 0 S.  Fk.  Forked Deer
-4 212
-5 212
-6 212
-6 211
-6 210
-6 209
river 0 Forked Deer
-6 209
-7 210
-8 210
river 0 E.  Fk.  White
28 177
27 178
28 178
27 179
26 180
25 181
24 181
24 182
23 182
24 181
23 182
23 181
22 181
22 182
22 181
22 182
22 181
21 182
20 183
19 184
20 184
19 185
19 184
18 185
18 184
17 185
17 184
river 0 Driftwood
28 176
27 177
28 177
river 0 Big Blue
28 176
28 175
29 175
29 174
30 174
30 173
31 172
32 172
32 171
33 171
river 0 Big Muddy
-1 195
0 194
1 193
2 193
3 192
4 191
river 0 Middle Fk.  Vermilion
18 169
19 169
18 170
19 169
19 170
19 171
river 0 Vermilion
20 172
20 171
19 171
river 0 Flint
52 138
52 139
53 138
53 139
53 140
53 141
river 0 
53 138
52 138
river 0 Peshtigo
32 124
33 124
33 125
34 125
33 126
34 126
35 126
34 127
35 127
35 128
river 0 Michigamme
38 116
38 117
37 117
36 118
36 119
35 120
river 0 Brule
34 120
35 120
river 0 Chippewa
20 122
19 123
18 124
17 124
17 125
17 126
16 126
16 127
15 128
16 128
16 129
15 130
14 131
13 132
12 133
11 133
10 134
9 134
9 135
8 135
8 136
river 0 E.  Fk.  Chippewa
20 122
21 122
21 121
river 0 Nishnabotna
-28 172
-29 173
river 0 Grand
-20 171
-21 172
-22 173
-23 174
-23 175
-22 175
-22 176
-23 176
-22 176
-22 177
-21 177
-21 178
-20 178
-20 179
-19 179
-18 179
-18 180
-18 181
-18 182
river 0 Nodaway
-21 167
-21 168
-22 168
-23 169
-24 170
-24 171
-25 172
-25 173
-26 174
-26 175
-27 176
-27 177
-27 178
river 0 Floyd
-25 156
-25 155
-24 155
-24 154
-23 153
-22 152
-21 151
-20 150
river 0 Little Osage
-33 195
-32 195
-31 195
-30 195
river 0 Punta de Agua
-92 218
-92 217
-92 216
-93 216
-94 216
-94 215
-94 214
river 0 Medicine Lodge
-61 203
-61 204
-61 205
-60 205
-61 206
-61 207
river 0 North Fork Solomon
-50 183
-51 183
-51 182
-52 182
-53 182
-53 181
-54 182
river 0 North Fork Solomon
-54 182
-54 181
-55 182
-55 181
-56 182
-57 182
-58 182
-59 182
-60 182
-61 183
-61 182
river 0 North Fork Solomon
-61 182
-62 183
-63 183
-64 184
-65 184
river 0 South Loup
-45 169
-46 169
-47 170
-48 170
-49 170
-49 169
-50 169
-50 168
-50 167
-51 167
-51 166
-52 167
-52 166
-52 165
river 0 Middle Loup
-52 160
-53 161
-52 161
-51 161
-51 162
-50 161
-50 162
-49 162
-49 163
-48 163
-48 164
-47 164
-46 164
-46 165
-46 166
-46 167
-45 167
-46 168
-45 168
-46 169
-45 169
-44 169
-43 168
-42 167
river 0 Lance
-66 148
-67 148
-67 149
-67 148
river 0 Beaver
-64 144
-65 145
-64 145
-64 146
-64 147
river 0 Cedar Creek
-44 123
-43 123
-43 124
-42 124
-41 124
-40 124
-40 125
-39 125
-38 124
-37 124
river 0 Cannonball
-32 121
-33 121
-34 122
-35 122
-35 123
-36 123
-37 124
-37 123
-38 123
-38 122
-39 122
-40 122
-40 121
-41 122
-41 121
-42 121
-43 121
-42 120
river 0 
70 116
71 115
river 0 
75 110
74 110
74 111
river 0 
31 75
32 75
33 75
river 0 
-33 82
-33 81
river 0 Girard
-45 98
-44 98
-45 98
-44 97
-44 96
-45 96
-44 95
-45 95
river 0 Poplar
-47 105
-47 104
-46 104
-46 103
-46 102
-46 101
-46 100
-45 99
-45 98
-45 97
-46 97
river 0 Roseau
-2 96
-2 97
-1 96
0 96
0 97
1 97
1 98
2 98
3 98
4 98
5 98
4 99
river 0 
130 100
131 100
131 99
132 99
river 0 Yamaska
126 95
126 96
126 97
126 98
126 99
125 100
125 101
125 102
126 102
river 0 St. Francis
152 77
151 77
151 76
152 75
151 75
river 0 Matapédia
165 65
164 66
164 65
163 65
164 64
163 64
163 63
162 63
162 62
river 0 Cascapédia
169 58
170 58
170 59
170 60
171 60
171 61
river 0 Bonaventure
173 57
174 57
173 58
173 59
173 60
173 61
river 0 
167 82
168 81
167 81
river 0 Petitcodiac
176 75
175 76
174 77
river 0 Kennebecasis
171 81
170 81
170 82
169 83
168 84
river 0 Mersey
175 92
174 92
173 92
river 0 LaHave
175 87
175 88
176 88
176 89
177 89
river 0 S.W.  Margaree
198 63
198 64
river 0 Northeast Margaree
198 63
199 63
199 62
200 61
river 0 Margaree
198 63
199 62
198 62
river 0 Jupiter
187 43
186 43
185 43
185 44
river 0 Victoria
220 36
221 35
222 34
223 33
223 32
224 31
225 30
224 30
river 0 Burnt Pond
221 37
221 36
220 37
221 37
221 38
221 39
221 40
221 41
river 0 Grey
224 35
223 36
223 37
223 38
223 39
222 40
river 0 O'Sullivan
112 74
112 73
river 0 Wetetnagami
115 72
114 73
river 0 Wetetnagami
114 74
113 74
113 75
113 76
112 77
112 78
river 0 
121 71
121 70
river 0 Saint-Cyr
114 79
115 78
river 0 Saint-Cyr
115 77
116 76
116 75
117 75
117 74
118 73
118 72
river 0 Opawica
115 71
115 70
river 0 Opawica
118 71
117 71
116 71
116 72
115 72
river 0 Obatogamau
118 68
118 69
119 68
120 68
119 69
120 69
120 68
121 68
122 68
river 0 
119 61
119 62
120 62
river 0 
111 66
111 67
river 0 
112 66
112 65
river 0 
113 64
114 63
115 62
river 0 Marte
121 57
120 57
119 57
118 58
river 0 Marte
116 56
116 57
116 58
117 58
118 58
river 0 Tichégami
131 47
132 47
133 46
133 47
134 47
135 46
136 45
137 44
138 44
river 0 Eastmain
140 39
140 40
141 40
141 39
142 39
142 38
143 38
143 37
144 36
145 36
river 0 
111 58
112 57
113 56
river 0 
109 53
108 54
107 54
106 55
105 55
river 0 Jolicoeur
105 55
105 56
106 56
107 56
108 55
108 56
109 55
110 55
river 0 
124 70
125 70
river 0 Normandin
125 71
124 71
125 70
126 69
126 70
127 70
126 71
127 70
128 69
129 68
river 0 Rivière du Chef
129 64
129 65
129 66
river 0 Ouasiemsca
132 62
132 63
131 64
132 64
132 65
132 66
132 67
132 68
132 69
133 69
133 70
134 69
river 0 Shipshaw
140 71
140 70
141 69
141 68
142 67
142 66
142 65
142 64
143 63
river 0 Racine de Bouleau
159 33
159 34
159 35
159 36
river 0 Lemay
157 49
158 48
159 47
158 47
158 46
river 0 Toulnustouc
161 48
162 47
162 46
162 45
163 44
162 44
163 43
163 42
river 0 Toulnustouc
161 50
160 51
159 52
159 53
158 54
river 0 Aux Rochers
165 48
166 48
165 49
166 48
167 48
river 0 Aux Rochers
165 46
165 45
166 44
165 44
166 43
river 0 Nipissis
174 33
173 33
173 34
173 35
173 36
172 37
172 38
171 38
river 0 Nipissis
171 43
172 42
172 41
172 40
172 39
172 38
171 39
river 0 Manitou
176 42
176 41
176 40
177 40
177 39
177 38
176 38
river 0 Manitou
177 35
176 36
177 36
176 36
176 37
river 0 Magpie Ouest
175 30
175 31
176 31
176 32
177 32
177 33
177 34
178 34
177 35
178 35
179 35
river 0 
175 14
175 15
176 14
river 0 
169 17
170 16
171 16
river 0 
178 9
177 10
178 10
river 0 
181 16
182 16
182 17
181 18
river 0 Churchill
183 13
182 13
river 0 Poissons
180 22
179 22
river 0 Poissons
177 21
177 20
river 0 Metchin
190 9
189 10
188 11
188 12
187 13
river 0 Minipi
198 13
197 13
198 12
197 13
197 12
196 12
river 0 Beaver
200 3
200 4
199 4
198 5
197 5
196 6
river 0 Crooked
201 2
201 1
201 0
river 0 East Natashquan
196 19
196 20
196 21
197 21
197 22
196 23
197 23
196 24
river 0 Musquaro
199 30
198 31
199 31
199 32
200 31
river 0 Napetipi
216 12
216 13
216 14
215 15
river 0 Pinware
223 5
224 5
223 6
224 6
223 7
river 0 Eagle
215 0
214 1
214 2
213 3
212 3
212 4
211 4
211 3
river 0 Eagle
210 3
210 2
210 1
211 0
river 0 
182 1
183 1
184 0
185 0
186 0
river 0 George
182 0
182 1
183 1
182 2
183 2
river 0 
155 31
155 30
river 0 La Grande
148 31
148 30
149 29
148 29
river 0 
151 25
150 26
149 27
149 28
148 28
river 0 
158 27
157 27
157 28
river 0 
157 30
157 29
river 0 
165 22
166 22
167 21
167 22
river 0 
147 19
146 19
145 20
river 0 
145 20
145 19
144 20
144 19
143 20
143 19
142 20
river 0 
137 21
137 22
138 21
river 0 
137 33
137 32
136 33
135 33
134 34
133 34
132 35
river 0 
131 36
131 35
130 36
129 36
river 0 
121 40
120 40
119 40
river 0 
116 44
117 44
river 0 Castor
106 43
107 43
108 43
109 43
110 43
111 42
111 41
river 0 Vieux Comptoir
106 50
107 49
108 48
109 47
109 48
110 47
110 48
111 47
112 47
river 0 
121 32
120 33
120 32
river 0 Chauvreulx
125 30
126 30
127 29
128 29
129 28
129 29
130 28
131 28
132 27
133 26
134 25
135 25
river 0 Kanaaupscow
122 32
123 31
124 30
125 30
125 29
126 29
127 28
128 27
128 28
129 27
130 26
131 26
132 25
133 25
133 24
134 24
135 24
136 23
136 24
137 23
138 23
139 22
139 23
140 23
141 23
river 0 Châteauguay
154 4
155 3
river 0 Châteauguay
158 0
157 1
156 2
river 0 Goodwood
166 7
165 7
165 6
165 5
164 6
164 5
river 0 Boutin
123 18
123 19
124 19
125 18
126 18
127 18
128 18
129 18
130 18
river 0 Troyes
129 15
128 15
127 15
126 15
river 0 Gué
143 6
144 5
145 5
145 4
146 4
146 3
147 2
148 2
149 1
river 0 
147 6
147 5
146 5
146 4
145 5
145 4
river 0 Mélèzes
141 3
142 3
142 4
river 0 
125 8
126 7
126 6
127 6
127 7
river 0 Batiscan
131 90
130 90
131 89
130 89
131 88
131 87
132 87
131 87
132 86
132 85
132 84
133 83
river 0 Matawin
123 90
124 90
125 89
126 89
127 89
127 88
128 88
river 0 Manouane
124 82
123 83
124 83
123 83
123 84
122 85
121 86
river 0 Gatineau
111 93
111 92
112 92
112 91
113 91
113 90
114 89
114 88
115 87
114 88
114 87
114 86
river 0 
105 85
105 84
106 83
river 0 
104 86
104 87
river 0 
106 86
105 86
river 0 Harricana
101 87
100 88
river 0 Wawagosic
99 73
98 73
98 74
98 75
98 76
98 77
97 78
98 78
99 78
river 0 Rideau
109 106
108 107
108 108
108 109
108 110
107 110
107 111
106 111
106 112
105 112
river 0 Rideau
103 115
103 116
102 117
101 118
river 0 Scugog
87 122
88 121
river 0 
90 119
91 119
river 0 Talbot
87 120
86 120
85 121
river 0 Otonabee
91 119
91 120
90 121
89 122
90 122
river 0 Severn
85 119
84 119
85 118
84 118
83 118
river 0 Trent
94 121
94 120
93 121
93 120
94 119
93 119
93 120
92 120
92 121
river 0 S.  Br.  Muskoka
84 117
83 117
82 118
river 0 S.  Br.  Muskoka
87 115
87 116
86 117
85 117
86 116
85 117
river 0 Gull
89 115
89 116
89 117
88 117
88 118
88 119
river 0 Moira
95 118
95 119
96 118
97 117
96 118
97 118
96 119
95 120
96 120
river 0 Mississippi
101 113
102 112
103 112
104 111
105 111
105 110
105 109
104 109
105 108
105 107
river 0 Opeongo
95 110
96 109
95 109
94 109
93 109
river 0 Blanche
88 92
89 92
89 93
90 93
90 94
90 95
river 0 
84 101
84 100
85 100
river 0 
85 102
85 103
86 102
85 103
84 104
river 0 Wanapitei
79 110
79 109
79 108
80 107
80 106
81 106
81 105
82 104
river 0 Wanapitei
81 104
81 103
81 102
81 101
81 100
river 0 Vermilion
80 103
80 104
80 105
80 104
79 105
78 105
78 106
77 106
77 107
78 106
77 107
77 108
76 108
75 109
74 110
river 0 Onaping
78 106
77 106
77 105
78 104
78 103
river 0 Boland
68 108
69 108
70 107
river 0 Wenebegon
67 106
68 105
68 104
69 103
69 102
river 0 Serpent
69 111
70 111
70 110
71 109
71 108
70 109
river 0 Garden
61 110
62 109
63 109
63 108
64 108
65 108
65 107
river 0 Batchawana
60 107
60 106
61 105
62 105
63 104
river 0 Frederick House
85 87
85 86
84 86
85 85
85 84
85 83
85 82
84 82
river 0 Frederick House
84 88
85 87
river 0 Little Abitibi
86 72
86 73
86 74
86 75
86 76
86 77
87 77
86 78
87 78
87 79
88 78
87 79
88 79
river 0 Little Abitibi
88 80
89 80
river 0 Woman
74 98
75 97
74 97
75 96
75 95
river 0 Wakami
74 98
73 98
73 97
72 98
72 99
71 100
river 0 Groundhog
76 94
76 93
77 93
77 92
78 91
78 90
77 90
78 89
river 0 North French
87 77
88 76
87 76
88 75
87 75
88 74
88 73
88 72
89 71
88 71
89 70
90 69
90 68
91 67
91 66
92 66
92 65
river 0 Kesagami
93 71
94 70
94 69
95 68
95 67
96 66
97 65
97 64
river 0 Pagwachuan
62 84
63 83
64 83
64 82
65 81
65 80
66 80
67 80
67 79
68 79
river 0 Esnagami
57 80
58 79
59 78
60 77
61 77
61 76
62 76
river 0 Kapikotongwa
52 79
53 78
54 77
55 77
56 77
57 76
57 77
58 77
59 77
river 0 Little Current
59 77
60 76
61 76
62 75
62 76
river 0 Aguasabon
50 94
51 93
52 92
51 92
river 0 Magpie
64 93
64 94
63 95
63 96
62 96
62 97
61 98
61 99
river 0 White
55 95
56 94
56 95
57 94
58 93
59 93
59 94
60 93
river 0 Pukaskwa
55 99
56 99
56 98
57 97
river 0 Cheepay
76 71
77 70
77 69
77 68
78 67
78 66
river 0 Missisa
75 54
74 55
73 56
74 56
73 57
73 58
73 59
72 60
river 0 
87 39
88 39
89 39
river 0 
89 39
90 39
90 40
river 0 Lakitusaki
91 39
90 40
89 40
88 41
88 40
88 41
87 41
86 41
85 41
85 42
84 42
river 0 
93 33
92 34
91 35
90 36
91 36
90 36
89 37
river 0 
66 45
66 46
river 0 Attwood
49 74
50 74
river 0 Attwood
52 72
52 73
53 73
54 72
55 71
river 0 
54 71
55 70
river 0 
52 69
52 70
river 0 Trading
51 68
50 69
49 69
49 70
48 70
47 71
47 72
48 71
49 71
river 0 
46 70
47 69
48 68
48 69
49 68
50 67
51 67
51 68
river 0 Fishbasket
61 58
60 59
59 60
river 0 
42 76
41 77
40 78
41 78
40 79
39 80
river 0 
49 72
48 73
49 72
49 73
river 0 Onaman
49 84
50 84
51 84
52 83
53 82
river 0 
39 89
40 89
river 0 Black Sturgeon
44 94
44 93
43 93
44 92
43 92
44 91
43 91
river 0 Whitefish
34 101
35 100
36 99
river 0 
22 102
23 101
24 101
25 100
26 100
27 100
26 101
27 101
28 101
27 102
river 0 
33 101
33 102
river 0 Arrow
34 102
33 102
32 102
river 0 English
30 87
30 88
30 89
30 90
31 89
30 90
31 90
32 89
33 89
river 0 
18 96
17 97
river 0 
21 89
22 89
21 90
river 0 
23 78
24 77
river 0 
24 76
25 75
river 0 Chukuni
24 79
24 80
river 0 Chukuni
23 79
23 78
river 0 Troutlake
24 80
25 80
26 79
27 78
26 78
river 0 Sturgeon
16 85
17 85
17 84
18 84
18 83
river 0 
16 94
17 93
18 93
river 0 
15 93
16 93
17 92
river 0 Whitemouth
7 95
7 94
7 93
6 93
6 92
7 92
7 91
8 90
8 89
7 89
8 88
8 87
river 0 Shagamu
71 36
72 35
72 34
72 33
73 32
74 31
river 0 
72 35
72 36
73 36
river 0 Severn
30 59
31 59
30 60
31 59
31 60
30 61
30 62
29 62
30 62
29 63
29 62
28 63
28 64
river 0 McInnes
29 64
29 65
30 64
30 65
29 65
river 0 
41 61
41 60
river 0 
45 60
44 60
43 61
river 0 Windigo
39 61
40 60
40 59
41 58
41 57
river 0 Windigo
40 63
40 62
39 62
38 63
39 62
39 61
river 0 MacDowell
39 62
38 63
38 62
37 63
38 63
37 64
36 65
36 66
35 66
river 0 Makoop
46 55
46 54
47 53
48 52
river 0 Blackbear
49 49
50 48
51 48
52 47
53 46
54 46
55 45
56 45
57 45
58 44
59 43
60 42
river 0 Wapaseese
48 48
49 48
49 47
50 47
50 46
51 46
51 45
52 45
52 44
53 44
54 43
55 42
56 42
57 41
river 0 
36 48
37 48
37 47
38 47
river 0 Seeber
38 53
39 53
39 52
39 51
river 0 Seeber
39 50
39 49
39 48
40 48
41 48
river 0 Stull
45 40
44 41
river 0 Stull
44 41
44 42
45 41
44 42
44 43
44 44
43 44
44 44
43 45
river 0 Red Sucker
44 41
43 42
42 43
41 43
41 44
40 44
40 45
river 0 Red Sucker
38 48
38 47
39 46
river 0 Red Sucker
36 49
36 50
river 0 
30 52
31 51
32 50
31 50
river 0 Mainland
25 55
26 54
27 53
28 53
29 52
29 53
river 0 
30 48
31 48
32 48
river 0 Semmens
39 42
38 42
37 42
river 0 Utik
33 39
32 39
31 40
river 0 Bigstone
38 35
37 36
36 37
35 38
34 38
33 39
32 40
31 41
30 42
river 0 
2 66
1 66
river 0 Red Deer
-4 63
-5 64
-5 63
river 0 
-1 53
-1 52
river 0 
-1 54
-1 53
river 0 
-1 54
-2 54
river 0 Machichi
53 24
53 25
53 26
53 27
54 27
53 28
54 28
53 29
54 29
53 30
54 30
river 0 Spruce
-24 59
-23 58
-24 58
-23 57
-24 57
-23 56
-24 56
river 0 Stewart
-15 53
-16 54
-15 54
-16 55
-15 55
river 0 Torch
-9 54
-10 54
-11 55
-12 56
-13 56
-14 57
-14 56
-15 57
-15 56
-16 56
-15 55
-16 55
-16 56
-17 56
-17 55
-18 55
-19 55
river 0 Mossy
-11 50
-11 51
-10 51
-10 52
-9 51
-9 52
-8 52
-8 53
river 0 Sturgeon-Weir
1 49
1 48
river 0 Sturgeon-Weir
-1 50
-2 51
-2 50
-3 50
-2 49
river 0 Sturgeon-Weir
-3 48
-3 47
-3 46
-2 45
-2 44
river 0 Grassberry
-7 52
-6 51
-5 51
-5 50
river 0 Grassberry
-6 47
-5 47
-6 48
-6 49
-5 49
-6 50
river 0 Nipekamew
-12 44
-12 45
-13 45
-13 46
-14 47
-15 48
river 0 Deschambault
-8 46
-8 45
-8 44
-8 45
-8 44
-9 44
river 0 Ballantyne
-11 49
-10 49
-10 48
-9 48
-8 47
river 0 Little Churchill
34 29
35 29
35 28
36 28
36 27
37 26
37 27
37 26
38 25
39 25
40 24
39 24
40 23
40 22
41 21
river 0 Rat
20 31
19 32
18 32
17 33
17 34
river 0 Gauer
30 24
31 23
river 0 Gauer
27 27
26 28
25 29
25 30
river 0 
4 39
3 39
4 39
3 40
river 0 Kississing
6 42
7 41
8 41
8 40
9 39
river 0 Loon
5 36
6 36
6 35
7 35
river 0 Laurie
9 30
10 30
9 31
10 30
10 31
river 0 
7 24
6 25
5 26
river 0 
3 27
2 28
1 28
1 29
0 30
river 0 Pink
-1 30
-1 29
0 29
1 28
2 28
2 27
3 27
river 0 
-3 32
-2 31
-1 30
river 0 Wathaman
3 26
4 25
5 25
6 24
7 24
8 23
8 24
river 0 
-9 37
-10 38
river 0 Wapiskau
1 35
0 35
-1 35
river 0 Haultain
-15 35
-14 35
-13 34
-13 33
-12 32
-12 31
-11 31
-11 30
-10 30
-9 29
-8 28
river 0 South Knife
39 15
40 15
41 14
42 14
42 13
43 13
44 13
45 13
46 12
47 12
48 11
48 10
49 9
river 0 South Knife
37 18
36 18
37 18
37 17
38 16
river 0 North Knife
37 15
38 14
38 13
39 13
40 13
41 12
42 12
43 12
44 12
45 12
46 12
47 11
47 10
48 9
49 9
river 0 Wolverine
38 8
39 7
38 7
38 6
39 5
38 5
river 0 Waterfound
6 14
6 13
7 13
8 12
9 11
10 11
10 10
11 10
river 0 Waterfound
6 15
6 14
river 0 Badwater
4 13
5 12
6 11
5 11
4 11
3 11
river 0 Hunter
1 14
1 13
0 14
-1 14
-1 15
-2 15
-3 15
-3 16
-4 16
river 0 Pipestone
-1 15
0 14
1 14
1 13
2 13
2 12
3 11
river 0 
2 7
2 6
river 0 Otherside
2 5
1 5
0 5
0 6
-1 6
-2 7
-2 8
-1 8
-1 9
river 0 Thlewiaza
23 5
23 6
24 5
25 4
river 0 Porcupine
16 0
15 1
15 2
14 3
14 4
13 4
12 5
11 6
10 6
river 0 
14 4
13 5
13 6
14 5
14 6
14 7
14 8
15 7
14 8
15 7
15 8
16 7
river 0 Chipman
12 2
12 1
13 0
river 0 Grease
3 4
4 4
5 3
6 2
river 0 Grease
6 1
7 0
river 0 
177 14
177 15
177 14
178 13
178 12
river 0 
178 10
178 11
river 0 
178 11
179 11
180 11
river 0 Rideau
105 112
104 113
103 114
103 115
river 0 
85 119
84 120
84 121
85 121
river 0 Wathaman
8 24
9 23
9 24
10 24
river 0 
15 95
14 95
13 96
12 96
11 97
10 98
river 0 
13 92
13 93
14 92
14 93
15 92
15 93
river 0 Onaman
48 85
49 84
river 0 
1 66
0 66
river 0 Red Deer
-4 73
-3 72
-3 71
-2 70
-3 70
-2 69
-1 68
-1 67
0 66
0 65
0 64
0 63
0 62
-1 62
-2 62
-3 62
-3 63
-4 63
river 0 Grease
2 5
3 4
river 0 Lamoille
122 109
122 108
river 0 
119 40
118 41
117 41
117 40
118 40
118 39
river 0 
118 39
119 38
118 38
river 0 
118 41
117 41
117 42
116 43
116 44
river 0 
17 97
17 98
17 99
river 0 
29 53
30 52
river 0 Nipekamew
-11 43
-12 44
river 0 Deschambault
-8 47
-7 46
-8 46
river 0 Deschambault
-9 44
-10 44
-11 44
river 0 Deschambault
-11 44
-12 44
-11 43
river 0 Sturgeon-Weir
-2 49
-3 49
-3 48
river 0 Sturgeon-Weir
-2 44
-2 43
-3 43
-2 42
-3 42
-4 42
-3 41
-4 41
river 0 Sturgeon-Weir
-4 41
-4 40
river 0 
148 28
148 29
river 0 Saint-Cyr
114 80
114 79
river 0 Saint-Cyr
118 72
119 71
river 0 Toulnustouc
158 54
158 55
river 0 Poissons
181 22
180 22
river 0 Poissons
179 22
178 22
178 21
177 21
river 0 Loon
4 37
5 37
5 36
river 0 
5 38
4 38
4 39
river 0 Striding
15 0
16 0
river 0 
160 24
159 25
158 26
158 27
river 0 Makoop
48 52
48 51
river 0 English
29 86
29 87
30 87
river 0 Thlewiaza
25 4
26 3
river 0 Gauer
30 25
29 25
28 26
27 27
river 0 Kesagami
93 73
93 72
93 71
river 0 Obatogamau
122 68
123 68
river 0 Opawica
119 71
118 71
river 0 
111 67
112 66
river 0 Eagle
211 3
210 3
river 0 
132 35
131 36
river 0 Kanaaupscow
121 33
121 32
122 32
river 0 Racine de Bouleau
159 36
159 37
159 38
159 39
160 39
river 0 Gatineau
109 96
110 95
111 94
111 93
river 0 
153 55
153 56
154 55
154 54
river 0 North Fork Salt
-9 180
-8 180
river 0 Spring
-38 205
-38 206
river 0 Illinois
-43 214
-43 215
-44 216
-45 217
river 0 Bryant
-23 206
-23 207
-24 208
-23 208
-24 209
river 0 Indian
55 120
56 119
river 0 Sac
-29 199
-29 198
-28 197
river 0 Middle Fork Little Red
-26 215
-26 216
-25 215
river 0 Etowah
21 219
21 220
20 220
river 0 Hiwassee
24 211
23 211
24 210
23 211
23 210
22 210
22 209
river 0 Clinch
26 205
27 204
28 204
29 204
river 0 Middle Fk.  Holston
45 196
46 195
47 194
river 0 Fish
154 77
155 77
river 0 
149 84
148 85
149 85
river 0 North Branch Dead
142 96
142 97
141 97
140 97
river 0 Coldwater
-15 221
-14 221
-13 220
river 0 O'Sullivan
112 73
112 72
river 0 Wetetnagami
114 74
114 73
115 73
114 73
river 0 Opawica
115 72
115 71
river 0 
112 65
113 64
river 0 Toulnustouc
161 50
161 49
161 48
river 0 Aux Rochers
165 46
165 47
166 47
165 48
river 0 Nipissis
171 38
171 39
river 0 Manitou
176 37
176 38
river 0 
176 14
176 15
177 14
river 0 Churchill
181 13
182 12
182 13
river 0 Musquaro
199 30
199 29
199 28
199 27
river 0 
157 29
157 28
river 0 
139 21
138 21
river 0 
139 21
138 22
139 21
139 22
140 21
141 21
142 20
river 0 Châteauguay
155 3
155 2
156 2
river 0 
122 92
122 91
123 91
123 90
river 0 
104 86
105 85
river 0 
104 87
105 86
river 0 
92 121
91 121
91 122
90 122
river 0 
88 120
88 121
river 0 
88 120
88 119
river 0 
87 120
88 119
river 0 
90 119
90 120
89 120
88 120
river 0 S.  Br.  Muskoka
85 117
85 116
84 117
river 0 Wanapitei
82 104
81 104
river 0 Little Abitibi
88 79
88 80
river 0 Groundhog
76 94
75 95
river 0 Cheepay
75 72
76 71
river 0 Attwood
52 72
51 73
50 74
river 0 
62 57
63 56
river 0 Fishbasket
62 57
62 58
61 58
river 0 
32 98
33 98
34 98
river 0 
21 101
22 101
22 102
river 0 Chukuni
24 80
23 81
23 82
river 0 
24 76
23 77
24 77
river 0 Chukuni
23 79
24 79
river 0 
16 94
15 95
river 0 Severn
29 64
28 64
river 0 Windigo
40 61
39 61
river 0 
40 61
41 60
river 0 
41 61
42 60
42 61
43 61
river 0 Windigo
40 63
40 64
river 0 Seeber
39 51
39 50
river 0 Seeber
41 48
42 47
river 0 Stull
42 47
42 46
43 45
river 0 Red Sucker
39 46
39 45
40 45
river 0 Red Sucker
36 49
37 48
38 48
river 0 Red Sucker
36 50
36 51
river 0 
30 50
29 51
28 51
river 0 
30 50
31 50
river 0 Sturgeon-Weir
-1 50
0 49
1 49
river 0 Grassberry
-6 50
-5 50
river 0 Gauer
30 24
31 24
30 25
river 0 
3 41
3 40
river 0 Kississing
9 38
9 39
river 0 Laurie
10 31
11 31
river 0 Hughes
16 24
16 25
river 0 
3 27
3 26
river 0 
-9 37
-8 36
river 0 Wapiskau
-1 34
-2 35
-1 35
river 0 South Knife
39 15
39 16
38 16
river 0 
2 6
1 6
river 0 
1 6
1 5
river 0 Grease
6 1
6 2
river 0 Saint-Cyr
115 78
115 77
