river 11 Mississippi
-2 370
-3 371
-3 372
-4 373
-4 374
-5 374
-5 375
-6 376
-7 377
-8 378
-8 379
-9 380
-9 381
-8 381
-9 382
-8 382
-8 383
-7 383
-8 384
-7 384
-6 384
-6 385
-5 385
-5 386
-4 386
-3 386
-3 387
-3 388
-3 389
-2 388
-2 389
-2 390
-3 391
-3 392
-3 393
-3 394
-4 395
-5 396
-4 396
-4 397
-5 398
-4 398
-4 399
-5 400
-4 400
-4 401
-3 400
-3 399
-2 399
-3 400
-2 400
-3 401
-2 401
-2 402
-3 403
-3 404
-3 405
-4 405
-4 406
-5 407
-6 408
-7 408
-7 407
-8 408
-8 409
-9 410
-10 411
-10 410
-9 409
-10 409
-11 410
-11 411
-11 412
-12 413
-12 412
-13 413
-13 414
-12 414
-13 414
-14 415
-14 414
-14 415
-14 416
-14 417
-15 417
-16 418
-16 419
-16 420
-17 421
-17 420
-18 421
-18 422
-19 423
-20 424
-21 424
-22 425
-21 425
-22 426
-22 427
-23 428
-24 428
-24 429
-25 430
-26 431
-27 432
-27 433
-27 434
-27 435
-28 435
-29 435
-29 436
-30 437
-31 437
-32 438
-31 438
-31 439
-32 440
-33 440
-34 441
-35 441
-35 442
-36 443
-37 443
-38 444
-38 445
-38 446
river 11 Missouri
-62 223
-62 222
-62 221
-63 222
-64 222
-65 222
-66 222
-67 222
-68 222
-68 221
-69 221
-70 221
-70 220
-69 219
-69 218
-68 217
-69 217
-70 218
-70 217
-71 217
-72 217
-71 216
-71 215
-70 214
-69 213
-70 213
-70 212
-70 211
-71 211
-72 211
-72 210
-73 211
-73 210
-74 211
-75 211
-75 212
-76 212
-77 212
-78 213
-79 213
-78 212
-79 212
-78 211
-78 210
-79 211
-80 211
-81 212
river 11 Missouri
-63 237
-63 238
-62 238
-62 239
-62 240
-63 241
-63 242
-63 243
-64 244
-65 245
-65 246
-66 247
-67 248
-67 249
-67 250
-67 251
-67 252
-66 252
-67 253
-67 254
-67 255
-68 256
-69 256
-69 257
-70 257
-70 258
-70 259
-69 259
-70 260
-69 260
-70 261
-70 262
-71 263
-71 264
-72 265
-73 266
-73 267
-74 267
-75 268
-75 269
-76 270
-77 271
-78 272
-78 271
-79 271
-80 271
-80 272
-79 272
-80 273
-80 274
-81 275
-80 275
-80 276
-81 277
-80 277
-79 277
-79 278
river 11 Missouri
-72 286
-72 287
-72 288
-73 289
-74 289
-75 290
-74 290
-75 291
-76 291
-76 292
-75 291
-75 292
-75 293
-75 294
-76 295
-75 295
-75 296
-74 296
-75 297
-74 297
-74 298
-74 299
-73 299
-73 300
-73 301
-72 301
-72 302
-71 302
river 11 Missouri
-105 210
-104 210
-105 211
-104 211
-103 211
-103 210
-103 211
-102 211
-101 211
-100 211
-100 210
-100 211
-99 210
-98 210
-97 210
-96 210
-95 210
-95 211
-94 210
-94 211
-93 211
-92 210
-91 209
-91 210
-90 210
-89 210
-88 210
-87 210
-87 211
-86 211
-86 212
-85 212
-85 211
-85 212
-84 212
-84 213
-83 213
-82 213
-81 212
river 11 Missouri
-62 223
-63 224
-63 225
-63 226
-63 227
-62 227
-61 226
-61 227
-60 226
-60 227
-60 228
-61 229
-61 230
-61 231
-62 232
-62 233
-63 234
-62 234
-62 235
-63 236
-63 237
river 11 Missouri
-79 278
-80 279
-79 279
-79 280
-78 279
-78 280
-77 280
-77 281
-76 281
-75 281
-76 282
-77 283
-76 283
-75 283
-75 284
-74 283
-74 284
-73 283
-74 283
-74 282
-73 282
-72 282
-73 283
-73 284
-73 285
-72 285
-72 286
river 11 Missouri
-71 302
-71 303
-70 303
-71 304
-70 304
-70 305
-69 305
-69 306
-68 306
-67 306
-68 307
-67 307
-66 307
-65 306
-64 305
-64 306
-63 305
-63 306
-62 306
-61 305
-61 306
-60 305
-60 306
-59 305
-58 305
-57 305
-57 306
-57 307
-56 307
-55 307
-54 307
-54 308
-53 308
-53 309
-53 310
-53 311
-52 311
-51 311
-50 311
-51 312
-51 313
-52 314
-51 314
-52 315
-51 315
-52 316
-52 317
-52 318
-52 319
-53 320
-52 320
-52 321
-53 322
-52 322
-53 323
-52 323
-52 324
-53 324
-53 325
-54 326
-54 327
-55 328
-54 328
-53 328
-54 329
-54 330
-54 331
-55 332
-54 332
-55 333
-55 334
-55 335
-56 336
-56 337
-57 338
-56 338
-57 339
-57 340
-58 341
-58 342
-59 343
-59 344
-58 343
-58 344
-59 345
-59 346
-58 346
-59 347
-59 348
-59 349
-60 350
-59 350
-59 351
-58 351
-58 352
-58 353
-59 354
-59 355
-58 355
-58 356
-57 356
-57 357
-56 357
-55 357
-54 356
-54 357
-55 358
-54 358
-55 359
-54 359
-55 360
-56 360
-57 361
-58 362
-59 363
-59 364
-59 365
-58 365
-58 366
-58 367
-58 368
-58 369
-57 369
-57 370
-56 369
-57 370
-56 370
-55 370
-54 370
-53 369
-52 369
-52 368
-51 368
-51 369
-50 369
-50 370
-49 369
-48 369
-47 369
-47 368
-46 368
-45 368
-44 368
-43 367
-42 367
-42 368
-41 367
-41 366
-40 366
-40 367
-41 367
-40 367
-39 367
-39 366
-38 365
-37 365
-37 364
-36 364
-35 364
-36 365
-35 365
-34 365
-34 366
-34 367
-33 366
-34 367
-35 368
-36 369
-35 369
-36 370
-36 371
-35 371
-34 371
-33 371
-32 371
-31 371
-31 372
-31 373
-31 374
-31 375
-31 376
-30 376
-30 377
-29 377
-28 377
-27 377
-26 376
-25 375
-24 375
-23 374
-22 374
-22 375
-21 374
-20 374
-19 374
-18 374
-17 374
-18 375
-17 375
-16 375
-15 375
-15 376
-14 376
-13 376
-13 375
-12 375
-11 374
-10 373
-9 373
-8 373
-8 372
-7 372
-7 371
-6 370
-5 370
-4 369
-3 369
-3 370
-2 370
river 10 St. Lawrence
227 217
226 217
225 217
224 218
223 219
222 219
221 220
220 221
219 222
218 223
217 224
216 225
215 226
214 227
213 228
212 229
river 9 Allegheny
175 283
174 284
173 284
172 285
171 286
171 285
170 285
169 286
169 285
169 284
168 284
168 283
169 282
169 281
168 281
167 281
166 282
165 282
166 281
165 281
164 281
164 282
163 282
162 283
161 284
161 285
161 286
160 287
159 288
158 288
157 288
156 289
155 290
155 291
154 291
153 292
154 292
153 293
153 294
152 295
151 296
150 296
149 297
148 297
147 298
147 299
146 300
147 300
147 301
148 301
147 302
148 302
147 303
148 303
148 304
147 305
148 304
148 305
149 305
149 306
148 307
148 308
147 308
147 309
146 310
146 309
145 310
145 311
144 312
143 313
142 313
142 314
141 314
140 315
river 9 Niagara
166 262
166 263
166 264
165 265
165 266
river 9 St. Clair
122 278
123 278
122 279
121 280
121 281
121 282
120 283
120 284
119 285
118 286
river 9 Ohio
140 315
139 315
139 314
138 314
137 314
138 313
137 313
138 312
137 312
136 313
135 313
134 313
133 314
132 314
132 315
132 316
132 317
131 318
132 318
131 319
132 319
131 320
130 321
130 322
129 323
128 324
128 325
128 326
127 326
127 327
126 328
126 329
125 330
125 331
124 332
123 333
122 334
121 335
120 336
119 337
118 338
117 338
116 339
116 338
115 338
114 339
113 340
113 341
112 341
111 342
110 343
110 344
109 345
109 346
109 347
108 348
108 347
107 348
107 349
106 349
107 348
107 347
106 347
105 347
104 348
104 349
103 350
102 351
102 352
102 353
101 354
101 355
100 355
99 356
99 357
98 358
97 358
96 359
95 359
95 358
94 358
94 357
93 357
92 357
92 356
93 355
92 355
93 354
92 354
91 355
90 355
90 356
89 356
89 357
88 357
87 357
87 358
86 358
86 357
85 357
84 357
83 357
82 358
81 359
81 358
80 358
80 357
79 357
79 356
78 357
77 357
76 357
75 357
76 356
75 356
76 355
75 355
75 354
76 353
75 353
74 353
74 352
73 353
72 353
71 353
71 352
70 353
69 353
68 354
68 355
69 355
68 356
67 357
68 357
68 358
67 359
66 359
65 359
64 360
63 361
62 361
river 9 Ohio
62 361
61 361
60 361
59 361
58 362
58 363
58 364
58 365
57 365
56 366
55 367
54 368
54 369
53 369
53 370
52 370
51 370
50 371
49 372
49 373
48 374
48 375
47 376
46 376
45 376
44 376
44 375
43 375
44 374
44 373
43 373
43 374
42 375
42 374
41 375
42 375
41 376
40 376
40 377
39 378
38 379
37 380
38 379
37 379
36 379
36 378
35 378
34 379
33 379
32 380
32 381
31 382
30 382
30 381
29 381
29 380
28 380
27 380
26 381
25 381
26 380
25 380
25 381
25 382
24 382
24 381
23 382
22 382
21 382
22 381
21 381
20 382
21 382
20 383
21 383
20 383
20 384
19 384
18 384
18 385
17 385
17 386
16 386
16 387
16 388
16 389
15 390
14 390
13 391
13 390
12 391
11 391
10 392
9 393
9 394
9 395
9 396
8 397
7 398
6 398
6 397
5 397
5 396
4 397
4 396
3 396
2 396
1 396
1 397
0 397
0 398
-1 398
-1 399
-2 399
-2 400
-1 400
-2 401
river 8 La Grande
260 67
259 68
258 68
257 69
256 70
256 69
255 69
254 69
253 70
252 70
251 71
250 71
249 71
248 72
247 72
246 73
245 73
246 72
245 72
246 71
245 72
245 71
244 72
243 72
242 72
241 73
240 73
239 74
238 74
237 75
236 75
235 76
235 75
234 76
233 76
232 76
231 76
231 75
230 75
river 8 La Grande
285 59
285 60
286 59
286 60
287 59
287 58
river 8 La Grande
297 58
296 58
295 58
295 57
295 56
294 56
river 8 La Grande
230 75
229 75
228 75
227 75
226 76
225 77
224 77
223 77
223 78
222 78
221 78
220 79
219 79
218 79
217 79
216 79
215 80
215 79
river 8 La Grande
285 59
284 60
284 59
283 59
282 60
281 60
281 59
280 60
279 60
278 61
277 61
278 60
277 60
276 60
277 59
276 59
275 59
274 60
274 59
273 59
272 59
271 59
271 60
270 60
270 61
269 61
268 62
267 63
266 64
265 64
264 65
263 66
262 66
261 67
260 67
river 8 La Grande
294 56
293 56
293 55
292 56
293 55
292 55
292 56
291 56
290 56
289 57
288 57
287 58
river 8 La Grande
300 57
301 56
301 57
301 56
302 55
302 54
301 55
300 55
300 56
299 56
298 57
297 58
river 8 Saskatchewan
-12 107
-11 106
-11 107
river 8 Saskatchewan
-23 112
-24 113
-25 113
-25 112
-26 113
-27 114
-28 114
-29 115
river 8 Saskatchewan
4 114
4 115
5 115
5 116
5 117
5 118
4 119
4 120
4 121
5 121
6 121
7 120
8 120
8 121
9 121
9 122
river 8 Saskatchewan
11 121
12 120
13 120
14 120
15 119
16 119
17 119
18 118
18 119
19 118
20 118
21 117
22 117
23 117
24 116
25 116
26 115
river 8 Saskatchewan
-11 107
-11 108
-10 107
-10 108
-10 109
-9 108
-9 109
-8 108
-8 109
-7 108
-7 109
-6 108
-5 108
-4 107
-3 106
-2 106
-3 107
-3 108
-3 109
-2 109
-1 109
0 109
-1 110
-1 111
0 111
-1 111
0 111
-1 112
-1 113
0 113
1 113
2 113
3 112
3 113
4 112
4 113
5 113
4 114
river 8 Saskatchewan
-23 112
-22 111
-21 111
-20 111
-19 110
-18 109
-19 109
-18 108
-17 107
-17 106
-16 106
-15 105
-14 105
-13 105
-13 106
-12 106
-13 107
-12 107
river 8 Saskatchewan
-42 118
-42 119
-41 119
-42 120
-41 120
-40 120
-40 119
-39 119
-38 119
-37 119
-36 118
-35 118
-34 118
-33 118
-32 118
-32 117
-31 116
-30 115
-29 115
river 8 Saskatchewan
9 122
10 122
11 121
river 8 North Saskatchewan
-63 127
-62 126
-61 125
-60 125
-59 124
-58 123
-57 122
-56 121
-55 121
-54 120
-53 119
-52 119
-51 118
-51 119
-51 120
-50 119
-49 118
-49 119
-48 119
-47 118
-46 118
-45 118
-45 119
-44 118
-43 118
-42 118
river 8 Arkansas
-191 382
-191 383
-190 383
-189 383
-188 383
-188 384
-188 385
-188 386
-187 386
-186 386
-185 386
-184 386
-183 386
-183 387
-182 386
-182 387
-181 387
-181 388
-180 388
-180 389
-179 388
-179 389
-178 389
-177 389
-176 389
-176 390
-176 391
-175 391
-174 391
-173 391
-172 390
-171 390
-170 390
-169 390
-168 390
-168 391
-167 390
-167 391
-166 390
-166 391
-165 390
-164 390
-163 390
-162 390
-161 390
-160 390
-159 390
-159 391
-158 391
-157 391
-157 392
-156 392
-155 392
-155 393
-154 393
-153 393
-152 393
-152 394
-151 394
-151 395
-150 394
-150 395
-149 394
-148 394
-147 393
-146 393
-145 393
-144 393
-143 393
-143 394
-142 394
-142 395
-141 395
-140 395
-140 396
-139 396
-138 396
-137 396
-137 397
-136 396
-136 397
-135 397
-134 397
-134 398
-133 398
-133 399
-132 398
-132 399
-131 398
-131 399
-130 398
-129 397
-128 397
-128 396
-127 396
-127 395
-126 395
-126 394
-125 394
-124 393
-123 392
-122 391
-121 391
-120 390
-119 389
-118 389
-117 388
-116 387
-115 387
-114 386
-113 386
-112 386
-112 387
-111 387
-111 388
-110 388
-110 389
-109 389
-109 390
-108 389
-108 390
-107 390
-108 391
-107 391
-107 392
-106 392
-106 393
-105 393
-105 394
-104 394
-104 395
-103 395
-103 396
-102 395
-102 396
-102 397
-102 398
-102 399
-103 400
-102 400
-103 401
-103 402
-103 403
-103 404
-103 405
-104 406
-103 406
-104 407
-104 408
-104 409
-103 409
-103 410
-103 411
-104 411
-104 412
-104 413
-104 414
-103 414
-104 414
-105 415
-106 415
-107 415
-107 416
-108 417
-107 417
-106 417
-106 418
-107 418
-108 418
-108 419
-107 419
-106 419
-105 418
-104 417
-104 418
-104 419
-105 420
-104 420
-103 420
-103 421
-104 422
-103 422
-102 421
-102 422
-102 423
-101 423
-100 423
-101 424
-101 425
-100 424
-100 425
-99 424
-99 425
-98 424
-98 425
-98 426
-99 427
-98 427
-98 428
-97 428
-96 428
-95 428
-96 429
-96 430
-96 431
-95 430
-94 430
-93 430
-92 430
-92 431
-91 431
-92 432
-93 433
-92 433
-93 434
-92 433
-92 434
-92 435
-91 435
-92 436
-91 436
-91 437
-90 437
-89 437
-89 438
-88 437
-88 438
-87 438
-87 439
-87 438
-86 438
-85 438
-85 437
-84 437
-83 436
-82 436
-82 437
-81 437
-80 437
-79 436
-80 436
-79 435
-78 435
-77 434
-76 434
-75 434
-75 435
-75 436
-74 436
-73 436
-72 435
-71 435
-70 435
-70 436
-69 436
-69 437
-68 437
-68 438
-68 439
-67 439
-66 439
-65 438
-65 439
-64 438
-64 439
-63 439
-63 440
-62 440
-61 439
-61 440
-62 441
-62 442
-61 441
-61 442
-61 443
-61 444
-60 444
-60 445
-59 445
-59 446
-58 445
-59 446
river 8 Nelson
71 64
72 63
72 64
73 63
74 63
75 62
75 63
76 63
77 62
78 62
river 8 Nelson
59 69
60 68
61 68
62 68
63 67
64 67
64 66
65 66
66 65
67 65
river 8 Nelson
38 89
39 89
40 88
41 87
42 86
43 86
44 85
45 85
46 84
river 8 Nelson
36 94
36 95
35 96
36 96
river 8 Nelson
17 160
18 159
18 158
19 157
19 156
20 155
20 154
20 153
21 152
21 151
21 150
21 149
22 148
21 148
22 147
21 147
22 146
21 146
21 145
21 144
21 143
20 143
21 142
20 142
21 141
21 140
20 140
21 139
20 139
20 138
20 137
19 137
20 136
19 136
20 135
19 135
20 134
20 133
20 132
20 131
21 130
20 130
21 129
21 128
21 127
22 126
21 126
22 125
22 124
23 123
22 123
23 122
23 121
24 120
24 119
24 118
25 117
25 116
26 115
26 114
27 113
28 112
28 111
28 110
28 109
28 108
29 107
30 106
31 106
32 105
river 8 Nelson
78 62
79 62
80 62
81 62
82 61
82 62
83 61
84 61
84 60
85 60
85 59
86 59
87 58
88 57
89 56
90 55
91 55
92 54
93 53
94 52
95 52
96 52
97 51
97 52
98 51
99 51
river 8 Nelson
67 65
68 64
69 64
70 64
71 64
river 8 Nelson
46 84
47 84
48 84
49 83
50 83
50 82
51 82
51 81
52 81
52 80
53 79
53 78
54 77
55 76
56 75
56 74
57 74
57 73
58 72
59 71
59 70
59 69
river 8 Nelson
36 94
36 93
37 92
36 92
36 91
37 90
river 8 Nelson
32 105
33 104
34 103
35 102
36 101
35 101
36 100
36 99
37 98
37 97
36 97
37 96
36 97
36 96
river 7 
252 189
252 190
251 190
250 191
250 192
river 7 Mississippi
11 221
10 222
9 222
river 7 Mississippi
12 222
13 222
14 221
15 221
15 222
river 7 Mississippi
11 221
11 222
12 221
12 222
river 7 Mississippi
15 222
15 223
16 223
16 224
17 223
17 224
18 223
17 224
17 225
18 224
19 224
19 225
20 225
20 226
20 227
20 228
21 228
20 229
19 230
19 231
18 232
17 233
16 234
15 234
14 235
13 236
13 237
12 237
11 237
12 236
11 236
10 237
9 237
8 238
7 239
6 240
5 241
4 242
3 242
3 243
2 243
2 244
2 245
2 246
1 247
1 248
0 248
0 249
0 250
0 251
0 252
0 253
0 254
0 255
0 256
0 257
0 258
1 258
2 258
1 259
2 259
3 259
4 259
4 260
5 260
6 260
5 261
6 261
6 262
6 263
5 264
6 264
6 265
6 266
7 265
7 266
8 266
7 267
7 268
8 267
8 268
9 268
9 269
10 268
10 269
10 270
11 270
12 270
12 271
13 270
13 271
13 272
13 273
14 272
14 273
15 273
15 274
16 274
16 275
16 276
16 277
17 277
17 278
17 279
18 279
19 278
19 279
20 279
20 280
20 281
21 281
20 282
20 283
20 284
19 285
19 286
19 287
18 288
18 289
18 290
18 291
19 291
18 292
18 293
17 293
17 294
16 295
16 296
16 297
15 298
15 299
16 299
15 300
15 301
15 302
16 302
17 302
18 302
18 303
19 302
19 303
18 304
19 304
18 305
18 306
19 306
19 307
20 307
20 308
19 309
20 309
20 310
21 310
21 311
21 312
21 313
20 314
20 315
19 316
19 317
18 317
17 318
16 319
16 320
15 321
14 322
13 322
12 323
11 323
10 324
9 324
8 324
7 325
7 324
6 325
5 326
4 327
4 328
3 329
4 329
4 330
4 331
4 332
3 333
2 334
1 335
0 336
0 337
-1 338
-2 339
-3 339
-4 340
-5 340
-5 341
-5 342
-6 343
-6 344
-7 344
-8 345
-9 346
-9 347
-10 348
-9 348
-10 349
-10 350
-10 351
-10 352
-11 353
-11 354
-10 354
-11 355
-11 356
-10 356
-10 357
-10 358
-9 358
-9 359
-9 360
-8 360
-8 361
-7 361
-7 362
-7 363
-6 363
-7 364
-7 365
-7 366
-8 367
-7 367
-8 368
-8 369
-7 369
-6 369
-5 368
-4 368
-3 368
-2 368
-2 369
-1 369
-2 370
river 7 Mississippi
2 226
1 226
2 225
1 225
2 224
3 223
4 222
5 222
6 222
7 221
8 221
8 222
9 222
river 7 Tennessee
7 416
6 417
7 416
7 415
8 414
9 413
9 412
9 411
9 410
9 409
9 408
10 407
10 406
10 405
11 404
10 404
11 403
10 403
11 402
10 402
11 401
10 401
11 400
10 400
10 399
10 398
river 7 Tennessee
12 438
11 438
12 437
11 437
10 437
10 436
9 436
8 436
8 435
7 435
6 435
5 435
4 436
3 436
2 437
river 7 Tennessee
10 398
9 398
8 398
7 398
6 398
river 7 Tennessee
61 408
60 408
59 409
58 409
59 409
58 410
57 410
56 410
56 411
55 411
54 411
54 410
53 410
52 410
52 411
51 411
50 412
50 413
49 413
48 414
48 415
47 416
46 416
47 416
46 417
45 418
44 418
44 419
43 419
43 420
42 421
42 422
41 423
40 424
39 425
38 425
37 426
37 425
36 425
37 425
36 426
35 427
35 426
34 426
34 427
33 427
32 427
32 428
31 429
30 430
29 431
28 432
27 433
26 434
25 435
24 436
23 437
22 438
21 439
20 440
19 440
19 439
18 440
18 439
17 439
17 438
17 437
16 438
15 438
14 438
13 439
13 438
river 7 Tennessee
2 437
1 437
0 437
0 436
0 435
-1 435
-2 435
-3 435
-2 434
-3 434
-2 433
-3 433
-2 432
-3 432
-3 431
-3 430
-2 430
-2 429
-1 428
0 428
0 427
1 427
2 426
3 426
3 425
4 424
4 423
4 422
5 421
4 421
5 420
6 419
6 418
7 418
7 417
7 416
river 7 Holston
103 380
102 380
102 381
101 381
100 381
99 382
98 383
97 383
96 384
95 385
94 385
93 386
92 386
91 387
90 387
90 388
90 387
89 388
88 389
87 389
86 390
85 390
84 391
83 392
82 393
81 393
81 394
81 393
80 394
81 394
80 394
79 395
78 396
77 396
76 397
76 396
75 397
74 398
73 398
72 399
71 400
70 400
70 401
69 401
68 401
68 402
67 402
67 403
67 402
66 403
67 403
66 403
66 404
65 404
64 405
63 405
63 406
62 406
61 407
61 408
river 6 R. des Outaouais
204 180
205 179
205 178
river 6 R. des Outaouais
190 185
189 186
river 6 R. des Outaouais
206 181
207 181
206 182
207 182
206 183
207 183
208 182
209 182
208 183
209 183
209 182
210 182
river 6 R. des Outaouais
204 183
204 182
203 183
202 184
202 183
203 182
204 181
river 6 R. des Outaouais
205 178
204 178
204 179
203 180
202 180
202 181
201 182
201 181
201 180
200 180
200 181
200 180
199 180
199 181
198 182
198 183
197 183
197 182
196 183
196 182
195 182
195 181
194 181
194 180
195 180
195 179
194 180
193 180
192 180
192 181
191 181
191 182
190 183
191 183
190 184
191 184
190 185
river 6 R. des Outaouais
204 181
204 180
river 6 R. des Outaouais
189 186
188 186
188 187
187 188
186 188
186 189
186 188
185 189
186 188
185 188
184 188
183 188
182 189
182 188
181 189
river 6 R. des Outaouais
206 181
205 182
204 183
river 6 R. des Outaouais
212 181
211 181
210 182
river 6 Ottawa
181 201
181 200
180 200
180 199
180 198
179 198
179 197
180 196
180 195
180 194
180 193
179 193
179 192
180 191
180 190
181 189
river 6 Ottawa
181 201
181 202
182 202
181 203
182 203
182 204
182 205
182 206
183 206
183 207
184 207
185 207
184 208
185 208
186 208
187 208
188 208
189 208
190 207
190 208
191 207
192 207
192 208
193 207
194 207
195 207
196 207
river 6 Ottawa
196 207
197 207
197 208
198 207
198 208
199 208
river 6 Ottawa
199 208
200 208
200 209
200 210
201 210
202 210
203 210
204 209
204 210
river 6 Ottawa
204 210
205 209
205 210
205 211
205 212
206 211
206 212
206 213
206 214
207 214
208 214
209 214
209 215
210 214
211 213
212 213
213 213
214 213
214 214
215 214
216 214
216 213
217 213
217 212
218 212
219 211
220 211
221 210
222 209
223 209
224 208
225 208
226 207
227 206
228 206
229 206
230 205
231 205
232 205
233 205
234 205
river 6 
13 13
14 13
15 13
16 12
17 12
18 12
17 13
18 13
river 6 
-4 8
-3 7
-2 7
-1 7
0 7
1 7
1 8
1 9
2 8
2 9
3 9
4 9
5 9
6 9
6 10
7 10
8 10
9 10
10 10
11 10
river 6 
22 22
23 22
22 23
23 23
22 24
22 25
river 6 
13 13
14 12
13 12
14 12
14 11
13 11
12 11
11 11
11 10
river 6 
22 22
22 21
21 21
22 20
23 19
23 18
24 17
23 17
22 17
21 17
20 17
21 16
20 16
19 16
19 15
18 16
17 16
16 16
15 16
15 15
16 15
17 14
17 15
18 14
19 13
18 13
river 6 
22 26
22 25
river 6 Albany
71 140
71 139
72 138
river 6 Albany
70 142
71 142
70 143
70 144
69 145
69 146
69 147
river 6 Albany
69 149
68 149
68 148
69 147
river 6 Albany
70 152
69 153
70 153
71 153
70 154
river 6 Albany
71 154
72 154
73 154
73 155
74 155
75 154
76 154
77 153
78 153
79 152
80 152
81 151
81 152
river 6 Albany
68 139
69 139
70 139
71 138
72 138
river 6 Albany
71 140
71 141
70 142
river 6 Albany
69 149
69 150
69 151
70 150
70 151
69 152
70 152
river 6 Albany
81 152
82 152
83 151
84 151
85 151
86 150
87 150
88 149
89 149
90 148
91 147
92 147
93 146
94 145
95 144
96 144
97 143
98 142
99 142
99 143
100 142
101 141
102 141
103 141
104 140
104 141
104 142
105 141
105 142
106 142
107 142
108 141
109 141
110 141
110 142
111 142
110 143
111 143
112 143
111 144
112 144
112 145
113 144
114 144
115 144
116 143
117 142
118 141
119 141
120 140
120 141
121 140
122 140
122 139
123 138
124 138
125 137
126 136
127 135
127 134
128 133
129 133
130 133
130 134
131 133
131 134
131 135
132 134
133 134
134 134
135 133
136 133
136 134
137 134
137 135
137 136
138 135
138 136
138 137
139 137
139 138
138 139
139 139
140 139
140 140
141 140
141 141
142 141
143 141
144 140
145 139
146 138
147 138
148 137
149 137
150 136
151 136
152 135
153 134
154 133
155 133
156 132
157 132
157 131
158 131
159 130
159 129
160 128
161 127
161 126
162 126
162 125
163 125
163 124
164 124
165 123
166 122
167 122
168 122
169 121
170 120
171 119
172 118
173 118
174 117
175 116
176 116
177 115
river 6 Albany
70 154
71 154
river 6 Churchill
361 35
361 34
361 33
361 32
361 31
river 6 Churchill
361 31
362 30
361 30
362 29
363 28
364 27
364 28
365 27
366 26
367 26
368 26
369 25
370 25
371 25
372 25
373 25
373 26
374 25
374 26
375 25
375 26
376 26
376 27
377 26
378 26
379 25
379 26
380 25
381 25
382 24
383 24
384 23
385 23
385 24
386 23
386 24
387 23
387 24
387 25
387 26
388 25
389 25
390 25
391 24
392 24
393 24
393 23
393 22
394 21
395 21
396 20
397 19
398 18
398 17
399 16
400 15
401 14
401 13
402 13
403 12
404 12
405 11
river 6 Churchill
361 39
361 38
361 37
361 36
361 35
river 6 Rupert
244 108
245 108
246 108
247 107
247 108
248 108
249 107
river 6 Rupert
227 114
227 115
226 116
227 116
228 115
229 115
229 114
river 6 Rupert
244 108
245 107
245 106
244 107
243 107
242 107
241 107
240 108
239 109
238 109
238 110
237 110
236 111
236 110
235 111
234 111
233 112
232 113
231 113
230 114
229 114
river 6 Rupert
227 114
228 113
227 113
226 114
225 115
224 115
223 116
223 115
222 116
221 116
220 117
219 118
219 117
218 118
217 118
216 118
215 118
214 119
213 119
212 119
211 119
210 120
209 120
209 119
208 119
207 119
river 6 Rupert
249 107
249 106
250 106
251 105
252 105
253 104
253 105
254 104
255 104
254 105
255 105
256 105
257 105
258 104
259 104
259 105
259 106
259 107
258 108
258 109
258 110
259 109
260 108
261 108
river 6 Chattahoochee
54 434
53 434
52 435
51 436
51 437
50 437
49 438
river 6 Chattahoochee
57 428
58 427
58 428
58 429
58 430
57 431
56 432
56 433
55 433
54 434
river 6 Chattahoochee
49 438
48 439
48 440
47 441
46 441
45 442
44 442
43 443
42 444
42 445
41 445
41 446
40 446
river 6 Alabama
34 440
33 440
32 441
32 440
31 440
30 441
31 441
30 441
29 441
28 442
28 441
27 442
26 442
26 443
25 443
25 444
24 444
25 443
24 444
24 445
23 445
22 446
23 446
22 446
21 446
river 6 Tugaloo
64 428
65 428
65 429
66 429
67 429
68 429
68 430
68 431
river 6 Tugaloo
63 426
62 427
63 427
63 428
64 427
64 428
river 6 Chattooga
68 419
68 420
67 421
67 422
66 422
65 423
64 424
63 425
63 426
river 6 Savannah
69 436
69 437
70 437
70 438
71 438
71 439
72 439
72 440
73 440
72 441
73 441
river 6 Savannah
68 431
68 432
69 432
68 433
68 434
69 434
69 435
69 436
river 6 Savannah
73 441
72 442
73 442
74 442
74 443
75 443
75 444
75 445
75 446
76 446
river 6 
0 73
1 72
1 71
2 71
2 70
river 6 
4 65
3 66
4 66
3 67
2 68
3 68
2 69
2 70
river 6 
0 73
-1 74
-1 75
-2 76
-2 77
-3 78
river 6 Rainy
56 193
55 193
56 192
55 192
54 192
53 193
river 6 Rainy
32 200
33 199
34 199
35 199
36 199
37 199
38 198
39 198
river 6 Rainy
68 183
68 184
67 185
66 185
66 186
66 187
65 188
64 189
63 189
62 189
61 189
60 190
59 190
59 191
58 192
57 193
56 193
56 194
56 193
river 6 Rainy
53 193
52 194
51 195
50 195
49 195
48 196
47 196
47 195
46 195
45 196
44 196
43 197
42 197
41 197
40 198
39 198
river 6 Rainy
32 200
31 200
31 201
30 201
29 201
28 202
27 202
27 201
27 200
26 200
25 200
24 200
23 200
23 199
22 199
21 199
20 199
20 198
19 198
19 197
20 196
river 6 Winnipeg
17 160
17 161
17 162
17 163
17 164
17 165
17 166
river 6 Winnipeg
17 172
18 171
19 170
river 6 Winnipeg
30 176
29 177
29 178
29 179
29 180
29 181
28 182
29 182
28 183
27 184
26 185
25 185
24 186
23 186
23 187
22 187
22 188
21 189
21 190
21 191
20 192
20 193
20 194
20 195
20 196
river 6 Winnipeg
19 170
19 169
19 168
18 168
18 167
18 166
17 166
river 6 Winnipeg
30 176
29 176
30 175
31 174
31 173
30 174
29 175
29 174
30 173
29 174
28 174
27 174
26 174
27 173
27 172
26 173
26 172
25 172
26 171
26 170
25 170
24 170
23 171
22 172
21 173
20 174
20 173
19 174
18 174
17 175
17 174
16 175
16 174
17 173
17 172
river 6 South Saskatchewan
-70 140
-69 139
river 6 South Saskatchewan
-69 138
-68 137
-67 137
-67 136
-66 136
-66 135
-65 135
-64 134
-63 133
-62 132
-61 131
-60 131
-60 130
-59 130
-58 129
-57 128
-57 127
-56 126
-56 125
-55 125
-54 124
-53 124
-52 124
-51 123
-50 122
-49 122
-48 122
-48 121
-47 120
-46 120
-45 120
-44 120
-43 119
-42 118
river 6 S. Branch Potomac
139 345
140 344
140 343
141 342
141 341
142 340
142 339
143 338
144 337
145 337
146 336
147 335
147 334
148 333
149 333
149 332
150 331
151 330
151 329
152 328
153 327
154 327
154 326
155 326
156 325
157 324
156 324
157 324
158 323
river 6 S. Branch Potomac
135 349
135 348
136 348
137 347
138 346
139 345
river 6 Hudson
232 229
232 230
232 231
231 232
231 231
230 232
230 233
229 234
230 234
231 234
231 235
231 236
232 235
233 235
232 236
233 236
232 237
233 237
233 238
233 239
232 239
232 240
232 241
232 242
232 243
233 242
234 241
234 242
234 241
235 241
235 242
235 243
234 244
234 245
234 246
233 247
232 248
232 249
232 250
231 251
232 251
231 252
231 253
230 253
231 253
230 254
230 255
229 256
230 256
229 257
229 258
229 259
228 260
227 261
227 262
226 263
226 264
226 265
225 266
225 267
225 268
225 269
225 270
224 271
224 272
223 273
223 274
223 275
223 276
223 277
river 6 Wabash
78 331
79 331
80 330
79 330
78 330
77 330
78 329
79 328
79 327
78 327
77 327
77 326
76 327
76 326
75 326
75 325
74 325
74 324
73 324
72 324
71 324
71 323
70 324
69 324
69 325
68 325
67 326
66 326
65 326
64 327
63 327
62 328
62 327
61 328
61 327
60 328
59 328
58 328
57 329
56 330
55 330
55 331
54 332
53 332
53 333
52 333
51 334
50 335
49 335
48 336
47 337
46 337
45 338
44 339
43 340
42 340
42 341
42 342
41 343
41 344
41 345
41 346
40 347
41 347
40 347
40 348
39 349
40 349
39 350
39 351
38 352
37 353
37 354
36 355
35 355
34 356
34 357
34 358
33 358
33 359
32 360
33 360
32 361
33 361
32 362
33 362
33 363
32 364
32 365
32 366
31 367
30 368
29 369
28 370
29 370
28 371
27 371
26 372
27 372
26 373
25 373
25 374
24 375
24 374
24 375
23 375
22 376
22 377
22 378
21 378
21 379
20 379
20 380
20 381
19 381
19 382
18 382
18 383
19 383
18 384
18 383
18 384
river 6 Saint John
285 177
286 176
286 175
287 174
287 173
288 173
288 172
289 171
289 170
290 170
291 170
291 169
292 168
292 167
293 166
294 165
295 164
295 163
296 162
297 161
297 160
298 159
299 158
300 157
301 156
302 156
303 155
304 154
305 153
306 152
307 152
308 151
309 150
310 149
310 150
311 149
311 148
312 148
313 147
313 148
314 148
315 148
315 149
316 149
316 150
317 150
318 150
318 151
318 152
318 153
318 154
318 155
317 156
317 157
317 158
318 158
318 159
318 160
318 161
319 161
319 162
319 163
318 164
318 165
318 166
319 166
320 166
321 166
322 165
323 165
324 165
325 165
325 166
326 165
326 164
327 163
328 163
329 163
330 163
331 163
332 163
333 162
334 162
334 163
335 163
335 164
335 165
335 166
336 166
335 167
334 168
334 169
333 170
333 171
river 6 Yadkin
95 397
96 397
97 397
97 396
98 396
99 395
100 395
101 394
101 395
102 394
103 393
104 393
105 392
106 392
107 391
108 391
109 391
110 390
111 390
112 390
river 6 Great Pee Dee
112 390
112 391
111 392
110 393
110 394
111 394
111 395
111 396
110 397
river 6 Great Pee Dee
110 397
109 397
109 398
109 399
110 399
111 399
111 400
111 401
112 401
112 402
112 403
112 404
113 403
113 404
112 405
111 406
112 406
111 407
112 407
111 408
111 409
112 409
113 408
river 6 Great Pee Dee
113 408
113 409
113 410
113 411
112 412
112 413
111 413
111 414
112 414
111 415
112 415
112 416
113 416
112 417
111 418
111 419
112 418
113 418
112 419
112 420
113 419
113 420
112 421
113 421
114 421
113 422
114 422
113 423
113 424
114 424
113 425
113 426
113 427
114 427
114 428
115 428
115 429
115 430
116 430
117 430
116 431
117 431
116 432
117 432
116 433
115 434
river 6 Potomac
158 323
159 323
160 322
161 321
161 322
162 322
162 323
163 322
164 322
164 323
163 323
164 323
163 324
164 323
164 324
165 323
165 324
164 324
165 324
164 325
165 325
164 326
165 326
166 326
167 326
167 327
168 327
167 328
166 329
167 329
167 330
168 329
168 330
169 329
169 330
170 330
170 331
171 330
171 331
river 5 Severn
81 114
82 114
river 5 Severn
74 119
73 119
72 119
71 120
70 120
69 121
68 121
67 121
66 121
66 120
66 119
65 119
64 119
64 118
river 5 Severn
125 77
126 77
126 78
127 77
128 77
128 76
128 75
129 74
130 73
131 72
132 72
133 71
134 70
134 69
134 68
135 67
134 67
135 66
136 65
137 64
138 63
139 62
140 61
141 61
141 60
142 60
river 5 Severn
97 102
98 101
99 100
99 99
100 98
101 98
102 97
103 97
103 96
104 96
105 95
106 94
106 95
107 94
108 93
108 94
109 93
110 92
110 93
111 92
112 91
113 90
114 90
115 90
116 89
117 89
118 88
119 87
119 86
120 85
120 84
121 83
121 82
121 81
122 80
122 79
123 78
124 78
125 77
river 5 Severn
82 114
83 113
84 113
84 112
85 112
86 111
87 111
88 110
89 109
90 108
89 108
90 108
91 107
92 106
93 105
94 104
95 103
96 102
97 102
river 5 Severn
44 120
45 120
44 121
45 121
46 121
47 121
47 122
48 121
49 121
50 121
50 120
51 119
51 120
52 119
53 119
54 119
54 118
55 118
56 118
56 119
57 119
58 118
58 119
59 118
60 118
61 118
62 117
63 117
64 117
65 117
64 118
river 5 Severn
74 119
75 118
76 118
76 117
77 117
77 116
78 116
79 115
79 116
80 115
81 114
river 5 
191 262
190 263
190 264
190 265
river 5 
191 262
191 261
192 261
193 260
194 260
194 259
194 258
195 257
196 257
197 257
197 256
198 256
198 255
199 255
200 254
200 255
201 254
201 253
200 253
200 252
199 252
199 251
199 250
river 5 
188 266
189 266
190 265
river 5 Caniapiscau
319 0
319 1
320 1
320 2
319 3
320 3
320 4
321 4
321 5
322 5
322 6
river 5 Caniapiscau
308 38
308 37
309 36
309 35
309 34
309 33
309 32
river 5 Caniapiscau
308 38
309 38
309 39
309 40
308 41
308 42
309 42
310 42
311 42
312 42
313 41
314 41
river 5 Caniapiscau
309 32
310 31
310 30
310 29
310 28
311 27
312 26
313 26
314 25
315 24
316 23
317 22
317 21
318 21
319 20
320 19
321 18
322 17
323 16
323 15
324 15
324 14
325 13
326 13
327 12
328 11
328 10
328 9
327 9
327 8
326 8
325 8
325 7
325 6
324 7
324 6
323 6
322 6
river 5 Caniapiscau
315 41
314 41
river 5 Péribonka
285 104
286 104
285 105
river 5 Péribonka
285 112
284 113
285 113
284 114
284 115
284 116
284 117
284 118
river 5 Péribonka
272 141
271 141
271 142
271 143
271 144
river 5 Péribonka
293 78
293 79
292 79
292 80
291 80
291 81
290 82
290 83
289 84
289 85
288 86
288 87
288 88
287 89
286 90
286 91
286 92
286 93
285 94
285 95
285 96
284 97
284 98
285 98
285 99
286 99
286 100
285 101
285 102
286 102
286 103
285 104
river 5 Péribonka
285 105
286 105
285 106
286 106
285 107
285 108
285 109
284 110
284 111
284 112
285 112
river 5 Péribonka
284 118
284 119
285 119
284 120
284 121
284 122
284 123
283 124
283 125
283 126
283 127
282 128
282 129
282 130
281 131
282 131
281 132
281 133
280 134
280 135
279 136
279 137
278 138
277 139
276 140
276 139
275 139
274 140
273 141
272 142
272 141
river 5 Yellowstone
-120 240
-120 241
-119 240
-118 240
-117 239
-116 238
-115 237
-114 237
-113 236
-112 236
-112 235
-111 235
-110 234
-110 233
-109 233
-108 233
-107 233
-106 232
-105 232
-104 232
-103 231
-102 231
-101 230
-100 229
-100 228
-99 228
-98 227
-98 226
-97 226
-96 225
-95 225
-94 224
-93 223
-92 222
-91 222
-91 221
-90 220
-89 219
-88 219
-88 218
-87 218
-87 217
-86 217
-86 216
-85 216
-84 215
-84 214
-83 213
river 5 Wisconsin
56 243
55 243
55 244
54 244
river 5 Wisconsin
36 280
36 279
37 278
37 277
37 276
38 275
39 274
39 273
river 5 Wisconsin
59 242
58 242
57 242
56 243
river 5 Wisconsin
54 244
54 245
54 246
55 246
54 247
55 247
54 248
53 249
52 249
51 250
50 251
49 251
50 251
50 252
49 252
49 253
48 254
47 255
47 256
48 256
49 256
48 257
48 258
47 259
48 259
47 260
47 261
46 262
45 263
45 264
45 265
45 266
44 267
45 267
45 268
44 269
43 269
42 269
41 270
41 271
40 272
39 273
river 5 Wisconsin
36 280
37 280
36 281
37 281
36 282
37 282
36 283
37 283
36 284
37 284
37 285
38 284
38 285
39 285
40 285
39 286
38 287
37 288
36 288
35 289
34 290
33 291
32 291
31 292
30 292
29 293
29 292
28 293
28 292
27 292
26 292
25 292
24 292
23 293
22 293
22 294
21 294
20 295
19 295
18 296
17 296
16 297
river 5 North Platte
-148 311
-148 310
-147 309
-147 308
-148 309
river 5 North Platte
-123 335
-124 335
-124 334
-125 334
-125 333
-126 334
-126 333
river 5 North Platte
-151 303
-150 303
-150 304
-149 304
-150 305
-150 306
-150 307
-149 307
-149 308
-148 307
-148 308
-147 308
river 5 North Platte
-126 333
-127 334
-127 333
-128 333
-128 332
-129 332
-129 331
-130 331
-130 330
-131 330
-131 329
-132 329
-132 328
-133 328
-133 327
-134 327
-134 326
-135 326
-136 326
-137 326
-137 325
-138 325
-138 324
-139 324
-139 323
-140 323
-140 322
-140 321
-141 321
-142 321
-142 320
-143 320
-143 319
-143 318
-144 319
-143 318
-144 318
-145 318
-144 317
-145 317
-145 316
-146 316
-146 315
-147 315
-148 315
-147 314
-148 314
-148 313
-148 312
-148 311
river 5 North Platte
-123 335
-122 335
-121 335
-121 336
-120 335
-120 336
-119 335
-119 336
-118 335
-118 336
-117 335
-117 336
-117 335
-116 335
-115 335
-114 335
-114 336
-113 335
-113 336
-112 336
-112 337
-111 337
-111 338
-110 338
-110 339
-109 339
river 5 Bell
214 159
214 160
214 161
214 162
213 163
213 164
212 165
river 5 Bell
225 160
224 160
224 161
223 161
river 5 Bell
228 161
228 160
228 159
227 159
226 160
226 159
river 5 Bell
214 159
214 158
215 157
215 156
214 156
214 157
214 156
214 155
215 154
215 153
215 152
215 151
215 150
214 150
213 150
212 150
211 150
212 149
213 148
213 147
212 147
212 146
212 145
212 144
river 5 Bell
225 160
226 159
river 5 Bell
223 161
222 161
222 162
221 162
220 163
219 164
218 165
217 166
216 167
215 168
214 169
213 169
213 168
212 169
212 168
212 167
212 166
212 165
river 5 Bell
229 160
228 161
river 5 Bell
227 168
227 167
227 166
228 165
228 164
228 163
229 162
229 161
230 160
230 159
river 5 Nottaway
207 126
206 126
205 126
205 125
204 125
river 5 Nottaway
212 144
213 143
214 142
214 141
215 140
215 139
215 138
215 137
216 136
216 135
215 135
214 136
214 135
river 5 Nottaway
214 135
213 135
214 134
213 134
213 133
213 132
213 131
212 131
213 130
213 129
212 129
212 128
211 128
211 127
210 127
210 126
209 127
208 127
207 127
208 126
207 126
river 5 Red
11 170
11 169
12 168
12 167
13 166
14 165
14 164
15 163
16 162
16 161
17 161
17 160
river 5 Red
-25 252
-25 251
-24 250
-24 249
-23 248
-22 247
-23 247
-22 246
-22 245
-22 244
-21 243
-21 242
-22 242
-21 241
-21 240
-21 239
-20 238
-21 238
-20 237
-20 236
-20 235
-19 234
-18 233
-18 232
-18 231
-17 230
-17 229
-17 228
-16 227
-16 226
-15 225
-15 224
-15 223
-14 222
-14 221
-13 220
-14 220
-13 219
-13 218
-13 217
-13 216
-12 215
-12 214
-12 213
-12 212
-12 211
-11 210
-11 209
-10 208
-10 207
-9 206
-9 205
-9 204
-8 203
-7 202
-7 201
-7 200
-6 199
-7 199
-6 198
-6 197
-6 196
-5 195
-5 194
-4 193
-5 193
-4 192
-5 192
-4 191
-4 190
-4 189
-3 189
-2 188
-2 187
-1 186
0 185
1 184
2 183
2 182
2 181
3 180
3 179
4 178
5 178
5 177
6 177
6 176
7 176
8 175
8 174
9 174
9 173
9 172
10 172
10 171
river 5 Manicouagan
309 79
310 79
310 80
311 80
311 81
312 81
312 82
311 83
311 84
311 85
311 86
311 87
312 86
312 87
313 87
313 88
314 87
314 88
314 89
314 90
315 90
314 91
314 92
314 93
313 94
314 94
river 5 Manicouagan
315 115
315 114
315 113
315 112
315 111
315 110
314 111
314 110
river 5 Manicouagan
311 59
310 60
310 61
309 62
309 63
308 64
308 65
307 66
307 67
306 68
306 69
306 70
307 70
306 71
307 71
306 72
307 72
307 73
308 73
308 74
308 75
309 75
309 76
309 77
309 78
309 79
river 5 Manicouagan
314 94
314 95
315 95
315 96
314 97
314 98
315 98
315 99
315 100
315 101
314 102
313 103
314 103
313 104
313 105
313 106
313 107
313 108
314 108
313 109
313 110
314 110
river 5 Manicouagan
315 115
315 116
315 117
316 117
river 5 Pecos
-220 441
-219 440
-219 441
-219 442
-218 442
-218 443
-217 443
-218 444
-218 445
-218 446
river 5 Roanoke
126 371
127 371
127 372
128 372
128 373
129 373
river 5 Roanoke
144 376
143 376
142 377
142 376
141 377
141 376
140 376
139 376
139 375
139 374
river 5 Roanoke
145 376
146 376
147 376
148 376
149 376
150 376
151 376
152 375
river 5 Roanoke
120 374
119 374
119 373
120 372
121 372
122 371
123 370
124 370
125 370
125 371
126 370
125 371
126 370
126 371
river 5 Roanoke
129 373
130 373
130 372
131 372
131 371
132 370
132 371
133 370
133 371
134 370
134 371
133 371
134 371
135 371
135 370
135 371
136 371
137 371
137 372
138 371
139 371
139 372
139 373
140 373
139 374
river 5 Roanoke
144 376
145 375
146 375
145 376
river 5 Roanoke
152 375
152 376
153 376
153 377
152 378
153 378
154 378
154 379
155 379
155 380
156 380
155 381
154 382
155 382
156 382
156 383
157 383
158 382
158 383
158 384
159 383
160 383
159 384
160 384
160 383
161 382
161 383
162 382
163 381
river 5 Ivanhoe
142 195
143 194
144 193
145 192
146 191
147 190
148 189
149 188
149 187
150 186
151 185
151 184
151 183
152 182
152 181
153 180
154 179
155 179
155 178
river 5 Susquehanna
217 255
216 255
216 256
215 257
215 258
215 259
214 260
215 260
214 261
213 262
212 262
211 263
210 264
209 265
208 265
207 266
207 267
206 267
206 268
205 268
205 269
204 270
204 271
204 272
203 273
203 272
202 273
202 272
202 271
201 271
200 271
199 272
198 272
197 272
196 273
195 273
195 274
194 274
193 275
192 276
192 277
192 278
192 279
193 279
194 279
194 280
195 280
196 280
197 280
196 281
197 281
198 281
198 282
199 282
199 283
199 284
198 285
197 286
196 287
195 287
194 288
194 289
193 290
192 291
191 291
190 292
189 293
188 294
187 294
186 294
185 295
184 296
183 297
183 298
182 299
183 298
182 299
182 300
181 301
180 302
180 303
180 304
179 305
179 306
180 305
180 306
180 307
181 307
181 308
182 308
182 309
182 308
182 309
183 309
184 309
184 310
184 311
185 311
185 312
185 313
186 312
186 313
187 313
186 314
187 314
187 315
187 316
188 316
river 5 Prairie Dog Town Fork Red
-183 446
-182 445
-181 445
-180 445
-180 446
river 5 Haw
118 390
118 389
119 389
120 388
121 388
122 387
123 387
124 387
124 388
125 388
125 389
126 389
126 390
126 391
126 392
127 392
127 393
127 394
128 394
128 395
128 396
river 5 Connecticut
271 199
270 200
269 201
268 201
267 202
266 203
267 203
266 204
267 204
266 205
265 206
265 207
264 208
265 208
265 209
265 210
264 211
264 212
263 213
262 214
261 215
260 216
259 216
258 217
258 218
257 219
258 219
257 220
257 221
256 222
256 223
255 224
255 225
254 226
254 227
253 228
252 229
252 230
251 231
251 232
251 233
250 234
251 234
250 235
250 236
249 237
250 237
249 238
249 239
249 240
248 241
247 242
247 243
247 244
247 245
248 245
247 246
247 247
246 248
245 249
246 249
245 250
245 251
245 252
244 253
244 254
244 255
243 256
244 256
243 257
244 257
243 258
243 259
243 260
242 261
242 262
242 263
241 264
242 264
241 265
242 265
241 266
242 266
242 267
243 267
243 268
244 268
244 269
river 5 Winisk
125 113
126 112
126 111
126 110
127 109
127 108
128 107
127 107
128 106
129 105
129 104
130 103
130 102
131 101
132 101
132 100
133 100
133 99
133 98
133 97
133 96
134 95
134 94
134 93
134 92
135 91
134 91
135 90
135 89
136 88
135 88
136 87
135 87
136 86
135 86
136 85
136 84
136 83
136 82
137 82
138 82
139 82
140 82
141 81
142 81
143 80
143 81
144 81
144 82
145 81
146 81
147 81
148 80
148 81
149 80
150 79
151 79
152 78
153 78
154 77
155 76
155 75
river 5 Natashquan
375 39
376 39
377 39
378 38
378 39
379 38
380 38
381 38
382 38
383 38
384 38
385 38
385 39
386 38
387 38
387 39
387 40
388 40
387 41
388 41
388 42
389 42
389 43
390 43
390 44
390 45
391 45
390 46
391 46
391 47
391 48
391 49
392 48
392 49
392 50
392 51
393 51
393 52
394 51
394 52
393 53
393 54
392 55
393 55
392 56
392 57
392 58
393 58
392 59
392 60
392 61
392 62
392 63
392 64
392 65
393 64
392 65
393 65
393 66
river 5 Oconee
54 439
55 439
56 439
56 440
57 440
57 441
58 441
58 442
58 443
57 444
57 445
57 446
river 5 George
357 0
357 1
356 2
357 2
356 3
357 3
357 4
356 5
357 5
356 6
356 7
356 8
356 9
river 5 Minnesota
-30 257
-30 258
-30 259
-30 260
-29 259
-29 260
-28 260
-28 261
-28 262
-27 262
-26 262
-26 263
-25 263
-25 264
-24 264
-25 265
-24 265
-24 266
-23 266
-24 267
-23 267
-23 268
-22 268
-22 269
-22 270
-22 271
-21 271
-21 272
-20 271
-20 272
-19 272
-19 273
-18 273
-18 274
-17 274
-17 275
-16 275
-16 276
-15 276
-14 276
-14 277
-13 277
-13 278
-12 278
-12 279
-11 279
-10 279
-11 280
-10 280
-9 279
-9 278
-8 277
-7 276
-7 275
-6 274
-5 273
-5 272
-4 271
-3 271
-2 270
-1 270
-1 269
0 269
0 268
1 268
2 268
3 268
4 267
5 267
6 266
river 5 Mattagami
163 159
164 158
164 157
163 157
163 156
162 156
163 155
162 155
163 154
163 153
163 152
163 151
164 150
165 150
166 149
166 148
167 148
167 147
168 147
169 146
170 145
171 144
172 143
173 142
173 141
174 140
river 5 Groundhog
155 178
156 177
157 176
157 175
156 175
156 174
157 173
158 172
158 171
159 170
160 169
160 168
160 167
161 166
161 165
162 164
162 163
163 162
163 161
163 160
164 159
163 159
river 5 
93 178
92 179
92 180
91 180
91 181
90 182
91 182
90 183
90 184
90 185
90 186
river 5 Mlzes
272 13
273 13
274 12
275 12
275 13
276 12
277 12
278 12
278 11
279 11
280 10
281 10
282 10
282 9
283 9
284 8
285 7
286 7
287 6
288 5
289 5
290 4
291 4
291 3
292 3
292 2
293 1
293 0
294 0
river 5 Cape Fear
128 396
128 397
129 397
129 398
130 398
130 399
131 399
131 400
132 400
131 401
131 402
130 403
130 402
129 403
128 404
128 405
128 406
128 407
128 406
129 406
128 407
128 408
127 409
127 410
127 411
128 410
128 411
129 411
129 412
130 411
130 412
131 412
131 413
131 414
132 413
132 414
133 414
134 414
133 415
134 415
135 414
135 415
136 414
136 415
136 416
136 417
river 5 Grande Rivire de la Baleine
272 43
271 43
271 44
270 44
269 45
268 45
267 46
266 46
265 46
264 46
263 47
262 47
261 47
260 47
260 46
259 47
259 46
258 46
257 46
258 45
257 45
256 45
255 46
254 47
253 47
252 48
251 48
250 48
249 49
248 49
247 50
247 49
246 49
245 49
245 48
244 48
243 48
243 47
242 47
242 46
241 47
240 47
240 48
240 49
239 49
238 50
237 51
236 51
235 51
235 50
234 50
233 50
232 51
river 5 Eastmain
280 78
279 79
278 79
277 80
276 81
275 82
274 83
273 84
273 85
272 86
271 87
270 88
269 89
268 90
268 89
267 90
266 91
266 92
265 92
264 93
263 93
263 94
262 94
261 95
261 94
260 95
259 95
258 96
258 95
257 95
257 96
257 95
256 96
256 95
255 95
255 94
254 94
255 93
254 94
254 93
253 93
252 94
251 94
250 95
249 95
248 95
247 96
246 96
245 97
244 97
243 98
242 98
242 99
241 99
240 99
240 100
239 100
239 101
238 101
238 100
239 99
240 98
239 98
240 97
239 98
238 98
238 97
237 97
236 97
235 98
234 98
233 99
232 99
231 100
230 100
230 99
229 99
228 99
227 99
226 100
225 101
224 101
223 102
222 102
221 103
220 103
219 104
219 103
218 104
218 103
217 104
217 103
216 104
215 104
214 105
213 105
river 5 Platte
-109 339
-109 340
-108 340
-108 341
-108 342
-107 342
-106 342
-106 343
-105 343
-105 344
-104 344
-103 344
-103 345
-102 344
-102 345
-101 344
-101 345
-100 345
-99 345
-98 345
-97 345
-96 345
-95 345
-94 344
-93 344
-92 344
-91 343
-91 344
-90 343
-89 343
-88 342
-87 342
-86 341
-85 340
-84 339
-83 339
-82 338
-81 337
-80 337
-79 336
-78 335
-77 335
-76 334
-75 333
-74 333
-73 332
-72 332
-71 332
-70 332
-69 331
-69 332
-68 331
-67 331
-66 331
-65 330
-64 330
-63 330
-63 331
-62 330
-61 330
-61 331
-60 331
-60 332
-60 333
-60 334
-60 335
-61 336
-61 337
-61 338
-60 338
-59 337
-58 337
-57 337
-56 337
river 5 Moose
174 140
175 139
176 138
177 137
178 136
179 135
180 134
180 133
river 5 Churchill
61 46
62 46
63 45
63 46
64 46
64 47
65 47
river 5 Churchill
37 60
38 59
38 58
39 58
39 57
39 58
40 57
41 57
41 56
42 56
43 56
44 55
45 55
46 55
47 54
48 53
49 52
50 51
51 51
52 51
53 51
53 50
54 49
55 48
55 47
56 47
57 46
58 46
river 5 Churchill
27 68
27 67
26 67
27 66
28 65
29 65
29 64
30 64
31 63
32 63
33 62
river 5 Churchill
-32 71
-33 71
-32 70
-33 70
river 5 Churchill
20 75
21 75
22 75
23 74
24 73
24 72
25 71
24 71
25 70
25 69
26 68
river 5 Churchill
-26 73
-26 74
-25 74
river 5 Churchill
8 76
9 76
10 75
11 75
12 75
river 5 Churchill
-30 73
-30 74
-29 73
-28 73
-27 72
river 5 Churchill
-16 80
-15 79
-14 78
-15 78
-14 77
-15 77
-15 76
river 5 Churchill
-16 80
-15 80
-14 80
-13 80
-13 81
river 5 Churchill
-10 81
-9 81
-8 81
river 5 Churchill
58 46
58 47
59 46
60 45
60 46
61 45
61 46
river 5 Churchill
65 47
66 47
65 48
65 49
66 49
67 48
67 49
68 49
68 50
69 49
70 49
70 50
71 50
72 49
72 50
73 50
73 49
74 48
75 47
76 46
77 46
78 45
77 45
78 44
79 44
80 43
81 42
81 43
82 42
81 42
81 41
82 40
83 39
82 39
83 38
84 37
85 37
86 36
87 35
88 34
89 34
90 33
91 32
92 31
93 31
94 30
95 30
river 5 Churchill
33 62
34 62
34 61
35 61
36 60
37 60
river 5 Churchill
26 68
27 68
river 5 Churchill
-34 68
-33 68
-34 69
-33 69
-34 70
-33 70
-33 69
-33 70
river 5 Churchill
-32 71
-31 70
-31 71
-30 71
-31 72
-32 72
-32 73
-31 72
-32 73
-31 73
-30 73
river 5 Churchill
12 75
13 75
14 75
15 74
15 75
15 76
16 76
17 76
18 76
19 76
20 75
river 5 Churchill
-27 72
-26 72
-26 73
river 5 Churchill
8 76
7 76
river 5 Churchill
7 76
8 75
river 5 Churchill
-25 74
-24 73
-24 74
-25 75
-24 75
-24 76
-23 75
-23 76
-22 75
-22 76
-21 76
-21 77
-21 76
-20 76
-19 75
-19 76
-18 75
-17 75
-16 75
-15 75
-15 76
river 5 Churchill
-8 81
-7 80
-6 80
-5 79
-4 78
-3 78
-2 78
-1 78
0 78
1 78
2 78
2 79
2 80
3 79
4 79
5 78
6 77
7 76
river 5 Churchill
-13 81
-12 80
-11 80
-11 81
-10 81
river 4 English
50 163
50 164
51 164
51 165
51 166
52 166
52 167
52 168
52 169
53 169
54 168
55 168
55 169
56 168
56 169
57 169
56 170
river 4 English
28 172
28 171
29 171
30 171
31 170
32 170
river 4 English
33 171
34 171
34 172
34 173
35 172
36 172
river 4 English
38 171
38 170
39 170
39 169
river 4 English
58 171
58 172
river 4 English
70 172
70 171
river 4 English
67 174
68 173
69 173
70 172
river 4 English
66 177
66 176
67 175
river 4 English
50 163
49 163
49 164
48 164
48 163
47 163
47 164
46 165
46 164
45 165
44 165
43 166
42 166
42 167
41 167
41 168
40 169
39 169
river 4 English
28 172
27 173
river 4 English
33 171
32 171
33 170
32 170
river 4 English
38 171
37 171
36 172
river 4 English
58 171
57 171
58 170
59 169
58 170
58 169
57 170
56 170
river 4 English
70 171
69 171
68 171
68 170
67 170
66 170
66 169
65 169
64 169
63 170
62 170
61 171
60 171
59 172
river 4 English
67 175
67 174
river 4 English
58 189
59 188
60 187
61 186
62 186
63 185
63 184
64 183
64 182
65 181
65 180
65 179
65 178
66 177
river 4 
253 29
252 29
252 30
251 30
250 31
249 31
248 32
247 32
246 32
river 4 
264 25
263 26
262 26
261 27
261 26
260 27
259 27
258 28
257 28
256 28
255 29
255 28
254 29
253 29
river 4 Thlewiaza
65 0
64 0
64 1
63 2
62 3
62 4
61 5
60 5
60 4
river 4 Thlewiaza
51 6
51 7
52 7
53 6
river 4 Thlewiaza
49 0
49 1
49 2
49 3
49 4
49 5
50 4
50 5
51 5
50 6
51 6
51 5
51 6
river 4 Thlewiaza
53 6
54 6
54 7
55 6
55 7
56 6
56 7
57 6
58 6
59 5
60 4
river 4 Canadian
-172 433
-173 434
-174 434
-174 435
-175 435
-176 436
-177 437
-178 437
river 4 Canadian
-207 435
-207 436
-208 437
-207 437
river 4 Canadian
-199 439
-199 438
-200 439
-201 439
river 4 Canadian
-202 419
-202 420
-203 421
-203 422
-203 423
-203 424
-203 425
-204 426
-204 427
-205 428
-204 428
-205 428
-206 429
-206 430
-207 431
-208 432
-207 432
-207 433
-207 434
-207 435
river 4 Canadian
-172 433
-171 433
-170 433
-169 432
-168 432
-167 431
-166 431
-165 430
-164 429
-163 429
-162 429
-161 429
-160 429
-159 429
-158 429
-157 429
-156 429
-155 429
-155 430
-154 430
-154 431
-153 431
-152 431
-151 430
-151 431
-150 430
-149 429
-149 428
-148 428
-148 429
-148 430
-148 431
-147 431
-146 431
-145 430
-144 429
-143 428
-142 428
-141 428
-141 429
-141 430
-141 431
-140 430
-140 431
-139 430
-138 429
-138 428
-137 427
-136 427
-136 428
-136 429
-136 430
-136 431
-135 431
-135 432
-135 433
-135 434
-135 435
-135 436
-134 436
-133 436
-132 436
-133 437
-132 437
-132 438
-131 438
-131 439
-130 439
-129 439
-129 440
-128 440
-127 440
-126 440
-125 440
-125 441
-125 442
-125 443
-124 443
-125 444
-124 444
-125 445
-125 446
-124 446
river 4 Canadian
-120 446
-119 446
-118 446
river 4 Canadian
-117 446
-116 446
river 4 Canadian
-113 446
-112 445
-111 445
-110 445
-109 445
-108 444
-107 443
-106 442
-105 442
-104 441
-103 441
-102 441
-101 441
-100 440
-99 440
-98 439
-97 439
-96 439
-95 439
-94 438
-93 438
-93 437
-92 437
-92 436
-91 436
river 4 Canadian
-207 437
-207 438
-207 437
-206 437
-207 438
-206 438
-206 439
-205 439
-204 439
-203 439
-202 439
-201 439
river 4 Canadian
-199 439
-198 439
-198 438
-197 438
-196 438
-195 438
-195 439
-194 439
-194 438
-193 438
-192 438
-191 437
-190 437
-189 436
-189 437
-188 436
-187 436
-186 436
-185 436
-184 436
-183 436
-182 436
-182 437
-181 437
-181 438
-180 438
-179 438
-178 437
river 4 Cheyenne
-80 272
-80 271
-81 272
-81 271
-82 272
-83 272
-84 272
-85 272
-86 273
river 4 Cheyenne
-116 292
-115 292
-114 291
-113 291
-112 290
-111 289
-110 288
-109 287
-108 287
-107 286
-106 285
-105 284
-104 283
-104 282
-103 281
-102 280
-102 279
-101 279
-100 278
-100 277
-99 277
-99 278
-98 277
-97 277
-96 276
-95 276
-94 276
-93 275
-92 275
-91 275
-90 275
-89 274
-88 274
-87 273
-86 273
river 4 Cheyenne
-140 294
-139 293
-138 293
-138 292
-137 292
-136 292
-135 292
-134 292
-134 293
-133 293
-134 294
-133 294
-134 295
-133 294
-133 295
-132 295
-131 295
-130 294
-129 294
-128 294
-128 295
-127 295
-127 296
-127 297
-126 297
-126 298
-125 297
-124 297
-123 297
-123 296
-122 296
-121 295
-120 295
-119 294
-119 295
-118 294
-117 293
-116 292
river 4 Congaree
96 437
97 437
97 438
98 438
99 438
100 438
100 439
river 4 Congaree
89 431
90 431
91 431
river 4 Congaree
91 431
91 432
91 433
91 434
92 434
93 434
93 435
94 434
94 435
95 434
96 434
95 435
96 435
96 436
97 436
96 437
river 4 Saguenay
274 143
273 144
272 144
271 144
270 144
269 144
268 144
river 4 Saguenay
266 112
265 113
265 114
265 115
264 116
264 117
264 118
263 119
263 120
262 121
262 122
262 123
261 124
262 124
261 125
261 126
260 127
261 127
260 128
260 129
259 130
259 131
258 132
258 133
258 134
258 133
259 133
259 134
258 135
258 136
258 137
258 138
258 139
259 139
260 139
260 140
260 141
260 142
261 142
262 142
262 143
263 142
264 142
264 143
264 142
265 142
265 143
266 143
266 144
267 144
river 4 Saguenay
274 143
275 143
276 143
277 143
278 143
279 143
280 143
281 143
282 142
river 4 Cooper
102 441
101 441
102 440
101 440
river 4 Cooper
100 439
101 439
river 4 Cooper
102 441
102 442
101 443
102 443
102 444
102 445
101 446
river 4 Cumberland
11 398
11 399
12 398
13 397
13 398
13 399
13 400
13 401
12 402
12 403
13 403
12 404
13 404
12 405
river 4 Cumberland
84 384
83 384
82 385
81 385
80 386
79 386
79 387
78 387
77 388
76 388
75 389
74 389
73 390
72 390
72 391
71 391
71 392
70 392
70 391
69 391
69 390
68 391
68 390
67 390
67 391
66 392
65 393
64 393
63 393
63 392
62 393
61 393
62 392
62 391
63 390
62 390
61 390
60 391
60 390
59 390
58 390
57 391
56 391
55 391
55 392
55 391
54 392
53 392
52 393
51 394
51 393
50 394
49 394
48 395
47 396
46 397
46 396
45 397
44 398
45 398
45 399
44 400
43 401
42 402
41 403
40 404
39 405
38 406
38 405
37 406
37 405
37 406
36 406
35 406
35 405
34 405
33 406
34 405
33 405
33 406
32 406
31 406
30 407
30 406
29 407
28 407
28 408
27 408
27 407
26 408
27 408
26 409
27 409
26 409
25 410
24 410
24 409
24 410
23 410
22 411
22 410
22 409
21 409
20 409
20 408
19 408
19 407
19 406
19 405
18 405
18 406
17 406
16 407
15 407
15 408
14 408
14 407
13 407
12 407
12 406
12 405
river 4 Cumberland
11 398
11 397
12 396
12 395
11 395
10 395
10 396
9 396
river 4 South Platte
-185 370
-184 369
-183 368
-182 367
-181 366
-180 365
-180 364
-179 364
-179 363
-178 363
-178 362
-177 362
-177 361
-176 360
-176 359
-175 359
-174 358
-173 357
-172 356
-171 355
-170 354
-170 353
-169 352
-169 351
-169 350
-168 350
-167 349
-166 349
-165 348
-164 348
-163 348
-163 349
-162 349
-163 350
-162 350
-161 350
-160 350
-159 350
-158 349
-158 350
-157 350
-157 351
-156 351
-155 351
-154 350
-153 350
-152 349
-151 349
-150 348
-149 347
-148 347
-147 346
-146 345
-145 344
-144 343
-143 343
-142 342
-141 342
-140 341
-139 341
-138 341
-137 340
-136 340
-135 340
-134 340
-133 339
-133 340
-132 339
-131 339
-130 338
-129 338
-128 337
-127 337
-126 337
-125 337
-124 337
-123 337
-122 337
-121 337
-120 337
-119 337
-118 336
-118 337
-117 336
-116 336
-116 337
-115 336
-114 336
-114 337
-113 337
-112 337
-112 338
-111 338
-111 339
-110 339
-109 339
river 4 Monongahela
138 326
138 325
138 324
137 324
137 323
138 323
139 322
140 321
140 320
140 319
139 319
140 318
141 317
141 316
141 315
140 316
140 315
river 4 Monongahela
130 348
130 347
131 346
131 345
132 344
133 343
134 342
134 341
133 341
133 340
133 339
132 340
132 339
132 338
133 337
134 336
134 335
134 334
133 334
133 333
133 332
134 331
134 332
134 331
135 330
135 331
136 330
135 330
136 330
136 329
137 328
137 327
138 326
river 4 Tombigbee
-6 439
-6 440
-7 441
-7 442
-8 443
-9 444
-10 445
-10 446
river 4 Kankakee
66 315
65 316
66 316
65 317
64 317
63 318
64 318
63 319
62 319
61 319
60 319
59 319
58 319
57 320
56 320
55 321
54 321
54 320
53 320
52 321
51 322
50 322
49 323
48 323
47 323
46 323
45 324
44 324
44 325
43 325
river 4 Assiniboine
-35 136
-34 136
-34 137
-33 137
-34 138
-33 138
-34 139
-33 139
-33 140
-33 141
-33 142
-33 143
-32 143
-32 144
-32 145
-32 146
-31 146
-31 147
-30 147
-29 147
-28 146
-29 147
-28 147
-29 148
-29 149
-30 150
-29 150
-30 151
-29 151
-29 152
-29 153
-30 154
-29 154
-29 155
-29 156
-29 157
-29 158
-29 159
-30 160
-30 161
-31 161
-31 162
-32 163
-32 164
-33 165
-32 165
-33 166
-33 167
-34 168
-34 169
-34 170
river 4 Assiniboine
-34 170
-34 171
-34 172
-34 173
-35 174
-34 174
-34 175
-34 176
-34 177
-33 177
-34 178
-34 179
-34 180
-35 181
-34 181
-34 182
-33 182
-32 182
-31 181
-30 181
-30 180
-29 180
-28 180
-28 181
-27 180
-27 181
-26 181
-25 181
-24 181
-25 182
-24 182
-24 183
-24 184
-24 185
-23 184
-23 185
-23 186
-22 185
-21 185
-20 184
-19 184
-18 184
-17 183
-17 184
-16 183
-16 184
-15 183
-14 182
river 4 Assiniboine
-9 179
-8 179
-7 179
-6 179
-6 178
-5 178
-4 177
-3 177
-3 178
-2 178
-2 179
-1 179
-1 180
0 180
1 180
2 180
river 4 Assiniboine
-13 182
-12 182
-11 182
-11 181
-10 180
-9 179
river 4 Assiniboine
-14 182
-14 183
-13 182
river 4 James
-45 223
-45 222
-45 221
-44 220
-44 219
-43 219
-43 220
-42 219
-42 220
-41 219
-41 220
-40 220
-39 219
-38 218
-38 219
-38 220
-37 219
-37 220
-36 220
-36 221
-36 222
-35 222
-34 222
-35 223
-35 224
-36 225
-37 226
-37 227
-38 228
-38 229
-38 230
-38 231
-38 232
-39 233
-39 234
-38 234
-38 235
-39 236
-39 237
-40 238
-40 239
-40 240
-39 240
-40 241
-39 241
-40 242
-39 242
-39 243
-40 243
-39 243
-40 244
-39 244
-40 245
-40 246
-39 246
-39 247
-40 248
-40 249
-41 249
-41 250
-42 251
-43 252
-43 253
-44 253
-44 254
-45 254
-45 255
-46 256
-46 257
-46 258
-47 259
-47 260
-48 260
-48 261
-49 262
-50 263
-51 264
-51 265
-52 266
-53 267
-53 268
-54 269
-53 269
-53 270
-53 271
-53 272
-54 273
-54 274
-54 275
-54 276
-54 277
-54 278
-55 278
-55 279
-56 279
-56 280
-56 281
-56 282
-57 283
-56 283
-57 284
-57 285
-58 286
-57 286
-57 287
-58 288
-58 289
-59 290
-58 290
-59 291
-58 291
-59 292
-58 292
-58 293
-58 294
-59 295
-59 296
-58 296
-58 297
-58 298
-59 299
-59 300
-58 300
-58 301
-58 302
-57 302
-58 303
-57 303
-58 304
-58 305
river 4 Grand
96 297
95 297
94 297
93 297
94 296
94 295
94 294
93 294
92 294
93 293
92 293
92 292
93 291
93 290
94 289
94 288
93 288
92 289
92 288
91 288
90 288
91 287
91 286
92 285
91 285
90 285
89 286
88 286
87 287
86 287
85 287
84 287
84 286
84 285
83 285
83 286
82 287
81 288
80 288
79 288
80 287
79 287
78 287
77 287
76 287
76 286
75 287
river 4 New
98 392
99 391
100 390
101 389
101 388
102 387
103 386
103 387
104 387
105 386
106 385
107 385
107 384
108 383
108 382
108 381
109 381
110 380
111 379
112 378
113 377
114 376
115 375
116 374
115 374
116 374
115 374
115 373
115 372
114 372
113 372
113 371
112 371
113 370
113 369
113 368
113 367
114 366
114 365
114 364
113 364
112 364
113 363
113 362
112 362
113 362
114 361
113 361
114 360
113 361
113 360
113 359
112 359
river 4 Marais des Cygnes
-79 378
-79 379
-78 379
-79 380
-78 380
-78 381
-78 382
-77 382
-77 383
-76 382
-75 382
-74 382
-73 382
-72 381
-71 380
-71 381
-70 380
-69 380
-68 380
-67 380
-67 381
-66 380
-67 381
-66 381
-66 382
-65 381
-65 382
-64 382
-64 383
-65 384
-64 384
-65 385
-64 385
-64 386
-64 387
-63 386
-62 386
-62 387
-61 387
-61 388
-60 388
-60 389
river 4 Des Moines
-31 281
-30 280
-30 281
-29 281
-29 282
-29 283
-29 284
-28 284
-29 285
-28 285
-28 286
-28 287
-27 286
-26 286
-25 285
-25 286
-24 286
-25 287
-25 288
-25 289
-25 290
-25 291
-25 292
-25 293
-25 294
-25 295
-25 296
-25 297
-26 298
-25 298
-26 299
-26 300
-25 300
-25 301
-25 302
-25 303
-24 303
-25 304
-25 305
-24 305
-23 305
-23 306
-23 307
-24 307
-24 308
-24 309
-25 310
-24 310
-24 311
-24 312
-23 312
-23 313
-24 314
-24 315
-25 316
-24 316
-25 317
-25 318
-25 319
-25 320
-26 321
-25 321
-25 322
-25 323
-25 324
-25 325
-24 325
-24 326
-23 326
-23 327
-22 327
-21 327
-20 327
-20 328
-19 328
-20 329
-19 328
-19 329
-18 329
-18 330
-17 330
-17 331
-16 331
-16 332
-16 333
-15 333
-15 334
-14 334
-14 335
-13 335
-13 336
-12 336
-12 337
-11 337
-11 338
-11 339
-10 338
-10 339
-9 339
-9 340
-9 341
-9 342
-8 341
-8 342
-8 343
-8 344
-7 344
river 4 Namekagon
39 240
39 239
38 240
37 240
36 241
35 242
34 243
34 244
33 244
32 245
32 244
31 245
30 246
29 246
28 246
28 245
28 244
27 244
27 243
26 243
river 4 St. Croix
16 256
16 255
16 254
16 253
15 253
14 253
15 252
15 251
16 251
16 250
17 250
18 249
17 249
18 248
19 247
20 247
21 246
22 245
22 246
23 245
24 245
24 244
25 244
26 243
27 243
27 242
28 241
29 241
30 240
31 240
32 240
33 240
34 239
35 239
36 238
river 4 St. Croix
9 268
10 267
10 266
11 265
11 264
12 263
11 263
12 262
13 261
13 260
13 259
14 258
15 257
16 256
river 4 Ekwan
126 123
127 122
126 122
127 121
127 122
128 121
128 120
129 119
129 118
130 117
131 116
131 115
132 115
132 114
132 113
133 112
133 111
134 110
135 109
136 108
137 108
137 107
138 106
138 105
139 104
140 103
140 102
141 101
142 101
143 100
144 100
144 99
145 98
146 97
147 97
148 96
148 97
149 96
150 96
150 95
151 95
152 95
153 95
154 94
155 93
155 94
156 93
155 94
156 94
156 95
156 96
157 96
156 97
157 97
157 98
158 97
159 97
160 97
161 97
162 97
163 97
164 97
165 97
166 97
167 96
168 96
169 96
170 96
171 96
172 96
173 96
174 96
174 97
175 97
175 98
176 97
176 98
177 97
177 98
178 98
river 4 Black
-40 428
-41 428
-40 427
-40 426
-39 426
-39 425
-38 425
-38 424
-37 424
-38 424
-37 423
-36 422
-35 421
-35 420
-34 419
-33 419
-33 418
-32 418
-32 417
-31 417
-30 417
-29 416
-28 416
-27 415
-26 414
-25 414
-24 413
-23 412
-22 411
-21 411
-21 410
-20 409
-19 408
-20 408
-19 407
-20 407
-19 406
-20 406
-20 405
-20 404
-21 404
-20 403
-21 404
-21 403
-21 402
-22 402
-22 401
-22 400
-22 399
-21 398
-21 397
-21 396
-21 395
-21 394
-22 394
-21 393
-22 393
-21 392
-22 392
-21 391
river 4 Scioto
90 324
90 325
91 325
91 324
92 323
93 322
93 323
94 323
95 323
96 323
97 323
96 324
97 323
98 323
99 323
99 324
98 325
98 326
98 327
98 328
98 329
97 330
98 330
97 331
97 332
97 333
98 333
98 334
97 335
97 336
97 337
96 338
97 338
97 339
96 340
95 341
96 341
95 342
95 343
95 344
95 345
96 345
96 346
95 347
94 348
93 348
92 349
92 350
92 351
92 352
92 353
91 354
91 355
river 4 Broad
79 414
80 413
81 413
82 412
83 412
84 411
84 412
85 412
85 413
86 413
87 413
88 412
88 413
89 412
89 413
90 413
90 414
90 415
91 415
90 416
90 417
90 418
89 419
90 419
89 420
89 421
89 422
89 423
89 424
88 425
88 426
89 426
88 427
89 427
88 428
89 428
89 429
90 429
91 429
90 430
91 430
91 431
river 4 Cowpasture
138 349
137 350
136 351
135 352
134 353
133 354
133 355
132 356
132 357
river 4 Cowpasture
132 357
131 357
131 358
130 359
131 359
130 360
129 361
128 362
129 362
128 363
128 364
129 364
129 365
130 364
131 364
131 363
132 363
133 362
133 363
134 363
134 364
135 364
136 364
136 365
137 365
138 364
139 363
140 362
141 362
141 361
141 360
142 360
143 359
144 358
144 359
144 358
145 357
146 357
147 356
147 357
148 356
148 357
149 357
150 357
150 356
151 356
152 356
152 357
153 357
154 356
155 356
155 357
156 356
156 357
157 356
157 357
158 357
159 356
159 357
160 356
160 357
160 358
160 359
161 359
162 359
river 4 W. Branch Susquehanna
157 308
157 307
157 306
158 305
157 305
158 304
158 303
159 303
160 302
161 302
162 301
162 300
163 300
164 299
165 298
166 298
167 298
168 297
169 296
170 295
171 294
171 293
172 293
173 292
174 291
175 291
175 292
175 293
176 293
177 293
177 294
178 293
179 292
180 292
181 291
182 290
182 291
183 290
184 290
185 290
185 291
184 291
184 292
184 293
184 294
183 295
184 295
184 296
river 4 Delaware
219 260
218 261
217 262
216 262
216 263
215 263
214 264
213 265
213 266
212 266
212 267
211 267
210 268
209 268
208 269
207 269
207 270
207 271
208 270
208 271
209 271
208 272
209 272
210 272
210 273
211 273
210 274
210 275
210 276
210 277
210 278
211 278
212 278
213 278
213 279
212 280
211 281
211 282
210 283
209 284
208 285
209 285
208 285
208 286
207 286
207 287
206 287
206 288
207 288
207 289
206 290
205 291
204 292
204 293
204 294
204 295
205 294
205 295
205 296
205 297
206 296
206 297
206 298
207 298
207 299
208 299
208 300
207 301
206 301
206 302
205 302
204 303
river 4 Merrimack
265 217
264 218
263 218
263 219
262 220
261 221
262 221
261 222
262 222
261 223
261 224
261 225
261 226
261 227
260 227
260 228
260 229
261 229
260 230
260 231
261 231
261 232
261 233
261 234
262 234
261 235
262 235
261 236
261 237
261 238
260 239
261 239
261 240
261 241
261 242
262 242
263 241
264 240
265 239
266 238
267 237
268 236
268 237
river 4 Mohawk
212 246
212 247
213 247
212 248
212 249
211 250
212 250
213 250
213 251
214 251
215 251
216 251
217 251
218 250
218 251
219 250
219 251
220 250
220 251
221 251
221 252
222 251
223 251
224 250
225 250
226 249
226 250
227 249
227 250
228 250
228 251
229 250
230 250
230 251
231 250
232 250
river 4 Grand
154 254
155 254
154 255
154 256
153 257
152 258
152 259
151 260
150 260
150 261
149 262
150 262
149 262
149 263
150 263
150 264
149 265
150 265
151 265
150 266
150 267
149 268
149 269
150 269
151 269
152 269
153 269
154 269
154 270
154 271
155 271
156 271
157 270
157 271
158 271
river 4 Kentucky
81 383
81 382
80 382
80 381
79 381
78 381
78 380
78 379
78 378
79 378
79 377
79 376
78 376
78 375
77 376
77 375
76 376
75 377
74 377
73 377
74 376
73 376
72 376
71 376
72 375
71 375
71 374
71 373
70 373
69 373
68 373
67 374
66 374
66 375
65 376
64 376
64 377
64 376
63 376
62 376
63 375
62 375
62 374
62 375
62 374
62 373
62 372
63 371
62 371
63 370
63 369
63 368
64 367
64 366
64 365
63 365
63 364
63 363
62 363
62 362
62 361
river 4 White
-51 417
-52 418
-51 418
-52 419
-51 418
-51 419
-52 420
-51 420
river 4 White
-51 420
-50 420
-50 419
-49 419
-49 420
-49 421
-48 421
-48 422
-47 422
-48 422
-48 423
-49 424
-48 424
-47 424
-46 424
-46 425
-46 426
-47 426
-46 426
-47 427
-46 427
-45 427
-44 426
-44 427
-43 427
-43 428
-42 428
-41 428
river 4 White
-73 427
-73 426
-73 425
-73 424
-73 423
-73 424
-72 423
-73 423
-72 422
-71 421
-72 421
-71 420
-71 419
-70 419
-69 418
-69 419
-68 418
-69 418
-68 418
-68 417
-67 417
-66 416
-65 415
-64 414
-64 415
-64 414
-63 414
-62 414
-63 414
-62 414
-61 413
-62 414
-61 414
-60 414
-59 414
-58 413
-57 412
-56 412
-57 412
-57 413
-56 412
-56 413
-57 414
-56 414
-57 415
-56 415
-56 416
-56 415
-55 415
-54 415
-54 416
-53 415
-52 415
-53 416
-52 415
-51 415
-52 416
-51 416
-51 417
-52 417
-51 417
river 4 White
-40 428
-41 429
-40 429
-41 430
-42 431
-43 432
-43 433
-44 433
-44 434
-44 435
-45 436
-46 437
-46 438
-47 439
-47 440
-48 441
-47 441
-48 442
-48 443
-48 444
-48 445
-47 445
-48 446
river 4 Kaskaskia
30 343
30 344
29 345
29 346
28 347
28 348
28 349
27 350
27 351
26 352
27 351
27 352
26 352
26 353
25 353
24 354
24 353
23 354
22 354
21 355
21 356
20 356
20 357
19 358
18 358
19 358
18 359
18 360
17 361
16 362
15 362
15 363
14 363
13 364
13 365
12 366
11 367
10 368
9 369
9 370
8 371
7 372
6 373
6 374
5 374
4 375
3 375
2 375
1 376
0 376
-1 377
-1 378
-2 378
-3 379
-3 380
-3 381
-4 382
-5 383
-5 384
-6 385
river 4 Cedar
-5 290
-4 290
-4 291
-4 292
-3 292
-3 293
-3 294
-2 294
-3 295
-2 295
-3 296
-2 296
-3 297
-2 297
-2 298
-2 299
-1 299
-1 300
-2 301
-2 302
-2 303
-2 304
-3 305
-3 306
-4 307
-3 307
-2 307
-2 308
-2 309
-2 310
-1 310
-1 311
0 311
-1 312
-1 313
0 313
1 312
1 313
2 313
1 314
2 313
2 314
1 314
2 314
1 315
1 316
2 315
2 316
2 317
3 316
3 317
4 317
4 318
4 319
5 318
5 319
5 320
6 320
6 321
5 322
6 322
5 323
4 324
3 325
2 326
1 327
1 328
1 329
2 329
2 330
2 331
3 330
4 329
river 4 S. Fork Republican
-147 364
-146 364
-145 363
-144 363
-143 363
-142 363
-141 362
-140 362
-139 361
-138 361
-137 360
-136 359
-135 358
-134 357
-133 357
-132 356
-131 355
-130 355
-129 354
-128 354
-127 354
-126 354
-125 353
-125 354
-124 353
-123 353
-122 353
river 4 Tuscarawas
125 311
125 310
124 310
123 310
122 310
122 311
121 312
122 312
121 313
122 313
122 314
122 315
122 316
122 317
122 318
121 319
122 319
121 320
122 320
121 321
120 322
119 323
118 324
118 323
117 323
116 324
116 323
115 324
river 4 Illinois
43 325
42 325
43 324
42 324
42 323
41 323
40 323
41 322
40 322
40 321
39 321
38 321
37 322
36 322
35 323
34 323
33 323
32 323
31 323
30 323
29 324
29 323
28 324
27 324
26 324
25 325
25 326
25 327
24 328
23 329
22 330
21 331
21 332
20 332
20 333
19 334
19 335
18 336
17 337
16 338
15 338
14 339
13 340
12 341
11 342
10 342
10 343
9 344
8 345
7 345
7 346
6 346
5 347
4 347
4 348
3 348
3 349
2 349
2 350
1 350
1 351
0 352
-1 353
-1 354
-2 355
-2 356
-2 357
-2 358
-3 359
-4 360
-4 361
-5 362
-4 362
-5 363
-5 364
-6 365
-6 366
-6 367
-6 368
-5 368
river 4 Richelieu
245 209
246 208
246 207
246 206
247 205
246 205
246 204
247 203
247 202
247 201
248 200
248 199
248 198
249 197
249 196
250 195
249 195
250 194
250 193
250 192
river 4 Kanawha
112 359
111 360
111 359
110 359
109 359
108 359
108 358
108 357
107 357
106 357
105 357
105 356
106 355
105 355
105 354
104 355
104 354
104 353
105 352
105 351
104 351
104 350
103 350
river 4 Osage
-60 389
-59 389
-58 389
-58 390
-57 389
-57 390
-56 389
-56 390
-55 389
-54 389
-53 388
-52 388
-51 387
-52 387
-51 386
-50 386
-50 385
-50 386
-49 385
-49 386
-49 385
-49 386
-48 386
-48 385
-49 385
-48 384
-48 385
-47 384
-46 384
-45 384
-45 385
-44 384
-43 384
-43 385
-42 384
-42 385
-43 385
-43 386
-42 385
-42 386
-41 385
-41 386
-41 387
-40 386
-39 385
-40 385
-39 384
-38 384
-38 385
-38 384
-37 384
-37 385
-37 384
-36 384
-35 383
-34 383
-33 382
-32 381
-32 380
-31 380
-31 381
-30 380
-31 380
-30 379
-29 379
-28 378
-28 377
river 4 Fox
64 264
63 265
62 266
62 267
61 267
61 268
60 269
59 269
58 270
57 270
56 271
river 4 Cree
-7 38
-7 37
-6 36
-6 35
-5 35
-4 34
-4 33
-3 33
-2 32
-1 32
0 31
1 30
1 29
2 28
3 27
4 26
5 25
5 24
6 23
7 22
7 21
8 20
9 19
10 19
11 19
12 18
13 18
14 17
15 16
river 4 French
168 216
167 216
166 217
165 217
164 218
163 218
162 218
161 218
161 219
160 220
159 220
158 220
157 221
156 221
156 222
river 4 Gods
72 89
73 88
73 87
74 87
75 86
76 85
76 86
77 85
78 84
79 83
80 82
81 81
82 81
83 80
84 80
85 80
86 80
87 79
87 80
88 79
89 79
90 79
91 79
92 78
93 77
94 76
95 76
95 75
96 74
96 73
96 72
97 71
97 70
98 69
98 68
97 68
98 67
97 67
97 66
96 66
97 65
96 65
97 64
96 64
95 64
95 63
95 62
95 61
river 4 Exploits
450 59
451 58
452 57
453 56
454 55
455 54
455 53
456 52
457 52
458 51
458 52
459 51
460 50
461 50
461 49
462 49
462 48
463 47
river 4 St. Marys
376 152
377 152
378 151
379 151
380 150
381 150
382 150
383 149
384 149
385 149
385 150
385 151
386 151
river 4 Muskingum
115 324
114 325
114 326
113 327
112 327
112 328
112 329
111 330
111 331
112 331
112 332
111 333
111 334
111 335
112 335
112 336
112 337
113 336
114 336
115 336
116 336
115 337
115 338
river 4 Gatineau
219 191
219 192
219 193
219 194
219 195
218 195
218 196
218 197
217 198
218 198
217 199
217 200
217 201
216 202
215 203
215 204
216 203
215 204
215 205
216 205
216 206
216 207
215 208
216 208
215 209
215 210
216 210
215 211
216 211
216 212
217 212
river 4 St.-Maurice
247 156
247 157
248 156
248 157
249 157
249 158
249 159
249 160
248 161
249 161
248 162
248 163
249 163
250 163
251 162
251 163
252 162
253 162
253 163
254 163
254 164
255 163
256 162
257 161
258 161
258 162
259 162
258 163
258 164
258 165
259 165
259 166
259 167
258 168
259 168
258 169
258 170
257 171
257 172
256 173
256 174
256 175
256 176
256 177
257 177
257 178
257 179
257 180
258 180
257 181
256 182
256 183
256 184
257 184
258 184
259 184
river 4 Kansas
-84 372
-84 373
-83 372
-82 372
-81 371
-80 371
-79 370
-78 370
-77 370
-76 370
-75 370
-74 370
-74 371
-73 371
-73 372
-72 371
-72 372
-71 372
-70 372
-69 371
-69 372
-68 372
-67 372
-66 372
-65 372
-65 373
-64 373
-64 374
-63 373
-62 373
-61 373
-60 372
-59 372
-58 371
-57 371
-56 370
river 4 Republican
-122 353
-121 353
-120 353
-119 353
-118 353
-117 353
-116 352
-115 352
-114 352
-113 351
-113 352
-112 351
-112 352
-111 351
-111 352
-110 351
-110 352
-109 352
-108 352
-108 353
-107 353
-107 354
-107 355
-106 355
-105 355
-105 356
-104 355
-104 356
-103 355
-103 356
-102 355
-101 355
-100 355
-99 355
-98 355
-97 355
-97 356
-96 355
-96 356
-95 355
-95 356
-94 355
-94 356
-93 355
-93 356
-92 356
-91 356
-90 356
-90 357
-89 357
-90 358
-89 358
-90 359
-90 360
-90 361
-91 362
-90 362
-91 363
-90 363
-91 364
-90 364
-89 364
-88 364
-87 364
-86 364
-86 365
-85 365
-86 366
-86 367
-85 367
-85 368
-85 369
-84 369
-85 370
-84 370
-85 371
-84 371
-85 372
-84 372
river 4 Hayes
95 61
96 60
96 59
97 59
98 58
98 57
99 56
99 55
99 54
100 53
100 52
101 52
101 51
102 51
river 4 Santee
111 440
110 440
110 439
109 439
108 439
107 439
106 439
106 438
105 438
105 437
104 437
104 436
103 437
103 436
102 437
101 437
101 438
river 3 Miramichi
325 151
324 152
324 153
324 154
323 155
324 155
324 156
325 156
326 156
327 155
327 154
328 154
329 153
330 152
331 152
331 153
332 153
332 154
333 153
334 152
335 151
336 150
337 150
338 149
339 148
340 147
341 146
340 146
340 145
341 145
341 144
342 143
343 142
343 141
344 140
345 139
346 138
river 3 Harricana
208 167
208 168
207 169
206 170
206 171
205 171
204 172
203 173
202 173
201 173
202 172
201 172
201 171
201 170
201 169
201 168
201 167
202 167
202 166
203 166
203 165
203 164
204 163
203 163
203 162
202 162
203 161
202 161
203 160
204 159
203 159
204 158
204 157
205 156
204 156
204 155
204 154
203 154
204 153
203 153
203 152
202 152
202 151
201 152
201 151
201 150
201 149
201 148
201 147
201 146
200 147
200 146
199 146
199 145
198 145
199 144
199 143
199 142
199 141
199 140
199 139
199 138
199 137
199 136
199 135
198 135
198 134
197 134
river 3 Kennebec
291 184
290 185
289 186
288 187
288 188
287 189
287 190
286 191
286 192
286 193
287 193
286 194
287 194
287 195
287 196
287 197
287 198
286 199
287 199
288 199
288 198
289 198
289 199
290 199
290 200
289 201
289 202
288 203
287 204
288 204
287 205
286 206
286 207
287 207
286 208
286 209
286 210
river 3 Missinaibi
141 184
142 184
142 183
142 182
142 181
143 180
142 181
142 180
142 179
143 178
144 177
144 176
145 176
145 175
145 174
145 173
145 172
145 171
146 170
145 170
146 169
145 169
146 168
145 168
146 167
147 167
147 166
148 165
148 164
149 164
149 163
149 162
150 161
150 160
151 159
151 158
151 157
152 156
151 156
152 155
153 154
154 154
155 153
156 152
157 152
158 151
159 150
160 149
161 148
162 148
163 147
164 147
164 146
165 146
165 145
166 144
167 144
168 143
169 142
170 141
171 141
172 140
173 140
174 140
river 2 Seal
76 18
75 19
74 19
73 20
river 2 Batten Kill
234 244
235 244
236 244
237 243
237 244
238 243
239 243
240 243
240 242
river 2 West Branch Ausable
235 225
234 226
234 227
river 2 Passaic
216 287
215 288
215 289
214 289
214 290
213 290
213 289
212 289
river 2 Lehigh
204 283
204 284
203 284
202 285
201 286
200 287
199 287
199 288
river 2 Great Egg Harbor
204 307
203 308
204 308
203 309
204 309
204 310
river 2 East Branch Sacandaga
228 240
229 239
229 238
229 237
river 2 Slab
16 445
17 444
18 443
19 443
20 443
river 2 Duck
30 417
30 418
30 419
30 420
29 420
29 421
28 421
27 421
26 421
river 2 Green
61 382
60 382
60 383
59 383
59 384
58 384
57 385
river 2 Elk
125 351
126 350
127 350
128 349
128 350
128 351
river 2 Shavers Fork
132 347
131 348
131 349
130 349
130 350
130 351
river 2 Sandusky
102 319
103 318
104 318
105 317
105 318
106 318
107 317
river 2 Black Fk.  Mohican
108 317
108 316
108 315
109 315
110 315
110 316
111 316
111 317
river 2 Cuyahoga
126 310
127 309
126 309
127 308
127 307
126 307
125 308
125 307
124 308
123 308
124 307
river 2 Aroostook
306 165
305 166
304 167
303 168
302 169
302 168
301 169
300 169
river 2 S.  Br.  Penobscot
285 181
286 181
286 182
287 182
288 181
289 180
river 2 Blackstone
255 249
255 250
255 251
256 251
256 252
256 253
256 254
257 253
river 2 Winooski
252 223
253 222
252 222
253 221
252 221
251 221
river 2 Winooski
251 221
251 220
250 220
249 220
249 219
248 220
248 219
247 220
247 219
246 220
246 219
246 218
245 219
244 219
244 218
243 219
river 2 Housatonic
234 258
235 257
236 257
236 256
236 255
236 254
237 253
237 252
237 251
river 2 Genesee
174 278
174 279
175 279
175 280
175 281
176 281
175 282
river 2 Schuylkill
193 295
192 296
191 297
191 298
192 297
191 298
192 298
193 298
193 299
193 300
193 301
river 2 Little Juniata
161 308
162 307
163 306
164 305
165 305
river 2 Raystown Br.  Juniata
153 320
153 319
154 319
155 318
156 318
157 317
157 318
158 317
159 317
160 317
160 316
161 315
river 2 North Branch Potomac
140 335
141 335
141 334
142 334
142 333
143 333
144 332
145 331
river 2 South
143 353
142 353
141 354
140 354
139 355
138 355
river 2 Rapidan
154 346
153 347
152 347
151 347
151 346
152 345
151 345
152 344
151 344
river 2 Eno
129 386
129 387
129 388
129 389
130 388
131 388
river 2 Lynches
102 415
103 415
102 416
103 416
103 417
103 418
104 418
103 419
river 2 Catawba
90 403
90 404
91 403
92 403
93 402
94 402
river 2 Ogeechee
60 445
61 445
61 446
62 446
river 2 Little Tallahatchie
-17 444
-16 443
-15 443
-15 442
-15 441
-14 441
river 2 White
74 335
75 334
74 334
73 335
72 335
71 335
river 2 Sangamon
28 338
28 339
29 338
30 338
30 339
31 339
32 339
32 340
31 340
river 2 St. Joseph
81 303
81 302
82 302
83 301
84 300
85 299
85 300
86 299
river 2 Tittabawassee
104 266
105 265
105 264
106 263
106 262
river 2 Rock
51 285
52 285
52 284
53 283
52 283
51 284
50 284
49 284
49 285
49 286
river 2 Fox
48 277
47 278
46 278
46 279
45 279
45 278
44 278
44 277
river 2 Brule
63 239
63 240
64 240
64 239
65 239
66 239
66 240
67 239
68 239
river 2 St. Francis
-15 393
-15 392
-14 391
-13 390
-13 389
-14 389
-15 389
-15 390
-16 390
-17 391
river 2 W.  Br.  Iowa
-14 296
-13 296
-14 297
-14 298
-15 299
-15 300
-15 301
-15 302
river 2 Wapsipinicon
1 290
1 291
2 291
1 292
2 292
1 293
1 294
1 295
0 296
1 296
river 2 North Racoon
-31 303
-31 304
-32 304
-33 305
-33 306
-33 307
river 2 Boyer
-37 312
-36 311
-37 311
-36 310
-37 310
-36 309
-37 309
-36 308
river 2 Saint Louis
42 217
41 217
41 218
40 218
39 219
39 218
38 219
37 219
river 2 Sheyenne
-50 219
-50 220
-49 219
-48 219
-48 220
-47 220
-47 221
-46 220
-45 219
-44 218
river 2 Canadian
-203 409
-202 409
-201 409
-201 410
-200 410
-199 410
river 2 Canadian
-198 410
-198 411
-197 411
-197 412
-198 413
-199 414
-200 415
-200 416
-201 416
-201 417
-202 418
-202 419
river 2 Washita
-153 433
-154 433
-155 434
-155 433
-156 433
-157 433
-158 434
-158 433
-159 433
-160 434
river 2 Cimarron
-179 411
-180 411
-180 410
-181 410
-182 410
-183 411
-183 410
-184 410
-185 411
-185 410
-186 411
-187 411
-188 411
-189 411
-190 411
-190 412
-191 412
-192 412
-192 411
-193 411
river 2 Big Sandy
-169 371
-169 370
-170 371
-171 371
-172 371
-173 372
-174 372
-175 372
river 2 S. Fork Republican
-155 368
-154 368
-153 367
-152 367
-151 367
-150 366
-149 365
-148 365
-147 364
river 2 Smoky Hill
-136 379
-136 378
-137 378
-137 377
-138 377
-139 377
-139 376
-140 376
river 2 Little Blue
-98 350
-98 351
-97 351
-97 352
-96 352
-95 351
-94 350
-93 350
river 2 North Loup
-106 314
-107 314
-108 314
-109 314
-110 315
-111 315
-112 315
-113 315
river 2 Lodgepole
-155 333
-156 333
-156 332
-157 332
-158 332
-158 331
-159 331
-160 331
river 2 Niobrara
-136 308
-136 309
-136 310
-136 311
-136 312
-136 313
-135 313
-134 312
river 2 White
-127 307
-128 307
-129 308
-130 309
-131 309
-132 310
-132 309
-133 309
-133 308
-134 308
river 2 Belle Fourche
-138 284
-139 284
-140 285
-141 285
-142 286
-143 287
-143 288
-144 289
river 2 Moreau
-93 264
-94 264
-95 264
-96 265
-96 264
-97 265
-97 264
-98 265
-98 264
-99 265
-99 264
river 2 Heart
-79 236
-80 236
-80 235
-80 234
-81 234
-82 234
-83 234
-84 234
river 2 Little Missouri
-122 268
-123 269
-124 269
-125 270
-126 270
-127 271
-128 271
-128 272
-129 273
-128 273
-129 274
river 2 Souris
-65 178
-65 177
-66 177
-67 178
-67 179
-67 180
-67 181
-67 182
river 2 Chaudière
276 191
276 192
276 193
276 194
275 194
275 195
river 2 Annapolis
350 170
350 169
349 169
348 170
347 171
river 2 Upper Humber
442 50
442 49
441 50
441 51
441 50
440 51
440 50
439 50
438 50
438 49
437 50
river 2 Mistassibi Nord-Est
279 103
280 103
280 104
280 105
280 106
281 106
280 107
281 107
280 108
280 109
river 2 Manouane
294 86
295 86
294 87
294 88
294 89
293 90
292 91
292 92
291 93
292 92
293 92
292 93
river 2 Little Mecatina
373 33
373 34
374 33
374 34
375 34
375 35
376 35
376 36
river 2 
419 11
418 12
417 12
416 13
415 13
414 14
414 13
413 14
river 2 Sakami
285 66
285 67
286 66
287 65
287 66
288 65
288 66
289 65
290 64
291 64
291 63
river 2 Opinaca
255 83
256 83
256 82
257 82
258 82
259 81
260 81
261 80
262 80
262 79
river 2 
263 59
262 59
261 60
260 60
259 60
258 61
river 2 
244 59
244 60
245 59
245 60
246 59
247 59
248 58
249 58
river 2 Denys
254 52
255 52
256 52
257 52
258 51
259 51
259 52
260 52
river 2 Swampy Bay
339 14
339 15
339 16
340 16
340 17
340 18
341 18
river 2 Murdoch
342 5
343 5
342 6
343 6
343 7
344 7
344 8
344 9
river 2 Wheeler
343 2
343 3
344 2
344 3
345 3
346 2
river 2 L'Assomption
239 190
239 189
240 189
241 189
242 189
242 190
243 190
243 191
river 2 Bazin
237 169
238 168
238 167
237 167
238 166
239 166
240 165
240 164
241 163
river 2 Ottawa
222 175
223 175
224 175
223 176
224 176
225 176
225 175
river 2 Rivière du Lièvre
236 175
235 176
235 177
234 178
234 179
233 180
232 181
231 182
river 2 Sturgeon
165 195
165 196
164 197
163 198
163 199
164 199
164 200
river 2 Mississagi
143 209
143 208
144 207
144 206
144 205
143 206
143 205
143 204
river 2 Mattagami
153 193
152 194
152 195
152 196
153 196
153 195
154 194
155 193
156 192
156 193
155 194
156 194
157 193
158 192
159 191
158 191
158 190
river 2 Kapuskasing
135 197
136 196
137 196
138 195
139 194
139 193
140 192
141 191
141 190
142 190
142 189
142 188
river 2 Kabinakagami
127 185
127 186
126 186
126 185
127 185
127 184
128 184
128 183
129 182
130 181
131 181
river 2 Pic
116 175
116 174
115 175
115 174
115 173
116 172
116 171
115 171
river 2 Kapiskau
136 127
137 126
137 125
138 125
138 124
139 123
138 123
139 122
140 122
140 123
141 123
141 124
141 125
142 125
river 2 Kawinogans
76 150
76 151
77 150
78 149
79 149
80 148
81 147
82 147
river 2 Winisk
78 135
77 135
77 134
76 135
75 135
74 136
73 136
river 2 Dog
73 187
73 186
72 186
73 185
72 185
71 185
71 186
river 2 Wabigoon
54 183
53 183
54 182
53 182
53 181
53 180
52 181
51 182
51 181
50 182
river 2 Bloodvein
38 153
38 154
39 153
39 154
39 155
40 155
41 155
river 2 Berens
61 148
62 148
62 147
63 146
62 146
62 145
62 144
61 144
60 144
river 2 Sachigo
77 110
78 109
79 108
79 109
80 109
80 108
81 108
81 107
82 107
river 2 Red Deer
-40 137
-39 137
-40 138
-40 139
-40 140
-39 140
-39 141
-38 141
-37 141
river 2 Carrot
-40 122
-41 122
-42 122
-43 123
-43 122
-44 123
-45 124
-46 125
-46 124
-47 125
river 2 Batten Kill
240 242
241 242
241 241
242 240
242 239
river 2 Ausable
241 219
241 220
240 220
239 221
238 222
237 222
river 2 West Branch Ausable
237 222
237 223
236 223
236 224
235 224
235 225
river 2 Passaic
219 287
218 287
219 286
219 285
219 284
218 285
217 285
216 286
216 287
river 2 Lehigh
199 288
198 288
198 289
199 289
198 290
199 290
198 291
197 292
198 292
198 293
199 293
199 294
200 293
200 294
200 295
201 295
202 294
203 294
203 293
204 293
river 2 Great Egg Harbor
204 310
205 310
205 311
205 312
206 312
205 313
205 314
206 314
river 2 Sacandaga
227 245
227 244
227 243
226 243
227 242
227 241
river 2 East Branch Sacandaga
227 241
228 240
river 2 Saint Louis
12 225
13 225
14 225
15 225
16 224
river 2 Locust Fk.  of the Black Warrior
15 446
16 445
river 2 Duck
26 421
25 422
25 421
24 422
24 421
23 421
24 420
23 421
23 420
22 421
23 420
22 420
21 420
20 420
19 420
20 420
19 421
18 421
18 420
17 420
17 419
16 419
15 420
14 420
15 419
15 418
14 418
13 418
12 419
12 418
11 418
10 418
9 418
10 417
10 416
9 416
9 415
8 416
7 417
river 2 
26 410
27 409
river 2 Nolichucky
72 402
73 401
74 400
74 401
75 401
76 401
77 401
78 401
79 400
80 399
81 398
82 398
81 399
82 399
83 398
84 397
84 398
83 399
84 399
84 400
85 399
84 400
85 400
86 400
86 401
87 401
river 2 French Broad
72 403
72 402
73 402
73 403
73 404
74 404
75 404
76 403
76 404
77 404
78 404
77 405
78 405
78 406
78 407
79 407
78 408
79 407
78 408
79 408
79 409
78 409
78 410
78 411
78 412
77 413
77 414
76 414
river 2 French Broad
67 405
66 406
66 405
65 406
65 405
65 406
64 406
63 406
river 2 Green
51 387
50 388
49 388
50 387
49 387
49 388
48 388
48 387
47 388
47 387
46 388
47 387
46 387
45 388
44 388
43 389
42 389
41 390
41 389
40 390
39 391
39 390
38 390
38 391
37 391
36 391
35 392
35 391
34 392
34 391
33 392
33 391
32 391
33 390
32 390
32 389
31 390
32 390
32 391
31 391
30 391
30 392
29 392
30 391
29 391
29 390
29 389
28 390
27 390
28 389
29 388
28 388
28 387
27 387
26 387
26 386
25 386
24 386
25 385
26 385
26 384
27 384
28 383
28 382
27 382
27 381
27 380
26 381
river 2 Green
57 385
56 385
56 386
55 387
54 388
54 387
53 388
52 388
river 2 Elk
107 357
108 356
109 356
110 355
111 354
112 354
113 354
113 353
114 353
113 354
114 354
115 354
115 353
116 352
117 352
117 351
118 351
119 350
120 349
121 349
122 348
122 349
123 348
123 349
124 349
124 350
123 351
124 351
125 351
river 2 Cheat
137 327
138 327
138 328
138 329
139 329
139 330
140 330
140 331
139 331
139 332
138 333
139 333
138 334
139 334
138 335
137 336
137 337
138 337
137 338
river 2 Shavers Fork
137 338
136 339
136 340
135 341
136 341
135 342
135 343
134 344
133 345
133 346
132 346
132 347
river 2 Walhonding
115 324
114 324
river 2 Mohican
111 317
111 318
111 319
112 319
111 320
112 320
112 321
111 322
111 323
112 323
111 324
112 324
113 323
113 324
114 323
114 324
river 2 Cuyahoga
124 307
124 306
124 305
124 304
124 303
123 303
124 302
river 2 Aroostook
318 154
317 154
317 155
316 155
315 155
315 154
314 155
315 155
314 156
315 156
314 157
315 157
314 157
313 157
312 157
311 158
310 159
309 160
309 161
309 162
309 163
308 164
308 163
308 164
307 165
306 165
river 2 W.  Br.  Penobscot
305 178
304 178
303 179
302 179
river 2 W.  Br.  Penobscot
289 180
290 179
291 179
292 179
293 179
293 178
294 177
294 176
295 175
river 2 W.  Br.  Penobscot
298 177
299 177
300 177
301 177
300 178
river 2 Androscoggin
273 204
272 204
271 205
270 206
270 207
269 207
269 208
269 209
270 209
269 210
269 211
269 212
270 211
271 211
272 210
273 210
274 209
274 208
275 208
276 207
277 207
277 206
278 206
279 206
280 206
281 206
281 205
282 205
river 2 Blackstone
257 253
257 254
258 254
258 255
259 255
258 256
river 2 Oneida River - Erie Canal
201 253
202 253
202 252
203 252
river 2 Erie Canal
208 251
209 251
210 251
211 250
river 2 Housatonic
234 275
233 275
234 274
234 273
234 272
233 272
233 271
232 271
231 271
231 270
231 269
230 269
230 268
231 267
232 266
232 265
233 264
233 263
233 262
234 261
234 260
234 259
234 258
river 2 Erie Canal
167 266
168 266
169 265
169 264
170 263
171 263
172 262
173 262
174 261
175 261
176 260
177 260
178 259
178 260
179 259
179 260
180 260
181 259
181 260
182 259
183 259
183 260
184 260
184 261
185 260
186 260
187 260
188 260
189 259
189 260
190 259
191 259
192 258
193 258
193 259
194 259
river 2 Genesee
184 258
184 259
183 260
182 261
182 262
181 263
181 264
180 265
179 266
179 267
178 268
177 269
177 270
176 270
176 271
175 272
175 273
174 273
174 274
173 275
174 275
174 276
174 277
174 278
river 2 Schuylkill
193 301
193 302
194 302
194 303
195 302
195 303
196 302
197 302
197 303
198 303
198 304
199 304
199 303
200 303
200 304
201 304
201 305
201 306
river 2 Little Juniata
165 305
165 306
166 306
river 2 Juniata
166 306
166 307
166 308
167 308
167 309
168 308
167 309
168 309
168 308
169 308
169 307
170 307
170 306
171 305
172 304
173 304
174 303
175 303
174 304
175 304
176 304
177 303
178 303
178 304
179 304
179 305
river 2 Raystown Br.  Juniata
161 315
161 314
162 313
163 312
163 311
river 2 North Branch Potomac
145 331
146 330
147 329
148 329
149 329
149 328
150 328
150 327
151 326
152 325
152 326
153 326
154 326
river 2 S.  Fk.  Shenandoah
144 349
145 348
river 2 Shenandoah
165 326
164 327
163 328
162 329
162 330
161 331
160 331
160 332
159 333
158 334
157 334
156 335
156 336
155 336
154 337
153 338
153 339
152 339
152 340
152 339
152 340
151 340
151 341
150 342
149 343
149 344
149 343
148 344
148 345
148 346
147 347
146 348
145 348
river 2 South
145 348
144 349
144 350
144 351
143 352
143 353
river 2 Rapidan
161 343
160 343
159 343
158 343
157 344
156 345
155 345
154 346
river 2 Rappahannock
159 339
159 340
159 341
160 341
160 342
161 342
162 342
161 343
162 343
163 343
163 344
164 344
165 344
166 343
166 344
167 344
river 2 Eno
134 387
133 387
132 388
131 388
river 2 Neuse
136 388
136 389
137 389
136 390
136 391
136 392
137 392
137 393
138 393
138 394
137 395
137 396
137 397
138 396
138 397
139 397
140 397
141 396
140 397
141 397
142 397
142 398
143 398
144 398
145 398
146 397
147 396
147 397
148 396
149 395
150 394
150 395
151 394
151 395
152 395
152 396
153 395
153 396
154 396
river 2 Catawba
96 422
97 421
96 421
97 420
97 419
98 418
97 418
98 417
98 416
99 415
99 414
98 415
98 414
97 414
river 2 Catawba
100 406
100 407
99 408
99 409
98 410
98 411
97 412
river 2 Catawba
94 402
95 402
96 401
96 402
97 401
98 401
99 400
100 400
100 401
101 401
river 2 Little Tallahatchie
-23 444
-23 445
-22 444
-22 445
-21 444
-21 445
-20 445
-20 446
-19 445
-18 445
-17 444
river 2 White
71 335
70 336
70 335
69 336
69 335
68 335
67 336
66 337
65 337
65 338
64 338
65 337
64 338
64 337
63 338
63 337
62 338
61 338
60 339
59 340
59 341
58 342
57 343
56 344
56 345
55 346
54 347
54 348
53 349
52 350
51 350
50 351
50 352
49 352
49 353
48 353
47 353
46 354
45 355
44 356
43 356
43 357
42 358
41 358
41 359
40 360
41 360
40 361
39 362
38 362
37 363
36 364
35 365
35 366
34 367
35 367
34 368
34 369
33 370
33 369
32 369
32 370
32 369
31 370
30 370
29 371
28 372
28 371
27 372
26 373
river 2 Sangamon
31 340
31 341
30 342
29 343
28 344
27 345
26 346
25 346
25 347
24 347
23 348
22 348
21 349
21 350
20 350
19 350
18 351
18 350
17 351
17 350
16 351
15 352
14 352
13 352
13 351
13 350
12 350
11 351
11 350
10 350
11 349
10 349
11 348
10 348
11 347
11 346
10 346
9 347
8 347
7 348
6 348
5 348
4 348
river 2 St. Marys
77 319
77 320
77 321
77 322
78 322
78 323
79 323
79 324
80 324
80 325
81 325
82 325
83 325
84 325
84 326
83 327
river 2 St. Joseph
77 319
78 318
79 317
80 316
81 315
82 314
83 313
84 312
85 311
86 310
river 2 Maumee
77 319
78 319
79 319
80 318
81 318
81 317
82 317
83 316
84 316
85 315
86 315
87 314
88 314
89 313
90 313
91 312
92 311
93 311
river 2 St. Joseph
67 304
67 305
67 306
68 306
67 307
67 308
67 309
68 308
68 309
67 310
67 311
67 312
68 311
69 311
70 311
71 310
72 310
73 309
74 308
75 307
76 306
76 305
77 305
78 304
79 304
80 303
81 303
river 2 Tittabawassee
105 276
105 275
105 274
104 274
104 273
104 272
103 272
102 272
102 271
102 270
103 269
104 268
104 267
105 266
104 266
river 2 Saginaw
109 270
108 271
107 272
107 273
107 274
106 275
105 276
river 2 Rock
49 286
49 287
49 288
48 289
48 290
47 291
47 290
46 290
45 291
44 292
44 293
44 294
43 295
42 295
river 2 Rock
41 296
40 297
39 297
39 298
39 299
38 300
38 301
38 302
37 303
37 304
37 305
36 305
36 306
35 307
35 308
34 308
33 309
32 310
31 311
31 312
30 313
29 314
28 314
28 315
27 315
26 316
25 316
24 317
24 316
24 317
23 317
23 318
22 318
21 318
21 319
20 319
19 319
19 320
18 320
17 321
16 322
15 322
14 323
13 324
13 323
12 324
12 323
11 324
11 323
river 2 Fox
54 275
54 274
river 2 Fox
52 274
51 275
50 276
50 275
49 276
48 277
river 2 Menominee
72 254
72 253
71 253
71 252
72 251
73 250
73 249
72 249
71 250
71 249
71 248
72 248
72 247
73 246
73 245
73 246
73 245
73 244
74 244
74 243
73 243
73 242
72 243
72 242
71 242
71 241
72 241
72 240
71 240
71 239
river 2 Flambeau
31 256
32 255
32 254
33 254
34 253
35 252
36 252
36 251
37 251
37 250
38 250
39 249
39 248
40 248
39 248
40 247
41 246
42 245
41 246
42 246
43 245
44 245
45 244
45 243
46 243
46 242
47 242
48 241
river 2 Red Cedar
26 257
25 258
25 259
25 260
24 261
23 262
22 263
21 263
21 264
20 265
19 266
20 266
19 267
19 268
river 2 Saint Louis
9 244
9 245
9 246
9 247
8 248
8 249
7 250
7 251
7 252
8 252
7 253
7 254
6 255
7 254
7 255
8 255
9 254
10 253
11 253
10 254
10 255
9 256
8 257
7 258
7 259
6 259
6 260
6 261
river 2 St. Francis
-17 404
-17 405
-17 406
-17 407
-17 408
-18 409
-19 410
-19 411
-19 412
-19 413
-18 413
-19 414
-19 415
-20 415
-20 416
-21 416
-22 417
-23 418
-24 419
-25 420
-26 421
-25 421
-26 422
-27 423
-27 424
-28 425
-29 426
-28 426
-29 427
river 2 St. Francis
-18 401
-18 400
-18 399
-17 398
-17 397
-17 396
-16 396
-16 395
-16 394
-15 393
river 2 Iowa
-15 302
-15 303
-16 304
-16 305
-15 305
-15 306
-15 307
-15 308
-14 308
-14 309
-13 308
-13 309
-12 309
-12 310
-12 311
-13 312
-13 313
-13 314
-14 315
-13 315
-13 316
-12 316
-12 317
-11 316
-11 317
-10 317
-10 318
-9 318
-8 318
-7 318
-7 319
-6 319
-5 319
-5 320
-4 319
-4 320
-3 320
-2 320
-1 319
-1 320
0 319
0 320
1 319
2 319
1 320
2 320
1 321
1 322
1 323
0 324
0 325
0 326
0 327
1 327
river 2 Wapsipinicon
1 296
0 297
1 297
0 298
1 298
1 299
1 300
1 301
1 302
1 303
1 304
1 305
1 306
1 307
2 307
3 307
3 308
3 309
4 309
4 310
4 311
5 311
5 312
6 312
6 313
7 313
7 314
8 313
8 314
9 314
9 315
10 315
11 315
11 316
11 317
12 317
11 318
11 319
12 319
13 318
14 318
15 318
16 318
17 318
river 2 North Racoon
-33 307
-34 308
-34 309
-34 310
-35 311
-34 311
-35 312
-35 313
-35 314
-34 314
-35 315
-34 314
-34 315
-33 315
-34 316
-33 316
-33 317
-32 317
-32 318
-32 319
-31 318
-31 319
-30 319
-30 320
-30 321
-30 322
-29 321
-29 322
-29 323
-29 324
-29 325
-29 326
river 2 Racoon
-29 326
-29 327
-28 327
-27 327
-26 326
-25 326
-24 325
river 2 Boyer
-54 330
-53 329
-52 328
-51 327
-50 326
-49 325
-48 324
-47 323
-46 322
-45 321
-44 321
-43 320
-42 319
-41 318
-40 317
-39 316
-38 315
-37 314
-37 313
-37 312
river 2 Saint Louis
37 219
36 219
36 218
35 219
34 220
33 221
32 221
31 221
30 222
29 223
28 224
28 225
27 226
27 227
26 228
25 229
24 230
25 230
26 230
27 230
28 230
27 231
28 231
28 232
28 233
28 234
29 233
30 233
31 232
32 231
river 2 Sheyenne
-44 218
-43 218
-42 217
-42 218
-41 217
-42 217
-41 216
-40 216
-39 216
-38 216
-38 217
-37 217
-36 217
-35 217
-34 216
-33 216
-34 217
-33 217
-34 218
-33 218
-32 218
-31 217
-31 218
-30 217
-30 218
-29 218
-28 218
-27 218
-27 219
-26 219
-26 220
-27 221
-27 222
-26 222
-27 223
-27 224
-28 225
-28 226
-29 227
-28 227
-29 228
-30 229
-30 230
-31 231
-32 232
-31 232
-31 233
-32 234
-32 235
-33 236
-33 237
-33 238
-33 239
-34 240
-34 241
-33 240
-33 241
-32 241
-32 242
-32 243
-31 243
-30 242
-30 241
-29 240
-28 240
-27 240
-26 239
-26 240
-25 239
-24 239
-24 238
-23 238
-22 237
-22 236
-21 236
-21 235
-20 234
-20 233
-19 232
-19 231
-18 230
-18 231
river 2 Red Lake
-12 215
-12 216
-11 216
-11 217
-10 217
-9 217
-8 217
-7 216
-6 215
-5 215
-4 215
-4 214
-3 213
-3 212
-2 211
-1 211
-1 212
0 212
1 212
2 212
2 213
3 212
3 213
4 213
5 213
6 213
river 2 Washita
-131 446
-132 446
-131 446
-131 445
-132 446
-132 445
-132 444
-133 444
-134 444
-135 445
-135 444
-136 445
-136 444
-136 445
-137 445
-137 444
-138 445
-138 444
-139 444
-140 444
-141 444
-142 444
-142 443
-141 443
-142 443
-142 442
-141 441
-142 441
-142 440
-141 440
-141 439
-141 438
-141 437
-142 437
-143 438
-143 437
-143 436
-144 437
-144 436
-144 435
-145 435
-144 434
-145 434
-146 435
-147 435
-148 436
-148 435
-148 434
-149 435
-150 435
-150 434
-150 433
-151 433
-152 433
-153 433
river 2 Cimarron
-126 424
-126 423
-127 423
-128 423
-127 422
-128 422
-128 421
-129 421
-130 421
-130 420
-131 421
-131 420
-131 419
-132 419
-132 418
-132 417
-132 416
-132 415
-133 415
-133 414
-134 414
-134 413
-135 413
-134 412
-135 412
-134 411
-135 411
-134 410
-135 410
-135 409
-136 409
-137 410
-138 410
-139 410
-140 411
-141 411
-142 411
-143 412
-143 411
-144 412
-144 411
-145 411
-146 411
-146 410
-147 411
-147 410
-148 411
-148 410
-149 410
-149 409
-149 408
-150 408
-150 407
-150 406
-151 406
-150 405
-151 405
-151 404
-151 403
-152 404
-152 403
-153 403
-154 403
-155 404
-156 404
-157 405
-158 406
-159 406
-160 407
-161 407
-162 408
-163 408
-164 408
-165 409
-166 409
-167 409
-168 409
-168 410
-169 410
-170 411
-171 411
-172 412
-172 411
-173 412
-173 411
-174 412
-174 411
-175 411
-176 411
-177 412
-177 411
-178 411
-179 411
river 2 Big Sandy
-161 390
-161 389
-160 388
-160 387
-160 386
-159 385
-158 384
-158 383
-157 382
-158 382
-158 381
-158 380
-158 379
-159 379
-160 379
-160 378
-161 378
-161 377
-162 378
-162 377
-163 377
-163 376
-163 375
-163 374
-163 373
-164 373
-163 372
-164 372
-164 371
-165 371
-164 370
-165 370
-165 369
-166 369
-166 368
-167 369
-168 370
-169 371
river 2 Solomon
-99 366
-98 366
-98 367
-97 366
-97 367
-96 367
-96 368
-95 368
-94 368
-94 369
-94 370
-94 371
-95 372
-95 373
-94 373
-95 374
-94 374
-94 375
-93 375
-93 376
-92 376
river 2 Smoky Hill
-136 379
-135 379
-134 379
-134 380
-133 379
-133 380
-132 379
-132 380
-131 379
-131 380
-130 380
-129 379
-128 379
-127 379
-126 379
-125 379
-124 379
-123 379
-122 379
-121 379
-120 379
-120 380
-119 380
-118 380
-117 380
-117 381
-117 380
-116 380
-115 380
-114 380
-113 379
-112 379
-111 379
-110 379
-109 378
-109 379
-108 378
-108 379
-107 378
-107 379
-106 379
-105 379
-105 380
-104 380
-104 381
-103 380
-103 381
-102 380
-103 381
-102 381
-102 382
-101 382
-101 383
-100 383
-99 383
-98 382
-97 381
-97 380
-96 379
-96 378
-95 377
-94 377
-93 377
-92 376
-91 376
-91 377
-90 376
-89 376
-88 375
-87 375
-86 375
-85 374
-84 373
river 2 Big Blue
-79 370
-80 370
-79 369
river 2 Little Blue
-93 350
-92 349
-91 349
-91 350
-90 350
-89 350
-89 351
-88 351
-88 352
-88 353
-87 353
-86 353
-85 353
-84 353
-84 354
-83 354
-82 353
-81 353
-80 353
-80 354
-79 354
-80 355
-79 355
-79 356
-78 356
-79 357
-78 357
-78 358
-78 359
-79 360
-79 361
-78 361
-78 362
-77 362
river 2 North Loup
-84 334
-85 334
-86 334
-86 333
-86 332
-87 332
-86 331
-87 331
-86 330
-87 330
-86 329
-87 329
-87 328
-88 329
-87 328
-88 328
-87 327
-88 327
-88 326
-88 325
-89 325
-90 326
-91 326
-91 325
-92 326
-92 325
-92 324
-93 325
-93 324
-93 323
-94 323
-95 323
-95 322
-96 323
-96 322
-97 322
-97 321
-98 321
-99 321
-98 320
-99 321
-99 320
-99 319
-100 319
-99 318
-100 318
-100 317
-100 316
-101 317
-101 316
-102 316
-103 316
-103 315
-104 315
-105 315
-105 314
-106 314
river 2 Loup
-84 334
-83 334
-82 334
-81 334
-80 333
-79 333
-78 332
-77 332
-76 332
-75 331
-74 331
-73 330
-73 331
-72 331
-71 331
-71 332
river 2 Lodgepole
-134 340
-134 339
-133 338
-133 337
-134 337
-134 336
-135 337
-135 336
-136 336
-137 336
-138 336
-139 336
-140 336
-140 335
-141 335
-142 335
-142 334
-143 334
-144 334
-145 334
-146 334
-147 334
-148 334
-149 334
-150 334
-151 334
-151 335
-152 335
-153 335
-153 334
-154 334
-154 333
-155 333
river 2 Laramie
-146 316
-147 316
-148 316
-149 317
-150 317
-151 317
-152 317
-153 317
-154 318
-155 319
-156 319
-157 319
-158 320
-159 320
-160 320
river 2 Niobrara
-134 312
-134 313
-133 313
-132 313
-131 313
-130 313
-129 312
-128 312
-127 312
-127 313
-126 312
-126 313
-125 312
-124 312
-123 312
-122 312
-121 312
-121 311
-120 311
-119 311
-118 310
-117 310
-116 310
-115 309
-114 309
-113 308
-112 307
-112 308
-111 307
-111 308
-110 307
-109 307
-108 306
-107 306
-106 306
-105 306
-104 306
-104 307
-103 307
-102 307
-101 307
-100 307
-99 307
-98 307
-97 307
-96 307
-95 306
-94 305
-93 305
-92 305
-92 306
-91 306
river 2 White
-90 290
-90 289
-91 290
-91 289
-91 288
-92 288
-93 288
-93 289
-94 289
-95 289
-96 289
-97 290
-97 289
-97 290
-98 290
-99 290
-100 290
-100 291
-101 291
-102 291
-103 291
-104 291
-105 291
-105 290
-106 291
-107 292
-108 292
-109 293
-110 293
-111 294
-112 295
-113 295
-113 296
-113 295
-114 296
-115 297
-116 297
-117 298
-117 299
-118 300
-118 301
-119 302
-120 303
-121 304
-122 304
-123 305
-124 305
-124 306
-125 306
-126 307
-126 306
-127 307
river 2 Belle Fourche
-100 277
-101 277
-101 278
-102 278
-103 279
-103 278
-104 279
-104 278
-105 279
-106 279
-107 279
-108 279
-108 278
-108 277
-109 277
-108 276
-109 276
-108 275
-109 275
-108 274
-109 274
-109 273
-110 273
-111 273
-111 272
-112 272
-112 271
-113 272
-114 272
-115 273
-115 272
-116 272
-116 271
-116 270
-117 270
-117 269
-117 268
-117 267
-118 268
-119 269
-120 270
-121 270
-121 271
-122 271
-123 272
-124 273
-125 273
-125 274
-126 275
-127 276
-127 277
-128 277
-129 278
-130 278
-131 279
-132 280
-133 280
-133 281
-134 281
-134 282
-135 282
-136 282
-137 283
-138 284
river 2 Moreau
-75 262
-76 263
-77 263
-78 263
-78 264
-78 263
-79 264
-80 265
-80 264
-81 265
-81 264
-82 264
-83 265
-82 264
-83 264
-84 264
-85 264
-86 264
-87 264
-88 265
-88 264
-89 264
-90 264
-91 264
-92 264
-93 264
river 2 Heart
-76 238
-77 238
-77 237
-78 237
-78 236
-79 236
river 2 Heart
-63 236
-63 235
-64 235
-65 235
-65 236
-66 236
-67 236
-67 237
-68 237
-68 238
-69 239
-70 240
-70 239
-71 239
-72 239
-73 240
-73 239
-74 240
-74 239
-75 239
river 2 Little Missouri
-91 234
-92 235
-92 236
-92 237
-92 238
-93 238
-94 238
-94 237
-95 238
-96 239
-97 240
-98 241
-99 242
-99 243
-100 244
-100 245
-101 246
-101 247
-102 247
-103 248
-102 248
-103 249
-103 250
-104 251
-104 252
-105 253
-105 254
-106 254
-106 255
-107 256
-108 257
-109 258
-110 259
-110 260
-111 261
-112 261
-113 262
-114 262
-114 263
-115 263
-116 264
-117 265
-118 266
-119 267
-120 267
-121 268
-122 268
river 2 Powder
-111 235
-111 236
-111 237
-112 238
-112 239
-113 240
-113 241
-114 242
-114 243
-114 244
-114 245
-114 246
-114 247
-114 248
-114 249
-115 250
-116 251
-117 252
-118 253
-119 253
-120 254
-121 255
-122 256
-123 257
-124 258
-125 259
-126 259
-127 260
-128 261
-129 261
-130 262
-131 263
-132 264
river 2 Wheeler
337 0
337 1
338 1
339 1
340 1
341 1
342 1
342 2
343 2
river 2 Wheeler
-7 46
-6 45
-5 45
-4 45
-3 44
-2 43
-2 44
-1 43
0 43
1 43
2 42
3 41
4 41
5 40
5 41
6 41
5 42
6 42
7 41
8 41
8 42
river 2 Pipestone
-35 185
-34 185
-33 184
-33 185
-32 185
-31 185
river 2 Souris
-24 184
-25 185
-26 186
-27 186
-28 187
-28 188
-29 188
-29 187
-30 187
-30 186
-31 186
-31 185
-32 186
-32 185
-33 186
-34 186
-34 187
-35 187
-36 188
-37 188
-38 189
-39 189
-39 190
-40 190
-41 191
-42 192
-43 193
-43 194
-43 195
-44 196
-44 197
-45 198
-45 199
-45 200
-45 201
-45 202
-45 203
-44 203
-44 204
-43 204
-43 205
-43 206
-44 207
-44 208
-45 208
-45 209
-46 209
-46 210
-47 210
-48 211
-49 211
-50 212
-51 212
-52 213
-53 213
-53 212
-54 212
-53 211
-54 211
-54 210
-55 210
-55 209
-55 208
-55 207
-55 206
-55 205
-54 205
-54 204
-54 203
-54 202
-54 201
-54 200
-54 199
-54 198
-54 197
-54 196
-54 195
-53 194
-53 193
-53 192
-54 193
-54 192
-55 192
-55 193
-56 194
-57 195
-57 194
-58 194
-59 194
-60 194
-61 194
-62 194
-63 194
-63 193
-64 193
-64 192
-65 192
-65 191
-66 191
-66 190
-66 189
-67 189
-66 188
-66 187
-66 186
-66 185
-67 185
-66 184
-67 184
-66 183
-67 183
-67 182
river 2 Chaudière
275 172
274 173
275 173
275 174
275 175
276 175
277 175
276 176
277 176
277 177
278 176
278 177
278 178
279 178
279 179
280 179
280 180
281 180
280 181
280 182
280 183
280 184
280 185
279 186
278 187
278 188
277 189
276 190
276 191
river 2 Madawaska
311 148
311 147
310 147
310 146
309 146
308 146
river 2 Annapolis
347 171
346 172
345 173
344 174
343 175
342 176
river 2 Shubenacadie
365 167
365 166
365 165
364 165
365 164
364 164
365 163
366 162
367 161
367 160
368 159
367 159
368 158
367 158
368 157
367 157
367 156
river 2 Mira
411 123
410 124
410 123
river 2 
440 58
441 57
442 56
river 2 Humber
435 64
436 63
437 62
river 2 Upper Humber
440 58
440 57
441 56
442 55
442 54
443 53
444 52
443 52
444 51
444 50
443 50
442 50
river 2 Chibougamau
247 135
247 134
247 133
246 133
246 132
247 131
248 130
249 129
249 128
248 129
248 130
247 130
246 131
245 132
244 133
river 2 Chibougamau
242 133
241 133
242 132
241 132
240 132
240 133
239 133
238 134
237 135
236 136
236 137
235 137
234 138
233 139
232 139
231 140
230 141
river 2 Waswanipi
220 141
219 141
218 142
river 2 Waswanipi
217 142
216 142
river 2 Waswanipi
230 141
230 140
229 141
229 140
228 141
227 141
226 142
226 141
225 142
224 143
river 2 Waswanipi
224 143
224 142
223 142
222 143
river 2 Pontax
207 117
208 117
209 117
210 117
211 117
211 118
212 117
213 116
214 116
215 115
215 116
216 115
217 114
218 114
218 113
219 113
220 112
221 111
222 110
223 110
224 110
225 109
226 108
227 107
227 108
228 107
229 107
230 106
230 107
231 106
river 2 Pontax
231 106
232 106
231 107
232 106
232 107
233 106
234 105
235 105
236 105
237 105
237 104
238 104
river 2 Mistassibi Nord-Est
280 109
279 110
279 111
278 112
278 113
278 114
277 115
277 116
276 117
277 117
276 118
276 119
276 120
276 121
276 122
276 123
275 124
276 124
275 125
275 126
275 127
275 128
river 2 Manouane
292 93
293 93
292 94
293 94
293 95
293 96
293 97
293 98
293 99
294 99
294 100
river 2 Manouane
294 103
294 104
295 104
294 105
295 104
295 105
294 106
293 107
292 108
292 109
291 109
291 110
291 111
291 112
291 113
291 114
291 115
291 116
290 116
289 116
289 115
288 116
287 117
287 118
287 119
286 120
286 121
286 122
285 123
284 124
283 125
river 2 Caopacho
342 73
342 72
343 71
344 70
344 69
344 68
345 67
344 67
345 66
344 66
344 65
344 64
343 64
344 63
344 62
344 61
river 2 Moisie
340 54
340 55
339 56
340 56
339 57
339 56
338 57
338 58
338 59
337 60
337 61
337 62
338 62
337 63
338 63
338 64
339 64
339 65
340 65
340 66
341 66
340 67
341 67
341 68
341 69
341 70
342 70
342 71
341 72
342 72
341 73
342 73
341 74
342 74
342 75
341 76
341 77
340 78
341 78
340 79
340 80
339 80
340 80
339 81
340 81
340 82
341 82
342 82
342 83
342 84
342 85
343 85
342 86
342 87
341 88
341 89
342 89
river 2 
344 41
343 42
344 42
344 43
river 2 
353 17
354 17
river 2 
353 16
353 17
354 16
river 2 Ashuanipi
344 45
344 44
344 43
345 43
345 42
345 41
345 40
345 39
344 39
344 38
344 37
343 37
343 36
343 35
river 2 Joir
410 24
409 25
409 26
410 26
410 27
410 28
409 28
409 29
409 30
408 30
408 31
river 2 Little Mecatina
376 36
377 36
378 35
379 35
380 34
381 33
382 32
383 32
383 33
384 33
385 33
385 32
386 32
387 31
388 31
388 30
389 30
390 30
391 29
392 29
392 30
393 29
394 29
394 30
394 31
394 32
395 31
395 32
396 32
397 32
397 33
398 33
399 32
400 32
401 31
402 30
402 31
403 30
404 30
405 30
406 30
407 30
408 30
river 2 
424 7
424 8
423 9
422 10
422 11
421 11
420 11
419 11
river 2 
290 44
291 44
292 43
293 43
294 42
river 2 
280 52
280 53
279 54
river 2 Sakami
238 77
238 78
239 77
239 78
240 78
241 77
242 77
243 77
243 78
244 78
245 77
246 77
247 77
248 77
248 78
249 77
249 78
250 77
251 77
252 77
253 76
254 76
255 76
255 75
256 75
257 75
257 76
258 75
258 76
259 76
260 76
261 76
262 76
263 75
264 75
265 75
264 76
265 76
266 75
267 75
268 75
269 74
270 73
271 73
272 72
273 72
274 71
275 71
276 71
276 70
277 70
278 70
279 69
280 69
281 68
282 67
283 67
284 66
285 66
river 2 
224 99
224 100
223 100
223 101
river 2 Opinaca
218 103
219 103
220 103
221 102
222 101
223 101
224 100
225 99
226 99
227 98
228 97
229 96
230 95
231 95
232 94
233 94
234 93
235 92
236 92
236 91
237 91
238 90
239 89
240 89
241 88
242 87
243 87
244 87
245 87
246 86
247 86
248 85
249 85
250 85
251 84
252 84
253 84
254 84
255 83
river 2 
216 69
217 69
218 69
219 68
220 68
220 67
221 67
221 66
222 66
223 65
224 65
225 64
226 63
227 63
228 63
229 63
230 63
231 63
232 63
233 63
234 63
235 62
236 62
237 61
238 61
239 61
240 60
241 60
242 59
242 60
243 59
243 60
244 59
river 2 Roggan
212 70
213 70
river 2 Denys
235 51
235 52
236 52
237 52
237 53
238 53
238 54
239 54
240 54
241 54
242 54
243 54
244 54
244 55
245 54
246 54
247 53
248 53
249 53
250 53
251 53
252 53
253 53
254 52
river 2 Swampy Bay
335 10
335 11
336 11
335 12
336 12
336 13
336 14
337 13
337 14
338 13
338 14
339 14
river 2 Swampy Bay
333 9
332 9
331 9
332 8
331 8
331 7
331 6
330 6
330 5
330 4
329 4
328 4
river 2 Murdoch
341 1
341 2
341 3
342 3
341 4
342 4
342 5
river 2 Petite rivière de la Baleine
261 34
262 33
262 34
263 33
264 33
265 33
266 32
267 32
268 32
269 32
270 32
271 32
271 31
272 31
273 31
274 31
river 2 
275 15
275 14
274 14
river 2 
280 15
281 15
282 15
282 16
281 17
281 18
281 19
280 20
river 2 
277 27
276 28
277 28
river 2 
276 0
275 1
275 0
274 1
274 0
274 1
273 1
river 2 
270 9
271 9
271 10
271 11
272 11
273 10
273 11
river 2 L'Assomption
243 191
244 191
245 191
246 191
247 191
246 192
247 192
246 192
246 193
247 193
246 194
247 194
247 195
246 195
246 196
246 197
245 198
245 199
river 2 Bazin
229 176
230 175
231 174
232 173
232 174
233 174
233 173
234 173
234 172
235 171
236 170
237 169
river 2 Gens de Terre
215 183
215 184
216 184
216 185
217 185
218 184
219 184
219 185
218 186
219 186
218 187
218 188
217 189
218 189
219 189
river 2 Ottawa
216 178
217 177
218 176
219 175
220 175
221 175
221 176
222 175
river 2 Rivière du Lièvre
231 182
230 183
229 184
230 184
229 185
229 186
228 187
227 188
226 189
225 190
224 191
224 192
224 193
223 194
224 194
224 195
224 196
223 196
222 197
221 198
220 199
220 200
220 201
220 202
221 202
220 203
220 204
219 205
219 206
219 207
220 207
219 208
220 207
220 208
221 208
221 209
221 210
river 2 Welland Canal
162 270
162 269
162 268
163 267
163 266
164 265
164 264
river 2 Mississagi
137 211
138 210
139 210
140 210
140 211
141 210
141 209
142 209
143 209
river 2 Mississagi
135 212
134 212
133 212
132 213
132 214
131 215
131 216
130 217
130 218
129 219
128 220
129 220
130 220
130 221
130 222
131 222
131 223
132 223
133 223
133 224
river 2 Mattagami
158 190
159 189
159 188
160 187
160 186
160 185
160 184
161 183
161 182
162 181
163 180
164 179
164 178
163 179
163 178
163 177
163 176
163 175
164 174
164 173
164 172
163 172
164 171
164 170
164 169
164 168
164 167
165 166
165 165
165 164
166 163
165 163
166 162
165 162
166 161
165 161
165 160
165 159
164 159
163 159
river 2 Kapuskasing
142 188
143 187
144 186
145 185
145 184
146 183
147 182
148 181
148 180
149 179
148 179
149 178
149 177
149 176
150 175
149 175
150 174
151 173
151 172
152 171
153 170
153 169
154 168
155 168
155 167
156 166
157 165
157 164
158 163
159 162
160 161
161 160
161 159
162 158
163 158
164 157
river 2 Kabinakagami
133 178
133 177
134 176
134 175
135 175
135 174
136 173
136 172
137 171
138 170
138 169
139 168
139 167
140 166
139 166
139 165
140 164
140 163
141 162
141 161
142 161
142 160
142 159
142 158
141 158
141 157
141 156
141 155
141 154
141 153
river 2 Drowning
141 145
140 145
139 146
139 145
138 146
137 146
136 147
135 147
135 148
134 148
133 148
132 149
133 149
132 150
131 151
131 152
130 153
129 153
128 153
127 154
126 154
125 155
124 155
123 155
122 156
122 157
river 2 Kenogami
113 169
114 168
115 167
114 167
115 166
116 165
117 165
118 165
118 164
119 164
120 163
121 163
122 162
123 162
124 161
125 161
126 160
127 159
128 159
129 158
130 158
131 158
132 157
133 157
134 156
135 156
135 157
136 157
137 156
138 156
138 155
139 155
139 154
140 154
141 153
140 153
141 152
140 152
140 151
140 150
141 149
142 148
142 147
142 146
141 146
141 145
141 144
141 143
142 142
143 141
river 2 
105 158
105 159
105 160
106 159
107 159
river 2 Kenogami
125 151
126 150
127 150
127 149
128 148
129 147
130 147
131 147
132 146
133 146
133 147
134 146
134 147
135 147
136 146
137 146
137 145
138 145
139 145
140 144
141 144
river 2 Pic
109 189
110 188
110 187
110 186
111 185
110 185
111 184
111 183
112 183
113 182
113 181
114 181
114 180
114 179
115 178
116 177
116 176
117 175
116 175
river 2 Kapiskau
142 125
142 126
143 126
144 126
144 127
145 127
146 127
147 127
148 126
149 125
150 125
151 125
152 125
153 125
154 125
154 124
155 123
156 122
157 122
158 121
159 121
159 120
160 119
161 118
162 117
163 116
163 117
164 116
165 116
166 115
167 115
167 114
168 114
168 113
169 112
170 111
171 110
172 110
173 109
174 109
174 108
175 107
176 107
176 106
177 106
178 106
river 2 Kawinogans
82 147
83 146
84 145
85 145
86 144
86 145
87 144
88 144
89 143
89 142
90 142
90 141
91 140
92 140
93 139
river 2 Otoskwin
108 130
107 131
108 131
108 132
river 2 Otoskwin
105 134
104 134
103 135
102 135
river 2 Otoskwin
79 142
80 142
80 143
81 143
82 143
83 142
84 141
85 140
85 141
85 142
86 141
87 141
88 141
89 141
90 140
91 140
92 139
93 139
river 2 Attawapiskat
112 128
112 129
113 128
river 2 Attawapiskat
118 129
119 129
120 129
121 129
120 130
121 130
122 129
123 129
124 128
125 128
125 127
126 127
127 127
128 127
129 126
129 127
130 126
130 125
131 125
131 124
132 123
133 122
134 121
135 121
135 120
135 119
136 118
137 117
137 116
138 115
138 114
139 113
140 112
139 112
140 111
141 110
142 110
143 109
144 108
145 108
146 107
147 107
148 107
149 107
149 108
150 107
150 108
river 2 Winisk
110 119
109 119
110 118
109 118
108 118
107 118
river 2 Winisk
102 119
101 119
101 118
100 119
100 118
99 119
99 120
98 120
97 121
96 122
95 123
95 124
94 124
94 125
93 126
93 127
92 128
91 129
90 129
89 130
88 131
87 131
86 132
85 132
85 133
84 133
83 133
82 134
81 135
81 134
80 135
80 134
79 135
79 134
78 135
river 2 Winisk
115 117
114 118
113 118
112 119
river 2 
90 161
90 160
river 2 
87 160
86 160
river 2 Allan Water
85 159
85 160
84 161
84 162
83 162
82 162
81 163
80 164
80 163
80 164
79 165
79 166
78 166
78 167
77 167
76 168
river 2 Ogoki
112 151
112 150
111 150
110 151
109 151
108 152
107 153
106 153
105 154
river 2 Ogoki
99 153
99 152
98 153
97 153
96 153
95 154
94 154
94 155
93 155
river 2 Ogoki
86 158
87 158
87 157
88 157
89 157
90 156
river 2 Jackfish
97 163
98 162
98 161
99 161
99 160
99 159
100 158
101 157
river 2 Dog
76 185
75 186
74 187
75 187
74 188
73 189
73 190
72 190
73 189
72 189
72 188
73 187
river 2 Dog
73 193
73 194
73 195
72 196
71 196
70 197
70 196
69 197
69 196
69 195
68 196
68 195
river 2 Dog
74 191
74 190
74 189
73 190
river 2 Dog
75 198
75 199
74 199
73 199
72 199
71 199
71 198
72 198
72 197
72 196
river 2 Wabigoon
50 182
50 181
49 182
49 181
49 180
river 2 Wabigoon
42 174
43 174
43 175
42 175
42 176
42 177
43 177
43 178
44 178
44 177
45 177
46 177
46 178
46 179
river 2 Wabigoon
38 171
39 171
39 172
river 2 Fawn
108 103
109 102
109 101
109 100
110 100
111 99
111 98
112 97
113 96
114 96
115 95
116 94
117 94
117 93
118 93
119 92
120 92
121 92
122 91
123 91
123 90
124 90
125 89
126 88
127 87
128 86
129 86
130 85
129 85
130 84
130 83
131 82
132 82
132 81
132 80
132 79
131 80
131 79
130 79
130 78
130 77
130 76
129 76
130 75
129 75
130 74
129 74
130 73
river 2 Beaver Stone
113 70
112 71
113 71
113 72
113 73
114 73
113 74
114 74
115 73
116 73
116 74
117 73
117 74
117 75
116 75
116 76
115 76
115 77
115 78
115 79
115 80
115 81
116 81
117 81
117 82
river 2 Sachigo
86 100
87 100
88 99
89 99
90 98
91 97
92 97
92 96
93 96
94 95
95 94
96 93
97 93
98 92
99 91
100 90
101 90
101 89
100 89
101 88
102 87
103 86
104 85
105 84
105 85
106 84
107 83
108 83
109 83
110 82
111 81
112 81
113 80
114 80
114 81
115 81
115 82
116 82
117 82
118 81
118 82
119 81
120 81
120 80
121 80
122 79
river 2 Bloodvein
23 146
23 147
23 148
24 148
25 148
25 149
25 150
25 151
26 150
26 151
27 150
28 149
28 150
29 149
29 150
28 151
28 152
29 152
30 151
31 151
32 151
32 152
32 153
33 153
34 153
35 153
36 153
37 153
37 154
38 153
river 2 Berens
36 140
36 139
35 139
35 138
34 138
33 138
32 138
31 138
30 139
29 139
29 138
28 139
28 138
27 138
28 137
27 137
27 136
26 137
25 137
26 136
25 136
24 136
river 2 Berens
60 144
60 143
59 143
58 143
57 143
56 143
55 144
54 144
55 143
54 143
53 144
52 144
51 144
51 143
50 143
49 143
50 142
49 142
49 141
49 140
49 139
49 138
48 138
47 139
river 2 Berens
44 139
43 139
42 140
41 141
41 140
40 141
39 141
40 140
39 140
river 2 Sachigo
83 105
84 104
84 103
85 102
85 101
river 2 
-5 145
-5 144
-4 143
river 2 
-4 144
-4 145
-5 146
-5 147
river 2 
1 150
2 149
3 149
river 2 Mossy
-12 153
-12 152
-12 151
-11 151
-11 150
-10 149
-9 148
river 2 Dauphin
8 145
7 145
8 144
8 143
9 142
9 143
10 143
11 143
river 2 Overflowing
-17 123
-16 123
-15 122
-14 122
-13 121
-13 122
-12 121
-12 120
-11 120
-10 120
-9 120
-8 120
-8 121
-8 122
-7 122
river 2 Red Deer
-13 126
-13 125
-14 125
-15 125
-16 125
-17 125
-18 126
-19 126
-20 127
-21 127
-22 128
-22 127
-23 128
-24 128
-25 128
-25 127
-26 128
-27 128
-28 129
-28 128
-29 128
-30 128
-31 129
-32 129
-33 130
-34 131
-34 130
-35 130
-36 131
-36 132
-37 132
-38 133
-38 134
-39 135
-39 136
-40 137
river 2 Carrot
-17 115
-18 115
-19 115
-18 115
-19 115
-19 114
-20 115
-21 115
-22 116
-23 116
-24 117
-25 117
-25 118
-26 118
-26 119
-27 119
-28 119
-28 120
-29 121
-29 120
-30 121
-30 120
-31 121
-32 121
-33 121
-34 121
-35 121
-35 122
-36 122
-37 122
-38 123
-38 122
-39 123
-39 122
-40 123
-40 122
river 2 Rat
34 68
34 69
35 69
35 70
34 71
34 72
33 73
33 74
34 74
33 75
34 75
34 76
34 77
river 2 Burntwood
56 69
57 69
56 69
56 70
55 70
54 71
53 71
52 71
51 72
50 72
49 73
48 73
48 74
47 74
46 75
45 75
44 76
43 76
42 77
41 78
40 78
39 79
38 79
river 2 Burntwood
38 78
37 78
36 78
37 77
37 76
36 77
35 77
river 2 File
15 91
16 90
15 90
15 89
15 88
15 87
16 87
17 86
17 85
18 84
18 83
19 83
river 2 Burntwood
21 82
22 82
23 81
24 80
25 79
26 79
27 79
27 80
28 80
29 80
30 80
31 80
31 81
32 80
33 79
33 78
34 77
35 77
river 2 Keewatin
28 52
27 52
river 2 Keewatin
29 54
28 55
28 56
28 57
29 57
29 58
29 59
28 60
28 61
27 62
26 62
25 63
26 63
26 64
26 65
river 2 Laurie
22 62
23 61
23 62
22 63
22 64
21 65
22 65
21 66
21 67
22 67
23 67
24 67
25 67
river 2 North Seal
67 20
68 20
69 20
river 2 South Seal
69 21
68 22
67 22
river 2 Wolverine
75 19
75 18
river 2 Seal
80 18
79 19
78 19
77 19
76 19
76 18
river 2 Geikie
-6 50
-5 50
-4 50
-3 49
-2 49
-1 48
0 48
0 47
1 47
2 46
3 46
3 45
4 45
5 44
6 43
7 43
8 42
9 41
10 40
11 40
12 39
river 2 Cochrane
33 37
34 36
35 35
36 34
37 33
38 32
38 31
39 30
40 29
41 28
40 28
41 27
41 26
41 25
40 25
river 2 Cochrane
41 19
40 19
41 18
40 18
41 17
42 16
41 16
40 17
39 18
38 18
37 19
river 2 Cochrane
33 21
32 21
32 20
31 21
river 2 Cochrane
29 21
29 22
28 23
28 24
27 25
river 2 Chipman
22 5
21 6
20 7
19 8
18 9
17 9
16 10
17 10
17 11
river 2 Penobscot
302 189
302 190
302 191
301 192
300 193
300 194
299 194
299 195
299 196
299 197
river 2 Androscoggin
282 205
281 206
282 206
282 207
281 208
281 209
281 210
280 211
281 211
280 212
280 213
281 213
282 213
282 214
283 214
284 213
river 2 Wateree
97 424
98 424
98 425
98 426
99 426
98 427
97 428
98 428
97 429
98 429
97 430
97 431
96 432
96 433
96 434
river 2 Maumee
93 311
94 310
95 310
96 310
97 309
98 308
99 307
100 306
101 305
102 304
river 2 St. Francis
-29 427
-29 428
-29 429
-30 429
-29 429
-30 430
-31 430
-32 431
-32 432
-33 433
-33 434
-34 434
-35 434
-35 435
-35 436
-36 437
-37 438
-36 438
-37 439
-36 439
-36 440
-37 441
-37 442
-37 443
-38 443
-38 444
-39 445
-38 445
river 2 Cimarron
-103 425
-104 425
-105 425
-106 426
-107 427
-108 427
-107 426
-108 426
-109 427
-109 426
-110 427
-109 427
-110 427
-111 427
-111 428
-112 428
-113 428
-114 428
-115 429
-115 428
-116 428
-117 428
-118 429
-119 430
-120 430
-121 430
-122 431
-122 430
-122 429
-123 429
-124 429
-124 428
-125 429
-125 428
-125 427
-126 428
-126 427
-126 426
-126 425
-126 424
river 2 Niobrara
-91 306
-91 307
-90 307
-89 307
-89 308
-88 308
-87 308
-86 308
-86 309
-85 308
-85 309
-84 308
-83 308
-82 307
-81 307
-80 307
-79 306
-78 306
-77 305
-77 306
-76 306
-76 307
-75 306
-75 307
-74 307
-73 307
-72 307
-71 307
-71 308
-70 307
-70 308
-69 308
-69 309
-68 308
-67 307
river 2 White
-75 290
-76 290
-77 290
-78 290
-79 291
-80 291
-81 291
-82 291
-83 291
-84 291
-85 291
-85 290
-86 291
-86 290
-87 291
-87 290
-88 290
-89 291
-89 290
-90 291
-90 290
river 2 Little Missouri
-72 222
-73 222
-74 222
-75 222
-75 221
-76 221
-76 220
-77 220
-77 219
-78 220
-79 221
-80 221
-80 220
-81 221
-81 220
-82 221
-82 220
-83 221
-83 222
-83 221
-84 222
-85 222
-86 223
-86 224
-87 225
-87 226
-88 227
-88 228
-88 229
-88 230
-89 231
-89 232
-90 232
-90 233
-91 234
river 2 Naskaupi
377 12
378 11
379 11
380 10
381 9
382 8
383 7
384 6
385 5
386 4
387 3
388 2
389 1
390 1
391 0
391 1
392 0
393 0
river 2 Naskaupi
395 0
394 1
395 1
395 2
395 3
396 3
397 3
398 3
398 4
399 3
399 4
400 4
401 4
river 2 Little Mecatina
408 30
408 31
409 31
409 32
409 33
409 34
409 35
410 35
411 35
410 36
411 36
410 37
411 37
411 38
412 38
412 39
413 38
413 39
414 38
414 39
413 40
413 41
413 42
413 43
414 43
413 44
414 44
414 45
414 46
415 46
414 47
415 47
416 47
417 47
river 2 Petite rivière de la Baleine
245 35
245 36
246 35
246 36
247 36
248 36
249 36
250 36
251 36
252 35
252 36
253 35
254 35
255 35
256 35
257 35
258 35
259 34
260 34
261 34
river 2 Attawapiskat
150 108
151 108
152 107
152 108
153 107
153 108
154 107
155 106
155 107
156 107
157 107
157 108
158 108
159 108
159 109
160 109
161 108
162 107
162 108
163 107
164 107
165 106
166 106
167 105
168 105
168 106
169 105
169 106
170 105
171 105
172 105
173 105
174 105
175 104
176 104
river 2 Carrot
-3 109
-3 110
-4 110
-5 111
-6 111
-7 111
-8 111
-9 112
-10 112
-11 113
-12 113
-13 113
-14 114
-15 114
-16 114
-17 115
river 2 Burntwood
60 67
59 68
59 67
58 68
57 68
56 69
river 2 Seal
97 15
96 15
95 16
94 17
93 17
92 17
93 16
92 16
91 17
91 18
90 19
89 20
88 20
87 20
87 19
86 19
86 18
85 18
84 19
river 2 Ashuanipi
369 17
368 17
368 16
367 17
367 16
366 17
365 17
365 18
364 18
363 18
362 19
361 19
361 20
361 21
360 22
359 22
359 23
358 23
357 24
356 25
355 25
354 25
354 24
353 24
352 24
352 23
351 24
350 24
350 23
349 23
348 23
348 22
347 22
347 21
346 21
346 20
345 20
344 20
344 19
343 20
344 20
343 21
344 21
343 22
342 22
river 2 Naskaupi
369 17
370 16
371 16
372 15
372 16
373 15
374 14
375 14
376 13
377 12
river 2 Bloodvein
21 145
22 145
23 145
23 146
river 2 Berens
24 136
24 135
23 135
river 2 
-8 147
-8 148
-7 148
-6 147
-6 146
-5 145
river 2 
-4 143
-3 142
-3 143
-4 144
river 2 
-5 147
-5 148
-4 147
-4 148
-3 148
-4 149
-3 149
-3 150
-2 149
-2 150
-3 151
-2 151
-3 152
-3 153
-3 154
-3 155
-2 154
-2 155
-2 154
-1 153
-1 152
0 151
1 150
river 2 
3 149
4 149
5 148
6 147
7 146
8 145
river 2 Dauphin
11 143
12 142
13 142
13 141
14 140
15 139
16 138
17 137
18 136
19 135
river 2 Erie Canal
203 252
204 252
205 252
206 252
207 252
208 251
river 2 
22 26
22 27
21 28
21 29
21 30
river 2 Geikie
12 39
13 38
14 38
15 37
16 36
17 36
18 35
19 35
19 34
20 33
20 32
21 31
21 30
river 2 Cochrane
4 65
4 64
5 63
6 62
7 62
8 62
9 61
10 60
11 60
12 59
13 58
14 57
15 56
16 55
16 54
17 54
17 53
18 52
18 51
18 50
19 49
20 48
21 47
21 46
22 46
22 45
23 44
24 43
25 42
26 41
27 41
28 40
29 39
30 39
31 38
32 37
33 37
river 2 Cochrane
40 25
39 25
39 24
38 24
39 23
39 22
40 22
40 21
40 20
41 19
river 2 Cochrane
37 19
36 19
35 20
34 21
33 21
river 2 Cochrane
31 21
31 20
30 20
29 21
river 2 Cochrane
27 25
26 26
25 27
24 27
24 28
23 28
22 29
21 30
river 2 Jackfish
95 170
96 169
96 168
97 167
97 166
98 165
98 164
97 164
97 163
river 2 Jackfish
101 157
101 156
102 155
103 154
river 2 Nipigon
93 178
94 177
93 177
94 176
94 175
94 174
95 173
95 172
95 171
95 170
river 2 Mossy
-9 148
-8 147
river 2 Overflowing
-7 122
-7 123
-7 124
-6 124
-6 125
river 2 Winooski
243 219
243 218
244 217
244 216
244 215
245 214
244 214
244 213
244 212
244 211
244 210
245 209
river 2 Sakami
235 81
236 80
237 79
237 78
238 78
238 77
river 2 Winisk
107 118
106 118
105 118
104 118
104 119
103 119
102 119
river 2 Chipman
17 11
17 12
river 2 Waswanipi
218 142
217 142
river 2 Waswanipi
216 142
215 142
214 143
214 142
river 2 W.  Br.  Penobscot
295 175
296 175
296 176
296 177
297 177
298 177
river 2 Attawapiskat
113 128
114 128
115 128
116 128
116 129
117 128
117 129
118 129
river 2 Manouane
294 100
293 101
293 102
293 103
294 102
294 103
river 2 Swampy Bay
328 4
328 3
327 3
326 3
326 2
326 1
325 1
326 0
325 0
river 2 
280 20
280 21
279 22
279 23
278 24
278 25
277 26
277 27
river 2 Keewatin
26 65
26 66
27 66
river 2 Laurie
25 67
26 66
river 2 Chibougamau
244 133
244 132
243 133
243 132
242 133
river 2 
273 1
273 2
272 3
271 4
270 4
269 5
268 5
268 6
268 7
267 7
267 8
268 8
269 8
270 8
270 9
river 2 Ogoki
105 154
104 154
103 154
102 154
101 154
100 154
99 154
99 153
river 2 Gens de Terre
212 181
213 181
214 181
214 182
214 183
215 183
river 2 Gens de Terre
219 189
220 189
220 190
river 2 Ottawa
212 181
213 180
214 179
215 179
215 178
216 177
216 178
river 2 Little Missouri
-70 221
-70 220
-71 221
-72 221
-72 222
river 2 Moreau
-70 262
-71 262
-71 261
-72 261
-73 261
-74 262
-75 262
river 2 Sacandaga
231 242
230 243
229 243
229 244
228 245
228 246
227 246
227 245
river 2 French Broad
72 403
71 403
70 404
69 404
69 405
68 405
67 405
river 2 Green
51 387
51 388
52 388
river 2 W.  Br.  Penobscot
302 179
301 179
301 178
300 178
river 2 Raystown Br.  Juniata
166 308
166 309
165 309
164 310
163 311
river 2 Flat
134 386
134 387
river 2 Neuse
134 387
134 388
135 387
135 388
136 388
river 2 Catawba
96 422
96 423
97 423
97 424
river 2 Catawba
97 412
97 413
97 414
river 2 Catawba
100 406
101 405
101 404
101 403
102 402
101 402
101 401
river 2 Little Tallahatchie
-23 444
-24 445
-24 444
-25 445
-26 446
-27 446
river 2 Rock
42 295
41 296
river 2 Wolf
53 273
53 274
river 2 Fox
54 274
53 274
52 274
river 2 St. Francis
-17 404
-17 403
-18 403
-18 402
-18 401
river 2 Cimarron
-101 424
-102 424
-103 424
-103 425
river 2 Big Blue
-77 364
-78 365
-79 366
-80 366
-80 367
-80 368
-80 369
-79 369
river 2 Heart
-76 238
-76 239
-75 239
river 2 Humber
437 62
438 61
438 60
439 59
440 58
river 2 Waswanipi
221 141
221 142
221 143
222 143
river 2 Waswanipi
220 141
220 142
221 141
river 2 Maicasagi
221 141
221 140
222 139
223 139
224 138
river 2 Moisie
340 54
341 53
340 53
341 52
340 52
340 51
341 50
341 49
river 2 
354 16
354 17
river 2 
355 19
355 18
355 17
354 17
river 2 Ashuanipi
343 28
343 29
343 30
343 31
343 32
343 33
343 34
343 35
river 2 Ashuanipi
342 22
342 23
341 24
342 24
342 25
343 25
342 26
343 26
342 27
343 27
343 28
river 2 
286 47
287 47
287 46
288 46
288 45
289 45
river 2 
280 52
281 51
282 50
283 49
284 49
284 48
285 47
286 47
river 2 
281 46
282 45
282 46
283 45
284 45
285 45
285 46
285 47
286 47
river 2 
279 54
278 54
277 55
276 55
276 56
275 56
274 57
275 57
274 58
274 59
river 2 
213 70
214 69
215 69
216 68
216 69
river 2 Roggan
214 70
213 70
river 2 Swampy Bay
333 9
334 8
334 9
335 9
335 10
river 2 
280 15
279 16
278 16
277 16
277 15
276 15
275 15
river 2 Mississagi
135 212
136 211
137 211
river 2 Kabinakagami
131 181
131 180
132 180
132 179
133 179
133 178
river 2 Otoskwin
105 134
106 134
107 133
108 132
river 2 Otoskwin
108 130
109 129
109 130
110 129
111 129
112 128
river 2 Winisk
110 119
111 119
111 118
111 119
112 119
river 2 Winisk
115 117
116 117
117 116
118 115
119 115
119 116
120 116
120 115
121 115
122 114
123 113
123 114
124 113
125 113
river 2 
87 160
88 160
89 160
90 160
river 2 
85 159
86 159
86 160
river 2 Ogoki
85 159
86 158
river 2 Ogoki
90 156
91 155
92 155
93 155
river 2 Dog
73 193
74 193
75 192
74 192
75 191
74 191
river 2 Wabigoon
49 180
48 180
48 179
47 179
46 179
river 2 Wabigoon
42 174
41 174
40 174
41 173
40 173
40 172
39 172
river 2 Berens
36 140
36 141
37 140
38 139
38 140
39 140
river 2 Berens
37 140
36 141
37 141
36 142
37 142
36 143
35 143
35 144
34 144
river 2 Berens
47 139
47 138
46 138
45 139
45 138
44 139
river 2 Sachigo
82 107
82 106
83 106
83 105
river 2 Sachigo
85 101
84 101
85 100
86 100
river 2 Red Deer
-13 126
-12 126
-11 126
-11 127
river 2 Rat
34 77
35 77
river 2 Burntwood
38 78
38 79
river 2 File
21 82
20 83
19 83
river 2 Keewatin
28 52
28 53
28 54
29 54
river 2 North Seal
69 21
69 20
river 2 North Seal
64 19
64 20
65 20
66 20
67 20
river 2 Wolverine
75 18
76 17
77 16
77 15
river 2 Seal
80 18
81 18
82 18
82 19
83 19
84 18
84 19
river 2 Seal
73 20
72 21
71 22
71 21
71 20
70 21
70 20
69 21
river 2 Chipman
24 3
23 4
22 5
river 1 Tallapoosa
32 446
33 446
34 446
34 445
river 1 Coosawattee
47 430
47 431
48 430
49 430
48 431
49 430
49 431
50 430
river 1 Elk
27 425
28 424
29 423
30 423
31 423
32 422
33 421
river 1 Nolichucky
87 401
88 401
89 401
89 400
88 401
89 400
89 399
89 398
90 398
91 398
91 397
river 1 French Broad
76 414
75 415
74 416
73 417
river 1 Powell
85 384
86 384
86 385
85 385
84 386
83 387
river 1 Clinch
97 381
97 380
98 380
99 380
100 379
101 379
102 378
river 1 Salt
61 375
60 376
60 377
60 378
60 379
river 1 Goose
72 384
71 385
72 385
71 386
70 387
69 388
69 389
69 388
river 1 Levisa Fork
92 376
93 376
94 376
94 377
95 377
95 378
river 1 Guyandotte
102 371
103 370
103 371
104 370
104 371
105 370
106 370
107 370
107 369
river 1 Licking
85 376
85 375
85 374
85 373
84 373
river 1 Greenbrier
129 352
130 352
130 351
131 350
132 349
132 348
river 1 Little Kanawha
120 344
121 344
122 344
122 345
123 345
river 1 Youghiogheny
143 329
143 330
142 331
142 332
141 333
141 334
river 1 Moose
285 186
284 186
284 187
284 188
283 188
282 188
281 189
281 190
river 1 Raquette
227 217
226 218
225 218
224 219
224 220
223 221
223 222
222 223
223 223
222 224
223 224
222 225
223 225
223 226
224 225
225 225
225 226
225 227
224 228
225 228
226 228
226 229
227 229
228 229
228 228
229 228
228 229
229 229
228 230
229 230
228 231
228 232
227 233
river 1 Raquette
227 233
226 234
225 235
224 235
224 236
224 237
225 237
river 1 Black
207 239
208 239
209 239
210 238
211 237
212 237
212 238
213 238
213 239
213 240
214 240
214 241
214 242
214 243
214 244
214 245
215 245
river 1 Nottoway
150 368
151 368
152 367
152 368
153 367
153 368
154 368
river 1 Meherrin
145 372
146 372
147 372
148 372
149 372
149 373
150 372
151 372
river 1 Dan
115 382
114 383
115 382
114 383
114 384
114 385
115 385
river 1 Deep
119 396
119 395
118 395
118 394
118 393
117 393
river 1 Cape Fear
141 404
141 403
142 402
142 401
143 400
142 400
142 399
141 400
141 399
140 400
river 1 Little Pee Dee
117 420
117 419
118 418
118 417
117 417
118 416
117 416
117 415
river 1 Saluda
73 418
73 419
74 418
75 418
75 419
76 419
75 420
76 420
river 1 S.  Fk.  Edisto
79 437
80 437
80 438
81 438
81 439
82 439
81 440
river 1 Alcovy
50 441
50 442
51 442
51 443
51 444
51 445
river 1 Hatchie
-12 438
-11 437
-11 438
-12 439
-12 440
-13 441
-14 442
-15 443
river 1 S.  Fk.  Obion
-3 415
-3 416
-2 416
-1 416
0 415
0 416
river 1 Great Miami
89 328
89 327
90 326
91 325
92 324
93 324
river 1 Little Wabash
25 355
24 356
24 357
23 358
22 358
22 359
river 1 Embarras
32 344
31 344
31 345
31 346
31 347
30 348
31 348
30 349
river 1 St. Joseph
86 310
87 309
88 308
river 1 W.  Br.  St. Joseph
88 308
87 308
87 307
86 307
86 306
86 305
river 1 Spoon
15 332
16 331
17 331
18 330
19 329
19 328
river 1 Tippecanoe
74 316
73 317
73 316
72 316
71 316
70 317
69 317
69 318
river 1 Kalamazoo
87 298
88 298
89 298
90 298
90 299
91 299
92 299
91 300
river 1 
105 250
105 251
104 252
104 253
104 254
103 255
104 255
105 255
river 1 Manistee
104 251
104 252
103 253
103 254
102 255
101 256
river 1 Fox
53 289
52 290
52 291
51 292
50 293
49 294
49 295
50 294
river 1 Des Plaines
50 303
51 302
51 301
51 300
51 299
51 298
river 1 Wolf
57 251
57 250
58 249
57 249
58 248
58 249
59 248
59 247
60 247
60 246
river 1 Peshtigo
60 248
61 247
61 246
62 246
63 245
63 246
64 246
64 247
65 247
river 1 Black
37 259
38 258
39 258
40 258
40 257
41 256
42 255
river 1 Cache
-22 412
-22 413
-23 414
-24 415
-25 416
-26 416
river 1 Current
-36 401
-35 400
-34 399
-33 399
-32 398
-31 397
river 1 Osage Fork Gasconade
-43 396
-44 397
-45 397
-45 398
-46 398
-46 399
-47 400
-47 401
river 1 South Skunk
-17 309
-18 310
-18 311
-19 312
-19 313
-19 314
-20 315
-20 316
river 1 Turkey
8 294
7 294
7 293
7 292
6 292
5 293
5 292
4 293
river 1 East Nishnabotna
-40 326
-39 325
-39 324
-38 323
-38 322
-38 321
river 1 Thompson
-35 334
-35 333
-35 332
-36 332
-35 331
-36 331
-36 330
river 1 Chariton
-32 338
-31 337
-30 337
-29 337
-28 336
-28 337
-27 336
river 1 Platte
-48 345
-48 346
-49 347
-48 347
-49 348
-49 349
-50 350
river 1 E.  Fk.  Des Moines
-21 292
-21 291
-22 291
-23 291
-23 290
-23 289
-24 289
river 1 Little Sioux
-29 293
-28 292
-28 291
-28 290
river 1 Big Sioux
-39 268
-38 267
-39 267
-38 266
-37 265
-38 265
-37 264
-37 263
-36 262
-35 261
-35 262
river 1 Otter Tail
-5 232
-6 232
-7 233
-7 234
-8 235
-8 236
-8 237
-7 237
river 1 Meramec
-26 390
-27 391
-26 391
-27 392
-27 393
-27 394
-27 395
river 1 Saline
-67 445
-68 446
river 1 Petit Jean
-80 441
-81 441
-82 442
-82 443
-81 443
-80 442
-80 443
river 1 Cottonwood
-95 383
-94 383
-94 384
river 1 Verdigris
-87 390
-86 389
-86 388
-86 389
-85 388
-85 389
-84 389
-83 389
-83 390
-83 391
river 1 Carrizo
-188 422
-189 422
-188 421
-189 421
river 1 Carrizo
-189 421
-190 421
-190 420
-191 420
river 1 North Fork Red
-168 442
-169 442
-170 443
-170 442
-171 442
-171 441
-172 441
-173 441
-174 441
river 1 Beaver
-185 415
-184 415
-183 415
-182 414
-182 415
-182 416
-181 416
-181 417
-180 417
river 1 Chikaskia
-111 404
-112 404
-112 403
-112 402
-113 403
-113 402
-114 403
-114 402
-115 403
-115 402
river 1 Salt Fork Arkansas
-126 412
-127 412
-126 411
-127 411
-127 410
-128 410
-128 409
river 1 Purgatoire
-201 403
-201 404
-200 404
-201 405
-200 405
-200 406
-199 406
-199 407
-198 406
-198 407
-197 407
-196 406
river 1 Arikaree
-160 366
-159 366
-158 366
-157 365
-156 365
-155 364
-154 363
-153 363
-152 362
-152 363
-151 362
river 1 Republican
-140 355
-141 356
-141 355
-142 356
-143 357
-144 357
river 1 Beaver
-133 363
-134 364
-135 364
-136 365
-137 365
-138 366
-139 366
-139 367
-140 367
river 1 Saline
-117 373
-118 373
-119 373
-120 373
-121 373
-122 373
river 1 S.  Fk.  Solomon
-119 369
-120 369
-121 369
-122 369
-123 369
-124 369
river 1 Big Blue
-79 338
-80 338
-81 339
-82 340
-82 339
-83 340
river 1 Elk Horn
-80 312
-81 312
-81 311
-82 311
-83 311
-84 312
-85 313
-86 313
-86 312
river 1 Bad
-98 285
-99 286
-99 287
-100 287
-101 287
-102 287
-103 288
-104 288
river 1 S.  Fk.   of the Grand
-96 255
-97 255
-98 255
-99 255
-100 256
-101 256
-102 256
-103 257
-103 256
-104 257
-105 257
-106 257
river 1 Big Muddy Cr.
-82 193
-82 194
-83 195
-84 195
-84 196
-85 197
river 1 Pipestone
-46 174
-47 174
-47 173
-48 174
-48 173
-49 173
-50 173
-50 172
-51 172
-52 173
river 1 Moose Mountain
-58 174
-57 174
-56 174
-56 175
-55 175
-55 176
-55 177
-56 178
river 1 Long
-71 189
-72 189
-72 188
-72 187
-73 187
-72 186
-73 186
-72 185
-73 185
-72 184
-73 184
river 1 Moose Jaw
-69 181
-69 180
-69 179
-70 179
-69 178
-70 178
-70 177
-71 177
-71 176
river 1 Nicolet
265 188
266 188
266 189
267 188
267 189
268 189
river 1 Patapédia
318 131
319 131
319 132
319 133
320 133
321 133
river 1 Tobique
325 143
325 142
326 141
327 140
328 140
river 1 Nepisiguit
331 139
331 140
332 139
333 138
334 138
335 138
river 1 York
347 107
347 108
348 108
349 108
349 109
350 108
351 107
351 106
352 106
river 1 Saint Croix
314 172
315 171
315 170
315 169
river 1 Lloyds
433 79
434 79
434 78
435 77
435 76
river 1 Lloyds
436 75
436 74
river 1 North Salmon
452 63
453 63
454 62
454 63
455 63
455 62
456 62
river 1 Gander
458 62
459 62
459 61
460 60
460 59
461 58
river 1 Terra Nova
469 53
468 54
467 55
467 56
466 57
466 58
465 59
river 1 Maicasagi
233 134
233 133
234 133
234 132
233 132
233 131
233 130
232 130
231 131
river 1 
292 74
293 74
294 73
295 73
296 72
river 1 Nemiscau
244 101
245 100
246 100
246 99
247 99
248 98
249 97
249 98
250 97
249 97
river 1 Mistassini
275 106
274 107
274 108
273 109
272 110
272 111
271 112
river 1 Mistassibi
278 101
277 102
278 102
277 103
277 104
277 105
277 106
276 107
276 108
river 1 Betsiamites
302 90
301 91
301 92
300 93
300 94
299 95
298 96
298 97
river 1 Portneuf
292 125
293 124
292 125
292 126
292 127
293 127
292 128
293 128
294 127
294 128
294 129
294 130
293 131
294 131
river 1 Rivière aux Outardes
295 78
296 78
297 77
298 77
299 76
299 77
300 77
299 78
300 77
300 78
300 79
river 1 Hart Jaune
329 58
329 59
329 60
329 61
329 62
river 1 Sainte-Marguerite
333 61
333 62
334 62
333 63
334 63
334 64
333 65
334 65
334 66
river 1 Magpie
359 63
359 62
359 61
359 60
359 59
359 58
358 58
357 59
river 1 
367 32
368 32
369 32
369 31
370 31
371 30
river 1 Kenamu
400 19
401 19
401 18
402 18
403 18
404 18
405 18
404 19
405 19
404 20
405 20
river 1 Goose
390 16
389 16
388 16
387 16
387 17
386 17
385 18
385 17
384 18
river 1 Saint-Jean
364 56
364 57
365 57
366 57
365 58
366 57
366 58
367 57
367 58
367 59
river 1 Romaine
370 39
371 38
372 38
373 37
374 37
374 36
373 36
373 35
372 36
372 35
372 34
river 1 Olomane
398 38
397 38
397 39
397 40
397 41
397 42
398 41
398 42
399 42
400 41
400 42
river 1 Aguanish
376 52
376 53
376 54
377 53
378 52
378 53
379 53
380 52
380 53
river 1 Saint-Augustin
416 16
416 17
417 16
418 16
417 17
418 17
418 18
417 19
417 20
417 21
417 22
river 1 St. Lewis
438 12
439 11
440 10
441 9
441 8
442 8
442 7
443 7
river 1 Alexis
433 8
434 8
435 7
436 6
437 6
438 5
439 4
river 1 Paradise
433 9
432 10
432 9
431 10
431 9
431 8
430 8
431 7
430 7
431 7
432 6
432 5
433 4
432 4
river 1 Kanairiktok
374 0
373 1
374 1
373 2
373 3
374 3
373 4
374 4
river 1 
303 33
304 32
305 32
305 31
306 31
307 30
308 29
309 28
river 1 Conn
222 97
223 97
223 96
224 96
223 96
224 95
225 94
225 95
226 94
226 95
227 94
227 95
river 1 Vauquelin
242 57
241 58
240 58
239 58
238 58
237 59
237 58
river 1 Sable
334 22
333 22
333 21
332 21
331 22
330 22
329 22
330 21
river 1 Sérigny
312 25
311 25
310 25
310 24
310 23
309 24
309 23
308 23
309 22
river 1 Pons
313 14
312 15
311 16
311 15
310 16
309 17
309 18
river 1 Coats
254 37
253 37
252 38
251 38
250 38
249 39
river 1 Nord
261 23
262 23
263 23
264 22
264 23
265 22
river 1 Delay
304 21
304 22
303 23
302 24
302 23
301 23
301 22
300 22
301 21
301 20
302 19
303 18
river 1 Delay
296 23
295 24
295 23
296 22
297 21
298 20
river 1 
260 4
261 4
260 5
261 5
262 5
262 6
263 5
263 6
264 5
264 6
river 1 Jacques-Cartier
279 157
279 156
278 157
278 158
277 159
277 160
276 160
river 1 Trenche
254 149
255 148
256 148
255 149
256 149
256 150
257 149
257 150
257 151
258 150
258 151
river 1 Rouge
239 179
238 180
237 181
236 182
236 183
235 184
234 185
river 1 Coulonge
209 188
210 187
209 188
208 188
207 189
206 189
205 189
204 190
204 191
205 191
204 192
river 1 South Nation
219 219
218 220
217 221
217 222
216 223
215 224
215 225
214 226
214 225
river 1 Thames
143 268
144 268
145 268
145 269
145 270
144 270
144 271
143 271
143 272
142 272
142 273
141 273
river 1 Maitland
149 257
148 257
147 257
146 258
145 259
145 258
144 259
143 259
river 1 Madawaska
183 221
184 220
184 221
185 221
184 222
185 222
186 221
187 221
river 1 Saugeen
148 253
149 252
150 252
150 251
150 252
151 251
151 252
152 252
152 251
153 251
river 1 Magnetawan
171 223
172 223
172 224
172 223
173 223
173 224
174 224
175 223
176 222
175 222
river 1 West Montreal
161 196
162 195
161 195
162 194
161 194
162 193
163 192
164 191
164 192
164 193
165 192
165 191
river 1 Aubinadong
135 206
135 205
135 204
136 203
136 202
136 201
135 202
river 1 Goulais
129 210
130 209
131 208
130 208
131 207
132 206
river 1 Montreal
135 198
135 199
134 199
133 200
133 201
132 201
131 202
131 201
130 202
river 1 Opasatika
148 172
149 171
149 170
150 169
150 168
151 167
151 166
152 165
153 164
river 1 Wekweyaukastik
181 156
181 155
181 154
180 154
180 153
181 152
181 151
180 151
181 150
river 1 Drowning
122 157
122 158
121 159
120 159
119 160
119 161
118 162
117 162
river 1 Kwetabohigan Rapids
163 139
162 140
161 141
160 141
159 142
158 143
157 143
156 144
river 1 Kinosheo
174 127
173 128
172 128
171 129
170 129
170 130
169 130
168 131
168 132
167 132
167 133
river 1 Lawashi
149 121
149 122
150 121
151 121
152 121
152 120
153 120
154 119
154 120
155 119
156 119
157 119
river 1 Kinushseo
162 86
163 86
164 85
165 85
166 84
167 84
168 83
169 83
river 1 Swan
164 91
164 92
165 92
166 91
167 91
166 92
166 93
166 94
167 93
168 93
river 1 Shamattawa
135 104
136 103
136 102
137 102
137 101
138 101
138 100
138 99
139 98
river 1 Wabassi
114 136
115 135
116 135
117 135
118 135
river 1 Pineimuta
85 137
86 136
86 135
87 134
88 134
88 133
89 132
90 131
river 1 Otoskwin
74 143
75 142
75 143
76 143
77 142
77 143
78 142
79 142
river 1 Wenasaga
60 155
61 154
62 153
63 153
64 152
64 153
64 154
63 154
63 155
62 155
63 154
62 155
river 1 Beaver Stone
114 65
113 66
112 66
112 67
113 67
113 68
113 69
113 70
river 1 Manigotagan
29 161
29 162
29 163
30 163
29 163
29 164
30 164
31 164
river 1 Poplar
43 135
44 135
45 134
46 133
46 134
47 133
47 134
48 133
48 134
49 133
river 1 Gunisao
46 118
45 118
45 117
44 117
44 116
river 1 Flanagan
60 135
59 136
58 137
57 137
57 138
56 139
river 1 Cobham
48 126
49 126
50 125
51 125
51 124
52 124
52 125
51 126
51 127
river 1 Echoing
87 98
87 97
87 96
88 96
88 95
89 94
88 94
89 93
river 1 Overflowing
-20 122
-21 123
-20 123
-21 124
-20 123
-20 124
-19 124
-19 125
-18 124
-17 123
river 1 Swan
-21 133
-22 134
-23 134
-23 135
-24 135
-25 136
-25 137
river 1 Niskibi
123 65
122 66
121 67
120 68
119 68
118 68
river 1 Black Duck
116 66
117 65
117 64
117 63
118 62
118 63
119 62
river 1 Kaskattama
104 65
105 64
105 63
106 63
106 62
107 62
108 61
river 1 Stewart
-29 101
-30 101
-30 102
-31 103
-31 104
-30 104
-31 105
-31 106
river 1 Odei
41 66
41 67
42 67
43 67
44 67
river 1 Smoothstone
-46 97
-46 98
-46 99
-46 100
-45 99
-44 98
-43 98
river 1 Foster
-21 71
-20 71
-20 70
-19 69
-18 69
-18 68
-19 68
-20 69
-21 69
river 1 Mudjatik
-14 49
-15 49
-16 50
-16 49
-17 50
-18 51
-18 50
river 1 Owl
93 43
92 44
91 44
90 45
90 44
89 45
88 46
87 46
88 45
87 46
87 45
87 44
river 1 Wheeler
-12 50
-11 49
-12 49
-11 48
-11 47
-10 47
-9 46
-8 46
-7 46
river 1 MacFarlane
-19 38
-18 37
river 1 Laurel
63 390
64 389
river 1 Oostanaula
40 434
40 433
39 434
38 435
37 436
36 437
35 438
35 439
34 440
river 1 Coosawattee
40 434
41 433
42 433
42 432
43 432
44 432
45 431
46 431
46 430
47 430
river 1 Conasauga
43 428
42 429
42 430
41 431
40 431
41 431
40 432
40 433
40 434
river 1 Etowah
40 440
39 440
39 441
38 441
37 441
37 440
36 440
35 440
34 440
river 1 Elk
8 436
9 435
10 434
10 435
11 434
12 433
13 432
14 431
13 431
14 431
15 430
15 431
15 430
16 430
16 429
17 429
18 429
18 428
19 428
20 427
20 428
21 427
21 428
22 427
23 427
24 427
25 426
24 426
25 426
river 1 Powell
82 388
81 388
81 389
80 389
79 390
79 391
78 391
77 392
76 392
75 393
74 393
73 394
72 395
72 394
71 395
70 395
69 395
69 396
68 396
67 397
67 398
66 398
river 1 Clinch
70 398
71 398
71 397
72 397
73 396
74 395
75 394
76 394
77 393
78 393
79 392
79 393
80 392
81 391
82 391
83 390
84 389
85 388
86 387
87 387
88 386
89 385
90 385
91 384
92 384
93 383
94 383
95 382
96 382
96 381
97 381
river 1 Clinch
57 408
58 407
59 406
59 405
60 404
60 405
61 404
60 404
61 403
61 402
62 402
river 1 Salt
48 377
49 376
49 377
49 376
50 376
50 375
51 375
52 375
53 374
54 374
55 374
56 373
56 374
57 374
58 374
59 373
60 373
61 373
61 374
61 375
river 1 S.  Fk.  Kentucky
74 382
74 381
74 380
75 379
74 379
75 378
75 377
river 1 Goose
74 382
73 383
72 384
river 1 Big Sandy
95 359
94 360
95 360
94 361
94 362
93 363
92 364
93 364
river 1 Guyandotte
98 358
99 358
98 359
99 358
98 359
99 359
99 360
99 361
99 362
98 363
99 363
99 364
99 365
100 365
100 366
99 367
100 367
100 368
100 369
100 370
100 371
101 371
102 370
102 371
river 1 Licking
84 373
84 372
83 372
84 371
84 370
83 370
83 369
82 370
82 369
81 369
82 368
81 368
river 1 Licking
80 367
79 367
80 366
79 366
79 365
78 365
77 365
78 364
77 364
76 364
77 363
76 363
75 363
75 362
74 363
74 362
74 361
74 360
73 361
74 360
73 360
74 359
73 360
73 359
74 358
73 358
73 357
72 357
73 356
73 355
74 354
73 355
73 354
73 353
river 1 Greenbrier
113 367
114 367
115 367
116 366
117 365
118 365
118 364
119 364
120 364
120 363
121 363
121 362
122 362
122 361
123 360
122 360
123 359
124 358
125 357
126 356
127 355
127 354
128 354
128 353
129 353
129 352
river 1 Little Kanawha
113 341
114 341
113 342
114 342
114 343
115 343
114 344
114 345
115 345
115 346
115 345
116 345
117 345
117 346
117 345
118 345
117 346
118 346
119 345
120 344
river 1 Youghiogheny
141 316
141 317
142 316
142 317
142 318
141 318
142 318
142 319
141 320
142 320
142 321
143 321
143 322
144 322
144 323
144 324
145 323
145 324
144 325
144 326
144 327
143 328
143 329
river 1 Moose
290 183
289 184
288 185
287 185
286 186
285 186
river 1 Meherrin
151 372
152 372
153 372
154 371
154 372
155 372
156 372
157 372
156 373
157 373
158 373
159 373
160 373
160 374
161 373
161 374
river 1 Dan
115 385
115 386
116 386
116 387
117 386
117 387
117 388
118 387
119 386
120 386
121 385
122 384
123 383
124 383
125 382
126 381
126 382
127 381
128 380
128 381
129 381
130 381
131 380
132 379
133 378
134 378
135 377
136 377
137 376
138 376
river 1 Tar
137 384
138 384
139 384
140 384
141 384
141 385
141 386
141 387
142 387
142 388
143 387
143 388
144 388
145 388
146 387
147 386
147 385
148 385
149 385
150 385
151 385
150 386
150 387
150 388
150 389
151 389
151 390
152 389
152 390
153 389
154 389
154 390
155 389
155 390
156 389
156 390
river 1 Deep
128 396
127 396
126 397
125 398
124 399
124 398
123 399
123 400
122 400
121 400
120 400
120 399
120 398
120 397
120 396
119 396
river 1 Cape Fear
136 416
137 415
137 414
137 413
137 414
138 413
139 413
140 412
139 412
139 411
140 410
140 409
139 409
140 408
139 408
139 407
140 406
141 406
141 405
142 404
141 404
river 1 Little Pee Dee
116 430
116 429
115 429
116 428
116 427
115 427
115 426
116 425
117 424
117 423
118 423
118 422
119 421
118 421
119 420
118 420
117 420
river 1 Lynches
103 419
104 419
104 420
104 421
104 422
104 423
104 424
104 425
104 426
105 425
104 426
105 426
105 427
106 426
106 427
107 427
107 428
108 428
109 427
109 426
110 426
110 427
110 428
111 428
111 429
112 428
112 429
113 429
114 428
river 1 Saluda
80 431
80 432
80 431
81 431
82 431
83 431
84 431
84 432
river 1 Saluda
76 420
76 421
75 422
76 422
75 423
75 424
75 425
75 426
75 427
76 427
76 428
77 428
77 429
78 429
river 1 S.  Fk.  Edisto
81 440
82 440
82 441
83 441
84 441
84 442
85 441
85 442
86 442
87 442
87 443
88 443
89 443
89 444
river 1 North Fork Edisto
85 437
85 438
86 437
86 438
87 438
87 439
88 439
89 439
90 439
90 440
91 440
90 441
90 442
89 443
89 444
river 1 Edisto
95 446
94 446
93 446
92 446
91 446
91 445
90 445
90 444
89 444
river 1 Alcovy
51 445
50 446
river 1 Hatchie
-22 427
-21 426
-21 427
-21 426
-20 426
-19 425
-19 426
-18 425
-17 425
-17 426
-16 426
-16 427
-15 427
-14 427
-13 426
-13 427
-12 427
-12 428
-12 429
-11 429
-11 430
-11 431
-11 432
-10 431
-10 432
-11 433
-10 433
-11 434
-10 434
-11 435
-11 436
-12 437
-12 438
river 1 S.  Fk.  Obion
-6 413
-5 413
-4 413
-5 414
-4 414
-4 415
-3 415
river 1 Great Miami
69 353
70 352
71 351
72 350
73 349
74 348
75 347
76 346
77 345
78 344
79 344
79 343
80 342
81 341
81 340
82 339
82 338
83 337
83 336
83 335
83 334
83 333
84 332
85 331
85 330
86 330
87 329
87 330
88 330
88 329
89 328
river 1 Little Wabash
22 359
21 360
20 361
21 361
20 362
19 363
19 364
20 364
19 365
19 366
19 367
19 368
20 368
20 369
21 368
21 369
21 370
22 370
21 371
22 371
22 372
21 373
20 374
20 375
20 376
21 376
20 377
19 378
20 378
19 379
18 380
18 381
18 382
river 1 Embarras
30 349
30 350
31 350
31 351
30 352
29 353
29 354
28 355
27 356
27 357
27 358
26 359
25 360
25 361
25 362
25 363
26 363
27 363
26 364
27 364
26 365
27 365
28 364
28 365
29 364
28 365
29 365
28 366
29 366
29 367
30 367
30 368
river 1 Spoon
10 343
9 343
8 343
8 342
7 342
7 341
8 340
8 339
9 339
8 339
9 338
9 337
10 336
11 336
12 335
12 334
13 334
13 333
14 332
15 332
river 1 Tippecanoe
69 318
68 318
67 319
67 318
66 319
65 320
64 321
63 322
63 321
62 321
61 321
60 321
59 321
59 322
59 323
58 324
57 325
56 326
55 327
54 328
55 328
54 329
55 329
54 330
54 331
53 332
53 333
river 1 Kalamazoo
74 293
74 294
75 294
76 294
76 295
77 295
77 296
78 296
79 296
79 297
80 297
79 298
79 299
80 299
81 299
82 298
83 297
84 297
84 298
85 298
86 298
87 298
river 1 Muskegon
101 260
100 261
99 262
100 262
99 263
100 263
99 264
98 265
97 266
96 267
95 268
94 269
93 270
92 270
91 271
90 271
90 272
89 272
89 273
89 274
89 275
88 275
88 276
87 276
87 277
86 277
86 278
85 278
85 279
84 279
83 279
83 280
82 280
81 281
80 281
79 282
78 283
77 283
river 1 Au Sable
105 255
106 254
106 255
107 254
108 254
109 254
110 253
110 254
111 253
111 254
112 253
113 253
113 254
114 253
114 254
114 255
114 256
115 256
116 256
117 255
117 256
118 256
119 255
119 256
river 1 Manistee
101 256
100 257
99 257
98 258
97 259
96 259
95 260
94 260
93 260
92 261
91 261
90 262
89 263
88 264
87 265
86 265
85 265
84 265
83 266
82 266
river 1 Fox
50 294
50 295
50 296
49 297
48 298
49 298
48 299
49 299
48 300
49 300
48 301
48 302
47 303
46 304
46 305
46 306
45 307
44 308
44 309
43 310
43 311
43 312
42 313
42 314
41 315
40 316
39 317
38 317
37 318
36 319
35 319
35 320
34 321
33 322
32 323
river 1 Des Plaines
39 321
40 320
41 320
42 319
43 318
43 317
44 316
44 315
45 315
46 314
47 314
47 313
48 312
48 311
49 310
49 309
49 308
49 307
49 306
49 305
50 304
50 303
river 1 Wolf
52 272
52 271
52 270
53 269
54 268
54 269
55 269
56 268
56 267
57 266
57 265
57 264
58 263
58 262
58 261
59 260
58 260
59 259
59 258
60 257
59 257
60 256
60 255
59 255
60 254
59 254
59 253
59 252
58 252
57 252
58 251
57 251
river 1 Black
20 280
21 280
21 279
22 278
23 278
24 278
25 278
25 277
26 277
27 276
28 275
28 274
29 273
30 272
31 271
32 270
33 269
34 268
33 268
34 267
34 266
35 265
35 264
35 263
35 262
36 261
36 260
37 260
37 259
river 1 Cache
-26 416
-27 417
-28 417
-29 418
-30 419
-31 420
-31 421
-32 422
-33 423
-34 424
-35 425
-36 426
-36 427
-37 428
-38 429
-39 430
-39 431
-40 432
-41 433
-42 434
-42 435
-43 436
-44 437
-44 438
-45 439
-45 440
-46 441
-47 442
-47 443
-46 443
-47 444
-48 445
river 1 Current
-31 417
-30 416
-29 415
-28 415
-28 414
-27 414
-27 413
-27 412
-27 411
-27 410
-27 409
-27 408
-27 407
-26 406
-26 405
-26 404
-27 404
-26 403
-27 403
-26 402
-26 401
-27 402
-27 401
-27 400
-28 401
-29 401
-29 400
-28 399
-29 400
-29 399
-30 399
-30 398
-31 398
-31 397
river 1 Gasconade
-21 374
-22 375
-23 376
-22 376
-22 377
-23 377
-22 376
-23 377
-23 378
-24 378
-23 378
-24 379
-25 379
-26 380
-27 380
-27 381
-28 382
-27 382
-28 383
-29 383
-29 384
-30 385
-29 385
-30 386
-31 386
-31 387
-32 388
-33 389
-34 390
-34 389
-35 389
-34 389
-35 390
-36 390
-37 390
-38 391
-39 392
-39 391
-40 392
-39 392
river 1 Osage Fork Gasconade
-39 392
-40 393
-41 394
-40 394
-41 395
-42 396
-43 396
river 1 South Skunk
-20 316
-21 317
-21 318
-22 319
-21 319
-21 320
-22 321
-21 321
-21 322
-21 323
-20 323
-19 323
-18 323
-19 324
-18 324
-18 325
-18 326
-17 326
-17 327
-16 327
-16 328
-15 328
-14 328
-14 329
-13 329
-13 330
-12 330
-11 330
-10 330
-9 330
-8 330
river 1 Skunk
-8 330
-7 329
-7 330
-6 330
-5 330
-5 331
-5 332
-6 333
-6 334
-5 333
-6 334
-5 334
-5 335
-4 335
-5 336
-4 336
-3 336
-3 337
-2 337
-2 338
-1 338
river 1 Turkey
15 302
14 302
13 302
12 302
12 301
12 300
11 300
11 299
10 299
10 298
9 298
9 297
8 298
9 297
8 297
7 297
8 296
7 296
7 295
8 294
river 1 East Nishnabotna
-56 344
-56 343
-55 343
-54 342
-53 342
-52 341
-51 340
-50 339
-50 338
-49 337
-48 336
-47 335
-47 334
-46 333
-45 332
-44 331
-44 330
-43 330
-42 329
-41 328
-40 327
-40 326
river 1 West Nishnabotna
-44 326
-44 327
-45 327
-45 328
-46 328
-46 329
-47 330
-48 331
-49 332
-49 333
-50 334
-50 335
-51 336
-52 337
-53 338
-54 339
-54 340
-55 341
-55 342
-56 343
-56 344
river 1 Thompson
-39 358
-39 357
-38 357
-38 356
-37 355
-38 355
-37 354
-37 353
-37 352
-37 351
-37 350
-37 349
-36 348
-37 348
-36 347
-36 346
-36 345
-35 344
-34 343
-34 342
-35 342
-35 341
-34 340
-34 339
-35 340
-35 339
-35 338
-35 337
-35 336
-35 335
-35 334
river 1 Chariton
-34 366
-34 365
-34 364
-33 364
-32 363
-32 362
-31 362
-31 361
-30 361
-29 360
-28 359
-28 358
-27 357
-27 356
-26 355
-26 354
-25 353
-26 353
-25 352
-25 351
-24 350
-24 349
-23 348
-24 348
-23 347
-23 346
-22 345
-22 344
-22 343
-21 343
-21 342
-21 341
-21 340
-21 339
-22 339
-22 338
river 1 Chariton
-27 336
-27 337
-26 336
-25 336
-25 337
-24 337
-23 337
river 1 Platte
-50 350
-50 351
-51 352
-51 353
-52 354
-52 355
-52 356
-52 357
-53 358
-53 359
-53 360
-53 361
-54 361
-54 362
-54 363
-53 363
-54 363
-54 364
-55 365
-56 366
-57 366
-57 367
-58 368
river 1 E.  Fk.  Des Moines
-23 306
-22 305
-21 304
-22 304
-21 303
-21 302
-22 302
-21 301
-21 300
-20 299
-19 298
-19 297
-19 296
-19 295
-20 296
-20 295
-21 295
-21 294
-21 293
-22 293
-21 292
river 1 Little Sioux
-52 323
-51 323
-51 322
-50 321
-50 320
-49 319
-50 319
-49 318
-48 317
-47 316
-47 315
-46 315
-46 314
-45 313
-44 312
-44 311
-43 311
-42 310
-42 309
-41 309
-40 308
-39 307
-38 306
-38 305
-37 305
-37 304
-36 304
-36 303
-35 303
-35 304
-34 303
-33 303
-32 303
-32 302
-31 302
-31 301
-30 301
-30 300
-30 299
-31 299
-31 298
-31 297
-30 297
-30 296
-30 295
-30 294
-29 293
river 1 Big Sioux
-51 311
-51 310
-51 309
-51 308
-51 307
-51 306
-50 306
-49 305
-49 304
-48 303
-47 302
-47 301
-46 301
-46 300
-46 299
-46 298
-46 297
-45 297
-45 296
-45 295
-45 294
-44 293
-44 292
-45 292
-46 293
-46 292
-45 291
-45 290
-44 289
-44 288
-43 288
-42 287
-42 286
-42 285
-41 285
-41 284
-40 284
-40 283
-40 282
-41 282
-41 281
-41 280
-41 279
-41 278
-40 277
-40 276
-39 276
-39 275
-40 275
-39 274
-40 274
-39 273
-40 273
-39 272
-40 272
-39 271
-39 270
-39 269
-39 268
river 1 Otter Tail
-7 237
-7 238
-8 238
-8 239
-9 240
river 1 Otter Tail
-21 243
-21 244
-21 245
-20 245
-19 245
-18 245
-17 245
-17 244
-16 243
-16 244
-15 243
-15 244
-15 243
-14 242
-15 242
-14 242
-13 241
-13 242
-12 241
-13 242
-12 242
river 1 Meramec
-7 377
-7 376
-8 377
-8 376
-8 375
-9 375
-10 376
-10 377
-11 377
-12 377
-13 377
-13 378
-14 378
-15 379
-14 379
-15 380
-15 379
-16 380
-15 380
-16 381
-16 380
-17 381
-18 381
-18 382
-19 382
-19 383
-20 384
-21 385
-22 386
-22 385
-23 386
-24 387
-24 386
-25 387
-26 387
-26 388
-26 389
-26 390
river 1 Petit Jean
-65 438
-66 439
-67 440
-68 441
-68 440
-69 441
-70 441
-71 441
-72 441
-73 442
-73 441
-74 441
-75 441
-76 441
-77 441
-78 441
-77 440
-78 440
-79 441
-80 441
river 1 Cottonwood
-80 385
-81 385
-82 385
-83 385
-84 385
-85 385
-86 385
-87 385
-88 386
-89 386
-89 387
-90 387
-91 387
-92 388
-93 388
-93 387
-93 386
-93 385
river 1 Neosho
-78 386
-79 387
-79 386
-80 386
-80 385
river 1 Neosho
-78 387
-77 387
-78 388
-78 389
-78 390
-77 390
-78 391
-77 391
-77 392
-76 392
-76 393
-77 393
-77 394
-78 395
-78 396
-78 397
-78 398
-77 397
-77 398
-78 399
-77 399
-77 400
-76 400
-77 401
-77 402
-77 403
-77 404
-78 405
-78 406
-78 407
-79 408
-78 408
-79 409
-78 409
-78 410
-78 411
river 1 Neosho
-89 425
-88 424
-89 424
-88 423
-87 422
-86 422
-86 421
-85 420
river 1 Neosho
-90 428
-90 429
-91 430
-92 430
river 1 Verdigris
-83 391
-83 392
-84 393
-83 393
-84 394
-83 394
-84 395
-84 396
-84 397
-83 397
-83 398
-83 399
-82 399
-83 400
-83 401
-84 402
-83 402
-84 403
-85 404
-84 404
-85 404
-85 405
-85 406
-85 407
-86 408
-85 408
-86 409
-86 410
-87 411
-87 412
-87 413
-88 414
-87 413
-88 414
-88 415
river 1 Verdigris
-91 419
-92 420
-92 421
-93 422
-94 423
-93 423
-92 423
-93 424
-93 425
-93 426
-93 427
-94 427
-93 427
-93 428
-93 429
-92 428
-92 429
-92 430
river 1 Carrizo
-182 427
-182 426
-183 427
-183 426
-184 427
-185 427
-185 426
-184 425
-185 425
-185 424
-186 424
-186 423
-187 423
-188 423
-188 422
river 1 Rita Blanca
-182 424
-181 424
-182 425
-182 426
-182 427
-181 427
-181 428
-182 429
-183 430
-183 431
-183 432
-184 433
-184 434
river 1 North Fork Red
-150 446
-150 445
-151 445
-150 444
-151 444
-151 443
-152 443
-151 442
-151 441
-152 441
-153 442
-153 441
-154 441
-155 441
-156 441
-157 441
-158 441
-159 441
-160 442
-160 441
-160 440
-160 439
-161 439
-162 439
-163 440
-164 440
-165 441
-166 441
-167 442
-168 442
river 1 North Canadian
-158 416
-158 417
-157 416
-157 417
-156 416
-155 416
-154 415
-153 414
-152 414
-151 414
-150 413
-150 414
-149 414
-148 413
-148 414
-147 414
-146 414
-146 415
-145 414
-145 415
-144 414
-143 414
-143 415
-142 415
-142 416
-142 417
-141 417
-141 418
-140 418
-139 418
-138 418
-139 419
-139 420
-138 420
-138 421
-137 420
-137 421
-137 422
-137 423
-136 423
-136 424
-136 425
-135 425
-135 426
-134 425
-134 426
-133 426
-132 426
river 1 Beaver
-180 417
-179 417
-178 417
-177 417
-176 416
-175 416
-175 417
-174 417
-173 417
-173 418
-173 419
-172 419
-172 420
-171 420
-170 420
-170 419
-169 419
-168 418
-167 418
-167 417
-166 417
-165 416
-164 416
-163 416
-162 415
-161 415
-160 415
-160 416
-159 416
river 1 Chikaskia
-110 417
-109 416
-110 416
-109 415
-109 414
-109 413
-109 412
-109 411
-109 410
-110 410
-109 409
-110 409
-110 408
-110 407
-110 406
-111 406
-112 406
-111 405
-112 405
-111 404
river 1 Salt Fork Arkansas
-108 417
-108 416
-109 417
-110 417
-110 416
-111 416
-112 416
-113 416
-114 416
-115 417
-115 416
-116 416
-117 416
-117 415
-118 415
-119 416
-119 415
-120 416
-120 415
-121 415
-121 414
-121 413
-122 414
-122 413
-123 414
-124 414
-125 414
-126 414
-126 413
-126 412
river 1 Purgatoire
-196 406
-196 407
-195 406
-194 406
-194 405
-193 405
-192 404
-191 404
-191 405
-191 406
-190 406
-189 406
-188 405
-187 405
-186 404
-186 403
-185 403
-184 402
-183 401
-182 401
-182 400
-181 400
-180 399
-179 398
-178 398
-178 397
-177 397
-176 396
-175 396
-175 395
-174 395
-173 394
-173 393
-172 392
-171 392
-171 391
-170 391
-170 390
river 1 Arikaree
-151 362
-150 362
-149 362
-148 361
-147 361
-146 361
-145 361
-144 360
-143 360
-142 359
-141 359
-140 358
-139 357
-138 357
-137 356
river 1 Republican
-132 356
-133 356
-134 356
-135 356
-136 356
-137 357
-137 356
-138 356
-138 355
-139 356
-139 355
-140 355
river 1 Beaver
-107 355
-108 355
-109 355
-110 355
-110 354
-111 355
-112 355
-113 355
-114 356
-114 355
-115 356
-115 355
-116 356
-117 356
-118 356
-119 356
-120 357
-121 357
-122 358
-123 358
-124 359
-125 359
-126 359
-127 360
-128 360
-129 361
-130 361
-131 362
-132 363
-133 363
river 1 Saline
-94 377
-95 377
-95 376
-96 376
-96 375
-97 375
-98 375
-98 374
-99 375
-99 374
-100 375
-100 374
-101 375
-101 374
-102 374
-103 375
-104 375
-105 375
-106 376
-107 376
-107 375
-108 376
-108 375
river 1 Saline
-108 375
-109 375
-110 376
-110 375
-110 374
-111 375
-111 374
-112 374
-112 373
-113 373
-114 373
-115 374
-115 373
-116 374
-117 374
river 1 S.  Fk.  Solomon
-101 367
-102 367
-103 367
-104 367
-105 367
-106 367
-107 367
-108 367
-109 367
-110 367
-111 367
-112 368
-113 368
-114 368
-115 369
-115 368
-116 369
-116 368
-117 368
-118 369
-119 369
river 1 Big Blue
-77 364
-76 363
-77 363
-76 362
-77 362
-77 361
-76 360
-76 359
-75 358
-74 357
-74 356
-73 356
-73 355
-73 354
-73 353
-73 352
-73 351
-74 351
-73 350
-74 350
-74 349
-74 348
-73 347
-73 346
-73 345
-72 344
-73 344
-72 343
-73 343
-72 342
-72 341
-72 340
-72 339
-72 338
-72 337
-73 337
-74 337
-74 336
-75 336
-76 337
-77 337
-78 338
-79 338
river 1 Elk Horn
-60 335
-60 334
-59 334
-59 333
-59 332
-58 331
-59 331
-58 330
-59 330
-59 329
-59 328
-59 327
-60 327
-60 326
-61 326
-61 325
-60 324
-60 323
-60 322
-61 322
-61 321
-62 321
-63 321
-64 322
-64 321
-65 322
-66 322
-66 321
-67 321
-68 321
-68 320
-69 320
-70 320
-71 320
-72 320
-73 320
-73 319
-73 318
-74 318
-75 318
-75 317
-75 316
-76 316
-75 315
-76 315
-76 314
-77 314
-77 313
-78 314
-78 313
-79 313
-80 313
-80 312
river 1 Bad
-79 279
-80 279
-80 280
-81 280
-82 281
-83 281
-84 281
-85 282
-86 283
-87 283
-88 283
-89 284
-90 284
-91 285
-91 284
-92 285
-92 284
-93 285
-93 284
-94 285
-95 285
-96 285
-97 285
-98 285
river 1 Grand
-71 256
-72 256
-72 255
-73 256
-74 256
-75 256
-75 255
-75 254
-76 255
-76 254
-77 255
-78 255
-79 255
-80 256
-80 255
-81 255
-82 255
-83 256
-83 255
-84 255
-84 254
-85 255
-85 254
-86 254
-87 254
river 1 North Fk.  of the Grand
-87 254
-87 253
-88 253
-89 253
-89 252
-90 252
-90 251
-91 251
river 1 S.  Fk.  of the Grand
-87 254
-88 254
-88 255
-89 255
-89 256
-90 256
-91 256
-92 256
-92 255
-93 256
-93 255
-94 255
-95 255
-96 256
-96 255
river 1 Tongue
-123 246
-122 246
-121 245
-120 244
-119 243
-119 242
-119 241
-118 240
-119 240
river 1 
181 198
181 197
180 197
180 198
river 1 Big Muddy Cr.
-85 197
-85 198
-84 198
-84 199
-83 199
-82 198
-82 199
-82 200
-83 201
-82 201
-83 202
-84 203
-85 204
-85 205
-86 205
-86 206
-87 206
-87 207
-88 207
-89 208
-89 209
-88 209
-89 210
river 1 Pembina
-6 196
-7 197
-7 196
-8 197
-8 196
-9 196
-10 196
-11 197
-12 197
-13 197
-14 198
-15 198
-15 197
-16 197
-15 196
-16 196
-16 195
-16 194
-17 195
-18 195
-19 195
-19 194
-18 193
-18 192
-19 192
-18 191
-19 191
-19 190
-19 189
-20 190
-21 191
-22 192
-23 192
-24 193
-24 192
-25 192
river 1 Pipestone
-36 184
-36 183
-37 184
-38 185
-39 186
-39 185
-40 186
-40 185
-39 184
-40 184
-40 183
-40 182
-41 182
-41 181
-41 180
-41 179
-41 178
-42 178
-41 177
-42 177
-42 176
-42 175
-43 176
-44 176
-44 175
-45 175
-46 175
-46 174
river 1 Moose Mountain
-56 178
-57 179
-56 179
-56 180
-56 181
-56 182
-56 183
-56 184
-55 184
-55 185
-54 185
-53 185
-53 186
-52 185
-52 186
-51 186
-51 187
-52 188
-53 189
-53 190
-54 191
-55 192
-54 192
river 1 Long
-63 193
-64 194
-64 195
-65 195
-65 196
-66 196
-67 196
-68 196
-68 195
-69 195
-68 194
-69 194
-69 193
-70 193
-70 192
-71 192
-71 191
-71 190
-71 189
river 1 Moose Jaw
-71 176
-72 176
-72 175
-72 174
-72 173
-72 172
-73 172
-72 171
-73 171
-74 171
-75 172
-75 171
-75 170
-76 170
-75 169
-74 169
-73 169
-72 168
-72 167
-71 166
river 1 Qu'Appelle
-34 170
-35 170
-36 170
-36 169
-37 169
-38 169
-39 170
-38 169
-39 169
-40 169
-40 168
-41 168
-42 169
-43 169
-43 168
-44 168
-45 169
-45 168
-46 168
-46 167
-47 167
-47 166
-48 166
-49 167
-50 167
-50 168
-51 168
-52 168
-52 167
-53 167
-54 167
-54 166
-54 165
-54 164
-55 164
-55 163
-56 163
-57 163
-58 163
-59 163
-60 163
-61 163
-61 162
-62 162
-63 163
-64 163
-64 164
-65 164
-66 165
-67 165
-68 165
-69 166
-69 165
-70 166
-70 165
-71 166
-72 166
-72 165
-72 164
-73 164
-72 163
-73 163
-73 162
-74 162
-74 161
-74 160
-75 160
-75 159
-76 159
-75 158
-76 158
-77 158
-78 158
river 1 Saint-François
253 190
254 190
254 191
255 190
255 191
256 190
256 191
257 191
258 191
257 192
258 192
259 192
260 192
260 193
260 194
261 194
261 195
262 195
263 195
262 196
263 196
263 197
263 198
264 198
264 197
265 196
266 195
267 195
267 194
268 194
268 193
269 192
269 191
270 191
270 190
271 189
271 188
272 187
271 187
272 186
273 185
river 1 Nicolet
257 186
257 187
258 187
258 188
259 188
260 188
261 188
261 189
262 189
263 188
264 187
265 187
265 188
river 1 Restigouche
324 135
324 134
325 134
326 134
327 133
328 132
329 132
329 131
river 1 Restigouche
321 140
322 139
322 138
323 138
323 137
324 136
323 136
324 135
river 1 Patapédia
321 133
322 133
321 134
321 135
322 135
323 135
324 135
river 1 Tobique
318 154
319 154
320 154
320 153
321 153
321 152
322 151
321 151
322 150
323 149
323 148
324 147
324 146
325 145
325 144
325 143
river 1 Nepisiguit
335 138
336 137
336 138
336 137
337 137
338 136
339 136
340 135
340 136
341 135
342 134
343 134
343 133
343 132
344 131
344 130
river 1 York
352 106
352 107
353 107
353 108
354 107
355 106
356 106
357 105
358 105
river 1 Saint Croix
321 178
320 179
319 180
318 180
318 179
317 179
river 1 Saint Croix
317 179
318 178
317 178
318 177
318 176
318 175
318 174
319 173
318 173
river 1 Lloyds
443 66
442 67
441 68
441 69
440 69
440 70
439 71
438 72
437 73
436 74
river 1 
458 66
459 66
460 66
river 1 North Salmon
456 62
456 63
456 64
457 64
river 1 Salmon
457 65
457 66
457 67
458 66
458 67
457 68
457 69
457 70
457 71
river 1 Gander
473 38
473 39
473 40
472 41
471 42
470 43
469 44
469 45
river 1 Gander
461 58
461 57
462 57
462 56
463 55
462 55
463 54
464 53
464 54
465 53
465 52
466 51
466 50
467 49
467 48
468 47
river 1 Bay du Nord
466 61
465 62
464 63
464 64
463 65
464 65
463 66
464 66
463 67
464 67
464 68
river 1 Terra Nova
480 42
480 43
479 44
479 45
478 46
478 47
477 47
477 48
476 48
476 49
475 50
475 51
474 52
473 52
472 53
472 52
471 53
470 53
469 54
469 53
river 1 Long Harbour
470 63
469 63
470 62
469 62
470 61
470 60
470 59
470 58
470 57
469 58
river 1 
237 145
237 144
river 1 
239 141
240 140
241 139
241 140
river 1 Maicasagi
224 138
225 138
226 137
226 138
227 137
228 137
229 136
230 136
231 135
232 135
232 134
233 134
river 1 Broadback
205 122
206 122
207 121
207 122
208 121
209 121
210 121
211 121
212 121
213 120
213 121
214 120
214 121
214 122
215 121
215 122
216 122
217 121
218 121
218 120
219 120
220 120
221 119
222 119
223 118
224 118
225 117
river 1 Broadback
226 119
227 119
227 120
226 120
river 1 Broadback
226 124
227 124
228 123
229 123
229 124
230 124
231 123
231 124
232 123
233 123
234 123
235 122
236 122
237 121
237 122
238 121
238 122
239 121
240 121
241 120
241 121
242 120
243 119
244 118
245 117
246 116
247 115
248 114
248 115
248 114
249 114
248 115
249 115
river 1 
231 121
230 121
229 121
228 121
228 120
river 1 
283 78
284 78
285 77
286 76
286 77
287 77
286 78
287 78
288 77
289 77
290 76
291 75
river 1 Nemiscau
243 101
244 101
river 1 Nemiscau
228 113
229 113
230 112
231 111
232 111
233 110
234 109
235 109
235 108
236 108
237 107
238 107
238 106
239 105
240 104
240 103
241 103
river 1 Mistassini
271 112
271 113
270 114
269 115
269 116
269 117
268 118
269 118
268 119
268 120
268 121
268 122
267 123
267 124
267 125
267 126
267 127
266 128
267 128
266 129
267 129
267 130
266 131
267 131
266 132
266 133
266 134
266 135
266 136
267 136
267 137
266 138
266 139
267 138
267 139
268 139
269 138
269 139
269 140
270 140
river 1 Mistassibi
268 143
268 142
269 141
270 140
270 139
271 138
271 137
272 136
272 135
272 134
272 133
272 132
273 131
274 130
274 131
274 130
275 129
275 128
274 128
274 127
274 126
275 125
275 124
274 124
275 123
274 123
274 122
274 121
274 120
274 119
274 118
274 117
275 116
275 115
274 115
275 114
275 113
275 112
275 111
275 110
276 109
river 1 Betsiamites
298 97
297 97
297 98
296 99
296 100
296 101
296 102
296 103
296 104
297 104
298 104
297 105
297 106
298 106
297 107
298 107
299 107
298 108
298 109
298 110
298 111
299 110
299 111
299 112
298 113
299 113
298 114
297 115
296 116
river 1 Betsiamites
299 121
300 120
300 121
300 120
301 120
301 121
302 121
303 121
304 121
304 122
305 122
306 122
307 122
308 122
308 123
308 124
309 124
310 123
311 123
river 1 Portneuf
294 131
295 131
295 132
296 131
297 131
298 131
299 131
300 131
301 130
302 130
303 130
304 130
305 130
river 1 Rivière aux Outardes
300 79
301 79
300 80
301 79
301 80
301 81
river 1 Rivière aux Outardes
302 85
302 86
302 87
303 87
303 88
304 88
304 89
304 90
304 91
304 92
305 91
305 92
305 93
305 94
306 94
306 95
306 96
307 96
308 96
307 97
308 97
river 1 Rivière aux Outardes
310 111
310 112
310 113
311 113
311 114
312 113
312 114
312 115
313 115
313 116
313 117
313 118
314 118
river 1 Hart Jaune
322 75
323 74
324 73
325 72
river 1 Hart Jaune
327 68
328 67
329 66
329 65
329 64
329 63
329 62
river 1 Sainte-Marguerite
334 66
334 67
335 67
334 68
335 68
335 69
336 69
335 70
335 71
336 71
335 72
335 73
334 73
334 74
334 75
334 76
334 77
334 78
334 79
335 79
334 80
334 81
334 82
335 82
336 82
336 83
335 84
335 85
336 85
336 86
337 86
337 87
338 87
337 88
337 89
337 90
336 91
336 92
336 93
river 1 Magpie
358 66
359 65
358 65
359 64
359 63
river 1 Magpie
360 72
360 73
360 74
361 74
361 75
362 75
361 76
361 77
361 78
361 79
361 80
river 1 
381 16
382 16
383 15
384 14
384 13
river 1 
371 19
372 19
373 19
374 19
374 18
375 18
376 18
377 17
377 18
378 17
378 18
379 17
river 1 McPhadyen
332 30
333 30
334 29
334 30
333 31
334 30
334 31
335 31
336 30
337 29
337 30
338 29
339 29
340 29
341 29
342 28
river 1 
371 30
372 29
373 29
374 28
374 29
375 28
376 28
377 27
376 27
river 1 
355 55
354 56
river 1 
363 44
364 44
364 45
364 46
364 47
364 48
364 49
363 50
363 51
362 52
361 53
361 54
360 55
361 55
360 56
360 55
359 56
358 56
357 57
357 56
river 1 Kenamu
405 20
406 20
407 20
408 19
408 18
409 17
408 17
409 16
409 15
410 15
410 14
410 13
410 12
411 11
411 10
411 9
411 8
411 7
412 6
411 6
412 5
411 6
411 5
river 1 Goose
406 9
405 10
404 11
403 11
402 11
401 11
400 11
399 11
398 12
398 11
397 12
396 13
395 14
394 14
393 15
392 15
392 16
391 16
390 16
river 1 Red Wine
384 11
384 10
385 9
386 8
387 7
388 7
389 6
389 7
390 7
391 7
392 7
393 7
394 7
395 7
396 6
397 6
398 5
399 4
river 1 Saint-Jean
367 59
367 60
366 61
366 62
365 63
365 64
364 65
363 66
364 66
364 67
365 67
365 68
365 69
364 70
365 70
364 71
365 71
365 72
366 72
366 73
365 74
365 75
364 76
364 77
363 78
363 79
river 1 Romaine
369 76
370 76
371 75
372 75
373 74
374 74
374 73
375 72
374 72
375 71
374 71
375 70
375 69
375 68
375 67
375 66
375 65
375 64
374 64
374 63
373 63
374 62
373 62
373 61
374 60
374 59
374 58
373 58
372 58
371 58
370 58
370 59
369 59
369 58
369 57
370 56
371 55
370 55
370 54
370 53
370 52
370 51
369 51
370 50
370 49
369 49
369 48
river 1 Romaine
369 47
369 46
river 1 Romaine
368 44
367 44
367 43
367 42
368 41
368 40
369 40
370 39
river 1 Mistanipisipou
391 46
390 47
389 47
389 46
388 46
387 46
387 45
386 46
386 45
385 45
384 45
384 44
383 45
382 45
382 44
381 45
380 45
379 45
379 44
378 44
river 1 Olomane
400 42
401 42
402 42
403 42
402 43
402 44
403 44
402 45
403 45
403 46
402 47
403 47
402 48
402 49
403 49
404 49
404 50
404 51
405 51
405 52
405 53
405 54
404 55
405 55
406 55
406 56
406 57
405 57
404 58
403 59
404 59
404 60
river 1 Aguanish
380 53
381 53
382 53
382 54
383 54
384 54
385 54
385 55
386 55
387 55
387 56
388 55
388 56
389 55
389 56
388 57
389 57
389 58
389 59
388 60
388 61
389 60
388 61
389 61
388 62
388 63
388 64
389 64
389 65
388 66
389 66
388 67
387 68
river 1 Saint-Augustin Nord-Ouest
415 32
415 33
415 34
416 34
416 35
417 34
418 34
419 33
420 32
420 33
421 33
422 33
423 33
424 33
425 33
river 1 St. Paul
428 13
429 13
429 14
429 15
429 16
430 16
431 16
431 15
432 15
433 14
433 15
434 14
434 15
434 16
433 17
434 17
433 18
434 18
434 19
435 19
436 18
436 19
437 19
436 20
436 21
435 22
435 23
435 24
river 1 Saint-Augustin
417 22
417 23
416 24
416 25
417 25
417 26
418 26
419 26
420 26
421 26
422 26
423 26
423 27
424 27
425 27
424 28
425 28
425 29
425 30
425 31
425 32
425 33
river 1 St. Lewis
443 7
444 6
445 5
446 4
446 3
447 3
448 2
449 1
450 0
river 1 Alexis
439 4
440 3
441 2
442 1
443 1
444 0
445 0
river 1 Paradise
432 4
433 3
434 2
433 2
434 1
434 0
river 1 Kanairiktok
374 4
374 5
375 5
376 5
376 6
377 6
378 5
379 5
380 5
381 4
381 5
382 4
382 5
383 4
384 4
384 3
385 2
386 1
386 0
387 0
river 1 
327 56
326 56
326 55
325 55
river 1 
327 50
326 50
river 1 
323 53
323 54
324 54
324 55
river 1 
328 50
329 50
328 51
river 1 
329 44
328 44
327 45
326 45
325 45
324 46
324 45
323 46
323 45
324 45
324 44
323 44
river 1 
319 47
319 46
river 1 
309 28
309 27
308 27
308 26
307 26
306 26
306 25
307 24
306 24
305 24
304 25
303 25
303 26
302 26
301 27
300 28
299 28
river 1 
297 29
298 28
river 1 
292 30
293 30
river 1 
288 31
289 31
290 30
river 1 
256 75
256 74
256 73
257 73
257 72
256 72
257 71
256 72
255 72
256 71
256 70
river 1 
265 62
264 63
263 63
262 64
261 65
261 64
260 65
259 65
258 66
257 66
river 1 Conn
213 103
214 102
215 102
216 102
217 101
217 100
218 100
219 99
220 99
221 98
222 97
river 1 Maquatua
212 93
213 93
214 92
215 91
216 91
216 90
217 90
218 89
219 88
220 88
221 87
221 88
222 87
223 87
224 86
225 85
river 1 
244 65
245 64
246 64
247 64
248 64
249 64
250 64
250 65
251 65
252 64
253 64
254 63
255 62
255 63
256 62
257 62
257 61
258 61
river 1 Roggan
236 68
235 68
235 67
234 67
233 67
232 68
232 67
231 68
230 68
231 68
230 69
229 70
228 70
river 1 Roggan
226 71
225 71
224 71
223 71
222 71
221 71
220 71
220 70
219 71
219 70
218 71
218 70
217 71
216 71
216 70
215 70
214 70
river 1 Vauquelin
224 60
223 60
222 60
221 60
220 60
river 1 Vauquelin
237 58
236 59
236 58
235 59
235 58
234 59
234 58
233 59
232 59
231 60
230 60
230 59
229 60
229 59
228 59
228 58
227 59
226 59
river 1 Sable
330 21
329 21
328 21
327 21
328 20
327 20
327 19
327 18
327 17
326 17
326 16
326 15
325 15
326 14
326 13
river 1 Sérigny
309 22
310 21
311 20
312 19
313 19
314 18
315 17
316 16
317 15
318 14
318 15
319 14
320 13
321 13
321 12
322 11
323 10
323 9
323 8
323 7
323 6
river 1 Pons
322 5
321 6
321 7
321 8
320 9
320 10
319 10
319 11
318 11
318 12
317 12
316 13
315 14
315 13
314 14
313 14
river 1 Coats
249 39
248 40
247 40
246 41
245 41
244 42
243 42
243 43
242 44
242 43
241 44
242 44
241 45
241 46
240 46
239 47
240 47
241 47
river 1 
289 19
288 19
287 20
river 1 
284 24
283 24
283 25
river 1 
284 22
283 23
282 23
river 1 
265 21
266 20
265 20
264 21
264 20
263 21
262 21
261 21
260 22
259 22
258 22
257 22
258 21
257 21
256 22
256 21
256 22
255 22
256 22
256 23
255 23
river 1 Nord
250 25
251 24
251 25
252 24
251 25
252 25
253 24
254 24
255 23
256 23
257 23
258 23
259 23
260 23
261 23
river 1 Delay
303 18
303 17
302 17
301 17
300 18
299 19
298 19
298 20
river 1 Delay
298 19
299 18
299 17
300 16
300 15
301 15
301 14
302 13
302 12
303 11
303 10
302 10
302 9
302 8
302 7
301 8
301 7
301 6
300 6
301 5
300 5
300 4
300 3
300 2
299 3
299 2
299 1
298 2
298 1
299 0
river 1 
282 0
281 1
280 2
279 3
279 2
278 3
278 2
277 2
276 2
277 1
276 1
277 0
276 0
river 1 Nastapoka
270 19
269 19
268 19
267 19
268 18
267 18
266 18
265 18
264 18
263 18
262 18
261 18
260 19
259 19
258 19
259 18
258 18
258 17
257 17
256 18
256 17
255 18
254 18
253 19
252 19
251 19
251 18
250 19
250 18
river 1 
250 7
251 6
252 6
253 6
254 5
255 4
254 4
255 4
256 4
257 3
257 4
258 4
257 5
258 5
259 4
260 4
river 1 Qikirtaluup Kuunga
248 2
249 2
250 2
251 2
252 1
253 1
253 0
river 1 Jacques-Cartier
276 160
275 161
275 162
274 163
274 164
275 164
275 165
275 166
274 167
273 168
273 169
272 170
273 170
272 171
271 172
270 173
270 174
269 175
river 1 Trenche
258 151
258 152
259 152
259 153
260 153
260 154
260 155
260 156
260 157
259 158
259 159
259 160
259 161
258 162
river 1 Kitchigama
207 143
206 143
207 142
207 141
208 141
209 140
209 139
210 139
210 138
210 137
210 136
209 136
210 135
209 135
210 134
209 134
210 133
209 133
209 132
208 132
208 131
207 131
207 130
207 129
206 129
205 129
205 128
205 127
205 126
river 1 Rouge
234 185
234 186
234 187
233 188
232 189
232 190
231 191
231 192
230 192
230 193
231 193
231 194
231 195
232 194
232 195
232 196
232 197
232 198
232 199
231 200
231 201
231 202
230 203
231 203
230 204
231 204
230 205
river 1 
204 210
204 211
203 211
202 212
202 211
201 211
200 211
200 210
river 1 
206 212
207 212
207 211
207 210
206 210
river 1 Coulonge
204 192
204 193
204 194
204 195
203 196
204 196
204 197
204 198
205 198
205 199
206 199
206 200
206 201
207 201
206 202
207 202
207 203
207 204
207 205
207 206
206 207
207 207
207 208
207 209
206 209
205 210
river 1 Dumoine
194 207
195 206
195 205
196 204
196 203
197 202
196 202
197 201
196 201
197 200
196 200
196 199
197 198
197 197
196 197
river 1 Kipawa
190 198
191 197
192 196
191 196
192 195
193 194
193 195
194 194
195 194
194 195
195 195
196 195
196 196
river 1 Kinojévis
198 171
198 170
197 170
196 171
195 171
194 172
193 173
192 173
191 174
192 174
191 175
190 176
191 176
190 177
191 177
190 178
191 178
192 178
192 179
192 180
river 1 Kanasuta
185 176
186 175
186 174
187 174
187 173
river 1 Turgeon
196 146
196 147
195 147
194 147
194 148
193 148
194 147
193 147
193 148
192 148
192 149
192 150
192 151
192 152
191 153
191 154
191 155
190 155
189 156
189 157
190 157
189 158
189 159
190 159
191 159
191 160
191 161
191 162
191 163
192 163
192 162
192 163
193 162
river 1 South Nation
224 208
225 208
226 208
226 209
227 209
226 210
225 210
224 211
224 212
223 213
224 212
223 213
223 214
222 215
223 215
222 216
221 217
220 218
219 219
river 1 Maitland
143 259
143 258
142 259
142 258
141 259
140 259
139 260
140 260
139 261
138 261
138 262
137 262
137 263
136 264
136 263
135 263
river 1 Thames
118 290
119 290
120 289
121 289
122 288
123 287
124 286
125 285
126 284
127 284
128 283
129 282
130 281
131 281
132 280
133 279
134 279
134 278
135 277
134 277
135 276
136 275
137 275
138 275
139 274
140 274
141 274
141 273
river 1 Madawaska
187 221
188 220
188 221
189 220
190 220
191 220
191 221
192 221
193 221
194 221
194 222
195 222
196 222
196 223
197 222
198 222
199 222
199 223
200 222
201 221
201 222
202 221
203 220
204 219
205 218
206 217
207 216
208 216
209 216
209 215
river 1 Saugeen
143 249
144 248
144 249
143 250
143 251
144 251
143 252
144 251
144 252
144 253
144 254
144 255
145 254
146 254
146 253
147 253
148 252
148 253
river 1 Magnetawan
159 225
160 224
160 225
161 224
162 224
163 223
164 223
165 223
166 223
167 223
168 223
169 223
169 224
170 223
171 223
river 1 
174 194
174 193
175 193
175 192
river 1 West Montreal
165 191
166 190
166 189
167 189
167 188
168 187
169 186
168 186
169 185
170 185
169 186
170 186
169 187
river 1 Montreal
179 197
179 196
178 196
178 195
177 195
178 194
177 194
176 195
176 194
175 194
175 193
175 192
174 192
174 191
173 191
174 190
173 190
172 190
172 189
171 189
172 188
171 188
171 187
170 187
170 186
169 187
169 188
168 189
167 190
river 1 Sturgeon
164 201
165 201
165 202
166 202
166 203
167 203
167 204
167 205
167 206
167 207
166 208
167 208
168 208
168 209
169 209
170 209
170 210
171 209
171 210
172 210
171 211
170 212
river 1 Spanish
151 201
150 202
151 202
150 203
151 203
150 204
151 204
151 205
151 206
151 207
151 208
151 209
151 210
151 211
151 212
150 212
149 213
149 214
148 215
148 216
148 217
147 218
148 218
149 217
150 216
151 216
151 217
150 217
149 218
148 219
147 219
146 220
145 220
144 221
143 222
143 221
142 222
142 221
141 222
river 1 Little White
136 216
135 217
134 218
133 219
132 219
131 220
131 221
130 221
river 1 Aubinadong
132 213
132 212
132 211
133 210
134 209
135 208
135 207
135 206
river 1 Goulais
119 218
120 218
121 217
122 217
123 217
124 216
125 215
125 214
126 213
127 212
127 211
128 210
129 210
river 1 Montreal
130 202
129 203
129 204
128 205
127 206
126 206
126 207
125 207
124 207
123 208
122 208
121 209
120 210
120 209
river 1 Abitibi
193 165
192 165
191 166
190 166
189 167
190 167
189 168
189 169
river 1 Abitibi
179 170
178 171
177 171
176 171
175 171
174 172
173 173
173 172
172 172
173 171
172 171
173 170
172 170
172 169
172 168
172 167
172 166
172 165
171 165
171 164
171 163
170 164
170 163
169 164
169 163
169 162
169 161
169 160
169 159
169 158
169 157
169 156
168 156
169 155
168 155
169 154
169 153
169 152
169 151
169 150
169 149
170 148
170 147
171 147
171 146
172 145
171 145
172 144
173 143
174 142
174 141
175 141
175 140
176 139
177 138
178 137
179 136
180 135
180 134
181 134
river 1 Opasatika
153 164
154 163
154 162
155 161
156 161
157 160
158 159
159 158
158 158
158 157
159 156
159 155
160 154
161 153
161 152
162 151
161 151
162 150
161 150
162 149
162 148
river 1 Wekweyaukastik
181 150
181 149
181 148
180 148
180 147
181 146
180 146
180 145
180 144
180 143
180 142
180 141
179 141
179 140
179 139
river 1 Nagagami
141 153
141 154
141 155
141 156
140 157
140 158
139 158
138 159
138 160
137 161
137 162
136 163
136 164
135 165
134 166
133 166
133 167
132 168
132 169
131 169
131 170
130 171
129 171
river 1 Kwetabohigan Rapids
183 131
182 131
182 130
181 130
180 130
179 131
179 130
179 129
178 130
178 129
177 130
177 129
176 130
175 130
174 131
173 131
172 132
171 133
170 134
169 134
168 135
167 135
166 136
165 137
164 137
164 138
163 139
river 1 Kinosheo
181 115
180 116
179 117
178 118
178 119
177 120
177 121
176 122
175 123
175 124
174 125
174 126
175 126
174 127
river 1 Lawashi
157 119
158 118
158 117
159 116
160 116
161 115
162 115
163 114
163 113
164 112
165 111
166 110
167 109
168 108
169 108
170 107
170 108
171 108
172 108
173 108
174 107
175 107
175 106
176 106
176 105
177 105
177 104
river 1 Opinnagau
181 82
180 82
179 82
178 82
178 83
177 83
176 83
175 84
174 84
173 85
172 86
171 86
170 87
170 88
170 87
169 87
168 88
167 88
167 89
166 89
165 90
164 90
163 90
162 91
161 91
river 1 Kinushseo
169 83
170 83
170 82
170 81
170 80
170 79
170 78
170 77
171 76
171 75
172 74
173 73
173 72
174 71
174 70
175 69
174 69
175 68
river 1 Sutton
160 83
160 82
161 81
161 80
162 79
162 78
162 77
163 77
164 76
165 75
166 74
167 73
168 72
169 72
170 71
171 70
172 69
172 68
173 68
173 67
river 1 Swan
168 93
169 92
169 93
169 94
170 94
171 94
172 94
173 94
174 94
175 94
175 95
176 94
177 93
178 93
179 92
180 92
river 1 Shamattawa
138 98
139 97
140 97
141 96
141 97
142 97
142 96
143 96
144 95
145 94
146 93
147 92
148 91
148 90
149 89
149 88
150 87
151 86
151 85
152 84
152 83
153 82
153 81
154 80
154 79
155 78
154 78
155 77
156 76
156 75
156 74
river 1 Asheweig
100 116
100 115
100 114
101 113
102 112
102 111
103 111
104 110
105 109
106 108
107 108
108 107
108 108
109 107
109 108
109 109
110 108
111 107
112 106
113 105
114 104
115 103
115 104
river 1 Asheweig
115 105
116 104
116 105
115 106
116 106
river 1 Asheweig
118 105
118 106
river 1 Asheweig
135 89
135 90
134 90
134 91
133 91
132 92
131 93
131 94
130 95
130 96
129 96
128 97
127 97
126 98
126 99
125 100
124 101
123 102
123 103
122 104
river 1 Wabassi
118 135
119 135
120 135
120 134
120 135
121 135
122 135
123 135
124 134
125 134
125 133
126 133
126 134
127 133
128 133
river 1 Pineimuta
90 131
90 132
91 131
92 130
93 130
93 129
94 129
95 128
96 127
97 127
98 126
99 126
100 126
101 126
100 127
101 127
100 128
100 129
101 129
101 130
102 130
103 129
103 130
104 129
105 129
106 128
106 129
106 130
106 131
107 131
river 1 Ogoki
114 151
115 151
116 151
117 150
118 149
118 150
119 150
120 149
121 149
121 148
122 147
123 146
123 145
124 144
125 143
126 143
127 142
128 141
128 140
129 139
130 138
130 137
131 136
131 135
river 1 Namewaminikan
96 174
97 173
98 172
99 172
100 171
101 171
102 171
103 171
104 171
105 171
105 172
104 172
104 173
103 173
103 174
102 175
102 176
river 1 Gull
86 173
85 173
85 172
84 173
83 173
83 174
82 175
81 176
81 177
81 178
80 179
river 1 
68 190
69 190
69 191
70 190
70 191
69 192
69 193
68 194
67 194
67 195
68 195
67 196
river 1 
48 207
48 208
49 208
50 207
51 207
52 206
53 205
54 205
river 1 
62 205
61 205
60 205
59 206
59 205
58 206
58 205
57 206
56 206
56 205
56 204
river 1 Pigeon
69 205
68 205
67 205
67 206
66 206
65 207
65 206
64 206
64 205
64 204
63 205
63 204
62 205
river 1 
46 206
47 206
46 207
47 207
river 1 
40 204
40 205
40 206
41 205
river 1 
43 201
42 202
42 201
41 202
41 201
river 1 
40 195
40 194
river 1 Turtle
51 188
52 187
51 188
50 188
49 188
48 188
47 188
47 189
47 188
46 189
46 190
46 191
45 192
44 193
44 194
43 194
42 195
41 196
40 196
40 195
39 196
38 196
37 197
36 198
river 1 
67 160
68 160
68 159
69 158
68 158
68 157
67 158
66 158
65 158
64 158
63 158
62 158
62 159
river 1 Wenasaga
49 163
50 162
51 161
52 160
53 160
54 159
55 159
56 158
57 157
58 157
59 156
60 155
river 1 Manigotagan
21 157
21 158
22 157
22 158
22 159
23 159
24 159
25 159
26 159
26 160
26 161
27 161
28 161
29 161
river 1 Poplar
35 130
36 130
36 131
37 131
38 131
39 131
39 132
40 131
39 132
40 132
39 133
39 134
40 134
41 133
41 134
41 135
42 134
43 134
43 135
river 1 Poplar
33 128
32 129
33 129
33 130
34 130
river 1 Poplar
27 124
28 124
28 125
28 126
29 126
29 127
30 127
30 128
river 1 Gunisao
44 116
43 116
44 115
43 115
44 114
43 114
river 1 Gunisao
41 114
40 114
40 113
41 112
40 112
39 113
38 113
37 113
36 114
35 114
34 114
35 113
34 113
33 114
33 113
32 113
31 113
31 112
30 113
30 112
30 111
31 110
30 110
30 109
29 109
30 108
29 108
30 107
river 1 Flanagan
65 130
64 131
63 132
62 132
62 133
61 134
60 134
60 135
river 1 Flanagan
64 130
64 129
63 130
63 129
64 128
65 127
64 127
64 126
65 125
64 126
64 125
63 125
63 124
64 123
65 122
66 122
river 1 Cobham
45 121
44 122
45 122
45 123
45 124
45 125
46 124
46 125
45 126
46 126
47 125
47 126
48 126
river 1 Echoing
89 93
90 92
90 91
91 90
92 89
93 88
93 87
94 86
94 85
94 84
95 83
96 82
97 81
98 80
99 80
100 79
100 78
101 77
101 76
102 75
103 74
102 74
102 73
101 73
101 72
100 73
101 72
101 71
102 71
102 70
101 70
100 70
100 69
99 70
98 70
98 69
river 1 
61 99
62 98
river 1 Stevenson
56 103
55 104
54 105
53 106
52 106
51 107
river 1 Lawford
46 97
47 97
48 96
48 97
49 97
50 96
51 96
52 95
53 95
river 1 Dafoe
61 74
62 74
63 73
64 73
65 73
66 72
67 72
68 72
69 72
70 72
71 72
72 72
73 71
74 71
75 70
75 71
76 71
river 1 Fox
76 71
77 71
77 72
78 72
79 72
80 71
81 70
82 70
83 70
84 69
85 69
86 68
86 69
87 68
88 68
88 67
89 67
river 1 Hayes
44 100
45 99
46 99
47 99
48 99
48 98
49 98
50 97
51 96
52 96
52 95
53 95
54 94
55 94
55 93
55 92
river 1 Hayes
62 88
62 89
62 90
63 90
river 1 Hayes
95 61
94 62
93 63
92 64
91 65
90 66
89 67
88 68
88 69
88 70
87 70
87 71
86 72
85 73
84 74
83 75
82 75
82 76
81 77
80 78
79 79
78 79
78 80
77 80
76 81
75 82
74 83
73 83
river 1 William
16 108
17 108
18 107
19 106
20 106
20 107
19 108
19 109
river 1 Swan
-9 131
-8 131
-8 130
-7 129
river 1 Swan
-25 137
-26 138
-26 139
-26 140
-27 141
-27 142
-27 143
-27 144
-26 144
-26 145
-25 144
-24 144
-23 143
-22 143
-21 142
-20 141
-19 141
-18 140
-17 140
-16 139
-15 139
-14 138
-14 137
-13 136
-12 136
-11 135
river 1 
45 80
45 79
river 1 Grass
45 78
46 78
river 1 Grass
35 86
36 85
37 84
38 84
38 83
39 83
40 82
41 81
river 1 Grass
30 90
29 91
29 90
28 91
27 92
26 93
26 92
25 93
25 92
24 92
25 91
24 91
23 91
24 90
24 89
23 89
23 90
22 90
21 91
river 1 Grass
14 95
14 96
15 95
16 94
17 93
18 93
river 1 Grass
5 96
6 95
7 94
8 94
9 93
9 94
8 94
9 94
8 95
9 95
9 96
10 96
river 1 Grass
59 69
58 70
57 70
56 71
56 72
55 72
55 73
54 74
53 74
53 75
river 1 Hargrave
33 96
32 97
31 97
30 97
29 97
28 98
27 98
26 99
25 100
25 99
24 100
23 100
22 100
23 99
22 99
23 98
22 98
22 97
21 98
20 98
19 98
river 1 Old Channel
-11 107
-11 108
-12 108
-12 107
-13 108
-13 107
-14 108
-14 107
-15 108
-16 108
-17 108
-18 109
river 1 Niskibi
139 53
138 54
138 55
137 55
138 55
137 56
136 57
136 56
135 57
134 57
133 57
132 58
131 58
130 59
129 60
128 61
127 61
126 62
125 63
124 64
124 65
123 65
river 1 Black Duck
119 62
120 61
121 60
121 61
122 61
123 60
124 59
125 58
126 57
127 57
127 56
127 55
127 54
128 54
129 53
129 52
130 51
131 50
132 49
133 48
river 1 Kaskattama
109 60
110 60
111 59
112 58
113 58
114 57
115 56
116 56
117 55
117 54
118 53
119 52
120 51
121 50
122 49
123 48
123 47
124 46
125 46
river 1 Montreal
-14 80
-15 81
-16 81
-17 82
-18 82
river 1 Montreal
-25 85
-26 85
-27 86
-27 85
river 1 Limestone
85 59
84 60
84 59
83 59
83 58
82 58
81 58
80 58
79 59
79 58
78 58
77 59
76 59
75 60
75 59
74 59
74 58
73 59
73 58
72 58
71 58
70 59
river 1 Odei
56 69
55 69
54 70
53 70
52 71
52 70
52 69
51 69
50 69
49 69
49 70
48 71
47 72
47 71
46 72
45 72
44 73
44 72
44 71
44 70
45 70
45 69
44 69
45 68
river 1 
30 62
30 61
31 61
31 60
river 1 Hughes
38 57
37 57
36 58
36 57
35 58
35 57
34 58
34 57
34 58
33 58
river 1 Hughes
33 58
32 58
33 57
32 57
32 56
31 56
32 55
31 55
31 54
31 53
32 52
32 51
32 50
31 50
32 49
river 1 Barrington
35 56
35 57
35 58
river 1 Crean
-39 101
-40 101
-41 102
-42 102
river 1 Montreal
-28 85
-29 85
-30 86
-30 87
-31 88
-32 89
-32 90
-33 91
-33 92
-33 93
-34 94
-33 94
-34 95
-35 96
river 1 Smoothstone
-43 93
-44 94
-45 95
-46 96
river 1 Smoothstone
-30 75
-31 75
-32 76
-32 77
-33 77
-33 78
-34 79
-34 80
-35 81
-35 82
-34 81
-34 82
-35 83
-34 83
-33 83
-33 84
-33 85
-34 85
-35 86
-36 86
-37 86
-38 87
-39 87
-40 88
-41 88
-41 89
-42 90
river 1 Wathaman
-7 54
-6 54
-5 53
-5 54
-5 55
-4 54
-3 54
-2 53
-1 52
0 52
0 53
1 52
2 51
2 52
2 53
2 54
2 55
3 54
4 54
5 53
river 1 Foster
-21 69
-20 68
-19 67
-19 66
-18 65
-18 64
-17 64
-17 63
-16 62
-15 61
-14 61
-13 60
-12 59
-11 58
-11 57
-10 57
-10 56
-9 56
river 1 Mudjatik
-18 50
-19 51
-20 52
-21 52
-22 53
-22 52
-23 53
-24 54
-25 54
-25 55
-26 55
-27 56
-27 57
-28 58
-29 58
river 1 Little Beaver
70 41
70 42
70 43
71 43
71 44
72 44
72 45
73 44
73 45
74 45
75 44
75 43
76 42
76 41
77 41
78 40
78 41
79 40
80 40
81 40
82 39
83 38
river 1 Owl
106 35
105 35
104 36
103 36
102 37
101 37
100 38
99 39
98 40
97 40
96 41
95 42
94 42
93 43
river 1 Deer
98 26
98 27
97 28
98 28
97 29
97 30
96 31
96 32
95 33
94 34
95 34
94 35
94 36
93 37
92 37
92 38
92 37
91 38
90 39
89 40
88 40
87 40
86 41
86 40
86 39
river 1 
64 18
65 18
66 17
66 18
67 17
67 16
68 15
river 1 North Seal
47 22
47 21
46 22
46 21
47 20
48 19
48 20
49 20
50 19
51 18
52 17
53 17
54 16
54 17
55 16
55 17
56 16
river 1 North Seal
58 16
59 15
60 15
river 1 North Seal
60 15
60 16
59 17
60 17
59 18
60 18
60 19
river 1 North Seal
64 19
64 18
63 19
river 1 South Seal
57 36
56 37
55 37
55 36
54 36
53 36
53 35
52 36
52 35
51 36
50 36
river 1 South Seal
66 27
65 28
64 29
63 29
63 30
62 31
63 31
63 32
62 33
61 33
60 34
river 1 MacFarlane
-9 18
-9 19
-8 19
-9 20
-9 21
-10 21
-10 22
-11 23
river 1 MacFarlane
-13 26
-13 27
-14 28
-14 29
river 1 MacFarlane
-6 12
-6 13
-5 12
-5 11
-4 10
river 1 Caribou
85 1
85 2
86 2
86 3
87 2
88 2
88 3
89 3
89 4
90 4
89 5
88 6
88 7
87 8
88 8
88 9
88 10
89 10
89 11
90 10
91 9
91 10
92 9
93 9
94 8
94 7
95 7
95 8
96 8
96 9
97 9
98 9
99 9
100 9
101 9
101 10
river 1 
48 1
47 1
47 2
46 3
46 4
45 4
44 5
43 6
42 7
41 8
river 1 Schwandt
43 3
43 4
44 3
45 2
46 1
46 0
river 1 North Canadian
-132 427
-132 428
-132 429
-132 430
-132 431
-132 432
-132 433
-131 433
-131 434
-131 435
-130 435
-129 435
-129 436
-128 436
-127 436
-127 437
-126 436
-126 437
-125 436
-125 437
-125 438
-124 438
-123 437
-122 437
-121 436
-120 435
-119 435
-119 436
-119 437
-118 437
-118 438
-117 438
-118 439
-117 439
-117 440
-116 440
-116 439
-115 439
-116 439
-115 438
-114 438
-113 438
-112 438
-111 438
-111 437
-110 437
-109 437
-109 438
-109 439
-108 439
-107 439
-108 440
-107 440
-106 439
-105 439
-104 439
-103 439
-103 438
-102 438
-101 437
-101 438
-100 437
-99 437
river 1 Berens
24 137
24 138
24 139
25 139
25 140
25 141
26 140
26 141
27 141
28 141
29 141
29 142
29 143
30 143
31 143
31 144
32 143
33 143
33 144
34 143
34 144
river 1 
369 17
369 18
370 18
370 19
371 19
river 1 Manigotagan
19 157
20 157
21 157
river 1 Poplar
23 122
24 122
24 123
25 123
25 124
26 124
27 124
river 1 Gunisao
30 107
30 106
river 1 Hayes
55 92
56 92
57 91
58 90
59 90
60 89
61 88
62 88
river 1 William
19 109
20 109
19 110
19 111
19 112
19 113
19 114
19 115
20 115
20 116
20 117
21 117
river 1 Hargrave
36 95
35 95
34 96
33 96
river 1 Berens
20 132
20 133
21 133
21 134
22 134
23 134
23 135
23 136
23 137
24 137
river 1 Namewaminikan
94 175
95 174
96 174
river 1 Gull
94 176
93 176
92 176
91 176
92 175
91 175
91 174
91 173
90 173
89 173
88 173
87 173
86 173
river 1 MacFarlane
-4 10
-4 9
-3 8
-2 8
-1 7
river 1 
48 0
48 1
river 1 Sturgeon
170 212
169 213
170 213
170 214
169 215
168 216
river 1 Nord
249 31
250 30
249 30
250 29
250 28
250 27
250 26
250 25
river 1 
40 202
40 203
40 204
river 1 
41 201
40 202
39 202
38 202
38 201
39 201
39 200
38 200
37 200
37 199
36 199
river 1 Turtle
36 198
36 199
river 1 
272 43
273 43
274 42
275 42
275 41
276 41
277 40
278 39
279 39
279 38
280 38
281 37
282 36
283 36
284 35
285 34
285 33
286 33
287 32
288 31
river 1 Lloyds
450 59
449 59
448 60
447 61
446 62
446 63
445 64
444 65
443 66
river 1 Montreal
-18 82
-19 83
-20 84
-21 85
-22 85
-23 85
-24 85
-25 86
-25 85
river 1 
62 98
63 97
64 96
65 96
65 95
66 95
66 94
67 94
67 93
68 93
69 92
70 91
71 90
72 90
72 89
river 1 Saint Croix
318 173
317 173
316 174
316 173
315 173
314 173
314 172
river 1 Crean
-37 99
-38 100
-39 101
river 1 Montreal
-35 96
-35 97
-36 97
-36 98
-37 99
river 1 Smoothstone
-29 73
-30 74
-30 75
river 1 
186 200
186 199
185 199
184 199
184 198
183 199
183 198
182 198
181 198
river 1 Moose
291 184
291 183
290 183
river 1 Broadback
226 120
225 121
225 122
224 122
224 123
223 124
223 125
224 124
225 123
225 122
226 122
226 123
226 124
river 1 
228 120
227 121
226 122
225 122
river 1 
30 64
30 63
30 62
river 1 
361 39
361 40
361 41
362 41
362 42
362 43
363 43
362 44
363 44
river 1 
324 51
324 50
323 50
322 51
322 52
322 51
river 1 
322 51
321 51
321 50
320 50
320 49
320 48
321 47
river 1 
323 44
322 44
321 45
322 45
321 46
321 47
320 47
319 48
319 47
river 1 
319 46
319 45
319 44
319 43
319 42
318 42
318 41
317 41
316 41
316 40
315 41
river 1 
326 50
325 50
324 51
324 52
323 53
river 1 
237 144
238 143
237 143
238 142
239 141
river 1 Salmon
457 64
457 65
river 1 Rivière aux Outardes
301 81
301 82
302 82
301 83
302 83
302 84
302 85
river 1 Rivière aux Outardes
308 97
308 98
308 99
308 100
307 101
307 102
307 103
307 104
307 105
308 105
308 106
309 105
309 106
308 107
309 107
309 108
310 108
309 109
310 109
309 110
310 110
309 111
310 111
river 1 Roggan
241 68
240 69
239 69
238 69
237 69
236 69
235 69
236 68
river 1 Roggan
228 70
227 70
226 71
river 1 Hart Jaune
315 90
315 89
316 88
316 87
317 86
318 85
319 84
319 83
320 82
319 82
320 81
319 81
320 80
319 80
320 79
319 79
320 78
319 78
320 77
321 76
322 75
river 1 Hart Jaune
325 72
326 71
327 70
326 70
327 69
327 68
river 1 Romaine
369 48
369 47
river 1 Romaine
369 46
370 45
369 45
369 44
368 44
river 1 Hughes
38 58
37 58
38 57
river 1 
56 169
57 168
58 167
59 167
60 166
61 165
62 164
61 164
62 163
63 163
64 162
65 161
66 160
67 160
river 1 Kanasuta
187 173
188 172
188 171
188 170
188 169
187 170
river 1 Abitibi
189 169
188 169
187 170
186 170
185 170
184 170
183 171
182 171
182 170
182 169
181 169
181 168
180 169
179 170
river 1 
234 76
235 75
236 74
236 73
237 73
237 72
238 71
239 71
239 70
240 70
240 69
241 68
242 67
242 66
243 66
244 65
river 1 
257 66
256 67
255 67
254 67
253 68
252 68
252 69
251 69
251 70
250 70
250 71
river 1 Grand
-70 257
-70 256
-71 256
river 1 Betsiamites
296 116
296 117
296 118
297 118
297 119
298 119
298 120
298 121
299 121
river 1 Qu'Appelle
-78 158
-78 157
-78 156
river 1 Dan
138 376
139 376
river 1 Saluda
84 432
85 432
86 431
86 432
87 431
88 431
89 431
river 1 Elk
27 425
26 425
25 426
river 1 Powell
66 398
65 399
65 398
64 399
63 400
62 401
river 1 Clinch
62 402
61 402
62 401
river 1 Clinch
70 398
69 398
68 399
68 398
67 399
66 400
65 400
64 400
63 401
62 401
river 1 Licking
81 368
80 368
80 367
river 1 Saluda
80 431
79 431
79 430
78 430
78 429
river 1 Wolf
52 273
52 272
river 1 Wolf
53 273
52 273
river 1 Chariton
-22 338
-23 338
-23 337
river 1 Otter Tail
-12 242
-11 242
-10 241
-9 240
river 1 Cottonwood
-94 384
-93 384
-94 385
-93 385
river 1 Neosho
-78 387
-78 386
river 1 Neosho
-78 411
-77 411
-77 412
-77 413
-78 414
-78 415
-79 415
-80 416
-81 417
-82 417
-83 418
-83 419
-83 418
-84 419
-84 418
-85 419
-85 420
river 1 Neosho
-89 425
-90 426
-89 426
-90 427
-90 428
river 1 Verdigris
-88 415
-89 416
-89 417
-90 417
-90 418
-91 419
river 1 North Canadian
-99 440
-99 439
-99 438
-100 438
-99 437
river 1 North Canadian
-132 426
-131 426
-132 427
river 1 Beaver
-158 416
-159 416
river 1 North Fork Solomon
-100 366
-101 366
river 1 Solomon
-99 366
-100 366
river 1 S.  Fk.  Solomon
-100 366
-101 367
river 1 Pipestone
-35 185
-35 184
-36 184
river 1 Gander
468 47
469 46
469 45
river 1 Bay du Nord
467 60
466 61
river 1 Broadback
226 119
225 119
225 118
225 117
river 1 Nemiscau
242 102
243 102
243 101
river 1 Magpie
360 72
360 71
359 71
359 70
359 69
river 1 Magpie
359 69
359 68
358 68
358 67
358 66
river 1 
379 17
380 17
381 16
river 1 
355 55
356 55
356 56
356 57
357 56
river 1 
325 55
324 55
river 1 
327 50
328 49
328 50
river 1 
298 29
298 28
river 1 
298 29
298 28
299 28
river 1 
293 30
294 29
295 29
296 28
297 28
297 29
river 1 
290 30
291 30
292 30
river 1 Vauquelin
226 59
225 59
224 60
river 1 
287 20
286 21
286 20
285 21
river 1 
276 30
277 29
278 29
278 28
279 28
280 27
281 27
282 26
283 25
river 1 
286 22
285 23
284 24
river 1 
286 22
286 21
285 22
285 21
river 1 
284 22
285 21
river 1 
276 30
275 30
274 31
river 1 
277 28
276 29
276 30
river 1 Dumoine
196 197
196 196
river 1 Kipawa
186 200
187 200
188 199
189 199
189 200
190 199
river 1 Asheweig
115 104
115 105
river 1 Asheweig
116 106
117 105
117 106
118 105
river 1 Asheweig
120 105
119 105
118 106
river 1 Asheweig
120 105
121 105
122 104
river 1 Ogoki
112 151
113 151
113 152
114 151
river 1 
54 205
55 204
56 204
river 1 
47 207
48 207
river 1 
41 205
41 204
42 203
43 203
44 203
44 204
44 205
river 1 
45 205
45 206
46 205
46 206
river 1 Poplar
34 130
35 130
river 1 Poplar
31 128
32 128
33 128
river 1 Gunisao
41 114
42 114
43 114
river 1 Flanagan
64 130
65 130
river 1 
61 99
61 100
river 1 Hayes
63 90
64 90
65 90
66 89
67 88
68 87
67 87
68 86
69 85
70 85
71 84
72 84
73 83
river 1 Swan
-11 135
-10 134
-10 133
-9 132
-9 131
river 1 Grass
53 75
52 75
51 76
50 76
49 77
49 76
48 77
47 78
46 78
45 79
river 1 Grass
41 81
42 80
43 79
44 79
44 78
45 78
river 1 Grass
30 90
31 90
32 89
33 88
33 87
34 87
35 86
river 1 Grass
18 93
19 92
19 93
20 92
21 92
21 91
river 1 Grass
10 96
11 95
11 96
12 95
12 96
13 95
14 95
river 1 Odei
45 68
45 67
44 67
river 1 
31 60
32 60
33 59
33 58
river 1 Montreal
-27 85
-28 86
-28 85
river 1 Smoothstone
-42 90
-42 91
-43 91
-43 92
-43 93
river 1 Smoothstone
-46 97
-46 96
river 1 Wathaman
6 53
6 52
7 51
river 1 Wathaman
5 53
6 53
river 1 Foster
-9 56
-8 55
-7 54
river 1 North Seal
60 19
61 19
62 19
62 18
63 18
river 1 North Seal
56 16
56 17
57 16
58 16
river 1 South Seal
60 34
59 35
59 36
58 36
57 36
river 1 South Seal
67 22
67 23
66 23
65 24
65 25
65 26
66 26
66 27
river 1 
67 196
68 195
river 0 North Fork Salt
-21 345
-20 345
-21 346
-21 347
-21 348
-21 349
river 0 North Fork Salt
-21 349
-20 349
-21 350
-20 350
-21 351
-20 351
-21 352
-20 352
-21 353
-21 354
-21 355
-21 356
-20 356
-19 356
-19 357
-18 357
-18 358
-19 358
-19 359
-19 360
-18 360
river 0 Salt
-9 360
-9 359
-10 359
-10 358
-11 359
-11 358
-12 359
-12 358
-13 358
-14 358
-15 359
-16 360
-16 359
river 0 Spring
-62 408
-63 409
-63 408
-63 407
-63 406
-63 405
river 0 Spring
-63 405
-64 405
-65 405
-66 405
-67 405
-67 404
-68 405
-68 404
-69 404
-69 403
-70 403
-71 404
-72 405
-72 406
-73 406
-74 407
-74 408
-75 409
-76 410
-76 411
river 0 Illinois
-78 428
-77 427
-77 426
-77 425
-77 424
river 0 Illinois
-77 424
-76 423
-77 423
-78 423
-79 424
-80 424
-79 423
-80 424
-80 423
-81 423
-82 424
-83 424
-84 425
-85 426
-85 427
-86 428
-86 429
river 0 Illinois
-90 433
-90 434
-91 434
-91 435
river 0 Bryant
-47 404
-47 405
-47 406
-46 405
-46 406
-46 407
river 0 Bryant
-46 407
-47 408
-46 408
-46 409
-45 409
-45 410
-45 411
-46 412
-46 413
river 0 North Fork White
-48 419
-49 419
river 0 Indian
109 242
110 241
river 0 Cheboygan
112 238
113 237
113 236
river 0 Black
112 238
113 238
113 239
114 239
river 0 Black
113 240
113 241
113 242
113 243
112 244
river 0 Black
112 244
111 245
112 245
111 246
110 246
109 247
river 0 Tahquamenon
111 222
110 223
110 222
109 222
108 223
108 224
108 225
107 226
106 227
106 226
105 227
104 227
103 227
river 0 Tahquamenon
103 227
102 227
101 227
102 226
101 226
102 225
river 0 Mars
284 143
283 144
282 145
283 145
282 146
282 147
282 148
281 149
282 149
282 150
river 0 Mars
282 150
282 151
282 152
281 153
281 154
river 0 Marsh
173 318
173 317
172 318
172 317
173 316
172 316
173 315
172 315
171 316
river 0 Monocacy
173 318
172 319
171 320
171 321
170 322
170 323
170 324
169 324
169 325
168 326
168 327
river 0 Paint
90 337
90 338
90 339
90 340
river 0 Paint
90 340
90 341
90 342
90 343
90 344
90 345
89 346
89 347
90 347
91 346
91 347
92 346
92 345
93 345
94 345
95 344
95 345
river 0 Middle Branch Ontonagon
65 228
65 229
65 230
65 231
64 232
63 233
63 234
64 234
river 0 Middle Branch Ontonagon
63 235
62 235
61 236
60 236
river 0 Ontonagon
65 228
64 228
64 227
64 226
64 225
river 0 Sturgeon
30 212
30 213
30 214
river 0 Sturgeon
30 214
31 214
31 215
30 216
30 217
31 217
31 218
river 0 Little Fork
29 202
28 203
29 203
28 204
29 204
29 205
28 206
28 207
27 208
27 209
28 208
28 209
28 210
29 210
29 211
30 211
30 212
river 0 Vermilion
37 207
37 206
38 205
39 205
39 204
40 204
river 0 Pelican
37 207
36 207
35 208
35 209
34 209
33 210
33 209
river 0 
37 207
38 207
37 208
38 208
37 209
37 210
37 211
river 0 North Fork Crow
-11 255
-10 255
-11 256
-10 256
-10 257
-9 257
-9 258
river 0 North Fork Crow
-9 258
-9 259
-8 259
-7 259
-8 260
-8 261
-7 261
-7 262
-6 261
-6 262
-5 261
-5 262
-4 262
-3 262
-4 263
-3 262
-3 263
-2 262
-2 263
-1 263
0 263
1 263
river 0 Crow
1 263
2 262
3 261
4 260
5 260
river 0 Middle Fork Zumbro
1 279
2 279
3 278
3 279
4 278
4 279
5 278
6 278
river 0 Middle Fork Zumbro
6 278
7 278
8 278
9 278
9 277
river 0 Zumbro
9 277
9 276
10 276
10 277
11 277
12 276
13 275
14 275
15 275
16 275
river 0 Sac
-56 403
-57 403
-58 403
-58 402
river 0 Sac
-58 402
-58 401
-57 400
-58 400
-57 399
-58 399
-59 399
river 0 Sac
-57 395
-56 394
-57 394
-56 393
-57 393
-56 392
-55 391
-55 390
-54 390
-54 389
river 0 Middle Fork Little Red
-59 429
-58 428
-57 428
-57 427
-56 427
-55 427
river 0 Middle Fork Little Red
-55 427
-55 428
-54 427
-54 428
-53 427
-53 428
-53 429
-52 429
-52 430
river 0 Little Red
-50 431
-49 431
-50 432
-49 432
-49 433
-48 432
-47 432
-47 433
-48 434
-49 435
-48 435
-48 436
-47 435
-47 436
-46 436
-46 437
river 0 Mulberry Fk.  of the Black Warrior
16 442
15 443
15 444
14 445
13 446
river 0 Big Brown
-7 439
-8 439
-8 440
-9 441
-9 442
river 0 Conasauga
46 427
46 426
46 425
45 425
44 426
43 427
43 428
river 0 Etowah
51 430
51 431
52 431
51 432
51 433
river 0 Daddys
50 408
49 409
48 410
47 411
46 412
45 413
river 0 Clear
50 405
49 406
49 405
48 406
47 406
47 407
46 407
46 408
45 408
river 0 Obed
49 407
48 407
48 408
47 408
47 409
46 410
river 0 Emory
53 406
54 405
55 404
56 404
river 0 Pigeon
73 409
73 410
73 411
74 410
75 410
74 411
river 0 Middle Fk.  Holston
99 384
100 384
101 383
102 382
103 382
river 0 Beech Fk.
57 380
56 380
57 379
57 378
56 379
56 378
river 0 Rolling Fork
51 382
52 382
51 383
52 382
52 383
53 383
54 382
54 383
55 382
river 0 Middle Fk.  Kentucky
74 388
75 387
75 386
76 385
77 384
77 383
river 0 Tug Fk.
98 373
99 373
100 373
101 373
102 373
river 0 North Fork New
101 388
100 389
99 390
99 389
98 390
97 391
96 391
95 392
river 0 Bluestone
106 374
105 375
104 375
104 376
103 376
river 0 Buckhannon
129 343
129 344
128 345
128 346
127 347
128 347
128 348
river 0 Conemaugh
151 313
152 313
153 312
153 313
154 313
153 314
153 315
river 0 French Creek
154 285
154 284
153 284
153 285
152 285
152 286
151 287
150 287
149 288
149 289
148 289
149 289
river 0 Killbuck
118 310
118 311
117 312
116 313
116 314
116 315
river 0 S.W.  Miramichi
324 156
323 156
322 156
322 157
321 157
river 0 E.  Br.  Penobscot
299 172
300 172
300 171
301 171
302 170
303 170
303 171
303 172
304 172
river 0 Mattawamkeag
310 176
311 175
312 174
312 173
313 172
312 172
river 0 North Branch Dead
280 195
280 194
279 194
279 193
278 193
277 193
277 194
river 0 Saco
269 217
268 217
268 216
268 217
267 217
266 218
266 217
266 216
265 216
river 0 Pawcatuck
254 264
254 263
253 264
252 265
251 265
251 266
250 267
river 0 Lamoille
256 213
256 214
255 215
254 215
253 215
river 0 Lamoille
253 215
253 214
252 215
251 215
251 214
250 214
249 215
248 215
247 215
246 215
246 216
245 216
245 217
244 217
river 0 Black
215 245
215 246
216 246
217 245
217 244
218 244
219 243
river 0 West Canada
223 240
223 241
222 241
221 242
221 243
220 244
river 0 West Canada
220 244
219 245
218 246
217 246
216 247
215 248
216 248
216 249
217 249
217 250
216 251
217 251
river 0 Tonawanda Cr.
172 271
172 270
173 269
173 268
174 267
175 266
river 0 E.  Br.  Delaware
220 261
219 262
218 263
218 264
217 265
217 266
river 0 Cohocton
182 268
182 269
182 270
183 269
182 270
182 271
183 271
183 272
183 273
river 0 Tioga
184 280
184 281
184 282
184 283
185 283
186 282
187 281
river 0 N. Fk. S. Br. Potomac
134 349
134 348
135 348
135 347
136 346
river 0 S.  Fk.  S.  Br.  Potomac
139 347
140 346
140 345
141 344
142 343
river 0 North
139 348
139 349
140 349
141 349
142 348
river 0 Rappahannock
157 336
157 337
158 337
158 338
159 338
159 339
river 0 Calfpasture
139 349
139 350
138 351
137 352
river 0 Jackson
135 349
135 350
134 350
134 351
133 352
133 353
132 353
132 354
river 0 Craig
122 369
121 369
120 370
119 371
118 371
117 372
river 0 Tar
136 381
135 381
135 382
136 382
136 383
137 383
136 384
137 384
river 0 South Flat
130 385
131 384
131 385
132 385
133 384
133 385
river 0 Waccamaw
126 416
127 416
127 417
126 418
127 418
127 419
river 0 North Fork Edisto
84 435
83 435
83 436
84 436
84 437
85 437
river 0 Oconee
55 434
54 435
55 435
56 435
56 436
57 435
57 436
57 437
river 0 S.  Fk.  Forked Deer
-5 427
-6 427
-5 427
-5 426
-6 426
-7 426
-6 425
-7 425
-7 424
river 0 Big Blue
68 338
68 339
67 340
66 341
65 342
river 0 Middle Fk.  Vermilion
34 334
34 335
34 336
34 337
35 337
35 338
36 338
river 0 Flint
106 281
106 282
107 281
108 280
109 279
110 279
111 278
river 0 Peshekee
75 228
76 228
77 228
77 229
river 0 Michigamme
77 229
76 230
76 231
76 232
river 0 Red Cedar
29 252
28 252
28 253
27 253
27 254
26 254
26 255
26 256
26 257
river 0 E.  Fk.  Chippewa
43 242
44 241
44 242
45 241
45 240
46 240
46 241
47 240
48 239
river 0 West Nishnabotna
-39 322
-39 323
-40 323
-41 324
-42 324
-42 325
-43 325
-44 326
river 0 Grand
-37 337
-38 338
-39 339
-39 340
-40 340
-40 341
river 0 Nodaway
-37 330
-38 331
-38 332
-39 333
-40 334
-41 334
-42 335
river 0 Floyd
-40 300
-39 299
-38 298
-37 298
-36 297
-36 298
river 0 Little Osage
-73 392
-72 391
-71 391
-70 390
-69 390
-70 391
-69 391
-68 390
-68 391
-67 390
river 0 Rita Blanca
-183 421
-182 421
-183 422
-182 422
-182 423
-182 424
river 0 Punta de Agua
-188 429
-188 428
-189 428
-189 427
-189 426
-190 426
river 0 Medicine Lodge
-125 403
-125 404
-124 404
-123 404
-123 405
-122 405
-122 406
-121 405
-122 406
-121 406
river 0 North Fork Solomon
-129 367
-130 368
-131 368
-132 369
-133 369
-134 369
-135 370
-136 370
river 0 South Loup
-105 331
-104 330
-105 330
-106 331
-106 330
-107 331
-107 330
-108 331
-109 331
-110 331
river 0 Middle Loup
-105 321
-105 320
-106 321
-106 320
-107 320
-108 320
-109 320
-109 319
river 0 Lance
-134 297
-135 297
-136 297
-137 298
-138 298
-139 298
-140 299
-141 299
river 0 Beaver
-128 281
-128 282
-128 283
-129 284
-129 285
-128 285
-129 286
-129 287
-129 288
-129 289
river 0 North Fk.  of the Grand
-91 251
-92 251
-92 250
-93 250
-94 250
-95 250
-95 249
-96 250
-96 249
river 0 Cedar Creek
-92 242
-91 242
-91 243
-90 243
-90 244
-89 244
-89 245
-88 245
river 0 Cannonball
-85 241
-86 241
-86 240
-87 240
-87 239
-88 239
-89 239
-90 240
-91 241
-91 240
river 0 Poplar
-92 194
-92 193
-93 193
-93 192
-93 191
river 0 
-22 203
-23 204
-23 205
-23 206
-24 207
-25 207
-26 208
-27 208
-27 209
-28 210
river 0 
-25 192
-26 193
-27 193
-27 194
-27 193
-28 194
-29 194
-29 193
-30 193
-31 194
-32 195
-33 196
river 0 Pembina
-25 192
-26 192
-26 191
-27 192
-27 191
-28 192
-29 192
-30 193
-30 192
-30 193
-31 193
-32 193
-33 194
-34 195
river 0 Roseau
9 197
8 198
8 199
9 199
9 200
8 201
9 201
9 202
10 202
9 203
10 202
10 203
11 202
11 203
river 0 Baker Branch Saint John
291 170
290 171
290 172
290 173
290 174
291 174
290 175
290 176
river 0 Yamaska
252 204
253 203
254 202
255 202
255 203
river 0 St. Francis
302 150
301 151
301 150
300 150
300 149
301 148
301 147
301 146
river 0 Restigouche
321 140
321 141
320 142
319 143
318 144
318 145
river 0 Cascapédia
335 114
336 113
337 113
337 114
337 115
338 114
338 115
339 115
river 0 Bonaventure
346 109
346 110
346 111
346 112
347 112
347 113
river 0 Petitcodiac
349 153
348 154
347 155
346 156
346 157
345 157
river 0 Kennebecasis
345 156
344 157
345 157
344 158
343 159
343 160
342 161
river 0 LaHave
348 172
349 172
348 173
349 173
349 174
349 175
river 0 
374 161
373 161
372 162
373 161
372 161
372 160
371 160
river 0 Salmon
373 151
372 152
371 153
370 154
369 154
368 155
river 0 Northeast Margaree
399 122
400 121
400 120
401 120
401 119
river 0 Jupiter
377 85
376 86
375 86
374 86
river 0 Cat Arm
443 39
443 40
444 40
444 41
445 41
445 40
446 39
446 40
river 0 Cat Arm
446 40
447 39
448 38
river 0 Victoria
440 71
439 72
438 73
438 74
437 75
river 0 Main
440 45
441 45
441 46
442 46
442 47
443 46
444 46
river 0 Main
444 46
443 47
444 47
444 46
445 46
445 45
446 45
river 0 Wetetnagami
224 155
223 156
223 157
222 158
222 159
221 160
river 0 Marte
242 113
243 113
244 113
245 112
246 112
246 113
247 112
248 111
249 111
river 0 Tichégami
276 87
276 88
277 87
278 86
279 85
279 86
280 85
281 85
281 86
river 0 Jolicoeur
219 110
220 109
221 108
222 108
223 107
224 106
225 105
225 104
river 0 Rivière du Chef
259 122
258 123
258 124
257 125
258 125
257 126
257 127
256 128
257 128
river 0 Ouasiemsca
266 117
265 118
266 118
265 119
264 119
265 119
264 120
264 121
263 122
264 122
264 123
river 0 
303 107
304 107
303 108
304 108
304 109
305 108
305 109
305 110
306 110
river 0 Racine de Bouleau
321 63
321 62
321 61
321 60
320 61
320 62
319 63
319 64
319 65
319 66
river 0 Toulnustouc
326 84
326 83
325 83
324 83
325 82
324 82
325 81
324 81
river 0 Aux Rochers
331 87
332 86
332 85
331 85
332 84
331 84
331 83
331 82
330 83
331 82
330 82
331 81
river 0 Manitou
351 68
352 68
353 68
353 69
353 70
353 71
river 0 
332 38
333 38
334 37
335 37
335 36
336 36
337 35
338 34
river 0 
363 35
363 36
362 37
363 37
363 38
364 38
363 39
364 39
river 0 Poissons
354 39
353 39
353 38
352 38
351 39
351 38
350 39
349 39
350 39
349 40
river 0 Beaver
392 11
391 12
390 12
389 13
389 12
388 12
387 13
river 0 East Natashquan
386 35
387 34
387 35
388 35
389 35
389 36
389 37
390 36
390 37
391 37
391 38
392 38
river 0 Musquaro
397 48
396 48
397 48
396 49
396 50
397 50
397 51
398 51
398 52
397 53
398 53
399 53
399 54
river 0 Joir
413 17
412 17
413 17
413 18
413 19
413 20
412 21
412 22
411 23
410 24
river 0 Saint-Augustin Nord-Ouest
415 27
416 27
416 28
416 29
415 30
416 30
415 31
415 32
river 0 Napetipi
429 19
429 20
430 20
430 21
431 21
431 22
432 22
432 23
431 24
river 0 Pinware
445 6
444 6
444 7
445 7
446 7
447 7
447 8
448 8
448 9
447 9
447 10
river 0 Eagle
421 1
422 0
river 0 
296 39
296 38
297 37
296 38
295 38
294 38
river 0 
299 34
299 33
299 32
300 31
299 31
300 30
300 29
299 29
river 0 Chauvreulx
270 50
271 50
271 49
272 49
273 49
274 48
275 48
river 0 Goodwood
336 15
335 15
335 16
334 16
335 15
334 15
334 14
333 15
333 14
332 15
331 15
river 0 De Pas
354 7
353 8
353 7
353 6
353 5
354 5
355 4
356 3
357 2
river 0 Baleine
351 0
352 0
352 1
352 2
353 2
354 1
355 1
river 0 Boutin
259 36
260 36
261 35
262 35
263 35
264 35
river 0 Troyes
258 32
259 31
260 30
259 30
258 30
river 0 Aigneau
308 3
309 2
309 1
310 0
river 0 
286 11
285 11
285 12
285 13
285 14
285 15
285 16
285 17
285 18
286 17
287 16
river 0 
296 15
296 14
297 13
296 13
296 14
295 14
295 13
294 13
295 12
294 12
river 0 Batiscan
265 166
266 165
266 164
266 163
266 162
river 0 
243 184
243 185
243 184
242 185
241 186
240 187
239 187
238 187
238 186
239 185
238 185
239 184
river 0 Gatineau
227 172
228 171
228 170
228 169
229 168
230 167
229 167
230 166
229 166
river 0 Wawagosic
197 157
197 158
198 158
197 159
198 159
197 160
198 160
197 161
198 161
river 0 Gull
183 227
182 228
181 229
180 229
179 230
river 0 Moira
192 230
191 231
192 231
191 232
192 232
191 233
191 234
190 235
190 236
river 0 Mississippi
196 226
196 227
197 227
196 228
197 228
197 229
198 228
199 227
200 226
201 225
202 225
201 226
river 0 Blanche
177 179
176 180
175 181
174 182
175 182
176 182
177 182
176 183
river 0 Montreal
167 190
166 191
167 191
166 192
166 193
167 193
166 194
167 194
166 195
166 196
river 0 Wanapitei
162 199
161 199
160 199
160 200
159 200
158 201
157 202
river 0 Vermilion
158 202
158 203
159 203
158 204
159 204
159 205
160 205
river 0 Boland
140 215
141 215
142 214
142 213
143 212
142 212
142 211
river 0 Little White
141 214
140 214
139 214
138 215
137 216
136 216
river 0 Batchawana
127 207
128 206
129 206
130 206
131 205
river 0 Woman
144 199
144 200
144 199
145 199
146 199
146 198
147 197
148 196
149 195
river 0 North French
175 154
176 154
176 155
176 156
177 155
177 156
178 155
179 155
179 156
180 156
180 157
river 0 Kesagami
181 155
181 154
181 153
181 152
182 151
183 150
184 149
184 148
184 147
185 146
river 0 Osawin
127 166
126 167
127 167
126 168
125 169
125 170
124 171
124 172
123 173
123 174
122 175
river 0 Pagwachuan
119 168
120 168
119 169
119 170
120 169
121 169
122 168
123 168
124 167
river 0 Kapikotongwa
102 159
103 159
104 158
104 159
105 158
river 0 Little Current
112 158
113 157
114 156
115 156
116 155
117 155
117 154
river 0 Aguasabon
103 183
102 183
102 182
103 181
103 180
104 179
river 0 White
119 187
119 188
120 187
120 188
120 189
121 189
122 188
122 189
river 0 Pukaskwa
113 195
114 194
115 194
116 193
117 193
118 192
river 0 Cheepay
146 148
146 147
147 147
148 146
149 145
150 144
151 143
river 0 Lakitusaki
169 84
168 84
167 85
166 85
165 85
165 86
164 86
164 87
river 0 
179 73
178 74
178 75
177 75
176 75
175 75
174 76
173 77
river 0 Attwood
94 150
95 149
96 149
96 150
97 150
98 149
river 0 
100 180
101 179
100 179
101 178
101 177
102 176
101 177
100 177
100 176
99 177
98 178
98 177
98 178
97 179
river 0 Gull
76 184
76 183
77 182
77 181
77 182
78 181
79 180
80 180
river 0 Whitefish
64 202
65 202
66 202
67 201
67 202
68 201
river 0 Shagamu
141 75
142 74
143 73
143 72
river 0 McInnes
57 131
56 132
56 133
56 134
river 0 Windigo
80 128
79 129
78 129
77 129
76 130
75 131
74 132
75 132
river 0 Blackbear
95 100
96 99
97 99
97 98
98 98
99 97
river 0 Wapaseese
91 100
92 99
93 98
94 97
95 97
96 96
river 0 Red Sucker
73 102
73 103
73 104
73 105
74 104
74 105
river 0 
53 97
54 97
55 97
56 97
57 97
58 97
59 97
59 96
river 0 Machichi
107 61
106 62
105 62
104 63
103 63
102 64
river 0 Spruce
-48 112
-47 111
-46 110
-46 109
-46 108
-46 107
-47 108
-48 108
river 0 Mossy
-27 100
-26 100
-25 100
-25 101
-24 101
-23 100
-23 101
river 0 Nipekamew
-32 102
-31 102
-31 101
-30 100
-31 100
-30 99
-30 98
-29 97
-30 97
-29 96
river 0 Rat
43 65
42 65
42 64
42 63
42 62
43 61
42 61
41 61
river 0 
4 84
4 83
5 83
5 82
6 82
6 81
river 0 Loon
13 70
14 69
14 68
15 68
15 67
16 66
river 0 Hughes
32 47
33 47
33 46
34 45
34 44
35 43
35 42
34 42
river 0 
-10 68
-10 67
-9 67
-9 66
-8 66
-7 65
-6 64
river 0 
-10 66
-11 67
-12 67
-13 68
-14 69
-15 70
-16 71
-17 72
-16 72
-17 73
river 0 Wapiskau
-1 64
-2 65
-3 66
-2 66
-3 67
-2 67
-2 68
river 0 Haultain
-17 57
-17 56
-16 56
-16 55
-15 54
-16 54
-16 53
river 0 Pipestone
-7 34
-6 33
-5 32
-4 32
-3 31
-2 30
river 0 Otherside
-2 17
-2 18
-2 19
-3 20
-4 20
-5 21
river 0 Sacandaga
232 242
231 242
river 0 Big Brown
-9 442
-9 443
-10 444
-10 445
river 0 Etowah
51 433
51 434
50 435
49 435
48 435
48 436
47 436
46 436
45 437
44 438
43 438
42 439
river 0 Hiwassee
48 421
49 421
river 0 Hiwassee
49 421
50 421
51 421
52 421
river 0 Caney Fork
37 406
36 407
37 407
36 407
37 407
36 408
37 408
37 409
river 0 Obey
45 400
44 400
river 0 Daddys
51 407
50 408
river 0 Clear
52 406
52 405
51 406
50 406
50 405
river 0 Obed
53 406
52 406
51 406
50 407
49 407
river 0 Emory
54 408
53 409
53 408
54 407
53 407
53 406
river 0 Pigeon
73 403
72 403
73 403
72 404
73 404
72 405
72 406
72 407
73 407
73 408
73 409
river 0 S.  Fk.  Holston
90 391
89 392
88 392
87 392
86 393
85 393
85 392
84 392
83 392
river 0 Middle Fk.  Holston
93 388
94 388
94 387
95 387
96 386
97 385
98 384
99 384
river 0 Barren
38 396
38 395
37 395
36 395
35 395
35 394
34 394
34 393
33 393
33 392
river 0 Beech Fk.
56 378
56 377
56 378
56 377
55 377
54 378
53 379
53 378
52 379
52 378
51 379
50 379
49 379
river 0 Rolling Fork
51 382
50 382
50 383
49 383
49 382
50 381
50 380
49 380
49 379
49 378
48 378
48 377
48 376
48 375
river 0 Middle Fk.  Kentucky
77 383
77 382
78 381
77 381
76 381
77 380
77 379
77 378
77 377
76 378
76 377
76 376
river 0 Tug Fk.
93 364
93 365
93 366
94 366
94 367
93 367
94 367
94 368
94 369
94 370
95 370
94 371
95 371
95 372
96 371
96 372
96 373
97 372
97 373
98 372
98 373
river 0 Levisa Fork
93 364
93 365
92 366
91 367
92 367
91 368
90 369
89 370
88 371
88 372
88 373
89 372
89 373
88 374
89 373
89 374
89 375
90 374
90 375
90 376
91 376
92 375
92 376
river 0 Bluestone
113 367
113 368
112 368
111 369
111 370
110 371
109 372
108 372
108 373
107 373
106 374
river 0 Buckhannon
132 339
131 340
130 341
129 342
129 343
river 0 Shenango
137 312
137 311
138 310
137 310
138 309
138 308
137 308
138 307
138 306
138 305
137 305
138 304
137 304
137 303
138 302
139 302
140 301
140 302
140 301
139 301
140 300
140 299
139 299
139 298
river 0 Kiskiminetas
145 310
146 310
146 311
146 312
147 312
147 313
river 0 Conemaugh
147 313
148 312
148 313
149 312
149 313
150 313
151 313
river 0 French Creek
149 289
148 289
147 290
147 291
146 292
145 292
145 293
144 294
144 295
144 296
144 297
145 296
145 297
145 298
146 298
147 298
river 0 Sandusky
106 307
105 308
105 309
104 310
103 311
104 311
103 312
103 313
102 314
102 315
101 316
100 317
100 318
99 319
100 319
100 320
101 319
101 320
102 319
river 0 Killbuck
116 315
116 316
115 317
116 317
116 318
116 319
115 320
114 321
114 322
114 323
114 324
river 0 Fish
308 151
308 152
308 153
308 154
309 154
river 0 Fish
309 154
310 153
river 0 Allagash
302 156
302 157
302 158
301 159
300 159
300 160
299 161
299 162
298 163
297 164
297 165
297 166
298 166
298 167
298 168
river 0 E.  Br.  Penobscot
304 172
304 173
305 173
305 174
304 175
305 175
305 176
304 177
305 177
305 178
river 0 Mattawamkeag
307 179
308 179
308 178
309 178
310 177
310 176
river 0 Penobscot
305 178
305 179
306 178
307 178
307 179
306 180
305 181
305 182
304 183
303 184
303 185
303 186
303 187
302 188
302 189
river 0 Dead
284 193
283 193
283 192
284 191
285 191
286 190
287 190
river 0 Saco
277 223
276 223
275 223
274 223
275 222
274 222
274 221
273 221
274 220
274 219
273 219
272 220
272 219
272 218
272 217
271 217
271 216
270 217
269 218
268 218
269 217
river 0 Winnipesaukee
263 226
263 227
262 228
262 229
261 229
260 230
river 0 Swift
247 253
247 254
246 255
245 256
244 256
river 0 Canandaigua Outlet
187 263
188 262
188 261
189 261
190 261
191 260
191 259
river 0 Tonawanda Cr.
175 266
175 265
176 264
175 264
174 265
174 264
173 265
173 264
172 264
171 264
170 265
170 264
169 265
river 0 
217 266
216 266
215 267
214 267
213 268
212 268
212 269
211 269
210 270
209 271
river 0 Cohocton
183 273
184 273
185 273
184 274
185 274
185 275
186 275
river 0 Tioga
186 275
185 276
185 277
185 278
184 279
184 280
river 0 Chemung
192 276
192 275
191 276
191 275
190 276
190 275
189 275
188 275
187 275
186 275
river 0 N. Fk. S. Br. Potomac
144 337
143 338
142 338
142 339
141 339
142 339
141 340
140 341
139 342
139 343
138 344
137 345
136 346
river 0 S.  Fk.  S.  Br.  Potomac
142 343
142 342
143 341
144 340
145 339
145 338
146 337
147 336
147 335
river 0 North
142 348
143 347
143 348
144 348
144 349
river 0 Maury
133 362
134 361
135 360
134 360
134 359
135 358
135 357
134 357
river 0 Calfpasture
137 352
136 353
135 354
135 355
134 356
134 357
river 0 Jackson
132 354
131 355
130 356
129 357
128 358
127 359
127 360
126 361
126 362
127 362
127 361
128 361
129 360
129 361
river 0 Craig
128 363
127 363
126 364
125 365
125 366
124 366
123 367
123 368
122 369
river 0 York
159 349
159 350
160 350
161 350
161 351
162 350
162 351
162 352
163 352
163 353
164 352
163 353
164 353
165 353
165 354
166 354
167 354
168 354
169 354
river 0 Nottoway
154 368
154 369
155 369
156 368
157 368
158 367
158 366
159 366
159 365
160 365
160 366
160 367
160 368
160 369
161 369
161 370
162 370
162 371
162 372
river 0 Chowan
162 372
162 373
161 374
162 374
163 374
164 374
164 375
river 0 Flat
134 386
133 386
133 385
river 0 Waccamaw
127 419
127 420
127 421
126 422
125 423
125 424
124 424
124 425
123 425
122 425
121 426
120 427
119 427
118 428
118 429
117 430
river 0 Oconee
57 437
57 438
57 439
58 439
58 440
57 441
river 0 David Bayou
-33 445
-33 446
-34 446
river 0 Coldwater
-31 442
-32 442
-32 443
-33 444
-34 445
-33 445
river 0 Coldwater
-27 441
-26 440
-25 439
-24 438
-23 438
-22 438
-22 439
-21 438
-21 439
-20 439
-19 439
river 0 Forked Deer
-6 413
-7 414
-7 413
-8 414
-9 415
-10 415
-11 416
-12 416
-13 417
-14 418
-15 419
-15 420
-16 420
river 0 S.  Fk.  Forked Deer
-7 424
-8 424
-8 423
-9 424
-9 423
-10 424
-10 423
-11 423
-12 423
-12 422
-13 422
-12 421
-12 420
-13 420
-12 419
-12 418
river 0 Forked Deer
-12 418
-13 419
-14 420
-15 420
river 0 E.  Fk.  White
55 354
55 355
55 356
55 357
55 358
54 358
53 359
52 360
51 360
51 361
50 361
50 362
49 362
48 363
47 364
47 363
46 363
46 362
45 363
45 362
44 363
43 363
42 364
42 365
41 365
40 366
39 366
39 367
39 368
39 369
38 369
37 369
36 369
35 369
34 369
river 0 Driftwood
55 352
55 353
55 354
river 0 Big Blue
55 352
56 351
57 350
58 349
59 348
60 348
59 348
60 347
61 346
61 345
62 345
63 344
64 343
65 342
river 0 Big Muddy
-3 391
-2 391
-1 390
-1 389
0 388
0 387
1 387
2 387
3 386
4 386
5 385
6 384
7 383
8 382
8 381
river 0 Middle Fk.  Vermilion
36 338
37 338
37 339
38 339
39 339
38 340
39 340
38 341
38 342
39 342
river 0 Vermilion
41 344
40 344
40 343
39 343
40 342
39 342
river 0 Flint
104 276
104 277
105 277
106 277
106 278
105 279
105 280
105 281
106 281
river 0 
105 276
104 276
river 0 Peshtigo
65 247
65 248
66 248
66 249
66 250
66 251
67 250
67 251
66 252
67 252
67 253
68 252
69 252
69 253
68 254
69 254
70 253
71 253
70 254
70 255
71 255
70 256
71 256
river 0 Michigamme
76 232
76 233
75 234
74 235
73 235
72 236
72 237
71 238
72 238
71 239
river 0 Brule
68 239
69 239
69 240
70 239
70 240
71 239
river 0 Chippewa
40 244
39 245
38 245
37 246
37 247
36 247
35 248
34 249
35 249
34 250
34 251
33 252
32 253
32 254
31 255
30 256
31 256
32 256
32 257
32 258
31 258
31 259
30 259
30 260
29 261
28 261
28 262
27 263
26 263
26 264
25 264
25 265
24 266
23 266
22 266
22 267
22 266
21 267
22 266
21 266
21 267
20 267
19 268
18 269
17 270
16 271
16 272
15 273
river 0 E.  Fk.  Chippewa
40 244
41 243
42 243
43 242
river 0 Nishnabotna
-56 344
-57 345
-58 346
river 0 Grand
-40 341
-41 342
-41 343
-42 343
-42 344
-43 344
-44 345
-45 346
-45 347
-46 348
-46 349
-46 350
-46 351
-45 351
-45 352
-45 353
-44 352
-44 353
-44 354
-43 354
-42 353
-42 354
-42 355
-42 356
-41 356
-41 357
-40 357
-40 358
-39 358
-38 358
-37 358
-37 359
-36 359
-35 359
-36 360
-36 361
-37 362
-36 362
-37 363
-36 363
-36 364
-35 363
-36 364
river 0 Nodaway
-42 335
-43 336
-44 336
-45 337
-46 338
-47 339
-47 340
-48 341
-48 342
-49 342
-49 343
-49 344
-50 345
-51 346
-51 347
-52 347
-52 348
-52 349
-53 350
-53 351
-54 352
-53 352
-54 353
-54 354
-54 355
-54 356
river 0 Floyd
-50 311
-49 310
-48 309
-47 308
-46 307
-46 306
-45 305
-44 305
-44 304
-43 304
-42 303
-42 302
-41 302
-41 301
-40 301
-40 300
river 0 Little Osage
-67 390
-66 390
-66 391
-65 390
-65 391
-64 390
-64 391
-63 390
-63 391
-62 390
-61 390
-60 389
river 0 Punta de Agua
-185 436
-184 435
-185 435
-184 434
-184 433
-185 433
-185 432
-186 432
-187 432
-188 432
-189 432
-188 431
-188 430
-188 429
river 0 Medicine Lodge
-121 406
-122 407
-122 408
-122 409
-122 410
-121 410
-121 411
-121 412
-122 413
river 0 North Fork Solomon
-101 366
-102 366
-102 365
-103 365
-104 365
-103 364
-104 364
-104 363
-105 364
-105 363
-106 363
-107 363
river 0 North Fork Solomon
-108 363
-109 363
-110 363
-111 363
-112 363
-113 364
-113 363
-114 364
-114 363
-115 364
-116 364
-117 364
-118 364
-119 364
-120 365
-120 364
-121 365
-122 365
river 0 North Fork Solomon
-122 365
-123 365
-123 366
-124 366
-125 366
-126 367
-126 366
-127 367
-128 367
-129 367
river 0 South Loup
-89 338
-90 338
-91 339
-91 338
-92 339
-93 339
-94 340
-94 339
-95 340
-96 340
-97 340
-97 339
-98 339
-98 338
-99 338
-99 337
-100 337
-99 336
-100 336
-101 336
-101 335
-101 334
-102 334
-103 334
-102 333
-103 333
-104 333
-103 332
-104 332
-105 332
-104 331
river 0 Middle Loup
-105 321
-105 322
-104 322
-103 322
-102 322
-102 323
-101 323
-100 323
-100 324
-99 324
-99 325
-98 325
-97 325
-97 326
-96 326
-96 327
-96 328
-95 327
-95 328
-94 328
-93 328
-92 328
-92 329
-92 330
-92 331
-92 332
-91 332
-92 333
-91 333
-91 334
-91 335
-91 336
-91 337
-91 338
-90 338
-89 338
-88 338
-87 337
-86 336
-85 335
-84 334
river 0 Lance
-132 295
-133 296
-134 297
river 0 Beaver
-129 289
-129 290
-129 291
-129 292
-128 292
-128 293
-128 294
river 0 Cedar Creek
-87 245
-87 246
-86 246
-86 247
-85 247
-85 248
-84 248
-84 249
-83 248
-83 249
-82 249
-81 248
-81 249
-80 248
-80 249
-79 249
-78 249
-77 249
-76 249
-75 248
-74 248
river 0 Cannonball
-64 242
-65 243
-66 243
-67 243
-68 243
-68 244
-69 244
-70 245
-71 246
-72 246
-72 247
-73 247
-74 248
-74 247
-75 247
-74 246
-75 246
-76 246
-76 245
-77 245
-77 244
-77 243
-78 243
-79 244
-79 243
-80 243
-81 243
-82 243
-83 243
-83 242
-84 242
-84 241
-85 242
-85 241
river 0 
140 232
141 231
141 230
142 230
142 229
river 0 
150 220
149 220
148 221
river 0 
63 150
64 150
65 150
66 150
river 0 
-65 164
-65 163
-65 162
-66 162
river 0 Girard
-90 197
-89 196
-89 195
-88 194
-88 193
-88 192
-89 192
-89 191
-89 190
-90 190
river 0 Poplar
-95 210
-94 209
-93 208
-92 207
-92 206
-92 205
-92 204
-92 203
-92 202
-92 201
-91 200
-91 199
-91 198
-90 197
-90 196
-90 195
-91 195
-91 194
-92 194
river 0 Roseau
-4 192
-4 193
-3 193
-2 192
-1 192
0 192
0 193
1 193
1 194
2 194
2 195
2 196
3 195
3 196
4 196
4 197
5 196
5 197
6 196
6 197
7 196
7 197
8 196
8 197
9 196
9 197
river 0 
259 201
260 201
261 200
262 199
263 198
river 0 Yamaska
253 190
253 191
253 192
252 193
253 193
252 194
252 195
253 195
252 196
252 197
251 198
251 199
250 200
251 200
250 201
250 202
249 203
250 203
249 204
250 204
251 204
252 204
river 0 St. Francis
304 154
304 153
303 153
302 153
303 152
303 151
303 150
302 150
river 0 Matapédia
330 130
329 131
328 131
328 130
327 131
327 130
327 129
327 128
326 128
326 127
326 126
326 125
325 126
325 125
324 125
river 0 Cascapédia
339 115
339 116
339 117
339 118
340 118
340 119
341 119
341 120
341 121
342 121
river 0 Bonaventure
347 113
347 114
347 115
347 116
347 117
347 118
346 119
346 118
345 119
346 119
345 120
346 120
346 121
347 121
347 122
346 122
river 0 
335 163
335 162
river 0 Petitcodiac
352 151
351 152
350 152
349 153
river 0 Kennebecasis
341 162
340 163
339 164
339 165
338 165
338 166
337 166
337 167
336 167
336 168
river 0 Mersey
350 184
349 184
348 184
347 184
346 184
river 0 LaHave
349 175
350 175
350 176
351 176
351 177
352 177
353 177
353 178
river 0 S.W.  Margaree
397 125
396 126
396 127
396 128
river 0 Northeast Margaree
397 125
397 126
398 125
398 124
399 123
399 122
river 0 Margaree
397 125
397 124
river 0 Jupiter
374 86
373 86
372 86
371 86
370 87
371 87
370 88
371 88
370 89
river 0 Victoria
440 71
441 70
442 70
443 69
444 69
444 68
445 67
445 66
446 65
446 64
447 64
447 63
448 62
448 61
449 61
449 60
448 60
river 0 Burnt Pond
442 74
441 74
442 73
441 74
441 75
442 75
442 76
442 77
442 78
442 79
442 80
442 81
river 0 Grey
448 69
448 70
447 70
447 71
446 72
446 73
446 74
445 75
446 75
445 76
446 76
446 77
446 78
445 79
444 80
444 81
river 0 O'Sullivan
223 148
224 147
223 147
224 146
river 0 Wetetnagami
230 144
229 145
229 146
river 0 Wetetnagami
227 148
226 149
226 150
226 151
225 152
225 153
224 154
224 155
river 0 
242 141
243 140
243 139
river 0 Saint-Cyr
228 159
228 158
229 157
229 156
river 0 Saint-Cyr
231 154
231 153
232 152
232 151
233 150
234 149
234 148
235 147
235 146
236 146
236 145
river 0 Opawica
230 142
231 141
230 141
river 0 Opawica
236 142
235 142
234 142
234 141
234 142
233 142
232 143
232 144
231 144
230 144
river 0 Obatogamau
235 137
236 137
237 137
238 137
239 136
239 137
239 138
240 137
241 136
242 136
243 136
244 136
river 0 
238 122
237 123
238 123
238 124
239 123
239 124
river 0 
222 133
223 133
river 0 
225 131
225 130
225 129
river 0 
227 127
228 126
228 125
229 125
229 124
river 0 Marte
242 113
241 113
240 114
239 114
238 115
237 115
237 116
236 116
river 0 Marte
231 113
232 113
232 114
232 115
232 116
233 116
233 117
234 116
235 116
235 117
river 0 Tichégami
262 94
262 95
263 94
264 94
265 93
266 93
266 94
267 94
268 94
269 93
270 92
271 91
271 90
272 90
273 89
274 89
275 88
276 87
river 0 Eastmain
280 78
280 79
279 80
280 80
281 80
282 80
282 79
283 78
284 77
285 76
286 75
287 74
287 73
288 72
289 72
river 0 
223 115
224 115
224 114
225 114
226 113
river 0 
218 107
217 107
216 108
215 108
214 108
213 109
212 109
211 110
210 110
river 0 Jolicoeur
209 110
210 110
210 111
211 111
211 112
212 111
212 112
213 111
214 111
214 112
215 111
216 111
217 111
218 110
219 109
219 110
river 0 
248 140
249 140
river 0 Normandin
249 142
249 141
250 140
249 140
250 139
250 140
251 139
252 139
252 140
252 141
253 140
253 141
253 140
254 140
254 139
255 139
255 138
256 138
256 137
257 136
257 137
258 137
river 0 Rivière du Chef
257 128
258 128
257 129
258 129
257 130
257 131
258 131
258 132
river 0 Ouasiemsca
264 123
265 123
264 124
264 125
263 126
264 126
263 127
263 128
263 129
264 129
263 130
264 130
264 131
264 132
264 133
264 134
264 135
264 136
264 137
264 138
265 138
265 139
266 139
267 139
river 0 Shipshaw
280 143
280 142
280 141
280 140
281 140
281 139
282 139
282 138
281 138
282 137
282 136
283 136
283 135
284 134
283 134
284 133
283 133
284 132
284 131
284 130
285 129
284 129
285 128
285 127
river 0 Racine de Bouleau
319 66
318 67
318 68
317 69
318 69
318 70
318 71
319 71
318 72
319 71
river 0 Lemay
315 98
316 97
317 96
317 95
317 94
317 93
316 93
river 0 Toulnustouc
323 96
322 96
323 95
323 94
324 93
323 93
324 92
325 91
324 91
324 90
325 89
325 88
325 87
325 86
326 85
326 84
river 0 Toulnustouc
322 100
321 101
321 102
320 102
319 103
319 104
318 104
318 105
318 106
317 107
317 108
river 0 Aux Rochers
331 95
331 96
331 97
332 96
332 97
333 97
river 0 Aux Rochers
330 92
331 91
330 91
331 90
331 89
331 88
331 87
river 0 Nipissis
347 66
346 67
347 67
346 68
346 69
346 70
346 71
345 72
345 73
344 74
344 75
343 76
river 0 Nipissis
343 85
343 84
344 83
344 82
344 81
345 80
344 80
345 79
344 79
345 78
345 77
344 78
344 77
343 77
river 0 Manitou
352 84
352 83
353 82
352 82
352 81
352 80
353 80
354 79
354 78
353 78
354 77
353 77
353 76
352 76
river 0 Manitou
353 71
353 72
352 73
river 0 Magpie Ouest
350 60
350 61
351 61
351 62
352 62
353 62
352 63
353 63
353 64
354 64
354 65
353 66
354 66
354 67
355 67
355 68
355 69
355 70
356 70
356 71
357 70
358 70
359 69
river 0 
350 28
350 29
351 29
352 29
river 0 
338 34
339 34
339 33
340 32
341 32
342 31
river 0 
355 19
355 20
356 20
river 0 
362 31
362 32
363 32
363 33
364 33
364 34
363 35
river 0 Churchill
366 26
365 26
364 26
364 25
river 0 Poissons
360 44
359 44
359 43
358 43
358 44
river 0 Poissons
355 41
355 40
354 40
354 39
river 0 Metchin
380 18
379 19
378 20
377 21
377 22
376 23
375 24
375 25
river 0 Minipi
397 26
396 26
395 26
395 25
394 25
393 25
393 24
river 0 Beaver
400 7
399 8
398 9
397 9
396 9
395 10
394 10
393 11
392 11
river 0 Crooked
401 4
401 3
402 3
402 2
402 1
402 0
401 0
river 0 East Natashquan
392 38
392 39
392 40
393 40
392 40
392 41
392 42
393 42
393 43
394 43
394 44
393 45
393 46
393 47
392 48
392 49
river 0 Musquaro
398 60
397 61
397 62
396 63
397 63
398 63
399 63
river 0 Napetipi
431 24
432 24
431 25
432 25
431 26
431 27
432 27
431 28
431 29
river 0 Pinware
447 10
447 11
446 12
447 12
447 13
446 14
446 15
river 0 Eagle
429 0
429 1
429 2
428 3
428 4
427 4
426 5
425 6
424 7
423 8
423 7
422 7
421 7
river 0 Eagle
421 6
420 6
river 0 Eagle
420 6
420 5
420 4
420 3
420 2
421 1
river 0 
365 2
366 1
367 1
368 1
369 0
369 1
370 0
370 1
371 0
river 0 George
364 1
365 1
365 2
365 3
365 4
river 0 
309 62
309 61
river 0 La Grande
295 62
296 61
297 60
297 59
297 58
river 0 
302 49
302 50
301 50
301 51
300 52
299 53
299 54
298 54
298 55
297 56
296 57
river 0 
316 53
315 54
314 55
314 56
314 57
river 0 
314 60
314 59
river 0 
330 44
331 44
332 43
333 43
334 42
334 43
333 44
334 44
335 44
river 0 
294 38
293 39
293 38
292 38
291 39
river 0 
290 39
289 39
288 40
288 39
287 39
286 39
285 39
284 40
283 41
river 0 
273 43
274 43
275 43
276 43
276 42
277 42
river 0 
274 66
273 67
273 66
274 65
273 65
272 65
271 66
270 66
270 67
269 67
268 67
267 68
266 69
265 69
264 70
river 0 
262 71
261 71
260 72
260 71
259 72
258 72
257 73
river 0 
242 79
241 80
240 80
239 80
238 81
238 80
river 0 
236 78
237 77
river 0 
233 87
233 88
234 88
river 0 Castor
213 86
214 86
215 86
216 86
217 86
218 86
219 86
220 85
221 85
222 84
222 83
river 0 Vieux Comptoir
212 99
212 100
213 99
214 98
215 98
215 97
216 97
216 96
217 96
218 95
219 95
220 95
221 95
222 95
222 94
223 94
river 0 
242 65
241 65
240 65
river 0 Chauvreulx
249 60
250 60
251 60
252 60
253 59
254 59
255 58
256 58
257 57
258 57
259 57
260 57
261 56
262 55
263 55
263 54
264 54
265 53
266 52
267 52
267 51
268 51
269 50
270 50
river 0 Kanaaupscow
243 64
244 63
245 63
246 62
247 61
248 61
249 60
250 59
251 58
252 57
253 57
254 56
255 55
256 55
257 55
258 54
259 53
260 53
261 52
262 51
263 51
264 50
265 50
266 49
267 48
267 49
268 48
269 48
270 48
271 47
272 47
273 47
274 46
275 46
276 46
276 45
277 45
278 44
278 45
278 46
279 46
280 46
281 46
river 0 Châteauguay
308 8
309 7
309 6
310 5
river 0 Châteauguay
316 0
315 1
314 1
313 2
312 3
311 4
river 0 Goodwood
331 15
331 14
330 14
330 13
330 12
330 11
329 11
328 11
river 0 Boutin
246 36
246 37
247 37
247 38
248 37
248 38
249 37
250 37
251 37
252 36
252 37
253 36
253 37
254 36
255 36
255 37
256 36
256 37
257 37
258 37
259 36
river 0 Troyes
258 30
258 29
257 30
257 29
256 30
256 29
255 30
255 29
254 30
254 29
253 30
253 29
river 0 Gué
286 11
287 11
288 11
289 10
290 9
291 8
292 7
292 6
293 6
294 5
295 4
296 4
296 3
297 3
298 2
river 0 
294 12
294 11
293 11
293 10
293 9
292 9
291 9
290 9
river 0 Mélèzes
281 6
282 6
283 6
283 7
284 7
285 7
river 0 
250 15
251 15
252 14
253 13
252 13
253 12
254 11
254 12
254 13
255 13
river 0 Batiscan
263 180
262 180
261 181
261 180
261 179
261 178
261 177
261 176
262 175
263 174
263 173
264 172
263 172
264 171
263 171
264 170
264 169
264 168
265 168
264 168
265 167
265 166
river 0 Matawin
247 180
248 180
249 179
250 179
251 178
252 178
252 179
253 178
254 177
255 177
river 0 Manouane
249 163
248 163
248 164
247 165
247 166
246 167
246 168
246 169
246 168
245 169
244 170
243 170
243 171
river 0 Gatineau
223 185
223 184
224 183
225 182
226 181
227 180
227 179
228 178
228 177
229 176
230 175
229 175
229 174
228 175
229 174
228 174
228 173
228 172
227 172
river 0 
210 169
209 169
210 168
211 167
river 0 
209 171
209 172
208 173
209 173
river 0 
211 173
212 172
211 172
210 172
river 0 Harricana
202 175
201 175
200 175
river 0 Wawagosic
198 145
197 146
196 146
197 146
196 147
196 148
195 149
196 149
197 149
197 150
196 151
196 152
196 153
195 154
195 155
195 156
196 156
197 156
197 157
river 0 Rideau
217 212
217 213
217 214
216 215
216 216
217 216
216 217
217 217
216 218
217 218
216 219
215 220
214 221
213 222
212 223
211 224
211 223
210 223
river 0 Rideau
206 229
206 230
207 230
206 231
206 232
205 233
204 234
203 235
203 236
river 0 Scugog
174 245
175 244
175 243
175 242
river 0 
176 239
175 239
river 0 
180 239
181 238
182 237
181 238
river 0 Talbot
174 240
174 239
173 240
173 239
172 240
172 241
171 241
171 242
170 242
river 0 Otonabee
182 238
182 239
181 239
181 240
181 241
180 241
180 242
179 243
179 244
180 244
181 244
river 0 Severn
169 238
170 238
170 237
169 238
169 237
169 236
168 237
167 237
167 236
166 237
166 236
river 0 Trent
188 243
188 242
189 241
189 240
188 240
187 241
186 241
186 240
187 239
187 238
186 239
185 240
184 241
river 0 S.  Br.  Muskoka
168 233
167 234
166 235
166 234
165 234
164 235
river 0 S.  Br.  Muskoka
174 230
174 231
173 232
174 232
173 233
172 233
171 233
170 233
river 0 Gull
179 230
178 231
179 231
178 232
178 233
177 233
177 234
176 235
176 236
176 237
176 238
river 0 Moira
190 236
190 237
191 236
192 235
193 235
193 236
193 237
192 238
192 239
191 239
191 240
191 241
river 0 Mississippi
201 226
202 225
203 225
204 225
204 224
205 224
206 224
207 223
208 222
209 221
209 222
210 221
210 220
211 219
210 219
210 218
209 218
209 217
210 216
210 215
210 214
river 0 Opeongo
190 220
191 219
191 218
190 218
189 218
188 218
187 218
river 0 Blanche
177 183
177 184
178 184
178 185
178 186
179 186
179 187
180 187
179 188
180 188
181 188
180 189
181 189
river 0 
167 203
168 202
167 202
168 201
169 200
river 0 
170 204
170 205
171 205
170 206
169 207
169 208
168 208
168 209
river 0 Wanapitei
158 220
158 219
158 218
157 218
158 217
159 216
159 215
160 214
160 213
160 212
161 212
162 211
163 210
163 209
163 208
river 0 Wanapitei
162 207
163 206
162 206
162 205
162 204
162 203
162 202
163 201
162 201
163 200
162 200
162 199
river 0 Vermilion
160 205
160 206
160 207
160 208
160 209
159 209
158 210
157 210
156 211
155 212
154 213
155 213
154 214
155 214
154 215
154 216
153 217
153 216
152 217
151 217
150 218
149 219
148 219
river 0 Onaping
155 212
154 212
154 211
155 210
154 210
155 209
155 208
156 208
155 208
156 207
155 207
river 0 Boland
136 216
137 216
138 216
139 215
river 0 Wenebegon
134 212
135 211
135 210
136 209
137 208
137 207
138 207
138 206
138 205
139 204
138 204
river 0 Serpent
137 222
138 222
139 222
140 221
140 220
140 219
141 219
142 218
142 217
141 217
140 217
river 0 Garden
122 220
123 219
124 218
125 218
126 217
127 216
128 216
129 216
130 215
130 214
130 213
river 0 Batchawana
120 214
120 213
121 212
121 211
122 210
123 210
124 209
125 209
125 208
126 208
127 207
river 0 Frederick House
170 174
170 173
169 173
169 172
169 171
170 170
170 169
169 169
169 168
170 167
170 166
170 165
169 165
169 164
river 0 Frederick House
169 176
169 175
river 0 Little Abitibi
172 144
172 145
172 146
172 147
172 148
172 149
171 150
172 150
171 151
172 151
172 152
172 153
172 154
173 154
173 155
173 156
174 156
174 157
175 157
175 158
river 0 Little Abitibi
177 159
177 160
river 0 Woman
149 195
149 194
150 193
150 192
150 191
river 0 Wakami
149 195
148 195
147 196
147 195
146 195
145 195
144 196
143 197
143 198
144 198
143 199
142 200
river 0 Groundhog
152 188
152 187
153 186
154 185
154 184
155 183
156 182
156 181
156 180
156 179
155 180
155 179
156 178
155 178
156 177
river 0 North French
175 154
175 153
175 152
174 152
175 151
175 150
175 149
176 148
176 147
175 147
176 146
175 146
176 145
177 144
177 143
177 142
178 141
179 140
179 139
180 138
180 137
181 136
181 135
182 134
182 133
183 132
183 131
184 131
184 130
river 0 Kesagami
187 141
188 140
188 139
189 138
189 137
189 136
190 135
190 134
191 133
192 132
193 131
194 131
194 130
194 129
194 128
river 0 Pagwachuan
124 167
125 167
126 167
127 166
127 167
128 166
129 165
128 165
129 164
128 164
129 163
129 162
130 161
131 160
132 160
133 159
134 159
135 158
136 157
river 0 Esnagami
115 159
115 158
116 158
117 157
118 156
119 155
120 154
121 154
122 153
123 152
124 152
124 151
125 151
river 0 Kapikotongwa
105 158
105 157
106 156
107 155
108 155
109 154
109 155
110 154
111 154
112 153
113 153
114 153
115 153
115 154
116 153
117 153
117 154
river 0 Little Current
117 154
118 153
119 153
120 153
120 152
121 152
122 152
123 151
124 151
125 151
river 0 Aguasabon
101 188
101 187
102 186
103 185
103 184
103 183
river 0 Magpie
128 187
128 188
127 189
127 190
126 190
125 191
126 191
125 192
124 193
124 194
123 195
122 196
122 197
river 0 White
109 190
110 190
111 189
112 189
112 190
113 189
114 188
115 187
116 187
117 186
118 186
119 185
119 186
118 187
119 187
river 0 Pukaskwa
110 199
111 198
112 197
113 196
112 196
113 195
river 0 Cheepay
151 143
152 142
152 141
153 141
154 140
153 140
153 139
154 138
154 137
155 136
154 136
155 135
155 134
156 133
157 132
river 0 Missisa
150 108
149 109
148 110
147 111
147 112
147 113
147 114
146 115
147 115
146 116
147 116
146 117
146 118
145 119
144 120
144 121
river 0 
175 77
175 78
176 78
177 78
river 0 
177 78
177 79
178 78
179 78
180 78
181 78
180 79
181 79
river 0 Lakitusaki
182 79
181 79
180 79
179 80
178 80
177 81
176 81
175 82
175 81
174 82
173 82
172 82
171 82
170 83
169 84
river 0 
186 66
185 67
184 67
183 68
183 69
182 70
181 71
181 72
180 73
180 72
179 73
river 0 
131 90
131 91
132 91
132 92
133 91
river 0 Attwood
98 149
99 148
100 148
101 147
river 0 Attwood
103 145
104 145
104 146
105 146
106 145
107 145
107 144
108 144
109 143
110 142
111 142
river 0 
109 141
110 141
river 0 
105 138
104 139
103 140
104 140
river 0 Trading
102 135
102 136
101 137
100 138
99 138
98 139
97 140
96 141
95 141
95 142
94 143
95 143
96 142
97 142
98 141
99 141
98 142
river 0 
93 139
94 138
95 137
96 137
97 137
98 137
98 136
99 136
100 135
101 134
101 135
102 135
river 0 Fishbasket
122 117
121 117
121 118
120 118
120 119
119 119
118 120
117 120
117 121
river 0 
85 151
84 152
83 153
82 154
81 155
81 156
82 155
82 156
83 156
82 157
82 156
81 157
80 158
79 159
river 0 
99 143
98 144
97 145
98 145
97 146
river 0 
67 170
66 171
river 0 Onaman
99 168
100 168
101 167
101 168
102 167
103 167
103 166
104 166
105 165
106 165
river 0 
77 179
78 179
79 178
80 178
81 177
river 0 Black Sturgeon
88 188
88 187
88 186
87 186
87 185
87 184
87 183
87 182
86 182
river 0 
65 195
64 196
river 0 Whitefish
68 201
69 201
70 200
71 199
river 0 
45 203
46 202
47 202
48 201
49 201
50 200
51 200
52 200
53 200
53 201
53 202
54 201
54 202
54 203
55 202
55 203
56 202
55 203
54 204
55 204
river 0 
66 203
67 202
66 203
67 203
66 204
river 0 Arrow
67 205
67 204
66 204
65 204
64 204
64 203
river 0 English
59 174
59 175
60 175
61 175
61 176
60 177
61 177
60 178
60 179
61 179
61 180
61 181
62 181
63 180
62 180
63 179
64 178
65 178
river 0 
37 191
36 192
35 193
35 194
river 0 
43 178
43 179
river 0 
47 155
47 154
river 0 
48 152
49 151
49 150
50 150
50 149
river 0 Chukuni
47 159
48 159
48 160
river 0 Chukuni
47 157
46 157
river 0 Troutlake
48 160
49 160
50 160
51 159
52 159
52 158
53 157
53 156
river 0 Sturgeon
32 170
33 169
33 170
34 170
34 169
34 168
35 168
36 167
36 166
river 0 
32 188
33 187
34 186
35 186
35 185
36 185
river 0 
31 185
31 186
32 185
33 184
river 0 Whitemouth
13 190
14 189
14 188
14 187
14 186
13 186
12 186
13 185
12 185
12 184
13 184
14 183
14 182
15 181
15 180
15 179
15 178
15 177
15 176
16 175
river 0 Shagamu
143 72
143 71
144 70
144 69
145 68
145 67
144 67
145 66
145 65
146 64
147 63
148 62
river 0 
144 70
144 71
144 72
145 71
145 72
river 0 Severn
61 118
60 119
61 119
62 119
61 120
61 121
60 122
60 123
59 124
59 125
58 125
58 124
57 124
57 125
56 126
55 127
55 128
56 127
56 128
57 128
river 0 McInnes
58 128
59 128
58 129
59 129
60 129
59 130
58 130
58 131
58 130
57 131
river 0 
80 121
81 121
river 0 
82 121
81 121
river 0 
89 121
90 120
89 120
88 121
87 121
86 121
river 0 Windigo
79 121
79 120
80 119
80 118
81 118
81 117
81 116
82 115
83 114
83 113
river 0 Windigo
80 126
80 125
79 125
80 124
79 124
78 125
78 124
77 125
77 124
78 123
77 123
78 122
river 0 MacDowell
77 124
76 125
75 125
75 126
74 127
74 128
73 129
73 130
72 131
71 132
70 132
70 133
river 0 Makoop
92 110
92 109
92 108
93 108
93 107
94 107
94 106
95 105
river 0 Blackbear
99 97
100 96
101 96
102 95
103 94
104 94
105 93
106 92
107 92
107 91
108 91
109 91
110 90
111 90
112 89
112 90
113 90
114 90
115 89
116 88
117 87
118 87
118 86
119 86
119 85
120 85
river 0 Wapaseese
96 96
97 96
98 95
99 94
100 93
101 92
102 91
103 90
104 89
105 88
106 87
107 87
107 86
108 85
109 85
110 84
111 84
112 83
113 83
114 82
115 81
river 0 
71 96
72 96
73 96
74 95
75 94
76 94
river 0 Seeber
75 106
76 106
77 106
77 105
78 104
78 103
78 102
78 101
river 0 Seeber
78 99
78 98
78 97
79 96
80 95
81 95
81 96
river 0 Stull
91 79
90 80
89 81
88 82
river 0 Stull
88 82
88 83
89 83
89 84
88 84
88 85
88 86
88 87
87 88
87 89
86 90
85 91
river 0 Stull
84 93
83 94
84 94
83 95
river 0 Red Sucker
88 82
87 83
86 84
85 85
84 85
84 86
83 87
83 86
82 87
81 88
80 89
river 0 Red Sucker
75 96
76 95
76 94
77 93
78 92
river 0 Red Sucker
73 97
72 98
73 98
72 99
72 100
71 101
river 0 
59 105
60 104
61 104
61 103
62 102
63 101
63 100
river 0 Mainland
50 110
51 110
51 109
52 108
53 108
53 107
54 106
54 107
55 107
56 106
57 105
58 105
57 106
river 0 
59 96
60 96
60 97
61 96
61 97
62 96
62 97
63 96
river 0 Semmens
78 84
77 84
76 85
76 84
75 85
74 85
river 0 Utik
66 78
65 78
64 79
63 79
62 80
63 80
62 80
river 0 Bigstone
76 71
75 71
74 72
73 73
73 74
72 74
71 75
70 75
71 75
70 76
69 76
68 77
67 77
66 78
65 79
65 80
64 81
63 81
63 82
62 82
61 83
60 84
59 85
river 0 
4 132
3 132
3 131
2 132
1 132
river 0 Red Deer
-9 127
-10 127
-11 127
river 0 
-2 106
-2 105
-3 105
river 0 Machichi
107 48
106 49
106 50
105 51
106 51
105 52
106 52
106 53
107 53
107 54
107 55
107 56
107 57
107 58
107 59
107 60
108 60
107 61
river 0 Spruce
-48 118
-47 117
-47 116
-47 115
-47 114
-47 113
-47 112
-48 112
river 0 Stewart
-31 106
-31 107
-31 108
-31 109
-31 110
river 0 Torch
-18 108
-19 108
-20 108
-21 109
-22 110
-22 111
-23 111
-24 111
-25 112
-26 112
-27 113
-28 113
-29 113
-30 114
-31 114
-31 113
-31 112
-31 111
-31 110
-32 111
-33 112
-34 112
-34 111
-34 110
-34 109
-35 110
-36 110
-37 110
-37 109
-38 109
river 0 Mossy
-23 101
-22 101
-22 100
-22 101
-22 102
-22 103
-21 102
-20 102
-19 101
-20 102
-19 102
-20 103
-19 103
-18 102
-18 103
-18 104
-18 105
-17 104
-16 103
-16 104
-15 103
-15 104
-16 105
river 0 Sturgeon-Weir
2 98
2 97
river 0 Sturgeon-Weir
-1 99
-1 100
-2 100
-3 101
-4 101
-4 100
-5 100
-5 99
-5 98
river 0 Sturgeon-Weir
-6 97
-6 96
-7 96
-6 95
-7 95
-7 94
-6 93
-6 92
-5 91
-4 90
-4 89
-3 88
-4 88
-4 89
-4 88
river 0 Sturgeon-Weir
-7 81
-8 81
river 0 Grassberry
-14 105
-14 104
-13 103
-12 102
-11 102
-10 101
-10 100
river 0 Grassberry
-11 94
-10 94
-11 95
-11 96
-11 97
-11 98
-11 99
river 0 Nipekamew
-23 87
-24 88
-24 89
-25 90
-26 91
-27 92
-28 93
-28 94
-29 94
-29 95
-29 96
river 0 Deschambault
-15 92
-16 92
river 0 Deschambault
-16 92
-16 91
-15 90
-15 89
-16 89
-17 89
-17 88
-18 89
river 0 Ballantyne
-22 98
-21 97
-20 97
-20 96
-19 95
-19 96
-18 95
-18 96
-18 95
-17 94
-17 95
river 0 Little Churchill
67 59
68 58
69 58
70 57
71 56
72 56
72 55
72 54
73 54
73 53
74 53
75 52
76 51
76 50
77 49
77 50
78 49
79 49
79 48
80 47
80 46
80 45
81 44
81 43
river 0 Rat
41 61
40 62
39 63
38 64
37 64
36 64
36 65
35 65
35 66
34 67
35 67
34 67
33 68
river 0 Gauer
61 47
61 46
river 0 Gauer
61 49
60 50
59 51
river 0 Gauer
53 55
52 56
51 57
50 58
50 59
51 59
51 60
river 0 
8 77
7 78
7 79
6 79
6 80
river 0 Kississing
12 83
13 83
14 82
15 82
16 82
16 81
15 81
15 80
16 80
16 79
17 78
18 77
river 0 Kississing
18 76
17 77
river 0 Loon
11 72
12 72
12 71
13 70
river 0 Laurie
19 60
19 61
20 61
21 61
river 0 
14 48
13 49
12 50
11 51
10 52
9 53
river 0 
5 54
5 55
4 55
4 56
3 56
2 57
2 58
1 59
1 60
river 0 Pink
-2 59
-2 58
-1 58
0 57
1 57
2 57
2 56
3 56
4 55
5 54
river 0 
-6 64
-5 63
-4 63
-4 62
-3 62
-2 61
-2 60
river 0 Wathaman
7 51
8 50
9 50
10 49
11 49
12 48
12 49
13 48
14 48
15 47
16 47
river 0 Wapiskau
1 70
0 70
-1 70
-2 70
-3 70
river 0 Haultain
-31 71
-30 71
-29 70
-28 70
-27 69
-27 68
-26 67
-26 66
-25 65
-25 64
-24 63
-23 62
-22 62
-22 61
-21 60
-20 59
-19 59
-18 58
-18 57
-17 57
river 0 South Knife
78 31
79 30
80 29
81 29
82 29
83 28
84 27
85 26
86 26
87 26
87 25
87 26
88 26
89 26
90 25
90 26
91 25
92 25
93 24
93 25
94 24
95 23
94 23
95 22
96 21
96 20
97 19
river 0 South Knife
73 36
74 35
74 34
75 34
75 33
76 33
76 32
river 0 North Knife
74 30
74 29
75 29
76 28
76 27
77 26
78 25
78 26
79 25
79 26
80 25
80 26
81 25
82 24
83 24
84 24
85 24
86 24
87 24
88 24
89 24
90 24
91 24
92 23
93 23
93 22
94 22
94 21
94 20
95 19
95 18
96 18
97 18
river 0 Wolverine
77 15
77 14
76 14
76 13
76 12
77 11
77 10
river 0 Waterfound
13 28
13 27
12 27
13 26
14 26
15 25
16 24
17 23
18 22
19 22
20 21
21 20
22 20
river 0 Waterfound
13 30
12 30
12 29
river 0 Badwater
9 25
10 24
11 23
11 24
11 23
12 23
12 22
12 21
11 22
10 22
9 22
8 22
7 23
6 23
river 0 Hunter
2 27
1 27
0 28
-1 28
-2 29
-3 30
-4 30
-5 30
-6 31
-7 32
-8 32
-9 33
river 0 Pipestone
-2 30
-2 29
-1 29
0 29
1 28
2 27
3 26
4 25
4 24
5 24
5 23
6 22
7 22
river 0 
4 13
4 12
river 0 
2 12
1 12
river 0 Otherside
4 10
3 10
2 11
2 10
1 11
0 11
0 10
-1 11
-1 12
-2 12
-3 13
-3 14
-4 14
-3 14
-4 15
-3 15
-3 16
-2 16
-3 17
-2 17
river 0 Thlewiaza
46 10
47 10
46 11
46 12
45 13
46 13
46 12
47 12
47 11
48 11
49 10
48 10
49 9
50 8
river 0 Porcupine
32 0
31 1
31 2
30 3
30 4
29 5
28 6
27 7
28 7
27 8
26 8
25 9
24 10
23 10
23 11
22 11
22 12
21 12
20 13
19 13
river 0 
27 9
27 10
26 11
26 12
27 11
27 12
28 11
28 12
27 12
27 13
28 12
29 12
28 13
28 14
27 14
28 14
27 15
28 15
27 16
28 16
29 15
30 15
31 15
river 0 East Porcupine
27 9
27 8
river 0 Striding
31 0
32 0
river 0 Chipman
24 3
23 3
24 2
25 1
river 0 Grease
5 9
5 8
6 8
7 8
8 8
9 7
10 7
10 6
11 6
11 5
11 4
12 3
river 0 Grease
12 1
13 0
river 0 
353 29
354 29
354 30
355 29
355 28
355 27
355 26
356 25
river 0 
356 20
356 21
356 22
river 0 
356 22
357 22
358 22
359 22
river 0 Rideau
210 223
210 224
209 224
209 225
208 226
207 227
206 228
206 229
river 0 
169 238
169 239
169 240
168 241
169 241
169 242
170 242
river 0 Wathaman
16 47
17 47
18 47
19 47
19 48
20 48
river 0 
30 190
29 190
28 191
28 190
27 191
26 191
25 192
24 192
24 193
23 193
23 194
22 194
21 195
20 196
river 0 
25 185
26 185
27 185
28 185
29 185
30 185
31 185
river 0 Onaman
95 170
96 169
97 169
98 168
99 168
river 0 
1 132
0 132
river 0 Red Deer
-8 147
-8 146
-7 145
-6 144
-7 144
-6 143
-6 142
-5 141
-5 140
-5 139
-4 138
-3 137
-3 136
-2 136
-2 135
-1 134
-1 133
0 132
-1 132
0 131
0 130
0 129
0 128
1 127
0 127
0 126
-1 126
0 125
-1 125
-1 124
-2 125
-2 124
-3 124
-3 123
-4 124
-5 124
-6 125
-7 126
-8 126
-9 127
river 0 Otherside
5 9
4 10
river 0 Grease
4 9
5 9
river 0 Lamoille
244 217
244 216
river 0 Troyes
253 29
252 30
river 0 
238 80
237 80
237 81
236 81
235 81
234 81
235 80
236 79
236 78
river 0 
237 77
237 76
237 75
236 75
river 0 
236 81
235 82
234 83
233 84
233 85
232 86
233 86
232 87
233 87
river 0 
35 194
34 195
34 196
34 197
33 198
33 199
34 199
river 0 
57 106
58 106
59 105
river 0 
-22 86
-22 85
river 0 Nipekamew
-22 86
-23 87
river 0 Deschambault
-15 93
-14 92
-15 92
river 0 Deschambault
-18 89
-18 88
-19 89
-19 88
-20 89
-20 88
-21 89
-22 89
-23 89
-22 88
-23 88
river 0 Deschambault
-23 88
-23 87
river 0 
63 96
64 96
river 0 Sturgeon-Weir
-5 98
-5 97
-6 97
river 0 Sturgeon-Weir
-4 88
-4 87
-3 86
-4 86
-4 85
-5 86
-5 85
-5 84
-6 84
-7 84
-7 83
-7 82
-7 81
river 0 La Grande
297 58
296 58
river 0 
296 57
295 58
river 0 
211 167
212 166
212 165
river 0 Saint-Cyr
236 145
236 144
237 143
river 0 Toulnustouc
317 108
316 109
315 110
315 111
river 0 Ballantyne
-17 95
-16 94
-15 94
-15 93
river 0 Poissons
362 44
361 44
360 44
river 0 Poissons
358 44
357 44
356 44
356 43
355 43
355 42
355 41
river 0 Loon
8 75
9 74
10 73
11 72
river 0 
9 76
8 77
river 0 Striding
25 1
26 0
river 0 Striding
30 0
31 0
river 0 
320 49
319 49
318 50
317 51
317 52
316 53
river 0 Wapiskau
1 71
1 70
river 0 Makoop
95 105
96 104
96 103
97 102
river 0 English
58 172
58 173
59 173
59 174
river 0 Thlewiaza
50 8
51 7
river 0 Gauer
59 51
59 50
58 51
57 51
57 52
56 52
56 53
55 53
55 54
54 54
53 55
river 0 Kesagami
185 146
186 145
185 145
186 144
186 143
186 142
187 141
river 0 Obatogamau
244 136
245 136
246 136
river 0 Opawica
238 142
238 141
237 142
236 142
river 0 
223 133
224 132
225 131
river 0 Eagle
421 7
421 6
river 0 
264 70
263 71
262 71
river 0 Kanaaupscow
242 66
242 65
243 64
river 0 Racine de Bouleau
319 71
319 72
319 73
319 74
318 75
319 75
318 76
317 77
318 77
318 78
319 78
river 0 Cannonball
-63 242
-64 242
river 0 Gatineau
219 191
219 190
220 190
221 189
222 188
222 187
223 186
223 185
river 0 
306 110
306 111
306 112
307 111
308 110
308 109
309 108
river 0 North Fork Salt
-18 360
-17 360
-16 359
river 0 Spring
-76 411
-77 412
river 0 Illinois
-86 429
-87 430
-86 430
-87 431
-88 431
-88 432
-89 432
-89 433
-90 433
river 0 Bryant
-46 413
-47 414
-46 414
-47 415
-48 416
-47 416
-47 417
-48 418
-48 419
river 0 Indian
110 241
111 240
112 239
112 238
river 0 Black
114 239
113 240
river 0 Sac
-59 399
-58 398
-58 397
-57 396
-57 395
river 0 Middle Fork Little Red
-52 430
-53 431
-52 431
-52 432
-51 431
-50 431
river 0 Etowah
42 439
41 440
40 440
river 0 Hiwassee
48 421
47 421
47 420
46 420
45 420
45 419
44 419
river 0 Emory
54 409
54 408
river 0 Clinch
53 410
53 409
54 409
55 408
55 409
56 408
56 409
57 408
river 0 Middle Fk.  Holston
90 391
91 391
91 390
92 389
93 388
river 0 
298 168
297 169
297 170
297 171
river 0 North Branch Dead
284 193
283 194
282 194
281 194
280 195
river 0 Coldwater
-31 442
-30 442
-29 442
-28 441
-27 441
river 0 North Fork Solomon
-108 363
-107 363
river 0 O'Sullivan
224 146
223 146
224 146
224 145
225 144
224 144
224 143
river 0 Wetetnagami
227 148
228 147
229 146
river 0 
243 139
242 140
241 140
river 0 Opawica
230 144
229 145
229 144
230 143
231 142
230 142
river 0 
225 129
226 128
227 127
river 0 Marte
242 113
241 114
242 114
242 113
river 0 Marte
235 117
236 116
river 0 Toulnustouc
322 100
322 99
323 98
322 98
323 97
322 97
323 96
river 0 Aux Rochers
330 92
331 92
331 93
330 94
331 94
331 95
river 0 Nipissis
343 76
342 77
343 77
river 0 Manitou
352 73
352 74
352 75
352 76
river 0 
352 29
353 29
river 0 Churchill
362 25
363 25
364 25
river 0 Musquaro
398 60
398 59
399 58
398 58
399 57
398 57
398 56
398 55
399 54
river 0 George
364 0
364 1
river 0 
314 59
314 58
314 57
river 0 
330 44
329 44
river 0 
290 39
289 40
290 40
291 39
river 0 
299 29
298 29
river 0 
277 42
277 43
278 43
279 42
280 42
281 42
282 42
283 41
river 0 Châteauguay
310 5
311 4
river 0 
243 184
244 183
245 182
246 181
247 180
river 0 
209 171
209 170
210 169
river 0 
209 173
210 172
river 0 Harricana
202 173
202 174
202 175
river 0 
183 242
182 243
181 244
river 0 
176 240
176 241
175 242
river 0 
176 240
176 239
river 0 
174 240
175 239
river 0 
176 238
175 239
river 0 
182 238
183 238
183 237
182 238
181 238
river 0 
180 239
179 240
179 239
178 239
177 240
176 241
176 240
river 0 S.  Br.  Muskoka
170 233
169 233
168 233
river 0 Blanche
176 183
177 183
river 0 Wanapitei
163 208
163 207
162 207
river 0 Frederick House
170 174
169 175
river 0 Little Abitibi
175 158
176 158
river 0 Little Abitibi
176 158
176 159
177 159
river 0 Groundhog
152 188
151 189
150 190
150 191
river 0 Attwood
103 145
103 146
102 146
101 147
river 0 
125 113
125 112
126 111
river 0 Fishbasket
125 113
124 114
124 115
123 116
122 117
river 0 
65 195
66 195
66 196
67 196
river 0 
43 201
43 202
43 203
44 203
45 203
river 0 Chukuni
48 160
47 161
47 162
46 163
47 163
river 0 
47 155
46 156
46 157
river 0 
48 152
47 153
47 154
river 0 Chukuni
47 157
47 158
47 159
river 0 
32 188
31 188
31 189
30 190
river 0 Severn
58 128
57 128
river 0 Windigo
80 121
79 122
78 122
river 0 
82 121
83 121
84 121
85 121
86 121
river 0 Windigo
79 122
79 121
river 0 Windigo
80 126
80 127
80 128
river 0 Seeber
78 101
77 101
78 100
78 99
river 0 Seeber
81 96
82 96
83 96
83 95
river 0 Stull
84 93
83 93
84 92
85 91
river 0 Red Sucker
78 92
78 91
79 90
80 90
80 89
river 0 Red Sucker
73 97
74 97
75 96
river 0 Red Sucker
71 101
72 101
72 102
73 102
river 0 
61 100
60 100
59 101
58 101
58 102
57 102
56 103
river 0 
61 100
62 100
63 100
river 0 
-2 107
-1 106
-2 106
river 0 
-2 107
-3 108
river 0 Sturgeon-Weir
-1 99
0 99
1 98
2 98
river 0 Grassberry
-11 99
-11 100
-10 99
-10 100
river 0 Rat
33 68
34 68
river 0 Gauer
61 47
61 48
61 49
river 0 
6 81
6 80
river 0 Kississing
17 77
18 77
river 0 Laurie
21 61
22 61
22 62
river 0 Hughes
32 47
32 48
31 48
31 49
32 49
river 0 
5 54
6 53
river 0 
-2 59
-2 60
river 0 
-19 75
-18 74
-17 73
river 0 Wapiskau
-2 68
-3 69
-3 70
river 0 South Knife
78 31
77 32
76 32
river 0 Waterfound
13 28
12 28
12 29
river 0 
4 12
3 12
2 12
river 0 
1 12
2 11
1 11
river 0 Grease
12 1
12 2
12 3
river 0 Saint-Cyr
229 156
230 155
231 154
