river 11 Madison
236 148
235 148
234 148
234 147
234 146
234 145
233 145
river 11 Madison
234 144
233 145
233 144
232 145
231 146
231 145
230 146
230 145
229 146
229 145
229 144
228 144
228 143
228 142
228 141
229 140
229 139
230 138
230 137
230 136
230 135
230 134
231 133
230 133
231 132
232 131
232 130
233 129
234 128
235 127
236 126
237 125
237 124
238 124
239 123
239 122
240 122
241 121
242 120
242 119
243 118
244 117
244 116
245 115
245 114
246 114
246 113
246 112
247 111
248 110
248 109
249 109
250 108
251 107
251 106
251 105
252 105
252 104
252 103
252 102
252 101
252 100
252 99
253 98
river 11 Madison
243 149
242 150
241 151
240 151
239 152
239 151
238 151
237 151
236 151
236 150
236 149
236 148
river 11 Missouri
385 46
384 47
383 48
382 49
381 50
380 51
379 52
378 52
377 53
376 53
375 54
374 54
373 54
372 55
372 54
371 55
370 56
369 56
368 57
367 57
366 57
365 57
364 57
363 57
362 57
361 57
361 56
360 56
359 56
358 57
358 58
357 58
356 58
356 57
355 58
355 57
354 58
354 57
353 58
352 58
352 59
351 59
350 60
349 61
348 61
347 62
346 63
345 64
345 63
346 62
346 61
346 60
346 59
345 59
344 59
343 59
342 59
341 59
river 11 Missouri
481 61
481 60
480 60
479 61
479 60
478 61
477 61
476 62
476 61
475 62
475 61
474 62
474 61
473 62
472 62
471 62
470 62
470 61
469 61
468 61
468 60
467 60
467 59
466 60
466 59
465 59
465 58
466 57
466 56
467 55
466 55
467 54
467 53
466 53
465 54
464 54
463 54
463 53
462 53
461 53
461 52
460 52
461 51
461 50
462 49
463 48
464 47
465 46
464 46
464 45
463 45
463 44
463 43
462 43
461 43
461 42
460 42
459 42
458 42
457 42
456 42
455 42
454 42
453 43
452 44
451 45
450 45
449 45
448 45
447 46
446 46
445 46
445 45
446 44
445 44
446 43
445 43
445 42
444 43
443 43
442 44
441 45
440 45
440 46
river 11 Missouri
252 98
253 97
253 96
254 96
253 96
254 95
254 94
254 93
254 92
254 91
254 90
253 90
254 89
253 89
river 11 Missouri
385 46
386 45
387 45
388 45
389 45
389 46
390 45
390 46
391 45
391 46
391 47
392 46
393 46
393 47
394 46
395 46
396 46
397 46
398 46
399 45
400 45
401 45
402 45
402 44
403 44
404 44
405 44
406 43
406 44
407 44
408 44
409 44
410 44
411 44
411 45
412 44
413 44
414 44
413 45
414 44
414 45
415 44
416 44
417 43
418 43
418 42
419 42
419 43
420 42
420 43
421 42
421 43
422 43
423 43
424 43
425 42
425 43
426 42
426 43
427 43
428 43
428 44
429 44
429 45
430 45
431 45
432 45
432 44
432 45
432 46
433 45
434 45
434 46
434 47
435 46
435 47
436 47
437 47
438 47
439 46
440 46
river 11 Missouri
480 63
479 64
river 11 Missouri
253 89
253 88
252 89
252 88
252 87
253 86
252 86
251 86
252 85
251 85
252 84
251 84
251 83
252 83
253 82
253 81
252 82
252 81
253 80
253 79
253 78
253 77
254 76
255 75
256 74
257 74
258 73
259 73
259 72
260 72
261 71
262 70
263 70
263 69
264 69
265 68
266 68
267 67
268 66
269 66
269 65
270 65
271 65
272 64
272 65
273 65
274 65
274 64
275 63
275 62
276 61
277 61
278 61
279 61
280 60
281 60
281 59
282 59
283 58
283 57
284 57
285 56
286 55
287 54
288 53
289 53
289 54
290 54
291 54
292 53
293 52
294 52
295 51
295 52
296 51
296 50
296 51
297 51
298 50
299 50
299 49
300 48
301 48
302 47
303 47
304 46
305 46
306 45
307 45
308 45
307 46
308 46
307 47
308 47
307 48
307 49
307 50
306 51
306 52
307 52
307 53
308 53
308 54
309 54
308 55
309 55
310 55
311 55
312 55
313 55
314 54
315 54
316 54
317 54
317 55
318 55
319 54
320 54
321 53
322 53
323 53
324 53
325 53
326 53
327 52
327 53
328 53
329 52
329 53
329 54
328 54
328 55
329 55
330 55
330 56
331 56
330 57
330 58
331 58
332 58
333 58
334 58
334 59
335 58
335 59
336 59
337 58
337 59
337 60
338 59
338 60
339 60
340 59
341 59
river 9 Columbia
164 0
164 1
164 2
164 3
165 3
165 4
166 4
166 5
river 9 Columbia
152 26
151 27
150 28
149 29
148 30
147 31
146 32
146 33
145 34
145 35
144 36
145 36
144 37
144 38
144 39
river 9 Columbia
166 5
167 5
168 5
169 5
170 5
171 5
171 6
170 7
170 8
169 9
168 10
167 10
167 11
166 12
167 12
167 13
168 13
167 14
167 15
166 16
165 16
164 17
163 17
162 18
161 19
160 19
159 20
158 21
157 21
156 22
155 22
155 23
154 23
153 24
153 25
153 26
152 26
river 9 Columbia
143 40
142 41
141 42
142 42
141 42
141 43
140 43
140 44
139 45
138 46
137 46
136 46
135 47
135 48
135 49
134 50
134 51
133 52
132 52
132 51
131 51
130 51
131 50
130 50
130 49
129 49
128 49
127 49
127 50
126 50
125 50
125 49
124 49
123 49
122 49
122 48
123 47
123 46
123 45
122 45
123 44
123 43
122 43
122 42
121 43
120 43
119 43
118 44
118 43
117 44
116 45
115 46
115 45
114 45
113 45
112 45
111 46
110 46
109 47
109 46
108 47
108 46
109 45
109 44
108 44
107 44
106 45
106 44
105 45
104 46
104 47
104 48
103 49
102 50
101 51
100 52
99 53
98 53
97 54
96 54
96 53
95 54
94 54
93 55
93 56
93 57
92 57
92 58
91 59
90 60
89 61
88 62
87 63
87 64
87 65
87 66
88 66
89 66
89 67
90 67
89 68
89 69
88 70
89 70
89 71
89 72
89 73
88 74
87 75
87 76
86 77
87 77
86 78
86 79
86 80
86 81
85 82
85 83
84 84
84 85
83 86
83 87
83 88
83 89
84 89
85 89
86 89
87 89
88 89
89 88
90 88
91 87
92 86
93 86
93 87
93 88
93 89
93 90
93 91
94 91
93 92
94 92
94 93
93 94
93 95
92 96
92 97
92 98
91 99
90 100
90 101
91 101
92 101
92 102
93 102
94 102
river 9 Columbia
94 107
93 108
92 109
91 109
90 110
89 111
88 111
87 111
86 111
85 111
84 111
83 111
82 111
81 111
80 112
80 111
79 112
79 111
78 112
77 112
76 113
75 113
74 114
74 113
73 114
72 114
71 114
70 114
69 114
68 115
67 115
66 115
65 116
64 116
63 117
62 117
61 118
61 117
60 117
59 118
58 118
57 118
56 118
55 118
54 118
53 118
52 118
51 119
50 119
49 119
48 120
47 120
46 121
46 120
45 121
45 120
44 120
43 120
42 121
41 121
40 121
40 120
40 119
40 118
39 119
39 118
38 118
37 118
36 118
35 118
34 118
33 118
32 118
31 118
30 118
29 118
28 118
27 119
26 119
25 120
24 120
23 121
22 121
21 121
20 122
19 122
river 9 Columbia
19 122
18 122
17 123
16 123
16 122
15 122
14 122
13 122
12 122
12 121
11 121
10 121
9 121
8 121
8 120
8 119
9 118
8 118
9 117
10 116
9 116
10 115
10 114
11 113
11 112
11 111
12 110
11 110
11 109
11 108
12 107
11 107
12 106
11 106
11 105
10 105
9 105
9 104
9 103
8 104
8 103
7 104
6 104
river 8 Snake
213 197
212 197
212 196
213 195
212 195
213 194
212 194
213 193
212 193
river 8 Snake
169 209
170 208
171 207
172 206
173 206
174 205
175 204
176 203
177 202
river 8 Snake
157 214
157 213
156 213
155 213
154 213
river 8 Columbia
94 102
94 103
94 104
94 105
94 106
94 107
river 8 Columbia
231 177
231 178
230 179
229 180
228 181
227 182
226 183
225 184
225 185
224 186
223 187
222 187
221 188
221 189
221 190
222 190
222 191
223 191
222 192
222 193
221 193
220 194
220 195
219 196
218 196
217 196
216 197
216 196
215 197
215 196
214 197
213 198
213 197
river 8 Columbia
212 192
212 191
212 190
211 190
211 189
211 188
210 188
210 187
210 186
211 186
211 185
211 184
210 184
210 183
209 184
208 184
207 184
207 183
207 182
206 182
206 181
205 181
205 180
204 180
204 179
203 179
202 180
202 179
201 179
200 179
200 180
199 181
199 182
199 183
199 184
198 185
198 186
197 187
197 188
196 188
195 189
194 190
193 191
192 192
191 193
190 194
189 195
188 195
187 195
187 196
186 196
185 197
184 197
183 198
182 198
182 199
181 199
181 200
180 200
179 201
178 202
177 202
river 8 Columbia
169 209
168 210
167 211
166 212
165 212
164 213
163 214
162 214
161 214
160 214
159 214
158 215
158 214
157 214
river 8 Columbia
154 213
153 213
152 214
151 215
150 216
149 217
148 217
147 217
147 216
146 217
145 217
144 217
143 217
142 217
141 217
140 218
139 218
138 218
138 217
137 217
136 217
136 216
135 216
134 216
134 215
133 215
132 215
132 214
131 214
131 213
130 214
130 213
129 214
129 213
128 213
127 213
127 212
127 211
127 210
126 210
126 209
127 208
128 207
128 206
127 206
127 205
126 205
125 205
124 206
124 205
124 204
124 203
123 203
122 204
121 204
120 204
119 204
118 205
117 205
116 205
116 204
115 205
115 204
114 204
113 204
112 205
112 204
111 205
111 204
111 203
110 203
109 203
109 202
108 203
107 204
106 204
106 203
105 203
105 202
104 202
104 201
104 200
104 199
103 199
103 198
103 197
102 197
103 196
103 195
103 194
103 193
102 194
102 193
101 194
101 193
100 193
100 192
100 191
99 191
99 190
99 189
99 188
98 188
99 187
99 186
99 185
99 184
98 184
98 183
97 183
97 182
97 181
96 181
95 181
96 180
97 179
98 178
98 177
99 176
100 176
100 175
101 174
102 173
102 172
103 171
104 170
103 170
104 169
103 169
104 168
105 168
106 167
107 166
106 166
106 165
106 164
106 163
105 164
105 163
104 164
104 163
103 163
102 163
102 162
103 161
103 160
103 159
104 158
105 157
105 156
106 156
107 155
108 154
109 153
109 152
110 152
110 151
111 150
112 149
113 148
114 148
115 147
116 147
116 146
117 146
117 145
118 145
118 144
119 144
119 143
120 142
121 141
120 141
121 140
122 139
123 138
124 137
125 136
126 135
127 134
127 133
128 132
129 131
130 130
130 129
131 129
132 128
132 127
133 127
134 126
135 125
135 124
136 123
137 123
138 122
138 121
138 120
138 119
139 118
138 118
139 117
138 117
138 116
137 116
137 115
136 115
136 114
135 114
135 113
135 112
135 111
135 110
135 109
135 108
135 107
135 106
136 105
137 105
137 104
138 103
137 103
138 102
138 101
138 100
138 99
138 98
137 98
138 97
139 96
139 95
138 96
138 95
137 96
137 95
136 96
136 95
135 96
136 95
135 95
136 94
136 93
136 92
136 91
135 91
135 90
135 89
134 89
135 88
134 88
135 87
134 87
133 88
132 88
131 88
131 87
130 87
129 87
128 88
127 89
126 90
126 89
125 90
125 89
124 90
123 91
123 90
122 91
121 91
120 91
119 91
118 92
118 91
117 92
117 91
117 90
116 90
115 90
114 90
113 91
112 91
112 90
111 91
110 91
109 92
108 93
107 94
106 95
106 96
105 96
104 97
103 97
102 98
101 99
100 100
99 100
98 101
97 101
96 101
95 102
94 102
river 8 Rio Grande
137 510
137 509
138 508
139 507
139 506
139 505
140 504
river 8 Rio Grande
130 518
131 517
131 516
132 515
132 514
133 514
133 513
134 512
river 8 Rio Grande
204 366
204 367
205 367
206 367
207 367
208 367
209 366
209 367
210 367
211 367
212 367
213 366
214 365
214 364
215 364
216 364
216 365
217 365
217 366
218 366
217 367
218 367
217 368
218 368
218 369
219 369
220 369
221 369
222 369
223 369
224 369
225 369
226 369
226 370
227 370
227 371
228 371
227 372
228 372
229 372
230 372
230 373
231 373
232 373
232 374
232 375
232 376
233 376
232 377
233 377
232 378
232 379
232 380
232 381
231 382
230 383
230 384
229 385
229 386
228 387
227 388
227 389
227 390
226 391
226 392
226 393
225 394
226 394
225 395
225 396
224 397
224 398
223 399
223 400
222 401
222 402
221 403
220 404
220 405
219 405
219 406
218 407
218 408
217 409
217 410
216 411
215 412
214 413
213 414
212 414
211 415
210 415
209 416
208 417
207 418
206 418
205 419
205 420
204 421
204 422
203 422
203 423
202 424
201 425
200 426
199 427
198 428
197 429
196 430
195 430
194 431
194 432
193 433
192 434
191 435
190 436
189 437
189 438
188 439
187 440
186 440
185 441
184 442
183 443
182 444
181 445
180 446
179 447
178 448
177 449
177 450
177 451
176 452
176 453
175 453
175 454
175 455
174 455
174 456
173 457
173 458
172 458
172 459
171 460
170 461
170 462
169 463
169 464
168 465
167 466
167 467
166 467
166 468
165 469
165 470
164 471
163 472
162 473
162 474
161 475
160 476
159 477
159 478
158 479
158 480
158 481
157 482
157 483
156 484
156 485
155 486
155 487
154 488
154 489
153 490
152 491
151 492
150 493
149 493
149 494
148 494
148 495
147 496
146 496
146 497
145 497
145 498
144 498
144 499
143 499
143 500
142 501
141 502
141 503
140 504
river 8 Rio Grande
137 510
136 510
135 511
134 511
134 512
river 8 Rio Grande
130 518
130 519
129 520
129 521
128 522
129 522
128 523
129 523
128 524
129 524
128 525
129 525
129 526
130 526
131 526
132 526
132 527
131 528
132 528
131 529
131 530
131 531
132 530
132 531
132 532
132 533
131 534
132 534
131 535
131 536
130 537
130 538
130 539
130 540
130 541
130 542
130 543
130 544
130 545
129 546
129 547
129 548
129 549
128 550
128 551
128 552
river 8 Rio Grande
128 552
129 552
129 553
129 554
130 554
131 554
131 555
131 556
131 557
131 558
131 559
130 560
131 560
130 561
131 561
131 562
130 563
131 563
131 564
132 564
132 565
133 565
134 565
134 566
134 567
134 568
135 568
135 569
135 570
135 571
135 572
135 573
136 573
136 574
137 574
136 575
137 575
137 576
137 577
137 578
137 579
137 580
138 580
138 581
138 582
138 583
139 582
139 583
140 583
140 584
141 584
141 585
142 585
141 586
142 585
142 586
142 587
143 587
143 588
143 589
143 590
144 590
143 591
144 591
143 592
143 593
143 594
143 595
142 596
142 597
142 598
142 599
142 600
142 601
142 602
142 603
142 604
141 605
141 606
140 606
140 607
139 608
139 609
139 610
138 611
139 611
138 612
139 612
138 613
138 614
138 615
138 616
138 617
138 618
137 619
137 620
138 620
138 621
138 622
138 623
139 623
139 624
140 623
140 624
141 624
141 625
141 626
141 627
141 628
142 628
142 629
142 630
143 630
143 631
144 631
145 631
145 632
146 631
146 632
147 631
147 632
146 633
147 633
147 634
147 635
148 635
149 635
150 635
149 636
150 636
150 637
150 638
151 638
151 639
151 640
152 639
153 639
152 640
153 640
154 640
155 640
155 641
156 640
157 639
158 638
159 637
160 637
160 636
161 635
162 634
163 634
164 633
165 633
165 632
165 631
166 630
167 629
168 629
168 628
169 627
169 626
170 625
171 624
171 623
172 623
172 622
173 621
174 620
175 619
176 618
177 617
178 617
179 616
180 616
181 616
182 616
183 616
184 615
185 614
185 613
186 613
187 612
187 613
188 613
188 614
189 614
189 615
190 615
191 615
192 615
193 614
193 615
194 615
195 615
196 615
197 615
197 616
198 615
198 616
199 616
200 616
201 615
202 614
202 615
201 616
202 616
203 615
203 616
river 8 Arkansas
248 321
248 322
247 323
248 323
248 324
247 325
248 325
247 326
247 327
248 327
248 328
248 329
247 330
247 331
247 332
247 333
246 334
246 335
246 336
246 337
246 338
245 339
245 340
244 341
244 342
245 342
245 343
245 344
246 344
246 345
247 345
247 346
248 346
247 347
248 347
248 348
249 347
250 347
251 346
252 346
252 345
253 345
254 345
255 345
255 344
256 344
257 344
257 345
258 345
259 345
260 345
261 345
261 346
262 345
262 346
263 346
264 346
264 347
265 347
264 348
265 348
265 349
265 350
266 350
266 351
267 351
268 351
269 351
270 351
271 351
272 351
273 351
274 351
275 351
276 351
277 351
277 352
277 353
278 353
279 353
279 354
280 354
281 354
282 354
282 355
283 354
283 355
284 355
285 355
286 355
286 356
286 357
287 357
287 358
288 358
288 359
289 358
290 358
291 357
292 357
293 356
293 357
294 356
295 356
296 356
297 356
298 356
299 356
300 356
301 356
302 356
303 356
304 356
305 356
306 356
307 356
307 355
308 355
308 356
309 355
310 355
311 355
312 355
313 355
314 355
315 355
316 355
316 356
317 356
317 357
318 357
319 357
320 357
320 358
321 358
322 358
323 358
323 359
324 359
325 359
325 360
326 360
327 360
327 361
328 361
329 361
329 362
330 361
330 362
river 7 Colorado
275 291
274 291
273 292
river 7 Colorado
144 362
143 363
143 364
142 364
141 365
141 366
141 367
140 367
139 368
139 369
138 370
137 370
136 371
135 372
134 372
134 373
133 373
133 374
132 374
132 375
131 375
130 375
130 376
130 377
129 378
128 379
128 380
127 380
126 380
125 381
124 382
124 383
123 383
123 384
122 384
122 385
121 385
120 386
119 387
118 387
117 387
116 387
115 387
114 388
113 388
112 388
112 389
111 390
110 390
109 390
109 389
108 390
108 391
107 391
107 392
106 392
106 393
river 7 Colorado
24 421
25 420
25 419
26 418
27 418
28 417
29 417
30 416
30 417
31 417
31 418
32 417
32 418
33 417
34 417
34 418
34 419
34 420
34 421
35 421
36 421
37 420
38 419
39 418
39 417
40 416
41 416
41 415
42 415
42 416
42 417
43 417
43 418
43 419
43 420
44 420
44 421
44 422
44 423
44 424
44 425
44 426
44 427
river 7 Colorado
16 442
17 441
17 440
17 439
17 438
18 437
17 437
18 436
19 435
19 434
20 433
river 7 Colorado
8 467
8 468
7 469
8 469
8 470
9 470
8 471
9 471
9 472
10 472
10 473
10 474
river 7 Colorado
277 284
277 285
276 286
276 287
275 288
276 288
275 289
275 290
275 291
river 7 Colorado
273 292
272 292
271 292
270 293
269 293
268 293
267 294
266 294
265 294
264 294
263 294
262 294
261 294
260 295
259 295
258 296
257 297
256 297
256 298
255 298
254 299
253 300
252 301
252 300
252 299
251 299
250 299
249 300
249 299
248 300
247 300
246 301
245 302
244 303
243 304
242 305
241 306
240 307
239 308
238 308
237 309
236 309
235 310
234 310
233 310
232 310
232 309
231 310
231 309
230 310
229 310
228 310
227 310
226 310
225 310
224 310
223 310
222 311
221 312
220 312
219 312
218 313
217 314
216 314
215 315
214 316
213 316
212 317
211 318
210 319
209 320
209 321
208 321
208 322
207 322
207 323
206 323
206 324
205 324
204 325
203 325
202 325
201 326
201 325
200 325
199 325
199 324
198 324
199 323
198 323
198 322
197 322
196 322
196 321
195 321
194 322
193 322
193 323
192 323
191 324
191 323
191 324
190 324
189 325
188 326
187 326
186 327
185 328
184 329
184 330
183 331
182 332
182 333
181 334
181 333
180 334
180 335
179 336
178 336
177 337
176 338
176 337
175 338
174 339
173 340
172 340
172 341
171 342
171 341
170 341
170 342
169 343
169 344
168 344
168 345
167 345
166 345
166 346
165 347
165 348
164 348
164 349
163 350
162 351
161 352
160 353
159 353
158 354
157 355
156 355
155 356
154 357
153 358
152 359
151 359
150 360
149 361
148 362
147 362
146 363
146 362
145 362
144 362
river 7 Colorado
106 393
105 393
104 394
103 395
102 395
101 396
100 397
99 398
99 399
98 399
97 400
96 401
95 402
95 403
94 403
94 404
93 404
92 405
92 406
91 407
91 408
90 408
90 409
89 410
89 411
88 412
89 412
89 413
88 414
88 415
87 416
87 417
86 418
85 418
85 419
84 419
83 420
82 420
82 419
81 419
81 418
80 418
79 418
78 418
78 417
77 417
77 416
77 415
78 414
77 414
77 413
76 414
75 415
75 414
74 414
74 413
75 412
76 412
76 411
77 410
77 409
76 409
75 409
74 409
73 409
73 410
72 411
72 410
71 411
70 412
69 412
68 413
67 413
river 7 Colorado
67 413
66 413
65 414
64 414
63 414
62 415
61 415
60 416
59 416
58 417
57 418
57 419
56 419
55 419
54 419
54 420
53 421
53 422
52 423
52 424
52 425
51 426
51 427
50 428
49 429
48 429
47 430
47 429
46 429
46 428
45 428
45 427
44 427
river 7 Colorado
24 421
23 422
23 423
23 424
23 425
23 426
22 427
21 428
21 429
20 430
20 431
20 432
20 433
river 7 Colorado
16 442
16 443
16 444
15 445
15 446
14 447
14 448
13 448
12 449
12 450
11 451
11 452
10 453
10 454
9 455
9 456
9 457
9 458
9 459
8 460
9 460
9 461
9 462
9 463
9 464
9 465
8 465
8 466
9 466
8 467
river 7 Colorado
10 474
10 475
9 476
8 476
7 477
6 478
5 478
4 479
3 480
2 480
1 481
0 482
-1 483
-2 484
-3 485
-4 486
-4 487
-5 488
-5 489
-6 490
-6 491
-7 492
-7 493
-8 494
-9 495
-9 496
-10 497
-10 498
-11 498
-12 499
-12 500
-13 500
-13 501
-14 501
-14 502
-15 502
-16 502
-17 503
-17 504
-18 505
-18 506
-18 507
-18 508
-19 509
-19 510
-20 511
-21 512
-21 513
-21 514
-20 514
-19 514
-18 514
-18 515
-18 516
-19 517
-19 518
-19 519
-20 520
-21 521
-22 521
-22 522
-23 523
-24 524
-24 523
-25 524
-25 523
-26 523
-27 524
river 7 Colorado
-27 524
-28 525
-29 526
-30 527
-31 528
-31 529
-32 530
-33 531
-34 531
-35 531
-36 532
-37 533
-37 534
-38 535
-39 536
-40 537
-41 538
-42 539
-43 540
-44 540
-45 540
-45 541
-46 541
-46 542
-47 543
-47 544
-48 545
-48 546
-48 545
-47 545
-46 545
-46 546
-47 547
-47 548
-46 547
-46 548
river 7 Sacramento
-60 271
-60 272
-61 273
-62 274
river 7 Sacramento
-54 257
-53 256
-52 255
-52 256
-51 256
-51 257
-51 258
-52 259
-53 260
-53 261
-54 261
-54 262
-55 262
-55 263
-56 263
-57 264
-58 265
-58 266
-59 267
-59 268
-58 268
-59 269
-60 270
-60 271
river 7 Sacramento
-62 274
-63 274
-64 275
-64 276
-64 277
-64 278
-63 278
-64 279
-64 280
-64 281
-64 282
-63 282
-62 282
-62 283
-62 284
-63 285
-63 286
-64 286
-64 287
-63 286
-63 287
-64 287
-64 288
-65 288
-65 289
-64 288
-64 289
-65 289
-66 290
-66 291
-66 292
-65 292
-66 293
-66 294
-66 295
-67 296
-67 297
-67 298
-68 299
-68 300
-67 300
-68 301
-69 302
-69 303
-68 303
-69 304
-68 304
-68 305
-69 306
-69 307
-70 307
-69 307
-70 308
-71 309
-71 310
-72 311
-72 312
-73 313
-73 314
-74 315
-75 316
-75 317
-76 317
-76 318
-76 319
-76 320
-77 321
-77 322
-76 321
-76 322
-76 323
-77 323
-77 324
-76 324
-77 325
-76 325
-76 326
-76 327
-77 328
-77 329
-78 329
-78 330
-77 330
-78 331
-78 332
-77 332
-77 333
-78 334
-77 334
-78 335
-77 335
-76 335
-76 336
-77 337
-78 338
-77 338
river 7 Sacramento
-77 338
-77 339
-77 340
-76 340
-77 341
-77 342
-78 343
-79 343
-79 344
-78 344
-79 345
-80 346
-79 346
-80 347
-81 348
-82 349
-83 350
-82 350
-82 351
-83 352
-84 353
-85 354
-86 354
-87 354
river 7 Klamath
-25 219
-26 220
-25 220
-26 221
-25 221
-25 222
-25 223
-26 224
-26 225
-26 226
river 7 Klamath
-26 226
-26 227
-26 228
-27 228
-28 229
-28 230
-29 230
-30 231
-30 230
-31 230
-31 229
-32 230
-32 229
-33 230
-34 231
-34 232
-35 232
-36 233
-37 233
-38 234
-39 235
-39 234
-40 235
-40 234
-41 234
-42 235
-43 235
-44 236
-45 236
-46 237
-47 238
-48 239
-49 239
-50 239
-50 238
-51 238
-51 237
-52 237
-53 238
-54 239
-54 238
-55 238
-56 239
-57 239
-58 240
-59 240
-59 239
-60 239
-60 238
-61 239
-61 238
-62 238
-63 238
-63 239
-64 240
-65 240
-66 241
-67 242
-68 243
-69 244
-69 245
-70 246
-71 246
-72 247
-72 248
-73 249
-73 250
-73 251
-74 252
-74 253
-75 254
-76 255
-77 256
-78 257
-79 258
-80 259
-81 259
-82 259
-82 258
-82 257
river 7 Klamath
-82 257
-82 256
-83 257
-83 256
-83 255
-82 254
-83 254
-83 253
-83 252
-82 251
-82 250
-82 249
-83 249
-83 248
-84 249
river 7 Fraser
95 0
95 1
94 1
94 2
93 3
92 4
91 4
90 4
89 5
88 5
87 6
86 7
86 8
85 9
84 9
83 9
82 9
81 9
80 9
79 9
78 10
77 10
76 10
75 10
74 10
73 11
72 11
71 12
70 12
70 11
69 11
69 10
68 10
67 10
66 10
66 9
65 9
64 10
63 10
63 9
63 8
62 9
62 8
61 9
60 9
59 10
58 11
58 10
57 11
56 11
river 7 Sprague
-4 222
-5 222
-6 222
-6 221
-7 221
-7 220
-8 220
-9 220
-10 220
-10 219
-11 220
-11 219
-12 219
-13 220
-13 219
-14 219
-15 220
-15 219
-16 219
-17 219
-17 218
-17 217
-18 217
-18 216
-18 215
-19 215
-20 215
-21 216
-22 216
-23 217
-24 218
-25 219
river 6 San Joaquin
-64 390
-63 390
-62 389
-61 388
river 6 San Joaquin
-85 370
-85 369
-86 369
-85 368
-86 368
-85 367
-85 366
-85 365
-84 364
-84 363
-83 362
-83 361
-83 360
-83 359
-84 359
-85 359
river 6 San Joaquin
-42 387
-43 387
-42 386
-42 385
-42 384
-43 384
-42 383
-43 383
-44 383
-44 382
-44 381
-44 380
-45 380
-45 379
-46 379
-45 378
-46 378
-45 377
-46 377
-46 376
-46 375
-47 376
-48 377
-49 378
-50 379
-51 380
-51 381
-52 382
-53 383
-53 384
-54 384
-54 385
-55 385
-56 385
-57 386
-58 386
-59 387
-60 388
-61 388
river 6 San Joaquin
-64 390
-65 391
-66 392
-66 393
-67 393
-68 394
-69 395
-70 395
-71 395
-72 396
-72 395
-73 396
-74 396
-75 396
-76 396
-77 397
-78 397
-79 397
-80 398
-80 397
-81 397
-81 396
-81 395
-81 394
-81 393
-80 392
-81 392
-80 391
-81 391
-80 390
-81 390
-80 389
-81 389
-80 388
-80 387
-81 387
-81 386
-82 386
-83 386
-83 385
-82 384
-83 384
-83 383
-83 382
-83 381
-84 381
-84 380
-85 380
-84 379
-85 379
-84 378
-84 377
-84 376
-84 375
-85 375
-84 374
-85 374
-85 373
-85 372
-85 371
-85 370
river 6 Pit
-55 272
-56 273
-57 273
-58 273
-59 273
-60 273
-61 273
river 6 Pit
-6 243
-6 244
-6 245
-7 246
-7 247
-8 247
-9 248
-9 249
-10 250
-11 250
-12 251
-12 250
-13 250
-14 250
-15 251
-16 252
-17 252
-18 252
-18 251
-19 252
-20 252
-21 253
-22 253
-21 252
-22 252
-23 253
-23 254
-24 254
-24 253
-25 254
-26 255
-26 256
-27 257
-27 258
-28 259
-29 260
-29 261
-30 262
-29 262
-30 263
-30 264
-31 264
-31 265
-32 265
-32 266
-33 267
-34 267
-34 266
-34 265
-34 264
-34 263
-35 264
-36 264
-37 265
-38 266
-38 265
-39 265
-40 266
-40 265
-41 265
-41 264
-42 265
-43 265
-44 265
-45 266
-46 267
-46 266
-46 265
-47 265
-47 264
-48 265
-49 266
-50 267
-50 268
-50 269
-51 270
-52 270
-53 271
-54 271
-54 272
-55 272
river 6 Double Mountain Fork Brazos
257 499
258 499
258 500
259 500
259 501
260 501
260 502
260 503
river 6 Willamette
-14 190
-14 189
-15 189
-15 188
-15 187
-16 187
-17 187
-18 187
-19 187
-19 186
-19 185
-18 184
-18 183
-17 182
-16 181
-16 180
-16 179
-17 179
-17 178
-17 177
-17 176
-18 176
-18 175
-19 175
-19 174
-20 174
-21 174
-20 173
-21 173
-21 172
-21 171
-22 171
-22 170
-23 171
-23 170
-24 170
-24 169
-23 168
-23 167
-23 166
-23 165
-23 164
-22 163
-23 163
-22 162
-22 161
-22 160
-21 159
-21 158
-20 157
-19 156
-20 156
-19 155
-19 154
-19 153
-18 153
-17 152
-16 151
-16 152
-15 151
-14 151
-14 150
-15 150
-15 149
-14 148
-13 148
-13 147
-14 148
-14 147
-13 147
-12 146
-13 146
-13 145
-13 144
-12 144
-11 143
-10 142
-9 142
-8 141
-9 141
-9 140
-8 139
-8 138
-7 138
-7 137
-6 137
-5 136
-5 135
-4 134
-5 134
-5 133
-4 133
-3 133
-3 132
-2 132
-1 132
0 132
1 132
2 131
3 131
4 131
5 130
6 129
7 128
7 127
7 126
8 125
8 124
8 123
7 123
7 122
7 121
8 120
river 6 Gila
122 497
122 498
121 499
122 499
121 500
122 500
121 501
121 502
121 503
120 504
119 505
119 506
118 506
118 507
117 507
117 508
116 508
116 509
115 510
114 510
114 511
113 512
112 513
111 513
110 513
109 513
108 513
107 513
106 514
106 515
105 515
105 516
104 516
104 517
103 517
103 518
103 519
102 520
101 521
101 522
100 522
100 523
99 524
98 524
97 524
97 525
96 525
95 526
94 526
93 527
92 527
92 526
91 526
91 525
90 525
90 524
89 524
90 523
89 523
89 522
89 521
89 520
90 519
90 518
90 517
89 517
89 516
88 516
87 516
86 517
85 518
84 519
83 520
82 520
81 520
80 521
79 521
79 520
78 520
78 519
77 519
77 518
77 517
78 516
77 516
77 515
78 514
77 514
77 513
77 512
76 512
76 511
76 510
75 510
75 509
74 509
73 509
72 509
71 509
70 509
69 509
68 509
67 510
66 510
65 511
64 511
64 512
63 512
62 513
61 514
60 515
59 515
59 514
58 514
58 513
57 513
58 512
57 512
57 511
56 512
56 511
55 511
54 511
53 512
52 512
51 512
river 6 Gila
51 512
50 512
49 513
48 513
47 514
46 514
45 514
44 515
44 514
43 514
43 513
42 513
41 513
41 512
40 512
40 511
39 511
38 511
38 510
37 510
36 511
36 510
35 510
35 509
35 508
34 508
34 507
34 506
34 505
33 505
33 504
33 503
32 503
31 503
30 503
29 504
28 504
27 505
27 504
26 505
25 505
24 505
23 505
23 506
22 506
21 507
21 508
21 509
21 510
21 511
21 512
21 513
20 514
19 515
18 515
17 515
17 514
16 514
15 514
14 514
15 513
14 514
14 513
13 513
12 513
12 514
11 514
10 515
9 515
8 515
7 515
7 516
6 516
5 516
4 517
3 517
2 518
1 518
0 519
-1 519
-2 519
-3 520
-4 521
-5 521
-6 521
-7 522
-8 522
-9 522
-10 523
-11 523
-12 524
-13 524
-14 524
-14 523
-15 524
-15 525
-15 524
-16 524
-17 525
-18 525
-19 525
-19 524
-19 523
-19 522
-20 522
-21 523
-22 524
-23 524
-24 524
river 6 Trinity
-68 271
-69 272
-69 273
-70 273
-70 274
-71 274
-72 275
-73 275
-73 276
-74 276
-75 276
-74 275
-75 275
-75 274
-75 273
-75 272
-76 272
-77 272
-78 273
-79 273
-79 272
-80 272
-80 271
-81 271
-82 272
-82 271
-83 271
-82 270
-82 269
-83 269
-83 268
-84 268
-84 267
-84 266
-83 265
-83 264
-83 263
-83 262
-82 261
-82 260
-81 259
river 6 Pend Orielle
167 15
168 15
169 14
170 14
171 14
172 14
173 14
173 15
172 16
173 16
172 17
172 18
171 18
171 19
170 19
170 20
169 20
169 21
168 21
168 22
168 23
167 24
167 25
166 26
167 26
166 27
167 27
166 28
166 29
166 30
167 30
166 31
167 31
166 31
166 32
165 32
165 33
164 34
165 34
164 35
164 36
164 37
163 38
163 39
164 39
165 39
166 39
166 40
167 40
166 41
167 41
168 41
169 41
170 41
170 42
171 42
172 41
173 40
174 40
174 39
175 39
176 39
177 39
river 5 Conchos
100 662
99 662
99 661
99 660
98 660
99 659
99 658
99 657
100 656
101 655
101 654
102 654
102 653
103 652
102 652
102 651
103 650
102 650
103 649
103 648
104 647
103 647
104 646
105 645
106 644
107 644
108 644
109 643
110 642
110 641
111 640
112 640
113 639
114 638
114 639
115 638
115 637
116 637
117 636
118 635
119 634
119 633
120 632
121 632
122 631
122 630
123 630
124 629
125 628
125 627
126 627
126 626
127 625
127 624
127 623
128 623
129 623
129 624
130 624
130 625
131 624
132 623
133 623
134 623
134 622
135 622
134 623
135 623
136 623
136 624
137 623
138 622
river 5 Yellowstone
248 162
248 161
248 160
248 159
248 158
248 157
248 156
248 155
249 154
river 5 Yellowstone
249 154
249 153
249 152
249 151
249 150
248 150
249 149
250 149
250 148
251 148
252 147
253 146
253 145
254 144
254 143
254 142
254 141
253 141
253 140
252 140
251 140
250 140
250 139
249 139
248 139
249 138
249 137
249 136
249 135
248 135
248 134
248 133
249 133
249 132
250 132
250 131
251 130
252 130
253 129
254 128
255 128
256 127
257 126
258 125
259 124
260 123
260 122
261 121
262 120
263 119
264 118
265 118
266 117
266 118
267 118
268 118
269 118
270 117
271 116
272 116
273 116
274 115
275 115
276 114
277 114
278 113
278 114
279 114
280 114
280 115
280 116
280 117
281 117
282 117
283 117
283 118
284 118
285 118
286 118
286 119
287 119
287 120
288 120
289 120
289 121
290 121
291 121
291 122
292 121
292 122
293 121
293 122
294 121
295 121
296 121
297 121
298 121
299 120
300 120
301 119
302 119
303 119
304 118
305 118
306 117
307 117
307 116
308 115
309 114
310 114
311 113
312 113
312 112
313 112
314 111
315 110
316 109
317 109
318 109
319 109
320 109
321 109
322 109
323 108
324 108
325 108
326 107
327 107
328 106
329 106
330 106
331 105
332 105
333 104
334 104
335 104
335 103
336 102
337 101
338 100
338 101
339 100
340 100
341 99
342 99
343 99
344 99
345 99
346 99
346 100
347 99
347 100
348 100
349 100
350 100
350 101
351 100
351 101
352 100
352 101
353 100
354 100
355 100
356 100
357 100
358 100
359 100
360 100
361 100
361 101
362 100
363 100
364 99
365 99
366 98
367 98
368 98
369 98
370 97
371 97
372 96
373 95
374 95
374 94
375 94
376 93
377 92
378 92
379 91
380 91
380 90
381 90
381 89
382 89
383 88
384 87
385 87
385 86
386 86
387 85
387 84
388 84
389 84
390 83
390 84
391 83
391 84
392 83
393 83
394 82
395 82
396 82
397 82
398 81
399 81
400 80
401 80
401 79
402 79
403 79
403 78
404 77
405 76
405 75
406 74
407 73
407 74
408 73
409 72
410 71
410 70
411 70
412 69
413 69
414 69
415 68
416 67
417 66
418 66
419 65
420 64
421 63
422 62
423 61
424 60
425 59
426 58
427 57
428 56
429 56
429 55
430 54
431 54
432 53
431 53
432 52
433 52
434 51
434 50
435 50
435 49
435 48
436 47
river 5 Yellowstone
248 170
248 169
247 169
248 168
247 168
248 167
248 166
248 165
249 164
249 163
249 162
248 162
river 5 North Platte
329 219
329 218
330 217
330 216
329 216
river 5 North Platte
285 226
285 225
285 224
286 223
287 222
287 221
288 220
289 219
river 5 North Platte
283 229
283 230
283 231
282 232
283 232
282 233
282 234
281 235
280 236
279 236
river 5 North Platte
378 258
377 258
376 258
376 257
375 257
374 257
374 256
373 256
372 256
371 256
river 5 North Platte
289 219
290 219
291 218
292 217
293 217
294 216
295 215
295 216
296 215
297 214
297 213
298 212
299 212
300 211
301 210
302 209
303 209
304 208
305 208
306 207
307 207
308 207
309 207
310 207
311 207
312 207
313 207
314 207
315 207
316 207
317 207
318 207
319 207
320 207
321 207
322 207
323 207
324 207
324 208
325 208
325 209
324 210
324 211
324 212
323 213
324 213
324 214
325 213
325 214
326 213
326 214
327 214
328 213
328 214
329 214
329 215
329 216
river 5 North Platte
283 229
284 228
285 227
284 227
285 226
river 5 North Platte
371 256
370 256
370 255
369 256
369 255
369 254
368 254
367 254
367 253
366 253
366 252
365 253
365 252
365 251
364 251
363 251
363 250
362 250
362 249
361 249
361 248
360 248
359 248
359 247
359 246
358 246
357 246
357 245
356 245
356 244
355 244
354 244
354 243
353 244
353 243
352 243
351 243
351 242
350 242
350 241
349 241
348 241
348 240
348 239
347 239
346 239
346 238
345 238
346 237
345 237
345 236
344 236
343 236
343 235
342 236
342 235
341 236
341 235
341 234
340 234
340 233
339 233
339 232
338 232
338 231
337 231
336 231
336 230
336 229
335 229
335 228
334 228
334 227
333 227
332 227
332 226
331 226
330 226
330 225
331 224
330 224
329 224
330 223
329 223
329 224
328 224
329 223
328 223
329 222
328 222
329 221
328 221
329 220
329 219
river 5 North Platte
378 258
379 258
379 259
380 258
380 259
381 259
382 259
river 5 North Platte
266 283
266 282
267 281
268 280
269 279
269 278
270 278
270 277
270 276
269 276
270 275
271 274
272 273
273 272
273 271
274 270
275 269
275 268
276 267
276 266
277 265
277 264
277 263
277 262
277 261
277 260
277 259
276 259
276 258
276 257
275 257
275 256
274 257
274 256
274 255
275 254
275 253
275 252
275 251
275 250
275 249
274 249
274 248
273 248
273 247
274 246
274 245
275 245
275 244
276 244
276 243
276 242
276 241
277 240
276 240
276 239
276 238
276 237
276 238
277 237
278 237
279 236
river 5 Green
215 256
214 257
213 258
213 259
213 260
212 261
212 262
211 263
211 264
210 265
209 266
208 266
208 267
207 267
207 268
river 5 Green
239 192
239 191
238 191
237 192
236 193
236 194
235 195
235 196
234 197
233 198
232 199
232 200
231 201
230 202
229 203
229 204
228 204
228 205
228 206
229 206
230 206
231 206
230 207
231 207
230 208
229 209
229 210
229 211
228 212
227 213
228 213
227 214
227 215
226 216
225 217
224 217
223 218
222 219
222 220
221 220
221 221
220 222
219 223
218 224
217 225
217 226
216 227
217 227
216 228
215 229
215 230
216 230
215 231
215 232
216 232
216 233
215 234
215 235
216 235
217 235
217 236
218 236
218 237
219 237
218 238
219 238
218 239
218 240
218 241
218 242
218 243
218 244
219 244
218 245
219 245
219 246
220 246
219 247
220 247
219 248
220 248
220 249
221 249
220 250
221 250
221 251
220 251
220 252
219 253
219 252
218 253
219 253
218 254
217 255
216 256
216 255
215 256
river 5 Green
207 268
208 268
209 268
210 267
210 268
211 267
212 267
212 268
213 268
214 268
215 268
216 268
217 268
217 269
217 270
218 270
219 270
219 271
220 271
220 272
220 273
219 274
219 275
218 275
218 276
217 276
217 277
216 278
215 279
214 280
214 279
213 280
213 279
212 280
212 279
211 280
210 281
209 281
208 282
208 283
207 284
207 283
206 283
205 284
205 285
204 286
203 287
202 287
202 286
201 287
200 288
199 289
199 288
198 288
198 289
197 290
197 291
196 292
195 293
194 293
193 294
192 295
192 294
191 295
190 296
189 297
188 298
187 299
186 300
185 301
185 302
184 302
183 303
183 304
182 305
181 305
181 306
180 307
179 308
178 309
178 310
177 310
177 311
177 312
176 313
176 314
176 315
175 316
174 317
173 318
173 319
172 320
172 321
171 322
170 322
170 323
169 324
168 325
168 326
167 327
167 328
166 329
166 330
165 330
165 331
164 332
164 333
164 334
164 335
163 336
163 337
163 338
163 339
163 340
162 341
163 341
163 342
162 343
162 342
161 343
161 344
161 345
160 346
160 347
160 348
160 349
160 350
160 351
160 352
159 352
159 353
river 5 Pecos
190 523
190 524
189 525
189 526
188 526
188 527
river 5 Pecos
186 549
186 548
186 547
186 546
185 546
186 545
river 5 Pecos
211 426
210 427
209 427
209 428
208 429
207 430
207 431
206 432
207 432
207 433
206 434
206 435
205 436
206 436
205 437
206 437
206 438
207 438
207 439
208 439
207 440
207 441
206 442
207 442
207 443
208 443
208 444
209 444
210 444
210 445
211 445
212 445
211 446
212 446
212 447
213 447
214 447
215 446
215 447
216 447
216 448
216 449
217 449
217 450
218 450
218 451
219 450
219 451
218 452
218 453
217 454
217 455
217 456
217 457
217 458
216 459
217 458
217 459
217 460
217 461
217 462
217 463
218 462
217 463
218 463
217 464
218 464
218 465
217 465
217 466
217 467
218 467
219 467
218 468
219 468
218 469
219 469
219 470
219 471
218 472
218 473
217 474
217 475
216 475
216 476
215 476
215 477
214 477
214 478
213 478
212 479
213 479
212 480
211 481
211 482
210 483
210 484
211 484
210 485
209 486
209 487
208 488
208 489
207 490
207 491
206 491
206 492
205 493
204 494
203 495
203 496
202 497
202 498
201 499
200 500
200 501
199 502
199 503
198 503
199 503
199 504
198 505
198 506
197 507
197 508
197 509
197 510
196 511
197 511
196 512
195 513
196 513
195 514
195 515
194 515
193 516
192 517
192 518
192 519
192 520
191 521
191 522
190 523
river 5 Pecos
187 528
186 529
186 530
186 531
187 530
188 530
188 531
187 531
187 532
188 532
188 533
188 534
188 535
189 535
188 536
189 536
189 537
189 538
188 539
188 540
189 539
189 540
188 541
187 541
187 542
186 543
186 544
186 545
river 5 Pecos
186 549
186 550
187 549
187 550
186 551
187 551
186 552
186 553
186 554
187 554
188 554
188 555
188 556
189 555
188 556
188 557
189 557
189 558
189 559
188 560
188 561
188 562
188 563
188 564
189 564
190 564
191 564
192 564
191 565
192 565
192 566
193 566
194 566
195 566
196 565
196 566
197 566
197 567
198 567
198 568
198 569
199 569
200 568
200 569
201 568
202 567
203 567
202 568
203 568
203 569
204 569
205 569
205 570
205 571
205 572
204 573
204 574
204 575
205 575
205 576
206 576
207 576
207 577
208 577
208 578
209 577
209 578
210 577
211 577
211 578
211 579
212 579
212 580
212 581
211 582
211 583
211 584
211 585
210 586
210 587
211 587
211 588
212 587
212 588
212 589
211 590
212 590
211 591
211 592
210 592
209 593
208 594
208 595
208 596
207 597
208 597
207 598
206 598
206 599
205 600
206 600
205 601
206 601
206 602
207 602
207 603
207 604
206 605
207 605
208 605
207 606
207 607
206 608
206 609
206 610
205 611
204 611
203 612
204 612
205 612
205 613
river 5 Prairie Dog Town Fork Red
259 459
260 459
261 459
262 459
263 458
264 458
265 458
266 458
267 457
268 457
269 456
270 455
271 455
272 454
273 454
274 453
274 454
275 454
276 453
276 452
277 451
278 451
279 450
280 450
280 451
281 451
280 452
281 452
280 453
280 454
280 455
281 455
281 456
282 456
283 456
river 5 Clark Fork
183 42
182 42
182 41
181 41
181 40
181 39
181 38
180 38
179 38
178 38
177 39
river 5 Clark Fork
223 115
223 114
224 113
225 112
226 111
226 110
226 109
225 110
225 109
224 110
224 109
223 110
223 109
222 110
222 109
221 109
220 109
221 108
221 107
222 106
222 105
223 104
224 103
225 102
226 101
227 100
227 99
228 98
227 98
227 97
228 96
229 95
229 94
228 94
228 93
228 92
227 92
227 91
226 91
225 91
224 91
224 90
224 89
223 89
223 88
223 87
222 87
222 86
221 87
221 86
220 87
219 87
218 87
217 87
216 88
216 87
215 87
215 86
214 87
213 87
213 86
212 86
213 85
212 85
212 84
212 83
211 83
211 82
210 82
209 82
208 82
207 82
207 81
206 81
206 80
206 79
206 78
206 77
205 78
205 77
204 77
203 77
203 78
202 78
201 78
201 77
200 78
199 78
199 77
198 77
197 78
197 77
196 77
197 76
196 76
197 75
197 74
196 74
197 73
196 73
196 72
196 71
195 71
195 70
194 70
193 70
193 69
194 68
195 67
196 67
197 67
197 68
198 68
199 68
200 67
201 66
200 66
200 65
200 64
199 64
199 63
199 62
198 62
198 61
197 61
196 61
196 60
195 60
195 59
194 60
193 60
192 60
192 59
192 58
192 57
193 56
192 56
193 55
192 55
192 54
193 53
192 53
192 52
191 52
191 51
190 51
190 50
190 49
190 48
190 47
190 46
189 46
189 45
188 45
188 44
187 44
186 44
185 44
185 43
184 43
184 42
183 42
river 5 Rogue
-20 200
-21 200
-22 200
-23 200
-24 201
-25 201
-26 202
-26 203
-27 204
-28 205
-29 206
-30 206
-30 207
-31 208
-31 209
-32 210
-33 211
-34 211
-35 212
-36 212
-37 213
-38 213
-39 213
-40 214
-41 215
-42 216
-43 217
-43 218
-44 219
-45 220
-46 220
-47 220
-48 220
-49 220
-50 220
-50 221
-51 221
-51 220
-52 221
-52 220
-53 221
-53 220
-54 220
-55 220
-56 220
-57 220
-57 219
-56 218
-56 217
-57 217
-57 216
-58 216
-57 215
-57 214
-56 213
-57 213
-58 213
-59 214
-59 213
-59 212
-60 212
-60 211
-61 211
-62 211
-62 212
-63 212
-64 213
-65 213
-66 214
-67 215
-67 216
-68 217
-68 216
-69 216
river 5 Rogue
-70 217
-71 218
-72 218
-73 218
-74 219
-75 219
-76 220
-77 220
river 5 Eel
-101 282
-101 281
-100 280
-101 280
-101 279
-100 278
-101 278
-100 277
-101 277
-102 277
-102 276
-103 277
river 5 Eel
-93 317
-93 316
-94 316
-93 315
-94 315
-95 315
-96 315
-96 316
-97 316
-97 315
-97 314
-97 313
-97 312
-98 312
-98 311
-98 310
-98 309
-98 308
-98 307
-98 306
-97 305
-97 304
-97 303
-97 302
-97 301
-96 300
-96 299
-97 299
-96 298
-95 297
-95 296
-95 295
-96 295
-95 295
-95 294
-95 293
-95 292
-96 292
-95 291
-95 290
-96 291
-96 290
-95 289
-96 289
-96 288
-96 287
-96 286
-97 286
-98 286
-98 285
-99 286
-99 285
-98 284
-99 284
-98 283
-99 283
-99 282
-100 282
-101 282
river 5 Stanislaus
-42 347
-42 346
-42 345
-43 346
-44 346
-45 347
-46 347
-47 347
-48 348
-49 349
-50 349
-50 350
-51 351
-52 352
-53 352
-54 353
-55 353
-56 353
-57 353
-58 353
-59 354
-60 354
-60 355
-61 355
-61 356
-62 356
-63 357
-64 358
-65 359
-66 360
-67 361
-68 362
-69 362
-69 363
-70 363
-70 364
-71 364
-72 365
-72 364
-73 365
-74 365
-75 365
-76 366
-76 365
-77 366
-78 367
-78 366
-79 366
-80 367
-81 367
-82 367
-83 368
-84 368
-85 369
river 4 Feather
-56 308
-57 309
-58 309
-59 310
-60 310
-61 310
river 4 Feather
-56 308
-55 307
-56 307
-55 306
-54 306
-54 305
-53 305
-52 304
-51 303
-50 303
-49 303
-48 302
-47 302
-46 301
-45 301
-44 301
-43 301
-42 300
-42 301
-41 300
-41 301
-40 300
-40 301
-40 302
-40 303
-39 303
-39 304
-38 303
-37 303
-37 302
-36 302
-35 302
-34 301
-34 302
-34 303
-33 302
-33 303
-32 302
-32 303
-31 303
-30 302
river 4 Feather
-76 335
-76 334
-75 333
-75 332
-74 331
-73 330
-72 329
-72 328
-71 327
-72 327
-71 326
-71 325
-70 324
-70 323
-69 322
-70 322
-69 321
-69 320
-68 319
-68 318
-67 317
-67 316
-67 315
-66 315
-66 314
-65 313
-64 312
-63 311
-62 311
-61 310
river 4 San Juan
128 383
127 384
126 385
125 385
124 385
124 384
123 385
123 384
122 385
river 4 San Juan
211 377
210 377
209 378
208 379
207 379
207 380
206 380
206 381
205 381
205 382
204 383
203 384
202 385
202 386
201 386
201 387
200 387
200 388
199 388
198 389
197 389
196 390
195 390
195 389
194 390
194 389
193 389
192 390
191 391
190 392
190 393
189 393
188 394
187 394
186 395
185 396
185 395
184 396
184 395
183 396
182 396
182 397
181 397
180 397
179 398
180 398
179 399
178 399
177 399
176 399
175 399
174 399
173 399
172 399
171 399
171 398
170 398
169 399
169 398
168 399
168 398
167 398
167 397
166 398
166 397
165 397
164 398
164 397
163 397
162 397
162 396
162 395
162 394
161 394
161 393
160 393
159 393
159 392
159 391
158 391
159 390
159 389
158 389
159 388
158 388
159 387
158 387
159 386
159 385
158 385
158 384
159 383
158 383
158 382
157 382
157 381
156 381
155 381
155 380
154 381
153 381
152 381
151 381
150 382
149 382
148 383
147 384
147 383
146 384
145 384
144 384
144 385
143 385
144 384
143 384
142 385
142 384
142 383
141 383
141 382
140 382
141 381
140 381
140 380
139 380
138 380
137 381
136 381
136 380
135 381
134 381
133 381
133 382
133 381
132 382
131 382
131 383
130 383
129 383
129 382
128 383
river 4 Wind
276 190
276 191
275 192
275 193
274 194
274 195
273 196
river 4 Wind
244 183
245 183
246 183
246 184
246 185
247 185
248 185
248 186
249 186
249 187
250 186
250 187
250 188
251 188
250 189
251 189
250 190
251 189
251 190
252 189
252 190
253 189
253 190
253 191
254 191
254 192
255 192
255 193
255 194
256 194
256 195
257 195
257 196
258 196
259 196
259 197
260 197
261 197
261 198
261 199
262 199
262 200
263 200
264 200
264 201
264 202
265 201
266 201
267 200
268 199
269 199
270 199
271 199
272 198
273 197
river 4 Wind
276 190
277 189
278 188
278 187
278 186
278 185
279 184
279 183
280 182
281 181
282 180
282 179
282 178
283 177
283 176
284 176
285 175
286 175
287 174
288 173
289 172
290 171
291 170
292 169
293 168
293 167
river 4 Wind
240 196
241 195
240 195
240 194
240 193
240 192
239 192
river 4 Humboldt
20 280
21 279
21 278
21 277
22 276
23 275
24 275
river 4 Humboldt
102 258
101 258
100 258
99 259
98 260
97 260
96 261
95 261
94 262
93 263
92 263
91 264
90 264
89 265
88 265
88 266
87 266
86 267
85 267
84 267
84 266
83 267
83 266
82 267
81 267
81 268
80 268
80 269
79 269
78 270
77 270
76 271
75 272
74 273
73 273
72 274
72 273
71 274
70 274
69 274
68 275
67 276
66 277
65 278
64 278
63 278
62 278
61 278
60 278
59 278
60 277
60 276
61 275
61 274
60 274
59 274
58 274
57 275
56 275
55 275
54 275
53 276
53 275
52 276
52 275
52 274
51 274
52 273
51 273
51 272
51 271
51 270
50 270
50 269
49 269
50 268
49 268
50 267
49 267
50 266
49 266
49 265
49 264
48 264
48 265
47 266
46 266
45 266
45 265
44 265
44 264
43 264
42 264
41 264
40 265
39 266
38 267
37 267
36 268
35 268
34 268
33 269
32 270
31 270
31 271
30 272
29 273
29 274
28 274
27 275
27 274
26 275
25 275
24 275
river 4 Humboldt
20 280
20 281
20 282
19 282
19 283
18 284
17 285
17 286
16 286
16 287
15 288
14 288
14 289
13 289
13 290
12 291
12 292
11 293
11 294
10 294
9 295
8 296
7 296
6 296
river 4 Yaqui
49 595
49 594
50 593
50 592
51 591
river 4 Yaqui
29 635
28 635
28 636
27 636
26 636
25 636
25 635
24 635
23 635
22 636
21 637
21 638
20 639
21 639
20 640
20 641
20 642
19 643
river 4 Yaqui
58 583
57 583
56 584
56 585
55 585
55 586
54 586
53 587
54 587
53 588
52 588
51 589
51 590
51 591
river 4 Yaqui
49 595
48 596
48 597
47 598
47 599
46 600
46 601
46 602
46 603
45 604
44 605
45 605
45 606
45 607
44 608
43 608
43 609
44 609
43 610
42 610
42 611
41 612
41 613
40 614
40 615
40 616
39 617
38 618
39 618
38 619
39 619
38 620
39 620
38 621
38 622
37 623
36 624
36 625
35 626
35 627
34 628
34 629
33 630
33 631
33 632
32 633
31 634
30 634
river 4 Yaqui
19 643
19 644
18 645
18 646
17 647
17 648
16 649
17 649
16 650
17 650
16 651
16 652
16 653
15 654
15 655
16 654
16 655
15 655
15 656
14 657
13 658
13 659
12 660
11 660
11 661
10 662
river 4 Canadian
294 430
293 431
292 431
291 432
290 433
289 434
288 434
288 435
287 435
287 436
286 437
285 437
284 438
river 4 Canadian
235 436
236 436
235 437
235 438
234 439
235 439
234 440
river 4 Canadian
250 441
249 441
248 441
247 442
247 441
246 442
246 441
river 4 Canadian
243 409
243 410
242 411
242 412
242 413
242 414
242 415
241 416
242 416
241 417
241 418
241 419
241 420
240 421
241 421
241 422
240 422
240 423
239 424
238 425
237 426
237 427
236 428
236 429
235 429
235 430
234 431
235 431
235 432
236 432
236 433
236 434
236 435
235 436
river 4 Canadian
294 430
295 430
296 430
297 429
river 4 Canadian
234 440
235 440
236 440
236 441
237 441
237 442
238 442
238 443
239 442
239 443
240 443
241 442
242 442
243 442
242 443
243 442
244 442
245 442
246 441
river 4 Canadian
250 441
251 441
251 440
252 440
253 440
253 441
254 440
255 440
256 440
256 441
257 441
258 440
259 440
260 440
261 439
262 438
263 437
263 438
264 438
265 437
266 437
267 436
268 436
269 436
270 436
271 436
272 436
273 435
273 436
274 435
275 435
274 436
275 436
276 436
277 436
278 436
278 437
279 437
279 438
280 438
280 439
281 438
281 439
282 438
282 439
283 438
284 438
river 4 Cheyenne
387 184
388 184
389 183
390 182
391 182
392 181
393 180
394 180
395 179
396 178
397 177
397 176
398 176
398 175
399 175
400 174
400 175
401 174
402 173
403 173
404 172
404 171
405 171
405 170
406 169
407 169
408 168
408 167
408 166
409 165
410 164
410 163
411 163
411 162
412 161
413 160
414 159
414 158
415 158
416 158
417 158
418 158
419 157
420 157
421 156
422 156
423 155
424 155
425 155
426 155
427 155
428 154
429 154
430 154
431 154
432 154
433 153
434 153
435 152
river 4 Cheyenne
341 189
342 189
343 189
343 188
344 188
345 187
346 186
346 187
347 186
348 186
349 186
350 186
351 185
352 185
352 186
351 187
352 187
352 188
353 187
353 188
354 188
353 189
353 190
354 190
354 191
355 191
356 191
357 191
358 191
358 190
359 190
359 189
360 189
361 189
362 189
363 189
364 189
364 190
365 190
365 191
365 192
365 193
366 193
367 193
366 194
367 194
367 195
368 194
368 195
369 194
370 194
369 194
369 193
370 193
371 193
371 194
372 194
373 193
374 193
374 192
375 191
376 191
376 190
377 190
378 190
379 189
380 189
381 188
381 189
382 188
383 188
384 187
385 186
385 185
386 184
387 184
river 4 Flathead
225 44
224 45
224 46
224 47
224 48
223 49
223 50
222 51
222 52
221 53
221 54
220 55
river 4 Flathead
234 3
234 4
235 3
235 4
236 4
236 5
235 6
235 7
235 8
235 9
235 10
234 11
233 12
233 13
233 14
233 15
233 16
233 17
233 18
233 19
233 20
233 21
233 22
233 23
233 24
234 24
234 25
234 26
233 27
233 28
233 29
232 30
232 31
233 31
232 32
232 33
232 34
231 34
230 34
229 34
228 35
227 36
227 37
226 38
225 39
224 40
224 41
225 41
226 41
226 42
226 43
225 44
river 4 Flathead
220 56
219 56
219 57
218 57
217 57
216 57
215 58
215 57
214 58
213 59
213 60
212 61
211 62
211 63
212 62
213 62
212 63
212 64
211 64
211 65
210 65
210 66
209 67
208 68
208 67
207 67
206 67
206 66
205 66
204 66
203 67
202 67
201 67
200 67
river 4 Bear
162 251
162 250
161 250
river 4 Bear
161 250
160 251
river 4 Bear
180 271
181 270
181 269
182 268
182 267
183 266
182 266
183 265
182 265
182 264
182 263
183 262
184 261
184 260
185 260
185 259
185 258
185 257
185 256
185 255
185 254
186 253
186 252
187 251
187 250
188 249
188 248
187 249
186 249
186 248
186 247
187 246
186 246
187 245
187 244
188 244
188 243
189 243
190 242
190 241
191 240
192 239
193 238
194 237
195 236
196 235
196 234
197 233
197 232
197 231
198 230
198 229
198 228
198 227
197 228
196 228
196 229
195 229
195 228
194 228
195 227
194 227
194 226
193 226
194 225
194 224
193 224
194 223
194 222
195 221
195 220
194 220
195 219
195 218
195 217
194 217
194 216
194 215
194 214
193 215
193 214
193 213
192 213
191 214
190 215
189 215
189 216
188 216
188 217
187 218
187 219
187 220
187 221
186 222
186 223
186 224
185 225
184 226
183 227
182 228
181 228
180 229
179 229
179 230
178 231
177 232
177 233
176 234
176 235
175 236
176 236
176 237
175 238
174 239
173 240
173 239
172 239
172 238
171 239
170 240
169 241
168 242
168 243
167 244
168 244
167 245
166 246
166 247
165 248
165 249
165 248
164 249
164 250
163 250
163 251
162 251
river 4 South Platte
256 320
256 321
256 322
256 323
256 324
256 325
257 325
257 326
258 326
258 327
259 327
259 328
260 328
260 329
261 329
261 330
262 330
262 331
263 330
264 329
265 328
266 327
267 326
267 325
268 325
268 324
269 323
270 322
271 321
272 320
273 319
274 318
275 317
275 316
276 315
277 314
278 313
278 312
279 312
280 311
280 310
281 310
282 309
282 308
283 307
283 306
284 305
284 304
285 304
286 303
287 302
288 301
289 300
290 299
291 298
292 297
293 296
293 295
294 294
294 293
295 292
295 291
296 290
295 290
296 289
295 289
296 288
297 287
298 286
299 286
300 285
301 285
302 284
303 284
304 283
305 283
305 284
306 284
306 285
307 285
307 286
307 287
308 287
309 287
310 287
311 287
312 287
313 286
314 286
315 285
315 286
316 286
316 287
317 287
317 288
318 288
319 288
320 288
321 287
322 287
323 286
324 286
325 285
326 285
327 284
328 283
329 283
329 282
330 282
331 281
332 281
332 280
332 281
333 280
334 279
335 278
336 277
337 276
338 276
338 275
339 274
340 273
341 273
342 272
343 272
344 271
345 271
346 270
347 270
348 270
349 270
350 269
351 269
352 269
353 268
354 268
355 268
356 267
357 267
358 267
359 267
360 267
361 266
362 266
363 265
364 264
365 264
366 263
367 263
368 263
369 263
370 262
370 263
371 262
372 262
373 262
374 262
375 262
376 261
377 261
378 261
379 261
380 261
381 261
river 4 Bavispe
54 620
54 619
54 618
54 617
55 616
56 615
55 615
56 614
56 613
55 613
55 612
56 611
55 611
56 610
55 610
55 609
54 609
55 608
55 607
55 606
56 605
56 604
56 603
56 602
55 602
55 601
56 601
56 600
55 600
55 599
56 598
57 597
57 596
58 595
58 594
59 593
58 593
59 592
58 592
59 591
60 590
60 589
59 589
60 588
59 588
60 587
59 587
60 586
59 586
60 585
60 584
59 584
60 583
59 583
58 583
river 4 Salmon
145 174
146 173
147 172
146 172
147 171
147 170
148 169
148 168
148 167
149 166
148 166
148 165
149 164
150 163
151 163
152 163
153 163
154 163
154 164
155 163
156 163
156 164
157 163
158 163
159 163
160 163
161 163
162 163
163 162
163 161
164 161
164 160
165 160
165 159
166 158
167 157
168 156
169 155
169 154
170 153
171 152
172 151
173 151
173 150
174 150
175 149
176 148
176 147
177 146
178 145
178 144
179 143
180 142
180 141
181 140
182 139
182 138
183 138
183 137
184 136
184 135
185 134
186 133
186 132
187 131
187 130
187 129
187 128
186 128
186 127
185 128
184 128
183 128
182 128
182 127
181 128
180 129
179 129
178 130
177 130
176 130
175 130
174 131
174 130
173 131
172 131
172 130
172 129
172 128
171 128
170 128
169 128
169 127
168 127
169 126
168 126
168 125
167 125
167 124
166 124
165 124
165 123
164 123
164 122
163 123
162 123
161 124
160 124
160 125
159 125
158 126
157 126
156 127
155 128
154 128
153 128
152 128
152 127
152 126
151 127
151 126
150 126
149 126
148 126
147 126
146 126
145 127
144 127
143 127
142 127
141 127
141 128
140 128
140 127
139 127
138 127
139 126
139 125
140 124
140 123
141 123
141 122
142 122
142 121
142 120
143 119
142 119
143 118
143 117
144 116
144 115
145 115
145 114
146 113
146 112
145 112
145 111
144 111
144 110
144 109
143 110
142 110
142 109
142 108
141 108
141 109
140 109
139 109
139 110
138 110
138 111
137 112
136 113
135 114
river 4 John Day
49 148
48 148
47 149
47 148
46 148
45 148
44 149
44 148
43 148
43 147
44 146
45 145
44 145
44 144
43 144
44 143
44 142
44 141
45 140
46 139
45 139
46 138
46 137
47 137
47 136
48 135
48 134
47 134
47 133
48 132
49 131
49 130
50 129
49 129
50 128
51 127
52 126
53 125
54 125
55 125
55 124
56 123
56 122
56 121
55 121
55 120
54 120
54 119
54 118
53 118
river 4 John Day
74 163
74 162
74 161
75 160
75 159
75 158
75 157
74 158
74 157
73 157
72 158
71 158
70 158
69 158
68 158
67 158
66 158
65 158
64 158
63 158
62 158
61 158
61 157
60 158
60 157
59 157
58 157
57 157
58 156
57 156
56 156
56 155
55 155
56 154
56 153
57 152
57 151
57 150
58 149
58 148
58 147
58 146
57 146
57 145
56 145
55 146
55 145
54 146
53 146
52 146
51 146
50 147
49 148
river 4 S. Fork Republican
336 310
337 309
338 309
339 308
340 308
341 308
342 307
342 308
343 307
344 307
345 307
346 306
347 306
348 305
349 305
350 304
351 304
352 303
353 302
354 301
355 300
356 300
356 299
357 299
357 298
358 298
359 297
360 296
361 296
362 295
363 294
364 293
365 293
river 4 Bighorn
293 167
294 166
294 165
295 164
294 164
294 163
294 162
294 161
295 160
295 159
295 158
296 157
296 156
296 155
296 154
296 153
296 152
297 151
297 150
297 149
297 148
298 147
298 146
299 145
299 144
300 143
299 143
299 142
299 141
300 140
300 139
301 139
301 138
302 137
303 136
304 135
305 134
306 133
307 132
308 132
309 131
310 131
311 130
312 130
313 129
313 130
314 129
315 128
316 127
317 126
318 125
319 124
320 123
320 122
321 122
321 121
322 120
323 120
324 119
325 118
326 117
326 116
326 115
327 114
327 113
328 112
329 111
328 111
329 110
330 110
331 109
331 108
332 107
333 106
333 105
334 105
334 104
river 4 
99 52
99 53
river 3 Rio Batepito
58 583
58 582
58 581
58 580
59 579
59 578
59 577
60 576
60 575
61 574
61 573
62 573
62 572
63 571
63 570
64 569
64 568
65 567
65 566
66 565
67 564
68 563
68 562
69 561
70 560
river 3 Salinas
-104 421
-105 421
-104 420
-104 419
-105 419
-105 418
-105 417
-105 416
-106 416
-106 415
-106 414
-106 413
-105 412
-105 411
-105 410
-106 410
-106 409
-107 409
-107 408
-108 408
-108 407
-108 406
-109 406
-109 405
-109 404
-109 403
-109 402
-110 403
-110 402
-111 402
-111 401
-111 400
-111 399
river 3 
-39 323
-40 323
-40 322
-40 321
-39 321
-39 320
-39 319
-38 318
-37 318
-36 317
-35 316
-34 316
-33 315
-32 314
-31 313
-31 312
-30 312
-30 311
-29 311
-29 312
-28 311
-28 312
-27 311
-26 311
-25 311
-24 311
-24 312
-23 311
-23 312
-22 311
-21 310
-20 310
-19 310
-18 309
-17 309
-16 309
-15 308
-14 308
-13 307
-13 306
-13 305
-13 304
-12 303
-12 302
-12 301
-13 301
-14 301
river 2 Salinas
-102 441
-103 442
-104 443
-105 443
-105 442
-106 442
-107 442
-106 441
-107 441
-107 440
-107 439
-107 438
-107 437
-108 437
-107 436
-108 436
-107 435
-107 434
-106 433
-106 432
-105 431
-105 430
-104 429
-104 428
-104 427
-104 426
-105 426
-105 425
-105 424
-104 423
-105 423
-104 422
-105 422
river 2 Kootenay
181 0
180 0
179 0
178 1
178 0
177 1
176 1
176 2
175 2
175 3
174 4
173 5
172 5
171 6
river 2 Santa María
63 651
64 651
65 651
65 650
66 649
66 648
67 647
67 646
67 645
67 644
67 643
river 2 Agua Prieta
61 555
61 556
60 557
60 558
59 559
59 560
58 561
58 562
58 563
58 564
59 564
58 565
59 565
river 2 
36 573
36 574
35 575
35 576
34 576
34 577
33 577
32 577
32 578
31 579
31 580
30 580
30 581
river 2 Blackwater Draw
246 477
245 478
245 477
244 478
244 477
243 477
242 477
242 476
241 476
242 475
241 475
river 2 Colorado
229 498
230 497
230 498
231 497
232 497
232 498
233 498
233 497
234 497
233 498
234 498
234 499
235 499
234 500
234 501
235 500
235 501
235 502
236 501
236 502
237 502
237 503
237 504
237 505
238 504
238 505
238 506
237 507
238 507
river 2 Canadian
241 391
242 391
243 391
244 391
244 392
245 392
246 392
246 393
247 392
247 393
248 393
river 2 Canadian
248 393
249 393
249 394
249 395
250 395
251 395
251 396
250 397
249 398
249 399
248 400
247 401
247 402
246 402
246 403
245 404
244 405
244 406
243 407
243 408
river 2 Cimarron
282 393
281 393
281 392
280 392
280 391
279 391
278 391
277 392
277 391
276 392
275 392
276 391
275 391
274 391
273 391
272 392
271 392
270 393
269 393
268 393
267 393
266 393
265 393
264 394
263 395
262 395
261 395
261 394
260 395
260 394
259 394
258 394
258 393
river 2 Big Sandy
298 322
297 323
297 322
296 323
295 323
294 323
293 324
292 324
291 325
290 325
289 325
288 325
287 326
287 325
286 326
river 2 S. Fork Republican
322 317
323 317
324 316
325 316
326 316
327 315
328 315
329 314
330 314
331 313
332 313
332 312
333 312
334 311
335 310
336 310
river 2 North Loup
400 222
399 223
398 223
397 224
397 223
396 224
396 223
395 224
river 2 Santa Cruz
37 566
37 567
36 568
36 569
36 570
35 571
34 572
33 573
32 573
32 572
32 571
32 570
32 569
32 568
31 568
32 567
32 566
32 565
32 564
31 564
31 563
31 562
31 561
31 560
32 559
river 2 Black
103 487
103 488
103 489
102 490
101 491
100 492
99 493
98 493
97 494
96 495
95 496
94 496
93 496
92 497
91 497
91 498
90 498
river 2 Puerco
154 434
155 433
154 433
153 434
153 433
152 433
151 434
151 433
150 434
150 433
149 433
148 433
147 434
146 434
145 434
144 435
143 436
142 436
141 436
river 2 Animas
193 372
193 373
192 374
191 375
191 376
190 377
189 378
188 379
river 2 Yampa
256 287
256 286
257 285
257 284
258 283
258 282
258 281
257 281
256 281
255 282
254 282
253 282
252 282
251 282
252 281
251 281
river 2 White
61 329
61 330
62 330
62 331
62 332
61 333
61 334
60 335
59 336
59 337
58 337
58 338
58 339
57 340
57 341
56 342
river 2 Lodgepole
318 258
318 257
317 257
316 257
316 256
315 257
315 256
314 256
314 255
313 255
312 255
311 255
311 254
310 254
309 254
river 2 Laramie
283 266
283 267
283 268
283 269
283 270
283 271
283 272
282 273
282 274
282 275
281 276
281 277
280 278
river 2 Niobrara
350 213
350 214
351 214
351 215
351 216
351 217
350 218
351 218
351 219
351 220
351 221
352 221
353 221
354 220
354 221
355 220
river 2 White
366 211
365 212
364 212
363 213
362 214
361 214
360 215
359 215
358 215
357 215
356 215
356 214
356 213
355 213
river 2 Belle Fourche
342 173
341 174
340 174
339 174
338 175
337 175
336 176
335 177
334 178
334 179
333 180
333 181
332 182
331 183
330 183
329 183
river 2 Moreau
426 135
426 134
425 135
424 135
423 135
422 136
422 135
421 136
420 136
419 136
418 136
417 136
417 135
416 136
416 135
415 136
414 136
river 2 Heart
450 86
449 86
448 86
448 85
447 85
448 84
447 84
447 83
446 83
446 82
445 83
445 82
444 83
444 82
443 82
442 82
441 82
440 83
440 82
river 2 Little Missouri
370 145
369 145
368 146
367 146
366 147
365 147
365 148
364 148
363 149
362 149
361 150
360 150
359 151
359 152
359 153
359 154
river 2 S.  Fk.  Powder
297 200
296 200
295 201
294 202
293 202
292 203
292 202
291 202
290 202
289 203
289 202
288 203
287 203
287 204
286 204
285 205
284 205
283 205
river 2 S.  Fk.  Shoshone
248 177
249 176
250 176
250 175
251 174
252 173
253 172
254 171
255 170
256 169
257 168
257 167
258 167
258 166
259 166
river 2 Musselshell
269 96
270 96
270 97
271 97
272 97
273 96
274 96
275 96
276 96
277 95
278 95
279 95
280 94
280 95
281 95
282 95
282 96
283 96
284 96
285 95
286 95
286 96
287 95
287 96
288 96
river 2 Red Rock
219 152
219 151
218 152
218 151
217 152
217 151
216 151
215 152
215 151
214 152
214 151
213 152
212 152
211 152
river 2 S.  Fk.  Boise
142 177
142 178
141 179
141 180
141 181
140 182
140 183
139 183
139 184
138 184
137 185
137 184
136 185
136 184
135 184
river 2 Owyhee
89 240
89 241
89 242
89 243
89 244
90 244
90 245
90 246
89 247
89 248
89 249
river 2 San Felipe
-49 510
-50 510
-50 509
-51 509
-52 510
-53 511
-54 511
-55 511
-56 511
-57 512
-58 512
-58 511
-59 511
-58 510
-59 510
river 2 Mojave
-18 450
-19 451
-20 452
-21 452
-21 451
-22 451
-22 450
-23 451
-24 451
-24 452
-25 452
-26 452
-26 451
-27 452
-28 453
-29 453
-30 454
-31 454
-32 455
-33 455
river 2 Owens
-39 368
-38 367
-37 367
-36 367
-35 367
-34 367
-34 368
-34 369
-34 370
river 2 Tuolumne
-43 366
-42 365
-43 365
-42 364
-42 363
-43 363
-44 363
-44 362
-45 362
-45 361
-46 361
-47 361
river 2 North Fork American
-41 321
-42 321
-42 320
-43 320
-44 320
-45 321
-46 321
-47 321
-48 321
river 2 Russian
-104 317
-104 318
-103 318
-103 319
-103 320
-102 320
-102 321
-103 322
river 2 Trinity
-56 255
-57 256
-58 257
-59 258
-60 259
-60 260
river 2 Blackfoot
244 79
244 78
243 78
242 78
241 79
240 79
239 80
239 79
238 80
238 79
237 80
236 80
235 80
234 80
233 80
river 2 Sun
244 59
245 59
246 59
247 59
248 59
249 58
249 59
250 58
251 58
252 58
251 59
252 59
253 59
253 60
253 61
river 2 Selway
171 124
172 123
173 122
174 122
174 121
175 120
175 119
176 118
175 118
175 117
175 116
176 116
176 115
177 114
177 113
river 2 South Umpqua
-34 202
-33 202
-32 201
-32 202
-31 201
-30 200
-29 200
-28 200
-28 201
river 2 Crooked
50 162
51 162
50 163
50 164
49 165
48 166
47 167
47 166
46 166
45 166
44 166
43 167
42 168
41 168
40 169
40 168
39 169
39 168
38 168
river 2 Yakima
66 67
65 68
65 69
65 70
65 71
65 72
66 72
67 72
67 73
68 72
69 72
70 72
70 73
river 2 Chehalis
9 93
10 92
11 91
11 90
12 89
12 90
13 89
13 90
14 89
14 90
14 91
15 90
16 89
16 90
17 90
18 89
19 88
19 87
19 86
river 2 Milk
263 19
262 20
262 19
261 20
260 20
259 21
258 22
257 22
256 23
255 24
254 24
253 25
252 26
251 26
250 27
249 27
river 2 Middle Fk.  Flathead
240 42
241 42
241 43
242 43
242 44
243 44
243 45
243 46
243 47
243 48
river 2 Skagit
94 18
94 17
94 16
95 15
95 14
95 13
95 12
95 11
96 11
97 10
98 9
99 9
100 9
100 10
100 11
101 11
river 2 Santa María
67 642
67 641
66 641
66 640
66 639
67 639
67 638
68 638
68 637
69 637
69 636
70 635
70 634
71 633
71 632
72 631
72 630
72 629
73 628
74 627
74 626
75 625
76 624
76 623
76 622
77 621
77 620
78 619
77 619
78 618
78 617
78 616
79 615
79 614
79 613
78 613
79 612
79 611
79 610
79 609
79 608
79 607
80 606
79 606
80 605
80 604
81 603
81 602
82 601
82 600
83 599
84 599
85 599
84 600
85 600
86 600
87 599
88 598
88 597
89 596
89 597
90 596
91 596
91 595
92 595
92 594
93 593
93 592
94 591
94 590
95 589
96 588
96 587
97 586
98 585
98 584
99 584
99 583
100 582
101 581
102 580
103 579
102 579
102 578
102 577
river 2 Agua Prieta
59 565
58 566
59 566
58 567
58 568
57 569
58 569
57 570
57 571
56 572
57 572
56 573
57 573
57 574
57 575
58 575
59 575
60 575
river 2 
29 581
29 582
28 582
27 583
26 584
26 583
25 584
24 584
23 585
22 585
river 2 Magdalena
22 585
21 586
20 587
19 588
19 589
18 589
17 590
16 590
15 591
14 592
13 592
12 593
11 594
10 595
9 595
8 596
7 597
6 597
5 597
4 597
4 596
3 596
3 595
2 595
2 594
1 594
0 594
0 593
-1 593
-1 592
-1 591
-2 591
-2 590
-2 589
-3 589
-3 588
-4 588
-4 587
-5 587
-6 588
-7 588
-8 589
-9 589
-10 589
-11 589
-12 589
-13 589
-12 588
-13 588
-12 587
-12 586
-13 586
-13 585
-13 584
river 2 Altar
-2 589
-1 589
0 588
1 587
2 587
3 586
4 586
5 585
6 584
7 584
8 583
9 583
10 582
11 581
11 582
12 581
13 580
14 580
14 579
15 578
15 577
16 577
16 576
17 575
18 574
river 2 Asunción
-13 584
-14 584
-15 584
-16 585
-17 585
-18 586
-19 587
-20 587
-21 588
-22 589
-23 589
-23 590
-24 590
-24 591
-25 591
-25 592
river 2 Double Mountain Fork Brazos
257 499
257 498
256 499
256 498
255 499
255 498
255 497
river 2 Blackwater Draw
255 497
255 496
255 495
256 494
255 494
256 493
256 492
257 491
257 490
257 489
256 489
257 488
256 488
256 487
255 487
255 486
256 485
256 484
255 484
254 484
254 483
253 483
252 483
252 482
252 481
251 482
251 481
251 480
252 479
252 478
251 478
251 477
250 477
249 477
248 477
247 477
246 477
river 2 Colorado
238 507
238 508
239 508
238 509
239 509
239 510
239 511
240 511
241 511
241 512
241 513
240 513
240 514
240 515
241 515
241 516
241 517
241 518
241 519
242 519
242 520
243 520
243 521
243 522
244 521
244 522
245 522
245 523
245 524
246 524
246 525
246 526
246 527
247 527
247 528
river 2 Cimarron
322 379
321 380
320 380
320 381
319 381
319 382
318 382
318 383
317 383
316 383
315 384
314 384
313 385
312 385
311 386
310 386
309 386
308 387
307 387
306 388
305 388
304 388
303 388
302 388
301 389
300 390
299 390
299 391
298 392
297 392
296 392
295 393
294 393
293 393
292 393
291 393
290 393
290 392
289 393
289 392
288 392
287 392
287 393
286 393
285 393
285 392
284 393
284 392
283 393
282 393
river 2 Big Sandy
312 355
313 354
313 353
314 352
314 351
314 350
314 349
315 348
315 347
316 346
316 345
317 345
317 344
318 343
318 342
318 341
318 340
317 340
317 339
317 338
318 337
317 337
317 336
316 336
315 336
314 336
313 336
313 335
312 335
312 334
311 334
310 334
310 333
309 333
309 332
308 332
308 331
308 330
308 329
308 328
308 327
308 326
307 326
308 325
307 325
307 324
306 324
306 323
306 322
305 322
305 321
305 320
304 320
304 319
303 320
303 319
302 319
301 319
301 320
300 321
299 322
298 322
river 2 Santa Cruz
32 559
32 558
33 557
33 556
34 555
34 554
35 554
35 553
36 552
37 551
38 550
38 549
39 548
39 547
40 546
40 545
41 544
41 543
41 542
42 541
42 540
43 539
43 538
43 537
43 536
42 536
43 535
42 535
43 534
42 534
42 533
41 534
41 533
40 533
40 532
40 531
39 531
39 530
39 529
39 528
38 528
38 527
38 526
38 525
river 2 Black
90 498
89 499
88 500
87 500
87 499
87 498
87 497
86 497
85 497
84 497
83 497
83 496
83 495
83 494
82 494
83 493
82 493
82 492
river 2 Salt
82 492
82 491
81 491
81 490
80 491
80 490
79 491
79 490
78 490
77 490
77 489
76 489
75 490
74 490
74 491
73 491
73 492
72 492
72 493
71 493
71 494
70 494
69 495
68 495
69 494
68 495
67 495
66 496
66 495
65 496
65 495
river 2 Salt
33 503
34 503
35 503
36 503
37 502
38 502
39 502
40 502
41 502
42 502
43 501
44 501
45 500
46 500
47 500
48 499
49 498
50 498
51 498
52 498
53 497
53 498
54 497
54 498
55 498
56 497
57 497
58 496
58 497
59 496
60 496
60 495
61 495
62 494
river 2 
50 498
49 498
50 497
50 496
51 495
51 494
52 493
53 492
52 492
53 491
53 490
54 490
55 489
55 488
55 487
55 486
55 485
55 484
56 483
56 482
57 481
57 480
58 479
59 478
59 477
60 476
61 475
61 474
61 473
61 472
60 472
60 471
61 471
61 470
61 469
61 468
61 467
62 466
61 466
61 465
61 464
61 463
61 462
river 2 Little Colorado
88 415
88 416
89 415
89 416
90 416
89 417
89 418
89 419
89 420
88 420
88 421
87 422
87 423
88 423
88 424
89 424
90 424
90 425
91 425
91 426
91 427
91 428
91 429
91 430
90 431
89 432
89 433
89 434
89 435
89 436
88 437
89 437
88 438
88 439
89 439
89 440
89 441
90 440
90 441
91 441
90 442
91 442
91 443
91 444
92 444
93 444
93 445
94 444
94 445
94 446
94 447
95 447
96 447
95 448
95 449
94 450
94 451
93 452
93 453
94 453
94 454
95 454
96 454
97 454
98 454
98 455
99 454
99 455
99 456
100 456
101 456
102 456
103 456
103 457
103 458
102 459
103 459
102 460
102 461
103 461
103 462
104 462
105 462
104 463
105 463
105 464
106 464
107 463
107 464
108 464
108 465
109 464
109 465
110 465
110 466
111 465
112 465
112 466
113 466
112 467
113 467
112 468
112 469
river 2 Animas
188 379
188 380
187 381
186 382
186 383
186 384
185 384
185 385
184 386
183 387
184 387
183 388
183 389
182 390
182 391
181 392
180 393
179 394
178 395
177 395
177 396
176 396
175 397
174 397
173 398
172 398
171 399
river 2 Little Snake
224 282
225 282
225 281
226 280
226 279
227 279
228 278
229 278
230 277
231 276
232 275
233 275
233 274
234 274
234 273
235 272
236 272
236 271
236 270
237 270
237 269
238 269
239 268
240 267
241 267
242 266
243 266
244 265
245 265
246 265
246 266
247 266
248 265
river 2 Yampa
251 281
251 280
250 281
249 281
248 282
248 281
247 282
247 281
247 280
246 280
245 281
244 281
243 281
242 282
241 282
240 283
239 284
238 284
237 284
237 283
236 283
235 283
235 282
234 282
234 281
233 281
233 280
232 280
232 279
231 280
231 279
230 280
229 280
228 281
227 281
227 282
226 282
225 283
225 282
224 282
223 283
222 283
222 282
221 282
220 283
220 282
219 282
219 281
218 282
218 281
217 281
216 282
216 281
215 282
215 281
215 280
214 280
river 2 White
56 342
56 343
55 344
55 345
54 346
54 347
53 348
52 348
51 349
50 350
50 351
49 352
50 352
50 353
50 354
50 355
51 355
50 356
51 356
51 357
51 358
50 359
50 360
49 361
48 362
48 363
47 363
46 364
45 365
44 366
43 367
42 368
41 369
40 370
39 371
38 372
38 373
37 374
37 375
37 376
37 377
36 378
36 379
36 380
36 381
35 382
36 382
35 383
36 383
35 384
36 384
36 385
36 386
35 387
35 388
35 389
34 390
34 391
34 392
34 393
34 394
33 395
34 395
33 396
33 397
33 398
34 398
34 399
35 399
35 400
36 400
36 401
37 401
river 2 Meadow Valley
58 366
58 367
57 367
57 368
56 368
56 369
55 370
54 370
54 371
53 371
53 372
52 373
51 373
51 374
50 375
50 376
49 377
50 377
49 378
49 379
49 380
50 380
49 381
49 382
49 383
48 384
48 385
47 386
46 387
45 388
44 388
43 389
42 390
41 391
40 392
39 393
39 394
38 395
39 395
38 396
38 397
38 398
38 399
37 400
38 400
37 401
river 2 Duchesne
175 283
175 284
175 285
176 285
175 286
176 286
176 287
177 287
178 287
179 287
179 288
180 288
180 289
180 290
179 291
179 292
180 291
181 291
182 291
182 292
183 291
183 292
184 291
185 291
186 290
187 290
187 291
188 291
189 291
190 290
191 290
192 290
193 290
193 291
192 292
193 292
192 293
193 293
193 294
river 2 Jordan
157 268
157 269
157 270
157 271
157 272
156 273
156 274
155 275
156 275
155 276
155 277
154 278
154 279
153 280
153 281
152 281
152 282
152 283
152 284
151 284
151 285
river 2 Lodgepole
358 267
358 266
359 265
359 264
359 263
358 263
358 262
357 262
357 261
356 262
356 261
355 261
354 261
353 261
352 261
351 261
350 261
349 261
348 261
347 261
347 260
346 260
346 259
345 259
344 259
343 259
342 259
342 258
341 258
340 258
339 258
338 258
337 258
337 257
336 258
335 258
334 258
333 259
333 258
332 259
332 258
331 259
331 258
330 259
329 259
328 259
327 259
326 260
325 260
324 261
324 260
323 261
323 260
322 260
322 259
321 259
321 258
320 258
319 258
318 258
river 2 Laramie
333 227
332 228
331 228
330 228
329 229
328 229
327 230
326 230
325 231
325 230
324 230
323 230
322 231
321 231
321 230
320 231
319 232
318 233
317 233
316 234
315 234
314 234
313 234
313 235
312 236
311 236
310 236
309 236
308 236
307 236
306 237
305 238
304 239
304 240
303 241
302 241
302 242
301 243
300 244
299 245
299 246
299 247
299 248
298 249
297 250
297 251
298 251
298 252
298 253
298 254
297 255
296 256
295 257
294 258
293 258
292 259
291 259
291 260
290 260
289 261
288 261
287 262
287 261
286 261
285 262
284 263
284 264
283 264
283 265
283 266
river 2 Niobrara
355 221
356 221
357 221
358 221
359 221
360 221
361 221
362 221
363 220
364 220
365 220
366 220
367 220
368 220
369 220
370 220
371 220
372 219
373 219
374 219
375 219
376 219
376 220
377 219
378 219
379 218
380 217
381 217
382 216
382 217
383 216
384 216
385 215
386 215
387 214
387 215
388 214
389 214
390 213
391 213
392 212
393 212
394 211
395 211
396 210
396 211
397 210
398 210
399 210
400 209
401 209
402 209
403 208
404 208
405 208
406 207
406 208
407 207
407 208
408 207
river 2 White
422 179
421 179
420 180
420 179
419 180
418 180
417 180
416 181
415 181
414 181
413 181
412 181
411 182
411 181
410 181
409 181
408 181
407 182
407 181
406 181
405 181
404 182
403 183
402 184
401 184
400 184
399 185
398 186
397 186
396 187
395 187
395 188
394 189
393 189
392 190
391 190
390 191
389 192
388 192
387 193
386 193
385 194
385 195
384 196
384 197
384 198
383 199
383 200
382 201
381 202
380 203
380 204
379 204
378 205
377 205
376 205
375 206
374 207
373 207
373 208
372 208
371 209
370 209
369 210
368 210
367 211
366 211
river 2 Belle Fourche
414 158
413 158
412 159
411 160
410 160
409 160
408 160
407 160
406 160
405 161
404 161
403 161
402 161
401 161
400 161
399 161
400 160
399 160
399 159
398 159
398 158
398 157
398 156
398 155
398 154
398 153
397 153
397 152
397 151
396 152
395 152
394 152
394 151
393 152
393 151
393 150
392 150
392 149
391 149
390 149
389 150
388 150
388 149
387 150
387 149
386 150
385 151
385 150
384 150
384 149
383 149
383 148
382 148
382 147
381 147
381 146
380 146
380 145
381 144
380 144
380 143
380 142
379 143
378 144
377 145
376 146
375 146
375 147
374 147
373 148
372 149
371 150
370 150
369 151
368 152
367 152
367 153
366 154
365 155
365 156
364 157
363 158
362 159
362 160
361 160
360 160
359 161
358 161
357 162
356 163
355 164
354 165
353 166
352 166
351 167
350 168
349 169
348 169
347 170
347 169
347 170
346 170
345 171
344 172
343 172
342 173
river 2 Moreau
444 135
444 134
443 135
443 134
442 134
442 133
441 134
440 134
440 133
439 134
438 135
437 135
436 135
436 134
435 135
435 134
434 135
434 134
433 134
432 135
432 134
431 134
430 134
429 135
429 134
428 134
427 135
426 135
river 2 Heart
456 90
455 90
454 90
455 89
454 89
453 89
453 88
453 87
452 88
452 87
451 87
450 87
450 86
river 2 Heart
466 90
465 91
464 91
463 92
462 92
462 91
461 92
461 91
460 92
460 91
459 91
458 91
river 2 Little Missouri
425 83
425 84
424 85
423 86
423 87
424 87
423 88
424 88
424 89
424 90
423 90
423 91
422 91
422 90
421 90
420 90
419 90
418 90
417 91
416 92
415 93
414 94
413 95
412 95
412 96
411 97
410 98
411 98
410 99
410 100
409 101
409 102
409 103
408 103
408 104
408 105
407 106
406 107
405 108
405 109
404 110
404 111
404 112
403 113
403 114
403 115
402 116
402 117
401 118
400 119
399 120
399 121
398 122
397 123
396 124
395 125
394 126
393 127
392 128
392 129
391 130
390 131
389 132
388 132
387 133
386 133
385 134
384 135
383 136
382 136
381 137
380 138
380 139
379 140
378 141
377 141
376 142
375 142
374 142
374 143
373 143
372 143
371 144
river 2 S.  Fk.  Powder
314 182
313 183
312 184
311 185
310 186
309 187
309 188
308 189
308 190
308 191
307 191
307 192
306 192
305 193
304 194
303 195
302 195
301 196
300 196
299 197
298 198
298 199
river 2 Powder
385 86
385 87
385 88
386 88
385 89
385 90
384 91
384 92
384 93
383 94
383 95
382 96
383 96
382 97
381 98
382 98
381 99
381 100
381 101
380 102
381 102
381 103
382 103
381 104
382 104
381 105
381 106
381 107
382 107
382 108
382 109
381 110
382 110
381 111
381 112
381 113
380 114
379 115
378 116
377 116
377 117
376 117
375 118
374 119
373 119
372 120
371 121
370 122
369 123
368 124
368 125
367 125
367 126
366 126
365 127
364 128
363 128
363 129
362 129
361 130
360 130
360 131
359 131
358 132
357 133
356 133
355 134
354 134
354 135
353 135
353 136
352 136
351 137
350 138
349 139
348 140
347 141
347 142
346 142
346 143
346 142
345 143
344 143
343 144
342 145
342 146
341 146
341 147
340 148
339 149
339 150
338 151
338 152
338 153
337 154
337 155
336 156
335 157
334 158
334 159
333 160
333 161
332 162
332 163
331 164
331 165
330 166
330 167
329 168
328 169
327 170
327 171
326 172
327 172
326 173
326 174
325 175
324 176
323 177
322 178
321 179
321 180
320 181
319 181
318 182
318 181
317 182
317 181
316 182
316 181
315 182
314 182
river 2 Shoshone
299 144
298 144
297 144
296 145
295 145
294 145
293 146
293 145
292 146
291 147
290 147
289 148
288 148
287 149
286 149
285 150
284 150
283 150
282 150
281 150
280 151
279 152
278 153
277 154
276 154
275 155
274 155
273 156
272 156
271 156
river 2 S.  Fk.  Shoshone
259 165
260 165
261 164
262 163
263 162
264 162
265 161
266 161
266 160
267 160
268 159
269 159
269 158
270 158
river 2 Musselshell
288 96
289 96
290 96
290 97
291 96
291 97
292 97
292 98
293 98
293 99
294 99
295 99
295 100
296 99
296 100
297 100
298 100
299 100
300 100
301 100
302 100
303 100
304 100
305 100
305 101
306 100
306 101
307 100
307 101
308 100
309 100
310 99
311 99
312 98
313 97
314 97
314 96
315 96
316 96
317 95
318 95
319 95
320 94
320 95
321 94
322 94
323 94
324 93
325 93
326 93
327 93
328 92
329 92
330 92
331 92
332 91
333 90
334 89
335 88
335 87
335 86
335 85
336 84
336 83
335 83
336 82
335 82
335 81
336 81
336 80
337 79
338 78
338 77
338 76
338 75
339 74
339 73
340 72
340 71
340 70
341 69
342 68
341 68
342 67
river 2 Beaverhead
203 141
204 140
205 139
206 138
207 137
208 136
209 136
209 135
210 135
210 134
211 134
211 133
212 133
212 132
213 131
214 131
214 130
215 130
216 129
217 129
218 128
219 127
220 126
221 125
222 124
223 123
river 2 Jefferson
246 112
246 111
245 112
244 112
243 113
242 114
241 114
240 115
239 116
239 115
238 115
237 115
236 115
236 114
235 114
234 114
233 114
232 114
231 115
230 116
229 117
228 118
227 118
226 119
225 120
224 121
223 122
223 123
river 2 Red Rock
210 152
209 152
208 152
208 151
207 151
206 151
205 151
204 151
203 151
203 150
202 150
203 149
202 149
203 148
202 148
203 147
202 147
203 146
202 146
203 145
203 144
202 144
203 143
203 142
river 2 Boise
119 184
118 184
117 184
116 185
115 186
114 187
114 186
113 186
113 185
112 185
112 184
112 183
river 2 North Fork Boise
129 177
129 178
128 178
127 178
127 179
126 179
126 180
125 181
124 181
124 182
123 182
122 183
122 182
121 183
120 184
119 184
river 2 S.  Fk.  Boise
135 184
134 184
134 183
133 184
132 184
131 184
131 185
130 186
129 187
129 188
128 189
127 190
126 191
126 190
125 191
124 192
123 192
122 193
122 192
122 191
122 190
121 190
122 189
122 188
121 188
121 187
121 186
121 185
120 186
119 186
120 185
119 185
120 184
119 184
river 2 Owyhee
81 193
80 194
80 195
79 196
78 196
77 197
77 196
76 197
75 197
75 198
74 198
73 199
72 200
73 200
72 201
72 202
71 203
70 204
70 205
70 206
70 207
71 207
70 208
70 209
71 209
71 210
72 209
72 210
73 210
73 211
74 211
75 211
75 212
75 213
75 214
75 215
75 216
75 217
74 218
73 219
73 220
74 220
74 221
74 222
75 222
75 223
75 224
76 224
75 225
76 225
77 225
77 226
78 225
79 225
79 226
80 226
81 226
82 226
83 226
83 227
84 226
84 227
84 228
83 229
84 229
83 230
84 229
84 230
85 229
85 230
85 231
86 231
87 231
87 232
87 233
88 233
87 234
88 234
88 235
88 236
88 237
88 238
89 238
89 239
89 240
river 2 San Felipe
-43 510
-44 511
-45 512
-46 512
-47 512
-48 512
-49 512
-48 511
-49 511
-48 510
-49 510
river 2 Mojave
-33 455
-34 455
-35 456
-36 456
-37 456
-38 457
-38 456
-39 457
-40 457
-40 456
-41 456
-42 456
-43 456
-44 456
-45 457
-46 458
-47 459
-48 459
-49 460
-50 461
-51 462
-52 463
-52 464
-53 465
-52 465
-53 466
-52 466
-52 467
-52 468
-52 469
-53 470
-53 471
-54 472
-54 473
river 2 Owens
-34 370
-35 371
-34 371
-34 372
-33 372
-33 373
-32 373
-33 374
-32 374
-33 375
-33 376
-34 377
-33 377
-33 378
-32 377
-32 378
-31 377
-31 378
-30 377
-30 378
-30 379
-30 380
-31 381
-31 382
-31 383
-32 384
-31 384
-32 385
-31 385
-32 386
-32 387
-32 388
-33 389
-33 390
-33 391
-34 392
-33 392
-34 393
-34 394
-34 395
-34 396
-35 397
-35 398
-35 399
-35 400
-36 401
-36 402
-35 402
-36 403
-35 403
-36 404
-35 404
-36 405
-36 406
-36 407
river 2 Tuolumne
-47 361
-48 362
-48 361
-49 362
-49 361
-49 360
-50 361
-50 360
-51 361
-52 361
-52 362
-53 362
-54 363
-55 363
-56 363
-57 363
-58 364
-59 364
-59 363
-60 363
-60 362
-61 362
-62 363
-63 363
-64 363
-65 364
-66 365
-66 366
-66 367
-67 367
-67 368
-68 368
-68 369
-69 369
-70 370
-71 370
-71 371
-71 370
-72 371
-73 371
-73 370
-74 371
-74 370
-75 370
-76 371
-77 371
-78 371
-79 371
-80 371
-81 371
-82 371
-83 372
-84 372
-84 371
-85 371
river 2 North Fork American
-48 321
-49 322
-50 322
-50 321
-51 322
-52 322
-53 323
-54 323
-55 324
-56 324
-57 325
-57 326
-58 327
-59 328
-60 329
-61 330
-62 330
-62 331
-63 332
-64 333
-65 334
-66 335
-67 336
river 2 American
-67 336
-67 337
-68 337
-69 338
-70 339
-71 339
-72 340
-73 340
-73 341
-74 341
-75 342
-75 341
-76 342
-75 341
-76 341
-76 340
river 2 Russian
-103 323
-103 324
-104 325
-103 325
-104 326
-103 326
-104 327
-104 328
-104 329
-104 330
-104 331
-105 332
-104 332
-105 333
-104 333
-105 334
-105 335
-104 335
-104 336
-104 337
-103 337
-104 338
-103 338
-103 339
-103 340
-104 340
-105 340
-105 341
-106 342
-106 343
-107 343
-108 343
-109 344
-109 343
-109 344
-110 345
-110 344
-111 345
-112 345
-113 346
river 2 Trinity
-60 260
-61 260
-61 261
-62 261
-62 262
-63 262
-63 263
river 2 Blackfoot
233 80
232 80
231 80
230 80
230 81
229 81
228 81
228 80
228 79
228 78
227 78
227 77
226 78
226 77
225 78
224 79
223 79
223 80
222 80
221 80
220 80
220 79
219 80
218 80
218 79
217 80
216 81
215 81
214 81
213 81
212 82
211 82
river 2 Sun
253 61
254 61
254 62
255 62
256 62
257 62
258 62
259 62
260 62
261 62
262 62
263 62
264 62
265 61
265 62
266 61
266 62
267 62
268 61
269 61
270 61
270 62
271 62
272 61
272 62
273 62
274 62
275 62
river 2 Lochsa
179 96
178 96
177 97
176 97
175 98
174 98
173 99
172 99
171 100
170 101
170 102
169 102
168 102
167 102
166 103
165 104
164 105
river 2 Selway
177 113
177 112
177 111
177 110
178 109
178 108
178 107
178 106
178 105
177 106
177 105
176 106
175 106
174 106
173 107
172 107
171 107
170 108
169 108
169 107
168 108
168 107
167 107
166 107
166 106
165 107
165 106
164 106
164 105
river 2 North Fork Clearwater
154 94
155 93
river 2 North Umpqua
-21 193
-21 194
-22 194
-23 195
-23 194
-24 194
-24 193
-25 194
-26 194
-27 194
-27 193
-28 194
-27 193
-28 193
-28 192
-29 193
-29 192
-30 193
-31 193
-32 194
-33 194
-33 193
-34 193
-35 193
-36 193
-37 194
-37 193
-38 193
-39 194
-40 194
-40 193
-41 194
-42 194
-43 194
-44 195
river 2 South Umpqua
-44 195
-44 196
-43 196
-43 197
-44 197
-44 198
-45 198
-45 199
-46 200
-47 200
-46 200
-46 201
-45 201
-45 202
-45 203
-46 203
-47 204
-47 205
-46 204
-46 205
-45 205
-44 204
-43 204
-43 205
-42 205
-41 205
-40 205
-39 205
-38 205
-37 204
-36 203
-35 203
-35 202
-34 202
river 2 Crooked
38 168
37 168
36 168
35 168
34 168
33 168
33 167
32 168
32 167
31 167
31 166
30 166
29 166
28 167
27 167
26 168
25 168
24 168
24 167
24 166
24 165
25 164
26 163
26 162
26 161
25 161
24 161
23 161
22 161
22 160
21 160
21 159
20 159
20 158
20 157
river 2 Deschutes
46 120
46 121
45 122
45 123
44 124
45 124
46 124
45 125
44 126
44 127
43 128
42 129
41 129
41 130
40 130
40 131
39 131
38 131
38 132
37 133
36 133
36 134
35 135
34 136
33 137
32 138
33 138
32 139
33 139
33 140
32 141
31 142
31 143
31 144
30 145
29 146
28 147
27 147
26 148
25 148
25 149
24 149
25 149
24 150
23 151
23 152
22 152
22 153
21 154
21 155
20 156
20 157
19 158
20 158
19 159
19 160
18 161
18 162
17 163
17 164
16 165
15 166
14 167
13 168
13 169
12 170
12 171
11 171
10 172
9 173
8 174
7 175
7 176
6 177
5 178
4 178
4 179
3 179
2 179
1 180
0 181
-1 181
river 2 Yakima
70 73
71 73
72 73
71 74
72 74
73 74
72 75
73 75
73 76
73 77
73 78
74 78
74 79
74 80
74 81
74 82
74 83
73 84
74 84
73 85
72 86
72 87
71 87
71 88
70 89
69 90
70 90
69 91
70 91
69 92
69 93
69 94
69 95
70 95
70 96
70 97
71 97
71 98
71 99
70 99
70 100
71 99
71 100
72 99
72 100
73 100
72 101
72 102
73 102
74 102
75 102
75 103
76 102
76 103
77 103
78 103
79 102
80 102
81 102
82 101
83 101
84 101
85 101
86 100
86 99
87 98
88 98
88 99
89 99
89 100
89 101
90 100
90 101
river 2 Chehalis
19 86
19 85
19 84
18 85
18 84
17 84
16 84
16 83
16 82
15 82
16 81
16 80
16 79
15 79
15 78
14 79
13 79
12 79
11 79
10 79
9 80
9 79
8 80
8 79
7 80
7 79
6 79
river 2 Souris
492 38
493 37
492 37
493 36
492 36
492 35
492 34
492 33
492 32
493 32
494 31
493 31
494 30
493 30
494 29
493 29
494 28
493 28
494 27
493 27
493 26
493 25
493 24
492 24
493 23
493 22
492 22
493 21
492 21
492 20
493 19
492 19
492 18
492 17
492 16
493 15
493 14
493 13
494 12
494 11
494 10
493 10
492 11
491 11
491 10
491 9
490 10
489 11
488 12
488 13
487 13
486 14
486 13
485 14
485 13
484 13
483 13
482 13
482 12
481 12
480 12
479 13
478 13
477 13
476 13
475 13
474 13
474 12
473 12
472 12
472 11
471 11
470 11
470 10
469 10
469 9
468 9
468 8
467 8
467 7
466 7
466 6
465 6
465 5
464 5
464 4
465 3
466 2
466 1
465 1
465 0
river 2 Milk
387 45
388 44
388 43
387 43
386 43
386 42
385 42
384 42
383 42
383 41
382 42
382 41
382 40
382 39
381 39
381 38
381 37
380 37
380 36
379 36
379 35
378 35
377 35
377 34
377 33
376 33
376 32
376 31
375 31
374 31
373 31
373 30
372 30
371 30
370 30
369 30
368 30
368 29
369 28
368 28
367 29
366 29
365 29
365 30
364 31
364 32
363 32
362 33
361 34
361 35
360 35
360 36
359 36
358 36
358 35
357 36
357 35
356 36
355 36
355 35
354 36
354 35
353 36
353 35
352 35
352 34
351 34
351 33
350 34
350 33
349 33
348 34
348 33
347 33
347 32
346 32
345 32
344 32
344 31
343 32
343 31
342 32
342 31
342 30
341 30
340 30
340 29
339 29
338 29
337 29
336 29
335 29
335 28
334 28
334 27
333 27
332 28
331 28
330 29
329 29
328 29
327 29
326 29
325 29
324 29
323 29
322 29
321 29
321 28
320 28
river 2 Milk
319 21
319 20
319 19
318 19
318 18
317 18
317 17
316 17
316 16
315 16
314 16
314 15
313 16
313 15
312 16
312 15
312 14
311 14
311 13
311 12
310 12
309 12
308 12
307 12
306 12
306 11
305 11
304 12
304 11
303 11
302 11
301 11
300 11
299 12
298 12
298 11
297 12
296 12
295 12
295 13
294 13
293 13
292 13
291 13
291 12
290 12
289 12
288 12
287 13
286 13
286 12
285 13
285 12
284 12
284 11
283 11
282 11
281 11
280 11
279 11
278 11
277 12
276 13
275 14
275 13
274 14
273 14
273 15
272 16
271 16
271 17
270 17
269 17
269 16
268 17
267 17
266 17
265 18
264 19
263 19
river 2 Middle Fk.  Flathead
232 32
233 32
234 31
235 31
236 31
237 31
237 32
238 32
237 33
238 33
238 34
239 34
239 35
239 36
239 37
239 38
239 39
239 40
238 41
238 42
239 42
240 42
river 2 Kootenay
219 2
219 1
218 1
218 0
river 2 Slocan
175 0
175 1
175 2
175 3
river 2 Skagit
56 37
57 37
57 36
58 36
58 35
59 34
59 33
60 33
61 32
62 32
63 32
64 31
64 32
65 31
66 31
67 31
68 31
69 30
69 31
70 31
71 31
72 30
73 30
74 30
74 31
75 31
75 32
76 32
77 31
78 31
79 31
80 30
81 29
82 28
83 28
84 27
85 26
86 26
87 25
88 25
89 24
89 25
90 24
91 24
92 23
92 22
93 21
93 20
94 20
93 20
94 19
93 19
94 18
river 2 Skagit
58 35
57 35
56 36
56 35
river 2 Okanogan
133 0
133 1
132 2
132 3
132 4
131 5
131 6
132 6
131 7
131 8
130 9
129 10
129 11
128 11
128 12
128 13
128 14
129 14
129 15
128 16
129 16
128 17
128 18
127 19
127 20
127 21
126 22
126 23
125 23
125 24
124 25
123 26
122 27
122 28
121 29
120 30
120 31
120 32
119 33
120 33
119 34
118 34
117 35
116 35
115 36
114 37
113 38
112 38
111 39
110 40
111 40
111 41
111 42
110 43
109 44
river 2 Cowichan
28 21
29 21
30 21
31 21
31 22
31 23
32 23
33 23
34 23
35 23
36 23
37 23
38 23
river 2 Little Missouri
460 61
459 62
458 62
457 62
457 61
456 61
455 61
455 60
454 60
454 59
453 60
453 59
452 60
452 59
451 59
451 58
450 58
450 57
449 57
449 58
448 59
447 60
446 60
445 60
444 60
443 60
442 60
441 60
441 59
440 60
439 60
439 61
438 62
437 62
437 61
436 62
435 62
434 63
433 64
433 65
433 66
432 67
431 68
431 69
431 70
430 71
430 72
430 73
430 74
429 75
429 76
429 77
429 78
429 79
428 79
427 80
427 81
426 82
426 83
425 83
river 2 Boise
111 183
111 182
110 182
110 181
109 181
108 182
108 181
107 182
107 181
106 182
106 181
105 182
105 181
104 181
103 181
102 181
102 180
101 180
100 180
99 180
99 179
99 178
98 178
98 177
river 2 Owyhee
91 183
91 182
92 182
92 181
93 181
93 180
94 180
95 179
96 178
96 179
97 178
98 177
river 2 Clearwater
139 95
139 96
140 96
141 95
141 96
142 95
143 95
144 95
145 94
145 95
146 94
147 93
147 94
148 93
149 93
149 94
150 93
150 94
151 94
152 94
153 94
154 94
155 94
156 94
156 95
156 96
156 97
river 2 Umpqua
-44 195
-44 194
-44 193
-43 193
-43 192
-43 191
-44 191
-44 190
-44 189
-43 189
-43 188
-42 188
-41 187
-42 187
-42 186
-41 186
-41 185
-41 184
-42 185
-43 185
-42 184
-41 183
-42 183
-43 183
-42 182
-43 182
-44 183
-44 182
-45 183
-45 182
-46 183
-47 183
-47 182
-48 183
-48 182
-48 181
-49 181
-50 181
river 2 Kootenay
190 10
190 11
190 12
189 13
190 13
190 14
190 15
189 16
189 17
189 18
190 18
190 19
190 20
189 21
190 21
189 22
189 23
188 23
188 24
188 25
189 25
190 25
191 25
192 25
193 24
193 25
193 26
193 27
194 27
193 28
194 28
194 29
194 30
194 31
194 32
194 33
195 33
196 33
197 33
198 33
199 33
199 34
200 34
201 34
202 34
202 35
203 35
203 36
204 35
205 35
205 34
river 2 Musselshell
345 64
344 65
343 66
342 67
river 2 Little Missouri
465 59
464 59
463 59
462 59
461 60
460 61
river 2 Trinity
-63 263
-63 264
-63 265
-64 266
-64 267
-65 268
-66 269
-67 270
-68 271
river 2 Salt
62 494
63 494
64 494
64 495
65 495
river 2 Heart
456 90
457 90
458 90
river 2 S.  Fk.  Shoshone
271 156
271 157
river 2 Red Rock
203 141
203 142
river 2 Owyhee
91 183
90 184
90 183
89 184
88 185
87 186
87 187
86 188
86 189
85 190
85 191
85 192
84 193
83 193
82 193
81 193
river 2 Elk
219 11
218 11
river 2 Kootenay
205 34
206 34
206 33
207 32
208 31
209 30
210 29
210 28
209 28
209 27
209 26
210 25
210 24
211 23
212 22
213 21
214 20
215 19
216 18
217 17
217 16
218 15
218 14
218 13
218 12
218 11
river 2 Kootenay
219 2
219 3
219 4
219 5
219 6
219 7
219 8
219 9
219 10
218 11
river 2 Kootenay
191 0
191 1
191 2
191 3
190 4
190 5
190 6
190 7
190 8
190 9
190 10
river 2 Harrison
87 0
86 1
86 2
86 3
85 4
85 5
84 6
83 6
82 7
81 7
81 8
80 8
river 2 Milk
320 28
320 27
320 26
320 25
319 25
319 24
318 24
319 23
318 23
319 22
319 21
river 1 
88 633
87 634
87 635
87 636
87 637
88 637
88 638
89 638
89 639
river 1 
91 644
90 644
90 643
89 644
89 643
88 644
88 643
87 643
87 642
86 643
85 643
river 1 Santa Isabel
79 648
78 649
78 650
78 651
77 652
78 652
78 653
78 654
79 654
78 655
river 1 Casas Grandes
71 589
70 590
70 591
69 592
69 593
68 593
68 594
67 595
67 596
66 597
66 598
65 599
64 600
river 1 Papigochi
56 662
56 661
57 660
57 659
57 658
57 657
58 656
57 656
58 656
58 655
river 1 Mátape
14 639
13 639
13 640
12 640
11 641
10 641
9 642
8 642
7 643
6 643
6 644
5 644
river 1 San Miguel
26 592
25 592
25 593
24 594
24 595
24 596
23 597
22 598
21 598
21 597
20 598
19 599
18 600
river 1 Bacanuchi
36 579
36 580
35 581
35 582
34 583
34 584
34 585
river 1 Bacoachi
-5 614
-4 613
-3 612
-2 611
-1 610
0 609
river 1 Altar
18 574
18 573
19 572
19 571
20 570
21 569
21 568
21 567
22 567
22 566
22 565
22 564
river 1 El Coyote
11 567
10 567
9 567
8 567
7 568
6 569
6 568
5 569
4 569
3 570
river 1 
18 534
18 535
17 536
16 537
15 538
14 539
14 540
13 540
13 541
12 542
12 543
11 544
11 545
river 1 Alamos
171 654
172 654
173 654
173 655
174 655
174 656
174 657
175 657
175 658
176 657
176 658
176 659
177 659
177 660
river 1 Rio San Rodrigo
185 642
186 642
187 642
188 642
187 643
188 643
187 644
188 644
187 645
188 645
188 646
river 1 El Caballo
179 634
180 633
181 632
182 632
183 631
184 631
185 630
185 629
186 629
187 628
187 629
188 628
188 629
189 628
190 628
river 1 Penasco
176 520
175 520
174 520
174 519
173 519
173 518
173 517
172 517
171 518
170 518
169 518
168 519
river 1 Running Water Draw
235 465
236 465
237 465
237 466
238 466
239 466
239 467
240 467
241 467
241 468
242 468
243 468
river 1 Carrizo
267 411
266 411
265 411
river 1 Carrizo
265 411
264 411
264 410
263 410
263 409
262 409
262 408
river 1 Beaver
273 400
274 400
275 399
276 399
277 398
277 399
278 399
277 400
278 400
278 401
279 401
279 402
280 402
280 403
river 1 Purgatoire
244 381
244 382
244 383
245 383
245 384
246 384
245 385
246 385
246 386
247 386
248 386
248 387
249 386
249 387
250 387
251 387
252 387
river 1 Arikaree
313 314
314 314
314 313
315 313
316 313
316 314
317 313
318 313
319 312
320 312
320 311
321 311
321 310
322 309
323 309
324 308
324 309
325 308
326 308
327 307
328 307
river 1 Republican
348 294
347 294
346 295
345 295
344 296
343 296
342 297
river 1 Beaver
357 309
356 310
355 311
354 311
353 312
352 312
351 313
350 314
349 314
river 1 San Jose
153 444
153 445
154 445
154 446
153 447
153 448
154 448
154 449
155 449
154 450
155 450
river 1 San Pedro
53 552
52 553
52 554
51 555
52 555
51 556
51 557
50 558
50 559
50 560
50 561
49 562
49 563
49 564
river 1 San Cristobal Wash
-3 546
-4 546
-3 545
-4 545
-3 544
-3 543
-4 543
-4 542
-4 541
-4 540
-4 539
-5 539
-4 538
-5 538
-5 537
river 1 Verde
61 462
61 461
61 460
61 459
61 458
61 457
60 457
61 456
60 456
59 456
58 456
58 455
57 456
56 456
55 457
54 457
53 457
river 1 Centennial Wash
26 483
25 484
24 484
23 484
22 485
21 485
20 486
19 486
18 487
17 487
17 488
16 488
16 489
15 489
15 490
14 490
14 491
13 491
13 492
14 492
13 493
14 493
river 1 Carrizo Wash
127 470
126 471
127 471
127 472
127 473
128 473
127 474
126 475
125 476
125 477
124 478
124 479
125 479
125 480
125 481
124 481
124 482
125 482
river 1 Chaco
161 416
161 417
162 417
161 418
162 418
163 418
164 418
164 419
165 419
166 419
165 420
166 420
166 421
river 1 Dolores
193 366
192 366
191 367
190 368
189 369
189 370
188 370
188 371
187 371
186 372
185 372
river 1 Taylor
238 328
238 329
239 329
238 330
239 330
239 331
238 332
238 333
237 333
236 334
236 335
235 335
234 336
233 336
232 337
river 1 White
234 297
233 298
232 298
231 298
230 299
230 298
230 297
230 296
230 295
229 296
229 295
228 296
227 296
226 296
225 296
224 296
224 295
river 1 Little Snake
248 265
249 264
250 264
250 265
251 264
252 264
252 265
253 265
254 265
255 265
255 266
256 265
256 266
257 265
257 266
258 265
river 1 Meadow Valley
69 353
69 354
68 355
69 355
68 356
68 357
67 358
66 359
65 360
64 361
63 362
62 363
61 363
61 364
60 364
59 365
58 366
river 1 Virgin
78 385
77 386
77 385
76 385
75 385
75 384
74 384
73 384
72 384
71 384
70 385
river 1 Muddy
142 333
142 332
143 331
143 330
143 329
143 328
142 328
143 327
142 327
142 326
141 327
141 326
river 1 Sevier
97 371
97 370
98 370
98 369
99 369
99 368
100 367
100 366
101 365
100 365
101 364
100 364
101 363
101 362
102 362
102 361
river 1 Bad
419 171
418 172
418 173
417 174
416 174
415 175
415 174
414 175
414 174
413 175
412 175
411 176
410 176
410 177
409 177
408 177
river 1 S.  Fk.   of the Grand
418 120
417 120
416 120
415 120
414 120
413 120
412 120
411 121
410 122
409 122
408 122
407 123
407 122
406 123
406 122
405 123
404 123
403 123
402 123
401 124
401 123
river 1 Sweetwater
244 221
244 222
245 222
245 223
246 223
247 222
247 223
248 222
248 223
249 222
250 222
251 222
252 222
253 221
254 221
river 1 Greybull
281 160
280 161
279 161
278 162
277 163
276 164
275 165
274 166
273 167
272 168
271 168
river 1 Clarks Fk.  Yellowstone
266 138
266 139
266 140
266 141
266 142
267 142
267 143
268 143
268 144
268 145
269 145
270 145
271 144
271 145
river 1 Tongue
313 146
313 147
314 146
315 146
316 145
317 145
318 144
319 144
320 144
321 143
321 144
322 143
322 144
323 143
323 144
324 144
325 143
326 142
river 1 Big Dry
357 71
356 72
355 73
354 73
353 73
352 74
351 74
351 75
river 1 Gallatin
242 145
242 144
242 143
241 143
240 143
240 142
240 141
240 140
240 139
river 1 Big Hole
191 135
192 135
193 134
194 133
195 133
195 132
196 131
196 130
197 129
197 128
198 127
river 1 Middle Fk.  Salmon
152 148
151 149
151 150
150 151
149 152
148 152
147 153
146 153
146 154
145 155
146 155
146 156
146 157
river 1 North Fork Boise
140 173
139 173
138 173
137 174
136 174
135 174
134 175
133 175
132 175
131 175
130 176
river 1 Big Wood
148 175
148 176
148 177
149 177
149 178
149 179
150 178
150 179
151 178
152 178
152 179
152 180
151 181
152 181
151 182
151 183
river 1 Big Lost
169 172
168 172
169 171
168 171
169 170
168 170
168 169
167 170
166 170
165 171
164 171
163 172
162 173
161 173
160 174
159 175
river 1 Bruneau
94 252
95 251
95 250
95 249
95 248
95 247
95 246
96 245
96 244
96 243
river 1 Reese
14 334
13 335
12 335
12 334
11 334
12 333
11 333
11 332
12 331
12 330
13 329
14 328
14 327
15 327
16 326
17 325
17 324
river 1 Amargosa
-17 415
-17 416
-18 417
-18 418
-18 419
-19 420
-18 420
-19 421
-18 421
-19 422
-18 422
-19 423
-18 423
-19 424
-18 424
-18 425
-18 426
-17 426
-17 427
-18 428
-17 428
-17 429
-18 430
-17 430
-17 431
-17 432
-16 432
-16 433
-15 432
-15 433
-14 432
-13 431
-12 431
-12 430
-11 430
-11 429
-10 428
-10 427
-10 426
-10 425
-9 424
-9 423
-8 422
-8 421
-8 420
-7 419
-7 418
-7 417
-7 416
-7 415
-7 414
-6 413
-7 413
-6 412
-6 411
-6 410
-5 409
-6 409
-6 408
-7 408
-7 407
-7 406
-7 405
-6 404
-7 404
-6 403
-6 402
-5 401
-5 400
-5 399
-6 399
-5 398
-6 398
-6 397
-5 396
-6 396
-5 395
-5 394
-4 394
-4 393
-3 392
-2 391
-2 390
-1 389
river 1 Kings
-52 393
-51 393
-50 392
-50 391
-49 390
-48 389
-47 388
-46 388
-45 388
-45 389
-44 389
-43 389
river 1 Merced
-44 368
-45 368
-46 369
-46 368
-46 367
-47 367
-48 367
-49 368
-50 368
-50 367
-51 368
river 1 S.  Fk.  American
-43 333
-44 334
-45 334
-46 335
-46 334
-47 335
-48 335
-49 335
-50 335
-51 335
river 1 Quinn
10 269
10 270
11 269
12 269
13 268
14 268
14 267
15 267
15 266
16 265
17 264
17 263
18 262
19 261
20 261
20 260
river 1 Malheur
67 175
67 176
68 176
68 177
69 177
69 178
70 178
71 178
70 179
71 179
70 180
river 1 Grande Ronde
101 130
100 130
99 130
98 130
97 130
96 130
95 131
94 131
93 132
92 132
91 133
90 133
90 132
89 132
88 132
88 131
87 131
river 1 North Umpqua
-14 195
-14 194
-15 194
-15 193
-16 193
-17 193
-18 193
-17 192
-18 192
-19 192
-20 193
river 1 North Santium
13 149
13 148
13 147
12 147
11 147
10 147
9 147
8 148
7 148
6 148
6 149
5 149
4 150
3 150
4 149
river 1 Crab
127 69
128 69
129 69
129 68
130 68
130 67
131 67
132 66
133 65
132 65
133 64
133 63
134 63
135 62
136 61
137 61
137 60
138 60
138 59
138 58
139 57
river 1 Saint Joe
188 76
188 77
187 77
187 76
186 77
186 76
185 77
184 78
183 78
182 78
183 77
184 76
184 75
184 74
183 74
184 73
183 73
183 72
182 72
182 71
181 71
river 1 Cowlitz
39 93
40 93
41 93
42 92
43 92
44 91
45 90
46 89
47 89
48 88
49 87
50 87
50 88
51 87
51 88
52 87
52 88
river 1 White
49 82
50 82
51 81
52 81
53 80
53 79
54 78
54 77
54 76
54 75
54 74
54 73
river 1 Two Medicine
246 32
247 32
248 31
249 31
249 32
250 32
250 33
250 34
251 33
251 34
252 33
252 34
253 34
254 33
254 34
255 33
255 34
river 1 Big Muddy Cr.
432 14
433 14
432 15
432 16
431 17
430 17
429 18
429 19
429 20
428 21
river 1 Long
455 6
455 5
454 5
454 4
453 4
453 3
453 2
452 2
451 2
451 1
451 0
river 1 Frenchman
356 0
355 1
355 0
354 1
354 0
353 0
352 0
351 1
351 0
350 1
350 0
349 0
348 1
347 1
347 0
346 1
346 0
345 1
river 1 S.  Fk.  Flathead
234 59
234 60
234 61
233 62
234 62
234 63
234 64
234 65
233 66
232 66
231 67
230 67
229 67
228 67
227 67
river 1 Similkameen
110 7
110 8
109 9
108 10
107 11
106 12
105 12
104 13
103 14
102 14
101 14
101 13
101 12
river 1 
89 639
90 639
91 639
92 638
93 637
93 636
94 635
94 634
95 633
94 633
95 632
94 632
95 631
94 631
95 630
96 629
97 629
98 628
99 627
100 627
100 628
101 628
102 628
102 629
102 630
103 630
river 1 
101 654
100 655
100 654
99 654
99 653
99 652
99 651
99 650
99 649
99 648
98 648
99 647
98 647
97 647
97 646
96 646
96 645
95 646
94 647
93 648
92 649
91 650
90 651
90 650
90 649
90 648
90 647
91 646
90 646
91 645
90 645
river 1 Santa Isabel
78 656
79 656
78 657
78 658
78 659
78 660
78 661
79 661
79 662
80 662
river 1 San Pedro
97 662
98 661
river 1 Casas Grandes
102 568
101 568
102 567
102 566
102 565
103 564
104 564
104 563
105 562
105 561
105 560
104 560
103 560
102 561
102 560
101 561
101 560
100 561
100 560
99 560
98 560
97 560
96 560
95 561
95 562
94 563
95 563
94 564
94 565
93 566
92 567
91 568
91 569
91 570
91 571
90 572
89 573
88 574
87 574
86 574
85 575
84 576
84 577
83 577
83 578
82 579
82 580
81 580
81 581
80 581
79 582
78 582
78 583
77 583
77 584
76 584
76 585
75 585
74 585
73 586
72 587
71 588
71 589
river 1 Verde
47 662
47 661
48 660
49 659
49 658
50 657
49 657
50 656
49 656
50 655
50 654
50 653
51 653
51 652
51 651
51 650
51 649
51 648
river 1 Papigochi
58 655
58 654
59 653
59 652
59 651
59 650
58 650
57 650
57 649
56 649
57 648
57 647
57 646
57 645
57 644
57 643
58 642
57 642
57 641
57 640
56 641
55 642
55 643
54 643
54 644
53 645
52 646
52 647
51 648
51 647
50 648
50 647
49 647
49 646
49 645
49 644
50 643
50 642
50 641
50 640
50 639
49 639
50 638
50 637
50 636
51 635
50 635
51 634
50 634
51 633
51 632
52 631
53 630
52 630
53 629
52 629
52 628
51 628
50 628
49 629
48 629
48 630
47 631
47 632
46 632
46 633
46 634
45 635
river 1 Aros
45 635
44 635
43 636
42 637
41 638
40 639
41 639
40 640
40 641
39 642
39 641
39 640
39 639
40 638
40 637
40 636
40 635
39 635
39 634
40 633
40 632
40 631
40 630
41 629
40 629
39 629
39 628
39 627
38 627
39 626
38 626
38 625
39 624
38 624
38 623
37 624
37 623
river 1 Mátape
5 645
4 645
4 646
3 646
3 647
2 648
1 649
1 650
0 651
0 652
0 653
0 654
-1 655
-1 656
-2 657
-3 657
-4 658
-5 658
-6 659
-7 660
-7 661
-8 662
river 1 San Miguel
18 600
18 601
17 602
17 603
17 604
16 605
15 606
16 606
15 607
15 608
15 609
15 610
14 611
14 612
14 613
14 614
13 615
13 616
12 617
12 618
11 619
12 619
11 620
11 621
10 622
9 623
9 622
8 623
7 624
6 624
5 625
5 626
4 626
3 627
2 628
1 629
0 630
-1 631
-1 632
-2 633
-2 634
-3 635
-3 636
-4 637
river 1 Bacanuchi
31 598
31 597
32 596
32 595
33 594
33 593
33 592
33 591
33 590
33 589
33 588
33 587
34 586
33 586
34 585
river 1 
-18 629
-19 630
-20 631
-21 632
-21 633
river 1 El Coyote
-13 584
-12 583
-11 583
-10 582
-9 582
-8 581
-7 580
-6 580
-6 579
-5 579
-5 578
-4 577
-3 576
-2 575
-1 575
0 574
1 573
1 572
2 571
3 570
river 1 
11 545
11 546
11 547
10 548
9 549
9 550
8 551
8 552
7 552
7 553
6 553
6 554
5 555
6 555
5 555
river 1 Sonoita
5 555
5 556
4 556
3 557
3 556
2 556
2 555
1 556
1 555
1 554
1 553
1 552
0 552
0 551
-1 551
-2 551
-2 550
-3 550
-4 550
-4 549
-5 549
-4 548
-5 548
-6 548
-6 549
-7 549
-8 549
-8 550
-9 550
-10 551
-11 552
-12 553
-12 554
-13 555
-14 556
-14 557
-15 558
-15 559
-16 560
-16 561
-17 562
-18 563
-18 564
-19 565
-19 566
-20 567
-20 568
-21 569
river 1 Alamos
177 660
178 660
177 661
178 661
177 662
178 662
river 1 El Caballo
190 628
191 627
192 626
193 626
194 625
195 624
196 624
197 624
197 625
198 624
199 624
200 623
river 1 Penasco
190 523
189 523
188 523
187 524
186 524
186 523
185 524
185 523
184 523
183 523
182 523
183 522
182 522
182 521
181 521
181 520
180 521
180 520
179 521
178 521
178 520
177 520
176 520
river 1 White
268 486
268 485
river 1 Running Water Draw
243 469
244 468
244 469
245 469
246 469
247 469
247 468
248 468
249 468
249 469
250 469
251 469
251 470
252 470
252 471
253 471
254 471
254 472
255 472
255 473
256 473
257 473
257 474
258 473
258 474
258 475
258 476
259 475
259 476
260 475
261 475
261 476
262 476
263 476
264 476
263 477
264 477
264 478
265 478
265 479
266 479
267 479
268 479
268 480
267 481
268 481
268 482
269 482
268 483
268 484
268 485
river 1 Carrizo
278 420
277 420
277 419
276 419
275 420
275 419
274 420
274 419
273 420
273 419
273 418
273 417
273 416
272 416
272 415
271 415
271 414
270 414
269 414
268 414
268 413
268 412
268 411
267 411
river 1 Rita Blanca
278 415
279 415
278 416
278 417
278 418
278 419
278 420
279 420
279 421
278 422
278 423
277 423
277 424
277 425
276 425
276 426
276 427
275 428
275 429
275 430
274 431
river 1 Beaver
280 403
281 403
282 403
283 402
284 402
285 402
286 402
287 401
288 401
289 401
289 402
290 402
291 402
291 403
292 402
292 403
293 403
292 404
293 404
292 405
293 405
294 405
294 406
294 407
295 407
295 408
296 408
297 407
298 406
299 405
300 404
301 404
302 404
303 403
303 402
304 402
305 401
306 400
307 400
308 399
309 399
309 400
310 399
311 399
312 398
river 1 Purgatoire
253 386
254 386
255 385
256 385
256 384
257 384
258 383
259 382
260 382
261 382
261 383
262 383
262 384
263 384
263 385
264 385
265 384
266 383
267 383
268 382
269 381
270 380
271 379
272 379
272 378
273 378
274 377
275 376
276 376
276 375
277 375
277 374
278 374
279 373
280 372
281 371
282 371
282 370
283 370
284 369
285 368
286 367
287 367
288 366
289 365
290 364
291 364
291 363
292 362
293 361
293 360
294 360
294 359
295 359
296 358
296 357
297 357
297 356
river 1 Arikaree
328 307
329 307
330 306
331 306
332 306
333 305
334 305
335 305
336 304
337 304
338 304
339 304
340 304
341 303
342 302
343 302
344 301
345 301
346 300
347 300
348 299
349 298
350 297
351 297
352 296
river 1 Republican
361 296
360 296
360 295
359 296
359 295
358 296
358 295
357 296
357 295
356 296
355 296
354 296
353 296
352 296
352 295
351 295
351 294
350 295
350 294
349 294
348 294
river 1 San Jose
155 450
155 451
156 451
157 451
158 451
159 451
159 452
160 451
161 451
160 452
161 452
river 1 San Jose
161 452
162 452
162 451
163 451
163 452
163 453
163 454
164 454
165 454
166 454
166 455
166 456
167 456
river 1 San Pedro
59 515
59 516
59 517
59 518
58 519
58 520
58 521
58 522
58 523
58 524
58 525
58 526
58 527
58 528
58 529
58 530
57 531
57 532
56 533
56 534
56 535
57 535
56 536
57 536
56 537
56 538
57 538
56 539
57 539
56 540
57 540
56 541
56 542
55 543
54 544
54 545
54 546
53 547
54 547
53 548
53 549
54 549
53 550
53 551
53 552
river 1 San Cristobal Wash
-5 537
-5 536
-5 535
-4 534
-4 533
-4 532
-4 531
-3 530
-4 530
-3 529
-4 529
-3 528
-4 528
-4 527
-4 526
-4 525
-4 524
-5 524
-4 523
-5 523
-5 522
-6 523
-6 522
river 1 Centennial Wash
13 494
14 494
13 495
14 495
13 496
14 496
13 497
14 497
14 498
14 499
15 499
15 500
16 500
16 501
16 502
16 503
17 503
17 504
17 505
18 505
19 505
20 505
20 506
21 506
21 507
22 506
river 1 Carrizo Wash
112 465
113 465
114 465
115 465
116 465
116 466
117 466
116 467
117 467
118 467
118 468
119 468
120 468
120 469
121 468
121 469
122 468
122 469
123 468
124 468
124 469
125 468
125 469
126 469
126 470
river 1 Puerco
141 436
140 437
139 437
138 437
137 438
136 438
136 439
135 439
134 440
133 441
132 442
131 443
130 443
129 444
128 444
127 444
126 445
125 445
125 446
124 446
123 447
122 447
121 447
120 448
119 449
118 449
117 449
116 450
115 451
114 451
113 452
112 453
111 453
110 454
109 454
108 454
107 454
106 454
105 455
104 455
103 456
102 456
river 1 Chaco
162 397
162 398
163 398
163 399
164 399
164 400
163 401
162 402
161 403
161 404
160 405
160 406
159 407
159 408
158 408
158 409
158 410
158 411
157 412
157 413
156 414
156 415
155 416
156 416
157 416
158 416
159 416
160 415
161 415
161 416
river 1 Dolores
185 372
184 373
184 372
183 373
183 372
182 372
181 372
180 373
180 374
179 375
178 375
177 376
177 375
176 376
176 375
176 374
177 373
177 372
176 372
176 371
175 371
175 370
174 370
175 369
175 368
176 367
176 366
176 365
175 365
176 364
176 363
177 362
177 361
177 360
178 359
178 358
177 358
177 357
178 356
179 355
179 354
179 353
179 352
180 351
180 350
181 350
182 349
183 348
184 347
185 346
184 346
185 345
184 345
184 344
185 343
185 342
185 341
185 340
185 339
186 338
185 338
185 337
185 336
185 335
184 336
183 336
183 335
183 334
183 333
182 333
181 334
river 1 Taylor
232 337
231 337
230 338
river 1 Gunnison
230 338
229 339
228 340
227 341
226 341
226 342
225 342
225 343
224 343
223 344
river 1 Gunnison
216 345
215 345
214 345
213 345
212 345
211 345
212 344
211 344
211 343
211 342
210 342
210 341
209 341
209 340
208 340
208 339
209 338
209 337
210 336
211 335
210 335
209 335
208 335
207 335
206 335
205 336
205 335
204 336
203 336
202 336
202 335
201 336
201 335
201 334
201 333
200 333
200 332
200 331
200 330
201 329
201 328
200 328
200 327
200 326
200 325
river 1 White
224 295
224 294
223 294
222 294
222 293
222 292
222 291
221 291
220 291
220 290
219 291
218 291
217 291
216 291
215 292
215 291
214 292
213 293
212 294
212 293
211 294
210 294
209 294
208 295
208 294
207 295
206 295
205 296
204 296
203 297
202 298
202 297
201 298
200 298
199 298
198 299
197 299
197 298
197 297
197 296
196 296
196 295
196 294
195 295
195 294
194 295
194 294
193 295
193 294
river 1 Muddy
38 406
39 405
38 405
39 404
38 404
38 403
39 402
38 402
38 401
37 401
river 1 Virgin
70 385
69 386
68 387
68 386
67 387
66 387
65 388
64 388
64 389
63 389
62 390
61 390
60 391
59 392
58 392
57 393
56 393
55 393
54 394
53 395
52 396
51 397
51 396
50 397
49 397
48 397
47 398
46 399
45 399
44 400
43 401
42 402
41 403
river 1 San Pitch
145 312
145 311
144 312
143 313
143 314
142 314
142 315
141 316
140 317
139 318
139 319
138 320
137 321
136 322
135 323
134 324
134 323
133 323
river 1 Sevier
102 361
103 360
104 359
105 358
106 357
106 356
107 355
108 355
108 354
109 354
110 353
111 352
112 351
112 350
113 349
113 348
114 347
114 346
114 345
115 344
114 344
115 343
114 343
115 342
115 341
116 341
117 340
118 339
119 338
120 338
121 337
122 336
123 335
124 334
125 333
126 333
126 332
127 331
128 330
129 330
129 329
130 328
131 327
132 326
132 325
133 324
133 323
133 322
134 321
134 320
134 319
134 318
134 317
134 316
133 316
132 316
133 315
133 314
134 313
134 312
133 312
134 311
133 311
134 310
133 310
132 310
131 311
130 311
129 311
128 312
127 313
126 314
125 314
124 315
123 316
123 315
122 316
122 315
121 316
120 317
119 318
118 319
117 319
116 319
115 319
114 320
113 320
113 321
112 321
112 322
111 322
110 323
110 324
109 325
108 325
107 325
river 1 Bad
426 171
426 170
425 171
425 170
424 171
423 171
422 171
421 171
420 171
419 171
river 1 Grand
452 119
451 119
450 120
450 119
449 119
448 119
447 119
446 119
445 120
445 119
444 119
443 119
442 119
442 118
441 118
440 118
440 117
439 117
439 116
438 117
437 117
436 117
river 1 North Fk.  of the Grand
436 117
436 116
435 116
434 116
433 116
433 115
432 115
431 115
431 114
430 114
430 113
429 113
429 112
river 1 S.  Fk.  of the Grand
436 117
435 118
434 119
433 120
432 120
432 121
431 121
430 121
429 121
428 121
427 121
427 120
426 120
425 120
424 120
424 119
423 120
423 119
422 119
421 120
420 120
419 120
418 120
river 1 Sweetwater
254 221
255 221
256 220
257 220
258 219
259 219
260 219
260 218
261 218
262 217
263 217
264 216
264 217
265 216
266 216
267 216
267 217
268 217
267 218
268 218
269 218
270 218
271 218
272 218
273 218
273 219
274 219
274 220
275 219
276 219
277 219
278 219
278 220
279 220
280 220
281 220
282 220
282 219
283 219
284 219
285 218
286 218
287 218
288 218
289 218
river 1 Greybull
296 156
295 157
294 157
294 158
293 158
292 159
291 159
290 160
289 160
289 159
288 160
288 159
287 160
287 159
286 160
286 159
285 159
284 159
283 159
282 160
281 160
river 1 Clarks Fk.  Yellowstone
271 145
271 146
272 146
272 147
273 147
273 146
274 146
275 145
275 146
276 145
276 146
277 145
278 145
279 144
280 143
280 142
281 141
282 140
283 139
284 138
285 137
286 137
286 136
286 135
287 135
288 134
288 133
289 133
290 132
290 131
291 130
291 129
292 128
293 127
294 126
295 125
295 124
296 123
296 122
297 122
297 121
298 121
river 1 Tongue
326 142
327 141
328 141
329 140
330 139
330 138
331 138
331 137
332 137
332 136
333 135
334 135
334 134
335 134
336 133
337 132
338 131
338 132
339 131
340 130
341 129
342 129
342 128
343 128
344 127
345 126
346 125
347 125
347 124
348 124
348 123
349 123
349 122
350 121
350 120
351 119
351 118
352 117
353 116
354 115
354 114
355 114
356 113
357 112
358 111
359 111
360 110
361 109
362 109
363 108
364 108
364 107
365 107
366 106
367 106
368 105
368 104
369 104
369 103
370 103
370 102
371 101
371 100
371 99
371 98
371 97
river 1 Big Dry
375 67
374 67
373 68
373 67
372 67
371 67
370 67
369 68
368 68
367 68
366 69
366 68
365 68
364 68
363 68
362 68
361 68
360 68
359 69
358 69
357 70
river 1 Big Dry
379 62
378 63
377 64
376 65
376 66
376 67
375 67
river 1 Gallatin
240 139
240 138
239 139
239 138
239 137
239 136
240 135
240 134
241 133
241 132
242 131
243 130
244 129
244 128
244 127
244 126
244 125
245 124
246 123
246 122
247 122
247 121
248 120
248 119
249 118
249 117
249 116
249 115
248 115
249 114
249 113
249 112
248 113
248 112
247 113
247 112
246 112
river 1 Big Hole
198 127
197 127
198 126
197 126
198 125
198 124
199 123
199 122
200 122
200 121
201 121
201 120
201 119
202 119
203 118
204 117
205 116
206 115
207 115
208 114
209 113
210 113
211 113
212 113
212 114
213 114
213 115
213 116
214 115
214 116
215 116
216 116
216 117
217 117
217 118
216 119
217 119
217 120
216 121
217 121
216 122
216 123
215 123
215 124
214 125
215 125
214 126
215 126
216 126
216 127
217 127
218 126
219 126
219 125
220 125
221 124
222 123
223 123
river 1 Middle Fk.  Salmon
172 131
171 131
171 132
170 132
169 133
168 134
167 135
166 136
166 137
166 138
165 139
165 140
164 141
164 142
163 143
163 144
162 144
161 145
160 146
159 147
158 147
157 148
156 149
155 149
154 149
154 148
153 148
152 148
river 1 Big Wood
151 183
151 184
150 185
150 186
150 187
150 188
150 189
149 190
149 191
148 192
147 192
146 193
145 193
145 194
145 195
144 196
144 197
145 197
144 198
143 199
143 200
143 201
142 201
142 202
141 202
141 203
140 203
139 203
138 203
137 203
136 203
135 203
134 204
134 203
134 204
133 204
132 204
131 204
131 205
130 205
130 206
129 207
128 207
river 1 Big Lost
188 177
187 177
186 178
185 179
184 180
183 181
182 182
182 183
181 184
180 185
179 185
178 186
177 186
176 187
175 187
175 186
174 186
173 186
173 185
172 185
172 184
172 183
173 182
173 181
174 180
174 179
174 178
175 177
174 177
174 176
174 175
173 175
172 175
171 175
171 174
170 174
170 173
169 173
169 172
river 1 Bruneau
96 243
96 242
96 241
97 240
97 239
97 238
97 237
96 237
97 236
97 235
98 235
98 234
99 234
99 233
99 232
100 231
100 230
100 229
101 228
101 227
102 226
102 225
103 224
104 223
105 222
106 221
106 220
107 219
108 218
108 217
107 217
108 216
108 215
107 215
108 214
108 213
109 212
109 211
109 210
109 209
109 208
109 207
109 206
108 206
108 205
107 205
107 204
river 1 Reese
18 324
18 323
19 322
20 321
21 320
22 319
23 318
24 317
24 316
25 316
25 315
26 314
26 313
27 312
28 312
29 311
29 310
29 309
29 308
30 307
30 306
31 305
32 304
33 304
33 303
34 303
34 302
35 301
35 300
35 299
35 298
35 297
35 296
36 295
36 294
37 293
38 292
39 291
40 290
40 289
41 288
41 287
42 286
42 285
43 284
43 283
44 283
45 282
46 281
47 281
48 280
49 279
50 278
50 277
51 276
51 275
51 274
51 273
river 1 Fresno Slough
-81 397
-81 398
-81 399
-82 400
-81 400
-81 401
-81 402
-81 403
-81 404
-80 404
-80 405
-79 405
-79 406
-78 406
-79 407
-78 407
-79 408
-78 408
-78 409
-78 410
-77 409
river 1 Kings
-77 409
-77 410
-76 409
-75 409
-74 409
-73 408
-72 408
-71 408
-70 408
-69 407
-68 406
-67 405
-66 404
-66 403
-65 402
-65 401
-66 401
-65 400
-64 399
-63 398
-62 398
-62 397
-61 397
-60 396
-59 396
-58 395
-57 394
-56 394
-55 394
-54 394
-53 393
river 1 Merced
-51 368
-52 368
-53 368
-54 369
-55 369
-56 370
-56 369
-57 370
-58 370
-58 369
-59 370
-59 371
-60 371
-61 372
-61 371
-62 371
-63 372
-63 371
-64 371
-64 370
-65 370
-66 370
-66 371
-67 372
-67 373
-68 374
-69 374
-70 375
-70 374
-71 374
-72 375
-73 375
-73 376
-74 376
-75 376
-76 376
-77 377
-78 377
-79 378
-80 378
-81 378
-82 379
-83 379
-84 379
river 1 S.  Fk.  American
-51 335
-52 335
-53 335
-54 335
-55 335
-55 334
-56 334
-57 335
-58 335
-59 335
-60 335
-60 334
-61 334
-62 334
-63 334
-63 335
-64 335
-65 335
-66 336
-67 337
-67 336
river 1 North Fork Feather
-43 291
-44 292
-44 293
-45 294
-46 294
-47 295
-48 295
-49 296
-50 297
-51 298
-52 299
-53 300
-54 300
-54 301
-55 301
-55 302
-56 302
-56 303
-57 303
-57 304
-58 304
-58 305
river 1 Quinn
20 260
21 260
22 259
22 258
23 258
23 257
24 256
25 255
26 254
27 254
27 253
28 253
29 252
30 251
31 250
32 249
33 248
34 247
34 248
34 249
34 250
35 250
34 251
35 251
36 250
37 250
38 250
39 249
39 250
39 251
39 252
39 253
40 252
40 253
41 252
41 251
42 251
42 250
43 249
44 248
45 247
46 246
46 245
47 244
48 243
49 242
50 242
50 241
51 240
52 239
52 238
53 238
53 237
54 236
55 236
56 235
56 236
57 235
58 235
river 1 Malheur
70 180
70 181
70 182
70 183
river 1 Malheur
70 184
70 185
70 186
71 185
72 185
73 184
73 183
74 182
74 181
75 180
76 179
77 178
78 178
79 178
80 178
81 178
81 179
82 179
83 179
84 178
85 177
86 177
86 176
87 176
88 175
88 176
89 175
90 174
91 173
92 173
93 173
93 174
94 174
95 174
95 173
96 173
96 172
97 172
98 172
99 171
99 172
100 171
101 171
102 170
103 170
river 1 Grande Ronde
135 106
134 107
133 107
133 108
132 108
131 108
130 108
129 108
128 108
127 108
126 109
125 109
124 110
123 111
122 112
121 112
120 113
119 113
118 113
117 114
117 113
116 113
115 114
114 115
114 116
113 117
112 118
111 118
110 119
109 120
108 121
108 122
107 122
107 123
106 124
106 125
105 126
104 127
105 127
104 128
105 128
105 129
105 130
104 130
104 131
103 131
103 130
102 130
101 130
river 1 Lower Crab
85 83
86 83
87 83
88 83
89 83
90 82
90 83
91 82
91 83
92 83
93 83
94 83
94 84
95 84
96 84
97 83
98 82
99 81
100 80
101 79
101 78
river 1 Crab
100 77
100 76
101 76
101 75
102 75
102 74
103 74
104 73
104 72
104 71
104 70
104 69
104 68
104 67
105 66
106 65
107 64
107 65
108 64
108 65
109 64
109 65
110 65
111 65
river 1 Crab
111 65
112 65
112 66
113 65
114 65
114 66
114 67
115 67
116 67
116 68
117 67
117 68
118 68
119 68
120 68
121 68
122 68
122 69
123 68
124 68
124 69
125 69
126 69
127 69
river 1 Saint Joe
163 57
163 56
162 56
161 56
160 56
159 56
158 57
157 57
156 57
155 57
154 57
154 56
153 57
152 57
151 57
150 57
149 57
149 56
149 55
149 54
149 53
148 53
148 52
148 51
148 50
147 51
146 52
145 52
144 53
144 52
143 52
142 52
141 52
140 53
139 53
138 53
138 52
139 51
138 51
138 50
138 49
137 49
136 49
135 50
134 50
river 1 Saint Joe
181 71
180 71
179 71
178 71
178 70
177 70
176 70
175 70
174 70
173 70
172 70
171 70
170 70
169 70
169 69
168 70
168 69
168 68
167 68
166 68
165 68
164 68
163 68
162 68
161 68
161 67
160 67
160 66
159 66
river 1 Cowlitz
11 106
12 105
12 104
13 103
14 102
14 101
14 100
15 99
14 99
15 98
15 97
16 97
17 96
18 96
18 95
19 95
20 95
21 94
22 94
23 94
24 93
24 94
25 93
26 92
27 92
27 93
28 92
28 93
29 93
29 94
30 94
30 95
31 95
32 94
32 95
33 95
34 95
34 94
35 94
36 94
37 93
38 93
39 93
river 1 White
54 73
53 73
52 73
51 73
50 73
49 74
49 73
48 74
48 73
47 73
46 73
46 72
45 72
45 71
45 70
45 69
44 70
43 70
43 71
42 72
41 72
41 71
40 71
40 70
river 1 Two Medicine
286 36
285 36
284 36
283 36
282 36
282 35
281 36
281 35
280 35
279 35
278 35
278 34
277 34
276 34
276 33
275 34
275 33
274 33
273 33
272 33
272 32
271 32
271 31
270 32
271 32
270 33
269 33
268 33
268 32
267 32
266 32
265 33
265 32
264 32
263 32
264 31
263 31
262 31
261 32
260 32
259 32
258 32
258 33
257 33
256 34
255 34
river 1 Marias
299 49
298 49
298 48
297 49
297 48
297 47
296 47
296 46
296 45
297 44
298 43
299 42
300 41
300 40
300 39
299 39
298 39
297 40
297 39
296 40
296 39
296 38
295 39
295 38
294 39
294 38
293 39
293 38
292 39
292 38
292 37
291 37
river 1 Big Muddy Cr.
428 21
428 22
429 22
430 22
431 22
431 23
432 23
433 22
434 22
434 23
435 23
435 24
436 24
435 25
434 26
435 26
435 27
434 28
433 29
432 30
431 31
430 32
430 33
429 34
428 35
427 36
426 37
425 38
424 38
423 39
423 40
424 40
423 41
424 41
424 42
424 43
river 1 Moose Mountain
496 0
496 1
496 2
495 2
494 3
493 4
493 5
492 6
491 7
491 8
491 9
river 1 Long
473 12
472 13
471 14
472 14
471 15
470 15
469 16
468 16
467 17
467 16
466 17
465 17
465 16
464 16
464 15
463 15
462 15
462 14
461 14
461 13
460 13
460 12
460 11
459 11
458 11
458 10
457 10
456 10
456 9
456 8
455 8
455 7
456 6
455 6
river 1 Frenchman
356 0
357 0
358 0
359 0
360 0
360 1
359 2
360 2
360 3
361 3
362 3
362 4
362 5
363 5
364 5
365 5
366 5
367 5
368 4
369 3
368 3
369 2
369 3
370 2
371 2
371 3
372 2
372 3
373 3
374 3
374 4
375 4
376 4
376 5
375 6
376 6
376 7
377 7
377 8
376 9
377 9
376 10
376 11
377 10
378 10
378 11
379 11
380 11
380 12
381 12
381 13
381 14
381 15
382 15
381 16
380 17
380 18
380 19
380 20
380 21
379 22
379 23
379 24
379 25
378 25
377 26
376 27
377 27
376 28
376 29
375 30
374 31
river 1 
309 4
309 3
308 3
307 3
307 2
306 2
305 2
304 2
303 3
302 3
301 4
301 3
300 4
300 3
299 3
298 4
297 4
296 4
295 4
294 4
293 4
292 4
291 4
292 3
292 2
291 2
290 2
289 2
289 1
288 1
287 1
286 1
286 0
285 0
284 0
river 1 
280 0
280 1
280 2
281 2
280 3
279 3
278 3
277 3
277 4
276 4
275 4
275 3
274 4
274 3
273 3
272 4
271 5
270 5
270 6
270 5
271 4
271 3
272 3
273 2
274 1
275 0
river 1 S.  Fk.  Flathead
234 45
234 46
235 46
235 47
235 48
235 49
235 50
235 51
236 51
236 52
235 53
235 54
235 55
235 56
235 57
234 58
234 59
river 1 S.  Fk.  Flathead
232 36
231 36
232 35
231 35
232 34
231 34
river 1 Elk
219 11
220 10
221 10
222 9
223 8
223 7
224 6
225 6
226 5
227 4
227 3
227 2
227 1
227 0
228 0
river 1 Similkameen
110 7
110 6
111 5
111 4
112 3
113 2
114 1
115 1
116 1
116 2
117 1
117 2
118 2
118 3
119 3
119 4
120 4
120 5
121 5
121 6
121 7
121 8
121 9
122 9
123 9
123 10
124 9
124 10
125 10
124 11
125 11
124 12
124 13
124 14
124 15
123 16
123 17
124 17
125 16
126 16
127 16
127 17
128 17
127 18
128 18
river 1 Kettle
150 0
149 0
149 1
148 1
148 2
147 3
146 4
146 5
145 6
144 7
145 7
144 7
144 8
143 8
143 9
142 9
142 10
141 10
141 11
140 12
139 13
139 14
140 14
141 14
141 15
142 15
142 16
143 16
142 17
142 18
142 19
143 19
144 19
145 19
146 18
147 17
148 16
149 15
150 15
151 15
152 15
153 15
153 16
154 15
155 15
154 16
154 17
153 18
153 19
152 20
152 21
153 21
152 22
153 22
152 23
152 24
152 25
river 1 Muddy
38 408
39 407
38 407
39 406
38 406
river 1 Virgin
41 403
41 404
40 405
40 406
39 407
38 408
38 409
37 410
36 411
35 412
35 413
34 414
34 415
33 416
32 417
river 1 Big Dry
383 48
383 49
383 50
383 51
383 52
383 53
383 54
383 55
383 56
383 57
383 58
382 58
382 59
381 60
381 61
380 61
379 62
river 1 Kettle
152 25
151 26
151 27
river 1 Sweetwater
289 218
288 219
288 220
river 1 North Fork Feather
-58 305
-57 305
-57 306
-58 306
-59 306
-60 307
-60 308
-60 309
-60 310
river 1 Gunnison
223 344
222 344
221 344
220 345
219 345
219 344
218 345
218 344
217 345
217 344
216 345
river 1 Malheur
70 183
70 184
river 1 Crab
100 77
100 78
101 78
river 1 Saint Joe
163 57
163 58
162 59
161 60
161 61
160 62
159 63
159 64
159 65
160 65
river 1 Marias
291 37
291 36
290 36
289 36
288 36
287 36
286 36
river 1 S.  Fk.  Flathead
234 45
234 44
234 43
234 42
233 42
234 41
234 40
234 39
233 39
234 38
233 38
233 37
232 37
232 36
river 0 Klickitat
48 95
49 95
49 96
50 96
51 96
51 97
51 98
50 99
river 0 Klickitat
50 99
49 99
49 100
48 101
48 102
47 103
46 104
46 105
45 106
46 106
45 107
45 108
46 108
47 108
46 109
47 109
46 110
47 110
46 111
46 112
45 113
46 113
45 114
46 114
45 115
45 114
44 115
43 115
42 116
41 117
40 118
39 118
river 0 Nehalem
-15 119
-14 119
-13 119
-12 118
-13 118
-12 118
-11 117
-11 118
-10 117
-9 117
-9 116
-8 115
-7 114
-6 114
-6 113
-5 113
-4 112
-3 111
-2 111
-1 110
0 110
1 109
2 109
river 0 Nehalem
2 109
2 110
3 110
4 110
3 111
4 111
3 112
3 113
2 113
2 114
1 114
river 0 Clackamas
6 129
7 129
7 128
8 128
9 128
9 129
10 128
10 129
11 129
10 130
10 131
11 131
10 132
11 132
11 133
11 134
12 134
12 135
13 135
13 136
13 137
13 138
13 139
12 139
12 140
13 139
13 140
14 140
15 140
river 0 Clackamas
15 140
15 141
15 142
14 143
14 144
13 145
river 0 Hardy
-45 536
-46 537
-46 538
-47 539
-46 539
-47 540
-46 540
-47 541
-48 542
-48 543
-47 543
river 0 Tutuaca
40 654
41 654
41 655
42 655
42 656
43 656
42 657
43 657
43 658
42 659
41 660
41 661
river 0 
65 577
66 576
67 575
68 574
69 573
69 572
70 571
70 570
70 569
69 569
68 569
67 569
river 0 
51 582
50 583
50 584
49 585
48 586
48 587
47 588
47 589
46 589
46 590
45 591
44 592
44 593
45 593
river 0 Sonora
40 585
39 586
40 586
39 587
39 588
39 589
39 590
38 591
37 592
36 593
36 594
river 0 
-12 621
-13 622
-14 623
-14 624
-15 624
-15 625
-16 625
-16 626
-17 627
-17 628
-18 629
river 0 Sásabe
20 564
20 565
19 565
18 566
17 567
16 568
15 569
14 569
13 570
12 571
11 572
10 573
river 0 San Andrés
-68 633
-68 634
-68 635
-68 636
-69 637
-69 638
-70 639
-71 640
river 0 Bocana
-73 617
-74 617
-75 618
-76 618
-77 618
-78 619
-79 619
river 0 San Rafael
-69 577
-70 577
-70 576
-70 575
-71 575
-71 574
-72 574
river 0 Maravillas
167 607
168 607
167 608
168 608
167 609
167 610
167 611
166 612
167 612
166 613
166 614
167 614
166 615
167 615
river 0 Rita Blanca
276 410
277 410
276 411
277 411
277 412
278 412
278 413
277 414
278 414
278 415
river 0 Punta de Agua
267 424
267 423
266 423
266 422
266 421
266 420
265 420
265 419
264 419
river 0 Puerco
174 439
173 439
174 438
175 437
175 436
174 436
175 435
174 435
175 434
174 434
174 433
173 433
173 432
172 433
172 432
171 433
171 432
171 433
170 433
169 434
168 434
river 0 San Simon
80 536
81 536
81 537
80 538
81 538
80 539
81 539
80 540
81 540
81 541
81 542
81 543
81 544
river 0 Hassayampa
46 470
45 471
44 472
43 473
43 474
42 475
42 476
42 477
41 478
41 479
40 480
39 481
39 480
38 481
37 482
36 482
36 483
35 483
34 483
34 484
34 485
river 0 Santa Maria
22 475
23 474
23 475
24 475
25 475
26 475
26 474
27 474
28 474
28 473
29 473
30 473
31 472
31 471
32 470
33 470
34 469
35 469
36 468
37 467
river 0 Big Sandy
43 447
43 448
42 449
41 449
40 450
39 451
38 451
37 452
36 453
35 453
34 453
33 453
32 454
32 453
31 454
30 455
river 0 Little Colorado
112 469
111 470
110 471
110 472
110 473
109 474
109 475
109 476
109 477
109 478
108 479
108 480
107 480
107 481
106 481
105 481
104 482
103 482
103 483
river 0 Rio Chama
200 403
199 404
199 405
198 406
198 407
198 408
197 409
197 410
197 411
198 411
198 412
199 412
198 413
199 413
200 413
river 0 Chinle Wash
138 406
138 407
138 408
137 408
137 409
136 410
136 411
135 412
136 412
135 413
135 414
134 415
134 416
133 417
river 0 Fremont
129 340
129 341
129 342
129 343
128 344
127 345
126 346
126 347
125 348
126 348
river 0 San Pitch
153 304
152 304
151 304
151 305
150 306
150 307
149 307
149 308
148 309
148 310
147 310
146 311
145 312
river 0 Duchesne
175 283
174 283
175 282
175 281
175 280
175 279
175 278
176 277
177 276
178 275
river 0 Lance
352 195
351 195
350 196
350 195
349 195
349 194
348 195
347 196
346 196
345 197
345 196
344 197
343 197
342 198
341 198
340 198
339 198
river 0 Beaver
362 167
361 168
361 169
361 170
361 171
361 172
361 173
361 174
361 175
360 176
361 176
361 177
361 178
361 179
361 180
river 0 North Fk.  of the Grand
428 112
427 112
426 112
426 111
425 111
424 111
423 111
422 111
421 111
421 110
420 111
420 110
419 110
418 110
river 0 Cedar Creek
425 96
426 96
426 97
427 97
427 98
428 98
428 99
429 99
429 100
429 101
430 101
431 101
432 101
432 102
433 102
434 102
river 0 Cannonball
438 95
438 94
437 95
437 94
437 93
436 94
436 93
435 93
435 92
434 92
434 91
433 91
432 92
431 92
430 92
429 93
428 94
427 95
427 94
426 94
425 94
river 0 Middle Fk.  Powder
308 183
307 183
306 183
306 184
305 184
304 185
303 185
303 184
302 185
river 0 North Fork Powder
310 168
309 169
308 170
308 171
309 171
309 172
310 172
310 173
310 174
310 175
311 175
310 176
311 176
river 0 Pahsimeroi
172 169
172 168
173 167
172 167
173 166
174 165
174 164
175 164
175 163
176 162
176 161
177 160
176 160
river 0 Tijuana
-61 541
-62 542
-62 541
-63 541
-63 540
-64 540
-65 540
-66 540
-65 539
-66 539
-65 538
-65 537
-65 536
-66 537
-66 536
-67 536
-68 537
-69 537
river 0 Kern
-43 401
-43 402
-44 403
-44 404
-44 405
-45 406
-46 407
-46 408
-47 409
-47 410
-48 411
-48 412
river 0 Mokelumne
-43 343
-42 342
-43 342
-44 342
-45 342
-45 341
-46 341
-47 342
-48 343
-49 343
-50 344
-50 343
-51 344
-51 343
-52 344
-53 344
river 0 North Yuba
-43 310
-44 310
-45 310
-46 310
-47 311
-47 310
-48 311
-49 311
-50 311
-51 312
-52 312
-53 312
river 0 North Fork Eel
-91 294
-91 293
-91 292
-91 291
-91 290
-91 289
river 0 North Fork Sprague
1 214
0 215
-1 215
-1 216
-2 216
-2 217
river 0 Sycan
0 213
-1 213
-1 212
-2 212
-1 211
-1 210
-2 210
-2 209
-3 210
-4 210
river 0 Williamson
-17 208
-16 208
-15 208
-14 207
-13 206
-12 205
-11 204
-11 205
river 0 Bitterroot
196 101
195 102
195 103
194 104
194 105
193 106
193 107
192 108
192 109
192 110
191 111
river 0 Lochsa
189 93
188 94
188 93
187 94
187 93
186 94
186 93
185 94
184 94
183 95
182 95
181 95
180 95
179 96
river 0 Clearwater
161 115
160 115
160 114
159 115
158 115
157 115
156 116
156 115
155 116
155 115
154 115
153 115
river 0 South Santium
-5 157
-4 157
-3 156
-2 155
-2 156
-1 155
-1 156
0 155
0 156
1 155
1 156
2 156
3 155
4 155
5 155
river 0 Pine
150 76
149 76
149 75
148 75
147 76
147 75
148 74
147 74
147 73
147 72
147 71
146 71
145 71
144 71
144 70
143 70
143 71
142 71
141 72
140 72
140 71
river 0 Palouse
159 78
158 78
157 78
156 79
155 79
154 79
154 80
153 80
152 80
151 80
150 80
149 80
148 80
river 0 Skykomish
65 53
66 53
67 53
67 54
67 55
68 55
68 56
69 56
70 56
71 56
72 56
73 56
74 56
river 0 Snoqualmie
56 62
57 62
56 63
57 63
56 64
57 63
58 63
59 63
60 62
61 62
61 63
61 64
62 64
62 65
river 0 Quinault
28 56
27 57
27 56
26 57
25 58
24 58
23 59
22 59
21 60
20 60
19 61
18 61
river 0 Hoh
23 53
24 52
23 52
24 51
23 51
22 51
21 51
20 51
19 51
18 51
17 52
16 52
river 0 Cut Bank Creek
264 26
265 26
266 26
267 25
268 25
269 25
270 25
270 26
271 26
271 27
270 28
270 29
271 29
270 30
270 31
271 31
river 0 Poplar
413 16
413 15
412 15
411 15
411 14
410 14
410 13
410 12
409 12
410 11
409 11
river 0 Lodge
326 0
325 1
326 1
325 2
326 2
326 3
327 3
327 4
327 5
328 5
327 6
328 6
river 0 
270 6
269 7
269 8
268 8
267 9
266 10
266 11
river 0 St. Mary
253 18
254 17
255 17
256 16
257 15
258 15
258 14
259 14
259 13
260 13
260 12
261 11
river 0 Belly
244 20
244 19
245 19
245 18
246 18
247 18
247 17
248 17
248 16
249 15
249 14
250 13
250 12
251 11
252 10
river 0 Tutuaca
40 654
40 653
39 653
39 652
39 651
40 651
39 651
40 650
40 649
41 648
42 647
41 647
42 646
42 645
42 644
43 643
43 642
44 641
44 640
45 639
45 638
45 637
45 636
45 635
river 0 
67 569
66 570
65 571
64 572
63 572
62 573
river 0 
57 575
57 576
56 576
56 577
55 578
54 578
53 579
53 580
52 580
52 581
51 582
river 0 Sonora
36 594
35 595
34 596
33 597
32 598
31 598
30 599
29 600
28 601
27 602
27 603
26 604
25 605
25 606
25 607
24 608
24 609
23 610
23 611
22 612
22 613
21 614
21 615
21 616
20 617
21 617
20 618
21 618
20 619
20 620
20 621
19 622
19 623
18 624
17 624
16 625
15 625
14 626
13 626
12 627
12 626
11 627
10 627
10 628
9 628
8 629
7 630
6 630
5 631
4 632
3 633
2 633
1 634
0 634
-1 635
-2 635
-2 636
-3 636
-4 637
river 0 Bacoachi
-5 614
-5 615
-6 615
-7 616
-8 617
-7 617
-8 618
-8 619
-9 620
-9 621
-9 622
-10 623
-10 624
-11 624
-11 625
-12 626
-12 627
-13 628
-14 629
-15 629
-16 630
-17 631
-18 631
-18 632
-19 632
-20 633
-21 633
-22 634
-23 635
-24 636
-25 636
-26 636
-27 637
river 0 Sásabe
10 573
9 574
8 575
7 576
6 577
6 578
5 579
4 579
4 580
3 580
3 581
3 582
3 583
3 584
2 585
1 586
0 586
-1 586
-1 587
-2 587
-3 588
river 0 San Andrés
-71 640
-71 641
-72 642
-73 643
-74 644
-75 645
-76 646
-77 647
-78 648
-79 648
-80 649
-81 649
river 0 Bocana
-79 619
-80 620
-81 620
-81 621
-82 621
-83 622
-84 623
-85 624
-86 625
-86 626
-87 627
river 0 San Rafael
-72 574
-73 574
-74 574
-75 574
-76 574
-77 574
-78 574
-79 574
-80 575
-80 574
-81 575
-81 574
-82 575
-83 575
-84 575
-85 576
-86 577
-86 578
-87 579
river 0 Bear Lake Outlet
191 229
191 228
191 227
192 226
192 225
193 224
194 223
river 0 Maravillas
167 615
167 616
167 617
167 618
167 619
167 620
168 619
169 619
170 619
170 620
170 621
171 621
170 622
171 622
171 623
172 622
river 0 Punta de Agua
273 435
274 434
273 434
274 433
273 433
274 432
274 431
273 431
273 430
273 429
272 429
271 429
270 429
269 429
268 429
267 429
267 428
267 427
267 426
267 425
268 424
267 424
river 0 Puerco
163 472
163 471
163 470
164 469
163 469
164 468
164 467
165 467
165 466
165 465
166 464
166 463
167 462
167 461
167 460
166 460
166 459
167 458
167 457
167 456
168 455
169 454
170 454
171 453
171 452
171 451
172 450
173 449
172 449
173 448
173 447
173 446
174 445
174 444
174 443
174 442
174 441
174 440
174 439
river 0 San Simon
80 521
80 522
80 523
80 524
80 525
80 526
79 527
79 528
79 529
79 530
79 531
80 531
80 532
80 533
80 534
80 535
80 536
river 0 Hassayampa
34 485
34 486
34 487
33 488
33 489
32 490
32 491
31 492
31 493
30 493
30 494
29 495
28 496
28 497
27 498
26 499
26 500
25 501
25 502
24 503
25 503
24 504
25 504
24 505
river 0 Bill Williams
22 475
21 475
21 476
20 476
20 477
19 477
18 477
17 477
17 476
16 477
15 477
15 476
14 476
13 476
12 476
11 476
11 475
river 0 Big Sandy
30 455
30 456
29 456
29 457
28 458
29 458
28 459
28 460
27 461
27 462
27 463
26 464
27 464
26 465
25 466
25 467
24 468
23 469
23 470
23 471
23 472
23 473
23 474
22 475
river 0 Rio Chama
200 413
201 413
200 414
201 414
201 415
202 415
203 415
204 415
204 416
205 416
204 417
205 417
204 418
204 419
204 420
205 420
river 0 Chinle Wash
138 406
139 405
139 404
140 404
140 403
140 402
141 401
141 400
141 399
141 398
141 397
141 396
141 395
141 394
142 393
143 392
144 391
144 390
145 389
145 388
145 387
146 387
146 386
146 385
147 385
147 384
river 0 Dirty Devil
144 362
145 361
145 360
145 359
146 358
146 357
147 356
147 355
147 354
147 353
147 352
147 351
147 350
147 349
147 348
146 348
146 347
145 347
river 0 Muddy
145 347
145 346
145 345
145 344
144 344
144 343
143 343
143 342
142 342
142 341
143 340
143 339
143 338
144 337
143 337
142 337
142 336
142 335
141 335
142 334
141 334
river 0 Fremont
126 349
126 350
127 349
127 350
128 349
128 350
129 350
129 351
130 351
131 351
132 350
133 350
134 350
135 350
135 351
136 350
137 350
137 349
138 349
139 348
140 348
141 348
142 348
143 348
144 347
144 348
145 347
river 0 Strawberry
165 293
166 293
167 293
168 292
168 293
169 292
169 293
170 293
171 293
172 293
173 292
173 293
174 292
175 292
176 292
177 291
178 291
179 291
179 292
river 0 Lance
356 191
355 192
355 193
354 193
353 194
352 195
river 0 Beaver
361 180
362 180
361 181
361 182
361 183
362 183
362 184
362 185
362 186
363 186
363 187
363 188
364 188
363 189
river 0 Cedar Creek
434 102
434 103
435 102
435 103
436 103
436 104
437 104
437 105
438 104
438 105
439 105
439 106
440 106
439 107
440 107
440 108
441 108
442 107
442 108
443 108
444 108
445 108
446 108
447 107
448 107
449 107
449 108
450 108
451 108
451 109
452 109
453 108
453 109
454 109
455 108
456 108
457 107
457 108
458 107
river 0 Cannonball
460 103
459 104
459 103
458 103
457 103
457 102
457 101
456 101
455 101
455 100
454 100
454 99
455 98
454 98
453 98
452 99
451 99
451 98
450 99
450 98
449 98
448 99
448 98
447 98
446 98
445 99
445 98
444 98
443 98
442 98
442 97
441 97
440 97
440 96
439 96
439 95
438 95
river 0 Middle Fk.  Powder
314 182
315 181
314 181
313 181
312 181
311 181
311 182
310 182
309 183
308 183
river 0 North Fork Powder
311 176
311 177
311 178
311 179
312 179
313 179
314 178
314 179
314 180
314 181
river 0 Pahsimeroi
176 160
176 159
176 158
175 158
176 157
175 157
175 156
175 155
175 154
174 154
175 153
174 153
174 152
174 151
174 150
river 0 Payette
105 168
104 169
104 170
104 171
105 171
105 172
106 172
106 173
107 173
107 174
107 175
108 175
108 176
109 175
109 176
110 175
111 175
112 174
113 174
114 173
114 174
river 0 North Fork Payette
129 156
129 157
129 158
128 159
127 160
126 161
126 162
125 162
125 163
124 164
123 165
123 166
122 167
122 168
121 169
120 170
120 171
119 171
118 172
118 173
117 174
116 175
116 174
115 175
115 174
114 174
river 0 Tijuana
-69 537
-70 538
-71 538
-71 537
-72 538
-72 537
-73 537
-72 536
-73 536
-72 535
-73 535
-72 534
-73 534
-74 534
-75 535
-76 535
-76 534
-77 534
-77 533
-77 532
-77 531
-77 530
-78 531
-78 530
-78 529
-79 529
-80 529
river 0 Kern
-59 432
-60 433
-60 434
-61 434
-62 435
-63 435
-64 436
-65 436
-66 437
-67 437
-67 438
-68 438
-69 439
-70 439
-71 440
-71 439
-72 439
-73 439
-74 440
-75 440
-76 441
-77 441
river 0 Kern
-48 412
-48 413
-49 414
-48 414
-48 415
-49 415
-49 416
-50 417
-51 417
-52 418
-53 419
-53 420
-54 421
-54 422
-55 422
-55 423
-56 424
-56 425
-56 426
-57 427
-57 428
-57 429
-57 430
river 0 Mokelumne
-53 344
-54 345
-54 344
-55 345
-56 345
-56 344
-57 345
-58 345
-59 346
-60 346
-61 347
-62 348
-63 349
-64 349
-65 349
-66 350
-67 350
-68 351
-69 352
-70 352
-71 352
-72 352
-73 352
-74 353
-75 353
-76 354
-77 354
-78 355
-78 354
-79 354
-80 354
-79 353
-80 353
-80 352
-81 352
-80 351
-81 351
-82 352
-83 353
-84 354
-85 355
-86 356
river 0 North Yuba
-53 312
-53 311
-54 312
-54 311
-55 312
-55 313
-56 313
-56 314
-57 315
-57 316
-57 317
-58 317
-59 318
-60 319
-61 319
-61 320
-62 321
-63 321
-64 321
-65 321
-66 322
-66 321
-67 322
-68 322
-69 323
-70 324
river 0 North Fork Eel
-96 298
-95 298
-95 299
-94 299
-94 298
-93 297
-92 297
-91 296
-91 295
-91 294
river 0 North Fork Sprague
-3 217
-4 218
-5 219
-6 219
-7 220
-7 219
-8 220
-9 220
river 0 Sycan
-4 210
-5 211
-5 212
-6 212
-7 213
-8 213
-9 213
-10 214
-11 215
-11 216
-11 217
-11 218
-11 219
river 0 Williamson
-23 217
-22 216
-21 215
-22 215
-21 214
-20 213
-19 212
-19 211
-18 210
-17 209
river 0 Bitterroot
207 81
207 82
206 83
207 83
206 84
205 85
206 85
205 86
206 86
205 87
205 88
204 89
204 90
203 91
202 92
201 93
200 94
201 94
200 94
200 95
199 96
199 97
198 98
197 99
197 100
196 101
river 0 Middle Fk.  Clearwater
156 105
157 105
158 105
159 105
160 105
160 106
161 105
162 105
163 105
164 105
river 0 Clearwater
153 115
153 114
152 115
152 114
151 115
151 114
151 113
152 112
153 111
154 110
154 109
155 108
155 107
156 106
156 105
156 104
156 103
157 102
156 102
156 101
155 101
156 100
155 100
156 99
155 99
156 98
155 98
156 97
river 0 
51 193
50 193
49 193
49 194
48 194
47 195
river 0 Santium
-13 148
-13 149
-13 150
river 0 South Santium
-13 150
-13 151
-12 151
-12 152
-12 153
-12 154
-13 155
-12 155
-12 156
-12 157
-11 157
-12 158
-12 159
-11 159
-10 158
-10 159
-9 158
-8 158
-7 158
-6 157
-5 157
river 0 North Santium
4 149
3 149
3 148
2 148
1 148
0 148
-1 148
-2 148
-2 147
-3 148
-3 147
-4 147
-5 148
-5 147
-6 147
-7 147
-8 148
-9 148
-10 149
-10 148
-11 149
-12 150
-13 150
river 0 Rock Creek
139 71
138 72
137 72
136 73
135 74
134 75
133 75
132 76
132 75
131 76
131 75
130 76
129 76
129 77
129 78
128 79
129 79
128 80
128 81
river 0 Palouse
148 80
147 80
146 80
146 79
145 80
145 79
144 79
143 79
142 80
141 80
140 81
139 81
138 81
139 80
138 80
138 79
137 80
137 79
137 78
136 79
136 78
135 78
134 79
134 78
133 79
132 79
132 78
131 79
130 80
129 80
128 81
127 81
127 82
126 82
125 83
124 84
124 85
123 85
122 85
121 86
120 86
119 86
118 87
118 88
117 89
117 90
river 0 Skykomish
56 53
57 52
58 52
59 51
59 52
60 51
60 52
61 52
62 51
62 52
63 51
63 52
64 51
64 52
65 52
river 0 Snoqualmie
56 53
57 53
57 54
56 55
55 56
55 57
56 57
56 58
55 59
55 60
56 60
55 61
56 61
56 62
river 0 Snohomish
55 47
56 47
55 48
55 49
56 49
56 50
56 51
56 52
river 0 Quinault
18 61
17 62
17 61
16 62
16 61
15 62
14 63
13 63
12 64
11 64
10 65
9 65
8 66
7 66
6 67
6 66
5 67
4 67
3 68
3 67
river 0 Hoh
16 52
15 53
14 53
13 53
12 53
12 52
11 53
10 53
9 53
9 54
8 54
7 55
6 55
5 55
river 0 Girard
417 21
418 20
419 20
419 19
419 18
420 17
420 16
421 15
421 14
420 14
420 13
419 13
419 12
418 12
418 11
417 11
417 10
416 10
416 9
415 9
river 0 Poplar
411 44
412 43
412 42
413 42
413 41
414 40
415 40
415 39
416 39
416 38
417 37
416 37
417 36
416 36
416 35
416 34
415 34
415 33
415 32
414 32
414 31
414 30
415 29
415 28
416 27
415 27
415 26
416 25
416 24
416 23
416 22
417 21
417 20
417 19
417 18
416 18
415 18
415 17
414 17
415 16
414 16
413 16
river 0 Lodge
328 7
329 7
329 8
328 9
329 9
329 10
330 10
329 11
330 11
330 12
330 13
330 14
330 15
331 15
331 16
331 17
332 17
332 18
331 19
332 19
332 20
332 21
333 21
333 22
334 22
334 23
334 24
335 24
335 25
335 26
335 27
335 28
river 0 St. Mary
271 0
270 1
269 2
268 3
269 3
268 4
267 4
266 4
265 4
river 0 St. Mary
262 10
261 10
261 9
261 8
262 7
262 6
river 0 Belly
252 10
253 9
254 8
255 7
256 7
256 6
256 5
257 5
258 5
259 4
260 4
261 3
262 3
263 2
263 1
264 1
264 0
265 0
river 0 Priest
174 31
173 32
173 33
172 34
173 34
173 35
172 36
172 37
171 37
171 38
171 39
170 39
170 40
169 40
169 41
river 0 
63 8
63 9
river 0 Stave
72 8
71 9
70 9
70 10
69 10
river 0 Chilko
21 8
20 8
20 7
20 6
20 5
19 5
18 5
17 5
river 0 San Juan
19 29
20 29
21 29
22 28
22 29
23 28
23 29
24 28
24 29
25 28
25 29
26 28
26 29
27 28
27 29
28 28
29 28
river 0 Kern
-57 430
-58 431
-59 432
river 0 St. Mary
262 6
263 6
264 5
265 5
265 4
